<?xml version="1.0" encoding="UTF-8"?><PublicationDelivery xmlns="http://www.netex.org.uk/netex" xmlns:gis="http://www.opengis.net/gml/3.2" xmlns:ns2="http://www.opengis.net/gml/3.2" xmlns:ns3="http://www.siri.org.uk/siri" xmlns:xsi="http://www.w3.org/2001/XMLSchema-instance" version="1" xsi:schemaLocation="">
  <PublicationTimestamp>2022-05-07T04:00:00.271</PublicationTimestamp>
  <ParticipantRef>VTR</ParticipantRef>
  <Description>1</Description>
  <dataObjects>
    <CompositeFrame created="2022-05-07T04:00:00.271" version="1" id="VTR:CompositeFrame:1388">
      <validityConditions>
        <AvailabilityCondition version="1" id="VTR:AvailabilityCondition:1388">
          <FromDate>2015-07-22T15:35:27</FromDate>
          <ToDate>2027-12-30T00:00:00</ToDate>
        </AvailabilityCondition>
      </validityConditions>
      <codespaces>
        <Codespace id="vtr">
          <Xmlns>VTR</Xmlns>
          <XmlnsUrl>http://www.visimarsrutai.lt/</XmlnsUrl>
        </Codespace>
      </codespaces>
      <FrameDefaults>
        <DefaultLocale>
          <TimeZone>Europe/Vilnius</TimeZone>
        </DefaultLocale>
        <DefaultLocationSystem>WGS84</DefaultLocationSystem>
      </FrameDefaults>
      <frames>
        <ServiceCalendarFrame version="1" id="VTR:ServiceCalendarFrame:1388">
          <dayTypes>
            <DayType id="VTR:DayType:749" version="1">
              <properties>
                <PropertyOfDay>
                  <DaysOfWeek>Monday Tuesday Wednesday Thursday</DaysOfWeek>
                </PropertyOfDay>
              </properties>
            </DayType>
          </dayTypes>
          <operatingPeriods>
            <OperatingPeriod version="1" id="VTR:OperatingPeriod:749">
              <FromDate>2015-07-01T00:00:00</FromDate>
              <ToDate>2020-12-31T00:00:00</ToDate>
            </OperatingPeriod>
          </operatingPeriods>
          <dayTypeAssignments>
            <DayTypeAssignment id="VTR:DayTypeAssignment:749_0" version="1" order="883">
              <OperatingPeriodRef ref="VTR:OperatingPeriod:749" version="1"/>
              <DayTypeRef ref="VTR:DayType:749" version="1"/>
            </DayTypeAssignment>
          </dayTypeAssignments>
        </ServiceCalendarFrame>
        <ServiceFrame id="VTR:ServiceFrame:1388" version="1">
          <Network version="0" id="VTR:Network:9"/>
          <routePoints>
            <RoutePoint version="1" id="VTR:RoutePoint:53129">
              <projections>
                <PointProjection version="1" id="VTR:PointProjection:16738">
                  <ProjectedPointRef ref="VTR:ScheduledStopPoint:53129" version="1"/>
                </PointProjection>
              </projections>
            </RoutePoint>
            <RoutePoint version="1" id="VTR:RoutePoint:53130">
              <projections>
                <PointProjection version="1" id="VTR:PointProjection:16739">
                  <ProjectedPointRef ref="VTR:ScheduledStopPoint:53130" version="1"/>
                </PointProjection>
              </projections>
            </RoutePoint>
            <RoutePoint version="1" id="VTR:RoutePoint:53132">
              <projections>
                <PointProjection version="1" id="VTR:PointProjection:16741">
                  <ProjectedPointRef ref="VTR:ScheduledStopPoint:53132" version="1"/>
                </PointProjection>
              </projections>
            </RoutePoint>
            <RoutePoint version="1" id="VTR:RoutePoint:53133">
              <projections>
                <PointProjection version="1" id="VTR:PointProjection:16742">
                  <ProjectedPointRef ref="VTR:ScheduledStopPoint:53133" version="1"/>
                </PointProjection>
              </projections>
            </RoutePoint>
            <RoutePoint version="1" id="VTR:RoutePoint:53134">
              <projections>
                <PointProjection version="1" id="VTR:PointProjection:16743">
                  <ProjectedPointRef ref="VTR:ScheduledStopPoint:53134" version="1"/>
                </PointProjection>
              </projections>
            </RoutePoint>
            <RoutePoint version="1" id="VTR:RoutePoint:53135">
              <projections>
                <PointProjection version="1" id="VTR:PointProjection:16744">
                  <ProjectedPointRef ref="VTR:ScheduledStopPoint:53135" version="1"/>
                </PointProjection>
              </projections>
            </RoutePoint>
            <RoutePoint version="1" id="VTR:RoutePoint:53256">
              <projections>
                <PointProjection version="1" id="VTR:PointProjection:16782">
                  <ProjectedPointRef ref="VTR:ScheduledStopPoint:53256" version="1"/>
                </PointProjection>
              </projections>
            </RoutePoint>
            <RoutePoint version="1" id="VTR:RoutePoint:54124">
              <projections>
                <PointProjection version="1" id="VTR:PointProjection:17030">
                  <ProjectedPointRef ref="VTR:ScheduledStopPoint:54124" version="1"/>
                </PointProjection>
              </projections>
            </RoutePoint>
            <RoutePoint version="1" id="VTR:RoutePoint:54125">
              <projections>
                <PointProjection version="1" id="VTR:PointProjection:17031">
                  <ProjectedPointRef ref="VTR:ScheduledStopPoint:54125" version="1"/>
                </PointProjection>
              </projections>
            </RoutePoint>
            <RoutePoint version="1" id="VTR:RoutePoint:54127">
              <projections>
                <PointProjection version="1" id="VTR:PointProjection:17033">
                  <ProjectedPointRef ref="VTR:ScheduledStopPoint:54127" version="1"/>
                </PointProjection>
              </projections>
            </RoutePoint>
            <RoutePoint version="1" id="VTR:RoutePoint:54128">
              <projections>
                <PointProjection version="1" id="VTR:PointProjection:17034">
                  <ProjectedPointRef ref="VTR:ScheduledStopPoint:54128" version="1"/>
                </PointProjection>
              </projections>
            </RoutePoint>
            <RoutePoint version="1" id="VTR:RoutePoint:54129">
              <projections>
                <PointProjection version="1" id="VTR:PointProjection:17035">
                  <ProjectedPointRef ref="VTR:ScheduledStopPoint:54129" version="1"/>
                </PointProjection>
              </projections>
            </RoutePoint>
            <RoutePoint version="1" id="VTR:RoutePoint:54130">
              <projections>
                <PointProjection version="1" id="VTR:PointProjection:17036">
                  <ProjectedPointRef ref="VTR:ScheduledStopPoint:54130" version="1"/>
                </PointProjection>
              </projections>
            </RoutePoint>
            <RoutePoint version="1" id="VTR:RoutePoint:54142">
              <projections>
                <PointProjection version="1" id="VTR:PointProjection:17047">
                  <ProjectedPointRef ref="VTR:ScheduledStopPoint:54142" version="1"/>
                </PointProjection>
              </projections>
            </RoutePoint>
          </routePoints>
          <routes>
            <Route version="1" id="VTR:Route:3299">
              <Name>Purvėnai - Molėtai</Name>
              <ShortName>Purvėnai - Molėtai</ShortName>
              <LineRef ref="VTR:Line:1312" version="1293"/>
              <DirectionType>inbound</DirectionType>
              <pointsInSequence>
                <PointOnRoute version="1" id="VTR:PointOnRoute:54130" order="1">
                  <RoutePointRef ref="VTR:RoutePoint:54130"/>
                </PointOnRoute>
                <PointOnRoute version="1" id="VTR:PointOnRoute:54129" order="2">
                  <RoutePointRef ref="VTR:RoutePoint:54129"/>
                </PointOnRoute>
                <PointOnRoute version="1" id="VTR:PointOnRoute:54128" order="3">
                  <RoutePointRef ref="VTR:RoutePoint:54128"/>
                </PointOnRoute>
                <PointOnRoute version="1" id="VTR:PointOnRoute:54127" order="4">
                  <RoutePointRef ref="VTR:RoutePoint:54127"/>
                </PointOnRoute>
                <PointOnRoute version="1" id="VTR:PointOnRoute:54142" order="5">
                  <RoutePointRef ref="VTR:RoutePoint:54142"/>
                </PointOnRoute>
                <PointOnRoute version="1" id="VTR:PointOnRoute:54125" order="6">
                  <RoutePointRef ref="VTR:RoutePoint:54125"/>
                </PointOnRoute>
                <PointOnRoute version="1" id="VTR:PointOnRoute:54124" order="7">
                  <RoutePointRef ref="VTR:RoutePoint:54124"/>
                </PointOnRoute>
              </pointsInSequence>
            </Route>
            <Route version="1" id="VTR:Route:3220">
              <Name>Molėtai - Purvėnai</Name>
              <ShortName>Molėtai - Purvėnai</ShortName>
              <LineRef ref="VTR:Line:1312" version="1293"/>
              <DirectionType>outbound</DirectionType>
              <pointsInSequence>
                <PointOnRoute version="1" id="VTR:PointOnRoute:53129" order="1">
                  <RoutePointRef ref="VTR:RoutePoint:53129"/>
                </PointOnRoute>
                <PointOnRoute version="1" id="VTR:PointOnRoute:53130" order="2">
                  <RoutePointRef ref="VTR:RoutePoint:53130"/>
                </PointOnRoute>
                <PointOnRoute version="1" id="VTR:PointOnRoute:53256" order="3">
                  <RoutePointRef ref="VTR:RoutePoint:53256"/>
                </PointOnRoute>
                <PointOnRoute version="1" id="VTR:PointOnRoute:53132" order="4">
                  <RoutePointRef ref="VTR:RoutePoint:53132"/>
                </PointOnRoute>
                <PointOnRoute version="1" id="VTR:PointOnRoute:53133" order="5">
                  <RoutePointRef ref="VTR:RoutePoint:53133"/>
                </PointOnRoute>
                <PointOnRoute version="1" id="VTR:PointOnRoute:53134" order="6">
                  <RoutePointRef ref="VTR:RoutePoint:53134"/>
                </PointOnRoute>
                <PointOnRoute version="1" id="VTR:PointOnRoute:53135" order="7">
                  <RoutePointRef ref="VTR:RoutePoint:53135"/>
                </PointOnRoute>
              </pointsInSequence>
            </Route>
          </routes>
          <lines>
            <Line version="1293" id="VTR:Line:1312">
              <Name>Molėtai - Purvėnai</Name>
              <TransportMode>bus</TransportMode>
              <TransportSubmode>
                <BusSubmode>regionalBus</BusSubmode>
              </TransportSubmode>
              <PublicCode>M-6421</PublicCode>
              <OperatorRef ref="VTR:Operator:9"/>
            </Line>
          </lines>
          <scheduledStopPoints>
            <ScheduledStopPoint version="1" id="VTR:ScheduledStopPoint:53129">
              <Name>Molėtų autobusų stotis</Name>
            </ScheduledStopPoint>
            <ScheduledStopPoint version="1" id="VTR:ScheduledStopPoint:53130">
              <Name>Stacijava</Name>
            </ScheduledStopPoint>
            <ScheduledStopPoint version="1" id="VTR:ScheduledStopPoint:53132">
              <Name>Aidas</Name>
            </ScheduledStopPoint>
            <ScheduledStopPoint version="1" id="VTR:ScheduledStopPoint:53133">
              <Name>Toliejai</Name>
            </ScheduledStopPoint>
            <ScheduledStopPoint version="1" id="VTR:ScheduledStopPoint:53134">
              <Name>Gaidžiai</Name>
            </ScheduledStopPoint>
            <ScheduledStopPoint version="1" id="VTR:ScheduledStopPoint:53135">
              <Name>Purvėnai</Name>
            </ScheduledStopPoint>
            <ScheduledStopPoint version="1" id="VTR:ScheduledStopPoint:53256">
              <Name>Andrioniškis</Name>
            </ScheduledStopPoint>
            <ScheduledStopPoint version="1" id="VTR:ScheduledStopPoint:54124">
              <Name>Molėtų autobusų stotis</Name>
            </ScheduledStopPoint>
            <ScheduledStopPoint version="1" id="VTR:ScheduledStopPoint:54125">
              <Name>Stacijava</Name>
            </ScheduledStopPoint>
            <ScheduledStopPoint version="1" id="VTR:ScheduledStopPoint:54127">
              <Name>Aidas</Name>
            </ScheduledStopPoint>
            <ScheduledStopPoint version="1" id="VTR:ScheduledStopPoint:54128">
              <Name>Toliejai</Name>
            </ScheduledStopPoint>
            <ScheduledStopPoint version="1" id="VTR:ScheduledStopPoint:54129">
              <Name>Gaidžiai</Name>
            </ScheduledStopPoint>
            <ScheduledStopPoint version="1" id="VTR:ScheduledStopPoint:54130">
              <Name>Purvėnai</Name>
            </ScheduledStopPoint>
            <ScheduledStopPoint version="1" id="VTR:ScheduledStopPoint:54142">
              <Name>Andrioniškis</Name>
            </ScheduledStopPoint>
          </scheduledStopPoints>
          <serviceLinks>
            <ServiceLink id="VTR:ServiceLink:53130_1_53256_1" version="1">
              <Distance>2</Distance>
              <FromPointRef ref="VTR:ScheduledStopPoint:53130" version="1"/>
              <ToPointRef ref="VTR:ScheduledStopPoint:53256" version="1"/>
            </ServiceLink>
            <ServiceLink id="VTR:ServiceLink:54142_1_54125_1" version="1">
              <Distance>2</Distance>
              <FromPointRef ref="VTR:ScheduledStopPoint:54142" version="1"/>
              <ToPointRef ref="VTR:ScheduledStopPoint:54125" version="1"/>
            </ServiceLink>
            <ServiceLink id="VTR:ServiceLink:53129_1_53130_1" version="1">
              <Distance>1</Distance>
              <FromPointRef ref="VTR:ScheduledStopPoint:53129" version="1"/>
              <ToPointRef ref="VTR:ScheduledStopPoint:53130" version="1"/>
            </ServiceLink>
            <ServiceLink id="VTR:ServiceLink:54130_1_54129_1" version="1">
              <Distance>2</Distance>
              <FromPointRef ref="VTR:ScheduledStopPoint:54130" version="1"/>
              <ToPointRef ref="VTR:ScheduledStopPoint:54129" version="1"/>
            </ServiceLink>
            <ServiceLink id="VTR:ServiceLink:54127_1_54142_1" version="1">
              <Distance>1</Distance>
              <FromPointRef ref="VTR:ScheduledStopPoint:54127" version="1"/>
              <ToPointRef ref="VTR:ScheduledStopPoint:54142" version="1"/>
            </ServiceLink>
            <ServiceLink id="VTR:ServiceLink:53134_1_53135_1" version="1">
              <Distance>2</Distance>
              <FromPointRef ref="VTR:ScheduledStopPoint:53134" version="1"/>
              <ToPointRef ref="VTR:ScheduledStopPoint:53135" version="1"/>
            </ServiceLink>
            <ServiceLink id="VTR:ServiceLink:53132_1_53133_1" version="1">
              <Distance>3</Distance>
              <FromPointRef ref="VTR:ScheduledStopPoint:53132" version="1"/>
              <ToPointRef ref="VTR:ScheduledStopPoint:53133" version="1"/>
            </ServiceLink>
            <ServiceLink id="VTR:ServiceLink:54128_1_54127_1" version="1">
              <Distance>3</Distance>
              <FromPointRef ref="VTR:ScheduledStopPoint:54128" version="1"/>
              <ToPointRef ref="VTR:ScheduledStopPoint:54127" version="1"/>
            </ServiceLink>
            <ServiceLink id="VTR:ServiceLink:53256_1_53132_1" version="1">
              <Distance>1</Distance>
              <FromPointRef ref="VTR:ScheduledStopPoint:53256" version="1"/>
              <ToPointRef ref="VTR:ScheduledStopPoint:53132" version="1"/>
            </ServiceLink>
            <ServiceLink id="VTR:ServiceLink:54129_1_54128_1" version="1">
              <Distance>1</Distance>
              <FromPointRef ref="VTR:ScheduledStopPoint:54129" version="1"/>
              <ToPointRef ref="VTR:ScheduledStopPoint:54128" version="1"/>
            </ServiceLink>
            <ServiceLink id="VTR:ServiceLink:53133_1_53134_1" version="1">
              <Distance>1</Distance>
              <FromPointRef ref="VTR:ScheduledStopPoint:53133" version="1"/>
              <ToPointRef ref="VTR:ScheduledStopPoint:53134" version="1"/>
            </ServiceLink>
            <ServiceLink id="VTR:ServiceLink:54125_1_54124_1" version="1">
              <Distance>1</Distance>
              <FromPointRef ref="VTR:ScheduledStopPoint:54125" version="1"/>
              <ToPointRef ref="VTR:ScheduledStopPoint:54124" version="1"/>
            </ServiceLink>
          </serviceLinks>
          <stopAssignments>
            <PassengerStopAssignment order="322000000" id="VTR:PassengerStopAssignment:53129" version="1">
              <ScheduledStopPointRef ref="VTR:ScheduledStopPoint:53129" version="1"/>
              <QuayRef ref="VTR:Quay:19482"/>
            </PassengerStopAssignment>
            <PassengerStopAssignment order="322000001" id="VTR:PassengerStopAssignment:53130" version="1">
              <ScheduledStopPointRef ref="VTR:ScheduledStopPoint:53130" version="1"/>
              <QuayRef ref="VTR:Quay:11934"/>
            </PassengerStopAssignment>
            <PassengerStopAssignment order="322000002" id="VTR:PassengerStopAssignment:53256" version="1">
              <ScheduledStopPointRef ref="VTR:ScheduledStopPoint:53256" version="1"/>
              <QuayRef ref="VTR:Quay:7430"/>
            </PassengerStopAssignment>
            <PassengerStopAssignment order="322000003" id="VTR:PassengerStopAssignment:53132" version="1">
              <ScheduledStopPointRef ref="VTR:ScheduledStopPoint:53132" version="1"/>
              <QuayRef ref="VTR:Quay:15077"/>
            </PassengerStopAssignment>
            <PassengerStopAssignment order="322000004" id="VTR:PassengerStopAssignment:53133" version="1">
              <ScheduledStopPointRef ref="VTR:ScheduledStopPoint:53133" version="1"/>
              <QuayRef ref="VTR:Quay:16277"/>
            </PassengerStopAssignment>
            <PassengerStopAssignment order="322000005" id="VTR:PassengerStopAssignment:53134" version="1">
              <ScheduledStopPointRef ref="VTR:ScheduledStopPoint:53134" version="1"/>
              <QuayRef ref="VTR:Quay:6980"/>
            </PassengerStopAssignment>
            <PassengerStopAssignment order="322000006" id="VTR:PassengerStopAssignment:53135" version="1">
              <ScheduledStopPointRef ref="VTR:ScheduledStopPoint:53135" version="1"/>
              <QuayRef ref="VTR:Quay:14928"/>
            </PassengerStopAssignment>
            <PassengerStopAssignment order="329900000" id="VTR:PassengerStopAssignment:54130" version="1">
              <ScheduledStopPointRef ref="VTR:ScheduledStopPoint:54130" version="1"/>
              <QuayRef ref="VTR:Quay:14928"/>
            </PassengerStopAssignment>
            <PassengerStopAssignment order="329900001" id="VTR:PassengerStopAssignment:54129" version="1">
              <ScheduledStopPointRef ref="VTR:ScheduledStopPoint:54129" version="1"/>
              <QuayRef ref="VTR:Quay:6980"/>
            </PassengerStopAssignment>
            <PassengerStopAssignment order="329900002" id="VTR:PassengerStopAssignment:54128" version="1">
              <ScheduledStopPointRef ref="VTR:ScheduledStopPoint:54128" version="1"/>
              <QuayRef ref="VTR:Quay:16277"/>
            </PassengerStopAssignment>
            <PassengerStopAssignment order="329900003" id="VTR:PassengerStopAssignment:54127" version="1">
              <ScheduledStopPointRef ref="VTR:ScheduledStopPoint:54127" version="1"/>
              <QuayRef ref="VTR:Quay:15077"/>
            </PassengerStopAssignment>
            <PassengerStopAssignment order="329900004" id="VTR:PassengerStopAssignment:54142" version="1">
              <ScheduledStopPointRef ref="VTR:ScheduledStopPoint:54142" version="1"/>
              <QuayRef ref="VTR:Quay:11423"/>
            </PassengerStopAssignment>
            <PassengerStopAssignment order="329900005" id="VTR:PassengerStopAssignment:54125" version="1">
              <ScheduledStopPointRef ref="VTR:ScheduledStopPoint:54125" version="1"/>
              <QuayRef ref="VTR:Quay:11934"/>
            </PassengerStopAssignment>
            <PassengerStopAssignment order="329900006" id="VTR:PassengerStopAssignment:54124" version="1">
              <ScheduledStopPointRef ref="VTR:ScheduledStopPoint:54124" version="1"/>
              <QuayRef ref="VTR:Quay:19482"/>
            </PassengerStopAssignment>
          </stopAssignments>
          <journeyPatterns>
            <JourneyPattern id="VTR:JourneyPattern:44663" version="44624">
              <Name>6421-2</Name>
              <RouteRef ref="VTR:Route:3299" version="1"/>
              <pointsInSequence>
                <StopPointInJourneyPattern id="VTR:StopPointInJourneyPattern:939387" version="44624" order="1">
                  <ScheduledStopPointRef ref="VTR:ScheduledStopPoint:54130"/>
                  <DestinationDisplayRef ref="VTR:DestinationDisplay:1"/>
                </StopPointInJourneyPattern>
                <StopPointInJourneyPattern id="VTR:StopPointInJourneyPattern:939388" version="44624" order="2">
                  <ScheduledStopPointRef ref="VTR:ScheduledStopPoint:54129"/>
                  <DestinationDisplayRef ref="VTR:DestinationDisplay:1"/>
                </StopPointInJourneyPattern>
                <StopPointInJourneyPattern id="VTR:StopPointInJourneyPattern:939389" version="44624" order="3">
                  <ScheduledStopPointRef ref="VTR:ScheduledStopPoint:54128"/>
                  <DestinationDisplayRef ref="VTR:DestinationDisplay:1"/>
                </StopPointInJourneyPattern>
                <StopPointInJourneyPattern id="VTR:StopPointInJourneyPattern:939390" version="44624" order="4">
                  <ScheduledStopPointRef ref="VTR:ScheduledStopPoint:54127"/>
                  <DestinationDisplayRef ref="VTR:DestinationDisplay:1"/>
                </StopPointInJourneyPattern>
                <StopPointInJourneyPattern id="VTR:StopPointInJourneyPattern:939391" version="44624" order="5">
                  <ScheduledStopPointRef ref="VTR:ScheduledStopPoint:54142"/>
                  <DestinationDisplayRef ref="VTR:DestinationDisplay:1"/>
                </StopPointInJourneyPattern>
                <StopPointInJourneyPattern id="VTR:StopPointInJourneyPattern:939392" version="44624" order="6">
                  <ScheduledStopPointRef ref="VTR:ScheduledStopPoint:54125"/>
                  <DestinationDisplayRef ref="VTR:DestinationDisplay:1"/>
                </StopPointInJourneyPattern>
                <StopPointInJourneyPattern id="VTR:StopPointInJourneyPattern:939393" version="44624" order="7">
                  <ScheduledStopPointRef ref="VTR:ScheduledStopPoint:54124"/>
                  <DestinationDisplayRef ref="VTR:DestinationDisplay:1"/>
                </StopPointInJourneyPattern>
              </pointsInSequence>
            </JourneyPattern>
            <JourneyPattern id="VTR:JourneyPattern:44659" version="44620">
              <Name>6421-1</Name>
              <RouteRef ref="VTR:Route:3220" version="1"/>
              <pointsInSequence>
                <StopPointInJourneyPattern id="VTR:StopPointInJourneyPattern:939353" version="44620" order="1">
                  <ScheduledStopPointRef ref="VTR:ScheduledStopPoint:53129"/>
                  <DestinationDisplayRef ref="VTR:DestinationDisplay:1"/>
                </StopPointInJourneyPattern>
                <StopPointInJourneyPattern id="VTR:StopPointInJourneyPattern:939354" version="44620" order="2">
                  <ScheduledStopPointRef ref="VTR:ScheduledStopPoint:53130"/>
                  <DestinationDisplayRef ref="VTR:DestinationDisplay:1"/>
                </StopPointInJourneyPattern>
                <StopPointInJourneyPattern id="VTR:StopPointInJourneyPattern:939355" version="44620" order="3">
                  <ScheduledStopPointRef ref="VTR:ScheduledStopPoint:53256"/>
                  <DestinationDisplayRef ref="VTR:DestinationDisplay:1"/>
                </StopPointInJourneyPattern>
                <StopPointInJourneyPattern id="VTR:StopPointInJourneyPattern:939356" version="44620" order="4">
                  <ScheduledStopPointRef ref="VTR:ScheduledStopPoint:53132"/>
                  <DestinationDisplayRef ref="VTR:DestinationDisplay:1"/>
                </StopPointInJourneyPattern>
                <StopPointInJourneyPattern id="VTR:StopPointInJourneyPattern:939357" version="44620" order="5">
                  <ScheduledStopPointRef ref="VTR:ScheduledStopPoint:53133"/>
                  <DestinationDisplayRef ref="VTR:DestinationDisplay:1"/>
                </StopPointInJourneyPattern>
                <StopPointInJourneyPattern id="VTR:StopPointInJourneyPattern:939358" version="44620" order="6">
                  <ScheduledStopPointRef ref="VTR:ScheduledStopPoint:53134"/>
                  <DestinationDisplayRef ref="VTR:DestinationDisplay:1"/>
                </StopPointInJourneyPattern>
                <StopPointInJourneyPattern id="VTR:StopPointInJourneyPattern:939359" version="44620" order="7">
                  <ScheduledStopPointRef ref="VTR:ScheduledStopPoint:53135"/>
                  <DestinationDisplayRef ref="VTR:DestinationDisplay:1"/>
                </StopPointInJourneyPattern>
              </pointsInSequence>
            </JourneyPattern>
          </journeyPatterns>
        </ServiceFrame>
        <TimetableFrame version="1" id="VTR:TimetableFrame:1388">
          <vehicleJourneys>
            <ServiceJourney version="44624" id="VTR:ServiceJourney:44663">
              <Name>Purvėnai - Molėtai</Name>
              <PrivateCode>6421-2</PrivateCode>
              <dayTypes>
                <DayTypeRef ref="VTR:DayType:749"/>
              </dayTypes>
              <JourneyPatternRef version="44624" ref="VTR:JourneyPattern:44663"/>
              <OperatorRef ref="VTR:Operator:362"/>
              <LineRef ref="VTR:Line:1312" version="1293"/>
              <passingTimes>
                <TimetabledPassingTime version="44624" id="VTR:TimetabledPassingTime:44663_939387_1">
                  <StopPointInJourneyPatternRef ref="VTR:StopPointInJourneyPattern:939387" version="44624"/>
                  <DepartureTime>15:45:00</DepartureTime>
                  <DepartureDayOffset>0</DepartureDayOffset>
                </TimetabledPassingTime>
                <TimetabledPassingTime version="44624" id="VTR:TimetabledPassingTime:44663_939388_2">
                  <StopPointInJourneyPatternRef ref="VTR:StopPointInJourneyPattern:939388" version="44624"/>
                  <DepartureTime>15:49:00</DepartureTime>
                  <DepartureDayOffset>0</DepartureDayOffset>
                </TimetabledPassingTime>
                <TimetabledPassingTime version="44624" id="VTR:TimetabledPassingTime:44663_939389_3">
                  <StopPointInJourneyPatternRef ref="VTR:StopPointInJourneyPattern:939389" version="44624"/>
                  <DepartureTime>15:52:00</DepartureTime>
                  <DepartureDayOffset>0</DepartureDayOffset>
                </TimetabledPassingTime>
                <TimetabledPassingTime version="44624" id="VTR:TimetabledPassingTime:44663_939390_4">
                  <StopPointInJourneyPatternRef ref="VTR:StopPointInJourneyPattern:939390" version="44624"/>
                  <DepartureTime>15:57:00</DepartureTime>
                  <DepartureDayOffset>0</DepartureDayOffset>
                </TimetabledPassingTime>
                <TimetabledPassingTime version="44624" id="VTR:TimetabledPassingTime:44663_939391_5">
                  <StopPointInJourneyPatternRef ref="VTR:StopPointInJourneyPattern:939391" version="44624"/>
                  <DepartureTime>16:01:00</DepartureTime>
                  <DepartureDayOffset>0</DepartureDayOffset>
                </TimetabledPassingTime>
                <TimetabledPassingTime version="44624" id="VTR:TimetabledPassingTime:44663_939392_6">
                  <StopPointInJourneyPatternRef ref="VTR:StopPointInJourneyPattern:939392" version="44624"/>
                  <DepartureTime>16:04:00</DepartureTime>
                  <DepartureDayOffset>0</DepartureDayOffset>
                </TimetabledPassingTime>
                <TimetabledPassingTime version="44624" id="VTR:TimetabledPassingTime:44663_939393_7">
                  <StopPointInJourneyPatternRef ref="VTR:StopPointInJourneyPattern:939393" version="44624"/>
                  <DepartureTime>16:09:00</DepartureTime>
                  <DepartureDayOffset>0</DepartureDayOffset>
                </TimetabledPassingTime>
              </passingTimes>
            </ServiceJourney>
            <ServiceJourney version="44620" id="VTR:ServiceJourney:44659">
              <Name>Molėtai - Purvėnai</Name>
              <PrivateCode>6421-1</PrivateCode>
              <dayTypes>
                <DayTypeRef ref="VTR:DayType:749"/>
              </dayTypes>
              <JourneyPatternRef version="44620" ref="VTR:JourneyPattern:44659"/>
              <OperatorRef ref="VTR:Operator:362"/>
              <LineRef ref="VTR:Line:1312" version="1293"/>
              <passingTimes>
                <TimetabledPassingTime version="44620" id="VTR:TimetabledPassingTime:44659_939353_1">
                  <StopPointInJourneyPatternRef ref="VTR:StopPointInJourneyPattern:939353" version="44620"/>
                  <DepartureTime>15:15:00</DepartureTime>
                  <DepartureDayOffset>0</DepartureDayOffset>
                </TimetabledPassingTime>
                <TimetabledPassingTime version="44620" id="VTR:TimetabledPassingTime:44659_939354_2">
                  <StopPointInJourneyPatternRef ref="VTR:StopPointInJourneyPattern:939354" version="44620"/>
                  <DepartureTime>15:19:00</DepartureTime>
                  <DepartureDayOffset>0</DepartureDayOffset>
                </TimetabledPassingTime>
                <TimetabledPassingTime version="44620" id="VTR:TimetabledPassingTime:44659_939355_3">
                  <StopPointInJourneyPatternRef ref="VTR:StopPointInJourneyPattern:939355" version="44620"/>
                  <DepartureTime>15:22:00</DepartureTime>
                  <DepartureDayOffset>0</DepartureDayOffset>
                </TimetabledPassingTime>
                <TimetabledPassingTime version="44620" id="VTR:TimetabledPassingTime:44659_939356_4">
                  <StopPointInJourneyPatternRef ref="VTR:StopPointInJourneyPattern:939356" version="44620"/>
                  <DepartureTime>15:26:00</DepartureTime>
                  <DepartureDayOffset>0</DepartureDayOffset>
                </TimetabledPassingTime>
                <TimetabledPassingTime version="44620" id="VTR:TimetabledPassingTime:44659_939357_5">
                  <StopPointInJourneyPatternRef ref="VTR:StopPointInJourneyPattern:939357" version="44620"/>
                  <DepartureTime>15:31:00</DepartureTime>
                  <DepartureDayOffset>0</DepartureDayOffset>
                </TimetabledPassingTime>
                <TimetabledPassingTime version="44620" id="VTR:TimetabledPassingTime:44659_939358_6">
                  <StopPointInJourneyPatternRef ref="VTR:StopPointInJourneyPattern:939358" version="44620"/>
                  <DepartureTime>15:34:00</DepartureTime>
                  <DepartureDayOffset>0</DepartureDayOffset>
                </TimetabledPassingTime>
                <TimetabledPassingTime version="44620" id="VTR:TimetabledPassingTime:44659_939359_7">
                  <StopPointInJourneyPatternRef ref="VTR:StopPointInJourneyPattern:939359" version="44620"/>
                  <DepartureTime>15:38:00</DepartureTime>
                  <DepartureDayOffset>0</DepartureDayOffset>
                </TimetabledPassingTime>
              </passingTimes>
            </ServiceJourney>
          </vehicleJourneys>
        </TimetableFrame>
        <ResourceFrame version="1" id="VTR:ResourceFrame:1388">
          <organisations>
            <Authority version="1" id="VTR:Authority:9">
              <CompanyNumber>62</CompanyNumber>
              <Name>Molėtų r. sav.</Name>
              <LegalName>Molėtų r. sav.</LegalName>
              <ContactDetails>
                <Email>savivaldybe@moletai.lt</Email>
                <Phone>838354761</Phone>
                <Url>www.moletai.lt</Url>
              </ContactDetails>
              <OrganisationType>authority</OrganisationType>
            </Authority>
          </organisations>
        </ResourceFrame>
        <FareFrame id="VTR:FareFrame:1312" version="1">
          <FrameDefaults>
            <DefaultCurrency>EUR</DefaultCurrency>
          </FrameDefaults>
          <fareStructureElements>
            <FareStructureElement id="VTR:FareStructureElement:pricematrix" version="1">
              <distanceMatrixElements>
                <DistanceMatrixElementRef ref="VTR:DistanceMatrixElement:939389to939391" version="1"/>
                <DistanceMatrixElementRef ref="VTR:DistanceMatrixElement:939356to939357" version="1"/>
                <DistanceMatrixElementRef ref="VTR:DistanceMatrixElement:939354to939359" version="1"/>
                <DistanceMatrixElementRef ref="VTR:DistanceMatrixElement:939355to939359" version="1"/>
                <DistanceMatrixElementRef ref="VTR:DistanceMatrixElement:939387to939389" version="1"/>
                <DistanceMatrixElementRef ref="VTR:DistanceMatrixElement:939389to939390" version="1"/>
                <DistanceMatrixElementRef ref="VTR:DistanceMatrixElement:939391to939393" version="1"/>
                <DistanceMatrixElementRef ref="VTR:DistanceMatrixElement:939356to939358" version="1"/>
                <DistanceMatrixElementRef ref="VTR:DistanceMatrixElement:939358to939359" version="1"/>
                <DistanceMatrixElementRef ref="VTR:DistanceMatrixElement:939387to939390" version="1"/>
                <DistanceMatrixElementRef ref="VTR:DistanceMatrixElement:939389to939393" version="1"/>
                <DistanceMatrixElementRef ref="VTR:DistanceMatrixElement:939353to939355" version="1"/>
                <DistanceMatrixElementRef ref="VTR:DistanceMatrixElement:939355to939357" version="1"/>
                <DistanceMatrixElementRef ref="VTR:DistanceMatrixElement:939357to939359" version="1"/>
                <DistanceMatrixElementRef ref="VTR:DistanceMatrixElement:939387to939392" version="1"/>
                <DistanceMatrixElementRef ref="VTR:DistanceMatrixElement:939353to939354" version="1"/>
                <DistanceMatrixElementRef ref="VTR:DistanceMatrixElement:939353to939357" version="1"/>
                <DistanceMatrixElementRef ref="VTR:DistanceMatrixElement:939354to939355" version="1"/>
                <DistanceMatrixElementRef ref="VTR:DistanceMatrixElement:939354to939358" version="1"/>
                <DistanceMatrixElementRef ref="VTR:DistanceMatrixElement:939387to939391" version="1"/>
                <DistanceMatrixElementRef ref="VTR:DistanceMatrixElement:939390to939392" version="1"/>
                <DistanceMatrixElementRef ref="VTR:DistanceMatrixElement:939390to939393" version="1"/>
                <DistanceMatrixElementRef ref="VTR:DistanceMatrixElement:939391to939392" version="1"/>
                <DistanceMatrixElementRef ref="VTR:DistanceMatrixElement:939353to939358" version="1"/>
                <DistanceMatrixElementRef ref="VTR:DistanceMatrixElement:939355to939356" version="1"/>
                <DistanceMatrixElementRef ref="VTR:DistanceMatrixElement:939356to939359" version="1"/>
                <DistanceMatrixElementRef ref="VTR:DistanceMatrixElement:939387to939388" version="1"/>
                <DistanceMatrixElementRef ref="VTR:DistanceMatrixElement:939387to939393" version="1"/>
                <DistanceMatrixElementRef ref="VTR:DistanceMatrixElement:939388to939389" version="1"/>
                <DistanceMatrixElementRef ref="VTR:DistanceMatrixElement:939388to939392" version="1"/>
                <DistanceMatrixElementRef ref="VTR:DistanceMatrixElement:939388to939393" version="1"/>
                <DistanceMatrixElementRef ref="VTR:DistanceMatrixElement:939357to939358" version="1"/>
                <DistanceMatrixElementRef ref="VTR:DistanceMatrixElement:939388to939390" version="1"/>
                <DistanceMatrixElementRef ref="VTR:DistanceMatrixElement:939389to939392" version="1"/>
                <DistanceMatrixElementRef ref="VTR:DistanceMatrixElement:939390to939391" version="1"/>
                <DistanceMatrixElementRef ref="VTR:DistanceMatrixElement:939353to939359" version="1"/>
                <DistanceMatrixElementRef ref="VTR:DistanceMatrixElement:939354to939356" version="1"/>
                <DistanceMatrixElementRef ref="VTR:DistanceMatrixElement:939354to939357" version="1"/>
                <DistanceMatrixElementRef ref="VTR:DistanceMatrixElement:939355to939358" version="1"/>
                <DistanceMatrixElementRef ref="VTR:DistanceMatrixElement:939388to939391" version="1"/>
                <DistanceMatrixElementRef ref="VTR:DistanceMatrixElement:939353to939356" version="1"/>
                <DistanceMatrixElementRef ref="VTR:DistanceMatrixElement:939392to939393" version="1"/>
              </distanceMatrixElements>
            </FareStructureElement>
          </fareStructureElements>
          <tariffs>
            <Tariff id="VTR:Tariff:pointToPointInSeparateJourney_1312" version="1">
              <Name>Point to point tariff</Name>
              <distanceMatrixElements>
                <DistanceMatrixElement id="VTR:DistanceMatrixElement:939389to939391" version="1">
                  <Name>Toliejai to Andrioniškis</Name>
                  <StartStopPointRef ref="VTR:ScheduledStopPoint:54128" version="1"/>
                  <EndStopPointRef ref="VTR:ScheduledStopPoint:54142" version="1"/>
                  <prices>
                    <DistanceMatrixElementPrice id="VTR:DistanceMatrixElementPrice:939389to939391" version="1">
                      <Amount>0.4</Amount>
                      <DistanceMatrixElementRef ref="VTR:DistanceMatrixElement:939389to939391" version="1"/>
                    </DistanceMatrixElementPrice>
                  </prices>
                </DistanceMatrixElement>
                <DistanceMatrixElement id="VTR:DistanceMatrixElement:939356to939357" version="1">
                  <Name>Aidas to Toliejai</Name>
                  <StartStopPointRef ref="VTR:ScheduledStopPoint:53132" version="1"/>
                  <EndStopPointRef ref="VTR:ScheduledStopPoint:53133" version="1"/>
                  <prices>
                    <DistanceMatrixElementPrice id="VTR:DistanceMatrixElementPrice:939356to939357" version="1">
                      <Amount>0.3</Amount>
                      <DistanceMatrixElementRef ref="VTR:DistanceMatrixElement:939356to939357" version="1"/>
                    </DistanceMatrixElementPrice>
                  </prices>
                </DistanceMatrixElement>
                <DistanceMatrixElement id="VTR:DistanceMatrixElement:939354to939359" version="1">
                  <Name>Stacijava to Purvėnai</Name>
                  <StartStopPointRef ref="VTR:ScheduledStopPoint:53130" version="1"/>
                  <EndStopPointRef ref="VTR:ScheduledStopPoint:53135" version="1"/>
                  <prices>
                    <DistanceMatrixElementPrice id="VTR:DistanceMatrixElementPrice:939354to939359" version="1">
                      <Amount>0.9</Amount>
                      <DistanceMatrixElementRef ref="VTR:DistanceMatrixElement:939354to939359" version="1"/>
                    </DistanceMatrixElementPrice>
                  </prices>
                </DistanceMatrixElement>
                <DistanceMatrixElement id="VTR:DistanceMatrixElement:939355to939359" version="1">
                  <Name>Andrioniškis to Purvėnai</Name>
                  <StartStopPointRef ref="VTR:ScheduledStopPoint:53256" version="1"/>
                  <EndStopPointRef ref="VTR:ScheduledStopPoint:53135" version="1"/>
                  <prices>
                    <DistanceMatrixElementPrice id="VTR:DistanceMatrixElementPrice:939355to939359" version="1">
                      <Amount>0.7</Amount>
                      <DistanceMatrixElementRef ref="VTR:DistanceMatrixElement:939355to939359" version="1"/>
                    </DistanceMatrixElementPrice>
                  </prices>
                </DistanceMatrixElement>
                <DistanceMatrixElement id="VTR:DistanceMatrixElement:939387to939389" version="1">
                  <Name>Purvėnai to Toliejai</Name>
                  <StartStopPointRef ref="VTR:ScheduledStopPoint:54130" version="1"/>
                  <EndStopPointRef ref="VTR:ScheduledStopPoint:54128" version="1"/>
                  <prices>
                    <DistanceMatrixElementPrice id="VTR:DistanceMatrixElementPrice:939387to939389" version="1">
                      <Amount>0.3</Amount>
                      <DistanceMatrixElementRef ref="VTR:DistanceMatrixElement:939387to939389" version="1"/>
                    </DistanceMatrixElementPrice>
                  </prices>
                </DistanceMatrixElement>
                <DistanceMatrixElement id="VTR:DistanceMatrixElement:939389to939390" version="1">
                  <Name>Toliejai to Aidas</Name>
                  <StartStopPointRef ref="VTR:ScheduledStopPoint:54128" version="1"/>
                  <EndStopPointRef ref="VTR:ScheduledStopPoint:54127" version="1"/>
                  <prices>
                    <DistanceMatrixElementPrice id="VTR:DistanceMatrixElementPrice:939389to939390" version="1">
                      <Amount>0.3</Amount>
                      <DistanceMatrixElementRef ref="VTR:DistanceMatrixElement:939389to939390" version="1"/>
                    </DistanceMatrixElementPrice>
                  </prices>
                </DistanceMatrixElement>
                <DistanceMatrixElement id="VTR:DistanceMatrixElement:939391to939393" version="1">
                  <Name>Andrioniškis to Molėtų autobusų stotis</Name>
                  <StartStopPointRef ref="VTR:ScheduledStopPoint:54142" version="1"/>
                  <EndStopPointRef ref="VTR:ScheduledStopPoint:54124" version="1"/>
                  <prices>
                    <DistanceMatrixElementPrice id="VTR:DistanceMatrixElementPrice:939391to939393" version="1">
                      <Amount>0.4</Amount>
                      <DistanceMatrixElementRef ref="VTR:DistanceMatrixElement:939391to939393" version="1"/>
                    </DistanceMatrixElementPrice>
                  </prices>
                </DistanceMatrixElement>
                <DistanceMatrixElement id="VTR:DistanceMatrixElement:939356to939358" version="1">
                  <Name>Aidas to Gaidžiai</Name>
                  <StartStopPointRef ref="VTR:ScheduledStopPoint:53132" version="1"/>
                  <EndStopPointRef ref="VTR:ScheduledStopPoint:53134" version="1"/>
                  <prices>
                    <DistanceMatrixElementPrice id="VTR:DistanceMatrixElementPrice:939356to939358" version="1">
                      <Amount>0.4</Amount>
                      <DistanceMatrixElementRef ref="VTR:DistanceMatrixElement:939356to939358" version="1"/>
                    </DistanceMatrixElementPrice>
                  </prices>
                </DistanceMatrixElement>
                <DistanceMatrixElement id="VTR:DistanceMatrixElement:939358to939359" version="1">
                  <Name>Gaidžiai to Purvėnai</Name>
                  <StartStopPointRef ref="VTR:ScheduledStopPoint:53134" version="1"/>
                  <EndStopPointRef ref="VTR:ScheduledStopPoint:53135" version="1"/>
                  <prices>
                    <DistanceMatrixElementPrice id="VTR:DistanceMatrixElementPrice:939358to939359" version="1">
                      <Amount>0.2</Amount>
                      <DistanceMatrixElementRef ref="VTR:DistanceMatrixElement:939358to939359" version="1"/>
                    </DistanceMatrixElementPrice>
                  </prices>
                </DistanceMatrixElement>
                <DistanceMatrixElement id="VTR:DistanceMatrixElement:939387to939390" version="1">
                  <Name>Purvėnai to Aidas</Name>
                  <StartStopPointRef ref="VTR:ScheduledStopPoint:54130" version="1"/>
                  <EndStopPointRef ref="VTR:ScheduledStopPoint:54127" version="1"/>
                  <prices>
                    <DistanceMatrixElementPrice id="VTR:DistanceMatrixElementPrice:939387to939390" version="1">
                      <Amount>0.6</Amount>
                      <DistanceMatrixElementRef ref="VTR:DistanceMatrixElement:939387to939390" version="1"/>
                    </DistanceMatrixElementPrice>
                  </prices>
                </DistanceMatrixElement>
                <DistanceMatrixElement id="VTR:DistanceMatrixElement:939389to939393" version="1">
                  <Name>Toliejai to Molėtų autobusų stotis</Name>
                  <StartStopPointRef ref="VTR:ScheduledStopPoint:54128" version="1"/>
                  <EndStopPointRef ref="VTR:ScheduledStopPoint:54124" version="1"/>
                  <prices>
                    <DistanceMatrixElementPrice id="VTR:DistanceMatrixElementPrice:939389to939393" version="1">
                      <Amount>0.8</Amount>
                      <DistanceMatrixElementRef ref="VTR:DistanceMatrixElement:939389to939393" version="1"/>
                    </DistanceMatrixElementPrice>
                  </prices>
                </DistanceMatrixElement>
                <DistanceMatrixElement id="VTR:DistanceMatrixElement:939353to939355" version="1">
                  <Name>Molėtų autobusų stotis to Andrioniškis</Name>
                  <StartStopPointRef ref="VTR:ScheduledStopPoint:53129" version="1"/>
                  <EndStopPointRef ref="VTR:ScheduledStopPoint:53256" version="1"/>
                  <prices>
                    <DistanceMatrixElementPrice id="VTR:DistanceMatrixElementPrice:939353to939355" version="1">
                      <Amount>0.4</Amount>
                      <DistanceMatrixElementRef ref="VTR:DistanceMatrixElement:939353to939355" version="1"/>
                    </DistanceMatrixElementPrice>
                  </prices>
                </DistanceMatrixElement>
                <DistanceMatrixElement id="VTR:DistanceMatrixElement:939355to939357" version="1">
                  <Name>Andrioniškis to Toliejai</Name>
                  <StartStopPointRef ref="VTR:ScheduledStopPoint:53256" version="1"/>
                  <EndStopPointRef ref="VTR:ScheduledStopPoint:53133" version="1"/>
                  <prices>
                    <DistanceMatrixElementPrice id="VTR:DistanceMatrixElementPrice:939355to939357" version="1">
                      <Amount>0.4</Amount>
                      <DistanceMatrixElementRef ref="VTR:DistanceMatrixElement:939355to939357" version="1"/>
                    </DistanceMatrixElementPrice>
                  </prices>
                </DistanceMatrixElement>
                <DistanceMatrixElement id="VTR:DistanceMatrixElement:939357to939359" version="1">
                  <Name>Toliejai to Purvėnai</Name>
                  <StartStopPointRef ref="VTR:ScheduledStopPoint:53133" version="1"/>
                  <EndStopPointRef ref="VTR:ScheduledStopPoint:53135" version="1"/>
                  <prices>
                    <DistanceMatrixElementPrice id="VTR:DistanceMatrixElementPrice:939357to939359" version="1">
                      <Amount>0.3</Amount>
                      <DistanceMatrixElementRef ref="VTR:DistanceMatrixElement:939357to939359" version="1"/>
                    </DistanceMatrixElementPrice>
                  </prices>
                </DistanceMatrixElement>
                <DistanceMatrixElement id="VTR:DistanceMatrixElement:939387to939392" version="1">
                  <Name>Purvėnai to Stacijava</Name>
                  <StartStopPointRef ref="VTR:ScheduledStopPoint:54130" version="1"/>
                  <EndStopPointRef ref="VTR:ScheduledStopPoint:54125" version="1"/>
                  <prices>
                    <DistanceMatrixElementPrice id="VTR:DistanceMatrixElementPrice:939387to939392" version="1">
                      <Amount>0.9</Amount>
                      <DistanceMatrixElementRef ref="VTR:DistanceMatrixElement:939387to939392" version="1"/>
                    </DistanceMatrixElementPrice>
                  </prices>
                </DistanceMatrixElement>
                <DistanceMatrixElement id="VTR:DistanceMatrixElement:939353to939354" version="1">
                  <Name>Molėtų autobusų stotis to Stacijava</Name>
                  <StartStopPointRef ref="VTR:ScheduledStopPoint:53129" version="1"/>
                  <EndStopPointRef ref="VTR:ScheduledStopPoint:53130" version="1"/>
                  <prices>
                    <DistanceMatrixElementPrice id="VTR:DistanceMatrixElementPrice:939353to939354" version="1">
                      <Amount>0.2</Amount>
                      <DistanceMatrixElementRef ref="VTR:DistanceMatrixElement:939353to939354" version="1"/>
                    </DistanceMatrixElementPrice>
                  </prices>
                </DistanceMatrixElement>
                <DistanceMatrixElement id="VTR:DistanceMatrixElement:939353to939357" version="1">
                  <Name>Molėtų autobusų stotis to Toliejai</Name>
                  <StartStopPointRef ref="VTR:ScheduledStopPoint:53129" version="1"/>
                  <EndStopPointRef ref="VTR:ScheduledStopPoint:53133" version="1"/>
                  <prices>
                    <DistanceMatrixElementPrice id="VTR:DistanceMatrixElementPrice:939353to939357" version="1">
                      <Amount>0.8</Amount>
                      <DistanceMatrixElementRef ref="VTR:DistanceMatrixElement:939353to939357" version="1"/>
                    </DistanceMatrixElementPrice>
                  </prices>
                </DistanceMatrixElement>
                <DistanceMatrixElement id="VTR:DistanceMatrixElement:939354to939355" version="1">
                  <Name>Stacijava to Andrioniškis</Name>
                  <StartStopPointRef ref="VTR:ScheduledStopPoint:53130" version="1"/>
                  <EndStopPointRef ref="VTR:ScheduledStopPoint:53256" version="1"/>
                  <prices>
                    <DistanceMatrixElementPrice id="VTR:DistanceMatrixElementPrice:939354to939355" version="1">
                      <Amount>0.2</Amount>
                      <DistanceMatrixElementRef ref="VTR:DistanceMatrixElement:939354to939355" version="1"/>
                    </DistanceMatrixElementPrice>
                  </prices>
                </DistanceMatrixElement>
                <DistanceMatrixElement id="VTR:DistanceMatrixElement:939354to939358" version="1">
                  <Name>Stacijava to Gaidžiai</Name>
                  <StartStopPointRef ref="VTR:ScheduledStopPoint:53130" version="1"/>
                  <EndStopPointRef ref="VTR:ScheduledStopPoint:53134" version="1"/>
                  <prices>
                    <DistanceMatrixElementPrice id="VTR:DistanceMatrixElementPrice:939354to939358" version="1">
                      <Amount>0.7</Amount>
                      <DistanceMatrixElementRef ref="VTR:DistanceMatrixElement:939354to939358" version="1"/>
                    </DistanceMatrixElementPrice>
                  </prices>
                </DistanceMatrixElement>
                <DistanceMatrixElement id="VTR:DistanceMatrixElement:939387to939391" version="1">
                  <Name>Purvėnai to Andrioniškis</Name>
                  <StartStopPointRef ref="VTR:ScheduledStopPoint:54130" version="1"/>
                  <EndStopPointRef ref="VTR:ScheduledStopPoint:54142" version="1"/>
                  <prices>
                    <DistanceMatrixElementPrice id="VTR:DistanceMatrixElementPrice:939387to939391" version="1">
                      <Amount>0.7</Amount>
                      <DistanceMatrixElementRef ref="VTR:DistanceMatrixElement:939387to939391" version="1"/>
                    </DistanceMatrixElementPrice>
                  </prices>
                </DistanceMatrixElement>
                <DistanceMatrixElement id="VTR:DistanceMatrixElement:939390to939392" version="1">
                  <Name>Aidas to Stacijava</Name>
                  <StartStopPointRef ref="VTR:ScheduledStopPoint:54127" version="1"/>
                  <EndStopPointRef ref="VTR:ScheduledStopPoint:54125" version="1"/>
                  <prices>
                    <DistanceMatrixElementPrice id="VTR:DistanceMatrixElementPrice:939390to939392" version="1">
                      <Amount>0.3</Amount>
                      <DistanceMatrixElementRef ref="VTR:DistanceMatrixElement:939390to939392" version="1"/>
                    </DistanceMatrixElementPrice>
                  </prices>
                </DistanceMatrixElement>
                <DistanceMatrixElement id="VTR:DistanceMatrixElement:939390to939393" version="1">
                  <Name>Aidas to Molėtų autobusų stotis</Name>
                  <StartStopPointRef ref="VTR:ScheduledStopPoint:54127" version="1"/>
                  <EndStopPointRef ref="VTR:ScheduledStopPoint:54124" version="1"/>
                  <prices>
                    <DistanceMatrixElementPrice id="VTR:DistanceMatrixElementPrice:939390to939393" version="1">
                      <Amount>0.5</Amount>
                      <DistanceMatrixElementRef ref="VTR:DistanceMatrixElement:939390to939393" version="1"/>
                    </DistanceMatrixElementPrice>
                  </prices>
                </DistanceMatrixElement>
                <DistanceMatrixElement id="VTR:DistanceMatrixElement:939391to939392" version="1">
                  <Name>Andrioniškis to Stacijava</Name>
                  <StartStopPointRef ref="VTR:ScheduledStopPoint:54142" version="1"/>
                  <EndStopPointRef ref="VTR:ScheduledStopPoint:54125" version="1"/>
                  <prices>
                    <DistanceMatrixElementPrice id="VTR:DistanceMatrixElementPrice:939391to939392" version="1">
                      <Amount>0.2</Amount>
                      <DistanceMatrixElementRef ref="VTR:DistanceMatrixElement:939391to939392" version="1"/>
                    </DistanceMatrixElementPrice>
                  </prices>
                </DistanceMatrixElement>
                <DistanceMatrixElement id="VTR:DistanceMatrixElement:939353to939358" version="1">
                  <Name>Molėtų autobusų stotis to Gaidžiai</Name>
                  <StartStopPointRef ref="VTR:ScheduledStopPoint:53129" version="1"/>
                  <EndStopPointRef ref="VTR:ScheduledStopPoint:53134" version="1"/>
                  <prices>
                    <DistanceMatrixElementPrice id="VTR:DistanceMatrixElementPrice:939353to939358" version="1">
                      <Amount>0.9</Amount>
                      <DistanceMatrixElementRef ref="VTR:DistanceMatrixElement:939353to939358" version="1"/>
                    </DistanceMatrixElementPrice>
                  </prices>
                </DistanceMatrixElement>
                <DistanceMatrixElement id="VTR:DistanceMatrixElement:939355to939356" version="1">
                  <Name>Andrioniškis to Aidas</Name>
                  <StartStopPointRef ref="VTR:ScheduledStopPoint:53256" version="1"/>
                  <EndStopPointRef ref="VTR:ScheduledStopPoint:53132" version="1"/>
                  <prices>
                    <DistanceMatrixElementPrice id="VTR:DistanceMatrixElementPrice:939355to939356" version="1">
                      <Amount>0.1</Amount>
                      <DistanceMatrixElementRef ref="VTR:DistanceMatrixElement:939355to939356" version="1"/>
                    </DistanceMatrixElementPrice>
                  </prices>
                </DistanceMatrixElement>
                <DistanceMatrixElement id="VTR:DistanceMatrixElement:939356to939359" version="1">
                  <Name>Aidas to Purvėnai</Name>
                  <StartStopPointRef ref="VTR:ScheduledStopPoint:53132" version="1"/>
                  <EndStopPointRef ref="VTR:ScheduledStopPoint:53135" version="1"/>
                  <prices>
                    <DistanceMatrixElementPrice id="VTR:DistanceMatrixElementPrice:939356to939359" version="1">
                      <Amount>0.6</Amount>
                      <DistanceMatrixElementRef ref="VTR:DistanceMatrixElement:939356to939359" version="1"/>
                    </DistanceMatrixElementPrice>
                  </prices>
                </DistanceMatrixElement>
                <DistanceMatrixElement id="VTR:DistanceMatrixElement:939387to939388" version="1">
                  <Name>Purvėnai to Gaidžiai</Name>
                  <StartStopPointRef ref="VTR:ScheduledStopPoint:54130" version="1"/>
                  <EndStopPointRef ref="VTR:ScheduledStopPoint:54129" version="1"/>
                  <prices>
                    <DistanceMatrixElementPrice id="VTR:DistanceMatrixElementPrice:939387to939388" version="1">
                      <Amount>0.2</Amount>
                      <DistanceMatrixElementRef ref="VTR:DistanceMatrixElement:939387to939388" version="1"/>
                    </DistanceMatrixElementPrice>
                  </prices>
                </DistanceMatrixElement>
                <DistanceMatrixElement id="VTR:DistanceMatrixElement:939387to939393" version="1">
                  <Name>Purvėnai to Molėtų autobusų stotis</Name>
                  <StartStopPointRef ref="VTR:ScheduledStopPoint:54130" version="1"/>
                  <EndStopPointRef ref="VTR:ScheduledStopPoint:54124" version="1"/>
                  <prices>
                    <DistanceMatrixElementPrice id="VTR:DistanceMatrixElementPrice:939387to939393" version="1">
                      <Amount>1.1</Amount>
                      <DistanceMatrixElementRef ref="VTR:DistanceMatrixElement:939387to939393" version="1"/>
                    </DistanceMatrixElementPrice>
                  </prices>
                </DistanceMatrixElement>
                <DistanceMatrixElement id="VTR:DistanceMatrixElement:939388to939389" version="1">
                  <Name>Gaidžiai to Toliejai</Name>
                  <StartStopPointRef ref="VTR:ScheduledStopPoint:54129" version="1"/>
                  <EndStopPointRef ref="VTR:ScheduledStopPoint:54128" version="1"/>
                  <prices>
                    <DistanceMatrixElementPrice id="VTR:DistanceMatrixElementPrice:939388to939389" version="1">
                      <Amount>0.1</Amount>
                      <DistanceMatrixElementRef ref="VTR:DistanceMatrixElement:939388to939389" version="1"/>
                    </DistanceMatrixElementPrice>
                  </prices>
                </DistanceMatrixElement>
                <DistanceMatrixElement id="VTR:DistanceMatrixElement:939388to939392" version="1">
                  <Name>Gaidžiai to Stacijava</Name>
                  <StartStopPointRef ref="VTR:ScheduledStopPoint:54129" version="1"/>
                  <EndStopPointRef ref="VTR:ScheduledStopPoint:54125" version="1"/>
                  <prices>
                    <DistanceMatrixElementPrice id="VTR:DistanceMatrixElementPrice:939388to939392" version="1">
                      <Amount>0.7</Amount>
                      <DistanceMatrixElementRef ref="VTR:DistanceMatrixElement:939388to939392" version="1"/>
                    </DistanceMatrixElementPrice>
                  </prices>
                </DistanceMatrixElement>
                <DistanceMatrixElement id="VTR:DistanceMatrixElement:939388to939393" version="1">
                  <Name>Gaidžiai to Molėtų autobusų stotis</Name>
                  <StartStopPointRef ref="VTR:ScheduledStopPoint:54129" version="1"/>
                  <EndStopPointRef ref="VTR:ScheduledStopPoint:54124" version="1"/>
                  <prices>
                    <DistanceMatrixElementPrice id="VTR:DistanceMatrixElementPrice:939388to939393" version="1">
                      <Amount>0.9</Amount>
                      <DistanceMatrixElementRef ref="VTR:DistanceMatrixElement:939388to939393" version="1"/>
                    </DistanceMatrixElementPrice>
                  </prices>
                </DistanceMatrixElement>
                <DistanceMatrixElement id="VTR:DistanceMatrixElement:939357to939358" version="1">
                  <Name>Toliejai to Gaidžiai</Name>
                  <StartStopPointRef ref="VTR:ScheduledStopPoint:53133" version="1"/>
                  <EndStopPointRef ref="VTR:ScheduledStopPoint:53134" version="1"/>
                  <prices>
                    <DistanceMatrixElementPrice id="VTR:DistanceMatrixElementPrice:939357to939358" version="1">
                      <Amount>0.1</Amount>
                      <DistanceMatrixElementRef ref="VTR:DistanceMatrixElement:939357to939358" version="1"/>
                    </DistanceMatrixElementPrice>
                  </prices>
                </DistanceMatrixElement>
                <DistanceMatrixElement id="VTR:DistanceMatrixElement:939388to939390" version="1">
                  <Name>Gaidžiai to Aidas</Name>
                  <StartStopPointRef ref="VTR:ScheduledStopPoint:54129" version="1"/>
                  <EndStopPointRef ref="VTR:ScheduledStopPoint:54127" version="1"/>
                  <prices>
                    <DistanceMatrixElementPrice id="VTR:DistanceMatrixElementPrice:939388to939390" version="1">
                      <Amount>0.4</Amount>
                      <DistanceMatrixElementRef ref="VTR:DistanceMatrixElement:939388to939390" version="1"/>
                    </DistanceMatrixElementPrice>
                  </prices>
                </DistanceMatrixElement>
                <DistanceMatrixElement id="VTR:DistanceMatrixElement:939389to939392" version="1">
                  <Name>Toliejai to Stacijava</Name>
                  <StartStopPointRef ref="VTR:ScheduledStopPoint:54128" version="1"/>
                  <EndStopPointRef ref="VTR:ScheduledStopPoint:54125" version="1"/>
                  <prices>
                    <DistanceMatrixElementPrice id="VTR:DistanceMatrixElementPrice:939389to939392" version="1">
                      <Amount>0.6</Amount>
                      <DistanceMatrixElementRef ref="VTR:DistanceMatrixElement:939389to939392" version="1"/>
                    </DistanceMatrixElementPrice>
                  </prices>
                </DistanceMatrixElement>
                <DistanceMatrixElement id="VTR:DistanceMatrixElement:939390to939391" version="1">
                  <Name>Aidas to Andrioniškis</Name>
                  <StartStopPointRef ref="VTR:ScheduledStopPoint:54127" version="1"/>
                  <EndStopPointRef ref="VTR:ScheduledStopPoint:54142" version="1"/>
                  <prices>
                    <DistanceMatrixElementPrice id="VTR:DistanceMatrixElementPrice:939390to939391" version="1">
                      <Amount>0.1</Amount>
                      <DistanceMatrixElementRef ref="VTR:DistanceMatrixElement:939390to939391" version="1"/>
                    </DistanceMatrixElementPrice>
                  </prices>
                </DistanceMatrixElement>
                <DistanceMatrixElement id="VTR:DistanceMatrixElement:939353to939359" version="1">
                  <Name>Molėtų autobusų stotis to Purvėnai</Name>
                  <StartStopPointRef ref="VTR:ScheduledStopPoint:53129" version="1"/>
                  <EndStopPointRef ref="VTR:ScheduledStopPoint:53135" version="1"/>
                  <prices>
                    <DistanceMatrixElementPrice id="VTR:DistanceMatrixElementPrice:939353to939359" version="1">
                      <Amount>1.1</Amount>
                      <DistanceMatrixElementRef ref="VTR:DistanceMatrixElement:939353to939359" version="1"/>
                    </DistanceMatrixElementPrice>
                  </prices>
                </DistanceMatrixElement>
                <DistanceMatrixElement id="VTR:DistanceMatrixElement:939354to939356" version="1">
                  <Name>Stacijava to Aidas</Name>
                  <StartStopPointRef ref="VTR:ScheduledStopPoint:53130" version="1"/>
                  <EndStopPointRef ref="VTR:ScheduledStopPoint:53132" version="1"/>
                  <prices>
                    <DistanceMatrixElementPrice id="VTR:DistanceMatrixElementPrice:939354to939356" version="1">
                      <Amount>0.3</Amount>
                      <DistanceMatrixElementRef ref="VTR:DistanceMatrixElement:939354to939356" version="1"/>
                    </DistanceMatrixElementPrice>
                  </prices>
                </DistanceMatrixElement>
                <DistanceMatrixElement id="VTR:DistanceMatrixElement:939354to939357" version="1">
                  <Name>Stacijava to Toliejai</Name>
                  <StartStopPointRef ref="VTR:ScheduledStopPoint:53130" version="1"/>
                  <EndStopPointRef ref="VTR:ScheduledStopPoint:53133" version="1"/>
                  <prices>
                    <DistanceMatrixElementPrice id="VTR:DistanceMatrixElementPrice:939354to939357" version="1">
                      <Amount>0.6</Amount>
                      <DistanceMatrixElementRef ref="VTR:DistanceMatrixElement:939354to939357" version="1"/>
                    </DistanceMatrixElementPrice>
                  </prices>
                </DistanceMatrixElement>
                <DistanceMatrixElement id="VTR:DistanceMatrixElement:939355to939358" version="1">
                  <Name>Andrioniškis to Gaidžiai</Name>
                  <StartStopPointRef ref="VTR:ScheduledStopPoint:53256" version="1"/>
                  <EndStopPointRef ref="VTR:ScheduledStopPoint:53134" version="1"/>
                  <prices>
                    <DistanceMatrixElementPrice id="VTR:DistanceMatrixElementPrice:939355to939358" version="1">
                      <Amount>0.5</Amount>
                      <DistanceMatrixElementRef ref="VTR:DistanceMatrixElement:939355to939358" version="1"/>
                    </DistanceMatrixElementPrice>
                  </prices>
                </DistanceMatrixElement>
                <DistanceMatrixElement id="VTR:DistanceMatrixElement:939388to939391" version="1">
                  <Name>Gaidžiai to Andrioniškis</Name>
                  <StartStopPointRef ref="VTR:ScheduledStopPoint:54129" version="1"/>
                  <EndStopPointRef ref="VTR:ScheduledStopPoint:54142" version="1"/>
                  <prices>
                    <DistanceMatrixElementPrice id="VTR:DistanceMatrixElementPrice:939388to939391" version="1">
                      <Amount>0.5</Amount>
                      <DistanceMatrixElementRef ref="VTR:DistanceMatrixElement:939388to939391" version="1"/>
                    </DistanceMatrixElementPrice>
                  </prices>
                </DistanceMatrixElement>
                <DistanceMatrixElement id="VTR:DistanceMatrixElement:939353to939356" version="1">
                  <Name>Molėtų autobusų stotis to Aidas</Name>
                  <StartStopPointRef ref="VTR:ScheduledStopPoint:53129" version="1"/>
                  <EndStopPointRef ref="VTR:ScheduledStopPoint:53132" version="1"/>
                  <prices>
                    <DistanceMatrixElementPrice id="VTR:DistanceMatrixElementPrice:939353to939356" version="1">
                      <Amount>0.5</Amount>
                      <DistanceMatrixElementRef ref="VTR:DistanceMatrixElement:939353to939356" version="1"/>
                    </DistanceMatrixElementPrice>
                  </prices>
                </DistanceMatrixElement>
                <DistanceMatrixElement id="VTR:DistanceMatrixElement:939392to939393" version="1">
                  <Name>Stacijava to Molėtų autobusų stotis</Name>
                  <StartStopPointRef ref="VTR:ScheduledStopPoint:54125" version="1"/>
                  <EndStopPointRef ref="VTR:ScheduledStopPoint:54124" version="1"/>
                  <prices>
                    <DistanceMatrixElementPrice id="VTR:DistanceMatrixElementPrice:939392to939393" version="1">
                      <Amount>0.2</Amount>
                      <DistanceMatrixElementRef ref="VTR:DistanceMatrixElement:939392to939393" version="1"/>
                    </DistanceMatrixElementPrice>
                  </prices>
                </DistanceMatrixElement>
              </distanceMatrixElements>
            </Tariff>
          </tariffs>
          <usageParameters>
            <FrequencyOfUse id="VTR:FrequencyOfUse:oneTrip" version="1">
              <FrequencyOfUseType>unlimited</FrequencyOfUseType>
              <MaximalFrequency>1</MaximalFrequency>
            </FrequencyOfUse>
          </usageParameters>
        </FareFrame>
      </frames>
    </CompositeFrame>
  </dataObjects>
</PublicationDelivery>
