<?xml version="1.0" encoding="UTF-8"?><PublicationDelivery xmlns="http://www.netex.org.uk/netex" xmlns:gis="http://www.opengis.net/gml/3.2" xmlns:ns2="http://www.opengis.net/gml/3.2" xmlns:ns3="http://www.siri.org.uk/siri" xmlns:xsi="http://www.w3.org/2001/XMLSchema-instance" version="1" xsi:schemaLocation="">
  <PublicationTimestamp>2022-05-07T04:00:00.271</PublicationTimestamp>
  <ParticipantRef>VTR</ParticipantRef>
  <Description>1</Description>
  <dataObjects>
    <CompositeFrame created="2022-05-07T04:00:00.271" version="1" id="VTR:CompositeFrame:1388">
      <validityConditions>
        <AvailabilityCondition version="1" id="VTR:AvailabilityCondition:1388">
          <FromDate>2015-07-27T14:12:29</FromDate>
          <ToDate>2027-12-30T00:00:00</ToDate>
        </AvailabilityCondition>
      </validityConditions>
      <codespaces>
        <Codespace id="vtr">
          <Xmlns>VTR</Xmlns>
          <XmlnsUrl>http://www.visimarsrutai.lt/</XmlnsUrl>
        </Codespace>
      </codespaces>
      <FrameDefaults>
        <DefaultLocale>
          <TimeZone>Europe/Vilnius</TimeZone>
        </DefaultLocale>
        <DefaultLocationSystem>WGS84</DefaultLocationSystem>
      </FrameDefaults>
      <frames>
        <ServiceCalendarFrame version="1" id="VTR:ServiceCalendarFrame:1388">
          <dayTypes>
            <DayType id="VTR:DayType:815" version="1">
              <properties>
                <PropertyOfDay>
                  <DaysOfWeek>Monday Tuesday Wednesday Thursday Friday</DaysOfWeek>
                </PropertyOfDay>
              </properties>
            </DayType>
          </dayTypes>
          <operatingPeriods>
            <OperatingPeriod version="1" id="VTR:OperatingPeriod:815">
              <FromDate>2015-07-01T00:00:00</FromDate>
              <ToDate>2020-12-31T00:00:00</ToDate>
            </OperatingPeriod>
          </operatingPeriods>
          <dayTypeAssignments>
            <DayTypeAssignment id="VTR:DayTypeAssignment:815_0" version="1" order="960">
              <OperatingPeriodRef ref="VTR:OperatingPeriod:815" version="1"/>
              <DayTypeRef ref="VTR:DayType:815" version="1"/>
            </DayTypeAssignment>
          </dayTypeAssignments>
        </ServiceCalendarFrame>
        <ServiceFrame id="VTR:ServiceFrame:1388" version="1">
          <Network version="0" id="VTR:Network:9"/>
          <routePoints>
            <RoutePoint version="1" id="VTR:RoutePoint:58498">
              <projections>
                <PointProjection version="1" id="VTR:PointProjection:19919">
                  <ProjectedPointRef ref="VTR:ScheduledStopPoint:58498" version="1"/>
                </PointProjection>
              </projections>
            </RoutePoint>
            <RoutePoint version="1" id="VTR:RoutePoint:58499">
              <projections>
                <PointProjection version="1" id="VTR:PointProjection:19920">
                  <ProjectedPointRef ref="VTR:ScheduledStopPoint:58499" version="1"/>
                </PointProjection>
              </projections>
            </RoutePoint>
            <RoutePoint version="1" id="VTR:RoutePoint:58500">
              <projections>
                <PointProjection version="1" id="VTR:PointProjection:19921">
                  <ProjectedPointRef ref="VTR:ScheduledStopPoint:58500" version="1"/>
                </PointProjection>
              </projections>
            </RoutePoint>
            <RoutePoint version="1" id="VTR:RoutePoint:58501">
              <projections>
                <PointProjection version="1" id="VTR:PointProjection:19922">
                  <ProjectedPointRef ref="VTR:ScheduledStopPoint:58501" version="1"/>
                </PointProjection>
              </projections>
            </RoutePoint>
            <RoutePoint version="1" id="VTR:RoutePoint:58502">
              <projections>
                <PointProjection version="1" id="VTR:PointProjection:19923">
                  <ProjectedPointRef ref="VTR:ScheduledStopPoint:58502" version="1"/>
                </PointProjection>
              </projections>
            </RoutePoint>
            <RoutePoint version="1" id="VTR:RoutePoint:58503">
              <projections>
                <PointProjection version="1" id="VTR:PointProjection:19924">
                  <ProjectedPointRef ref="VTR:ScheduledStopPoint:58503" version="1"/>
                </PointProjection>
              </projections>
            </RoutePoint>
            <RoutePoint version="1" id="VTR:RoutePoint:58504">
              <projections>
                <PointProjection version="1" id="VTR:PointProjection:19925">
                  <ProjectedPointRef ref="VTR:ScheduledStopPoint:58504" version="1"/>
                </PointProjection>
              </projections>
            </RoutePoint>
            <RoutePoint version="1" id="VTR:RoutePoint:58505">
              <projections>
                <PointProjection version="1" id="VTR:PointProjection:19926">
                  <ProjectedPointRef ref="VTR:ScheduledStopPoint:58505" version="1"/>
                </PointProjection>
              </projections>
            </RoutePoint>
            <RoutePoint version="1" id="VTR:RoutePoint:58506">
              <projections>
                <PointProjection version="1" id="VTR:PointProjection:19927">
                  <ProjectedPointRef ref="VTR:ScheduledStopPoint:58506" version="1"/>
                </PointProjection>
              </projections>
            </RoutePoint>
            <RoutePoint version="1" id="VTR:RoutePoint:58507">
              <projections>
                <PointProjection version="1" id="VTR:PointProjection:19928">
                  <ProjectedPointRef ref="VTR:ScheduledStopPoint:58507" version="1"/>
                </PointProjection>
              </projections>
            </RoutePoint>
            <RoutePoint version="1" id="VTR:RoutePoint:58508">
              <projections>
                <PointProjection version="1" id="VTR:PointProjection:19929">
                  <ProjectedPointRef ref="VTR:ScheduledStopPoint:58508" version="1"/>
                </PointProjection>
              </projections>
            </RoutePoint>
            <RoutePoint version="1" id="VTR:RoutePoint:58509">
              <projections>
                <PointProjection version="1" id="VTR:PointProjection:20120">
                  <ProjectedPointRef ref="VTR:ScheduledStopPoint:58509" version="1"/>
                </PointProjection>
              </projections>
            </RoutePoint>
            <RoutePoint version="1" id="VTR:RoutePoint:58510">
              <projections>
                <PointProjection version="1" id="VTR:PointProjection:20121">
                  <ProjectedPointRef ref="VTR:ScheduledStopPoint:58510" version="1"/>
                </PointProjection>
              </projections>
            </RoutePoint>
          </routePoints>
          <routes>
            <Route version="1" id="VTR:Route:3514">
              <Name>Alanta - Avilčiai - Molėtai</Name>
              <ShortName>Alanta - Avilčiai - Molėtai</ShortName>
              <LineRef ref="VTR:Line:1453" version="1435"/>
              <DirectionType>inbound</DirectionType>
              <pointsInSequence>
                <PointOnRoute version="1" id="VTR:PointOnRoute:58498" order="1">
                  <RoutePointRef ref="VTR:RoutePoint:58498"/>
                </PointOnRoute>
                <PointOnRoute version="1" id="VTR:PointOnRoute:58499" order="2">
                  <RoutePointRef ref="VTR:RoutePoint:58499"/>
                </PointOnRoute>
                <PointOnRoute version="1" id="VTR:PointOnRoute:58500" order="3">
                  <RoutePointRef ref="VTR:RoutePoint:58500"/>
                </PointOnRoute>
                <PointOnRoute version="1" id="VTR:PointOnRoute:58501" order="4">
                  <RoutePointRef ref="VTR:RoutePoint:58501"/>
                </PointOnRoute>
                <PointOnRoute version="1" id="VTR:PointOnRoute:58502" order="5">
                  <RoutePointRef ref="VTR:RoutePoint:58502"/>
                </PointOnRoute>
                <PointOnRoute version="1" id="VTR:PointOnRoute:58503" order="6">
                  <RoutePointRef ref="VTR:RoutePoint:58503"/>
                </PointOnRoute>
                <PointOnRoute version="1" id="VTR:PointOnRoute:58504" order="7">
                  <RoutePointRef ref="VTR:RoutePoint:58504"/>
                </PointOnRoute>
                <PointOnRoute version="1" id="VTR:PointOnRoute:58505" order="8">
                  <RoutePointRef ref="VTR:RoutePoint:58505"/>
                </PointOnRoute>
                <PointOnRoute version="1" id="VTR:PointOnRoute:58506" order="9">
                  <RoutePointRef ref="VTR:RoutePoint:58506"/>
                </PointOnRoute>
                <PointOnRoute version="1" id="VTR:PointOnRoute:58507" order="10">
                  <RoutePointRef ref="VTR:RoutePoint:58507"/>
                </PointOnRoute>
                <PointOnRoute version="1" id="VTR:PointOnRoute:58508" order="11">
                  <RoutePointRef ref="VTR:RoutePoint:58508"/>
                </PointOnRoute>
                <PointOnRoute version="1" id="VTR:PointOnRoute:58509" order="12">
                  <RoutePointRef ref="VTR:RoutePoint:58509"/>
                </PointOnRoute>
                <PointOnRoute version="1" id="VTR:PointOnRoute:58510" order="13">
                  <RoutePointRef ref="VTR:RoutePoint:58510"/>
                </PointOnRoute>
              </pointsInSequence>
            </Route>
          </routes>
          <lines>
            <Line version="1435" id="VTR:Line:1453">
              <Name>Alanta - Avilčiai - Molėtai</Name>
              <TransportMode>bus</TransportMode>
              <TransportSubmode>
                <BusSubmode>regionalBus</BusSubmode>
              </TransportSubmode>
              <PublicCode>M-5002</PublicCode>
              <OperatorRef ref="VTR:Operator:9"/>
            </Line>
          </lines>
          <scheduledStopPoints>
            <ScheduledStopPoint version="1" id="VTR:ScheduledStopPoint:58498">
              <Name>Alanta</Name>
            </ScheduledStopPoint>
            <ScheduledStopPoint version="1" id="VTR:ScheduledStopPoint:58499">
              <Name>Padegsnys</Name>
            </ScheduledStopPoint>
            <ScheduledStopPoint version="1" id="VTR:ScheduledStopPoint:58500">
              <Name>Pakryžė</Name>
            </ScheduledStopPoint>
            <ScheduledStopPoint version="1" id="VTR:ScheduledStopPoint:58501">
              <Name>Karalinava</Name>
            </ScheduledStopPoint>
            <ScheduledStopPoint version="1" id="VTR:ScheduledStopPoint:58502">
              <Name>N.Karalinava</Name>
            </ScheduledStopPoint>
            <ScheduledStopPoint version="1" id="VTR:ScheduledStopPoint:58503">
              <Name>Avilčiai</Name>
            </ScheduledStopPoint>
            <ScheduledStopPoint version="1" id="VTR:ScheduledStopPoint:58504">
              <Name>Interkiai 2</Name>
            </ScheduledStopPoint>
            <ScheduledStopPoint version="1" id="VTR:ScheduledStopPoint:58505">
              <Name>Interkiai 1</Name>
            </ScheduledStopPoint>
            <ScheduledStopPoint version="1" id="VTR:ScheduledStopPoint:58506">
              <Name>Posūkis į Balninkus</Name>
            </ScheduledStopPoint>
            <ScheduledStopPoint version="1" id="VTR:ScheduledStopPoint:58507">
              <Name>Bajorai</Name>
            </ScheduledStopPoint>
            <ScheduledStopPoint version="1" id="VTR:ScheduledStopPoint:58508">
              <Name>Kijeliai</Name>
            </ScheduledStopPoint>
            <ScheduledStopPoint version="1" id="VTR:ScheduledStopPoint:58509">
              <Name>Sodai</Name>
            </ScheduledStopPoint>
            <ScheduledStopPoint version="1" id="VTR:ScheduledStopPoint:58510">
              <Name>Molėtų autobusų stotis</Name>
            </ScheduledStopPoint>
          </scheduledStopPoints>
          <serviceLinks>
            <ServiceLink id="VTR:ServiceLink:58505_1_58506_1" version="1">
              <Distance>1</Distance>
              <FromPointRef ref="VTR:ScheduledStopPoint:58505" version="1"/>
              <ToPointRef ref="VTR:ScheduledStopPoint:58506" version="1"/>
            </ServiceLink>
            <ServiceLink id="VTR:ServiceLink:58508_1_58509_1" version="1">
              <Distance>1</Distance>
              <FromPointRef ref="VTR:ScheduledStopPoint:58508" version="1"/>
              <ToPointRef ref="VTR:ScheduledStopPoint:58509" version="1"/>
            </ServiceLink>
            <ServiceLink id="VTR:ServiceLink:58503_1_58504_1" version="1">
              <Distance>2</Distance>
              <FromPointRef ref="VTR:ScheduledStopPoint:58503" version="1"/>
              <ToPointRef ref="VTR:ScheduledStopPoint:58504" version="1"/>
            </ServiceLink>
            <ServiceLink id="VTR:ServiceLink:58499_1_58500_1" version="1">
              <Distance>1</Distance>
              <FromPointRef ref="VTR:ScheduledStopPoint:58499" version="1"/>
              <ToPointRef ref="VTR:ScheduledStopPoint:58500" version="1"/>
            </ServiceLink>
            <ServiceLink id="VTR:ServiceLink:58507_1_58508_1" version="1">
              <Distance>1</Distance>
              <FromPointRef ref="VTR:ScheduledStopPoint:58507" version="1"/>
              <ToPointRef ref="VTR:ScheduledStopPoint:58508" version="1"/>
            </ServiceLink>
            <ServiceLink id="VTR:ServiceLink:58509_1_58510_1" version="1">
              <Distance>1</Distance>
              <FromPointRef ref="VTR:ScheduledStopPoint:58509" version="1"/>
              <ToPointRef ref="VTR:ScheduledStopPoint:58510" version="1"/>
            </ServiceLink>
            <ServiceLink id="VTR:ServiceLink:58498_1_58499_1" version="1">
              <Distance>1</Distance>
              <FromPointRef ref="VTR:ScheduledStopPoint:58498" version="1"/>
              <ToPointRef ref="VTR:ScheduledStopPoint:58499" version="1"/>
            </ServiceLink>
            <ServiceLink id="VTR:ServiceLink:58501_1_58502_1" version="1">
              <Distance>1</Distance>
              <FromPointRef ref="VTR:ScheduledStopPoint:58501" version="1"/>
              <ToPointRef ref="VTR:ScheduledStopPoint:58502" version="1"/>
            </ServiceLink>
            <ServiceLink id="VTR:ServiceLink:58500_1_58501_1" version="1">
              <Distance>1</Distance>
              <FromPointRef ref="VTR:ScheduledStopPoint:58500" version="1"/>
              <ToPointRef ref="VTR:ScheduledStopPoint:58501" version="1"/>
            </ServiceLink>
            <ServiceLink id="VTR:ServiceLink:58502_1_58503_1" version="1">
              <Distance>1</Distance>
              <FromPointRef ref="VTR:ScheduledStopPoint:58502" version="1"/>
              <ToPointRef ref="VTR:ScheduledStopPoint:58503" version="1"/>
            </ServiceLink>
            <ServiceLink id="VTR:ServiceLink:58506_1_58507_1" version="1">
              <Distance>1</Distance>
              <FromPointRef ref="VTR:ScheduledStopPoint:58506" version="1"/>
              <ToPointRef ref="VTR:ScheduledStopPoint:58507" version="1"/>
            </ServiceLink>
            <ServiceLink id="VTR:ServiceLink:58504_1_58505_1" version="1">
              <Distance>1</Distance>
              <FromPointRef ref="VTR:ScheduledStopPoint:58504" version="1"/>
              <ToPointRef ref="VTR:ScheduledStopPoint:58505" version="1"/>
            </ServiceLink>
          </serviceLinks>
          <stopAssignments>
            <PassengerStopAssignment order="351400000" id="VTR:PassengerStopAssignment:58498" version="1">
              <ScheduledStopPointRef ref="VTR:ScheduledStopPoint:58498" version="1"/>
              <QuayRef ref="VTR:Quay:7459"/>
            </PassengerStopAssignment>
            <PassengerStopAssignment order="351400001" id="VTR:PassengerStopAssignment:58499" version="1">
              <ScheduledStopPointRef ref="VTR:ScheduledStopPoint:58499" version="1"/>
              <QuayRef ref="VTR:Quay:6436"/>
            </PassengerStopAssignment>
            <PassengerStopAssignment order="351400002" id="VTR:PassengerStopAssignment:58500" version="1">
              <ScheduledStopPointRef ref="VTR:ScheduledStopPoint:58500" version="1"/>
              <QuayRef ref="VTR:Quay:9334"/>
            </PassengerStopAssignment>
            <PassengerStopAssignment order="351400003" id="VTR:PassengerStopAssignment:58501" version="1">
              <ScheduledStopPointRef ref="VTR:ScheduledStopPoint:58501" version="1"/>
              <QuayRef ref="VTR:Quay:6445"/>
            </PassengerStopAssignment>
            <PassengerStopAssignment order="351400004" id="VTR:PassengerStopAssignment:58502" version="1">
              <ScheduledStopPointRef ref="VTR:ScheduledStopPoint:58502" version="1"/>
              <QuayRef ref="VTR:Quay:5425"/>
            </PassengerStopAssignment>
            <PassengerStopAssignment order="351400005" id="VTR:PassengerStopAssignment:58503" version="1">
              <ScheduledStopPointRef ref="VTR:ScheduledStopPoint:58503" version="1"/>
              <QuayRef ref="VTR:Quay:7367"/>
            </PassengerStopAssignment>
            <PassengerStopAssignment order="351400006" id="VTR:PassengerStopAssignment:58504" version="1">
              <ScheduledStopPointRef ref="VTR:ScheduledStopPoint:58504" version="1"/>
              <QuayRef ref="VTR:Quay:10232"/>
            </PassengerStopAssignment>
            <PassengerStopAssignment order="351400007" id="VTR:PassengerStopAssignment:58505" version="1">
              <ScheduledStopPointRef ref="VTR:ScheduledStopPoint:58505" version="1"/>
              <QuayRef ref="VTR:Quay:6419"/>
            </PassengerStopAssignment>
            <PassengerStopAssignment order="351400008" id="VTR:PassengerStopAssignment:58506" version="1">
              <ScheduledStopPointRef ref="VTR:ScheduledStopPoint:58506" version="1"/>
              <QuayRef ref="VTR:Quay:5385"/>
            </PassengerStopAssignment>
            <PassengerStopAssignment order="351400009" id="VTR:PassengerStopAssignment:58507" version="1">
              <ScheduledStopPointRef ref="VTR:ScheduledStopPoint:58507" version="1"/>
              <QuayRef ref="VTR:Quay:5382"/>
            </PassengerStopAssignment>
            <PassengerStopAssignment order="351400010" id="VTR:PassengerStopAssignment:58508" version="1">
              <ScheduledStopPointRef ref="VTR:ScheduledStopPoint:58508" version="1"/>
              <QuayRef ref="VTR:Quay:7272"/>
            </PassengerStopAssignment>
            <PassengerStopAssignment order="351400011" id="VTR:PassengerStopAssignment:58509" version="1">
              <ScheduledStopPointRef ref="VTR:ScheduledStopPoint:58509" version="1"/>
              <QuayRef ref="VTR:Quay:20800"/>
            </PassengerStopAssignment>
            <PassengerStopAssignment order="351400012" id="VTR:PassengerStopAssignment:58510" version="1">
              <ScheduledStopPointRef ref="VTR:ScheduledStopPoint:58510" version="1"/>
              <QuayRef ref="VTR:Quay:19482"/>
            </PassengerStopAssignment>
          </stopAssignments>
          <journeyPatterns>
            <JourneyPattern id="VTR:JourneyPattern:45563" version="45524">
              <Name>5002-2</Name>
              <RouteRef ref="VTR:Route:3514" version="1"/>
              <pointsInSequence>
                <StopPointInJourneyPattern id="VTR:StopPointInJourneyPattern:955754" version="45524" order="1">
                  <ScheduledStopPointRef ref="VTR:ScheduledStopPoint:58498"/>
                  <DestinationDisplayRef ref="VTR:DestinationDisplay:1"/>
                </StopPointInJourneyPattern>
                <StopPointInJourneyPattern id="VTR:StopPointInJourneyPattern:955755" version="45524" order="2">
                  <ScheduledStopPointRef ref="VTR:ScheduledStopPoint:58499"/>
                  <DestinationDisplayRef ref="VTR:DestinationDisplay:1"/>
                </StopPointInJourneyPattern>
                <StopPointInJourneyPattern id="VTR:StopPointInJourneyPattern:955756" version="45524" order="3">
                  <ScheduledStopPointRef ref="VTR:ScheduledStopPoint:58500"/>
                  <DestinationDisplayRef ref="VTR:DestinationDisplay:1"/>
                </StopPointInJourneyPattern>
                <StopPointInJourneyPattern id="VTR:StopPointInJourneyPattern:955757" version="45524" order="4">
                  <ScheduledStopPointRef ref="VTR:ScheduledStopPoint:58501"/>
                  <DestinationDisplayRef ref="VTR:DestinationDisplay:1"/>
                </StopPointInJourneyPattern>
                <StopPointInJourneyPattern id="VTR:StopPointInJourneyPattern:955758" version="45524" order="5">
                  <ScheduledStopPointRef ref="VTR:ScheduledStopPoint:58502"/>
                  <DestinationDisplayRef ref="VTR:DestinationDisplay:1"/>
                </StopPointInJourneyPattern>
                <StopPointInJourneyPattern id="VTR:StopPointInJourneyPattern:955759" version="45524" order="6">
                  <ScheduledStopPointRef ref="VTR:ScheduledStopPoint:58503"/>
                  <DestinationDisplayRef ref="VTR:DestinationDisplay:1"/>
                </StopPointInJourneyPattern>
                <StopPointInJourneyPattern id="VTR:StopPointInJourneyPattern:955760" version="45524" order="7">
                  <ScheduledStopPointRef ref="VTR:ScheduledStopPoint:58504"/>
                  <DestinationDisplayRef ref="VTR:DestinationDisplay:1"/>
                </StopPointInJourneyPattern>
                <StopPointInJourneyPattern id="VTR:StopPointInJourneyPattern:955761" version="45524" order="8">
                  <ScheduledStopPointRef ref="VTR:ScheduledStopPoint:58505"/>
                  <DestinationDisplayRef ref="VTR:DestinationDisplay:1"/>
                </StopPointInJourneyPattern>
                <StopPointInJourneyPattern id="VTR:StopPointInJourneyPattern:955762" version="45524" order="9">
                  <ScheduledStopPointRef ref="VTR:ScheduledStopPoint:58506"/>
                  <DestinationDisplayRef ref="VTR:DestinationDisplay:1"/>
                </StopPointInJourneyPattern>
                <StopPointInJourneyPattern id="VTR:StopPointInJourneyPattern:955763" version="45524" order="10">
                  <ScheduledStopPointRef ref="VTR:ScheduledStopPoint:58507"/>
                  <DestinationDisplayRef ref="VTR:DestinationDisplay:1"/>
                </StopPointInJourneyPattern>
                <StopPointInJourneyPattern id="VTR:StopPointInJourneyPattern:955764" version="45524" order="11">
                  <ScheduledStopPointRef ref="VTR:ScheduledStopPoint:58508"/>
                  <DestinationDisplayRef ref="VTR:DestinationDisplay:1"/>
                </StopPointInJourneyPattern>
                <StopPointInJourneyPattern id="VTR:StopPointInJourneyPattern:955765" version="45524" order="12">
                  <ScheduledStopPointRef ref="VTR:ScheduledStopPoint:58509"/>
                  <DestinationDisplayRef ref="VTR:DestinationDisplay:1"/>
                </StopPointInJourneyPattern>
                <StopPointInJourneyPattern id="VTR:StopPointInJourneyPattern:955766" version="45524" order="13">
                  <ScheduledStopPointRef ref="VTR:ScheduledStopPoint:58510"/>
                  <DestinationDisplayRef ref="VTR:DestinationDisplay:1"/>
                </StopPointInJourneyPattern>
              </pointsInSequence>
            </JourneyPattern>
          </journeyPatterns>
        </ServiceFrame>
        <TimetableFrame version="1" id="VTR:TimetableFrame:1388">
          <vehicleJourneys>
            <ServiceJourney version="45524" id="VTR:ServiceJourney:45563">
              <Name>Alanta - Avilčiai - Molėtai</Name>
              <PrivateCode>5002-2</PrivateCode>
              <dayTypes>
                <DayTypeRef ref="VTR:DayType:815"/>
              </dayTypes>
              <JourneyPatternRef version="45524" ref="VTR:JourneyPattern:45563"/>
              <OperatorRef ref="VTR:Operator:362"/>
              <LineRef ref="VTR:Line:1453" version="1435"/>
              <passingTimes>
                <TimetabledPassingTime version="45524" id="VTR:TimetabledPassingTime:45563_955754_1">
                  <StopPointInJourneyPatternRef ref="VTR:StopPointInJourneyPattern:955754" version="45524"/>
                  <DepartureTime>07:50:00</DepartureTime>
                  <DepartureDayOffset>0</DepartureDayOffset>
                </TimetabledPassingTime>
                <TimetabledPassingTime version="45524" id="VTR:TimetabledPassingTime:45563_955755_2">
                  <StopPointInJourneyPatternRef ref="VTR:StopPointInJourneyPattern:955755" version="45524"/>
                  <DepartureTime>07:54:00</DepartureTime>
                  <DepartureDayOffset>0</DepartureDayOffset>
                </TimetabledPassingTime>
                <TimetabledPassingTime version="45524" id="VTR:TimetabledPassingTime:45563_955756_3">
                  <StopPointInJourneyPatternRef ref="VTR:StopPointInJourneyPattern:955756" version="45524"/>
                  <DepartureTime>07:57:00</DepartureTime>
                  <DepartureDayOffset>0</DepartureDayOffset>
                </TimetabledPassingTime>
                <TimetabledPassingTime version="45524" id="VTR:TimetabledPassingTime:45563_955757_4">
                  <StopPointInJourneyPatternRef ref="VTR:StopPointInJourneyPattern:955757" version="45524"/>
                  <DepartureTime>07:59:00</DepartureTime>
                  <DepartureDayOffset>0</DepartureDayOffset>
                </TimetabledPassingTime>
                <TimetabledPassingTime version="45524" id="VTR:TimetabledPassingTime:45563_955758_5">
                  <StopPointInJourneyPatternRef ref="VTR:StopPointInJourneyPattern:955758" version="45524"/>
                  <DepartureTime>08:01:00</DepartureTime>
                  <DepartureDayOffset>0</DepartureDayOffset>
                </TimetabledPassingTime>
                <TimetabledPassingTime version="45524" id="VTR:TimetabledPassingTime:45563_955759_6">
                  <StopPointInJourneyPatternRef ref="VTR:StopPointInJourneyPattern:955759" version="45524"/>
                  <DepartureTime>08:04:00</DepartureTime>
                  <DepartureDayOffset>0</DepartureDayOffset>
                </TimetabledPassingTime>
                <TimetabledPassingTime version="45524" id="VTR:TimetabledPassingTime:45563_955760_7">
                  <StopPointInJourneyPatternRef ref="VTR:StopPointInJourneyPattern:955760" version="45524"/>
                  <DepartureTime>08:08:00</DepartureTime>
                  <DepartureDayOffset>0</DepartureDayOffset>
                </TimetabledPassingTime>
                <TimetabledPassingTime version="45524" id="VTR:TimetabledPassingTime:45563_955761_8">
                  <StopPointInJourneyPatternRef ref="VTR:StopPointInJourneyPattern:955761" version="45524"/>
                  <DepartureTime>08:11:00</DepartureTime>
                  <DepartureDayOffset>0</DepartureDayOffset>
                </TimetabledPassingTime>
                <TimetabledPassingTime version="45524" id="VTR:TimetabledPassingTime:45563_955762_9">
                  <StopPointInJourneyPatternRef ref="VTR:StopPointInJourneyPattern:955762" version="45524"/>
                  <DepartureTime>08:13:00</DepartureTime>
                  <DepartureDayOffset>0</DepartureDayOffset>
                </TimetabledPassingTime>
                <TimetabledPassingTime version="45524" id="VTR:TimetabledPassingTime:45563_955763_10">
                  <StopPointInJourneyPatternRef ref="VTR:StopPointInJourneyPattern:955763" version="45524"/>
                  <DepartureTime>08:17:00</DepartureTime>
                  <DepartureDayOffset>0</DepartureDayOffset>
                </TimetabledPassingTime>
                <TimetabledPassingTime version="45524" id="VTR:TimetabledPassingTime:45563_955764_11">
                  <StopPointInJourneyPatternRef ref="VTR:StopPointInJourneyPattern:955764" version="45524"/>
                  <DepartureTime>08:20:00</DepartureTime>
                  <DepartureDayOffset>0</DepartureDayOffset>
                </TimetabledPassingTime>
                <TimetabledPassingTime version="45524" id="VTR:TimetabledPassingTime:45563_955765_12">
                  <StopPointInJourneyPatternRef ref="VTR:StopPointInJourneyPattern:955765" version="45524"/>
                  <DepartureTime>08:21:00</DepartureTime>
                  <DepartureDayOffset>0</DepartureDayOffset>
                </TimetabledPassingTime>
                <TimetabledPassingTime version="45524" id="VTR:TimetabledPassingTime:45563_955766_13">
                  <StopPointInJourneyPatternRef ref="VTR:StopPointInJourneyPattern:955766" version="45524"/>
                  <DepartureTime>08:25:00</DepartureTime>
                  <DepartureDayOffset>0</DepartureDayOffset>
                </TimetabledPassingTime>
              </passingTimes>
            </ServiceJourney>
          </vehicleJourneys>
        </TimetableFrame>
        <ResourceFrame version="1" id="VTR:ResourceFrame:1388">
          <organisations>
            <Authority version="1" id="VTR:Authority:9">
              <CompanyNumber>62</CompanyNumber>
              <Name>Molėtų r. sav.</Name>
              <LegalName>Molėtų r. sav.</LegalName>
              <ContactDetails>
                <Email>savivaldybe@moletai.lt</Email>
                <Phone>838354761</Phone>
                <Url>www.moletai.lt</Url>
              </ContactDetails>
              <OrganisationType>authority</OrganisationType>
            </Authority>
          </organisations>
        </ResourceFrame>
        <FareFrame id="VTR:FareFrame:1453" version="1">
          <FrameDefaults>
            <DefaultCurrency>EUR</DefaultCurrency>
          </FrameDefaults>
          <fareStructureElements>
            <FareStructureElement id="VTR:FareStructureElement:pricematrix" version="1">
              <distanceMatrixElements>
                <DistanceMatrixElementRef ref="VTR:DistanceMatrixElement:955754to955757" version="1"/>
                <DistanceMatrixElementRef ref="VTR:DistanceMatrixElement:955754to955758" version="1"/>
                <DistanceMatrixElementRef ref="VTR:DistanceMatrixElement:955756to955759" version="1"/>
                <DistanceMatrixElementRef ref="VTR:DistanceMatrixElement:955756to955760" version="1"/>
                <DistanceMatrixElementRef ref="VTR:DistanceMatrixElement:955757to955758" version="1"/>
                <DistanceMatrixElementRef ref="VTR:DistanceMatrixElement:955758to955760" version="1"/>
                <DistanceMatrixElementRef ref="VTR:DistanceMatrixElement:955758to955763" version="1"/>
                <DistanceMatrixElementRef ref="VTR:DistanceMatrixElement:955758to955765" version="1"/>
                <DistanceMatrixElementRef ref="VTR:DistanceMatrixElement:955759to955764" version="1"/>
                <DistanceMatrixElementRef ref="VTR:DistanceMatrixElement:955762to955763" version="1"/>
                <DistanceMatrixElementRef ref="VTR:DistanceMatrixElement:955762to955766" version="1"/>
                <DistanceMatrixElementRef ref="VTR:DistanceMatrixElement:955754to955764" version="1"/>
                <DistanceMatrixElementRef ref="VTR:DistanceMatrixElement:955755to955757" version="1"/>
                <DistanceMatrixElementRef ref="VTR:DistanceMatrixElement:955755to955760" version="1"/>
                <DistanceMatrixElementRef ref="VTR:DistanceMatrixElement:955756to955763" version="1"/>
                <DistanceMatrixElementRef ref="VTR:DistanceMatrixElement:955757to955760" version="1"/>
                <DistanceMatrixElementRef ref="VTR:DistanceMatrixElement:955758to955761" version="1"/>
                <DistanceMatrixElementRef ref="VTR:DistanceMatrixElement:955760to955765" version="1"/>
                <DistanceMatrixElementRef ref="VTR:DistanceMatrixElement:955754to955759" version="1"/>
                <DistanceMatrixElementRef ref="VTR:DistanceMatrixElement:955755to955759" version="1"/>
                <DistanceMatrixElementRef ref="VTR:DistanceMatrixElement:955759to955763" version="1"/>
                <DistanceMatrixElementRef ref="VTR:DistanceMatrixElement:955759to955766" version="1"/>
                <DistanceMatrixElementRef ref="VTR:DistanceMatrixElement:955761to955764" version="1"/>
                <DistanceMatrixElementRef ref="VTR:DistanceMatrixElement:955763to955764" version="1"/>
                <DistanceMatrixElementRef ref="VTR:DistanceMatrixElement:955763to955765" version="1"/>
                <DistanceMatrixElementRef ref="VTR:DistanceMatrixElement:955754to955756" version="1"/>
                <DistanceMatrixElementRef ref="VTR:DistanceMatrixElement:955754to955765" version="1"/>
                <DistanceMatrixElementRef ref="VTR:DistanceMatrixElement:955756to955766" version="1"/>
                <DistanceMatrixElementRef ref="VTR:DistanceMatrixElement:955757to955764" version="1"/>
                <DistanceMatrixElementRef ref="VTR:DistanceMatrixElement:955758to955762" version="1"/>
                <DistanceMatrixElementRef ref="VTR:DistanceMatrixElement:955759to955760" version="1"/>
                <DistanceMatrixElementRef ref="VTR:DistanceMatrixElement:955760to955763" version="1"/>
                <DistanceMatrixElementRef ref="VTR:DistanceMatrixElement:955755to955756" version="1"/>
                <DistanceMatrixElementRef ref="VTR:DistanceMatrixElement:955755to955758" version="1"/>
                <DistanceMatrixElementRef ref="VTR:DistanceMatrixElement:955755to955762" version="1"/>
                <DistanceMatrixElementRef ref="VTR:DistanceMatrixElement:955755to955763" version="1"/>
                <DistanceMatrixElementRef ref="VTR:DistanceMatrixElement:955755to955764" version="1"/>
                <DistanceMatrixElementRef ref="VTR:DistanceMatrixElement:955756to955762" version="1"/>
                <DistanceMatrixElementRef ref="VTR:DistanceMatrixElement:955756to955764" version="1"/>
                <DistanceMatrixElementRef ref="VTR:DistanceMatrixElement:955757to955759" version="1"/>
                <DistanceMatrixElementRef ref="VTR:DistanceMatrixElement:955758to955764" version="1"/>
                <DistanceMatrixElementRef ref="VTR:DistanceMatrixElement:955758to955766" version="1"/>
                <DistanceMatrixElementRef ref="VTR:DistanceMatrixElement:955759to955765" version="1"/>
                <DistanceMatrixElementRef ref="VTR:DistanceMatrixElement:955760to955761" version="1"/>
                <DistanceMatrixElementRef ref="VTR:DistanceMatrixElement:955761to955766" version="1"/>
                <DistanceMatrixElementRef ref="VTR:DistanceMatrixElement:955762to955765" version="1"/>
                <DistanceMatrixElementRef ref="VTR:DistanceMatrixElement:955763to955766" version="1"/>
                <DistanceMatrixElementRef ref="VTR:DistanceMatrixElement:955764to955766" version="1"/>
                <DistanceMatrixElementRef ref="VTR:DistanceMatrixElement:955765to955766" version="1"/>
                <DistanceMatrixElementRef ref="VTR:DistanceMatrixElement:955754to955761" version="1"/>
                <DistanceMatrixElementRef ref="VTR:DistanceMatrixElement:955754to955766" version="1"/>
                <DistanceMatrixElementRef ref="VTR:DistanceMatrixElement:955755to955765" version="1"/>
                <DistanceMatrixElementRef ref="VTR:DistanceMatrixElement:955756to955757" version="1"/>
                <DistanceMatrixElementRef ref="VTR:DistanceMatrixElement:955756to955761" version="1"/>
                <DistanceMatrixElementRef ref="VTR:DistanceMatrixElement:955757to955762" version="1"/>
                <DistanceMatrixElementRef ref="VTR:DistanceMatrixElement:955761to955762" version="1"/>
                <DistanceMatrixElementRef ref="VTR:DistanceMatrixElement:955761to955765" version="1"/>
                <DistanceMatrixElementRef ref="VTR:DistanceMatrixElement:955754to955755" version="1"/>
                <DistanceMatrixElementRef ref="VTR:DistanceMatrixElement:955754to955760" version="1"/>
                <DistanceMatrixElementRef ref="VTR:DistanceMatrixElement:955754to955762" version="1"/>
                <DistanceMatrixElementRef ref="VTR:DistanceMatrixElement:955754to955763" version="1"/>
                <DistanceMatrixElementRef ref="VTR:DistanceMatrixElement:955755to955766" version="1"/>
                <DistanceMatrixElementRef ref="VTR:DistanceMatrixElement:955757to955761" version="1"/>
                <DistanceMatrixElementRef ref="VTR:DistanceMatrixElement:955758to955759" version="1"/>
                <DistanceMatrixElementRef ref="VTR:DistanceMatrixElement:955759to955762" version="1"/>
                <DistanceMatrixElementRef ref="VTR:DistanceMatrixElement:955762to955764" version="1"/>
                <DistanceMatrixElementRef ref="VTR:DistanceMatrixElement:955755to955761" version="1"/>
                <DistanceMatrixElementRef ref="VTR:DistanceMatrixElement:955756to955758" version="1"/>
                <DistanceMatrixElementRef ref="VTR:DistanceMatrixElement:955756to955765" version="1"/>
                <DistanceMatrixElementRef ref="VTR:DistanceMatrixElement:955757to955763" version="1"/>
                <DistanceMatrixElementRef ref="VTR:DistanceMatrixElement:955757to955765" version="1"/>
                <DistanceMatrixElementRef ref="VTR:DistanceMatrixElement:955757to955766" version="1"/>
                <DistanceMatrixElementRef ref="VTR:DistanceMatrixElement:955759to955761" version="1"/>
                <DistanceMatrixElementRef ref="VTR:DistanceMatrixElement:955760to955762" version="1"/>
                <DistanceMatrixElementRef ref="VTR:DistanceMatrixElement:955760to955764" version="1"/>
                <DistanceMatrixElementRef ref="VTR:DistanceMatrixElement:955760to955766" version="1"/>
                <DistanceMatrixElementRef ref="VTR:DistanceMatrixElement:955761to955763" version="1"/>
                <DistanceMatrixElementRef ref="VTR:DistanceMatrixElement:955764to955765" version="1"/>
              </distanceMatrixElements>
            </FareStructureElement>
          </fareStructureElements>
          <tariffs>
            <Tariff id="VTR:Tariff:pointToPointInSeparateJourney_1453" version="1">
              <Name>Point to point tariff</Name>
              <distanceMatrixElements>
                <DistanceMatrixElement id="VTR:DistanceMatrixElement:955754to955757" version="1">
                  <Name>Alanta to Karalinava</Name>
                  <StartStopPointRef ref="VTR:ScheduledStopPoint:58498" version="1"/>
                  <EndStopPointRef ref="VTR:ScheduledStopPoint:58501" version="1"/>
                  <prices>
                    <DistanceMatrixElementPrice id="VTR:DistanceMatrixElementPrice:955754to955757" version="1">
                      <Amount>0.5</Amount>
                      <DistanceMatrixElementRef ref="VTR:DistanceMatrixElement:955754to955757" version="1"/>
                    </DistanceMatrixElementPrice>
                  </prices>
                </DistanceMatrixElement>
                <DistanceMatrixElement id="VTR:DistanceMatrixElement:955754to955758" version="1">
                  <Name>Alanta to N.Karalinava</Name>
                  <StartStopPointRef ref="VTR:ScheduledStopPoint:58498" version="1"/>
                  <EndStopPointRef ref="VTR:ScheduledStopPoint:58502" version="1"/>
                  <prices>
                    <DistanceMatrixElementPrice id="VTR:DistanceMatrixElementPrice:955754to955758" version="1">
                      <Amount>0.6</Amount>
                      <DistanceMatrixElementRef ref="VTR:DistanceMatrixElement:955754to955758" version="1"/>
                    </DistanceMatrixElementPrice>
                  </prices>
                </DistanceMatrixElement>
                <DistanceMatrixElement id="VTR:DistanceMatrixElement:955756to955759" version="1">
                  <Name>Pakryžė to Avilčiai</Name>
                  <StartStopPointRef ref="VTR:ScheduledStopPoint:58500" version="1"/>
                  <EndStopPointRef ref="VTR:ScheduledStopPoint:58503" version="1"/>
                  <prices>
                    <DistanceMatrixElementPrice id="VTR:DistanceMatrixElementPrice:955756to955759" version="1">
                      <Amount>0.4</Amount>
                      <DistanceMatrixElementRef ref="VTR:DistanceMatrixElement:955756to955759" version="1"/>
                    </DistanceMatrixElementPrice>
                  </prices>
                </DistanceMatrixElement>
                <DistanceMatrixElement id="VTR:DistanceMatrixElement:955756to955760" version="1">
                  <Name>Pakryžė to Interkiai 2</Name>
                  <StartStopPointRef ref="VTR:ScheduledStopPoint:58500" version="1"/>
                  <EndStopPointRef ref="VTR:ScheduledStopPoint:58504" version="1"/>
                  <prices>
                    <DistanceMatrixElementPrice id="VTR:DistanceMatrixElementPrice:955756to955760" version="1">
                      <Amount>0.6</Amount>
                      <DistanceMatrixElementRef ref="VTR:DistanceMatrixElement:955756to955760" version="1"/>
                    </DistanceMatrixElementPrice>
                  </prices>
                </DistanceMatrixElement>
                <DistanceMatrixElement id="VTR:DistanceMatrixElement:955757to955758" version="1">
                  <Name>Karalinava to N.Karalinava</Name>
                  <StartStopPointRef ref="VTR:ScheduledStopPoint:58501" version="1"/>
                  <EndStopPointRef ref="VTR:ScheduledStopPoint:58502" version="1"/>
                  <prices>
                    <DistanceMatrixElementPrice id="VTR:DistanceMatrixElementPrice:955757to955758" version="1">
                      <Amount>0.1</Amount>
                      <DistanceMatrixElementRef ref="VTR:DistanceMatrixElement:955757to955758" version="1"/>
                    </DistanceMatrixElementPrice>
                  </prices>
                </DistanceMatrixElement>
                <DistanceMatrixElement id="VTR:DistanceMatrixElement:955758to955760" version="1">
                  <Name>N.Karalinava to Interkiai 2</Name>
                  <StartStopPointRef ref="VTR:ScheduledStopPoint:58502" version="1"/>
                  <EndStopPointRef ref="VTR:ScheduledStopPoint:58504" version="1"/>
                  <prices>
                    <DistanceMatrixElementPrice id="VTR:DistanceMatrixElementPrice:955758to955760" version="1">
                      <Amount>0.4</Amount>
                      <DistanceMatrixElementRef ref="VTR:DistanceMatrixElement:955758to955760" version="1"/>
                    </DistanceMatrixElementPrice>
                  </prices>
                </DistanceMatrixElement>
                <DistanceMatrixElement id="VTR:DistanceMatrixElement:955758to955763" version="1">
                  <Name>N.Karalinava to Bajorai</Name>
                  <StartStopPointRef ref="VTR:ScheduledStopPoint:58502" version="1"/>
                  <EndStopPointRef ref="VTR:ScheduledStopPoint:58507" version="1"/>
                  <prices>
                    <DistanceMatrixElementPrice id="VTR:DistanceMatrixElementPrice:955758to955763" version="1">
                      <Amount>0.8</Amount>
                      <DistanceMatrixElementRef ref="VTR:DistanceMatrixElement:955758to955763" version="1"/>
                    </DistanceMatrixElementPrice>
                  </prices>
                </DistanceMatrixElement>
                <DistanceMatrixElement id="VTR:DistanceMatrixElement:955758to955765" version="1">
                  <Name>N.Karalinava to Sodai</Name>
                  <StartStopPointRef ref="VTR:ScheduledStopPoint:58502" version="1"/>
                  <EndStopPointRef ref="VTR:ScheduledStopPoint:58509" version="1"/>
                  <prices>
                    <DistanceMatrixElementPrice id="VTR:DistanceMatrixElementPrice:955758to955765" version="1">
                      <Amount>1.1</Amount>
                      <DistanceMatrixElementRef ref="VTR:DistanceMatrixElement:955758to955765" version="1"/>
                    </DistanceMatrixElementPrice>
                  </prices>
                </DistanceMatrixElement>
                <DistanceMatrixElement id="VTR:DistanceMatrixElement:955759to955764" version="1">
                  <Name>Avilčiai to Kijeliai</Name>
                  <StartStopPointRef ref="VTR:ScheduledStopPoint:58503" version="1"/>
                  <EndStopPointRef ref="VTR:ScheduledStopPoint:58508" version="1"/>
                  <prices>
                    <DistanceMatrixElementPrice id="VTR:DistanceMatrixElementPrice:955759to955764" version="1">
                      <Amount>0.7</Amount>
                      <DistanceMatrixElementRef ref="VTR:DistanceMatrixElement:955759to955764" version="1"/>
                    </DistanceMatrixElementPrice>
                  </prices>
                </DistanceMatrixElement>
                <DistanceMatrixElement id="VTR:DistanceMatrixElement:955762to955763" version="1">
                  <Name>Posūkis į Balninkus to Bajorai</Name>
                  <StartStopPointRef ref="VTR:ScheduledStopPoint:58506" version="1"/>
                  <EndStopPointRef ref="VTR:ScheduledStopPoint:58507" version="1"/>
                  <prices>
                    <DistanceMatrixElementPrice id="VTR:DistanceMatrixElementPrice:955762to955763" version="1">
                      <Amount>0.2</Amount>
                      <DistanceMatrixElementRef ref="VTR:DistanceMatrixElement:955762to955763" version="1"/>
                    </DistanceMatrixElementPrice>
                  </prices>
                </DistanceMatrixElement>
                <DistanceMatrixElement id="VTR:DistanceMatrixElement:955762to955766" version="1">
                  <Name>Posūkis į Balninkus to Molėtų autobusų stotis</Name>
                  <StartStopPointRef ref="VTR:ScheduledStopPoint:58506" version="1"/>
                  <EndStopPointRef ref="VTR:ScheduledStopPoint:58510" version="1"/>
                  <prices>
                    <DistanceMatrixElementPrice id="VTR:DistanceMatrixElementPrice:955762to955766" version="1">
                      <Amount>0.5</Amount>
                      <DistanceMatrixElementRef ref="VTR:DistanceMatrixElement:955762to955766" version="1"/>
                    </DistanceMatrixElementPrice>
                  </prices>
                </DistanceMatrixElement>
                <DistanceMatrixElement id="VTR:DistanceMatrixElement:955754to955764" version="1">
                  <Name>Alanta to Kijeliai</Name>
                  <StartStopPointRef ref="VTR:ScheduledStopPoint:58498" version="1"/>
                  <EndStopPointRef ref="VTR:ScheduledStopPoint:58508" version="1"/>
                  <prices>
                    <DistanceMatrixElementPrice id="VTR:DistanceMatrixElementPrice:955754to955764" version="1">
                      <Amount>1.4</Amount>
                      <DistanceMatrixElementRef ref="VTR:DistanceMatrixElement:955754to955764" version="1"/>
                    </DistanceMatrixElementPrice>
                  </prices>
                </DistanceMatrixElement>
                <DistanceMatrixElement id="VTR:DistanceMatrixElement:955755to955757" version="1">
                  <Name>Padegsnys to Karalinava</Name>
                  <StartStopPointRef ref="VTR:ScheduledStopPoint:58499" version="1"/>
                  <EndStopPointRef ref="VTR:ScheduledStopPoint:58501" version="1"/>
                  <prices>
                    <DistanceMatrixElementPrice id="VTR:DistanceMatrixElementPrice:955755to955757" version="1">
                      <Amount>0.2</Amount>
                      <DistanceMatrixElementRef ref="VTR:DistanceMatrixElement:955755to955757" version="1"/>
                    </DistanceMatrixElementPrice>
                  </prices>
                </DistanceMatrixElement>
                <DistanceMatrixElement id="VTR:DistanceMatrixElement:955755to955760" version="1">
                  <Name>Padegsnys to Interkiai 2</Name>
                  <StartStopPointRef ref="VTR:ScheduledStopPoint:58499" version="1"/>
                  <EndStopPointRef ref="VTR:ScheduledStopPoint:58504" version="1"/>
                  <prices>
                    <DistanceMatrixElementPrice id="VTR:DistanceMatrixElementPrice:955755to955760" version="1">
                      <Amount>0.7</Amount>
                      <DistanceMatrixElementRef ref="VTR:DistanceMatrixElement:955755to955760" version="1"/>
                    </DistanceMatrixElementPrice>
                  </prices>
                </DistanceMatrixElement>
                <DistanceMatrixElement id="VTR:DistanceMatrixElement:955756to955763" version="1">
                  <Name>Pakryžė to Bajorai</Name>
                  <StartStopPointRef ref="VTR:ScheduledStopPoint:58500" version="1"/>
                  <EndStopPointRef ref="VTR:ScheduledStopPoint:58507" version="1"/>
                  <prices>
                    <DistanceMatrixElementPrice id="VTR:DistanceMatrixElementPrice:955756to955763" version="1">
                      <Amount>1.0</Amount>
                      <DistanceMatrixElementRef ref="VTR:DistanceMatrixElement:955756to955763" version="1"/>
                    </DistanceMatrixElementPrice>
                  </prices>
                </DistanceMatrixElement>
                <DistanceMatrixElement id="VTR:DistanceMatrixElement:955757to955760" version="1">
                  <Name>Karalinava to Interkiai 2</Name>
                  <StartStopPointRef ref="VTR:ScheduledStopPoint:58501" version="1"/>
                  <EndStopPointRef ref="VTR:ScheduledStopPoint:58504" version="1"/>
                  <prices>
                    <DistanceMatrixElementPrice id="VTR:DistanceMatrixElementPrice:955757to955760" version="1">
                      <Amount>0.5</Amount>
                      <DistanceMatrixElementRef ref="VTR:DistanceMatrixElement:955757to955760" version="1"/>
                    </DistanceMatrixElementPrice>
                  </prices>
                </DistanceMatrixElement>
                <DistanceMatrixElement id="VTR:DistanceMatrixElement:955758to955761" version="1">
                  <Name>N.Karalinava to Interkiai 1</Name>
                  <StartStopPointRef ref="VTR:ScheduledStopPoint:58502" version="1"/>
                  <EndStopPointRef ref="VTR:ScheduledStopPoint:58505" version="1"/>
                  <prices>
                    <DistanceMatrixElementPrice id="VTR:DistanceMatrixElementPrice:955758to955761" version="1">
                      <Amount>0.5</Amount>
                      <DistanceMatrixElementRef ref="VTR:DistanceMatrixElement:955758to955761" version="1"/>
                    </DistanceMatrixElementPrice>
                  </prices>
                </DistanceMatrixElement>
                <DistanceMatrixElement id="VTR:DistanceMatrixElement:955760to955765" version="1">
                  <Name>Interkiai 2 to Sodai</Name>
                  <StartStopPointRef ref="VTR:ScheduledStopPoint:58504" version="1"/>
                  <EndStopPointRef ref="VTR:ScheduledStopPoint:58509" version="1"/>
                  <prices>
                    <DistanceMatrixElementPrice id="VTR:DistanceMatrixElementPrice:955760to955765" version="1">
                      <Amount>0.7</Amount>
                      <DistanceMatrixElementRef ref="VTR:DistanceMatrixElement:955760to955765" version="1"/>
                    </DistanceMatrixElementPrice>
                  </prices>
                </DistanceMatrixElement>
                <DistanceMatrixElement id="VTR:DistanceMatrixElement:955754to955759" version="1">
                  <Name>Alanta to Avilčiai</Name>
                  <StartStopPointRef ref="VTR:ScheduledStopPoint:58498" version="1"/>
                  <EndStopPointRef ref="VTR:ScheduledStopPoint:58503" version="1"/>
                  <prices>
                    <DistanceMatrixElementPrice id="VTR:DistanceMatrixElementPrice:955754to955759" version="1">
                      <Amount>0.7</Amount>
                      <DistanceMatrixElementRef ref="VTR:DistanceMatrixElement:955754to955759" version="1"/>
                    </DistanceMatrixElementPrice>
                  </prices>
                </DistanceMatrixElement>
                <DistanceMatrixElement id="VTR:DistanceMatrixElement:955755to955759" version="1">
                  <Name>Padegsnys to Avilčiai</Name>
                  <StartStopPointRef ref="VTR:ScheduledStopPoint:58499" version="1"/>
                  <EndStopPointRef ref="VTR:ScheduledStopPoint:58503" version="1"/>
                  <prices>
                    <DistanceMatrixElementPrice id="VTR:DistanceMatrixElementPrice:955755to955759" version="1">
                      <Amount>0.5</Amount>
                      <DistanceMatrixElementRef ref="VTR:DistanceMatrixElement:955755to955759" version="1"/>
                    </DistanceMatrixElementPrice>
                  </prices>
                </DistanceMatrixElement>
                <DistanceMatrixElement id="VTR:DistanceMatrixElement:955759to955763" version="1">
                  <Name>Avilčiai to Bajorai</Name>
                  <StartStopPointRef ref="VTR:ScheduledStopPoint:58503" version="1"/>
                  <EndStopPointRef ref="VTR:ScheduledStopPoint:58507" version="1"/>
                  <prices>
                    <DistanceMatrixElementPrice id="VTR:DistanceMatrixElementPrice:955759to955763" version="1">
                      <Amount>0.6</Amount>
                      <DistanceMatrixElementRef ref="VTR:DistanceMatrixElement:955759to955763" version="1"/>
                    </DistanceMatrixElementPrice>
                  </prices>
                </DistanceMatrixElement>
                <DistanceMatrixElement id="VTR:DistanceMatrixElement:955759to955766" version="1">
                  <Name>Avilčiai to Molėtų autobusų stotis</Name>
                  <StartStopPointRef ref="VTR:ScheduledStopPoint:58503" version="1"/>
                  <EndStopPointRef ref="VTR:ScheduledStopPoint:58510" version="1"/>
                  <prices>
                    <DistanceMatrixElementPrice id="VTR:DistanceMatrixElementPrice:955759to955766" version="1">
                      <Amount>0.9</Amount>
                      <DistanceMatrixElementRef ref="VTR:DistanceMatrixElement:955759to955766" version="1"/>
                    </DistanceMatrixElementPrice>
                  </prices>
                </DistanceMatrixElement>
                <DistanceMatrixElement id="VTR:DistanceMatrixElement:955761to955764" version="1">
                  <Name>Interkiai 1 to Kijeliai</Name>
                  <StartStopPointRef ref="VTR:ScheduledStopPoint:58505" version="1"/>
                  <EndStopPointRef ref="VTR:ScheduledStopPoint:58508" version="1"/>
                  <prices>
                    <DistanceMatrixElementPrice id="VTR:DistanceMatrixElementPrice:955761to955764" version="1">
                      <Amount>0.4</Amount>
                      <DistanceMatrixElementRef ref="VTR:DistanceMatrixElement:955761to955764" version="1"/>
                    </DistanceMatrixElementPrice>
                  </prices>
                </DistanceMatrixElement>
                <DistanceMatrixElement id="VTR:DistanceMatrixElement:955763to955764" version="1">
                  <Name>Bajorai to Kijeliai</Name>
                  <StartStopPointRef ref="VTR:ScheduledStopPoint:58507" version="1"/>
                  <EndStopPointRef ref="VTR:ScheduledStopPoint:58508" version="1"/>
                  <prices>
                    <DistanceMatrixElementPrice id="VTR:DistanceMatrixElementPrice:955763to955764" version="1">
                      <Amount>0.1</Amount>
                      <DistanceMatrixElementRef ref="VTR:DistanceMatrixElement:955763to955764" version="1"/>
                    </DistanceMatrixElementPrice>
                  </prices>
                </DistanceMatrixElement>
                <DistanceMatrixElement id="VTR:DistanceMatrixElement:955763to955765" version="1">
                  <Name>Bajorai to Sodai</Name>
                  <StartStopPointRef ref="VTR:ScheduledStopPoint:58507" version="1"/>
                  <EndStopPointRef ref="VTR:ScheduledStopPoint:58509" version="1"/>
                  <prices>
                    <DistanceMatrixElementPrice id="VTR:DistanceMatrixElementPrice:955763to955765" version="1">
                      <Amount>0.3</Amount>
                      <DistanceMatrixElementRef ref="VTR:DistanceMatrixElement:955763to955765" version="1"/>
                    </DistanceMatrixElementPrice>
                  </prices>
                </DistanceMatrixElement>
                <DistanceMatrixElement id="VTR:DistanceMatrixElement:955754to955756" version="1">
                  <Name>Alanta to Pakryžė</Name>
                  <StartStopPointRef ref="VTR:ScheduledStopPoint:58498" version="1"/>
                  <EndStopPointRef ref="VTR:ScheduledStopPoint:58500" version="1"/>
                  <prices>
                    <DistanceMatrixElementPrice id="VTR:DistanceMatrixElementPrice:955754to955756" version="1">
                      <Amount>0.3</Amount>
                      <DistanceMatrixElementRef ref="VTR:DistanceMatrixElement:955754to955756" version="1"/>
                    </DistanceMatrixElementPrice>
                  </prices>
                </DistanceMatrixElement>
                <DistanceMatrixElement id="VTR:DistanceMatrixElement:955754to955765" version="1">
                  <Name>Alanta to Sodai</Name>
                  <StartStopPointRef ref="VTR:ScheduledStopPoint:58498" version="1"/>
                  <EndStopPointRef ref="VTR:ScheduledStopPoint:58509" version="1"/>
                  <prices>
                    <DistanceMatrixElementPrice id="VTR:DistanceMatrixElementPrice:955754to955765" version="1">
                      <Amount>1.7</Amount>
                      <DistanceMatrixElementRef ref="VTR:DistanceMatrixElement:955754to955765" version="1"/>
                    </DistanceMatrixElementPrice>
                  </prices>
                </DistanceMatrixElement>
                <DistanceMatrixElement id="VTR:DistanceMatrixElement:955756to955766" version="1">
                  <Name>Pakryžė to Molėtų autobusų stotis</Name>
                  <StartStopPointRef ref="VTR:ScheduledStopPoint:58500" version="1"/>
                  <EndStopPointRef ref="VTR:ScheduledStopPoint:58510" version="1"/>
                  <prices>
                    <DistanceMatrixElementPrice id="VTR:DistanceMatrixElementPrice:955756to955766" version="1">
                      <Amount>1.3</Amount>
                      <DistanceMatrixElementRef ref="VTR:DistanceMatrixElement:955756to955766" version="1"/>
                    </DistanceMatrixElementPrice>
                  </prices>
                </DistanceMatrixElement>
                <DistanceMatrixElement id="VTR:DistanceMatrixElement:955757to955764" version="1">
                  <Name>Karalinava to Kijeliai</Name>
                  <StartStopPointRef ref="VTR:ScheduledStopPoint:58501" version="1"/>
                  <EndStopPointRef ref="VTR:ScheduledStopPoint:58508" version="1"/>
                  <prices>
                    <DistanceMatrixElementPrice id="VTR:DistanceMatrixElementPrice:955757to955764" version="1">
                      <Amount>1.0</Amount>
                      <DistanceMatrixElementRef ref="VTR:DistanceMatrixElement:955757to955764" version="1"/>
                    </DistanceMatrixElementPrice>
                  </prices>
                </DistanceMatrixElement>
                <DistanceMatrixElement id="VTR:DistanceMatrixElement:955758to955762" version="1">
                  <Name>N.Karalinava to Posūkis į Balninkus</Name>
                  <StartStopPointRef ref="VTR:ScheduledStopPoint:58502" version="1"/>
                  <EndStopPointRef ref="VTR:ScheduledStopPoint:58506" version="1"/>
                  <prices>
                    <DistanceMatrixElementPrice id="VTR:DistanceMatrixElementPrice:955758to955762" version="1">
                      <Amount>0.6</Amount>
                      <DistanceMatrixElementRef ref="VTR:DistanceMatrixElement:955758to955762" version="1"/>
                    </DistanceMatrixElementPrice>
                  </prices>
                </DistanceMatrixElement>
                <DistanceMatrixElement id="VTR:DistanceMatrixElement:955759to955760" version="1">
                  <Name>Avilčiai to Interkiai 2</Name>
                  <StartStopPointRef ref="VTR:ScheduledStopPoint:58503" version="1"/>
                  <EndStopPointRef ref="VTR:ScheduledStopPoint:58504" version="1"/>
                  <prices>
                    <DistanceMatrixElementPrice id="VTR:DistanceMatrixElementPrice:955759to955760" version="1">
                      <Amount>0.2</Amount>
                      <DistanceMatrixElementRef ref="VTR:DistanceMatrixElement:955759to955760" version="1"/>
                    </DistanceMatrixElementPrice>
                  </prices>
                </DistanceMatrixElement>
                <DistanceMatrixElement id="VTR:DistanceMatrixElement:955760to955763" version="1">
                  <Name>Interkiai 2 to Bajorai</Name>
                  <StartStopPointRef ref="VTR:ScheduledStopPoint:58504" version="1"/>
                  <EndStopPointRef ref="VTR:ScheduledStopPoint:58507" version="1"/>
                  <prices>
                    <DistanceMatrixElementPrice id="VTR:DistanceMatrixElementPrice:955760to955763" version="1">
                      <Amount>0.4</Amount>
                      <DistanceMatrixElementRef ref="VTR:DistanceMatrixElement:955760to955763" version="1"/>
                    </DistanceMatrixElementPrice>
                  </prices>
                </DistanceMatrixElement>
                <DistanceMatrixElement id="VTR:DistanceMatrixElement:955755to955756" version="1">
                  <Name>Padegsnys to Pakryžė</Name>
                  <StartStopPointRef ref="VTR:ScheduledStopPoint:58499" version="1"/>
                  <EndStopPointRef ref="VTR:ScheduledStopPoint:58500" version="1"/>
                  <prices>
                    <DistanceMatrixElementPrice id="VTR:DistanceMatrixElementPrice:955755to955756" version="1">
                      <Amount>0.1</Amount>
                      <DistanceMatrixElementRef ref="VTR:DistanceMatrixElement:955755to955756" version="1"/>
                    </DistanceMatrixElementPrice>
                  </prices>
                </DistanceMatrixElement>
                <DistanceMatrixElement id="VTR:DistanceMatrixElement:955755to955758" version="1">
                  <Name>Padegsnys to N.Karalinava</Name>
                  <StartStopPointRef ref="VTR:ScheduledStopPoint:58499" version="1"/>
                  <EndStopPointRef ref="VTR:ScheduledStopPoint:58502" version="1"/>
                  <prices>
                    <DistanceMatrixElementPrice id="VTR:DistanceMatrixElementPrice:955755to955758" version="1">
                      <Amount>0.3</Amount>
                      <DistanceMatrixElementRef ref="VTR:DistanceMatrixElement:955755to955758" version="1"/>
                    </DistanceMatrixElementPrice>
                  </prices>
                </DistanceMatrixElement>
                <DistanceMatrixElement id="VTR:DistanceMatrixElement:955755to955762" version="1">
                  <Name>Padegsnys to Posūkis į Balninkus</Name>
                  <StartStopPointRef ref="VTR:ScheduledStopPoint:58499" version="1"/>
                  <EndStopPointRef ref="VTR:ScheduledStopPoint:58506" version="1"/>
                  <prices>
                    <DistanceMatrixElementPrice id="VTR:DistanceMatrixElementPrice:955755to955762" version="1">
                      <Amount>0.9</Amount>
                      <DistanceMatrixElementRef ref="VTR:DistanceMatrixElement:955755to955762" version="1"/>
                    </DistanceMatrixElementPrice>
                  </prices>
                </DistanceMatrixElement>
                <DistanceMatrixElement id="VTR:DistanceMatrixElement:955755to955763" version="1">
                  <Name>Padegsnys to Bajorai</Name>
                  <StartStopPointRef ref="VTR:ScheduledStopPoint:58499" version="1"/>
                  <EndStopPointRef ref="VTR:ScheduledStopPoint:58507" version="1"/>
                  <prices>
                    <DistanceMatrixElementPrice id="VTR:DistanceMatrixElementPrice:955755to955763" version="1">
                      <Amount>1.1</Amount>
                      <DistanceMatrixElementRef ref="VTR:DistanceMatrixElement:955755to955763" version="1"/>
                    </DistanceMatrixElementPrice>
                  </prices>
                </DistanceMatrixElement>
                <DistanceMatrixElement id="VTR:DistanceMatrixElement:955755to955764" version="1">
                  <Name>Padegsnys to Kijeliai</Name>
                  <StartStopPointRef ref="VTR:ScheduledStopPoint:58499" version="1"/>
                  <EndStopPointRef ref="VTR:ScheduledStopPoint:58508" version="1"/>
                  <prices>
                    <DistanceMatrixElementPrice id="VTR:DistanceMatrixElementPrice:955755to955764" version="1">
                      <Amount>1.2</Amount>
                      <DistanceMatrixElementRef ref="VTR:DistanceMatrixElement:955755to955764" version="1"/>
                    </DistanceMatrixElementPrice>
                  </prices>
                </DistanceMatrixElement>
                <DistanceMatrixElement id="VTR:DistanceMatrixElement:955756to955762" version="1">
                  <Name>Pakryžė to Posūkis į Balninkus</Name>
                  <StartStopPointRef ref="VTR:ScheduledStopPoint:58500" version="1"/>
                  <EndStopPointRef ref="VTR:ScheduledStopPoint:58506" version="1"/>
                  <prices>
                    <DistanceMatrixElementPrice id="VTR:DistanceMatrixElementPrice:955756to955762" version="1">
                      <Amount>0.8</Amount>
                      <DistanceMatrixElementRef ref="VTR:DistanceMatrixElement:955756to955762" version="1"/>
                    </DistanceMatrixElementPrice>
                  </prices>
                </DistanceMatrixElement>
                <DistanceMatrixElement id="VTR:DistanceMatrixElement:955756to955764" version="1">
                  <Name>Pakryžė to Kijeliai</Name>
                  <StartStopPointRef ref="VTR:ScheduledStopPoint:58500" version="1"/>
                  <EndStopPointRef ref="VTR:ScheduledStopPoint:58508" version="1"/>
                  <prices>
                    <DistanceMatrixElementPrice id="VTR:DistanceMatrixElementPrice:955756to955764" version="1">
                      <Amount>1.1</Amount>
                      <DistanceMatrixElementRef ref="VTR:DistanceMatrixElement:955756to955764" version="1"/>
                    </DistanceMatrixElementPrice>
                  </prices>
                </DistanceMatrixElement>
                <DistanceMatrixElement id="VTR:DistanceMatrixElement:955757to955759" version="1">
                  <Name>Karalinava to Avilčiai</Name>
                  <StartStopPointRef ref="VTR:ScheduledStopPoint:58501" version="1"/>
                  <EndStopPointRef ref="VTR:ScheduledStopPoint:58503" version="1"/>
                  <prices>
                    <DistanceMatrixElementPrice id="VTR:DistanceMatrixElementPrice:955757to955759" version="1">
                      <Amount>0.3</Amount>
                      <DistanceMatrixElementRef ref="VTR:DistanceMatrixElement:955757to955759" version="1"/>
                    </DistanceMatrixElementPrice>
                  </prices>
                </DistanceMatrixElement>
                <DistanceMatrixElement id="VTR:DistanceMatrixElement:955758to955764" version="1">
                  <Name>N.Karalinava to Kijeliai</Name>
                  <StartStopPointRef ref="VTR:ScheduledStopPoint:58502" version="1"/>
                  <EndStopPointRef ref="VTR:ScheduledStopPoint:58508" version="1"/>
                  <prices>
                    <DistanceMatrixElementPrice id="VTR:DistanceMatrixElementPrice:955758to955764" version="1">
                      <Amount>0.9</Amount>
                      <DistanceMatrixElementRef ref="VTR:DistanceMatrixElement:955758to955764" version="1"/>
                    </DistanceMatrixElementPrice>
                  </prices>
                </DistanceMatrixElement>
                <DistanceMatrixElement id="VTR:DistanceMatrixElement:955758to955766" version="1">
                  <Name>N.Karalinava to Molėtų autobusų stotis</Name>
                  <StartStopPointRef ref="VTR:ScheduledStopPoint:58502" version="1"/>
                  <EndStopPointRef ref="VTR:ScheduledStopPoint:58510" version="1"/>
                  <prices>
                    <DistanceMatrixElementPrice id="VTR:DistanceMatrixElementPrice:955758to955766" version="1">
                      <Amount>1.1</Amount>
                      <DistanceMatrixElementRef ref="VTR:DistanceMatrixElement:955758to955766" version="1"/>
                    </DistanceMatrixElementPrice>
                  </prices>
                </DistanceMatrixElement>
                <DistanceMatrixElement id="VTR:DistanceMatrixElement:955759to955765" version="1">
                  <Name>Avilčiai to Sodai</Name>
                  <StartStopPointRef ref="VTR:ScheduledStopPoint:58503" version="1"/>
                  <EndStopPointRef ref="VTR:ScheduledStopPoint:58509" version="1"/>
                  <prices>
                    <DistanceMatrixElementPrice id="VTR:DistanceMatrixElementPrice:955759to955765" version="1">
                      <Amount>0.9</Amount>
                      <DistanceMatrixElementRef ref="VTR:DistanceMatrixElement:955759to955765" version="1"/>
                    </DistanceMatrixElementPrice>
                  </prices>
                </DistanceMatrixElement>
                <DistanceMatrixElement id="VTR:DistanceMatrixElement:955760to955761" version="1">
                  <Name>Interkiai 2 to Interkiai 1</Name>
                  <StartStopPointRef ref="VTR:ScheduledStopPoint:58504" version="1"/>
                  <EndStopPointRef ref="VTR:ScheduledStopPoint:58505" version="1"/>
                  <prices>
                    <DistanceMatrixElementPrice id="VTR:DistanceMatrixElementPrice:955760to955761" version="1">
                      <Amount>0.1</Amount>
                      <DistanceMatrixElementRef ref="VTR:DistanceMatrixElement:955760to955761" version="1"/>
                    </DistanceMatrixElementPrice>
                  </prices>
                </DistanceMatrixElement>
                <DistanceMatrixElement id="VTR:DistanceMatrixElement:955761to955766" version="1">
                  <Name>Interkiai 1 to Molėtų autobusų stotis</Name>
                  <StartStopPointRef ref="VTR:ScheduledStopPoint:58505" version="1"/>
                  <EndStopPointRef ref="VTR:ScheduledStopPoint:58510" version="1"/>
                  <prices>
                    <DistanceMatrixElementPrice id="VTR:DistanceMatrixElementPrice:955761to955766" version="1">
                      <Amount>0.6</Amount>
                      <DistanceMatrixElementRef ref="VTR:DistanceMatrixElement:955761to955766" version="1"/>
                    </DistanceMatrixElementPrice>
                  </prices>
                </DistanceMatrixElement>
                <DistanceMatrixElement id="VTR:DistanceMatrixElement:955762to955765" version="1">
                  <Name>Posūkis į Balninkus to Sodai</Name>
                  <StartStopPointRef ref="VTR:ScheduledStopPoint:58506" version="1"/>
                  <EndStopPointRef ref="VTR:ScheduledStopPoint:58509" version="1"/>
                  <prices>
                    <DistanceMatrixElementPrice id="VTR:DistanceMatrixElementPrice:955762to955765" version="1">
                      <Amount>0.5</Amount>
                      <DistanceMatrixElementRef ref="VTR:DistanceMatrixElement:955762to955765" version="1"/>
                    </DistanceMatrixElementPrice>
                  </prices>
                </DistanceMatrixElement>
                <DistanceMatrixElement id="VTR:DistanceMatrixElement:955763to955766" version="1">
                  <Name>Bajorai to Molėtų autobusų stotis</Name>
                  <StartStopPointRef ref="VTR:ScheduledStopPoint:58507" version="1"/>
                  <EndStopPointRef ref="VTR:ScheduledStopPoint:58510" version="1"/>
                  <prices>
                    <DistanceMatrixElementPrice id="VTR:DistanceMatrixElementPrice:955763to955766" version="1">
                      <Amount>0.3</Amount>
                      <DistanceMatrixElementRef ref="VTR:DistanceMatrixElement:955763to955766" version="1"/>
                    </DistanceMatrixElementPrice>
                  </prices>
                </DistanceMatrixElement>
                <DistanceMatrixElement id="VTR:DistanceMatrixElement:955764to955766" version="1">
                  <Name>Kijeliai to Molėtų autobusų stotis</Name>
                  <StartStopPointRef ref="VTR:ScheduledStopPoint:58508" version="1"/>
                  <EndStopPointRef ref="VTR:ScheduledStopPoint:58510" version="1"/>
                  <prices>
                    <DistanceMatrixElementPrice id="VTR:DistanceMatrixElementPrice:955764to955766" version="1">
                      <Amount>0.2</Amount>
                      <DistanceMatrixElementRef ref="VTR:DistanceMatrixElement:955764to955766" version="1"/>
                    </DistanceMatrixElementPrice>
                  </prices>
                </DistanceMatrixElement>
                <DistanceMatrixElement id="VTR:DistanceMatrixElement:955765to955766" version="1">
                  <Name>Sodai to Molėtų autobusų stotis</Name>
                  <StartStopPointRef ref="VTR:ScheduledStopPoint:58509" version="1"/>
                  <EndStopPointRef ref="VTR:ScheduledStopPoint:58510" version="1"/>
                  <prices>
                    <DistanceMatrixElementPrice id="VTR:DistanceMatrixElementPrice:955765to955766" version="1">
                      <Amount>0.1</Amount>
                      <DistanceMatrixElementRef ref="VTR:DistanceMatrixElement:955765to955766" version="1"/>
                    </DistanceMatrixElementPrice>
                  </prices>
                </DistanceMatrixElement>
                <DistanceMatrixElement id="VTR:DistanceMatrixElement:955754to955761" version="1">
                  <Name>Alanta to Interkiai 1</Name>
                  <StartStopPointRef ref="VTR:ScheduledStopPoint:58498" version="1"/>
                  <EndStopPointRef ref="VTR:ScheduledStopPoint:58505" version="1"/>
                  <prices>
                    <DistanceMatrixElementPrice id="VTR:DistanceMatrixElementPrice:955754to955761" version="1">
                      <Amount>1.1</Amount>
                      <DistanceMatrixElementRef ref="VTR:DistanceMatrixElement:955754to955761" version="1"/>
                    </DistanceMatrixElementPrice>
                  </prices>
                </DistanceMatrixElement>
                <DistanceMatrixElement id="VTR:DistanceMatrixElement:955754to955766" version="1">
                  <Name>Alanta to Molėtų autobusų stotis</Name>
                  <StartStopPointRef ref="VTR:ScheduledStopPoint:58498" version="1"/>
                  <EndStopPointRef ref="VTR:ScheduledStopPoint:58510" version="1"/>
                  <prices>
                    <DistanceMatrixElementPrice id="VTR:DistanceMatrixElementPrice:955754to955766" version="1">
                      <Amount>1.7</Amount>
                      <DistanceMatrixElementRef ref="VTR:DistanceMatrixElement:955754to955766" version="1"/>
                    </DistanceMatrixElementPrice>
                  </prices>
                </DistanceMatrixElement>
                <DistanceMatrixElement id="VTR:DistanceMatrixElement:955755to955765" version="1">
                  <Name>Padegsnys to Sodai</Name>
                  <StartStopPointRef ref="VTR:ScheduledStopPoint:58499" version="1"/>
                  <EndStopPointRef ref="VTR:ScheduledStopPoint:58509" version="1"/>
                  <prices>
                    <DistanceMatrixElementPrice id="VTR:DistanceMatrixElementPrice:955755to955765" version="1">
                      <Amount>1.4</Amount>
                      <DistanceMatrixElementRef ref="VTR:DistanceMatrixElement:955755to955765" version="1"/>
                    </DistanceMatrixElementPrice>
                  </prices>
                </DistanceMatrixElement>
                <DistanceMatrixElement id="VTR:DistanceMatrixElement:955756to955757" version="1">
                  <Name>Pakryžė to Karalinava</Name>
                  <StartStopPointRef ref="VTR:ScheduledStopPoint:58500" version="1"/>
                  <EndStopPointRef ref="VTR:ScheduledStopPoint:58501" version="1"/>
                  <prices>
                    <DistanceMatrixElementPrice id="VTR:DistanceMatrixElementPrice:955756to955757" version="1">
                      <Amount>0.1</Amount>
                      <DistanceMatrixElementRef ref="VTR:DistanceMatrixElement:955756to955757" version="1"/>
                    </DistanceMatrixElementPrice>
                  </prices>
                </DistanceMatrixElement>
                <DistanceMatrixElement id="VTR:DistanceMatrixElement:955756to955761" version="1">
                  <Name>Pakryžė to Interkiai 1</Name>
                  <StartStopPointRef ref="VTR:ScheduledStopPoint:58500" version="1"/>
                  <EndStopPointRef ref="VTR:ScheduledStopPoint:58505" version="1"/>
                  <prices>
                    <DistanceMatrixElementPrice id="VTR:DistanceMatrixElementPrice:955756to955761" version="1">
                      <Amount>0.7</Amount>
                      <DistanceMatrixElementRef ref="VTR:DistanceMatrixElement:955756to955761" version="1"/>
                    </DistanceMatrixElementPrice>
                  </prices>
                </DistanceMatrixElement>
                <DistanceMatrixElement id="VTR:DistanceMatrixElement:955757to955762" version="1">
                  <Name>Karalinava to Posūkis į Balninkus</Name>
                  <StartStopPointRef ref="VTR:ScheduledStopPoint:58501" version="1"/>
                  <EndStopPointRef ref="VTR:ScheduledStopPoint:58506" version="1"/>
                  <prices>
                    <DistanceMatrixElementPrice id="VTR:DistanceMatrixElementPrice:955757to955762" version="1">
                      <Amount>0.7</Amount>
                      <DistanceMatrixElementRef ref="VTR:DistanceMatrixElement:955757to955762" version="1"/>
                    </DistanceMatrixElementPrice>
                  </prices>
                </DistanceMatrixElement>
                <DistanceMatrixElement id="VTR:DistanceMatrixElement:955761to955762" version="1">
                  <Name>Interkiai 1 to Posūkis į Balninkus</Name>
                  <StartStopPointRef ref="VTR:ScheduledStopPoint:58505" version="1"/>
                  <EndStopPointRef ref="VTR:ScheduledStopPoint:58506" version="1"/>
                  <prices>
                    <DistanceMatrixElementPrice id="VTR:DistanceMatrixElementPrice:955761to955762" version="1">
                      <Amount>0.1</Amount>
                      <DistanceMatrixElementRef ref="VTR:DistanceMatrixElement:955761to955762" version="1"/>
                    </DistanceMatrixElementPrice>
                  </prices>
                </DistanceMatrixElement>
                <DistanceMatrixElement id="VTR:DistanceMatrixElement:955761to955765" version="1">
                  <Name>Interkiai 1 to Sodai</Name>
                  <StartStopPointRef ref="VTR:ScheduledStopPoint:58505" version="1"/>
                  <EndStopPointRef ref="VTR:ScheduledStopPoint:58509" version="1"/>
                  <prices>
                    <DistanceMatrixElementPrice id="VTR:DistanceMatrixElementPrice:955761to955765" version="1">
                      <Amount>0.6</Amount>
                      <DistanceMatrixElementRef ref="VTR:DistanceMatrixElement:955761to955765" version="1"/>
                    </DistanceMatrixElementPrice>
                  </prices>
                </DistanceMatrixElement>
                <DistanceMatrixElement id="VTR:DistanceMatrixElement:955754to955755" version="1">
                  <Name>Alanta to Padegsnys</Name>
                  <StartStopPointRef ref="VTR:ScheduledStopPoint:58498" version="1"/>
                  <EndStopPointRef ref="VTR:ScheduledStopPoint:58499" version="1"/>
                  <prices>
                    <DistanceMatrixElementPrice id="VTR:DistanceMatrixElementPrice:955754to955755" version="1">
                      <Amount>0.2</Amount>
                      <DistanceMatrixElementRef ref="VTR:DistanceMatrixElement:955754to955755" version="1"/>
                    </DistanceMatrixElementPrice>
                  </prices>
                </DistanceMatrixElement>
                <DistanceMatrixElement id="VTR:DistanceMatrixElement:955754to955760" version="1">
                  <Name>Alanta to Interkiai 2</Name>
                  <StartStopPointRef ref="VTR:ScheduledStopPoint:58498" version="1"/>
                  <EndStopPointRef ref="VTR:ScheduledStopPoint:58504" version="1"/>
                  <prices>
                    <DistanceMatrixElementPrice id="VTR:DistanceMatrixElementPrice:955754to955760" version="1">
                      <Amount>1.0</Amount>
                      <DistanceMatrixElementRef ref="VTR:DistanceMatrixElement:955754to955760" version="1"/>
                    </DistanceMatrixElementPrice>
                  </prices>
                </DistanceMatrixElement>
                <DistanceMatrixElement id="VTR:DistanceMatrixElement:955754to955762" version="1">
                  <Name>Alanta to Posūkis į Balninkus</Name>
                  <StartStopPointRef ref="VTR:ScheduledStopPoint:58498" version="1"/>
                  <EndStopPointRef ref="VTR:ScheduledStopPoint:58506" version="1"/>
                  <prices>
                    <DistanceMatrixElementPrice id="VTR:DistanceMatrixElementPrice:955754to955762" version="1">
                      <Amount>1.2</Amount>
                      <DistanceMatrixElementRef ref="VTR:DistanceMatrixElement:955754to955762" version="1"/>
                    </DistanceMatrixElementPrice>
                  </prices>
                </DistanceMatrixElement>
                <DistanceMatrixElement id="VTR:DistanceMatrixElement:955754to955763" version="1">
                  <Name>Alanta to Bajorai</Name>
                  <StartStopPointRef ref="VTR:ScheduledStopPoint:58498" version="1"/>
                  <EndStopPointRef ref="VTR:ScheduledStopPoint:58507" version="1"/>
                  <prices>
                    <DistanceMatrixElementPrice id="VTR:DistanceMatrixElementPrice:955754to955763" version="1">
                      <Amount>1.3</Amount>
                      <DistanceMatrixElementRef ref="VTR:DistanceMatrixElement:955754to955763" version="1"/>
                    </DistanceMatrixElementPrice>
                  </prices>
                </DistanceMatrixElement>
                <DistanceMatrixElement id="VTR:DistanceMatrixElement:955755to955766" version="1">
                  <Name>Padegsnys to Molėtų autobusų stotis</Name>
                  <StartStopPointRef ref="VTR:ScheduledStopPoint:58499" version="1"/>
                  <EndStopPointRef ref="VTR:ScheduledStopPoint:58510" version="1"/>
                  <prices>
                    <DistanceMatrixElementPrice id="VTR:DistanceMatrixElementPrice:955755to955766" version="1">
                      <Amount>1.4</Amount>
                      <DistanceMatrixElementRef ref="VTR:DistanceMatrixElement:955755to955766" version="1"/>
                    </DistanceMatrixElementPrice>
                  </prices>
                </DistanceMatrixElement>
                <DistanceMatrixElement id="VTR:DistanceMatrixElement:955757to955761" version="1">
                  <Name>Karalinava to Interkiai 1</Name>
                  <StartStopPointRef ref="VTR:ScheduledStopPoint:58501" version="1"/>
                  <EndStopPointRef ref="VTR:ScheduledStopPoint:58505" version="1"/>
                  <prices>
                    <DistanceMatrixElementPrice id="VTR:DistanceMatrixElementPrice:955757to955761" version="1">
                      <Amount>0.6</Amount>
                      <DistanceMatrixElementRef ref="VTR:DistanceMatrixElement:955757to955761" version="1"/>
                    </DistanceMatrixElementPrice>
                  </prices>
                </DistanceMatrixElement>
                <DistanceMatrixElement id="VTR:DistanceMatrixElement:955758to955759" version="1">
                  <Name>N.Karalinava to Avilčiai</Name>
                  <StartStopPointRef ref="VTR:ScheduledStopPoint:58502" version="1"/>
                  <EndStopPointRef ref="VTR:ScheduledStopPoint:58503" version="1"/>
                  <prices>
                    <DistanceMatrixElementPrice id="VTR:DistanceMatrixElementPrice:955758to955759" version="1">
                      <Amount>0.2</Amount>
                      <DistanceMatrixElementRef ref="VTR:DistanceMatrixElement:955758to955759" version="1"/>
                    </DistanceMatrixElementPrice>
                  </prices>
                </DistanceMatrixElement>
                <DistanceMatrixElement id="VTR:DistanceMatrixElement:955759to955762" version="1">
                  <Name>Avilčiai to Posūkis į Balninkus</Name>
                  <StartStopPointRef ref="VTR:ScheduledStopPoint:58503" version="1"/>
                  <EndStopPointRef ref="VTR:ScheduledStopPoint:58506" version="1"/>
                  <prices>
                    <DistanceMatrixElementPrice id="VTR:DistanceMatrixElementPrice:955759to955762" version="1">
                      <Amount>0.4</Amount>
                      <DistanceMatrixElementRef ref="VTR:DistanceMatrixElement:955759to955762" version="1"/>
                    </DistanceMatrixElementPrice>
                  </prices>
                </DistanceMatrixElement>
                <DistanceMatrixElement id="VTR:DistanceMatrixElement:955762to955764" version="1">
                  <Name>Posūkis į Balninkus to Kijeliai</Name>
                  <StartStopPointRef ref="VTR:ScheduledStopPoint:58506" version="1"/>
                  <EndStopPointRef ref="VTR:ScheduledStopPoint:58508" version="1"/>
                  <prices>
                    <DistanceMatrixElementPrice id="VTR:DistanceMatrixElementPrice:955762to955764" version="1">
                      <Amount>0.3</Amount>
                      <DistanceMatrixElementRef ref="VTR:DistanceMatrixElement:955762to955764" version="1"/>
                    </DistanceMatrixElementPrice>
                  </prices>
                </DistanceMatrixElement>
                <DistanceMatrixElement id="VTR:DistanceMatrixElement:955755to955761" version="1">
                  <Name>Padegsnys to Interkiai 1</Name>
                  <StartStopPointRef ref="VTR:ScheduledStopPoint:58499" version="1"/>
                  <EndStopPointRef ref="VTR:ScheduledStopPoint:58505" version="1"/>
                  <prices>
                    <DistanceMatrixElementPrice id="VTR:DistanceMatrixElementPrice:955755to955761" version="1">
                      <Amount>0.8</Amount>
                      <DistanceMatrixElementRef ref="VTR:DistanceMatrixElement:955755to955761" version="1"/>
                    </DistanceMatrixElementPrice>
                  </prices>
                </DistanceMatrixElement>
                <DistanceMatrixElement id="VTR:DistanceMatrixElement:955756to955758" version="1">
                  <Name>Pakryžė to N.Karalinava</Name>
                  <StartStopPointRef ref="VTR:ScheduledStopPoint:58500" version="1"/>
                  <EndStopPointRef ref="VTR:ScheduledStopPoint:58502" version="1"/>
                  <prices>
                    <DistanceMatrixElementPrice id="VTR:DistanceMatrixElementPrice:955756to955758" version="1">
                      <Amount>0.2</Amount>
                      <DistanceMatrixElementRef ref="VTR:DistanceMatrixElement:955756to955758" version="1"/>
                    </DistanceMatrixElementPrice>
                  </prices>
                </DistanceMatrixElement>
                <DistanceMatrixElement id="VTR:DistanceMatrixElement:955756to955765" version="1">
                  <Name>Pakryžė to Sodai</Name>
                  <StartStopPointRef ref="VTR:ScheduledStopPoint:58500" version="1"/>
                  <EndStopPointRef ref="VTR:ScheduledStopPoint:58509" version="1"/>
                  <prices>
                    <DistanceMatrixElementPrice id="VTR:DistanceMatrixElementPrice:955756to955765" version="1">
                      <Amount>1.3</Amount>
                      <DistanceMatrixElementRef ref="VTR:DistanceMatrixElement:955756to955765" version="1"/>
                    </DistanceMatrixElementPrice>
                  </prices>
                </DistanceMatrixElement>
                <DistanceMatrixElement id="VTR:DistanceMatrixElement:955757to955763" version="1">
                  <Name>Karalinava to Bajorai</Name>
                  <StartStopPointRef ref="VTR:ScheduledStopPoint:58501" version="1"/>
                  <EndStopPointRef ref="VTR:ScheduledStopPoint:58507" version="1"/>
                  <prices>
                    <DistanceMatrixElementPrice id="VTR:DistanceMatrixElementPrice:955757to955763" version="1">
                      <Amount>0.9</Amount>
                      <DistanceMatrixElementRef ref="VTR:DistanceMatrixElement:955757to955763" version="1"/>
                    </DistanceMatrixElementPrice>
                  </prices>
                </DistanceMatrixElement>
                <DistanceMatrixElement id="VTR:DistanceMatrixElement:955757to955765" version="1">
                  <Name>Karalinava to Sodai</Name>
                  <StartStopPointRef ref="VTR:ScheduledStopPoint:58501" version="1"/>
                  <EndStopPointRef ref="VTR:ScheduledStopPoint:58509" version="1"/>
                  <prices>
                    <DistanceMatrixElementPrice id="VTR:DistanceMatrixElementPrice:955757to955765" version="1">
                      <Amount>1.2</Amount>
                      <DistanceMatrixElementRef ref="VTR:DistanceMatrixElement:955757to955765" version="1"/>
                    </DistanceMatrixElementPrice>
                  </prices>
                </DistanceMatrixElement>
                <DistanceMatrixElement id="VTR:DistanceMatrixElement:955757to955766" version="1">
                  <Name>Karalinava to Molėtų autobusų stotis</Name>
                  <StartStopPointRef ref="VTR:ScheduledStopPoint:58501" version="1"/>
                  <EndStopPointRef ref="VTR:ScheduledStopPoint:58510" version="1"/>
                  <prices>
                    <DistanceMatrixElementPrice id="VTR:DistanceMatrixElementPrice:955757to955766" version="1">
                      <Amount>1.2</Amount>
                      <DistanceMatrixElementRef ref="VTR:DistanceMatrixElement:955757to955766" version="1"/>
                    </DistanceMatrixElementPrice>
                  </prices>
                </DistanceMatrixElement>
                <DistanceMatrixElement id="VTR:DistanceMatrixElement:955759to955761" version="1">
                  <Name>Avilčiai to Interkiai 1</Name>
                  <StartStopPointRef ref="VTR:ScheduledStopPoint:58503" version="1"/>
                  <EndStopPointRef ref="VTR:ScheduledStopPoint:58505" version="1"/>
                  <prices>
                    <DistanceMatrixElementPrice id="VTR:DistanceMatrixElementPrice:955759to955761" version="1">
                      <Amount>0.3</Amount>
                      <DistanceMatrixElementRef ref="VTR:DistanceMatrixElement:955759to955761" version="1"/>
                    </DistanceMatrixElementPrice>
                  </prices>
                </DistanceMatrixElement>
                <DistanceMatrixElement id="VTR:DistanceMatrixElement:955760to955762" version="1">
                  <Name>Interkiai 2 to Posūkis į Balninkus</Name>
                  <StartStopPointRef ref="VTR:ScheduledStopPoint:58504" version="1"/>
                  <EndStopPointRef ref="VTR:ScheduledStopPoint:58506" version="1"/>
                  <prices>
                    <DistanceMatrixElementPrice id="VTR:DistanceMatrixElementPrice:955760to955762" version="1">
                      <Amount>0.2</Amount>
                      <DistanceMatrixElementRef ref="VTR:DistanceMatrixElement:955760to955762" version="1"/>
                    </DistanceMatrixElementPrice>
                  </prices>
                </DistanceMatrixElement>
                <DistanceMatrixElement id="VTR:DistanceMatrixElement:955760to955764" version="1">
                  <Name>Interkiai 2 to Kijeliai</Name>
                  <StartStopPointRef ref="VTR:ScheduledStopPoint:58504" version="1"/>
                  <EndStopPointRef ref="VTR:ScheduledStopPoint:58508" version="1"/>
                  <prices>
                    <DistanceMatrixElementPrice id="VTR:DistanceMatrixElementPrice:955760to955764" version="1">
                      <Amount>0.5</Amount>
                      <DistanceMatrixElementRef ref="VTR:DistanceMatrixElement:955760to955764" version="1"/>
                    </DistanceMatrixElementPrice>
                  </prices>
                </DistanceMatrixElement>
                <DistanceMatrixElement id="VTR:DistanceMatrixElement:955760to955766" version="1">
                  <Name>Interkiai 2 to Molėtų autobusų stotis</Name>
                  <StartStopPointRef ref="VTR:ScheduledStopPoint:58504" version="1"/>
                  <EndStopPointRef ref="VTR:ScheduledStopPoint:58510" version="1"/>
                  <prices>
                    <DistanceMatrixElementPrice id="VTR:DistanceMatrixElementPrice:955760to955766" version="1">
                      <Amount>0.7</Amount>
                      <DistanceMatrixElementRef ref="VTR:DistanceMatrixElement:955760to955766" version="1"/>
                    </DistanceMatrixElementPrice>
                  </prices>
                </DistanceMatrixElement>
                <DistanceMatrixElement id="VTR:DistanceMatrixElement:955761to955763" version="1">
                  <Name>Interkiai 1 to Bajorai</Name>
                  <StartStopPointRef ref="VTR:ScheduledStopPoint:58505" version="1"/>
                  <EndStopPointRef ref="VTR:ScheduledStopPoint:58507" version="1"/>
                  <prices>
                    <DistanceMatrixElementPrice id="VTR:DistanceMatrixElementPrice:955761to955763" version="1">
                      <Amount>0.3</Amount>
                      <DistanceMatrixElementRef ref="VTR:DistanceMatrixElement:955761to955763" version="1"/>
                    </DistanceMatrixElementPrice>
                  </prices>
                </DistanceMatrixElement>
                <DistanceMatrixElement id="VTR:DistanceMatrixElement:955764to955765" version="1">
                  <Name>Kijeliai to Sodai</Name>
                  <StartStopPointRef ref="VTR:ScheduledStopPoint:58508" version="1"/>
                  <EndStopPointRef ref="VTR:ScheduledStopPoint:58509" version="1"/>
                  <prices>
                    <DistanceMatrixElementPrice id="VTR:DistanceMatrixElementPrice:955764to955765" version="1">
                      <Amount>0.2</Amount>
                      <DistanceMatrixElementRef ref="VTR:DistanceMatrixElement:955764to955765" version="1"/>
                    </DistanceMatrixElementPrice>
                  </prices>
                </DistanceMatrixElement>
              </distanceMatrixElements>
            </Tariff>
          </tariffs>
          <usageParameters>
            <FrequencyOfUse id="VTR:FrequencyOfUse:oneTrip" version="1">
              <FrequencyOfUseType>unlimited</FrequencyOfUseType>
              <MaximalFrequency>1</MaximalFrequency>
            </FrequencyOfUse>
          </usageParameters>
        </FareFrame>
      </frames>
    </CompositeFrame>
  </dataObjects>
</PublicationDelivery>
