<?xml version="1.0" encoding="UTF-8"?><PublicationDelivery xmlns="http://www.netex.org.uk/netex" xmlns:gis="http://www.opengis.net/gml/3.2" xmlns:ns2="http://www.opengis.net/gml/3.2" xmlns:ns3="http://www.siri.org.uk/siri" xmlns:xsi="http://www.w3.org/2001/XMLSchema-instance" version="1" xsi:schemaLocation="">
  <PublicationTimestamp>2022-05-07T04:00:00.271</PublicationTimestamp>
  <ParticipantRef>VTR</ParticipantRef>
  <Description>1</Description>
  <dataObjects>
    <CompositeFrame created="2022-05-07T04:00:00.271" version="1" id="VTR:CompositeFrame:1388">
      <validityConditions>
        <AvailabilityCondition version="1" id="VTR:AvailabilityCondition:1388">
          <FromDate>2015-07-27T14:51:56</FromDate>
          <ToDate>2027-12-30T00:00:00</ToDate>
        </AvailabilityCondition>
      </validityConditions>
      <codespaces>
        <Codespace id="vtr">
          <Xmlns>VTR</Xmlns>
          <XmlnsUrl>http://www.visimarsrutai.lt/</XmlnsUrl>
        </Codespace>
      </codespaces>
      <FrameDefaults>
        <DefaultLocale>
          <TimeZone>Europe/Vilnius</TimeZone>
        </DefaultLocale>
        <DefaultLocationSystem>WGS84</DefaultLocationSystem>
      </FrameDefaults>
      <frames>
        <ServiceCalendarFrame version="1" id="VTR:ServiceCalendarFrame:1388">
          <dayTypes>
            <DayType id="VTR:DayType:815" version="1">
              <properties>
                <PropertyOfDay>
                  <DaysOfWeek>Monday Tuesday Wednesday Thursday Friday</DaysOfWeek>
                </PropertyOfDay>
              </properties>
            </DayType>
          </dayTypes>
          <operatingPeriods>
            <OperatingPeriod version="1" id="VTR:OperatingPeriod:815">
              <FromDate>2015-07-01T00:00:00</FromDate>
              <ToDate>2020-12-31T00:00:00</ToDate>
            </OperatingPeriod>
          </operatingPeriods>
          <dayTypeAssignments>
            <DayTypeAssignment id="VTR:DayTypeAssignment:815_0" version="1" order="957">
              <OperatingPeriodRef ref="VTR:OperatingPeriod:815" version="1"/>
              <DayTypeRef ref="VTR:DayType:815" version="1"/>
            </DayTypeAssignment>
          </dayTypeAssignments>
        </ServiceCalendarFrame>
        <ServiceFrame id="VTR:ServiceFrame:1388" version="1">
          <Network version="0" id="VTR:Network:9"/>
          <routePoints>
            <RoutePoint version="1" id="VTR:RoutePoint:58871">
              <projections>
                <PointProjection version="1" id="VTR:PointProjection:20224">
                  <ProjectedPointRef ref="VTR:ScheduledStopPoint:58871" version="1"/>
                </PointProjection>
              </projections>
            </RoutePoint>
            <RoutePoint version="1" id="VTR:RoutePoint:58872">
              <projections>
                <PointProjection version="1" id="VTR:PointProjection:20225">
                  <ProjectedPointRef ref="VTR:ScheduledStopPoint:58872" version="1"/>
                </PointProjection>
              </projections>
            </RoutePoint>
            <RoutePoint version="1" id="VTR:RoutePoint:58873">
              <projections>
                <PointProjection version="1" id="VTR:PointProjection:20226">
                  <ProjectedPointRef ref="VTR:ScheduledStopPoint:58873" version="1"/>
                </PointProjection>
              </projections>
            </RoutePoint>
            <RoutePoint version="1" id="VTR:RoutePoint:58874">
              <projections>
                <PointProjection version="1" id="VTR:PointProjection:20227">
                  <ProjectedPointRef ref="VTR:ScheduledStopPoint:58874" version="1"/>
                </PointProjection>
              </projections>
            </RoutePoint>
            <RoutePoint version="1" id="VTR:RoutePoint:58875">
              <projections>
                <PointProjection version="1" id="VTR:PointProjection:20228">
                  <ProjectedPointRef ref="VTR:ScheduledStopPoint:58875" version="1"/>
                </PointProjection>
              </projections>
            </RoutePoint>
            <RoutePoint version="1" id="VTR:RoutePoint:58876">
              <projections>
                <PointProjection version="1" id="VTR:PointProjection:20229">
                  <ProjectedPointRef ref="VTR:ScheduledStopPoint:58876" version="1"/>
                </PointProjection>
              </projections>
            </RoutePoint>
            <RoutePoint version="1" id="VTR:RoutePoint:58877">
              <projections>
                <PointProjection version="1" id="VTR:PointProjection:20230">
                  <ProjectedPointRef ref="VTR:ScheduledStopPoint:58877" version="1"/>
                </PointProjection>
              </projections>
            </RoutePoint>
            <RoutePoint version="1" id="VTR:RoutePoint:58878">
              <projections>
                <PointProjection version="1" id="VTR:PointProjection:20231">
                  <ProjectedPointRef ref="VTR:ScheduledStopPoint:58878" version="1"/>
                </PointProjection>
              </projections>
            </RoutePoint>
            <RoutePoint version="1" id="VTR:RoutePoint:58879">
              <projections>
                <PointProjection version="1" id="VTR:PointProjection:20232">
                  <ProjectedPointRef ref="VTR:ScheduledStopPoint:58879" version="1"/>
                </PointProjection>
              </projections>
            </RoutePoint>
            <RoutePoint version="1" id="VTR:RoutePoint:58880">
              <projections>
                <PointProjection version="1" id="VTR:PointProjection:20233">
                  <ProjectedPointRef ref="VTR:ScheduledStopPoint:58880" version="1"/>
                </PointProjection>
              </projections>
            </RoutePoint>
            <RoutePoint version="1" id="VTR:RoutePoint:58881">
              <projections>
                <PointProjection version="1" id="VTR:PointProjection:20234">
                  <ProjectedPointRef ref="VTR:ScheduledStopPoint:58881" version="1"/>
                </PointProjection>
              </projections>
            </RoutePoint>
            <RoutePoint version="1" id="VTR:RoutePoint:58882">
              <projections>
                <PointProjection version="1" id="VTR:PointProjection:20235">
                  <ProjectedPointRef ref="VTR:ScheduledStopPoint:58882" version="1"/>
                </PointProjection>
              </projections>
            </RoutePoint>
            <RoutePoint version="1" id="VTR:RoutePoint:58883">
              <projections>
                <PointProjection version="1" id="VTR:PointProjection:20277">
                  <ProjectedPointRef ref="VTR:ScheduledStopPoint:58883" version="1"/>
                </PointProjection>
              </projections>
            </RoutePoint>
          </routePoints>
          <routes>
            <Route version="1" id="VTR:Route:3537">
              <Name>Molėtai - Avilčiai - Alanta</Name>
              <ShortName>Molėtai - Avilčiai - Alanta</ShortName>
              <LineRef ref="VTR:Line:1458" version="1440"/>
              <DirectionType>outbound</DirectionType>
              <pointsInSequence>
                <PointOnRoute version="1" id="VTR:PointOnRoute:58871" order="1">
                  <RoutePointRef ref="VTR:RoutePoint:58871"/>
                </PointOnRoute>
                <PointOnRoute version="1" id="VTR:PointOnRoute:58872" order="2">
                  <RoutePointRef ref="VTR:RoutePoint:58872"/>
                </PointOnRoute>
                <PointOnRoute version="1" id="VTR:PointOnRoute:58873" order="3">
                  <RoutePointRef ref="VTR:RoutePoint:58873"/>
                </PointOnRoute>
                <PointOnRoute version="1" id="VTR:PointOnRoute:58874" order="4">
                  <RoutePointRef ref="VTR:RoutePoint:58874"/>
                </PointOnRoute>
                <PointOnRoute version="1" id="VTR:PointOnRoute:58875" order="5">
                  <RoutePointRef ref="VTR:RoutePoint:58875"/>
                </PointOnRoute>
                <PointOnRoute version="1" id="VTR:PointOnRoute:58876" order="6">
                  <RoutePointRef ref="VTR:RoutePoint:58876"/>
                </PointOnRoute>
                <PointOnRoute version="1" id="VTR:PointOnRoute:58877" order="7">
                  <RoutePointRef ref="VTR:RoutePoint:58877"/>
                </PointOnRoute>
                <PointOnRoute version="1" id="VTR:PointOnRoute:58878" order="8">
                  <RoutePointRef ref="VTR:RoutePoint:58878"/>
                </PointOnRoute>
                <PointOnRoute version="1" id="VTR:PointOnRoute:58879" order="9">
                  <RoutePointRef ref="VTR:RoutePoint:58879"/>
                </PointOnRoute>
                <PointOnRoute version="1" id="VTR:PointOnRoute:58880" order="10">
                  <RoutePointRef ref="VTR:RoutePoint:58880"/>
                </PointOnRoute>
                <PointOnRoute version="1" id="VTR:PointOnRoute:58881" order="11">
                  <RoutePointRef ref="VTR:RoutePoint:58881"/>
                </PointOnRoute>
                <PointOnRoute version="1" id="VTR:PointOnRoute:58882" order="12">
                  <RoutePointRef ref="VTR:RoutePoint:58882"/>
                </PointOnRoute>
                <PointOnRoute version="1" id="VTR:PointOnRoute:58883" order="13">
                  <RoutePointRef ref="VTR:RoutePoint:58883"/>
                </PointOnRoute>
              </pointsInSequence>
            </Route>
          </routes>
          <lines>
            <Line version="1440" id="VTR:Line:1458">
              <Name>Molėtai - Avilčiai - Alanta</Name>
              <TransportMode>bus</TransportMode>
              <TransportSubmode>
                <BusSubmode>regionalBus</BusSubmode>
              </TransportSubmode>
              <PublicCode>M-5003</PublicCode>
              <OperatorRef ref="VTR:Operator:9"/>
            </Line>
          </lines>
          <scheduledStopPoints>
            <ScheduledStopPoint version="1" id="VTR:ScheduledStopPoint:58871">
              <Name>Molėtų autobusų stotis</Name>
            </ScheduledStopPoint>
            <ScheduledStopPoint version="1" id="VTR:ScheduledStopPoint:58872">
              <Name>Sodai</Name>
            </ScheduledStopPoint>
            <ScheduledStopPoint version="1" id="VTR:ScheduledStopPoint:58873">
              <Name>Kijeliai</Name>
            </ScheduledStopPoint>
            <ScheduledStopPoint version="1" id="VTR:ScheduledStopPoint:58874">
              <Name>Bajorai</Name>
            </ScheduledStopPoint>
            <ScheduledStopPoint version="1" id="VTR:ScheduledStopPoint:58875">
              <Name>Posūkis į Balninkus</Name>
            </ScheduledStopPoint>
            <ScheduledStopPoint version="1" id="VTR:ScheduledStopPoint:58876">
              <Name>Interkiai 1</Name>
            </ScheduledStopPoint>
            <ScheduledStopPoint version="1" id="VTR:ScheduledStopPoint:58877">
              <Name>Interkiai 2</Name>
            </ScheduledStopPoint>
            <ScheduledStopPoint version="1" id="VTR:ScheduledStopPoint:58878">
              <Name>Avilčiai</Name>
            </ScheduledStopPoint>
            <ScheduledStopPoint version="1" id="VTR:ScheduledStopPoint:58879">
              <Name>N.Karalinava</Name>
            </ScheduledStopPoint>
            <ScheduledStopPoint version="1" id="VTR:ScheduledStopPoint:58880">
              <Name>Karalinava</Name>
            </ScheduledStopPoint>
            <ScheduledStopPoint version="1" id="VTR:ScheduledStopPoint:58881">
              <Name>Pakryžė</Name>
            </ScheduledStopPoint>
            <ScheduledStopPoint version="1" id="VTR:ScheduledStopPoint:58882">
              <Name>Padegsnys</Name>
            </ScheduledStopPoint>
            <ScheduledStopPoint version="1" id="VTR:ScheduledStopPoint:58883">
              <Name>Alanta</Name>
            </ScheduledStopPoint>
          </scheduledStopPoints>
          <serviceLinks>
            <ServiceLink id="VTR:ServiceLink:58874_1_58875_1" version="1">
              <Distance>1</Distance>
              <FromPointRef ref="VTR:ScheduledStopPoint:58874" version="1"/>
              <ToPointRef ref="VTR:ScheduledStopPoint:58875" version="1"/>
            </ServiceLink>
            <ServiceLink id="VTR:ServiceLink:58875_1_58876_1" version="1">
              <Distance>0</Distance>
              <FromPointRef ref="VTR:ScheduledStopPoint:58875" version="1"/>
              <ToPointRef ref="VTR:ScheduledStopPoint:58876" version="1"/>
            </ServiceLink>
            <ServiceLink id="VTR:ServiceLink:58879_1_58880_1" version="1">
              <Distance>1</Distance>
              <FromPointRef ref="VTR:ScheduledStopPoint:58879" version="1"/>
              <ToPointRef ref="VTR:ScheduledStopPoint:58880" version="1"/>
            </ServiceLink>
            <ServiceLink id="VTR:ServiceLink:58871_1_58872_1" version="1">
              <Distance>1</Distance>
              <FromPointRef ref="VTR:ScheduledStopPoint:58871" version="1"/>
              <ToPointRef ref="VTR:ScheduledStopPoint:58872" version="1"/>
            </ServiceLink>
            <ServiceLink id="VTR:ServiceLink:58873_1_58874_1" version="1">
              <Distance>1</Distance>
              <FromPointRef ref="VTR:ScheduledStopPoint:58873" version="1"/>
              <ToPointRef ref="VTR:ScheduledStopPoint:58874" version="1"/>
            </ServiceLink>
            <ServiceLink id="VTR:ServiceLink:58880_1_58881_1" version="1">
              <Distance>1</Distance>
              <FromPointRef ref="VTR:ScheduledStopPoint:58880" version="1"/>
              <ToPointRef ref="VTR:ScheduledStopPoint:58881" version="1"/>
            </ServiceLink>
            <ServiceLink id="VTR:ServiceLink:58882_1_58883_1" version="1">
              <Distance>2</Distance>
              <FromPointRef ref="VTR:ScheduledStopPoint:58882" version="1"/>
              <ToPointRef ref="VTR:ScheduledStopPoint:58883" version="1"/>
            </ServiceLink>
            <ServiceLink id="VTR:ServiceLink:58872_1_58873_1" version="1">
              <Distance>1</Distance>
              <FromPointRef ref="VTR:ScheduledStopPoint:58872" version="1"/>
              <ToPointRef ref="VTR:ScheduledStopPoint:58873" version="1"/>
            </ServiceLink>
            <ServiceLink id="VTR:ServiceLink:58878_1_58879_1" version="1">
              <Distance>1</Distance>
              <FromPointRef ref="VTR:ScheduledStopPoint:58878" version="1"/>
              <ToPointRef ref="VTR:ScheduledStopPoint:58879" version="1"/>
            </ServiceLink>
            <ServiceLink id="VTR:ServiceLink:58881_1_58882_1" version="1">
              <Distance>1</Distance>
              <FromPointRef ref="VTR:ScheduledStopPoint:58881" version="1"/>
              <ToPointRef ref="VTR:ScheduledStopPoint:58882" version="1"/>
            </ServiceLink>
            <ServiceLink id="VTR:ServiceLink:58877_1_58878_1" version="1">
              <Distance>2</Distance>
              <FromPointRef ref="VTR:ScheduledStopPoint:58877" version="1"/>
              <ToPointRef ref="VTR:ScheduledStopPoint:58878" version="1"/>
            </ServiceLink>
            <ServiceLink id="VTR:ServiceLink:58876_1_58877_1" version="1">
              <Distance>1</Distance>
              <FromPointRef ref="VTR:ScheduledStopPoint:58876" version="1"/>
              <ToPointRef ref="VTR:ScheduledStopPoint:58877" version="1"/>
            </ServiceLink>
          </serviceLinks>
          <stopAssignments>
            <PassengerStopAssignment order="353700000" id="VTR:PassengerStopAssignment:58871" version="1">
              <ScheduledStopPointRef ref="VTR:ScheduledStopPoint:58871" version="1"/>
              <QuayRef ref="VTR:Quay:19482"/>
            </PassengerStopAssignment>
            <PassengerStopAssignment order="353700001" id="VTR:PassengerStopAssignment:58872" version="1">
              <ScheduledStopPointRef ref="VTR:ScheduledStopPoint:58872" version="1"/>
              <QuayRef ref="VTR:Quay:20800"/>
            </PassengerStopAssignment>
            <PassengerStopAssignment order="353700002" id="VTR:PassengerStopAssignment:58873" version="1">
              <ScheduledStopPointRef ref="VTR:ScheduledStopPoint:58873" version="1"/>
              <QuayRef ref="VTR:Quay:8419"/>
            </PassengerStopAssignment>
            <PassengerStopAssignment order="353700003" id="VTR:PassengerStopAssignment:58874" version="1">
              <ScheduledStopPointRef ref="VTR:ScheduledStopPoint:58874" version="1"/>
              <QuayRef ref="VTR:Quay:7406"/>
            </PassengerStopAssignment>
            <PassengerStopAssignment order="353700004" id="VTR:PassengerStopAssignment:58875" version="1">
              <ScheduledStopPointRef ref="VTR:ScheduledStopPoint:58875" version="1"/>
              <QuayRef ref="VTR:Quay:9401"/>
            </PassengerStopAssignment>
            <PassengerStopAssignment order="353700005" id="VTR:PassengerStopAssignment:58876" version="1">
              <ScheduledStopPointRef ref="VTR:ScheduledStopPoint:58876" version="1"/>
              <QuayRef ref="VTR:Quay:12353"/>
            </PassengerStopAssignment>
            <PassengerStopAssignment order="353700006" id="VTR:PassengerStopAssignment:58877" version="1">
              <ScheduledStopPointRef ref="VTR:ScheduledStopPoint:58877" version="1"/>
              <QuayRef ref="VTR:Quay:8465"/>
            </PassengerStopAssignment>
            <PassengerStopAssignment order="353700007" id="VTR:PassengerStopAssignment:58878" version="1">
              <ScheduledStopPointRef ref="VTR:ScheduledStopPoint:58878" version="1"/>
              <QuayRef ref="VTR:Quay:7486"/>
            </PassengerStopAssignment>
            <PassengerStopAssignment order="353700008" id="VTR:PassengerStopAssignment:58879" version="1">
              <ScheduledStopPointRef ref="VTR:ScheduledStopPoint:58879" version="1"/>
              <QuayRef ref="VTR:Quay:7398"/>
            </PassengerStopAssignment>
            <PassengerStopAssignment order="353700009" id="VTR:PassengerStopAssignment:58880" version="1">
              <ScheduledStopPointRef ref="VTR:ScheduledStopPoint:58880" version="1"/>
              <QuayRef ref="VTR:Quay:8466"/>
            </PassengerStopAssignment>
            <PassengerStopAssignment order="353700010" id="VTR:PassengerStopAssignment:58881" version="1">
              <ScheduledStopPointRef ref="VTR:ScheduledStopPoint:58881" version="1"/>
              <QuayRef ref="VTR:Quay:7457"/>
            </PassengerStopAssignment>
            <PassengerStopAssignment order="353700011" id="VTR:PassengerStopAssignment:58882" version="1">
              <ScheduledStopPointRef ref="VTR:ScheduledStopPoint:58882" version="1"/>
              <QuayRef ref="VTR:Quay:7426"/>
            </PassengerStopAssignment>
            <PassengerStopAssignment order="353700012" id="VTR:PassengerStopAssignment:58883" version="1">
              <ScheduledStopPointRef ref="VTR:ScheduledStopPoint:58883" version="1"/>
              <QuayRef ref="VTR:Quay:7459"/>
            </PassengerStopAssignment>
          </stopAssignments>
          <journeyPatterns>
            <JourneyPattern id="VTR:JourneyPattern:45591" version="45552">
              <Name>5003-3</Name>
              <RouteRef ref="VTR:Route:3537" version="1"/>
              <pointsInSequence>
                <StopPointInJourneyPattern id="VTR:StopPointInJourneyPattern:956205" version="45552" order="1">
                  <ScheduledStopPointRef ref="VTR:ScheduledStopPoint:58871"/>
                  <DestinationDisplayRef ref="VTR:DestinationDisplay:1"/>
                </StopPointInJourneyPattern>
                <StopPointInJourneyPattern id="VTR:StopPointInJourneyPattern:956206" version="45552" order="2">
                  <ScheduledStopPointRef ref="VTR:ScheduledStopPoint:58872"/>
                  <DestinationDisplayRef ref="VTR:DestinationDisplay:1"/>
                </StopPointInJourneyPattern>
                <StopPointInJourneyPattern id="VTR:StopPointInJourneyPattern:956207" version="45552" order="3">
                  <ScheduledStopPointRef ref="VTR:ScheduledStopPoint:58873"/>
                  <DestinationDisplayRef ref="VTR:DestinationDisplay:1"/>
                </StopPointInJourneyPattern>
                <StopPointInJourneyPattern id="VTR:StopPointInJourneyPattern:956208" version="45552" order="4">
                  <ScheduledStopPointRef ref="VTR:ScheduledStopPoint:58874"/>
                  <DestinationDisplayRef ref="VTR:DestinationDisplay:1"/>
                </StopPointInJourneyPattern>
                <StopPointInJourneyPattern id="VTR:StopPointInJourneyPattern:956209" version="45552" order="5">
                  <ScheduledStopPointRef ref="VTR:ScheduledStopPoint:58875"/>
                  <DestinationDisplayRef ref="VTR:DestinationDisplay:1"/>
                </StopPointInJourneyPattern>
                <StopPointInJourneyPattern id="VTR:StopPointInJourneyPattern:956210" version="45552" order="6">
                  <ScheduledStopPointRef ref="VTR:ScheduledStopPoint:58876"/>
                  <DestinationDisplayRef ref="VTR:DestinationDisplay:1"/>
                </StopPointInJourneyPattern>
                <StopPointInJourneyPattern id="VTR:StopPointInJourneyPattern:956211" version="45552" order="7">
                  <ScheduledStopPointRef ref="VTR:ScheduledStopPoint:58877"/>
                  <DestinationDisplayRef ref="VTR:DestinationDisplay:1"/>
                </StopPointInJourneyPattern>
                <StopPointInJourneyPattern id="VTR:StopPointInJourneyPattern:956212" version="45552" order="8">
                  <ScheduledStopPointRef ref="VTR:ScheduledStopPoint:58878"/>
                  <DestinationDisplayRef ref="VTR:DestinationDisplay:1"/>
                </StopPointInJourneyPattern>
                <StopPointInJourneyPattern id="VTR:StopPointInJourneyPattern:956213" version="45552" order="9">
                  <ScheduledStopPointRef ref="VTR:ScheduledStopPoint:58879"/>
                  <DestinationDisplayRef ref="VTR:DestinationDisplay:1"/>
                </StopPointInJourneyPattern>
                <StopPointInJourneyPattern id="VTR:StopPointInJourneyPattern:956214" version="45552" order="10">
                  <ScheduledStopPointRef ref="VTR:ScheduledStopPoint:58880"/>
                  <DestinationDisplayRef ref="VTR:DestinationDisplay:1"/>
                </StopPointInJourneyPattern>
                <StopPointInJourneyPattern id="VTR:StopPointInJourneyPattern:956215" version="45552" order="11">
                  <ScheduledStopPointRef ref="VTR:ScheduledStopPoint:58881"/>
                  <DestinationDisplayRef ref="VTR:DestinationDisplay:1"/>
                </StopPointInJourneyPattern>
                <StopPointInJourneyPattern id="VTR:StopPointInJourneyPattern:956216" version="45552" order="12">
                  <ScheduledStopPointRef ref="VTR:ScheduledStopPoint:58882"/>
                  <DestinationDisplayRef ref="VTR:DestinationDisplay:1"/>
                </StopPointInJourneyPattern>
                <StopPointInJourneyPattern id="VTR:StopPointInJourneyPattern:956217" version="45552" order="13">
                  <ScheduledStopPointRef ref="VTR:ScheduledStopPoint:58883"/>
                  <DestinationDisplayRef ref="VTR:DestinationDisplay:1"/>
                </StopPointInJourneyPattern>
              </pointsInSequence>
            </JourneyPattern>
          </journeyPatterns>
        </ServiceFrame>
        <TimetableFrame version="1" id="VTR:TimetableFrame:1388">
          <vehicleJourneys>
            <ServiceJourney version="45552" id="VTR:ServiceJourney:45591">
              <Name>Molėtai - Avilčiai - Alanta</Name>
              <PrivateCode>5003-3</PrivateCode>
              <dayTypes>
                <DayTypeRef ref="VTR:DayType:815"/>
              </dayTypes>
              <JourneyPatternRef version="45552" ref="VTR:JourneyPattern:45591"/>
              <OperatorRef ref="VTR:Operator:362"/>
              <LineRef ref="VTR:Line:1458" version="1440"/>
              <passingTimes>
                <TimetabledPassingTime version="45552" id="VTR:TimetabledPassingTime:45591_956205_1">
                  <StopPointInJourneyPatternRef ref="VTR:StopPointInJourneyPattern:956205" version="45552"/>
                  <DepartureTime>14:45:00</DepartureTime>
                  <DepartureDayOffset>0</DepartureDayOffset>
                </TimetabledPassingTime>
                <TimetabledPassingTime version="45552" id="VTR:TimetabledPassingTime:45591_956206_2">
                  <StopPointInJourneyPatternRef ref="VTR:StopPointInJourneyPattern:956206" version="45552"/>
                  <DepartureTime>14:48:00</DepartureTime>
                  <DepartureDayOffset>0</DepartureDayOffset>
                </TimetabledPassingTime>
                <TimetabledPassingTime version="45552" id="VTR:TimetabledPassingTime:45591_956207_3">
                  <StopPointInJourneyPatternRef ref="VTR:StopPointInJourneyPattern:956207" version="45552"/>
                  <DepartureTime>14:50:00</DepartureTime>
                  <DepartureDayOffset>0</DepartureDayOffset>
                </TimetabledPassingTime>
                <TimetabledPassingTime version="45552" id="VTR:TimetabledPassingTime:45591_956208_4">
                  <StopPointInJourneyPatternRef ref="VTR:StopPointInJourneyPattern:956208" version="45552"/>
                  <DepartureTime>14:52:00</DepartureTime>
                  <DepartureDayOffset>0</DepartureDayOffset>
                </TimetabledPassingTime>
                <TimetabledPassingTime version="45552" id="VTR:TimetabledPassingTime:45591_956209_5">
                  <StopPointInJourneyPatternRef ref="VTR:StopPointInJourneyPattern:956209" version="45552"/>
                  <DepartureTime>14:55:00</DepartureTime>
                  <DepartureDayOffset>0</DepartureDayOffset>
                </TimetabledPassingTime>
                <TimetabledPassingTime version="45552" id="VTR:TimetabledPassingTime:45591_956210_6">
                  <StopPointInJourneyPatternRef ref="VTR:StopPointInJourneyPattern:956210" version="45552"/>
                  <DepartureTime>14:57:00</DepartureTime>
                  <DepartureDayOffset>0</DepartureDayOffset>
                </TimetabledPassingTime>
                <TimetabledPassingTime version="45552" id="VTR:TimetabledPassingTime:45591_956211_7">
                  <StopPointInJourneyPatternRef ref="VTR:StopPointInJourneyPattern:956211" version="45552"/>
                  <DepartureTime>14:59:00</DepartureTime>
                  <DepartureDayOffset>0</DepartureDayOffset>
                </TimetabledPassingTime>
                <TimetabledPassingTime version="45552" id="VTR:TimetabledPassingTime:45591_956212_8">
                  <StopPointInJourneyPatternRef ref="VTR:StopPointInJourneyPattern:956212" version="45552"/>
                  <DepartureTime>15:03:00</DepartureTime>
                  <DepartureDayOffset>0</DepartureDayOffset>
                </TimetabledPassingTime>
                <TimetabledPassingTime version="45552" id="VTR:TimetabledPassingTime:45591_956213_9">
                  <StopPointInJourneyPatternRef ref="VTR:StopPointInJourneyPattern:956213" version="45552"/>
                  <DepartureTime>15:06:00</DepartureTime>
                  <DepartureDayOffset>0</DepartureDayOffset>
                </TimetabledPassingTime>
                <TimetabledPassingTime version="45552" id="VTR:TimetabledPassingTime:45591_956214_10">
                  <StopPointInJourneyPatternRef ref="VTR:StopPointInJourneyPattern:956214" version="45552"/>
                  <DepartureTime>15:08:00</DepartureTime>
                  <DepartureDayOffset>0</DepartureDayOffset>
                </TimetabledPassingTime>
                <TimetabledPassingTime version="45552" id="VTR:TimetabledPassingTime:45591_956215_11">
                  <StopPointInJourneyPatternRef ref="VTR:StopPointInJourneyPattern:956215" version="45552"/>
                  <DepartureTime>15:10:00</DepartureTime>
                  <DepartureDayOffset>0</DepartureDayOffset>
                </TimetabledPassingTime>
                <TimetabledPassingTime version="45552" id="VTR:TimetabledPassingTime:45591_956216_12">
                  <StopPointInJourneyPatternRef ref="VTR:StopPointInJourneyPattern:956216" version="45552"/>
                  <DepartureTime>15:12:00</DepartureTime>
                  <DepartureDayOffset>0</DepartureDayOffset>
                </TimetabledPassingTime>
                <TimetabledPassingTime version="45552" id="VTR:TimetabledPassingTime:45591_956217_13">
                  <StopPointInJourneyPatternRef ref="VTR:StopPointInJourneyPattern:956217" version="45552"/>
                  <DepartureTime>15:15:00</DepartureTime>
                  <DepartureDayOffset>0</DepartureDayOffset>
                </TimetabledPassingTime>
              </passingTimes>
            </ServiceJourney>
          </vehicleJourneys>
        </TimetableFrame>
        <ResourceFrame version="1" id="VTR:ResourceFrame:1388">
          <organisations>
            <Authority version="1" id="VTR:Authority:9">
              <CompanyNumber>62</CompanyNumber>
              <Name>Molėtų r. sav.</Name>
              <LegalName>Molėtų r. sav.</LegalName>
              <ContactDetails>
                <Email>savivaldybe@moletai.lt</Email>
                <Phone>838354761</Phone>
                <Url>www.moletai.lt</Url>
              </ContactDetails>
              <OrganisationType>authority</OrganisationType>
            </Authority>
          </organisations>
        </ResourceFrame>
        <FareFrame id="VTR:FareFrame:1458" version="1">
          <FrameDefaults>
            <DefaultCurrency>EUR</DefaultCurrency>
          </FrameDefaults>
          <fareStructureElements>
            <FareStructureElement id="VTR:FareStructureElement:pricematrix" version="1">
              <distanceMatrixElements>
                <DistanceMatrixElementRef ref="VTR:DistanceMatrixElement:956205to956210" version="1"/>
                <DistanceMatrixElementRef ref="VTR:DistanceMatrixElement:956206to956214" version="1"/>
                <DistanceMatrixElementRef ref="VTR:DistanceMatrixElement:956207to956209" version="1"/>
                <DistanceMatrixElementRef ref="VTR:DistanceMatrixElement:956207to956213" version="1"/>
                <DistanceMatrixElementRef ref="VTR:DistanceMatrixElement:956207to956215" version="1"/>
                <DistanceMatrixElementRef ref="VTR:DistanceMatrixElement:956207to956216" version="1"/>
                <DistanceMatrixElementRef ref="VTR:DistanceMatrixElement:956208to956217" version="1"/>
                <DistanceMatrixElementRef ref="VTR:DistanceMatrixElement:956211to956214" version="1"/>
                <DistanceMatrixElementRef ref="VTR:DistanceMatrixElement:956212to956215" version="1"/>
                <DistanceMatrixElementRef ref="VTR:DistanceMatrixElement:956213to956217" version="1"/>
                <DistanceMatrixElementRef ref="VTR:DistanceMatrixElement:956214to956215" version="1"/>
                <DistanceMatrixElementRef ref="VTR:DistanceMatrixElement:956215to956216" version="1"/>
                <DistanceMatrixElementRef ref="VTR:DistanceMatrixElement:956205to956211" version="1"/>
                <DistanceMatrixElementRef ref="VTR:DistanceMatrixElement:956207to956210" version="1"/>
                <DistanceMatrixElementRef ref="VTR:DistanceMatrixElement:956208to956211" version="1"/>
                <DistanceMatrixElementRef ref="VTR:DistanceMatrixElement:956209to956214" version="1"/>
                <DistanceMatrixElementRef ref="VTR:DistanceMatrixElement:956213to956215" version="1"/>
                <DistanceMatrixElementRef ref="VTR:DistanceMatrixElement:956216to956217" version="1"/>
                <DistanceMatrixElementRef ref="VTR:DistanceMatrixElement:956205to956213" version="1"/>
                <DistanceMatrixElementRef ref="VTR:DistanceMatrixElement:956206to956213" version="1"/>
                <DistanceMatrixElementRef ref="VTR:DistanceMatrixElement:956207to956208" version="1"/>
                <DistanceMatrixElementRef ref="VTR:DistanceMatrixElement:956209to956215" version="1"/>
                <DistanceMatrixElementRef ref="VTR:DistanceMatrixElement:956210to956215" version="1"/>
                <DistanceMatrixElementRef ref="VTR:DistanceMatrixElement:956211to956215" version="1"/>
                <DistanceMatrixElementRef ref="VTR:DistanceMatrixElement:956212to956216" version="1"/>
                <DistanceMatrixElementRef ref="VTR:DistanceMatrixElement:956212to956217" version="1"/>
                <DistanceMatrixElementRef ref="VTR:DistanceMatrixElement:956205to956208" version="1"/>
                <DistanceMatrixElementRef ref="VTR:DistanceMatrixElement:956206to956210" version="1"/>
                <DistanceMatrixElementRef ref="VTR:DistanceMatrixElement:956209to956213" version="1"/>
                <DistanceMatrixElementRef ref="VTR:DistanceMatrixElement:956210to956212" version="1"/>
                <DistanceMatrixElementRef ref="VTR:DistanceMatrixElement:956211to956212" version="1"/>
                <DistanceMatrixElementRef ref="VTR:DistanceMatrixElement:956211to956216" version="1"/>
                <DistanceMatrixElementRef ref="VTR:DistanceMatrixElement:956205to956212" version="1"/>
                <DistanceMatrixElementRef ref="VTR:DistanceMatrixElement:956205to956214" version="1"/>
                <DistanceMatrixElementRef ref="VTR:DistanceMatrixElement:956205to956216" version="1"/>
                <DistanceMatrixElementRef ref="VTR:DistanceMatrixElement:956205to956217" version="1"/>
                <DistanceMatrixElementRef ref="VTR:DistanceMatrixElement:956206to956208" version="1"/>
                <DistanceMatrixElementRef ref="VTR:DistanceMatrixElement:956206to956216" version="1"/>
                <DistanceMatrixElementRef ref="VTR:DistanceMatrixElement:956209to956210" version="1"/>
                <DistanceMatrixElementRef ref="VTR:DistanceMatrixElement:956212to956213" version="1"/>
                <DistanceMatrixElementRef ref="VTR:DistanceMatrixElement:956213to956216" version="1"/>
                <DistanceMatrixElementRef ref="VTR:DistanceMatrixElement:956215to956217" version="1"/>
                <DistanceMatrixElementRef ref="VTR:DistanceMatrixElement:956205to956206" version="1"/>
                <DistanceMatrixElementRef ref="VTR:DistanceMatrixElement:956205to956207" version="1"/>
                <DistanceMatrixElementRef ref="VTR:DistanceMatrixElement:956205to956215" version="1"/>
                <DistanceMatrixElementRef ref="VTR:DistanceMatrixElement:956206to956207" version="1"/>
                <DistanceMatrixElementRef ref="VTR:DistanceMatrixElement:956208to956213" version="1"/>
                <DistanceMatrixElementRef ref="VTR:DistanceMatrixElement:956208to956216" version="1"/>
                <DistanceMatrixElementRef ref="VTR:DistanceMatrixElement:956210to956216" version="1"/>
                <DistanceMatrixElementRef ref="VTR:DistanceMatrixElement:956214to956216" version="1"/>
                <DistanceMatrixElementRef ref="VTR:DistanceMatrixElement:956206to956211" version="1"/>
                <DistanceMatrixElementRef ref="VTR:DistanceMatrixElement:956207to956214" version="1"/>
                <DistanceMatrixElementRef ref="VTR:DistanceMatrixElement:956208to956212" version="1"/>
                <DistanceMatrixElementRef ref="VTR:DistanceMatrixElement:956209to956211" version="1"/>
                <DistanceMatrixElementRef ref="VTR:DistanceMatrixElement:956209to956212" version="1"/>
                <DistanceMatrixElementRef ref="VTR:DistanceMatrixElement:956210to956211" version="1"/>
                <DistanceMatrixElementRef ref="VTR:DistanceMatrixElement:956210to956213" version="1"/>
                <DistanceMatrixElementRef ref="VTR:DistanceMatrixElement:956210to956214" version="1"/>
                <DistanceMatrixElementRef ref="VTR:DistanceMatrixElement:956211to956213" version="1"/>
                <DistanceMatrixElementRef ref="VTR:DistanceMatrixElement:956211to956217" version="1"/>
                <DistanceMatrixElementRef ref="VTR:DistanceMatrixElement:956214to956217" version="1"/>
                <DistanceMatrixElementRef ref="VTR:DistanceMatrixElement:956205to956209" version="1"/>
                <DistanceMatrixElementRef ref="VTR:DistanceMatrixElement:956206to956209" version="1"/>
                <DistanceMatrixElementRef ref="VTR:DistanceMatrixElement:956206to956212" version="1"/>
                <DistanceMatrixElementRef ref="VTR:DistanceMatrixElement:956206to956215" version="1"/>
                <DistanceMatrixElementRef ref="VTR:DistanceMatrixElement:956206to956217" version="1"/>
                <DistanceMatrixElementRef ref="VTR:DistanceMatrixElement:956207to956211" version="1"/>
                <DistanceMatrixElementRef ref="VTR:DistanceMatrixElement:956207to956212" version="1"/>
                <DistanceMatrixElementRef ref="VTR:DistanceMatrixElement:956207to956217" version="1"/>
                <DistanceMatrixElementRef ref="VTR:DistanceMatrixElement:956208to956209" version="1"/>
                <DistanceMatrixElementRef ref="VTR:DistanceMatrixElement:956208to956210" version="1"/>
                <DistanceMatrixElementRef ref="VTR:DistanceMatrixElement:956208to956214" version="1"/>
                <DistanceMatrixElementRef ref="VTR:DistanceMatrixElement:956208to956215" version="1"/>
                <DistanceMatrixElementRef ref="VTR:DistanceMatrixElement:956209to956216" version="1"/>
                <DistanceMatrixElementRef ref="VTR:DistanceMatrixElement:956209to956217" version="1"/>
                <DistanceMatrixElementRef ref="VTR:DistanceMatrixElement:956210to956217" version="1"/>
                <DistanceMatrixElementRef ref="VTR:DistanceMatrixElement:956212to956214" version="1"/>
                <DistanceMatrixElementRef ref="VTR:DistanceMatrixElement:956213to956214" version="1"/>
              </distanceMatrixElements>
            </FareStructureElement>
          </fareStructureElements>
          <tariffs>
            <Tariff id="VTR:Tariff:pointToPointInSeparateJourney_1458" version="1">
              <Name>Point to point tariff</Name>
              <distanceMatrixElements>
                <DistanceMatrixElement id="VTR:DistanceMatrixElement:956205to956210" version="1">
                  <Name>Molėtų autobusų stotis to Interkiai 1</Name>
                  <StartStopPointRef ref="VTR:ScheduledStopPoint:58871" version="1"/>
                  <EndStopPointRef ref="VTR:ScheduledStopPoint:58876" version="1"/>
                  <prices>
                    <DistanceMatrixElementPrice id="VTR:DistanceMatrixElementPrice:956205to956210" version="1">
                      <Amount>0.6</Amount>
                      <DistanceMatrixElementRef ref="VTR:DistanceMatrixElement:956205to956210" version="1"/>
                    </DistanceMatrixElementPrice>
                  </prices>
                </DistanceMatrixElement>
                <DistanceMatrixElement id="VTR:DistanceMatrixElement:956206to956214" version="1">
                  <Name>Sodai to Karalinava</Name>
                  <StartStopPointRef ref="VTR:ScheduledStopPoint:58872" version="1"/>
                  <EndStopPointRef ref="VTR:ScheduledStopPoint:58880" version="1"/>
                  <prices>
                    <DistanceMatrixElementPrice id="VTR:DistanceMatrixElementPrice:956206to956214" version="1">
                      <Amount>1.2</Amount>
                      <DistanceMatrixElementRef ref="VTR:DistanceMatrixElement:956206to956214" version="1"/>
                    </DistanceMatrixElementPrice>
                  </prices>
                </DistanceMatrixElement>
                <DistanceMatrixElement id="VTR:DistanceMatrixElement:956207to956209" version="1">
                  <Name>Kijeliai to Posūkis į Balninkus</Name>
                  <StartStopPointRef ref="VTR:ScheduledStopPoint:58873" version="1"/>
                  <EndStopPointRef ref="VTR:ScheduledStopPoint:58875" version="1"/>
                  <prices>
                    <DistanceMatrixElementPrice id="VTR:DistanceMatrixElementPrice:956207to956209" version="1">
                      <Amount>0.3</Amount>
                      <DistanceMatrixElementRef ref="VTR:DistanceMatrixElement:956207to956209" version="1"/>
                    </DistanceMatrixElementPrice>
                  </prices>
                </DistanceMatrixElement>
                <DistanceMatrixElement id="VTR:DistanceMatrixElement:956207to956213" version="1">
                  <Name>Kijeliai to N.Karalinava</Name>
                  <StartStopPointRef ref="VTR:ScheduledStopPoint:58873" version="1"/>
                  <EndStopPointRef ref="VTR:ScheduledStopPoint:58879" version="1"/>
                  <prices>
                    <DistanceMatrixElementPrice id="VTR:DistanceMatrixElementPrice:956207to956213" version="1">
                      <Amount>0.9</Amount>
                      <DistanceMatrixElementRef ref="VTR:DistanceMatrixElement:956207to956213" version="1"/>
                    </DistanceMatrixElementPrice>
                  </prices>
                </DistanceMatrixElement>
                <DistanceMatrixElement id="VTR:DistanceMatrixElement:956207to956215" version="1">
                  <Name>Kijeliai to Pakryžė</Name>
                  <StartStopPointRef ref="VTR:ScheduledStopPoint:58873" version="1"/>
                  <EndStopPointRef ref="VTR:ScheduledStopPoint:58881" version="1"/>
                  <prices>
                    <DistanceMatrixElementPrice id="VTR:DistanceMatrixElementPrice:956207to956215" version="1">
                      <Amount>1.1</Amount>
                      <DistanceMatrixElementRef ref="VTR:DistanceMatrixElement:956207to956215" version="1"/>
                    </DistanceMatrixElementPrice>
                  </prices>
                </DistanceMatrixElement>
                <DistanceMatrixElement id="VTR:DistanceMatrixElement:956207to956216" version="1">
                  <Name>Kijeliai to Padegsnys</Name>
                  <StartStopPointRef ref="VTR:ScheduledStopPoint:58873" version="1"/>
                  <EndStopPointRef ref="VTR:ScheduledStopPoint:58882" version="1"/>
                  <prices>
                    <DistanceMatrixElementPrice id="VTR:DistanceMatrixElementPrice:956207to956216" version="1">
                      <Amount>1.2</Amount>
                      <DistanceMatrixElementRef ref="VTR:DistanceMatrixElement:956207to956216" version="1"/>
                    </DistanceMatrixElementPrice>
                  </prices>
                </DistanceMatrixElement>
                <DistanceMatrixElement id="VTR:DistanceMatrixElement:956208to956217" version="1">
                  <Name>Bajorai to Alanta</Name>
                  <StartStopPointRef ref="VTR:ScheduledStopPoint:58874" version="1"/>
                  <EndStopPointRef ref="VTR:ScheduledStopPoint:58883" version="1"/>
                  <prices>
                    <DistanceMatrixElementPrice id="VTR:DistanceMatrixElementPrice:956208to956217" version="1">
                      <Amount>1.3</Amount>
                      <DistanceMatrixElementRef ref="VTR:DistanceMatrixElement:956208to956217" version="1"/>
                    </DistanceMatrixElementPrice>
                  </prices>
                </DistanceMatrixElement>
                <DistanceMatrixElement id="VTR:DistanceMatrixElement:956211to956214" version="1">
                  <Name>Interkiai 2 to Karalinava</Name>
                  <StartStopPointRef ref="VTR:ScheduledStopPoint:58877" version="1"/>
                  <EndStopPointRef ref="VTR:ScheduledStopPoint:58880" version="1"/>
                  <prices>
                    <DistanceMatrixElementPrice id="VTR:DistanceMatrixElementPrice:956211to956214" version="1">
                      <Amount>0.5</Amount>
                      <DistanceMatrixElementRef ref="VTR:DistanceMatrixElement:956211to956214" version="1"/>
                    </DistanceMatrixElementPrice>
                  </prices>
                </DistanceMatrixElement>
                <DistanceMatrixElement id="VTR:DistanceMatrixElement:956212to956215" version="1">
                  <Name>Avilčiai to Pakryžė</Name>
                  <StartStopPointRef ref="VTR:ScheduledStopPoint:58878" version="1"/>
                  <EndStopPointRef ref="VTR:ScheduledStopPoint:58881" version="1"/>
                  <prices>
                    <DistanceMatrixElementPrice id="VTR:DistanceMatrixElementPrice:956212to956215" version="1">
                      <Amount>0.4</Amount>
                      <DistanceMatrixElementRef ref="VTR:DistanceMatrixElement:956212to956215" version="1"/>
                    </DistanceMatrixElementPrice>
                  </prices>
                </DistanceMatrixElement>
                <DistanceMatrixElement id="VTR:DistanceMatrixElement:956213to956217" version="1">
                  <Name>N.Karalinava to Alanta</Name>
                  <StartStopPointRef ref="VTR:ScheduledStopPoint:58879" version="1"/>
                  <EndStopPointRef ref="VTR:ScheduledStopPoint:58883" version="1"/>
                  <prices>
                    <DistanceMatrixElementPrice id="VTR:DistanceMatrixElementPrice:956213to956217" version="1">
                      <Amount>0.6</Amount>
                      <DistanceMatrixElementRef ref="VTR:DistanceMatrixElement:956213to956217" version="1"/>
                    </DistanceMatrixElementPrice>
                  </prices>
                </DistanceMatrixElement>
                <DistanceMatrixElement id="VTR:DistanceMatrixElement:956214to956215" version="1">
                  <Name>Karalinava to Pakryžė</Name>
                  <StartStopPointRef ref="VTR:ScheduledStopPoint:58880" version="1"/>
                  <EndStopPointRef ref="VTR:ScheduledStopPoint:58881" version="1"/>
                  <prices>
                    <DistanceMatrixElementPrice id="VTR:DistanceMatrixElementPrice:956214to956215" version="1">
                      <Amount>0.1</Amount>
                      <DistanceMatrixElementRef ref="VTR:DistanceMatrixElement:956214to956215" version="1"/>
                    </DistanceMatrixElementPrice>
                  </prices>
                </DistanceMatrixElement>
                <DistanceMatrixElement id="VTR:DistanceMatrixElement:956215to956216" version="1">
                  <Name>Pakryžė to Padegsnys</Name>
                  <StartStopPointRef ref="VTR:ScheduledStopPoint:58881" version="1"/>
                  <EndStopPointRef ref="VTR:ScheduledStopPoint:58882" version="1"/>
                  <prices>
                    <DistanceMatrixElementPrice id="VTR:DistanceMatrixElementPrice:956215to956216" version="1">
                      <Amount>0.1</Amount>
                      <DistanceMatrixElementRef ref="VTR:DistanceMatrixElement:956215to956216" version="1"/>
                    </DistanceMatrixElementPrice>
                  </prices>
                </DistanceMatrixElement>
                <DistanceMatrixElement id="VTR:DistanceMatrixElement:956205to956211" version="1">
                  <Name>Molėtų autobusų stotis to Interkiai 2</Name>
                  <StartStopPointRef ref="VTR:ScheduledStopPoint:58871" version="1"/>
                  <EndStopPointRef ref="VTR:ScheduledStopPoint:58877" version="1"/>
                  <prices>
                    <DistanceMatrixElementPrice id="VTR:DistanceMatrixElementPrice:956205to956211" version="1">
                      <Amount>0.7</Amount>
                      <DistanceMatrixElementRef ref="VTR:DistanceMatrixElement:956205to956211" version="1"/>
                    </DistanceMatrixElementPrice>
                  </prices>
                </DistanceMatrixElement>
                <DistanceMatrixElement id="VTR:DistanceMatrixElement:956207to956210" version="1">
                  <Name>Kijeliai to Interkiai 1</Name>
                  <StartStopPointRef ref="VTR:ScheduledStopPoint:58873" version="1"/>
                  <EndStopPointRef ref="VTR:ScheduledStopPoint:58876" version="1"/>
                  <prices>
                    <DistanceMatrixElementPrice id="VTR:DistanceMatrixElementPrice:956207to956210" version="1">
                      <Amount>0.4</Amount>
                      <DistanceMatrixElementRef ref="VTR:DistanceMatrixElement:956207to956210" version="1"/>
                    </DistanceMatrixElementPrice>
                  </prices>
                </DistanceMatrixElement>
                <DistanceMatrixElement id="VTR:DistanceMatrixElement:956208to956211" version="1">
                  <Name>Bajorai to Interkiai 2</Name>
                  <StartStopPointRef ref="VTR:ScheduledStopPoint:58874" version="1"/>
                  <EndStopPointRef ref="VTR:ScheduledStopPoint:58877" version="1"/>
                  <prices>
                    <DistanceMatrixElementPrice id="VTR:DistanceMatrixElementPrice:956208to956211" version="1">
                      <Amount>0.4</Amount>
                      <DistanceMatrixElementRef ref="VTR:DistanceMatrixElement:956208to956211" version="1"/>
                    </DistanceMatrixElementPrice>
                  </prices>
                </DistanceMatrixElement>
                <DistanceMatrixElement id="VTR:DistanceMatrixElement:956209to956214" version="1">
                  <Name>Posūkis į Balninkus to Karalinava</Name>
                  <StartStopPointRef ref="VTR:ScheduledStopPoint:58875" version="1"/>
                  <EndStopPointRef ref="VTR:ScheduledStopPoint:58880" version="1"/>
                  <prices>
                    <DistanceMatrixElementPrice id="VTR:DistanceMatrixElementPrice:956209to956214" version="1">
                      <Amount>0.7</Amount>
                      <DistanceMatrixElementRef ref="VTR:DistanceMatrixElement:956209to956214" version="1"/>
                    </DistanceMatrixElementPrice>
                  </prices>
                </DistanceMatrixElement>
                <DistanceMatrixElement id="VTR:DistanceMatrixElement:956213to956215" version="1">
                  <Name>N.Karalinava to Pakryžė</Name>
                  <StartStopPointRef ref="VTR:ScheduledStopPoint:58879" version="1"/>
                  <EndStopPointRef ref="VTR:ScheduledStopPoint:58881" version="1"/>
                  <prices>
                    <DistanceMatrixElementPrice id="VTR:DistanceMatrixElementPrice:956213to956215" version="1">
                      <Amount>0.2</Amount>
                      <DistanceMatrixElementRef ref="VTR:DistanceMatrixElement:956213to956215" version="1"/>
                    </DistanceMatrixElementPrice>
                  </prices>
                </DistanceMatrixElement>
                <DistanceMatrixElement id="VTR:DistanceMatrixElement:956216to956217" version="1">
                  <Name>Padegsnys to Alanta</Name>
                  <StartStopPointRef ref="VTR:ScheduledStopPoint:58882" version="1"/>
                  <EndStopPointRef ref="VTR:ScheduledStopPoint:58883" version="1"/>
                  <prices>
                    <DistanceMatrixElementPrice id="VTR:DistanceMatrixElementPrice:956216to956217" version="1">
                      <Amount>0.2</Amount>
                      <DistanceMatrixElementRef ref="VTR:DistanceMatrixElement:956216to956217" version="1"/>
                    </DistanceMatrixElementPrice>
                  </prices>
                </DistanceMatrixElement>
                <DistanceMatrixElement id="VTR:DistanceMatrixElement:956205to956213" version="1">
                  <Name>Molėtų autobusų stotis to N.Karalinava</Name>
                  <StartStopPointRef ref="VTR:ScheduledStopPoint:58871" version="1"/>
                  <EndStopPointRef ref="VTR:ScheduledStopPoint:58879" version="1"/>
                  <prices>
                    <DistanceMatrixElementPrice id="VTR:DistanceMatrixElementPrice:956205to956213" version="1">
                      <Amount>1.1</Amount>
                      <DistanceMatrixElementRef ref="VTR:DistanceMatrixElement:956205to956213" version="1"/>
                    </DistanceMatrixElementPrice>
                  </prices>
                </DistanceMatrixElement>
                <DistanceMatrixElement id="VTR:DistanceMatrixElement:956206to956213" version="1">
                  <Name>Sodai to N.Karalinava</Name>
                  <StartStopPointRef ref="VTR:ScheduledStopPoint:58872" version="1"/>
                  <EndStopPointRef ref="VTR:ScheduledStopPoint:58879" version="1"/>
                  <prices>
                    <DistanceMatrixElementPrice id="VTR:DistanceMatrixElementPrice:956206to956213" version="1">
                      <Amount>1.1</Amount>
                      <DistanceMatrixElementRef ref="VTR:DistanceMatrixElement:956206to956213" version="1"/>
                    </DistanceMatrixElementPrice>
                  </prices>
                </DistanceMatrixElement>
                <DistanceMatrixElement id="VTR:DistanceMatrixElement:956207to956208" version="1">
                  <Name>Kijeliai to Bajorai</Name>
                  <StartStopPointRef ref="VTR:ScheduledStopPoint:58873" version="1"/>
                  <EndStopPointRef ref="VTR:ScheduledStopPoint:58874" version="1"/>
                  <prices>
                    <DistanceMatrixElementPrice id="VTR:DistanceMatrixElementPrice:956207to956208" version="1">
                      <Amount>0.1</Amount>
                      <DistanceMatrixElementRef ref="VTR:DistanceMatrixElement:956207to956208" version="1"/>
                    </DistanceMatrixElementPrice>
                  </prices>
                </DistanceMatrixElement>
                <DistanceMatrixElement id="VTR:DistanceMatrixElement:956209to956215" version="1">
                  <Name>Posūkis į Balninkus to Pakryžė</Name>
                  <StartStopPointRef ref="VTR:ScheduledStopPoint:58875" version="1"/>
                  <EndStopPointRef ref="VTR:ScheduledStopPoint:58881" version="1"/>
                  <prices>
                    <DistanceMatrixElementPrice id="VTR:DistanceMatrixElementPrice:956209to956215" version="1">
                      <Amount>0.8</Amount>
                      <DistanceMatrixElementRef ref="VTR:DistanceMatrixElement:956209to956215" version="1"/>
                    </DistanceMatrixElementPrice>
                  </prices>
                </DistanceMatrixElement>
                <DistanceMatrixElement id="VTR:DistanceMatrixElement:956210to956215" version="1">
                  <Name>Interkiai 1 to Pakryžė</Name>
                  <StartStopPointRef ref="VTR:ScheduledStopPoint:58876" version="1"/>
                  <EndStopPointRef ref="VTR:ScheduledStopPoint:58881" version="1"/>
                  <prices>
                    <DistanceMatrixElementPrice id="VTR:DistanceMatrixElementPrice:956210to956215" version="1">
                      <Amount>0.7</Amount>
                      <DistanceMatrixElementRef ref="VTR:DistanceMatrixElement:956210to956215" version="1"/>
                    </DistanceMatrixElementPrice>
                  </prices>
                </DistanceMatrixElement>
                <DistanceMatrixElement id="VTR:DistanceMatrixElement:956211to956215" version="1">
                  <Name>Interkiai 2 to Pakryžė</Name>
                  <StartStopPointRef ref="VTR:ScheduledStopPoint:58877" version="1"/>
                  <EndStopPointRef ref="VTR:ScheduledStopPoint:58881" version="1"/>
                  <prices>
                    <DistanceMatrixElementPrice id="VTR:DistanceMatrixElementPrice:956211to956215" version="1">
                      <Amount>0.6</Amount>
                      <DistanceMatrixElementRef ref="VTR:DistanceMatrixElement:956211to956215" version="1"/>
                    </DistanceMatrixElementPrice>
                  </prices>
                </DistanceMatrixElement>
                <DistanceMatrixElement id="VTR:DistanceMatrixElement:956212to956216" version="1">
                  <Name>Avilčiai to Padegsnys</Name>
                  <StartStopPointRef ref="VTR:ScheduledStopPoint:58878" version="1"/>
                  <EndStopPointRef ref="VTR:ScheduledStopPoint:58882" version="1"/>
                  <prices>
                    <DistanceMatrixElementPrice id="VTR:DistanceMatrixElementPrice:956212to956216" version="1">
                      <Amount>0.5</Amount>
                      <DistanceMatrixElementRef ref="VTR:DistanceMatrixElement:956212to956216" version="1"/>
                    </DistanceMatrixElementPrice>
                  </prices>
                </DistanceMatrixElement>
                <DistanceMatrixElement id="VTR:DistanceMatrixElement:956212to956217" version="1">
                  <Name>Avilčiai to Alanta</Name>
                  <StartStopPointRef ref="VTR:ScheduledStopPoint:58878" version="1"/>
                  <EndStopPointRef ref="VTR:ScheduledStopPoint:58883" version="1"/>
                  <prices>
                    <DistanceMatrixElementPrice id="VTR:DistanceMatrixElementPrice:956212to956217" version="1">
                      <Amount>0.7</Amount>
                      <DistanceMatrixElementRef ref="VTR:DistanceMatrixElement:956212to956217" version="1"/>
                    </DistanceMatrixElementPrice>
                  </prices>
                </DistanceMatrixElement>
                <DistanceMatrixElement id="VTR:DistanceMatrixElement:956205to956208" version="1">
                  <Name>Molėtų autobusų stotis to Bajorai</Name>
                  <StartStopPointRef ref="VTR:ScheduledStopPoint:58871" version="1"/>
                  <EndStopPointRef ref="VTR:ScheduledStopPoint:58874" version="1"/>
                  <prices>
                    <DistanceMatrixElementPrice id="VTR:DistanceMatrixElementPrice:956205to956208" version="1">
                      <Amount>0.3</Amount>
                      <DistanceMatrixElementRef ref="VTR:DistanceMatrixElement:956205to956208" version="1"/>
                    </DistanceMatrixElementPrice>
                  </prices>
                </DistanceMatrixElement>
                <DistanceMatrixElement id="VTR:DistanceMatrixElement:956206to956210" version="1">
                  <Name>Sodai to Interkiai 1</Name>
                  <StartStopPointRef ref="VTR:ScheduledStopPoint:58872" version="1"/>
                  <EndStopPointRef ref="VTR:ScheduledStopPoint:58876" version="1"/>
                  <prices>
                    <DistanceMatrixElementPrice id="VTR:DistanceMatrixElementPrice:956206to956210" version="1">
                      <Amount>0.6</Amount>
                      <DistanceMatrixElementRef ref="VTR:DistanceMatrixElement:956206to956210" version="1"/>
                    </DistanceMatrixElementPrice>
                  </prices>
                </DistanceMatrixElement>
                <DistanceMatrixElement id="VTR:DistanceMatrixElement:956209to956213" version="1">
                  <Name>Posūkis į Balninkus to N.Karalinava</Name>
                  <StartStopPointRef ref="VTR:ScheduledStopPoint:58875" version="1"/>
                  <EndStopPointRef ref="VTR:ScheduledStopPoint:58879" version="1"/>
                  <prices>
                    <DistanceMatrixElementPrice id="VTR:DistanceMatrixElementPrice:956209to956213" version="1">
                      <Amount>0.6</Amount>
                      <DistanceMatrixElementRef ref="VTR:DistanceMatrixElement:956209to956213" version="1"/>
                    </DistanceMatrixElementPrice>
                  </prices>
                </DistanceMatrixElement>
                <DistanceMatrixElement id="VTR:DistanceMatrixElement:956210to956212" version="1">
                  <Name>Interkiai 1 to Avilčiai</Name>
                  <StartStopPointRef ref="VTR:ScheduledStopPoint:58876" version="1"/>
                  <EndStopPointRef ref="VTR:ScheduledStopPoint:58878" version="1"/>
                  <prices>
                    <DistanceMatrixElementPrice id="VTR:DistanceMatrixElementPrice:956210to956212" version="1">
                      <Amount>0.3</Amount>
                      <DistanceMatrixElementRef ref="VTR:DistanceMatrixElement:956210to956212" version="1"/>
                    </DistanceMatrixElementPrice>
                  </prices>
                </DistanceMatrixElement>
                <DistanceMatrixElement id="VTR:DistanceMatrixElement:956211to956212" version="1">
                  <Name>Interkiai 2 to Avilčiai</Name>
                  <StartStopPointRef ref="VTR:ScheduledStopPoint:58877" version="1"/>
                  <EndStopPointRef ref="VTR:ScheduledStopPoint:58878" version="1"/>
                  <prices>
                    <DistanceMatrixElementPrice id="VTR:DistanceMatrixElementPrice:956211to956212" version="1">
                      <Amount>0.2</Amount>
                      <DistanceMatrixElementRef ref="VTR:DistanceMatrixElement:956211to956212" version="1"/>
                    </DistanceMatrixElementPrice>
                  </prices>
                </DistanceMatrixElement>
                <DistanceMatrixElement id="VTR:DistanceMatrixElement:956211to956216" version="1">
                  <Name>Interkiai 2 to Padegsnys</Name>
                  <StartStopPointRef ref="VTR:ScheduledStopPoint:58877" version="1"/>
                  <EndStopPointRef ref="VTR:ScheduledStopPoint:58882" version="1"/>
                  <prices>
                    <DistanceMatrixElementPrice id="VTR:DistanceMatrixElementPrice:956211to956216" version="1">
                      <Amount>0.7</Amount>
                      <DistanceMatrixElementRef ref="VTR:DistanceMatrixElement:956211to956216" version="1"/>
                    </DistanceMatrixElementPrice>
                  </prices>
                </DistanceMatrixElement>
                <DistanceMatrixElement id="VTR:DistanceMatrixElement:956205to956212" version="1">
                  <Name>Molėtų autobusų stotis to Avilčiai</Name>
                  <StartStopPointRef ref="VTR:ScheduledStopPoint:58871" version="1"/>
                  <EndStopPointRef ref="VTR:ScheduledStopPoint:58878" version="1"/>
                  <prices>
                    <DistanceMatrixElementPrice id="VTR:DistanceMatrixElementPrice:956205to956212" version="1">
                      <Amount>0.9</Amount>
                      <DistanceMatrixElementRef ref="VTR:DistanceMatrixElement:956205to956212" version="1"/>
                    </DistanceMatrixElementPrice>
                  </prices>
                </DistanceMatrixElement>
                <DistanceMatrixElement id="VTR:DistanceMatrixElement:956205to956214" version="1">
                  <Name>Molėtų autobusų stotis to Karalinava</Name>
                  <StartStopPointRef ref="VTR:ScheduledStopPoint:58871" version="1"/>
                  <EndStopPointRef ref="VTR:ScheduledStopPoint:58880" version="1"/>
                  <prices>
                    <DistanceMatrixElementPrice id="VTR:DistanceMatrixElementPrice:956205to956214" version="1">
                      <Amount>1.2</Amount>
                      <DistanceMatrixElementRef ref="VTR:DistanceMatrixElement:956205to956214" version="1"/>
                    </DistanceMatrixElementPrice>
                  </prices>
                </DistanceMatrixElement>
                <DistanceMatrixElement id="VTR:DistanceMatrixElement:956205to956216" version="1">
                  <Name>Molėtų autobusų stotis to Padegsnys</Name>
                  <StartStopPointRef ref="VTR:ScheduledStopPoint:58871" version="1"/>
                  <EndStopPointRef ref="VTR:ScheduledStopPoint:58882" version="1"/>
                  <prices>
                    <DistanceMatrixElementPrice id="VTR:DistanceMatrixElementPrice:956205to956216" version="1">
                      <Amount>1.4</Amount>
                      <DistanceMatrixElementRef ref="VTR:DistanceMatrixElement:956205to956216" version="1"/>
                    </DistanceMatrixElementPrice>
                  </prices>
                </DistanceMatrixElement>
                <DistanceMatrixElement id="VTR:DistanceMatrixElement:956205to956217" version="1">
                  <Name>Molėtų autobusų stotis to Alanta</Name>
                  <StartStopPointRef ref="VTR:ScheduledStopPoint:58871" version="1"/>
                  <EndStopPointRef ref="VTR:ScheduledStopPoint:58883" version="1"/>
                  <prices>
                    <DistanceMatrixElementPrice id="VTR:DistanceMatrixElementPrice:956205to956217" version="1">
                      <Amount>1.7</Amount>
                      <DistanceMatrixElementRef ref="VTR:DistanceMatrixElement:956205to956217" version="1"/>
                    </DistanceMatrixElementPrice>
                  </prices>
                </DistanceMatrixElement>
                <DistanceMatrixElement id="VTR:DistanceMatrixElement:956206to956208" version="1">
                  <Name>Sodai to Bajorai</Name>
                  <StartStopPointRef ref="VTR:ScheduledStopPoint:58872" version="1"/>
                  <EndStopPointRef ref="VTR:ScheduledStopPoint:58874" version="1"/>
                  <prices>
                    <DistanceMatrixElementPrice id="VTR:DistanceMatrixElementPrice:956206to956208" version="1">
                      <Amount>0.3</Amount>
                      <DistanceMatrixElementRef ref="VTR:DistanceMatrixElement:956206to956208" version="1"/>
                    </DistanceMatrixElementPrice>
                  </prices>
                </DistanceMatrixElement>
                <DistanceMatrixElement id="VTR:DistanceMatrixElement:956206to956216" version="1">
                  <Name>Sodai to Padegsnys</Name>
                  <StartStopPointRef ref="VTR:ScheduledStopPoint:58872" version="1"/>
                  <EndStopPointRef ref="VTR:ScheduledStopPoint:58882" version="1"/>
                  <prices>
                    <DistanceMatrixElementPrice id="VTR:DistanceMatrixElementPrice:956206to956216" version="1">
                      <Amount>1.4</Amount>
                      <DistanceMatrixElementRef ref="VTR:DistanceMatrixElement:956206to956216" version="1"/>
                    </DistanceMatrixElementPrice>
                  </prices>
                </DistanceMatrixElement>
                <DistanceMatrixElement id="VTR:DistanceMatrixElement:956209to956210" version="1">
                  <Name>Posūkis į Balninkus to Interkiai 1</Name>
                  <StartStopPointRef ref="VTR:ScheduledStopPoint:58875" version="1"/>
                  <EndStopPointRef ref="VTR:ScheduledStopPoint:58876" version="1"/>
                  <prices>
                    <DistanceMatrixElementPrice id="VTR:DistanceMatrixElementPrice:956209to956210" version="1">
                      <Amount>0.1</Amount>
                      <DistanceMatrixElementRef ref="VTR:DistanceMatrixElement:956209to956210" version="1"/>
                    </DistanceMatrixElementPrice>
                  </prices>
                </DistanceMatrixElement>
                <DistanceMatrixElement id="VTR:DistanceMatrixElement:956212to956213" version="1">
                  <Name>Avilčiai to N.Karalinava</Name>
                  <StartStopPointRef ref="VTR:ScheduledStopPoint:58878" version="1"/>
                  <EndStopPointRef ref="VTR:ScheduledStopPoint:58879" version="1"/>
                  <prices>
                    <DistanceMatrixElementPrice id="VTR:DistanceMatrixElementPrice:956212to956213" version="1">
                      <Amount>0.2</Amount>
                      <DistanceMatrixElementRef ref="VTR:DistanceMatrixElement:956212to956213" version="1"/>
                    </DistanceMatrixElementPrice>
                  </prices>
                </DistanceMatrixElement>
                <DistanceMatrixElement id="VTR:DistanceMatrixElement:956213to956216" version="1">
                  <Name>N.Karalinava to Padegsnys</Name>
                  <StartStopPointRef ref="VTR:ScheduledStopPoint:58879" version="1"/>
                  <EndStopPointRef ref="VTR:ScheduledStopPoint:58882" version="1"/>
                  <prices>
                    <DistanceMatrixElementPrice id="VTR:DistanceMatrixElementPrice:956213to956216" version="1">
                      <Amount>0.3</Amount>
                      <DistanceMatrixElementRef ref="VTR:DistanceMatrixElement:956213to956216" version="1"/>
                    </DistanceMatrixElementPrice>
                  </prices>
                </DistanceMatrixElement>
                <DistanceMatrixElement id="VTR:DistanceMatrixElement:956215to956217" version="1">
                  <Name>Pakryžė to Alanta</Name>
                  <StartStopPointRef ref="VTR:ScheduledStopPoint:58881" version="1"/>
                  <EndStopPointRef ref="VTR:ScheduledStopPoint:58883" version="1"/>
                  <prices>
                    <DistanceMatrixElementPrice id="VTR:DistanceMatrixElementPrice:956215to956217" version="1">
                      <Amount>0.3</Amount>
                      <DistanceMatrixElementRef ref="VTR:DistanceMatrixElement:956215to956217" version="1"/>
                    </DistanceMatrixElementPrice>
                  </prices>
                </DistanceMatrixElement>
                <DistanceMatrixElement id="VTR:DistanceMatrixElement:956205to956206" version="1">
                  <Name>Molėtų autobusų stotis to Sodai</Name>
                  <StartStopPointRef ref="VTR:ScheduledStopPoint:58871" version="1"/>
                  <EndStopPointRef ref="VTR:ScheduledStopPoint:58872" version="1"/>
                  <prices>
                    <DistanceMatrixElementPrice id="VTR:DistanceMatrixElementPrice:956205to956206" version="1">
                      <Amount>0.1</Amount>
                      <DistanceMatrixElementRef ref="VTR:DistanceMatrixElement:956205to956206" version="1"/>
                    </DistanceMatrixElementPrice>
                  </prices>
                </DistanceMatrixElement>
                <DistanceMatrixElement id="VTR:DistanceMatrixElement:956205to956207" version="1">
                  <Name>Molėtų autobusų stotis to Kijeliai</Name>
                  <StartStopPointRef ref="VTR:ScheduledStopPoint:58871" version="1"/>
                  <EndStopPointRef ref="VTR:ScheduledStopPoint:58873" version="1"/>
                  <prices>
                    <DistanceMatrixElementPrice id="VTR:DistanceMatrixElementPrice:956205to956207" version="1">
                      <Amount>0.2</Amount>
                      <DistanceMatrixElementRef ref="VTR:DistanceMatrixElement:956205to956207" version="1"/>
                    </DistanceMatrixElementPrice>
                  </prices>
                </DistanceMatrixElement>
                <DistanceMatrixElement id="VTR:DistanceMatrixElement:956205to956215" version="1">
                  <Name>Molėtų autobusų stotis to Pakryžė</Name>
                  <StartStopPointRef ref="VTR:ScheduledStopPoint:58871" version="1"/>
                  <EndStopPointRef ref="VTR:ScheduledStopPoint:58881" version="1"/>
                  <prices>
                    <DistanceMatrixElementPrice id="VTR:DistanceMatrixElementPrice:956205to956215" version="1">
                      <Amount>1.3</Amount>
                      <DistanceMatrixElementRef ref="VTR:DistanceMatrixElement:956205to956215" version="1"/>
                    </DistanceMatrixElementPrice>
                  </prices>
                </DistanceMatrixElement>
                <DistanceMatrixElement id="VTR:DistanceMatrixElement:956206to956207" version="1">
                  <Name>Sodai to Kijeliai</Name>
                  <StartStopPointRef ref="VTR:ScheduledStopPoint:58872" version="1"/>
                  <EndStopPointRef ref="VTR:ScheduledStopPoint:58873" version="1"/>
                  <prices>
                    <DistanceMatrixElementPrice id="VTR:DistanceMatrixElementPrice:956206to956207" version="1">
                      <Amount>0.2</Amount>
                      <DistanceMatrixElementRef ref="VTR:DistanceMatrixElement:956206to956207" version="1"/>
                    </DistanceMatrixElementPrice>
                  </prices>
                </DistanceMatrixElement>
                <DistanceMatrixElement id="VTR:DistanceMatrixElement:956208to956213" version="1">
                  <Name>Bajorai to N.Karalinava</Name>
                  <StartStopPointRef ref="VTR:ScheduledStopPoint:58874" version="1"/>
                  <EndStopPointRef ref="VTR:ScheduledStopPoint:58879" version="1"/>
                  <prices>
                    <DistanceMatrixElementPrice id="VTR:DistanceMatrixElementPrice:956208to956213" version="1">
                      <Amount>0.8</Amount>
                      <DistanceMatrixElementRef ref="VTR:DistanceMatrixElement:956208to956213" version="1"/>
                    </DistanceMatrixElementPrice>
                  </prices>
                </DistanceMatrixElement>
                <DistanceMatrixElement id="VTR:DistanceMatrixElement:956208to956216" version="1">
                  <Name>Bajorai to Padegsnys</Name>
                  <StartStopPointRef ref="VTR:ScheduledStopPoint:58874" version="1"/>
                  <EndStopPointRef ref="VTR:ScheduledStopPoint:58882" version="1"/>
                  <prices>
                    <DistanceMatrixElementPrice id="VTR:DistanceMatrixElementPrice:956208to956216" version="1">
                      <Amount>1.1</Amount>
                      <DistanceMatrixElementRef ref="VTR:DistanceMatrixElement:956208to956216" version="1"/>
                    </DistanceMatrixElementPrice>
                  </prices>
                </DistanceMatrixElement>
                <DistanceMatrixElement id="VTR:DistanceMatrixElement:956210to956216" version="1">
                  <Name>Interkiai 1 to Padegsnys</Name>
                  <StartStopPointRef ref="VTR:ScheduledStopPoint:58876" version="1"/>
                  <EndStopPointRef ref="VTR:ScheduledStopPoint:58882" version="1"/>
                  <prices>
                    <DistanceMatrixElementPrice id="VTR:DistanceMatrixElementPrice:956210to956216" version="1">
                      <Amount>0.8</Amount>
                      <DistanceMatrixElementRef ref="VTR:DistanceMatrixElement:956210to956216" version="1"/>
                    </DistanceMatrixElementPrice>
                  </prices>
                </DistanceMatrixElement>
                <DistanceMatrixElement id="VTR:DistanceMatrixElement:956214to956216" version="1">
                  <Name>Karalinava to Padegsnys</Name>
                  <StartStopPointRef ref="VTR:ScheduledStopPoint:58880" version="1"/>
                  <EndStopPointRef ref="VTR:ScheduledStopPoint:58882" version="1"/>
                  <prices>
                    <DistanceMatrixElementPrice id="VTR:DistanceMatrixElementPrice:956214to956216" version="1">
                      <Amount>0.2</Amount>
                      <DistanceMatrixElementRef ref="VTR:DistanceMatrixElement:956214to956216" version="1"/>
                    </DistanceMatrixElementPrice>
                  </prices>
                </DistanceMatrixElement>
                <DistanceMatrixElement id="VTR:DistanceMatrixElement:956206to956211" version="1">
                  <Name>Sodai to Interkiai 2</Name>
                  <StartStopPointRef ref="VTR:ScheduledStopPoint:58872" version="1"/>
                  <EndStopPointRef ref="VTR:ScheduledStopPoint:58877" version="1"/>
                  <prices>
                    <DistanceMatrixElementPrice id="VTR:DistanceMatrixElementPrice:956206to956211" version="1">
                      <Amount>0.7</Amount>
                      <DistanceMatrixElementRef ref="VTR:DistanceMatrixElement:956206to956211" version="1"/>
                    </DistanceMatrixElementPrice>
                  </prices>
                </DistanceMatrixElement>
                <DistanceMatrixElement id="VTR:DistanceMatrixElement:956207to956214" version="1">
                  <Name>Kijeliai to Karalinava</Name>
                  <StartStopPointRef ref="VTR:ScheduledStopPoint:58873" version="1"/>
                  <EndStopPointRef ref="VTR:ScheduledStopPoint:58880" version="1"/>
                  <prices>
                    <DistanceMatrixElementPrice id="VTR:DistanceMatrixElementPrice:956207to956214" version="1">
                      <Amount>1.0</Amount>
                      <DistanceMatrixElementRef ref="VTR:DistanceMatrixElement:956207to956214" version="1"/>
                    </DistanceMatrixElementPrice>
                  </prices>
                </DistanceMatrixElement>
                <DistanceMatrixElement id="VTR:DistanceMatrixElement:956208to956212" version="1">
                  <Name>Bajorai to Avilčiai</Name>
                  <StartStopPointRef ref="VTR:ScheduledStopPoint:58874" version="1"/>
                  <EndStopPointRef ref="VTR:ScheduledStopPoint:58878" version="1"/>
                  <prices>
                    <DistanceMatrixElementPrice id="VTR:DistanceMatrixElementPrice:956208to956212" version="1">
                      <Amount>0.6</Amount>
                      <DistanceMatrixElementRef ref="VTR:DistanceMatrixElement:956208to956212" version="1"/>
                    </DistanceMatrixElementPrice>
                  </prices>
                </DistanceMatrixElement>
                <DistanceMatrixElement id="VTR:DistanceMatrixElement:956209to956211" version="1">
                  <Name>Posūkis į Balninkus to Interkiai 2</Name>
                  <StartStopPointRef ref="VTR:ScheduledStopPoint:58875" version="1"/>
                  <EndStopPointRef ref="VTR:ScheduledStopPoint:58877" version="1"/>
                  <prices>
                    <DistanceMatrixElementPrice id="VTR:DistanceMatrixElementPrice:956209to956211" version="1">
                      <Amount>0.2</Amount>
                      <DistanceMatrixElementRef ref="VTR:DistanceMatrixElement:956209to956211" version="1"/>
                    </DistanceMatrixElementPrice>
                  </prices>
                </DistanceMatrixElement>
                <DistanceMatrixElement id="VTR:DistanceMatrixElement:956209to956212" version="1">
                  <Name>Posūkis į Balninkus to Avilčiai</Name>
                  <StartStopPointRef ref="VTR:ScheduledStopPoint:58875" version="1"/>
                  <EndStopPointRef ref="VTR:ScheduledStopPoint:58878" version="1"/>
                  <prices>
                    <DistanceMatrixElementPrice id="VTR:DistanceMatrixElementPrice:956209to956212" version="1">
                      <Amount>0.4</Amount>
                      <DistanceMatrixElementRef ref="VTR:DistanceMatrixElement:956209to956212" version="1"/>
                    </DistanceMatrixElementPrice>
                  </prices>
                </DistanceMatrixElement>
                <DistanceMatrixElement id="VTR:DistanceMatrixElement:956210to956211" version="1">
                  <Name>Interkiai 1 to Interkiai 2</Name>
                  <StartStopPointRef ref="VTR:ScheduledStopPoint:58876" version="1"/>
                  <EndStopPointRef ref="VTR:ScheduledStopPoint:58877" version="1"/>
                  <prices>
                    <DistanceMatrixElementPrice id="VTR:DistanceMatrixElementPrice:956210to956211" version="1">
                      <Amount>0.1</Amount>
                      <DistanceMatrixElementRef ref="VTR:DistanceMatrixElement:956210to956211" version="1"/>
                    </DistanceMatrixElementPrice>
                  </prices>
                </DistanceMatrixElement>
                <DistanceMatrixElement id="VTR:DistanceMatrixElement:956210to956213" version="1">
                  <Name>Interkiai 1 to N.Karalinava</Name>
                  <StartStopPointRef ref="VTR:ScheduledStopPoint:58876" version="1"/>
                  <EndStopPointRef ref="VTR:ScheduledStopPoint:58879" version="1"/>
                  <prices>
                    <DistanceMatrixElementPrice id="VTR:DistanceMatrixElementPrice:956210to956213" version="1">
                      <Amount>0.5</Amount>
                      <DistanceMatrixElementRef ref="VTR:DistanceMatrixElement:956210to956213" version="1"/>
                    </DistanceMatrixElementPrice>
                  </prices>
                </DistanceMatrixElement>
                <DistanceMatrixElement id="VTR:DistanceMatrixElement:956210to956214" version="1">
                  <Name>Interkiai 1 to Karalinava</Name>
                  <StartStopPointRef ref="VTR:ScheduledStopPoint:58876" version="1"/>
                  <EndStopPointRef ref="VTR:ScheduledStopPoint:58880" version="1"/>
                  <prices>
                    <DistanceMatrixElementPrice id="VTR:DistanceMatrixElementPrice:956210to956214" version="1">
                      <Amount>0.6</Amount>
                      <DistanceMatrixElementRef ref="VTR:DistanceMatrixElement:956210to956214" version="1"/>
                    </DistanceMatrixElementPrice>
                  </prices>
                </DistanceMatrixElement>
                <DistanceMatrixElement id="VTR:DistanceMatrixElement:956211to956213" version="1">
                  <Name>Interkiai 2 to N.Karalinava</Name>
                  <StartStopPointRef ref="VTR:ScheduledStopPoint:58877" version="1"/>
                  <EndStopPointRef ref="VTR:ScheduledStopPoint:58879" version="1"/>
                  <prices>
                    <DistanceMatrixElementPrice id="VTR:DistanceMatrixElementPrice:956211to956213" version="1">
                      <Amount>0.4</Amount>
                      <DistanceMatrixElementRef ref="VTR:DistanceMatrixElement:956211to956213" version="1"/>
                    </DistanceMatrixElementPrice>
                  </prices>
                </DistanceMatrixElement>
                <DistanceMatrixElement id="VTR:DistanceMatrixElement:956211to956217" version="1">
                  <Name>Interkiai 2 to Alanta</Name>
                  <StartStopPointRef ref="VTR:ScheduledStopPoint:58877" version="1"/>
                  <EndStopPointRef ref="VTR:ScheduledStopPoint:58883" version="1"/>
                  <prices>
                    <DistanceMatrixElementPrice id="VTR:DistanceMatrixElementPrice:956211to956217" version="1">
                      <Amount>1.0</Amount>
                      <DistanceMatrixElementRef ref="VTR:DistanceMatrixElement:956211to956217" version="1"/>
                    </DistanceMatrixElementPrice>
                  </prices>
                </DistanceMatrixElement>
                <DistanceMatrixElement id="VTR:DistanceMatrixElement:956214to956217" version="1">
                  <Name>Karalinava to Alanta</Name>
                  <StartStopPointRef ref="VTR:ScheduledStopPoint:58880" version="1"/>
                  <EndStopPointRef ref="VTR:ScheduledStopPoint:58883" version="1"/>
                  <prices>
                    <DistanceMatrixElementPrice id="VTR:DistanceMatrixElementPrice:956214to956217" version="1">
                      <Amount>0.5</Amount>
                      <DistanceMatrixElementRef ref="VTR:DistanceMatrixElement:956214to956217" version="1"/>
                    </DistanceMatrixElementPrice>
                  </prices>
                </DistanceMatrixElement>
                <DistanceMatrixElement id="VTR:DistanceMatrixElement:956205to956209" version="1">
                  <Name>Molėtų autobusų stotis to Posūkis į Balninkus</Name>
                  <StartStopPointRef ref="VTR:ScheduledStopPoint:58871" version="1"/>
                  <EndStopPointRef ref="VTR:ScheduledStopPoint:58875" version="1"/>
                  <prices>
                    <DistanceMatrixElementPrice id="VTR:DistanceMatrixElementPrice:956205to956209" version="1">
                      <Amount>0.5</Amount>
                      <DistanceMatrixElementRef ref="VTR:DistanceMatrixElement:956205to956209" version="1"/>
                    </DistanceMatrixElementPrice>
                  </prices>
                </DistanceMatrixElement>
                <DistanceMatrixElement id="VTR:DistanceMatrixElement:956206to956209" version="1">
                  <Name>Sodai to Posūkis į Balninkus</Name>
                  <StartStopPointRef ref="VTR:ScheduledStopPoint:58872" version="1"/>
                  <EndStopPointRef ref="VTR:ScheduledStopPoint:58875" version="1"/>
                  <prices>
                    <DistanceMatrixElementPrice id="VTR:DistanceMatrixElementPrice:956206to956209" version="1">
                      <Amount>0.5</Amount>
                      <DistanceMatrixElementRef ref="VTR:DistanceMatrixElement:956206to956209" version="1"/>
                    </DistanceMatrixElementPrice>
                  </prices>
                </DistanceMatrixElement>
                <DistanceMatrixElement id="VTR:DistanceMatrixElement:956206to956212" version="1">
                  <Name>Sodai to Avilčiai</Name>
                  <StartStopPointRef ref="VTR:ScheduledStopPoint:58872" version="1"/>
                  <EndStopPointRef ref="VTR:ScheduledStopPoint:58878" version="1"/>
                  <prices>
                    <DistanceMatrixElementPrice id="VTR:DistanceMatrixElementPrice:956206to956212" version="1">
                      <Amount>0.9</Amount>
                      <DistanceMatrixElementRef ref="VTR:DistanceMatrixElement:956206to956212" version="1"/>
                    </DistanceMatrixElementPrice>
                  </prices>
                </DistanceMatrixElement>
                <DistanceMatrixElement id="VTR:DistanceMatrixElement:956206to956215" version="1">
                  <Name>Sodai to Pakryžė</Name>
                  <StartStopPointRef ref="VTR:ScheduledStopPoint:58872" version="1"/>
                  <EndStopPointRef ref="VTR:ScheduledStopPoint:58881" version="1"/>
                  <prices>
                    <DistanceMatrixElementPrice id="VTR:DistanceMatrixElementPrice:956206to956215" version="1">
                      <Amount>1.3</Amount>
                      <DistanceMatrixElementRef ref="VTR:DistanceMatrixElement:956206to956215" version="1"/>
                    </DistanceMatrixElementPrice>
                  </prices>
                </DistanceMatrixElement>
                <DistanceMatrixElement id="VTR:DistanceMatrixElement:956206to956217" version="1">
                  <Name>Sodai to Alanta</Name>
                  <StartStopPointRef ref="VTR:ScheduledStopPoint:58872" version="1"/>
                  <EndStopPointRef ref="VTR:ScheduledStopPoint:58883" version="1"/>
                  <prices>
                    <DistanceMatrixElementPrice id="VTR:DistanceMatrixElementPrice:956206to956217" version="1">
                      <Amount>1.7</Amount>
                      <DistanceMatrixElementRef ref="VTR:DistanceMatrixElement:956206to956217" version="1"/>
                    </DistanceMatrixElementPrice>
                  </prices>
                </DistanceMatrixElement>
                <DistanceMatrixElement id="VTR:DistanceMatrixElement:956207to956211" version="1">
                  <Name>Kijeliai to Interkiai 2</Name>
                  <StartStopPointRef ref="VTR:ScheduledStopPoint:58873" version="1"/>
                  <EndStopPointRef ref="VTR:ScheduledStopPoint:58877" version="1"/>
                  <prices>
                    <DistanceMatrixElementPrice id="VTR:DistanceMatrixElementPrice:956207to956211" version="1">
                      <Amount>0.5</Amount>
                      <DistanceMatrixElementRef ref="VTR:DistanceMatrixElement:956207to956211" version="1"/>
                    </DistanceMatrixElementPrice>
                  </prices>
                </DistanceMatrixElement>
                <DistanceMatrixElement id="VTR:DistanceMatrixElement:956207to956212" version="1">
                  <Name>Kijeliai to Avilčiai</Name>
                  <StartStopPointRef ref="VTR:ScheduledStopPoint:58873" version="1"/>
                  <EndStopPointRef ref="VTR:ScheduledStopPoint:58878" version="1"/>
                  <prices>
                    <DistanceMatrixElementPrice id="VTR:DistanceMatrixElementPrice:956207to956212" version="1">
                      <Amount>0.7</Amount>
                      <DistanceMatrixElementRef ref="VTR:DistanceMatrixElement:956207to956212" version="1"/>
                    </DistanceMatrixElementPrice>
                  </prices>
                </DistanceMatrixElement>
                <DistanceMatrixElement id="VTR:DistanceMatrixElement:956207to956217" version="1">
                  <Name>Kijeliai to Alanta</Name>
                  <StartStopPointRef ref="VTR:ScheduledStopPoint:58873" version="1"/>
                  <EndStopPointRef ref="VTR:ScheduledStopPoint:58883" version="1"/>
                  <prices>
                    <DistanceMatrixElementPrice id="VTR:DistanceMatrixElementPrice:956207to956217" version="1">
                      <Amount>1.4</Amount>
                      <DistanceMatrixElementRef ref="VTR:DistanceMatrixElement:956207to956217" version="1"/>
                    </DistanceMatrixElementPrice>
                  </prices>
                </DistanceMatrixElement>
                <DistanceMatrixElement id="VTR:DistanceMatrixElement:956208to956209" version="1">
                  <Name>Bajorai to Posūkis į Balninkus</Name>
                  <StartStopPointRef ref="VTR:ScheduledStopPoint:58874" version="1"/>
                  <EndStopPointRef ref="VTR:ScheduledStopPoint:58875" version="1"/>
                  <prices>
                    <DistanceMatrixElementPrice id="VTR:DistanceMatrixElementPrice:956208to956209" version="1">
                      <Amount>0.2</Amount>
                      <DistanceMatrixElementRef ref="VTR:DistanceMatrixElement:956208to956209" version="1"/>
                    </DistanceMatrixElementPrice>
                  </prices>
                </DistanceMatrixElement>
                <DistanceMatrixElement id="VTR:DistanceMatrixElement:956208to956210" version="1">
                  <Name>Bajorai to Interkiai 1</Name>
                  <StartStopPointRef ref="VTR:ScheduledStopPoint:58874" version="1"/>
                  <EndStopPointRef ref="VTR:ScheduledStopPoint:58876" version="1"/>
                  <prices>
                    <DistanceMatrixElementPrice id="VTR:DistanceMatrixElementPrice:956208to956210" version="1">
                      <Amount>0.3</Amount>
                      <DistanceMatrixElementRef ref="VTR:DistanceMatrixElement:956208to956210" version="1"/>
                    </DistanceMatrixElementPrice>
                  </prices>
                </DistanceMatrixElement>
                <DistanceMatrixElement id="VTR:DistanceMatrixElement:956208to956214" version="1">
                  <Name>Bajorai to Karalinava</Name>
                  <StartStopPointRef ref="VTR:ScheduledStopPoint:58874" version="1"/>
                  <EndStopPointRef ref="VTR:ScheduledStopPoint:58880" version="1"/>
                  <prices>
                    <DistanceMatrixElementPrice id="VTR:DistanceMatrixElementPrice:956208to956214" version="1">
                      <Amount>0.9</Amount>
                      <DistanceMatrixElementRef ref="VTR:DistanceMatrixElement:956208to956214" version="1"/>
                    </DistanceMatrixElementPrice>
                  </prices>
                </DistanceMatrixElement>
                <DistanceMatrixElement id="VTR:DistanceMatrixElement:956208to956215" version="1">
                  <Name>Bajorai to Pakryžė</Name>
                  <StartStopPointRef ref="VTR:ScheduledStopPoint:58874" version="1"/>
                  <EndStopPointRef ref="VTR:ScheduledStopPoint:58881" version="1"/>
                  <prices>
                    <DistanceMatrixElementPrice id="VTR:DistanceMatrixElementPrice:956208to956215" version="1">
                      <Amount>1.0</Amount>
                      <DistanceMatrixElementRef ref="VTR:DistanceMatrixElement:956208to956215" version="1"/>
                    </DistanceMatrixElementPrice>
                  </prices>
                </DistanceMatrixElement>
                <DistanceMatrixElement id="VTR:DistanceMatrixElement:956209to956216" version="1">
                  <Name>Posūkis į Balninkus to Padegsnys</Name>
                  <StartStopPointRef ref="VTR:ScheduledStopPoint:58875" version="1"/>
                  <EndStopPointRef ref="VTR:ScheduledStopPoint:58882" version="1"/>
                  <prices>
                    <DistanceMatrixElementPrice id="VTR:DistanceMatrixElementPrice:956209to956216" version="1">
                      <Amount>0.9</Amount>
                      <DistanceMatrixElementRef ref="VTR:DistanceMatrixElement:956209to956216" version="1"/>
                    </DistanceMatrixElementPrice>
                  </prices>
                </DistanceMatrixElement>
                <DistanceMatrixElement id="VTR:DistanceMatrixElement:956209to956217" version="1">
                  <Name>Posūkis į Balninkus to Alanta</Name>
                  <StartStopPointRef ref="VTR:ScheduledStopPoint:58875" version="1"/>
                  <EndStopPointRef ref="VTR:ScheduledStopPoint:58883" version="1"/>
                  <prices>
                    <DistanceMatrixElementPrice id="VTR:DistanceMatrixElementPrice:956209to956217" version="1">
                      <Amount>1.2</Amount>
                      <DistanceMatrixElementRef ref="VTR:DistanceMatrixElement:956209to956217" version="1"/>
                    </DistanceMatrixElementPrice>
                  </prices>
                </DistanceMatrixElement>
                <DistanceMatrixElement id="VTR:DistanceMatrixElement:956210to956217" version="1">
                  <Name>Interkiai 1 to Alanta</Name>
                  <StartStopPointRef ref="VTR:ScheduledStopPoint:58876" version="1"/>
                  <EndStopPointRef ref="VTR:ScheduledStopPoint:58883" version="1"/>
                  <prices>
                    <DistanceMatrixElementPrice id="VTR:DistanceMatrixElementPrice:956210to956217" version="1">
                      <Amount>1.1</Amount>
                      <DistanceMatrixElementRef ref="VTR:DistanceMatrixElement:956210to956217" version="1"/>
                    </DistanceMatrixElementPrice>
                  </prices>
                </DistanceMatrixElement>
                <DistanceMatrixElement id="VTR:DistanceMatrixElement:956212to956214" version="1">
                  <Name>Avilčiai to Karalinava</Name>
                  <StartStopPointRef ref="VTR:ScheduledStopPoint:58878" version="1"/>
                  <EndStopPointRef ref="VTR:ScheduledStopPoint:58880" version="1"/>
                  <prices>
                    <DistanceMatrixElementPrice id="VTR:DistanceMatrixElementPrice:956212to956214" version="1">
                      <Amount>0.3</Amount>
                      <DistanceMatrixElementRef ref="VTR:DistanceMatrixElement:956212to956214" version="1"/>
                    </DistanceMatrixElementPrice>
                  </prices>
                </DistanceMatrixElement>
                <DistanceMatrixElement id="VTR:DistanceMatrixElement:956213to956214" version="1">
                  <Name>N.Karalinava to Karalinava</Name>
                  <StartStopPointRef ref="VTR:ScheduledStopPoint:58879" version="1"/>
                  <EndStopPointRef ref="VTR:ScheduledStopPoint:58880" version="1"/>
                  <prices>
                    <DistanceMatrixElementPrice id="VTR:DistanceMatrixElementPrice:956213to956214" version="1">
                      <Amount>0.1</Amount>
                      <DistanceMatrixElementRef ref="VTR:DistanceMatrixElement:956213to956214" version="1"/>
                    </DistanceMatrixElementPrice>
                  </prices>
                </DistanceMatrixElement>
              </distanceMatrixElements>
            </Tariff>
          </tariffs>
          <usageParameters>
            <FrequencyOfUse id="VTR:FrequencyOfUse:oneTrip" version="1">
              <FrequencyOfUseType>unlimited</FrequencyOfUseType>
              <MaximalFrequency>1</MaximalFrequency>
            </FrequencyOfUse>
          </usageParameters>
        </FareFrame>
      </frames>
    </CompositeFrame>
  </dataObjects>
</PublicationDelivery>
