<?xml version="1.0" encoding="UTF-8"?><PublicationDelivery xmlns="http://www.netex.org.uk/netex" xmlns:gis="http://www.opengis.net/gml/3.2" xmlns:ns2="http://www.opengis.net/gml/3.2" xmlns:ns3="http://www.siri.org.uk/siri" xmlns:xsi="http://www.w3.org/2001/XMLSchema-instance" version="1" xsi:schemaLocation="">
  <PublicationTimestamp>2022-05-07T04:00:00.271</PublicationTimestamp>
  <ParticipantRef>VTR</ParticipantRef>
  <Description>1</Description>
  <dataObjects>
    <CompositeFrame created="2022-05-07T04:00:00.271" version="1" id="VTR:CompositeFrame:1388">
      <validityConditions>
        <AvailabilityCondition version="1" id="VTR:AvailabilityCondition:1388">
          <FromDate>2015-07-28T08:39:02</FromDate>
          <ToDate>2027-12-30T00:00:00</ToDate>
        </AvailabilityCondition>
      </validityConditions>
      <codespaces>
        <Codespace id="vtr">
          <Xmlns>VTR</Xmlns>
          <XmlnsUrl>http://www.visimarsrutai.lt/</XmlnsUrl>
        </Codespace>
      </codespaces>
      <FrameDefaults>
        <DefaultLocale>
          <TimeZone>Europe/Vilnius</TimeZone>
        </DefaultLocale>
        <DefaultLocationSystem>WGS84</DefaultLocationSystem>
      </FrameDefaults>
      <frames>
        <ServiceCalendarFrame version="1" id="VTR:ServiceCalendarFrame:1388">
          <dayTypes>
            <DayType id="VTR:DayType:815" version="1">
              <properties>
                <PropertyOfDay>
                  <DaysOfWeek>Monday Tuesday Wednesday Thursday Friday</DaysOfWeek>
                </PropertyOfDay>
              </properties>
            </DayType>
          </dayTypes>
          <operatingPeriods>
            <OperatingPeriod version="1" id="VTR:OperatingPeriod:815">
              <FromDate>2015-07-01T00:00:00</FromDate>
              <ToDate>2020-12-31T00:00:00</ToDate>
            </OperatingPeriod>
          </operatingPeriods>
          <dayTypeAssignments>
            <DayTypeAssignment id="VTR:DayTypeAssignment:815_0" version="1" order="958">
              <OperatingPeriodRef ref="VTR:OperatingPeriod:815" version="1"/>
              <DayTypeRef ref="VTR:DayType:815" version="1"/>
            </DayTypeAssignment>
          </dayTypeAssignments>
        </ServiceCalendarFrame>
        <ServiceFrame id="VTR:ServiceFrame:1388" version="1">
          <Network version="0" id="VTR:Network:9"/>
          <routePoints>
            <RoutePoint version="1" id="VTR:RoutePoint:59463">
              <projections>
                <PointProjection version="1" id="VTR:PointProjection:18247">
                  <ProjectedPointRef ref="VTR:ScheduledStopPoint:59463" version="1"/>
                </PointProjection>
              </projections>
            </RoutePoint>
            <RoutePoint version="1" id="VTR:RoutePoint:59464">
              <projections>
                <PointProjection version="1" id="VTR:PointProjection:18248">
                  <ProjectedPointRef ref="VTR:ScheduledStopPoint:59464" version="1"/>
                </PointProjection>
              </projections>
            </RoutePoint>
            <RoutePoint version="1" id="VTR:RoutePoint:59465">
              <projections>
                <PointProjection version="1" id="VTR:PointProjection:18249">
                  <ProjectedPointRef ref="VTR:ScheduledStopPoint:59465" version="1"/>
                </PointProjection>
              </projections>
            </RoutePoint>
            <RoutePoint version="1" id="VTR:RoutePoint:59466">
              <projections>
                <PointProjection version="1" id="VTR:PointProjection:18250">
                  <ProjectedPointRef ref="VTR:ScheduledStopPoint:59466" version="1"/>
                </PointProjection>
              </projections>
            </RoutePoint>
            <RoutePoint version="1" id="VTR:RoutePoint:59467">
              <projections>
                <PointProjection version="1" id="VTR:PointProjection:18251">
                  <ProjectedPointRef ref="VTR:ScheduledStopPoint:59467" version="1"/>
                </PointProjection>
              </projections>
            </RoutePoint>
            <RoutePoint version="1" id="VTR:RoutePoint:59468">
              <projections>
                <PointProjection version="1" id="VTR:PointProjection:18253">
                  <ProjectedPointRef ref="VTR:ScheduledStopPoint:59468" version="1"/>
                </PointProjection>
              </projections>
            </RoutePoint>
            <RoutePoint version="1" id="VTR:RoutePoint:59469">
              <projections>
                <PointProjection version="1" id="VTR:PointProjection:18254">
                  <ProjectedPointRef ref="VTR:ScheduledStopPoint:59469" version="1"/>
                </PointProjection>
              </projections>
            </RoutePoint>
            <RoutePoint version="1" id="VTR:RoutePoint:59470">
              <projections>
                <PointProjection version="1" id="VTR:PointProjection:18255">
                  <ProjectedPointRef ref="VTR:ScheduledStopPoint:59470" version="1"/>
                </PointProjection>
              </projections>
            </RoutePoint>
            <RoutePoint version="1" id="VTR:RoutePoint:59471">
              <projections>
                <PointProjection version="1" id="VTR:PointProjection:18256">
                  <ProjectedPointRef ref="VTR:ScheduledStopPoint:59471" version="1"/>
                </PointProjection>
              </projections>
            </RoutePoint>
            <RoutePoint version="1" id="VTR:RoutePoint:59472">
              <projections>
                <PointProjection version="1" id="VTR:PointProjection:18257">
                  <ProjectedPointRef ref="VTR:ScheduledStopPoint:59472" version="1"/>
                </PointProjection>
              </projections>
            </RoutePoint>
            <RoutePoint version="1" id="VTR:RoutePoint:59473">
              <projections>
                <PointProjection version="1" id="VTR:PointProjection:18258">
                  <ProjectedPointRef ref="VTR:ScheduledStopPoint:59473" version="1"/>
                </PointProjection>
              </projections>
            </RoutePoint>
            <RoutePoint version="1" id="VTR:RoutePoint:59474">
              <projections>
                <PointProjection version="1" id="VTR:PointProjection:18259">
                  <ProjectedPointRef ref="VTR:ScheduledStopPoint:59474" version="1"/>
                </PointProjection>
              </projections>
            </RoutePoint>
            <RoutePoint version="1" id="VTR:RoutePoint:59475">
              <projections>
                <PointProjection version="1" id="VTR:PointProjection:18260">
                  <ProjectedPointRef ref="VTR:ScheduledStopPoint:59475" version="1"/>
                </PointProjection>
              </projections>
            </RoutePoint>
          </routePoints>
          <routes>
            <Route version="1" id="VTR:Route:3574">
              <Name>Alanta - Girsteitiškis - Molėtai</Name>
              <ShortName>Alanta - Girsteitiškis - Molėtai</ShortName>
              <LineRef ref="VTR:Line:1479" version="1461"/>
              <DirectionType>inbound</DirectionType>
              <pointsInSequence>
                <PointOnRoute version="1" id="VTR:PointOnRoute:59463" order="1">
                  <RoutePointRef ref="VTR:RoutePoint:59463"/>
                </PointOnRoute>
                <PointOnRoute version="1" id="VTR:PointOnRoute:59464" order="2">
                  <RoutePointRef ref="VTR:RoutePoint:59464"/>
                </PointOnRoute>
                <PointOnRoute version="1" id="VTR:PointOnRoute:59465" order="3">
                  <RoutePointRef ref="VTR:RoutePoint:59465"/>
                </PointOnRoute>
                <PointOnRoute version="1" id="VTR:PointOnRoute:59466" order="4">
                  <RoutePointRef ref="VTR:RoutePoint:59466"/>
                </PointOnRoute>
                <PointOnRoute version="1" id="VTR:PointOnRoute:59467" order="5">
                  <RoutePointRef ref="VTR:RoutePoint:59467"/>
                </PointOnRoute>
                <PointOnRoute version="1" id="VTR:PointOnRoute:59468" order="6">
                  <RoutePointRef ref="VTR:RoutePoint:59468"/>
                </PointOnRoute>
                <PointOnRoute version="1" id="VTR:PointOnRoute:59469" order="7">
                  <RoutePointRef ref="VTR:RoutePoint:59469"/>
                </PointOnRoute>
                <PointOnRoute version="1" id="VTR:PointOnRoute:59470" order="8">
                  <RoutePointRef ref="VTR:RoutePoint:59470"/>
                </PointOnRoute>
                <PointOnRoute version="1" id="VTR:PointOnRoute:59471" order="9">
                  <RoutePointRef ref="VTR:RoutePoint:59471"/>
                </PointOnRoute>
                <PointOnRoute version="1" id="VTR:PointOnRoute:59472" order="10">
                  <RoutePointRef ref="VTR:RoutePoint:59472"/>
                </PointOnRoute>
                <PointOnRoute version="1" id="VTR:PointOnRoute:59473" order="11">
                  <RoutePointRef ref="VTR:RoutePoint:59473"/>
                </PointOnRoute>
                <PointOnRoute version="1" id="VTR:PointOnRoute:59474" order="12">
                  <RoutePointRef ref="VTR:RoutePoint:59474"/>
                </PointOnRoute>
                <PointOnRoute version="1" id="VTR:PointOnRoute:59475" order="13">
                  <RoutePointRef ref="VTR:RoutePoint:59475"/>
                </PointOnRoute>
              </pointsInSequence>
            </Route>
          </routes>
          <lines>
            <Line version="1461" id="VTR:Line:1479">
              <Name>Alanta - Girsteitiškis - Molėtai</Name>
              <TransportMode>bus</TransportMode>
              <TransportSubmode>
                <BusSubmode>regionalBus</BusSubmode>
              </TransportSubmode>
              <PublicCode>M-5004</PublicCode>
              <OperatorRef ref="VTR:Operator:9"/>
            </Line>
          </lines>
          <scheduledStopPoints>
            <ScheduledStopPoint version="1" id="VTR:ScheduledStopPoint:59463">
              <Name>Alanta</Name>
            </ScheduledStopPoint>
            <ScheduledStopPoint version="1" id="VTR:ScheduledStopPoint:59464">
              <Name>Dauniškiai</Name>
            </ScheduledStopPoint>
            <ScheduledStopPoint version="1" id="VTR:ScheduledStopPoint:59465">
              <Name>Žygeliškis</Name>
            </ScheduledStopPoint>
            <ScheduledStopPoint version="1" id="VTR:ScheduledStopPoint:59466">
              <Name>Juodiškiai</Name>
            </ScheduledStopPoint>
            <ScheduledStopPoint version="1" id="VTR:ScheduledStopPoint:59467">
              <Name>Girsteitiškis</Name>
            </ScheduledStopPoint>
            <ScheduledStopPoint version="1" id="VTR:ScheduledStopPoint:59468">
              <Name>Gilužiai</Name>
            </ScheduledStopPoint>
            <ScheduledStopPoint version="1" id="VTR:ScheduledStopPoint:59469">
              <Name>Šimėnai</Name>
            </ScheduledStopPoint>
            <ScheduledStopPoint version="1" id="VTR:ScheduledStopPoint:59470">
              <Name>Miškiškiai</Name>
            </ScheduledStopPoint>
            <ScheduledStopPoint version="1" id="VTR:ScheduledStopPoint:59471">
              <Name>Posūkis į Balninkus</Name>
            </ScheduledStopPoint>
            <ScheduledStopPoint version="1" id="VTR:ScheduledStopPoint:59472">
              <Name>Bajorai</Name>
            </ScheduledStopPoint>
            <ScheduledStopPoint version="1" id="VTR:ScheduledStopPoint:59473">
              <Name>Kijeliai</Name>
            </ScheduledStopPoint>
            <ScheduledStopPoint version="1" id="VTR:ScheduledStopPoint:59474">
              <Name>Sodai</Name>
            </ScheduledStopPoint>
            <ScheduledStopPoint version="1" id="VTR:ScheduledStopPoint:59475">
              <Name>Molėtų autobusų stotis</Name>
            </ScheduledStopPoint>
          </scheduledStopPoints>
          <serviceLinks>
            <ServiceLink id="VTR:ServiceLink:59470_1_59471_1" version="1">
              <Distance>1</Distance>
              <FromPointRef ref="VTR:ScheduledStopPoint:59470" version="1"/>
              <ToPointRef ref="VTR:ScheduledStopPoint:59471" version="1"/>
            </ServiceLink>
            <ServiceLink id="VTR:ServiceLink:59464_1_59465_1" version="1">
              <Distance>1</Distance>
              <FromPointRef ref="VTR:ScheduledStopPoint:59464" version="1"/>
              <ToPointRef ref="VTR:ScheduledStopPoint:59465" version="1"/>
            </ServiceLink>
            <ServiceLink id="VTR:ServiceLink:59467_1_59468_1" version="1">
              <Distance>2</Distance>
              <FromPointRef ref="VTR:ScheduledStopPoint:59467" version="1"/>
              <ToPointRef ref="VTR:ScheduledStopPoint:59468" version="1"/>
            </ServiceLink>
            <ServiceLink id="VTR:ServiceLink:59473_1_59474_1" version="1">
              <Distance>1</Distance>
              <FromPointRef ref="VTR:ScheduledStopPoint:59473" version="1"/>
              <ToPointRef ref="VTR:ScheduledStopPoint:59474" version="1"/>
            </ServiceLink>
            <ServiceLink id="VTR:ServiceLink:59465_1_59466_1" version="1">
              <Distance>2</Distance>
              <FromPointRef ref="VTR:ScheduledStopPoint:59465" version="1"/>
              <ToPointRef ref="VTR:ScheduledStopPoint:59466" version="1"/>
            </ServiceLink>
            <ServiceLink id="VTR:ServiceLink:59469_1_59470_1" version="1">
              <Distance>1</Distance>
              <FromPointRef ref="VTR:ScheduledStopPoint:59469" version="1"/>
              <ToPointRef ref="VTR:ScheduledStopPoint:59470" version="1"/>
            </ServiceLink>
            <ServiceLink id="VTR:ServiceLink:59463_1_59464_1" version="1">
              <Distance>2</Distance>
              <FromPointRef ref="VTR:ScheduledStopPoint:59463" version="1"/>
              <ToPointRef ref="VTR:ScheduledStopPoint:59464" version="1"/>
            </ServiceLink>
            <ServiceLink id="VTR:ServiceLink:59466_1_59467_1" version="1">
              <Distance>1</Distance>
              <FromPointRef ref="VTR:ScheduledStopPoint:59466" version="1"/>
              <ToPointRef ref="VTR:ScheduledStopPoint:59467" version="1"/>
            </ServiceLink>
            <ServiceLink id="VTR:ServiceLink:59471_1_59472_1" version="1">
              <Distance>1</Distance>
              <FromPointRef ref="VTR:ScheduledStopPoint:59471" version="1"/>
              <ToPointRef ref="VTR:ScheduledStopPoint:59472" version="1"/>
            </ServiceLink>
            <ServiceLink id="VTR:ServiceLink:59468_1_59469_1" version="1">
              <Distance>2</Distance>
              <FromPointRef ref="VTR:ScheduledStopPoint:59468" version="1"/>
              <ToPointRef ref="VTR:ScheduledStopPoint:59469" version="1"/>
            </ServiceLink>
            <ServiceLink id="VTR:ServiceLink:59472_1_59473_1" version="1">
              <Distance>1</Distance>
              <FromPointRef ref="VTR:ScheduledStopPoint:59472" version="1"/>
              <ToPointRef ref="VTR:ScheduledStopPoint:59473" version="1"/>
            </ServiceLink>
            <ServiceLink id="VTR:ServiceLink:59474_1_59475_1" version="1">
              <Distance>1</Distance>
              <FromPointRef ref="VTR:ScheduledStopPoint:59474" version="1"/>
              <ToPointRef ref="VTR:ScheduledStopPoint:59475" version="1"/>
            </ServiceLink>
          </serviceLinks>
          <stopAssignments>
            <PassengerStopAssignment order="357400000" id="VTR:PassengerStopAssignment:59463" version="1">
              <ScheduledStopPointRef ref="VTR:ScheduledStopPoint:59463" version="1"/>
              <QuayRef ref="VTR:Quay:7459"/>
            </PassengerStopAssignment>
            <PassengerStopAssignment order="357400001" id="VTR:PassengerStopAssignment:59464" version="1">
              <ScheduledStopPointRef ref="VTR:ScheduledStopPoint:59464" version="1"/>
              <QuayRef ref="VTR:Quay:13496"/>
            </PassengerStopAssignment>
            <PassengerStopAssignment order="357400002" id="VTR:PassengerStopAssignment:59465" version="1">
              <ScheduledStopPointRef ref="VTR:ScheduledStopPoint:59465" version="1"/>
              <QuayRef ref="VTR:Quay:21090"/>
            </PassengerStopAssignment>
            <PassengerStopAssignment order="357400003" id="VTR:PassengerStopAssignment:59466" version="1">
              <ScheduledStopPointRef ref="VTR:ScheduledStopPoint:59466" version="1"/>
              <QuayRef ref="VTR:Quay:16510"/>
            </PassengerStopAssignment>
            <PassengerStopAssignment order="357400004" id="VTR:PassengerStopAssignment:59467" version="1">
              <ScheduledStopPointRef ref="VTR:ScheduledStopPoint:59467" version="1"/>
              <QuayRef ref="VTR:Quay:6167"/>
            </PassengerStopAssignment>
            <PassengerStopAssignment order="357400005" id="VTR:PassengerStopAssignment:59468" version="1">
              <ScheduledStopPointRef ref="VTR:ScheduledStopPoint:59468" version="1"/>
              <QuayRef ref="VTR:Quay:6180"/>
            </PassengerStopAssignment>
            <PassengerStopAssignment order="357400006" id="VTR:PassengerStopAssignment:59469" version="1">
              <ScheduledStopPointRef ref="VTR:ScheduledStopPoint:59469" version="1"/>
              <QuayRef ref="VTR:Quay:8007"/>
            </PassengerStopAssignment>
            <PassengerStopAssignment order="357400007" id="VTR:PassengerStopAssignment:59470" version="1">
              <ScheduledStopPointRef ref="VTR:ScheduledStopPoint:59470" version="1"/>
              <QuayRef ref="VTR:Quay:4928"/>
            </PassengerStopAssignment>
            <PassengerStopAssignment order="357400008" id="VTR:PassengerStopAssignment:59471" version="1">
              <ScheduledStopPointRef ref="VTR:ScheduledStopPoint:59471" version="1"/>
              <QuayRef ref="VTR:Quay:5385"/>
            </PassengerStopAssignment>
            <PassengerStopAssignment order="357400009" id="VTR:PassengerStopAssignment:59472" version="1">
              <ScheduledStopPointRef ref="VTR:ScheduledStopPoint:59472" version="1"/>
              <QuayRef ref="VTR:Quay:5382"/>
            </PassengerStopAssignment>
            <PassengerStopAssignment order="357400010" id="VTR:PassengerStopAssignment:59473" version="1">
              <ScheduledStopPointRef ref="VTR:ScheduledStopPoint:59473" version="1"/>
              <QuayRef ref="VTR:Quay:7272"/>
            </PassengerStopAssignment>
            <PassengerStopAssignment order="357400011" id="VTR:PassengerStopAssignment:59474" version="1">
              <ScheduledStopPointRef ref="VTR:ScheduledStopPoint:59474" version="1"/>
              <QuayRef ref="VTR:Quay:20800"/>
            </PassengerStopAssignment>
            <PassengerStopAssignment order="357400012" id="VTR:PassengerStopAssignment:59475" version="1">
              <ScheduledStopPointRef ref="VTR:ScheduledStopPoint:59475" version="1"/>
              <QuayRef ref="VTR:Quay:19482"/>
            </PassengerStopAssignment>
          </stopAssignments>
          <journeyPatterns>
            <JourneyPattern id="VTR:JourneyPattern:45644" version="45605">
              <Name>5004-4</Name>
              <RouteRef ref="VTR:Route:3574" version="1"/>
              <pointsInSequence>
                <StopPointInJourneyPattern id="VTR:StopPointInJourneyPattern:956714" version="45605" order="1">
                  <ScheduledStopPointRef ref="VTR:ScheduledStopPoint:59463"/>
                  <DestinationDisplayRef ref="VTR:DestinationDisplay:1"/>
                </StopPointInJourneyPattern>
                <StopPointInJourneyPattern id="VTR:StopPointInJourneyPattern:956715" version="45605" order="2">
                  <ScheduledStopPointRef ref="VTR:ScheduledStopPoint:59464"/>
                  <DestinationDisplayRef ref="VTR:DestinationDisplay:1"/>
                </StopPointInJourneyPattern>
                <StopPointInJourneyPattern id="VTR:StopPointInJourneyPattern:956716" version="45605" order="3">
                  <ScheduledStopPointRef ref="VTR:ScheduledStopPoint:59465"/>
                  <DestinationDisplayRef ref="VTR:DestinationDisplay:1"/>
                </StopPointInJourneyPattern>
                <StopPointInJourneyPattern id="VTR:StopPointInJourneyPattern:956717" version="45605" order="4">
                  <ScheduledStopPointRef ref="VTR:ScheduledStopPoint:59466"/>
                  <DestinationDisplayRef ref="VTR:DestinationDisplay:1"/>
                </StopPointInJourneyPattern>
                <StopPointInJourneyPattern id="VTR:StopPointInJourneyPattern:956718" version="45605" order="5">
                  <ScheduledStopPointRef ref="VTR:ScheduledStopPoint:59467"/>
                  <DestinationDisplayRef ref="VTR:DestinationDisplay:1"/>
                </StopPointInJourneyPattern>
                <StopPointInJourneyPattern id="VTR:StopPointInJourneyPattern:956719" version="45605" order="6">
                  <ScheduledStopPointRef ref="VTR:ScheduledStopPoint:59468"/>
                  <DestinationDisplayRef ref="VTR:DestinationDisplay:1"/>
                </StopPointInJourneyPattern>
                <StopPointInJourneyPattern id="VTR:StopPointInJourneyPattern:956720" version="45605" order="7">
                  <ScheduledStopPointRef ref="VTR:ScheduledStopPoint:59469"/>
                  <DestinationDisplayRef ref="VTR:DestinationDisplay:1"/>
                </StopPointInJourneyPattern>
                <StopPointInJourneyPattern id="VTR:StopPointInJourneyPattern:956721" version="45605" order="8">
                  <ScheduledStopPointRef ref="VTR:ScheduledStopPoint:59470"/>
                  <DestinationDisplayRef ref="VTR:DestinationDisplay:1"/>
                </StopPointInJourneyPattern>
                <StopPointInJourneyPattern id="VTR:StopPointInJourneyPattern:956722" version="45605" order="9">
                  <ScheduledStopPointRef ref="VTR:ScheduledStopPoint:59471"/>
                  <DestinationDisplayRef ref="VTR:DestinationDisplay:1"/>
                </StopPointInJourneyPattern>
                <StopPointInJourneyPattern id="VTR:StopPointInJourneyPattern:956723" version="45605" order="10">
                  <ScheduledStopPointRef ref="VTR:ScheduledStopPoint:59472"/>
                  <DestinationDisplayRef ref="VTR:DestinationDisplay:1"/>
                </StopPointInJourneyPattern>
                <StopPointInJourneyPattern id="VTR:StopPointInJourneyPattern:956724" version="45605" order="11">
                  <ScheduledStopPointRef ref="VTR:ScheduledStopPoint:59473"/>
                  <DestinationDisplayRef ref="VTR:DestinationDisplay:1"/>
                </StopPointInJourneyPattern>
                <StopPointInJourneyPattern id="VTR:StopPointInJourneyPattern:956725" version="45605" order="12">
                  <ScheduledStopPointRef ref="VTR:ScheduledStopPoint:59474"/>
                  <DestinationDisplayRef ref="VTR:DestinationDisplay:1"/>
                </StopPointInJourneyPattern>
                <StopPointInJourneyPattern id="VTR:StopPointInJourneyPattern:956726" version="45605" order="13">
                  <ScheduledStopPointRef ref="VTR:ScheduledStopPoint:59475"/>
                  <DestinationDisplayRef ref="VTR:DestinationDisplay:1"/>
                </StopPointInJourneyPattern>
              </pointsInSequence>
            </JourneyPattern>
          </journeyPatterns>
        </ServiceFrame>
        <TimetableFrame version="1" id="VTR:TimetableFrame:1388">
          <vehicleJourneys>
            <ServiceJourney version="45605" id="VTR:ServiceJourney:45644">
              <Name>Alanta - Girsteitiškis - Molėtai</Name>
              <PrivateCode>5004-4</PrivateCode>
              <dayTypes>
                <DayTypeRef ref="VTR:DayType:815"/>
              </dayTypes>
              <JourneyPatternRef version="45605" ref="VTR:JourneyPattern:45644"/>
              <OperatorRef ref="VTR:Operator:362"/>
              <LineRef ref="VTR:Line:1479" version="1461"/>
              <passingTimes>
                <TimetabledPassingTime version="45605" id="VTR:TimetabledPassingTime:45644_956714_1">
                  <StopPointInJourneyPatternRef ref="VTR:StopPointInJourneyPattern:956714" version="45605"/>
                  <DepartureTime>15:20:00</DepartureTime>
                  <DepartureDayOffset>0</DepartureDayOffset>
                </TimetabledPassingTime>
                <TimetabledPassingTime version="45605" id="VTR:TimetabledPassingTime:45644_956715_2">
                  <StopPointInJourneyPatternRef ref="VTR:StopPointInJourneyPattern:956715" version="45605"/>
                  <DepartureTime>15:25:00</DepartureTime>
                  <DepartureDayOffset>0</DepartureDayOffset>
                </TimetabledPassingTime>
                <TimetabledPassingTime version="45605" id="VTR:TimetabledPassingTime:45644_956716_3">
                  <StopPointInJourneyPatternRef ref="VTR:StopPointInJourneyPattern:956716" version="45605"/>
                  <DepartureTime>15:29:00</DepartureTime>
                  <DepartureDayOffset>0</DepartureDayOffset>
                </TimetabledPassingTime>
                <TimetabledPassingTime version="45605" id="VTR:TimetabledPassingTime:45644_956717_4">
                  <StopPointInJourneyPatternRef ref="VTR:StopPointInJourneyPattern:956717" version="45605"/>
                  <DepartureTime>15:34:00</DepartureTime>
                  <DepartureDayOffset>0</DepartureDayOffset>
                </TimetabledPassingTime>
                <TimetabledPassingTime version="45605" id="VTR:TimetabledPassingTime:45644_956718_5">
                  <StopPointInJourneyPatternRef ref="VTR:StopPointInJourneyPattern:956718" version="45605"/>
                  <DepartureTime>15:37:00</DepartureTime>
                  <DepartureDayOffset>0</DepartureDayOffset>
                </TimetabledPassingTime>
                <TimetabledPassingTime version="45605" id="VTR:TimetabledPassingTime:45644_956719_6">
                  <StopPointInJourneyPatternRef ref="VTR:StopPointInJourneyPattern:956719" version="45605"/>
                  <DepartureTime>15:41:00</DepartureTime>
                  <DepartureDayOffset>0</DepartureDayOffset>
                </TimetabledPassingTime>
                <TimetabledPassingTime version="45605" id="VTR:TimetabledPassingTime:45644_956720_7">
                  <StopPointInJourneyPatternRef ref="VTR:StopPointInJourneyPattern:956720" version="45605"/>
                  <DepartureTime>15:45:00</DepartureTime>
                  <DepartureDayOffset>0</DepartureDayOffset>
                </TimetabledPassingTime>
                <TimetabledPassingTime version="45605" id="VTR:TimetabledPassingTime:45644_956721_8">
                  <StopPointInJourneyPatternRef ref="VTR:StopPointInJourneyPattern:956721" version="45605"/>
                  <DepartureTime>15:48:00</DepartureTime>
                  <DepartureDayOffset>0</DepartureDayOffset>
                </TimetabledPassingTime>
                <TimetabledPassingTime version="45605" id="VTR:TimetabledPassingTime:45644_956722_9">
                  <StopPointInJourneyPatternRef ref="VTR:StopPointInJourneyPattern:956722" version="45605"/>
                  <DepartureTime>15:52:00</DepartureTime>
                  <DepartureDayOffset>0</DepartureDayOffset>
                </TimetabledPassingTime>
                <TimetabledPassingTime version="45605" id="VTR:TimetabledPassingTime:45644_956723_10">
                  <StopPointInJourneyPatternRef ref="VTR:StopPointInJourneyPattern:956723" version="45605"/>
                  <DepartureTime>15:54:00</DepartureTime>
                  <DepartureDayOffset>0</DepartureDayOffset>
                </TimetabledPassingTime>
                <TimetabledPassingTime version="45605" id="VTR:TimetabledPassingTime:45644_956724_11">
                  <StopPointInJourneyPatternRef ref="VTR:StopPointInJourneyPattern:956724" version="45605"/>
                  <DepartureTime>15:56:00</DepartureTime>
                  <DepartureDayOffset>0</DepartureDayOffset>
                </TimetabledPassingTime>
                <TimetabledPassingTime version="45605" id="VTR:TimetabledPassingTime:45644_956725_12">
                  <StopPointInJourneyPatternRef ref="VTR:StopPointInJourneyPattern:956725" version="45605"/>
                  <DepartureTime>15:58:00</DepartureTime>
                  <DepartureDayOffset>0</DepartureDayOffset>
                </TimetabledPassingTime>
                <TimetabledPassingTime version="45605" id="VTR:TimetabledPassingTime:45644_956726_13">
                  <StopPointInJourneyPatternRef ref="VTR:StopPointInJourneyPattern:956726" version="45605"/>
                  <DepartureTime>16:00:00</DepartureTime>
                  <DepartureDayOffset>0</DepartureDayOffset>
                </TimetabledPassingTime>
              </passingTimes>
            </ServiceJourney>
          </vehicleJourneys>
        </TimetableFrame>
        <ResourceFrame version="1" id="VTR:ResourceFrame:1388">
          <organisations>
            <Authority version="1" id="VTR:Authority:9">
              <CompanyNumber>62</CompanyNumber>
              <Name>Molėtų r. sav.</Name>
              <LegalName>Molėtų r. sav.</LegalName>
              <ContactDetails>
                <Email>savivaldybe@moletai.lt</Email>
                <Phone>838354761</Phone>
                <Url>www.moletai.lt</Url>
              </ContactDetails>
              <OrganisationType>authority</OrganisationType>
            </Authority>
          </organisations>
        </ResourceFrame>
        <FareFrame id="VTR:FareFrame:1479" version="1">
          <FrameDefaults>
            <DefaultCurrency>EUR</DefaultCurrency>
          </FrameDefaults>
          <fareStructureElements>
            <FareStructureElement id="VTR:FareStructureElement:pricematrix" version="1">
              <distanceMatrixElements>
                <DistanceMatrixElementRef ref="VTR:DistanceMatrixElement:956714to956720" version="1"/>
                <DistanceMatrixElementRef ref="VTR:DistanceMatrixElement:956714to956722" version="1"/>
                <DistanceMatrixElementRef ref="VTR:DistanceMatrixElement:956715to956725" version="1"/>
                <DistanceMatrixElementRef ref="VTR:DistanceMatrixElement:956716to956721" version="1"/>
                <DistanceMatrixElementRef ref="VTR:DistanceMatrixElement:956716to956723" version="1"/>
                <DistanceMatrixElementRef ref="VTR:DistanceMatrixElement:956717to956726" version="1"/>
                <DistanceMatrixElementRef ref="VTR:DistanceMatrixElement:956718to956720" version="1"/>
                <DistanceMatrixElementRef ref="VTR:DistanceMatrixElement:956718to956726" version="1"/>
                <DistanceMatrixElementRef ref="VTR:DistanceMatrixElement:956721to956726" version="1"/>
                <DistanceMatrixElementRef ref="VTR:DistanceMatrixElement:956714to956715" version="1"/>
                <DistanceMatrixElementRef ref="VTR:DistanceMatrixElement:956714to956717" version="1"/>
                <DistanceMatrixElementRef ref="VTR:DistanceMatrixElement:956715to956722" version="1"/>
                <DistanceMatrixElementRef ref="VTR:DistanceMatrixElement:956715to956724" version="1"/>
                <DistanceMatrixElementRef ref="VTR:DistanceMatrixElement:956715to956726" version="1"/>
                <DistanceMatrixElementRef ref="VTR:DistanceMatrixElement:956718to956722" version="1"/>
                <DistanceMatrixElementRef ref="VTR:DistanceMatrixElement:956718to956723" version="1"/>
                <DistanceMatrixElementRef ref="VTR:DistanceMatrixElement:956719to956720" version="1"/>
                <DistanceMatrixElementRef ref="VTR:DistanceMatrixElement:956719to956726" version="1"/>
                <DistanceMatrixElementRef ref="VTR:DistanceMatrixElement:956720to956721" version="1"/>
                <DistanceMatrixElementRef ref="VTR:DistanceMatrixElement:956720to956722" version="1"/>
                <DistanceMatrixElementRef ref="VTR:DistanceMatrixElement:956720to956725" version="1"/>
                <DistanceMatrixElementRef ref="VTR:DistanceMatrixElement:956715to956718" version="1"/>
                <DistanceMatrixElementRef ref="VTR:DistanceMatrixElement:956716to956719" version="1"/>
                <DistanceMatrixElementRef ref="VTR:DistanceMatrixElement:956716to956722" version="1"/>
                <DistanceMatrixElementRef ref="VTR:DistanceMatrixElement:956717to956720" version="1"/>
                <DistanceMatrixElementRef ref="VTR:DistanceMatrixElement:956720to956723" version="1"/>
                <DistanceMatrixElementRef ref="VTR:DistanceMatrixElement:956721to956722" version="1"/>
                <DistanceMatrixElementRef ref="VTR:DistanceMatrixElement:956722to956724" version="1"/>
                <DistanceMatrixElementRef ref="VTR:DistanceMatrixElement:956722to956726" version="1"/>
                <DistanceMatrixElementRef ref="VTR:DistanceMatrixElement:956723to956726" version="1"/>
                <DistanceMatrixElementRef ref="VTR:DistanceMatrixElement:956725to956726" version="1"/>
                <DistanceMatrixElementRef ref="VTR:DistanceMatrixElement:956714to956721" version="1"/>
                <DistanceMatrixElementRef ref="VTR:DistanceMatrixElement:956714to956724" version="1"/>
                <DistanceMatrixElementRef ref="VTR:DistanceMatrixElement:956715to956716" version="1"/>
                <DistanceMatrixElementRef ref="VTR:DistanceMatrixElement:956715to956717" version="1"/>
                <DistanceMatrixElementRef ref="VTR:DistanceMatrixElement:956715to956720" version="1"/>
                <DistanceMatrixElementRef ref="VTR:DistanceMatrixElement:956716to956717" version="1"/>
                <DistanceMatrixElementRef ref="VTR:DistanceMatrixElement:956718to956721" version="1"/>
                <DistanceMatrixElementRef ref="VTR:DistanceMatrixElement:956719to956721" version="1"/>
                <DistanceMatrixElementRef ref="VTR:DistanceMatrixElement:956719to956723" version="1"/>
                <DistanceMatrixElementRef ref="VTR:DistanceMatrixElement:956719to956724" version="1"/>
                <DistanceMatrixElementRef ref="VTR:DistanceMatrixElement:956721to956724" version="1"/>
                <DistanceMatrixElementRef ref="VTR:DistanceMatrixElement:956722to956723" version="1"/>
                <DistanceMatrixElementRef ref="VTR:DistanceMatrixElement:956716to956720" version="1"/>
                <DistanceMatrixElementRef ref="VTR:DistanceMatrixElement:956716to956724" version="1"/>
                <DistanceMatrixElementRef ref="VTR:DistanceMatrixElement:956717to956721" version="1"/>
                <DistanceMatrixElementRef ref="VTR:DistanceMatrixElement:956717to956723" version="1"/>
                <DistanceMatrixElementRef ref="VTR:DistanceMatrixElement:956717to956724" version="1"/>
                <DistanceMatrixElementRef ref="VTR:DistanceMatrixElement:956718to956719" version="1"/>
                <DistanceMatrixElementRef ref="VTR:DistanceMatrixElement:956718to956724" version="1"/>
                <DistanceMatrixElementRef ref="VTR:DistanceMatrixElement:956719to956722" version="1"/>
                <DistanceMatrixElementRef ref="VTR:DistanceMatrixElement:956723to956724" version="1"/>
                <DistanceMatrixElementRef ref="VTR:DistanceMatrixElement:956714to956723" version="1"/>
                <DistanceMatrixElementRef ref="VTR:DistanceMatrixElement:956714to956725" version="1"/>
                <DistanceMatrixElementRef ref="VTR:DistanceMatrixElement:956715to956721" version="1"/>
                <DistanceMatrixElementRef ref="VTR:DistanceMatrixElement:956717to956719" version="1"/>
                <DistanceMatrixElementRef ref="VTR:DistanceMatrixElement:956717to956722" version="1"/>
                <DistanceMatrixElementRef ref="VTR:DistanceMatrixElement:956720to956724" version="1"/>
                <DistanceMatrixElementRef ref="VTR:DistanceMatrixElement:956721to956723" version="1"/>
                <DistanceMatrixElementRef ref="VTR:DistanceMatrixElement:956724to956725" version="1"/>
                <DistanceMatrixElementRef ref="VTR:DistanceMatrixElement:956714to956718" version="1"/>
                <DistanceMatrixElementRef ref="VTR:DistanceMatrixElement:956714to956719" version="1"/>
                <DistanceMatrixElementRef ref="VTR:DistanceMatrixElement:956714to956726" version="1"/>
                <DistanceMatrixElementRef ref="VTR:DistanceMatrixElement:956716to956725" version="1"/>
                <DistanceMatrixElementRef ref="VTR:DistanceMatrixElement:956716to956726" version="1"/>
                <DistanceMatrixElementRef ref="VTR:DistanceMatrixElement:956717to956725" version="1"/>
                <DistanceMatrixElementRef ref="VTR:DistanceMatrixElement:956718to956725" version="1"/>
                <DistanceMatrixElementRef ref="VTR:DistanceMatrixElement:956721to956725" version="1"/>
                <DistanceMatrixElementRef ref="VTR:DistanceMatrixElement:956722to956725" version="1"/>
                <DistanceMatrixElementRef ref="VTR:DistanceMatrixElement:956724to956726" version="1"/>
                <DistanceMatrixElementRef ref="VTR:DistanceMatrixElement:956714to956716" version="1"/>
                <DistanceMatrixElementRef ref="VTR:DistanceMatrixElement:956715to956719" version="1"/>
                <DistanceMatrixElementRef ref="VTR:DistanceMatrixElement:956715to956723" version="1"/>
                <DistanceMatrixElementRef ref="VTR:DistanceMatrixElement:956716to956718" version="1"/>
                <DistanceMatrixElementRef ref="VTR:DistanceMatrixElement:956717to956718" version="1"/>
                <DistanceMatrixElementRef ref="VTR:DistanceMatrixElement:956719to956725" version="1"/>
                <DistanceMatrixElementRef ref="VTR:DistanceMatrixElement:956720to956726" version="1"/>
                <DistanceMatrixElementRef ref="VTR:DistanceMatrixElement:956723to956725" version="1"/>
              </distanceMatrixElements>
            </FareStructureElement>
          </fareStructureElements>
          <tariffs>
            <Tariff id="VTR:Tariff:pointToPointInSeparateJourney_1479" version="1">
              <Name>Point to point tariff</Name>
              <distanceMatrixElements>
                <DistanceMatrixElement id="VTR:DistanceMatrixElement:956714to956720" version="1">
                  <Name>Alanta to Šimėnai</Name>
                  <StartStopPointRef ref="VTR:ScheduledStopPoint:59463" version="1"/>
                  <EndStopPointRef ref="VTR:ScheduledStopPoint:59469" version="1"/>
                  <prices>
                    <DistanceMatrixElementPrice id="VTR:DistanceMatrixElementPrice:956714to956720" version="1">
                      <Amount>1.2</Amount>
                      <DistanceMatrixElementRef ref="VTR:DistanceMatrixElement:956714to956720" version="1"/>
                    </DistanceMatrixElementPrice>
                  </prices>
                </DistanceMatrixElement>
                <DistanceMatrixElement id="VTR:DistanceMatrixElement:956714to956722" version="1">
                  <Name>Alanta to Posūkis į Balninkus</Name>
                  <StartStopPointRef ref="VTR:ScheduledStopPoint:59463" version="1"/>
                  <EndStopPointRef ref="VTR:ScheduledStopPoint:59471" version="1"/>
                  <prices>
                    <DistanceMatrixElementPrice id="VTR:DistanceMatrixElementPrice:956714to956722" version="1">
                      <Amount>1.5</Amount>
                      <DistanceMatrixElementRef ref="VTR:DistanceMatrixElement:956714to956722" version="1"/>
                    </DistanceMatrixElementPrice>
                  </prices>
                </DistanceMatrixElement>
                <DistanceMatrixElement id="VTR:DistanceMatrixElement:956715to956725" version="1">
                  <Name>Dauniškiai to Sodai</Name>
                  <StartStopPointRef ref="VTR:ScheduledStopPoint:59464" version="1"/>
                  <EndStopPointRef ref="VTR:ScheduledStopPoint:59474" version="1"/>
                  <prices>
                    <DistanceMatrixElementPrice id="VTR:DistanceMatrixElementPrice:956715to956725" version="1">
                      <Amount>1.8</Amount>
                      <DistanceMatrixElementRef ref="VTR:DistanceMatrixElement:956715to956725" version="1"/>
                    </DistanceMatrixElementPrice>
                  </prices>
                </DistanceMatrixElement>
                <DistanceMatrixElement id="VTR:DistanceMatrixElement:956716to956721" version="1">
                  <Name>Žygeliškis to Miškiškiai</Name>
                  <StartStopPointRef ref="VTR:ScheduledStopPoint:59465" version="1"/>
                  <EndStopPointRef ref="VTR:ScheduledStopPoint:59470" version="1"/>
                  <prices>
                    <DistanceMatrixElementPrice id="VTR:DistanceMatrixElementPrice:956716to956721" version="1">
                      <Amount>1.0</Amount>
                      <DistanceMatrixElementRef ref="VTR:DistanceMatrixElement:956716to956721" version="1"/>
                    </DistanceMatrixElementPrice>
                  </prices>
                </DistanceMatrixElement>
                <DistanceMatrixElement id="VTR:DistanceMatrixElement:956716to956723" version="1">
                  <Name>Žygeliškis to Bajorai</Name>
                  <StartStopPointRef ref="VTR:ScheduledStopPoint:59465" version="1"/>
                  <EndStopPointRef ref="VTR:ScheduledStopPoint:59472" version="1"/>
                  <prices>
                    <DistanceMatrixElementPrice id="VTR:DistanceMatrixElementPrice:956716to956723" version="1">
                      <Amount>1.3</Amount>
                      <DistanceMatrixElementRef ref="VTR:DistanceMatrixElement:956716to956723" version="1"/>
                    </DistanceMatrixElementPrice>
                  </prices>
                </DistanceMatrixElement>
                <DistanceMatrixElement id="VTR:DistanceMatrixElement:956717to956726" version="1">
                  <Name>Juodiškiai to Molėtų autobusų stotis</Name>
                  <StartStopPointRef ref="VTR:ScheduledStopPoint:59466" version="1"/>
                  <EndStopPointRef ref="VTR:ScheduledStopPoint:59475" version="1"/>
                  <prices>
                    <DistanceMatrixElementPrice id="VTR:DistanceMatrixElementPrice:956717to956726" version="1">
                      <Amount>1.4</Amount>
                      <DistanceMatrixElementRef ref="VTR:DistanceMatrixElement:956717to956726" version="1"/>
                    </DistanceMatrixElementPrice>
                  </prices>
                </DistanceMatrixElement>
                <DistanceMatrixElement id="VTR:DistanceMatrixElement:956718to956720" version="1">
                  <Name>Girsteitiškis to Šimėnai</Name>
                  <StartStopPointRef ref="VTR:ScheduledStopPoint:59467" version="1"/>
                  <EndStopPointRef ref="VTR:ScheduledStopPoint:59469" version="1"/>
                  <prices>
                    <DistanceMatrixElementPrice id="VTR:DistanceMatrixElementPrice:956718to956720" version="1">
                      <Amount>0.4</Amount>
                      <DistanceMatrixElementRef ref="VTR:DistanceMatrixElement:956718to956720" version="1"/>
                    </DistanceMatrixElementPrice>
                  </prices>
                </DistanceMatrixElement>
                <DistanceMatrixElement id="VTR:DistanceMatrixElement:956718to956726" version="1">
                  <Name>Girsteitiškis to Molėtų autobusų stotis</Name>
                  <StartStopPointRef ref="VTR:ScheduledStopPoint:59467" version="1"/>
                  <EndStopPointRef ref="VTR:ScheduledStopPoint:59475" version="1"/>
                  <prices>
                    <DistanceMatrixElementPrice id="VTR:DistanceMatrixElementPrice:956718to956726" version="1">
                      <Amount>1.2</Amount>
                      <DistanceMatrixElementRef ref="VTR:DistanceMatrixElement:956718to956726" version="1"/>
                    </DistanceMatrixElementPrice>
                  </prices>
                </DistanceMatrixElement>
                <DistanceMatrixElement id="VTR:DistanceMatrixElement:956721to956726" version="1">
                  <Name>Miškiškiai to Molėtų autobusų stotis</Name>
                  <StartStopPointRef ref="VTR:ScheduledStopPoint:59470" version="1"/>
                  <EndStopPointRef ref="VTR:ScheduledStopPoint:59475" version="1"/>
                  <prices>
                    <DistanceMatrixElementPrice id="VTR:DistanceMatrixElementPrice:956721to956726" version="1">
                      <Amount>0.6</Amount>
                      <DistanceMatrixElementRef ref="VTR:DistanceMatrixElement:956721to956726" version="1"/>
                    </DistanceMatrixElementPrice>
                  </prices>
                </DistanceMatrixElement>
                <DistanceMatrixElement id="VTR:DistanceMatrixElement:956714to956715" version="1">
                  <Name>Alanta to Dauniškiai</Name>
                  <StartStopPointRef ref="VTR:ScheduledStopPoint:59463" version="1"/>
                  <EndStopPointRef ref="VTR:ScheduledStopPoint:59464" version="1"/>
                  <prices>
                    <DistanceMatrixElementPrice id="VTR:DistanceMatrixElementPrice:956714to956715" version="1">
                      <Amount>0.2</Amount>
                      <DistanceMatrixElementRef ref="VTR:DistanceMatrixElement:956714to956715" version="1"/>
                    </DistanceMatrixElementPrice>
                  </prices>
                </DistanceMatrixElement>
                <DistanceMatrixElement id="VTR:DistanceMatrixElement:956714to956717" version="1">
                  <Name>Alanta to Juodiškiai</Name>
                  <StartStopPointRef ref="VTR:ScheduledStopPoint:59463" version="1"/>
                  <EndStopPointRef ref="VTR:ScheduledStopPoint:59466" version="1"/>
                  <prices>
                    <DistanceMatrixElementPrice id="VTR:DistanceMatrixElementPrice:956714to956717" version="1">
                      <Amount>0.7</Amount>
                      <DistanceMatrixElementRef ref="VTR:DistanceMatrixElement:956714to956717" version="1"/>
                    </DistanceMatrixElementPrice>
                  </prices>
                </DistanceMatrixElement>
                <DistanceMatrixElement id="VTR:DistanceMatrixElement:956715to956722" version="1">
                  <Name>Dauniškiai to Posūkis į Balninkus</Name>
                  <StartStopPointRef ref="VTR:ScheduledStopPoint:59464" version="1"/>
                  <EndStopPointRef ref="VTR:ScheduledStopPoint:59471" version="1"/>
                  <prices>
                    <DistanceMatrixElementPrice id="VTR:DistanceMatrixElementPrice:956715to956722" version="1">
                      <Amount>1.3</Amount>
                      <DistanceMatrixElementRef ref="VTR:DistanceMatrixElement:956715to956722" version="1"/>
                    </DistanceMatrixElementPrice>
                  </prices>
                </DistanceMatrixElement>
                <DistanceMatrixElement id="VTR:DistanceMatrixElement:956715to956724" version="1">
                  <Name>Dauniškiai to Kijeliai</Name>
                  <StartStopPointRef ref="VTR:ScheduledStopPoint:59464" version="1"/>
                  <EndStopPointRef ref="VTR:ScheduledStopPoint:59473" version="1"/>
                  <prices>
                    <DistanceMatrixElementPrice id="VTR:DistanceMatrixElementPrice:956715to956724" version="1">
                      <Amount>1.6</Amount>
                      <DistanceMatrixElementRef ref="VTR:DistanceMatrixElement:956715to956724" version="1"/>
                    </DistanceMatrixElementPrice>
                  </prices>
                </DistanceMatrixElement>
                <DistanceMatrixElement id="VTR:DistanceMatrixElement:956715to956726" version="1">
                  <Name>Dauniškiai to Molėtų autobusų stotis</Name>
                  <StartStopPointRef ref="VTR:ScheduledStopPoint:59464" version="1"/>
                  <EndStopPointRef ref="VTR:ScheduledStopPoint:59475" version="1"/>
                  <prices>
                    <DistanceMatrixElementPrice id="VTR:DistanceMatrixElementPrice:956715to956726" version="1">
                      <Amount>1.8</Amount>
                      <DistanceMatrixElementRef ref="VTR:DistanceMatrixElement:956715to956726" version="1"/>
                    </DistanceMatrixElementPrice>
                  </prices>
                </DistanceMatrixElement>
                <DistanceMatrixElement id="VTR:DistanceMatrixElement:956718to956722" version="1">
                  <Name>Girsteitiškis to Posūkis į Balninkus</Name>
                  <StartStopPointRef ref="VTR:ScheduledStopPoint:59467" version="1"/>
                  <EndStopPointRef ref="VTR:ScheduledStopPoint:59471" version="1"/>
                  <prices>
                    <DistanceMatrixElementPrice id="VTR:DistanceMatrixElementPrice:956718to956722" version="1">
                      <Amount>0.7</Amount>
                      <DistanceMatrixElementRef ref="VTR:DistanceMatrixElement:956718to956722" version="1"/>
                    </DistanceMatrixElementPrice>
                  </prices>
                </DistanceMatrixElement>
                <DistanceMatrixElement id="VTR:DistanceMatrixElement:956718to956723" version="1">
                  <Name>Girsteitiškis to Bajorai</Name>
                  <StartStopPointRef ref="VTR:ScheduledStopPoint:59467" version="1"/>
                  <EndStopPointRef ref="VTR:ScheduledStopPoint:59472" version="1"/>
                  <prices>
                    <DistanceMatrixElementPrice id="VTR:DistanceMatrixElementPrice:956718to956723" version="1">
                      <Amount>0.9</Amount>
                      <DistanceMatrixElementRef ref="VTR:DistanceMatrixElement:956718to956723" version="1"/>
                    </DistanceMatrixElementPrice>
                  </prices>
                </DistanceMatrixElement>
                <DistanceMatrixElement id="VTR:DistanceMatrixElement:956719to956720" version="1">
                  <Name>Gilužiai to Šimėnai</Name>
                  <StartStopPointRef ref="VTR:ScheduledStopPoint:59468" version="1"/>
                  <EndStopPointRef ref="VTR:ScheduledStopPoint:59469" version="1"/>
                  <prices>
                    <DistanceMatrixElementPrice id="VTR:DistanceMatrixElementPrice:956719to956720" version="1">
                      <Amount>0.2</Amount>
                      <DistanceMatrixElementRef ref="VTR:DistanceMatrixElement:956719to956720" version="1"/>
                    </DistanceMatrixElementPrice>
                  </prices>
                </DistanceMatrixElement>
                <DistanceMatrixElement id="VTR:DistanceMatrixElement:956719to956726" version="1">
                  <Name>Gilužiai to Molėtų autobusų stotis</Name>
                  <StartStopPointRef ref="VTR:ScheduledStopPoint:59468" version="1"/>
                  <EndStopPointRef ref="VTR:ScheduledStopPoint:59475" version="1"/>
                  <prices>
                    <DistanceMatrixElementPrice id="VTR:DistanceMatrixElementPrice:956719to956726" version="1">
                      <Amount>1.0</Amount>
                      <DistanceMatrixElementRef ref="VTR:DistanceMatrixElement:956719to956726" version="1"/>
                    </DistanceMatrixElementPrice>
                  </prices>
                </DistanceMatrixElement>
                <DistanceMatrixElement id="VTR:DistanceMatrixElement:956720to956721" version="1">
                  <Name>Šimėnai to Miškiškiai</Name>
                  <StartStopPointRef ref="VTR:ScheduledStopPoint:59469" version="1"/>
                  <EndStopPointRef ref="VTR:ScheduledStopPoint:59470" version="1"/>
                  <prices>
                    <DistanceMatrixElementPrice id="VTR:DistanceMatrixElementPrice:956720to956721" version="1">
                      <Amount>0.1</Amount>
                      <DistanceMatrixElementRef ref="VTR:DistanceMatrixElement:956720to956721" version="1"/>
                    </DistanceMatrixElementPrice>
                  </prices>
                </DistanceMatrixElement>
                <DistanceMatrixElement id="VTR:DistanceMatrixElement:956720to956722" version="1">
                  <Name>Šimėnai to Posūkis į Balninkus</Name>
                  <StartStopPointRef ref="VTR:ScheduledStopPoint:59469" version="1"/>
                  <EndStopPointRef ref="VTR:ScheduledStopPoint:59471" version="1"/>
                  <prices>
                    <DistanceMatrixElementPrice id="VTR:DistanceMatrixElementPrice:956720to956722" version="1">
                      <Amount>0.3</Amount>
                      <DistanceMatrixElementRef ref="VTR:DistanceMatrixElement:956720to956722" version="1"/>
                    </DistanceMatrixElementPrice>
                  </prices>
                </DistanceMatrixElement>
                <DistanceMatrixElement id="VTR:DistanceMatrixElement:956720to956725" version="1">
                  <Name>Šimėnai to Sodai</Name>
                  <StartStopPointRef ref="VTR:ScheduledStopPoint:59469" version="1"/>
                  <EndStopPointRef ref="VTR:ScheduledStopPoint:59474" version="1"/>
                  <prices>
                    <DistanceMatrixElementPrice id="VTR:DistanceMatrixElementPrice:956720to956725" version="1">
                      <Amount>0.8</Amount>
                      <DistanceMatrixElementRef ref="VTR:DistanceMatrixElement:956720to956725" version="1"/>
                    </DistanceMatrixElementPrice>
                  </prices>
                </DistanceMatrixElement>
                <DistanceMatrixElement id="VTR:DistanceMatrixElement:956715to956718" version="1">
                  <Name>Dauniškiai to Girsteitiškis</Name>
                  <StartStopPointRef ref="VTR:ScheduledStopPoint:59464" version="1"/>
                  <EndStopPointRef ref="VTR:ScheduledStopPoint:59467" version="1"/>
                  <prices>
                    <DistanceMatrixElementPrice id="VTR:DistanceMatrixElementPrice:956715to956718" version="1">
                      <Amount>0.6</Amount>
                      <DistanceMatrixElementRef ref="VTR:DistanceMatrixElement:956715to956718" version="1"/>
                    </DistanceMatrixElementPrice>
                  </prices>
                </DistanceMatrixElement>
                <DistanceMatrixElement id="VTR:DistanceMatrixElement:956716to956719" version="1">
                  <Name>Žygeliškis to Gilužiai</Name>
                  <StartStopPointRef ref="VTR:ScheduledStopPoint:59465" version="1"/>
                  <EndStopPointRef ref="VTR:ScheduledStopPoint:59468" version="1"/>
                  <prices>
                    <DistanceMatrixElementPrice id="VTR:DistanceMatrixElementPrice:956716to956719" version="1">
                      <Amount>0.6</Amount>
                      <DistanceMatrixElementRef ref="VTR:DistanceMatrixElement:956716to956719" version="1"/>
                    </DistanceMatrixElementPrice>
                  </prices>
                </DistanceMatrixElement>
                <DistanceMatrixElement id="VTR:DistanceMatrixElement:956716to956722" version="1">
                  <Name>Žygeliškis to Posūkis į Balninkus</Name>
                  <StartStopPointRef ref="VTR:ScheduledStopPoint:59465" version="1"/>
                  <EndStopPointRef ref="VTR:ScheduledStopPoint:59471" version="1"/>
                  <prices>
                    <DistanceMatrixElementPrice id="VTR:DistanceMatrixElementPrice:956716to956722" version="1">
                      <Amount>1.1</Amount>
                      <DistanceMatrixElementRef ref="VTR:DistanceMatrixElement:956716to956722" version="1"/>
                    </DistanceMatrixElementPrice>
                  </prices>
                </DistanceMatrixElement>
                <DistanceMatrixElement id="VTR:DistanceMatrixElement:956717to956720" version="1">
                  <Name>Juodiškiai to Šimėnai</Name>
                  <StartStopPointRef ref="VTR:ScheduledStopPoint:59466" version="1"/>
                  <EndStopPointRef ref="VTR:ScheduledStopPoint:59469" version="1"/>
                  <prices>
                    <DistanceMatrixElementPrice id="VTR:DistanceMatrixElementPrice:956717to956720" version="1">
                      <Amount>0.6</Amount>
                      <DistanceMatrixElementRef ref="VTR:DistanceMatrixElement:956717to956720" version="1"/>
                    </DistanceMatrixElementPrice>
                  </prices>
                </DistanceMatrixElement>
                <DistanceMatrixElement id="VTR:DistanceMatrixElement:956720to956723" version="1">
                  <Name>Šimėnai to Bajorai</Name>
                  <StartStopPointRef ref="VTR:ScheduledStopPoint:59469" version="1"/>
                  <EndStopPointRef ref="VTR:ScheduledStopPoint:59472" version="1"/>
                  <prices>
                    <DistanceMatrixElementPrice id="VTR:DistanceMatrixElementPrice:956720to956723" version="1">
                      <Amount>0.5</Amount>
                      <DistanceMatrixElementRef ref="VTR:DistanceMatrixElement:956720to956723" version="1"/>
                    </DistanceMatrixElementPrice>
                  </prices>
                </DistanceMatrixElement>
                <DistanceMatrixElement id="VTR:DistanceMatrixElement:956721to956722" version="1">
                  <Name>Miškiškiai to Posūkis į Balninkus</Name>
                  <StartStopPointRef ref="VTR:ScheduledStopPoint:59470" version="1"/>
                  <EndStopPointRef ref="VTR:ScheduledStopPoint:59471" version="1"/>
                  <prices>
                    <DistanceMatrixElementPrice id="VTR:DistanceMatrixElementPrice:956721to956722" version="1">
                      <Amount>0.2</Amount>
                      <DistanceMatrixElementRef ref="VTR:DistanceMatrixElement:956721to956722" version="1"/>
                    </DistanceMatrixElementPrice>
                  </prices>
                </DistanceMatrixElement>
                <DistanceMatrixElement id="VTR:DistanceMatrixElement:956722to956724" version="1">
                  <Name>Posūkis į Balninkus to Kijeliai</Name>
                  <StartStopPointRef ref="VTR:ScheduledStopPoint:59471" version="1"/>
                  <EndStopPointRef ref="VTR:ScheduledStopPoint:59473" version="1"/>
                  <prices>
                    <DistanceMatrixElementPrice id="VTR:DistanceMatrixElementPrice:956722to956724" version="1">
                      <Amount>0.3</Amount>
                      <DistanceMatrixElementRef ref="VTR:DistanceMatrixElement:956722to956724" version="1"/>
                    </DistanceMatrixElementPrice>
                  </prices>
                </DistanceMatrixElement>
                <DistanceMatrixElement id="VTR:DistanceMatrixElement:956722to956726" version="1">
                  <Name>Posūkis į Balninkus to Molėtų autobusų stotis</Name>
                  <StartStopPointRef ref="VTR:ScheduledStopPoint:59471" version="1"/>
                  <EndStopPointRef ref="VTR:ScheduledStopPoint:59475" version="1"/>
                  <prices>
                    <DistanceMatrixElementPrice id="VTR:DistanceMatrixElementPrice:956722to956726" version="1">
                      <Amount>0.5</Amount>
                      <DistanceMatrixElementRef ref="VTR:DistanceMatrixElement:956722to956726" version="1"/>
                    </DistanceMatrixElementPrice>
                  </prices>
                </DistanceMatrixElement>
                <DistanceMatrixElement id="VTR:DistanceMatrixElement:956723to956726" version="1">
                  <Name>Bajorai to Molėtų autobusų stotis</Name>
                  <StartStopPointRef ref="VTR:ScheduledStopPoint:59472" version="1"/>
                  <EndStopPointRef ref="VTR:ScheduledStopPoint:59475" version="1"/>
                  <prices>
                    <DistanceMatrixElementPrice id="VTR:DistanceMatrixElementPrice:956723to956726" version="1">
                      <Amount>0.3</Amount>
                      <DistanceMatrixElementRef ref="VTR:DistanceMatrixElement:956723to956726" version="1"/>
                    </DistanceMatrixElementPrice>
                  </prices>
                </DistanceMatrixElement>
                <DistanceMatrixElement id="VTR:DistanceMatrixElement:956725to956726" version="1">
                  <Name>Sodai to Molėtų autobusų stotis</Name>
                  <StartStopPointRef ref="VTR:ScheduledStopPoint:59474" version="1"/>
                  <EndStopPointRef ref="VTR:ScheduledStopPoint:59475" version="1"/>
                  <prices>
                    <DistanceMatrixElementPrice id="VTR:DistanceMatrixElementPrice:956725to956726" version="1">
                      <Amount>0.1</Amount>
                      <DistanceMatrixElementRef ref="VTR:DistanceMatrixElement:956725to956726" version="1"/>
                    </DistanceMatrixElementPrice>
                  </prices>
                </DistanceMatrixElement>
                <DistanceMatrixElement id="VTR:DistanceMatrixElement:956714to956721" version="1">
                  <Name>Alanta to Miškiškiai</Name>
                  <StartStopPointRef ref="VTR:ScheduledStopPoint:59463" version="1"/>
                  <EndStopPointRef ref="VTR:ScheduledStopPoint:59470" version="1"/>
                  <prices>
                    <DistanceMatrixElementPrice id="VTR:DistanceMatrixElementPrice:956714to956721" version="1">
                      <Amount>1.4</Amount>
                      <DistanceMatrixElementRef ref="VTR:DistanceMatrixElement:956714to956721" version="1"/>
                    </DistanceMatrixElementPrice>
                  </prices>
                </DistanceMatrixElement>
                <DistanceMatrixElement id="VTR:DistanceMatrixElement:956714to956724" version="1">
                  <Name>Alanta to Kijeliai</Name>
                  <StartStopPointRef ref="VTR:ScheduledStopPoint:59463" version="1"/>
                  <EndStopPointRef ref="VTR:ScheduledStopPoint:59473" version="1"/>
                  <prices>
                    <DistanceMatrixElementPrice id="VTR:DistanceMatrixElementPrice:956714to956724" version="1">
                      <Amount>1.8</Amount>
                      <DistanceMatrixElementRef ref="VTR:DistanceMatrixElement:956714to956724" version="1"/>
                    </DistanceMatrixElementPrice>
                  </prices>
                </DistanceMatrixElement>
                <DistanceMatrixElement id="VTR:DistanceMatrixElement:956715to956716" version="1">
                  <Name>Dauniškiai to Žygeliškis</Name>
                  <StartStopPointRef ref="VTR:ScheduledStopPoint:59464" version="1"/>
                  <EndStopPointRef ref="VTR:ScheduledStopPoint:59465" version="1"/>
                  <prices>
                    <DistanceMatrixElementPrice id="VTR:DistanceMatrixElementPrice:956715to956716" version="1">
                      <Amount>0.2</Amount>
                      <DistanceMatrixElementRef ref="VTR:DistanceMatrixElement:956715to956716" version="1"/>
                    </DistanceMatrixElementPrice>
                  </prices>
                </DistanceMatrixElement>
                <DistanceMatrixElement id="VTR:DistanceMatrixElement:956715to956717" version="1">
                  <Name>Dauniškiai to Juodiškiai</Name>
                  <StartStopPointRef ref="VTR:ScheduledStopPoint:59464" version="1"/>
                  <EndStopPointRef ref="VTR:ScheduledStopPoint:59466" version="1"/>
                  <prices>
                    <DistanceMatrixElementPrice id="VTR:DistanceMatrixElementPrice:956715to956717" version="1">
                      <Amount>0.4</Amount>
                      <DistanceMatrixElementRef ref="VTR:DistanceMatrixElement:956715to956717" version="1"/>
                    </DistanceMatrixElementPrice>
                  </prices>
                </DistanceMatrixElement>
                <DistanceMatrixElement id="VTR:DistanceMatrixElement:956715to956720" version="1">
                  <Name>Dauniškiai to Šimėnai</Name>
                  <StartStopPointRef ref="VTR:ScheduledStopPoint:59464" version="1"/>
                  <EndStopPointRef ref="VTR:ScheduledStopPoint:59469" version="1"/>
                  <prices>
                    <DistanceMatrixElementPrice id="VTR:DistanceMatrixElementPrice:956715to956720" version="1">
                      <Amount>1.0</Amount>
                      <DistanceMatrixElementRef ref="VTR:DistanceMatrixElement:956715to956720" version="1"/>
                    </DistanceMatrixElementPrice>
                  </prices>
                </DistanceMatrixElement>
                <DistanceMatrixElement id="VTR:DistanceMatrixElement:956716to956717" version="1">
                  <Name>Žygeliškis to Juodiškiai</Name>
                  <StartStopPointRef ref="VTR:ScheduledStopPoint:59465" version="1"/>
                  <EndStopPointRef ref="VTR:ScheduledStopPoint:59466" version="1"/>
                  <prices>
                    <DistanceMatrixElementPrice id="VTR:DistanceMatrixElementPrice:956716to956717" version="1">
                      <Amount>0.2</Amount>
                      <DistanceMatrixElementRef ref="VTR:DistanceMatrixElement:956716to956717" version="1"/>
                    </DistanceMatrixElementPrice>
                  </prices>
                </DistanceMatrixElement>
                <DistanceMatrixElement id="VTR:DistanceMatrixElement:956718to956721" version="1">
                  <Name>Girsteitiškis to Miškiškiai</Name>
                  <StartStopPointRef ref="VTR:ScheduledStopPoint:59467" version="1"/>
                  <EndStopPointRef ref="VTR:ScheduledStopPoint:59470" version="1"/>
                  <prices>
                    <DistanceMatrixElementPrice id="VTR:DistanceMatrixElementPrice:956718to956721" version="1">
                      <Amount>0.6</Amount>
                      <DistanceMatrixElementRef ref="VTR:DistanceMatrixElement:956718to956721" version="1"/>
                    </DistanceMatrixElementPrice>
                  </prices>
                </DistanceMatrixElement>
                <DistanceMatrixElement id="VTR:DistanceMatrixElement:956719to956721" version="1">
                  <Name>Gilužiai to Miškiškiai</Name>
                  <StartStopPointRef ref="VTR:ScheduledStopPoint:59468" version="1"/>
                  <EndStopPointRef ref="VTR:ScheduledStopPoint:59470" version="1"/>
                  <prices>
                    <DistanceMatrixElementPrice id="VTR:DistanceMatrixElementPrice:956719to956721" version="1">
                      <Amount>0.3</Amount>
                      <DistanceMatrixElementRef ref="VTR:DistanceMatrixElement:956719to956721" version="1"/>
                    </DistanceMatrixElementPrice>
                  </prices>
                </DistanceMatrixElement>
                <DistanceMatrixElement id="VTR:DistanceMatrixElement:956719to956723" version="1">
                  <Name>Gilužiai to Bajorai</Name>
                  <StartStopPointRef ref="VTR:ScheduledStopPoint:59468" version="1"/>
                  <EndStopPointRef ref="VTR:ScheduledStopPoint:59472" version="1"/>
                  <prices>
                    <DistanceMatrixElementPrice id="VTR:DistanceMatrixElementPrice:956719to956723" version="1">
                      <Amount>0.7</Amount>
                      <DistanceMatrixElementRef ref="VTR:DistanceMatrixElement:956719to956723" version="1"/>
                    </DistanceMatrixElementPrice>
                  </prices>
                </DistanceMatrixElement>
                <DistanceMatrixElement id="VTR:DistanceMatrixElement:956719to956724" version="1">
                  <Name>Gilužiai to Kijeliai</Name>
                  <StartStopPointRef ref="VTR:ScheduledStopPoint:59468" version="1"/>
                  <EndStopPointRef ref="VTR:ScheduledStopPoint:59473" version="1"/>
                  <prices>
                    <DistanceMatrixElementPrice id="VTR:DistanceMatrixElementPrice:956719to956724" version="1">
                      <Amount>0.8</Amount>
                      <DistanceMatrixElementRef ref="VTR:DistanceMatrixElement:956719to956724" version="1"/>
                    </DistanceMatrixElementPrice>
                  </prices>
                </DistanceMatrixElement>
                <DistanceMatrixElement id="VTR:DistanceMatrixElement:956721to956724" version="1">
                  <Name>Miškiškiai to Kijeliai</Name>
                  <StartStopPointRef ref="VTR:ScheduledStopPoint:59470" version="1"/>
                  <EndStopPointRef ref="VTR:ScheduledStopPoint:59473" version="1"/>
                  <prices>
                    <DistanceMatrixElementPrice id="VTR:DistanceMatrixElementPrice:956721to956724" version="1">
                      <Amount>0.4</Amount>
                      <DistanceMatrixElementRef ref="VTR:DistanceMatrixElement:956721to956724" version="1"/>
                    </DistanceMatrixElementPrice>
                  </prices>
                </DistanceMatrixElement>
                <DistanceMatrixElement id="VTR:DistanceMatrixElement:956722to956723" version="1">
                  <Name>Posūkis į Balninkus to Bajorai</Name>
                  <StartStopPointRef ref="VTR:ScheduledStopPoint:59471" version="1"/>
                  <EndStopPointRef ref="VTR:ScheduledStopPoint:59472" version="1"/>
                  <prices>
                    <DistanceMatrixElementPrice id="VTR:DistanceMatrixElementPrice:956722to956723" version="1">
                      <Amount>0.2</Amount>
                      <DistanceMatrixElementRef ref="VTR:DistanceMatrixElement:956722to956723" version="1"/>
                    </DistanceMatrixElementPrice>
                  </prices>
                </DistanceMatrixElement>
                <DistanceMatrixElement id="VTR:DistanceMatrixElement:956716to956720" version="1">
                  <Name>Žygeliškis to Šimėnai</Name>
                  <StartStopPointRef ref="VTR:ScheduledStopPoint:59465" version="1"/>
                  <EndStopPointRef ref="VTR:ScheduledStopPoint:59469" version="1"/>
                  <prices>
                    <DistanceMatrixElementPrice id="VTR:DistanceMatrixElementPrice:956716to956720" version="1">
                      <Amount>0.8</Amount>
                      <DistanceMatrixElementRef ref="VTR:DistanceMatrixElement:956716to956720" version="1"/>
                    </DistanceMatrixElementPrice>
                  </prices>
                </DistanceMatrixElement>
                <DistanceMatrixElement id="VTR:DistanceMatrixElement:956716to956724" version="1">
                  <Name>Žygeliškis to Kijeliai</Name>
                  <StartStopPointRef ref="VTR:ScheduledStopPoint:59465" version="1"/>
                  <EndStopPointRef ref="VTR:ScheduledStopPoint:59473" version="1"/>
                  <prices>
                    <DistanceMatrixElementPrice id="VTR:DistanceMatrixElementPrice:956716to956724" version="1">
                      <Amount>1.4</Amount>
                      <DistanceMatrixElementRef ref="VTR:DistanceMatrixElement:956716to956724" version="1"/>
                    </DistanceMatrixElementPrice>
                  </prices>
                </DistanceMatrixElement>
                <DistanceMatrixElement id="VTR:DistanceMatrixElement:956717to956721" version="1">
                  <Name>Juodiškiai to Miškiškiai</Name>
                  <StartStopPointRef ref="VTR:ScheduledStopPoint:59466" version="1"/>
                  <EndStopPointRef ref="VTR:ScheduledStopPoint:59470" version="1"/>
                  <prices>
                    <DistanceMatrixElementPrice id="VTR:DistanceMatrixElementPrice:956717to956721" version="1">
                      <Amount>0.7</Amount>
                      <DistanceMatrixElementRef ref="VTR:DistanceMatrixElement:956717to956721" version="1"/>
                    </DistanceMatrixElementPrice>
                  </prices>
                </DistanceMatrixElement>
                <DistanceMatrixElement id="VTR:DistanceMatrixElement:956717to956723" version="1">
                  <Name>Juodiškiai to Bajorai</Name>
                  <StartStopPointRef ref="VTR:ScheduledStopPoint:59466" version="1"/>
                  <EndStopPointRef ref="VTR:ScheduledStopPoint:59472" version="1"/>
                  <prices>
                    <DistanceMatrixElementPrice id="VTR:DistanceMatrixElementPrice:956717to956723" version="1">
                      <Amount>1.0</Amount>
                      <DistanceMatrixElementRef ref="VTR:DistanceMatrixElement:956717to956723" version="1"/>
                    </DistanceMatrixElementPrice>
                  </prices>
                </DistanceMatrixElement>
                <DistanceMatrixElement id="VTR:DistanceMatrixElement:956717to956724" version="1">
                  <Name>Juodiškiai to Kijeliai</Name>
                  <StartStopPointRef ref="VTR:ScheduledStopPoint:59466" version="1"/>
                  <EndStopPointRef ref="VTR:ScheduledStopPoint:59473" version="1"/>
                  <prices>
                    <DistanceMatrixElementPrice id="VTR:DistanceMatrixElementPrice:956717to956724" version="1">
                      <Amount>1.2</Amount>
                      <DistanceMatrixElementRef ref="VTR:DistanceMatrixElement:956717to956724" version="1"/>
                    </DistanceMatrixElementPrice>
                  </prices>
                </DistanceMatrixElement>
                <DistanceMatrixElement id="VTR:DistanceMatrixElement:956718to956719" version="1">
                  <Name>Girsteitiškis to Gilužiai</Name>
                  <StartStopPointRef ref="VTR:ScheduledStopPoint:59467" version="1"/>
                  <EndStopPointRef ref="VTR:ScheduledStopPoint:59468" version="1"/>
                  <prices>
                    <DistanceMatrixElementPrice id="VTR:DistanceMatrixElementPrice:956718to956719" version="1">
                      <Amount>0.2</Amount>
                      <DistanceMatrixElementRef ref="VTR:DistanceMatrixElement:956718to956719" version="1"/>
                    </DistanceMatrixElementPrice>
                  </prices>
                </DistanceMatrixElement>
                <DistanceMatrixElement id="VTR:DistanceMatrixElement:956718to956724" version="1">
                  <Name>Girsteitiškis to Kijeliai</Name>
                  <StartStopPointRef ref="VTR:ScheduledStopPoint:59467" version="1"/>
                  <EndStopPointRef ref="VTR:ScheduledStopPoint:59473" version="1"/>
                  <prices>
                    <DistanceMatrixElementPrice id="VTR:DistanceMatrixElementPrice:956718to956724" version="1">
                      <Amount>1.0</Amount>
                      <DistanceMatrixElementRef ref="VTR:DistanceMatrixElement:956718to956724" version="1"/>
                    </DistanceMatrixElementPrice>
                  </prices>
                </DistanceMatrixElement>
                <DistanceMatrixElement id="VTR:DistanceMatrixElement:956719to956722" version="1">
                  <Name>Gilužiai to Posūkis į Balninkus</Name>
                  <StartStopPointRef ref="VTR:ScheduledStopPoint:59468" version="1"/>
                  <EndStopPointRef ref="VTR:ScheduledStopPoint:59471" version="1"/>
                  <prices>
                    <DistanceMatrixElementPrice id="VTR:DistanceMatrixElementPrice:956719to956722" version="1">
                      <Amount>0.5</Amount>
                      <DistanceMatrixElementRef ref="VTR:DistanceMatrixElement:956719to956722" version="1"/>
                    </DistanceMatrixElementPrice>
                  </prices>
                </DistanceMatrixElement>
                <DistanceMatrixElement id="VTR:DistanceMatrixElement:956723to956724" version="1">
                  <Name>Bajorai to Kijeliai</Name>
                  <StartStopPointRef ref="VTR:ScheduledStopPoint:59472" version="1"/>
                  <EndStopPointRef ref="VTR:ScheduledStopPoint:59473" version="1"/>
                  <prices>
                    <DistanceMatrixElementPrice id="VTR:DistanceMatrixElementPrice:956723to956724" version="1">
                      <Amount>0.1</Amount>
                      <DistanceMatrixElementRef ref="VTR:DistanceMatrixElement:956723to956724" version="1"/>
                    </DistanceMatrixElementPrice>
                  </prices>
                </DistanceMatrixElement>
                <DistanceMatrixElement id="VTR:DistanceMatrixElement:956714to956723" version="1">
                  <Name>Alanta to Bajorai</Name>
                  <StartStopPointRef ref="VTR:ScheduledStopPoint:59463" version="1"/>
                  <EndStopPointRef ref="VTR:ScheduledStopPoint:59472" version="1"/>
                  <prices>
                    <DistanceMatrixElementPrice id="VTR:DistanceMatrixElementPrice:956714to956723" version="1">
                      <Amount>1.7</Amount>
                      <DistanceMatrixElementRef ref="VTR:DistanceMatrixElement:956714to956723" version="1"/>
                    </DistanceMatrixElementPrice>
                  </prices>
                </DistanceMatrixElement>
                <DistanceMatrixElement id="VTR:DistanceMatrixElement:956714to956725" version="1">
                  <Name>Alanta to Sodai</Name>
                  <StartStopPointRef ref="VTR:ScheduledStopPoint:59463" version="1"/>
                  <EndStopPointRef ref="VTR:ScheduledStopPoint:59474" version="1"/>
                  <prices>
                    <DistanceMatrixElementPrice id="VTR:DistanceMatrixElementPrice:956714to956725" version="1">
                      <Amount>2.0</Amount>
                      <DistanceMatrixElementRef ref="VTR:DistanceMatrixElement:956714to956725" version="1"/>
                    </DistanceMatrixElementPrice>
                  </prices>
                </DistanceMatrixElement>
                <DistanceMatrixElement id="VTR:DistanceMatrixElement:956715to956721" version="1">
                  <Name>Dauniškiai to Miškiškiai</Name>
                  <StartStopPointRef ref="VTR:ScheduledStopPoint:59464" version="1"/>
                  <EndStopPointRef ref="VTR:ScheduledStopPoint:59470" version="1"/>
                  <prices>
                    <DistanceMatrixElementPrice id="VTR:DistanceMatrixElementPrice:956715to956721" version="1">
                      <Amount>1.1</Amount>
                      <DistanceMatrixElementRef ref="VTR:DistanceMatrixElement:956715to956721" version="1"/>
                    </DistanceMatrixElementPrice>
                  </prices>
                </DistanceMatrixElement>
                <DistanceMatrixElement id="VTR:DistanceMatrixElement:956717to956719" version="1">
                  <Name>Juodiškiai to Gilužiai</Name>
                  <StartStopPointRef ref="VTR:ScheduledStopPoint:59466" version="1"/>
                  <EndStopPointRef ref="VTR:ScheduledStopPoint:59468" version="1"/>
                  <prices>
                    <DistanceMatrixElementPrice id="VTR:DistanceMatrixElementPrice:956717to956719" version="1">
                      <Amount>0.4</Amount>
                      <DistanceMatrixElementRef ref="VTR:DistanceMatrixElement:956717to956719" version="1"/>
                    </DistanceMatrixElementPrice>
                  </prices>
                </DistanceMatrixElement>
                <DistanceMatrixElement id="VTR:DistanceMatrixElement:956717to956722" version="1">
                  <Name>Juodiškiai to Posūkis į Balninkus</Name>
                  <StartStopPointRef ref="VTR:ScheduledStopPoint:59466" version="1"/>
                  <EndStopPointRef ref="VTR:ScheduledStopPoint:59471" version="1"/>
                  <prices>
                    <DistanceMatrixElementPrice id="VTR:DistanceMatrixElementPrice:956717to956722" version="1">
                      <Amount>0.9</Amount>
                      <DistanceMatrixElementRef ref="VTR:DistanceMatrixElement:956717to956722" version="1"/>
                    </DistanceMatrixElementPrice>
                  </prices>
                </DistanceMatrixElement>
                <DistanceMatrixElement id="VTR:DistanceMatrixElement:956720to956724" version="1">
                  <Name>Šimėnai to Kijeliai</Name>
                  <StartStopPointRef ref="VTR:ScheduledStopPoint:59469" version="1"/>
                  <EndStopPointRef ref="VTR:ScheduledStopPoint:59473" version="1"/>
                  <prices>
                    <DistanceMatrixElementPrice id="VTR:DistanceMatrixElementPrice:956720to956724" version="1">
                      <Amount>0.6</Amount>
                      <DistanceMatrixElementRef ref="VTR:DistanceMatrixElement:956720to956724" version="1"/>
                    </DistanceMatrixElementPrice>
                  </prices>
                </DistanceMatrixElement>
                <DistanceMatrixElement id="VTR:DistanceMatrixElement:956721to956723" version="1">
                  <Name>Miškiškiai to Bajorai</Name>
                  <StartStopPointRef ref="VTR:ScheduledStopPoint:59470" version="1"/>
                  <EndStopPointRef ref="VTR:ScheduledStopPoint:59472" version="1"/>
                  <prices>
                    <DistanceMatrixElementPrice id="VTR:DistanceMatrixElementPrice:956721to956723" version="1">
                      <Amount>0.3</Amount>
                      <DistanceMatrixElementRef ref="VTR:DistanceMatrixElement:956721to956723" version="1"/>
                    </DistanceMatrixElementPrice>
                  </prices>
                </DistanceMatrixElement>
                <DistanceMatrixElement id="VTR:DistanceMatrixElement:956724to956725" version="1">
                  <Name>Kijeliai to Sodai</Name>
                  <StartStopPointRef ref="VTR:ScheduledStopPoint:59473" version="1"/>
                  <EndStopPointRef ref="VTR:ScheduledStopPoint:59474" version="1"/>
                  <prices>
                    <DistanceMatrixElementPrice id="VTR:DistanceMatrixElementPrice:956724to956725" version="1">
                      <Amount>0.2</Amount>
                      <DistanceMatrixElementRef ref="VTR:DistanceMatrixElement:956724to956725" version="1"/>
                    </DistanceMatrixElementPrice>
                  </prices>
                </DistanceMatrixElement>
                <DistanceMatrixElement id="VTR:DistanceMatrixElement:956714to956718" version="1">
                  <Name>Alanta to Girsteitiškis</Name>
                  <StartStopPointRef ref="VTR:ScheduledStopPoint:59463" version="1"/>
                  <EndStopPointRef ref="VTR:ScheduledStopPoint:59467" version="1"/>
                  <prices>
                    <DistanceMatrixElementPrice id="VTR:DistanceMatrixElementPrice:956714to956718" version="1">
                      <Amount>0.8</Amount>
                      <DistanceMatrixElementRef ref="VTR:DistanceMatrixElement:956714to956718" version="1"/>
                    </DistanceMatrixElementPrice>
                  </prices>
                </DistanceMatrixElement>
                <DistanceMatrixElement id="VTR:DistanceMatrixElement:956714to956719" version="1">
                  <Name>Alanta to Gilužiai</Name>
                  <StartStopPointRef ref="VTR:ScheduledStopPoint:59463" version="1"/>
                  <EndStopPointRef ref="VTR:ScheduledStopPoint:59468" version="1"/>
                  <prices>
                    <DistanceMatrixElementPrice id="VTR:DistanceMatrixElementPrice:956714to956719" version="1">
                      <Amount>1.0</Amount>
                      <DistanceMatrixElementRef ref="VTR:DistanceMatrixElement:956714to956719" version="1"/>
                    </DistanceMatrixElementPrice>
                  </prices>
                </DistanceMatrixElement>
                <DistanceMatrixElement id="VTR:DistanceMatrixElement:956714to956726" version="1">
                  <Name>Alanta to Molėtų autobusų stotis</Name>
                  <StartStopPointRef ref="VTR:ScheduledStopPoint:59463" version="1"/>
                  <EndStopPointRef ref="VTR:ScheduledStopPoint:59475" version="1"/>
                  <prices>
                    <DistanceMatrixElementPrice id="VTR:DistanceMatrixElementPrice:956714to956726" version="1">
                      <Amount>2.0</Amount>
                      <DistanceMatrixElementRef ref="VTR:DistanceMatrixElement:956714to956726" version="1"/>
                    </DistanceMatrixElementPrice>
                  </prices>
                </DistanceMatrixElement>
                <DistanceMatrixElement id="VTR:DistanceMatrixElement:956716to956725" version="1">
                  <Name>Žygeliškis to Sodai</Name>
                  <StartStopPointRef ref="VTR:ScheduledStopPoint:59465" version="1"/>
                  <EndStopPointRef ref="VTR:ScheduledStopPoint:59474" version="1"/>
                  <prices>
                    <DistanceMatrixElementPrice id="VTR:DistanceMatrixElementPrice:956716to956725" version="1">
                      <Amount>1.6</Amount>
                      <DistanceMatrixElementRef ref="VTR:DistanceMatrixElement:956716to956725" version="1"/>
                    </DistanceMatrixElementPrice>
                  </prices>
                </DistanceMatrixElement>
                <DistanceMatrixElement id="VTR:DistanceMatrixElement:956716to956726" version="1">
                  <Name>Žygeliškis to Molėtų autobusų stotis</Name>
                  <StartStopPointRef ref="VTR:ScheduledStopPoint:59465" version="1"/>
                  <EndStopPointRef ref="VTR:ScheduledStopPoint:59475" version="1"/>
                  <prices>
                    <DistanceMatrixElementPrice id="VTR:DistanceMatrixElementPrice:956716to956726" version="1">
                      <Amount>1.6</Amount>
                      <DistanceMatrixElementRef ref="VTR:DistanceMatrixElement:956716to956726" version="1"/>
                    </DistanceMatrixElementPrice>
                  </prices>
                </DistanceMatrixElement>
                <DistanceMatrixElement id="VTR:DistanceMatrixElement:956717to956725" version="1">
                  <Name>Juodiškiai to Sodai</Name>
                  <StartStopPointRef ref="VTR:ScheduledStopPoint:59466" version="1"/>
                  <EndStopPointRef ref="VTR:ScheduledStopPoint:59474" version="1"/>
                  <prices>
                    <DistanceMatrixElementPrice id="VTR:DistanceMatrixElementPrice:956717to956725" version="1">
                      <Amount>1.4</Amount>
                      <DistanceMatrixElementRef ref="VTR:DistanceMatrixElement:956717to956725" version="1"/>
                    </DistanceMatrixElementPrice>
                  </prices>
                </DistanceMatrixElement>
                <DistanceMatrixElement id="VTR:DistanceMatrixElement:956718to956725" version="1">
                  <Name>Girsteitiškis to Sodai</Name>
                  <StartStopPointRef ref="VTR:ScheduledStopPoint:59467" version="1"/>
                  <EndStopPointRef ref="VTR:ScheduledStopPoint:59474" version="1"/>
                  <prices>
                    <DistanceMatrixElementPrice id="VTR:DistanceMatrixElementPrice:956718to956725" version="1">
                      <Amount>1.2</Amount>
                      <DistanceMatrixElementRef ref="VTR:DistanceMatrixElement:956718to956725" version="1"/>
                    </DistanceMatrixElementPrice>
                  </prices>
                </DistanceMatrixElement>
                <DistanceMatrixElement id="VTR:DistanceMatrixElement:956721to956725" version="1">
                  <Name>Miškiškiai to Sodai</Name>
                  <StartStopPointRef ref="VTR:ScheduledStopPoint:59470" version="1"/>
                  <EndStopPointRef ref="VTR:ScheduledStopPoint:59474" version="1"/>
                  <prices>
                    <DistanceMatrixElementPrice id="VTR:DistanceMatrixElementPrice:956721to956725" version="1">
                      <Amount>0.6</Amount>
                      <DistanceMatrixElementRef ref="VTR:DistanceMatrixElement:956721to956725" version="1"/>
                    </DistanceMatrixElementPrice>
                  </prices>
                </DistanceMatrixElement>
                <DistanceMatrixElement id="VTR:DistanceMatrixElement:956722to956725" version="1">
                  <Name>Posūkis į Balninkus to Sodai</Name>
                  <StartStopPointRef ref="VTR:ScheduledStopPoint:59471" version="1"/>
                  <EndStopPointRef ref="VTR:ScheduledStopPoint:59474" version="1"/>
                  <prices>
                    <DistanceMatrixElementPrice id="VTR:DistanceMatrixElementPrice:956722to956725" version="1">
                      <Amount>0.5</Amount>
                      <DistanceMatrixElementRef ref="VTR:DistanceMatrixElement:956722to956725" version="1"/>
                    </DistanceMatrixElementPrice>
                  </prices>
                </DistanceMatrixElement>
                <DistanceMatrixElement id="VTR:DistanceMatrixElement:956724to956726" version="1">
                  <Name>Kijeliai to Molėtų autobusų stotis</Name>
                  <StartStopPointRef ref="VTR:ScheduledStopPoint:59473" version="1"/>
                  <EndStopPointRef ref="VTR:ScheduledStopPoint:59475" version="1"/>
                  <prices>
                    <DistanceMatrixElementPrice id="VTR:DistanceMatrixElementPrice:956724to956726" version="1">
                      <Amount>0.2</Amount>
                      <DistanceMatrixElementRef ref="VTR:DistanceMatrixElement:956724to956726" version="1"/>
                    </DistanceMatrixElementPrice>
                  </prices>
                </DistanceMatrixElement>
                <DistanceMatrixElement id="VTR:DistanceMatrixElement:956714to956716" version="1">
                  <Name>Alanta to Žygeliškis</Name>
                  <StartStopPointRef ref="VTR:ScheduledStopPoint:59463" version="1"/>
                  <EndStopPointRef ref="VTR:ScheduledStopPoint:59465" version="1"/>
                  <prices>
                    <DistanceMatrixElementPrice id="VTR:DistanceMatrixElementPrice:956714to956716" version="1">
                      <Amount>0.4</Amount>
                      <DistanceMatrixElementRef ref="VTR:DistanceMatrixElement:956714to956716" version="1"/>
                    </DistanceMatrixElementPrice>
                  </prices>
                </DistanceMatrixElement>
                <DistanceMatrixElement id="VTR:DistanceMatrixElement:956715to956719" version="1">
                  <Name>Dauniškiai to Gilužiai</Name>
                  <StartStopPointRef ref="VTR:ScheduledStopPoint:59464" version="1"/>
                  <EndStopPointRef ref="VTR:ScheduledStopPoint:59468" version="1"/>
                  <prices>
                    <DistanceMatrixElementPrice id="VTR:DistanceMatrixElementPrice:956715to956719" version="1">
                      <Amount>0.8</Amount>
                      <DistanceMatrixElementRef ref="VTR:DistanceMatrixElement:956715to956719" version="1"/>
                    </DistanceMatrixElementPrice>
                  </prices>
                </DistanceMatrixElement>
                <DistanceMatrixElement id="VTR:DistanceMatrixElement:956715to956723" version="1">
                  <Name>Dauniškiai to Bajorai</Name>
                  <StartStopPointRef ref="VTR:ScheduledStopPoint:59464" version="1"/>
                  <EndStopPointRef ref="VTR:ScheduledStopPoint:59472" version="1"/>
                  <prices>
                    <DistanceMatrixElementPrice id="VTR:DistanceMatrixElementPrice:956715to956723" version="1">
                      <Amount>1.4</Amount>
                      <DistanceMatrixElementRef ref="VTR:DistanceMatrixElement:956715to956723" version="1"/>
                    </DistanceMatrixElementPrice>
                  </prices>
                </DistanceMatrixElement>
                <DistanceMatrixElement id="VTR:DistanceMatrixElement:956716to956718" version="1">
                  <Name>Žygeliškis to Girsteitiškis</Name>
                  <StartStopPointRef ref="VTR:ScheduledStopPoint:59465" version="1"/>
                  <EndStopPointRef ref="VTR:ScheduledStopPoint:59467" version="1"/>
                  <prices>
                    <DistanceMatrixElementPrice id="VTR:DistanceMatrixElementPrice:956716to956718" version="1">
                      <Amount>0.4</Amount>
                      <DistanceMatrixElementRef ref="VTR:DistanceMatrixElement:956716to956718" version="1"/>
                    </DistanceMatrixElementPrice>
                  </prices>
                </DistanceMatrixElement>
                <DistanceMatrixElement id="VTR:DistanceMatrixElement:956717to956718" version="1">
                  <Name>Juodiškiai to Girsteitiškis</Name>
                  <StartStopPointRef ref="VTR:ScheduledStopPoint:59466" version="1"/>
                  <EndStopPointRef ref="VTR:ScheduledStopPoint:59467" version="1"/>
                  <prices>
                    <DistanceMatrixElementPrice id="VTR:DistanceMatrixElementPrice:956717to956718" version="1">
                      <Amount>0.2</Amount>
                      <DistanceMatrixElementRef ref="VTR:DistanceMatrixElement:956717to956718" version="1"/>
                    </DistanceMatrixElementPrice>
                  </prices>
                </DistanceMatrixElement>
                <DistanceMatrixElement id="VTR:DistanceMatrixElement:956719to956725" version="1">
                  <Name>Gilužiai to Sodai</Name>
                  <StartStopPointRef ref="VTR:ScheduledStopPoint:59468" version="1"/>
                  <EndStopPointRef ref="VTR:ScheduledStopPoint:59474" version="1"/>
                  <prices>
                    <DistanceMatrixElementPrice id="VTR:DistanceMatrixElementPrice:956719to956725" version="1">
                      <Amount>1.0</Amount>
                      <DistanceMatrixElementRef ref="VTR:DistanceMatrixElement:956719to956725" version="1"/>
                    </DistanceMatrixElementPrice>
                  </prices>
                </DistanceMatrixElement>
                <DistanceMatrixElement id="VTR:DistanceMatrixElement:956720to956726" version="1">
                  <Name>Šimėnai to Molėtų autobusų stotis</Name>
                  <StartStopPointRef ref="VTR:ScheduledStopPoint:59469" version="1"/>
                  <EndStopPointRef ref="VTR:ScheduledStopPoint:59475" version="1"/>
                  <prices>
                    <DistanceMatrixElementPrice id="VTR:DistanceMatrixElementPrice:956720to956726" version="1">
                      <Amount>0.8</Amount>
                      <DistanceMatrixElementRef ref="VTR:DistanceMatrixElement:956720to956726" version="1"/>
                    </DistanceMatrixElementPrice>
                  </prices>
                </DistanceMatrixElement>
                <DistanceMatrixElement id="VTR:DistanceMatrixElement:956723to956725" version="1">
                  <Name>Bajorai to Sodai</Name>
                  <StartStopPointRef ref="VTR:ScheduledStopPoint:59472" version="1"/>
                  <EndStopPointRef ref="VTR:ScheduledStopPoint:59474" version="1"/>
                  <prices>
                    <DistanceMatrixElementPrice id="VTR:DistanceMatrixElementPrice:956723to956725" version="1">
                      <Amount>0.3</Amount>
                      <DistanceMatrixElementRef ref="VTR:DistanceMatrixElement:956723to956725" version="1"/>
                    </DistanceMatrixElementPrice>
                  </prices>
                </DistanceMatrixElement>
              </distanceMatrixElements>
            </Tariff>
          </tariffs>
          <usageParameters>
            <FrequencyOfUse id="VTR:FrequencyOfUse:oneTrip" version="1">
              <FrequencyOfUseType>unlimited</FrequencyOfUseType>
              <MaximalFrequency>1</MaximalFrequency>
            </FrequencyOfUse>
          </usageParameters>
        </FareFrame>
      </frames>
    </CompositeFrame>
  </dataObjects>
</PublicationDelivery>
