<?xml version="1.0" encoding="UTF-8"?><PublicationDelivery xmlns="http://www.netex.org.uk/netex" xmlns:gis="http://www.opengis.net/gml/3.2" xmlns:ns2="http://www.opengis.net/gml/3.2" xmlns:ns3="http://www.siri.org.uk/siri" xmlns:xsi="http://www.w3.org/2001/XMLSchema-instance" version="1" xsi:schemaLocation="">
  <PublicationTimestamp>2022-05-07T04:00:00.271</PublicationTimestamp>
  <ParticipantRef>VTR</ParticipantRef>
  <Description>1</Description>
  <dataObjects>
    <CompositeFrame created="2022-05-07T04:00:00.271" version="1" id="VTR:CompositeFrame:1388">
      <validityConditions>
        <AvailabilityCondition version="1" id="VTR:AvailabilityCondition:1388">
          <FromDate>2015-07-24T11:48:11</FromDate>
          <ToDate>2027-12-30T00:00:00</ToDate>
        </AvailabilityCondition>
      </validityConditions>
      <codespaces>
        <Codespace id="vtr">
          <Xmlns>VTR</Xmlns>
          <XmlnsUrl>http://www.visimarsrutai.lt/</XmlnsUrl>
        </Codespace>
      </codespaces>
      <FrameDefaults>
        <DefaultLocale>
          <TimeZone>Europe/Vilnius</TimeZone>
        </DefaultLocale>
        <DefaultLocationSystem>WGS84</DefaultLocationSystem>
      </FrameDefaults>
      <frames>
        <ServiceCalendarFrame version="1" id="VTR:ServiceCalendarFrame:1388">
          <dayTypes>
            <DayType id="VTR:DayType:815" version="1">
              <properties>
                <PropertyOfDay>
                  <DaysOfWeek>Monday Tuesday Wednesday Thursday Friday</DaysOfWeek>
                </PropertyOfDay>
              </properties>
            </DayType>
          </dayTypes>
          <operatingPeriods>
            <OperatingPeriod version="1" id="VTR:OperatingPeriod:815">
              <FromDate>2015-07-01T00:00:00</FromDate>
              <ToDate>2020-12-31T00:00:00</ToDate>
            </OperatingPeriod>
          </operatingPeriods>
          <dayTypeAssignments>
            <DayTypeAssignment id="VTR:DayTypeAssignment:815_0" version="1" order="959">
              <OperatingPeriodRef ref="VTR:OperatingPeriod:815" version="1"/>
              <DayTypeRef ref="VTR:DayType:815" version="1"/>
            </DayTypeAssignment>
          </dayTypeAssignments>
        </ServiceCalendarFrame>
        <ServiceFrame id="VTR:ServiceFrame:1388" version="1">
          <Network version="0" id="VTR:Network:9"/>
          <routePoints>
            <RoutePoint version="1" id="VTR:RoutePoint:413593">
              <projections>
                <PointProjection version="1" id="VTR:PointProjection:5682">
                  <ProjectedPointRef ref="VTR:ScheduledStopPoint:413593" version="1"/>
                </PointProjection>
              </projections>
            </RoutePoint>
            <RoutePoint version="1" id="VTR:RoutePoint:413594">
              <projections>
                <PointProjection version="1" id="VTR:PointProjection:5683">
                  <ProjectedPointRef ref="VTR:ScheduledStopPoint:413594" version="1"/>
                </PointProjection>
              </projections>
            </RoutePoint>
            <RoutePoint version="1" id="VTR:RoutePoint:413595">
              <projections>
                <PointProjection version="1" id="VTR:PointProjection:5684">
                  <ProjectedPointRef ref="VTR:ScheduledStopPoint:413595" version="1"/>
                </PointProjection>
              </projections>
            </RoutePoint>
            <RoutePoint version="1" id="VTR:RoutePoint:413596">
              <projections>
                <PointProjection version="1" id="VTR:PointProjection:5685">
                  <ProjectedPointRef ref="VTR:ScheduledStopPoint:413596" version="1"/>
                </PointProjection>
              </projections>
            </RoutePoint>
            <RoutePoint version="1" id="VTR:RoutePoint:413597">
              <projections>
                <PointProjection version="1" id="VTR:PointProjection:5686">
                  <ProjectedPointRef ref="VTR:ScheduledStopPoint:413597" version="1"/>
                </PointProjection>
              </projections>
            </RoutePoint>
            <RoutePoint version="1" id="VTR:RoutePoint:413598">
              <projections>
                <PointProjection version="1" id="VTR:PointProjection:5687">
                  <ProjectedPointRef ref="VTR:ScheduledStopPoint:413598" version="1"/>
                </PointProjection>
              </projections>
            </RoutePoint>
            <RoutePoint version="1" id="VTR:RoutePoint:413599">
              <projections>
                <PointProjection version="1" id="VTR:PointProjection:5688">
                  <ProjectedPointRef ref="VTR:ScheduledStopPoint:413599" version="1"/>
                </PointProjection>
              </projections>
            </RoutePoint>
            <RoutePoint version="1" id="VTR:RoutePoint:413600">
              <projections>
                <PointProjection version="1" id="VTR:PointProjection:5689">
                  <ProjectedPointRef ref="VTR:ScheduledStopPoint:413600" version="1"/>
                </PointProjection>
              </projections>
            </RoutePoint>
            <RoutePoint version="1" id="VTR:RoutePoint:413601">
              <projections>
                <PointProjection version="1" id="VTR:PointProjection:5690">
                  <ProjectedPointRef ref="VTR:ScheduledStopPoint:413601" version="1"/>
                </PointProjection>
              </projections>
            </RoutePoint>
            <RoutePoint version="1" id="VTR:RoutePoint:413602">
              <projections>
                <PointProjection version="1" id="VTR:PointProjection:5691">
                  <ProjectedPointRef ref="VTR:ScheduledStopPoint:413602" version="1"/>
                </PointProjection>
              </projections>
            </RoutePoint>
            <RoutePoint version="1" id="VTR:RoutePoint:413603">
              <projections>
                <PointProjection version="1" id="VTR:PointProjection:5692">
                  <ProjectedPointRef ref="VTR:ScheduledStopPoint:413603" version="1"/>
                </PointProjection>
              </projections>
            </RoutePoint>
            <RoutePoint version="1" id="VTR:RoutePoint:413604">
              <projections>
                <PointProjection version="1" id="VTR:PointProjection:5693">
                  <ProjectedPointRef ref="VTR:ScheduledStopPoint:413604" version="1"/>
                </PointProjection>
              </projections>
            </RoutePoint>
            <RoutePoint version="1" id="VTR:RoutePoint:413605">
              <projections>
                <PointProjection version="1" id="VTR:PointProjection:5694">
                  <ProjectedPointRef ref="VTR:ScheduledStopPoint:413605" version="1"/>
                </PointProjection>
              </projections>
            </RoutePoint>
          </routePoints>
          <routes>
            <Route version="1" id="VTR:Route:11705">
              <Name>Molėtai - Girsteitiškis - Alanta</Name>
              <ShortName>Molėtai - Girsteitiškis - Alanta</ShortName>
              <LineRef ref="VTR:Line:1374" version="4867"/>
              <DirectionType>outbound</DirectionType>
              <pointsInSequence>
                <PointOnRoute version="1" id="VTR:PointOnRoute:413593" order="1">
                  <RoutePointRef ref="VTR:RoutePoint:413593"/>
                </PointOnRoute>
                <PointOnRoute version="1" id="VTR:PointOnRoute:413594" order="2">
                  <RoutePointRef ref="VTR:RoutePoint:413594"/>
                </PointOnRoute>
                <PointOnRoute version="1" id="VTR:PointOnRoute:413595" order="3">
                  <RoutePointRef ref="VTR:RoutePoint:413595"/>
                </PointOnRoute>
                <PointOnRoute version="1" id="VTR:PointOnRoute:413596" order="4">
                  <RoutePointRef ref="VTR:RoutePoint:413596"/>
                </PointOnRoute>
                <PointOnRoute version="1" id="VTR:PointOnRoute:413597" order="5">
                  <RoutePointRef ref="VTR:RoutePoint:413597"/>
                </PointOnRoute>
                <PointOnRoute version="1" id="VTR:PointOnRoute:413598" order="6">
                  <RoutePointRef ref="VTR:RoutePoint:413598"/>
                </PointOnRoute>
                <PointOnRoute version="1" id="VTR:PointOnRoute:413599" order="7">
                  <RoutePointRef ref="VTR:RoutePoint:413599"/>
                </PointOnRoute>
                <PointOnRoute version="1" id="VTR:PointOnRoute:413600" order="8">
                  <RoutePointRef ref="VTR:RoutePoint:413600"/>
                </PointOnRoute>
                <PointOnRoute version="1" id="VTR:PointOnRoute:413601" order="9">
                  <RoutePointRef ref="VTR:RoutePoint:413601"/>
                </PointOnRoute>
                <PointOnRoute version="1" id="VTR:PointOnRoute:413602" order="10">
                  <RoutePointRef ref="VTR:RoutePoint:413602"/>
                </PointOnRoute>
                <PointOnRoute version="1" id="VTR:PointOnRoute:413603" order="11">
                  <RoutePointRef ref="VTR:RoutePoint:413603"/>
                </PointOnRoute>
                <PointOnRoute version="1" id="VTR:PointOnRoute:413604" order="12">
                  <RoutePointRef ref="VTR:RoutePoint:413604"/>
                </PointOnRoute>
                <PointOnRoute version="1" id="VTR:PointOnRoute:413605" order="13">
                  <RoutePointRef ref="VTR:RoutePoint:413605"/>
                </PointOnRoute>
              </pointsInSequence>
            </Route>
          </routes>
          <lines>
            <Line version="4867" id="VTR:Line:1374">
              <Name>Molėtai - Girsteitiškis - Alanta</Name>
              <TransportMode>bus</TransportMode>
              <TransportSubmode>
                <BusSubmode>regionalBus</BusSubmode>
              </TransportSubmode>
              <PublicCode>M50-01</PublicCode>
              <OperatorRef ref="VTR:Operator:9"/>
            </Line>
          </lines>
          <scheduledStopPoints>
            <ScheduledStopPoint version="1" id="VTR:ScheduledStopPoint:413593">
              <Name>Molėtų autobusų stotis</Name>
            </ScheduledStopPoint>
            <ScheduledStopPoint version="1" id="VTR:ScheduledStopPoint:413594">
              <Name>Sodai</Name>
            </ScheduledStopPoint>
            <ScheduledStopPoint version="1" id="VTR:ScheduledStopPoint:413595">
              <Name>Kijeliai</Name>
            </ScheduledStopPoint>
            <ScheduledStopPoint version="1" id="VTR:ScheduledStopPoint:413596">
              <Name>Bajorai</Name>
            </ScheduledStopPoint>
            <ScheduledStopPoint version="1" id="VTR:ScheduledStopPoint:413597">
              <Name>Posūkis į Balninkus</Name>
            </ScheduledStopPoint>
            <ScheduledStopPoint version="1" id="VTR:ScheduledStopPoint:413598">
              <Name>Miškiškiai</Name>
            </ScheduledStopPoint>
            <ScheduledStopPoint version="1" id="VTR:ScheduledStopPoint:413599">
              <Name>Šimėnai</Name>
            </ScheduledStopPoint>
            <ScheduledStopPoint version="1" id="VTR:ScheduledStopPoint:413600">
              <Name>Gilužiai</Name>
            </ScheduledStopPoint>
            <ScheduledStopPoint version="1" id="VTR:ScheduledStopPoint:413601">
              <Name>Girsteitiškis</Name>
            </ScheduledStopPoint>
            <ScheduledStopPoint version="1" id="VTR:ScheduledStopPoint:413602">
              <Name>Juodiškiai</Name>
            </ScheduledStopPoint>
            <ScheduledStopPoint version="1" id="VTR:ScheduledStopPoint:413603">
              <Name>Žygeliškis</Name>
            </ScheduledStopPoint>
            <ScheduledStopPoint version="1" id="VTR:ScheduledStopPoint:413604">
              <Name>Dauniškiai</Name>
            </ScheduledStopPoint>
            <ScheduledStopPoint version="1" id="VTR:ScheduledStopPoint:413605">
              <Name>Alanta</Name>
            </ScheduledStopPoint>
          </scheduledStopPoints>
          <serviceLinks>
            <ServiceLink id="VTR:ServiceLink:413597_1_413598_1" version="1">
              <Distance>1</Distance>
              <FromPointRef ref="VTR:ScheduledStopPoint:413597" version="1"/>
              <ToPointRef ref="VTR:ScheduledStopPoint:413598" version="1"/>
            </ServiceLink>
            <ServiceLink id="VTR:ServiceLink:413598_1_413599_1" version="1">
              <Distance>1</Distance>
              <FromPointRef ref="VTR:ScheduledStopPoint:413598" version="1"/>
              <ToPointRef ref="VTR:ScheduledStopPoint:413599" version="1"/>
            </ServiceLink>
            <ServiceLink id="VTR:ServiceLink:413601_1_413602_1" version="1">
              <Distance>1</Distance>
              <FromPointRef ref="VTR:ScheduledStopPoint:413601" version="1"/>
              <ToPointRef ref="VTR:ScheduledStopPoint:413602" version="1"/>
            </ServiceLink>
            <ServiceLink id="VTR:ServiceLink:413594_1_413595_1" version="1">
              <Distance>1</Distance>
              <FromPointRef ref="VTR:ScheduledStopPoint:413594" version="1"/>
              <ToPointRef ref="VTR:ScheduledStopPoint:413595" version="1"/>
            </ServiceLink>
            <ServiceLink id="VTR:ServiceLink:413600_1_413601_1" version="1">
              <Distance>2</Distance>
              <FromPointRef ref="VTR:ScheduledStopPoint:413600" version="1"/>
              <ToPointRef ref="VTR:ScheduledStopPoint:413601" version="1"/>
            </ServiceLink>
            <ServiceLink id="VTR:ServiceLink:413604_1_413605_1" version="1">
              <Distance>2</Distance>
              <FromPointRef ref="VTR:ScheduledStopPoint:413604" version="1"/>
              <ToPointRef ref="VTR:ScheduledStopPoint:413605" version="1"/>
            </ServiceLink>
            <ServiceLink id="VTR:ServiceLink:413603_1_413604_1" version="1">
              <Distance>1</Distance>
              <FromPointRef ref="VTR:ScheduledStopPoint:413603" version="1"/>
              <ToPointRef ref="VTR:ScheduledStopPoint:413604" version="1"/>
            </ServiceLink>
            <ServiceLink id="VTR:ServiceLink:413602_1_413603_1" version="1">
              <Distance>2</Distance>
              <FromPointRef ref="VTR:ScheduledStopPoint:413602" version="1"/>
              <ToPointRef ref="VTR:ScheduledStopPoint:413603" version="1"/>
            </ServiceLink>
            <ServiceLink id="VTR:ServiceLink:413596_1_413597_1" version="1">
              <Distance>1</Distance>
              <FromPointRef ref="VTR:ScheduledStopPoint:413596" version="1"/>
              <ToPointRef ref="VTR:ScheduledStopPoint:413597" version="1"/>
            </ServiceLink>
            <ServiceLink id="VTR:ServiceLink:413593_1_413594_1" version="1">
              <Distance>1</Distance>
              <FromPointRef ref="VTR:ScheduledStopPoint:413593" version="1"/>
              <ToPointRef ref="VTR:ScheduledStopPoint:413594" version="1"/>
            </ServiceLink>
            <ServiceLink id="VTR:ServiceLink:413599_1_413600_1" version="1">
              <Distance>2</Distance>
              <FromPointRef ref="VTR:ScheduledStopPoint:413599" version="1"/>
              <ToPointRef ref="VTR:ScheduledStopPoint:413600" version="1"/>
            </ServiceLink>
            <ServiceLink id="VTR:ServiceLink:413595_1_413596_1" version="1">
              <Distance>1</Distance>
              <FromPointRef ref="VTR:ScheduledStopPoint:413595" version="1"/>
              <ToPointRef ref="VTR:ScheduledStopPoint:413596" version="1"/>
            </ServiceLink>
          </serviceLinks>
          <stopAssignments>
            <PassengerStopAssignment order="1170500000" id="VTR:PassengerStopAssignment:413593" version="1">
              <ScheduledStopPointRef ref="VTR:ScheduledStopPoint:413593" version="1"/>
              <QuayRef ref="VTR:Quay:19482"/>
            </PassengerStopAssignment>
            <PassengerStopAssignment order="1170500001" id="VTR:PassengerStopAssignment:413594" version="1">
              <ScheduledStopPointRef ref="VTR:ScheduledStopPoint:413594" version="1"/>
              <QuayRef ref="VTR:Quay:20801"/>
            </PassengerStopAssignment>
            <PassengerStopAssignment order="1170500002" id="VTR:PassengerStopAssignment:413595" version="1">
              <ScheduledStopPointRef ref="VTR:ScheduledStopPoint:413595" version="1"/>
              <QuayRef ref="VTR:Quay:8419"/>
            </PassengerStopAssignment>
            <PassengerStopAssignment order="1170500003" id="VTR:PassengerStopAssignment:413596" version="1">
              <ScheduledStopPointRef ref="VTR:ScheduledStopPoint:413596" version="1"/>
              <QuayRef ref="VTR:Quay:7406"/>
            </PassengerStopAssignment>
            <PassengerStopAssignment order="1170500004" id="VTR:PassengerStopAssignment:413597" version="1">
              <ScheduledStopPointRef ref="VTR:ScheduledStopPoint:413597" version="1"/>
              <QuayRef ref="VTR:Quay:5385"/>
            </PassengerStopAssignment>
            <PassengerStopAssignment order="1170500005" id="VTR:PassengerStopAssignment:413598" version="1">
              <ScheduledStopPointRef ref="VTR:ScheduledStopPoint:413598" version="1"/>
              <QuayRef ref="VTR:Quay:6699"/>
            </PassengerStopAssignment>
            <PassengerStopAssignment order="1170500006" id="VTR:PassengerStopAssignment:413599" version="1">
              <ScheduledStopPointRef ref="VTR:ScheduledStopPoint:413599" version="1"/>
              <QuayRef ref="VTR:Quay:10831"/>
            </PassengerStopAssignment>
            <PassengerStopAssignment order="1170500007" id="VTR:PassengerStopAssignment:413600" version="1">
              <ScheduledStopPointRef ref="VTR:ScheduledStopPoint:413600" version="1"/>
              <QuayRef ref="VTR:Quay:12936"/>
            </PassengerStopAssignment>
            <PassengerStopAssignment order="1170500008" id="VTR:PassengerStopAssignment:413601" version="1">
              <ScheduledStopPointRef ref="VTR:ScheduledStopPoint:413601" version="1"/>
              <QuayRef ref="VTR:Quay:13868"/>
            </PassengerStopAssignment>
            <PassengerStopAssignment order="1170500009" id="VTR:PassengerStopAssignment:413602" version="1">
              <ScheduledStopPointRef ref="VTR:ScheduledStopPoint:413602" version="1"/>
              <QuayRef ref="VTR:Quay:16510"/>
            </PassengerStopAssignment>
            <PassengerStopAssignment order="1170500010" id="VTR:PassengerStopAssignment:413603" version="1">
              <ScheduledStopPointRef ref="VTR:ScheduledStopPoint:413603" version="1"/>
              <QuayRef ref="VTR:Quay:21090"/>
            </PassengerStopAssignment>
            <PassengerStopAssignment order="1170500011" id="VTR:PassengerStopAssignment:413604" version="1">
              <ScheduledStopPointRef ref="VTR:ScheduledStopPoint:413604" version="1"/>
              <QuayRef ref="VTR:Quay:13496"/>
            </PassengerStopAssignment>
            <PassengerStopAssignment order="1170500012" id="VTR:PassengerStopAssignment:413605" version="1">
              <ScheduledStopPointRef ref="VTR:ScheduledStopPoint:413605" version="1"/>
              <QuayRef ref="VTR:Quay:7459"/>
            </PassengerStopAssignment>
          </stopAssignments>
          <journeyPatterns>
            <JourneyPattern id="VTR:JourneyPattern:747606" version="747818">
              <Name>5001-1</Name>
              <RouteRef ref="VTR:Route:11705" version="1"/>
              <pointsInSequence>
                <StopPointInJourneyPattern id="VTR:StopPointInJourneyPattern:18838018" version="747818" order="1">
                  <ScheduledStopPointRef ref="VTR:ScheduledStopPoint:413593"/>
                  <DestinationDisplayRef ref="VTR:DestinationDisplay:1"/>
                </StopPointInJourneyPattern>
                <StopPointInJourneyPattern id="VTR:StopPointInJourneyPattern:18838019" version="747818" order="2">
                  <ScheduledStopPointRef ref="VTR:ScheduledStopPoint:413594"/>
                  <DestinationDisplayRef ref="VTR:DestinationDisplay:1"/>
                </StopPointInJourneyPattern>
                <StopPointInJourneyPattern id="VTR:StopPointInJourneyPattern:18838020" version="747818" order="3">
                  <ScheduledStopPointRef ref="VTR:ScheduledStopPoint:413595"/>
                  <DestinationDisplayRef ref="VTR:DestinationDisplay:1"/>
                </StopPointInJourneyPattern>
                <StopPointInJourneyPattern id="VTR:StopPointInJourneyPattern:18838021" version="747818" order="4">
                  <ScheduledStopPointRef ref="VTR:ScheduledStopPoint:413596"/>
                  <DestinationDisplayRef ref="VTR:DestinationDisplay:1"/>
                </StopPointInJourneyPattern>
                <StopPointInJourneyPattern id="VTR:StopPointInJourneyPattern:18838022" version="747818" order="5">
                  <ScheduledStopPointRef ref="VTR:ScheduledStopPoint:413597"/>
                  <DestinationDisplayRef ref="VTR:DestinationDisplay:1"/>
                </StopPointInJourneyPattern>
                <StopPointInJourneyPattern id="VTR:StopPointInJourneyPattern:18838023" version="747818" order="6">
                  <ScheduledStopPointRef ref="VTR:ScheduledStopPoint:413598"/>
                  <DestinationDisplayRef ref="VTR:DestinationDisplay:1"/>
                </StopPointInJourneyPattern>
                <StopPointInJourneyPattern id="VTR:StopPointInJourneyPattern:18838024" version="747818" order="7">
                  <ScheduledStopPointRef ref="VTR:ScheduledStopPoint:413599"/>
                  <DestinationDisplayRef ref="VTR:DestinationDisplay:1"/>
                </StopPointInJourneyPattern>
                <StopPointInJourneyPattern id="VTR:StopPointInJourneyPattern:18838025" version="747818" order="8">
                  <ScheduledStopPointRef ref="VTR:ScheduledStopPoint:413600"/>
                  <DestinationDisplayRef ref="VTR:DestinationDisplay:1"/>
                </StopPointInJourneyPattern>
                <StopPointInJourneyPattern id="VTR:StopPointInJourneyPattern:18838026" version="747818" order="9">
                  <ScheduledStopPointRef ref="VTR:ScheduledStopPoint:413601"/>
                  <DestinationDisplayRef ref="VTR:DestinationDisplay:1"/>
                </StopPointInJourneyPattern>
                <StopPointInJourneyPattern id="VTR:StopPointInJourneyPattern:18838027" version="747818" order="10">
                  <ScheduledStopPointRef ref="VTR:ScheduledStopPoint:413602"/>
                  <DestinationDisplayRef ref="VTR:DestinationDisplay:1"/>
                </StopPointInJourneyPattern>
                <StopPointInJourneyPattern id="VTR:StopPointInJourneyPattern:18838028" version="747818" order="11">
                  <ScheduledStopPointRef ref="VTR:ScheduledStopPoint:413603"/>
                  <DestinationDisplayRef ref="VTR:DestinationDisplay:1"/>
                </StopPointInJourneyPattern>
                <StopPointInJourneyPattern id="VTR:StopPointInJourneyPattern:18838029" version="747818" order="12">
                  <ScheduledStopPointRef ref="VTR:ScheduledStopPoint:413604"/>
                  <DestinationDisplayRef ref="VTR:DestinationDisplay:1"/>
                </StopPointInJourneyPattern>
                <StopPointInJourneyPattern id="VTR:StopPointInJourneyPattern:18838030" version="747818" order="13">
                  <ScheduledStopPointRef ref="VTR:ScheduledStopPoint:413605"/>
                  <DestinationDisplayRef ref="VTR:DestinationDisplay:1"/>
                </StopPointInJourneyPattern>
              </pointsInSequence>
            </JourneyPattern>
          </journeyPatterns>
        </ServiceFrame>
        <TimetableFrame version="1" id="VTR:TimetableFrame:1388">
          <vehicleJourneys>
            <ServiceJourney version="747818" id="VTR:ServiceJourney:747606">
              <Name>Molėtai - Girsteitiškis - Alanta</Name>
              <PrivateCode>5001-1</PrivateCode>
              <dayTypes>
                <DayTypeRef ref="VTR:DayType:815"/>
              </dayTypes>
              <JourneyPatternRef version="747818" ref="VTR:JourneyPattern:747606"/>
              <OperatorRef ref="VTR:Operator:362"/>
              <LineRef ref="VTR:Line:1374" version="4867"/>
              <passingTimes>
                <TimetabledPassingTime version="747818" id="VTR:TimetabledPassingTime:747606_18838018_1">
                  <StopPointInJourneyPatternRef ref="VTR:StopPointInJourneyPattern:18838018" version="747818"/>
                  <DepartureTime>07:05:00</DepartureTime>
                  <DepartureDayOffset>0</DepartureDayOffset>
                </TimetabledPassingTime>
                <TimetabledPassingTime version="747818" id="VTR:TimetabledPassingTime:747606_18838019_2">
                  <StopPointInJourneyPatternRef ref="VTR:StopPointInJourneyPattern:18838019" version="747818"/>
                  <DepartureTime>07:07:00</DepartureTime>
                  <DepartureDayOffset>0</DepartureDayOffset>
                </TimetabledPassingTime>
                <TimetabledPassingTime version="747818" id="VTR:TimetabledPassingTime:747606_18838020_3">
                  <StopPointInJourneyPatternRef ref="VTR:StopPointInJourneyPattern:18838020" version="747818"/>
                  <DepartureTime>07:09:00</DepartureTime>
                  <DepartureDayOffset>0</DepartureDayOffset>
                </TimetabledPassingTime>
                <TimetabledPassingTime version="747818" id="VTR:TimetabledPassingTime:747606_18838021_4">
                  <StopPointInJourneyPatternRef ref="VTR:StopPointInJourneyPattern:18838021" version="747818"/>
                  <DepartureTime>07:11:00</DepartureTime>
                  <DepartureDayOffset>0</DepartureDayOffset>
                </TimetabledPassingTime>
                <TimetabledPassingTime version="747818" id="VTR:TimetabledPassingTime:747606_18838022_5">
                  <StopPointInJourneyPatternRef ref="VTR:StopPointInJourneyPattern:18838022" version="747818"/>
                  <DepartureTime>07:13:00</DepartureTime>
                  <DepartureDayOffset>0</DepartureDayOffset>
                </TimetabledPassingTime>
                <TimetabledPassingTime version="747818" id="VTR:TimetabledPassingTime:747606_18838023_6">
                  <StopPointInJourneyPatternRef ref="VTR:StopPointInJourneyPattern:18838023" version="747818"/>
                  <DepartureTime>07:17:00</DepartureTime>
                  <DepartureDayOffset>0</DepartureDayOffset>
                </TimetabledPassingTime>
                <TimetabledPassingTime version="747818" id="VTR:TimetabledPassingTime:747606_18838024_7">
                  <StopPointInJourneyPatternRef ref="VTR:StopPointInJourneyPattern:18838024" version="747818"/>
                  <DepartureTime>07:20:00</DepartureTime>
                  <DepartureDayOffset>0</DepartureDayOffset>
                </TimetabledPassingTime>
                <TimetabledPassingTime version="747818" id="VTR:TimetabledPassingTime:747606_18838025_8">
                  <StopPointInJourneyPatternRef ref="VTR:StopPointInJourneyPattern:18838025" version="747818"/>
                  <DepartureTime>07:24:00</DepartureTime>
                  <DepartureDayOffset>0</DepartureDayOffset>
                </TimetabledPassingTime>
                <TimetabledPassingTime version="747818" id="VTR:TimetabledPassingTime:747606_18838026_9">
                  <StopPointInJourneyPatternRef ref="VTR:StopPointInJourneyPattern:18838026" version="747818"/>
                  <DepartureTime>07:28:00</DepartureTime>
                  <DepartureDayOffset>0</DepartureDayOffset>
                </TimetabledPassingTime>
                <TimetabledPassingTime version="747818" id="VTR:TimetabledPassingTime:747606_18838027_10">
                  <StopPointInJourneyPatternRef ref="VTR:StopPointInJourneyPattern:18838027" version="747818"/>
                  <DepartureTime>07:31:00</DepartureTime>
                  <DepartureDayOffset>0</DepartureDayOffset>
                </TimetabledPassingTime>
                <TimetabledPassingTime version="747818" id="VTR:TimetabledPassingTime:747606_18838028_11">
                  <StopPointInJourneyPatternRef ref="VTR:StopPointInJourneyPattern:18838028" version="747818"/>
                  <DepartureTime>07:36:00</DepartureTime>
                  <DepartureDayOffset>0</DepartureDayOffset>
                </TimetabledPassingTime>
                <TimetabledPassingTime version="747818" id="VTR:TimetabledPassingTime:747606_18838029_12">
                  <StopPointInJourneyPatternRef ref="VTR:StopPointInJourneyPattern:18838029" version="747818"/>
                  <DepartureTime>07:40:00</DepartureTime>
                  <DepartureDayOffset>0</DepartureDayOffset>
                </TimetabledPassingTime>
                <TimetabledPassingTime version="747818" id="VTR:TimetabledPassingTime:747606_18838030_13">
                  <StopPointInJourneyPatternRef ref="VTR:StopPointInJourneyPattern:18838030" version="747818"/>
                  <DepartureTime>07:45:00</DepartureTime>
                  <DepartureDayOffset>0</DepartureDayOffset>
                </TimetabledPassingTime>
              </passingTimes>
            </ServiceJourney>
          </vehicleJourneys>
        </TimetableFrame>
        <ResourceFrame version="1" id="VTR:ResourceFrame:1388">
          <organisations>
            <Authority version="1" id="VTR:Authority:9">
              <CompanyNumber>62</CompanyNumber>
              <Name>Molėtų r. sav.</Name>
              <LegalName>Molėtų r. sav.</LegalName>
              <ContactDetails>
                <Email>savivaldybe@moletai.lt</Email>
                <Phone>838354761</Phone>
                <Url>www.moletai.lt</Url>
              </ContactDetails>
              <OrganisationType>authority</OrganisationType>
            </Authority>
          </organisations>
        </ResourceFrame>
        <FareFrame id="VTR:FareFrame:1374" version="1">
          <FrameDefaults>
            <DefaultCurrency>EUR</DefaultCurrency>
          </FrameDefaults>
          <fareStructureElements>
            <FareStructureElement id="VTR:FareStructureElement:pricematrix" version="1">
              <distanceMatrixElements>
                <DistanceMatrixElementRef ref="VTR:DistanceMatrixElement:18838018to18838019" version="1"/>
                <DistanceMatrixElementRef ref="VTR:DistanceMatrixElement:18838018to18838024" version="1"/>
                <DistanceMatrixElementRef ref="VTR:DistanceMatrixElement:18838018to18838026" version="1"/>
                <DistanceMatrixElementRef ref="VTR:DistanceMatrixElement:18838019to18838023" version="1"/>
                <DistanceMatrixElementRef ref="VTR:DistanceMatrixElement:18838019to18838028" version="1"/>
                <DistanceMatrixElementRef ref="VTR:DistanceMatrixElement:18838020to18838023" version="1"/>
                <DistanceMatrixElementRef ref="VTR:DistanceMatrixElement:18838021to18838026" version="1"/>
                <DistanceMatrixElementRef ref="VTR:DistanceMatrixElement:18838021to18838029" version="1"/>
                <DistanceMatrixElementRef ref="VTR:DistanceMatrixElement:18838022to18838023" version="1"/>
                <DistanceMatrixElementRef ref="VTR:DistanceMatrixElement:18838022to18838025" version="1"/>
                <DistanceMatrixElementRef ref="VTR:DistanceMatrixElement:18838022to18838027" version="1"/>
                <DistanceMatrixElementRef ref="VTR:DistanceMatrixElement:18838022to18838029" version="1"/>
                <DistanceMatrixElementRef ref="VTR:DistanceMatrixElement:18838023to18838025" version="1"/>
                <DistanceMatrixElementRef ref="VTR:DistanceMatrixElement:18838024to18838027" version="1"/>
                <DistanceMatrixElementRef ref="VTR:DistanceMatrixElement:18838024to18838029" version="1"/>
                <DistanceMatrixElementRef ref="VTR:DistanceMatrixElement:18838024to18838030" version="1"/>
                <DistanceMatrixElementRef ref="VTR:DistanceMatrixElement:18838025to18838027" version="1"/>
                <DistanceMatrixElementRef ref="VTR:DistanceMatrixElement:18838025to18838029" version="1"/>
                <DistanceMatrixElementRef ref="VTR:DistanceMatrixElement:18838026to18838027" version="1"/>
                <DistanceMatrixElementRef ref="VTR:DistanceMatrixElement:18838028to18838029" version="1"/>
                <DistanceMatrixElementRef ref="VTR:DistanceMatrixElement:18838018to18838029" version="1"/>
                <DistanceMatrixElementRef ref="VTR:DistanceMatrixElement:18838019to18838020" version="1"/>
                <DistanceMatrixElementRef ref="VTR:DistanceMatrixElement:18838020to18838027" version="1"/>
                <DistanceMatrixElementRef ref="VTR:DistanceMatrixElement:18838020to18838028" version="1"/>
                <DistanceMatrixElementRef ref="VTR:DistanceMatrixElement:18838021to18838028" version="1"/>
                <DistanceMatrixElementRef ref="VTR:DistanceMatrixElement:18838022to18838024" version="1"/>
                <DistanceMatrixElementRef ref="VTR:DistanceMatrixElement:18838026to18838030" version="1"/>
                <DistanceMatrixElementRef ref="VTR:DistanceMatrixElement:18838018to18838025" version="1"/>
                <DistanceMatrixElementRef ref="VTR:DistanceMatrixElement:18838021to18838027" version="1"/>
                <DistanceMatrixElementRef ref="VTR:DistanceMatrixElement:18838022to18838026" version="1"/>
                <DistanceMatrixElementRef ref="VTR:DistanceMatrixElement:18838025to18838026" version="1"/>
                <DistanceMatrixElementRef ref="VTR:DistanceMatrixElement:18838025to18838028" version="1"/>
                <DistanceMatrixElementRef ref="VTR:DistanceMatrixElement:18838025to18838030" version="1"/>
                <DistanceMatrixElementRef ref="VTR:DistanceMatrixElement:18838029to18838030" version="1"/>
                <DistanceMatrixElementRef ref="VTR:DistanceMatrixElement:18838019to18838026" version="1"/>
                <DistanceMatrixElementRef ref="VTR:DistanceMatrixElement:18838020to18838021" version="1"/>
                <DistanceMatrixElementRef ref="VTR:DistanceMatrixElement:18838022to18838030" version="1"/>
                <DistanceMatrixElementRef ref="VTR:DistanceMatrixElement:18838023to18838030" version="1"/>
                <DistanceMatrixElementRef ref="VTR:DistanceMatrixElement:18838018to18838021" version="1"/>
                <DistanceMatrixElementRef ref="VTR:DistanceMatrixElement:18838018to18838022" version="1"/>
                <DistanceMatrixElementRef ref="VTR:DistanceMatrixElement:18838018to18838027" version="1"/>
                <DistanceMatrixElementRef ref="VTR:DistanceMatrixElement:18838019to18838021" version="1"/>
                <DistanceMatrixElementRef ref="VTR:DistanceMatrixElement:18838020to18838022" version="1"/>
                <DistanceMatrixElementRef ref="VTR:DistanceMatrixElement:18838020to18838025" version="1"/>
                <DistanceMatrixElementRef ref="VTR:DistanceMatrixElement:18838020to18838029" version="1"/>
                <DistanceMatrixElementRef ref="VTR:DistanceMatrixElement:18838020to18838030" version="1"/>
                <DistanceMatrixElementRef ref="VTR:DistanceMatrixElement:18838021to18838022" version="1"/>
                <DistanceMatrixElementRef ref="VTR:DistanceMatrixElement:18838021to18838025" version="1"/>
                <DistanceMatrixElementRef ref="VTR:DistanceMatrixElement:18838023to18838026" version="1"/>
                <DistanceMatrixElementRef ref="VTR:DistanceMatrixElement:18838027to18838028" version="1"/>
                <DistanceMatrixElementRef ref="VTR:DistanceMatrixElement:18838027to18838030" version="1"/>
                <DistanceMatrixElementRef ref="VTR:DistanceMatrixElement:18838018to18838028" version="1"/>
                <DistanceMatrixElementRef ref="VTR:DistanceMatrixElement:18838019to18838024" version="1"/>
                <DistanceMatrixElementRef ref="VTR:DistanceMatrixElement:18838019to18838029" version="1"/>
                <DistanceMatrixElementRef ref="VTR:DistanceMatrixElement:18838020to18838026" version="1"/>
                <DistanceMatrixElementRef ref="VTR:DistanceMatrixElement:18838021to18838024" version="1"/>
                <DistanceMatrixElementRef ref="VTR:DistanceMatrixElement:18838023to18838028" version="1"/>
                <DistanceMatrixElementRef ref="VTR:DistanceMatrixElement:18838023to18838029" version="1"/>
                <DistanceMatrixElementRef ref="VTR:DistanceMatrixElement:18838024to18838025" version="1"/>
                <DistanceMatrixElementRef ref="VTR:DistanceMatrixElement:18838019to18838022" version="1"/>
                <DistanceMatrixElementRef ref="VTR:DistanceMatrixElement:18838020to18838024" version="1"/>
                <DistanceMatrixElementRef ref="VTR:DistanceMatrixElement:18838021to18838030" version="1"/>
                <DistanceMatrixElementRef ref="VTR:DistanceMatrixElement:18838022to18838028" version="1"/>
                <DistanceMatrixElementRef ref="VTR:DistanceMatrixElement:18838028to18838030" version="1"/>
                <DistanceMatrixElementRef ref="VTR:DistanceMatrixElement:18838018to18838020" version="1"/>
                <DistanceMatrixElementRef ref="VTR:DistanceMatrixElement:18838018to18838023" version="1"/>
                <DistanceMatrixElementRef ref="VTR:DistanceMatrixElement:18838018to18838030" version="1"/>
                <DistanceMatrixElementRef ref="VTR:DistanceMatrixElement:18838019to18838025" version="1"/>
                <DistanceMatrixElementRef ref="VTR:DistanceMatrixElement:18838019to18838027" version="1"/>
                <DistanceMatrixElementRef ref="VTR:DistanceMatrixElement:18838019to18838030" version="1"/>
                <DistanceMatrixElementRef ref="VTR:DistanceMatrixElement:18838021to18838023" version="1"/>
                <DistanceMatrixElementRef ref="VTR:DistanceMatrixElement:18838023to18838024" version="1"/>
                <DistanceMatrixElementRef ref="VTR:DistanceMatrixElement:18838023to18838027" version="1"/>
                <DistanceMatrixElementRef ref="VTR:DistanceMatrixElement:18838024to18838026" version="1"/>
                <DistanceMatrixElementRef ref="VTR:DistanceMatrixElement:18838024to18838028" version="1"/>
                <DistanceMatrixElementRef ref="VTR:DistanceMatrixElement:18838026to18838028" version="1"/>
                <DistanceMatrixElementRef ref="VTR:DistanceMatrixElement:18838026to18838029" version="1"/>
                <DistanceMatrixElementRef ref="VTR:DistanceMatrixElement:18838027to18838029" version="1"/>
              </distanceMatrixElements>
            </FareStructureElement>
          </fareStructureElements>
          <tariffs>
            <Tariff id="VTR:Tariff:pointToPointInSeparateJourney_1374" version="1">
              <Name>Point to point tariff</Name>
              <distanceMatrixElements>
                <DistanceMatrixElement id="VTR:DistanceMatrixElement:18838018to18838019" version="1">
                  <Name>Molėtų autobusų stotis to Sodai</Name>
                  <StartStopPointRef ref="VTR:ScheduledStopPoint:413593" version="1"/>
                  <EndStopPointRef ref="VTR:ScheduledStopPoint:413594" version="1"/>
                  <prices>
                    <DistanceMatrixElementPrice id="VTR:DistanceMatrixElementPrice:18838018to18838019" version="1">
                      <Amount>0.1</Amount>
                      <DistanceMatrixElementRef ref="VTR:DistanceMatrixElement:18838018to18838019" version="1"/>
                    </DistanceMatrixElementPrice>
                  </prices>
                </DistanceMatrixElement>
                <DistanceMatrixElement id="VTR:DistanceMatrixElement:18838018to18838024" version="1">
                  <Name>Molėtų autobusų stotis to Šimėnai</Name>
                  <StartStopPointRef ref="VTR:ScheduledStopPoint:413593" version="1"/>
                  <EndStopPointRef ref="VTR:ScheduledStopPoint:413599" version="1"/>
                  <prices>
                    <DistanceMatrixElementPrice id="VTR:DistanceMatrixElementPrice:18838018to18838024" version="1">
                      <Amount>0.8</Amount>
                      <DistanceMatrixElementRef ref="VTR:DistanceMatrixElement:18838018to18838024" version="1"/>
                    </DistanceMatrixElementPrice>
                  </prices>
                </DistanceMatrixElement>
                <DistanceMatrixElement id="VTR:DistanceMatrixElement:18838018to18838026" version="1">
                  <Name>Molėtų autobusų stotis to Girsteitiškis</Name>
                  <StartStopPointRef ref="VTR:ScheduledStopPoint:413593" version="1"/>
                  <EndStopPointRef ref="VTR:ScheduledStopPoint:413601" version="1"/>
                  <prices>
                    <DistanceMatrixElementPrice id="VTR:DistanceMatrixElementPrice:18838018to18838026" version="1">
                      <Amount>1.2</Amount>
                      <DistanceMatrixElementRef ref="VTR:DistanceMatrixElement:18838018to18838026" version="1"/>
                    </DistanceMatrixElementPrice>
                  </prices>
                </DistanceMatrixElement>
                <DistanceMatrixElement id="VTR:DistanceMatrixElement:18838019to18838023" version="1">
                  <Name>Sodai to Miškiškiai</Name>
                  <StartStopPointRef ref="VTR:ScheduledStopPoint:413594" version="1"/>
                  <EndStopPointRef ref="VTR:ScheduledStopPoint:413598" version="1"/>
                  <prices>
                    <DistanceMatrixElementPrice id="VTR:DistanceMatrixElementPrice:18838019to18838023" version="1">
                      <Amount>0.6</Amount>
                      <DistanceMatrixElementRef ref="VTR:DistanceMatrixElement:18838019to18838023" version="1"/>
                    </DistanceMatrixElementPrice>
                  </prices>
                </DistanceMatrixElement>
                <DistanceMatrixElement id="VTR:DistanceMatrixElement:18838019to18838028" version="1">
                  <Name>Sodai to Žygeliškis</Name>
                  <StartStopPointRef ref="VTR:ScheduledStopPoint:413594" version="1"/>
                  <EndStopPointRef ref="VTR:ScheduledStopPoint:413603" version="1"/>
                  <prices>
                    <DistanceMatrixElementPrice id="VTR:DistanceMatrixElementPrice:18838019to18838028" version="1">
                      <Amount>1.6</Amount>
                      <DistanceMatrixElementRef ref="VTR:DistanceMatrixElement:18838019to18838028" version="1"/>
                    </DistanceMatrixElementPrice>
                  </prices>
                </DistanceMatrixElement>
                <DistanceMatrixElement id="VTR:DistanceMatrixElement:18838020to18838023" version="1">
                  <Name>Kijeliai to Miškiškiai</Name>
                  <StartStopPointRef ref="VTR:ScheduledStopPoint:413595" version="1"/>
                  <EndStopPointRef ref="VTR:ScheduledStopPoint:413598" version="1"/>
                  <prices>
                    <DistanceMatrixElementPrice id="VTR:DistanceMatrixElementPrice:18838020to18838023" version="1">
                      <Amount>0.4</Amount>
                      <DistanceMatrixElementRef ref="VTR:DistanceMatrixElement:18838020to18838023" version="1"/>
                    </DistanceMatrixElementPrice>
                  </prices>
                </DistanceMatrixElement>
                <DistanceMatrixElement id="VTR:DistanceMatrixElement:18838021to18838026" version="1">
                  <Name>Bajorai to Girsteitiškis</Name>
                  <StartStopPointRef ref="VTR:ScheduledStopPoint:413596" version="1"/>
                  <EndStopPointRef ref="VTR:ScheduledStopPoint:413601" version="1"/>
                  <prices>
                    <DistanceMatrixElementPrice id="VTR:DistanceMatrixElementPrice:18838021to18838026" version="1">
                      <Amount>0.9</Amount>
                      <DistanceMatrixElementRef ref="VTR:DistanceMatrixElement:18838021to18838026" version="1"/>
                    </DistanceMatrixElementPrice>
                  </prices>
                </DistanceMatrixElement>
                <DistanceMatrixElement id="VTR:DistanceMatrixElement:18838021to18838029" version="1">
                  <Name>Bajorai to Dauniškiai</Name>
                  <StartStopPointRef ref="VTR:ScheduledStopPoint:413596" version="1"/>
                  <EndStopPointRef ref="VTR:ScheduledStopPoint:413604" version="1"/>
                  <prices>
                    <DistanceMatrixElementPrice id="VTR:DistanceMatrixElementPrice:18838021to18838029" version="1">
                      <Amount>1.4</Amount>
                      <DistanceMatrixElementRef ref="VTR:DistanceMatrixElement:18838021to18838029" version="1"/>
                    </DistanceMatrixElementPrice>
                  </prices>
                </DistanceMatrixElement>
                <DistanceMatrixElement id="VTR:DistanceMatrixElement:18838022to18838023" version="1">
                  <Name>Posūkis į Balninkus to Miškiškiai</Name>
                  <StartStopPointRef ref="VTR:ScheduledStopPoint:413597" version="1"/>
                  <EndStopPointRef ref="VTR:ScheduledStopPoint:413598" version="1"/>
                  <prices>
                    <DistanceMatrixElementPrice id="VTR:DistanceMatrixElementPrice:18838022to18838023" version="1">
                      <Amount>0.2</Amount>
                      <DistanceMatrixElementRef ref="VTR:DistanceMatrixElement:18838022to18838023" version="1"/>
                    </DistanceMatrixElementPrice>
                  </prices>
                </DistanceMatrixElement>
                <DistanceMatrixElement id="VTR:DistanceMatrixElement:18838022to18838025" version="1">
                  <Name>Posūkis į Balninkus to Gilužiai</Name>
                  <StartStopPointRef ref="VTR:ScheduledStopPoint:413597" version="1"/>
                  <EndStopPointRef ref="VTR:ScheduledStopPoint:413600" version="1"/>
                  <prices>
                    <DistanceMatrixElementPrice id="VTR:DistanceMatrixElementPrice:18838022to18838025" version="1">
                      <Amount>0.5</Amount>
                      <DistanceMatrixElementRef ref="VTR:DistanceMatrixElement:18838022to18838025" version="1"/>
                    </DistanceMatrixElementPrice>
                  </prices>
                </DistanceMatrixElement>
                <DistanceMatrixElement id="VTR:DistanceMatrixElement:18838022to18838027" version="1">
                  <Name>Posūkis į Balninkus to Juodiškiai</Name>
                  <StartStopPointRef ref="VTR:ScheduledStopPoint:413597" version="1"/>
                  <EndStopPointRef ref="VTR:ScheduledStopPoint:413602" version="1"/>
                  <prices>
                    <DistanceMatrixElementPrice id="VTR:DistanceMatrixElementPrice:18838022to18838027" version="1">
                      <Amount>0.9</Amount>
                      <DistanceMatrixElementRef ref="VTR:DistanceMatrixElement:18838022to18838027" version="1"/>
                    </DistanceMatrixElementPrice>
                  </prices>
                </DistanceMatrixElement>
                <DistanceMatrixElement id="VTR:DistanceMatrixElement:18838022to18838029" version="1">
                  <Name>Posūkis į Balninkus to Dauniškiai</Name>
                  <StartStopPointRef ref="VTR:ScheduledStopPoint:413597" version="1"/>
                  <EndStopPointRef ref="VTR:ScheduledStopPoint:413604" version="1"/>
                  <prices>
                    <DistanceMatrixElementPrice id="VTR:DistanceMatrixElementPrice:18838022to18838029" version="1">
                      <Amount>1.3</Amount>
                      <DistanceMatrixElementRef ref="VTR:DistanceMatrixElement:18838022to18838029" version="1"/>
                    </DistanceMatrixElementPrice>
                  </prices>
                </DistanceMatrixElement>
                <DistanceMatrixElement id="VTR:DistanceMatrixElement:18838023to18838025" version="1">
                  <Name>Miškiškiai to Gilužiai</Name>
                  <StartStopPointRef ref="VTR:ScheduledStopPoint:413598" version="1"/>
                  <EndStopPointRef ref="VTR:ScheduledStopPoint:413600" version="1"/>
                  <prices>
                    <DistanceMatrixElementPrice id="VTR:DistanceMatrixElementPrice:18838023to18838025" version="1">
                      <Amount>0.3</Amount>
                      <DistanceMatrixElementRef ref="VTR:DistanceMatrixElement:18838023to18838025" version="1"/>
                    </DistanceMatrixElementPrice>
                  </prices>
                </DistanceMatrixElement>
                <DistanceMatrixElement id="VTR:DistanceMatrixElement:18838024to18838027" version="1">
                  <Name>Šimėnai to Juodiškiai</Name>
                  <StartStopPointRef ref="VTR:ScheduledStopPoint:413599" version="1"/>
                  <EndStopPointRef ref="VTR:ScheduledStopPoint:413602" version="1"/>
                  <prices>
                    <DistanceMatrixElementPrice id="VTR:DistanceMatrixElementPrice:18838024to18838027" version="1">
                      <Amount>0.6</Amount>
                      <DistanceMatrixElementRef ref="VTR:DistanceMatrixElement:18838024to18838027" version="1"/>
                    </DistanceMatrixElementPrice>
                  </prices>
                </DistanceMatrixElement>
                <DistanceMatrixElement id="VTR:DistanceMatrixElement:18838024to18838029" version="1">
                  <Name>Šimėnai to Dauniškiai</Name>
                  <StartStopPointRef ref="VTR:ScheduledStopPoint:413599" version="1"/>
                  <EndStopPointRef ref="VTR:ScheduledStopPoint:413604" version="1"/>
                  <prices>
                    <DistanceMatrixElementPrice id="VTR:DistanceMatrixElementPrice:18838024to18838029" version="1">
                      <Amount>1.0</Amount>
                      <DistanceMatrixElementRef ref="VTR:DistanceMatrixElement:18838024to18838029" version="1"/>
                    </DistanceMatrixElementPrice>
                  </prices>
                </DistanceMatrixElement>
                <DistanceMatrixElement id="VTR:DistanceMatrixElement:18838024to18838030" version="1">
                  <Name>Šimėnai to Alanta</Name>
                  <StartStopPointRef ref="VTR:ScheduledStopPoint:413599" version="1"/>
                  <EndStopPointRef ref="VTR:ScheduledStopPoint:413605" version="1"/>
                  <prices>
                    <DistanceMatrixElementPrice id="VTR:DistanceMatrixElementPrice:18838024to18838030" version="1">
                      <Amount>1.2</Amount>
                      <DistanceMatrixElementRef ref="VTR:DistanceMatrixElement:18838024to18838030" version="1"/>
                    </DistanceMatrixElementPrice>
                  </prices>
                </DistanceMatrixElement>
                <DistanceMatrixElement id="VTR:DistanceMatrixElement:18838025to18838027" version="1">
                  <Name>Gilužiai to Juodiškiai</Name>
                  <StartStopPointRef ref="VTR:ScheduledStopPoint:413600" version="1"/>
                  <EndStopPointRef ref="VTR:ScheduledStopPoint:413602" version="1"/>
                  <prices>
                    <DistanceMatrixElementPrice id="VTR:DistanceMatrixElementPrice:18838025to18838027" version="1">
                      <Amount>0.4</Amount>
                      <DistanceMatrixElementRef ref="VTR:DistanceMatrixElement:18838025to18838027" version="1"/>
                    </DistanceMatrixElementPrice>
                  </prices>
                </DistanceMatrixElement>
                <DistanceMatrixElement id="VTR:DistanceMatrixElement:18838025to18838029" version="1">
                  <Name>Gilužiai to Dauniškiai</Name>
                  <StartStopPointRef ref="VTR:ScheduledStopPoint:413600" version="1"/>
                  <EndStopPointRef ref="VTR:ScheduledStopPoint:413604" version="1"/>
                  <prices>
                    <DistanceMatrixElementPrice id="VTR:DistanceMatrixElementPrice:18838025to18838029" version="1">
                      <Amount>0.8</Amount>
                      <DistanceMatrixElementRef ref="VTR:DistanceMatrixElement:18838025to18838029" version="1"/>
                    </DistanceMatrixElementPrice>
                  </prices>
                </DistanceMatrixElement>
                <DistanceMatrixElement id="VTR:DistanceMatrixElement:18838026to18838027" version="1">
                  <Name>Girsteitiškis to Juodiškiai</Name>
                  <StartStopPointRef ref="VTR:ScheduledStopPoint:413601" version="1"/>
                  <EndStopPointRef ref="VTR:ScheduledStopPoint:413602" version="1"/>
                  <prices>
                    <DistanceMatrixElementPrice id="VTR:DistanceMatrixElementPrice:18838026to18838027" version="1">
                      <Amount>0.2</Amount>
                      <DistanceMatrixElementRef ref="VTR:DistanceMatrixElement:18838026to18838027" version="1"/>
                    </DistanceMatrixElementPrice>
                  </prices>
                </DistanceMatrixElement>
                <DistanceMatrixElement id="VTR:DistanceMatrixElement:18838028to18838029" version="1">
                  <Name>Žygeliškis to Dauniškiai</Name>
                  <StartStopPointRef ref="VTR:ScheduledStopPoint:413603" version="1"/>
                  <EndStopPointRef ref="VTR:ScheduledStopPoint:413604" version="1"/>
                  <prices>
                    <DistanceMatrixElementPrice id="VTR:DistanceMatrixElementPrice:18838028to18838029" version="1">
                      <Amount>0.2</Amount>
                      <DistanceMatrixElementRef ref="VTR:DistanceMatrixElement:18838028to18838029" version="1"/>
                    </DistanceMatrixElementPrice>
                  </prices>
                </DistanceMatrixElement>
                <DistanceMatrixElement id="VTR:DistanceMatrixElement:18838018to18838029" version="1">
                  <Name>Molėtų autobusų stotis to Dauniškiai</Name>
                  <StartStopPointRef ref="VTR:ScheduledStopPoint:413593" version="1"/>
                  <EndStopPointRef ref="VTR:ScheduledStopPoint:413604" version="1"/>
                  <prices>
                    <DistanceMatrixElementPrice id="VTR:DistanceMatrixElementPrice:18838018to18838029" version="1">
                      <Amount>1.8</Amount>
                      <DistanceMatrixElementRef ref="VTR:DistanceMatrixElement:18838018to18838029" version="1"/>
                    </DistanceMatrixElementPrice>
                  </prices>
                </DistanceMatrixElement>
                <DistanceMatrixElement id="VTR:DistanceMatrixElement:18838019to18838020" version="1">
                  <Name>Sodai to Kijeliai</Name>
                  <StartStopPointRef ref="VTR:ScheduledStopPoint:413594" version="1"/>
                  <EndStopPointRef ref="VTR:ScheduledStopPoint:413595" version="1"/>
                  <prices>
                    <DistanceMatrixElementPrice id="VTR:DistanceMatrixElementPrice:18838019to18838020" version="1">
                      <Amount>0.1</Amount>
                      <DistanceMatrixElementRef ref="VTR:DistanceMatrixElement:18838019to18838020" version="1"/>
                    </DistanceMatrixElementPrice>
                  </prices>
                </DistanceMatrixElement>
                <DistanceMatrixElement id="VTR:DistanceMatrixElement:18838020to18838027" version="1">
                  <Name>Kijeliai to Juodiškiai</Name>
                  <StartStopPointRef ref="VTR:ScheduledStopPoint:413595" version="1"/>
                  <EndStopPointRef ref="VTR:ScheduledStopPoint:413602" version="1"/>
                  <prices>
                    <DistanceMatrixElementPrice id="VTR:DistanceMatrixElementPrice:18838020to18838027" version="1">
                      <Amount>1.2</Amount>
                      <DistanceMatrixElementRef ref="VTR:DistanceMatrixElement:18838020to18838027" version="1"/>
                    </DistanceMatrixElementPrice>
                  </prices>
                </DistanceMatrixElement>
                <DistanceMatrixElement id="VTR:DistanceMatrixElement:18838020to18838028" version="1">
                  <Name>Kijeliai to Žygeliškis</Name>
                  <StartStopPointRef ref="VTR:ScheduledStopPoint:413595" version="1"/>
                  <EndStopPointRef ref="VTR:ScheduledStopPoint:413603" version="1"/>
                  <prices>
                    <DistanceMatrixElementPrice id="VTR:DistanceMatrixElementPrice:18838020to18838028" version="1">
                      <Amount>1.4</Amount>
                      <DistanceMatrixElementRef ref="VTR:DistanceMatrixElement:18838020to18838028" version="1"/>
                    </DistanceMatrixElementPrice>
                  </prices>
                </DistanceMatrixElement>
                <DistanceMatrixElement id="VTR:DistanceMatrixElement:18838021to18838028" version="1">
                  <Name>Bajorai to Žygeliškis</Name>
                  <StartStopPointRef ref="VTR:ScheduledStopPoint:413596" version="1"/>
                  <EndStopPointRef ref="VTR:ScheduledStopPoint:413603" version="1"/>
                  <prices>
                    <DistanceMatrixElementPrice id="VTR:DistanceMatrixElementPrice:18838021to18838028" version="1">
                      <Amount>1.3</Amount>
                      <DistanceMatrixElementRef ref="VTR:DistanceMatrixElement:18838021to18838028" version="1"/>
                    </DistanceMatrixElementPrice>
                  </prices>
                </DistanceMatrixElement>
                <DistanceMatrixElement id="VTR:DistanceMatrixElement:18838022to18838024" version="1">
                  <Name>Posūkis į Balninkus to Šimėnai</Name>
                  <StartStopPointRef ref="VTR:ScheduledStopPoint:413597" version="1"/>
                  <EndStopPointRef ref="VTR:ScheduledStopPoint:413599" version="1"/>
                  <prices>
                    <DistanceMatrixElementPrice id="VTR:DistanceMatrixElementPrice:18838022to18838024" version="1">
                      <Amount>0.3</Amount>
                      <DistanceMatrixElementRef ref="VTR:DistanceMatrixElement:18838022to18838024" version="1"/>
                    </DistanceMatrixElementPrice>
                  </prices>
                </DistanceMatrixElement>
                <DistanceMatrixElement id="VTR:DistanceMatrixElement:18838026to18838030" version="1">
                  <Name>Girsteitiškis to Alanta</Name>
                  <StartStopPointRef ref="VTR:ScheduledStopPoint:413601" version="1"/>
                  <EndStopPointRef ref="VTR:ScheduledStopPoint:413605" version="1"/>
                  <prices>
                    <DistanceMatrixElementPrice id="VTR:DistanceMatrixElementPrice:18838026to18838030" version="1">
                      <Amount>0.8</Amount>
                      <DistanceMatrixElementRef ref="VTR:DistanceMatrixElement:18838026to18838030" version="1"/>
                    </DistanceMatrixElementPrice>
                  </prices>
                </DistanceMatrixElement>
                <DistanceMatrixElement id="VTR:DistanceMatrixElement:18838018to18838025" version="1">
                  <Name>Molėtų autobusų stotis to Gilužiai</Name>
                  <StartStopPointRef ref="VTR:ScheduledStopPoint:413593" version="1"/>
                  <EndStopPointRef ref="VTR:ScheduledStopPoint:413600" version="1"/>
                  <prices>
                    <DistanceMatrixElementPrice id="VTR:DistanceMatrixElementPrice:18838018to18838025" version="1">
                      <Amount>1.0</Amount>
                      <DistanceMatrixElementRef ref="VTR:DistanceMatrixElement:18838018to18838025" version="1"/>
                    </DistanceMatrixElementPrice>
                  </prices>
                </DistanceMatrixElement>
                <DistanceMatrixElement id="VTR:DistanceMatrixElement:18838021to18838027" version="1">
                  <Name>Bajorai to Juodiškiai</Name>
                  <StartStopPointRef ref="VTR:ScheduledStopPoint:413596" version="1"/>
                  <EndStopPointRef ref="VTR:ScheduledStopPoint:413602" version="1"/>
                  <prices>
                    <DistanceMatrixElementPrice id="VTR:DistanceMatrixElementPrice:18838021to18838027" version="1">
                      <Amount>1.0</Amount>
                      <DistanceMatrixElementRef ref="VTR:DistanceMatrixElement:18838021to18838027" version="1"/>
                    </DistanceMatrixElementPrice>
                  </prices>
                </DistanceMatrixElement>
                <DistanceMatrixElement id="VTR:DistanceMatrixElement:18838022to18838026" version="1">
                  <Name>Posūkis į Balninkus to Girsteitiškis</Name>
                  <StartStopPointRef ref="VTR:ScheduledStopPoint:413597" version="1"/>
                  <EndStopPointRef ref="VTR:ScheduledStopPoint:413601" version="1"/>
                  <prices>
                    <DistanceMatrixElementPrice id="VTR:DistanceMatrixElementPrice:18838022to18838026" version="1">
                      <Amount>0.7</Amount>
                      <DistanceMatrixElementRef ref="VTR:DistanceMatrixElement:18838022to18838026" version="1"/>
                    </DistanceMatrixElementPrice>
                  </prices>
                </DistanceMatrixElement>
                <DistanceMatrixElement id="VTR:DistanceMatrixElement:18838025to18838026" version="1">
                  <Name>Gilužiai to Girsteitiškis</Name>
                  <StartStopPointRef ref="VTR:ScheduledStopPoint:413600" version="1"/>
                  <EndStopPointRef ref="VTR:ScheduledStopPoint:413601" version="1"/>
                  <prices>
                    <DistanceMatrixElementPrice id="VTR:DistanceMatrixElementPrice:18838025to18838026" version="1">
                      <Amount>0.2</Amount>
                      <DistanceMatrixElementRef ref="VTR:DistanceMatrixElement:18838025to18838026" version="1"/>
                    </DistanceMatrixElementPrice>
                  </prices>
                </DistanceMatrixElement>
                <DistanceMatrixElement id="VTR:DistanceMatrixElement:18838025to18838028" version="1">
                  <Name>Gilužiai to Žygeliškis</Name>
                  <StartStopPointRef ref="VTR:ScheduledStopPoint:413600" version="1"/>
                  <EndStopPointRef ref="VTR:ScheduledStopPoint:413603" version="1"/>
                  <prices>
                    <DistanceMatrixElementPrice id="VTR:DistanceMatrixElementPrice:18838025to18838028" version="1">
                      <Amount>0.6</Amount>
                      <DistanceMatrixElementRef ref="VTR:DistanceMatrixElement:18838025to18838028" version="1"/>
                    </DistanceMatrixElementPrice>
                  </prices>
                </DistanceMatrixElement>
                <DistanceMatrixElement id="VTR:DistanceMatrixElement:18838025to18838030" version="1">
                  <Name>Gilužiai to Alanta</Name>
                  <StartStopPointRef ref="VTR:ScheduledStopPoint:413600" version="1"/>
                  <EndStopPointRef ref="VTR:ScheduledStopPoint:413605" version="1"/>
                  <prices>
                    <DistanceMatrixElementPrice id="VTR:DistanceMatrixElementPrice:18838025to18838030" version="1">
                      <Amount>1.0</Amount>
                      <DistanceMatrixElementRef ref="VTR:DistanceMatrixElement:18838025to18838030" version="1"/>
                    </DistanceMatrixElementPrice>
                  </prices>
                </DistanceMatrixElement>
                <DistanceMatrixElement id="VTR:DistanceMatrixElement:18838029to18838030" version="1">
                  <Name>Dauniškiai to Alanta</Name>
                  <StartStopPointRef ref="VTR:ScheduledStopPoint:413604" version="1"/>
                  <EndStopPointRef ref="VTR:ScheduledStopPoint:413605" version="1"/>
                  <prices>
                    <DistanceMatrixElementPrice id="VTR:DistanceMatrixElementPrice:18838029to18838030" version="1">
                      <Amount>0.2</Amount>
                      <DistanceMatrixElementRef ref="VTR:DistanceMatrixElement:18838029to18838030" version="1"/>
                    </DistanceMatrixElementPrice>
                  </prices>
                </DistanceMatrixElement>
                <DistanceMatrixElement id="VTR:DistanceMatrixElement:18838019to18838026" version="1">
                  <Name>Sodai to Girsteitiškis</Name>
                  <StartStopPointRef ref="VTR:ScheduledStopPoint:413594" version="1"/>
                  <EndStopPointRef ref="VTR:ScheduledStopPoint:413601" version="1"/>
                  <prices>
                    <DistanceMatrixElementPrice id="VTR:DistanceMatrixElementPrice:18838019to18838026" version="1">
                      <Amount>1.2</Amount>
                      <DistanceMatrixElementRef ref="VTR:DistanceMatrixElement:18838019to18838026" version="1"/>
                    </DistanceMatrixElementPrice>
                  </prices>
                </DistanceMatrixElement>
                <DistanceMatrixElement id="VTR:DistanceMatrixElement:18838020to18838021" version="1">
                  <Name>Kijeliai to Bajorai</Name>
                  <StartStopPointRef ref="VTR:ScheduledStopPoint:413595" version="1"/>
                  <EndStopPointRef ref="VTR:ScheduledStopPoint:413596" version="1"/>
                  <prices>
                    <DistanceMatrixElementPrice id="VTR:DistanceMatrixElementPrice:18838020to18838021" version="1">
                      <Amount>0.1</Amount>
                      <DistanceMatrixElementRef ref="VTR:DistanceMatrixElement:18838020to18838021" version="1"/>
                    </DistanceMatrixElementPrice>
                  </prices>
                </DistanceMatrixElement>
                <DistanceMatrixElement id="VTR:DistanceMatrixElement:18838022to18838030" version="1">
                  <Name>Posūkis į Balninkus to Alanta</Name>
                  <StartStopPointRef ref="VTR:ScheduledStopPoint:413597" version="1"/>
                  <EndStopPointRef ref="VTR:ScheduledStopPoint:413605" version="1"/>
                  <prices>
                    <DistanceMatrixElementPrice id="VTR:DistanceMatrixElementPrice:18838022to18838030" version="1">
                      <Amount>1.5</Amount>
                      <DistanceMatrixElementRef ref="VTR:DistanceMatrixElement:18838022to18838030" version="1"/>
                    </DistanceMatrixElementPrice>
                  </prices>
                </DistanceMatrixElement>
                <DistanceMatrixElement id="VTR:DistanceMatrixElement:18838023to18838030" version="1">
                  <Name>Miškiškiai to Alanta</Name>
                  <StartStopPointRef ref="VTR:ScheduledStopPoint:413598" version="1"/>
                  <EndStopPointRef ref="VTR:ScheduledStopPoint:413605" version="1"/>
                  <prices>
                    <DistanceMatrixElementPrice id="VTR:DistanceMatrixElementPrice:18838023to18838030" version="1">
                      <Amount>1.4</Amount>
                      <DistanceMatrixElementRef ref="VTR:DistanceMatrixElement:18838023to18838030" version="1"/>
                    </DistanceMatrixElementPrice>
                  </prices>
                </DistanceMatrixElement>
                <DistanceMatrixElement id="VTR:DistanceMatrixElement:18838018to18838021" version="1">
                  <Name>Molėtų autobusų stotis to Bajorai</Name>
                  <StartStopPointRef ref="VTR:ScheduledStopPoint:413593" version="1"/>
                  <EndStopPointRef ref="VTR:ScheduledStopPoint:413596" version="1"/>
                  <prices>
                    <DistanceMatrixElementPrice id="VTR:DistanceMatrixElementPrice:18838018to18838021" version="1">
                      <Amount>0.3</Amount>
                      <DistanceMatrixElementRef ref="VTR:DistanceMatrixElement:18838018to18838021" version="1"/>
                    </DistanceMatrixElementPrice>
                  </prices>
                </DistanceMatrixElement>
                <DistanceMatrixElement id="VTR:DistanceMatrixElement:18838018to18838022" version="1">
                  <Name>Molėtų autobusų stotis to Posūkis į Balninkus</Name>
                  <StartStopPointRef ref="VTR:ScheduledStopPoint:413593" version="1"/>
                  <EndStopPointRef ref="VTR:ScheduledStopPoint:413597" version="1"/>
                  <prices>
                    <DistanceMatrixElementPrice id="VTR:DistanceMatrixElementPrice:18838018to18838022" version="1">
                      <Amount>0.5</Amount>
                      <DistanceMatrixElementRef ref="VTR:DistanceMatrixElement:18838018to18838022" version="1"/>
                    </DistanceMatrixElementPrice>
                  </prices>
                </DistanceMatrixElement>
                <DistanceMatrixElement id="VTR:DistanceMatrixElement:18838018to18838027" version="1">
                  <Name>Molėtų autobusų stotis to Juodiškiai</Name>
                  <StartStopPointRef ref="VTR:ScheduledStopPoint:413593" version="1"/>
                  <EndStopPointRef ref="VTR:ScheduledStopPoint:413602" version="1"/>
                  <prices>
                    <DistanceMatrixElementPrice id="VTR:DistanceMatrixElementPrice:18838018to18838027" version="1">
                      <Amount>1.4</Amount>
                      <DistanceMatrixElementRef ref="VTR:DistanceMatrixElement:18838018to18838027" version="1"/>
                    </DistanceMatrixElementPrice>
                  </prices>
                </DistanceMatrixElement>
                <DistanceMatrixElement id="VTR:DistanceMatrixElement:18838019to18838021" version="1">
                  <Name>Sodai to Bajorai</Name>
                  <StartStopPointRef ref="VTR:ScheduledStopPoint:413594" version="1"/>
                  <EndStopPointRef ref="VTR:ScheduledStopPoint:413596" version="1"/>
                  <prices>
                    <DistanceMatrixElementPrice id="VTR:DistanceMatrixElementPrice:18838019to18838021" version="1">
                      <Amount>0.3</Amount>
                      <DistanceMatrixElementRef ref="VTR:DistanceMatrixElement:18838019to18838021" version="1"/>
                    </DistanceMatrixElementPrice>
                  </prices>
                </DistanceMatrixElement>
                <DistanceMatrixElement id="VTR:DistanceMatrixElement:18838020to18838022" version="1">
                  <Name>Kijeliai to Posūkis į Balninkus</Name>
                  <StartStopPointRef ref="VTR:ScheduledStopPoint:413595" version="1"/>
                  <EndStopPointRef ref="VTR:ScheduledStopPoint:413597" version="1"/>
                  <prices>
                    <DistanceMatrixElementPrice id="VTR:DistanceMatrixElementPrice:18838020to18838022" version="1">
                      <Amount>0.3</Amount>
                      <DistanceMatrixElementRef ref="VTR:DistanceMatrixElement:18838020to18838022" version="1"/>
                    </DistanceMatrixElementPrice>
                  </prices>
                </DistanceMatrixElement>
                <DistanceMatrixElement id="VTR:DistanceMatrixElement:18838020to18838025" version="1">
                  <Name>Kijeliai to Gilužiai</Name>
                  <StartStopPointRef ref="VTR:ScheduledStopPoint:413595" version="1"/>
                  <EndStopPointRef ref="VTR:ScheduledStopPoint:413600" version="1"/>
                  <prices>
                    <DistanceMatrixElementPrice id="VTR:DistanceMatrixElementPrice:18838020to18838025" version="1">
                      <Amount>0.8</Amount>
                      <DistanceMatrixElementRef ref="VTR:DistanceMatrixElement:18838020to18838025" version="1"/>
                    </DistanceMatrixElementPrice>
                  </prices>
                </DistanceMatrixElement>
                <DistanceMatrixElement id="VTR:DistanceMatrixElement:18838020to18838029" version="1">
                  <Name>Kijeliai to Dauniškiai</Name>
                  <StartStopPointRef ref="VTR:ScheduledStopPoint:413595" version="1"/>
                  <EndStopPointRef ref="VTR:ScheduledStopPoint:413604" version="1"/>
                  <prices>
                    <DistanceMatrixElementPrice id="VTR:DistanceMatrixElementPrice:18838020to18838029" version="1">
                      <Amount>1.6</Amount>
                      <DistanceMatrixElementRef ref="VTR:DistanceMatrixElement:18838020to18838029" version="1"/>
                    </DistanceMatrixElementPrice>
                  </prices>
                </DistanceMatrixElement>
                <DistanceMatrixElement id="VTR:DistanceMatrixElement:18838020to18838030" version="1">
                  <Name>Kijeliai to Alanta</Name>
                  <StartStopPointRef ref="VTR:ScheduledStopPoint:413595" version="1"/>
                  <EndStopPointRef ref="VTR:ScheduledStopPoint:413605" version="1"/>
                  <prices>
                    <DistanceMatrixElementPrice id="VTR:DistanceMatrixElementPrice:18838020to18838030" version="1">
                      <Amount>1.8</Amount>
                      <DistanceMatrixElementRef ref="VTR:DistanceMatrixElement:18838020to18838030" version="1"/>
                    </DistanceMatrixElementPrice>
                  </prices>
                </DistanceMatrixElement>
                <DistanceMatrixElement id="VTR:DistanceMatrixElement:18838021to18838022" version="1">
                  <Name>Bajorai to Posūkis į Balninkus</Name>
                  <StartStopPointRef ref="VTR:ScheduledStopPoint:413596" version="1"/>
                  <EndStopPointRef ref="VTR:ScheduledStopPoint:413597" version="1"/>
                  <prices>
                    <DistanceMatrixElementPrice id="VTR:DistanceMatrixElementPrice:18838021to18838022" version="1">
                      <Amount>0.2</Amount>
                      <DistanceMatrixElementRef ref="VTR:DistanceMatrixElement:18838021to18838022" version="1"/>
                    </DistanceMatrixElementPrice>
                  </prices>
                </DistanceMatrixElement>
                <DistanceMatrixElement id="VTR:DistanceMatrixElement:18838021to18838025" version="1">
                  <Name>Bajorai to Gilužiai</Name>
                  <StartStopPointRef ref="VTR:ScheduledStopPoint:413596" version="1"/>
                  <EndStopPointRef ref="VTR:ScheduledStopPoint:413600" version="1"/>
                  <prices>
                    <DistanceMatrixElementPrice id="VTR:DistanceMatrixElementPrice:18838021to18838025" version="1">
                      <Amount>0.7</Amount>
                      <DistanceMatrixElementRef ref="VTR:DistanceMatrixElement:18838021to18838025" version="1"/>
                    </DistanceMatrixElementPrice>
                  </prices>
                </DistanceMatrixElement>
                <DistanceMatrixElement id="VTR:DistanceMatrixElement:18838023to18838026" version="1">
                  <Name>Miškiškiai to Girsteitiškis</Name>
                  <StartStopPointRef ref="VTR:ScheduledStopPoint:413598" version="1"/>
                  <EndStopPointRef ref="VTR:ScheduledStopPoint:413601" version="1"/>
                  <prices>
                    <DistanceMatrixElementPrice id="VTR:DistanceMatrixElementPrice:18838023to18838026" version="1">
                      <Amount>0.6</Amount>
                      <DistanceMatrixElementRef ref="VTR:DistanceMatrixElement:18838023to18838026" version="1"/>
                    </DistanceMatrixElementPrice>
                  </prices>
                </DistanceMatrixElement>
                <DistanceMatrixElement id="VTR:DistanceMatrixElement:18838027to18838028" version="1">
                  <Name>Juodiškiai to Žygeliškis</Name>
                  <StartStopPointRef ref="VTR:ScheduledStopPoint:413602" version="1"/>
                  <EndStopPointRef ref="VTR:ScheduledStopPoint:413603" version="1"/>
                  <prices>
                    <DistanceMatrixElementPrice id="VTR:DistanceMatrixElementPrice:18838027to18838028" version="1">
                      <Amount>0.2</Amount>
                      <DistanceMatrixElementRef ref="VTR:DistanceMatrixElement:18838027to18838028" version="1"/>
                    </DistanceMatrixElementPrice>
                  </prices>
                </DistanceMatrixElement>
                <DistanceMatrixElement id="VTR:DistanceMatrixElement:18838027to18838030" version="1">
                  <Name>Juodiškiai to Alanta</Name>
                  <StartStopPointRef ref="VTR:ScheduledStopPoint:413602" version="1"/>
                  <EndStopPointRef ref="VTR:ScheduledStopPoint:413605" version="1"/>
                  <prices>
                    <DistanceMatrixElementPrice id="VTR:DistanceMatrixElementPrice:18838027to18838030" version="1">
                      <Amount>0.7</Amount>
                      <DistanceMatrixElementRef ref="VTR:DistanceMatrixElement:18838027to18838030" version="1"/>
                    </DistanceMatrixElementPrice>
                  </prices>
                </DistanceMatrixElement>
                <DistanceMatrixElement id="VTR:DistanceMatrixElement:18838018to18838028" version="1">
                  <Name>Molėtų autobusų stotis to Žygeliškis</Name>
                  <StartStopPointRef ref="VTR:ScheduledStopPoint:413593" version="1"/>
                  <EndStopPointRef ref="VTR:ScheduledStopPoint:413603" version="1"/>
                  <prices>
                    <DistanceMatrixElementPrice id="VTR:DistanceMatrixElementPrice:18838018to18838028" version="1">
                      <Amount>1.6</Amount>
                      <DistanceMatrixElementRef ref="VTR:DistanceMatrixElement:18838018to18838028" version="1"/>
                    </DistanceMatrixElementPrice>
                  </prices>
                </DistanceMatrixElement>
                <DistanceMatrixElement id="VTR:DistanceMatrixElement:18838019to18838024" version="1">
                  <Name>Sodai to Šimėnai</Name>
                  <StartStopPointRef ref="VTR:ScheduledStopPoint:413594" version="1"/>
                  <EndStopPointRef ref="VTR:ScheduledStopPoint:413599" version="1"/>
                  <prices>
                    <DistanceMatrixElementPrice id="VTR:DistanceMatrixElementPrice:18838019to18838024" version="1">
                      <Amount>0.8</Amount>
                      <DistanceMatrixElementRef ref="VTR:DistanceMatrixElement:18838019to18838024" version="1"/>
                    </DistanceMatrixElementPrice>
                  </prices>
                </DistanceMatrixElement>
                <DistanceMatrixElement id="VTR:DistanceMatrixElement:18838019to18838029" version="1">
                  <Name>Sodai to Dauniškiai</Name>
                  <StartStopPointRef ref="VTR:ScheduledStopPoint:413594" version="1"/>
                  <EndStopPointRef ref="VTR:ScheduledStopPoint:413604" version="1"/>
                  <prices>
                    <DistanceMatrixElementPrice id="VTR:DistanceMatrixElementPrice:18838019to18838029" version="1">
                      <Amount>1.8</Amount>
                      <DistanceMatrixElementRef ref="VTR:DistanceMatrixElement:18838019to18838029" version="1"/>
                    </DistanceMatrixElementPrice>
                  </prices>
                </DistanceMatrixElement>
                <DistanceMatrixElement id="VTR:DistanceMatrixElement:18838020to18838026" version="1">
                  <Name>Kijeliai to Girsteitiškis</Name>
                  <StartStopPointRef ref="VTR:ScheduledStopPoint:413595" version="1"/>
                  <EndStopPointRef ref="VTR:ScheduledStopPoint:413601" version="1"/>
                  <prices>
                    <DistanceMatrixElementPrice id="VTR:DistanceMatrixElementPrice:18838020to18838026" version="1">
                      <Amount>1.0</Amount>
                      <DistanceMatrixElementRef ref="VTR:DistanceMatrixElement:18838020to18838026" version="1"/>
                    </DistanceMatrixElementPrice>
                  </prices>
                </DistanceMatrixElement>
                <DistanceMatrixElement id="VTR:DistanceMatrixElement:18838021to18838024" version="1">
                  <Name>Bajorai to Šimėnai</Name>
                  <StartStopPointRef ref="VTR:ScheduledStopPoint:413596" version="1"/>
                  <EndStopPointRef ref="VTR:ScheduledStopPoint:413599" version="1"/>
                  <prices>
                    <DistanceMatrixElementPrice id="VTR:DistanceMatrixElementPrice:18838021to18838024" version="1">
                      <Amount>0.5</Amount>
                      <DistanceMatrixElementRef ref="VTR:DistanceMatrixElement:18838021to18838024" version="1"/>
                    </DistanceMatrixElementPrice>
                  </prices>
                </DistanceMatrixElement>
                <DistanceMatrixElement id="VTR:DistanceMatrixElement:18838023to18838028" version="1">
                  <Name>Miškiškiai to Žygeliškis</Name>
                  <StartStopPointRef ref="VTR:ScheduledStopPoint:413598" version="1"/>
                  <EndStopPointRef ref="VTR:ScheduledStopPoint:413603" version="1"/>
                  <prices>
                    <DistanceMatrixElementPrice id="VTR:DistanceMatrixElementPrice:18838023to18838028" version="1">
                      <Amount>1.0</Amount>
                      <DistanceMatrixElementRef ref="VTR:DistanceMatrixElement:18838023to18838028" version="1"/>
                    </DistanceMatrixElementPrice>
                  </prices>
                </DistanceMatrixElement>
                <DistanceMatrixElement id="VTR:DistanceMatrixElement:18838023to18838029" version="1">
                  <Name>Miškiškiai to Dauniškiai</Name>
                  <StartStopPointRef ref="VTR:ScheduledStopPoint:413598" version="1"/>
                  <EndStopPointRef ref="VTR:ScheduledStopPoint:413604" version="1"/>
                  <prices>
                    <DistanceMatrixElementPrice id="VTR:DistanceMatrixElementPrice:18838023to18838029" version="1">
                      <Amount>1.1</Amount>
                      <DistanceMatrixElementRef ref="VTR:DistanceMatrixElement:18838023to18838029" version="1"/>
                    </DistanceMatrixElementPrice>
                  </prices>
                </DistanceMatrixElement>
                <DistanceMatrixElement id="VTR:DistanceMatrixElement:18838024to18838025" version="1">
                  <Name>Šimėnai to Gilužiai</Name>
                  <StartStopPointRef ref="VTR:ScheduledStopPoint:413599" version="1"/>
                  <EndStopPointRef ref="VTR:ScheduledStopPoint:413600" version="1"/>
                  <prices>
                    <DistanceMatrixElementPrice id="VTR:DistanceMatrixElementPrice:18838024to18838025" version="1">
                      <Amount>0.2</Amount>
                      <DistanceMatrixElementRef ref="VTR:DistanceMatrixElement:18838024to18838025" version="1"/>
                    </DistanceMatrixElementPrice>
                  </prices>
                </DistanceMatrixElement>
                <DistanceMatrixElement id="VTR:DistanceMatrixElement:18838019to18838022" version="1">
                  <Name>Sodai to Posūkis į Balninkus</Name>
                  <StartStopPointRef ref="VTR:ScheduledStopPoint:413594" version="1"/>
                  <EndStopPointRef ref="VTR:ScheduledStopPoint:413597" version="1"/>
                  <prices>
                    <DistanceMatrixElementPrice id="VTR:DistanceMatrixElementPrice:18838019to18838022" version="1">
                      <Amount>0.5</Amount>
                      <DistanceMatrixElementRef ref="VTR:DistanceMatrixElement:18838019to18838022" version="1"/>
                    </DistanceMatrixElementPrice>
                  </prices>
                </DistanceMatrixElement>
                <DistanceMatrixElement id="VTR:DistanceMatrixElement:18838020to18838024" version="1">
                  <Name>Kijeliai to Šimėnai</Name>
                  <StartStopPointRef ref="VTR:ScheduledStopPoint:413595" version="1"/>
                  <EndStopPointRef ref="VTR:ScheduledStopPoint:413599" version="1"/>
                  <prices>
                    <DistanceMatrixElementPrice id="VTR:DistanceMatrixElementPrice:18838020to18838024" version="1">
                      <Amount>0.6</Amount>
                      <DistanceMatrixElementRef ref="VTR:DistanceMatrixElement:18838020to18838024" version="1"/>
                    </DistanceMatrixElementPrice>
                  </prices>
                </DistanceMatrixElement>
                <DistanceMatrixElement id="VTR:DistanceMatrixElement:18838021to18838030" version="1">
                  <Name>Bajorai to Alanta</Name>
                  <StartStopPointRef ref="VTR:ScheduledStopPoint:413596" version="1"/>
                  <EndStopPointRef ref="VTR:ScheduledStopPoint:413605" version="1"/>
                  <prices>
                    <DistanceMatrixElementPrice id="VTR:DistanceMatrixElementPrice:18838021to18838030" version="1">
                      <Amount>1.7</Amount>
                      <DistanceMatrixElementRef ref="VTR:DistanceMatrixElement:18838021to18838030" version="1"/>
                    </DistanceMatrixElementPrice>
                  </prices>
                </DistanceMatrixElement>
                <DistanceMatrixElement id="VTR:DistanceMatrixElement:18838022to18838028" version="1">
                  <Name>Posūkis į Balninkus to Žygeliškis</Name>
                  <StartStopPointRef ref="VTR:ScheduledStopPoint:413597" version="1"/>
                  <EndStopPointRef ref="VTR:ScheduledStopPoint:413603" version="1"/>
                  <prices>
                    <DistanceMatrixElementPrice id="VTR:DistanceMatrixElementPrice:18838022to18838028" version="1">
                      <Amount>1.1</Amount>
                      <DistanceMatrixElementRef ref="VTR:DistanceMatrixElement:18838022to18838028" version="1"/>
                    </DistanceMatrixElementPrice>
                  </prices>
                </DistanceMatrixElement>
                <DistanceMatrixElement id="VTR:DistanceMatrixElement:18838028to18838030" version="1">
                  <Name>Žygeliškis to Alanta</Name>
                  <StartStopPointRef ref="VTR:ScheduledStopPoint:413603" version="1"/>
                  <EndStopPointRef ref="VTR:ScheduledStopPoint:413605" version="1"/>
                  <prices>
                    <DistanceMatrixElementPrice id="VTR:DistanceMatrixElementPrice:18838028to18838030" version="1">
                      <Amount>0.4</Amount>
                      <DistanceMatrixElementRef ref="VTR:DistanceMatrixElement:18838028to18838030" version="1"/>
                    </DistanceMatrixElementPrice>
                  </prices>
                </DistanceMatrixElement>
                <DistanceMatrixElement id="VTR:DistanceMatrixElement:18838018to18838020" version="1">
                  <Name>Molėtų autobusų stotis to Kijeliai</Name>
                  <StartStopPointRef ref="VTR:ScheduledStopPoint:413593" version="1"/>
                  <EndStopPointRef ref="VTR:ScheduledStopPoint:413595" version="1"/>
                  <prices>
                    <DistanceMatrixElementPrice id="VTR:DistanceMatrixElementPrice:18838018to18838020" version="1">
                      <Amount>0.2</Amount>
                      <DistanceMatrixElementRef ref="VTR:DistanceMatrixElement:18838018to18838020" version="1"/>
                    </DistanceMatrixElementPrice>
                  </prices>
                </DistanceMatrixElement>
                <DistanceMatrixElement id="VTR:DistanceMatrixElement:18838018to18838023" version="1">
                  <Name>Molėtų autobusų stotis to Miškiškiai</Name>
                  <StartStopPointRef ref="VTR:ScheduledStopPoint:413593" version="1"/>
                  <EndStopPointRef ref="VTR:ScheduledStopPoint:413598" version="1"/>
                  <prices>
                    <DistanceMatrixElementPrice id="VTR:DistanceMatrixElementPrice:18838018to18838023" version="1">
                      <Amount>0.6</Amount>
                      <DistanceMatrixElementRef ref="VTR:DistanceMatrixElement:18838018to18838023" version="1"/>
                    </DistanceMatrixElementPrice>
                  </prices>
                </DistanceMatrixElement>
                <DistanceMatrixElement id="VTR:DistanceMatrixElement:18838018to18838030" version="1">
                  <Name>Molėtų autobusų stotis to Alanta</Name>
                  <StartStopPointRef ref="VTR:ScheduledStopPoint:413593" version="1"/>
                  <EndStopPointRef ref="VTR:ScheduledStopPoint:413605" version="1"/>
                  <prices>
                    <DistanceMatrixElementPrice id="VTR:DistanceMatrixElementPrice:18838018to18838030" version="1">
                      <Amount>2.0</Amount>
                      <DistanceMatrixElementRef ref="VTR:DistanceMatrixElement:18838018to18838030" version="1"/>
                    </DistanceMatrixElementPrice>
                  </prices>
                </DistanceMatrixElement>
                <DistanceMatrixElement id="VTR:DistanceMatrixElement:18838019to18838025" version="1">
                  <Name>Sodai to Gilužiai</Name>
                  <StartStopPointRef ref="VTR:ScheduledStopPoint:413594" version="1"/>
                  <EndStopPointRef ref="VTR:ScheduledStopPoint:413600" version="1"/>
                  <prices>
                    <DistanceMatrixElementPrice id="VTR:DistanceMatrixElementPrice:18838019to18838025" version="1">
                      <Amount>1.0</Amount>
                      <DistanceMatrixElementRef ref="VTR:DistanceMatrixElement:18838019to18838025" version="1"/>
                    </DistanceMatrixElementPrice>
                  </prices>
                </DistanceMatrixElement>
                <DistanceMatrixElement id="VTR:DistanceMatrixElement:18838019to18838027" version="1">
                  <Name>Sodai to Juodiškiai</Name>
                  <StartStopPointRef ref="VTR:ScheduledStopPoint:413594" version="1"/>
                  <EndStopPointRef ref="VTR:ScheduledStopPoint:413602" version="1"/>
                  <prices>
                    <DistanceMatrixElementPrice id="VTR:DistanceMatrixElementPrice:18838019to18838027" version="1">
                      <Amount>1.4</Amount>
                      <DistanceMatrixElementRef ref="VTR:DistanceMatrixElement:18838019to18838027" version="1"/>
                    </DistanceMatrixElementPrice>
                  </prices>
                </DistanceMatrixElement>
                <DistanceMatrixElement id="VTR:DistanceMatrixElement:18838019to18838030" version="1">
                  <Name>Sodai to Alanta</Name>
                  <StartStopPointRef ref="VTR:ScheduledStopPoint:413594" version="1"/>
                  <EndStopPointRef ref="VTR:ScheduledStopPoint:413605" version="1"/>
                  <prices>
                    <DistanceMatrixElementPrice id="VTR:DistanceMatrixElementPrice:18838019to18838030" version="1">
                      <Amount>2.0</Amount>
                      <DistanceMatrixElementRef ref="VTR:DistanceMatrixElement:18838019to18838030" version="1"/>
                    </DistanceMatrixElementPrice>
                  </prices>
                </DistanceMatrixElement>
                <DistanceMatrixElement id="VTR:DistanceMatrixElement:18838021to18838023" version="1">
                  <Name>Bajorai to Miškiškiai</Name>
                  <StartStopPointRef ref="VTR:ScheduledStopPoint:413596" version="1"/>
                  <EndStopPointRef ref="VTR:ScheduledStopPoint:413598" version="1"/>
                  <prices>
                    <DistanceMatrixElementPrice id="VTR:DistanceMatrixElementPrice:18838021to18838023" version="1">
                      <Amount>0.3</Amount>
                      <DistanceMatrixElementRef ref="VTR:DistanceMatrixElement:18838021to18838023" version="1"/>
                    </DistanceMatrixElementPrice>
                  </prices>
                </DistanceMatrixElement>
                <DistanceMatrixElement id="VTR:DistanceMatrixElement:18838023to18838024" version="1">
                  <Name>Miškiškiai to Šimėnai</Name>
                  <StartStopPointRef ref="VTR:ScheduledStopPoint:413598" version="1"/>
                  <EndStopPointRef ref="VTR:ScheduledStopPoint:413599" version="1"/>
                  <prices>
                    <DistanceMatrixElementPrice id="VTR:DistanceMatrixElementPrice:18838023to18838024" version="1">
                      <Amount>0.1</Amount>
                      <DistanceMatrixElementRef ref="VTR:DistanceMatrixElement:18838023to18838024" version="1"/>
                    </DistanceMatrixElementPrice>
                  </prices>
                </DistanceMatrixElement>
                <DistanceMatrixElement id="VTR:DistanceMatrixElement:18838023to18838027" version="1">
                  <Name>Miškiškiai to Juodiškiai</Name>
                  <StartStopPointRef ref="VTR:ScheduledStopPoint:413598" version="1"/>
                  <EndStopPointRef ref="VTR:ScheduledStopPoint:413602" version="1"/>
                  <prices>
                    <DistanceMatrixElementPrice id="VTR:DistanceMatrixElementPrice:18838023to18838027" version="1">
                      <Amount>0.7</Amount>
                      <DistanceMatrixElementRef ref="VTR:DistanceMatrixElement:18838023to18838027" version="1"/>
                    </DistanceMatrixElementPrice>
                  </prices>
                </DistanceMatrixElement>
                <DistanceMatrixElement id="VTR:DistanceMatrixElement:18838024to18838026" version="1">
                  <Name>Šimėnai to Girsteitiškis</Name>
                  <StartStopPointRef ref="VTR:ScheduledStopPoint:413599" version="1"/>
                  <EndStopPointRef ref="VTR:ScheduledStopPoint:413601" version="1"/>
                  <prices>
                    <DistanceMatrixElementPrice id="VTR:DistanceMatrixElementPrice:18838024to18838026" version="1">
                      <Amount>0.4</Amount>
                      <DistanceMatrixElementRef ref="VTR:DistanceMatrixElement:18838024to18838026" version="1"/>
                    </DistanceMatrixElementPrice>
                  </prices>
                </DistanceMatrixElement>
                <DistanceMatrixElement id="VTR:DistanceMatrixElement:18838024to18838028" version="1">
                  <Name>Šimėnai to Žygeliškis</Name>
                  <StartStopPointRef ref="VTR:ScheduledStopPoint:413599" version="1"/>
                  <EndStopPointRef ref="VTR:ScheduledStopPoint:413603" version="1"/>
                  <prices>
                    <DistanceMatrixElementPrice id="VTR:DistanceMatrixElementPrice:18838024to18838028" version="1">
                      <Amount>0.8</Amount>
                      <DistanceMatrixElementRef ref="VTR:DistanceMatrixElement:18838024to18838028" version="1"/>
                    </DistanceMatrixElementPrice>
                  </prices>
                </DistanceMatrixElement>
                <DistanceMatrixElement id="VTR:DistanceMatrixElement:18838026to18838028" version="1">
                  <Name>Girsteitiškis to Žygeliškis</Name>
                  <StartStopPointRef ref="VTR:ScheduledStopPoint:413601" version="1"/>
                  <EndStopPointRef ref="VTR:ScheduledStopPoint:413603" version="1"/>
                  <prices>
                    <DistanceMatrixElementPrice id="VTR:DistanceMatrixElementPrice:18838026to18838028" version="1">
                      <Amount>0.4</Amount>
                      <DistanceMatrixElementRef ref="VTR:DistanceMatrixElement:18838026to18838028" version="1"/>
                    </DistanceMatrixElementPrice>
                  </prices>
                </DistanceMatrixElement>
                <DistanceMatrixElement id="VTR:DistanceMatrixElement:18838026to18838029" version="1">
                  <Name>Girsteitiškis to Dauniškiai</Name>
                  <StartStopPointRef ref="VTR:ScheduledStopPoint:413601" version="1"/>
                  <EndStopPointRef ref="VTR:ScheduledStopPoint:413604" version="1"/>
                  <prices>
                    <DistanceMatrixElementPrice id="VTR:DistanceMatrixElementPrice:18838026to18838029" version="1">
                      <Amount>0.6</Amount>
                      <DistanceMatrixElementRef ref="VTR:DistanceMatrixElement:18838026to18838029" version="1"/>
                    </DistanceMatrixElementPrice>
                  </prices>
                </DistanceMatrixElement>
                <DistanceMatrixElement id="VTR:DistanceMatrixElement:18838027to18838029" version="1">
                  <Name>Juodiškiai to Dauniškiai</Name>
                  <StartStopPointRef ref="VTR:ScheduledStopPoint:413602" version="1"/>
                  <EndStopPointRef ref="VTR:ScheduledStopPoint:413604" version="1"/>
                  <prices>
                    <DistanceMatrixElementPrice id="VTR:DistanceMatrixElementPrice:18838027to18838029" version="1">
                      <Amount>0.4</Amount>
                      <DistanceMatrixElementRef ref="VTR:DistanceMatrixElement:18838027to18838029" version="1"/>
                    </DistanceMatrixElementPrice>
                  </prices>
                </DistanceMatrixElement>
              </distanceMatrixElements>
            </Tariff>
          </tariffs>
          <usageParameters>
            <FrequencyOfUse id="VTR:FrequencyOfUse:oneTrip" version="1">
              <FrequencyOfUseType>unlimited</FrequencyOfUseType>
              <MaximalFrequency>1</MaximalFrequency>
            </FrequencyOfUse>
          </usageParameters>
        </FareFrame>
      </frames>
    </CompositeFrame>
  </dataObjects>
</PublicationDelivery>
