<?xml version="1.0" encoding="UTF-8"?><PublicationDelivery xmlns="http://www.netex.org.uk/netex" xmlns:gis="http://www.opengis.net/gml/3.2" xmlns:ns2="http://www.opengis.net/gml/3.2" xmlns:ns3="http://www.siri.org.uk/siri" xmlns:xsi="http://www.w3.org/2001/XMLSchema-instance" version="1" xsi:schemaLocation="">
  <PublicationTimestamp>2022-05-07T04:00:00.271</PublicationTimestamp>
  <ParticipantRef>VTR</ParticipantRef>
  <Description>1</Description>
  <dataObjects>
    <CompositeFrame created="2022-05-07T04:00:00.271" version="1" id="VTR:CompositeFrame:1388">
      <validityConditions>
        <AvailabilityCondition version="1" id="VTR:AvailabilityCondition:1388">
          <FromDate>2016-10-20T10:17:01</FromDate>
          <ToDate>2027-12-30T00:00:00</ToDate>
        </AvailabilityCondition>
      </validityConditions>
      <codespaces>
        <Codespace id="vtr">
          <Xmlns>VTR</Xmlns>
          <XmlnsUrl>http://www.visimarsrutai.lt/</XmlnsUrl>
        </Codespace>
      </codespaces>
      <FrameDefaults>
        <DefaultLocale>
          <TimeZone>Europe/Vilnius</TimeZone>
        </DefaultLocale>
        <DefaultLocationSystem>WGS84</DefaultLocationSystem>
      </FrameDefaults>
      <frames>
        <ServiceCalendarFrame version="1" id="VTR:ServiceCalendarFrame:1388">
          <dayTypes>
            <DayType id="VTR:DayType:914" version="1">
              <properties>
                <PropertyOfDay>
                  <DaysOfWeek>Monday Tuesday Wednesday Thursday Friday</DaysOfWeek>
                </PropertyOfDay>
              </properties>
            </DayType>
          </dayTypes>
          <operatingPeriods>
            <OperatingPeriod version="1" id="VTR:OperatingPeriod:914">
              <FromDate>2015-07-01T00:00:00</FromDate>
              <ToDate>2020-12-31T00:00:00</ToDate>
            </OperatingPeriod>
          </operatingPeriods>
          <dayTypeAssignments>
            <DayTypeAssignment id="VTR:DayTypeAssignment:914_0" version="1" order="1068">
              <OperatingPeriodRef ref="VTR:OperatingPeriod:914" version="1"/>
              <DayTypeRef ref="VTR:DayType:914" version="1"/>
            </DayTypeAssignment>
          </dayTypeAssignments>
        </ServiceCalendarFrame>
        <ServiceFrame id="VTR:ServiceFrame:1388" version="1">
          <Network version="0" id="VTR:Network:9"/>
          <routePoints>
            <RoutePoint version="1" id="VTR:RoutePoint:485788">
              <projections>
                <PointProjection version="1" id="VTR:PointProjection:28954">
                  <ProjectedPointRef ref="VTR:ScheduledStopPoint:485788" version="1"/>
                </PointProjection>
              </projections>
            </RoutePoint>
            <RoutePoint version="1" id="VTR:RoutePoint:485789">
              <projections>
                <PointProjection version="1" id="VTR:PointProjection:4140">
                  <ProjectedPointRef ref="VTR:ScheduledStopPoint:485789" version="1"/>
                </PointProjection>
              </projections>
            </RoutePoint>
            <RoutePoint version="1" id="VTR:RoutePoint:485790">
              <projections>
                <PointProjection version="1" id="VTR:PointProjection:4141">
                  <ProjectedPointRef ref="VTR:ScheduledStopPoint:485790" version="1"/>
                </PointProjection>
              </projections>
            </RoutePoint>
            <RoutePoint version="1" id="VTR:RoutePoint:485791">
              <projections>
                <PointProjection version="1" id="VTR:PointProjection:4142">
                  <ProjectedPointRef ref="VTR:ScheduledStopPoint:485791" version="1"/>
                </PointProjection>
              </projections>
            </RoutePoint>
            <RoutePoint version="1" id="VTR:RoutePoint:485792">
              <projections>
                <PointProjection version="1" id="VTR:PointProjection:4143">
                  <ProjectedPointRef ref="VTR:ScheduledStopPoint:485792" version="1"/>
                </PointProjection>
              </projections>
            </RoutePoint>
            <RoutePoint version="1" id="VTR:RoutePoint:485793">
              <projections>
                <PointProjection version="1" id="VTR:PointProjection:4144">
                  <ProjectedPointRef ref="VTR:ScheduledStopPoint:485793" version="1"/>
                </PointProjection>
              </projections>
            </RoutePoint>
            <RoutePoint version="1" id="VTR:RoutePoint:485794">
              <projections>
                <PointProjection version="1" id="VTR:PointProjection:4145">
                  <ProjectedPointRef ref="VTR:ScheduledStopPoint:485794" version="1"/>
                </PointProjection>
              </projections>
            </RoutePoint>
            <RoutePoint version="1" id="VTR:RoutePoint:485795">
              <projections>
                <PointProjection version="1" id="VTR:PointProjection:4146">
                  <ProjectedPointRef ref="VTR:ScheduledStopPoint:485795" version="1"/>
                </PointProjection>
              </projections>
            </RoutePoint>
            <RoutePoint version="1" id="VTR:RoutePoint:485796">
              <projections>
                <PointProjection version="1" id="VTR:PointProjection:4147">
                  <ProjectedPointRef ref="VTR:ScheduledStopPoint:485796" version="1"/>
                </PointProjection>
              </projections>
            </RoutePoint>
            <RoutePoint version="1" id="VTR:RoutePoint:485797">
              <projections>
                <PointProjection version="1" id="VTR:PointProjection:4148">
                  <ProjectedPointRef ref="VTR:ScheduledStopPoint:485797" version="1"/>
                </PointProjection>
              </projections>
            </RoutePoint>
            <RoutePoint version="1" id="VTR:RoutePoint:485798">
              <projections>
                <PointProjection version="1" id="VTR:PointProjection:4149">
                  <ProjectedPointRef ref="VTR:ScheduledStopPoint:485798" version="1"/>
                </PointProjection>
              </projections>
            </RoutePoint>
            <RoutePoint version="1" id="VTR:RoutePoint:485799">
              <projections>
                <PointProjection version="1" id="VTR:PointProjection:4150">
                  <ProjectedPointRef ref="VTR:ScheduledStopPoint:485799" version="1"/>
                </PointProjection>
              </projections>
            </RoutePoint>
          </routePoints>
          <routes>
            <Route version="1" id="VTR:Route:12110">
              <Name>Juodiškiai-Giedraičiai-Molėtai</Name>
              <ShortName>Juodiškiai-Giedraičiai-Molėtai</ShortName>
              <LineRef ref="VTR:Line:4404" version="5065"/>
              <DirectionType>inbound</DirectionType>
              <pointsInSequence>
                <PointOnRoute version="1" id="VTR:PointOnRoute:485788" order="1">
                  <RoutePointRef ref="VTR:RoutePoint:485788"/>
                </PointOnRoute>
                <PointOnRoute version="1" id="VTR:PointOnRoute:485789" order="2">
                  <RoutePointRef ref="VTR:RoutePoint:485789"/>
                </PointOnRoute>
                <PointOnRoute version="1" id="VTR:PointOnRoute:485790" order="3">
                  <RoutePointRef ref="VTR:RoutePoint:485790"/>
                </PointOnRoute>
                <PointOnRoute version="1" id="VTR:PointOnRoute:485791" order="4">
                  <RoutePointRef ref="VTR:RoutePoint:485791"/>
                </PointOnRoute>
                <PointOnRoute version="1" id="VTR:PointOnRoute:485792" order="5">
                  <RoutePointRef ref="VTR:RoutePoint:485792"/>
                </PointOnRoute>
                <PointOnRoute version="1" id="VTR:PointOnRoute:485793" order="6">
                  <RoutePointRef ref="VTR:RoutePoint:485793"/>
                </PointOnRoute>
                <PointOnRoute version="1" id="VTR:PointOnRoute:485794" order="7">
                  <RoutePointRef ref="VTR:RoutePoint:485794"/>
                </PointOnRoute>
                <PointOnRoute version="1" id="VTR:PointOnRoute:485795" order="8">
                  <RoutePointRef ref="VTR:RoutePoint:485795"/>
                </PointOnRoute>
                <PointOnRoute version="1" id="VTR:PointOnRoute:485796" order="9">
                  <RoutePointRef ref="VTR:RoutePoint:485796"/>
                </PointOnRoute>
                <PointOnRoute version="1" id="VTR:PointOnRoute:485797" order="10">
                  <RoutePointRef ref="VTR:RoutePoint:485797"/>
                </PointOnRoute>
                <PointOnRoute version="1" id="VTR:PointOnRoute:485798" order="11">
                  <RoutePointRef ref="VTR:RoutePoint:485798"/>
                </PointOnRoute>
                <PointOnRoute version="1" id="VTR:PointOnRoute:485799" order="12">
                  <RoutePointRef ref="VTR:RoutePoint:485799"/>
                </PointOnRoute>
              </pointsInSequence>
            </Route>
          </routes>
          <lines>
            <Line version="5065" id="VTR:Line:4404">
              <Name>Juodiškiai-Giedraičiai-Molėtai</Name>
              <TransportMode>bus</TransportMode>
              <TransportSubmode>
                <BusSubmode>regionalBus</BusSubmode>
              </TransportSubmode>
              <PublicCode>M-9602</PublicCode>
              <OperatorRef ref="VTR:Operator:9"/>
            </Line>
          </lines>
          <scheduledStopPoints>
            <ScheduledStopPoint version="1" id="VTR:ScheduledStopPoint:485788">
              <Name>Juodiškiai</Name>
            </ScheduledStopPoint>
            <ScheduledStopPoint version="1" id="VTR:ScheduledStopPoint:485789">
              <Name>Rudžionys</Name>
            </ScheduledStopPoint>
            <ScheduledStopPoint version="1" id="VTR:ScheduledStopPoint:485790">
              <Name>Giedraičiai</Name>
            </ScheduledStopPoint>
            <ScheduledStopPoint version="1" id="VTR:ScheduledStopPoint:485791">
              <Name>Zanėnai</Name>
            </ScheduledStopPoint>
            <ScheduledStopPoint version="1" id="VTR:ScheduledStopPoint:485792">
              <Name>Radžiūnai</Name>
            </ScheduledStopPoint>
            <ScheduledStopPoint version="1" id="VTR:ScheduledStopPoint:485793">
              <Name>Kazokai</Name>
            </ScheduledStopPoint>
            <ScheduledStopPoint version="1" id="VTR:ScheduledStopPoint:485794">
              <Name>Bitėnai</Name>
            </ScheduledStopPoint>
            <ScheduledStopPoint version="1" id="VTR:ScheduledStopPoint:485795">
              <Name>Skrebuliai</Name>
            </ScheduledStopPoint>
            <ScheduledStopPoint version="1" id="VTR:ScheduledStopPoint:485796">
              <Name>Pakryžė</Name>
            </ScheduledStopPoint>
            <ScheduledStopPoint version="1" id="VTR:ScheduledStopPoint:485797">
              <Name>Luokesa</Name>
            </ScheduledStopPoint>
            <ScheduledStopPoint version="1" id="VTR:ScheduledStopPoint:485798">
              <Name>Melioratorių</Name>
            </ScheduledStopPoint>
            <ScheduledStopPoint version="1" id="VTR:ScheduledStopPoint:485799">
              <Name>Molėtų autobusų stotis</Name>
            </ScheduledStopPoint>
          </scheduledStopPoints>
          <serviceLinks>
            <ServiceLink id="VTR:ServiceLink:485788_1_485789_1" version="1">
              <Distance>2</Distance>
              <FromPointRef ref="VTR:ScheduledStopPoint:485788" version="1"/>
              <ToPointRef ref="VTR:ScheduledStopPoint:485789" version="1"/>
            </ServiceLink>
            <ServiceLink id="VTR:ServiceLink:485795_1_485796_1" version="1">
              <Distance>2</Distance>
              <FromPointRef ref="VTR:ScheduledStopPoint:485795" version="1"/>
              <ToPointRef ref="VTR:ScheduledStopPoint:485796" version="1"/>
            </ServiceLink>
            <ServiceLink id="VTR:ServiceLink:485796_1_485797_1" version="1">
              <Distance>1</Distance>
              <FromPointRef ref="VTR:ScheduledStopPoint:485796" version="1"/>
              <ToPointRef ref="VTR:ScheduledStopPoint:485797" version="1"/>
            </ServiceLink>
            <ServiceLink id="VTR:ServiceLink:485793_1_485794_1" version="1">
              <Distance>1</Distance>
              <FromPointRef ref="VTR:ScheduledStopPoint:485793" version="1"/>
              <ToPointRef ref="VTR:ScheduledStopPoint:485794" version="1"/>
            </ServiceLink>
            <ServiceLink id="VTR:ServiceLink:485797_1_485798_1" version="1">
              <Distance>1</Distance>
              <FromPointRef ref="VTR:ScheduledStopPoint:485797" version="1"/>
              <ToPointRef ref="VTR:ScheduledStopPoint:485798" version="1"/>
            </ServiceLink>
            <ServiceLink id="VTR:ServiceLink:485789_1_485790_1" version="1">
              <Distance>3</Distance>
              <FromPointRef ref="VTR:ScheduledStopPoint:485789" version="1"/>
              <ToPointRef ref="VTR:ScheduledStopPoint:485790" version="1"/>
            </ServiceLink>
            <ServiceLink id="VTR:ServiceLink:485794_1_485795_1" version="1">
              <Distance>2</Distance>
              <FromPointRef ref="VTR:ScheduledStopPoint:485794" version="1"/>
              <ToPointRef ref="VTR:ScheduledStopPoint:485795" version="1"/>
            </ServiceLink>
            <ServiceLink id="VTR:ServiceLink:485791_1_485792_1" version="1">
              <Distance>4</Distance>
              <FromPointRef ref="VTR:ScheduledStopPoint:485791" version="1"/>
              <ToPointRef ref="VTR:ScheduledStopPoint:485792" version="1"/>
            </ServiceLink>
            <ServiceLink id="VTR:ServiceLink:485792_1_485793_1" version="1">
              <Distance>4</Distance>
              <FromPointRef ref="VTR:ScheduledStopPoint:485792" version="1"/>
              <ToPointRef ref="VTR:ScheduledStopPoint:485793" version="1"/>
            </ServiceLink>
            <ServiceLink id="VTR:ServiceLink:485798_1_485799_1" version="1">
              <Distance>2</Distance>
              <FromPointRef ref="VTR:ScheduledStopPoint:485798" version="1"/>
              <ToPointRef ref="VTR:ScheduledStopPoint:485799" version="1"/>
            </ServiceLink>
            <ServiceLink id="VTR:ServiceLink:485790_1_485791_1" version="1">
              <Distance>3</Distance>
              <FromPointRef ref="VTR:ScheduledStopPoint:485790" version="1"/>
              <ToPointRef ref="VTR:ScheduledStopPoint:485791" version="1"/>
            </ServiceLink>
          </serviceLinks>
          <stopAssignments>
            <PassengerStopAssignment order="1211000000" id="VTR:PassengerStopAssignment:485788" version="1">
              <ScheduledStopPointRef ref="VTR:ScheduledStopPoint:485788" version="1"/>
              <QuayRef ref="VTR:Quay:12028"/>
            </PassengerStopAssignment>
            <PassengerStopAssignment order="1211000001" id="VTR:PassengerStopAssignment:485789" version="1">
              <ScheduledStopPointRef ref="VTR:ScheduledStopPoint:485789" version="1"/>
              <QuayRef ref="VTR:Quay:10314"/>
            </PassengerStopAssignment>
            <PassengerStopAssignment order="1211000002" id="VTR:PassengerStopAssignment:485790" version="1">
              <ScheduledStopPointRef ref="VTR:ScheduledStopPoint:485790" version="1"/>
              <QuayRef ref="VTR:Quay:12375"/>
            </PassengerStopAssignment>
            <PassengerStopAssignment order="1211000003" id="VTR:PassengerStopAssignment:485791" version="1">
              <ScheduledStopPointRef ref="VTR:ScheduledStopPoint:485791" version="1"/>
              <QuayRef ref="VTR:Quay:12403"/>
            </PassengerStopAssignment>
            <PassengerStopAssignment order="1211000004" id="VTR:PassengerStopAssignment:485792" version="1">
              <ScheduledStopPointRef ref="VTR:ScheduledStopPoint:485792" version="1"/>
              <QuayRef ref="VTR:Quay:7489"/>
            </PassengerStopAssignment>
            <PassengerStopAssignment order="1211000005" id="VTR:PassengerStopAssignment:485793" version="1">
              <ScheduledStopPointRef ref="VTR:ScheduledStopPoint:485793" version="1"/>
              <QuayRef ref="VTR:Quay:11274"/>
            </PassengerStopAssignment>
            <PassengerStopAssignment order="1211000006" id="VTR:PassengerStopAssignment:485794" version="1">
              <ScheduledStopPointRef ref="VTR:ScheduledStopPoint:485794" version="1"/>
              <QuayRef ref="VTR:Quay:9412"/>
            </PassengerStopAssignment>
            <PassengerStopAssignment order="1211000007" id="VTR:PassengerStopAssignment:485795" version="1">
              <ScheduledStopPointRef ref="VTR:ScheduledStopPoint:485795" version="1"/>
              <QuayRef ref="VTR:Quay:12385"/>
            </PassengerStopAssignment>
            <PassengerStopAssignment order="1211000008" id="VTR:PassengerStopAssignment:485796" version="1">
              <ScheduledStopPointRef ref="VTR:ScheduledStopPoint:485796" version="1"/>
              <QuayRef ref="VTR:Quay:7460"/>
            </PassengerStopAssignment>
            <PassengerStopAssignment order="1211000009" id="VTR:PassengerStopAssignment:485797" version="1">
              <ScheduledStopPointRef ref="VTR:ScheduledStopPoint:485797" version="1"/>
              <QuayRef ref="VTR:Quay:12285"/>
            </PassengerStopAssignment>
            <PassengerStopAssignment order="1211000010" id="VTR:PassengerStopAssignment:485798" version="1">
              <ScheduledStopPointRef ref="VTR:ScheduledStopPoint:485798" version="1"/>
              <QuayRef ref="VTR:Quay:15119"/>
            </PassengerStopAssignment>
            <PassengerStopAssignment order="1211000011" id="VTR:PassengerStopAssignment:485799" version="1">
              <ScheduledStopPointRef ref="VTR:ScheduledStopPoint:485799" version="1"/>
              <QuayRef ref="VTR:Quay:19482"/>
            </PassengerStopAssignment>
          </stopAssignments>
          <journeyPatterns>
            <JourneyPattern id="VTR:JourneyPattern:874326" version="874634">
              <Name>9602-1</Name>
              <RouteRef ref="VTR:Route:12110" version="1"/>
              <pointsInSequence>
                <StopPointInJourneyPattern id="VTR:StopPointInJourneyPattern:22807176" version="874634" order="1">
                  <ScheduledStopPointRef ref="VTR:ScheduledStopPoint:485788"/>
                  <DestinationDisplayRef ref="VTR:DestinationDisplay:1"/>
                </StopPointInJourneyPattern>
                <StopPointInJourneyPattern id="VTR:StopPointInJourneyPattern:22807177" version="874634" order="2">
                  <ScheduledStopPointRef ref="VTR:ScheduledStopPoint:485789"/>
                  <DestinationDisplayRef ref="VTR:DestinationDisplay:1"/>
                </StopPointInJourneyPattern>
                <StopPointInJourneyPattern id="VTR:StopPointInJourneyPattern:22807178" version="874634" order="3">
                  <ScheduledStopPointRef ref="VTR:ScheduledStopPoint:485790"/>
                  <DestinationDisplayRef ref="VTR:DestinationDisplay:1"/>
                </StopPointInJourneyPattern>
                <StopPointInJourneyPattern id="VTR:StopPointInJourneyPattern:22807179" version="874634" order="4">
                  <ScheduledStopPointRef ref="VTR:ScheduledStopPoint:485791"/>
                  <DestinationDisplayRef ref="VTR:DestinationDisplay:1"/>
                </StopPointInJourneyPattern>
                <StopPointInJourneyPattern id="VTR:StopPointInJourneyPattern:22807180" version="874634" order="5">
                  <ScheduledStopPointRef ref="VTR:ScheduledStopPoint:485792"/>
                  <DestinationDisplayRef ref="VTR:DestinationDisplay:1"/>
                </StopPointInJourneyPattern>
                <StopPointInJourneyPattern id="VTR:StopPointInJourneyPattern:22807181" version="874634" order="6">
                  <ScheduledStopPointRef ref="VTR:ScheduledStopPoint:485793"/>
                  <DestinationDisplayRef ref="VTR:DestinationDisplay:1"/>
                </StopPointInJourneyPattern>
                <StopPointInJourneyPattern id="VTR:StopPointInJourneyPattern:22807182" version="874634" order="7">
                  <ScheduledStopPointRef ref="VTR:ScheduledStopPoint:485794"/>
                  <DestinationDisplayRef ref="VTR:DestinationDisplay:1"/>
                </StopPointInJourneyPattern>
                <StopPointInJourneyPattern id="VTR:StopPointInJourneyPattern:22807183" version="874634" order="8">
                  <ScheduledStopPointRef ref="VTR:ScheduledStopPoint:485795"/>
                  <DestinationDisplayRef ref="VTR:DestinationDisplay:1"/>
                </StopPointInJourneyPattern>
                <StopPointInJourneyPattern id="VTR:StopPointInJourneyPattern:22807184" version="874634" order="9">
                  <ScheduledStopPointRef ref="VTR:ScheduledStopPoint:485796"/>
                  <DestinationDisplayRef ref="VTR:DestinationDisplay:1"/>
                </StopPointInJourneyPattern>
                <StopPointInJourneyPattern id="VTR:StopPointInJourneyPattern:22807185" version="874634" order="10">
                  <ScheduledStopPointRef ref="VTR:ScheduledStopPoint:485797"/>
                  <DestinationDisplayRef ref="VTR:DestinationDisplay:1"/>
                </StopPointInJourneyPattern>
                <StopPointInJourneyPattern id="VTR:StopPointInJourneyPattern:22807186" version="874634" order="11">
                  <ScheduledStopPointRef ref="VTR:ScheduledStopPoint:485798"/>
                  <DestinationDisplayRef ref="VTR:DestinationDisplay:1"/>
                </StopPointInJourneyPattern>
                <StopPointInJourneyPattern id="VTR:StopPointInJourneyPattern:22807187" version="874634" order="12">
                  <ScheduledStopPointRef ref="VTR:ScheduledStopPoint:485799"/>
                  <DestinationDisplayRef ref="VTR:DestinationDisplay:1"/>
                </StopPointInJourneyPattern>
              </pointsInSequence>
            </JourneyPattern>
          </journeyPatterns>
        </ServiceFrame>
        <TimetableFrame version="1" id="VTR:TimetableFrame:1388">
          <vehicleJourneys>
            <ServiceJourney version="874634" id="VTR:ServiceJourney:874326">
              <Name>Juodiškiai-Giedraičiai-Molėtai</Name>
              <PrivateCode>9602-1</PrivateCode>
              <dayTypes>
                <DayTypeRef ref="VTR:DayType:914"/>
              </dayTypes>
              <JourneyPatternRef version="874634" ref="VTR:JourneyPattern:874326"/>
              <OperatorRef ref="VTR:Operator:362"/>
              <LineRef ref="VTR:Line:4404" version="5065"/>
              <passingTimes>
                <TimetabledPassingTime version="874634" id="VTR:TimetabledPassingTime:874326_22807176_1">
                  <StopPointInJourneyPatternRef ref="VTR:StopPointInJourneyPattern:22807176" version="874634"/>
                  <DepartureTime>07:11:00</DepartureTime>
                  <DepartureDayOffset>0</DepartureDayOffset>
                </TimetabledPassingTime>
                <TimetabledPassingTime version="874634" id="VTR:TimetabledPassingTime:874326_22807177_2">
                  <StopPointInJourneyPatternRef ref="VTR:StopPointInJourneyPattern:22807177" version="874634"/>
                  <DepartureTime>07:14:00</DepartureTime>
                  <DepartureDayOffset>0</DepartureDayOffset>
                </TimetabledPassingTime>
                <TimetabledPassingTime version="874634" id="VTR:TimetabledPassingTime:874326_22807178_3">
                  <StopPointInJourneyPatternRef ref="VTR:StopPointInJourneyPattern:22807178" version="874634"/>
                  <DepartureTime>07:17:00</DepartureTime>
                  <DepartureDayOffset>0</DepartureDayOffset>
                </TimetabledPassingTime>
                <TimetabledPassingTime version="874634" id="VTR:TimetabledPassingTime:874326_22807179_4">
                  <StopPointInJourneyPatternRef ref="VTR:StopPointInJourneyPattern:22807179" version="874634"/>
                  <DepartureTime>07:21:00</DepartureTime>
                  <DepartureDayOffset>0</DepartureDayOffset>
                </TimetabledPassingTime>
                <TimetabledPassingTime version="874634" id="VTR:TimetabledPassingTime:874326_22807180_5">
                  <StopPointInJourneyPatternRef ref="VTR:StopPointInJourneyPattern:22807180" version="874634"/>
                  <DepartureTime>07:25:00</DepartureTime>
                  <DepartureDayOffset>0</DepartureDayOffset>
                </TimetabledPassingTime>
                <TimetabledPassingTime version="874634" id="VTR:TimetabledPassingTime:874326_22807181_6">
                  <StopPointInJourneyPatternRef ref="VTR:StopPointInJourneyPattern:22807181" version="874634"/>
                  <DepartureTime>07:31:00</DepartureTime>
                  <DepartureDayOffset>0</DepartureDayOffset>
                </TimetabledPassingTime>
                <TimetabledPassingTime version="874634" id="VTR:TimetabledPassingTime:874326_22807182_7">
                  <StopPointInJourneyPatternRef ref="VTR:StopPointInJourneyPattern:22807182" version="874634"/>
                  <DepartureTime>07:33:00</DepartureTime>
                  <DepartureDayOffset>0</DepartureDayOffset>
                </TimetabledPassingTime>
                <TimetabledPassingTime version="874634" id="VTR:TimetabledPassingTime:874326_22807183_8">
                  <StopPointInJourneyPatternRef ref="VTR:StopPointInJourneyPattern:22807183" version="874634"/>
                  <DepartureTime>07:36:00</DepartureTime>
                  <DepartureDayOffset>0</DepartureDayOffset>
                </TimetabledPassingTime>
                <TimetabledPassingTime version="874634" id="VTR:TimetabledPassingTime:874326_22807184_9">
                  <StopPointInJourneyPatternRef ref="VTR:StopPointInJourneyPattern:22807184" version="874634"/>
                  <DepartureTime>07:39:00</DepartureTime>
                  <DepartureDayOffset>0</DepartureDayOffset>
                </TimetabledPassingTime>
                <TimetabledPassingTime version="874634" id="VTR:TimetabledPassingTime:874326_22807185_10">
                  <StopPointInJourneyPatternRef ref="VTR:StopPointInJourneyPattern:22807185" version="874634"/>
                  <DepartureTime>07:41:00</DepartureTime>
                  <DepartureDayOffset>0</DepartureDayOffset>
                </TimetabledPassingTime>
                <TimetabledPassingTime version="874634" id="VTR:TimetabledPassingTime:874326_22807186_11">
                  <StopPointInJourneyPatternRef ref="VTR:StopPointInJourneyPattern:22807186" version="874634"/>
                  <DepartureTime>07:44:00</DepartureTime>
                  <DepartureDayOffset>0</DepartureDayOffset>
                </TimetabledPassingTime>
                <TimetabledPassingTime version="874634" id="VTR:TimetabledPassingTime:874326_22807187_12">
                  <StopPointInJourneyPatternRef ref="VTR:StopPointInJourneyPattern:22807187" version="874634"/>
                  <DepartureTime>07:50:00</DepartureTime>
                  <DepartureDayOffset>0</DepartureDayOffset>
                </TimetabledPassingTime>
              </passingTimes>
            </ServiceJourney>
          </vehicleJourneys>
        </TimetableFrame>
        <ResourceFrame version="1" id="VTR:ResourceFrame:1388">
          <organisations>
            <Authority version="1" id="VTR:Authority:9">
              <CompanyNumber>62</CompanyNumber>
              <Name>Molėtų r. sav.</Name>
              <LegalName>Molėtų r. sav.</LegalName>
              <ContactDetails>
                <Email>savivaldybe@moletai.lt</Email>
                <Phone>838354761</Phone>
                <Url>www.moletai.lt</Url>
              </ContactDetails>
              <OrganisationType>authority</OrganisationType>
            </Authority>
          </organisations>
        </ResourceFrame>
        <FareFrame id="VTR:FareFrame:4404" version="1">
          <FrameDefaults>
            <DefaultCurrency>EUR</DefaultCurrency>
          </FrameDefaults>
          <fareStructureElements>
            <FareStructureElement id="VTR:FareStructureElement:pricematrix" version="1">
              <distanceMatrixElements>
                <DistanceMatrixElementRef ref="VTR:DistanceMatrixElement:22807176to22807179" version="1"/>
                <DistanceMatrixElementRef ref="VTR:DistanceMatrixElement:22807176to22807183" version="1"/>
                <DistanceMatrixElementRef ref="VTR:DistanceMatrixElement:22807176to22807184" version="1"/>
                <DistanceMatrixElementRef ref="VTR:DistanceMatrixElement:22807177to22807185" version="1"/>
                <DistanceMatrixElementRef ref="VTR:DistanceMatrixElement:22807178to22807180" version="1"/>
                <DistanceMatrixElementRef ref="VTR:DistanceMatrixElement:22807178to22807182" version="1"/>
                <DistanceMatrixElementRef ref="VTR:DistanceMatrixElement:22807179to22807181" version="1"/>
                <DistanceMatrixElementRef ref="VTR:DistanceMatrixElement:22807180to22807186" version="1"/>
                <DistanceMatrixElementRef ref="VTR:DistanceMatrixElement:22807183to22807184" version="1"/>
                <DistanceMatrixElementRef ref="VTR:DistanceMatrixElement:22807183to22807185" version="1"/>
                <DistanceMatrixElementRef ref="VTR:DistanceMatrixElement:22807176to22807181" version="1"/>
                <DistanceMatrixElementRef ref="VTR:DistanceMatrixElement:22807182to22807184" version="1"/>
                <DistanceMatrixElementRef ref="VTR:DistanceMatrixElement:22807178to22807183" version="1"/>
                <DistanceMatrixElementRef ref="VTR:DistanceMatrixElement:22807179to22807183" version="1"/>
                <DistanceMatrixElementRef ref="VTR:DistanceMatrixElement:22807180to22807187" version="1"/>
                <DistanceMatrixElementRef ref="VTR:DistanceMatrixElement:22807176to22807177" version="1"/>
                <DistanceMatrixElementRef ref="VTR:DistanceMatrixElement:22807176to22807187" version="1"/>
                <DistanceMatrixElementRef ref="VTR:DistanceMatrixElement:22807181to22807185" version="1"/>
                <DistanceMatrixElementRef ref="VTR:DistanceMatrixElement:22807177to22807184" version="1"/>
                <DistanceMatrixElementRef ref="VTR:DistanceMatrixElement:22807179to22807180" version="1"/>
                <DistanceMatrixElementRef ref="VTR:DistanceMatrixElement:22807179to22807185" version="1"/>
                <DistanceMatrixElementRef ref="VTR:DistanceMatrixElement:22807179to22807186" version="1"/>
                <DistanceMatrixElementRef ref="VTR:DistanceMatrixElement:22807180to22807182" version="1"/>
                <DistanceMatrixElementRef ref="VTR:DistanceMatrixElement:22807185to22807187" version="1"/>
                <DistanceMatrixElementRef ref="VTR:DistanceMatrixElement:22807181to22807186" version="1"/>
                <DistanceMatrixElementRef ref="VTR:DistanceMatrixElement:22807181to22807187" version="1"/>
                <DistanceMatrixElementRef ref="VTR:DistanceMatrixElement:22807182to22807187" version="1"/>
                <DistanceMatrixElementRef ref="VTR:DistanceMatrixElement:22807177to22807178" version="1"/>
                <DistanceMatrixElementRef ref="VTR:DistanceMatrixElement:22807177to22807183" version="1"/>
                <DistanceMatrixElementRef ref="VTR:DistanceMatrixElement:22807177to22807187" version="1"/>
                <DistanceMatrixElementRef ref="VTR:DistanceMatrixElement:22807178to22807181" version="1"/>
                <DistanceMatrixElementRef ref="VTR:DistanceMatrixElement:22807186to22807187" version="1"/>
                <DistanceMatrixElementRef ref="VTR:DistanceMatrixElement:22807183to22807186" version="1"/>
                <DistanceMatrixElementRef ref="VTR:DistanceMatrixElement:22807176to22807178" version="1"/>
                <DistanceMatrixElementRef ref="VTR:DistanceMatrixElement:22807176to22807186" version="1"/>
                <DistanceMatrixElementRef ref="VTR:DistanceMatrixElement:22807181to22807183" version="1"/>
                <DistanceMatrixElementRef ref="VTR:DistanceMatrixElement:22807177to22807179" version="1"/>
                <DistanceMatrixElementRef ref="VTR:DistanceMatrixElement:22807177to22807186" version="1"/>
                <DistanceMatrixElementRef ref="VTR:DistanceMatrixElement:22807178to22807185" version="1"/>
                <DistanceMatrixElementRef ref="VTR:DistanceMatrixElement:22807178to22807187" version="1"/>
                <DistanceMatrixElementRef ref="VTR:DistanceMatrixElement:22807180to22807184" version="1"/>
                <DistanceMatrixElementRef ref="VTR:DistanceMatrixElement:22807184to22807185" version="1"/>
                <DistanceMatrixElementRef ref="VTR:DistanceMatrixElement:22807176to22807180" version="1"/>
                <DistanceMatrixElementRef ref="VTR:DistanceMatrixElement:22807176to22807182" version="1"/>
                <DistanceMatrixElementRef ref="VTR:DistanceMatrixElement:22807181to22807184" version="1"/>
                <DistanceMatrixElementRef ref="VTR:DistanceMatrixElement:22807177to22807182" version="1"/>
                <DistanceMatrixElementRef ref="VTR:DistanceMatrixElement:22807178to22807186" version="1"/>
                <DistanceMatrixElementRef ref="VTR:DistanceMatrixElement:22807180to22807181" version="1"/>
                <DistanceMatrixElementRef ref="VTR:DistanceMatrixElement:22807180to22807185" version="1"/>
                <DistanceMatrixElementRef ref="VTR:DistanceMatrixElement:22807183to22807187" version="1"/>
                <DistanceMatrixElementRef ref="VTR:DistanceMatrixElement:22807184to22807187" version="1"/>
                <DistanceMatrixElementRef ref="VTR:DistanceMatrixElement:22807185to22807186" version="1"/>
                <DistanceMatrixElementRef ref="VTR:DistanceMatrixElement:22807181to22807182" version="1"/>
                <DistanceMatrixElementRef ref="VTR:DistanceMatrixElement:22807182to22807183" version="1"/>
                <DistanceMatrixElementRef ref="VTR:DistanceMatrixElement:22807182to22807186" version="1"/>
                <DistanceMatrixElementRef ref="VTR:DistanceMatrixElement:22807179to22807184" version="1"/>
                <DistanceMatrixElementRef ref="VTR:DistanceMatrixElement:22807179to22807187" version="1"/>
                <DistanceMatrixElementRef ref="VTR:DistanceMatrixElement:22807180to22807183" version="1"/>
                <DistanceMatrixElementRef ref="VTR:DistanceMatrixElement:22807176to22807185" version="1"/>
                <DistanceMatrixElementRef ref="VTR:DistanceMatrixElement:22807182to22807185" version="1"/>
                <DistanceMatrixElementRef ref="VTR:DistanceMatrixElement:22807177to22807180" version="1"/>
                <DistanceMatrixElementRef ref="VTR:DistanceMatrixElement:22807177to22807181" version="1"/>
                <DistanceMatrixElementRef ref="VTR:DistanceMatrixElement:22807178to22807179" version="1"/>
                <DistanceMatrixElementRef ref="VTR:DistanceMatrixElement:22807178to22807184" version="1"/>
                <DistanceMatrixElementRef ref="VTR:DistanceMatrixElement:22807179to22807182" version="1"/>
                <DistanceMatrixElementRef ref="VTR:DistanceMatrixElement:22807184to22807186" version="1"/>
              </distanceMatrixElements>
            </FareStructureElement>
          </fareStructureElements>
          <tariffs>
            <Tariff id="VTR:Tariff:pointToPointInSeparateJourney_4404" version="1">
              <Name>Point to point tariff</Name>
              <distanceMatrixElements>
                <DistanceMatrixElement id="VTR:DistanceMatrixElement:22807176to22807179" version="1">
                  <Name>Juodiškiai to Zanėnai</Name>
                  <StartStopPointRef ref="VTR:ScheduledStopPoint:485788" version="1"/>
                  <EndStopPointRef ref="VTR:ScheduledStopPoint:485791" version="1"/>
                  <prices>
                    <DistanceMatrixElementPrice id="VTR:DistanceMatrixElementPrice:22807176to22807179" version="1">
                      <Amount>0.9</Amount>
                      <DistanceMatrixElementRef ref="VTR:DistanceMatrixElement:22807176to22807179" version="1"/>
                    </DistanceMatrixElementPrice>
                  </prices>
                </DistanceMatrixElement>
                <DistanceMatrixElement id="VTR:DistanceMatrixElement:22807176to22807183" version="1">
                  <Name>Juodiškiai to Skrebuliai</Name>
                  <StartStopPointRef ref="VTR:ScheduledStopPoint:485788" version="1"/>
                  <EndStopPointRef ref="VTR:ScheduledStopPoint:485795" version="1"/>
                  <prices>
                    <DistanceMatrixElementPrice id="VTR:DistanceMatrixElementPrice:22807176to22807183" version="1">
                      <Amount>2.1</Amount>
                      <DistanceMatrixElementRef ref="VTR:DistanceMatrixElement:22807176to22807183" version="1"/>
                    </DistanceMatrixElementPrice>
                  </prices>
                </DistanceMatrixElement>
                <DistanceMatrixElement id="VTR:DistanceMatrixElement:22807176to22807184" version="1">
                  <Name>Juodiškiai to Pakryžė</Name>
                  <StartStopPointRef ref="VTR:ScheduledStopPoint:485788" version="1"/>
                  <EndStopPointRef ref="VTR:ScheduledStopPoint:485796" version="1"/>
                  <prices>
                    <DistanceMatrixElementPrice id="VTR:DistanceMatrixElementPrice:22807176to22807184" version="1">
                      <Amount>2.3</Amount>
                      <DistanceMatrixElementRef ref="VTR:DistanceMatrixElement:22807176to22807184" version="1"/>
                    </DistanceMatrixElementPrice>
                  </prices>
                </DistanceMatrixElement>
                <DistanceMatrixElement id="VTR:DistanceMatrixElement:22807177to22807185" version="1">
                  <Name>Rudžionys to Luokesa</Name>
                  <StartStopPointRef ref="VTR:ScheduledStopPoint:485789" version="1"/>
                  <EndStopPointRef ref="VTR:ScheduledStopPoint:485797" version="1"/>
                  <prices>
                    <DistanceMatrixElementPrice id="VTR:DistanceMatrixElementPrice:22807177to22807185" version="1">
                      <Amount>2.2</Amount>
                      <DistanceMatrixElementRef ref="VTR:DistanceMatrixElement:22807177to22807185" version="1"/>
                    </DistanceMatrixElementPrice>
                  </prices>
                </DistanceMatrixElement>
                <DistanceMatrixElement id="VTR:DistanceMatrixElement:22807178to22807180" version="1">
                  <Name>Giedraičiai to Radžiūnai</Name>
                  <StartStopPointRef ref="VTR:ScheduledStopPoint:485790" version="1"/>
                  <EndStopPointRef ref="VTR:ScheduledStopPoint:485792" version="1"/>
                  <prices>
                    <DistanceMatrixElementPrice id="VTR:DistanceMatrixElementPrice:22807178to22807180" version="1">
                      <Amount>0.7</Amount>
                      <DistanceMatrixElementRef ref="VTR:DistanceMatrixElement:22807178to22807180" version="1"/>
                    </DistanceMatrixElementPrice>
                  </prices>
                </DistanceMatrixElement>
                <DistanceMatrixElement id="VTR:DistanceMatrixElement:22807178to22807182" version="1">
                  <Name>Giedraičiai to Bitėnai</Name>
                  <StartStopPointRef ref="VTR:ScheduledStopPoint:485790" version="1"/>
                  <EndStopPointRef ref="VTR:ScheduledStopPoint:485794" version="1"/>
                  <prices>
                    <DistanceMatrixElementPrice id="VTR:DistanceMatrixElementPrice:22807178to22807182" version="1">
                      <Amount>1.3</Amount>
                      <DistanceMatrixElementRef ref="VTR:DistanceMatrixElement:22807178to22807182" version="1"/>
                    </DistanceMatrixElementPrice>
                  </prices>
                </DistanceMatrixElement>
                <DistanceMatrixElement id="VTR:DistanceMatrixElement:22807179to22807181" version="1">
                  <Name>Zanėnai to Kazokai</Name>
                  <StartStopPointRef ref="VTR:ScheduledStopPoint:485791" version="1"/>
                  <EndStopPointRef ref="VTR:ScheduledStopPoint:485793" version="1"/>
                  <prices>
                    <DistanceMatrixElementPrice id="VTR:DistanceMatrixElementPrice:22807179to22807181" version="1">
                      <Amount>0.8</Amount>
                      <DistanceMatrixElementRef ref="VTR:DistanceMatrixElement:22807179to22807181" version="1"/>
                    </DistanceMatrixElementPrice>
                  </prices>
                </DistanceMatrixElement>
                <DistanceMatrixElement id="VTR:DistanceMatrixElement:22807180to22807186" version="1">
                  <Name>Radžiūnai to Melioratorių</Name>
                  <StartStopPointRef ref="VTR:ScheduledStopPoint:485792" version="1"/>
                  <EndStopPointRef ref="VTR:ScheduledStopPoint:485798" version="1"/>
                  <prices>
                    <DistanceMatrixElementPrice id="VTR:DistanceMatrixElementPrice:22807180to22807186" version="1">
                      <Amount>1.6</Amount>
                      <DistanceMatrixElementRef ref="VTR:DistanceMatrixElement:22807180to22807186" version="1"/>
                    </DistanceMatrixElementPrice>
                  </prices>
                </DistanceMatrixElement>
                <DistanceMatrixElement id="VTR:DistanceMatrixElement:22807183to22807184" version="1">
                  <Name>Skrebuliai to Pakryžė</Name>
                  <StartStopPointRef ref="VTR:ScheduledStopPoint:485795" version="1"/>
                  <EndStopPointRef ref="VTR:ScheduledStopPoint:485796" version="1"/>
                  <prices>
                    <DistanceMatrixElementPrice id="VTR:DistanceMatrixElementPrice:22807183to22807184" version="1">
                      <Amount>0.2</Amount>
                      <DistanceMatrixElementRef ref="VTR:DistanceMatrixElement:22807183to22807184" version="1"/>
                    </DistanceMatrixElementPrice>
                  </prices>
                </DistanceMatrixElement>
                <DistanceMatrixElement id="VTR:DistanceMatrixElement:22807183to22807185" version="1">
                  <Name>Skrebuliai to Luokesa</Name>
                  <StartStopPointRef ref="VTR:ScheduledStopPoint:485795" version="1"/>
                  <EndStopPointRef ref="VTR:ScheduledStopPoint:485797" version="1"/>
                  <prices>
                    <DistanceMatrixElementPrice id="VTR:DistanceMatrixElementPrice:22807183to22807185" version="1">
                      <Amount>0.4</Amount>
                      <DistanceMatrixElementRef ref="VTR:DistanceMatrixElement:22807183to22807185" version="1"/>
                    </DistanceMatrixElementPrice>
                  </prices>
                </DistanceMatrixElement>
                <DistanceMatrixElement id="VTR:DistanceMatrixElement:22807176to22807181" version="1">
                  <Name>Juodiškiai to Kazokai</Name>
                  <StartStopPointRef ref="VTR:ScheduledStopPoint:485788" version="1"/>
                  <EndStopPointRef ref="VTR:ScheduledStopPoint:485793" version="1"/>
                  <prices>
                    <DistanceMatrixElementPrice id="VTR:DistanceMatrixElementPrice:22807176to22807181" version="1">
                      <Amount>1.7</Amount>
                      <DistanceMatrixElementRef ref="VTR:DistanceMatrixElement:22807176to22807181" version="1"/>
                    </DistanceMatrixElementPrice>
                  </prices>
                </DistanceMatrixElement>
                <DistanceMatrixElement id="VTR:DistanceMatrixElement:22807182to22807184" version="1">
                  <Name>Bitėnai to Pakryžė</Name>
                  <StartStopPointRef ref="VTR:ScheduledStopPoint:485794" version="1"/>
                  <EndStopPointRef ref="VTR:ScheduledStopPoint:485796" version="1"/>
                  <prices>
                    <DistanceMatrixElementPrice id="VTR:DistanceMatrixElementPrice:22807182to22807184" version="1">
                      <Amount>0.5</Amount>
                      <DistanceMatrixElementRef ref="VTR:DistanceMatrixElement:22807182to22807184" version="1"/>
                    </DistanceMatrixElementPrice>
                  </prices>
                </DistanceMatrixElement>
                <DistanceMatrixElement id="VTR:DistanceMatrixElement:22807178to22807183" version="1">
                  <Name>Giedraičiai to Skrebuliai</Name>
                  <StartStopPointRef ref="VTR:ScheduledStopPoint:485790" version="1"/>
                  <EndStopPointRef ref="VTR:ScheduledStopPoint:485795" version="1"/>
                  <prices>
                    <DistanceMatrixElementPrice id="VTR:DistanceMatrixElementPrice:22807178to22807183" version="1">
                      <Amount>1.5</Amount>
                      <DistanceMatrixElementRef ref="VTR:DistanceMatrixElement:22807178to22807183" version="1"/>
                    </DistanceMatrixElementPrice>
                  </prices>
                </DistanceMatrixElement>
                <DistanceMatrixElement id="VTR:DistanceMatrixElement:22807179to22807183" version="1">
                  <Name>Zanėnai to Skrebuliai</Name>
                  <StartStopPointRef ref="VTR:ScheduledStopPoint:485791" version="1"/>
                  <EndStopPointRef ref="VTR:ScheduledStopPoint:485795" version="1"/>
                  <prices>
                    <DistanceMatrixElementPrice id="VTR:DistanceMatrixElementPrice:22807179to22807183" version="1">
                      <Amount>1.2</Amount>
                      <DistanceMatrixElementRef ref="VTR:DistanceMatrixElement:22807179to22807183" version="1"/>
                    </DistanceMatrixElementPrice>
                  </prices>
                </DistanceMatrixElement>
                <DistanceMatrixElement id="VTR:DistanceMatrixElement:22807180to22807187" version="1">
                  <Name>Radžiūnai to Molėtų autobusų stotis</Name>
                  <StartStopPointRef ref="VTR:ScheduledStopPoint:485792" version="1"/>
                  <EndStopPointRef ref="VTR:ScheduledStopPoint:485799" version="1"/>
                  <prices>
                    <DistanceMatrixElementPrice id="VTR:DistanceMatrixElementPrice:22807180to22807187" version="1">
                      <Amount>1.6</Amount>
                      <DistanceMatrixElementRef ref="VTR:DistanceMatrixElement:22807180to22807187" version="1"/>
                    </DistanceMatrixElementPrice>
                  </prices>
                </DistanceMatrixElement>
                <DistanceMatrixElement id="VTR:DistanceMatrixElement:22807176to22807177" version="1">
                  <Name>Juodiškiai to Rudžionys</Name>
                  <StartStopPointRef ref="VTR:ScheduledStopPoint:485788" version="1"/>
                  <EndStopPointRef ref="VTR:ScheduledStopPoint:485789" version="1"/>
                  <prices>
                    <DistanceMatrixElementPrice id="VTR:DistanceMatrixElementPrice:22807176to22807177" version="1">
                      <Amount>0.2</Amount>
                      <DistanceMatrixElementRef ref="VTR:DistanceMatrixElement:22807176to22807177" version="1"/>
                    </DistanceMatrixElementPrice>
                  </prices>
                </DistanceMatrixElement>
                <DistanceMatrixElement id="VTR:DistanceMatrixElement:22807176to22807187" version="1">
                  <Name>Juodiškiai to Molėtų autobusų stotis</Name>
                  <StartStopPointRef ref="VTR:ScheduledStopPoint:485788" version="1"/>
                  <EndStopPointRef ref="VTR:ScheduledStopPoint:485799" version="1"/>
                  <prices>
                    <DistanceMatrixElementPrice id="VTR:DistanceMatrixElementPrice:22807176to22807187" version="1">
                      <Amount>2.8</Amount>
                      <DistanceMatrixElementRef ref="VTR:DistanceMatrixElement:22807176to22807187" version="1"/>
                    </DistanceMatrixElementPrice>
                  </prices>
                </DistanceMatrixElement>
                <DistanceMatrixElement id="VTR:DistanceMatrixElement:22807181to22807185" version="1">
                  <Name>Kazokai to Luokesa</Name>
                  <StartStopPointRef ref="VTR:ScheduledStopPoint:485793" version="1"/>
                  <EndStopPointRef ref="VTR:ScheduledStopPoint:485797" version="1"/>
                  <prices>
                    <DistanceMatrixElementPrice id="VTR:DistanceMatrixElementPrice:22807181to22807185" version="1">
                      <Amount>0.8</Amount>
                      <DistanceMatrixElementRef ref="VTR:DistanceMatrixElement:22807181to22807185" version="1"/>
                    </DistanceMatrixElementPrice>
                  </prices>
                </DistanceMatrixElement>
                <DistanceMatrixElement id="VTR:DistanceMatrixElement:22807177to22807184" version="1">
                  <Name>Rudžionys to Pakryžė</Name>
                  <StartStopPointRef ref="VTR:ScheduledStopPoint:485789" version="1"/>
                  <EndStopPointRef ref="VTR:ScheduledStopPoint:485796" version="1"/>
                  <prices>
                    <DistanceMatrixElementPrice id="VTR:DistanceMatrixElementPrice:22807177to22807184" version="1">
                      <Amount>2.1</Amount>
                      <DistanceMatrixElementRef ref="VTR:DistanceMatrixElement:22807177to22807184" version="1"/>
                    </DistanceMatrixElementPrice>
                  </prices>
                </DistanceMatrixElement>
                <DistanceMatrixElement id="VTR:DistanceMatrixElement:22807179to22807180" version="1">
                  <Name>Zanėnai to Radžiūnai</Name>
                  <StartStopPointRef ref="VTR:ScheduledStopPoint:485791" version="1"/>
                  <EndStopPointRef ref="VTR:ScheduledStopPoint:485792" version="1"/>
                  <prices>
                    <DistanceMatrixElementPrice id="VTR:DistanceMatrixElementPrice:22807179to22807180" version="1">
                      <Amount>0.3</Amount>
                      <DistanceMatrixElementRef ref="VTR:DistanceMatrixElement:22807179to22807180" version="1"/>
                    </DistanceMatrixElementPrice>
                  </prices>
                </DistanceMatrixElement>
                <DistanceMatrixElement id="VTR:DistanceMatrixElement:22807179to22807185" version="1">
                  <Name>Zanėnai to Luokesa</Name>
                  <StartStopPointRef ref="VTR:ScheduledStopPoint:485791" version="1"/>
                  <EndStopPointRef ref="VTR:ScheduledStopPoint:485797" version="1"/>
                  <prices>
                    <DistanceMatrixElementPrice id="VTR:DistanceMatrixElementPrice:22807179to22807185" version="1">
                      <Amount>1.6</Amount>
                      <DistanceMatrixElementRef ref="VTR:DistanceMatrixElement:22807179to22807185" version="1"/>
                    </DistanceMatrixElementPrice>
                  </prices>
                </DistanceMatrixElement>
                <DistanceMatrixElement id="VTR:DistanceMatrixElement:22807179to22807186" version="1">
                  <Name>Zanėnai to Melioratorių</Name>
                  <StartStopPointRef ref="VTR:ScheduledStopPoint:485791" version="1"/>
                  <EndStopPointRef ref="VTR:ScheduledStopPoint:485798" version="1"/>
                  <prices>
                    <DistanceMatrixElementPrice id="VTR:DistanceMatrixElementPrice:22807179to22807186" version="1">
                      <Amount>1.9</Amount>
                      <DistanceMatrixElementRef ref="VTR:DistanceMatrixElement:22807179to22807186" version="1"/>
                    </DistanceMatrixElementPrice>
                  </prices>
                </DistanceMatrixElement>
                <DistanceMatrixElement id="VTR:DistanceMatrixElement:22807180to22807182" version="1">
                  <Name>Radžiūnai to Bitėnai</Name>
                  <StartStopPointRef ref="VTR:ScheduledStopPoint:485792" version="1"/>
                  <EndStopPointRef ref="VTR:ScheduledStopPoint:485794" version="1"/>
                  <prices>
                    <DistanceMatrixElementPrice id="VTR:DistanceMatrixElementPrice:22807180to22807182" version="1">
                      <Amount>0.6</Amount>
                      <DistanceMatrixElementRef ref="VTR:DistanceMatrixElement:22807180to22807182" version="1"/>
                    </DistanceMatrixElementPrice>
                  </prices>
                </DistanceMatrixElement>
                <DistanceMatrixElement id="VTR:DistanceMatrixElement:22807185to22807187" version="1">
                  <Name>Luokesa to Molėtų autobusų stotis</Name>
                  <StartStopPointRef ref="VTR:ScheduledStopPoint:485797" version="1"/>
                  <EndStopPointRef ref="VTR:ScheduledStopPoint:485799" version="1"/>
                  <prices>
                    <DistanceMatrixElementPrice id="VTR:DistanceMatrixElementPrice:22807185to22807187" version="1">
                      <Amount>0.4</Amount>
                      <DistanceMatrixElementRef ref="VTR:DistanceMatrixElement:22807185to22807187" version="1"/>
                    </DistanceMatrixElementPrice>
                  </prices>
                </DistanceMatrixElement>
                <DistanceMatrixElement id="VTR:DistanceMatrixElement:22807181to22807186" version="1">
                  <Name>Kazokai to Melioratorių</Name>
                  <StartStopPointRef ref="VTR:ScheduledStopPoint:485793" version="1"/>
                  <EndStopPointRef ref="VTR:ScheduledStopPoint:485798" version="1"/>
                  <prices>
                    <DistanceMatrixElementPrice id="VTR:DistanceMatrixElementPrice:22807181to22807186" version="1">
                      <Amount>1.1</Amount>
                      <DistanceMatrixElementRef ref="VTR:DistanceMatrixElement:22807181to22807186" version="1"/>
                    </DistanceMatrixElementPrice>
                  </prices>
                </DistanceMatrixElement>
                <DistanceMatrixElement id="VTR:DistanceMatrixElement:22807181to22807187" version="1">
                  <Name>Kazokai to Molėtų autobusų stotis</Name>
                  <StartStopPointRef ref="VTR:ScheduledStopPoint:485793" version="1"/>
                  <EndStopPointRef ref="VTR:ScheduledStopPoint:485799" version="1"/>
                  <prices>
                    <DistanceMatrixElementPrice id="VTR:DistanceMatrixElementPrice:22807181to22807187" version="1">
                      <Amount>1.1</Amount>
                      <DistanceMatrixElementRef ref="VTR:DistanceMatrixElement:22807181to22807187" version="1"/>
                    </DistanceMatrixElementPrice>
                  </prices>
                </DistanceMatrixElement>
                <DistanceMatrixElement id="VTR:DistanceMatrixElement:22807182to22807187" version="1">
                  <Name>Bitėnai to Molėtų autobusų stotis</Name>
                  <StartStopPointRef ref="VTR:ScheduledStopPoint:485794" version="1"/>
                  <EndStopPointRef ref="VTR:ScheduledStopPoint:485799" version="1"/>
                  <prices>
                    <DistanceMatrixElementPrice id="VTR:DistanceMatrixElementPrice:22807182to22807187" version="1">
                      <Amount>1.0</Amount>
                      <DistanceMatrixElementRef ref="VTR:DistanceMatrixElement:22807182to22807187" version="1"/>
                    </DistanceMatrixElementPrice>
                  </prices>
                </DistanceMatrixElement>
                <DistanceMatrixElement id="VTR:DistanceMatrixElement:22807177to22807178" version="1">
                  <Name>Rudžionys to Giedraičiai</Name>
                  <StartStopPointRef ref="VTR:ScheduledStopPoint:485789" version="1"/>
                  <EndStopPointRef ref="VTR:ScheduledStopPoint:485790" version="1"/>
                  <prices>
                    <DistanceMatrixElementPrice id="VTR:DistanceMatrixElementPrice:22807177to22807178" version="1">
                      <Amount>0.3</Amount>
                      <DistanceMatrixElementRef ref="VTR:DistanceMatrixElement:22807177to22807178" version="1"/>
                    </DistanceMatrixElementPrice>
                  </prices>
                </DistanceMatrixElement>
                <DistanceMatrixElement id="VTR:DistanceMatrixElement:22807177to22807183" version="1">
                  <Name>Rudžionys to Skrebuliai</Name>
                  <StartStopPointRef ref="VTR:ScheduledStopPoint:485789" version="1"/>
                  <EndStopPointRef ref="VTR:ScheduledStopPoint:485795" version="1"/>
                  <prices>
                    <DistanceMatrixElementPrice id="VTR:DistanceMatrixElementPrice:22807177to22807183" version="1">
                      <Amount>1.8</Amount>
                      <DistanceMatrixElementRef ref="VTR:DistanceMatrixElement:22807177to22807183" version="1"/>
                    </DistanceMatrixElementPrice>
                  </prices>
                </DistanceMatrixElement>
                <DistanceMatrixElement id="VTR:DistanceMatrixElement:22807177to22807187" version="1">
                  <Name>Rudžionys to Molėtų autobusų stotis</Name>
                  <StartStopPointRef ref="VTR:ScheduledStopPoint:485789" version="1"/>
                  <EndStopPointRef ref="VTR:ScheduledStopPoint:485799" version="1"/>
                  <prices>
                    <DistanceMatrixElementPrice id="VTR:DistanceMatrixElementPrice:22807177to22807187" version="1">
                      <Amount>2.6</Amount>
                      <DistanceMatrixElementRef ref="VTR:DistanceMatrixElement:22807177to22807187" version="1"/>
                    </DistanceMatrixElementPrice>
                  </prices>
                </DistanceMatrixElement>
                <DistanceMatrixElement id="VTR:DistanceMatrixElement:22807178to22807181" version="1">
                  <Name>Giedraičiai to Kazokai</Name>
                  <StartStopPointRef ref="VTR:ScheduledStopPoint:485790" version="1"/>
                  <EndStopPointRef ref="VTR:ScheduledStopPoint:485793" version="1"/>
                  <prices>
                    <DistanceMatrixElementPrice id="VTR:DistanceMatrixElementPrice:22807178to22807181" version="1">
                      <Amount>1.2</Amount>
                      <DistanceMatrixElementRef ref="VTR:DistanceMatrixElement:22807178to22807181" version="1"/>
                    </DistanceMatrixElementPrice>
                  </prices>
                </DistanceMatrixElement>
                <DistanceMatrixElement id="VTR:DistanceMatrixElement:22807186to22807187" version="1">
                  <Name>Melioratorių to Molėtų autobusų stotis</Name>
                  <StartStopPointRef ref="VTR:ScheduledStopPoint:485798" version="1"/>
                  <EndStopPointRef ref="VTR:ScheduledStopPoint:485799" version="1"/>
                  <prices>
                    <DistanceMatrixElementPrice id="VTR:DistanceMatrixElementPrice:22807186to22807187" version="1">
                      <Amount>0.2</Amount>
                      <DistanceMatrixElementRef ref="VTR:DistanceMatrixElement:22807186to22807187" version="1"/>
                    </DistanceMatrixElementPrice>
                  </prices>
                </DistanceMatrixElement>
                <DistanceMatrixElement id="VTR:DistanceMatrixElement:22807183to22807186" version="1">
                  <Name>Skrebuliai to Melioratorių</Name>
                  <StartStopPointRef ref="VTR:ScheduledStopPoint:485795" version="1"/>
                  <EndStopPointRef ref="VTR:ScheduledStopPoint:485798" version="1"/>
                  <prices>
                    <DistanceMatrixElementPrice id="VTR:DistanceMatrixElementPrice:22807183to22807186" version="1">
                      <Amount>0.8</Amount>
                      <DistanceMatrixElementRef ref="VTR:DistanceMatrixElement:22807183to22807186" version="1"/>
                    </DistanceMatrixElementPrice>
                  </prices>
                </DistanceMatrixElement>
                <DistanceMatrixElement id="VTR:DistanceMatrixElement:22807176to22807178" version="1">
                  <Name>Juodiškiai to Giedraičiai</Name>
                  <StartStopPointRef ref="VTR:ScheduledStopPoint:485788" version="1"/>
                  <EndStopPointRef ref="VTR:ScheduledStopPoint:485790" version="1"/>
                  <prices>
                    <DistanceMatrixElementPrice id="VTR:DistanceMatrixElementPrice:22807176to22807178" version="1">
                      <Amount>0.5</Amount>
                      <DistanceMatrixElementRef ref="VTR:DistanceMatrixElement:22807176to22807178" version="1"/>
                    </DistanceMatrixElementPrice>
                  </prices>
                </DistanceMatrixElement>
                <DistanceMatrixElement id="VTR:DistanceMatrixElement:22807176to22807186" version="1">
                  <Name>Juodiškiai to Melioratorių</Name>
                  <StartStopPointRef ref="VTR:ScheduledStopPoint:485788" version="1"/>
                  <EndStopPointRef ref="VTR:ScheduledStopPoint:485798" version="1"/>
                  <prices>
                    <DistanceMatrixElementPrice id="VTR:DistanceMatrixElementPrice:22807176to22807186" version="1">
                      <Amount>2.8</Amount>
                      <DistanceMatrixElementRef ref="VTR:DistanceMatrixElement:22807176to22807186" version="1"/>
                    </DistanceMatrixElementPrice>
                  </prices>
                </DistanceMatrixElement>
                <DistanceMatrixElement id="VTR:DistanceMatrixElement:22807181to22807183" version="1">
                  <Name>Kazokai to Skrebuliai</Name>
                  <StartStopPointRef ref="VTR:ScheduledStopPoint:485793" version="1"/>
                  <EndStopPointRef ref="VTR:ScheduledStopPoint:485795" version="1"/>
                  <prices>
                    <DistanceMatrixElementPrice id="VTR:DistanceMatrixElementPrice:22807181to22807183" version="1">
                      <Amount>0.4</Amount>
                      <DistanceMatrixElementRef ref="VTR:DistanceMatrixElement:22807181to22807183" version="1"/>
                    </DistanceMatrixElementPrice>
                  </prices>
                </DistanceMatrixElement>
                <DistanceMatrixElement id="VTR:DistanceMatrixElement:22807177to22807179" version="1">
                  <Name>Rudžionys to Zanėnai</Name>
                  <StartStopPointRef ref="VTR:ScheduledStopPoint:485789" version="1"/>
                  <EndStopPointRef ref="VTR:ScheduledStopPoint:485791" version="1"/>
                  <prices>
                    <DistanceMatrixElementPrice id="VTR:DistanceMatrixElementPrice:22807177to22807179" version="1">
                      <Amount>0.7</Amount>
                      <DistanceMatrixElementRef ref="VTR:DistanceMatrixElement:22807177to22807179" version="1"/>
                    </DistanceMatrixElementPrice>
                  </prices>
                </DistanceMatrixElement>
                <DistanceMatrixElement id="VTR:DistanceMatrixElement:22807177to22807186" version="1">
                  <Name>Rudžionys to Melioratorių</Name>
                  <StartStopPointRef ref="VTR:ScheduledStopPoint:485789" version="1"/>
                  <EndStopPointRef ref="VTR:ScheduledStopPoint:485798" version="1"/>
                  <prices>
                    <DistanceMatrixElementPrice id="VTR:DistanceMatrixElementPrice:22807177to22807186" version="1">
                      <Amount>2.6</Amount>
                      <DistanceMatrixElementRef ref="VTR:DistanceMatrixElement:22807177to22807186" version="1"/>
                    </DistanceMatrixElementPrice>
                  </prices>
                </DistanceMatrixElement>
                <DistanceMatrixElement id="VTR:DistanceMatrixElement:22807178to22807185" version="1">
                  <Name>Giedraičiai to Luokesa</Name>
                  <StartStopPointRef ref="VTR:ScheduledStopPoint:485790" version="1"/>
                  <EndStopPointRef ref="VTR:ScheduledStopPoint:485797" version="1"/>
                  <prices>
                    <DistanceMatrixElementPrice id="VTR:DistanceMatrixElementPrice:22807178to22807185" version="1">
                      <Amount>1.9</Amount>
                      <DistanceMatrixElementRef ref="VTR:DistanceMatrixElement:22807178to22807185" version="1"/>
                    </DistanceMatrixElementPrice>
                  </prices>
                </DistanceMatrixElement>
                <DistanceMatrixElement id="VTR:DistanceMatrixElement:22807178to22807187" version="1">
                  <Name>Giedraičiai to Molėtų autobusų stotis</Name>
                  <StartStopPointRef ref="VTR:ScheduledStopPoint:485790" version="1"/>
                  <EndStopPointRef ref="VTR:ScheduledStopPoint:485799" version="1"/>
                  <prices>
                    <DistanceMatrixElementPrice id="VTR:DistanceMatrixElementPrice:22807178to22807187" version="1">
                      <Amount>2.3</Amount>
                      <DistanceMatrixElementRef ref="VTR:DistanceMatrixElement:22807178to22807187" version="1"/>
                    </DistanceMatrixElementPrice>
                  </prices>
                </DistanceMatrixElement>
                <DistanceMatrixElement id="VTR:DistanceMatrixElement:22807180to22807184" version="1">
                  <Name>Radžiūnai to Pakryžė</Name>
                  <StartStopPointRef ref="VTR:ScheduledStopPoint:485792" version="1"/>
                  <EndStopPointRef ref="VTR:ScheduledStopPoint:485796" version="1"/>
                  <prices>
                    <DistanceMatrixElementPrice id="VTR:DistanceMatrixElementPrice:22807180to22807184" version="1">
                      <Amount>1.0</Amount>
                      <DistanceMatrixElementRef ref="VTR:DistanceMatrixElement:22807180to22807184" version="1"/>
                    </DistanceMatrixElementPrice>
                  </prices>
                </DistanceMatrixElement>
                <DistanceMatrixElement id="VTR:DistanceMatrixElement:22807184to22807185" version="1">
                  <Name>Pakryžė to Luokesa</Name>
                  <StartStopPointRef ref="VTR:ScheduledStopPoint:485796" version="1"/>
                  <EndStopPointRef ref="VTR:ScheduledStopPoint:485797" version="1"/>
                  <prices>
                    <DistanceMatrixElementPrice id="VTR:DistanceMatrixElementPrice:22807184to22807185" version="1">
                      <Amount>0.1</Amount>
                      <DistanceMatrixElementRef ref="VTR:DistanceMatrixElement:22807184to22807185" version="1"/>
                    </DistanceMatrixElementPrice>
                  </prices>
                </DistanceMatrixElement>
                <DistanceMatrixElement id="VTR:DistanceMatrixElement:22807176to22807180" version="1">
                  <Name>Juodiškiai to Radžiūnai</Name>
                  <StartStopPointRef ref="VTR:ScheduledStopPoint:485788" version="1"/>
                  <EndStopPointRef ref="VTR:ScheduledStopPoint:485792" version="1"/>
                  <prices>
                    <DistanceMatrixElementPrice id="VTR:DistanceMatrixElementPrice:22807176to22807180" version="1">
                      <Amount>1.2</Amount>
                      <DistanceMatrixElementRef ref="VTR:DistanceMatrixElement:22807176to22807180" version="1"/>
                    </DistanceMatrixElementPrice>
                  </prices>
                </DistanceMatrixElement>
                <DistanceMatrixElement id="VTR:DistanceMatrixElement:22807176to22807182" version="1">
                  <Name>Juodiškiai to Bitėnai</Name>
                  <StartStopPointRef ref="VTR:ScheduledStopPoint:485788" version="1"/>
                  <EndStopPointRef ref="VTR:ScheduledStopPoint:485794" version="1"/>
                  <prices>
                    <DistanceMatrixElementPrice id="VTR:DistanceMatrixElementPrice:22807176to22807182" version="1">
                      <Amount>1.8</Amount>
                      <DistanceMatrixElementRef ref="VTR:DistanceMatrixElement:22807176to22807182" version="1"/>
                    </DistanceMatrixElementPrice>
                  </prices>
                </DistanceMatrixElement>
                <DistanceMatrixElement id="VTR:DistanceMatrixElement:22807181to22807184" version="1">
                  <Name>Kazokai to Pakryžė</Name>
                  <StartStopPointRef ref="VTR:ScheduledStopPoint:485793" version="1"/>
                  <EndStopPointRef ref="VTR:ScheduledStopPoint:485796" version="1"/>
                  <prices>
                    <DistanceMatrixElementPrice id="VTR:DistanceMatrixElementPrice:22807181to22807184" version="1">
                      <Amount>0.6</Amount>
                      <DistanceMatrixElementRef ref="VTR:DistanceMatrixElement:22807181to22807184" version="1"/>
                    </DistanceMatrixElementPrice>
                  </prices>
                </DistanceMatrixElement>
                <DistanceMatrixElement id="VTR:DistanceMatrixElement:22807177to22807182" version="1">
                  <Name>Rudžionys to Bitėnai</Name>
                  <StartStopPointRef ref="VTR:ScheduledStopPoint:485789" version="1"/>
                  <EndStopPointRef ref="VTR:ScheduledStopPoint:485794" version="1"/>
                  <prices>
                    <DistanceMatrixElementPrice id="VTR:DistanceMatrixElementPrice:22807177to22807182" version="1">
                      <Amount>1.6</Amount>
                      <DistanceMatrixElementRef ref="VTR:DistanceMatrixElement:22807177to22807182" version="1"/>
                    </DistanceMatrixElementPrice>
                  </prices>
                </DistanceMatrixElement>
                <DistanceMatrixElement id="VTR:DistanceMatrixElement:22807178to22807186" version="1">
                  <Name>Giedraičiai to Melioratorių</Name>
                  <StartStopPointRef ref="VTR:ScheduledStopPoint:485790" version="1"/>
                  <EndStopPointRef ref="VTR:ScheduledStopPoint:485798" version="1"/>
                  <prices>
                    <DistanceMatrixElementPrice id="VTR:DistanceMatrixElementPrice:22807178to22807186" version="1">
                      <Amount>2.3</Amount>
                      <DistanceMatrixElementRef ref="VTR:DistanceMatrixElement:22807178to22807186" version="1"/>
                    </DistanceMatrixElementPrice>
                  </prices>
                </DistanceMatrixElement>
                <DistanceMatrixElement id="VTR:DistanceMatrixElement:22807180to22807181" version="1">
                  <Name>Radžiūnai to Kazokai</Name>
                  <StartStopPointRef ref="VTR:ScheduledStopPoint:485792" version="1"/>
                  <EndStopPointRef ref="VTR:ScheduledStopPoint:485793" version="1"/>
                  <prices>
                    <DistanceMatrixElementPrice id="VTR:DistanceMatrixElementPrice:22807180to22807181" version="1">
                      <Amount>0.5</Amount>
                      <DistanceMatrixElementRef ref="VTR:DistanceMatrixElement:22807180to22807181" version="1"/>
                    </DistanceMatrixElementPrice>
                  </prices>
                </DistanceMatrixElement>
                <DistanceMatrixElement id="VTR:DistanceMatrixElement:22807180to22807185" version="1">
                  <Name>Radžiūnai to Luokesa</Name>
                  <StartStopPointRef ref="VTR:ScheduledStopPoint:485792" version="1"/>
                  <EndStopPointRef ref="VTR:ScheduledStopPoint:485797" version="1"/>
                  <prices>
                    <DistanceMatrixElementPrice id="VTR:DistanceMatrixElementPrice:22807180to22807185" version="1">
                      <Amount>1.2</Amount>
                      <DistanceMatrixElementRef ref="VTR:DistanceMatrixElement:22807180to22807185" version="1"/>
                    </DistanceMatrixElementPrice>
                  </prices>
                </DistanceMatrixElement>
                <DistanceMatrixElement id="VTR:DistanceMatrixElement:22807183to22807187" version="1">
                  <Name>Skrebuliai to Molėtų autobusų stotis</Name>
                  <StartStopPointRef ref="VTR:ScheduledStopPoint:485795" version="1"/>
                  <EndStopPointRef ref="VTR:ScheduledStopPoint:485799" version="1"/>
                  <prices>
                    <DistanceMatrixElementPrice id="VTR:DistanceMatrixElementPrice:22807183to22807187" version="1">
                      <Amount>0.8</Amount>
                      <DistanceMatrixElementRef ref="VTR:DistanceMatrixElement:22807183to22807187" version="1"/>
                    </DistanceMatrixElementPrice>
                  </prices>
                </DistanceMatrixElement>
                <DistanceMatrixElement id="VTR:DistanceMatrixElement:22807184to22807187" version="1">
                  <Name>Pakryžė to Molėtų autobusų stotis</Name>
                  <StartStopPointRef ref="VTR:ScheduledStopPoint:485796" version="1"/>
                  <EndStopPointRef ref="VTR:ScheduledStopPoint:485799" version="1"/>
                  <prices>
                    <DistanceMatrixElementPrice id="VTR:DistanceMatrixElementPrice:22807184to22807187" version="1">
                      <Amount>0.5</Amount>
                      <DistanceMatrixElementRef ref="VTR:DistanceMatrixElement:22807184to22807187" version="1"/>
                    </DistanceMatrixElementPrice>
                  </prices>
                </DistanceMatrixElement>
                <DistanceMatrixElement id="VTR:DistanceMatrixElement:22807185to22807186" version="1">
                  <Name>Luokesa to Melioratorių</Name>
                  <StartStopPointRef ref="VTR:ScheduledStopPoint:485797" version="1"/>
                  <EndStopPointRef ref="VTR:ScheduledStopPoint:485798" version="1"/>
                  <prices>
                    <DistanceMatrixElementPrice id="VTR:DistanceMatrixElementPrice:22807185to22807186" version="1">
                      <Amount>0.4</Amount>
                      <DistanceMatrixElementRef ref="VTR:DistanceMatrixElement:22807185to22807186" version="1"/>
                    </DistanceMatrixElementPrice>
                  </prices>
                </DistanceMatrixElement>
                <DistanceMatrixElement id="VTR:DistanceMatrixElement:22807181to22807182" version="1">
                  <Name>Kazokai to Bitėnai</Name>
                  <StartStopPointRef ref="VTR:ScheduledStopPoint:485793" version="1"/>
                  <EndStopPointRef ref="VTR:ScheduledStopPoint:485794" version="1"/>
                  <prices>
                    <DistanceMatrixElementPrice id="VTR:DistanceMatrixElementPrice:22807181to22807182" version="1">
                      <Amount>0.1</Amount>
                      <DistanceMatrixElementRef ref="VTR:DistanceMatrixElement:22807181to22807182" version="1"/>
                    </DistanceMatrixElementPrice>
                  </prices>
                </DistanceMatrixElement>
                <DistanceMatrixElement id="VTR:DistanceMatrixElement:22807182to22807183" version="1">
                  <Name>Bitėnai to Skrebuliai</Name>
                  <StartStopPointRef ref="VTR:ScheduledStopPoint:485794" version="1"/>
                  <EndStopPointRef ref="VTR:ScheduledStopPoint:485795" version="1"/>
                  <prices>
                    <DistanceMatrixElementPrice id="VTR:DistanceMatrixElementPrice:22807182to22807183" version="1">
                      <Amount>0.2</Amount>
                      <DistanceMatrixElementRef ref="VTR:DistanceMatrixElement:22807182to22807183" version="1"/>
                    </DistanceMatrixElementPrice>
                  </prices>
                </DistanceMatrixElement>
                <DistanceMatrixElement id="VTR:DistanceMatrixElement:22807182to22807186" version="1">
                  <Name>Bitėnai to Melioratorių</Name>
                  <StartStopPointRef ref="VTR:ScheduledStopPoint:485794" version="1"/>
                  <EndStopPointRef ref="VTR:ScheduledStopPoint:485798" version="1"/>
                  <prices>
                    <DistanceMatrixElementPrice id="VTR:DistanceMatrixElementPrice:22807182to22807186" version="1">
                      <Amount>1.0</Amount>
                      <DistanceMatrixElementRef ref="VTR:DistanceMatrixElement:22807182to22807186" version="1"/>
                    </DistanceMatrixElementPrice>
                  </prices>
                </DistanceMatrixElement>
                <DistanceMatrixElement id="VTR:DistanceMatrixElement:22807179to22807184" version="1">
                  <Name>Zanėnai to Pakryžė</Name>
                  <StartStopPointRef ref="VTR:ScheduledStopPoint:485791" version="1"/>
                  <EndStopPointRef ref="VTR:ScheduledStopPoint:485796" version="1"/>
                  <prices>
                    <DistanceMatrixElementPrice id="VTR:DistanceMatrixElementPrice:22807179to22807184" version="1">
                      <Amount>1.4</Amount>
                      <DistanceMatrixElementRef ref="VTR:DistanceMatrixElement:22807179to22807184" version="1"/>
                    </DistanceMatrixElementPrice>
                  </prices>
                </DistanceMatrixElement>
                <DistanceMatrixElement id="VTR:DistanceMatrixElement:22807179to22807187" version="1">
                  <Name>Zanėnai to Molėtų autobusų stotis</Name>
                  <StartStopPointRef ref="VTR:ScheduledStopPoint:485791" version="1"/>
                  <EndStopPointRef ref="VTR:ScheduledStopPoint:485799" version="1"/>
                  <prices>
                    <DistanceMatrixElementPrice id="VTR:DistanceMatrixElementPrice:22807179to22807187" version="1">
                      <Amount>1.9</Amount>
                      <DistanceMatrixElementRef ref="VTR:DistanceMatrixElement:22807179to22807187" version="1"/>
                    </DistanceMatrixElementPrice>
                  </prices>
                </DistanceMatrixElement>
                <DistanceMatrixElement id="VTR:DistanceMatrixElement:22807180to22807183" version="1">
                  <Name>Radžiūnai to Skrebuliai</Name>
                  <StartStopPointRef ref="VTR:ScheduledStopPoint:485792" version="1"/>
                  <EndStopPointRef ref="VTR:ScheduledStopPoint:485795" version="1"/>
                  <prices>
                    <DistanceMatrixElementPrice id="VTR:DistanceMatrixElementPrice:22807180to22807183" version="1">
                      <Amount>0.8</Amount>
                      <DistanceMatrixElementRef ref="VTR:DistanceMatrixElement:22807180to22807183" version="1"/>
                    </DistanceMatrixElementPrice>
                  </prices>
                </DistanceMatrixElement>
                <DistanceMatrixElement id="VTR:DistanceMatrixElement:22807176to22807185" version="1">
                  <Name>Juodiškiai to Luokesa</Name>
                  <StartStopPointRef ref="VTR:ScheduledStopPoint:485788" version="1"/>
                  <EndStopPointRef ref="VTR:ScheduledStopPoint:485797" version="1"/>
                  <prices>
                    <DistanceMatrixElementPrice id="VTR:DistanceMatrixElementPrice:22807176to22807185" version="1">
                      <Amount>2.4</Amount>
                      <DistanceMatrixElementRef ref="VTR:DistanceMatrixElement:22807176to22807185" version="1"/>
                    </DistanceMatrixElementPrice>
                  </prices>
                </DistanceMatrixElement>
                <DistanceMatrixElement id="VTR:DistanceMatrixElement:22807182to22807185" version="1">
                  <Name>Bitėnai to Luokesa</Name>
                  <StartStopPointRef ref="VTR:ScheduledStopPoint:485794" version="1"/>
                  <EndStopPointRef ref="VTR:ScheduledStopPoint:485797" version="1"/>
                  <prices>
                    <DistanceMatrixElementPrice id="VTR:DistanceMatrixElementPrice:22807182to22807185" version="1">
                      <Amount>0.6</Amount>
                      <DistanceMatrixElementRef ref="VTR:DistanceMatrixElement:22807182to22807185" version="1"/>
                    </DistanceMatrixElementPrice>
                  </prices>
                </DistanceMatrixElement>
                <DistanceMatrixElement id="VTR:DistanceMatrixElement:22807177to22807180" version="1">
                  <Name>Rudžionys to Radžiūnai</Name>
                  <StartStopPointRef ref="VTR:ScheduledStopPoint:485789" version="1"/>
                  <EndStopPointRef ref="VTR:ScheduledStopPoint:485792" version="1"/>
                  <prices>
                    <DistanceMatrixElementPrice id="VTR:DistanceMatrixElementPrice:22807177to22807180" version="1">
                      <Amount>1.0</Amount>
                      <DistanceMatrixElementRef ref="VTR:DistanceMatrixElement:22807177to22807180" version="1"/>
                    </DistanceMatrixElementPrice>
                  </prices>
                </DistanceMatrixElement>
                <DistanceMatrixElement id="VTR:DistanceMatrixElement:22807177to22807181" version="1">
                  <Name>Rudžionys to Kazokai</Name>
                  <StartStopPointRef ref="VTR:ScheduledStopPoint:485789" version="1"/>
                  <EndStopPointRef ref="VTR:ScheduledStopPoint:485793" version="1"/>
                  <prices>
                    <DistanceMatrixElementPrice id="VTR:DistanceMatrixElementPrice:22807177to22807181" version="1">
                      <Amount>1.5</Amount>
                      <DistanceMatrixElementRef ref="VTR:DistanceMatrixElement:22807177to22807181" version="1"/>
                    </DistanceMatrixElementPrice>
                  </prices>
                </DistanceMatrixElement>
                <DistanceMatrixElement id="VTR:DistanceMatrixElement:22807178to22807179" version="1">
                  <Name>Giedraičiai to Zanėnai</Name>
                  <StartStopPointRef ref="VTR:ScheduledStopPoint:485790" version="1"/>
                  <EndStopPointRef ref="VTR:ScheduledStopPoint:485791" version="1"/>
                  <prices>
                    <DistanceMatrixElementPrice id="VTR:DistanceMatrixElementPrice:22807178to22807179" version="1">
                      <Amount>0.3</Amount>
                      <DistanceMatrixElementRef ref="VTR:DistanceMatrixElement:22807178to22807179" version="1"/>
                    </DistanceMatrixElementPrice>
                  </prices>
                </DistanceMatrixElement>
                <DistanceMatrixElement id="VTR:DistanceMatrixElement:22807178to22807184" version="1">
                  <Name>Giedraičiai to Pakryžė</Name>
                  <StartStopPointRef ref="VTR:ScheduledStopPoint:485790" version="1"/>
                  <EndStopPointRef ref="VTR:ScheduledStopPoint:485796" version="1"/>
                  <prices>
                    <DistanceMatrixElementPrice id="VTR:DistanceMatrixElementPrice:22807178to22807184" version="1">
                      <Amount>1.8</Amount>
                      <DistanceMatrixElementRef ref="VTR:DistanceMatrixElement:22807178to22807184" version="1"/>
                    </DistanceMatrixElementPrice>
                  </prices>
                </DistanceMatrixElement>
                <DistanceMatrixElement id="VTR:DistanceMatrixElement:22807179to22807182" version="1">
                  <Name>Zanėnai to Bitėnai</Name>
                  <StartStopPointRef ref="VTR:ScheduledStopPoint:485791" version="1"/>
                  <EndStopPointRef ref="VTR:ScheduledStopPoint:485794" version="1"/>
                  <prices>
                    <DistanceMatrixElementPrice id="VTR:DistanceMatrixElementPrice:22807179to22807182" version="1">
                      <Amount>0.9</Amount>
                      <DistanceMatrixElementRef ref="VTR:DistanceMatrixElement:22807179to22807182" version="1"/>
                    </DistanceMatrixElementPrice>
                  </prices>
                </DistanceMatrixElement>
                <DistanceMatrixElement id="VTR:DistanceMatrixElement:22807184to22807186" version="1">
                  <Name>Pakryžė to Melioratorių</Name>
                  <StartStopPointRef ref="VTR:ScheduledStopPoint:485796" version="1"/>
                  <EndStopPointRef ref="VTR:ScheduledStopPoint:485798" version="1"/>
                  <prices>
                    <DistanceMatrixElementPrice id="VTR:DistanceMatrixElementPrice:22807184to22807186" version="1">
                      <Amount>0.5</Amount>
                      <DistanceMatrixElementRef ref="VTR:DistanceMatrixElement:22807184to22807186" version="1"/>
                    </DistanceMatrixElementPrice>
                  </prices>
                </DistanceMatrixElement>
              </distanceMatrixElements>
            </Tariff>
          </tariffs>
          <usageParameters>
            <FrequencyOfUse id="VTR:FrequencyOfUse:oneTrip" version="1">
              <FrequencyOfUseType>unlimited</FrequencyOfUseType>
              <MaximalFrequency>1</MaximalFrequency>
            </FrequencyOfUse>
          </usageParameters>
        </FareFrame>
      </frames>
    </CompositeFrame>
  </dataObjects>
</PublicationDelivery>
