<?xml version="1.0" encoding="UTF-8"?><PublicationDelivery xmlns="http://www.netex.org.uk/netex" xmlns:gis="http://www.opengis.net/gml/3.2" xmlns:ns2="http://www.opengis.net/gml/3.2" xmlns:ns3="http://www.siri.org.uk/siri" xmlns:xsi="http://www.w3.org/2001/XMLSchema-instance" version="1" xsi:schemaLocation="">
  <PublicationTimestamp>2022-05-07T04:00:00.271</PublicationTimestamp>
  <ParticipantRef>VTR</ParticipantRef>
  <Description>1</Description>
  <dataObjects>
    <CompositeFrame created="2022-05-07T04:00:00.271" version="1" id="VTR:CompositeFrame:1388">
      <validityConditions>
        <AvailabilityCondition version="1" id="VTR:AvailabilityCondition:1388">
          <FromDate>2016-10-19T14:56:26</FromDate>
          <ToDate>2027-12-30T00:00:00</ToDate>
        </AvailabilityCondition>
      </validityConditions>
      <codespaces>
        <Codespace id="vtr">
          <Xmlns>VTR</Xmlns>
          <XmlnsUrl>http://www.visimarsrutai.lt/</XmlnsUrl>
        </Codespace>
      </codespaces>
      <FrameDefaults>
        <DefaultLocale>
          <TimeZone>Europe/Vilnius</TimeZone>
        </DefaultLocale>
        <DefaultLocationSystem>WGS84</DefaultLocationSystem>
      </FrameDefaults>
      <frames>
        <ServiceCalendarFrame version="1" id="VTR:ServiceCalendarFrame:1388">
          <dayTypes>
            <DayType id="VTR:DayType:914" version="1">
              <properties>
                <PropertyOfDay>
                  <DaysOfWeek>Monday Tuesday Wednesday Thursday Friday</DaysOfWeek>
                </PropertyOfDay>
              </properties>
            </DayType>
          </dayTypes>
          <operatingPeriods>
            <OperatingPeriod version="1" id="VTR:OperatingPeriod:914">
              <FromDate>2015-07-01T00:00:00</FromDate>
              <ToDate>2020-12-31T00:00:00</ToDate>
            </OperatingPeriod>
          </operatingPeriods>
          <dayTypeAssignments>
            <DayTypeAssignment id="VTR:DayTypeAssignment:914_0" version="1" order="1071">
              <OperatingPeriodRef ref="VTR:OperatingPeriod:914" version="1"/>
              <DayTypeRef ref="VTR:DayType:914" version="1"/>
            </DayTypeAssignment>
          </dayTypeAssignments>
        </ServiceCalendarFrame>
        <ServiceFrame id="VTR:ServiceFrame:1388" version="1">
          <Network version="0" id="VTR:Network:9"/>
          <routePoints>
            <RoutePoint version="1" id="VTR:RoutePoint:485775">
              <projections>
                <PointProjection version="1" id="VTR:PointProjection:41980">
                  <ProjectedPointRef ref="VTR:ScheduledStopPoint:485775" version="1"/>
                </PointProjection>
              </projections>
            </RoutePoint>
            <RoutePoint version="1" id="VTR:RoutePoint:485776">
              <projections>
                <PointProjection version="1" id="VTR:PointProjection:4220">
                  <ProjectedPointRef ref="VTR:ScheduledStopPoint:485776" version="1"/>
                </PointProjection>
              </projections>
            </RoutePoint>
            <RoutePoint version="1" id="VTR:RoutePoint:485777">
              <projections>
                <PointProjection version="1" id="VTR:PointProjection:4221">
                  <ProjectedPointRef ref="VTR:ScheduledStopPoint:485777" version="1"/>
                </PointProjection>
              </projections>
            </RoutePoint>
            <RoutePoint version="1" id="VTR:RoutePoint:485778">
              <projections>
                <PointProjection version="1" id="VTR:PointProjection:4222">
                  <ProjectedPointRef ref="VTR:ScheduledStopPoint:485778" version="1"/>
                </PointProjection>
              </projections>
            </RoutePoint>
            <RoutePoint version="1" id="VTR:RoutePoint:485779">
              <projections>
                <PointProjection version="1" id="VTR:PointProjection:4223">
                  <ProjectedPointRef ref="VTR:ScheduledStopPoint:485779" version="1"/>
                </PointProjection>
              </projections>
            </RoutePoint>
            <RoutePoint version="1" id="VTR:RoutePoint:485780">
              <projections>
                <PointProjection version="1" id="VTR:PointProjection:4224">
                  <ProjectedPointRef ref="VTR:ScheduledStopPoint:485780" version="1"/>
                </PointProjection>
              </projections>
            </RoutePoint>
            <RoutePoint version="1" id="VTR:RoutePoint:485781">
              <projections>
                <PointProjection version="1" id="VTR:PointProjection:4225">
                  <ProjectedPointRef ref="VTR:ScheduledStopPoint:485781" version="1"/>
                </PointProjection>
              </projections>
            </RoutePoint>
            <RoutePoint version="1" id="VTR:RoutePoint:485782">
              <projections>
                <PointProjection version="1" id="VTR:PointProjection:4226">
                  <ProjectedPointRef ref="VTR:ScheduledStopPoint:485782" version="1"/>
                </PointProjection>
              </projections>
            </RoutePoint>
            <RoutePoint version="1" id="VTR:RoutePoint:485783">
              <projections>
                <PointProjection version="1" id="VTR:PointProjection:4227">
                  <ProjectedPointRef ref="VTR:ScheduledStopPoint:485783" version="1"/>
                </PointProjection>
              </projections>
            </RoutePoint>
            <RoutePoint version="1" id="VTR:RoutePoint:485784">
              <projections>
                <PointProjection version="1" id="VTR:PointProjection:4228">
                  <ProjectedPointRef ref="VTR:ScheduledStopPoint:485784" version="1"/>
                </PointProjection>
              </projections>
            </RoutePoint>
            <RoutePoint version="1" id="VTR:RoutePoint:485785">
              <projections>
                <PointProjection version="1" id="VTR:PointProjection:4229">
                  <ProjectedPointRef ref="VTR:ScheduledStopPoint:485785" version="1"/>
                </PointProjection>
              </projections>
            </RoutePoint>
            <RoutePoint version="1" id="VTR:RoutePoint:485786">
              <projections>
                <PointProjection version="1" id="VTR:PointProjection:4230">
                  <ProjectedPointRef ref="VTR:ScheduledStopPoint:485786" version="1"/>
                </PointProjection>
              </projections>
            </RoutePoint>
            <RoutePoint version="1" id="VTR:RoutePoint:485787">
              <projections>
                <PointProjection version="1" id="VTR:PointProjection:4231">
                  <ProjectedPointRef ref="VTR:ScheduledStopPoint:485787" version="1"/>
                </PointProjection>
              </projections>
            </RoutePoint>
          </routePoints>
          <routes>
            <Route version="1" id="VTR:Route:12099">
              <Name>Molėtai-Giedraičiai-Juodiškiai</Name>
              <ShortName>Molėtai-Giedraičiai-Juodiškiai</ShortName>
              <LineRef ref="VTR:Line:4402" version="5058"/>
              <DirectionType>outbound</DirectionType>
              <pointsInSequence>
                <PointOnRoute version="1" id="VTR:PointOnRoute:485775" order="1">
                  <RoutePointRef ref="VTR:RoutePoint:485775"/>
                </PointOnRoute>
                <PointOnRoute version="1" id="VTR:PointOnRoute:485776" order="2">
                  <RoutePointRef ref="VTR:RoutePoint:485776"/>
                </PointOnRoute>
                <PointOnRoute version="1" id="VTR:PointOnRoute:485777" order="3">
                  <RoutePointRef ref="VTR:RoutePoint:485777"/>
                </PointOnRoute>
                <PointOnRoute version="1" id="VTR:PointOnRoute:485778" order="4">
                  <RoutePointRef ref="VTR:RoutePoint:485778"/>
                </PointOnRoute>
                <PointOnRoute version="1" id="VTR:PointOnRoute:485779" order="5">
                  <RoutePointRef ref="VTR:RoutePoint:485779"/>
                </PointOnRoute>
                <PointOnRoute version="1" id="VTR:PointOnRoute:485780" order="6">
                  <RoutePointRef ref="VTR:RoutePoint:485780"/>
                </PointOnRoute>
                <PointOnRoute version="1" id="VTR:PointOnRoute:485781" order="7">
                  <RoutePointRef ref="VTR:RoutePoint:485781"/>
                </PointOnRoute>
                <PointOnRoute version="1" id="VTR:PointOnRoute:485782" order="8">
                  <RoutePointRef ref="VTR:RoutePoint:485782"/>
                </PointOnRoute>
                <PointOnRoute version="1" id="VTR:PointOnRoute:485783" order="9">
                  <RoutePointRef ref="VTR:RoutePoint:485783"/>
                </PointOnRoute>
                <PointOnRoute version="1" id="VTR:PointOnRoute:485784" order="10">
                  <RoutePointRef ref="VTR:RoutePoint:485784"/>
                </PointOnRoute>
                <PointOnRoute version="1" id="VTR:PointOnRoute:485785" order="11">
                  <RoutePointRef ref="VTR:RoutePoint:485785"/>
                </PointOnRoute>
                <PointOnRoute version="1" id="VTR:PointOnRoute:485786" order="12">
                  <RoutePointRef ref="VTR:RoutePoint:485786"/>
                </PointOnRoute>
                <PointOnRoute version="1" id="VTR:PointOnRoute:485787" order="13">
                  <RoutePointRef ref="VTR:RoutePoint:485787"/>
                </PointOnRoute>
              </pointsInSequence>
            </Route>
          </routes>
          <lines>
            <Line version="5058" id="VTR:Line:4402">
              <Name>Molėtai - Giedraičiai - Juodiškiai</Name>
              <TransportMode>bus</TransportMode>
              <TransportSubmode>
                <BusSubmode>regionalBus</BusSubmode>
              </TransportSubmode>
              <PublicCode>M-9601</PublicCode>
              <OperatorRef ref="VTR:Operator:9"/>
            </Line>
          </lines>
          <scheduledStopPoints>
            <ScheduledStopPoint version="1" id="VTR:ScheduledStopPoint:485775">
              <Name>Molėtų autobusų stotis</Name>
            </ScheduledStopPoint>
            <ScheduledStopPoint version="1" id="VTR:ScheduledStopPoint:485776">
              <Name>Melioratorių</Name>
            </ScheduledStopPoint>
            <ScheduledStopPoint version="1" id="VTR:ScheduledStopPoint:485777">
              <Name>Luokesa</Name>
            </ScheduledStopPoint>
            <ScheduledStopPoint version="1" id="VTR:ScheduledStopPoint:485778">
              <Name>Pakryžė</Name>
            </ScheduledStopPoint>
            <ScheduledStopPoint version="1" id="VTR:ScheduledStopPoint:485779">
              <Name>Skrebuliai</Name>
            </ScheduledStopPoint>
            <ScheduledStopPoint version="1" id="VTR:ScheduledStopPoint:485780">
              <Name>Bitėnai</Name>
            </ScheduledStopPoint>
            <ScheduledStopPoint version="1" id="VTR:ScheduledStopPoint:485781">
              <Name>Kazokai</Name>
            </ScheduledStopPoint>
            <ScheduledStopPoint version="1" id="VTR:ScheduledStopPoint:485782">
              <Name>Bijutiškis</Name>
            </ScheduledStopPoint>
            <ScheduledStopPoint version="1" id="VTR:ScheduledStopPoint:485783">
              <Name>Radžiūnai</Name>
            </ScheduledStopPoint>
            <ScheduledStopPoint version="1" id="VTR:ScheduledStopPoint:485784">
              <Name>Zanėnai</Name>
            </ScheduledStopPoint>
            <ScheduledStopPoint version="1" id="VTR:ScheduledStopPoint:485785">
              <Name>Giedraičiai</Name>
            </ScheduledStopPoint>
            <ScheduledStopPoint version="1" id="VTR:ScheduledStopPoint:485786">
              <Name>Rudžionys</Name>
            </ScheduledStopPoint>
            <ScheduledStopPoint version="1" id="VTR:ScheduledStopPoint:485787">
              <Name>Juodiškiai</Name>
            </ScheduledStopPoint>
          </scheduledStopPoints>
          <serviceLinks>
            <ServiceLink id="VTR:ServiceLink:485784_1_485785_1" version="1">
              <Distance>3</Distance>
              <FromPointRef ref="VTR:ScheduledStopPoint:485784" version="1"/>
              <ToPointRef ref="VTR:ScheduledStopPoint:485785" version="1"/>
            </ServiceLink>
            <ServiceLink id="VTR:ServiceLink:485775_1_485776_1" version="1">
              <Distance>2</Distance>
              <FromPointRef ref="VTR:ScheduledStopPoint:485775" version="1"/>
              <ToPointRef ref="VTR:ScheduledStopPoint:485776" version="1"/>
            </ServiceLink>
            <ServiceLink id="VTR:ServiceLink:485785_1_485786_1" version="1">
              <Distance>3</Distance>
              <FromPointRef ref="VTR:ScheduledStopPoint:485785" version="1"/>
              <ToPointRef ref="VTR:ScheduledStopPoint:485786" version="1"/>
            </ServiceLink>
            <ServiceLink id="VTR:ServiceLink:485777_1_485778_1" version="1">
              <Distance>1</Distance>
              <FromPointRef ref="VTR:ScheduledStopPoint:485777" version="1"/>
              <ToPointRef ref="VTR:ScheduledStopPoint:485778" version="1"/>
            </ServiceLink>
            <ServiceLink id="VTR:ServiceLink:485776_1_485777_1" version="1">
              <Distance>1</Distance>
              <FromPointRef ref="VTR:ScheduledStopPoint:485776" version="1"/>
              <ToPointRef ref="VTR:ScheduledStopPoint:485777" version="1"/>
            </ServiceLink>
            <ServiceLink id="VTR:ServiceLink:485778_1_485779_1" version="1">
              <Distance>2</Distance>
              <FromPointRef ref="VTR:ScheduledStopPoint:485778" version="1"/>
              <ToPointRef ref="VTR:ScheduledStopPoint:485779" version="1"/>
            </ServiceLink>
            <ServiceLink id="VTR:ServiceLink:485782_1_485783_1" version="1">
              <Distance>6</Distance>
              <FromPointRef ref="VTR:ScheduledStopPoint:485782" version="1"/>
              <ToPointRef ref="VTR:ScheduledStopPoint:485783" version="1"/>
            </ServiceLink>
            <ServiceLink id="VTR:ServiceLink:485786_1_485787_1" version="1">
              <Distance>2</Distance>
              <FromPointRef ref="VTR:ScheduledStopPoint:485786" version="1"/>
              <ToPointRef ref="VTR:ScheduledStopPoint:485787" version="1"/>
            </ServiceLink>
            <ServiceLink id="VTR:ServiceLink:485783_1_485784_1" version="1">
              <Distance>3</Distance>
              <FromPointRef ref="VTR:ScheduledStopPoint:485783" version="1"/>
              <ToPointRef ref="VTR:ScheduledStopPoint:485784" version="1"/>
            </ServiceLink>
            <ServiceLink id="VTR:ServiceLink:485780_1_485781_1" version="1">
              <Distance>1</Distance>
              <FromPointRef ref="VTR:ScheduledStopPoint:485780" version="1"/>
              <ToPointRef ref="VTR:ScheduledStopPoint:485781" version="1"/>
            </ServiceLink>
            <ServiceLink id="VTR:ServiceLink:485779_1_485780_1" version="1">
              <Distance>2</Distance>
              <FromPointRef ref="VTR:ScheduledStopPoint:485779" version="1"/>
              <ToPointRef ref="VTR:ScheduledStopPoint:485780" version="1"/>
            </ServiceLink>
            <ServiceLink id="VTR:ServiceLink:485781_1_485782_1" version="1">
              <Distance>2</Distance>
              <FromPointRef ref="VTR:ScheduledStopPoint:485781" version="1"/>
              <ToPointRef ref="VTR:ScheduledStopPoint:485782" version="1"/>
            </ServiceLink>
          </serviceLinks>
          <stopAssignments>
            <PassengerStopAssignment order="1209900000" id="VTR:PassengerStopAssignment:485775" version="1">
              <ScheduledStopPointRef ref="VTR:ScheduledStopPoint:485775" version="1"/>
              <QuayRef ref="VTR:Quay:19482"/>
            </PassengerStopAssignment>
            <PassengerStopAssignment order="1209900001" id="VTR:PassengerStopAssignment:485776" version="1">
              <ScheduledStopPointRef ref="VTR:ScheduledStopPoint:485776" version="1"/>
              <QuayRef ref="VTR:Quay:12012"/>
            </PassengerStopAssignment>
            <PassengerStopAssignment order="1209900002" id="VTR:PassengerStopAssignment:485777" version="1">
              <ScheduledStopPointRef ref="VTR:ScheduledStopPoint:485777" version="1"/>
              <QuayRef ref="VTR:Quay:12277"/>
            </PassengerStopAssignment>
            <PassengerStopAssignment order="1209900003" id="VTR:PassengerStopAssignment:485778" version="1">
              <ScheduledStopPointRef ref="VTR:ScheduledStopPoint:485778" version="1"/>
              <QuayRef ref="VTR:Quay:7476"/>
            </PassengerStopAssignment>
            <PassengerStopAssignment order="1209900004" id="VTR:PassengerStopAssignment:485779" version="1">
              <ScheduledStopPointRef ref="VTR:ScheduledStopPoint:485779" version="1"/>
              <QuayRef ref="VTR:Quay:15383"/>
            </PassengerStopAssignment>
            <PassengerStopAssignment order="1209900005" id="VTR:PassengerStopAssignment:485780" version="1">
              <ScheduledStopPointRef ref="VTR:ScheduledStopPoint:485780" version="1"/>
              <QuayRef ref="VTR:Quay:12350"/>
            </PassengerStopAssignment>
            <PassengerStopAssignment order="1209900006" id="VTR:PassengerStopAssignment:485781" version="1">
              <ScheduledStopPointRef ref="VTR:ScheduledStopPoint:485781" version="1"/>
              <QuayRef ref="VTR:Quay:7413"/>
            </PassengerStopAssignment>
            <PassengerStopAssignment order="1209900007" id="VTR:PassengerStopAssignment:485782" version="1">
              <ScheduledStopPointRef ref="VTR:ScheduledStopPoint:485782" version="1"/>
              <QuayRef ref="VTR:Quay:11351"/>
            </PassengerStopAssignment>
            <PassengerStopAssignment order="1209900008" id="VTR:PassengerStopAssignment:485783" version="1">
              <ScheduledStopPointRef ref="VTR:ScheduledStopPoint:485783" version="1"/>
              <QuayRef ref="VTR:Quay:12376"/>
            </PassengerStopAssignment>
            <PassengerStopAssignment order="1209900009" id="VTR:PassengerStopAssignment:485784" version="1">
              <ScheduledStopPointRef ref="VTR:ScheduledStopPoint:485784" version="1"/>
              <QuayRef ref="VTR:Quay:8383"/>
            </PassengerStopAssignment>
            <PassengerStopAssignment order="1209900010" id="VTR:PassengerStopAssignment:485785" version="1">
              <ScheduledStopPointRef ref="VTR:ScheduledStopPoint:485785" version="1"/>
              <QuayRef ref="VTR:Quay:12375"/>
            </PassengerStopAssignment>
            <PassengerStopAssignment order="1209900011" id="VTR:PassengerStopAssignment:485786" version="1">
              <ScheduledStopPointRef ref="VTR:ScheduledStopPoint:485786" version="1"/>
              <QuayRef ref="VTR:Quay:7089"/>
            </PassengerStopAssignment>
            <PassengerStopAssignment order="1209900012" id="VTR:PassengerStopAssignment:485787" version="1">
              <ScheduledStopPointRef ref="VTR:ScheduledStopPoint:485787" version="1"/>
              <QuayRef ref="VTR:Quay:12028"/>
            </PassengerStopAssignment>
          </stopAssignments>
          <journeyPatterns>
            <JourneyPattern id="VTR:JourneyPattern:872330" version="872638">
              <Name>9601-1</Name>
              <RouteRef ref="VTR:Route:12099" version="1"/>
              <pointsInSequence>
                <StopPointInJourneyPattern id="VTR:StopPointInJourneyPattern:22807163" version="872638" order="1">
                  <ScheduledStopPointRef ref="VTR:ScheduledStopPoint:485775"/>
                  <DestinationDisplayRef ref="VTR:DestinationDisplay:1"/>
                </StopPointInJourneyPattern>
                <StopPointInJourneyPattern id="VTR:StopPointInJourneyPattern:22807164" version="872638" order="2">
                  <ScheduledStopPointRef ref="VTR:ScheduledStopPoint:485776"/>
                  <DestinationDisplayRef ref="VTR:DestinationDisplay:1"/>
                </StopPointInJourneyPattern>
                <StopPointInJourneyPattern id="VTR:StopPointInJourneyPattern:22807165" version="872638" order="3">
                  <ScheduledStopPointRef ref="VTR:ScheduledStopPoint:485777"/>
                  <DestinationDisplayRef ref="VTR:DestinationDisplay:1"/>
                </StopPointInJourneyPattern>
                <StopPointInJourneyPattern id="VTR:StopPointInJourneyPattern:22807166" version="872638" order="4">
                  <ScheduledStopPointRef ref="VTR:ScheduledStopPoint:485778"/>
                  <DestinationDisplayRef ref="VTR:DestinationDisplay:1"/>
                </StopPointInJourneyPattern>
                <StopPointInJourneyPattern id="VTR:StopPointInJourneyPattern:22807167" version="872638" order="5">
                  <ScheduledStopPointRef ref="VTR:ScheduledStopPoint:485779"/>
                  <DestinationDisplayRef ref="VTR:DestinationDisplay:1"/>
                </StopPointInJourneyPattern>
                <StopPointInJourneyPattern id="VTR:StopPointInJourneyPattern:22807168" version="872638" order="6">
                  <ScheduledStopPointRef ref="VTR:ScheduledStopPoint:485780"/>
                  <DestinationDisplayRef ref="VTR:DestinationDisplay:1"/>
                </StopPointInJourneyPattern>
                <StopPointInJourneyPattern id="VTR:StopPointInJourneyPattern:22807169" version="872638" order="7">
                  <ScheduledStopPointRef ref="VTR:ScheduledStopPoint:485781"/>
                  <DestinationDisplayRef ref="VTR:DestinationDisplay:1"/>
                </StopPointInJourneyPattern>
                <StopPointInJourneyPattern id="VTR:StopPointInJourneyPattern:22807170" version="872638" order="8">
                  <ScheduledStopPointRef ref="VTR:ScheduledStopPoint:485782"/>
                  <DestinationDisplayRef ref="VTR:DestinationDisplay:1"/>
                </StopPointInJourneyPattern>
                <StopPointInJourneyPattern id="VTR:StopPointInJourneyPattern:22807171" version="872638" order="9">
                  <ScheduledStopPointRef ref="VTR:ScheduledStopPoint:485783"/>
                  <DestinationDisplayRef ref="VTR:DestinationDisplay:1"/>
                </StopPointInJourneyPattern>
                <StopPointInJourneyPattern id="VTR:StopPointInJourneyPattern:22807172" version="872638" order="10">
                  <ScheduledStopPointRef ref="VTR:ScheduledStopPoint:485784"/>
                  <DestinationDisplayRef ref="VTR:DestinationDisplay:1"/>
                </StopPointInJourneyPattern>
                <StopPointInJourneyPattern id="VTR:StopPointInJourneyPattern:22807173" version="872638" order="11">
                  <ScheduledStopPointRef ref="VTR:ScheduledStopPoint:485785"/>
                  <DestinationDisplayRef ref="VTR:DestinationDisplay:1"/>
                </StopPointInJourneyPattern>
                <StopPointInJourneyPattern id="VTR:StopPointInJourneyPattern:22807174" version="872638" order="12">
                  <ScheduledStopPointRef ref="VTR:ScheduledStopPoint:485786"/>
                  <DestinationDisplayRef ref="VTR:DestinationDisplay:1"/>
                </StopPointInJourneyPattern>
                <StopPointInJourneyPattern id="VTR:StopPointInJourneyPattern:22807175" version="872638" order="13">
                  <ScheduledStopPointRef ref="VTR:ScheduledStopPoint:485787"/>
                  <DestinationDisplayRef ref="VTR:DestinationDisplay:1"/>
                </StopPointInJourneyPattern>
              </pointsInSequence>
            </JourneyPattern>
          </journeyPatterns>
        </ServiceFrame>
        <TimetableFrame version="1" id="VTR:TimetableFrame:1388">
          <vehicleJourneys>
            <ServiceJourney version="872638" id="VTR:ServiceJourney:872330">
              <Name>Molėtai-Giedraičiai-Juodiškiai</Name>
              <PrivateCode>9601-1</PrivateCode>
              <dayTypes>
                <DayTypeRef ref="VTR:DayType:914"/>
              </dayTypes>
              <JourneyPatternRef version="872638" ref="VTR:JourneyPattern:872330"/>
              <OperatorRef ref="VTR:Operator:362"/>
              <LineRef ref="VTR:Line:4402" version="5058"/>
              <passingTimes>
                <TimetabledPassingTime version="872638" id="VTR:TimetabledPassingTime:872330_22807163_1">
                  <StopPointInJourneyPatternRef ref="VTR:StopPointInJourneyPattern:22807163" version="872638"/>
                  <DepartureTime>06:20:00</DepartureTime>
                  <DepartureDayOffset>0</DepartureDayOffset>
                </TimetabledPassingTime>
                <TimetabledPassingTime version="872638" id="VTR:TimetabledPassingTime:872330_22807164_2">
                  <StopPointInJourneyPatternRef ref="VTR:StopPointInJourneyPattern:22807164" version="872638"/>
                  <DepartureTime>06:25:00</DepartureTime>
                  <DepartureDayOffset>0</DepartureDayOffset>
                </TimetabledPassingTime>
                <TimetabledPassingTime version="872638" id="VTR:TimetabledPassingTime:872330_22807165_3">
                  <StopPointInJourneyPatternRef ref="VTR:StopPointInJourneyPattern:22807165" version="872638"/>
                  <DepartureTime>06:28:00</DepartureTime>
                  <DepartureDayOffset>0</DepartureDayOffset>
                </TimetabledPassingTime>
                <TimetabledPassingTime version="872638" id="VTR:TimetabledPassingTime:872330_22807166_4">
                  <StopPointInJourneyPatternRef ref="VTR:StopPointInJourneyPattern:22807166" version="872638"/>
                  <DepartureTime>06:30:00</DepartureTime>
                  <DepartureDayOffset>0</DepartureDayOffset>
                </TimetabledPassingTime>
                <TimetabledPassingTime version="872638" id="VTR:TimetabledPassingTime:872330_22807167_5">
                  <StopPointInJourneyPatternRef ref="VTR:StopPointInJourneyPattern:22807167" version="872638"/>
                  <DepartureTime>06:34:00</DepartureTime>
                  <DepartureDayOffset>0</DepartureDayOffset>
                </TimetabledPassingTime>
                <TimetabledPassingTime version="872638" id="VTR:TimetabledPassingTime:872330_22807168_6">
                  <StopPointInJourneyPatternRef ref="VTR:StopPointInJourneyPattern:22807168" version="872638"/>
                  <DepartureTime>06:38:00</DepartureTime>
                  <DepartureDayOffset>0</DepartureDayOffset>
                </TimetabledPassingTime>
                <TimetabledPassingTime version="872638" id="VTR:TimetabledPassingTime:872330_22807169_7">
                  <StopPointInJourneyPatternRef ref="VTR:StopPointInJourneyPattern:22807169" version="872638"/>
                  <DepartureTime>06:40:00</DepartureTime>
                  <DepartureDayOffset>0</DepartureDayOffset>
                </TimetabledPassingTime>
                <TimetabledPassingTime version="872638" id="VTR:TimetabledPassingTime:872330_22807170_8">
                  <StopPointInJourneyPatternRef ref="VTR:StopPointInJourneyPattern:22807170" version="872638"/>
                  <DepartureTime>06:43:00</DepartureTime>
                  <DepartureDayOffset>0</DepartureDayOffset>
                </TimetabledPassingTime>
                <TimetabledPassingTime version="872638" id="VTR:TimetabledPassingTime:872330_22807171_9">
                  <StopPointInJourneyPatternRef ref="VTR:StopPointInJourneyPattern:22807171" version="872638"/>
                  <DepartureTime>06:53:00</DepartureTime>
                  <DepartureDayOffset>0</DepartureDayOffset>
                </TimetabledPassingTime>
                <TimetabledPassingTime version="872638" id="VTR:TimetabledPassingTime:872330_22807172_10">
                  <StopPointInJourneyPatternRef ref="VTR:StopPointInJourneyPattern:22807172" version="872638"/>
                  <DepartureTime>06:57:00</DepartureTime>
                  <DepartureDayOffset>0</DepartureDayOffset>
                </TimetabledPassingTime>
                <TimetabledPassingTime version="872638" id="VTR:TimetabledPassingTime:872330_22807173_11">
                  <StopPointInJourneyPatternRef ref="VTR:StopPointInJourneyPattern:22807173" version="872638"/>
                  <DepartureTime>07:01:00</DepartureTime>
                  <DepartureDayOffset>0</DepartureDayOffset>
                </TimetabledPassingTime>
                <TimetabledPassingTime version="872638" id="VTR:TimetabledPassingTime:872330_22807174_12">
                  <StopPointInJourneyPatternRef ref="VTR:StopPointInJourneyPattern:22807174" version="872638"/>
                  <DepartureTime>07:04:00</DepartureTime>
                  <DepartureDayOffset>0</DepartureDayOffset>
                </TimetabledPassingTime>
                <TimetabledPassingTime version="872638" id="VTR:TimetabledPassingTime:872330_22807175_13">
                  <StopPointInJourneyPatternRef ref="VTR:StopPointInJourneyPattern:22807175" version="872638"/>
                  <DepartureTime>07:07:00</DepartureTime>
                  <DepartureDayOffset>0</DepartureDayOffset>
                </TimetabledPassingTime>
              </passingTimes>
            </ServiceJourney>
          </vehicleJourneys>
        </TimetableFrame>
        <ResourceFrame version="1" id="VTR:ResourceFrame:1388">
          <organisations>
            <Authority version="1" id="VTR:Authority:9">
              <CompanyNumber>62</CompanyNumber>
              <Name>Molėtų r. sav.</Name>
              <LegalName>Molėtų r. sav.</LegalName>
              <ContactDetails>
                <Email>savivaldybe@moletai.lt</Email>
                <Phone>838354761</Phone>
                <Url>www.moletai.lt</Url>
              </ContactDetails>
              <OrganisationType>authority</OrganisationType>
            </Authority>
          </organisations>
        </ResourceFrame>
        <FareFrame id="VTR:FareFrame:4402" version="1">
          <FrameDefaults>
            <DefaultCurrency>EUR</DefaultCurrency>
          </FrameDefaults>
          <fareStructureElements>
            <FareStructureElement id="VTR:FareStructureElement:pricematrix" version="1">
              <distanceMatrixElements>
                <DistanceMatrixElementRef ref="VTR:DistanceMatrixElement:22807163to22807174" version="1"/>
                <DistanceMatrixElementRef ref="VTR:DistanceMatrixElement:22807165to22807167" version="1"/>
                <DistanceMatrixElementRef ref="VTR:DistanceMatrixElement:22807171to22807173" version="1"/>
                <DistanceMatrixElementRef ref="VTR:DistanceMatrixElement:22807171to22807175" version="1"/>
                <DistanceMatrixElementRef ref="VTR:DistanceMatrixElement:22807172to22807175" version="1"/>
                <DistanceMatrixElementRef ref="VTR:DistanceMatrixElement:22807166to22807169" version="1"/>
                <DistanceMatrixElementRef ref="VTR:DistanceMatrixElement:22807167to22807173" version="1"/>
                <DistanceMatrixElementRef ref="VTR:DistanceMatrixElement:22807168to22807169" version="1"/>
                <DistanceMatrixElementRef ref="VTR:DistanceMatrixElement:22807168to22807171" version="1"/>
                <DistanceMatrixElementRef ref="VTR:DistanceMatrixElement:22807169to22807170" version="1"/>
                <DistanceMatrixElementRef ref="VTR:DistanceMatrixElement:22807163to22807168" version="1"/>
                <DistanceMatrixElementRef ref="VTR:DistanceMatrixElement:22807163to22807172" version="1"/>
                <DistanceMatrixElementRef ref="VTR:DistanceMatrixElement:22807164to22807166" version="1"/>
                <DistanceMatrixElementRef ref="VTR:DistanceMatrixElement:22807164to22807170" version="1"/>
                <DistanceMatrixElementRef ref="VTR:DistanceMatrixElement:22807173to22807174" version="1"/>
                <DistanceMatrixElementRef ref="VTR:DistanceMatrixElement:22807163to22807167" version="1"/>
                <DistanceMatrixElementRef ref="VTR:DistanceMatrixElement:22807163to22807170" version="1"/>
                <DistanceMatrixElementRef ref="VTR:DistanceMatrixElement:22807163to22807171" version="1"/>
                <DistanceMatrixElementRef ref="VTR:DistanceMatrixElement:22807164to22807169" version="1"/>
                <DistanceMatrixElementRef ref="VTR:DistanceMatrixElement:22807164to22807171" version="1"/>
                <DistanceMatrixElementRef ref="VTR:DistanceMatrixElement:22807164to22807175" version="1"/>
                <DistanceMatrixElementRef ref="VTR:DistanceMatrixElement:22807165to22807171" version="1"/>
                <DistanceMatrixElementRef ref="VTR:DistanceMatrixElement:22807165to22807174" version="1"/>
                <DistanceMatrixElementRef ref="VTR:DistanceMatrixElement:22807165to22807175" version="1"/>
                <DistanceMatrixElementRef ref="VTR:DistanceMatrixElement:22807174to22807175" version="1"/>
                <DistanceMatrixElementRef ref="VTR:DistanceMatrixElement:22807170to22807171" version="1"/>
                <DistanceMatrixElementRef ref="VTR:DistanceMatrixElement:22807172to22807173" version="1"/>
                <DistanceMatrixElementRef ref="VTR:DistanceMatrixElement:22807167to22807170" version="1"/>
                <DistanceMatrixElementRef ref="VTR:DistanceMatrixElement:22807163to22807166" version="1"/>
                <DistanceMatrixElementRef ref="VTR:DistanceMatrixElement:22807163to22807169" version="1"/>
                <DistanceMatrixElementRef ref="VTR:DistanceMatrixElement:22807164to22807165" version="1"/>
                <DistanceMatrixElementRef ref="VTR:DistanceMatrixElement:22807165to22807169" version="1"/>
                <DistanceMatrixElementRef ref="VTR:DistanceMatrixElement:22807165to22807170" version="1"/>
                <DistanceMatrixElementRef ref="VTR:DistanceMatrixElement:22807165to22807173" version="1"/>
                <DistanceMatrixElementRef ref="VTR:DistanceMatrixElement:22807170to22807174" version="1"/>
                <DistanceMatrixElementRef ref="VTR:DistanceMatrixElement:22807170to22807175" version="1"/>
                <DistanceMatrixElementRef ref="VTR:DistanceMatrixElement:22807171to22807174" version="1"/>
                <DistanceMatrixElementRef ref="VTR:DistanceMatrixElement:22807166to22807170" version="1"/>
                <DistanceMatrixElementRef ref="VTR:DistanceMatrixElement:22807166to22807174" version="1"/>
                <DistanceMatrixElementRef ref="VTR:DistanceMatrixElement:22807167to22807168" version="1"/>
                <DistanceMatrixElementRef ref="VTR:DistanceMatrixElement:22807167to22807175" version="1"/>
                <DistanceMatrixElementRef ref="VTR:DistanceMatrixElement:22807169to22807173" version="1"/>
                <DistanceMatrixElementRef ref="VTR:DistanceMatrixElement:22807163to22807164" version="1"/>
                <DistanceMatrixElementRef ref="VTR:DistanceMatrixElement:22807163to22807165" version="1"/>
                <DistanceMatrixElementRef ref="VTR:DistanceMatrixElement:22807170to22807172" version="1"/>
                <DistanceMatrixElementRef ref="VTR:DistanceMatrixElement:22807171to22807172" version="1"/>
                <DistanceMatrixElementRef ref="VTR:DistanceMatrixElement:22807166to22807175" version="1"/>
                <DistanceMatrixElementRef ref="VTR:DistanceMatrixElement:22807168to22807170" version="1"/>
                <DistanceMatrixElementRef ref="VTR:DistanceMatrixElement:22807168to22807173" version="1"/>
                <DistanceMatrixElementRef ref="VTR:DistanceMatrixElement:22807168to22807175" version="1"/>
                <DistanceMatrixElementRef ref="VTR:DistanceMatrixElement:22807169to22807171" version="1"/>
                <DistanceMatrixElementRef ref="VTR:DistanceMatrixElement:22807164to22807167" version="1"/>
                <DistanceMatrixElementRef ref="VTR:DistanceMatrixElement:22807164to22807174" version="1"/>
                <DistanceMatrixElementRef ref="VTR:DistanceMatrixElement:22807166to22807168" version="1"/>
                <DistanceMatrixElementRef ref="VTR:DistanceMatrixElement:22807166to22807171" version="1"/>
                <DistanceMatrixElementRef ref="VTR:DistanceMatrixElement:22807166to22807172" version="1"/>
                <DistanceMatrixElementRef ref="VTR:DistanceMatrixElement:22807167to22807172" version="1"/>
                <DistanceMatrixElementRef ref="VTR:DistanceMatrixElement:22807168to22807172" version="1"/>
                <DistanceMatrixElementRef ref="VTR:DistanceMatrixElement:22807169to22807174" version="1"/>
                <DistanceMatrixElementRef ref="VTR:DistanceMatrixElement:22807169to22807175" version="1"/>
                <DistanceMatrixElementRef ref="VTR:DistanceMatrixElement:22807164to22807168" version="1"/>
                <DistanceMatrixElementRef ref="VTR:DistanceMatrixElement:22807164to22807172" version="1"/>
                <DistanceMatrixElementRef ref="VTR:DistanceMatrixElement:22807165to22807168" version="1"/>
                <DistanceMatrixElementRef ref="VTR:DistanceMatrixElement:22807166to22807173" version="1"/>
                <DistanceMatrixElementRef ref="VTR:DistanceMatrixElement:22807167to22807169" version="1"/>
                <DistanceMatrixElementRef ref="VTR:DistanceMatrixElement:22807169to22807172" version="1"/>
                <DistanceMatrixElementRef ref="VTR:DistanceMatrixElement:22807163to22807173" version="1"/>
                <DistanceMatrixElementRef ref="VTR:DistanceMatrixElement:22807163to22807175" version="1"/>
                <DistanceMatrixElementRef ref="VTR:DistanceMatrixElement:22807164to22807173" version="1"/>
                <DistanceMatrixElementRef ref="VTR:DistanceMatrixElement:22807165to22807166" version="1"/>
                <DistanceMatrixElementRef ref="VTR:DistanceMatrixElement:22807165to22807172" version="1"/>
                <DistanceMatrixElementRef ref="VTR:DistanceMatrixElement:22807170to22807173" version="1"/>
                <DistanceMatrixElementRef ref="VTR:DistanceMatrixElement:22807172to22807174" version="1"/>
                <DistanceMatrixElementRef ref="VTR:DistanceMatrixElement:22807166to22807167" version="1"/>
                <DistanceMatrixElementRef ref="VTR:DistanceMatrixElement:22807173to22807175" version="1"/>
                <DistanceMatrixElementRef ref="VTR:DistanceMatrixElement:22807167to22807171" version="1"/>
                <DistanceMatrixElementRef ref="VTR:DistanceMatrixElement:22807167to22807174" version="1"/>
                <DistanceMatrixElementRef ref="VTR:DistanceMatrixElement:22807168to22807174" version="1"/>
              </distanceMatrixElements>
            </FareStructureElement>
          </fareStructureElements>
          <tariffs>
            <Tariff id="VTR:Tariff:pointToPointInSeparateJourney_4402" version="1">
              <Name>Point to point tariff</Name>
              <distanceMatrixElements>
                <DistanceMatrixElement id="VTR:DistanceMatrixElement:22807163to22807174" version="1">
                  <Name>Molėtų autobusų stotis to Rudžionys</Name>
                  <StartStopPointRef ref="VTR:ScheduledStopPoint:485775" version="1"/>
                  <EndStopPointRef ref="VTR:ScheduledStopPoint:485786" version="1"/>
                  <prices>
                    <DistanceMatrixElementPrice id="VTR:DistanceMatrixElementPrice:22807163to22807174" version="1">
                      <Amount>3.0</Amount>
                      <DistanceMatrixElementRef ref="VTR:DistanceMatrixElement:22807163to22807174" version="1"/>
                    </DistanceMatrixElementPrice>
                  </prices>
                </DistanceMatrixElement>
                <DistanceMatrixElement id="VTR:DistanceMatrixElement:22807165to22807167" version="1">
                  <Name>Luokesa to Skrebuliai</Name>
                  <StartStopPointRef ref="VTR:ScheduledStopPoint:485777" version="1"/>
                  <EndStopPointRef ref="VTR:ScheduledStopPoint:485779" version="1"/>
                  <prices>
                    <DistanceMatrixElementPrice id="VTR:DistanceMatrixElementPrice:22807165to22807167" version="1">
                      <Amount>0.4</Amount>
                      <DistanceMatrixElementRef ref="VTR:DistanceMatrixElement:22807165to22807167" version="1"/>
                    </DistanceMatrixElementPrice>
                  </prices>
                </DistanceMatrixElement>
                <DistanceMatrixElement id="VTR:DistanceMatrixElement:22807171to22807173" version="1">
                  <Name>Radžiūnai to Giedraičiai</Name>
                  <StartStopPointRef ref="VTR:ScheduledStopPoint:485783" version="1"/>
                  <EndStopPointRef ref="VTR:ScheduledStopPoint:485785" version="1"/>
                  <prices>
                    <DistanceMatrixElementPrice id="VTR:DistanceMatrixElementPrice:22807171to22807173" version="1">
                      <Amount>0.7</Amount>
                      <DistanceMatrixElementRef ref="VTR:DistanceMatrixElement:22807171to22807173" version="1"/>
                    </DistanceMatrixElementPrice>
                  </prices>
                </DistanceMatrixElement>
                <DistanceMatrixElement id="VTR:DistanceMatrixElement:22807171to22807175" version="1">
                  <Name>Radžiūnai to Juodiškiai</Name>
                  <StartStopPointRef ref="VTR:ScheduledStopPoint:485783" version="1"/>
                  <EndStopPointRef ref="VTR:ScheduledStopPoint:485787" version="1"/>
                  <prices>
                    <DistanceMatrixElementPrice id="VTR:DistanceMatrixElementPrice:22807171to22807175" version="1">
                      <Amount>1.2</Amount>
                      <DistanceMatrixElementRef ref="VTR:DistanceMatrixElement:22807171to22807175" version="1"/>
                    </DistanceMatrixElementPrice>
                  </prices>
                </DistanceMatrixElement>
                <DistanceMatrixElement id="VTR:DistanceMatrixElement:22807172to22807175" version="1">
                  <Name>Zanėnai to Juodiškiai</Name>
                  <StartStopPointRef ref="VTR:ScheduledStopPoint:485784" version="1"/>
                  <EndStopPointRef ref="VTR:ScheduledStopPoint:485787" version="1"/>
                  <prices>
                    <DistanceMatrixElementPrice id="VTR:DistanceMatrixElementPrice:22807172to22807175" version="1">
                      <Amount>0.9</Amount>
                      <DistanceMatrixElementRef ref="VTR:DistanceMatrixElement:22807172to22807175" version="1"/>
                    </DistanceMatrixElementPrice>
                  </prices>
                </DistanceMatrixElement>
                <DistanceMatrixElement id="VTR:DistanceMatrixElement:22807166to22807169" version="1">
                  <Name>Pakryžė to Kazokai</Name>
                  <StartStopPointRef ref="VTR:ScheduledStopPoint:485778" version="1"/>
                  <EndStopPointRef ref="VTR:ScheduledStopPoint:485781" version="1"/>
                  <prices>
                    <DistanceMatrixElementPrice id="VTR:DistanceMatrixElementPrice:22807166to22807169" version="1">
                      <Amount>0.6</Amount>
                      <DistanceMatrixElementRef ref="VTR:DistanceMatrixElement:22807166to22807169" version="1"/>
                    </DistanceMatrixElementPrice>
                  </prices>
                </DistanceMatrixElement>
                <DistanceMatrixElement id="VTR:DistanceMatrixElement:22807167to22807173" version="1">
                  <Name>Skrebuliai to Giedraičiai</Name>
                  <StartStopPointRef ref="VTR:ScheduledStopPoint:485779" version="1"/>
                  <EndStopPointRef ref="VTR:ScheduledStopPoint:485785" version="1"/>
                  <prices>
                    <DistanceMatrixElementPrice id="VTR:DistanceMatrixElementPrice:22807167to22807173" version="1">
                      <Amount>1.9</Amount>
                      <DistanceMatrixElementRef ref="VTR:DistanceMatrixElement:22807167to22807173" version="1"/>
                    </DistanceMatrixElementPrice>
                  </prices>
                </DistanceMatrixElement>
                <DistanceMatrixElement id="VTR:DistanceMatrixElement:22807168to22807169" version="1">
                  <Name>Bitėnai to Kazokai</Name>
                  <StartStopPointRef ref="VTR:ScheduledStopPoint:485780" version="1"/>
                  <EndStopPointRef ref="VTR:ScheduledStopPoint:485781" version="1"/>
                  <prices>
                    <DistanceMatrixElementPrice id="VTR:DistanceMatrixElementPrice:22807168to22807169" version="1">
                      <Amount>0.1</Amount>
                      <DistanceMatrixElementRef ref="VTR:DistanceMatrixElement:22807168to22807169" version="1"/>
                    </DistanceMatrixElementPrice>
                  </prices>
                </DistanceMatrixElement>
                <DistanceMatrixElement id="VTR:DistanceMatrixElement:22807168to22807171" version="1">
                  <Name>Bitėnai to Radžiūnai</Name>
                  <StartStopPointRef ref="VTR:ScheduledStopPoint:485780" version="1"/>
                  <EndStopPointRef ref="VTR:ScheduledStopPoint:485783" version="1"/>
                  <prices>
                    <DistanceMatrixElementPrice id="VTR:DistanceMatrixElementPrice:22807168to22807171" version="1">
                      <Amount>0.9</Amount>
                      <DistanceMatrixElementRef ref="VTR:DistanceMatrixElement:22807168to22807171" version="1"/>
                    </DistanceMatrixElementPrice>
                  </prices>
                </DistanceMatrixElement>
                <DistanceMatrixElement id="VTR:DistanceMatrixElement:22807169to22807170" version="1">
                  <Name>Kazokai to Bijutiškis</Name>
                  <StartStopPointRef ref="VTR:ScheduledStopPoint:485781" version="1"/>
                  <EndStopPointRef ref="VTR:ScheduledStopPoint:485782" version="1"/>
                  <prices>
                    <DistanceMatrixElementPrice id="VTR:DistanceMatrixElementPrice:22807169to22807170" version="1">
                      <Amount>0.2</Amount>
                      <DistanceMatrixElementRef ref="VTR:DistanceMatrixElement:22807169to22807170" version="1"/>
                    </DistanceMatrixElementPrice>
                  </prices>
                </DistanceMatrixElement>
                <DistanceMatrixElement id="VTR:DistanceMatrixElement:22807163to22807168" version="1">
                  <Name>Molėtų autobusų stotis to Bitėnai</Name>
                  <StartStopPointRef ref="VTR:ScheduledStopPoint:485775" version="1"/>
                  <EndStopPointRef ref="VTR:ScheduledStopPoint:485780" version="1"/>
                  <prices>
                    <DistanceMatrixElementPrice id="VTR:DistanceMatrixElementPrice:22807163to22807168" version="1">
                      <Amount>1.0</Amount>
                      <DistanceMatrixElementRef ref="VTR:DistanceMatrixElement:22807163to22807168" version="1"/>
                    </DistanceMatrixElementPrice>
                  </prices>
                </DistanceMatrixElement>
                <DistanceMatrixElement id="VTR:DistanceMatrixElement:22807163to22807172" version="1">
                  <Name>Molėtų autobusų stotis to Zanėnai</Name>
                  <StartStopPointRef ref="VTR:ScheduledStopPoint:485775" version="1"/>
                  <EndStopPointRef ref="VTR:ScheduledStopPoint:485784" version="1"/>
                  <prices>
                    <DistanceMatrixElementPrice id="VTR:DistanceMatrixElementPrice:22807163to22807172" version="1">
                      <Amount>2.3</Amount>
                      <DistanceMatrixElementRef ref="VTR:DistanceMatrixElement:22807163to22807172" version="1"/>
                    </DistanceMatrixElementPrice>
                  </prices>
                </DistanceMatrixElement>
                <DistanceMatrixElement id="VTR:DistanceMatrixElement:22807164to22807166" version="1">
                  <Name>Melioratorių to Pakryžė</Name>
                  <StartStopPointRef ref="VTR:ScheduledStopPoint:485776" version="1"/>
                  <EndStopPointRef ref="VTR:ScheduledStopPoint:485778" version="1"/>
                  <prices>
                    <DistanceMatrixElementPrice id="VTR:DistanceMatrixElementPrice:22807164to22807166" version="1">
                      <Amount>0.5</Amount>
                      <DistanceMatrixElementRef ref="VTR:DistanceMatrixElement:22807164to22807166" version="1"/>
                    </DistanceMatrixElementPrice>
                  </prices>
                </DistanceMatrixElement>
                <DistanceMatrixElement id="VTR:DistanceMatrixElement:22807164to22807170" version="1">
                  <Name>Melioratorių to Bijutiškis</Name>
                  <StartStopPointRef ref="VTR:ScheduledStopPoint:485776" version="1"/>
                  <EndStopPointRef ref="VTR:ScheduledStopPoint:485782" version="1"/>
                  <prices>
                    <DistanceMatrixElementPrice id="VTR:DistanceMatrixElementPrice:22807164to22807170" version="1">
                      <Amount>1.3</Amount>
                      <DistanceMatrixElementRef ref="VTR:DistanceMatrixElement:22807164to22807170" version="1"/>
                    </DistanceMatrixElementPrice>
                  </prices>
                </DistanceMatrixElement>
                <DistanceMatrixElement id="VTR:DistanceMatrixElement:22807173to22807174" version="1">
                  <Name>Giedraičiai to Rudžionys</Name>
                  <StartStopPointRef ref="VTR:ScheduledStopPoint:485785" version="1"/>
                  <EndStopPointRef ref="VTR:ScheduledStopPoint:485786" version="1"/>
                  <prices>
                    <DistanceMatrixElementPrice id="VTR:DistanceMatrixElementPrice:22807173to22807174" version="1">
                      <Amount>0.3</Amount>
                      <DistanceMatrixElementRef ref="VTR:DistanceMatrixElement:22807173to22807174" version="1"/>
                    </DistanceMatrixElementPrice>
                  </prices>
                </DistanceMatrixElement>
                <DistanceMatrixElement id="VTR:DistanceMatrixElement:22807163to22807167" version="1">
                  <Name>Molėtų autobusų stotis to Skrebuliai</Name>
                  <StartStopPointRef ref="VTR:ScheduledStopPoint:485775" version="1"/>
                  <EndStopPointRef ref="VTR:ScheduledStopPoint:485779" version="1"/>
                  <prices>
                    <DistanceMatrixElementPrice id="VTR:DistanceMatrixElementPrice:22807163to22807167" version="1">
                      <Amount>0.8</Amount>
                      <DistanceMatrixElementRef ref="VTR:DistanceMatrixElement:22807163to22807167" version="1"/>
                    </DistanceMatrixElementPrice>
                  </prices>
                </DistanceMatrixElement>
                <DistanceMatrixElement id="VTR:DistanceMatrixElement:22807163to22807170" version="1">
                  <Name>Molėtų autobusų stotis to Bijutiškis</Name>
                  <StartStopPointRef ref="VTR:ScheduledStopPoint:485775" version="1"/>
                  <EndStopPointRef ref="VTR:ScheduledStopPoint:485782" version="1"/>
                  <prices>
                    <DistanceMatrixElementPrice id="VTR:DistanceMatrixElementPrice:22807163to22807170" version="1">
                      <Amount>1.3</Amount>
                      <DistanceMatrixElementRef ref="VTR:DistanceMatrixElement:22807163to22807170" version="1"/>
                    </DistanceMatrixElementPrice>
                  </prices>
                </DistanceMatrixElement>
                <DistanceMatrixElement id="VTR:DistanceMatrixElement:22807163to22807171" version="1">
                  <Name>Molėtų autobusų stotis to Radžiūnai</Name>
                  <StartStopPointRef ref="VTR:ScheduledStopPoint:485775" version="1"/>
                  <EndStopPointRef ref="VTR:ScheduledStopPoint:485783" version="1"/>
                  <prices>
                    <DistanceMatrixElementPrice id="VTR:DistanceMatrixElementPrice:22807163to22807171" version="1">
                      <Amount>1.9</Amount>
                      <DistanceMatrixElementRef ref="VTR:DistanceMatrixElement:22807163to22807171" version="1"/>
                    </DistanceMatrixElementPrice>
                  </prices>
                </DistanceMatrixElement>
                <DistanceMatrixElement id="VTR:DistanceMatrixElement:22807164to22807169" version="1">
                  <Name>Melioratorių to Kazokai</Name>
                  <StartStopPointRef ref="VTR:ScheduledStopPoint:485776" version="1"/>
                  <EndStopPointRef ref="VTR:ScheduledStopPoint:485781" version="1"/>
                  <prices>
                    <DistanceMatrixElementPrice id="VTR:DistanceMatrixElementPrice:22807164to22807169" version="1">
                      <Amount>1.1</Amount>
                      <DistanceMatrixElementRef ref="VTR:DistanceMatrixElement:22807164to22807169" version="1"/>
                    </DistanceMatrixElementPrice>
                  </prices>
                </DistanceMatrixElement>
                <DistanceMatrixElement id="VTR:DistanceMatrixElement:22807164to22807171" version="1">
                  <Name>Melioratorių to Radžiūnai</Name>
                  <StartStopPointRef ref="VTR:ScheduledStopPoint:485776" version="1"/>
                  <EndStopPointRef ref="VTR:ScheduledStopPoint:485783" version="1"/>
                  <prices>
                    <DistanceMatrixElementPrice id="VTR:DistanceMatrixElementPrice:22807164to22807171" version="1">
                      <Amount>1.9</Amount>
                      <DistanceMatrixElementRef ref="VTR:DistanceMatrixElement:22807164to22807171" version="1"/>
                    </DistanceMatrixElementPrice>
                  </prices>
                </DistanceMatrixElement>
                <DistanceMatrixElement id="VTR:DistanceMatrixElement:22807164to22807175" version="1">
                  <Name>Melioratorių to Juodiškiai</Name>
                  <StartStopPointRef ref="VTR:ScheduledStopPoint:485776" version="1"/>
                  <EndStopPointRef ref="VTR:ScheduledStopPoint:485787" version="1"/>
                  <prices>
                    <DistanceMatrixElementPrice id="VTR:DistanceMatrixElementPrice:22807164to22807175" version="1">
                      <Amount>3.2</Amount>
                      <DistanceMatrixElementRef ref="VTR:DistanceMatrixElement:22807164to22807175" version="1"/>
                    </DistanceMatrixElementPrice>
                  </prices>
                </DistanceMatrixElement>
                <DistanceMatrixElement id="VTR:DistanceMatrixElement:22807165to22807171" version="1">
                  <Name>Luokesa to Radžiūnai</Name>
                  <StartStopPointRef ref="VTR:ScheduledStopPoint:485777" version="1"/>
                  <EndStopPointRef ref="VTR:ScheduledStopPoint:485783" version="1"/>
                  <prices>
                    <DistanceMatrixElementPrice id="VTR:DistanceMatrixElementPrice:22807165to22807171" version="1">
                      <Amount>1.6</Amount>
                      <DistanceMatrixElementRef ref="VTR:DistanceMatrixElement:22807165to22807171" version="1"/>
                    </DistanceMatrixElementPrice>
                  </prices>
                </DistanceMatrixElement>
                <DistanceMatrixElement id="VTR:DistanceMatrixElement:22807165to22807174" version="1">
                  <Name>Luokesa to Rudžionys</Name>
                  <StartStopPointRef ref="VTR:ScheduledStopPoint:485777" version="1"/>
                  <EndStopPointRef ref="VTR:ScheduledStopPoint:485786" version="1"/>
                  <prices>
                    <DistanceMatrixElementPrice id="VTR:DistanceMatrixElementPrice:22807165to22807174" version="1">
                      <Amount>2.6</Amount>
                      <DistanceMatrixElementRef ref="VTR:DistanceMatrixElement:22807165to22807174" version="1"/>
                    </DistanceMatrixElementPrice>
                  </prices>
                </DistanceMatrixElement>
                <DistanceMatrixElement id="VTR:DistanceMatrixElement:22807165to22807175" version="1">
                  <Name>Luokesa to Juodiškiai</Name>
                  <StartStopPointRef ref="VTR:ScheduledStopPoint:485777" version="1"/>
                  <EndStopPointRef ref="VTR:ScheduledStopPoint:485787" version="1"/>
                  <prices>
                    <DistanceMatrixElementPrice id="VTR:DistanceMatrixElementPrice:22807165to22807175" version="1">
                      <Amount>2.8</Amount>
                      <DistanceMatrixElementRef ref="VTR:DistanceMatrixElement:22807165to22807175" version="1"/>
                    </DistanceMatrixElementPrice>
                  </prices>
                </DistanceMatrixElement>
                <DistanceMatrixElement id="VTR:DistanceMatrixElement:22807174to22807175" version="1">
                  <Name>Rudžionys to Juodiškiai</Name>
                  <StartStopPointRef ref="VTR:ScheduledStopPoint:485786" version="1"/>
                  <EndStopPointRef ref="VTR:ScheduledStopPoint:485787" version="1"/>
                  <prices>
                    <DistanceMatrixElementPrice id="VTR:DistanceMatrixElementPrice:22807174to22807175" version="1">
                      <Amount>0.2</Amount>
                      <DistanceMatrixElementRef ref="VTR:DistanceMatrixElement:22807174to22807175" version="1"/>
                    </DistanceMatrixElementPrice>
                  </prices>
                </DistanceMatrixElement>
                <DistanceMatrixElement id="VTR:DistanceMatrixElement:22807170to22807171" version="1">
                  <Name>Bijutiškis to Radžiūnai</Name>
                  <StartStopPointRef ref="VTR:ScheduledStopPoint:485782" version="1"/>
                  <EndStopPointRef ref="VTR:ScheduledStopPoint:485783" version="1"/>
                  <prices>
                    <DistanceMatrixElementPrice id="VTR:DistanceMatrixElementPrice:22807170to22807171" version="1">
                      <Amount>0.6</Amount>
                      <DistanceMatrixElementRef ref="VTR:DistanceMatrixElement:22807170to22807171" version="1"/>
                    </DistanceMatrixElementPrice>
                  </prices>
                </DistanceMatrixElement>
                <DistanceMatrixElement id="VTR:DistanceMatrixElement:22807172to22807173" version="1">
                  <Name>Zanėnai to Giedraičiai</Name>
                  <StartStopPointRef ref="VTR:ScheduledStopPoint:485784" version="1"/>
                  <EndStopPointRef ref="VTR:ScheduledStopPoint:485785" version="1"/>
                  <prices>
                    <DistanceMatrixElementPrice id="VTR:DistanceMatrixElementPrice:22807172to22807173" version="1">
                      <Amount>0.3</Amount>
                      <DistanceMatrixElementRef ref="VTR:DistanceMatrixElement:22807172to22807173" version="1"/>
                    </DistanceMatrixElementPrice>
                  </prices>
                </DistanceMatrixElement>
                <DistanceMatrixElement id="VTR:DistanceMatrixElement:22807167to22807170" version="1">
                  <Name>Skrebuliai to Bijutiškis</Name>
                  <StartStopPointRef ref="VTR:ScheduledStopPoint:485779" version="1"/>
                  <EndStopPointRef ref="VTR:ScheduledStopPoint:485782" version="1"/>
                  <prices>
                    <DistanceMatrixElementPrice id="VTR:DistanceMatrixElementPrice:22807167to22807170" version="1">
                      <Amount>0.6</Amount>
                      <DistanceMatrixElementRef ref="VTR:DistanceMatrixElement:22807167to22807170" version="1"/>
                    </DistanceMatrixElementPrice>
                  </prices>
                </DistanceMatrixElement>
                <DistanceMatrixElement id="VTR:DistanceMatrixElement:22807163to22807166" version="1">
                  <Name>Molėtų autobusų stotis to Pakryžė</Name>
                  <StartStopPointRef ref="VTR:ScheduledStopPoint:485775" version="1"/>
                  <EndStopPointRef ref="VTR:ScheduledStopPoint:485778" version="1"/>
                  <prices>
                    <DistanceMatrixElementPrice id="VTR:DistanceMatrixElementPrice:22807163to22807166" version="1">
                      <Amount>0.5</Amount>
                      <DistanceMatrixElementRef ref="VTR:DistanceMatrixElement:22807163to22807166" version="1"/>
                    </DistanceMatrixElementPrice>
                  </prices>
                </DistanceMatrixElement>
                <DistanceMatrixElement id="VTR:DistanceMatrixElement:22807163to22807169" version="1">
                  <Name>Molėtų autobusų stotis to Kazokai</Name>
                  <StartStopPointRef ref="VTR:ScheduledStopPoint:485775" version="1"/>
                  <EndStopPointRef ref="VTR:ScheduledStopPoint:485781" version="1"/>
                  <prices>
                    <DistanceMatrixElementPrice id="VTR:DistanceMatrixElementPrice:22807163to22807169" version="1">
                      <Amount>1.1</Amount>
                      <DistanceMatrixElementRef ref="VTR:DistanceMatrixElement:22807163to22807169" version="1"/>
                    </DistanceMatrixElementPrice>
                  </prices>
                </DistanceMatrixElement>
                <DistanceMatrixElement id="VTR:DistanceMatrixElement:22807164to22807165" version="1">
                  <Name>Melioratorių to Luokesa</Name>
                  <StartStopPointRef ref="VTR:ScheduledStopPoint:485776" version="1"/>
                  <EndStopPointRef ref="VTR:ScheduledStopPoint:485777" version="1"/>
                  <prices>
                    <DistanceMatrixElementPrice id="VTR:DistanceMatrixElementPrice:22807164to22807165" version="1">
                      <Amount>0.4</Amount>
                      <DistanceMatrixElementRef ref="VTR:DistanceMatrixElement:22807164to22807165" version="1"/>
                    </DistanceMatrixElementPrice>
                  </prices>
                </DistanceMatrixElement>
                <DistanceMatrixElement id="VTR:DistanceMatrixElement:22807165to22807169" version="1">
                  <Name>Luokesa to Kazokai</Name>
                  <StartStopPointRef ref="VTR:ScheduledStopPoint:485777" version="1"/>
                  <EndStopPointRef ref="VTR:ScheduledStopPoint:485781" version="1"/>
                  <prices>
                    <DistanceMatrixElementPrice id="VTR:DistanceMatrixElementPrice:22807165to22807169" version="1">
                      <Amount>0.8</Amount>
                      <DistanceMatrixElementRef ref="VTR:DistanceMatrixElement:22807165to22807169" version="1"/>
                    </DistanceMatrixElementPrice>
                  </prices>
                </DistanceMatrixElement>
                <DistanceMatrixElement id="VTR:DistanceMatrixElement:22807165to22807170" version="1">
                  <Name>Luokesa to Bijutiškis</Name>
                  <StartStopPointRef ref="VTR:ScheduledStopPoint:485777" version="1"/>
                  <EndStopPointRef ref="VTR:ScheduledStopPoint:485782" version="1"/>
                  <prices>
                    <DistanceMatrixElementPrice id="VTR:DistanceMatrixElementPrice:22807165to22807170" version="1">
                      <Amount>1.0</Amount>
                      <DistanceMatrixElementRef ref="VTR:DistanceMatrixElement:22807165to22807170" version="1"/>
                    </DistanceMatrixElementPrice>
                  </prices>
                </DistanceMatrixElement>
                <DistanceMatrixElement id="VTR:DistanceMatrixElement:22807165to22807173" version="1">
                  <Name>Luokesa to Giedraičiai</Name>
                  <StartStopPointRef ref="VTR:ScheduledStopPoint:485777" version="1"/>
                  <EndStopPointRef ref="VTR:ScheduledStopPoint:485785" version="1"/>
                  <prices>
                    <DistanceMatrixElementPrice id="VTR:DistanceMatrixElementPrice:22807165to22807173" version="1">
                      <Amount>2.3</Amount>
                      <DistanceMatrixElementRef ref="VTR:DistanceMatrixElement:22807165to22807173" version="1"/>
                    </DistanceMatrixElementPrice>
                  </prices>
                </DistanceMatrixElement>
                <DistanceMatrixElement id="VTR:DistanceMatrixElement:22807170to22807174" version="1">
                  <Name>Bijutiškis to Rudžionys</Name>
                  <StartStopPointRef ref="VTR:ScheduledStopPoint:485782" version="1"/>
                  <EndStopPointRef ref="VTR:ScheduledStopPoint:485786" version="1"/>
                  <prices>
                    <DistanceMatrixElementPrice id="VTR:DistanceMatrixElementPrice:22807170to22807174" version="1">
                      <Amount>1.6</Amount>
                      <DistanceMatrixElementRef ref="VTR:DistanceMatrixElement:22807170to22807174" version="1"/>
                    </DistanceMatrixElementPrice>
                  </prices>
                </DistanceMatrixElement>
                <DistanceMatrixElement id="VTR:DistanceMatrixElement:22807170to22807175" version="1">
                  <Name>Bijutiškis to Juodiškiai</Name>
                  <StartStopPointRef ref="VTR:ScheduledStopPoint:485782" version="1"/>
                  <EndStopPointRef ref="VTR:ScheduledStopPoint:485787" version="1"/>
                  <prices>
                    <DistanceMatrixElementPrice id="VTR:DistanceMatrixElementPrice:22807170to22807175" version="1">
                      <Amount>1.9</Amount>
                      <DistanceMatrixElementRef ref="VTR:DistanceMatrixElement:22807170to22807175" version="1"/>
                    </DistanceMatrixElementPrice>
                  </prices>
                </DistanceMatrixElement>
                <DistanceMatrixElement id="VTR:DistanceMatrixElement:22807171to22807174" version="1">
                  <Name>Radžiūnai to Rudžionys</Name>
                  <StartStopPointRef ref="VTR:ScheduledStopPoint:485783" version="1"/>
                  <EndStopPointRef ref="VTR:ScheduledStopPoint:485786" version="1"/>
                  <prices>
                    <DistanceMatrixElementPrice id="VTR:DistanceMatrixElementPrice:22807171to22807174" version="1">
                      <Amount>1.0</Amount>
                      <DistanceMatrixElementRef ref="VTR:DistanceMatrixElement:22807171to22807174" version="1"/>
                    </DistanceMatrixElementPrice>
                  </prices>
                </DistanceMatrixElement>
                <DistanceMatrixElement id="VTR:DistanceMatrixElement:22807166to22807170" version="1">
                  <Name>Pakryžė to Bijutiškis</Name>
                  <StartStopPointRef ref="VTR:ScheduledStopPoint:485778" version="1"/>
                  <EndStopPointRef ref="VTR:ScheduledStopPoint:485782" version="1"/>
                  <prices>
                    <DistanceMatrixElementPrice id="VTR:DistanceMatrixElementPrice:22807166to22807170" version="1">
                      <Amount>0.8</Amount>
                      <DistanceMatrixElementRef ref="VTR:DistanceMatrixElement:22807166to22807170" version="1"/>
                    </DistanceMatrixElementPrice>
                  </prices>
                </DistanceMatrixElement>
                <DistanceMatrixElement id="VTR:DistanceMatrixElement:22807166to22807174" version="1">
                  <Name>Pakryžė to Rudžionys</Name>
                  <StartStopPointRef ref="VTR:ScheduledStopPoint:485778" version="1"/>
                  <EndStopPointRef ref="VTR:ScheduledStopPoint:485786" version="1"/>
                  <prices>
                    <DistanceMatrixElementPrice id="VTR:DistanceMatrixElementPrice:22807166to22807174" version="1">
                      <Amount>2.4</Amount>
                      <DistanceMatrixElementRef ref="VTR:DistanceMatrixElement:22807166to22807174" version="1"/>
                    </DistanceMatrixElementPrice>
                  </prices>
                </DistanceMatrixElement>
                <DistanceMatrixElement id="VTR:DistanceMatrixElement:22807167to22807168" version="1">
                  <Name>Skrebuliai to Bitėnai</Name>
                  <StartStopPointRef ref="VTR:ScheduledStopPoint:485779" version="1"/>
                  <EndStopPointRef ref="VTR:ScheduledStopPoint:485780" version="1"/>
                  <prices>
                    <DistanceMatrixElementPrice id="VTR:DistanceMatrixElementPrice:22807167to22807168" version="1">
                      <Amount>0.2</Amount>
                      <DistanceMatrixElementRef ref="VTR:DistanceMatrixElement:22807167to22807168" version="1"/>
                    </DistanceMatrixElementPrice>
                  </prices>
                </DistanceMatrixElement>
                <DistanceMatrixElement id="VTR:DistanceMatrixElement:22807167to22807175" version="1">
                  <Name>Skrebuliai to Juodiškiai</Name>
                  <StartStopPointRef ref="VTR:ScheduledStopPoint:485779" version="1"/>
                  <EndStopPointRef ref="VTR:ScheduledStopPoint:485787" version="1"/>
                  <prices>
                    <DistanceMatrixElementPrice id="VTR:DistanceMatrixElementPrice:22807167to22807175" version="1">
                      <Amount>2.4</Amount>
                      <DistanceMatrixElementRef ref="VTR:DistanceMatrixElement:22807167to22807175" version="1"/>
                    </DistanceMatrixElementPrice>
                  </prices>
                </DistanceMatrixElement>
                <DistanceMatrixElement id="VTR:DistanceMatrixElement:22807169to22807173" version="1">
                  <Name>Kazokai to Giedraičiai</Name>
                  <StartStopPointRef ref="VTR:ScheduledStopPoint:485781" version="1"/>
                  <EndStopPointRef ref="VTR:ScheduledStopPoint:485785" version="1"/>
                  <prices>
                    <DistanceMatrixElementPrice id="VTR:DistanceMatrixElementPrice:22807169to22807173" version="1">
                      <Amount>1.5</Amount>
                      <DistanceMatrixElementRef ref="VTR:DistanceMatrixElement:22807169to22807173" version="1"/>
                    </DistanceMatrixElementPrice>
                  </prices>
                </DistanceMatrixElement>
                <DistanceMatrixElement id="VTR:DistanceMatrixElement:22807163to22807164" version="1">
                  <Name>Molėtų autobusų stotis to Melioratorių</Name>
                  <StartStopPointRef ref="VTR:ScheduledStopPoint:485775" version="1"/>
                  <EndStopPointRef ref="VTR:ScheduledStopPoint:485776" version="1"/>
                  <prices>
                    <DistanceMatrixElementPrice id="VTR:DistanceMatrixElementPrice:22807163to22807164" version="1">
                      <Amount>0.2</Amount>
                      <DistanceMatrixElementRef ref="VTR:DistanceMatrixElement:22807163to22807164" version="1"/>
                    </DistanceMatrixElementPrice>
                  </prices>
                </DistanceMatrixElement>
                <DistanceMatrixElement id="VTR:DistanceMatrixElement:22807163to22807165" version="1">
                  <Name>Molėtų autobusų stotis to Luokesa</Name>
                  <StartStopPointRef ref="VTR:ScheduledStopPoint:485775" version="1"/>
                  <EndStopPointRef ref="VTR:ScheduledStopPoint:485777" version="1"/>
                  <prices>
                    <DistanceMatrixElementPrice id="VTR:DistanceMatrixElementPrice:22807163to22807165" version="1">
                      <Amount>0.4</Amount>
                      <DistanceMatrixElementRef ref="VTR:DistanceMatrixElement:22807163to22807165" version="1"/>
                    </DistanceMatrixElementPrice>
                  </prices>
                </DistanceMatrixElement>
                <DistanceMatrixElement id="VTR:DistanceMatrixElement:22807170to22807172" version="1">
                  <Name>Bijutiškis to Zanėnai</Name>
                  <StartStopPointRef ref="VTR:ScheduledStopPoint:485782" version="1"/>
                  <EndStopPointRef ref="VTR:ScheduledStopPoint:485784" version="1"/>
                  <prices>
                    <DistanceMatrixElementPrice id="VTR:DistanceMatrixElementPrice:22807170to22807172" version="1">
                      <Amount>1.0</Amount>
                      <DistanceMatrixElementRef ref="VTR:DistanceMatrixElement:22807170to22807172" version="1"/>
                    </DistanceMatrixElementPrice>
                  </prices>
                </DistanceMatrixElement>
                <DistanceMatrixElement id="VTR:DistanceMatrixElement:22807171to22807172" version="1">
                  <Name>Radžiūnai to Zanėnai</Name>
                  <StartStopPointRef ref="VTR:ScheduledStopPoint:485783" version="1"/>
                  <EndStopPointRef ref="VTR:ScheduledStopPoint:485784" version="1"/>
                  <prices>
                    <DistanceMatrixElementPrice id="VTR:DistanceMatrixElementPrice:22807171to22807172" version="1">
                      <Amount>0.3</Amount>
                      <DistanceMatrixElementRef ref="VTR:DistanceMatrixElement:22807171to22807172" version="1"/>
                    </DistanceMatrixElementPrice>
                  </prices>
                </DistanceMatrixElement>
                <DistanceMatrixElement id="VTR:DistanceMatrixElement:22807166to22807175" version="1">
                  <Name>Pakryžė to Juodiškiai</Name>
                  <StartStopPointRef ref="VTR:ScheduledStopPoint:485778" version="1"/>
                  <EndStopPointRef ref="VTR:ScheduledStopPoint:485787" version="1"/>
                  <prices>
                    <DistanceMatrixElementPrice id="VTR:DistanceMatrixElementPrice:22807166to22807175" version="1">
                      <Amount>2.6</Amount>
                      <DistanceMatrixElementRef ref="VTR:DistanceMatrixElement:22807166to22807175" version="1"/>
                    </DistanceMatrixElementPrice>
                  </prices>
                </DistanceMatrixElement>
                <DistanceMatrixElement id="VTR:DistanceMatrixElement:22807168to22807170" version="1">
                  <Name>Bitėnai to Bijutiškis</Name>
                  <StartStopPointRef ref="VTR:ScheduledStopPoint:485780" version="1"/>
                  <EndStopPointRef ref="VTR:ScheduledStopPoint:485782" version="1"/>
                  <prices>
                    <DistanceMatrixElementPrice id="VTR:DistanceMatrixElementPrice:22807168to22807170" version="1">
                      <Amount>0.3</Amount>
                      <DistanceMatrixElementRef ref="VTR:DistanceMatrixElement:22807168to22807170" version="1"/>
                    </DistanceMatrixElementPrice>
                  </prices>
                </DistanceMatrixElement>
                <DistanceMatrixElement id="VTR:DistanceMatrixElement:22807168to22807173" version="1">
                  <Name>Bitėnai to Giedraičiai</Name>
                  <StartStopPointRef ref="VTR:ScheduledStopPoint:485780" version="1"/>
                  <EndStopPointRef ref="VTR:ScheduledStopPoint:485785" version="1"/>
                  <prices>
                    <DistanceMatrixElementPrice id="VTR:DistanceMatrixElementPrice:22807168to22807173" version="1">
                      <Amount>1.7</Amount>
                      <DistanceMatrixElementRef ref="VTR:DistanceMatrixElement:22807168to22807173" version="1"/>
                    </DistanceMatrixElementPrice>
                  </prices>
                </DistanceMatrixElement>
                <DistanceMatrixElement id="VTR:DistanceMatrixElement:22807168to22807175" version="1">
                  <Name>Bitėnai to Juodiškiai</Name>
                  <StartStopPointRef ref="VTR:ScheduledStopPoint:485780" version="1"/>
                  <EndStopPointRef ref="VTR:ScheduledStopPoint:485787" version="1"/>
                  <prices>
                    <DistanceMatrixElementPrice id="VTR:DistanceMatrixElementPrice:22807168to22807175" version="1">
                      <Amount>2.1</Amount>
                      <DistanceMatrixElementRef ref="VTR:DistanceMatrixElement:22807168to22807175" version="1"/>
                    </DistanceMatrixElementPrice>
                  </prices>
                </DistanceMatrixElement>
                <DistanceMatrixElement id="VTR:DistanceMatrixElement:22807169to22807171" version="1">
                  <Name>Kazokai to Radžiūnai</Name>
                  <StartStopPointRef ref="VTR:ScheduledStopPoint:485781" version="1"/>
                  <EndStopPointRef ref="VTR:ScheduledStopPoint:485783" version="1"/>
                  <prices>
                    <DistanceMatrixElementPrice id="VTR:DistanceMatrixElementPrice:22807169to22807171" version="1">
                      <Amount>0.8</Amount>
                      <DistanceMatrixElementRef ref="VTR:DistanceMatrixElement:22807169to22807171" version="1"/>
                    </DistanceMatrixElementPrice>
                  </prices>
                </DistanceMatrixElement>
                <DistanceMatrixElement id="VTR:DistanceMatrixElement:22807164to22807167" version="1">
                  <Name>Melioratorių to Skrebuliai</Name>
                  <StartStopPointRef ref="VTR:ScheduledStopPoint:485776" version="1"/>
                  <EndStopPointRef ref="VTR:ScheduledStopPoint:485779" version="1"/>
                  <prices>
                    <DistanceMatrixElementPrice id="VTR:DistanceMatrixElementPrice:22807164to22807167" version="1">
                      <Amount>0.8</Amount>
                      <DistanceMatrixElementRef ref="VTR:DistanceMatrixElement:22807164to22807167" version="1"/>
                    </DistanceMatrixElementPrice>
                  </prices>
                </DistanceMatrixElement>
                <DistanceMatrixElement id="VTR:DistanceMatrixElement:22807164to22807174" version="1">
                  <Name>Melioratorių to Rudžionys</Name>
                  <StartStopPointRef ref="VTR:ScheduledStopPoint:485776" version="1"/>
                  <EndStopPointRef ref="VTR:ScheduledStopPoint:485786" version="1"/>
                  <prices>
                    <DistanceMatrixElementPrice id="VTR:DistanceMatrixElementPrice:22807164to22807174" version="1">
                      <Amount>3.0</Amount>
                      <DistanceMatrixElementRef ref="VTR:DistanceMatrixElement:22807164to22807174" version="1"/>
                    </DistanceMatrixElementPrice>
                  </prices>
                </DistanceMatrixElement>
                <DistanceMatrixElement id="VTR:DistanceMatrixElement:22807166to22807168" version="1">
                  <Name>Pakryžė to Bitėnai</Name>
                  <StartStopPointRef ref="VTR:ScheduledStopPoint:485778" version="1"/>
                  <EndStopPointRef ref="VTR:ScheduledStopPoint:485780" version="1"/>
                  <prices>
                    <DistanceMatrixElementPrice id="VTR:DistanceMatrixElementPrice:22807166to22807168" version="1">
                      <Amount>0.5</Amount>
                      <DistanceMatrixElementRef ref="VTR:DistanceMatrixElement:22807166to22807168" version="1"/>
                    </DistanceMatrixElementPrice>
                  </prices>
                </DistanceMatrixElement>
                <DistanceMatrixElement id="VTR:DistanceMatrixElement:22807166to22807171" version="1">
                  <Name>Pakryžė to Radžiūnai</Name>
                  <StartStopPointRef ref="VTR:ScheduledStopPoint:485778" version="1"/>
                  <EndStopPointRef ref="VTR:ScheduledStopPoint:485783" version="1"/>
                  <prices>
                    <DistanceMatrixElementPrice id="VTR:DistanceMatrixElementPrice:22807166to22807171" version="1">
                      <Amount>1.4</Amount>
                      <DistanceMatrixElementRef ref="VTR:DistanceMatrixElement:22807166to22807171" version="1"/>
                    </DistanceMatrixElementPrice>
                  </prices>
                </DistanceMatrixElement>
                <DistanceMatrixElement id="VTR:DistanceMatrixElement:22807166to22807172" version="1">
                  <Name>Pakryžė to Zanėnai</Name>
                  <StartStopPointRef ref="VTR:ScheduledStopPoint:485778" version="1"/>
                  <EndStopPointRef ref="VTR:ScheduledStopPoint:485784" version="1"/>
                  <prices>
                    <DistanceMatrixElementPrice id="VTR:DistanceMatrixElementPrice:22807166to22807172" version="1">
                      <Amount>1.8</Amount>
                      <DistanceMatrixElementRef ref="VTR:DistanceMatrixElement:22807166to22807172" version="1"/>
                    </DistanceMatrixElementPrice>
                  </prices>
                </DistanceMatrixElement>
                <DistanceMatrixElement id="VTR:DistanceMatrixElement:22807167to22807172" version="1">
                  <Name>Skrebuliai to Zanėnai</Name>
                  <StartStopPointRef ref="VTR:ScheduledStopPoint:485779" version="1"/>
                  <EndStopPointRef ref="VTR:ScheduledStopPoint:485784" version="1"/>
                  <prices>
                    <DistanceMatrixElementPrice id="VTR:DistanceMatrixElementPrice:22807167to22807172" version="1">
                      <Amount>1.5</Amount>
                      <DistanceMatrixElementRef ref="VTR:DistanceMatrixElement:22807167to22807172" version="1"/>
                    </DistanceMatrixElementPrice>
                  </prices>
                </DistanceMatrixElement>
                <DistanceMatrixElement id="VTR:DistanceMatrixElement:22807168to22807172" version="1">
                  <Name>Bitėnai to Zanėnai</Name>
                  <StartStopPointRef ref="VTR:ScheduledStopPoint:485780" version="1"/>
                  <EndStopPointRef ref="VTR:ScheduledStopPoint:485784" version="1"/>
                  <prices>
                    <DistanceMatrixElementPrice id="VTR:DistanceMatrixElementPrice:22807168to22807172" version="1">
                      <Amount>1.3</Amount>
                      <DistanceMatrixElementRef ref="VTR:DistanceMatrixElement:22807168to22807172" version="1"/>
                    </DistanceMatrixElementPrice>
                  </prices>
                </DistanceMatrixElement>
                <DistanceMatrixElement id="VTR:DistanceMatrixElement:22807169to22807174" version="1">
                  <Name>Kazokai to Rudžionys</Name>
                  <StartStopPointRef ref="VTR:ScheduledStopPoint:485781" version="1"/>
                  <EndStopPointRef ref="VTR:ScheduledStopPoint:485786" version="1"/>
                  <prices>
                    <DistanceMatrixElementPrice id="VTR:DistanceMatrixElementPrice:22807169to22807174" version="1">
                      <Amount>1.8</Amount>
                      <DistanceMatrixElementRef ref="VTR:DistanceMatrixElement:22807169to22807174" version="1"/>
                    </DistanceMatrixElementPrice>
                  </prices>
                </DistanceMatrixElement>
                <DistanceMatrixElement id="VTR:DistanceMatrixElement:22807169to22807175" version="1">
                  <Name>Kazokai to Juodiškiai</Name>
                  <StartStopPointRef ref="VTR:ScheduledStopPoint:485781" version="1"/>
                  <EndStopPointRef ref="VTR:ScheduledStopPoint:485787" version="1"/>
                  <prices>
                    <DistanceMatrixElementPrice id="VTR:DistanceMatrixElementPrice:22807169to22807175" version="1">
                      <Amount>2.0</Amount>
                      <DistanceMatrixElementRef ref="VTR:DistanceMatrixElement:22807169to22807175" version="1"/>
                    </DistanceMatrixElementPrice>
                  </prices>
                </DistanceMatrixElement>
                <DistanceMatrixElement id="VTR:DistanceMatrixElement:22807164to22807168" version="1">
                  <Name>Melioratorių to Bitėnai</Name>
                  <StartStopPointRef ref="VTR:ScheduledStopPoint:485776" version="1"/>
                  <EndStopPointRef ref="VTR:ScheduledStopPoint:485780" version="1"/>
                  <prices>
                    <DistanceMatrixElementPrice id="VTR:DistanceMatrixElementPrice:22807164to22807168" version="1">
                      <Amount>1.0</Amount>
                      <DistanceMatrixElementRef ref="VTR:DistanceMatrixElement:22807164to22807168" version="1"/>
                    </DistanceMatrixElementPrice>
                  </prices>
                </DistanceMatrixElement>
                <DistanceMatrixElement id="VTR:DistanceMatrixElement:22807164to22807172" version="1">
                  <Name>Melioratorių to Zanėnai</Name>
                  <StartStopPointRef ref="VTR:ScheduledStopPoint:485776" version="1"/>
                  <EndStopPointRef ref="VTR:ScheduledStopPoint:485784" version="1"/>
                  <prices>
                    <DistanceMatrixElementPrice id="VTR:DistanceMatrixElementPrice:22807164to22807172" version="1">
                      <Amount>2.3</Amount>
                      <DistanceMatrixElementRef ref="VTR:DistanceMatrixElement:22807164to22807172" version="1"/>
                    </DistanceMatrixElementPrice>
                  </prices>
                </DistanceMatrixElement>
                <DistanceMatrixElement id="VTR:DistanceMatrixElement:22807165to22807168" version="1">
                  <Name>Luokesa to Bitėnai</Name>
                  <StartStopPointRef ref="VTR:ScheduledStopPoint:485777" version="1"/>
                  <EndStopPointRef ref="VTR:ScheduledStopPoint:485780" version="1"/>
                  <prices>
                    <DistanceMatrixElementPrice id="VTR:DistanceMatrixElementPrice:22807165to22807168" version="1">
                      <Amount>0.6</Amount>
                      <DistanceMatrixElementRef ref="VTR:DistanceMatrixElement:22807165to22807168" version="1"/>
                    </DistanceMatrixElementPrice>
                  </prices>
                </DistanceMatrixElement>
                <DistanceMatrixElement id="VTR:DistanceMatrixElement:22807166to22807173" version="1">
                  <Name>Pakryžė to Giedraičiai</Name>
                  <StartStopPointRef ref="VTR:ScheduledStopPoint:485778" version="1"/>
                  <EndStopPointRef ref="VTR:ScheduledStopPoint:485785" version="1"/>
                  <prices>
                    <DistanceMatrixElementPrice id="VTR:DistanceMatrixElementPrice:22807166to22807173" version="1">
                      <Amount>2.1</Amount>
                      <DistanceMatrixElementRef ref="VTR:DistanceMatrixElement:22807166to22807173" version="1"/>
                    </DistanceMatrixElementPrice>
                  </prices>
                </DistanceMatrixElement>
                <DistanceMatrixElement id="VTR:DistanceMatrixElement:22807167to22807169" version="1">
                  <Name>Skrebuliai to Kazokai</Name>
                  <StartStopPointRef ref="VTR:ScheduledStopPoint:485779" version="1"/>
                  <EndStopPointRef ref="VTR:ScheduledStopPoint:485781" version="1"/>
                  <prices>
                    <DistanceMatrixElementPrice id="VTR:DistanceMatrixElementPrice:22807167to22807169" version="1">
                      <Amount>0.4</Amount>
                      <DistanceMatrixElementRef ref="VTR:DistanceMatrixElement:22807167to22807169" version="1"/>
                    </DistanceMatrixElementPrice>
                  </prices>
                </DistanceMatrixElement>
                <DistanceMatrixElement id="VTR:DistanceMatrixElement:22807169to22807172" version="1">
                  <Name>Kazokai to Zanėnai</Name>
                  <StartStopPointRef ref="VTR:ScheduledStopPoint:485781" version="1"/>
                  <EndStopPointRef ref="VTR:ScheduledStopPoint:485784" version="1"/>
                  <prices>
                    <DistanceMatrixElementPrice id="VTR:DistanceMatrixElementPrice:22807169to22807172" version="1">
                      <Amount>1.2</Amount>
                      <DistanceMatrixElementRef ref="VTR:DistanceMatrixElement:22807169to22807172" version="1"/>
                    </DistanceMatrixElementPrice>
                  </prices>
                </DistanceMatrixElement>
                <DistanceMatrixElement id="VTR:DistanceMatrixElement:22807163to22807173" version="1">
                  <Name>Molėtų autobusų stotis to Giedraičiai</Name>
                  <StartStopPointRef ref="VTR:ScheduledStopPoint:485775" version="1"/>
                  <EndStopPointRef ref="VTR:ScheduledStopPoint:485785" version="1"/>
                  <prices>
                    <DistanceMatrixElementPrice id="VTR:DistanceMatrixElementPrice:22807163to22807173" version="1">
                      <Amount>2.6</Amount>
                      <DistanceMatrixElementRef ref="VTR:DistanceMatrixElement:22807163to22807173" version="1"/>
                    </DistanceMatrixElementPrice>
                  </prices>
                </DistanceMatrixElement>
                <DistanceMatrixElement id="VTR:DistanceMatrixElement:22807163to22807175" version="1">
                  <Name>Molėtų autobusų stotis to Juodiškiai</Name>
                  <StartStopPointRef ref="VTR:ScheduledStopPoint:485775" version="1"/>
                  <EndStopPointRef ref="VTR:ScheduledStopPoint:485787" version="1"/>
                  <prices>
                    <DistanceMatrixElementPrice id="VTR:DistanceMatrixElementPrice:22807163to22807175" version="1">
                      <Amount>3.2</Amount>
                      <DistanceMatrixElementRef ref="VTR:DistanceMatrixElement:22807163to22807175" version="1"/>
                    </DistanceMatrixElementPrice>
                  </prices>
                </DistanceMatrixElement>
                <DistanceMatrixElement id="VTR:DistanceMatrixElement:22807164to22807173" version="1">
                  <Name>Melioratorių to Giedraičiai</Name>
                  <StartStopPointRef ref="VTR:ScheduledStopPoint:485776" version="1"/>
                  <EndStopPointRef ref="VTR:ScheduledStopPoint:485785" version="1"/>
                  <prices>
                    <DistanceMatrixElementPrice id="VTR:DistanceMatrixElementPrice:22807164to22807173" version="1">
                      <Amount>2.6</Amount>
                      <DistanceMatrixElementRef ref="VTR:DistanceMatrixElement:22807164to22807173" version="1"/>
                    </DistanceMatrixElementPrice>
                  </prices>
                </DistanceMatrixElement>
                <DistanceMatrixElement id="VTR:DistanceMatrixElement:22807165to22807166" version="1">
                  <Name>Luokesa to Pakryžė</Name>
                  <StartStopPointRef ref="VTR:ScheduledStopPoint:485777" version="1"/>
                  <EndStopPointRef ref="VTR:ScheduledStopPoint:485778" version="1"/>
                  <prices>
                    <DistanceMatrixElementPrice id="VTR:DistanceMatrixElementPrice:22807165to22807166" version="1">
                      <Amount>0.1</Amount>
                      <DistanceMatrixElementRef ref="VTR:DistanceMatrixElement:22807165to22807166" version="1"/>
                    </DistanceMatrixElementPrice>
                  </prices>
                </DistanceMatrixElement>
                <DistanceMatrixElement id="VTR:DistanceMatrixElement:22807165to22807172" version="1">
                  <Name>Luokesa to Zanėnai</Name>
                  <StartStopPointRef ref="VTR:ScheduledStopPoint:485777" version="1"/>
                  <EndStopPointRef ref="VTR:ScheduledStopPoint:485784" version="1"/>
                  <prices>
                    <DistanceMatrixElementPrice id="VTR:DistanceMatrixElementPrice:22807165to22807172" version="1">
                      <Amount>1.9</Amount>
                      <DistanceMatrixElementRef ref="VTR:DistanceMatrixElement:22807165to22807172" version="1"/>
                    </DistanceMatrixElementPrice>
                  </prices>
                </DistanceMatrixElement>
                <DistanceMatrixElement id="VTR:DistanceMatrixElement:22807170to22807173" version="1">
                  <Name>Bijutiškis to Giedraičiai</Name>
                  <StartStopPointRef ref="VTR:ScheduledStopPoint:485782" version="1"/>
                  <EndStopPointRef ref="VTR:ScheduledStopPoint:485785" version="1"/>
                  <prices>
                    <DistanceMatrixElementPrice id="VTR:DistanceMatrixElementPrice:22807170to22807173" version="1">
                      <Amount>1.3</Amount>
                      <DistanceMatrixElementRef ref="VTR:DistanceMatrixElement:22807170to22807173" version="1"/>
                    </DistanceMatrixElementPrice>
                  </prices>
                </DistanceMatrixElement>
                <DistanceMatrixElement id="VTR:DistanceMatrixElement:22807172to22807174" version="1">
                  <Name>Zanėnai to Rudžionys</Name>
                  <StartStopPointRef ref="VTR:ScheduledStopPoint:485784" version="1"/>
                  <EndStopPointRef ref="VTR:ScheduledStopPoint:485786" version="1"/>
                  <prices>
                    <DistanceMatrixElementPrice id="VTR:DistanceMatrixElementPrice:22807172to22807174" version="1">
                      <Amount>0.7</Amount>
                      <DistanceMatrixElementRef ref="VTR:DistanceMatrixElement:22807172to22807174" version="1"/>
                    </DistanceMatrixElementPrice>
                  </prices>
                </DistanceMatrixElement>
                <DistanceMatrixElement id="VTR:DistanceMatrixElement:22807166to22807167" version="1">
                  <Name>Pakryžė to Skrebuliai</Name>
                  <StartStopPointRef ref="VTR:ScheduledStopPoint:485778" version="1"/>
                  <EndStopPointRef ref="VTR:ScheduledStopPoint:485779" version="1"/>
                  <prices>
                    <DistanceMatrixElementPrice id="VTR:DistanceMatrixElementPrice:22807166to22807167" version="1">
                      <Amount>0.2</Amount>
                      <DistanceMatrixElementRef ref="VTR:DistanceMatrixElement:22807166to22807167" version="1"/>
                    </DistanceMatrixElementPrice>
                  </prices>
                </DistanceMatrixElement>
                <DistanceMatrixElement id="VTR:DistanceMatrixElement:22807173to22807175" version="1">
                  <Name>Giedraičiai to Juodiškiai</Name>
                  <StartStopPointRef ref="VTR:ScheduledStopPoint:485785" version="1"/>
                  <EndStopPointRef ref="VTR:ScheduledStopPoint:485787" version="1"/>
                  <prices>
                    <DistanceMatrixElementPrice id="VTR:DistanceMatrixElementPrice:22807173to22807175" version="1">
                      <Amount>0.5</Amount>
                      <DistanceMatrixElementRef ref="VTR:DistanceMatrixElement:22807173to22807175" version="1"/>
                    </DistanceMatrixElementPrice>
                  </prices>
                </DistanceMatrixElement>
                <DistanceMatrixElement id="VTR:DistanceMatrixElement:22807167to22807171" version="1">
                  <Name>Skrebuliai to Radžiūnai</Name>
                  <StartStopPointRef ref="VTR:ScheduledStopPoint:485779" version="1"/>
                  <EndStopPointRef ref="VTR:ScheduledStopPoint:485783" version="1"/>
                  <prices>
                    <DistanceMatrixElementPrice id="VTR:DistanceMatrixElementPrice:22807167to22807171" version="1">
                      <Amount>1.2</Amount>
                      <DistanceMatrixElementRef ref="VTR:DistanceMatrixElement:22807167to22807171" version="1"/>
                    </DistanceMatrixElementPrice>
                  </prices>
                </DistanceMatrixElement>
                <DistanceMatrixElement id="VTR:DistanceMatrixElement:22807167to22807174" version="1">
                  <Name>Skrebuliai to Rudžionys</Name>
                  <StartStopPointRef ref="VTR:ScheduledStopPoint:485779" version="1"/>
                  <EndStopPointRef ref="VTR:ScheduledStopPoint:485786" version="1"/>
                  <prices>
                    <DistanceMatrixElementPrice id="VTR:DistanceMatrixElementPrice:22807167to22807174" version="1">
                      <Amount>2.2</Amount>
                      <DistanceMatrixElementRef ref="VTR:DistanceMatrixElement:22807167to22807174" version="1"/>
                    </DistanceMatrixElementPrice>
                  </prices>
                </DistanceMatrixElement>
                <DistanceMatrixElement id="VTR:DistanceMatrixElement:22807168to22807174" version="1">
                  <Name>Bitėnai to Rudžionys</Name>
                  <StartStopPointRef ref="VTR:ScheduledStopPoint:485780" version="1"/>
                  <EndStopPointRef ref="VTR:ScheduledStopPoint:485786" version="1"/>
                  <prices>
                    <DistanceMatrixElementPrice id="VTR:DistanceMatrixElementPrice:22807168to22807174" version="1">
                      <Amount>1.9</Amount>
                      <DistanceMatrixElementRef ref="VTR:DistanceMatrixElement:22807168to22807174" version="1"/>
                    </DistanceMatrixElementPrice>
                  </prices>
                </DistanceMatrixElement>
              </distanceMatrixElements>
            </Tariff>
          </tariffs>
          <usageParameters>
            <FrequencyOfUse id="VTR:FrequencyOfUse:oneTrip" version="1">
              <FrequencyOfUseType>unlimited</FrequencyOfUseType>
              <MaximalFrequency>1</MaximalFrequency>
            </FrequencyOfUse>
          </usageParameters>
        </FareFrame>
      </frames>
    </CompositeFrame>
  </dataObjects>
</PublicationDelivery>
