<?xml version="1.0" encoding="UTF-8"?><PublicationDelivery xmlns="http://www.netex.org.uk/netex" xmlns:gis="http://www.opengis.net/gml/3.2" xmlns:ns2="http://www.opengis.net/gml/3.2" xmlns:ns3="http://www.siri.org.uk/siri" xmlns:xsi="http://www.w3.org/2001/XMLSchema-instance" version="1" xsi:schemaLocation="">
  <PublicationTimestamp>2022-05-07T04:00:00.271</PublicationTimestamp>
  <ParticipantRef>VTR</ParticipantRef>
  <Description>1</Description>
  <dataObjects>
    <CompositeFrame created="2022-05-07T04:00:00.271" version="1" id="VTR:CompositeFrame:1388">
      <validityConditions>
        <AvailabilityCondition version="1" id="VTR:AvailabilityCondition:1388">
          <FromDate>2015-07-30T14:03:33</FromDate>
          <ToDate>2027-12-30T00:00:00</ToDate>
        </AvailabilityCondition>
      </validityConditions>
      <codespaces>
        <Codespace id="vtr">
          <Xmlns>VTR</Xmlns>
          <XmlnsUrl>http://www.visimarsrutai.lt/</XmlnsUrl>
        </Codespace>
      </codespaces>
      <FrameDefaults>
        <DefaultLocale>
          <TimeZone>Europe/Vilnius</TimeZone>
        </DefaultLocale>
        <DefaultLocationSystem>WGS84</DefaultLocationSystem>
      </FrameDefaults>
      <frames>
        <ServiceCalendarFrame version="1" id="VTR:ServiceCalendarFrame:1388">
          <dayTypes>
            <DayType id="VTR:DayType:1424" version="1">
              <properties>
                <PropertyOfDay/>
              </properties>
            </DayType>
          </dayTypes>
          <operatingPeriods>
            <OperatingPeriod version="1" id="VTR:OperatingPeriod:1424">
              <FromDate>2015-07-01T00:00:00</FromDate>
              <ToDate>2020-12-31T00:00:00</ToDate>
            </OperatingPeriod>
          </operatingPeriods>
          <dayTypeAssignments>
            <DayTypeAssignment id="VTR:DayTypeAssignment:1424_0" version="1" order="1393">
              <OperatingPeriodRef ref="VTR:OperatingPeriod:1424" version="1"/>
              <DayTypeRef ref="VTR:DayType:1424" version="1"/>
            </DayTypeAssignment>
          </dayTypeAssignments>
        </ServiceCalendarFrame>
        <ServiceFrame id="VTR:ServiceFrame:1388" version="1">
          <Network version="0" id="VTR:Network:9"/>
          <routePoints>
            <RoutePoint version="1" id="VTR:RoutePoint:65427">
              <projections>
                <PointProjection version="1" id="VTR:PointProjection:19809">
                  <ProjectedPointRef ref="VTR:ScheduledStopPoint:65427" version="1"/>
                </PointProjection>
              </projections>
            </RoutePoint>
            <RoutePoint version="1" id="VTR:RoutePoint:65428">
              <projections>
                <PointProjection version="1" id="VTR:PointProjection:19810">
                  <ProjectedPointRef ref="VTR:ScheduledStopPoint:65428" version="1"/>
                </PointProjection>
              </projections>
            </RoutePoint>
            <RoutePoint version="1" id="VTR:RoutePoint:65429">
              <projections>
                <PointProjection version="1" id="VTR:PointProjection:19811">
                  <ProjectedPointRef ref="VTR:ScheduledStopPoint:65429" version="1"/>
                </PointProjection>
              </projections>
            </RoutePoint>
            <RoutePoint version="1" id="VTR:RoutePoint:65430">
              <projections>
                <PointProjection version="1" id="VTR:PointProjection:19812">
                  <ProjectedPointRef ref="VTR:ScheduledStopPoint:65430" version="1"/>
                </PointProjection>
              </projections>
            </RoutePoint>
            <RoutePoint version="1" id="VTR:RoutePoint:65431">
              <projections>
                <PointProjection version="1" id="VTR:PointProjection:19813">
                  <ProjectedPointRef ref="VTR:ScheduledStopPoint:65431" version="1"/>
                </PointProjection>
              </projections>
            </RoutePoint>
            <RoutePoint version="1" id="VTR:RoutePoint:65432">
              <projections>
                <PointProjection version="1" id="VTR:PointProjection:19814">
                  <ProjectedPointRef ref="VTR:ScheduledStopPoint:65432" version="1"/>
                </PointProjection>
              </projections>
            </RoutePoint>
            <RoutePoint version="1" id="VTR:RoutePoint:65433">
              <projections>
                <PointProjection version="1" id="VTR:PointProjection:19815">
                  <ProjectedPointRef ref="VTR:ScheduledStopPoint:65433" version="1"/>
                </PointProjection>
              </projections>
            </RoutePoint>
            <RoutePoint version="1" id="VTR:RoutePoint:65434">
              <projections>
                <PointProjection version="1" id="VTR:PointProjection:19816">
                  <ProjectedPointRef ref="VTR:ScheduledStopPoint:65434" version="1"/>
                </PointProjection>
              </projections>
            </RoutePoint>
            <RoutePoint version="1" id="VTR:RoutePoint:65471">
              <projections>
                <PointProjection version="1" id="VTR:PointProjection:19317">
                  <ProjectedPointRef ref="VTR:ScheduledStopPoint:65471" version="1"/>
                </PointProjection>
              </projections>
            </RoutePoint>
            <RoutePoint version="1" id="VTR:RoutePoint:65472">
              <projections>
                <PointProjection version="1" id="VTR:PointProjection:19318">
                  <ProjectedPointRef ref="VTR:ScheduledStopPoint:65472" version="1"/>
                </PointProjection>
              </projections>
            </RoutePoint>
            <RoutePoint version="1" id="VTR:RoutePoint:65473">
              <projections>
                <PointProjection version="1" id="VTR:PointProjection:19319">
                  <ProjectedPointRef ref="VTR:ScheduledStopPoint:65473" version="1"/>
                </PointProjection>
              </projections>
            </RoutePoint>
            <RoutePoint version="1" id="VTR:RoutePoint:65475">
              <projections>
                <PointProjection version="1" id="VTR:PointProjection:19320">
                  <ProjectedPointRef ref="VTR:ScheduledStopPoint:65475" version="1"/>
                </PointProjection>
              </projections>
            </RoutePoint>
            <RoutePoint version="1" id="VTR:RoutePoint:65478">
              <projections>
                <PointProjection version="1" id="VTR:PointProjection:19321">
                  <ProjectedPointRef ref="VTR:ScheduledStopPoint:65478" version="1"/>
                </PointProjection>
              </projections>
            </RoutePoint>
            <RoutePoint version="1" id="VTR:RoutePoint:65479">
              <projections>
                <PointProjection version="1" id="VTR:PointProjection:19728">
                  <ProjectedPointRef ref="VTR:ScheduledStopPoint:65479" version="1"/>
                </PointProjection>
              </projections>
            </RoutePoint>
            <RoutePoint version="1" id="VTR:RoutePoint:65480">
              <projections>
                <PointProjection version="1" id="VTR:PointProjection:19729">
                  <ProjectedPointRef ref="VTR:ScheduledStopPoint:65480" version="1"/>
                </PointProjection>
              </projections>
            </RoutePoint>
            <RoutePoint version="1" id="VTR:RoutePoint:65481">
              <projections>
                <PointProjection version="1" id="VTR:PointProjection:19730">
                  <ProjectedPointRef ref="VTR:ScheduledStopPoint:65481" version="1"/>
                </PointProjection>
              </projections>
            </RoutePoint>
          </routePoints>
          <routes>
            <Route version="1" id="VTR:Route:3921">
              <Name>Sodai,,Siesartis" - Sodai ,,Pavasaris"</Name>
              <ShortName>Sodai,,Siesartis" - Sodai ,,Pavasaris"</ShortName>
              <LineRef ref="VTR:Line:1608" version="1588"/>
              <DirectionType>inbound</DirectionType>
              <pointsInSequence>
                <PointOnRoute version="1" id="VTR:PointOnRoute:65478" order="1">
                  <RoutePointRef ref="VTR:RoutePoint:65478"/>
                </PointOnRoute>
                <PointOnRoute version="1" id="VTR:PointOnRoute:65479" order="2">
                  <RoutePointRef ref="VTR:RoutePoint:65479"/>
                </PointOnRoute>
                <PointOnRoute version="1" id="VTR:PointOnRoute:65480" order="3">
                  <RoutePointRef ref="VTR:RoutePoint:65480"/>
                </PointOnRoute>
                <PointOnRoute version="1" id="VTR:PointOnRoute:65475" order="4">
                  <RoutePointRef ref="VTR:RoutePoint:65475"/>
                </PointOnRoute>
                <PointOnRoute version="1" id="VTR:PointOnRoute:65481" order="5">
                  <RoutePointRef ref="VTR:RoutePoint:65481"/>
                </PointOnRoute>
                <PointOnRoute version="1" id="VTR:PointOnRoute:65473" order="6">
                  <RoutePointRef ref="VTR:RoutePoint:65473"/>
                </PointOnRoute>
                <PointOnRoute version="1" id="VTR:PointOnRoute:65472" order="7">
                  <RoutePointRef ref="VTR:RoutePoint:65472"/>
                </PointOnRoute>
                <PointOnRoute version="1" id="VTR:PointOnRoute:65471" order="8">
                  <RoutePointRef ref="VTR:RoutePoint:65471"/>
                </PointOnRoute>
              </pointsInSequence>
            </Route>
            <Route version="1" id="VTR:Route:3908">
              <Name>Sodai,,Pavasaris" - Sodai,,Siesartis"</Name>
              <ShortName>Sodai,,Pavasaris" - Sodai,,Siesartis"</ShortName>
              <LineRef ref="VTR:Line:1608" version="1588"/>
              <DirectionType>outbound</DirectionType>
              <pointsInSequence>
                <PointOnRoute version="1" id="VTR:PointOnRoute:65427" order="1">
                  <RoutePointRef ref="VTR:RoutePoint:65427"/>
                </PointOnRoute>
                <PointOnRoute version="1" id="VTR:PointOnRoute:65428" order="2">
                  <RoutePointRef ref="VTR:RoutePoint:65428"/>
                </PointOnRoute>
                <PointOnRoute version="1" id="VTR:PointOnRoute:65429" order="3">
                  <RoutePointRef ref="VTR:RoutePoint:65429"/>
                </PointOnRoute>
                <PointOnRoute version="1" id="VTR:PointOnRoute:65430" order="4">
                  <RoutePointRef ref="VTR:RoutePoint:65430"/>
                </PointOnRoute>
                <PointOnRoute version="1" id="VTR:PointOnRoute:65431" order="5">
                  <RoutePointRef ref="VTR:RoutePoint:65431"/>
                </PointOnRoute>
                <PointOnRoute version="1" id="VTR:PointOnRoute:65432" order="6">
                  <RoutePointRef ref="VTR:RoutePoint:65432"/>
                </PointOnRoute>
                <PointOnRoute version="1" id="VTR:PointOnRoute:65433" order="7">
                  <RoutePointRef ref="VTR:RoutePoint:65433"/>
                </PointOnRoute>
                <PointOnRoute version="1" id="VTR:PointOnRoute:65434" order="8">
                  <RoutePointRef ref="VTR:RoutePoint:65434"/>
                </PointOnRoute>
              </pointsInSequence>
            </Route>
          </routes>
          <lines>
            <Line version="1588" id="VTR:Line:1608">
              <Name>Sodai ,,Pavasaris'' - Sodai - ,,Siesartis"</Name>
              <TransportMode>bus</TransportMode>
              <TransportSubmode>
                <BusSubmode>regionalBus</BusSubmode>
              </TransportSubmode>
              <PublicCode>M-5800</PublicCode>
              <OperatorRef ref="VTR:Operator:9"/>
            </Line>
          </lines>
          <scheduledStopPoints>
            <ScheduledStopPoint version="1" id="VTR:ScheduledStopPoint:65427">
              <Name>Sodai,,Pavasaris"</Name>
            </ScheduledStopPoint>
            <ScheduledStopPoint version="1" id="VTR:ScheduledStopPoint:65428">
              <Name>Melioratorių g.</Name>
            </ScheduledStopPoint>
            <ScheduledStopPoint version="1" id="VTR:ScheduledStopPoint:65429">
              <Name>Liepų</Name>
            </ScheduledStopPoint>
            <ScheduledStopPoint version="1" id="VTR:ScheduledStopPoint:65430">
              <Name>Ligoninė</Name>
            </ScheduledStopPoint>
            <ScheduledStopPoint version="1" id="VTR:ScheduledStopPoint:65431">
              <Name>Molėtų autobusų stotis</Name>
            </ScheduledStopPoint>
            <ScheduledStopPoint version="1" id="VTR:ScheduledStopPoint:65432">
              <Name>Šeštokiškės</Name>
            </ScheduledStopPoint>
            <ScheduledStopPoint version="1" id="VTR:ScheduledStopPoint:65433">
              <Name>Antaniškis</Name>
            </ScheduledStopPoint>
            <ScheduledStopPoint version="1" id="VTR:ScheduledStopPoint:65434">
              <Name>Sodai,,Siesartis"</Name>
            </ScheduledStopPoint>
            <ScheduledStopPoint version="1" id="VTR:ScheduledStopPoint:65471">
              <Name>Sodai,,Pavasaris"</Name>
            </ScheduledStopPoint>
            <ScheduledStopPoint version="1" id="VTR:ScheduledStopPoint:65472">
              <Name>Melioratorių g.</Name>
            </ScheduledStopPoint>
            <ScheduledStopPoint version="1" id="VTR:ScheduledStopPoint:65473">
              <Name>Liepų</Name>
            </ScheduledStopPoint>
            <ScheduledStopPoint version="1" id="VTR:ScheduledStopPoint:65475">
              <Name>Molėtų autobusų stotis</Name>
            </ScheduledStopPoint>
            <ScheduledStopPoint version="1" id="VTR:ScheduledStopPoint:65478">
              <Name>Sodai,,Siesartis"</Name>
            </ScheduledStopPoint>
            <ScheduledStopPoint version="1" id="VTR:ScheduledStopPoint:65479">
              <Name>Antaniškis</Name>
            </ScheduledStopPoint>
            <ScheduledStopPoint version="1" id="VTR:ScheduledStopPoint:65480">
              <Name>Šeštokiškės</Name>
            </ScheduledStopPoint>
            <ScheduledStopPoint version="1" id="VTR:ScheduledStopPoint:65481">
              <Name>Ligoninė</Name>
            </ScheduledStopPoint>
          </scheduledStopPoints>
          <serviceLinks>
            <ServiceLink id="VTR:ServiceLink:65430_1_65431_1" version="1">
              <Distance>1</Distance>
              <FromPointRef ref="VTR:ScheduledStopPoint:65430" version="1"/>
              <ToPointRef ref="VTR:ScheduledStopPoint:65431" version="1"/>
            </ServiceLink>
            <ServiceLink id="VTR:ServiceLink:65478_1_65479_1" version="1">
              <Distance>0</Distance>
              <FromPointRef ref="VTR:ScheduledStopPoint:65478" version="1"/>
              <ToPointRef ref="VTR:ScheduledStopPoint:65479" version="1"/>
            </ServiceLink>
            <ServiceLink id="VTR:ServiceLink:65481_1_65473_1" version="1">
              <Distance>0</Distance>
              <FromPointRef ref="VTR:ScheduledStopPoint:65481" version="1"/>
              <ToPointRef ref="VTR:ScheduledStopPoint:65473" version="1"/>
            </ServiceLink>
            <ServiceLink id="VTR:ServiceLink:65479_1_65480_1" version="1">
              <Distance>1</Distance>
              <FromPointRef ref="VTR:ScheduledStopPoint:65479" version="1"/>
              <ToPointRef ref="VTR:ScheduledStopPoint:65480" version="1"/>
            </ServiceLink>
            <ServiceLink id="VTR:ServiceLink:65431_1_65432_1" version="1">
              <Distance>1</Distance>
              <FromPointRef ref="VTR:ScheduledStopPoint:65431" version="1"/>
              <ToPointRef ref="VTR:ScheduledStopPoint:65432" version="1"/>
            </ServiceLink>
            <ServiceLink id="VTR:ServiceLink:65432_1_65433_1" version="1">
              <Distance>1</Distance>
              <FromPointRef ref="VTR:ScheduledStopPoint:65432" version="1"/>
              <ToPointRef ref="VTR:ScheduledStopPoint:65433" version="1"/>
            </ServiceLink>
            <ServiceLink id="VTR:ServiceLink:65433_1_65434_1" version="1">
              <Distance>0</Distance>
              <FromPointRef ref="VTR:ScheduledStopPoint:65433" version="1"/>
              <ToPointRef ref="VTR:ScheduledStopPoint:65434" version="1"/>
            </ServiceLink>
            <ServiceLink id="VTR:ServiceLink:65428_1_65429_1" version="1">
              <Distance>0</Distance>
              <FromPointRef ref="VTR:ScheduledStopPoint:65428" version="1"/>
              <ToPointRef ref="VTR:ScheduledStopPoint:65429" version="1"/>
            </ServiceLink>
            <ServiceLink id="VTR:ServiceLink:65472_1_65471_1" version="1">
              <Distance>0</Distance>
              <FromPointRef ref="VTR:ScheduledStopPoint:65472" version="1"/>
              <ToPointRef ref="VTR:ScheduledStopPoint:65471" version="1"/>
            </ServiceLink>
            <ServiceLink id="VTR:ServiceLink:65429_1_65430_1" version="1">
              <Distance>0</Distance>
              <FromPointRef ref="VTR:ScheduledStopPoint:65429" version="1"/>
              <ToPointRef ref="VTR:ScheduledStopPoint:65430" version="1"/>
            </ServiceLink>
            <ServiceLink id="VTR:ServiceLink:65473_1_65472_1" version="1">
              <Distance>0</Distance>
              <FromPointRef ref="VTR:ScheduledStopPoint:65473" version="1"/>
              <ToPointRef ref="VTR:ScheduledStopPoint:65472" version="1"/>
            </ServiceLink>
            <ServiceLink id="VTR:ServiceLink:65475_1_65481_1" version="1">
              <Distance>1</Distance>
              <FromPointRef ref="VTR:ScheduledStopPoint:65475" version="1"/>
              <ToPointRef ref="VTR:ScheduledStopPoint:65481" version="1"/>
            </ServiceLink>
            <ServiceLink id="VTR:ServiceLink:65480_1_65475_1" version="1">
              <Distance>1</Distance>
              <FromPointRef ref="VTR:ScheduledStopPoint:65480" version="1"/>
              <ToPointRef ref="VTR:ScheduledStopPoint:65475" version="1"/>
            </ServiceLink>
            <ServiceLink id="VTR:ServiceLink:65427_1_65428_1" version="1">
              <Distance>0</Distance>
              <FromPointRef ref="VTR:ScheduledStopPoint:65427" version="1"/>
              <ToPointRef ref="VTR:ScheduledStopPoint:65428" version="1"/>
            </ServiceLink>
          </serviceLinks>
          <stopAssignments>
            <PassengerStopAssignment order="390800000" id="VTR:PassengerStopAssignment:65427" version="1">
              <ScheduledStopPointRef ref="VTR:ScheduledStopPoint:65427" version="1"/>
              <QuayRef ref="VTR:Quay:21381"/>
            </PassengerStopAssignment>
            <PassengerStopAssignment order="390800001" id="VTR:PassengerStopAssignment:65428" version="1">
              <ScheduledStopPointRef ref="VTR:ScheduledStopPoint:65428" version="1"/>
              <QuayRef ref="VTR:Quay:21382"/>
            </PassengerStopAssignment>
            <PassengerStopAssignment order="390800002" id="VTR:PassengerStopAssignment:65429" version="1">
              <ScheduledStopPointRef ref="VTR:ScheduledStopPoint:65429" version="1"/>
              <QuayRef ref="VTR:Quay:21383"/>
            </PassengerStopAssignment>
            <PassengerStopAssignment order="390800003" id="VTR:PassengerStopAssignment:65430" version="1">
              <ScheduledStopPointRef ref="VTR:ScheduledStopPoint:65430" version="1"/>
              <QuayRef ref="VTR:Quay:5195"/>
            </PassengerStopAssignment>
            <PassengerStopAssignment order="390800004" id="VTR:PassengerStopAssignment:65431" version="1">
              <ScheduledStopPointRef ref="VTR:ScheduledStopPoint:65431" version="1"/>
              <QuayRef ref="VTR:Quay:19482"/>
            </PassengerStopAssignment>
            <PassengerStopAssignment order="390800005" id="VTR:PassengerStopAssignment:65432" version="1">
              <ScheduledStopPointRef ref="VTR:ScheduledStopPoint:65432" version="1"/>
              <QuayRef ref="VTR:Quay:7511"/>
            </PassengerStopAssignment>
            <PassengerStopAssignment order="390800006" id="VTR:PassengerStopAssignment:65433" version="1">
              <ScheduledStopPointRef ref="VTR:ScheduledStopPoint:65433" version="1"/>
              <QuayRef ref="VTR:Quay:11278"/>
            </PassengerStopAssignment>
            <PassengerStopAssignment order="390800007" id="VTR:PassengerStopAssignment:65434" version="1">
              <ScheduledStopPointRef ref="VTR:ScheduledStopPoint:65434" version="1"/>
              <QuayRef ref="VTR:Quay:21389"/>
            </PassengerStopAssignment>
            <PassengerStopAssignment order="392100000" id="VTR:PassengerStopAssignment:65478" version="1">
              <ScheduledStopPointRef ref="VTR:ScheduledStopPoint:65478" version="1"/>
              <QuayRef ref="VTR:Quay:21389"/>
            </PassengerStopAssignment>
            <PassengerStopAssignment order="392100001" id="VTR:PassengerStopAssignment:65479" version="1">
              <ScheduledStopPointRef ref="VTR:ScheduledStopPoint:65479" version="1"/>
              <QuayRef ref="VTR:Quay:9366"/>
            </PassengerStopAssignment>
            <PassengerStopAssignment order="392100002" id="VTR:PassengerStopAssignment:65480" version="1">
              <ScheduledStopPointRef ref="VTR:ScheduledStopPoint:65480" version="1"/>
              <QuayRef ref="VTR:Quay:5389"/>
            </PassengerStopAssignment>
            <PassengerStopAssignment order="392100003" id="VTR:PassengerStopAssignment:65475" version="1">
              <ScheduledStopPointRef ref="VTR:ScheduledStopPoint:65475" version="1"/>
              <QuayRef ref="VTR:Quay:19482"/>
            </PassengerStopAssignment>
            <PassengerStopAssignment order="392100004" id="VTR:PassengerStopAssignment:65481" version="1">
              <ScheduledStopPointRef ref="VTR:ScheduledStopPoint:65481" version="1"/>
              <QuayRef ref="VTR:Quay:8092"/>
            </PassengerStopAssignment>
            <PassengerStopAssignment order="392100005" id="VTR:PassengerStopAssignment:65473" version="1">
              <ScheduledStopPointRef ref="VTR:ScheduledStopPoint:65473" version="1"/>
              <QuayRef ref="VTR:Quay:21383"/>
            </PassengerStopAssignment>
            <PassengerStopAssignment order="392100006" id="VTR:PassengerStopAssignment:65472" version="1">
              <ScheduledStopPointRef ref="VTR:ScheduledStopPoint:65472" version="1"/>
              <QuayRef ref="VTR:Quay:21382"/>
            </PassengerStopAssignment>
            <PassengerStopAssignment order="392100007" id="VTR:PassengerStopAssignment:65471" version="1">
              <ScheduledStopPointRef ref="VTR:ScheduledStopPoint:65471" version="1"/>
              <QuayRef ref="VTR:Quay:21381"/>
            </PassengerStopAssignment>
          </stopAssignments>
          <journeyPatterns>
            <JourneyPattern id="VTR:JourneyPattern:46108" version="46088">
              <Name>5800-1</Name>
              <RouteRef ref="VTR:Route:3908" version="1"/>
              <pointsInSequence>
                <StopPointInJourneyPattern id="VTR:StopPointInJourneyPattern:963492" version="46088" order="1">
                  <ScheduledStopPointRef ref="VTR:ScheduledStopPoint:65427"/>
                  <DestinationDisplayRef ref="VTR:DestinationDisplay:1"/>
                </StopPointInJourneyPattern>
                <StopPointInJourneyPattern id="VTR:StopPointInJourneyPattern:963493" version="46088" order="2">
                  <ScheduledStopPointRef ref="VTR:ScheduledStopPoint:65428"/>
                  <DestinationDisplayRef ref="VTR:DestinationDisplay:1"/>
                </StopPointInJourneyPattern>
                <StopPointInJourneyPattern id="VTR:StopPointInJourneyPattern:963494" version="46088" order="3">
                  <ScheduledStopPointRef ref="VTR:ScheduledStopPoint:65429"/>
                  <DestinationDisplayRef ref="VTR:DestinationDisplay:1"/>
                </StopPointInJourneyPattern>
                <StopPointInJourneyPattern id="VTR:StopPointInJourneyPattern:963495" version="46088" order="4">
                  <ScheduledStopPointRef ref="VTR:ScheduledStopPoint:65430"/>
                  <DestinationDisplayRef ref="VTR:DestinationDisplay:1"/>
                </StopPointInJourneyPattern>
                <StopPointInJourneyPattern id="VTR:StopPointInJourneyPattern:963496" version="46088" order="5">
                  <ScheduledStopPointRef ref="VTR:ScheduledStopPoint:65431"/>
                  <DestinationDisplayRef ref="VTR:DestinationDisplay:1"/>
                </StopPointInJourneyPattern>
                <StopPointInJourneyPattern id="VTR:StopPointInJourneyPattern:963497" version="46088" order="6">
                  <ScheduledStopPointRef ref="VTR:ScheduledStopPoint:65432"/>
                  <DestinationDisplayRef ref="VTR:DestinationDisplay:1"/>
                </StopPointInJourneyPattern>
                <StopPointInJourneyPattern id="VTR:StopPointInJourneyPattern:963498" version="46088" order="7">
                  <ScheduledStopPointRef ref="VTR:ScheduledStopPoint:65433"/>
                  <DestinationDisplayRef ref="VTR:DestinationDisplay:1"/>
                </StopPointInJourneyPattern>
                <StopPointInJourneyPattern id="VTR:StopPointInJourneyPattern:963499" version="46088" order="8">
                  <ScheduledStopPointRef ref="VTR:ScheduledStopPoint:65434"/>
                  <DestinationDisplayRef ref="VTR:DestinationDisplay:1"/>
                </StopPointInJourneyPattern>
              </pointsInSequence>
            </JourneyPattern>
            <JourneyPattern id="VTR:JourneyPattern:46109" version="46089">
              <Name>5800-4</Name>
              <RouteRef ref="VTR:Route:3921" version="1"/>
              <pointsInSequence>
                <StopPointInJourneyPattern id="VTR:StopPointInJourneyPattern:963500" version="46089" order="1">
                  <ScheduledStopPointRef ref="VTR:ScheduledStopPoint:65478"/>
                  <DestinationDisplayRef ref="VTR:DestinationDisplay:1"/>
                </StopPointInJourneyPattern>
                <StopPointInJourneyPattern id="VTR:StopPointInJourneyPattern:963501" version="46089" order="2">
                  <ScheduledStopPointRef ref="VTR:ScheduledStopPoint:65479"/>
                  <DestinationDisplayRef ref="VTR:DestinationDisplay:1"/>
                </StopPointInJourneyPattern>
                <StopPointInJourneyPattern id="VTR:StopPointInJourneyPattern:963502" version="46089" order="3">
                  <ScheduledStopPointRef ref="VTR:ScheduledStopPoint:65480"/>
                  <DestinationDisplayRef ref="VTR:DestinationDisplay:1"/>
                </StopPointInJourneyPattern>
                <StopPointInJourneyPattern id="VTR:StopPointInJourneyPattern:963503" version="46089" order="4">
                  <ScheduledStopPointRef ref="VTR:ScheduledStopPoint:65475"/>
                  <DestinationDisplayRef ref="VTR:DestinationDisplay:1"/>
                </StopPointInJourneyPattern>
                <StopPointInJourneyPattern id="VTR:StopPointInJourneyPattern:963504" version="46089" order="5">
                  <ScheduledStopPointRef ref="VTR:ScheduledStopPoint:65481"/>
                  <DestinationDisplayRef ref="VTR:DestinationDisplay:1"/>
                </StopPointInJourneyPattern>
                <StopPointInJourneyPattern id="VTR:StopPointInJourneyPattern:963505" version="46089" order="6">
                  <ScheduledStopPointRef ref="VTR:ScheduledStopPoint:65473"/>
                  <DestinationDisplayRef ref="VTR:DestinationDisplay:1"/>
                </StopPointInJourneyPattern>
                <StopPointInJourneyPattern id="VTR:StopPointInJourneyPattern:963506" version="46089" order="7">
                  <ScheduledStopPointRef ref="VTR:ScheduledStopPoint:65472"/>
                  <DestinationDisplayRef ref="VTR:DestinationDisplay:1"/>
                </StopPointInJourneyPattern>
                <StopPointInJourneyPattern id="VTR:StopPointInJourneyPattern:963507" version="46089" order="8">
                  <ScheduledStopPointRef ref="VTR:ScheduledStopPoint:65471"/>
                  <DestinationDisplayRef ref="VTR:DestinationDisplay:1"/>
                </StopPointInJourneyPattern>
              </pointsInSequence>
            </JourneyPattern>
          </journeyPatterns>
        </ServiceFrame>
        <TimetableFrame version="1" id="VTR:TimetableFrame:1388">
          <vehicleJourneys>
            <ServiceJourney version="46089" id="VTR:ServiceJourney:46109">
              <Name>Sodai,,Siesartis" - Sodai ,,Pavasaris"</Name>
              <PrivateCode>5800-4</PrivateCode>
              <dayTypes>
                <DayTypeRef ref="VTR:DayType:1424"/>
              </dayTypes>
              <JourneyPatternRef version="46089" ref="VTR:JourneyPattern:46109"/>
              <OperatorRef ref="VTR:Operator:362"/>
              <LineRef ref="VTR:Line:1608" version="1588"/>
              <passingTimes>
                <TimetabledPassingTime version="46089" id="VTR:TimetabledPassingTime:46109_963500_1">
                  <StopPointInJourneyPatternRef ref="VTR:StopPointInJourneyPattern:963500" version="46089"/>
                  <DepartureTime>18:00:00</DepartureTime>
                  <DepartureDayOffset>0</DepartureDayOffset>
                </TimetabledPassingTime>
                <TimetabledPassingTime version="46089" id="VTR:TimetabledPassingTime:46109_963501_2">
                  <StopPointInJourneyPatternRef ref="VTR:StopPointInJourneyPattern:963501" version="46089"/>
                  <DepartureTime>18:03:00</DepartureTime>
                  <DepartureDayOffset>0</DepartureDayOffset>
                </TimetabledPassingTime>
                <TimetabledPassingTime version="46089" id="VTR:TimetabledPassingTime:46109_963502_3">
                  <StopPointInJourneyPatternRef ref="VTR:StopPointInJourneyPattern:963502" version="46089"/>
                  <DepartureTime>18:07:00</DepartureTime>
                  <DepartureDayOffset>0</DepartureDayOffset>
                </TimetabledPassingTime>
                <TimetabledPassingTime version="46089" id="VTR:TimetabledPassingTime:46109_963503_4">
                  <StopPointInJourneyPatternRef ref="VTR:StopPointInJourneyPattern:963503" version="46089"/>
                  <DepartureTime>18:09:00</DepartureTime>
                  <DepartureDayOffset>0</DepartureDayOffset>
                </TimetabledPassingTime>
                <TimetabledPassingTime version="46089" id="VTR:TimetabledPassingTime:46109_963504_5">
                  <StopPointInJourneyPatternRef ref="VTR:StopPointInJourneyPattern:963504" version="46089"/>
                  <DepartureTime>18:15:00</DepartureTime>
                  <DepartureDayOffset>0</DepartureDayOffset>
                </TimetabledPassingTime>
                <TimetabledPassingTime version="46089" id="VTR:TimetabledPassingTime:46109_963505_6">
                  <StopPointInJourneyPatternRef ref="VTR:StopPointInJourneyPattern:963505" version="46089"/>
                  <DepartureTime>18:16:00</DepartureTime>
                  <DepartureDayOffset>0</DepartureDayOffset>
                </TimetabledPassingTime>
                <TimetabledPassingTime version="46089" id="VTR:TimetabledPassingTime:46109_963506_7">
                  <StopPointInJourneyPatternRef ref="VTR:StopPointInJourneyPattern:963506" version="46089"/>
                  <DepartureTime>18:17:00</DepartureTime>
                  <DepartureDayOffset>0</DepartureDayOffset>
                </TimetabledPassingTime>
                <TimetabledPassingTime version="46089" id="VTR:TimetabledPassingTime:46109_963507_8">
                  <StopPointInJourneyPatternRef ref="VTR:StopPointInJourneyPattern:963507" version="46089"/>
                  <DepartureTime>18:19:00</DepartureTime>
                  <DepartureDayOffset>0</DepartureDayOffset>
                </TimetabledPassingTime>
              </passingTimes>
            </ServiceJourney>
            <ServiceJourney version="46088" id="VTR:ServiceJourney:46108">
              <Name>Sodai,,Pavasaris" - Sodai,,Siesartis"</Name>
              <PrivateCode>5800-1</PrivateCode>
              <dayTypes>
                <DayTypeRef ref="VTR:DayType:1424"/>
              </dayTypes>
              <JourneyPatternRef version="46088" ref="VTR:JourneyPattern:46108"/>
              <OperatorRef ref="VTR:Operator:362"/>
              <LineRef ref="VTR:Line:1608" version="1588"/>
              <passingTimes>
                <TimetabledPassingTime version="46088" id="VTR:TimetabledPassingTime:46108_963492_1">
                  <StopPointInJourneyPatternRef ref="VTR:StopPointInJourneyPattern:963492" version="46088"/>
                  <DepartureTime>08:20:00</DepartureTime>
                  <DepartureDayOffset>0</DepartureDayOffset>
                </TimetabledPassingTime>
                <TimetabledPassingTime version="46088" id="VTR:TimetabledPassingTime:46108_963493_2">
                  <StopPointInJourneyPatternRef ref="VTR:StopPointInJourneyPattern:963493" version="46088"/>
                  <DepartureTime>08:21:00</DepartureTime>
                  <DepartureDayOffset>0</DepartureDayOffset>
                </TimetabledPassingTime>
                <TimetabledPassingTime version="46088" id="VTR:TimetabledPassingTime:46108_963494_3">
                  <StopPointInJourneyPatternRef ref="VTR:StopPointInJourneyPattern:963494" version="46088"/>
                  <DepartureTime>08:23:00</DepartureTime>
                  <DepartureDayOffset>0</DepartureDayOffset>
                </TimetabledPassingTime>
                <TimetabledPassingTime version="46088" id="VTR:TimetabledPassingTime:46108_963495_4">
                  <StopPointInJourneyPatternRef ref="VTR:StopPointInJourneyPattern:963495" version="46088"/>
                  <DepartureTime>08:24:00</DepartureTime>
                  <DepartureDayOffset>0</DepartureDayOffset>
                </TimetabledPassingTime>
                <TimetabledPassingTime version="46088" id="VTR:TimetabledPassingTime:46108_963496_5">
                  <StopPointInJourneyPatternRef ref="VTR:StopPointInJourneyPattern:963496" version="46088"/>
                  <DepartureTime>08:28:00</DepartureTime>
                  <DepartureDayOffset>0</DepartureDayOffset>
                </TimetabledPassingTime>
                <TimetabledPassingTime version="46088" id="VTR:TimetabledPassingTime:46108_963497_6">
                  <StopPointInJourneyPatternRef ref="VTR:StopPointInJourneyPattern:963497" version="46088"/>
                  <DepartureTime>08:30:00</DepartureTime>
                  <DepartureDayOffset>0</DepartureDayOffset>
                </TimetabledPassingTime>
                <TimetabledPassingTime version="46088" id="VTR:TimetabledPassingTime:46108_963498_7">
                  <StopPointInJourneyPatternRef ref="VTR:StopPointInJourneyPattern:963498" version="46088"/>
                  <DepartureTime>08:34:00</DepartureTime>
                  <DepartureDayOffset>0</DepartureDayOffset>
                </TimetabledPassingTime>
                <TimetabledPassingTime version="46088" id="VTR:TimetabledPassingTime:46108_963499_8">
                  <StopPointInJourneyPatternRef ref="VTR:StopPointInJourneyPattern:963499" version="46088"/>
                  <DepartureTime>08:37:00</DepartureTime>
                  <DepartureDayOffset>0</DepartureDayOffset>
                </TimetabledPassingTime>
              </passingTimes>
            </ServiceJourney>
          </vehicleJourneys>
        </TimetableFrame>
        <ResourceFrame version="1" id="VTR:ResourceFrame:1388">
          <organisations>
            <Authority version="1" id="VTR:Authority:9">
              <CompanyNumber>62</CompanyNumber>
              <Name>Molėtų r. sav.</Name>
              <LegalName>Molėtų r. sav.</LegalName>
              <ContactDetails>
                <Email>savivaldybe@moletai.lt</Email>
                <Phone>838354761</Phone>
                <Url>www.moletai.lt</Url>
              </ContactDetails>
              <OrganisationType>authority</OrganisationType>
            </Authority>
          </organisations>
        </ResourceFrame>
        <FareFrame id="VTR:FareFrame:1608" version="1">
          <FrameDefaults>
            <DefaultCurrency>EUR</DefaultCurrency>
          </FrameDefaults>
          <fareStructureElements>
            <FareStructureElement id="VTR:FareStructureElement:pricematrix" version="1">
              <distanceMatrixElements>
                <DistanceMatrixElementRef ref="VTR:DistanceMatrixElement:963501to963507" version="1"/>
                <DistanceMatrixElementRef ref="VTR:DistanceMatrixElement:963494to963496" version="1"/>
                <DistanceMatrixElementRef ref="VTR:DistanceMatrixElement:963496to963497" version="1"/>
                <DistanceMatrixElementRef ref="VTR:DistanceMatrixElement:963496to963498" version="1"/>
                <DistanceMatrixElementRef ref="VTR:DistanceMatrixElement:963500to963501" version="1"/>
                <DistanceMatrixElementRef ref="VTR:DistanceMatrixElement:963500to963502" version="1"/>
                <DistanceMatrixElementRef ref="VTR:DistanceMatrixElement:963492to963493" version="1"/>
                <DistanceMatrixElementRef ref="VTR:DistanceMatrixElement:963495to963497" version="1"/>
                <DistanceMatrixElementRef ref="VTR:DistanceMatrixElement:963500to963504" version="1"/>
                <DistanceMatrixElementRef ref="VTR:DistanceMatrixElement:963501to963504" version="1"/>
                <DistanceMatrixElementRef ref="VTR:DistanceMatrixElement:963503to963504" version="1"/>
                <DistanceMatrixElementRef ref="VTR:DistanceMatrixElement:963492to963495" version="1"/>
                <DistanceMatrixElementRef ref="VTR:DistanceMatrixElement:963493to963499" version="1"/>
                <DistanceMatrixElementRef ref="VTR:DistanceMatrixElement:963495to963498" version="1"/>
                <DistanceMatrixElementRef ref="VTR:DistanceMatrixElement:963500to963506" version="1"/>
                <DistanceMatrixElementRef ref="VTR:DistanceMatrixElement:963500to963507" version="1"/>
                <DistanceMatrixElementRef ref="VTR:DistanceMatrixElement:963502to963505" version="1"/>
                <DistanceMatrixElementRef ref="VTR:DistanceMatrixElement:963492to963496" version="1"/>
                <DistanceMatrixElementRef ref="VTR:DistanceMatrixElement:963492to963498" version="1"/>
                <DistanceMatrixElementRef ref="VTR:DistanceMatrixElement:963493to963496" version="1"/>
                <DistanceMatrixElementRef ref="VTR:DistanceMatrixElement:963494to963499" version="1"/>
                <DistanceMatrixElementRef ref="VTR:DistanceMatrixElement:963496to963499" version="1"/>
                <DistanceMatrixElementRef ref="VTR:DistanceMatrixElement:963497to963498" version="1"/>
                <DistanceMatrixElementRef ref="VTR:DistanceMatrixElement:963502to963504" version="1"/>
                <DistanceMatrixElementRef ref="VTR:DistanceMatrixElement:963502to963506" version="1"/>
                <DistanceMatrixElementRef ref="VTR:DistanceMatrixElement:963503to963506" version="1"/>
                <DistanceMatrixElementRef ref="VTR:DistanceMatrixElement:963504to963507" version="1"/>
                <DistanceMatrixElementRef ref="VTR:DistanceMatrixElement:963492to963499" version="1"/>
                <DistanceMatrixElementRef ref="VTR:DistanceMatrixElement:963493to963495" version="1"/>
                <DistanceMatrixElementRef ref="VTR:DistanceMatrixElement:963493to963497" version="1"/>
                <DistanceMatrixElementRef ref="VTR:DistanceMatrixElement:963493to963498" version="1"/>
                <DistanceMatrixElementRef ref="VTR:DistanceMatrixElement:963498to963499" version="1"/>
                <DistanceMatrixElementRef ref="VTR:DistanceMatrixElement:963502to963503" version="1"/>
                <DistanceMatrixElementRef ref="VTR:DistanceMatrixElement:963502to963507" version="1"/>
                <DistanceMatrixElementRef ref="VTR:DistanceMatrixElement:963506to963507" version="1"/>
                <DistanceMatrixElementRef ref="VTR:DistanceMatrixElement:963492to963494" version="1"/>
                <DistanceMatrixElementRef ref="VTR:DistanceMatrixElement:963492to963497" version="1"/>
                <DistanceMatrixElementRef ref="VTR:DistanceMatrixElement:963494to963498" version="1"/>
                <DistanceMatrixElementRef ref="VTR:DistanceMatrixElement:963495to963499" version="1"/>
                <DistanceMatrixElementRef ref="VTR:DistanceMatrixElement:963500to963505" version="1"/>
                <DistanceMatrixElementRef ref="VTR:DistanceMatrixElement:963501to963503" version="1"/>
                <DistanceMatrixElementRef ref="VTR:DistanceMatrixElement:963501to963505" version="1"/>
                <DistanceMatrixElementRef ref="VTR:DistanceMatrixElement:963501to963506" version="1"/>
                <DistanceMatrixElementRef ref="VTR:DistanceMatrixElement:963504to963505" version="1"/>
                <DistanceMatrixElementRef ref="VTR:DistanceMatrixElement:963505to963507" version="1"/>
                <DistanceMatrixElementRef ref="VTR:DistanceMatrixElement:963493to963494" version="1"/>
                <DistanceMatrixElementRef ref="VTR:DistanceMatrixElement:963495to963496" version="1"/>
                <DistanceMatrixElementRef ref="VTR:DistanceMatrixElement:963497to963499" version="1"/>
                <DistanceMatrixElementRef ref="VTR:DistanceMatrixElement:963500to963503" version="1"/>
                <DistanceMatrixElementRef ref="VTR:DistanceMatrixElement:963501to963502" version="1"/>
                <DistanceMatrixElementRef ref="VTR:DistanceMatrixElement:963503to963505" version="1"/>
                <DistanceMatrixElementRef ref="VTR:DistanceMatrixElement:963503to963507" version="1"/>
                <DistanceMatrixElementRef ref="VTR:DistanceMatrixElement:963504to963506" version="1"/>
                <DistanceMatrixElementRef ref="VTR:DistanceMatrixElement:963505to963506" version="1"/>
                <DistanceMatrixElementRef ref="VTR:DistanceMatrixElement:963494to963495" version="1"/>
                <DistanceMatrixElementRef ref="VTR:DistanceMatrixElement:963494to963497" version="1"/>
              </distanceMatrixElements>
            </FareStructureElement>
          </fareStructureElements>
          <tariffs>
            <Tariff id="VTR:Tariff:pointToPointInSeparateJourney_1608" version="1">
              <Name>Point to point tariff</Name>
              <distanceMatrixElements>
                <DistanceMatrixElement id="VTR:DistanceMatrixElement:963501to963507" version="1">
                  <Name>Antaniškis to Sodai,,Pavasaris"</Name>
                  <StartStopPointRef ref="VTR:ScheduledStopPoint:65479" version="1"/>
                  <EndStopPointRef ref="VTR:ScheduledStopPoint:65471" version="1"/>
                  <prices>
                    <DistanceMatrixElementPrice id="VTR:DistanceMatrixElementPrice:963501to963507" version="1">
                      <Amount>0.6</Amount>
                      <DistanceMatrixElementRef ref="VTR:DistanceMatrixElement:963501to963507" version="1"/>
                    </DistanceMatrixElementPrice>
                  </prices>
                </DistanceMatrixElement>
                <DistanceMatrixElement id="VTR:DistanceMatrixElement:963494to963496" version="1">
                  <Name>Liepų to Molėtų autobusų stotis</Name>
                  <StartStopPointRef ref="VTR:ScheduledStopPoint:65429" version="1"/>
                  <EndStopPointRef ref="VTR:ScheduledStopPoint:65431" version="1"/>
                  <prices>
                    <DistanceMatrixElementPrice id="VTR:DistanceMatrixElementPrice:963494to963496" version="1">
                      <Amount>0.1</Amount>
                      <DistanceMatrixElementRef ref="VTR:DistanceMatrixElement:963494to963496" version="1"/>
                    </DistanceMatrixElementPrice>
                  </prices>
                </DistanceMatrixElement>
                <DistanceMatrixElement id="VTR:DistanceMatrixElement:963496to963497" version="1">
                  <Name>Molėtų autobusų stotis to Šeštokiškės</Name>
                  <StartStopPointRef ref="VTR:ScheduledStopPoint:65431" version="1"/>
                  <EndStopPointRef ref="VTR:ScheduledStopPoint:65432" version="1"/>
                  <prices>
                    <DistanceMatrixElementPrice id="VTR:DistanceMatrixElementPrice:963496to963497" version="1">
                      <Amount>0.1</Amount>
                      <DistanceMatrixElementRef ref="VTR:DistanceMatrixElement:963496to963497" version="1"/>
                    </DistanceMatrixElementPrice>
                  </prices>
                </DistanceMatrixElement>
                <DistanceMatrixElement id="VTR:DistanceMatrixElement:963496to963498" version="1">
                  <Name>Molėtų autobusų stotis to Antaniškis</Name>
                  <StartStopPointRef ref="VTR:ScheduledStopPoint:65431" version="1"/>
                  <EndStopPointRef ref="VTR:ScheduledStopPoint:65433" version="1"/>
                  <prices>
                    <DistanceMatrixElementPrice id="VTR:DistanceMatrixElementPrice:963496to963498" version="1">
                      <Amount>0.3</Amount>
                      <DistanceMatrixElementRef ref="VTR:DistanceMatrixElement:963496to963498" version="1"/>
                    </DistanceMatrixElementPrice>
                  </prices>
                </DistanceMatrixElement>
                <DistanceMatrixElement id="VTR:DistanceMatrixElement:963500to963501" version="1">
                  <Name>Sodai,,Siesartis" to Antaniškis</Name>
                  <StartStopPointRef ref="VTR:ScheduledStopPoint:65478" version="1"/>
                  <EndStopPointRef ref="VTR:ScheduledStopPoint:65479" version="1"/>
                  <prices>
                    <DistanceMatrixElementPrice id="VTR:DistanceMatrixElementPrice:963500to963501" version="1">
                      <Amount>0.1</Amount>
                      <DistanceMatrixElementRef ref="VTR:DistanceMatrixElement:963500to963501" version="1"/>
                    </DistanceMatrixElementPrice>
                  </prices>
                </DistanceMatrixElement>
                <DistanceMatrixElement id="VTR:DistanceMatrixElement:963500to963502" version="1">
                  <Name>Sodai,,Siesartis" to Šeštokiškės</Name>
                  <StartStopPointRef ref="VTR:ScheduledStopPoint:65478" version="1"/>
                  <EndStopPointRef ref="VTR:ScheduledStopPoint:65480" version="1"/>
                  <prices>
                    <DistanceMatrixElementPrice id="VTR:DistanceMatrixElementPrice:963500to963502" version="1">
                      <Amount>0.2</Amount>
                      <DistanceMatrixElementRef ref="VTR:DistanceMatrixElement:963500to963502" version="1"/>
                    </DistanceMatrixElementPrice>
                  </prices>
                </DistanceMatrixElement>
                <DistanceMatrixElement id="VTR:DistanceMatrixElement:963492to963493" version="1">
                  <Name>Sodai,,Pavasaris" to Melioratorių g.</Name>
                  <StartStopPointRef ref="VTR:ScheduledStopPoint:65427" version="1"/>
                  <EndStopPointRef ref="VTR:ScheduledStopPoint:65428" version="1"/>
                  <prices>
                    <DistanceMatrixElementPrice id="VTR:DistanceMatrixElementPrice:963492to963493" version="1">
                      <Amount>0.1</Amount>
                      <DistanceMatrixElementRef ref="VTR:DistanceMatrixElement:963492to963493" version="1"/>
                    </DistanceMatrixElementPrice>
                  </prices>
                </DistanceMatrixElement>
                <DistanceMatrixElement id="VTR:DistanceMatrixElement:963495to963497" version="1">
                  <Name>Ligoninė to Šeštokiškės</Name>
                  <StartStopPointRef ref="VTR:ScheduledStopPoint:65430" version="1"/>
                  <EndStopPointRef ref="VTR:ScheduledStopPoint:65432" version="1"/>
                  <prices>
                    <DistanceMatrixElementPrice id="VTR:DistanceMatrixElementPrice:963495to963497" version="1">
                      <Amount>0.3</Amount>
                      <DistanceMatrixElementRef ref="VTR:DistanceMatrixElement:963495to963497" version="1"/>
                    </DistanceMatrixElementPrice>
                  </prices>
                </DistanceMatrixElement>
                <DistanceMatrixElement id="VTR:DistanceMatrixElement:963500to963504" version="1">
                  <Name>Sodai,,Siesartis" to Ligoninė</Name>
                  <StartStopPointRef ref="VTR:ScheduledStopPoint:65478" version="1"/>
                  <EndStopPointRef ref="VTR:ScheduledStopPoint:65481" version="1"/>
                  <prices>
                    <DistanceMatrixElementPrice id="VTR:DistanceMatrixElementPrice:963500to963504" version="1">
                      <Amount>0.5</Amount>
                      <DistanceMatrixElementRef ref="VTR:DistanceMatrixElement:963500to963504" version="1"/>
                    </DistanceMatrixElementPrice>
                  </prices>
                </DistanceMatrixElement>
                <DistanceMatrixElement id="VTR:DistanceMatrixElement:963501to963504" version="1">
                  <Name>Antaniškis to Ligoninė</Name>
                  <StartStopPointRef ref="VTR:ScheduledStopPoint:65479" version="1"/>
                  <EndStopPointRef ref="VTR:ScheduledStopPoint:65481" version="1"/>
                  <prices>
                    <DistanceMatrixElementPrice id="VTR:DistanceMatrixElementPrice:963501to963504" version="1">
                      <Amount>0.5</Amount>
                      <DistanceMatrixElementRef ref="VTR:DistanceMatrixElement:963501to963504" version="1"/>
                    </DistanceMatrixElementPrice>
                  </prices>
                </DistanceMatrixElement>
                <DistanceMatrixElement id="VTR:DistanceMatrixElement:963503to963504" version="1">
                  <Name>Molėtų autobusų stotis to Ligoninė</Name>
                  <StartStopPointRef ref="VTR:ScheduledStopPoint:65475" version="1"/>
                  <EndStopPointRef ref="VTR:ScheduledStopPoint:65481" version="1"/>
                  <prices>
                    <DistanceMatrixElementPrice id="VTR:DistanceMatrixElementPrice:963503to963504" version="1">
                      <Amount>0.1</Amount>
                      <DistanceMatrixElementRef ref="VTR:DistanceMatrixElement:963503to963504" version="1"/>
                    </DistanceMatrixElementPrice>
                  </prices>
                </DistanceMatrixElement>
                <DistanceMatrixElement id="VTR:DistanceMatrixElement:963492to963495" version="1">
                  <Name>Sodai,,Pavasaris" to Ligoninė</Name>
                  <StartStopPointRef ref="VTR:ScheduledStopPoint:65427" version="1"/>
                  <EndStopPointRef ref="VTR:ScheduledStopPoint:65430" version="1"/>
                  <prices>
                    <DistanceMatrixElementPrice id="VTR:DistanceMatrixElementPrice:963492to963495" version="1">
                      <Amount>0.2</Amount>
                      <DistanceMatrixElementRef ref="VTR:DistanceMatrixElement:963492to963495" version="1"/>
                    </DistanceMatrixElementPrice>
                  </prices>
                </DistanceMatrixElement>
                <DistanceMatrixElement id="VTR:DistanceMatrixElement:963493to963499" version="1">
                  <Name>Melioratorių g. to Sodai,,Siesartis"</Name>
                  <StartStopPointRef ref="VTR:ScheduledStopPoint:65428" version="1"/>
                  <EndStopPointRef ref="VTR:ScheduledStopPoint:65434" version="1"/>
                  <prices>
                    <DistanceMatrixElementPrice id="VTR:DistanceMatrixElementPrice:963493to963499" version="1">
                      <Amount>0.6</Amount>
                      <DistanceMatrixElementRef ref="VTR:DistanceMatrixElement:963493to963499" version="1"/>
                    </DistanceMatrixElementPrice>
                  </prices>
                </DistanceMatrixElement>
                <DistanceMatrixElement id="VTR:DistanceMatrixElement:963495to963498" version="1">
                  <Name>Ligoninė to Antaniškis</Name>
                  <StartStopPointRef ref="VTR:ScheduledStopPoint:65430" version="1"/>
                  <EndStopPointRef ref="VTR:ScheduledStopPoint:65433" version="1"/>
                  <prices>
                    <DistanceMatrixElementPrice id="VTR:DistanceMatrixElementPrice:963495to963498" version="1">
                      <Amount>0.5</Amount>
                      <DistanceMatrixElementRef ref="VTR:DistanceMatrixElement:963495to963498" version="1"/>
                    </DistanceMatrixElementPrice>
                  </prices>
                </DistanceMatrixElement>
                <DistanceMatrixElement id="VTR:DistanceMatrixElement:963500to963506" version="1">
                  <Name>Sodai,,Siesartis" to Melioratorių g.</Name>
                  <StartStopPointRef ref="VTR:ScheduledStopPoint:65478" version="1"/>
                  <EndStopPointRef ref="VTR:ScheduledStopPoint:65472" version="1"/>
                  <prices>
                    <DistanceMatrixElementPrice id="VTR:DistanceMatrixElementPrice:963500to963506" version="1">
                      <Amount>0.6</Amount>
                      <DistanceMatrixElementRef ref="VTR:DistanceMatrixElement:963500to963506" version="1"/>
                    </DistanceMatrixElementPrice>
                  </prices>
                </DistanceMatrixElement>
                <DistanceMatrixElement id="VTR:DistanceMatrixElement:963500to963507" version="1">
                  <Name>Sodai,,Siesartis" to Sodai,,Pavasaris"</Name>
                  <StartStopPointRef ref="VTR:ScheduledStopPoint:65478" version="1"/>
                  <EndStopPointRef ref="VTR:ScheduledStopPoint:65471" version="1"/>
                  <prices>
                    <DistanceMatrixElementPrice id="VTR:DistanceMatrixElementPrice:963500to963507" version="1">
                      <Amount>0.6</Amount>
                      <DistanceMatrixElementRef ref="VTR:DistanceMatrixElement:963500to963507" version="1"/>
                    </DistanceMatrixElementPrice>
                  </prices>
                </DistanceMatrixElement>
                <DistanceMatrixElement id="VTR:DistanceMatrixElement:963502to963505" version="1">
                  <Name>Šeštokiškės to Liepų</Name>
                  <StartStopPointRef ref="VTR:ScheduledStopPoint:65480" version="1"/>
                  <EndStopPointRef ref="VTR:ScheduledStopPoint:65473" version="1"/>
                  <prices>
                    <DistanceMatrixElementPrice id="VTR:DistanceMatrixElementPrice:963502to963505" version="1">
                      <Amount>0.3</Amount>
                      <DistanceMatrixElementRef ref="VTR:DistanceMatrixElement:963502to963505" version="1"/>
                    </DistanceMatrixElementPrice>
                  </prices>
                </DistanceMatrixElement>
                <DistanceMatrixElement id="VTR:DistanceMatrixElement:963492to963496" version="1">
                  <Name>Sodai,,Pavasaris" to Molėtų autobusų stotis</Name>
                  <StartStopPointRef ref="VTR:ScheduledStopPoint:65427" version="1"/>
                  <EndStopPointRef ref="VTR:ScheduledStopPoint:65431" version="1"/>
                  <prices>
                    <DistanceMatrixElementPrice id="VTR:DistanceMatrixElementPrice:963492to963496" version="1">
                      <Amount>0.3</Amount>
                      <DistanceMatrixElementRef ref="VTR:DistanceMatrixElement:963492to963496" version="1"/>
                    </DistanceMatrixElementPrice>
                  </prices>
                </DistanceMatrixElement>
                <DistanceMatrixElement id="VTR:DistanceMatrixElement:963492to963498" version="1">
                  <Name>Sodai,,Pavasaris" to Antaniškis</Name>
                  <StartStopPointRef ref="VTR:ScheduledStopPoint:65427" version="1"/>
                  <EndStopPointRef ref="VTR:ScheduledStopPoint:65433" version="1"/>
                  <prices>
                    <DistanceMatrixElementPrice id="VTR:DistanceMatrixElementPrice:963492to963498" version="1">
                      <Amount>0.6</Amount>
                      <DistanceMatrixElementRef ref="VTR:DistanceMatrixElement:963492to963498" version="1"/>
                    </DistanceMatrixElementPrice>
                  </prices>
                </DistanceMatrixElement>
                <DistanceMatrixElement id="VTR:DistanceMatrixElement:963493to963496" version="1">
                  <Name>Melioratorių g. to Molėtų autobusų stotis</Name>
                  <StartStopPointRef ref="VTR:ScheduledStopPoint:65428" version="1"/>
                  <EndStopPointRef ref="VTR:ScheduledStopPoint:65431" version="1"/>
                  <prices>
                    <DistanceMatrixElementPrice id="VTR:DistanceMatrixElementPrice:963493to963496" version="1">
                      <Amount>0.2</Amount>
                      <DistanceMatrixElementRef ref="VTR:DistanceMatrixElement:963493to963496" version="1"/>
                    </DistanceMatrixElementPrice>
                  </prices>
                </DistanceMatrixElement>
                <DistanceMatrixElement id="VTR:DistanceMatrixElement:963494to963499" version="1">
                  <Name>Liepų to Sodai,,Siesartis"</Name>
                  <StartStopPointRef ref="VTR:ScheduledStopPoint:65429" version="1"/>
                  <EndStopPointRef ref="VTR:ScheduledStopPoint:65434" version="1"/>
                  <prices>
                    <DistanceMatrixElementPrice id="VTR:DistanceMatrixElementPrice:963494to963499" version="1">
                      <Amount>0.5</Amount>
                      <DistanceMatrixElementRef ref="VTR:DistanceMatrixElement:963494to963499" version="1"/>
                    </DistanceMatrixElementPrice>
                  </prices>
                </DistanceMatrixElement>
                <DistanceMatrixElement id="VTR:DistanceMatrixElement:963496to963499" version="1">
                  <Name>Molėtų autobusų stotis to Sodai,,Siesartis"</Name>
                  <StartStopPointRef ref="VTR:ScheduledStopPoint:65431" version="1"/>
                  <EndStopPointRef ref="VTR:ScheduledStopPoint:65434" version="1"/>
                  <prices>
                    <DistanceMatrixElementPrice id="VTR:DistanceMatrixElementPrice:963496to963499" version="1">
                      <Amount>0.3</Amount>
                      <DistanceMatrixElementRef ref="VTR:DistanceMatrixElement:963496to963499" version="1"/>
                    </DistanceMatrixElementPrice>
                  </prices>
                </DistanceMatrixElement>
                <DistanceMatrixElement id="VTR:DistanceMatrixElement:963497to963498" version="1">
                  <Name>Šeštokiškės to Antaniškis</Name>
                  <StartStopPointRef ref="VTR:ScheduledStopPoint:65432" version="1"/>
                  <EndStopPointRef ref="VTR:ScheduledStopPoint:65433" version="1"/>
                  <prices>
                    <DistanceMatrixElementPrice id="VTR:DistanceMatrixElementPrice:963497to963498" version="1">
                      <Amount>0.1</Amount>
                      <DistanceMatrixElementRef ref="VTR:DistanceMatrixElement:963497to963498" version="1"/>
                    </DistanceMatrixElementPrice>
                  </prices>
                </DistanceMatrixElement>
                <DistanceMatrixElement id="VTR:DistanceMatrixElement:963502to963504" version="1">
                  <Name>Šeštokiškės to Ligoninė</Name>
                  <StartStopPointRef ref="VTR:ScheduledStopPoint:65480" version="1"/>
                  <EndStopPointRef ref="VTR:ScheduledStopPoint:65481" version="1"/>
                  <prices>
                    <DistanceMatrixElementPrice id="VTR:DistanceMatrixElementPrice:963502to963504" version="1">
                      <Amount>0.3</Amount>
                      <DistanceMatrixElementRef ref="VTR:DistanceMatrixElement:963502to963504" version="1"/>
                    </DistanceMatrixElementPrice>
                  </prices>
                </DistanceMatrixElement>
                <DistanceMatrixElement id="VTR:DistanceMatrixElement:963502to963506" version="1">
                  <Name>Šeštokiškės to Melioratorių g.</Name>
                  <StartStopPointRef ref="VTR:ScheduledStopPoint:65480" version="1"/>
                  <EndStopPointRef ref="VTR:ScheduledStopPoint:65472" version="1"/>
                  <prices>
                    <DistanceMatrixElementPrice id="VTR:DistanceMatrixElementPrice:963502to963506" version="1">
                      <Amount>0.4</Amount>
                      <DistanceMatrixElementRef ref="VTR:DistanceMatrixElement:963502to963506" version="1"/>
                    </DistanceMatrixElementPrice>
                  </prices>
                </DistanceMatrixElement>
                <DistanceMatrixElement id="VTR:DistanceMatrixElement:963503to963506" version="1">
                  <Name>Molėtų autobusų stotis to Melioratorių g.</Name>
                  <StartStopPointRef ref="VTR:ScheduledStopPoint:65475" version="1"/>
                  <EndStopPointRef ref="VTR:ScheduledStopPoint:65472" version="1"/>
                  <prices>
                    <DistanceMatrixElementPrice id="VTR:DistanceMatrixElementPrice:963503to963506" version="1">
                      <Amount>0.2</Amount>
                      <DistanceMatrixElementRef ref="VTR:DistanceMatrixElement:963503to963506" version="1"/>
                    </DistanceMatrixElementPrice>
                  </prices>
                </DistanceMatrixElement>
                <DistanceMatrixElement id="VTR:DistanceMatrixElement:963504to963507" version="1">
                  <Name>Ligoninė to Sodai,,Pavasaris"</Name>
                  <StartStopPointRef ref="VTR:ScheduledStopPoint:65481" version="1"/>
                  <EndStopPointRef ref="VTR:ScheduledStopPoint:65471" version="1"/>
                  <prices>
                    <DistanceMatrixElementPrice id="VTR:DistanceMatrixElementPrice:963504to963507" version="1">
                      <Amount>0.2</Amount>
                      <DistanceMatrixElementRef ref="VTR:DistanceMatrixElement:963504to963507" version="1"/>
                    </DistanceMatrixElementPrice>
                  </prices>
                </DistanceMatrixElement>
                <DistanceMatrixElement id="VTR:DistanceMatrixElement:963492to963499" version="1">
                  <Name>Sodai,,Pavasaris" to Sodai,,Siesartis"</Name>
                  <StartStopPointRef ref="VTR:ScheduledStopPoint:65427" version="1"/>
                  <EndStopPointRef ref="VTR:ScheduledStopPoint:65434" version="1"/>
                  <prices>
                    <DistanceMatrixElementPrice id="VTR:DistanceMatrixElementPrice:963492to963499" version="1">
                      <Amount>0.6</Amount>
                      <DistanceMatrixElementRef ref="VTR:DistanceMatrixElement:963492to963499" version="1"/>
                    </DistanceMatrixElementPrice>
                  </prices>
                </DistanceMatrixElement>
                <DistanceMatrixElement id="VTR:DistanceMatrixElement:963493to963495" version="1">
                  <Name>Melioratorių g. to Ligoninė</Name>
                  <StartStopPointRef ref="VTR:ScheduledStopPoint:65428" version="1"/>
                  <EndStopPointRef ref="VTR:ScheduledStopPoint:65430" version="1"/>
                  <prices>
                    <DistanceMatrixElementPrice id="VTR:DistanceMatrixElementPrice:963493to963495" version="1">
                      <Amount>0.1</Amount>
                      <DistanceMatrixElementRef ref="VTR:DistanceMatrixElement:963493to963495" version="1"/>
                    </DistanceMatrixElementPrice>
                  </prices>
                </DistanceMatrixElement>
                <DistanceMatrixElement id="VTR:DistanceMatrixElement:963493to963497" version="1">
                  <Name>Melioratorių g. to Šeštokiškės</Name>
                  <StartStopPointRef ref="VTR:ScheduledStopPoint:65428" version="1"/>
                  <EndStopPointRef ref="VTR:ScheduledStopPoint:65432" version="1"/>
                  <prices>
                    <DistanceMatrixElementPrice id="VTR:DistanceMatrixElementPrice:963493to963497" version="1">
                      <Amount>0.4</Amount>
                      <DistanceMatrixElementRef ref="VTR:DistanceMatrixElement:963493to963497" version="1"/>
                    </DistanceMatrixElementPrice>
                  </prices>
                </DistanceMatrixElement>
                <DistanceMatrixElement id="VTR:DistanceMatrixElement:963493to963498" version="1">
                  <Name>Melioratorių g. to Antaniškis</Name>
                  <StartStopPointRef ref="VTR:ScheduledStopPoint:65428" version="1"/>
                  <EndStopPointRef ref="VTR:ScheduledStopPoint:65433" version="1"/>
                  <prices>
                    <DistanceMatrixElementPrice id="VTR:DistanceMatrixElementPrice:963493to963498" version="1">
                      <Amount>0.6</Amount>
                      <DistanceMatrixElementRef ref="VTR:DistanceMatrixElement:963493to963498" version="1"/>
                    </DistanceMatrixElementPrice>
                  </prices>
                </DistanceMatrixElement>
                <DistanceMatrixElement id="VTR:DistanceMatrixElement:963498to963499" version="1">
                  <Name>Antaniškis to Sodai,,Siesartis"</Name>
                  <StartStopPointRef ref="VTR:ScheduledStopPoint:65433" version="1"/>
                  <EndStopPointRef ref="VTR:ScheduledStopPoint:65434" version="1"/>
                  <prices>
                    <DistanceMatrixElementPrice id="VTR:DistanceMatrixElementPrice:963498to963499" version="1">
                      <Amount>0.1</Amount>
                      <DistanceMatrixElementRef ref="VTR:DistanceMatrixElement:963498to963499" version="1"/>
                    </DistanceMatrixElementPrice>
                  </prices>
                </DistanceMatrixElement>
                <DistanceMatrixElement id="VTR:DistanceMatrixElement:963502to963503" version="1">
                  <Name>Šeštokiškės to Molėtų autobusų stotis</Name>
                  <StartStopPointRef ref="VTR:ScheduledStopPoint:65480" version="1"/>
                  <EndStopPointRef ref="VTR:ScheduledStopPoint:65475" version="1"/>
                  <prices>
                    <DistanceMatrixElementPrice id="VTR:DistanceMatrixElementPrice:963502to963503" version="1">
                      <Amount>0.1</Amount>
                      <DistanceMatrixElementRef ref="VTR:DistanceMatrixElement:963502to963503" version="1"/>
                    </DistanceMatrixElementPrice>
                  </prices>
                </DistanceMatrixElement>
                <DistanceMatrixElement id="VTR:DistanceMatrixElement:963502to963507" version="1">
                  <Name>Šeštokiškės to Sodai,,Pavasaris"</Name>
                  <StartStopPointRef ref="VTR:ScheduledStopPoint:65480" version="1"/>
                  <EndStopPointRef ref="VTR:ScheduledStopPoint:65471" version="1"/>
                  <prices>
                    <DistanceMatrixElementPrice id="VTR:DistanceMatrixElementPrice:963502to963507" version="1">
                      <Amount>0.4</Amount>
                      <DistanceMatrixElementRef ref="VTR:DistanceMatrixElement:963502to963507" version="1"/>
                    </DistanceMatrixElementPrice>
                  </prices>
                </DistanceMatrixElement>
                <DistanceMatrixElement id="VTR:DistanceMatrixElement:963506to963507" version="1">
                  <Name>Melioratorių g. to Sodai,,Pavasaris"</Name>
                  <StartStopPointRef ref="VTR:ScheduledStopPoint:65472" version="1"/>
                  <EndStopPointRef ref="VTR:ScheduledStopPoint:65471" version="1"/>
                  <prices>
                    <DistanceMatrixElementPrice id="VTR:DistanceMatrixElementPrice:963506to963507" version="1">
                      <Amount>0.1</Amount>
                      <DistanceMatrixElementRef ref="VTR:DistanceMatrixElement:963506to963507" version="1"/>
                    </DistanceMatrixElementPrice>
                  </prices>
                </DistanceMatrixElement>
                <DistanceMatrixElement id="VTR:DistanceMatrixElement:963492to963494" version="1">
                  <Name>Sodai,,Pavasaris" to Liepų</Name>
                  <StartStopPointRef ref="VTR:ScheduledStopPoint:65427" version="1"/>
                  <EndStopPointRef ref="VTR:ScheduledStopPoint:65429" version="1"/>
                  <prices>
                    <DistanceMatrixElementPrice id="VTR:DistanceMatrixElementPrice:963492to963494" version="1">
                      <Amount>0.1</Amount>
                      <DistanceMatrixElementRef ref="VTR:DistanceMatrixElement:963492to963494" version="1"/>
                    </DistanceMatrixElementPrice>
                  </prices>
                </DistanceMatrixElement>
                <DistanceMatrixElement id="VTR:DistanceMatrixElement:963492to963497" version="1">
                  <Name>Sodai,,Pavasaris" to Šeštokiškės</Name>
                  <StartStopPointRef ref="VTR:ScheduledStopPoint:65427" version="1"/>
                  <EndStopPointRef ref="VTR:ScheduledStopPoint:65432" version="1"/>
                  <prices>
                    <DistanceMatrixElementPrice id="VTR:DistanceMatrixElementPrice:963492to963497" version="1">
                      <Amount>0.4</Amount>
                      <DistanceMatrixElementRef ref="VTR:DistanceMatrixElement:963492to963497" version="1"/>
                    </DistanceMatrixElementPrice>
                  </prices>
                </DistanceMatrixElement>
                <DistanceMatrixElement id="VTR:DistanceMatrixElement:963494to963498" version="1">
                  <Name>Liepų to Antaniškis</Name>
                  <StartStopPointRef ref="VTR:ScheduledStopPoint:65429" version="1"/>
                  <EndStopPointRef ref="VTR:ScheduledStopPoint:65433" version="1"/>
                  <prices>
                    <DistanceMatrixElementPrice id="VTR:DistanceMatrixElementPrice:963494to963498" version="1">
                      <Amount>0.5</Amount>
                      <DistanceMatrixElementRef ref="VTR:DistanceMatrixElement:963494to963498" version="1"/>
                    </DistanceMatrixElementPrice>
                  </prices>
                </DistanceMatrixElement>
                <DistanceMatrixElement id="VTR:DistanceMatrixElement:963495to963499" version="1">
                  <Name>Ligoninė to Sodai,,Siesartis"</Name>
                  <StartStopPointRef ref="VTR:ScheduledStopPoint:65430" version="1"/>
                  <EndStopPointRef ref="VTR:ScheduledStopPoint:65434" version="1"/>
                  <prices>
                    <DistanceMatrixElementPrice id="VTR:DistanceMatrixElementPrice:963495to963499" version="1">
                      <Amount>0.5</Amount>
                      <DistanceMatrixElementRef ref="VTR:DistanceMatrixElement:963495to963499" version="1"/>
                    </DistanceMatrixElementPrice>
                  </prices>
                </DistanceMatrixElement>
                <DistanceMatrixElement id="VTR:DistanceMatrixElement:963500to963505" version="1">
                  <Name>Sodai,,Siesartis" to Liepų</Name>
                  <StartStopPointRef ref="VTR:ScheduledStopPoint:65478" version="1"/>
                  <EndStopPointRef ref="VTR:ScheduledStopPoint:65473" version="1"/>
                  <prices>
                    <DistanceMatrixElementPrice id="VTR:DistanceMatrixElementPrice:963500to963505" version="1">
                      <Amount>0.5</Amount>
                      <DistanceMatrixElementRef ref="VTR:DistanceMatrixElement:963500to963505" version="1"/>
                    </DistanceMatrixElementPrice>
                  </prices>
                </DistanceMatrixElement>
                <DistanceMatrixElement id="VTR:DistanceMatrixElement:963501to963503" version="1">
                  <Name>Antaniškis to Molėtų autobusų stotis</Name>
                  <StartStopPointRef ref="VTR:ScheduledStopPoint:65479" version="1"/>
                  <EndStopPointRef ref="VTR:ScheduledStopPoint:65475" version="1"/>
                  <prices>
                    <DistanceMatrixElementPrice id="VTR:DistanceMatrixElementPrice:963501to963503" version="1">
                      <Amount>0.3</Amount>
                      <DistanceMatrixElementRef ref="VTR:DistanceMatrixElement:963501to963503" version="1"/>
                    </DistanceMatrixElementPrice>
                  </prices>
                </DistanceMatrixElement>
                <DistanceMatrixElement id="VTR:DistanceMatrixElement:963501to963505" version="1">
                  <Name>Antaniškis to Liepų</Name>
                  <StartStopPointRef ref="VTR:ScheduledStopPoint:65479" version="1"/>
                  <EndStopPointRef ref="VTR:ScheduledStopPoint:65473" version="1"/>
                  <prices>
                    <DistanceMatrixElementPrice id="VTR:DistanceMatrixElementPrice:963501to963505" version="1">
                      <Amount>0.5</Amount>
                      <DistanceMatrixElementRef ref="VTR:DistanceMatrixElement:963501to963505" version="1"/>
                    </DistanceMatrixElementPrice>
                  </prices>
                </DistanceMatrixElement>
                <DistanceMatrixElement id="VTR:DistanceMatrixElement:963501to963506" version="1">
                  <Name>Antaniškis to Melioratorių g.</Name>
                  <StartStopPointRef ref="VTR:ScheduledStopPoint:65479" version="1"/>
                  <EndStopPointRef ref="VTR:ScheduledStopPoint:65472" version="1"/>
                  <prices>
                    <DistanceMatrixElementPrice id="VTR:DistanceMatrixElementPrice:963501to963506" version="1">
                      <Amount>0.6</Amount>
                      <DistanceMatrixElementRef ref="VTR:DistanceMatrixElement:963501to963506" version="1"/>
                    </DistanceMatrixElementPrice>
                  </prices>
                </DistanceMatrixElement>
                <DistanceMatrixElement id="VTR:DistanceMatrixElement:963504to963505" version="1">
                  <Name>Ligoninė to Liepų</Name>
                  <StartStopPointRef ref="VTR:ScheduledStopPoint:65481" version="1"/>
                  <EndStopPointRef ref="VTR:ScheduledStopPoint:65473" version="1"/>
                  <prices>
                    <DistanceMatrixElementPrice id="VTR:DistanceMatrixElementPrice:963504to963505" version="1">
                      <Amount>0.1</Amount>
                      <DistanceMatrixElementRef ref="VTR:DistanceMatrixElement:963504to963505" version="1"/>
                    </DistanceMatrixElementPrice>
                  </prices>
                </DistanceMatrixElement>
                <DistanceMatrixElement id="VTR:DistanceMatrixElement:963505to963507" version="1">
                  <Name>Liepų to Sodai,,Pavasaris"</Name>
                  <StartStopPointRef ref="VTR:ScheduledStopPoint:65473" version="1"/>
                  <EndStopPointRef ref="VTR:ScheduledStopPoint:65471" version="1"/>
                  <prices>
                    <DistanceMatrixElementPrice id="VTR:DistanceMatrixElementPrice:963505to963507" version="1">
                      <Amount>0.1</Amount>
                      <DistanceMatrixElementRef ref="VTR:DistanceMatrixElement:963505to963507" version="1"/>
                    </DistanceMatrixElementPrice>
                  </prices>
                </DistanceMatrixElement>
                <DistanceMatrixElement id="VTR:DistanceMatrixElement:963493to963494" version="1">
                  <Name>Melioratorių g. to Liepų</Name>
                  <StartStopPointRef ref="VTR:ScheduledStopPoint:65428" version="1"/>
                  <EndStopPointRef ref="VTR:ScheduledStopPoint:65429" version="1"/>
                  <prices>
                    <DistanceMatrixElementPrice id="VTR:DistanceMatrixElementPrice:963493to963494" version="1">
                      <Amount>0.1</Amount>
                      <DistanceMatrixElementRef ref="VTR:DistanceMatrixElement:963493to963494" version="1"/>
                    </DistanceMatrixElementPrice>
                  </prices>
                </DistanceMatrixElement>
                <DistanceMatrixElement id="VTR:DistanceMatrixElement:963495to963496" version="1">
                  <Name>Ligoninė to Molėtų autobusų stotis</Name>
                  <StartStopPointRef ref="VTR:ScheduledStopPoint:65430" version="1"/>
                  <EndStopPointRef ref="VTR:ScheduledStopPoint:65431" version="1"/>
                  <prices>
                    <DistanceMatrixElementPrice id="VTR:DistanceMatrixElementPrice:963495to963496" version="1">
                      <Amount>0.1</Amount>
                      <DistanceMatrixElementRef ref="VTR:DistanceMatrixElement:963495to963496" version="1"/>
                    </DistanceMatrixElementPrice>
                  </prices>
                </DistanceMatrixElement>
                <DistanceMatrixElement id="VTR:DistanceMatrixElement:963497to963499" version="1">
                  <Name>Šeštokiškės to Sodai,,Siesartis"</Name>
                  <StartStopPointRef ref="VTR:ScheduledStopPoint:65432" version="1"/>
                  <EndStopPointRef ref="VTR:ScheduledStopPoint:65434" version="1"/>
                  <prices>
                    <DistanceMatrixElementPrice id="VTR:DistanceMatrixElementPrice:963497to963499" version="1">
                      <Amount>0.2</Amount>
                      <DistanceMatrixElementRef ref="VTR:DistanceMatrixElement:963497to963499" version="1"/>
                    </DistanceMatrixElementPrice>
                  </prices>
                </DistanceMatrixElement>
                <DistanceMatrixElement id="VTR:DistanceMatrixElement:963500to963503" version="1">
                  <Name>Sodai,,Siesartis" to Molėtų autobusų stotis</Name>
                  <StartStopPointRef ref="VTR:ScheduledStopPoint:65478" version="1"/>
                  <EndStopPointRef ref="VTR:ScheduledStopPoint:65475" version="1"/>
                  <prices>
                    <DistanceMatrixElementPrice id="VTR:DistanceMatrixElementPrice:963500to963503" version="1">
                      <Amount>0.3</Amount>
                      <DistanceMatrixElementRef ref="VTR:DistanceMatrixElement:963500to963503" version="1"/>
                    </DistanceMatrixElementPrice>
                  </prices>
                </DistanceMatrixElement>
                <DistanceMatrixElement id="VTR:DistanceMatrixElement:963501to963502" version="1">
                  <Name>Antaniškis to Šeštokiškės</Name>
                  <StartStopPointRef ref="VTR:ScheduledStopPoint:65479" version="1"/>
                  <EndStopPointRef ref="VTR:ScheduledStopPoint:65480" version="1"/>
                  <prices>
                    <DistanceMatrixElementPrice id="VTR:DistanceMatrixElementPrice:963501to963502" version="1">
                      <Amount>0.1</Amount>
                      <DistanceMatrixElementRef ref="VTR:DistanceMatrixElement:963501to963502" version="1"/>
                    </DistanceMatrixElementPrice>
                  </prices>
                </DistanceMatrixElement>
                <DistanceMatrixElement id="VTR:DistanceMatrixElement:963503to963505" version="1">
                  <Name>Molėtų autobusų stotis to Liepų</Name>
                  <StartStopPointRef ref="VTR:ScheduledStopPoint:65475" version="1"/>
                  <EndStopPointRef ref="VTR:ScheduledStopPoint:65473" version="1"/>
                  <prices>
                    <DistanceMatrixElementPrice id="VTR:DistanceMatrixElementPrice:963503to963505" version="1">
                      <Amount>0.1</Amount>
                      <DistanceMatrixElementRef ref="VTR:DistanceMatrixElement:963503to963505" version="1"/>
                    </DistanceMatrixElementPrice>
                  </prices>
                </DistanceMatrixElement>
                <DistanceMatrixElement id="VTR:DistanceMatrixElement:963503to963507" version="1">
                  <Name>Molėtų autobusų stotis to Sodai,,Pavasaris"</Name>
                  <StartStopPointRef ref="VTR:ScheduledStopPoint:65475" version="1"/>
                  <EndStopPointRef ref="VTR:ScheduledStopPoint:65471" version="1"/>
                  <prices>
                    <DistanceMatrixElementPrice id="VTR:DistanceMatrixElementPrice:963503to963507" version="1">
                      <Amount>0.3</Amount>
                      <DistanceMatrixElementRef ref="VTR:DistanceMatrixElement:963503to963507" version="1"/>
                    </DistanceMatrixElementPrice>
                  </prices>
                </DistanceMatrixElement>
                <DistanceMatrixElement id="VTR:DistanceMatrixElement:963504to963506" version="1">
                  <Name>Ligoninė to Melioratorių g.</Name>
                  <StartStopPointRef ref="VTR:ScheduledStopPoint:65481" version="1"/>
                  <EndStopPointRef ref="VTR:ScheduledStopPoint:65472" version="1"/>
                  <prices>
                    <DistanceMatrixElementPrice id="VTR:DistanceMatrixElementPrice:963504to963506" version="1">
                      <Amount>0.1</Amount>
                      <DistanceMatrixElementRef ref="VTR:DistanceMatrixElement:963504to963506" version="1"/>
                    </DistanceMatrixElementPrice>
                  </prices>
                </DistanceMatrixElement>
                <DistanceMatrixElement id="VTR:DistanceMatrixElement:963505to963506" version="1">
                  <Name>Liepų to Melioratorių g.</Name>
                  <StartStopPointRef ref="VTR:ScheduledStopPoint:65473" version="1"/>
                  <EndStopPointRef ref="VTR:ScheduledStopPoint:65472" version="1"/>
                  <prices>
                    <DistanceMatrixElementPrice id="VTR:DistanceMatrixElementPrice:963505to963506" version="1">
                      <Amount>0.1</Amount>
                      <DistanceMatrixElementRef ref="VTR:DistanceMatrixElement:963505to963506" version="1"/>
                    </DistanceMatrixElementPrice>
                  </prices>
                </DistanceMatrixElement>
                <DistanceMatrixElement id="VTR:DistanceMatrixElement:963494to963495" version="1">
                  <Name>Liepų to Ligoninė</Name>
                  <StartStopPointRef ref="VTR:ScheduledStopPoint:65429" version="1"/>
                  <EndStopPointRef ref="VTR:ScheduledStopPoint:65430" version="1"/>
                  <prices>
                    <DistanceMatrixElementPrice id="VTR:DistanceMatrixElementPrice:963494to963495" version="1">
                      <Amount>0.1</Amount>
                      <DistanceMatrixElementRef ref="VTR:DistanceMatrixElement:963494to963495" version="1"/>
                    </DistanceMatrixElementPrice>
                  </prices>
                </DistanceMatrixElement>
                <DistanceMatrixElement id="VTR:DistanceMatrixElement:963494to963497" version="1">
                  <Name>Liepų to Šeštokiškės</Name>
                  <StartStopPointRef ref="VTR:ScheduledStopPoint:65429" version="1"/>
                  <EndStopPointRef ref="VTR:ScheduledStopPoint:65432" version="1"/>
                  <prices>
                    <DistanceMatrixElementPrice id="VTR:DistanceMatrixElementPrice:963494to963497" version="1">
                      <Amount>0.3</Amount>
                      <DistanceMatrixElementRef ref="VTR:DistanceMatrixElement:963494to963497" version="1"/>
                    </DistanceMatrixElementPrice>
                  </prices>
                </DistanceMatrixElement>
              </distanceMatrixElements>
            </Tariff>
          </tariffs>
          <usageParameters>
            <FrequencyOfUse id="VTR:FrequencyOfUse:oneTrip" version="1">
              <FrequencyOfUseType>unlimited</FrequencyOfUseType>
              <MaximalFrequency>1</MaximalFrequency>
            </FrequencyOfUse>
          </usageParameters>
        </FareFrame>
      </frames>
    </CompositeFrame>
  </dataObjects>
</PublicationDelivery>
