<?xml version="1.0" encoding="UTF-8"?><PublicationDelivery xmlns="http://www.netex.org.uk/netex" xmlns:gis="http://www.opengis.net/gml/3.2" xmlns:ns2="http://www.opengis.net/gml/3.2" xmlns:ns3="http://www.siri.org.uk/siri" xmlns:xsi="http://www.w3.org/2001/XMLSchema-instance" version="1" xsi:schemaLocation="">
  <PublicationTimestamp>2022-05-07T04:00:00.271</PublicationTimestamp>
  <ParticipantRef>VTR</ParticipantRef>
  <Description>1</Description>
  <dataObjects>
    <CompositeFrame created="2022-05-07T04:00:00.271" version="1" id="VTR:CompositeFrame:1388">
      <validityConditions>
        <AvailabilityCondition version="1" id="VTR:AvailabilityCondition:1388">
          <FromDate>2015-07-30T14:58:39</FromDate>
          <ToDate>2027-12-30T00:00:00</ToDate>
        </AvailabilityCondition>
      </validityConditions>
      <codespaces>
        <Codespace id="vtr">
          <Xmlns>VTR</Xmlns>
          <XmlnsUrl>http://www.visimarsrutai.lt/</XmlnsUrl>
        </Codespace>
      </codespaces>
      <FrameDefaults>
        <DefaultLocale>
          <TimeZone>Europe/Vilnius</TimeZone>
        </DefaultLocale>
        <DefaultLocationSystem>WGS84</DefaultLocationSystem>
      </FrameDefaults>
      <frames>
        <ServiceCalendarFrame version="1" id="VTR:ServiceCalendarFrame:1388">
          <dayTypes>
            <DayType id="VTR:DayType:1424" version="1">
              <properties>
                <PropertyOfDay/>
              </properties>
            </DayType>
          </dayTypes>
          <operatingPeriods>
            <OperatingPeriod version="1" id="VTR:OperatingPeriod:1424">
              <FromDate>2015-07-01T00:00:00</FromDate>
              <ToDate>2020-12-31T00:00:00</ToDate>
            </OperatingPeriod>
          </operatingPeriods>
          <dayTypeAssignments>
            <DayTypeAssignment id="VTR:DayTypeAssignment:1424_0" version="1" order="1392">
              <OperatingPeriodRef ref="VTR:OperatingPeriod:1424" version="1"/>
              <DayTypeRef ref="VTR:DayType:1424" version="1"/>
            </DayTypeAssignment>
          </dayTypeAssignments>
        </ServiceCalendarFrame>
        <ServiceFrame id="VTR:ServiceFrame:1388" version="1">
          <Network version="0" id="VTR:Network:9"/>
          <routePoints>
            <RoutePoint version="1" id="VTR:RoutePoint:65666">
              <projections>
                <PointProjection version="1" id="VTR:PointProjection:20461">
                  <ProjectedPointRef ref="VTR:ScheduledStopPoint:65666" version="1"/>
                </PointProjection>
              </projections>
            </RoutePoint>
            <RoutePoint version="1" id="VTR:RoutePoint:65667">
              <projections>
                <PointProjection version="1" id="VTR:PointProjection:20462">
                  <ProjectedPointRef ref="VTR:ScheduledStopPoint:65667" version="1"/>
                </PointProjection>
              </projections>
            </RoutePoint>
            <RoutePoint version="1" id="VTR:RoutePoint:65668">
              <projections>
                <PointProjection version="1" id="VTR:PointProjection:20463">
                  <ProjectedPointRef ref="VTR:ScheduledStopPoint:65668" version="1"/>
                </PointProjection>
              </projections>
            </RoutePoint>
            <RoutePoint version="1" id="VTR:RoutePoint:65669">
              <projections>
                <PointProjection version="1" id="VTR:PointProjection:20487">
                  <ProjectedPointRef ref="VTR:ScheduledStopPoint:65669" version="1"/>
                </PointProjection>
              </projections>
            </RoutePoint>
            <RoutePoint version="1" id="VTR:RoutePoint:65790">
              <projections>
                <PointProjection version="1" id="VTR:PointProjection:21217">
                  <ProjectedPointRef ref="VTR:ScheduledStopPoint:65790" version="1"/>
                </PointProjection>
              </projections>
            </RoutePoint>
            <RoutePoint version="1" id="VTR:RoutePoint:65793">
              <projections>
                <PointProjection version="1" id="VTR:PointProjection:21220">
                  <ProjectedPointRef ref="VTR:ScheduledStopPoint:65793" version="1"/>
                </PointProjection>
              </projections>
            </RoutePoint>
            <RoutePoint version="1" id="VTR:RoutePoint:65794">
              <projections>
                <PointProjection version="1" id="VTR:PointProjection:21221">
                  <ProjectedPointRef ref="VTR:ScheduledStopPoint:65794" version="1"/>
                </PointProjection>
              </projections>
            </RoutePoint>
            <RoutePoint version="1" id="VTR:RoutePoint:65795">
              <projections>
                <PointProjection version="1" id="VTR:PointProjection:21222">
                  <ProjectedPointRef ref="VTR:ScheduledStopPoint:65795" version="1"/>
                </PointProjection>
              </projections>
            </RoutePoint>
          </routePoints>
          <routes>
            <Route version="1" id="VTR:Route:3931">
              <Name>Autobusų stotis -  Sodai,,Siesartis"</Name>
              <ShortName>Autobusų stotis -  Sodai,,Siesartis"</ShortName>
              <LineRef ref="VTR:Line:1618" version="1598"/>
              <DirectionType>outbound</DirectionType>
              <pointsInSequence>
                <PointOnRoute version="1" id="VTR:PointOnRoute:65666" order="1">
                  <RoutePointRef ref="VTR:RoutePoint:65666"/>
                </PointOnRoute>
                <PointOnRoute version="1" id="VTR:PointOnRoute:65667" order="2">
                  <RoutePointRef ref="VTR:RoutePoint:65667"/>
                </PointOnRoute>
                <PointOnRoute version="1" id="VTR:PointOnRoute:65668" order="3">
                  <RoutePointRef ref="VTR:RoutePoint:65668"/>
                </PointOnRoute>
                <PointOnRoute version="1" id="VTR:PointOnRoute:65669" order="4">
                  <RoutePointRef ref="VTR:RoutePoint:65669"/>
                </PointOnRoute>
              </pointsInSequence>
            </Route>
            <Route version="1" id="VTR:Route:3955">
              <Name>Sodai,,Siesartis" - Autobusų stotis</Name>
              <ShortName>Sodai,,Siesartis" - Autobusų stotis</ShortName>
              <LineRef ref="VTR:Line:1618" version="1598"/>
              <DirectionType>inbound</DirectionType>
              <pointsInSequence>
                <PointOnRoute version="1" id="VTR:PointOnRoute:65793" order="1">
                  <RoutePointRef ref="VTR:RoutePoint:65793"/>
                </PointOnRoute>
                <PointOnRoute version="1" id="VTR:PointOnRoute:65794" order="2">
                  <RoutePointRef ref="VTR:RoutePoint:65794"/>
                </PointOnRoute>
                <PointOnRoute version="1" id="VTR:PointOnRoute:65795" order="3">
                  <RoutePointRef ref="VTR:RoutePoint:65795"/>
                </PointOnRoute>
                <PointOnRoute version="1" id="VTR:PointOnRoute:65790" order="4">
                  <RoutePointRef ref="VTR:RoutePoint:65790"/>
                </PointOnRoute>
              </pointsInSequence>
            </Route>
          </routes>
          <lines>
            <Line version="1598" id="VTR:Line:1618">
              <Name>Autobusų stotis - Sodai ,,Siesartis"</Name>
              <TransportMode>bus</TransportMode>
              <TransportSubmode>
                <BusSubmode>regionalBus</BusSubmode>
              </TransportSubmode>
              <PublicCode>5801</PublicCode>
              <OperatorRef ref="VTR:Operator:9"/>
            </Line>
          </lines>
          <scheduledStopPoints>
            <ScheduledStopPoint version="1" id="VTR:ScheduledStopPoint:65666">
              <Name>Molėtų autobusų stotis</Name>
            </ScheduledStopPoint>
            <ScheduledStopPoint version="1" id="VTR:ScheduledStopPoint:65667">
              <Name>Šeštokiškės</Name>
            </ScheduledStopPoint>
            <ScheduledStopPoint version="1" id="VTR:ScheduledStopPoint:65668">
              <Name>Antaniškis</Name>
            </ScheduledStopPoint>
            <ScheduledStopPoint version="1" id="VTR:ScheduledStopPoint:65669">
              <Name>Sodai,,Siesartis"</Name>
            </ScheduledStopPoint>
            <ScheduledStopPoint version="1" id="VTR:ScheduledStopPoint:65790">
              <Name>Molėtų autobusų stotis</Name>
            </ScheduledStopPoint>
            <ScheduledStopPoint version="1" id="VTR:ScheduledStopPoint:65793">
              <Name>Sodai,,Siesartis"</Name>
            </ScheduledStopPoint>
            <ScheduledStopPoint version="1" id="VTR:ScheduledStopPoint:65794">
              <Name>Antaniškis</Name>
            </ScheduledStopPoint>
            <ScheduledStopPoint version="1" id="VTR:ScheduledStopPoint:65795">
              <Name>Šeštokiškės</Name>
            </ScheduledStopPoint>
          </scheduledStopPoints>
          <serviceLinks>
            <ServiceLink id="VTR:ServiceLink:65794_1_65795_1" version="1">
              <Distance>1</Distance>
              <FromPointRef ref="VTR:ScheduledStopPoint:65794" version="1"/>
              <ToPointRef ref="VTR:ScheduledStopPoint:65795" version="1"/>
            </ServiceLink>
            <ServiceLink id="VTR:ServiceLink:65793_1_65794_1" version="1">
              <Distance>0</Distance>
              <FromPointRef ref="VTR:ScheduledStopPoint:65793" version="1"/>
              <ToPointRef ref="VTR:ScheduledStopPoint:65794" version="1"/>
            </ServiceLink>
            <ServiceLink id="VTR:ServiceLink:65667_1_65668_1" version="1">
              <Distance>1</Distance>
              <FromPointRef ref="VTR:ScheduledStopPoint:65667" version="1"/>
              <ToPointRef ref="VTR:ScheduledStopPoint:65668" version="1"/>
            </ServiceLink>
            <ServiceLink id="VTR:ServiceLink:65668_1_65669_1" version="1">
              <Distance>0</Distance>
              <FromPointRef ref="VTR:ScheduledStopPoint:65668" version="1"/>
              <ToPointRef ref="VTR:ScheduledStopPoint:65669" version="1"/>
            </ServiceLink>
            <ServiceLink id="VTR:ServiceLink:65666_1_65667_1" version="1">
              <Distance>1</Distance>
              <FromPointRef ref="VTR:ScheduledStopPoint:65666" version="1"/>
              <ToPointRef ref="VTR:ScheduledStopPoint:65667" version="1"/>
            </ServiceLink>
            <ServiceLink id="VTR:ServiceLink:65795_1_65790_1" version="1">
              <Distance>1</Distance>
              <FromPointRef ref="VTR:ScheduledStopPoint:65795" version="1"/>
              <ToPointRef ref="VTR:ScheduledStopPoint:65790" version="1"/>
            </ServiceLink>
          </serviceLinks>
          <stopAssignments>
            <PassengerStopAssignment order="393100000" id="VTR:PassengerStopAssignment:65666" version="1">
              <ScheduledStopPointRef ref="VTR:ScheduledStopPoint:65666" version="1"/>
              <QuayRef ref="VTR:Quay:19482"/>
            </PassengerStopAssignment>
            <PassengerStopAssignment order="393100001" id="VTR:PassengerStopAssignment:65667" version="1">
              <ScheduledStopPointRef ref="VTR:ScheduledStopPoint:65667" version="1"/>
              <QuayRef ref="VTR:Quay:7511"/>
            </PassengerStopAssignment>
            <PassengerStopAssignment order="393100002" id="VTR:PassengerStopAssignment:65668" version="1">
              <ScheduledStopPointRef ref="VTR:ScheduledStopPoint:65668" version="1"/>
              <QuayRef ref="VTR:Quay:11278"/>
            </PassengerStopAssignment>
            <PassengerStopAssignment order="393100003" id="VTR:PassengerStopAssignment:65669" version="1">
              <ScheduledStopPointRef ref="VTR:ScheduledStopPoint:65669" version="1"/>
              <QuayRef ref="VTR:Quay:21389"/>
            </PassengerStopAssignment>
            <PassengerStopAssignment order="395500000" id="VTR:PassengerStopAssignment:65793" version="1">
              <ScheduledStopPointRef ref="VTR:ScheduledStopPoint:65793" version="1"/>
              <QuayRef ref="VTR:Quay:21389"/>
            </PassengerStopAssignment>
            <PassengerStopAssignment order="395500001" id="VTR:PassengerStopAssignment:65794" version="1">
              <ScheduledStopPointRef ref="VTR:ScheduledStopPoint:65794" version="1"/>
              <QuayRef ref="VTR:Quay:9366"/>
            </PassengerStopAssignment>
            <PassengerStopAssignment order="395500002" id="VTR:PassengerStopAssignment:65795" version="1">
              <ScheduledStopPointRef ref="VTR:ScheduledStopPoint:65795" version="1"/>
              <QuayRef ref="VTR:Quay:5389"/>
            </PassengerStopAssignment>
            <PassengerStopAssignment order="395500003" id="VTR:PassengerStopAssignment:65790" version="1">
              <ScheduledStopPointRef ref="VTR:ScheduledStopPoint:65790" version="1"/>
              <QuayRef ref="VTR:Quay:19482"/>
            </PassengerStopAssignment>
          </stopAssignments>
          <journeyPatterns>
            <JourneyPattern id="VTR:JourneyPattern:46141" version="46121">
              <Name>5801-2</Name>
              <RouteRef ref="VTR:Route:3955" version="1"/>
              <pointsInSequence>
                <StopPointInJourneyPattern id="VTR:StopPointInJourneyPattern:963752" version="46121" order="1">
                  <ScheduledStopPointRef ref="VTR:ScheduledStopPoint:65793"/>
                  <DestinationDisplayRef ref="VTR:DestinationDisplay:1"/>
                </StopPointInJourneyPattern>
                <StopPointInJourneyPattern id="VTR:StopPointInJourneyPattern:963753" version="46121" order="2">
                  <ScheduledStopPointRef ref="VTR:ScheduledStopPoint:65794"/>
                  <DestinationDisplayRef ref="VTR:DestinationDisplay:1"/>
                </StopPointInJourneyPattern>
                <StopPointInJourneyPattern id="VTR:StopPointInJourneyPattern:963754" version="46121" order="3">
                  <ScheduledStopPointRef ref="VTR:ScheduledStopPoint:65795"/>
                  <DestinationDisplayRef ref="VTR:DestinationDisplay:1"/>
                </StopPointInJourneyPattern>
                <StopPointInJourneyPattern id="VTR:StopPointInJourneyPattern:963755" version="46121" order="4">
                  <ScheduledStopPointRef ref="VTR:ScheduledStopPoint:65790"/>
                  <DestinationDisplayRef ref="VTR:DestinationDisplay:1"/>
                </StopPointInJourneyPattern>
              </pointsInSequence>
            </JourneyPattern>
            <JourneyPattern id="VTR:JourneyPattern:46126" version="46106">
              <Name>5801-3</Name>
              <RouteRef ref="VTR:Route:3931" version="1"/>
              <pointsInSequence>
                <StopPointInJourneyPattern id="VTR:StopPointInJourneyPattern:963627" version="46106" order="1">
                  <ScheduledStopPointRef ref="VTR:ScheduledStopPoint:65666"/>
                  <DestinationDisplayRef ref="VTR:DestinationDisplay:1"/>
                </StopPointInJourneyPattern>
                <StopPointInJourneyPattern id="VTR:StopPointInJourneyPattern:963628" version="46106" order="2">
                  <ScheduledStopPointRef ref="VTR:ScheduledStopPoint:65667"/>
                  <DestinationDisplayRef ref="VTR:DestinationDisplay:1"/>
                </StopPointInJourneyPattern>
                <StopPointInJourneyPattern id="VTR:StopPointInJourneyPattern:963629" version="46106" order="3">
                  <ScheduledStopPointRef ref="VTR:ScheduledStopPoint:65668"/>
                  <DestinationDisplayRef ref="VTR:DestinationDisplay:1"/>
                </StopPointInJourneyPattern>
                <StopPointInJourneyPattern id="VTR:StopPointInJourneyPattern:963630" version="46106" order="4">
                  <ScheduledStopPointRef ref="VTR:ScheduledStopPoint:65669"/>
                  <DestinationDisplayRef ref="VTR:DestinationDisplay:1"/>
                </StopPointInJourneyPattern>
              </pointsInSequence>
            </JourneyPattern>
          </journeyPatterns>
        </ServiceFrame>
        <TimetableFrame version="1" id="VTR:TimetableFrame:1388">
          <vehicleJourneys>
            <ServiceJourney version="46121" id="VTR:ServiceJourney:46141">
              <Name>Sodai,,Siesartis" - Autobusų stotis</Name>
              <PrivateCode>5801-2</PrivateCode>
              <dayTypes>
                <DayTypeRef ref="VTR:DayType:1424"/>
              </dayTypes>
              <JourneyPatternRef version="46121" ref="VTR:JourneyPattern:46141"/>
              <OperatorRef ref="VTR:Operator:362"/>
              <LineRef ref="VTR:Line:1618" version="1598"/>
              <passingTimes>
                <TimetabledPassingTime version="46121" id="VTR:TimetabledPassingTime:46141_963752_1">
                  <StopPointInJourneyPatternRef ref="VTR:StopPointInJourneyPattern:963752" version="46121"/>
                  <DepartureTime>08:40:00</DepartureTime>
                  <DepartureDayOffset>0</DepartureDayOffset>
                </TimetabledPassingTime>
                <TimetabledPassingTime version="46121" id="VTR:TimetabledPassingTime:46141_963753_2">
                  <StopPointInJourneyPatternRef ref="VTR:StopPointInJourneyPattern:963753" version="46121"/>
                  <DepartureTime>08:43:00</DepartureTime>
                  <DepartureDayOffset>0</DepartureDayOffset>
                </TimetabledPassingTime>
                <TimetabledPassingTime version="46121" id="VTR:TimetabledPassingTime:46141_963754_3">
                  <StopPointInJourneyPatternRef ref="VTR:StopPointInJourneyPattern:963754" version="46121"/>
                  <DepartureTime>08:47:00</DepartureTime>
                  <DepartureDayOffset>0</DepartureDayOffset>
                </TimetabledPassingTime>
                <TimetabledPassingTime version="46121" id="VTR:TimetabledPassingTime:46141_963755_4">
                  <StopPointInJourneyPatternRef ref="VTR:StopPointInJourneyPattern:963755" version="46121"/>
                  <DepartureTime>08:49:00</DepartureTime>
                  <DepartureDayOffset>0</DepartureDayOffset>
                </TimetabledPassingTime>
              </passingTimes>
            </ServiceJourney>
            <ServiceJourney version="46106" id="VTR:ServiceJourney:46126">
              <Name>Autobusų stotis -  Sodai,,Siesartis"</Name>
              <PrivateCode>5801-3</PrivateCode>
              <dayTypes>
                <DayTypeRef ref="VTR:DayType:1424"/>
              </dayTypes>
              <JourneyPatternRef version="46106" ref="VTR:JourneyPattern:46126"/>
              <OperatorRef ref="VTR:Operator:362"/>
              <LineRef ref="VTR:Line:1618" version="1598"/>
              <passingTimes>
                <TimetabledPassingTime version="46106" id="VTR:TimetabledPassingTime:46126_963627_1">
                  <StopPointInJourneyPatternRef ref="VTR:StopPointInJourneyPattern:963627" version="46106"/>
                  <DepartureTime>17:50:00</DepartureTime>
                  <DepartureDayOffset>0</DepartureDayOffset>
                </TimetabledPassingTime>
                <TimetabledPassingTime version="46106" id="VTR:TimetabledPassingTime:46126_963628_2">
                  <StopPointInJourneyPatternRef ref="VTR:StopPointInJourneyPattern:963628" version="46106"/>
                  <DepartureTime>17:52:00</DepartureTime>
                  <DepartureDayOffset>0</DepartureDayOffset>
                </TimetabledPassingTime>
                <TimetabledPassingTime version="46106" id="VTR:TimetabledPassingTime:46126_963629_3">
                  <StopPointInJourneyPatternRef ref="VTR:StopPointInJourneyPattern:963629" version="46106"/>
                  <DepartureTime>17:56:00</DepartureTime>
                  <DepartureDayOffset>0</DepartureDayOffset>
                </TimetabledPassingTime>
                <TimetabledPassingTime version="46106" id="VTR:TimetabledPassingTime:46126_963630_4">
                  <StopPointInJourneyPatternRef ref="VTR:StopPointInJourneyPattern:963630" version="46106"/>
                  <DepartureTime>17:59:00</DepartureTime>
                  <DepartureDayOffset>0</DepartureDayOffset>
                </TimetabledPassingTime>
              </passingTimes>
            </ServiceJourney>
          </vehicleJourneys>
        </TimetableFrame>
        <ResourceFrame version="1" id="VTR:ResourceFrame:1388">
          <organisations>
            <Authority version="1" id="VTR:Authority:9">
              <CompanyNumber>62</CompanyNumber>
              <Name>Molėtų r. sav.</Name>
              <LegalName>Molėtų r. sav.</LegalName>
              <ContactDetails>
                <Email>savivaldybe@moletai.lt</Email>
                <Phone>838354761</Phone>
                <Url>www.moletai.lt</Url>
              </ContactDetails>
              <OrganisationType>authority</OrganisationType>
            </Authority>
          </organisations>
        </ResourceFrame>
        <FareFrame id="VTR:FareFrame:1618" version="1">
          <FrameDefaults>
            <DefaultCurrency>EUR</DefaultCurrency>
          </FrameDefaults>
          <fareStructureElements>
            <FareStructureElement id="VTR:FareStructureElement:pricematrix" version="1">
              <distanceMatrixElements>
                <DistanceMatrixElementRef ref="VTR:DistanceMatrixElement:963752to963754" version="1"/>
                <DistanceMatrixElementRef ref="VTR:DistanceMatrixElement:963629to963630" version="1"/>
                <DistanceMatrixElementRef ref="VTR:DistanceMatrixElement:963627to963630" version="1"/>
                <DistanceMatrixElementRef ref="VTR:DistanceMatrixElement:963752to963753" version="1"/>
                <DistanceMatrixElementRef ref="VTR:DistanceMatrixElement:963752to963755" version="1"/>
                <DistanceMatrixElementRef ref="VTR:DistanceMatrixElement:963753to963754" version="1"/>
                <DistanceMatrixElementRef ref="VTR:DistanceMatrixElement:963754to963755" version="1"/>
                <DistanceMatrixElementRef ref="VTR:DistanceMatrixElement:963627to963628" version="1"/>
                <DistanceMatrixElementRef ref="VTR:DistanceMatrixElement:963627to963629" version="1"/>
                <DistanceMatrixElementRef ref="VTR:DistanceMatrixElement:963628to963629" version="1"/>
                <DistanceMatrixElementRef ref="VTR:DistanceMatrixElement:963628to963630" version="1"/>
                <DistanceMatrixElementRef ref="VTR:DistanceMatrixElement:963753to963755" version="1"/>
              </distanceMatrixElements>
            </FareStructureElement>
          </fareStructureElements>
          <tariffs>
            <Tariff id="VTR:Tariff:pointToPointInSeparateJourney_1618" version="1">
              <Name>Point to point tariff</Name>
              <distanceMatrixElements>
                <DistanceMatrixElement id="VTR:DistanceMatrixElement:963752to963754" version="1">
                  <Name>Sodai,,Siesartis" to Šeštokiškės</Name>
                  <StartStopPointRef ref="VTR:ScheduledStopPoint:65793" version="1"/>
                  <EndStopPointRef ref="VTR:ScheduledStopPoint:65795" version="1"/>
                  <prices>
                    <DistanceMatrixElementPrice id="VTR:DistanceMatrixElementPrice:963752to963754" version="1">
                      <Amount>0.2</Amount>
                      <DistanceMatrixElementRef ref="VTR:DistanceMatrixElement:963752to963754" version="1"/>
                    </DistanceMatrixElementPrice>
                  </prices>
                </DistanceMatrixElement>
                <DistanceMatrixElement id="VTR:DistanceMatrixElement:963629to963630" version="1">
                  <Name>Antaniškis to Sodai,,Siesartis"</Name>
                  <StartStopPointRef ref="VTR:ScheduledStopPoint:65668" version="1"/>
                  <EndStopPointRef ref="VTR:ScheduledStopPoint:65669" version="1"/>
                  <prices>
                    <DistanceMatrixElementPrice id="VTR:DistanceMatrixElementPrice:963629to963630" version="1">
                      <Amount>0.1</Amount>
                      <DistanceMatrixElementRef ref="VTR:DistanceMatrixElement:963629to963630" version="1"/>
                    </DistanceMatrixElementPrice>
                  </prices>
                </DistanceMatrixElement>
                <DistanceMatrixElement id="VTR:DistanceMatrixElement:963627to963630" version="1">
                  <Name>Molėtų autobusų stotis to Sodai,,Siesartis"</Name>
                  <StartStopPointRef ref="VTR:ScheduledStopPoint:65666" version="1"/>
                  <EndStopPointRef ref="VTR:ScheduledStopPoint:65669" version="1"/>
                  <prices>
                    <DistanceMatrixElementPrice id="VTR:DistanceMatrixElementPrice:963627to963630" version="1">
                      <Amount>0.3</Amount>
                      <DistanceMatrixElementRef ref="VTR:DistanceMatrixElement:963627to963630" version="1"/>
                    </DistanceMatrixElementPrice>
                  </prices>
                </DistanceMatrixElement>
                <DistanceMatrixElement id="VTR:DistanceMatrixElement:963752to963753" version="1">
                  <Name>Sodai,,Siesartis" to Antaniškis</Name>
                  <StartStopPointRef ref="VTR:ScheduledStopPoint:65793" version="1"/>
                  <EndStopPointRef ref="VTR:ScheduledStopPoint:65794" version="1"/>
                  <prices>
                    <DistanceMatrixElementPrice id="VTR:DistanceMatrixElementPrice:963752to963753" version="1">
                      <Amount>0.1</Amount>
                      <DistanceMatrixElementRef ref="VTR:DistanceMatrixElement:963752to963753" version="1"/>
                    </DistanceMatrixElementPrice>
                  </prices>
                </DistanceMatrixElement>
                <DistanceMatrixElement id="VTR:DistanceMatrixElement:963752to963755" version="1">
                  <Name>Sodai,,Siesartis" to Molėtų autobusų stotis</Name>
                  <StartStopPointRef ref="VTR:ScheduledStopPoint:65793" version="1"/>
                  <EndStopPointRef ref="VTR:ScheduledStopPoint:65790" version="1"/>
                  <prices>
                    <DistanceMatrixElementPrice id="VTR:DistanceMatrixElementPrice:963752to963755" version="1">
                      <Amount>0.3</Amount>
                      <DistanceMatrixElementRef ref="VTR:DistanceMatrixElement:963752to963755" version="1"/>
                    </DistanceMatrixElementPrice>
                  </prices>
                </DistanceMatrixElement>
                <DistanceMatrixElement id="VTR:DistanceMatrixElement:963753to963754" version="1">
                  <Name>Antaniškis to Šeštokiškės</Name>
                  <StartStopPointRef ref="VTR:ScheduledStopPoint:65794" version="1"/>
                  <EndStopPointRef ref="VTR:ScheduledStopPoint:65795" version="1"/>
                  <prices>
                    <DistanceMatrixElementPrice id="VTR:DistanceMatrixElementPrice:963753to963754" version="1">
                      <Amount>0.1</Amount>
                      <DistanceMatrixElementRef ref="VTR:DistanceMatrixElement:963753to963754" version="1"/>
                    </DistanceMatrixElementPrice>
                  </prices>
                </DistanceMatrixElement>
                <DistanceMatrixElement id="VTR:DistanceMatrixElement:963754to963755" version="1">
                  <Name>Šeštokiškės to Molėtų autobusų stotis</Name>
                  <StartStopPointRef ref="VTR:ScheduledStopPoint:65795" version="1"/>
                  <EndStopPointRef ref="VTR:ScheduledStopPoint:65790" version="1"/>
                  <prices>
                    <DistanceMatrixElementPrice id="VTR:DistanceMatrixElementPrice:963754to963755" version="1">
                      <Amount>0.1</Amount>
                      <DistanceMatrixElementRef ref="VTR:DistanceMatrixElement:963754to963755" version="1"/>
                    </DistanceMatrixElementPrice>
                  </prices>
                </DistanceMatrixElement>
                <DistanceMatrixElement id="VTR:DistanceMatrixElement:963627to963628" version="1">
                  <Name>Molėtų autobusų stotis to Šeštokiškės</Name>
                  <StartStopPointRef ref="VTR:ScheduledStopPoint:65666" version="1"/>
                  <EndStopPointRef ref="VTR:ScheduledStopPoint:65667" version="1"/>
                  <prices>
                    <DistanceMatrixElementPrice id="VTR:DistanceMatrixElementPrice:963627to963628" version="1">
                      <Amount>0.1</Amount>
                      <DistanceMatrixElementRef ref="VTR:DistanceMatrixElement:963627to963628" version="1"/>
                    </DistanceMatrixElementPrice>
                  </prices>
                </DistanceMatrixElement>
                <DistanceMatrixElement id="VTR:DistanceMatrixElement:963627to963629" version="1">
                  <Name>Molėtų autobusų stotis to Antaniškis</Name>
                  <StartStopPointRef ref="VTR:ScheduledStopPoint:65666" version="1"/>
                  <EndStopPointRef ref="VTR:ScheduledStopPoint:65668" version="1"/>
                  <prices>
                    <DistanceMatrixElementPrice id="VTR:DistanceMatrixElementPrice:963627to963629" version="1">
                      <Amount>0.3</Amount>
                      <DistanceMatrixElementRef ref="VTR:DistanceMatrixElement:963627to963629" version="1"/>
                    </DistanceMatrixElementPrice>
                  </prices>
                </DistanceMatrixElement>
                <DistanceMatrixElement id="VTR:DistanceMatrixElement:963628to963629" version="1">
                  <Name>Šeštokiškės to Antaniškis</Name>
                  <StartStopPointRef ref="VTR:ScheduledStopPoint:65667" version="1"/>
                  <EndStopPointRef ref="VTR:ScheduledStopPoint:65668" version="1"/>
                  <prices>
                    <DistanceMatrixElementPrice id="VTR:DistanceMatrixElementPrice:963628to963629" version="1">
                      <Amount>0.1</Amount>
                      <DistanceMatrixElementRef ref="VTR:DistanceMatrixElement:963628to963629" version="1"/>
                    </DistanceMatrixElementPrice>
                  </prices>
                </DistanceMatrixElement>
                <DistanceMatrixElement id="VTR:DistanceMatrixElement:963628to963630" version="1">
                  <Name>Šeštokiškės to Sodai,,Siesartis"</Name>
                  <StartStopPointRef ref="VTR:ScheduledStopPoint:65667" version="1"/>
                  <EndStopPointRef ref="VTR:ScheduledStopPoint:65669" version="1"/>
                  <prices>
                    <DistanceMatrixElementPrice id="VTR:DistanceMatrixElementPrice:963628to963630" version="1">
                      <Amount>0.2</Amount>
                      <DistanceMatrixElementRef ref="VTR:DistanceMatrixElement:963628to963630" version="1"/>
                    </DistanceMatrixElementPrice>
                  </prices>
                </DistanceMatrixElement>
                <DistanceMatrixElement id="VTR:DistanceMatrixElement:963753to963755" version="1">
                  <Name>Antaniškis to Molėtų autobusų stotis</Name>
                  <StartStopPointRef ref="VTR:ScheduledStopPoint:65794" version="1"/>
                  <EndStopPointRef ref="VTR:ScheduledStopPoint:65790" version="1"/>
                  <prices>
                    <DistanceMatrixElementPrice id="VTR:DistanceMatrixElementPrice:963753to963755" version="1">
                      <Amount>0.3</Amount>
                      <DistanceMatrixElementRef ref="VTR:DistanceMatrixElement:963753to963755" version="1"/>
                    </DistanceMatrixElementPrice>
                  </prices>
                </DistanceMatrixElement>
              </distanceMatrixElements>
            </Tariff>
          </tariffs>
          <usageParameters>
            <FrequencyOfUse id="VTR:FrequencyOfUse:oneTrip" version="1">
              <FrequencyOfUseType>unlimited</FrequencyOfUseType>
              <MaximalFrequency>1</MaximalFrequency>
            </FrequencyOfUse>
          </usageParameters>
        </FareFrame>
      </frames>
    </CompositeFrame>
  </dataObjects>
</PublicationDelivery>
