<?xml version="1.0" encoding="UTF-8"?><PublicationDelivery xmlns="http://www.netex.org.uk/netex" xmlns:gis="http://www.opengis.net/gml/3.2" xmlns:ns2="http://www.opengis.net/gml/3.2" xmlns:ns3="http://www.siri.org.uk/siri" xmlns:xsi="http://www.w3.org/2001/XMLSchema-instance" version="1" xsi:schemaLocation="">
  <PublicationTimestamp>2022-05-07T04:40:00.241</PublicationTimestamp>
  <ParticipantRef>VTR</ParticipantRef>
  <Description>1</Description>
  <dataObjects>
    <CompositeFrame created="2022-05-07T04:40:00.241" version="1" id="VTR:CompositeFrame:1396">
      <validityConditions>
        <AvailabilityCondition version="1" id="VTR:AvailabilityCondition:1396">
          <FromDate>2015-09-11T10:11:58</FromDate>
          <ToDate>2027-12-30T00:00:00</ToDate>
        </AvailabilityCondition>
      </validityConditions>
      <codespaces>
        <Codespace id="vtr">
          <Xmlns>VTR</Xmlns>
          <XmlnsUrl>http://www.visimarsrutai.lt/</XmlnsUrl>
        </Codespace>
      </codespaces>
      <FrameDefaults>
        <DefaultLocale>
          <TimeZone>Europe/Vilnius</TimeZone>
        </DefaultLocale>
        <DefaultLocationSystem>WGS84</DefaultLocationSystem>
      </FrameDefaults>
      <frames>
        <ServiceCalendarFrame version="1" id="VTR:ServiceCalendarFrame:1396">
          <dayTypes>
            <DayType id="VTR:DayType:1749" version="1">
              <properties>
                <PropertyOfDay>
                  <DaysOfWeek>Wednesday Friday</DaysOfWeek>
                </PropertyOfDay>
              </properties>
            </DayType>
          </dayTypes>
          <operatingPeriods>
            <OperatingPeriod version="1" id="VTR:OperatingPeriod:1749">
              <FromDate>2015-09-01T00:00:00</FromDate>
              <ToDate>2020-04-01T00:00:00</ToDate>
            </OperatingPeriod>
          </operatingPeriods>
          <dayTypeAssignments>
            <DayTypeAssignment id="VTR:DayTypeAssignment:1749_0" version="1" order="1677">
              <OperatingPeriodRef ref="VTR:OperatingPeriod:1749" version="1"/>
              <DayTypeRef ref="VTR:DayType:1749" version="1"/>
            </DayTypeAssignment>
          </dayTypeAssignments>
        </ServiceCalendarFrame>
        <ServiceFrame id="VTR:ServiceFrame:1396" version="1">
          <Network version="0" id="VTR:Network:35"/>
          <routePoints>
            <RoutePoint version="1" id="VTR:RoutePoint:92090">
              <projections>
                <PointProjection version="1" id="VTR:PointProjection:29359">
                  <ProjectedPointRef ref="VTR:ScheduledStopPoint:92090" version="1"/>
                </PointProjection>
              </projections>
            </RoutePoint>
            <RoutePoint version="1" id="VTR:RoutePoint:92091">
              <projections>
                <PointProjection version="1" id="VTR:PointProjection:29360">
                  <ProjectedPointRef ref="VTR:ScheduledStopPoint:92091" version="1"/>
                </PointProjection>
              </projections>
            </RoutePoint>
            <RoutePoint version="1" id="VTR:RoutePoint:92092">
              <projections>
                <PointProjection version="1" id="VTR:PointProjection:29361">
                  <ProjectedPointRef ref="VTR:ScheduledStopPoint:92092" version="1"/>
                </PointProjection>
              </projections>
            </RoutePoint>
            <RoutePoint version="1" id="VTR:RoutePoint:92093">
              <projections>
                <PointProjection version="1" id="VTR:PointProjection:29362">
                  <ProjectedPointRef ref="VTR:ScheduledStopPoint:92093" version="1"/>
                </PointProjection>
              </projections>
            </RoutePoint>
            <RoutePoint version="1" id="VTR:RoutePoint:93406">
              <projections>
                <PointProjection version="1" id="VTR:PointProjection:29328">
                  <ProjectedPointRef ref="VTR:ScheduledStopPoint:93406" version="1"/>
                </PointProjection>
              </projections>
            </RoutePoint>
            <RoutePoint version="1" id="VTR:RoutePoint:93409">
              <projections>
                <PointProjection version="1" id="VTR:PointProjection:29329">
                  <ProjectedPointRef ref="VTR:ScheduledStopPoint:93409" version="1"/>
                </PointProjection>
              </projections>
            </RoutePoint>
            <RoutePoint version="1" id="VTR:RoutePoint:93410">
              <projections>
                <PointProjection version="1" id="VTR:PointProjection:28976">
                  <ProjectedPointRef ref="VTR:ScheduledStopPoint:93410" version="1"/>
                </PointProjection>
              </projections>
            </RoutePoint>
            <RoutePoint version="1" id="VTR:RoutePoint:93411">
              <projections>
                <PointProjection version="1" id="VTR:PointProjection:28977">
                  <ProjectedPointRef ref="VTR:ScheduledStopPoint:93411" version="1"/>
                </PointProjection>
              </projections>
            </RoutePoint>
          </routePoints>
          <routes>
            <Route version="1" id="VTR:Route:5683">
              <Name>Ritiniai-Šakiai</Name>
              <ShortName>Ritiniai-Šakiai</ShortName>
              <LineRef ref="VTR:Line:2127" version="2152"/>
              <DirectionType>inbound</DirectionType>
              <pointsInSequence>
                <PointOnRoute version="1" id="VTR:PointOnRoute:93409" order="1">
                  <RoutePointRef ref="VTR:RoutePoint:93409"/>
                </PointOnRoute>
                <PointOnRoute version="1" id="VTR:PointOnRoute:93410" order="2">
                  <RoutePointRef ref="VTR:RoutePoint:93410"/>
                </PointOnRoute>
                <PointOnRoute version="1" id="VTR:PointOnRoute:93411" order="3">
                  <RoutePointRef ref="VTR:RoutePoint:93411"/>
                </PointOnRoute>
                <PointOnRoute version="1" id="VTR:PointOnRoute:93406" order="4">
                  <RoutePointRef ref="VTR:RoutePoint:93406"/>
                </PointOnRoute>
              </pointsInSequence>
            </Route>
            <Route version="1" id="VTR:Route:5379">
              <Name>Šakiai-Ritiniai</Name>
              <ShortName>Šakiai-Ritiniai</ShortName>
              <LineRef ref="VTR:Line:2127" version="2152"/>
              <DirectionType>outbound</DirectionType>
              <pointsInSequence>
                <PointOnRoute version="1" id="VTR:PointOnRoute:92090" order="1">
                  <RoutePointRef ref="VTR:RoutePoint:92090"/>
                </PointOnRoute>
                <PointOnRoute version="1" id="VTR:PointOnRoute:92091" order="2">
                  <RoutePointRef ref="VTR:RoutePoint:92091"/>
                </PointOnRoute>
                <PointOnRoute version="1" id="VTR:PointOnRoute:92092" order="3">
                  <RoutePointRef ref="VTR:RoutePoint:92092"/>
                </PointOnRoute>
                <PointOnRoute version="1" id="VTR:PointOnRoute:92093" order="4">
                  <RoutePointRef ref="VTR:RoutePoint:92093"/>
                </PointOnRoute>
              </pointsInSequence>
            </Route>
          </routes>
          <lines>
            <Line version="2152" id="VTR:Line:2127">
              <Name>Šakiai-Ritiniai</Name>
              <TransportMode>bus</TransportMode>
              <TransportSubmode>
                <BusSubmode>regionalBus</BusSubmode>
              </TransportSubmode>
              <PublicCode>M-66</PublicCode>
              <OperatorRef ref="VTR:Operator:35"/>
            </Line>
          </lines>
          <scheduledStopPoints>
            <ScheduledStopPoint version="1" id="VTR:ScheduledStopPoint:92090">
              <Name>Šakių autobusų stotis</Name>
            </ScheduledStopPoint>
            <ScheduledStopPoint version="1" id="VTR:ScheduledStopPoint:92091">
              <Name>Šilgaliai(sodai)</Name>
            </ScheduledStopPoint>
            <ScheduledStopPoint version="1" id="VTR:ScheduledStopPoint:92092">
              <Name>Plieniškiai</Name>
            </ScheduledStopPoint>
            <ScheduledStopPoint version="1" id="VTR:ScheduledStopPoint:92093">
              <Name>Bedaliai</Name>
            </ScheduledStopPoint>
            <ScheduledStopPoint version="1" id="VTR:ScheduledStopPoint:93406">
              <Name>Šakių autobusų stotis</Name>
            </ScheduledStopPoint>
            <ScheduledStopPoint version="1" id="VTR:ScheduledStopPoint:93409">
              <Name>Bedaliai</Name>
            </ScheduledStopPoint>
            <ScheduledStopPoint version="1" id="VTR:ScheduledStopPoint:93410">
              <Name>Plieniškiai</Name>
            </ScheduledStopPoint>
            <ScheduledStopPoint version="1" id="VTR:ScheduledStopPoint:93411">
              <Name>Šilgaliai(sodai)</Name>
            </ScheduledStopPoint>
          </scheduledStopPoints>
          <serviceLinks>
            <ServiceLink id="VTR:ServiceLink:93409_1_93410_1" version="1">
              <Distance>2</Distance>
              <FromPointRef ref="VTR:ScheduledStopPoint:93409" version="1"/>
              <ToPointRef ref="VTR:ScheduledStopPoint:93410" version="1"/>
            </ServiceLink>
            <ServiceLink id="VTR:ServiceLink:92090_1_92091_1" version="1">
              <Distance>2</Distance>
              <FromPointRef ref="VTR:ScheduledStopPoint:92090" version="1"/>
              <ToPointRef ref="VTR:ScheduledStopPoint:92091" version="1"/>
            </ServiceLink>
            <ServiceLink id="VTR:ServiceLink:93411_1_93406_1" version="1">
              <Distance>4</Distance>
              <FromPointRef ref="VTR:ScheduledStopPoint:93411" version="1"/>
              <ToPointRef ref="VTR:ScheduledStopPoint:93406" version="1"/>
            </ServiceLink>
            <ServiceLink id="VTR:ServiceLink:92092_1_92093_1" version="1">
              <Distance>2</Distance>
              <FromPointRef ref="VTR:ScheduledStopPoint:92092" version="1"/>
              <ToPointRef ref="VTR:ScheduledStopPoint:92093" version="1"/>
            </ServiceLink>
            <ServiceLink id="VTR:ServiceLink:92091_1_92092_1" version="1">
              <Distance>2</Distance>
              <FromPointRef ref="VTR:ScheduledStopPoint:92091" version="1"/>
              <ToPointRef ref="VTR:ScheduledStopPoint:92092" version="1"/>
            </ServiceLink>
            <ServiceLink id="VTR:ServiceLink:93410_1_93411_1" version="1">
              <Distance>2</Distance>
              <FromPointRef ref="VTR:ScheduledStopPoint:93410" version="1"/>
              <ToPointRef ref="VTR:ScheduledStopPoint:93411" version="1"/>
            </ServiceLink>
          </serviceLinks>
          <stopAssignments>
            <PassengerStopAssignment order="537900000" id="VTR:PassengerStopAssignment:92090" version="1">
              <ScheduledStopPointRef ref="VTR:ScheduledStopPoint:92090" version="1"/>
              <QuayRef ref="VTR:Quay:19481"/>
            </PassengerStopAssignment>
            <PassengerStopAssignment order="537900001" id="VTR:PassengerStopAssignment:92091" version="1">
              <ScheduledStopPointRef ref="VTR:ScheduledStopPoint:92091" version="1"/>
              <QuayRef ref="VTR:Quay:11605"/>
            </PassengerStopAssignment>
            <PassengerStopAssignment order="537900002" id="VTR:PassengerStopAssignment:92092" version="1">
              <ScheduledStopPointRef ref="VTR:ScheduledStopPoint:92092" version="1"/>
              <QuayRef ref="VTR:Quay:14594"/>
            </PassengerStopAssignment>
            <PassengerStopAssignment order="537900003" id="VTR:PassengerStopAssignment:92093" version="1">
              <ScheduledStopPointRef ref="VTR:ScheduledStopPoint:92093" version="1"/>
              <QuayRef ref="VTR:Quay:22458"/>
            </PassengerStopAssignment>
            <PassengerStopAssignment order="568300000" id="VTR:PassengerStopAssignment:93409" version="1">
              <ScheduledStopPointRef ref="VTR:ScheduledStopPoint:93409" version="1"/>
              <QuayRef ref="VTR:Quay:22458"/>
            </PassengerStopAssignment>
            <PassengerStopAssignment order="568300001" id="VTR:PassengerStopAssignment:93410" version="1">
              <ScheduledStopPointRef ref="VTR:ScheduledStopPoint:93410" version="1"/>
              <QuayRef ref="VTR:Quay:6617"/>
            </PassengerStopAssignment>
            <PassengerStopAssignment order="568300002" id="VTR:PassengerStopAssignment:93411" version="1">
              <ScheduledStopPointRef ref="VTR:ScheduledStopPoint:93411" version="1"/>
              <QuayRef ref="VTR:Quay:5624"/>
            </PassengerStopAssignment>
            <PassengerStopAssignment order="568300003" id="VTR:PassengerStopAssignment:93406" version="1">
              <ScheduledStopPointRef ref="VTR:ScheduledStopPoint:93406" version="1"/>
              <QuayRef ref="VTR:Quay:19481"/>
            </PassengerStopAssignment>
          </stopAssignments>
          <journeyPatterns>
            <JourneyPattern id="VTR:JourneyPattern:52003" version="52009">
              <Name>2</Name>
              <RouteRef ref="VTR:Route:5379" version="1"/>
              <pointsInSequence>
                <StopPointInJourneyPattern id="VTR:StopPointInJourneyPattern:1071571" version="52009" order="1">
                  <ScheduledStopPointRef ref="VTR:ScheduledStopPoint:92090"/>
                  <DestinationDisplayRef ref="VTR:DestinationDisplay:1"/>
                </StopPointInJourneyPattern>
                <StopPointInJourneyPattern id="VTR:StopPointInJourneyPattern:1071572" version="52009" order="2">
                  <ScheduledStopPointRef ref="VTR:ScheduledStopPoint:92091"/>
                  <DestinationDisplayRef ref="VTR:DestinationDisplay:1"/>
                </StopPointInJourneyPattern>
                <StopPointInJourneyPattern id="VTR:StopPointInJourneyPattern:1071573" version="52009" order="3">
                  <ScheduledStopPointRef ref="VTR:ScheduledStopPoint:92092"/>
                  <DestinationDisplayRef ref="VTR:DestinationDisplay:1"/>
                </StopPointInJourneyPattern>
                <StopPointInJourneyPattern id="VTR:StopPointInJourneyPattern:1071574" version="52009" order="4">
                  <ScheduledStopPointRef ref="VTR:ScheduledStopPoint:92093"/>
                  <DestinationDisplayRef ref="VTR:DestinationDisplay:1"/>
                </StopPointInJourneyPattern>
              </pointsInSequence>
            </JourneyPattern>
            <JourneyPattern id="VTR:JourneyPattern:52004" version="52010">
              <Name>3</Name>
              <RouteRef ref="VTR:Route:5683" version="1"/>
              <pointsInSequence>
                <StopPointInJourneyPattern id="VTR:StopPointInJourneyPattern:1071575" version="52010" order="1">
                  <ScheduledStopPointRef ref="VTR:ScheduledStopPoint:93409"/>
                  <DestinationDisplayRef ref="VTR:DestinationDisplay:1"/>
                </StopPointInJourneyPattern>
                <StopPointInJourneyPattern id="VTR:StopPointInJourneyPattern:1071576" version="52010" order="2">
                  <ScheduledStopPointRef ref="VTR:ScheduledStopPoint:93410"/>
                  <DestinationDisplayRef ref="VTR:DestinationDisplay:1"/>
                </StopPointInJourneyPattern>
                <StopPointInJourneyPattern id="VTR:StopPointInJourneyPattern:1071577" version="52010" order="3">
                  <ScheduledStopPointRef ref="VTR:ScheduledStopPoint:93411"/>
                  <DestinationDisplayRef ref="VTR:DestinationDisplay:1"/>
                </StopPointInJourneyPattern>
                <StopPointInJourneyPattern id="VTR:StopPointInJourneyPattern:1071578" version="52010" order="4">
                  <ScheduledStopPointRef ref="VTR:ScheduledStopPoint:93406"/>
                  <DestinationDisplayRef ref="VTR:DestinationDisplay:1"/>
                </StopPointInJourneyPattern>
              </pointsInSequence>
            </JourneyPattern>
            <JourneyPattern id="VTR:JourneyPattern:52002" version="52008">
              <Name>1</Name>
              <RouteRef ref="VTR:Route:5379" version="1"/>
              <pointsInSequence>
                <StopPointInJourneyPattern id="VTR:StopPointInJourneyPattern:1071567" version="52008" order="1">
                  <ScheduledStopPointRef ref="VTR:ScheduledStopPoint:92090"/>
                  <DestinationDisplayRef ref="VTR:DestinationDisplay:1"/>
                </StopPointInJourneyPattern>
                <StopPointInJourneyPattern id="VTR:StopPointInJourneyPattern:1071568" version="52008" order="2">
                  <ScheduledStopPointRef ref="VTR:ScheduledStopPoint:92091"/>
                  <DestinationDisplayRef ref="VTR:DestinationDisplay:1"/>
                </StopPointInJourneyPattern>
                <StopPointInJourneyPattern id="VTR:StopPointInJourneyPattern:1071569" version="52008" order="3">
                  <ScheduledStopPointRef ref="VTR:ScheduledStopPoint:92092"/>
                  <DestinationDisplayRef ref="VTR:DestinationDisplay:1"/>
                </StopPointInJourneyPattern>
                <StopPointInJourneyPattern id="VTR:StopPointInJourneyPattern:1071570" version="52008" order="4">
                  <ScheduledStopPointRef ref="VTR:ScheduledStopPoint:92093"/>
                  <DestinationDisplayRef ref="VTR:DestinationDisplay:1"/>
                </StopPointInJourneyPattern>
              </pointsInSequence>
            </JourneyPattern>
            <JourneyPattern id="VTR:JourneyPattern:52005" version="52011">
              <Name>4</Name>
              <RouteRef ref="VTR:Route:5683" version="1"/>
              <pointsInSequence>
                <StopPointInJourneyPattern id="VTR:StopPointInJourneyPattern:1071579" version="52011" order="1">
                  <ScheduledStopPointRef ref="VTR:ScheduledStopPoint:93409"/>
                  <DestinationDisplayRef ref="VTR:DestinationDisplay:1"/>
                </StopPointInJourneyPattern>
                <StopPointInJourneyPattern id="VTR:StopPointInJourneyPattern:1071580" version="52011" order="2">
                  <ScheduledStopPointRef ref="VTR:ScheduledStopPoint:93410"/>
                  <DestinationDisplayRef ref="VTR:DestinationDisplay:1"/>
                </StopPointInJourneyPattern>
                <StopPointInJourneyPattern id="VTR:StopPointInJourneyPattern:1071581" version="52011" order="3">
                  <ScheduledStopPointRef ref="VTR:ScheduledStopPoint:93411"/>
                  <DestinationDisplayRef ref="VTR:DestinationDisplay:1"/>
                </StopPointInJourneyPattern>
                <StopPointInJourneyPattern id="VTR:StopPointInJourneyPattern:1071582" version="52011" order="4">
                  <ScheduledStopPointRef ref="VTR:ScheduledStopPoint:93406"/>
                  <DestinationDisplayRef ref="VTR:DestinationDisplay:1"/>
                </StopPointInJourneyPattern>
              </pointsInSequence>
            </JourneyPattern>
          </journeyPatterns>
        </ServiceFrame>
        <TimetableFrame version="1" id="VTR:TimetableFrame:1396">
          <vehicleJourneys>
            <ServiceJourney version="52008" id="VTR:ServiceJourney:52002">
              <Name>Šakiai-Ritiniai</Name>
              <PrivateCode>1</PrivateCode>
              <dayTypes>
                <DayTypeRef ref="VTR:DayType:1749"/>
              </dayTypes>
              <JourneyPatternRef version="52008" ref="VTR:JourneyPattern:52002"/>
              <OperatorRef ref="VTR:Operator:519"/>
              <LineRef ref="VTR:Line:2127" version="2152"/>
              <passingTimes>
                <TimetabledPassingTime version="52008" id="VTR:TimetabledPassingTime:52002_1071567_1">
                  <StopPointInJourneyPatternRef ref="VTR:StopPointInJourneyPattern:1071567" version="52008"/>
                  <DepartureTime>07:40:00</DepartureTime>
                  <DepartureDayOffset>0</DepartureDayOffset>
                </TimetabledPassingTime>
                <TimetabledPassingTime version="52008" id="VTR:TimetabledPassingTime:52002_1071568_2">
                  <StopPointInJourneyPatternRef ref="VTR:StopPointInJourneyPattern:1071568" version="52008"/>
                  <DepartureTime>07:46:00</DepartureTime>
                  <DepartureDayOffset>0</DepartureDayOffset>
                </TimetabledPassingTime>
                <TimetabledPassingTime version="52008" id="VTR:TimetabledPassingTime:52002_1071569_3">
                  <StopPointInJourneyPatternRef ref="VTR:StopPointInJourneyPattern:1071569" version="52008"/>
                  <DepartureTime>07:49:00</DepartureTime>
                  <DepartureDayOffset>0</DepartureDayOffset>
                </TimetabledPassingTime>
                <TimetabledPassingTime version="52008" id="VTR:TimetabledPassingTime:52002_1071570_4">
                  <StopPointInJourneyPatternRef ref="VTR:StopPointInJourneyPattern:1071570" version="52008"/>
                  <DepartureTime>07:55:00</DepartureTime>
                  <DepartureDayOffset>0</DepartureDayOffset>
                </TimetabledPassingTime>
              </passingTimes>
            </ServiceJourney>
            <ServiceJourney version="52010" id="VTR:ServiceJourney:52004">
              <Name>Ritiniai-Šakiai</Name>
              <PrivateCode>3</PrivateCode>
              <dayTypes>
                <DayTypeRef ref="VTR:DayType:1749"/>
              </dayTypes>
              <JourneyPatternRef version="52010" ref="VTR:JourneyPattern:52004"/>
              <OperatorRef ref="VTR:Operator:519"/>
              <LineRef ref="VTR:Line:2127" version="2152"/>
              <passingTimes>
                <TimetabledPassingTime version="52010" id="VTR:TimetabledPassingTime:52004_1071575_1">
                  <StopPointInJourneyPatternRef ref="VTR:StopPointInJourneyPattern:1071575" version="52010"/>
                  <DepartureTime>07:56:00</DepartureTime>
                  <DepartureDayOffset>0</DepartureDayOffset>
                </TimetabledPassingTime>
                <TimetabledPassingTime version="52010" id="VTR:TimetabledPassingTime:52004_1071576_2">
                  <StopPointInJourneyPatternRef ref="VTR:StopPointInJourneyPattern:1071576" version="52010"/>
                  <DepartureTime>08:03:00</DepartureTime>
                  <DepartureDayOffset>0</DepartureDayOffset>
                </TimetabledPassingTime>
                <TimetabledPassingTime version="52010" id="VTR:TimetabledPassingTime:52004_1071577_3">
                  <StopPointInJourneyPatternRef ref="VTR:StopPointInJourneyPattern:1071577" version="52010"/>
                  <DepartureTime>08:06:00</DepartureTime>
                  <DepartureDayOffset>0</DepartureDayOffset>
                </TimetabledPassingTime>
                <TimetabledPassingTime version="52010" id="VTR:TimetabledPassingTime:52004_1071578_4">
                  <StopPointInJourneyPatternRef ref="VTR:StopPointInJourneyPattern:1071578" version="52010"/>
                  <DepartureTime>08:10:00</DepartureTime>
                  <DepartureDayOffset>0</DepartureDayOffset>
                </TimetabledPassingTime>
              </passingTimes>
            </ServiceJourney>
            <ServiceJourney version="52009" id="VTR:ServiceJourney:52003">
              <Name>Šakiai-Ritiniai</Name>
              <PrivateCode>2</PrivateCode>
              <dayTypes>
                <DayTypeRef ref="VTR:DayType:1749"/>
              </dayTypes>
              <JourneyPatternRef version="52009" ref="VTR:JourneyPattern:52003"/>
              <OperatorRef ref="VTR:Operator:519"/>
              <LineRef ref="VTR:Line:2127" version="2152"/>
              <passingTimes>
                <TimetabledPassingTime version="52009" id="VTR:TimetabledPassingTime:52003_1071571_1">
                  <StopPointInJourneyPatternRef ref="VTR:StopPointInJourneyPattern:1071571" version="52009"/>
                  <DepartureTime>15:15:00</DepartureTime>
                  <DepartureDayOffset>0</DepartureDayOffset>
                </TimetabledPassingTime>
                <TimetabledPassingTime version="52009" id="VTR:TimetabledPassingTime:52003_1071572_2">
                  <StopPointInJourneyPatternRef ref="VTR:StopPointInJourneyPattern:1071572" version="52009"/>
                  <DepartureTime>15:23:00</DepartureTime>
                  <DepartureDayOffset>0</DepartureDayOffset>
                </TimetabledPassingTime>
                <TimetabledPassingTime version="52009" id="VTR:TimetabledPassingTime:52003_1071573_3">
                  <StopPointInJourneyPatternRef ref="VTR:StopPointInJourneyPattern:1071573" version="52009"/>
                  <DepartureTime>15:26:00</DepartureTime>
                  <DepartureDayOffset>0</DepartureDayOffset>
                </TimetabledPassingTime>
                <TimetabledPassingTime version="52009" id="VTR:TimetabledPassingTime:52003_1071574_4">
                  <StopPointInJourneyPatternRef ref="VTR:StopPointInJourneyPattern:1071574" version="52009"/>
                  <DepartureTime>15:31:00</DepartureTime>
                  <DepartureDayOffset>0</DepartureDayOffset>
                </TimetabledPassingTime>
              </passingTimes>
            </ServiceJourney>
            <ServiceJourney version="52011" id="VTR:ServiceJourney:52005">
              <Name>Ritiniai-Šakiai</Name>
              <PrivateCode>4</PrivateCode>
              <dayTypes>
                <DayTypeRef ref="VTR:DayType:1749"/>
              </dayTypes>
              <JourneyPatternRef version="52011" ref="VTR:JourneyPattern:52005"/>
              <OperatorRef ref="VTR:Operator:519"/>
              <LineRef ref="VTR:Line:2127" version="2152"/>
              <passingTimes>
                <TimetabledPassingTime version="52011" id="VTR:TimetabledPassingTime:52005_1071579_1">
                  <StopPointInJourneyPatternRef ref="VTR:StopPointInJourneyPattern:1071579" version="52011"/>
                  <DepartureTime>15:35:00</DepartureTime>
                  <DepartureDayOffset>0</DepartureDayOffset>
                </TimetabledPassingTime>
                <TimetabledPassingTime version="52011" id="VTR:TimetabledPassingTime:52005_1071580_2">
                  <StopPointInJourneyPatternRef ref="VTR:StopPointInJourneyPattern:1071580" version="52011"/>
                  <DepartureTime>15:42:00</DepartureTime>
                  <DepartureDayOffset>0</DepartureDayOffset>
                </TimetabledPassingTime>
                <TimetabledPassingTime version="52011" id="VTR:TimetabledPassingTime:52005_1071581_3">
                  <StopPointInJourneyPatternRef ref="VTR:StopPointInJourneyPattern:1071581" version="52011"/>
                  <DepartureTime>15:45:00</DepartureTime>
                  <DepartureDayOffset>0</DepartureDayOffset>
                </TimetabledPassingTime>
                <TimetabledPassingTime version="52011" id="VTR:TimetabledPassingTime:52005_1071582_4">
                  <StopPointInJourneyPatternRef ref="VTR:StopPointInJourneyPattern:1071582" version="52011"/>
                  <DepartureTime>15:49:00</DepartureTime>
                  <DepartureDayOffset>0</DepartureDayOffset>
                </TimetabledPassingTime>
              </passingTimes>
            </ServiceJourney>
          </vehicleJourneys>
        </TimetableFrame>
        <ResourceFrame version="1" id="VTR:ResourceFrame:1396">
          <organisations>
            <Authority version="1" id="VTR:Authority:35">
              <CompanyNumber>84</CompanyNumber>
              <Name>Šakių r. sav.</Name>
              <LegalName>Šakių r. sav.</LegalName>
              <ContactDetails>
                <Email>savivaldybe@sakiai.lt</Email>
                <Phone>+37034566120</Phone>
                <Url>www.sakiai.lt</Url>
              </ContactDetails>
              <OrganisationType>authority</OrganisationType>
            </Authority>
          </organisations>
        </ResourceFrame>
        <FareFrame id="VTR:FareFrame:2127" version="1">
          <FrameDefaults>
            <DefaultCurrency>EUR</DefaultCurrency>
          </FrameDefaults>
          <fareStructureElements>
            <FareStructureElement id="VTR:FareStructureElement:pricematrix" version="1">
              <distanceMatrixElements>
                <DistanceMatrixElementRef ref="VTR:DistanceMatrixElement:1071567to1071568" version="1"/>
                <DistanceMatrixElementRef ref="VTR:DistanceMatrixElement:1071576to1071577" version="1"/>
                <DistanceMatrixElementRef ref="VTR:DistanceMatrixElement:1071571to1071573" version="1"/>
                <DistanceMatrixElementRef ref="VTR:DistanceMatrixElement:1071572to1071573" version="1"/>
                <DistanceMatrixElementRef ref="VTR:DistanceMatrixElement:1071572to1071574" version="1"/>
                <DistanceMatrixElementRef ref="VTR:DistanceMatrixElement:1071581to1071582" version="1"/>
                <DistanceMatrixElementRef ref="VTR:DistanceMatrixElement:1071575to1071577" version="1"/>
                <DistanceMatrixElementRef ref="VTR:DistanceMatrixElement:1071567to1071569" version="1"/>
                <DistanceMatrixElementRef ref="VTR:DistanceMatrixElement:1071568to1071569" version="1"/>
                <DistanceMatrixElementRef ref="VTR:DistanceMatrixElement:1071571to1071572" version="1"/>
                <DistanceMatrixElementRef ref="VTR:DistanceMatrixElement:1071573to1071574" version="1"/>
                <DistanceMatrixElementRef ref="VTR:DistanceMatrixElement:1071575to1071576" version="1"/>
                <DistanceMatrixElementRef ref="VTR:DistanceMatrixElement:1071576to1071578" version="1"/>
                <DistanceMatrixElementRef ref="VTR:DistanceMatrixElement:1071580to1071581" version="1"/>
                <DistanceMatrixElementRef ref="VTR:DistanceMatrixElement:1071579to1071581" version="1"/>
                <DistanceMatrixElementRef ref="VTR:DistanceMatrixElement:1071567to1071570" version="1"/>
                <DistanceMatrixElementRef ref="VTR:DistanceMatrixElement:1071580to1071582" version="1"/>
                <DistanceMatrixElementRef ref="VTR:DistanceMatrixElement:1071575to1071578" version="1"/>
                <DistanceMatrixElementRef ref="VTR:DistanceMatrixElement:1071577to1071578" version="1"/>
                <DistanceMatrixElementRef ref="VTR:DistanceMatrixElement:1071568to1071570" version="1"/>
                <DistanceMatrixElementRef ref="VTR:DistanceMatrixElement:1071579to1071580" version="1"/>
                <DistanceMatrixElementRef ref="VTR:DistanceMatrixElement:1071569to1071570" version="1"/>
                <DistanceMatrixElementRef ref="VTR:DistanceMatrixElement:1071579to1071582" version="1"/>
                <DistanceMatrixElementRef ref="VTR:DistanceMatrixElement:1071571to1071574" version="1"/>
              </distanceMatrixElements>
            </FareStructureElement>
          </fareStructureElements>
          <tariffs>
            <Tariff id="VTR:Tariff:pointToPointInSeparateJourney_2127" version="1">
              <Name>Point to point tariff</Name>
              <distanceMatrixElements>
                <DistanceMatrixElement id="VTR:DistanceMatrixElement:1071567to1071568" version="1">
                  <Name>Šakių autobusų stotis to Šilgaliai(sodai)</Name>
                  <StartStopPointRef ref="VTR:ScheduledStopPoint:92090" version="1"/>
                  <EndStopPointRef ref="VTR:ScheduledStopPoint:92091" version="1"/>
                  <prices>
                    <DistanceMatrixElementPrice id="VTR:DistanceMatrixElementPrice:1071567to1071568" version="1">
                      <Amount>0.7</Amount>
                      <DistanceMatrixElementRef ref="VTR:DistanceMatrixElement:1071567to1071568" version="1"/>
                    </DistanceMatrixElementPrice>
                  </prices>
                </DistanceMatrixElement>
                <DistanceMatrixElement id="VTR:DistanceMatrixElement:1071576to1071577" version="1">
                  <Name>Plieniškiai to Šilgaliai(sodai)</Name>
                  <StartStopPointRef ref="VTR:ScheduledStopPoint:93410" version="1"/>
                  <EndStopPointRef ref="VTR:ScheduledStopPoint:93411" version="1"/>
                  <prices>
                    <DistanceMatrixElementPrice id="VTR:DistanceMatrixElementPrice:1071576to1071577" version="1">
                      <Amount>0.7</Amount>
                      <DistanceMatrixElementRef ref="VTR:DistanceMatrixElement:1071576to1071577" version="1"/>
                    </DistanceMatrixElementPrice>
                  </prices>
                </DistanceMatrixElement>
                <DistanceMatrixElement id="VTR:DistanceMatrixElement:1071571to1071573" version="1">
                  <Name>Šakių autobusų stotis to Plieniškiai</Name>
                  <StartStopPointRef ref="VTR:ScheduledStopPoint:92090" version="1"/>
                  <EndStopPointRef ref="VTR:ScheduledStopPoint:92092" version="1"/>
                  <prices>
                    <DistanceMatrixElementPrice id="VTR:DistanceMatrixElementPrice:1071571to1071573" version="1">
                      <Amount>0.7</Amount>
                      <DistanceMatrixElementRef ref="VTR:DistanceMatrixElement:1071571to1071573" version="1"/>
                    </DistanceMatrixElementPrice>
                  </prices>
                </DistanceMatrixElement>
                <DistanceMatrixElement id="VTR:DistanceMatrixElement:1071572to1071573" version="1">
                  <Name>Šilgaliai(sodai) to Plieniškiai</Name>
                  <StartStopPointRef ref="VTR:ScheduledStopPoint:92091" version="1"/>
                  <EndStopPointRef ref="VTR:ScheduledStopPoint:92092" version="1"/>
                  <prices>
                    <DistanceMatrixElementPrice id="VTR:DistanceMatrixElementPrice:1071572to1071573" version="1">
                      <Amount>0.7</Amount>
                      <DistanceMatrixElementRef ref="VTR:DistanceMatrixElement:1071572to1071573" version="1"/>
                    </DistanceMatrixElementPrice>
                  </prices>
                </DistanceMatrixElement>
                <DistanceMatrixElement id="VTR:DistanceMatrixElement:1071572to1071574" version="1">
                  <Name>Šilgaliai(sodai) to Bedaliai</Name>
                  <StartStopPointRef ref="VTR:ScheduledStopPoint:92091" version="1"/>
                  <EndStopPointRef ref="VTR:ScheduledStopPoint:92093" version="1"/>
                  <prices>
                    <DistanceMatrixElementPrice id="VTR:DistanceMatrixElementPrice:1071572to1071574" version="1">
                      <Amount>0.7</Amount>
                      <DistanceMatrixElementRef ref="VTR:DistanceMatrixElement:1071572to1071574" version="1"/>
                    </DistanceMatrixElementPrice>
                  </prices>
                </DistanceMatrixElement>
                <DistanceMatrixElement id="VTR:DistanceMatrixElement:1071581to1071582" version="1">
                  <Name>Šilgaliai(sodai) to Šakių autobusų stotis</Name>
                  <StartStopPointRef ref="VTR:ScheduledStopPoint:93411" version="1"/>
                  <EndStopPointRef ref="VTR:ScheduledStopPoint:93406" version="1"/>
                  <prices>
                    <DistanceMatrixElementPrice id="VTR:DistanceMatrixElementPrice:1071581to1071582" version="1">
                      <Amount>0.7</Amount>
                      <DistanceMatrixElementRef ref="VTR:DistanceMatrixElement:1071581to1071582" version="1"/>
                    </DistanceMatrixElementPrice>
                  </prices>
                </DistanceMatrixElement>
                <DistanceMatrixElement id="VTR:DistanceMatrixElement:1071575to1071577" version="1">
                  <Name>Bedaliai to Šilgaliai(sodai)</Name>
                  <StartStopPointRef ref="VTR:ScheduledStopPoint:93409" version="1"/>
                  <EndStopPointRef ref="VTR:ScheduledStopPoint:93411" version="1"/>
                  <prices>
                    <DistanceMatrixElementPrice id="VTR:DistanceMatrixElementPrice:1071575to1071577" version="1">
                      <Amount>0.7</Amount>
                      <DistanceMatrixElementRef ref="VTR:DistanceMatrixElement:1071575to1071577" version="1"/>
                    </DistanceMatrixElementPrice>
                  </prices>
                </DistanceMatrixElement>
                <DistanceMatrixElement id="VTR:DistanceMatrixElement:1071567to1071569" version="1">
                  <Name>Šakių autobusų stotis to Plieniškiai</Name>
                  <StartStopPointRef ref="VTR:ScheduledStopPoint:92090" version="1"/>
                  <EndStopPointRef ref="VTR:ScheduledStopPoint:92092" version="1"/>
                  <prices>
                    <DistanceMatrixElementPrice id="VTR:DistanceMatrixElementPrice:1071567to1071569" version="1">
                      <Amount>0.7</Amount>
                      <DistanceMatrixElementRef ref="VTR:DistanceMatrixElement:1071567to1071569" version="1"/>
                    </DistanceMatrixElementPrice>
                  </prices>
                </DistanceMatrixElement>
                <DistanceMatrixElement id="VTR:DistanceMatrixElement:1071568to1071569" version="1">
                  <Name>Šilgaliai(sodai) to Plieniškiai</Name>
                  <StartStopPointRef ref="VTR:ScheduledStopPoint:92091" version="1"/>
                  <EndStopPointRef ref="VTR:ScheduledStopPoint:92092" version="1"/>
                  <prices>
                    <DistanceMatrixElementPrice id="VTR:DistanceMatrixElementPrice:1071568to1071569" version="1">
                      <Amount>0.7</Amount>
                      <DistanceMatrixElementRef ref="VTR:DistanceMatrixElement:1071568to1071569" version="1"/>
                    </DistanceMatrixElementPrice>
                  </prices>
                </DistanceMatrixElement>
                <DistanceMatrixElement id="VTR:DistanceMatrixElement:1071571to1071572" version="1">
                  <Name>Šakių autobusų stotis to Šilgaliai(sodai)</Name>
                  <StartStopPointRef ref="VTR:ScheduledStopPoint:92090" version="1"/>
                  <EndStopPointRef ref="VTR:ScheduledStopPoint:92091" version="1"/>
                  <prices>
                    <DistanceMatrixElementPrice id="VTR:DistanceMatrixElementPrice:1071571to1071572" version="1">
                      <Amount>0.7</Amount>
                      <DistanceMatrixElementRef ref="VTR:DistanceMatrixElement:1071571to1071572" version="1"/>
                    </DistanceMatrixElementPrice>
                  </prices>
                </DistanceMatrixElement>
                <DistanceMatrixElement id="VTR:DistanceMatrixElement:1071573to1071574" version="1">
                  <Name>Plieniškiai to Bedaliai</Name>
                  <StartStopPointRef ref="VTR:ScheduledStopPoint:92092" version="1"/>
                  <EndStopPointRef ref="VTR:ScheduledStopPoint:92093" version="1"/>
                  <prices>
                    <DistanceMatrixElementPrice id="VTR:DistanceMatrixElementPrice:1071573to1071574" version="1">
                      <Amount>0.7</Amount>
                      <DistanceMatrixElementRef ref="VTR:DistanceMatrixElement:1071573to1071574" version="1"/>
                    </DistanceMatrixElementPrice>
                  </prices>
                </DistanceMatrixElement>
                <DistanceMatrixElement id="VTR:DistanceMatrixElement:1071575to1071576" version="1">
                  <Name>Bedaliai to Plieniškiai</Name>
                  <StartStopPointRef ref="VTR:ScheduledStopPoint:93409" version="1"/>
                  <EndStopPointRef ref="VTR:ScheduledStopPoint:93410" version="1"/>
                  <prices>
                    <DistanceMatrixElementPrice id="VTR:DistanceMatrixElementPrice:1071575to1071576" version="1">
                      <Amount>0.7</Amount>
                      <DistanceMatrixElementRef ref="VTR:DistanceMatrixElement:1071575to1071576" version="1"/>
                    </DistanceMatrixElementPrice>
                  </prices>
                </DistanceMatrixElement>
                <DistanceMatrixElement id="VTR:DistanceMatrixElement:1071576to1071578" version="1">
                  <Name>Plieniškiai to Šakių autobusų stotis</Name>
                  <StartStopPointRef ref="VTR:ScheduledStopPoint:93410" version="1"/>
                  <EndStopPointRef ref="VTR:ScheduledStopPoint:93406" version="1"/>
                  <prices>
                    <DistanceMatrixElementPrice id="VTR:DistanceMatrixElementPrice:1071576to1071578" version="1">
                      <Amount>0.7</Amount>
                      <DistanceMatrixElementRef ref="VTR:DistanceMatrixElement:1071576to1071578" version="1"/>
                    </DistanceMatrixElementPrice>
                  </prices>
                </DistanceMatrixElement>
                <DistanceMatrixElement id="VTR:DistanceMatrixElement:1071580to1071581" version="1">
                  <Name>Plieniškiai to Šilgaliai(sodai)</Name>
                  <StartStopPointRef ref="VTR:ScheduledStopPoint:93410" version="1"/>
                  <EndStopPointRef ref="VTR:ScheduledStopPoint:93411" version="1"/>
                  <prices>
                    <DistanceMatrixElementPrice id="VTR:DistanceMatrixElementPrice:1071580to1071581" version="1">
                      <Amount>0.7</Amount>
                      <DistanceMatrixElementRef ref="VTR:DistanceMatrixElement:1071580to1071581" version="1"/>
                    </DistanceMatrixElementPrice>
                  </prices>
                </DistanceMatrixElement>
                <DistanceMatrixElement id="VTR:DistanceMatrixElement:1071579to1071581" version="1">
                  <Name>Bedaliai to Šilgaliai(sodai)</Name>
                  <StartStopPointRef ref="VTR:ScheduledStopPoint:93409" version="1"/>
                  <EndStopPointRef ref="VTR:ScheduledStopPoint:93411" version="1"/>
                  <prices>
                    <DistanceMatrixElementPrice id="VTR:DistanceMatrixElementPrice:1071579to1071581" version="1">
                      <Amount>0.7</Amount>
                      <DistanceMatrixElementRef ref="VTR:DistanceMatrixElement:1071579to1071581" version="1"/>
                    </DistanceMatrixElementPrice>
                  </prices>
                </DistanceMatrixElement>
                <DistanceMatrixElement id="VTR:DistanceMatrixElement:1071567to1071570" version="1">
                  <Name>Šakių autobusų stotis to Bedaliai</Name>
                  <StartStopPointRef ref="VTR:ScheduledStopPoint:92090" version="1"/>
                  <EndStopPointRef ref="VTR:ScheduledStopPoint:92093" version="1"/>
                  <prices>
                    <DistanceMatrixElementPrice id="VTR:DistanceMatrixElementPrice:1071567to1071570" version="1">
                      <Amount>1.0</Amount>
                      <DistanceMatrixElementRef ref="VTR:DistanceMatrixElement:1071567to1071570" version="1"/>
                    </DistanceMatrixElementPrice>
                  </prices>
                </DistanceMatrixElement>
                <DistanceMatrixElement id="VTR:DistanceMatrixElement:1071580to1071582" version="1">
                  <Name>Plieniškiai to Šakių autobusų stotis</Name>
                  <StartStopPointRef ref="VTR:ScheduledStopPoint:93410" version="1"/>
                  <EndStopPointRef ref="VTR:ScheduledStopPoint:93406" version="1"/>
                  <prices>
                    <DistanceMatrixElementPrice id="VTR:DistanceMatrixElementPrice:1071580to1071582" version="1">
                      <Amount>0.7</Amount>
                      <DistanceMatrixElementRef ref="VTR:DistanceMatrixElement:1071580to1071582" version="1"/>
                    </DistanceMatrixElementPrice>
                  </prices>
                </DistanceMatrixElement>
                <DistanceMatrixElement id="VTR:DistanceMatrixElement:1071575to1071578" version="1">
                  <Name>Bedaliai to Šakių autobusų stotis</Name>
                  <StartStopPointRef ref="VTR:ScheduledStopPoint:93409" version="1"/>
                  <EndStopPointRef ref="VTR:ScheduledStopPoint:93406" version="1"/>
                  <prices>
                    <DistanceMatrixElementPrice id="VTR:DistanceMatrixElementPrice:1071575to1071578" version="1">
                      <Amount>1.0</Amount>
                      <DistanceMatrixElementRef ref="VTR:DistanceMatrixElement:1071575to1071578" version="1"/>
                    </DistanceMatrixElementPrice>
                  </prices>
                </DistanceMatrixElement>
                <DistanceMatrixElement id="VTR:DistanceMatrixElement:1071577to1071578" version="1">
                  <Name>Šilgaliai(sodai) to Šakių autobusų stotis</Name>
                  <StartStopPointRef ref="VTR:ScheduledStopPoint:93411" version="1"/>
                  <EndStopPointRef ref="VTR:ScheduledStopPoint:93406" version="1"/>
                  <prices>
                    <DistanceMatrixElementPrice id="VTR:DistanceMatrixElementPrice:1071577to1071578" version="1">
                      <Amount>0.7</Amount>
                      <DistanceMatrixElementRef ref="VTR:DistanceMatrixElement:1071577to1071578" version="1"/>
                    </DistanceMatrixElementPrice>
                  </prices>
                </DistanceMatrixElement>
                <DistanceMatrixElement id="VTR:DistanceMatrixElement:1071568to1071570" version="1">
                  <Name>Šilgaliai(sodai) to Bedaliai</Name>
                  <StartStopPointRef ref="VTR:ScheduledStopPoint:92091" version="1"/>
                  <EndStopPointRef ref="VTR:ScheduledStopPoint:92093" version="1"/>
                  <prices>
                    <DistanceMatrixElementPrice id="VTR:DistanceMatrixElementPrice:1071568to1071570" version="1">
                      <Amount>0.7</Amount>
                      <DistanceMatrixElementRef ref="VTR:DistanceMatrixElement:1071568to1071570" version="1"/>
                    </DistanceMatrixElementPrice>
                  </prices>
                </DistanceMatrixElement>
                <DistanceMatrixElement id="VTR:DistanceMatrixElement:1071579to1071580" version="1">
                  <Name>Bedaliai to Plieniškiai</Name>
                  <StartStopPointRef ref="VTR:ScheduledStopPoint:93409" version="1"/>
                  <EndStopPointRef ref="VTR:ScheduledStopPoint:93410" version="1"/>
                  <prices>
                    <DistanceMatrixElementPrice id="VTR:DistanceMatrixElementPrice:1071579to1071580" version="1">
                      <Amount>0.7</Amount>
                      <DistanceMatrixElementRef ref="VTR:DistanceMatrixElement:1071579to1071580" version="1"/>
                    </DistanceMatrixElementPrice>
                  </prices>
                </DistanceMatrixElement>
                <DistanceMatrixElement id="VTR:DistanceMatrixElement:1071569to1071570" version="1">
                  <Name>Plieniškiai to Bedaliai</Name>
                  <StartStopPointRef ref="VTR:ScheduledStopPoint:92092" version="1"/>
                  <EndStopPointRef ref="VTR:ScheduledStopPoint:92093" version="1"/>
                  <prices>
                    <DistanceMatrixElementPrice id="VTR:DistanceMatrixElementPrice:1071569to1071570" version="1">
                      <Amount>0.7</Amount>
                      <DistanceMatrixElementRef ref="VTR:DistanceMatrixElement:1071569to1071570" version="1"/>
                    </DistanceMatrixElementPrice>
                  </prices>
                </DistanceMatrixElement>
                <DistanceMatrixElement id="VTR:DistanceMatrixElement:1071579to1071582" version="1">
                  <Name>Bedaliai to Šakių autobusų stotis</Name>
                  <StartStopPointRef ref="VTR:ScheduledStopPoint:93409" version="1"/>
                  <EndStopPointRef ref="VTR:ScheduledStopPoint:93406" version="1"/>
                  <prices>
                    <DistanceMatrixElementPrice id="VTR:DistanceMatrixElementPrice:1071579to1071582" version="1">
                      <Amount>1.0</Amount>
                      <DistanceMatrixElementRef ref="VTR:DistanceMatrixElement:1071579to1071582" version="1"/>
                    </DistanceMatrixElementPrice>
                  </prices>
                </DistanceMatrixElement>
                <DistanceMatrixElement id="VTR:DistanceMatrixElement:1071571to1071574" version="1">
                  <Name>Šakių autobusų stotis to Bedaliai</Name>
                  <StartStopPointRef ref="VTR:ScheduledStopPoint:92090" version="1"/>
                  <EndStopPointRef ref="VTR:ScheduledStopPoint:92093" version="1"/>
                  <prices>
                    <DistanceMatrixElementPrice id="VTR:DistanceMatrixElementPrice:1071571to1071574" version="1">
                      <Amount>1.0</Amount>
                      <DistanceMatrixElementRef ref="VTR:DistanceMatrixElement:1071571to1071574" version="1"/>
                    </DistanceMatrixElementPrice>
                  </prices>
                </DistanceMatrixElement>
              </distanceMatrixElements>
            </Tariff>
          </tariffs>
          <usageParameters>
            <FrequencyOfUse id="VTR:FrequencyOfUse:oneTrip" version="1">
              <FrequencyOfUseType>unlimited</FrequencyOfUseType>
              <MaximalFrequency>1</MaximalFrequency>
            </FrequencyOfUse>
          </usageParameters>
        </FareFrame>
      </frames>
    </CompositeFrame>
  </dataObjects>
</PublicationDelivery>
