<?xml version="1.0" encoding="UTF-8"?><PublicationDelivery xmlns="http://www.netex.org.uk/netex" xmlns:gis="http://www.opengis.net/gml/3.2" xmlns:ns2="http://www.opengis.net/gml/3.2" xmlns:ns3="http://www.siri.org.uk/siri" xmlns:xsi="http://www.w3.org/2001/XMLSchema-instance" version="1" xsi:schemaLocation="">
  <PublicationTimestamp>2022-05-07T04:40:00.241</PublicationTimestamp>
  <ParticipantRef>VTR</ParticipantRef>
  <Description>1</Description>
  <dataObjects>
    <CompositeFrame created="2022-05-07T04:40:00.241" version="1" id="VTR:CompositeFrame:1396">
      <validityConditions>
        <AvailabilityCondition version="1" id="VTR:AvailabilityCondition:1396">
          <FromDate>2015-09-11T00:00:00</FromDate>
          <ToDate>2027-12-30T00:00:00</ToDate>
        </AvailabilityCondition>
      </validityConditions>
      <codespaces>
        <Codespace id="vtr">
          <Xmlns>VTR</Xmlns>
          <XmlnsUrl>http://www.visimarsrutai.lt/</XmlnsUrl>
        </Codespace>
      </codespaces>
      <FrameDefaults>
        <DefaultLocale>
          <TimeZone>Europe/Vilnius</TimeZone>
        </DefaultLocale>
        <DefaultLocationSystem>WGS84</DefaultLocationSystem>
      </FrameDefaults>
      <frames>
        <ServiceCalendarFrame version="1" id="VTR:ServiceCalendarFrame:1396">
          <dayTypes>
            <DayType id="VTR:DayType:1751" version="1">
              <properties>
                <PropertyOfDay>
                  <DaysOfWeek>Sunday</DaysOfWeek>
                </PropertyOfDay>
              </properties>
            </DayType>
          </dayTypes>
          <operatingPeriods>
            <OperatingPeriod version="1" id="VTR:OperatingPeriod:1751">
              <FromDate>2015-09-01T00:00:00</FromDate>
              <ToDate>2020-04-01T00:00:00</ToDate>
            </OperatingPeriod>
          </operatingPeriods>
          <dayTypeAssignments>
            <DayTypeAssignment id="VTR:DayTypeAssignment:1751_0" version="1" order="1683">
              <OperatingPeriodRef ref="VTR:OperatingPeriod:1751" version="1"/>
              <DayTypeRef ref="VTR:DayType:1751" version="1"/>
            </DayTypeAssignment>
          </dayTypeAssignments>
        </ServiceCalendarFrame>
        <ServiceFrame id="VTR:ServiceFrame:1396" version="1">
          <Network version="0" id="VTR:Network:35"/>
          <routePoints>
            <RoutePoint version="1" id="VTR:RoutePoint:89740">
              <projections>
                <PointProjection version="1" id="VTR:PointProjection:28625">
                  <ProjectedPointRef ref="VTR:ScheduledStopPoint:89740" version="1"/>
                </PointProjection>
              </projections>
            </RoutePoint>
            <RoutePoint version="1" id="VTR:RoutePoint:89741">
              <projections>
                <PointProjection version="1" id="VTR:PointProjection:28626">
                  <ProjectedPointRef ref="VTR:ScheduledStopPoint:89741" version="1"/>
                </PointProjection>
              </projections>
            </RoutePoint>
            <RoutePoint version="1" id="VTR:RoutePoint:89742">
              <projections>
                <PointProjection version="1" id="VTR:PointProjection:28627">
                  <ProjectedPointRef ref="VTR:ScheduledStopPoint:89742" version="1"/>
                </PointProjection>
              </projections>
            </RoutePoint>
            <RoutePoint version="1" id="VTR:RoutePoint:89743">
              <projections>
                <PointProjection version="1" id="VTR:PointProjection:28628">
                  <ProjectedPointRef ref="VTR:ScheduledStopPoint:89743" version="1"/>
                </PointProjection>
              </projections>
            </RoutePoint>
            <RoutePoint version="1" id="VTR:RoutePoint:89744">
              <projections>
                <PointProjection version="1" id="VTR:PointProjection:28629">
                  <ProjectedPointRef ref="VTR:ScheduledStopPoint:89744" version="1"/>
                </PointProjection>
              </projections>
            </RoutePoint>
            <RoutePoint version="1" id="VTR:RoutePoint:89745">
              <projections>
                <PointProjection version="1" id="VTR:PointProjection:28630">
                  <ProjectedPointRef ref="VTR:ScheduledStopPoint:89745" version="1"/>
                </PointProjection>
              </projections>
            </RoutePoint>
            <RoutePoint version="1" id="VTR:RoutePoint:89746">
              <projections>
                <PointProjection version="1" id="VTR:PointProjection:28631">
                  <ProjectedPointRef ref="VTR:ScheduledStopPoint:89746" version="1"/>
                </PointProjection>
              </projections>
            </RoutePoint>
            <RoutePoint version="1" id="VTR:RoutePoint:89747">
              <projections>
                <PointProjection version="1" id="VTR:PointProjection:28632">
                  <ProjectedPointRef ref="VTR:ScheduledStopPoint:89747" version="1"/>
                </PointProjection>
              </projections>
            </RoutePoint>
            <RoutePoint version="1" id="VTR:RoutePoint:89748">
              <projections>
                <PointProjection version="1" id="VTR:PointProjection:28633">
                  <ProjectedPointRef ref="VTR:ScheduledStopPoint:89748" version="1"/>
                </PointProjection>
              </projections>
            </RoutePoint>
            <RoutePoint version="1" id="VTR:RoutePoint:89749">
              <projections>
                <PointProjection version="1" id="VTR:PointProjection:28634">
                  <ProjectedPointRef ref="VTR:ScheduledStopPoint:89749" version="1"/>
                </PointProjection>
              </projections>
            </RoutePoint>
            <RoutePoint version="1" id="VTR:RoutePoint:89750">
              <projections>
                <PointProjection version="1" id="VTR:PointProjection:28635">
                  <ProjectedPointRef ref="VTR:ScheduledStopPoint:89750" version="1"/>
                </PointProjection>
              </projections>
            </RoutePoint>
            <RoutePoint version="1" id="VTR:RoutePoint:89751">
              <projections>
                <PointProjection version="1" id="VTR:PointProjection:28636">
                  <ProjectedPointRef ref="VTR:ScheduledStopPoint:89751" version="1"/>
                </PointProjection>
              </projections>
            </RoutePoint>
            <RoutePoint version="1" id="VTR:RoutePoint:89752">
              <projections>
                <PointProjection version="1" id="VTR:PointProjection:28637">
                  <ProjectedPointRef ref="VTR:ScheduledStopPoint:89752" version="1"/>
                </PointProjection>
              </projections>
            </RoutePoint>
            <RoutePoint version="1" id="VTR:RoutePoint:89753">
              <projections>
                <PointProjection version="1" id="VTR:PointProjection:28638">
                  <ProjectedPointRef ref="VTR:ScheduledStopPoint:89753" version="1"/>
                </PointProjection>
              </projections>
            </RoutePoint>
            <RoutePoint version="1" id="VTR:RoutePoint:89754">
              <projections>
                <PointProjection version="1" id="VTR:PointProjection:28639">
                  <ProjectedPointRef ref="VTR:ScheduledStopPoint:89754" version="1"/>
                </PointProjection>
              </projections>
            </RoutePoint>
            <RoutePoint version="1" id="VTR:RoutePoint:89755">
              <projections>
                <PointProjection version="1" id="VTR:PointProjection:28640">
                  <ProjectedPointRef ref="VTR:ScheduledStopPoint:89755" version="1"/>
                </PointProjection>
              </projections>
            </RoutePoint>
            <RoutePoint version="1" id="VTR:RoutePoint:94544">
              <projections>
                <PointProjection version="1" id="VTR:PointProjection:29363">
                  <ProjectedPointRef ref="VTR:ScheduledStopPoint:94544" version="1"/>
                </PointProjection>
              </projections>
            </RoutePoint>
            <RoutePoint version="1" id="VTR:RoutePoint:94545">
              <projections>
                <PointProjection version="1" id="VTR:PointProjection:29364">
                  <ProjectedPointRef ref="VTR:ScheduledStopPoint:94545" version="1"/>
                </PointProjection>
              </projections>
            </RoutePoint>
            <RoutePoint version="1" id="VTR:RoutePoint:94546">
              <projections>
                <PointProjection version="1" id="VTR:PointProjection:29365">
                  <ProjectedPointRef ref="VTR:ScheduledStopPoint:94546" version="1"/>
                </PointProjection>
              </projections>
            </RoutePoint>
            <RoutePoint version="1" id="VTR:RoutePoint:94547">
              <projections>
                <PointProjection version="1" id="VTR:PointProjection:29366">
                  <ProjectedPointRef ref="VTR:ScheduledStopPoint:94547" version="1"/>
                </PointProjection>
              </projections>
            </RoutePoint>
            <RoutePoint version="1" id="VTR:RoutePoint:94548">
              <projections>
                <PointProjection version="1" id="VTR:PointProjection:29367">
                  <ProjectedPointRef ref="VTR:ScheduledStopPoint:94548" version="1"/>
                </PointProjection>
              </projections>
            </RoutePoint>
            <RoutePoint version="1" id="VTR:RoutePoint:94549">
              <projections>
                <PointProjection version="1" id="VTR:PointProjection:29368">
                  <ProjectedPointRef ref="VTR:ScheduledStopPoint:94549" version="1"/>
                </PointProjection>
              </projections>
            </RoutePoint>
            <RoutePoint version="1" id="VTR:RoutePoint:95050">
              <projections>
                <PointProjection version="1" id="VTR:PointProjection:29369">
                  <ProjectedPointRef ref="VTR:ScheduledStopPoint:95050" version="1"/>
                </PointProjection>
              </projections>
            </RoutePoint>
            <RoutePoint version="1" id="VTR:RoutePoint:95051">
              <projections>
                <PointProjection version="1" id="VTR:PointProjection:29370">
                  <ProjectedPointRef ref="VTR:ScheduledStopPoint:95051" version="1"/>
                </PointProjection>
              </projections>
            </RoutePoint>
            <RoutePoint version="1" id="VTR:RoutePoint:95052">
              <projections>
                <PointProjection version="1" id="VTR:PointProjection:29371">
                  <ProjectedPointRef ref="VTR:ScheduledStopPoint:95052" version="1"/>
                </PointProjection>
              </projections>
            </RoutePoint>
            <RoutePoint version="1" id="VTR:RoutePoint:95053">
              <projections>
                <PointProjection version="1" id="VTR:PointProjection:29372">
                  <ProjectedPointRef ref="VTR:ScheduledStopPoint:95053" version="1"/>
                </PointProjection>
              </projections>
            </RoutePoint>
            <RoutePoint version="1" id="VTR:RoutePoint:95054">
              <projections>
                <PointProjection version="1" id="VTR:PointProjection:29373">
                  <ProjectedPointRef ref="VTR:ScheduledStopPoint:95054" version="1"/>
                </PointProjection>
              </projections>
            </RoutePoint>
            <RoutePoint version="1" id="VTR:RoutePoint:95055">
              <projections>
                <PointProjection version="1" id="VTR:PointProjection:29374">
                  <ProjectedPointRef ref="VTR:ScheduledStopPoint:95055" version="1"/>
                </PointProjection>
              </projections>
            </RoutePoint>
            <RoutePoint version="1" id="VTR:RoutePoint:95071">
              <projections>
                <PointProjection version="1" id="VTR:PointProjection:29387">
                  <ProjectedPointRef ref="VTR:ScheduledStopPoint:95071" version="1"/>
                </PointProjection>
              </projections>
            </RoutePoint>
            <RoutePoint version="1" id="VTR:RoutePoint:95072">
              <projections>
                <PointProjection version="1" id="VTR:PointProjection:29388">
                  <ProjectedPointRef ref="VTR:ScheduledStopPoint:95072" version="1"/>
                </PointProjection>
              </projections>
            </RoutePoint>
            <RoutePoint version="1" id="VTR:RoutePoint:95073">
              <projections>
                <PointProjection version="1" id="VTR:PointProjection:29389">
                  <ProjectedPointRef ref="VTR:ScheduledStopPoint:95073" version="1"/>
                </PointProjection>
              </projections>
            </RoutePoint>
            <RoutePoint version="1" id="VTR:RoutePoint:95074">
              <projections>
                <PointProjection version="1" id="VTR:PointProjection:29390">
                  <ProjectedPointRef ref="VTR:ScheduledStopPoint:95074" version="1"/>
                </PointProjection>
              </projections>
            </RoutePoint>
            <RoutePoint version="1" id="VTR:RoutePoint:95075">
              <projections>
                <PointProjection version="1" id="VTR:PointProjection:29391">
                  <ProjectedPointRef ref="VTR:ScheduledStopPoint:95075" version="1"/>
                </PointProjection>
              </projections>
            </RoutePoint>
          </routePoints>
          <routes>
            <Route version="1" id="VTR:Route:5769">
              <Name>Kaunas-Griškabūdis</Name>
              <ShortName>Kaunas-Griškabūdis</ShortName>
              <LineRef ref="VTR:Line:2137" version="2162"/>
              <DirectionType>inbound</DirectionType>
              <pointsInSequence>
                <PointOnRoute version="1" id="VTR:PointOnRoute:94544" order="1">
                  <RoutePointRef ref="VTR:RoutePoint:94544"/>
                </PointOnRoute>
                <PointOnRoute version="1" id="VTR:PointOnRoute:94545" order="2">
                  <RoutePointRef ref="VTR:RoutePoint:94545"/>
                </PointOnRoute>
                <PointOnRoute version="1" id="VTR:PointOnRoute:94546" order="3">
                  <RoutePointRef ref="VTR:RoutePoint:94546"/>
                </PointOnRoute>
                <PointOnRoute version="1" id="VTR:PointOnRoute:94547" order="4">
                  <RoutePointRef ref="VTR:RoutePoint:94547"/>
                </PointOnRoute>
                <PointOnRoute version="1" id="VTR:PointOnRoute:94548" order="5">
                  <RoutePointRef ref="VTR:RoutePoint:94548"/>
                </PointOnRoute>
                <PointOnRoute version="1" id="VTR:PointOnRoute:94549" order="6">
                  <RoutePointRef ref="VTR:RoutePoint:94549"/>
                </PointOnRoute>
                <PointOnRoute version="1" id="VTR:PointOnRoute:95050" order="7">
                  <RoutePointRef ref="VTR:RoutePoint:95050"/>
                </PointOnRoute>
                <PointOnRoute version="1" id="VTR:PointOnRoute:95051" order="8">
                  <RoutePointRef ref="VTR:RoutePoint:95051"/>
                </PointOnRoute>
                <PointOnRoute version="1" id="VTR:PointOnRoute:95052" order="9">
                  <RoutePointRef ref="VTR:RoutePoint:95052"/>
                </PointOnRoute>
                <PointOnRoute version="1" id="VTR:PointOnRoute:95053" order="10">
                  <RoutePointRef ref="VTR:RoutePoint:95053"/>
                </PointOnRoute>
                <PointOnRoute version="1" id="VTR:PointOnRoute:95054" order="11">
                  <RoutePointRef ref="VTR:RoutePoint:95054"/>
                </PointOnRoute>
                <PointOnRoute version="1" id="VTR:PointOnRoute:95055" order="12">
                  <RoutePointRef ref="VTR:RoutePoint:95055"/>
                </PointOnRoute>
              </pointsInSequence>
            </Route>
            <Route version="1" id="VTR:Route:5394">
              <Name>Žvirgždaičiai-Kaunas per Griškabūdį</Name>
              <ShortName>Žvirgždaičiai-Kaunas per Griškabūdį</ShortName>
              <LineRef ref="VTR:Line:2137" version="2162"/>
              <DirectionType>outbound</DirectionType>
              <pointsInSequence>
                <PointOnRoute version="1" id="VTR:PointOnRoute:89740" order="1">
                  <RoutePointRef ref="VTR:RoutePoint:89740"/>
                </PointOnRoute>
                <PointOnRoute version="1" id="VTR:PointOnRoute:89741" order="2">
                  <RoutePointRef ref="VTR:RoutePoint:89741"/>
                </PointOnRoute>
                <PointOnRoute version="1" id="VTR:PointOnRoute:89742" order="3">
                  <RoutePointRef ref="VTR:RoutePoint:89742"/>
                </PointOnRoute>
                <PointOnRoute version="1" id="VTR:PointOnRoute:89743" order="4">
                  <RoutePointRef ref="VTR:RoutePoint:89743"/>
                </PointOnRoute>
                <PointOnRoute version="1" id="VTR:PointOnRoute:89744" order="5">
                  <RoutePointRef ref="VTR:RoutePoint:89744"/>
                </PointOnRoute>
                <PointOnRoute version="1" id="VTR:PointOnRoute:89745" order="6">
                  <RoutePointRef ref="VTR:RoutePoint:89745"/>
                </PointOnRoute>
                <PointOnRoute version="1" id="VTR:PointOnRoute:89746" order="7">
                  <RoutePointRef ref="VTR:RoutePoint:89746"/>
                </PointOnRoute>
                <PointOnRoute version="1" id="VTR:PointOnRoute:89747" order="8">
                  <RoutePointRef ref="VTR:RoutePoint:89747"/>
                </PointOnRoute>
                <PointOnRoute version="1" id="VTR:PointOnRoute:89748" order="9">
                  <RoutePointRef ref="VTR:RoutePoint:89748"/>
                </PointOnRoute>
                <PointOnRoute version="1" id="VTR:PointOnRoute:89749" order="10">
                  <RoutePointRef ref="VTR:RoutePoint:89749"/>
                </PointOnRoute>
                <PointOnRoute version="1" id="VTR:PointOnRoute:89750" order="11">
                  <RoutePointRef ref="VTR:RoutePoint:89750"/>
                </PointOnRoute>
                <PointOnRoute version="1" id="VTR:PointOnRoute:89751" order="12">
                  <RoutePointRef ref="VTR:RoutePoint:89751"/>
                </PointOnRoute>
                <PointOnRoute version="1" id="VTR:PointOnRoute:89752" order="13">
                  <RoutePointRef ref="VTR:RoutePoint:89752"/>
                </PointOnRoute>
                <PointOnRoute version="1" id="VTR:PointOnRoute:89753" order="14">
                  <RoutePointRef ref="VTR:RoutePoint:89753"/>
                </PointOnRoute>
                <PointOnRoute version="1" id="VTR:PointOnRoute:89754" order="15">
                  <RoutePointRef ref="VTR:RoutePoint:89754"/>
                </PointOnRoute>
                <PointOnRoute version="1" id="VTR:PointOnRoute:89755" order="16">
                  <RoutePointRef ref="VTR:RoutePoint:89755"/>
                </PointOnRoute>
              </pointsInSequence>
            </Route>
            <Route version="1" id="VTR:Route:5770">
              <Name>Griškabūdis-Žvirgždaičiai</Name>
              <ShortName>Griškabūdis-Žvirgždaičiai</ShortName>
              <LineRef ref="VTR:Line:2137" version="2162"/>
              <DirectionType>outbound</DirectionType>
              <pointsInSequence>
                <PointOnRoute version="1" id="VTR:PointOnRoute:95071" order="1">
                  <RoutePointRef ref="VTR:RoutePoint:95071"/>
                </PointOnRoute>
                <PointOnRoute version="1" id="VTR:PointOnRoute:95072" order="2">
                  <RoutePointRef ref="VTR:RoutePoint:95072"/>
                </PointOnRoute>
                <PointOnRoute version="1" id="VTR:PointOnRoute:95073" order="3">
                  <RoutePointRef ref="VTR:RoutePoint:95073"/>
                </PointOnRoute>
                <PointOnRoute version="1" id="VTR:PointOnRoute:95074" order="4">
                  <RoutePointRef ref="VTR:RoutePoint:95074"/>
                </PointOnRoute>
                <PointOnRoute version="1" id="VTR:PointOnRoute:95075" order="5">
                  <RoutePointRef ref="VTR:RoutePoint:95075"/>
                </PointOnRoute>
              </pointsInSequence>
            </Route>
          </routes>
          <lines>
            <Line version="2162" id="VTR:Line:2137">
              <Name>Žvirgždaičiai-Kaunas per Griškabūdį</Name>
              <TransportMode>bus</TransportMode>
              <TransportSubmode>
                <BusSubmode>regionalBus</BusSubmode>
              </TransportSubmode>
              <PublicCode>M-76A</PublicCode>
              <OperatorRef ref="VTR:Operator:35"/>
            </Line>
          </lines>
          <scheduledStopPoints>
            <ScheduledStopPoint version="1" id="VTR:ScheduledStopPoint:89740">
              <Name>Žvirgždaičiai</Name>
            </ScheduledStopPoint>
            <ScheduledStopPoint version="1" id="VTR:ScheduledStopPoint:89741">
              <Name>Pranskabūdis</Name>
            </ScheduledStopPoint>
            <ScheduledStopPoint version="1" id="VTR:ScheduledStopPoint:89742">
              <Name>Degutinė</Name>
            </ScheduledStopPoint>
            <ScheduledStopPoint version="1" id="VTR:ScheduledStopPoint:89743">
              <Name>Galiniai</Name>
            </ScheduledStopPoint>
            <ScheduledStopPoint version="1" id="VTR:ScheduledStopPoint:89744">
              <Name>Griškabūdis</Name>
            </ScheduledStopPoint>
            <ScheduledStopPoint version="1" id="VTR:ScheduledStopPoint:89745">
              <Name>Vitgiriai</Name>
            </ScheduledStopPoint>
            <ScheduledStopPoint version="1" id="VTR:ScheduledStopPoint:89746">
              <Name>Paluobiai</Name>
            </ScheduledStopPoint>
            <ScheduledStopPoint version="1" id="VTR:ScheduledStopPoint:89747">
              <Name>Sasnava</Name>
            </ScheduledStopPoint>
            <ScheduledStopPoint version="1" id="VTR:ScheduledStopPoint:89748">
              <Name>Karčrūdė</Name>
            </ScheduledStopPoint>
            <ScheduledStopPoint version="1" id="VTR:ScheduledStopPoint:89749">
              <Name>Sarapinai</Name>
            </ScheduledStopPoint>
            <ScheduledStopPoint version="1" id="VTR:ScheduledStopPoint:89750">
              <Name>Braziukai</Name>
            </ScheduledStopPoint>
            <ScheduledStopPoint version="1" id="VTR:ScheduledStopPoint:89751">
              <Name>Šilai</Name>
            </ScheduledStopPoint>
            <ScheduledStopPoint version="1" id="VTR:ScheduledStopPoint:89752">
              <Name>Nova</Name>
            </ScheduledStopPoint>
            <ScheduledStopPoint version="1" id="VTR:ScheduledStopPoint:89753">
              <Name>Zapyškis</Name>
            </ScheduledStopPoint>
            <ScheduledStopPoint version="1" id="VTR:ScheduledStopPoint:89754">
              <Name>Akademijos miestelis</Name>
            </ScheduledStopPoint>
            <ScheduledStopPoint version="1" id="VTR:ScheduledStopPoint:89755">
              <Name>Kauno autobusų stotis</Name>
            </ScheduledStopPoint>
            <ScheduledStopPoint version="1" id="VTR:ScheduledStopPoint:94544">
              <Name>Kauno autobusų stotis</Name>
            </ScheduledStopPoint>
            <ScheduledStopPoint version="1" id="VTR:ScheduledStopPoint:94545">
              <Name>Akademijos miestelis</Name>
            </ScheduledStopPoint>
            <ScheduledStopPoint version="1" id="VTR:ScheduledStopPoint:94546">
              <Name>Zapyškis</Name>
            </ScheduledStopPoint>
            <ScheduledStopPoint version="1" id="VTR:ScheduledStopPoint:94547">
              <Name>Nova</Name>
            </ScheduledStopPoint>
            <ScheduledStopPoint version="1" id="VTR:ScheduledStopPoint:94548">
              <Name>Šilai</Name>
            </ScheduledStopPoint>
            <ScheduledStopPoint version="1" id="VTR:ScheduledStopPoint:94549">
              <Name>Braziukai</Name>
            </ScheduledStopPoint>
            <ScheduledStopPoint version="1" id="VTR:ScheduledStopPoint:95050">
              <Name>Sarapinai</Name>
            </ScheduledStopPoint>
            <ScheduledStopPoint version="1" id="VTR:ScheduledStopPoint:95051">
              <Name>Karčrūdė</Name>
            </ScheduledStopPoint>
            <ScheduledStopPoint version="1" id="VTR:ScheduledStopPoint:95052">
              <Name>Sasnava</Name>
            </ScheduledStopPoint>
            <ScheduledStopPoint version="1" id="VTR:ScheduledStopPoint:95053">
              <Name>Paluobiai</Name>
            </ScheduledStopPoint>
            <ScheduledStopPoint version="1" id="VTR:ScheduledStopPoint:95054">
              <Name>Vitgiriai</Name>
            </ScheduledStopPoint>
            <ScheduledStopPoint version="1" id="VTR:ScheduledStopPoint:95055">
              <Name>Griškabūdis</Name>
            </ScheduledStopPoint>
            <ScheduledStopPoint version="1" id="VTR:ScheduledStopPoint:95071">
              <Name>Griškabūdis</Name>
            </ScheduledStopPoint>
            <ScheduledStopPoint version="1" id="VTR:ScheduledStopPoint:95072">
              <Name>Galiniai</Name>
            </ScheduledStopPoint>
            <ScheduledStopPoint version="1" id="VTR:ScheduledStopPoint:95073">
              <Name>Degutinė</Name>
            </ScheduledStopPoint>
            <ScheduledStopPoint version="1" id="VTR:ScheduledStopPoint:95074">
              <Name>Pranskabūdis</Name>
            </ScheduledStopPoint>
            <ScheduledStopPoint version="1" id="VTR:ScheduledStopPoint:95075">
              <Name>Žvirgždaičiai</Name>
            </ScheduledStopPoint>
          </scheduledStopPoints>
          <serviceLinks>
            <ServiceLink id="VTR:ServiceLink:95071_1_95072_1" version="1">
              <Distance>4</Distance>
              <FromPointRef ref="VTR:ScheduledStopPoint:95071" version="1"/>
              <ToPointRef ref="VTR:ScheduledStopPoint:95072" version="1"/>
            </ServiceLink>
            <ServiceLink id="VTR:ServiceLink:95050_1_95051_1" version="1">
              <Distance>5</Distance>
              <FromPointRef ref="VTR:ScheduledStopPoint:95050" version="1"/>
              <ToPointRef ref="VTR:ScheduledStopPoint:95051" version="1"/>
            </ServiceLink>
            <ServiceLink id="VTR:ServiceLink:89740_1_89741_1" version="1">
              <Distance>4</Distance>
              <FromPointRef ref="VTR:ScheduledStopPoint:89740" version="1"/>
              <ToPointRef ref="VTR:ScheduledStopPoint:89741" version="1"/>
            </ServiceLink>
            <ServiceLink id="VTR:ServiceLink:95074_1_95075_1" version="1">
              <Distance>4</Distance>
              <FromPointRef ref="VTR:ScheduledStopPoint:95074" version="1"/>
              <ToPointRef ref="VTR:ScheduledStopPoint:95075" version="1"/>
            </ServiceLink>
            <ServiceLink id="VTR:ServiceLink:89741_1_89742_1" version="1">
              <Distance>1</Distance>
              <FromPointRef ref="VTR:ScheduledStopPoint:89741" version="1"/>
              <ToPointRef ref="VTR:ScheduledStopPoint:89742" version="1"/>
            </ServiceLink>
            <ServiceLink id="VTR:ServiceLink:94546_1_94547_1" version="1">
              <Distance>4</Distance>
              <FromPointRef ref="VTR:ScheduledStopPoint:94546" version="1"/>
              <ToPointRef ref="VTR:ScheduledStopPoint:94547" version="1"/>
            </ServiceLink>
            <ServiceLink id="VTR:ServiceLink:89746_1_89747_1" version="1">
              <Distance>2</Distance>
              <FromPointRef ref="VTR:ScheduledStopPoint:89746" version="1"/>
              <ToPointRef ref="VTR:ScheduledStopPoint:89747" version="1"/>
            </ServiceLink>
            <ServiceLink id="VTR:ServiceLink:95073_1_95074_1" version="1">
              <Distance>1</Distance>
              <FromPointRef ref="VTR:ScheduledStopPoint:95073" version="1"/>
              <ToPointRef ref="VTR:ScheduledStopPoint:95074" version="1"/>
            </ServiceLink>
            <ServiceLink id="VTR:ServiceLink:89742_1_89743_1" version="1">
              <Distance>2</Distance>
              <FromPointRef ref="VTR:ScheduledStopPoint:89742" version="1"/>
              <ToPointRef ref="VTR:ScheduledStopPoint:89743" version="1"/>
            </ServiceLink>
            <ServiceLink id="VTR:ServiceLink:94548_1_94549_1" version="1">
              <Distance>5</Distance>
              <FromPointRef ref="VTR:ScheduledStopPoint:94548" version="1"/>
              <ToPointRef ref="VTR:ScheduledStopPoint:94549" version="1"/>
            </ServiceLink>
            <ServiceLink id="VTR:ServiceLink:89750_1_89751_1" version="1">
              <Distance>5</Distance>
              <FromPointRef ref="VTR:ScheduledStopPoint:89750" version="1"/>
              <ToPointRef ref="VTR:ScheduledStopPoint:89751" version="1"/>
            </ServiceLink>
            <ServiceLink id="VTR:ServiceLink:95072_1_95073_1" version="1">
              <Distance>2</Distance>
              <FromPointRef ref="VTR:ScheduledStopPoint:95072" version="1"/>
              <ToPointRef ref="VTR:ScheduledStopPoint:95073" version="1"/>
            </ServiceLink>
            <ServiceLink id="VTR:ServiceLink:94545_1_94546_1" version="1">
              <Distance>12</Distance>
              <FromPointRef ref="VTR:ScheduledStopPoint:94545" version="1"/>
              <ToPointRef ref="VTR:ScheduledStopPoint:94546" version="1"/>
            </ServiceLink>
            <ServiceLink id="VTR:ServiceLink:89744_1_89745_1" version="1">
              <Distance>3</Distance>
              <FromPointRef ref="VTR:ScheduledStopPoint:89744" version="1"/>
              <ToPointRef ref="VTR:ScheduledStopPoint:89745" version="1"/>
            </ServiceLink>
            <ServiceLink id="VTR:ServiceLink:89754_1_89755_1" version="1">
              <Distance>9</Distance>
              <FromPointRef ref="VTR:ScheduledStopPoint:89754" version="1"/>
              <ToPointRef ref="VTR:ScheduledStopPoint:89755" version="1"/>
            </ServiceLink>
            <ServiceLink id="VTR:ServiceLink:89745_1_89746_1" version="1">
              <Distance>3</Distance>
              <FromPointRef ref="VTR:ScheduledStopPoint:89745" version="1"/>
              <ToPointRef ref="VTR:ScheduledStopPoint:89746" version="1"/>
            </ServiceLink>
            <ServiceLink id="VTR:ServiceLink:89747_1_89748_1" version="1">
              <Distance>2</Distance>
              <FromPointRef ref="VTR:ScheduledStopPoint:89747" version="1"/>
              <ToPointRef ref="VTR:ScheduledStopPoint:89748" version="1"/>
            </ServiceLink>
            <ServiceLink id="VTR:ServiceLink:89743_1_89744_1" version="1">
              <Distance>3</Distance>
              <FromPointRef ref="VTR:ScheduledStopPoint:89743" version="1"/>
              <ToPointRef ref="VTR:ScheduledStopPoint:89744" version="1"/>
            </ServiceLink>
            <ServiceLink id="VTR:ServiceLink:95051_1_95052_1" version="1">
              <Distance>2</Distance>
              <FromPointRef ref="VTR:ScheduledStopPoint:95051" version="1"/>
              <ToPointRef ref="VTR:ScheduledStopPoint:95052" version="1"/>
            </ServiceLink>
            <ServiceLink id="VTR:ServiceLink:95053_1_95054_1" version="1">
              <Distance>3</Distance>
              <FromPointRef ref="VTR:ScheduledStopPoint:95053" version="1"/>
              <ToPointRef ref="VTR:ScheduledStopPoint:95054" version="1"/>
            </ServiceLink>
            <ServiceLink id="VTR:ServiceLink:89753_1_89754_1" version="1">
              <Distance>11</Distance>
              <FromPointRef ref="VTR:ScheduledStopPoint:89753" version="1"/>
              <ToPointRef ref="VTR:ScheduledStopPoint:89754" version="1"/>
            </ServiceLink>
            <ServiceLink id="VTR:ServiceLink:89748_1_89749_1" version="1">
              <Distance>5</Distance>
              <FromPointRef ref="VTR:ScheduledStopPoint:89748" version="1"/>
              <ToPointRef ref="VTR:ScheduledStopPoint:89749" version="1"/>
            </ServiceLink>
            <ServiceLink id="VTR:ServiceLink:94544_1_94545_1" version="1">
              <Distance>8</Distance>
              <FromPointRef ref="VTR:ScheduledStopPoint:94544" version="1"/>
              <ToPointRef ref="VTR:ScheduledStopPoint:94545" version="1"/>
            </ServiceLink>
            <ServiceLink id="VTR:ServiceLink:94547_1_94548_1" version="1">
              <Distance>3</Distance>
              <FromPointRef ref="VTR:ScheduledStopPoint:94547" version="1"/>
              <ToPointRef ref="VTR:ScheduledStopPoint:94548" version="1"/>
            </ServiceLink>
            <ServiceLink id="VTR:ServiceLink:94549_1_95050_1" version="1">
              <Distance>5</Distance>
              <FromPointRef ref="VTR:ScheduledStopPoint:94549" version="1"/>
              <ToPointRef ref="VTR:ScheduledStopPoint:95050" version="1"/>
            </ServiceLink>
            <ServiceLink id="VTR:ServiceLink:89749_1_89750_1" version="1">
              <Distance>5</Distance>
              <FromPointRef ref="VTR:ScheduledStopPoint:89749" version="1"/>
              <ToPointRef ref="VTR:ScheduledStopPoint:89750" version="1"/>
            </ServiceLink>
            <ServiceLink id="VTR:ServiceLink:89751_1_89752_1" version="1">
              <Distance>3</Distance>
              <FromPointRef ref="VTR:ScheduledStopPoint:89751" version="1"/>
              <ToPointRef ref="VTR:ScheduledStopPoint:89752" version="1"/>
            </ServiceLink>
            <ServiceLink id="VTR:ServiceLink:95052_1_95053_1" version="1">
              <Distance>2</Distance>
              <FromPointRef ref="VTR:ScheduledStopPoint:95052" version="1"/>
              <ToPointRef ref="VTR:ScheduledStopPoint:95053" version="1"/>
            </ServiceLink>
            <ServiceLink id="VTR:ServiceLink:89752_1_89753_1" version="1">
              <Distance>4</Distance>
              <FromPointRef ref="VTR:ScheduledStopPoint:89752" version="1"/>
              <ToPointRef ref="VTR:ScheduledStopPoint:89753" version="1"/>
            </ServiceLink>
            <ServiceLink id="VTR:ServiceLink:95054_1_95055_1" version="1">
              <Distance>2</Distance>
              <FromPointRef ref="VTR:ScheduledStopPoint:95054" version="1"/>
              <ToPointRef ref="VTR:ScheduledStopPoint:95055" version="1"/>
            </ServiceLink>
          </serviceLinks>
          <stopAssignments>
            <PassengerStopAssignment order="539400000" id="VTR:PassengerStopAssignment:89740" version="1">
              <ScheduledStopPointRef ref="VTR:ScheduledStopPoint:89740" version="1"/>
              <QuayRef ref="VTR:Quay:7602"/>
            </PassengerStopAssignment>
            <PassengerStopAssignment order="539400001" id="VTR:PassengerStopAssignment:89741" version="1">
              <ScheduledStopPointRef ref="VTR:ScheduledStopPoint:89741" version="1"/>
              <QuayRef ref="VTR:Quay:10577"/>
            </PassengerStopAssignment>
            <PassengerStopAssignment order="539400002" id="VTR:PassengerStopAssignment:89742" version="1">
              <ScheduledStopPointRef ref="VTR:ScheduledStopPoint:89742" version="1"/>
              <QuayRef ref="VTR:Quay:15175"/>
            </PassengerStopAssignment>
            <PassengerStopAssignment order="539400003" id="VTR:PassengerStopAssignment:89743" version="1">
              <ScheduledStopPointRef ref="VTR:ScheduledStopPoint:89743" version="1"/>
              <QuayRef ref="VTR:Quay:14831"/>
            </PassengerStopAssignment>
            <PassengerStopAssignment order="539400004" id="VTR:PassengerStopAssignment:89744" version="1">
              <ScheduledStopPointRef ref="VTR:ScheduledStopPoint:89744" version="1"/>
              <QuayRef ref="VTR:Quay:7595"/>
            </PassengerStopAssignment>
            <PassengerStopAssignment order="539400005" id="VTR:PassengerStopAssignment:89745" version="1">
              <ScheduledStopPointRef ref="VTR:ScheduledStopPoint:89745" version="1"/>
              <QuayRef ref="VTR:Quay:4328"/>
            </PassengerStopAssignment>
            <PassengerStopAssignment order="539400006" id="VTR:PassengerStopAssignment:89746" version="1">
              <ScheduledStopPointRef ref="VTR:ScheduledStopPoint:89746" version="1"/>
              <QuayRef ref="VTR:Quay:4608"/>
            </PassengerStopAssignment>
            <PassengerStopAssignment order="539400007" id="VTR:PassengerStopAssignment:89747" version="1">
              <ScheduledStopPointRef ref="VTR:ScheduledStopPoint:89747" version="1"/>
              <QuayRef ref="VTR:Quay:12483"/>
            </PassengerStopAssignment>
            <PassengerStopAssignment order="539400008" id="VTR:PassengerStopAssignment:89748" version="1">
              <ScheduledStopPointRef ref="VTR:ScheduledStopPoint:89748" version="1"/>
              <QuayRef ref="VTR:Quay:14836"/>
            </PassengerStopAssignment>
            <PassengerStopAssignment order="539400009" id="VTR:PassengerStopAssignment:89749" version="1">
              <ScheduledStopPointRef ref="VTR:ScheduledStopPoint:89749" version="1"/>
              <QuayRef ref="VTR:Quay:6056"/>
            </PassengerStopAssignment>
            <PassengerStopAssignment order="539400010" id="VTR:PassengerStopAssignment:89750" version="1">
              <ScheduledStopPointRef ref="VTR:ScheduledStopPoint:89750" version="1"/>
              <QuayRef ref="VTR:Quay:6029"/>
            </PassengerStopAssignment>
            <PassengerStopAssignment order="539400011" id="VTR:PassengerStopAssignment:89751" version="1">
              <ScheduledStopPointRef ref="VTR:ScheduledStopPoint:89751" version="1"/>
              <QuayRef ref="VTR:Quay:10737"/>
            </PassengerStopAssignment>
            <PassengerStopAssignment order="539400012" id="VTR:PassengerStopAssignment:89752" version="1">
              <ScheduledStopPointRef ref="VTR:ScheduledStopPoint:89752" version="1"/>
              <QuayRef ref="VTR:Quay:15807"/>
            </PassengerStopAssignment>
            <PassengerStopAssignment order="539400013" id="VTR:PassengerStopAssignment:89753" version="1">
              <ScheduledStopPointRef ref="VTR:ScheduledStopPoint:89753" version="1"/>
              <QuayRef ref="VTR:Quay:15833"/>
            </PassengerStopAssignment>
            <PassengerStopAssignment order="539400014" id="VTR:PassengerStopAssignment:89754" version="1">
              <ScheduledStopPointRef ref="VTR:ScheduledStopPoint:89754" version="1"/>
              <QuayRef ref="VTR:Quay:9699"/>
            </PassengerStopAssignment>
            <PassengerStopAssignment order="539400015" id="VTR:PassengerStopAssignment:89755" version="1">
              <ScheduledStopPointRef ref="VTR:ScheduledStopPoint:89755" version="1"/>
              <QuayRef ref="VTR:Quay:19470"/>
            </PassengerStopAssignment>
            <PassengerStopAssignment order="576900000" id="VTR:PassengerStopAssignment:94544" version="1">
              <ScheduledStopPointRef ref="VTR:ScheduledStopPoint:94544" version="1"/>
              <QuayRef ref="VTR:Quay:19470"/>
            </PassengerStopAssignment>
            <PassengerStopAssignment order="576900001" id="VTR:PassengerStopAssignment:94545" version="1">
              <ScheduledStopPointRef ref="VTR:ScheduledStopPoint:94545" version="1"/>
              <QuayRef ref="VTR:Quay:4355"/>
            </PassengerStopAssignment>
            <PassengerStopAssignment order="576900002" id="VTR:PassengerStopAssignment:94546" version="1">
              <ScheduledStopPointRef ref="VTR:ScheduledStopPoint:94546" version="1"/>
              <QuayRef ref="VTR:Quay:12872"/>
            </PassengerStopAssignment>
            <PassengerStopAssignment order="576900003" id="VTR:PassengerStopAssignment:94547" version="1">
              <ScheduledStopPointRef ref="VTR:ScheduledStopPoint:94547" version="1"/>
              <QuayRef ref="VTR:Quay:8874"/>
            </PassengerStopAssignment>
            <PassengerStopAssignment order="576900004" id="VTR:PassengerStopAssignment:94548" version="1">
              <ScheduledStopPointRef ref="VTR:ScheduledStopPoint:94548" version="1"/>
              <QuayRef ref="VTR:Quay:6074"/>
            </PassengerStopAssignment>
            <PassengerStopAssignment order="576900005" id="VTR:PassengerStopAssignment:94549" version="1">
              <ScheduledStopPointRef ref="VTR:ScheduledStopPoint:94549" version="1"/>
              <QuayRef ref="VTR:Quay:5012"/>
            </PassengerStopAssignment>
            <PassengerStopAssignment order="576900006" id="VTR:PassengerStopAssignment:95050" version="1">
              <ScheduledStopPointRef ref="VTR:ScheduledStopPoint:95050" version="1"/>
              <QuayRef ref="VTR:Quay:10789"/>
            </PassengerStopAssignment>
            <PassengerStopAssignment order="576900007" id="VTR:PassengerStopAssignment:95051" version="1">
              <ScheduledStopPointRef ref="VTR:ScheduledStopPoint:95051" version="1"/>
              <QuayRef ref="VTR:Quay:6788"/>
            </PassengerStopAssignment>
            <PassengerStopAssignment order="576900008" id="VTR:PassengerStopAssignment:95052" version="1">
              <ScheduledStopPointRef ref="VTR:ScheduledStopPoint:95052" version="1"/>
              <QuayRef ref="VTR:Quay:5541"/>
            </PassengerStopAssignment>
            <PassengerStopAssignment order="576900009" id="VTR:PassengerStopAssignment:95053" version="1">
              <ScheduledStopPointRef ref="VTR:ScheduledStopPoint:95053" version="1"/>
              <QuayRef ref="VTR:Quay:15574"/>
            </PassengerStopAssignment>
            <PassengerStopAssignment order="576900010" id="VTR:PassengerStopAssignment:95054" version="1">
              <ScheduledStopPointRef ref="VTR:ScheduledStopPoint:95054" version="1"/>
              <QuayRef ref="VTR:Quay:7619"/>
            </PassengerStopAssignment>
            <PassengerStopAssignment order="576900011" id="VTR:PassengerStopAssignment:95055" version="1">
              <ScheduledStopPointRef ref="VTR:ScheduledStopPoint:95055" version="1"/>
              <QuayRef ref="VTR:Quay:14629"/>
            </PassengerStopAssignment>
            <PassengerStopAssignment order="577000000" id="VTR:PassengerStopAssignment:95071" version="1">
              <ScheduledStopPointRef ref="VTR:ScheduledStopPoint:95071" version="1"/>
              <QuayRef ref="VTR:Quay:14629"/>
            </PassengerStopAssignment>
            <PassengerStopAssignment order="577000001" id="VTR:PassengerStopAssignment:95072" version="1">
              <ScheduledStopPointRef ref="VTR:ScheduledStopPoint:95072" version="1"/>
              <QuayRef ref="VTR:Quay:4667"/>
            </PassengerStopAssignment>
            <PassengerStopAssignment order="577000002" id="VTR:PassengerStopAssignment:95073" version="1">
              <ScheduledStopPointRef ref="VTR:ScheduledStopPoint:95073" version="1"/>
              <QuayRef ref="VTR:Quay:6604"/>
            </PassengerStopAssignment>
            <PassengerStopAssignment order="577000003" id="VTR:PassengerStopAssignment:95074" version="1">
              <ScheduledStopPointRef ref="VTR:ScheduledStopPoint:95074" version="1"/>
              <QuayRef ref="VTR:Quay:6624"/>
            </PassengerStopAssignment>
            <PassengerStopAssignment order="577000004" id="VTR:PassengerStopAssignment:95075" version="1">
              <ScheduledStopPointRef ref="VTR:ScheduledStopPoint:95075" version="1"/>
              <QuayRef ref="VTR:Quay:4617"/>
            </PassengerStopAssignment>
          </stopAssignments>
          <journeyPatterns>
            <JourneyPattern id="VTR:JourneyPattern:52279" version="52285">
              <Name>2</Name>
              <RouteRef ref="VTR:Route:5769" version="1"/>
              <pointsInSequence>
                <StopPointInJourneyPattern id="VTR:StopPointInJourneyPattern:1076138" version="52285" order="1">
                  <ScheduledStopPointRef ref="VTR:ScheduledStopPoint:94544"/>
                  <DestinationDisplayRef ref="VTR:DestinationDisplay:1"/>
                </StopPointInJourneyPattern>
                <StopPointInJourneyPattern id="VTR:StopPointInJourneyPattern:1076139" version="52285" order="2">
                  <ScheduledStopPointRef ref="VTR:ScheduledStopPoint:94545"/>
                  <DestinationDisplayRef ref="VTR:DestinationDisplay:1"/>
                </StopPointInJourneyPattern>
                <StopPointInJourneyPattern id="VTR:StopPointInJourneyPattern:1076140" version="52285" order="3">
                  <ScheduledStopPointRef ref="VTR:ScheduledStopPoint:94546"/>
                  <DestinationDisplayRef ref="VTR:DestinationDisplay:1"/>
                </StopPointInJourneyPattern>
                <StopPointInJourneyPattern id="VTR:StopPointInJourneyPattern:1076141" version="52285" order="4">
                  <ScheduledStopPointRef ref="VTR:ScheduledStopPoint:94547"/>
                  <DestinationDisplayRef ref="VTR:DestinationDisplay:1"/>
                </StopPointInJourneyPattern>
                <StopPointInJourneyPattern id="VTR:StopPointInJourneyPattern:1076142" version="52285" order="5">
                  <ScheduledStopPointRef ref="VTR:ScheduledStopPoint:94548"/>
                  <DestinationDisplayRef ref="VTR:DestinationDisplay:1"/>
                </StopPointInJourneyPattern>
                <StopPointInJourneyPattern id="VTR:StopPointInJourneyPattern:1076143" version="52285" order="6">
                  <ScheduledStopPointRef ref="VTR:ScheduledStopPoint:94549"/>
                  <DestinationDisplayRef ref="VTR:DestinationDisplay:1"/>
                </StopPointInJourneyPattern>
                <StopPointInJourneyPattern id="VTR:StopPointInJourneyPattern:1076144" version="52285" order="7">
                  <ScheduledStopPointRef ref="VTR:ScheduledStopPoint:95050"/>
                  <DestinationDisplayRef ref="VTR:DestinationDisplay:1"/>
                </StopPointInJourneyPattern>
                <StopPointInJourneyPattern id="VTR:StopPointInJourneyPattern:1076145" version="52285" order="8">
                  <ScheduledStopPointRef ref="VTR:ScheduledStopPoint:95051"/>
                  <DestinationDisplayRef ref="VTR:DestinationDisplay:1"/>
                </StopPointInJourneyPattern>
                <StopPointInJourneyPattern id="VTR:StopPointInJourneyPattern:1076146" version="52285" order="9">
                  <ScheduledStopPointRef ref="VTR:ScheduledStopPoint:95052"/>
                  <DestinationDisplayRef ref="VTR:DestinationDisplay:1"/>
                </StopPointInJourneyPattern>
                <StopPointInJourneyPattern id="VTR:StopPointInJourneyPattern:1076147" version="52285" order="10">
                  <ScheduledStopPointRef ref="VTR:ScheduledStopPoint:95053"/>
                  <DestinationDisplayRef ref="VTR:DestinationDisplay:1"/>
                </StopPointInJourneyPattern>
                <StopPointInJourneyPattern id="VTR:StopPointInJourneyPattern:1076148" version="52285" order="11">
                  <ScheduledStopPointRef ref="VTR:ScheduledStopPoint:95054"/>
                  <DestinationDisplayRef ref="VTR:DestinationDisplay:1"/>
                </StopPointInJourneyPattern>
                <StopPointInJourneyPattern id="VTR:StopPointInJourneyPattern:1076149" version="52285" order="12">
                  <ScheduledStopPointRef ref="VTR:ScheduledStopPoint:95055"/>
                  <DestinationDisplayRef ref="VTR:DestinationDisplay:1"/>
                </StopPointInJourneyPattern>
              </pointsInSequence>
            </JourneyPattern>
            <JourneyPattern id="VTR:JourneyPattern:52273" version="52279">
              <Name>1</Name>
              <RouteRef ref="VTR:Route:5394" version="1"/>
              <pointsInSequence>
                <StopPointInJourneyPattern id="VTR:StopPointInJourneyPattern:1076063" version="52279" order="1">
                  <ScheduledStopPointRef ref="VTR:ScheduledStopPoint:89740"/>
                  <DestinationDisplayRef ref="VTR:DestinationDisplay:1"/>
                </StopPointInJourneyPattern>
                <StopPointInJourneyPattern id="VTR:StopPointInJourneyPattern:1076064" version="52279" order="2">
                  <ScheduledStopPointRef ref="VTR:ScheduledStopPoint:89741"/>
                  <DestinationDisplayRef ref="VTR:DestinationDisplay:1"/>
                </StopPointInJourneyPattern>
                <StopPointInJourneyPattern id="VTR:StopPointInJourneyPattern:1076065" version="52279" order="3">
                  <ScheduledStopPointRef ref="VTR:ScheduledStopPoint:89742"/>
                  <DestinationDisplayRef ref="VTR:DestinationDisplay:1"/>
                </StopPointInJourneyPattern>
                <StopPointInJourneyPattern id="VTR:StopPointInJourneyPattern:1076066" version="52279" order="4">
                  <ScheduledStopPointRef ref="VTR:ScheduledStopPoint:89743"/>
                  <DestinationDisplayRef ref="VTR:DestinationDisplay:1"/>
                </StopPointInJourneyPattern>
                <StopPointInJourneyPattern id="VTR:StopPointInJourneyPattern:1076067" version="52279" order="5">
                  <ScheduledStopPointRef ref="VTR:ScheduledStopPoint:89744"/>
                  <DestinationDisplayRef ref="VTR:DestinationDisplay:1"/>
                </StopPointInJourneyPattern>
                <StopPointInJourneyPattern id="VTR:StopPointInJourneyPattern:1076068" version="52279" order="6">
                  <ScheduledStopPointRef ref="VTR:ScheduledStopPoint:89745"/>
                  <DestinationDisplayRef ref="VTR:DestinationDisplay:1"/>
                </StopPointInJourneyPattern>
                <StopPointInJourneyPattern id="VTR:StopPointInJourneyPattern:1076069" version="52279" order="7">
                  <ScheduledStopPointRef ref="VTR:ScheduledStopPoint:89746"/>
                  <DestinationDisplayRef ref="VTR:DestinationDisplay:1"/>
                </StopPointInJourneyPattern>
                <StopPointInJourneyPattern id="VTR:StopPointInJourneyPattern:1076070" version="52279" order="8">
                  <ScheduledStopPointRef ref="VTR:ScheduledStopPoint:89747"/>
                  <DestinationDisplayRef ref="VTR:DestinationDisplay:1"/>
                </StopPointInJourneyPattern>
                <StopPointInJourneyPattern id="VTR:StopPointInJourneyPattern:1076071" version="52279" order="9">
                  <ScheduledStopPointRef ref="VTR:ScheduledStopPoint:89748"/>
                  <DestinationDisplayRef ref="VTR:DestinationDisplay:1"/>
                </StopPointInJourneyPattern>
                <StopPointInJourneyPattern id="VTR:StopPointInJourneyPattern:1076072" version="52279" order="10">
                  <ScheduledStopPointRef ref="VTR:ScheduledStopPoint:89749"/>
                  <DestinationDisplayRef ref="VTR:DestinationDisplay:1"/>
                </StopPointInJourneyPattern>
                <StopPointInJourneyPattern id="VTR:StopPointInJourneyPattern:1076073" version="52279" order="11">
                  <ScheduledStopPointRef ref="VTR:ScheduledStopPoint:89750"/>
                  <DestinationDisplayRef ref="VTR:DestinationDisplay:1"/>
                </StopPointInJourneyPattern>
                <StopPointInJourneyPattern id="VTR:StopPointInJourneyPattern:1076074" version="52279" order="12">
                  <ScheduledStopPointRef ref="VTR:ScheduledStopPoint:89751"/>
                  <DestinationDisplayRef ref="VTR:DestinationDisplay:1"/>
                </StopPointInJourneyPattern>
                <StopPointInJourneyPattern id="VTR:StopPointInJourneyPattern:1076075" version="52279" order="13">
                  <ScheduledStopPointRef ref="VTR:ScheduledStopPoint:89752"/>
                  <DestinationDisplayRef ref="VTR:DestinationDisplay:1"/>
                </StopPointInJourneyPattern>
                <StopPointInJourneyPattern id="VTR:StopPointInJourneyPattern:1076076" version="52279" order="14">
                  <ScheduledStopPointRef ref="VTR:ScheduledStopPoint:89753"/>
                  <DestinationDisplayRef ref="VTR:DestinationDisplay:1"/>
                </StopPointInJourneyPattern>
                <StopPointInJourneyPattern id="VTR:StopPointInJourneyPattern:1076077" version="52279" order="15">
                  <ScheduledStopPointRef ref="VTR:ScheduledStopPoint:89754"/>
                  <DestinationDisplayRef ref="VTR:DestinationDisplay:1"/>
                </StopPointInJourneyPattern>
                <StopPointInJourneyPattern id="VTR:StopPointInJourneyPattern:1076078" version="52279" order="16">
                  <ScheduledStopPointRef ref="VTR:ScheduledStopPoint:89755"/>
                  <DestinationDisplayRef ref="VTR:DestinationDisplay:1"/>
                </StopPointInJourneyPattern>
              </pointsInSequence>
            </JourneyPattern>
            <JourneyPattern id="VTR:JourneyPattern:52281" version="52287">
              <Name>3</Name>
              <RouteRef ref="VTR:Route:5770" version="1"/>
              <pointsInSequence>
                <StopPointInJourneyPattern id="VTR:StopPointInJourneyPattern:1076171" version="52287" order="1">
                  <ScheduledStopPointRef ref="VTR:ScheduledStopPoint:95071"/>
                  <DestinationDisplayRef ref="VTR:DestinationDisplay:1"/>
                </StopPointInJourneyPattern>
                <StopPointInJourneyPattern id="VTR:StopPointInJourneyPattern:1076172" version="52287" order="2">
                  <ScheduledStopPointRef ref="VTR:ScheduledStopPoint:95072"/>
                  <DestinationDisplayRef ref="VTR:DestinationDisplay:1"/>
                </StopPointInJourneyPattern>
                <StopPointInJourneyPattern id="VTR:StopPointInJourneyPattern:1076173" version="52287" order="3">
                  <ScheduledStopPointRef ref="VTR:ScheduledStopPoint:95073"/>
                  <DestinationDisplayRef ref="VTR:DestinationDisplay:1"/>
                </StopPointInJourneyPattern>
                <StopPointInJourneyPattern id="VTR:StopPointInJourneyPattern:1076174" version="52287" order="4">
                  <ScheduledStopPointRef ref="VTR:ScheduledStopPoint:95074"/>
                  <DestinationDisplayRef ref="VTR:DestinationDisplay:1"/>
                </StopPointInJourneyPattern>
                <StopPointInJourneyPattern id="VTR:StopPointInJourneyPattern:1076175" version="52287" order="5">
                  <ScheduledStopPointRef ref="VTR:ScheduledStopPoint:95075"/>
                  <DestinationDisplayRef ref="VTR:DestinationDisplay:1"/>
                </StopPointInJourneyPattern>
              </pointsInSequence>
            </JourneyPattern>
          </journeyPatterns>
        </ServiceFrame>
        <TimetableFrame version="1" id="VTR:TimetableFrame:1396">
          <vehicleJourneys>
            <ServiceJourney version="52279" id="VTR:ServiceJourney:52273">
              <Name>Žvirgždaičiai-Kaunas per Griškabūdį</Name>
              <PrivateCode>1</PrivateCode>
              <dayTypes>
                <DayTypeRef ref="VTR:DayType:1751"/>
              </dayTypes>
              <JourneyPatternRef version="52279" ref="VTR:JourneyPattern:52273"/>
              <OperatorRef ref="VTR:Operator:519"/>
              <LineRef ref="VTR:Line:2137" version="2162"/>
              <passingTimes>
                <TimetabledPassingTime version="52279" id="VTR:TimetabledPassingTime:52273_1076063_1">
                  <StopPointInJourneyPatternRef ref="VTR:StopPointInJourneyPattern:1076063" version="52279"/>
                  <DepartureTime>15:22:00</DepartureTime>
                  <DepartureDayOffset>0</DepartureDayOffset>
                </TimetabledPassingTime>
                <TimetabledPassingTime version="52279" id="VTR:TimetabledPassingTime:52273_1076064_2">
                  <StopPointInJourneyPatternRef ref="VTR:StopPointInJourneyPattern:1076064" version="52279"/>
                  <DepartureTime>15:28:00</DepartureTime>
                  <DepartureDayOffset>0</DepartureDayOffset>
                </TimetabledPassingTime>
                <TimetabledPassingTime version="52279" id="VTR:TimetabledPassingTime:52273_1076065_3">
                  <StopPointInJourneyPatternRef ref="VTR:StopPointInJourneyPattern:1076065" version="52279"/>
                  <DepartureTime>15:34:00</DepartureTime>
                  <DepartureDayOffset>0</DepartureDayOffset>
                </TimetabledPassingTime>
                <TimetabledPassingTime version="52279" id="VTR:TimetabledPassingTime:52273_1076066_4">
                  <StopPointInJourneyPatternRef ref="VTR:StopPointInJourneyPattern:1076066" version="52279"/>
                  <DepartureTime>15:40:00</DepartureTime>
                  <DepartureDayOffset>0</DepartureDayOffset>
                </TimetabledPassingTime>
                <TimetabledPassingTime version="52279" id="VTR:TimetabledPassingTime:52273_1076067_5">
                  <StopPointInJourneyPatternRef ref="VTR:StopPointInJourneyPattern:1076067" version="52279"/>
                  <DepartureTime>15:46:00</DepartureTime>
                  <DepartureDayOffset>0</DepartureDayOffset>
                </TimetabledPassingTime>
                <TimetabledPassingTime version="52279" id="VTR:TimetabledPassingTime:52273_1076068_6">
                  <StopPointInJourneyPatternRef ref="VTR:StopPointInJourneyPattern:1076068" version="52279"/>
                  <DepartureTime>15:50:00</DepartureTime>
                  <DepartureDayOffset>0</DepartureDayOffset>
                </TimetabledPassingTime>
                <TimetabledPassingTime version="52279" id="VTR:TimetabledPassingTime:52273_1076069_7">
                  <StopPointInJourneyPatternRef ref="VTR:StopPointInJourneyPattern:1076069" version="52279"/>
                  <DepartureTime>15:54:00</DepartureTime>
                  <DepartureDayOffset>0</DepartureDayOffset>
                </TimetabledPassingTime>
                <TimetabledPassingTime version="52279" id="VTR:TimetabledPassingTime:52273_1076070_8">
                  <StopPointInJourneyPatternRef ref="VTR:StopPointInJourneyPattern:1076070" version="52279"/>
                  <DepartureTime>16:00:00</DepartureTime>
                  <DepartureDayOffset>0</DepartureDayOffset>
                </TimetabledPassingTime>
                <TimetabledPassingTime version="52279" id="VTR:TimetabledPassingTime:52273_1076071_9">
                  <StopPointInJourneyPatternRef ref="VTR:StopPointInJourneyPattern:1076071" version="52279"/>
                  <DepartureTime>16:04:00</DepartureTime>
                  <DepartureDayOffset>0</DepartureDayOffset>
                </TimetabledPassingTime>
                <TimetabledPassingTime version="52279" id="VTR:TimetabledPassingTime:52273_1076072_10">
                  <StopPointInJourneyPatternRef ref="VTR:StopPointInJourneyPattern:1076072" version="52279"/>
                  <DepartureTime>16:14:00</DepartureTime>
                  <DepartureDayOffset>0</DepartureDayOffset>
                </TimetabledPassingTime>
                <TimetabledPassingTime version="52279" id="VTR:TimetabledPassingTime:52273_1076073_11">
                  <StopPointInJourneyPatternRef ref="VTR:StopPointInJourneyPattern:1076073" version="52279"/>
                  <DepartureTime>16:24:00</DepartureTime>
                  <DepartureDayOffset>0</DepartureDayOffset>
                </TimetabledPassingTime>
                <TimetabledPassingTime version="52279" id="VTR:TimetabledPassingTime:52273_1076074_12">
                  <StopPointInJourneyPatternRef ref="VTR:StopPointInJourneyPattern:1076074" version="52279"/>
                  <DepartureTime>16:32:00</DepartureTime>
                  <DepartureDayOffset>0</DepartureDayOffset>
                </TimetabledPassingTime>
                <TimetabledPassingTime version="52279" id="VTR:TimetabledPassingTime:52273_1076075_13">
                  <StopPointInJourneyPatternRef ref="VTR:StopPointInJourneyPattern:1076075" version="52279"/>
                  <DepartureTime>16:37:00</DepartureTime>
                  <DepartureDayOffset>0</DepartureDayOffset>
                </TimetabledPassingTime>
                <TimetabledPassingTime version="52279" id="VTR:TimetabledPassingTime:52273_1076076_14">
                  <StopPointInJourneyPatternRef ref="VTR:StopPointInJourneyPattern:1076076" version="52279"/>
                  <DepartureTime>16:42:00</DepartureTime>
                  <DepartureDayOffset>0</DepartureDayOffset>
                </TimetabledPassingTime>
                <TimetabledPassingTime version="52279" id="VTR:TimetabledPassingTime:52273_1076077_15">
                  <StopPointInJourneyPatternRef ref="VTR:StopPointInJourneyPattern:1076077" version="52279"/>
                  <DepartureTime>17:00:00</DepartureTime>
                  <DepartureDayOffset>0</DepartureDayOffset>
                </TimetabledPassingTime>
                <TimetabledPassingTime version="52279" id="VTR:TimetabledPassingTime:52273_1076078_16">
                  <StopPointInJourneyPatternRef ref="VTR:StopPointInJourneyPattern:1076078" version="52279"/>
                  <DepartureTime>17:15:00</DepartureTime>
                  <DepartureDayOffset>0</DepartureDayOffset>
                </TimetabledPassingTime>
              </passingTimes>
            </ServiceJourney>
            <ServiceJourney version="52285" id="VTR:ServiceJourney:52279">
              <Name>Kaunas-Griškabūdis</Name>
              <PrivateCode>2</PrivateCode>
              <dayTypes>
                <DayTypeRef ref="VTR:DayType:1751"/>
              </dayTypes>
              <JourneyPatternRef version="52285" ref="VTR:JourneyPattern:52279"/>
              <OperatorRef ref="VTR:Operator:519"/>
              <LineRef ref="VTR:Line:2137" version="2162"/>
              <passingTimes>
                <TimetabledPassingTime version="52285" id="VTR:TimetabledPassingTime:52279_1076138_1">
                  <StopPointInJourneyPatternRef ref="VTR:StopPointInJourneyPattern:1076138" version="52285"/>
                  <DepartureTime>17:35:00</DepartureTime>
                  <DepartureDayOffset>0</DepartureDayOffset>
                </TimetabledPassingTime>
                <TimetabledPassingTime version="52285" id="VTR:TimetabledPassingTime:52279_1076139_2">
                  <StopPointInJourneyPatternRef ref="VTR:StopPointInJourneyPattern:1076139" version="52285"/>
                  <DepartureTime>17:50:00</DepartureTime>
                  <DepartureDayOffset>0</DepartureDayOffset>
                </TimetabledPassingTime>
                <TimetabledPassingTime version="52285" id="VTR:TimetabledPassingTime:52279_1076140_3">
                  <StopPointInJourneyPatternRef ref="VTR:StopPointInJourneyPattern:1076140" version="52285"/>
                  <DepartureTime>18:08:00</DepartureTime>
                  <DepartureDayOffset>0</DepartureDayOffset>
                </TimetabledPassingTime>
                <TimetabledPassingTime version="52285" id="VTR:TimetabledPassingTime:52279_1076141_4">
                  <StopPointInJourneyPatternRef ref="VTR:StopPointInJourneyPattern:1076141" version="52285"/>
                  <DepartureTime>18:13:00</DepartureTime>
                  <DepartureDayOffset>0</DepartureDayOffset>
                </TimetabledPassingTime>
                <TimetabledPassingTime version="52285" id="VTR:TimetabledPassingTime:52279_1076142_5">
                  <StopPointInJourneyPatternRef ref="VTR:StopPointInJourneyPattern:1076142" version="52285"/>
                  <DepartureTime>18:18:00</DepartureTime>
                  <DepartureDayOffset>0</DepartureDayOffset>
                </TimetabledPassingTime>
                <TimetabledPassingTime version="52285" id="VTR:TimetabledPassingTime:52279_1076143_6">
                  <StopPointInJourneyPatternRef ref="VTR:StopPointInJourneyPattern:1076143" version="52285"/>
                  <DepartureTime>18:26:00</DepartureTime>
                  <DepartureDayOffset>0</DepartureDayOffset>
                </TimetabledPassingTime>
                <TimetabledPassingTime version="52285" id="VTR:TimetabledPassingTime:52279_1076144_7">
                  <StopPointInJourneyPatternRef ref="VTR:StopPointInJourneyPattern:1076144" version="52285"/>
                  <DepartureTime>18:36:00</DepartureTime>
                  <DepartureDayOffset>0</DepartureDayOffset>
                </TimetabledPassingTime>
                <TimetabledPassingTime version="52285" id="VTR:TimetabledPassingTime:52279_1076145_8">
                  <StopPointInJourneyPatternRef ref="VTR:StopPointInJourneyPattern:1076145" version="52285"/>
                  <DepartureTime>18:46:00</DepartureTime>
                  <DepartureDayOffset>0</DepartureDayOffset>
                </TimetabledPassingTime>
                <TimetabledPassingTime version="52285" id="VTR:TimetabledPassingTime:52279_1076146_9">
                  <StopPointInJourneyPatternRef ref="VTR:StopPointInJourneyPattern:1076146" version="52285"/>
                  <DepartureTime>18:50:00</DepartureTime>
                  <DepartureDayOffset>0</DepartureDayOffset>
                </TimetabledPassingTime>
                <TimetabledPassingTime version="52285" id="VTR:TimetabledPassingTime:52279_1076147_10">
                  <StopPointInJourneyPatternRef ref="VTR:StopPointInJourneyPattern:1076147" version="52285"/>
                  <DepartureTime>18:56:00</DepartureTime>
                  <DepartureDayOffset>0</DepartureDayOffset>
                </TimetabledPassingTime>
                <TimetabledPassingTime version="52285" id="VTR:TimetabledPassingTime:52279_1076148_11">
                  <StopPointInJourneyPatternRef ref="VTR:StopPointInJourneyPattern:1076148" version="52285"/>
                  <DepartureTime>19:00:00</DepartureTime>
                  <DepartureDayOffset>0</DepartureDayOffset>
                </TimetabledPassingTime>
                <TimetabledPassingTime version="52285" id="VTR:TimetabledPassingTime:52279_1076149_12">
                  <StopPointInJourneyPatternRef ref="VTR:StopPointInJourneyPattern:1076149" version="52285"/>
                  <DepartureTime>19:04:00</DepartureTime>
                  <DepartureDayOffset>0</DepartureDayOffset>
                </TimetabledPassingTime>
              </passingTimes>
            </ServiceJourney>
            <ServiceJourney version="52287" id="VTR:ServiceJourney:52281">
              <Name>Griškabūdis-Žvirgždaičiai</Name>
              <PrivateCode>3</PrivateCode>
              <dayTypes>
                <DayTypeRef ref="VTR:DayType:1751"/>
              </dayTypes>
              <JourneyPatternRef version="52287" ref="VTR:JourneyPattern:52281"/>
              <OperatorRef ref="VTR:Operator:519"/>
              <LineRef ref="VTR:Line:2137" version="2162"/>
              <passingTimes>
                <TimetabledPassingTime version="52287" id="VTR:TimetabledPassingTime:52281_1076171_1">
                  <StopPointInJourneyPatternRef ref="VTR:StopPointInJourneyPattern:1076171" version="52287"/>
                  <DepartureTime>15:00:00</DepartureTime>
                  <DepartureDayOffset>0</DepartureDayOffset>
                </TimetabledPassingTime>
                <TimetabledPassingTime version="52287" id="VTR:TimetabledPassingTime:52281_1076172_2">
                  <StopPointInJourneyPatternRef ref="VTR:StopPointInJourneyPattern:1076172" version="52287"/>
                  <DepartureTime>15:06:00</DepartureTime>
                  <DepartureDayOffset>0</DepartureDayOffset>
                </TimetabledPassingTime>
                <TimetabledPassingTime version="52287" id="VTR:TimetabledPassingTime:52281_1076173_3">
                  <StopPointInJourneyPatternRef ref="VTR:StopPointInJourneyPattern:1076173" version="52287"/>
                  <DepartureTime>15:10:00</DepartureTime>
                  <DepartureDayOffset>0</DepartureDayOffset>
                </TimetabledPassingTime>
                <TimetabledPassingTime version="52287" id="VTR:TimetabledPassingTime:52281_1076174_4">
                  <StopPointInJourneyPatternRef ref="VTR:StopPointInJourneyPattern:1076174" version="52287"/>
                  <DepartureTime>15:15:00</DepartureTime>
                  <DepartureDayOffset>0</DepartureDayOffset>
                </TimetabledPassingTime>
                <TimetabledPassingTime version="52287" id="VTR:TimetabledPassingTime:52281_1076175_5">
                  <StopPointInJourneyPatternRef ref="VTR:StopPointInJourneyPattern:1076175" version="52287"/>
                  <DepartureTime>15:20:00</DepartureTime>
                  <DepartureDayOffset>0</DepartureDayOffset>
                </TimetabledPassingTime>
              </passingTimes>
            </ServiceJourney>
          </vehicleJourneys>
        </TimetableFrame>
        <ResourceFrame version="1" id="VTR:ResourceFrame:1396">
          <organisations>
            <Authority version="1" id="VTR:Authority:35">
              <CompanyNumber>84</CompanyNumber>
              <Name>Šakių r. sav.</Name>
              <LegalName>Šakių r. sav.</LegalName>
              <ContactDetails>
                <Email>savivaldybe@sakiai.lt</Email>
                <Phone>+37034566120</Phone>
                <Url>www.sakiai.lt</Url>
              </ContactDetails>
              <OrganisationType>authority</OrganisationType>
            </Authority>
          </organisations>
        </ResourceFrame>
      </frames>
    </CompositeFrame>
  </dataObjects>
</PublicationDelivery>
