<?xml version="1.0" encoding="UTF-8"?><PublicationDelivery xmlns="http://www.netex.org.uk/netex" xmlns:gis="http://www.opengis.net/gml/3.2" xmlns:ns2="http://www.opengis.net/gml/3.2" xmlns:ns3="http://www.siri.org.uk/siri" xmlns:xsi="http://www.w3.org/2001/XMLSchema-instance" version="1" xsi:schemaLocation="">
  <PublicationTimestamp>2022-05-07T04:40:00.241</PublicationTimestamp>
  <ParticipantRef>VTR</ParticipantRef>
  <Description>1</Description>
  <dataObjects>
    <CompositeFrame created="2022-05-07T04:40:00.241" version="1" id="VTR:CompositeFrame:1396">
      <validityConditions>
        <AvailabilityCondition version="1" id="VTR:AvailabilityCondition:1396">
          <FromDate>2015-09-14T17:57:41</FromDate>
          <ToDate>2027-12-30T00:00:00</ToDate>
        </AvailabilityCondition>
      </validityConditions>
      <codespaces>
        <Codespace id="vtr">
          <Xmlns>VTR</Xmlns>
          <XmlnsUrl>http://www.visimarsrutai.lt/</XmlnsUrl>
        </Codespace>
      </codespaces>
      <FrameDefaults>
        <DefaultLocale>
          <TimeZone>Europe/Vilnius</TimeZone>
        </DefaultLocale>
        <DefaultLocationSystem>WGS84</DefaultLocationSystem>
      </FrameDefaults>
      <frames>
        <ServiceCalendarFrame version="1" id="VTR:ServiceCalendarFrame:1396">
          <dayTypes>
            <DayType id="VTR:DayType:1721" version="1">
              <properties>
                <PropertyOfDay>
                  <DaysOfWeek>Monday Tuesday Wednesday Thursday Friday</DaysOfWeek>
                </PropertyOfDay>
              </properties>
            </DayType>
          </dayTypes>
          <operatingPeriods>
            <OperatingPeriod version="1" id="VTR:OperatingPeriod:1721">
              <FromDate>2015-09-01T00:00:00</FromDate>
              <ToDate>2020-04-01T00:00:00</ToDate>
            </OperatingPeriod>
          </operatingPeriods>
          <dayTypeAssignments>
            <DayTypeAssignment id="VTR:DayTypeAssignment:1721_0" version="1" order="1661">
              <OperatingPeriodRef ref="VTR:OperatingPeriod:1721" version="1"/>
              <DayTypeRef ref="VTR:DayType:1721" version="1"/>
            </DayTypeAssignment>
          </dayTypeAssignments>
        </ServiceCalendarFrame>
        <ServiceFrame id="VTR:ServiceFrame:1396" version="1">
          <Network version="0" id="VTR:Network:35"/>
          <routePoints>
            <RoutePoint version="1" id="VTR:RoutePoint:90640">
              <projections>
                <PointProjection version="1" id="VTR:PointProjection:29749">
                  <ProjectedPointRef ref="VTR:ScheduledStopPoint:90640" version="1"/>
                </PointProjection>
              </projections>
            </RoutePoint>
            <RoutePoint version="1" id="VTR:RoutePoint:90641">
              <projections>
                <PointProjection version="1" id="VTR:PointProjection:29738">
                  <ProjectedPointRef ref="VTR:ScheduledStopPoint:90641" version="1"/>
                </PointProjection>
              </projections>
            </RoutePoint>
            <RoutePoint version="1" id="VTR:RoutePoint:90642">
              <projections>
                <PointProjection version="1" id="VTR:PointProjection:29739">
                  <ProjectedPointRef ref="VTR:ScheduledStopPoint:90642" version="1"/>
                </PointProjection>
              </projections>
            </RoutePoint>
            <RoutePoint version="1" id="VTR:RoutePoint:90643">
              <projections>
                <PointProjection version="1" id="VTR:PointProjection:29740">
                  <ProjectedPointRef ref="VTR:ScheduledStopPoint:90643" version="1"/>
                </PointProjection>
              </projections>
            </RoutePoint>
            <RoutePoint version="1" id="VTR:RoutePoint:98112">
              <projections>
                <PointProjection version="1" id="VTR:PointProjection:30178">
                  <ProjectedPointRef ref="VTR:ScheduledStopPoint:98112" version="1"/>
                </PointProjection>
              </projections>
            </RoutePoint>
            <RoutePoint version="1" id="VTR:RoutePoint:98113">
              <projections>
                <PointProjection version="1" id="VTR:PointProjection:30179">
                  <ProjectedPointRef ref="VTR:ScheduledStopPoint:98113" version="1"/>
                </PointProjection>
              </projections>
            </RoutePoint>
            <RoutePoint version="1" id="VTR:RoutePoint:98114">
              <projections>
                <PointProjection version="1" id="VTR:PointProjection:30180">
                  <ProjectedPointRef ref="VTR:ScheduledStopPoint:98114" version="1"/>
                </PointProjection>
              </projections>
            </RoutePoint>
            <RoutePoint version="1" id="VTR:RoutePoint:98115">
              <projections>
                <PointProjection version="1" id="VTR:PointProjection:30181">
                  <ProjectedPointRef ref="VTR:ScheduledStopPoint:98115" version="1"/>
                </PointProjection>
              </projections>
            </RoutePoint>
          </routePoints>
          <routes>
            <Route version="1" id="VTR:Route:5926">
              <Name>Pranskabūdis -Degutinė</Name>
              <ShortName>Pranskabūdis -Degutinė</ShortName>
              <LineRef ref="VTR:Line:2206" version="2232"/>
              <DirectionType>inbound</DirectionType>
              <pointsInSequence>
                <PointOnRoute version="1" id="VTR:PointOnRoute:98112" order="1">
                  <RoutePointRef ref="VTR:RoutePoint:98112"/>
                </PointOnRoute>
                <PointOnRoute version="1" id="VTR:PointOnRoute:98113" order="2">
                  <RoutePointRef ref="VTR:RoutePoint:98113"/>
                </PointOnRoute>
                <PointOnRoute version="1" id="VTR:PointOnRoute:98114" order="3">
                  <RoutePointRef ref="VTR:RoutePoint:98114"/>
                </PointOnRoute>
                <PointOnRoute version="1" id="VTR:PointOnRoute:98115" order="4">
                  <RoutePointRef ref="VTR:RoutePoint:98115"/>
                </PointOnRoute>
              </pointsInSequence>
            </Route>
            <Route version="1" id="VTR:Route:5548">
              <Name>Griškabūdis-Pranskabūdis</Name>
              <ShortName>Griškabūdis-Pranskabūdis</ShortName>
              <LineRef ref="VTR:Line:2206" version="2232"/>
              <DirectionType>outbound</DirectionType>
              <pointsInSequence>
                <PointOnRoute version="1" id="VTR:PointOnRoute:90640" order="1">
                  <RoutePointRef ref="VTR:RoutePoint:90640"/>
                </PointOnRoute>
                <PointOnRoute version="1" id="VTR:PointOnRoute:90641" order="2">
                  <RoutePointRef ref="VTR:RoutePoint:90641"/>
                </PointOnRoute>
                <PointOnRoute version="1" id="VTR:PointOnRoute:90642" order="3">
                  <RoutePointRef ref="VTR:RoutePoint:90642"/>
                </PointOnRoute>
                <PointOnRoute version="1" id="VTR:PointOnRoute:90643" order="4">
                  <RoutePointRef ref="VTR:RoutePoint:90643"/>
                </PointOnRoute>
              </pointsInSequence>
            </Route>
          </routes>
          <lines>
            <Line version="2232" id="VTR:Line:2206">
              <Name>Griškabūdis-Pranskabūdis</Name>
              <TransportMode>bus</TransportMode>
              <TransportSubmode>
                <BusSubmode>regionalBus</BusSubmode>
              </TransportSubmode>
              <PublicCode>M-69/1</PublicCode>
              <OperatorRef ref="VTR:Operator:35"/>
            </Line>
          </lines>
          <scheduledStopPoints>
            <ScheduledStopPoint version="1" id="VTR:ScheduledStopPoint:90640">
              <Name>Griškabūdis</Name>
            </ScheduledStopPoint>
            <ScheduledStopPoint version="1" id="VTR:ScheduledStopPoint:90641">
              <Name>Galiniai</Name>
            </ScheduledStopPoint>
            <ScheduledStopPoint version="1" id="VTR:ScheduledStopPoint:90642">
              <Name>Degutinė</Name>
            </ScheduledStopPoint>
            <ScheduledStopPoint version="1" id="VTR:ScheduledStopPoint:90643">
              <Name>Pranskabūdis</Name>
            </ScheduledStopPoint>
            <ScheduledStopPoint version="1" id="VTR:ScheduledStopPoint:98112">
              <Name>Pranskabūdis</Name>
            </ScheduledStopPoint>
            <ScheduledStopPoint version="1" id="VTR:ScheduledStopPoint:98113">
              <Name>Degutinė</Name>
            </ScheduledStopPoint>
            <ScheduledStopPoint version="1" id="VTR:ScheduledStopPoint:98114">
              <Name>Galiniai</Name>
            </ScheduledStopPoint>
            <ScheduledStopPoint version="1" id="VTR:ScheduledStopPoint:98115">
              <Name>Griškabūdis</Name>
            </ScheduledStopPoint>
          </scheduledStopPoints>
          <serviceLinks>
            <ServiceLink id="VTR:ServiceLink:90640_1_90641_1" version="1">
              <Distance>3</Distance>
              <FromPointRef ref="VTR:ScheduledStopPoint:90640" version="1"/>
              <ToPointRef ref="VTR:ScheduledStopPoint:90641" version="1"/>
            </ServiceLink>
            <ServiceLink id="VTR:ServiceLink:90641_1_90642_1" version="1">
              <Distance>2</Distance>
              <FromPointRef ref="VTR:ScheduledStopPoint:90641" version="1"/>
              <ToPointRef ref="VTR:ScheduledStopPoint:90642" version="1"/>
            </ServiceLink>
            <ServiceLink id="VTR:ServiceLink:90642_1_90643_1" version="1">
              <Distance>1</Distance>
              <FromPointRef ref="VTR:ScheduledStopPoint:90642" version="1"/>
              <ToPointRef ref="VTR:ScheduledStopPoint:90643" version="1"/>
            </ServiceLink>
            <ServiceLink id="VTR:ServiceLink:98112_1_98113_1" version="1">
              <Distance>1</Distance>
              <FromPointRef ref="VTR:ScheduledStopPoint:98112" version="1"/>
              <ToPointRef ref="VTR:ScheduledStopPoint:98113" version="1"/>
            </ServiceLink>
            <ServiceLink id="VTR:ServiceLink:98113_1_98114_1" version="1">
              <Distance>2</Distance>
              <FromPointRef ref="VTR:ScheduledStopPoint:98113" version="1"/>
              <ToPointRef ref="VTR:ScheduledStopPoint:98114" version="1"/>
            </ServiceLink>
            <ServiceLink id="VTR:ServiceLink:98114_1_98115_1" version="1">
              <Distance>3</Distance>
              <FromPointRef ref="VTR:ScheduledStopPoint:98114" version="1"/>
              <ToPointRef ref="VTR:ScheduledStopPoint:98115" version="1"/>
            </ServiceLink>
          </serviceLinks>
          <stopAssignments>
            <PassengerStopAssignment order="554800000" id="VTR:PassengerStopAssignment:90640" version="1">
              <ScheduledStopPointRef ref="VTR:ScheduledStopPoint:90640" version="1"/>
              <QuayRef ref="VTR:Quay:7595"/>
            </PassengerStopAssignment>
            <PassengerStopAssignment order="554800001" id="VTR:PassengerStopAssignment:90641" version="1">
              <ScheduledStopPointRef ref="VTR:ScheduledStopPoint:90641" version="1"/>
              <QuayRef ref="VTR:Quay:4667"/>
            </PassengerStopAssignment>
            <PassengerStopAssignment order="554800002" id="VTR:PassengerStopAssignment:90642" version="1">
              <ScheduledStopPointRef ref="VTR:ScheduledStopPoint:90642" version="1"/>
              <QuayRef ref="VTR:Quay:6604"/>
            </PassengerStopAssignment>
            <PassengerStopAssignment order="554800003" id="VTR:PassengerStopAssignment:90643" version="1">
              <ScheduledStopPointRef ref="VTR:ScheduledStopPoint:90643" version="1"/>
              <QuayRef ref="VTR:Quay:6624"/>
            </PassengerStopAssignment>
            <PassengerStopAssignment order="592600000" id="VTR:PassengerStopAssignment:98112" version="1">
              <ScheduledStopPointRef ref="VTR:ScheduledStopPoint:98112" version="1"/>
              <QuayRef ref="VTR:Quay:10577"/>
            </PassengerStopAssignment>
            <PassengerStopAssignment order="592600001" id="VTR:PassengerStopAssignment:98113" version="1">
              <ScheduledStopPointRef ref="VTR:ScheduledStopPoint:98113" version="1"/>
              <QuayRef ref="VTR:Quay:15175"/>
            </PassengerStopAssignment>
            <PassengerStopAssignment order="592600002" id="VTR:PassengerStopAssignment:98114" version="1">
              <ScheduledStopPointRef ref="VTR:ScheduledStopPoint:98114" version="1"/>
              <QuayRef ref="VTR:Quay:14831"/>
            </PassengerStopAssignment>
            <PassengerStopAssignment order="592600003" id="VTR:PassengerStopAssignment:98115" version="1">
              <ScheduledStopPointRef ref="VTR:ScheduledStopPoint:98115" version="1"/>
              <QuayRef ref="VTR:Quay:14629"/>
            </PassengerStopAssignment>
          </stopAssignments>
          <journeyPatterns>
            <JourneyPattern id="VTR:JourneyPattern:52621" version="52631">
              <Name>1</Name>
              <RouteRef ref="VTR:Route:5548" version="1"/>
              <pointsInSequence>
                <StopPointInJourneyPattern id="VTR:StopPointInJourneyPattern:1081451" version="52631" order="1">
                  <ScheduledStopPointRef ref="VTR:ScheduledStopPoint:90640"/>
                  <DestinationDisplayRef ref="VTR:DestinationDisplay:1"/>
                </StopPointInJourneyPattern>
                <StopPointInJourneyPattern id="VTR:StopPointInJourneyPattern:1081452" version="52631" order="2">
                  <ScheduledStopPointRef ref="VTR:ScheduledStopPoint:90641"/>
                  <DestinationDisplayRef ref="VTR:DestinationDisplay:1"/>
                </StopPointInJourneyPattern>
                <StopPointInJourneyPattern id="VTR:StopPointInJourneyPattern:1081453" version="52631" order="3">
                  <ScheduledStopPointRef ref="VTR:ScheduledStopPoint:90642"/>
                  <DestinationDisplayRef ref="VTR:DestinationDisplay:1"/>
                </StopPointInJourneyPattern>
                <StopPointInJourneyPattern id="VTR:StopPointInJourneyPattern:1081454" version="52631" order="4">
                  <ScheduledStopPointRef ref="VTR:ScheduledStopPoint:90643"/>
                  <DestinationDisplayRef ref="VTR:DestinationDisplay:1"/>
                </StopPointInJourneyPattern>
              </pointsInSequence>
            </JourneyPattern>
            <JourneyPattern id="VTR:JourneyPattern:52622" version="52632">
              <Name>2</Name>
              <RouteRef ref="VTR:Route:5926" version="1"/>
              <pointsInSequence>
                <StopPointInJourneyPattern id="VTR:StopPointInJourneyPattern:1081459" version="52632" order="1">
                  <ScheduledStopPointRef ref="VTR:ScheduledStopPoint:98112"/>
                  <DestinationDisplayRef ref="VTR:DestinationDisplay:1"/>
                </StopPointInJourneyPattern>
                <StopPointInJourneyPattern id="VTR:StopPointInJourneyPattern:1081460" version="52632" order="2">
                  <ScheduledStopPointRef ref="VTR:ScheduledStopPoint:98113"/>
                  <DestinationDisplayRef ref="VTR:DestinationDisplay:1"/>
                </StopPointInJourneyPattern>
                <StopPointInJourneyPattern id="VTR:StopPointInJourneyPattern:1081461" version="52632" order="3">
                  <ScheduledStopPointRef ref="VTR:ScheduledStopPoint:98114"/>
                  <DestinationDisplayRef ref="VTR:DestinationDisplay:1"/>
                </StopPointInJourneyPattern>
                <StopPointInJourneyPattern id="VTR:StopPointInJourneyPattern:1081462" version="52632" order="4">
                  <ScheduledStopPointRef ref="VTR:ScheduledStopPoint:98115"/>
                  <DestinationDisplayRef ref="VTR:DestinationDisplay:1"/>
                </StopPointInJourneyPattern>
              </pointsInSequence>
            </JourneyPattern>
          </journeyPatterns>
        </ServiceFrame>
        <TimetableFrame version="1" id="VTR:TimetableFrame:1396">
          <vehicleJourneys>
            <ServiceJourney version="52631" id="VTR:ServiceJourney:52621">
              <Name>Griškabūdis-Pranskabūdis</Name>
              <PrivateCode>1</PrivateCode>
              <dayTypes>
                <DayTypeRef ref="VTR:DayType:1721"/>
              </dayTypes>
              <JourneyPatternRef version="52631" ref="VTR:JourneyPattern:52621"/>
              <OperatorRef ref="VTR:Operator:519"/>
              <LineRef ref="VTR:Line:2206" version="2232"/>
              <passingTimes>
                <TimetabledPassingTime version="52631" id="VTR:TimetabledPassingTime:52621_1081451_1">
                  <StopPointInJourneyPatternRef ref="VTR:StopPointInJourneyPattern:1081451" version="52631"/>
                  <DepartureTime>15:12:00</DepartureTime>
                  <DepartureDayOffset>0</DepartureDayOffset>
                </TimetabledPassingTime>
                <TimetabledPassingTime version="52631" id="VTR:TimetabledPassingTime:52621_1081452_2">
                  <StopPointInJourneyPatternRef ref="VTR:StopPointInJourneyPattern:1081452" version="52631"/>
                  <DepartureTime>15:17:00</DepartureTime>
                  <DepartureDayOffset>0</DepartureDayOffset>
                </TimetabledPassingTime>
                <TimetabledPassingTime version="52631" id="VTR:TimetabledPassingTime:52621_1081453_3">
                  <StopPointInJourneyPatternRef ref="VTR:StopPointInJourneyPattern:1081453" version="52631"/>
                  <DepartureTime>15:22:00</DepartureTime>
                  <DepartureDayOffset>0</DepartureDayOffset>
                </TimetabledPassingTime>
                <TimetabledPassingTime version="52631" id="VTR:TimetabledPassingTime:52621_1081454_4">
                  <StopPointInJourneyPatternRef ref="VTR:StopPointInJourneyPattern:1081454" version="52631"/>
                  <DepartureTime>15:27:00</DepartureTime>
                  <DepartureDayOffset>0</DepartureDayOffset>
                </TimetabledPassingTime>
              </passingTimes>
            </ServiceJourney>
            <ServiceJourney version="52632" id="VTR:ServiceJourney:52622">
              <Name>Pranskabūdis -Degutinė</Name>
              <PrivateCode>2</PrivateCode>
              <dayTypes>
                <DayTypeRef ref="VTR:DayType:1721"/>
              </dayTypes>
              <JourneyPatternRef version="52632" ref="VTR:JourneyPattern:52622"/>
              <OperatorRef ref="VTR:Operator:519"/>
              <LineRef ref="VTR:Line:2206" version="2232"/>
              <passingTimes>
                <TimetabledPassingTime version="52632" id="VTR:TimetabledPassingTime:52622_1081459_1">
                  <StopPointInJourneyPatternRef ref="VTR:StopPointInJourneyPattern:1081459" version="52632"/>
                  <DepartureTime>15:30:00</DepartureTime>
                  <DepartureDayOffset>0</DepartureDayOffset>
                </TimetabledPassingTime>
                <TimetabledPassingTime version="52632" id="VTR:TimetabledPassingTime:52622_1081460_2">
                  <StopPointInJourneyPatternRef ref="VTR:StopPointInJourneyPattern:1081460" version="52632"/>
                  <DepartureTime>15:47:00</DepartureTime>
                  <DepartureDayOffset>0</DepartureDayOffset>
                </TimetabledPassingTime>
                <TimetabledPassingTime version="52632" id="VTR:TimetabledPassingTime:52622_1081461_3">
                  <StopPointInJourneyPatternRef ref="VTR:StopPointInJourneyPattern:1081461" version="52632"/>
                  <DepartureTime>15:51:00</DepartureTime>
                  <DepartureDayOffset>0</DepartureDayOffset>
                </TimetabledPassingTime>
                <TimetabledPassingTime version="52632" id="VTR:TimetabledPassingTime:52622_1081462_4">
                  <StopPointInJourneyPatternRef ref="VTR:StopPointInJourneyPattern:1081462" version="52632"/>
                  <DepartureTime>15:55:00</DepartureTime>
                  <DepartureDayOffset>0</DepartureDayOffset>
                </TimetabledPassingTime>
              </passingTimes>
            </ServiceJourney>
          </vehicleJourneys>
        </TimetableFrame>
        <ResourceFrame version="1" id="VTR:ResourceFrame:1396">
          <organisations>
            <Authority version="1" id="VTR:Authority:35">
              <CompanyNumber>84</CompanyNumber>
              <Name>Šakių r. sav.</Name>
              <LegalName>Šakių r. sav.</LegalName>
              <ContactDetails>
                <Email>savivaldybe@sakiai.lt</Email>
                <Phone>+37034566120</Phone>
                <Url>www.sakiai.lt</Url>
              </ContactDetails>
              <OrganisationType>authority</OrganisationType>
            </Authority>
          </organisations>
        </ResourceFrame>
        <FareFrame id="VTR:FareFrame:2206" version="1">
          <FrameDefaults>
            <DefaultCurrency>EUR</DefaultCurrency>
          </FrameDefaults>
          <fareStructureElements>
            <FareStructureElement id="VTR:FareStructureElement:pricematrix" version="1">
              <distanceMatrixElements>
                <DistanceMatrixElementRef ref="VTR:DistanceMatrixElement:1081459to1081460" version="1"/>
                <DistanceMatrixElementRef ref="VTR:DistanceMatrixElement:1081451to1081453" version="1"/>
                <DistanceMatrixElementRef ref="VTR:DistanceMatrixElement:1081459to1081461" version="1"/>
                <DistanceMatrixElementRef ref="VTR:DistanceMatrixElement:1081452to1081453" version="1"/>
                <DistanceMatrixElementRef ref="VTR:DistanceMatrixElement:1081453to1081454" version="1"/>
                <DistanceMatrixElementRef ref="VTR:DistanceMatrixElement:1081451to1081454" version="1"/>
                <DistanceMatrixElementRef ref="VTR:DistanceMatrixElement:1081459to1081462" version="1"/>
                <DistanceMatrixElementRef ref="VTR:DistanceMatrixElement:1081460to1081461" version="1"/>
                <DistanceMatrixElementRef ref="VTR:DistanceMatrixElement:1081460to1081462" version="1"/>
                <DistanceMatrixElementRef ref="VTR:DistanceMatrixElement:1081461to1081462" version="1"/>
                <DistanceMatrixElementRef ref="VTR:DistanceMatrixElement:1081452to1081454" version="1"/>
                <DistanceMatrixElementRef ref="VTR:DistanceMatrixElement:1081451to1081452" version="1"/>
              </distanceMatrixElements>
            </FareStructureElement>
          </fareStructureElements>
          <tariffs>
            <Tariff id="VTR:Tariff:pointToPointInSeparateJourney_2206" version="1">
              <Name>Point to point tariff</Name>
              <distanceMatrixElements>
                <DistanceMatrixElement id="VTR:DistanceMatrixElement:1081459to1081460" version="1">
                  <Name>Pranskabūdis to Degutinė</Name>
                  <StartStopPointRef ref="VTR:ScheduledStopPoint:98112" version="1"/>
                  <EndStopPointRef ref="VTR:ScheduledStopPoint:98113" version="1"/>
                  <prices>
                    <DistanceMatrixElementPrice id="VTR:DistanceMatrixElementPrice:1081459to1081460" version="1">
                      <Amount>1.0</Amount>
                      <DistanceMatrixElementRef ref="VTR:DistanceMatrixElement:1081459to1081460" version="1"/>
                    </DistanceMatrixElementPrice>
                  </prices>
                </DistanceMatrixElement>
                <DistanceMatrixElement id="VTR:DistanceMatrixElement:1081451to1081453" version="1">
                  <Name>Griškabūdis to Degutinė</Name>
                  <StartStopPointRef ref="VTR:ScheduledStopPoint:90640" version="1"/>
                  <EndStopPointRef ref="VTR:ScheduledStopPoint:90642" version="1"/>
                  <prices>
                    <DistanceMatrixElementPrice id="VTR:DistanceMatrixElementPrice:1081451to1081453" version="1">
                      <Amount>1.0</Amount>
                      <DistanceMatrixElementRef ref="VTR:DistanceMatrixElement:1081451to1081453" version="1"/>
                    </DistanceMatrixElementPrice>
                  </prices>
                </DistanceMatrixElement>
                <DistanceMatrixElement id="VTR:DistanceMatrixElement:1081459to1081461" version="1">
                  <Name>Pranskabūdis to Galiniai</Name>
                  <StartStopPointRef ref="VTR:ScheduledStopPoint:98112" version="1"/>
                  <EndStopPointRef ref="VTR:ScheduledStopPoint:98114" version="1"/>
                  <prices>
                    <DistanceMatrixElementPrice id="VTR:DistanceMatrixElementPrice:1081459to1081461" version="1">
                      <Amount>1.6</Amount>
                      <DistanceMatrixElementRef ref="VTR:DistanceMatrixElement:1081459to1081461" version="1"/>
                    </DistanceMatrixElementPrice>
                  </prices>
                </DistanceMatrixElement>
                <DistanceMatrixElement id="VTR:DistanceMatrixElement:1081452to1081453" version="1">
                  <Name>Galiniai to Degutinė</Name>
                  <StartStopPointRef ref="VTR:ScheduledStopPoint:90641" version="1"/>
                  <EndStopPointRef ref="VTR:ScheduledStopPoint:90642" version="1"/>
                  <prices>
                    <DistanceMatrixElementPrice id="VTR:DistanceMatrixElementPrice:1081452to1081453" version="1">
                      <Amount>0.7</Amount>
                      <DistanceMatrixElementRef ref="VTR:DistanceMatrixElement:1081452to1081453" version="1"/>
                    </DistanceMatrixElementPrice>
                  </prices>
                </DistanceMatrixElement>
                <DistanceMatrixElement id="VTR:DistanceMatrixElement:1081453to1081454" version="1">
                  <Name>Degutinė to Pranskabūdis</Name>
                  <StartStopPointRef ref="VTR:ScheduledStopPoint:90642" version="1"/>
                  <EndStopPointRef ref="VTR:ScheduledStopPoint:90643" version="1"/>
                  <prices>
                    <DistanceMatrixElementPrice id="VTR:DistanceMatrixElementPrice:1081453to1081454" version="1">
                      <Amount>1.0</Amount>
                      <DistanceMatrixElementRef ref="VTR:DistanceMatrixElement:1081453to1081454" version="1"/>
                    </DistanceMatrixElementPrice>
                  </prices>
                </DistanceMatrixElement>
                <DistanceMatrixElement id="VTR:DistanceMatrixElement:1081451to1081454" version="1">
                  <Name>Griškabūdis to Pranskabūdis</Name>
                  <StartStopPointRef ref="VTR:ScheduledStopPoint:90640" version="1"/>
                  <EndStopPointRef ref="VTR:ScheduledStopPoint:90643" version="1"/>
                  <prices>
                    <DistanceMatrixElementPrice id="VTR:DistanceMatrixElementPrice:1081451to1081454" version="1">
                      <Amount>2.0</Amount>
                      <DistanceMatrixElementRef ref="VTR:DistanceMatrixElement:1081451to1081454" version="1"/>
                    </DistanceMatrixElementPrice>
                  </prices>
                </DistanceMatrixElement>
                <DistanceMatrixElement id="VTR:DistanceMatrixElement:1081459to1081462" version="1">
                  <Name>Pranskabūdis to Griškabūdis</Name>
                  <StartStopPointRef ref="VTR:ScheduledStopPoint:98112" version="1"/>
                  <EndStopPointRef ref="VTR:ScheduledStopPoint:98115" version="1"/>
                  <prices>
                    <DistanceMatrixElementPrice id="VTR:DistanceMatrixElementPrice:1081459to1081462" version="1">
                      <Amount>2.0</Amount>
                      <DistanceMatrixElementRef ref="VTR:DistanceMatrixElement:1081459to1081462" version="1"/>
                    </DistanceMatrixElementPrice>
                  </prices>
                </DistanceMatrixElement>
                <DistanceMatrixElement id="VTR:DistanceMatrixElement:1081460to1081461" version="1">
                  <Name>Degutinė to Galiniai</Name>
                  <StartStopPointRef ref="VTR:ScheduledStopPoint:98113" version="1"/>
                  <EndStopPointRef ref="VTR:ScheduledStopPoint:98114" version="1"/>
                  <prices>
                    <DistanceMatrixElementPrice id="VTR:DistanceMatrixElementPrice:1081460to1081461" version="1">
                      <Amount>0.7</Amount>
                      <DistanceMatrixElementRef ref="VTR:DistanceMatrixElement:1081460to1081461" version="1"/>
                    </DistanceMatrixElementPrice>
                  </prices>
                </DistanceMatrixElement>
                <DistanceMatrixElement id="VTR:DistanceMatrixElement:1081460to1081462" version="1">
                  <Name>Degutinė to Griškabūdis</Name>
                  <StartStopPointRef ref="VTR:ScheduledStopPoint:98113" version="1"/>
                  <EndStopPointRef ref="VTR:ScheduledStopPoint:98115" version="1"/>
                  <prices>
                    <DistanceMatrixElementPrice id="VTR:DistanceMatrixElementPrice:1081460to1081462" version="1">
                      <Amount>1.0</Amount>
                      <DistanceMatrixElementRef ref="VTR:DistanceMatrixElement:1081460to1081462" version="1"/>
                    </DistanceMatrixElementPrice>
                  </prices>
                </DistanceMatrixElement>
                <DistanceMatrixElement id="VTR:DistanceMatrixElement:1081461to1081462" version="1">
                  <Name>Galiniai to Griškabūdis</Name>
                  <StartStopPointRef ref="VTR:ScheduledStopPoint:98114" version="1"/>
                  <EndStopPointRef ref="VTR:ScheduledStopPoint:98115" version="1"/>
                  <prices>
                    <DistanceMatrixElementPrice id="VTR:DistanceMatrixElementPrice:1081461to1081462" version="1">
                      <Amount>0.7</Amount>
                      <DistanceMatrixElementRef ref="VTR:DistanceMatrixElement:1081461to1081462" version="1"/>
                    </DistanceMatrixElementPrice>
                  </prices>
                </DistanceMatrixElement>
                <DistanceMatrixElement id="VTR:DistanceMatrixElement:1081452to1081454" version="1">
                  <Name>Galiniai to Pranskabūdis</Name>
                  <StartStopPointRef ref="VTR:ScheduledStopPoint:90641" version="1"/>
                  <EndStopPointRef ref="VTR:ScheduledStopPoint:90643" version="1"/>
                  <prices>
                    <DistanceMatrixElementPrice id="VTR:DistanceMatrixElementPrice:1081452to1081454" version="1">
                      <Amount>1.6</Amount>
                      <DistanceMatrixElementRef ref="VTR:DistanceMatrixElement:1081452to1081454" version="1"/>
                    </DistanceMatrixElementPrice>
                  </prices>
                </DistanceMatrixElement>
                <DistanceMatrixElement id="VTR:DistanceMatrixElement:1081451to1081452" version="1">
                  <Name>Griškabūdis to Galiniai</Name>
                  <StartStopPointRef ref="VTR:ScheduledStopPoint:90640" version="1"/>
                  <EndStopPointRef ref="VTR:ScheduledStopPoint:90641" version="1"/>
                  <prices>
                    <DistanceMatrixElementPrice id="VTR:DistanceMatrixElementPrice:1081451to1081452" version="1">
                      <Amount>0.7</Amount>
                      <DistanceMatrixElementRef ref="VTR:DistanceMatrixElement:1081451to1081452" version="1"/>
                    </DistanceMatrixElementPrice>
                  </prices>
                </DistanceMatrixElement>
              </distanceMatrixElements>
            </Tariff>
          </tariffs>
          <usageParameters>
            <FrequencyOfUse id="VTR:FrequencyOfUse:oneTrip" version="1">
              <FrequencyOfUseType>unlimited</FrequencyOfUseType>
              <MaximalFrequency>1</MaximalFrequency>
            </FrequencyOfUse>
          </usageParameters>
        </FareFrame>
      </frames>
    </CompositeFrame>
  </dataObjects>
</PublicationDelivery>
