<?xml version="1.0" encoding="UTF-8"?><PublicationDelivery xmlns="http://www.netex.org.uk/netex" xmlns:gis="http://www.opengis.net/gml/3.2" xmlns:ns2="http://www.opengis.net/gml/3.2" xmlns:ns3="http://www.siri.org.uk/siri" xmlns:xsi="http://www.w3.org/2001/XMLSchema-instance" version="1" xsi:schemaLocation="">
  <PublicationTimestamp>2022-05-07T01:25:00.311</PublicationTimestamp>
  <ParticipantRef>VTR</ParticipantRef>
  <Description>1</Description>
  <dataObjects>
    <CompositeFrame created="2022-05-07T01:25:00.311" version="1" id="VTR:CompositeFrame:1358">
      <validityConditions>
        <AvailabilityCondition version="1" id="VTR:AvailabilityCondition:1358">
          <FromDate>2016-11-30T00:00:00</FromDate>
          <ToDate>2027-12-30T00:00:00</ToDate>
        </AvailabilityCondition>
      </validityConditions>
      <codespaces>
        <Codespace id="vtr">
          <Xmlns>VTR</Xmlns>
          <XmlnsUrl>http://www.visimarsrutai.lt/</XmlnsUrl>
        </Codespace>
      </codespaces>
      <FrameDefaults>
        <DefaultLocale>
          <TimeZone>Europe/Vilnius</TimeZone>
        </DefaultLocale>
        <DefaultLocationSystem>WGS84</DefaultLocationSystem>
      </FrameDefaults>
      <frames>
        <ServiceCalendarFrame version="1" id="VTR:ServiceCalendarFrame:1358">
          <dayTypes>
            <DayType id="VTR:DayType:8810" version="1">
              <properties>
                <PropertyOfDay>
                  <DaysOfWeek>Monday Tuesday Wednesday Thursday Friday</DaysOfWeek>
                </PropertyOfDay>
              </properties>
            </DayType>
          </dayTypes>
          <operatingPeriods>
            <OperatingPeriod version="1" id="VTR:OperatingPeriod:8810">
              <FromDate>2018-01-01T00:00:00</FromDate>
              <ToDate>2024-12-31T00:00:00</ToDate>
            </OperatingPeriod>
          </operatingPeriods>
          <dayTypeAssignments>
            <DayTypeAssignment id="VTR:DayTypeAssignment:8810_0" version="1" order="3723">
              <OperatingPeriodRef ref="VTR:OperatingPeriod:8810" version="1"/>
              <DayTypeRef ref="VTR:DayType:8810" version="1"/>
            </DayTypeAssignment>
          </dayTypeAssignments>
        </ServiceCalendarFrame>
        <ServiceFrame id="VTR:ServiceFrame:1358" version="1">
          <Network version="0" id="VTR:Network:49"/>
          <routePoints>
            <RoutePoint version="1" id="VTR:RoutePoint:1447037">
              <projections>
                <PointProjection version="1" id="VTR:PointProjection:65875">
                  <ProjectedPointRef ref="VTR:ScheduledStopPoint:1447037" version="1"/>
                </PointProjection>
              </projections>
            </RoutePoint>
            <RoutePoint version="1" id="VTR:RoutePoint:1447038">
              <projections>
                <PointProjection version="1" id="VTR:PointProjection:65876">
                  <ProjectedPointRef ref="VTR:ScheduledStopPoint:1447038" version="1"/>
                </PointProjection>
              </projections>
            </RoutePoint>
            <RoutePoint version="1" id="VTR:RoutePoint:1447039">
              <projections>
                <PointProjection version="1" id="VTR:PointProjection:65877">
                  <ProjectedPointRef ref="VTR:ScheduledStopPoint:1447039" version="1"/>
                </PointProjection>
              </projections>
            </RoutePoint>
            <RoutePoint version="1" id="VTR:RoutePoint:1447040">
              <projections>
                <PointProjection version="1" id="VTR:PointProjection:65878">
                  <ProjectedPointRef ref="VTR:ScheduledStopPoint:1447040" version="1"/>
                </PointProjection>
              </projections>
            </RoutePoint>
            <RoutePoint version="1" id="VTR:RoutePoint:1447041">
              <projections>
                <PointProjection version="1" id="VTR:PointProjection:65879">
                  <ProjectedPointRef ref="VTR:ScheduledStopPoint:1447041" version="1"/>
                </PointProjection>
              </projections>
            </RoutePoint>
            <RoutePoint version="1" id="VTR:RoutePoint:1447042">
              <projections>
                <PointProjection version="1" id="VTR:PointProjection:65880">
                  <ProjectedPointRef ref="VTR:ScheduledStopPoint:1447042" version="1"/>
                </PointProjection>
              </projections>
            </RoutePoint>
            <RoutePoint version="1" id="VTR:RoutePoint:1447043">
              <projections>
                <PointProjection version="1" id="VTR:PointProjection:65881">
                  <ProjectedPointRef ref="VTR:ScheduledStopPoint:1447043" version="1"/>
                </PointProjection>
              </projections>
            </RoutePoint>
            <RoutePoint version="1" id="VTR:RoutePoint:1447044">
              <projections>
                <PointProjection version="1" id="VTR:PointProjection:53856">
                  <ProjectedPointRef ref="VTR:ScheduledStopPoint:1447044" version="1"/>
                </PointProjection>
              </projections>
            </RoutePoint>
            <RoutePoint version="1" id="VTR:RoutePoint:1447045">
              <projections>
                <PointProjection version="1" id="VTR:PointProjection:53921">
                  <ProjectedPointRef ref="VTR:ScheduledStopPoint:1447045" version="1"/>
                </PointProjection>
              </projections>
            </RoutePoint>
            <RoutePoint version="1" id="VTR:RoutePoint:1447046">
              <projections>
                <PointProjection version="1" id="VTR:PointProjection:52782">
                  <ProjectedPointRef ref="VTR:ScheduledStopPoint:1447046" version="1"/>
                </PointProjection>
              </projections>
            </RoutePoint>
            <RoutePoint version="1" id="VTR:RoutePoint:1447047">
              <projections>
                <PointProjection version="1" id="VTR:PointProjection:52866">
                  <ProjectedPointRef ref="VTR:ScheduledStopPoint:1447047" version="1"/>
                </PointProjection>
              </projections>
            </RoutePoint>
            <RoutePoint version="1" id="VTR:RoutePoint:1447048">
              <projections>
                <PointProjection version="1" id="VTR:PointProjection:53275">
                  <ProjectedPointRef ref="VTR:ScheduledStopPoint:1447048" version="1"/>
                </PointProjection>
              </projections>
            </RoutePoint>
            <RoutePoint version="1" id="VTR:RoutePoint:1447049">
              <projections>
                <PointProjection version="1" id="VTR:PointProjection:55264">
                  <ProjectedPointRef ref="VTR:ScheduledStopPoint:1447049" version="1"/>
                </PointProjection>
              </projections>
            </RoutePoint>
            <RoutePoint version="1" id="VTR:RoutePoint:1447050">
              <projections>
                <PointProjection version="1" id="VTR:PointProjection:68209">
                  <ProjectedPointRef ref="VTR:ScheduledStopPoint:1447050" version="1"/>
                </PointProjection>
              </projections>
            </RoutePoint>
            <RoutePoint version="1" id="VTR:RoutePoint:1447051">
              <projections>
                <PointProjection version="1" id="VTR:PointProjection:68210">
                  <ProjectedPointRef ref="VTR:ScheduledStopPoint:1447051" version="1"/>
                </PointProjection>
              </projections>
            </RoutePoint>
          </routePoints>
          <routes>
            <Route version="1" id="VTR:Route:18143">
              <Name>Anykščių m. autobusų stotis - Anykščių naujosios kapinės</Name>
              <ShortName>Anykščių m. autobusų stotis - Anykščių naujosios kapinės</ShortName>
              <LineRef ref="VTR:Line:4802" version="8045"/>
              <DirectionType>outbound</DirectionType>
              <pointsInSequence>
                <PointOnRoute version="1" id="VTR:PointOnRoute:1447037" order="1">
                  <RoutePointRef ref="VTR:RoutePoint:1447037"/>
                </PointOnRoute>
                <PointOnRoute version="1" id="VTR:PointOnRoute:1447044" order="2">
                  <RoutePointRef ref="VTR:RoutePoint:1447044"/>
                </PointOnRoute>
                <PointOnRoute version="1" id="VTR:PointOnRoute:1447045" order="3">
                  <RoutePointRef ref="VTR:RoutePoint:1447045"/>
                </PointOnRoute>
                <PointOnRoute version="1" id="VTR:PointOnRoute:1447046" order="4">
                  <RoutePointRef ref="VTR:RoutePoint:1447046"/>
                </PointOnRoute>
                <PointOnRoute version="1" id="VTR:PointOnRoute:1447041" order="5">
                  <RoutePointRef ref="VTR:RoutePoint:1447041"/>
                </PointOnRoute>
                <PointOnRoute version="1" id="VTR:PointOnRoute:1447039" order="6">
                  <RoutePointRef ref="VTR:RoutePoint:1447039"/>
                </PointOnRoute>
                <PointOnRoute version="1" id="VTR:PointOnRoute:1447047" order="7">
                  <RoutePointRef ref="VTR:RoutePoint:1447047"/>
                </PointOnRoute>
                <PointOnRoute version="1" id="VTR:PointOnRoute:1447040" order="8">
                  <RoutePointRef ref="VTR:RoutePoint:1447040"/>
                </PointOnRoute>
                <PointOnRoute version="1" id="VTR:PointOnRoute:1447048" order="9">
                  <RoutePointRef ref="VTR:RoutePoint:1447048"/>
                </PointOnRoute>
                <PointOnRoute version="1" id="VTR:PointOnRoute:1447049" order="10">
                  <RoutePointRef ref="VTR:RoutePoint:1447049"/>
                </PointOnRoute>
                <PointOnRoute version="1" id="VTR:PointOnRoute:1447043" order="11">
                  <RoutePointRef ref="VTR:RoutePoint:1447043"/>
                </PointOnRoute>
                <PointOnRoute version="1" id="VTR:PointOnRoute:1447042" order="12">
                  <RoutePointRef ref="VTR:RoutePoint:1447042"/>
                </PointOnRoute>
                <PointOnRoute version="1" id="VTR:PointOnRoute:1447050" order="13">
                  <RoutePointRef ref="VTR:RoutePoint:1447050"/>
                </PointOnRoute>
                <PointOnRoute version="1" id="VTR:PointOnRoute:1447038" order="14">
                  <RoutePointRef ref="VTR:RoutePoint:1447038"/>
                </PointOnRoute>
                <PointOnRoute version="1" id="VTR:PointOnRoute:1447051" order="15">
                  <RoutePointRef ref="VTR:RoutePoint:1447051"/>
                </PointOnRoute>
              </pointsInSequence>
            </Route>
          </routes>
          <lines>
            <Line version="8045" id="VTR:Line:4802">
              <Name>Anykščių m. autobusų stotis - Anykščių naujosios kapinės</Name>
              <TransportMode>bus</TransportMode>
              <TransportSubmode>
                <BusSubmode>localBus</BusSubmode>
              </TransportSubmode>
              <PublicCode>M38</PublicCode>
              <OperatorRef ref="VTR:Operator:49"/>
            </Line>
          </lines>
          <scheduledStopPoints>
            <ScheduledStopPoint version="1" id="VTR:ScheduledStopPoint:1447037">
              <Name>Anykščių autobusų stotis</Name>
            </ScheduledStopPoint>
            <ScheduledStopPoint version="1" id="VTR:ScheduledStopPoint:1447038">
              <Name>A.Baranausko a.</Name>
            </ScheduledStopPoint>
            <ScheduledStopPoint version="1" id="VTR:ScheduledStopPoint:1447039">
              <Name>A. Vienuolio progimnazija</Name>
            </ScheduledStopPoint>
            <ScheduledStopPoint version="1" id="VTR:ScheduledStopPoint:1447040">
              <Name>Žiburio parduotuvė</Name>
            </ScheduledStopPoint>
            <ScheduledStopPoint version="1" id="VTR:ScheduledStopPoint:1447041">
              <Name>Anykščių PSPC</Name>
            </ScheduledStopPoint>
            <ScheduledStopPoint version="1" id="VTR:ScheduledStopPoint:1447042">
              <Name>Senosios kapinės</Name>
            </ScheduledStopPoint>
            <ScheduledStopPoint version="1" id="VTR:ScheduledStopPoint:1447043">
              <Name>Naujosios kapinės</Name>
            </ScheduledStopPoint>
            <ScheduledStopPoint version="1" id="VTR:ScheduledStopPoint:1447044">
              <Name>A. Baranausko a.</Name>
            </ScheduledStopPoint>
            <ScheduledStopPoint version="1" id="VTR:ScheduledStopPoint:1447045">
              <Name>Anykščių PSPC</Name>
            </ScheduledStopPoint>
            <ScheduledStopPoint version="1" id="VTR:ScheduledStopPoint:1447046">
              <Name>MSV</Name>
            </ScheduledStopPoint>
            <ScheduledStopPoint version="1" id="VTR:ScheduledStopPoint:1447047">
              <Name>Anykščių ligoninė</Name>
            </ScheduledStopPoint>
            <ScheduledStopPoint version="1" id="VTR:ScheduledStopPoint:1447048">
              <Name>Anykščių PSPC</Name>
            </ScheduledStopPoint>
            <ScheduledStopPoint version="1" id="VTR:ScheduledStopPoint:1447049">
              <Name>Senosios kapinės</Name>
            </ScheduledStopPoint>
            <ScheduledStopPoint version="1" id="VTR:ScheduledStopPoint:1447050">
              <Name>Anykščių PSPC</Name>
            </ScheduledStopPoint>
            <ScheduledStopPoint version="1" id="VTR:ScheduledStopPoint:1447051">
              <Name>Anykščių autobusų stotis</Name>
            </ScheduledStopPoint>
          </scheduledStopPoints>
          <serviceLinks>
            <ServiceLink id="VTR:ServiceLink:1447039_1_1447047_1" version="1">
              <Distance>0</Distance>
              <FromPointRef ref="VTR:ScheduledStopPoint:1447039" version="1"/>
              <ToPointRef ref="VTR:ScheduledStopPoint:1447047" version="1"/>
            </ServiceLink>
            <ServiceLink id="VTR:ServiceLink:1447044_1_1447045_1" version="1">
              <Distance>0</Distance>
              <FromPointRef ref="VTR:ScheduledStopPoint:1447044" version="1"/>
              <ToPointRef ref="VTR:ScheduledStopPoint:1447045" version="1"/>
            </ServiceLink>
            <ServiceLink id="VTR:ServiceLink:1447038_1_1447051_1" version="1">
              <Distance>0</Distance>
              <FromPointRef ref="VTR:ScheduledStopPoint:1447038" version="1"/>
              <ToPointRef ref="VTR:ScheduledStopPoint:1447051" version="1"/>
            </ServiceLink>
            <ServiceLink id="VTR:ServiceLink:1447042_1_1447050_1" version="1">
              <Distance>0</Distance>
              <FromPointRef ref="VTR:ScheduledStopPoint:1447042" version="1"/>
              <ToPointRef ref="VTR:ScheduledStopPoint:1447050" version="1"/>
            </ServiceLink>
            <ServiceLink id="VTR:ServiceLink:1447050_1_1447038_1" version="1">
              <Distance>0</Distance>
              <FromPointRef ref="VTR:ScheduledStopPoint:1447050" version="1"/>
              <ToPointRef ref="VTR:ScheduledStopPoint:1447038" version="1"/>
            </ServiceLink>
            <ServiceLink id="VTR:ServiceLink:1447043_1_1447042_1" version="1">
              <Distance>0</Distance>
              <FromPointRef ref="VTR:ScheduledStopPoint:1447043" version="1"/>
              <ToPointRef ref="VTR:ScheduledStopPoint:1447042" version="1"/>
            </ServiceLink>
            <ServiceLink id="VTR:ServiceLink:1447040_1_1447048_1" version="1">
              <Distance>1</Distance>
              <FromPointRef ref="VTR:ScheduledStopPoint:1447040" version="1"/>
              <ToPointRef ref="VTR:ScheduledStopPoint:1447048" version="1"/>
            </ServiceLink>
            <ServiceLink id="VTR:ServiceLink:1447046_1_1447041_1" version="1">
              <Distance>1</Distance>
              <FromPointRef ref="VTR:ScheduledStopPoint:1447046" version="1"/>
              <ToPointRef ref="VTR:ScheduledStopPoint:1447041" version="1"/>
            </ServiceLink>
            <ServiceLink id="VTR:ServiceLink:1447049_1_1447043_1" version="1">
              <Distance>0</Distance>
              <FromPointRef ref="VTR:ScheduledStopPoint:1447049" version="1"/>
              <ToPointRef ref="VTR:ScheduledStopPoint:1447043" version="1"/>
            </ServiceLink>
            <ServiceLink id="VTR:ServiceLink:1447037_1_1447044_1" version="1">
              <Distance>0</Distance>
              <FromPointRef ref="VTR:ScheduledStopPoint:1447037" version="1"/>
              <ToPointRef ref="VTR:ScheduledStopPoint:1447044" version="1"/>
            </ServiceLink>
            <ServiceLink id="VTR:ServiceLink:1447047_1_1447040_1" version="1">
              <Distance>0</Distance>
              <FromPointRef ref="VTR:ScheduledStopPoint:1447047" version="1"/>
              <ToPointRef ref="VTR:ScheduledStopPoint:1447040" version="1"/>
            </ServiceLink>
            <ServiceLink id="VTR:ServiceLink:1447045_1_1447046_1" version="1">
              <Distance>1</Distance>
              <FromPointRef ref="VTR:ScheduledStopPoint:1447045" version="1"/>
              <ToPointRef ref="VTR:ScheduledStopPoint:1447046" version="1"/>
            </ServiceLink>
            <ServiceLink id="VTR:ServiceLink:1447048_1_1447049_1" version="1">
              <Distance>0</Distance>
              <FromPointRef ref="VTR:ScheduledStopPoint:1447048" version="1"/>
              <ToPointRef ref="VTR:ScheduledStopPoint:1447049" version="1"/>
            </ServiceLink>
            <ServiceLink id="VTR:ServiceLink:1447041_1_1447039_1" version="1">
              <Distance>1</Distance>
              <FromPointRef ref="VTR:ScheduledStopPoint:1447041" version="1"/>
              <ToPointRef ref="VTR:ScheduledStopPoint:1447039" version="1"/>
            </ServiceLink>
          </serviceLinks>
          <stopAssignments>
            <PassengerStopAssignment order="1814300000" id="VTR:PassengerStopAssignment:1447037" version="1">
              <ScheduledStopPointRef ref="VTR:ScheduledStopPoint:1447037" version="1"/>
              <QuayRef ref="VTR:Quay:19484"/>
            </PassengerStopAssignment>
            <PassengerStopAssignment order="1814300001" id="VTR:PassengerStopAssignment:1447044" version="1">
              <ScheduledStopPointRef ref="VTR:ScheduledStopPoint:1447044" version="1"/>
              <QuayRef ref="VTR:Quay:22462"/>
            </PassengerStopAssignment>
            <PassengerStopAssignment order="1814300002" id="VTR:PassengerStopAssignment:1447045" version="1">
              <ScheduledStopPointRef ref="VTR:ScheduledStopPoint:1447045" version="1"/>
              <QuayRef ref="VTR:Quay:23504"/>
            </PassengerStopAssignment>
            <PassengerStopAssignment order="1814300003" id="VTR:PassengerStopAssignment:1447046" version="1">
              <ScheduledStopPointRef ref="VTR:ScheduledStopPoint:1447046" version="1"/>
              <QuayRef ref="VTR:Quay:15400"/>
            </PassengerStopAssignment>
            <PassengerStopAssignment order="1814300004" id="VTR:PassengerStopAssignment:1447041" version="1">
              <ScheduledStopPointRef ref="VTR:ScheduledStopPoint:1447041" version="1"/>
              <QuayRef ref="VTR:Quay:23504"/>
            </PassengerStopAssignment>
            <PassengerStopAssignment order="1814300005" id="VTR:PassengerStopAssignment:1447039" version="1">
              <ScheduledStopPointRef ref="VTR:ScheduledStopPoint:1447039" version="1"/>
              <QuayRef ref="VTR:Quay:22466"/>
            </PassengerStopAssignment>
            <PassengerStopAssignment order="1814300006" id="VTR:PassengerStopAssignment:1447047" version="1">
              <ScheduledStopPointRef ref="VTR:ScheduledStopPoint:1447047" version="1"/>
              <QuayRef ref="VTR:Quay:29663"/>
            </PassengerStopAssignment>
            <PassengerStopAssignment order="1814300007" id="VTR:PassengerStopAssignment:1447040" version="1">
              <ScheduledStopPointRef ref="VTR:ScheduledStopPoint:1447040" version="1"/>
              <QuayRef ref="VTR:Quay:29662"/>
            </PassengerStopAssignment>
            <PassengerStopAssignment order="1814300008" id="VTR:PassengerStopAssignment:1447048" version="1">
              <ScheduledStopPointRef ref="VTR:ScheduledStopPoint:1447048" version="1"/>
              <QuayRef ref="VTR:Quay:23504"/>
            </PassengerStopAssignment>
            <PassengerStopAssignment order="1814300009" id="VTR:PassengerStopAssignment:1447049" version="1">
              <ScheduledStopPointRef ref="VTR:ScheduledStopPoint:1447049" version="1"/>
              <QuayRef ref="VTR:Quay:29665"/>
            </PassengerStopAssignment>
            <PassengerStopAssignment order="1814300010" id="VTR:PassengerStopAssignment:1447043" version="1">
              <ScheduledStopPointRef ref="VTR:ScheduledStopPoint:1447043" version="1"/>
              <QuayRef ref="VTR:Quay:29666"/>
            </PassengerStopAssignment>
            <PassengerStopAssignment order="1814300011" id="VTR:PassengerStopAssignment:1447042" version="1">
              <ScheduledStopPointRef ref="VTR:ScheduledStopPoint:1447042" version="1"/>
              <QuayRef ref="VTR:Quay:29664"/>
            </PassengerStopAssignment>
            <PassengerStopAssignment order="1814300012" id="VTR:PassengerStopAssignment:1447050" version="1">
              <ScheduledStopPointRef ref="VTR:ScheduledStopPoint:1447050" version="1"/>
              <QuayRef ref="VTR:Quay:23504"/>
            </PassengerStopAssignment>
            <PassengerStopAssignment order="1814300013" id="VTR:PassengerStopAssignment:1447038" version="1">
              <ScheduledStopPointRef ref="VTR:ScheduledStopPoint:1447038" version="1"/>
              <QuayRef ref="VTR:Quay:29563"/>
            </PassengerStopAssignment>
            <PassengerStopAssignment order="1814300014" id="VTR:PassengerStopAssignment:1447051" version="1">
              <ScheduledStopPointRef ref="VTR:ScheduledStopPoint:1447051" version="1"/>
              <QuayRef ref="VTR:Quay:19484"/>
            </PassengerStopAssignment>
          </stopAssignments>
          <journeyPatterns>
            <JourneyPattern id="VTR:JourneyPattern:2933040" version="2935133">
              <Name>2</Name>
              <RouteRef ref="VTR:Route:18143" version="1"/>
              <pointsInSequence>
                <StopPointInJourneyPattern id="VTR:StopPointInJourneyPattern:102230307" version="2935133" order="1">
                  <ScheduledStopPointRef ref="VTR:ScheduledStopPoint:1447037"/>
                  <DestinationDisplayRef ref="VTR:DestinationDisplay:1"/>
                </StopPointInJourneyPattern>
                <StopPointInJourneyPattern id="VTR:StopPointInJourneyPattern:102230328" version="2935133" order="2">
                  <ScheduledStopPointRef ref="VTR:ScheduledStopPoint:1447044"/>
                  <DestinationDisplayRef ref="VTR:DestinationDisplay:1"/>
                </StopPointInJourneyPattern>
                <StopPointInJourneyPattern id="VTR:StopPointInJourneyPattern:102230329" version="2935133" order="3">
                  <ScheduledStopPointRef ref="VTR:ScheduledStopPoint:1447045"/>
                  <DestinationDisplayRef ref="VTR:DestinationDisplay:1"/>
                </StopPointInJourneyPattern>
                <StopPointInJourneyPattern id="VTR:StopPointInJourneyPattern:102230330" version="2935133" order="4">
                  <ScheduledStopPointRef ref="VTR:ScheduledStopPoint:1447046"/>
                  <DestinationDisplayRef ref="VTR:DestinationDisplay:1"/>
                </StopPointInJourneyPattern>
                <StopPointInJourneyPattern id="VTR:StopPointInJourneyPattern:102230331" version="2935133" order="5">
                  <ScheduledStopPointRef ref="VTR:ScheduledStopPoint:1447041"/>
                  <DestinationDisplayRef ref="VTR:DestinationDisplay:1"/>
                </StopPointInJourneyPattern>
                <StopPointInJourneyPattern id="VTR:StopPointInJourneyPattern:102230332" version="2935133" order="6">
                  <ScheduledStopPointRef ref="VTR:ScheduledStopPoint:1447039"/>
                  <DestinationDisplayRef ref="VTR:DestinationDisplay:1"/>
                </StopPointInJourneyPattern>
                <StopPointInJourneyPattern id="VTR:StopPointInJourneyPattern:102230333" version="2935133" order="7">
                  <ScheduledStopPointRef ref="VTR:ScheduledStopPoint:1447047"/>
                  <DestinationDisplayRef ref="VTR:DestinationDisplay:1"/>
                </StopPointInJourneyPattern>
                <StopPointInJourneyPattern id="VTR:StopPointInJourneyPattern:102230334" version="2935133" order="8">
                  <ScheduledStopPointRef ref="VTR:ScheduledStopPoint:1447040"/>
                  <DestinationDisplayRef ref="VTR:DestinationDisplay:1"/>
                </StopPointInJourneyPattern>
                <StopPointInJourneyPattern id="VTR:StopPointInJourneyPattern:102230335" version="2935133" order="9">
                  <ScheduledStopPointRef ref="VTR:ScheduledStopPoint:1447048"/>
                  <DestinationDisplayRef ref="VTR:DestinationDisplay:1"/>
                </StopPointInJourneyPattern>
                <StopPointInJourneyPattern id="VTR:StopPointInJourneyPattern:102230336" version="2935133" order="10">
                  <ScheduledStopPointRef ref="VTR:ScheduledStopPoint:1447049"/>
                  <DestinationDisplayRef ref="VTR:DestinationDisplay:1"/>
                </StopPointInJourneyPattern>
                <StopPointInJourneyPattern id="VTR:StopPointInJourneyPattern:102230337" version="2935133" order="11">
                  <ScheduledStopPointRef ref="VTR:ScheduledStopPoint:1447043"/>
                  <DestinationDisplayRef ref="VTR:DestinationDisplay:1"/>
                </StopPointInJourneyPattern>
                <StopPointInJourneyPattern id="VTR:StopPointInJourneyPattern:102230338" version="2935133" order="12">
                  <ScheduledStopPointRef ref="VTR:ScheduledStopPoint:1447042"/>
                  <DestinationDisplayRef ref="VTR:DestinationDisplay:1"/>
                </StopPointInJourneyPattern>
                <StopPointInJourneyPattern id="VTR:StopPointInJourneyPattern:102230339" version="2935133" order="13">
                  <ScheduledStopPointRef ref="VTR:ScheduledStopPoint:1447050"/>
                  <DestinationDisplayRef ref="VTR:DestinationDisplay:1"/>
                </StopPointInJourneyPattern>
                <StopPointInJourneyPattern id="VTR:StopPointInJourneyPattern:102230340" version="2935133" order="14">
                  <ScheduledStopPointRef ref="VTR:ScheduledStopPoint:1447038"/>
                  <DestinationDisplayRef ref="VTR:DestinationDisplay:1"/>
                </StopPointInJourneyPattern>
                <StopPointInJourneyPattern id="VTR:StopPointInJourneyPattern:102230341" version="2935133" order="15">
                  <ScheduledStopPointRef ref="VTR:ScheduledStopPoint:1447051"/>
                  <DestinationDisplayRef ref="VTR:DestinationDisplay:1"/>
                </StopPointInJourneyPattern>
              </pointsInSequence>
            </JourneyPattern>
            <JourneyPattern id="VTR:JourneyPattern:2933043" version="2935136">
              <Name>5</Name>
              <RouteRef ref="VTR:Route:18143" version="1"/>
              <pointsInSequence>
                <StopPointInJourneyPattern id="VTR:StopPointInJourneyPattern:102230372" version="2935136" order="1">
                  <ScheduledStopPointRef ref="VTR:ScheduledStopPoint:1447037"/>
                  <DestinationDisplayRef ref="VTR:DestinationDisplay:1"/>
                </StopPointInJourneyPattern>
                <StopPointInJourneyPattern id="VTR:StopPointInJourneyPattern:102230373" version="2935136" order="2">
                  <ScheduledStopPointRef ref="VTR:ScheduledStopPoint:1447044"/>
                  <DestinationDisplayRef ref="VTR:DestinationDisplay:1"/>
                </StopPointInJourneyPattern>
                <StopPointInJourneyPattern id="VTR:StopPointInJourneyPattern:102230374" version="2935136" order="3">
                  <ScheduledStopPointRef ref="VTR:ScheduledStopPoint:1447045"/>
                  <DestinationDisplayRef ref="VTR:DestinationDisplay:1"/>
                </StopPointInJourneyPattern>
                <StopPointInJourneyPattern id="VTR:StopPointInJourneyPattern:102230375" version="2935136" order="4">
                  <ScheduledStopPointRef ref="VTR:ScheduledStopPoint:1447046"/>
                  <DestinationDisplayRef ref="VTR:DestinationDisplay:1"/>
                </StopPointInJourneyPattern>
                <StopPointInJourneyPattern id="VTR:StopPointInJourneyPattern:102230376" version="2935136" order="5">
                  <ScheduledStopPointRef ref="VTR:ScheduledStopPoint:1447041"/>
                  <DestinationDisplayRef ref="VTR:DestinationDisplay:1"/>
                </StopPointInJourneyPattern>
                <StopPointInJourneyPattern id="VTR:StopPointInJourneyPattern:102230377" version="2935136" order="6">
                  <ScheduledStopPointRef ref="VTR:ScheduledStopPoint:1447039"/>
                  <DestinationDisplayRef ref="VTR:DestinationDisplay:1"/>
                </StopPointInJourneyPattern>
                <StopPointInJourneyPattern id="VTR:StopPointInJourneyPattern:102230378" version="2935136" order="7">
                  <ScheduledStopPointRef ref="VTR:ScheduledStopPoint:1447047"/>
                  <DestinationDisplayRef ref="VTR:DestinationDisplay:1"/>
                </StopPointInJourneyPattern>
                <StopPointInJourneyPattern id="VTR:StopPointInJourneyPattern:102230379" version="2935136" order="8">
                  <ScheduledStopPointRef ref="VTR:ScheduledStopPoint:1447040"/>
                  <DestinationDisplayRef ref="VTR:DestinationDisplay:1"/>
                </StopPointInJourneyPattern>
                <StopPointInJourneyPattern id="VTR:StopPointInJourneyPattern:102230380" version="2935136" order="9">
                  <ScheduledStopPointRef ref="VTR:ScheduledStopPoint:1447048"/>
                  <DestinationDisplayRef ref="VTR:DestinationDisplay:1"/>
                </StopPointInJourneyPattern>
                <StopPointInJourneyPattern id="VTR:StopPointInJourneyPattern:102230381" version="2935136" order="10">
                  <ScheduledStopPointRef ref="VTR:ScheduledStopPoint:1447049"/>
                  <DestinationDisplayRef ref="VTR:DestinationDisplay:1"/>
                </StopPointInJourneyPattern>
                <StopPointInJourneyPattern id="VTR:StopPointInJourneyPattern:102230382" version="2935136" order="11">
                  <ScheduledStopPointRef ref="VTR:ScheduledStopPoint:1447043"/>
                  <DestinationDisplayRef ref="VTR:DestinationDisplay:1"/>
                </StopPointInJourneyPattern>
                <StopPointInJourneyPattern id="VTR:StopPointInJourneyPattern:102230383" version="2935136" order="12">
                  <ScheduledStopPointRef ref="VTR:ScheduledStopPoint:1447042"/>
                  <DestinationDisplayRef ref="VTR:DestinationDisplay:1"/>
                </StopPointInJourneyPattern>
                <StopPointInJourneyPattern id="VTR:StopPointInJourneyPattern:102230384" version="2935136" order="13">
                  <ScheduledStopPointRef ref="VTR:ScheduledStopPoint:1447050"/>
                  <DestinationDisplayRef ref="VTR:DestinationDisplay:1"/>
                </StopPointInJourneyPattern>
                <StopPointInJourneyPattern id="VTR:StopPointInJourneyPattern:102230385" version="2935136" order="14">
                  <ScheduledStopPointRef ref="VTR:ScheduledStopPoint:1447038"/>
                  <DestinationDisplayRef ref="VTR:DestinationDisplay:1"/>
                </StopPointInJourneyPattern>
                <StopPointInJourneyPattern id="VTR:StopPointInJourneyPattern:102230386" version="2935136" order="15">
                  <ScheduledStopPointRef ref="VTR:ScheduledStopPoint:1447051"/>
                  <DestinationDisplayRef ref="VTR:DestinationDisplay:1"/>
                </StopPointInJourneyPattern>
              </pointsInSequence>
            </JourneyPattern>
            <JourneyPattern id="VTR:JourneyPattern:2933039" version="2935132">
              <Name>1</Name>
              <RouteRef ref="VTR:Route:18143" version="1"/>
              <pointsInSequence>
                <StopPointInJourneyPattern id="VTR:StopPointInJourneyPattern:102230300" version="2935132" order="1">
                  <ScheduledStopPointRef ref="VTR:ScheduledStopPoint:1447037"/>
                  <DestinationDisplayRef ref="VTR:DestinationDisplay:1"/>
                </StopPointInJourneyPattern>
                <StopPointInJourneyPattern id="VTR:StopPointInJourneyPattern:102230314" version="2935132" order="2">
                  <ScheduledStopPointRef ref="VTR:ScheduledStopPoint:1447044"/>
                  <DestinationDisplayRef ref="VTR:DestinationDisplay:1"/>
                </StopPointInJourneyPattern>
                <StopPointInJourneyPattern id="VTR:StopPointInJourneyPattern:102230315" version="2935132" order="3">
                  <ScheduledStopPointRef ref="VTR:ScheduledStopPoint:1447045"/>
                  <DestinationDisplayRef ref="VTR:DestinationDisplay:1"/>
                </StopPointInJourneyPattern>
                <StopPointInJourneyPattern id="VTR:StopPointInJourneyPattern:102230316" version="2935132" order="4">
                  <ScheduledStopPointRef ref="VTR:ScheduledStopPoint:1447046"/>
                  <DestinationDisplayRef ref="VTR:DestinationDisplay:1"/>
                </StopPointInJourneyPattern>
                <StopPointInJourneyPattern id="VTR:StopPointInJourneyPattern:102230317" version="2935132" order="5">
                  <ScheduledStopPointRef ref="VTR:ScheduledStopPoint:1447041"/>
                  <DestinationDisplayRef ref="VTR:DestinationDisplay:1"/>
                </StopPointInJourneyPattern>
                <StopPointInJourneyPattern id="VTR:StopPointInJourneyPattern:102230318" version="2935132" order="6">
                  <ScheduledStopPointRef ref="VTR:ScheduledStopPoint:1447039"/>
                  <DestinationDisplayRef ref="VTR:DestinationDisplay:1"/>
                </StopPointInJourneyPattern>
                <StopPointInJourneyPattern id="VTR:StopPointInJourneyPattern:102230319" version="2935132" order="7">
                  <ScheduledStopPointRef ref="VTR:ScheduledStopPoint:1447047"/>
                  <DestinationDisplayRef ref="VTR:DestinationDisplay:1"/>
                </StopPointInJourneyPattern>
                <StopPointInJourneyPattern id="VTR:StopPointInJourneyPattern:102230320" version="2935132" order="8">
                  <ScheduledStopPointRef ref="VTR:ScheduledStopPoint:1447040"/>
                  <DestinationDisplayRef ref="VTR:DestinationDisplay:1"/>
                </StopPointInJourneyPattern>
                <StopPointInJourneyPattern id="VTR:StopPointInJourneyPattern:102230321" version="2935132" order="9">
                  <ScheduledStopPointRef ref="VTR:ScheduledStopPoint:1447048"/>
                  <DestinationDisplayRef ref="VTR:DestinationDisplay:1"/>
                </StopPointInJourneyPattern>
                <StopPointInJourneyPattern id="VTR:StopPointInJourneyPattern:102230322" version="2935132" order="10">
                  <ScheduledStopPointRef ref="VTR:ScheduledStopPoint:1447049"/>
                  <DestinationDisplayRef ref="VTR:DestinationDisplay:1"/>
                </StopPointInJourneyPattern>
                <StopPointInJourneyPattern id="VTR:StopPointInJourneyPattern:102230323" version="2935132" order="11">
                  <ScheduledStopPointRef ref="VTR:ScheduledStopPoint:1447043"/>
                  <DestinationDisplayRef ref="VTR:DestinationDisplay:1"/>
                </StopPointInJourneyPattern>
                <StopPointInJourneyPattern id="VTR:StopPointInJourneyPattern:102230324" version="2935132" order="12">
                  <ScheduledStopPointRef ref="VTR:ScheduledStopPoint:1447042"/>
                  <DestinationDisplayRef ref="VTR:DestinationDisplay:1"/>
                </StopPointInJourneyPattern>
                <StopPointInJourneyPattern id="VTR:StopPointInJourneyPattern:102230325" version="2935132" order="13">
                  <ScheduledStopPointRef ref="VTR:ScheduledStopPoint:1447050"/>
                  <DestinationDisplayRef ref="VTR:DestinationDisplay:1"/>
                </StopPointInJourneyPattern>
                <StopPointInJourneyPattern id="VTR:StopPointInJourneyPattern:102230326" version="2935132" order="14">
                  <ScheduledStopPointRef ref="VTR:ScheduledStopPoint:1447038"/>
                  <DestinationDisplayRef ref="VTR:DestinationDisplay:1"/>
                </StopPointInJourneyPattern>
                <StopPointInJourneyPattern id="VTR:StopPointInJourneyPattern:102230327" version="2935132" order="15">
                  <ScheduledStopPointRef ref="VTR:ScheduledStopPoint:1447051"/>
                  <DestinationDisplayRef ref="VTR:DestinationDisplay:1"/>
                </StopPointInJourneyPattern>
              </pointsInSequence>
            </JourneyPattern>
            <JourneyPattern id="VTR:JourneyPattern:2933042" version="2935135">
              <Name>4</Name>
              <RouteRef ref="VTR:Route:18143" version="1"/>
              <pointsInSequence>
                <StopPointInJourneyPattern id="VTR:StopPointInJourneyPattern:102230357" version="2935135" order="1">
                  <ScheduledStopPointRef ref="VTR:ScheduledStopPoint:1447037"/>
                  <DestinationDisplayRef ref="VTR:DestinationDisplay:1"/>
                </StopPointInJourneyPattern>
                <StopPointInJourneyPattern id="VTR:StopPointInJourneyPattern:102230358" version="2935135" order="2">
                  <ScheduledStopPointRef ref="VTR:ScheduledStopPoint:1447044"/>
                  <DestinationDisplayRef ref="VTR:DestinationDisplay:1"/>
                </StopPointInJourneyPattern>
                <StopPointInJourneyPattern id="VTR:StopPointInJourneyPattern:102230359" version="2935135" order="3">
                  <ScheduledStopPointRef ref="VTR:ScheduledStopPoint:1447045"/>
                  <DestinationDisplayRef ref="VTR:DestinationDisplay:1"/>
                </StopPointInJourneyPattern>
                <StopPointInJourneyPattern id="VTR:StopPointInJourneyPattern:102230360" version="2935135" order="4">
                  <ScheduledStopPointRef ref="VTR:ScheduledStopPoint:1447046"/>
                  <DestinationDisplayRef ref="VTR:DestinationDisplay:1"/>
                </StopPointInJourneyPattern>
                <StopPointInJourneyPattern id="VTR:StopPointInJourneyPattern:102230361" version="2935135" order="5">
                  <ScheduledStopPointRef ref="VTR:ScheduledStopPoint:1447041"/>
                  <DestinationDisplayRef ref="VTR:DestinationDisplay:1"/>
                </StopPointInJourneyPattern>
                <StopPointInJourneyPattern id="VTR:StopPointInJourneyPattern:102230362" version="2935135" order="6">
                  <ScheduledStopPointRef ref="VTR:ScheduledStopPoint:1447039"/>
                  <DestinationDisplayRef ref="VTR:DestinationDisplay:1"/>
                </StopPointInJourneyPattern>
                <StopPointInJourneyPattern id="VTR:StopPointInJourneyPattern:102230363" version="2935135" order="7">
                  <ScheduledStopPointRef ref="VTR:ScheduledStopPoint:1447047"/>
                  <DestinationDisplayRef ref="VTR:DestinationDisplay:1"/>
                </StopPointInJourneyPattern>
                <StopPointInJourneyPattern id="VTR:StopPointInJourneyPattern:102230364" version="2935135" order="8">
                  <ScheduledStopPointRef ref="VTR:ScheduledStopPoint:1447040"/>
                  <DestinationDisplayRef ref="VTR:DestinationDisplay:1"/>
                </StopPointInJourneyPattern>
                <StopPointInJourneyPattern id="VTR:StopPointInJourneyPattern:102230365" version="2935135" order="9">
                  <ScheduledStopPointRef ref="VTR:ScheduledStopPoint:1447048"/>
                  <DestinationDisplayRef ref="VTR:DestinationDisplay:1"/>
                </StopPointInJourneyPattern>
                <StopPointInJourneyPattern id="VTR:StopPointInJourneyPattern:102230366" version="2935135" order="10">
                  <ScheduledStopPointRef ref="VTR:ScheduledStopPoint:1447049"/>
                  <DestinationDisplayRef ref="VTR:DestinationDisplay:1"/>
                </StopPointInJourneyPattern>
                <StopPointInJourneyPattern id="VTR:StopPointInJourneyPattern:102230367" version="2935135" order="11">
                  <ScheduledStopPointRef ref="VTR:ScheduledStopPoint:1447043"/>
                  <DestinationDisplayRef ref="VTR:DestinationDisplay:1"/>
                </StopPointInJourneyPattern>
                <StopPointInJourneyPattern id="VTR:StopPointInJourneyPattern:102230368" version="2935135" order="12">
                  <ScheduledStopPointRef ref="VTR:ScheduledStopPoint:1447042"/>
                  <DestinationDisplayRef ref="VTR:DestinationDisplay:1"/>
                </StopPointInJourneyPattern>
                <StopPointInJourneyPattern id="VTR:StopPointInJourneyPattern:102230369" version="2935135" order="13">
                  <ScheduledStopPointRef ref="VTR:ScheduledStopPoint:1447050"/>
                  <DestinationDisplayRef ref="VTR:DestinationDisplay:1"/>
                </StopPointInJourneyPattern>
                <StopPointInJourneyPattern id="VTR:StopPointInJourneyPattern:102230370" version="2935135" order="14">
                  <ScheduledStopPointRef ref="VTR:ScheduledStopPoint:1447038"/>
                  <DestinationDisplayRef ref="VTR:DestinationDisplay:1"/>
                </StopPointInJourneyPattern>
                <StopPointInJourneyPattern id="VTR:StopPointInJourneyPattern:102230371" version="2935135" order="15">
                  <ScheduledStopPointRef ref="VTR:ScheduledStopPoint:1447051"/>
                  <DestinationDisplayRef ref="VTR:DestinationDisplay:1"/>
                </StopPointInJourneyPattern>
              </pointsInSequence>
            </JourneyPattern>
            <JourneyPattern id="VTR:JourneyPattern:2933041" version="2935134">
              <Name>3</Name>
              <RouteRef ref="VTR:Route:18143" version="1"/>
              <pointsInSequence>
                <StopPointInJourneyPattern id="VTR:StopPointInJourneyPattern:102230342" version="2935134" order="1">
                  <ScheduledStopPointRef ref="VTR:ScheduledStopPoint:1447037"/>
                  <DestinationDisplayRef ref="VTR:DestinationDisplay:1"/>
                </StopPointInJourneyPattern>
                <StopPointInJourneyPattern id="VTR:StopPointInJourneyPattern:102230343" version="2935134" order="2">
                  <ScheduledStopPointRef ref="VTR:ScheduledStopPoint:1447044"/>
                  <DestinationDisplayRef ref="VTR:DestinationDisplay:1"/>
                </StopPointInJourneyPattern>
                <StopPointInJourneyPattern id="VTR:StopPointInJourneyPattern:102230344" version="2935134" order="3">
                  <ScheduledStopPointRef ref="VTR:ScheduledStopPoint:1447045"/>
                  <DestinationDisplayRef ref="VTR:DestinationDisplay:1"/>
                </StopPointInJourneyPattern>
                <StopPointInJourneyPattern id="VTR:StopPointInJourneyPattern:102230345" version="2935134" order="4">
                  <ScheduledStopPointRef ref="VTR:ScheduledStopPoint:1447046"/>
                  <DestinationDisplayRef ref="VTR:DestinationDisplay:1"/>
                </StopPointInJourneyPattern>
                <StopPointInJourneyPattern id="VTR:StopPointInJourneyPattern:102230346" version="2935134" order="5">
                  <ScheduledStopPointRef ref="VTR:ScheduledStopPoint:1447041"/>
                  <DestinationDisplayRef ref="VTR:DestinationDisplay:1"/>
                </StopPointInJourneyPattern>
                <StopPointInJourneyPattern id="VTR:StopPointInJourneyPattern:102230347" version="2935134" order="6">
                  <ScheduledStopPointRef ref="VTR:ScheduledStopPoint:1447039"/>
                  <DestinationDisplayRef ref="VTR:DestinationDisplay:1"/>
                </StopPointInJourneyPattern>
                <StopPointInJourneyPattern id="VTR:StopPointInJourneyPattern:102230348" version="2935134" order="7">
                  <ScheduledStopPointRef ref="VTR:ScheduledStopPoint:1447047"/>
                  <DestinationDisplayRef ref="VTR:DestinationDisplay:1"/>
                </StopPointInJourneyPattern>
                <StopPointInJourneyPattern id="VTR:StopPointInJourneyPattern:102230349" version="2935134" order="8">
                  <ScheduledStopPointRef ref="VTR:ScheduledStopPoint:1447040"/>
                  <DestinationDisplayRef ref="VTR:DestinationDisplay:1"/>
                </StopPointInJourneyPattern>
                <StopPointInJourneyPattern id="VTR:StopPointInJourneyPattern:102230350" version="2935134" order="9">
                  <ScheduledStopPointRef ref="VTR:ScheduledStopPoint:1447048"/>
                  <DestinationDisplayRef ref="VTR:DestinationDisplay:1"/>
                </StopPointInJourneyPattern>
                <StopPointInJourneyPattern id="VTR:StopPointInJourneyPattern:102230351" version="2935134" order="10">
                  <ScheduledStopPointRef ref="VTR:ScheduledStopPoint:1447049"/>
                  <DestinationDisplayRef ref="VTR:DestinationDisplay:1"/>
                </StopPointInJourneyPattern>
                <StopPointInJourneyPattern id="VTR:StopPointInJourneyPattern:102230352" version="2935134" order="11">
                  <ScheduledStopPointRef ref="VTR:ScheduledStopPoint:1447043"/>
                  <DestinationDisplayRef ref="VTR:DestinationDisplay:1"/>
                </StopPointInJourneyPattern>
                <StopPointInJourneyPattern id="VTR:StopPointInJourneyPattern:102230353" version="2935134" order="12">
                  <ScheduledStopPointRef ref="VTR:ScheduledStopPoint:1447042"/>
                  <DestinationDisplayRef ref="VTR:DestinationDisplay:1"/>
                </StopPointInJourneyPattern>
                <StopPointInJourneyPattern id="VTR:StopPointInJourneyPattern:102230354" version="2935134" order="13">
                  <ScheduledStopPointRef ref="VTR:ScheduledStopPoint:1447050"/>
                  <DestinationDisplayRef ref="VTR:DestinationDisplay:1"/>
                </StopPointInJourneyPattern>
                <StopPointInJourneyPattern id="VTR:StopPointInJourneyPattern:102230355" version="2935134" order="14">
                  <ScheduledStopPointRef ref="VTR:ScheduledStopPoint:1447038"/>
                  <DestinationDisplayRef ref="VTR:DestinationDisplay:1"/>
                </StopPointInJourneyPattern>
                <StopPointInJourneyPattern id="VTR:StopPointInJourneyPattern:102230356" version="2935134" order="15">
                  <ScheduledStopPointRef ref="VTR:ScheduledStopPoint:1447051"/>
                  <DestinationDisplayRef ref="VTR:DestinationDisplay:1"/>
                </StopPointInJourneyPattern>
              </pointsInSequence>
            </JourneyPattern>
          </journeyPatterns>
        </ServiceFrame>
        <TimetableFrame version="1" id="VTR:TimetableFrame:1358">
          <vehicleJourneys>
            <ServiceJourney version="2935132" id="VTR:ServiceJourney:2933039">
              <Name>Anykščių m. autobusų stotis - Anykščių naujosios kapinės</Name>
              <PrivateCode>1</PrivateCode>
              <dayTypes>
                <DayTypeRef ref="VTR:DayType:8810"/>
              </dayTypes>
              <JourneyPatternRef version="2935132" ref="VTR:JourneyPattern:2933039"/>
              <OperatorRef ref="VTR:Operator:83950"/>
              <LineRef ref="VTR:Line:4802" version="8045"/>
              <passingTimes>
                <TimetabledPassingTime version="2935132" id="VTR:TimetabledPassingTime:2933039_102230300_1">
                  <StopPointInJourneyPatternRef ref="VTR:StopPointInJourneyPattern:102230300" version="2935132"/>
                  <DepartureTime>08:15:00</DepartureTime>
                  <DepartureDayOffset>0</DepartureDayOffset>
                </TimetabledPassingTime>
                <TimetabledPassingTime version="2935132" id="VTR:TimetabledPassingTime:2933039_102230314_2">
                  <StopPointInJourneyPatternRef ref="VTR:StopPointInJourneyPattern:102230314" version="2935132"/>
                  <DepartureTime>08:17:00</DepartureTime>
                  <DepartureDayOffset>0</DepartureDayOffset>
                </TimetabledPassingTime>
                <TimetabledPassingTime version="2935132" id="VTR:TimetabledPassingTime:2933039_102230315_3">
                  <StopPointInJourneyPatternRef ref="VTR:StopPointInJourneyPattern:102230315" version="2935132"/>
                  <DepartureTime>08:20:00</DepartureTime>
                  <DepartureDayOffset>0</DepartureDayOffset>
                </TimetabledPassingTime>
                <TimetabledPassingTime version="2935132" id="VTR:TimetabledPassingTime:2933039_102230316_4">
                  <StopPointInJourneyPatternRef ref="VTR:StopPointInJourneyPattern:102230316" version="2935132"/>
                  <DepartureTime>08:25:00</DepartureTime>
                  <DepartureDayOffset>0</DepartureDayOffset>
                </TimetabledPassingTime>
                <TimetabledPassingTime version="2935132" id="VTR:TimetabledPassingTime:2933039_102230317_5">
                  <StopPointInJourneyPatternRef ref="VTR:StopPointInJourneyPattern:102230317" version="2935132"/>
                  <DepartureTime>08:28:00</DepartureTime>
                  <DepartureDayOffset>0</DepartureDayOffset>
                </TimetabledPassingTime>
                <TimetabledPassingTime version="2935132" id="VTR:TimetabledPassingTime:2933039_102230318_6">
                  <StopPointInJourneyPatternRef ref="VTR:StopPointInJourneyPattern:102230318" version="2935132"/>
                  <DepartureTime>08:32:00</DepartureTime>
                  <DepartureDayOffset>0</DepartureDayOffset>
                </TimetabledPassingTime>
                <TimetabledPassingTime version="2935132" id="VTR:TimetabledPassingTime:2933039_102230319_7">
                  <StopPointInJourneyPatternRef ref="VTR:StopPointInJourneyPattern:102230319" version="2935132"/>
                  <DepartureTime>08:40:00</DepartureTime>
                  <DepartureDayOffset>0</DepartureDayOffset>
                </TimetabledPassingTime>
                <TimetabledPassingTime version="2935132" id="VTR:TimetabledPassingTime:2933039_102230320_8">
                  <StopPointInJourneyPatternRef ref="VTR:StopPointInJourneyPattern:102230320" version="2935132"/>
                  <DepartureTime>08:44:00</DepartureTime>
                  <DepartureDayOffset>0</DepartureDayOffset>
                </TimetabledPassingTime>
                <TimetabledPassingTime version="2935132" id="VTR:TimetabledPassingTime:2933039_102230321_9">
                  <StopPointInJourneyPatternRef ref="VTR:StopPointInJourneyPattern:102230321" version="2935132"/>
                  <DepartureTime>08:46:00</DepartureTime>
                  <DepartureDayOffset>0</DepartureDayOffset>
                </TimetabledPassingTime>
                <TimetabledPassingTime version="2935132" id="VTR:TimetabledPassingTime:2933039_102230322_10">
                  <StopPointInJourneyPatternRef ref="VTR:StopPointInJourneyPattern:102230322" version="2935132"/>
                  <DepartureTime>08:48:00</DepartureTime>
                  <DepartureDayOffset>0</DepartureDayOffset>
                </TimetabledPassingTime>
                <TimetabledPassingTime version="2935132" id="VTR:TimetabledPassingTime:2933039_102230323_11">
                  <StopPointInJourneyPatternRef ref="VTR:StopPointInJourneyPattern:102230323" version="2935132"/>
                  <DepartureTime>08:50:00</DepartureTime>
                  <DepartureDayOffset>0</DepartureDayOffset>
                </TimetabledPassingTime>
                <TimetabledPassingTime version="2935132" id="VTR:TimetabledPassingTime:2933039_102230324_12">
                  <StopPointInJourneyPatternRef ref="VTR:StopPointInJourneyPattern:102230324" version="2935132"/>
                  <DepartureTime>08:51:00</DepartureTime>
                  <DepartureDayOffset>0</DepartureDayOffset>
                </TimetabledPassingTime>
                <TimetabledPassingTime version="2935132" id="VTR:TimetabledPassingTime:2933039_102230325_13">
                  <StopPointInJourneyPatternRef ref="VTR:StopPointInJourneyPattern:102230325" version="2935132"/>
                  <DepartureTime>08:52:00</DepartureTime>
                  <DepartureDayOffset>0</DepartureDayOffset>
                </TimetabledPassingTime>
                <TimetabledPassingTime version="2935132" id="VTR:TimetabledPassingTime:2933039_102230326_14">
                  <StopPointInJourneyPatternRef ref="VTR:StopPointInJourneyPattern:102230326" version="2935132"/>
                  <DepartureTime>08:54:00</DepartureTime>
                  <DepartureDayOffset>0</DepartureDayOffset>
                </TimetabledPassingTime>
                <TimetabledPassingTime version="2935132" id="VTR:TimetabledPassingTime:2933039_102230327_15">
                  <StopPointInJourneyPatternRef ref="VTR:StopPointInJourneyPattern:102230327" version="2935132"/>
                  <DepartureTime>08:55:00</DepartureTime>
                  <DepartureDayOffset>0</DepartureDayOffset>
                </TimetabledPassingTime>
              </passingTimes>
            </ServiceJourney>
            <ServiceJourney version="2935134" id="VTR:ServiceJourney:2933041">
              <Name>Anykščių m. autobusų stotis - Anykščių naujosios kapinės</Name>
              <PrivateCode>3</PrivateCode>
              <dayTypes>
                <DayTypeRef ref="VTR:DayType:8810"/>
              </dayTypes>
              <JourneyPatternRef version="2935134" ref="VTR:JourneyPattern:2933041"/>
              <OperatorRef ref="VTR:Operator:83950"/>
              <LineRef ref="VTR:Line:4802" version="8045"/>
              <passingTimes>
                <TimetabledPassingTime version="2935134" id="VTR:TimetabledPassingTime:2933041_102230342_1">
                  <StopPointInJourneyPatternRef ref="VTR:StopPointInJourneyPattern:102230342" version="2935134"/>
                  <DepartureTime>10:20:00</DepartureTime>
                  <DepartureDayOffset>0</DepartureDayOffset>
                </TimetabledPassingTime>
                <TimetabledPassingTime version="2935134" id="VTR:TimetabledPassingTime:2933041_102230343_2">
                  <StopPointInJourneyPatternRef ref="VTR:StopPointInJourneyPattern:102230343" version="2935134"/>
                  <DepartureTime>10:22:00</DepartureTime>
                  <DepartureDayOffset>0</DepartureDayOffset>
                </TimetabledPassingTime>
                <TimetabledPassingTime version="2935134" id="VTR:TimetabledPassingTime:2933041_102230344_3">
                  <StopPointInJourneyPatternRef ref="VTR:StopPointInJourneyPattern:102230344" version="2935134"/>
                  <DepartureTime>10:25:00</DepartureTime>
                  <DepartureDayOffset>0</DepartureDayOffset>
                </TimetabledPassingTime>
                <TimetabledPassingTime version="2935134" id="VTR:TimetabledPassingTime:2933041_102230345_4">
                  <StopPointInJourneyPatternRef ref="VTR:StopPointInJourneyPattern:102230345" version="2935134"/>
                  <DepartureTime>10:30:00</DepartureTime>
                  <DepartureDayOffset>0</DepartureDayOffset>
                </TimetabledPassingTime>
                <TimetabledPassingTime version="2935134" id="VTR:TimetabledPassingTime:2933041_102230346_5">
                  <StopPointInJourneyPatternRef ref="VTR:StopPointInJourneyPattern:102230346" version="2935134"/>
                  <DepartureTime>10:33:00</DepartureTime>
                  <DepartureDayOffset>0</DepartureDayOffset>
                </TimetabledPassingTime>
                <TimetabledPassingTime version="2935134" id="VTR:TimetabledPassingTime:2933041_102230347_6">
                  <StopPointInJourneyPatternRef ref="VTR:StopPointInJourneyPattern:102230347" version="2935134"/>
                  <DepartureTime>10:37:00</DepartureTime>
                  <DepartureDayOffset>0</DepartureDayOffset>
                </TimetabledPassingTime>
                <TimetabledPassingTime version="2935134" id="VTR:TimetabledPassingTime:2933041_102230348_7">
                  <StopPointInJourneyPatternRef ref="VTR:StopPointInJourneyPattern:102230348" version="2935134"/>
                  <DepartureTime>10:45:00</DepartureTime>
                  <DepartureDayOffset>0</DepartureDayOffset>
                </TimetabledPassingTime>
                <TimetabledPassingTime version="2935134" id="VTR:TimetabledPassingTime:2933041_102230349_8">
                  <StopPointInJourneyPatternRef ref="VTR:StopPointInJourneyPattern:102230349" version="2935134"/>
                  <DepartureTime>10:49:00</DepartureTime>
                  <DepartureDayOffset>0</DepartureDayOffset>
                </TimetabledPassingTime>
                <TimetabledPassingTime version="2935134" id="VTR:TimetabledPassingTime:2933041_102230350_9">
                  <StopPointInJourneyPatternRef ref="VTR:StopPointInJourneyPattern:102230350" version="2935134"/>
                  <DepartureTime>10:51:00</DepartureTime>
                  <DepartureDayOffset>0</DepartureDayOffset>
                </TimetabledPassingTime>
                <TimetabledPassingTime version="2935134" id="VTR:TimetabledPassingTime:2933041_102230351_10">
                  <StopPointInJourneyPatternRef ref="VTR:StopPointInJourneyPattern:102230351" version="2935134"/>
                  <DepartureTime>10:53:00</DepartureTime>
                  <DepartureDayOffset>0</DepartureDayOffset>
                </TimetabledPassingTime>
                <TimetabledPassingTime version="2935134" id="VTR:TimetabledPassingTime:2933041_102230352_11">
                  <StopPointInJourneyPatternRef ref="VTR:StopPointInJourneyPattern:102230352" version="2935134"/>
                  <DepartureTime>10:55:00</DepartureTime>
                  <DepartureDayOffset>0</DepartureDayOffset>
                </TimetabledPassingTime>
                <TimetabledPassingTime version="2935134" id="VTR:TimetabledPassingTime:2933041_102230353_12">
                  <StopPointInJourneyPatternRef ref="VTR:StopPointInJourneyPattern:102230353" version="2935134"/>
                  <DepartureTime>10:56:00</DepartureTime>
                  <DepartureDayOffset>0</DepartureDayOffset>
                </TimetabledPassingTime>
                <TimetabledPassingTime version="2935134" id="VTR:TimetabledPassingTime:2933041_102230354_13">
                  <StopPointInJourneyPatternRef ref="VTR:StopPointInJourneyPattern:102230354" version="2935134"/>
                  <DepartureTime>10:57:00</DepartureTime>
                  <DepartureDayOffset>0</DepartureDayOffset>
                </TimetabledPassingTime>
                <TimetabledPassingTime version="2935134" id="VTR:TimetabledPassingTime:2933041_102230355_14">
                  <StopPointInJourneyPatternRef ref="VTR:StopPointInJourneyPattern:102230355" version="2935134"/>
                  <DepartureTime>10:59:00</DepartureTime>
                  <DepartureDayOffset>0</DepartureDayOffset>
                </TimetabledPassingTime>
                <TimetabledPassingTime version="2935134" id="VTR:TimetabledPassingTime:2933041_102230356_15">
                  <StopPointInJourneyPatternRef ref="VTR:StopPointInJourneyPattern:102230356" version="2935134"/>
                  <DepartureTime>11:00:00</DepartureTime>
                  <DepartureDayOffset>0</DepartureDayOffset>
                </TimetabledPassingTime>
              </passingTimes>
            </ServiceJourney>
            <ServiceJourney version="2935136" id="VTR:ServiceJourney:2933043">
              <Name>Anykščių m. autobusų stotis - Anykščių naujosios kapinės</Name>
              <PrivateCode>5</PrivateCode>
              <dayTypes>
                <DayTypeRef ref="VTR:DayType:8810"/>
              </dayTypes>
              <JourneyPatternRef version="2935136" ref="VTR:JourneyPattern:2933043"/>
              <OperatorRef ref="VTR:Operator:83950"/>
              <LineRef ref="VTR:Line:4802" version="8045"/>
              <passingTimes>
                <TimetabledPassingTime version="2935136" id="VTR:TimetabledPassingTime:2933043_102230372_1">
                  <StopPointInJourneyPatternRef ref="VTR:StopPointInJourneyPattern:102230372" version="2935136"/>
                  <DepartureTime>13:20:00</DepartureTime>
                  <DepartureDayOffset>0</DepartureDayOffset>
                </TimetabledPassingTime>
                <TimetabledPassingTime version="2935136" id="VTR:TimetabledPassingTime:2933043_102230373_2">
                  <StopPointInJourneyPatternRef ref="VTR:StopPointInJourneyPattern:102230373" version="2935136"/>
                  <DepartureTime>13:22:00</DepartureTime>
                  <DepartureDayOffset>0</DepartureDayOffset>
                </TimetabledPassingTime>
                <TimetabledPassingTime version="2935136" id="VTR:TimetabledPassingTime:2933043_102230374_3">
                  <StopPointInJourneyPatternRef ref="VTR:StopPointInJourneyPattern:102230374" version="2935136"/>
                  <DepartureTime>13:25:00</DepartureTime>
                  <DepartureDayOffset>0</DepartureDayOffset>
                </TimetabledPassingTime>
                <TimetabledPassingTime version="2935136" id="VTR:TimetabledPassingTime:2933043_102230375_4">
                  <StopPointInJourneyPatternRef ref="VTR:StopPointInJourneyPattern:102230375" version="2935136"/>
                  <DepartureTime>13:30:00</DepartureTime>
                  <DepartureDayOffset>0</DepartureDayOffset>
                </TimetabledPassingTime>
                <TimetabledPassingTime version="2935136" id="VTR:TimetabledPassingTime:2933043_102230376_5">
                  <StopPointInJourneyPatternRef ref="VTR:StopPointInJourneyPattern:102230376" version="2935136"/>
                  <DepartureTime>13:33:00</DepartureTime>
                  <DepartureDayOffset>0</DepartureDayOffset>
                </TimetabledPassingTime>
                <TimetabledPassingTime version="2935136" id="VTR:TimetabledPassingTime:2933043_102230377_6">
                  <StopPointInJourneyPatternRef ref="VTR:StopPointInJourneyPattern:102230377" version="2935136"/>
                  <DepartureTime>13:37:00</DepartureTime>
                  <DepartureDayOffset>0</DepartureDayOffset>
                </TimetabledPassingTime>
                <TimetabledPassingTime version="2935136" id="VTR:TimetabledPassingTime:2933043_102230378_7">
                  <StopPointInJourneyPatternRef ref="VTR:StopPointInJourneyPattern:102230378" version="2935136"/>
                  <DepartureTime>13:45:00</DepartureTime>
                  <DepartureDayOffset>0</DepartureDayOffset>
                </TimetabledPassingTime>
                <TimetabledPassingTime version="2935136" id="VTR:TimetabledPassingTime:2933043_102230379_8">
                  <StopPointInJourneyPatternRef ref="VTR:StopPointInJourneyPattern:102230379" version="2935136"/>
                  <DepartureTime>13:49:00</DepartureTime>
                  <DepartureDayOffset>0</DepartureDayOffset>
                </TimetabledPassingTime>
                <TimetabledPassingTime version="2935136" id="VTR:TimetabledPassingTime:2933043_102230380_9">
                  <StopPointInJourneyPatternRef ref="VTR:StopPointInJourneyPattern:102230380" version="2935136"/>
                  <DepartureTime>13:51:00</DepartureTime>
                  <DepartureDayOffset>0</DepartureDayOffset>
                </TimetabledPassingTime>
                <TimetabledPassingTime version="2935136" id="VTR:TimetabledPassingTime:2933043_102230381_10">
                  <StopPointInJourneyPatternRef ref="VTR:StopPointInJourneyPattern:102230381" version="2935136"/>
                  <DepartureTime>13:53:00</DepartureTime>
                  <DepartureDayOffset>0</DepartureDayOffset>
                </TimetabledPassingTime>
                <TimetabledPassingTime version="2935136" id="VTR:TimetabledPassingTime:2933043_102230382_11">
                  <StopPointInJourneyPatternRef ref="VTR:StopPointInJourneyPattern:102230382" version="2935136"/>
                  <DepartureTime>13:55:00</DepartureTime>
                  <DepartureDayOffset>0</DepartureDayOffset>
                </TimetabledPassingTime>
                <TimetabledPassingTime version="2935136" id="VTR:TimetabledPassingTime:2933043_102230383_12">
                  <StopPointInJourneyPatternRef ref="VTR:StopPointInJourneyPattern:102230383" version="2935136"/>
                  <DepartureTime>13:56:00</DepartureTime>
                  <DepartureDayOffset>0</DepartureDayOffset>
                </TimetabledPassingTime>
                <TimetabledPassingTime version="2935136" id="VTR:TimetabledPassingTime:2933043_102230384_13">
                  <StopPointInJourneyPatternRef ref="VTR:StopPointInJourneyPattern:102230384" version="2935136"/>
                  <DepartureTime>13:57:00</DepartureTime>
                  <DepartureDayOffset>0</DepartureDayOffset>
                </TimetabledPassingTime>
                <TimetabledPassingTime version="2935136" id="VTR:TimetabledPassingTime:2933043_102230385_14">
                  <StopPointInJourneyPatternRef ref="VTR:StopPointInJourneyPattern:102230385" version="2935136"/>
                  <DepartureTime>13:59:00</DepartureTime>
                  <DepartureDayOffset>0</DepartureDayOffset>
                </TimetabledPassingTime>
                <TimetabledPassingTime version="2935136" id="VTR:TimetabledPassingTime:2933043_102230386_15">
                  <StopPointInJourneyPatternRef ref="VTR:StopPointInJourneyPattern:102230386" version="2935136"/>
                  <DepartureTime>14:00:00</DepartureTime>
                  <DepartureDayOffset>0</DepartureDayOffset>
                </TimetabledPassingTime>
              </passingTimes>
            </ServiceJourney>
            <ServiceJourney version="2935133" id="VTR:ServiceJourney:2933040">
              <Name>Anykščių m. autobusų stotis - Anykščių naujosios kapinės</Name>
              <PrivateCode>2</PrivateCode>
              <dayTypes>
                <DayTypeRef ref="VTR:DayType:8810"/>
              </dayTypes>
              <JourneyPatternRef version="2935133" ref="VTR:JourneyPattern:2933040"/>
              <OperatorRef ref="VTR:Operator:83950"/>
              <LineRef ref="VTR:Line:4802" version="8045"/>
              <passingTimes>
                <TimetabledPassingTime version="2935133" id="VTR:TimetabledPassingTime:2933040_102230307_1">
                  <StopPointInJourneyPatternRef ref="VTR:StopPointInJourneyPattern:102230307" version="2935133"/>
                  <DepartureTime>09:20:00</DepartureTime>
                  <DepartureDayOffset>0</DepartureDayOffset>
                </TimetabledPassingTime>
                <TimetabledPassingTime version="2935133" id="VTR:TimetabledPassingTime:2933040_102230328_2">
                  <StopPointInJourneyPatternRef ref="VTR:StopPointInJourneyPattern:102230328" version="2935133"/>
                  <DepartureTime>09:22:00</DepartureTime>
                  <DepartureDayOffset>0</DepartureDayOffset>
                </TimetabledPassingTime>
                <TimetabledPassingTime version="2935133" id="VTR:TimetabledPassingTime:2933040_102230329_3">
                  <StopPointInJourneyPatternRef ref="VTR:StopPointInJourneyPattern:102230329" version="2935133"/>
                  <DepartureTime>09:25:00</DepartureTime>
                  <DepartureDayOffset>0</DepartureDayOffset>
                </TimetabledPassingTime>
                <TimetabledPassingTime version="2935133" id="VTR:TimetabledPassingTime:2933040_102230330_4">
                  <StopPointInJourneyPatternRef ref="VTR:StopPointInJourneyPattern:102230330" version="2935133"/>
                  <DepartureTime>09:30:00</DepartureTime>
                  <DepartureDayOffset>0</DepartureDayOffset>
                </TimetabledPassingTime>
                <TimetabledPassingTime version="2935133" id="VTR:TimetabledPassingTime:2933040_102230331_5">
                  <StopPointInJourneyPatternRef ref="VTR:StopPointInJourneyPattern:102230331" version="2935133"/>
                  <DepartureTime>09:33:00</DepartureTime>
                  <DepartureDayOffset>0</DepartureDayOffset>
                </TimetabledPassingTime>
                <TimetabledPassingTime version="2935133" id="VTR:TimetabledPassingTime:2933040_102230332_6">
                  <StopPointInJourneyPatternRef ref="VTR:StopPointInJourneyPattern:102230332" version="2935133"/>
                  <DepartureTime>09:37:00</DepartureTime>
                  <DepartureDayOffset>0</DepartureDayOffset>
                </TimetabledPassingTime>
                <TimetabledPassingTime version="2935133" id="VTR:TimetabledPassingTime:2933040_102230333_7">
                  <StopPointInJourneyPatternRef ref="VTR:StopPointInJourneyPattern:102230333" version="2935133"/>
                  <DepartureTime>09:45:00</DepartureTime>
                  <DepartureDayOffset>0</DepartureDayOffset>
                </TimetabledPassingTime>
                <TimetabledPassingTime version="2935133" id="VTR:TimetabledPassingTime:2933040_102230334_8">
                  <StopPointInJourneyPatternRef ref="VTR:StopPointInJourneyPattern:102230334" version="2935133"/>
                  <DepartureTime>09:49:00</DepartureTime>
                  <DepartureDayOffset>0</DepartureDayOffset>
                </TimetabledPassingTime>
                <TimetabledPassingTime version="2935133" id="VTR:TimetabledPassingTime:2933040_102230335_9">
                  <StopPointInJourneyPatternRef ref="VTR:StopPointInJourneyPattern:102230335" version="2935133"/>
                  <DepartureTime>09:51:00</DepartureTime>
                  <DepartureDayOffset>0</DepartureDayOffset>
                </TimetabledPassingTime>
                <TimetabledPassingTime version="2935133" id="VTR:TimetabledPassingTime:2933040_102230336_10">
                  <StopPointInJourneyPatternRef ref="VTR:StopPointInJourneyPattern:102230336" version="2935133"/>
                  <DepartureTime>09:53:00</DepartureTime>
                  <DepartureDayOffset>0</DepartureDayOffset>
                </TimetabledPassingTime>
                <TimetabledPassingTime version="2935133" id="VTR:TimetabledPassingTime:2933040_102230337_11">
                  <StopPointInJourneyPatternRef ref="VTR:StopPointInJourneyPattern:102230337" version="2935133"/>
                  <DepartureTime>09:55:00</DepartureTime>
                  <DepartureDayOffset>0</DepartureDayOffset>
                </TimetabledPassingTime>
                <TimetabledPassingTime version="2935133" id="VTR:TimetabledPassingTime:2933040_102230338_12">
                  <StopPointInJourneyPatternRef ref="VTR:StopPointInJourneyPattern:102230338" version="2935133"/>
                  <DepartureTime>09:56:00</DepartureTime>
                  <DepartureDayOffset>0</DepartureDayOffset>
                </TimetabledPassingTime>
                <TimetabledPassingTime version="2935133" id="VTR:TimetabledPassingTime:2933040_102230339_13">
                  <StopPointInJourneyPatternRef ref="VTR:StopPointInJourneyPattern:102230339" version="2935133"/>
                  <DepartureTime>09:57:00</DepartureTime>
                  <DepartureDayOffset>0</DepartureDayOffset>
                </TimetabledPassingTime>
                <TimetabledPassingTime version="2935133" id="VTR:TimetabledPassingTime:2933040_102230340_14">
                  <StopPointInJourneyPatternRef ref="VTR:StopPointInJourneyPattern:102230340" version="2935133"/>
                  <DepartureTime>09:59:00</DepartureTime>
                  <DepartureDayOffset>0</DepartureDayOffset>
                </TimetabledPassingTime>
                <TimetabledPassingTime version="2935133" id="VTR:TimetabledPassingTime:2933040_102230341_15">
                  <StopPointInJourneyPatternRef ref="VTR:StopPointInJourneyPattern:102230341" version="2935133"/>
                  <DepartureTime>10:00:00</DepartureTime>
                  <DepartureDayOffset>0</DepartureDayOffset>
                </TimetabledPassingTime>
              </passingTimes>
            </ServiceJourney>
            <ServiceJourney version="2935135" id="VTR:ServiceJourney:2933042">
              <Name>Anykščių m. autobusų stotis - Anykščių naujosios kapinės</Name>
              <PrivateCode>4</PrivateCode>
              <dayTypes>
                <DayTypeRef ref="VTR:DayType:8810"/>
              </dayTypes>
              <JourneyPatternRef version="2935135" ref="VTR:JourneyPattern:2933042"/>
              <OperatorRef ref="VTR:Operator:83950"/>
              <LineRef ref="VTR:Line:4802" version="8045"/>
              <passingTimes>
                <TimetabledPassingTime version="2935135" id="VTR:TimetabledPassingTime:2933042_102230357_1">
                  <StopPointInJourneyPatternRef ref="VTR:StopPointInJourneyPattern:102230357" version="2935135"/>
                  <DepartureTime>12:05:00</DepartureTime>
                  <DepartureDayOffset>0</DepartureDayOffset>
                </TimetabledPassingTime>
                <TimetabledPassingTime version="2935135" id="VTR:TimetabledPassingTime:2933042_102230358_2">
                  <StopPointInJourneyPatternRef ref="VTR:StopPointInJourneyPattern:102230358" version="2935135"/>
                  <DepartureTime>12:07:00</DepartureTime>
                  <DepartureDayOffset>0</DepartureDayOffset>
                </TimetabledPassingTime>
                <TimetabledPassingTime version="2935135" id="VTR:TimetabledPassingTime:2933042_102230359_3">
                  <StopPointInJourneyPatternRef ref="VTR:StopPointInJourneyPattern:102230359" version="2935135"/>
                  <DepartureTime>12:10:00</DepartureTime>
                  <DepartureDayOffset>0</DepartureDayOffset>
                </TimetabledPassingTime>
                <TimetabledPassingTime version="2935135" id="VTR:TimetabledPassingTime:2933042_102230360_4">
                  <StopPointInJourneyPatternRef ref="VTR:StopPointInJourneyPattern:102230360" version="2935135"/>
                  <DepartureTime>12:15:00</DepartureTime>
                  <DepartureDayOffset>0</DepartureDayOffset>
                </TimetabledPassingTime>
                <TimetabledPassingTime version="2935135" id="VTR:TimetabledPassingTime:2933042_102230361_5">
                  <StopPointInJourneyPatternRef ref="VTR:StopPointInJourneyPattern:102230361" version="2935135"/>
                  <DepartureTime>12:18:00</DepartureTime>
                  <DepartureDayOffset>0</DepartureDayOffset>
                </TimetabledPassingTime>
                <TimetabledPassingTime version="2935135" id="VTR:TimetabledPassingTime:2933042_102230362_6">
                  <StopPointInJourneyPatternRef ref="VTR:StopPointInJourneyPattern:102230362" version="2935135"/>
                  <DepartureTime>12:22:00</DepartureTime>
                  <DepartureDayOffset>0</DepartureDayOffset>
                </TimetabledPassingTime>
                <TimetabledPassingTime version="2935135" id="VTR:TimetabledPassingTime:2933042_102230363_7">
                  <StopPointInJourneyPatternRef ref="VTR:StopPointInJourneyPattern:102230363" version="2935135"/>
                  <DepartureTime>12:30:00</DepartureTime>
                  <DepartureDayOffset>0</DepartureDayOffset>
                </TimetabledPassingTime>
                <TimetabledPassingTime version="2935135" id="VTR:TimetabledPassingTime:2933042_102230364_8">
                  <StopPointInJourneyPatternRef ref="VTR:StopPointInJourneyPattern:102230364" version="2935135"/>
                  <DepartureTime>12:34:00</DepartureTime>
                  <DepartureDayOffset>0</DepartureDayOffset>
                </TimetabledPassingTime>
                <TimetabledPassingTime version="2935135" id="VTR:TimetabledPassingTime:2933042_102230365_9">
                  <StopPointInJourneyPatternRef ref="VTR:StopPointInJourneyPattern:102230365" version="2935135"/>
                  <DepartureTime>12:36:00</DepartureTime>
                  <DepartureDayOffset>0</DepartureDayOffset>
                </TimetabledPassingTime>
                <TimetabledPassingTime version="2935135" id="VTR:TimetabledPassingTime:2933042_102230366_10">
                  <StopPointInJourneyPatternRef ref="VTR:StopPointInJourneyPattern:102230366" version="2935135"/>
                  <DepartureTime>12:38:00</DepartureTime>
                  <DepartureDayOffset>0</DepartureDayOffset>
                </TimetabledPassingTime>
                <TimetabledPassingTime version="2935135" id="VTR:TimetabledPassingTime:2933042_102230367_11">
                  <StopPointInJourneyPatternRef ref="VTR:StopPointInJourneyPattern:102230367" version="2935135"/>
                  <DepartureTime>12:40:00</DepartureTime>
                  <DepartureDayOffset>0</DepartureDayOffset>
                </TimetabledPassingTime>
                <TimetabledPassingTime version="2935135" id="VTR:TimetabledPassingTime:2933042_102230368_12">
                  <StopPointInJourneyPatternRef ref="VTR:StopPointInJourneyPattern:102230368" version="2935135"/>
                  <DepartureTime>12:41:00</DepartureTime>
                  <DepartureDayOffset>0</DepartureDayOffset>
                </TimetabledPassingTime>
                <TimetabledPassingTime version="2935135" id="VTR:TimetabledPassingTime:2933042_102230369_13">
                  <StopPointInJourneyPatternRef ref="VTR:StopPointInJourneyPattern:102230369" version="2935135"/>
                  <DepartureTime>12:42:00</DepartureTime>
                  <DepartureDayOffset>0</DepartureDayOffset>
                </TimetabledPassingTime>
                <TimetabledPassingTime version="2935135" id="VTR:TimetabledPassingTime:2933042_102230370_14">
                  <StopPointInJourneyPatternRef ref="VTR:StopPointInJourneyPattern:102230370" version="2935135"/>
                  <DepartureTime>12:44:00</DepartureTime>
                  <DepartureDayOffset>0</DepartureDayOffset>
                </TimetabledPassingTime>
                <TimetabledPassingTime version="2935135" id="VTR:TimetabledPassingTime:2933042_102230371_15">
                  <StopPointInJourneyPatternRef ref="VTR:StopPointInJourneyPattern:102230371" version="2935135"/>
                  <DepartureTime>12:45:00</DepartureTime>
                  <DepartureDayOffset>0</DepartureDayOffset>
                </TimetabledPassingTime>
              </passingTimes>
            </ServiceJourney>
          </vehicleJourneys>
        </TimetableFrame>
        <ResourceFrame version="1" id="VTR:ResourceFrame:1358">
          <organisations>
            <Authority version="1" id="VTR:Authority:49">
              <CompanyNumber>34</CompanyNumber>
              <Name>Anykščių r. sav.</Name>
              <LegalName>Anykščių r. sav.</LegalName>
              <ContactDetails>
                <Email>info@anyksciai.lt</Email>
                <Phone>838142350</Phone>
                <Url>www.anyksciai.lt</Url>
              </ContactDetails>
              <OrganisationType>authority</OrganisationType>
            </Authority>
          </organisations>
        </ResourceFrame>
      </frames>
    </CompositeFrame>
  </dataObjects>
</PublicationDelivery>
