<?xml version="1.0" encoding="UTF-8"?><PublicationDelivery xmlns="http://www.netex.org.uk/netex" xmlns:gis="http://www.opengis.net/gml/3.2" xmlns:ns2="http://www.opengis.net/gml/3.2" xmlns:ns3="http://www.siri.org.uk/siri" xmlns:xsi="http://www.w3.org/2001/XMLSchema-instance" version="1" xsi:schemaLocation="">
  <PublicationTimestamp>2022-05-07T01:25:00.311</PublicationTimestamp>
  <ParticipantRef>VTR</ParticipantRef>
  <Description>1</Description>
  <dataObjects>
    <CompositeFrame created="2022-05-07T01:25:00.311" version="1" id="VTR:CompositeFrame:1358">
      <validityConditions>
        <AvailabilityCondition version="1" id="VTR:AvailabilityCondition:1358">
          <FromDate>2015-09-21T10:12:15</FromDate>
          <ToDate>2027-12-30T00:00:00</ToDate>
        </AvailabilityCondition>
      </validityConditions>
      <codespaces>
        <Codespace id="vtr">
          <Xmlns>VTR</Xmlns>
          <XmlnsUrl>http://www.visimarsrutai.lt/</XmlnsUrl>
        </Codespace>
      </codespaces>
      <FrameDefaults>
        <DefaultLocale>
          <TimeZone>Europe/Vilnius</TimeZone>
        </DefaultLocale>
        <DefaultLocationSystem>WGS84</DefaultLocationSystem>
      </FrameDefaults>
      <frames>
        <ServiceCalendarFrame version="1" id="VTR:ServiceCalendarFrame:1358">
          <dayTypes>
            <DayType id="VTR:DayType:1660" version="1">
              <properties>
                <PropertyOfDay>
                  <DaysOfWeek>Monday Tuesday Wednesday Thursday Friday</DaysOfWeek>
                </PropertyOfDay>
              </properties>
            </DayType>
            <DayType id="VTR:DayType:8809" version="1">
              <properties>
                <PropertyOfDay>
                  <DaysOfWeek>Sunday</DaysOfWeek>
                </PropertyOfDay>
              </properties>
            </DayType>
          </dayTypes>
          <operatingPeriods>
            <OperatingPeriod version="1" id="VTR:OperatingPeriod:1660">
              <FromDate>2018-01-01T00:00:00</FromDate>
              <ToDate>2024-12-31T00:00:00</ToDate>
            </OperatingPeriod>
            <OperatingPeriod version="1" id="VTR:OperatingPeriod:8809">
              <FromDate>2018-01-01T00:00:00</FromDate>
              <ToDate>2024-12-31T00:00:00</ToDate>
            </OperatingPeriod>
          </operatingPeriods>
          <dayTypeAssignments>
            <DayTypeAssignment id="VTR:DayTypeAssignment:1660_0" version="1" order="1633">
              <OperatingPeriodRef ref="VTR:OperatingPeriod:1660" version="1"/>
              <DayTypeRef ref="VTR:DayType:1660" version="1"/>
            </DayTypeAssignment>
            <DayTypeAssignment id="VTR:DayTypeAssignment:8809_0" version="1" order="3721">
              <OperatingPeriodRef ref="VTR:OperatingPeriod:8809" version="1"/>
              <DayTypeRef ref="VTR:DayType:8809" version="1"/>
            </DayTypeAssignment>
          </dayTypeAssignments>
        </ServiceCalendarFrame>
        <ServiceFrame id="VTR:ServiceFrame:1358" version="1">
          <Network version="0" id="VTR:Network:49"/>
          <routePoints>
            <RoutePoint version="1" id="VTR:RoutePoint:1720085">
              <projections>
                <PointProjection version="1" id="VTR:PointProjection:67612">
                  <ProjectedPointRef ref="VTR:ScheduledStopPoint:1720085" version="1"/>
                </PointProjection>
              </projections>
            </RoutePoint>
            <RoutePoint version="1" id="VTR:RoutePoint:1720086">
              <projections>
                <PointProjection version="1" id="VTR:PointProjection:67613">
                  <ProjectedPointRef ref="VTR:ScheduledStopPoint:1720086" version="1"/>
                </PointProjection>
              </projections>
            </RoutePoint>
            <RoutePoint version="1" id="VTR:RoutePoint:1720087">
              <projections>
                <PointProjection version="1" id="VTR:PointProjection:67614">
                  <ProjectedPointRef ref="VTR:ScheduledStopPoint:1720087" version="1"/>
                </PointProjection>
              </projections>
            </RoutePoint>
            <RoutePoint version="1" id="VTR:RoutePoint:1720088">
              <projections>
                <PointProjection version="1" id="VTR:PointProjection:67615">
                  <ProjectedPointRef ref="VTR:ScheduledStopPoint:1720088" version="1"/>
                </PointProjection>
              </projections>
            </RoutePoint>
            <RoutePoint version="1" id="VTR:RoutePoint:1720089">
              <projections>
                <PointProjection version="1" id="VTR:PointProjection:67616">
                  <ProjectedPointRef ref="VTR:ScheduledStopPoint:1720089" version="1"/>
                </PointProjection>
              </projections>
            </RoutePoint>
            <RoutePoint version="1" id="VTR:RoutePoint:1720090">
              <projections>
                <PointProjection version="1" id="VTR:PointProjection:67617">
                  <ProjectedPointRef ref="VTR:ScheduledStopPoint:1720090" version="1"/>
                </PointProjection>
              </projections>
            </RoutePoint>
            <RoutePoint version="1" id="VTR:RoutePoint:1720091">
              <projections>
                <PointProjection version="1" id="VTR:PointProjection:67618">
                  <ProjectedPointRef ref="VTR:ScheduledStopPoint:1720091" version="1"/>
                </PointProjection>
              </projections>
            </RoutePoint>
            <RoutePoint version="1" id="VTR:RoutePoint:1720092">
              <projections>
                <PointProjection version="1" id="VTR:PointProjection:67619">
                  <ProjectedPointRef ref="VTR:ScheduledStopPoint:1720092" version="1"/>
                </PointProjection>
              </projections>
            </RoutePoint>
            <RoutePoint version="1" id="VTR:RoutePoint:1720093">
              <projections>
                <PointProjection version="1" id="VTR:PointProjection:67620">
                  <ProjectedPointRef ref="VTR:ScheduledStopPoint:1720093" version="1"/>
                </PointProjection>
              </projections>
            </RoutePoint>
            <RoutePoint version="1" id="VTR:RoutePoint:1720094">
              <projections>
                <PointProjection version="1" id="VTR:PointProjection:67621">
                  <ProjectedPointRef ref="VTR:ScheduledStopPoint:1720094" version="1"/>
                </PointProjection>
              </projections>
            </RoutePoint>
            <RoutePoint version="1" id="VTR:RoutePoint:1720095">
              <projections>
                <PointProjection version="1" id="VTR:PointProjection:67622">
                  <ProjectedPointRef ref="VTR:ScheduledStopPoint:1720095" version="1"/>
                </PointProjection>
              </projections>
            </RoutePoint>
            <RoutePoint version="1" id="VTR:RoutePoint:1720096">
              <projections>
                <PointProjection version="1" id="VTR:PointProjection:67623">
                  <ProjectedPointRef ref="VTR:ScheduledStopPoint:1720096" version="1"/>
                </PointProjection>
              </projections>
            </RoutePoint>
            <RoutePoint version="1" id="VTR:RoutePoint:1720097">
              <projections>
                <PointProjection version="1" id="VTR:PointProjection:67624">
                  <ProjectedPointRef ref="VTR:ScheduledStopPoint:1720097" version="1"/>
                </PointProjection>
              </projections>
            </RoutePoint>
            <RoutePoint version="1" id="VTR:RoutePoint:1720098">
              <projections>
                <PointProjection version="1" id="VTR:PointProjection:67625">
                  <ProjectedPointRef ref="VTR:ScheduledStopPoint:1720098" version="1"/>
                </PointProjection>
              </projections>
            </RoutePoint>
            <RoutePoint version="1" id="VTR:RoutePoint:1720099">
              <projections>
                <PointProjection version="1" id="VTR:PointProjection:67677">
                  <ProjectedPointRef ref="VTR:ScheduledStopPoint:1720099" version="1"/>
                </PointProjection>
              </projections>
            </RoutePoint>
            <RoutePoint version="1" id="VTR:RoutePoint:1720100">
              <projections>
                <PointProjection version="1" id="VTR:PointProjection:67678">
                  <ProjectedPointRef ref="VTR:ScheduledStopPoint:1720100" version="1"/>
                </PointProjection>
              </projections>
            </RoutePoint>
            <RoutePoint version="1" id="VTR:RoutePoint:1720101">
              <projections>
                <PointProjection version="1" id="VTR:PointProjection:67679">
                  <ProjectedPointRef ref="VTR:ScheduledStopPoint:1720101" version="1"/>
                </PointProjection>
              </projections>
            </RoutePoint>
            <RoutePoint version="1" id="VTR:RoutePoint:1720102">
              <projections>
                <PointProjection version="1" id="VTR:PointProjection:67680">
                  <ProjectedPointRef ref="VTR:ScheduledStopPoint:1720102" version="1"/>
                </PointProjection>
              </projections>
            </RoutePoint>
            <RoutePoint version="1" id="VTR:RoutePoint:1720103">
              <projections>
                <PointProjection version="1" id="VTR:PointProjection:67681">
                  <ProjectedPointRef ref="VTR:ScheduledStopPoint:1720103" version="1"/>
                </PointProjection>
              </projections>
            </RoutePoint>
            <RoutePoint version="1" id="VTR:RoutePoint:1720104">
              <projections>
                <PointProjection version="1" id="VTR:PointProjection:67682">
                  <ProjectedPointRef ref="VTR:ScheduledStopPoint:1720104" version="1"/>
                </PointProjection>
              </projections>
            </RoutePoint>
            <RoutePoint version="1" id="VTR:RoutePoint:1720105">
              <projections>
                <PointProjection version="1" id="VTR:PointProjection:67683">
                  <ProjectedPointRef ref="VTR:ScheduledStopPoint:1720105" version="1"/>
                </PointProjection>
              </projections>
            </RoutePoint>
            <RoutePoint version="1" id="VTR:RoutePoint:1720106">
              <projections>
                <PointProjection version="1" id="VTR:PointProjection:67684">
                  <ProjectedPointRef ref="VTR:ScheduledStopPoint:1720106" version="1"/>
                </PointProjection>
              </projections>
            </RoutePoint>
            <RoutePoint version="1" id="VTR:RoutePoint:1720107">
              <projections>
                <PointProjection version="1" id="VTR:PointProjection:67685">
                  <ProjectedPointRef ref="VTR:ScheduledStopPoint:1720107" version="1"/>
                </PointProjection>
              </projections>
            </RoutePoint>
            <RoutePoint version="1" id="VTR:RoutePoint:1720108">
              <projections>
                <PointProjection version="1" id="VTR:PointProjection:67686">
                  <ProjectedPointRef ref="VTR:ScheduledStopPoint:1720108" version="1"/>
                </PointProjection>
              </projections>
            </RoutePoint>
          </routePoints>
          <routes>
            <Route version="1" id="VTR:Route:20048">
              <Name>PravydžiaI - Anykščiai</Name>
              <ShortName>PravydžiaI - Anykščiai</ShortName>
              <LineRef ref="VTR:Line:2369" version="9229"/>
              <DirectionType>inbound</DirectionType>
              <pointsInSequence>
                <PointOnRoute version="1" id="VTR:PointOnRoute:1720092" order="1">
                  <RoutePointRef ref="VTR:RoutePoint:1720092"/>
                </PointOnRoute>
                <PointOnRoute version="1" id="VTR:PointOnRoute:1720095" order="2">
                  <RoutePointRef ref="VTR:RoutePoint:1720095"/>
                </PointOnRoute>
                <PointOnRoute version="1" id="VTR:PointOnRoute:1720096" order="3">
                  <RoutePointRef ref="VTR:RoutePoint:1720096"/>
                </PointOnRoute>
                <PointOnRoute version="1" id="VTR:PointOnRoute:1720093" order="4">
                  <RoutePointRef ref="VTR:RoutePoint:1720093"/>
                </PointOnRoute>
                <PointOnRoute version="1" id="VTR:PointOnRoute:1720094" order="5">
                  <RoutePointRef ref="VTR:RoutePoint:1720094"/>
                </PointOnRoute>
                <PointOnRoute version="1" id="VTR:PointOnRoute:1720091" order="6">
                  <RoutePointRef ref="VTR:RoutePoint:1720091"/>
                </PointOnRoute>
                <PointOnRoute version="1" id="VTR:PointOnRoute:1720103" order="7">
                  <RoutePointRef ref="VTR:RoutePoint:1720103"/>
                </PointOnRoute>
                <PointOnRoute version="1" id="VTR:PointOnRoute:1720104" order="8">
                  <RoutePointRef ref="VTR:RoutePoint:1720104"/>
                </PointOnRoute>
                <PointOnRoute version="1" id="VTR:PointOnRoute:1720105" order="9">
                  <RoutePointRef ref="VTR:RoutePoint:1720105"/>
                </PointOnRoute>
                <PointOnRoute version="1" id="VTR:PointOnRoute:1720106" order="10">
                  <RoutePointRef ref="VTR:RoutePoint:1720106"/>
                </PointOnRoute>
                <PointOnRoute version="1" id="VTR:PointOnRoute:1720107" order="11">
                  <RoutePointRef ref="VTR:RoutePoint:1720107"/>
                </PointOnRoute>
                <PointOnRoute version="1" id="VTR:PointOnRoute:1720108" order="12">
                  <RoutePointRef ref="VTR:RoutePoint:1720108"/>
                </PointOnRoute>
              </pointsInSequence>
            </Route>
            <Route version="1" id="VTR:Route:20047">
              <Name>Anykščiai - Pravydžiai</Name>
              <ShortName>Anykščiai - Pravydžiai</ShortName>
              <LineRef ref="VTR:Line:2369" version="9229"/>
              <DirectionType>outbound</DirectionType>
              <pointsInSequence>
                <PointOnRoute version="1" id="VTR:PointOnRoute:1720097" order="1">
                  <RoutePointRef ref="VTR:RoutePoint:1720097"/>
                </PointOnRoute>
                <PointOnRoute version="1" id="VTR:PointOnRoute:1720098" order="2">
                  <RoutePointRef ref="VTR:RoutePoint:1720098"/>
                </PointOnRoute>
                <PointOnRoute version="1" id="VTR:PointOnRoute:1720099" order="3">
                  <RoutePointRef ref="VTR:RoutePoint:1720099"/>
                </PointOnRoute>
                <PointOnRoute version="1" id="VTR:PointOnRoute:1720100" order="4">
                  <RoutePointRef ref="VTR:RoutePoint:1720100"/>
                </PointOnRoute>
                <PointOnRoute version="1" id="VTR:PointOnRoute:1720101" order="5">
                  <RoutePointRef ref="VTR:RoutePoint:1720101"/>
                </PointOnRoute>
                <PointOnRoute version="1" id="VTR:PointOnRoute:1720102" order="6">
                  <RoutePointRef ref="VTR:RoutePoint:1720102"/>
                </PointOnRoute>
                <PointOnRoute version="1" id="VTR:PointOnRoute:1720086" order="7">
                  <RoutePointRef ref="VTR:RoutePoint:1720086"/>
                </PointOnRoute>
                <PointOnRoute version="1" id="VTR:PointOnRoute:1720087" order="8">
                  <RoutePointRef ref="VTR:RoutePoint:1720087"/>
                </PointOnRoute>
                <PointOnRoute version="1" id="VTR:PointOnRoute:1720089" order="9">
                  <RoutePointRef ref="VTR:RoutePoint:1720089"/>
                </PointOnRoute>
                <PointOnRoute version="1" id="VTR:PointOnRoute:1720088" order="10">
                  <RoutePointRef ref="VTR:RoutePoint:1720088"/>
                </PointOnRoute>
                <PointOnRoute version="1" id="VTR:PointOnRoute:1720085" order="11">
                  <RoutePointRef ref="VTR:RoutePoint:1720085"/>
                </PointOnRoute>
                <PointOnRoute version="1" id="VTR:PointOnRoute:1720090" order="12">
                  <RoutePointRef ref="VTR:RoutePoint:1720090"/>
                </PointOnRoute>
              </pointsInSequence>
            </Route>
          </routes>
          <lines>
            <Line version="9229" id="VTR:Line:2369">
              <Name>Anykščiai - Pravydžiai per Kavarską</Name>
              <TransportMode>bus</TransportMode>
              <TransportSubmode>
                <BusSubmode>regionalBus</BusSubmode>
              </TransportSubmode>
              <PublicCode>M27-1</PublicCode>
              <OperatorRef ref="VTR:Operator:49"/>
            </Line>
          </lines>
          <scheduledStopPoints>
            <ScheduledStopPoint version="1" id="VTR:ScheduledStopPoint:1720085">
              <Name>Mokinių</Name>
            </ScheduledStopPoint>
            <ScheduledStopPoint version="1" id="VTR:ScheduledStopPoint:1720086">
              <Name>Kavarskas</Name>
            </ScheduledStopPoint>
            <ScheduledStopPoint version="1" id="VTR:ScheduledStopPoint:1720087">
              <Name>Judinys</Name>
            </ScheduledStopPoint>
            <ScheduledStopPoint version="1" id="VTR:ScheduledStopPoint:1720088">
              <Name>Šeriai</Name>
            </ScheduledStopPoint>
            <ScheduledStopPoint version="1" id="VTR:ScheduledStopPoint:1720089">
              <Name>Paberžė</Name>
            </ScheduledStopPoint>
            <ScheduledStopPoint version="1" id="VTR:ScheduledStopPoint:1720090">
              <Name>Pravydžiai</Name>
            </ScheduledStopPoint>
            <ScheduledStopPoint version="1" id="VTR:ScheduledStopPoint:1720091">
              <Name>Kavarskas</Name>
            </ScheduledStopPoint>
            <ScheduledStopPoint version="1" id="VTR:ScheduledStopPoint:1720092">
              <Name>Pravydžiai</Name>
            </ScheduledStopPoint>
            <ScheduledStopPoint version="1" id="VTR:ScheduledStopPoint:1720093">
              <Name>Paberžė</Name>
            </ScheduledStopPoint>
            <ScheduledStopPoint version="1" id="VTR:ScheduledStopPoint:1720094">
              <Name>Judinys</Name>
            </ScheduledStopPoint>
            <ScheduledStopPoint version="1" id="VTR:ScheduledStopPoint:1720095">
              <Name>Mokinių</Name>
            </ScheduledStopPoint>
            <ScheduledStopPoint version="1" id="VTR:ScheduledStopPoint:1720096">
              <Name>Šeriai</Name>
            </ScheduledStopPoint>
            <ScheduledStopPoint version="1" id="VTR:ScheduledStopPoint:1720097">
              <Name>Anykščių autobusų stotis</Name>
            </ScheduledStopPoint>
            <ScheduledStopPoint version="1" id="VTR:ScheduledStopPoint:1720098">
              <Name>Šeimyniškiai</Name>
            </ScheduledStopPoint>
            <ScheduledStopPoint version="1" id="VTR:ScheduledStopPoint:1720099">
              <Name>Ažuožeriai</Name>
            </ScheduledStopPoint>
            <ScheduledStopPoint version="1" id="VTR:ScheduledStopPoint:1720100">
              <Name>Vaivadiškiai</Name>
            </ScheduledStopPoint>
            <ScheduledStopPoint version="1" id="VTR:ScheduledStopPoint:1720101">
              <Name>Zaviesiškis</Name>
            </ScheduledStopPoint>
            <ScheduledStopPoint version="1" id="VTR:ScheduledStopPoint:1720102">
              <Name>Bebrūnai</Name>
            </ScheduledStopPoint>
            <ScheduledStopPoint version="1" id="VTR:ScheduledStopPoint:1720103">
              <Name>Bebrūnai</Name>
            </ScheduledStopPoint>
            <ScheduledStopPoint version="1" id="VTR:ScheduledStopPoint:1720104">
              <Name>Zaviesiškis</Name>
            </ScheduledStopPoint>
            <ScheduledStopPoint version="1" id="VTR:ScheduledStopPoint:1720105">
              <Name>Vaivadiškiai</Name>
            </ScheduledStopPoint>
            <ScheduledStopPoint version="1" id="VTR:ScheduledStopPoint:1720106">
              <Name>Ažuožeriai</Name>
            </ScheduledStopPoint>
            <ScheduledStopPoint version="1" id="VTR:ScheduledStopPoint:1720107">
              <Name>Šeimyniškiai</Name>
            </ScheduledStopPoint>
            <ScheduledStopPoint version="1" id="VTR:ScheduledStopPoint:1720108">
              <Name>Anykščių autobusų stotis</Name>
            </ScheduledStopPoint>
          </scheduledStopPoints>
          <serviceLinks>
            <ServiceLink id="VTR:ServiceLink:1720101_1_1720102_1" version="1">
              <Distance>2</Distance>
              <FromPointRef ref="VTR:ScheduledStopPoint:1720101" version="1"/>
              <ToPointRef ref="VTR:ScheduledStopPoint:1720102" version="1"/>
            </ServiceLink>
            <ServiceLink id="VTR:ServiceLink:1720085_1_1720090_1" version="1">
              <Distance>0</Distance>
              <FromPointRef ref="VTR:ScheduledStopPoint:1720085" version="1"/>
              <ToPointRef ref="VTR:ScheduledStopPoint:1720090" version="1"/>
            </ServiceLink>
            <ServiceLink id="VTR:ServiceLink:1720093_1_1720094_1" version="1">
              <Distance>1</Distance>
              <FromPointRef ref="VTR:ScheduledStopPoint:1720093" version="1"/>
              <ToPointRef ref="VTR:ScheduledStopPoint:1720094" version="1"/>
            </ServiceLink>
            <ServiceLink id="VTR:ServiceLink:1720103_1_1720104_1" version="1">
              <Distance>2</Distance>
              <FromPointRef ref="VTR:ScheduledStopPoint:1720103" version="1"/>
              <ToPointRef ref="VTR:ScheduledStopPoint:1720104" version="1"/>
            </ServiceLink>
            <ServiceLink id="VTR:ServiceLink:1720099_1_1720100_1" version="1">
              <Distance>2</Distance>
              <FromPointRef ref="VTR:ScheduledStopPoint:1720099" version="1"/>
              <ToPointRef ref="VTR:ScheduledStopPoint:1720100" version="1"/>
            </ServiceLink>
            <ServiceLink id="VTR:ServiceLink:1720100_1_1720101_1" version="1">
              <Distance>2</Distance>
              <FromPointRef ref="VTR:ScheduledStopPoint:1720100" version="1"/>
              <ToPointRef ref="VTR:ScheduledStopPoint:1720101" version="1"/>
            </ServiceLink>
            <ServiceLink id="VTR:ServiceLink:1720087_1_1720089_1" version="1">
              <Distance>1</Distance>
              <FromPointRef ref="VTR:ScheduledStopPoint:1720087" version="1"/>
              <ToPointRef ref="VTR:ScheduledStopPoint:1720089" version="1"/>
            </ServiceLink>
            <ServiceLink id="VTR:ServiceLink:1720106_1_1720107_1" version="1">
              <Distance>2</Distance>
              <FromPointRef ref="VTR:ScheduledStopPoint:1720106" version="1"/>
              <ToPointRef ref="VTR:ScheduledStopPoint:1720107" version="1"/>
            </ServiceLink>
            <ServiceLink id="VTR:ServiceLink:1720098_1_1720099_1" version="1">
              <Distance>2</Distance>
              <FromPointRef ref="VTR:ScheduledStopPoint:1720098" version="1"/>
              <ToPointRef ref="VTR:ScheduledStopPoint:1720099" version="1"/>
            </ServiceLink>
            <ServiceLink id="VTR:ServiceLink:1720091_1_1720103_1" version="1">
              <Distance>2</Distance>
              <FromPointRef ref="VTR:ScheduledStopPoint:1720091" version="1"/>
              <ToPointRef ref="VTR:ScheduledStopPoint:1720103" version="1"/>
            </ServiceLink>
            <ServiceLink id="VTR:ServiceLink:1720095_1_1720096_1" version="1">
              <Distance>0</Distance>
              <FromPointRef ref="VTR:ScheduledStopPoint:1720095" version="1"/>
              <ToPointRef ref="VTR:ScheduledStopPoint:1720096" version="1"/>
            </ServiceLink>
            <ServiceLink id="VTR:ServiceLink:1720088_1_1720085_1" version="1">
              <Distance>0</Distance>
              <FromPointRef ref="VTR:ScheduledStopPoint:1720088" version="1"/>
              <ToPointRef ref="VTR:ScheduledStopPoint:1720085" version="1"/>
            </ServiceLink>
            <ServiceLink id="VTR:ServiceLink:1720102_1_1720086_1" version="1">
              <Distance>2</Distance>
              <FromPointRef ref="VTR:ScheduledStopPoint:1720102" version="1"/>
              <ToPointRef ref="VTR:ScheduledStopPoint:1720086" version="1"/>
            </ServiceLink>
            <ServiceLink id="VTR:ServiceLink:1720107_1_1720108_1" version="1">
              <Distance>3</Distance>
              <FromPointRef ref="VTR:ScheduledStopPoint:1720107" version="1"/>
              <ToPointRef ref="VTR:ScheduledStopPoint:1720108" version="1"/>
            </ServiceLink>
            <ServiceLink id="VTR:ServiceLink:1720096_1_1720093_1" version="1">
              <Distance>0</Distance>
              <FromPointRef ref="VTR:ScheduledStopPoint:1720096" version="1"/>
              <ToPointRef ref="VTR:ScheduledStopPoint:1720093" version="1"/>
            </ServiceLink>
            <ServiceLink id="VTR:ServiceLink:1720089_1_1720088_1" version="1">
              <Distance>0</Distance>
              <FromPointRef ref="VTR:ScheduledStopPoint:1720089" version="1"/>
              <ToPointRef ref="VTR:ScheduledStopPoint:1720088" version="1"/>
            </ServiceLink>
            <ServiceLink id="VTR:ServiceLink:1720104_1_1720105_1" version="1">
              <Distance>2</Distance>
              <FromPointRef ref="VTR:ScheduledStopPoint:1720104" version="1"/>
              <ToPointRef ref="VTR:ScheduledStopPoint:1720105" version="1"/>
            </ServiceLink>
            <ServiceLink id="VTR:ServiceLink:1720097_1_1720098_1" version="1">
              <Distance>3</Distance>
              <FromPointRef ref="VTR:ScheduledStopPoint:1720097" version="1"/>
              <ToPointRef ref="VTR:ScheduledStopPoint:1720098" version="1"/>
            </ServiceLink>
            <ServiceLink id="VTR:ServiceLink:1720092_1_1720095_1" version="1">
              <Distance>0</Distance>
              <FromPointRef ref="VTR:ScheduledStopPoint:1720092" version="1"/>
              <ToPointRef ref="VTR:ScheduledStopPoint:1720095" version="1"/>
            </ServiceLink>
            <ServiceLink id="VTR:ServiceLink:1720086_1_1720087_1" version="1">
              <Distance>1</Distance>
              <FromPointRef ref="VTR:ScheduledStopPoint:1720086" version="1"/>
              <ToPointRef ref="VTR:ScheduledStopPoint:1720087" version="1"/>
            </ServiceLink>
            <ServiceLink id="VTR:ServiceLink:1720105_1_1720106_1" version="1">
              <Distance>2</Distance>
              <FromPointRef ref="VTR:ScheduledStopPoint:1720105" version="1"/>
              <ToPointRef ref="VTR:ScheduledStopPoint:1720106" version="1"/>
            </ServiceLink>
            <ServiceLink id="VTR:ServiceLink:1720094_1_1720091_1" version="1">
              <Distance>1</Distance>
              <FromPointRef ref="VTR:ScheduledStopPoint:1720094" version="1"/>
              <ToPointRef ref="VTR:ScheduledStopPoint:1720091" version="1"/>
            </ServiceLink>
          </serviceLinks>
          <stopAssignments>
            <PassengerStopAssignment order="2004700000" id="VTR:PassengerStopAssignment:1720097" version="1">
              <ScheduledStopPointRef ref="VTR:ScheduledStopPoint:1720097" version="1"/>
              <QuayRef ref="VTR:Quay:19484"/>
            </PassengerStopAssignment>
            <PassengerStopAssignment order="2004700001" id="VTR:PassengerStopAssignment:1720098" version="1">
              <ScheduledStopPointRef ref="VTR:ScheduledStopPoint:1720098" version="1"/>
              <QuayRef ref="VTR:Quay:29605"/>
            </PassengerStopAssignment>
            <PassengerStopAssignment order="2004700002" id="VTR:PassengerStopAssignment:1720099" version="1">
              <ScheduledStopPointRef ref="VTR:ScheduledStopPoint:1720099" version="1"/>
              <QuayRef ref="VTR:Quay:6411"/>
            </PassengerStopAssignment>
            <PassengerStopAssignment order="2004700003" id="VTR:PassengerStopAssignment:1720100" version="1">
              <ScheduledStopPointRef ref="VTR:ScheduledStopPoint:1720100" version="1"/>
              <QuayRef ref="VTR:Quay:8341"/>
            </PassengerStopAssignment>
            <PassengerStopAssignment order="2004700004" id="VTR:PassengerStopAssignment:1720101" version="1">
              <ScheduledStopPointRef ref="VTR:ScheduledStopPoint:1720101" version="1"/>
              <QuayRef ref="VTR:Quay:16291"/>
            </PassengerStopAssignment>
            <PassengerStopAssignment order="2004700005" id="VTR:PassengerStopAssignment:1720102" version="1">
              <ScheduledStopPointRef ref="VTR:ScheduledStopPoint:1720102" version="1"/>
              <QuayRef ref="VTR:Quay:7415"/>
            </PassengerStopAssignment>
            <PassengerStopAssignment order="2004700006" id="VTR:PassengerStopAssignment:1720086" version="1">
              <ScheduledStopPointRef ref="VTR:ScheduledStopPoint:1720086" version="1"/>
              <QuayRef ref="VTR:Quay:8394"/>
            </PassengerStopAssignment>
            <PassengerStopAssignment order="2004700007" id="VTR:PassengerStopAssignment:1720087" version="1">
              <ScheduledStopPointRef ref="VTR:ScheduledStopPoint:1720087" version="1"/>
              <QuayRef ref="VTR:Quay:6963"/>
            </PassengerStopAssignment>
            <PassengerStopAssignment order="2004700008" id="VTR:PassengerStopAssignment:1720089" version="1">
              <ScheduledStopPointRef ref="VTR:ScheduledStopPoint:1720089" version="1"/>
              <QuayRef ref="VTR:Quay:29644"/>
            </PassengerStopAssignment>
            <PassengerStopAssignment order="2004700009" id="VTR:PassengerStopAssignment:1720088" version="1">
              <ScheduledStopPointRef ref="VTR:ScheduledStopPoint:1720088" version="1"/>
              <QuayRef ref="VTR:Quay:13864"/>
            </PassengerStopAssignment>
            <PassengerStopAssignment order="2004700010" id="VTR:PassengerStopAssignment:1720085" version="1">
              <ScheduledStopPointRef ref="VTR:ScheduledStopPoint:1720085" version="1"/>
              <QuayRef ref="VTR:Quay:32159"/>
            </PassengerStopAssignment>
            <PassengerStopAssignment order="2004700011" id="VTR:PassengerStopAssignment:1720090" version="1">
              <ScheduledStopPointRef ref="VTR:ScheduledStopPoint:1720090" version="1"/>
              <QuayRef ref="VTR:Quay:7994"/>
            </PassengerStopAssignment>
            <PassengerStopAssignment order="2004800000" id="VTR:PassengerStopAssignment:1720092" version="1">
              <ScheduledStopPointRef ref="VTR:ScheduledStopPoint:1720092" version="1"/>
              <QuayRef ref="VTR:Quay:7994"/>
            </PassengerStopAssignment>
            <PassengerStopAssignment order="2004800001" id="VTR:PassengerStopAssignment:1720095" version="1">
              <ScheduledStopPointRef ref="VTR:ScheduledStopPoint:1720095" version="1"/>
              <QuayRef ref="VTR:Quay:32159"/>
            </PassengerStopAssignment>
            <PassengerStopAssignment order="2004800002" id="VTR:PassengerStopAssignment:1720096" version="1">
              <ScheduledStopPointRef ref="VTR:ScheduledStopPoint:1720096" version="1"/>
              <QuayRef ref="VTR:Quay:13864"/>
            </PassengerStopAssignment>
            <PassengerStopAssignment order="2004800003" id="VTR:PassengerStopAssignment:1720093" version="1">
              <ScheduledStopPointRef ref="VTR:ScheduledStopPoint:1720093" version="1"/>
              <QuayRef ref="VTR:Quay:29643"/>
            </PassengerStopAssignment>
            <PassengerStopAssignment order="2004800004" id="VTR:PassengerStopAssignment:1720094" version="1">
              <ScheduledStopPointRef ref="VTR:ScheduledStopPoint:1720094" version="1"/>
              <QuayRef ref="VTR:Quay:9842"/>
            </PassengerStopAssignment>
            <PassengerStopAssignment order="2004800005" id="VTR:PassengerStopAssignment:1720091" version="1">
              <ScheduledStopPointRef ref="VTR:ScheduledStopPoint:1720091" version="1"/>
              <QuayRef ref="VTR:Quay:8394"/>
            </PassengerStopAssignment>
            <PassengerStopAssignment order="2004800006" id="VTR:PassengerStopAssignment:1720103" version="1">
              <ScheduledStopPointRef ref="VTR:ScheduledStopPoint:1720103" version="1"/>
              <QuayRef ref="VTR:Quay:7415"/>
            </PassengerStopAssignment>
            <PassengerStopAssignment order="2004800007" id="VTR:PassengerStopAssignment:1720104" version="1">
              <ScheduledStopPointRef ref="VTR:ScheduledStopPoint:1720104" version="1"/>
              <QuayRef ref="VTR:Quay:9381"/>
            </PassengerStopAssignment>
            <PassengerStopAssignment order="2004800008" id="VTR:PassengerStopAssignment:1720105" version="1">
              <ScheduledStopPointRef ref="VTR:ScheduledStopPoint:1720105" version="1"/>
              <QuayRef ref="VTR:Quay:6457"/>
            </PassengerStopAssignment>
            <PassengerStopAssignment order="2004800009" id="VTR:PassengerStopAssignment:1720106" version="1">
              <ScheduledStopPointRef ref="VTR:ScheduledStopPoint:1720106" version="1"/>
              <QuayRef ref="VTR:Quay:6411"/>
            </PassengerStopAssignment>
            <PassengerStopAssignment order="2004800010" id="VTR:PassengerStopAssignment:1720107" version="1">
              <ScheduledStopPointRef ref="VTR:ScheduledStopPoint:1720107" version="1"/>
              <QuayRef ref="VTR:Quay:29605"/>
            </PassengerStopAssignment>
            <PassengerStopAssignment order="2004800011" id="VTR:PassengerStopAssignment:1720108" version="1">
              <ScheduledStopPointRef ref="VTR:ScheduledStopPoint:1720108" version="1"/>
              <QuayRef ref="VTR:Quay:19484"/>
            </PassengerStopAssignment>
          </stopAssignments>
          <journeyPatterns>
            <JourneyPattern id="VTR:JourneyPattern:3671262" version="3673814">
              <Name>1</Name>
              <RouteRef ref="VTR:Route:20047" version="1"/>
              <pointsInSequence>
                <StopPointInJourneyPattern id="VTR:StopPointInJourneyPattern:126331755" version="3673814" order="1">
                  <ScheduledStopPointRef ref="VTR:ScheduledStopPoint:1720097"/>
                  <DestinationDisplayRef ref="VTR:DestinationDisplay:1"/>
                </StopPointInJourneyPattern>
                <StopPointInJourneyPattern id="VTR:StopPointInJourneyPattern:126331756" version="3673814" order="2">
                  <ScheduledStopPointRef ref="VTR:ScheduledStopPoint:1720098"/>
                  <DestinationDisplayRef ref="VTR:DestinationDisplay:1"/>
                </StopPointInJourneyPattern>
                <StopPointInJourneyPattern id="VTR:StopPointInJourneyPattern:126331757" version="3673814" order="3">
                  <ScheduledStopPointRef ref="VTR:ScheduledStopPoint:1720099"/>
                  <DestinationDisplayRef ref="VTR:DestinationDisplay:1"/>
                </StopPointInJourneyPattern>
                <StopPointInJourneyPattern id="VTR:StopPointInJourneyPattern:126331758" version="3673814" order="4">
                  <ScheduledStopPointRef ref="VTR:ScheduledStopPoint:1720100"/>
                  <DestinationDisplayRef ref="VTR:DestinationDisplay:1"/>
                </StopPointInJourneyPattern>
                <StopPointInJourneyPattern id="VTR:StopPointInJourneyPattern:126331759" version="3673814" order="5">
                  <ScheduledStopPointRef ref="VTR:ScheduledStopPoint:1720101"/>
                  <DestinationDisplayRef ref="VTR:DestinationDisplay:1"/>
                </StopPointInJourneyPattern>
                <StopPointInJourneyPattern id="VTR:StopPointInJourneyPattern:126331760" version="3673814" order="6">
                  <ScheduledStopPointRef ref="VTR:ScheduledStopPoint:1720102"/>
                  <DestinationDisplayRef ref="VTR:DestinationDisplay:1"/>
                </StopPointInJourneyPattern>
                <StopPointInJourneyPattern id="VTR:StopPointInJourneyPattern:126331761" version="3673814" order="7">
                  <ScheduledStopPointRef ref="VTR:ScheduledStopPoint:1720086"/>
                  <DestinationDisplayRef ref="VTR:DestinationDisplay:1"/>
                </StopPointInJourneyPattern>
                <StopPointInJourneyPattern id="VTR:StopPointInJourneyPattern:126331762" version="3673814" order="8">
                  <ScheduledStopPointRef ref="VTR:ScheduledStopPoint:1720087"/>
                  <DestinationDisplayRef ref="VTR:DestinationDisplay:1"/>
                </StopPointInJourneyPattern>
                <StopPointInJourneyPattern id="VTR:StopPointInJourneyPattern:126331763" version="3673814" order="9">
                  <ScheduledStopPointRef ref="VTR:ScheduledStopPoint:1720089"/>
                  <DestinationDisplayRef ref="VTR:DestinationDisplay:1"/>
                </StopPointInJourneyPattern>
                <StopPointInJourneyPattern id="VTR:StopPointInJourneyPattern:126331764" version="3673814" order="10">
                  <ScheduledStopPointRef ref="VTR:ScheduledStopPoint:1720088"/>
                  <DestinationDisplayRef ref="VTR:DestinationDisplay:1"/>
                </StopPointInJourneyPattern>
                <StopPointInJourneyPattern id="VTR:StopPointInJourneyPattern:126331765" version="3673814" order="11">
                  <ScheduledStopPointRef ref="VTR:ScheduledStopPoint:1720085"/>
                  <DestinationDisplayRef ref="VTR:DestinationDisplay:1"/>
                </StopPointInJourneyPattern>
                <StopPointInJourneyPattern id="VTR:StopPointInJourneyPattern:126331766" version="3673814" order="12">
                  <ScheduledStopPointRef ref="VTR:ScheduledStopPoint:1720090"/>
                  <DestinationDisplayRef ref="VTR:DestinationDisplay:1"/>
                </StopPointInJourneyPattern>
              </pointsInSequence>
            </JourneyPattern>
            <JourneyPattern id="VTR:JourneyPattern:3671260" version="3673812">
              <Name>2</Name>
              <RouteRef ref="VTR:Route:20047" version="1"/>
              <pointsInSequence>
                <StopPointInJourneyPattern id="VTR:StopPointInJourneyPattern:126331767" version="3673812" order="1">
                  <ScheduledStopPointRef ref="VTR:ScheduledStopPoint:1720097"/>
                  <DestinationDisplayRef ref="VTR:DestinationDisplay:1"/>
                </StopPointInJourneyPattern>
                <StopPointInJourneyPattern id="VTR:StopPointInJourneyPattern:126331768" version="3673812" order="2">
                  <ScheduledStopPointRef ref="VTR:ScheduledStopPoint:1720098"/>
                  <DestinationDisplayRef ref="VTR:DestinationDisplay:1"/>
                </StopPointInJourneyPattern>
                <StopPointInJourneyPattern id="VTR:StopPointInJourneyPattern:126331769" version="3673812" order="3">
                  <ScheduledStopPointRef ref="VTR:ScheduledStopPoint:1720099"/>
                  <DestinationDisplayRef ref="VTR:DestinationDisplay:1"/>
                </StopPointInJourneyPattern>
                <StopPointInJourneyPattern id="VTR:StopPointInJourneyPattern:126331770" version="3673812" order="4">
                  <ScheduledStopPointRef ref="VTR:ScheduledStopPoint:1720100"/>
                  <DestinationDisplayRef ref="VTR:DestinationDisplay:1"/>
                </StopPointInJourneyPattern>
                <StopPointInJourneyPattern id="VTR:StopPointInJourneyPattern:126331771" version="3673812" order="5">
                  <ScheduledStopPointRef ref="VTR:ScheduledStopPoint:1720101"/>
                  <DestinationDisplayRef ref="VTR:DestinationDisplay:1"/>
                </StopPointInJourneyPattern>
                <StopPointInJourneyPattern id="VTR:StopPointInJourneyPattern:126331772" version="3673812" order="6">
                  <ScheduledStopPointRef ref="VTR:ScheduledStopPoint:1720102"/>
                  <DestinationDisplayRef ref="VTR:DestinationDisplay:1"/>
                </StopPointInJourneyPattern>
                <StopPointInJourneyPattern id="VTR:StopPointInJourneyPattern:126331773" version="3673812" order="7">
                  <ScheduledStopPointRef ref="VTR:ScheduledStopPoint:1720086"/>
                  <DestinationDisplayRef ref="VTR:DestinationDisplay:1"/>
                </StopPointInJourneyPattern>
                <StopPointInJourneyPattern id="VTR:StopPointInJourneyPattern:126331774" version="3673812" order="8">
                  <ScheduledStopPointRef ref="VTR:ScheduledStopPoint:1720087"/>
                  <DestinationDisplayRef ref="VTR:DestinationDisplay:1"/>
                </StopPointInJourneyPattern>
                <StopPointInJourneyPattern id="VTR:StopPointInJourneyPattern:126331775" version="3673812" order="9">
                  <ScheduledStopPointRef ref="VTR:ScheduledStopPoint:1720089"/>
                  <DestinationDisplayRef ref="VTR:DestinationDisplay:1"/>
                </StopPointInJourneyPattern>
                <StopPointInJourneyPattern id="VTR:StopPointInJourneyPattern:126331776" version="3673812" order="10">
                  <ScheduledStopPointRef ref="VTR:ScheduledStopPoint:1720088"/>
                  <DestinationDisplayRef ref="VTR:DestinationDisplay:1"/>
                </StopPointInJourneyPattern>
                <StopPointInJourneyPattern id="VTR:StopPointInJourneyPattern:126331777" version="3673812" order="11">
                  <ScheduledStopPointRef ref="VTR:ScheduledStopPoint:1720085"/>
                  <DestinationDisplayRef ref="VTR:DestinationDisplay:1"/>
                </StopPointInJourneyPattern>
                <StopPointInJourneyPattern id="VTR:StopPointInJourneyPattern:126331778" version="3673812" order="12">
                  <ScheduledStopPointRef ref="VTR:ScheduledStopPoint:1720090"/>
                  <DestinationDisplayRef ref="VTR:DestinationDisplay:1"/>
                </StopPointInJourneyPattern>
              </pointsInSequence>
            </JourneyPattern>
            <JourneyPattern id="VTR:JourneyPattern:3671267" version="3673819">
              <Name>2A</Name>
              <RouteRef ref="VTR:Route:20048" version="1"/>
              <pointsInSequence>
                <StopPointInJourneyPattern id="VTR:StopPointInJourneyPattern:126331749" version="3673819" order="1">
                  <ScheduledStopPointRef ref="VTR:ScheduledStopPoint:1720092"/>
                  <DestinationDisplayRef ref="VTR:DestinationDisplay:1"/>
                </StopPointInJourneyPattern>
                <StopPointInJourneyPattern id="VTR:StopPointInJourneyPattern:126331750" version="3673819" order="2">
                  <ScheduledStopPointRef ref="VTR:ScheduledStopPoint:1720095"/>
                  <DestinationDisplayRef ref="VTR:DestinationDisplay:1"/>
                </StopPointInJourneyPattern>
                <StopPointInJourneyPattern id="VTR:StopPointInJourneyPattern:126331751" version="3673819" order="3">
                  <ScheduledStopPointRef ref="VTR:ScheduledStopPoint:1720096"/>
                  <DestinationDisplayRef ref="VTR:DestinationDisplay:1"/>
                </StopPointInJourneyPattern>
                <StopPointInJourneyPattern id="VTR:StopPointInJourneyPattern:126331752" version="3673819" order="4">
                  <ScheduledStopPointRef ref="VTR:ScheduledStopPoint:1720093"/>
                  <DestinationDisplayRef ref="VTR:DestinationDisplay:1"/>
                </StopPointInJourneyPattern>
                <StopPointInJourneyPattern id="VTR:StopPointInJourneyPattern:126331753" version="3673819" order="5">
                  <ScheduledStopPointRef ref="VTR:ScheduledStopPoint:1720094"/>
                  <DestinationDisplayRef ref="VTR:DestinationDisplay:1"/>
                </StopPointInJourneyPattern>
                <StopPointInJourneyPattern id="VTR:StopPointInJourneyPattern:126331754" version="3673819" order="6">
                  <ScheduledStopPointRef ref="VTR:ScheduledStopPoint:1720091"/>
                  <DestinationDisplayRef ref="VTR:DestinationDisplay:1"/>
                </StopPointInJourneyPattern>
                <StopPointInJourneyPattern id="VTR:StopPointInJourneyPattern:126331785" version="3673819" order="7">
                  <ScheduledStopPointRef ref="VTR:ScheduledStopPoint:1720103"/>
                  <DestinationDisplayRef ref="VTR:DestinationDisplay:1"/>
                </StopPointInJourneyPattern>
                <StopPointInJourneyPattern id="VTR:StopPointInJourneyPattern:126331786" version="3673819" order="8">
                  <ScheduledStopPointRef ref="VTR:ScheduledStopPoint:1720104"/>
                  <DestinationDisplayRef ref="VTR:DestinationDisplay:1"/>
                </StopPointInJourneyPattern>
                <StopPointInJourneyPattern id="VTR:StopPointInJourneyPattern:126331787" version="3673819" order="9">
                  <ScheduledStopPointRef ref="VTR:ScheduledStopPoint:1720105"/>
                  <DestinationDisplayRef ref="VTR:DestinationDisplay:1"/>
                </StopPointInJourneyPattern>
                <StopPointInJourneyPattern id="VTR:StopPointInJourneyPattern:126331788" version="3673819" order="10">
                  <ScheduledStopPointRef ref="VTR:ScheduledStopPoint:1720106"/>
                  <DestinationDisplayRef ref="VTR:DestinationDisplay:1"/>
                </StopPointInJourneyPattern>
                <StopPointInJourneyPattern id="VTR:StopPointInJourneyPattern:126331789" version="3673819" order="11">
                  <ScheduledStopPointRef ref="VTR:ScheduledStopPoint:1720107"/>
                  <DestinationDisplayRef ref="VTR:DestinationDisplay:1"/>
                </StopPointInJourneyPattern>
                <StopPointInJourneyPattern id="VTR:StopPointInJourneyPattern:126331790" version="3673819" order="12">
                  <ScheduledStopPointRef ref="VTR:ScheduledStopPoint:1720108"/>
                  <DestinationDisplayRef ref="VTR:DestinationDisplay:1"/>
                </StopPointInJourneyPattern>
              </pointsInSequence>
            </JourneyPattern>
            <JourneyPattern id="VTR:JourneyPattern:3671266" version="3673818">
              <Name>1A</Name>
              <RouteRef ref="VTR:Route:20048" version="1"/>
              <pointsInSequence>
                <StopPointInJourneyPattern id="VTR:StopPointInJourneyPattern:126331743" version="3673818" order="1">
                  <ScheduledStopPointRef ref="VTR:ScheduledStopPoint:1720092"/>
                  <DestinationDisplayRef ref="VTR:DestinationDisplay:1"/>
                </StopPointInJourneyPattern>
                <StopPointInJourneyPattern id="VTR:StopPointInJourneyPattern:126331744" version="3673818" order="2">
                  <ScheduledStopPointRef ref="VTR:ScheduledStopPoint:1720095"/>
                  <DestinationDisplayRef ref="VTR:DestinationDisplay:1"/>
                </StopPointInJourneyPattern>
                <StopPointInJourneyPattern id="VTR:StopPointInJourneyPattern:126331745" version="3673818" order="3">
                  <ScheduledStopPointRef ref="VTR:ScheduledStopPoint:1720096"/>
                  <DestinationDisplayRef ref="VTR:DestinationDisplay:1"/>
                </StopPointInJourneyPattern>
                <StopPointInJourneyPattern id="VTR:StopPointInJourneyPattern:126331746" version="3673818" order="4">
                  <ScheduledStopPointRef ref="VTR:ScheduledStopPoint:1720093"/>
                  <DestinationDisplayRef ref="VTR:DestinationDisplay:1"/>
                </StopPointInJourneyPattern>
                <StopPointInJourneyPattern id="VTR:StopPointInJourneyPattern:126331747" version="3673818" order="5">
                  <ScheduledStopPointRef ref="VTR:ScheduledStopPoint:1720094"/>
                  <DestinationDisplayRef ref="VTR:DestinationDisplay:1"/>
                </StopPointInJourneyPattern>
                <StopPointInJourneyPattern id="VTR:StopPointInJourneyPattern:126331748" version="3673818" order="6">
                  <ScheduledStopPointRef ref="VTR:ScheduledStopPoint:1720091"/>
                  <DestinationDisplayRef ref="VTR:DestinationDisplay:1"/>
                </StopPointInJourneyPattern>
                <StopPointInJourneyPattern id="VTR:StopPointInJourneyPattern:126331779" version="3673818" order="7">
                  <ScheduledStopPointRef ref="VTR:ScheduledStopPoint:1720103"/>
                  <DestinationDisplayRef ref="VTR:DestinationDisplay:1"/>
                </StopPointInJourneyPattern>
                <StopPointInJourneyPattern id="VTR:StopPointInJourneyPattern:126331780" version="3673818" order="8">
                  <ScheduledStopPointRef ref="VTR:ScheduledStopPoint:1720104"/>
                  <DestinationDisplayRef ref="VTR:DestinationDisplay:1"/>
                </StopPointInJourneyPattern>
                <StopPointInJourneyPattern id="VTR:StopPointInJourneyPattern:126331781" version="3673818" order="9">
                  <ScheduledStopPointRef ref="VTR:ScheduledStopPoint:1720105"/>
                  <DestinationDisplayRef ref="VTR:DestinationDisplay:1"/>
                </StopPointInJourneyPattern>
                <StopPointInJourneyPattern id="VTR:StopPointInJourneyPattern:126331782" version="3673818" order="10">
                  <ScheduledStopPointRef ref="VTR:ScheduledStopPoint:1720106"/>
                  <DestinationDisplayRef ref="VTR:DestinationDisplay:1"/>
                </StopPointInJourneyPattern>
                <StopPointInJourneyPattern id="VTR:StopPointInJourneyPattern:126331783" version="3673818" order="11">
                  <ScheduledStopPointRef ref="VTR:ScheduledStopPoint:1720107"/>
                  <DestinationDisplayRef ref="VTR:DestinationDisplay:1"/>
                </StopPointInJourneyPattern>
                <StopPointInJourneyPattern id="VTR:StopPointInJourneyPattern:126331784" version="3673818" order="12">
                  <ScheduledStopPointRef ref="VTR:ScheduledStopPoint:1720108"/>
                  <DestinationDisplayRef ref="VTR:DestinationDisplay:1"/>
                </StopPointInJourneyPattern>
              </pointsInSequence>
            </JourneyPattern>
          </journeyPatterns>
        </ServiceFrame>
        <TimetableFrame version="1" id="VTR:TimetableFrame:1358">
          <vehicleJourneys>
            <ServiceJourney version="3673818" id="VTR:ServiceJourney:3671266">
              <Name>PravydžiaI - Anykščiai</Name>
              <PrivateCode>1A</PrivateCode>
              <dayTypes>
                <DayTypeRef ref="VTR:DayType:8809"/>
              </dayTypes>
              <JourneyPatternRef version="3673818" ref="VTR:JourneyPattern:3671266"/>
              <OperatorRef ref="VTR:Operator:83950"/>
              <LineRef ref="VTR:Line:2369" version="9229"/>
              <passingTimes>
                <TimetabledPassingTime version="3673818" id="VTR:TimetabledPassingTime:3671266_126331743_1">
                  <StopPointInJourneyPatternRef ref="VTR:StopPointInJourneyPattern:126331743" version="3673818"/>
                  <DepartureTime>08:50:00</DepartureTime>
                  <DepartureDayOffset>0</DepartureDayOffset>
                </TimetabledPassingTime>
                <TimetabledPassingTime version="3673818" id="VTR:TimetabledPassingTime:3671266_126331744_2">
                  <StopPointInJourneyPatternRef ref="VTR:StopPointInJourneyPattern:126331744" version="3673818"/>
                  <DepartureTime>08:51:00</DepartureTime>
                  <DepartureDayOffset>0</DepartureDayOffset>
                </TimetabledPassingTime>
                <TimetabledPassingTime version="3673818" id="VTR:TimetabledPassingTime:3671266_126331745_3">
                  <StopPointInJourneyPatternRef ref="VTR:StopPointInJourneyPattern:126331745" version="3673818"/>
                  <DepartureTime>08:52:00</DepartureTime>
                  <DepartureDayOffset>0</DepartureDayOffset>
                </TimetabledPassingTime>
                <TimetabledPassingTime version="3673818" id="VTR:TimetabledPassingTime:3671266_126331746_4">
                  <StopPointInJourneyPatternRef ref="VTR:StopPointInJourneyPattern:126331746" version="3673818"/>
                  <DepartureTime>08:54:00</DepartureTime>
                  <DepartureDayOffset>0</DepartureDayOffset>
                </TimetabledPassingTime>
                <TimetabledPassingTime version="3673818" id="VTR:TimetabledPassingTime:3671266_126331747_5">
                  <StopPointInJourneyPatternRef ref="VTR:StopPointInJourneyPattern:126331747" version="3673818"/>
                  <DepartureTime>08:56:00</DepartureTime>
                  <DepartureDayOffset>0</DepartureDayOffset>
                </TimetabledPassingTime>
                <TimetabledPassingTime version="3673818" id="VTR:TimetabledPassingTime:3671266_126331748_6">
                  <StopPointInJourneyPatternRef ref="VTR:StopPointInJourneyPattern:126331748" version="3673818"/>
                  <DepartureTime>09:00:00</DepartureTime>
                  <DepartureDayOffset>0</DepartureDayOffset>
                </TimetabledPassingTime>
                <TimetabledPassingTime version="3673818" id="VTR:TimetabledPassingTime:3671266_126331779_7">
                  <StopPointInJourneyPatternRef ref="VTR:StopPointInJourneyPattern:126331779" version="3673818"/>
                  <DepartureTime>09:03:00</DepartureTime>
                  <DepartureDayOffset>0</DepartureDayOffset>
                </TimetabledPassingTime>
                <TimetabledPassingTime version="3673818" id="VTR:TimetabledPassingTime:3671266_126331780_8">
                  <StopPointInJourneyPatternRef ref="VTR:StopPointInJourneyPattern:126331780" version="3673818"/>
                  <DepartureTime>09:05:00</DepartureTime>
                  <DepartureDayOffset>0</DepartureDayOffset>
                </TimetabledPassingTime>
                <TimetabledPassingTime version="3673818" id="VTR:TimetabledPassingTime:3671266_126331781_9">
                  <StopPointInJourneyPatternRef ref="VTR:StopPointInJourneyPattern:126331781" version="3673818"/>
                  <DepartureTime>09:08:00</DepartureTime>
                  <DepartureDayOffset>0</DepartureDayOffset>
                </TimetabledPassingTime>
                <TimetabledPassingTime version="3673818" id="VTR:TimetabledPassingTime:3671266_126331782_10">
                  <StopPointInJourneyPatternRef ref="VTR:StopPointInJourneyPattern:126331782" version="3673818"/>
                  <DepartureTime>09:10:00</DepartureTime>
                  <DepartureDayOffset>0</DepartureDayOffset>
                </TimetabledPassingTime>
                <TimetabledPassingTime version="3673818" id="VTR:TimetabledPassingTime:3671266_126331783_11">
                  <StopPointInJourneyPatternRef ref="VTR:StopPointInJourneyPattern:126331783" version="3673818"/>
                  <DepartureTime>09:18:00</DepartureTime>
                  <DepartureDayOffset>0</DepartureDayOffset>
                </TimetabledPassingTime>
                <TimetabledPassingTime version="3673818" id="VTR:TimetabledPassingTime:3671266_126331784_12">
                  <StopPointInJourneyPatternRef ref="VTR:StopPointInJourneyPattern:126331784" version="3673818"/>
                  <DepartureTime>09:20:00</DepartureTime>
                  <DepartureDayOffset>0</DepartureDayOffset>
                </TimetabledPassingTime>
              </passingTimes>
            </ServiceJourney>
            <ServiceJourney version="3673812" id="VTR:ServiceJourney:3671260">
              <Name>Anykščiai - Pravydžiai</Name>
              <PrivateCode>2</PrivateCode>
              <dayTypes>
                <DayTypeRef ref="VTR:DayType:8809"/>
              </dayTypes>
              <JourneyPatternRef version="3673812" ref="VTR:JourneyPattern:3671260"/>
              <OperatorRef ref="VTR:Operator:83950"/>
              <LineRef ref="VTR:Line:2369" version="9229"/>
              <passingTimes>
                <TimetabledPassingTime version="3673812" id="VTR:TimetabledPassingTime:3671260_126331767_1">
                  <StopPointInJourneyPatternRef ref="VTR:StopPointInJourneyPattern:126331767" version="3673812"/>
                  <DepartureTime>10:20:00</DepartureTime>
                  <DepartureDayOffset>0</DepartureDayOffset>
                </TimetabledPassingTime>
                <TimetabledPassingTime version="3673812" id="VTR:TimetabledPassingTime:3671260_126331768_2">
                  <StopPointInJourneyPatternRef ref="VTR:StopPointInJourneyPattern:126331768" version="3673812"/>
                  <DepartureTime>10:22:00</DepartureTime>
                  <DepartureDayOffset>0</DepartureDayOffset>
                </TimetabledPassingTime>
                <TimetabledPassingTime version="3673812" id="VTR:TimetabledPassingTime:3671260_126331769_3">
                  <StopPointInJourneyPatternRef ref="VTR:StopPointInJourneyPattern:126331769" version="3673812"/>
                  <DepartureTime>10:25:00</DepartureTime>
                  <DepartureDayOffset>0</DepartureDayOffset>
                </TimetabledPassingTime>
                <TimetabledPassingTime version="3673812" id="VTR:TimetabledPassingTime:3671260_126331770_4">
                  <StopPointInJourneyPatternRef ref="VTR:StopPointInJourneyPattern:126331770" version="3673812"/>
                  <DepartureTime>10:27:00</DepartureTime>
                  <DepartureDayOffset>0</DepartureDayOffset>
                </TimetabledPassingTime>
                <TimetabledPassingTime version="3673812" id="VTR:TimetabledPassingTime:3671260_126331771_5">
                  <StopPointInJourneyPatternRef ref="VTR:StopPointInJourneyPattern:126331771" version="3673812"/>
                  <DepartureTime>10:30:00</DepartureTime>
                  <DepartureDayOffset>0</DepartureDayOffset>
                </TimetabledPassingTime>
                <TimetabledPassingTime version="3673812" id="VTR:TimetabledPassingTime:3671260_126331772_6">
                  <StopPointInJourneyPatternRef ref="VTR:StopPointInJourneyPattern:126331772" version="3673812"/>
                  <DepartureTime>10:35:00</DepartureTime>
                  <DepartureDayOffset>0</DepartureDayOffset>
                </TimetabledPassingTime>
                <TimetabledPassingTime version="3673812" id="VTR:TimetabledPassingTime:3671260_126331773_7">
                  <StopPointInJourneyPatternRef ref="VTR:StopPointInJourneyPattern:126331773" version="3673812"/>
                  <DepartureTime>11:00:00</DepartureTime>
                  <DepartureDayOffset>0</DepartureDayOffset>
                </TimetabledPassingTime>
                <TimetabledPassingTime version="3673812" id="VTR:TimetabledPassingTime:3671260_126331774_8">
                  <StopPointInJourneyPatternRef ref="VTR:StopPointInJourneyPattern:126331774" version="3673812"/>
                  <DepartureTime>11:03:00</DepartureTime>
                  <DepartureDayOffset>0</DepartureDayOffset>
                </TimetabledPassingTime>
                <TimetabledPassingTime version="3673812" id="VTR:TimetabledPassingTime:3671260_126331775_9">
                  <StopPointInJourneyPatternRef ref="VTR:StopPointInJourneyPattern:126331775" version="3673812"/>
                  <DepartureTime>11:05:00</DepartureTime>
                  <DepartureDayOffset>0</DepartureDayOffset>
                </TimetabledPassingTime>
                <TimetabledPassingTime version="3673812" id="VTR:TimetabledPassingTime:3671260_126331776_10">
                  <StopPointInJourneyPatternRef ref="VTR:StopPointInJourneyPattern:126331776" version="3673812"/>
                  <DepartureTime>11:08:00</DepartureTime>
                  <DepartureDayOffset>0</DepartureDayOffset>
                </TimetabledPassingTime>
                <TimetabledPassingTime version="3673812" id="VTR:TimetabledPassingTime:3671260_126331777_11">
                  <StopPointInJourneyPatternRef ref="VTR:StopPointInJourneyPattern:126331777" version="3673812"/>
                  <DepartureTime>11:09:00</DepartureTime>
                  <DepartureDayOffset>0</DepartureDayOffset>
                </TimetabledPassingTime>
                <TimetabledPassingTime version="3673812" id="VTR:TimetabledPassingTime:3671260_126331778_12">
                  <StopPointInJourneyPatternRef ref="VTR:StopPointInJourneyPattern:126331778" version="3673812"/>
                  <DepartureTime>11:10:00</DepartureTime>
                  <DepartureDayOffset>0</DepartureDayOffset>
                </TimetabledPassingTime>
              </passingTimes>
            </ServiceJourney>
            <ServiceJourney version="3673819" id="VTR:ServiceJourney:3671267">
              <Name>PravydžiaI - Anykščiai</Name>
              <PrivateCode>2A</PrivateCode>
              <dayTypes>
                <DayTypeRef ref="VTR:DayType:8809"/>
              </dayTypes>
              <JourneyPatternRef version="3673819" ref="VTR:JourneyPattern:3671267"/>
              <OperatorRef ref="VTR:Operator:83950"/>
              <LineRef ref="VTR:Line:2369" version="9229"/>
              <passingTimes>
                <TimetabledPassingTime version="3673819" id="VTR:TimetabledPassingTime:3671267_126331749_1">
                  <StopPointInJourneyPatternRef ref="VTR:StopPointInJourneyPattern:126331749" version="3673819"/>
                  <DepartureTime>11:10:00</DepartureTime>
                  <DepartureDayOffset>0</DepartureDayOffset>
                </TimetabledPassingTime>
                <TimetabledPassingTime version="3673819" id="VTR:TimetabledPassingTime:3671267_126331750_2">
                  <StopPointInJourneyPatternRef ref="VTR:StopPointInJourneyPattern:126331750" version="3673819"/>
                  <DepartureTime>11:12:00</DepartureTime>
                  <DepartureDayOffset>0</DepartureDayOffset>
                </TimetabledPassingTime>
                <TimetabledPassingTime version="3673819" id="VTR:TimetabledPassingTime:3671267_126331751_3">
                  <StopPointInJourneyPatternRef ref="VTR:StopPointInJourneyPattern:126331751" version="3673819"/>
                  <DepartureTime>11:14:00</DepartureTime>
                  <DepartureDayOffset>0</DepartureDayOffset>
                </TimetabledPassingTime>
                <TimetabledPassingTime version="3673819" id="VTR:TimetabledPassingTime:3671267_126331752_4">
                  <StopPointInJourneyPatternRef ref="VTR:StopPointInJourneyPattern:126331752" version="3673819"/>
                  <DepartureTime>11:16:00</DepartureTime>
                  <DepartureDayOffset>0</DepartureDayOffset>
                </TimetabledPassingTime>
                <TimetabledPassingTime version="3673819" id="VTR:TimetabledPassingTime:3671267_126331753_5">
                  <StopPointInJourneyPatternRef ref="VTR:StopPointInJourneyPattern:126331753" version="3673819"/>
                  <DepartureTime>11:18:00</DepartureTime>
                  <DepartureDayOffset>0</DepartureDayOffset>
                </TimetabledPassingTime>
                <TimetabledPassingTime version="3673819" id="VTR:TimetabledPassingTime:3671267_126331754_6">
                  <StopPointInJourneyPatternRef ref="VTR:StopPointInJourneyPattern:126331754" version="3673819"/>
                  <DepartureTime>11:20:00</DepartureTime>
                  <DepartureDayOffset>0</DepartureDayOffset>
                </TimetabledPassingTime>
                <TimetabledPassingTime version="3673819" id="VTR:TimetabledPassingTime:3671267_126331785_7">
                  <StopPointInJourneyPatternRef ref="VTR:StopPointInJourneyPattern:126331785" version="3673819"/>
                  <DepartureTime>11:23:00</DepartureTime>
                  <DepartureDayOffset>0</DepartureDayOffset>
                </TimetabledPassingTime>
                <TimetabledPassingTime version="3673819" id="VTR:TimetabledPassingTime:3671267_126331786_8">
                  <StopPointInJourneyPatternRef ref="VTR:StopPointInJourneyPattern:126331786" version="3673819"/>
                  <DepartureTime>11:28:00</DepartureTime>
                  <DepartureDayOffset>0</DepartureDayOffset>
                </TimetabledPassingTime>
                <TimetabledPassingTime version="3673819" id="VTR:TimetabledPassingTime:3671267_126331787_9">
                  <StopPointInJourneyPatternRef ref="VTR:StopPointInJourneyPattern:126331787" version="3673819"/>
                  <DepartureTime>11:30:00</DepartureTime>
                  <DepartureDayOffset>0</DepartureDayOffset>
                </TimetabledPassingTime>
                <TimetabledPassingTime version="3673819" id="VTR:TimetabledPassingTime:3671267_126331788_10">
                  <StopPointInJourneyPatternRef ref="VTR:StopPointInJourneyPattern:126331788" version="3673819"/>
                  <DepartureTime>11:35:00</DepartureTime>
                  <DepartureDayOffset>0</DepartureDayOffset>
                </TimetabledPassingTime>
                <TimetabledPassingTime version="3673819" id="VTR:TimetabledPassingTime:3671267_126331789_11">
                  <StopPointInJourneyPatternRef ref="VTR:StopPointInJourneyPattern:126331789" version="3673819"/>
                  <DepartureTime>11:38:00</DepartureTime>
                  <DepartureDayOffset>0</DepartureDayOffset>
                </TimetabledPassingTime>
                <TimetabledPassingTime version="3673819" id="VTR:TimetabledPassingTime:3671267_126331790_12">
                  <StopPointInJourneyPatternRef ref="VTR:StopPointInJourneyPattern:126331790" version="3673819"/>
                  <DepartureTime>11:40:00</DepartureTime>
                  <DepartureDayOffset>0</DepartureDayOffset>
                </TimetabledPassingTime>
              </passingTimes>
            </ServiceJourney>
            <ServiceJourney version="3673814" id="VTR:ServiceJourney:3671262">
              <Name>Anykščiai - Pravydžiai</Name>
              <PrivateCode>1</PrivateCode>
              <dayTypes>
                <DayTypeRef ref="VTR:DayType:8809"/>
              </dayTypes>
              <JourneyPatternRef version="3673814" ref="VTR:JourneyPattern:3671262"/>
              <OperatorRef ref="VTR:Operator:83950"/>
              <LineRef ref="VTR:Line:2369" version="9229"/>
              <passingTimes>
                <TimetabledPassingTime version="3673814" id="VTR:TimetabledPassingTime:3671262_126331755_1">
                  <StopPointInJourneyPatternRef ref="VTR:StopPointInJourneyPattern:126331755" version="3673814"/>
                  <DepartureTime>08:25:00</DepartureTime>
                  <DepartureDayOffset>0</DepartureDayOffset>
                </TimetabledPassingTime>
                <TimetabledPassingTime version="3673814" id="VTR:TimetabledPassingTime:3671262_126331756_2">
                  <StopPointInJourneyPatternRef ref="VTR:StopPointInJourneyPattern:126331756" version="3673814"/>
                  <DepartureTime>08:27:00</DepartureTime>
                  <DepartureDayOffset>0</DepartureDayOffset>
                </TimetabledPassingTime>
                <TimetabledPassingTime version="3673814" id="VTR:TimetabledPassingTime:3671262_126331757_3">
                  <StopPointInJourneyPatternRef ref="VTR:StopPointInJourneyPattern:126331757" version="3673814"/>
                  <DepartureTime>08:30:00</DepartureTime>
                  <DepartureDayOffset>0</DepartureDayOffset>
                </TimetabledPassingTime>
                <TimetabledPassingTime version="3673814" id="VTR:TimetabledPassingTime:3671262_126331758_4">
                  <StopPointInJourneyPatternRef ref="VTR:StopPointInJourneyPattern:126331758" version="3673814"/>
                  <DepartureTime>08:32:00</DepartureTime>
                  <DepartureDayOffset>0</DepartureDayOffset>
                </TimetabledPassingTime>
                <TimetabledPassingTime version="3673814" id="VTR:TimetabledPassingTime:3671262_126331759_5">
                  <StopPointInJourneyPatternRef ref="VTR:StopPointInJourneyPattern:126331759" version="3673814"/>
                  <DepartureTime>08:35:00</DepartureTime>
                  <DepartureDayOffset>0</DepartureDayOffset>
                </TimetabledPassingTime>
                <TimetabledPassingTime version="3673814" id="VTR:TimetabledPassingTime:3671262_126331760_6">
                  <StopPointInJourneyPatternRef ref="VTR:StopPointInJourneyPattern:126331760" version="3673814"/>
                  <DepartureTime>08:37:00</DepartureTime>
                  <DepartureDayOffset>0</DepartureDayOffset>
                </TimetabledPassingTime>
                <TimetabledPassingTime version="3673814" id="VTR:TimetabledPassingTime:3671262_126331761_7">
                  <StopPointInJourneyPatternRef ref="VTR:StopPointInJourneyPattern:126331761" version="3673814"/>
                  <DepartureTime>08:40:00</DepartureTime>
                  <DepartureDayOffset>0</DepartureDayOffset>
                </TimetabledPassingTime>
                <TimetabledPassingTime version="3673814" id="VTR:TimetabledPassingTime:3671262_126331762_8">
                  <StopPointInJourneyPatternRef ref="VTR:StopPointInJourneyPattern:126331762" version="3673814"/>
                  <DepartureTime>08:42:00</DepartureTime>
                  <DepartureDayOffset>0</DepartureDayOffset>
                </TimetabledPassingTime>
                <TimetabledPassingTime version="3673814" id="VTR:TimetabledPassingTime:3671262_126331763_9">
                  <StopPointInJourneyPatternRef ref="VTR:StopPointInJourneyPattern:126331763" version="3673814"/>
                  <DepartureTime>08:44:00</DepartureTime>
                  <DepartureDayOffset>0</DepartureDayOffset>
                </TimetabledPassingTime>
                <TimetabledPassingTime version="3673814" id="VTR:TimetabledPassingTime:3671262_126331764_10">
                  <StopPointInJourneyPatternRef ref="VTR:StopPointInJourneyPattern:126331764" version="3673814"/>
                  <DepartureTime>08:46:00</DepartureTime>
                  <DepartureDayOffset>0</DepartureDayOffset>
                </TimetabledPassingTime>
                <TimetabledPassingTime version="3673814" id="VTR:TimetabledPassingTime:3671262_126331765_11">
                  <StopPointInJourneyPatternRef ref="VTR:StopPointInJourneyPattern:126331765" version="3673814"/>
                  <DepartureTime>08:48:00</DepartureTime>
                  <DepartureDayOffset>0</DepartureDayOffset>
                </TimetabledPassingTime>
                <TimetabledPassingTime version="3673814" id="VTR:TimetabledPassingTime:3671262_126331766_12">
                  <StopPointInJourneyPatternRef ref="VTR:StopPointInJourneyPattern:126331766" version="3673814"/>
                  <DepartureTime>08:50:00</DepartureTime>
                  <DepartureDayOffset>0</DepartureDayOffset>
                </TimetabledPassingTime>
              </passingTimes>
            </ServiceJourney>
          </vehicleJourneys>
        </TimetableFrame>
        <ResourceFrame version="1" id="VTR:ResourceFrame:1358">
          <organisations>
            <Authority version="1" id="VTR:Authority:49">
              <CompanyNumber>34</CompanyNumber>
              <Name>Anykščių r. sav.</Name>
              <LegalName>Anykščių r. sav.</LegalName>
              <ContactDetails>
                <Email>info@anyksciai.lt</Email>
                <Phone>838142350</Phone>
                <Url>www.anyksciai.lt</Url>
              </ContactDetails>
              <OrganisationType>authority</OrganisationType>
            </Authority>
          </organisations>
        </ResourceFrame>
      </frames>
    </CompositeFrame>
  </dataObjects>
</PublicationDelivery>
