<?xml version="1.0" encoding="UTF-8"?><PublicationDelivery xmlns="http://www.netex.org.uk/netex" xmlns:gis="http://www.opengis.net/gml/3.2" xmlns:ns2="http://www.opengis.net/gml/3.2" xmlns:ns3="http://www.siri.org.uk/siri" xmlns:xsi="http://www.w3.org/2001/XMLSchema-instance" version="1" xsi:schemaLocation="">
  <PublicationTimestamp>2022-05-07T01:25:00.311</PublicationTimestamp>
  <ParticipantRef>VTR</ParticipantRef>
  <Description>1</Description>
  <dataObjects>
    <CompositeFrame created="2022-05-07T01:25:00.311" version="1" id="VTR:CompositeFrame:1358">
      <validityConditions>
        <AvailabilityCondition version="1" id="VTR:AvailabilityCondition:1358">
          <FromDate>2016-11-30T00:00:00</FromDate>
          <ToDate>2027-12-30T00:00:00</ToDate>
        </AvailabilityCondition>
      </validityConditions>
      <codespaces>
        <Codespace id="vtr">
          <Xmlns>VTR</Xmlns>
          <XmlnsUrl>http://www.visimarsrutai.lt/</XmlnsUrl>
        </Codespace>
      </codespaces>
      <FrameDefaults>
        <DefaultLocale>
          <TimeZone>Europe/Vilnius</TimeZone>
        </DefaultLocale>
        <DefaultLocationSystem>WGS84</DefaultLocationSystem>
      </FrameDefaults>
      <frames>
        <ServiceCalendarFrame version="1" id="VTR:ServiceCalendarFrame:1358">
          <dayTypes>
            <DayType id="VTR:DayType:1660" version="1">
              <properties>
                <PropertyOfDay>
                  <DaysOfWeek>Monday Tuesday Wednesday Thursday Friday</DaysOfWeek>
                </PropertyOfDay>
              </properties>
            </DayType>
            <DayType id="VTR:DayType:1661" version="1">
              <properties>
                <PropertyOfDay>
                  <DaysOfWeek>Monday Tuesday Wednesday Thursday Friday</DaysOfWeek>
                </PropertyOfDay>
              </properties>
            </DayType>
          </dayTypes>
          <operatingPeriods>
            <OperatingPeriod version="1" id="VTR:OperatingPeriod:1660">
              <FromDate>2018-01-01T00:00:00</FromDate>
              <ToDate>2024-12-31T00:00:00</ToDate>
            </OperatingPeriod>
            <OperatingPeriod version="1" id="VTR:OperatingPeriod:1661">
              <FromDate>2018-01-01T00:00:00</FromDate>
              <ToDate>2024-12-31T00:00:00</ToDate>
            </OperatingPeriod>
          </operatingPeriods>
          <dayTypeAssignments>
            <DayTypeAssignment id="VTR:DayTypeAssignment:1660_0" version="1" order="1625">
              <OperatingPeriodRef ref="VTR:OperatingPeriod:1660" version="1"/>
              <DayTypeRef ref="VTR:DayType:1660" version="1"/>
            </DayTypeAssignment>
            <DayTypeAssignment id="VTR:DayTypeAssignment:1661_0" version="1" order="1640">
              <OperatingPeriodRef ref="VTR:OperatingPeriod:1661" version="1"/>
              <DayTypeRef ref="VTR:DayType:1661" version="1"/>
            </DayTypeAssignment>
          </dayTypeAssignments>
        </ServiceCalendarFrame>
        <ServiceFrame id="VTR:ServiceFrame:1358" version="1">
          <Network version="0" id="VTR:Network:49"/>
          <routePoints>
            <RoutePoint version="1" id="VTR:RoutePoint:1139050">
              <projections>
                <PointProjection version="1" id="VTR:PointProjection:56597">
                  <ProjectedPointRef ref="VTR:ScheduledStopPoint:1139050" version="1"/>
                </PointProjection>
              </projections>
            </RoutePoint>
            <RoutePoint version="1" id="VTR:RoutePoint:1139051">
              <projections>
                <PointProjection version="1" id="VTR:PointProjection:58145">
                  <ProjectedPointRef ref="VTR:ScheduledStopPoint:1139051" version="1"/>
                </PointProjection>
              </projections>
            </RoutePoint>
            <RoutePoint version="1" id="VTR:RoutePoint:1139052">
              <projections>
                <PointProjection version="1" id="VTR:PointProjection:49556">
                  <ProjectedPointRef ref="VTR:ScheduledStopPoint:1139052" version="1"/>
                </PointProjection>
              </projections>
            </RoutePoint>
            <RoutePoint version="1" id="VTR:RoutePoint:1139053">
              <projections>
                <PointProjection version="1" id="VTR:PointProjection:49557">
                  <ProjectedPointRef ref="VTR:ScheduledStopPoint:1139053" version="1"/>
                </PointProjection>
              </projections>
            </RoutePoint>
            <RoutePoint version="1" id="VTR:RoutePoint:1139054">
              <projections>
                <PointProjection version="1" id="VTR:PointProjection:49558">
                  <ProjectedPointRef ref="VTR:ScheduledStopPoint:1139054" version="1"/>
                </PointProjection>
              </projections>
            </RoutePoint>
            <RoutePoint version="1" id="VTR:RoutePoint:1139055">
              <projections>
                <PointProjection version="1" id="VTR:PointProjection:49559">
                  <ProjectedPointRef ref="VTR:ScheduledStopPoint:1139055" version="1"/>
                </PointProjection>
              </projections>
            </RoutePoint>
            <RoutePoint version="1" id="VTR:RoutePoint:1139056">
              <projections>
                <PointProjection version="1" id="VTR:PointProjection:49560">
                  <ProjectedPointRef ref="VTR:ScheduledStopPoint:1139056" version="1"/>
                </PointProjection>
              </projections>
            </RoutePoint>
            <RoutePoint version="1" id="VTR:RoutePoint:1139057">
              <projections>
                <PointProjection version="1" id="VTR:PointProjection:49561">
                  <ProjectedPointRef ref="VTR:ScheduledStopPoint:1139057" version="1"/>
                </PointProjection>
              </projections>
            </RoutePoint>
            <RoutePoint version="1" id="VTR:RoutePoint:1139058">
              <projections>
                <PointProjection version="1" id="VTR:PointProjection:49562">
                  <ProjectedPointRef ref="VTR:ScheduledStopPoint:1139058" version="1"/>
                </PointProjection>
              </projections>
            </RoutePoint>
            <RoutePoint version="1" id="VTR:RoutePoint:1139059">
              <projections>
                <PointProjection version="1" id="VTR:PointProjection:49563">
                  <ProjectedPointRef ref="VTR:ScheduledStopPoint:1139059" version="1"/>
                </PointProjection>
              </projections>
            </RoutePoint>
            <RoutePoint version="1" id="VTR:RoutePoint:1139060">
              <projections>
                <PointProjection version="1" id="VTR:PointProjection:49564">
                  <ProjectedPointRef ref="VTR:ScheduledStopPoint:1139060" version="1"/>
                </PointProjection>
              </projections>
            </RoutePoint>
            <RoutePoint version="1" id="VTR:RoutePoint:1139061">
              <projections>
                <PointProjection version="1" id="VTR:PointProjection:49565">
                  <ProjectedPointRef ref="VTR:ScheduledStopPoint:1139061" version="1"/>
                </PointProjection>
              </projections>
            </RoutePoint>
            <RoutePoint version="1" id="VTR:RoutePoint:1139062">
              <projections>
                <PointProjection version="1" id="VTR:PointProjection:49566">
                  <ProjectedPointRef ref="VTR:ScheduledStopPoint:1139062" version="1"/>
                </PointProjection>
              </projections>
            </RoutePoint>
            <RoutePoint version="1" id="VTR:RoutePoint:1139063">
              <projections>
                <PointProjection version="1" id="VTR:PointProjection:49567">
                  <ProjectedPointRef ref="VTR:ScheduledStopPoint:1139063" version="1"/>
                </PointProjection>
              </projections>
            </RoutePoint>
            <RoutePoint version="1" id="VTR:RoutePoint:1139064">
              <projections>
                <PointProjection version="1" id="VTR:PointProjection:49568">
                  <ProjectedPointRef ref="VTR:ScheduledStopPoint:1139064" version="1"/>
                </PointProjection>
              </projections>
            </RoutePoint>
          </routePoints>
          <routes>
            <Route version="1" id="VTR:Route:15999">
              <Name>Naujonys-Anykščiai</Name>
              <ShortName>Naujonys-Anykščiai</ShortName>
              <LineRef ref="VTR:Line:2280" version="7123"/>
              <DirectionType>inbound</DirectionType>
              <pointsInSequence>
                <PointOnRoute version="1" id="VTR:PointOnRoute:1139063" order="1">
                  <RoutePointRef ref="VTR:RoutePoint:1139063"/>
                </PointOnRoute>
                <PointOnRoute version="1" id="VTR:PointOnRoute:1139059" order="2">
                  <RoutePointRef ref="VTR:RoutePoint:1139059"/>
                </PointOnRoute>
                <PointOnRoute version="1" id="VTR:PointOnRoute:1139060" order="3">
                  <RoutePointRef ref="VTR:RoutePoint:1139060"/>
                </PointOnRoute>
                <PointOnRoute version="1" id="VTR:PointOnRoute:1139061" order="4">
                  <RoutePointRef ref="VTR:RoutePoint:1139061"/>
                </PointOnRoute>
                <PointOnRoute version="1" id="VTR:PointOnRoute:1139056" order="5">
                  <RoutePointRef ref="VTR:RoutePoint:1139056"/>
                </PointOnRoute>
                <PointOnRoute version="1" id="VTR:PointOnRoute:1139062" order="6">
                  <RoutePointRef ref="VTR:RoutePoint:1139062"/>
                </PointOnRoute>
                <PointOnRoute version="1" id="VTR:PointOnRoute:1139057" order="7">
                  <RoutePointRef ref="VTR:RoutePoint:1139057"/>
                </PointOnRoute>
                <PointOnRoute version="1" id="VTR:PointOnRoute:1139058" order="8">
                  <RoutePointRef ref="VTR:RoutePoint:1139058"/>
                </PointOnRoute>
                <PointOnRoute version="1" id="VTR:PointOnRoute:1139064" order="9">
                  <RoutePointRef ref="VTR:RoutePoint:1139064"/>
                </PointOnRoute>
              </pointsInSequence>
            </Route>
            <Route version="1" id="VTR:Route:15998">
              <Name>Anykščiai-Naujonys</Name>
              <ShortName>Anykščiai-Naujonys</ShortName>
              <LineRef ref="VTR:Line:2280" version="7123"/>
              <DirectionType>outbound</DirectionType>
              <pointsInSequence>
                <PointOnRoute version="1" id="VTR:PointOnRoute:1139050" order="1">
                  <RoutePointRef ref="VTR:RoutePoint:1139050"/>
                </PointOnRoute>
                <PointOnRoute version="1" id="VTR:PointOnRoute:1139051" order="2">
                  <RoutePointRef ref="VTR:RoutePoint:1139051"/>
                </PointOnRoute>
                <PointOnRoute version="1" id="VTR:PointOnRoute:1139052" order="3">
                  <RoutePointRef ref="VTR:RoutePoint:1139052"/>
                </PointOnRoute>
                <PointOnRoute version="1" id="VTR:PointOnRoute:1139053" order="4">
                  <RoutePointRef ref="VTR:RoutePoint:1139053"/>
                </PointOnRoute>
                <PointOnRoute version="1" id="VTR:PointOnRoute:1139054" order="5">
                  <RoutePointRef ref="VTR:RoutePoint:1139054"/>
                </PointOnRoute>
                <PointOnRoute version="1" id="VTR:PointOnRoute:1139055" order="6">
                  <RoutePointRef ref="VTR:RoutePoint:1139055"/>
                </PointOnRoute>
              </pointsInSequence>
            </Route>
          </routes>
          <lines>
            <Line version="7123" id="VTR:Line:2280">
              <Name>Anykščiai-Naujonys</Name>
              <TransportMode>bus</TransportMode>
              <TransportSubmode>
                <BusSubmode>regionalBus</BusSubmode>
              </TransportSubmode>
              <PublicCode>M19</PublicCode>
              <OperatorRef ref="VTR:Operator:49"/>
            </Line>
          </lines>
          <scheduledStopPoints>
            <ScheduledStopPoint version="1" id="VTR:ScheduledStopPoint:1139050">
              <Name>Anykščių autobusų stotis</Name>
            </ScheduledStopPoint>
            <ScheduledStopPoint version="1" id="VTR:ScheduledStopPoint:1139051">
              <Name>Medelynas</Name>
            </ScheduledStopPoint>
            <ScheduledStopPoint version="1" id="VTR:ScheduledStopPoint:1139052">
              <Name>Vikonys</Name>
            </ScheduledStopPoint>
            <ScheduledStopPoint version="1" id="VTR:ScheduledStopPoint:1139053">
              <Name>Kūniškiai</Name>
            </ScheduledStopPoint>
            <ScheduledStopPoint version="1" id="VTR:ScheduledStopPoint:1139054">
              <Name>Piktagalys</Name>
            </ScheduledStopPoint>
            <ScheduledStopPoint version="1" id="VTR:ScheduledStopPoint:1139055">
              <Name>Naujonys</Name>
            </ScheduledStopPoint>
            <ScheduledStopPoint version="1" id="VTR:ScheduledStopPoint:1139056">
              <Name>Vikonių gyv.</Name>
            </ScheduledStopPoint>
            <ScheduledStopPoint version="1" id="VTR:ScheduledStopPoint:1139057">
              <Name>A. Baranausko pagrindinė mokykla</Name>
            </ScheduledStopPoint>
            <ScheduledStopPoint version="1" id="VTR:ScheduledStopPoint:1139058">
              <Name>J. Biliūno gimnazija</Name>
            </ScheduledStopPoint>
            <ScheduledStopPoint version="1" id="VTR:ScheduledStopPoint:1139059">
              <Name>Piktagalis</Name>
            </ScheduledStopPoint>
            <ScheduledStopPoint version="1" id="VTR:ScheduledStopPoint:1139060">
              <Name>Kuniškiai</Name>
            </ScheduledStopPoint>
            <ScheduledStopPoint version="1" id="VTR:ScheduledStopPoint:1139061">
              <Name>Vikonys</Name>
            </ScheduledStopPoint>
            <ScheduledStopPoint version="1" id="VTR:ScheduledStopPoint:1139062">
              <Name>Vėjeliškis</Name>
            </ScheduledStopPoint>
            <ScheduledStopPoint version="1" id="VTR:ScheduledStopPoint:1139063">
              <Name>Naujonys</Name>
            </ScheduledStopPoint>
            <ScheduledStopPoint version="1" id="VTR:ScheduledStopPoint:1139064">
              <Name>Anykščių autobusų stotis</Name>
            </ScheduledStopPoint>
          </scheduledStopPoints>
          <serviceLinks>
            <ServiceLink id="VTR:ServiceLink:1139051_1_1139052_1" version="1">
              <Distance>2</Distance>
              <FromPointRef ref="VTR:ScheduledStopPoint:1139051" version="1"/>
              <ToPointRef ref="VTR:ScheduledStopPoint:1139052" version="1"/>
            </ServiceLink>
            <ServiceLink id="VTR:ServiceLink:1139060_1_1139061_1" version="1">
              <Distance>1</Distance>
              <FromPointRef ref="VTR:ScheduledStopPoint:1139060" version="1"/>
              <ToPointRef ref="VTR:ScheduledStopPoint:1139061" version="1"/>
            </ServiceLink>
            <ServiceLink id="VTR:ServiceLink:1139052_1_1139053_1" version="1">
              <Distance>1</Distance>
              <FromPointRef ref="VTR:ScheduledStopPoint:1139052" version="1"/>
              <ToPointRef ref="VTR:ScheduledStopPoint:1139053" version="1"/>
            </ServiceLink>
            <ServiceLink id="VTR:ServiceLink:1139062_1_1139057_1" version="1">
              <Distance>3</Distance>
              <FromPointRef ref="VTR:ScheduledStopPoint:1139062" version="1"/>
              <ToPointRef ref="VTR:ScheduledStopPoint:1139057" version="1"/>
            </ServiceLink>
            <ServiceLink id="VTR:ServiceLink:1139061_1_1139056_1" version="1">
              <Distance>1</Distance>
              <FromPointRef ref="VTR:ScheduledStopPoint:1139061" version="1"/>
              <ToPointRef ref="VTR:ScheduledStopPoint:1139056" version="1"/>
            </ServiceLink>
            <ServiceLink id="VTR:ServiceLink:1139057_1_1139058_1" version="1">
              <Distance>2</Distance>
              <FromPointRef ref="VTR:ScheduledStopPoint:1139057" version="1"/>
              <ToPointRef ref="VTR:ScheduledStopPoint:1139058" version="1"/>
            </ServiceLink>
            <ServiceLink id="VTR:ServiceLink:1139058_1_1139064_1" version="1">
              <Distance>1</Distance>
              <FromPointRef ref="VTR:ScheduledStopPoint:1139058" version="1"/>
              <ToPointRef ref="VTR:ScheduledStopPoint:1139064" version="1"/>
            </ServiceLink>
            <ServiceLink id="VTR:ServiceLink:1139054_1_1139055_1" version="1">
              <Distance>2</Distance>
              <FromPointRef ref="VTR:ScheduledStopPoint:1139054" version="1"/>
              <ToPointRef ref="VTR:ScheduledStopPoint:1139055" version="1"/>
            </ServiceLink>
            <ServiceLink id="VTR:ServiceLink:1139053_1_1139054_1" version="1">
              <Distance>1</Distance>
              <FromPointRef ref="VTR:ScheduledStopPoint:1139053" version="1"/>
              <ToPointRef ref="VTR:ScheduledStopPoint:1139054" version="1"/>
            </ServiceLink>
            <ServiceLink id="VTR:ServiceLink:1139056_1_1139062_1" version="1">
              <Distance>2</Distance>
              <FromPointRef ref="VTR:ScheduledStopPoint:1139056" version="1"/>
              <ToPointRef ref="VTR:ScheduledStopPoint:1139062" version="1"/>
            </ServiceLink>
            <ServiceLink id="VTR:ServiceLink:1139050_1_1139051_1" version="1">
              <Distance>1</Distance>
              <FromPointRef ref="VTR:ScheduledStopPoint:1139050" version="1"/>
              <ToPointRef ref="VTR:ScheduledStopPoint:1139051" version="1"/>
            </ServiceLink>
            <ServiceLink id="VTR:ServiceLink:1139059_1_1139060_1" version="1">
              <Distance>1</Distance>
              <FromPointRef ref="VTR:ScheduledStopPoint:1139059" version="1"/>
              <ToPointRef ref="VTR:ScheduledStopPoint:1139060" version="1"/>
            </ServiceLink>
            <ServiceLink id="VTR:ServiceLink:1139063_1_1139059_1" version="1">
              <Distance>2</Distance>
              <FromPointRef ref="VTR:ScheduledStopPoint:1139063" version="1"/>
              <ToPointRef ref="VTR:ScheduledStopPoint:1139059" version="1"/>
            </ServiceLink>
          </serviceLinks>
          <stopAssignments>
            <PassengerStopAssignment order="1599800000" id="VTR:PassengerStopAssignment:1139050" version="1">
              <ScheduledStopPointRef ref="VTR:ScheduledStopPoint:1139050" version="1"/>
              <QuayRef ref="VTR:Quay:19484"/>
            </PassengerStopAssignment>
            <PassengerStopAssignment order="1599800001" id="VTR:PassengerStopAssignment:1139051" version="1">
              <ScheduledStopPointRef ref="VTR:ScheduledStopPoint:1139051" version="1"/>
              <QuayRef ref="VTR:Quay:8520"/>
            </PassengerStopAssignment>
            <PassengerStopAssignment order="1599800002" id="VTR:PassengerStopAssignment:1139052" version="1">
              <ScheduledStopPointRef ref="VTR:ScheduledStopPoint:1139052" version="1"/>
              <QuayRef ref="VTR:Quay:7429"/>
            </PassengerStopAssignment>
            <PassengerStopAssignment order="1599800003" id="VTR:PassengerStopAssignment:1139053" version="1">
              <ScheduledStopPointRef ref="VTR:ScheduledStopPoint:1139053" version="1"/>
              <QuayRef ref="VTR:Quay:15942"/>
            </PassengerStopAssignment>
            <PassengerStopAssignment order="1599800004" id="VTR:PassengerStopAssignment:1139054" version="1">
              <ScheduledStopPointRef ref="VTR:ScheduledStopPoint:1139054" version="1"/>
              <QuayRef ref="VTR:Quay:23253"/>
            </PassengerStopAssignment>
            <PassengerStopAssignment order="1599800005" id="VTR:PassengerStopAssignment:1139055" version="1">
              <ScheduledStopPointRef ref="VTR:ScheduledStopPoint:1139055" version="1"/>
              <QuayRef ref="VTR:Quay:11891"/>
            </PassengerStopAssignment>
            <PassengerStopAssignment order="1599900000" id="VTR:PassengerStopAssignment:1139063" version="1">
              <ScheduledStopPointRef ref="VTR:ScheduledStopPoint:1139063" version="1"/>
              <QuayRef ref="VTR:Quay:23252"/>
            </PassengerStopAssignment>
            <PassengerStopAssignment order="1599900001" id="VTR:PassengerStopAssignment:1139059" version="1">
              <ScheduledStopPointRef ref="VTR:ScheduledStopPoint:1139059" version="1"/>
              <QuayRef ref="VTR:Quay:7467"/>
            </PassengerStopAssignment>
            <PassengerStopAssignment order="1599900002" id="VTR:PassengerStopAssignment:1139060" version="1">
              <ScheduledStopPointRef ref="VTR:ScheduledStopPoint:1139060" version="1"/>
              <QuayRef ref="VTR:Quay:22865"/>
            </PassengerStopAssignment>
            <PassengerStopAssignment order="1599900003" id="VTR:PassengerStopAssignment:1139061" version="1">
              <ScheduledStopPointRef ref="VTR:ScheduledStopPoint:1139061" version="1"/>
              <QuayRef ref="VTR:Quay:15320"/>
            </PassengerStopAssignment>
            <PassengerStopAssignment order="1599900004" id="VTR:PassengerStopAssignment:1139056" version="1">
              <ScheduledStopPointRef ref="VTR:ScheduledStopPoint:1139056" version="1"/>
              <QuayRef ref="VTR:Quay:32157"/>
            </PassengerStopAssignment>
            <PassengerStopAssignment order="1599900005" id="VTR:PassengerStopAssignment:1139062" version="1">
              <ScheduledStopPointRef ref="VTR:ScheduledStopPoint:1139062" version="1"/>
              <QuayRef ref="VTR:Quay:22456"/>
            </PassengerStopAssignment>
            <PassengerStopAssignment order="1599900006" id="VTR:PassengerStopAssignment:1139057" version="1">
              <ScheduledStopPointRef ref="VTR:ScheduledStopPoint:1139057" version="1"/>
              <QuayRef ref="VTR:Quay:32158"/>
            </PassengerStopAssignment>
            <PassengerStopAssignment order="1599900007" id="VTR:PassengerStopAssignment:1139058" version="1">
              <ScheduledStopPointRef ref="VTR:ScheduledStopPoint:1139058" version="1"/>
              <QuayRef ref="VTR:Quay:22761"/>
            </PassengerStopAssignment>
            <PassengerStopAssignment order="1599900008" id="VTR:PassengerStopAssignment:1139064" version="1">
              <ScheduledStopPointRef ref="VTR:ScheduledStopPoint:1139064" version="1"/>
              <QuayRef ref="VTR:Quay:19484"/>
            </PassengerStopAssignment>
          </stopAssignments>
          <journeyPatterns>
            <JourneyPattern id="VTR:JourneyPattern:2229374" version="2230660">
              <Name>2</Name>
              <RouteRef ref="VTR:Route:15998" version="1"/>
              <pointsInSequence>
                <StopPointInJourneyPattern id="VTR:StopPointInJourneyPattern:78467605" version="2230660" order="1">
                  <ScheduledStopPointRef ref="VTR:ScheduledStopPoint:1139050"/>
                  <DestinationDisplayRef ref="VTR:DestinationDisplay:1"/>
                </StopPointInJourneyPattern>
                <StopPointInJourneyPattern id="VTR:StopPointInJourneyPattern:78467606" version="2230660" order="2">
                  <ScheduledStopPointRef ref="VTR:ScheduledStopPoint:1139051"/>
                  <DestinationDisplayRef ref="VTR:DestinationDisplay:1"/>
                </StopPointInJourneyPattern>
                <StopPointInJourneyPattern id="VTR:StopPointInJourneyPattern:78467607" version="2230660" order="3">
                  <ScheduledStopPointRef ref="VTR:ScheduledStopPoint:1139052"/>
                  <DestinationDisplayRef ref="VTR:DestinationDisplay:1"/>
                </StopPointInJourneyPattern>
                <StopPointInJourneyPattern id="VTR:StopPointInJourneyPattern:78467608" version="2230660" order="4">
                  <ScheduledStopPointRef ref="VTR:ScheduledStopPoint:1139053"/>
                  <DestinationDisplayRef ref="VTR:DestinationDisplay:1"/>
                </StopPointInJourneyPattern>
                <StopPointInJourneyPattern id="VTR:StopPointInJourneyPattern:78467609" version="2230660" order="5">
                  <ScheduledStopPointRef ref="VTR:ScheduledStopPoint:1139054"/>
                  <DestinationDisplayRef ref="VTR:DestinationDisplay:1"/>
                </StopPointInJourneyPattern>
                <StopPointInJourneyPattern id="VTR:StopPointInJourneyPattern:78467610" version="2230660" order="6">
                  <ScheduledStopPointRef ref="VTR:ScheduledStopPoint:1139055"/>
                  <DestinationDisplayRef ref="VTR:DestinationDisplay:1"/>
                </StopPointInJourneyPattern>
              </pointsInSequence>
            </JourneyPattern>
            <JourneyPattern id="VTR:JourneyPattern:2229375" version="2230661">
              <Name>1A</Name>
              <RouteRef ref="VTR:Route:15999" version="1"/>
              <pointsInSequence>
                <StopPointInJourneyPattern id="VTR:StopPointInJourneyPattern:78467611" version="2230661" order="1">
                  <ScheduledStopPointRef ref="VTR:ScheduledStopPoint:1139063"/>
                  <DestinationDisplayRef ref="VTR:DestinationDisplay:1"/>
                </StopPointInJourneyPattern>
                <StopPointInJourneyPattern id="VTR:StopPointInJourneyPattern:78467612" version="2230661" order="2">
                  <ScheduledStopPointRef ref="VTR:ScheduledStopPoint:1139059"/>
                  <DestinationDisplayRef ref="VTR:DestinationDisplay:1"/>
                </StopPointInJourneyPattern>
                <StopPointInJourneyPattern id="VTR:StopPointInJourneyPattern:78467613" version="2230661" order="3">
                  <ScheduledStopPointRef ref="VTR:ScheduledStopPoint:1139060"/>
                  <DestinationDisplayRef ref="VTR:DestinationDisplay:1"/>
                </StopPointInJourneyPattern>
                <StopPointInJourneyPattern id="VTR:StopPointInJourneyPattern:78467614" version="2230661" order="4">
                  <ScheduledStopPointRef ref="VTR:ScheduledStopPoint:1139061"/>
                  <DestinationDisplayRef ref="VTR:DestinationDisplay:1"/>
                </StopPointInJourneyPattern>
                <StopPointInJourneyPattern id="VTR:StopPointInJourneyPattern:78467615" version="2230661" order="6">
                  <ScheduledStopPointRef ref="VTR:ScheduledStopPoint:1139062"/>
                  <DestinationDisplayRef ref="VTR:DestinationDisplay:1"/>
                </StopPointInJourneyPattern>
                <StopPointInJourneyPattern id="VTR:StopPointInJourneyPattern:78467616" version="2230661" order="9">
                  <ScheduledStopPointRef ref="VTR:ScheduledStopPoint:1139064"/>
                  <DestinationDisplayRef ref="VTR:DestinationDisplay:1"/>
                </StopPointInJourneyPattern>
              </pointsInSequence>
            </JourneyPattern>
            <JourneyPattern id="VTR:JourneyPattern:2229373" version="2230659">
              <Name>1</Name>
              <RouteRef ref="VTR:Route:15998" version="1"/>
              <pointsInSequence>
                <StopPointInJourneyPattern id="VTR:StopPointInJourneyPattern:78467599" version="2230659" order="1">
                  <ScheduledStopPointRef ref="VTR:ScheduledStopPoint:1139050"/>
                  <DestinationDisplayRef ref="VTR:DestinationDisplay:1"/>
                </StopPointInJourneyPattern>
                <StopPointInJourneyPattern id="VTR:StopPointInJourneyPattern:78467600" version="2230659" order="2">
                  <ScheduledStopPointRef ref="VTR:ScheduledStopPoint:1139051"/>
                  <DestinationDisplayRef ref="VTR:DestinationDisplay:1"/>
                </StopPointInJourneyPattern>
                <StopPointInJourneyPattern id="VTR:StopPointInJourneyPattern:78467601" version="2230659" order="3">
                  <ScheduledStopPointRef ref="VTR:ScheduledStopPoint:1139052"/>
                  <DestinationDisplayRef ref="VTR:DestinationDisplay:1"/>
                </StopPointInJourneyPattern>
                <StopPointInJourneyPattern id="VTR:StopPointInJourneyPattern:78467602" version="2230659" order="4">
                  <ScheduledStopPointRef ref="VTR:ScheduledStopPoint:1139053"/>
                  <DestinationDisplayRef ref="VTR:DestinationDisplay:1"/>
                </StopPointInJourneyPattern>
                <StopPointInJourneyPattern id="VTR:StopPointInJourneyPattern:78467603" version="2230659" order="5">
                  <ScheduledStopPointRef ref="VTR:ScheduledStopPoint:1139054"/>
                  <DestinationDisplayRef ref="VTR:DestinationDisplay:1"/>
                </StopPointInJourneyPattern>
                <StopPointInJourneyPattern id="VTR:StopPointInJourneyPattern:78467604" version="2230659" order="6">
                  <ScheduledStopPointRef ref="VTR:ScheduledStopPoint:1139055"/>
                  <DestinationDisplayRef ref="VTR:DestinationDisplay:1"/>
                </StopPointInJourneyPattern>
              </pointsInSequence>
            </JourneyPattern>
            <JourneyPattern id="VTR:JourneyPattern:2229377" version="2230663">
              <Name>3A</Name>
              <RouteRef ref="VTR:Route:15999" version="1"/>
              <pointsInSequence>
                <StopPointInJourneyPattern id="VTR:StopPointInJourneyPattern:78467623" version="2230663" order="1">
                  <ScheduledStopPointRef ref="VTR:ScheduledStopPoint:1139063"/>
                  <DestinationDisplayRef ref="VTR:DestinationDisplay:1"/>
                </StopPointInJourneyPattern>
                <StopPointInJourneyPattern id="VTR:StopPointInJourneyPattern:78467624" version="2230663" order="2">
                  <ScheduledStopPointRef ref="VTR:ScheduledStopPoint:1139059"/>
                  <DestinationDisplayRef ref="VTR:DestinationDisplay:1"/>
                </StopPointInJourneyPattern>
                <StopPointInJourneyPattern id="VTR:StopPointInJourneyPattern:78467625" version="2230663" order="3">
                  <ScheduledStopPointRef ref="VTR:ScheduledStopPoint:1139060"/>
                  <DestinationDisplayRef ref="VTR:DestinationDisplay:1"/>
                </StopPointInJourneyPattern>
                <StopPointInJourneyPattern id="VTR:StopPointInJourneyPattern:78467626" version="2230663" order="4">
                  <ScheduledStopPointRef ref="VTR:ScheduledStopPoint:1139061"/>
                  <DestinationDisplayRef ref="VTR:DestinationDisplay:1"/>
                </StopPointInJourneyPattern>
                <StopPointInJourneyPattern id="VTR:StopPointInJourneyPattern:78467627" version="2230663" order="5">
                  <ScheduledStopPointRef ref="VTR:ScheduledStopPoint:1139056"/>
                  <DestinationDisplayRef ref="VTR:DestinationDisplay:1"/>
                </StopPointInJourneyPattern>
                <StopPointInJourneyPattern id="VTR:StopPointInJourneyPattern:78467628" version="2230663" order="6">
                  <ScheduledStopPointRef ref="VTR:ScheduledStopPoint:1139062"/>
                  <DestinationDisplayRef ref="VTR:DestinationDisplay:1"/>
                </StopPointInJourneyPattern>
                <StopPointInJourneyPattern id="VTR:StopPointInJourneyPattern:78467629" version="2230663" order="7">
                  <ScheduledStopPointRef ref="VTR:ScheduledStopPoint:1139057"/>
                  <DestinationDisplayRef ref="VTR:DestinationDisplay:1"/>
                </StopPointInJourneyPattern>
                <StopPointInJourneyPattern id="VTR:StopPointInJourneyPattern:78467630" version="2230663" order="8">
                  <ScheduledStopPointRef ref="VTR:ScheduledStopPoint:1139058"/>
                  <DestinationDisplayRef ref="VTR:DestinationDisplay:1"/>
                </StopPointInJourneyPattern>
                <StopPointInJourneyPattern id="VTR:StopPointInJourneyPattern:78467631" version="2230663" order="9">
                  <ScheduledStopPointRef ref="VTR:ScheduledStopPoint:1139064"/>
                  <DestinationDisplayRef ref="VTR:DestinationDisplay:1"/>
                </StopPointInJourneyPattern>
              </pointsInSequence>
            </JourneyPattern>
            <JourneyPattern id="VTR:JourneyPattern:2229376" version="2230662">
              <Name>2A</Name>
              <RouteRef ref="VTR:Route:15999" version="1"/>
              <pointsInSequence>
                <StopPointInJourneyPattern id="VTR:StopPointInJourneyPattern:78467617" version="2230662" order="1">
                  <ScheduledStopPointRef ref="VTR:ScheduledStopPoint:1139063"/>
                  <DestinationDisplayRef ref="VTR:DestinationDisplay:1"/>
                </StopPointInJourneyPattern>
                <StopPointInJourneyPattern id="VTR:StopPointInJourneyPattern:78467618" version="2230662" order="2">
                  <ScheduledStopPointRef ref="VTR:ScheduledStopPoint:1139059"/>
                  <DestinationDisplayRef ref="VTR:DestinationDisplay:1"/>
                </StopPointInJourneyPattern>
                <StopPointInJourneyPattern id="VTR:StopPointInJourneyPattern:78467619" version="2230662" order="3">
                  <ScheduledStopPointRef ref="VTR:ScheduledStopPoint:1139060"/>
                  <DestinationDisplayRef ref="VTR:DestinationDisplay:1"/>
                </StopPointInJourneyPattern>
                <StopPointInJourneyPattern id="VTR:StopPointInJourneyPattern:78467620" version="2230662" order="4">
                  <ScheduledStopPointRef ref="VTR:ScheduledStopPoint:1139061"/>
                  <DestinationDisplayRef ref="VTR:DestinationDisplay:1"/>
                </StopPointInJourneyPattern>
                <StopPointInJourneyPattern id="VTR:StopPointInJourneyPattern:78467621" version="2230662" order="6">
                  <ScheduledStopPointRef ref="VTR:ScheduledStopPoint:1139062"/>
                  <DestinationDisplayRef ref="VTR:DestinationDisplay:1"/>
                </StopPointInJourneyPattern>
                <StopPointInJourneyPattern id="VTR:StopPointInJourneyPattern:78467622" version="2230662" order="9">
                  <ScheduledStopPointRef ref="VTR:ScheduledStopPoint:1139064"/>
                  <DestinationDisplayRef ref="VTR:DestinationDisplay:1"/>
                </StopPointInJourneyPattern>
              </pointsInSequence>
            </JourneyPattern>
          </journeyPatterns>
        </ServiceFrame>
        <TimetableFrame version="1" id="VTR:TimetableFrame:1358">
          <vehicleJourneys>
            <ServiceJourney version="2230663" id="VTR:ServiceJourney:2229377">
              <Name>Naujonys-Anykščiai</Name>
              <PrivateCode>3A</PrivateCode>
              <dayTypes>
                <DayTypeRef ref="VTR:DayType:1660"/>
              </dayTypes>
              <JourneyPatternRef version="2230663" ref="VTR:JourneyPattern:2229377"/>
              <OperatorRef ref="VTR:Operator:83950"/>
              <LineRef ref="VTR:Line:2280" version="7123"/>
              <passingTimes>
                <TimetabledPassingTime version="2230663" id="VTR:TimetabledPassingTime:2229377_78467623_1">
                  <StopPointInJourneyPatternRef ref="VTR:StopPointInJourneyPattern:78467623" version="2230663"/>
                  <DepartureTime>07:35:00</DepartureTime>
                  <DepartureDayOffset>0</DepartureDayOffset>
                </TimetabledPassingTime>
                <TimetabledPassingTime version="2230663" id="VTR:TimetabledPassingTime:2229377_78467624_2">
                  <StopPointInJourneyPatternRef ref="VTR:StopPointInJourneyPattern:78467624" version="2230663"/>
                  <DepartureTime>07:39:00</DepartureTime>
                  <DepartureDayOffset>0</DepartureDayOffset>
                </TimetabledPassingTime>
                <TimetabledPassingTime version="2230663" id="VTR:TimetabledPassingTime:2229377_78467625_3">
                  <StopPointInJourneyPatternRef ref="VTR:StopPointInJourneyPattern:78467625" version="2230663"/>
                  <DepartureTime>07:40:00</DepartureTime>
                  <DepartureDayOffset>0</DepartureDayOffset>
                </TimetabledPassingTime>
                <TimetabledPassingTime version="2230663" id="VTR:TimetabledPassingTime:2229377_78467626_4">
                  <StopPointInJourneyPatternRef ref="VTR:StopPointInJourneyPattern:78467626" version="2230663"/>
                  <DepartureTime>07:42:00</DepartureTime>
                  <DepartureDayOffset>0</DepartureDayOffset>
                </TimetabledPassingTime>
                <TimetabledPassingTime version="2230663" id="VTR:TimetabledPassingTime:2229377_78467627_5">
                  <StopPointInJourneyPatternRef ref="VTR:StopPointInJourneyPattern:78467627" version="2230663"/>
                  <DepartureTime>07:43:00</DepartureTime>
                  <DepartureDayOffset>0</DepartureDayOffset>
                </TimetabledPassingTime>
                <TimetabledPassingTime version="2230663" id="VTR:TimetabledPassingTime:2229377_78467628_6">
                  <StopPointInJourneyPatternRef ref="VTR:StopPointInJourneyPattern:78467628" version="2230663"/>
                  <DepartureTime>07:47:00</DepartureTime>
                  <DepartureDayOffset>0</DepartureDayOffset>
                </TimetabledPassingTime>
                <TimetabledPassingTime version="2230663" id="VTR:TimetabledPassingTime:2229377_78467629_7">
                  <StopPointInJourneyPatternRef ref="VTR:StopPointInJourneyPattern:78467629" version="2230663"/>
                  <DepartureTime>07:50:00</DepartureTime>
                  <DepartureDayOffset>0</DepartureDayOffset>
                </TimetabledPassingTime>
                <TimetabledPassingTime version="2230663" id="VTR:TimetabledPassingTime:2229377_78467630_8">
                  <StopPointInJourneyPatternRef ref="VTR:StopPointInJourneyPattern:78467630" version="2230663"/>
                  <DepartureTime>07:55:00</DepartureTime>
                  <DepartureDayOffset>0</DepartureDayOffset>
                </TimetabledPassingTime>
                <TimetabledPassingTime version="2230663" id="VTR:TimetabledPassingTime:2229377_78467631_9">
                  <StopPointInJourneyPatternRef ref="VTR:StopPointInJourneyPattern:78467631" version="2230663"/>
                  <DepartureTime>08:00:00</DepartureTime>
                  <DepartureDayOffset>0</DepartureDayOffset>
                </TimetabledPassingTime>
              </passingTimes>
            </ServiceJourney>
            <ServiceJourney version="2230659" id="VTR:ServiceJourney:2229373">
              <Name>Anykščiai-Naujonys</Name>
              <PrivateCode>1</PrivateCode>
              <dayTypes>
                <DayTypeRef ref="VTR:DayType:1661"/>
              </dayTypes>
              <JourneyPatternRef version="2230659" ref="VTR:JourneyPattern:2229373"/>
              <OperatorRef ref="VTR:Operator:83950"/>
              <LineRef ref="VTR:Line:2280" version="7123"/>
              <passingTimes>
                <TimetabledPassingTime version="2230659" id="VTR:TimetabledPassingTime:2229373_78467599_1">
                  <StopPointInJourneyPatternRef ref="VTR:StopPointInJourneyPattern:78467599" version="2230659"/>
                  <DepartureTime>07:20:00</DepartureTime>
                  <DepartureDayOffset>0</DepartureDayOffset>
                </TimetabledPassingTime>
                <TimetabledPassingTime version="2230659" id="VTR:TimetabledPassingTime:2229373_78467600_2">
                  <StopPointInJourneyPatternRef ref="VTR:StopPointInJourneyPattern:78467600" version="2230659"/>
                  <DepartureTime>07:21:00</DepartureTime>
                  <DepartureDayOffset>0</DepartureDayOffset>
                </TimetabledPassingTime>
                <TimetabledPassingTime version="2230659" id="VTR:TimetabledPassingTime:2229373_78467601_3">
                  <StopPointInJourneyPatternRef ref="VTR:StopPointInJourneyPattern:78467601" version="2230659"/>
                  <DepartureTime>07:22:00</DepartureTime>
                  <DepartureDayOffset>0</DepartureDayOffset>
                </TimetabledPassingTime>
                <TimetabledPassingTime version="2230659" id="VTR:TimetabledPassingTime:2229373_78467602_4">
                  <StopPointInJourneyPatternRef ref="VTR:StopPointInJourneyPattern:78467602" version="2230659"/>
                  <DepartureTime>07:24:00</DepartureTime>
                  <DepartureDayOffset>0</DepartureDayOffset>
                </TimetabledPassingTime>
                <TimetabledPassingTime version="2230659" id="VTR:TimetabledPassingTime:2229373_78467603_5">
                  <StopPointInJourneyPatternRef ref="VTR:StopPointInJourneyPattern:78467603" version="2230659"/>
                  <DepartureTime>07:30:00</DepartureTime>
                  <DepartureDayOffset>0</DepartureDayOffset>
                </TimetabledPassingTime>
                <TimetabledPassingTime version="2230659" id="VTR:TimetabledPassingTime:2229373_78467604_6">
                  <StopPointInJourneyPatternRef ref="VTR:StopPointInJourneyPattern:78467604" version="2230659"/>
                  <DepartureTime>07:35:00</DepartureTime>
                  <DepartureDayOffset>0</DepartureDayOffset>
                </TimetabledPassingTime>
              </passingTimes>
            </ServiceJourney>
            <ServiceJourney version="2230661" id="VTR:ServiceJourney:2229375">
              <Name>Naujonys-Anykščiai</Name>
              <PrivateCode>1A</PrivateCode>
              <dayTypes>
                <DayTypeRef ref="VTR:DayType:1661"/>
              </dayTypes>
              <JourneyPatternRef version="2230661" ref="VTR:JourneyPattern:2229375"/>
              <OperatorRef ref="VTR:Operator:83950"/>
              <LineRef ref="VTR:Line:2280" version="7123"/>
              <passingTimes>
                <TimetabledPassingTime version="2230661" id="VTR:TimetabledPassingTime:2229375_78467611_1">
                  <StopPointInJourneyPatternRef ref="VTR:StopPointInJourneyPattern:78467611" version="2230661"/>
                  <DepartureTime>07:35:00</DepartureTime>
                  <DepartureDayOffset>0</DepartureDayOffset>
                </TimetabledPassingTime>
                <TimetabledPassingTime version="2230661" id="VTR:TimetabledPassingTime:2229375_78467612_2">
                  <StopPointInJourneyPatternRef ref="VTR:StopPointInJourneyPattern:78467612" version="2230661"/>
                  <DepartureTime>07:39:00</DepartureTime>
                  <DepartureDayOffset>0</DepartureDayOffset>
                </TimetabledPassingTime>
                <TimetabledPassingTime version="2230661" id="VTR:TimetabledPassingTime:2229375_78467613_3">
                  <StopPointInJourneyPatternRef ref="VTR:StopPointInJourneyPattern:78467613" version="2230661"/>
                  <DepartureTime>07:40:00</DepartureTime>
                  <DepartureDayOffset>0</DepartureDayOffset>
                </TimetabledPassingTime>
                <TimetabledPassingTime version="2230661" id="VTR:TimetabledPassingTime:2229375_78467614_4">
                  <StopPointInJourneyPatternRef ref="VTR:StopPointInJourneyPattern:78467614" version="2230661"/>
                  <DepartureTime>07:42:00</DepartureTime>
                  <DepartureDayOffset>0</DepartureDayOffset>
                </TimetabledPassingTime>
                <TimetabledPassingTime version="2230661" id="VTR:TimetabledPassingTime:2229375_78467615_6">
                  <StopPointInJourneyPatternRef ref="VTR:StopPointInJourneyPattern:78467615" version="2230661"/>
                  <DepartureTime>07:43:00</DepartureTime>
                  <DepartureDayOffset>0</DepartureDayOffset>
                </TimetabledPassingTime>
                <TimetabledPassingTime version="2230661" id="VTR:TimetabledPassingTime:2229375_78467616_9">
                  <StopPointInJourneyPatternRef ref="VTR:StopPointInJourneyPattern:78467616" version="2230661"/>
                  <DepartureTime>07:50:00</DepartureTime>
                  <DepartureDayOffset>0</DepartureDayOffset>
                </TimetabledPassingTime>
              </passingTimes>
            </ServiceJourney>
            <ServiceJourney version="2230660" id="VTR:ServiceJourney:2229374">
              <Name>Anykščiai-Naujonys</Name>
              <PrivateCode>2</PrivateCode>
              <dayTypes>
                <DayTypeRef ref="VTR:DayType:1661"/>
              </dayTypes>
              <JourneyPatternRef version="2230660" ref="VTR:JourneyPattern:2229374"/>
              <OperatorRef ref="VTR:Operator:83950"/>
              <LineRef ref="VTR:Line:2280" version="7123"/>
              <passingTimes>
                <TimetabledPassingTime version="2230660" id="VTR:TimetabledPassingTime:2229374_78467605_1">
                  <StopPointInJourneyPatternRef ref="VTR:StopPointInJourneyPattern:78467605" version="2230660"/>
                  <DepartureTime>15:35:00</DepartureTime>
                  <DepartureDayOffset>0</DepartureDayOffset>
                </TimetabledPassingTime>
                <TimetabledPassingTime version="2230660" id="VTR:TimetabledPassingTime:2229374_78467606_2">
                  <StopPointInJourneyPatternRef ref="VTR:StopPointInJourneyPattern:78467606" version="2230660"/>
                  <DepartureTime>15:38:00</DepartureTime>
                  <DepartureDayOffset>0</DepartureDayOffset>
                </TimetabledPassingTime>
                <TimetabledPassingTime version="2230660" id="VTR:TimetabledPassingTime:2229374_78467607_3">
                  <StopPointInJourneyPatternRef ref="VTR:StopPointInJourneyPattern:78467607" version="2230660"/>
                  <DepartureTime>15:40:00</DepartureTime>
                  <DepartureDayOffset>0</DepartureDayOffset>
                </TimetabledPassingTime>
                <TimetabledPassingTime version="2230660" id="VTR:TimetabledPassingTime:2229374_78467608_4">
                  <StopPointInJourneyPatternRef ref="VTR:StopPointInJourneyPattern:78467608" version="2230660"/>
                  <DepartureTime>15:44:00</DepartureTime>
                  <DepartureDayOffset>0</DepartureDayOffset>
                </TimetabledPassingTime>
                <TimetabledPassingTime version="2230660" id="VTR:TimetabledPassingTime:2229374_78467609_5">
                  <StopPointInJourneyPatternRef ref="VTR:StopPointInJourneyPattern:78467609" version="2230660"/>
                  <DepartureTime>15:45:00</DepartureTime>
                  <DepartureDayOffset>0</DepartureDayOffset>
                </TimetabledPassingTime>
                <TimetabledPassingTime version="2230660" id="VTR:TimetabledPassingTime:2229374_78467610_6">
                  <StopPointInJourneyPatternRef ref="VTR:StopPointInJourneyPattern:78467610" version="2230660"/>
                  <DepartureTime>15:50:00</DepartureTime>
                  <DepartureDayOffset>0</DepartureDayOffset>
                </TimetabledPassingTime>
              </passingTimes>
            </ServiceJourney>
            <ServiceJourney version="2230662" id="VTR:ServiceJourney:2229376">
              <Name>Naujonys-Anykščiai</Name>
              <PrivateCode>2A</PrivateCode>
              <dayTypes>
                <DayTypeRef ref="VTR:DayType:1660"/>
              </dayTypes>
              <JourneyPatternRef version="2230662" ref="VTR:JourneyPattern:2229376"/>
              <OperatorRef ref="VTR:Operator:83950"/>
              <LineRef ref="VTR:Line:2280" version="7123"/>
              <passingTimes>
                <TimetabledPassingTime version="2230662" id="VTR:TimetabledPassingTime:2229376_78467617_1">
                  <StopPointInJourneyPatternRef ref="VTR:StopPointInJourneyPattern:78467617" version="2230662"/>
                  <DepartureTime>15:50:00</DepartureTime>
                  <DepartureDayOffset>0</DepartureDayOffset>
                </TimetabledPassingTime>
                <TimetabledPassingTime version="2230662" id="VTR:TimetabledPassingTime:2229376_78467618_2">
                  <StopPointInJourneyPatternRef ref="VTR:StopPointInJourneyPattern:78467618" version="2230662"/>
                  <DepartureTime>15:55:00</DepartureTime>
                  <DepartureDayOffset>0</DepartureDayOffset>
                </TimetabledPassingTime>
                <TimetabledPassingTime version="2230662" id="VTR:TimetabledPassingTime:2229376_78467619_3">
                  <StopPointInJourneyPatternRef ref="VTR:StopPointInJourneyPattern:78467619" version="2230662"/>
                  <DepartureTime>15:57:00</DepartureTime>
                  <DepartureDayOffset>0</DepartureDayOffset>
                </TimetabledPassingTime>
                <TimetabledPassingTime version="2230662" id="VTR:TimetabledPassingTime:2229376_78467620_4">
                  <StopPointInJourneyPatternRef ref="VTR:StopPointInJourneyPattern:78467620" version="2230662"/>
                  <DepartureTime>16:00:00</DepartureTime>
                  <DepartureDayOffset>0</DepartureDayOffset>
                </TimetabledPassingTime>
                <TimetabledPassingTime version="2230662" id="VTR:TimetabledPassingTime:2229376_78467621_6">
                  <StopPointInJourneyPatternRef ref="VTR:StopPointInJourneyPattern:78467621" version="2230662"/>
                  <DepartureTime>16:02:00</DepartureTime>
                  <DepartureDayOffset>0</DepartureDayOffset>
                </TimetabledPassingTime>
                <TimetabledPassingTime version="2230662" id="VTR:TimetabledPassingTime:2229376_78467622_9">
                  <StopPointInJourneyPatternRef ref="VTR:StopPointInJourneyPattern:78467622" version="2230662"/>
                  <DepartureTime>16:05:00</DepartureTime>
                  <DepartureDayOffset>0</DepartureDayOffset>
                </TimetabledPassingTime>
              </passingTimes>
            </ServiceJourney>
          </vehicleJourneys>
        </TimetableFrame>
        <ResourceFrame version="1" id="VTR:ResourceFrame:1358">
          <organisations>
            <Authority version="1" id="VTR:Authority:49">
              <CompanyNumber>34</CompanyNumber>
              <Name>Anykščių r. sav.</Name>
              <LegalName>Anykščių r. sav.</LegalName>
              <ContactDetails>
                <Email>info@anyksciai.lt</Email>
                <Phone>838142350</Phone>
                <Url>www.anyksciai.lt</Url>
              </ContactDetails>
              <OrganisationType>authority</OrganisationType>
            </Authority>
          </organisations>
        </ResourceFrame>
        <FareFrame id="VTR:FareFrame:2280" version="1">
          <FrameDefaults>
            <DefaultCurrency>EUR</DefaultCurrency>
          </FrameDefaults>
          <fareStructureElements>
            <FareStructureElement id="VTR:FareStructureElement:pricematrix" version="1">
              <distanceMatrixElements>
                <DistanceMatrixElementRef ref="VTR:DistanceMatrixElement:78467605to78467607" version="1"/>
                <DistanceMatrixElementRef ref="VTR:DistanceMatrixElement:78467599to78467602" version="1"/>
                <DistanceMatrixElementRef ref="VTR:DistanceMatrixElement:78467608to78467609" version="1"/>
                <DistanceMatrixElementRef ref="VTR:DistanceMatrixElement:78467599to78467600" version="1"/>
                <DistanceMatrixElementRef ref="VTR:DistanceMatrixElement:78467599to78467601" version="1"/>
                <DistanceMatrixElementRef ref="VTR:DistanceMatrixElement:78467600to78467602" version="1"/>
                <DistanceMatrixElementRef ref="VTR:DistanceMatrixElement:78467601to78467603" version="1"/>
                <DistanceMatrixElementRef ref="VTR:DistanceMatrixElement:78467611to78467613" version="1"/>
                <DistanceMatrixElementRef ref="VTR:DistanceMatrixElement:78467612to78467614" version="1"/>
                <DistanceMatrixElementRef ref="VTR:DistanceMatrixElement:78467617to78467619" version="1"/>
                <DistanceMatrixElementRef ref="VTR:DistanceMatrixElement:78467606to78467608" version="1"/>
                <DistanceMatrixElementRef ref="VTR:DistanceMatrixElement:78467608to78467610" version="1"/>
                <DistanceMatrixElementRef ref="VTR:DistanceMatrixElement:78467603to78467604" version="1"/>
                <DistanceMatrixElementRef ref="VTR:DistanceMatrixElement:78467601to78467604" version="1"/>
                <DistanceMatrixElementRef ref="VTR:DistanceMatrixElement:78467611to78467612" version="1"/>
                <DistanceMatrixElementRef ref="VTR:DistanceMatrixElement:78467612to78467613" version="1"/>
                <DistanceMatrixElementRef ref="VTR:DistanceMatrixElement:78467613to78467614" version="1"/>
                <DistanceMatrixElementRef ref="VTR:DistanceMatrixElement:78467619to78467620" version="1"/>
                <DistanceMatrixElementRef ref="VTR:DistanceMatrixElement:78467606to78467607" version="1"/>
                <DistanceMatrixElementRef ref="VTR:DistanceMatrixElement:78467609to78467610" version="1"/>
                <DistanceMatrixElementRef ref="VTR:DistanceMatrixElement:78467602to78467603" version="1"/>
                <DistanceMatrixElementRef ref="VTR:DistanceMatrixElement:78467601to78467602" version="1"/>
                <DistanceMatrixElementRef ref="VTR:DistanceMatrixElement:78467617to78467620" version="1"/>
                <DistanceMatrixElementRef ref="VTR:DistanceMatrixElement:78467605to78467606" version="1"/>
                <DistanceMatrixElementRef ref="VTR:DistanceMatrixElement:78467607to78467610" version="1"/>
                <DistanceMatrixElementRef ref="VTR:DistanceMatrixElement:78467611to78467614" version="1"/>
                <DistanceMatrixElementRef ref="VTR:DistanceMatrixElement:78467605to78467609" version="1"/>
                <DistanceMatrixElementRef ref="VTR:DistanceMatrixElement:78467607to78467608" version="1"/>
                <DistanceMatrixElementRef ref="VTR:DistanceMatrixElement:78467600to78467601" version="1"/>
                <DistanceMatrixElementRef ref="VTR:DistanceMatrixElement:78467600to78467603" version="1"/>
                <DistanceMatrixElementRef ref="VTR:DistanceMatrixElement:78467600to78467604" version="1"/>
                <DistanceMatrixElementRef ref="VTR:DistanceMatrixElement:78467617to78467618" version="1"/>
                <DistanceMatrixElementRef ref="VTR:DistanceMatrixElement:78467618to78467620" version="1"/>
                <DistanceMatrixElementRef ref="VTR:DistanceMatrixElement:78467606to78467610" version="1"/>
                <DistanceMatrixElementRef ref="VTR:DistanceMatrixElement:78467599to78467603" version="1"/>
                <DistanceMatrixElementRef ref="VTR:DistanceMatrixElement:78467618to78467619" version="1"/>
                <DistanceMatrixElementRef ref="VTR:DistanceMatrixElement:78467605to78467610" version="1"/>
                <DistanceMatrixElementRef ref="VTR:DistanceMatrixElement:78467606to78467609" version="1"/>
                <DistanceMatrixElementRef ref="VTR:DistanceMatrixElement:78467599to78467604" version="1"/>
                <DistanceMatrixElementRef ref="VTR:DistanceMatrixElement:78467605to78467608" version="1"/>
                <DistanceMatrixElementRef ref="VTR:DistanceMatrixElement:78467602to78467604" version="1"/>
                <DistanceMatrixElementRef ref="VTR:DistanceMatrixElement:78467607to78467609" version="1"/>
              </distanceMatrixElements>
            </FareStructureElement>
          </fareStructureElements>
          <tariffs>
            <Tariff id="VTR:Tariff:pointToPointInSeparateJourney_2280" version="1">
              <Name>Point to point tariff</Name>
              <distanceMatrixElements>
                <DistanceMatrixElement id="VTR:DistanceMatrixElement:78467605to78467607" version="1">
                  <Name>Anykščių autobusų stotis to Vikonys</Name>
                  <StartStopPointRef ref="VTR:ScheduledStopPoint:1139050" version="1"/>
                  <EndStopPointRef ref="VTR:ScheduledStopPoint:1139052" version="1"/>
                  <prices>
                    <DistanceMatrixElementPrice id="VTR:DistanceMatrixElementPrice:78467605to78467607" version="1">
                      <Amount>0.28</Amount>
                      <DistanceMatrixElementRef ref="VTR:DistanceMatrixElement:78467605to78467607" version="1"/>
                    </DistanceMatrixElementPrice>
                  </prices>
                </DistanceMatrixElement>
                <DistanceMatrixElement id="VTR:DistanceMatrixElement:78467599to78467602" version="1">
                  <Name>Anykščių autobusų stotis to Kūniškiai</Name>
                  <StartStopPointRef ref="VTR:ScheduledStopPoint:1139050" version="1"/>
                  <EndStopPointRef ref="VTR:ScheduledStopPoint:1139053" version="1"/>
                  <prices>
                    <DistanceMatrixElementPrice id="VTR:DistanceMatrixElementPrice:78467599to78467602" version="1">
                      <Amount>0.42</Amount>
                      <DistanceMatrixElementRef ref="VTR:DistanceMatrixElement:78467599to78467602" version="1"/>
                    </DistanceMatrixElementPrice>
                  </prices>
                </DistanceMatrixElement>
                <DistanceMatrixElement id="VTR:DistanceMatrixElement:78467608to78467609" version="1">
                  <Name>Kūniškiai to Piktagalys</Name>
                  <StartStopPointRef ref="VTR:ScheduledStopPoint:1139053" version="1"/>
                  <EndStopPointRef ref="VTR:ScheduledStopPoint:1139054" version="1"/>
                  <prices>
                    <DistanceMatrixElementPrice id="VTR:DistanceMatrixElementPrice:78467608to78467609" version="1">
                      <Amount>0.12</Amount>
                      <DistanceMatrixElementRef ref="VTR:DistanceMatrixElement:78467608to78467609" version="1"/>
                    </DistanceMatrixElementPrice>
                  </prices>
                </DistanceMatrixElement>
                <DistanceMatrixElement id="VTR:DistanceMatrixElement:78467599to78467600" version="1">
                  <Name>Anykščių autobusų stotis to Medelynas</Name>
                  <StartStopPointRef ref="VTR:ScheduledStopPoint:1139050" version="1"/>
                  <EndStopPointRef ref="VTR:ScheduledStopPoint:1139051" version="1"/>
                  <prices>
                    <DistanceMatrixElementPrice id="VTR:DistanceMatrixElementPrice:78467599to78467600" version="1">
                      <Amount>0.22</Amount>
                      <DistanceMatrixElementRef ref="VTR:DistanceMatrixElement:78467599to78467600" version="1"/>
                    </DistanceMatrixElementPrice>
                  </prices>
                </DistanceMatrixElement>
                <DistanceMatrixElement id="VTR:DistanceMatrixElement:78467599to78467601" version="1">
                  <Name>Anykščių autobusų stotis to Vikonys</Name>
                  <StartStopPointRef ref="VTR:ScheduledStopPoint:1139050" version="1"/>
                  <EndStopPointRef ref="VTR:ScheduledStopPoint:1139052" version="1"/>
                  <prices>
                    <DistanceMatrixElementPrice id="VTR:DistanceMatrixElementPrice:78467599to78467601" version="1">
                      <Amount>0.28</Amount>
                      <DistanceMatrixElementRef ref="VTR:DistanceMatrixElement:78467599to78467601" version="1"/>
                    </DistanceMatrixElementPrice>
                  </prices>
                </DistanceMatrixElement>
                <DistanceMatrixElement id="VTR:DistanceMatrixElement:78467600to78467602" version="1">
                  <Name>Medelynas to Kūniškiai</Name>
                  <StartStopPointRef ref="VTR:ScheduledStopPoint:1139051" version="1"/>
                  <EndStopPointRef ref="VTR:ScheduledStopPoint:1139053" version="1"/>
                  <prices>
                    <DistanceMatrixElementPrice id="VTR:DistanceMatrixElementPrice:78467600to78467602" version="1">
                      <Amount>0.16</Amount>
                      <DistanceMatrixElementRef ref="VTR:DistanceMatrixElement:78467600to78467602" version="1"/>
                    </DistanceMatrixElementPrice>
                  </prices>
                </DistanceMatrixElement>
                <DistanceMatrixElement id="VTR:DistanceMatrixElement:78467601to78467603" version="1">
                  <Name>Vikonys to Piktagalys</Name>
                  <StartStopPointRef ref="VTR:ScheduledStopPoint:1139052" version="1"/>
                  <EndStopPointRef ref="VTR:ScheduledStopPoint:1139054" version="1"/>
                  <prices>
                    <DistanceMatrixElementPrice id="VTR:DistanceMatrixElementPrice:78467601to78467603" version="1">
                      <Amount>0.2</Amount>
                      <DistanceMatrixElementRef ref="VTR:DistanceMatrixElement:78467601to78467603" version="1"/>
                    </DistanceMatrixElementPrice>
                  </prices>
                </DistanceMatrixElement>
                <DistanceMatrixElement id="VTR:DistanceMatrixElement:78467611to78467613" version="1">
                  <Name>Naujonys to Kuniškiai</Name>
                  <StartStopPointRef ref="VTR:ScheduledStopPoint:1139063" version="1"/>
                  <EndStopPointRef ref="VTR:ScheduledStopPoint:1139060" version="1"/>
                  <prices>
                    <DistanceMatrixElementPrice id="VTR:DistanceMatrixElementPrice:78467611to78467613" version="1">
                      <Amount>0.34</Amount>
                      <DistanceMatrixElementRef ref="VTR:DistanceMatrixElement:78467611to78467613" version="1"/>
                    </DistanceMatrixElementPrice>
                  </prices>
                </DistanceMatrixElement>
                <DistanceMatrixElement id="VTR:DistanceMatrixElement:78467612to78467614" version="1">
                  <Name>Piktagalis to Vikonys</Name>
                  <StartStopPointRef ref="VTR:ScheduledStopPoint:1139059" version="1"/>
                  <EndStopPointRef ref="VTR:ScheduledStopPoint:1139061" version="1"/>
                  <prices>
                    <DistanceMatrixElementPrice id="VTR:DistanceMatrixElementPrice:78467612to78467614" version="1">
                      <Amount>0.2</Amount>
                      <DistanceMatrixElementRef ref="VTR:DistanceMatrixElement:78467612to78467614" version="1"/>
                    </DistanceMatrixElementPrice>
                  </prices>
                </DistanceMatrixElement>
                <DistanceMatrixElement id="VTR:DistanceMatrixElement:78467617to78467619" version="1">
                  <Name>Naujonys to Kuniškiai</Name>
                  <StartStopPointRef ref="VTR:ScheduledStopPoint:1139063" version="1"/>
                  <EndStopPointRef ref="VTR:ScheduledStopPoint:1139060" version="1"/>
                  <prices>
                    <DistanceMatrixElementPrice id="VTR:DistanceMatrixElementPrice:78467617to78467619" version="1">
                      <Amount>0.34</Amount>
                      <DistanceMatrixElementRef ref="VTR:DistanceMatrixElement:78467617to78467619" version="1"/>
                    </DistanceMatrixElementPrice>
                  </prices>
                </DistanceMatrixElement>
                <DistanceMatrixElement id="VTR:DistanceMatrixElement:78467606to78467608" version="1">
                  <Name>Medelynas to Kūniškiai</Name>
                  <StartStopPointRef ref="VTR:ScheduledStopPoint:1139051" version="1"/>
                  <EndStopPointRef ref="VTR:ScheduledStopPoint:1139053" version="1"/>
                  <prices>
                    <DistanceMatrixElementPrice id="VTR:DistanceMatrixElementPrice:78467606to78467608" version="1">
                      <Amount>0.16</Amount>
                      <DistanceMatrixElementRef ref="VTR:DistanceMatrixElement:78467606to78467608" version="1"/>
                    </DistanceMatrixElementPrice>
                  </prices>
                </DistanceMatrixElement>
                <DistanceMatrixElement id="VTR:DistanceMatrixElement:78467608to78467610" version="1">
                  <Name>Kūniškiai to Naujonys</Name>
                  <StartStopPointRef ref="VTR:ScheduledStopPoint:1139053" version="1"/>
                  <EndStopPointRef ref="VTR:ScheduledStopPoint:1139055" version="1"/>
                  <prices>
                    <DistanceMatrixElementPrice id="VTR:DistanceMatrixElementPrice:78467608to78467610" version="1">
                      <Amount>0.34</Amount>
                      <DistanceMatrixElementRef ref="VTR:DistanceMatrixElement:78467608to78467610" version="1"/>
                    </DistanceMatrixElementPrice>
                  </prices>
                </DistanceMatrixElement>
                <DistanceMatrixElement id="VTR:DistanceMatrixElement:78467603to78467604" version="1">
                  <Name>Piktagalys to Naujonys</Name>
                  <StartStopPointRef ref="VTR:ScheduledStopPoint:1139054" version="1"/>
                  <EndStopPointRef ref="VTR:ScheduledStopPoint:1139055" version="1"/>
                  <prices>
                    <DistanceMatrixElementPrice id="VTR:DistanceMatrixElementPrice:78467603to78467604" version="1">
                      <Amount>0.22</Amount>
                      <DistanceMatrixElementRef ref="VTR:DistanceMatrixElement:78467603to78467604" version="1"/>
                    </DistanceMatrixElementPrice>
                  </prices>
                </DistanceMatrixElement>
                <DistanceMatrixElement id="VTR:DistanceMatrixElement:78467601to78467604" version="1">
                  <Name>Vikonys to Naujonys</Name>
                  <StartStopPointRef ref="VTR:ScheduledStopPoint:1139052" version="1"/>
                  <EndStopPointRef ref="VTR:ScheduledStopPoint:1139055" version="1"/>
                  <prices>
                    <DistanceMatrixElementPrice id="VTR:DistanceMatrixElementPrice:78467601to78467604" version="1">
                      <Amount>0.42</Amount>
                      <DistanceMatrixElementRef ref="VTR:DistanceMatrixElement:78467601to78467604" version="1"/>
                    </DistanceMatrixElementPrice>
                  </prices>
                </DistanceMatrixElement>
                <DistanceMatrixElement id="VTR:DistanceMatrixElement:78467611to78467612" version="1">
                  <Name>Naujonys to Piktagalis</Name>
                  <StartStopPointRef ref="VTR:ScheduledStopPoint:1139063" version="1"/>
                  <EndStopPointRef ref="VTR:ScheduledStopPoint:1139059" version="1"/>
                  <prices>
                    <DistanceMatrixElementPrice id="VTR:DistanceMatrixElementPrice:78467611to78467612" version="1">
                      <Amount>0.22</Amount>
                      <DistanceMatrixElementRef ref="VTR:DistanceMatrixElement:78467611to78467612" version="1"/>
                    </DistanceMatrixElementPrice>
                  </prices>
                </DistanceMatrixElement>
                <DistanceMatrixElement id="VTR:DistanceMatrixElement:78467612to78467613" version="1">
                  <Name>Piktagalis to Kuniškiai</Name>
                  <StartStopPointRef ref="VTR:ScheduledStopPoint:1139059" version="1"/>
                  <EndStopPointRef ref="VTR:ScheduledStopPoint:1139060" version="1"/>
                  <prices>
                    <DistanceMatrixElementPrice id="VTR:DistanceMatrixElementPrice:78467612to78467613" version="1">
                      <Amount>0.12</Amount>
                      <DistanceMatrixElementRef ref="VTR:DistanceMatrixElement:78467612to78467613" version="1"/>
                    </DistanceMatrixElementPrice>
                  </prices>
                </DistanceMatrixElement>
                <DistanceMatrixElement id="VTR:DistanceMatrixElement:78467613to78467614" version="1">
                  <Name>Kuniškiai to Vikonys</Name>
                  <StartStopPointRef ref="VTR:ScheduledStopPoint:1139060" version="1"/>
                  <EndStopPointRef ref="VTR:ScheduledStopPoint:1139061" version="1"/>
                  <prices>
                    <DistanceMatrixElementPrice id="VTR:DistanceMatrixElementPrice:78467613to78467614" version="1">
                      <Amount>0.12</Amount>
                      <DistanceMatrixElementRef ref="VTR:DistanceMatrixElement:78467613to78467614" version="1"/>
                    </DistanceMatrixElementPrice>
                  </prices>
                </DistanceMatrixElement>
                <DistanceMatrixElement id="VTR:DistanceMatrixElement:78467619to78467620" version="1">
                  <Name>Kuniškiai to Vikonys</Name>
                  <StartStopPointRef ref="VTR:ScheduledStopPoint:1139060" version="1"/>
                  <EndStopPointRef ref="VTR:ScheduledStopPoint:1139061" version="1"/>
                  <prices>
                    <DistanceMatrixElementPrice id="VTR:DistanceMatrixElementPrice:78467619to78467620" version="1">
                      <Amount>0.12</Amount>
                      <DistanceMatrixElementRef ref="VTR:DistanceMatrixElement:78467619to78467620" version="1"/>
                    </DistanceMatrixElementPrice>
                  </prices>
                </DistanceMatrixElement>
                <DistanceMatrixElement id="VTR:DistanceMatrixElement:78467606to78467607" version="1">
                  <Name>Medelynas to Vikonys</Name>
                  <StartStopPointRef ref="VTR:ScheduledStopPoint:1139051" version="1"/>
                  <EndStopPointRef ref="VTR:ScheduledStopPoint:1139052" version="1"/>
                  <prices>
                    <DistanceMatrixElementPrice id="VTR:DistanceMatrixElementPrice:78467606to78467607" version="1">
                      <Amount>0.06</Amount>
                      <DistanceMatrixElementRef ref="VTR:DistanceMatrixElement:78467606to78467607" version="1"/>
                    </DistanceMatrixElementPrice>
                  </prices>
                </DistanceMatrixElement>
                <DistanceMatrixElement id="VTR:DistanceMatrixElement:78467609to78467610" version="1">
                  <Name>Piktagalys to Naujonys</Name>
                  <StartStopPointRef ref="VTR:ScheduledStopPoint:1139054" version="1"/>
                  <EndStopPointRef ref="VTR:ScheduledStopPoint:1139055" version="1"/>
                  <prices>
                    <DistanceMatrixElementPrice id="VTR:DistanceMatrixElementPrice:78467609to78467610" version="1">
                      <Amount>0.22</Amount>
                      <DistanceMatrixElementRef ref="VTR:DistanceMatrixElement:78467609to78467610" version="1"/>
                    </DistanceMatrixElementPrice>
                  </prices>
                </DistanceMatrixElement>
                <DistanceMatrixElement id="VTR:DistanceMatrixElement:78467602to78467603" version="1">
                  <Name>Kūniškiai to Piktagalys</Name>
                  <StartStopPointRef ref="VTR:ScheduledStopPoint:1139053" version="1"/>
                  <EndStopPointRef ref="VTR:ScheduledStopPoint:1139054" version="1"/>
                  <prices>
                    <DistanceMatrixElementPrice id="VTR:DistanceMatrixElementPrice:78467602to78467603" version="1">
                      <Amount>0.12</Amount>
                      <DistanceMatrixElementRef ref="VTR:DistanceMatrixElement:78467602to78467603" version="1"/>
                    </DistanceMatrixElementPrice>
                  </prices>
                </DistanceMatrixElement>
                <DistanceMatrixElement id="VTR:DistanceMatrixElement:78467601to78467602" version="1">
                  <Name>Vikonys to Kūniškiai</Name>
                  <StartStopPointRef ref="VTR:ScheduledStopPoint:1139052" version="1"/>
                  <EndStopPointRef ref="VTR:ScheduledStopPoint:1139053" version="1"/>
                  <prices>
                    <DistanceMatrixElementPrice id="VTR:DistanceMatrixElementPrice:78467601to78467602" version="1">
                      <Amount>0.12</Amount>
                      <DistanceMatrixElementRef ref="VTR:DistanceMatrixElement:78467601to78467602" version="1"/>
                    </DistanceMatrixElementPrice>
                  </prices>
                </DistanceMatrixElement>
                <DistanceMatrixElement id="VTR:DistanceMatrixElement:78467617to78467620" version="1">
                  <Name>Naujonys to Vikonys</Name>
                  <StartStopPointRef ref="VTR:ScheduledStopPoint:1139063" version="1"/>
                  <EndStopPointRef ref="VTR:ScheduledStopPoint:1139061" version="1"/>
                  <prices>
                    <DistanceMatrixElementPrice id="VTR:DistanceMatrixElementPrice:78467617to78467620" version="1">
                      <Amount>0.42</Amount>
                      <DistanceMatrixElementRef ref="VTR:DistanceMatrixElement:78467617to78467620" version="1"/>
                    </DistanceMatrixElementPrice>
                  </prices>
                </DistanceMatrixElement>
                <DistanceMatrixElement id="VTR:DistanceMatrixElement:78467605to78467606" version="1">
                  <Name>Anykščių autobusų stotis to Medelynas</Name>
                  <StartStopPointRef ref="VTR:ScheduledStopPoint:1139050" version="1"/>
                  <EndStopPointRef ref="VTR:ScheduledStopPoint:1139051" version="1"/>
                  <prices>
                    <DistanceMatrixElementPrice id="VTR:DistanceMatrixElementPrice:78467605to78467606" version="1">
                      <Amount>0.22</Amount>
                      <DistanceMatrixElementRef ref="VTR:DistanceMatrixElement:78467605to78467606" version="1"/>
                    </DistanceMatrixElementPrice>
                  </prices>
                </DistanceMatrixElement>
                <DistanceMatrixElement id="VTR:DistanceMatrixElement:78467607to78467610" version="1">
                  <Name>Vikonys to Naujonys</Name>
                  <StartStopPointRef ref="VTR:ScheduledStopPoint:1139052" version="1"/>
                  <EndStopPointRef ref="VTR:ScheduledStopPoint:1139055" version="1"/>
                  <prices>
                    <DistanceMatrixElementPrice id="VTR:DistanceMatrixElementPrice:78467607to78467610" version="1">
                      <Amount>0.42</Amount>
                      <DistanceMatrixElementRef ref="VTR:DistanceMatrixElement:78467607to78467610" version="1"/>
                    </DistanceMatrixElementPrice>
                  </prices>
                </DistanceMatrixElement>
                <DistanceMatrixElement id="VTR:DistanceMatrixElement:78467611to78467614" version="1">
                  <Name>Naujonys to Vikonys</Name>
                  <StartStopPointRef ref="VTR:ScheduledStopPoint:1139063" version="1"/>
                  <EndStopPointRef ref="VTR:ScheduledStopPoint:1139061" version="1"/>
                  <prices>
                    <DistanceMatrixElementPrice id="VTR:DistanceMatrixElementPrice:78467611to78467614" version="1">
                      <Amount>0.42</Amount>
                      <DistanceMatrixElementRef ref="VTR:DistanceMatrixElement:78467611to78467614" version="1"/>
                    </DistanceMatrixElementPrice>
                  </prices>
                </DistanceMatrixElement>
                <DistanceMatrixElement id="VTR:DistanceMatrixElement:78467605to78467609" version="1">
                  <Name>Anykščių autobusų stotis to Piktagalys</Name>
                  <StartStopPointRef ref="VTR:ScheduledStopPoint:1139050" version="1"/>
                  <EndStopPointRef ref="VTR:ScheduledStopPoint:1139054" version="1"/>
                  <prices>
                    <DistanceMatrixElementPrice id="VTR:DistanceMatrixElementPrice:78467605to78467609" version="1">
                      <Amount>0.54</Amount>
                      <DistanceMatrixElementRef ref="VTR:DistanceMatrixElement:78467605to78467609" version="1"/>
                    </DistanceMatrixElementPrice>
                  </prices>
                </DistanceMatrixElement>
                <DistanceMatrixElement id="VTR:DistanceMatrixElement:78467607to78467608" version="1">
                  <Name>Vikonys to Kūniškiai</Name>
                  <StartStopPointRef ref="VTR:ScheduledStopPoint:1139052" version="1"/>
                  <EndStopPointRef ref="VTR:ScheduledStopPoint:1139053" version="1"/>
                  <prices>
                    <DistanceMatrixElementPrice id="VTR:DistanceMatrixElementPrice:78467607to78467608" version="1">
                      <Amount>0.12</Amount>
                      <DistanceMatrixElementRef ref="VTR:DistanceMatrixElement:78467607to78467608" version="1"/>
                    </DistanceMatrixElementPrice>
                  </prices>
                </DistanceMatrixElement>
                <DistanceMatrixElement id="VTR:DistanceMatrixElement:78467600to78467601" version="1">
                  <Name>Medelynas to Vikonys</Name>
                  <StartStopPointRef ref="VTR:ScheduledStopPoint:1139051" version="1"/>
                  <EndStopPointRef ref="VTR:ScheduledStopPoint:1139052" version="1"/>
                  <prices>
                    <DistanceMatrixElementPrice id="VTR:DistanceMatrixElementPrice:78467600to78467601" version="1">
                      <Amount>0.06</Amount>
                      <DistanceMatrixElementRef ref="VTR:DistanceMatrixElement:78467600to78467601" version="1"/>
                    </DistanceMatrixElementPrice>
                  </prices>
                </DistanceMatrixElement>
                <DistanceMatrixElement id="VTR:DistanceMatrixElement:78467600to78467603" version="1">
                  <Name>Medelynas to Piktagalys</Name>
                  <StartStopPointRef ref="VTR:ScheduledStopPoint:1139051" version="1"/>
                  <EndStopPointRef ref="VTR:ScheduledStopPoint:1139054" version="1"/>
                  <prices>
                    <DistanceMatrixElementPrice id="VTR:DistanceMatrixElementPrice:78467600to78467603" version="1">
                      <Amount>0.28</Amount>
                      <DistanceMatrixElementRef ref="VTR:DistanceMatrixElement:78467600to78467603" version="1"/>
                    </DistanceMatrixElementPrice>
                  </prices>
                </DistanceMatrixElement>
                <DistanceMatrixElement id="VTR:DistanceMatrixElement:78467600to78467604" version="1">
                  <Name>Medelynas to Naujonys</Name>
                  <StartStopPointRef ref="VTR:ScheduledStopPoint:1139051" version="1"/>
                  <EndStopPointRef ref="VTR:ScheduledStopPoint:1139055" version="1"/>
                  <prices>
                    <DistanceMatrixElementPrice id="VTR:DistanceMatrixElementPrice:78467600to78467604" version="1">
                      <Amount>0.52</Amount>
                      <DistanceMatrixElementRef ref="VTR:DistanceMatrixElement:78467600to78467604" version="1"/>
                    </DistanceMatrixElementPrice>
                  </prices>
                </DistanceMatrixElement>
                <DistanceMatrixElement id="VTR:DistanceMatrixElement:78467617to78467618" version="1">
                  <Name>Naujonys to Piktagalis</Name>
                  <StartStopPointRef ref="VTR:ScheduledStopPoint:1139063" version="1"/>
                  <EndStopPointRef ref="VTR:ScheduledStopPoint:1139059" version="1"/>
                  <prices>
                    <DistanceMatrixElementPrice id="VTR:DistanceMatrixElementPrice:78467617to78467618" version="1">
                      <Amount>0.22</Amount>
                      <DistanceMatrixElementRef ref="VTR:DistanceMatrixElement:78467617to78467618" version="1"/>
                    </DistanceMatrixElementPrice>
                  </prices>
                </DistanceMatrixElement>
                <DistanceMatrixElement id="VTR:DistanceMatrixElement:78467618to78467620" version="1">
                  <Name>Piktagalis to Vikonys</Name>
                  <StartStopPointRef ref="VTR:ScheduledStopPoint:1139059" version="1"/>
                  <EndStopPointRef ref="VTR:ScheduledStopPoint:1139061" version="1"/>
                  <prices>
                    <DistanceMatrixElementPrice id="VTR:DistanceMatrixElementPrice:78467618to78467620" version="1">
                      <Amount>0.2</Amount>
                      <DistanceMatrixElementRef ref="VTR:DistanceMatrixElement:78467618to78467620" version="1"/>
                    </DistanceMatrixElementPrice>
                  </prices>
                </DistanceMatrixElement>
                <DistanceMatrixElement id="VTR:DistanceMatrixElement:78467606to78467610" version="1">
                  <Name>Medelynas to Naujonys</Name>
                  <StartStopPointRef ref="VTR:ScheduledStopPoint:1139051" version="1"/>
                  <EndStopPointRef ref="VTR:ScheduledStopPoint:1139055" version="1"/>
                  <prices>
                    <DistanceMatrixElementPrice id="VTR:DistanceMatrixElementPrice:78467606to78467610" version="1">
                      <Amount>0.52</Amount>
                      <DistanceMatrixElementRef ref="VTR:DistanceMatrixElement:78467606to78467610" version="1"/>
                    </DistanceMatrixElementPrice>
                  </prices>
                </DistanceMatrixElement>
                <DistanceMatrixElement id="VTR:DistanceMatrixElement:78467599to78467603" version="1">
                  <Name>Anykščių autobusų stotis to Piktagalys</Name>
                  <StartStopPointRef ref="VTR:ScheduledStopPoint:1139050" version="1"/>
                  <EndStopPointRef ref="VTR:ScheduledStopPoint:1139054" version="1"/>
                  <prices>
                    <DistanceMatrixElementPrice id="VTR:DistanceMatrixElementPrice:78467599to78467603" version="1">
                      <Amount>0.54</Amount>
                      <DistanceMatrixElementRef ref="VTR:DistanceMatrixElement:78467599to78467603" version="1"/>
                    </DistanceMatrixElementPrice>
                  </prices>
                </DistanceMatrixElement>
                <DistanceMatrixElement id="VTR:DistanceMatrixElement:78467618to78467619" version="1">
                  <Name>Piktagalis to Kuniškiai</Name>
                  <StartStopPointRef ref="VTR:ScheduledStopPoint:1139059" version="1"/>
                  <EndStopPointRef ref="VTR:ScheduledStopPoint:1139060" version="1"/>
                  <prices>
                    <DistanceMatrixElementPrice id="VTR:DistanceMatrixElementPrice:78467618to78467619" version="1">
                      <Amount>0.12</Amount>
                      <DistanceMatrixElementRef ref="VTR:DistanceMatrixElement:78467618to78467619" version="1"/>
                    </DistanceMatrixElementPrice>
                  </prices>
                </DistanceMatrixElement>
                <DistanceMatrixElement id="VTR:DistanceMatrixElement:78467605to78467610" version="1">
                  <Name>Anykščių autobusų stotis to Naujonys</Name>
                  <StartStopPointRef ref="VTR:ScheduledStopPoint:1139050" version="1"/>
                  <EndStopPointRef ref="VTR:ScheduledStopPoint:1139055" version="1"/>
                  <prices>
                    <DistanceMatrixElementPrice id="VTR:DistanceMatrixElementPrice:78467605to78467610" version="1">
                      <Amount>0.74</Amount>
                      <DistanceMatrixElementRef ref="VTR:DistanceMatrixElement:78467605to78467610" version="1"/>
                    </DistanceMatrixElementPrice>
                  </prices>
                </DistanceMatrixElement>
                <DistanceMatrixElement id="VTR:DistanceMatrixElement:78467606to78467609" version="1">
                  <Name>Medelynas to Piktagalys</Name>
                  <StartStopPointRef ref="VTR:ScheduledStopPoint:1139051" version="1"/>
                  <EndStopPointRef ref="VTR:ScheduledStopPoint:1139054" version="1"/>
                  <prices>
                    <DistanceMatrixElementPrice id="VTR:DistanceMatrixElementPrice:78467606to78467609" version="1">
                      <Amount>0.28</Amount>
                      <DistanceMatrixElementRef ref="VTR:DistanceMatrixElement:78467606to78467609" version="1"/>
                    </DistanceMatrixElementPrice>
                  </prices>
                </DistanceMatrixElement>
                <DistanceMatrixElement id="VTR:DistanceMatrixElement:78467599to78467604" version="1">
                  <Name>Anykščių autobusų stotis to Naujonys</Name>
                  <StartStopPointRef ref="VTR:ScheduledStopPoint:1139050" version="1"/>
                  <EndStopPointRef ref="VTR:ScheduledStopPoint:1139055" version="1"/>
                  <prices>
                    <DistanceMatrixElementPrice id="VTR:DistanceMatrixElementPrice:78467599to78467604" version="1">
                      <Amount>0.74</Amount>
                      <DistanceMatrixElementRef ref="VTR:DistanceMatrixElement:78467599to78467604" version="1"/>
                    </DistanceMatrixElementPrice>
                  </prices>
                </DistanceMatrixElement>
                <DistanceMatrixElement id="VTR:DistanceMatrixElement:78467605to78467608" version="1">
                  <Name>Anykščių autobusų stotis to Kūniškiai</Name>
                  <StartStopPointRef ref="VTR:ScheduledStopPoint:1139050" version="1"/>
                  <EndStopPointRef ref="VTR:ScheduledStopPoint:1139053" version="1"/>
                  <prices>
                    <DistanceMatrixElementPrice id="VTR:DistanceMatrixElementPrice:78467605to78467608" version="1">
                      <Amount>0.42</Amount>
                      <DistanceMatrixElementRef ref="VTR:DistanceMatrixElement:78467605to78467608" version="1"/>
                    </DistanceMatrixElementPrice>
                  </prices>
                </DistanceMatrixElement>
                <DistanceMatrixElement id="VTR:DistanceMatrixElement:78467602to78467604" version="1">
                  <Name>Kūniškiai to Naujonys</Name>
                  <StartStopPointRef ref="VTR:ScheduledStopPoint:1139053" version="1"/>
                  <EndStopPointRef ref="VTR:ScheduledStopPoint:1139055" version="1"/>
                  <prices>
                    <DistanceMatrixElementPrice id="VTR:DistanceMatrixElementPrice:78467602to78467604" version="1">
                      <Amount>0.34</Amount>
                      <DistanceMatrixElementRef ref="VTR:DistanceMatrixElement:78467602to78467604" version="1"/>
                    </DistanceMatrixElementPrice>
                  </prices>
                </DistanceMatrixElement>
                <DistanceMatrixElement id="VTR:DistanceMatrixElement:78467607to78467609" version="1">
                  <Name>Vikonys to Piktagalys</Name>
                  <StartStopPointRef ref="VTR:ScheduledStopPoint:1139052" version="1"/>
                  <EndStopPointRef ref="VTR:ScheduledStopPoint:1139054" version="1"/>
                  <prices>
                    <DistanceMatrixElementPrice id="VTR:DistanceMatrixElementPrice:78467607to78467609" version="1">
                      <Amount>0.2</Amount>
                      <DistanceMatrixElementRef ref="VTR:DistanceMatrixElement:78467607to78467609" version="1"/>
                    </DistanceMatrixElementPrice>
                  </prices>
                </DistanceMatrixElement>
              </distanceMatrixElements>
            </Tariff>
          </tariffs>
          <usageParameters>
            <FrequencyOfUse id="VTR:FrequencyOfUse:oneTrip" version="1">
              <FrequencyOfUseType>unlimited</FrequencyOfUseType>
              <MaximalFrequency>1</MaximalFrequency>
            </FrequencyOfUse>
          </usageParameters>
        </FareFrame>
      </frames>
    </CompositeFrame>
  </dataObjects>
</PublicationDelivery>
