<?xml version="1.0" encoding="UTF-8"?><PublicationDelivery xmlns="http://www.netex.org.uk/netex" xmlns:gis="http://www.opengis.net/gml/3.2" xmlns:ns2="http://www.opengis.net/gml/3.2" xmlns:ns3="http://www.siri.org.uk/siri" xmlns:xsi="http://www.w3.org/2001/XMLSchema-instance" version="1" xsi:schemaLocation="">
  <PublicationTimestamp>2022-05-07T01:25:00.311</PublicationTimestamp>
  <ParticipantRef>VTR</ParticipantRef>
  <Description>1</Description>
  <dataObjects>
    <CompositeFrame created="2022-05-07T01:25:00.311" version="1" id="VTR:CompositeFrame:1358">
      <validityConditions>
        <AvailabilityCondition version="1" id="VTR:AvailabilityCondition:1358">
          <FromDate>2015-09-14T17:50:29</FromDate>
          <ToDate>2027-12-30T00:00:00</ToDate>
        </AvailabilityCondition>
      </validityConditions>
      <codespaces>
        <Codespace id="vtr">
          <Xmlns>VTR</Xmlns>
          <XmlnsUrl>http://www.visimarsrutai.lt/</XmlnsUrl>
        </Codespace>
      </codespaces>
      <FrameDefaults>
        <DefaultLocale>
          <TimeZone>Europe/Vilnius</TimeZone>
        </DefaultLocale>
        <DefaultLocationSystem>WGS84</DefaultLocationSystem>
      </FrameDefaults>
      <frames>
        <ServiceCalendarFrame version="1" id="VTR:ServiceCalendarFrame:1358">
          <dayTypes>
            <DayType id="VTR:DayType:13012" version="1">
              <properties>
                <PropertyOfDay>
                  <DaysOfWeek>Wednesday</DaysOfWeek>
                </PropertyOfDay>
              </properties>
            </DayType>
            <DayType id="VTR:DayType:13222" version="1">
              <properties>
                <PropertyOfDay>
                  <DaysOfWeek>Wednesday Sunday</DaysOfWeek>
                </PropertyOfDay>
              </properties>
            </DayType>
            <DayType id="VTR:DayType:1660" version="1">
              <properties>
                <PropertyOfDay>
                  <DaysOfWeek>Monday Tuesday Wednesday Thursday Friday</DaysOfWeek>
                </PropertyOfDay>
              </properties>
            </DayType>
            <DayType id="VTR:DayType:1661" version="1">
              <properties>
                <PropertyOfDay>
                  <DaysOfWeek>Monday Tuesday Wednesday Thursday Friday</DaysOfWeek>
                </PropertyOfDay>
              </properties>
            </DayType>
            <DayType id="VTR:DayType:8809" version="1">
              <properties>
                <PropertyOfDay>
                  <DaysOfWeek>Sunday</DaysOfWeek>
                </PropertyOfDay>
              </properties>
            </DayType>
          </dayTypes>
          <operatingPeriods>
            <OperatingPeriod version="1" id="VTR:OperatingPeriod:13012">
              <FromDate>2018-01-01T00:00:00</FromDate>
              <ToDate>2024-12-31T00:00:00</ToDate>
            </OperatingPeriod>
            <OperatingPeriod version="1" id="VTR:OperatingPeriod:13222">
              <FromDate>2018-01-01T00:00:00</FromDate>
              <ToDate>2024-12-31T00:00:00</ToDate>
            </OperatingPeriod>
            <OperatingPeriod version="1" id="VTR:OperatingPeriod:1660">
              <FromDate>2018-01-01T00:00:00</FromDate>
              <ToDate>2024-12-31T00:00:00</ToDate>
            </OperatingPeriod>
            <OperatingPeriod version="1" id="VTR:OperatingPeriod:1661">
              <FromDate>2018-01-01T00:00:00</FromDate>
              <ToDate>2024-12-31T00:00:00</ToDate>
            </OperatingPeriod>
            <OperatingPeriod version="1" id="VTR:OperatingPeriod:8809">
              <FromDate>2018-01-01T00:00:00</FromDate>
              <ToDate>2024-12-31T00:00:00</ToDate>
            </OperatingPeriod>
          </operatingPeriods>
          <dayTypeAssignments>
            <DayTypeAssignment id="VTR:DayTypeAssignment:1660_0" version="1" order="1626">
              <OperatingPeriodRef ref="VTR:OperatingPeriod:1660" version="1"/>
              <DayTypeRef ref="VTR:DayType:1660" version="1"/>
            </DayTypeAssignment>
            <DayTypeAssignment id="VTR:DayTypeAssignment:1661_0" version="1" order="1646">
              <OperatingPeriodRef ref="VTR:OperatingPeriod:1661" version="1"/>
              <DayTypeRef ref="VTR:DayType:1661" version="1"/>
            </DayTypeAssignment>
            <DayTypeAssignment id="VTR:DayTypeAssignment:8809_0" version="1" order="3720">
              <OperatingPeriodRef ref="VTR:OperatingPeriod:8809" version="1"/>
              <DayTypeRef ref="VTR:DayType:8809" version="1"/>
            </DayTypeAssignment>
            <DayTypeAssignment id="VTR:DayTypeAssignment:13012_0" version="1" order="3979">
              <OperatingPeriodRef ref="VTR:OperatingPeriod:13012" version="1"/>
              <DayTypeRef ref="VTR:DayType:13012" version="1"/>
            </DayTypeAssignment>
            <DayTypeAssignment id="VTR:DayTypeAssignment:13222_0" version="1" order="4013">
              <OperatingPeriodRef ref="VTR:OperatingPeriod:13222" version="1"/>
              <DayTypeRef ref="VTR:DayType:13222" version="1"/>
            </DayTypeAssignment>
          </dayTypeAssignments>
        </ServiceCalendarFrame>
        <ServiceFrame id="VTR:ServiceFrame:1358" version="1">
          <Network version="0" id="VTR:Network:49"/>
          <routePoints>
            <RoutePoint version="1" id="VTR:RoutePoint:1720069">
              <projections>
                <PointProjection version="1" id="VTR:PointProjection:67987">
                  <ProjectedPointRef ref="VTR:ScheduledStopPoint:1720069" version="1"/>
                </PointProjection>
              </projections>
            </RoutePoint>
            <RoutePoint version="1" id="VTR:RoutePoint:1720070">
              <projections>
                <PointProjection version="1" id="VTR:PointProjection:67988">
                  <ProjectedPointRef ref="VTR:ScheduledStopPoint:1720070" version="1"/>
                </PointProjection>
              </projections>
            </RoutePoint>
            <RoutePoint version="1" id="VTR:RoutePoint:1720071">
              <projections>
                <PointProjection version="1" id="VTR:PointProjection:67989">
                  <ProjectedPointRef ref="VTR:ScheduledStopPoint:1720071" version="1"/>
                </PointProjection>
              </projections>
            </RoutePoint>
            <RoutePoint version="1" id="VTR:RoutePoint:1720072">
              <projections>
                <PointProjection version="1" id="VTR:PointProjection:68227">
                  <ProjectedPointRef ref="VTR:ScheduledStopPoint:1720072" version="1"/>
                </PointProjection>
              </projections>
            </RoutePoint>
            <RoutePoint version="1" id="VTR:RoutePoint:1720073">
              <projections>
                <PointProjection version="1" id="VTR:PointProjection:68228">
                  <ProjectedPointRef ref="VTR:ScheduledStopPoint:1720073" version="1"/>
                </PointProjection>
              </projections>
            </RoutePoint>
            <RoutePoint version="1" id="VTR:RoutePoint:1720074">
              <projections>
                <PointProjection version="1" id="VTR:PointProjection:68229">
                  <ProjectedPointRef ref="VTR:ScheduledStopPoint:1720074" version="1"/>
                </PointProjection>
              </projections>
            </RoutePoint>
            <RoutePoint version="1" id="VTR:RoutePoint:1720075">
              <projections>
                <PointProjection version="1" id="VTR:PointProjection:67602">
                  <ProjectedPointRef ref="VTR:ScheduledStopPoint:1720075" version="1"/>
                </PointProjection>
              </projections>
            </RoutePoint>
            <RoutePoint version="1" id="VTR:RoutePoint:1720076">
              <projections>
                <PointProjection version="1" id="VTR:PointProjection:67603">
                  <ProjectedPointRef ref="VTR:ScheduledStopPoint:1720076" version="1"/>
                </PointProjection>
              </projections>
            </RoutePoint>
            <RoutePoint version="1" id="VTR:RoutePoint:1720077">
              <projections>
                <PointProjection version="1" id="VTR:PointProjection:67604">
                  <ProjectedPointRef ref="VTR:ScheduledStopPoint:1720077" version="1"/>
                </PointProjection>
              </projections>
            </RoutePoint>
            <RoutePoint version="1" id="VTR:RoutePoint:1720078">
              <projections>
                <PointProjection version="1" id="VTR:PointProjection:67605">
                  <ProjectedPointRef ref="VTR:ScheduledStopPoint:1720078" version="1"/>
                </PointProjection>
              </projections>
            </RoutePoint>
            <RoutePoint version="1" id="VTR:RoutePoint:1720079">
              <projections>
                <PointProjection version="1" id="VTR:PointProjection:67606">
                  <ProjectedPointRef ref="VTR:ScheduledStopPoint:1720079" version="1"/>
                </PointProjection>
              </projections>
            </RoutePoint>
            <RoutePoint version="1" id="VTR:RoutePoint:1720080">
              <projections>
                <PointProjection version="1" id="VTR:PointProjection:67607">
                  <ProjectedPointRef ref="VTR:ScheduledStopPoint:1720080" version="1"/>
                </PointProjection>
              </projections>
            </RoutePoint>
            <RoutePoint version="1" id="VTR:RoutePoint:1720081">
              <projections>
                <PointProjection version="1" id="VTR:PointProjection:67608">
                  <ProjectedPointRef ref="VTR:ScheduledStopPoint:1720081" version="1"/>
                </PointProjection>
              </projections>
            </RoutePoint>
            <RoutePoint version="1" id="VTR:RoutePoint:1720082">
              <projections>
                <PointProjection version="1" id="VTR:PointProjection:67609">
                  <ProjectedPointRef ref="VTR:ScheduledStopPoint:1720082" version="1"/>
                </PointProjection>
              </projections>
            </RoutePoint>
            <RoutePoint version="1" id="VTR:RoutePoint:1720083">
              <projections>
                <PointProjection version="1" id="VTR:PointProjection:67610">
                  <ProjectedPointRef ref="VTR:ScheduledStopPoint:1720083" version="1"/>
                </PointProjection>
              </projections>
            </RoutePoint>
            <RoutePoint version="1" id="VTR:RoutePoint:1720084">
              <projections>
                <PointProjection version="1" id="VTR:PointProjection:67611">
                  <ProjectedPointRef ref="VTR:ScheduledStopPoint:1720084" version="1"/>
                </PointProjection>
              </projections>
            </RoutePoint>
          </routePoints>
          <routes>
            <Route version="1" id="VTR:Route:20046">
              <Name>Kavarskas-Anykščiai</Name>
              <ShortName>Kavarskas-Anykščiai</ShortName>
              <LineRef ref="VTR:Line:2205" version="9228"/>
              <DirectionType>inbound</DirectionType>
              <pointsInSequence>
                <PointOnRoute version="1" id="VTR:PointOnRoute:1720082" order="1">
                  <RoutePointRef ref="VTR:RoutePoint:1720082"/>
                </PointOnRoute>
                <PointOnRoute version="1" id="VTR:PointOnRoute:1720083" order="2">
                  <RoutePointRef ref="VTR:RoutePoint:1720083"/>
                </PointOnRoute>
                <PointOnRoute version="1" id="VTR:PointOnRoute:1720084" order="3">
                  <RoutePointRef ref="VTR:RoutePoint:1720084"/>
                </PointOnRoute>
                <PointOnRoute version="1" id="VTR:PointOnRoute:1720077" order="4">
                  <RoutePointRef ref="VTR:RoutePoint:1720077"/>
                </PointOnRoute>
                <PointOnRoute version="1" id="VTR:PointOnRoute:1720079" order="5">
                  <RoutePointRef ref="VTR:RoutePoint:1720079"/>
                </PointOnRoute>
                <PointOnRoute version="1" id="VTR:PointOnRoute:1720081" order="6">
                  <RoutePointRef ref="VTR:RoutePoint:1720081"/>
                </PointOnRoute>
                <PointOnRoute version="1" id="VTR:PointOnRoute:1720078" order="8">
                  <RoutePointRef ref="VTR:RoutePoint:1720078"/>
                </PointOnRoute>
              </pointsInSequence>
            </Route>
            <Route version="1" id="VTR:Route:20045">
              <Name>Anykščiai-Kavarskas</Name>
              <ShortName>Anykščiai-Kavarskas</ShortName>
              <LineRef ref="VTR:Line:2205" version="9228"/>
              <DirectionType>outbound</DirectionType>
              <pointsInSequence>
                <PointOnRoute version="1" id="VTR:PointOnRoute:1720070" order="1">
                  <RoutePointRef ref="VTR:RoutePoint:1720070"/>
                </PointOnRoute>
                <PointOnRoute version="1" id="VTR:PointOnRoute:1720069" order="3">
                  <RoutePointRef ref="VTR:RoutePoint:1720069"/>
                </PointOnRoute>
                <PointOnRoute version="1" id="VTR:PointOnRoute:1720072" order="4">
                  <RoutePointRef ref="VTR:RoutePoint:1720072"/>
                </PointOnRoute>
                <PointOnRoute version="1" id="VTR:PointOnRoute:1720073" order="5">
                  <RoutePointRef ref="VTR:RoutePoint:1720073"/>
                </PointOnRoute>
                <PointOnRoute version="1" id="VTR:PointOnRoute:1720074" order="6">
                  <RoutePointRef ref="VTR:RoutePoint:1720074"/>
                </PointOnRoute>
                <PointOnRoute version="1" id="VTR:PointOnRoute:1720075" order="7">
                  <RoutePointRef ref="VTR:RoutePoint:1720075"/>
                </PointOnRoute>
                <PointOnRoute version="1" id="VTR:PointOnRoute:1720076" order="8">
                  <RoutePointRef ref="VTR:RoutePoint:1720076"/>
                </PointOnRoute>
              </pointsInSequence>
            </Route>
          </routes>
          <lines>
            <Line version="9228" id="VTR:Line:2205">
              <Name>Anykščiai-Kavarskas</Name>
              <TransportMode>bus</TransportMode>
              <TransportSubmode>
                <BusSubmode>regionalBus</BusSubmode>
              </TransportSubmode>
              <PublicCode>M27</PublicCode>
              <OperatorRef ref="VTR:Operator:49"/>
            </Line>
          </lines>
          <scheduledStopPoints>
            <ScheduledStopPoint version="1" id="VTR:ScheduledStopPoint:1720069">
              <Name>Šeimyniškiai</Name>
            </ScheduledStopPoint>
            <ScheduledStopPoint version="1" id="VTR:ScheduledStopPoint:1720070">
              <Name>Anykščių autobusų stotis</Name>
            </ScheduledStopPoint>
            <ScheduledStopPoint version="1" id="VTR:ScheduledStopPoint:1720071">
              <Name>Anykščių technologijos mokykla</Name>
            </ScheduledStopPoint>
            <ScheduledStopPoint version="1" id="VTR:ScheduledStopPoint:1720072">
              <Name>Ažuožeriai</Name>
            </ScheduledStopPoint>
            <ScheduledStopPoint version="1" id="VTR:ScheduledStopPoint:1720073">
              <Name>Vaivadiškiai</Name>
            </ScheduledStopPoint>
            <ScheduledStopPoint version="1" id="VTR:ScheduledStopPoint:1720074">
              <Name>Zaviesiškis</Name>
            </ScheduledStopPoint>
            <ScheduledStopPoint version="1" id="VTR:ScheduledStopPoint:1720075">
              <Name>Bebrūnai</Name>
            </ScheduledStopPoint>
            <ScheduledStopPoint version="1" id="VTR:ScheduledStopPoint:1720076">
              <Name>Kavarskas</Name>
            </ScheduledStopPoint>
            <ScheduledStopPoint version="1" id="VTR:ScheduledStopPoint:1720077">
              <Name>Vaivadiškiai</Name>
            </ScheduledStopPoint>
            <ScheduledStopPoint version="1" id="VTR:ScheduledStopPoint:1720078">
              <Name>Anykščių autobusų stotis</Name>
            </ScheduledStopPoint>
            <ScheduledStopPoint version="1" id="VTR:ScheduledStopPoint:1720079">
              <Name>Ažuožeriai</Name>
            </ScheduledStopPoint>
            <ScheduledStopPoint version="1" id="VTR:ScheduledStopPoint:1720080">
              <Name>Anykščių technologijos mokykla</Name>
            </ScheduledStopPoint>
            <ScheduledStopPoint version="1" id="VTR:ScheduledStopPoint:1720081">
              <Name>Šeimyniškiai</Name>
            </ScheduledStopPoint>
            <ScheduledStopPoint version="1" id="VTR:ScheduledStopPoint:1720082">
              <Name>Kavarskas</Name>
            </ScheduledStopPoint>
            <ScheduledStopPoint version="1" id="VTR:ScheduledStopPoint:1720083">
              <Name>Bebrūnai</Name>
            </ScheduledStopPoint>
            <ScheduledStopPoint version="1" id="VTR:ScheduledStopPoint:1720084">
              <Name>Zaviesiškis</Name>
            </ScheduledStopPoint>
          </scheduledStopPoints>
          <serviceLinks>
            <ServiceLink id="VTR:ServiceLink:1720075_1_1720076_1" version="1">
              <Distance>2</Distance>
              <FromPointRef ref="VTR:ScheduledStopPoint:1720075" version="1"/>
              <ToPointRef ref="VTR:ScheduledStopPoint:1720076" version="1"/>
            </ServiceLink>
            <ServiceLink id="VTR:ServiceLink:1720077_1_1720079_1" version="1">
              <Distance>3</Distance>
              <FromPointRef ref="VTR:ScheduledStopPoint:1720077" version="1"/>
              <ToPointRef ref="VTR:ScheduledStopPoint:1720079" version="1"/>
            </ServiceLink>
            <ServiceLink id="VTR:ServiceLink:1720073_1_1720074_1" version="1">
              <Distance>2</Distance>
              <FromPointRef ref="VTR:ScheduledStopPoint:1720073" version="1"/>
              <ToPointRef ref="VTR:ScheduledStopPoint:1720074" version="1"/>
            </ServiceLink>
            <ServiceLink id="VTR:ServiceLink:1720071_1_1720069_1" version="1">
              <Distance>2</Distance>
              <FromPointRef ref="VTR:ScheduledStopPoint:1720071" version="1"/>
              <ToPointRef ref="VTR:ScheduledStopPoint:1720069" version="1"/>
            </ServiceLink>
            <ServiceLink id="VTR:ServiceLink:1720070_1_1720071_1" version="1">
              <Distance>1</Distance>
              <FromPointRef ref="VTR:ScheduledStopPoint:1720070" version="1"/>
              <ToPointRef ref="VTR:ScheduledStopPoint:1720071" version="1"/>
            </ServiceLink>
            <ServiceLink id="VTR:ServiceLink:1720080_1_1720078_1" version="1">
              <Distance>1</Distance>
              <FromPointRef ref="VTR:ScheduledStopPoint:1720080" version="1"/>
              <ToPointRef ref="VTR:ScheduledStopPoint:1720078" version="1"/>
            </ServiceLink>
            <ServiceLink id="VTR:ServiceLink:1720074_1_1720075_1" version="1">
              <Distance>2</Distance>
              <FromPointRef ref="VTR:ScheduledStopPoint:1720074" version="1"/>
              <ToPointRef ref="VTR:ScheduledStopPoint:1720075" version="1"/>
            </ServiceLink>
            <ServiceLink id="VTR:ServiceLink:1720079_1_1720081_1" version="1">
              <Distance>2</Distance>
              <FromPointRef ref="VTR:ScheduledStopPoint:1720079" version="1"/>
              <ToPointRef ref="VTR:ScheduledStopPoint:1720081" version="1"/>
            </ServiceLink>
            <ServiceLink id="VTR:ServiceLink:1720083_1_1720084_1" version="1">
              <Distance>2</Distance>
              <FromPointRef ref="VTR:ScheduledStopPoint:1720083" version="1"/>
              <ToPointRef ref="VTR:ScheduledStopPoint:1720084" version="1"/>
            </ServiceLink>
            <ServiceLink id="VTR:ServiceLink:1720081_1_1720080_1" version="1">
              <Distance>2</Distance>
              <FromPointRef ref="VTR:ScheduledStopPoint:1720081" version="1"/>
              <ToPointRef ref="VTR:ScheduledStopPoint:1720080" version="1"/>
            </ServiceLink>
            <ServiceLink id="VTR:ServiceLink:1720082_1_1720083_1" version="1">
              <Distance>2</Distance>
              <FromPointRef ref="VTR:ScheduledStopPoint:1720082" version="1"/>
              <ToPointRef ref="VTR:ScheduledStopPoint:1720083" version="1"/>
            </ServiceLink>
            <ServiceLink id="VTR:ServiceLink:1720072_1_1720073_1" version="1">
              <Distance>2</Distance>
              <FromPointRef ref="VTR:ScheduledStopPoint:1720072" version="1"/>
              <ToPointRef ref="VTR:ScheduledStopPoint:1720073" version="1"/>
            </ServiceLink>
            <ServiceLink id="VTR:ServiceLink:1720084_1_1720077_1" version="1">
              <Distance>2</Distance>
              <FromPointRef ref="VTR:ScheduledStopPoint:1720084" version="1"/>
              <ToPointRef ref="VTR:ScheduledStopPoint:1720077" version="1"/>
            </ServiceLink>
            <ServiceLink id="VTR:ServiceLink:1720069_1_1720072_1" version="1">
              <Distance>2</Distance>
              <FromPointRef ref="VTR:ScheduledStopPoint:1720069" version="1"/>
              <ToPointRef ref="VTR:ScheduledStopPoint:1720072" version="1"/>
            </ServiceLink>
          </serviceLinks>
          <stopAssignments>
            <PassengerStopAssignment order="2004500000" id="VTR:PassengerStopAssignment:1720070" version="1">
              <ScheduledStopPointRef ref="VTR:ScheduledStopPoint:1720070" version="1"/>
              <QuayRef ref="VTR:Quay:19484"/>
            </PassengerStopAssignment>
            <PassengerStopAssignment order="2004500001" id="VTR:PassengerStopAssignment:1720071" version="1">
              <ScheduledStopPointRef ref="VTR:ScheduledStopPoint:1720071" version="1"/>
              <QuayRef ref="VTR:Quay:22461"/>
            </PassengerStopAssignment>
            <PassengerStopAssignment order="2004500002" id="VTR:PassengerStopAssignment:1720069" version="1">
              <ScheduledStopPointRef ref="VTR:ScheduledStopPoint:1720069" version="1"/>
              <QuayRef ref="VTR:Quay:29605"/>
            </PassengerStopAssignment>
            <PassengerStopAssignment order="2004500003" id="VTR:PassengerStopAssignment:1720072" version="1">
              <ScheduledStopPointRef ref="VTR:ScheduledStopPoint:1720072" version="1"/>
              <QuayRef ref="VTR:Quay:6411"/>
            </PassengerStopAssignment>
            <PassengerStopAssignment order="2004500004" id="VTR:PassengerStopAssignment:1720073" version="1">
              <ScheduledStopPointRef ref="VTR:ScheduledStopPoint:1720073" version="1"/>
              <QuayRef ref="VTR:Quay:8341"/>
            </PassengerStopAssignment>
            <PassengerStopAssignment order="2004500005" id="VTR:PassengerStopAssignment:1720074" version="1">
              <ScheduledStopPointRef ref="VTR:ScheduledStopPoint:1720074" version="1"/>
              <QuayRef ref="VTR:Quay:9381"/>
            </PassengerStopAssignment>
            <PassengerStopAssignment order="2004500006" id="VTR:PassengerStopAssignment:1720075" version="1">
              <ScheduledStopPointRef ref="VTR:ScheduledStopPoint:1720075" version="1"/>
              <QuayRef ref="VTR:Quay:11230"/>
            </PassengerStopAssignment>
            <PassengerStopAssignment order="2004500007" id="VTR:PassengerStopAssignment:1720076" version="1">
              <ScheduledStopPointRef ref="VTR:ScheduledStopPoint:1720076" version="1"/>
              <QuayRef ref="VTR:Quay:8394"/>
            </PassengerStopAssignment>
            <PassengerStopAssignment order="2004600000" id="VTR:PassengerStopAssignment:1720082" version="1">
              <ScheduledStopPointRef ref="VTR:ScheduledStopPoint:1720082" version="1"/>
              <QuayRef ref="VTR:Quay:15352"/>
            </PassengerStopAssignment>
            <PassengerStopAssignment order="2004600001" id="VTR:PassengerStopAssignment:1720083" version="1">
              <ScheduledStopPointRef ref="VTR:ScheduledStopPoint:1720083" version="1"/>
              <QuayRef ref="VTR:Quay:7415"/>
            </PassengerStopAssignment>
            <PassengerStopAssignment order="2004600002" id="VTR:PassengerStopAssignment:1720084" version="1">
              <ScheduledStopPointRef ref="VTR:ScheduledStopPoint:1720084" version="1"/>
              <QuayRef ref="VTR:Quay:16291"/>
            </PassengerStopAssignment>
            <PassengerStopAssignment order="2004600003" id="VTR:PassengerStopAssignment:1720077" version="1">
              <ScheduledStopPointRef ref="VTR:ScheduledStopPoint:1720077" version="1"/>
              <QuayRef ref="VTR:Quay:6457"/>
            </PassengerStopAssignment>
            <PassengerStopAssignment order="2004600004" id="VTR:PassengerStopAssignment:1720079" version="1">
              <ScheduledStopPointRef ref="VTR:ScheduledStopPoint:1720079" version="1"/>
              <QuayRef ref="VTR:Quay:8401"/>
            </PassengerStopAssignment>
            <PassengerStopAssignment order="2004600005" id="VTR:PassengerStopAssignment:1720081" version="1">
              <ScheduledStopPointRef ref="VTR:ScheduledStopPoint:1720081" version="1"/>
              <QuayRef ref="VTR:Quay:29606"/>
            </PassengerStopAssignment>
            <PassengerStopAssignment order="2004600006" id="VTR:PassengerStopAssignment:1720080" version="1">
              <ScheduledStopPointRef ref="VTR:ScheduledStopPoint:1720080" version="1"/>
              <QuayRef ref="VTR:Quay:24082"/>
            </PassengerStopAssignment>
            <PassengerStopAssignment order="2004600007" id="VTR:PassengerStopAssignment:1720078" version="1">
              <ScheduledStopPointRef ref="VTR:ScheduledStopPoint:1720078" version="1"/>
              <QuayRef ref="VTR:Quay:19484"/>
            </PassengerStopAssignment>
          </stopAssignments>
          <journeyPatterns>
            <JourneyPattern id="VTR:JourneyPattern:3671250" version="3673802">
              <Name>1</Name>
              <RouteRef ref="VTR:Route:20045" version="1"/>
              <pointsInSequence>
                <StopPointInJourneyPattern id="VTR:StopPointInJourneyPattern:126331627" version="3673802" order="1">
                  <ScheduledStopPointRef ref="VTR:ScheduledStopPoint:1720070"/>
                  <DestinationDisplayRef ref="VTR:DestinationDisplay:1"/>
                </StopPointInJourneyPattern>
                <StopPointInJourneyPattern id="VTR:StopPointInJourneyPattern:126331629" version="3673802" order="3">
                  <ScheduledStopPointRef ref="VTR:ScheduledStopPoint:1720069"/>
                  <DestinationDisplayRef ref="VTR:DestinationDisplay:1"/>
                </StopPointInJourneyPattern>
                <StopPointInJourneyPattern id="VTR:StopPointInJourneyPattern:126331630" version="3673802" order="4">
                  <ScheduledStopPointRef ref="VTR:ScheduledStopPoint:1720072"/>
                  <DestinationDisplayRef ref="VTR:DestinationDisplay:1"/>
                </StopPointInJourneyPattern>
                <StopPointInJourneyPattern id="VTR:StopPointInJourneyPattern:126331631" version="3673802" order="5">
                  <ScheduledStopPointRef ref="VTR:ScheduledStopPoint:1720073"/>
                  <DestinationDisplayRef ref="VTR:DestinationDisplay:1"/>
                </StopPointInJourneyPattern>
                <StopPointInJourneyPattern id="VTR:StopPointInJourneyPattern:126331632" version="3673802" order="6">
                  <ScheduledStopPointRef ref="VTR:ScheduledStopPoint:1720074"/>
                  <DestinationDisplayRef ref="VTR:DestinationDisplay:1"/>
                </StopPointInJourneyPattern>
                <StopPointInJourneyPattern id="VTR:StopPointInJourneyPattern:126331633" version="3673802" order="7">
                  <ScheduledStopPointRef ref="VTR:ScheduledStopPoint:1720075"/>
                  <DestinationDisplayRef ref="VTR:DestinationDisplay:1"/>
                </StopPointInJourneyPattern>
                <StopPointInJourneyPattern id="VTR:StopPointInJourneyPattern:126331634" version="3673802" order="8">
                  <ScheduledStopPointRef ref="VTR:ScheduledStopPoint:1720076"/>
                  <DestinationDisplayRef ref="VTR:DestinationDisplay:1"/>
                </StopPointInJourneyPattern>
              </pointsInSequence>
            </JourneyPattern>
            <JourneyPattern id="VTR:JourneyPattern:3671258" version="3673810">
              <Name>4A</Name>
              <RouteRef ref="VTR:Route:20046" version="1"/>
              <pointsInSequence>
                <StopPointInJourneyPattern id="VTR:StopPointInJourneyPattern:126331691" version="3673810" order="1">
                  <ScheduledStopPointRef ref="VTR:ScheduledStopPoint:1720082"/>
                  <DestinationDisplayRef ref="VTR:DestinationDisplay:1"/>
                </StopPointInJourneyPattern>
                <StopPointInJourneyPattern id="VTR:StopPointInJourneyPattern:126331692" version="3673810" order="2">
                  <ScheduledStopPointRef ref="VTR:ScheduledStopPoint:1720083"/>
                  <DestinationDisplayRef ref="VTR:DestinationDisplay:1"/>
                </StopPointInJourneyPattern>
                <StopPointInJourneyPattern id="VTR:StopPointInJourneyPattern:126331693" version="3673810" order="3">
                  <ScheduledStopPointRef ref="VTR:ScheduledStopPoint:1720084"/>
                  <DestinationDisplayRef ref="VTR:DestinationDisplay:1"/>
                </StopPointInJourneyPattern>
                <StopPointInJourneyPattern id="VTR:StopPointInJourneyPattern:126331694" version="3673810" order="4">
                  <ScheduledStopPointRef ref="VTR:ScheduledStopPoint:1720077"/>
                  <DestinationDisplayRef ref="VTR:DestinationDisplay:1"/>
                </StopPointInJourneyPattern>
                <StopPointInJourneyPattern id="VTR:StopPointInJourneyPattern:126331695" version="3673810" order="5">
                  <ScheduledStopPointRef ref="VTR:ScheduledStopPoint:1720079"/>
                  <DestinationDisplayRef ref="VTR:DestinationDisplay:1"/>
                </StopPointInJourneyPattern>
                <StopPointInJourneyPattern id="VTR:StopPointInJourneyPattern:126331696" version="3673810" order="6">
                  <ScheduledStopPointRef ref="VTR:ScheduledStopPoint:1720081"/>
                  <DestinationDisplayRef ref="VTR:DestinationDisplay:1"/>
                </StopPointInJourneyPattern>
                <StopPointInJourneyPattern id="VTR:StopPointInJourneyPattern:126331698" version="3673810" order="8">
                  <ScheduledStopPointRef ref="VTR:ScheduledStopPoint:1720078"/>
                  <DestinationDisplayRef ref="VTR:DestinationDisplay:1"/>
                </StopPointInJourneyPattern>
              </pointsInSequence>
            </JourneyPattern>
            <JourneyPattern id="VTR:JourneyPattern:3671257" version="3673809">
              <Name>3A</Name>
              <RouteRef ref="VTR:Route:20046" version="1"/>
              <pointsInSequence>
                <StopPointInJourneyPattern id="VTR:StopPointInJourneyPattern:126331683" version="3673809" order="1">
                  <ScheduledStopPointRef ref="VTR:ScheduledStopPoint:1720082"/>
                  <DestinationDisplayRef ref="VTR:DestinationDisplay:1"/>
                </StopPointInJourneyPattern>
                <StopPointInJourneyPattern id="VTR:StopPointInJourneyPattern:126331684" version="3673809" order="2">
                  <ScheduledStopPointRef ref="VTR:ScheduledStopPoint:1720083"/>
                  <DestinationDisplayRef ref="VTR:DestinationDisplay:1"/>
                </StopPointInJourneyPattern>
                <StopPointInJourneyPattern id="VTR:StopPointInJourneyPattern:126331685" version="3673809" order="3">
                  <ScheduledStopPointRef ref="VTR:ScheduledStopPoint:1720084"/>
                  <DestinationDisplayRef ref="VTR:DestinationDisplay:1"/>
                </StopPointInJourneyPattern>
                <StopPointInJourneyPattern id="VTR:StopPointInJourneyPattern:126331686" version="3673809" order="4">
                  <ScheduledStopPointRef ref="VTR:ScheduledStopPoint:1720077"/>
                  <DestinationDisplayRef ref="VTR:DestinationDisplay:1"/>
                </StopPointInJourneyPattern>
                <StopPointInJourneyPattern id="VTR:StopPointInJourneyPattern:126331687" version="3673809" order="5">
                  <ScheduledStopPointRef ref="VTR:ScheduledStopPoint:1720079"/>
                  <DestinationDisplayRef ref="VTR:DestinationDisplay:1"/>
                </StopPointInJourneyPattern>
                <StopPointInJourneyPattern id="VTR:StopPointInJourneyPattern:126331688" version="3673809" order="6">
                  <ScheduledStopPointRef ref="VTR:ScheduledStopPoint:1720081"/>
                  <DestinationDisplayRef ref="VTR:DestinationDisplay:1"/>
                </StopPointInJourneyPattern>
                <StopPointInJourneyPattern id="VTR:StopPointInJourneyPattern:126331690" version="3673809" order="8">
                  <ScheduledStopPointRef ref="VTR:ScheduledStopPoint:1720078"/>
                  <DestinationDisplayRef ref="VTR:DestinationDisplay:1"/>
                </StopPointInJourneyPattern>
              </pointsInSequence>
            </JourneyPattern>
            <JourneyPattern id="VTR:JourneyPattern:3671256" version="3673808">
              <Name>2A</Name>
              <RouteRef ref="VTR:Route:20046" version="1"/>
              <pointsInSequence>
                <StopPointInJourneyPattern id="VTR:StopPointInJourneyPattern:126331675" version="3673808" order="1">
                  <ScheduledStopPointRef ref="VTR:ScheduledStopPoint:1720082"/>
                  <DestinationDisplayRef ref="VTR:DestinationDisplay:1"/>
                </StopPointInJourneyPattern>
                <StopPointInJourneyPattern id="VTR:StopPointInJourneyPattern:126331676" version="3673808" order="2">
                  <ScheduledStopPointRef ref="VTR:ScheduledStopPoint:1720083"/>
                  <DestinationDisplayRef ref="VTR:DestinationDisplay:1"/>
                </StopPointInJourneyPattern>
                <StopPointInJourneyPattern id="VTR:StopPointInJourneyPattern:126331677" version="3673808" order="3">
                  <ScheduledStopPointRef ref="VTR:ScheduledStopPoint:1720084"/>
                  <DestinationDisplayRef ref="VTR:DestinationDisplay:1"/>
                </StopPointInJourneyPattern>
                <StopPointInJourneyPattern id="VTR:StopPointInJourneyPattern:126331678" version="3673808" order="4">
                  <ScheduledStopPointRef ref="VTR:ScheduledStopPoint:1720077"/>
                  <DestinationDisplayRef ref="VTR:DestinationDisplay:1"/>
                </StopPointInJourneyPattern>
                <StopPointInJourneyPattern id="VTR:StopPointInJourneyPattern:126331679" version="3673808" order="5">
                  <ScheduledStopPointRef ref="VTR:ScheduledStopPoint:1720079"/>
                  <DestinationDisplayRef ref="VTR:DestinationDisplay:1"/>
                </StopPointInJourneyPattern>
                <StopPointInJourneyPattern id="VTR:StopPointInJourneyPattern:126331680" version="3673808" order="6">
                  <ScheduledStopPointRef ref="VTR:ScheduledStopPoint:1720081"/>
                  <DestinationDisplayRef ref="VTR:DestinationDisplay:1"/>
                </StopPointInJourneyPattern>
                <StopPointInJourneyPattern id="VTR:StopPointInJourneyPattern:126331682" version="3673808" order="8">
                  <ScheduledStopPointRef ref="VTR:ScheduledStopPoint:1720078"/>
                  <DestinationDisplayRef ref="VTR:DestinationDisplay:1"/>
                </StopPointInJourneyPattern>
              </pointsInSequence>
            </JourneyPattern>
            <JourneyPattern id="VTR:JourneyPattern:3671251" version="3673803">
              <Name>2</Name>
              <RouteRef ref="VTR:Route:20045" version="1"/>
              <pointsInSequence>
                <StopPointInJourneyPattern id="VTR:StopPointInJourneyPattern:126331635" version="3673803" order="1">
                  <ScheduledStopPointRef ref="VTR:ScheduledStopPoint:1720070"/>
                  <DestinationDisplayRef ref="VTR:DestinationDisplay:1"/>
                </StopPointInJourneyPattern>
                <StopPointInJourneyPattern id="VTR:StopPointInJourneyPattern:126331637" version="3673803" order="3">
                  <ScheduledStopPointRef ref="VTR:ScheduledStopPoint:1720069"/>
                  <DestinationDisplayRef ref="VTR:DestinationDisplay:1"/>
                </StopPointInJourneyPattern>
                <StopPointInJourneyPattern id="VTR:StopPointInJourneyPattern:126331638" version="3673803" order="4">
                  <ScheduledStopPointRef ref="VTR:ScheduledStopPoint:1720072"/>
                  <DestinationDisplayRef ref="VTR:DestinationDisplay:1"/>
                </StopPointInJourneyPattern>
                <StopPointInJourneyPattern id="VTR:StopPointInJourneyPattern:126331639" version="3673803" order="5">
                  <ScheduledStopPointRef ref="VTR:ScheduledStopPoint:1720073"/>
                  <DestinationDisplayRef ref="VTR:DestinationDisplay:1"/>
                </StopPointInJourneyPattern>
                <StopPointInJourneyPattern id="VTR:StopPointInJourneyPattern:126331640" version="3673803" order="6">
                  <ScheduledStopPointRef ref="VTR:ScheduledStopPoint:1720074"/>
                  <DestinationDisplayRef ref="VTR:DestinationDisplay:1"/>
                </StopPointInJourneyPattern>
                <StopPointInJourneyPattern id="VTR:StopPointInJourneyPattern:126331641" version="3673803" order="7">
                  <ScheduledStopPointRef ref="VTR:ScheduledStopPoint:1720075"/>
                  <DestinationDisplayRef ref="VTR:DestinationDisplay:1"/>
                </StopPointInJourneyPattern>
                <StopPointInJourneyPattern id="VTR:StopPointInJourneyPattern:126331642" version="3673803" order="8">
                  <ScheduledStopPointRef ref="VTR:ScheduledStopPoint:1720076"/>
                  <DestinationDisplayRef ref="VTR:DestinationDisplay:1"/>
                </StopPointInJourneyPattern>
              </pointsInSequence>
            </JourneyPattern>
            <JourneyPattern id="VTR:JourneyPattern:3671254" version="3673806">
              <Name>5</Name>
              <RouteRef ref="VTR:Route:20045" version="1"/>
              <pointsInSequence>
                <StopPointInJourneyPattern id="VTR:StopPointInJourneyPattern:126331659" version="3673806" order="1">
                  <ScheduledStopPointRef ref="VTR:ScheduledStopPoint:1720070"/>
                  <DestinationDisplayRef ref="VTR:DestinationDisplay:1"/>
                </StopPointInJourneyPattern>
                <StopPointInJourneyPattern id="VTR:StopPointInJourneyPattern:126331661" version="3673806" order="3">
                  <ScheduledStopPointRef ref="VTR:ScheduledStopPoint:1720069"/>
                  <DestinationDisplayRef ref="VTR:DestinationDisplay:1"/>
                </StopPointInJourneyPattern>
                <StopPointInJourneyPattern id="VTR:StopPointInJourneyPattern:126331662" version="3673806" order="4">
                  <ScheduledStopPointRef ref="VTR:ScheduledStopPoint:1720072"/>
                  <DestinationDisplayRef ref="VTR:DestinationDisplay:1"/>
                </StopPointInJourneyPattern>
                <StopPointInJourneyPattern id="VTR:StopPointInJourneyPattern:126331663" version="3673806" order="5">
                  <ScheduledStopPointRef ref="VTR:ScheduledStopPoint:1720073"/>
                  <DestinationDisplayRef ref="VTR:DestinationDisplay:1"/>
                </StopPointInJourneyPattern>
                <StopPointInJourneyPattern id="VTR:StopPointInJourneyPattern:126331664" version="3673806" order="6">
                  <ScheduledStopPointRef ref="VTR:ScheduledStopPoint:1720074"/>
                  <DestinationDisplayRef ref="VTR:DestinationDisplay:1"/>
                </StopPointInJourneyPattern>
                <StopPointInJourneyPattern id="VTR:StopPointInJourneyPattern:126331665" version="3673806" order="7">
                  <ScheduledStopPointRef ref="VTR:ScheduledStopPoint:1720075"/>
                  <DestinationDisplayRef ref="VTR:DestinationDisplay:1"/>
                </StopPointInJourneyPattern>
                <StopPointInJourneyPattern id="VTR:StopPointInJourneyPattern:126331666" version="3673806" order="8">
                  <ScheduledStopPointRef ref="VTR:ScheduledStopPoint:1720076"/>
                  <DestinationDisplayRef ref="VTR:DestinationDisplay:1"/>
                </StopPointInJourneyPattern>
              </pointsInSequence>
            </JourneyPattern>
            <JourneyPattern id="VTR:JourneyPattern:3671253" version="3673805">
              <Name>4</Name>
              <RouteRef ref="VTR:Route:20045" version="1"/>
              <pointsInSequence>
                <StopPointInJourneyPattern id="VTR:StopPointInJourneyPattern:126331651" version="3673805" order="1">
                  <ScheduledStopPointRef ref="VTR:ScheduledStopPoint:1720070"/>
                  <DestinationDisplayRef ref="VTR:DestinationDisplay:1"/>
                </StopPointInJourneyPattern>
                <StopPointInJourneyPattern id="VTR:StopPointInJourneyPattern:126331653" version="3673805" order="3">
                  <ScheduledStopPointRef ref="VTR:ScheduledStopPoint:1720069"/>
                  <DestinationDisplayRef ref="VTR:DestinationDisplay:1"/>
                </StopPointInJourneyPattern>
                <StopPointInJourneyPattern id="VTR:StopPointInJourneyPattern:126331654" version="3673805" order="4">
                  <ScheduledStopPointRef ref="VTR:ScheduledStopPoint:1720072"/>
                  <DestinationDisplayRef ref="VTR:DestinationDisplay:1"/>
                </StopPointInJourneyPattern>
                <StopPointInJourneyPattern id="VTR:StopPointInJourneyPattern:126331655" version="3673805" order="5">
                  <ScheduledStopPointRef ref="VTR:ScheduledStopPoint:1720073"/>
                  <DestinationDisplayRef ref="VTR:DestinationDisplay:1"/>
                </StopPointInJourneyPattern>
                <StopPointInJourneyPattern id="VTR:StopPointInJourneyPattern:126331656" version="3673805" order="6">
                  <ScheduledStopPointRef ref="VTR:ScheduledStopPoint:1720074"/>
                  <DestinationDisplayRef ref="VTR:DestinationDisplay:1"/>
                </StopPointInJourneyPattern>
                <StopPointInJourneyPattern id="VTR:StopPointInJourneyPattern:126331657" version="3673805" order="7">
                  <ScheduledStopPointRef ref="VTR:ScheduledStopPoint:1720075"/>
                  <DestinationDisplayRef ref="VTR:DestinationDisplay:1"/>
                </StopPointInJourneyPattern>
                <StopPointInJourneyPattern id="VTR:StopPointInJourneyPattern:126331658" version="3673805" order="8">
                  <ScheduledStopPointRef ref="VTR:ScheduledStopPoint:1720076"/>
                  <DestinationDisplayRef ref="VTR:DestinationDisplay:1"/>
                </StopPointInJourneyPattern>
              </pointsInSequence>
            </JourneyPattern>
            <JourneyPattern id="VTR:JourneyPattern:3671255" version="3673807">
              <Name>1A</Name>
              <RouteRef ref="VTR:Route:20046" version="1"/>
              <pointsInSequence>
                <StopPointInJourneyPattern id="VTR:StopPointInJourneyPattern:126331667" version="3673807" order="1">
                  <ScheduledStopPointRef ref="VTR:ScheduledStopPoint:1720082"/>
                  <DestinationDisplayRef ref="VTR:DestinationDisplay:1"/>
                </StopPointInJourneyPattern>
                <StopPointInJourneyPattern id="VTR:StopPointInJourneyPattern:126331668" version="3673807" order="2">
                  <ScheduledStopPointRef ref="VTR:ScheduledStopPoint:1720083"/>
                  <DestinationDisplayRef ref="VTR:DestinationDisplay:1"/>
                </StopPointInJourneyPattern>
                <StopPointInJourneyPattern id="VTR:StopPointInJourneyPattern:126331669" version="3673807" order="3">
                  <ScheduledStopPointRef ref="VTR:ScheduledStopPoint:1720084"/>
                  <DestinationDisplayRef ref="VTR:DestinationDisplay:1"/>
                </StopPointInJourneyPattern>
                <StopPointInJourneyPattern id="VTR:StopPointInJourneyPattern:126331670" version="3673807" order="4">
                  <ScheduledStopPointRef ref="VTR:ScheduledStopPoint:1720077"/>
                  <DestinationDisplayRef ref="VTR:DestinationDisplay:1"/>
                </StopPointInJourneyPattern>
                <StopPointInJourneyPattern id="VTR:StopPointInJourneyPattern:126331671" version="3673807" order="5">
                  <ScheduledStopPointRef ref="VTR:ScheduledStopPoint:1720079"/>
                  <DestinationDisplayRef ref="VTR:DestinationDisplay:1"/>
                </StopPointInJourneyPattern>
                <StopPointInJourneyPattern id="VTR:StopPointInJourneyPattern:126331672" version="3673807" order="6">
                  <ScheduledStopPointRef ref="VTR:ScheduledStopPoint:1720081"/>
                  <DestinationDisplayRef ref="VTR:DestinationDisplay:1"/>
                </StopPointInJourneyPattern>
                <StopPointInJourneyPattern id="VTR:StopPointInJourneyPattern:126331674" version="3673807" order="8">
                  <ScheduledStopPointRef ref="VTR:ScheduledStopPoint:1720078"/>
                  <DestinationDisplayRef ref="VTR:DestinationDisplay:1"/>
                </StopPointInJourneyPattern>
              </pointsInSequence>
            </JourneyPattern>
            <JourneyPattern id="VTR:JourneyPattern:3671252" version="3673804">
              <Name>3</Name>
              <RouteRef ref="VTR:Route:20045" version="1"/>
              <pointsInSequence>
                <StopPointInJourneyPattern id="VTR:StopPointInJourneyPattern:126331643" version="3673804" order="1">
                  <ScheduledStopPointRef ref="VTR:ScheduledStopPoint:1720070"/>
                  <DestinationDisplayRef ref="VTR:DestinationDisplay:1"/>
                </StopPointInJourneyPattern>
                <StopPointInJourneyPattern id="VTR:StopPointInJourneyPattern:126331645" version="3673804" order="3">
                  <ScheduledStopPointRef ref="VTR:ScheduledStopPoint:1720069"/>
                  <DestinationDisplayRef ref="VTR:DestinationDisplay:1"/>
                </StopPointInJourneyPattern>
                <StopPointInJourneyPattern id="VTR:StopPointInJourneyPattern:126331646" version="3673804" order="4">
                  <ScheduledStopPointRef ref="VTR:ScheduledStopPoint:1720072"/>
                  <DestinationDisplayRef ref="VTR:DestinationDisplay:1"/>
                </StopPointInJourneyPattern>
                <StopPointInJourneyPattern id="VTR:StopPointInJourneyPattern:126331647" version="3673804" order="5">
                  <ScheduledStopPointRef ref="VTR:ScheduledStopPoint:1720073"/>
                  <DestinationDisplayRef ref="VTR:DestinationDisplay:1"/>
                </StopPointInJourneyPattern>
                <StopPointInJourneyPattern id="VTR:StopPointInJourneyPattern:126331648" version="3673804" order="6">
                  <ScheduledStopPointRef ref="VTR:ScheduledStopPoint:1720074"/>
                  <DestinationDisplayRef ref="VTR:DestinationDisplay:1"/>
                </StopPointInJourneyPattern>
                <StopPointInJourneyPattern id="VTR:StopPointInJourneyPattern:126331649" version="3673804" order="7">
                  <ScheduledStopPointRef ref="VTR:ScheduledStopPoint:1720075"/>
                  <DestinationDisplayRef ref="VTR:DestinationDisplay:1"/>
                </StopPointInJourneyPattern>
                <StopPointInJourneyPattern id="VTR:StopPointInJourneyPattern:126331650" version="3673804" order="8">
                  <ScheduledStopPointRef ref="VTR:ScheduledStopPoint:1720076"/>
                  <DestinationDisplayRef ref="VTR:DestinationDisplay:1"/>
                </StopPointInJourneyPattern>
              </pointsInSequence>
            </JourneyPattern>
            <JourneyPattern id="VTR:JourneyPattern:3671259" version="3673811">
              <Name>5A</Name>
              <RouteRef ref="VTR:Route:20046" version="1"/>
              <pointsInSequence>
                <StopPointInJourneyPattern id="VTR:StopPointInJourneyPattern:126331699" version="3673811" order="1">
                  <ScheduledStopPointRef ref="VTR:ScheduledStopPoint:1720082"/>
                  <DestinationDisplayRef ref="VTR:DestinationDisplay:1"/>
                </StopPointInJourneyPattern>
                <StopPointInJourneyPattern id="VTR:StopPointInJourneyPattern:126331700" version="3673811" order="2">
                  <ScheduledStopPointRef ref="VTR:ScheduledStopPoint:1720083"/>
                  <DestinationDisplayRef ref="VTR:DestinationDisplay:1"/>
                </StopPointInJourneyPattern>
                <StopPointInJourneyPattern id="VTR:StopPointInJourneyPattern:126331701" version="3673811" order="3">
                  <ScheduledStopPointRef ref="VTR:ScheduledStopPoint:1720084"/>
                  <DestinationDisplayRef ref="VTR:DestinationDisplay:1"/>
                </StopPointInJourneyPattern>
                <StopPointInJourneyPattern id="VTR:StopPointInJourneyPattern:126331702" version="3673811" order="4">
                  <ScheduledStopPointRef ref="VTR:ScheduledStopPoint:1720077"/>
                  <DestinationDisplayRef ref="VTR:DestinationDisplay:1"/>
                </StopPointInJourneyPattern>
                <StopPointInJourneyPattern id="VTR:StopPointInJourneyPattern:126331703" version="3673811" order="5">
                  <ScheduledStopPointRef ref="VTR:ScheduledStopPoint:1720079"/>
                  <DestinationDisplayRef ref="VTR:DestinationDisplay:1"/>
                </StopPointInJourneyPattern>
                <StopPointInJourneyPattern id="VTR:StopPointInJourneyPattern:126331704" version="3673811" order="6">
                  <ScheduledStopPointRef ref="VTR:ScheduledStopPoint:1720081"/>
                  <DestinationDisplayRef ref="VTR:DestinationDisplay:1"/>
                </StopPointInJourneyPattern>
                <StopPointInJourneyPattern id="VTR:StopPointInJourneyPattern:126331706" version="3673811" order="8">
                  <ScheduledStopPointRef ref="VTR:ScheduledStopPoint:1720078"/>
                  <DestinationDisplayRef ref="VTR:DestinationDisplay:1"/>
                </StopPointInJourneyPattern>
              </pointsInSequence>
            </JourneyPattern>
          </journeyPatterns>
        </ServiceFrame>
        <TimetableFrame version="1" id="VTR:TimetableFrame:1358">
          <vehicleJourneys>
            <ServiceJourney version="3673805" id="VTR:ServiceJourney:3671253">
              <Name>Anykščiai-Kavarskas</Name>
              <PrivateCode>4</PrivateCode>
              <dayTypes>
                <DayTypeRef ref="VTR:DayType:1660"/>
              </dayTypes>
              <JourneyPatternRef version="3673805" ref="VTR:JourneyPattern:3671253"/>
              <OperatorRef ref="VTR:Operator:83950"/>
              <LineRef ref="VTR:Line:2205" version="9228"/>
              <passingTimes>
                <TimetabledPassingTime version="3673805" id="VTR:TimetabledPassingTime:3671253_126331651_1">
                  <StopPointInJourneyPatternRef ref="VTR:StopPointInJourneyPattern:126331651" version="3673805"/>
                  <DepartureTime>14:55:00</DepartureTime>
                  <DepartureDayOffset>0</DepartureDayOffset>
                </TimetabledPassingTime>
                <TimetabledPassingTime version="3673805" id="VTR:TimetabledPassingTime:3671253_126331653_3">
                  <StopPointInJourneyPatternRef ref="VTR:StopPointInJourneyPattern:126331653" version="3673805"/>
                  <DepartureTime>15:00:00</DepartureTime>
                  <DepartureDayOffset>0</DepartureDayOffset>
                </TimetabledPassingTime>
                <TimetabledPassingTime version="3673805" id="VTR:TimetabledPassingTime:3671253_126331654_4">
                  <StopPointInJourneyPatternRef ref="VTR:StopPointInJourneyPattern:126331654" version="3673805"/>
                  <DepartureTime>15:03:00</DepartureTime>
                  <DepartureDayOffset>0</DepartureDayOffset>
                </TimetabledPassingTime>
                <TimetabledPassingTime version="3673805" id="VTR:TimetabledPassingTime:3671253_126331655_5">
                  <StopPointInJourneyPatternRef ref="VTR:StopPointInJourneyPattern:126331655" version="3673805"/>
                  <DepartureTime>15:07:00</DepartureTime>
                  <DepartureDayOffset>0</DepartureDayOffset>
                </TimetabledPassingTime>
                <TimetabledPassingTime version="3673805" id="VTR:TimetabledPassingTime:3671253_126331656_6">
                  <StopPointInJourneyPatternRef ref="VTR:StopPointInJourneyPattern:126331656" version="3673805"/>
                  <DepartureTime>15:10:00</DepartureTime>
                  <DepartureDayOffset>0</DepartureDayOffset>
                </TimetabledPassingTime>
                <TimetabledPassingTime version="3673805" id="VTR:TimetabledPassingTime:3671253_126331657_7">
                  <StopPointInJourneyPatternRef ref="VTR:StopPointInJourneyPattern:126331657" version="3673805"/>
                  <DepartureTime>15:14:00</DepartureTime>
                  <DepartureDayOffset>0</DepartureDayOffset>
                </TimetabledPassingTime>
                <TimetabledPassingTime version="3673805" id="VTR:TimetabledPassingTime:3671253_126331658_8">
                  <StopPointInJourneyPatternRef ref="VTR:StopPointInJourneyPattern:126331658" version="3673805"/>
                  <DepartureTime>15:15:00</DepartureTime>
                  <DepartureDayOffset>0</DepartureDayOffset>
                </TimetabledPassingTime>
              </passingTimes>
            </ServiceJourney>
            <ServiceJourney version="3673804" id="VTR:ServiceJourney:3671252">
              <Name>Anykščiai-Kavarskas</Name>
              <PrivateCode>3</PrivateCode>
              <dayTypes>
                <DayTypeRef ref="VTR:DayType:1660"/>
              </dayTypes>
              <JourneyPatternRef version="3673804" ref="VTR:JourneyPattern:3671252"/>
              <OperatorRef ref="VTR:Operator:83950"/>
              <LineRef ref="VTR:Line:2205" version="9228"/>
              <passingTimes>
                <TimetabledPassingTime version="3673804" id="VTR:TimetabledPassingTime:3671252_126331643_1">
                  <StopPointInJourneyPatternRef ref="VTR:StopPointInJourneyPattern:126331643" version="3673804"/>
                  <DepartureTime>14:00:00</DepartureTime>
                  <DepartureDayOffset>0</DepartureDayOffset>
                </TimetabledPassingTime>
                <TimetabledPassingTime version="3673804" id="VTR:TimetabledPassingTime:3671252_126331645_3">
                  <StopPointInJourneyPatternRef ref="VTR:StopPointInJourneyPattern:126331645" version="3673804"/>
                  <DepartureTime>14:05:00</DepartureTime>
                  <DepartureDayOffset>0</DepartureDayOffset>
                </TimetabledPassingTime>
                <TimetabledPassingTime version="3673804" id="VTR:TimetabledPassingTime:3671252_126331646_4">
                  <StopPointInJourneyPatternRef ref="VTR:StopPointInJourneyPattern:126331646" version="3673804"/>
                  <DepartureTime>14:08:00</DepartureTime>
                  <DepartureDayOffset>0</DepartureDayOffset>
                </TimetabledPassingTime>
                <TimetabledPassingTime version="3673804" id="VTR:TimetabledPassingTime:3671252_126331647_5">
                  <StopPointInJourneyPatternRef ref="VTR:StopPointInJourneyPattern:126331647" version="3673804"/>
                  <DepartureTime>14:12:00</DepartureTime>
                  <DepartureDayOffset>0</DepartureDayOffset>
                </TimetabledPassingTime>
                <TimetabledPassingTime version="3673804" id="VTR:TimetabledPassingTime:3671252_126331648_6">
                  <StopPointInJourneyPatternRef ref="VTR:StopPointInJourneyPattern:126331648" version="3673804"/>
                  <DepartureTime>14:15:00</DepartureTime>
                  <DepartureDayOffset>0</DepartureDayOffset>
                </TimetabledPassingTime>
                <TimetabledPassingTime version="3673804" id="VTR:TimetabledPassingTime:3671252_126331649_7">
                  <StopPointInJourneyPatternRef ref="VTR:StopPointInJourneyPattern:126331649" version="3673804"/>
                  <DepartureTime>14:19:00</DepartureTime>
                  <DepartureDayOffset>0</DepartureDayOffset>
                </TimetabledPassingTime>
                <TimetabledPassingTime version="3673804" id="VTR:TimetabledPassingTime:3671252_126331650_8">
                  <StopPointInJourneyPatternRef ref="VTR:StopPointInJourneyPattern:126331650" version="3673804"/>
                  <DepartureTime>14:20:00</DepartureTime>
                  <DepartureDayOffset>0</DepartureDayOffset>
                </TimetabledPassingTime>
              </passingTimes>
            </ServiceJourney>
            <ServiceJourney version="3673803" id="VTR:ServiceJourney:3671251">
              <Name>Anykščiai-Kavarskas</Name>
              <PrivateCode>2</PrivateCode>
              <dayTypes>
                <DayTypeRef ref="VTR:DayType:1661"/>
              </dayTypes>
              <JourneyPatternRef version="3673803" ref="VTR:JourneyPattern:3671251"/>
              <OperatorRef ref="VTR:Operator:83950"/>
              <LineRef ref="VTR:Line:2205" version="9228"/>
              <passingTimes>
                <TimetabledPassingTime version="3673803" id="VTR:TimetabledPassingTime:3671251_126331635_1">
                  <StopPointInJourneyPatternRef ref="VTR:StopPointInJourneyPattern:126331635" version="3673803"/>
                  <DepartureTime>10:20:00</DepartureTime>
                  <DepartureDayOffset>0</DepartureDayOffset>
                </TimetabledPassingTime>
                <TimetabledPassingTime version="3673803" id="VTR:TimetabledPassingTime:3671251_126331637_3">
                  <StopPointInJourneyPatternRef ref="VTR:StopPointInJourneyPattern:126331637" version="3673803"/>
                  <DepartureTime>10:22:00</DepartureTime>
                  <DepartureDayOffset>0</DepartureDayOffset>
                </TimetabledPassingTime>
                <TimetabledPassingTime version="3673803" id="VTR:TimetabledPassingTime:3671251_126331638_4">
                  <StopPointInJourneyPatternRef ref="VTR:StopPointInJourneyPattern:126331638" version="3673803"/>
                  <DepartureTime>10:25:00</DepartureTime>
                  <DepartureDayOffset>0</DepartureDayOffset>
                </TimetabledPassingTime>
                <TimetabledPassingTime version="3673803" id="VTR:TimetabledPassingTime:3671251_126331639_5">
                  <StopPointInJourneyPatternRef ref="VTR:StopPointInJourneyPattern:126331639" version="3673803"/>
                  <DepartureTime>10:27:00</DepartureTime>
                  <DepartureDayOffset>0</DepartureDayOffset>
                </TimetabledPassingTime>
                <TimetabledPassingTime version="3673803" id="VTR:TimetabledPassingTime:3671251_126331640_6">
                  <StopPointInJourneyPatternRef ref="VTR:StopPointInJourneyPattern:126331640" version="3673803"/>
                  <DepartureTime>10:30:00</DepartureTime>
                  <DepartureDayOffset>0</DepartureDayOffset>
                </TimetabledPassingTime>
                <TimetabledPassingTime version="3673803" id="VTR:TimetabledPassingTime:3671251_126331641_7">
                  <StopPointInJourneyPatternRef ref="VTR:StopPointInJourneyPattern:126331641" version="3673803"/>
                  <DepartureTime>10:35:00</DepartureTime>
                  <DepartureDayOffset>0</DepartureDayOffset>
                </TimetabledPassingTime>
                <TimetabledPassingTime version="3673803" id="VTR:TimetabledPassingTime:3671251_126331642_8">
                  <StopPointInJourneyPatternRef ref="VTR:StopPointInJourneyPattern:126331642" version="3673803"/>
                  <DepartureTime>10:40:00</DepartureTime>
                  <DepartureDayOffset>0</DepartureDayOffset>
                </TimetabledPassingTime>
              </passingTimes>
            </ServiceJourney>
            <ServiceJourney version="3673806" id="VTR:ServiceJourney:3671254">
              <Name>Anykščiai-Kavarskas</Name>
              <PrivateCode>5</PrivateCode>
              <dayTypes>
                <DayTypeRef ref="VTR:DayType:1661"/>
              </dayTypes>
              <JourneyPatternRef version="3673806" ref="VTR:JourneyPattern:3671254"/>
              <OperatorRef ref="VTR:Operator:83950"/>
              <LineRef ref="VTR:Line:2205" version="9228"/>
              <passingTimes>
                <TimetabledPassingTime version="3673806" id="VTR:TimetabledPassingTime:3671254_126331659_1">
                  <StopPointInJourneyPatternRef ref="VTR:StopPointInJourneyPattern:126331659" version="3673806"/>
                  <DepartureTime>16:55:00</DepartureTime>
                  <DepartureDayOffset>0</DepartureDayOffset>
                </TimetabledPassingTime>
                <TimetabledPassingTime version="3673806" id="VTR:TimetabledPassingTime:3671254_126331661_3">
                  <StopPointInJourneyPatternRef ref="VTR:StopPointInJourneyPattern:126331661" version="3673806"/>
                  <DepartureTime>17:00:00</DepartureTime>
                  <DepartureDayOffset>0</DepartureDayOffset>
                </TimetabledPassingTime>
                <TimetabledPassingTime version="3673806" id="VTR:TimetabledPassingTime:3671254_126331662_4">
                  <StopPointInJourneyPatternRef ref="VTR:StopPointInJourneyPattern:126331662" version="3673806"/>
                  <DepartureTime>17:03:00</DepartureTime>
                  <DepartureDayOffset>0</DepartureDayOffset>
                </TimetabledPassingTime>
                <TimetabledPassingTime version="3673806" id="VTR:TimetabledPassingTime:3671254_126331663_5">
                  <StopPointInJourneyPatternRef ref="VTR:StopPointInJourneyPattern:126331663" version="3673806"/>
                  <DepartureTime>17:07:00</DepartureTime>
                  <DepartureDayOffset>0</DepartureDayOffset>
                </TimetabledPassingTime>
                <TimetabledPassingTime version="3673806" id="VTR:TimetabledPassingTime:3671254_126331664_6">
                  <StopPointInJourneyPatternRef ref="VTR:StopPointInJourneyPattern:126331664" version="3673806"/>
                  <DepartureTime>17:10:00</DepartureTime>
                  <DepartureDayOffset>0</DepartureDayOffset>
                </TimetabledPassingTime>
                <TimetabledPassingTime version="3673806" id="VTR:TimetabledPassingTime:3671254_126331665_7">
                  <StopPointInJourneyPatternRef ref="VTR:StopPointInJourneyPattern:126331665" version="3673806"/>
                  <DepartureTime>17:14:00</DepartureTime>
                  <DepartureDayOffset>0</DepartureDayOffset>
                </TimetabledPassingTime>
                <TimetabledPassingTime version="3673806" id="VTR:TimetabledPassingTime:3671254_126331666_8">
                  <StopPointInJourneyPatternRef ref="VTR:StopPointInJourneyPattern:126331666" version="3673806"/>
                  <DepartureTime>17:16:00</DepartureTime>
                  <DepartureDayOffset>0</DepartureDayOffset>
                </TimetabledPassingTime>
              </passingTimes>
            </ServiceJourney>
            <ServiceJourney version="3673810" id="VTR:ServiceJourney:3671258">
              <Name>Kavarskas-Anykščiai</Name>
              <PrivateCode>4A</PrivateCode>
              <dayTypes>
                <DayTypeRef ref="VTR:DayType:1660"/>
              </dayTypes>
              <JourneyPatternRef version="3673810" ref="VTR:JourneyPattern:3671258"/>
              <OperatorRef ref="VTR:Operator:83950"/>
              <LineRef ref="VTR:Line:2205" version="9228"/>
              <passingTimes>
                <TimetabledPassingTime version="3673810" id="VTR:TimetabledPassingTime:3671258_126331691_1">
                  <StopPointInJourneyPatternRef ref="VTR:StopPointInJourneyPattern:126331691" version="3673810"/>
                  <DepartureTime>15:15:00</DepartureTime>
                  <DepartureDayOffset>0</DepartureDayOffset>
                </TimetabledPassingTime>
                <TimetabledPassingTime version="3673810" id="VTR:TimetabledPassingTime:3671258_126331692_2">
                  <StopPointInJourneyPatternRef ref="VTR:StopPointInJourneyPattern:126331692" version="3673810"/>
                  <DepartureTime>15:18:00</DepartureTime>
                  <DepartureDayOffset>0</DepartureDayOffset>
                </TimetabledPassingTime>
                <TimetabledPassingTime version="3673810" id="VTR:TimetabledPassingTime:3671258_126331693_3">
                  <StopPointInJourneyPatternRef ref="VTR:StopPointInJourneyPattern:126331693" version="3673810"/>
                  <DepartureTime>15:20:00</DepartureTime>
                  <DepartureDayOffset>0</DepartureDayOffset>
                </TimetabledPassingTime>
                <TimetabledPassingTime version="3673810" id="VTR:TimetabledPassingTime:3671258_126331694_4">
                  <StopPointInJourneyPatternRef ref="VTR:StopPointInJourneyPattern:126331694" version="3673810"/>
                  <DepartureTime>15:25:00</DepartureTime>
                  <DepartureDayOffset>0</DepartureDayOffset>
                </TimetabledPassingTime>
                <TimetabledPassingTime version="3673810" id="VTR:TimetabledPassingTime:3671258_126331695_5">
                  <StopPointInJourneyPatternRef ref="VTR:StopPointInJourneyPattern:126331695" version="3673810"/>
                  <DepartureTime>15:30:00</DepartureTime>
                  <DepartureDayOffset>0</DepartureDayOffset>
                </TimetabledPassingTime>
                <TimetabledPassingTime version="3673810" id="VTR:TimetabledPassingTime:3671258_126331696_6">
                  <StopPointInJourneyPatternRef ref="VTR:StopPointInJourneyPattern:126331696" version="3673810"/>
                  <DepartureTime>15:32:00</DepartureTime>
                  <DepartureDayOffset>0</DepartureDayOffset>
                </TimetabledPassingTime>
                <TimetabledPassingTime version="3673810" id="VTR:TimetabledPassingTime:3671258_126331698_8">
                  <StopPointInJourneyPatternRef ref="VTR:StopPointInJourneyPattern:126331698" version="3673810"/>
                  <DepartureTime>15:35:00</DepartureTime>
                  <DepartureDayOffset>0</DepartureDayOffset>
                </TimetabledPassingTime>
              </passingTimes>
            </ServiceJourney>
            <ServiceJourney version="3673802" id="VTR:ServiceJourney:3671250">
              <Name>Anykščiai-Kavarskas</Name>
              <PrivateCode>1</PrivateCode>
              <dayTypes>
                <DayTypeRef ref="VTR:DayType:13012"/>
              </dayTypes>
              <JourneyPatternRef version="3673802" ref="VTR:JourneyPattern:3671250"/>
              <OperatorRef ref="VTR:Operator:83950"/>
              <LineRef ref="VTR:Line:2205" version="9228"/>
              <passingTimes>
                <TimetabledPassingTime version="3673802" id="VTR:TimetabledPassingTime:3671250_126331627_1">
                  <StopPointInJourneyPatternRef ref="VTR:StopPointInJourneyPattern:126331627" version="3673802"/>
                  <DepartureTime>08:45:00</DepartureTime>
                  <DepartureDayOffset>0</DepartureDayOffset>
                </TimetabledPassingTime>
                <TimetabledPassingTime version="3673802" id="VTR:TimetabledPassingTime:3671250_126331629_3">
                  <StopPointInJourneyPatternRef ref="VTR:StopPointInJourneyPattern:126331629" version="3673802"/>
                  <DepartureTime>08:47:00</DepartureTime>
                  <DepartureDayOffset>0</DepartureDayOffset>
                </TimetabledPassingTime>
                <TimetabledPassingTime version="3673802" id="VTR:TimetabledPassingTime:3671250_126331630_4">
                  <StopPointInJourneyPatternRef ref="VTR:StopPointInJourneyPattern:126331630" version="3673802"/>
                  <DepartureTime>08:48:00</DepartureTime>
                  <DepartureDayOffset>0</DepartureDayOffset>
                </TimetabledPassingTime>
                <TimetabledPassingTime version="3673802" id="VTR:TimetabledPassingTime:3671250_126331631_5">
                  <StopPointInJourneyPatternRef ref="VTR:StopPointInJourneyPattern:126331631" version="3673802"/>
                  <DepartureTime>08:50:00</DepartureTime>
                  <DepartureDayOffset>0</DepartureDayOffset>
                </TimetabledPassingTime>
                <TimetabledPassingTime version="3673802" id="VTR:TimetabledPassingTime:3671250_126331632_6">
                  <StopPointInJourneyPatternRef ref="VTR:StopPointInJourneyPattern:126331632" version="3673802"/>
                  <DepartureTime>08:55:00</DepartureTime>
                  <DepartureDayOffset>0</DepartureDayOffset>
                </TimetabledPassingTime>
                <TimetabledPassingTime version="3673802" id="VTR:TimetabledPassingTime:3671250_126331633_7">
                  <StopPointInJourneyPatternRef ref="VTR:StopPointInJourneyPattern:126331633" version="3673802"/>
                  <DepartureTime>08:57:00</DepartureTime>
                  <DepartureDayOffset>0</DepartureDayOffset>
                </TimetabledPassingTime>
                <TimetabledPassingTime version="3673802" id="VTR:TimetabledPassingTime:3671250_126331634_8">
                  <StopPointInJourneyPatternRef ref="VTR:StopPointInJourneyPattern:126331634" version="3673802"/>
                  <DepartureTime>09:00:00</DepartureTime>
                  <DepartureDayOffset>0</DepartureDayOffset>
                </TimetabledPassingTime>
              </passingTimes>
            </ServiceJourney>
            <ServiceJourney version="3673811" id="VTR:ServiceJourney:3671259">
              <Name>Kavarskas-Anykščiai</Name>
              <PrivateCode>5A</PrivateCode>
              <dayTypes>
                <DayTypeRef ref="VTR:DayType:1661"/>
              </dayTypes>
              <JourneyPatternRef version="3673811" ref="VTR:JourneyPattern:3671259"/>
              <OperatorRef ref="VTR:Operator:83950"/>
              <LineRef ref="VTR:Line:2205" version="9228"/>
              <passingTimes>
                <TimetabledPassingTime version="3673811" id="VTR:TimetabledPassingTime:3671259_126331699_1">
                  <StopPointInJourneyPatternRef ref="VTR:StopPointInJourneyPattern:126331699" version="3673811"/>
                  <DepartureTime>17:16:00</DepartureTime>
                  <DepartureDayOffset>0</DepartureDayOffset>
                </TimetabledPassingTime>
                <TimetabledPassingTime version="3673811" id="VTR:TimetabledPassingTime:3671259_126331700_2">
                  <StopPointInJourneyPatternRef ref="VTR:StopPointInJourneyPattern:126331700" version="3673811"/>
                  <DepartureTime>17:18:00</DepartureTime>
                  <DepartureDayOffset>0</DepartureDayOffset>
                </TimetabledPassingTime>
                <TimetabledPassingTime version="3673811" id="VTR:TimetabledPassingTime:3671259_126331701_3">
                  <StopPointInJourneyPatternRef ref="VTR:StopPointInJourneyPattern:126331701" version="3673811"/>
                  <DepartureTime>17:22:00</DepartureTime>
                  <DepartureDayOffset>0</DepartureDayOffset>
                </TimetabledPassingTime>
                <TimetabledPassingTime version="3673811" id="VTR:TimetabledPassingTime:3671259_126331702_4">
                  <StopPointInJourneyPatternRef ref="VTR:StopPointInJourneyPattern:126331702" version="3673811"/>
                  <DepartureTime>17:25:00</DepartureTime>
                  <DepartureDayOffset>0</DepartureDayOffset>
                </TimetabledPassingTime>
                <TimetabledPassingTime version="3673811" id="VTR:TimetabledPassingTime:3671259_126331703_5">
                  <StopPointInJourneyPatternRef ref="VTR:StopPointInJourneyPattern:126331703" version="3673811"/>
                  <DepartureTime>17:29:00</DepartureTime>
                  <DepartureDayOffset>0</DepartureDayOffset>
                </TimetabledPassingTime>
                <TimetabledPassingTime version="3673811" id="VTR:TimetabledPassingTime:3671259_126331704_6">
                  <StopPointInJourneyPatternRef ref="VTR:StopPointInJourneyPattern:126331704" version="3673811"/>
                  <DepartureTime>17:32:00</DepartureTime>
                  <DepartureDayOffset>0</DepartureDayOffset>
                </TimetabledPassingTime>
                <TimetabledPassingTime version="3673811" id="VTR:TimetabledPassingTime:3671259_126331706_8">
                  <StopPointInJourneyPatternRef ref="VTR:StopPointInJourneyPattern:126331706" version="3673811"/>
                  <DepartureTime>17:37:00</DepartureTime>
                  <DepartureDayOffset>0</DepartureDayOffset>
                </TimetabledPassingTime>
              </passingTimes>
            </ServiceJourney>
            <ServiceJourney version="3673808" id="VTR:ServiceJourney:3671256">
              <Name>Kavarskas-Anykščiai</Name>
              <PrivateCode>2A</PrivateCode>
              <dayTypes>
                <DayTypeRef ref="VTR:DayType:1661"/>
              </dayTypes>
              <JourneyPatternRef version="3673808" ref="VTR:JourneyPattern:3671256"/>
              <OperatorRef ref="VTR:Operator:83950"/>
              <LineRef ref="VTR:Line:2205" version="9228"/>
              <passingTimes>
                <TimetabledPassingTime version="3673808" id="VTR:TimetabledPassingTime:3671256_126331675_1">
                  <StopPointInJourneyPatternRef ref="VTR:StopPointInJourneyPattern:126331675" version="3673808"/>
                  <DepartureTime>10:40:00</DepartureTime>
                  <DepartureDayOffset>0</DepartureDayOffset>
                </TimetabledPassingTime>
                <TimetabledPassingTime version="3673808" id="VTR:TimetabledPassingTime:3671256_126331676_2">
                  <StopPointInJourneyPatternRef ref="VTR:StopPointInJourneyPattern:126331676" version="3673808"/>
                  <DepartureTime>10:44:00</DepartureTime>
                  <DepartureDayOffset>0</DepartureDayOffset>
                </TimetabledPassingTime>
                <TimetabledPassingTime version="3673808" id="VTR:TimetabledPassingTime:3671256_126331677_3">
                  <StopPointInJourneyPatternRef ref="VTR:StopPointInJourneyPattern:126331677" version="3673808"/>
                  <DepartureTime>10:46:00</DepartureTime>
                  <DepartureDayOffset>0</DepartureDayOffset>
                </TimetabledPassingTime>
                <TimetabledPassingTime version="3673808" id="VTR:TimetabledPassingTime:3671256_126331678_4">
                  <StopPointInJourneyPatternRef ref="VTR:StopPointInJourneyPattern:126331678" version="3673808"/>
                  <DepartureTime>10:50:00</DepartureTime>
                  <DepartureDayOffset>0</DepartureDayOffset>
                </TimetabledPassingTime>
                <TimetabledPassingTime version="3673808" id="VTR:TimetabledPassingTime:3671256_126331679_5">
                  <StopPointInJourneyPatternRef ref="VTR:StopPointInJourneyPattern:126331679" version="3673808"/>
                  <DepartureTime>10:53:00</DepartureTime>
                  <DepartureDayOffset>0</DepartureDayOffset>
                </TimetabledPassingTime>
                <TimetabledPassingTime version="3673808" id="VTR:TimetabledPassingTime:3671256_126331680_6">
                  <StopPointInJourneyPatternRef ref="VTR:StopPointInJourneyPattern:126331680" version="3673808"/>
                  <DepartureTime>10:55:00</DepartureTime>
                  <DepartureDayOffset>0</DepartureDayOffset>
                </TimetabledPassingTime>
                <TimetabledPassingTime version="3673808" id="VTR:TimetabledPassingTime:3671256_126331682_8">
                  <StopPointInJourneyPatternRef ref="VTR:StopPointInJourneyPattern:126331682" version="3673808"/>
                  <DepartureTime>11:00:00</DepartureTime>
                  <DepartureDayOffset>0</DepartureDayOffset>
                </TimetabledPassingTime>
              </passingTimes>
            </ServiceJourney>
            <ServiceJourney version="3673809" id="VTR:ServiceJourney:3671257">
              <Name>Kavarskas-Anykščiai</Name>
              <PrivateCode>3A</PrivateCode>
              <dayTypes>
                <DayTypeRef ref="VTR:DayType:1660"/>
              </dayTypes>
              <JourneyPatternRef version="3673809" ref="VTR:JourneyPattern:3671257"/>
              <OperatorRef ref="VTR:Operator:83950"/>
              <LineRef ref="VTR:Line:2205" version="9228"/>
              <passingTimes>
                <TimetabledPassingTime version="3673809" id="VTR:TimetabledPassingTime:3671257_126331683_1">
                  <StopPointInJourneyPatternRef ref="VTR:StopPointInJourneyPattern:126331683" version="3673809"/>
                  <DepartureTime>14:20:00</DepartureTime>
                  <DepartureDayOffset>0</DepartureDayOffset>
                </TimetabledPassingTime>
                <TimetabledPassingTime version="3673809" id="VTR:TimetabledPassingTime:3671257_126331684_2">
                  <StopPointInJourneyPatternRef ref="VTR:StopPointInJourneyPattern:126331684" version="3673809"/>
                  <DepartureTime>14:21:00</DepartureTime>
                  <DepartureDayOffset>0</DepartureDayOffset>
                </TimetabledPassingTime>
                <TimetabledPassingTime version="3673809" id="VTR:TimetabledPassingTime:3671257_126331685_3">
                  <StopPointInJourneyPatternRef ref="VTR:StopPointInJourneyPattern:126331685" version="3673809"/>
                  <DepartureTime>14:25:00</DepartureTime>
                  <DepartureDayOffset>0</DepartureDayOffset>
                </TimetabledPassingTime>
                <TimetabledPassingTime version="3673809" id="VTR:TimetabledPassingTime:3671257_126331686_4">
                  <StopPointInJourneyPatternRef ref="VTR:StopPointInJourneyPattern:126331686" version="3673809"/>
                  <DepartureTime>14:28:00</DepartureTime>
                  <DepartureDayOffset>0</DepartureDayOffset>
                </TimetabledPassingTime>
                <TimetabledPassingTime version="3673809" id="VTR:TimetabledPassingTime:3671257_126331687_5">
                  <StopPointInJourneyPatternRef ref="VTR:StopPointInJourneyPattern:126331687" version="3673809"/>
                  <DepartureTime>14:32:00</DepartureTime>
                  <DepartureDayOffset>0</DepartureDayOffset>
                </TimetabledPassingTime>
                <TimetabledPassingTime version="3673809" id="VTR:TimetabledPassingTime:3671257_126331688_6">
                  <StopPointInJourneyPatternRef ref="VTR:StopPointInJourneyPattern:126331688" version="3673809"/>
                  <DepartureTime>14:35:00</DepartureTime>
                  <DepartureDayOffset>0</DepartureDayOffset>
                </TimetabledPassingTime>
                <TimetabledPassingTime version="3673809" id="VTR:TimetabledPassingTime:3671257_126331690_8">
                  <StopPointInJourneyPatternRef ref="VTR:StopPointInJourneyPattern:126331690" version="3673809"/>
                  <DepartureTime>14:40:00</DepartureTime>
                  <DepartureDayOffset>0</DepartureDayOffset>
                </TimetabledPassingTime>
              </passingTimes>
            </ServiceJourney>
            <ServiceJourney version="3673807" id="VTR:ServiceJourney:3671255">
              <Name>Kavarskas-Anykščiai</Name>
              <PrivateCode>1A</PrivateCode>
              <dayTypes>
                <DayTypeRef ref="VTR:DayType:13012"/>
              </dayTypes>
              <JourneyPatternRef version="3673807" ref="VTR:JourneyPattern:3671255"/>
              <OperatorRef ref="VTR:Operator:83950"/>
              <LineRef ref="VTR:Line:2205" version="9228"/>
              <passingTimes>
                <TimetabledPassingTime version="3673807" id="VTR:TimetabledPassingTime:3671255_126331667_1">
                  <StopPointInJourneyPatternRef ref="VTR:StopPointInJourneyPattern:126331667" version="3673807"/>
                  <DepartureTime>09:00:00</DepartureTime>
                  <DepartureDayOffset>0</DepartureDayOffset>
                </TimetabledPassingTime>
                <TimetabledPassingTime version="3673807" id="VTR:TimetabledPassingTime:3671255_126331668_2">
                  <StopPointInJourneyPatternRef ref="VTR:StopPointInJourneyPattern:126331668" version="3673807"/>
                  <DepartureTime>09:03:00</DepartureTime>
                  <DepartureDayOffset>0</DepartureDayOffset>
                </TimetabledPassingTime>
                <TimetabledPassingTime version="3673807" id="VTR:TimetabledPassingTime:3671255_126331669_3">
                  <StopPointInJourneyPatternRef ref="VTR:StopPointInJourneyPattern:126331669" version="3673807"/>
                  <DepartureTime>09:05:00</DepartureTime>
                  <DepartureDayOffset>0</DepartureDayOffset>
                </TimetabledPassingTime>
                <TimetabledPassingTime version="3673807" id="VTR:TimetabledPassingTime:3671255_126331670_4">
                  <StopPointInJourneyPatternRef ref="VTR:StopPointInJourneyPattern:126331670" version="3673807"/>
                  <DepartureTime>09:08:00</DepartureTime>
                  <DepartureDayOffset>0</DepartureDayOffset>
                </TimetabledPassingTime>
                <TimetabledPassingTime version="3673807" id="VTR:TimetabledPassingTime:3671255_126331671_5">
                  <StopPointInJourneyPatternRef ref="VTR:StopPointInJourneyPattern:126331671" version="3673807"/>
                  <DepartureTime>09:10:00</DepartureTime>
                  <DepartureDayOffset>0</DepartureDayOffset>
                </TimetabledPassingTime>
                <TimetabledPassingTime version="3673807" id="VTR:TimetabledPassingTime:3671255_126331672_6">
                  <StopPointInJourneyPatternRef ref="VTR:StopPointInJourneyPattern:126331672" version="3673807"/>
                  <DepartureTime>09:18:00</DepartureTime>
                  <DepartureDayOffset>0</DepartureDayOffset>
                </TimetabledPassingTime>
                <TimetabledPassingTime version="3673807" id="VTR:TimetabledPassingTime:3671255_126331674_8">
                  <StopPointInJourneyPatternRef ref="VTR:StopPointInJourneyPattern:126331674" version="3673807"/>
                  <DepartureTime>09:20:00</DepartureTime>
                  <DepartureDayOffset>0</DepartureDayOffset>
                </TimetabledPassingTime>
              </passingTimes>
            </ServiceJourney>
          </vehicleJourneys>
        </TimetableFrame>
        <ResourceFrame version="1" id="VTR:ResourceFrame:1358">
          <organisations>
            <Authority version="1" id="VTR:Authority:49">
              <CompanyNumber>34</CompanyNumber>
              <Name>Anykščių r. sav.</Name>
              <LegalName>Anykščių r. sav.</LegalName>
              <ContactDetails>
                <Email>info@anyksciai.lt</Email>
                <Phone>838142350</Phone>
                <Url>www.anyksciai.lt</Url>
              </ContactDetails>
              <OrganisationType>authority</OrganisationType>
            </Authority>
          </organisations>
        </ResourceFrame>
      </frames>
    </CompositeFrame>
  </dataObjects>
</PublicationDelivery>
