<?xml version="1.0" encoding="UTF-8"?><PublicationDelivery xmlns="http://www.netex.org.uk/netex" xmlns:gis="http://www.opengis.net/gml/3.2" xmlns:ns2="http://www.opengis.net/gml/3.2" xmlns:ns3="http://www.siri.org.uk/siri" xmlns:xsi="http://www.w3.org/2001/XMLSchema-instance" version="1" xsi:schemaLocation="">
  <PublicationTimestamp>2022-05-07T01:25:00.311</PublicationTimestamp>
  <ParticipantRef>VTR</ParticipantRef>
  <Description>1</Description>
  <dataObjects>
    <CompositeFrame created="2022-05-07T01:25:00.311" version="1" id="VTR:CompositeFrame:1358">
      <validityConditions>
        <AvailabilityCondition version="1" id="VTR:AvailabilityCondition:1358">
          <FromDate>2018-01-01T00:00:00</FromDate>
          <ToDate>2024-12-31T00:00:00</ToDate>
        </AvailabilityCondition>
      </validityConditions>
      <codespaces>
        <Codespace id="vtr">
          <Xmlns>VTR</Xmlns>
          <XmlnsUrl>http://www.visimarsrutai.lt/</XmlnsUrl>
        </Codespace>
      </codespaces>
      <FrameDefaults>
        <DefaultLocale>
          <TimeZone>Europe/Vilnius</TimeZone>
        </DefaultLocale>
        <DefaultLocationSystem>WGS84</DefaultLocationSystem>
      </FrameDefaults>
      <frames>
        <ServiceCalendarFrame version="1" id="VTR:ServiceCalendarFrame:1358">
          <dayTypes>
            <DayType id="VTR:DayType:9098" version="1">
              <properties>
                <PropertyOfDay>
                  <DaysOfWeek>Tuesday</DaysOfWeek>
                </PropertyOfDay>
              </properties>
            </DayType>
          </dayTypes>
          <operatingPeriods>
            <OperatingPeriod version="1" id="VTR:OperatingPeriod:9098">
              <FromDate>2018-01-01T00:00:00</FromDate>
              <ToDate>2024-12-31T00:00:00</ToDate>
            </OperatingPeriod>
          </operatingPeriods>
          <dayTypeAssignments>
            <DayTypeAssignment id="VTR:DayTypeAssignment:9098_0" version="1" order="3726">
              <OperatingPeriodRef ref="VTR:OperatingPeriod:9098" version="1"/>
              <DayTypeRef ref="VTR:DayType:9098" version="1"/>
            </DayTypeAssignment>
          </dayTypeAssignments>
        </ServiceCalendarFrame>
        <ServiceFrame id="VTR:ServiceFrame:1358" version="1">
          <Network version="0" id="VTR:Network:49"/>
          <routePoints>
            <RoutePoint version="1" id="VTR:RoutePoint:1101980">
              <projections>
                <PointProjection version="1" id="VTR:PointProjection:3198">
                  <ProjectedPointRef ref="VTR:ScheduledStopPoint:1101980" version="1"/>
                </PointProjection>
              </projections>
            </RoutePoint>
            <RoutePoint version="1" id="VTR:RoutePoint:1101981">
              <projections>
                <PointProjection version="1" id="VTR:PointProjection:3199">
                  <ProjectedPointRef ref="VTR:ScheduledStopPoint:1101981" version="1"/>
                </PointProjection>
              </projections>
            </RoutePoint>
            <RoutePoint version="1" id="VTR:RoutePoint:1102027">
              <projections>
                <PointProjection version="1" id="VTR:PointProjection:54182">
                  <ProjectedPointRef ref="VTR:ScheduledStopPoint:1102027" version="1"/>
                </PointProjection>
              </projections>
            </RoutePoint>
            <RoutePoint version="1" id="VTR:RoutePoint:1102028">
              <projections>
                <PointProjection version="1" id="VTR:PointProjection:54183">
                  <ProjectedPointRef ref="VTR:ScheduledStopPoint:1102028" version="1"/>
                </PointProjection>
              </projections>
            </RoutePoint>
            <RoutePoint version="1" id="VTR:RoutePoint:1102029">
              <projections>
                <PointProjection version="1" id="VTR:PointProjection:54184">
                  <ProjectedPointRef ref="VTR:ScheduledStopPoint:1102029" version="1"/>
                </PointProjection>
              </projections>
            </RoutePoint>
            <RoutePoint version="1" id="VTR:RoutePoint:1102030">
              <projections>
                <PointProjection version="1" id="VTR:PointProjection:54185">
                  <ProjectedPointRef ref="VTR:ScheduledStopPoint:1102030" version="1"/>
                </PointProjection>
              </projections>
            </RoutePoint>
            <RoutePoint version="1" id="VTR:RoutePoint:1102031">
              <projections>
                <PointProjection version="1" id="VTR:PointProjection:54186">
                  <ProjectedPointRef ref="VTR:ScheduledStopPoint:1102031" version="1"/>
                </PointProjection>
              </projections>
            </RoutePoint>
            <RoutePoint version="1" id="VTR:RoutePoint:1102032">
              <projections>
                <PointProjection version="1" id="VTR:PointProjection:54187">
                  <ProjectedPointRef ref="VTR:ScheduledStopPoint:1102032" version="1"/>
                </PointProjection>
              </projections>
            </RoutePoint>
            <RoutePoint version="1" id="VTR:RoutePoint:1102033">
              <projections>
                <PointProjection version="1" id="VTR:PointProjection:54188">
                  <ProjectedPointRef ref="VTR:ScheduledStopPoint:1102033" version="1"/>
                </PointProjection>
              </projections>
            </RoutePoint>
            <RoutePoint version="1" id="VTR:RoutePoint:1102034">
              <projections>
                <PointProjection version="1" id="VTR:PointProjection:54189">
                  <ProjectedPointRef ref="VTR:ScheduledStopPoint:1102034" version="1"/>
                </PointProjection>
              </projections>
            </RoutePoint>
            <RoutePoint version="1" id="VTR:RoutePoint:1102035">
              <projections>
                <PointProjection version="1" id="VTR:PointProjection:54190">
                  <ProjectedPointRef ref="VTR:ScheduledStopPoint:1102035" version="1"/>
                </PointProjection>
              </projections>
            </RoutePoint>
            <RoutePoint version="1" id="VTR:RoutePoint:1134416">
              <projections>
                <PointProjection version="1" id="VTR:PointProjection:58188">
                  <ProjectedPointRef ref="VTR:ScheduledStopPoint:1134416" version="1"/>
                </PointProjection>
              </projections>
            </RoutePoint>
            <RoutePoint version="1" id="VTR:RoutePoint:1134417">
              <projections>
                <PointProjection version="1" id="VTR:PointProjection:57395">
                  <ProjectedPointRef ref="VTR:ScheduledStopPoint:1134417" version="1"/>
                </PointProjection>
              </projections>
            </RoutePoint>
            <RoutePoint version="1" id="VTR:RoutePoint:1134418">
              <projections>
                <PointProjection version="1" id="VTR:PointProjection:57396">
                  <ProjectedPointRef ref="VTR:ScheduledStopPoint:1134418" version="1"/>
                </PointProjection>
              </projections>
            </RoutePoint>
            <RoutePoint version="1" id="VTR:RoutePoint:1134419">
              <projections>
                <PointProjection version="1" id="VTR:PointProjection:57397">
                  <ProjectedPointRef ref="VTR:ScheduledStopPoint:1134419" version="1"/>
                </PointProjection>
              </projections>
            </RoutePoint>
            <RoutePoint version="1" id="VTR:RoutePoint:1134420">
              <projections>
                <PointProjection version="1" id="VTR:PointProjection:57398">
                  <ProjectedPointRef ref="VTR:ScheduledStopPoint:1134420" version="1"/>
                </PointProjection>
              </projections>
            </RoutePoint>
            <RoutePoint version="1" id="VTR:RoutePoint:1134421">
              <projections>
                <PointProjection version="1" id="VTR:PointProjection:57399">
                  <ProjectedPointRef ref="VTR:ScheduledStopPoint:1134421" version="1"/>
                </PointProjection>
              </projections>
            </RoutePoint>
            <RoutePoint version="1" id="VTR:RoutePoint:1134422">
              <projections>
                <PointProjection version="1" id="VTR:PointProjection:57400">
                  <ProjectedPointRef ref="VTR:ScheduledStopPoint:1134422" version="1"/>
                </PointProjection>
              </projections>
            </RoutePoint>
            <RoutePoint version="1" id="VTR:RoutePoint:1134423">
              <projections>
                <PointProjection version="1" id="VTR:PointProjection:57401">
                  <ProjectedPointRef ref="VTR:ScheduledStopPoint:1134423" version="1"/>
                </PointProjection>
              </projections>
            </RoutePoint>
            <RoutePoint version="1" id="VTR:RoutePoint:1134424">
              <projections>
                <PointProjection version="1" id="VTR:PointProjection:57402">
                  <ProjectedPointRef ref="VTR:ScheduledStopPoint:1134424" version="1"/>
                </PointProjection>
              </projections>
            </RoutePoint>
            <RoutePoint version="1" id="VTR:RoutePoint:1134425">
              <projections>
                <PointProjection version="1" id="VTR:PointProjection:57403">
                  <ProjectedPointRef ref="VTR:ScheduledStopPoint:1134425" version="1"/>
                </PointProjection>
              </projections>
            </RoutePoint>
            <RoutePoint version="1" id="VTR:RoutePoint:1134426">
              <projections>
                <PointProjection version="1" id="VTR:PointProjection:57404">
                  <ProjectedPointRef ref="VTR:ScheduledStopPoint:1134426" version="1"/>
                </PointProjection>
              </projections>
            </RoutePoint>
            <RoutePoint version="1" id="VTR:RoutePoint:1134427">
              <projections>
                <PointProjection version="1" id="VTR:PointProjection:57405">
                  <ProjectedPointRef ref="VTR:ScheduledStopPoint:1134427" version="1"/>
                </PointProjection>
              </projections>
            </RoutePoint>
            <RoutePoint version="1" id="VTR:RoutePoint:1134428">
              <projections>
                <PointProjection version="1" id="VTR:PointProjection:57406">
                  <ProjectedPointRef ref="VTR:ScheduledStopPoint:1134428" version="1"/>
                </PointProjection>
              </projections>
            </RoutePoint>
          </routePoints>
          <routes>
            <Route version="1" id="VTR:Route:15331">
              <Name>Mikieriai - AnyškščiaI</Name>
              <ShortName>Mikieriai - AnyškščiaI</ShortName>
              <LineRef ref="VTR:Line:5605" version="6851"/>
              <DirectionType>inbound</DirectionType>
              <pointsInSequence>
                <PointOnRoute version="1" id="VTR:PointOnRoute:1134417" order="1">
                  <RoutePointRef ref="VTR:RoutePoint:1134417"/>
                </PointOnRoute>
                <PointOnRoute version="1" id="VTR:PointOnRoute:1134418" order="2">
                  <RoutePointRef ref="VTR:RoutePoint:1134418"/>
                </PointOnRoute>
                <PointOnRoute version="1" id="VTR:PointOnRoute:1134419" order="3">
                  <RoutePointRef ref="VTR:RoutePoint:1134419"/>
                </PointOnRoute>
                <PointOnRoute version="1" id="VTR:PointOnRoute:1134420" order="4">
                  <RoutePointRef ref="VTR:RoutePoint:1134420"/>
                </PointOnRoute>
                <PointOnRoute version="1" id="VTR:PointOnRoute:1134421" order="5">
                  <RoutePointRef ref="VTR:RoutePoint:1134421"/>
                </PointOnRoute>
                <PointOnRoute version="1" id="VTR:PointOnRoute:1134422" order="6">
                  <RoutePointRef ref="VTR:RoutePoint:1134422"/>
                </PointOnRoute>
                <PointOnRoute version="1" id="VTR:PointOnRoute:1134423" order="7">
                  <RoutePointRef ref="VTR:RoutePoint:1134423"/>
                </PointOnRoute>
                <PointOnRoute version="1" id="VTR:PointOnRoute:1134424" order="8">
                  <RoutePointRef ref="VTR:RoutePoint:1134424"/>
                </PointOnRoute>
                <PointOnRoute version="1" id="VTR:PointOnRoute:1134425" order="9">
                  <RoutePointRef ref="VTR:RoutePoint:1134425"/>
                </PointOnRoute>
                <PointOnRoute version="1" id="VTR:PointOnRoute:1134426" order="10">
                  <RoutePointRef ref="VTR:RoutePoint:1134426"/>
                </PointOnRoute>
                <PointOnRoute version="1" id="VTR:PointOnRoute:1134427" order="11">
                  <RoutePointRef ref="VTR:RoutePoint:1134427"/>
                </PointOnRoute>
                <PointOnRoute version="1" id="VTR:PointOnRoute:1134428" order="12">
                  <RoutePointRef ref="VTR:RoutePoint:1134428"/>
                </PointOnRoute>
              </pointsInSequence>
            </Route>
            <Route version="1" id="VTR:Route:15330">
              <Name>Anykščiai - Mikieriai</Name>
              <ShortName>Anykščiai - Mikieriai</ShortName>
              <LineRef ref="VTR:Line:5605" version="6851"/>
              <DirectionType>outbound</DirectionType>
              <pointsInSequence>
                <PointOnRoute version="1" id="VTR:PointOnRoute:1101980" order="1">
                  <RoutePointRef ref="VTR:RoutePoint:1101980"/>
                </PointOnRoute>
                <PointOnRoute version="1" id="VTR:PointOnRoute:1102027" order="2">
                  <RoutePointRef ref="VTR:RoutePoint:1102027"/>
                </PointOnRoute>
                <PointOnRoute version="1" id="VTR:PointOnRoute:1102028" order="3">
                  <RoutePointRef ref="VTR:RoutePoint:1102028"/>
                </PointOnRoute>
                <PointOnRoute version="1" id="VTR:PointOnRoute:1102029" order="4">
                  <RoutePointRef ref="VTR:RoutePoint:1102029"/>
                </PointOnRoute>
                <PointOnRoute version="1" id="VTR:PointOnRoute:1102030" order="5">
                  <RoutePointRef ref="VTR:RoutePoint:1102030"/>
                </PointOnRoute>
                <PointOnRoute version="1" id="VTR:PointOnRoute:1102031" order="6">
                  <RoutePointRef ref="VTR:RoutePoint:1102031"/>
                </PointOnRoute>
                <PointOnRoute version="1" id="VTR:PointOnRoute:1102032" order="7">
                  <RoutePointRef ref="VTR:RoutePoint:1102032"/>
                </PointOnRoute>
                <PointOnRoute version="1" id="VTR:PointOnRoute:1102033" order="8">
                  <RoutePointRef ref="VTR:RoutePoint:1102033"/>
                </PointOnRoute>
                <PointOnRoute version="1" id="VTR:PointOnRoute:1102034" order="9">
                  <RoutePointRef ref="VTR:RoutePoint:1102034"/>
                </PointOnRoute>
                <PointOnRoute version="1" id="VTR:PointOnRoute:1102035" order="10">
                  <RoutePointRef ref="VTR:RoutePoint:1102035"/>
                </PointOnRoute>
                <PointOnRoute version="1" id="VTR:PointOnRoute:1134416" order="11">
                  <RoutePointRef ref="VTR:RoutePoint:1134416"/>
                </PointOnRoute>
                <PointOnRoute version="1" id="VTR:PointOnRoute:1101981" order="12">
                  <RoutePointRef ref="VTR:RoutePoint:1101981"/>
                </PointOnRoute>
              </pointsInSequence>
            </Route>
          </routes>
          <lines>
            <Line version="6851" id="VTR:Line:5605">
              <Name>Anykščiai - Mikieriai per Andrioniškį</Name>
              <TransportMode>bus</TransportMode>
              <TransportSubmode>
                <BusSubmode>regionalBus</BusSubmode>
              </TransportSubmode>
              <PublicCode>M36</PublicCode>
              <OperatorRef ref="VTR:Operator:49"/>
            </Line>
          </lines>
          <scheduledStopPoints>
            <ScheduledStopPoint version="1" id="VTR:ScheduledStopPoint:1101980">
              <Name>Anykščių autobusų stotis</Name>
            </ScheduledStopPoint>
            <ScheduledStopPoint version="1" id="VTR:ScheduledStopPoint:1101981">
              <Name>Mikieriai</Name>
            </ScheduledStopPoint>
            <ScheduledStopPoint version="1" id="VTR:ScheduledStopPoint:1102027">
              <Name>Vėjeliškiai</Name>
            </ScheduledStopPoint>
            <ScheduledStopPoint version="1" id="VTR:ScheduledStopPoint:1102028">
              <Name>Vikonys</Name>
            </ScheduledStopPoint>
            <ScheduledStopPoint version="1" id="VTR:ScheduledStopPoint:1102029">
              <Name>Pagojė</Name>
            </ScheduledStopPoint>
            <ScheduledStopPoint version="1" id="VTR:ScheduledStopPoint:1102030">
              <Name>Latava</Name>
            </ScheduledStopPoint>
            <ScheduledStopPoint version="1" id="VTR:ScheduledStopPoint:1102031">
              <Name>Moksleivių</Name>
            </ScheduledStopPoint>
            <ScheduledStopPoint version="1" id="VTR:ScheduledStopPoint:1102032">
              <Name>Andrioniškis</Name>
            </ScheduledStopPoint>
            <ScheduledStopPoint version="1" id="VTR:ScheduledStopPoint:1102033">
              <Name>Arlavietė</Name>
            </ScheduledStopPoint>
            <ScheduledStopPoint version="1" id="VTR:ScheduledStopPoint:1102034">
              <Name>Griežioniškiai</Name>
            </ScheduledStopPoint>
            <ScheduledStopPoint version="1" id="VTR:ScheduledStopPoint:1102035">
              <Name>Sedeikiai</Name>
            </ScheduledStopPoint>
            <ScheduledStopPoint version="1" id="VTR:ScheduledStopPoint:1134416">
              <Name>Plykiškės</Name>
            </ScheduledStopPoint>
            <ScheduledStopPoint version="1" id="VTR:ScheduledStopPoint:1134417">
              <Name>Mikieriai</Name>
            </ScheduledStopPoint>
            <ScheduledStopPoint version="1" id="VTR:ScheduledStopPoint:1134418">
              <Name>Plykiškės</Name>
            </ScheduledStopPoint>
            <ScheduledStopPoint version="1" id="VTR:ScheduledStopPoint:1134419">
              <Name>Sedeikiai</Name>
            </ScheduledStopPoint>
            <ScheduledStopPoint version="1" id="VTR:ScheduledStopPoint:1134420">
              <Name>Griežioniškiai</Name>
            </ScheduledStopPoint>
            <ScheduledStopPoint version="1" id="VTR:ScheduledStopPoint:1134421">
              <Name>Arlavietė</Name>
            </ScheduledStopPoint>
            <ScheduledStopPoint version="1" id="VTR:ScheduledStopPoint:1134422">
              <Name>Andrioniškis</Name>
            </ScheduledStopPoint>
            <ScheduledStopPoint version="1" id="VTR:ScheduledStopPoint:1134423">
              <Name>Moksleivių</Name>
            </ScheduledStopPoint>
            <ScheduledStopPoint version="1" id="VTR:ScheduledStopPoint:1134424">
              <Name>Latava</Name>
            </ScheduledStopPoint>
            <ScheduledStopPoint version="1" id="VTR:ScheduledStopPoint:1134425">
              <Name>Pagojė</Name>
            </ScheduledStopPoint>
            <ScheduledStopPoint version="1" id="VTR:ScheduledStopPoint:1134426">
              <Name>Vikonys</Name>
            </ScheduledStopPoint>
            <ScheduledStopPoint version="1" id="VTR:ScheduledStopPoint:1134427">
              <Name>Vėjeliškiai</Name>
            </ScheduledStopPoint>
            <ScheduledStopPoint version="1" id="VTR:ScheduledStopPoint:1134428">
              <Name>Anykščių autobusų stotis</Name>
            </ScheduledStopPoint>
          </scheduledStopPoints>
          <serviceLinks>
            <ServiceLink id="VTR:ServiceLink:1102030_1_1102031_1" version="1">
              <Distance>0</Distance>
              <FromPointRef ref="VTR:ScheduledStopPoint:1102030" version="1"/>
              <ToPointRef ref="VTR:ScheduledStopPoint:1102031" version="1"/>
            </ServiceLink>
            <ServiceLink id="VTR:ServiceLink:1134425_1_1134426_1" version="1">
              <Distance>1</Distance>
              <FromPointRef ref="VTR:ScheduledStopPoint:1134425" version="1"/>
              <ToPointRef ref="VTR:ScheduledStopPoint:1134426" version="1"/>
            </ServiceLink>
            <ServiceLink id="VTR:ServiceLink:1102029_1_1102030_1" version="1">
              <Distance>1</Distance>
              <FromPointRef ref="VTR:ScheduledStopPoint:1102029" version="1"/>
              <ToPointRef ref="VTR:ScheduledStopPoint:1102030" version="1"/>
            </ServiceLink>
            <ServiceLink id="VTR:ServiceLink:1134427_1_1134428_1" version="1">
              <Distance>1</Distance>
              <FromPointRef ref="VTR:ScheduledStopPoint:1134427" version="1"/>
              <ToPointRef ref="VTR:ScheduledStopPoint:1134428" version="1"/>
            </ServiceLink>
            <ServiceLink id="VTR:ServiceLink:1134421_1_1134422_1" version="1">
              <Distance>3</Distance>
              <FromPointRef ref="VTR:ScheduledStopPoint:1134421" version="1"/>
              <ToPointRef ref="VTR:ScheduledStopPoint:1134422" version="1"/>
            </ServiceLink>
            <ServiceLink id="VTR:ServiceLink:1102032_1_1102033_1" version="1">
              <Distance>3</Distance>
              <FromPointRef ref="VTR:ScheduledStopPoint:1102032" version="1"/>
              <ToPointRef ref="VTR:ScheduledStopPoint:1102033" version="1"/>
            </ServiceLink>
            <ServiceLink id="VTR:ServiceLink:1134426_1_1134427_1" version="1">
              <Distance>2</Distance>
              <FromPointRef ref="VTR:ScheduledStopPoint:1134426" version="1"/>
              <ToPointRef ref="VTR:ScheduledStopPoint:1134427" version="1"/>
            </ServiceLink>
            <ServiceLink id="VTR:ServiceLink:1101980_1_1102027_1" version="1">
              <Distance>1</Distance>
              <FromPointRef ref="VTR:ScheduledStopPoint:1101980" version="1"/>
              <ToPointRef ref="VTR:ScheduledStopPoint:1102027" version="1"/>
            </ServiceLink>
            <ServiceLink id="VTR:ServiceLink:1134417_1_1134418_1" version="1">
              <Distance>1</Distance>
              <FromPointRef ref="VTR:ScheduledStopPoint:1134417" version="1"/>
              <ToPointRef ref="VTR:ScheduledStopPoint:1134418" version="1"/>
            </ServiceLink>
            <ServiceLink id="VTR:ServiceLink:1134422_1_1134423_1" version="1">
              <Distance>2</Distance>
              <FromPointRef ref="VTR:ScheduledStopPoint:1134422" version="1"/>
              <ToPointRef ref="VTR:ScheduledStopPoint:1134423" version="1"/>
            </ServiceLink>
            <ServiceLink id="VTR:ServiceLink:1102034_1_1102035_1" version="1">
              <Distance>1</Distance>
              <FromPointRef ref="VTR:ScheduledStopPoint:1102034" version="1"/>
              <ToPointRef ref="VTR:ScheduledStopPoint:1102035" version="1"/>
            </ServiceLink>
            <ServiceLink id="VTR:ServiceLink:1134424_1_1134425_1" version="1">
              <Distance>1</Distance>
              <FromPointRef ref="VTR:ScheduledStopPoint:1134424" version="1"/>
              <ToPointRef ref="VTR:ScheduledStopPoint:1134425" version="1"/>
            </ServiceLink>
            <ServiceLink id="VTR:ServiceLink:1134416_1_1101981_1" version="1">
              <Distance>1</Distance>
              <FromPointRef ref="VTR:ScheduledStopPoint:1134416" version="1"/>
              <ToPointRef ref="VTR:ScheduledStopPoint:1101981" version="1"/>
            </ServiceLink>
            <ServiceLink id="VTR:ServiceLink:1102035_1_1134416_1" version="1">
              <Distance>4</Distance>
              <FromPointRef ref="VTR:ScheduledStopPoint:1102035" version="1"/>
              <ToPointRef ref="VTR:ScheduledStopPoint:1134416" version="1"/>
            </ServiceLink>
            <ServiceLink id="VTR:ServiceLink:1102028_1_1102029_1" version="1">
              <Distance>1</Distance>
              <FromPointRef ref="VTR:ScheduledStopPoint:1102028" version="1"/>
              <ToPointRef ref="VTR:ScheduledStopPoint:1102029" version="1"/>
            </ServiceLink>
            <ServiceLink id="VTR:ServiceLink:1102033_1_1102034_1" version="1">
              <Distance>1</Distance>
              <FromPointRef ref="VTR:ScheduledStopPoint:1102033" version="1"/>
              <ToPointRef ref="VTR:ScheduledStopPoint:1102034" version="1"/>
            </ServiceLink>
            <ServiceLink id="VTR:ServiceLink:1134423_1_1134424_1" version="1">
              <Distance>0</Distance>
              <FromPointRef ref="VTR:ScheduledStopPoint:1134423" version="1"/>
              <ToPointRef ref="VTR:ScheduledStopPoint:1134424" version="1"/>
            </ServiceLink>
            <ServiceLink id="VTR:ServiceLink:1102031_1_1102032_1" version="1">
              <Distance>2</Distance>
              <FromPointRef ref="VTR:ScheduledStopPoint:1102031" version="1"/>
              <ToPointRef ref="VTR:ScheduledStopPoint:1102032" version="1"/>
            </ServiceLink>
            <ServiceLink id="VTR:ServiceLink:1102027_1_1102028_1" version="1">
              <Distance>2</Distance>
              <FromPointRef ref="VTR:ScheduledStopPoint:1102027" version="1"/>
              <ToPointRef ref="VTR:ScheduledStopPoint:1102028" version="1"/>
            </ServiceLink>
            <ServiceLink id="VTR:ServiceLink:1134420_1_1134421_1" version="1">
              <Distance>1</Distance>
              <FromPointRef ref="VTR:ScheduledStopPoint:1134420" version="1"/>
              <ToPointRef ref="VTR:ScheduledStopPoint:1134421" version="1"/>
            </ServiceLink>
            <ServiceLink id="VTR:ServiceLink:1134419_1_1134420_1" version="1">
              <Distance>1</Distance>
              <FromPointRef ref="VTR:ScheduledStopPoint:1134419" version="1"/>
              <ToPointRef ref="VTR:ScheduledStopPoint:1134420" version="1"/>
            </ServiceLink>
            <ServiceLink id="VTR:ServiceLink:1134418_1_1134419_1" version="1">
              <Distance>4</Distance>
              <FromPointRef ref="VTR:ScheduledStopPoint:1134418" version="1"/>
              <ToPointRef ref="VTR:ScheduledStopPoint:1134419" version="1"/>
            </ServiceLink>
          </serviceLinks>
          <stopAssignments>
            <PassengerStopAssignment order="1533000000" id="VTR:PassengerStopAssignment:1101980" version="1">
              <ScheduledStopPointRef ref="VTR:ScheduledStopPoint:1101980" version="1"/>
              <QuayRef ref="VTR:Quay:19484"/>
            </PassengerStopAssignment>
            <PassengerStopAssignment order="1533000001" id="VTR:PassengerStopAssignment:1102027" version="1">
              <ScheduledStopPointRef ref="VTR:ScheduledStopPoint:1102027" version="1"/>
              <QuayRef ref="VTR:Quay:29654"/>
            </PassengerStopAssignment>
            <PassengerStopAssignment order="1533000002" id="VTR:PassengerStopAssignment:1102028" version="1">
              <ScheduledStopPointRef ref="VTR:ScheduledStopPoint:1102028" version="1"/>
              <QuayRef ref="VTR:Quay:7429"/>
            </PassengerStopAssignment>
            <PassengerStopAssignment order="1533000003" id="VTR:PassengerStopAssignment:1102029" version="1">
              <ScheduledStopPointRef ref="VTR:ScheduledStopPoint:1102029" version="1"/>
              <QuayRef ref="VTR:Quay:13280"/>
            </PassengerStopAssignment>
            <PassengerStopAssignment order="1533000004" id="VTR:PassengerStopAssignment:1102030" version="1">
              <ScheduledStopPointRef ref="VTR:ScheduledStopPoint:1102030" version="1"/>
              <QuayRef ref="VTR:Quay:7394"/>
            </PassengerStopAssignment>
            <PassengerStopAssignment order="1533000005" id="VTR:PassengerStopAssignment:1102031" version="1">
              <ScheduledStopPointRef ref="VTR:ScheduledStopPoint:1102031" version="1"/>
              <QuayRef ref="VTR:Quay:7450"/>
            </PassengerStopAssignment>
            <PassengerStopAssignment order="1533000006" id="VTR:PassengerStopAssignment:1102032" version="1">
              <ScheduledStopPointRef ref="VTR:ScheduledStopPoint:1102032" version="1"/>
              <QuayRef ref="VTR:Quay:13367"/>
            </PassengerStopAssignment>
            <PassengerStopAssignment order="1533000007" id="VTR:PassengerStopAssignment:1102033" version="1">
              <ScheduledStopPointRef ref="VTR:ScheduledStopPoint:1102033" version="1"/>
              <QuayRef ref="VTR:Quay:12348"/>
            </PassengerStopAssignment>
            <PassengerStopAssignment order="1533000008" id="VTR:PassengerStopAssignment:1102034" version="1">
              <ScheduledStopPointRef ref="VTR:ScheduledStopPoint:1102034" version="1"/>
              <QuayRef ref="VTR:Quay:31720"/>
            </PassengerStopAssignment>
            <PassengerStopAssignment order="1533000009" id="VTR:PassengerStopAssignment:1102035" version="1">
              <ScheduledStopPointRef ref="VTR:ScheduledStopPoint:1102035" version="1"/>
              <QuayRef ref="VTR:Quay:15382"/>
            </PassengerStopAssignment>
            <PassengerStopAssignment order="1533000010" id="VTR:PassengerStopAssignment:1134416" version="1">
              <ScheduledStopPointRef ref="VTR:ScheduledStopPoint:1134416" version="1"/>
              <QuayRef ref="VTR:Quay:6954"/>
            </PassengerStopAssignment>
            <PassengerStopAssignment order="1533000011" id="VTR:PassengerStopAssignment:1101981" version="1">
              <ScheduledStopPointRef ref="VTR:ScheduledStopPoint:1101981" version="1"/>
              <QuayRef ref="VTR:Quay:6964"/>
            </PassengerStopAssignment>
            <PassengerStopAssignment order="1533100000" id="VTR:PassengerStopAssignment:1134417" version="1">
              <ScheduledStopPointRef ref="VTR:ScheduledStopPoint:1134417" version="1"/>
              <QuayRef ref="VTR:Quay:6964"/>
            </PassengerStopAssignment>
            <PassengerStopAssignment order="1533100001" id="VTR:PassengerStopAssignment:1134418" version="1">
              <ScheduledStopPointRef ref="VTR:ScheduledStopPoint:1134418" version="1"/>
              <QuayRef ref="VTR:Quay:6954"/>
            </PassengerStopAssignment>
            <PassengerStopAssignment order="1533100002" id="VTR:PassengerStopAssignment:1134419" version="1">
              <ScheduledStopPointRef ref="VTR:ScheduledStopPoint:1134419" version="1"/>
              <QuayRef ref="VTR:Quay:15382"/>
            </PassengerStopAssignment>
            <PassengerStopAssignment order="1533100003" id="VTR:PassengerStopAssignment:1134420" version="1">
              <ScheduledStopPointRef ref="VTR:ScheduledStopPoint:1134420" version="1"/>
              <QuayRef ref="VTR:Quay:31720"/>
            </PassengerStopAssignment>
            <PassengerStopAssignment order="1533100004" id="VTR:PassengerStopAssignment:1134421" version="1">
              <ScheduledStopPointRef ref="VTR:ScheduledStopPoint:1134421" version="1"/>
              <QuayRef ref="VTR:Quay:12348"/>
            </PassengerStopAssignment>
            <PassengerStopAssignment order="1533100005" id="VTR:PassengerStopAssignment:1134422" version="1">
              <ScheduledStopPointRef ref="VTR:ScheduledStopPoint:1134422" version="1"/>
              <QuayRef ref="VTR:Quay:13367"/>
            </PassengerStopAssignment>
            <PassengerStopAssignment order="1533100006" id="VTR:PassengerStopAssignment:1134423" version="1">
              <ScheduledStopPointRef ref="VTR:ScheduledStopPoint:1134423" version="1"/>
              <QuayRef ref="VTR:Quay:7450"/>
            </PassengerStopAssignment>
            <PassengerStopAssignment order="1533100007" id="VTR:PassengerStopAssignment:1134424" version="1">
              <ScheduledStopPointRef ref="VTR:ScheduledStopPoint:1134424" version="1"/>
              <QuayRef ref="VTR:Quay:7394"/>
            </PassengerStopAssignment>
            <PassengerStopAssignment order="1533100008" id="VTR:PassengerStopAssignment:1134425" version="1">
              <ScheduledStopPointRef ref="VTR:ScheduledStopPoint:1134425" version="1"/>
              <QuayRef ref="VTR:Quay:13280"/>
            </PassengerStopAssignment>
            <PassengerStopAssignment order="1533100009" id="VTR:PassengerStopAssignment:1134426" version="1">
              <ScheduledStopPointRef ref="VTR:ScheduledStopPoint:1134426" version="1"/>
              <QuayRef ref="VTR:Quay:15320"/>
            </PassengerStopAssignment>
            <PassengerStopAssignment order="1533100010" id="VTR:PassengerStopAssignment:1134427" version="1">
              <ScheduledStopPointRef ref="VTR:ScheduledStopPoint:1134427" version="1"/>
              <QuayRef ref="VTR:Quay:29654"/>
            </PassengerStopAssignment>
            <PassengerStopAssignment order="1533100011" id="VTR:PassengerStopAssignment:1134428" version="1">
              <ScheduledStopPointRef ref="VTR:ScheduledStopPoint:1134428" version="1"/>
              <QuayRef ref="VTR:Quay:19484"/>
            </PassengerStopAssignment>
          </stopAssignments>
          <journeyPatterns>
            <JourneyPattern id="VTR:JourneyPattern:2211796" version="2213073">
              <Name>1</Name>
              <RouteRef ref="VTR:Route:15330" version="1"/>
              <pointsInSequence>
                <StopPointInJourneyPattern id="VTR:StopPointInJourneyPattern:77514423" version="2213073" order="1">
                  <ScheduledStopPointRef ref="VTR:ScheduledStopPoint:1101980"/>
                  <DestinationDisplayRef ref="VTR:DestinationDisplay:1"/>
                </StopPointInJourneyPattern>
                <StopPointInJourneyPattern id="VTR:StopPointInJourneyPattern:77514424" version="2213073" order="2">
                  <ScheduledStopPointRef ref="VTR:ScheduledStopPoint:1102027"/>
                  <DestinationDisplayRef ref="VTR:DestinationDisplay:1"/>
                </StopPointInJourneyPattern>
                <StopPointInJourneyPattern id="VTR:StopPointInJourneyPattern:77514425" version="2213073" order="3">
                  <ScheduledStopPointRef ref="VTR:ScheduledStopPoint:1102028"/>
                  <DestinationDisplayRef ref="VTR:DestinationDisplay:1"/>
                </StopPointInJourneyPattern>
                <StopPointInJourneyPattern id="VTR:StopPointInJourneyPattern:77514426" version="2213073" order="4">
                  <ScheduledStopPointRef ref="VTR:ScheduledStopPoint:1102029"/>
                  <DestinationDisplayRef ref="VTR:DestinationDisplay:1"/>
                </StopPointInJourneyPattern>
                <StopPointInJourneyPattern id="VTR:StopPointInJourneyPattern:77514427" version="2213073" order="5">
                  <ScheduledStopPointRef ref="VTR:ScheduledStopPoint:1102030"/>
                  <DestinationDisplayRef ref="VTR:DestinationDisplay:1"/>
                </StopPointInJourneyPattern>
                <StopPointInJourneyPattern id="VTR:StopPointInJourneyPattern:77514428" version="2213073" order="6">
                  <ScheduledStopPointRef ref="VTR:ScheduledStopPoint:1102031"/>
                  <DestinationDisplayRef ref="VTR:DestinationDisplay:1"/>
                </StopPointInJourneyPattern>
                <StopPointInJourneyPattern id="VTR:StopPointInJourneyPattern:77514429" version="2213073" order="7">
                  <ScheduledStopPointRef ref="VTR:ScheduledStopPoint:1102032"/>
                  <DestinationDisplayRef ref="VTR:DestinationDisplay:1"/>
                </StopPointInJourneyPattern>
                <StopPointInJourneyPattern id="VTR:StopPointInJourneyPattern:77514430" version="2213073" order="8">
                  <ScheduledStopPointRef ref="VTR:ScheduledStopPoint:1102033"/>
                  <DestinationDisplayRef ref="VTR:DestinationDisplay:1"/>
                </StopPointInJourneyPattern>
                <StopPointInJourneyPattern id="VTR:StopPointInJourneyPattern:77514431" version="2213073" order="9">
                  <ScheduledStopPointRef ref="VTR:ScheduledStopPoint:1102034"/>
                  <DestinationDisplayRef ref="VTR:DestinationDisplay:1"/>
                </StopPointInJourneyPattern>
                <StopPointInJourneyPattern id="VTR:StopPointInJourneyPattern:77514432" version="2213073" order="10">
                  <ScheduledStopPointRef ref="VTR:ScheduledStopPoint:1102035"/>
                  <DestinationDisplayRef ref="VTR:DestinationDisplay:1"/>
                </StopPointInJourneyPattern>
                <StopPointInJourneyPattern id="VTR:StopPointInJourneyPattern:77514433" version="2213073" order="11">
                  <ScheduledStopPointRef ref="VTR:ScheduledStopPoint:1134416"/>
                  <DestinationDisplayRef ref="VTR:DestinationDisplay:1"/>
                </StopPointInJourneyPattern>
                <StopPointInJourneyPattern id="VTR:StopPointInJourneyPattern:77514434" version="2213073" order="12">
                  <ScheduledStopPointRef ref="VTR:ScheduledStopPoint:1101981"/>
                  <DestinationDisplayRef ref="VTR:DestinationDisplay:1"/>
                </StopPointInJourneyPattern>
              </pointsInSequence>
            </JourneyPattern>
            <JourneyPattern id="VTR:JourneyPattern:2211798" version="2213075">
              <Name>1A</Name>
              <RouteRef ref="VTR:Route:15331" version="1"/>
              <pointsInSequence>
                <StopPointInJourneyPattern id="VTR:StopPointInJourneyPattern:77514447" version="2213075" order="1">
                  <ScheduledStopPointRef ref="VTR:ScheduledStopPoint:1134417"/>
                  <DestinationDisplayRef ref="VTR:DestinationDisplay:1"/>
                </StopPointInJourneyPattern>
                <StopPointInJourneyPattern id="VTR:StopPointInJourneyPattern:77514448" version="2213075" order="2">
                  <ScheduledStopPointRef ref="VTR:ScheduledStopPoint:1134418"/>
                  <DestinationDisplayRef ref="VTR:DestinationDisplay:1"/>
                </StopPointInJourneyPattern>
                <StopPointInJourneyPattern id="VTR:StopPointInJourneyPattern:77514449" version="2213075" order="3">
                  <ScheduledStopPointRef ref="VTR:ScheduledStopPoint:1134419"/>
                  <DestinationDisplayRef ref="VTR:DestinationDisplay:1"/>
                </StopPointInJourneyPattern>
                <StopPointInJourneyPattern id="VTR:StopPointInJourneyPattern:77514450" version="2213075" order="4">
                  <ScheduledStopPointRef ref="VTR:ScheduledStopPoint:1134420"/>
                  <DestinationDisplayRef ref="VTR:DestinationDisplay:1"/>
                </StopPointInJourneyPattern>
                <StopPointInJourneyPattern id="VTR:StopPointInJourneyPattern:77514451" version="2213075" order="5">
                  <ScheduledStopPointRef ref="VTR:ScheduledStopPoint:1134421"/>
                  <DestinationDisplayRef ref="VTR:DestinationDisplay:1"/>
                </StopPointInJourneyPattern>
                <StopPointInJourneyPattern id="VTR:StopPointInJourneyPattern:77514452" version="2213075" order="6">
                  <ScheduledStopPointRef ref="VTR:ScheduledStopPoint:1134422"/>
                  <DestinationDisplayRef ref="VTR:DestinationDisplay:1"/>
                </StopPointInJourneyPattern>
                <StopPointInJourneyPattern id="VTR:StopPointInJourneyPattern:77514453" version="2213075" order="7">
                  <ScheduledStopPointRef ref="VTR:ScheduledStopPoint:1134423"/>
                  <DestinationDisplayRef ref="VTR:DestinationDisplay:1"/>
                </StopPointInJourneyPattern>
                <StopPointInJourneyPattern id="VTR:StopPointInJourneyPattern:77514454" version="2213075" order="8">
                  <ScheduledStopPointRef ref="VTR:ScheduledStopPoint:1134424"/>
                  <DestinationDisplayRef ref="VTR:DestinationDisplay:1"/>
                </StopPointInJourneyPattern>
                <StopPointInJourneyPattern id="VTR:StopPointInJourneyPattern:77514455" version="2213075" order="9">
                  <ScheduledStopPointRef ref="VTR:ScheduledStopPoint:1134425"/>
                  <DestinationDisplayRef ref="VTR:DestinationDisplay:1"/>
                </StopPointInJourneyPattern>
                <StopPointInJourneyPattern id="VTR:StopPointInJourneyPattern:77514456" version="2213075" order="10">
                  <ScheduledStopPointRef ref="VTR:ScheduledStopPoint:1134426"/>
                  <DestinationDisplayRef ref="VTR:DestinationDisplay:1"/>
                </StopPointInJourneyPattern>
                <StopPointInJourneyPattern id="VTR:StopPointInJourneyPattern:77514457" version="2213075" order="11">
                  <ScheduledStopPointRef ref="VTR:ScheduledStopPoint:1134427"/>
                  <DestinationDisplayRef ref="VTR:DestinationDisplay:1"/>
                </StopPointInJourneyPattern>
                <StopPointInJourneyPattern id="VTR:StopPointInJourneyPattern:77514458" version="2213075" order="12">
                  <ScheduledStopPointRef ref="VTR:ScheduledStopPoint:1134428"/>
                  <DestinationDisplayRef ref="VTR:DestinationDisplay:1"/>
                </StopPointInJourneyPattern>
              </pointsInSequence>
            </JourneyPattern>
            <JourneyPattern id="VTR:JourneyPattern:2211799" version="2213076">
              <Name>2A</Name>
              <RouteRef ref="VTR:Route:15331" version="1"/>
              <pointsInSequence>
                <StopPointInJourneyPattern id="VTR:StopPointInJourneyPattern:77514459" version="2213076" order="1">
                  <ScheduledStopPointRef ref="VTR:ScheduledStopPoint:1134417"/>
                  <DestinationDisplayRef ref="VTR:DestinationDisplay:1"/>
                </StopPointInJourneyPattern>
                <StopPointInJourneyPattern id="VTR:StopPointInJourneyPattern:77514460" version="2213076" order="2">
                  <ScheduledStopPointRef ref="VTR:ScheduledStopPoint:1134418"/>
                  <DestinationDisplayRef ref="VTR:DestinationDisplay:1"/>
                </StopPointInJourneyPattern>
                <StopPointInJourneyPattern id="VTR:StopPointInJourneyPattern:77514461" version="2213076" order="3">
                  <ScheduledStopPointRef ref="VTR:ScheduledStopPoint:1134419"/>
                  <DestinationDisplayRef ref="VTR:DestinationDisplay:1"/>
                </StopPointInJourneyPattern>
                <StopPointInJourneyPattern id="VTR:StopPointInJourneyPattern:77514462" version="2213076" order="4">
                  <ScheduledStopPointRef ref="VTR:ScheduledStopPoint:1134420"/>
                  <DestinationDisplayRef ref="VTR:DestinationDisplay:1"/>
                </StopPointInJourneyPattern>
                <StopPointInJourneyPattern id="VTR:StopPointInJourneyPattern:77514463" version="2213076" order="5">
                  <ScheduledStopPointRef ref="VTR:ScheduledStopPoint:1134421"/>
                  <DestinationDisplayRef ref="VTR:DestinationDisplay:1"/>
                </StopPointInJourneyPattern>
                <StopPointInJourneyPattern id="VTR:StopPointInJourneyPattern:77514464" version="2213076" order="6">
                  <ScheduledStopPointRef ref="VTR:ScheduledStopPoint:1134422"/>
                  <DestinationDisplayRef ref="VTR:DestinationDisplay:1"/>
                </StopPointInJourneyPattern>
                <StopPointInJourneyPattern id="VTR:StopPointInJourneyPattern:77514465" version="2213076" order="7">
                  <ScheduledStopPointRef ref="VTR:ScheduledStopPoint:1134423"/>
                  <DestinationDisplayRef ref="VTR:DestinationDisplay:1"/>
                </StopPointInJourneyPattern>
                <StopPointInJourneyPattern id="VTR:StopPointInJourneyPattern:77514466" version="2213076" order="8">
                  <ScheduledStopPointRef ref="VTR:ScheduledStopPoint:1134424"/>
                  <DestinationDisplayRef ref="VTR:DestinationDisplay:1"/>
                </StopPointInJourneyPattern>
                <StopPointInJourneyPattern id="VTR:StopPointInJourneyPattern:77514467" version="2213076" order="9">
                  <ScheduledStopPointRef ref="VTR:ScheduledStopPoint:1134425"/>
                  <DestinationDisplayRef ref="VTR:DestinationDisplay:1"/>
                </StopPointInJourneyPattern>
                <StopPointInJourneyPattern id="VTR:StopPointInJourneyPattern:77514468" version="2213076" order="10">
                  <ScheduledStopPointRef ref="VTR:ScheduledStopPoint:1134426"/>
                  <DestinationDisplayRef ref="VTR:DestinationDisplay:1"/>
                </StopPointInJourneyPattern>
                <StopPointInJourneyPattern id="VTR:StopPointInJourneyPattern:77514469" version="2213076" order="11">
                  <ScheduledStopPointRef ref="VTR:ScheduledStopPoint:1134427"/>
                  <DestinationDisplayRef ref="VTR:DestinationDisplay:1"/>
                </StopPointInJourneyPattern>
                <StopPointInJourneyPattern id="VTR:StopPointInJourneyPattern:77514470" version="2213076" order="12">
                  <ScheduledStopPointRef ref="VTR:ScheduledStopPoint:1134428"/>
                  <DestinationDisplayRef ref="VTR:DestinationDisplay:1"/>
                </StopPointInJourneyPattern>
              </pointsInSequence>
            </JourneyPattern>
            <JourneyPattern id="VTR:JourneyPattern:2211797" version="2213074">
              <Name>2</Name>
              <RouteRef ref="VTR:Route:15330" version="1"/>
              <pointsInSequence>
                <StopPointInJourneyPattern id="VTR:StopPointInJourneyPattern:77514435" version="2213074" order="1">
                  <ScheduledStopPointRef ref="VTR:ScheduledStopPoint:1101980"/>
                  <DestinationDisplayRef ref="VTR:DestinationDisplay:1"/>
                </StopPointInJourneyPattern>
                <StopPointInJourneyPattern id="VTR:StopPointInJourneyPattern:77514436" version="2213074" order="2">
                  <ScheduledStopPointRef ref="VTR:ScheduledStopPoint:1102027"/>
                  <DestinationDisplayRef ref="VTR:DestinationDisplay:1"/>
                </StopPointInJourneyPattern>
                <StopPointInJourneyPattern id="VTR:StopPointInJourneyPattern:77514437" version="2213074" order="3">
                  <ScheduledStopPointRef ref="VTR:ScheduledStopPoint:1102028"/>
                  <DestinationDisplayRef ref="VTR:DestinationDisplay:1"/>
                </StopPointInJourneyPattern>
                <StopPointInJourneyPattern id="VTR:StopPointInJourneyPattern:77514438" version="2213074" order="4">
                  <ScheduledStopPointRef ref="VTR:ScheduledStopPoint:1102029"/>
                  <DestinationDisplayRef ref="VTR:DestinationDisplay:1"/>
                </StopPointInJourneyPattern>
                <StopPointInJourneyPattern id="VTR:StopPointInJourneyPattern:77514439" version="2213074" order="5">
                  <ScheduledStopPointRef ref="VTR:ScheduledStopPoint:1102030"/>
                  <DestinationDisplayRef ref="VTR:DestinationDisplay:1"/>
                </StopPointInJourneyPattern>
                <StopPointInJourneyPattern id="VTR:StopPointInJourneyPattern:77514440" version="2213074" order="6">
                  <ScheduledStopPointRef ref="VTR:ScheduledStopPoint:1102031"/>
                  <DestinationDisplayRef ref="VTR:DestinationDisplay:1"/>
                </StopPointInJourneyPattern>
                <StopPointInJourneyPattern id="VTR:StopPointInJourneyPattern:77514441" version="2213074" order="7">
                  <ScheduledStopPointRef ref="VTR:ScheduledStopPoint:1102032"/>
                  <DestinationDisplayRef ref="VTR:DestinationDisplay:1"/>
                </StopPointInJourneyPattern>
                <StopPointInJourneyPattern id="VTR:StopPointInJourneyPattern:77514442" version="2213074" order="8">
                  <ScheduledStopPointRef ref="VTR:ScheduledStopPoint:1102033"/>
                  <DestinationDisplayRef ref="VTR:DestinationDisplay:1"/>
                </StopPointInJourneyPattern>
                <StopPointInJourneyPattern id="VTR:StopPointInJourneyPattern:77514443" version="2213074" order="9">
                  <ScheduledStopPointRef ref="VTR:ScheduledStopPoint:1102034"/>
                  <DestinationDisplayRef ref="VTR:DestinationDisplay:1"/>
                </StopPointInJourneyPattern>
                <StopPointInJourneyPattern id="VTR:StopPointInJourneyPattern:77514444" version="2213074" order="10">
                  <ScheduledStopPointRef ref="VTR:ScheduledStopPoint:1102035"/>
                  <DestinationDisplayRef ref="VTR:DestinationDisplay:1"/>
                </StopPointInJourneyPattern>
                <StopPointInJourneyPattern id="VTR:StopPointInJourneyPattern:77514445" version="2213074" order="11">
                  <ScheduledStopPointRef ref="VTR:ScheduledStopPoint:1134416"/>
                  <DestinationDisplayRef ref="VTR:DestinationDisplay:1"/>
                </StopPointInJourneyPattern>
                <StopPointInJourneyPattern id="VTR:StopPointInJourneyPattern:77514446" version="2213074" order="12">
                  <ScheduledStopPointRef ref="VTR:ScheduledStopPoint:1101981"/>
                  <DestinationDisplayRef ref="VTR:DestinationDisplay:1"/>
                </StopPointInJourneyPattern>
              </pointsInSequence>
            </JourneyPattern>
          </journeyPatterns>
        </ServiceFrame>
        <TimetableFrame version="1" id="VTR:TimetableFrame:1358">
          <vehicleJourneys>
            <ServiceJourney version="2213076" id="VTR:ServiceJourney:2211799">
              <Name>Mikieriai - AnyškščiaI</Name>
              <PrivateCode>2A</PrivateCode>
              <dayTypes>
                <DayTypeRef ref="VTR:DayType:9098"/>
              </dayTypes>
              <JourneyPatternRef version="2213076" ref="VTR:JourneyPattern:2211799"/>
              <OperatorRef ref="VTR:Operator:83950"/>
              <LineRef ref="VTR:Line:5605" version="6851"/>
              <passingTimes>
                <TimetabledPassingTime version="2213076" id="VTR:TimetabledPassingTime:2211799_77514459_1">
                  <StopPointInJourneyPatternRef ref="VTR:StopPointInJourneyPattern:77514459" version="2213076"/>
                  <DepartureTime>14:30:00</DepartureTime>
                  <DepartureDayOffset>0</DepartureDayOffset>
                </TimetabledPassingTime>
                <TimetabledPassingTime version="2213076" id="VTR:TimetabledPassingTime:2211799_77514460_2">
                  <StopPointInJourneyPatternRef ref="VTR:StopPointInJourneyPattern:77514460" version="2213076"/>
                  <DepartureTime>14:33:00</DepartureTime>
                  <DepartureDayOffset>0</DepartureDayOffset>
                </TimetabledPassingTime>
                <TimetabledPassingTime version="2213076" id="VTR:TimetabledPassingTime:2211799_77514461_3">
                  <StopPointInJourneyPatternRef ref="VTR:StopPointInJourneyPattern:77514461" version="2213076"/>
                  <DepartureTime>14:38:00</DepartureTime>
                  <DepartureDayOffset>0</DepartureDayOffset>
                </TimetabledPassingTime>
                <TimetabledPassingTime version="2213076" id="VTR:TimetabledPassingTime:2211799_77514462_4">
                  <StopPointInJourneyPatternRef ref="VTR:StopPointInJourneyPattern:77514462" version="2213076"/>
                  <DepartureTime>14:40:00</DepartureTime>
                  <DepartureDayOffset>0</DepartureDayOffset>
                </TimetabledPassingTime>
                <TimetabledPassingTime version="2213076" id="VTR:TimetabledPassingTime:2211799_77514463_5">
                  <StopPointInJourneyPatternRef ref="VTR:StopPointInJourneyPattern:77514463" version="2213076"/>
                  <DepartureTime>14:43:00</DepartureTime>
                  <DepartureDayOffset>0</DepartureDayOffset>
                </TimetabledPassingTime>
                <TimetabledPassingTime version="2213076" id="VTR:TimetabledPassingTime:2211799_77514464_6">
                  <StopPointInJourneyPatternRef ref="VTR:StopPointInJourneyPattern:77514464" version="2213076"/>
                  <DepartureTime>14:46:00</DepartureTime>
                  <DepartureDayOffset>0</DepartureDayOffset>
                </TimetabledPassingTime>
                <TimetabledPassingTime version="2213076" id="VTR:TimetabledPassingTime:2211799_77514465_7">
                  <StopPointInJourneyPatternRef ref="VTR:StopPointInJourneyPattern:77514465" version="2213076"/>
                  <DepartureTime>14:48:00</DepartureTime>
                  <DepartureDayOffset>0</DepartureDayOffset>
                </TimetabledPassingTime>
                <TimetabledPassingTime version="2213076" id="VTR:TimetabledPassingTime:2211799_77514466_8">
                  <StopPointInJourneyPatternRef ref="VTR:StopPointInJourneyPattern:77514466" version="2213076"/>
                  <DepartureTime>14:50:00</DepartureTime>
                  <DepartureDayOffset>0</DepartureDayOffset>
                </TimetabledPassingTime>
                <TimetabledPassingTime version="2213076" id="VTR:TimetabledPassingTime:2211799_77514467_9">
                  <StopPointInJourneyPatternRef ref="VTR:StopPointInJourneyPattern:77514467" version="2213076"/>
                  <DepartureTime>14:52:00</DepartureTime>
                  <DepartureDayOffset>0</DepartureDayOffset>
                </TimetabledPassingTime>
                <TimetabledPassingTime version="2213076" id="VTR:TimetabledPassingTime:2211799_77514468_10">
                  <StopPointInJourneyPatternRef ref="VTR:StopPointInJourneyPattern:77514468" version="2213076"/>
                  <DepartureTime>14:54:00</DepartureTime>
                  <DepartureDayOffset>0</DepartureDayOffset>
                </TimetabledPassingTime>
                <TimetabledPassingTime version="2213076" id="VTR:TimetabledPassingTime:2211799_77514469_11">
                  <StopPointInJourneyPatternRef ref="VTR:StopPointInJourneyPattern:77514469" version="2213076"/>
                  <DepartureTime>14:56:00</DepartureTime>
                  <DepartureDayOffset>0</DepartureDayOffset>
                </TimetabledPassingTime>
                <TimetabledPassingTime version="2213076" id="VTR:TimetabledPassingTime:2211799_77514470_12">
                  <StopPointInJourneyPatternRef ref="VTR:StopPointInJourneyPattern:77514470" version="2213076"/>
                  <DepartureTime>15:00:00</DepartureTime>
                  <DepartureDayOffset>0</DepartureDayOffset>
                </TimetabledPassingTime>
              </passingTimes>
            </ServiceJourney>
            <ServiceJourney version="2213075" id="VTR:ServiceJourney:2211798">
              <Name>Mikieriai - AnyškščiaI</Name>
              <PrivateCode>1A</PrivateCode>
              <dayTypes>
                <DayTypeRef ref="VTR:DayType:9098"/>
              </dayTypes>
              <JourneyPatternRef version="2213075" ref="VTR:JourneyPattern:2211798"/>
              <OperatorRef ref="VTR:Operator:83950"/>
              <LineRef ref="VTR:Line:5605" version="6851"/>
              <passingTimes>
                <TimetabledPassingTime version="2213075" id="VTR:TimetabledPassingTime:2211798_77514447_1">
                  <StopPointInJourneyPatternRef ref="VTR:StopPointInJourneyPattern:77514447" version="2213075"/>
                  <DepartureTime>08:40:00</DepartureTime>
                  <DepartureDayOffset>0</DepartureDayOffset>
                </TimetabledPassingTime>
                <TimetabledPassingTime version="2213075" id="VTR:TimetabledPassingTime:2211798_77514448_2">
                  <StopPointInJourneyPatternRef ref="VTR:StopPointInJourneyPattern:77514448" version="2213075"/>
                  <DepartureTime>08:43:00</DepartureTime>
                  <DepartureDayOffset>0</DepartureDayOffset>
                </TimetabledPassingTime>
                <TimetabledPassingTime version="2213075" id="VTR:TimetabledPassingTime:2211798_77514449_3">
                  <StopPointInJourneyPatternRef ref="VTR:StopPointInJourneyPattern:77514449" version="2213075"/>
                  <DepartureTime>08:48:00</DepartureTime>
                  <DepartureDayOffset>0</DepartureDayOffset>
                </TimetabledPassingTime>
                <TimetabledPassingTime version="2213075" id="VTR:TimetabledPassingTime:2211798_77514450_4">
                  <StopPointInJourneyPatternRef ref="VTR:StopPointInJourneyPattern:77514450" version="2213075"/>
                  <DepartureTime>08:50:00</DepartureTime>
                  <DepartureDayOffset>0</DepartureDayOffset>
                </TimetabledPassingTime>
                <TimetabledPassingTime version="2213075" id="VTR:TimetabledPassingTime:2211798_77514451_5">
                  <StopPointInJourneyPatternRef ref="VTR:StopPointInJourneyPattern:77514451" version="2213075"/>
                  <DepartureTime>08:53:00</DepartureTime>
                  <DepartureDayOffset>0</DepartureDayOffset>
                </TimetabledPassingTime>
                <TimetabledPassingTime version="2213075" id="VTR:TimetabledPassingTime:2211798_77514452_6">
                  <StopPointInJourneyPatternRef ref="VTR:StopPointInJourneyPattern:77514452" version="2213075"/>
                  <DepartureTime>08:56:00</DepartureTime>
                  <DepartureDayOffset>0</DepartureDayOffset>
                </TimetabledPassingTime>
                <TimetabledPassingTime version="2213075" id="VTR:TimetabledPassingTime:2211798_77514453_7">
                  <StopPointInJourneyPatternRef ref="VTR:StopPointInJourneyPattern:77514453" version="2213075"/>
                  <DepartureTime>08:58:00</DepartureTime>
                  <DepartureDayOffset>0</DepartureDayOffset>
                </TimetabledPassingTime>
                <TimetabledPassingTime version="2213075" id="VTR:TimetabledPassingTime:2211798_77514454_8">
                  <StopPointInJourneyPatternRef ref="VTR:StopPointInJourneyPattern:77514454" version="2213075"/>
                  <DepartureTime>09:00:00</DepartureTime>
                  <DepartureDayOffset>0</DepartureDayOffset>
                </TimetabledPassingTime>
                <TimetabledPassingTime version="2213075" id="VTR:TimetabledPassingTime:2211798_77514455_9">
                  <StopPointInJourneyPatternRef ref="VTR:StopPointInJourneyPattern:77514455" version="2213075"/>
                  <DepartureTime>09:02:00</DepartureTime>
                  <DepartureDayOffset>0</DepartureDayOffset>
                </TimetabledPassingTime>
                <TimetabledPassingTime version="2213075" id="VTR:TimetabledPassingTime:2211798_77514456_10">
                  <StopPointInJourneyPatternRef ref="VTR:StopPointInJourneyPattern:77514456" version="2213075"/>
                  <DepartureTime>09:04:00</DepartureTime>
                  <DepartureDayOffset>0</DepartureDayOffset>
                </TimetabledPassingTime>
                <TimetabledPassingTime version="2213075" id="VTR:TimetabledPassingTime:2211798_77514457_11">
                  <StopPointInJourneyPatternRef ref="VTR:StopPointInJourneyPattern:77514457" version="2213075"/>
                  <DepartureTime>09:06:00</DepartureTime>
                  <DepartureDayOffset>0</DepartureDayOffset>
                </TimetabledPassingTime>
                <TimetabledPassingTime version="2213075" id="VTR:TimetabledPassingTime:2211798_77514458_12">
                  <StopPointInJourneyPatternRef ref="VTR:StopPointInJourneyPattern:77514458" version="2213075"/>
                  <DepartureTime>09:10:00</DepartureTime>
                  <DepartureDayOffset>0</DepartureDayOffset>
                </TimetabledPassingTime>
              </passingTimes>
            </ServiceJourney>
            <ServiceJourney version="2213073" id="VTR:ServiceJourney:2211796">
              <Name>Anykščiai - Mikieriai</Name>
              <PrivateCode>1</PrivateCode>
              <dayTypes>
                <DayTypeRef ref="VTR:DayType:9098"/>
              </dayTypes>
              <JourneyPatternRef version="2213073" ref="VTR:JourneyPattern:2211796"/>
              <OperatorRef ref="VTR:Operator:83950"/>
              <LineRef ref="VTR:Line:5605" version="6851"/>
              <passingTimes>
                <TimetabledPassingTime version="2213073" id="VTR:TimetabledPassingTime:2211796_77514423_1">
                  <StopPointInJourneyPatternRef ref="VTR:StopPointInJourneyPattern:77514423" version="2213073"/>
                  <DepartureTime>08:10:00</DepartureTime>
                  <DepartureDayOffset>0</DepartureDayOffset>
                </TimetabledPassingTime>
                <TimetabledPassingTime version="2213073" id="VTR:TimetabledPassingTime:2211796_77514424_2">
                  <StopPointInJourneyPatternRef ref="VTR:StopPointInJourneyPattern:77514424" version="2213073"/>
                  <DepartureTime>08:14:00</DepartureTime>
                  <DepartureDayOffset>0</DepartureDayOffset>
                </TimetabledPassingTime>
                <TimetabledPassingTime version="2213073" id="VTR:TimetabledPassingTime:2211796_77514425_3">
                  <StopPointInJourneyPatternRef ref="VTR:StopPointInJourneyPattern:77514425" version="2213073"/>
                  <DepartureTime>08:16:00</DepartureTime>
                  <DepartureDayOffset>0</DepartureDayOffset>
                </TimetabledPassingTime>
                <TimetabledPassingTime version="2213073" id="VTR:TimetabledPassingTime:2211796_77514426_4">
                  <StopPointInJourneyPatternRef ref="VTR:StopPointInJourneyPattern:77514426" version="2213073"/>
                  <DepartureTime>08:18:00</DepartureTime>
                  <DepartureDayOffset>0</DepartureDayOffset>
                </TimetabledPassingTime>
                <TimetabledPassingTime version="2213073" id="VTR:TimetabledPassingTime:2211796_77514427_5">
                  <StopPointInJourneyPatternRef ref="VTR:StopPointInJourneyPattern:77514427" version="2213073"/>
                  <DepartureTime>08:20:00</DepartureTime>
                  <DepartureDayOffset>0</DepartureDayOffset>
                </TimetabledPassingTime>
                <TimetabledPassingTime version="2213073" id="VTR:TimetabledPassingTime:2211796_77514428_6">
                  <StopPointInJourneyPatternRef ref="VTR:StopPointInJourneyPattern:77514428" version="2213073"/>
                  <DepartureTime>08:22:00</DepartureTime>
                  <DepartureDayOffset>0</DepartureDayOffset>
                </TimetabledPassingTime>
                <TimetabledPassingTime version="2213073" id="VTR:TimetabledPassingTime:2211796_77514429_7">
                  <StopPointInJourneyPatternRef ref="VTR:StopPointInJourneyPattern:77514429" version="2213073"/>
                  <DepartureTime>08:24:00</DepartureTime>
                  <DepartureDayOffset>0</DepartureDayOffset>
                </TimetabledPassingTime>
                <TimetabledPassingTime version="2213073" id="VTR:TimetabledPassingTime:2211796_77514430_8">
                  <StopPointInJourneyPatternRef ref="VTR:StopPointInJourneyPattern:77514430" version="2213073"/>
                  <DepartureTime>08:27:00</DepartureTime>
                  <DepartureDayOffset>0</DepartureDayOffset>
                </TimetabledPassingTime>
                <TimetabledPassingTime version="2213073" id="VTR:TimetabledPassingTime:2211796_77514431_9">
                  <StopPointInJourneyPatternRef ref="VTR:StopPointInJourneyPattern:77514431" version="2213073"/>
                  <DepartureTime>08:30:00</DepartureTime>
                  <DepartureDayOffset>0</DepartureDayOffset>
                </TimetabledPassingTime>
                <TimetabledPassingTime version="2213073" id="VTR:TimetabledPassingTime:2211796_77514432_10">
                  <StopPointInJourneyPatternRef ref="VTR:StopPointInJourneyPattern:77514432" version="2213073"/>
                  <DepartureTime>08:32:00</DepartureTime>
                  <DepartureDayOffset>0</DepartureDayOffset>
                </TimetabledPassingTime>
                <TimetabledPassingTime version="2213073" id="VTR:TimetabledPassingTime:2211796_77514433_11">
                  <StopPointInJourneyPatternRef ref="VTR:StopPointInJourneyPattern:77514433" version="2213073"/>
                  <DepartureTime>08:37:00</DepartureTime>
                  <DepartureDayOffset>0</DepartureDayOffset>
                </TimetabledPassingTime>
                <TimetabledPassingTime version="2213073" id="VTR:TimetabledPassingTime:2211796_77514434_12">
                  <StopPointInJourneyPatternRef ref="VTR:StopPointInJourneyPattern:77514434" version="2213073"/>
                  <DepartureTime>08:40:00</DepartureTime>
                  <DepartureDayOffset>0</DepartureDayOffset>
                </TimetabledPassingTime>
              </passingTimes>
            </ServiceJourney>
            <ServiceJourney version="2213074" id="VTR:ServiceJourney:2211797">
              <Name>Anykščiai - Mikieriai</Name>
              <PrivateCode>2</PrivateCode>
              <dayTypes>
                <DayTypeRef ref="VTR:DayType:9098"/>
              </dayTypes>
              <JourneyPatternRef version="2213074" ref="VTR:JourneyPattern:2211797"/>
              <OperatorRef ref="VTR:Operator:83950"/>
              <LineRef ref="VTR:Line:5605" version="6851"/>
              <passingTimes>
                <TimetabledPassingTime version="2213074" id="VTR:TimetabledPassingTime:2211797_77514435_1">
                  <StopPointInJourneyPatternRef ref="VTR:StopPointInJourneyPattern:77514435" version="2213074"/>
                  <DepartureTime>14:00:00</DepartureTime>
                  <DepartureDayOffset>0</DepartureDayOffset>
                </TimetabledPassingTime>
                <TimetabledPassingTime version="2213074" id="VTR:TimetabledPassingTime:2211797_77514436_2">
                  <StopPointInJourneyPatternRef ref="VTR:StopPointInJourneyPattern:77514436" version="2213074"/>
                  <DepartureTime>14:04:00</DepartureTime>
                  <DepartureDayOffset>0</DepartureDayOffset>
                </TimetabledPassingTime>
                <TimetabledPassingTime version="2213074" id="VTR:TimetabledPassingTime:2211797_77514437_3">
                  <StopPointInJourneyPatternRef ref="VTR:StopPointInJourneyPattern:77514437" version="2213074"/>
                  <DepartureTime>14:06:00</DepartureTime>
                  <DepartureDayOffset>0</DepartureDayOffset>
                </TimetabledPassingTime>
                <TimetabledPassingTime version="2213074" id="VTR:TimetabledPassingTime:2211797_77514438_4">
                  <StopPointInJourneyPatternRef ref="VTR:StopPointInJourneyPattern:77514438" version="2213074"/>
                  <DepartureTime>14:08:00</DepartureTime>
                  <DepartureDayOffset>0</DepartureDayOffset>
                </TimetabledPassingTime>
                <TimetabledPassingTime version="2213074" id="VTR:TimetabledPassingTime:2211797_77514439_5">
                  <StopPointInJourneyPatternRef ref="VTR:StopPointInJourneyPattern:77514439" version="2213074"/>
                  <DepartureTime>14:10:00</DepartureTime>
                  <DepartureDayOffset>0</DepartureDayOffset>
                </TimetabledPassingTime>
                <TimetabledPassingTime version="2213074" id="VTR:TimetabledPassingTime:2211797_77514440_6">
                  <StopPointInJourneyPatternRef ref="VTR:StopPointInJourneyPattern:77514440" version="2213074"/>
                  <DepartureTime>14:12:00</DepartureTime>
                  <DepartureDayOffset>0</DepartureDayOffset>
                </TimetabledPassingTime>
                <TimetabledPassingTime version="2213074" id="VTR:TimetabledPassingTime:2211797_77514441_7">
                  <StopPointInJourneyPatternRef ref="VTR:StopPointInJourneyPattern:77514441" version="2213074"/>
                  <DepartureTime>14:14:00</DepartureTime>
                  <DepartureDayOffset>0</DepartureDayOffset>
                </TimetabledPassingTime>
                <TimetabledPassingTime version="2213074" id="VTR:TimetabledPassingTime:2211797_77514442_8">
                  <StopPointInJourneyPatternRef ref="VTR:StopPointInJourneyPattern:77514442" version="2213074"/>
                  <DepartureTime>14:17:00</DepartureTime>
                  <DepartureDayOffset>0</DepartureDayOffset>
                </TimetabledPassingTime>
                <TimetabledPassingTime version="2213074" id="VTR:TimetabledPassingTime:2211797_77514443_9">
                  <StopPointInJourneyPatternRef ref="VTR:StopPointInJourneyPattern:77514443" version="2213074"/>
                  <DepartureTime>14:20:00</DepartureTime>
                  <DepartureDayOffset>0</DepartureDayOffset>
                </TimetabledPassingTime>
                <TimetabledPassingTime version="2213074" id="VTR:TimetabledPassingTime:2211797_77514444_10">
                  <StopPointInJourneyPatternRef ref="VTR:StopPointInJourneyPattern:77514444" version="2213074"/>
                  <DepartureTime>14:22:00</DepartureTime>
                  <DepartureDayOffset>0</DepartureDayOffset>
                </TimetabledPassingTime>
                <TimetabledPassingTime version="2213074" id="VTR:TimetabledPassingTime:2211797_77514445_11">
                  <StopPointInJourneyPatternRef ref="VTR:StopPointInJourneyPattern:77514445" version="2213074"/>
                  <DepartureTime>14:27:00</DepartureTime>
                  <DepartureDayOffset>0</DepartureDayOffset>
                </TimetabledPassingTime>
                <TimetabledPassingTime version="2213074" id="VTR:TimetabledPassingTime:2211797_77514446_12">
                  <StopPointInJourneyPatternRef ref="VTR:StopPointInJourneyPattern:77514446" version="2213074"/>
                  <DepartureTime>14:30:00</DepartureTime>
                  <DepartureDayOffset>0</DepartureDayOffset>
                </TimetabledPassingTime>
              </passingTimes>
            </ServiceJourney>
          </vehicleJourneys>
        </TimetableFrame>
        <ResourceFrame version="1" id="VTR:ResourceFrame:1358">
          <organisations>
            <Authority version="1" id="VTR:Authority:49">
              <CompanyNumber>34</CompanyNumber>
              <Name>Anykščių r. sav.</Name>
              <LegalName>Anykščių r. sav.</LegalName>
              <ContactDetails>
                <Email>info@anyksciai.lt</Email>
                <Phone>838142350</Phone>
                <Url>www.anyksciai.lt</Url>
              </ContactDetails>
              <OrganisationType>authority</OrganisationType>
            </Authority>
          </organisations>
        </ResourceFrame>
      </frames>
    </CompositeFrame>
  </dataObjects>
</PublicationDelivery>
