<?xml version="1.0" encoding="UTF-8"?><PublicationDelivery xmlns="http://www.netex.org.uk/netex" xmlns:gis="http://www.opengis.net/gml/3.2" xmlns:ns2="http://www.opengis.net/gml/3.2" xmlns:ns3="http://www.siri.org.uk/siri" xmlns:xsi="http://www.w3.org/2001/XMLSchema-instance" version="1" xsi:schemaLocation="">
  <PublicationTimestamp>2022-05-07T01:25:00.311</PublicationTimestamp>
  <ParticipantRef>VTR</ParticipantRef>
  <Description>1</Description>
  <dataObjects>
    <CompositeFrame created="2022-05-07T01:25:00.311" version="1" id="VTR:CompositeFrame:1358">
      <validityConditions>
        <AvailabilityCondition version="1" id="VTR:AvailabilityCondition:1358">
          <FromDate>2016-11-30T00:00:00</FromDate>
          <ToDate>2027-12-30T00:00:00</ToDate>
        </AvailabilityCondition>
      </validityConditions>
      <codespaces>
        <Codespace id="vtr">
          <Xmlns>VTR</Xmlns>
          <XmlnsUrl>http://www.visimarsrutai.lt/</XmlnsUrl>
        </Codespace>
      </codespaces>
      <FrameDefaults>
        <DefaultLocale>
          <TimeZone>Europe/Vilnius</TimeZone>
        </DefaultLocale>
        <DefaultLocationSystem>WGS84</DefaultLocationSystem>
      </FrameDefaults>
      <frames>
        <ServiceCalendarFrame version="1" id="VTR:ServiceCalendarFrame:1358">
          <dayTypes>
            <DayType id="VTR:DayType:1660" version="1">
              <properties>
                <PropertyOfDay>
                  <DaysOfWeek>Monday Tuesday Wednesday Thursday Friday</DaysOfWeek>
                </PropertyOfDay>
              </properties>
            </DayType>
          </dayTypes>
          <operatingPeriods>
            <OperatingPeriod version="1" id="VTR:OperatingPeriod:1660">
              <FromDate>2018-01-01T00:00:00</FromDate>
              <ToDate>2024-12-31T00:00:00</ToDate>
            </OperatingPeriod>
          </operatingPeriods>
          <dayTypeAssignments>
            <DayTypeAssignment id="VTR:DayTypeAssignment:1660_0" version="1" order="1627">
              <OperatingPeriodRef ref="VTR:OperatingPeriod:1660" version="1"/>
              <DayTypeRef ref="VTR:DayType:1660" version="1"/>
            </DayTypeAssignment>
          </dayTypeAssignments>
        </ServiceCalendarFrame>
        <ServiceFrame id="VTR:ServiceFrame:1358" version="1">
          <Network version="0" id="VTR:Network:49"/>
          <routePoints>
            <RoutePoint version="1" id="VTR:RoutePoint:1132004">
              <projections>
                <PointProjection version="1" id="VTR:PointProjection:57381">
                  <ProjectedPointRef ref="VTR:ScheduledStopPoint:1132004" version="1"/>
                </PointProjection>
              </projections>
            </RoutePoint>
            <RoutePoint version="1" id="VTR:RoutePoint:1132005">
              <projections>
                <PointProjection version="1" id="VTR:PointProjection:57382">
                  <ProjectedPointRef ref="VTR:ScheduledStopPoint:1132005" version="1"/>
                </PointProjection>
              </projections>
            </RoutePoint>
            <RoutePoint version="1" id="VTR:RoutePoint:1132006">
              <projections>
                <PointProjection version="1" id="VTR:PointProjection:57383">
                  <ProjectedPointRef ref="VTR:ScheduledStopPoint:1132006" version="1"/>
                </PointProjection>
              </projections>
            </RoutePoint>
            <RoutePoint version="1" id="VTR:RoutePoint:1132007">
              <projections>
                <PointProjection version="1" id="VTR:PointProjection:57384">
                  <ProjectedPointRef ref="VTR:ScheduledStopPoint:1132007" version="1"/>
                </PointProjection>
              </projections>
            </RoutePoint>
            <RoutePoint version="1" id="VTR:RoutePoint:1132008">
              <projections>
                <PointProjection version="1" id="VTR:PointProjection:57385">
                  <ProjectedPointRef ref="VTR:ScheduledStopPoint:1132008" version="1"/>
                </PointProjection>
              </projections>
            </RoutePoint>
            <RoutePoint version="1" id="VTR:RoutePoint:1132009">
              <projections>
                <PointProjection version="1" id="VTR:PointProjection:57386">
                  <ProjectedPointRef ref="VTR:ScheduledStopPoint:1132009" version="1"/>
                </PointProjection>
              </projections>
            </RoutePoint>
            <RoutePoint version="1" id="VTR:RoutePoint:1132010">
              <projections>
                <PointProjection version="1" id="VTR:PointProjection:57387">
                  <ProjectedPointRef ref="VTR:ScheduledStopPoint:1132010" version="1"/>
                </PointProjection>
              </projections>
            </RoutePoint>
            <RoutePoint version="1" id="VTR:RoutePoint:1132011">
              <projections>
                <PointProjection version="1" id="VTR:PointProjection:57388">
                  <ProjectedPointRef ref="VTR:ScheduledStopPoint:1132011" version="1"/>
                </PointProjection>
              </projections>
            </RoutePoint>
            <RoutePoint version="1" id="VTR:RoutePoint:1132012">
              <projections>
                <PointProjection version="1" id="VTR:PointProjection:57389">
                  <ProjectedPointRef ref="VTR:ScheduledStopPoint:1132012" version="1"/>
                </PointProjection>
              </projections>
            </RoutePoint>
            <RoutePoint version="1" id="VTR:RoutePoint:1132013">
              <projections>
                <PointProjection version="1" id="VTR:PointProjection:57390">
                  <ProjectedPointRef ref="VTR:ScheduledStopPoint:1132013" version="1"/>
                </PointProjection>
              </projections>
            </RoutePoint>
            <RoutePoint version="1" id="VTR:RoutePoint:1132014">
              <projections>
                <PointProjection version="1" id="VTR:PointProjection:57391">
                  <ProjectedPointRef ref="VTR:ScheduledStopPoint:1132014" version="1"/>
                </PointProjection>
              </projections>
            </RoutePoint>
            <RoutePoint version="1" id="VTR:RoutePoint:1132015">
              <projections>
                <PointProjection version="1" id="VTR:PointProjection:57392">
                  <ProjectedPointRef ref="VTR:ScheduledStopPoint:1132015" version="1"/>
                </PointProjection>
              </projections>
            </RoutePoint>
            <RoutePoint version="1" id="VTR:RoutePoint:1132016">
              <projections>
                <PointProjection version="1" id="VTR:PointProjection:57393">
                  <ProjectedPointRef ref="VTR:ScheduledStopPoint:1132016" version="1"/>
                </PointProjection>
              </projections>
            </RoutePoint>
            <RoutePoint version="1" id="VTR:RoutePoint:1132017">
              <projections>
                <PointProjection version="1" id="VTR:PointProjection:57415">
                  <ProjectedPointRef ref="VTR:ScheduledStopPoint:1132017" version="1"/>
                </PointProjection>
              </projections>
            </RoutePoint>
            <RoutePoint version="1" id="VTR:RoutePoint:1132018">
              <projections>
                <PointProjection version="1" id="VTR:PointProjection:57416">
                  <ProjectedPointRef ref="VTR:ScheduledStopPoint:1132018" version="1"/>
                </PointProjection>
              </projections>
            </RoutePoint>
            <RoutePoint version="1" id="VTR:RoutePoint:1132019">
              <projections>
                <PointProjection version="1" id="VTR:PointProjection:57417">
                  <ProjectedPointRef ref="VTR:ScheduledStopPoint:1132019" version="1"/>
                </PointProjection>
              </projections>
            </RoutePoint>
            <RoutePoint version="1" id="VTR:RoutePoint:1132020">
              <projections>
                <PointProjection version="1" id="VTR:PointProjection:57418">
                  <ProjectedPointRef ref="VTR:ScheduledStopPoint:1132020" version="1"/>
                </PointProjection>
              </projections>
            </RoutePoint>
            <RoutePoint version="1" id="VTR:RoutePoint:1132021">
              <projections>
                <PointProjection version="1" id="VTR:PointProjection:57419">
                  <ProjectedPointRef ref="VTR:ScheduledStopPoint:1132021" version="1"/>
                </PointProjection>
              </projections>
            </RoutePoint>
            <RoutePoint version="1" id="VTR:RoutePoint:1132022">
              <projections>
                <PointProjection version="1" id="VTR:PointProjection:57420">
                  <ProjectedPointRef ref="VTR:ScheduledStopPoint:1132022" version="1"/>
                </PointProjection>
              </projections>
            </RoutePoint>
            <RoutePoint version="1" id="VTR:RoutePoint:1132023">
              <projections>
                <PointProjection version="1" id="VTR:PointProjection:57421">
                  <ProjectedPointRef ref="VTR:ScheduledStopPoint:1132023" version="1"/>
                </PointProjection>
              </projections>
            </RoutePoint>
            <RoutePoint version="1" id="VTR:RoutePoint:1132024">
              <projections>
                <PointProjection version="1" id="VTR:PointProjection:57422">
                  <ProjectedPointRef ref="VTR:ScheduledStopPoint:1132024" version="1"/>
                </PointProjection>
              </projections>
            </RoutePoint>
            <RoutePoint version="1" id="VTR:RoutePoint:1132025">
              <projections>
                <PointProjection version="1" id="VTR:PointProjection:57423">
                  <ProjectedPointRef ref="VTR:ScheduledStopPoint:1132025" version="1"/>
                </PointProjection>
              </projections>
            </RoutePoint>
            <RoutePoint version="1" id="VTR:RoutePoint:1132026">
              <projections>
                <PointProjection version="1" id="VTR:PointProjection:57424">
                  <ProjectedPointRef ref="VTR:ScheduledStopPoint:1132026" version="1"/>
                </PointProjection>
              </projections>
            </RoutePoint>
            <RoutePoint version="1" id="VTR:RoutePoint:1132027">
              <projections>
                <PointProjection version="1" id="VTR:PointProjection:57425">
                  <ProjectedPointRef ref="VTR:ScheduledStopPoint:1132027" version="1"/>
                </PointProjection>
              </projections>
            </RoutePoint>
          </routePoints>
          <routes>
            <Route version="1" id="VTR:Route:15798">
              <Name>Anykščiai - Rubikiai per Burbiškį</Name>
              <ShortName>Anykščiai - Rubikiai per Burbiškį</ShortName>
              <LineRef ref="VTR:Line:4741" version="7027"/>
              <DirectionType>outbound</DirectionType>
              <pointsInSequence>
                <PointOnRoute version="1" id="VTR:PointOnRoute:1132004" order="1">
                  <RoutePointRef ref="VTR:RoutePoint:1132004"/>
                </PointOnRoute>
                <PointOnRoute version="1" id="VTR:PointOnRoute:1132005" order="2">
                  <RoutePointRef ref="VTR:RoutePoint:1132005"/>
                </PointOnRoute>
                <PointOnRoute version="1" id="VTR:PointOnRoute:1132006" order="3">
                  <RoutePointRef ref="VTR:RoutePoint:1132006"/>
                </PointOnRoute>
                <PointOnRoute version="1" id="VTR:PointOnRoute:1132007" order="4">
                  <RoutePointRef ref="VTR:RoutePoint:1132007"/>
                </PointOnRoute>
                <PointOnRoute version="1" id="VTR:PointOnRoute:1132008" order="5">
                  <RoutePointRef ref="VTR:RoutePoint:1132008"/>
                </PointOnRoute>
                <PointOnRoute version="1" id="VTR:PointOnRoute:1132009" order="6">
                  <RoutePointRef ref="VTR:RoutePoint:1132009"/>
                </PointOnRoute>
                <PointOnRoute version="1" id="VTR:PointOnRoute:1132010" order="7">
                  <RoutePointRef ref="VTR:RoutePoint:1132010"/>
                </PointOnRoute>
                <PointOnRoute version="1" id="VTR:PointOnRoute:1132011" order="8">
                  <RoutePointRef ref="VTR:RoutePoint:1132011"/>
                </PointOnRoute>
                <PointOnRoute version="1" id="VTR:PointOnRoute:1132012" order="9">
                  <RoutePointRef ref="VTR:RoutePoint:1132012"/>
                </PointOnRoute>
                <PointOnRoute version="1" id="VTR:PointOnRoute:1132013" order="10">
                  <RoutePointRef ref="VTR:RoutePoint:1132013"/>
                </PointOnRoute>
                <PointOnRoute version="1" id="VTR:PointOnRoute:1132014" order="11">
                  <RoutePointRef ref="VTR:RoutePoint:1132014"/>
                </PointOnRoute>
                <PointOnRoute version="1" id="VTR:PointOnRoute:1132015" order="12">
                  <RoutePointRef ref="VTR:RoutePoint:1132015"/>
                </PointOnRoute>
              </pointsInSequence>
            </Route>
            <Route version="1" id="VTR:Route:15799">
              <Name>Rubikiai - Anykščiai per Burbiškį</Name>
              <ShortName>Rubikiai - Anykščiai per Burbiškį</ShortName>
              <LineRef ref="VTR:Line:4741" version="7027"/>
              <DirectionType>inbound</DirectionType>
              <pointsInSequence>
                <PointOnRoute version="1" id="VTR:PointOnRoute:1132016" order="1">
                  <RoutePointRef ref="VTR:RoutePoint:1132016"/>
                </PointOnRoute>
                <PointOnRoute version="1" id="VTR:PointOnRoute:1132017" order="2">
                  <RoutePointRef ref="VTR:RoutePoint:1132017"/>
                </PointOnRoute>
                <PointOnRoute version="1" id="VTR:PointOnRoute:1132018" order="3">
                  <RoutePointRef ref="VTR:RoutePoint:1132018"/>
                </PointOnRoute>
                <PointOnRoute version="1" id="VTR:PointOnRoute:1132019" order="4">
                  <RoutePointRef ref="VTR:RoutePoint:1132019"/>
                </PointOnRoute>
                <PointOnRoute version="1" id="VTR:PointOnRoute:1132020" order="5">
                  <RoutePointRef ref="VTR:RoutePoint:1132020"/>
                </PointOnRoute>
                <PointOnRoute version="1" id="VTR:PointOnRoute:1132021" order="6">
                  <RoutePointRef ref="VTR:RoutePoint:1132021"/>
                </PointOnRoute>
                <PointOnRoute version="1" id="VTR:PointOnRoute:1132022" order="7">
                  <RoutePointRef ref="VTR:RoutePoint:1132022"/>
                </PointOnRoute>
                <PointOnRoute version="1" id="VTR:PointOnRoute:1132023" order="8">
                  <RoutePointRef ref="VTR:RoutePoint:1132023"/>
                </PointOnRoute>
                <PointOnRoute version="1" id="VTR:PointOnRoute:1132024" order="9">
                  <RoutePointRef ref="VTR:RoutePoint:1132024"/>
                </PointOnRoute>
                <PointOnRoute version="1" id="VTR:PointOnRoute:1132025" order="10">
                  <RoutePointRef ref="VTR:RoutePoint:1132025"/>
                </PointOnRoute>
                <PointOnRoute version="1" id="VTR:PointOnRoute:1132026" order="11">
                  <RoutePointRef ref="VTR:RoutePoint:1132026"/>
                </PointOnRoute>
                <PointOnRoute version="1" id="VTR:PointOnRoute:1132027" order="12">
                  <RoutePointRef ref="VTR:RoutePoint:1132027"/>
                </PointOnRoute>
              </pointsInSequence>
            </Route>
          </routes>
          <lines>
            <Line version="7027" id="VTR:Line:4741">
              <Name>Anykščiai - Rubikiai per Burbiškį</Name>
              <TransportMode>bus</TransportMode>
              <TransportSubmode>
                <BusSubmode>regionalBus</BusSubmode>
              </TransportSubmode>
              <PublicCode>M 6-1</PublicCode>
              <OperatorRef ref="VTR:Operator:49"/>
            </Line>
          </lines>
          <scheduledStopPoints>
            <ScheduledStopPoint version="1" id="VTR:ScheduledStopPoint:1132004">
              <Name>Anykščių autobusų stotis</Name>
            </ScheduledStopPoint>
            <ScheduledStopPoint version="1" id="VTR:ScheduledStopPoint:1132005">
              <Name>A.Baranausko a.</Name>
            </ScheduledStopPoint>
            <ScheduledStopPoint version="1" id="VTR:ScheduledStopPoint:1132006">
              <Name>A. Vienuolio progimnazija</Name>
            </ScheduledStopPoint>
            <ScheduledStopPoint version="1" id="VTR:ScheduledStopPoint:1132007">
              <Name>J. Biliūno gimnazija</Name>
            </ScheduledStopPoint>
            <ScheduledStopPoint version="1" id="VTR:ScheduledStopPoint:1132008">
              <Name>Keblonys</Name>
            </ScheduledStopPoint>
            <ScheduledStopPoint version="1" id="VTR:ScheduledStopPoint:1132009">
              <Name>Žažumbris</Name>
            </ScheduledStopPoint>
            <ScheduledStopPoint version="1" id="VTR:ScheduledStopPoint:1132010">
              <Name>Bičionys</Name>
            </ScheduledStopPoint>
            <ScheduledStopPoint version="1" id="VTR:ScheduledStopPoint:1132011">
              <Name>Burbiškis</Name>
            </ScheduledStopPoint>
            <ScheduledStopPoint version="1" id="VTR:ScheduledStopPoint:1132012">
              <Name>Rubikių ež.</Name>
            </ScheduledStopPoint>
            <ScheduledStopPoint version="1" id="VTR:ScheduledStopPoint:1132013">
              <Name>Šiauliai</Name>
            </ScheduledStopPoint>
            <ScheduledStopPoint version="1" id="VTR:ScheduledStopPoint:1132014">
              <Name>Rubikių plytinė</Name>
            </ScheduledStopPoint>
            <ScheduledStopPoint version="1" id="VTR:ScheduledStopPoint:1132015">
              <Name>Rubikiai</Name>
            </ScheduledStopPoint>
            <ScheduledStopPoint version="1" id="VTR:ScheduledStopPoint:1132016">
              <Name>Rubikiai</Name>
            </ScheduledStopPoint>
            <ScheduledStopPoint version="1" id="VTR:ScheduledStopPoint:1132017">
              <Name>Rubikių plytinė</Name>
            </ScheduledStopPoint>
            <ScheduledStopPoint version="1" id="VTR:ScheduledStopPoint:1132018">
              <Name>Šiauliai</Name>
            </ScheduledStopPoint>
            <ScheduledStopPoint version="1" id="VTR:ScheduledStopPoint:1132019">
              <Name>Rubikių ež.</Name>
            </ScheduledStopPoint>
            <ScheduledStopPoint version="1" id="VTR:ScheduledStopPoint:1132020">
              <Name>Burbiškis</Name>
            </ScheduledStopPoint>
            <ScheduledStopPoint version="1" id="VTR:ScheduledStopPoint:1132021">
              <Name>Bičionys</Name>
            </ScheduledStopPoint>
            <ScheduledStopPoint version="1" id="VTR:ScheduledStopPoint:1132022">
              <Name>Žažumbris</Name>
            </ScheduledStopPoint>
            <ScheduledStopPoint version="1" id="VTR:ScheduledStopPoint:1132023">
              <Name>Keblonys</Name>
            </ScheduledStopPoint>
            <ScheduledStopPoint version="1" id="VTR:ScheduledStopPoint:1132024">
              <Name>J. Biliūno gimnazija</Name>
            </ScheduledStopPoint>
            <ScheduledStopPoint version="1" id="VTR:ScheduledStopPoint:1132025">
              <Name>A. Vienuolio progimnazija</Name>
            </ScheduledStopPoint>
            <ScheduledStopPoint version="1" id="VTR:ScheduledStopPoint:1132026">
              <Name>A. Baranausko a.</Name>
            </ScheduledStopPoint>
            <ScheduledStopPoint version="1" id="VTR:ScheduledStopPoint:1132027">
              <Name>Anykščių autobusų stotis</Name>
            </ScheduledStopPoint>
          </scheduledStopPoints>
          <serviceLinks>
            <ServiceLink id="VTR:ServiceLink:1132017_1_1132018_1" version="1">
              <Distance>0</Distance>
              <FromPointRef ref="VTR:ScheduledStopPoint:1132017" version="1"/>
              <ToPointRef ref="VTR:ScheduledStopPoint:1132018" version="1"/>
            </ServiceLink>
            <ServiceLink id="VTR:ServiceLink:1132026_1_1132027_1" version="1">
              <Distance>0</Distance>
              <FromPointRef ref="VTR:ScheduledStopPoint:1132026" version="1"/>
              <ToPointRef ref="VTR:ScheduledStopPoint:1132027" version="1"/>
            </ServiceLink>
            <ServiceLink id="VTR:ServiceLink:1132014_1_1132015_1" version="1">
              <Distance>0</Distance>
              <FromPointRef ref="VTR:ScheduledStopPoint:1132014" version="1"/>
              <ToPointRef ref="VTR:ScheduledStopPoint:1132015" version="1"/>
            </ServiceLink>
            <ServiceLink id="VTR:ServiceLink:1132012_1_1132013_1" version="1">
              <Distance>1</Distance>
              <FromPointRef ref="VTR:ScheduledStopPoint:1132012" version="1"/>
              <ToPointRef ref="VTR:ScheduledStopPoint:1132013" version="1"/>
            </ServiceLink>
            <ServiceLink id="VTR:ServiceLink:1132011_1_1132012_1" version="1">
              <Distance>1</Distance>
              <FromPointRef ref="VTR:ScheduledStopPoint:1132011" version="1"/>
              <ToPointRef ref="VTR:ScheduledStopPoint:1132012" version="1"/>
            </ServiceLink>
            <ServiceLink id="VTR:ServiceLink:1132021_1_1132022_1" version="1">
              <Distance>1</Distance>
              <FromPointRef ref="VTR:ScheduledStopPoint:1132021" version="1"/>
              <ToPointRef ref="VTR:ScheduledStopPoint:1132022" version="1"/>
            </ServiceLink>
            <ServiceLink id="VTR:ServiceLink:1132013_1_1132014_1" version="1">
              <Distance>0</Distance>
              <FromPointRef ref="VTR:ScheduledStopPoint:1132013" version="1"/>
              <ToPointRef ref="VTR:ScheduledStopPoint:1132014" version="1"/>
            </ServiceLink>
            <ServiceLink id="VTR:ServiceLink:1132016_1_1132017_1" version="1">
              <Distance>0</Distance>
              <FromPointRef ref="VTR:ScheduledStopPoint:1132016" version="1"/>
              <ToPointRef ref="VTR:ScheduledStopPoint:1132017" version="1"/>
            </ServiceLink>
            <ServiceLink id="VTR:ServiceLink:1132023_1_1132024_1" version="1">
              <Distance>2</Distance>
              <FromPointRef ref="VTR:ScheduledStopPoint:1132023" version="1"/>
              <ToPointRef ref="VTR:ScheduledStopPoint:1132024" version="1"/>
            </ServiceLink>
            <ServiceLink id="VTR:ServiceLink:1132018_1_1132019_1" version="1">
              <Distance>1</Distance>
              <FromPointRef ref="VTR:ScheduledStopPoint:1132018" version="1"/>
              <ToPointRef ref="VTR:ScheduledStopPoint:1132019" version="1"/>
            </ServiceLink>
            <ServiceLink id="VTR:ServiceLink:1132008_1_1132009_1" version="1">
              <Distance>1</Distance>
              <FromPointRef ref="VTR:ScheduledStopPoint:1132008" version="1"/>
              <ToPointRef ref="VTR:ScheduledStopPoint:1132009" version="1"/>
            </ServiceLink>
            <ServiceLink id="VTR:ServiceLink:1132022_1_1132023_1" version="1">
              <Distance>2</Distance>
              <FromPointRef ref="VTR:ScheduledStopPoint:1132022" version="1"/>
              <ToPointRef ref="VTR:ScheduledStopPoint:1132023" version="1"/>
            </ServiceLink>
            <ServiceLink id="VTR:ServiceLink:1132024_1_1132025_1" version="1">
              <Distance>0</Distance>
              <FromPointRef ref="VTR:ScheduledStopPoint:1132024" version="1"/>
              <ToPointRef ref="VTR:ScheduledStopPoint:1132025" version="1"/>
            </ServiceLink>
            <ServiceLink id="VTR:ServiceLink:1132009_1_1132010_1" version="1">
              <Distance>1</Distance>
              <FromPointRef ref="VTR:ScheduledStopPoint:1132009" version="1"/>
              <ToPointRef ref="VTR:ScheduledStopPoint:1132010" version="1"/>
            </ServiceLink>
            <ServiceLink id="VTR:ServiceLink:1132019_1_1132020_1" version="1">
              <Distance>1</Distance>
              <FromPointRef ref="VTR:ScheduledStopPoint:1132019" version="1"/>
              <ToPointRef ref="VTR:ScheduledStopPoint:1132020" version="1"/>
            </ServiceLink>
            <ServiceLink id="VTR:ServiceLink:1132010_1_1132011_1" version="1">
              <Distance>1</Distance>
              <FromPointRef ref="VTR:ScheduledStopPoint:1132010" version="1"/>
              <ToPointRef ref="VTR:ScheduledStopPoint:1132011" version="1"/>
            </ServiceLink>
            <ServiceLink id="VTR:ServiceLink:1132025_1_1132026_1" version="1">
              <Distance>0</Distance>
              <FromPointRef ref="VTR:ScheduledStopPoint:1132025" version="1"/>
              <ToPointRef ref="VTR:ScheduledStopPoint:1132026" version="1"/>
            </ServiceLink>
            <ServiceLink id="VTR:ServiceLink:1132020_1_1132021_1" version="1">
              <Distance>1</Distance>
              <FromPointRef ref="VTR:ScheduledStopPoint:1132020" version="1"/>
              <ToPointRef ref="VTR:ScheduledStopPoint:1132021" version="1"/>
            </ServiceLink>
            <ServiceLink id="VTR:ServiceLink:1132007_1_1132008_1" version="1">
              <Distance>2</Distance>
              <FromPointRef ref="VTR:ScheduledStopPoint:1132007" version="1"/>
              <ToPointRef ref="VTR:ScheduledStopPoint:1132008" version="1"/>
            </ServiceLink>
            <ServiceLink id="VTR:ServiceLink:1132004_1_1132005_1" version="1">
              <Distance>0</Distance>
              <FromPointRef ref="VTR:ScheduledStopPoint:1132004" version="1"/>
              <ToPointRef ref="VTR:ScheduledStopPoint:1132005" version="1"/>
            </ServiceLink>
            <ServiceLink id="VTR:ServiceLink:1132005_1_1132006_1" version="1">
              <Distance>0</Distance>
              <FromPointRef ref="VTR:ScheduledStopPoint:1132005" version="1"/>
              <ToPointRef ref="VTR:ScheduledStopPoint:1132006" version="1"/>
            </ServiceLink>
            <ServiceLink id="VTR:ServiceLink:1132006_1_1132007_1" version="1">
              <Distance>0</Distance>
              <FromPointRef ref="VTR:ScheduledStopPoint:1132006" version="1"/>
              <ToPointRef ref="VTR:ScheduledStopPoint:1132007" version="1"/>
            </ServiceLink>
          </serviceLinks>
          <stopAssignments>
            <PassengerStopAssignment order="1579800000" id="VTR:PassengerStopAssignment:1132004" version="1">
              <ScheduledStopPointRef ref="VTR:ScheduledStopPoint:1132004" version="1"/>
              <QuayRef ref="VTR:Quay:19484"/>
            </PassengerStopAssignment>
            <PassengerStopAssignment order="1579800001" id="VTR:PassengerStopAssignment:1132005" version="1">
              <ScheduledStopPointRef ref="VTR:ScheduledStopPoint:1132005" version="1"/>
              <QuayRef ref="VTR:Quay:29563"/>
            </PassengerStopAssignment>
            <PassengerStopAssignment order="1579800002" id="VTR:PassengerStopAssignment:1132006" version="1">
              <ScheduledStopPointRef ref="VTR:ScheduledStopPoint:1132006" version="1"/>
              <QuayRef ref="VTR:Quay:22466"/>
            </PassengerStopAssignment>
            <PassengerStopAssignment order="1579800003" id="VTR:PassengerStopAssignment:1132007" version="1">
              <ScheduledStopPointRef ref="VTR:ScheduledStopPoint:1132007" version="1"/>
              <QuayRef ref="VTR:Quay:22761"/>
            </PassengerStopAssignment>
            <PassengerStopAssignment order="1579800004" id="VTR:PassengerStopAssignment:1132008" version="1">
              <ScheduledStopPointRef ref="VTR:ScheduledStopPoint:1132008" version="1"/>
              <QuayRef ref="VTR:Quay:14287"/>
            </PassengerStopAssignment>
            <PassengerStopAssignment order="1579800005" id="VTR:PassengerStopAssignment:1132009" version="1">
              <ScheduledStopPointRef ref="VTR:ScheduledStopPoint:1132009" version="1"/>
              <QuayRef ref="VTR:Quay:22480"/>
            </PassengerStopAssignment>
            <PassengerStopAssignment order="1579800006" id="VTR:PassengerStopAssignment:1132010" version="1">
              <ScheduledStopPointRef ref="VTR:ScheduledStopPoint:1132010" version="1"/>
              <QuayRef ref="VTR:Quay:16313"/>
            </PassengerStopAssignment>
            <PassengerStopAssignment order="1579800007" id="VTR:PassengerStopAssignment:1132011" version="1">
              <ScheduledStopPointRef ref="VTR:ScheduledStopPoint:1132011" version="1"/>
              <QuayRef ref="VTR:Quay:10331"/>
            </PassengerStopAssignment>
            <PassengerStopAssignment order="1579800008" id="VTR:PassengerStopAssignment:1132012" version="1">
              <ScheduledStopPointRef ref="VTR:ScheduledStopPoint:1132012" version="1"/>
              <QuayRef ref="VTR:Quay:15073"/>
            </PassengerStopAssignment>
            <PassengerStopAssignment order="1579800009" id="VTR:PassengerStopAssignment:1132013" version="1">
              <ScheduledStopPointRef ref="VTR:ScheduledStopPoint:1132013" version="1"/>
              <QuayRef ref="VTR:Quay:5459"/>
            </PassengerStopAssignment>
            <PassengerStopAssignment order="1579800010" id="VTR:PassengerStopAssignment:1132014" version="1">
              <ScheduledStopPointRef ref="VTR:ScheduledStopPoint:1132014" version="1"/>
              <QuayRef ref="VTR:Quay:22482"/>
            </PassengerStopAssignment>
            <PassengerStopAssignment order="1579800011" id="VTR:PassengerStopAssignment:1132015" version="1">
              <ScheduledStopPointRef ref="VTR:ScheduledStopPoint:1132015" version="1"/>
              <QuayRef ref="VTR:Quay:14308"/>
            </PassengerStopAssignment>
            <PassengerStopAssignment order="1579900000" id="VTR:PassengerStopAssignment:1132016" version="1">
              <ScheduledStopPointRef ref="VTR:ScheduledStopPoint:1132016" version="1"/>
              <QuayRef ref="VTR:Quay:14308"/>
            </PassengerStopAssignment>
            <PassengerStopAssignment order="1579900001" id="VTR:PassengerStopAssignment:1132017" version="1">
              <ScheduledStopPointRef ref="VTR:ScheduledStopPoint:1132017" version="1"/>
              <QuayRef ref="VTR:Quay:22483"/>
            </PassengerStopAssignment>
            <PassengerStopAssignment order="1579900002" id="VTR:PassengerStopAssignment:1132018" version="1">
              <ScheduledStopPointRef ref="VTR:ScheduledStopPoint:1132018" version="1"/>
              <QuayRef ref="VTR:Quay:9400"/>
            </PassengerStopAssignment>
            <PassengerStopAssignment order="1579900003" id="VTR:PassengerStopAssignment:1132019" version="1">
              <ScheduledStopPointRef ref="VTR:ScheduledStopPoint:1132019" version="1"/>
              <QuayRef ref="VTR:Quay:23836"/>
            </PassengerStopAssignment>
            <PassengerStopAssignment order="1579900004" id="VTR:PassengerStopAssignment:1132020" version="1">
              <ScheduledStopPointRef ref="VTR:ScheduledStopPoint:1132020" version="1"/>
              <QuayRef ref="VTR:Quay:11291"/>
            </PassengerStopAssignment>
            <PassengerStopAssignment order="1579900005" id="VTR:PassengerStopAssignment:1132021" version="1">
              <ScheduledStopPointRef ref="VTR:ScheduledStopPoint:1132021" version="1"/>
              <QuayRef ref="VTR:Quay:16293"/>
            </PassengerStopAssignment>
            <PassengerStopAssignment order="1579900006" id="VTR:PassengerStopAssignment:1132022" version="1">
              <ScheduledStopPointRef ref="VTR:ScheduledStopPoint:1132022" version="1"/>
              <QuayRef ref="VTR:Quay:22479"/>
            </PassengerStopAssignment>
            <PassengerStopAssignment order="1579900007" id="VTR:PassengerStopAssignment:1132023" version="1">
              <ScheduledStopPointRef ref="VTR:ScheduledStopPoint:1132023" version="1"/>
              <QuayRef ref="VTR:Quay:9410"/>
            </PassengerStopAssignment>
            <PassengerStopAssignment order="1579900008" id="VTR:PassengerStopAssignment:1132024" version="1">
              <ScheduledStopPointRef ref="VTR:ScheduledStopPoint:1132024" version="1"/>
              <QuayRef ref="VTR:Quay:22762"/>
            </PassengerStopAssignment>
            <PassengerStopAssignment order="1579900009" id="VTR:PassengerStopAssignment:1132025" version="1">
              <ScheduledStopPointRef ref="VTR:ScheduledStopPoint:1132025" version="1"/>
              <QuayRef ref="VTR:Quay:22465"/>
            </PassengerStopAssignment>
            <PassengerStopAssignment order="1579900010" id="VTR:PassengerStopAssignment:1132026" version="1">
              <ScheduledStopPointRef ref="VTR:ScheduledStopPoint:1132026" version="1"/>
              <QuayRef ref="VTR:Quay:22462"/>
            </PassengerStopAssignment>
            <PassengerStopAssignment order="1579900011" id="VTR:PassengerStopAssignment:1132027" version="1">
              <ScheduledStopPointRef ref="VTR:ScheduledStopPoint:1132027" version="1"/>
              <QuayRef ref="VTR:Quay:19484"/>
            </PassengerStopAssignment>
          </stopAssignments>
          <journeyPatterns>
            <JourneyPattern id="VTR:JourneyPattern:2209541" version="2210807">
              <Name>1A</Name>
              <RouteRef ref="VTR:Route:15799" version="1"/>
              <pointsInSequence>
                <StopPointInJourneyPattern id="VTR:StopPointInJourneyPattern:76799059" version="2210807" order="1">
                  <ScheduledStopPointRef ref="VTR:ScheduledStopPoint:1132016"/>
                  <DestinationDisplayRef ref="VTR:DestinationDisplay:1"/>
                </StopPointInJourneyPattern>
                <StopPointInJourneyPattern id="VTR:StopPointInJourneyPattern:76799060" version="2210807" order="2">
                  <ScheduledStopPointRef ref="VTR:ScheduledStopPoint:1132017"/>
                  <DestinationDisplayRef ref="VTR:DestinationDisplay:1"/>
                </StopPointInJourneyPattern>
                <StopPointInJourneyPattern id="VTR:StopPointInJourneyPattern:76799061" version="2210807" order="3">
                  <ScheduledStopPointRef ref="VTR:ScheduledStopPoint:1132018"/>
                  <DestinationDisplayRef ref="VTR:DestinationDisplay:1"/>
                </StopPointInJourneyPattern>
                <StopPointInJourneyPattern id="VTR:StopPointInJourneyPattern:76799062" version="2210807" order="4">
                  <ScheduledStopPointRef ref="VTR:ScheduledStopPoint:1132019"/>
                  <DestinationDisplayRef ref="VTR:DestinationDisplay:1"/>
                </StopPointInJourneyPattern>
                <StopPointInJourneyPattern id="VTR:StopPointInJourneyPattern:76799063" version="2210807" order="5">
                  <ScheduledStopPointRef ref="VTR:ScheduledStopPoint:1132020"/>
                  <DestinationDisplayRef ref="VTR:DestinationDisplay:1"/>
                </StopPointInJourneyPattern>
                <StopPointInJourneyPattern id="VTR:StopPointInJourneyPattern:76799064" version="2210807" order="6">
                  <ScheduledStopPointRef ref="VTR:ScheduledStopPoint:1132021"/>
                  <DestinationDisplayRef ref="VTR:DestinationDisplay:1"/>
                </StopPointInJourneyPattern>
                <StopPointInJourneyPattern id="VTR:StopPointInJourneyPattern:76799065" version="2210807" order="7">
                  <ScheduledStopPointRef ref="VTR:ScheduledStopPoint:1132022"/>
                  <DestinationDisplayRef ref="VTR:DestinationDisplay:1"/>
                </StopPointInJourneyPattern>
                <StopPointInJourneyPattern id="VTR:StopPointInJourneyPattern:76799066" version="2210807" order="8">
                  <ScheduledStopPointRef ref="VTR:ScheduledStopPoint:1132023"/>
                  <DestinationDisplayRef ref="VTR:DestinationDisplay:1"/>
                </StopPointInJourneyPattern>
                <StopPointInJourneyPattern id="VTR:StopPointInJourneyPattern:76799067" version="2210807" order="9">
                  <ScheduledStopPointRef ref="VTR:ScheduledStopPoint:1132024"/>
                  <DestinationDisplayRef ref="VTR:DestinationDisplay:1"/>
                </StopPointInJourneyPattern>
                <StopPointInJourneyPattern id="VTR:StopPointInJourneyPattern:76799068" version="2210807" order="10">
                  <ScheduledStopPointRef ref="VTR:ScheduledStopPoint:1132025"/>
                  <DestinationDisplayRef ref="VTR:DestinationDisplay:1"/>
                </StopPointInJourneyPattern>
                <StopPointInJourneyPattern id="VTR:StopPointInJourneyPattern:76799069" version="2210807" order="11">
                  <ScheduledStopPointRef ref="VTR:ScheduledStopPoint:1132026"/>
                  <DestinationDisplayRef ref="VTR:DestinationDisplay:1"/>
                </StopPointInJourneyPattern>
                <StopPointInJourneyPattern id="VTR:StopPointInJourneyPattern:76799070" version="2210807" order="12">
                  <ScheduledStopPointRef ref="VTR:ScheduledStopPoint:1132027"/>
                  <DestinationDisplayRef ref="VTR:DestinationDisplay:1"/>
                </StopPointInJourneyPattern>
              </pointsInSequence>
            </JourneyPattern>
            <JourneyPattern id="VTR:JourneyPattern:2209542" version="2210808">
              <Name>2A</Name>
              <RouteRef ref="VTR:Route:15799" version="1"/>
              <pointsInSequence>
                <StopPointInJourneyPattern id="VTR:StopPointInJourneyPattern:76799071" version="2210808" order="1">
                  <ScheduledStopPointRef ref="VTR:ScheduledStopPoint:1132016"/>
                  <DestinationDisplayRef ref="VTR:DestinationDisplay:1"/>
                </StopPointInJourneyPattern>
                <StopPointInJourneyPattern id="VTR:StopPointInJourneyPattern:76799072" version="2210808" order="2">
                  <ScheduledStopPointRef ref="VTR:ScheduledStopPoint:1132017"/>
                  <DestinationDisplayRef ref="VTR:DestinationDisplay:1"/>
                </StopPointInJourneyPattern>
                <StopPointInJourneyPattern id="VTR:StopPointInJourneyPattern:76799073" version="2210808" order="3">
                  <ScheduledStopPointRef ref="VTR:ScheduledStopPoint:1132018"/>
                  <DestinationDisplayRef ref="VTR:DestinationDisplay:1"/>
                </StopPointInJourneyPattern>
                <StopPointInJourneyPattern id="VTR:StopPointInJourneyPattern:76799074" version="2210808" order="4">
                  <ScheduledStopPointRef ref="VTR:ScheduledStopPoint:1132019"/>
                  <DestinationDisplayRef ref="VTR:DestinationDisplay:1"/>
                </StopPointInJourneyPattern>
                <StopPointInJourneyPattern id="VTR:StopPointInJourneyPattern:76799075" version="2210808" order="5">
                  <ScheduledStopPointRef ref="VTR:ScheduledStopPoint:1132020"/>
                  <DestinationDisplayRef ref="VTR:DestinationDisplay:1"/>
                </StopPointInJourneyPattern>
                <StopPointInJourneyPattern id="VTR:StopPointInJourneyPattern:76799076" version="2210808" order="6">
                  <ScheduledStopPointRef ref="VTR:ScheduledStopPoint:1132021"/>
                  <DestinationDisplayRef ref="VTR:DestinationDisplay:1"/>
                </StopPointInJourneyPattern>
                <StopPointInJourneyPattern id="VTR:StopPointInJourneyPattern:76799077" version="2210808" order="7">
                  <ScheduledStopPointRef ref="VTR:ScheduledStopPoint:1132022"/>
                  <DestinationDisplayRef ref="VTR:DestinationDisplay:1"/>
                </StopPointInJourneyPattern>
                <StopPointInJourneyPattern id="VTR:StopPointInJourneyPattern:76799078" version="2210808" order="8">
                  <ScheduledStopPointRef ref="VTR:ScheduledStopPoint:1132023"/>
                  <DestinationDisplayRef ref="VTR:DestinationDisplay:1"/>
                </StopPointInJourneyPattern>
                <StopPointInJourneyPattern id="VTR:StopPointInJourneyPattern:76799079" version="2210808" order="9">
                  <ScheduledStopPointRef ref="VTR:ScheduledStopPoint:1132024"/>
                  <DestinationDisplayRef ref="VTR:DestinationDisplay:1"/>
                </StopPointInJourneyPattern>
                <StopPointInJourneyPattern id="VTR:StopPointInJourneyPattern:76799080" version="2210808" order="10">
                  <ScheduledStopPointRef ref="VTR:ScheduledStopPoint:1132025"/>
                  <DestinationDisplayRef ref="VTR:DestinationDisplay:1"/>
                </StopPointInJourneyPattern>
                <StopPointInJourneyPattern id="VTR:StopPointInJourneyPattern:76799081" version="2210808" order="11">
                  <ScheduledStopPointRef ref="VTR:ScheduledStopPoint:1132026"/>
                  <DestinationDisplayRef ref="VTR:DestinationDisplay:1"/>
                </StopPointInJourneyPattern>
                <StopPointInJourneyPattern id="VTR:StopPointInJourneyPattern:76799082" version="2210808" order="12">
                  <ScheduledStopPointRef ref="VTR:ScheduledStopPoint:1132027"/>
                  <DestinationDisplayRef ref="VTR:DestinationDisplay:1"/>
                </StopPointInJourneyPattern>
              </pointsInSequence>
            </JourneyPattern>
            <JourneyPattern id="VTR:JourneyPattern:2209540" version="2210806">
              <Name>1</Name>
              <RouteRef ref="VTR:Route:15798" version="1"/>
              <pointsInSequence>
                <StopPointInJourneyPattern id="VTR:StopPointInJourneyPattern:76799047" version="2210806" order="1">
                  <ScheduledStopPointRef ref="VTR:ScheduledStopPoint:1132004"/>
                  <DestinationDisplayRef ref="VTR:DestinationDisplay:1"/>
                </StopPointInJourneyPattern>
                <StopPointInJourneyPattern id="VTR:StopPointInJourneyPattern:76799048" version="2210806" order="2">
                  <ScheduledStopPointRef ref="VTR:ScheduledStopPoint:1132005"/>
                  <DestinationDisplayRef ref="VTR:DestinationDisplay:1"/>
                </StopPointInJourneyPattern>
                <StopPointInJourneyPattern id="VTR:StopPointInJourneyPattern:76799049" version="2210806" order="3">
                  <ScheduledStopPointRef ref="VTR:ScheduledStopPoint:1132006"/>
                  <DestinationDisplayRef ref="VTR:DestinationDisplay:1"/>
                </StopPointInJourneyPattern>
                <StopPointInJourneyPattern id="VTR:StopPointInJourneyPattern:76799050" version="2210806" order="4">
                  <ScheduledStopPointRef ref="VTR:ScheduledStopPoint:1132007"/>
                  <DestinationDisplayRef ref="VTR:DestinationDisplay:1"/>
                </StopPointInJourneyPattern>
                <StopPointInJourneyPattern id="VTR:StopPointInJourneyPattern:76799051" version="2210806" order="5">
                  <ScheduledStopPointRef ref="VTR:ScheduledStopPoint:1132008"/>
                  <DestinationDisplayRef ref="VTR:DestinationDisplay:1"/>
                </StopPointInJourneyPattern>
                <StopPointInJourneyPattern id="VTR:StopPointInJourneyPattern:76799052" version="2210806" order="6">
                  <ScheduledStopPointRef ref="VTR:ScheduledStopPoint:1132009"/>
                  <DestinationDisplayRef ref="VTR:DestinationDisplay:1"/>
                </StopPointInJourneyPattern>
                <StopPointInJourneyPattern id="VTR:StopPointInJourneyPattern:76799053" version="2210806" order="7">
                  <ScheduledStopPointRef ref="VTR:ScheduledStopPoint:1132010"/>
                  <DestinationDisplayRef ref="VTR:DestinationDisplay:1"/>
                </StopPointInJourneyPattern>
                <StopPointInJourneyPattern id="VTR:StopPointInJourneyPattern:76799054" version="2210806" order="8">
                  <ScheduledStopPointRef ref="VTR:ScheduledStopPoint:1132011"/>
                  <DestinationDisplayRef ref="VTR:DestinationDisplay:1"/>
                </StopPointInJourneyPattern>
                <StopPointInJourneyPattern id="VTR:StopPointInJourneyPattern:76799055" version="2210806" order="9">
                  <ScheduledStopPointRef ref="VTR:ScheduledStopPoint:1132012"/>
                  <DestinationDisplayRef ref="VTR:DestinationDisplay:1"/>
                </StopPointInJourneyPattern>
                <StopPointInJourneyPattern id="VTR:StopPointInJourneyPattern:76799056" version="2210806" order="10">
                  <ScheduledStopPointRef ref="VTR:ScheduledStopPoint:1132013"/>
                  <DestinationDisplayRef ref="VTR:DestinationDisplay:1"/>
                </StopPointInJourneyPattern>
                <StopPointInJourneyPattern id="VTR:StopPointInJourneyPattern:76799057" version="2210806" order="11">
                  <ScheduledStopPointRef ref="VTR:ScheduledStopPoint:1132014"/>
                  <DestinationDisplayRef ref="VTR:DestinationDisplay:1"/>
                </StopPointInJourneyPattern>
                <StopPointInJourneyPattern id="VTR:StopPointInJourneyPattern:76799058" version="2210806" order="12">
                  <ScheduledStopPointRef ref="VTR:ScheduledStopPoint:1132015"/>
                  <DestinationDisplayRef ref="VTR:DestinationDisplay:1"/>
                </StopPointInJourneyPattern>
              </pointsInSequence>
            </JourneyPattern>
            <JourneyPattern id="VTR:JourneyPattern:2209539" version="2210805">
              <Name>2</Name>
              <RouteRef ref="VTR:Route:15798" version="1"/>
              <pointsInSequence>
                <StopPointInJourneyPattern id="VTR:StopPointInJourneyPattern:76799035" version="2210805" order="1">
                  <ScheduledStopPointRef ref="VTR:ScheduledStopPoint:1132004"/>
                  <DestinationDisplayRef ref="VTR:DestinationDisplay:1"/>
                </StopPointInJourneyPattern>
                <StopPointInJourneyPattern id="VTR:StopPointInJourneyPattern:76799036" version="2210805" order="2">
                  <ScheduledStopPointRef ref="VTR:ScheduledStopPoint:1132005"/>
                  <DestinationDisplayRef ref="VTR:DestinationDisplay:1"/>
                </StopPointInJourneyPattern>
                <StopPointInJourneyPattern id="VTR:StopPointInJourneyPattern:76799037" version="2210805" order="3">
                  <ScheduledStopPointRef ref="VTR:ScheduledStopPoint:1132006"/>
                  <DestinationDisplayRef ref="VTR:DestinationDisplay:1"/>
                </StopPointInJourneyPattern>
                <StopPointInJourneyPattern id="VTR:StopPointInJourneyPattern:76799038" version="2210805" order="4">
                  <ScheduledStopPointRef ref="VTR:ScheduledStopPoint:1132007"/>
                  <DestinationDisplayRef ref="VTR:DestinationDisplay:1"/>
                </StopPointInJourneyPattern>
                <StopPointInJourneyPattern id="VTR:StopPointInJourneyPattern:76799039" version="2210805" order="5">
                  <ScheduledStopPointRef ref="VTR:ScheduledStopPoint:1132008"/>
                  <DestinationDisplayRef ref="VTR:DestinationDisplay:1"/>
                </StopPointInJourneyPattern>
                <StopPointInJourneyPattern id="VTR:StopPointInJourneyPattern:76799040" version="2210805" order="6">
                  <ScheduledStopPointRef ref="VTR:ScheduledStopPoint:1132009"/>
                  <DestinationDisplayRef ref="VTR:DestinationDisplay:1"/>
                </StopPointInJourneyPattern>
                <StopPointInJourneyPattern id="VTR:StopPointInJourneyPattern:76799041" version="2210805" order="7">
                  <ScheduledStopPointRef ref="VTR:ScheduledStopPoint:1132010"/>
                  <DestinationDisplayRef ref="VTR:DestinationDisplay:1"/>
                </StopPointInJourneyPattern>
                <StopPointInJourneyPattern id="VTR:StopPointInJourneyPattern:76799042" version="2210805" order="8">
                  <ScheduledStopPointRef ref="VTR:ScheduledStopPoint:1132011"/>
                  <DestinationDisplayRef ref="VTR:DestinationDisplay:1"/>
                </StopPointInJourneyPattern>
                <StopPointInJourneyPattern id="VTR:StopPointInJourneyPattern:76799043" version="2210805" order="9">
                  <ScheduledStopPointRef ref="VTR:ScheduledStopPoint:1132012"/>
                  <DestinationDisplayRef ref="VTR:DestinationDisplay:1"/>
                </StopPointInJourneyPattern>
                <StopPointInJourneyPattern id="VTR:StopPointInJourneyPattern:76799044" version="2210805" order="10">
                  <ScheduledStopPointRef ref="VTR:ScheduledStopPoint:1132013"/>
                  <DestinationDisplayRef ref="VTR:DestinationDisplay:1"/>
                </StopPointInJourneyPattern>
                <StopPointInJourneyPattern id="VTR:StopPointInJourneyPattern:76799045" version="2210805" order="11">
                  <ScheduledStopPointRef ref="VTR:ScheduledStopPoint:1132014"/>
                  <DestinationDisplayRef ref="VTR:DestinationDisplay:1"/>
                </StopPointInJourneyPattern>
                <StopPointInJourneyPattern id="VTR:StopPointInJourneyPattern:76799046" version="2210805" order="12">
                  <ScheduledStopPointRef ref="VTR:ScheduledStopPoint:1132015"/>
                  <DestinationDisplayRef ref="VTR:DestinationDisplay:1"/>
                </StopPointInJourneyPattern>
              </pointsInSequence>
            </JourneyPattern>
          </journeyPatterns>
        </ServiceFrame>
        <TimetableFrame version="1" id="VTR:TimetableFrame:1358">
          <vehicleJourneys>
            <ServiceJourney version="2210806" id="VTR:ServiceJourney:2209540">
              <Name>Anykščiai - Rubikiai per Burbiškį</Name>
              <PrivateCode>1</PrivateCode>
              <dayTypes>
                <DayTypeRef ref="VTR:DayType:1660"/>
              </dayTypes>
              <JourneyPatternRef version="2210806" ref="VTR:JourneyPattern:2209540"/>
              <OperatorRef ref="VTR:Operator:83950"/>
              <LineRef ref="VTR:Line:4741" version="7027"/>
              <passingTimes>
                <TimetabledPassingTime version="2210806" id="VTR:TimetabledPassingTime:2209540_76799047_1">
                  <StopPointInJourneyPatternRef ref="VTR:StopPointInJourneyPattern:76799047" version="2210806"/>
                  <DepartureTime>07:10:00</DepartureTime>
                  <DepartureDayOffset>0</DepartureDayOffset>
                </TimetabledPassingTime>
                <TimetabledPassingTime version="2210806" id="VTR:TimetabledPassingTime:2209540_76799048_2">
                  <StopPointInJourneyPatternRef ref="VTR:StopPointInJourneyPattern:76799048" version="2210806"/>
                  <DepartureTime>07:11:00</DepartureTime>
                  <DepartureDayOffset>0</DepartureDayOffset>
                </TimetabledPassingTime>
                <TimetabledPassingTime version="2210806" id="VTR:TimetabledPassingTime:2209540_76799049_3">
                  <StopPointInJourneyPatternRef ref="VTR:StopPointInJourneyPattern:76799049" version="2210806"/>
                  <DepartureTime>07:12:00</DepartureTime>
                  <DepartureDayOffset>0</DepartureDayOffset>
                </TimetabledPassingTime>
                <TimetabledPassingTime version="2210806" id="VTR:TimetabledPassingTime:2209540_76799050_4">
                  <StopPointInJourneyPatternRef ref="VTR:StopPointInJourneyPattern:76799050" version="2210806"/>
                  <DepartureTime>07:13:00</DepartureTime>
                  <DepartureDayOffset>0</DepartureDayOffset>
                </TimetabledPassingTime>
                <TimetabledPassingTime version="2210806" id="VTR:TimetabledPassingTime:2209540_76799051_5">
                  <StopPointInJourneyPatternRef ref="VTR:StopPointInJourneyPattern:76799051" version="2210806"/>
                  <DepartureTime>07:15:00</DepartureTime>
                  <DepartureDayOffset>0</DepartureDayOffset>
                </TimetabledPassingTime>
                <TimetabledPassingTime version="2210806" id="VTR:TimetabledPassingTime:2209540_76799052_6">
                  <StopPointInJourneyPatternRef ref="VTR:StopPointInJourneyPattern:76799052" version="2210806"/>
                  <DepartureTime>07:18:00</DepartureTime>
                  <DepartureDayOffset>0</DepartureDayOffset>
                </TimetabledPassingTime>
                <TimetabledPassingTime version="2210806" id="VTR:TimetabledPassingTime:2209540_76799053_7">
                  <StopPointInJourneyPatternRef ref="VTR:StopPointInJourneyPattern:76799053" version="2210806"/>
                  <DepartureTime>07:20:00</DepartureTime>
                  <DepartureDayOffset>0</DepartureDayOffset>
                </TimetabledPassingTime>
                <TimetabledPassingTime version="2210806" id="VTR:TimetabledPassingTime:2209540_76799054_8">
                  <StopPointInJourneyPatternRef ref="VTR:StopPointInJourneyPattern:76799054" version="2210806"/>
                  <DepartureTime>07:21:00</DepartureTime>
                  <DepartureDayOffset>0</DepartureDayOffset>
                </TimetabledPassingTime>
                <TimetabledPassingTime version="2210806" id="VTR:TimetabledPassingTime:2209540_76799055_9">
                  <StopPointInJourneyPatternRef ref="VTR:StopPointInJourneyPattern:76799055" version="2210806"/>
                  <DepartureTime>07:22:00</DepartureTime>
                  <DepartureDayOffset>0</DepartureDayOffset>
                </TimetabledPassingTime>
                <TimetabledPassingTime version="2210806" id="VTR:TimetabledPassingTime:2209540_76799056_10">
                  <StopPointInJourneyPatternRef ref="VTR:StopPointInJourneyPattern:76799056" version="2210806"/>
                  <DepartureTime>07:23:00</DepartureTime>
                  <DepartureDayOffset>0</DepartureDayOffset>
                </TimetabledPassingTime>
                <TimetabledPassingTime version="2210806" id="VTR:TimetabledPassingTime:2209540_76799057_11">
                  <StopPointInJourneyPatternRef ref="VTR:StopPointInJourneyPattern:76799057" version="2210806"/>
                  <DepartureTime>07:24:00</DepartureTime>
                  <DepartureDayOffset>0</DepartureDayOffset>
                </TimetabledPassingTime>
                <TimetabledPassingTime version="2210806" id="VTR:TimetabledPassingTime:2209540_76799058_12">
                  <StopPointInJourneyPatternRef ref="VTR:StopPointInJourneyPattern:76799058" version="2210806"/>
                  <DepartureTime>07:25:00</DepartureTime>
                  <DepartureDayOffset>0</DepartureDayOffset>
                </TimetabledPassingTime>
              </passingTimes>
            </ServiceJourney>
            <ServiceJourney version="2210807" id="VTR:ServiceJourney:2209541">
              <Name>Rubikiai - Anykščiai per Burbiškį</Name>
              <PrivateCode>1A</PrivateCode>
              <dayTypes>
                <DayTypeRef ref="VTR:DayType:1660"/>
              </dayTypes>
              <JourneyPatternRef version="2210807" ref="VTR:JourneyPattern:2209541"/>
              <OperatorRef ref="VTR:Operator:83950"/>
              <LineRef ref="VTR:Line:4741" version="7027"/>
              <passingTimes>
                <TimetabledPassingTime version="2210807" id="VTR:TimetabledPassingTime:2209541_76799059_1">
                  <StopPointInJourneyPatternRef ref="VTR:StopPointInJourneyPattern:76799059" version="2210807"/>
                  <DepartureTime>07:25:00</DepartureTime>
                  <DepartureDayOffset>0</DepartureDayOffset>
                </TimetabledPassingTime>
                <TimetabledPassingTime version="2210807" id="VTR:TimetabledPassingTime:2209541_76799060_2">
                  <StopPointInJourneyPatternRef ref="VTR:StopPointInJourneyPattern:76799060" version="2210807"/>
                  <DepartureTime>07:26:00</DepartureTime>
                  <DepartureDayOffset>0</DepartureDayOffset>
                </TimetabledPassingTime>
                <TimetabledPassingTime version="2210807" id="VTR:TimetabledPassingTime:2209541_76799061_3">
                  <StopPointInJourneyPatternRef ref="VTR:StopPointInJourneyPattern:76799061" version="2210807"/>
                  <DepartureTime>07:27:00</DepartureTime>
                  <DepartureDayOffset>0</DepartureDayOffset>
                </TimetabledPassingTime>
                <TimetabledPassingTime version="2210807" id="VTR:TimetabledPassingTime:2209541_76799062_4">
                  <StopPointInJourneyPatternRef ref="VTR:StopPointInJourneyPattern:76799062" version="2210807"/>
                  <DepartureTime>07:28:00</DepartureTime>
                  <DepartureDayOffset>0</DepartureDayOffset>
                </TimetabledPassingTime>
                <TimetabledPassingTime version="2210807" id="VTR:TimetabledPassingTime:2209541_76799063_5">
                  <StopPointInJourneyPatternRef ref="VTR:StopPointInJourneyPattern:76799063" version="2210807"/>
                  <DepartureTime>07:32:00</DepartureTime>
                  <DepartureDayOffset>0</DepartureDayOffset>
                </TimetabledPassingTime>
                <TimetabledPassingTime version="2210807" id="VTR:TimetabledPassingTime:2209541_76799064_6">
                  <StopPointInJourneyPatternRef ref="VTR:StopPointInJourneyPattern:76799064" version="2210807"/>
                  <DepartureTime>07:35:00</DepartureTime>
                  <DepartureDayOffset>0</DepartureDayOffset>
                </TimetabledPassingTime>
                <TimetabledPassingTime version="2210807" id="VTR:TimetabledPassingTime:2209541_76799065_7">
                  <StopPointInJourneyPatternRef ref="VTR:StopPointInJourneyPattern:76799065" version="2210807"/>
                  <DepartureTime>07:37:00</DepartureTime>
                  <DepartureDayOffset>0</DepartureDayOffset>
                </TimetabledPassingTime>
                <TimetabledPassingTime version="2210807" id="VTR:TimetabledPassingTime:2209541_76799066_8">
                  <StopPointInJourneyPatternRef ref="VTR:StopPointInJourneyPattern:76799066" version="2210807"/>
                  <DepartureTime>07:40:00</DepartureTime>
                  <DepartureDayOffset>0</DepartureDayOffset>
                </TimetabledPassingTime>
                <TimetabledPassingTime version="2210807" id="VTR:TimetabledPassingTime:2209541_76799067_9">
                  <StopPointInJourneyPatternRef ref="VTR:StopPointInJourneyPattern:76799067" version="2210807"/>
                  <DepartureTime>07:42:00</DepartureTime>
                  <DepartureDayOffset>0</DepartureDayOffset>
                </TimetabledPassingTime>
                <TimetabledPassingTime version="2210807" id="VTR:TimetabledPassingTime:2209541_76799068_10">
                  <StopPointInJourneyPatternRef ref="VTR:StopPointInJourneyPattern:76799068" version="2210807"/>
                  <DepartureTime>07:43:00</DepartureTime>
                  <DepartureDayOffset>0</DepartureDayOffset>
                </TimetabledPassingTime>
                <TimetabledPassingTime version="2210807" id="VTR:TimetabledPassingTime:2209541_76799069_11">
                  <StopPointInJourneyPatternRef ref="VTR:StopPointInJourneyPattern:76799069" version="2210807"/>
                  <DepartureTime>07:44:00</DepartureTime>
                  <DepartureDayOffset>0</DepartureDayOffset>
                </TimetabledPassingTime>
                <TimetabledPassingTime version="2210807" id="VTR:TimetabledPassingTime:2209541_76799070_12">
                  <StopPointInJourneyPatternRef ref="VTR:StopPointInJourneyPattern:76799070" version="2210807"/>
                  <DepartureTime>07:45:00</DepartureTime>
                  <DepartureDayOffset>0</DepartureDayOffset>
                </TimetabledPassingTime>
              </passingTimes>
            </ServiceJourney>
            <ServiceJourney version="2210808" id="VTR:ServiceJourney:2209542">
              <Name>Rubikiai - Anykščiai per Burbiškį</Name>
              <PrivateCode>2A</PrivateCode>
              <dayTypes>
                <DayTypeRef ref="VTR:DayType:1660"/>
              </dayTypes>
              <JourneyPatternRef version="2210808" ref="VTR:JourneyPattern:2209542"/>
              <OperatorRef ref="VTR:Operator:83950"/>
              <LineRef ref="VTR:Line:4741" version="7027"/>
              <passingTimes>
                <TimetabledPassingTime version="2210808" id="VTR:TimetabledPassingTime:2209542_76799071_1">
                  <StopPointInJourneyPatternRef ref="VTR:StopPointInJourneyPattern:76799071" version="2210808"/>
                  <DepartureTime>15:45:00</DepartureTime>
                  <DepartureDayOffset>0</DepartureDayOffset>
                </TimetabledPassingTime>
                <TimetabledPassingTime version="2210808" id="VTR:TimetabledPassingTime:2209542_76799072_2">
                  <StopPointInJourneyPatternRef ref="VTR:StopPointInJourneyPattern:76799072" version="2210808"/>
                  <DepartureTime>15:46:00</DepartureTime>
                  <DepartureDayOffset>0</DepartureDayOffset>
                </TimetabledPassingTime>
                <TimetabledPassingTime version="2210808" id="VTR:TimetabledPassingTime:2209542_76799073_3">
                  <StopPointInJourneyPatternRef ref="VTR:StopPointInJourneyPattern:76799073" version="2210808"/>
                  <DepartureTime>15:47:00</DepartureTime>
                  <DepartureDayOffset>0</DepartureDayOffset>
                </TimetabledPassingTime>
                <TimetabledPassingTime version="2210808" id="VTR:TimetabledPassingTime:2209542_76799074_4">
                  <StopPointInJourneyPatternRef ref="VTR:StopPointInJourneyPattern:76799074" version="2210808"/>
                  <DepartureTime>15:48:00</DepartureTime>
                  <DepartureDayOffset>0</DepartureDayOffset>
                </TimetabledPassingTime>
                <TimetabledPassingTime version="2210808" id="VTR:TimetabledPassingTime:2209542_76799075_5">
                  <StopPointInJourneyPatternRef ref="VTR:StopPointInJourneyPattern:76799075" version="2210808"/>
                  <DepartureTime>15:52:00</DepartureTime>
                  <DepartureDayOffset>0</DepartureDayOffset>
                </TimetabledPassingTime>
                <TimetabledPassingTime version="2210808" id="VTR:TimetabledPassingTime:2209542_76799076_6">
                  <StopPointInJourneyPatternRef ref="VTR:StopPointInJourneyPattern:76799076" version="2210808"/>
                  <DepartureTime>15:53:00</DepartureTime>
                  <DepartureDayOffset>0</DepartureDayOffset>
                </TimetabledPassingTime>
                <TimetabledPassingTime version="2210808" id="VTR:TimetabledPassingTime:2209542_76799077_7">
                  <StopPointInJourneyPatternRef ref="VTR:StopPointInJourneyPattern:76799077" version="2210808"/>
                  <DepartureTime>15:54:00</DepartureTime>
                  <DepartureDayOffset>0</DepartureDayOffset>
                </TimetabledPassingTime>
                <TimetabledPassingTime version="2210808" id="VTR:TimetabledPassingTime:2209542_76799078_8">
                  <StopPointInJourneyPatternRef ref="VTR:StopPointInJourneyPattern:76799078" version="2210808"/>
                  <DepartureTime>15:55:00</DepartureTime>
                  <DepartureDayOffset>0</DepartureDayOffset>
                </TimetabledPassingTime>
                <TimetabledPassingTime version="2210808" id="VTR:TimetabledPassingTime:2209542_76799079_9">
                  <StopPointInJourneyPatternRef ref="VTR:StopPointInJourneyPattern:76799079" version="2210808"/>
                  <DepartureTime>15:56:00</DepartureTime>
                  <DepartureDayOffset>0</DepartureDayOffset>
                </TimetabledPassingTime>
                <TimetabledPassingTime version="2210808" id="VTR:TimetabledPassingTime:2209542_76799080_10">
                  <StopPointInJourneyPatternRef ref="VTR:StopPointInJourneyPattern:76799080" version="2210808"/>
                  <DepartureTime>15:58:00</DepartureTime>
                  <DepartureDayOffset>0</DepartureDayOffset>
                </TimetabledPassingTime>
                <TimetabledPassingTime version="2210808" id="VTR:TimetabledPassingTime:2209542_76799081_11">
                  <StopPointInJourneyPatternRef ref="VTR:StopPointInJourneyPattern:76799081" version="2210808"/>
                  <DepartureTime>15:59:00</DepartureTime>
                  <DepartureDayOffset>0</DepartureDayOffset>
                </TimetabledPassingTime>
                <TimetabledPassingTime version="2210808" id="VTR:TimetabledPassingTime:2209542_76799082_12">
                  <StopPointInJourneyPatternRef ref="VTR:StopPointInJourneyPattern:76799082" version="2210808"/>
                  <DepartureTime>16:00:00</DepartureTime>
                  <DepartureDayOffset>0</DepartureDayOffset>
                </TimetabledPassingTime>
              </passingTimes>
            </ServiceJourney>
            <ServiceJourney version="2210805" id="VTR:ServiceJourney:2209539">
              <Name>Anykščiai - Rubikiai per Burbiškį</Name>
              <PrivateCode>2</PrivateCode>
              <dayTypes>
                <DayTypeRef ref="VTR:DayType:1660"/>
              </dayTypes>
              <JourneyPatternRef version="2210805" ref="VTR:JourneyPattern:2209539"/>
              <OperatorRef ref="VTR:Operator:83950"/>
              <LineRef ref="VTR:Line:4741" version="7027"/>
              <passingTimes>
                <TimetabledPassingTime version="2210805" id="VTR:TimetabledPassingTime:2209539_76799035_1">
                  <StopPointInJourneyPatternRef ref="VTR:StopPointInJourneyPattern:76799035" version="2210805"/>
                  <DepartureTime>15:15:00</DepartureTime>
                  <DepartureDayOffset>0</DepartureDayOffset>
                </TimetabledPassingTime>
                <TimetabledPassingTime version="2210805" id="VTR:TimetabledPassingTime:2209539_76799036_2">
                  <StopPointInJourneyPatternRef ref="VTR:StopPointInJourneyPattern:76799036" version="2210805"/>
                  <DepartureTime>15:16:00</DepartureTime>
                  <DepartureDayOffset>0</DepartureDayOffset>
                </TimetabledPassingTime>
                <TimetabledPassingTime version="2210805" id="VTR:TimetabledPassingTime:2209539_76799037_3">
                  <StopPointInJourneyPatternRef ref="VTR:StopPointInJourneyPattern:76799037" version="2210805"/>
                  <DepartureTime>15:17:00</DepartureTime>
                  <DepartureDayOffset>0</DepartureDayOffset>
                </TimetabledPassingTime>
                <TimetabledPassingTime version="2210805" id="VTR:TimetabledPassingTime:2209539_76799038_4">
                  <StopPointInJourneyPatternRef ref="VTR:StopPointInJourneyPattern:76799038" version="2210805"/>
                  <DepartureTime>15:19:00</DepartureTime>
                  <DepartureDayOffset>0</DepartureDayOffset>
                </TimetabledPassingTime>
                <TimetabledPassingTime version="2210805" id="VTR:TimetabledPassingTime:2209539_76799039_5">
                  <StopPointInJourneyPatternRef ref="VTR:StopPointInJourneyPattern:76799039" version="2210805"/>
                  <DepartureTime>15:22:00</DepartureTime>
                  <DepartureDayOffset>0</DepartureDayOffset>
                </TimetabledPassingTime>
                <TimetabledPassingTime version="2210805" id="VTR:TimetabledPassingTime:2209539_76799040_6">
                  <StopPointInJourneyPatternRef ref="VTR:StopPointInJourneyPattern:76799040" version="2210805"/>
                  <DepartureTime>15:25:00</DepartureTime>
                  <DepartureDayOffset>0</DepartureDayOffset>
                </TimetabledPassingTime>
                <TimetabledPassingTime version="2210805" id="VTR:TimetabledPassingTime:2209539_76799041_7">
                  <StopPointInJourneyPatternRef ref="VTR:StopPointInJourneyPattern:76799041" version="2210805"/>
                  <DepartureTime>15:28:00</DepartureTime>
                  <DepartureDayOffset>0</DepartureDayOffset>
                </TimetabledPassingTime>
                <TimetabledPassingTime version="2210805" id="VTR:TimetabledPassingTime:2209539_76799042_8">
                  <StopPointInJourneyPatternRef ref="VTR:StopPointInJourneyPattern:76799042" version="2210805"/>
                  <DepartureTime>15:32:00</DepartureTime>
                  <DepartureDayOffset>0</DepartureDayOffset>
                </TimetabledPassingTime>
                <TimetabledPassingTime version="2210805" id="VTR:TimetabledPassingTime:2209539_76799043_9">
                  <StopPointInJourneyPatternRef ref="VTR:StopPointInJourneyPattern:76799043" version="2210805"/>
                  <DepartureTime>15:37:00</DepartureTime>
                  <DepartureDayOffset>0</DepartureDayOffset>
                </TimetabledPassingTime>
                <TimetabledPassingTime version="2210805" id="VTR:TimetabledPassingTime:2209539_76799044_10">
                  <StopPointInJourneyPatternRef ref="VTR:StopPointInJourneyPattern:76799044" version="2210805"/>
                  <DepartureTime>15:40:00</DepartureTime>
                  <DepartureDayOffset>0</DepartureDayOffset>
                </TimetabledPassingTime>
                <TimetabledPassingTime version="2210805" id="VTR:TimetabledPassingTime:2209539_76799045_11">
                  <StopPointInJourneyPatternRef ref="VTR:StopPointInJourneyPattern:76799045" version="2210805"/>
                  <DepartureTime>15:42:00</DepartureTime>
                  <DepartureDayOffset>0</DepartureDayOffset>
                </TimetabledPassingTime>
                <TimetabledPassingTime version="2210805" id="VTR:TimetabledPassingTime:2209539_76799046_12">
                  <StopPointInJourneyPatternRef ref="VTR:StopPointInJourneyPattern:76799046" version="2210805"/>
                  <DepartureTime>15:45:00</DepartureTime>
                  <DepartureDayOffset>0</DepartureDayOffset>
                </TimetabledPassingTime>
              </passingTimes>
            </ServiceJourney>
          </vehicleJourneys>
        </TimetableFrame>
        <ResourceFrame version="1" id="VTR:ResourceFrame:1358">
          <organisations>
            <Authority version="1" id="VTR:Authority:49">
              <CompanyNumber>34</CompanyNumber>
              <Name>Anykščių r. sav.</Name>
              <LegalName>Anykščių r. sav.</LegalName>
              <ContactDetails>
                <Email>info@anyksciai.lt</Email>
                <Phone>838142350</Phone>
                <Url>www.anyksciai.lt</Url>
              </ContactDetails>
              <OrganisationType>authority</OrganisationType>
            </Authority>
          </organisations>
        </ResourceFrame>
      </frames>
    </CompositeFrame>
  </dataObjects>
</PublicationDelivery>
