<?xml version="1.0" encoding="UTF-8"?><PublicationDelivery xmlns="http://www.netex.org.uk/netex" xmlns:gis="http://www.opengis.net/gml/3.2" xmlns:ns2="http://www.opengis.net/gml/3.2" xmlns:ns3="http://www.siri.org.uk/siri" xmlns:xsi="http://www.w3.org/2001/XMLSchema-instance" version="1" xsi:schemaLocation="">
  <PublicationTimestamp>2022-05-07T01:25:00.311</PublicationTimestamp>
  <ParticipantRef>VTR</ParticipantRef>
  <Description>1</Description>
  <dataObjects>
    <CompositeFrame created="2022-05-07T01:25:00.311" version="1" id="VTR:CompositeFrame:1358">
      <validityConditions>
        <AvailabilityCondition version="1" id="VTR:AvailabilityCondition:1358">
          <FromDate>2016-11-30T00:00:00</FromDate>
          <ToDate>2027-12-30T00:00:00</ToDate>
        </AvailabilityCondition>
      </validityConditions>
      <codespaces>
        <Codespace id="vtr">
          <Xmlns>VTR</Xmlns>
          <XmlnsUrl>http://www.visimarsrutai.lt/</XmlnsUrl>
        </Codespace>
      </codespaces>
      <FrameDefaults>
        <DefaultLocale>
          <TimeZone>Europe/Vilnius</TimeZone>
        </DefaultLocale>
        <DefaultLocationSystem>WGS84</DefaultLocationSystem>
      </FrameDefaults>
      <frames>
        <ServiceCalendarFrame version="1" id="VTR:ServiceCalendarFrame:1358">
          <dayTypes>
            <DayType id="VTR:DayType:1660" version="1">
              <properties>
                <PropertyOfDay>
                  <DaysOfWeek>Monday Tuesday Wednesday Thursday Friday</DaysOfWeek>
                </PropertyOfDay>
              </properties>
            </DayType>
          </dayTypes>
          <operatingPeriods>
            <OperatingPeriod version="1" id="VTR:OperatingPeriod:1660">
              <FromDate>2018-01-01T00:00:00</FromDate>
              <ToDate>2024-12-31T00:00:00</ToDate>
            </OperatingPeriod>
          </operatingPeriods>
          <dayTypeAssignments>
            <DayTypeAssignment id="VTR:DayTypeAssignment:1660_0" version="1" order="1624">
              <OperatingPeriodRef ref="VTR:OperatingPeriod:1660" version="1"/>
              <DayTypeRef ref="VTR:DayType:1660" version="1"/>
            </DayTypeAssignment>
          </dayTypeAssignments>
        </ServiceCalendarFrame>
        <ServiceFrame id="VTR:ServiceFrame:1358" version="1">
          <Network version="0" id="VTR:Network:49"/>
          <routePoints>
            <RoutePoint version="1" id="VTR:RoutePoint:1468590">
              <projections>
                <PointProjection version="1" id="VTR:PointProjection:1763">
                  <ProjectedPointRef ref="VTR:ScheduledStopPoint:1468590" version="1"/>
                </PointProjection>
              </projections>
            </RoutePoint>
            <RoutePoint version="1" id="VTR:RoutePoint:1468591">
              <projections>
                <PointProjection version="1" id="VTR:PointProjection:63219">
                  <ProjectedPointRef ref="VTR:ScheduledStopPoint:1468591" version="1"/>
                </PointProjection>
              </projections>
            </RoutePoint>
            <RoutePoint version="1" id="VTR:RoutePoint:1468592">
              <projections>
                <PointProjection version="1" id="VTR:PointProjection:63220">
                  <ProjectedPointRef ref="VTR:ScheduledStopPoint:1468592" version="1"/>
                </PointProjection>
              </projections>
            </RoutePoint>
            <RoutePoint version="1" id="VTR:RoutePoint:1468593">
              <projections>
                <PointProjection version="1" id="VTR:PointProjection:63221">
                  <ProjectedPointRef ref="VTR:ScheduledStopPoint:1468593" version="1"/>
                </PointProjection>
              </projections>
            </RoutePoint>
            <RoutePoint version="1" id="VTR:RoutePoint:1468594">
              <projections>
                <PointProjection version="1" id="VTR:PointProjection:63222">
                  <ProjectedPointRef ref="VTR:ScheduledStopPoint:1468594" version="1"/>
                </PointProjection>
              </projections>
            </RoutePoint>
            <RoutePoint version="1" id="VTR:RoutePoint:1468595">
              <projections>
                <PointProjection version="1" id="VTR:PointProjection:63223">
                  <ProjectedPointRef ref="VTR:ScheduledStopPoint:1468595" version="1"/>
                </PointProjection>
              </projections>
            </RoutePoint>
            <RoutePoint version="1" id="VTR:RoutePoint:1468596">
              <projections>
                <PointProjection version="1" id="VTR:PointProjection:63224">
                  <ProjectedPointRef ref="VTR:ScheduledStopPoint:1468596" version="1"/>
                </PointProjection>
              </projections>
            </RoutePoint>
            <RoutePoint version="1" id="VTR:RoutePoint:1468597">
              <projections>
                <PointProjection version="1" id="VTR:PointProjection:63225">
                  <ProjectedPointRef ref="VTR:ScheduledStopPoint:1468597" version="1"/>
                </PointProjection>
              </projections>
            </RoutePoint>
            <RoutePoint version="1" id="VTR:RoutePoint:1468598">
              <projections>
                <PointProjection version="1" id="VTR:PointProjection:63226">
                  <ProjectedPointRef ref="VTR:ScheduledStopPoint:1468598" version="1"/>
                </PointProjection>
              </projections>
            </RoutePoint>
            <RoutePoint version="1" id="VTR:RoutePoint:1468599">
              <projections>
                <PointProjection version="1" id="VTR:PointProjection:63227">
                  <ProjectedPointRef ref="VTR:ScheduledStopPoint:1468599" version="1"/>
                </PointProjection>
              </projections>
            </RoutePoint>
            <RoutePoint version="1" id="VTR:RoutePoint:1468600">
              <projections>
                <PointProjection version="1" id="VTR:PointProjection:63218">
                  <ProjectedPointRef ref="VTR:ScheduledStopPoint:1468600" version="1"/>
                </PointProjection>
              </projections>
            </RoutePoint>
            <RoutePoint version="1" id="VTR:RoutePoint:1468601">
              <projections>
                <PointProjection version="1" id="VTR:PointProjection:62649">
                  <ProjectedPointRef ref="VTR:ScheduledStopPoint:1468601" version="1"/>
                </PointProjection>
              </projections>
            </RoutePoint>
            <RoutePoint version="1" id="VTR:RoutePoint:1468602">
              <projections>
                <PointProjection version="1" id="VTR:PointProjection:62650">
                  <ProjectedPointRef ref="VTR:ScheduledStopPoint:1468602" version="1"/>
                </PointProjection>
              </projections>
            </RoutePoint>
            <RoutePoint version="1" id="VTR:RoutePoint:1468603">
              <projections>
                <PointProjection version="1" id="VTR:PointProjection:62651">
                  <ProjectedPointRef ref="VTR:ScheduledStopPoint:1468603" version="1"/>
                </PointProjection>
              </projections>
            </RoutePoint>
            <RoutePoint version="1" id="VTR:RoutePoint:1468604">
              <projections>
                <PointProjection version="1" id="VTR:PointProjection:62652">
                  <ProjectedPointRef ref="VTR:ScheduledStopPoint:1468604" version="1"/>
                </PointProjection>
              </projections>
            </RoutePoint>
            <RoutePoint version="1" id="VTR:RoutePoint:1468605">
              <projections>
                <PointProjection version="1" id="VTR:PointProjection:62653">
                  <ProjectedPointRef ref="VTR:ScheduledStopPoint:1468605" version="1"/>
                </PointProjection>
              </projections>
            </RoutePoint>
            <RoutePoint version="1" id="VTR:RoutePoint:1468606">
              <projections>
                <PointProjection version="1" id="VTR:PointProjection:62654">
                  <ProjectedPointRef ref="VTR:ScheduledStopPoint:1468606" version="1"/>
                </PointProjection>
              </projections>
            </RoutePoint>
            <RoutePoint version="1" id="VTR:RoutePoint:1468607">
              <projections>
                <PointProjection version="1" id="VTR:PointProjection:62655">
                  <ProjectedPointRef ref="VTR:ScheduledStopPoint:1468607" version="1"/>
                </PointProjection>
              </projections>
            </RoutePoint>
            <RoutePoint version="1" id="VTR:RoutePoint:1468608">
              <projections>
                <PointProjection version="1" id="VTR:PointProjection:62656">
                  <ProjectedPointRef ref="VTR:ScheduledStopPoint:1468608" version="1"/>
                </PointProjection>
              </projections>
            </RoutePoint>
            <RoutePoint version="1" id="VTR:RoutePoint:1468609">
              <projections>
                <PointProjection version="1" id="VTR:PointProjection:62657">
                  <ProjectedPointRef ref="VTR:ScheduledStopPoint:1468609" version="1"/>
                </PointProjection>
              </projections>
            </RoutePoint>
            <RoutePoint version="1" id="VTR:RoutePoint:1468610">
              <projections>
                <PointProjection version="1" id="VTR:PointProjection:62658">
                  <ProjectedPointRef ref="VTR:ScheduledStopPoint:1468610" version="1"/>
                </PointProjection>
              </projections>
            </RoutePoint>
            <RoutePoint version="1" id="VTR:RoutePoint:1468611">
              <projections>
                <PointProjection version="1" id="VTR:PointProjection:62659">
                  <ProjectedPointRef ref="VTR:ScheduledStopPoint:1468611" version="1"/>
                </PointProjection>
              </projections>
            </RoutePoint>
            <RoutePoint version="1" id="VTR:RoutePoint:1468612">
              <projections>
                <PointProjection version="1" id="VTR:PointProjection:62660">
                  <ProjectedPointRef ref="VTR:ScheduledStopPoint:1468612" version="1"/>
                </PointProjection>
              </projections>
            </RoutePoint>
            <RoutePoint version="1" id="VTR:RoutePoint:1468613">
              <projections>
                <PointProjection version="1" id="VTR:PointProjection:62661">
                  <ProjectedPointRef ref="VTR:ScheduledStopPoint:1468613" version="1"/>
                </PointProjection>
              </projections>
            </RoutePoint>
            <RoutePoint version="1" id="VTR:RoutePoint:1468614">
              <projections>
                <PointProjection version="1" id="VTR:PointProjection:62662">
                  <ProjectedPointRef ref="VTR:ScheduledStopPoint:1468614" version="1"/>
                </PointProjection>
              </projections>
            </RoutePoint>
            <RoutePoint version="1" id="VTR:RoutePoint:1468615">
              <projections>
                <PointProjection version="1" id="VTR:PointProjection:62663">
                  <ProjectedPointRef ref="VTR:ScheduledStopPoint:1468615" version="1"/>
                </PointProjection>
              </projections>
            </RoutePoint>
            <RoutePoint version="1" id="VTR:RoutePoint:1468616">
              <projections>
                <PointProjection version="1" id="VTR:PointProjection:62664">
                  <ProjectedPointRef ref="VTR:ScheduledStopPoint:1468616" version="1"/>
                </PointProjection>
              </projections>
            </RoutePoint>
            <RoutePoint version="1" id="VTR:RoutePoint:1468617">
              <projections>
                <PointProjection version="1" id="VTR:PointProjection:62665">
                  <ProjectedPointRef ref="VTR:ScheduledStopPoint:1468617" version="1"/>
                </PointProjection>
              </projections>
            </RoutePoint>
            <RoutePoint version="1" id="VTR:RoutePoint:1468619">
              <projections>
                <PointProjection version="1" id="VTR:PointProjection:62666">
                  <ProjectedPointRef ref="VTR:ScheduledStopPoint:1468619" version="1"/>
                </PointProjection>
              </projections>
            </RoutePoint>
            <RoutePoint version="1" id="VTR:RoutePoint:1468620">
              <projections>
                <PointProjection version="1" id="VTR:PointProjection:62667">
                  <ProjectedPointRef ref="VTR:ScheduledStopPoint:1468620" version="1"/>
                </PointProjection>
              </projections>
            </RoutePoint>
            <RoutePoint version="1" id="VTR:RoutePoint:1468621">
              <projections>
                <PointProjection version="1" id="VTR:PointProjection:62668">
                  <ProjectedPointRef ref="VTR:ScheduledStopPoint:1468621" version="1"/>
                </PointProjection>
              </projections>
            </RoutePoint>
            <RoutePoint version="1" id="VTR:RoutePoint:1468622">
              <projections>
                <PointProjection version="1" id="VTR:PointProjection:62669">
                  <ProjectedPointRef ref="VTR:ScheduledStopPoint:1468622" version="1"/>
                </PointProjection>
              </projections>
            </RoutePoint>
            <RoutePoint version="1" id="VTR:RoutePoint:1468623">
              <projections>
                <PointProjection version="1" id="VTR:PointProjection:62670">
                  <ProjectedPointRef ref="VTR:ScheduledStopPoint:1468623" version="1"/>
                </PointProjection>
              </projections>
            </RoutePoint>
            <RoutePoint version="1" id="VTR:RoutePoint:1468624">
              <projections>
                <PointProjection version="1" id="VTR:PointProjection:62718">
                  <ProjectedPointRef ref="VTR:ScheduledStopPoint:1468624" version="1"/>
                </PointProjection>
              </projections>
            </RoutePoint>
            <RoutePoint version="1" id="VTR:RoutePoint:1468625">
              <projections>
                <PointProjection version="1" id="VTR:PointProjection:62719">
                  <ProjectedPointRef ref="VTR:ScheduledStopPoint:1468625" version="1"/>
                </PointProjection>
              </projections>
            </RoutePoint>
            <RoutePoint version="1" id="VTR:RoutePoint:1468629">
              <projections>
                <PointProjection version="1" id="VTR:PointProjection:62721">
                  <ProjectedPointRef ref="VTR:ScheduledStopPoint:1468629" version="1"/>
                </PointProjection>
              </projections>
            </RoutePoint>
            <RoutePoint version="1" id="VTR:RoutePoint:1468630">
              <projections>
                <PointProjection version="1" id="VTR:PointProjection:62722">
                  <ProjectedPointRef ref="VTR:ScheduledStopPoint:1468630" version="1"/>
                </PointProjection>
              </projections>
            </RoutePoint>
            <RoutePoint version="1" id="VTR:RoutePoint:1468631">
              <projections>
                <PointProjection version="1" id="VTR:PointProjection:62723">
                  <ProjectedPointRef ref="VTR:ScheduledStopPoint:1468631" version="1"/>
                </PointProjection>
              </projections>
            </RoutePoint>
            <RoutePoint version="1" id="VTR:RoutePoint:1468632">
              <projections>
                <PointProjection version="1" id="VTR:PointProjection:62724">
                  <ProjectedPointRef ref="VTR:ScheduledStopPoint:1468632" version="1"/>
                </PointProjection>
              </projections>
            </RoutePoint>
            <RoutePoint version="1" id="VTR:RoutePoint:1468633">
              <projections>
                <PointProjection version="1" id="VTR:PointProjection:62725">
                  <ProjectedPointRef ref="VTR:ScheduledStopPoint:1468633" version="1"/>
                </PointProjection>
              </projections>
            </RoutePoint>
            <RoutePoint version="1" id="VTR:RoutePoint:1468634">
              <projections>
                <PointProjection version="1" id="VTR:PointProjection:62726">
                  <ProjectedPointRef ref="VTR:ScheduledStopPoint:1468634" version="1"/>
                </PointProjection>
              </projections>
            </RoutePoint>
            <RoutePoint version="1" id="VTR:RoutePoint:1468635">
              <projections>
                <PointProjection version="1" id="VTR:PointProjection:62727">
                  <ProjectedPointRef ref="VTR:ScheduledStopPoint:1468635" version="1"/>
                </PointProjection>
              </projections>
            </RoutePoint>
            <RoutePoint version="1" id="VTR:RoutePoint:1468636">
              <projections>
                <PointProjection version="1" id="VTR:PointProjection:62728">
                  <ProjectedPointRef ref="VTR:ScheduledStopPoint:1468636" version="1"/>
                </PointProjection>
              </projections>
            </RoutePoint>
            <RoutePoint version="1" id="VTR:RoutePoint:1468641">
              <projections>
                <PointProjection version="1" id="VTR:PointProjection:62730">
                  <ProjectedPointRef ref="VTR:ScheduledStopPoint:1468641" version="1"/>
                </PointProjection>
              </projections>
            </RoutePoint>
            <RoutePoint version="1" id="VTR:RoutePoint:1468642">
              <projections>
                <PointProjection version="1" id="VTR:PointProjection:62731">
                  <ProjectedPointRef ref="VTR:ScheduledStopPoint:1468642" version="1"/>
                </PointProjection>
              </projections>
            </RoutePoint>
            <RoutePoint version="1" id="VTR:RoutePoint:1468643">
              <projections>
                <PointProjection version="1" id="VTR:PointProjection:62732">
                  <ProjectedPointRef ref="VTR:ScheduledStopPoint:1468643" version="1"/>
                </PointProjection>
              </projections>
            </RoutePoint>
            <RoutePoint version="1" id="VTR:RoutePoint:1468644">
              <projections>
                <PointProjection version="1" id="VTR:PointProjection:62733">
                  <ProjectedPointRef ref="VTR:ScheduledStopPoint:1468644" version="1"/>
                </PointProjection>
              </projections>
            </RoutePoint>
            <RoutePoint version="1" id="VTR:RoutePoint:1468670">
              <projections>
                <PointProjection version="1" id="VTR:PointProjection:58379">
                  <ProjectedPointRef ref="VTR:ScheduledStopPoint:1468670" version="1"/>
                </PointProjection>
              </projections>
            </RoutePoint>
            <RoutePoint version="1" id="VTR:RoutePoint:1468671">
              <projections>
                <PointProjection version="1" id="VTR:PointProjection:58380">
                  <ProjectedPointRef ref="VTR:ScheduledStopPoint:1468671" version="1"/>
                </PointProjection>
              </projections>
            </RoutePoint>
            <RoutePoint version="1" id="VTR:RoutePoint:1468672">
              <projections>
                <PointProjection version="1" id="VTR:PointProjection:58382">
                  <ProjectedPointRef ref="VTR:ScheduledStopPoint:1468672" version="1"/>
                </PointProjection>
              </projections>
            </RoutePoint>
            <RoutePoint version="1" id="VTR:RoutePoint:1468673">
              <projections>
                <PointProjection version="1" id="VTR:PointProjection:58383">
                  <ProjectedPointRef ref="VTR:ScheduledStopPoint:1468673" version="1"/>
                </PointProjection>
              </projections>
            </RoutePoint>
            <RoutePoint version="1" id="VTR:RoutePoint:1468674">
              <projections>
                <PointProjection version="1" id="VTR:PointProjection:58317">
                  <ProjectedPointRef ref="VTR:ScheduledStopPoint:1468674" version="1"/>
                </PointProjection>
              </projections>
            </RoutePoint>
            <RoutePoint version="1" id="VTR:RoutePoint:1468675">
              <projections>
                <PointProjection version="1" id="VTR:PointProjection:58318">
                  <ProjectedPointRef ref="VTR:ScheduledStopPoint:1468675" version="1"/>
                </PointProjection>
              </projections>
            </RoutePoint>
            <RoutePoint version="1" id="VTR:RoutePoint:1468676">
              <projections>
                <PointProjection version="1" id="VTR:PointProjection:58319">
                  <ProjectedPointRef ref="VTR:ScheduledStopPoint:1468676" version="1"/>
                </PointProjection>
              </projections>
            </RoutePoint>
            <RoutePoint version="1" id="VTR:RoutePoint:1468677">
              <projections>
                <PointProjection version="1" id="VTR:PointProjection:58320">
                  <ProjectedPointRef ref="VTR:ScheduledStopPoint:1468677" version="1"/>
                </PointProjection>
              </projections>
            </RoutePoint>
          </routePoints>
          <routes>
            <Route version="1" id="VTR:Route:18338">
              <Name>Staškūniškis - Anykščiai per Kurklius</Name>
              <ShortName>Staškūniškis - Anykščiai per Kurklius</ShortName>
              <LineRef ref="VTR:Line:4742" version="8164"/>
              <DirectionType>inbound</DirectionType>
              <pointsInSequence>
                <PointOnRoute version="1" id="VTR:PointOnRoute:1468590" order="1">
                  <RoutePointRef ref="VTR:RoutePoint:1468590"/>
                </PointOnRoute>
                <PointOnRoute version="1" id="VTR:PointOnRoute:1468591" order="2">
                  <RoutePointRef ref="VTR:RoutePoint:1468591"/>
                </PointOnRoute>
                <PointOnRoute version="1" id="VTR:PointOnRoute:1468592" order="3">
                  <RoutePointRef ref="VTR:RoutePoint:1468592"/>
                </PointOnRoute>
                <PointOnRoute version="1" id="VTR:PointOnRoute:1468593" order="4">
                  <RoutePointRef ref="VTR:RoutePoint:1468593"/>
                </PointOnRoute>
                <PointOnRoute version="1" id="VTR:PointOnRoute:1468594" order="5">
                  <RoutePointRef ref="VTR:RoutePoint:1468594"/>
                </PointOnRoute>
                <PointOnRoute version="1" id="VTR:PointOnRoute:1468595" order="6">
                  <RoutePointRef ref="VTR:RoutePoint:1468595"/>
                </PointOnRoute>
                <PointOnRoute version="1" id="VTR:PointOnRoute:1468596" order="7">
                  <RoutePointRef ref="VTR:RoutePoint:1468596"/>
                </PointOnRoute>
                <PointOnRoute version="1" id="VTR:PointOnRoute:1468603" order="8">
                  <RoutePointRef ref="VTR:RoutePoint:1468603"/>
                </PointOnRoute>
                <PointOnRoute version="1" id="VTR:PointOnRoute:1468597" order="9">
                  <RoutePointRef ref="VTR:RoutePoint:1468597"/>
                </PointOnRoute>
                <PointOnRoute version="1" id="VTR:PointOnRoute:1468598" order="10">
                  <RoutePointRef ref="VTR:RoutePoint:1468598"/>
                </PointOnRoute>
                <PointOnRoute version="1" id="VTR:PointOnRoute:1468599" order="11">
                  <RoutePointRef ref="VTR:RoutePoint:1468599"/>
                </PointOnRoute>
                <PointOnRoute version="1" id="VTR:PointOnRoute:1468600" order="12">
                  <RoutePointRef ref="VTR:RoutePoint:1468600"/>
                </PointOnRoute>
                <PointOnRoute version="1" id="VTR:PointOnRoute:1468601" order="13">
                  <RoutePointRef ref="VTR:RoutePoint:1468601"/>
                </PointOnRoute>
                <PointOnRoute version="1" id="VTR:PointOnRoute:1468602" order="14">
                  <RoutePointRef ref="VTR:RoutePoint:1468602"/>
                </PointOnRoute>
              </pointsInSequence>
            </Route>
            <Route version="1" id="VTR:Route:18339">
              <Name>Anykščiai - Staškūniškis per Kurklius</Name>
              <ShortName>Anykščiai - Staškūniškis per Kurklius</ShortName>
              <LineRef ref="VTR:Line:4742" version="8164"/>
              <DirectionType>outbound</DirectionType>
              <pointsInSequence>
                <PointOnRoute version="1" id="VTR:PointOnRoute:1468604" order="1">
                  <RoutePointRef ref="VTR:RoutePoint:1468604"/>
                </PointOnRoute>
                <PointOnRoute version="1" id="VTR:PointOnRoute:1468605" order="2">
                  <RoutePointRef ref="VTR:RoutePoint:1468605"/>
                </PointOnRoute>
                <PointOnRoute version="1" id="VTR:PointOnRoute:1468606" order="3">
                  <RoutePointRef ref="VTR:RoutePoint:1468606"/>
                </PointOnRoute>
                <PointOnRoute version="1" id="VTR:PointOnRoute:1468607" order="4">
                  <RoutePointRef ref="VTR:RoutePoint:1468607"/>
                </PointOnRoute>
                <PointOnRoute version="1" id="VTR:PointOnRoute:1468608" order="5">
                  <RoutePointRef ref="VTR:RoutePoint:1468608"/>
                </PointOnRoute>
                <PointOnRoute version="1" id="VTR:PointOnRoute:1468609" order="6">
                  <RoutePointRef ref="VTR:RoutePoint:1468609"/>
                </PointOnRoute>
                <PointOnRoute version="1" id="VTR:PointOnRoute:1468610" order="7">
                  <RoutePointRef ref="VTR:RoutePoint:1468610"/>
                </PointOnRoute>
                <PointOnRoute version="1" id="VTR:PointOnRoute:1468611" order="8">
                  <RoutePointRef ref="VTR:RoutePoint:1468611"/>
                </PointOnRoute>
                <PointOnRoute version="1" id="VTR:PointOnRoute:1468612" order="9">
                  <RoutePointRef ref="VTR:RoutePoint:1468612"/>
                </PointOnRoute>
                <PointOnRoute version="1" id="VTR:PointOnRoute:1468613" order="10">
                  <RoutePointRef ref="VTR:RoutePoint:1468613"/>
                </PointOnRoute>
                <PointOnRoute version="1" id="VTR:PointOnRoute:1468614" order="11">
                  <RoutePointRef ref="VTR:RoutePoint:1468614"/>
                </PointOnRoute>
                <PointOnRoute version="1" id="VTR:PointOnRoute:1468615" order="12">
                  <RoutePointRef ref="VTR:RoutePoint:1468615"/>
                </PointOnRoute>
              </pointsInSequence>
            </Route>
            <Route version="1" id="VTR:Route:18341">
              <Name>Staškūniškis - Anykščiai per Kurklių II k.</Name>
              <ShortName>Staškūniškis - Anykščiai per Kurklių II k.</ShortName>
              <LineRef ref="VTR:Line:4742" version="8164"/>
              <DirectionType>inbound</DirectionType>
              <pointsInSequence>
                <PointOnRoute version="1" id="VTR:PointOnRoute:1468633" order="1">
                  <RoutePointRef ref="VTR:RoutePoint:1468633"/>
                </PointOnRoute>
                <PointOnRoute version="1" id="VTR:PointOnRoute:1468634" order="2">
                  <RoutePointRef ref="VTR:RoutePoint:1468634"/>
                </PointOnRoute>
                <PointOnRoute version="1" id="VTR:PointOnRoute:1468635" order="3">
                  <RoutePointRef ref="VTR:RoutePoint:1468635"/>
                </PointOnRoute>
                <PointOnRoute version="1" id="VTR:PointOnRoute:1468636" order="4">
                  <RoutePointRef ref="VTR:RoutePoint:1468636"/>
                </PointOnRoute>
              </pointsInSequence>
            </Route>
            <Route version="1" id="VTR:Route:18340">
              <Name>Anykščiai-Staškūniškis per Kurklių II kaimą, Kurklius</Name>
              <ShortName>Anykščiai-Staškūniškis per Kurklių II kaimą, Kurklius</ShortName>
              <LineRef ref="VTR:Line:4742" version="8164"/>
              <DirectionType>outbound</DirectionType>
              <pointsInSequence>
                <PointOnRoute version="1" id="VTR:PointOnRoute:1468622" order="1">
                  <RoutePointRef ref="VTR:RoutePoint:1468622"/>
                </PointOnRoute>
                <PointOnRoute version="1" id="VTR:PointOnRoute:1468623" order="2">
                  <RoutePointRef ref="VTR:RoutePoint:1468623"/>
                </PointOnRoute>
                <PointOnRoute version="1" id="VTR:PointOnRoute:1468624" order="3">
                  <RoutePointRef ref="VTR:RoutePoint:1468624"/>
                </PointOnRoute>
                <PointOnRoute version="1" id="VTR:PointOnRoute:1468625" order="4">
                  <RoutePointRef ref="VTR:RoutePoint:1468625"/>
                </PointOnRoute>
              </pointsInSequence>
            </Route>
          </routes>
          <lines>
            <Line version="8164" id="VTR:Line:4742">
              <Name>Anykščiai-Staškūniškis per Kurklių II kaimą, Kurklius</Name>
              <TransportMode>bus</TransportMode>
              <TransportSubmode>
                <BusSubmode>regionalBus</BusSubmode>
              </TransportSubmode>
              <PublicCode>M 17</PublicCode>
              <OperatorRef ref="VTR:Operator:49"/>
            </Line>
          </lines>
          <scheduledStopPoints>
            <ScheduledStopPoint version="1" id="VTR:ScheduledStopPoint:1468590">
              <Name>Staškūniškis</Name>
            </ScheduledStopPoint>
            <ScheduledStopPoint version="1" id="VTR:ScheduledStopPoint:1468591">
              <Name>Moliakalnis</Name>
            </ScheduledStopPoint>
            <ScheduledStopPoint version="1" id="VTR:ScheduledStopPoint:1468592">
              <Name>Kurkliai</Name>
            </ScheduledStopPoint>
            <ScheduledStopPoint version="1" id="VTR:ScheduledStopPoint:1468593">
              <Name>Pavirinčiai</Name>
            </ScheduledStopPoint>
            <ScheduledStopPoint version="1" id="VTR:ScheduledStopPoint:1468594">
              <Name>Šližiai</Name>
            </ScheduledStopPoint>
            <ScheduledStopPoint version="1" id="VTR:ScheduledStopPoint:1468595">
              <Name>Gražumynai</Name>
            </ScheduledStopPoint>
            <ScheduledStopPoint version="1" id="VTR:ScheduledStopPoint:1468596">
              <Name>Puntukas</Name>
            </ScheduledStopPoint>
            <ScheduledStopPoint version="1" id="VTR:ScheduledStopPoint:1468597">
              <Name>MSV</Name>
            </ScheduledStopPoint>
            <ScheduledStopPoint version="1" id="VTR:ScheduledStopPoint:1468598">
              <Name>Anykščių PSPC</Name>
            </ScheduledStopPoint>
            <ScheduledStopPoint version="1" id="VTR:ScheduledStopPoint:1468599">
              <Name>J. Biliūno gimnazija</Name>
            </ScheduledStopPoint>
            <ScheduledStopPoint version="1" id="VTR:ScheduledStopPoint:1468600">
              <Name>A. Vienuolio progimnazija</Name>
            </ScheduledStopPoint>
            <ScheduledStopPoint version="1" id="VTR:ScheduledStopPoint:1468601">
              <Name>A. Baranausko a.</Name>
            </ScheduledStopPoint>
            <ScheduledStopPoint version="1" id="VTR:ScheduledStopPoint:1468602">
              <Name>Anykščių autobusų stotis</Name>
            </ScheduledStopPoint>
            <ScheduledStopPoint version="1" id="VTR:ScheduledStopPoint:1468603">
              <Name>Katlėriai</Name>
            </ScheduledStopPoint>
            <ScheduledStopPoint version="1" id="VTR:ScheduledStopPoint:1468604">
              <Name>Anykščių autobusų stotis</Name>
            </ScheduledStopPoint>
            <ScheduledStopPoint version="1" id="VTR:ScheduledStopPoint:1468605">
              <Name>A.Baranausko a.</Name>
            </ScheduledStopPoint>
            <ScheduledStopPoint version="1" id="VTR:ScheduledStopPoint:1468606">
              <Name>Anykščių PSPC</Name>
            </ScheduledStopPoint>
            <ScheduledStopPoint version="1" id="VTR:ScheduledStopPoint:1468607">
              <Name>MSV</Name>
            </ScheduledStopPoint>
            <ScheduledStopPoint version="1" id="VTR:ScheduledStopPoint:1468608">
              <Name>Katlėriai</Name>
            </ScheduledStopPoint>
            <ScheduledStopPoint version="1" id="VTR:ScheduledStopPoint:1468609">
              <Name>Puntukas</Name>
            </ScheduledStopPoint>
            <ScheduledStopPoint version="1" id="VTR:ScheduledStopPoint:1468610">
              <Name>Gražumynas</Name>
            </ScheduledStopPoint>
            <ScheduledStopPoint version="1" id="VTR:ScheduledStopPoint:1468611">
              <Name>Šližiai</Name>
            </ScheduledStopPoint>
            <ScheduledStopPoint version="1" id="VTR:ScheduledStopPoint:1468612">
              <Name>Pavirinčiai</Name>
            </ScheduledStopPoint>
            <ScheduledStopPoint version="1" id="VTR:ScheduledStopPoint:1468613">
              <Name>Kurkliai</Name>
            </ScheduledStopPoint>
            <ScheduledStopPoint version="1" id="VTR:ScheduledStopPoint:1468614">
              <Name>Moliakalnis</Name>
            </ScheduledStopPoint>
            <ScheduledStopPoint version="1" id="VTR:ScheduledStopPoint:1468615">
              <Name>Staškūniškis</Name>
            </ScheduledStopPoint>
            <ScheduledStopPoint version="1" id="VTR:ScheduledStopPoint:1468616">
              <Name>Moliakalnis</Name>
            </ScheduledStopPoint>
            <ScheduledStopPoint version="1" id="VTR:ScheduledStopPoint:1468617">
              <Name>Moliakalnis</Name>
            </ScheduledStopPoint>
            <ScheduledStopPoint version="1" id="VTR:ScheduledStopPoint:1468619">
              <Name>Kurklių II k.</Name>
            </ScheduledStopPoint>
            <ScheduledStopPoint version="1" id="VTR:ScheduledStopPoint:1468620">
              <Name>Adomava</Name>
            </ScheduledStopPoint>
            <ScheduledStopPoint version="1" id="VTR:ScheduledStopPoint:1468621">
              <Name>Kurklių I kaimas</Name>
            </ScheduledStopPoint>
            <ScheduledStopPoint version="1" id="VTR:ScheduledStopPoint:1468622">
              <Name>Anykščių autobusų stotis</Name>
            </ScheduledStopPoint>
            <ScheduledStopPoint version="1" id="VTR:ScheduledStopPoint:1468623">
              <Name>A.Baranausko a.</Name>
            </ScheduledStopPoint>
            <ScheduledStopPoint version="1" id="VTR:ScheduledStopPoint:1468624">
              <Name>Anykščių PSPC</Name>
            </ScheduledStopPoint>
            <ScheduledStopPoint version="1" id="VTR:ScheduledStopPoint:1468625">
              <Name>MSV</Name>
            </ScheduledStopPoint>
            <ScheduledStopPoint version="1" id="VTR:ScheduledStopPoint:1468629">
              <Name>Kurklių I kaimas</Name>
            </ScheduledStopPoint>
            <ScheduledStopPoint version="1" id="VTR:ScheduledStopPoint:1468630">
              <Name>Desiūkiškiai</Name>
            </ScheduledStopPoint>
            <ScheduledStopPoint version="1" id="VTR:ScheduledStopPoint:1468631">
              <Name>Kurkliai</Name>
            </ScheduledStopPoint>
            <ScheduledStopPoint version="1" id="VTR:ScheduledStopPoint:1468632">
              <Name>Staškūniškis</Name>
            </ScheduledStopPoint>
            <ScheduledStopPoint version="1" id="VTR:ScheduledStopPoint:1468633">
              <Name>Staškūniškis</Name>
            </ScheduledStopPoint>
            <ScheduledStopPoint version="1" id="VTR:ScheduledStopPoint:1468634">
              <Name>Moliakalnis</Name>
            </ScheduledStopPoint>
            <ScheduledStopPoint version="1" id="VTR:ScheduledStopPoint:1468635">
              <Name>Kurklių I kaimas</Name>
            </ScheduledStopPoint>
            <ScheduledStopPoint version="1" id="VTR:ScheduledStopPoint:1468636">
              <Name>Kurklių II k.</Name>
            </ScheduledStopPoint>
            <ScheduledStopPoint version="1" id="VTR:ScheduledStopPoint:1468641">
              <Name>MSV</Name>
            </ScheduledStopPoint>
            <ScheduledStopPoint version="1" id="VTR:ScheduledStopPoint:1468642">
              <Name>Anykščių PSPC</Name>
            </ScheduledStopPoint>
            <ScheduledStopPoint version="1" id="VTR:ScheduledStopPoint:1468643">
              <Name>A. Baranausko a.</Name>
            </ScheduledStopPoint>
            <ScheduledStopPoint version="1" id="VTR:ScheduledStopPoint:1468644">
              <Name>Anykščių autobusų stotis</Name>
            </ScheduledStopPoint>
            <ScheduledStopPoint version="1" id="VTR:ScheduledStopPoint:1468670">
              <Name>Šlavėnai II</Name>
            </ScheduledStopPoint>
            <ScheduledStopPoint version="1" id="VTR:ScheduledStopPoint:1468671">
              <Name>Lukošiškiai</Name>
            </ScheduledStopPoint>
            <ScheduledStopPoint version="1" id="VTR:ScheduledStopPoint:1468672">
              <Name>Pavajai</Name>
            </ScheduledStopPoint>
            <ScheduledStopPoint version="1" id="VTR:ScheduledStopPoint:1468673">
              <Name>Kurkleliai</Name>
            </ScheduledStopPoint>
            <ScheduledStopPoint version="1" id="VTR:ScheduledStopPoint:1468674">
              <Name>Kurkleliai</Name>
            </ScheduledStopPoint>
            <ScheduledStopPoint version="1" id="VTR:ScheduledStopPoint:1468675">
              <Name>Pavajai</Name>
            </ScheduledStopPoint>
            <ScheduledStopPoint version="1" id="VTR:ScheduledStopPoint:1468676">
              <Name>Lukošiškiai</Name>
            </ScheduledStopPoint>
            <ScheduledStopPoint version="1" id="VTR:ScheduledStopPoint:1468677">
              <Name>Šlavėnai II</Name>
            </ScheduledStopPoint>
          </scheduledStopPoints>
          <serviceLinks>
            <ServiceLink id="VTR:ServiceLink:1468611_1_1468612_1" version="1">
              <Distance>1</Distance>
              <FromPointRef ref="VTR:ScheduledStopPoint:1468611" version="1"/>
              <ToPointRef ref="VTR:ScheduledStopPoint:1468612" version="1"/>
            </ServiceLink>
            <ServiceLink id="VTR:ServiceLink:1468608_1_1468609_1" version="1">
              <Distance>0</Distance>
              <FromPointRef ref="VTR:ScheduledStopPoint:1468608" version="1"/>
              <ToPointRef ref="VTR:ScheduledStopPoint:1468609" version="1"/>
            </ServiceLink>
            <ServiceLink id="VTR:ServiceLink:1468590_1_1468591_1" version="1">
              <Distance>3</Distance>
              <FromPointRef ref="VTR:ScheduledStopPoint:1468590" version="1"/>
              <ToPointRef ref="VTR:ScheduledStopPoint:1468591" version="1"/>
            </ServiceLink>
            <ServiceLink id="VTR:ServiceLink:1468629_1_1468619_1" version="1">
              <Distance>2</Distance>
              <FromPointRef ref="VTR:ScheduledStopPoint:1468629" version="1"/>
              <ToPointRef ref="VTR:ScheduledStopPoint:1468619" version="1"/>
            </ServiceLink>
            <ServiceLink id="VTR:ServiceLink:1468631_1_1468616_1" version="1">
              <Distance>2</Distance>
              <FromPointRef ref="VTR:ScheduledStopPoint:1468631" version="1"/>
              <ToPointRef ref="VTR:ScheduledStopPoint:1468616" version="1"/>
            </ServiceLink>
            <ServiceLink id="VTR:ServiceLink:1468613_1_1468614_1" version="1">
              <Distance>2</Distance>
              <FromPointRef ref="VTR:ScheduledStopPoint:1468613" version="1"/>
              <ToPointRef ref="VTR:ScheduledStopPoint:1468614" version="1"/>
            </ServiceLink>
            <ServiceLink id="VTR:ServiceLink:1468614_1_1468615_1" version="1">
              <Distance>3</Distance>
              <FromPointRef ref="VTR:ScheduledStopPoint:1468614" version="1"/>
              <ToPointRef ref="VTR:ScheduledStopPoint:1468615" version="1"/>
            </ServiceLink>
            <ServiceLink id="VTR:ServiceLink:1468599_1_1468600_1" version="1">
              <Distance>0</Distance>
              <FromPointRef ref="VTR:ScheduledStopPoint:1468599" version="1"/>
              <ToPointRef ref="VTR:ScheduledStopPoint:1468600" version="1"/>
            </ServiceLink>
            <ServiceLink id="VTR:ServiceLink:1468673_1_1468629_1" version="1">
              <Distance>4</Distance>
              <FromPointRef ref="VTR:ScheduledStopPoint:1468673" version="1"/>
              <ToPointRef ref="VTR:ScheduledStopPoint:1468629" version="1"/>
            </ServiceLink>
            <ServiceLink id="VTR:ServiceLink:1468621_1_1468617_1" version="1">
              <Distance>2</Distance>
              <FromPointRef ref="VTR:ScheduledStopPoint:1468621" version="1"/>
              <ToPointRef ref="VTR:ScheduledStopPoint:1468617" version="1"/>
            </ServiceLink>
            <ServiceLink id="VTR:ServiceLink:1468601_1_1468602_1" version="1">
              <Distance>0</Distance>
              <FromPointRef ref="VTR:ScheduledStopPoint:1468601" version="1"/>
              <ToPointRef ref="VTR:ScheduledStopPoint:1468602" version="1"/>
            </ServiceLink>
            <ServiceLink id="VTR:ServiceLink:1468598_1_1468599_1" version="1">
              <Distance>1</Distance>
              <FromPointRef ref="VTR:ScheduledStopPoint:1468598" version="1"/>
              <ToPointRef ref="VTR:ScheduledStopPoint:1468599" version="1"/>
            </ServiceLink>
            <ServiceLink id="VTR:ServiceLink:1468619_1_1468630_1" version="1">
              <Distance>6</Distance>
              <FromPointRef ref="VTR:ScheduledStopPoint:1468619" version="1"/>
              <ToPointRef ref="VTR:ScheduledStopPoint:1468630" version="1"/>
            </ServiceLink>
            <ServiceLink id="VTR:ServiceLink:1468636_1_1468674_1" version="1">
              <Distance>1</Distance>
              <FromPointRef ref="VTR:ScheduledStopPoint:1468636" version="1"/>
              <ToPointRef ref="VTR:ScheduledStopPoint:1468674" version="1"/>
            </ServiceLink>
            <ServiceLink id="VTR:ServiceLink:1468675_1_1468676_1" version="1">
              <Distance>1</Distance>
              <FromPointRef ref="VTR:ScheduledStopPoint:1468675" version="1"/>
              <ToPointRef ref="VTR:ScheduledStopPoint:1468676" version="1"/>
            </ServiceLink>
            <ServiceLink id="VTR:ServiceLink:1468676_1_1468677_1" version="1">
              <Distance>1</Distance>
              <FromPointRef ref="VTR:ScheduledStopPoint:1468676" version="1"/>
              <ToPointRef ref="VTR:ScheduledStopPoint:1468677" version="1"/>
            </ServiceLink>
            <ServiceLink id="VTR:ServiceLink:1468633_1_1468634_1" version="1">
              <Distance>3</Distance>
              <FromPointRef ref="VTR:ScheduledStopPoint:1468633" version="1"/>
              <ToPointRef ref="VTR:ScheduledStopPoint:1468634" version="1"/>
            </ServiceLink>
            <ServiceLink id="VTR:ServiceLink:1468641_1_1468642_1" version="1">
              <Distance>1</Distance>
              <FromPointRef ref="VTR:ScheduledStopPoint:1468641" version="1"/>
              <ToPointRef ref="VTR:ScheduledStopPoint:1468642" version="1"/>
            </ServiceLink>
            <ServiceLink id="VTR:ServiceLink:1468609_1_1468610_1" version="1">
              <Distance>4</Distance>
              <FromPointRef ref="VTR:ScheduledStopPoint:1468609" version="1"/>
              <ToPointRef ref="VTR:ScheduledStopPoint:1468610" version="1"/>
            </ServiceLink>
            <ServiceLink id="VTR:ServiceLink:1468607_1_1468608_1" version="1">
              <Distance>2</Distance>
              <FromPointRef ref="VTR:ScheduledStopPoint:1468607" version="1"/>
              <ToPointRef ref="VTR:ScheduledStopPoint:1468608" version="1"/>
            </ServiceLink>
            <ServiceLink id="VTR:ServiceLink:1468596_1_1468603_1" version="1">
              <Distance>1</Distance>
              <FromPointRef ref="VTR:ScheduledStopPoint:1468596" version="1"/>
              <ToPointRef ref="VTR:ScheduledStopPoint:1468603" version="1"/>
            </ServiceLink>
            <ServiceLink id="VTR:ServiceLink:1468617_1_1468631_1" version="1">
              <Distance>2</Distance>
              <FromPointRef ref="VTR:ScheduledStopPoint:1468617" version="1"/>
              <ToPointRef ref="VTR:ScheduledStopPoint:1468631" version="1"/>
            </ServiceLink>
            <ServiceLink id="VTR:ServiceLink:1468610_1_1468611_1" version="1">
              <Distance>2</Distance>
              <FromPointRef ref="VTR:ScheduledStopPoint:1468610" version="1"/>
              <ToPointRef ref="VTR:ScheduledStopPoint:1468611" version="1"/>
            </ServiceLink>
            <ServiceLink id="VTR:ServiceLink:1468620_1_1468621_1" version="1">
              <Distance>2</Distance>
              <FromPointRef ref="VTR:ScheduledStopPoint:1468620" version="1"/>
              <ToPointRef ref="VTR:ScheduledStopPoint:1468621" version="1"/>
            </ServiceLink>
            <ServiceLink id="VTR:ServiceLink:1468603_1_1468597_1" version="1">
              <Distance>2</Distance>
              <FromPointRef ref="VTR:ScheduledStopPoint:1468603" version="1"/>
              <ToPointRef ref="VTR:ScheduledStopPoint:1468597" version="1"/>
            </ServiceLink>
            <ServiceLink id="VTR:ServiceLink:1468670_1_1468671_1" version="1">
              <Distance>1</Distance>
              <FromPointRef ref="VTR:ScheduledStopPoint:1468670" version="1"/>
              <ToPointRef ref="VTR:ScheduledStopPoint:1468671" version="1"/>
            </ServiceLink>
            <ServiceLink id="VTR:ServiceLink:1468592_1_1468593_1" version="1">
              <Distance>2</Distance>
              <FromPointRef ref="VTR:ScheduledStopPoint:1468592" version="1"/>
              <ToPointRef ref="VTR:ScheduledStopPoint:1468593" version="1"/>
            </ServiceLink>
            <ServiceLink id="VTR:ServiceLink:1468671_1_1468672_1" version="1">
              <Distance>1</Distance>
              <FromPointRef ref="VTR:ScheduledStopPoint:1468671" version="1"/>
              <ToPointRef ref="VTR:ScheduledStopPoint:1468672" version="1"/>
            </ServiceLink>
            <ServiceLink id="VTR:ServiceLink:1468630_1_1468620_1" version="1">
              <Distance>1</Distance>
              <FromPointRef ref="VTR:ScheduledStopPoint:1468630" version="1"/>
              <ToPointRef ref="VTR:ScheduledStopPoint:1468620" version="1"/>
            </ServiceLink>
            <ServiceLink id="VTR:ServiceLink:1468677_1_1468641_1" version="1">
              <Distance>3</Distance>
              <FromPointRef ref="VTR:ScheduledStopPoint:1468677" version="1"/>
              <ToPointRef ref="VTR:ScheduledStopPoint:1468641" version="1"/>
            </ServiceLink>
            <ServiceLink id="VTR:ServiceLink:1468622_1_1468623_1" version="1">
              <Distance>0</Distance>
              <FromPointRef ref="VTR:ScheduledStopPoint:1468622" version="1"/>
              <ToPointRef ref="VTR:ScheduledStopPoint:1468623" version="1"/>
            </ServiceLink>
            <ServiceLink id="VTR:ServiceLink:1468616_1_1468632_1" version="1">
              <Distance>3</Distance>
              <FromPointRef ref="VTR:ScheduledStopPoint:1468616" version="1"/>
              <ToPointRef ref="VTR:ScheduledStopPoint:1468632" version="1"/>
            </ServiceLink>
            <ServiceLink id="VTR:ServiceLink:1468635_1_1468636_1" version="1">
              <Distance>2</Distance>
              <FromPointRef ref="VTR:ScheduledStopPoint:1468635" version="1"/>
              <ToPointRef ref="VTR:ScheduledStopPoint:1468636" version="1"/>
            </ServiceLink>
            <ServiceLink id="VTR:ServiceLink:1468595_1_1468596_1" version="1">
              <Distance>2</Distance>
              <FromPointRef ref="VTR:ScheduledStopPoint:1468595" version="1"/>
              <ToPointRef ref="VTR:ScheduledStopPoint:1468596" version="1"/>
            </ServiceLink>
            <ServiceLink id="VTR:ServiceLink:1468597_1_1468598_1" version="1">
              <Distance>1</Distance>
              <FromPointRef ref="VTR:ScheduledStopPoint:1468597" version="1"/>
              <ToPointRef ref="VTR:ScheduledStopPoint:1468598" version="1"/>
            </ServiceLink>
            <ServiceLink id="VTR:ServiceLink:1468623_1_1468624_1" version="1">
              <Distance>0</Distance>
              <FromPointRef ref="VTR:ScheduledStopPoint:1468623" version="1"/>
              <ToPointRef ref="VTR:ScheduledStopPoint:1468624" version="1"/>
            </ServiceLink>
            <ServiceLink id="VTR:ServiceLink:1468625_1_1468670_1" version="1">
              <Distance>3</Distance>
              <FromPointRef ref="VTR:ScheduledStopPoint:1468625" version="1"/>
              <ToPointRef ref="VTR:ScheduledStopPoint:1468670" version="1"/>
            </ServiceLink>
            <ServiceLink id="VTR:ServiceLink:1468604_1_1468605_1" version="1">
              <Distance>0</Distance>
              <FromPointRef ref="VTR:ScheduledStopPoint:1468604" version="1"/>
              <ToPointRef ref="VTR:ScheduledStopPoint:1468605" version="1"/>
            </ServiceLink>
            <ServiceLink id="VTR:ServiceLink:1468643_1_1468644_1" version="1">
              <Distance>0</Distance>
              <FromPointRef ref="VTR:ScheduledStopPoint:1468643" version="1"/>
              <ToPointRef ref="VTR:ScheduledStopPoint:1468644" version="1"/>
            </ServiceLink>
            <ServiceLink id="VTR:ServiceLink:1468642_1_1468643_1" version="1">
              <Distance>0</Distance>
              <FromPointRef ref="VTR:ScheduledStopPoint:1468642" version="1"/>
              <ToPointRef ref="VTR:ScheduledStopPoint:1468643" version="1"/>
            </ServiceLink>
            <ServiceLink id="VTR:ServiceLink:1468606_1_1468607_1" version="1">
              <Distance>1</Distance>
              <FromPointRef ref="VTR:ScheduledStopPoint:1468606" version="1"/>
              <ToPointRef ref="VTR:ScheduledStopPoint:1468607" version="1"/>
            </ServiceLink>
            <ServiceLink id="VTR:ServiceLink:1468624_1_1468625_1" version="1">
              <Distance>1</Distance>
              <FromPointRef ref="VTR:ScheduledStopPoint:1468624" version="1"/>
              <ToPointRef ref="VTR:ScheduledStopPoint:1468625" version="1"/>
            </ServiceLink>
            <ServiceLink id="VTR:ServiceLink:1468594_1_1468595_1" version="1">
              <Distance>2</Distance>
              <FromPointRef ref="VTR:ScheduledStopPoint:1468594" version="1"/>
              <ToPointRef ref="VTR:ScheduledStopPoint:1468595" version="1"/>
            </ServiceLink>
            <ServiceLink id="VTR:ServiceLink:1468672_1_1468673_1" version="1">
              <Distance>1</Distance>
              <FromPointRef ref="VTR:ScheduledStopPoint:1468672" version="1"/>
              <ToPointRef ref="VTR:ScheduledStopPoint:1468673" version="1"/>
            </ServiceLink>
            <ServiceLink id="VTR:ServiceLink:1468634_1_1468635_1" version="1">
              <Distance>2</Distance>
              <FromPointRef ref="VTR:ScheduledStopPoint:1468634" version="1"/>
              <ToPointRef ref="VTR:ScheduledStopPoint:1468635" version="1"/>
            </ServiceLink>
            <ServiceLink id="VTR:ServiceLink:1468605_1_1468606_1" version="1">
              <Distance>0</Distance>
              <FromPointRef ref="VTR:ScheduledStopPoint:1468605" version="1"/>
              <ToPointRef ref="VTR:ScheduledStopPoint:1468606" version="1"/>
            </ServiceLink>
            <ServiceLink id="VTR:ServiceLink:1468612_1_1468613_1" version="1">
              <Distance>3</Distance>
              <FromPointRef ref="VTR:ScheduledStopPoint:1468612" version="1"/>
              <ToPointRef ref="VTR:ScheduledStopPoint:1468613" version="1"/>
            </ServiceLink>
            <ServiceLink id="VTR:ServiceLink:1468600_1_1468601_1" version="1">
              <Distance>0</Distance>
              <FromPointRef ref="VTR:ScheduledStopPoint:1468600" version="1"/>
              <ToPointRef ref="VTR:ScheduledStopPoint:1468601" version="1"/>
            </ServiceLink>
            <ServiceLink id="VTR:ServiceLink:1468593_1_1468594_1" version="1">
              <Distance>1</Distance>
              <FromPointRef ref="VTR:ScheduledStopPoint:1468593" version="1"/>
              <ToPointRef ref="VTR:ScheduledStopPoint:1468594" version="1"/>
            </ServiceLink>
            <ServiceLink id="VTR:ServiceLink:1468674_1_1468675_1" version="1">
              <Distance>1</Distance>
              <FromPointRef ref="VTR:ScheduledStopPoint:1468674" version="1"/>
              <ToPointRef ref="VTR:ScheduledStopPoint:1468675" version="1"/>
            </ServiceLink>
            <ServiceLink id="VTR:ServiceLink:1468591_1_1468592_1" version="1">
              <Distance>2</Distance>
              <FromPointRef ref="VTR:ScheduledStopPoint:1468591" version="1"/>
              <ToPointRef ref="VTR:ScheduledStopPoint:1468592" version="1"/>
            </ServiceLink>
          </serviceLinks>
          <stopAssignments>
            <PassengerStopAssignment order="1833800000" id="VTR:PassengerStopAssignment:1468590" version="1">
              <ScheduledStopPointRef ref="VTR:ScheduledStopPoint:1468590" version="1"/>
              <QuayRef ref="VTR:Quay:7463"/>
            </PassengerStopAssignment>
            <PassengerStopAssignment order="1833800001" id="VTR:PassengerStopAssignment:1468591" version="1">
              <ScheduledStopPointRef ref="VTR:ScheduledStopPoint:1468591" version="1"/>
              <QuayRef ref="VTR:Quay:15366"/>
            </PassengerStopAssignment>
            <PassengerStopAssignment order="1833800002" id="VTR:PassengerStopAssignment:1468592" version="1">
              <ScheduledStopPointRef ref="VTR:ScheduledStopPoint:1468592" version="1"/>
              <QuayRef ref="VTR:Quay:8412"/>
            </PassengerStopAssignment>
            <PassengerStopAssignment order="1833800003" id="VTR:PassengerStopAssignment:1468593" version="1">
              <ScheduledStopPointRef ref="VTR:ScheduledStopPoint:1468593" version="1"/>
              <QuayRef ref="VTR:Quay:10325"/>
            </PassengerStopAssignment>
            <PassengerStopAssignment order="1833800004" id="VTR:PassengerStopAssignment:1468594" version="1">
              <ScheduledStopPointRef ref="VTR:ScheduledStopPoint:1468594" version="1"/>
              <QuayRef ref="VTR:Quay:12356"/>
            </PassengerStopAssignment>
            <PassengerStopAssignment order="1833800005" id="VTR:PassengerStopAssignment:1468595" version="1">
              <ScheduledStopPointRef ref="VTR:ScheduledStopPoint:1468595" version="1"/>
              <QuayRef ref="VTR:Quay:13361"/>
            </PassengerStopAssignment>
            <PassengerStopAssignment order="1833800006" id="VTR:PassengerStopAssignment:1468596" version="1">
              <ScheduledStopPointRef ref="VTR:ScheduledStopPoint:1468596" version="1"/>
              <QuayRef ref="VTR:Quay:13314"/>
            </PassengerStopAssignment>
            <PassengerStopAssignment order="1833800007" id="VTR:PassengerStopAssignment:1468603" version="1">
              <ScheduledStopPointRef ref="VTR:ScheduledStopPoint:1468603" version="1"/>
              <QuayRef ref="VTR:Quay:32145"/>
            </PassengerStopAssignment>
            <PassengerStopAssignment order="1833800008" id="VTR:PassengerStopAssignment:1468597" version="1">
              <ScheduledStopPointRef ref="VTR:ScheduledStopPoint:1468597" version="1"/>
              <QuayRef ref="VTR:Quay:15400"/>
            </PassengerStopAssignment>
            <PassengerStopAssignment order="1833800009" id="VTR:PassengerStopAssignment:1468598" version="1">
              <ScheduledStopPointRef ref="VTR:ScheduledStopPoint:1468598" version="1"/>
              <QuayRef ref="VTR:Quay:23505"/>
            </PassengerStopAssignment>
            <PassengerStopAssignment order="1833800010" id="VTR:PassengerStopAssignment:1468599" version="1">
              <ScheduledStopPointRef ref="VTR:ScheduledStopPoint:1468599" version="1"/>
              <QuayRef ref="VTR:Quay:22761"/>
            </PassengerStopAssignment>
            <PassengerStopAssignment order="1833800011" id="VTR:PassengerStopAssignment:1468600" version="1">
              <ScheduledStopPointRef ref="VTR:ScheduledStopPoint:1468600" version="1"/>
              <QuayRef ref="VTR:Quay:22465"/>
            </PassengerStopAssignment>
            <PassengerStopAssignment order="1833800012" id="VTR:PassengerStopAssignment:1468601" version="1">
              <ScheduledStopPointRef ref="VTR:ScheduledStopPoint:1468601" version="1"/>
              <QuayRef ref="VTR:Quay:22462"/>
            </PassengerStopAssignment>
            <PassengerStopAssignment order="1833800013" id="VTR:PassengerStopAssignment:1468602" version="1">
              <ScheduledStopPointRef ref="VTR:ScheduledStopPoint:1468602" version="1"/>
              <QuayRef ref="VTR:Quay:19484"/>
            </PassengerStopAssignment>
            <PassengerStopAssignment order="1833900000" id="VTR:PassengerStopAssignment:1468604" version="1">
              <ScheduledStopPointRef ref="VTR:ScheduledStopPoint:1468604" version="1"/>
              <QuayRef ref="VTR:Quay:19484"/>
            </PassengerStopAssignment>
            <PassengerStopAssignment order="1833900001" id="VTR:PassengerStopAssignment:1468605" version="1">
              <ScheduledStopPointRef ref="VTR:ScheduledStopPoint:1468605" version="1"/>
              <QuayRef ref="VTR:Quay:29563"/>
            </PassengerStopAssignment>
            <PassengerStopAssignment order="1833900002" id="VTR:PassengerStopAssignment:1468606" version="1">
              <ScheduledStopPointRef ref="VTR:ScheduledStopPoint:1468606" version="1"/>
              <QuayRef ref="VTR:Quay:23504"/>
            </PassengerStopAssignment>
            <PassengerStopAssignment order="1833900003" id="VTR:PassengerStopAssignment:1468607" version="1">
              <ScheduledStopPointRef ref="VTR:ScheduledStopPoint:1468607" version="1"/>
              <QuayRef ref="VTR:Quay:15400"/>
            </PassengerStopAssignment>
            <PassengerStopAssignment order="1833900004" id="VTR:PassengerStopAssignment:1468608" version="1">
              <ScheduledStopPointRef ref="VTR:ScheduledStopPoint:1468608" version="1"/>
              <QuayRef ref="VTR:Quay:32145"/>
            </PassengerStopAssignment>
            <PassengerStopAssignment order="1833900005" id="VTR:PassengerStopAssignment:1468609" version="1">
              <ScheduledStopPointRef ref="VTR:ScheduledStopPoint:1468609" version="1"/>
              <QuayRef ref="VTR:Quay:32144"/>
            </PassengerStopAssignment>
            <PassengerStopAssignment order="1833900006" id="VTR:PassengerStopAssignment:1468610" version="1">
              <ScheduledStopPointRef ref="VTR:ScheduledStopPoint:1468610" version="1"/>
              <QuayRef ref="VTR:Quay:23508"/>
            </PassengerStopAssignment>
            <PassengerStopAssignment order="1833900007" id="VTR:PassengerStopAssignment:1468611" version="1">
              <ScheduledStopPointRef ref="VTR:ScheduledStopPoint:1468611" version="1"/>
              <QuayRef ref="VTR:Quay:11382"/>
            </PassengerStopAssignment>
            <PassengerStopAssignment order="1833900008" id="VTR:PassengerStopAssignment:1468612" version="1">
              <ScheduledStopPointRef ref="VTR:ScheduledStopPoint:1468612" version="1"/>
              <QuayRef ref="VTR:Quay:7400"/>
            </PassengerStopAssignment>
            <PassengerStopAssignment order="1833900009" id="VTR:PassengerStopAssignment:1468613" version="1">
              <ScheduledStopPointRef ref="VTR:ScheduledStopPoint:1468613" version="1"/>
              <QuayRef ref="VTR:Quay:16354"/>
            </PassengerStopAssignment>
            <PassengerStopAssignment order="1833900010" id="VTR:PassengerStopAssignment:1468614" version="1">
              <ScheduledStopPointRef ref="VTR:ScheduledStopPoint:1468614" version="1"/>
              <QuayRef ref="VTR:Quay:15366"/>
            </PassengerStopAssignment>
            <PassengerStopAssignment order="1833900011" id="VTR:PassengerStopAssignment:1468615" version="1">
              <ScheduledStopPointRef ref="VTR:ScheduledStopPoint:1468615" version="1"/>
              <QuayRef ref="VTR:Quay:7463"/>
            </PassengerStopAssignment>
            <PassengerStopAssignment order="1834000000" id="VTR:PassengerStopAssignment:1468622" version="1">
              <ScheduledStopPointRef ref="VTR:ScheduledStopPoint:1468622" version="1"/>
              <QuayRef ref="VTR:Quay:19484"/>
            </PassengerStopAssignment>
            <PassengerStopAssignment order="1834000001" id="VTR:PassengerStopAssignment:1468623" version="1">
              <ScheduledStopPointRef ref="VTR:ScheduledStopPoint:1468623" version="1"/>
              <QuayRef ref="VTR:Quay:29563"/>
            </PassengerStopAssignment>
            <PassengerStopAssignment order="1834000002" id="VTR:PassengerStopAssignment:1468624" version="1">
              <ScheduledStopPointRef ref="VTR:ScheduledStopPoint:1468624" version="1"/>
              <QuayRef ref="VTR:Quay:23504"/>
            </PassengerStopAssignment>
            <PassengerStopAssignment order="1834000003" id="VTR:PassengerStopAssignment:1468625" version="1">
              <ScheduledStopPointRef ref="VTR:ScheduledStopPoint:1468625" version="1"/>
              <QuayRef ref="VTR:Quay:23506"/>
            </PassengerStopAssignment>
            <PassengerStopAssignment order="1834000004" id="VTR:PassengerStopAssignment:1468670" version="1">
              <ScheduledStopPointRef ref="VTR:ScheduledStopPoint:1468670" version="1"/>
              <QuayRef ref="VTR:Quay:36004"/>
            </PassengerStopAssignment>
            <PassengerStopAssignment order="1834000005" id="VTR:PassengerStopAssignment:1468671" version="1">
              <ScheduledStopPointRef ref="VTR:ScheduledStopPoint:1468671" version="1"/>
              <QuayRef ref="VTR:Quay:36006"/>
            </PassengerStopAssignment>
            <PassengerStopAssignment order="1834000006" id="VTR:PassengerStopAssignment:1468672" version="1">
              <ScheduledStopPointRef ref="VTR:ScheduledStopPoint:1468672" version="1"/>
              <QuayRef ref="VTR:Quay:36008"/>
            </PassengerStopAssignment>
            <PassengerStopAssignment order="1834000007" id="VTR:PassengerStopAssignment:1468673" version="1">
              <ScheduledStopPointRef ref="VTR:ScheduledStopPoint:1468673" version="1"/>
              <QuayRef ref="VTR:Quay:36010"/>
            </PassengerStopAssignment>
            <PassengerStopAssignment order="1834000008" id="VTR:PassengerStopAssignment:1468629" version="1">
              <ScheduledStopPointRef ref="VTR:ScheduledStopPoint:1468629" version="1"/>
              <QuayRef ref="VTR:Quay:8336"/>
            </PassengerStopAssignment>
            <PassengerStopAssignment order="1834000009" id="VTR:PassengerStopAssignment:1468619" version="1">
              <ScheduledStopPointRef ref="VTR:ScheduledStopPoint:1468619" version="1"/>
              <QuayRef ref="VTR:Quay:32142"/>
            </PassengerStopAssignment>
            <PassengerStopAssignment order="1834000010" id="VTR:PassengerStopAssignment:1468630" version="1">
              <ScheduledStopPointRef ref="VTR:ScheduledStopPoint:1468630" version="1"/>
              <QuayRef ref="VTR:Quay:12648"/>
            </PassengerStopAssignment>
            <PassengerStopAssignment order="1834000011" id="VTR:PassengerStopAssignment:1468620" version="1">
              <ScheduledStopPointRef ref="VTR:ScheduledStopPoint:1468620" version="1"/>
              <QuayRef ref="VTR:Quay:32143"/>
            </PassengerStopAssignment>
            <PassengerStopAssignment order="1834000012" id="VTR:PassengerStopAssignment:1468621" version="1">
              <ScheduledStopPointRef ref="VTR:ScheduledStopPoint:1468621" version="1"/>
              <QuayRef ref="VTR:Quay:8336"/>
            </PassengerStopAssignment>
            <PassengerStopAssignment order="1834000013" id="VTR:PassengerStopAssignment:1468617" version="1">
              <ScheduledStopPointRef ref="VTR:ScheduledStopPoint:1468617" version="1"/>
              <QuayRef ref="VTR:Quay:5416"/>
            </PassengerStopAssignment>
            <PassengerStopAssignment order="1834000014" id="VTR:PassengerStopAssignment:1468631" version="1">
              <ScheduledStopPointRef ref="VTR:ScheduledStopPoint:1468631" version="1"/>
              <QuayRef ref="VTR:Quay:16354"/>
            </PassengerStopAssignment>
            <PassengerStopAssignment order="1834000015" id="VTR:PassengerStopAssignment:1468616" version="1">
              <ScheduledStopPointRef ref="VTR:ScheduledStopPoint:1468616" version="1"/>
              <QuayRef ref="VTR:Quay:5416"/>
            </PassengerStopAssignment>
            <PassengerStopAssignment order="1834000016" id="VTR:PassengerStopAssignment:1468632" version="1">
              <ScheduledStopPointRef ref="VTR:ScheduledStopPoint:1468632" version="1"/>
              <QuayRef ref="VTR:Quay:7463"/>
            </PassengerStopAssignment>
            <PassengerStopAssignment order="1834100000" id="VTR:PassengerStopAssignment:1468633" version="1">
              <ScheduledStopPointRef ref="VTR:ScheduledStopPoint:1468633" version="1"/>
              <QuayRef ref="VTR:Quay:7463"/>
            </PassengerStopAssignment>
            <PassengerStopAssignment order="1834100001" id="VTR:PassengerStopAssignment:1468634" version="1">
              <ScheduledStopPointRef ref="VTR:ScheduledStopPoint:1468634" version="1"/>
              <QuayRef ref="VTR:Quay:15366"/>
            </PassengerStopAssignment>
            <PassengerStopAssignment order="1834100002" id="VTR:PassengerStopAssignment:1468635" version="1">
              <ScheduledStopPointRef ref="VTR:ScheduledStopPoint:1468635" version="1"/>
              <QuayRef ref="VTR:Quay:8336"/>
            </PassengerStopAssignment>
            <PassengerStopAssignment order="1834100003" id="VTR:PassengerStopAssignment:1468636" version="1">
              <ScheduledStopPointRef ref="VTR:ScheduledStopPoint:1468636" version="1"/>
              <QuayRef ref="VTR:Quay:32142"/>
            </PassengerStopAssignment>
            <PassengerStopAssignment order="1834100004" id="VTR:PassengerStopAssignment:1468674" version="1">
              <ScheduledStopPointRef ref="VTR:ScheduledStopPoint:1468674" version="1"/>
              <QuayRef ref="VTR:Quay:36010"/>
            </PassengerStopAssignment>
            <PassengerStopAssignment order="1834100005" id="VTR:PassengerStopAssignment:1468675" version="1">
              <ScheduledStopPointRef ref="VTR:ScheduledStopPoint:1468675" version="1"/>
              <QuayRef ref="VTR:Quay:36009"/>
            </PassengerStopAssignment>
            <PassengerStopAssignment order="1834100006" id="VTR:PassengerStopAssignment:1468676" version="1">
              <ScheduledStopPointRef ref="VTR:ScheduledStopPoint:1468676" version="1"/>
              <QuayRef ref="VTR:Quay:36006"/>
            </PassengerStopAssignment>
            <PassengerStopAssignment order="1834100007" id="VTR:PassengerStopAssignment:1468677" version="1">
              <ScheduledStopPointRef ref="VTR:ScheduledStopPoint:1468677" version="1"/>
              <QuayRef ref="VTR:Quay:36004"/>
            </PassengerStopAssignment>
            <PassengerStopAssignment order="1834100008" id="VTR:PassengerStopAssignment:1468641" version="1">
              <ScheduledStopPointRef ref="VTR:ScheduledStopPoint:1468641" version="1"/>
              <QuayRef ref="VTR:Quay:15400"/>
            </PassengerStopAssignment>
            <PassengerStopAssignment order="1834100009" id="VTR:PassengerStopAssignment:1468642" version="1">
              <ScheduledStopPointRef ref="VTR:ScheduledStopPoint:1468642" version="1"/>
              <QuayRef ref="VTR:Quay:23505"/>
            </PassengerStopAssignment>
            <PassengerStopAssignment order="1834100010" id="VTR:PassengerStopAssignment:1468643" version="1">
              <ScheduledStopPointRef ref="VTR:ScheduledStopPoint:1468643" version="1"/>
              <QuayRef ref="VTR:Quay:22462"/>
            </PassengerStopAssignment>
            <PassengerStopAssignment order="1834100011" id="VTR:PassengerStopAssignment:1468644" version="1">
              <ScheduledStopPointRef ref="VTR:ScheduledStopPoint:1468644" version="1"/>
              <QuayRef ref="VTR:Quay:19484"/>
            </PassengerStopAssignment>
          </stopAssignments>
          <journeyPatterns>
            <JourneyPattern id="VTR:JourneyPattern:3025418" version="3027584">
              <Name>2</Name>
              <RouteRef ref="VTR:Route:18339" version="1"/>
              <pointsInSequence>
                <StopPointInJourneyPattern id="VTR:StopPointInJourneyPattern:104270133" version="3027584" order="1">
                  <ScheduledStopPointRef ref="VTR:ScheduledStopPoint:1468604"/>
                  <DestinationDisplayRef ref="VTR:DestinationDisplay:1"/>
                </StopPointInJourneyPattern>
                <StopPointInJourneyPattern id="VTR:StopPointInJourneyPattern:104270134" version="3027584" order="2">
                  <ScheduledStopPointRef ref="VTR:ScheduledStopPoint:1468605"/>
                  <DestinationDisplayRef ref="VTR:DestinationDisplay:1"/>
                </StopPointInJourneyPattern>
                <StopPointInJourneyPattern id="VTR:StopPointInJourneyPattern:104270135" version="3027584" order="3">
                  <ScheduledStopPointRef ref="VTR:ScheduledStopPoint:1468606"/>
                  <DestinationDisplayRef ref="VTR:DestinationDisplay:1"/>
                </StopPointInJourneyPattern>
                <StopPointInJourneyPattern id="VTR:StopPointInJourneyPattern:104270136" version="3027584" order="4">
                  <ScheduledStopPointRef ref="VTR:ScheduledStopPoint:1468607"/>
                  <DestinationDisplayRef ref="VTR:DestinationDisplay:1"/>
                </StopPointInJourneyPattern>
                <StopPointInJourneyPattern id="VTR:StopPointInJourneyPattern:104270137" version="3027584" order="5">
                  <ScheduledStopPointRef ref="VTR:ScheduledStopPoint:1468608"/>
                  <DestinationDisplayRef ref="VTR:DestinationDisplay:1"/>
                </StopPointInJourneyPattern>
                <StopPointInJourneyPattern id="VTR:StopPointInJourneyPattern:104270138" version="3027584" order="6">
                  <ScheduledStopPointRef ref="VTR:ScheduledStopPoint:1468609"/>
                  <DestinationDisplayRef ref="VTR:DestinationDisplay:1"/>
                </StopPointInJourneyPattern>
                <StopPointInJourneyPattern id="VTR:StopPointInJourneyPattern:104270139" version="3027584" order="7">
                  <ScheduledStopPointRef ref="VTR:ScheduledStopPoint:1468610"/>
                  <DestinationDisplayRef ref="VTR:DestinationDisplay:1"/>
                </StopPointInJourneyPattern>
                <StopPointInJourneyPattern id="VTR:StopPointInJourneyPattern:104270140" version="3027584" order="8">
                  <ScheduledStopPointRef ref="VTR:ScheduledStopPoint:1468611"/>
                  <DestinationDisplayRef ref="VTR:DestinationDisplay:1"/>
                </StopPointInJourneyPattern>
                <StopPointInJourneyPattern id="VTR:StopPointInJourneyPattern:104270141" version="3027584" order="9">
                  <ScheduledStopPointRef ref="VTR:ScheduledStopPoint:1468612"/>
                  <DestinationDisplayRef ref="VTR:DestinationDisplay:1"/>
                </StopPointInJourneyPattern>
                <StopPointInJourneyPattern id="VTR:StopPointInJourneyPattern:104270142" version="3027584" order="10">
                  <ScheduledStopPointRef ref="VTR:ScheduledStopPoint:1468613"/>
                  <DestinationDisplayRef ref="VTR:DestinationDisplay:1"/>
                </StopPointInJourneyPattern>
                <StopPointInJourneyPattern id="VTR:StopPointInJourneyPattern:104270143" version="3027584" order="11">
                  <ScheduledStopPointRef ref="VTR:ScheduledStopPoint:1468614"/>
                  <DestinationDisplayRef ref="VTR:DestinationDisplay:1"/>
                </StopPointInJourneyPattern>
                <StopPointInJourneyPattern id="VTR:StopPointInJourneyPattern:104270144" version="3027584" order="12">
                  <ScheduledStopPointRef ref="VTR:ScheduledStopPoint:1468615"/>
                  <DestinationDisplayRef ref="VTR:DestinationDisplay:1"/>
                </StopPointInJourneyPattern>
              </pointsInSequence>
            </JourneyPattern>
            <JourneyPattern id="VTR:JourneyPattern:3025420" version="3027586">
              <Name>2A</Name>
              <RouteRef ref="VTR:Route:18341" version="1"/>
              <pointsInSequence>
                <StopPointInJourneyPattern id="VTR:StopPointInJourneyPattern:104270162" version="3027586" order="1">
                  <ScheduledStopPointRef ref="VTR:ScheduledStopPoint:1468633"/>
                  <DestinationDisplayRef ref="VTR:DestinationDisplay:1"/>
                </StopPointInJourneyPattern>
                <StopPointInJourneyPattern id="VTR:StopPointInJourneyPattern:104270163" version="3027586" order="2">
                  <ScheduledStopPointRef ref="VTR:ScheduledStopPoint:1468634"/>
                  <DestinationDisplayRef ref="VTR:DestinationDisplay:1"/>
                </StopPointInJourneyPattern>
                <StopPointInJourneyPattern id="VTR:StopPointInJourneyPattern:104270164" version="3027586" order="3">
                  <ScheduledStopPointRef ref="VTR:ScheduledStopPoint:1468635"/>
                  <DestinationDisplayRef ref="VTR:DestinationDisplay:1"/>
                </StopPointInJourneyPattern>
                <StopPointInJourneyPattern id="VTR:StopPointInJourneyPattern:104270165" version="3027586" order="4">
                  <ScheduledStopPointRef ref="VTR:ScheduledStopPoint:1468636"/>
                  <DestinationDisplayRef ref="VTR:DestinationDisplay:1"/>
                </StopPointInJourneyPattern>
              </pointsInSequence>
            </JourneyPattern>
            <JourneyPattern id="VTR:JourneyPattern:3025417" version="3027583">
              <Name>1A</Name>
              <RouteRef ref="VTR:Route:18338" version="1"/>
              <pointsInSequence>
                <StopPointInJourneyPattern id="VTR:StopPointInJourneyPattern:104270119" version="3027583" order="1">
                  <ScheduledStopPointRef ref="VTR:ScheduledStopPoint:1468590"/>
                  <DestinationDisplayRef ref="VTR:DestinationDisplay:1"/>
                </StopPointInJourneyPattern>
                <StopPointInJourneyPattern id="VTR:StopPointInJourneyPattern:104270120" version="3027583" order="2">
                  <ScheduledStopPointRef ref="VTR:ScheduledStopPoint:1468591"/>
                  <DestinationDisplayRef ref="VTR:DestinationDisplay:1"/>
                </StopPointInJourneyPattern>
                <StopPointInJourneyPattern id="VTR:StopPointInJourneyPattern:104270121" version="3027583" order="3">
                  <ScheduledStopPointRef ref="VTR:ScheduledStopPoint:1468592"/>
                  <DestinationDisplayRef ref="VTR:DestinationDisplay:1"/>
                </StopPointInJourneyPattern>
                <StopPointInJourneyPattern id="VTR:StopPointInJourneyPattern:104270122" version="3027583" order="4">
                  <ScheduledStopPointRef ref="VTR:ScheduledStopPoint:1468593"/>
                  <DestinationDisplayRef ref="VTR:DestinationDisplay:1"/>
                </StopPointInJourneyPattern>
                <StopPointInJourneyPattern id="VTR:StopPointInJourneyPattern:104270123" version="3027583" order="5">
                  <ScheduledStopPointRef ref="VTR:ScheduledStopPoint:1468594"/>
                  <DestinationDisplayRef ref="VTR:DestinationDisplay:1"/>
                </StopPointInJourneyPattern>
                <StopPointInJourneyPattern id="VTR:StopPointInJourneyPattern:104270124" version="3027583" order="6">
                  <ScheduledStopPointRef ref="VTR:ScheduledStopPoint:1468595"/>
                  <DestinationDisplayRef ref="VTR:DestinationDisplay:1"/>
                </StopPointInJourneyPattern>
                <StopPointInJourneyPattern id="VTR:StopPointInJourneyPattern:104270125" version="3027583" order="7">
                  <ScheduledStopPointRef ref="VTR:ScheduledStopPoint:1468596"/>
                  <DestinationDisplayRef ref="VTR:DestinationDisplay:1"/>
                </StopPointInJourneyPattern>
                <StopPointInJourneyPattern id="VTR:StopPointInJourneyPattern:104270126" version="3027583" order="8">
                  <ScheduledStopPointRef ref="VTR:ScheduledStopPoint:1468603"/>
                  <DestinationDisplayRef ref="VTR:DestinationDisplay:1"/>
                </StopPointInJourneyPattern>
                <StopPointInJourneyPattern id="VTR:StopPointInJourneyPattern:104270127" version="3027583" order="9">
                  <ScheduledStopPointRef ref="VTR:ScheduledStopPoint:1468597"/>
                  <DestinationDisplayRef ref="VTR:DestinationDisplay:1"/>
                </StopPointInJourneyPattern>
                <StopPointInJourneyPattern id="VTR:StopPointInJourneyPattern:104270128" version="3027583" order="10">
                  <ScheduledStopPointRef ref="VTR:ScheduledStopPoint:1468598"/>
                  <DestinationDisplayRef ref="VTR:DestinationDisplay:1"/>
                </StopPointInJourneyPattern>
                <StopPointInJourneyPattern id="VTR:StopPointInJourneyPattern:104270129" version="3027583" order="11">
                  <ScheduledStopPointRef ref="VTR:ScheduledStopPoint:1468599"/>
                  <DestinationDisplayRef ref="VTR:DestinationDisplay:1"/>
                </StopPointInJourneyPattern>
                <StopPointInJourneyPattern id="VTR:StopPointInJourneyPattern:104270130" version="3027583" order="12">
                  <ScheduledStopPointRef ref="VTR:ScheduledStopPoint:1468600"/>
                  <DestinationDisplayRef ref="VTR:DestinationDisplay:1"/>
                </StopPointInJourneyPattern>
                <StopPointInJourneyPattern id="VTR:StopPointInJourneyPattern:104270131" version="3027583" order="13">
                  <ScheduledStopPointRef ref="VTR:ScheduledStopPoint:1468601"/>
                  <DestinationDisplayRef ref="VTR:DestinationDisplay:1"/>
                </StopPointInJourneyPattern>
                <StopPointInJourneyPattern id="VTR:StopPointInJourneyPattern:104270132" version="3027583" order="14">
                  <ScheduledStopPointRef ref="VTR:ScheduledStopPoint:1468602"/>
                  <DestinationDisplayRef ref="VTR:DestinationDisplay:1"/>
                </StopPointInJourneyPattern>
              </pointsInSequence>
            </JourneyPattern>
            <JourneyPattern id="VTR:JourneyPattern:3025419" version="3027585">
              <Name>1</Name>
              <RouteRef ref="VTR:Route:18340" version="1"/>
              <pointsInSequence>
                <StopPointInJourneyPattern id="VTR:StopPointInJourneyPattern:104270145" version="3027585" order="1">
                  <ScheduledStopPointRef ref="VTR:ScheduledStopPoint:1468622"/>
                  <DestinationDisplayRef ref="VTR:DestinationDisplay:1"/>
                </StopPointInJourneyPattern>
                <StopPointInJourneyPattern id="VTR:StopPointInJourneyPattern:104270146" version="3027585" order="2">
                  <ScheduledStopPointRef ref="VTR:ScheduledStopPoint:1468623"/>
                  <DestinationDisplayRef ref="VTR:DestinationDisplay:1"/>
                </StopPointInJourneyPattern>
                <StopPointInJourneyPattern id="VTR:StopPointInJourneyPattern:104270147" version="3027585" order="3">
                  <ScheduledStopPointRef ref="VTR:ScheduledStopPoint:1468624"/>
                  <DestinationDisplayRef ref="VTR:DestinationDisplay:1"/>
                </StopPointInJourneyPattern>
                <StopPointInJourneyPattern id="VTR:StopPointInJourneyPattern:104270148" version="3027585" order="4">
                  <ScheduledStopPointRef ref="VTR:ScheduledStopPoint:1468625"/>
                  <DestinationDisplayRef ref="VTR:DestinationDisplay:1"/>
                </StopPointInJourneyPattern>
              </pointsInSequence>
            </JourneyPattern>
          </journeyPatterns>
        </ServiceFrame>
        <TimetableFrame version="1" id="VTR:TimetableFrame:1358">
          <vehicleJourneys>
            <ServiceJourney version="3027586" id="VTR:ServiceJourney:3025420">
              <Name>Staškūniškis - Anykščiai per Kurklių II k.</Name>
              <PrivateCode>2A</PrivateCode>
              <dayTypes>
                <DayTypeRef ref="VTR:DayType:1660"/>
              </dayTypes>
              <JourneyPatternRef version="3027586" ref="VTR:JourneyPattern:3025420"/>
              <OperatorRef ref="VTR:Operator:83950"/>
              <LineRef ref="VTR:Line:4742" version="8164"/>
              <passingTimes>
                <TimetabledPassingTime version="3027586" id="VTR:TimetabledPassingTime:3025420_104270162_1">
                  <StopPointInJourneyPatternRef ref="VTR:StopPointInJourneyPattern:104270162" version="3027586"/>
                  <DepartureTime>15:41:00</DepartureTime>
                  <DepartureDayOffset>0</DepartureDayOffset>
                </TimetabledPassingTime>
                <TimetabledPassingTime version="3027586" id="VTR:TimetabledPassingTime:3025420_104270163_2">
                  <StopPointInJourneyPatternRef ref="VTR:StopPointInJourneyPattern:104270163" version="3027586"/>
                  <DepartureTime>15:45:00</DepartureTime>
                  <DepartureDayOffset>0</DepartureDayOffset>
                </TimetabledPassingTime>
                <TimetabledPassingTime version="3027586" id="VTR:TimetabledPassingTime:3025420_104270164_3">
                  <StopPointInJourneyPatternRef ref="VTR:StopPointInJourneyPattern:104270164" version="3027586"/>
                  <DepartureTime>15:48:00</DepartureTime>
                  <DepartureDayOffset>0</DepartureDayOffset>
                </TimetabledPassingTime>
                <TimetabledPassingTime version="3027586" id="VTR:TimetabledPassingTime:3025420_104270165_4">
                  <StopPointInJourneyPatternRef ref="VTR:StopPointInJourneyPattern:104270165" version="3027586"/>
                  <DepartureTime>15:51:00</DepartureTime>
                  <DepartureDayOffset>0</DepartureDayOffset>
                </TimetabledPassingTime>
              </passingTimes>
            </ServiceJourney>
            <ServiceJourney version="3027583" id="VTR:ServiceJourney:3025417">
              <Name>Staškūniškis - Anykščiai per Kurklius</Name>
              <PrivateCode>1A</PrivateCode>
              <dayTypes>
                <DayTypeRef ref="VTR:DayType:1660"/>
              </dayTypes>
              <JourneyPatternRef version="3027583" ref="VTR:JourneyPattern:3025417"/>
              <OperatorRef ref="VTR:Operator:83950"/>
              <LineRef ref="VTR:Line:4742" version="8164"/>
              <passingTimes>
                <TimetabledPassingTime version="3027583" id="VTR:TimetabledPassingTime:3025417_104270119_1">
                  <StopPointInJourneyPatternRef ref="VTR:StopPointInJourneyPattern:104270119" version="3027583"/>
                  <DepartureTime>07:15:00</DepartureTime>
                  <DepartureDayOffset>0</DepartureDayOffset>
                </TimetabledPassingTime>
                <TimetabledPassingTime version="3027583" id="VTR:TimetabledPassingTime:3025417_104270120_2">
                  <StopPointInJourneyPatternRef ref="VTR:StopPointInJourneyPattern:104270120" version="3027583"/>
                  <DepartureTime>07:20:00</DepartureTime>
                  <DepartureDayOffset>0</DepartureDayOffset>
                </TimetabledPassingTime>
                <TimetabledPassingTime version="3027583" id="VTR:TimetabledPassingTime:3025417_104270121_3">
                  <StopPointInJourneyPatternRef ref="VTR:StopPointInJourneyPattern:104270121" version="3027583"/>
                  <DepartureTime>07:25:00</DepartureTime>
                  <DepartureDayOffset>0</DepartureDayOffset>
                </TimetabledPassingTime>
                <TimetabledPassingTime version="3027583" id="VTR:TimetabledPassingTime:3025417_104270122_4">
                  <StopPointInJourneyPatternRef ref="VTR:StopPointInJourneyPattern:104270122" version="3027583"/>
                  <DepartureTime>07:28:00</DepartureTime>
                  <DepartureDayOffset>0</DepartureDayOffset>
                </TimetabledPassingTime>
                <TimetabledPassingTime version="3027583" id="VTR:TimetabledPassingTime:3025417_104270123_5">
                  <StopPointInJourneyPatternRef ref="VTR:StopPointInJourneyPattern:104270123" version="3027583"/>
                  <DepartureTime>07:31:00</DepartureTime>
                  <DepartureDayOffset>0</DepartureDayOffset>
                </TimetabledPassingTime>
                <TimetabledPassingTime version="3027583" id="VTR:TimetabledPassingTime:3025417_104270124_6">
                  <StopPointInJourneyPatternRef ref="VTR:StopPointInJourneyPattern:104270124" version="3027583"/>
                  <DepartureTime>07:33:00</DepartureTime>
                  <DepartureDayOffset>0</DepartureDayOffset>
                </TimetabledPassingTime>
                <TimetabledPassingTime version="3027583" id="VTR:TimetabledPassingTime:3025417_104270125_7">
                  <StopPointInJourneyPatternRef ref="VTR:StopPointInJourneyPattern:104270125" version="3027583"/>
                  <DepartureTime>07:35:00</DepartureTime>
                  <DepartureDayOffset>0</DepartureDayOffset>
                </TimetabledPassingTime>
                <TimetabledPassingTime version="3027583" id="VTR:TimetabledPassingTime:3025417_104270126_8">
                  <StopPointInJourneyPatternRef ref="VTR:StopPointInJourneyPattern:104270126" version="3027583"/>
                  <DepartureTime>07:37:00</DepartureTime>
                  <DepartureDayOffset>0</DepartureDayOffset>
                </TimetabledPassingTime>
                <TimetabledPassingTime version="3027583" id="VTR:TimetabledPassingTime:3025417_104270127_9">
                  <StopPointInJourneyPatternRef ref="VTR:StopPointInJourneyPattern:104270127" version="3027583"/>
                  <DepartureTime>07:39:00</DepartureTime>
                  <DepartureDayOffset>0</DepartureDayOffset>
                </TimetabledPassingTime>
                <TimetabledPassingTime version="3027583" id="VTR:TimetabledPassingTime:3025417_104270128_10">
                  <StopPointInJourneyPatternRef ref="VTR:StopPointInJourneyPattern:104270128" version="3027583"/>
                  <DepartureTime>07:43:00</DepartureTime>
                  <DepartureDayOffset>0</DepartureDayOffset>
                </TimetabledPassingTime>
                <TimetabledPassingTime version="3027583" id="VTR:TimetabledPassingTime:3025417_104270129_11">
                  <StopPointInJourneyPatternRef ref="VTR:StopPointInJourneyPattern:104270129" version="3027583"/>
                  <DepartureTime>07:48:00</DepartureTime>
                  <DepartureDayOffset>0</DepartureDayOffset>
                </TimetabledPassingTime>
                <TimetabledPassingTime version="3027583" id="VTR:TimetabledPassingTime:3025417_104270130_12">
                  <StopPointInJourneyPatternRef ref="VTR:StopPointInJourneyPattern:104270130" version="3027583"/>
                  <DepartureTime>07:52:00</DepartureTime>
                  <DepartureDayOffset>0</DepartureDayOffset>
                </TimetabledPassingTime>
                <TimetabledPassingTime version="3027583" id="VTR:TimetabledPassingTime:3025417_104270131_13">
                  <StopPointInJourneyPatternRef ref="VTR:StopPointInJourneyPattern:104270131" version="3027583"/>
                  <DepartureTime>07:54:00</DepartureTime>
                  <DepartureDayOffset>0</DepartureDayOffset>
                </TimetabledPassingTime>
                <TimetabledPassingTime version="3027583" id="VTR:TimetabledPassingTime:3025417_104270132_14">
                  <StopPointInJourneyPatternRef ref="VTR:StopPointInJourneyPattern:104270132" version="3027583"/>
                  <DepartureTime>07:55:00</DepartureTime>
                  <DepartureDayOffset>0</DepartureDayOffset>
                </TimetabledPassingTime>
              </passingTimes>
            </ServiceJourney>
            <ServiceJourney version="3027584" id="VTR:ServiceJourney:3025418">
              <Name>Anykščiai - Staškūniškis per Kurklius</Name>
              <PrivateCode>2</PrivateCode>
              <dayTypes>
                <DayTypeRef ref="VTR:DayType:1660"/>
              </dayTypes>
              <JourneyPatternRef version="3027584" ref="VTR:JourneyPattern:3025418"/>
              <OperatorRef ref="VTR:Operator:83950"/>
              <LineRef ref="VTR:Line:4742" version="8164"/>
              <passingTimes>
                <TimetabledPassingTime version="3027584" id="VTR:TimetabledPassingTime:3025418_104270133_1">
                  <StopPointInJourneyPatternRef ref="VTR:StopPointInJourneyPattern:104270133" version="3027584"/>
                  <DepartureTime>15:15:00</DepartureTime>
                  <DepartureDayOffset>0</DepartureDayOffset>
                </TimetabledPassingTime>
                <TimetabledPassingTime version="3027584" id="VTR:TimetabledPassingTime:3025418_104270134_2">
                  <StopPointInJourneyPatternRef ref="VTR:StopPointInJourneyPattern:104270134" version="3027584"/>
                  <DepartureTime>15:16:00</DepartureTime>
                  <DepartureDayOffset>0</DepartureDayOffset>
                </TimetabledPassingTime>
                <TimetabledPassingTime version="3027584" id="VTR:TimetabledPassingTime:3025418_104270135_3">
                  <StopPointInJourneyPatternRef ref="VTR:StopPointInJourneyPattern:104270135" version="3027584"/>
                  <DepartureTime>15:18:00</DepartureTime>
                  <DepartureDayOffset>0</DepartureDayOffset>
                </TimetabledPassingTime>
                <TimetabledPassingTime version="3027584" id="VTR:TimetabledPassingTime:3025418_104270136_4">
                  <StopPointInJourneyPatternRef ref="VTR:StopPointInJourneyPattern:104270136" version="3027584"/>
                  <DepartureTime>15:20:00</DepartureTime>
                  <DepartureDayOffset>0</DepartureDayOffset>
                </TimetabledPassingTime>
                <TimetabledPassingTime version="3027584" id="VTR:TimetabledPassingTime:3025418_104270137_5">
                  <StopPointInJourneyPatternRef ref="VTR:StopPointInJourneyPattern:104270137" version="3027584"/>
                  <DepartureTime>15:22:00</DepartureTime>
                  <DepartureDayOffset>0</DepartureDayOffset>
                </TimetabledPassingTime>
                <TimetabledPassingTime version="3027584" id="VTR:TimetabledPassingTime:3025418_104270138_6">
                  <StopPointInJourneyPatternRef ref="VTR:StopPointInJourneyPattern:104270138" version="3027584"/>
                  <DepartureTime>15:24:00</DepartureTime>
                  <DepartureDayOffset>0</DepartureDayOffset>
                </TimetabledPassingTime>
                <TimetabledPassingTime version="3027584" id="VTR:TimetabledPassingTime:3025418_104270139_7">
                  <StopPointInJourneyPatternRef ref="VTR:StopPointInJourneyPattern:104270139" version="3027584"/>
                  <DepartureTime>15:26:00</DepartureTime>
                  <DepartureDayOffset>0</DepartureDayOffset>
                </TimetabledPassingTime>
                <TimetabledPassingTime version="3027584" id="VTR:TimetabledPassingTime:3025418_104270140_8">
                  <StopPointInJourneyPatternRef ref="VTR:StopPointInJourneyPattern:104270140" version="3027584"/>
                  <DepartureTime>15:28:00</DepartureTime>
                  <DepartureDayOffset>0</DepartureDayOffset>
                </TimetabledPassingTime>
                <TimetabledPassingTime version="3027584" id="VTR:TimetabledPassingTime:3025418_104270141_9">
                  <StopPointInJourneyPatternRef ref="VTR:StopPointInJourneyPattern:104270141" version="3027584"/>
                  <DepartureTime>15:31:00</DepartureTime>
                  <DepartureDayOffset>0</DepartureDayOffset>
                </TimetabledPassingTime>
                <TimetabledPassingTime version="3027584" id="VTR:TimetabledPassingTime:3025418_104270142_10">
                  <StopPointInJourneyPatternRef ref="VTR:StopPointInJourneyPattern:104270142" version="3027584"/>
                  <DepartureTime>15:35:00</DepartureTime>
                  <DepartureDayOffset>0</DepartureDayOffset>
                </TimetabledPassingTime>
                <TimetabledPassingTime version="3027584" id="VTR:TimetabledPassingTime:3025418_104270143_11">
                  <StopPointInJourneyPatternRef ref="VTR:StopPointInJourneyPattern:104270143" version="3027584"/>
                  <DepartureTime>15:38:00</DepartureTime>
                  <DepartureDayOffset>0</DepartureDayOffset>
                </TimetabledPassingTime>
                <TimetabledPassingTime version="3027584" id="VTR:TimetabledPassingTime:3025418_104270144_12">
                  <StopPointInJourneyPatternRef ref="VTR:StopPointInJourneyPattern:104270144" version="3027584"/>
                  <DepartureTime>15:41:00</DepartureTime>
                  <DepartureDayOffset>0</DepartureDayOffset>
                </TimetabledPassingTime>
              </passingTimes>
            </ServiceJourney>
            <ServiceJourney version="3027585" id="VTR:ServiceJourney:3025419">
              <Name>Anykščiai-Staškūniškis per Kurklių II kaimą, Kurklius</Name>
              <PrivateCode>1</PrivateCode>
              <dayTypes>
                <DayTypeRef ref="VTR:DayType:1660"/>
              </dayTypes>
              <JourneyPatternRef version="3027585" ref="VTR:JourneyPattern:3025419"/>
              <OperatorRef ref="VTR:Operator:83950"/>
              <LineRef ref="VTR:Line:4742" version="8164"/>
              <passingTimes>
                <TimetabledPassingTime version="3027585" id="VTR:TimetabledPassingTime:3025419_104270145_1">
                  <StopPointInJourneyPatternRef ref="VTR:StopPointInJourneyPattern:104270145" version="3027585"/>
                  <DepartureTime>06:25:00</DepartureTime>
                  <DepartureDayOffset>0</DepartureDayOffset>
                </TimetabledPassingTime>
                <TimetabledPassingTime version="3027585" id="VTR:TimetabledPassingTime:3025419_104270146_2">
                  <StopPointInJourneyPatternRef ref="VTR:StopPointInJourneyPattern:104270146" version="3027585"/>
                  <DepartureTime>06:26:00</DepartureTime>
                  <DepartureDayOffset>0</DepartureDayOffset>
                </TimetabledPassingTime>
                <TimetabledPassingTime version="3027585" id="VTR:TimetabledPassingTime:3025419_104270147_3">
                  <StopPointInJourneyPatternRef ref="VTR:StopPointInJourneyPattern:104270147" version="3027585"/>
                  <DepartureTime>06:27:00</DepartureTime>
                  <DepartureDayOffset>0</DepartureDayOffset>
                </TimetabledPassingTime>
                <TimetabledPassingTime version="3027585" id="VTR:TimetabledPassingTime:3025419_104270148_4">
                  <StopPointInJourneyPatternRef ref="VTR:StopPointInJourneyPattern:104270148" version="3027585"/>
                  <DepartureTime>06:28:00</DepartureTime>
                  <DepartureDayOffset>0</DepartureDayOffset>
                </TimetabledPassingTime>
              </passingTimes>
            </ServiceJourney>
          </vehicleJourneys>
        </TimetableFrame>
        <ResourceFrame version="1" id="VTR:ResourceFrame:1358">
          <organisations>
            <Authority version="1" id="VTR:Authority:49">
              <CompanyNumber>34</CompanyNumber>
              <Name>Anykščių r. sav.</Name>
              <LegalName>Anykščių r. sav.</LegalName>
              <ContactDetails>
                <Email>info@anyksciai.lt</Email>
                <Phone>838142350</Phone>
                <Url>www.anyksciai.lt</Url>
              </ContactDetails>
              <OrganisationType>authority</OrganisationType>
            </Authority>
          </organisations>
        </ResourceFrame>
      </frames>
    </CompositeFrame>
  </dataObjects>
</PublicationDelivery>
