<?xml version="1.0" encoding="UTF-8"?><PublicationDelivery xmlns="http://www.netex.org.uk/netex" xmlns:gis="http://www.opengis.net/gml/3.2" xmlns:ns2="http://www.opengis.net/gml/3.2" xmlns:ns3="http://www.siri.org.uk/siri" xmlns:xsi="http://www.w3.org/2001/XMLSchema-instance" version="1" xsi:schemaLocation="">
  <PublicationTimestamp>2022-04-02T00:00:00.391</PublicationTimestamp>
  <ParticipantRef>VTR</ParticipantRef>
  <Description>1</Description>
  <dataObjects>
    <CompositeFrame created="2022-04-02T00:00:00.391" version="1" id="VTR:CompositeFrame:1141">
      <validityConditions>
        <AvailabilityCondition version="1" id="VTR:AvailabilityCondition:1141">
          <FromDate>2020-06-21T12:06:40</FromDate>
          <ToDate>2027-12-30T00:00:00</ToDate>
        </AvailabilityCondition>
      </validityConditions>
      <codespaces>
        <Codespace id="vtr">
          <Xmlns>VTR</Xmlns>
          <XmlnsUrl>http://www.visimarsrutai.lt/</XmlnsUrl>
        </Codespace>
      </codespaces>
      <FrameDefaults>
        <DefaultLocale>
          <TimeZone>Europe/Vilnius</TimeZone>
        </DefaultLocale>
        <DefaultLocationSystem>WGS84</DefaultLocationSystem>
      </FrameDefaults>
      <frames>
        <ServiceCalendarFrame version="1" id="VTR:ServiceCalendarFrame:1141">
          <dayTypes>
            <DayType id="VTR:DayType:38543" version="1">
              <properties>
                <PropertyOfDay>
                  <DaysOfWeek>Monday Tuesday Wednesday Thursday Friday</DaysOfWeek>
                </PropertyOfDay>
              </properties>
            </DayType>
            <DayType id="VTR:DayType:38562" version="1">
              <properties>
                <PropertyOfDay>
                  <DaysOfWeek>Monday Tuesday Wednesday Thursday Friday</DaysOfWeek>
                </PropertyOfDay>
              </properties>
            </DayType>
          </dayTypes>
          <operatingPeriods>
            <OperatingPeriod version="1" id="VTR:OperatingPeriod:38543">
              <FromDate>2018-09-01T00:00:00</FromDate>
              <ToDate>2022-09-01T00:00:00</ToDate>
            </OperatingPeriod>
            <OperatingPeriod version="1" id="VTR:OperatingPeriod:38562">
              <FromDate>2018-09-01T00:00:00</FromDate>
              <ToDate>2022-09-01T00:00:00</ToDate>
            </OperatingPeriod>
          </operatingPeriods>
          <dayTypeAssignments>
            <DayTypeAssignment id="VTR:DayTypeAssignment:38543_0" version="1" order="5118">
              <OperatingPeriodRef ref="VTR:OperatingPeriod:38543" version="1"/>
              <DayTypeRef ref="VTR:DayType:38543" version="1"/>
            </DayTypeAssignment>
            <DayTypeAssignment id="VTR:DayTypeAssignment:38562_0" version="1" order="5157">
              <OperatingPeriodRef ref="VTR:OperatingPeriod:38562" version="1"/>
              <DayTypeRef ref="VTR:DayType:38562" version="1"/>
            </DayTypeAssignment>
            <DayTypeAssignment id="VTR:DayTypeAssignment:38543_947705" version="1" order="44591">
              <Date>2022-05-01</Date>
              <DayTypeRef ref="VTR:DayType:38543" version="1"/>
            </DayTypeAssignment>
            <DayTypeAssignment id="VTR:DayTypeAssignment:38543_947703" version="1" order="44592">
              <Date>2022-04-18</Date>
              <DayTypeRef ref="VTR:DayType:38543" version="1"/>
            </DayTypeAssignment>
            <DayTypeAssignment id="VTR:DayTypeAssignment:38543_947706" version="1" order="44593">
              <Date>2022-06-24</Date>
              <DayTypeRef ref="VTR:DayType:38543" version="1"/>
            </DayTypeAssignment>
            <DayTypeAssignment id="VTR:DayTypeAssignment:38543_947708" version="1" order="44594">
              <Date>2022-08-15</Date>
              <DayTypeRef ref="VTR:DayType:38543" version="1"/>
            </DayTypeAssignment>
            <DayTypeAssignment id="VTR:DayTypeAssignment:38543_947707" version="1" order="44595">
              <Date>2022-07-06</Date>
              <DayTypeRef ref="VTR:DayType:38543" version="1"/>
            </DayTypeAssignment>
            <DayTypeAssignment id="VTR:DayTypeAssignment:38562_947702" version="1" order="44673">
              <Date>2022-08-15</Date>
              <DayTypeRef ref="VTR:DayType:38562" version="1"/>
            </DayTypeAssignment>
            <DayTypeAssignment id="VTR:DayTypeAssignment:38562_947697" version="1" order="44674">
              <Date>2022-04-18</Date>
              <DayTypeRef ref="VTR:DayType:38562" version="1"/>
            </DayTypeAssignment>
            <DayTypeAssignment id="VTR:DayTypeAssignment:38562_947701" version="1" order="44677">
              <Date>2022-07-06</Date>
              <DayTypeRef ref="VTR:DayType:38562" version="1"/>
            </DayTypeAssignment>
            <DayTypeAssignment id="VTR:DayTypeAssignment:38562_947700" version="1" order="44678">
              <Date>2022-06-24</Date>
              <DayTypeRef ref="VTR:DayType:38562" version="1"/>
            </DayTypeAssignment>
            <DayTypeAssignment id="VTR:DayTypeAssignment:38562_947699" version="1" order="44683">
              <Date>2022-05-01</Date>
              <DayTypeRef ref="VTR:DayType:38562" version="1"/>
            </DayTypeAssignment>
          </dayTypeAssignments>
        </ServiceCalendarFrame>
        <ServiceFrame id="VTR:ServiceFrame:1141" version="1">
          <Network version="0" id="VTR:Network:43"/>
          <routePoints>
            <RoutePoint version="1" id="VTR:RoutePoint:2080018">
              <projections>
                <PointProjection version="1" id="VTR:PointProjection:45719">
                  <ProjectedPointRef ref="VTR:ScheduledStopPoint:2080018" version="1"/>
                </PointProjection>
              </projections>
            </RoutePoint>
            <RoutePoint version="1" id="VTR:RoutePoint:2080019">
              <projections>
                <PointProjection version="1" id="VTR:PointProjection:45627">
                  <ProjectedPointRef ref="VTR:ScheduledStopPoint:2080019" version="1"/>
                </PointProjection>
              </projections>
            </RoutePoint>
            <RoutePoint version="1" id="VTR:RoutePoint:2080020">
              <projections>
                <PointProjection version="1" id="VTR:PointProjection:45668">
                  <ProjectedPointRef ref="VTR:ScheduledStopPoint:2080020" version="1"/>
                </PointProjection>
              </projections>
            </RoutePoint>
            <RoutePoint version="1" id="VTR:RoutePoint:2080021">
              <projections>
                <PointProjection version="1" id="VTR:PointProjection:45704">
                  <ProjectedPointRef ref="VTR:ScheduledStopPoint:2080021" version="1"/>
                </PointProjection>
              </projections>
            </RoutePoint>
            <RoutePoint version="1" id="VTR:RoutePoint:2080022">
              <projections>
                <PointProjection version="1" id="VTR:PointProjection:45735">
                  <ProjectedPointRef ref="VTR:ScheduledStopPoint:2080022" version="1"/>
                </PointProjection>
              </projections>
            </RoutePoint>
            <RoutePoint version="1" id="VTR:RoutePoint:2080023">
              <projections>
                <PointProjection version="1" id="VTR:PointProjection:45677">
                  <ProjectedPointRef ref="VTR:ScheduledStopPoint:2080023" version="1"/>
                </PointProjection>
              </projections>
            </RoutePoint>
            <RoutePoint version="1" id="VTR:RoutePoint:2080024">
              <projections>
                <PointProjection version="1" id="VTR:PointProjection:45705">
                  <ProjectedPointRef ref="VTR:ScheduledStopPoint:2080024" version="1"/>
                </PointProjection>
              </projections>
            </RoutePoint>
            <RoutePoint version="1" id="VTR:RoutePoint:2080025">
              <projections>
                <PointProjection version="1" id="VTR:PointProjection:45943">
                  <ProjectedPointRef ref="VTR:ScheduledStopPoint:2080025" version="1"/>
                </PointProjection>
              </projections>
            </RoutePoint>
            <RoutePoint version="1" id="VTR:RoutePoint:2080026">
              <projections>
                <PointProjection version="1" id="VTR:PointProjection:47714">
                  <ProjectedPointRef ref="VTR:ScheduledStopPoint:2080026" version="1"/>
                </PointProjection>
              </projections>
            </RoutePoint>
            <RoutePoint version="1" id="VTR:RoutePoint:2080027">
              <projections>
                <PointProjection version="1" id="VTR:PointProjection:65668">
                  <ProjectedPointRef ref="VTR:ScheduledStopPoint:2080027" version="1"/>
                </PointProjection>
              </projections>
            </RoutePoint>
            <RoutePoint version="1" id="VTR:RoutePoint:2080028">
              <projections>
                <PointProjection version="1" id="VTR:PointProjection:65669">
                  <ProjectedPointRef ref="VTR:ScheduledStopPoint:2080028" version="1"/>
                </PointProjection>
              </projections>
            </RoutePoint>
            <RoutePoint version="1" id="VTR:RoutePoint:2080029">
              <projections>
                <PointProjection version="1" id="VTR:PointProjection:79060">
                  <ProjectedPointRef ref="VTR:ScheduledStopPoint:2080029" version="1"/>
                </PointProjection>
              </projections>
            </RoutePoint>
            <RoutePoint version="1" id="VTR:RoutePoint:2080030">
              <projections>
                <PointProjection version="1" id="VTR:PointProjection:79061">
                  <ProjectedPointRef ref="VTR:ScheduledStopPoint:2080030" version="1"/>
                </PointProjection>
              </projections>
            </RoutePoint>
            <RoutePoint version="1" id="VTR:RoutePoint:2080031">
              <projections>
                <PointProjection version="1" id="VTR:PointProjection:79062">
                  <ProjectedPointRef ref="VTR:ScheduledStopPoint:2080031" version="1"/>
                </PointProjection>
              </projections>
            </RoutePoint>
            <RoutePoint version="1" id="VTR:RoutePoint:2080032">
              <projections>
                <PointProjection version="1" id="VTR:PointProjection:79063">
                  <ProjectedPointRef ref="VTR:ScheduledStopPoint:2080032" version="1"/>
                </PointProjection>
              </projections>
            </RoutePoint>
            <RoutePoint version="1" id="VTR:RoutePoint:2080033">
              <projections>
                <PointProjection version="1" id="VTR:PointProjection:79064">
                  <ProjectedPointRef ref="VTR:ScheduledStopPoint:2080033" version="1"/>
                </PointProjection>
              </projections>
            </RoutePoint>
            <RoutePoint version="1" id="VTR:RoutePoint:2080034">
              <projections>
                <PointProjection version="1" id="VTR:PointProjection:79065">
                  <ProjectedPointRef ref="VTR:ScheduledStopPoint:2080034" version="1"/>
                </PointProjection>
              </projections>
            </RoutePoint>
            <RoutePoint version="1" id="VTR:RoutePoint:2080035">
              <projections>
                <PointProjection version="1" id="VTR:PointProjection:79066">
                  <ProjectedPointRef ref="VTR:ScheduledStopPoint:2080035" version="1"/>
                </PointProjection>
              </projections>
            </RoutePoint>
            <RoutePoint version="1" id="VTR:RoutePoint:3228340">
              <projections>
                <PointProjection version="1" id="VTR:PointProjection:56031">
                  <ProjectedPointRef ref="VTR:ScheduledStopPoint:3228340" version="1"/>
                </PointProjection>
              </projections>
            </RoutePoint>
            <RoutePoint version="1" id="VTR:RoutePoint:3228341">
              <projections>
                <PointProjection version="1" id="VTR:PointProjection:56050">
                  <ProjectedPointRef ref="VTR:ScheduledStopPoint:3228341" version="1"/>
                </PointProjection>
              </projections>
            </RoutePoint>
            <RoutePoint version="1" id="VTR:RoutePoint:3228342">
              <projections>
                <PointProjection version="1" id="VTR:PointProjection:56053">
                  <ProjectedPointRef ref="VTR:ScheduledStopPoint:3228342" version="1"/>
                </PointProjection>
              </projections>
            </RoutePoint>
            <RoutePoint version="1" id="VTR:RoutePoint:3228343">
              <projections>
                <PointProjection version="1" id="VTR:PointProjection:56054">
                  <ProjectedPointRef ref="VTR:ScheduledStopPoint:3228343" version="1"/>
                </PointProjection>
              </projections>
            </RoutePoint>
            <RoutePoint version="1" id="VTR:RoutePoint:3228344">
              <projections>
                <PointProjection version="1" id="VTR:PointProjection:56055">
                  <ProjectedPointRef ref="VTR:ScheduledStopPoint:3228344" version="1"/>
                </PointProjection>
              </projections>
            </RoutePoint>
            <RoutePoint version="1" id="VTR:RoutePoint:3228345">
              <projections>
                <PointProjection version="1" id="VTR:PointProjection:56056">
                  <ProjectedPointRef ref="VTR:ScheduledStopPoint:3228345" version="1"/>
                </PointProjection>
              </projections>
            </RoutePoint>
            <RoutePoint version="1" id="VTR:RoutePoint:3228346">
              <projections>
                <PointProjection version="1" id="VTR:PointProjection:61450">
                  <ProjectedPointRef ref="VTR:ScheduledStopPoint:3228346" version="1"/>
                </PointProjection>
              </projections>
            </RoutePoint>
            <RoutePoint version="1" id="VTR:RoutePoint:3228347">
              <projections>
                <PointProjection version="1" id="VTR:PointProjection:61451">
                  <ProjectedPointRef ref="VTR:ScheduledStopPoint:3228347" version="1"/>
                </PointProjection>
              </projections>
            </RoutePoint>
            <RoutePoint version="1" id="VTR:RoutePoint:3228348">
              <projections>
                <PointProjection version="1" id="VTR:PointProjection:61452">
                  <ProjectedPointRef ref="VTR:ScheduledStopPoint:3228348" version="1"/>
                </PointProjection>
              </projections>
            </RoutePoint>
            <RoutePoint version="1" id="VTR:RoutePoint:3228349">
              <projections>
                <PointProjection version="1" id="VTR:PointProjection:61453">
                  <ProjectedPointRef ref="VTR:ScheduledStopPoint:3228349" version="1"/>
                </PointProjection>
              </projections>
            </RoutePoint>
            <RoutePoint version="1" id="VTR:RoutePoint:3228350">
              <projections>
                <PointProjection version="1" id="VTR:PointProjection:61454">
                  <ProjectedPointRef ref="VTR:ScheduledStopPoint:3228350" version="1"/>
                </PointProjection>
              </projections>
            </RoutePoint>
            <RoutePoint version="1" id="VTR:RoutePoint:3228351">
              <projections>
                <PointProjection version="1" id="VTR:PointProjection:61455">
                  <ProjectedPointRef ref="VTR:ScheduledStopPoint:3228351" version="1"/>
                </PointProjection>
              </projections>
            </RoutePoint>
            <RoutePoint version="1" id="VTR:RoutePoint:3228352">
              <projections>
                <PointProjection version="1" id="VTR:PointProjection:61456">
                  <ProjectedPointRef ref="VTR:ScheduledStopPoint:3228352" version="1"/>
                </PointProjection>
              </projections>
            </RoutePoint>
            <RoutePoint version="1" id="VTR:RoutePoint:3228353">
              <projections>
                <PointProjection version="1" id="VTR:PointProjection:61457">
                  <ProjectedPointRef ref="VTR:ScheduledStopPoint:3228353" version="1"/>
                </PointProjection>
              </projections>
            </RoutePoint>
            <RoutePoint version="1" id="VTR:RoutePoint:3228354">
              <projections>
                <PointProjection version="1" id="VTR:PointProjection:61458">
                  <ProjectedPointRef ref="VTR:ScheduledStopPoint:3228354" version="1"/>
                </PointProjection>
              </projections>
            </RoutePoint>
            <RoutePoint version="1" id="VTR:RoutePoint:3228355">
              <projections>
                <PointProjection version="1" id="VTR:PointProjection:63639">
                  <ProjectedPointRef ref="VTR:ScheduledStopPoint:3228355" version="1"/>
                </PointProjection>
              </projections>
            </RoutePoint>
            <RoutePoint version="1" id="VTR:RoutePoint:3228356">
              <projections>
                <PointProjection version="1" id="VTR:PointProjection:63640">
                  <ProjectedPointRef ref="VTR:ScheduledStopPoint:3228356" version="1"/>
                </PointProjection>
              </projections>
            </RoutePoint>
            <RoutePoint version="1" id="VTR:RoutePoint:3228357">
              <projections>
                <PointProjection version="1" id="VTR:PointProjection:63641">
                  <ProjectedPointRef ref="VTR:ScheduledStopPoint:3228357" version="1"/>
                </PointProjection>
              </projections>
            </RoutePoint>
            <RoutePoint version="1" id="VTR:RoutePoint:3228358">
              <projections>
                <PointProjection version="1" id="VTR:PointProjection:63642">
                  <ProjectedPointRef ref="VTR:ScheduledStopPoint:3228358" version="1"/>
                </PointProjection>
              </projections>
            </RoutePoint>
            <RoutePoint version="1" id="VTR:RoutePoint:3228359">
              <projections>
                <PointProjection version="1" id="VTR:PointProjection:63643">
                  <ProjectedPointRef ref="VTR:ScheduledStopPoint:3228359" version="1"/>
                </PointProjection>
              </projections>
            </RoutePoint>
            <RoutePoint version="1" id="VTR:RoutePoint:3228360">
              <projections>
                <PointProjection version="1" id="VTR:PointProjection:63644">
                  <ProjectedPointRef ref="VTR:ScheduledStopPoint:3228360" version="1"/>
                </PointProjection>
              </projections>
            </RoutePoint>
            <RoutePoint version="1" id="VTR:RoutePoint:3228398">
              <projections>
                <PointProjection version="1" id="VTR:PointProjection:65710">
                  <ProjectedPointRef ref="VTR:ScheduledStopPoint:3228398" version="1"/>
                </PointProjection>
              </projections>
            </RoutePoint>
            <RoutePoint version="1" id="VTR:RoutePoint:3228399">
              <projections>
                <PointProjection version="1" id="VTR:PointProjection:65711">
                  <ProjectedPointRef ref="VTR:ScheduledStopPoint:3228399" version="1"/>
                </PointProjection>
              </projections>
            </RoutePoint>
          </routePoints>
          <routes>
            <Route version="1" id="VTR:Route:24910">
              <Name>panevezys_bus_N1_e-b</Name>
              <ShortName>panevezys_bus_N1_e-b</ShortName>
              <LineRef ref="VTR:Line:7896" version="10301"/>
              <pointsInSequence>
                <PointOnRoute version="1" id="VTR:PointOnRoute:3228345" order="1">
                  <RoutePointRef ref="VTR:RoutePoint:3228345"/>
                </PointOnRoute>
                <PointOnRoute version="1" id="VTR:PointOnRoute:3228346" order="2">
                  <RoutePointRef ref="VTR:RoutePoint:3228346"/>
                </PointOnRoute>
                <PointOnRoute version="1" id="VTR:PointOnRoute:3228347" order="3">
                  <RoutePointRef ref="VTR:RoutePoint:3228347"/>
                </PointOnRoute>
                <PointOnRoute version="1" id="VTR:PointOnRoute:3228348" order="4">
                  <RoutePointRef ref="VTR:RoutePoint:3228348"/>
                </PointOnRoute>
                <PointOnRoute version="1" id="VTR:PointOnRoute:3228349" order="5">
                  <RoutePointRef ref="VTR:RoutePoint:3228349"/>
                </PointOnRoute>
                <PointOnRoute version="1" id="VTR:PointOnRoute:3228350" order="6">
                  <RoutePointRef ref="VTR:RoutePoint:3228350"/>
                </PointOnRoute>
                <PointOnRoute version="1" id="VTR:PointOnRoute:3228351" order="7">
                  <RoutePointRef ref="VTR:RoutePoint:3228351"/>
                </PointOnRoute>
                <PointOnRoute version="1" id="VTR:PointOnRoute:3228352" order="8">
                  <RoutePointRef ref="VTR:RoutePoint:3228352"/>
                </PointOnRoute>
                <PointOnRoute version="1" id="VTR:PointOnRoute:3228353" order="9">
                  <RoutePointRef ref="VTR:RoutePoint:3228353"/>
                </PointOnRoute>
                <PointOnRoute version="1" id="VTR:PointOnRoute:3228354" order="10">
                  <RoutePointRef ref="VTR:RoutePoint:3228354"/>
                </PointOnRoute>
                <PointOnRoute version="1" id="VTR:PointOnRoute:3228355" order="11">
                  <RoutePointRef ref="VTR:RoutePoint:3228355"/>
                </PointOnRoute>
                <PointOnRoute version="1" id="VTR:PointOnRoute:3228356" order="12">
                  <RoutePointRef ref="VTR:RoutePoint:3228356"/>
                </PointOnRoute>
                <PointOnRoute version="1" id="VTR:PointOnRoute:3228357" order="13">
                  <RoutePointRef ref="VTR:RoutePoint:3228357"/>
                </PointOnRoute>
                <PointOnRoute version="1" id="VTR:PointOnRoute:3228358" order="14">
                  <RoutePointRef ref="VTR:RoutePoint:3228358"/>
                </PointOnRoute>
                <PointOnRoute version="1" id="VTR:PointOnRoute:3228359" order="15">
                  <RoutePointRef ref="VTR:RoutePoint:3228359"/>
                </PointOnRoute>
                <PointOnRoute version="1" id="VTR:PointOnRoute:3228360" order="16">
                  <RoutePointRef ref="VTR:RoutePoint:3228360"/>
                </PointOnRoute>
                <PointOnRoute version="1" id="VTR:PointOnRoute:3228398" order="17">
                  <RoutePointRef ref="VTR:RoutePoint:3228398"/>
                </PointOnRoute>
                <PointOnRoute version="1" id="VTR:PointOnRoute:3228399" order="18">
                  <RoutePointRef ref="VTR:RoutePoint:3228399"/>
                </PointOnRoute>
              </pointsInSequence>
            </Route>
            <Route version="1" id="VTR:Route:22001">
              <Name>panevezys_bus_N1_a-b</Name>
              <ShortName>panevezys_bus_N1_a-b</ShortName>
              <LineRef ref="VTR:Line:7896" version="10301"/>
              <pointsInSequence>
                <PointOnRoute version="1" id="VTR:PointOnRoute:3228340" order="1">
                  <RoutePointRef ref="VTR:RoutePoint:3228340"/>
                </PointOnRoute>
                <PointOnRoute version="1" id="VTR:PointOnRoute:3228341" order="2">
                  <RoutePointRef ref="VTR:RoutePoint:3228341"/>
                </PointOnRoute>
                <PointOnRoute version="1" id="VTR:PointOnRoute:3228342" order="3">
                  <RoutePointRef ref="VTR:RoutePoint:3228342"/>
                </PointOnRoute>
                <PointOnRoute version="1" id="VTR:PointOnRoute:3228343" order="4">
                  <RoutePointRef ref="VTR:RoutePoint:3228343"/>
                </PointOnRoute>
                <PointOnRoute version="1" id="VTR:PointOnRoute:3228344" order="5">
                  <RoutePointRef ref="VTR:RoutePoint:3228344"/>
                </PointOnRoute>
                <PointOnRoute version="1" id="VTR:PointOnRoute:2080018" order="6">
                  <RoutePointRef ref="VTR:RoutePoint:2080018"/>
                </PointOnRoute>
                <PointOnRoute version="1" id="VTR:PointOnRoute:2080019" order="7">
                  <RoutePointRef ref="VTR:RoutePoint:2080019"/>
                </PointOnRoute>
                <PointOnRoute version="1" id="VTR:PointOnRoute:2080020" order="8">
                  <RoutePointRef ref="VTR:RoutePoint:2080020"/>
                </PointOnRoute>
                <PointOnRoute version="1" id="VTR:PointOnRoute:2080021" order="9">
                  <RoutePointRef ref="VTR:RoutePoint:2080021"/>
                </PointOnRoute>
                <PointOnRoute version="1" id="VTR:PointOnRoute:2080022" order="10">
                  <RoutePointRef ref="VTR:RoutePoint:2080022"/>
                </PointOnRoute>
                <PointOnRoute version="1" id="VTR:PointOnRoute:2080023" order="11">
                  <RoutePointRef ref="VTR:RoutePoint:2080023"/>
                </PointOnRoute>
                <PointOnRoute version="1" id="VTR:PointOnRoute:2080024" order="12">
                  <RoutePointRef ref="VTR:RoutePoint:2080024"/>
                </PointOnRoute>
                <PointOnRoute version="1" id="VTR:PointOnRoute:2080025" order="13">
                  <RoutePointRef ref="VTR:RoutePoint:2080025"/>
                </PointOnRoute>
                <PointOnRoute version="1" id="VTR:PointOnRoute:2080026" order="14">
                  <RoutePointRef ref="VTR:RoutePoint:2080026"/>
                </PointOnRoute>
                <PointOnRoute version="1" id="VTR:PointOnRoute:2080027" order="15">
                  <RoutePointRef ref="VTR:RoutePoint:2080027"/>
                </PointOnRoute>
                <PointOnRoute version="1" id="VTR:PointOnRoute:2080028" order="16">
                  <RoutePointRef ref="VTR:RoutePoint:2080028"/>
                </PointOnRoute>
                <PointOnRoute version="1" id="VTR:PointOnRoute:2080029" order="17">
                  <RoutePointRef ref="VTR:RoutePoint:2080029"/>
                </PointOnRoute>
                <PointOnRoute version="1" id="VTR:PointOnRoute:2080030" order="18">
                  <RoutePointRef ref="VTR:RoutePoint:2080030"/>
                </PointOnRoute>
                <PointOnRoute version="1" id="VTR:PointOnRoute:2080031" order="19">
                  <RoutePointRef ref="VTR:RoutePoint:2080031"/>
                </PointOnRoute>
                <PointOnRoute version="1" id="VTR:PointOnRoute:2080032" order="20">
                  <RoutePointRef ref="VTR:RoutePoint:2080032"/>
                </PointOnRoute>
                <PointOnRoute version="1" id="VTR:PointOnRoute:2080033" order="21">
                  <RoutePointRef ref="VTR:RoutePoint:2080033"/>
                </PointOnRoute>
                <PointOnRoute version="1" id="VTR:PointOnRoute:2080034" order="22">
                  <RoutePointRef ref="VTR:RoutePoint:2080034"/>
                </PointOnRoute>
                <PointOnRoute version="1" id="VTR:PointOnRoute:2080035" order="23">
                  <RoutePointRef ref="VTR:RoutePoint:2080035"/>
                </PointOnRoute>
              </pointsInSequence>
            </Route>
          </routes>
          <lines>
            <Line version="10301" id="VTR:Line:7896">
              <Name>UAB "Devold" - Velžio kelias</Name>
              <TransportMode>bus</TransportMode>
              <TransportSubmode>
                <BusSubmode>localBus</BusSubmode>
              </TransportSubmode>
              <PublicCode>N1</PublicCode>
              <OperatorRef ref="VTR:Operator:43"/>
            </Line>
          </lines>
          <scheduledStopPoints>
            <ScheduledStopPoint version="1" id="VTR:ScheduledStopPoint:2080018">
              <Name>AB "Lietkabelis"</Name>
            </ScheduledStopPoint>
            <ScheduledStopPoint version="1" id="VTR:ScheduledStopPoint:2080019">
              <Name>Pušaloto g.</Name>
            </ScheduledStopPoint>
            <ScheduledStopPoint version="1" id="VTR:ScheduledStopPoint:2080020">
              <Name>Taikos al.</Name>
            </ScheduledStopPoint>
            <ScheduledStopPoint version="1" id="VTR:ScheduledStopPoint:2080021">
              <Name>"Cido" arena</Name>
            </ScheduledStopPoint>
            <ScheduledStopPoint version="1" id="VTR:ScheduledStopPoint:2080022">
              <Name>Poliklinika</Name>
            </ScheduledStopPoint>
            <ScheduledStopPoint version="1" id="VTR:ScheduledStopPoint:2080023">
              <Name>Nemuno g.</Name>
            </ScheduledStopPoint>
            <ScheduledStopPoint version="1" id="VTR:ScheduledStopPoint:2080024">
              <Name>F. Vaitkaus g.</Name>
            </ScheduledStopPoint>
            <ScheduledStopPoint version="1" id="VTR:ScheduledStopPoint:2080025">
              <Name>Prekybos centras "Maxima"</Name>
            </ScheduledStopPoint>
            <ScheduledStopPoint version="1" id="VTR:ScheduledStopPoint:2080026">
              <Name>Centras "RYO" Vakarinė g.</Name>
            </ScheduledStopPoint>
            <ScheduledStopPoint version="1" id="VTR:ScheduledStopPoint:2080027">
              <Name>Kniaudiškių g.</Name>
            </ScheduledStopPoint>
            <ScheduledStopPoint version="1" id="VTR:ScheduledStopPoint:2080028">
              <Name>Projektuotojų g.</Name>
            </ScheduledStopPoint>
            <ScheduledStopPoint version="1" id="VTR:ScheduledStopPoint:2080029">
              <Name>J. Tilvyčio g.</Name>
            </ScheduledStopPoint>
            <ScheduledStopPoint version="1" id="VTR:ScheduledStopPoint:2080030">
              <Name>J. Miltinio mokykla</Name>
            </ScheduledStopPoint>
            <ScheduledStopPoint version="1" id="VTR:ScheduledStopPoint:2080031">
              <Name>Durpyno g.</Name>
            </ScheduledStopPoint>
            <ScheduledStopPoint version="1" id="VTR:ScheduledStopPoint:2080032">
              <Name>Autobusų parkas</Name>
            </ScheduledStopPoint>
            <ScheduledStopPoint version="1" id="VTR:ScheduledStopPoint:2080033">
              <Name>"Tulpė"</Name>
            </ScheduledStopPoint>
            <ScheduledStopPoint version="1" id="VTR:ScheduledStopPoint:2080034">
              <Name>Beržų g.</Name>
            </ScheduledStopPoint>
            <ScheduledStopPoint version="1" id="VTR:ScheduledStopPoint:2080035">
              <Name>Velžio kelias</Name>
            </ScheduledStopPoint>
            <ScheduledStopPoint version="1" id="VTR:ScheduledStopPoint:3228340">
              <Name>UAB "Devold"</Name>
            </ScheduledStopPoint>
            <ScheduledStopPoint version="1" id="VTR:ScheduledStopPoint:3228341">
              <Name>J. Janonio g.</Name>
            </ScheduledStopPoint>
            <ScheduledStopPoint version="1" id="VTR:ScheduledStopPoint:3228342">
              <Name>Tiltas</Name>
            </ScheduledStopPoint>
            <ScheduledStopPoint version="1" id="VTR:ScheduledStopPoint:3228343">
              <Name>Įmonių g.</Name>
            </ScheduledStopPoint>
            <ScheduledStopPoint version="1" id="VTR:ScheduledStopPoint:3228344">
              <Name>UAB "Atra"</Name>
            </ScheduledStopPoint>
            <ScheduledStopPoint version="1" id="VTR:ScheduledStopPoint:3228345">
              <Name>AB "Lietkabelis"</Name>
            </ScheduledStopPoint>
            <ScheduledStopPoint version="1" id="VTR:ScheduledStopPoint:3228346">
              <Name>Pušaloto g.</Name>
            </ScheduledStopPoint>
            <ScheduledStopPoint version="1" id="VTR:ScheduledStopPoint:3228347">
              <Name>Taikos al.</Name>
            </ScheduledStopPoint>
            <ScheduledStopPoint version="1" id="VTR:ScheduledStopPoint:3228348">
              <Name>"Cido" arena</Name>
            </ScheduledStopPoint>
            <ScheduledStopPoint version="1" id="VTR:ScheduledStopPoint:3228349">
              <Name>Poliklinika</Name>
            </ScheduledStopPoint>
            <ScheduledStopPoint version="1" id="VTR:ScheduledStopPoint:3228350">
              <Name>Nemuno g.</Name>
            </ScheduledStopPoint>
            <ScheduledStopPoint version="1" id="VTR:ScheduledStopPoint:3228351">
              <Name>F. Vaitkaus g.</Name>
            </ScheduledStopPoint>
            <ScheduledStopPoint version="1" id="VTR:ScheduledStopPoint:3228352">
              <Name>Prekybos centras "Maxima"</Name>
            </ScheduledStopPoint>
            <ScheduledStopPoint version="1" id="VTR:ScheduledStopPoint:3228353">
              <Name>Centras "RYO" Vakarinė g.</Name>
            </ScheduledStopPoint>
            <ScheduledStopPoint version="1" id="VTR:ScheduledStopPoint:3228354">
              <Name>Kniaudiškių g.</Name>
            </ScheduledStopPoint>
            <ScheduledStopPoint version="1" id="VTR:ScheduledStopPoint:3228355">
              <Name>Projektuotojų g.</Name>
            </ScheduledStopPoint>
            <ScheduledStopPoint version="1" id="VTR:ScheduledStopPoint:3228356">
              <Name>J. Tilvyčio g.</Name>
            </ScheduledStopPoint>
            <ScheduledStopPoint version="1" id="VTR:ScheduledStopPoint:3228357">
              <Name>J. Miltinio mokykla</Name>
            </ScheduledStopPoint>
            <ScheduledStopPoint version="1" id="VTR:ScheduledStopPoint:3228358">
              <Name>Durpyno g.</Name>
            </ScheduledStopPoint>
            <ScheduledStopPoint version="1" id="VTR:ScheduledStopPoint:3228359">
              <Name>Autobusų parkas</Name>
            </ScheduledStopPoint>
            <ScheduledStopPoint version="1" id="VTR:ScheduledStopPoint:3228360">
              <Name>"Tulpė"</Name>
            </ScheduledStopPoint>
            <ScheduledStopPoint version="1" id="VTR:ScheduledStopPoint:3228398">
              <Name>Beržų g.</Name>
            </ScheduledStopPoint>
            <ScheduledStopPoint version="1" id="VTR:ScheduledStopPoint:3228399">
              <Name>Velžio kelias</Name>
            </ScheduledStopPoint>
          </scheduledStopPoints>
          <serviceLinks>
            <ServiceLink id="VTR:ServiceLink:2080031_1_2080032_1" version="1">
              <Distance>0</Distance>
              <FromPointRef ref="VTR:ScheduledStopPoint:2080031" version="1"/>
              <ToPointRef ref="VTR:ScheduledStopPoint:2080032" version="1"/>
            </ServiceLink>
            <ServiceLink id="VTR:ServiceLink:2080021_1_2080022_1" version="1">
              <Distance>0</Distance>
              <FromPointRef ref="VTR:ScheduledStopPoint:2080021" version="1"/>
              <ToPointRef ref="VTR:ScheduledStopPoint:2080022" version="1"/>
            </ServiceLink>
            <ServiceLink id="VTR:ServiceLink:2080029_1_2080030_1" version="1">
              <Distance>0</Distance>
              <FromPointRef ref="VTR:ScheduledStopPoint:2080029" version="1"/>
              <ToPointRef ref="VTR:ScheduledStopPoint:2080030" version="1"/>
            </ServiceLink>
            <ServiceLink id="VTR:ServiceLink:3228360_1_3228398_1" version="1">
              <Distance>0</Distance>
              <FromPointRef ref="VTR:ScheduledStopPoint:3228360" version="1"/>
              <ToPointRef ref="VTR:ScheduledStopPoint:3228398" version="1"/>
            </ServiceLink>
            <ServiceLink id="VTR:ServiceLink:3228341_1_3228342_1" version="1">
              <Distance>0</Distance>
              <FromPointRef ref="VTR:ScheduledStopPoint:3228341" version="1"/>
              <ToPointRef ref="VTR:ScheduledStopPoint:3228342" version="1"/>
            </ServiceLink>
            <ServiceLink id="VTR:ServiceLink:3228356_1_3228357_1" version="1">
              <Distance>0</Distance>
              <FromPointRef ref="VTR:ScheduledStopPoint:3228356" version="1"/>
              <ToPointRef ref="VTR:ScheduledStopPoint:3228357" version="1"/>
            </ServiceLink>
            <ServiceLink id="VTR:ServiceLink:3228349_1_3228350_1" version="1">
              <Distance>0</Distance>
              <FromPointRef ref="VTR:ScheduledStopPoint:3228349" version="1"/>
              <ToPointRef ref="VTR:ScheduledStopPoint:3228350" version="1"/>
            </ServiceLink>
            <ServiceLink id="VTR:ServiceLink:2080026_1_2080027_1" version="1">
              <Distance>0</Distance>
              <FromPointRef ref="VTR:ScheduledStopPoint:2080026" version="1"/>
              <ToPointRef ref="VTR:ScheduledStopPoint:2080027" version="1"/>
            </ServiceLink>
            <ServiceLink id="VTR:ServiceLink:3228343_1_3228344_1" version="1">
              <Distance>0</Distance>
              <FromPointRef ref="VTR:ScheduledStopPoint:3228343" version="1"/>
              <ToPointRef ref="VTR:ScheduledStopPoint:3228344" version="1"/>
            </ServiceLink>
            <ServiceLink id="VTR:ServiceLink:3228348_1_3228349_1" version="1">
              <Distance>0</Distance>
              <FromPointRef ref="VTR:ScheduledStopPoint:3228348" version="1"/>
              <ToPointRef ref="VTR:ScheduledStopPoint:3228349" version="1"/>
            </ServiceLink>
            <ServiceLink id="VTR:ServiceLink:2080032_1_2080033_1" version="1">
              <Distance>0</Distance>
              <FromPointRef ref="VTR:ScheduledStopPoint:2080032" version="1"/>
              <ToPointRef ref="VTR:ScheduledStopPoint:2080033" version="1"/>
            </ServiceLink>
            <ServiceLink id="VTR:ServiceLink:3228358_1_3228359_1" version="1">
              <Distance>0</Distance>
              <FromPointRef ref="VTR:ScheduledStopPoint:3228358" version="1"/>
              <ToPointRef ref="VTR:ScheduledStopPoint:3228359" version="1"/>
            </ServiceLink>
            <ServiceLink id="VTR:ServiceLink:3228345_1_3228346_1" version="1">
              <Distance>0</Distance>
              <FromPointRef ref="VTR:ScheduledStopPoint:3228345" version="1"/>
              <ToPointRef ref="VTR:ScheduledStopPoint:3228346" version="1"/>
            </ServiceLink>
            <ServiceLink id="VTR:ServiceLink:3228347_1_3228348_1" version="1">
              <Distance>0</Distance>
              <FromPointRef ref="VTR:ScheduledStopPoint:3228347" version="1"/>
              <ToPointRef ref="VTR:ScheduledStopPoint:3228348" version="1"/>
            </ServiceLink>
            <ServiceLink id="VTR:ServiceLink:2080033_1_2080034_1" version="1">
              <Distance>0</Distance>
              <FromPointRef ref="VTR:ScheduledStopPoint:2080033" version="1"/>
              <ToPointRef ref="VTR:ScheduledStopPoint:2080034" version="1"/>
            </ServiceLink>
            <ServiceLink id="VTR:ServiceLink:3228340_1_3228341_1" version="1">
              <Distance>0</Distance>
              <FromPointRef ref="VTR:ScheduledStopPoint:3228340" version="1"/>
              <ToPointRef ref="VTR:ScheduledStopPoint:3228341" version="1"/>
            </ServiceLink>
            <ServiceLink id="VTR:ServiceLink:3228353_1_3228354_1" version="1">
              <Distance>0</Distance>
              <FromPointRef ref="VTR:ScheduledStopPoint:3228353" version="1"/>
              <ToPointRef ref="VTR:ScheduledStopPoint:3228354" version="1"/>
            </ServiceLink>
            <ServiceLink id="VTR:ServiceLink:3228355_1_3228356_1" version="1">
              <Distance>0</Distance>
              <FromPointRef ref="VTR:ScheduledStopPoint:3228355" version="1"/>
              <ToPointRef ref="VTR:ScheduledStopPoint:3228356" version="1"/>
            </ServiceLink>
            <ServiceLink id="VTR:ServiceLink:3228351_1_3228352_1" version="1">
              <Distance>0</Distance>
              <FromPointRef ref="VTR:ScheduledStopPoint:3228351" version="1"/>
              <ToPointRef ref="VTR:ScheduledStopPoint:3228352" version="1"/>
            </ServiceLink>
            <ServiceLink id="VTR:ServiceLink:3228352_1_3228353_1" version="1">
              <Distance>0</Distance>
              <FromPointRef ref="VTR:ScheduledStopPoint:3228352" version="1"/>
              <ToPointRef ref="VTR:ScheduledStopPoint:3228353" version="1"/>
            </ServiceLink>
            <ServiceLink id="VTR:ServiceLink:3228357_1_3228358_1" version="1">
              <Distance>0</Distance>
              <FromPointRef ref="VTR:ScheduledStopPoint:3228357" version="1"/>
              <ToPointRef ref="VTR:ScheduledStopPoint:3228358" version="1"/>
            </ServiceLink>
            <ServiceLink id="VTR:ServiceLink:2080034_1_2080035_1" version="1">
              <Distance>0</Distance>
              <FromPointRef ref="VTR:ScheduledStopPoint:2080034" version="1"/>
              <ToPointRef ref="VTR:ScheduledStopPoint:2080035" version="1"/>
            </ServiceLink>
            <ServiceLink id="VTR:ServiceLink:3228342_1_3228343_1" version="1">
              <Distance>0</Distance>
              <FromPointRef ref="VTR:ScheduledStopPoint:3228342" version="1"/>
              <ToPointRef ref="VTR:ScheduledStopPoint:3228343" version="1"/>
            </ServiceLink>
            <ServiceLink id="VTR:ServiceLink:2080022_1_2080023_1" version="1">
              <Distance>0</Distance>
              <FromPointRef ref="VTR:ScheduledStopPoint:2080022" version="1"/>
              <ToPointRef ref="VTR:ScheduledStopPoint:2080023" version="1"/>
            </ServiceLink>
            <ServiceLink id="VTR:ServiceLink:3228346_1_3228347_1" version="1">
              <Distance>0</Distance>
              <FromPointRef ref="VTR:ScheduledStopPoint:3228346" version="1"/>
              <ToPointRef ref="VTR:ScheduledStopPoint:3228347" version="1"/>
            </ServiceLink>
            <ServiceLink id="VTR:ServiceLink:2080030_1_2080031_1" version="1">
              <Distance>0</Distance>
              <FromPointRef ref="VTR:ScheduledStopPoint:2080030" version="1"/>
              <ToPointRef ref="VTR:ScheduledStopPoint:2080031" version="1"/>
            </ServiceLink>
            <ServiceLink id="VTR:ServiceLink:2080019_1_2080020_1" version="1">
              <Distance>0</Distance>
              <FromPointRef ref="VTR:ScheduledStopPoint:2080019" version="1"/>
              <ToPointRef ref="VTR:ScheduledStopPoint:2080020" version="1"/>
            </ServiceLink>
            <ServiceLink id="VTR:ServiceLink:3228350_1_3228351_1" version="1">
              <Distance>0</Distance>
              <FromPointRef ref="VTR:ScheduledStopPoint:3228350" version="1"/>
              <ToPointRef ref="VTR:ScheduledStopPoint:3228351" version="1"/>
            </ServiceLink>
            <ServiceLink id="VTR:ServiceLink:3228398_1_3228399_1" version="1">
              <Distance>0</Distance>
              <FromPointRef ref="VTR:ScheduledStopPoint:3228398" version="1"/>
              <ToPointRef ref="VTR:ScheduledStopPoint:3228399" version="1"/>
            </ServiceLink>
            <ServiceLink id="VTR:ServiceLink:2080025_1_2080026_1" version="1">
              <Distance>0</Distance>
              <FromPointRef ref="VTR:ScheduledStopPoint:2080025" version="1"/>
              <ToPointRef ref="VTR:ScheduledStopPoint:2080026" version="1"/>
            </ServiceLink>
            <ServiceLink id="VTR:ServiceLink:2080027_1_2080028_1" version="1">
              <Distance>0</Distance>
              <FromPointRef ref="VTR:ScheduledStopPoint:2080027" version="1"/>
              <ToPointRef ref="VTR:ScheduledStopPoint:2080028" version="1"/>
            </ServiceLink>
            <ServiceLink id="VTR:ServiceLink:3228344_1_2080018_1" version="1">
              <Distance>0</Distance>
              <FromPointRef ref="VTR:ScheduledStopPoint:3228344" version="1"/>
              <ToPointRef ref="VTR:ScheduledStopPoint:2080018" version="1"/>
            </ServiceLink>
            <ServiceLink id="VTR:ServiceLink:2080028_1_2080029_1" version="1">
              <Distance>0</Distance>
              <FromPointRef ref="VTR:ScheduledStopPoint:2080028" version="1"/>
              <ToPointRef ref="VTR:ScheduledStopPoint:2080029" version="1"/>
            </ServiceLink>
            <ServiceLink id="VTR:ServiceLink:3228354_1_3228355_1" version="1">
              <Distance>0</Distance>
              <FromPointRef ref="VTR:ScheduledStopPoint:3228354" version="1"/>
              <ToPointRef ref="VTR:ScheduledStopPoint:3228355" version="1"/>
            </ServiceLink>
            <ServiceLink id="VTR:ServiceLink:2080023_1_2080024_1" version="1">
              <Distance>0</Distance>
              <FromPointRef ref="VTR:ScheduledStopPoint:2080023" version="1"/>
              <ToPointRef ref="VTR:ScheduledStopPoint:2080024" version="1"/>
            </ServiceLink>
            <ServiceLink id="VTR:ServiceLink:2080024_1_2080025_1" version="1">
              <Distance>0</Distance>
              <FromPointRef ref="VTR:ScheduledStopPoint:2080024" version="1"/>
              <ToPointRef ref="VTR:ScheduledStopPoint:2080025" version="1"/>
            </ServiceLink>
            <ServiceLink id="VTR:ServiceLink:2080018_1_2080019_1" version="1">
              <Distance>0</Distance>
              <FromPointRef ref="VTR:ScheduledStopPoint:2080018" version="1"/>
              <ToPointRef ref="VTR:ScheduledStopPoint:2080019" version="1"/>
            </ServiceLink>
            <ServiceLink id="VTR:ServiceLink:3228359_1_3228360_1" version="1">
              <Distance>0</Distance>
              <FromPointRef ref="VTR:ScheduledStopPoint:3228359" version="1"/>
              <ToPointRef ref="VTR:ScheduledStopPoint:3228360" version="1"/>
            </ServiceLink>
            <ServiceLink id="VTR:ServiceLink:2080020_1_2080021_1" version="1">
              <Distance>0</Distance>
              <FromPointRef ref="VTR:ScheduledStopPoint:2080020" version="1"/>
              <ToPointRef ref="VTR:ScheduledStopPoint:2080021" version="1"/>
            </ServiceLink>
          </serviceLinks>
          <stopAssignments>
            <PassengerStopAssignment order="2200100001" id="VTR:PassengerStopAssignment:3228340" version="1">
              <ScheduledStopPointRef ref="VTR:ScheduledStopPoint:3228340" version="1"/>
              <QuayRef ref="VTR:Quay:29385"/>
            </PassengerStopAssignment>
            <PassengerStopAssignment order="2200100002" id="VTR:PassengerStopAssignment:3228341" version="1">
              <ScheduledStopPointRef ref="VTR:ScheduledStopPoint:3228341" version="1"/>
              <QuayRef ref="VTR:Quay:29267"/>
            </PassengerStopAssignment>
            <PassengerStopAssignment order="2200100003" id="VTR:PassengerStopAssignment:3228342" version="1">
              <ScheduledStopPointRef ref="VTR:ScheduledStopPoint:3228342" version="1"/>
              <QuayRef ref="VTR:Quay:29348"/>
            </PassengerStopAssignment>
            <PassengerStopAssignment order="2200100004" id="VTR:PassengerStopAssignment:3228343" version="1">
              <ScheduledStopPointRef ref="VTR:ScheduledStopPoint:3228343" version="1"/>
              <QuayRef ref="VTR:Quay:29218"/>
            </PassengerStopAssignment>
            <PassengerStopAssignment order="2200100005" id="VTR:PassengerStopAssignment:3228344" version="1">
              <ScheduledStopPointRef ref="VTR:ScheduledStopPoint:3228344" version="1"/>
              <QuayRef ref="VTR:Quay:29350"/>
            </PassengerStopAssignment>
            <PassengerStopAssignment order="2200100006" id="VTR:PassengerStopAssignment:2080018" version="1">
              <ScheduledStopPointRef ref="VTR:ScheduledStopPoint:2080018" version="1"/>
              <QuayRef ref="VTR:Quay:29338"/>
            </PassengerStopAssignment>
            <PassengerStopAssignment order="2200100007" id="VTR:PassengerStopAssignment:2080019" version="1">
              <ScheduledStopPointRef ref="VTR:ScheduledStopPoint:2080019" version="1"/>
              <QuayRef ref="VTR:Quay:29249"/>
            </PassengerStopAssignment>
            <PassengerStopAssignment order="2200100008" id="VTR:PassengerStopAssignment:2080020" version="1">
              <ScheduledStopPointRef ref="VTR:ScheduledStopPoint:2080020" version="1"/>
              <QuayRef ref="VTR:Quay:29343"/>
            </PassengerStopAssignment>
            <PassengerStopAssignment order="2200100009" id="VTR:PassengerStopAssignment:2080021" version="1">
              <ScheduledStopPointRef ref="VTR:ScheduledStopPoint:2080021" version="1"/>
              <QuayRef ref="VTR:Quay:29346"/>
            </PassengerStopAssignment>
            <PassengerStopAssignment order="2200100010" id="VTR:PassengerStopAssignment:2080022" version="1">
              <ScheduledStopPointRef ref="VTR:ScheduledStopPoint:2080022" version="1"/>
              <QuayRef ref="VTR:Quay:29238"/>
            </PassengerStopAssignment>
            <PassengerStopAssignment order="2200100011" id="VTR:PassengerStopAssignment:2080023" version="1">
              <ScheduledStopPointRef ref="VTR:ScheduledStopPoint:2080023" version="1"/>
              <QuayRef ref="VTR:Quay:29199"/>
            </PassengerStopAssignment>
            <PassengerStopAssignment order="2200100012" id="VTR:PassengerStopAssignment:2080024" version="1">
              <ScheduledStopPointRef ref="VTR:ScheduledStopPoint:2080024" version="1"/>
              <QuayRef ref="VTR:Quay:29182"/>
            </PassengerStopAssignment>
            <PassengerStopAssignment order="2200100013" id="VTR:PassengerStopAssignment:2080025" version="1">
              <ScheduledStopPointRef ref="VTR:ScheduledStopPoint:2080025" version="1"/>
              <QuayRef ref="VTR:Quay:29183"/>
            </PassengerStopAssignment>
            <PassengerStopAssignment order="2200100014" id="VTR:PassengerStopAssignment:2080026" version="1">
              <ScheduledStopPointRef ref="VTR:ScheduledStopPoint:2080026" version="1"/>
              <QuayRef ref="VTR:Quay:29275"/>
            </PassengerStopAssignment>
            <PassengerStopAssignment order="2200100015" id="VTR:PassengerStopAssignment:2080027" version="1">
              <ScheduledStopPointRef ref="VTR:ScheduledStopPoint:2080027" version="1"/>
              <QuayRef ref="VTR:Quay:29219"/>
            </PassengerStopAssignment>
            <PassengerStopAssignment order="2200100016" id="VTR:PassengerStopAssignment:2080028" version="1">
              <ScheduledStopPointRef ref="VTR:ScheduledStopPoint:2080028" version="1"/>
              <QuayRef ref="VTR:Quay:29288"/>
            </PassengerStopAssignment>
            <PassengerStopAssignment order="2200100017" id="VTR:PassengerStopAssignment:2080029" version="1">
              <ScheduledStopPointRef ref="VTR:ScheduledStopPoint:2080029" version="1"/>
              <QuayRef ref="VTR:Quay:29216"/>
            </PassengerStopAssignment>
            <PassengerStopAssignment order="2200100018" id="VTR:PassengerStopAssignment:2080030" version="1">
              <ScheduledStopPointRef ref="VTR:ScheduledStopPoint:2080030" version="1"/>
              <QuayRef ref="VTR:Quay:20062"/>
            </PassengerStopAssignment>
            <PassengerStopAssignment order="2200100019" id="VTR:PassengerStopAssignment:2080031" version="1">
              <ScheduledStopPointRef ref="VTR:ScheduledStopPoint:2080031" version="1"/>
              <QuayRef ref="VTR:Quay:29207"/>
            </PassengerStopAssignment>
            <PassengerStopAssignment order="2200100020" id="VTR:PassengerStopAssignment:2080032" version="1">
              <ScheduledStopPointRef ref="VTR:ScheduledStopPoint:2080032" version="1"/>
              <QuayRef ref="VTR:Quay:29233"/>
            </PassengerStopAssignment>
            <PassengerStopAssignment order="2200100021" id="VTR:PassengerStopAssignment:2080033" version="1">
              <ScheduledStopPointRef ref="VTR:ScheduledStopPoint:2080033" version="1"/>
              <QuayRef ref="VTR:Quay:29368"/>
            </PassengerStopAssignment>
            <PassengerStopAssignment order="2200100022" id="VTR:PassengerStopAssignment:2080034" version="1">
              <ScheduledStopPointRef ref="VTR:ScheduledStopPoint:2080034" version="1"/>
              <QuayRef ref="VTR:Quay:29209"/>
            </PassengerStopAssignment>
            <PassengerStopAssignment order="2200100023" id="VTR:PassengerStopAssignment:2080035" version="1">
              <ScheduledStopPointRef ref="VTR:ScheduledStopPoint:2080035" version="1"/>
              <QuayRef ref="VTR:Quay:29234"/>
            </PassengerStopAssignment>
            <PassengerStopAssignment order="2491000001" id="VTR:PassengerStopAssignment:3228345" version="1">
              <ScheduledStopPointRef ref="VTR:ScheduledStopPoint:3228345" version="1"/>
              <QuayRef ref="VTR:Quay:29338"/>
            </PassengerStopAssignment>
            <PassengerStopAssignment order="2491000002" id="VTR:PassengerStopAssignment:3228346" version="1">
              <ScheduledStopPointRef ref="VTR:ScheduledStopPoint:3228346" version="1"/>
              <QuayRef ref="VTR:Quay:29249"/>
            </PassengerStopAssignment>
            <PassengerStopAssignment order="2491000003" id="VTR:PassengerStopAssignment:3228347" version="1">
              <ScheduledStopPointRef ref="VTR:ScheduledStopPoint:3228347" version="1"/>
              <QuayRef ref="VTR:Quay:29343"/>
            </PassengerStopAssignment>
            <PassengerStopAssignment order="2491000004" id="VTR:PassengerStopAssignment:3228348" version="1">
              <ScheduledStopPointRef ref="VTR:ScheduledStopPoint:3228348" version="1"/>
              <QuayRef ref="VTR:Quay:29346"/>
            </PassengerStopAssignment>
            <PassengerStopAssignment order="2491000005" id="VTR:PassengerStopAssignment:3228349" version="1">
              <ScheduledStopPointRef ref="VTR:ScheduledStopPoint:3228349" version="1"/>
              <QuayRef ref="VTR:Quay:29238"/>
            </PassengerStopAssignment>
            <PassengerStopAssignment order="2491000006" id="VTR:PassengerStopAssignment:3228350" version="1">
              <ScheduledStopPointRef ref="VTR:ScheduledStopPoint:3228350" version="1"/>
              <QuayRef ref="VTR:Quay:29199"/>
            </PassengerStopAssignment>
            <PassengerStopAssignment order="2491000007" id="VTR:PassengerStopAssignment:3228351" version="1">
              <ScheduledStopPointRef ref="VTR:ScheduledStopPoint:3228351" version="1"/>
              <QuayRef ref="VTR:Quay:29182"/>
            </PassengerStopAssignment>
            <PassengerStopAssignment order="2491000008" id="VTR:PassengerStopAssignment:3228352" version="1">
              <ScheduledStopPointRef ref="VTR:ScheduledStopPoint:3228352" version="1"/>
              <QuayRef ref="VTR:Quay:29183"/>
            </PassengerStopAssignment>
            <PassengerStopAssignment order="2491000009" id="VTR:PassengerStopAssignment:3228353" version="1">
              <ScheduledStopPointRef ref="VTR:ScheduledStopPoint:3228353" version="1"/>
              <QuayRef ref="VTR:Quay:29275"/>
            </PassengerStopAssignment>
            <PassengerStopAssignment order="2491000010" id="VTR:PassengerStopAssignment:3228354" version="1">
              <ScheduledStopPointRef ref="VTR:ScheduledStopPoint:3228354" version="1"/>
              <QuayRef ref="VTR:Quay:29219"/>
            </PassengerStopAssignment>
            <PassengerStopAssignment order="2491000011" id="VTR:PassengerStopAssignment:3228355" version="1">
              <ScheduledStopPointRef ref="VTR:ScheduledStopPoint:3228355" version="1"/>
              <QuayRef ref="VTR:Quay:29288"/>
            </PassengerStopAssignment>
            <PassengerStopAssignment order="2491000012" id="VTR:PassengerStopAssignment:3228356" version="1">
              <ScheduledStopPointRef ref="VTR:ScheduledStopPoint:3228356" version="1"/>
              <QuayRef ref="VTR:Quay:29216"/>
            </PassengerStopAssignment>
            <PassengerStopAssignment order="2491000013" id="VTR:PassengerStopAssignment:3228357" version="1">
              <ScheduledStopPointRef ref="VTR:ScheduledStopPoint:3228357" version="1"/>
              <QuayRef ref="VTR:Quay:20062"/>
            </PassengerStopAssignment>
            <PassengerStopAssignment order="2491000014" id="VTR:PassengerStopAssignment:3228358" version="1">
              <ScheduledStopPointRef ref="VTR:ScheduledStopPoint:3228358" version="1"/>
              <QuayRef ref="VTR:Quay:29207"/>
            </PassengerStopAssignment>
            <PassengerStopAssignment order="2491000015" id="VTR:PassengerStopAssignment:3228359" version="1">
              <ScheduledStopPointRef ref="VTR:ScheduledStopPoint:3228359" version="1"/>
              <QuayRef ref="VTR:Quay:29233"/>
            </PassengerStopAssignment>
            <PassengerStopAssignment order="2491000016" id="VTR:PassengerStopAssignment:3228360" version="1">
              <ScheduledStopPointRef ref="VTR:ScheduledStopPoint:3228360" version="1"/>
              <QuayRef ref="VTR:Quay:29368"/>
            </PassengerStopAssignment>
            <PassengerStopAssignment order="2491000017" id="VTR:PassengerStopAssignment:3228398" version="1">
              <ScheduledStopPointRef ref="VTR:ScheduledStopPoint:3228398" version="1"/>
              <QuayRef ref="VTR:Quay:29209"/>
            </PassengerStopAssignment>
            <PassengerStopAssignment order="2491000018" id="VTR:PassengerStopAssignment:3228399" version="1">
              <ScheduledStopPointRef ref="VTR:ScheduledStopPoint:3228399" version="1"/>
              <QuayRef ref="VTR:Quay:29234"/>
            </PassengerStopAssignment>
          </stopAssignments>
          <journeyPatterns>
            <JourneyPattern id="VTR:JourneyPattern:6769451" version="6773017">
              <RouteRef ref="VTR:Route:24910" version="1"/>
              <pointsInSequence>
                <StopPointInJourneyPattern id="VTR:StopPointInJourneyPattern:234133138" version="6773017" order="1">
                  <ScheduledStopPointRef ref="VTR:ScheduledStopPoint:3228345"/>
                  <DestinationDisplayRef ref="VTR:DestinationDisplay:1"/>
                </StopPointInJourneyPattern>
                <StopPointInJourneyPattern id="VTR:StopPointInJourneyPattern:234133139" version="6773017" order="2">
                  <ScheduledStopPointRef ref="VTR:ScheduledStopPoint:3228346"/>
                  <DestinationDisplayRef ref="VTR:DestinationDisplay:1"/>
                </StopPointInJourneyPattern>
                <StopPointInJourneyPattern id="VTR:StopPointInJourneyPattern:234133140" version="6773017" order="3">
                  <ScheduledStopPointRef ref="VTR:ScheduledStopPoint:3228347"/>
                  <DestinationDisplayRef ref="VTR:DestinationDisplay:1"/>
                </StopPointInJourneyPattern>
                <StopPointInJourneyPattern id="VTR:StopPointInJourneyPattern:234133141" version="6773017" order="4">
                  <ScheduledStopPointRef ref="VTR:ScheduledStopPoint:3228348"/>
                  <DestinationDisplayRef ref="VTR:DestinationDisplay:1"/>
                </StopPointInJourneyPattern>
                <StopPointInJourneyPattern id="VTR:StopPointInJourneyPattern:234133142" version="6773017" order="5">
                  <ScheduledStopPointRef ref="VTR:ScheduledStopPoint:3228349"/>
                  <DestinationDisplayRef ref="VTR:DestinationDisplay:1"/>
                </StopPointInJourneyPattern>
                <StopPointInJourneyPattern id="VTR:StopPointInJourneyPattern:234133143" version="6773017" order="6">
                  <ScheduledStopPointRef ref="VTR:ScheduledStopPoint:3228350"/>
                  <DestinationDisplayRef ref="VTR:DestinationDisplay:1"/>
                </StopPointInJourneyPattern>
                <StopPointInJourneyPattern id="VTR:StopPointInJourneyPattern:234133144" version="6773017" order="7">
                  <ScheduledStopPointRef ref="VTR:ScheduledStopPoint:3228351"/>
                  <DestinationDisplayRef ref="VTR:DestinationDisplay:1"/>
                </StopPointInJourneyPattern>
                <StopPointInJourneyPattern id="VTR:StopPointInJourneyPattern:234133145" version="6773017" order="8">
                  <ScheduledStopPointRef ref="VTR:ScheduledStopPoint:3228352"/>
                  <DestinationDisplayRef ref="VTR:DestinationDisplay:1"/>
                </StopPointInJourneyPattern>
                <StopPointInJourneyPattern id="VTR:StopPointInJourneyPattern:234133146" version="6773017" order="9">
                  <ScheduledStopPointRef ref="VTR:ScheduledStopPoint:3228353"/>
                  <DestinationDisplayRef ref="VTR:DestinationDisplay:1"/>
                </StopPointInJourneyPattern>
                <StopPointInJourneyPattern id="VTR:StopPointInJourneyPattern:234133147" version="6773017" order="10">
                  <ScheduledStopPointRef ref="VTR:ScheduledStopPoint:3228354"/>
                  <DestinationDisplayRef ref="VTR:DestinationDisplay:1"/>
                </StopPointInJourneyPattern>
                <StopPointInJourneyPattern id="VTR:StopPointInJourneyPattern:234133148" version="6773017" order="11">
                  <ScheduledStopPointRef ref="VTR:ScheduledStopPoint:3228355"/>
                  <DestinationDisplayRef ref="VTR:DestinationDisplay:1"/>
                </StopPointInJourneyPattern>
                <StopPointInJourneyPattern id="VTR:StopPointInJourneyPattern:234133149" version="6773017" order="12">
                  <ScheduledStopPointRef ref="VTR:ScheduledStopPoint:3228356"/>
                  <DestinationDisplayRef ref="VTR:DestinationDisplay:1"/>
                </StopPointInJourneyPattern>
                <StopPointInJourneyPattern id="VTR:StopPointInJourneyPattern:234133150" version="6773017" order="13">
                  <ScheduledStopPointRef ref="VTR:ScheduledStopPoint:3228357"/>
                  <DestinationDisplayRef ref="VTR:DestinationDisplay:1"/>
                </StopPointInJourneyPattern>
                <StopPointInJourneyPattern id="VTR:StopPointInJourneyPattern:234133151" version="6773017" order="14">
                  <ScheduledStopPointRef ref="VTR:ScheduledStopPoint:3228358"/>
                  <DestinationDisplayRef ref="VTR:DestinationDisplay:1"/>
                </StopPointInJourneyPattern>
                <StopPointInJourneyPattern id="VTR:StopPointInJourneyPattern:234133152" version="6773017" order="15">
                  <ScheduledStopPointRef ref="VTR:ScheduledStopPoint:3228359"/>
                  <DestinationDisplayRef ref="VTR:DestinationDisplay:1"/>
                </StopPointInJourneyPattern>
                <StopPointInJourneyPattern id="VTR:StopPointInJourneyPattern:234133153" version="6773017" order="16">
                  <ScheduledStopPointRef ref="VTR:ScheduledStopPoint:3228360"/>
                  <DestinationDisplayRef ref="VTR:DestinationDisplay:1"/>
                </StopPointInJourneyPattern>
                <StopPointInJourneyPattern id="VTR:StopPointInJourneyPattern:234133154" version="6773017" order="17">
                  <ScheduledStopPointRef ref="VTR:ScheduledStopPoint:3228398"/>
                  <DestinationDisplayRef ref="VTR:DestinationDisplay:1"/>
                </StopPointInJourneyPattern>
                <StopPointInJourneyPattern id="VTR:StopPointInJourneyPattern:234133155" version="6773017" order="18">
                  <ScheduledStopPointRef ref="VTR:ScheduledStopPoint:3228399"/>
                  <DestinationDisplayRef ref="VTR:DestinationDisplay:1"/>
                </StopPointInJourneyPattern>
              </pointsInSequence>
            </JourneyPattern>
            <JourneyPattern id="VTR:JourneyPattern:6769447" version="6773013">
              <RouteRef ref="VTR:Route:22001" version="1"/>
              <pointsInSequence>
                <StopPointInJourneyPattern id="VTR:StopPointInJourneyPattern:234132003" version="6773013" order="1">
                  <ScheduledStopPointRef ref="VTR:ScheduledStopPoint:3228340"/>
                  <DestinationDisplayRef ref="VTR:DestinationDisplay:1"/>
                </StopPointInJourneyPattern>
                <StopPointInJourneyPattern id="VTR:StopPointInJourneyPattern:234133046" version="6773013" order="2">
                  <ScheduledStopPointRef ref="VTR:ScheduledStopPoint:3228341"/>
                  <DestinationDisplayRef ref="VTR:DestinationDisplay:1"/>
                </StopPointInJourneyPattern>
                <StopPointInJourneyPattern id="VTR:StopPointInJourneyPattern:234133047" version="6773013" order="3">
                  <ScheduledStopPointRef ref="VTR:ScheduledStopPoint:3228342"/>
                  <DestinationDisplayRef ref="VTR:DestinationDisplay:1"/>
                </StopPointInJourneyPattern>
                <StopPointInJourneyPattern id="VTR:StopPointInJourneyPattern:234133048" version="6773013" order="4">
                  <ScheduledStopPointRef ref="VTR:ScheduledStopPoint:3228343"/>
                  <DestinationDisplayRef ref="VTR:DestinationDisplay:1"/>
                </StopPointInJourneyPattern>
                <StopPointInJourneyPattern id="VTR:StopPointInJourneyPattern:234133049" version="6773013" order="5">
                  <ScheduledStopPointRef ref="VTR:ScheduledStopPoint:3228344"/>
                  <DestinationDisplayRef ref="VTR:DestinationDisplay:1"/>
                </StopPointInJourneyPattern>
                <StopPointInJourneyPattern id="VTR:StopPointInJourneyPattern:238109375" version="6773013" order="6">
                  <ScheduledStopPointRef ref="VTR:ScheduledStopPoint:2080018"/>
                  <DestinationDisplayRef ref="VTR:DestinationDisplay:1"/>
                </StopPointInJourneyPattern>
                <StopPointInJourneyPattern id="VTR:StopPointInJourneyPattern:238109376" version="6773013" order="7">
                  <ScheduledStopPointRef ref="VTR:ScheduledStopPoint:2080019"/>
                  <DestinationDisplayRef ref="VTR:DestinationDisplay:1"/>
                </StopPointInJourneyPattern>
                <StopPointInJourneyPattern id="VTR:StopPointInJourneyPattern:238109377" version="6773013" order="8">
                  <ScheduledStopPointRef ref="VTR:ScheduledStopPoint:2080020"/>
                  <DestinationDisplayRef ref="VTR:DestinationDisplay:1"/>
                </StopPointInJourneyPattern>
                <StopPointInJourneyPattern id="VTR:StopPointInJourneyPattern:238109378" version="6773013" order="9">
                  <ScheduledStopPointRef ref="VTR:ScheduledStopPoint:2080021"/>
                  <DestinationDisplayRef ref="VTR:DestinationDisplay:1"/>
                </StopPointInJourneyPattern>
                <StopPointInJourneyPattern id="VTR:StopPointInJourneyPattern:238109379" version="6773013" order="10">
                  <ScheduledStopPointRef ref="VTR:ScheduledStopPoint:2080022"/>
                  <DestinationDisplayRef ref="VTR:DestinationDisplay:1"/>
                </StopPointInJourneyPattern>
                <StopPointInJourneyPattern id="VTR:StopPointInJourneyPattern:238109380" version="6773013" order="11">
                  <ScheduledStopPointRef ref="VTR:ScheduledStopPoint:2080023"/>
                  <DestinationDisplayRef ref="VTR:DestinationDisplay:1"/>
                </StopPointInJourneyPattern>
                <StopPointInJourneyPattern id="VTR:StopPointInJourneyPattern:238109381" version="6773013" order="12">
                  <ScheduledStopPointRef ref="VTR:ScheduledStopPoint:2080024"/>
                  <DestinationDisplayRef ref="VTR:DestinationDisplay:1"/>
                </StopPointInJourneyPattern>
                <StopPointInJourneyPattern id="VTR:StopPointInJourneyPattern:238109382" version="6773013" order="13">
                  <ScheduledStopPointRef ref="VTR:ScheduledStopPoint:2080025"/>
                  <DestinationDisplayRef ref="VTR:DestinationDisplay:1"/>
                </StopPointInJourneyPattern>
                <StopPointInJourneyPattern id="VTR:StopPointInJourneyPattern:238109383" version="6773013" order="14">
                  <ScheduledStopPointRef ref="VTR:ScheduledStopPoint:2080026"/>
                  <DestinationDisplayRef ref="VTR:DestinationDisplay:1"/>
                </StopPointInJourneyPattern>
                <StopPointInJourneyPattern id="VTR:StopPointInJourneyPattern:238109384" version="6773013" order="15">
                  <ScheduledStopPointRef ref="VTR:ScheduledStopPoint:2080027"/>
                  <DestinationDisplayRef ref="VTR:DestinationDisplay:1"/>
                </StopPointInJourneyPattern>
                <StopPointInJourneyPattern id="VTR:StopPointInJourneyPattern:238109385" version="6773013" order="16">
                  <ScheduledStopPointRef ref="VTR:ScheduledStopPoint:2080028"/>
                  <DestinationDisplayRef ref="VTR:DestinationDisplay:1"/>
                </StopPointInJourneyPattern>
                <StopPointInJourneyPattern id="VTR:StopPointInJourneyPattern:238109386" version="6773013" order="17">
                  <ScheduledStopPointRef ref="VTR:ScheduledStopPoint:2080029"/>
                  <DestinationDisplayRef ref="VTR:DestinationDisplay:1"/>
                </StopPointInJourneyPattern>
                <StopPointInJourneyPattern id="VTR:StopPointInJourneyPattern:238109387" version="6773013" order="18">
                  <ScheduledStopPointRef ref="VTR:ScheduledStopPoint:2080030"/>
                  <DestinationDisplayRef ref="VTR:DestinationDisplay:1"/>
                </StopPointInJourneyPattern>
                <StopPointInJourneyPattern id="VTR:StopPointInJourneyPattern:238109388" version="6773013" order="19">
                  <ScheduledStopPointRef ref="VTR:ScheduledStopPoint:2080031"/>
                  <DestinationDisplayRef ref="VTR:DestinationDisplay:1"/>
                </StopPointInJourneyPattern>
                <StopPointInJourneyPattern id="VTR:StopPointInJourneyPattern:238109389" version="6773013" order="20">
                  <ScheduledStopPointRef ref="VTR:ScheduledStopPoint:2080032"/>
                  <DestinationDisplayRef ref="VTR:DestinationDisplay:1"/>
                </StopPointInJourneyPattern>
                <StopPointInJourneyPattern id="VTR:StopPointInJourneyPattern:238109390" version="6773013" order="21">
                  <ScheduledStopPointRef ref="VTR:ScheduledStopPoint:2080033"/>
                  <DestinationDisplayRef ref="VTR:DestinationDisplay:1"/>
                </StopPointInJourneyPattern>
                <StopPointInJourneyPattern id="VTR:StopPointInJourneyPattern:238109391" version="6773013" order="22">
                  <ScheduledStopPointRef ref="VTR:ScheduledStopPoint:2080034"/>
                  <DestinationDisplayRef ref="VTR:DestinationDisplay:1"/>
                </StopPointInJourneyPattern>
                <StopPointInJourneyPattern id="VTR:StopPointInJourneyPattern:238109392" version="6773013" order="23">
                  <ScheduledStopPointRef ref="VTR:ScheduledStopPoint:2080035"/>
                  <DestinationDisplayRef ref="VTR:DestinationDisplay:1"/>
                </StopPointInJourneyPattern>
              </pointsInSequence>
            </JourneyPattern>
          </journeyPatterns>
        </ServiceFrame>
        <TimetableFrame version="1" id="VTR:TimetableFrame:1141">
          <vehicleJourneys>
            <ServiceJourney version="6773017" id="VTR:ServiceJourney:6769451">
              <Name>panevezys_bus_N1_e-b</Name>
              <dayTypes>
                <DayTypeRef ref="VTR:DayType:38543"/>
              </dayTypes>
              <JourneyPatternRef version="6773017" ref="VTR:JourneyPattern:6769451"/>
              <OperatorRef ref="VTR:Operator:504"/>
              <LineRef ref="VTR:Line:7896" version="10301"/>
              <passingTimes>
                <TimetabledPassingTime version="6773017" id="VTR:TimetabledPassingTime:6769451_234133138_1">
                  <StopPointInJourneyPatternRef ref="VTR:StopPointInJourneyPattern:234133138" version="6773017"/>
                  <DepartureTime>22:15:00</DepartureTime>
                  <DepartureDayOffset>0</DepartureDayOffset>
                </TimetabledPassingTime>
                <TimetabledPassingTime version="6773017" id="VTR:TimetabledPassingTime:6769451_234133139_2">
                  <StopPointInJourneyPatternRef ref="VTR:StopPointInJourneyPattern:234133139" version="6773017"/>
                  <DepartureTime>22:16:00</DepartureTime>
                  <DepartureDayOffset>0</DepartureDayOffset>
                </TimetabledPassingTime>
                <TimetabledPassingTime version="6773017" id="VTR:TimetabledPassingTime:6769451_234133140_3">
                  <StopPointInJourneyPatternRef ref="VTR:StopPointInJourneyPattern:234133140" version="6773017"/>
                  <DepartureTime>22:17:00</DepartureTime>
                  <DepartureDayOffset>0</DepartureDayOffset>
                </TimetabledPassingTime>
                <TimetabledPassingTime version="6773017" id="VTR:TimetabledPassingTime:6769451_234133141_4">
                  <StopPointInJourneyPatternRef ref="VTR:StopPointInJourneyPattern:234133141" version="6773017"/>
                  <DepartureTime>22:18:00</DepartureTime>
                  <DepartureDayOffset>0</DepartureDayOffset>
                </TimetabledPassingTime>
                <TimetabledPassingTime version="6773017" id="VTR:TimetabledPassingTime:6769451_234133142_5">
                  <StopPointInJourneyPatternRef ref="VTR:StopPointInJourneyPattern:234133142" version="6773017"/>
                  <DepartureTime>22:19:00</DepartureTime>
                  <DepartureDayOffset>0</DepartureDayOffset>
                </TimetabledPassingTime>
                <TimetabledPassingTime version="6773017" id="VTR:TimetabledPassingTime:6769451_234133143_6">
                  <StopPointInJourneyPatternRef ref="VTR:StopPointInJourneyPattern:234133143" version="6773017"/>
                  <DepartureTime>22:20:00</DepartureTime>
                  <DepartureDayOffset>0</DepartureDayOffset>
                </TimetabledPassingTime>
                <TimetabledPassingTime version="6773017" id="VTR:TimetabledPassingTime:6769451_234133144_7">
                  <StopPointInJourneyPatternRef ref="VTR:StopPointInJourneyPattern:234133144" version="6773017"/>
                  <DepartureTime>22:22:00</DepartureTime>
                  <DepartureDayOffset>0</DepartureDayOffset>
                </TimetabledPassingTime>
                <TimetabledPassingTime version="6773017" id="VTR:TimetabledPassingTime:6769451_234133145_8">
                  <StopPointInJourneyPatternRef ref="VTR:StopPointInJourneyPattern:234133145" version="6773017"/>
                  <DepartureTime>22:23:00</DepartureTime>
                  <DepartureDayOffset>0</DepartureDayOffset>
                </TimetabledPassingTime>
                <TimetabledPassingTime version="6773017" id="VTR:TimetabledPassingTime:6769451_234133146_9">
                  <StopPointInJourneyPatternRef ref="VTR:StopPointInJourneyPattern:234133146" version="6773017"/>
                  <DepartureTime>22:25:00</DepartureTime>
                  <DepartureDayOffset>0</DepartureDayOffset>
                </TimetabledPassingTime>
                <TimetabledPassingTime version="6773017" id="VTR:TimetabledPassingTime:6769451_234133147_10">
                  <StopPointInJourneyPatternRef ref="VTR:StopPointInJourneyPattern:234133147" version="6773017"/>
                  <DepartureTime>22:26:00</DepartureTime>
                  <DepartureDayOffset>0</DepartureDayOffset>
                </TimetabledPassingTime>
                <TimetabledPassingTime version="6773017" id="VTR:TimetabledPassingTime:6769451_234133148_11">
                  <StopPointInJourneyPatternRef ref="VTR:StopPointInJourneyPattern:234133148" version="6773017"/>
                  <DepartureTime>22:28:00</DepartureTime>
                  <DepartureDayOffset>0</DepartureDayOffset>
                </TimetabledPassingTime>
                <TimetabledPassingTime version="6773017" id="VTR:TimetabledPassingTime:6769451_234133149_12">
                  <StopPointInJourneyPatternRef ref="VTR:StopPointInJourneyPattern:234133149" version="6773017"/>
                  <DepartureTime>22:32:00</DepartureTime>
                  <DepartureDayOffset>0</DepartureDayOffset>
                </TimetabledPassingTime>
                <TimetabledPassingTime version="6773017" id="VTR:TimetabledPassingTime:6769451_234133150_13">
                  <StopPointInJourneyPatternRef ref="VTR:StopPointInJourneyPattern:234133150" version="6773017"/>
                  <DepartureTime>22:33:00</DepartureTime>
                  <DepartureDayOffset>0</DepartureDayOffset>
                </TimetabledPassingTime>
                <TimetabledPassingTime version="6773017" id="VTR:TimetabledPassingTime:6769451_234133151_14">
                  <StopPointInJourneyPatternRef ref="VTR:StopPointInJourneyPattern:234133151" version="6773017"/>
                  <DepartureTime>22:35:00</DepartureTime>
                  <DepartureDayOffset>0</DepartureDayOffset>
                </TimetabledPassingTime>
                <TimetabledPassingTime version="6773017" id="VTR:TimetabledPassingTime:6769451_234133152_15">
                  <StopPointInJourneyPatternRef ref="VTR:StopPointInJourneyPattern:234133152" version="6773017"/>
                  <DepartureTime>22:37:00</DepartureTime>
                  <DepartureDayOffset>0</DepartureDayOffset>
                </TimetabledPassingTime>
                <TimetabledPassingTime version="6773017" id="VTR:TimetabledPassingTime:6769451_234133153_16">
                  <StopPointInJourneyPatternRef ref="VTR:StopPointInJourneyPattern:234133153" version="6773017"/>
                  <DepartureTime>22:39:00</DepartureTime>
                  <DepartureDayOffset>0</DepartureDayOffset>
                </TimetabledPassingTime>
                <TimetabledPassingTime version="6773017" id="VTR:TimetabledPassingTime:6769451_234133154_17">
                  <StopPointInJourneyPatternRef ref="VTR:StopPointInJourneyPattern:234133154" version="6773017"/>
                  <DepartureTime>22:40:00</DepartureTime>
                  <DepartureDayOffset>0</DepartureDayOffset>
                </TimetabledPassingTime>
                <TimetabledPassingTime version="6773017" id="VTR:TimetabledPassingTime:6769451_234133155_18">
                  <StopPointInJourneyPatternRef ref="VTR:StopPointInJourneyPattern:234133155" version="6773017"/>
                  <DepartureTime>22:41:00</DepartureTime>
                  <DepartureDayOffset>0</DepartureDayOffset>
                </TimetabledPassingTime>
              </passingTimes>
            </ServiceJourney>
            <ServiceJourney version="6773013" id="VTR:ServiceJourney:6769447">
              <Name>panevezys_bus_N1_a-b</Name>
              <dayTypes>
                <DayTypeRef ref="VTR:DayType:38562"/>
              </dayTypes>
              <JourneyPatternRef version="6773013" ref="VTR:JourneyPattern:6769447"/>
              <OperatorRef ref="VTR:Operator:504"/>
              <LineRef ref="VTR:Line:7896" version="10301"/>
              <passingTimes>
                <TimetabledPassingTime version="6773013" id="VTR:TimetabledPassingTime:6769447_234132003_1">
                  <StopPointInJourneyPatternRef ref="VTR:StopPointInJourneyPattern:234132003" version="6773013"/>
                  <DepartureTime>23:10:00</DepartureTime>
                  <DepartureDayOffset>0</DepartureDayOffset>
                </TimetabledPassingTime>
                <TimetabledPassingTime version="6773013" id="VTR:TimetabledPassingTime:6769447_234133046_2">
                  <StopPointInJourneyPatternRef ref="VTR:StopPointInJourneyPattern:234133046" version="6773013"/>
                  <DepartureTime>23:14:00</DepartureTime>
                  <DepartureDayOffset>0</DepartureDayOffset>
                </TimetabledPassingTime>
                <TimetabledPassingTime version="6773013" id="VTR:TimetabledPassingTime:6769447_234133047_3">
                  <StopPointInJourneyPatternRef ref="VTR:StopPointInJourneyPattern:234133047" version="6773013"/>
                  <DepartureTime>23:15:00</DepartureTime>
                  <DepartureDayOffset>0</DepartureDayOffset>
                </TimetabledPassingTime>
                <TimetabledPassingTime version="6773013" id="VTR:TimetabledPassingTime:6769447_234133048_4">
                  <StopPointInJourneyPatternRef ref="VTR:StopPointInJourneyPattern:234133048" version="6773013"/>
                  <DepartureTime>23:16:00</DepartureTime>
                  <DepartureDayOffset>0</DepartureDayOffset>
                </TimetabledPassingTime>
                <TimetabledPassingTime version="6773013" id="VTR:TimetabledPassingTime:6769447_234133049_5">
                  <StopPointInJourneyPatternRef ref="VTR:StopPointInJourneyPattern:234133049" version="6773013"/>
                  <DepartureTime>23:17:00</DepartureTime>
                  <DepartureDayOffset>0</DepartureDayOffset>
                </TimetabledPassingTime>
                <TimetabledPassingTime version="6773013" id="VTR:TimetabledPassingTime:6769447_238109375_6">
                  <StopPointInJourneyPatternRef ref="VTR:StopPointInJourneyPattern:238109375" version="6773013"/>
                  <DepartureTime>23:17:00</DepartureTime>
                  <DepartureDayOffset>0</DepartureDayOffset>
                </TimetabledPassingTime>
                <TimetabledPassingTime version="6773013" id="VTR:TimetabledPassingTime:6769447_238109376_7">
                  <StopPointInJourneyPatternRef ref="VTR:StopPointInJourneyPattern:238109376" version="6773013"/>
                  <DepartureTime>23:18:00</DepartureTime>
                  <DepartureDayOffset>0</DepartureDayOffset>
                </TimetabledPassingTime>
                <TimetabledPassingTime version="6773013" id="VTR:TimetabledPassingTime:6769447_238109377_8">
                  <StopPointInJourneyPatternRef ref="VTR:StopPointInJourneyPattern:238109377" version="6773013"/>
                  <DepartureTime>23:19:00</DepartureTime>
                  <DepartureDayOffset>0</DepartureDayOffset>
                </TimetabledPassingTime>
                <TimetabledPassingTime version="6773013" id="VTR:TimetabledPassingTime:6769447_238109378_9">
                  <StopPointInJourneyPatternRef ref="VTR:StopPointInJourneyPattern:238109378" version="6773013"/>
                  <DepartureTime>23:20:00</DepartureTime>
                  <DepartureDayOffset>0</DepartureDayOffset>
                </TimetabledPassingTime>
                <TimetabledPassingTime version="6773013" id="VTR:TimetabledPassingTime:6769447_238109379_10">
                  <StopPointInJourneyPatternRef ref="VTR:StopPointInJourneyPattern:238109379" version="6773013"/>
                  <DepartureTime>23:21:00</DepartureTime>
                  <DepartureDayOffset>0</DepartureDayOffset>
                </TimetabledPassingTime>
                <TimetabledPassingTime version="6773013" id="VTR:TimetabledPassingTime:6769447_238109380_11">
                  <StopPointInJourneyPatternRef ref="VTR:StopPointInJourneyPattern:238109380" version="6773013"/>
                  <DepartureTime>23:22:00</DepartureTime>
                  <DepartureDayOffset>0</DepartureDayOffset>
                </TimetabledPassingTime>
                <TimetabledPassingTime version="6773013" id="VTR:TimetabledPassingTime:6769447_238109381_12">
                  <StopPointInJourneyPatternRef ref="VTR:StopPointInJourneyPattern:238109381" version="6773013"/>
                  <DepartureTime>23:24:00</DepartureTime>
                  <DepartureDayOffset>0</DepartureDayOffset>
                </TimetabledPassingTime>
                <TimetabledPassingTime version="6773013" id="VTR:TimetabledPassingTime:6769447_238109382_13">
                  <StopPointInJourneyPatternRef ref="VTR:StopPointInJourneyPattern:238109382" version="6773013"/>
                  <DepartureTime>23:26:00</DepartureTime>
                  <DepartureDayOffset>0</DepartureDayOffset>
                </TimetabledPassingTime>
                <TimetabledPassingTime version="6773013" id="VTR:TimetabledPassingTime:6769447_238109383_14">
                  <StopPointInJourneyPatternRef ref="VTR:StopPointInJourneyPattern:238109383" version="6773013"/>
                  <DepartureTime>23:27:00</DepartureTime>
                  <DepartureDayOffset>0</DepartureDayOffset>
                </TimetabledPassingTime>
                <TimetabledPassingTime version="6773013" id="VTR:TimetabledPassingTime:6769447_238109384_15">
                  <StopPointInJourneyPatternRef ref="VTR:StopPointInJourneyPattern:238109384" version="6773013"/>
                  <DepartureTime>23:29:00</DepartureTime>
                  <DepartureDayOffset>0</DepartureDayOffset>
                </TimetabledPassingTime>
                <TimetabledPassingTime version="6773013" id="VTR:TimetabledPassingTime:6769447_238109385_16">
                  <StopPointInJourneyPatternRef ref="VTR:StopPointInJourneyPattern:238109385" version="6773013"/>
                  <DepartureTime>23:30:00</DepartureTime>
                  <DepartureDayOffset>0</DepartureDayOffset>
                </TimetabledPassingTime>
                <TimetabledPassingTime version="6773013" id="VTR:TimetabledPassingTime:6769447_238109386_17">
                  <StopPointInJourneyPatternRef ref="VTR:StopPointInJourneyPattern:238109386" version="6773013"/>
                  <DepartureTime>23:34:00</DepartureTime>
                  <DepartureDayOffset>0</DepartureDayOffset>
                </TimetabledPassingTime>
                <TimetabledPassingTime version="6773013" id="VTR:TimetabledPassingTime:6769447_238109387_18">
                  <StopPointInJourneyPatternRef ref="VTR:StopPointInJourneyPattern:238109387" version="6773013"/>
                  <DepartureTime>23:35:00</DepartureTime>
                  <DepartureDayOffset>0</DepartureDayOffset>
                </TimetabledPassingTime>
                <TimetabledPassingTime version="6773013" id="VTR:TimetabledPassingTime:6769447_238109388_19">
                  <StopPointInJourneyPatternRef ref="VTR:StopPointInJourneyPattern:238109388" version="6773013"/>
                  <DepartureTime>23:37:00</DepartureTime>
                  <DepartureDayOffset>0</DepartureDayOffset>
                </TimetabledPassingTime>
                <TimetabledPassingTime version="6773013" id="VTR:TimetabledPassingTime:6769447_238109389_20">
                  <StopPointInJourneyPatternRef ref="VTR:StopPointInJourneyPattern:238109389" version="6773013"/>
                  <DepartureTime>23:39:00</DepartureTime>
                  <DepartureDayOffset>0</DepartureDayOffset>
                </TimetabledPassingTime>
                <TimetabledPassingTime version="6773013" id="VTR:TimetabledPassingTime:6769447_238109390_21">
                  <StopPointInJourneyPatternRef ref="VTR:StopPointInJourneyPattern:238109390" version="6773013"/>
                  <DepartureTime>23:41:00</DepartureTime>
                  <DepartureDayOffset>0</DepartureDayOffset>
                </TimetabledPassingTime>
                <TimetabledPassingTime version="6773013" id="VTR:TimetabledPassingTime:6769447_238109391_22">
                  <StopPointInJourneyPatternRef ref="VTR:StopPointInJourneyPattern:238109391" version="6773013"/>
                  <DepartureTime>23:42:00</DepartureTime>
                  <DepartureDayOffset>0</DepartureDayOffset>
                </TimetabledPassingTime>
                <TimetabledPassingTime version="6773013" id="VTR:TimetabledPassingTime:6769447_238109392_23">
                  <StopPointInJourneyPatternRef ref="VTR:StopPointInJourneyPattern:238109392" version="6773013"/>
                  <DepartureTime>23:43:00</DepartureTime>
                  <DepartureDayOffset>0</DepartureDayOffset>
                </TimetabledPassingTime>
              </passingTimes>
            </ServiceJourney>
          </vehicleJourneys>
        </TimetableFrame>
        <ResourceFrame version="1" id="VTR:ResourceFrame:1141">
          <organisations>
            <Authority version="1" id="VTR:Authority:43">
              <CompanyNumber>27</CompanyNumber>
              <Name>Panevėžio m. sav.</Name>
              <LegalName>Panevėžio m. sav.</LegalName>
              <ContactDetails>
                <Email>savivaldybe@panevezys.lt</Email>
                <Phone>845501360</Phone>
                <Url>https://www.stops.lt/panevezys/</Url>
              </ContactDetails>
              <OrganisationType>authority</OrganisationType>
            </Authority>
          </organisations>
        </ResourceFrame>
        <FareFrame id="VTR:FareFrame:7896" version="1">
          <FrameDefaults>
            <DefaultCurrency>EUR</DefaultCurrency>
          </FrameDefaults>
          <usageParameters>
            <RoundTrip id="VTR:RoundTrip:single" version="1">
              <Name>Single</Name>
              <TripType>single</TripType>
            </RoundTrip>
            <FrequencyOfUse id="VTR:FrequencyOfUse:once" version="1">
              <Name>Once</Name>
              <MaximalFrequency>1</MaximalFrequency>
            </FrequencyOfUse>
          </usageParameters>
          <priceGroups>
            <PriceGroup id="VTR:PriceGroup:PG01" version="1">
              <Name>Flat Fare Products - Standard</Name>
              <members>
                <FareProductPrice id="VTR:FareProductPrice:standard" version="1">
                  <Name>Single fare</Name>
                  <Amount>0.64</Amount>
                  <Currency>EUR</Currency>
                </FareProductPrice>
              </members>
            </PriceGroup>
          </priceGroups>
        </FareFrame>
      </frames>
    </CompositeFrame>
  </dataObjects>
</PublicationDelivery>
