<?xml version="1.0" encoding="UTF-8"?><PublicationDelivery xmlns="http://www.netex.org.uk/netex" xmlns:gis="http://www.opengis.net/gml/3.2" xmlns:ns2="http://www.opengis.net/gml/3.2" xmlns:ns3="http://www.siri.org.uk/siri" xmlns:xsi="http://www.w3.org/2001/XMLSchema-instance" version="1" xsi:schemaLocation="">
  <PublicationTimestamp>2022-05-07T03:25:00.575</PublicationTimestamp>
  <ParticipantRef>VTR</ParticipantRef>
  <Description>1</Description>
  <dataObjects>
    <CompositeFrame created="2022-05-07T03:25:00.575" version="1" id="VTR:CompositeFrame:1381">
      <validityConditions>
        <AvailabilityCondition version="1" id="VTR:AvailabilityCondition:1381">
          <FromDate>2015-11-03T13:19:49</FromDate>
          <ToDate>2027-12-30T00:00:00</ToDate>
        </AvailabilityCondition>
      </validityConditions>
      <codespaces>
        <Codespace id="vtr">
          <Xmlns>VTR</Xmlns>
          <XmlnsUrl>http://www.visimarsrutai.lt/</XmlnsUrl>
        </Codespace>
      </codespaces>
      <FrameDefaults>
        <DefaultLocale>
          <TimeZone>Europe/Vilnius</TimeZone>
        </DefaultLocale>
        <DefaultLocationSystem>WGS84</DefaultLocationSystem>
      </FrameDefaults>
      <frames>
        <ServiceCalendarFrame version="1" id="VTR:ServiceCalendarFrame:1381">
          <dayTypes>
            <DayType id="VTR:DayType:2802" version="1">
              <properties>
                <PropertyOfDay>
                  <DaysOfWeek>Monday Tuesday Wednesday Thursday</DaysOfWeek>
                </PropertyOfDay>
              </properties>
            </DayType>
          </dayTypes>
          <operatingPeriods>
            <OperatingPeriod version="1" id="VTR:OperatingPeriod:2802">
              <FromDate>2017-09-01T00:00:00</FromDate>
              <ToDate>2017-12-31T00:00:00</ToDate>
            </OperatingPeriod>
          </operatingPeriods>
          <dayTypeAssignments>
            <DayTypeAssignment id="VTR:DayTypeAssignment:2802_0" version="1" order="2198">
              <OperatingPeriodRef ref="VTR:OperatingPeriod:2802" version="1"/>
              <DayTypeRef ref="VTR:DayType:2802" version="1"/>
            </DayTypeAssignment>
          </dayTypeAssignments>
        </ServiceCalendarFrame>
        <ServiceFrame id="VTR:ServiceFrame:1381" version="1">
          <Network version="0" id="VTR:Network:13"/>
          <routePoints>
            <RoutePoint version="1" id="VTR:RoutePoint:120079">
              <projections>
                <PointProjection version="1" id="VTR:PointProjection:33744">
                  <ProjectedPointRef ref="VTR:ScheduledStopPoint:120079" version="1"/>
                </PointProjection>
              </projections>
            </RoutePoint>
            <RoutePoint version="1" id="VTR:RoutePoint:120080">
              <projections>
                <PointProjection version="1" id="VTR:PointProjection:33727">
                  <ProjectedPointRef ref="VTR:ScheduledStopPoint:120080" version="1"/>
                </PointProjection>
              </projections>
            </RoutePoint>
            <RoutePoint version="1" id="VTR:RoutePoint:120081">
              <projections>
                <PointProjection version="1" id="VTR:PointProjection:33740">
                  <ProjectedPointRef ref="VTR:ScheduledStopPoint:120081" version="1"/>
                </PointProjection>
              </projections>
            </RoutePoint>
            <RoutePoint version="1" id="VTR:RoutePoint:120082">
              <projections>
                <PointProjection version="1" id="VTR:PointProjection:33741">
                  <ProjectedPointRef ref="VTR:ScheduledStopPoint:120082" version="1"/>
                </PointProjection>
              </projections>
            </RoutePoint>
            <RoutePoint version="1" id="VTR:RoutePoint:120083">
              <projections>
                <PointProjection version="1" id="VTR:PointProjection:33742">
                  <ProjectedPointRef ref="VTR:ScheduledStopPoint:120083" version="1"/>
                </PointProjection>
              </projections>
            </RoutePoint>
            <RoutePoint version="1" id="VTR:RoutePoint:120084">
              <projections>
                <PointProjection version="1" id="VTR:PointProjection:33743">
                  <ProjectedPointRef ref="VTR:ScheduledStopPoint:120084" version="1"/>
                </PointProjection>
              </projections>
            </RoutePoint>
            <RoutePoint version="1" id="VTR:RoutePoint:120085">
              <projections>
                <PointProjection version="1" id="VTR:PointProjection:36413">
                  <ProjectedPointRef ref="VTR:ScheduledStopPoint:120085" version="1"/>
                </PointProjection>
              </projections>
            </RoutePoint>
            <RoutePoint version="1" id="VTR:RoutePoint:120086">
              <projections>
                <PointProjection version="1" id="VTR:PointProjection:36414">
                  <ProjectedPointRef ref="VTR:ScheduledStopPoint:120086" version="1"/>
                </PointProjection>
              </projections>
            </RoutePoint>
            <RoutePoint version="1" id="VTR:RoutePoint:120087">
              <projections>
                <PointProjection version="1" id="VTR:PointProjection:36415">
                  <ProjectedPointRef ref="VTR:ScheduledStopPoint:120087" version="1"/>
                </PointProjection>
              </projections>
            </RoutePoint>
          </routePoints>
          <routes>
            <Route version="1" id="VTR:Route:7131">
              <Name>Kaišiadorys-Antakalnis</Name>
              <ShortName>Kaišiadorys-Antakalnis</ShortName>
              <LineRef ref="VTR:Line:2766" version="2827"/>
              <DirectionType>outbound</DirectionType>
              <pointsInSequence>
                <PointOnRoute version="1" id="VTR:PointOnRoute:120079" order="1">
                  <RoutePointRef ref="VTR:RoutePoint:120079"/>
                </PointOnRoute>
                <PointOnRoute version="1" id="VTR:PointOnRoute:120080" order="2">
                  <RoutePointRef ref="VTR:RoutePoint:120080"/>
                </PointOnRoute>
                <PointOnRoute version="1" id="VTR:PointOnRoute:120081" order="3">
                  <RoutePointRef ref="VTR:RoutePoint:120081"/>
                </PointOnRoute>
                <PointOnRoute version="1" id="VTR:PointOnRoute:120082" order="4">
                  <RoutePointRef ref="VTR:RoutePoint:120082"/>
                </PointOnRoute>
                <PointOnRoute version="1" id="VTR:PointOnRoute:120083" order="5">
                  <RoutePointRef ref="VTR:RoutePoint:120083"/>
                </PointOnRoute>
                <PointOnRoute version="1" id="VTR:PointOnRoute:120084" order="6">
                  <RoutePointRef ref="VTR:RoutePoint:120084"/>
                </PointOnRoute>
                <PointOnRoute version="1" id="VTR:PointOnRoute:120085" order="7">
                  <RoutePointRef ref="VTR:RoutePoint:120085"/>
                </PointOnRoute>
                <PointOnRoute version="1" id="VTR:PointOnRoute:120086" order="8">
                  <RoutePointRef ref="VTR:RoutePoint:120086"/>
                </PointOnRoute>
                <PointOnRoute version="1" id="VTR:PointOnRoute:120087" order="9">
                  <RoutePointRef ref="VTR:RoutePoint:120087"/>
                </PointOnRoute>
              </pointsInSequence>
            </Route>
          </routes>
          <lines>
            <Line version="2827" id="VTR:Line:2766">
              <Name>Kaišiadorys-Antakalnis</Name>
              <TransportMode>bus</TransportMode>
              <TransportSubmode>
                <BusSubmode>regionalBus</BusSubmode>
              </TransportSubmode>
              <PublicCode>81-2</PublicCode>
              <OperatorRef ref="VTR:Operator:13"/>
            </Line>
          </lines>
          <scheduledStopPoints>
            <ScheduledStopPoint version="1" id="VTR:ScheduledStopPoint:120079">
              <Name>Kaišiadorių Autobusų stotis</Name>
            </ScheduledStopPoint>
            <ScheduledStopPoint version="1" id="VTR:ScheduledStopPoint:120080">
              <Name>Kęstučio g.</Name>
            </ScheduledStopPoint>
            <ScheduledStopPoint version="1" id="VTR:ScheduledStopPoint:120081">
              <Name>Pėsčiųjų tiltas</Name>
            </ScheduledStopPoint>
            <ScheduledStopPoint version="1" id="VTR:ScheduledStopPoint:120082">
              <Name>Centras</Name>
            </ScheduledStopPoint>
            <ScheduledStopPoint version="1" id="VTR:ScheduledStopPoint:120083">
              <Name>Teismo rūmai</Name>
            </ScheduledStopPoint>
            <ScheduledStopPoint version="1" id="VTR:ScheduledStopPoint:120084">
              <Name>Prekybos centras</Name>
            </ScheduledStopPoint>
            <ScheduledStopPoint version="1" id="VTR:ScheduledStopPoint:120085">
              <Name>Paukštynas</Name>
            </ScheduledStopPoint>
            <ScheduledStopPoint version="1" id="VTR:ScheduledStopPoint:120086">
              <Name>Grėbliautiškės</Name>
            </ScheduledStopPoint>
            <ScheduledStopPoint version="1" id="VTR:ScheduledStopPoint:120087">
              <Name>Antakalnis</Name>
            </ScheduledStopPoint>
          </scheduledStopPoints>
          <serviceLinks>
            <ServiceLink id="VTR:ServiceLink:120086_1_120087_1" version="1">
              <Distance>1</Distance>
              <FromPointRef ref="VTR:ScheduledStopPoint:120086" version="1"/>
              <ToPointRef ref="VTR:ScheduledStopPoint:120087" version="1"/>
            </ServiceLink>
            <ServiceLink id="VTR:ServiceLink:120079_1_120080_1" version="1">
              <Distance>1</Distance>
              <FromPointRef ref="VTR:ScheduledStopPoint:120079" version="1"/>
              <ToPointRef ref="VTR:ScheduledStopPoint:120080" version="1"/>
            </ServiceLink>
            <ServiceLink id="VTR:ServiceLink:120080_1_120081_1" version="1">
              <Distance>0</Distance>
              <FromPointRef ref="VTR:ScheduledStopPoint:120080" version="1"/>
              <ToPointRef ref="VTR:ScheduledStopPoint:120081" version="1"/>
            </ServiceLink>
            <ServiceLink id="VTR:ServiceLink:120084_1_120085_1" version="1">
              <Distance>3</Distance>
              <FromPointRef ref="VTR:ScheduledStopPoint:120084" version="1"/>
              <ToPointRef ref="VTR:ScheduledStopPoint:120085" version="1"/>
            </ServiceLink>
            <ServiceLink id="VTR:ServiceLink:120082_1_120083_1" version="1">
              <Distance>0</Distance>
              <FromPointRef ref="VTR:ScheduledStopPoint:120082" version="1"/>
              <ToPointRef ref="VTR:ScheduledStopPoint:120083" version="1"/>
            </ServiceLink>
            <ServiceLink id="VTR:ServiceLink:120083_1_120084_1" version="1">
              <Distance>0</Distance>
              <FromPointRef ref="VTR:ScheduledStopPoint:120083" version="1"/>
              <ToPointRef ref="VTR:ScheduledStopPoint:120084" version="1"/>
            </ServiceLink>
            <ServiceLink id="VTR:ServiceLink:120081_1_120082_1" version="1">
              <Distance>0</Distance>
              <FromPointRef ref="VTR:ScheduledStopPoint:120081" version="1"/>
              <ToPointRef ref="VTR:ScheduledStopPoint:120082" version="1"/>
            </ServiceLink>
            <ServiceLink id="VTR:ServiceLink:120085_1_120086_1" version="1">
              <Distance>3</Distance>
              <FromPointRef ref="VTR:ScheduledStopPoint:120085" version="1"/>
              <ToPointRef ref="VTR:ScheduledStopPoint:120086" version="1"/>
            </ServiceLink>
          </serviceLinks>
          <stopAssignments>
            <PassengerStopAssignment order="713100000" id="VTR:PassengerStopAssignment:120079" version="1">
              <ScheduledStopPointRef ref="VTR:ScheduledStopPoint:120079" version="1"/>
              <QuayRef ref="VTR:Quay:23769"/>
            </PassengerStopAssignment>
            <PassengerStopAssignment order="713100001" id="VTR:PassengerStopAssignment:120080" version="1">
              <ScheduledStopPointRef ref="VTR:ScheduledStopPoint:120080" version="1"/>
              <QuayRef ref="VTR:Quay:8776"/>
            </PassengerStopAssignment>
            <PassengerStopAssignment order="713100002" id="VTR:PassengerStopAssignment:120081" version="1">
              <ScheduledStopPointRef ref="VTR:ScheduledStopPoint:120081" version="1"/>
              <QuayRef ref="VTR:Quay:8839"/>
            </PassengerStopAssignment>
            <PassengerStopAssignment order="713100003" id="VTR:PassengerStopAssignment:120082" version="1">
              <ScheduledStopPointRef ref="VTR:ScheduledStopPoint:120082" version="1"/>
              <QuayRef ref="VTR:Quay:9759"/>
            </PassengerStopAssignment>
            <PassengerStopAssignment order="713100004" id="VTR:PassengerStopAssignment:120083" version="1">
              <ScheduledStopPointRef ref="VTR:ScheduledStopPoint:120083" version="1"/>
              <QuayRef ref="VTR:Quay:9718"/>
            </PassengerStopAssignment>
            <PassengerStopAssignment order="713100005" id="VTR:PassengerStopAssignment:120084" version="1">
              <ScheduledStopPointRef ref="VTR:ScheduledStopPoint:120084" version="1"/>
              <QuayRef ref="VTR:Quay:9758"/>
            </PassengerStopAssignment>
            <PassengerStopAssignment order="713100006" id="VTR:PassengerStopAssignment:120085" version="1">
              <ScheduledStopPointRef ref="VTR:ScheduledStopPoint:120085" version="1"/>
              <QuayRef ref="VTR:Quay:11969"/>
            </PassengerStopAssignment>
            <PassengerStopAssignment order="713100007" id="VTR:PassengerStopAssignment:120086" version="1">
              <ScheduledStopPointRef ref="VTR:ScheduledStopPoint:120086" version="1"/>
              <QuayRef ref="VTR:Quay:8154"/>
            </PassengerStopAssignment>
            <PassengerStopAssignment order="713100008" id="VTR:PassengerStopAssignment:120087" version="1">
              <ScheduledStopPointRef ref="VTR:ScheduledStopPoint:120087" version="1"/>
              <QuayRef ref="VTR:Quay:10962"/>
            </PassengerStopAssignment>
          </stopAssignments>
          <journeyPatterns>
            <JourneyPattern id="VTR:JourneyPattern:57173" version="57236">
              <Name>4</Name>
              <RouteRef ref="VTR:Route:7131" version="1"/>
              <pointsInSequence>
                <StopPointInJourneyPattern id="VTR:StopPointInJourneyPattern:1153437" version="57236" order="1">
                  <ScheduledStopPointRef ref="VTR:ScheduledStopPoint:120079"/>
                  <DestinationDisplayRef ref="VTR:DestinationDisplay:1"/>
                </StopPointInJourneyPattern>
                <StopPointInJourneyPattern id="VTR:StopPointInJourneyPattern:1153438" version="57236" order="2">
                  <ScheduledStopPointRef ref="VTR:ScheduledStopPoint:120080"/>
                  <DestinationDisplayRef ref="VTR:DestinationDisplay:1"/>
                </StopPointInJourneyPattern>
                <StopPointInJourneyPattern id="VTR:StopPointInJourneyPattern:1153439" version="57236" order="3">
                  <ScheduledStopPointRef ref="VTR:ScheduledStopPoint:120081"/>
                  <DestinationDisplayRef ref="VTR:DestinationDisplay:1"/>
                </StopPointInJourneyPattern>
                <StopPointInJourneyPattern id="VTR:StopPointInJourneyPattern:1153440" version="57236" order="4">
                  <ScheduledStopPointRef ref="VTR:ScheduledStopPoint:120082"/>
                  <DestinationDisplayRef ref="VTR:DestinationDisplay:1"/>
                </StopPointInJourneyPattern>
                <StopPointInJourneyPattern id="VTR:StopPointInJourneyPattern:1153441" version="57236" order="5">
                  <ScheduledStopPointRef ref="VTR:ScheduledStopPoint:120083"/>
                  <DestinationDisplayRef ref="VTR:DestinationDisplay:1"/>
                </StopPointInJourneyPattern>
                <StopPointInJourneyPattern id="VTR:StopPointInJourneyPattern:1153442" version="57236" order="6">
                  <ScheduledStopPointRef ref="VTR:ScheduledStopPoint:120084"/>
                  <DestinationDisplayRef ref="VTR:DestinationDisplay:1"/>
                </StopPointInJourneyPattern>
                <StopPointInJourneyPattern id="VTR:StopPointInJourneyPattern:1153443" version="57236" order="7">
                  <ScheduledStopPointRef ref="VTR:ScheduledStopPoint:120085"/>
                  <DestinationDisplayRef ref="VTR:DestinationDisplay:1"/>
                </StopPointInJourneyPattern>
                <StopPointInJourneyPattern id="VTR:StopPointInJourneyPattern:1153444" version="57236" order="8">
                  <ScheduledStopPointRef ref="VTR:ScheduledStopPoint:120086"/>
                  <DestinationDisplayRef ref="VTR:DestinationDisplay:1"/>
                </StopPointInJourneyPattern>
                <StopPointInJourneyPattern id="VTR:StopPointInJourneyPattern:1153445" version="57236" order="9">
                  <ScheduledStopPointRef ref="VTR:ScheduledStopPoint:120087"/>
                  <DestinationDisplayRef ref="VTR:DestinationDisplay:1"/>
                </StopPointInJourneyPattern>
              </pointsInSequence>
            </JourneyPattern>
          </journeyPatterns>
        </ServiceFrame>
        <TimetableFrame version="1" id="VTR:TimetableFrame:1381">
          <vehicleJourneys>
            <ServiceJourney version="57236" id="VTR:ServiceJourney:57173">
              <Name>Kaišiadorys-Antakalnis</Name>
              <PrivateCode>4</PrivateCode>
              <dayTypes>
                <DayTypeRef ref="VTR:DayType:2802"/>
              </dayTypes>
              <JourneyPatternRef version="57236" ref="VTR:JourneyPattern:57173"/>
              <OperatorRef ref="VTR:Operator:"/>
              <LineRef ref="VTR:Line:2766" version="2827"/>
              <passingTimes>
                <TimetabledPassingTime version="57236" id="VTR:TimetabledPassingTime:57173_1153437_1">
                  <StopPointInJourneyPatternRef ref="VTR:StopPointInJourneyPattern:1153437" version="57236"/>
                  <DepartureTime>15:50:00</DepartureTime>
                  <DepartureDayOffset>0</DepartureDayOffset>
                </TimetabledPassingTime>
                <TimetabledPassingTime version="57236" id="VTR:TimetabledPassingTime:57173_1153438_2">
                  <StopPointInJourneyPatternRef ref="VTR:StopPointInJourneyPattern:1153438" version="57236"/>
                  <DepartureTime>15:57:00</DepartureTime>
                  <DepartureDayOffset>0</DepartureDayOffset>
                </TimetabledPassingTime>
                <TimetabledPassingTime version="57236" id="VTR:TimetabledPassingTime:57173_1153439_3">
                  <StopPointInJourneyPatternRef ref="VTR:StopPointInJourneyPattern:1153439" version="57236"/>
                  <DepartureTime>15:58:00</DepartureTime>
                  <DepartureDayOffset>0</DepartureDayOffset>
                </TimetabledPassingTime>
                <TimetabledPassingTime version="57236" id="VTR:TimetabledPassingTime:57173_1153440_4">
                  <StopPointInJourneyPatternRef ref="VTR:StopPointInJourneyPattern:1153440" version="57236"/>
                  <DepartureTime>15:59:00</DepartureTime>
                  <DepartureDayOffset>0</DepartureDayOffset>
                </TimetabledPassingTime>
                <TimetabledPassingTime version="57236" id="VTR:TimetabledPassingTime:57173_1153441_5">
                  <StopPointInJourneyPatternRef ref="VTR:StopPointInJourneyPattern:1153441" version="57236"/>
                  <DepartureTime>16:01:00</DepartureTime>
                  <DepartureDayOffset>0</DepartureDayOffset>
                </TimetabledPassingTime>
                <TimetabledPassingTime version="57236" id="VTR:TimetabledPassingTime:57173_1153442_6">
                  <StopPointInJourneyPatternRef ref="VTR:StopPointInJourneyPattern:1153442" version="57236"/>
                  <DepartureTime>16:03:00</DepartureTime>
                  <DepartureDayOffset>0</DepartureDayOffset>
                </TimetabledPassingTime>
                <TimetabledPassingTime version="57236" id="VTR:TimetabledPassingTime:57173_1153443_7">
                  <StopPointInJourneyPatternRef ref="VTR:StopPointInJourneyPattern:1153443" version="57236"/>
                  <DepartureTime>16:09:00</DepartureTime>
                  <DepartureDayOffset>0</DepartureDayOffset>
                </TimetabledPassingTime>
                <TimetabledPassingTime version="57236" id="VTR:TimetabledPassingTime:57173_1153444_8">
                  <StopPointInJourneyPatternRef ref="VTR:StopPointInJourneyPattern:1153444" version="57236"/>
                  <DepartureTime>16:13:00</DepartureTime>
                  <DepartureDayOffset>0</DepartureDayOffset>
                </TimetabledPassingTime>
                <TimetabledPassingTime version="57236" id="VTR:TimetabledPassingTime:57173_1153445_9">
                  <StopPointInJourneyPatternRef ref="VTR:StopPointInJourneyPattern:1153445" version="57236"/>
                  <DepartureTime>16:16:00</DepartureTime>
                  <DepartureDayOffset>0</DepartureDayOffset>
                </TimetabledPassingTime>
              </passingTimes>
            </ServiceJourney>
          </vehicleJourneys>
        </TimetableFrame>
        <ResourceFrame version="1" id="VTR:ResourceFrame:1381">
          <organisations>
            <Authority version="1" id="VTR:Authority:13">
              <CompanyNumber>49</CompanyNumber>
              <Name>Kaišiadorių r. sav.</Name>
              <LegalName>Kaišiadorių r. sav.</LegalName>
              <ContactDetails>
                <Email>meras@kaisiadorys.lt</Email>
                <Phone>834620480</Phone>
                <Url>www.kaisiadorys.lt</Url>
              </ContactDetails>
              <OrganisationType>authority</OrganisationType>
            </Authority>
          </organisations>
        </ResourceFrame>
        <FareFrame id="VTR:FareFrame:2766" version="1">
          <FrameDefaults>
            <DefaultCurrency>EUR</DefaultCurrency>
          </FrameDefaults>
          <fareStructureElements>
            <FareStructureElement id="VTR:FareStructureElement:pricematrix" version="1">
              <distanceMatrixElements>
                <DistanceMatrixElementRef ref="VTR:DistanceMatrixElement:1153440to1153443" version="1"/>
                <DistanceMatrixElementRef ref="VTR:DistanceMatrixElement:1153443to1153444" version="1"/>
                <DistanceMatrixElementRef ref="VTR:DistanceMatrixElement:1153437to1153440" version="1"/>
                <DistanceMatrixElementRef ref="VTR:DistanceMatrixElement:1153439to1153442" version="1"/>
                <DistanceMatrixElementRef ref="VTR:DistanceMatrixElement:1153437to1153438" version="1"/>
                <DistanceMatrixElementRef ref="VTR:DistanceMatrixElement:1153437to1153442" version="1"/>
                <DistanceMatrixElementRef ref="VTR:DistanceMatrixElement:1153437to1153444" version="1"/>
                <DistanceMatrixElementRef ref="VTR:DistanceMatrixElement:1153439to1153440" version="1"/>
                <DistanceMatrixElementRef ref="VTR:DistanceMatrixElement:1153440to1153442" version="1"/>
                <DistanceMatrixElementRef ref="VTR:DistanceMatrixElement:1153440to1153444" version="1"/>
                <DistanceMatrixElementRef ref="VTR:DistanceMatrixElement:1153442to1153445" version="1"/>
                <DistanceMatrixElementRef ref="VTR:DistanceMatrixElement:1153444to1153445" version="1"/>
                <DistanceMatrixElementRef ref="VTR:DistanceMatrixElement:1153437to1153445" version="1"/>
                <DistanceMatrixElementRef ref="VTR:DistanceMatrixElement:1153438to1153440" version="1"/>
                <DistanceMatrixElementRef ref="VTR:DistanceMatrixElement:1153438to1153445" version="1"/>
                <DistanceMatrixElementRef ref="VTR:DistanceMatrixElement:1153439to1153441" version="1"/>
                <DistanceMatrixElementRef ref="VTR:DistanceMatrixElement:1153439to1153443" version="1"/>
                <DistanceMatrixElementRef ref="VTR:DistanceMatrixElement:1153439to1153444" version="1"/>
                <DistanceMatrixElementRef ref="VTR:DistanceMatrixElement:1153440to1153441" version="1"/>
                <DistanceMatrixElementRef ref="VTR:DistanceMatrixElement:1153441to1153442" version="1"/>
                <DistanceMatrixElementRef ref="VTR:DistanceMatrixElement:1153441to1153444" version="1"/>
                <DistanceMatrixElementRef ref="VTR:DistanceMatrixElement:1153442to1153444" version="1"/>
                <DistanceMatrixElementRef ref="VTR:DistanceMatrixElement:1153437to1153441" version="1"/>
                <DistanceMatrixElementRef ref="VTR:DistanceMatrixElement:1153437to1153443" version="1"/>
                <DistanceMatrixElementRef ref="VTR:DistanceMatrixElement:1153438to1153439" version="1"/>
                <DistanceMatrixElementRef ref="VTR:DistanceMatrixElement:1153438to1153442" version="1"/>
                <DistanceMatrixElementRef ref="VTR:DistanceMatrixElement:1153442to1153443" version="1"/>
                <DistanceMatrixElementRef ref="VTR:DistanceMatrixElement:1153443to1153445" version="1"/>
                <DistanceMatrixElementRef ref="VTR:DistanceMatrixElement:1153437to1153439" version="1"/>
                <DistanceMatrixElementRef ref="VTR:DistanceMatrixElement:1153438to1153443" version="1"/>
                <DistanceMatrixElementRef ref="VTR:DistanceMatrixElement:1153438to1153444" version="1"/>
                <DistanceMatrixElementRef ref="VTR:DistanceMatrixElement:1153438to1153441" version="1"/>
                <DistanceMatrixElementRef ref="VTR:DistanceMatrixElement:1153439to1153445" version="1"/>
                <DistanceMatrixElementRef ref="VTR:DistanceMatrixElement:1153441to1153443" version="1"/>
                <DistanceMatrixElementRef ref="VTR:DistanceMatrixElement:1153441to1153445" version="1"/>
                <DistanceMatrixElementRef ref="VTR:DistanceMatrixElement:1153440to1153445" version="1"/>
              </distanceMatrixElements>
            </FareStructureElement>
          </fareStructureElements>
          <tariffs>
            <Tariff id="VTR:Tariff:pointToPointInSeparateJourney_2766" version="1">
              <Name>Point to point tariff</Name>
              <distanceMatrixElements>
                <DistanceMatrixElement id="VTR:DistanceMatrixElement:1153440to1153443" version="1">
                  <Name>Centras to Paukštynas</Name>
                  <StartStopPointRef ref="VTR:ScheduledStopPoint:120082" version="1"/>
                  <EndStopPointRef ref="VTR:ScheduledStopPoint:120085" version="1"/>
                  <prices>
                    <DistanceMatrixElementPrice id="VTR:DistanceMatrixElementPrice:1153440to1153443" version="1">
                      <Amount>0.63</Amount>
                      <DistanceMatrixElementRef ref="VTR:DistanceMatrixElement:1153440to1153443" version="1"/>
                    </DistanceMatrixElementPrice>
                  </prices>
                </DistanceMatrixElement>
                <DistanceMatrixElement id="VTR:DistanceMatrixElement:1153443to1153444" version="1">
                  <Name>Paukštynas to Grėbliautiškės</Name>
                  <StartStopPointRef ref="VTR:ScheduledStopPoint:120085" version="1"/>
                  <EndStopPointRef ref="VTR:ScheduledStopPoint:120086" version="1"/>
                  <prices>
                    <DistanceMatrixElementPrice id="VTR:DistanceMatrixElementPrice:1153443to1153444" version="1">
                      <Amount>0.27</Amount>
                      <DistanceMatrixElementRef ref="VTR:DistanceMatrixElement:1153443to1153444" version="1"/>
                    </DistanceMatrixElementPrice>
                  </prices>
                </DistanceMatrixElement>
                <DistanceMatrixElement id="VTR:DistanceMatrixElement:1153437to1153440" version="1">
                  <Name>Kaišiadorių Autobusų stotis to Centras</Name>
                  <StartStopPointRef ref="VTR:ScheduledStopPoint:120079" version="1"/>
                  <EndStopPointRef ref="VTR:ScheduledStopPoint:120082" version="1"/>
                  <prices>
                    <DistanceMatrixElementPrice id="VTR:DistanceMatrixElementPrice:1153437to1153440" version="1">
                      <Amount>0.41</Amount>
                      <DistanceMatrixElementRef ref="VTR:DistanceMatrixElement:1153437to1153440" version="1"/>
                    </DistanceMatrixElementPrice>
                  </prices>
                </DistanceMatrixElement>
                <DistanceMatrixElement id="VTR:DistanceMatrixElement:1153439to1153442" version="1">
                  <Name>Pėsčiųjų tiltas to Prekybos centras</Name>
                  <StartStopPointRef ref="VTR:ScheduledStopPoint:120081" version="1"/>
                  <EndStopPointRef ref="VTR:ScheduledStopPoint:120084" version="1"/>
                  <prices>
                    <DistanceMatrixElementPrice id="VTR:DistanceMatrixElementPrice:1153439to1153442" version="1">
                      <Amount>0.39</Amount>
                      <DistanceMatrixElementRef ref="VTR:DistanceMatrixElement:1153439to1153442" version="1"/>
                    </DistanceMatrixElementPrice>
                  </prices>
                </DistanceMatrixElement>
                <DistanceMatrixElement id="VTR:DistanceMatrixElement:1153437to1153438" version="1">
                  <Name>Kaišiadorių Autobusų stotis to Kęstučio g.</Name>
                  <StartStopPointRef ref="VTR:ScheduledStopPoint:120079" version="1"/>
                  <EndStopPointRef ref="VTR:ScheduledStopPoint:120080" version="1"/>
                  <prices>
                    <DistanceMatrixElementPrice id="VTR:DistanceMatrixElementPrice:1153437to1153438" version="1">
                      <Amount>0.39</Amount>
                      <DistanceMatrixElementRef ref="VTR:DistanceMatrixElement:1153437to1153438" version="1"/>
                    </DistanceMatrixElementPrice>
                  </prices>
                </DistanceMatrixElement>
                <DistanceMatrixElement id="VTR:DistanceMatrixElement:1153437to1153442" version="1">
                  <Name>Kaišiadorių Autobusų stotis to Prekybos centras</Name>
                  <StartStopPointRef ref="VTR:ScheduledStopPoint:120079" version="1"/>
                  <EndStopPointRef ref="VTR:ScheduledStopPoint:120084" version="1"/>
                  <prices>
                    <DistanceMatrixElementPrice id="VTR:DistanceMatrixElementPrice:1153437to1153442" version="1">
                      <Amount>0.41</Amount>
                      <DistanceMatrixElementRef ref="VTR:DistanceMatrixElement:1153437to1153442" version="1"/>
                    </DistanceMatrixElementPrice>
                  </prices>
                </DistanceMatrixElement>
                <DistanceMatrixElement id="VTR:DistanceMatrixElement:1153437to1153444" version="1">
                  <Name>Kaišiadorių Autobusų stotis to Grėbliautiškės</Name>
                  <StartStopPointRef ref="VTR:ScheduledStopPoint:120079" version="1"/>
                  <EndStopPointRef ref="VTR:ScheduledStopPoint:120086" version="1"/>
                  <prices>
                    <DistanceMatrixElementPrice id="VTR:DistanceMatrixElementPrice:1153437to1153444" version="1">
                      <Amount>0.89</Amount>
                      <DistanceMatrixElementRef ref="VTR:DistanceMatrixElement:1153437to1153444" version="1"/>
                    </DistanceMatrixElementPrice>
                  </prices>
                </DistanceMatrixElement>
                <DistanceMatrixElement id="VTR:DistanceMatrixElement:1153439to1153440" version="1">
                  <Name>Pėsčiųjų tiltas to Centras</Name>
                  <StartStopPointRef ref="VTR:ScheduledStopPoint:120081" version="1"/>
                  <EndStopPointRef ref="VTR:ScheduledStopPoint:120082" version="1"/>
                  <prices>
                    <DistanceMatrixElementPrice id="VTR:DistanceMatrixElementPrice:1153439to1153440" version="1">
                      <Amount>0.39</Amount>
                      <DistanceMatrixElementRef ref="VTR:DistanceMatrixElement:1153439to1153440" version="1"/>
                    </DistanceMatrixElementPrice>
                  </prices>
                </DistanceMatrixElement>
                <DistanceMatrixElement id="VTR:DistanceMatrixElement:1153440to1153442" version="1">
                  <Name>Centras to Prekybos centras</Name>
                  <StartStopPointRef ref="VTR:ScheduledStopPoint:120082" version="1"/>
                  <EndStopPointRef ref="VTR:ScheduledStopPoint:120084" version="1"/>
                  <prices>
                    <DistanceMatrixElementPrice id="VTR:DistanceMatrixElementPrice:1153440to1153442" version="1">
                      <Amount>0.39</Amount>
                      <DistanceMatrixElementRef ref="VTR:DistanceMatrixElement:1153440to1153442" version="1"/>
                    </DistanceMatrixElementPrice>
                  </prices>
                </DistanceMatrixElement>
                <DistanceMatrixElement id="VTR:DistanceMatrixElement:1153440to1153444" version="1">
                  <Name>Centras to Grėbliautiškės</Name>
                  <StartStopPointRef ref="VTR:ScheduledStopPoint:120082" version="1"/>
                  <EndStopPointRef ref="VTR:ScheduledStopPoint:120086" version="1"/>
                  <prices>
                    <DistanceMatrixElementPrice id="VTR:DistanceMatrixElementPrice:1153440to1153444" version="1">
                      <Amount>0.89</Amount>
                      <DistanceMatrixElementRef ref="VTR:DistanceMatrixElement:1153440to1153444" version="1"/>
                    </DistanceMatrixElementPrice>
                  </prices>
                </DistanceMatrixElement>
                <DistanceMatrixElement id="VTR:DistanceMatrixElement:1153442to1153445" version="1">
                  <Name>Prekybos centras to Antakalnis</Name>
                  <StartStopPointRef ref="VTR:ScheduledStopPoint:120084" version="1"/>
                  <EndStopPointRef ref="VTR:ScheduledStopPoint:120087" version="1"/>
                  <prices>
                    <DistanceMatrixElementPrice id="VTR:DistanceMatrixElementPrice:1153442to1153445" version="1">
                      <Amount>1.04</Amount>
                      <DistanceMatrixElementRef ref="VTR:DistanceMatrixElement:1153442to1153445" version="1"/>
                    </DistanceMatrixElementPrice>
                  </prices>
                </DistanceMatrixElement>
                <DistanceMatrixElement id="VTR:DistanceMatrixElement:1153444to1153445" version="1">
                  <Name>Grėbliautiškės to Antakalnis</Name>
                  <StartStopPointRef ref="VTR:ScheduledStopPoint:120086" version="1"/>
                  <EndStopPointRef ref="VTR:ScheduledStopPoint:120087" version="1"/>
                  <prices>
                    <DistanceMatrixElementPrice id="VTR:DistanceMatrixElementPrice:1153444to1153445" version="1">
                      <Amount>0.15</Amount>
                      <DistanceMatrixElementRef ref="VTR:DistanceMatrixElement:1153444to1153445" version="1"/>
                    </DistanceMatrixElementPrice>
                  </prices>
                </DistanceMatrixElement>
                <DistanceMatrixElement id="VTR:DistanceMatrixElement:1153437to1153445" version="1">
                  <Name>Kaišiadorių Autobusų stotis to Antakalnis</Name>
                  <StartStopPointRef ref="VTR:ScheduledStopPoint:120079" version="1"/>
                  <EndStopPointRef ref="VTR:ScheduledStopPoint:120087" version="1"/>
                  <prices>
                    <DistanceMatrixElementPrice id="VTR:DistanceMatrixElementPrice:1153437to1153445" version="1">
                      <Amount>1.04</Amount>
                      <DistanceMatrixElementRef ref="VTR:DistanceMatrixElement:1153437to1153445" version="1"/>
                    </DistanceMatrixElementPrice>
                  </prices>
                </DistanceMatrixElement>
                <DistanceMatrixElement id="VTR:DistanceMatrixElement:1153438to1153440" version="1">
                  <Name>Kęstučio g. to Centras</Name>
                  <StartStopPointRef ref="VTR:ScheduledStopPoint:120080" version="1"/>
                  <EndStopPointRef ref="VTR:ScheduledStopPoint:120082" version="1"/>
                  <prices>
                    <DistanceMatrixElementPrice id="VTR:DistanceMatrixElementPrice:1153438to1153440" version="1">
                      <Amount>0.39</Amount>
                      <DistanceMatrixElementRef ref="VTR:DistanceMatrixElement:1153438to1153440" version="1"/>
                    </DistanceMatrixElementPrice>
                  </prices>
                </DistanceMatrixElement>
                <DistanceMatrixElement id="VTR:DistanceMatrixElement:1153438to1153445" version="1">
                  <Name>Kęstučio g. to Antakalnis</Name>
                  <StartStopPointRef ref="VTR:ScheduledStopPoint:120080" version="1"/>
                  <EndStopPointRef ref="VTR:ScheduledStopPoint:120087" version="1"/>
                  <prices>
                    <DistanceMatrixElementPrice id="VTR:DistanceMatrixElementPrice:1153438to1153445" version="1">
                      <Amount>1.04</Amount>
                      <DistanceMatrixElementRef ref="VTR:DistanceMatrixElement:1153438to1153445" version="1"/>
                    </DistanceMatrixElementPrice>
                  </prices>
                </DistanceMatrixElement>
                <DistanceMatrixElement id="VTR:DistanceMatrixElement:1153439to1153441" version="1">
                  <Name>Pėsčiųjų tiltas to Teismo rūmai</Name>
                  <StartStopPointRef ref="VTR:ScheduledStopPoint:120081" version="1"/>
                  <EndStopPointRef ref="VTR:ScheduledStopPoint:120083" version="1"/>
                  <prices>
                    <DistanceMatrixElementPrice id="VTR:DistanceMatrixElementPrice:1153439to1153441" version="1">
                      <Amount>0.39</Amount>
                      <DistanceMatrixElementRef ref="VTR:DistanceMatrixElement:1153439to1153441" version="1"/>
                    </DistanceMatrixElementPrice>
                  </prices>
                </DistanceMatrixElement>
                <DistanceMatrixElement id="VTR:DistanceMatrixElement:1153439to1153443" version="1">
                  <Name>Pėsčiųjų tiltas to Paukštynas</Name>
                  <StartStopPointRef ref="VTR:ScheduledStopPoint:120081" version="1"/>
                  <EndStopPointRef ref="VTR:ScheduledStopPoint:120085" version="1"/>
                  <prices>
                    <DistanceMatrixElementPrice id="VTR:DistanceMatrixElementPrice:1153439to1153443" version="1">
                      <Amount>0.63</Amount>
                      <DistanceMatrixElementRef ref="VTR:DistanceMatrixElement:1153439to1153443" version="1"/>
                    </DistanceMatrixElementPrice>
                  </prices>
                </DistanceMatrixElement>
                <DistanceMatrixElement id="VTR:DistanceMatrixElement:1153439to1153444" version="1">
                  <Name>Pėsčiųjų tiltas to Grėbliautiškės</Name>
                  <StartStopPointRef ref="VTR:ScheduledStopPoint:120081" version="1"/>
                  <EndStopPointRef ref="VTR:ScheduledStopPoint:120086" version="1"/>
                  <prices>
                    <DistanceMatrixElementPrice id="VTR:DistanceMatrixElementPrice:1153439to1153444" version="1">
                      <Amount>0.89</Amount>
                      <DistanceMatrixElementRef ref="VTR:DistanceMatrixElement:1153439to1153444" version="1"/>
                    </DistanceMatrixElementPrice>
                  </prices>
                </DistanceMatrixElement>
                <DistanceMatrixElement id="VTR:DistanceMatrixElement:1153440to1153441" version="1">
                  <Name>Centras to Teismo rūmai</Name>
                  <StartStopPointRef ref="VTR:ScheduledStopPoint:120082" version="1"/>
                  <EndStopPointRef ref="VTR:ScheduledStopPoint:120083" version="1"/>
                  <prices>
                    <DistanceMatrixElementPrice id="VTR:DistanceMatrixElementPrice:1153440to1153441" version="1">
                      <Amount>0.39</Amount>
                      <DistanceMatrixElementRef ref="VTR:DistanceMatrixElement:1153440to1153441" version="1"/>
                    </DistanceMatrixElementPrice>
                  </prices>
                </DistanceMatrixElement>
                <DistanceMatrixElement id="VTR:DistanceMatrixElement:1153441to1153442" version="1">
                  <Name>Teismo rūmai to Prekybos centras</Name>
                  <StartStopPointRef ref="VTR:ScheduledStopPoint:120083" version="1"/>
                  <EndStopPointRef ref="VTR:ScheduledStopPoint:120084" version="1"/>
                  <prices>
                    <DistanceMatrixElementPrice id="VTR:DistanceMatrixElementPrice:1153441to1153442" version="1">
                      <Amount>0.39</Amount>
                      <DistanceMatrixElementRef ref="VTR:DistanceMatrixElement:1153441to1153442" version="1"/>
                    </DistanceMatrixElementPrice>
                  </prices>
                </DistanceMatrixElement>
                <DistanceMatrixElement id="VTR:DistanceMatrixElement:1153441to1153444" version="1">
                  <Name>Teismo rūmai to Grėbliautiškės</Name>
                  <StartStopPointRef ref="VTR:ScheduledStopPoint:120083" version="1"/>
                  <EndStopPointRef ref="VTR:ScheduledStopPoint:120086" version="1"/>
                  <prices>
                    <DistanceMatrixElementPrice id="VTR:DistanceMatrixElementPrice:1153441to1153444" version="1">
                      <Amount>0.89</Amount>
                      <DistanceMatrixElementRef ref="VTR:DistanceMatrixElement:1153441to1153444" version="1"/>
                    </DistanceMatrixElementPrice>
                  </prices>
                </DistanceMatrixElement>
                <DistanceMatrixElement id="VTR:DistanceMatrixElement:1153442to1153444" version="1">
                  <Name>Prekybos centras to Grėbliautiškės</Name>
                  <StartStopPointRef ref="VTR:ScheduledStopPoint:120084" version="1"/>
                  <EndStopPointRef ref="VTR:ScheduledStopPoint:120086" version="1"/>
                  <prices>
                    <DistanceMatrixElementPrice id="VTR:DistanceMatrixElementPrice:1153442to1153444" version="1">
                      <Amount>0.89</Amount>
                      <DistanceMatrixElementRef ref="VTR:DistanceMatrixElement:1153442to1153444" version="1"/>
                    </DistanceMatrixElementPrice>
                  </prices>
                </DistanceMatrixElement>
                <DistanceMatrixElement id="VTR:DistanceMatrixElement:1153437to1153441" version="1">
                  <Name>Kaišiadorių Autobusų stotis to Teismo rūmai</Name>
                  <StartStopPointRef ref="VTR:ScheduledStopPoint:120079" version="1"/>
                  <EndStopPointRef ref="VTR:ScheduledStopPoint:120083" version="1"/>
                  <prices>
                    <DistanceMatrixElementPrice id="VTR:DistanceMatrixElementPrice:1153437to1153441" version="1">
                      <Amount>0.39</Amount>
                      <DistanceMatrixElementRef ref="VTR:DistanceMatrixElement:1153437to1153441" version="1"/>
                    </DistanceMatrixElementPrice>
                  </prices>
                </DistanceMatrixElement>
                <DistanceMatrixElement id="VTR:DistanceMatrixElement:1153437to1153443" version="1">
                  <Name>Kaišiadorių Autobusų stotis to Paukštynas</Name>
                  <StartStopPointRef ref="VTR:ScheduledStopPoint:120079" version="1"/>
                  <EndStopPointRef ref="VTR:ScheduledStopPoint:120085" version="1"/>
                  <prices>
                    <DistanceMatrixElementPrice id="VTR:DistanceMatrixElementPrice:1153437to1153443" version="1">
                      <Amount>0.63</Amount>
                      <DistanceMatrixElementRef ref="VTR:DistanceMatrixElement:1153437to1153443" version="1"/>
                    </DistanceMatrixElementPrice>
                  </prices>
                </DistanceMatrixElement>
                <DistanceMatrixElement id="VTR:DistanceMatrixElement:1153438to1153439" version="1">
                  <Name>Kęstučio g. to Pėsčiųjų tiltas</Name>
                  <StartStopPointRef ref="VTR:ScheduledStopPoint:120080" version="1"/>
                  <EndStopPointRef ref="VTR:ScheduledStopPoint:120081" version="1"/>
                  <prices>
                    <DistanceMatrixElementPrice id="VTR:DistanceMatrixElementPrice:1153438to1153439" version="1">
                      <Amount>0.39</Amount>
                      <DistanceMatrixElementRef ref="VTR:DistanceMatrixElement:1153438to1153439" version="1"/>
                    </DistanceMatrixElementPrice>
                  </prices>
                </DistanceMatrixElement>
                <DistanceMatrixElement id="VTR:DistanceMatrixElement:1153438to1153442" version="1">
                  <Name>Kęstučio g. to Prekybos centras</Name>
                  <StartStopPointRef ref="VTR:ScheduledStopPoint:120080" version="1"/>
                  <EndStopPointRef ref="VTR:ScheduledStopPoint:120084" version="1"/>
                  <prices>
                    <DistanceMatrixElementPrice id="VTR:DistanceMatrixElementPrice:1153438to1153442" version="1">
                      <Amount>0.39</Amount>
                      <DistanceMatrixElementRef ref="VTR:DistanceMatrixElement:1153438to1153442" version="1"/>
                    </DistanceMatrixElementPrice>
                  </prices>
                </DistanceMatrixElement>
                <DistanceMatrixElement id="VTR:DistanceMatrixElement:1153442to1153443" version="1">
                  <Name>Prekybos centras to Paukštynas</Name>
                  <StartStopPointRef ref="VTR:ScheduledStopPoint:120084" version="1"/>
                  <EndStopPointRef ref="VTR:ScheduledStopPoint:120085" version="1"/>
                  <prices>
                    <DistanceMatrixElementPrice id="VTR:DistanceMatrixElementPrice:1153442to1153443" version="1">
                      <Amount>0.63</Amount>
                      <DistanceMatrixElementRef ref="VTR:DistanceMatrixElement:1153442to1153443" version="1"/>
                    </DistanceMatrixElementPrice>
                  </prices>
                </DistanceMatrixElement>
                <DistanceMatrixElement id="VTR:DistanceMatrixElement:1153443to1153445" version="1">
                  <Name>Paukštynas to Antakalnis</Name>
                  <StartStopPointRef ref="VTR:ScheduledStopPoint:120085" version="1"/>
                  <EndStopPointRef ref="VTR:ScheduledStopPoint:120087" version="1"/>
                  <prices>
                    <DistanceMatrixElementPrice id="VTR:DistanceMatrixElementPrice:1153443to1153445" version="1">
                      <Amount>0.42</Amount>
                      <DistanceMatrixElementRef ref="VTR:DistanceMatrixElement:1153443to1153445" version="1"/>
                    </DistanceMatrixElementPrice>
                  </prices>
                </DistanceMatrixElement>
                <DistanceMatrixElement id="VTR:DistanceMatrixElement:1153437to1153439" version="1">
                  <Name>Kaišiadorių Autobusų stotis to Pėsčiųjų tiltas</Name>
                  <StartStopPointRef ref="VTR:ScheduledStopPoint:120079" version="1"/>
                  <EndStopPointRef ref="VTR:ScheduledStopPoint:120081" version="1"/>
                  <prices>
                    <DistanceMatrixElementPrice id="VTR:DistanceMatrixElementPrice:1153437to1153439" version="1">
                      <Amount>0.41</Amount>
                      <DistanceMatrixElementRef ref="VTR:DistanceMatrixElement:1153437to1153439" version="1"/>
                    </DistanceMatrixElementPrice>
                  </prices>
                </DistanceMatrixElement>
                <DistanceMatrixElement id="VTR:DistanceMatrixElement:1153438to1153443" version="1">
                  <Name>Kęstučio g. to Paukštynas</Name>
                  <StartStopPointRef ref="VTR:ScheduledStopPoint:120080" version="1"/>
                  <EndStopPointRef ref="VTR:ScheduledStopPoint:120085" version="1"/>
                  <prices>
                    <DistanceMatrixElementPrice id="VTR:DistanceMatrixElementPrice:1153438to1153443" version="1">
                      <Amount>0.63</Amount>
                      <DistanceMatrixElementRef ref="VTR:DistanceMatrixElement:1153438to1153443" version="1"/>
                    </DistanceMatrixElementPrice>
                  </prices>
                </DistanceMatrixElement>
                <DistanceMatrixElement id="VTR:DistanceMatrixElement:1153438to1153444" version="1">
                  <Name>Kęstučio g. to Grėbliautiškės</Name>
                  <StartStopPointRef ref="VTR:ScheduledStopPoint:120080" version="1"/>
                  <EndStopPointRef ref="VTR:ScheduledStopPoint:120086" version="1"/>
                  <prices>
                    <DistanceMatrixElementPrice id="VTR:DistanceMatrixElementPrice:1153438to1153444" version="1">
                      <Amount>0.89</Amount>
                      <DistanceMatrixElementRef ref="VTR:DistanceMatrixElement:1153438to1153444" version="1"/>
                    </DistanceMatrixElementPrice>
                  </prices>
                </DistanceMatrixElement>
                <DistanceMatrixElement id="VTR:DistanceMatrixElement:1153438to1153441" version="1">
                  <Name>Kęstučio g. to Teismo rūmai</Name>
                  <StartStopPointRef ref="VTR:ScheduledStopPoint:120080" version="1"/>
                  <EndStopPointRef ref="VTR:ScheduledStopPoint:120083" version="1"/>
                  <prices>
                    <DistanceMatrixElementPrice id="VTR:DistanceMatrixElementPrice:1153438to1153441" version="1">
                      <Amount>0.39</Amount>
                      <DistanceMatrixElementRef ref="VTR:DistanceMatrixElement:1153438to1153441" version="1"/>
                    </DistanceMatrixElementPrice>
                  </prices>
                </DistanceMatrixElement>
                <DistanceMatrixElement id="VTR:DistanceMatrixElement:1153439to1153445" version="1">
                  <Name>Pėsčiųjų tiltas to Antakalnis</Name>
                  <StartStopPointRef ref="VTR:ScheduledStopPoint:120081" version="1"/>
                  <EndStopPointRef ref="VTR:ScheduledStopPoint:120087" version="1"/>
                  <prices>
                    <DistanceMatrixElementPrice id="VTR:DistanceMatrixElementPrice:1153439to1153445" version="1">
                      <Amount>1.04</Amount>
                      <DistanceMatrixElementRef ref="VTR:DistanceMatrixElement:1153439to1153445" version="1"/>
                    </DistanceMatrixElementPrice>
                  </prices>
                </DistanceMatrixElement>
                <DistanceMatrixElement id="VTR:DistanceMatrixElement:1153441to1153443" version="1">
                  <Name>Teismo rūmai to Paukštynas</Name>
                  <StartStopPointRef ref="VTR:ScheduledStopPoint:120083" version="1"/>
                  <EndStopPointRef ref="VTR:ScheduledStopPoint:120085" version="1"/>
                  <prices>
                    <DistanceMatrixElementPrice id="VTR:DistanceMatrixElementPrice:1153441to1153443" version="1">
                      <Amount>0.63</Amount>
                      <DistanceMatrixElementRef ref="VTR:DistanceMatrixElement:1153441to1153443" version="1"/>
                    </DistanceMatrixElementPrice>
                  </prices>
                </DistanceMatrixElement>
                <DistanceMatrixElement id="VTR:DistanceMatrixElement:1153441to1153445" version="1">
                  <Name>Teismo rūmai to Antakalnis</Name>
                  <StartStopPointRef ref="VTR:ScheduledStopPoint:120083" version="1"/>
                  <EndStopPointRef ref="VTR:ScheduledStopPoint:120087" version="1"/>
                  <prices>
                    <DistanceMatrixElementPrice id="VTR:DistanceMatrixElementPrice:1153441to1153445" version="1">
                      <Amount>1.04</Amount>
                      <DistanceMatrixElementRef ref="VTR:DistanceMatrixElement:1153441to1153445" version="1"/>
                    </DistanceMatrixElementPrice>
                  </prices>
                </DistanceMatrixElement>
                <DistanceMatrixElement id="VTR:DistanceMatrixElement:1153440to1153445" version="1">
                  <Name>Centras to Antakalnis</Name>
                  <StartStopPointRef ref="VTR:ScheduledStopPoint:120082" version="1"/>
                  <EndStopPointRef ref="VTR:ScheduledStopPoint:120087" version="1"/>
                  <prices>
                    <DistanceMatrixElementPrice id="VTR:DistanceMatrixElementPrice:1153440to1153445" version="1">
                      <Amount>1.04</Amount>
                      <DistanceMatrixElementRef ref="VTR:DistanceMatrixElement:1153440to1153445" version="1"/>
                    </DistanceMatrixElementPrice>
                  </prices>
                </DistanceMatrixElement>
              </distanceMatrixElements>
            </Tariff>
          </tariffs>
          <usageParameters>
            <FrequencyOfUse id="VTR:FrequencyOfUse:oneTrip" version="1">
              <FrequencyOfUseType>unlimited</FrequencyOfUseType>
              <MaximalFrequency>1</MaximalFrequency>
            </FrequencyOfUse>
          </usageParameters>
        </FareFrame>
      </frames>
    </CompositeFrame>
  </dataObjects>
</PublicationDelivery>
