<?xml version="1.0" encoding="UTF-8"?><PublicationDelivery xmlns="http://www.netex.org.uk/netex" xmlns:gis="http://www.opengis.net/gml/3.2" xmlns:ns2="http://www.opengis.net/gml/3.2" xmlns:ns3="http://www.siri.org.uk/siri" xmlns:xsi="http://www.w3.org/2001/XMLSchema-instance" version="1" xsi:schemaLocation="">
  <PublicationTimestamp>2022-05-07T03:25:00.575</PublicationTimestamp>
  <ParticipantRef>VTR</ParticipantRef>
  <Description>1</Description>
  <dataObjects>
    <CompositeFrame created="2022-05-07T03:25:00.575" version="1" id="VTR:CompositeFrame:1381">
      <validityConditions>
        <AvailabilityCondition version="1" id="VTR:AvailabilityCondition:1381">
          <FromDate>2015-11-18T14:04:36</FromDate>
          <ToDate>2027-12-30T00:00:00</ToDate>
        </AvailabilityCondition>
      </validityConditions>
      <codespaces>
        <Codespace id="vtr">
          <Xmlns>VTR</Xmlns>
          <XmlnsUrl>http://www.visimarsrutai.lt/</XmlnsUrl>
        </Codespace>
      </codespaces>
      <FrameDefaults>
        <DefaultLocale>
          <TimeZone>Europe/Vilnius</TimeZone>
        </DefaultLocale>
        <DefaultLocationSystem>WGS84</DefaultLocationSystem>
      </FrameDefaults>
      <frames>
        <ServiceCalendarFrame version="1" id="VTR:ServiceCalendarFrame:1381">
          <dayTypes>
            <DayType id="VTR:DayType:2985" version="1">
              <properties>
                <PropertyOfDay>
                  <DaysOfWeek>Monday Tuesday Wednesday Thursday Friday</DaysOfWeek>
                </PropertyOfDay>
              </properties>
            </DayType>
          </dayTypes>
          <operatingPeriods>
            <OperatingPeriod version="1" id="VTR:OperatingPeriod:2985">
              <FromDate>2015-09-01T00:00:00</FromDate>
              <ToDate>2016-06-03T00:00:00</ToDate>
            </OperatingPeriod>
          </operatingPeriods>
          <dayTypeAssignments>
            <DayTypeAssignment id="VTR:DayTypeAssignment:2985_0" version="1" order="2336">
              <OperatingPeriodRef ref="VTR:OperatingPeriod:2985" version="1"/>
              <DayTypeRef ref="VTR:DayType:2985" version="1"/>
            </DayTypeAssignment>
          </dayTypeAssignments>
        </ServiceCalendarFrame>
        <ServiceFrame id="VTR:ServiceFrame:1381" version="1">
          <Network version="0" id="VTR:Network:13"/>
          <routePoints>
            <RoutePoint version="1" id="VTR:RoutePoint:124270">
              <projections>
                <PointProjection version="1" id="VTR:PointProjection:36983">
                  <ProjectedPointRef ref="VTR:ScheduledStopPoint:124270" version="1"/>
                </PointProjection>
              </projections>
            </RoutePoint>
            <RoutePoint version="1" id="VTR:RoutePoint:124271">
              <projections>
                <PointProjection version="1" id="VTR:PointProjection:36984">
                  <ProjectedPointRef ref="VTR:ScheduledStopPoint:124271" version="1"/>
                </PointProjection>
              </projections>
            </RoutePoint>
            <RoutePoint version="1" id="VTR:RoutePoint:124272">
              <projections>
                <PointProjection version="1" id="VTR:PointProjection:36985">
                  <ProjectedPointRef ref="VTR:ScheduledStopPoint:124272" version="1"/>
                </PointProjection>
              </projections>
            </RoutePoint>
            <RoutePoint version="1" id="VTR:RoutePoint:124273">
              <projections>
                <PointProjection version="1" id="VTR:PointProjection:36986">
                  <ProjectedPointRef ref="VTR:ScheduledStopPoint:124273" version="1"/>
                </PointProjection>
              </projections>
            </RoutePoint>
            <RoutePoint version="1" id="VTR:RoutePoint:124274">
              <projections>
                <PointProjection version="1" id="VTR:PointProjection:36987">
                  <ProjectedPointRef ref="VTR:ScheduledStopPoint:124274" version="1"/>
                </PointProjection>
              </projections>
            </RoutePoint>
            <RoutePoint version="1" id="VTR:RoutePoint:124275">
              <projections>
                <PointProjection version="1" id="VTR:PointProjection:36988">
                  <ProjectedPointRef ref="VTR:ScheduledStopPoint:124275" version="1"/>
                </PointProjection>
              </projections>
            </RoutePoint>
            <RoutePoint version="1" id="VTR:RoutePoint:124276">
              <projections>
                <PointProjection version="1" id="VTR:PointProjection:36989">
                  <ProjectedPointRef ref="VTR:ScheduledStopPoint:124276" version="1"/>
                </PointProjection>
              </projections>
            </RoutePoint>
            <RoutePoint version="1" id="VTR:RoutePoint:124277">
              <projections>
                <PointProjection version="1" id="VTR:PointProjection:36990">
                  <ProjectedPointRef ref="VTR:ScheduledStopPoint:124277" version="1"/>
                </PointProjection>
              </projections>
            </RoutePoint>
            <RoutePoint version="1" id="VTR:RoutePoint:124278">
              <projections>
                <PointProjection version="1" id="VTR:PointProjection:36991">
                  <ProjectedPointRef ref="VTR:ScheduledStopPoint:124278" version="1"/>
                </PointProjection>
              </projections>
            </RoutePoint>
            <RoutePoint version="1" id="VTR:RoutePoint:124279">
              <projections>
                <PointProjection version="1" id="VTR:PointProjection:36992">
                  <ProjectedPointRef ref="VTR:ScheduledStopPoint:124279" version="1"/>
                </PointProjection>
              </projections>
            </RoutePoint>
            <RoutePoint version="1" id="VTR:RoutePoint:124280">
              <projections>
                <PointProjection version="1" id="VTR:PointProjection:36993">
                  <ProjectedPointRef ref="VTR:ScheduledStopPoint:124280" version="1"/>
                </PointProjection>
              </projections>
            </RoutePoint>
            <RoutePoint version="1" id="VTR:RoutePoint:124281">
              <projections>
                <PointProjection version="1" id="VTR:PointProjection:36994">
                  <ProjectedPointRef ref="VTR:ScheduledStopPoint:124281" version="1"/>
                </PointProjection>
              </projections>
            </RoutePoint>
            <RoutePoint version="1" id="VTR:RoutePoint:124282">
              <projections>
                <PointProjection version="1" id="VTR:PointProjection:36995">
                  <ProjectedPointRef ref="VTR:ScheduledStopPoint:124282" version="1"/>
                </PointProjection>
              </projections>
            </RoutePoint>
            <RoutePoint version="1" id="VTR:RoutePoint:124283">
              <projections>
                <PointProjection version="1" id="VTR:PointProjection:36996">
                  <ProjectedPointRef ref="VTR:ScheduledStopPoint:124283" version="1"/>
                </PointProjection>
              </projections>
            </RoutePoint>
            <RoutePoint version="1" id="VTR:RoutePoint:124284">
              <projections>
                <PointProjection version="1" id="VTR:PointProjection:36997">
                  <ProjectedPointRef ref="VTR:ScheduledStopPoint:124284" version="1"/>
                </PointProjection>
              </projections>
            </RoutePoint>
            <RoutePoint version="1" id="VTR:RoutePoint:124286">
              <projections>
                <PointProjection version="1" id="VTR:PointProjection:37044">
                  <ProjectedPointRef ref="VTR:ScheduledStopPoint:124286" version="1"/>
                </PointProjection>
              </projections>
            </RoutePoint>
            <RoutePoint version="1" id="VTR:RoutePoint:124287">
              <projections>
                <PointProjection version="1" id="VTR:PointProjection:37045">
                  <ProjectedPointRef ref="VTR:ScheduledStopPoint:124287" version="1"/>
                </PointProjection>
              </projections>
            </RoutePoint>
            <RoutePoint version="1" id="VTR:RoutePoint:124291">
              <projections>
                <PointProjection version="1" id="VTR:PointProjection:37046">
                  <ProjectedPointRef ref="VTR:ScheduledStopPoint:124291" version="1"/>
                </PointProjection>
              </projections>
            </RoutePoint>
            <RoutePoint version="1" id="VTR:RoutePoint:124298">
              <projections>
                <PointProjection version="1" id="VTR:PointProjection:37047">
                  <ProjectedPointRef ref="VTR:ScheduledStopPoint:124298" version="1"/>
                </PointProjection>
              </projections>
            </RoutePoint>
            <RoutePoint version="1" id="VTR:RoutePoint:124299">
              <projections>
                <PointProjection version="1" id="VTR:PointProjection:37048">
                  <ProjectedPointRef ref="VTR:ScheduledStopPoint:124299" version="1"/>
                </PointProjection>
              </projections>
            </RoutePoint>
            <RoutePoint version="1" id="VTR:RoutePoint:124300">
              <projections>
                <PointProjection version="1" id="VTR:PointProjection:37049">
                  <ProjectedPointRef ref="VTR:ScheduledStopPoint:124300" version="1"/>
                </PointProjection>
              </projections>
            </RoutePoint>
            <RoutePoint version="1" id="VTR:RoutePoint:124301">
              <projections>
                <PointProjection version="1" id="VTR:PointProjection:37050">
                  <ProjectedPointRef ref="VTR:ScheduledStopPoint:124301" version="1"/>
                </PointProjection>
              </projections>
            </RoutePoint>
            <RoutePoint version="1" id="VTR:RoutePoint:124302">
              <projections>
                <PointProjection version="1" id="VTR:PointProjection:37051">
                  <ProjectedPointRef ref="VTR:ScheduledStopPoint:124302" version="1"/>
                </PointProjection>
              </projections>
            </RoutePoint>
            <RoutePoint version="1" id="VTR:RoutePoint:124303">
              <projections>
                <PointProjection version="1" id="VTR:PointProjection:37052">
                  <ProjectedPointRef ref="VTR:ScheduledStopPoint:124303" version="1"/>
                </PointProjection>
              </projections>
            </RoutePoint>
            <RoutePoint version="1" id="VTR:RoutePoint:124304">
              <projections>
                <PointProjection version="1" id="VTR:PointProjection:37053">
                  <ProjectedPointRef ref="VTR:ScheduledStopPoint:124304" version="1"/>
                </PointProjection>
              </projections>
            </RoutePoint>
            <RoutePoint version="1" id="VTR:RoutePoint:124305">
              <projections>
                <PointProjection version="1" id="VTR:PointProjection:37054">
                  <ProjectedPointRef ref="VTR:ScheduledStopPoint:124305" version="1"/>
                </PointProjection>
              </projections>
            </RoutePoint>
            <RoutePoint version="1" id="VTR:RoutePoint:124306">
              <projections>
                <PointProjection version="1" id="VTR:PointProjection:37055">
                  <ProjectedPointRef ref="VTR:ScheduledStopPoint:124306" version="1"/>
                </PointProjection>
              </projections>
            </RoutePoint>
            <RoutePoint version="1" id="VTR:RoutePoint:124309">
              <projections>
                <PointProjection version="1" id="VTR:PointProjection:37056">
                  <ProjectedPointRef ref="VTR:ScheduledStopPoint:124309" version="1"/>
                </PointProjection>
              </projections>
            </RoutePoint>
          </routePoints>
          <routes>
            <Route version="1" id="VTR:Route:7397">
              <Name>Užgirėlis-Kaišiadorys</Name>
              <ShortName>Užgirėlis-Kaišiadorys</ShortName>
              <LineRef ref="VTR:Line:2851" version="2913"/>
              <DirectionType>inbound</DirectionType>
              <pointsInSequence>
                <PointOnRoute version="1" id="VTR:PointOnRoute:124270" order="1">
                  <RoutePointRef ref="VTR:RoutePoint:124270"/>
                </PointOnRoute>
                <PointOnRoute version="1" id="VTR:PointOnRoute:124271" order="2">
                  <RoutePointRef ref="VTR:RoutePoint:124271"/>
                </PointOnRoute>
                <PointOnRoute version="1" id="VTR:PointOnRoute:124272" order="3">
                  <RoutePointRef ref="VTR:RoutePoint:124272"/>
                </PointOnRoute>
                <PointOnRoute version="1" id="VTR:PointOnRoute:124273" order="4">
                  <RoutePointRef ref="VTR:RoutePoint:124273"/>
                </PointOnRoute>
                <PointOnRoute version="1" id="VTR:PointOnRoute:124274" order="5">
                  <RoutePointRef ref="VTR:RoutePoint:124274"/>
                </PointOnRoute>
                <PointOnRoute version="1" id="VTR:PointOnRoute:124275" order="6">
                  <RoutePointRef ref="VTR:RoutePoint:124275"/>
                </PointOnRoute>
                <PointOnRoute version="1" id="VTR:PointOnRoute:124276" order="7">
                  <RoutePointRef ref="VTR:RoutePoint:124276"/>
                </PointOnRoute>
                <PointOnRoute version="1" id="VTR:PointOnRoute:124277" order="8">
                  <RoutePointRef ref="VTR:RoutePoint:124277"/>
                </PointOnRoute>
                <PointOnRoute version="1" id="VTR:PointOnRoute:124278" order="9">
                  <RoutePointRef ref="VTR:RoutePoint:124278"/>
                </PointOnRoute>
                <PointOnRoute version="1" id="VTR:PointOnRoute:124279" order="10">
                  <RoutePointRef ref="VTR:RoutePoint:124279"/>
                </PointOnRoute>
                <PointOnRoute version="1" id="VTR:PointOnRoute:124280" order="11">
                  <RoutePointRef ref="VTR:RoutePoint:124280"/>
                </PointOnRoute>
                <PointOnRoute version="1" id="VTR:PointOnRoute:124281" order="12">
                  <RoutePointRef ref="VTR:RoutePoint:124281"/>
                </PointOnRoute>
                <PointOnRoute version="1" id="VTR:PointOnRoute:124282" order="13">
                  <RoutePointRef ref="VTR:RoutePoint:124282"/>
                </PointOnRoute>
                <PointOnRoute version="1" id="VTR:PointOnRoute:124283" order="14">
                  <RoutePointRef ref="VTR:RoutePoint:124283"/>
                </PointOnRoute>
                <PointOnRoute version="1" id="VTR:PointOnRoute:124284" order="15">
                  <RoutePointRef ref="VTR:RoutePoint:124284"/>
                </PointOnRoute>
                <PointOnRoute version="1" id="VTR:PointOnRoute:124286" order="16">
                  <RoutePointRef ref="VTR:RoutePoint:124286"/>
                </PointOnRoute>
                <PointOnRoute version="1" id="VTR:PointOnRoute:124287" order="17">
                  <RoutePointRef ref="VTR:RoutePoint:124287"/>
                </PointOnRoute>
                <PointOnRoute version="1" id="VTR:PointOnRoute:124291" order="18">
                  <RoutePointRef ref="VTR:RoutePoint:124291"/>
                </PointOnRoute>
                <PointOnRoute version="1" id="VTR:PointOnRoute:124298" order="19">
                  <RoutePointRef ref="VTR:RoutePoint:124298"/>
                </PointOnRoute>
                <PointOnRoute version="1" id="VTR:PointOnRoute:124299" order="20">
                  <RoutePointRef ref="VTR:RoutePoint:124299"/>
                </PointOnRoute>
                <PointOnRoute version="1" id="VTR:PointOnRoute:124300" order="21">
                  <RoutePointRef ref="VTR:RoutePoint:124300"/>
                </PointOnRoute>
                <PointOnRoute version="1" id="VTR:PointOnRoute:124301" order="22">
                  <RoutePointRef ref="VTR:RoutePoint:124301"/>
                </PointOnRoute>
                <PointOnRoute version="1" id="VTR:PointOnRoute:124302" order="23">
                  <RoutePointRef ref="VTR:RoutePoint:124302"/>
                </PointOnRoute>
                <PointOnRoute version="1" id="VTR:PointOnRoute:124303" order="24">
                  <RoutePointRef ref="VTR:RoutePoint:124303"/>
                </PointOnRoute>
                <PointOnRoute version="1" id="VTR:PointOnRoute:124304" order="25">
                  <RoutePointRef ref="VTR:RoutePoint:124304"/>
                </PointOnRoute>
                <PointOnRoute version="1" id="VTR:PointOnRoute:124305" order="26">
                  <RoutePointRef ref="VTR:RoutePoint:124305"/>
                </PointOnRoute>
                <PointOnRoute version="1" id="VTR:PointOnRoute:124306" order="27">
                  <RoutePointRef ref="VTR:RoutePoint:124306"/>
                </PointOnRoute>
                <PointOnRoute version="1" id="VTR:PointOnRoute:124309" order="28">
                  <RoutePointRef ref="VTR:RoutePoint:124309"/>
                </PointOnRoute>
              </pointsInSequence>
            </Route>
          </routes>
          <lines>
            <Line version="2913" id="VTR:Line:2851">
              <Name>Užgirėlis-Kaišiadorys</Name>
              <TransportMode>bus</TransportMode>
              <TransportSubmode>
                <BusSubmode>regionalBus</BusSubmode>
              </TransportSubmode>
              <PublicCode>65-5</PublicCode>
              <OperatorRef ref="VTR:Operator:13"/>
            </Line>
          </lines>
          <scheduledStopPoints>
            <ScheduledStopPoint version="1" id="VTR:ScheduledStopPoint:124270">
              <Name>Užgirėlis</Name>
            </ScheduledStopPoint>
            <ScheduledStopPoint version="1" id="VTR:ScheduledStopPoint:124271">
              <Name>Astrogai</Name>
            </ScheduledStopPoint>
            <ScheduledStopPoint version="1" id="VTR:ScheduledStopPoint:124272">
              <Name>Girininkija</Name>
            </ScheduledStopPoint>
            <ScheduledStopPoint version="1" id="VTR:ScheduledStopPoint:124273">
              <Name>Darsūniškio centras</Name>
            </ScheduledStopPoint>
            <ScheduledStopPoint version="1" id="VTR:ScheduledStopPoint:124274">
              <Name>Darsūniškio mokykla</Name>
            </ScheduledStopPoint>
            <ScheduledStopPoint version="1" id="VTR:ScheduledStopPoint:124275">
              <Name>Lapainia</Name>
            </ScheduledStopPoint>
            <ScheduledStopPoint version="1" id="VTR:ScheduledStopPoint:124276">
              <Name>Dijokiškės</Name>
            </ScheduledStopPoint>
            <ScheduledStopPoint version="1" id="VTR:ScheduledStopPoint:124277">
              <Name>Paukštynas</Name>
            </ScheduledStopPoint>
            <ScheduledStopPoint version="1" id="VTR:ScheduledStopPoint:124278">
              <Name>Kruonis</Name>
            </ScheduledStopPoint>
            <ScheduledStopPoint version="1" id="VTR:ScheduledStopPoint:124279">
              <Name>Burčiagai</Name>
            </ScheduledStopPoint>
            <ScheduledStopPoint version="1" id="VTR:ScheduledStopPoint:124280">
              <Name>Ginteikiškės</Name>
            </ScheduledStopPoint>
            <ScheduledStopPoint version="1" id="VTR:ScheduledStopPoint:124281">
              <Name>Pridotkai</Name>
            </ScheduledStopPoint>
            <ScheduledStopPoint version="1" id="VTR:ScheduledStopPoint:124282">
              <Name>Kairiškės</Name>
            </ScheduledStopPoint>
            <ScheduledStopPoint version="1" id="VTR:ScheduledStopPoint:124283">
              <Name>Med.Strėvininkai</Name>
            </ScheduledStopPoint>
            <ScheduledStopPoint version="1" id="VTR:ScheduledStopPoint:124284">
              <Name>Žiežmariai</Name>
            </ScheduledStopPoint>
            <ScheduledStopPoint version="1" id="VTR:ScheduledStopPoint:124286">
              <Name>Žiežmariai</Name>
            </ScheduledStopPoint>
            <ScheduledStopPoint version="1" id="VTR:ScheduledStopPoint:124287">
              <Name>Melioratorių gyv.</Name>
            </ScheduledStopPoint>
            <ScheduledStopPoint version="1" id="VTR:ScheduledStopPoint:124291">
              <Name>Žiežmarių Kr.</Name>
            </ScheduledStopPoint>
            <ScheduledStopPoint version="1" id="VTR:ScheduledStopPoint:124298">
              <Name>Karantinis m</Name>
            </ScheduledStopPoint>
            <ScheduledStopPoint version="1" id="VTR:ScheduledStopPoint:124299">
              <Name>Šebnica</Name>
            </ScheduledStopPoint>
            <ScheduledStopPoint version="1" id="VTR:ScheduledStopPoint:124300">
              <Name>Ligoninė</Name>
            </ScheduledStopPoint>
            <ScheduledStopPoint version="1" id="VTR:ScheduledStopPoint:124301">
              <Name>Autoservisas</Name>
            </ScheduledStopPoint>
            <ScheduledStopPoint version="1" id="VTR:ScheduledStopPoint:124302">
              <Name>Prekybos centras</Name>
            </ScheduledStopPoint>
            <ScheduledStopPoint version="1" id="VTR:ScheduledStopPoint:124303">
              <Name>Teismo rūmai</Name>
            </ScheduledStopPoint>
            <ScheduledStopPoint version="1" id="VTR:ScheduledStopPoint:124304">
              <Name>Centras</Name>
            </ScheduledStopPoint>
            <ScheduledStopPoint version="1" id="VTR:ScheduledStopPoint:124305">
              <Name>Pėsčiųjų tiltas</Name>
            </ScheduledStopPoint>
            <ScheduledStopPoint version="1" id="VTR:ScheduledStopPoint:124306">
              <Name>Kęstučio g.</Name>
            </ScheduledStopPoint>
            <ScheduledStopPoint version="1" id="VTR:ScheduledStopPoint:124309">
              <Name>Kaišiadorių Autobusų stotis</Name>
            </ScheduledStopPoint>
          </scheduledStopPoints>
          <serviceLinks>
            <ServiceLink id="VTR:ServiceLink:124301_1_124302_1" version="1">
              <Distance>0</Distance>
              <FromPointRef ref="VTR:ScheduledStopPoint:124301" version="1"/>
              <ToPointRef ref="VTR:ScheduledStopPoint:124302" version="1"/>
            </ServiceLink>
            <ServiceLink id="VTR:ServiceLink:124303_1_124304_1" version="1">
              <Distance>0</Distance>
              <FromPointRef ref="VTR:ScheduledStopPoint:124303" version="1"/>
              <ToPointRef ref="VTR:ScheduledStopPoint:124304" version="1"/>
            </ServiceLink>
            <ServiceLink id="VTR:ServiceLink:124298_1_124299_1" version="1">
              <Distance>1</Distance>
              <FromPointRef ref="VTR:ScheduledStopPoint:124298" version="1"/>
              <ToPointRef ref="VTR:ScheduledStopPoint:124299" version="1"/>
            </ServiceLink>
            <ServiceLink id="VTR:ServiceLink:124278_1_124279_1" version="1">
              <Distance>1</Distance>
              <FromPointRef ref="VTR:ScheduledStopPoint:124278" version="1"/>
              <ToPointRef ref="VTR:ScheduledStopPoint:124279" version="1"/>
            </ServiceLink>
            <ServiceLink id="VTR:ServiceLink:124281_1_124282_1" version="1">
              <Distance>2</Distance>
              <FromPointRef ref="VTR:ScheduledStopPoint:124281" version="1"/>
              <ToPointRef ref="VTR:ScheduledStopPoint:124282" version="1"/>
            </ServiceLink>
            <ServiceLink id="VTR:ServiceLink:124273_1_124274_1" version="1">
              <Distance>0</Distance>
              <FromPointRef ref="VTR:ScheduledStopPoint:124273" version="1"/>
              <ToPointRef ref="VTR:ScheduledStopPoint:124274" version="1"/>
            </ServiceLink>
            <ServiceLink id="VTR:ServiceLink:124270_1_124271_1" version="1">
              <Distance>2</Distance>
              <FromPointRef ref="VTR:ScheduledStopPoint:124270" version="1"/>
              <ToPointRef ref="VTR:ScheduledStopPoint:124271" version="1"/>
            </ServiceLink>
            <ServiceLink id="VTR:ServiceLink:124300_1_124301_1" version="1">
              <Distance>0</Distance>
              <FromPointRef ref="VTR:ScheduledStopPoint:124300" version="1"/>
              <ToPointRef ref="VTR:ScheduledStopPoint:124301" version="1"/>
            </ServiceLink>
            <ServiceLink id="VTR:ServiceLink:124302_1_124303_1" version="1">
              <Distance>0</Distance>
              <FromPointRef ref="VTR:ScheduledStopPoint:124302" version="1"/>
              <ToPointRef ref="VTR:ScheduledStopPoint:124303" version="1"/>
            </ServiceLink>
            <ServiceLink id="VTR:ServiceLink:124279_1_124280_1" version="1">
              <Distance>1</Distance>
              <FromPointRef ref="VTR:ScheduledStopPoint:124279" version="1"/>
              <ToPointRef ref="VTR:ScheduledStopPoint:124280" version="1"/>
            </ServiceLink>
            <ServiceLink id="VTR:ServiceLink:124276_1_124277_1" version="1">
              <Distance>2</Distance>
              <FromPointRef ref="VTR:ScheduledStopPoint:124276" version="1"/>
              <ToPointRef ref="VTR:ScheduledStopPoint:124277" version="1"/>
            </ServiceLink>
            <ServiceLink id="VTR:ServiceLink:124280_1_124281_1" version="1">
              <Distance>2</Distance>
              <FromPointRef ref="VTR:ScheduledStopPoint:124280" version="1"/>
              <ToPointRef ref="VTR:ScheduledStopPoint:124281" version="1"/>
            </ServiceLink>
            <ServiceLink id="VTR:ServiceLink:124304_1_124305_1" version="1">
              <Distance>0</Distance>
              <FromPointRef ref="VTR:ScheduledStopPoint:124304" version="1"/>
              <ToPointRef ref="VTR:ScheduledStopPoint:124305" version="1"/>
            </ServiceLink>
            <ServiceLink id="VTR:ServiceLink:124277_1_124278_1" version="1">
              <Distance>2</Distance>
              <FromPointRef ref="VTR:ScheduledStopPoint:124277" version="1"/>
              <ToPointRef ref="VTR:ScheduledStopPoint:124278" version="1"/>
            </ServiceLink>
            <ServiceLink id="VTR:ServiceLink:124299_1_124300_1" version="1">
              <Distance>1</Distance>
              <FromPointRef ref="VTR:ScheduledStopPoint:124299" version="1"/>
              <ToPointRef ref="VTR:ScheduledStopPoint:124300" version="1"/>
            </ServiceLink>
            <ServiceLink id="VTR:ServiceLink:124272_1_124273_1" version="1">
              <Distance>1</Distance>
              <FromPointRef ref="VTR:ScheduledStopPoint:124272" version="1"/>
              <ToPointRef ref="VTR:ScheduledStopPoint:124273" version="1"/>
            </ServiceLink>
            <ServiceLink id="VTR:ServiceLink:124305_1_124306_1" version="1">
              <Distance>0</Distance>
              <FromPointRef ref="VTR:ScheduledStopPoint:124305" version="1"/>
              <ToPointRef ref="VTR:ScheduledStopPoint:124306" version="1"/>
            </ServiceLink>
            <ServiceLink id="VTR:ServiceLink:124271_1_124272_1" version="1">
              <Distance>1</Distance>
              <FromPointRef ref="VTR:ScheduledStopPoint:124271" version="1"/>
              <ToPointRef ref="VTR:ScheduledStopPoint:124272" version="1"/>
            </ServiceLink>
            <ServiceLink id="VTR:ServiceLink:124275_1_124276_1" version="1">
              <Distance>1</Distance>
              <FromPointRef ref="VTR:ScheduledStopPoint:124275" version="1"/>
              <ToPointRef ref="VTR:ScheduledStopPoint:124276" version="1"/>
            </ServiceLink>
            <ServiceLink id="VTR:ServiceLink:124282_1_124283_1" version="1">
              <Distance>2</Distance>
              <FromPointRef ref="VTR:ScheduledStopPoint:124282" version="1"/>
              <ToPointRef ref="VTR:ScheduledStopPoint:124283" version="1"/>
            </ServiceLink>
            <ServiceLink id="VTR:ServiceLink:124274_1_124275_1" version="1">
              <Distance>2</Distance>
              <FromPointRef ref="VTR:ScheduledStopPoint:124274" version="1"/>
              <ToPointRef ref="VTR:ScheduledStopPoint:124275" version="1"/>
            </ServiceLink>
            <ServiceLink id="VTR:ServiceLink:124283_1_124284_1" version="1">
              <Distance>2</Distance>
              <FromPointRef ref="VTR:ScheduledStopPoint:124283" version="1"/>
              <ToPointRef ref="VTR:ScheduledStopPoint:124284" version="1"/>
            </ServiceLink>
            <ServiceLink id="VTR:ServiceLink:124286_1_124287_1" version="1">
              <Distance>1</Distance>
              <FromPointRef ref="VTR:ScheduledStopPoint:124286" version="1"/>
              <ToPointRef ref="VTR:ScheduledStopPoint:124287" version="1"/>
            </ServiceLink>
          </serviceLinks>
          <stopAssignments>
            <PassengerStopAssignment order="739700000" id="VTR:PassengerStopAssignment:124270" version="1">
              <ScheduledStopPointRef ref="VTR:ScheduledStopPoint:124270" version="1"/>
              <QuayRef ref="VTR:Quay:13700"/>
            </PassengerStopAssignment>
            <PassengerStopAssignment order="739700001" id="VTR:PassengerStopAssignment:124271" version="1">
              <ScheduledStopPointRef ref="VTR:ScheduledStopPoint:124271" version="1"/>
              <QuayRef ref="VTR:Quay:6472"/>
            </PassengerStopAssignment>
            <PassengerStopAssignment order="739700002" id="VTR:PassengerStopAssignment:124272" version="1">
              <ScheduledStopPointRef ref="VTR:ScheduledStopPoint:124272" version="1"/>
              <QuayRef ref="VTR:Quay:16417"/>
            </PassengerStopAssignment>
            <PassengerStopAssignment order="739700003" id="VTR:PassengerStopAssignment:124273" version="1">
              <ScheduledStopPointRef ref="VTR:ScheduledStopPoint:124273" version="1"/>
              <QuayRef ref="VTR:Quay:6019"/>
            </PassengerStopAssignment>
            <PassengerStopAssignment order="739700004" id="VTR:PassengerStopAssignment:124274" version="1">
              <ScheduledStopPointRef ref="VTR:ScheduledStopPoint:124274" version="1"/>
              <QuayRef ref="VTR:Quay:6106"/>
            </PassengerStopAssignment>
            <PassengerStopAssignment order="739700005" id="VTR:PassengerStopAssignment:124275" version="1">
              <ScheduledStopPointRef ref="VTR:ScheduledStopPoint:124275" version="1"/>
              <QuayRef ref="VTR:Quay:9116"/>
            </PassengerStopAssignment>
            <PassengerStopAssignment order="739700006" id="VTR:PassengerStopAssignment:124276" version="1">
              <ScheduledStopPointRef ref="VTR:ScheduledStopPoint:124276" version="1"/>
              <QuayRef ref="VTR:Quay:7121"/>
            </PassengerStopAssignment>
            <PassengerStopAssignment order="739700007" id="VTR:PassengerStopAssignment:124277" version="1">
              <ScheduledStopPointRef ref="VTR:ScheduledStopPoint:124277" version="1"/>
              <QuayRef ref="VTR:Quay:8118"/>
            </PassengerStopAssignment>
            <PassengerStopAssignment order="739700008" id="VTR:PassengerStopAssignment:124278" version="1">
              <ScheduledStopPointRef ref="VTR:ScheduledStopPoint:124278" version="1"/>
              <QuayRef ref="VTR:Quay:5238"/>
            </PassengerStopAssignment>
            <PassengerStopAssignment order="739700009" id="VTR:PassengerStopAssignment:124279" version="1">
              <ScheduledStopPointRef ref="VTR:ScheduledStopPoint:124279" version="1"/>
              <QuayRef ref="VTR:Quay:15822"/>
            </PassengerStopAssignment>
            <PassengerStopAssignment order="739700010" id="VTR:PassengerStopAssignment:124280" version="1">
              <ScheduledStopPointRef ref="VTR:ScheduledStopPoint:124280" version="1"/>
              <QuayRef ref="VTR:Quay:7133"/>
            </PassengerStopAssignment>
            <PassengerStopAssignment order="739700011" id="VTR:PassengerStopAssignment:124281" version="1">
              <ScheduledStopPointRef ref="VTR:ScheduledStopPoint:124281" version="1"/>
              <QuayRef ref="VTR:Quay:15170"/>
            </PassengerStopAssignment>
            <PassengerStopAssignment order="739700012" id="VTR:PassengerStopAssignment:124282" version="1">
              <ScheduledStopPointRef ref="VTR:ScheduledStopPoint:124282" version="1"/>
              <QuayRef ref="VTR:Quay:12109"/>
            </PassengerStopAssignment>
            <PassengerStopAssignment order="739700013" id="VTR:PassengerStopAssignment:124283" version="1">
              <ScheduledStopPointRef ref="VTR:ScheduledStopPoint:124283" version="1"/>
              <QuayRef ref="VTR:Quay:9134"/>
            </PassengerStopAssignment>
            <PassengerStopAssignment order="739700014" id="VTR:PassengerStopAssignment:124284" version="1">
              <ScheduledStopPointRef ref="VTR:ScheduledStopPoint:124284" version="1"/>
              <QuayRef ref="VTR:Quay:5231"/>
            </PassengerStopAssignment>
            <PassengerStopAssignment order="739700016" id="VTR:PassengerStopAssignment:124286" version="1">
              <ScheduledStopPointRef ref="VTR:ScheduledStopPoint:124286" version="1"/>
              <QuayRef ref="VTR:Quay:13918"/>
            </PassengerStopAssignment>
            <PassengerStopAssignment order="739700017" id="VTR:PassengerStopAssignment:124287" version="1">
              <ScheduledStopPointRef ref="VTR:ScheduledStopPoint:124287" version="1"/>
              <QuayRef ref="VTR:Quay:7146"/>
            </PassengerStopAssignment>
            <PassengerStopAssignment order="739700021" id="VTR:PassengerStopAssignment:124291" version="1">
              <ScheduledStopPointRef ref="VTR:ScheduledStopPoint:124291" version="1"/>
              <QuayRef ref="VTR:Quay:23770"/>
            </PassengerStopAssignment>
            <PassengerStopAssignment order="739700028" id="VTR:PassengerStopAssignment:124298" version="1">
              <ScheduledStopPointRef ref="VTR:ScheduledStopPoint:124298" version="1"/>
              <QuayRef ref="VTR:Quay:15758"/>
            </PassengerStopAssignment>
            <PassengerStopAssignment order="739700029" id="VTR:PassengerStopAssignment:124299" version="1">
              <ScheduledStopPointRef ref="VTR:ScheduledStopPoint:124299" version="1"/>
              <QuayRef ref="VTR:Quay:10755"/>
            </PassengerStopAssignment>
            <PassengerStopAssignment order="739700030" id="VTR:PassengerStopAssignment:124300" version="1">
              <ScheduledStopPointRef ref="VTR:ScheduledStopPoint:124300" version="1"/>
              <QuayRef ref="VTR:Quay:24215"/>
            </PassengerStopAssignment>
            <PassengerStopAssignment order="739700031" id="VTR:PassengerStopAssignment:124301" version="1">
              <ScheduledStopPointRef ref="VTR:ScheduledStopPoint:124301" version="1"/>
              <QuayRef ref="VTR:Quay:5003"/>
            </PassengerStopAssignment>
            <PassengerStopAssignment order="739700032" id="VTR:PassengerStopAssignment:124302" version="1">
              <ScheduledStopPointRef ref="VTR:ScheduledStopPoint:124302" version="1"/>
              <QuayRef ref="VTR:Quay:8800"/>
            </PassengerStopAssignment>
            <PassengerStopAssignment order="739700033" id="VTR:PassengerStopAssignment:124303" version="1">
              <ScheduledStopPointRef ref="VTR:ScheduledStopPoint:124303" version="1"/>
              <QuayRef ref="VTR:Quay:12765"/>
            </PassengerStopAssignment>
            <PassengerStopAssignment order="739700034" id="VTR:PassengerStopAssignment:124304" version="1">
              <ScheduledStopPointRef ref="VTR:ScheduledStopPoint:124304" version="1"/>
              <QuayRef ref="VTR:Quay:8842"/>
            </PassengerStopAssignment>
            <PassengerStopAssignment order="739700035" id="VTR:PassengerStopAssignment:124305" version="1">
              <ScheduledStopPointRef ref="VTR:ScheduledStopPoint:124305" version="1"/>
              <QuayRef ref="VTR:Quay:12752"/>
            </PassengerStopAssignment>
            <PassengerStopAssignment order="739700036" id="VTR:PassengerStopAssignment:124306" version="1">
              <ScheduledStopPointRef ref="VTR:ScheduledStopPoint:124306" version="1"/>
              <QuayRef ref="VTR:Quay:8776"/>
            </PassengerStopAssignment>
            <PassengerStopAssignment order="739700039" id="VTR:PassengerStopAssignment:124309" version="1">
              <ScheduledStopPointRef ref="VTR:ScheduledStopPoint:124309" version="1"/>
              <QuayRef ref="VTR:Quay:23769"/>
            </PassengerStopAssignment>
          </stopAssignments>
          <journeyPatterns>
            <JourneyPattern id="VTR:JourneyPattern:57803" version="57861">
              <Name>2</Name>
              <RouteRef ref="VTR:Route:7397" version="1"/>
              <pointsInSequence>
                <StopPointInJourneyPattern id="VTR:StopPointInJourneyPattern:1164241" version="57861" order="1">
                  <ScheduledStopPointRef ref="VTR:ScheduledStopPoint:124270"/>
                  <DestinationDisplayRef ref="VTR:DestinationDisplay:1"/>
                </StopPointInJourneyPattern>
                <StopPointInJourneyPattern id="VTR:StopPointInJourneyPattern:1164242" version="57861" order="2">
                  <ScheduledStopPointRef ref="VTR:ScheduledStopPoint:124271"/>
                  <DestinationDisplayRef ref="VTR:DestinationDisplay:1"/>
                </StopPointInJourneyPattern>
                <StopPointInJourneyPattern id="VTR:StopPointInJourneyPattern:1164243" version="57861" order="3">
                  <ScheduledStopPointRef ref="VTR:ScheduledStopPoint:124272"/>
                  <DestinationDisplayRef ref="VTR:DestinationDisplay:1"/>
                </StopPointInJourneyPattern>
                <StopPointInJourneyPattern id="VTR:StopPointInJourneyPattern:1164244" version="57861" order="4">
                  <ScheduledStopPointRef ref="VTR:ScheduledStopPoint:124273"/>
                  <DestinationDisplayRef ref="VTR:DestinationDisplay:1"/>
                </StopPointInJourneyPattern>
                <StopPointInJourneyPattern id="VTR:StopPointInJourneyPattern:1164245" version="57861" order="5">
                  <ScheduledStopPointRef ref="VTR:ScheduledStopPoint:124274"/>
                  <DestinationDisplayRef ref="VTR:DestinationDisplay:1"/>
                </StopPointInJourneyPattern>
                <StopPointInJourneyPattern id="VTR:StopPointInJourneyPattern:1164246" version="57861" order="6">
                  <ScheduledStopPointRef ref="VTR:ScheduledStopPoint:124275"/>
                  <DestinationDisplayRef ref="VTR:DestinationDisplay:1"/>
                </StopPointInJourneyPattern>
                <StopPointInJourneyPattern id="VTR:StopPointInJourneyPattern:1164247" version="57861" order="7">
                  <ScheduledStopPointRef ref="VTR:ScheduledStopPoint:124276"/>
                  <DestinationDisplayRef ref="VTR:DestinationDisplay:1"/>
                </StopPointInJourneyPattern>
                <StopPointInJourneyPattern id="VTR:StopPointInJourneyPattern:1164248" version="57861" order="8">
                  <ScheduledStopPointRef ref="VTR:ScheduledStopPoint:124277"/>
                  <DestinationDisplayRef ref="VTR:DestinationDisplay:1"/>
                </StopPointInJourneyPattern>
                <StopPointInJourneyPattern id="VTR:StopPointInJourneyPattern:1164249" version="57861" order="9">
                  <ScheduledStopPointRef ref="VTR:ScheduledStopPoint:124278"/>
                  <DestinationDisplayRef ref="VTR:DestinationDisplay:1"/>
                </StopPointInJourneyPattern>
                <StopPointInJourneyPattern id="VTR:StopPointInJourneyPattern:1164250" version="57861" order="10">
                  <ScheduledStopPointRef ref="VTR:ScheduledStopPoint:124279"/>
                  <DestinationDisplayRef ref="VTR:DestinationDisplay:1"/>
                </StopPointInJourneyPattern>
                <StopPointInJourneyPattern id="VTR:StopPointInJourneyPattern:1164251" version="57861" order="11">
                  <ScheduledStopPointRef ref="VTR:ScheduledStopPoint:124280"/>
                  <DestinationDisplayRef ref="VTR:DestinationDisplay:1"/>
                </StopPointInJourneyPattern>
                <StopPointInJourneyPattern id="VTR:StopPointInJourneyPattern:1164252" version="57861" order="12">
                  <ScheduledStopPointRef ref="VTR:ScheduledStopPoint:124281"/>
                  <DestinationDisplayRef ref="VTR:DestinationDisplay:1"/>
                </StopPointInJourneyPattern>
                <StopPointInJourneyPattern id="VTR:StopPointInJourneyPattern:1164253" version="57861" order="13">
                  <ScheduledStopPointRef ref="VTR:ScheduledStopPoint:124282"/>
                  <DestinationDisplayRef ref="VTR:DestinationDisplay:1"/>
                </StopPointInJourneyPattern>
                <StopPointInJourneyPattern id="VTR:StopPointInJourneyPattern:1164254" version="57861" order="14">
                  <ScheduledStopPointRef ref="VTR:ScheduledStopPoint:124283"/>
                  <DestinationDisplayRef ref="VTR:DestinationDisplay:1"/>
                </StopPointInJourneyPattern>
                <StopPointInJourneyPattern id="VTR:StopPointInJourneyPattern:1164255" version="57861" order="15">
                  <ScheduledStopPointRef ref="VTR:ScheduledStopPoint:124284"/>
                  <DestinationDisplayRef ref="VTR:DestinationDisplay:1"/>
                </StopPointInJourneyPattern>
                <StopPointInJourneyPattern id="VTR:StopPointInJourneyPattern:1164256" version="57861" order="16">
                  <ScheduledStopPointRef ref="VTR:ScheduledStopPoint:124286"/>
                  <DestinationDisplayRef ref="VTR:DestinationDisplay:1"/>
                </StopPointInJourneyPattern>
                <StopPointInJourneyPattern id="VTR:StopPointInJourneyPattern:1164257" version="57861" order="17">
                  <ScheduledStopPointRef ref="VTR:ScheduledStopPoint:124287"/>
                  <DestinationDisplayRef ref="VTR:DestinationDisplay:1"/>
                </StopPointInJourneyPattern>
                <StopPointInJourneyPattern id="VTR:StopPointInJourneyPattern:1164258" version="57861" order="18">
                  <ScheduledStopPointRef ref="VTR:ScheduledStopPoint:124291"/>
                  <DestinationDisplayRef ref="VTR:DestinationDisplay:1"/>
                </StopPointInJourneyPattern>
                <StopPointInJourneyPattern id="VTR:StopPointInJourneyPattern:1164259" version="57861" order="19">
                  <ScheduledStopPointRef ref="VTR:ScheduledStopPoint:124298"/>
                  <DestinationDisplayRef ref="VTR:DestinationDisplay:1"/>
                </StopPointInJourneyPattern>
                <StopPointInJourneyPattern id="VTR:StopPointInJourneyPattern:1164260" version="57861" order="20">
                  <ScheduledStopPointRef ref="VTR:ScheduledStopPoint:124299"/>
                  <DestinationDisplayRef ref="VTR:DestinationDisplay:1"/>
                </StopPointInJourneyPattern>
                <StopPointInJourneyPattern id="VTR:StopPointInJourneyPattern:1164261" version="57861" order="21">
                  <ScheduledStopPointRef ref="VTR:ScheduledStopPoint:124300"/>
                  <DestinationDisplayRef ref="VTR:DestinationDisplay:1"/>
                </StopPointInJourneyPattern>
                <StopPointInJourneyPattern id="VTR:StopPointInJourneyPattern:1164262" version="57861" order="22">
                  <ScheduledStopPointRef ref="VTR:ScheduledStopPoint:124301"/>
                  <DestinationDisplayRef ref="VTR:DestinationDisplay:1"/>
                </StopPointInJourneyPattern>
                <StopPointInJourneyPattern id="VTR:StopPointInJourneyPattern:1164263" version="57861" order="23">
                  <ScheduledStopPointRef ref="VTR:ScheduledStopPoint:124302"/>
                  <DestinationDisplayRef ref="VTR:DestinationDisplay:1"/>
                </StopPointInJourneyPattern>
                <StopPointInJourneyPattern id="VTR:StopPointInJourneyPattern:1164264" version="57861" order="24">
                  <ScheduledStopPointRef ref="VTR:ScheduledStopPoint:124303"/>
                  <DestinationDisplayRef ref="VTR:DestinationDisplay:1"/>
                </StopPointInJourneyPattern>
                <StopPointInJourneyPattern id="VTR:StopPointInJourneyPattern:1164265" version="57861" order="25">
                  <ScheduledStopPointRef ref="VTR:ScheduledStopPoint:124304"/>
                  <DestinationDisplayRef ref="VTR:DestinationDisplay:1"/>
                </StopPointInJourneyPattern>
                <StopPointInJourneyPattern id="VTR:StopPointInJourneyPattern:1164266" version="57861" order="26">
                  <ScheduledStopPointRef ref="VTR:ScheduledStopPoint:124305"/>
                  <DestinationDisplayRef ref="VTR:DestinationDisplay:1"/>
                </StopPointInJourneyPattern>
                <StopPointInJourneyPattern id="VTR:StopPointInJourneyPattern:1164267" version="57861" order="27">
                  <ScheduledStopPointRef ref="VTR:ScheduledStopPoint:124306"/>
                  <DestinationDisplayRef ref="VTR:DestinationDisplay:1"/>
                </StopPointInJourneyPattern>
                <StopPointInJourneyPattern id="VTR:StopPointInJourneyPattern:1164268" version="57861" order="28">
                  <ScheduledStopPointRef ref="VTR:ScheduledStopPoint:124309"/>
                  <DestinationDisplayRef ref="VTR:DestinationDisplay:1"/>
                </StopPointInJourneyPattern>
              </pointsInSequence>
            </JourneyPattern>
          </journeyPatterns>
        </ServiceFrame>
        <TimetableFrame version="1" id="VTR:TimetableFrame:1381">
          <vehicleJourneys>
            <ServiceJourney version="57861" id="VTR:ServiceJourney:57803">
              <Name>Užgirėlis-Kaišiadorys</Name>
              <PrivateCode>2</PrivateCode>
              <dayTypes>
                <DayTypeRef ref="VTR:DayType:2985"/>
              </dayTypes>
              <JourneyPatternRef version="57861" ref="VTR:JourneyPattern:57803"/>
              <OperatorRef ref="VTR:Operator:"/>
              <LineRef ref="VTR:Line:2851" version="2913"/>
              <passingTimes>
                <TimetabledPassingTime version="57861" id="VTR:TimetabledPassingTime:57803_1164241_1">
                  <StopPointInJourneyPatternRef ref="VTR:StopPointInJourneyPattern:1164241" version="57861"/>
                  <DepartureTime>06:13:00</DepartureTime>
                  <DepartureDayOffset>0</DepartureDayOffset>
                </TimetabledPassingTime>
                <TimetabledPassingTime version="57861" id="VTR:TimetabledPassingTime:57803_1164242_2">
                  <StopPointInJourneyPatternRef ref="VTR:StopPointInJourneyPattern:1164242" version="57861"/>
                  <DepartureTime>06:16:00</DepartureTime>
                  <DepartureDayOffset>0</DepartureDayOffset>
                </TimetabledPassingTime>
                <TimetabledPassingTime version="57861" id="VTR:TimetabledPassingTime:57803_1164243_3">
                  <StopPointInJourneyPatternRef ref="VTR:StopPointInJourneyPattern:1164243" version="57861"/>
                  <DepartureTime>06:18:00</DepartureTime>
                  <DepartureDayOffset>0</DepartureDayOffset>
                </TimetabledPassingTime>
                <TimetabledPassingTime version="57861" id="VTR:TimetabledPassingTime:57803_1164244_4">
                  <StopPointInJourneyPatternRef ref="VTR:StopPointInJourneyPattern:1164244" version="57861"/>
                  <DepartureTime>06:20:00</DepartureTime>
                  <DepartureDayOffset>0</DepartureDayOffset>
                </TimetabledPassingTime>
                <TimetabledPassingTime version="57861" id="VTR:TimetabledPassingTime:57803_1164245_5">
                  <StopPointInJourneyPatternRef ref="VTR:StopPointInJourneyPattern:1164245" version="57861"/>
                  <DepartureTime>06:21:00</DepartureTime>
                  <DepartureDayOffset>0</DepartureDayOffset>
                </TimetabledPassingTime>
                <TimetabledPassingTime version="57861" id="VTR:TimetabledPassingTime:57803_1164246_6">
                  <StopPointInJourneyPatternRef ref="VTR:StopPointInJourneyPattern:1164246" version="57861"/>
                  <DepartureTime>06:25:00</DepartureTime>
                  <DepartureDayOffset>0</DepartureDayOffset>
                </TimetabledPassingTime>
                <TimetabledPassingTime version="57861" id="VTR:TimetabledPassingTime:57803_1164247_7">
                  <StopPointInJourneyPatternRef ref="VTR:StopPointInJourneyPattern:1164247" version="57861"/>
                  <DepartureTime>06:29:00</DepartureTime>
                  <DepartureDayOffset>0</DepartureDayOffset>
                </TimetabledPassingTime>
                <TimetabledPassingTime version="57861" id="VTR:TimetabledPassingTime:57803_1164248_8">
                  <StopPointInJourneyPatternRef ref="VTR:StopPointInJourneyPattern:1164248" version="57861"/>
                  <DepartureTime>06:33:00</DepartureTime>
                  <DepartureDayOffset>0</DepartureDayOffset>
                </TimetabledPassingTime>
                <TimetabledPassingTime version="57861" id="VTR:TimetabledPassingTime:57803_1164249_9">
                  <StopPointInJourneyPatternRef ref="VTR:StopPointInJourneyPattern:1164249" version="57861"/>
                  <DepartureTime>06:57:00</DepartureTime>
                  <DepartureDayOffset>0</DepartureDayOffset>
                </TimetabledPassingTime>
                <TimetabledPassingTime version="57861" id="VTR:TimetabledPassingTime:57803_1164250_10">
                  <StopPointInJourneyPatternRef ref="VTR:StopPointInJourneyPattern:1164250" version="57861"/>
                  <DepartureTime>07:01:00</DepartureTime>
                  <DepartureDayOffset>0</DepartureDayOffset>
                </TimetabledPassingTime>
                <TimetabledPassingTime version="57861" id="VTR:TimetabledPassingTime:57803_1164251_11">
                  <StopPointInJourneyPatternRef ref="VTR:StopPointInJourneyPattern:1164251" version="57861"/>
                  <DepartureTime>07:04:00</DepartureTime>
                  <DepartureDayOffset>0</DepartureDayOffset>
                </TimetabledPassingTime>
                <TimetabledPassingTime version="57861" id="VTR:TimetabledPassingTime:57803_1164252_12">
                  <StopPointInJourneyPatternRef ref="VTR:StopPointInJourneyPattern:1164252" version="57861"/>
                  <DepartureTime>07:08:00</DepartureTime>
                  <DepartureDayOffset>0</DepartureDayOffset>
                </TimetabledPassingTime>
                <TimetabledPassingTime version="57861" id="VTR:TimetabledPassingTime:57803_1164253_13">
                  <StopPointInJourneyPatternRef ref="VTR:StopPointInJourneyPattern:1164253" version="57861"/>
                  <DepartureTime>07:13:00</DepartureTime>
                  <DepartureDayOffset>0</DepartureDayOffset>
                </TimetabledPassingTime>
                <TimetabledPassingTime version="57861" id="VTR:TimetabledPassingTime:57803_1164254_14">
                  <StopPointInJourneyPatternRef ref="VTR:StopPointInJourneyPattern:1164254" version="57861"/>
                  <DepartureTime>07:18:00</DepartureTime>
                  <DepartureDayOffset>0</DepartureDayOffset>
                </TimetabledPassingTime>
                <TimetabledPassingTime version="57861" id="VTR:TimetabledPassingTime:57803_1164255_15">
                  <StopPointInJourneyPatternRef ref="VTR:StopPointInJourneyPattern:1164255" version="57861"/>
                  <DepartureTime>07:23:00</DepartureTime>
                  <DepartureDayOffset>0</DepartureDayOffset>
                </TimetabledPassingTime>
                <TimetabledPassingTime version="57861" id="VTR:TimetabledPassingTime:57803_1164256_16">
                  <StopPointInJourneyPatternRef ref="VTR:StopPointInJourneyPattern:1164256" version="57861"/>
                  <DepartureTime>07:25:00</DepartureTime>
                  <DepartureDayOffset>0</DepartureDayOffset>
                </TimetabledPassingTime>
                <TimetabledPassingTime version="57861" id="VTR:TimetabledPassingTime:57803_1164257_17">
                  <StopPointInJourneyPatternRef ref="VTR:StopPointInJourneyPattern:1164257" version="57861"/>
                  <DepartureTime>07:27:00</DepartureTime>
                  <DepartureDayOffset>0</DepartureDayOffset>
                </TimetabledPassingTime>
                <TimetabledPassingTime version="57861" id="VTR:TimetabledPassingTime:57803_1164258_18">
                  <StopPointInJourneyPatternRef ref="VTR:StopPointInJourneyPattern:1164258" version="57861"/>
                  <DepartureTime>07:29:00</DepartureTime>
                  <DepartureDayOffset>0</DepartureDayOffset>
                </TimetabledPassingTime>
                <TimetabledPassingTime version="57861" id="VTR:TimetabledPassingTime:57803_1164259_19">
                  <StopPointInJourneyPatternRef ref="VTR:StopPointInJourneyPattern:1164259" version="57861"/>
                  <DepartureTime>07:34:00</DepartureTime>
                  <DepartureDayOffset>0</DepartureDayOffset>
                </TimetabledPassingTime>
                <TimetabledPassingTime version="57861" id="VTR:TimetabledPassingTime:57803_1164260_20">
                  <StopPointInJourneyPatternRef ref="VTR:StopPointInJourneyPattern:1164260" version="57861"/>
                  <DepartureTime>07:38:00</DepartureTime>
                  <DepartureDayOffset>0</DepartureDayOffset>
                </TimetabledPassingTime>
                <TimetabledPassingTime version="57861" id="VTR:TimetabledPassingTime:57803_1164261_21">
                  <StopPointInJourneyPatternRef ref="VTR:StopPointInJourneyPattern:1164261" version="57861"/>
                  <DepartureTime>07:39:00</DepartureTime>
                  <DepartureDayOffset>0</DepartureDayOffset>
                </TimetabledPassingTime>
                <TimetabledPassingTime version="57861" id="VTR:TimetabledPassingTime:57803_1164262_22">
                  <StopPointInJourneyPatternRef ref="VTR:StopPointInJourneyPattern:1164262" version="57861"/>
                  <DepartureTime>07:40:00</DepartureTime>
                  <DepartureDayOffset>0</DepartureDayOffset>
                </TimetabledPassingTime>
                <TimetabledPassingTime version="57861" id="VTR:TimetabledPassingTime:57803_1164263_23">
                  <StopPointInJourneyPatternRef ref="VTR:StopPointInJourneyPattern:1164263" version="57861"/>
                  <DepartureTime>07:41:00</DepartureTime>
                  <DepartureDayOffset>0</DepartureDayOffset>
                </TimetabledPassingTime>
                <TimetabledPassingTime version="57861" id="VTR:TimetabledPassingTime:57803_1164264_24">
                  <StopPointInJourneyPatternRef ref="VTR:StopPointInJourneyPattern:1164264" version="57861"/>
                  <DepartureTime>07:42:00</DepartureTime>
                  <DepartureDayOffset>0</DepartureDayOffset>
                </TimetabledPassingTime>
                <TimetabledPassingTime version="57861" id="VTR:TimetabledPassingTime:57803_1164265_25">
                  <StopPointInJourneyPatternRef ref="VTR:StopPointInJourneyPattern:1164265" version="57861"/>
                  <DepartureTime>07:43:00</DepartureTime>
                  <DepartureDayOffset>0</DepartureDayOffset>
                </TimetabledPassingTime>
                <TimetabledPassingTime version="57861" id="VTR:TimetabledPassingTime:57803_1164266_26">
                  <StopPointInJourneyPatternRef ref="VTR:StopPointInJourneyPattern:1164266" version="57861"/>
                  <DepartureTime>07:44:00</DepartureTime>
                  <DepartureDayOffset>0</DepartureDayOffset>
                </TimetabledPassingTime>
                <TimetabledPassingTime version="57861" id="VTR:TimetabledPassingTime:57803_1164267_27">
                  <StopPointInJourneyPatternRef ref="VTR:StopPointInJourneyPattern:1164267" version="57861"/>
                  <DepartureTime>07:45:00</DepartureTime>
                  <DepartureDayOffset>0</DepartureDayOffset>
                </TimetabledPassingTime>
                <TimetabledPassingTime version="57861" id="VTR:TimetabledPassingTime:57803_1164268_28">
                  <StopPointInJourneyPatternRef ref="VTR:StopPointInJourneyPattern:1164268" version="57861"/>
                  <DepartureTime>07:50:00</DepartureTime>
                  <DepartureDayOffset>0</DepartureDayOffset>
                </TimetabledPassingTime>
              </passingTimes>
            </ServiceJourney>
          </vehicleJourneys>
        </TimetableFrame>
        <ResourceFrame version="1" id="VTR:ResourceFrame:1381">
          <organisations>
            <Authority version="1" id="VTR:Authority:13">
              <CompanyNumber>49</CompanyNumber>
              <Name>Kaišiadorių r. sav.</Name>
              <LegalName>Kaišiadorių r. sav.</LegalName>
              <ContactDetails>
                <Email>meras@kaisiadorys.lt</Email>
                <Phone>834620480</Phone>
                <Url>www.kaisiadorys.lt</Url>
              </ContactDetails>
              <OrganisationType>authority</OrganisationType>
            </Authority>
          </organisations>
        </ResourceFrame>
        <FareFrame id="VTR:FareFrame:2851" version="1">
          <FrameDefaults>
            <DefaultCurrency>EUR</DefaultCurrency>
          </FrameDefaults>
          <fareStructureElements>
            <FareStructureElement id="VTR:FareStructureElement:pricematrix" version="1">
              <distanceMatrixElements>
                <DistanceMatrixElementRef ref="VTR:DistanceMatrixElement:1164251to1164268" version="1"/>
                <DistanceMatrixElementRef ref="VTR:DistanceMatrixElement:1164263to1164268" version="1"/>
                <DistanceMatrixElementRef ref="VTR:DistanceMatrixElement:1164266to1164268" version="1"/>
                <DistanceMatrixElementRef ref="VTR:DistanceMatrixElement:1164265to1164268" version="1"/>
                <DistanceMatrixElementRef ref="VTR:DistanceMatrixElement:1164261to1164268" version="1"/>
                <DistanceMatrixElementRef ref="VTR:DistanceMatrixElement:1164247to1164268" version="1"/>
              </distanceMatrixElements>
            </FareStructureElement>
          </fareStructureElements>
          <tariffs>
            <Tariff id="VTR:Tariff:pointToPointInSeparateJourney_2851" version="1">
              <Name>Point to point tariff</Name>
              <distanceMatrixElements>
                <DistanceMatrixElement id="VTR:DistanceMatrixElement:1164251to1164268" version="1">
                  <Name>Ginteikiškės to Kaišiadorių Autobusų stotis</Name>
                  <StartStopPointRef ref="VTR:ScheduledStopPoint:124280" version="1"/>
                  <EndStopPointRef ref="VTR:ScheduledStopPoint:124309" version="1"/>
                  <prices>
                    <DistanceMatrixElementPrice id="VTR:DistanceMatrixElementPrice:1164251to1164268" version="1">
                      <Amount>2.15</Amount>
                      <DistanceMatrixElementRef ref="VTR:DistanceMatrixElement:1164251to1164268" version="1"/>
                    </DistanceMatrixElementPrice>
                  </prices>
                </DistanceMatrixElement>
                <DistanceMatrixElement id="VTR:DistanceMatrixElement:1164263to1164268" version="1">
                  <Name>Prekybos centras to Kaišiadorių Autobusų stotis</Name>
                  <StartStopPointRef ref="VTR:ScheduledStopPoint:124302" version="1"/>
                  <EndStopPointRef ref="VTR:ScheduledStopPoint:124309" version="1"/>
                  <prices>
                    <DistanceMatrixElementPrice id="VTR:DistanceMatrixElementPrice:1164263to1164268" version="1">
                      <Amount>0.41</Amount>
                      <DistanceMatrixElementRef ref="VTR:DistanceMatrixElement:1164263to1164268" version="1"/>
                    </DistanceMatrixElementPrice>
                  </prices>
                </DistanceMatrixElement>
                <DistanceMatrixElement id="VTR:DistanceMatrixElement:1164266to1164268" version="1">
                  <Name>Pėsčiųjų tiltas to Kaišiadorių Autobusų stotis</Name>
                  <StartStopPointRef ref="VTR:ScheduledStopPoint:124305" version="1"/>
                  <EndStopPointRef ref="VTR:ScheduledStopPoint:124309" version="1"/>
                  <prices>
                    <DistanceMatrixElementPrice id="VTR:DistanceMatrixElementPrice:1164266to1164268" version="1">
                      <Amount>0.41</Amount>
                      <DistanceMatrixElementRef ref="VTR:DistanceMatrixElement:1164266to1164268" version="1"/>
                    </DistanceMatrixElementPrice>
                  </prices>
                </DistanceMatrixElement>
                <DistanceMatrixElement id="VTR:DistanceMatrixElement:1164265to1164268" version="1">
                  <Name>Centras to Kaišiadorių Autobusų stotis</Name>
                  <StartStopPointRef ref="VTR:ScheduledStopPoint:124304" version="1"/>
                  <EndStopPointRef ref="VTR:ScheduledStopPoint:124309" version="1"/>
                  <prices>
                    <DistanceMatrixElementPrice id="VTR:DistanceMatrixElementPrice:1164265to1164268" version="1">
                      <Amount>0.41</Amount>
                      <DistanceMatrixElementRef ref="VTR:DistanceMatrixElement:1164265to1164268" version="1"/>
                    </DistanceMatrixElementPrice>
                  </prices>
                </DistanceMatrixElement>
                <DistanceMatrixElement id="VTR:DistanceMatrixElement:1164261to1164268" version="1">
                  <Name>Ligoninė to Kaišiadorių Autobusų stotis</Name>
                  <StartStopPointRef ref="VTR:ScheduledStopPoint:124300" version="1"/>
                  <EndStopPointRef ref="VTR:ScheduledStopPoint:124309" version="1"/>
                  <prices>
                    <DistanceMatrixElementPrice id="VTR:DistanceMatrixElementPrice:1164261to1164268" version="1">
                      <Amount>0.41</Amount>
                      <DistanceMatrixElementRef ref="VTR:DistanceMatrixElement:1164261to1164268" version="1"/>
                    </DistanceMatrixElementPrice>
                  </prices>
                </DistanceMatrixElement>
                <DistanceMatrixElement id="VTR:DistanceMatrixElement:1164247to1164268" version="1">
                  <Name>Dijokiškės to Kaišiadorių Autobusų stotis</Name>
                  <StartStopPointRef ref="VTR:ScheduledStopPoint:124276" version="1"/>
                  <EndStopPointRef ref="VTR:ScheduledStopPoint:124309" version="1"/>
                  <prices>
                    <DistanceMatrixElementPrice id="VTR:DistanceMatrixElementPrice:1164247to1164268" version="1">
                      <Amount>2.92</Amount>
                      <DistanceMatrixElementRef ref="VTR:DistanceMatrixElement:1164247to1164268" version="1"/>
                    </DistanceMatrixElementPrice>
                  </prices>
                </DistanceMatrixElement>
              </distanceMatrixElements>
            </Tariff>
          </tariffs>
          <usageParameters>
            <FrequencyOfUse id="VTR:FrequencyOfUse:oneTrip" version="1">
              <FrequencyOfUseType>unlimited</FrequencyOfUseType>
              <MaximalFrequency>1</MaximalFrequency>
            </FrequencyOfUse>
          </usageParameters>
        </FareFrame>
      </frames>
    </CompositeFrame>
  </dataObjects>
</PublicationDelivery>
