<?xml version="1.0" encoding="UTF-8"?><PublicationDelivery xmlns="http://www.netex.org.uk/netex" xmlns:gis="http://www.opengis.net/gml/3.2" xmlns:ns2="http://www.opengis.net/gml/3.2" xmlns:ns3="http://www.siri.org.uk/siri" xmlns:xsi="http://www.w3.org/2001/XMLSchema-instance" version="1" xsi:schemaLocation="">
  <PublicationTimestamp>2022-05-07T03:25:00.575</PublicationTimestamp>
  <ParticipantRef>VTR</ParticipantRef>
  <Description>1</Description>
  <dataObjects>
    <CompositeFrame created="2022-05-07T03:25:00.575" version="1" id="VTR:CompositeFrame:1381">
      <validityConditions>
        <AvailabilityCondition version="1" id="VTR:AvailabilityCondition:1381">
          <FromDate>2015-10-29T16:44:09</FromDate>
          <ToDate>2027-12-30T00:00:00</ToDate>
        </AvailabilityCondition>
      </validityConditions>
      <codespaces>
        <Codespace id="vtr">
          <Xmlns>VTR</Xmlns>
          <XmlnsUrl>http://www.visimarsrutai.lt/</XmlnsUrl>
        </Codespace>
      </codespaces>
      <FrameDefaults>
        <DefaultLocale>
          <TimeZone>Europe/Vilnius</TimeZone>
        </DefaultLocale>
        <DefaultLocationSystem>WGS84</DefaultLocationSystem>
      </FrameDefaults>
      <frames>
        <ServiceCalendarFrame version="1" id="VTR:ServiceCalendarFrame:1381">
          <dayTypes>
            <DayType id="VTR:DayType:2739" version="1">
              <properties>
                <PropertyOfDay>
                  <DaysOfWeek>Monday Tuesday Wednesday Thursday Friday</DaysOfWeek>
                </PropertyOfDay>
              </properties>
            </DayType>
          </dayTypes>
          <operatingPeriods>
            <OperatingPeriod version="1" id="VTR:OperatingPeriod:2739">
              <FromDate>2015-09-01T00:00:00</FromDate>
              <ToDate>2016-06-03T00:00:00</ToDate>
            </OperatingPeriod>
          </operatingPeriods>
          <dayTypeAssignments>
            <DayTypeAssignment id="VTR:DayTypeAssignment:2739_0" version="1" order="2167">
              <OperatingPeriodRef ref="VTR:OperatingPeriod:2739" version="1"/>
              <DayTypeRef ref="VTR:DayType:2739" version="1"/>
            </DayTypeAssignment>
          </dayTypeAssignments>
        </ServiceCalendarFrame>
        <ServiceFrame id="VTR:ServiceFrame:1381" version="1">
          <Network version="0" id="VTR:Network:13"/>
          <routePoints>
            <RoutePoint version="1" id="VTR:RoutePoint:119521">
              <projections>
                <PointProjection version="1" id="VTR:PointProjection:35333">
                  <ProjectedPointRef ref="VTR:ScheduledStopPoint:119521" version="1"/>
                </PointProjection>
              </projections>
            </RoutePoint>
            <RoutePoint version="1" id="VTR:RoutePoint:119522">
              <projections>
                <PointProjection version="1" id="VTR:PointProjection:35334">
                  <ProjectedPointRef ref="VTR:ScheduledStopPoint:119522" version="1"/>
                </PointProjection>
              </projections>
            </RoutePoint>
            <RoutePoint version="1" id="VTR:RoutePoint:119523">
              <projections>
                <PointProjection version="1" id="VTR:PointProjection:35335">
                  <ProjectedPointRef ref="VTR:ScheduledStopPoint:119523" version="1"/>
                </PointProjection>
              </projections>
            </RoutePoint>
            <RoutePoint version="1" id="VTR:RoutePoint:119524">
              <projections>
                <PointProjection version="1" id="VTR:PointProjection:35336">
                  <ProjectedPointRef ref="VTR:ScheduledStopPoint:119524" version="1"/>
                </PointProjection>
              </projections>
            </RoutePoint>
            <RoutePoint version="1" id="VTR:RoutePoint:119525">
              <projections>
                <PointProjection version="1" id="VTR:PointProjection:35337">
                  <ProjectedPointRef ref="VTR:ScheduledStopPoint:119525" version="1"/>
                </PointProjection>
              </projections>
            </RoutePoint>
            <RoutePoint version="1" id="VTR:RoutePoint:119529">
              <projections>
                <PointProjection version="1" id="VTR:PointProjection:35338">
                  <ProjectedPointRef ref="VTR:ScheduledStopPoint:119529" version="1"/>
                </PointProjection>
              </projections>
            </RoutePoint>
            <RoutePoint version="1" id="VTR:RoutePoint:119531">
              <projections>
                <PointProjection version="1" id="VTR:PointProjection:35623">
                  <ProjectedPointRef ref="VTR:ScheduledStopPoint:119531" version="1"/>
                </PointProjection>
              </projections>
            </RoutePoint>
            <RoutePoint version="1" id="VTR:RoutePoint:119533">
              <projections>
                <PointProjection version="1" id="VTR:PointProjection:35624">
                  <ProjectedPointRef ref="VTR:ScheduledStopPoint:119533" version="1"/>
                </PointProjection>
              </projections>
            </RoutePoint>
          </routePoints>
          <routes>
            <Route version="1" id="VTR:Route:7105">
              <Name>Kaišiadorys-Melioratorių gyv. per ligoninę</Name>
              <ShortName>Kaišiadorys-Melioratorių gyv. per ligoninę</ShortName>
              <LineRef ref="VTR:Line:2736" version="2785"/>
              <DirectionType>outbound</DirectionType>
              <pointsInSequence>
                <PointOnRoute version="1" id="VTR:PointOnRoute:119521" order="1">
                  <RoutePointRef ref="VTR:RoutePoint:119521"/>
                </PointOnRoute>
                <PointOnRoute version="1" id="VTR:PointOnRoute:119522" order="2">
                  <RoutePointRef ref="VTR:RoutePoint:119522"/>
                </PointOnRoute>
                <PointOnRoute version="1" id="VTR:PointOnRoute:119523" order="3">
                  <RoutePointRef ref="VTR:RoutePoint:119523"/>
                </PointOnRoute>
                <PointOnRoute version="1" id="VTR:PointOnRoute:119524" order="4">
                  <RoutePointRef ref="VTR:RoutePoint:119524"/>
                </PointOnRoute>
                <PointOnRoute version="1" id="VTR:PointOnRoute:119525" order="5">
                  <RoutePointRef ref="VTR:RoutePoint:119525"/>
                </PointOnRoute>
                <PointOnRoute version="1" id="VTR:PointOnRoute:119529" order="6">
                  <RoutePointRef ref="VTR:RoutePoint:119529"/>
                </PointOnRoute>
                <PointOnRoute version="1" id="VTR:PointOnRoute:119531" order="7">
                  <RoutePointRef ref="VTR:RoutePoint:119531"/>
                </PointOnRoute>
                <PointOnRoute version="1" id="VTR:PointOnRoute:119533" order="8">
                  <RoutePointRef ref="VTR:RoutePoint:119533"/>
                </PointOnRoute>
              </pointsInSequence>
            </Route>
          </routes>
          <lines>
            <Line version="2785" id="VTR:Line:2736">
              <Name>Kaišiadorys-Melioratorių gyv. per ligoninę</Name>
              <TransportMode>bus</TransportMode>
              <TransportSubmode>
                <BusSubmode>regionalBus</BusSubmode>
              </TransportSubmode>
              <PublicCode>1-4</PublicCode>
              <OperatorRef ref="VTR:Operator:13"/>
            </Line>
          </lines>
          <scheduledStopPoints>
            <ScheduledStopPoint version="1" id="VTR:ScheduledStopPoint:119521">
              <Name>Kaišiadorių Autobusų stotis</Name>
            </ScheduledStopPoint>
            <ScheduledStopPoint version="1" id="VTR:ScheduledStopPoint:119522">
              <Name>Autoservisas</Name>
            </ScheduledStopPoint>
            <ScheduledStopPoint version="1" id="VTR:ScheduledStopPoint:119523">
              <Name>Ligoninė</Name>
            </ScheduledStopPoint>
            <ScheduledStopPoint version="1" id="VTR:ScheduledStopPoint:119524">
              <Name>Šebnica</Name>
            </ScheduledStopPoint>
            <ScheduledStopPoint version="1" id="VTR:ScheduledStopPoint:119525">
              <Name>Karantinis m</Name>
            </ScheduledStopPoint>
            <ScheduledStopPoint version="1" id="VTR:ScheduledStopPoint:119529">
              <Name>Žiežmarių Kr.</Name>
            </ScheduledStopPoint>
            <ScheduledStopPoint version="1" id="VTR:ScheduledStopPoint:119531">
              <Name>Žiežmariai</Name>
            </ScheduledStopPoint>
            <ScheduledStopPoint version="1" id="VTR:ScheduledStopPoint:119533">
              <Name>Melioratorių gyv.</Name>
            </ScheduledStopPoint>
          </scheduledStopPoints>
          <serviceLinks>
            <ServiceLink id="VTR:ServiceLink:119522_1_119523_1" version="1">
              <Distance>0</Distance>
              <FromPointRef ref="VTR:ScheduledStopPoint:119522" version="1"/>
              <ToPointRef ref="VTR:ScheduledStopPoint:119523" version="1"/>
            </ServiceLink>
            <ServiceLink id="VTR:ServiceLink:119524_1_119525_1" version="1">
              <Distance>1</Distance>
              <FromPointRef ref="VTR:ScheduledStopPoint:119524" version="1"/>
              <ToPointRef ref="VTR:ScheduledStopPoint:119525" version="1"/>
            </ServiceLink>
            <ServiceLink id="VTR:ServiceLink:119523_1_119524_1" version="1">
              <Distance>1</Distance>
              <FromPointRef ref="VTR:ScheduledStopPoint:119523" version="1"/>
              <ToPointRef ref="VTR:ScheduledStopPoint:119524" version="1"/>
            </ServiceLink>
            <ServiceLink id="VTR:ServiceLink:119521_1_119522_1" version="1">
              <Distance>0</Distance>
              <FromPointRef ref="VTR:ScheduledStopPoint:119521" version="1"/>
              <ToPointRef ref="VTR:ScheduledStopPoint:119522" version="1"/>
            </ServiceLink>
          </serviceLinks>
          <stopAssignments>
            <PassengerStopAssignment order="710500000" id="VTR:PassengerStopAssignment:119521" version="1">
              <ScheduledStopPointRef ref="VTR:ScheduledStopPoint:119521" version="1"/>
              <QuayRef ref="VTR:Quay:23769"/>
            </PassengerStopAssignment>
            <PassengerStopAssignment order="710500001" id="VTR:PassengerStopAssignment:119522" version="1">
              <ScheduledStopPointRef ref="VTR:ScheduledStopPoint:119522" version="1"/>
              <QuayRef ref="VTR:Quay:12792"/>
            </PassengerStopAssignment>
            <PassengerStopAssignment order="710500002" id="VTR:PassengerStopAssignment:119523" version="1">
              <ScheduledStopPointRef ref="VTR:ScheduledStopPoint:119523" version="1"/>
              <QuayRef ref="VTR:Quay:24215"/>
            </PassengerStopAssignment>
            <PassengerStopAssignment order="710500003" id="VTR:PassengerStopAssignment:119524" version="1">
              <ScheduledStopPointRef ref="VTR:ScheduledStopPoint:119524" version="1"/>
              <QuayRef ref="VTR:Quay:12755"/>
            </PassengerStopAssignment>
            <PassengerStopAssignment order="710500004" id="VTR:PassengerStopAssignment:119525" version="1">
              <ScheduledStopPointRef ref="VTR:ScheduledStopPoint:119525" version="1"/>
              <QuayRef ref="VTR:Quay:9743"/>
            </PassengerStopAssignment>
            <PassengerStopAssignment order="710500008" id="VTR:PassengerStopAssignment:119529" version="1">
              <ScheduledStopPointRef ref="VTR:ScheduledStopPoint:119529" version="1"/>
              <QuayRef ref="VTR:Quay:23770"/>
            </PassengerStopAssignment>
            <PassengerStopAssignment order="710500010" id="VTR:PassengerStopAssignment:119531" version="1">
              <ScheduledStopPointRef ref="VTR:ScheduledStopPoint:119531" version="1"/>
              <QuayRef ref="VTR:Quay:13918"/>
            </PassengerStopAssignment>
            <PassengerStopAssignment order="710500012" id="VTR:PassengerStopAssignment:119533" version="1">
              <ScheduledStopPointRef ref="VTR:ScheduledStopPoint:119533" version="1"/>
              <QuayRef ref="VTR:Quay:13911"/>
            </PassengerStopAssignment>
          </stopAssignments>
          <journeyPatterns>
            <JourneyPattern id="VTR:JourneyPattern:57072" version="57119">
              <Name>19</Name>
              <RouteRef ref="VTR:Route:7105" version="1"/>
              <pointsInSequence>
                <StopPointInJourneyPattern id="VTR:StopPointInJourneyPattern:1151927" version="57119" order="1">
                  <ScheduledStopPointRef ref="VTR:ScheduledStopPoint:119521"/>
                  <DestinationDisplayRef ref="VTR:DestinationDisplay:1"/>
                </StopPointInJourneyPattern>
                <StopPointInJourneyPattern id="VTR:StopPointInJourneyPattern:1151928" version="57119" order="2">
                  <ScheduledStopPointRef ref="VTR:ScheduledStopPoint:119522"/>
                  <DestinationDisplayRef ref="VTR:DestinationDisplay:1"/>
                </StopPointInJourneyPattern>
                <StopPointInJourneyPattern id="VTR:StopPointInJourneyPattern:1151929" version="57119" order="3">
                  <ScheduledStopPointRef ref="VTR:ScheduledStopPoint:119523"/>
                  <DestinationDisplayRef ref="VTR:DestinationDisplay:1"/>
                </StopPointInJourneyPattern>
                <StopPointInJourneyPattern id="VTR:StopPointInJourneyPattern:1151930" version="57119" order="4">
                  <ScheduledStopPointRef ref="VTR:ScheduledStopPoint:119524"/>
                  <DestinationDisplayRef ref="VTR:DestinationDisplay:1"/>
                </StopPointInJourneyPattern>
                <StopPointInJourneyPattern id="VTR:StopPointInJourneyPattern:1151931" version="57119" order="5">
                  <ScheduledStopPointRef ref="VTR:ScheduledStopPoint:119525"/>
                  <DestinationDisplayRef ref="VTR:DestinationDisplay:1"/>
                </StopPointInJourneyPattern>
                <StopPointInJourneyPattern id="VTR:StopPointInJourneyPattern:1151932" version="57119" order="6">
                  <ScheduledStopPointRef ref="VTR:ScheduledStopPoint:119529"/>
                  <DestinationDisplayRef ref="VTR:DestinationDisplay:1"/>
                </StopPointInJourneyPattern>
                <StopPointInJourneyPattern id="VTR:StopPointInJourneyPattern:1151933" version="57119" order="7">
                  <ScheduledStopPointRef ref="VTR:ScheduledStopPoint:119531"/>
                  <DestinationDisplayRef ref="VTR:DestinationDisplay:1"/>
                </StopPointInJourneyPattern>
                <StopPointInJourneyPattern id="VTR:StopPointInJourneyPattern:1151934" version="57119" order="8">
                  <ScheduledStopPointRef ref="VTR:ScheduledStopPoint:119533"/>
                  <DestinationDisplayRef ref="VTR:DestinationDisplay:1"/>
                </StopPointInJourneyPattern>
              </pointsInSequence>
            </JourneyPattern>
          </journeyPatterns>
        </ServiceFrame>
        <TimetableFrame version="1" id="VTR:TimetableFrame:1381">
          <vehicleJourneys>
            <ServiceJourney version="57119" id="VTR:ServiceJourney:57072">
              <Name>Kaišiadorys-Melioratorių gyv. per ligoninę</Name>
              <PrivateCode>19</PrivateCode>
              <dayTypes>
                <DayTypeRef ref="VTR:DayType:2739"/>
              </dayTypes>
              <JourneyPatternRef version="57119" ref="VTR:JourneyPattern:57072"/>
              <OperatorRef ref="VTR:Operator:"/>
              <LineRef ref="VTR:Line:2736" version="2785"/>
              <passingTimes>
                <TimetabledPassingTime version="57119" id="VTR:TimetabledPassingTime:57072_1151927_1">
                  <StopPointInJourneyPatternRef ref="VTR:StopPointInJourneyPattern:1151927" version="57119"/>
                  <DepartureTime>08:10:00</DepartureTime>
                  <DepartureDayOffset>0</DepartureDayOffset>
                </TimetabledPassingTime>
                <TimetabledPassingTime version="57119" id="VTR:TimetabledPassingTime:57072_1151928_2">
                  <StopPointInJourneyPatternRef ref="VTR:StopPointInJourneyPattern:1151928" version="57119"/>
                  <DepartureTime>08:12:00</DepartureTime>
                  <DepartureDayOffset>0</DepartureDayOffset>
                </TimetabledPassingTime>
                <TimetabledPassingTime version="57119" id="VTR:TimetabledPassingTime:57072_1151929_3">
                  <StopPointInJourneyPatternRef ref="VTR:StopPointInJourneyPattern:1151929" version="57119"/>
                  <DepartureTime>08:15:00</DepartureTime>
                  <DepartureDayOffset>0</DepartureDayOffset>
                </TimetabledPassingTime>
                <TimetabledPassingTime version="57119" id="VTR:TimetabledPassingTime:57072_1151930_4">
                  <StopPointInJourneyPatternRef ref="VTR:StopPointInJourneyPattern:1151930" version="57119"/>
                  <DepartureTime>08:18:00</DepartureTime>
                  <DepartureDayOffset>0</DepartureDayOffset>
                </TimetabledPassingTime>
                <TimetabledPassingTime version="57119" id="VTR:TimetabledPassingTime:57072_1151931_5">
                  <StopPointInJourneyPatternRef ref="VTR:StopPointInJourneyPattern:1151931" version="57119"/>
                  <DepartureTime>08:20:00</DepartureTime>
                  <DepartureDayOffset>0</DepartureDayOffset>
                </TimetabledPassingTime>
                <TimetabledPassingTime version="57119" id="VTR:TimetabledPassingTime:57072_1151932_6">
                  <StopPointInJourneyPatternRef ref="VTR:StopPointInJourneyPattern:1151932" version="57119"/>
                  <DepartureTime>08:26:00</DepartureTime>
                  <DepartureDayOffset>0</DepartureDayOffset>
                </TimetabledPassingTime>
                <TimetabledPassingTime version="57119" id="VTR:TimetabledPassingTime:57072_1151933_7">
                  <StopPointInJourneyPatternRef ref="VTR:StopPointInJourneyPattern:1151933" version="57119"/>
                  <DepartureTime>08:28:00</DepartureTime>
                  <DepartureDayOffset>0</DepartureDayOffset>
                </TimetabledPassingTime>
                <TimetabledPassingTime version="57119" id="VTR:TimetabledPassingTime:57072_1151934_8">
                  <StopPointInJourneyPatternRef ref="VTR:StopPointInJourneyPattern:1151934" version="57119"/>
                  <DepartureTime>08:30:00</DepartureTime>
                  <DepartureDayOffset>0</DepartureDayOffset>
                </TimetabledPassingTime>
              </passingTimes>
            </ServiceJourney>
          </vehicleJourneys>
        </TimetableFrame>
        <ResourceFrame version="1" id="VTR:ResourceFrame:1381">
          <organisations>
            <Authority version="1" id="VTR:Authority:13">
              <CompanyNumber>49</CompanyNumber>
              <Name>Kaišiadorių r. sav.</Name>
              <LegalName>Kaišiadorių r. sav.</LegalName>
              <ContactDetails>
                <Email>meras@kaisiadorys.lt</Email>
                <Phone>834620480</Phone>
                <Url>www.kaisiadorys.lt</Url>
              </ContactDetails>
              <OrganisationType>authority</OrganisationType>
            </Authority>
          </organisations>
        </ResourceFrame>
        <FareFrame id="VTR:FareFrame:2736" version="1">
          <FrameDefaults>
            <DefaultCurrency>EUR</DefaultCurrency>
          </FrameDefaults>
          <fareStructureElements>
            <FareStructureElement id="VTR:FareStructureElement:pricematrix" version="1">
              <distanceMatrixElements>
                <DistanceMatrixElementRef ref="VTR:DistanceMatrixElement:1151927to1151929" version="1"/>
              </distanceMatrixElements>
            </FareStructureElement>
          </fareStructureElements>
          <tariffs>
            <Tariff id="VTR:Tariff:pointToPointInSeparateJourney_2736" version="1">
              <Name>Point to point tariff</Name>
              <distanceMatrixElements>
                <DistanceMatrixElement id="VTR:DistanceMatrixElement:1151927to1151929" version="1">
                  <Name>Kaišiadorių Autobusų stotis to Ligoninė</Name>
                  <StartStopPointRef ref="VTR:ScheduledStopPoint:119521" version="1"/>
                  <EndStopPointRef ref="VTR:ScheduledStopPoint:119523" version="1"/>
                  <prices>
                    <DistanceMatrixElementPrice id="VTR:DistanceMatrixElementPrice:1151927to1151929" version="1">
                      <Amount>0.41</Amount>
                      <DistanceMatrixElementRef ref="VTR:DistanceMatrixElement:1151927to1151929" version="1"/>
                    </DistanceMatrixElementPrice>
                  </prices>
                </DistanceMatrixElement>
              </distanceMatrixElements>
            </Tariff>
          </tariffs>
          <usageParameters>
            <FrequencyOfUse id="VTR:FrequencyOfUse:oneTrip" version="1">
              <FrequencyOfUseType>unlimited</FrequencyOfUseType>
              <MaximalFrequency>1</MaximalFrequency>
            </FrequencyOfUse>
          </usageParameters>
        </FareFrame>
      </frames>
    </CompositeFrame>
  </dataObjects>
</PublicationDelivery>
