<?xml version="1.0" encoding="UTF-8"?><PublicationDelivery xmlns="http://www.netex.org.uk/netex" xmlns:gis="http://www.opengis.net/gml/3.2" xmlns:ns2="http://www.opengis.net/gml/3.2" xmlns:ns3="http://www.siri.org.uk/siri" xmlns:xsi="http://www.w3.org/2001/XMLSchema-instance" version="1" xsi:schemaLocation="">
  <PublicationTimestamp>2022-05-07T03:25:00.575</PublicationTimestamp>
  <ParticipantRef>VTR</ParticipantRef>
  <Description>1</Description>
  <dataObjects>
    <CompositeFrame created="2022-05-07T03:25:00.575" version="1" id="VTR:CompositeFrame:1381">
      <validityConditions>
        <AvailabilityCondition version="1" id="VTR:AvailabilityCondition:1381">
          <FromDate>2015-11-17T12:50:03</FromDate>
          <ToDate>2027-12-30T00:00:00</ToDate>
        </AvailabilityCondition>
      </validityConditions>
      <codespaces>
        <Codespace id="vtr">
          <Xmlns>VTR</Xmlns>
          <XmlnsUrl>http://www.visimarsrutai.lt/</XmlnsUrl>
        </Codespace>
      </codespaces>
      <FrameDefaults>
        <DefaultLocale>
          <TimeZone>Europe/Vilnius</TimeZone>
        </DefaultLocale>
        <DefaultLocationSystem>WGS84</DefaultLocationSystem>
      </FrameDefaults>
      <frames>
        <ServiceCalendarFrame version="1" id="VTR:ServiceCalendarFrame:1381">
          <dayTypes>
            <DayType id="VTR:DayType:2977" version="1">
              <properties>
                <PropertyOfDay>
                  <DaysOfWeek>Sunday</DaysOfWeek>
                </PropertyOfDay>
              </properties>
            </DayType>
            <DayType id="VTR:DayType:2983" version="1">
              <properties>
                <PropertyOfDay>
                  <DaysOfWeek>Saturday</DaysOfWeek>
                </PropertyOfDay>
              </properties>
            </DayType>
          </dayTypes>
          <operatingPeriods>
            <OperatingPeriod version="1" id="VTR:OperatingPeriod:2977">
              <FromDate>2015-09-01T00:00:00</FromDate>
              <ToDate>2016-06-03T00:00:00</ToDate>
            </OperatingPeriod>
            <OperatingPeriod version="1" id="VTR:OperatingPeriod:2983">
              <FromDate>2015-09-01T00:00:00</FromDate>
              <ToDate>2016-06-03T00:00:00</ToDate>
            </OperatingPeriod>
          </operatingPeriods>
          <dayTypeAssignments>
            <DayTypeAssignment id="VTR:DayTypeAssignment:2977_0" version="1" order="2330">
              <OperatingPeriodRef ref="VTR:OperatingPeriod:2977" version="1"/>
              <DayTypeRef ref="VTR:DayType:2977" version="1"/>
            </DayTypeAssignment>
            <DayTypeAssignment id="VTR:DayTypeAssignment:2983_0" version="1" order="2333">
              <OperatingPeriodRef ref="VTR:OperatingPeriod:2983" version="1"/>
              <DayTypeRef ref="VTR:DayType:2983" version="1"/>
            </DayTypeAssignment>
          </dayTypeAssignments>
        </ServiceCalendarFrame>
        <ServiceFrame id="VTR:ServiceFrame:1381" version="1">
          <Network version="0" id="VTR:Network:13"/>
          <routePoints>
            <RoutePoint version="1" id="VTR:RoutePoint:123997">
              <projections>
                <PointProjection version="1" id="VTR:PointProjection:22991">
                  <ProjectedPointRef ref="VTR:ScheduledStopPoint:123997" version="1"/>
                </PointProjection>
              </projections>
            </RoutePoint>
            <RoutePoint version="1" id="VTR:RoutePoint:123998">
              <projections>
                <PointProjection version="1" id="VTR:PointProjection:22965">
                  <ProjectedPointRef ref="VTR:ScheduledStopPoint:123998" version="1"/>
                </PointProjection>
              </projections>
            </RoutePoint>
            <RoutePoint version="1" id="VTR:RoutePoint:123999">
              <projections>
                <PointProjection version="1" id="VTR:PointProjection:22966">
                  <ProjectedPointRef ref="VTR:ScheduledStopPoint:123999" version="1"/>
                </PointProjection>
              </projections>
            </RoutePoint>
            <RoutePoint version="1" id="VTR:RoutePoint:124000">
              <projections>
                <PointProjection version="1" id="VTR:PointProjection:22967">
                  <ProjectedPointRef ref="VTR:ScheduledStopPoint:124000" version="1"/>
                </PointProjection>
              </projections>
            </RoutePoint>
            <RoutePoint version="1" id="VTR:RoutePoint:124001">
              <projections>
                <PointProjection version="1" id="VTR:PointProjection:22969">
                  <ProjectedPointRef ref="VTR:ScheduledStopPoint:124001" version="1"/>
                </PointProjection>
              </projections>
            </RoutePoint>
            <RoutePoint version="1" id="VTR:RoutePoint:124002">
              <projections>
                <PointProjection version="1" id="VTR:PointProjection:22970">
                  <ProjectedPointRef ref="VTR:ScheduledStopPoint:124002" version="1"/>
                </PointProjection>
              </projections>
            </RoutePoint>
            <RoutePoint version="1" id="VTR:RoutePoint:124003">
              <projections>
                <PointProjection version="1" id="VTR:PointProjection:22971">
                  <ProjectedPointRef ref="VTR:ScheduledStopPoint:124003" version="1"/>
                </PointProjection>
              </projections>
            </RoutePoint>
            <RoutePoint version="1" id="VTR:RoutePoint:124004">
              <projections>
                <PointProjection version="1" id="VTR:PointProjection:22972">
                  <ProjectedPointRef ref="VTR:ScheduledStopPoint:124004" version="1"/>
                </PointProjection>
              </projections>
            </RoutePoint>
            <RoutePoint version="1" id="VTR:RoutePoint:124005">
              <projections>
                <PointProjection version="1" id="VTR:PointProjection:22973">
                  <ProjectedPointRef ref="VTR:ScheduledStopPoint:124005" version="1"/>
                </PointProjection>
              </projections>
            </RoutePoint>
            <RoutePoint version="1" id="VTR:RoutePoint:124006">
              <projections>
                <PointProjection version="1" id="VTR:PointProjection:36421">
                  <ProjectedPointRef ref="VTR:ScheduledStopPoint:124006" version="1"/>
                </PointProjection>
              </projections>
            </RoutePoint>
            <RoutePoint version="1" id="VTR:RoutePoint:124007">
              <projections>
                <PointProjection version="1" id="VTR:PointProjection:18977">
                  <ProjectedPointRef ref="VTR:ScheduledStopPoint:124007" version="1"/>
                </PointProjection>
              </projections>
            </RoutePoint>
            <RoutePoint version="1" id="VTR:RoutePoint:124008">
              <projections>
                <PointProjection version="1" id="VTR:PointProjection:18968">
                  <ProjectedPointRef ref="VTR:ScheduledStopPoint:124008" version="1"/>
                </PointProjection>
              </projections>
            </RoutePoint>
            <RoutePoint version="1" id="VTR:RoutePoint:124009">
              <projections>
                <PointProjection version="1" id="VTR:PointProjection:18969">
                  <ProjectedPointRef ref="VTR:ScheduledStopPoint:124009" version="1"/>
                </PointProjection>
              </projections>
            </RoutePoint>
            <RoutePoint version="1" id="VTR:RoutePoint:124010">
              <projections>
                <PointProjection version="1" id="VTR:PointProjection:18970">
                  <ProjectedPointRef ref="VTR:ScheduledStopPoint:124010" version="1"/>
                </PointProjection>
              </projections>
            </RoutePoint>
            <RoutePoint version="1" id="VTR:RoutePoint:124011">
              <projections>
                <PointProjection version="1" id="VTR:PointProjection:18971">
                  <ProjectedPointRef ref="VTR:ScheduledStopPoint:124011" version="1"/>
                </PointProjection>
              </projections>
            </RoutePoint>
            <RoutePoint version="1" id="VTR:RoutePoint:124017">
              <projections>
                <PointProjection version="1" id="VTR:PointProjection:36422">
                  <ProjectedPointRef ref="VTR:ScheduledStopPoint:124017" version="1"/>
                </PointProjection>
              </projections>
            </RoutePoint>
            <RoutePoint version="1" id="VTR:RoutePoint:124026">
              <projections>
                <PointProjection version="1" id="VTR:PointProjection:37407">
                  <ProjectedPointRef ref="VTR:ScheduledStopPoint:124026" version="1"/>
                </PointProjection>
              </projections>
            </RoutePoint>
            <RoutePoint version="1" id="VTR:RoutePoint:124027">
              <projections>
                <PointProjection version="1" id="VTR:PointProjection:37408">
                  <ProjectedPointRef ref="VTR:ScheduledStopPoint:124027" version="1"/>
                </PointProjection>
              </projections>
            </RoutePoint>
            <RoutePoint version="1" id="VTR:RoutePoint:124028">
              <projections>
                <PointProjection version="1" id="VTR:PointProjection:37409">
                  <ProjectedPointRef ref="VTR:ScheduledStopPoint:124028" version="1"/>
                </PointProjection>
              </projections>
            </RoutePoint>
            <RoutePoint version="1" id="VTR:RoutePoint:124029">
              <projections>
                <PointProjection version="1" id="VTR:PointProjection:37410">
                  <ProjectedPointRef ref="VTR:ScheduledStopPoint:124029" version="1"/>
                </PointProjection>
              </projections>
            </RoutePoint>
            <RoutePoint version="1" id="VTR:RoutePoint:124076">
              <projections>
                <PointProjection version="1" id="VTR:PointProjection:36423">
                  <ProjectedPointRef ref="VTR:ScheduledStopPoint:124076" version="1"/>
                </PointProjection>
              </projections>
            </RoutePoint>
            <RoutePoint version="1" id="VTR:RoutePoint:124077">
              <projections>
                <PointProjection version="1" id="VTR:PointProjection:36424">
                  <ProjectedPointRef ref="VTR:ScheduledStopPoint:124077" version="1"/>
                </PointProjection>
              </projections>
            </RoutePoint>
            <RoutePoint version="1" id="VTR:RoutePoint:124078">
              <projections>
                <PointProjection version="1" id="VTR:PointProjection:36425">
                  <ProjectedPointRef ref="VTR:ScheduledStopPoint:124078" version="1"/>
                </PointProjection>
              </projections>
            </RoutePoint>
            <RoutePoint version="1" id="VTR:RoutePoint:124079">
              <projections>
                <PointProjection version="1" id="VTR:PointProjection:36426">
                  <ProjectedPointRef ref="VTR:ScheduledStopPoint:124079" version="1"/>
                </PointProjection>
              </projections>
            </RoutePoint>
            <RoutePoint version="1" id="VTR:RoutePoint:124080">
              <projections>
                <PointProjection version="1" id="VTR:PointProjection:36427">
                  <ProjectedPointRef ref="VTR:ScheduledStopPoint:124080" version="1"/>
                </PointProjection>
              </projections>
            </RoutePoint>
            <RoutePoint version="1" id="VTR:RoutePoint:124081">
              <projections>
                <PointProjection version="1" id="VTR:PointProjection:36456">
                  <ProjectedPointRef ref="VTR:ScheduledStopPoint:124081" version="1"/>
                </PointProjection>
              </projections>
            </RoutePoint>
            <RoutePoint version="1" id="VTR:RoutePoint:124084">
              <projections>
                <PointProjection version="1" id="VTR:PointProjection:36457">
                  <ProjectedPointRef ref="VTR:ScheduledStopPoint:124084" version="1"/>
                </PointProjection>
              </projections>
            </RoutePoint>
          </routePoints>
          <routes>
            <Route version="1" id="VTR:Route:7366">
              <Name>Užgirėlis-Kaišiadorys</Name>
              <ShortName>Užgirėlis-Kaišiadorys</ShortName>
              <LineRef ref="VTR:Line:2847" version="2908"/>
              <DirectionType>inbound</DirectionType>
              <pointsInSequence>
                <PointOnRoute version="1" id="VTR:PointOnRoute:123997" order="1">
                  <RoutePointRef ref="VTR:RoutePoint:123997"/>
                </PointOnRoute>
                <PointOnRoute version="1" id="VTR:PointOnRoute:124029" order="2">
                  <RoutePointRef ref="VTR:RoutePoint:124029"/>
                </PointOnRoute>
                <PointOnRoute version="1" id="VTR:PointOnRoute:123998" order="3">
                  <RoutePointRef ref="VTR:RoutePoint:123998"/>
                </PointOnRoute>
                <PointOnRoute version="1" id="VTR:PointOnRoute:123999" order="4">
                  <RoutePointRef ref="VTR:RoutePoint:123999"/>
                </PointOnRoute>
                <PointOnRoute version="1" id="VTR:PointOnRoute:124000" order="5">
                  <RoutePointRef ref="VTR:RoutePoint:124000"/>
                </PointOnRoute>
                <PointOnRoute version="1" id="VTR:PointOnRoute:124001" order="6">
                  <RoutePointRef ref="VTR:RoutePoint:124001"/>
                </PointOnRoute>
                <PointOnRoute version="1" id="VTR:PointOnRoute:124002" order="7">
                  <RoutePointRef ref="VTR:RoutePoint:124002"/>
                </PointOnRoute>
                <PointOnRoute version="1" id="VTR:PointOnRoute:124003" order="8">
                  <RoutePointRef ref="VTR:RoutePoint:124003"/>
                </PointOnRoute>
                <PointOnRoute version="1" id="VTR:PointOnRoute:124004" order="9">
                  <RoutePointRef ref="VTR:RoutePoint:124004"/>
                </PointOnRoute>
                <PointOnRoute version="1" id="VTR:PointOnRoute:124005" order="10">
                  <RoutePointRef ref="VTR:RoutePoint:124005"/>
                </PointOnRoute>
                <PointOnRoute version="1" id="VTR:PointOnRoute:124006" order="11">
                  <RoutePointRef ref="VTR:RoutePoint:124006"/>
                </PointOnRoute>
                <PointOnRoute version="1" id="VTR:PointOnRoute:124007" order="12">
                  <RoutePointRef ref="VTR:RoutePoint:124007"/>
                </PointOnRoute>
                <PointOnRoute version="1" id="VTR:PointOnRoute:124008" order="13">
                  <RoutePointRef ref="VTR:RoutePoint:124008"/>
                </PointOnRoute>
                <PointOnRoute version="1" id="VTR:PointOnRoute:124009" order="14">
                  <RoutePointRef ref="VTR:RoutePoint:124009"/>
                </PointOnRoute>
                <PointOnRoute version="1" id="VTR:PointOnRoute:124010" order="15">
                  <RoutePointRef ref="VTR:RoutePoint:124010"/>
                </PointOnRoute>
                <PointOnRoute version="1" id="VTR:PointOnRoute:124011" order="16">
                  <RoutePointRef ref="VTR:RoutePoint:124011"/>
                </PointOnRoute>
                <PointOnRoute version="1" id="VTR:PointOnRoute:124017" order="17">
                  <RoutePointRef ref="VTR:RoutePoint:124017"/>
                </PointOnRoute>
                <PointOnRoute version="1" id="VTR:PointOnRoute:124026" order="18">
                  <RoutePointRef ref="VTR:RoutePoint:124026"/>
                </PointOnRoute>
                <PointOnRoute version="1" id="VTR:PointOnRoute:124027" order="19">
                  <RoutePointRef ref="VTR:RoutePoint:124027"/>
                </PointOnRoute>
                <PointOnRoute version="1" id="VTR:PointOnRoute:124028" order="20">
                  <RoutePointRef ref="VTR:RoutePoint:124028"/>
                </PointOnRoute>
                <PointOnRoute version="1" id="VTR:PointOnRoute:124076" order="21">
                  <RoutePointRef ref="VTR:RoutePoint:124076"/>
                </PointOnRoute>
                <PointOnRoute version="1" id="VTR:PointOnRoute:124077" order="22">
                  <RoutePointRef ref="VTR:RoutePoint:124077"/>
                </PointOnRoute>
                <PointOnRoute version="1" id="VTR:PointOnRoute:124078" order="23">
                  <RoutePointRef ref="VTR:RoutePoint:124078"/>
                </PointOnRoute>
                <PointOnRoute version="1" id="VTR:PointOnRoute:124079" order="24">
                  <RoutePointRef ref="VTR:RoutePoint:124079"/>
                </PointOnRoute>
                <PointOnRoute version="1" id="VTR:PointOnRoute:124080" order="25">
                  <RoutePointRef ref="VTR:RoutePoint:124080"/>
                </PointOnRoute>
                <PointOnRoute version="1" id="VTR:PointOnRoute:124081" order="26">
                  <RoutePointRef ref="VTR:RoutePoint:124081"/>
                </PointOnRoute>
                <PointOnRoute version="1" id="VTR:PointOnRoute:124084" order="27">
                  <RoutePointRef ref="VTR:RoutePoint:124084"/>
                </PointOnRoute>
              </pointsInSequence>
            </Route>
          </routes>
          <lines>
            <Line version="2908" id="VTR:Line:2847">
              <Name>Užgirėlis-Kaišiadorys</Name>
              <TransportMode>bus</TransportMode>
              <TransportSubmode>
                <BusSubmode>regionalBus</BusSubmode>
              </TransportSubmode>
              <PublicCode>65-4</PublicCode>
              <OperatorRef ref="VTR:Operator:13"/>
            </Line>
          </lines>
          <scheduledStopPoints>
            <ScheduledStopPoint version="1" id="VTR:ScheduledStopPoint:123997">
              <Name>Užgirėlis</Name>
            </ScheduledStopPoint>
            <ScheduledStopPoint version="1" id="VTR:ScheduledStopPoint:123998">
              <Name>Girininkija</Name>
            </ScheduledStopPoint>
            <ScheduledStopPoint version="1" id="VTR:ScheduledStopPoint:123999">
              <Name>Darsūniškio centras</Name>
            </ScheduledStopPoint>
            <ScheduledStopPoint version="1" id="VTR:ScheduledStopPoint:124000">
              <Name>Darsūniškio mokykla</Name>
            </ScheduledStopPoint>
            <ScheduledStopPoint version="1" id="VTR:ScheduledStopPoint:124001">
              <Name>Lapainia</Name>
            </ScheduledStopPoint>
            <ScheduledStopPoint version="1" id="VTR:ScheduledStopPoint:124002">
              <Name>Dijokiškės</Name>
            </ScheduledStopPoint>
            <ScheduledStopPoint version="1" id="VTR:ScheduledStopPoint:124003">
              <Name>Paukštynas</Name>
            </ScheduledStopPoint>
            <ScheduledStopPoint version="1" id="VTR:ScheduledStopPoint:124004">
              <Name>Kruonis</Name>
            </ScheduledStopPoint>
            <ScheduledStopPoint version="1" id="VTR:ScheduledStopPoint:124005">
              <Name>Burčiagai</Name>
            </ScheduledStopPoint>
            <ScheduledStopPoint version="1" id="VTR:ScheduledStopPoint:124006">
              <Name>Ginteikiškės</Name>
            </ScheduledStopPoint>
            <ScheduledStopPoint version="1" id="VTR:ScheduledStopPoint:124007">
              <Name>Pridotkai</Name>
            </ScheduledStopPoint>
            <ScheduledStopPoint version="1" id="VTR:ScheduledStopPoint:124008">
              <Name>Kairiškės</Name>
            </ScheduledStopPoint>
            <ScheduledStopPoint version="1" id="VTR:ScheduledStopPoint:124009">
              <Name>Med.Strėvininkai</Name>
            </ScheduledStopPoint>
            <ScheduledStopPoint version="1" id="VTR:ScheduledStopPoint:124010">
              <Name>Žiežmariai</Name>
            </ScheduledStopPoint>
            <ScheduledStopPoint version="1" id="VTR:ScheduledStopPoint:124011">
              <Name>Žiežmariai</Name>
            </ScheduledStopPoint>
            <ScheduledStopPoint version="1" id="VTR:ScheduledStopPoint:124017">
              <Name>Žiežmarių Kr.</Name>
            </ScheduledStopPoint>
            <ScheduledStopPoint version="1" id="VTR:ScheduledStopPoint:124026">
              <Name>Karantinis m</Name>
            </ScheduledStopPoint>
            <ScheduledStopPoint version="1" id="VTR:ScheduledStopPoint:124027">
              <Name>Šebnica</Name>
            </ScheduledStopPoint>
            <ScheduledStopPoint version="1" id="VTR:ScheduledStopPoint:124028">
              <Name>Ligoninė</Name>
            </ScheduledStopPoint>
            <ScheduledStopPoint version="1" id="VTR:ScheduledStopPoint:124029">
              <Name>Astrogai</Name>
            </ScheduledStopPoint>
            <ScheduledStopPoint version="1" id="VTR:ScheduledStopPoint:124076">
              <Name>Autoservisas</Name>
            </ScheduledStopPoint>
            <ScheduledStopPoint version="1" id="VTR:ScheduledStopPoint:124077">
              <Name>Prekybos centras</Name>
            </ScheduledStopPoint>
            <ScheduledStopPoint version="1" id="VTR:ScheduledStopPoint:124078">
              <Name>Teismo rūmai</Name>
            </ScheduledStopPoint>
            <ScheduledStopPoint version="1" id="VTR:ScheduledStopPoint:124079">
              <Name>Centras</Name>
            </ScheduledStopPoint>
            <ScheduledStopPoint version="1" id="VTR:ScheduledStopPoint:124080">
              <Name>Pėsčiųjų tiltas</Name>
            </ScheduledStopPoint>
            <ScheduledStopPoint version="1" id="VTR:ScheduledStopPoint:124081">
              <Name>Kęstučio g.</Name>
            </ScheduledStopPoint>
            <ScheduledStopPoint version="1" id="VTR:ScheduledStopPoint:124084">
              <Name>Kaišiadorių Autobusų stotis</Name>
            </ScheduledStopPoint>
          </scheduledStopPoints>
          <serviceLinks>
            <ServiceLink id="VTR:ServiceLink:124009_1_124010_1" version="1">
              <Distance>2</Distance>
              <FromPointRef ref="VTR:ScheduledStopPoint:124009" version="1"/>
              <ToPointRef ref="VTR:ScheduledStopPoint:124010" version="1"/>
            </ServiceLink>
            <ServiceLink id="VTR:ServiceLink:124076_1_124077_1" version="1">
              <Distance>0</Distance>
              <FromPointRef ref="VTR:ScheduledStopPoint:124076" version="1"/>
              <ToPointRef ref="VTR:ScheduledStopPoint:124077" version="1"/>
            </ServiceLink>
            <ServiceLink id="VTR:ServiceLink:124008_1_124009_1" version="1">
              <Distance>2</Distance>
              <FromPointRef ref="VTR:ScheduledStopPoint:124008" version="1"/>
              <ToPointRef ref="VTR:ScheduledStopPoint:124009" version="1"/>
            </ServiceLink>
            <ServiceLink id="VTR:ServiceLink:124079_1_124080_1" version="1">
              <Distance>0</Distance>
              <FromPointRef ref="VTR:ScheduledStopPoint:124079" version="1"/>
              <ToPointRef ref="VTR:ScheduledStopPoint:124080" version="1"/>
            </ServiceLink>
            <ServiceLink id="VTR:ServiceLink:124080_1_124081_1" version="1">
              <Distance>0</Distance>
              <FromPointRef ref="VTR:ScheduledStopPoint:124080" version="1"/>
              <ToPointRef ref="VTR:ScheduledStopPoint:124081" version="1"/>
            </ServiceLink>
            <ServiceLink id="VTR:ServiceLink:124002_1_124003_1" version="1">
              <Distance>2</Distance>
              <FromPointRef ref="VTR:ScheduledStopPoint:124002" version="1"/>
              <ToPointRef ref="VTR:ScheduledStopPoint:124003" version="1"/>
            </ServiceLink>
            <ServiceLink id="VTR:ServiceLink:123998_1_123999_1" version="1">
              <Distance>1</Distance>
              <FromPointRef ref="VTR:ScheduledStopPoint:123998" version="1"/>
              <ToPointRef ref="VTR:ScheduledStopPoint:123999" version="1"/>
            </ServiceLink>
            <ServiceLink id="VTR:ServiceLink:124077_1_124078_1" version="1">
              <Distance>0</Distance>
              <FromPointRef ref="VTR:ScheduledStopPoint:124077" version="1"/>
              <ToPointRef ref="VTR:ScheduledStopPoint:124078" version="1"/>
            </ServiceLink>
            <ServiceLink id="VTR:ServiceLink:124007_1_124008_1" version="1">
              <Distance>2</Distance>
              <FromPointRef ref="VTR:ScheduledStopPoint:124007" version="1"/>
              <ToPointRef ref="VTR:ScheduledStopPoint:124008" version="1"/>
            </ServiceLink>
            <ServiceLink id="VTR:ServiceLink:123999_1_124000_1" version="1">
              <Distance>0</Distance>
              <FromPointRef ref="VTR:ScheduledStopPoint:123999" version="1"/>
              <ToPointRef ref="VTR:ScheduledStopPoint:124000" version="1"/>
            </ServiceLink>
            <ServiceLink id="VTR:ServiceLink:124005_1_124006_1" version="1">
              <Distance>1</Distance>
              <FromPointRef ref="VTR:ScheduledStopPoint:124005" version="1"/>
              <ToPointRef ref="VTR:ScheduledStopPoint:124006" version="1"/>
            </ServiceLink>
            <ServiceLink id="VTR:ServiceLink:123997_1_124029_1" version="1">
              <Distance>2</Distance>
              <FromPointRef ref="VTR:ScheduledStopPoint:123997" version="1"/>
              <ToPointRef ref="VTR:ScheduledStopPoint:124029" version="1"/>
            </ServiceLink>
            <ServiceLink id="VTR:ServiceLink:124004_1_124005_1" version="1">
              <Distance>1</Distance>
              <FromPointRef ref="VTR:ScheduledStopPoint:124004" version="1"/>
              <ToPointRef ref="VTR:ScheduledStopPoint:124005" version="1"/>
            </ServiceLink>
            <ServiceLink id="VTR:ServiceLink:124026_1_124027_1" version="1">
              <Distance>1</Distance>
              <FromPointRef ref="VTR:ScheduledStopPoint:124026" version="1"/>
              <ToPointRef ref="VTR:ScheduledStopPoint:124027" version="1"/>
            </ServiceLink>
            <ServiceLink id="VTR:ServiceLink:124029_1_123998_1" version="1">
              <Distance>1</Distance>
              <FromPointRef ref="VTR:ScheduledStopPoint:124029" version="1"/>
              <ToPointRef ref="VTR:ScheduledStopPoint:123998" version="1"/>
            </ServiceLink>
            <ServiceLink id="VTR:ServiceLink:124010_1_124011_1" version="1">
              <Distance>1</Distance>
              <FromPointRef ref="VTR:ScheduledStopPoint:124010" version="1"/>
              <ToPointRef ref="VTR:ScheduledStopPoint:124011" version="1"/>
            </ServiceLink>
            <ServiceLink id="VTR:ServiceLink:124000_1_124001_1" version="1">
              <Distance>2</Distance>
              <FromPointRef ref="VTR:ScheduledStopPoint:124000" version="1"/>
              <ToPointRef ref="VTR:ScheduledStopPoint:124001" version="1"/>
            </ServiceLink>
            <ServiceLink id="VTR:ServiceLink:124003_1_124004_1" version="1">
              <Distance>2</Distance>
              <FromPointRef ref="VTR:ScheduledStopPoint:124003" version="1"/>
              <ToPointRef ref="VTR:ScheduledStopPoint:124004" version="1"/>
            </ServiceLink>
            <ServiceLink id="VTR:ServiceLink:124027_1_124028_1" version="1">
              <Distance>1</Distance>
              <FromPointRef ref="VTR:ScheduledStopPoint:124027" version="1"/>
              <ToPointRef ref="VTR:ScheduledStopPoint:124028" version="1"/>
            </ServiceLink>
            <ServiceLink id="VTR:ServiceLink:124006_1_124007_1" version="1">
              <Distance>2</Distance>
              <FromPointRef ref="VTR:ScheduledStopPoint:124006" version="1"/>
              <ToPointRef ref="VTR:ScheduledStopPoint:124007" version="1"/>
            </ServiceLink>
            <ServiceLink id="VTR:ServiceLink:124078_1_124079_1" version="1">
              <Distance>0</Distance>
              <FromPointRef ref="VTR:ScheduledStopPoint:124078" version="1"/>
              <ToPointRef ref="VTR:ScheduledStopPoint:124079" version="1"/>
            </ServiceLink>
            <ServiceLink id="VTR:ServiceLink:124028_1_124076_1" version="1">
              <Distance>0</Distance>
              <FromPointRef ref="VTR:ScheduledStopPoint:124028" version="1"/>
              <ToPointRef ref="VTR:ScheduledStopPoint:124076" version="1"/>
            </ServiceLink>
            <ServiceLink id="VTR:ServiceLink:124001_1_124002_1" version="1">
              <Distance>1</Distance>
              <FromPointRef ref="VTR:ScheduledStopPoint:124001" version="1"/>
              <ToPointRef ref="VTR:ScheduledStopPoint:124002" version="1"/>
            </ServiceLink>
          </serviceLinks>
          <stopAssignments>
            <PassengerStopAssignment order="736600000" id="VTR:PassengerStopAssignment:123997" version="1">
              <ScheduledStopPointRef ref="VTR:ScheduledStopPoint:123997" version="1"/>
              <QuayRef ref="VTR:Quay:13700"/>
            </PassengerStopAssignment>
            <PassengerStopAssignment order="736600001" id="VTR:PassengerStopAssignment:124029" version="1">
              <ScheduledStopPointRef ref="VTR:ScheduledStopPoint:124029" version="1"/>
              <QuayRef ref="VTR:Quay:6472"/>
            </PassengerStopAssignment>
            <PassengerStopAssignment order="736600002" id="VTR:PassengerStopAssignment:123998" version="1">
              <ScheduledStopPointRef ref="VTR:ScheduledStopPoint:123998" version="1"/>
              <QuayRef ref="VTR:Quay:16417"/>
            </PassengerStopAssignment>
            <PassengerStopAssignment order="736600003" id="VTR:PassengerStopAssignment:123999" version="1">
              <ScheduledStopPointRef ref="VTR:ScheduledStopPoint:123999" version="1"/>
              <QuayRef ref="VTR:Quay:6019"/>
            </PassengerStopAssignment>
            <PassengerStopAssignment order="736600004" id="VTR:PassengerStopAssignment:124000" version="1">
              <ScheduledStopPointRef ref="VTR:ScheduledStopPoint:124000" version="1"/>
              <QuayRef ref="VTR:Quay:6750"/>
            </PassengerStopAssignment>
            <PassengerStopAssignment order="736600005" id="VTR:PassengerStopAssignment:124001" version="1">
              <ScheduledStopPointRef ref="VTR:ScheduledStopPoint:124001" version="1"/>
              <QuayRef ref="VTR:Quay:9116"/>
            </PassengerStopAssignment>
            <PassengerStopAssignment order="736600006" id="VTR:PassengerStopAssignment:124002" version="1">
              <ScheduledStopPointRef ref="VTR:ScheduledStopPoint:124002" version="1"/>
              <QuayRef ref="VTR:Quay:7121"/>
            </PassengerStopAssignment>
            <PassengerStopAssignment order="736600007" id="VTR:PassengerStopAssignment:124003" version="1">
              <ScheduledStopPointRef ref="VTR:ScheduledStopPoint:124003" version="1"/>
              <QuayRef ref="VTR:Quay:8118"/>
            </PassengerStopAssignment>
            <PassengerStopAssignment order="736600008" id="VTR:PassengerStopAssignment:124004" version="1">
              <ScheduledStopPointRef ref="VTR:ScheduledStopPoint:124004" version="1"/>
              <QuayRef ref="VTR:Quay:5238"/>
            </PassengerStopAssignment>
            <PassengerStopAssignment order="736600009" id="VTR:PassengerStopAssignment:124005" version="1">
              <ScheduledStopPointRef ref="VTR:ScheduledStopPoint:124005" version="1"/>
              <QuayRef ref="VTR:Quay:15822"/>
            </PassengerStopAssignment>
            <PassengerStopAssignment order="736600010" id="VTR:PassengerStopAssignment:124006" version="1">
              <ScheduledStopPointRef ref="VTR:ScheduledStopPoint:124006" version="1"/>
              <QuayRef ref="VTR:Quay:7133"/>
            </PassengerStopAssignment>
            <PassengerStopAssignment order="736600011" id="VTR:PassengerStopAssignment:124007" version="1">
              <ScheduledStopPointRef ref="VTR:ScheduledStopPoint:124007" version="1"/>
              <QuayRef ref="VTR:Quay:15170"/>
            </PassengerStopAssignment>
            <PassengerStopAssignment order="736600012" id="VTR:PassengerStopAssignment:124008" version="1">
              <ScheduledStopPointRef ref="VTR:ScheduledStopPoint:124008" version="1"/>
              <QuayRef ref="VTR:Quay:12109"/>
            </PassengerStopAssignment>
            <PassengerStopAssignment order="736600013" id="VTR:PassengerStopAssignment:124009" version="1">
              <ScheduledStopPointRef ref="VTR:ScheduledStopPoint:124009" version="1"/>
              <QuayRef ref="VTR:Quay:9134"/>
            </PassengerStopAssignment>
            <PassengerStopAssignment order="736600014" id="VTR:PassengerStopAssignment:124010" version="1">
              <ScheduledStopPointRef ref="VTR:ScheduledStopPoint:124010" version="1"/>
              <QuayRef ref="VTR:Quay:5231"/>
            </PassengerStopAssignment>
            <PassengerStopAssignment order="736600015" id="VTR:PassengerStopAssignment:124011" version="1">
              <ScheduledStopPointRef ref="VTR:ScheduledStopPoint:124011" version="1"/>
              <QuayRef ref="VTR:Quay:13918"/>
            </PassengerStopAssignment>
            <PassengerStopAssignment order="736600020" id="VTR:PassengerStopAssignment:124017" version="1">
              <ScheduledStopPointRef ref="VTR:ScheduledStopPoint:124017" version="1"/>
              <QuayRef ref="VTR:Quay:23770"/>
            </PassengerStopAssignment>
            <PassengerStopAssignment order="736600030" id="VTR:PassengerStopAssignment:124026" version="1">
              <ScheduledStopPointRef ref="VTR:ScheduledStopPoint:124026" version="1"/>
              <QuayRef ref="VTR:Quay:15758"/>
            </PassengerStopAssignment>
            <PassengerStopAssignment order="736600031" id="VTR:PassengerStopAssignment:124027" version="1">
              <ScheduledStopPointRef ref="VTR:ScheduledStopPoint:124027" version="1"/>
              <QuayRef ref="VTR:Quay:10755"/>
            </PassengerStopAssignment>
            <PassengerStopAssignment order="736600032" id="VTR:PassengerStopAssignment:124028" version="1">
              <ScheduledStopPointRef ref="VTR:ScheduledStopPoint:124028" version="1"/>
              <QuayRef ref="VTR:Quay:24215"/>
            </PassengerStopAssignment>
            <PassengerStopAssignment order="736600033" id="VTR:PassengerStopAssignment:124076" version="1">
              <ScheduledStopPointRef ref="VTR:ScheduledStopPoint:124076" version="1"/>
              <QuayRef ref="VTR:Quay:5003"/>
            </PassengerStopAssignment>
            <PassengerStopAssignment order="736600034" id="VTR:PassengerStopAssignment:124077" version="1">
              <ScheduledStopPointRef ref="VTR:ScheduledStopPoint:124077" version="1"/>
              <QuayRef ref="VTR:Quay:8800"/>
            </PassengerStopAssignment>
            <PassengerStopAssignment order="736600035" id="VTR:PassengerStopAssignment:124078" version="1">
              <ScheduledStopPointRef ref="VTR:ScheduledStopPoint:124078" version="1"/>
              <QuayRef ref="VTR:Quay:12765"/>
            </PassengerStopAssignment>
            <PassengerStopAssignment order="736600036" id="VTR:PassengerStopAssignment:124079" version="1">
              <ScheduledStopPointRef ref="VTR:ScheduledStopPoint:124079" version="1"/>
              <QuayRef ref="VTR:Quay:8842"/>
            </PassengerStopAssignment>
            <PassengerStopAssignment order="736600037" id="VTR:PassengerStopAssignment:124080" version="1">
              <ScheduledStopPointRef ref="VTR:ScheduledStopPoint:124080" version="1"/>
              <QuayRef ref="VTR:Quay:12752"/>
            </PassengerStopAssignment>
            <PassengerStopAssignment order="736600038" id="VTR:PassengerStopAssignment:124081" version="1">
              <ScheduledStopPointRef ref="VTR:ScheduledStopPoint:124081" version="1"/>
              <QuayRef ref="VTR:Quay:8776"/>
            </PassengerStopAssignment>
            <PassengerStopAssignment order="736600041" id="VTR:PassengerStopAssignment:124084" version="1">
              <ScheduledStopPointRef ref="VTR:ScheduledStopPoint:124084" version="1"/>
              <QuayRef ref="VTR:Quay:23769"/>
            </PassengerStopAssignment>
          </stopAssignments>
          <journeyPatterns>
            <JourneyPattern id="VTR:JourneyPattern:57767" version="57825">
              <Name>6</Name>
              <RouteRef ref="VTR:Route:7366" version="1"/>
              <pointsInSequence>
                <StopPointInJourneyPattern id="VTR:StopPointInJourneyPattern:1163630" version="57825" order="1">
                  <ScheduledStopPointRef ref="VTR:ScheduledStopPoint:123997"/>
                  <DestinationDisplayRef ref="VTR:DestinationDisplay:1"/>
                </StopPointInJourneyPattern>
                <StopPointInJourneyPattern id="VTR:StopPointInJourneyPattern:1163631" version="57825" order="2">
                  <ScheduledStopPointRef ref="VTR:ScheduledStopPoint:124029"/>
                  <DestinationDisplayRef ref="VTR:DestinationDisplay:1"/>
                </StopPointInJourneyPattern>
                <StopPointInJourneyPattern id="VTR:StopPointInJourneyPattern:1163632" version="57825" order="3">
                  <ScheduledStopPointRef ref="VTR:ScheduledStopPoint:123998"/>
                  <DestinationDisplayRef ref="VTR:DestinationDisplay:1"/>
                </StopPointInJourneyPattern>
                <StopPointInJourneyPattern id="VTR:StopPointInJourneyPattern:1163633" version="57825" order="4">
                  <ScheduledStopPointRef ref="VTR:ScheduledStopPoint:123999"/>
                  <DestinationDisplayRef ref="VTR:DestinationDisplay:1"/>
                </StopPointInJourneyPattern>
                <StopPointInJourneyPattern id="VTR:StopPointInJourneyPattern:1163634" version="57825" order="5">
                  <ScheduledStopPointRef ref="VTR:ScheduledStopPoint:124000"/>
                  <DestinationDisplayRef ref="VTR:DestinationDisplay:1"/>
                </StopPointInJourneyPattern>
                <StopPointInJourneyPattern id="VTR:StopPointInJourneyPattern:1163635" version="57825" order="6">
                  <ScheduledStopPointRef ref="VTR:ScheduledStopPoint:124001"/>
                  <DestinationDisplayRef ref="VTR:DestinationDisplay:1"/>
                </StopPointInJourneyPattern>
                <StopPointInJourneyPattern id="VTR:StopPointInJourneyPattern:1163636" version="57825" order="7">
                  <ScheduledStopPointRef ref="VTR:ScheduledStopPoint:124002"/>
                  <DestinationDisplayRef ref="VTR:DestinationDisplay:1"/>
                </StopPointInJourneyPattern>
                <StopPointInJourneyPattern id="VTR:StopPointInJourneyPattern:1163637" version="57825" order="8">
                  <ScheduledStopPointRef ref="VTR:ScheduledStopPoint:124003"/>
                  <DestinationDisplayRef ref="VTR:DestinationDisplay:1"/>
                </StopPointInJourneyPattern>
                <StopPointInJourneyPattern id="VTR:StopPointInJourneyPattern:1163638" version="57825" order="9">
                  <ScheduledStopPointRef ref="VTR:ScheduledStopPoint:124004"/>
                  <DestinationDisplayRef ref="VTR:DestinationDisplay:1"/>
                </StopPointInJourneyPattern>
                <StopPointInJourneyPattern id="VTR:StopPointInJourneyPattern:1163639" version="57825" order="10">
                  <ScheduledStopPointRef ref="VTR:ScheduledStopPoint:124005"/>
                  <DestinationDisplayRef ref="VTR:DestinationDisplay:1"/>
                </StopPointInJourneyPattern>
                <StopPointInJourneyPattern id="VTR:StopPointInJourneyPattern:1163640" version="57825" order="11">
                  <ScheduledStopPointRef ref="VTR:ScheduledStopPoint:124006"/>
                  <DestinationDisplayRef ref="VTR:DestinationDisplay:1"/>
                </StopPointInJourneyPattern>
                <StopPointInJourneyPattern id="VTR:StopPointInJourneyPattern:1163641" version="57825" order="12">
                  <ScheduledStopPointRef ref="VTR:ScheduledStopPoint:124007"/>
                  <DestinationDisplayRef ref="VTR:DestinationDisplay:1"/>
                </StopPointInJourneyPattern>
                <StopPointInJourneyPattern id="VTR:StopPointInJourneyPattern:1163642" version="57825" order="13">
                  <ScheduledStopPointRef ref="VTR:ScheduledStopPoint:124008"/>
                  <DestinationDisplayRef ref="VTR:DestinationDisplay:1"/>
                </StopPointInJourneyPattern>
                <StopPointInJourneyPattern id="VTR:StopPointInJourneyPattern:1163643" version="57825" order="14">
                  <ScheduledStopPointRef ref="VTR:ScheduledStopPoint:124009"/>
                  <DestinationDisplayRef ref="VTR:DestinationDisplay:1"/>
                </StopPointInJourneyPattern>
                <StopPointInJourneyPattern id="VTR:StopPointInJourneyPattern:1163644" version="57825" order="15">
                  <ScheduledStopPointRef ref="VTR:ScheduledStopPoint:124010"/>
                  <DestinationDisplayRef ref="VTR:DestinationDisplay:1"/>
                </StopPointInJourneyPattern>
                <StopPointInJourneyPattern id="VTR:StopPointInJourneyPattern:1163645" version="57825" order="16">
                  <ScheduledStopPointRef ref="VTR:ScheduledStopPoint:124011"/>
                  <DestinationDisplayRef ref="VTR:DestinationDisplay:1"/>
                </StopPointInJourneyPattern>
                <StopPointInJourneyPattern id="VTR:StopPointInJourneyPattern:1163646" version="57825" order="17">
                  <ScheduledStopPointRef ref="VTR:ScheduledStopPoint:124017"/>
                  <DestinationDisplayRef ref="VTR:DestinationDisplay:1"/>
                </StopPointInJourneyPattern>
                <StopPointInJourneyPattern id="VTR:StopPointInJourneyPattern:1163647" version="57825" order="18">
                  <ScheduledStopPointRef ref="VTR:ScheduledStopPoint:124026"/>
                  <DestinationDisplayRef ref="VTR:DestinationDisplay:1"/>
                </StopPointInJourneyPattern>
                <StopPointInJourneyPattern id="VTR:StopPointInJourneyPattern:1163648" version="57825" order="19">
                  <ScheduledStopPointRef ref="VTR:ScheduledStopPoint:124027"/>
                  <DestinationDisplayRef ref="VTR:DestinationDisplay:1"/>
                </StopPointInJourneyPattern>
                <StopPointInJourneyPattern id="VTR:StopPointInJourneyPattern:1163649" version="57825" order="20">
                  <ScheduledStopPointRef ref="VTR:ScheduledStopPoint:124028"/>
                  <DestinationDisplayRef ref="VTR:DestinationDisplay:1"/>
                </StopPointInJourneyPattern>
                <StopPointInJourneyPattern id="VTR:StopPointInJourneyPattern:1163650" version="57825" order="21">
                  <ScheduledStopPointRef ref="VTR:ScheduledStopPoint:124076"/>
                  <DestinationDisplayRef ref="VTR:DestinationDisplay:1"/>
                </StopPointInJourneyPattern>
                <StopPointInJourneyPattern id="VTR:StopPointInJourneyPattern:1163651" version="57825" order="22">
                  <ScheduledStopPointRef ref="VTR:ScheduledStopPoint:124077"/>
                  <DestinationDisplayRef ref="VTR:DestinationDisplay:1"/>
                </StopPointInJourneyPattern>
                <StopPointInJourneyPattern id="VTR:StopPointInJourneyPattern:1163652" version="57825" order="23">
                  <ScheduledStopPointRef ref="VTR:ScheduledStopPoint:124078"/>
                  <DestinationDisplayRef ref="VTR:DestinationDisplay:1"/>
                </StopPointInJourneyPattern>
                <StopPointInJourneyPattern id="VTR:StopPointInJourneyPattern:1163653" version="57825" order="24">
                  <ScheduledStopPointRef ref="VTR:ScheduledStopPoint:124079"/>
                  <DestinationDisplayRef ref="VTR:DestinationDisplay:1"/>
                </StopPointInJourneyPattern>
                <StopPointInJourneyPattern id="VTR:StopPointInJourneyPattern:1163654" version="57825" order="25">
                  <ScheduledStopPointRef ref="VTR:ScheduledStopPoint:124080"/>
                  <DestinationDisplayRef ref="VTR:DestinationDisplay:1"/>
                </StopPointInJourneyPattern>
                <StopPointInJourneyPattern id="VTR:StopPointInJourneyPattern:1163655" version="57825" order="26">
                  <ScheduledStopPointRef ref="VTR:ScheduledStopPoint:124081"/>
                  <DestinationDisplayRef ref="VTR:DestinationDisplay:1"/>
                </StopPointInJourneyPattern>
                <StopPointInJourneyPattern id="VTR:StopPointInJourneyPattern:1163656" version="57825" order="27">
                  <ScheduledStopPointRef ref="VTR:ScheduledStopPoint:124084"/>
                  <DestinationDisplayRef ref="VTR:DestinationDisplay:1"/>
                </StopPointInJourneyPattern>
              </pointsInSequence>
            </JourneyPattern>
            <JourneyPattern id="VTR:JourneyPattern:57766" version="57824">
              <Name>4</Name>
              <RouteRef ref="VTR:Route:7366" version="1"/>
              <pointsInSequence>
                <StopPointInJourneyPattern id="VTR:StopPointInJourneyPattern:1163603" version="57824" order="1">
                  <ScheduledStopPointRef ref="VTR:ScheduledStopPoint:123997"/>
                  <DestinationDisplayRef ref="VTR:DestinationDisplay:1"/>
                </StopPointInJourneyPattern>
                <StopPointInJourneyPattern id="VTR:StopPointInJourneyPattern:1163604" version="57824" order="2">
                  <ScheduledStopPointRef ref="VTR:ScheduledStopPoint:124029"/>
                  <DestinationDisplayRef ref="VTR:DestinationDisplay:1"/>
                </StopPointInJourneyPattern>
                <StopPointInJourneyPattern id="VTR:StopPointInJourneyPattern:1163605" version="57824" order="3">
                  <ScheduledStopPointRef ref="VTR:ScheduledStopPoint:123998"/>
                  <DestinationDisplayRef ref="VTR:DestinationDisplay:1"/>
                </StopPointInJourneyPattern>
                <StopPointInJourneyPattern id="VTR:StopPointInJourneyPattern:1163606" version="57824" order="4">
                  <ScheduledStopPointRef ref="VTR:ScheduledStopPoint:123999"/>
                  <DestinationDisplayRef ref="VTR:DestinationDisplay:1"/>
                </StopPointInJourneyPattern>
                <StopPointInJourneyPattern id="VTR:StopPointInJourneyPattern:1163607" version="57824" order="5">
                  <ScheduledStopPointRef ref="VTR:ScheduledStopPoint:124000"/>
                  <DestinationDisplayRef ref="VTR:DestinationDisplay:1"/>
                </StopPointInJourneyPattern>
                <StopPointInJourneyPattern id="VTR:StopPointInJourneyPattern:1163608" version="57824" order="6">
                  <ScheduledStopPointRef ref="VTR:ScheduledStopPoint:124001"/>
                  <DestinationDisplayRef ref="VTR:DestinationDisplay:1"/>
                </StopPointInJourneyPattern>
                <StopPointInJourneyPattern id="VTR:StopPointInJourneyPattern:1163609" version="57824" order="7">
                  <ScheduledStopPointRef ref="VTR:ScheduledStopPoint:124002"/>
                  <DestinationDisplayRef ref="VTR:DestinationDisplay:1"/>
                </StopPointInJourneyPattern>
                <StopPointInJourneyPattern id="VTR:StopPointInJourneyPattern:1163610" version="57824" order="8">
                  <ScheduledStopPointRef ref="VTR:ScheduledStopPoint:124003"/>
                  <DestinationDisplayRef ref="VTR:DestinationDisplay:1"/>
                </StopPointInJourneyPattern>
                <StopPointInJourneyPattern id="VTR:StopPointInJourneyPattern:1163611" version="57824" order="9">
                  <ScheduledStopPointRef ref="VTR:ScheduledStopPoint:124004"/>
                  <DestinationDisplayRef ref="VTR:DestinationDisplay:1"/>
                </StopPointInJourneyPattern>
                <StopPointInJourneyPattern id="VTR:StopPointInJourneyPattern:1163612" version="57824" order="10">
                  <ScheduledStopPointRef ref="VTR:ScheduledStopPoint:124005"/>
                  <DestinationDisplayRef ref="VTR:DestinationDisplay:1"/>
                </StopPointInJourneyPattern>
                <StopPointInJourneyPattern id="VTR:StopPointInJourneyPattern:1163613" version="57824" order="11">
                  <ScheduledStopPointRef ref="VTR:ScheduledStopPoint:124006"/>
                  <DestinationDisplayRef ref="VTR:DestinationDisplay:1"/>
                </StopPointInJourneyPattern>
                <StopPointInJourneyPattern id="VTR:StopPointInJourneyPattern:1163614" version="57824" order="12">
                  <ScheduledStopPointRef ref="VTR:ScheduledStopPoint:124007"/>
                  <DestinationDisplayRef ref="VTR:DestinationDisplay:1"/>
                </StopPointInJourneyPattern>
                <StopPointInJourneyPattern id="VTR:StopPointInJourneyPattern:1163615" version="57824" order="13">
                  <ScheduledStopPointRef ref="VTR:ScheduledStopPoint:124008"/>
                  <DestinationDisplayRef ref="VTR:DestinationDisplay:1"/>
                </StopPointInJourneyPattern>
                <StopPointInJourneyPattern id="VTR:StopPointInJourneyPattern:1163616" version="57824" order="14">
                  <ScheduledStopPointRef ref="VTR:ScheduledStopPoint:124009"/>
                  <DestinationDisplayRef ref="VTR:DestinationDisplay:1"/>
                </StopPointInJourneyPattern>
                <StopPointInJourneyPattern id="VTR:StopPointInJourneyPattern:1163617" version="57824" order="15">
                  <ScheduledStopPointRef ref="VTR:ScheduledStopPoint:124010"/>
                  <DestinationDisplayRef ref="VTR:DestinationDisplay:1"/>
                </StopPointInJourneyPattern>
                <StopPointInJourneyPattern id="VTR:StopPointInJourneyPattern:1163618" version="57824" order="16">
                  <ScheduledStopPointRef ref="VTR:ScheduledStopPoint:124011"/>
                  <DestinationDisplayRef ref="VTR:DestinationDisplay:1"/>
                </StopPointInJourneyPattern>
                <StopPointInJourneyPattern id="VTR:StopPointInJourneyPattern:1163619" version="57824" order="17">
                  <ScheduledStopPointRef ref="VTR:ScheduledStopPoint:124017"/>
                  <DestinationDisplayRef ref="VTR:DestinationDisplay:1"/>
                </StopPointInJourneyPattern>
                <StopPointInJourneyPattern id="VTR:StopPointInJourneyPattern:1163620" version="57824" order="18">
                  <ScheduledStopPointRef ref="VTR:ScheduledStopPoint:124026"/>
                  <DestinationDisplayRef ref="VTR:DestinationDisplay:1"/>
                </StopPointInJourneyPattern>
                <StopPointInJourneyPattern id="VTR:StopPointInJourneyPattern:1163621" version="57824" order="19">
                  <ScheduledStopPointRef ref="VTR:ScheduledStopPoint:124027"/>
                  <DestinationDisplayRef ref="VTR:DestinationDisplay:1"/>
                </StopPointInJourneyPattern>
                <StopPointInJourneyPattern id="VTR:StopPointInJourneyPattern:1163622" version="57824" order="20">
                  <ScheduledStopPointRef ref="VTR:ScheduledStopPoint:124028"/>
                  <DestinationDisplayRef ref="VTR:DestinationDisplay:1"/>
                </StopPointInJourneyPattern>
                <StopPointInJourneyPattern id="VTR:StopPointInJourneyPattern:1163623" version="57824" order="21">
                  <ScheduledStopPointRef ref="VTR:ScheduledStopPoint:124076"/>
                  <DestinationDisplayRef ref="VTR:DestinationDisplay:1"/>
                </StopPointInJourneyPattern>
                <StopPointInJourneyPattern id="VTR:StopPointInJourneyPattern:1163624" version="57824" order="22">
                  <ScheduledStopPointRef ref="VTR:ScheduledStopPoint:124077"/>
                  <DestinationDisplayRef ref="VTR:DestinationDisplay:1"/>
                </StopPointInJourneyPattern>
                <StopPointInJourneyPattern id="VTR:StopPointInJourneyPattern:1163625" version="57824" order="23">
                  <ScheduledStopPointRef ref="VTR:ScheduledStopPoint:124078"/>
                  <DestinationDisplayRef ref="VTR:DestinationDisplay:1"/>
                </StopPointInJourneyPattern>
                <StopPointInJourneyPattern id="VTR:StopPointInJourneyPattern:1163626" version="57824" order="24">
                  <ScheduledStopPointRef ref="VTR:ScheduledStopPoint:124079"/>
                  <DestinationDisplayRef ref="VTR:DestinationDisplay:1"/>
                </StopPointInJourneyPattern>
                <StopPointInJourneyPattern id="VTR:StopPointInJourneyPattern:1163627" version="57824" order="25">
                  <ScheduledStopPointRef ref="VTR:ScheduledStopPoint:124080"/>
                  <DestinationDisplayRef ref="VTR:DestinationDisplay:1"/>
                </StopPointInJourneyPattern>
                <StopPointInJourneyPattern id="VTR:StopPointInJourneyPattern:1163628" version="57824" order="26">
                  <ScheduledStopPointRef ref="VTR:ScheduledStopPoint:124081"/>
                  <DestinationDisplayRef ref="VTR:DestinationDisplay:1"/>
                </StopPointInJourneyPattern>
                <StopPointInJourneyPattern id="VTR:StopPointInJourneyPattern:1163629" version="57824" order="27">
                  <ScheduledStopPointRef ref="VTR:ScheduledStopPoint:124084"/>
                  <DestinationDisplayRef ref="VTR:DestinationDisplay:1"/>
                </StopPointInJourneyPattern>
              </pointsInSequence>
            </JourneyPattern>
          </journeyPatterns>
        </ServiceFrame>
        <TimetableFrame version="1" id="VTR:TimetableFrame:1381">
          <vehicleJourneys>
            <ServiceJourney version="57825" id="VTR:ServiceJourney:57767">
              <Name>Užgirėlis-Kaišiadorys</Name>
              <PrivateCode>6</PrivateCode>
              <dayTypes>
                <DayTypeRef ref="VTR:DayType:2977"/>
              </dayTypes>
              <JourneyPatternRef version="57825" ref="VTR:JourneyPattern:57767"/>
              <OperatorRef ref="VTR:Operator:"/>
              <LineRef ref="VTR:Line:2847" version="2908"/>
              <passingTimes>
                <TimetabledPassingTime version="57825" id="VTR:TimetabledPassingTime:57767_1163630_1">
                  <StopPointInJourneyPatternRef ref="VTR:StopPointInJourneyPattern:1163630" version="57825"/>
                  <DepartureTime>09:56:00</DepartureTime>
                  <DepartureDayOffset>0</DepartureDayOffset>
                </TimetabledPassingTime>
                <TimetabledPassingTime version="57825" id="VTR:TimetabledPassingTime:57767_1163631_2">
                  <StopPointInJourneyPatternRef ref="VTR:StopPointInJourneyPattern:1163631" version="57825"/>
                  <DepartureTime>09:59:00</DepartureTime>
                  <DepartureDayOffset>0</DepartureDayOffset>
                </TimetabledPassingTime>
                <TimetabledPassingTime version="57825" id="VTR:TimetabledPassingTime:57767_1163632_3">
                  <StopPointInJourneyPatternRef ref="VTR:StopPointInJourneyPattern:1163632" version="57825"/>
                  <DepartureTime>10:02:00</DepartureTime>
                  <DepartureDayOffset>0</DepartureDayOffset>
                </TimetabledPassingTime>
                <TimetabledPassingTime version="57825" id="VTR:TimetabledPassingTime:57767_1163633_4">
                  <StopPointInJourneyPatternRef ref="VTR:StopPointInJourneyPattern:1163633" version="57825"/>
                  <DepartureTime>10:03:00</DepartureTime>
                  <DepartureDayOffset>0</DepartureDayOffset>
                </TimetabledPassingTime>
                <TimetabledPassingTime version="57825" id="VTR:TimetabledPassingTime:57767_1163634_5">
                  <StopPointInJourneyPatternRef ref="VTR:StopPointInJourneyPattern:1163634" version="57825"/>
                  <DepartureTime>10:05:00</DepartureTime>
                  <DepartureDayOffset>0</DepartureDayOffset>
                </TimetabledPassingTime>
                <TimetabledPassingTime version="57825" id="VTR:TimetabledPassingTime:57767_1163635_6">
                  <StopPointInJourneyPatternRef ref="VTR:StopPointInJourneyPattern:1163635" version="57825"/>
                  <DepartureTime>10:08:00</DepartureTime>
                  <DepartureDayOffset>0</DepartureDayOffset>
                </TimetabledPassingTime>
                <TimetabledPassingTime version="57825" id="VTR:TimetabledPassingTime:57767_1163636_7">
                  <StopPointInJourneyPatternRef ref="VTR:StopPointInJourneyPattern:1163636" version="57825"/>
                  <DepartureTime>10:11:00</DepartureTime>
                  <DepartureDayOffset>0</DepartureDayOffset>
                </TimetabledPassingTime>
                <TimetabledPassingTime version="57825" id="VTR:TimetabledPassingTime:57767_1163637_8">
                  <StopPointInJourneyPatternRef ref="VTR:StopPointInJourneyPattern:1163637" version="57825"/>
                  <DepartureTime>10:15:00</DepartureTime>
                  <DepartureDayOffset>0</DepartureDayOffset>
                </TimetabledPassingTime>
                <TimetabledPassingTime version="57825" id="VTR:TimetabledPassingTime:57767_1163638_9">
                  <StopPointInJourneyPatternRef ref="VTR:StopPointInJourneyPattern:1163638" version="57825"/>
                  <DepartureTime>10:19:00</DepartureTime>
                  <DepartureDayOffset>0</DepartureDayOffset>
                </TimetabledPassingTime>
                <TimetabledPassingTime version="57825" id="VTR:TimetabledPassingTime:57767_1163639_10">
                  <StopPointInJourneyPatternRef ref="VTR:StopPointInJourneyPattern:1163639" version="57825"/>
                  <DepartureTime>10:22:00</DepartureTime>
                  <DepartureDayOffset>0</DepartureDayOffset>
                </TimetabledPassingTime>
                <TimetabledPassingTime version="57825" id="VTR:TimetabledPassingTime:57767_1163640_11">
                  <StopPointInJourneyPatternRef ref="VTR:StopPointInJourneyPattern:1163640" version="57825"/>
                  <DepartureTime>10:24:00</DepartureTime>
                  <DepartureDayOffset>0</DepartureDayOffset>
                </TimetabledPassingTime>
                <TimetabledPassingTime version="57825" id="VTR:TimetabledPassingTime:57767_1163641_12">
                  <StopPointInJourneyPatternRef ref="VTR:StopPointInJourneyPattern:1163641" version="57825"/>
                  <DepartureTime>10:28:00</DepartureTime>
                  <DepartureDayOffset>0</DepartureDayOffset>
                </TimetabledPassingTime>
                <TimetabledPassingTime version="57825" id="VTR:TimetabledPassingTime:57767_1163642_13">
                  <StopPointInJourneyPatternRef ref="VTR:StopPointInJourneyPattern:1163642" version="57825"/>
                  <DepartureTime>10:33:00</DepartureTime>
                  <DepartureDayOffset>0</DepartureDayOffset>
                </TimetabledPassingTime>
                <TimetabledPassingTime version="57825" id="VTR:TimetabledPassingTime:57767_1163643_14">
                  <StopPointInJourneyPatternRef ref="VTR:StopPointInJourneyPattern:1163643" version="57825"/>
                  <DepartureTime>10:37:00</DepartureTime>
                  <DepartureDayOffset>0</DepartureDayOffset>
                </TimetabledPassingTime>
                <TimetabledPassingTime version="57825" id="VTR:TimetabledPassingTime:57767_1163644_15">
                  <StopPointInJourneyPatternRef ref="VTR:StopPointInJourneyPattern:1163644" version="57825"/>
                  <DepartureTime>10:41:00</DepartureTime>
                  <DepartureDayOffset>0</DepartureDayOffset>
                </TimetabledPassingTime>
                <TimetabledPassingTime version="57825" id="VTR:TimetabledPassingTime:57767_1163645_16">
                  <StopPointInJourneyPatternRef ref="VTR:StopPointInJourneyPattern:1163645" version="57825"/>
                  <DepartureTime>10:43:00</DepartureTime>
                  <DepartureDayOffset>0</DepartureDayOffset>
                </TimetabledPassingTime>
                <TimetabledPassingTime version="57825" id="VTR:TimetabledPassingTime:57767_1163646_17">
                  <StopPointInJourneyPatternRef ref="VTR:StopPointInJourneyPattern:1163646" version="57825"/>
                  <DepartureTime>10:45:00</DepartureTime>
                  <DepartureDayOffset>0</DepartureDayOffset>
                </TimetabledPassingTime>
                <TimetabledPassingTime version="57825" id="VTR:TimetabledPassingTime:57767_1163647_18">
                  <StopPointInJourneyPatternRef ref="VTR:StopPointInJourneyPattern:1163647" version="57825"/>
                  <DepartureTime>10:50:00</DepartureTime>
                  <DepartureDayOffset>0</DepartureDayOffset>
                </TimetabledPassingTime>
                <TimetabledPassingTime version="57825" id="VTR:TimetabledPassingTime:57767_1163648_19">
                  <StopPointInJourneyPatternRef ref="VTR:StopPointInJourneyPattern:1163648" version="57825"/>
                  <DepartureTime>10:52:00</DepartureTime>
                  <DepartureDayOffset>0</DepartureDayOffset>
                </TimetabledPassingTime>
                <TimetabledPassingTime version="57825" id="VTR:TimetabledPassingTime:57767_1163649_20">
                  <StopPointInJourneyPatternRef ref="VTR:StopPointInJourneyPattern:1163649" version="57825"/>
                  <DepartureTime>10:54:00</DepartureTime>
                  <DepartureDayOffset>0</DepartureDayOffset>
                </TimetabledPassingTime>
                <TimetabledPassingTime version="57825" id="VTR:TimetabledPassingTime:57767_1163650_21">
                  <StopPointInJourneyPatternRef ref="VTR:StopPointInJourneyPattern:1163650" version="57825"/>
                  <DepartureTime>10:55:00</DepartureTime>
                  <DepartureDayOffset>0</DepartureDayOffset>
                </TimetabledPassingTime>
                <TimetabledPassingTime version="57825" id="VTR:TimetabledPassingTime:57767_1163651_22">
                  <StopPointInJourneyPatternRef ref="VTR:StopPointInJourneyPattern:1163651" version="57825"/>
                  <DepartureTime>10:56:00</DepartureTime>
                  <DepartureDayOffset>0</DepartureDayOffset>
                </TimetabledPassingTime>
                <TimetabledPassingTime version="57825" id="VTR:TimetabledPassingTime:57767_1163652_23">
                  <StopPointInJourneyPatternRef ref="VTR:StopPointInJourneyPattern:1163652" version="57825"/>
                  <DepartureTime>10:57:00</DepartureTime>
                  <DepartureDayOffset>0</DepartureDayOffset>
                </TimetabledPassingTime>
                <TimetabledPassingTime version="57825" id="VTR:TimetabledPassingTime:57767_1163653_24">
                  <StopPointInJourneyPatternRef ref="VTR:StopPointInJourneyPattern:1163653" version="57825"/>
                  <DepartureTime>10:58:00</DepartureTime>
                  <DepartureDayOffset>0</DepartureDayOffset>
                </TimetabledPassingTime>
                <TimetabledPassingTime version="57825" id="VTR:TimetabledPassingTime:57767_1163654_25">
                  <StopPointInJourneyPatternRef ref="VTR:StopPointInJourneyPattern:1163654" version="57825"/>
                  <DepartureTime>10:59:00</DepartureTime>
                  <DepartureDayOffset>0</DepartureDayOffset>
                </TimetabledPassingTime>
                <TimetabledPassingTime version="57825" id="VTR:TimetabledPassingTime:57767_1163655_26">
                  <StopPointInJourneyPatternRef ref="VTR:StopPointInJourneyPattern:1163655" version="57825"/>
                  <DepartureTime>11:00:00</DepartureTime>
                  <DepartureDayOffset>0</DepartureDayOffset>
                </TimetabledPassingTime>
                <TimetabledPassingTime version="57825" id="VTR:TimetabledPassingTime:57767_1163656_27">
                  <StopPointInJourneyPatternRef ref="VTR:StopPointInJourneyPattern:1163656" version="57825"/>
                  <DepartureTime>11:05:00</DepartureTime>
                  <DepartureDayOffset>0</DepartureDayOffset>
                </TimetabledPassingTime>
              </passingTimes>
            </ServiceJourney>
            <ServiceJourney version="57824" id="VTR:ServiceJourney:57766">
              <Name>Užgirėlis-Kaišiadorys</Name>
              <PrivateCode>4</PrivateCode>
              <dayTypes>
                <DayTypeRef ref="VTR:DayType:2983"/>
              </dayTypes>
              <JourneyPatternRef version="57824" ref="VTR:JourneyPattern:57766"/>
              <OperatorRef ref="VTR:Operator:"/>
              <LineRef ref="VTR:Line:2847" version="2908"/>
              <passingTimes>
                <TimetabledPassingTime version="57824" id="VTR:TimetabledPassingTime:57766_1163603_1">
                  <StopPointInJourneyPatternRef ref="VTR:StopPointInJourneyPattern:1163603" version="57824"/>
                  <DepartureTime>09:41:00</DepartureTime>
                  <DepartureDayOffset>0</DepartureDayOffset>
                </TimetabledPassingTime>
                <TimetabledPassingTime version="57824" id="VTR:TimetabledPassingTime:57766_1163604_2">
                  <StopPointInJourneyPatternRef ref="VTR:StopPointInJourneyPattern:1163604" version="57824"/>
                  <DepartureTime>09:44:00</DepartureTime>
                  <DepartureDayOffset>0</DepartureDayOffset>
                </TimetabledPassingTime>
                <TimetabledPassingTime version="57824" id="VTR:TimetabledPassingTime:57766_1163605_3">
                  <StopPointInJourneyPatternRef ref="VTR:StopPointInJourneyPattern:1163605" version="57824"/>
                  <DepartureTime>09:47:00</DepartureTime>
                  <DepartureDayOffset>0</DepartureDayOffset>
                </TimetabledPassingTime>
                <TimetabledPassingTime version="57824" id="VTR:TimetabledPassingTime:57766_1163606_4">
                  <StopPointInJourneyPatternRef ref="VTR:StopPointInJourneyPattern:1163606" version="57824"/>
                  <DepartureTime>09:48:00</DepartureTime>
                  <DepartureDayOffset>0</DepartureDayOffset>
                </TimetabledPassingTime>
                <TimetabledPassingTime version="57824" id="VTR:TimetabledPassingTime:57766_1163607_5">
                  <StopPointInJourneyPatternRef ref="VTR:StopPointInJourneyPattern:1163607" version="57824"/>
                  <DepartureTime>09:50:00</DepartureTime>
                  <DepartureDayOffset>0</DepartureDayOffset>
                </TimetabledPassingTime>
                <TimetabledPassingTime version="57824" id="VTR:TimetabledPassingTime:57766_1163608_6">
                  <StopPointInJourneyPatternRef ref="VTR:StopPointInJourneyPattern:1163608" version="57824"/>
                  <DepartureTime>09:53:00</DepartureTime>
                  <DepartureDayOffset>0</DepartureDayOffset>
                </TimetabledPassingTime>
                <TimetabledPassingTime version="57824" id="VTR:TimetabledPassingTime:57766_1163609_7">
                  <StopPointInJourneyPatternRef ref="VTR:StopPointInJourneyPattern:1163609" version="57824"/>
                  <DepartureTime>09:56:00</DepartureTime>
                  <DepartureDayOffset>0</DepartureDayOffset>
                </TimetabledPassingTime>
                <TimetabledPassingTime version="57824" id="VTR:TimetabledPassingTime:57766_1163610_8">
                  <StopPointInJourneyPatternRef ref="VTR:StopPointInJourneyPattern:1163610" version="57824"/>
                  <DepartureTime>10:00:00</DepartureTime>
                  <DepartureDayOffset>0</DepartureDayOffset>
                </TimetabledPassingTime>
                <TimetabledPassingTime version="57824" id="VTR:TimetabledPassingTime:57766_1163611_9">
                  <StopPointInJourneyPatternRef ref="VTR:StopPointInJourneyPattern:1163611" version="57824"/>
                  <DepartureTime>10:04:00</DepartureTime>
                  <DepartureDayOffset>0</DepartureDayOffset>
                </TimetabledPassingTime>
                <TimetabledPassingTime version="57824" id="VTR:TimetabledPassingTime:57766_1163612_10">
                  <StopPointInJourneyPatternRef ref="VTR:StopPointInJourneyPattern:1163612" version="57824"/>
                  <DepartureTime>10:07:00</DepartureTime>
                  <DepartureDayOffset>0</DepartureDayOffset>
                </TimetabledPassingTime>
                <TimetabledPassingTime version="57824" id="VTR:TimetabledPassingTime:57766_1163613_11">
                  <StopPointInJourneyPatternRef ref="VTR:StopPointInJourneyPattern:1163613" version="57824"/>
                  <DepartureTime>10:09:00</DepartureTime>
                  <DepartureDayOffset>0</DepartureDayOffset>
                </TimetabledPassingTime>
                <TimetabledPassingTime version="57824" id="VTR:TimetabledPassingTime:57766_1163614_12">
                  <StopPointInJourneyPatternRef ref="VTR:StopPointInJourneyPattern:1163614" version="57824"/>
                  <DepartureTime>10:13:00</DepartureTime>
                  <DepartureDayOffset>0</DepartureDayOffset>
                </TimetabledPassingTime>
                <TimetabledPassingTime version="57824" id="VTR:TimetabledPassingTime:57766_1163615_13">
                  <StopPointInJourneyPatternRef ref="VTR:StopPointInJourneyPattern:1163615" version="57824"/>
                  <DepartureTime>10:18:00</DepartureTime>
                  <DepartureDayOffset>0</DepartureDayOffset>
                </TimetabledPassingTime>
                <TimetabledPassingTime version="57824" id="VTR:TimetabledPassingTime:57766_1163616_14">
                  <StopPointInJourneyPatternRef ref="VTR:StopPointInJourneyPattern:1163616" version="57824"/>
                  <DepartureTime>10:22:00</DepartureTime>
                  <DepartureDayOffset>0</DepartureDayOffset>
                </TimetabledPassingTime>
                <TimetabledPassingTime version="57824" id="VTR:TimetabledPassingTime:57766_1163617_15">
                  <StopPointInJourneyPatternRef ref="VTR:StopPointInJourneyPattern:1163617" version="57824"/>
                  <DepartureTime>10:26:00</DepartureTime>
                  <DepartureDayOffset>0</DepartureDayOffset>
                </TimetabledPassingTime>
                <TimetabledPassingTime version="57824" id="VTR:TimetabledPassingTime:57766_1163618_16">
                  <StopPointInJourneyPatternRef ref="VTR:StopPointInJourneyPattern:1163618" version="57824"/>
                  <DepartureTime>10:28:00</DepartureTime>
                  <DepartureDayOffset>0</DepartureDayOffset>
                </TimetabledPassingTime>
                <TimetabledPassingTime version="57824" id="VTR:TimetabledPassingTime:57766_1163619_17">
                  <StopPointInJourneyPatternRef ref="VTR:StopPointInJourneyPattern:1163619" version="57824"/>
                  <DepartureTime>10:30:00</DepartureTime>
                  <DepartureDayOffset>0</DepartureDayOffset>
                </TimetabledPassingTime>
                <TimetabledPassingTime version="57824" id="VTR:TimetabledPassingTime:57766_1163620_18">
                  <StopPointInJourneyPatternRef ref="VTR:StopPointInJourneyPattern:1163620" version="57824"/>
                  <DepartureTime>10:35:00</DepartureTime>
                  <DepartureDayOffset>0</DepartureDayOffset>
                </TimetabledPassingTime>
                <TimetabledPassingTime version="57824" id="VTR:TimetabledPassingTime:57766_1163621_19">
                  <StopPointInJourneyPatternRef ref="VTR:StopPointInJourneyPattern:1163621" version="57824"/>
                  <DepartureTime>10:37:00</DepartureTime>
                  <DepartureDayOffset>0</DepartureDayOffset>
                </TimetabledPassingTime>
                <TimetabledPassingTime version="57824" id="VTR:TimetabledPassingTime:57766_1163622_20">
                  <StopPointInJourneyPatternRef ref="VTR:StopPointInJourneyPattern:1163622" version="57824"/>
                  <DepartureTime>10:39:00</DepartureTime>
                  <DepartureDayOffset>0</DepartureDayOffset>
                </TimetabledPassingTime>
                <TimetabledPassingTime version="57824" id="VTR:TimetabledPassingTime:57766_1163623_21">
                  <StopPointInJourneyPatternRef ref="VTR:StopPointInJourneyPattern:1163623" version="57824"/>
                  <DepartureTime>10:40:00</DepartureTime>
                  <DepartureDayOffset>0</DepartureDayOffset>
                </TimetabledPassingTime>
                <TimetabledPassingTime version="57824" id="VTR:TimetabledPassingTime:57766_1163624_22">
                  <StopPointInJourneyPatternRef ref="VTR:StopPointInJourneyPattern:1163624" version="57824"/>
                  <DepartureTime>10:41:00</DepartureTime>
                  <DepartureDayOffset>0</DepartureDayOffset>
                </TimetabledPassingTime>
                <TimetabledPassingTime version="57824" id="VTR:TimetabledPassingTime:57766_1163625_23">
                  <StopPointInJourneyPatternRef ref="VTR:StopPointInJourneyPattern:1163625" version="57824"/>
                  <DepartureTime>10:42:00</DepartureTime>
                  <DepartureDayOffset>0</DepartureDayOffset>
                </TimetabledPassingTime>
                <TimetabledPassingTime version="57824" id="VTR:TimetabledPassingTime:57766_1163626_24">
                  <StopPointInJourneyPatternRef ref="VTR:StopPointInJourneyPattern:1163626" version="57824"/>
                  <DepartureTime>10:43:00</DepartureTime>
                  <DepartureDayOffset>0</DepartureDayOffset>
                </TimetabledPassingTime>
                <TimetabledPassingTime version="57824" id="VTR:TimetabledPassingTime:57766_1163627_25">
                  <StopPointInJourneyPatternRef ref="VTR:StopPointInJourneyPattern:1163627" version="57824"/>
                  <DepartureTime>10:44:00</DepartureTime>
                  <DepartureDayOffset>0</DepartureDayOffset>
                </TimetabledPassingTime>
                <TimetabledPassingTime version="57824" id="VTR:TimetabledPassingTime:57766_1163628_26">
                  <StopPointInJourneyPatternRef ref="VTR:StopPointInJourneyPattern:1163628" version="57824"/>
                  <DepartureTime>10:45:00</DepartureTime>
                  <DepartureDayOffset>0</DepartureDayOffset>
                </TimetabledPassingTime>
                <TimetabledPassingTime version="57824" id="VTR:TimetabledPassingTime:57766_1163629_27">
                  <StopPointInJourneyPatternRef ref="VTR:StopPointInJourneyPattern:1163629" version="57824"/>
                  <DepartureTime>10:50:00</DepartureTime>
                  <DepartureDayOffset>0</DepartureDayOffset>
                </TimetabledPassingTime>
              </passingTimes>
            </ServiceJourney>
          </vehicleJourneys>
        </TimetableFrame>
        <ResourceFrame version="1" id="VTR:ResourceFrame:1381">
          <organisations>
            <Authority version="1" id="VTR:Authority:13">
              <CompanyNumber>49</CompanyNumber>
              <Name>Kaišiadorių r. sav.</Name>
              <LegalName>Kaišiadorių r. sav.</LegalName>
              <ContactDetails>
                <Email>meras@kaisiadorys.lt</Email>
                <Phone>834620480</Phone>
                <Url>www.kaisiadorys.lt</Url>
              </ContactDetails>
              <OrganisationType>authority</OrganisationType>
            </Authority>
          </organisations>
        </ResourceFrame>
        <FareFrame id="VTR:FareFrame:2847" version="1">
          <FrameDefaults>
            <DefaultCurrency>EUR</DefaultCurrency>
          </FrameDefaults>
          <fareStructureElements>
            <FareStructureElement id="VTR:FareStructureElement:pricematrix" version="1">
              <distanceMatrixElements>
                <DistanceMatrixElementRef ref="VTR:DistanceMatrixElement:1163649to1163656" version="1"/>
                <DistanceMatrixElementRef ref="VTR:DistanceMatrixElement:1163640to1163656" version="1"/>
                <DistanceMatrixElementRef ref="VTR:DistanceMatrixElement:1163627to1163629" version="1"/>
                <DistanceMatrixElementRef ref="VTR:DistanceMatrixElement:1163651to1163656" version="1"/>
                <DistanceMatrixElementRef ref="VTR:DistanceMatrixElement:1163613to1163629" version="1"/>
                <DistanceMatrixElementRef ref="VTR:DistanceMatrixElement:1163653to1163656" version="1"/>
                <DistanceMatrixElementRef ref="VTR:DistanceMatrixElement:1163636to1163656" version="1"/>
                <DistanceMatrixElementRef ref="VTR:DistanceMatrixElement:1163654to1163656" version="1"/>
                <DistanceMatrixElementRef ref="VTR:DistanceMatrixElement:1163622to1163629" version="1"/>
                <DistanceMatrixElementRef ref="VTR:DistanceMatrixElement:1163609to1163629" version="1"/>
                <DistanceMatrixElementRef ref="VTR:DistanceMatrixElement:1163626to1163629" version="1"/>
                <DistanceMatrixElementRef ref="VTR:DistanceMatrixElement:1163624to1163629" version="1"/>
              </distanceMatrixElements>
            </FareStructureElement>
          </fareStructureElements>
          <tariffs>
            <Tariff id="VTR:Tariff:pointToPointInSeparateJourney_2847" version="1">
              <Name>Point to point tariff</Name>
              <distanceMatrixElements>
                <DistanceMatrixElement id="VTR:DistanceMatrixElement:1163649to1163656" version="1">
                  <Name>Ligoninė to Kaišiadorių Autobusų stotis</Name>
                  <StartStopPointRef ref="VTR:ScheduledStopPoint:124028" version="1"/>
                  <EndStopPointRef ref="VTR:ScheduledStopPoint:124084" version="1"/>
                  <prices>
                    <DistanceMatrixElementPrice id="VTR:DistanceMatrixElementPrice:1163649to1163656" version="1">
                      <Amount>0.41</Amount>
                      <DistanceMatrixElementRef ref="VTR:DistanceMatrixElement:1163649to1163656" version="1"/>
                    </DistanceMatrixElementPrice>
                  </prices>
                </DistanceMatrixElement>
                <DistanceMatrixElement id="VTR:DistanceMatrixElement:1163640to1163656" version="1">
                  <Name>Ginteikiškės to Kaišiadorių Autobusų stotis</Name>
                  <StartStopPointRef ref="VTR:ScheduledStopPoint:124006" version="1"/>
                  <EndStopPointRef ref="VTR:ScheduledStopPoint:124084" version="1"/>
                  <prices>
                    <DistanceMatrixElementPrice id="VTR:DistanceMatrixElementPrice:1163640to1163656" version="1">
                      <Amount>2.15</Amount>
                      <DistanceMatrixElementRef ref="VTR:DistanceMatrixElement:1163640to1163656" version="1"/>
                    </DistanceMatrixElementPrice>
                  </prices>
                </DistanceMatrixElement>
                <DistanceMatrixElement id="VTR:DistanceMatrixElement:1163627to1163629" version="1">
                  <Name>Pėsčiųjų tiltas to Kaišiadorių Autobusų stotis</Name>
                  <StartStopPointRef ref="VTR:ScheduledStopPoint:124080" version="1"/>
                  <EndStopPointRef ref="VTR:ScheduledStopPoint:124084" version="1"/>
                  <prices>
                    <DistanceMatrixElementPrice id="VTR:DistanceMatrixElementPrice:1163627to1163629" version="1">
                      <Amount>0.41</Amount>
                      <DistanceMatrixElementRef ref="VTR:DistanceMatrixElement:1163627to1163629" version="1"/>
                    </DistanceMatrixElementPrice>
                  </prices>
                </DistanceMatrixElement>
                <DistanceMatrixElement id="VTR:DistanceMatrixElement:1163651to1163656" version="1">
                  <Name>Prekybos centras to Kaišiadorių Autobusų stotis</Name>
                  <StartStopPointRef ref="VTR:ScheduledStopPoint:124077" version="1"/>
                  <EndStopPointRef ref="VTR:ScheduledStopPoint:124084" version="1"/>
                  <prices>
                    <DistanceMatrixElementPrice id="VTR:DistanceMatrixElementPrice:1163651to1163656" version="1">
                      <Amount>0.41</Amount>
                      <DistanceMatrixElementRef ref="VTR:DistanceMatrixElement:1163651to1163656" version="1"/>
                    </DistanceMatrixElementPrice>
                  </prices>
                </DistanceMatrixElement>
                <DistanceMatrixElement id="VTR:DistanceMatrixElement:1163613to1163629" version="1">
                  <Name>Ginteikiškės to Kaišiadorių Autobusų stotis</Name>
                  <StartStopPointRef ref="VTR:ScheduledStopPoint:124006" version="1"/>
                  <EndStopPointRef ref="VTR:ScheduledStopPoint:124084" version="1"/>
                  <prices>
                    <DistanceMatrixElementPrice id="VTR:DistanceMatrixElementPrice:1163613to1163629" version="1">
                      <Amount>2.15</Amount>
                      <DistanceMatrixElementRef ref="VTR:DistanceMatrixElement:1163613to1163629" version="1"/>
                    </DistanceMatrixElementPrice>
                  </prices>
                </DistanceMatrixElement>
                <DistanceMatrixElement id="VTR:DistanceMatrixElement:1163653to1163656" version="1">
                  <Name>Centras to Kaišiadorių Autobusų stotis</Name>
                  <StartStopPointRef ref="VTR:ScheduledStopPoint:124079" version="1"/>
                  <EndStopPointRef ref="VTR:ScheduledStopPoint:124084" version="1"/>
                  <prices>
                    <DistanceMatrixElementPrice id="VTR:DistanceMatrixElementPrice:1163653to1163656" version="1">
                      <Amount>0.41</Amount>
                      <DistanceMatrixElementRef ref="VTR:DistanceMatrixElement:1163653to1163656" version="1"/>
                    </DistanceMatrixElementPrice>
                  </prices>
                </DistanceMatrixElement>
                <DistanceMatrixElement id="VTR:DistanceMatrixElement:1163636to1163656" version="1">
                  <Name>Dijokiškės to Kaišiadorių Autobusų stotis</Name>
                  <StartStopPointRef ref="VTR:ScheduledStopPoint:124002" version="1"/>
                  <EndStopPointRef ref="VTR:ScheduledStopPoint:124084" version="1"/>
                  <prices>
                    <DistanceMatrixElementPrice id="VTR:DistanceMatrixElementPrice:1163636to1163656" version="1">
                      <Amount>2.92</Amount>
                      <DistanceMatrixElementRef ref="VTR:DistanceMatrixElement:1163636to1163656" version="1"/>
                    </DistanceMatrixElementPrice>
                  </prices>
                </DistanceMatrixElement>
                <DistanceMatrixElement id="VTR:DistanceMatrixElement:1163654to1163656" version="1">
                  <Name>Pėsčiųjų tiltas to Kaišiadorių Autobusų stotis</Name>
                  <StartStopPointRef ref="VTR:ScheduledStopPoint:124080" version="1"/>
                  <EndStopPointRef ref="VTR:ScheduledStopPoint:124084" version="1"/>
                  <prices>
                    <DistanceMatrixElementPrice id="VTR:DistanceMatrixElementPrice:1163654to1163656" version="1">
                      <Amount>0.41</Amount>
                      <DistanceMatrixElementRef ref="VTR:DistanceMatrixElement:1163654to1163656" version="1"/>
                    </DistanceMatrixElementPrice>
                  </prices>
                </DistanceMatrixElement>
                <DistanceMatrixElement id="VTR:DistanceMatrixElement:1163622to1163629" version="1">
                  <Name>Ligoninė to Kaišiadorių Autobusų stotis</Name>
                  <StartStopPointRef ref="VTR:ScheduledStopPoint:124028" version="1"/>
                  <EndStopPointRef ref="VTR:ScheduledStopPoint:124084" version="1"/>
                  <prices>
                    <DistanceMatrixElementPrice id="VTR:DistanceMatrixElementPrice:1163622to1163629" version="1">
                      <Amount>0.41</Amount>
                      <DistanceMatrixElementRef ref="VTR:DistanceMatrixElement:1163622to1163629" version="1"/>
                    </DistanceMatrixElementPrice>
                  </prices>
                </DistanceMatrixElement>
                <DistanceMatrixElement id="VTR:DistanceMatrixElement:1163609to1163629" version="1">
                  <Name>Dijokiškės to Kaišiadorių Autobusų stotis</Name>
                  <StartStopPointRef ref="VTR:ScheduledStopPoint:124002" version="1"/>
                  <EndStopPointRef ref="VTR:ScheduledStopPoint:124084" version="1"/>
                  <prices>
                    <DistanceMatrixElementPrice id="VTR:DistanceMatrixElementPrice:1163609to1163629" version="1">
                      <Amount>2.92</Amount>
                      <DistanceMatrixElementRef ref="VTR:DistanceMatrixElement:1163609to1163629" version="1"/>
                    </DistanceMatrixElementPrice>
                  </prices>
                </DistanceMatrixElement>
                <DistanceMatrixElement id="VTR:DistanceMatrixElement:1163626to1163629" version="1">
                  <Name>Centras to Kaišiadorių Autobusų stotis</Name>
                  <StartStopPointRef ref="VTR:ScheduledStopPoint:124079" version="1"/>
                  <EndStopPointRef ref="VTR:ScheduledStopPoint:124084" version="1"/>
                  <prices>
                    <DistanceMatrixElementPrice id="VTR:DistanceMatrixElementPrice:1163626to1163629" version="1">
                      <Amount>0.41</Amount>
                      <DistanceMatrixElementRef ref="VTR:DistanceMatrixElement:1163626to1163629" version="1"/>
                    </DistanceMatrixElementPrice>
                  </prices>
                </DistanceMatrixElement>
                <DistanceMatrixElement id="VTR:DistanceMatrixElement:1163624to1163629" version="1">
                  <Name>Prekybos centras to Kaišiadorių Autobusų stotis</Name>
                  <StartStopPointRef ref="VTR:ScheduledStopPoint:124077" version="1"/>
                  <EndStopPointRef ref="VTR:ScheduledStopPoint:124084" version="1"/>
                  <prices>
                    <DistanceMatrixElementPrice id="VTR:DistanceMatrixElementPrice:1163624to1163629" version="1">
                      <Amount>0.41</Amount>
                      <DistanceMatrixElementRef ref="VTR:DistanceMatrixElement:1163624to1163629" version="1"/>
                    </DistanceMatrixElementPrice>
                  </prices>
                </DistanceMatrixElement>
              </distanceMatrixElements>
            </Tariff>
          </tariffs>
          <usageParameters>
            <FrequencyOfUse id="VTR:FrequencyOfUse:oneTrip" version="1">
              <FrequencyOfUseType>unlimited</FrequencyOfUseType>
              <MaximalFrequency>1</MaximalFrequency>
            </FrequencyOfUse>
          </usageParameters>
        </FareFrame>
      </frames>
    </CompositeFrame>
  </dataObjects>
</PublicationDelivery>
