<?xml version="1.0" encoding="UTF-8"?><PublicationDelivery xmlns="http://www.netex.org.uk/netex" xmlns:gis="http://www.opengis.net/gml/3.2" xmlns:ns2="http://www.opengis.net/gml/3.2" xmlns:ns3="http://www.siri.org.uk/siri" xmlns:xsi="http://www.w3.org/2001/XMLSchema-instance" version="1" xsi:schemaLocation="">
  <PublicationTimestamp>2022-05-07T03:25:00.575</PublicationTimestamp>
  <ParticipantRef>VTR</ParticipantRef>
  <Description>1</Description>
  <dataObjects>
    <CompositeFrame created="2022-05-07T03:25:00.575" version="1" id="VTR:CompositeFrame:1381">
      <validityConditions>
        <AvailabilityCondition version="1" id="VTR:AvailabilityCondition:1381">
          <FromDate>2015-11-25T16:34:29</FromDate>
          <ToDate>2027-12-30T00:00:00</ToDate>
        </AvailabilityCondition>
      </validityConditions>
      <codespaces>
        <Codespace id="vtr">
          <Xmlns>VTR</Xmlns>
          <XmlnsUrl>http://www.visimarsrutai.lt/</XmlnsUrl>
        </Codespace>
      </codespaces>
      <FrameDefaults>
        <DefaultLocale>
          <TimeZone>Europe/Vilnius</TimeZone>
        </DefaultLocale>
        <DefaultLocationSystem>WGS84</DefaultLocationSystem>
      </FrameDefaults>
      <frames>
        <ServiceCalendarFrame version="1" id="VTR:ServiceCalendarFrame:1381">
          <dayTypes>
            <DayType id="VTR:DayType:6727" version="1">
              <properties>
                <PropertyOfDay>
                  <DaysOfWeek>Monday Saturday</DaysOfWeek>
                </PropertyOfDay>
              </properties>
            </DayType>
          </dayTypes>
          <operatingPeriods>
            <OperatingPeriod version="1" id="VTR:OperatingPeriod:6727">
              <FromDate>2016-06-04T00:00:00</FromDate>
              <ToDate>2016-08-31T00:00:00</ToDate>
            </OperatingPeriod>
          </operatingPeriods>
          <dayTypeAssignments>
            <DayTypeAssignment id="VTR:DayTypeAssignment:6727_0" version="1" order="3539">
              <OperatingPeriodRef ref="VTR:OperatingPeriod:6727" version="1"/>
              <DayTypeRef ref="VTR:DayType:6727" version="1"/>
            </DayTypeAssignment>
          </dayTypeAssignments>
        </ServiceCalendarFrame>
        <ServiceFrame id="VTR:ServiceFrame:1381" version="1">
          <Network version="0" id="VTR:Network:13"/>
          <routePoints>
            <RoutePoint version="1" id="VTR:RoutePoint:126015">
              <projections>
                <PointProjection version="1" id="VTR:PointProjection:38161">
                  <ProjectedPointRef ref="VTR:ScheduledStopPoint:126015" version="1"/>
                </PointProjection>
              </projections>
            </RoutePoint>
            <RoutePoint version="1" id="VTR:RoutePoint:126016">
              <projections>
                <PointProjection version="1" id="VTR:PointProjection:38162">
                  <ProjectedPointRef ref="VTR:ScheduledStopPoint:126016" version="1"/>
                </PointProjection>
              </projections>
            </RoutePoint>
            <RoutePoint version="1" id="VTR:RoutePoint:126017">
              <projections>
                <PointProjection version="1" id="VTR:PointProjection:38163">
                  <ProjectedPointRef ref="VTR:ScheduledStopPoint:126017" version="1"/>
                </PointProjection>
              </projections>
            </RoutePoint>
            <RoutePoint version="1" id="VTR:RoutePoint:126018">
              <projections>
                <PointProjection version="1" id="VTR:PointProjection:38164">
                  <ProjectedPointRef ref="VTR:ScheduledStopPoint:126018" version="1"/>
                </PointProjection>
              </projections>
            </RoutePoint>
            <RoutePoint version="1" id="VTR:RoutePoint:126019">
              <projections>
                <PointProjection version="1" id="VTR:PointProjection:38165">
                  <ProjectedPointRef ref="VTR:ScheduledStopPoint:126019" version="1"/>
                </PointProjection>
              </projections>
            </RoutePoint>
            <RoutePoint version="1" id="VTR:RoutePoint:126020">
              <projections>
                <PointProjection version="1" id="VTR:PointProjection:38166">
                  <ProjectedPointRef ref="VTR:ScheduledStopPoint:126020" version="1"/>
                </PointProjection>
              </projections>
            </RoutePoint>
            <RoutePoint version="1" id="VTR:RoutePoint:126021">
              <projections>
                <PointProjection version="1" id="VTR:PointProjection:38167">
                  <ProjectedPointRef ref="VTR:ScheduledStopPoint:126021" version="1"/>
                </PointProjection>
              </projections>
            </RoutePoint>
            <RoutePoint version="1" id="VTR:RoutePoint:126022">
              <projections>
                <PointProjection version="1" id="VTR:PointProjection:38168">
                  <ProjectedPointRef ref="VTR:ScheduledStopPoint:126022" version="1"/>
                </PointProjection>
              </projections>
            </RoutePoint>
            <RoutePoint version="1" id="VTR:RoutePoint:126025">
              <projections>
                <PointProjection version="1" id="VTR:PointProjection:38169">
                  <ProjectedPointRef ref="VTR:ScheduledStopPoint:126025" version="1"/>
                </PointProjection>
              </projections>
            </RoutePoint>
            <RoutePoint version="1" id="VTR:RoutePoint:126029">
              <projections>
                <PointProjection version="1" id="VTR:PointProjection:38199">
                  <ProjectedPointRef ref="VTR:ScheduledStopPoint:126029" version="1"/>
                </PointProjection>
              </projections>
            </RoutePoint>
            <RoutePoint version="1" id="VTR:RoutePoint:126030">
              <projections>
                <PointProjection version="1" id="VTR:PointProjection:38200">
                  <ProjectedPointRef ref="VTR:ScheduledStopPoint:126030" version="1"/>
                </PointProjection>
              </projections>
            </RoutePoint>
            <RoutePoint version="1" id="VTR:RoutePoint:126031">
              <projections>
                <PointProjection version="1" id="VTR:PointProjection:38201">
                  <ProjectedPointRef ref="VTR:ScheduledStopPoint:126031" version="1"/>
                </PointProjection>
              </projections>
            </RoutePoint>
            <RoutePoint version="1" id="VTR:RoutePoint:126032">
              <projections>
                <PointProjection version="1" id="VTR:PointProjection:38202">
                  <ProjectedPointRef ref="VTR:ScheduledStopPoint:126032" version="1"/>
                </PointProjection>
              </projections>
            </RoutePoint>
          </routePoints>
          <routes>
            <Route version="1" id="VTR:Route:7520">
              <Name>Kruonis-Kaišiadorys</Name>
              <ShortName>Kruonis-Kaišiadorys</ShortName>
              <LineRef ref="VTR:Line:2887" version="2957"/>
              <DirectionType>inbound</DirectionType>
              <pointsInSequence>
                <PointOnRoute version="1" id="VTR:PointOnRoute:126015" order="1">
                  <RoutePointRef ref="VTR:RoutePoint:126015"/>
                </PointOnRoute>
                <PointOnRoute version="1" id="VTR:PointOnRoute:126016" order="2">
                  <RoutePointRef ref="VTR:RoutePoint:126016"/>
                </PointOnRoute>
                <PointOnRoute version="1" id="VTR:PointOnRoute:126017" order="3">
                  <RoutePointRef ref="VTR:RoutePoint:126017"/>
                </PointOnRoute>
                <PointOnRoute version="1" id="VTR:PointOnRoute:126018" order="4">
                  <RoutePointRef ref="VTR:RoutePoint:126018"/>
                </PointOnRoute>
                <PointOnRoute version="1" id="VTR:PointOnRoute:126019" order="5">
                  <RoutePointRef ref="VTR:RoutePoint:126019"/>
                </PointOnRoute>
                <PointOnRoute version="1" id="VTR:PointOnRoute:126020" order="6">
                  <RoutePointRef ref="VTR:RoutePoint:126020"/>
                </PointOnRoute>
                <PointOnRoute version="1" id="VTR:PointOnRoute:126021" order="7">
                  <RoutePointRef ref="VTR:RoutePoint:126021"/>
                </PointOnRoute>
                <PointOnRoute version="1" id="VTR:PointOnRoute:126022" order="8">
                  <RoutePointRef ref="VTR:RoutePoint:126022"/>
                </PointOnRoute>
                <PointOnRoute version="1" id="VTR:PointOnRoute:126025" order="9">
                  <RoutePointRef ref="VTR:RoutePoint:126025"/>
                </PointOnRoute>
                <PointOnRoute version="1" id="VTR:PointOnRoute:126029" order="10">
                  <RoutePointRef ref="VTR:RoutePoint:126029"/>
                </PointOnRoute>
                <PointOnRoute version="1" id="VTR:PointOnRoute:126030" order="11">
                  <RoutePointRef ref="VTR:RoutePoint:126030"/>
                </PointOnRoute>
                <PointOnRoute version="1" id="VTR:PointOnRoute:126031" order="12">
                  <RoutePointRef ref="VTR:RoutePoint:126031"/>
                </PointOnRoute>
                <PointOnRoute version="1" id="VTR:PointOnRoute:126032" order="13">
                  <RoutePointRef ref="VTR:RoutePoint:126032"/>
                </PointOnRoute>
              </pointsInSequence>
            </Route>
          </routes>
          <lines>
            <Line version="2957" id="VTR:Line:2887">
              <Name>Kruonis-Kaišiadorys</Name>
              <TransportMode>bus</TransportMode>
              <TransportSubmode>
                <BusSubmode>regionalBus</BusSubmode>
              </TransportSubmode>
              <PublicCode>86-3</PublicCode>
              <OperatorRef ref="VTR:Operator:13"/>
            </Line>
          </lines>
          <scheduledStopPoints>
            <ScheduledStopPoint version="1" id="VTR:ScheduledStopPoint:126015">
              <Name>Kruonis</Name>
            </ScheduledStopPoint>
            <ScheduledStopPoint version="1" id="VTR:ScheduledStopPoint:126016">
              <Name>Burčiagai</Name>
            </ScheduledStopPoint>
            <ScheduledStopPoint version="1" id="VTR:ScheduledStopPoint:126017">
              <Name>Ginteikiškės</Name>
            </ScheduledStopPoint>
            <ScheduledStopPoint version="1" id="VTR:ScheduledStopPoint:126018">
              <Name>Pridotkai</Name>
            </ScheduledStopPoint>
            <ScheduledStopPoint version="1" id="VTR:ScheduledStopPoint:126019">
              <Name>Kairiškės</Name>
            </ScheduledStopPoint>
            <ScheduledStopPoint version="1" id="VTR:ScheduledStopPoint:126020">
              <Name>Med.Strėvininkai</Name>
            </ScheduledStopPoint>
            <ScheduledStopPoint version="1" id="VTR:ScheduledStopPoint:126021">
              <Name>Žiežmariai</Name>
            </ScheduledStopPoint>
            <ScheduledStopPoint version="1" id="VTR:ScheduledStopPoint:126022">
              <Name>Žiežmariai</Name>
            </ScheduledStopPoint>
            <ScheduledStopPoint version="1" id="VTR:ScheduledStopPoint:126025">
              <Name>Žiežmarių Kr.</Name>
            </ScheduledStopPoint>
            <ScheduledStopPoint version="1" id="VTR:ScheduledStopPoint:126029">
              <Name>Karantinis m</Name>
            </ScheduledStopPoint>
            <ScheduledStopPoint version="1" id="VTR:ScheduledStopPoint:126030">
              <Name>Šebnica</Name>
            </ScheduledStopPoint>
            <ScheduledStopPoint version="1" id="VTR:ScheduledStopPoint:126031">
              <Name>Autoservisas</Name>
            </ScheduledStopPoint>
            <ScheduledStopPoint version="1" id="VTR:ScheduledStopPoint:126032">
              <Name>Kaišiadorių Autobusų stotis</Name>
            </ScheduledStopPoint>
          </scheduledStopPoints>
          <serviceLinks>
            <ServiceLink id="VTR:ServiceLink:126030_1_126031_1" version="1">
              <Distance>1</Distance>
              <FromPointRef ref="VTR:ScheduledStopPoint:126030" version="1"/>
              <ToPointRef ref="VTR:ScheduledStopPoint:126031" version="1"/>
            </ServiceLink>
            <ServiceLink id="VTR:ServiceLink:126016_1_126017_1" version="1">
              <Distance>1</Distance>
              <FromPointRef ref="VTR:ScheduledStopPoint:126016" version="1"/>
              <ToPointRef ref="VTR:ScheduledStopPoint:126017" version="1"/>
            </ServiceLink>
            <ServiceLink id="VTR:ServiceLink:126021_1_126022_1" version="1">
              <Distance>1</Distance>
              <FromPointRef ref="VTR:ScheduledStopPoint:126021" version="1"/>
              <ToPointRef ref="VTR:ScheduledStopPoint:126022" version="1"/>
            </ServiceLink>
            <ServiceLink id="VTR:ServiceLink:126015_1_126016_1" version="1">
              <Distance>1</Distance>
              <FromPointRef ref="VTR:ScheduledStopPoint:126015" version="1"/>
              <ToPointRef ref="VTR:ScheduledStopPoint:126016" version="1"/>
            </ServiceLink>
            <ServiceLink id="VTR:ServiceLink:126031_1_126032_1" version="1">
              <Distance>0</Distance>
              <FromPointRef ref="VTR:ScheduledStopPoint:126031" version="1"/>
              <ToPointRef ref="VTR:ScheduledStopPoint:126032" version="1"/>
            </ServiceLink>
            <ServiceLink id="VTR:ServiceLink:126017_1_126018_1" version="1">
              <Distance>2</Distance>
              <FromPointRef ref="VTR:ScheduledStopPoint:126017" version="1"/>
              <ToPointRef ref="VTR:ScheduledStopPoint:126018" version="1"/>
            </ServiceLink>
            <ServiceLink id="VTR:ServiceLink:126020_1_126021_1" version="1">
              <Distance>2</Distance>
              <FromPointRef ref="VTR:ScheduledStopPoint:126020" version="1"/>
              <ToPointRef ref="VTR:ScheduledStopPoint:126021" version="1"/>
            </ServiceLink>
            <ServiceLink id="VTR:ServiceLink:126029_1_126030_1" version="1">
              <Distance>1</Distance>
              <FromPointRef ref="VTR:ScheduledStopPoint:126029" version="1"/>
              <ToPointRef ref="VTR:ScheduledStopPoint:126030" version="1"/>
            </ServiceLink>
            <ServiceLink id="VTR:ServiceLink:126018_1_126019_1" version="1">
              <Distance>2</Distance>
              <FromPointRef ref="VTR:ScheduledStopPoint:126018" version="1"/>
              <ToPointRef ref="VTR:ScheduledStopPoint:126019" version="1"/>
            </ServiceLink>
            <ServiceLink id="VTR:ServiceLink:126019_1_126020_1" version="1">
              <Distance>2</Distance>
              <FromPointRef ref="VTR:ScheduledStopPoint:126019" version="1"/>
              <ToPointRef ref="VTR:ScheduledStopPoint:126020" version="1"/>
            </ServiceLink>
          </serviceLinks>
          <stopAssignments>
            <PassengerStopAssignment order="752000000" id="VTR:PassengerStopAssignment:126015" version="1">
              <ScheduledStopPointRef ref="VTR:ScheduledStopPoint:126015" version="1"/>
              <QuayRef ref="VTR:Quay:5238"/>
            </PassengerStopAssignment>
            <PassengerStopAssignment order="752000001" id="VTR:PassengerStopAssignment:126016" version="1">
              <ScheduledStopPointRef ref="VTR:ScheduledStopPoint:126016" version="1"/>
              <QuayRef ref="VTR:Quay:15822"/>
            </PassengerStopAssignment>
            <PassengerStopAssignment order="752000002" id="VTR:PassengerStopAssignment:126017" version="1">
              <ScheduledStopPointRef ref="VTR:ScheduledStopPoint:126017" version="1"/>
              <QuayRef ref="VTR:Quay:7133"/>
            </PassengerStopAssignment>
            <PassengerStopAssignment order="752000003" id="VTR:PassengerStopAssignment:126018" version="1">
              <ScheduledStopPointRef ref="VTR:ScheduledStopPoint:126018" version="1"/>
              <QuayRef ref="VTR:Quay:15170"/>
            </PassengerStopAssignment>
            <PassengerStopAssignment order="752000004" id="VTR:PassengerStopAssignment:126019" version="1">
              <ScheduledStopPointRef ref="VTR:ScheduledStopPoint:126019" version="1"/>
              <QuayRef ref="VTR:Quay:12109"/>
            </PassengerStopAssignment>
            <PassengerStopAssignment order="752000005" id="VTR:PassengerStopAssignment:126020" version="1">
              <ScheduledStopPointRef ref="VTR:ScheduledStopPoint:126020" version="1"/>
              <QuayRef ref="VTR:Quay:9134"/>
            </PassengerStopAssignment>
            <PassengerStopAssignment order="752000006" id="VTR:PassengerStopAssignment:126021" version="1">
              <ScheduledStopPointRef ref="VTR:ScheduledStopPoint:126021" version="1"/>
              <QuayRef ref="VTR:Quay:5231"/>
            </PassengerStopAssignment>
            <PassengerStopAssignment order="752000007" id="VTR:PassengerStopAssignment:126022" version="1">
              <ScheduledStopPointRef ref="VTR:ScheduledStopPoint:126022" version="1"/>
              <QuayRef ref="VTR:Quay:13918"/>
            </PassengerStopAssignment>
            <PassengerStopAssignment order="752000010" id="VTR:PassengerStopAssignment:126025" version="1">
              <ScheduledStopPointRef ref="VTR:ScheduledStopPoint:126025" version="1"/>
              <QuayRef ref="VTR:Quay:23770"/>
            </PassengerStopAssignment>
            <PassengerStopAssignment order="752000014" id="VTR:PassengerStopAssignment:126029" version="1">
              <ScheduledStopPointRef ref="VTR:ScheduledStopPoint:126029" version="1"/>
              <QuayRef ref="VTR:Quay:15758"/>
            </PassengerStopAssignment>
            <PassengerStopAssignment order="752000015" id="VTR:PassengerStopAssignment:126030" version="1">
              <ScheduledStopPointRef ref="VTR:ScheduledStopPoint:126030" version="1"/>
              <QuayRef ref="VTR:Quay:10755"/>
            </PassengerStopAssignment>
            <PassengerStopAssignment order="752000016" id="VTR:PassengerStopAssignment:126031" version="1">
              <ScheduledStopPointRef ref="VTR:ScheduledStopPoint:126031" version="1"/>
              <QuayRef ref="VTR:Quay:5003"/>
            </PassengerStopAssignment>
            <PassengerStopAssignment order="752000017" id="VTR:PassengerStopAssignment:126032" version="1">
              <ScheduledStopPointRef ref="VTR:ScheduledStopPoint:126032" version="1"/>
              <QuayRef ref="VTR:Quay:23769"/>
            </PassengerStopAssignment>
          </stopAssignments>
          <journeyPatterns>
            <JourneyPattern id="VTR:JourneyPattern:58276" version="58338">
              <Name>4</Name>
              <RouteRef ref="VTR:Route:7520" version="1"/>
              <pointsInSequence>
                <StopPointInJourneyPattern id="VTR:StopPointInJourneyPattern:1172168" version="58338" order="1">
                  <ScheduledStopPointRef ref="VTR:ScheduledStopPoint:126015"/>
                  <DestinationDisplayRef ref="VTR:DestinationDisplay:1"/>
                </StopPointInJourneyPattern>
                <StopPointInJourneyPattern id="VTR:StopPointInJourneyPattern:1172169" version="58338" order="2">
                  <ScheduledStopPointRef ref="VTR:ScheduledStopPoint:126016"/>
                  <DestinationDisplayRef ref="VTR:DestinationDisplay:1"/>
                </StopPointInJourneyPattern>
                <StopPointInJourneyPattern id="VTR:StopPointInJourneyPattern:1172170" version="58338" order="3">
                  <ScheduledStopPointRef ref="VTR:ScheduledStopPoint:126017"/>
                  <DestinationDisplayRef ref="VTR:DestinationDisplay:1"/>
                </StopPointInJourneyPattern>
                <StopPointInJourneyPattern id="VTR:StopPointInJourneyPattern:1172171" version="58338" order="4">
                  <ScheduledStopPointRef ref="VTR:ScheduledStopPoint:126018"/>
                  <DestinationDisplayRef ref="VTR:DestinationDisplay:1"/>
                </StopPointInJourneyPattern>
                <StopPointInJourneyPattern id="VTR:StopPointInJourneyPattern:1172172" version="58338" order="5">
                  <ScheduledStopPointRef ref="VTR:ScheduledStopPoint:126019"/>
                  <DestinationDisplayRef ref="VTR:DestinationDisplay:1"/>
                </StopPointInJourneyPattern>
                <StopPointInJourneyPattern id="VTR:StopPointInJourneyPattern:1172173" version="58338" order="6">
                  <ScheduledStopPointRef ref="VTR:ScheduledStopPoint:126020"/>
                  <DestinationDisplayRef ref="VTR:DestinationDisplay:1"/>
                </StopPointInJourneyPattern>
                <StopPointInJourneyPattern id="VTR:StopPointInJourneyPattern:1172174" version="58338" order="7">
                  <ScheduledStopPointRef ref="VTR:ScheduledStopPoint:126021"/>
                  <DestinationDisplayRef ref="VTR:DestinationDisplay:1"/>
                </StopPointInJourneyPattern>
                <StopPointInJourneyPattern id="VTR:StopPointInJourneyPattern:1172175" version="58338" order="8">
                  <ScheduledStopPointRef ref="VTR:ScheduledStopPoint:126022"/>
                  <DestinationDisplayRef ref="VTR:DestinationDisplay:1"/>
                </StopPointInJourneyPattern>
                <StopPointInJourneyPattern id="VTR:StopPointInJourneyPattern:1172176" version="58338" order="9">
                  <ScheduledStopPointRef ref="VTR:ScheduledStopPoint:126025"/>
                  <DestinationDisplayRef ref="VTR:DestinationDisplay:1"/>
                </StopPointInJourneyPattern>
                <StopPointInJourneyPattern id="VTR:StopPointInJourneyPattern:1172177" version="58338" order="10">
                  <ScheduledStopPointRef ref="VTR:ScheduledStopPoint:126029"/>
                  <DestinationDisplayRef ref="VTR:DestinationDisplay:1"/>
                </StopPointInJourneyPattern>
                <StopPointInJourneyPattern id="VTR:StopPointInJourneyPattern:1172178" version="58338" order="11">
                  <ScheduledStopPointRef ref="VTR:ScheduledStopPoint:126030"/>
                  <DestinationDisplayRef ref="VTR:DestinationDisplay:1"/>
                </StopPointInJourneyPattern>
                <StopPointInJourneyPattern id="VTR:StopPointInJourneyPattern:1172179" version="58338" order="12">
                  <ScheduledStopPointRef ref="VTR:ScheduledStopPoint:126031"/>
                  <DestinationDisplayRef ref="VTR:DestinationDisplay:1"/>
                </StopPointInJourneyPattern>
                <StopPointInJourneyPattern id="VTR:StopPointInJourneyPattern:1172180" version="58338" order="13">
                  <ScheduledStopPointRef ref="VTR:ScheduledStopPoint:126032"/>
                  <DestinationDisplayRef ref="VTR:DestinationDisplay:1"/>
                </StopPointInJourneyPattern>
              </pointsInSequence>
            </JourneyPattern>
          </journeyPatterns>
        </ServiceFrame>
        <TimetableFrame version="1" id="VTR:TimetableFrame:1381">
          <vehicleJourneys>
            <ServiceJourney version="58338" id="VTR:ServiceJourney:58276">
              <Name>Kruonis-Kaišiadorys</Name>
              <PrivateCode>4</PrivateCode>
              <dayTypes>
                <DayTypeRef ref="VTR:DayType:6727"/>
              </dayTypes>
              <JourneyPatternRef version="58338" ref="VTR:JourneyPattern:58276"/>
              <OperatorRef ref="VTR:Operator:"/>
              <LineRef ref="VTR:Line:2887" version="2957"/>
              <passingTimes>
                <TimetabledPassingTime version="58338" id="VTR:TimetabledPassingTime:58276_1172168_1">
                  <StopPointInJourneyPatternRef ref="VTR:StopPointInJourneyPattern:1172168" version="58338"/>
                  <DepartureTime>14:50:00</DepartureTime>
                  <DepartureDayOffset>0</DepartureDayOffset>
                </TimetabledPassingTime>
                <TimetabledPassingTime version="58338" id="VTR:TimetabledPassingTime:58276_1172169_2">
                  <StopPointInJourneyPatternRef ref="VTR:StopPointInJourneyPattern:1172169" version="58338"/>
                  <DepartureTime>14:53:00</DepartureTime>
                  <DepartureDayOffset>0</DepartureDayOffset>
                </TimetabledPassingTime>
                <TimetabledPassingTime version="58338" id="VTR:TimetabledPassingTime:58276_1172170_3">
                  <StopPointInJourneyPatternRef ref="VTR:StopPointInJourneyPattern:1172170" version="58338"/>
                  <DepartureTime>14:56:00</DepartureTime>
                  <DepartureDayOffset>0</DepartureDayOffset>
                </TimetabledPassingTime>
                <TimetabledPassingTime version="58338" id="VTR:TimetabledPassingTime:58276_1172171_4">
                  <StopPointInJourneyPatternRef ref="VTR:StopPointInJourneyPattern:1172171" version="58338"/>
                  <DepartureTime>15:00:00</DepartureTime>
                  <DepartureDayOffset>0</DepartureDayOffset>
                </TimetabledPassingTime>
                <TimetabledPassingTime version="58338" id="VTR:TimetabledPassingTime:58276_1172172_5">
                  <StopPointInJourneyPatternRef ref="VTR:StopPointInJourneyPattern:1172172" version="58338"/>
                  <DepartureTime>15:04:00</DepartureTime>
                  <DepartureDayOffset>0</DepartureDayOffset>
                </TimetabledPassingTime>
                <TimetabledPassingTime version="58338" id="VTR:TimetabledPassingTime:58276_1172173_6">
                  <StopPointInJourneyPatternRef ref="VTR:StopPointInJourneyPattern:1172173" version="58338"/>
                  <DepartureTime>15:08:00</DepartureTime>
                  <DepartureDayOffset>0</DepartureDayOffset>
                </TimetabledPassingTime>
                <TimetabledPassingTime version="58338" id="VTR:TimetabledPassingTime:58276_1172174_7">
                  <StopPointInJourneyPatternRef ref="VTR:StopPointInJourneyPattern:1172174" version="58338"/>
                  <DepartureTime>15:12:00</DepartureTime>
                  <DepartureDayOffset>0</DepartureDayOffset>
                </TimetabledPassingTime>
                <TimetabledPassingTime version="58338" id="VTR:TimetabledPassingTime:58276_1172175_8">
                  <StopPointInJourneyPatternRef ref="VTR:StopPointInJourneyPattern:1172175" version="58338"/>
                  <DepartureTime>15:14:00</DepartureTime>
                  <DepartureDayOffset>0</DepartureDayOffset>
                </TimetabledPassingTime>
                <TimetabledPassingTime version="58338" id="VTR:TimetabledPassingTime:58276_1172176_9">
                  <StopPointInJourneyPatternRef ref="VTR:StopPointInJourneyPattern:1172176" version="58338"/>
                  <DepartureTime>15:16:00</DepartureTime>
                  <DepartureDayOffset>0</DepartureDayOffset>
                </TimetabledPassingTime>
                <TimetabledPassingTime version="58338" id="VTR:TimetabledPassingTime:58276_1172177_10">
                  <StopPointInJourneyPatternRef ref="VTR:StopPointInJourneyPattern:1172177" version="58338"/>
                  <DepartureTime>15:20:00</DepartureTime>
                  <DepartureDayOffset>0</DepartureDayOffset>
                </TimetabledPassingTime>
                <TimetabledPassingTime version="58338" id="VTR:TimetabledPassingTime:58276_1172178_11">
                  <StopPointInJourneyPatternRef ref="VTR:StopPointInJourneyPattern:1172178" version="58338"/>
                  <DepartureTime>15:22:00</DepartureTime>
                  <DepartureDayOffset>0</DepartureDayOffset>
                </TimetabledPassingTime>
                <TimetabledPassingTime version="58338" id="VTR:TimetabledPassingTime:58276_1172179_12">
                  <StopPointInJourneyPatternRef ref="VTR:StopPointInJourneyPattern:1172179" version="58338"/>
                  <DepartureTime>15:24:00</DepartureTime>
                  <DepartureDayOffset>0</DepartureDayOffset>
                </TimetabledPassingTime>
                <TimetabledPassingTime version="58338" id="VTR:TimetabledPassingTime:58276_1172180_13">
                  <StopPointInJourneyPatternRef ref="VTR:StopPointInJourneyPattern:1172180" version="58338"/>
                  <DepartureTime>15:25:00</DepartureTime>
                  <DepartureDayOffset>0</DepartureDayOffset>
                </TimetabledPassingTime>
              </passingTimes>
            </ServiceJourney>
          </vehicleJourneys>
        </TimetableFrame>
        <ResourceFrame version="1" id="VTR:ResourceFrame:1381">
          <organisations>
            <Authority version="1" id="VTR:Authority:13">
              <CompanyNumber>49</CompanyNumber>
              <Name>Kaišiadorių r. sav.</Name>
              <LegalName>Kaišiadorių r. sav.</LegalName>
              <ContactDetails>
                <Email>meras@kaisiadorys.lt</Email>
                <Phone>834620480</Phone>
                <Url>www.kaisiadorys.lt</Url>
              </ContactDetails>
              <OrganisationType>authority</OrganisationType>
            </Authority>
          </organisations>
        </ResourceFrame>
        <FareFrame id="VTR:FareFrame:2887" version="1">
          <FrameDefaults>
            <DefaultCurrency>EUR</DefaultCurrency>
          </FrameDefaults>
          <fareStructureElements>
            <FareStructureElement id="VTR:FareStructureElement:pricematrix" version="1">
              <distanceMatrixElements>
                <DistanceMatrixElementRef ref="VTR:DistanceMatrixElement:1172168to1172177" version="1"/>
                <DistanceMatrixElementRef ref="VTR:DistanceMatrixElement:1172168to1172180" version="1"/>
                <DistanceMatrixElementRef ref="VTR:DistanceMatrixElement:1172172to1172178" version="1"/>
                <DistanceMatrixElementRef ref="VTR:DistanceMatrixElement:1172177to1172179" version="1"/>
                <DistanceMatrixElementRef ref="VTR:DistanceMatrixElement:1172168to1172178" version="1"/>
                <DistanceMatrixElementRef ref="VTR:DistanceMatrixElement:1172169to1172172" version="1"/>
                <DistanceMatrixElementRef ref="VTR:DistanceMatrixElement:1172173to1172174" version="1"/>
                <DistanceMatrixElementRef ref="VTR:DistanceMatrixElement:1172178to1172180" version="1"/>
                <DistanceMatrixElementRef ref="VTR:DistanceMatrixElement:1172168to1172172" version="1"/>
                <DistanceMatrixElementRef ref="VTR:DistanceMatrixElement:1172168to1172175" version="1"/>
                <DistanceMatrixElementRef ref="VTR:DistanceMatrixElement:1172169to1172171" version="1"/>
                <DistanceMatrixElementRef ref="VTR:DistanceMatrixElement:1172169to1172173" version="1"/>
                <DistanceMatrixElementRef ref="VTR:DistanceMatrixElement:1172170to1172175" version="1"/>
                <DistanceMatrixElementRef ref="VTR:DistanceMatrixElement:1172170to1172178" version="1"/>
                <DistanceMatrixElementRef ref="VTR:DistanceMatrixElement:1172170to1172180" version="1"/>
                <DistanceMatrixElementRef ref="VTR:DistanceMatrixElement:1172171to1172173" version="1"/>
                <DistanceMatrixElementRef ref="VTR:DistanceMatrixElement:1172171to1172176" version="1"/>
                <DistanceMatrixElementRef ref="VTR:DistanceMatrixElement:1172173to1172175" version="1"/>
                <DistanceMatrixElementRef ref="VTR:DistanceMatrixElement:1172173to1172180" version="1"/>
                <DistanceMatrixElementRef ref="VTR:DistanceMatrixElement:1172175to1172180" version="1"/>
                <DistanceMatrixElementRef ref="VTR:DistanceMatrixElement:1172179to1172180" version="1"/>
                <DistanceMatrixElementRef ref="VTR:DistanceMatrixElement:1172168to1172170" version="1"/>
                <DistanceMatrixElementRef ref="VTR:DistanceMatrixElement:1172169to1172170" version="1"/>
                <DistanceMatrixElementRef ref="VTR:DistanceMatrixElement:1172170to1172171" version="1"/>
                <DistanceMatrixElementRef ref="VTR:DistanceMatrixElement:1172170to1172174" version="1"/>
                <DistanceMatrixElementRef ref="VTR:DistanceMatrixElement:1172171to1172177" version="1"/>
                <DistanceMatrixElementRef ref="VTR:DistanceMatrixElement:1172172to1172174" version="1"/>
                <DistanceMatrixElementRef ref="VTR:DistanceMatrixElement:1172172to1172175" version="1"/>
                <DistanceMatrixElementRef ref="VTR:DistanceMatrixElement:1172173to1172176" version="1"/>
                <DistanceMatrixElementRef ref="VTR:DistanceMatrixElement:1172174to1172179" version="1"/>
                <DistanceMatrixElementRef ref="VTR:DistanceMatrixElement:1172175to1172178" version="1"/>
                <DistanceMatrixElementRef ref="VTR:DistanceMatrixElement:1172175to1172179" version="1"/>
                <DistanceMatrixElementRef ref="VTR:DistanceMatrixElement:1172176to1172178" version="1"/>
                <DistanceMatrixElementRef ref="VTR:DistanceMatrixElement:1172178to1172179" version="1"/>
                <DistanceMatrixElementRef ref="VTR:DistanceMatrixElement:1172168to1172169" version="1"/>
                <DistanceMatrixElementRef ref="VTR:DistanceMatrixElement:1172168to1172179" version="1"/>
                <DistanceMatrixElementRef ref="VTR:DistanceMatrixElement:1172169to1172174" version="1"/>
                <DistanceMatrixElementRef ref="VTR:DistanceMatrixElement:1172169to1172176" version="1"/>
                <DistanceMatrixElementRef ref="VTR:DistanceMatrixElement:1172169to1172178" version="1"/>
                <DistanceMatrixElementRef ref="VTR:DistanceMatrixElement:1172169to1172179" version="1"/>
                <DistanceMatrixElementRef ref="VTR:DistanceMatrixElement:1172169to1172180" version="1"/>
                <DistanceMatrixElementRef ref="VTR:DistanceMatrixElement:1172170to1172173" version="1"/>
                <DistanceMatrixElementRef ref="VTR:DistanceMatrixElement:1172171to1172178" version="1"/>
                <DistanceMatrixElementRef ref="VTR:DistanceMatrixElement:1172172to1172177" version="1"/>
                <DistanceMatrixElementRef ref="VTR:DistanceMatrixElement:1172172to1172179" version="1"/>
                <DistanceMatrixElementRef ref="VTR:DistanceMatrixElement:1172173to1172177" version="1"/>
                <DistanceMatrixElementRef ref="VTR:DistanceMatrixElement:1172174to1172180" version="1"/>
                <DistanceMatrixElementRef ref="VTR:DistanceMatrixElement:1172176to1172177" version="1"/>
                <DistanceMatrixElementRef ref="VTR:DistanceMatrixElement:1172176to1172179" version="1"/>
                <DistanceMatrixElementRef ref="VTR:DistanceMatrixElement:1172168to1172171" version="1"/>
                <DistanceMatrixElementRef ref="VTR:DistanceMatrixElement:1172169to1172177" version="1"/>
                <DistanceMatrixElementRef ref="VTR:DistanceMatrixElement:1172171to1172172" version="1"/>
                <DistanceMatrixElementRef ref="VTR:DistanceMatrixElement:1172171to1172174" version="1"/>
                <DistanceMatrixElementRef ref="VTR:DistanceMatrixElement:1172171to1172175" version="1"/>
                <DistanceMatrixElementRef ref="VTR:DistanceMatrixElement:1172171to1172179" version="1"/>
                <DistanceMatrixElementRef ref="VTR:DistanceMatrixElement:1172172to1172173" version="1"/>
                <DistanceMatrixElementRef ref="VTR:DistanceMatrixElement:1172173to1172178" version="1"/>
                <DistanceMatrixElementRef ref="VTR:DistanceMatrixElement:1172174to1172175" version="1"/>
                <DistanceMatrixElementRef ref="VTR:DistanceMatrixElement:1172174to1172176" version="1"/>
                <DistanceMatrixElementRef ref="VTR:DistanceMatrixElement:1172176to1172180" version="1"/>
                <DistanceMatrixElementRef ref="VTR:DistanceMatrixElement:1172168to1172176" version="1"/>
                <DistanceMatrixElementRef ref="VTR:DistanceMatrixElement:1172169to1172175" version="1"/>
                <DistanceMatrixElementRef ref="VTR:DistanceMatrixElement:1172170to1172179" version="1"/>
                <DistanceMatrixElementRef ref="VTR:DistanceMatrixElement:1172173to1172179" version="1"/>
                <DistanceMatrixElementRef ref="VTR:DistanceMatrixElement:1172174to1172178" version="1"/>
                <DistanceMatrixElementRef ref="VTR:DistanceMatrixElement:1172175to1172177" version="1"/>
                <DistanceMatrixElementRef ref="VTR:DistanceMatrixElement:1172177to1172180" version="1"/>
                <DistanceMatrixElementRef ref="VTR:DistanceMatrixElement:1172168to1172173" version="1"/>
                <DistanceMatrixElementRef ref="VTR:DistanceMatrixElement:1172168to1172174" version="1"/>
                <DistanceMatrixElementRef ref="VTR:DistanceMatrixElement:1172170to1172172" version="1"/>
                <DistanceMatrixElementRef ref="VTR:DistanceMatrixElement:1172170to1172176" version="1"/>
                <DistanceMatrixElementRef ref="VTR:DistanceMatrixElement:1172170to1172177" version="1"/>
                <DistanceMatrixElementRef ref="VTR:DistanceMatrixElement:1172171to1172180" version="1"/>
                <DistanceMatrixElementRef ref="VTR:DistanceMatrixElement:1172172to1172176" version="1"/>
                <DistanceMatrixElementRef ref="VTR:DistanceMatrixElement:1172172to1172180" version="1"/>
                <DistanceMatrixElementRef ref="VTR:DistanceMatrixElement:1172174to1172177" version="1"/>
                <DistanceMatrixElementRef ref="VTR:DistanceMatrixElement:1172175to1172176" version="1"/>
                <DistanceMatrixElementRef ref="VTR:DistanceMatrixElement:1172177to1172178" version="1"/>
              </distanceMatrixElements>
            </FareStructureElement>
          </fareStructureElements>
          <tariffs>
            <Tariff id="VTR:Tariff:pointToPointInSeparateJourney_2887" version="1">
              <Name>Point to point tariff</Name>
              <distanceMatrixElements>
                <DistanceMatrixElement id="VTR:DistanceMatrixElement:1172168to1172177" version="1">
                  <Name>Kruonis to Karantinis m</Name>
                  <StartStopPointRef ref="VTR:ScheduledStopPoint:126015" version="1"/>
                  <EndStopPointRef ref="VTR:ScheduledStopPoint:126029" version="1"/>
                  <prices>
                    <DistanceMatrixElementPrice id="VTR:DistanceMatrixElementPrice:1172168to1172177" version="1">
                      <Amount>1.77</Amount>
                      <DistanceMatrixElementRef ref="VTR:DistanceMatrixElement:1172168to1172177" version="1"/>
                    </DistanceMatrixElementPrice>
                  </prices>
                </DistanceMatrixElement>
                <DistanceMatrixElement id="VTR:DistanceMatrixElement:1172168to1172180" version="1">
                  <Name>Kruonis to Kaišiadorių Autobusų stotis</Name>
                  <StartStopPointRef ref="VTR:ScheduledStopPoint:126015" version="1"/>
                  <EndStopPointRef ref="VTR:ScheduledStopPoint:126032" version="1"/>
                  <prices>
                    <DistanceMatrixElementPrice id="VTR:DistanceMatrixElementPrice:1172168to1172180" version="1">
                      <Amount>2.4</Amount>
                      <DistanceMatrixElementRef ref="VTR:DistanceMatrixElement:1172168to1172180" version="1"/>
                    </DistanceMatrixElementPrice>
                  </prices>
                </DistanceMatrixElement>
                <DistanceMatrixElement id="VTR:DistanceMatrixElement:1172172to1172178" version="1">
                  <Name>Kairiškės to Šebnica</Name>
                  <StartStopPointRef ref="VTR:ScheduledStopPoint:126019" version="1"/>
                  <EndStopPointRef ref="VTR:ScheduledStopPoint:126030" version="1"/>
                  <prices>
                    <DistanceMatrixElementPrice id="VTR:DistanceMatrixElementPrice:1172172to1172178" version="1">
                      <Amount>1.12</Amount>
                      <DistanceMatrixElementRef ref="VTR:DistanceMatrixElement:1172172to1172178" version="1"/>
                    </DistanceMatrixElementPrice>
                  </prices>
                </DistanceMatrixElement>
                <DistanceMatrixElement id="VTR:DistanceMatrixElement:1172177to1172179" version="1">
                  <Name>Karantinis m to Autoservisas</Name>
                  <StartStopPointRef ref="VTR:ScheduledStopPoint:126029" version="1"/>
                  <EndStopPointRef ref="VTR:ScheduledStopPoint:126031" version="1"/>
                  <prices>
                    <DistanceMatrixElementPrice id="VTR:DistanceMatrixElementPrice:1172177to1172179" version="1">
                      <Amount>0.26</Amount>
                      <DistanceMatrixElementRef ref="VTR:DistanceMatrixElement:1172177to1172179" version="1"/>
                    </DistanceMatrixElementPrice>
                  </prices>
                </DistanceMatrixElement>
                <DistanceMatrixElement id="VTR:DistanceMatrixElement:1172168to1172178" version="1">
                  <Name>Kruonis to Šebnica</Name>
                  <StartStopPointRef ref="VTR:ScheduledStopPoint:126015" version="1"/>
                  <EndStopPointRef ref="VTR:ScheduledStopPoint:126030" version="1"/>
                  <prices>
                    <DistanceMatrixElementPrice id="VTR:DistanceMatrixElementPrice:1172168to1172178" version="1">
                      <Amount>1.92</Amount>
                      <DistanceMatrixElementRef ref="VTR:DistanceMatrixElement:1172168to1172178" version="1"/>
                    </DistanceMatrixElementPrice>
                  </prices>
                </DistanceMatrixElement>
                <DistanceMatrixElement id="VTR:DistanceMatrixElement:1172169to1172172" version="1">
                  <Name>Burčiagai to Kairiškės</Name>
                  <StartStopPointRef ref="VTR:ScheduledStopPoint:126016" version="1"/>
                  <EndStopPointRef ref="VTR:ScheduledStopPoint:126019" version="1"/>
                  <prices>
                    <DistanceMatrixElementPrice id="VTR:DistanceMatrixElementPrice:1172169to1172172" version="1">
                      <Amount>0.61</Amount>
                      <DistanceMatrixElementRef ref="VTR:DistanceMatrixElement:1172169to1172172" version="1"/>
                    </DistanceMatrixElementPrice>
                  </prices>
                </DistanceMatrixElement>
                <DistanceMatrixElement id="VTR:DistanceMatrixElement:1172173to1172174" version="1">
                  <Name>Med.Strėvininkai to Žiežmariai</Name>
                  <StartStopPointRef ref="VTR:ScheduledStopPoint:126020" version="1"/>
                  <EndStopPointRef ref="VTR:ScheduledStopPoint:126021" version="1"/>
                  <prices>
                    <DistanceMatrixElementPrice id="VTR:DistanceMatrixElementPrice:1172173to1172174" version="1">
                      <Amount>0.22</Amount>
                      <DistanceMatrixElementRef ref="VTR:DistanceMatrixElement:1172173to1172174" version="1"/>
                    </DistanceMatrixElementPrice>
                  </prices>
                </DistanceMatrixElement>
                <DistanceMatrixElement id="VTR:DistanceMatrixElement:1172178to1172180" version="1">
                  <Name>Šebnica to Kaišiadorių Autobusų stotis</Name>
                  <StartStopPointRef ref="VTR:ScheduledStopPoint:126030" version="1"/>
                  <EndStopPointRef ref="VTR:ScheduledStopPoint:126032" version="1"/>
                  <prices>
                    <DistanceMatrixElementPrice id="VTR:DistanceMatrixElementPrice:1172178to1172180" version="1">
                      <Amount>0.48</Amount>
                      <DistanceMatrixElementRef ref="VTR:DistanceMatrixElement:1172178to1172180" version="1"/>
                    </DistanceMatrixElementPrice>
                  </prices>
                </DistanceMatrixElement>
                <DistanceMatrixElement id="VTR:DistanceMatrixElement:1172168to1172172" version="1">
                  <Name>Kruonis to Kairiškės</Name>
                  <StartStopPointRef ref="VTR:ScheduledStopPoint:126015" version="1"/>
                  <EndStopPointRef ref="VTR:ScheduledStopPoint:126019" version="1"/>
                  <prices>
                    <DistanceMatrixElementPrice id="VTR:DistanceMatrixElementPrice:1172168to1172172" version="1">
                      <Amount>0.8</Amount>
                      <DistanceMatrixElementRef ref="VTR:DistanceMatrixElement:1172168to1172172" version="1"/>
                    </DistanceMatrixElementPrice>
                  </prices>
                </DistanceMatrixElement>
                <DistanceMatrixElement id="VTR:DistanceMatrixElement:1172168to1172175" version="1">
                  <Name>Kruonis to Žiežmariai</Name>
                  <StartStopPointRef ref="VTR:ScheduledStopPoint:126015" version="1"/>
                  <EndStopPointRef ref="VTR:ScheduledStopPoint:126022" version="1"/>
                  <prices>
                    <DistanceMatrixElementPrice id="VTR:DistanceMatrixElementPrice:1172168to1172175" version="1">
                      <Amount>1.37</Amount>
                      <DistanceMatrixElementRef ref="VTR:DistanceMatrixElement:1172168to1172175" version="1"/>
                    </DistanceMatrixElementPrice>
                  </prices>
                </DistanceMatrixElement>
                <DistanceMatrixElement id="VTR:DistanceMatrixElement:1172169to1172171" version="1">
                  <Name>Burčiagai to Pridotkai</Name>
                  <StartStopPointRef ref="VTR:ScheduledStopPoint:126016" version="1"/>
                  <EndStopPointRef ref="VTR:ScheduledStopPoint:126018" version="1"/>
                  <prices>
                    <DistanceMatrixElementPrice id="VTR:DistanceMatrixElementPrice:1172169to1172171" version="1">
                      <Amount>0.38</Amount>
                      <DistanceMatrixElementRef ref="VTR:DistanceMatrixElement:1172169to1172171" version="1"/>
                    </DistanceMatrixElementPrice>
                  </prices>
                </DistanceMatrixElement>
                <DistanceMatrixElement id="VTR:DistanceMatrixElement:1172169to1172173" version="1">
                  <Name>Burčiagai to Med.Strėvininkai</Name>
                  <StartStopPointRef ref="VTR:ScheduledStopPoint:126016" version="1"/>
                  <EndStopPointRef ref="VTR:ScheduledStopPoint:126020" version="1"/>
                  <prices>
                    <DistanceMatrixElementPrice id="VTR:DistanceMatrixElementPrice:1172169to1172173" version="1">
                      <Amount>0.87</Amount>
                      <DistanceMatrixElementRef ref="VTR:DistanceMatrixElement:1172169to1172173" version="1"/>
                    </DistanceMatrixElementPrice>
                  </prices>
                </DistanceMatrixElement>
                <DistanceMatrixElement id="VTR:DistanceMatrixElement:1172170to1172175" version="1">
                  <Name>Ginteikiškės to Žiežmariai</Name>
                  <StartStopPointRef ref="VTR:ScheduledStopPoint:126017" version="1"/>
                  <EndStopPointRef ref="VTR:ScheduledStopPoint:126022" version="1"/>
                  <prices>
                    <DistanceMatrixElementPrice id="VTR:DistanceMatrixElementPrice:1172170to1172175" version="1">
                      <Amount>1.05</Amount>
                      <DistanceMatrixElementRef ref="VTR:DistanceMatrixElement:1172170to1172175" version="1"/>
                    </DistanceMatrixElementPrice>
                  </prices>
                </DistanceMatrixElement>
                <DistanceMatrixElement id="VTR:DistanceMatrixElement:1172170to1172178" version="1">
                  <Name>Ginteikiškės to Šebnica</Name>
                  <StartStopPointRef ref="VTR:ScheduledStopPoint:126017" version="1"/>
                  <EndStopPointRef ref="VTR:ScheduledStopPoint:126030" version="1"/>
                  <prices>
                    <DistanceMatrixElementPrice id="VTR:DistanceMatrixElementPrice:1172170to1172178" version="1">
                      <Amount>1.6</Amount>
                      <DistanceMatrixElementRef ref="VTR:DistanceMatrixElement:1172170to1172178" version="1"/>
                    </DistanceMatrixElementPrice>
                  </prices>
                </DistanceMatrixElement>
                <DistanceMatrixElement id="VTR:DistanceMatrixElement:1172170to1172180" version="1">
                  <Name>Ginteikiškės to Kaišiadorių Autobusų stotis</Name>
                  <StartStopPointRef ref="VTR:ScheduledStopPoint:126017" version="1"/>
                  <EndStopPointRef ref="VTR:ScheduledStopPoint:126032" version="1"/>
                  <prices>
                    <DistanceMatrixElementPrice id="VTR:DistanceMatrixElementPrice:1172170to1172180" version="1">
                      <Amount>2.15</Amount>
                      <DistanceMatrixElementRef ref="VTR:DistanceMatrixElement:1172170to1172180" version="1"/>
                    </DistanceMatrixElementPrice>
                  </prices>
                </DistanceMatrixElement>
                <DistanceMatrixElement id="VTR:DistanceMatrixElement:1172171to1172173" version="1">
                  <Name>Pridotkai to Med.Strėvininkai</Name>
                  <StartStopPointRef ref="VTR:ScheduledStopPoint:126018" version="1"/>
                  <EndStopPointRef ref="VTR:ScheduledStopPoint:126020" version="1"/>
                  <prices>
                    <DistanceMatrixElementPrice id="VTR:DistanceMatrixElementPrice:1172171to1172173" version="1">
                      <Amount>0.49</Amount>
                      <DistanceMatrixElementRef ref="VTR:DistanceMatrixElement:1172171to1172173" version="1"/>
                    </DistanceMatrixElementPrice>
                  </prices>
                </DistanceMatrixElement>
                <DistanceMatrixElement id="VTR:DistanceMatrixElement:1172171to1172176" version="1">
                  <Name>Pridotkai to Žiežmarių Kr.</Name>
                  <StartStopPointRef ref="VTR:ScheduledStopPoint:126018" version="1"/>
                  <EndStopPointRef ref="VTR:ScheduledStopPoint:126025" version="1"/>
                  <prices>
                    <DistanceMatrixElementPrice id="VTR:DistanceMatrixElementPrice:1172171to1172176" version="1">
                      <Amount>0.91</Amount>
                      <DistanceMatrixElementRef ref="VTR:DistanceMatrixElement:1172171to1172176" version="1"/>
                    </DistanceMatrixElementPrice>
                  </prices>
                </DistanceMatrixElement>
                <DistanceMatrixElement id="VTR:DistanceMatrixElement:1172173to1172175" version="1">
                  <Name>Med.Strėvininkai to Žiežmariai</Name>
                  <StartStopPointRef ref="VTR:ScheduledStopPoint:126020" version="1"/>
                  <EndStopPointRef ref="VTR:ScheduledStopPoint:126022" version="1"/>
                  <prices>
                    <DistanceMatrixElementPrice id="VTR:DistanceMatrixElementPrice:1172173to1172175" version="1">
                      <Amount>0.32</Amount>
                      <DistanceMatrixElementRef ref="VTR:DistanceMatrixElement:1172173to1172175" version="1"/>
                    </DistanceMatrixElementPrice>
                  </prices>
                </DistanceMatrixElement>
                <DistanceMatrixElement id="VTR:DistanceMatrixElement:1172173to1172180" version="1">
                  <Name>Med.Strėvininkai to Kaišiadorių Autobusų stotis</Name>
                  <StartStopPointRef ref="VTR:ScheduledStopPoint:126020" version="1"/>
                  <EndStopPointRef ref="VTR:ScheduledStopPoint:126032" version="1"/>
                  <prices>
                    <DistanceMatrixElementPrice id="VTR:DistanceMatrixElementPrice:1172173to1172180" version="1">
                      <Amount>1.34</Amount>
                      <DistanceMatrixElementRef ref="VTR:DistanceMatrixElement:1172173to1172180" version="1"/>
                    </DistanceMatrixElementPrice>
                  </prices>
                </DistanceMatrixElement>
                <DistanceMatrixElement id="VTR:DistanceMatrixElement:1172175to1172180" version="1">
                  <Name>Žiežmariai to Kaišiadorių Autobusų stotis</Name>
                  <StartStopPointRef ref="VTR:ScheduledStopPoint:126022" version="1"/>
                  <EndStopPointRef ref="VTR:ScheduledStopPoint:126032" version="1"/>
                  <prices>
                    <DistanceMatrixElementPrice id="VTR:DistanceMatrixElementPrice:1172175to1172180" version="1">
                      <Amount>1.03</Amount>
                      <DistanceMatrixElementRef ref="VTR:DistanceMatrixElement:1172175to1172180" version="1"/>
                    </DistanceMatrixElementPrice>
                  </prices>
                </DistanceMatrixElement>
                <DistanceMatrixElement id="VTR:DistanceMatrixElement:1172179to1172180" version="1">
                  <Name>Autoservisas to Kaišiadorių Autobusų stotis</Name>
                  <StartStopPointRef ref="VTR:ScheduledStopPoint:126031" version="1"/>
                  <EndStopPointRef ref="VTR:ScheduledStopPoint:126032" version="1"/>
                  <prices>
                    <DistanceMatrixElementPrice id="VTR:DistanceMatrixElementPrice:1172179to1172180" version="1">
                      <Amount>0.39</Amount>
                      <DistanceMatrixElementRef ref="VTR:DistanceMatrixElement:1172179to1172180" version="1"/>
                    </DistanceMatrixElementPrice>
                  </prices>
                </DistanceMatrixElement>
                <DistanceMatrixElement id="VTR:DistanceMatrixElement:1172168to1172170" version="1">
                  <Name>Kruonis to Ginteikiškės</Name>
                  <StartStopPointRef ref="VTR:ScheduledStopPoint:126015" version="1"/>
                  <EndStopPointRef ref="VTR:ScheduledStopPoint:126017" version="1"/>
                  <prices>
                    <DistanceMatrixElementPrice id="VTR:DistanceMatrixElementPrice:1172168to1172170" version="1">
                      <Amount>0.32</Amount>
                      <DistanceMatrixElementRef ref="VTR:DistanceMatrixElement:1172168to1172170" version="1"/>
                    </DistanceMatrixElementPrice>
                  </prices>
                </DistanceMatrixElement>
                <DistanceMatrixElement id="VTR:DistanceMatrixElement:1172169to1172170" version="1">
                  <Name>Burčiagai to Ginteikiškės</Name>
                  <StartStopPointRef ref="VTR:ScheduledStopPoint:126016" version="1"/>
                  <EndStopPointRef ref="VTR:ScheduledStopPoint:126017" version="1"/>
                  <prices>
                    <DistanceMatrixElementPrice id="VTR:DistanceMatrixElementPrice:1172169to1172170" version="1">
                      <Amount>0.13</Amount>
                      <DistanceMatrixElementRef ref="VTR:DistanceMatrixElement:1172169to1172170" version="1"/>
                    </DistanceMatrixElementPrice>
                  </prices>
                </DistanceMatrixElement>
                <DistanceMatrixElement id="VTR:DistanceMatrixElement:1172170to1172171" version="1">
                  <Name>Ginteikiškės to Pridotkai</Name>
                  <StartStopPointRef ref="VTR:ScheduledStopPoint:126017" version="1"/>
                  <EndStopPointRef ref="VTR:ScheduledStopPoint:126018" version="1"/>
                  <prices>
                    <DistanceMatrixElementPrice id="VTR:DistanceMatrixElementPrice:1172170to1172171" version="1">
                      <Amount>0.25</Amount>
                      <DistanceMatrixElementRef ref="VTR:DistanceMatrixElement:1172170to1172171" version="1"/>
                    </DistanceMatrixElementPrice>
                  </prices>
                </DistanceMatrixElement>
                <DistanceMatrixElement id="VTR:DistanceMatrixElement:1172170to1172174" version="1">
                  <Name>Ginteikiškės to Žiežmariai</Name>
                  <StartStopPointRef ref="VTR:ScheduledStopPoint:126017" version="1"/>
                  <EndStopPointRef ref="VTR:ScheduledStopPoint:126021" version="1"/>
                  <prices>
                    <DistanceMatrixElementPrice id="VTR:DistanceMatrixElementPrice:1172170to1172174" version="1">
                      <Amount>0.95</Amount>
                      <DistanceMatrixElementRef ref="VTR:DistanceMatrixElement:1172170to1172174" version="1"/>
                    </DistanceMatrixElementPrice>
                  </prices>
                </DistanceMatrixElement>
                <DistanceMatrixElement id="VTR:DistanceMatrixElement:1172171to1172177" version="1">
                  <Name>Pridotkai to Karantinis m</Name>
                  <StartStopPointRef ref="VTR:ScheduledStopPoint:126018" version="1"/>
                  <EndStopPointRef ref="VTR:ScheduledStopPoint:126029" version="1"/>
                  <prices>
                    <DistanceMatrixElementPrice id="VTR:DistanceMatrixElementPrice:1172171to1172177" version="1">
                      <Amount>1.2</Amount>
                      <DistanceMatrixElementRef ref="VTR:DistanceMatrixElement:1172171to1172177" version="1"/>
                    </DistanceMatrixElementPrice>
                  </prices>
                </DistanceMatrixElement>
                <DistanceMatrixElement id="VTR:DistanceMatrixElement:1172172to1172174" version="1">
                  <Name>Kairiškės to Žiežmariai</Name>
                  <StartStopPointRef ref="VTR:ScheduledStopPoint:126019" version="1"/>
                  <EndStopPointRef ref="VTR:ScheduledStopPoint:126021" version="1"/>
                  <prices>
                    <DistanceMatrixElementPrice id="VTR:DistanceMatrixElementPrice:1172172to1172174" version="1">
                      <Amount>0.48</Amount>
                      <DistanceMatrixElementRef ref="VTR:DistanceMatrixElement:1172172to1172174" version="1"/>
                    </DistanceMatrixElementPrice>
                  </prices>
                </DistanceMatrixElement>
                <DistanceMatrixElement id="VTR:DistanceMatrixElement:1172172to1172175" version="1">
                  <Name>Kairiškės to Žiežmariai</Name>
                  <StartStopPointRef ref="VTR:ScheduledStopPoint:126019" version="1"/>
                  <EndStopPointRef ref="VTR:ScheduledStopPoint:126022" version="1"/>
                  <prices>
                    <DistanceMatrixElementPrice id="VTR:DistanceMatrixElementPrice:1172172to1172175" version="1">
                      <Amount>0.57</Amount>
                      <DistanceMatrixElementRef ref="VTR:DistanceMatrixElement:1172172to1172175" version="1"/>
                    </DistanceMatrixElementPrice>
                  </prices>
                </DistanceMatrixElement>
                <DistanceMatrixElement id="VTR:DistanceMatrixElement:1172173to1172176" version="1">
                  <Name>Med.Strėvininkai to Žiežmarių Kr.</Name>
                  <StartStopPointRef ref="VTR:ScheduledStopPoint:126020" version="1"/>
                  <EndStopPointRef ref="VTR:ScheduledStopPoint:126025" version="1"/>
                  <prices>
                    <DistanceMatrixElementPrice id="VTR:DistanceMatrixElementPrice:1172173to1172176" version="1">
                      <Amount>0.42</Amount>
                      <DistanceMatrixElementRef ref="VTR:DistanceMatrixElement:1172173to1172176" version="1"/>
                    </DistanceMatrixElementPrice>
                  </prices>
                </DistanceMatrixElement>
                <DistanceMatrixElement id="VTR:DistanceMatrixElement:1172174to1172179" version="1">
                  <Name>Žiežmariai to Autoservisas</Name>
                  <StartStopPointRef ref="VTR:ScheduledStopPoint:126021" version="1"/>
                  <EndStopPointRef ref="VTR:ScheduledStopPoint:126031" version="1"/>
                  <prices>
                    <DistanceMatrixElementPrice id="VTR:DistanceMatrixElementPrice:1172174to1172179" version="1">
                      <Amount>0.75</Amount>
                      <DistanceMatrixElementRef ref="VTR:DistanceMatrixElement:1172174to1172179" version="1"/>
                    </DistanceMatrixElementPrice>
                  </prices>
                </DistanceMatrixElement>
                <DistanceMatrixElement id="VTR:DistanceMatrixElement:1172175to1172178" version="1">
                  <Name>Žiežmariai to Šebnica</Name>
                  <StartStopPointRef ref="VTR:ScheduledStopPoint:126022" version="1"/>
                  <EndStopPointRef ref="VTR:ScheduledStopPoint:126030" version="1"/>
                  <prices>
                    <DistanceMatrixElementPrice id="VTR:DistanceMatrixElementPrice:1172175to1172178" version="1">
                      <Amount>0.55</Amount>
                      <DistanceMatrixElementRef ref="VTR:DistanceMatrixElement:1172175to1172178" version="1"/>
                    </DistanceMatrixElementPrice>
                  </prices>
                </DistanceMatrixElement>
                <DistanceMatrixElement id="VTR:DistanceMatrixElement:1172175to1172179" version="1">
                  <Name>Žiežmariai to Autoservisas</Name>
                  <StartStopPointRef ref="VTR:ScheduledStopPoint:126022" version="1"/>
                  <EndStopPointRef ref="VTR:ScheduledStopPoint:126031" version="1"/>
                  <prices>
                    <DistanceMatrixElementPrice id="VTR:DistanceMatrixElementPrice:1172175to1172179" version="1">
                      <Amount>0.65</Amount>
                      <DistanceMatrixElementRef ref="VTR:DistanceMatrixElement:1172175to1172179" version="1"/>
                    </DistanceMatrixElementPrice>
                  </prices>
                </DistanceMatrixElement>
                <DistanceMatrixElement id="VTR:DistanceMatrixElement:1172176to1172178" version="1">
                  <Name>Žiežmarių Kr. to Šebnica</Name>
                  <StartStopPointRef ref="VTR:ScheduledStopPoint:126025" version="1"/>
                  <EndStopPointRef ref="VTR:ScheduledStopPoint:126030" version="1"/>
                  <prices>
                    <DistanceMatrixElementPrice id="VTR:DistanceMatrixElementPrice:1172176to1172178" version="1">
                      <Amount>0.44</Amount>
                      <DistanceMatrixElementRef ref="VTR:DistanceMatrixElement:1172176to1172178" version="1"/>
                    </DistanceMatrixElementPrice>
                  </prices>
                </DistanceMatrixElement>
                <DistanceMatrixElement id="VTR:DistanceMatrixElement:1172178to1172179" version="1">
                  <Name>Šebnica to Autoservisas</Name>
                  <StartStopPointRef ref="VTR:ScheduledStopPoint:126030" version="1"/>
                  <EndStopPointRef ref="VTR:ScheduledStopPoint:126031" version="1"/>
                  <prices>
                    <DistanceMatrixElementPrice id="VTR:DistanceMatrixElementPrice:1172178to1172179" version="1">
                      <Amount>0.11</Amount>
                      <DistanceMatrixElementRef ref="VTR:DistanceMatrixElement:1172178to1172179" version="1"/>
                    </DistanceMatrixElementPrice>
                  </prices>
                </DistanceMatrixElement>
                <DistanceMatrixElement id="VTR:DistanceMatrixElement:1172168to1172169" version="1">
                  <Name>Kruonis to Burčiagai</Name>
                  <StartStopPointRef ref="VTR:ScheduledStopPoint:126015" version="1"/>
                  <EndStopPointRef ref="VTR:ScheduledStopPoint:126016" version="1"/>
                  <prices>
                    <DistanceMatrixElementPrice id="VTR:DistanceMatrixElementPrice:1172168to1172169" version="1">
                      <Amount>0.19</Amount>
                      <DistanceMatrixElementRef ref="VTR:DistanceMatrixElement:1172168to1172169" version="1"/>
                    </DistanceMatrixElementPrice>
                  </prices>
                </DistanceMatrixElement>
                <DistanceMatrixElement id="VTR:DistanceMatrixElement:1172168to1172179" version="1">
                  <Name>Kruonis to Autoservisas</Name>
                  <StartStopPointRef ref="VTR:ScheduledStopPoint:126015" version="1"/>
                  <EndStopPointRef ref="VTR:ScheduledStopPoint:126031" version="1"/>
                  <prices>
                    <DistanceMatrixElementPrice id="VTR:DistanceMatrixElementPrice:1172168to1172179" version="1">
                      <Amount>2.02</Amount>
                      <DistanceMatrixElementRef ref="VTR:DistanceMatrixElement:1172168to1172179" version="1"/>
                    </DistanceMatrixElementPrice>
                  </prices>
                </DistanceMatrixElement>
                <DistanceMatrixElement id="VTR:DistanceMatrixElement:1172169to1172174" version="1">
                  <Name>Burčiagai to Žiežmariai</Name>
                  <StartStopPointRef ref="VTR:ScheduledStopPoint:126016" version="1"/>
                  <EndStopPointRef ref="VTR:ScheduledStopPoint:126021" version="1"/>
                  <prices>
                    <DistanceMatrixElementPrice id="VTR:DistanceMatrixElementPrice:1172169to1172174" version="1">
                      <Amount>1.09</Amount>
                      <DistanceMatrixElementRef ref="VTR:DistanceMatrixElement:1172169to1172174" version="1"/>
                    </DistanceMatrixElementPrice>
                  </prices>
                </DistanceMatrixElement>
                <DistanceMatrixElement id="VTR:DistanceMatrixElement:1172169to1172176" version="1">
                  <Name>Burčiagai to Žiežmarių Kr.</Name>
                  <StartStopPointRef ref="VTR:ScheduledStopPoint:126016" version="1"/>
                  <EndStopPointRef ref="VTR:ScheduledStopPoint:126025" version="1"/>
                  <prices>
                    <DistanceMatrixElementPrice id="VTR:DistanceMatrixElementPrice:1172169to1172176" version="1">
                      <Amount>1.29</Amount>
                      <DistanceMatrixElementRef ref="VTR:DistanceMatrixElement:1172169to1172176" version="1"/>
                    </DistanceMatrixElementPrice>
                  </prices>
                </DistanceMatrixElement>
                <DistanceMatrixElement id="VTR:DistanceMatrixElement:1172169to1172178" version="1">
                  <Name>Burčiagai to Šebnica</Name>
                  <StartStopPointRef ref="VTR:ScheduledStopPoint:126016" version="1"/>
                  <EndStopPointRef ref="VTR:ScheduledStopPoint:126030" version="1"/>
                  <prices>
                    <DistanceMatrixElementPrice id="VTR:DistanceMatrixElementPrice:1172169to1172178" version="1">
                      <Amount>1.73</Amount>
                      <DistanceMatrixElementRef ref="VTR:DistanceMatrixElement:1172169to1172178" version="1"/>
                    </DistanceMatrixElementPrice>
                  </prices>
                </DistanceMatrixElement>
                <DistanceMatrixElement id="VTR:DistanceMatrixElement:1172169to1172179" version="1">
                  <Name>Burčiagai to Autoservisas</Name>
                  <StartStopPointRef ref="VTR:ScheduledStopPoint:126016" version="1"/>
                  <EndStopPointRef ref="VTR:ScheduledStopPoint:126031" version="1"/>
                  <prices>
                    <DistanceMatrixElementPrice id="VTR:DistanceMatrixElementPrice:1172169to1172179" version="1">
                      <Amount>1.84</Amount>
                      <DistanceMatrixElementRef ref="VTR:DistanceMatrixElement:1172169to1172179" version="1"/>
                    </DistanceMatrixElementPrice>
                  </prices>
                </DistanceMatrixElement>
                <DistanceMatrixElement id="VTR:DistanceMatrixElement:1172169to1172180" version="1">
                  <Name>Burčiagai to Kaišiadorių Autobusų stotis</Name>
                  <StartStopPointRef ref="VTR:ScheduledStopPoint:126016" version="1"/>
                  <EndStopPointRef ref="VTR:ScheduledStopPoint:126032" version="1"/>
                  <prices>
                    <DistanceMatrixElementPrice id="VTR:DistanceMatrixElementPrice:1172169to1172180" version="1">
                      <Amount>2.21</Amount>
                      <DistanceMatrixElementRef ref="VTR:DistanceMatrixElement:1172169to1172180" version="1"/>
                    </DistanceMatrixElementPrice>
                  </prices>
                </DistanceMatrixElement>
                <DistanceMatrixElement id="VTR:DistanceMatrixElement:1172170to1172173" version="1">
                  <Name>Ginteikiškės to Med.Strėvininkai</Name>
                  <StartStopPointRef ref="VTR:ScheduledStopPoint:126017" version="1"/>
                  <EndStopPointRef ref="VTR:ScheduledStopPoint:126020" version="1"/>
                  <prices>
                    <DistanceMatrixElementPrice id="VTR:DistanceMatrixElementPrice:1172170to1172173" version="1">
                      <Amount>0.73</Amount>
                      <DistanceMatrixElementRef ref="VTR:DistanceMatrixElement:1172170to1172173" version="1"/>
                    </DistanceMatrixElementPrice>
                  </prices>
                </DistanceMatrixElement>
                <DistanceMatrixElement id="VTR:DistanceMatrixElement:1172171to1172178" version="1">
                  <Name>Pridotkai to Šebnica</Name>
                  <StartStopPointRef ref="VTR:ScheduledStopPoint:126018" version="1"/>
                  <EndStopPointRef ref="VTR:ScheduledStopPoint:126030" version="1"/>
                  <prices>
                    <DistanceMatrixElementPrice id="VTR:DistanceMatrixElementPrice:1172171to1172178" version="1">
                      <Amount>1.35</Amount>
                      <DistanceMatrixElementRef ref="VTR:DistanceMatrixElement:1172171to1172178" version="1"/>
                    </DistanceMatrixElementPrice>
                  </prices>
                </DistanceMatrixElement>
                <DistanceMatrixElement id="VTR:DistanceMatrixElement:1172172to1172177" version="1">
                  <Name>Kairiškės to Karantinis m</Name>
                  <StartStopPointRef ref="VTR:ScheduledStopPoint:126019" version="1"/>
                  <EndStopPointRef ref="VTR:ScheduledStopPoint:126029" version="1"/>
                  <prices>
                    <DistanceMatrixElementPrice id="VTR:DistanceMatrixElementPrice:1172172to1172177" version="1">
                      <Amount>0.97</Amount>
                      <DistanceMatrixElementRef ref="VTR:DistanceMatrixElement:1172172to1172177" version="1"/>
                    </DistanceMatrixElementPrice>
                  </prices>
                </DistanceMatrixElement>
                <DistanceMatrixElement id="VTR:DistanceMatrixElement:1172172to1172179" version="1">
                  <Name>Kairiškės to Autoservisas</Name>
                  <StartStopPointRef ref="VTR:ScheduledStopPoint:126019" version="1"/>
                  <EndStopPointRef ref="VTR:ScheduledStopPoint:126031" version="1"/>
                  <prices>
                    <DistanceMatrixElementPrice id="VTR:DistanceMatrixElementPrice:1172172to1172179" version="1">
                      <Amount>1.23</Amount>
                      <DistanceMatrixElementRef ref="VTR:DistanceMatrixElement:1172172to1172179" version="1"/>
                    </DistanceMatrixElementPrice>
                  </prices>
                </DistanceMatrixElement>
                <DistanceMatrixElement id="VTR:DistanceMatrixElement:1172173to1172177" version="1">
                  <Name>Med.Strėvininkai to Karantinis m</Name>
                  <StartStopPointRef ref="VTR:ScheduledStopPoint:126020" version="1"/>
                  <EndStopPointRef ref="VTR:ScheduledStopPoint:126029" version="1"/>
                  <prices>
                    <DistanceMatrixElementPrice id="VTR:DistanceMatrixElementPrice:1172173to1172177" version="1">
                      <Amount>0.72</Amount>
                      <DistanceMatrixElementRef ref="VTR:DistanceMatrixElement:1172173to1172177" version="1"/>
                    </DistanceMatrixElementPrice>
                  </prices>
                </DistanceMatrixElement>
                <DistanceMatrixElement id="VTR:DistanceMatrixElement:1172174to1172180" version="1">
                  <Name>Žiežmariai to Kaišiadorių Autobusų stotis</Name>
                  <StartStopPointRef ref="VTR:ScheduledStopPoint:126021" version="1"/>
                  <EndStopPointRef ref="VTR:ScheduledStopPoint:126032" version="1"/>
                  <prices>
                    <DistanceMatrixElementPrice id="VTR:DistanceMatrixElementPrice:1172174to1172180" version="1">
                      <Amount>1.12</Amount>
                      <DistanceMatrixElementRef ref="VTR:DistanceMatrixElement:1172174to1172180" version="1"/>
                    </DistanceMatrixElementPrice>
                  </prices>
                </DistanceMatrixElement>
                <DistanceMatrixElement id="VTR:DistanceMatrixElement:1172176to1172177" version="1">
                  <Name>Žiežmarių Kr. to Karantinis m</Name>
                  <StartStopPointRef ref="VTR:ScheduledStopPoint:126025" version="1"/>
                  <EndStopPointRef ref="VTR:ScheduledStopPoint:126029" version="1"/>
                  <prices>
                    <DistanceMatrixElementPrice id="VTR:DistanceMatrixElementPrice:1172176to1172177" version="1">
                      <Amount>0.29</Amount>
                      <DistanceMatrixElementRef ref="VTR:DistanceMatrixElement:1172176to1172177" version="1"/>
                    </DistanceMatrixElementPrice>
                  </prices>
                </DistanceMatrixElement>
                <DistanceMatrixElement id="VTR:DistanceMatrixElement:1172176to1172179" version="1">
                  <Name>Žiežmarių Kr. to Autoservisas</Name>
                  <StartStopPointRef ref="VTR:ScheduledStopPoint:126025" version="1"/>
                  <EndStopPointRef ref="VTR:ScheduledStopPoint:126031" version="1"/>
                  <prices>
                    <DistanceMatrixElementPrice id="VTR:DistanceMatrixElementPrice:1172176to1172179" version="1">
                      <Amount>0.55</Amount>
                      <DistanceMatrixElementRef ref="VTR:DistanceMatrixElement:1172176to1172179" version="1"/>
                    </DistanceMatrixElementPrice>
                  </prices>
                </DistanceMatrixElement>
                <DistanceMatrixElement id="VTR:DistanceMatrixElement:1172168to1172171" version="1">
                  <Name>Kruonis to Pridotkai</Name>
                  <StartStopPointRef ref="VTR:ScheduledStopPoint:126015" version="1"/>
                  <EndStopPointRef ref="VTR:ScheduledStopPoint:126018" version="1"/>
                  <prices>
                    <DistanceMatrixElementPrice id="VTR:DistanceMatrixElementPrice:1172168to1172171" version="1">
                      <Amount>0.57</Amount>
                      <DistanceMatrixElementRef ref="VTR:DistanceMatrixElement:1172168to1172171" version="1"/>
                    </DistanceMatrixElementPrice>
                  </prices>
                </DistanceMatrixElement>
                <DistanceMatrixElement id="VTR:DistanceMatrixElement:1172169to1172177" version="1">
                  <Name>Burčiagai to Karantinis m</Name>
                  <StartStopPointRef ref="VTR:ScheduledStopPoint:126016" version="1"/>
                  <EndStopPointRef ref="VTR:ScheduledStopPoint:126029" version="1"/>
                  <prices>
                    <DistanceMatrixElementPrice id="VTR:DistanceMatrixElementPrice:1172169to1172177" version="1">
                      <Amount>1.58</Amount>
                      <DistanceMatrixElementRef ref="VTR:DistanceMatrixElement:1172169to1172177" version="1"/>
                    </DistanceMatrixElementPrice>
                  </prices>
                </DistanceMatrixElement>
                <DistanceMatrixElement id="VTR:DistanceMatrixElement:1172171to1172172" version="1">
                  <Name>Pridotkai to Kairiškės</Name>
                  <StartStopPointRef ref="VTR:ScheduledStopPoint:126018" version="1"/>
                  <EndStopPointRef ref="VTR:ScheduledStopPoint:126019" version="1"/>
                  <prices>
                    <DistanceMatrixElementPrice id="VTR:DistanceMatrixElementPrice:1172171to1172172" version="1">
                      <Amount>0.23</Amount>
                      <DistanceMatrixElementRef ref="VTR:DistanceMatrixElement:1172171to1172172" version="1"/>
                    </DistanceMatrixElementPrice>
                  </prices>
                </DistanceMatrixElement>
                <DistanceMatrixElement id="VTR:DistanceMatrixElement:1172171to1172174" version="1">
                  <Name>Pridotkai to Žiežmariai</Name>
                  <StartStopPointRef ref="VTR:ScheduledStopPoint:126018" version="1"/>
                  <EndStopPointRef ref="VTR:ScheduledStopPoint:126021" version="1"/>
                  <prices>
                    <DistanceMatrixElementPrice id="VTR:DistanceMatrixElementPrice:1172171to1172174" version="1">
                      <Amount>0.71</Amount>
                      <DistanceMatrixElementRef ref="VTR:DistanceMatrixElement:1172171to1172174" version="1"/>
                    </DistanceMatrixElementPrice>
                  </prices>
                </DistanceMatrixElement>
                <DistanceMatrixElement id="VTR:DistanceMatrixElement:1172171to1172175" version="1">
                  <Name>Pridotkai to Žiežmariai</Name>
                  <StartStopPointRef ref="VTR:ScheduledStopPoint:126018" version="1"/>
                  <EndStopPointRef ref="VTR:ScheduledStopPoint:126022" version="1"/>
                  <prices>
                    <DistanceMatrixElementPrice id="VTR:DistanceMatrixElementPrice:1172171to1172175" version="1">
                      <Amount>0.8</Amount>
                      <DistanceMatrixElementRef ref="VTR:DistanceMatrixElement:1172171to1172175" version="1"/>
                    </DistanceMatrixElementPrice>
                  </prices>
                </DistanceMatrixElement>
                <DistanceMatrixElement id="VTR:DistanceMatrixElement:1172171to1172179" version="1">
                  <Name>Pridotkai to Autoservisas</Name>
                  <StartStopPointRef ref="VTR:ScheduledStopPoint:126018" version="1"/>
                  <EndStopPointRef ref="VTR:ScheduledStopPoint:126031" version="1"/>
                  <prices>
                    <DistanceMatrixElementPrice id="VTR:DistanceMatrixElementPrice:1172171to1172179" version="1">
                      <Amount>1.46</Amount>
                      <DistanceMatrixElementRef ref="VTR:DistanceMatrixElement:1172171to1172179" version="1"/>
                    </DistanceMatrixElementPrice>
                  </prices>
                </DistanceMatrixElement>
                <DistanceMatrixElement id="VTR:DistanceMatrixElement:1172172to1172173" version="1">
                  <Name>Kairiškės to Med.Strėvininkai</Name>
                  <StartStopPointRef ref="VTR:ScheduledStopPoint:126019" version="1"/>
                  <EndStopPointRef ref="VTR:ScheduledStopPoint:126020" version="1"/>
                  <prices>
                    <DistanceMatrixElementPrice id="VTR:DistanceMatrixElementPrice:1172172to1172173" version="1">
                      <Amount>0.26</Amount>
                      <DistanceMatrixElementRef ref="VTR:DistanceMatrixElement:1172172to1172173" version="1"/>
                    </DistanceMatrixElementPrice>
                  </prices>
                </DistanceMatrixElement>
                <DistanceMatrixElement id="VTR:DistanceMatrixElement:1172173to1172178" version="1">
                  <Name>Med.Strėvininkai to Šebnica</Name>
                  <StartStopPointRef ref="VTR:ScheduledStopPoint:126020" version="1"/>
                  <EndStopPointRef ref="VTR:ScheduledStopPoint:126030" version="1"/>
                  <prices>
                    <DistanceMatrixElementPrice id="VTR:DistanceMatrixElementPrice:1172173to1172178" version="1">
                      <Amount>0.87</Amount>
                      <DistanceMatrixElementRef ref="VTR:DistanceMatrixElement:1172173to1172178" version="1"/>
                    </DistanceMatrixElementPrice>
                  </prices>
                </DistanceMatrixElement>
                <DistanceMatrixElement id="VTR:DistanceMatrixElement:1172174to1172175" version="1">
                  <Name>Žiežmariai to Žiežmariai</Name>
                  <StartStopPointRef ref="VTR:ScheduledStopPoint:126021" version="1"/>
                  <EndStopPointRef ref="VTR:ScheduledStopPoint:126022" version="1"/>
                  <prices>
                    <DistanceMatrixElementPrice id="VTR:DistanceMatrixElementPrice:1172174to1172175" version="1">
                      <Amount>0.1</Amount>
                      <DistanceMatrixElementRef ref="VTR:DistanceMatrixElement:1172174to1172175" version="1"/>
                    </DistanceMatrixElementPrice>
                  </prices>
                </DistanceMatrixElement>
                <DistanceMatrixElement id="VTR:DistanceMatrixElement:1172174to1172176" version="1">
                  <Name>Žiežmariai to Žiežmarių Kr.</Name>
                  <StartStopPointRef ref="VTR:ScheduledStopPoint:126021" version="1"/>
                  <EndStopPointRef ref="VTR:ScheduledStopPoint:126025" version="1"/>
                  <prices>
                    <DistanceMatrixElementPrice id="VTR:DistanceMatrixElementPrice:1172174to1172176" version="1">
                      <Amount>0.2</Amount>
                      <DistanceMatrixElementRef ref="VTR:DistanceMatrixElement:1172174to1172176" version="1"/>
                    </DistanceMatrixElementPrice>
                  </prices>
                </DistanceMatrixElement>
                <DistanceMatrixElement id="VTR:DistanceMatrixElement:1172176to1172180" version="1">
                  <Name>Žiežmarių Kr. to Kaišiadorių Autobusų stotis</Name>
                  <StartStopPointRef ref="VTR:ScheduledStopPoint:126025" version="1"/>
                  <EndStopPointRef ref="VTR:ScheduledStopPoint:126032" version="1"/>
                  <prices>
                    <DistanceMatrixElementPrice id="VTR:DistanceMatrixElementPrice:1172176to1172180" version="1">
                      <Amount>0.92</Amount>
                      <DistanceMatrixElementRef ref="VTR:DistanceMatrixElement:1172176to1172180" version="1"/>
                    </DistanceMatrixElementPrice>
                  </prices>
                </DistanceMatrixElement>
                <DistanceMatrixElement id="VTR:DistanceMatrixElement:1172168to1172176" version="1">
                  <Name>Kruonis to Žiežmarių Kr.</Name>
                  <StartStopPointRef ref="VTR:ScheduledStopPoint:126015" version="1"/>
                  <EndStopPointRef ref="VTR:ScheduledStopPoint:126025" version="1"/>
                  <prices>
                    <DistanceMatrixElementPrice id="VTR:DistanceMatrixElementPrice:1172168to1172176" version="1">
                      <Amount>1.48</Amount>
                      <DistanceMatrixElementRef ref="VTR:DistanceMatrixElement:1172168to1172176" version="1"/>
                    </DistanceMatrixElementPrice>
                  </prices>
                </DistanceMatrixElement>
                <DistanceMatrixElement id="VTR:DistanceMatrixElement:1172169to1172175" version="1">
                  <Name>Burčiagai to Žiežmariai</Name>
                  <StartStopPointRef ref="VTR:ScheduledStopPoint:126016" version="1"/>
                  <EndStopPointRef ref="VTR:ScheduledStopPoint:126022" version="1"/>
                  <prices>
                    <DistanceMatrixElementPrice id="VTR:DistanceMatrixElementPrice:1172169to1172175" version="1">
                      <Amount>1.18</Amount>
                      <DistanceMatrixElementRef ref="VTR:DistanceMatrixElement:1172169to1172175" version="1"/>
                    </DistanceMatrixElementPrice>
                  </prices>
                </DistanceMatrixElement>
                <DistanceMatrixElement id="VTR:DistanceMatrixElement:1172170to1172179" version="1">
                  <Name>Ginteikiškės to Autoservisas</Name>
                  <StartStopPointRef ref="VTR:ScheduledStopPoint:126017" version="1"/>
                  <EndStopPointRef ref="VTR:ScheduledStopPoint:126031" version="1"/>
                  <prices>
                    <DistanceMatrixElementPrice id="VTR:DistanceMatrixElementPrice:1172170to1172179" version="1">
                      <Amount>1.71</Amount>
                      <DistanceMatrixElementRef ref="VTR:DistanceMatrixElement:1172170to1172179" version="1"/>
                    </DistanceMatrixElementPrice>
                  </prices>
                </DistanceMatrixElement>
                <DistanceMatrixElement id="VTR:DistanceMatrixElement:1172173to1172179" version="1">
                  <Name>Med.Strėvininkai to Autoservisas</Name>
                  <StartStopPointRef ref="VTR:ScheduledStopPoint:126020" version="1"/>
                  <EndStopPointRef ref="VTR:ScheduledStopPoint:126031" version="1"/>
                  <prices>
                    <DistanceMatrixElementPrice id="VTR:DistanceMatrixElementPrice:1172173to1172179" version="1">
                      <Amount>0.97</Amount>
                      <DistanceMatrixElementRef ref="VTR:DistanceMatrixElement:1172173to1172179" version="1"/>
                    </DistanceMatrixElementPrice>
                  </prices>
                </DistanceMatrixElement>
                <DistanceMatrixElement id="VTR:DistanceMatrixElement:1172174to1172178" version="1">
                  <Name>Žiežmariai to Šebnica</Name>
                  <StartStopPointRef ref="VTR:ScheduledStopPoint:126021" version="1"/>
                  <EndStopPointRef ref="VTR:ScheduledStopPoint:126030" version="1"/>
                  <prices>
                    <DistanceMatrixElementPrice id="VTR:DistanceMatrixElementPrice:1172174to1172178" version="1">
                      <Amount>0.65</Amount>
                      <DistanceMatrixElementRef ref="VTR:DistanceMatrixElement:1172174to1172178" version="1"/>
                    </DistanceMatrixElementPrice>
                  </prices>
                </DistanceMatrixElement>
                <DistanceMatrixElement id="VTR:DistanceMatrixElement:1172175to1172177" version="1">
                  <Name>Žiežmariai to Karantinis m</Name>
                  <StartStopPointRef ref="VTR:ScheduledStopPoint:126022" version="1"/>
                  <EndStopPointRef ref="VTR:ScheduledStopPoint:126029" version="1"/>
                  <prices>
                    <DistanceMatrixElementPrice id="VTR:DistanceMatrixElementPrice:1172175to1172177" version="1">
                      <Amount>0.4</Amount>
                      <DistanceMatrixElementRef ref="VTR:DistanceMatrixElement:1172175to1172177" version="1"/>
                    </DistanceMatrixElementPrice>
                  </prices>
                </DistanceMatrixElement>
                <DistanceMatrixElement id="VTR:DistanceMatrixElement:1172177to1172180" version="1">
                  <Name>Karantinis m to Kaišiadorių Autobusų stotis</Name>
                  <StartStopPointRef ref="VTR:ScheduledStopPoint:126029" version="1"/>
                  <EndStopPointRef ref="VTR:ScheduledStopPoint:126032" version="1"/>
                  <prices>
                    <DistanceMatrixElementPrice id="VTR:DistanceMatrixElementPrice:1172177to1172180" version="1">
                      <Amount>0.63</Amount>
                      <DistanceMatrixElementRef ref="VTR:DistanceMatrixElement:1172177to1172180" version="1"/>
                    </DistanceMatrixElementPrice>
                  </prices>
                </DistanceMatrixElement>
                <DistanceMatrixElement id="VTR:DistanceMatrixElement:1172168to1172173" version="1">
                  <Name>Kruonis to Med.Strėvininkai</Name>
                  <StartStopPointRef ref="VTR:ScheduledStopPoint:126015" version="1"/>
                  <EndStopPointRef ref="VTR:ScheduledStopPoint:126020" version="1"/>
                  <prices>
                    <DistanceMatrixElementPrice id="VTR:DistanceMatrixElementPrice:1172168to1172173" version="1">
                      <Amount>1.05</Amount>
                      <DistanceMatrixElementRef ref="VTR:DistanceMatrixElement:1172168to1172173" version="1"/>
                    </DistanceMatrixElementPrice>
                  </prices>
                </DistanceMatrixElement>
                <DistanceMatrixElement id="VTR:DistanceMatrixElement:1172168to1172174" version="1">
                  <Name>Kruonis to Žiežmariai</Name>
                  <StartStopPointRef ref="VTR:ScheduledStopPoint:126015" version="1"/>
                  <EndStopPointRef ref="VTR:ScheduledStopPoint:126021" version="1"/>
                  <prices>
                    <DistanceMatrixElementPrice id="VTR:DistanceMatrixElementPrice:1172168to1172174" version="1">
                      <Amount>1.27</Amount>
                      <DistanceMatrixElementRef ref="VTR:DistanceMatrixElement:1172168to1172174" version="1"/>
                    </DistanceMatrixElementPrice>
                  </prices>
                </DistanceMatrixElement>
                <DistanceMatrixElement id="VTR:DistanceMatrixElement:1172170to1172172" version="1">
                  <Name>Ginteikiškės to Kairiškės</Name>
                  <StartStopPointRef ref="VTR:ScheduledStopPoint:126017" version="1"/>
                  <EndStopPointRef ref="VTR:ScheduledStopPoint:126019" version="1"/>
                  <prices>
                    <DistanceMatrixElementPrice id="VTR:DistanceMatrixElementPrice:1172170to1172172" version="1">
                      <Amount>0.48</Amount>
                      <DistanceMatrixElementRef ref="VTR:DistanceMatrixElement:1172170to1172172" version="1"/>
                    </DistanceMatrixElementPrice>
                  </prices>
                </DistanceMatrixElement>
                <DistanceMatrixElement id="VTR:DistanceMatrixElement:1172170to1172176" version="1">
                  <Name>Ginteikiškės to Žiežmarių Kr.</Name>
                  <StartStopPointRef ref="VTR:ScheduledStopPoint:126017" version="1"/>
                  <EndStopPointRef ref="VTR:ScheduledStopPoint:126025" version="1"/>
                  <prices>
                    <DistanceMatrixElementPrice id="VTR:DistanceMatrixElementPrice:1172170to1172176" version="1">
                      <Amount>1.16</Amount>
                      <DistanceMatrixElementRef ref="VTR:DistanceMatrixElement:1172170to1172176" version="1"/>
                    </DistanceMatrixElementPrice>
                  </prices>
                </DistanceMatrixElement>
                <DistanceMatrixElement id="VTR:DistanceMatrixElement:1172170to1172177" version="1">
                  <Name>Ginteikiškės to Karantinis m</Name>
                  <StartStopPointRef ref="VTR:ScheduledStopPoint:126017" version="1"/>
                  <EndStopPointRef ref="VTR:ScheduledStopPoint:126029" version="1"/>
                  <prices>
                    <DistanceMatrixElementPrice id="VTR:DistanceMatrixElementPrice:1172170to1172177" version="1">
                      <Amount>1.45</Amount>
                      <DistanceMatrixElementRef ref="VTR:DistanceMatrixElement:1172170to1172177" version="1"/>
                    </DistanceMatrixElementPrice>
                  </prices>
                </DistanceMatrixElement>
                <DistanceMatrixElement id="VTR:DistanceMatrixElement:1172171to1172180" version="1">
                  <Name>Pridotkai to Kaišiadorių Autobusų stotis</Name>
                  <StartStopPointRef ref="VTR:ScheduledStopPoint:126018" version="1"/>
                  <EndStopPointRef ref="VTR:ScheduledStopPoint:126032" version="1"/>
                  <prices>
                    <DistanceMatrixElementPrice id="VTR:DistanceMatrixElementPrice:1172171to1172180" version="1">
                      <Amount>1.83</Amount>
                      <DistanceMatrixElementRef ref="VTR:DistanceMatrixElement:1172171to1172180" version="1"/>
                    </DistanceMatrixElementPrice>
                  </prices>
                </DistanceMatrixElement>
                <DistanceMatrixElement id="VTR:DistanceMatrixElement:1172172to1172176" version="1">
                  <Name>Kairiškės to Žiežmarių Kr.</Name>
                  <StartStopPointRef ref="VTR:ScheduledStopPoint:126019" version="1"/>
                  <EndStopPointRef ref="VTR:ScheduledStopPoint:126025" version="1"/>
                  <prices>
                    <DistanceMatrixElementPrice id="VTR:DistanceMatrixElementPrice:1172172to1172176" version="1">
                      <Amount>0.68</Amount>
                      <DistanceMatrixElementRef ref="VTR:DistanceMatrixElement:1172172to1172176" version="1"/>
                    </DistanceMatrixElementPrice>
                  </prices>
                </DistanceMatrixElement>
                <DistanceMatrixElement id="VTR:DistanceMatrixElement:1172172to1172180" version="1">
                  <Name>Kairiškės to Kaišiadorių Autobusų stotis</Name>
                  <StartStopPointRef ref="VTR:ScheduledStopPoint:126019" version="1"/>
                  <EndStopPointRef ref="VTR:ScheduledStopPoint:126032" version="1"/>
                  <prices>
                    <DistanceMatrixElementPrice id="VTR:DistanceMatrixElementPrice:1172172to1172180" version="1">
                      <Amount>1.6</Amount>
                      <DistanceMatrixElementRef ref="VTR:DistanceMatrixElement:1172172to1172180" version="1"/>
                    </DistanceMatrixElementPrice>
                  </prices>
                </DistanceMatrixElement>
                <DistanceMatrixElement id="VTR:DistanceMatrixElement:1172174to1172177" version="1">
                  <Name>Žiežmariai to Karantinis m</Name>
                  <StartStopPointRef ref="VTR:ScheduledStopPoint:126021" version="1"/>
                  <EndStopPointRef ref="VTR:ScheduledStopPoint:126029" version="1"/>
                  <prices>
                    <DistanceMatrixElementPrice id="VTR:DistanceMatrixElementPrice:1172174to1172177" version="1">
                      <Amount>0.5</Amount>
                      <DistanceMatrixElementRef ref="VTR:DistanceMatrixElement:1172174to1172177" version="1"/>
                    </DistanceMatrixElementPrice>
                  </prices>
                </DistanceMatrixElement>
                <DistanceMatrixElement id="VTR:DistanceMatrixElement:1172175to1172176" version="1">
                  <Name>Žiežmariai to Žiežmarių Kr.</Name>
                  <StartStopPointRef ref="VTR:ScheduledStopPoint:126022" version="1"/>
                  <EndStopPointRef ref="VTR:ScheduledStopPoint:126025" version="1"/>
                  <prices>
                    <DistanceMatrixElementPrice id="VTR:DistanceMatrixElementPrice:1172175to1172176" version="1">
                      <Amount>0.11</Amount>
                      <DistanceMatrixElementRef ref="VTR:DistanceMatrixElement:1172175to1172176" version="1"/>
                    </DistanceMatrixElementPrice>
                  </prices>
                </DistanceMatrixElement>
                <DistanceMatrixElement id="VTR:DistanceMatrixElement:1172177to1172178" version="1">
                  <Name>Karantinis m to Šebnica</Name>
                  <StartStopPointRef ref="VTR:ScheduledStopPoint:126029" version="1"/>
                  <EndStopPointRef ref="VTR:ScheduledStopPoint:126030" version="1"/>
                  <prices>
                    <DistanceMatrixElementPrice id="VTR:DistanceMatrixElementPrice:1172177to1172178" version="1">
                      <Amount>0.15</Amount>
                      <DistanceMatrixElementRef ref="VTR:DistanceMatrixElement:1172177to1172178" version="1"/>
                    </DistanceMatrixElementPrice>
                  </prices>
                </DistanceMatrixElement>
              </distanceMatrixElements>
            </Tariff>
          </tariffs>
          <usageParameters>
            <FrequencyOfUse id="VTR:FrequencyOfUse:oneTrip" version="1">
              <FrequencyOfUseType>unlimited</FrequencyOfUseType>
              <MaximalFrequency>1</MaximalFrequency>
            </FrequencyOfUse>
          </usageParameters>
        </FareFrame>
      </frames>
    </CompositeFrame>
  </dataObjects>
</PublicationDelivery>
