<?xml version="1.0" encoding="UTF-8"?><PublicationDelivery xmlns="http://www.netex.org.uk/netex" xmlns:gis="http://www.opengis.net/gml/3.2" xmlns:ns2="http://www.opengis.net/gml/3.2" xmlns:ns3="http://www.siri.org.uk/siri" xmlns:xsi="http://www.w3.org/2001/XMLSchema-instance" version="1" xsi:schemaLocation="">
  <PublicationTimestamp>2022-05-07T03:25:00.575</PublicationTimestamp>
  <ParticipantRef>VTR</ParticipantRef>
  <Description>1</Description>
  <dataObjects>
    <CompositeFrame created="2022-05-07T03:25:00.575" version="1" id="VTR:CompositeFrame:1381">
      <validityConditions>
        <AvailabilityCondition version="1" id="VTR:AvailabilityCondition:1381">
          <FromDate>2015-11-25T13:18:26</FromDate>
          <ToDate>2027-12-30T00:00:00</ToDate>
        </AvailabilityCondition>
      </validityConditions>
      <codespaces>
        <Codespace id="vtr">
          <Xmlns>VTR</Xmlns>
          <XmlnsUrl>http://www.visimarsrutai.lt/</XmlnsUrl>
        </Codespace>
      </codespaces>
      <FrameDefaults>
        <DefaultLocale>
          <TimeZone>Europe/Vilnius</TimeZone>
        </DefaultLocale>
        <DefaultLocationSystem>WGS84</DefaultLocationSystem>
      </FrameDefaults>
      <frames>
        <ServiceCalendarFrame version="1" id="VTR:ServiceCalendarFrame:1381">
          <dayTypes>
            <DayType id="VTR:DayType:2679" version="1">
              <properties>
                <PropertyOfDay>
                  <DaysOfWeek>Sunday</DaysOfWeek>
                </PropertyOfDay>
              </properties>
            </DayType>
          </dayTypes>
          <operatingPeriods>
            <OperatingPeriod version="1" id="VTR:OperatingPeriod:2679">
              <FromDate>2015-09-01T00:00:00</FromDate>
              <ToDate>2016-06-03T00:00:00</ToDate>
            </OperatingPeriod>
          </operatingPeriods>
          <dayTypeAssignments>
            <DayTypeAssignment id="VTR:DayTypeAssignment:2679_0" version="1" order="2130">
              <OperatingPeriodRef ref="VTR:OperatingPeriod:2679" version="1"/>
              <DayTypeRef ref="VTR:DayType:2679" version="1"/>
            </DayTypeAssignment>
          </dayTypeAssignments>
        </ServiceCalendarFrame>
        <ServiceFrame id="VTR:ServiceFrame:1381" version="1">
          <Network version="0" id="VTR:Network:13"/>
          <routePoints>
            <RoutePoint version="1" id="VTR:RoutePoint:125771">
              <projections>
                <PointProjection version="1" id="VTR:PointProjection:34656">
                  <ProjectedPointRef ref="VTR:ScheduledStopPoint:125771" version="1"/>
                </PointProjection>
              </projections>
            </RoutePoint>
            <RoutePoint version="1" id="VTR:RoutePoint:125772">
              <projections>
                <PointProjection version="1" id="VTR:PointProjection:34657">
                  <ProjectedPointRef ref="VTR:ScheduledStopPoint:125772" version="1"/>
                </PointProjection>
              </projections>
            </RoutePoint>
            <RoutePoint version="1" id="VTR:RoutePoint:125773">
              <projections>
                <PointProjection version="1" id="VTR:PointProjection:34661">
                  <ProjectedPointRef ref="VTR:ScheduledStopPoint:125773" version="1"/>
                </PointProjection>
              </projections>
            </RoutePoint>
            <RoutePoint version="1" id="VTR:RoutePoint:125774">
              <projections>
                <PointProjection version="1" id="VTR:PointProjection:37887">
                  <ProjectedPointRef ref="VTR:ScheduledStopPoint:125774" version="1"/>
                </PointProjection>
              </projections>
            </RoutePoint>
            <RoutePoint version="1" id="VTR:RoutePoint:125775">
              <projections>
                <PointProjection version="1" id="VTR:PointProjection:38857">
                  <ProjectedPointRef ref="VTR:ScheduledStopPoint:125775" version="1"/>
                </PointProjection>
              </projections>
            </RoutePoint>
            <RoutePoint version="1" id="VTR:RoutePoint:125778">
              <projections>
                <PointProjection version="1" id="VTR:PointProjection:38858">
                  <ProjectedPointRef ref="VTR:ScheduledStopPoint:125778" version="1"/>
                </PointProjection>
              </projections>
            </RoutePoint>
            <RoutePoint version="1" id="VTR:RoutePoint:125779">
              <projections>
                <PointProjection version="1" id="VTR:PointProjection:38859">
                  <ProjectedPointRef ref="VTR:ScheduledStopPoint:125779" version="1"/>
                </PointProjection>
              </projections>
            </RoutePoint>
            <RoutePoint version="1" id="VTR:RoutePoint:125780">
              <projections>
                <PointProjection version="1" id="VTR:PointProjection:38860">
                  <ProjectedPointRef ref="VTR:ScheduledStopPoint:125780" version="1"/>
                </PointProjection>
              </projections>
            </RoutePoint>
            <RoutePoint version="1" id="VTR:RoutePoint:125781">
              <projections>
                <PointProjection version="1" id="VTR:PointProjection:38861">
                  <ProjectedPointRef ref="VTR:ScheduledStopPoint:125781" version="1"/>
                </PointProjection>
              </projections>
            </RoutePoint>
            <RoutePoint version="1" id="VTR:RoutePoint:125786">
              <projections>
                <PointProjection version="1" id="VTR:PointProjection:38862">
                  <ProjectedPointRef ref="VTR:ScheduledStopPoint:125786" version="1"/>
                </PointProjection>
              </projections>
            </RoutePoint>
            <RoutePoint version="1" id="VTR:RoutePoint:125788">
              <projections>
                <PointProjection version="1" id="VTR:PointProjection:38863">
                  <ProjectedPointRef ref="VTR:ScheduledStopPoint:125788" version="1"/>
                </PointProjection>
              </projections>
            </RoutePoint>
            <RoutePoint version="1" id="VTR:RoutePoint:125789">
              <projections>
                <PointProjection version="1" id="VTR:PointProjection:38864">
                  <ProjectedPointRef ref="VTR:ScheduledStopPoint:125789" version="1"/>
                </PointProjection>
              </projections>
            </RoutePoint>
            <RoutePoint version="1" id="VTR:RoutePoint:125790">
              <projections>
                <PointProjection version="1" id="VTR:PointProjection:38865">
                  <ProjectedPointRef ref="VTR:ScheduledStopPoint:125790" version="1"/>
                </PointProjection>
              </projections>
            </RoutePoint>
            <RoutePoint version="1" id="VTR:RoutePoint:125791">
              <projections>
                <PointProjection version="1" id="VTR:PointProjection:38866">
                  <ProjectedPointRef ref="VTR:ScheduledStopPoint:125791" version="1"/>
                </PointProjection>
              </projections>
            </RoutePoint>
            <RoutePoint version="1" id="VTR:RoutePoint:125792">
              <projections>
                <PointProjection version="1" id="VTR:PointProjection:38867">
                  <ProjectedPointRef ref="VTR:ScheduledStopPoint:125792" version="1"/>
                </PointProjection>
              </projections>
            </RoutePoint>
            <RoutePoint version="1" id="VTR:RoutePoint:125793">
              <projections>
                <PointProjection version="1" id="VTR:PointProjection:38868">
                  <ProjectedPointRef ref="VTR:ScheduledStopPoint:125793" version="1"/>
                </PointProjection>
              </projections>
            </RoutePoint>
            <RoutePoint version="1" id="VTR:RoutePoint:125794">
              <projections>
                <PointProjection version="1" id="VTR:PointProjection:38869">
                  <ProjectedPointRef ref="VTR:ScheduledStopPoint:125794" version="1"/>
                </PointProjection>
              </projections>
            </RoutePoint>
            <RoutePoint version="1" id="VTR:RoutePoint:125795">
              <projections>
                <PointProjection version="1" id="VTR:PointProjection:38870">
                  <ProjectedPointRef ref="VTR:ScheduledStopPoint:125795" version="1"/>
                </PointProjection>
              </projections>
            </RoutePoint>
          </routePoints>
          <routes>
            <Route version="1" id="VTR:Route:7508">
              <Name>Kaišiadorys-Liutonys III</Name>
              <ShortName>Kaišiadorys-Liutonys III</ShortName>
              <LineRef ref="VTR:Line:2880" version="2949"/>
              <DirectionType>outbound</DirectionType>
              <pointsInSequence>
                <PointOnRoute version="1" id="VTR:PointOnRoute:125771" order="1">
                  <RoutePointRef ref="VTR:RoutePoint:125771"/>
                </PointOnRoute>
                <PointOnRoute version="1" id="VTR:PointOnRoute:125772" order="2">
                  <RoutePointRef ref="VTR:RoutePoint:125772"/>
                </PointOnRoute>
                <PointOnRoute version="1" id="VTR:PointOnRoute:125773" order="3">
                  <RoutePointRef ref="VTR:RoutePoint:125773"/>
                </PointOnRoute>
                <PointOnRoute version="1" id="VTR:PointOnRoute:125774" order="4">
                  <RoutePointRef ref="VTR:RoutePoint:125774"/>
                </PointOnRoute>
                <PointOnRoute version="1" id="VTR:PointOnRoute:125775" order="5">
                  <RoutePointRef ref="VTR:RoutePoint:125775"/>
                </PointOnRoute>
                <PointOnRoute version="1" id="VTR:PointOnRoute:125778" order="6">
                  <RoutePointRef ref="VTR:RoutePoint:125778"/>
                </PointOnRoute>
                <PointOnRoute version="1" id="VTR:PointOnRoute:125779" order="7">
                  <RoutePointRef ref="VTR:RoutePoint:125779"/>
                </PointOnRoute>
                <PointOnRoute version="1" id="VTR:PointOnRoute:125780" order="8">
                  <RoutePointRef ref="VTR:RoutePoint:125780"/>
                </PointOnRoute>
                <PointOnRoute version="1" id="VTR:PointOnRoute:125781" order="9">
                  <RoutePointRef ref="VTR:RoutePoint:125781"/>
                </PointOnRoute>
                <PointOnRoute version="1" id="VTR:PointOnRoute:125786" order="10">
                  <RoutePointRef ref="VTR:RoutePoint:125786"/>
                </PointOnRoute>
                <PointOnRoute version="1" id="VTR:PointOnRoute:125788" order="11">
                  <RoutePointRef ref="VTR:RoutePoint:125788"/>
                </PointOnRoute>
                <PointOnRoute version="1" id="VTR:PointOnRoute:125789" order="12">
                  <RoutePointRef ref="VTR:RoutePoint:125789"/>
                </PointOnRoute>
                <PointOnRoute version="1" id="VTR:PointOnRoute:125790" order="13">
                  <RoutePointRef ref="VTR:RoutePoint:125790"/>
                </PointOnRoute>
                <PointOnRoute version="1" id="VTR:PointOnRoute:125791" order="14">
                  <RoutePointRef ref="VTR:RoutePoint:125791"/>
                </PointOnRoute>
                <PointOnRoute version="1" id="VTR:PointOnRoute:125792" order="15">
                  <RoutePointRef ref="VTR:RoutePoint:125792"/>
                </PointOnRoute>
                <PointOnRoute version="1" id="VTR:PointOnRoute:125793" order="16">
                  <RoutePointRef ref="VTR:RoutePoint:125793"/>
                </PointOnRoute>
                <PointOnRoute version="1" id="VTR:PointOnRoute:125794" order="17">
                  <RoutePointRef ref="VTR:RoutePoint:125794"/>
                </PointOnRoute>
                <PointOnRoute version="1" id="VTR:PointOnRoute:125795" order="18">
                  <RoutePointRef ref="VTR:RoutePoint:125795"/>
                </PointOnRoute>
              </pointsInSequence>
            </Route>
          </routes>
          <lines>
            <Line version="2949" id="VTR:Line:2880">
              <Name>Kaišiadorys-Liutonys III</Name>
              <TransportMode>bus</TransportMode>
              <TransportSubmode>
                <BusSubmode>regionalBus</BusSubmode>
              </TransportSubmode>
              <PublicCode>52-1</PublicCode>
              <OperatorRef ref="VTR:Operator:13"/>
            </Line>
          </lines>
          <scheduledStopPoints>
            <ScheduledStopPoint version="1" id="VTR:ScheduledStopPoint:125771">
              <Name>Kaišiadorių Autobusų stotis</Name>
            </ScheduledStopPoint>
            <ScheduledStopPoint version="1" id="VTR:ScheduledStopPoint:125772">
              <Name>Prekybos centras</Name>
            </ScheduledStopPoint>
            <ScheduledStopPoint version="1" id="VTR:ScheduledStopPoint:125773">
              <Name>Teismo rūmai</Name>
            </ScheduledStopPoint>
            <ScheduledStopPoint version="1" id="VTR:ScheduledStopPoint:125774">
              <Name>Centras</Name>
            </ScheduledStopPoint>
            <ScheduledStopPoint version="1" id="VTR:ScheduledStopPoint:125775">
              <Name>Pėsčiųjų tiltas</Name>
            </ScheduledStopPoint>
            <ScheduledStopPoint version="1" id="VTR:ScheduledStopPoint:125778">
              <Name>Kiemeliai</Name>
            </ScheduledStopPoint>
            <ScheduledStopPoint version="1" id="VTR:ScheduledStopPoint:125779">
              <Name>STASIŪNAI</Name>
            </ScheduledStopPoint>
            <ScheduledStopPoint version="1" id="VTR:ScheduledStopPoint:125780">
              <Name>Vladikiškių k.</Name>
            </ScheduledStopPoint>
            <ScheduledStopPoint version="1" id="VTR:ScheduledStopPoint:125781">
              <Name>Karantinis m</Name>
            </ScheduledStopPoint>
            <ScheduledStopPoint version="1" id="VTR:ScheduledStopPoint:125786">
              <Name>Žiežmarių Kr.</Name>
            </ScheduledStopPoint>
            <ScheduledStopPoint version="1" id="VTR:ScheduledStopPoint:125788">
              <Name>Žiežmariai</Name>
            </ScheduledStopPoint>
            <ScheduledStopPoint version="1" id="VTR:ScheduledStopPoint:125789">
              <Name>Melioratorių gyv.</Name>
            </ScheduledStopPoint>
            <ScheduledStopPoint version="1" id="VTR:ScheduledStopPoint:125790">
              <Name>Turloviškės</Name>
            </ScheduledStopPoint>
            <ScheduledStopPoint version="1" id="VTR:ScheduledStopPoint:125791">
              <Name>Martiniškės</Name>
            </ScheduledStopPoint>
            <ScheduledStopPoint version="1" id="VTR:ScheduledStopPoint:125792">
              <Name>Mūro Strėvininkai</Name>
            </ScheduledStopPoint>
            <ScheduledStopPoint version="1" id="VTR:ScheduledStopPoint:125793">
              <Name>LIUTONYS   I</Name>
            </ScheduledStopPoint>
            <ScheduledStopPoint version="1" id="VTR:ScheduledStopPoint:125794">
              <Name>LIUTONYS  II</Name>
            </ScheduledStopPoint>
            <ScheduledStopPoint version="1" id="VTR:ScheduledStopPoint:125795">
              <Name>Liutonys III</Name>
            </ScheduledStopPoint>
          </scheduledStopPoints>
          <serviceLinks>
            <ServiceLink id="VTR:ServiceLink:125790_1_125791_1" version="1">
              <Distance>0</Distance>
              <FromPointRef ref="VTR:ScheduledStopPoint:125790" version="1"/>
              <ToPointRef ref="VTR:ScheduledStopPoint:125791" version="1"/>
            </ServiceLink>
            <ServiceLink id="VTR:ServiceLink:125791_1_125792_1" version="1">
              <Distance>1</Distance>
              <FromPointRef ref="VTR:ScheduledStopPoint:125791" version="1"/>
              <ToPointRef ref="VTR:ScheduledStopPoint:125792" version="1"/>
            </ServiceLink>
            <ServiceLink id="VTR:ServiceLink:125793_1_125794_1" version="1">
              <Distance>0</Distance>
              <FromPointRef ref="VTR:ScheduledStopPoint:125793" version="1"/>
              <ToPointRef ref="VTR:ScheduledStopPoint:125794" version="1"/>
            </ServiceLink>
            <ServiceLink id="VTR:ServiceLink:125771_1_125772_1" version="1">
              <Distance>0</Distance>
              <FromPointRef ref="VTR:ScheduledStopPoint:125771" version="1"/>
              <ToPointRef ref="VTR:ScheduledStopPoint:125772" version="1"/>
            </ServiceLink>
            <ServiceLink id="VTR:ServiceLink:125789_1_125790_1" version="1">
              <Distance>1</Distance>
              <FromPointRef ref="VTR:ScheduledStopPoint:125789" version="1"/>
              <ToPointRef ref="VTR:ScheduledStopPoint:125790" version="1"/>
            </ServiceLink>
            <ServiceLink id="VTR:ServiceLink:125794_1_125795_1" version="1">
              <Distance>1</Distance>
              <FromPointRef ref="VTR:ScheduledStopPoint:125794" version="1"/>
              <ToPointRef ref="VTR:ScheduledStopPoint:125795" version="1"/>
            </ServiceLink>
            <ServiceLink id="VTR:ServiceLink:125780_1_125781_1" version="1">
              <Distance>1</Distance>
              <FromPointRef ref="VTR:ScheduledStopPoint:125780" version="1"/>
              <ToPointRef ref="VTR:ScheduledStopPoint:125781" version="1"/>
            </ServiceLink>
            <ServiceLink id="VTR:ServiceLink:125773_1_125774_1" version="1">
              <Distance>0</Distance>
              <FromPointRef ref="VTR:ScheduledStopPoint:125773" version="1"/>
              <ToPointRef ref="VTR:ScheduledStopPoint:125774" version="1"/>
            </ServiceLink>
            <ServiceLink id="VTR:ServiceLink:125792_1_125793_1" version="1">
              <Distance>1</Distance>
              <FromPointRef ref="VTR:ScheduledStopPoint:125792" version="1"/>
              <ToPointRef ref="VTR:ScheduledStopPoint:125793" version="1"/>
            </ServiceLink>
            <ServiceLink id="VTR:ServiceLink:125779_1_125780_1" version="1">
              <Distance>1</Distance>
              <FromPointRef ref="VTR:ScheduledStopPoint:125779" version="1"/>
              <ToPointRef ref="VTR:ScheduledStopPoint:125780" version="1"/>
            </ServiceLink>
            <ServiceLink id="VTR:ServiceLink:125788_1_125789_1" version="1">
              <Distance>1</Distance>
              <FromPointRef ref="VTR:ScheduledStopPoint:125788" version="1"/>
              <ToPointRef ref="VTR:ScheduledStopPoint:125789" version="1"/>
            </ServiceLink>
            <ServiceLink id="VTR:ServiceLink:125774_1_125775_1" version="1">
              <Distance>0</Distance>
              <FromPointRef ref="VTR:ScheduledStopPoint:125774" version="1"/>
              <ToPointRef ref="VTR:ScheduledStopPoint:125775" version="1"/>
            </ServiceLink>
            <ServiceLink id="VTR:ServiceLink:125778_1_125779_1" version="1">
              <Distance>0</Distance>
              <FromPointRef ref="VTR:ScheduledStopPoint:125778" version="1"/>
              <ToPointRef ref="VTR:ScheduledStopPoint:125779" version="1"/>
            </ServiceLink>
            <ServiceLink id="VTR:ServiceLink:125772_1_125773_1" version="1">
              <Distance>0</Distance>
              <FromPointRef ref="VTR:ScheduledStopPoint:125772" version="1"/>
              <ToPointRef ref="VTR:ScheduledStopPoint:125773" version="1"/>
            </ServiceLink>
          </serviceLinks>
          <stopAssignments>
            <PassengerStopAssignment order="750800000" id="VTR:PassengerStopAssignment:125771" version="1">
              <ScheduledStopPointRef ref="VTR:ScheduledStopPoint:125771" version="1"/>
              <QuayRef ref="VTR:Quay:23769"/>
            </PassengerStopAssignment>
            <PassengerStopAssignment order="750800001" id="VTR:PassengerStopAssignment:125772" version="1">
              <ScheduledStopPointRef ref="VTR:ScheduledStopPoint:125772" version="1"/>
              <QuayRef ref="VTR:Quay:8800"/>
            </PassengerStopAssignment>
            <PassengerStopAssignment order="750800002" id="VTR:PassengerStopAssignment:125773" version="1">
              <ScheduledStopPointRef ref="VTR:ScheduledStopPoint:125773" version="1"/>
              <QuayRef ref="VTR:Quay:12765"/>
            </PassengerStopAssignment>
            <PassengerStopAssignment order="750800003" id="VTR:PassengerStopAssignment:125774" version="1">
              <ScheduledStopPointRef ref="VTR:ScheduledStopPoint:125774" version="1"/>
              <QuayRef ref="VTR:Quay:8842"/>
            </PassengerStopAssignment>
            <PassengerStopAssignment order="750800004" id="VTR:PassengerStopAssignment:125775" version="1">
              <ScheduledStopPointRef ref="VTR:ScheduledStopPoint:125775" version="1"/>
              <QuayRef ref="VTR:Quay:12752"/>
            </PassengerStopAssignment>
            <PassengerStopAssignment order="750800007" id="VTR:PassengerStopAssignment:125778" version="1">
              <ScheduledStopPointRef ref="VTR:ScheduledStopPoint:125778" version="1"/>
              <QuayRef ref="VTR:Quay:6285"/>
            </PassengerStopAssignment>
            <PassengerStopAssignment order="750800008" id="VTR:PassengerStopAssignment:125779" version="1">
              <ScheduledStopPointRef ref="VTR:ScheduledStopPoint:125779" version="1"/>
              <QuayRef ref="VTR:Quay:12061"/>
            </PassengerStopAssignment>
            <PassengerStopAssignment order="750800009" id="VTR:PassengerStopAssignment:125780" version="1">
              <ScheduledStopPointRef ref="VTR:ScheduledStopPoint:125780" version="1"/>
              <QuayRef ref="VTR:Quay:24191"/>
            </PassengerStopAssignment>
            <PassengerStopAssignment order="750800010" id="VTR:PassengerStopAssignment:125781" version="1">
              <ScheduledStopPointRef ref="VTR:ScheduledStopPoint:125781" version="1"/>
              <QuayRef ref="VTR:Quay:9743"/>
            </PassengerStopAssignment>
            <PassengerStopAssignment order="750800015" id="VTR:PassengerStopAssignment:125786" version="1">
              <ScheduledStopPointRef ref="VTR:ScheduledStopPoint:125786" version="1"/>
              <QuayRef ref="VTR:Quay:23770"/>
            </PassengerStopAssignment>
            <PassengerStopAssignment order="750800017" id="VTR:PassengerStopAssignment:125788" version="1">
              <ScheduledStopPointRef ref="VTR:ScheduledStopPoint:125788" version="1"/>
              <QuayRef ref="VTR:Quay:13918"/>
            </PassengerStopAssignment>
            <PassengerStopAssignment order="750800018" id="VTR:PassengerStopAssignment:125789" version="1">
              <ScheduledStopPointRef ref="VTR:ScheduledStopPoint:125789" version="1"/>
              <QuayRef ref="VTR:Quay:13911"/>
            </PassengerStopAssignment>
            <PassengerStopAssignment order="750800019" id="VTR:PassengerStopAssignment:125790" version="1">
              <ScheduledStopPointRef ref="VTR:ScheduledStopPoint:125790" version="1"/>
              <QuayRef ref="VTR:Quay:9069"/>
            </PassengerStopAssignment>
            <PassengerStopAssignment order="750800020" id="VTR:PassengerStopAssignment:125791" version="1">
              <ScheduledStopPointRef ref="VTR:ScheduledStopPoint:125791" version="1"/>
              <QuayRef ref="VTR:Quay:11988"/>
            </PassengerStopAssignment>
            <PassengerStopAssignment order="750800021" id="VTR:PassengerStopAssignment:125792" version="1">
              <ScheduledStopPointRef ref="VTR:ScheduledStopPoint:125792" version="1"/>
              <QuayRef ref="VTR:Quay:5207"/>
            </PassengerStopAssignment>
            <PassengerStopAssignment order="750800022" id="VTR:PassengerStopAssignment:125793" version="1">
              <ScheduledStopPointRef ref="VTR:ScheduledStopPoint:125793" version="1"/>
              <QuayRef ref="VTR:Quay:15886"/>
            </PassengerStopAssignment>
            <PassengerStopAssignment order="750800023" id="VTR:PassengerStopAssignment:125794" version="1">
              <ScheduledStopPointRef ref="VTR:ScheduledStopPoint:125794" version="1"/>
              <QuayRef ref="VTR:Quay:10777"/>
            </PassengerStopAssignment>
            <PassengerStopAssignment order="750800024" id="VTR:PassengerStopAssignment:125795" version="1">
              <ScheduledStopPointRef ref="VTR:ScheduledStopPoint:125795" version="1"/>
              <QuayRef ref="VTR:Quay:10282"/>
            </PassengerStopAssignment>
          </stopAssignments>
          <journeyPatterns>
            <JourneyPattern id="VTR:JourneyPattern:58255" version="58317">
              <Name>1</Name>
              <RouteRef ref="VTR:Route:7508" version="1"/>
              <pointsInSequence>
                <StopPointInJourneyPattern id="VTR:StopPointInJourneyPattern:1171852" version="58317" order="1">
                  <ScheduledStopPointRef ref="VTR:ScheduledStopPoint:125771"/>
                  <DestinationDisplayRef ref="VTR:DestinationDisplay:1"/>
                </StopPointInJourneyPattern>
                <StopPointInJourneyPattern id="VTR:StopPointInJourneyPattern:1171853" version="58317" order="2">
                  <ScheduledStopPointRef ref="VTR:ScheduledStopPoint:125772"/>
                  <DestinationDisplayRef ref="VTR:DestinationDisplay:1"/>
                </StopPointInJourneyPattern>
                <StopPointInJourneyPattern id="VTR:StopPointInJourneyPattern:1171854" version="58317" order="3">
                  <ScheduledStopPointRef ref="VTR:ScheduledStopPoint:125773"/>
                  <DestinationDisplayRef ref="VTR:DestinationDisplay:1"/>
                </StopPointInJourneyPattern>
                <StopPointInJourneyPattern id="VTR:StopPointInJourneyPattern:1171855" version="58317" order="4">
                  <ScheduledStopPointRef ref="VTR:ScheduledStopPoint:125774"/>
                  <DestinationDisplayRef ref="VTR:DestinationDisplay:1"/>
                </StopPointInJourneyPattern>
                <StopPointInJourneyPattern id="VTR:StopPointInJourneyPattern:1171856" version="58317" order="5">
                  <ScheduledStopPointRef ref="VTR:ScheduledStopPoint:125775"/>
                  <DestinationDisplayRef ref="VTR:DestinationDisplay:1"/>
                </StopPointInJourneyPattern>
                <StopPointInJourneyPattern id="VTR:StopPointInJourneyPattern:1171857" version="58317" order="6">
                  <ScheduledStopPointRef ref="VTR:ScheduledStopPoint:125778"/>
                  <DestinationDisplayRef ref="VTR:DestinationDisplay:1"/>
                </StopPointInJourneyPattern>
                <StopPointInJourneyPattern id="VTR:StopPointInJourneyPattern:1171858" version="58317" order="7">
                  <ScheduledStopPointRef ref="VTR:ScheduledStopPoint:125779"/>
                  <DestinationDisplayRef ref="VTR:DestinationDisplay:1"/>
                </StopPointInJourneyPattern>
                <StopPointInJourneyPattern id="VTR:StopPointInJourneyPattern:1171859" version="58317" order="8">
                  <ScheduledStopPointRef ref="VTR:ScheduledStopPoint:125780"/>
                  <DestinationDisplayRef ref="VTR:DestinationDisplay:1"/>
                </StopPointInJourneyPattern>
                <StopPointInJourneyPattern id="VTR:StopPointInJourneyPattern:1171860" version="58317" order="9">
                  <ScheduledStopPointRef ref="VTR:ScheduledStopPoint:125781"/>
                  <DestinationDisplayRef ref="VTR:DestinationDisplay:1"/>
                </StopPointInJourneyPattern>
                <StopPointInJourneyPattern id="VTR:StopPointInJourneyPattern:1171861" version="58317" order="10">
                  <ScheduledStopPointRef ref="VTR:ScheduledStopPoint:125786"/>
                  <DestinationDisplayRef ref="VTR:DestinationDisplay:1"/>
                </StopPointInJourneyPattern>
                <StopPointInJourneyPattern id="VTR:StopPointInJourneyPattern:1171862" version="58317" order="11">
                  <ScheduledStopPointRef ref="VTR:ScheduledStopPoint:125788"/>
                  <DestinationDisplayRef ref="VTR:DestinationDisplay:1"/>
                </StopPointInJourneyPattern>
                <StopPointInJourneyPattern id="VTR:StopPointInJourneyPattern:1171863" version="58317" order="12">
                  <ScheduledStopPointRef ref="VTR:ScheduledStopPoint:125789"/>
                  <DestinationDisplayRef ref="VTR:DestinationDisplay:1"/>
                </StopPointInJourneyPattern>
                <StopPointInJourneyPattern id="VTR:StopPointInJourneyPattern:1171864" version="58317" order="13">
                  <ScheduledStopPointRef ref="VTR:ScheduledStopPoint:125790"/>
                  <DestinationDisplayRef ref="VTR:DestinationDisplay:1"/>
                </StopPointInJourneyPattern>
                <StopPointInJourneyPattern id="VTR:StopPointInJourneyPattern:1171865" version="58317" order="14">
                  <ScheduledStopPointRef ref="VTR:ScheduledStopPoint:125791"/>
                  <DestinationDisplayRef ref="VTR:DestinationDisplay:1"/>
                </StopPointInJourneyPattern>
                <StopPointInJourneyPattern id="VTR:StopPointInJourneyPattern:1171866" version="58317" order="15">
                  <ScheduledStopPointRef ref="VTR:ScheduledStopPoint:125792"/>
                  <DestinationDisplayRef ref="VTR:DestinationDisplay:1"/>
                </StopPointInJourneyPattern>
                <StopPointInJourneyPattern id="VTR:StopPointInJourneyPattern:1171867" version="58317" order="16">
                  <ScheduledStopPointRef ref="VTR:ScheduledStopPoint:125793"/>
                  <DestinationDisplayRef ref="VTR:DestinationDisplay:1"/>
                </StopPointInJourneyPattern>
                <StopPointInJourneyPattern id="VTR:StopPointInJourneyPattern:1171868" version="58317" order="17">
                  <ScheduledStopPointRef ref="VTR:ScheduledStopPoint:125794"/>
                  <DestinationDisplayRef ref="VTR:DestinationDisplay:1"/>
                </StopPointInJourneyPattern>
                <StopPointInJourneyPattern id="VTR:StopPointInJourneyPattern:1171869" version="58317" order="18">
                  <ScheduledStopPointRef ref="VTR:ScheduledStopPoint:125795"/>
                  <DestinationDisplayRef ref="VTR:DestinationDisplay:1"/>
                </StopPointInJourneyPattern>
              </pointsInSequence>
            </JourneyPattern>
          </journeyPatterns>
        </ServiceFrame>
        <TimetableFrame version="1" id="VTR:TimetableFrame:1381">
          <vehicleJourneys>
            <ServiceJourney version="58317" id="VTR:ServiceJourney:58255">
              <Name>Kaišiadorys-Liutonys III</Name>
              <PrivateCode>1</PrivateCode>
              <dayTypes>
                <DayTypeRef ref="VTR:DayType:2679"/>
              </dayTypes>
              <JourneyPatternRef version="58317" ref="VTR:JourneyPattern:58255"/>
              <OperatorRef ref="VTR:Operator:"/>
              <LineRef ref="VTR:Line:2880" version="2949"/>
              <passingTimes>
                <TimetabledPassingTime version="58317" id="VTR:TimetabledPassingTime:58255_1171852_1">
                  <StopPointInJourneyPatternRef ref="VTR:StopPointInJourneyPattern:1171852" version="58317"/>
                  <DepartureTime>10:25:00</DepartureTime>
                  <DepartureDayOffset>0</DepartureDayOffset>
                </TimetabledPassingTime>
                <TimetabledPassingTime version="58317" id="VTR:TimetabledPassingTime:58255_1171853_2">
                  <StopPointInJourneyPatternRef ref="VTR:StopPointInJourneyPattern:1171853" version="58317"/>
                  <DepartureTime>10:26:00</DepartureTime>
                  <DepartureDayOffset>0</DepartureDayOffset>
                </TimetabledPassingTime>
                <TimetabledPassingTime version="58317" id="VTR:TimetabledPassingTime:58255_1171854_3">
                  <StopPointInJourneyPatternRef ref="VTR:StopPointInJourneyPattern:1171854" version="58317"/>
                  <DepartureTime>10:27:00</DepartureTime>
                  <DepartureDayOffset>0</DepartureDayOffset>
                </TimetabledPassingTime>
                <TimetabledPassingTime version="58317" id="VTR:TimetabledPassingTime:58255_1171855_4">
                  <StopPointInJourneyPatternRef ref="VTR:StopPointInJourneyPattern:1171855" version="58317"/>
                  <DepartureTime>10:28:00</DepartureTime>
                  <DepartureDayOffset>0</DepartureDayOffset>
                </TimetabledPassingTime>
                <TimetabledPassingTime version="58317" id="VTR:TimetabledPassingTime:58255_1171856_5">
                  <StopPointInJourneyPatternRef ref="VTR:StopPointInJourneyPattern:1171856" version="58317"/>
                  <DepartureTime>10:29:00</DepartureTime>
                  <DepartureDayOffset>0</DepartureDayOffset>
                </TimetabledPassingTime>
                <TimetabledPassingTime version="58317" id="VTR:TimetabledPassingTime:58255_1171857_6">
                  <StopPointInJourneyPatternRef ref="VTR:StopPointInJourneyPattern:1171857" version="58317"/>
                  <DepartureTime>10:31:00</DepartureTime>
                  <DepartureDayOffset>0</DepartureDayOffset>
                </TimetabledPassingTime>
                <TimetabledPassingTime version="58317" id="VTR:TimetabledPassingTime:58255_1171858_7">
                  <StopPointInJourneyPatternRef ref="VTR:StopPointInJourneyPattern:1171858" version="58317"/>
                  <DepartureTime>10:32:00</DepartureTime>
                  <DepartureDayOffset>0</DepartureDayOffset>
                </TimetabledPassingTime>
                <TimetabledPassingTime version="58317" id="VTR:TimetabledPassingTime:58255_1171859_8">
                  <StopPointInJourneyPatternRef ref="VTR:StopPointInJourneyPattern:1171859" version="58317"/>
                  <DepartureTime>10:34:00</DepartureTime>
                  <DepartureDayOffset>0</DepartureDayOffset>
                </TimetabledPassingTime>
                <TimetabledPassingTime version="58317" id="VTR:TimetabledPassingTime:58255_1171860_9">
                  <StopPointInJourneyPatternRef ref="VTR:StopPointInJourneyPattern:1171860" version="58317"/>
                  <DepartureTime>10:36:00</DepartureTime>
                  <DepartureDayOffset>0</DepartureDayOffset>
                </TimetabledPassingTime>
                <TimetabledPassingTime version="58317" id="VTR:TimetabledPassingTime:58255_1171861_10">
                  <StopPointInJourneyPatternRef ref="VTR:StopPointInJourneyPattern:1171861" version="58317"/>
                  <DepartureTime>10:42:00</DepartureTime>
                  <DepartureDayOffset>0</DepartureDayOffset>
                </TimetabledPassingTime>
                <TimetabledPassingTime version="58317" id="VTR:TimetabledPassingTime:58255_1171862_11">
                  <StopPointInJourneyPatternRef ref="VTR:StopPointInJourneyPattern:1171862" version="58317"/>
                  <DepartureTime>10:44:00</DepartureTime>
                  <DepartureDayOffset>0</DepartureDayOffset>
                </TimetabledPassingTime>
                <TimetabledPassingTime version="58317" id="VTR:TimetabledPassingTime:58255_1171863_12">
                  <StopPointInJourneyPatternRef ref="VTR:StopPointInJourneyPattern:1171863" version="58317"/>
                  <DepartureTime>10:46:00</DepartureTime>
                  <DepartureDayOffset>0</DepartureDayOffset>
                </TimetabledPassingTime>
                <TimetabledPassingTime version="58317" id="VTR:TimetabledPassingTime:58255_1171864_13">
                  <StopPointInJourneyPatternRef ref="VTR:StopPointInJourneyPattern:1171864" version="58317"/>
                  <DepartureTime>10:49:00</DepartureTime>
                  <DepartureDayOffset>0</DepartureDayOffset>
                </TimetabledPassingTime>
                <TimetabledPassingTime version="58317" id="VTR:TimetabledPassingTime:58255_1171865_14">
                  <StopPointInJourneyPatternRef ref="VTR:StopPointInJourneyPattern:1171865" version="58317"/>
                  <DepartureTime>10:50:00</DepartureTime>
                  <DepartureDayOffset>0</DepartureDayOffset>
                </TimetabledPassingTime>
                <TimetabledPassingTime version="58317" id="VTR:TimetabledPassingTime:58255_1171866_15">
                  <StopPointInJourneyPatternRef ref="VTR:StopPointInJourneyPattern:1171866" version="58317"/>
                  <DepartureTime>10:53:00</DepartureTime>
                  <DepartureDayOffset>0</DepartureDayOffset>
                </TimetabledPassingTime>
                <TimetabledPassingTime version="58317" id="VTR:TimetabledPassingTime:58255_1171867_16">
                  <StopPointInJourneyPatternRef ref="VTR:StopPointInJourneyPattern:1171867" version="58317"/>
                  <DepartureTime>10:56:00</DepartureTime>
                  <DepartureDayOffset>0</DepartureDayOffset>
                </TimetabledPassingTime>
                <TimetabledPassingTime version="58317" id="VTR:TimetabledPassingTime:58255_1171868_17">
                  <StopPointInJourneyPatternRef ref="VTR:StopPointInJourneyPattern:1171868" version="58317"/>
                  <DepartureTime>10:58:00</DepartureTime>
                  <DepartureDayOffset>0</DepartureDayOffset>
                </TimetabledPassingTime>
                <TimetabledPassingTime version="58317" id="VTR:TimetabledPassingTime:58255_1171869_18">
                  <StopPointInJourneyPatternRef ref="VTR:StopPointInJourneyPattern:1171869" version="58317"/>
                  <DepartureTime>11:00:00</DepartureTime>
                  <DepartureDayOffset>0</DepartureDayOffset>
                </TimetabledPassingTime>
              </passingTimes>
            </ServiceJourney>
          </vehicleJourneys>
        </TimetableFrame>
        <ResourceFrame version="1" id="VTR:ResourceFrame:1381">
          <organisations>
            <Authority version="1" id="VTR:Authority:13">
              <CompanyNumber>49</CompanyNumber>
              <Name>Kaišiadorių r. sav.</Name>
              <LegalName>Kaišiadorių r. sav.</LegalName>
              <ContactDetails>
                <Email>meras@kaisiadorys.lt</Email>
                <Phone>834620480</Phone>
                <Url>www.kaisiadorys.lt</Url>
              </ContactDetails>
              <OrganisationType>authority</OrganisationType>
            </Authority>
          </organisations>
        </ResourceFrame>
        <FareFrame id="VTR:FareFrame:2880" version="1">
          <FrameDefaults>
            <DefaultCurrency>EUR</DefaultCurrency>
          </FrameDefaults>
          <fareStructureElements>
            <FareStructureElement id="VTR:FareStructureElement:pricematrix" version="1">
              <distanceMatrixElements>
                <DistanceMatrixElementRef ref="VTR:DistanceMatrixElement:1171852to1171856" version="1"/>
                <DistanceMatrixElementRef ref="VTR:DistanceMatrixElement:1171852to1171855" version="1"/>
                <DistanceMatrixElementRef ref="VTR:DistanceMatrixElement:1171852to1171853" version="1"/>
                <DistanceMatrixElementRef ref="VTR:DistanceMatrixElement:1171852to1171857" version="1"/>
              </distanceMatrixElements>
            </FareStructureElement>
          </fareStructureElements>
          <tariffs>
            <Tariff id="VTR:Tariff:pointToPointInSeparateJourney_2880" version="1">
              <Name>Point to point tariff</Name>
              <distanceMatrixElements>
                <DistanceMatrixElement id="VTR:DistanceMatrixElement:1171852to1171856" version="1">
                  <Name>Kaišiadorių Autobusų stotis to Pėsčiųjų tiltas</Name>
                  <StartStopPointRef ref="VTR:ScheduledStopPoint:125771" version="1"/>
                  <EndStopPointRef ref="VTR:ScheduledStopPoint:125775" version="1"/>
                  <prices>
                    <DistanceMatrixElementPrice id="VTR:DistanceMatrixElementPrice:1171852to1171856" version="1">
                      <Amount>0.41</Amount>
                      <DistanceMatrixElementRef ref="VTR:DistanceMatrixElement:1171852to1171856" version="1"/>
                    </DistanceMatrixElementPrice>
                  </prices>
                </DistanceMatrixElement>
                <DistanceMatrixElement id="VTR:DistanceMatrixElement:1171852to1171855" version="1">
                  <Name>Kaišiadorių Autobusų stotis to Centras</Name>
                  <StartStopPointRef ref="VTR:ScheduledStopPoint:125771" version="1"/>
                  <EndStopPointRef ref="VTR:ScheduledStopPoint:125774" version="1"/>
                  <prices>
                    <DistanceMatrixElementPrice id="VTR:DistanceMatrixElementPrice:1171852to1171855" version="1">
                      <Amount>0.41</Amount>
                      <DistanceMatrixElementRef ref="VTR:DistanceMatrixElement:1171852to1171855" version="1"/>
                    </DistanceMatrixElementPrice>
                  </prices>
                </DistanceMatrixElement>
                <DistanceMatrixElement id="VTR:DistanceMatrixElement:1171852to1171853" version="1">
                  <Name>Kaišiadorių Autobusų stotis to Prekybos centras</Name>
                  <StartStopPointRef ref="VTR:ScheduledStopPoint:125771" version="1"/>
                  <EndStopPointRef ref="VTR:ScheduledStopPoint:125772" version="1"/>
                  <prices>
                    <DistanceMatrixElementPrice id="VTR:DistanceMatrixElementPrice:1171852to1171853" version="1">
                      <Amount>0.41</Amount>
                      <DistanceMatrixElementRef ref="VTR:DistanceMatrixElement:1171852to1171853" version="1"/>
                    </DistanceMatrixElementPrice>
                  </prices>
                </DistanceMatrixElement>
                <DistanceMatrixElement id="VTR:DistanceMatrixElement:1171852to1171857" version="1">
                  <Name>Kaišiadorių Autobusų stotis to Kiemeliai</Name>
                  <StartStopPointRef ref="VTR:ScheduledStopPoint:125771" version="1"/>
                  <EndStopPointRef ref="VTR:ScheduledStopPoint:125778" version="1"/>
                  <prices>
                    <DistanceMatrixElementPrice id="VTR:DistanceMatrixElementPrice:1171852to1171857" version="1">
                      <Amount>0.41</Amount>
                      <DistanceMatrixElementRef ref="VTR:DistanceMatrixElement:1171852to1171857" version="1"/>
                    </DistanceMatrixElementPrice>
                  </prices>
                </DistanceMatrixElement>
              </distanceMatrixElements>
            </Tariff>
          </tariffs>
          <usageParameters>
            <FrequencyOfUse id="VTR:FrequencyOfUse:oneTrip" version="1">
              <FrequencyOfUseType>unlimited</FrequencyOfUseType>
              <MaximalFrequency>1</MaximalFrequency>
            </FrequencyOfUse>
          </usageParameters>
        </FareFrame>
      </frames>
    </CompositeFrame>
  </dataObjects>
</PublicationDelivery>
