<?xml version="1.0" encoding="UTF-8"?><PublicationDelivery xmlns="http://www.netex.org.uk/netex" xmlns:gis="http://www.opengis.net/gml/3.2" xmlns:ns2="http://www.opengis.net/gml/3.2" xmlns:ns3="http://www.siri.org.uk/siri" xmlns:xsi="http://www.w3.org/2001/XMLSchema-instance" version="1" xsi:schemaLocation="">
  <PublicationTimestamp>2022-05-07T03:25:00.575</PublicationTimestamp>
  <ParticipantRef>VTR</ParticipantRef>
  <Description>1</Description>
  <dataObjects>
    <CompositeFrame created="2022-05-07T03:25:00.575" version="1" id="VTR:CompositeFrame:1381">
      <validityConditions>
        <AvailabilityCondition version="1" id="VTR:AvailabilityCondition:1381">
          <FromDate>2015-09-15T11:15:37</FromDate>
          <ToDate>2027-12-30T00:00:00</ToDate>
        </AvailabilityCondition>
      </validityConditions>
      <codespaces>
        <Codespace id="vtr">
          <Xmlns>VTR</Xmlns>
          <XmlnsUrl>http://www.visimarsrutai.lt/</XmlnsUrl>
        </Codespace>
      </codespaces>
      <FrameDefaults>
        <DefaultLocale>
          <TimeZone>Europe/Vilnius</TimeZone>
        </DefaultLocale>
        <DefaultLocationSystem>WGS84</DefaultLocationSystem>
      </FrameDefaults>
      <frames>
        <ServiceCalendarFrame version="1" id="VTR:ServiceCalendarFrame:1381">
          <dayTypes>
            <DayType id="VTR:DayType:2847" version="1">
              <properties>
                <PropertyOfDay>
                  <DaysOfWeek>Monday Tuesday Wednesday Thursday Friday</DaysOfWeek>
                </PropertyOfDay>
              </properties>
            </DayType>
          </dayTypes>
          <operatingPeriods>
            <OperatingPeriod version="1" id="VTR:OperatingPeriod:2847">
              <FromDate>2015-09-01T00:00:00</FromDate>
              <ToDate>2016-06-03T00:00:00</ToDate>
            </OperatingPeriod>
          </operatingPeriods>
          <dayTypeAssignments>
            <DayTypeAssignment id="VTR:DayTypeAssignment:2847_0" version="1" order="2210">
              <OperatingPeriodRef ref="VTR:OperatingPeriod:2847" version="1"/>
              <DayTypeRef ref="VTR:DayType:2847" version="1"/>
            </DayTypeAssignment>
          </dayTypeAssignments>
        </ServiceCalendarFrame>
        <ServiceFrame id="VTR:ServiceFrame:1381" version="1">
          <Network version="0" id="VTR:Network:13"/>
          <routePoints>
            <RoutePoint version="1" id="VTR:RoutePoint:126117">
              <projections>
                <PointProjection version="1" id="VTR:PointProjection:37585">
                  <ProjectedPointRef ref="VTR:ScheduledStopPoint:126117" version="1"/>
                </PointProjection>
              </projections>
            </RoutePoint>
            <RoutePoint version="1" id="VTR:RoutePoint:126118">
              <projections>
                <PointProjection version="1" id="VTR:PointProjection:37586">
                  <ProjectedPointRef ref="VTR:ScheduledStopPoint:126118" version="1"/>
                </PointProjection>
              </projections>
            </RoutePoint>
            <RoutePoint version="1" id="VTR:RoutePoint:126119">
              <projections>
                <PointProjection version="1" id="VTR:PointProjection:37587">
                  <ProjectedPointRef ref="VTR:ScheduledStopPoint:126119" version="1"/>
                </PointProjection>
              </projections>
            </RoutePoint>
            <RoutePoint version="1" id="VTR:RoutePoint:126120">
              <projections>
                <PointProjection version="1" id="VTR:PointProjection:37588">
                  <ProjectedPointRef ref="VTR:ScheduledStopPoint:126120" version="1"/>
                </PointProjection>
              </projections>
            </RoutePoint>
            <RoutePoint version="1" id="VTR:RoutePoint:126121">
              <projections>
                <PointProjection version="1" id="VTR:PointProjection:37589">
                  <ProjectedPointRef ref="VTR:ScheduledStopPoint:126121" version="1"/>
                </PointProjection>
              </projections>
            </RoutePoint>
            <RoutePoint version="1" id="VTR:RoutePoint:126122">
              <projections>
                <PointProjection version="1" id="VTR:PointProjection:37590">
                  <ProjectedPointRef ref="VTR:ScheduledStopPoint:126122" version="1"/>
                </PointProjection>
              </projections>
            </RoutePoint>
            <RoutePoint version="1" id="VTR:RoutePoint:126123">
              <projections>
                <PointProjection version="1" id="VTR:PointProjection:37591">
                  <ProjectedPointRef ref="VTR:ScheduledStopPoint:126123" version="1"/>
                </PointProjection>
              </projections>
            </RoutePoint>
            <RoutePoint version="1" id="VTR:RoutePoint:126124">
              <projections>
                <PointProjection version="1" id="VTR:PointProjection:37592">
                  <ProjectedPointRef ref="VTR:ScheduledStopPoint:126124" version="1"/>
                </PointProjection>
              </projections>
            </RoutePoint>
            <RoutePoint version="1" id="VTR:RoutePoint:126125">
              <projections>
                <PointProjection version="1" id="VTR:PointProjection:37593">
                  <ProjectedPointRef ref="VTR:ScheduledStopPoint:126125" version="1"/>
                </PointProjection>
              </projections>
            </RoutePoint>
            <RoutePoint version="1" id="VTR:RoutePoint:126131">
              <projections>
                <PointProjection version="1" id="VTR:PointProjection:37603">
                  <ProjectedPointRef ref="VTR:ScheduledStopPoint:126131" version="1"/>
                </PointProjection>
              </projections>
            </RoutePoint>
            <RoutePoint version="1" id="VTR:RoutePoint:126134">
              <projections>
                <PointProjection version="1" id="VTR:PointProjection:37604">
                  <ProjectedPointRef ref="VTR:ScheduledStopPoint:126134" version="1"/>
                </PointProjection>
              </projections>
            </RoutePoint>
            <RoutePoint version="1" id="VTR:RoutePoint:126135">
              <projections>
                <PointProjection version="1" id="VTR:PointProjection:37605">
                  <ProjectedPointRef ref="VTR:ScheduledStopPoint:126135" version="1"/>
                </PointProjection>
              </projections>
            </RoutePoint>
            <RoutePoint version="1" id="VTR:RoutePoint:126138">
              <projections>
                <PointProjection version="1" id="VTR:PointProjection:37606">
                  <ProjectedPointRef ref="VTR:ScheduledStopPoint:126138" version="1"/>
                </PointProjection>
              </projections>
            </RoutePoint>
            <RoutePoint version="1" id="VTR:RoutePoint:126139">
              <projections>
                <PointProjection version="1" id="VTR:PointProjection:37607">
                  <ProjectedPointRef ref="VTR:ScheduledStopPoint:126139" version="1"/>
                </PointProjection>
              </projections>
            </RoutePoint>
            <RoutePoint version="1" id="VTR:RoutePoint:126140">
              <projections>
                <PointProjection version="1" id="VTR:PointProjection:37608">
                  <ProjectedPointRef ref="VTR:ScheduledStopPoint:126140" version="1"/>
                </PointProjection>
              </projections>
            </RoutePoint>
            <RoutePoint version="1" id="VTR:RoutePoint:126141">
              <projections>
                <PointProjection version="1" id="VTR:PointProjection:37609">
                  <ProjectedPointRef ref="VTR:ScheduledStopPoint:126141" version="1"/>
                </PointProjection>
              </projections>
            </RoutePoint>
            <RoutePoint version="1" id="VTR:RoutePoint:126142">
              <projections>
                <PointProjection version="1" id="VTR:PointProjection:37610">
                  <ProjectedPointRef ref="VTR:ScheduledStopPoint:126142" version="1"/>
                </PointProjection>
              </projections>
            </RoutePoint>
            <RoutePoint version="1" id="VTR:RoutePoint:126143">
              <projections>
                <PointProjection version="1" id="VTR:PointProjection:37611">
                  <ProjectedPointRef ref="VTR:ScheduledStopPoint:126143" version="1"/>
                </PointProjection>
              </projections>
            </RoutePoint>
            <RoutePoint version="1" id="VTR:RoutePoint:126144">
              <projections>
                <PointProjection version="1" id="VTR:PointProjection:37612">
                  <ProjectedPointRef ref="VTR:ScheduledStopPoint:126144" version="1"/>
                </PointProjection>
              </projections>
            </RoutePoint>
            <RoutePoint version="1" id="VTR:RoutePoint:126145">
              <projections>
                <PointProjection version="1" id="VTR:PointProjection:37613">
                  <ProjectedPointRef ref="VTR:ScheduledStopPoint:126145" version="1"/>
                </PointProjection>
              </projections>
            </RoutePoint>
            <RoutePoint version="1" id="VTR:RoutePoint:126146">
              <projections>
                <PointProjection version="1" id="VTR:PointProjection:37614">
                  <ProjectedPointRef ref="VTR:ScheduledStopPoint:126146" version="1"/>
                </PointProjection>
              </projections>
            </RoutePoint>
            <RoutePoint version="1" id="VTR:RoutePoint:126147">
              <projections>
                <PointProjection version="1" id="VTR:PointProjection:37615">
                  <ProjectedPointRef ref="VTR:ScheduledStopPoint:126147" version="1"/>
                </PointProjection>
              </projections>
            </RoutePoint>
            <RoutePoint version="1" id="VTR:RoutePoint:126148">
              <projections>
                <PointProjection version="1" id="VTR:PointProjection:37616">
                  <ProjectedPointRef ref="VTR:ScheduledStopPoint:126148" version="1"/>
                </PointProjection>
              </projections>
            </RoutePoint>
            <RoutePoint version="1" id="VTR:RoutePoint:126149">
              <projections>
                <PointProjection version="1" id="VTR:PointProjection:37617">
                  <ProjectedPointRef ref="VTR:ScheduledStopPoint:126149" version="1"/>
                </PointProjection>
              </projections>
            </RoutePoint>
          </routePoints>
          <routes>
            <Route version="1" id="VTR:Route:5571">
              <Name>Kaišiadorys-Anglininkai</Name>
              <ShortName>Kaišiadorys-Anglininkai</ShortName>
              <LineRef ref="VTR:Line:2218" version="2244"/>
              <DirectionType>outbound</DirectionType>
              <pointsInSequence>
                <PointOnRoute version="1" id="VTR:PointOnRoute:126117" order="1">
                  <RoutePointRef ref="VTR:RoutePoint:126117"/>
                </PointOnRoute>
                <PointOnRoute version="1" id="VTR:PointOnRoute:126118" order="2">
                  <RoutePointRef ref="VTR:RoutePoint:126118"/>
                </PointOnRoute>
                <PointOnRoute version="1" id="VTR:PointOnRoute:126119" order="3">
                  <RoutePointRef ref="VTR:RoutePoint:126119"/>
                </PointOnRoute>
                <PointOnRoute version="1" id="VTR:PointOnRoute:126120" order="4">
                  <RoutePointRef ref="VTR:RoutePoint:126120"/>
                </PointOnRoute>
                <PointOnRoute version="1" id="VTR:PointOnRoute:126121" order="5">
                  <RoutePointRef ref="VTR:RoutePoint:126121"/>
                </PointOnRoute>
                <PointOnRoute version="1" id="VTR:PointOnRoute:126122" order="6">
                  <RoutePointRef ref="VTR:RoutePoint:126122"/>
                </PointOnRoute>
                <PointOnRoute version="1" id="VTR:PointOnRoute:126123" order="7">
                  <RoutePointRef ref="VTR:RoutePoint:126123"/>
                </PointOnRoute>
                <PointOnRoute version="1" id="VTR:PointOnRoute:126124" order="8">
                  <RoutePointRef ref="VTR:RoutePoint:126124"/>
                </PointOnRoute>
                <PointOnRoute version="1" id="VTR:PointOnRoute:126125" order="9">
                  <RoutePointRef ref="VTR:RoutePoint:126125"/>
                </PointOnRoute>
                <PointOnRoute version="1" id="VTR:PointOnRoute:126131" order="10">
                  <RoutePointRef ref="VTR:RoutePoint:126131"/>
                </PointOnRoute>
                <PointOnRoute version="1" id="VTR:PointOnRoute:126134" order="11">
                  <RoutePointRef ref="VTR:RoutePoint:126134"/>
                </PointOnRoute>
                <PointOnRoute version="1" id="VTR:PointOnRoute:126135" order="12">
                  <RoutePointRef ref="VTR:RoutePoint:126135"/>
                </PointOnRoute>
                <PointOnRoute version="1" id="VTR:PointOnRoute:126138" order="13">
                  <RoutePointRef ref="VTR:RoutePoint:126138"/>
                </PointOnRoute>
                <PointOnRoute version="1" id="VTR:PointOnRoute:126139" order="14">
                  <RoutePointRef ref="VTR:RoutePoint:126139"/>
                </PointOnRoute>
                <PointOnRoute version="1" id="VTR:PointOnRoute:126140" order="15">
                  <RoutePointRef ref="VTR:RoutePoint:126140"/>
                </PointOnRoute>
                <PointOnRoute version="1" id="VTR:PointOnRoute:126141" order="16">
                  <RoutePointRef ref="VTR:RoutePoint:126141"/>
                </PointOnRoute>
                <PointOnRoute version="1" id="VTR:PointOnRoute:126142" order="17">
                  <RoutePointRef ref="VTR:RoutePoint:126142"/>
                </PointOnRoute>
                <PointOnRoute version="1" id="VTR:PointOnRoute:126143" order="18">
                  <RoutePointRef ref="VTR:RoutePoint:126143"/>
                </PointOnRoute>
                <PointOnRoute version="1" id="VTR:PointOnRoute:126144" order="19">
                  <RoutePointRef ref="VTR:RoutePoint:126144"/>
                </PointOnRoute>
                <PointOnRoute version="1" id="VTR:PointOnRoute:126145" order="20">
                  <RoutePointRef ref="VTR:RoutePoint:126145"/>
                </PointOnRoute>
                <PointOnRoute version="1" id="VTR:PointOnRoute:126146" order="21">
                  <RoutePointRef ref="VTR:RoutePoint:126146"/>
                </PointOnRoute>
                <PointOnRoute version="1" id="VTR:PointOnRoute:126147" order="22">
                  <RoutePointRef ref="VTR:RoutePoint:126147"/>
                </PointOnRoute>
                <PointOnRoute version="1" id="VTR:PointOnRoute:126148" order="23">
                  <RoutePointRef ref="VTR:RoutePoint:126148"/>
                </PointOnRoute>
                <PointOnRoute version="1" id="VTR:PointOnRoute:126149" order="24">
                  <RoutePointRef ref="VTR:RoutePoint:126149"/>
                </PointOnRoute>
              </pointsInSequence>
            </Route>
          </routes>
          <lines>
            <Line version="2244" id="VTR:Line:2218">
              <Name>Kaišiadorys-Anglininkai</Name>
              <TransportMode>bus</TransportMode>
              <TransportSubmode>
                <BusSubmode>regionalBus</BusSubmode>
              </TransportSubmode>
              <PublicCode>66-1</PublicCode>
              <OperatorRef ref="VTR:Operator:13"/>
            </Line>
          </lines>
          <scheduledStopPoints>
            <ScheduledStopPoint version="1" id="VTR:ScheduledStopPoint:126117">
              <Name>Kaišiadorių Autobusų stotis</Name>
            </ScheduledStopPoint>
            <ScheduledStopPoint version="1" id="VTR:ScheduledStopPoint:126118">
              <Name>Kęstučio g.</Name>
            </ScheduledStopPoint>
            <ScheduledStopPoint version="1" id="VTR:ScheduledStopPoint:126119">
              <Name>Pėsčiųjų tiltas</Name>
            </ScheduledStopPoint>
            <ScheduledStopPoint version="1" id="VTR:ScheduledStopPoint:126120">
              <Name>Centras</Name>
            </ScheduledStopPoint>
            <ScheduledStopPoint version="1" id="VTR:ScheduledStopPoint:126121">
              <Name>Teismo rūmai</Name>
            </ScheduledStopPoint>
            <ScheduledStopPoint version="1" id="VTR:ScheduledStopPoint:126122">
              <Name>Prekybos centras</Name>
            </ScheduledStopPoint>
            <ScheduledStopPoint version="1" id="VTR:ScheduledStopPoint:126123">
              <Name>Autoservisas</Name>
            </ScheduledStopPoint>
            <ScheduledStopPoint version="1" id="VTR:ScheduledStopPoint:126124">
              <Name>Šebnica</Name>
            </ScheduledStopPoint>
            <ScheduledStopPoint version="1" id="VTR:ScheduledStopPoint:126125">
              <Name>Karantinis m</Name>
            </ScheduledStopPoint>
            <ScheduledStopPoint version="1" id="VTR:ScheduledStopPoint:126131">
              <Name>Žiežmarių Kr.</Name>
            </ScheduledStopPoint>
            <ScheduledStopPoint version="1" id="VTR:ScheduledStopPoint:126134">
              <Name>Žiežmariai</Name>
            </ScheduledStopPoint>
            <ScheduledStopPoint version="1" id="VTR:ScheduledStopPoint:126135">
              <Name>Žiežmariai</Name>
            </ScheduledStopPoint>
            <ScheduledStopPoint version="1" id="VTR:ScheduledStopPoint:126138">
              <Name>Kruonio kr.</Name>
            </ScheduledStopPoint>
            <ScheduledStopPoint version="1" id="VTR:ScheduledStopPoint:126139">
              <Name>Med.Strėvininkai</Name>
            </ScheduledStopPoint>
            <ScheduledStopPoint version="1" id="VTR:ScheduledStopPoint:126140">
              <Name>Avinėliai</Name>
            </ScheduledStopPoint>
            <ScheduledStopPoint version="1" id="VTR:ScheduledStopPoint:126141">
              <Name>Žideikiškės</Name>
            </ScheduledStopPoint>
            <ScheduledStopPoint version="1" id="VTR:ScheduledStopPoint:126142">
              <Name>Morkūnai</Name>
            </ScheduledStopPoint>
            <ScheduledStopPoint version="1" id="VTR:ScheduledStopPoint:126143">
              <Name>Mankūviškės</Name>
            </ScheduledStopPoint>
            <ScheduledStopPoint version="1" id="VTR:ScheduledStopPoint:126144">
              <Name>Burčiagai</Name>
            </ScheduledStopPoint>
            <ScheduledStopPoint version="1" id="VTR:ScheduledStopPoint:126145">
              <Name>Kruonis</Name>
            </ScheduledStopPoint>
            <ScheduledStopPoint version="1" id="VTR:ScheduledStopPoint:126146">
              <Name>Norkūnai</Name>
            </ScheduledStopPoint>
            <ScheduledStopPoint version="1" id="VTR:ScheduledStopPoint:126147">
              <Name>Anglininkai I</Name>
            </ScheduledStopPoint>
            <ScheduledStopPoint version="1" id="VTR:ScheduledStopPoint:126148">
              <Name>Anglininkai II</Name>
            </ScheduledStopPoint>
            <ScheduledStopPoint version="1" id="VTR:ScheduledStopPoint:126149">
              <Name>Anglininkai III</Name>
            </ScheduledStopPoint>
          </scheduledStopPoints>
          <serviceLinks>
            <ServiceLink id="VTR:ServiceLink:126121_1_126122_1" version="1">
              <Distance>0</Distance>
              <FromPointRef ref="VTR:ScheduledStopPoint:126121" version="1"/>
              <ToPointRef ref="VTR:ScheduledStopPoint:126122" version="1"/>
            </ServiceLink>
            <ServiceLink id="VTR:ServiceLink:126145_1_126146_1" version="1">
              <Distance>3</Distance>
              <FromPointRef ref="VTR:ScheduledStopPoint:126145" version="1"/>
              <ToPointRef ref="VTR:ScheduledStopPoint:126146" version="1"/>
            </ServiceLink>
            <ServiceLink id="VTR:ServiceLink:126142_1_126143_1" version="1">
              <Distance>4</Distance>
              <FromPointRef ref="VTR:ScheduledStopPoint:126142" version="1"/>
              <ToPointRef ref="VTR:ScheduledStopPoint:126143" version="1"/>
            </ServiceLink>
            <ServiceLink id="VTR:ServiceLink:126141_1_126142_1" version="1">
              <Distance>1</Distance>
              <FromPointRef ref="VTR:ScheduledStopPoint:126141" version="1"/>
              <ToPointRef ref="VTR:ScheduledStopPoint:126142" version="1"/>
            </ServiceLink>
            <ServiceLink id="VTR:ServiceLink:126122_1_126123_1" version="1">
              <Distance>0</Distance>
              <FromPointRef ref="VTR:ScheduledStopPoint:126122" version="1"/>
              <ToPointRef ref="VTR:ScheduledStopPoint:126123" version="1"/>
            </ServiceLink>
            <ServiceLink id="VTR:ServiceLink:126123_1_126124_1" version="1">
              <Distance>1</Distance>
              <FromPointRef ref="VTR:ScheduledStopPoint:126123" version="1"/>
              <ToPointRef ref="VTR:ScheduledStopPoint:126124" version="1"/>
            </ServiceLink>
            <ServiceLink id="VTR:ServiceLink:126144_1_126145_1" version="1">
              <Distance>1</Distance>
              <FromPointRef ref="VTR:ScheduledStopPoint:126144" version="1"/>
              <ToPointRef ref="VTR:ScheduledStopPoint:126145" version="1"/>
            </ServiceLink>
            <ServiceLink id="VTR:ServiceLink:126139_1_126140_1" version="1">
              <Distance>2</Distance>
              <FromPointRef ref="VTR:ScheduledStopPoint:126139" version="1"/>
              <ToPointRef ref="VTR:ScheduledStopPoint:126140" version="1"/>
            </ServiceLink>
            <ServiceLink id="VTR:ServiceLink:126124_1_126125_1" version="1">
              <Distance>1</Distance>
              <FromPointRef ref="VTR:ScheduledStopPoint:126124" version="1"/>
              <ToPointRef ref="VTR:ScheduledStopPoint:126125" version="1"/>
            </ServiceLink>
            <ServiceLink id="VTR:ServiceLink:126134_1_126135_1" version="1">
              <Distance>1</Distance>
              <FromPointRef ref="VTR:ScheduledStopPoint:126134" version="1"/>
              <ToPointRef ref="VTR:ScheduledStopPoint:126135" version="1"/>
            </ServiceLink>
            <ServiceLink id="VTR:ServiceLink:126143_1_126144_1" version="1">
              <Distance>2</Distance>
              <FromPointRef ref="VTR:ScheduledStopPoint:126143" version="1"/>
              <ToPointRef ref="VTR:ScheduledStopPoint:126144" version="1"/>
            </ServiceLink>
            <ServiceLink id="VTR:ServiceLink:126146_1_126147_1" version="1">
              <Distance>1</Distance>
              <FromPointRef ref="VTR:ScheduledStopPoint:126146" version="1"/>
              <ToPointRef ref="VTR:ScheduledStopPoint:126147" version="1"/>
            </ServiceLink>
            <ServiceLink id="VTR:ServiceLink:126117_1_126118_1" version="1">
              <Distance>1</Distance>
              <FromPointRef ref="VTR:ScheduledStopPoint:126117" version="1"/>
              <ToPointRef ref="VTR:ScheduledStopPoint:126118" version="1"/>
            </ServiceLink>
            <ServiceLink id="VTR:ServiceLink:126138_1_126139_1" version="1">
              <Distance>3</Distance>
              <FromPointRef ref="VTR:ScheduledStopPoint:126138" version="1"/>
              <ToPointRef ref="VTR:ScheduledStopPoint:126139" version="1"/>
            </ServiceLink>
            <ServiceLink id="VTR:ServiceLink:126140_1_126141_1" version="1">
              <Distance>1</Distance>
              <FromPointRef ref="VTR:ScheduledStopPoint:126140" version="1"/>
              <ToPointRef ref="VTR:ScheduledStopPoint:126141" version="1"/>
            </ServiceLink>
            <ServiceLink id="VTR:ServiceLink:126118_1_126119_1" version="1">
              <Distance>0</Distance>
              <FromPointRef ref="VTR:ScheduledStopPoint:126118" version="1"/>
              <ToPointRef ref="VTR:ScheduledStopPoint:126119" version="1"/>
            </ServiceLink>
            <ServiceLink id="VTR:ServiceLink:126119_1_126120_1" version="1">
              <Distance>0</Distance>
              <FromPointRef ref="VTR:ScheduledStopPoint:126119" version="1"/>
              <ToPointRef ref="VTR:ScheduledStopPoint:126120" version="1"/>
            </ServiceLink>
            <ServiceLink id="VTR:ServiceLink:126120_1_126121_1" version="1">
              <Distance>0</Distance>
              <FromPointRef ref="VTR:ScheduledStopPoint:126120" version="1"/>
              <ToPointRef ref="VTR:ScheduledStopPoint:126121" version="1"/>
            </ServiceLink>
            <ServiceLink id="VTR:ServiceLink:126148_1_126149_1" version="1">
              <Distance>1</Distance>
              <FromPointRef ref="VTR:ScheduledStopPoint:126148" version="1"/>
              <ToPointRef ref="VTR:ScheduledStopPoint:126149" version="1"/>
            </ServiceLink>
            <ServiceLink id="VTR:ServiceLink:126147_1_126148_1" version="1">
              <Distance>1</Distance>
              <FromPointRef ref="VTR:ScheduledStopPoint:126147" version="1"/>
              <ToPointRef ref="VTR:ScheduledStopPoint:126148" version="1"/>
            </ServiceLink>
          </serviceLinks>
          <stopAssignments>
            <PassengerStopAssignment order="557100000" id="VTR:PassengerStopAssignment:126117" version="1">
              <ScheduledStopPointRef ref="VTR:ScheduledStopPoint:126117" version="1"/>
              <QuayRef ref="VTR:Quay:23769"/>
            </PassengerStopAssignment>
            <PassengerStopAssignment order="557100001" id="VTR:PassengerStopAssignment:126118" version="1">
              <ScheduledStopPointRef ref="VTR:ScheduledStopPoint:126118" version="1"/>
              <QuayRef ref="VTR:Quay:8776"/>
            </PassengerStopAssignment>
            <PassengerStopAssignment order="557100002" id="VTR:PassengerStopAssignment:126119" version="1">
              <ScheduledStopPointRef ref="VTR:ScheduledStopPoint:126119" version="1"/>
              <QuayRef ref="VTR:Quay:8839"/>
            </PassengerStopAssignment>
            <PassengerStopAssignment order="557100003" id="VTR:PassengerStopAssignment:126120" version="1">
              <ScheduledStopPointRef ref="VTR:ScheduledStopPoint:126120" version="1"/>
              <QuayRef ref="VTR:Quay:9759"/>
            </PassengerStopAssignment>
            <PassengerStopAssignment order="557100004" id="VTR:PassengerStopAssignment:126121" version="1">
              <ScheduledStopPointRef ref="VTR:ScheduledStopPoint:126121" version="1"/>
              <QuayRef ref="VTR:Quay:9718"/>
            </PassengerStopAssignment>
            <PassengerStopAssignment order="557100005" id="VTR:PassengerStopAssignment:126122" version="1">
              <ScheduledStopPointRef ref="VTR:ScheduledStopPoint:126122" version="1"/>
              <QuayRef ref="VTR:Quay:9758"/>
            </PassengerStopAssignment>
            <PassengerStopAssignment order="557100006" id="VTR:PassengerStopAssignment:126123" version="1">
              <ScheduledStopPointRef ref="VTR:ScheduledStopPoint:126123" version="1"/>
              <QuayRef ref="VTR:Quay:12792"/>
            </PassengerStopAssignment>
            <PassengerStopAssignment order="557100007" id="VTR:PassengerStopAssignment:126124" version="1">
              <ScheduledStopPointRef ref="VTR:ScheduledStopPoint:126124" version="1"/>
              <QuayRef ref="VTR:Quay:12755"/>
            </PassengerStopAssignment>
            <PassengerStopAssignment order="557100008" id="VTR:PassengerStopAssignment:126125" version="1">
              <ScheduledStopPointRef ref="VTR:ScheduledStopPoint:126125" version="1"/>
              <QuayRef ref="VTR:Quay:9743"/>
            </PassengerStopAssignment>
            <PassengerStopAssignment order="557100014" id="VTR:PassengerStopAssignment:126131" version="1">
              <ScheduledStopPointRef ref="VTR:ScheduledStopPoint:126131" version="1"/>
              <QuayRef ref="VTR:Quay:23770"/>
            </PassengerStopAssignment>
            <PassengerStopAssignment order="557100017" id="VTR:PassengerStopAssignment:126134" version="1">
              <ScheduledStopPointRef ref="VTR:ScheduledStopPoint:126134" version="1"/>
              <QuayRef ref="VTR:Quay:13918"/>
            </PassengerStopAssignment>
            <PassengerStopAssignment order="557100018" id="VTR:PassengerStopAssignment:126135" version="1">
              <ScheduledStopPointRef ref="VTR:ScheduledStopPoint:126135" version="1"/>
              <QuayRef ref="VTR:Quay:6281"/>
            </PassengerStopAssignment>
            <PassengerStopAssignment order="557100021" id="VTR:PassengerStopAssignment:126138" version="1">
              <ScheduledStopPointRef ref="VTR:ScheduledStopPoint:126138" version="1"/>
              <QuayRef ref="VTR:Quay:23774"/>
            </PassengerStopAssignment>
            <PassengerStopAssignment order="557100022" id="VTR:PassengerStopAssignment:126139" version="1">
              <ScheduledStopPointRef ref="VTR:ScheduledStopPoint:126139" version="1"/>
              <QuayRef ref="VTR:Quay:14353"/>
            </PassengerStopAssignment>
            <PassengerStopAssignment order="557100023" id="VTR:PassengerStopAssignment:126140" version="1">
              <ScheduledStopPointRef ref="VTR:ScheduledStopPoint:126140" version="1"/>
              <QuayRef ref="VTR:Quay:16445"/>
            </PassengerStopAssignment>
            <PassengerStopAssignment order="557100024" id="VTR:PassengerStopAssignment:126141" version="1">
              <ScheduledStopPointRef ref="VTR:ScheduledStopPoint:126141" version="1"/>
              <QuayRef ref="VTR:Quay:4444"/>
            </PassengerStopAssignment>
            <PassengerStopAssignment order="557100025" id="VTR:PassengerStopAssignment:126142" version="1">
              <ScheduledStopPointRef ref="VTR:ScheduledStopPoint:126142" version="1"/>
              <QuayRef ref="VTR:Quay:15973"/>
            </PassengerStopAssignment>
            <PassengerStopAssignment order="557100026" id="VTR:PassengerStopAssignment:126143" version="1">
              <ScheduledStopPointRef ref="VTR:ScheduledStopPoint:126143" version="1"/>
              <QuayRef ref="VTR:Quay:8895"/>
            </PassengerStopAssignment>
            <PassengerStopAssignment order="557100027" id="VTR:PassengerStopAssignment:126144" version="1">
              <ScheduledStopPointRef ref="VTR:ScheduledStopPoint:126144" version="1"/>
              <QuayRef ref="VTR:Quay:6073"/>
            </PassengerStopAssignment>
            <PassengerStopAssignment order="557100028" id="VTR:PassengerStopAssignment:126145" version="1">
              <ScheduledStopPointRef ref="VTR:ScheduledStopPoint:126145" version="1"/>
              <QuayRef ref="VTR:Quay:5238"/>
            </PassengerStopAssignment>
            <PassengerStopAssignment order="557100029" id="VTR:PassengerStopAssignment:126146" version="1">
              <ScheduledStopPointRef ref="VTR:ScheduledStopPoint:126146" version="1"/>
              <QuayRef ref="VTR:Quay:16418"/>
            </PassengerStopAssignment>
            <PassengerStopAssignment order="557100030" id="VTR:PassengerStopAssignment:126147" version="1">
              <ScheduledStopPointRef ref="VTR:ScheduledStopPoint:126147" version="1"/>
              <QuayRef ref="VTR:Quay:14847"/>
            </PassengerStopAssignment>
            <PassengerStopAssignment order="557100031" id="VTR:PassengerStopAssignment:126148" version="1">
              <ScheduledStopPointRef ref="VTR:ScheduledStopPoint:126148" version="1"/>
              <QuayRef ref="VTR:Quay:7139"/>
            </PassengerStopAssignment>
            <PassengerStopAssignment order="557100032" id="VTR:PassengerStopAssignment:126149" version="1">
              <ScheduledStopPointRef ref="VTR:ScheduledStopPoint:126149" version="1"/>
              <QuayRef ref="VTR:Quay:23772"/>
            </PassengerStopAssignment>
          </stopAssignments>
          <journeyPatterns>
            <JourneyPattern id="VTR:JourneyPattern:58284" version="58346">
              <Name>3</Name>
              <RouteRef ref="VTR:Route:5571" version="1"/>
              <pointsInSequence>
                <StopPointInJourneyPattern id="VTR:StopPointInJourneyPattern:1172300" version="58346" order="1">
                  <ScheduledStopPointRef ref="VTR:ScheduledStopPoint:126117"/>
                  <DestinationDisplayRef ref="VTR:DestinationDisplay:1"/>
                </StopPointInJourneyPattern>
                <StopPointInJourneyPattern id="VTR:StopPointInJourneyPattern:1172301" version="58346" order="2">
                  <ScheduledStopPointRef ref="VTR:ScheduledStopPoint:126118"/>
                  <DestinationDisplayRef ref="VTR:DestinationDisplay:1"/>
                </StopPointInJourneyPattern>
                <StopPointInJourneyPattern id="VTR:StopPointInJourneyPattern:1172302" version="58346" order="3">
                  <ScheduledStopPointRef ref="VTR:ScheduledStopPoint:126119"/>
                  <DestinationDisplayRef ref="VTR:DestinationDisplay:1"/>
                </StopPointInJourneyPattern>
                <StopPointInJourneyPattern id="VTR:StopPointInJourneyPattern:1172303" version="58346" order="4">
                  <ScheduledStopPointRef ref="VTR:ScheduledStopPoint:126120"/>
                  <DestinationDisplayRef ref="VTR:DestinationDisplay:1"/>
                </StopPointInJourneyPattern>
                <StopPointInJourneyPattern id="VTR:StopPointInJourneyPattern:1172304" version="58346" order="5">
                  <ScheduledStopPointRef ref="VTR:ScheduledStopPoint:126121"/>
                  <DestinationDisplayRef ref="VTR:DestinationDisplay:1"/>
                </StopPointInJourneyPattern>
                <StopPointInJourneyPattern id="VTR:StopPointInJourneyPattern:1172305" version="58346" order="6">
                  <ScheduledStopPointRef ref="VTR:ScheduledStopPoint:126122"/>
                  <DestinationDisplayRef ref="VTR:DestinationDisplay:1"/>
                </StopPointInJourneyPattern>
                <StopPointInJourneyPattern id="VTR:StopPointInJourneyPattern:1172306" version="58346" order="7">
                  <ScheduledStopPointRef ref="VTR:ScheduledStopPoint:126123"/>
                  <DestinationDisplayRef ref="VTR:DestinationDisplay:1"/>
                </StopPointInJourneyPattern>
                <StopPointInJourneyPattern id="VTR:StopPointInJourneyPattern:1172307" version="58346" order="8">
                  <ScheduledStopPointRef ref="VTR:ScheduledStopPoint:126124"/>
                  <DestinationDisplayRef ref="VTR:DestinationDisplay:1"/>
                </StopPointInJourneyPattern>
                <StopPointInJourneyPattern id="VTR:StopPointInJourneyPattern:1172308" version="58346" order="9">
                  <ScheduledStopPointRef ref="VTR:ScheduledStopPoint:126125"/>
                  <DestinationDisplayRef ref="VTR:DestinationDisplay:1"/>
                </StopPointInJourneyPattern>
                <StopPointInJourneyPattern id="VTR:StopPointInJourneyPattern:1172309" version="58346" order="10">
                  <ScheduledStopPointRef ref="VTR:ScheduledStopPoint:126131"/>
                  <DestinationDisplayRef ref="VTR:DestinationDisplay:1"/>
                </StopPointInJourneyPattern>
                <StopPointInJourneyPattern id="VTR:StopPointInJourneyPattern:1172310" version="58346" order="11">
                  <ScheduledStopPointRef ref="VTR:ScheduledStopPoint:126134"/>
                  <DestinationDisplayRef ref="VTR:DestinationDisplay:1"/>
                </StopPointInJourneyPattern>
                <StopPointInJourneyPattern id="VTR:StopPointInJourneyPattern:1172311" version="58346" order="12">
                  <ScheduledStopPointRef ref="VTR:ScheduledStopPoint:126135"/>
                  <DestinationDisplayRef ref="VTR:DestinationDisplay:1"/>
                </StopPointInJourneyPattern>
                <StopPointInJourneyPattern id="VTR:StopPointInJourneyPattern:1172312" version="58346" order="13">
                  <ScheduledStopPointRef ref="VTR:ScheduledStopPoint:126138"/>
                  <DestinationDisplayRef ref="VTR:DestinationDisplay:1"/>
                </StopPointInJourneyPattern>
                <StopPointInJourneyPattern id="VTR:StopPointInJourneyPattern:1172313" version="58346" order="14">
                  <ScheduledStopPointRef ref="VTR:ScheduledStopPoint:126139"/>
                  <DestinationDisplayRef ref="VTR:DestinationDisplay:1"/>
                </StopPointInJourneyPattern>
                <StopPointInJourneyPattern id="VTR:StopPointInJourneyPattern:1172314" version="58346" order="15">
                  <ScheduledStopPointRef ref="VTR:ScheduledStopPoint:126140"/>
                  <DestinationDisplayRef ref="VTR:DestinationDisplay:1"/>
                </StopPointInJourneyPattern>
                <StopPointInJourneyPattern id="VTR:StopPointInJourneyPattern:1172315" version="58346" order="16">
                  <ScheduledStopPointRef ref="VTR:ScheduledStopPoint:126141"/>
                  <DestinationDisplayRef ref="VTR:DestinationDisplay:1"/>
                </StopPointInJourneyPattern>
                <StopPointInJourneyPattern id="VTR:StopPointInJourneyPattern:1172316" version="58346" order="17">
                  <ScheduledStopPointRef ref="VTR:ScheduledStopPoint:126142"/>
                  <DestinationDisplayRef ref="VTR:DestinationDisplay:1"/>
                </StopPointInJourneyPattern>
                <StopPointInJourneyPattern id="VTR:StopPointInJourneyPattern:1172317" version="58346" order="18">
                  <ScheduledStopPointRef ref="VTR:ScheduledStopPoint:126143"/>
                  <DestinationDisplayRef ref="VTR:DestinationDisplay:1"/>
                </StopPointInJourneyPattern>
                <StopPointInJourneyPattern id="VTR:StopPointInJourneyPattern:1172318" version="58346" order="19">
                  <ScheduledStopPointRef ref="VTR:ScheduledStopPoint:126144"/>
                  <DestinationDisplayRef ref="VTR:DestinationDisplay:1"/>
                </StopPointInJourneyPattern>
                <StopPointInJourneyPattern id="VTR:StopPointInJourneyPattern:1172319" version="58346" order="20">
                  <ScheduledStopPointRef ref="VTR:ScheduledStopPoint:126145"/>
                  <DestinationDisplayRef ref="VTR:DestinationDisplay:1"/>
                </StopPointInJourneyPattern>
                <StopPointInJourneyPattern id="VTR:StopPointInJourneyPattern:1172320" version="58346" order="21">
                  <ScheduledStopPointRef ref="VTR:ScheduledStopPoint:126146"/>
                  <DestinationDisplayRef ref="VTR:DestinationDisplay:1"/>
                </StopPointInJourneyPattern>
                <StopPointInJourneyPattern id="VTR:StopPointInJourneyPattern:1172321" version="58346" order="22">
                  <ScheduledStopPointRef ref="VTR:ScheduledStopPoint:126147"/>
                  <DestinationDisplayRef ref="VTR:DestinationDisplay:1"/>
                </StopPointInJourneyPattern>
                <StopPointInJourneyPattern id="VTR:StopPointInJourneyPattern:1172322" version="58346" order="23">
                  <ScheduledStopPointRef ref="VTR:ScheduledStopPoint:126148"/>
                  <DestinationDisplayRef ref="VTR:DestinationDisplay:1"/>
                </StopPointInJourneyPattern>
                <StopPointInJourneyPattern id="VTR:StopPointInJourneyPattern:1172323" version="58346" order="24">
                  <ScheduledStopPointRef ref="VTR:ScheduledStopPoint:126149"/>
                  <DestinationDisplayRef ref="VTR:DestinationDisplay:1"/>
                </StopPointInJourneyPattern>
              </pointsInSequence>
            </JourneyPattern>
          </journeyPatterns>
        </ServiceFrame>
        <TimetableFrame version="1" id="VTR:TimetableFrame:1381">
          <vehicleJourneys>
            <ServiceJourney version="58346" id="VTR:ServiceJourney:58284">
              <Name>Kaišiadorys-Anglininkai</Name>
              <PrivateCode>3</PrivateCode>
              <dayTypes>
                <DayTypeRef ref="VTR:DayType:2847"/>
              </dayTypes>
              <JourneyPatternRef version="58346" ref="VTR:JourneyPattern:58284"/>
              <OperatorRef ref="VTR:Operator:226"/>
              <LineRef ref="VTR:Line:2218" version="2244"/>
              <passingTimes>
                <TimetabledPassingTime version="58346" id="VTR:TimetabledPassingTime:58284_1172300_1">
                  <StopPointInJourneyPatternRef ref="VTR:StopPointInJourneyPattern:1172300" version="58346"/>
                  <DepartureTime>13:50:00</DepartureTime>
                  <DepartureDayOffset>0</DepartureDayOffset>
                </TimetabledPassingTime>
                <TimetabledPassingTime version="58346" id="VTR:TimetabledPassingTime:58284_1172301_2">
                  <StopPointInJourneyPatternRef ref="VTR:StopPointInJourneyPattern:1172301" version="58346"/>
                  <DepartureTime>13:55:00</DepartureTime>
                  <DepartureDayOffset>0</DepartureDayOffset>
                </TimetabledPassingTime>
                <TimetabledPassingTime version="58346" id="VTR:TimetabledPassingTime:58284_1172302_3">
                  <StopPointInJourneyPatternRef ref="VTR:StopPointInJourneyPattern:1172302" version="58346"/>
                  <DepartureTime>13:56:00</DepartureTime>
                  <DepartureDayOffset>0</DepartureDayOffset>
                </TimetabledPassingTime>
                <TimetabledPassingTime version="58346" id="VTR:TimetabledPassingTime:58284_1172303_4">
                  <StopPointInJourneyPatternRef ref="VTR:StopPointInJourneyPattern:1172303" version="58346"/>
                  <DepartureTime>13:57:00</DepartureTime>
                  <DepartureDayOffset>0</DepartureDayOffset>
                </TimetabledPassingTime>
                <TimetabledPassingTime version="58346" id="VTR:TimetabledPassingTime:58284_1172304_5">
                  <StopPointInJourneyPatternRef ref="VTR:StopPointInJourneyPattern:1172304" version="58346"/>
                  <DepartureTime>13:58:00</DepartureTime>
                  <DepartureDayOffset>0</DepartureDayOffset>
                </TimetabledPassingTime>
                <TimetabledPassingTime version="58346" id="VTR:TimetabledPassingTime:58284_1172305_6">
                  <StopPointInJourneyPatternRef ref="VTR:StopPointInJourneyPattern:1172305" version="58346"/>
                  <DepartureTime>13:59:00</DepartureTime>
                  <DepartureDayOffset>0</DepartureDayOffset>
                </TimetabledPassingTime>
                <TimetabledPassingTime version="58346" id="VTR:TimetabledPassingTime:58284_1172306_7">
                  <StopPointInJourneyPatternRef ref="VTR:StopPointInJourneyPattern:1172306" version="58346"/>
                  <DepartureTime>14:01:00</DepartureTime>
                  <DepartureDayOffset>0</DepartureDayOffset>
                </TimetabledPassingTime>
                <TimetabledPassingTime version="58346" id="VTR:TimetabledPassingTime:58284_1172307_8">
                  <StopPointInJourneyPatternRef ref="VTR:StopPointInJourneyPattern:1172307" version="58346"/>
                  <DepartureTime>14:03:00</DepartureTime>
                  <DepartureDayOffset>0</DepartureDayOffset>
                </TimetabledPassingTime>
                <TimetabledPassingTime version="58346" id="VTR:TimetabledPassingTime:58284_1172308_9">
                  <StopPointInJourneyPatternRef ref="VTR:StopPointInJourneyPattern:1172308" version="58346"/>
                  <DepartureTime>14:06:00</DepartureTime>
                  <DepartureDayOffset>0</DepartureDayOffset>
                </TimetabledPassingTime>
                <TimetabledPassingTime version="58346" id="VTR:TimetabledPassingTime:58284_1172309_10">
                  <StopPointInJourneyPatternRef ref="VTR:StopPointInJourneyPattern:1172309" version="58346"/>
                  <DepartureTime>14:13:00</DepartureTime>
                  <DepartureDayOffset>0</DepartureDayOffset>
                </TimetabledPassingTime>
                <TimetabledPassingTime version="58346" id="VTR:TimetabledPassingTime:58284_1172310_11">
                  <StopPointInJourneyPatternRef ref="VTR:StopPointInJourneyPattern:1172310" version="58346"/>
                  <DepartureTime>14:15:00</DepartureTime>
                  <DepartureDayOffset>0</DepartureDayOffset>
                </TimetabledPassingTime>
                <TimetabledPassingTime version="58346" id="VTR:TimetabledPassingTime:58284_1172311_12">
                  <StopPointInJourneyPatternRef ref="VTR:StopPointInJourneyPattern:1172311" version="58346"/>
                  <DepartureTime>14:18:00</DepartureTime>
                  <DepartureDayOffset>0</DepartureDayOffset>
                </TimetabledPassingTime>
                <TimetabledPassingTime version="58346" id="VTR:TimetabledPassingTime:58284_1172312_13">
                  <StopPointInJourneyPatternRef ref="VTR:StopPointInJourneyPattern:1172312" version="58346"/>
                  <DepartureTime>14:22:00</DepartureTime>
                  <DepartureDayOffset>0</DepartureDayOffset>
                </TimetabledPassingTime>
                <TimetabledPassingTime version="58346" id="VTR:TimetabledPassingTime:58284_1172313_14">
                  <StopPointInJourneyPatternRef ref="VTR:StopPointInJourneyPattern:1172313" version="58346"/>
                  <DepartureTime>14:24:00</DepartureTime>
                  <DepartureDayOffset>0</DepartureDayOffset>
                </TimetabledPassingTime>
                <TimetabledPassingTime version="58346" id="VTR:TimetabledPassingTime:58284_1172314_15">
                  <StopPointInJourneyPatternRef ref="VTR:StopPointInJourneyPattern:1172314" version="58346"/>
                  <DepartureTime>14:28:00</DepartureTime>
                  <DepartureDayOffset>0</DepartureDayOffset>
                </TimetabledPassingTime>
                <TimetabledPassingTime version="58346" id="VTR:TimetabledPassingTime:58284_1172315_16">
                  <StopPointInJourneyPatternRef ref="VTR:StopPointInJourneyPattern:1172315" version="58346"/>
                  <DepartureTime>14:31:00</DepartureTime>
                  <DepartureDayOffset>0</DepartureDayOffset>
                </TimetabledPassingTime>
                <TimetabledPassingTime version="58346" id="VTR:TimetabledPassingTime:58284_1172316_17">
                  <StopPointInJourneyPatternRef ref="VTR:StopPointInJourneyPattern:1172316" version="58346"/>
                  <DepartureTime>14:34:00</DepartureTime>
                  <DepartureDayOffset>0</DepartureDayOffset>
                </TimetabledPassingTime>
                <TimetabledPassingTime version="58346" id="VTR:TimetabledPassingTime:58284_1172317_18">
                  <StopPointInJourneyPatternRef ref="VTR:StopPointInJourneyPattern:1172317" version="58346"/>
                  <DepartureTime>14:41:00</DepartureTime>
                  <DepartureDayOffset>0</DepartureDayOffset>
                </TimetabledPassingTime>
                <TimetabledPassingTime version="58346" id="VTR:TimetabledPassingTime:58284_1172318_19">
                  <StopPointInJourneyPatternRef ref="VTR:StopPointInJourneyPattern:1172318" version="58346"/>
                  <DepartureTime>14:44:00</DepartureTime>
                  <DepartureDayOffset>0</DepartureDayOffset>
                </TimetabledPassingTime>
                <TimetabledPassingTime version="58346" id="VTR:TimetabledPassingTime:58284_1172319_20">
                  <StopPointInJourneyPatternRef ref="VTR:StopPointInJourneyPattern:1172319" version="58346"/>
                  <DepartureTime>14:48:00</DepartureTime>
                  <DepartureDayOffset>0</DepartureDayOffset>
                </TimetabledPassingTime>
                <TimetabledPassingTime version="58346" id="VTR:TimetabledPassingTime:58284_1172320_21">
                  <StopPointInJourneyPatternRef ref="VTR:StopPointInJourneyPattern:1172320" version="58346"/>
                  <DepartureTime>14:55:00</DepartureTime>
                  <DepartureDayOffset>0</DepartureDayOffset>
                </TimetabledPassingTime>
                <TimetabledPassingTime version="58346" id="VTR:TimetabledPassingTime:58284_1172321_22">
                  <StopPointInJourneyPatternRef ref="VTR:StopPointInJourneyPattern:1172321" version="58346"/>
                  <DepartureTime>14:58:00</DepartureTime>
                  <DepartureDayOffset>0</DepartureDayOffset>
                </TimetabledPassingTime>
                <TimetabledPassingTime version="58346" id="VTR:TimetabledPassingTime:58284_1172322_23">
                  <StopPointInJourneyPatternRef ref="VTR:StopPointInJourneyPattern:1172322" version="58346"/>
                  <DepartureTime>15:00:00</DepartureTime>
                  <DepartureDayOffset>0</DepartureDayOffset>
                </TimetabledPassingTime>
                <TimetabledPassingTime version="58346" id="VTR:TimetabledPassingTime:58284_1172323_24">
                  <StopPointInJourneyPatternRef ref="VTR:StopPointInJourneyPattern:1172323" version="58346"/>
                  <DepartureTime>15:02:00</DepartureTime>
                  <DepartureDayOffset>0</DepartureDayOffset>
                </TimetabledPassingTime>
              </passingTimes>
            </ServiceJourney>
          </vehicleJourneys>
        </TimetableFrame>
        <ResourceFrame version="1" id="VTR:ResourceFrame:1381">
          <organisations>
            <Authority version="1" id="VTR:Authority:13">
              <CompanyNumber>49</CompanyNumber>
              <Name>Kaišiadorių r. sav.</Name>
              <LegalName>Kaišiadorių r. sav.</LegalName>
              <ContactDetails>
                <Email>meras@kaisiadorys.lt</Email>
                <Phone>834620480</Phone>
                <Url>www.kaisiadorys.lt</Url>
              </ContactDetails>
              <OrganisationType>authority</OrganisationType>
            </Authority>
          </organisations>
        </ResourceFrame>
        <FareFrame id="VTR:FareFrame:2218" version="1">
          <FrameDefaults>
            <DefaultCurrency>EUR</DefaultCurrency>
          </FrameDefaults>
          <fareStructureElements>
            <FareStructureElement id="VTR:FareStructureElement:pricematrix" version="1">
              <distanceMatrixElements>
                <DistanceMatrixElementRef ref="VTR:DistanceMatrixElement:1172300to1172323" version="1"/>
                <DistanceMatrixElementRef ref="VTR:DistanceMatrixElement:1172300to1172305" version="1"/>
                <DistanceMatrixElementRef ref="VTR:DistanceMatrixElement:1172300to1172321" version="1"/>
                <DistanceMatrixElementRef ref="VTR:DistanceMatrixElement:1172300to1172302" version="1"/>
                <DistanceMatrixElementRef ref="VTR:DistanceMatrixElement:1172300to1172322" version="1"/>
                <DistanceMatrixElementRef ref="VTR:DistanceMatrixElement:1172300to1172314" version="1"/>
                <DistanceMatrixElementRef ref="VTR:DistanceMatrixElement:1172300to1172303" version="1"/>
              </distanceMatrixElements>
            </FareStructureElement>
          </fareStructureElements>
          <tariffs>
            <Tariff id="VTR:Tariff:pointToPointInSeparateJourney_2218" version="1">
              <Name>Point to point tariff</Name>
              <distanceMatrixElements>
                <DistanceMatrixElement id="VTR:DistanceMatrixElement:1172300to1172323" version="1">
                  <Name>Kaišiadorių Autobusų stotis to Anglininkai III</Name>
                  <StartStopPointRef ref="VTR:ScheduledStopPoint:126117" version="1"/>
                  <EndStopPointRef ref="VTR:ScheduledStopPoint:126149" version="1"/>
                  <prices>
                    <DistanceMatrixElementPrice id="VTR:DistanceMatrixElementPrice:1172300to1172323" version="1">
                      <Amount>3.49</Amount>
                      <DistanceMatrixElementRef ref="VTR:DistanceMatrixElement:1172300to1172323" version="1"/>
                    </DistanceMatrixElementPrice>
                  </prices>
                </DistanceMatrixElement>
                <DistanceMatrixElement id="VTR:DistanceMatrixElement:1172300to1172305" version="1">
                  <Name>Kaišiadorių Autobusų stotis to Prekybos centras</Name>
                  <StartStopPointRef ref="VTR:ScheduledStopPoint:126117" version="1"/>
                  <EndStopPointRef ref="VTR:ScheduledStopPoint:126122" version="1"/>
                  <prices>
                    <DistanceMatrixElementPrice id="VTR:DistanceMatrixElementPrice:1172300to1172305" version="1">
                      <Amount>0.41</Amount>
                      <DistanceMatrixElementRef ref="VTR:DistanceMatrixElement:1172300to1172305" version="1"/>
                    </DistanceMatrixElementPrice>
                  </prices>
                </DistanceMatrixElement>
                <DistanceMatrixElement id="VTR:DistanceMatrixElement:1172300to1172321" version="1">
                  <Name>Kaišiadorių Autobusų stotis to Anglininkai I</Name>
                  <StartStopPointRef ref="VTR:ScheduledStopPoint:126117" version="1"/>
                  <EndStopPointRef ref="VTR:ScheduledStopPoint:126147" version="1"/>
                  <prices>
                    <DistanceMatrixElementPrice id="VTR:DistanceMatrixElementPrice:1172300to1172321" version="1">
                      <Amount>3.28</Amount>
                      <DistanceMatrixElementRef ref="VTR:DistanceMatrixElement:1172300to1172321" version="1"/>
                    </DistanceMatrixElementPrice>
                  </prices>
                </DistanceMatrixElement>
                <DistanceMatrixElement id="VTR:DistanceMatrixElement:1172300to1172302" version="1">
                  <Name>Kaišiadorių Autobusų stotis to Pėsčiųjų tiltas</Name>
                  <StartStopPointRef ref="VTR:ScheduledStopPoint:126117" version="1"/>
                  <EndStopPointRef ref="VTR:ScheduledStopPoint:126119" version="1"/>
                  <prices>
                    <DistanceMatrixElementPrice id="VTR:DistanceMatrixElementPrice:1172300to1172302" version="1">
                      <Amount>0.41</Amount>
                      <DistanceMatrixElementRef ref="VTR:DistanceMatrixElement:1172300to1172302" version="1"/>
                    </DistanceMatrixElementPrice>
                  </prices>
                </DistanceMatrixElement>
                <DistanceMatrixElement id="VTR:DistanceMatrixElement:1172300to1172322" version="1">
                  <Name>Kaišiadorių Autobusų stotis to Anglininkai II</Name>
                  <StartStopPointRef ref="VTR:ScheduledStopPoint:126117" version="1"/>
                  <EndStopPointRef ref="VTR:ScheduledStopPoint:126148" version="1"/>
                  <prices>
                    <DistanceMatrixElementPrice id="VTR:DistanceMatrixElementPrice:1172300to1172322" version="1">
                      <Amount>3.38</Amount>
                      <DistanceMatrixElementRef ref="VTR:DistanceMatrixElement:1172300to1172322" version="1"/>
                    </DistanceMatrixElementPrice>
                  </prices>
                </DistanceMatrixElement>
                <DistanceMatrixElement id="VTR:DistanceMatrixElement:1172300to1172314" version="1">
                  <Name>Kaišiadorių Autobusų stotis to Avinėliai</Name>
                  <StartStopPointRef ref="VTR:ScheduledStopPoint:126117" version="1"/>
                  <EndStopPointRef ref="VTR:ScheduledStopPoint:126140" version="1"/>
                  <prices>
                    <DistanceMatrixElementPrice id="VTR:DistanceMatrixElementPrice:1172300to1172314" version="1">
                      <Amount>1.71</Amount>
                      <DistanceMatrixElementRef ref="VTR:DistanceMatrixElement:1172300to1172314" version="1"/>
                    </DistanceMatrixElementPrice>
                  </prices>
                </DistanceMatrixElement>
                <DistanceMatrixElement id="VTR:DistanceMatrixElement:1172300to1172303" version="1">
                  <Name>Kaišiadorių Autobusų stotis to Centras</Name>
                  <StartStopPointRef ref="VTR:ScheduledStopPoint:126117" version="1"/>
                  <EndStopPointRef ref="VTR:ScheduledStopPoint:126120" version="1"/>
                  <prices>
                    <DistanceMatrixElementPrice id="VTR:DistanceMatrixElementPrice:1172300to1172303" version="1">
                      <Amount>0.41</Amount>
                      <DistanceMatrixElementRef ref="VTR:DistanceMatrixElement:1172300to1172303" version="1"/>
                    </DistanceMatrixElementPrice>
                  </prices>
                </DistanceMatrixElement>
              </distanceMatrixElements>
            </Tariff>
          </tariffs>
          <usageParameters>
            <FrequencyOfUse id="VTR:FrequencyOfUse:oneTrip" version="1">
              <FrequencyOfUseType>unlimited</FrequencyOfUseType>
              <MaximalFrequency>1</MaximalFrequency>
            </FrequencyOfUse>
          </usageParameters>
        </FareFrame>
      </frames>
    </CompositeFrame>
  </dataObjects>
</PublicationDelivery>
