<?xml version="1.0" encoding="UTF-8"?><PublicationDelivery xmlns="http://www.netex.org.uk/netex" xmlns:gis="http://www.opengis.net/gml/3.2" xmlns:ns2="http://www.opengis.net/gml/3.2" xmlns:ns3="http://www.siri.org.uk/siri" xmlns:xsi="http://www.w3.org/2001/XMLSchema-instance" version="1" xsi:schemaLocation="">
  <PublicationTimestamp>2022-05-07T03:25:00.575</PublicationTimestamp>
  <ParticipantRef>VTR</ParticipantRef>
  <Description>1</Description>
  <dataObjects>
    <CompositeFrame created="2022-05-07T03:25:00.575" version="1" id="VTR:CompositeFrame:1381">
      <validityConditions>
        <AvailabilityCondition version="1" id="VTR:AvailabilityCondition:1381">
          <FromDate>2015-11-26T16:47:48</FromDate>
          <ToDate>2027-12-30T00:00:00</ToDate>
        </AvailabilityCondition>
      </validityConditions>
      <codespaces>
        <Codespace id="vtr">
          <Xmlns>VTR</Xmlns>
          <XmlnsUrl>http://www.visimarsrutai.lt/</XmlnsUrl>
        </Codespace>
      </codespaces>
      <FrameDefaults>
        <DefaultLocale>
          <TimeZone>Europe/Vilnius</TimeZone>
        </DefaultLocale>
        <DefaultLocationSystem>WGS84</DefaultLocationSystem>
      </FrameDefaults>
      <frames>
        <ServiceCalendarFrame version="1" id="VTR:ServiceCalendarFrame:1381">
          <dayTypes>
            <DayType id="VTR:DayType:6680" version="1">
              <properties>
                <PropertyOfDay>
                  <DaysOfWeek>Sunday</DaysOfWeek>
                </PropertyOfDay>
              </properties>
            </DayType>
          </dayTypes>
          <operatingPeriods>
            <OperatingPeriod version="1" id="VTR:OperatingPeriod:6680">
              <FromDate>2016-06-04T00:00:00</FromDate>
              <ToDate>2016-12-31T00:00:00</ToDate>
            </OperatingPeriod>
          </operatingPeriods>
          <dayTypeAssignments>
            <DayTypeAssignment id="VTR:DayTypeAssignment:6680_0" version="1" order="3513">
              <OperatingPeriodRef ref="VTR:OperatingPeriod:6680" version="1"/>
              <DayTypeRef ref="VTR:DayType:6680" version="1"/>
            </DayTypeAssignment>
          </dayTypeAssignments>
        </ServiceCalendarFrame>
        <ServiceFrame id="VTR:ServiceFrame:1381" version="1">
          <Network version="0" id="VTR:Network:13"/>
          <routePoints>
            <RoutePoint version="1" id="VTR:RoutePoint:126345">
              <projections>
                <PointProjection version="1" id="VTR:PointProjection:37778">
                  <ProjectedPointRef ref="VTR:ScheduledStopPoint:126345" version="1"/>
                </PointProjection>
              </projections>
            </RoutePoint>
            <RoutePoint version="1" id="VTR:RoutePoint:126346">
              <projections>
                <PointProjection version="1" id="VTR:PointProjection:37779">
                  <ProjectedPointRef ref="VTR:ScheduledStopPoint:126346" version="1"/>
                </PointProjection>
              </projections>
            </RoutePoint>
            <RoutePoint version="1" id="VTR:RoutePoint:126347">
              <projections>
                <PointProjection version="1" id="VTR:PointProjection:37780">
                  <ProjectedPointRef ref="VTR:ScheduledStopPoint:126347" version="1"/>
                </PointProjection>
              </projections>
            </RoutePoint>
            <RoutePoint version="1" id="VTR:RoutePoint:126348">
              <projections>
                <PointProjection version="1" id="VTR:PointProjection:37781">
                  <ProjectedPointRef ref="VTR:ScheduledStopPoint:126348" version="1"/>
                </PointProjection>
              </projections>
            </RoutePoint>
            <RoutePoint version="1" id="VTR:RoutePoint:126349">
              <projections>
                <PointProjection version="1" id="VTR:PointProjection:37782">
                  <ProjectedPointRef ref="VTR:ScheduledStopPoint:126349" version="1"/>
                </PointProjection>
              </projections>
            </RoutePoint>
            <RoutePoint version="1" id="VTR:RoutePoint:126350">
              <projections>
                <PointProjection version="1" id="VTR:PointProjection:37783">
                  <ProjectedPointRef ref="VTR:ScheduledStopPoint:126350" version="1"/>
                </PointProjection>
              </projections>
            </RoutePoint>
            <RoutePoint version="1" id="VTR:RoutePoint:126351">
              <projections>
                <PointProjection version="1" id="VTR:PointProjection:37784">
                  <ProjectedPointRef ref="VTR:ScheduledStopPoint:126351" version="1"/>
                </PointProjection>
              </projections>
            </RoutePoint>
            <RoutePoint version="1" id="VTR:RoutePoint:126352">
              <projections>
                <PointProjection version="1" id="VTR:PointProjection:37785">
                  <ProjectedPointRef ref="VTR:ScheduledStopPoint:126352" version="1"/>
                </PointProjection>
              </projections>
            </RoutePoint>
            <RoutePoint version="1" id="VTR:RoutePoint:126353">
              <projections>
                <PointProjection version="1" id="VTR:PointProjection:37786">
                  <ProjectedPointRef ref="VTR:ScheduledStopPoint:126353" version="1"/>
                </PointProjection>
              </projections>
            </RoutePoint>
            <RoutePoint version="1" id="VTR:RoutePoint:126354">
              <projections>
                <PointProjection version="1" id="VTR:PointProjection:37787">
                  <ProjectedPointRef ref="VTR:ScheduledStopPoint:126354" version="1"/>
                </PointProjection>
              </projections>
            </RoutePoint>
            <RoutePoint version="1" id="VTR:RoutePoint:126355">
              <projections>
                <PointProjection version="1" id="VTR:PointProjection:37788">
                  <ProjectedPointRef ref="VTR:ScheduledStopPoint:126355" version="1"/>
                </PointProjection>
              </projections>
            </RoutePoint>
            <RoutePoint version="1" id="VTR:RoutePoint:126356">
              <projections>
                <PointProjection version="1" id="VTR:PointProjection:37789">
                  <ProjectedPointRef ref="VTR:ScheduledStopPoint:126356" version="1"/>
                </PointProjection>
              </projections>
            </RoutePoint>
            <RoutePoint version="1" id="VTR:RoutePoint:126357">
              <projections>
                <PointProjection version="1" id="VTR:PointProjection:37790">
                  <ProjectedPointRef ref="VTR:ScheduledStopPoint:126357" version="1"/>
                </PointProjection>
              </projections>
            </RoutePoint>
            <RoutePoint version="1" id="VTR:RoutePoint:126358">
              <projections>
                <PointProjection version="1" id="VTR:PointProjection:37791">
                  <ProjectedPointRef ref="VTR:ScheduledStopPoint:126358" version="1"/>
                </PointProjection>
              </projections>
            </RoutePoint>
            <RoutePoint version="1" id="VTR:RoutePoint:126359">
              <projections>
                <PointProjection version="1" id="VTR:PointProjection:37797">
                  <ProjectedPointRef ref="VTR:ScheduledStopPoint:126359" version="1"/>
                </PointProjection>
              </projections>
            </RoutePoint>
            <RoutePoint version="1" id="VTR:RoutePoint:126360">
              <projections>
                <PointProjection version="1" id="VTR:PointProjection:37798">
                  <ProjectedPointRef ref="VTR:ScheduledStopPoint:126360" version="1"/>
                </PointProjection>
              </projections>
            </RoutePoint>
            <RoutePoint version="1" id="VTR:RoutePoint:126362">
              <projections>
                <PointProjection version="1" id="VTR:PointProjection:38472">
                  <ProjectedPointRef ref="VTR:ScheduledStopPoint:126362" version="1"/>
                </PointProjection>
              </projections>
            </RoutePoint>
            <RoutePoint version="1" id="VTR:RoutePoint:126365">
              <projections>
                <PointProjection version="1" id="VTR:PointProjection:38515">
                  <ProjectedPointRef ref="VTR:ScheduledStopPoint:126365" version="1"/>
                </PointProjection>
              </projections>
            </RoutePoint>
            <RoutePoint version="1" id="VTR:RoutePoint:126370">
              <projections>
                <PointProjection version="1" id="VTR:PointProjection:38516">
                  <ProjectedPointRef ref="VTR:ScheduledStopPoint:126370" version="1"/>
                </PointProjection>
              </projections>
            </RoutePoint>
            <RoutePoint version="1" id="VTR:RoutePoint:126371">
              <projections>
                <PointProjection version="1" id="VTR:PointProjection:38517">
                  <ProjectedPointRef ref="VTR:ScheduledStopPoint:126371" version="1"/>
                </PointProjection>
              </projections>
            </RoutePoint>
            <RoutePoint version="1" id="VTR:RoutePoint:126372">
              <projections>
                <PointProjection version="1" id="VTR:PointProjection:38518">
                  <ProjectedPointRef ref="VTR:ScheduledStopPoint:126372" version="1"/>
                </PointProjection>
              </projections>
            </RoutePoint>
            <RoutePoint version="1" id="VTR:RoutePoint:126373">
              <projections>
                <PointProjection version="1" id="VTR:PointProjection:38519">
                  <ProjectedPointRef ref="VTR:ScheduledStopPoint:126373" version="1"/>
                </PointProjection>
              </projections>
            </RoutePoint>
            <RoutePoint version="1" id="VTR:RoutePoint:126374">
              <projections>
                <PointProjection version="1" id="VTR:PointProjection:38520">
                  <ProjectedPointRef ref="VTR:ScheduledStopPoint:126374" version="1"/>
                </PointProjection>
              </projections>
            </RoutePoint>
            <RoutePoint version="1" id="VTR:RoutePoint:126375">
              <projections>
                <PointProjection version="1" id="VTR:PointProjection:38521">
                  <ProjectedPointRef ref="VTR:ScheduledStopPoint:126375" version="1"/>
                </PointProjection>
              </projections>
            </RoutePoint>
            <RoutePoint version="1" id="VTR:RoutePoint:126376">
              <projections>
                <PointProjection version="1" id="VTR:PointProjection:38522">
                  <ProjectedPointRef ref="VTR:ScheduledStopPoint:126376" version="1"/>
                </PointProjection>
              </projections>
            </RoutePoint>
            <RoutePoint version="1" id="VTR:RoutePoint:126377">
              <projections>
                <PointProjection version="1" id="VTR:PointProjection:38523">
                  <ProjectedPointRef ref="VTR:ScheduledStopPoint:126377" version="1"/>
                </PointProjection>
              </projections>
            </RoutePoint>
            <RoutePoint version="1" id="VTR:RoutePoint:126379">
              <projections>
                <PointProjection version="1" id="VTR:PointProjection:38524">
                  <ProjectedPointRef ref="VTR:ScheduledStopPoint:126379" version="1"/>
                </PointProjection>
              </projections>
            </RoutePoint>
          </routePoints>
          <routes>
            <Route version="1" id="VTR:Route:7531">
              <Name>Kaišiadorys-Rokiškės per Mičiūnus</Name>
              <ShortName>Kaišiadorys-Rokiškės per Mičiūnus</ShortName>
              <LineRef ref="VTR:Line:2891" version="2961"/>
              <DirectionType>outbound</DirectionType>
              <pointsInSequence>
                <PointOnRoute version="1" id="VTR:PointOnRoute:126345" order="1">
                  <RoutePointRef ref="VTR:RoutePoint:126345"/>
                </PointOnRoute>
                <PointOnRoute version="1" id="VTR:PointOnRoute:126360" order="2">
                  <RoutePointRef ref="VTR:RoutePoint:126360"/>
                </PointOnRoute>
                <PointOnRoute version="1" id="VTR:PointOnRoute:126346" order="3">
                  <RoutePointRef ref="VTR:RoutePoint:126346"/>
                </PointOnRoute>
                <PointOnRoute version="1" id="VTR:PointOnRoute:126347" order="4">
                  <RoutePointRef ref="VTR:RoutePoint:126347"/>
                </PointOnRoute>
                <PointOnRoute version="1" id="VTR:PointOnRoute:126348" order="5">
                  <RoutePointRef ref="VTR:RoutePoint:126348"/>
                </PointOnRoute>
                <PointOnRoute version="1" id="VTR:PointOnRoute:126349" order="6">
                  <RoutePointRef ref="VTR:RoutePoint:126349"/>
                </PointOnRoute>
                <PointOnRoute version="1" id="VTR:PointOnRoute:126350" order="7">
                  <RoutePointRef ref="VTR:RoutePoint:126350"/>
                </PointOnRoute>
                <PointOnRoute version="1" id="VTR:PointOnRoute:126351" order="8">
                  <RoutePointRef ref="VTR:RoutePoint:126351"/>
                </PointOnRoute>
                <PointOnRoute version="1" id="VTR:PointOnRoute:126352" order="9">
                  <RoutePointRef ref="VTR:RoutePoint:126352"/>
                </PointOnRoute>
                <PointOnRoute version="1" id="VTR:PointOnRoute:126353" order="10">
                  <RoutePointRef ref="VTR:RoutePoint:126353"/>
                </PointOnRoute>
                <PointOnRoute version="1" id="VTR:PointOnRoute:126354" order="11">
                  <RoutePointRef ref="VTR:RoutePoint:126354"/>
                </PointOnRoute>
                <PointOnRoute version="1" id="VTR:PointOnRoute:126355" order="12">
                  <RoutePointRef ref="VTR:RoutePoint:126355"/>
                </PointOnRoute>
                <PointOnRoute version="1" id="VTR:PointOnRoute:126356" order="13">
                  <RoutePointRef ref="VTR:RoutePoint:126356"/>
                </PointOnRoute>
                <PointOnRoute version="1" id="VTR:PointOnRoute:126357" order="14">
                  <RoutePointRef ref="VTR:RoutePoint:126357"/>
                </PointOnRoute>
                <PointOnRoute version="1" id="VTR:PointOnRoute:126358" order="15">
                  <RoutePointRef ref="VTR:RoutePoint:126358"/>
                </PointOnRoute>
                <PointOnRoute version="1" id="VTR:PointOnRoute:126359" order="16">
                  <RoutePointRef ref="VTR:RoutePoint:126359"/>
                </PointOnRoute>
                <PointOnRoute version="1" id="VTR:PointOnRoute:126362" order="17">
                  <RoutePointRef ref="VTR:RoutePoint:126362"/>
                </PointOnRoute>
                <PointOnRoute version="1" id="VTR:PointOnRoute:126365" order="18">
                  <RoutePointRef ref="VTR:RoutePoint:126365"/>
                </PointOnRoute>
                <PointOnRoute version="1" id="VTR:PointOnRoute:126370" order="19">
                  <RoutePointRef ref="VTR:RoutePoint:126370"/>
                </PointOnRoute>
                <PointOnRoute version="1" id="VTR:PointOnRoute:126371" order="20">
                  <RoutePointRef ref="VTR:RoutePoint:126371"/>
                </PointOnRoute>
                <PointOnRoute version="1" id="VTR:PointOnRoute:126372" order="21">
                  <RoutePointRef ref="VTR:RoutePoint:126372"/>
                </PointOnRoute>
                <PointOnRoute version="1" id="VTR:PointOnRoute:126373" order="22">
                  <RoutePointRef ref="VTR:RoutePoint:126373"/>
                </PointOnRoute>
                <PointOnRoute version="1" id="VTR:PointOnRoute:126374" order="23">
                  <RoutePointRef ref="VTR:RoutePoint:126374"/>
                </PointOnRoute>
                <PointOnRoute version="1" id="VTR:PointOnRoute:126375" order="24">
                  <RoutePointRef ref="VTR:RoutePoint:126375"/>
                </PointOnRoute>
                <PointOnRoute version="1" id="VTR:PointOnRoute:126376" order="25">
                  <RoutePointRef ref="VTR:RoutePoint:126376"/>
                </PointOnRoute>
                <PointOnRoute version="1" id="VTR:PointOnRoute:126377" order="26">
                  <RoutePointRef ref="VTR:RoutePoint:126377"/>
                </PointOnRoute>
                <PointOnRoute version="1" id="VTR:PointOnRoute:126379" order="27">
                  <RoutePointRef ref="VTR:RoutePoint:126379"/>
                </PointOnRoute>
              </pointsInSequence>
            </Route>
          </routes>
          <lines>
            <Line version="2961" id="VTR:Line:2891">
              <Name>Kaišiadorys-Rokiškės per Mičiūnus</Name>
              <TransportMode>bus</TransportMode>
              <TransportSubmode>
                <BusSubmode>regionalBus</BusSubmode>
              </TransportSubmode>
              <PublicCode>56-1</PublicCode>
              <OperatorRef ref="VTR:Operator:13"/>
            </Line>
          </lines>
          <scheduledStopPoints>
            <ScheduledStopPoint version="1" id="VTR:ScheduledStopPoint:126345">
              <Name>Rokiškės</Name>
            </ScheduledStopPoint>
            <ScheduledStopPoint version="1" id="VTR:ScheduledStopPoint:126346">
              <Name>Kubiliai</Name>
            </ScheduledStopPoint>
            <ScheduledStopPoint version="1" id="VTR:ScheduledStopPoint:126347">
              <Name>Kalviai</Name>
            </ScheduledStopPoint>
            <ScheduledStopPoint version="1" id="VTR:ScheduledStopPoint:126348">
              <Name>Basonys</Name>
            </ScheduledStopPoint>
            <ScheduledStopPoint version="1" id="VTR:ScheduledStopPoint:126349">
              <Name>Sevelionys I I</Name>
            </ScheduledStopPoint>
            <ScheduledStopPoint version="1" id="VTR:ScheduledStopPoint:126350">
              <Name>Sevelionys I</Name>
            </ScheduledStopPoint>
            <ScheduledStopPoint version="1" id="VTR:ScheduledStopPoint:126351">
              <Name>Mičiūnai</Name>
            </ScheduledStopPoint>
            <ScheduledStopPoint version="1" id="VTR:ScheduledStopPoint:126352">
              <Name>Šoliškės</Name>
            </ScheduledStopPoint>
            <ScheduledStopPoint version="1" id="VTR:ScheduledStopPoint:126353">
              <Name>Medinai</Name>
            </ScheduledStopPoint>
            <ScheduledStopPoint version="1" id="VTR:ScheduledStopPoint:126354">
              <Name>Eiginiškės</Name>
            </ScheduledStopPoint>
            <ScheduledStopPoint version="1" id="VTR:ScheduledStopPoint:126355">
              <Name>Kibučiai</Name>
            </ScheduledStopPoint>
            <ScheduledStopPoint version="1" id="VTR:ScheduledStopPoint:126356">
              <Name>Pakertai II</Name>
            </ScheduledStopPoint>
            <ScheduledStopPoint version="1" id="VTR:ScheduledStopPoint:126357">
              <Name>Pakertai</Name>
            </ScheduledStopPoint>
            <ScheduledStopPoint version="1" id="VTR:ScheduledStopPoint:126358">
              <Name>Kairiškės</Name>
            </ScheduledStopPoint>
            <ScheduledStopPoint version="1" id="VTR:ScheduledStopPoint:126359">
              <Name>Melioratorių gyv.</Name>
            </ScheduledStopPoint>
            <ScheduledStopPoint version="1" id="VTR:ScheduledStopPoint:126360">
              <Name>Kubiliai</Name>
            </ScheduledStopPoint>
            <ScheduledStopPoint version="1" id="VTR:ScheduledStopPoint:126362">
              <Name>Žiežmariai</Name>
            </ScheduledStopPoint>
            <ScheduledStopPoint version="1" id="VTR:ScheduledStopPoint:126365">
              <Name>Žiežmarių Kr.</Name>
            </ScheduledStopPoint>
            <ScheduledStopPoint version="1" id="VTR:ScheduledStopPoint:126370">
              <Name>Karantinis m</Name>
            </ScheduledStopPoint>
            <ScheduledStopPoint version="1" id="VTR:ScheduledStopPoint:126371">
              <Name>Šebnica</Name>
            </ScheduledStopPoint>
            <ScheduledStopPoint version="1" id="VTR:ScheduledStopPoint:126372">
              <Name>Autoservisas</Name>
            </ScheduledStopPoint>
            <ScheduledStopPoint version="1" id="VTR:ScheduledStopPoint:126373">
              <Name>Prekybos centras</Name>
            </ScheduledStopPoint>
            <ScheduledStopPoint version="1" id="VTR:ScheduledStopPoint:126374">
              <Name>Teismo rūmai</Name>
            </ScheduledStopPoint>
            <ScheduledStopPoint version="1" id="VTR:ScheduledStopPoint:126375">
              <Name>Centras</Name>
            </ScheduledStopPoint>
            <ScheduledStopPoint version="1" id="VTR:ScheduledStopPoint:126376">
              <Name>Pėsčiųjų tiltas</Name>
            </ScheduledStopPoint>
            <ScheduledStopPoint version="1" id="VTR:ScheduledStopPoint:126377">
              <Name>Kęstučio g.</Name>
            </ScheduledStopPoint>
            <ScheduledStopPoint version="1" id="VTR:ScheduledStopPoint:126379">
              <Name>Kaišiadorių Autobusų stotis</Name>
            </ScheduledStopPoint>
          </scheduledStopPoints>
          <serviceLinks>
            <ServiceLink id="VTR:ServiceLink:126347_1_126348_1" version="1">
              <Distance>1</Distance>
              <FromPointRef ref="VTR:ScheduledStopPoint:126347" version="1"/>
              <ToPointRef ref="VTR:ScheduledStopPoint:126348" version="1"/>
            </ServiceLink>
            <ServiceLink id="VTR:ServiceLink:126346_1_126347_1" version="1">
              <Distance>2</Distance>
              <FromPointRef ref="VTR:ScheduledStopPoint:126346" version="1"/>
              <ToPointRef ref="VTR:ScheduledStopPoint:126347" version="1"/>
            </ServiceLink>
            <ServiceLink id="VTR:ServiceLink:126349_1_126350_1" version="1">
              <Distance>1</Distance>
              <FromPointRef ref="VTR:ScheduledStopPoint:126349" version="1"/>
              <ToPointRef ref="VTR:ScheduledStopPoint:126350" version="1"/>
            </ServiceLink>
            <ServiceLink id="VTR:ServiceLink:126373_1_126374_1" version="1">
              <Distance>0</Distance>
              <FromPointRef ref="VTR:ScheduledStopPoint:126373" version="1"/>
              <ToPointRef ref="VTR:ScheduledStopPoint:126374" version="1"/>
            </ServiceLink>
            <ServiceLink id="VTR:ServiceLink:126350_1_126351_1" version="1">
              <Distance>3</Distance>
              <FromPointRef ref="VTR:ScheduledStopPoint:126350" version="1"/>
              <ToPointRef ref="VTR:ScheduledStopPoint:126351" version="1"/>
            </ServiceLink>
            <ServiceLink id="VTR:ServiceLink:126348_1_126349_1" version="1">
              <Distance>3</Distance>
              <FromPointRef ref="VTR:ScheduledStopPoint:126348" version="1"/>
              <ToPointRef ref="VTR:ScheduledStopPoint:126349" version="1"/>
            </ServiceLink>
            <ServiceLink id="VTR:ServiceLink:126345_1_126360_1" version="1">
              <Distance>1</Distance>
              <FromPointRef ref="VTR:ScheduledStopPoint:126345" version="1"/>
              <ToPointRef ref="VTR:ScheduledStopPoint:126360" version="1"/>
            </ServiceLink>
            <ServiceLink id="VTR:ServiceLink:126370_1_126371_1" version="1">
              <Distance>1</Distance>
              <FromPointRef ref="VTR:ScheduledStopPoint:126370" version="1"/>
              <ToPointRef ref="VTR:ScheduledStopPoint:126371" version="1"/>
            </ServiceLink>
            <ServiceLink id="VTR:ServiceLink:126352_1_126353_1" version="1">
              <Distance>1</Distance>
              <FromPointRef ref="VTR:ScheduledStopPoint:126352" version="1"/>
              <ToPointRef ref="VTR:ScheduledStopPoint:126353" version="1"/>
            </ServiceLink>
            <ServiceLink id="VTR:ServiceLink:126376_1_126377_1" version="1">
              <Distance>0</Distance>
              <FromPointRef ref="VTR:ScheduledStopPoint:126376" version="1"/>
              <ToPointRef ref="VTR:ScheduledStopPoint:126377" version="1"/>
            </ServiceLink>
            <ServiceLink id="VTR:ServiceLink:126351_1_126352_1" version="1">
              <Distance>0</Distance>
              <FromPointRef ref="VTR:ScheduledStopPoint:126351" version="1"/>
              <ToPointRef ref="VTR:ScheduledStopPoint:126352" version="1"/>
            </ServiceLink>
            <ServiceLink id="VTR:ServiceLink:126357_1_126358_1" version="1">
              <Distance>1</Distance>
              <FromPointRef ref="VTR:ScheduledStopPoint:126357" version="1"/>
              <ToPointRef ref="VTR:ScheduledStopPoint:126358" version="1"/>
            </ServiceLink>
            <ServiceLink id="VTR:ServiceLink:126360_1_126346_1" version="1">
              <Distance>0</Distance>
              <FromPointRef ref="VTR:ScheduledStopPoint:126360" version="1"/>
              <ToPointRef ref="VTR:ScheduledStopPoint:126346" version="1"/>
            </ServiceLink>
            <ServiceLink id="VTR:ServiceLink:126356_1_126357_1" version="1">
              <Distance>1</Distance>
              <FromPointRef ref="VTR:ScheduledStopPoint:126356" version="1"/>
              <ToPointRef ref="VTR:ScheduledStopPoint:126357" version="1"/>
            </ServiceLink>
            <ServiceLink id="VTR:ServiceLink:126359_1_126362_1" version="1">
              <Distance>1</Distance>
              <FromPointRef ref="VTR:ScheduledStopPoint:126359" version="1"/>
              <ToPointRef ref="VTR:ScheduledStopPoint:126362" version="1"/>
            </ServiceLink>
            <ServiceLink id="VTR:ServiceLink:126371_1_126372_1" version="1">
              <Distance>1</Distance>
              <FromPointRef ref="VTR:ScheduledStopPoint:126371" version="1"/>
              <ToPointRef ref="VTR:ScheduledStopPoint:126372" version="1"/>
            </ServiceLink>
            <ServiceLink id="VTR:ServiceLink:126375_1_126376_1" version="1">
              <Distance>0</Distance>
              <FromPointRef ref="VTR:ScheduledStopPoint:126375" version="1"/>
              <ToPointRef ref="VTR:ScheduledStopPoint:126376" version="1"/>
            </ServiceLink>
            <ServiceLink id="VTR:ServiceLink:126358_1_126359_1" version="1">
              <Distance>1</Distance>
              <FromPointRef ref="VTR:ScheduledStopPoint:126358" version="1"/>
              <ToPointRef ref="VTR:ScheduledStopPoint:126359" version="1"/>
            </ServiceLink>
            <ServiceLink id="VTR:ServiceLink:126354_1_126355_1" version="1">
              <Distance>1</Distance>
              <FromPointRef ref="VTR:ScheduledStopPoint:126354" version="1"/>
              <ToPointRef ref="VTR:ScheduledStopPoint:126355" version="1"/>
            </ServiceLink>
            <ServiceLink id="VTR:ServiceLink:126374_1_126375_1" version="1">
              <Distance>0</Distance>
              <FromPointRef ref="VTR:ScheduledStopPoint:126374" version="1"/>
              <ToPointRef ref="VTR:ScheduledStopPoint:126375" version="1"/>
            </ServiceLink>
            <ServiceLink id="VTR:ServiceLink:126353_1_126354_1" version="1">
              <Distance>1</Distance>
              <FromPointRef ref="VTR:ScheduledStopPoint:126353" version="1"/>
              <ToPointRef ref="VTR:ScheduledStopPoint:126354" version="1"/>
            </ServiceLink>
            <ServiceLink id="VTR:ServiceLink:126355_1_126356_1" version="1">
              <Distance>1</Distance>
              <FromPointRef ref="VTR:ScheduledStopPoint:126355" version="1"/>
              <ToPointRef ref="VTR:ScheduledStopPoint:126356" version="1"/>
            </ServiceLink>
            <ServiceLink id="VTR:ServiceLink:126372_1_126373_1" version="1">
              <Distance>0</Distance>
              <FromPointRef ref="VTR:ScheduledStopPoint:126372" version="1"/>
              <ToPointRef ref="VTR:ScheduledStopPoint:126373" version="1"/>
            </ServiceLink>
          </serviceLinks>
          <stopAssignments>
            <PassengerStopAssignment order="753100000" id="VTR:PassengerStopAssignment:126345" version="1">
              <ScheduledStopPointRef ref="VTR:ScheduledStopPoint:126345" version="1"/>
              <QuayRef ref="VTR:Quay:24214"/>
            </PassengerStopAssignment>
            <PassengerStopAssignment order="753100001" id="VTR:PassengerStopAssignment:126360" version="1">
              <ScheduledStopPointRef ref="VTR:ScheduledStopPoint:126360" version="1"/>
              <QuayRef ref="VTR:Quay:24213"/>
            </PassengerStopAssignment>
            <PassengerStopAssignment order="753100002" id="VTR:PassengerStopAssignment:126346" version="1">
              <ScheduledStopPointRef ref="VTR:ScheduledStopPoint:126346" version="1"/>
              <QuayRef ref="VTR:Quay:13029"/>
            </PassengerStopAssignment>
            <PassengerStopAssignment order="753100003" id="VTR:PassengerStopAssignment:126347" version="1">
              <ScheduledStopPointRef ref="VTR:ScheduledStopPoint:126347" version="1"/>
              <QuayRef ref="VTR:Quay:13906"/>
            </PassengerStopAssignment>
            <PassengerStopAssignment order="753100004" id="VTR:PassengerStopAssignment:126348" version="1">
              <ScheduledStopPointRef ref="VTR:ScheduledStopPoint:126348" version="1"/>
              <QuayRef ref="VTR:Quay:6256"/>
            </PassengerStopAssignment>
            <PassengerStopAssignment order="753100005" id="VTR:PassengerStopAssignment:126349" version="1">
              <ScheduledStopPointRef ref="VTR:ScheduledStopPoint:126349" version="1"/>
              <QuayRef ref="VTR:Quay:15473"/>
            </PassengerStopAssignment>
            <PassengerStopAssignment order="753100006" id="VTR:PassengerStopAssignment:126350" version="1">
              <ScheduledStopPointRef ref="VTR:ScheduledStopPoint:126350" version="1"/>
              <QuayRef ref="VTR:Quay:8551"/>
            </PassengerStopAssignment>
            <PassengerStopAssignment order="753100007" id="VTR:PassengerStopAssignment:126351" version="1">
              <ScheduledStopPointRef ref="VTR:ScheduledStopPoint:126351" version="1"/>
              <QuayRef ref="VTR:Quay:9071"/>
            </PassengerStopAssignment>
            <PassengerStopAssignment order="753100008" id="VTR:PassengerStopAssignment:126352" version="1">
              <ScheduledStopPointRef ref="VTR:ScheduledStopPoint:126352" version="1"/>
              <QuayRef ref="VTR:Quay:11312"/>
            </PassengerStopAssignment>
            <PassengerStopAssignment order="753100009" id="VTR:PassengerStopAssignment:126353" version="1">
              <ScheduledStopPointRef ref="VTR:ScheduledStopPoint:126353" version="1"/>
              <QuayRef ref="VTR:Quay:14359"/>
            </PassengerStopAssignment>
            <PassengerStopAssignment order="753100010" id="VTR:PassengerStopAssignment:126354" version="1">
              <ScheduledStopPointRef ref="VTR:ScheduledStopPoint:126354" version="1"/>
              <QuayRef ref="VTR:Quay:9426"/>
            </PassengerStopAssignment>
            <PassengerStopAssignment order="753100011" id="VTR:PassengerStopAssignment:126355" version="1">
              <ScheduledStopPointRef ref="VTR:ScheduledStopPoint:126355" version="1"/>
              <QuayRef ref="VTR:Quay:9148"/>
            </PassengerStopAssignment>
            <PassengerStopAssignment order="753100012" id="VTR:PassengerStopAssignment:126356" version="1">
              <ScheduledStopPointRef ref="VTR:ScheduledStopPoint:126356" version="1"/>
              <QuayRef ref="VTR:Quay:22397"/>
            </PassengerStopAssignment>
            <PassengerStopAssignment order="753100013" id="VTR:PassengerStopAssignment:126357" version="1">
              <ScheduledStopPointRef ref="VTR:ScheduledStopPoint:126357" version="1"/>
              <QuayRef ref="VTR:Quay:9158"/>
            </PassengerStopAssignment>
            <PassengerStopAssignment order="753100014" id="VTR:PassengerStopAssignment:126358" version="1">
              <ScheduledStopPointRef ref="VTR:ScheduledStopPoint:126358" version="1"/>
              <QuayRef ref="VTR:Quay:3659"/>
            </PassengerStopAssignment>
            <PassengerStopAssignment order="753100015" id="VTR:PassengerStopAssignment:126359" version="1">
              <ScheduledStopPointRef ref="VTR:ScheduledStopPoint:126359" version="1"/>
              <QuayRef ref="VTR:Quay:7146"/>
            </PassengerStopAssignment>
            <PassengerStopAssignment order="753100016" id="VTR:PassengerStopAssignment:126362" version="1">
              <ScheduledStopPointRef ref="VTR:ScheduledStopPoint:126362" version="1"/>
              <QuayRef ref="VTR:Quay:13918"/>
            </PassengerStopAssignment>
            <PassengerStopAssignment order="753100019" id="VTR:PassengerStopAssignment:126365" version="1">
              <ScheduledStopPointRef ref="VTR:ScheduledStopPoint:126365" version="1"/>
              <QuayRef ref="VTR:Quay:23770"/>
            </PassengerStopAssignment>
            <PassengerStopAssignment order="753100024" id="VTR:PassengerStopAssignment:126370" version="1">
              <ScheduledStopPointRef ref="VTR:ScheduledStopPoint:126370" version="1"/>
              <QuayRef ref="VTR:Quay:15758"/>
            </PassengerStopAssignment>
            <PassengerStopAssignment order="753100025" id="VTR:PassengerStopAssignment:126371" version="1">
              <ScheduledStopPointRef ref="VTR:ScheduledStopPoint:126371" version="1"/>
              <QuayRef ref="VTR:Quay:10755"/>
            </PassengerStopAssignment>
            <PassengerStopAssignment order="753100026" id="VTR:PassengerStopAssignment:126372" version="1">
              <ScheduledStopPointRef ref="VTR:ScheduledStopPoint:126372" version="1"/>
              <QuayRef ref="VTR:Quay:5003"/>
            </PassengerStopAssignment>
            <PassengerStopAssignment order="753100027" id="VTR:PassengerStopAssignment:126373" version="1">
              <ScheduledStopPointRef ref="VTR:ScheduledStopPoint:126373" version="1"/>
              <QuayRef ref="VTR:Quay:8800"/>
            </PassengerStopAssignment>
            <PassengerStopAssignment order="753100028" id="VTR:PassengerStopAssignment:126374" version="1">
              <ScheduledStopPointRef ref="VTR:ScheduledStopPoint:126374" version="1"/>
              <QuayRef ref="VTR:Quay:12765"/>
            </PassengerStopAssignment>
            <PassengerStopAssignment order="753100029" id="VTR:PassengerStopAssignment:126375" version="1">
              <ScheduledStopPointRef ref="VTR:ScheduledStopPoint:126375" version="1"/>
              <QuayRef ref="VTR:Quay:8842"/>
            </PassengerStopAssignment>
            <PassengerStopAssignment order="753100030" id="VTR:PassengerStopAssignment:126376" version="1">
              <ScheduledStopPointRef ref="VTR:ScheduledStopPoint:126376" version="1"/>
              <QuayRef ref="VTR:Quay:12752"/>
            </PassengerStopAssignment>
            <PassengerStopAssignment order="753100031" id="VTR:PassengerStopAssignment:126377" version="1">
              <ScheduledStopPointRef ref="VTR:ScheduledStopPoint:126377" version="1"/>
              <QuayRef ref="VTR:Quay:8776"/>
            </PassengerStopAssignment>
            <PassengerStopAssignment order="753100033" id="VTR:PassengerStopAssignment:126379" version="1">
              <ScheduledStopPointRef ref="VTR:ScheduledStopPoint:126379" version="1"/>
              <QuayRef ref="VTR:Quay:23769"/>
            </PassengerStopAssignment>
          </stopAssignments>
          <journeyPatterns>
            <JourneyPattern id="VTR:JourneyPattern:58297" version="58359">
              <Name>2</Name>
              <RouteRef ref="VTR:Route:7531" version="1"/>
              <pointsInSequence>
                <StopPointInJourneyPattern id="VTR:StopPointInJourneyPattern:1172660" version="58359" order="1">
                  <ScheduledStopPointRef ref="VTR:ScheduledStopPoint:126345"/>
                  <DestinationDisplayRef ref="VTR:DestinationDisplay:1"/>
                </StopPointInJourneyPattern>
                <StopPointInJourneyPattern id="VTR:StopPointInJourneyPattern:1172661" version="58359" order="2">
                  <ScheduledStopPointRef ref="VTR:ScheduledStopPoint:126360"/>
                  <DestinationDisplayRef ref="VTR:DestinationDisplay:1"/>
                </StopPointInJourneyPattern>
                <StopPointInJourneyPattern id="VTR:StopPointInJourneyPattern:1172662" version="58359" order="3">
                  <ScheduledStopPointRef ref="VTR:ScheduledStopPoint:126346"/>
                  <DestinationDisplayRef ref="VTR:DestinationDisplay:1"/>
                </StopPointInJourneyPattern>
                <StopPointInJourneyPattern id="VTR:StopPointInJourneyPattern:1172663" version="58359" order="4">
                  <ScheduledStopPointRef ref="VTR:ScheduledStopPoint:126347"/>
                  <DestinationDisplayRef ref="VTR:DestinationDisplay:1"/>
                </StopPointInJourneyPattern>
                <StopPointInJourneyPattern id="VTR:StopPointInJourneyPattern:1172664" version="58359" order="5">
                  <ScheduledStopPointRef ref="VTR:ScheduledStopPoint:126348"/>
                  <DestinationDisplayRef ref="VTR:DestinationDisplay:1"/>
                </StopPointInJourneyPattern>
                <StopPointInJourneyPattern id="VTR:StopPointInJourneyPattern:1172665" version="58359" order="6">
                  <ScheduledStopPointRef ref="VTR:ScheduledStopPoint:126349"/>
                  <DestinationDisplayRef ref="VTR:DestinationDisplay:1"/>
                </StopPointInJourneyPattern>
                <StopPointInJourneyPattern id="VTR:StopPointInJourneyPattern:1172666" version="58359" order="7">
                  <ScheduledStopPointRef ref="VTR:ScheduledStopPoint:126350"/>
                  <DestinationDisplayRef ref="VTR:DestinationDisplay:1"/>
                </StopPointInJourneyPattern>
                <StopPointInJourneyPattern id="VTR:StopPointInJourneyPattern:1172667" version="58359" order="8">
                  <ScheduledStopPointRef ref="VTR:ScheduledStopPoint:126351"/>
                  <DestinationDisplayRef ref="VTR:DestinationDisplay:1"/>
                </StopPointInJourneyPattern>
                <StopPointInJourneyPattern id="VTR:StopPointInJourneyPattern:1172668" version="58359" order="9">
                  <ScheduledStopPointRef ref="VTR:ScheduledStopPoint:126352"/>
                  <DestinationDisplayRef ref="VTR:DestinationDisplay:1"/>
                </StopPointInJourneyPattern>
                <StopPointInJourneyPattern id="VTR:StopPointInJourneyPattern:1172669" version="58359" order="10">
                  <ScheduledStopPointRef ref="VTR:ScheduledStopPoint:126353"/>
                  <DestinationDisplayRef ref="VTR:DestinationDisplay:1"/>
                </StopPointInJourneyPattern>
                <StopPointInJourneyPattern id="VTR:StopPointInJourneyPattern:1172670" version="58359" order="11">
                  <ScheduledStopPointRef ref="VTR:ScheduledStopPoint:126354"/>
                  <DestinationDisplayRef ref="VTR:DestinationDisplay:1"/>
                </StopPointInJourneyPattern>
                <StopPointInJourneyPattern id="VTR:StopPointInJourneyPattern:1172671" version="58359" order="12">
                  <ScheduledStopPointRef ref="VTR:ScheduledStopPoint:126355"/>
                  <DestinationDisplayRef ref="VTR:DestinationDisplay:1"/>
                </StopPointInJourneyPattern>
                <StopPointInJourneyPattern id="VTR:StopPointInJourneyPattern:1172672" version="58359" order="13">
                  <ScheduledStopPointRef ref="VTR:ScheduledStopPoint:126356"/>
                  <DestinationDisplayRef ref="VTR:DestinationDisplay:1"/>
                </StopPointInJourneyPattern>
                <StopPointInJourneyPattern id="VTR:StopPointInJourneyPattern:1172673" version="58359" order="14">
                  <ScheduledStopPointRef ref="VTR:ScheduledStopPoint:126357"/>
                  <DestinationDisplayRef ref="VTR:DestinationDisplay:1"/>
                </StopPointInJourneyPattern>
                <StopPointInJourneyPattern id="VTR:StopPointInJourneyPattern:1172674" version="58359" order="15">
                  <ScheduledStopPointRef ref="VTR:ScheduledStopPoint:126358"/>
                  <DestinationDisplayRef ref="VTR:DestinationDisplay:1"/>
                </StopPointInJourneyPattern>
                <StopPointInJourneyPattern id="VTR:StopPointInJourneyPattern:1172675" version="58359" order="16">
                  <ScheduledStopPointRef ref="VTR:ScheduledStopPoint:126359"/>
                  <DestinationDisplayRef ref="VTR:DestinationDisplay:1"/>
                </StopPointInJourneyPattern>
                <StopPointInJourneyPattern id="VTR:StopPointInJourneyPattern:1172676" version="58359" order="17">
                  <ScheduledStopPointRef ref="VTR:ScheduledStopPoint:126362"/>
                  <DestinationDisplayRef ref="VTR:DestinationDisplay:1"/>
                </StopPointInJourneyPattern>
                <StopPointInJourneyPattern id="VTR:StopPointInJourneyPattern:1172677" version="58359" order="18">
                  <ScheduledStopPointRef ref="VTR:ScheduledStopPoint:126365"/>
                  <DestinationDisplayRef ref="VTR:DestinationDisplay:1"/>
                </StopPointInJourneyPattern>
                <StopPointInJourneyPattern id="VTR:StopPointInJourneyPattern:1172678" version="58359" order="19">
                  <ScheduledStopPointRef ref="VTR:ScheduledStopPoint:126370"/>
                  <DestinationDisplayRef ref="VTR:DestinationDisplay:1"/>
                </StopPointInJourneyPattern>
                <StopPointInJourneyPattern id="VTR:StopPointInJourneyPattern:1172679" version="58359" order="20">
                  <ScheduledStopPointRef ref="VTR:ScheduledStopPoint:126371"/>
                  <DestinationDisplayRef ref="VTR:DestinationDisplay:1"/>
                </StopPointInJourneyPattern>
                <StopPointInJourneyPattern id="VTR:StopPointInJourneyPattern:1172680" version="58359" order="21">
                  <ScheduledStopPointRef ref="VTR:ScheduledStopPoint:126372"/>
                  <DestinationDisplayRef ref="VTR:DestinationDisplay:1"/>
                </StopPointInJourneyPattern>
                <StopPointInJourneyPattern id="VTR:StopPointInJourneyPattern:1172681" version="58359" order="22">
                  <ScheduledStopPointRef ref="VTR:ScheduledStopPoint:126373"/>
                  <DestinationDisplayRef ref="VTR:DestinationDisplay:1"/>
                </StopPointInJourneyPattern>
                <StopPointInJourneyPattern id="VTR:StopPointInJourneyPattern:1172682" version="58359" order="23">
                  <ScheduledStopPointRef ref="VTR:ScheduledStopPoint:126374"/>
                  <DestinationDisplayRef ref="VTR:DestinationDisplay:1"/>
                </StopPointInJourneyPattern>
                <StopPointInJourneyPattern id="VTR:StopPointInJourneyPattern:1172683" version="58359" order="24">
                  <ScheduledStopPointRef ref="VTR:ScheduledStopPoint:126375"/>
                  <DestinationDisplayRef ref="VTR:DestinationDisplay:1"/>
                </StopPointInJourneyPattern>
                <StopPointInJourneyPattern id="VTR:StopPointInJourneyPattern:1172684" version="58359" order="25">
                  <ScheduledStopPointRef ref="VTR:ScheduledStopPoint:126376"/>
                  <DestinationDisplayRef ref="VTR:DestinationDisplay:1"/>
                </StopPointInJourneyPattern>
                <StopPointInJourneyPattern id="VTR:StopPointInJourneyPattern:1172685" version="58359" order="26">
                  <ScheduledStopPointRef ref="VTR:ScheduledStopPoint:126377"/>
                  <DestinationDisplayRef ref="VTR:DestinationDisplay:1"/>
                </StopPointInJourneyPattern>
                <StopPointInJourneyPattern id="VTR:StopPointInJourneyPattern:1172686" version="58359" order="27">
                  <ScheduledStopPointRef ref="VTR:ScheduledStopPoint:126379"/>
                  <DestinationDisplayRef ref="VTR:DestinationDisplay:1"/>
                </StopPointInJourneyPattern>
              </pointsInSequence>
            </JourneyPattern>
          </journeyPatterns>
        </ServiceFrame>
        <TimetableFrame version="1" id="VTR:TimetableFrame:1381">
          <vehicleJourneys>
            <ServiceJourney version="58359" id="VTR:ServiceJourney:58297">
              <Name>Kaišiadorys-Rokiškės per Mičiūnus</Name>
              <PrivateCode>2</PrivateCode>
              <dayTypes>
                <DayTypeRef ref="VTR:DayType:6680"/>
              </dayTypes>
              <JourneyPatternRef version="58359" ref="VTR:JourneyPattern:58297"/>
              <OperatorRef ref="VTR:Operator:"/>
              <LineRef ref="VTR:Line:2891" version="2961"/>
              <passingTimes>
                <TimetabledPassingTime version="58359" id="VTR:TimetabledPassingTime:58297_1172660_1">
                  <StopPointInJourneyPatternRef ref="VTR:StopPointInJourneyPattern:1172660" version="58359"/>
                  <DepartureTime>10:47:00</DepartureTime>
                  <DepartureDayOffset>0</DepartureDayOffset>
                </TimetabledPassingTime>
                <TimetabledPassingTime version="58359" id="VTR:TimetabledPassingTime:58297_1172661_2">
                  <StopPointInJourneyPatternRef ref="VTR:StopPointInJourneyPattern:1172661" version="58359"/>
                  <DepartureTime>10:51:00</DepartureTime>
                  <DepartureDayOffset>0</DepartureDayOffset>
                </TimetabledPassingTime>
                <TimetabledPassingTime version="58359" id="VTR:TimetabledPassingTime:58297_1172662_3">
                  <StopPointInJourneyPatternRef ref="VTR:StopPointInJourneyPattern:1172662" version="58359"/>
                  <DepartureTime>10:52:00</DepartureTime>
                  <DepartureDayOffset>0</DepartureDayOffset>
                </TimetabledPassingTime>
                <TimetabledPassingTime version="58359" id="VTR:TimetabledPassingTime:58297_1172663_4">
                  <StopPointInJourneyPatternRef ref="VTR:StopPointInJourneyPattern:1172663" version="58359"/>
                  <DepartureTime>10:58:00</DepartureTime>
                  <DepartureDayOffset>0</DepartureDayOffset>
                </TimetabledPassingTime>
                <TimetabledPassingTime version="58359" id="VTR:TimetabledPassingTime:58297_1172664_5">
                  <StopPointInJourneyPatternRef ref="VTR:StopPointInJourneyPattern:1172664" version="58359"/>
                  <DepartureTime>11:00:00</DepartureTime>
                  <DepartureDayOffset>0</DepartureDayOffset>
                </TimetabledPassingTime>
                <TimetabledPassingTime version="58359" id="VTR:TimetabledPassingTime:58297_1172665_6">
                  <StopPointInJourneyPatternRef ref="VTR:StopPointInJourneyPattern:1172665" version="58359"/>
                  <DepartureTime>11:06:00</DepartureTime>
                  <DepartureDayOffset>0</DepartureDayOffset>
                </TimetabledPassingTime>
                <TimetabledPassingTime version="58359" id="VTR:TimetabledPassingTime:58297_1172666_7">
                  <StopPointInJourneyPatternRef ref="VTR:StopPointInJourneyPattern:1172666" version="58359"/>
                  <DepartureTime>11:08:00</DepartureTime>
                  <DepartureDayOffset>0</DepartureDayOffset>
                </TimetabledPassingTime>
                <TimetabledPassingTime version="58359" id="VTR:TimetabledPassingTime:58297_1172667_8">
                  <StopPointInJourneyPatternRef ref="VTR:StopPointInJourneyPattern:1172667" version="58359"/>
                  <DepartureTime>11:13:00</DepartureTime>
                  <DepartureDayOffset>0</DepartureDayOffset>
                </TimetabledPassingTime>
                <TimetabledPassingTime version="58359" id="VTR:TimetabledPassingTime:58297_1172668_9">
                  <StopPointInJourneyPatternRef ref="VTR:StopPointInJourneyPattern:1172668" version="58359"/>
                  <DepartureTime>11:16:00</DepartureTime>
                  <DepartureDayOffset>0</DepartureDayOffset>
                </TimetabledPassingTime>
                <TimetabledPassingTime version="58359" id="VTR:TimetabledPassingTime:58297_1172669_10">
                  <StopPointInJourneyPatternRef ref="VTR:StopPointInJourneyPattern:1172669" version="58359"/>
                  <DepartureTime>11:19:00</DepartureTime>
                  <DepartureDayOffset>0</DepartureDayOffset>
                </TimetabledPassingTime>
                <TimetabledPassingTime version="58359" id="VTR:TimetabledPassingTime:58297_1172670_11">
                  <StopPointInJourneyPatternRef ref="VTR:StopPointInJourneyPattern:1172670" version="58359"/>
                  <DepartureTime>11:20:00</DepartureTime>
                  <DepartureDayOffset>0</DepartureDayOffset>
                </TimetabledPassingTime>
                <TimetabledPassingTime version="58359" id="VTR:TimetabledPassingTime:58297_1172671_12">
                  <StopPointInJourneyPatternRef ref="VTR:StopPointInJourneyPattern:1172671" version="58359"/>
                  <DepartureTime>11:24:00</DepartureTime>
                  <DepartureDayOffset>0</DepartureDayOffset>
                </TimetabledPassingTime>
                <TimetabledPassingTime version="58359" id="VTR:TimetabledPassingTime:58297_1172672_13">
                  <StopPointInJourneyPatternRef ref="VTR:StopPointInJourneyPattern:1172672" version="58359"/>
                  <DepartureTime>11:28:00</DepartureTime>
                  <DepartureDayOffset>0</DepartureDayOffset>
                </TimetabledPassingTime>
                <TimetabledPassingTime version="58359" id="VTR:TimetabledPassingTime:58297_1172673_14">
                  <StopPointInJourneyPatternRef ref="VTR:StopPointInJourneyPattern:1172673" version="58359"/>
                  <DepartureTime>11:30:00</DepartureTime>
                  <DepartureDayOffset>0</DepartureDayOffset>
                </TimetabledPassingTime>
                <TimetabledPassingTime version="58359" id="VTR:TimetabledPassingTime:58297_1172674_15">
                  <StopPointInJourneyPatternRef ref="VTR:StopPointInJourneyPattern:1172674" version="58359"/>
                  <DepartureTime>11:32:00</DepartureTime>
                  <DepartureDayOffset>0</DepartureDayOffset>
                </TimetabledPassingTime>
                <TimetabledPassingTime version="58359" id="VTR:TimetabledPassingTime:58297_1172675_16">
                  <StopPointInJourneyPatternRef ref="VTR:StopPointInJourneyPattern:1172675" version="58359"/>
                  <DepartureTime>11:36:00</DepartureTime>
                  <DepartureDayOffset>0</DepartureDayOffset>
                </TimetabledPassingTime>
                <TimetabledPassingTime version="58359" id="VTR:TimetabledPassingTime:58297_1172676_17">
                  <StopPointInJourneyPatternRef ref="VTR:StopPointInJourneyPattern:1172676" version="58359"/>
                  <DepartureTime>11:38:00</DepartureTime>
                  <DepartureDayOffset>0</DepartureDayOffset>
                </TimetabledPassingTime>
                <TimetabledPassingTime version="58359" id="VTR:TimetabledPassingTime:58297_1172677_18">
                  <StopPointInJourneyPatternRef ref="VTR:StopPointInJourneyPattern:1172677" version="58359"/>
                  <DepartureTime>11:40:00</DepartureTime>
                  <DepartureDayOffset>0</DepartureDayOffset>
                </TimetabledPassingTime>
                <TimetabledPassingTime version="58359" id="VTR:TimetabledPassingTime:58297_1172678_19">
                  <StopPointInJourneyPatternRef ref="VTR:StopPointInJourneyPattern:1172678" version="58359"/>
                  <DepartureTime>11:45:00</DepartureTime>
                  <DepartureDayOffset>0</DepartureDayOffset>
                </TimetabledPassingTime>
                <TimetabledPassingTime version="58359" id="VTR:TimetabledPassingTime:58297_1172679_20">
                  <StopPointInJourneyPatternRef ref="VTR:StopPointInJourneyPattern:1172679" version="58359"/>
                  <DepartureTime>11:47:00</DepartureTime>
                  <DepartureDayOffset>0</DepartureDayOffset>
                </TimetabledPassingTime>
                <TimetabledPassingTime version="58359" id="VTR:TimetabledPassingTime:58297_1172680_21">
                  <StopPointInJourneyPatternRef ref="VTR:StopPointInJourneyPattern:1172680" version="58359"/>
                  <DepartureTime>11:49:00</DepartureTime>
                  <DepartureDayOffset>0</DepartureDayOffset>
                </TimetabledPassingTime>
                <TimetabledPassingTime version="58359" id="VTR:TimetabledPassingTime:58297_1172681_22">
                  <StopPointInJourneyPatternRef ref="VTR:StopPointInJourneyPattern:1172681" version="58359"/>
                  <DepartureTime>11:51:00</DepartureTime>
                  <DepartureDayOffset>0</DepartureDayOffset>
                </TimetabledPassingTime>
                <TimetabledPassingTime version="58359" id="VTR:TimetabledPassingTime:58297_1172682_23">
                  <StopPointInJourneyPatternRef ref="VTR:StopPointInJourneyPattern:1172682" version="58359"/>
                  <DepartureTime>11:52:00</DepartureTime>
                  <DepartureDayOffset>0</DepartureDayOffset>
                </TimetabledPassingTime>
                <TimetabledPassingTime version="58359" id="VTR:TimetabledPassingTime:58297_1172683_24">
                  <StopPointInJourneyPatternRef ref="VTR:StopPointInJourneyPattern:1172683" version="58359"/>
                  <DepartureTime>11:53:00</DepartureTime>
                  <DepartureDayOffset>0</DepartureDayOffset>
                </TimetabledPassingTime>
                <TimetabledPassingTime version="58359" id="VTR:TimetabledPassingTime:58297_1172684_25">
                  <StopPointInJourneyPatternRef ref="VTR:StopPointInJourneyPattern:1172684" version="58359"/>
                  <DepartureTime>11:54:00</DepartureTime>
                  <DepartureDayOffset>0</DepartureDayOffset>
                </TimetabledPassingTime>
                <TimetabledPassingTime version="58359" id="VTR:TimetabledPassingTime:58297_1172685_26">
                  <StopPointInJourneyPatternRef ref="VTR:StopPointInJourneyPattern:1172685" version="58359"/>
                  <DepartureTime>11:55:00</DepartureTime>
                  <DepartureDayOffset>0</DepartureDayOffset>
                </TimetabledPassingTime>
                <TimetabledPassingTime version="58359" id="VTR:TimetabledPassingTime:58297_1172686_27">
                  <StopPointInJourneyPatternRef ref="VTR:StopPointInJourneyPattern:1172686" version="58359"/>
                  <DepartureTime>12:00:00</DepartureTime>
                  <DepartureDayOffset>0</DepartureDayOffset>
                </TimetabledPassingTime>
              </passingTimes>
            </ServiceJourney>
          </vehicleJourneys>
        </TimetableFrame>
        <ResourceFrame version="1" id="VTR:ResourceFrame:1381">
          <organisations>
            <Authority version="1" id="VTR:Authority:13">
              <CompanyNumber>49</CompanyNumber>
              <Name>Kaišiadorių r. sav.</Name>
              <LegalName>Kaišiadorių r. sav.</LegalName>
              <ContactDetails>
                <Email>meras@kaisiadorys.lt</Email>
                <Phone>834620480</Phone>
                <Url>www.kaisiadorys.lt</Url>
              </ContactDetails>
              <OrganisationType>authority</OrganisationType>
            </Authority>
          </organisations>
        </ResourceFrame>
        <FareFrame id="VTR:FareFrame:2891" version="1">
          <FrameDefaults>
            <DefaultCurrency>EUR</DefaultCurrency>
          </FrameDefaults>
          <fareStructureElements>
            <FareStructureElement id="VTR:FareStructureElement:pricematrix" version="1">
              <distanceMatrixElements>
                <DistanceMatrixElementRef ref="VTR:DistanceMatrixElement:1172684to1172686" version="1"/>
                <DistanceMatrixElementRef ref="VTR:DistanceMatrixElement:1172681to1172686" version="1"/>
                <DistanceMatrixElementRef ref="VTR:DistanceMatrixElement:1172670to1172686" version="1"/>
                <DistanceMatrixElementRef ref="VTR:DistanceMatrixElement:1172664to1172686" version="1"/>
                <DistanceMatrixElementRef ref="VTR:DistanceMatrixElement:1172683to1172686" version="1"/>
              </distanceMatrixElements>
            </FareStructureElement>
          </fareStructureElements>
          <tariffs>
            <Tariff id="VTR:Tariff:pointToPointInSeparateJourney_2891" version="1">
              <Name>Point to point tariff</Name>
              <distanceMatrixElements>
                <DistanceMatrixElement id="VTR:DistanceMatrixElement:1172684to1172686" version="1">
                  <Name>Pėsčiųjų tiltas to Kaišiadorių Autobusų stotis</Name>
                  <StartStopPointRef ref="VTR:ScheduledStopPoint:126376" version="1"/>
                  <EndStopPointRef ref="VTR:ScheduledStopPoint:126379" version="1"/>
                  <prices>
                    <DistanceMatrixElementPrice id="VTR:DistanceMatrixElementPrice:1172684to1172686" version="1">
                      <Amount>0.41</Amount>
                      <DistanceMatrixElementRef ref="VTR:DistanceMatrixElement:1172684to1172686" version="1"/>
                    </DistanceMatrixElementPrice>
                  </prices>
                </DistanceMatrixElement>
                <DistanceMatrixElement id="VTR:DistanceMatrixElement:1172681to1172686" version="1">
                  <Name>Prekybos centras to Kaišiadorių Autobusų stotis</Name>
                  <StartStopPointRef ref="VTR:ScheduledStopPoint:126373" version="1"/>
                  <EndStopPointRef ref="VTR:ScheduledStopPoint:126379" version="1"/>
                  <prices>
                    <DistanceMatrixElementPrice id="VTR:DistanceMatrixElementPrice:1172681to1172686" version="1">
                      <Amount>0.41</Amount>
                      <DistanceMatrixElementRef ref="VTR:DistanceMatrixElement:1172681to1172686" version="1"/>
                    </DistanceMatrixElementPrice>
                  </prices>
                </DistanceMatrixElement>
                <DistanceMatrixElement id="VTR:DistanceMatrixElement:1172670to1172686" version="1">
                  <Name>Eiginiškės to Kaišiadorių Autobusų stotis</Name>
                  <StartStopPointRef ref="VTR:ScheduledStopPoint:126354" version="1"/>
                  <EndStopPointRef ref="VTR:ScheduledStopPoint:126379" version="1"/>
                  <prices>
                    <DistanceMatrixElementPrice id="VTR:DistanceMatrixElementPrice:1172670to1172686" version="1">
                      <Amount>1.92</Amount>
                      <DistanceMatrixElementRef ref="VTR:DistanceMatrixElement:1172670to1172686" version="1"/>
                    </DistanceMatrixElementPrice>
                  </prices>
                </DistanceMatrixElement>
                <DistanceMatrixElement id="VTR:DistanceMatrixElement:1172664to1172686" version="1">
                  <Name>Basonys to Kaišiadorių Autobusų stotis</Name>
                  <StartStopPointRef ref="VTR:ScheduledStopPoint:126348" version="1"/>
                  <EndStopPointRef ref="VTR:ScheduledStopPoint:126379" version="1"/>
                  <prices>
                    <DistanceMatrixElementPrice id="VTR:DistanceMatrixElementPrice:1172664to1172686" version="1">
                      <Amount>3.23</Amount>
                      <DistanceMatrixElementRef ref="VTR:DistanceMatrixElement:1172664to1172686" version="1"/>
                    </DistanceMatrixElementPrice>
                  </prices>
                </DistanceMatrixElement>
                <DistanceMatrixElement id="VTR:DistanceMatrixElement:1172683to1172686" version="1">
                  <Name>Centras to Kaišiadorių Autobusų stotis</Name>
                  <StartStopPointRef ref="VTR:ScheduledStopPoint:126375" version="1"/>
                  <EndStopPointRef ref="VTR:ScheduledStopPoint:126379" version="1"/>
                  <prices>
                    <DistanceMatrixElementPrice id="VTR:DistanceMatrixElementPrice:1172683to1172686" version="1">
                      <Amount>0.41</Amount>
                      <DistanceMatrixElementRef ref="VTR:DistanceMatrixElement:1172683to1172686" version="1"/>
                    </DistanceMatrixElementPrice>
                  </prices>
                </DistanceMatrixElement>
              </distanceMatrixElements>
            </Tariff>
          </tariffs>
          <usageParameters>
            <FrequencyOfUse id="VTR:FrequencyOfUse:oneTrip" version="1">
              <FrequencyOfUseType>unlimited</FrequencyOfUseType>
              <MaximalFrequency>1</MaximalFrequency>
            </FrequencyOfUse>
          </usageParameters>
        </FareFrame>
      </frames>
    </CompositeFrame>
  </dataObjects>
</PublicationDelivery>
