<?xml version="1.0" encoding="UTF-8"?><PublicationDelivery xmlns="http://www.netex.org.uk/netex" xmlns:gis="http://www.opengis.net/gml/3.2" xmlns:ns2="http://www.opengis.net/gml/3.2" xmlns:ns3="http://www.siri.org.uk/siri" xmlns:xsi="http://www.w3.org/2001/XMLSchema-instance" version="1" xsi:schemaLocation="">
  <PublicationTimestamp>2022-05-07T03:25:00.575</PublicationTimestamp>
  <ParticipantRef>VTR</ParticipantRef>
  <Description>1</Description>
  <dataObjects>
    <CompositeFrame created="2022-05-07T03:25:00.575" version="1" id="VTR:CompositeFrame:1381">
      <validityConditions>
        <AvailabilityCondition version="1" id="VTR:AvailabilityCondition:1381">
          <FromDate>2015-11-27T09:36:39</FromDate>
          <ToDate>2027-12-30T00:00:00</ToDate>
        </AvailabilityCondition>
      </validityConditions>
      <codespaces>
        <Codespace id="vtr">
          <Xmlns>VTR</Xmlns>
          <XmlnsUrl>http://www.visimarsrutai.lt/</XmlnsUrl>
        </Codespace>
      </codespaces>
      <FrameDefaults>
        <DefaultLocale>
          <TimeZone>Europe/Vilnius</TimeZone>
        </DefaultLocale>
        <DefaultLocationSystem>WGS84</DefaultLocationSystem>
      </FrameDefaults>
      <frames>
        <ServiceCalendarFrame version="1" id="VTR:ServiceCalendarFrame:1381">
          <dayTypes>
            <DayType id="VTR:DayType:6678" version="1">
              <properties>
                <PropertyOfDay>
                  <DaysOfWeek>Sunday</DaysOfWeek>
                </PropertyOfDay>
              </properties>
            </DayType>
          </dayTypes>
          <operatingPeriods>
            <OperatingPeriod version="1" id="VTR:OperatingPeriod:6678">
              <FromDate>2016-06-04T00:00:00</FromDate>
              <ToDate>2016-12-31T00:00:00</ToDate>
            </OperatingPeriod>
          </operatingPeriods>
          <dayTypeAssignments>
            <DayTypeAssignment id="VTR:DayTypeAssignment:6678_0" version="1" order="3512">
              <OperatingPeriodRef ref="VTR:OperatingPeriod:6678" version="1"/>
              <DayTypeRef ref="VTR:DayType:6678" version="1"/>
            </DayTypeAssignment>
          </dayTypeAssignments>
        </ServiceCalendarFrame>
        <ServiceFrame id="VTR:ServiceFrame:1381" version="1">
          <Network version="0" id="VTR:Network:13"/>
          <routePoints>
            <RoutePoint version="1" id="VTR:RoutePoint:126414">
              <projections>
                <PointProjection version="1" id="VTR:PointProjection:38304">
                  <ProjectedPointRef ref="VTR:ScheduledStopPoint:126414" version="1"/>
                </PointProjection>
              </projections>
            </RoutePoint>
            <RoutePoint version="1" id="VTR:RoutePoint:126415">
              <projections>
                <PointProjection version="1" id="VTR:PointProjection:38305">
                  <ProjectedPointRef ref="VTR:ScheduledStopPoint:126415" version="1"/>
                </PointProjection>
              </projections>
            </RoutePoint>
            <RoutePoint version="1" id="VTR:RoutePoint:126416">
              <projections>
                <PointProjection version="1" id="VTR:PointProjection:38306">
                  <ProjectedPointRef ref="VTR:ScheduledStopPoint:126416" version="1"/>
                </PointProjection>
              </projections>
            </RoutePoint>
            <RoutePoint version="1" id="VTR:RoutePoint:126417">
              <projections>
                <PointProjection version="1" id="VTR:PointProjection:38307">
                  <ProjectedPointRef ref="VTR:ScheduledStopPoint:126417" version="1"/>
                </PointProjection>
              </projections>
            </RoutePoint>
            <RoutePoint version="1" id="VTR:RoutePoint:126418">
              <projections>
                <PointProjection version="1" id="VTR:PointProjection:38308">
                  <ProjectedPointRef ref="VTR:ScheduledStopPoint:126418" version="1"/>
                </PointProjection>
              </projections>
            </RoutePoint>
            <RoutePoint version="1" id="VTR:RoutePoint:126419">
              <projections>
                <PointProjection version="1" id="VTR:PointProjection:38309">
                  <ProjectedPointRef ref="VTR:ScheduledStopPoint:126419" version="1"/>
                </PointProjection>
              </projections>
            </RoutePoint>
            <RoutePoint version="1" id="VTR:RoutePoint:126420">
              <projections>
                <PointProjection version="1" id="VTR:PointProjection:38310">
                  <ProjectedPointRef ref="VTR:ScheduledStopPoint:126420" version="1"/>
                </PointProjection>
              </projections>
            </RoutePoint>
            <RoutePoint version="1" id="VTR:RoutePoint:126421">
              <projections>
                <PointProjection version="1" id="VTR:PointProjection:38311">
                  <ProjectedPointRef ref="VTR:ScheduledStopPoint:126421" version="1"/>
                </PointProjection>
              </projections>
            </RoutePoint>
            <RoutePoint version="1" id="VTR:RoutePoint:126422">
              <projections>
                <PointProjection version="1" id="VTR:PointProjection:38312">
                  <ProjectedPointRef ref="VTR:ScheduledStopPoint:126422" version="1"/>
                </PointProjection>
              </projections>
            </RoutePoint>
            <RoutePoint version="1" id="VTR:RoutePoint:126427">
              <projections>
                <PointProjection version="1" id="VTR:PointProjection:38342">
                  <ProjectedPointRef ref="VTR:ScheduledStopPoint:126427" version="1"/>
                </PointProjection>
              </projections>
            </RoutePoint>
            <RoutePoint version="1" id="VTR:RoutePoint:126429">
              <projections>
                <PointProjection version="1" id="VTR:PointProjection:38343">
                  <ProjectedPointRef ref="VTR:ScheduledStopPoint:126429" version="1"/>
                </PointProjection>
              </projections>
            </RoutePoint>
            <RoutePoint version="1" id="VTR:RoutePoint:126430">
              <projections>
                <PointProjection version="1" id="VTR:PointProjection:38344">
                  <ProjectedPointRef ref="VTR:ScheduledStopPoint:126430" version="1"/>
                </PointProjection>
              </projections>
            </RoutePoint>
            <RoutePoint version="1" id="VTR:RoutePoint:126431">
              <projections>
                <PointProjection version="1" id="VTR:PointProjection:38345">
                  <ProjectedPointRef ref="VTR:ScheduledStopPoint:126431" version="1"/>
                </PointProjection>
              </projections>
            </RoutePoint>
            <RoutePoint version="1" id="VTR:RoutePoint:126432">
              <projections>
                <PointProjection version="1" id="VTR:PointProjection:38346">
                  <ProjectedPointRef ref="VTR:ScheduledStopPoint:126432" version="1"/>
                </PointProjection>
              </projections>
            </RoutePoint>
            <RoutePoint version="1" id="VTR:RoutePoint:126433">
              <projections>
                <PointProjection version="1" id="VTR:PointProjection:38347">
                  <ProjectedPointRef ref="VTR:ScheduledStopPoint:126433" version="1"/>
                </PointProjection>
              </projections>
            </RoutePoint>
            <RoutePoint version="1" id="VTR:RoutePoint:126434">
              <projections>
                <PointProjection version="1" id="VTR:PointProjection:38348">
                  <ProjectedPointRef ref="VTR:ScheduledStopPoint:126434" version="1"/>
                </PointProjection>
              </projections>
            </RoutePoint>
            <RoutePoint version="1" id="VTR:RoutePoint:126435">
              <projections>
                <PointProjection version="1" id="VTR:PointProjection:38349">
                  <ProjectedPointRef ref="VTR:ScheduledStopPoint:126435" version="1"/>
                </PointProjection>
              </projections>
            </RoutePoint>
            <RoutePoint version="1" id="VTR:RoutePoint:126436">
              <projections>
                <PointProjection version="1" id="VTR:PointProjection:38350">
                  <ProjectedPointRef ref="VTR:ScheduledStopPoint:126436" version="1"/>
                </PointProjection>
              </projections>
            </RoutePoint>
            <RoutePoint version="1" id="VTR:RoutePoint:126437">
              <projections>
                <PointProjection version="1" id="VTR:PointProjection:38351">
                  <ProjectedPointRef ref="VTR:ScheduledStopPoint:126437" version="1"/>
                </PointProjection>
              </projections>
            </RoutePoint>
            <RoutePoint version="1" id="VTR:RoutePoint:126438">
              <projections>
                <PointProjection version="1" id="VTR:PointProjection:38352">
                  <ProjectedPointRef ref="VTR:ScheduledStopPoint:126438" version="1"/>
                </PointProjection>
              </projections>
            </RoutePoint>
            <RoutePoint version="1" id="VTR:RoutePoint:126439">
              <projections>
                <PointProjection version="1" id="VTR:PointProjection:38353">
                  <ProjectedPointRef ref="VTR:ScheduledStopPoint:126439" version="1"/>
                </PointProjection>
              </projections>
            </RoutePoint>
            <RoutePoint version="1" id="VTR:RoutePoint:126440">
              <projections>
                <PointProjection version="1" id="VTR:PointProjection:38354">
                  <ProjectedPointRef ref="VTR:ScheduledStopPoint:126440" version="1"/>
                </PointProjection>
              </projections>
            </RoutePoint>
            <RoutePoint version="1" id="VTR:RoutePoint:126441">
              <projections>
                <PointProjection version="1" id="VTR:PointProjection:38355">
                  <ProjectedPointRef ref="VTR:ScheduledStopPoint:126441" version="1"/>
                </PointProjection>
              </projections>
            </RoutePoint>
            <RoutePoint version="1" id="VTR:RoutePoint:126442">
              <projections>
                <PointProjection version="1" id="VTR:PointProjection:38356">
                  <ProjectedPointRef ref="VTR:ScheduledStopPoint:126442" version="1"/>
                </PointProjection>
              </projections>
            </RoutePoint>
            <RoutePoint version="1" id="VTR:RoutePoint:126443">
              <projections>
                <PointProjection version="1" id="VTR:PointProjection:38357">
                  <ProjectedPointRef ref="VTR:ScheduledStopPoint:126443" version="1"/>
                </PointProjection>
              </projections>
            </RoutePoint>
            <RoutePoint version="1" id="VTR:RoutePoint:126444">
              <projections>
                <PointProjection version="1" id="VTR:PointProjection:38358">
                  <ProjectedPointRef ref="VTR:ScheduledStopPoint:126444" version="1"/>
                </PointProjection>
              </projections>
            </RoutePoint>
            <RoutePoint version="1" id="VTR:RoutePoint:126445">
              <projections>
                <PointProjection version="1" id="VTR:PointProjection:38359">
                  <ProjectedPointRef ref="VTR:ScheduledStopPoint:126445" version="1"/>
                </PointProjection>
              </projections>
            </RoutePoint>
          </routePoints>
          <routes>
            <Route version="1" id="VTR:Route:7533">
              <Name>Kaišiadorys-Rokiškės per Mičiūnus</Name>
              <ShortName>Kaišiadorys-Rokiškės per Mičiūnus</ShortName>
              <LineRef ref="VTR:Line:2892" version="2962"/>
              <DirectionType>outbound</DirectionType>
              <pointsInSequence>
                <PointOnRoute version="1" id="VTR:PointOnRoute:126414" order="1">
                  <RoutePointRef ref="VTR:RoutePoint:126414"/>
                </PointOnRoute>
                <PointOnRoute version="1" id="VTR:PointOnRoute:126415" order="2">
                  <RoutePointRef ref="VTR:RoutePoint:126415"/>
                </PointOnRoute>
                <PointOnRoute version="1" id="VTR:PointOnRoute:126416" order="3">
                  <RoutePointRef ref="VTR:RoutePoint:126416"/>
                </PointOnRoute>
                <PointOnRoute version="1" id="VTR:PointOnRoute:126417" order="4">
                  <RoutePointRef ref="VTR:RoutePoint:126417"/>
                </PointOnRoute>
                <PointOnRoute version="1" id="VTR:PointOnRoute:126418" order="5">
                  <RoutePointRef ref="VTR:RoutePoint:126418"/>
                </PointOnRoute>
                <PointOnRoute version="1" id="VTR:PointOnRoute:126419" order="6">
                  <RoutePointRef ref="VTR:RoutePoint:126419"/>
                </PointOnRoute>
                <PointOnRoute version="1" id="VTR:PointOnRoute:126420" order="7">
                  <RoutePointRef ref="VTR:RoutePoint:126420"/>
                </PointOnRoute>
                <PointOnRoute version="1" id="VTR:PointOnRoute:126421" order="8">
                  <RoutePointRef ref="VTR:RoutePoint:126421"/>
                </PointOnRoute>
                <PointOnRoute version="1" id="VTR:PointOnRoute:126422" order="9">
                  <RoutePointRef ref="VTR:RoutePoint:126422"/>
                </PointOnRoute>
                <PointOnRoute version="1" id="VTR:PointOnRoute:126427" order="10">
                  <RoutePointRef ref="VTR:RoutePoint:126427"/>
                </PointOnRoute>
                <PointOnRoute version="1" id="VTR:PointOnRoute:126429" order="11">
                  <RoutePointRef ref="VTR:RoutePoint:126429"/>
                </PointOnRoute>
                <PointOnRoute version="1" id="VTR:PointOnRoute:126430" order="12">
                  <RoutePointRef ref="VTR:RoutePoint:126430"/>
                </PointOnRoute>
                <PointOnRoute version="1" id="VTR:PointOnRoute:126431" order="13">
                  <RoutePointRef ref="VTR:RoutePoint:126431"/>
                </PointOnRoute>
                <PointOnRoute version="1" id="VTR:PointOnRoute:126432" order="14">
                  <RoutePointRef ref="VTR:RoutePoint:126432"/>
                </PointOnRoute>
                <PointOnRoute version="1" id="VTR:PointOnRoute:126433" order="15">
                  <RoutePointRef ref="VTR:RoutePoint:126433"/>
                </PointOnRoute>
                <PointOnRoute version="1" id="VTR:PointOnRoute:126434" order="16">
                  <RoutePointRef ref="VTR:RoutePoint:126434"/>
                </PointOnRoute>
                <PointOnRoute version="1" id="VTR:PointOnRoute:126435" order="17">
                  <RoutePointRef ref="VTR:RoutePoint:126435"/>
                </PointOnRoute>
                <PointOnRoute version="1" id="VTR:PointOnRoute:126436" order="18">
                  <RoutePointRef ref="VTR:RoutePoint:126436"/>
                </PointOnRoute>
                <PointOnRoute version="1" id="VTR:PointOnRoute:126437" order="19">
                  <RoutePointRef ref="VTR:RoutePoint:126437"/>
                </PointOnRoute>
                <PointOnRoute version="1" id="VTR:PointOnRoute:126438" order="20">
                  <RoutePointRef ref="VTR:RoutePoint:126438"/>
                </PointOnRoute>
                <PointOnRoute version="1" id="VTR:PointOnRoute:126439" order="21">
                  <RoutePointRef ref="VTR:RoutePoint:126439"/>
                </PointOnRoute>
                <PointOnRoute version="1" id="VTR:PointOnRoute:126440" order="22">
                  <RoutePointRef ref="VTR:RoutePoint:126440"/>
                </PointOnRoute>
                <PointOnRoute version="1" id="VTR:PointOnRoute:126441" order="23">
                  <RoutePointRef ref="VTR:RoutePoint:126441"/>
                </PointOnRoute>
                <PointOnRoute version="1" id="VTR:PointOnRoute:126442" order="24">
                  <RoutePointRef ref="VTR:RoutePoint:126442"/>
                </PointOnRoute>
                <PointOnRoute version="1" id="VTR:PointOnRoute:126443" order="25">
                  <RoutePointRef ref="VTR:RoutePoint:126443"/>
                </PointOnRoute>
                <PointOnRoute version="1" id="VTR:PointOnRoute:126444" order="26">
                  <RoutePointRef ref="VTR:RoutePoint:126444"/>
                </PointOnRoute>
                <PointOnRoute version="1" id="VTR:PointOnRoute:126445" order="27">
                  <RoutePointRef ref="VTR:RoutePoint:126445"/>
                </PointOnRoute>
              </pointsInSequence>
            </Route>
          </routes>
          <lines>
            <Line version="2962" id="VTR:Line:2892">
              <Name>Kaišiadorys-Rokiškės per Mičiūnus</Name>
              <TransportMode>bus</TransportMode>
              <TransportSubmode>
                <BusSubmode>regionalBus</BusSubmode>
              </TransportSubmode>
              <PublicCode>56-2</PublicCode>
              <OperatorRef ref="VTR:Operator:13"/>
            </Line>
          </lines>
          <scheduledStopPoints>
            <ScheduledStopPoint version="1" id="VTR:ScheduledStopPoint:126414">
              <Name>Kaišiadorių Autobusų stotis</Name>
            </ScheduledStopPoint>
            <ScheduledStopPoint version="1" id="VTR:ScheduledStopPoint:126415">
              <Name>Kęstučio g.</Name>
            </ScheduledStopPoint>
            <ScheduledStopPoint version="1" id="VTR:ScheduledStopPoint:126416">
              <Name>Pėsčiųjų tiltas</Name>
            </ScheduledStopPoint>
            <ScheduledStopPoint version="1" id="VTR:ScheduledStopPoint:126417">
              <Name>Centras</Name>
            </ScheduledStopPoint>
            <ScheduledStopPoint version="1" id="VTR:ScheduledStopPoint:126418">
              <Name>Teismo rūmai</Name>
            </ScheduledStopPoint>
            <ScheduledStopPoint version="1" id="VTR:ScheduledStopPoint:126419">
              <Name>Prekybos centras</Name>
            </ScheduledStopPoint>
            <ScheduledStopPoint version="1" id="VTR:ScheduledStopPoint:126420">
              <Name>Autoservisas</Name>
            </ScheduledStopPoint>
            <ScheduledStopPoint version="1" id="VTR:ScheduledStopPoint:126421">
              <Name>Šebnica</Name>
            </ScheduledStopPoint>
            <ScheduledStopPoint version="1" id="VTR:ScheduledStopPoint:126422">
              <Name>Karantinis m</Name>
            </ScheduledStopPoint>
            <ScheduledStopPoint version="1" id="VTR:ScheduledStopPoint:126427">
              <Name>Žiežmarių Kr.</Name>
            </ScheduledStopPoint>
            <ScheduledStopPoint version="1" id="VTR:ScheduledStopPoint:126429">
              <Name>Žiežmariai</Name>
            </ScheduledStopPoint>
            <ScheduledStopPoint version="1" id="VTR:ScheduledStopPoint:126430">
              <Name>Melioratorių gyv.</Name>
            </ScheduledStopPoint>
            <ScheduledStopPoint version="1" id="VTR:ScheduledStopPoint:126431">
              <Name>Kairiškės</Name>
            </ScheduledStopPoint>
            <ScheduledStopPoint version="1" id="VTR:ScheduledStopPoint:126432">
              <Name>Pakertai</Name>
            </ScheduledStopPoint>
            <ScheduledStopPoint version="1" id="VTR:ScheduledStopPoint:126433">
              <Name>Pakertai II</Name>
            </ScheduledStopPoint>
            <ScheduledStopPoint version="1" id="VTR:ScheduledStopPoint:126434">
              <Name>Kibučiai</Name>
            </ScheduledStopPoint>
            <ScheduledStopPoint version="1" id="VTR:ScheduledStopPoint:126435">
              <Name>Eiginiškės</Name>
            </ScheduledStopPoint>
            <ScheduledStopPoint version="1" id="VTR:ScheduledStopPoint:126436">
              <Name>Medinai</Name>
            </ScheduledStopPoint>
            <ScheduledStopPoint version="1" id="VTR:ScheduledStopPoint:126437">
              <Name>Šoliškės</Name>
            </ScheduledStopPoint>
            <ScheduledStopPoint version="1" id="VTR:ScheduledStopPoint:126438">
              <Name>Mičiūnai</Name>
            </ScheduledStopPoint>
            <ScheduledStopPoint version="1" id="VTR:ScheduledStopPoint:126439">
              <Name>Sevelionys I</Name>
            </ScheduledStopPoint>
            <ScheduledStopPoint version="1" id="VTR:ScheduledStopPoint:126440">
              <Name>Sevelionys II</Name>
            </ScheduledStopPoint>
            <ScheduledStopPoint version="1" id="VTR:ScheduledStopPoint:126441">
              <Name>Basonys</Name>
            </ScheduledStopPoint>
            <ScheduledStopPoint version="1" id="VTR:ScheduledStopPoint:126442">
              <Name>Kalviai</Name>
            </ScheduledStopPoint>
            <ScheduledStopPoint version="1" id="VTR:ScheduledStopPoint:126443">
              <Name>Kubiliai</Name>
            </ScheduledStopPoint>
            <ScheduledStopPoint version="1" id="VTR:ScheduledStopPoint:126444">
              <Name>Kubiliai</Name>
            </ScheduledStopPoint>
            <ScheduledStopPoint version="1" id="VTR:ScheduledStopPoint:126445">
              <Name>Rokiškės</Name>
            </ScheduledStopPoint>
          </scheduledStopPoints>
          <serviceLinks>
            <ServiceLink id="VTR:ServiceLink:126433_1_126434_1" version="1">
              <Distance>1</Distance>
              <FromPointRef ref="VTR:ScheduledStopPoint:126433" version="1"/>
              <ToPointRef ref="VTR:ScheduledStopPoint:126434" version="1"/>
            </ServiceLink>
            <ServiceLink id="VTR:ServiceLink:126416_1_126417_1" version="1">
              <Distance>0</Distance>
              <FromPointRef ref="VTR:ScheduledStopPoint:126416" version="1"/>
              <ToPointRef ref="VTR:ScheduledStopPoint:126417" version="1"/>
            </ServiceLink>
            <ServiceLink id="VTR:ServiceLink:126434_1_126435_1" version="1">
              <Distance>1</Distance>
              <FromPointRef ref="VTR:ScheduledStopPoint:126434" version="1"/>
              <ToPointRef ref="VTR:ScheduledStopPoint:126435" version="1"/>
            </ServiceLink>
            <ServiceLink id="VTR:ServiceLink:126443_1_126444_1" version="1">
              <Distance>0</Distance>
              <FromPointRef ref="VTR:ScheduledStopPoint:126443" version="1"/>
              <ToPointRef ref="VTR:ScheduledStopPoint:126444" version="1"/>
            </ServiceLink>
            <ServiceLink id="VTR:ServiceLink:126439_1_126440_1" version="1">
              <Distance>1</Distance>
              <FromPointRef ref="VTR:ScheduledStopPoint:126439" version="1"/>
              <ToPointRef ref="VTR:ScheduledStopPoint:126440" version="1"/>
            </ServiceLink>
            <ServiceLink id="VTR:ServiceLink:126415_1_126416_1" version="1">
              <Distance>0</Distance>
              <FromPointRef ref="VTR:ScheduledStopPoint:126415" version="1"/>
              <ToPointRef ref="VTR:ScheduledStopPoint:126416" version="1"/>
            </ServiceLink>
            <ServiceLink id="VTR:ServiceLink:126437_1_126438_1" version="1">
              <Distance>0</Distance>
              <FromPointRef ref="VTR:ScheduledStopPoint:126437" version="1"/>
              <ToPointRef ref="VTR:ScheduledStopPoint:126438" version="1"/>
            </ServiceLink>
            <ServiceLink id="VTR:ServiceLink:126419_1_126420_1" version="1">
              <Distance>0</Distance>
              <FromPointRef ref="VTR:ScheduledStopPoint:126419" version="1"/>
              <ToPointRef ref="VTR:ScheduledStopPoint:126420" version="1"/>
            </ServiceLink>
            <ServiceLink id="VTR:ServiceLink:126436_1_126437_1" version="1">
              <Distance>1</Distance>
              <FromPointRef ref="VTR:ScheduledStopPoint:126436" version="1"/>
              <ToPointRef ref="VTR:ScheduledStopPoint:126437" version="1"/>
            </ServiceLink>
            <ServiceLink id="VTR:ServiceLink:126435_1_126436_1" version="1">
              <Distance>1</Distance>
              <FromPointRef ref="VTR:ScheduledStopPoint:126435" version="1"/>
              <ToPointRef ref="VTR:ScheduledStopPoint:126436" version="1"/>
            </ServiceLink>
            <ServiceLink id="VTR:ServiceLink:126440_1_126441_1" version="1">
              <Distance>3</Distance>
              <FromPointRef ref="VTR:ScheduledStopPoint:126440" version="1"/>
              <ToPointRef ref="VTR:ScheduledStopPoint:126441" version="1"/>
            </ServiceLink>
            <ServiceLink id="VTR:ServiceLink:126442_1_126443_1" version="1">
              <Distance>2</Distance>
              <FromPointRef ref="VTR:ScheduledStopPoint:126442" version="1"/>
              <ToPointRef ref="VTR:ScheduledStopPoint:126443" version="1"/>
            </ServiceLink>
            <ServiceLink id="VTR:ServiceLink:126431_1_126432_1" version="1">
              <Distance>1</Distance>
              <FromPointRef ref="VTR:ScheduledStopPoint:126431" version="1"/>
              <ToPointRef ref="VTR:ScheduledStopPoint:126432" version="1"/>
            </ServiceLink>
            <ServiceLink id="VTR:ServiceLink:126417_1_126418_1" version="1">
              <Distance>0</Distance>
              <FromPointRef ref="VTR:ScheduledStopPoint:126417" version="1"/>
              <ToPointRef ref="VTR:ScheduledStopPoint:126418" version="1"/>
            </ServiceLink>
            <ServiceLink id="VTR:ServiceLink:126421_1_126422_1" version="1">
              <Distance>1</Distance>
              <FromPointRef ref="VTR:ScheduledStopPoint:126421" version="1"/>
              <ToPointRef ref="VTR:ScheduledStopPoint:126422" version="1"/>
            </ServiceLink>
            <ServiceLink id="VTR:ServiceLink:126432_1_126433_1" version="1">
              <Distance>1</Distance>
              <FromPointRef ref="VTR:ScheduledStopPoint:126432" version="1"/>
              <ToPointRef ref="VTR:ScheduledStopPoint:126433" version="1"/>
            </ServiceLink>
            <ServiceLink id="VTR:ServiceLink:126414_1_126415_1" version="1">
              <Distance>1</Distance>
              <FromPointRef ref="VTR:ScheduledStopPoint:126414" version="1"/>
              <ToPointRef ref="VTR:ScheduledStopPoint:126415" version="1"/>
            </ServiceLink>
            <ServiceLink id="VTR:ServiceLink:126441_1_126442_1" version="1">
              <Distance>1</Distance>
              <FromPointRef ref="VTR:ScheduledStopPoint:126441" version="1"/>
              <ToPointRef ref="VTR:ScheduledStopPoint:126442" version="1"/>
            </ServiceLink>
            <ServiceLink id="VTR:ServiceLink:126430_1_126431_1" version="1">
              <Distance>1</Distance>
              <FromPointRef ref="VTR:ScheduledStopPoint:126430" version="1"/>
              <ToPointRef ref="VTR:ScheduledStopPoint:126431" version="1"/>
            </ServiceLink>
            <ServiceLink id="VTR:ServiceLink:126444_1_126445_1" version="1">
              <Distance>1</Distance>
              <FromPointRef ref="VTR:ScheduledStopPoint:126444" version="1"/>
              <ToPointRef ref="VTR:ScheduledStopPoint:126445" version="1"/>
            </ServiceLink>
            <ServiceLink id="VTR:ServiceLink:126429_1_126430_1" version="1">
              <Distance>1</Distance>
              <FromPointRef ref="VTR:ScheduledStopPoint:126429" version="1"/>
              <ToPointRef ref="VTR:ScheduledStopPoint:126430" version="1"/>
            </ServiceLink>
            <ServiceLink id="VTR:ServiceLink:126438_1_126439_1" version="1">
              <Distance>2</Distance>
              <FromPointRef ref="VTR:ScheduledStopPoint:126438" version="1"/>
              <ToPointRef ref="VTR:ScheduledStopPoint:126439" version="1"/>
            </ServiceLink>
            <ServiceLink id="VTR:ServiceLink:126418_1_126419_1" version="1">
              <Distance>0</Distance>
              <FromPointRef ref="VTR:ScheduledStopPoint:126418" version="1"/>
              <ToPointRef ref="VTR:ScheduledStopPoint:126419" version="1"/>
            </ServiceLink>
            <ServiceLink id="VTR:ServiceLink:126420_1_126421_1" version="1">
              <Distance>1</Distance>
              <FromPointRef ref="VTR:ScheduledStopPoint:126420" version="1"/>
              <ToPointRef ref="VTR:ScheduledStopPoint:126421" version="1"/>
            </ServiceLink>
          </serviceLinks>
          <stopAssignments>
            <PassengerStopAssignment order="753300000" id="VTR:PassengerStopAssignment:126414" version="1">
              <ScheduledStopPointRef ref="VTR:ScheduledStopPoint:126414" version="1"/>
              <QuayRef ref="VTR:Quay:23769"/>
            </PassengerStopAssignment>
            <PassengerStopAssignment order="753300001" id="VTR:PassengerStopAssignment:126415" version="1">
              <ScheduledStopPointRef ref="VTR:ScheduledStopPoint:126415" version="1"/>
              <QuayRef ref="VTR:Quay:8776"/>
            </PassengerStopAssignment>
            <PassengerStopAssignment order="753300002" id="VTR:PassengerStopAssignment:126416" version="1">
              <ScheduledStopPointRef ref="VTR:ScheduledStopPoint:126416" version="1"/>
              <QuayRef ref="VTR:Quay:8839"/>
            </PassengerStopAssignment>
            <PassengerStopAssignment order="753300003" id="VTR:PassengerStopAssignment:126417" version="1">
              <ScheduledStopPointRef ref="VTR:ScheduledStopPoint:126417" version="1"/>
              <QuayRef ref="VTR:Quay:9759"/>
            </PassengerStopAssignment>
            <PassengerStopAssignment order="753300004" id="VTR:PassengerStopAssignment:126418" version="1">
              <ScheduledStopPointRef ref="VTR:ScheduledStopPoint:126418" version="1"/>
              <QuayRef ref="VTR:Quay:9718"/>
            </PassengerStopAssignment>
            <PassengerStopAssignment order="753300005" id="VTR:PassengerStopAssignment:126419" version="1">
              <ScheduledStopPointRef ref="VTR:ScheduledStopPoint:126419" version="1"/>
              <QuayRef ref="VTR:Quay:9758"/>
            </PassengerStopAssignment>
            <PassengerStopAssignment order="753300006" id="VTR:PassengerStopAssignment:126420" version="1">
              <ScheduledStopPointRef ref="VTR:ScheduledStopPoint:126420" version="1"/>
              <QuayRef ref="VTR:Quay:12792"/>
            </PassengerStopAssignment>
            <PassengerStopAssignment order="753300007" id="VTR:PassengerStopAssignment:126421" version="1">
              <ScheduledStopPointRef ref="VTR:ScheduledStopPoint:126421" version="1"/>
              <QuayRef ref="VTR:Quay:12755"/>
            </PassengerStopAssignment>
            <PassengerStopAssignment order="753300008" id="VTR:PassengerStopAssignment:126422" version="1">
              <ScheduledStopPointRef ref="VTR:ScheduledStopPoint:126422" version="1"/>
              <QuayRef ref="VTR:Quay:9743"/>
            </PassengerStopAssignment>
            <PassengerStopAssignment order="753300013" id="VTR:PassengerStopAssignment:126427" version="1">
              <ScheduledStopPointRef ref="VTR:ScheduledStopPoint:126427" version="1"/>
              <QuayRef ref="VTR:Quay:23770"/>
            </PassengerStopAssignment>
            <PassengerStopAssignment order="753300015" id="VTR:PassengerStopAssignment:126429" version="1">
              <ScheduledStopPointRef ref="VTR:ScheduledStopPoint:126429" version="1"/>
              <QuayRef ref="VTR:Quay:13918"/>
            </PassengerStopAssignment>
            <PassengerStopAssignment order="753300016" id="VTR:PassengerStopAssignment:126430" version="1">
              <ScheduledStopPointRef ref="VTR:ScheduledStopPoint:126430" version="1"/>
              <QuayRef ref="VTR:Quay:13911"/>
            </PassengerStopAssignment>
            <PassengerStopAssignment order="753300017" id="VTR:PassengerStopAssignment:126431" version="1">
              <ScheduledStopPointRef ref="VTR:ScheduledStopPoint:126431" version="1"/>
              <QuayRef ref="VTR:Quay:4583"/>
            </PassengerStopAssignment>
            <PassengerStopAssignment order="753300018" id="VTR:PassengerStopAssignment:126432" version="1">
              <ScheduledStopPointRef ref="VTR:ScheduledStopPoint:126432" version="1"/>
              <QuayRef ref="VTR:Quay:16008"/>
            </PassengerStopAssignment>
            <PassengerStopAssignment order="753300019" id="VTR:PassengerStopAssignment:126433" version="1">
              <ScheduledStopPointRef ref="VTR:ScheduledStopPoint:126433" version="1"/>
              <QuayRef ref="VTR:Quay:22397"/>
            </PassengerStopAssignment>
            <PassengerStopAssignment order="753300020" id="VTR:PassengerStopAssignment:126434" version="1">
              <ScheduledStopPointRef ref="VTR:ScheduledStopPoint:126434" version="1"/>
              <QuayRef ref="VTR:Quay:8110"/>
            </PassengerStopAssignment>
            <PassengerStopAssignment order="753300021" id="VTR:PassengerStopAssignment:126435" version="1">
              <ScheduledStopPointRef ref="VTR:ScheduledStopPoint:126435" version="1"/>
              <QuayRef ref="VTR:Quay:14346"/>
            </PassengerStopAssignment>
            <PassengerStopAssignment order="753300022" id="VTR:PassengerStopAssignment:126436" version="1">
              <ScheduledStopPointRef ref="VTR:ScheduledStopPoint:126436" version="1"/>
              <QuayRef ref="VTR:Quay:14359"/>
            </PassengerStopAssignment>
            <PassengerStopAssignment order="753300023" id="VTR:PassengerStopAssignment:126437" version="1">
              <ScheduledStopPointRef ref="VTR:ScheduledStopPoint:126437" version="1"/>
              <QuayRef ref="VTR:Quay:9113"/>
            </PassengerStopAssignment>
            <PassengerStopAssignment order="753300024" id="VTR:PassengerStopAssignment:126438" version="1">
              <ScheduledStopPointRef ref="VTR:ScheduledStopPoint:126438" version="1"/>
              <QuayRef ref="VTR:Quay:8141"/>
            </PassengerStopAssignment>
            <PassengerStopAssignment order="753300025" id="VTR:PassengerStopAssignment:126439" version="1">
              <ScheduledStopPointRef ref="VTR:ScheduledStopPoint:126439" version="1"/>
              <QuayRef ref="VTR:Quay:15464"/>
            </PassengerStopAssignment>
            <PassengerStopAssignment order="753300026" id="VTR:PassengerStopAssignment:126440" version="1">
              <ScheduledStopPointRef ref="VTR:ScheduledStopPoint:126440" version="1"/>
              <QuayRef ref="VTR:Quay:16443"/>
            </PassengerStopAssignment>
            <PassengerStopAssignment order="753300027" id="VTR:PassengerStopAssignment:126441" version="1">
              <ScheduledStopPointRef ref="VTR:ScheduledStopPoint:126441" version="1"/>
              <QuayRef ref="VTR:Quay:10984"/>
            </PassengerStopAssignment>
            <PassengerStopAssignment order="753300028" id="VTR:PassengerStopAssignment:126442" version="1">
              <ScheduledStopPointRef ref="VTR:ScheduledStopPoint:126442" version="1"/>
              <QuayRef ref="VTR:Quay:16014"/>
            </PassengerStopAssignment>
            <PassengerStopAssignment order="753300029" id="VTR:PassengerStopAssignment:126443" version="1">
              <ScheduledStopPointRef ref="VTR:ScheduledStopPoint:126443" version="1"/>
              <QuayRef ref="VTR:Quay:13029"/>
            </PassengerStopAssignment>
            <PassengerStopAssignment order="753300030" id="VTR:PassengerStopAssignment:126444" version="1">
              <ScheduledStopPointRef ref="VTR:ScheduledStopPoint:126444" version="1"/>
              <QuayRef ref="VTR:Quay:24213"/>
            </PassengerStopAssignment>
            <PassengerStopAssignment order="753300031" id="VTR:PassengerStopAssignment:126445" version="1">
              <ScheduledStopPointRef ref="VTR:ScheduledStopPoint:126445" version="1"/>
              <QuayRef ref="VTR:Quay:24214"/>
            </PassengerStopAssignment>
          </stopAssignments>
          <journeyPatterns>
            <JourneyPattern id="VTR:JourneyPattern:58300" version="58362">
              <Name>3</Name>
              <RouteRef ref="VTR:Route:7533" version="1"/>
              <pointsInSequence>
                <StopPointInJourneyPattern id="VTR:StopPointInJourneyPattern:1172785" version="58362" order="1">
                  <ScheduledStopPointRef ref="VTR:ScheduledStopPoint:126414"/>
                  <DestinationDisplayRef ref="VTR:DestinationDisplay:1"/>
                </StopPointInJourneyPattern>
                <StopPointInJourneyPattern id="VTR:StopPointInJourneyPattern:1172786" version="58362" order="2">
                  <ScheduledStopPointRef ref="VTR:ScheduledStopPoint:126415"/>
                  <DestinationDisplayRef ref="VTR:DestinationDisplay:1"/>
                </StopPointInJourneyPattern>
                <StopPointInJourneyPattern id="VTR:StopPointInJourneyPattern:1172787" version="58362" order="3">
                  <ScheduledStopPointRef ref="VTR:ScheduledStopPoint:126416"/>
                  <DestinationDisplayRef ref="VTR:DestinationDisplay:1"/>
                </StopPointInJourneyPattern>
                <StopPointInJourneyPattern id="VTR:StopPointInJourneyPattern:1172788" version="58362" order="4">
                  <ScheduledStopPointRef ref="VTR:ScheduledStopPoint:126417"/>
                  <DestinationDisplayRef ref="VTR:DestinationDisplay:1"/>
                </StopPointInJourneyPattern>
                <StopPointInJourneyPattern id="VTR:StopPointInJourneyPattern:1172789" version="58362" order="5">
                  <ScheduledStopPointRef ref="VTR:ScheduledStopPoint:126418"/>
                  <DestinationDisplayRef ref="VTR:DestinationDisplay:1"/>
                </StopPointInJourneyPattern>
                <StopPointInJourneyPattern id="VTR:StopPointInJourneyPattern:1172790" version="58362" order="6">
                  <ScheduledStopPointRef ref="VTR:ScheduledStopPoint:126419"/>
                  <DestinationDisplayRef ref="VTR:DestinationDisplay:1"/>
                </StopPointInJourneyPattern>
                <StopPointInJourneyPattern id="VTR:StopPointInJourneyPattern:1172791" version="58362" order="7">
                  <ScheduledStopPointRef ref="VTR:ScheduledStopPoint:126420"/>
                  <DestinationDisplayRef ref="VTR:DestinationDisplay:1"/>
                </StopPointInJourneyPattern>
                <StopPointInJourneyPattern id="VTR:StopPointInJourneyPattern:1172792" version="58362" order="8">
                  <ScheduledStopPointRef ref="VTR:ScheduledStopPoint:126421"/>
                  <DestinationDisplayRef ref="VTR:DestinationDisplay:1"/>
                </StopPointInJourneyPattern>
                <StopPointInJourneyPattern id="VTR:StopPointInJourneyPattern:1172793" version="58362" order="9">
                  <ScheduledStopPointRef ref="VTR:ScheduledStopPoint:126422"/>
                  <DestinationDisplayRef ref="VTR:DestinationDisplay:1"/>
                </StopPointInJourneyPattern>
                <StopPointInJourneyPattern id="VTR:StopPointInJourneyPattern:1172794" version="58362" order="10">
                  <ScheduledStopPointRef ref="VTR:ScheduledStopPoint:126427"/>
                  <DestinationDisplayRef ref="VTR:DestinationDisplay:1"/>
                </StopPointInJourneyPattern>
                <StopPointInJourneyPattern id="VTR:StopPointInJourneyPattern:1172795" version="58362" order="11">
                  <ScheduledStopPointRef ref="VTR:ScheduledStopPoint:126429"/>
                  <DestinationDisplayRef ref="VTR:DestinationDisplay:1"/>
                </StopPointInJourneyPattern>
                <StopPointInJourneyPattern id="VTR:StopPointInJourneyPattern:1172796" version="58362" order="12">
                  <ScheduledStopPointRef ref="VTR:ScheduledStopPoint:126430"/>
                  <DestinationDisplayRef ref="VTR:DestinationDisplay:1"/>
                </StopPointInJourneyPattern>
                <StopPointInJourneyPattern id="VTR:StopPointInJourneyPattern:1172797" version="58362" order="13">
                  <ScheduledStopPointRef ref="VTR:ScheduledStopPoint:126431"/>
                  <DestinationDisplayRef ref="VTR:DestinationDisplay:1"/>
                </StopPointInJourneyPattern>
                <StopPointInJourneyPattern id="VTR:StopPointInJourneyPattern:1172798" version="58362" order="14">
                  <ScheduledStopPointRef ref="VTR:ScheduledStopPoint:126432"/>
                  <DestinationDisplayRef ref="VTR:DestinationDisplay:1"/>
                </StopPointInJourneyPattern>
                <StopPointInJourneyPattern id="VTR:StopPointInJourneyPattern:1172799" version="58362" order="15">
                  <ScheduledStopPointRef ref="VTR:ScheduledStopPoint:126433"/>
                  <DestinationDisplayRef ref="VTR:DestinationDisplay:1"/>
                </StopPointInJourneyPattern>
                <StopPointInJourneyPattern id="VTR:StopPointInJourneyPattern:1172800" version="58362" order="16">
                  <ScheduledStopPointRef ref="VTR:ScheduledStopPoint:126434"/>
                  <DestinationDisplayRef ref="VTR:DestinationDisplay:1"/>
                </StopPointInJourneyPattern>
                <StopPointInJourneyPattern id="VTR:StopPointInJourneyPattern:1172801" version="58362" order="17">
                  <ScheduledStopPointRef ref="VTR:ScheduledStopPoint:126435"/>
                  <DestinationDisplayRef ref="VTR:DestinationDisplay:1"/>
                </StopPointInJourneyPattern>
                <StopPointInJourneyPattern id="VTR:StopPointInJourneyPattern:1172802" version="58362" order="18">
                  <ScheduledStopPointRef ref="VTR:ScheduledStopPoint:126436"/>
                  <DestinationDisplayRef ref="VTR:DestinationDisplay:1"/>
                </StopPointInJourneyPattern>
                <StopPointInJourneyPattern id="VTR:StopPointInJourneyPattern:1172803" version="58362" order="19">
                  <ScheduledStopPointRef ref="VTR:ScheduledStopPoint:126437"/>
                  <DestinationDisplayRef ref="VTR:DestinationDisplay:1"/>
                </StopPointInJourneyPattern>
                <StopPointInJourneyPattern id="VTR:StopPointInJourneyPattern:1172804" version="58362" order="20">
                  <ScheduledStopPointRef ref="VTR:ScheduledStopPoint:126438"/>
                  <DestinationDisplayRef ref="VTR:DestinationDisplay:1"/>
                </StopPointInJourneyPattern>
                <StopPointInJourneyPattern id="VTR:StopPointInJourneyPattern:1172805" version="58362" order="21">
                  <ScheduledStopPointRef ref="VTR:ScheduledStopPoint:126439"/>
                  <DestinationDisplayRef ref="VTR:DestinationDisplay:1"/>
                </StopPointInJourneyPattern>
                <StopPointInJourneyPattern id="VTR:StopPointInJourneyPattern:1172806" version="58362" order="22">
                  <ScheduledStopPointRef ref="VTR:ScheduledStopPoint:126440"/>
                  <DestinationDisplayRef ref="VTR:DestinationDisplay:1"/>
                </StopPointInJourneyPattern>
                <StopPointInJourneyPattern id="VTR:StopPointInJourneyPattern:1172807" version="58362" order="23">
                  <ScheduledStopPointRef ref="VTR:ScheduledStopPoint:126441"/>
                  <DestinationDisplayRef ref="VTR:DestinationDisplay:1"/>
                </StopPointInJourneyPattern>
                <StopPointInJourneyPattern id="VTR:StopPointInJourneyPattern:1172808" version="58362" order="24">
                  <ScheduledStopPointRef ref="VTR:ScheduledStopPoint:126442"/>
                  <DestinationDisplayRef ref="VTR:DestinationDisplay:1"/>
                </StopPointInJourneyPattern>
                <StopPointInJourneyPattern id="VTR:StopPointInJourneyPattern:1172809" version="58362" order="25">
                  <ScheduledStopPointRef ref="VTR:ScheduledStopPoint:126443"/>
                  <DestinationDisplayRef ref="VTR:DestinationDisplay:1"/>
                </StopPointInJourneyPattern>
                <StopPointInJourneyPattern id="VTR:StopPointInJourneyPattern:1172810" version="58362" order="26">
                  <ScheduledStopPointRef ref="VTR:ScheduledStopPoint:126444"/>
                  <DestinationDisplayRef ref="VTR:DestinationDisplay:1"/>
                </StopPointInJourneyPattern>
                <StopPointInJourneyPattern id="VTR:StopPointInJourneyPattern:1172811" version="58362" order="27">
                  <ScheduledStopPointRef ref="VTR:ScheduledStopPoint:126445"/>
                  <DestinationDisplayRef ref="VTR:DestinationDisplay:1"/>
                </StopPointInJourneyPattern>
              </pointsInSequence>
            </JourneyPattern>
          </journeyPatterns>
        </ServiceFrame>
        <TimetableFrame version="1" id="VTR:TimetableFrame:1381">
          <vehicleJourneys>
            <ServiceJourney version="58362" id="VTR:ServiceJourney:58300">
              <Name>Kaišiadorys-Rokiškės per Mičiūnus</Name>
              <PrivateCode>3</PrivateCode>
              <dayTypes>
                <DayTypeRef ref="VTR:DayType:6678"/>
              </dayTypes>
              <JourneyPatternRef version="58362" ref="VTR:JourneyPattern:58300"/>
              <OperatorRef ref="VTR:Operator:"/>
              <LineRef ref="VTR:Line:2892" version="2962"/>
              <passingTimes>
                <TimetabledPassingTime version="58362" id="VTR:TimetabledPassingTime:58300_1172785_1">
                  <StopPointInJourneyPatternRef ref="VTR:StopPointInJourneyPattern:1172785" version="58362"/>
                  <DepartureTime>13:20:00</DepartureTime>
                  <DepartureDayOffset>0</DepartureDayOffset>
                </TimetabledPassingTime>
                <TimetabledPassingTime version="58362" id="VTR:TimetabledPassingTime:58300_1172786_2">
                  <StopPointInJourneyPatternRef ref="VTR:StopPointInJourneyPattern:1172786" version="58362"/>
                  <DepartureTime>13:25:00</DepartureTime>
                  <DepartureDayOffset>0</DepartureDayOffset>
                </TimetabledPassingTime>
                <TimetabledPassingTime version="58362" id="VTR:TimetabledPassingTime:58300_1172787_3">
                  <StopPointInJourneyPatternRef ref="VTR:StopPointInJourneyPattern:1172787" version="58362"/>
                  <DepartureTime>13:26:00</DepartureTime>
                  <DepartureDayOffset>0</DepartureDayOffset>
                </TimetabledPassingTime>
                <TimetabledPassingTime version="58362" id="VTR:TimetabledPassingTime:58300_1172788_4">
                  <StopPointInJourneyPatternRef ref="VTR:StopPointInJourneyPattern:1172788" version="58362"/>
                  <DepartureTime>13:27:00</DepartureTime>
                  <DepartureDayOffset>0</DepartureDayOffset>
                </TimetabledPassingTime>
                <TimetabledPassingTime version="58362" id="VTR:TimetabledPassingTime:58300_1172789_5">
                  <StopPointInJourneyPatternRef ref="VTR:StopPointInJourneyPattern:1172789" version="58362"/>
                  <DepartureTime>13:29:00</DepartureTime>
                  <DepartureDayOffset>0</DepartureDayOffset>
                </TimetabledPassingTime>
                <TimetabledPassingTime version="58362" id="VTR:TimetabledPassingTime:58300_1172790_6">
                  <StopPointInJourneyPatternRef ref="VTR:StopPointInJourneyPattern:1172790" version="58362"/>
                  <DepartureTime>13:31:00</DepartureTime>
                  <DepartureDayOffset>0</DepartureDayOffset>
                </TimetabledPassingTime>
                <TimetabledPassingTime version="58362" id="VTR:TimetabledPassingTime:58300_1172791_7">
                  <StopPointInJourneyPatternRef ref="VTR:StopPointInJourneyPattern:1172791" version="58362"/>
                  <DepartureTime>13:33:00</DepartureTime>
                  <DepartureDayOffset>0</DepartureDayOffset>
                </TimetabledPassingTime>
                <TimetabledPassingTime version="58362" id="VTR:TimetabledPassingTime:58300_1172792_8">
                  <StopPointInJourneyPatternRef ref="VTR:StopPointInJourneyPattern:1172792" version="58362"/>
                  <DepartureTime>13:35:00</DepartureTime>
                  <DepartureDayOffset>0</DepartureDayOffset>
                </TimetabledPassingTime>
                <TimetabledPassingTime version="58362" id="VTR:TimetabledPassingTime:58300_1172793_9">
                  <StopPointInJourneyPatternRef ref="VTR:StopPointInJourneyPattern:1172793" version="58362"/>
                  <DepartureTime>13:38:00</DepartureTime>
                  <DepartureDayOffset>0</DepartureDayOffset>
                </TimetabledPassingTime>
                <TimetabledPassingTime version="58362" id="VTR:TimetabledPassingTime:58300_1172794_10">
                  <StopPointInJourneyPatternRef ref="VTR:StopPointInJourneyPattern:1172794" version="58362"/>
                  <DepartureTime>13:45:00</DepartureTime>
                  <DepartureDayOffset>0</DepartureDayOffset>
                </TimetabledPassingTime>
                <TimetabledPassingTime version="58362" id="VTR:TimetabledPassingTime:58300_1172795_11">
                  <StopPointInJourneyPatternRef ref="VTR:StopPointInJourneyPattern:1172795" version="58362"/>
                  <DepartureTime>13:48:00</DepartureTime>
                  <DepartureDayOffset>0</DepartureDayOffset>
                </TimetabledPassingTime>
                <TimetabledPassingTime version="58362" id="VTR:TimetabledPassingTime:58300_1172796_12">
                  <StopPointInJourneyPatternRef ref="VTR:StopPointInJourneyPattern:1172796" version="58362"/>
                  <DepartureTime>13:50:00</DepartureTime>
                  <DepartureDayOffset>0</DepartureDayOffset>
                </TimetabledPassingTime>
                <TimetabledPassingTime version="58362" id="VTR:TimetabledPassingTime:58300_1172797_13">
                  <StopPointInJourneyPatternRef ref="VTR:StopPointInJourneyPattern:1172797" version="58362"/>
                  <DepartureTime>13:54:00</DepartureTime>
                  <DepartureDayOffset>0</DepartureDayOffset>
                </TimetabledPassingTime>
                <TimetabledPassingTime version="58362" id="VTR:TimetabledPassingTime:58300_1172798_14">
                  <StopPointInJourneyPatternRef ref="VTR:StopPointInJourneyPattern:1172798" version="58362"/>
                  <DepartureTime>13:57:00</DepartureTime>
                  <DepartureDayOffset>0</DepartureDayOffset>
                </TimetabledPassingTime>
                <TimetabledPassingTime version="58362" id="VTR:TimetabledPassingTime:58300_1172799_15">
                  <StopPointInJourneyPatternRef ref="VTR:StopPointInJourneyPattern:1172799" version="58362"/>
                  <DepartureTime>13:59:00</DepartureTime>
                  <DepartureDayOffset>0</DepartureDayOffset>
                </TimetabledPassingTime>
                <TimetabledPassingTime version="58362" id="VTR:TimetabledPassingTime:58300_1172800_16">
                  <StopPointInJourneyPatternRef ref="VTR:StopPointInJourneyPattern:1172800" version="58362"/>
                  <DepartureTime>14:03:00</DepartureTime>
                  <DepartureDayOffset>0</DepartureDayOffset>
                </TimetabledPassingTime>
                <TimetabledPassingTime version="58362" id="VTR:TimetabledPassingTime:58300_1172801_17">
                  <StopPointInJourneyPatternRef ref="VTR:StopPointInJourneyPattern:1172801" version="58362"/>
                  <DepartureTime>14:07:00</DepartureTime>
                  <DepartureDayOffset>0</DepartureDayOffset>
                </TimetabledPassingTime>
                <TimetabledPassingTime version="58362" id="VTR:TimetabledPassingTime:58300_1172802_18">
                  <StopPointInJourneyPatternRef ref="VTR:StopPointInJourneyPattern:1172802" version="58362"/>
                  <DepartureTime>14:09:00</DepartureTime>
                  <DepartureDayOffset>0</DepartureDayOffset>
                </TimetabledPassingTime>
                <TimetabledPassingTime version="58362" id="VTR:TimetabledPassingTime:58300_1172803_19">
                  <StopPointInJourneyPatternRef ref="VTR:StopPointInJourneyPattern:1172803" version="58362"/>
                  <DepartureTime>14:11:00</DepartureTime>
                  <DepartureDayOffset>0</DepartureDayOffset>
                </TimetabledPassingTime>
                <TimetabledPassingTime version="58362" id="VTR:TimetabledPassingTime:58300_1172804_20">
                  <StopPointInJourneyPatternRef ref="VTR:StopPointInJourneyPattern:1172804" version="58362"/>
                  <DepartureTime>14:14:00</DepartureTime>
                  <DepartureDayOffset>0</DepartureDayOffset>
                </TimetabledPassingTime>
                <TimetabledPassingTime version="58362" id="VTR:TimetabledPassingTime:58300_1172805_21">
                  <StopPointInJourneyPatternRef ref="VTR:StopPointInJourneyPattern:1172805" version="58362"/>
                  <DepartureTime>14:20:00</DepartureTime>
                  <DepartureDayOffset>0</DepartureDayOffset>
                </TimetabledPassingTime>
                <TimetabledPassingTime version="58362" id="VTR:TimetabledPassingTime:58300_1172806_22">
                  <StopPointInJourneyPatternRef ref="VTR:StopPointInJourneyPattern:1172806" version="58362"/>
                  <DepartureTime>14:22:00</DepartureTime>
                  <DepartureDayOffset>0</DepartureDayOffset>
                </TimetabledPassingTime>
                <TimetabledPassingTime version="58362" id="VTR:TimetabledPassingTime:58300_1172807_23">
                  <StopPointInJourneyPatternRef ref="VTR:StopPointInJourneyPattern:1172807" version="58362"/>
                  <DepartureTime>14:28:00</DepartureTime>
                  <DepartureDayOffset>0</DepartureDayOffset>
                </TimetabledPassingTime>
                <TimetabledPassingTime version="58362" id="VTR:TimetabledPassingTime:58300_1172808_24">
                  <StopPointInJourneyPatternRef ref="VTR:StopPointInJourneyPattern:1172808" version="58362"/>
                  <DepartureTime>14:31:00</DepartureTime>
                  <DepartureDayOffset>0</DepartureDayOffset>
                </TimetabledPassingTime>
                <TimetabledPassingTime version="58362" id="VTR:TimetabledPassingTime:58300_1172809_25">
                  <StopPointInJourneyPatternRef ref="VTR:StopPointInJourneyPattern:1172809" version="58362"/>
                  <DepartureTime>14:37:00</DepartureTime>
                  <DepartureDayOffset>0</DepartureDayOffset>
                </TimetabledPassingTime>
                <TimetabledPassingTime version="58362" id="VTR:TimetabledPassingTime:58300_1172810_26">
                  <StopPointInJourneyPatternRef ref="VTR:StopPointInJourneyPattern:1172810" version="58362"/>
                  <DepartureTime>14:38:00</DepartureTime>
                  <DepartureDayOffset>0</DepartureDayOffset>
                </TimetabledPassingTime>
                <TimetabledPassingTime version="58362" id="VTR:TimetabledPassingTime:58300_1172811_27">
                  <StopPointInJourneyPatternRef ref="VTR:StopPointInJourneyPattern:1172811" version="58362"/>
                  <DepartureTime>14:41:00</DepartureTime>
                  <DepartureDayOffset>0</DepartureDayOffset>
                </TimetabledPassingTime>
              </passingTimes>
            </ServiceJourney>
          </vehicleJourneys>
        </TimetableFrame>
        <ResourceFrame version="1" id="VTR:ResourceFrame:1381">
          <organisations>
            <Authority version="1" id="VTR:Authority:13">
              <CompanyNumber>49</CompanyNumber>
              <Name>Kaišiadorių r. sav.</Name>
              <LegalName>Kaišiadorių r. sav.</LegalName>
              <ContactDetails>
                <Email>meras@kaisiadorys.lt</Email>
                <Phone>834620480</Phone>
                <Url>www.kaisiadorys.lt</Url>
              </ContactDetails>
              <OrganisationType>authority</OrganisationType>
            </Authority>
          </organisations>
        </ResourceFrame>
        <FareFrame id="VTR:FareFrame:2892" version="1">
          <FrameDefaults>
            <DefaultCurrency>EUR</DefaultCurrency>
          </FrameDefaults>
          <fareStructureElements>
            <FareStructureElement id="VTR:FareStructureElement:pricematrix" version="1">
              <distanceMatrixElements>
                <DistanceMatrixElementRef ref="VTR:DistanceMatrixElement:1172785to1172790" version="1"/>
                <DistanceMatrixElementRef ref="VTR:DistanceMatrixElement:1172785to1172787" version="1"/>
                <DistanceMatrixElementRef ref="VTR:DistanceMatrixElement:1172785to1172801" version="1"/>
                <DistanceMatrixElementRef ref="VTR:DistanceMatrixElement:1172785to1172788" version="1"/>
                <DistanceMatrixElementRef ref="VTR:DistanceMatrixElement:1172785to1172807" version="1"/>
              </distanceMatrixElements>
            </FareStructureElement>
          </fareStructureElements>
          <tariffs>
            <Tariff id="VTR:Tariff:pointToPointInSeparateJourney_2892" version="1">
              <Name>Point to point tariff</Name>
              <distanceMatrixElements>
                <DistanceMatrixElement id="VTR:DistanceMatrixElement:1172785to1172790" version="1">
                  <Name>Kaišiadorių Autobusų stotis to Prekybos centras</Name>
                  <StartStopPointRef ref="VTR:ScheduledStopPoint:126414" version="1"/>
                  <EndStopPointRef ref="VTR:ScheduledStopPoint:126419" version="1"/>
                  <prices>
                    <DistanceMatrixElementPrice id="VTR:DistanceMatrixElementPrice:1172785to1172790" version="1">
                      <Amount>0.41</Amount>
                      <DistanceMatrixElementRef ref="VTR:DistanceMatrixElement:1172785to1172790" version="1"/>
                    </DistanceMatrixElementPrice>
                  </prices>
                </DistanceMatrixElement>
                <DistanceMatrixElement id="VTR:DistanceMatrixElement:1172785to1172787" version="1">
                  <Name>Kaišiadorių Autobusų stotis to Pėsčiųjų tiltas</Name>
                  <StartStopPointRef ref="VTR:ScheduledStopPoint:126414" version="1"/>
                  <EndStopPointRef ref="VTR:ScheduledStopPoint:126416" version="1"/>
                  <prices>
                    <DistanceMatrixElementPrice id="VTR:DistanceMatrixElementPrice:1172785to1172787" version="1">
                      <Amount>0.41</Amount>
                      <DistanceMatrixElementRef ref="VTR:DistanceMatrixElement:1172785to1172787" version="1"/>
                    </DistanceMatrixElementPrice>
                  </prices>
                </DistanceMatrixElement>
                <DistanceMatrixElement id="VTR:DistanceMatrixElement:1172785to1172801" version="1">
                  <Name>Kaišiadorių Autobusų stotis to Eiginiškės</Name>
                  <StartStopPointRef ref="VTR:ScheduledStopPoint:126414" version="1"/>
                  <EndStopPointRef ref="VTR:ScheduledStopPoint:126435" version="1"/>
                  <prices>
                    <DistanceMatrixElementPrice id="VTR:DistanceMatrixElementPrice:1172785to1172801" version="1">
                      <Amount>1.92</Amount>
                      <DistanceMatrixElementRef ref="VTR:DistanceMatrixElement:1172785to1172801" version="1"/>
                    </DistanceMatrixElementPrice>
                  </prices>
                </DistanceMatrixElement>
                <DistanceMatrixElement id="VTR:DistanceMatrixElement:1172785to1172788" version="1">
                  <Name>Kaišiadorių Autobusų stotis to Centras</Name>
                  <StartStopPointRef ref="VTR:ScheduledStopPoint:126414" version="1"/>
                  <EndStopPointRef ref="VTR:ScheduledStopPoint:126417" version="1"/>
                  <prices>
                    <DistanceMatrixElementPrice id="VTR:DistanceMatrixElementPrice:1172785to1172788" version="1">
                      <Amount>0.41</Amount>
                      <DistanceMatrixElementRef ref="VTR:DistanceMatrixElement:1172785to1172788" version="1"/>
                    </DistanceMatrixElementPrice>
                  </prices>
                </DistanceMatrixElement>
                <DistanceMatrixElement id="VTR:DistanceMatrixElement:1172785to1172807" version="1">
                  <Name>Kaišiadorių Autobusų stotis to Basonys</Name>
                  <StartStopPointRef ref="VTR:ScheduledStopPoint:126414" version="1"/>
                  <EndStopPointRef ref="VTR:ScheduledStopPoint:126441" version="1"/>
                  <prices>
                    <DistanceMatrixElementPrice id="VTR:DistanceMatrixElementPrice:1172785to1172807" version="1">
                      <Amount>3.23</Amount>
                      <DistanceMatrixElementRef ref="VTR:DistanceMatrixElement:1172785to1172807" version="1"/>
                    </DistanceMatrixElementPrice>
                  </prices>
                </DistanceMatrixElement>
              </distanceMatrixElements>
            </Tariff>
          </tariffs>
          <usageParameters>
            <FrequencyOfUse id="VTR:FrequencyOfUse:oneTrip" version="1">
              <FrequencyOfUseType>unlimited</FrequencyOfUseType>
              <MaximalFrequency>1</MaximalFrequency>
            </FrequencyOfUse>
          </usageParameters>
        </FareFrame>
      </frames>
    </CompositeFrame>
  </dataObjects>
</PublicationDelivery>
