<?xml version="1.0" encoding="UTF-8"?><PublicationDelivery xmlns="http://www.netex.org.uk/netex" xmlns:gis="http://www.opengis.net/gml/3.2" xmlns:ns2="http://www.opengis.net/gml/3.2" xmlns:ns3="http://www.siri.org.uk/siri" xmlns:xsi="http://www.w3.org/2001/XMLSchema-instance" version="1" xsi:schemaLocation="">
  <PublicationTimestamp>2022-05-07T03:25:00.575</PublicationTimestamp>
  <ParticipantRef>VTR</ParticipantRef>
  <Description>1</Description>
  <dataObjects>
    <CompositeFrame created="2022-05-07T03:25:00.575" version="1" id="VTR:CompositeFrame:1381">
      <validityConditions>
        <AvailabilityCondition version="1" id="VTR:AvailabilityCondition:1381">
          <FromDate>2015-11-17T12:26:35</FromDate>
          <ToDate>2027-12-30T00:00:00</ToDate>
        </AvailabilityCondition>
      </validityConditions>
      <codespaces>
        <Codespace id="vtr">
          <Xmlns>VTR</Xmlns>
          <XmlnsUrl>http://www.visimarsrutai.lt/</XmlnsUrl>
        </Codespace>
      </codespaces>
      <FrameDefaults>
        <DefaultLocale>
          <TimeZone>Europe/Vilnius</TimeZone>
        </DefaultLocale>
        <DefaultLocationSystem>WGS84</DefaultLocationSystem>
      </FrameDefaults>
      <frames>
        <ServiceCalendarFrame version="1" id="VTR:ServiceCalendarFrame:1381">
          <dayTypes>
            <DayType id="VTR:DayType:2977" version="1">
              <properties>
                <PropertyOfDay>
                  <DaysOfWeek>Sunday</DaysOfWeek>
                </PropertyOfDay>
              </properties>
            </DayType>
          </dayTypes>
          <operatingPeriods>
            <OperatingPeriod version="1" id="VTR:OperatingPeriod:2977">
              <FromDate>2015-09-01T00:00:00</FromDate>
              <ToDate>2016-06-03T00:00:00</ToDate>
            </OperatingPeriod>
          </operatingPeriods>
          <dayTypeAssignments>
            <DayTypeAssignment id="VTR:DayTypeAssignment:2977_0" version="1" order="2328">
              <OperatingPeriodRef ref="VTR:OperatingPeriod:2977" version="1"/>
              <DayTypeRef ref="VTR:DayType:2977" version="1"/>
            </DayTypeAssignment>
          </dayTypeAssignments>
        </ServiceCalendarFrame>
        <ServiceFrame id="VTR:ServiceFrame:1381" version="1">
          <Network version="0" id="VTR:Network:13"/>
          <routePoints>
            <RoutePoint version="1" id="VTR:RoutePoint:123767">
              <projections>
                <PointProjection version="1" id="VTR:PointProjection:36257">
                  <ProjectedPointRef ref="VTR:ScheduledStopPoint:123767" version="1"/>
                </PointProjection>
              </projections>
            </RoutePoint>
            <RoutePoint version="1" id="VTR:RoutePoint:123768">
              <projections>
                <PointProjection version="1" id="VTR:PointProjection:36258">
                  <ProjectedPointRef ref="VTR:ScheduledStopPoint:123768" version="1"/>
                </PointProjection>
              </projections>
            </RoutePoint>
            <RoutePoint version="1" id="VTR:RoutePoint:123769">
              <projections>
                <PointProjection version="1" id="VTR:PointProjection:36259">
                  <ProjectedPointRef ref="VTR:ScheduledStopPoint:123769" version="1"/>
                </PointProjection>
              </projections>
            </RoutePoint>
            <RoutePoint version="1" id="VTR:RoutePoint:123770">
              <projections>
                <PointProjection version="1" id="VTR:PointProjection:36260">
                  <ProjectedPointRef ref="VTR:ScheduledStopPoint:123770" version="1"/>
                </PointProjection>
              </projections>
            </RoutePoint>
            <RoutePoint version="1" id="VTR:RoutePoint:123771">
              <projections>
                <PointProjection version="1" id="VTR:PointProjection:36320">
                  <ProjectedPointRef ref="VTR:ScheduledStopPoint:123771" version="1"/>
                </PointProjection>
              </projections>
            </RoutePoint>
            <RoutePoint version="1" id="VTR:RoutePoint:123772">
              <projections>
                <PointProjection version="1" id="VTR:PointProjection:36321">
                  <ProjectedPointRef ref="VTR:ScheduledStopPoint:123772" version="1"/>
                </PointProjection>
              </projections>
            </RoutePoint>
            <RoutePoint version="1" id="VTR:RoutePoint:123773">
              <projections>
                <PointProjection version="1" id="VTR:PointProjection:36322">
                  <ProjectedPointRef ref="VTR:ScheduledStopPoint:123773" version="1"/>
                </PointProjection>
              </projections>
            </RoutePoint>
            <RoutePoint version="1" id="VTR:RoutePoint:123774">
              <projections>
                <PointProjection version="1" id="VTR:PointProjection:36323">
                  <ProjectedPointRef ref="VTR:ScheduledStopPoint:123774" version="1"/>
                </PointProjection>
              </projections>
            </RoutePoint>
            <RoutePoint version="1" id="VTR:RoutePoint:123775">
              <projections>
                <PointProjection version="1" id="VTR:PointProjection:36324">
                  <ProjectedPointRef ref="VTR:ScheduledStopPoint:123775" version="1"/>
                </PointProjection>
              </projections>
            </RoutePoint>
            <RoutePoint version="1" id="VTR:RoutePoint:123776">
              <projections>
                <PointProjection version="1" id="VTR:PointProjection:36325">
                  <ProjectedPointRef ref="VTR:ScheduledStopPoint:123776" version="1"/>
                </PointProjection>
              </projections>
            </RoutePoint>
            <RoutePoint version="1" id="VTR:RoutePoint:123784">
              <projections>
                <PointProjection version="1" id="VTR:PointProjection:36326">
                  <ProjectedPointRef ref="VTR:ScheduledStopPoint:123784" version="1"/>
                </PointProjection>
              </projections>
            </RoutePoint>
            <RoutePoint version="1" id="VTR:RoutePoint:123788">
              <projections>
                <PointProjection version="1" id="VTR:PointProjection:36327">
                  <ProjectedPointRef ref="VTR:ScheduledStopPoint:123788" version="1"/>
                </PointProjection>
              </projections>
            </RoutePoint>
            <RoutePoint version="1" id="VTR:RoutePoint:123789">
              <projections>
                <PointProjection version="1" id="VTR:PointProjection:36328">
                  <ProjectedPointRef ref="VTR:ScheduledStopPoint:123789" version="1"/>
                </PointProjection>
              </projections>
            </RoutePoint>
            <RoutePoint version="1" id="VTR:RoutePoint:123790">
              <projections>
                <PointProjection version="1" id="VTR:PointProjection:36329">
                  <ProjectedPointRef ref="VTR:ScheduledStopPoint:123790" version="1"/>
                </PointProjection>
              </projections>
            </RoutePoint>
            <RoutePoint version="1" id="VTR:RoutePoint:123791">
              <projections>
                <PointProjection version="1" id="VTR:PointProjection:36330">
                  <ProjectedPointRef ref="VTR:ScheduledStopPoint:123791" version="1"/>
                </PointProjection>
              </projections>
            </RoutePoint>
            <RoutePoint version="1" id="VTR:RoutePoint:123792">
              <projections>
                <PointProjection version="1" id="VTR:PointProjection:36331">
                  <ProjectedPointRef ref="VTR:ScheduledStopPoint:123792" version="1"/>
                </PointProjection>
              </projections>
            </RoutePoint>
            <RoutePoint version="1" id="VTR:RoutePoint:123793">
              <projections>
                <PointProjection version="1" id="VTR:PointProjection:36332">
                  <ProjectedPointRef ref="VTR:ScheduledStopPoint:123793" version="1"/>
                </PointProjection>
              </projections>
            </RoutePoint>
            <RoutePoint version="1" id="VTR:RoutePoint:123794">
              <projections>
                <PointProjection version="1" id="VTR:PointProjection:36333">
                  <ProjectedPointRef ref="VTR:ScheduledStopPoint:123794" version="1"/>
                </PointProjection>
              </projections>
            </RoutePoint>
            <RoutePoint version="1" id="VTR:RoutePoint:123795">
              <projections>
                <PointProjection version="1" id="VTR:PointProjection:36334">
                  <ProjectedPointRef ref="VTR:ScheduledStopPoint:123795" version="1"/>
                </PointProjection>
              </projections>
            </RoutePoint>
            <RoutePoint version="1" id="VTR:RoutePoint:123796">
              <projections>
                <PointProjection version="1" id="VTR:PointProjection:36335">
                  <ProjectedPointRef ref="VTR:ScheduledStopPoint:123796" version="1"/>
                </PointProjection>
              </projections>
            </RoutePoint>
            <RoutePoint version="1" id="VTR:RoutePoint:123797">
              <projections>
                <PointProjection version="1" id="VTR:PointProjection:36336">
                  <ProjectedPointRef ref="VTR:ScheduledStopPoint:123797" version="1"/>
                </PointProjection>
              </projections>
            </RoutePoint>
            <RoutePoint version="1" id="VTR:RoutePoint:123798">
              <projections>
                <PointProjection version="1" id="VTR:PointProjection:36337">
                  <ProjectedPointRef ref="VTR:ScheduledStopPoint:123798" version="1"/>
                </PointProjection>
              </projections>
            </RoutePoint>
            <RoutePoint version="1" id="VTR:RoutePoint:123799">
              <projections>
                <PointProjection version="1" id="VTR:PointProjection:36338">
                  <ProjectedPointRef ref="VTR:ScheduledStopPoint:123799" version="1"/>
                </PointProjection>
              </projections>
            </RoutePoint>
            <RoutePoint version="1" id="VTR:RoutePoint:123800">
              <projections>
                <PointProjection version="1" id="VTR:PointProjection:36339">
                  <ProjectedPointRef ref="VTR:ScheduledStopPoint:123800" version="1"/>
                </PointProjection>
              </projections>
            </RoutePoint>
            <RoutePoint version="1" id="VTR:RoutePoint:123801">
              <projections>
                <PointProjection version="1" id="VTR:PointProjection:36340">
                  <ProjectedPointRef ref="VTR:ScheduledStopPoint:123801" version="1"/>
                </PointProjection>
              </projections>
            </RoutePoint>
            <RoutePoint version="1" id="VTR:RoutePoint:123802">
              <projections>
                <PointProjection version="1" id="VTR:PointProjection:36341">
                  <ProjectedPointRef ref="VTR:ScheduledStopPoint:123802" version="1"/>
                </PointProjection>
              </projections>
            </RoutePoint>
            <RoutePoint version="1" id="VTR:RoutePoint:123803">
              <projections>
                <PointProjection version="1" id="VTR:PointProjection:36342">
                  <ProjectedPointRef ref="VTR:ScheduledStopPoint:123803" version="1"/>
                </PointProjection>
              </projections>
            </RoutePoint>
          </routePoints>
          <routes>
            <Route version="1" id="VTR:Route:7365">
              <Name>Kaišiadorys-Užgirėlis</Name>
              <ShortName>Kaišiadorys-Užgirėlis</ShortName>
              <LineRef ref="VTR:Line:2846" version="2907"/>
              <DirectionType>outbound</DirectionType>
              <pointsInSequence>
                <PointOnRoute version="1" id="VTR:PointOnRoute:123767" order="1">
                  <RoutePointRef ref="VTR:RoutePoint:123767"/>
                </PointOnRoute>
                <PointOnRoute version="1" id="VTR:PointOnRoute:123768" order="2">
                  <RoutePointRef ref="VTR:RoutePoint:123768"/>
                </PointOnRoute>
                <PointOnRoute version="1" id="VTR:PointOnRoute:123769" order="3">
                  <RoutePointRef ref="VTR:RoutePoint:123769"/>
                </PointOnRoute>
                <PointOnRoute version="1" id="VTR:PointOnRoute:123770" order="4">
                  <RoutePointRef ref="VTR:RoutePoint:123770"/>
                </PointOnRoute>
                <PointOnRoute version="1" id="VTR:PointOnRoute:123771" order="5">
                  <RoutePointRef ref="VTR:RoutePoint:123771"/>
                </PointOnRoute>
                <PointOnRoute version="1" id="VTR:PointOnRoute:123772" order="6">
                  <RoutePointRef ref="VTR:RoutePoint:123772"/>
                </PointOnRoute>
                <PointOnRoute version="1" id="VTR:PointOnRoute:123773" order="7">
                  <RoutePointRef ref="VTR:RoutePoint:123773"/>
                </PointOnRoute>
                <PointOnRoute version="1" id="VTR:PointOnRoute:123774" order="8">
                  <RoutePointRef ref="VTR:RoutePoint:123774"/>
                </PointOnRoute>
                <PointOnRoute version="1" id="VTR:PointOnRoute:123775" order="9">
                  <RoutePointRef ref="VTR:RoutePoint:123775"/>
                </PointOnRoute>
                <PointOnRoute version="1" id="VTR:PointOnRoute:123776" order="10">
                  <RoutePointRef ref="VTR:RoutePoint:123776"/>
                </PointOnRoute>
                <PointOnRoute version="1" id="VTR:PointOnRoute:123784" order="11">
                  <RoutePointRef ref="VTR:RoutePoint:123784"/>
                </PointOnRoute>
                <PointOnRoute version="1" id="VTR:PointOnRoute:123788" order="12">
                  <RoutePointRef ref="VTR:RoutePoint:123788"/>
                </PointOnRoute>
                <PointOnRoute version="1" id="VTR:PointOnRoute:123789" order="13">
                  <RoutePointRef ref="VTR:RoutePoint:123789"/>
                </PointOnRoute>
                <PointOnRoute version="1" id="VTR:PointOnRoute:123790" order="14">
                  <RoutePointRef ref="VTR:RoutePoint:123790"/>
                </PointOnRoute>
                <PointOnRoute version="1" id="VTR:PointOnRoute:123791" order="15">
                  <RoutePointRef ref="VTR:RoutePoint:123791"/>
                </PointOnRoute>
                <PointOnRoute version="1" id="VTR:PointOnRoute:123792" order="16">
                  <RoutePointRef ref="VTR:RoutePoint:123792"/>
                </PointOnRoute>
                <PointOnRoute version="1" id="VTR:PointOnRoute:123793" order="17">
                  <RoutePointRef ref="VTR:RoutePoint:123793"/>
                </PointOnRoute>
                <PointOnRoute version="1" id="VTR:PointOnRoute:123794" order="18">
                  <RoutePointRef ref="VTR:RoutePoint:123794"/>
                </PointOnRoute>
                <PointOnRoute version="1" id="VTR:PointOnRoute:123795" order="19">
                  <RoutePointRef ref="VTR:RoutePoint:123795"/>
                </PointOnRoute>
                <PointOnRoute version="1" id="VTR:PointOnRoute:123796" order="20">
                  <RoutePointRef ref="VTR:RoutePoint:123796"/>
                </PointOnRoute>
                <PointOnRoute version="1" id="VTR:PointOnRoute:123797" order="21">
                  <RoutePointRef ref="VTR:RoutePoint:123797"/>
                </PointOnRoute>
                <PointOnRoute version="1" id="VTR:PointOnRoute:123798" order="22">
                  <RoutePointRef ref="VTR:RoutePoint:123798"/>
                </PointOnRoute>
                <PointOnRoute version="1" id="VTR:PointOnRoute:123799" order="23">
                  <RoutePointRef ref="VTR:RoutePoint:123799"/>
                </PointOnRoute>
                <PointOnRoute version="1" id="VTR:PointOnRoute:123800" order="24">
                  <RoutePointRef ref="VTR:RoutePoint:123800"/>
                </PointOnRoute>
                <PointOnRoute version="1" id="VTR:PointOnRoute:123801" order="25">
                  <RoutePointRef ref="VTR:RoutePoint:123801"/>
                </PointOnRoute>
                <PointOnRoute version="1" id="VTR:PointOnRoute:123802" order="26">
                  <RoutePointRef ref="VTR:RoutePoint:123802"/>
                </PointOnRoute>
                <PointOnRoute version="1" id="VTR:PointOnRoute:123803" order="27">
                  <RoutePointRef ref="VTR:RoutePoint:123803"/>
                </PointOnRoute>
              </pointsInSequence>
            </Route>
          </routes>
          <lines>
            <Line version="2907" id="VTR:Line:2846">
              <Name>Kaišiadorys-Užgirėlis</Name>
              <TransportMode>bus</TransportMode>
              <TransportSubmode>
                <BusSubmode>regionalBus</BusSubmode>
              </TransportSubmode>
              <PublicCode>65-2</PublicCode>
              <OperatorRef ref="VTR:Operator:13"/>
            </Line>
          </lines>
          <scheduledStopPoints>
            <ScheduledStopPoint version="1" id="VTR:ScheduledStopPoint:123767">
              <Name>Kaišiadorių Autobusų stotis</Name>
            </ScheduledStopPoint>
            <ScheduledStopPoint version="1" id="VTR:ScheduledStopPoint:123768">
              <Name>Kęstučio g.</Name>
            </ScheduledStopPoint>
            <ScheduledStopPoint version="1" id="VTR:ScheduledStopPoint:123769">
              <Name>Pėsčiųjų tiltas</Name>
            </ScheduledStopPoint>
            <ScheduledStopPoint version="1" id="VTR:ScheduledStopPoint:123770">
              <Name>Centras</Name>
            </ScheduledStopPoint>
            <ScheduledStopPoint version="1" id="VTR:ScheduledStopPoint:123771">
              <Name>Teismo rūmai</Name>
            </ScheduledStopPoint>
            <ScheduledStopPoint version="1" id="VTR:ScheduledStopPoint:123772">
              <Name>Prekybos centras</Name>
            </ScheduledStopPoint>
            <ScheduledStopPoint version="1" id="VTR:ScheduledStopPoint:123773">
              <Name>Autoservisas</Name>
            </ScheduledStopPoint>
            <ScheduledStopPoint version="1" id="VTR:ScheduledStopPoint:123774">
              <Name>Ligoninė</Name>
            </ScheduledStopPoint>
            <ScheduledStopPoint version="1" id="VTR:ScheduledStopPoint:123775">
              <Name>Šebnica</Name>
            </ScheduledStopPoint>
            <ScheduledStopPoint version="1" id="VTR:ScheduledStopPoint:123776">
              <Name>Karantinis m</Name>
            </ScheduledStopPoint>
            <ScheduledStopPoint version="1" id="VTR:ScheduledStopPoint:123784">
              <Name>Žiežmarių Kr.</Name>
            </ScheduledStopPoint>
            <ScheduledStopPoint version="1" id="VTR:ScheduledStopPoint:123788">
              <Name>Žiežmariai</Name>
            </ScheduledStopPoint>
            <ScheduledStopPoint version="1" id="VTR:ScheduledStopPoint:123789">
              <Name>Žiežmariai</Name>
            </ScheduledStopPoint>
            <ScheduledStopPoint version="1" id="VTR:ScheduledStopPoint:123790">
              <Name>Med.Strėvininkai</Name>
            </ScheduledStopPoint>
            <ScheduledStopPoint version="1" id="VTR:ScheduledStopPoint:123791">
              <Name>Kairiškės</Name>
            </ScheduledStopPoint>
            <ScheduledStopPoint version="1" id="VTR:ScheduledStopPoint:123792">
              <Name>Pridotkai</Name>
            </ScheduledStopPoint>
            <ScheduledStopPoint version="1" id="VTR:ScheduledStopPoint:123793">
              <Name>Ginteikiškės</Name>
            </ScheduledStopPoint>
            <ScheduledStopPoint version="1" id="VTR:ScheduledStopPoint:123794">
              <Name>Burčiagai</Name>
            </ScheduledStopPoint>
            <ScheduledStopPoint version="1" id="VTR:ScheduledStopPoint:123795">
              <Name>Kruonis</Name>
            </ScheduledStopPoint>
            <ScheduledStopPoint version="1" id="VTR:ScheduledStopPoint:123796">
              <Name>Paukštynas</Name>
            </ScheduledStopPoint>
            <ScheduledStopPoint version="1" id="VTR:ScheduledStopPoint:123797">
              <Name>Dijokiškės</Name>
            </ScheduledStopPoint>
            <ScheduledStopPoint version="1" id="VTR:ScheduledStopPoint:123798">
              <Name>Lapainia</Name>
            </ScheduledStopPoint>
            <ScheduledStopPoint version="1" id="VTR:ScheduledStopPoint:123799">
              <Name>Darsūniškio mokykla</Name>
            </ScheduledStopPoint>
            <ScheduledStopPoint version="1" id="VTR:ScheduledStopPoint:123800">
              <Name>Darsūniškio centras</Name>
            </ScheduledStopPoint>
            <ScheduledStopPoint version="1" id="VTR:ScheduledStopPoint:123801">
              <Name>Girininkija</Name>
            </ScheduledStopPoint>
            <ScheduledStopPoint version="1" id="VTR:ScheduledStopPoint:123802">
              <Name>Astrogai</Name>
            </ScheduledStopPoint>
            <ScheduledStopPoint version="1" id="VTR:ScheduledStopPoint:123803">
              <Name>Užgirėlis</Name>
            </ScheduledStopPoint>
          </scheduledStopPoints>
          <serviceLinks>
            <ServiceLink id="VTR:ServiceLink:123798_1_123799_1" version="1">
              <Distance>2</Distance>
              <FromPointRef ref="VTR:ScheduledStopPoint:123798" version="1"/>
              <ToPointRef ref="VTR:ScheduledStopPoint:123799" version="1"/>
            </ServiceLink>
            <ServiceLink id="VTR:ServiceLink:123771_1_123772_1" version="1">
              <Distance>0</Distance>
              <FromPointRef ref="VTR:ScheduledStopPoint:123771" version="1"/>
              <ToPointRef ref="VTR:ScheduledStopPoint:123772" version="1"/>
            </ServiceLink>
            <ServiceLink id="VTR:ServiceLink:123797_1_123798_1" version="1">
              <Distance>1</Distance>
              <FromPointRef ref="VTR:ScheduledStopPoint:123797" version="1"/>
              <ToPointRef ref="VTR:ScheduledStopPoint:123798" version="1"/>
            </ServiceLink>
            <ServiceLink id="VTR:ServiceLink:123801_1_123802_1" version="1">
              <Distance>1</Distance>
              <FromPointRef ref="VTR:ScheduledStopPoint:123801" version="1"/>
              <ToPointRef ref="VTR:ScheduledStopPoint:123802" version="1"/>
            </ServiceLink>
            <ServiceLink id="VTR:ServiceLink:123788_1_123789_1" version="1">
              <Distance>2</Distance>
              <FromPointRef ref="VTR:ScheduledStopPoint:123788" version="1"/>
              <ToPointRef ref="VTR:ScheduledStopPoint:123789" version="1"/>
            </ServiceLink>
            <ServiceLink id="VTR:ServiceLink:123775_1_123776_1" version="1">
              <Distance>1</Distance>
              <FromPointRef ref="VTR:ScheduledStopPoint:123775" version="1"/>
              <ToPointRef ref="VTR:ScheduledStopPoint:123776" version="1"/>
            </ServiceLink>
            <ServiceLink id="VTR:ServiceLink:123792_1_123793_1" version="1">
              <Distance>2</Distance>
              <FromPointRef ref="VTR:ScheduledStopPoint:123792" version="1"/>
              <ToPointRef ref="VTR:ScheduledStopPoint:123793" version="1"/>
            </ServiceLink>
            <ServiceLink id="VTR:ServiceLink:123802_1_123803_1" version="1">
              <Distance>2</Distance>
              <FromPointRef ref="VTR:ScheduledStopPoint:123802" version="1"/>
              <ToPointRef ref="VTR:ScheduledStopPoint:123803" version="1"/>
            </ServiceLink>
            <ServiceLink id="VTR:ServiceLink:123767_1_123768_1" version="1">
              <Distance>1</Distance>
              <FromPointRef ref="VTR:ScheduledStopPoint:123767" version="1"/>
              <ToPointRef ref="VTR:ScheduledStopPoint:123768" version="1"/>
            </ServiceLink>
            <ServiceLink id="VTR:ServiceLink:123800_1_123801_1" version="1">
              <Distance>1</Distance>
              <FromPointRef ref="VTR:ScheduledStopPoint:123800" version="1"/>
              <ToPointRef ref="VTR:ScheduledStopPoint:123801" version="1"/>
            </ServiceLink>
            <ServiceLink id="VTR:ServiceLink:123768_1_123769_1" version="1">
              <Distance>0</Distance>
              <FromPointRef ref="VTR:ScheduledStopPoint:123768" version="1"/>
              <ToPointRef ref="VTR:ScheduledStopPoint:123769" version="1"/>
            </ServiceLink>
            <ServiceLink id="VTR:ServiceLink:123772_1_123773_1" version="1">
              <Distance>0</Distance>
              <FromPointRef ref="VTR:ScheduledStopPoint:123772" version="1"/>
              <ToPointRef ref="VTR:ScheduledStopPoint:123773" version="1"/>
            </ServiceLink>
            <ServiceLink id="VTR:ServiceLink:123791_1_123792_1" version="1">
              <Distance>2</Distance>
              <FromPointRef ref="VTR:ScheduledStopPoint:123791" version="1"/>
              <ToPointRef ref="VTR:ScheduledStopPoint:123792" version="1"/>
            </ServiceLink>
            <ServiceLink id="VTR:ServiceLink:123794_1_123795_1" version="1">
              <Distance>2</Distance>
              <FromPointRef ref="VTR:ScheduledStopPoint:123794" version="1"/>
              <ToPointRef ref="VTR:ScheduledStopPoint:123795" version="1"/>
            </ServiceLink>
            <ServiceLink id="VTR:ServiceLink:123769_1_123770_1" version="1">
              <Distance>0</Distance>
              <FromPointRef ref="VTR:ScheduledStopPoint:123769" version="1"/>
              <ToPointRef ref="VTR:ScheduledStopPoint:123770" version="1"/>
            </ServiceLink>
            <ServiceLink id="VTR:ServiceLink:123774_1_123775_1" version="1">
              <Distance>1</Distance>
              <FromPointRef ref="VTR:ScheduledStopPoint:123774" version="1"/>
              <ToPointRef ref="VTR:ScheduledStopPoint:123775" version="1"/>
            </ServiceLink>
            <ServiceLink id="VTR:ServiceLink:123799_1_123800_1" version="1">
              <Distance>0</Distance>
              <FromPointRef ref="VTR:ScheduledStopPoint:123799" version="1"/>
              <ToPointRef ref="VTR:ScheduledStopPoint:123800" version="1"/>
            </ServiceLink>
            <ServiceLink id="VTR:ServiceLink:123770_1_123771_1" version="1">
              <Distance>0</Distance>
              <FromPointRef ref="VTR:ScheduledStopPoint:123770" version="1"/>
              <ToPointRef ref="VTR:ScheduledStopPoint:123771" version="1"/>
            </ServiceLink>
            <ServiceLink id="VTR:ServiceLink:123796_1_123797_1" version="1">
              <Distance>2</Distance>
              <FromPointRef ref="VTR:ScheduledStopPoint:123796" version="1"/>
              <ToPointRef ref="VTR:ScheduledStopPoint:123797" version="1"/>
            </ServiceLink>
            <ServiceLink id="VTR:ServiceLink:123793_1_123794_1" version="1">
              <Distance>1</Distance>
              <FromPointRef ref="VTR:ScheduledStopPoint:123793" version="1"/>
              <ToPointRef ref="VTR:ScheduledStopPoint:123794" version="1"/>
            </ServiceLink>
            <ServiceLink id="VTR:ServiceLink:123790_1_123791_1" version="1">
              <Distance>2</Distance>
              <FromPointRef ref="VTR:ScheduledStopPoint:123790" version="1"/>
              <ToPointRef ref="VTR:ScheduledStopPoint:123791" version="1"/>
            </ServiceLink>
            <ServiceLink id="VTR:ServiceLink:123773_1_123774_1" version="1">
              <Distance>0</Distance>
              <FromPointRef ref="VTR:ScheduledStopPoint:123773" version="1"/>
              <ToPointRef ref="VTR:ScheduledStopPoint:123774" version="1"/>
            </ServiceLink>
            <ServiceLink id="VTR:ServiceLink:123789_1_123790_1" version="1">
              <Distance>2</Distance>
              <FromPointRef ref="VTR:ScheduledStopPoint:123789" version="1"/>
              <ToPointRef ref="VTR:ScheduledStopPoint:123790" version="1"/>
            </ServiceLink>
            <ServiceLink id="VTR:ServiceLink:123795_1_123796_1" version="1">
              <Distance>2</Distance>
              <FromPointRef ref="VTR:ScheduledStopPoint:123795" version="1"/>
              <ToPointRef ref="VTR:ScheduledStopPoint:123796" version="1"/>
            </ServiceLink>
          </serviceLinks>
          <stopAssignments>
            <PassengerStopAssignment order="736500000" id="VTR:PassengerStopAssignment:123767" version="1">
              <ScheduledStopPointRef ref="VTR:ScheduledStopPoint:123767" version="1"/>
              <QuayRef ref="VTR:Quay:23769"/>
            </PassengerStopAssignment>
            <PassengerStopAssignment order="736500001" id="VTR:PassengerStopAssignment:123768" version="1">
              <ScheduledStopPointRef ref="VTR:ScheduledStopPoint:123768" version="1"/>
              <QuayRef ref="VTR:Quay:8776"/>
            </PassengerStopAssignment>
            <PassengerStopAssignment order="736500002" id="VTR:PassengerStopAssignment:123769" version="1">
              <ScheduledStopPointRef ref="VTR:ScheduledStopPoint:123769" version="1"/>
              <QuayRef ref="VTR:Quay:8839"/>
            </PassengerStopAssignment>
            <PassengerStopAssignment order="736500003" id="VTR:PassengerStopAssignment:123770" version="1">
              <ScheduledStopPointRef ref="VTR:ScheduledStopPoint:123770" version="1"/>
              <QuayRef ref="VTR:Quay:9759"/>
            </PassengerStopAssignment>
            <PassengerStopAssignment order="736500004" id="VTR:PassengerStopAssignment:123771" version="1">
              <ScheduledStopPointRef ref="VTR:ScheduledStopPoint:123771" version="1"/>
              <QuayRef ref="VTR:Quay:9718"/>
            </PassengerStopAssignment>
            <PassengerStopAssignment order="736500005" id="VTR:PassengerStopAssignment:123772" version="1">
              <ScheduledStopPointRef ref="VTR:ScheduledStopPoint:123772" version="1"/>
              <QuayRef ref="VTR:Quay:9758"/>
            </PassengerStopAssignment>
            <PassengerStopAssignment order="736500006" id="VTR:PassengerStopAssignment:123773" version="1">
              <ScheduledStopPointRef ref="VTR:ScheduledStopPoint:123773" version="1"/>
              <QuayRef ref="VTR:Quay:12792"/>
            </PassengerStopAssignment>
            <PassengerStopAssignment order="736500007" id="VTR:PassengerStopAssignment:123774" version="1">
              <ScheduledStopPointRef ref="VTR:ScheduledStopPoint:123774" version="1"/>
              <QuayRef ref="VTR:Quay:24215"/>
            </PassengerStopAssignment>
            <PassengerStopAssignment order="736500008" id="VTR:PassengerStopAssignment:123775" version="1">
              <ScheduledStopPointRef ref="VTR:ScheduledStopPoint:123775" version="1"/>
              <QuayRef ref="VTR:Quay:12755"/>
            </PassengerStopAssignment>
            <PassengerStopAssignment order="736500009" id="VTR:PassengerStopAssignment:123776" version="1">
              <ScheduledStopPointRef ref="VTR:ScheduledStopPoint:123776" version="1"/>
              <QuayRef ref="VTR:Quay:9743"/>
            </PassengerStopAssignment>
            <PassengerStopAssignment order="736500017" id="VTR:PassengerStopAssignment:123784" version="1">
              <ScheduledStopPointRef ref="VTR:ScheduledStopPoint:123784" version="1"/>
              <QuayRef ref="VTR:Quay:23770"/>
            </PassengerStopAssignment>
            <PassengerStopAssignment order="736500021" id="VTR:PassengerStopAssignment:123788" version="1">
              <ScheduledStopPointRef ref="VTR:ScheduledStopPoint:123788" version="1"/>
              <QuayRef ref="VTR:Quay:13918"/>
            </PassengerStopAssignment>
            <PassengerStopAssignment order="736500022" id="VTR:PassengerStopAssignment:123789" version="1">
              <ScheduledStopPointRef ref="VTR:ScheduledStopPoint:123789" version="1"/>
              <QuayRef ref="VTR:Quay:6281"/>
            </PassengerStopAssignment>
            <PassengerStopAssignment order="736500023" id="VTR:PassengerStopAssignment:123790" version="1">
              <ScheduledStopPointRef ref="VTR:ScheduledStopPoint:123790" version="1"/>
              <QuayRef ref="VTR:Quay:8159"/>
            </PassengerStopAssignment>
            <PassengerStopAssignment order="736500024" id="VTR:PassengerStopAssignment:123791" version="1">
              <ScheduledStopPointRef ref="VTR:ScheduledStopPoint:123791" version="1"/>
              <QuayRef ref="VTR:Quay:9172"/>
            </PassengerStopAssignment>
            <PassengerStopAssignment order="736500025" id="VTR:PassengerStopAssignment:123792" version="1">
              <ScheduledStopPointRef ref="VTR:ScheduledStopPoint:123792" version="1"/>
              <QuayRef ref="VTR:Quay:8194"/>
            </PassengerStopAssignment>
            <PassengerStopAssignment order="736500026" id="VTR:PassengerStopAssignment:123793" version="1">
              <ScheduledStopPointRef ref="VTR:ScheduledStopPoint:123793" version="1"/>
              <QuayRef ref="VTR:Quay:12985"/>
            </PassengerStopAssignment>
            <PassengerStopAssignment order="736500027" id="VTR:PassengerStopAssignment:123794" version="1">
              <ScheduledStopPointRef ref="VTR:ScheduledStopPoint:123794" version="1"/>
              <QuayRef ref="VTR:Quay:6073"/>
            </PassengerStopAssignment>
            <PassengerStopAssignment order="736500028" id="VTR:PassengerStopAssignment:123795" version="1">
              <ScheduledStopPointRef ref="VTR:ScheduledStopPoint:123795" version="1"/>
              <QuayRef ref="VTR:Quay:5238"/>
            </PassengerStopAssignment>
            <PassengerStopAssignment order="736500029" id="VTR:PassengerStopAssignment:123796" version="1">
              <ScheduledStopPointRef ref="VTR:ScheduledStopPoint:123796" version="1"/>
              <QuayRef ref="VTR:Quay:7169"/>
            </PassengerStopAssignment>
            <PassengerStopAssignment order="736500030" id="VTR:PassengerStopAssignment:123797" version="1">
              <ScheduledStopPointRef ref="VTR:ScheduledStopPoint:123797" version="1"/>
              <QuayRef ref="VTR:Quay:8138"/>
            </PassengerStopAssignment>
            <PassengerStopAssignment order="736500031" id="VTR:PassengerStopAssignment:123798" version="1">
              <ScheduledStopPointRef ref="VTR:ScheduledStopPoint:123798" version="1"/>
              <QuayRef ref="VTR:Quay:9173"/>
            </PassengerStopAssignment>
            <PassengerStopAssignment order="736500032" id="VTR:PassengerStopAssignment:123799" version="1">
              <ScheduledStopPointRef ref="VTR:ScheduledStopPoint:123799" version="1"/>
              <QuayRef ref="VTR:Quay:6106"/>
            </PassengerStopAssignment>
            <PassengerStopAssignment order="736500033" id="VTR:PassengerStopAssignment:123800" version="1">
              <ScheduledStopPointRef ref="VTR:ScheduledStopPoint:123800" version="1"/>
              <QuayRef ref="VTR:Quay:13760"/>
            </PassengerStopAssignment>
            <PassengerStopAssignment order="736500034" id="VTR:PassengerStopAssignment:123801" version="1">
              <ScheduledStopPointRef ref="VTR:ScheduledStopPoint:123801" version="1"/>
              <QuayRef ref="VTR:Quay:8554"/>
            </PassengerStopAssignment>
            <PassengerStopAssignment order="736500035" id="VTR:PassengerStopAssignment:123802" version="1">
              <ScheduledStopPointRef ref="VTR:ScheduledStopPoint:123802" version="1"/>
              <QuayRef ref="VTR:Quay:15477"/>
            </PassengerStopAssignment>
            <PassengerStopAssignment order="736500036" id="VTR:PassengerStopAssignment:123803" version="1">
              <ScheduledStopPointRef ref="VTR:ScheduledStopPoint:123803" version="1"/>
              <QuayRef ref="VTR:Quay:13700"/>
            </PassengerStopAssignment>
          </stopAssignments>
          <journeyPatterns>
            <JourneyPattern id="VTR:JourneyPattern:57703" version="57761">
              <Name>7</Name>
              <RouteRef ref="VTR:Route:7365" version="1"/>
              <pointsInSequence>
                <StopPointInJourneyPattern id="VTR:StopPointInJourneyPattern:1162616" version="57761" order="1">
                  <ScheduledStopPointRef ref="VTR:ScheduledStopPoint:123767"/>
                  <DestinationDisplayRef ref="VTR:DestinationDisplay:1"/>
                </StopPointInJourneyPattern>
                <StopPointInJourneyPattern id="VTR:StopPointInJourneyPattern:1162617" version="57761" order="2">
                  <ScheduledStopPointRef ref="VTR:ScheduledStopPoint:123768"/>
                  <DestinationDisplayRef ref="VTR:DestinationDisplay:1"/>
                </StopPointInJourneyPattern>
                <StopPointInJourneyPattern id="VTR:StopPointInJourneyPattern:1162618" version="57761" order="3">
                  <ScheduledStopPointRef ref="VTR:ScheduledStopPoint:123769"/>
                  <DestinationDisplayRef ref="VTR:DestinationDisplay:1"/>
                </StopPointInJourneyPattern>
                <StopPointInJourneyPattern id="VTR:StopPointInJourneyPattern:1162619" version="57761" order="4">
                  <ScheduledStopPointRef ref="VTR:ScheduledStopPoint:123770"/>
                  <DestinationDisplayRef ref="VTR:DestinationDisplay:1"/>
                </StopPointInJourneyPattern>
                <StopPointInJourneyPattern id="VTR:StopPointInJourneyPattern:1162620" version="57761" order="5">
                  <ScheduledStopPointRef ref="VTR:ScheduledStopPoint:123771"/>
                  <DestinationDisplayRef ref="VTR:DestinationDisplay:1"/>
                </StopPointInJourneyPattern>
                <StopPointInJourneyPattern id="VTR:StopPointInJourneyPattern:1162621" version="57761" order="6">
                  <ScheduledStopPointRef ref="VTR:ScheduledStopPoint:123772"/>
                  <DestinationDisplayRef ref="VTR:DestinationDisplay:1"/>
                </StopPointInJourneyPattern>
                <StopPointInJourneyPattern id="VTR:StopPointInJourneyPattern:1162622" version="57761" order="7">
                  <ScheduledStopPointRef ref="VTR:ScheduledStopPoint:123773"/>
                  <DestinationDisplayRef ref="VTR:DestinationDisplay:1"/>
                </StopPointInJourneyPattern>
                <StopPointInJourneyPattern id="VTR:StopPointInJourneyPattern:1162623" version="57761" order="8">
                  <ScheduledStopPointRef ref="VTR:ScheduledStopPoint:123774"/>
                  <DestinationDisplayRef ref="VTR:DestinationDisplay:1"/>
                </StopPointInJourneyPattern>
                <StopPointInJourneyPattern id="VTR:StopPointInJourneyPattern:1162624" version="57761" order="9">
                  <ScheduledStopPointRef ref="VTR:ScheduledStopPoint:123775"/>
                  <DestinationDisplayRef ref="VTR:DestinationDisplay:1"/>
                </StopPointInJourneyPattern>
                <StopPointInJourneyPattern id="VTR:StopPointInJourneyPattern:1162625" version="57761" order="10">
                  <ScheduledStopPointRef ref="VTR:ScheduledStopPoint:123776"/>
                  <DestinationDisplayRef ref="VTR:DestinationDisplay:1"/>
                </StopPointInJourneyPattern>
                <StopPointInJourneyPattern id="VTR:StopPointInJourneyPattern:1162626" version="57761" order="11">
                  <ScheduledStopPointRef ref="VTR:ScheduledStopPoint:123784"/>
                  <DestinationDisplayRef ref="VTR:DestinationDisplay:1"/>
                </StopPointInJourneyPattern>
                <StopPointInJourneyPattern id="VTR:StopPointInJourneyPattern:1162627" version="57761" order="12">
                  <ScheduledStopPointRef ref="VTR:ScheduledStopPoint:123788"/>
                  <DestinationDisplayRef ref="VTR:DestinationDisplay:1"/>
                </StopPointInJourneyPattern>
                <StopPointInJourneyPattern id="VTR:StopPointInJourneyPattern:1162628" version="57761" order="13">
                  <ScheduledStopPointRef ref="VTR:ScheduledStopPoint:123789"/>
                  <DestinationDisplayRef ref="VTR:DestinationDisplay:1"/>
                </StopPointInJourneyPattern>
                <StopPointInJourneyPattern id="VTR:StopPointInJourneyPattern:1162629" version="57761" order="14">
                  <ScheduledStopPointRef ref="VTR:ScheduledStopPoint:123790"/>
                  <DestinationDisplayRef ref="VTR:DestinationDisplay:1"/>
                </StopPointInJourneyPattern>
                <StopPointInJourneyPattern id="VTR:StopPointInJourneyPattern:1162630" version="57761" order="15">
                  <ScheduledStopPointRef ref="VTR:ScheduledStopPoint:123791"/>
                  <DestinationDisplayRef ref="VTR:DestinationDisplay:1"/>
                </StopPointInJourneyPattern>
                <StopPointInJourneyPattern id="VTR:StopPointInJourneyPattern:1162631" version="57761" order="16">
                  <ScheduledStopPointRef ref="VTR:ScheduledStopPoint:123792"/>
                  <DestinationDisplayRef ref="VTR:DestinationDisplay:1"/>
                </StopPointInJourneyPattern>
                <StopPointInJourneyPattern id="VTR:StopPointInJourneyPattern:1162632" version="57761" order="17">
                  <ScheduledStopPointRef ref="VTR:ScheduledStopPoint:123793"/>
                  <DestinationDisplayRef ref="VTR:DestinationDisplay:1"/>
                </StopPointInJourneyPattern>
                <StopPointInJourneyPattern id="VTR:StopPointInJourneyPattern:1162633" version="57761" order="18">
                  <ScheduledStopPointRef ref="VTR:ScheduledStopPoint:123794"/>
                  <DestinationDisplayRef ref="VTR:DestinationDisplay:1"/>
                </StopPointInJourneyPattern>
                <StopPointInJourneyPattern id="VTR:StopPointInJourneyPattern:1162634" version="57761" order="19">
                  <ScheduledStopPointRef ref="VTR:ScheduledStopPoint:123795"/>
                  <DestinationDisplayRef ref="VTR:DestinationDisplay:1"/>
                </StopPointInJourneyPattern>
                <StopPointInJourneyPattern id="VTR:StopPointInJourneyPattern:1162635" version="57761" order="20">
                  <ScheduledStopPointRef ref="VTR:ScheduledStopPoint:123796"/>
                  <DestinationDisplayRef ref="VTR:DestinationDisplay:1"/>
                </StopPointInJourneyPattern>
                <StopPointInJourneyPattern id="VTR:StopPointInJourneyPattern:1162636" version="57761" order="21">
                  <ScheduledStopPointRef ref="VTR:ScheduledStopPoint:123797"/>
                  <DestinationDisplayRef ref="VTR:DestinationDisplay:1"/>
                </StopPointInJourneyPattern>
                <StopPointInJourneyPattern id="VTR:StopPointInJourneyPattern:1162637" version="57761" order="22">
                  <ScheduledStopPointRef ref="VTR:ScheduledStopPoint:123798"/>
                  <DestinationDisplayRef ref="VTR:DestinationDisplay:1"/>
                </StopPointInJourneyPattern>
                <StopPointInJourneyPattern id="VTR:StopPointInJourneyPattern:1162638" version="57761" order="23">
                  <ScheduledStopPointRef ref="VTR:ScheduledStopPoint:123799"/>
                  <DestinationDisplayRef ref="VTR:DestinationDisplay:1"/>
                </StopPointInJourneyPattern>
                <StopPointInJourneyPattern id="VTR:StopPointInJourneyPattern:1162639" version="57761" order="24">
                  <ScheduledStopPointRef ref="VTR:ScheduledStopPoint:123800"/>
                  <DestinationDisplayRef ref="VTR:DestinationDisplay:1"/>
                </StopPointInJourneyPattern>
                <StopPointInJourneyPattern id="VTR:StopPointInJourneyPattern:1162640" version="57761" order="25">
                  <ScheduledStopPointRef ref="VTR:ScheduledStopPoint:123801"/>
                  <DestinationDisplayRef ref="VTR:DestinationDisplay:1"/>
                </StopPointInJourneyPattern>
                <StopPointInJourneyPattern id="VTR:StopPointInJourneyPattern:1162641" version="57761" order="26">
                  <ScheduledStopPointRef ref="VTR:ScheduledStopPoint:123802"/>
                  <DestinationDisplayRef ref="VTR:DestinationDisplay:1"/>
                </StopPointInJourneyPattern>
                <StopPointInJourneyPattern id="VTR:StopPointInJourneyPattern:1162642" version="57761" order="27">
                  <ScheduledStopPointRef ref="VTR:ScheduledStopPoint:123803"/>
                  <DestinationDisplayRef ref="VTR:DestinationDisplay:1"/>
                </StopPointInJourneyPattern>
              </pointsInSequence>
            </JourneyPattern>
          </journeyPatterns>
        </ServiceFrame>
        <TimetableFrame version="1" id="VTR:TimetableFrame:1381">
          <vehicleJourneys>
            <ServiceJourney version="57761" id="VTR:ServiceJourney:57703">
              <Name>Kaišiadorys-Užgirėlis</Name>
              <PrivateCode>7</PrivateCode>
              <dayTypes>
                <DayTypeRef ref="VTR:DayType:2977"/>
              </dayTypes>
              <JourneyPatternRef version="57761" ref="VTR:JourneyPattern:57703"/>
              <OperatorRef ref="VTR:Operator:"/>
              <LineRef ref="VTR:Line:2846" version="2907"/>
              <passingTimes>
                <TimetabledPassingTime version="57761" id="VTR:TimetabledPassingTime:57703_1162616_1">
                  <StopPointInJourneyPatternRef ref="VTR:StopPointInJourneyPattern:1162616" version="57761"/>
                  <DepartureTime>12:55:00</DepartureTime>
                  <DepartureDayOffset>0</DepartureDayOffset>
                </TimetabledPassingTime>
                <TimetabledPassingTime version="57761" id="VTR:TimetabledPassingTime:57703_1162617_2">
                  <StopPointInJourneyPatternRef ref="VTR:StopPointInJourneyPattern:1162617" version="57761"/>
                  <DepartureTime>13:00:00</DepartureTime>
                  <DepartureDayOffset>0</DepartureDayOffset>
                </TimetabledPassingTime>
                <TimetabledPassingTime version="57761" id="VTR:TimetabledPassingTime:57703_1162618_3">
                  <StopPointInJourneyPatternRef ref="VTR:StopPointInJourneyPattern:1162618" version="57761"/>
                  <DepartureTime>13:01:00</DepartureTime>
                  <DepartureDayOffset>0</DepartureDayOffset>
                </TimetabledPassingTime>
                <TimetabledPassingTime version="57761" id="VTR:TimetabledPassingTime:57703_1162619_4">
                  <StopPointInJourneyPatternRef ref="VTR:StopPointInJourneyPattern:1162619" version="57761"/>
                  <DepartureTime>13:02:00</DepartureTime>
                  <DepartureDayOffset>0</DepartureDayOffset>
                </TimetabledPassingTime>
                <TimetabledPassingTime version="57761" id="VTR:TimetabledPassingTime:57703_1162620_5">
                  <StopPointInJourneyPatternRef ref="VTR:StopPointInJourneyPattern:1162620" version="57761"/>
                  <DepartureTime>13:04:00</DepartureTime>
                  <DepartureDayOffset>0</DepartureDayOffset>
                </TimetabledPassingTime>
                <TimetabledPassingTime version="57761" id="VTR:TimetabledPassingTime:57703_1162621_6">
                  <StopPointInJourneyPatternRef ref="VTR:StopPointInJourneyPattern:1162621" version="57761"/>
                  <DepartureTime>13:05:00</DepartureTime>
                  <DepartureDayOffset>0</DepartureDayOffset>
                </TimetabledPassingTime>
                <TimetabledPassingTime version="57761" id="VTR:TimetabledPassingTime:57703_1162622_7">
                  <StopPointInJourneyPatternRef ref="VTR:StopPointInJourneyPattern:1162622" version="57761"/>
                  <DepartureTime>13:06:00</DepartureTime>
                  <DepartureDayOffset>0</DepartureDayOffset>
                </TimetabledPassingTime>
                <TimetabledPassingTime version="57761" id="VTR:TimetabledPassingTime:57703_1162623_8">
                  <StopPointInJourneyPatternRef ref="VTR:StopPointInJourneyPattern:1162623" version="57761"/>
                  <DepartureTime>13:07:00</DepartureTime>
                  <DepartureDayOffset>0</DepartureDayOffset>
                </TimetabledPassingTime>
                <TimetabledPassingTime version="57761" id="VTR:TimetabledPassingTime:57703_1162624_9">
                  <StopPointInJourneyPatternRef ref="VTR:StopPointInJourneyPattern:1162624" version="57761"/>
                  <DepartureTime>13:09:00</DepartureTime>
                  <DepartureDayOffset>0</DepartureDayOffset>
                </TimetabledPassingTime>
                <TimetabledPassingTime version="57761" id="VTR:TimetabledPassingTime:57703_1162625_10">
                  <StopPointInJourneyPatternRef ref="VTR:StopPointInJourneyPattern:1162625" version="57761"/>
                  <DepartureTime>13:11:00</DepartureTime>
                  <DepartureDayOffset>0</DepartureDayOffset>
                </TimetabledPassingTime>
                <TimetabledPassingTime version="57761" id="VTR:TimetabledPassingTime:57703_1162626_11">
                  <StopPointInJourneyPatternRef ref="VTR:StopPointInJourneyPattern:1162626" version="57761"/>
                  <DepartureTime>13:15:00</DepartureTime>
                  <DepartureDayOffset>0</DepartureDayOffset>
                </TimetabledPassingTime>
                <TimetabledPassingTime version="57761" id="VTR:TimetabledPassingTime:57703_1162627_12">
                  <StopPointInJourneyPatternRef ref="VTR:StopPointInJourneyPattern:1162627" version="57761"/>
                  <DepartureTime>13:17:00</DepartureTime>
                  <DepartureDayOffset>0</DepartureDayOffset>
                </TimetabledPassingTime>
                <TimetabledPassingTime version="57761" id="VTR:TimetabledPassingTime:57703_1162628_13">
                  <StopPointInJourneyPatternRef ref="VTR:StopPointInJourneyPattern:1162628" version="57761"/>
                  <DepartureTime>13:19:00</DepartureTime>
                  <DepartureDayOffset>0</DepartureDayOffset>
                </TimetabledPassingTime>
                <TimetabledPassingTime version="57761" id="VTR:TimetabledPassingTime:57703_1162629_14">
                  <StopPointInJourneyPatternRef ref="VTR:StopPointInJourneyPattern:1162629" version="57761"/>
                  <DepartureTime>13:23:00</DepartureTime>
                  <DepartureDayOffset>0</DepartureDayOffset>
                </TimetabledPassingTime>
                <TimetabledPassingTime version="57761" id="VTR:TimetabledPassingTime:57703_1162630_15">
                  <StopPointInJourneyPatternRef ref="VTR:StopPointInJourneyPattern:1162630" version="57761"/>
                  <DepartureTime>13:27:00</DepartureTime>
                  <DepartureDayOffset>0</DepartureDayOffset>
                </TimetabledPassingTime>
                <TimetabledPassingTime version="57761" id="VTR:TimetabledPassingTime:57703_1162631_16">
                  <StopPointInJourneyPatternRef ref="VTR:StopPointInJourneyPattern:1162631" version="57761"/>
                  <DepartureTime>13:31:00</DepartureTime>
                  <DepartureDayOffset>0</DepartureDayOffset>
                </TimetabledPassingTime>
                <TimetabledPassingTime version="57761" id="VTR:TimetabledPassingTime:57703_1162632_17">
                  <StopPointInJourneyPatternRef ref="VTR:StopPointInJourneyPattern:1162632" version="57761"/>
                  <DepartureTime>13:36:00</DepartureTime>
                  <DepartureDayOffset>0</DepartureDayOffset>
                </TimetabledPassingTime>
                <TimetabledPassingTime version="57761" id="VTR:TimetabledPassingTime:57703_1162633_18">
                  <StopPointInJourneyPatternRef ref="VTR:StopPointInJourneyPattern:1162633" version="57761"/>
                  <DepartureTime>13:38:00</DepartureTime>
                  <DepartureDayOffset>0</DepartureDayOffset>
                </TimetabledPassingTime>
                <TimetabledPassingTime version="57761" id="VTR:TimetabledPassingTime:57703_1162634_19">
                  <StopPointInJourneyPatternRef ref="VTR:StopPointInJourneyPattern:1162634" version="57761"/>
                  <DepartureTime>13:41:00</DepartureTime>
                  <DepartureDayOffset>0</DepartureDayOffset>
                </TimetabledPassingTime>
                <TimetabledPassingTime version="57761" id="VTR:TimetabledPassingTime:57703_1162635_20">
                  <StopPointInJourneyPatternRef ref="VTR:StopPointInJourneyPattern:1162635" version="57761"/>
                  <DepartureTime>13:45:00</DepartureTime>
                  <DepartureDayOffset>0</DepartureDayOffset>
                </TimetabledPassingTime>
                <TimetabledPassingTime version="57761" id="VTR:TimetabledPassingTime:57703_1162636_21">
                  <StopPointInJourneyPatternRef ref="VTR:StopPointInJourneyPattern:1162636" version="57761"/>
                  <DepartureTime>13:49:00</DepartureTime>
                  <DepartureDayOffset>0</DepartureDayOffset>
                </TimetabledPassingTime>
                <TimetabledPassingTime version="57761" id="VTR:TimetabledPassingTime:57703_1162637_22">
                  <StopPointInJourneyPatternRef ref="VTR:StopPointInJourneyPattern:1162637" version="57761"/>
                  <DepartureTime>13:52:00</DepartureTime>
                  <DepartureDayOffset>0</DepartureDayOffset>
                </TimetabledPassingTime>
                <TimetabledPassingTime version="57761" id="VTR:TimetabledPassingTime:57703_1162638_23">
                  <StopPointInJourneyPatternRef ref="VTR:StopPointInJourneyPattern:1162638" version="57761"/>
                  <DepartureTime>13:55:00</DepartureTime>
                  <DepartureDayOffset>0</DepartureDayOffset>
                </TimetabledPassingTime>
                <TimetabledPassingTime version="57761" id="VTR:TimetabledPassingTime:57703_1162639_24">
                  <StopPointInJourneyPatternRef ref="VTR:StopPointInJourneyPattern:1162639" version="57761"/>
                  <DepartureTime>13:57:00</DepartureTime>
                  <DepartureDayOffset>0</DepartureDayOffset>
                </TimetabledPassingTime>
                <TimetabledPassingTime version="57761" id="VTR:TimetabledPassingTime:57703_1162640_25">
                  <StopPointInJourneyPatternRef ref="VTR:StopPointInJourneyPattern:1162640" version="57761"/>
                  <DepartureTime>13:58:00</DepartureTime>
                  <DepartureDayOffset>0</DepartureDayOffset>
                </TimetabledPassingTime>
                <TimetabledPassingTime version="57761" id="VTR:TimetabledPassingTime:57703_1162641_26">
                  <StopPointInJourneyPatternRef ref="VTR:StopPointInJourneyPattern:1162641" version="57761"/>
                  <DepartureTime>14:01:00</DepartureTime>
                  <DepartureDayOffset>0</DepartureDayOffset>
                </TimetabledPassingTime>
                <TimetabledPassingTime version="57761" id="VTR:TimetabledPassingTime:57703_1162642_27">
                  <StopPointInJourneyPatternRef ref="VTR:StopPointInJourneyPattern:1162642" version="57761"/>
                  <DepartureTime>14:04:00</DepartureTime>
                  <DepartureDayOffset>0</DepartureDayOffset>
                </TimetabledPassingTime>
              </passingTimes>
            </ServiceJourney>
          </vehicleJourneys>
        </TimetableFrame>
        <ResourceFrame version="1" id="VTR:ResourceFrame:1381">
          <organisations>
            <Authority version="1" id="VTR:Authority:13">
              <CompanyNumber>49</CompanyNumber>
              <Name>Kaišiadorių r. sav.</Name>
              <LegalName>Kaišiadorių r. sav.</LegalName>
              <ContactDetails>
                <Email>meras@kaisiadorys.lt</Email>
                <Phone>834620480</Phone>
                <Url>www.kaisiadorys.lt</Url>
              </ContactDetails>
              <OrganisationType>authority</OrganisationType>
            </Authority>
          </organisations>
        </ResourceFrame>
        <FareFrame id="VTR:FareFrame:2846" version="1">
          <FrameDefaults>
            <DefaultCurrency>EUR</DefaultCurrency>
          </FrameDefaults>
          <fareStructureElements>
            <FareStructureElement id="VTR:FareStructureElement:pricematrix" version="1">
              <distanceMatrixElements>
                <DistanceMatrixElementRef ref="VTR:DistanceMatrixElement:1162616to1162623" version="1"/>
                <DistanceMatrixElementRef ref="VTR:DistanceMatrixElement:1162616to1162619" version="1"/>
                <DistanceMatrixElementRef ref="VTR:DistanceMatrixElement:1162616to1162621" version="1"/>
                <DistanceMatrixElementRef ref="VTR:DistanceMatrixElement:1162616to1162636" version="1"/>
                <DistanceMatrixElementRef ref="VTR:DistanceMatrixElement:1162616to1162632" version="1"/>
                <DistanceMatrixElementRef ref="VTR:DistanceMatrixElement:1162616to1162618" version="1"/>
              </distanceMatrixElements>
            </FareStructureElement>
          </fareStructureElements>
          <tariffs>
            <Tariff id="VTR:Tariff:pointToPointInSeparateJourney_2846" version="1">
              <Name>Point to point tariff</Name>
              <distanceMatrixElements>
                <DistanceMatrixElement id="VTR:DistanceMatrixElement:1162616to1162623" version="1">
                  <Name>Kaišiadorių Autobusų stotis to Ligoninė</Name>
                  <StartStopPointRef ref="VTR:ScheduledStopPoint:123767" version="1"/>
                  <EndStopPointRef ref="VTR:ScheduledStopPoint:123774" version="1"/>
                  <prices>
                    <DistanceMatrixElementPrice id="VTR:DistanceMatrixElementPrice:1162616to1162623" version="1">
                      <Amount>0.41</Amount>
                      <DistanceMatrixElementRef ref="VTR:DistanceMatrixElement:1162616to1162623" version="1"/>
                    </DistanceMatrixElementPrice>
                  </prices>
                </DistanceMatrixElement>
                <DistanceMatrixElement id="VTR:DistanceMatrixElement:1162616to1162619" version="1">
                  <Name>Kaišiadorių Autobusų stotis to Centras</Name>
                  <StartStopPointRef ref="VTR:ScheduledStopPoint:123767" version="1"/>
                  <EndStopPointRef ref="VTR:ScheduledStopPoint:123770" version="1"/>
                  <prices>
                    <DistanceMatrixElementPrice id="VTR:DistanceMatrixElementPrice:1162616to1162619" version="1">
                      <Amount>0.41</Amount>
                      <DistanceMatrixElementRef ref="VTR:DistanceMatrixElement:1162616to1162619" version="1"/>
                    </DistanceMatrixElementPrice>
                  </prices>
                </DistanceMatrixElement>
                <DistanceMatrixElement id="VTR:DistanceMatrixElement:1162616to1162621" version="1">
                  <Name>Kaišiadorių Autobusų stotis to Prekybos centras</Name>
                  <StartStopPointRef ref="VTR:ScheduledStopPoint:123767" version="1"/>
                  <EndStopPointRef ref="VTR:ScheduledStopPoint:123772" version="1"/>
                  <prices>
                    <DistanceMatrixElementPrice id="VTR:DistanceMatrixElementPrice:1162616to1162621" version="1">
                      <Amount>0.41</Amount>
                      <DistanceMatrixElementRef ref="VTR:DistanceMatrixElement:1162616to1162621" version="1"/>
                    </DistanceMatrixElementPrice>
                  </prices>
                </DistanceMatrixElement>
                <DistanceMatrixElement id="VTR:DistanceMatrixElement:1162616to1162636" version="1">
                  <Name>Kaišiadorių Autobusų stotis to Dijokiškės</Name>
                  <StartStopPointRef ref="VTR:ScheduledStopPoint:123767" version="1"/>
                  <EndStopPointRef ref="VTR:ScheduledStopPoint:123797" version="1"/>
                  <prices>
                    <DistanceMatrixElementPrice id="VTR:DistanceMatrixElementPrice:1162616to1162636" version="1">
                      <Amount>2.92</Amount>
                      <DistanceMatrixElementRef ref="VTR:DistanceMatrixElement:1162616to1162636" version="1"/>
                    </DistanceMatrixElementPrice>
                  </prices>
                </DistanceMatrixElement>
                <DistanceMatrixElement id="VTR:DistanceMatrixElement:1162616to1162632" version="1">
                  <Name>Kaišiadorių Autobusų stotis to Ginteikiškės</Name>
                  <StartStopPointRef ref="VTR:ScheduledStopPoint:123767" version="1"/>
                  <EndStopPointRef ref="VTR:ScheduledStopPoint:123793" version="1"/>
                  <prices>
                    <DistanceMatrixElementPrice id="VTR:DistanceMatrixElementPrice:1162616to1162632" version="1">
                      <Amount>2.15</Amount>
                      <DistanceMatrixElementRef ref="VTR:DistanceMatrixElement:1162616to1162632" version="1"/>
                    </DistanceMatrixElementPrice>
                  </prices>
                </DistanceMatrixElement>
                <DistanceMatrixElement id="VTR:DistanceMatrixElement:1162616to1162618" version="1">
                  <Name>Kaišiadorių Autobusų stotis to Pėsčiųjų tiltas</Name>
                  <StartStopPointRef ref="VTR:ScheduledStopPoint:123767" version="1"/>
                  <EndStopPointRef ref="VTR:ScheduledStopPoint:123769" version="1"/>
                  <prices>
                    <DistanceMatrixElementPrice id="VTR:DistanceMatrixElementPrice:1162616to1162618" version="1">
                      <Amount>0.41</Amount>
                      <DistanceMatrixElementRef ref="VTR:DistanceMatrixElement:1162616to1162618" version="1"/>
                    </DistanceMatrixElementPrice>
                  </prices>
                </DistanceMatrixElement>
              </distanceMatrixElements>
            </Tariff>
          </tariffs>
          <usageParameters>
            <FrequencyOfUse id="VTR:FrequencyOfUse:oneTrip" version="1">
              <FrequencyOfUseType>unlimited</FrequencyOfUseType>
              <MaximalFrequency>1</MaximalFrequency>
            </FrequencyOfUse>
          </usageParameters>
        </FareFrame>
      </frames>
    </CompositeFrame>
  </dataObjects>
</PublicationDelivery>
