<?xml version="1.0" encoding="UTF-8"?><PublicationDelivery xmlns="http://www.netex.org.uk/netex" xmlns:gis="http://www.opengis.net/gml/3.2" xmlns:ns2="http://www.opengis.net/gml/3.2" xmlns:ns3="http://www.siri.org.uk/siri" xmlns:xsi="http://www.w3.org/2001/XMLSchema-instance" version="1" xsi:schemaLocation="">
  <PublicationTimestamp>2022-05-07T03:25:00.575</PublicationTimestamp>
  <ParticipantRef>VTR</ParticipantRef>
  <Description>1</Description>
  <dataObjects>
    <CompositeFrame created="2022-05-07T03:25:00.575" version="1" id="VTR:CompositeFrame:1381">
      <validityConditions>
        <AvailabilityCondition version="1" id="VTR:AvailabilityCondition:1381">
          <FromDate>2015-11-25T11:10:42</FromDate>
          <ToDate>2027-12-30T00:00:00</ToDate>
        </AvailabilityCondition>
      </validityConditions>
      <codespaces>
        <Codespace id="vtr">
          <Xmlns>VTR</Xmlns>
          <XmlnsUrl>http://www.visimarsrutai.lt/</XmlnsUrl>
        </Codespace>
      </codespaces>
      <FrameDefaults>
        <DefaultLocale>
          <TimeZone>Europe/Vilnius</TimeZone>
        </DefaultLocale>
        <DefaultLocationSystem>WGS84</DefaultLocationSystem>
      </FrameDefaults>
      <frames>
        <ServiceCalendarFrame version="1" id="VTR:ServiceCalendarFrame:1381">
          <dayTypes>
            <DayType id="VTR:DayType:2803" version="1">
              <properties>
                <PropertyOfDay>
                  <DaysOfWeek>Monday Tuesday Wednesday Thursday</DaysOfWeek>
                </PropertyOfDay>
              </properties>
            </DayType>
            <DayType id="VTR:DayType:3050" version="1">
              <properties>
                <PropertyOfDay>
                  <DaysOfWeek>Monday Tuesday Wednesday Thursday Friday</DaysOfWeek>
                </PropertyOfDay>
              </properties>
            </DayType>
          </dayTypes>
          <operatingPeriods>
            <OperatingPeriod version="1" id="VTR:OperatingPeriod:2803">
              <FromDate>2017-09-01T00:00:00</FromDate>
              <ToDate>2017-12-31T00:00:00</ToDate>
            </OperatingPeriod>
            <OperatingPeriod version="1" id="VTR:OperatingPeriod:3050">
              <FromDate>2015-09-01T00:00:00</FromDate>
              <ToDate>2016-06-03T00:00:00</ToDate>
            </OperatingPeriod>
          </operatingPeriods>
          <dayTypeAssignments>
            <DayTypeAssignment id="VTR:DayTypeAssignment:2803_0" version="1" order="2199">
              <OperatingPeriodRef ref="VTR:OperatingPeriod:2803" version="1"/>
              <DayTypeRef ref="VTR:DayType:2803" version="1"/>
            </DayTypeAssignment>
            <DayTypeAssignment id="VTR:DayTypeAssignment:3050_0" version="1" order="2369">
              <OperatingPeriodRef ref="VTR:OperatingPeriod:3050" version="1"/>
              <DayTypeRef ref="VTR:DayType:3050" version="1"/>
            </DayTypeAssignment>
          </dayTypeAssignments>
        </ServiceCalendarFrame>
        <ServiceFrame id="VTR:ServiceFrame:1381" version="1">
          <Network version="0" id="VTR:Network:13"/>
          <routePoints>
            <RoutePoint version="1" id="VTR:RoutePoint:125670">
              <projections>
                <PointProjection version="1" id="VTR:PointProjection:38156">
                  <ProjectedPointRef ref="VTR:ScheduledStopPoint:125670" version="1"/>
                </PointProjection>
              </projections>
            </RoutePoint>
            <RoutePoint version="1" id="VTR:RoutePoint:125671">
              <projections>
                <PointProjection version="1" id="VTR:PointProjection:38157">
                  <ProjectedPointRef ref="VTR:ScheduledStopPoint:125671" version="1"/>
                </PointProjection>
              </projections>
            </RoutePoint>
            <RoutePoint version="1" id="VTR:RoutePoint:125672">
              <projections>
                <PointProjection version="1" id="VTR:PointProjection:38158">
                  <ProjectedPointRef ref="VTR:ScheduledStopPoint:125672" version="1"/>
                </PointProjection>
              </projections>
            </RoutePoint>
            <RoutePoint version="1" id="VTR:RoutePoint:125673">
              <projections>
                <PointProjection version="1" id="VTR:PointProjection:38160">
                  <ProjectedPointRef ref="VTR:ScheduledStopPoint:125673" version="1"/>
                </PointProjection>
              </projections>
            </RoutePoint>
          </routePoints>
          <routes>
            <Route version="1" id="VTR:Route:7502">
              <Name>Kaišiadorių paukštynas-Antakalnis</Name>
              <ShortName>Kaišiadorių paukštynas-Antakalnis</ShortName>
              <LineRef ref="VTR:Line:2878" version="2947"/>
              <DirectionType>outbound</DirectionType>
              <pointsInSequence>
                <PointOnRoute version="1" id="VTR:PointOnRoute:125670" order="1">
                  <RoutePointRef ref="VTR:RoutePoint:125670"/>
                </PointOnRoute>
                <PointOnRoute version="1" id="VTR:PointOnRoute:125671" order="2">
                  <RoutePointRef ref="VTR:RoutePoint:125671"/>
                </PointOnRoute>
              </pointsInSequence>
            </Route>
            <Route version="1" id="VTR:Route:7504">
              <Name>Antakalnis-Kaišiadorių paukštynas</Name>
              <ShortName>Antakalnis-Kaišiadorių paukštynas</ShortName>
              <LineRef ref="VTR:Line:2878" version="2947"/>
              <DirectionType>inbound</DirectionType>
              <pointsInSequence>
                <PointOnRoute version="1" id="VTR:PointOnRoute:125672" order="1">
                  <RoutePointRef ref="VTR:RoutePoint:125672"/>
                </PointOnRoute>
                <PointOnRoute version="1" id="VTR:PointOnRoute:125673" order="2">
                  <RoutePointRef ref="VTR:RoutePoint:125673"/>
                </PointOnRoute>
              </pointsInSequence>
            </Route>
          </routes>
          <lines>
            <Line version="2947" id="VTR:Line:2878">
              <Name>Kaišiadorių paukštynas-Antakalnis</Name>
              <TransportMode>bus</TransportMode>
              <TransportSubmode>
                <BusSubmode>regionalBus</BusSubmode>
              </TransportSubmode>
              <PublicCode>81-3</PublicCode>
              <OperatorRef ref="VTR:Operator:13"/>
            </Line>
          </lines>
          <scheduledStopPoints>
            <ScheduledStopPoint version="1" id="VTR:ScheduledStopPoint:125670">
              <Name>Paukštynas</Name>
            </ScheduledStopPoint>
            <ScheduledStopPoint version="1" id="VTR:ScheduledStopPoint:125671">
              <Name>Antakalnis</Name>
            </ScheduledStopPoint>
            <ScheduledStopPoint version="1" id="VTR:ScheduledStopPoint:125672">
              <Name>Antakalnis</Name>
            </ScheduledStopPoint>
            <ScheduledStopPoint version="1" id="VTR:ScheduledStopPoint:125673">
              <Name>Paukštynas</Name>
            </ScheduledStopPoint>
          </scheduledStopPoints>
          <serviceLinks>
            <ServiceLink id="VTR:ServiceLink:125672_1_125673_1" version="1">
              <Distance>4</Distance>
              <FromPointRef ref="VTR:ScheduledStopPoint:125672" version="1"/>
              <ToPointRef ref="VTR:ScheduledStopPoint:125673" version="1"/>
            </ServiceLink>
            <ServiceLink id="VTR:ServiceLink:125670_1_125671_1" version="1">
              <Distance>4</Distance>
              <FromPointRef ref="VTR:ScheduledStopPoint:125670" version="1"/>
              <ToPointRef ref="VTR:ScheduledStopPoint:125671" version="1"/>
            </ServiceLink>
          </serviceLinks>
          <stopAssignments>
            <PassengerStopAssignment order="750200000" id="VTR:PassengerStopAssignment:125670" version="1">
              <ScheduledStopPointRef ref="VTR:ScheduledStopPoint:125670" version="1"/>
              <QuayRef ref="VTR:Quay:11969"/>
            </PassengerStopAssignment>
            <PassengerStopAssignment order="750200001" id="VTR:PassengerStopAssignment:125671" version="1">
              <ScheduledStopPointRef ref="VTR:ScheduledStopPoint:125671" version="1"/>
              <QuayRef ref="VTR:Quay:7171"/>
            </PassengerStopAssignment>
            <PassengerStopAssignment order="750400000" id="VTR:PassengerStopAssignment:125672" version="1">
              <ScheduledStopPointRef ref="VTR:ScheduledStopPoint:125672" version="1"/>
              <QuayRef ref="VTR:Quay:7171"/>
            </PassengerStopAssignment>
            <PassengerStopAssignment order="750400001" id="VTR:PassengerStopAssignment:125673" version="1">
              <ScheduledStopPointRef ref="VTR:ScheduledStopPoint:125673" version="1"/>
              <QuayRef ref="VTR:Quay:11969"/>
            </PassengerStopAssignment>
          </stopAssignments>
          <journeyPatterns>
            <JourneyPattern id="VTR:JourneyPattern:58243" version="58305">
              <Name>1</Name>
              <RouteRef ref="VTR:Route:7502" version="1"/>
              <pointsInSequence>
                <StopPointInJourneyPattern id="VTR:StopPointInJourneyPattern:1171577" version="58305" order="1">
                  <ScheduledStopPointRef ref="VTR:ScheduledStopPoint:125670"/>
                  <DestinationDisplayRef ref="VTR:DestinationDisplay:1"/>
                </StopPointInJourneyPattern>
                <StopPointInJourneyPattern id="VTR:StopPointInJourneyPattern:1171578" version="58305" order="2">
                  <ScheduledStopPointRef ref="VTR:ScheduledStopPoint:125671"/>
                  <DestinationDisplayRef ref="VTR:DestinationDisplay:1"/>
                </StopPointInJourneyPattern>
              </pointsInSequence>
            </JourneyPattern>
            <JourneyPattern id="VTR:JourneyPattern:58244" version="58306">
              <Name>5</Name>
              <RouteRef ref="VTR:Route:7504" version="1"/>
              <pointsInSequence>
                <StopPointInJourneyPattern id="VTR:StopPointInJourneyPattern:1171579" version="58306" order="1">
                  <ScheduledStopPointRef ref="VTR:ScheduledStopPoint:125672"/>
                  <DestinationDisplayRef ref="VTR:DestinationDisplay:1"/>
                </StopPointInJourneyPattern>
                <StopPointInJourneyPattern id="VTR:StopPointInJourneyPattern:1171580" version="58306" order="2">
                  <ScheduledStopPointRef ref="VTR:ScheduledStopPoint:125673"/>
                  <DestinationDisplayRef ref="VTR:DestinationDisplay:1"/>
                </StopPointInJourneyPattern>
              </pointsInSequence>
            </JourneyPattern>
          </journeyPatterns>
        </ServiceFrame>
        <TimetableFrame version="1" id="VTR:TimetableFrame:1381">
          <vehicleJourneys>
            <ServiceJourney version="58306" id="VTR:ServiceJourney:58244">
              <Name>Antakalnis-Kaišiadorių paukštynas</Name>
              <PrivateCode>5</PrivateCode>
              <dayTypes>
                <DayTypeRef ref="VTR:DayType:2803"/>
              </dayTypes>
              <JourneyPatternRef version="58306" ref="VTR:JourneyPattern:58244"/>
              <OperatorRef ref="VTR:Operator:"/>
              <LineRef ref="VTR:Line:2878" version="2947"/>
              <passingTimes>
                <TimetabledPassingTime version="58306" id="VTR:TimetabledPassingTime:58244_1171579_1">
                  <StopPointInJourneyPatternRef ref="VTR:StopPointInJourneyPattern:1171579" version="58306"/>
                  <DepartureTime>16:17:00</DepartureTime>
                  <DepartureDayOffset>0</DepartureDayOffset>
                </TimetabledPassingTime>
                <TimetabledPassingTime version="58306" id="VTR:TimetabledPassingTime:58244_1171580_2">
                  <StopPointInJourneyPatternRef ref="VTR:StopPointInJourneyPattern:1171580" version="58306"/>
                  <DepartureTime>16:25:00</DepartureTime>
                  <DepartureDayOffset>0</DepartureDayOffset>
                </TimetabledPassingTime>
              </passingTimes>
            </ServiceJourney>
            <ServiceJourney version="58305" id="VTR:ServiceJourney:58243">
              <Name>Kaišiadorių paukštynas-Antakalnis</Name>
              <PrivateCode>1</PrivateCode>
              <dayTypes>
                <DayTypeRef ref="VTR:DayType:3050"/>
              </dayTypes>
              <JourneyPatternRef version="58305" ref="VTR:JourneyPattern:58243"/>
              <OperatorRef ref="VTR:Operator:"/>
              <LineRef ref="VTR:Line:2878" version="2947"/>
              <passingTimes>
                <TimetabledPassingTime version="58305" id="VTR:TimetabledPassingTime:58243_1171577_1">
                  <StopPointInJourneyPatternRef ref="VTR:StopPointInJourneyPattern:1171577" version="58305"/>
                  <DepartureTime>07:20:00</DepartureTime>
                  <DepartureDayOffset>0</DepartureDayOffset>
                </TimetabledPassingTime>
                <TimetabledPassingTime version="58305" id="VTR:TimetabledPassingTime:58243_1171578_2">
                  <StopPointInJourneyPatternRef ref="VTR:StopPointInJourneyPattern:1171578" version="58305"/>
                  <DepartureTime>07:24:00</DepartureTime>
                  <DepartureDayOffset>0</DepartureDayOffset>
                </TimetabledPassingTime>
              </passingTimes>
            </ServiceJourney>
          </vehicleJourneys>
        </TimetableFrame>
        <ResourceFrame version="1" id="VTR:ResourceFrame:1381">
          <organisations>
            <Authority version="1" id="VTR:Authority:13">
              <CompanyNumber>49</CompanyNumber>
              <Name>Kaišiadorių r. sav.</Name>
              <LegalName>Kaišiadorių r. sav.</LegalName>
              <ContactDetails>
                <Email>meras@kaisiadorys.lt</Email>
                <Phone>834620480</Phone>
                <Url>www.kaisiadorys.lt</Url>
              </ContactDetails>
              <OrganisationType>authority</OrganisationType>
            </Authority>
          </organisations>
        </ResourceFrame>
        <FareFrame id="VTR:FareFrame:2878" version="1">
          <FrameDefaults>
            <DefaultCurrency>EUR</DefaultCurrency>
          </FrameDefaults>
          <usageParameters>
            <RoundTrip id="VTR:RoundTrip:single" version="1">
              <Name>Single</Name>
              <TripType>single</TripType>
            </RoundTrip>
            <FrequencyOfUse id="VTR:FrequencyOfUse:once" version="1">
              <Name>Once</Name>
              <MaximalFrequency>1</MaximalFrequency>
            </FrequencyOfUse>
          </usageParameters>
          <priceGroups>
            <PriceGroup id="VTR:PriceGroup:PG01" version="1">
              <Name>Flat Fare Products - Standard</Name>
              <members>
                <FareProductPrice id="VTR:FareProductPrice:standard" version="1">
                  <Name>Single fare</Name>
                  <Amount>0.41</Amount>
                  <Currency>EUR</Currency>
                </FareProductPrice>
              </members>
            </PriceGroup>
          </priceGroups>
        </FareFrame>
      </frames>
    </CompositeFrame>
  </dataObjects>
</PublicationDelivery>
