<?xml version="1.0" encoding="UTF-8"?><PublicationDelivery xmlns="http://www.netex.org.uk/netex" xmlns:gis="http://www.opengis.net/gml/3.2" xmlns:ns2="http://www.opengis.net/gml/3.2" xmlns:ns3="http://www.siri.org.uk/siri" xmlns:xsi="http://www.w3.org/2001/XMLSchema-instance" version="1" xsi:schemaLocation="">
  <PublicationTimestamp>2022-05-07T03:25:00.575</PublicationTimestamp>
  <ParticipantRef>VTR</ParticipantRef>
  <Description>1</Description>
  <dataObjects>
    <CompositeFrame created="2022-05-07T03:25:00.575" version="1" id="VTR:CompositeFrame:1381">
      <validityConditions>
        <AvailabilityCondition version="1" id="VTR:AvailabilityCondition:1381">
          <FromDate>2015-11-03T08:36:25</FromDate>
          <ToDate>2027-12-30T00:00:00</ToDate>
        </AvailabilityCondition>
      </validityConditions>
      <codespaces>
        <Codespace id="vtr">
          <Xmlns>VTR</Xmlns>
          <XmlnsUrl>http://www.visimarsrutai.lt/</XmlnsUrl>
        </Codespace>
      </codespaces>
      <FrameDefaults>
        <DefaultLocale>
          <TimeZone>Europe/Vilnius</TimeZone>
        </DefaultLocale>
        <DefaultLocationSystem>WGS84</DefaultLocationSystem>
      </FrameDefaults>
      <frames>
        <ServiceCalendarFrame version="1" id="VTR:ServiceCalendarFrame:1381">
          <dayTypes>
            <DayType id="VTR:DayType:2792" version="1">
              <properties>
                <PropertyOfDay>
                  <DaysOfWeek>Tuesday</DaysOfWeek>
                </PropertyOfDay>
              </properties>
            </DayType>
          </dayTypes>
          <operatingPeriods>
            <OperatingPeriod version="1" id="VTR:OperatingPeriod:2792">
              <FromDate>2017-09-01T00:00:00</FromDate>
              <ToDate>2017-12-31T00:00:00</ToDate>
            </OperatingPeriod>
          </operatingPeriods>
          <dayTypeAssignments>
            <DayTypeAssignment id="VTR:DayTypeAssignment:2792_0" version="1" order="2190">
              <OperatingPeriodRef ref="VTR:OperatingPeriod:2792" version="1"/>
              <DayTypeRef ref="VTR:DayType:2792" version="1"/>
            </DayTypeAssignment>
          </dayTypeAssignments>
        </ServiceCalendarFrame>
        <ServiceFrame id="VTR:ServiceFrame:1381" version="1">
          <Network version="0" id="VTR:Network:13"/>
          <routePoints>
            <RoutePoint version="1" id="VTR:RoutePoint:119949">
              <projections>
                <PointProjection version="1" id="VTR:PointProjection:37356">
                  <ProjectedPointRef ref="VTR:ScheduledStopPoint:119949" version="1"/>
                </PointProjection>
              </projections>
            </RoutePoint>
            <RoutePoint version="1" id="VTR:RoutePoint:119950">
              <projections>
                <PointProjection version="1" id="VTR:PointProjection:37357">
                  <ProjectedPointRef ref="VTR:ScheduledStopPoint:119950" version="1"/>
                </PointProjection>
              </projections>
            </RoutePoint>
            <RoutePoint version="1" id="VTR:RoutePoint:119951">
              <projections>
                <PointProjection version="1" id="VTR:PointProjection:37358">
                  <ProjectedPointRef ref="VTR:ScheduledStopPoint:119951" version="1"/>
                </PointProjection>
              </projections>
            </RoutePoint>
            <RoutePoint version="1" id="VTR:RoutePoint:119952">
              <projections>
                <PointProjection version="1" id="VTR:PointProjection:37359">
                  <ProjectedPointRef ref="VTR:ScheduledStopPoint:119952" version="1"/>
                </PointProjection>
              </projections>
            </RoutePoint>
            <RoutePoint version="1" id="VTR:RoutePoint:119953">
              <projections>
                <PointProjection version="1" id="VTR:PointProjection:37360">
                  <ProjectedPointRef ref="VTR:ScheduledStopPoint:119953" version="1"/>
                </PointProjection>
              </projections>
            </RoutePoint>
            <RoutePoint version="1" id="VTR:RoutePoint:119954">
              <projections>
                <PointProjection version="1" id="VTR:PointProjection:37361">
                  <ProjectedPointRef ref="VTR:ScheduledStopPoint:119954" version="1"/>
                </PointProjection>
              </projections>
            </RoutePoint>
            <RoutePoint version="1" id="VTR:RoutePoint:119955">
              <projections>
                <PointProjection version="1" id="VTR:PointProjection:37362">
                  <ProjectedPointRef ref="VTR:ScheduledStopPoint:119955" version="1"/>
                </PointProjection>
              </projections>
            </RoutePoint>
            <RoutePoint version="1" id="VTR:RoutePoint:119956">
              <projections>
                <PointProjection version="1" id="VTR:PointProjection:37363">
                  <ProjectedPointRef ref="VTR:ScheduledStopPoint:119956" version="1"/>
                </PointProjection>
              </projections>
            </RoutePoint>
            <RoutePoint version="1" id="VTR:RoutePoint:119957">
              <projections>
                <PointProjection version="1" id="VTR:PointProjection:37364">
                  <ProjectedPointRef ref="VTR:ScheduledStopPoint:119957" version="1"/>
                </PointProjection>
              </projections>
            </RoutePoint>
            <RoutePoint version="1" id="VTR:RoutePoint:119958">
              <projections>
                <PointProjection version="1" id="VTR:PointProjection:37365">
                  <ProjectedPointRef ref="VTR:ScheduledStopPoint:119958" version="1"/>
                </PointProjection>
              </projections>
            </RoutePoint>
            <RoutePoint version="1" id="VTR:RoutePoint:119959">
              <projections>
                <PointProjection version="1" id="VTR:PointProjection:37366">
                  <ProjectedPointRef ref="VTR:ScheduledStopPoint:119959" version="1"/>
                </PointProjection>
              </projections>
            </RoutePoint>
          </routePoints>
          <routes>
            <Route version="1" id="VTR:Route:7127">
              <Name>Kaišiadorys-Juodiškės per Antakalnį</Name>
              <ShortName>Kaišiadorys-Juodiškės per Antakalnį</ShortName>
              <LineRef ref="VTR:Line:2763" version="2824"/>
              <DirectionType>outbound</DirectionType>
              <pointsInSequence>
                <PointOnRoute version="1" id="VTR:PointOnRoute:119949" order="1">
                  <RoutePointRef ref="VTR:RoutePoint:119949"/>
                </PointOnRoute>
                <PointOnRoute version="1" id="VTR:PointOnRoute:119950" order="2">
                  <RoutePointRef ref="VTR:RoutePoint:119950"/>
                </PointOnRoute>
                <PointOnRoute version="1" id="VTR:PointOnRoute:119951" order="3">
                  <RoutePointRef ref="VTR:RoutePoint:119951"/>
                </PointOnRoute>
                <PointOnRoute version="1" id="VTR:PointOnRoute:119952" order="4">
                  <RoutePointRef ref="VTR:RoutePoint:119952"/>
                </PointOnRoute>
                <PointOnRoute version="1" id="VTR:PointOnRoute:119953" order="5">
                  <RoutePointRef ref="VTR:RoutePoint:119953"/>
                </PointOnRoute>
                <PointOnRoute version="1" id="VTR:PointOnRoute:119954" order="6">
                  <RoutePointRef ref="VTR:RoutePoint:119954"/>
                </PointOnRoute>
                <PointOnRoute version="1" id="VTR:PointOnRoute:119955" order="7">
                  <RoutePointRef ref="VTR:RoutePoint:119955"/>
                </PointOnRoute>
                <PointOnRoute version="1" id="VTR:PointOnRoute:119956" order="8">
                  <RoutePointRef ref="VTR:RoutePoint:119956"/>
                </PointOnRoute>
                <PointOnRoute version="1" id="VTR:PointOnRoute:119957" order="9">
                  <RoutePointRef ref="VTR:RoutePoint:119957"/>
                </PointOnRoute>
                <PointOnRoute version="1" id="VTR:PointOnRoute:119958" order="10">
                  <RoutePointRef ref="VTR:RoutePoint:119958"/>
                </PointOnRoute>
                <PointOnRoute version="1" id="VTR:PointOnRoute:119959" order="11">
                  <RoutePointRef ref="VTR:RoutePoint:119959"/>
                </PointOnRoute>
              </pointsInSequence>
            </Route>
          </routes>
          <lines>
            <Line version="2824" id="VTR:Line:2763">
              <Name>Kaišiadorys-Juodiškės per Antakalnį</Name>
              <TransportMode>bus</TransportMode>
              <TransportSubmode>
                <BusSubmode>regionalBus</BusSubmode>
              </TransportSubmode>
              <PublicCode>89-1</PublicCode>
              <OperatorRef ref="VTR:Operator:13"/>
            </Line>
          </lines>
          <scheduledStopPoints>
            <ScheduledStopPoint version="1" id="VTR:ScheduledStopPoint:119949">
              <Name>Kaišiadorių Autobusų stotis</Name>
            </ScheduledStopPoint>
            <ScheduledStopPoint version="1" id="VTR:ScheduledStopPoint:119950">
              <Name>Kęstučio g.</Name>
            </ScheduledStopPoint>
            <ScheduledStopPoint version="1" id="VTR:ScheduledStopPoint:119951">
              <Name>Pėsčiųjų tiltas</Name>
            </ScheduledStopPoint>
            <ScheduledStopPoint version="1" id="VTR:ScheduledStopPoint:119952">
              <Name>Centras</Name>
            </ScheduledStopPoint>
            <ScheduledStopPoint version="1" id="VTR:ScheduledStopPoint:119953">
              <Name>Teismo rūmai</Name>
            </ScheduledStopPoint>
            <ScheduledStopPoint version="1" id="VTR:ScheduledStopPoint:119954">
              <Name>Prekybos centras</Name>
            </ScheduledStopPoint>
            <ScheduledStopPoint version="1" id="VTR:ScheduledStopPoint:119955">
              <Name>Paukštynas</Name>
            </ScheduledStopPoint>
            <ScheduledStopPoint version="1" id="VTR:ScheduledStopPoint:119956">
              <Name>Grėbliautiškės</Name>
            </ScheduledStopPoint>
            <ScheduledStopPoint version="1" id="VTR:ScheduledStopPoint:119957">
              <Name>Antakalnis</Name>
            </ScheduledStopPoint>
            <ScheduledStopPoint version="1" id="VTR:ScheduledStopPoint:119958">
              <Name>Uogintai</Name>
            </ScheduledStopPoint>
            <ScheduledStopPoint version="1" id="VTR:ScheduledStopPoint:119959">
              <Name>Juodiškės</Name>
            </ScheduledStopPoint>
          </scheduledStopPoints>
          <serviceLinks>
            <ServiceLink id="VTR:ServiceLink:119958_1_119959_1" version="1">
              <Distance>2</Distance>
              <FromPointRef ref="VTR:ScheduledStopPoint:119958" version="1"/>
              <ToPointRef ref="VTR:ScheduledStopPoint:119959" version="1"/>
            </ServiceLink>
            <ServiceLink id="VTR:ServiceLink:119950_1_119951_1" version="1">
              <Distance>0</Distance>
              <FromPointRef ref="VTR:ScheduledStopPoint:119950" version="1"/>
              <ToPointRef ref="VTR:ScheduledStopPoint:119951" version="1"/>
            </ServiceLink>
            <ServiceLink id="VTR:ServiceLink:119956_1_119957_1" version="1">
              <Distance>1</Distance>
              <FromPointRef ref="VTR:ScheduledStopPoint:119956" version="1"/>
              <ToPointRef ref="VTR:ScheduledStopPoint:119957" version="1"/>
            </ServiceLink>
            <ServiceLink id="VTR:ServiceLink:119949_1_119950_1" version="1">
              <Distance>1</Distance>
              <FromPointRef ref="VTR:ScheduledStopPoint:119949" version="1"/>
              <ToPointRef ref="VTR:ScheduledStopPoint:119950" version="1"/>
            </ServiceLink>
            <ServiceLink id="VTR:ServiceLink:119953_1_119954_1" version="1">
              <Distance>0</Distance>
              <FromPointRef ref="VTR:ScheduledStopPoint:119953" version="1"/>
              <ToPointRef ref="VTR:ScheduledStopPoint:119954" version="1"/>
            </ServiceLink>
            <ServiceLink id="VTR:ServiceLink:119955_1_119956_1" version="1">
              <Distance>3</Distance>
              <FromPointRef ref="VTR:ScheduledStopPoint:119955" version="1"/>
              <ToPointRef ref="VTR:ScheduledStopPoint:119956" version="1"/>
            </ServiceLink>
            <ServiceLink id="VTR:ServiceLink:119952_1_119953_1" version="1">
              <Distance>0</Distance>
              <FromPointRef ref="VTR:ScheduledStopPoint:119952" version="1"/>
              <ToPointRef ref="VTR:ScheduledStopPoint:119953" version="1"/>
            </ServiceLink>
            <ServiceLink id="VTR:ServiceLink:119954_1_119955_1" version="1">
              <Distance>3</Distance>
              <FromPointRef ref="VTR:ScheduledStopPoint:119954" version="1"/>
              <ToPointRef ref="VTR:ScheduledStopPoint:119955" version="1"/>
            </ServiceLink>
            <ServiceLink id="VTR:ServiceLink:119957_1_119958_1" version="1">
              <Distance>2</Distance>
              <FromPointRef ref="VTR:ScheduledStopPoint:119957" version="1"/>
              <ToPointRef ref="VTR:ScheduledStopPoint:119958" version="1"/>
            </ServiceLink>
            <ServiceLink id="VTR:ServiceLink:119951_1_119952_1" version="1">
              <Distance>0</Distance>
              <FromPointRef ref="VTR:ScheduledStopPoint:119951" version="1"/>
              <ToPointRef ref="VTR:ScheduledStopPoint:119952" version="1"/>
            </ServiceLink>
          </serviceLinks>
          <stopAssignments>
            <PassengerStopAssignment order="712700000" id="VTR:PassengerStopAssignment:119949" version="1">
              <ScheduledStopPointRef ref="VTR:ScheduledStopPoint:119949" version="1"/>
              <QuayRef ref="VTR:Quay:23769"/>
            </PassengerStopAssignment>
            <PassengerStopAssignment order="712700001" id="VTR:PassengerStopAssignment:119950" version="1">
              <ScheduledStopPointRef ref="VTR:ScheduledStopPoint:119950" version="1"/>
              <QuayRef ref="VTR:Quay:8776"/>
            </PassengerStopAssignment>
            <PassengerStopAssignment order="712700002" id="VTR:PassengerStopAssignment:119951" version="1">
              <ScheduledStopPointRef ref="VTR:ScheduledStopPoint:119951" version="1"/>
              <QuayRef ref="VTR:Quay:8839"/>
            </PassengerStopAssignment>
            <PassengerStopAssignment order="712700003" id="VTR:PassengerStopAssignment:119952" version="1">
              <ScheduledStopPointRef ref="VTR:ScheduledStopPoint:119952" version="1"/>
              <QuayRef ref="VTR:Quay:9759"/>
            </PassengerStopAssignment>
            <PassengerStopAssignment order="712700004" id="VTR:PassengerStopAssignment:119953" version="1">
              <ScheduledStopPointRef ref="VTR:ScheduledStopPoint:119953" version="1"/>
              <QuayRef ref="VTR:Quay:9718"/>
            </PassengerStopAssignment>
            <PassengerStopAssignment order="712700005" id="VTR:PassengerStopAssignment:119954" version="1">
              <ScheduledStopPointRef ref="VTR:ScheduledStopPoint:119954" version="1"/>
              <QuayRef ref="VTR:Quay:9758"/>
            </PassengerStopAssignment>
            <PassengerStopAssignment order="712700006" id="VTR:PassengerStopAssignment:119955" version="1">
              <ScheduledStopPointRef ref="VTR:ScheduledStopPoint:119955" version="1"/>
              <QuayRef ref="VTR:Quay:11969"/>
            </PassengerStopAssignment>
            <PassengerStopAssignment order="712700007" id="VTR:PassengerStopAssignment:119956" version="1">
              <ScheduledStopPointRef ref="VTR:ScheduledStopPoint:119956" version="1"/>
              <QuayRef ref="VTR:Quay:8154"/>
            </PassengerStopAssignment>
            <PassengerStopAssignment order="712700008" id="VTR:PassengerStopAssignment:119957" version="1">
              <ScheduledStopPointRef ref="VTR:ScheduledStopPoint:119957" version="1"/>
              <QuayRef ref="VTR:Quay:10962"/>
            </PassengerStopAssignment>
            <PassengerStopAssignment order="712700009" id="VTR:PassengerStopAssignment:119958" version="1">
              <ScheduledStopPointRef ref="VTR:ScheduledStopPoint:119958" version="1"/>
              <QuayRef ref="VTR:Quay:13459"/>
            </PassengerStopAssignment>
            <PassengerStopAssignment order="712700010" id="VTR:PassengerStopAssignment:119959" version="1">
              <ScheduledStopPointRef ref="VTR:ScheduledStopPoint:119959" version="1"/>
              <QuayRef ref="VTR:Quay:11425"/>
            </PassengerStopAssignment>
          </stopAssignments>
          <journeyPatterns>
            <JourneyPattern id="VTR:JourneyPattern:57145" version="57208">
              <Name>3</Name>
              <RouteRef ref="VTR:Route:7127" version="1"/>
              <pointsInSequence>
                <StopPointInJourneyPattern id="VTR:StopPointInJourneyPattern:1153038" version="57208" order="1">
                  <ScheduledStopPointRef ref="VTR:ScheduledStopPoint:119949"/>
                  <DestinationDisplayRef ref="VTR:DestinationDisplay:1"/>
                </StopPointInJourneyPattern>
                <StopPointInJourneyPattern id="VTR:StopPointInJourneyPattern:1153039" version="57208" order="2">
                  <ScheduledStopPointRef ref="VTR:ScheduledStopPoint:119950"/>
                  <DestinationDisplayRef ref="VTR:DestinationDisplay:1"/>
                </StopPointInJourneyPattern>
                <StopPointInJourneyPattern id="VTR:StopPointInJourneyPattern:1153040" version="57208" order="3">
                  <ScheduledStopPointRef ref="VTR:ScheduledStopPoint:119951"/>
                  <DestinationDisplayRef ref="VTR:DestinationDisplay:1"/>
                </StopPointInJourneyPattern>
                <StopPointInJourneyPattern id="VTR:StopPointInJourneyPattern:1153041" version="57208" order="4">
                  <ScheduledStopPointRef ref="VTR:ScheduledStopPoint:119952"/>
                  <DestinationDisplayRef ref="VTR:DestinationDisplay:1"/>
                </StopPointInJourneyPattern>
                <StopPointInJourneyPattern id="VTR:StopPointInJourneyPattern:1153042" version="57208" order="5">
                  <ScheduledStopPointRef ref="VTR:ScheduledStopPoint:119953"/>
                  <DestinationDisplayRef ref="VTR:DestinationDisplay:1"/>
                </StopPointInJourneyPattern>
                <StopPointInJourneyPattern id="VTR:StopPointInJourneyPattern:1153043" version="57208" order="6">
                  <ScheduledStopPointRef ref="VTR:ScheduledStopPoint:119954"/>
                  <DestinationDisplayRef ref="VTR:DestinationDisplay:1"/>
                </StopPointInJourneyPattern>
                <StopPointInJourneyPattern id="VTR:StopPointInJourneyPattern:1153044" version="57208" order="7">
                  <ScheduledStopPointRef ref="VTR:ScheduledStopPoint:119955"/>
                  <DestinationDisplayRef ref="VTR:DestinationDisplay:1"/>
                </StopPointInJourneyPattern>
                <StopPointInJourneyPattern id="VTR:StopPointInJourneyPattern:1153045" version="57208" order="8">
                  <ScheduledStopPointRef ref="VTR:ScheduledStopPoint:119956"/>
                  <DestinationDisplayRef ref="VTR:DestinationDisplay:1"/>
                </StopPointInJourneyPattern>
                <StopPointInJourneyPattern id="VTR:StopPointInJourneyPattern:1153046" version="57208" order="9">
                  <ScheduledStopPointRef ref="VTR:ScheduledStopPoint:119957"/>
                  <DestinationDisplayRef ref="VTR:DestinationDisplay:1"/>
                </StopPointInJourneyPattern>
                <StopPointInJourneyPattern id="VTR:StopPointInJourneyPattern:1153047" version="57208" order="10">
                  <ScheduledStopPointRef ref="VTR:ScheduledStopPoint:119958"/>
                  <DestinationDisplayRef ref="VTR:DestinationDisplay:1"/>
                </StopPointInJourneyPattern>
                <StopPointInJourneyPattern id="VTR:StopPointInJourneyPattern:1153048" version="57208" order="11">
                  <ScheduledStopPointRef ref="VTR:ScheduledStopPoint:119959"/>
                  <DestinationDisplayRef ref="VTR:DestinationDisplay:1"/>
                </StopPointInJourneyPattern>
              </pointsInSequence>
            </JourneyPattern>
          </journeyPatterns>
        </ServiceFrame>
        <TimetableFrame version="1" id="VTR:TimetableFrame:1381">
          <vehicleJourneys>
            <ServiceJourney version="57208" id="VTR:ServiceJourney:57145">
              <Name>Kaišiadorys-Juodiškės per Antakalnį</Name>
              <PrivateCode>3</PrivateCode>
              <dayTypes>
                <DayTypeRef ref="VTR:DayType:2792"/>
              </dayTypes>
              <JourneyPatternRef version="57208" ref="VTR:JourneyPattern:57145"/>
              <OperatorRef ref="VTR:Operator:"/>
              <LineRef ref="VTR:Line:2763" version="2824"/>
              <passingTimes>
                <TimetabledPassingTime version="57208" id="VTR:TimetabledPassingTime:57145_1153038_1">
                  <StopPointInJourneyPatternRef ref="VTR:StopPointInJourneyPattern:1153038" version="57208"/>
                  <DepartureTime>14:50:00</DepartureTime>
                  <DepartureDayOffset>0</DepartureDayOffset>
                </TimetabledPassingTime>
                <TimetabledPassingTime version="57208" id="VTR:TimetabledPassingTime:57145_1153039_2">
                  <StopPointInJourneyPatternRef ref="VTR:StopPointInJourneyPattern:1153039" version="57208"/>
                  <DepartureTime>14:55:00</DepartureTime>
                  <DepartureDayOffset>0</DepartureDayOffset>
                </TimetabledPassingTime>
                <TimetabledPassingTime version="57208" id="VTR:TimetabledPassingTime:57145_1153040_3">
                  <StopPointInJourneyPatternRef ref="VTR:StopPointInJourneyPattern:1153040" version="57208"/>
                  <DepartureTime>14:56:00</DepartureTime>
                  <DepartureDayOffset>0</DepartureDayOffset>
                </TimetabledPassingTime>
                <TimetabledPassingTime version="57208" id="VTR:TimetabledPassingTime:57145_1153041_4">
                  <StopPointInJourneyPatternRef ref="VTR:StopPointInJourneyPattern:1153041" version="57208"/>
                  <DepartureTime>14:57:00</DepartureTime>
                  <DepartureDayOffset>0</DepartureDayOffset>
                </TimetabledPassingTime>
                <TimetabledPassingTime version="57208" id="VTR:TimetabledPassingTime:57145_1153042_5">
                  <StopPointInJourneyPatternRef ref="VTR:StopPointInJourneyPattern:1153042" version="57208"/>
                  <DepartureTime>14:58:00</DepartureTime>
                  <DepartureDayOffset>0</DepartureDayOffset>
                </TimetabledPassingTime>
                <TimetabledPassingTime version="57208" id="VTR:TimetabledPassingTime:57145_1153043_6">
                  <StopPointInJourneyPatternRef ref="VTR:StopPointInJourneyPattern:1153043" version="57208"/>
                  <DepartureTime>15:00:00</DepartureTime>
                  <DepartureDayOffset>0</DepartureDayOffset>
                </TimetabledPassingTime>
                <TimetabledPassingTime version="57208" id="VTR:TimetabledPassingTime:57145_1153044_7">
                  <StopPointInJourneyPatternRef ref="VTR:StopPointInJourneyPattern:1153044" version="57208"/>
                  <DepartureTime>15:05:00</DepartureTime>
                  <DepartureDayOffset>0</DepartureDayOffset>
                </TimetabledPassingTime>
                <TimetabledPassingTime version="57208" id="VTR:TimetabledPassingTime:57145_1153045_8">
                  <StopPointInJourneyPatternRef ref="VTR:StopPointInJourneyPattern:1153045" version="57208"/>
                  <DepartureTime>15:09:00</DepartureTime>
                  <DepartureDayOffset>0</DepartureDayOffset>
                </TimetabledPassingTime>
                <TimetabledPassingTime version="57208" id="VTR:TimetabledPassingTime:57145_1153046_9">
                  <StopPointInJourneyPatternRef ref="VTR:StopPointInJourneyPattern:1153046" version="57208"/>
                  <DepartureTime>15:12:00</DepartureTime>
                  <DepartureDayOffset>0</DepartureDayOffset>
                </TimetabledPassingTime>
                <TimetabledPassingTime version="57208" id="VTR:TimetabledPassingTime:57145_1153047_10">
                  <StopPointInJourneyPatternRef ref="VTR:StopPointInJourneyPattern:1153047" version="57208"/>
                  <DepartureTime>15:16:00</DepartureTime>
                  <DepartureDayOffset>0</DepartureDayOffset>
                </TimetabledPassingTime>
                <TimetabledPassingTime version="57208" id="VTR:TimetabledPassingTime:57145_1153048_11">
                  <StopPointInJourneyPatternRef ref="VTR:StopPointInJourneyPattern:1153048" version="57208"/>
                  <DepartureTime>15:20:00</DepartureTime>
                  <DepartureDayOffset>0</DepartureDayOffset>
                </TimetabledPassingTime>
              </passingTimes>
            </ServiceJourney>
          </vehicleJourneys>
        </TimetableFrame>
        <ResourceFrame version="1" id="VTR:ResourceFrame:1381">
          <organisations>
            <Authority version="1" id="VTR:Authority:13">
              <CompanyNumber>49</CompanyNumber>
              <Name>Kaišiadorių r. sav.</Name>
              <LegalName>Kaišiadorių r. sav.</LegalName>
              <ContactDetails>
                <Email>meras@kaisiadorys.lt</Email>
                <Phone>834620480</Phone>
                <Url>www.kaisiadorys.lt</Url>
              </ContactDetails>
              <OrganisationType>authority</OrganisationType>
            </Authority>
          </organisations>
        </ResourceFrame>
        <FareFrame id="VTR:FareFrame:2763" version="1">
          <FrameDefaults>
            <DefaultCurrency>EUR</DefaultCurrency>
          </FrameDefaults>
          <fareStructureElements>
            <FareStructureElement id="VTR:FareStructureElement:pricematrix" version="1">
              <distanceMatrixElements>
                <DistanceMatrixElementRef ref="VTR:DistanceMatrixElement:1153038to1153039" version="1"/>
                <DistanceMatrixElementRef ref="VTR:DistanceMatrixElement:1153046to1153047" version="1"/>
                <DistanceMatrixElementRef ref="VTR:DistanceMatrixElement:1153038to1153043" version="1"/>
                <DistanceMatrixElementRef ref="VTR:DistanceMatrixElement:1153039to1153043" version="1"/>
                <DistanceMatrixElementRef ref="VTR:DistanceMatrixElement:1153039to1153047" version="1"/>
                <DistanceMatrixElementRef ref="VTR:DistanceMatrixElement:1153041to1153047" version="1"/>
                <DistanceMatrixElementRef ref="VTR:DistanceMatrixElement:1153045to1153046" version="1"/>
                <DistanceMatrixElementRef ref="VTR:DistanceMatrixElement:1153047to1153048" version="1"/>
                <DistanceMatrixElementRef ref="VTR:DistanceMatrixElement:1153038to1153045" version="1"/>
                <DistanceMatrixElementRef ref="VTR:DistanceMatrixElement:1153038to1153047" version="1"/>
                <DistanceMatrixElementRef ref="VTR:DistanceMatrixElement:1153039to1153048" version="1"/>
                <DistanceMatrixElementRef ref="VTR:DistanceMatrixElement:1153043to1153046" version="1"/>
                <DistanceMatrixElementRef ref="VTR:DistanceMatrixElement:1153043to1153048" version="1"/>
                <DistanceMatrixElementRef ref="VTR:DistanceMatrixElement:1153044to1153046" version="1"/>
                <DistanceMatrixElementRef ref="VTR:DistanceMatrixElement:1153046to1153048" version="1"/>
                <DistanceMatrixElementRef ref="VTR:DistanceMatrixElement:1153038to1153048" version="1"/>
                <DistanceMatrixElementRef ref="VTR:DistanceMatrixElement:1153039to1153045" version="1"/>
                <DistanceMatrixElementRef ref="VTR:DistanceMatrixElement:1153040to1153042" version="1"/>
                <DistanceMatrixElementRef ref="VTR:DistanceMatrixElement:1153040to1153044" version="1"/>
                <DistanceMatrixElementRef ref="VTR:DistanceMatrixElement:1153042to1153047" version="1"/>
                <DistanceMatrixElementRef ref="VTR:DistanceMatrixElement:1153042to1153048" version="1"/>
                <DistanceMatrixElementRef ref="VTR:DistanceMatrixElement:1153043to1153047" version="1"/>
                <DistanceMatrixElementRef ref="VTR:DistanceMatrixElement:1153038to1153042" version="1"/>
                <DistanceMatrixElementRef ref="VTR:DistanceMatrixElement:1153039to1153042" version="1"/>
                <DistanceMatrixElementRef ref="VTR:DistanceMatrixElement:1153040to1153048" version="1"/>
                <DistanceMatrixElementRef ref="VTR:DistanceMatrixElement:1153041to1153042" version="1"/>
                <DistanceMatrixElementRef ref="VTR:DistanceMatrixElement:1153041to1153044" version="1"/>
                <DistanceMatrixElementRef ref="VTR:DistanceMatrixElement:1153045to1153047" version="1"/>
                <DistanceMatrixElementRef ref="VTR:DistanceMatrixElement:1153045to1153048" version="1"/>
                <DistanceMatrixElementRef ref="VTR:DistanceMatrixElement:1153038to1153041" version="1"/>
                <DistanceMatrixElementRef ref="VTR:DistanceMatrixElement:1153040to1153047" version="1"/>
                <DistanceMatrixElementRef ref="VTR:DistanceMatrixElement:1153042to1153044" version="1"/>
                <DistanceMatrixElementRef ref="VTR:DistanceMatrixElement:1153042to1153045" version="1"/>
                <DistanceMatrixElementRef ref="VTR:DistanceMatrixElement:1153042to1153046" version="1"/>
                <DistanceMatrixElementRef ref="VTR:DistanceMatrixElement:1153044to1153047" version="1"/>
                <DistanceMatrixElementRef ref="VTR:DistanceMatrixElement:1153044to1153048" version="1"/>
                <DistanceMatrixElementRef ref="VTR:DistanceMatrixElement:1153039to1153040" version="1"/>
                <DistanceMatrixElementRef ref="VTR:DistanceMatrixElement:1153040to1153041" version="1"/>
                <DistanceMatrixElementRef ref="VTR:DistanceMatrixElement:1153040to1153045" version="1"/>
                <DistanceMatrixElementRef ref="VTR:DistanceMatrixElement:1153040to1153046" version="1"/>
                <DistanceMatrixElementRef ref="VTR:DistanceMatrixElement:1153041to1153043" version="1"/>
                <DistanceMatrixElementRef ref="VTR:DistanceMatrixElement:1153041to1153046" version="1"/>
                <DistanceMatrixElementRef ref="VTR:DistanceMatrixElement:1153042to1153043" version="1"/>
                <DistanceMatrixElementRef ref="VTR:DistanceMatrixElement:1153043to1153045" version="1"/>
                <DistanceMatrixElementRef ref="VTR:DistanceMatrixElement:1153039to1153046" version="1"/>
                <DistanceMatrixElementRef ref="VTR:DistanceMatrixElement:1153040to1153043" version="1"/>
                <DistanceMatrixElementRef ref="VTR:DistanceMatrixElement:1153041to1153045" version="1"/>
                <DistanceMatrixElementRef ref="VTR:DistanceMatrixElement:1153041to1153048" version="1"/>
                <DistanceMatrixElementRef ref="VTR:DistanceMatrixElement:1153044to1153045" version="1"/>
                <DistanceMatrixElementRef ref="VTR:DistanceMatrixElement:1153038to1153044" version="1"/>
                <DistanceMatrixElementRef ref="VTR:DistanceMatrixElement:1153038to1153046" version="1"/>
                <DistanceMatrixElementRef ref="VTR:DistanceMatrixElement:1153039to1153041" version="1"/>
                <DistanceMatrixElementRef ref="VTR:DistanceMatrixElement:1153039to1153044" version="1"/>
                <DistanceMatrixElementRef ref="VTR:DistanceMatrixElement:1153043to1153044" version="1"/>
                <DistanceMatrixElementRef ref="VTR:DistanceMatrixElement:1153038to1153040" version="1"/>
              </distanceMatrixElements>
            </FareStructureElement>
          </fareStructureElements>
          <tariffs>
            <Tariff id="VTR:Tariff:pointToPointInSeparateJourney_2763" version="1">
              <Name>Point to point tariff</Name>
              <distanceMatrixElements>
                <DistanceMatrixElement id="VTR:DistanceMatrixElement:1153038to1153039" version="1">
                  <Name>Kaišiadorių Autobusų stotis to Kęstučio g.</Name>
                  <StartStopPointRef ref="VTR:ScheduledStopPoint:119949" version="1"/>
                  <EndStopPointRef ref="VTR:ScheduledStopPoint:119950" version="1"/>
                  <prices>
                    <DistanceMatrixElementPrice id="VTR:DistanceMatrixElementPrice:1153038to1153039" version="1">
                      <Amount>0.39</Amount>
                      <DistanceMatrixElementRef ref="VTR:DistanceMatrixElement:1153038to1153039" version="1"/>
                    </DistanceMatrixElementPrice>
                  </prices>
                </DistanceMatrixElement>
                <DistanceMatrixElement id="VTR:DistanceMatrixElement:1153046to1153047" version="1">
                  <Name>Antakalnis to Uogintai</Name>
                  <StartStopPointRef ref="VTR:ScheduledStopPoint:119957" version="1"/>
                  <EndStopPointRef ref="VTR:ScheduledStopPoint:119958" version="1"/>
                  <prices>
                    <DistanceMatrixElementPrice id="VTR:DistanceMatrixElementPrice:1153046to1153047" version="1">
                      <Amount>0.23</Amount>
                      <DistanceMatrixElementRef ref="VTR:DistanceMatrixElement:1153046to1153047" version="1"/>
                    </DistanceMatrixElementPrice>
                  </prices>
                </DistanceMatrixElement>
                <DistanceMatrixElement id="VTR:DistanceMatrixElement:1153038to1153043" version="1">
                  <Name>Kaišiadorių Autobusų stotis to Prekybos centras</Name>
                  <StartStopPointRef ref="VTR:ScheduledStopPoint:119949" version="1"/>
                  <EndStopPointRef ref="VTR:ScheduledStopPoint:119954" version="1"/>
                  <prices>
                    <DistanceMatrixElementPrice id="VTR:DistanceMatrixElementPrice:1153038to1153043" version="1">
                      <Amount>0.41</Amount>
                      <DistanceMatrixElementRef ref="VTR:DistanceMatrixElement:1153038to1153043" version="1"/>
                    </DistanceMatrixElementPrice>
                  </prices>
                </DistanceMatrixElement>
                <DistanceMatrixElement id="VTR:DistanceMatrixElement:1153039to1153043" version="1">
                  <Name>Kęstučio g. to Prekybos centras</Name>
                  <StartStopPointRef ref="VTR:ScheduledStopPoint:119950" version="1"/>
                  <EndStopPointRef ref="VTR:ScheduledStopPoint:119954" version="1"/>
                  <prices>
                    <DistanceMatrixElementPrice id="VTR:DistanceMatrixElementPrice:1153039to1153043" version="1">
                      <Amount>0.39</Amount>
                      <DistanceMatrixElementRef ref="VTR:DistanceMatrixElement:1153039to1153043" version="1"/>
                    </DistanceMatrixElementPrice>
                  </prices>
                </DistanceMatrixElement>
                <DistanceMatrixElement id="VTR:DistanceMatrixElement:1153039to1153047" version="1">
                  <Name>Kęstučio g. to Uogintai</Name>
                  <StartStopPointRef ref="VTR:ScheduledStopPoint:119950" version="1"/>
                  <EndStopPointRef ref="VTR:ScheduledStopPoint:119958" version="1"/>
                  <prices>
                    <DistanceMatrixElementPrice id="VTR:DistanceMatrixElementPrice:1153039to1153047" version="1">
                      <Amount>1.27</Amount>
                      <DistanceMatrixElementRef ref="VTR:DistanceMatrixElement:1153039to1153047" version="1"/>
                    </DistanceMatrixElementPrice>
                  </prices>
                </DistanceMatrixElement>
                <DistanceMatrixElement id="VTR:DistanceMatrixElement:1153041to1153047" version="1">
                  <Name>Centras to Uogintai</Name>
                  <StartStopPointRef ref="VTR:ScheduledStopPoint:119952" version="1"/>
                  <EndStopPointRef ref="VTR:ScheduledStopPoint:119958" version="1"/>
                  <prices>
                    <DistanceMatrixElementPrice id="VTR:DistanceMatrixElementPrice:1153041to1153047" version="1">
                      <Amount>1.27</Amount>
                      <DistanceMatrixElementRef ref="VTR:DistanceMatrixElement:1153041to1153047" version="1"/>
                    </DistanceMatrixElementPrice>
                  </prices>
                </DistanceMatrixElement>
                <DistanceMatrixElement id="VTR:DistanceMatrixElement:1153045to1153046" version="1">
                  <Name>Grėbliautiškės to Antakalnis</Name>
                  <StartStopPointRef ref="VTR:ScheduledStopPoint:119956" version="1"/>
                  <EndStopPointRef ref="VTR:ScheduledStopPoint:119957" version="1"/>
                  <prices>
                    <DistanceMatrixElementPrice id="VTR:DistanceMatrixElementPrice:1153045to1153046" version="1">
                      <Amount>0.15</Amount>
                      <DistanceMatrixElementRef ref="VTR:DistanceMatrixElement:1153045to1153046" version="1"/>
                    </DistanceMatrixElementPrice>
                  </prices>
                </DistanceMatrixElement>
                <DistanceMatrixElement id="VTR:DistanceMatrixElement:1153047to1153048" version="1">
                  <Name>Uogintai to Juodiškės</Name>
                  <StartStopPointRef ref="VTR:ScheduledStopPoint:119958" version="1"/>
                  <EndStopPointRef ref="VTR:ScheduledStopPoint:119959" version="1"/>
                  <prices>
                    <DistanceMatrixElementPrice id="VTR:DistanceMatrixElementPrice:1153047to1153048" version="1">
                      <Amount>0.21</Amount>
                      <DistanceMatrixElementRef ref="VTR:DistanceMatrixElement:1153047to1153048" version="1"/>
                    </DistanceMatrixElementPrice>
                  </prices>
                </DistanceMatrixElement>
                <DistanceMatrixElement id="VTR:DistanceMatrixElement:1153038to1153045" version="1">
                  <Name>Kaišiadorių Autobusų stotis to Grėbliautiškės</Name>
                  <StartStopPointRef ref="VTR:ScheduledStopPoint:119949" version="1"/>
                  <EndStopPointRef ref="VTR:ScheduledStopPoint:119956" version="1"/>
                  <prices>
                    <DistanceMatrixElementPrice id="VTR:DistanceMatrixElementPrice:1153038to1153045" version="1">
                      <Amount>0.89</Amount>
                      <DistanceMatrixElementRef ref="VTR:DistanceMatrixElement:1153038to1153045" version="1"/>
                    </DistanceMatrixElementPrice>
                  </prices>
                </DistanceMatrixElement>
                <DistanceMatrixElement id="VTR:DistanceMatrixElement:1153038to1153047" version="1">
                  <Name>Kaišiadorių Autobusų stotis to Uogintai</Name>
                  <StartStopPointRef ref="VTR:ScheduledStopPoint:119949" version="1"/>
                  <EndStopPointRef ref="VTR:ScheduledStopPoint:119958" version="1"/>
                  <prices>
                    <DistanceMatrixElementPrice id="VTR:DistanceMatrixElementPrice:1153038to1153047" version="1">
                      <Amount>1.27</Amount>
                      <DistanceMatrixElementRef ref="VTR:DistanceMatrixElement:1153038to1153047" version="1"/>
                    </DistanceMatrixElementPrice>
                  </prices>
                </DistanceMatrixElement>
                <DistanceMatrixElement id="VTR:DistanceMatrixElement:1153039to1153048" version="1">
                  <Name>Kęstučio g. to Juodiškės</Name>
                  <StartStopPointRef ref="VTR:ScheduledStopPoint:119950" version="1"/>
                  <EndStopPointRef ref="VTR:ScheduledStopPoint:119959" version="1"/>
                  <prices>
                    <DistanceMatrixElementPrice id="VTR:DistanceMatrixElementPrice:1153039to1153048" version="1">
                      <Amount>1.49</Amount>
                      <DistanceMatrixElementRef ref="VTR:DistanceMatrixElement:1153039to1153048" version="1"/>
                    </DistanceMatrixElementPrice>
                  </prices>
                </DistanceMatrixElement>
                <DistanceMatrixElement id="VTR:DistanceMatrixElement:1153043to1153046" version="1">
                  <Name>Prekybos centras to Antakalnis</Name>
                  <StartStopPointRef ref="VTR:ScheduledStopPoint:119954" version="1"/>
                  <EndStopPointRef ref="VTR:ScheduledStopPoint:119957" version="1"/>
                  <prices>
                    <DistanceMatrixElementPrice id="VTR:DistanceMatrixElementPrice:1153043to1153046" version="1">
                      <Amount>1.04</Amount>
                      <DistanceMatrixElementRef ref="VTR:DistanceMatrixElement:1153043to1153046" version="1"/>
                    </DistanceMatrixElementPrice>
                  </prices>
                </DistanceMatrixElement>
                <DistanceMatrixElement id="VTR:DistanceMatrixElement:1153043to1153048" version="1">
                  <Name>Prekybos centras to Juodiškės</Name>
                  <StartStopPointRef ref="VTR:ScheduledStopPoint:119954" version="1"/>
                  <EndStopPointRef ref="VTR:ScheduledStopPoint:119959" version="1"/>
                  <prices>
                    <DistanceMatrixElementPrice id="VTR:DistanceMatrixElementPrice:1153043to1153048" version="1">
                      <Amount>1.49</Amount>
                      <DistanceMatrixElementRef ref="VTR:DistanceMatrixElement:1153043to1153048" version="1"/>
                    </DistanceMatrixElementPrice>
                  </prices>
                </DistanceMatrixElement>
                <DistanceMatrixElement id="VTR:DistanceMatrixElement:1153044to1153046" version="1">
                  <Name>Paukštynas to Antakalnis</Name>
                  <StartStopPointRef ref="VTR:ScheduledStopPoint:119955" version="1"/>
                  <EndStopPointRef ref="VTR:ScheduledStopPoint:119957" version="1"/>
                  <prices>
                    <DistanceMatrixElementPrice id="VTR:DistanceMatrixElementPrice:1153044to1153046" version="1">
                      <Amount>0.42</Amount>
                      <DistanceMatrixElementRef ref="VTR:DistanceMatrixElement:1153044to1153046" version="1"/>
                    </DistanceMatrixElementPrice>
                  </prices>
                </DistanceMatrixElement>
                <DistanceMatrixElement id="VTR:DistanceMatrixElement:1153046to1153048" version="1">
                  <Name>Antakalnis to Juodiškės</Name>
                  <StartStopPointRef ref="VTR:ScheduledStopPoint:119957" version="1"/>
                  <EndStopPointRef ref="VTR:ScheduledStopPoint:119959" version="1"/>
                  <prices>
                    <DistanceMatrixElementPrice id="VTR:DistanceMatrixElementPrice:1153046to1153048" version="1">
                      <Amount>0.44</Amount>
                      <DistanceMatrixElementRef ref="VTR:DistanceMatrixElement:1153046to1153048" version="1"/>
                    </DistanceMatrixElementPrice>
                  </prices>
                </DistanceMatrixElement>
                <DistanceMatrixElement id="VTR:DistanceMatrixElement:1153038to1153048" version="1">
                  <Name>Kaišiadorių Autobusų stotis to Juodiškės</Name>
                  <StartStopPointRef ref="VTR:ScheduledStopPoint:119949" version="1"/>
                  <EndStopPointRef ref="VTR:ScheduledStopPoint:119959" version="1"/>
                  <prices>
                    <DistanceMatrixElementPrice id="VTR:DistanceMatrixElementPrice:1153038to1153048" version="1">
                      <Amount>1.49</Amount>
                      <DistanceMatrixElementRef ref="VTR:DistanceMatrixElement:1153038to1153048" version="1"/>
                    </DistanceMatrixElementPrice>
                  </prices>
                </DistanceMatrixElement>
                <DistanceMatrixElement id="VTR:DistanceMatrixElement:1153039to1153045" version="1">
                  <Name>Kęstučio g. to Grėbliautiškės</Name>
                  <StartStopPointRef ref="VTR:ScheduledStopPoint:119950" version="1"/>
                  <EndStopPointRef ref="VTR:ScheduledStopPoint:119956" version="1"/>
                  <prices>
                    <DistanceMatrixElementPrice id="VTR:DistanceMatrixElementPrice:1153039to1153045" version="1">
                      <Amount>0.89</Amount>
                      <DistanceMatrixElementRef ref="VTR:DistanceMatrixElement:1153039to1153045" version="1"/>
                    </DistanceMatrixElementPrice>
                  </prices>
                </DistanceMatrixElement>
                <DistanceMatrixElement id="VTR:DistanceMatrixElement:1153040to1153042" version="1">
                  <Name>Pėsčiųjų tiltas to Teismo rūmai</Name>
                  <StartStopPointRef ref="VTR:ScheduledStopPoint:119951" version="1"/>
                  <EndStopPointRef ref="VTR:ScheduledStopPoint:119953" version="1"/>
                  <prices>
                    <DistanceMatrixElementPrice id="VTR:DistanceMatrixElementPrice:1153040to1153042" version="1">
                      <Amount>0.39</Amount>
                      <DistanceMatrixElementRef ref="VTR:DistanceMatrixElement:1153040to1153042" version="1"/>
                    </DistanceMatrixElementPrice>
                  </prices>
                </DistanceMatrixElement>
                <DistanceMatrixElement id="VTR:DistanceMatrixElement:1153040to1153044" version="1">
                  <Name>Pėsčiųjų tiltas to Paukštynas</Name>
                  <StartStopPointRef ref="VTR:ScheduledStopPoint:119951" version="1"/>
                  <EndStopPointRef ref="VTR:ScheduledStopPoint:119955" version="1"/>
                  <prices>
                    <DistanceMatrixElementPrice id="VTR:DistanceMatrixElementPrice:1153040to1153044" version="1">
                      <Amount>0.63</Amount>
                      <DistanceMatrixElementRef ref="VTR:DistanceMatrixElement:1153040to1153044" version="1"/>
                    </DistanceMatrixElementPrice>
                  </prices>
                </DistanceMatrixElement>
                <DistanceMatrixElement id="VTR:DistanceMatrixElement:1153042to1153047" version="1">
                  <Name>Teismo rūmai to Uogintai</Name>
                  <StartStopPointRef ref="VTR:ScheduledStopPoint:119953" version="1"/>
                  <EndStopPointRef ref="VTR:ScheduledStopPoint:119958" version="1"/>
                  <prices>
                    <DistanceMatrixElementPrice id="VTR:DistanceMatrixElementPrice:1153042to1153047" version="1">
                      <Amount>1.27</Amount>
                      <DistanceMatrixElementRef ref="VTR:DistanceMatrixElement:1153042to1153047" version="1"/>
                    </DistanceMatrixElementPrice>
                  </prices>
                </DistanceMatrixElement>
                <DistanceMatrixElement id="VTR:DistanceMatrixElement:1153042to1153048" version="1">
                  <Name>Teismo rūmai to Juodiškės</Name>
                  <StartStopPointRef ref="VTR:ScheduledStopPoint:119953" version="1"/>
                  <EndStopPointRef ref="VTR:ScheduledStopPoint:119959" version="1"/>
                  <prices>
                    <DistanceMatrixElementPrice id="VTR:DistanceMatrixElementPrice:1153042to1153048" version="1">
                      <Amount>1.49</Amount>
                      <DistanceMatrixElementRef ref="VTR:DistanceMatrixElement:1153042to1153048" version="1"/>
                    </DistanceMatrixElementPrice>
                  </prices>
                </DistanceMatrixElement>
                <DistanceMatrixElement id="VTR:DistanceMatrixElement:1153043to1153047" version="1">
                  <Name>Prekybos centras to Uogintai</Name>
                  <StartStopPointRef ref="VTR:ScheduledStopPoint:119954" version="1"/>
                  <EndStopPointRef ref="VTR:ScheduledStopPoint:119958" version="1"/>
                  <prices>
                    <DistanceMatrixElementPrice id="VTR:DistanceMatrixElementPrice:1153043to1153047" version="1">
                      <Amount>1.27</Amount>
                      <DistanceMatrixElementRef ref="VTR:DistanceMatrixElement:1153043to1153047" version="1"/>
                    </DistanceMatrixElementPrice>
                  </prices>
                </DistanceMatrixElement>
                <DistanceMatrixElement id="VTR:DistanceMatrixElement:1153038to1153042" version="1">
                  <Name>Kaišiadorių Autobusų stotis to Teismo rūmai</Name>
                  <StartStopPointRef ref="VTR:ScheduledStopPoint:119949" version="1"/>
                  <EndStopPointRef ref="VTR:ScheduledStopPoint:119953" version="1"/>
                  <prices>
                    <DistanceMatrixElementPrice id="VTR:DistanceMatrixElementPrice:1153038to1153042" version="1">
                      <Amount>0.39</Amount>
                      <DistanceMatrixElementRef ref="VTR:DistanceMatrixElement:1153038to1153042" version="1"/>
                    </DistanceMatrixElementPrice>
                  </prices>
                </DistanceMatrixElement>
                <DistanceMatrixElement id="VTR:DistanceMatrixElement:1153039to1153042" version="1">
                  <Name>Kęstučio g. to Teismo rūmai</Name>
                  <StartStopPointRef ref="VTR:ScheduledStopPoint:119950" version="1"/>
                  <EndStopPointRef ref="VTR:ScheduledStopPoint:119953" version="1"/>
                  <prices>
                    <DistanceMatrixElementPrice id="VTR:DistanceMatrixElementPrice:1153039to1153042" version="1">
                      <Amount>0.39</Amount>
                      <DistanceMatrixElementRef ref="VTR:DistanceMatrixElement:1153039to1153042" version="1"/>
                    </DistanceMatrixElementPrice>
                  </prices>
                </DistanceMatrixElement>
                <DistanceMatrixElement id="VTR:DistanceMatrixElement:1153040to1153048" version="1">
                  <Name>Pėsčiųjų tiltas to Juodiškės</Name>
                  <StartStopPointRef ref="VTR:ScheduledStopPoint:119951" version="1"/>
                  <EndStopPointRef ref="VTR:ScheduledStopPoint:119959" version="1"/>
                  <prices>
                    <DistanceMatrixElementPrice id="VTR:DistanceMatrixElementPrice:1153040to1153048" version="1">
                      <Amount>1.49</Amount>
                      <DistanceMatrixElementRef ref="VTR:DistanceMatrixElement:1153040to1153048" version="1"/>
                    </DistanceMatrixElementPrice>
                  </prices>
                </DistanceMatrixElement>
                <DistanceMatrixElement id="VTR:DistanceMatrixElement:1153041to1153042" version="1">
                  <Name>Centras to Teismo rūmai</Name>
                  <StartStopPointRef ref="VTR:ScheduledStopPoint:119952" version="1"/>
                  <EndStopPointRef ref="VTR:ScheduledStopPoint:119953" version="1"/>
                  <prices>
                    <DistanceMatrixElementPrice id="VTR:DistanceMatrixElementPrice:1153041to1153042" version="1">
                      <Amount>0.39</Amount>
                      <DistanceMatrixElementRef ref="VTR:DistanceMatrixElement:1153041to1153042" version="1"/>
                    </DistanceMatrixElementPrice>
                  </prices>
                </DistanceMatrixElement>
                <DistanceMatrixElement id="VTR:DistanceMatrixElement:1153041to1153044" version="1">
                  <Name>Centras to Paukštynas</Name>
                  <StartStopPointRef ref="VTR:ScheduledStopPoint:119952" version="1"/>
                  <EndStopPointRef ref="VTR:ScheduledStopPoint:119955" version="1"/>
                  <prices>
                    <DistanceMatrixElementPrice id="VTR:DistanceMatrixElementPrice:1153041to1153044" version="1">
                      <Amount>0.63</Amount>
                      <DistanceMatrixElementRef ref="VTR:DistanceMatrixElement:1153041to1153044" version="1"/>
                    </DistanceMatrixElementPrice>
                  </prices>
                </DistanceMatrixElement>
                <DistanceMatrixElement id="VTR:DistanceMatrixElement:1153045to1153047" version="1">
                  <Name>Grėbliautiškės to Uogintai</Name>
                  <StartStopPointRef ref="VTR:ScheduledStopPoint:119956" version="1"/>
                  <EndStopPointRef ref="VTR:ScheduledStopPoint:119958" version="1"/>
                  <prices>
                    <DistanceMatrixElementPrice id="VTR:DistanceMatrixElementPrice:1153045to1153047" version="1">
                      <Amount>0.38</Amount>
                      <DistanceMatrixElementRef ref="VTR:DistanceMatrixElement:1153045to1153047" version="1"/>
                    </DistanceMatrixElementPrice>
                  </prices>
                </DistanceMatrixElement>
                <DistanceMatrixElement id="VTR:DistanceMatrixElement:1153045to1153048" version="1">
                  <Name>Grėbliautiškės to Juodiškės</Name>
                  <StartStopPointRef ref="VTR:ScheduledStopPoint:119956" version="1"/>
                  <EndStopPointRef ref="VTR:ScheduledStopPoint:119959" version="1"/>
                  <prices>
                    <DistanceMatrixElementPrice id="VTR:DistanceMatrixElementPrice:1153045to1153048" version="1">
                      <Amount>0.59</Amount>
                      <DistanceMatrixElementRef ref="VTR:DistanceMatrixElement:1153045to1153048" version="1"/>
                    </DistanceMatrixElementPrice>
                  </prices>
                </DistanceMatrixElement>
                <DistanceMatrixElement id="VTR:DistanceMatrixElement:1153038to1153041" version="1">
                  <Name>Kaišiadorių Autobusų stotis to Centras</Name>
                  <StartStopPointRef ref="VTR:ScheduledStopPoint:119949" version="1"/>
                  <EndStopPointRef ref="VTR:ScheduledStopPoint:119952" version="1"/>
                  <prices>
                    <DistanceMatrixElementPrice id="VTR:DistanceMatrixElementPrice:1153038to1153041" version="1">
                      <Amount>0.41</Amount>
                      <DistanceMatrixElementRef ref="VTR:DistanceMatrixElement:1153038to1153041" version="1"/>
                    </DistanceMatrixElementPrice>
                  </prices>
                </DistanceMatrixElement>
                <DistanceMatrixElement id="VTR:DistanceMatrixElement:1153040to1153047" version="1">
                  <Name>Pėsčiųjų tiltas to Uogintai</Name>
                  <StartStopPointRef ref="VTR:ScheduledStopPoint:119951" version="1"/>
                  <EndStopPointRef ref="VTR:ScheduledStopPoint:119958" version="1"/>
                  <prices>
                    <DistanceMatrixElementPrice id="VTR:DistanceMatrixElementPrice:1153040to1153047" version="1">
                      <Amount>1.27</Amount>
                      <DistanceMatrixElementRef ref="VTR:DistanceMatrixElement:1153040to1153047" version="1"/>
                    </DistanceMatrixElementPrice>
                  </prices>
                </DistanceMatrixElement>
                <DistanceMatrixElement id="VTR:DistanceMatrixElement:1153042to1153044" version="1">
                  <Name>Teismo rūmai to Paukštynas</Name>
                  <StartStopPointRef ref="VTR:ScheduledStopPoint:119953" version="1"/>
                  <EndStopPointRef ref="VTR:ScheduledStopPoint:119955" version="1"/>
                  <prices>
                    <DistanceMatrixElementPrice id="VTR:DistanceMatrixElementPrice:1153042to1153044" version="1">
                      <Amount>0.63</Amount>
                      <DistanceMatrixElementRef ref="VTR:DistanceMatrixElement:1153042to1153044" version="1"/>
                    </DistanceMatrixElementPrice>
                  </prices>
                </DistanceMatrixElement>
                <DistanceMatrixElement id="VTR:DistanceMatrixElement:1153042to1153045" version="1">
                  <Name>Teismo rūmai to Grėbliautiškės</Name>
                  <StartStopPointRef ref="VTR:ScheduledStopPoint:119953" version="1"/>
                  <EndStopPointRef ref="VTR:ScheduledStopPoint:119956" version="1"/>
                  <prices>
                    <DistanceMatrixElementPrice id="VTR:DistanceMatrixElementPrice:1153042to1153045" version="1">
                      <Amount>0.89</Amount>
                      <DistanceMatrixElementRef ref="VTR:DistanceMatrixElement:1153042to1153045" version="1"/>
                    </DistanceMatrixElementPrice>
                  </prices>
                </DistanceMatrixElement>
                <DistanceMatrixElement id="VTR:DistanceMatrixElement:1153042to1153046" version="1">
                  <Name>Teismo rūmai to Antakalnis</Name>
                  <StartStopPointRef ref="VTR:ScheduledStopPoint:119953" version="1"/>
                  <EndStopPointRef ref="VTR:ScheduledStopPoint:119957" version="1"/>
                  <prices>
                    <DistanceMatrixElementPrice id="VTR:DistanceMatrixElementPrice:1153042to1153046" version="1">
                      <Amount>1.04</Amount>
                      <DistanceMatrixElementRef ref="VTR:DistanceMatrixElement:1153042to1153046" version="1"/>
                    </DistanceMatrixElementPrice>
                  </prices>
                </DistanceMatrixElement>
                <DistanceMatrixElement id="VTR:DistanceMatrixElement:1153044to1153047" version="1">
                  <Name>Paukštynas to Uogintai</Name>
                  <StartStopPointRef ref="VTR:ScheduledStopPoint:119955" version="1"/>
                  <EndStopPointRef ref="VTR:ScheduledStopPoint:119958" version="1"/>
                  <prices>
                    <DistanceMatrixElementPrice id="VTR:DistanceMatrixElementPrice:1153044to1153047" version="1">
                      <Amount>0.65</Amount>
                      <DistanceMatrixElementRef ref="VTR:DistanceMatrixElement:1153044to1153047" version="1"/>
                    </DistanceMatrixElementPrice>
                  </prices>
                </DistanceMatrixElement>
                <DistanceMatrixElement id="VTR:DistanceMatrixElement:1153044to1153048" version="1">
                  <Name>Paukštynas to Juodiškės</Name>
                  <StartStopPointRef ref="VTR:ScheduledStopPoint:119955" version="1"/>
                  <EndStopPointRef ref="VTR:ScheduledStopPoint:119959" version="1"/>
                  <prices>
                    <DistanceMatrixElementPrice id="VTR:DistanceMatrixElementPrice:1153044to1153048" version="1">
                      <Amount>0.86</Amount>
                      <DistanceMatrixElementRef ref="VTR:DistanceMatrixElement:1153044to1153048" version="1"/>
                    </DistanceMatrixElementPrice>
                  </prices>
                </DistanceMatrixElement>
                <DistanceMatrixElement id="VTR:DistanceMatrixElement:1153039to1153040" version="1">
                  <Name>Kęstučio g. to Pėsčiųjų tiltas</Name>
                  <StartStopPointRef ref="VTR:ScheduledStopPoint:119950" version="1"/>
                  <EndStopPointRef ref="VTR:ScheduledStopPoint:119951" version="1"/>
                  <prices>
                    <DistanceMatrixElementPrice id="VTR:DistanceMatrixElementPrice:1153039to1153040" version="1">
                      <Amount>0.39</Amount>
                      <DistanceMatrixElementRef ref="VTR:DistanceMatrixElement:1153039to1153040" version="1"/>
                    </DistanceMatrixElementPrice>
                  </prices>
                </DistanceMatrixElement>
                <DistanceMatrixElement id="VTR:DistanceMatrixElement:1153040to1153041" version="1">
                  <Name>Pėsčiųjų tiltas to Centras</Name>
                  <StartStopPointRef ref="VTR:ScheduledStopPoint:119951" version="1"/>
                  <EndStopPointRef ref="VTR:ScheduledStopPoint:119952" version="1"/>
                  <prices>
                    <DistanceMatrixElementPrice id="VTR:DistanceMatrixElementPrice:1153040to1153041" version="1">
                      <Amount>0.39</Amount>
                      <DistanceMatrixElementRef ref="VTR:DistanceMatrixElement:1153040to1153041" version="1"/>
                    </DistanceMatrixElementPrice>
                  </prices>
                </DistanceMatrixElement>
                <DistanceMatrixElement id="VTR:DistanceMatrixElement:1153040to1153045" version="1">
                  <Name>Pėsčiųjų tiltas to Grėbliautiškės</Name>
                  <StartStopPointRef ref="VTR:ScheduledStopPoint:119951" version="1"/>
                  <EndStopPointRef ref="VTR:ScheduledStopPoint:119956" version="1"/>
                  <prices>
                    <DistanceMatrixElementPrice id="VTR:DistanceMatrixElementPrice:1153040to1153045" version="1">
                      <Amount>0.89</Amount>
                      <DistanceMatrixElementRef ref="VTR:DistanceMatrixElement:1153040to1153045" version="1"/>
                    </DistanceMatrixElementPrice>
                  </prices>
                </DistanceMatrixElement>
                <DistanceMatrixElement id="VTR:DistanceMatrixElement:1153040to1153046" version="1">
                  <Name>Pėsčiųjų tiltas to Antakalnis</Name>
                  <StartStopPointRef ref="VTR:ScheduledStopPoint:119951" version="1"/>
                  <EndStopPointRef ref="VTR:ScheduledStopPoint:119957" version="1"/>
                  <prices>
                    <DistanceMatrixElementPrice id="VTR:DistanceMatrixElementPrice:1153040to1153046" version="1">
                      <Amount>1.04</Amount>
                      <DistanceMatrixElementRef ref="VTR:DistanceMatrixElement:1153040to1153046" version="1"/>
                    </DistanceMatrixElementPrice>
                  </prices>
                </DistanceMatrixElement>
                <DistanceMatrixElement id="VTR:DistanceMatrixElement:1153041to1153043" version="1">
                  <Name>Centras to Prekybos centras</Name>
                  <StartStopPointRef ref="VTR:ScheduledStopPoint:119952" version="1"/>
                  <EndStopPointRef ref="VTR:ScheduledStopPoint:119954" version="1"/>
                  <prices>
                    <DistanceMatrixElementPrice id="VTR:DistanceMatrixElementPrice:1153041to1153043" version="1">
                      <Amount>0.39</Amount>
                      <DistanceMatrixElementRef ref="VTR:DistanceMatrixElement:1153041to1153043" version="1"/>
                    </DistanceMatrixElementPrice>
                  </prices>
                </DistanceMatrixElement>
                <DistanceMatrixElement id="VTR:DistanceMatrixElement:1153041to1153046" version="1">
                  <Name>Centras to Antakalnis</Name>
                  <StartStopPointRef ref="VTR:ScheduledStopPoint:119952" version="1"/>
                  <EndStopPointRef ref="VTR:ScheduledStopPoint:119957" version="1"/>
                  <prices>
                    <DistanceMatrixElementPrice id="VTR:DistanceMatrixElementPrice:1153041to1153046" version="1">
                      <Amount>1.04</Amount>
                      <DistanceMatrixElementRef ref="VTR:DistanceMatrixElement:1153041to1153046" version="1"/>
                    </DistanceMatrixElementPrice>
                  </prices>
                </DistanceMatrixElement>
                <DistanceMatrixElement id="VTR:DistanceMatrixElement:1153042to1153043" version="1">
                  <Name>Teismo rūmai to Prekybos centras</Name>
                  <StartStopPointRef ref="VTR:ScheduledStopPoint:119953" version="1"/>
                  <EndStopPointRef ref="VTR:ScheduledStopPoint:119954" version="1"/>
                  <prices>
                    <DistanceMatrixElementPrice id="VTR:DistanceMatrixElementPrice:1153042to1153043" version="1">
                      <Amount>0.39</Amount>
                      <DistanceMatrixElementRef ref="VTR:DistanceMatrixElement:1153042to1153043" version="1"/>
                    </DistanceMatrixElementPrice>
                  </prices>
                </DistanceMatrixElement>
                <DistanceMatrixElement id="VTR:DistanceMatrixElement:1153043to1153045" version="1">
                  <Name>Prekybos centras to Grėbliautiškės</Name>
                  <StartStopPointRef ref="VTR:ScheduledStopPoint:119954" version="1"/>
                  <EndStopPointRef ref="VTR:ScheduledStopPoint:119956" version="1"/>
                  <prices>
                    <DistanceMatrixElementPrice id="VTR:DistanceMatrixElementPrice:1153043to1153045" version="1">
                      <Amount>0.89</Amount>
                      <DistanceMatrixElementRef ref="VTR:DistanceMatrixElement:1153043to1153045" version="1"/>
                    </DistanceMatrixElementPrice>
                  </prices>
                </DistanceMatrixElement>
                <DistanceMatrixElement id="VTR:DistanceMatrixElement:1153039to1153046" version="1">
                  <Name>Kęstučio g. to Antakalnis</Name>
                  <StartStopPointRef ref="VTR:ScheduledStopPoint:119950" version="1"/>
                  <EndStopPointRef ref="VTR:ScheduledStopPoint:119957" version="1"/>
                  <prices>
                    <DistanceMatrixElementPrice id="VTR:DistanceMatrixElementPrice:1153039to1153046" version="1">
                      <Amount>1.04</Amount>
                      <DistanceMatrixElementRef ref="VTR:DistanceMatrixElement:1153039to1153046" version="1"/>
                    </DistanceMatrixElementPrice>
                  </prices>
                </DistanceMatrixElement>
                <DistanceMatrixElement id="VTR:DistanceMatrixElement:1153040to1153043" version="1">
                  <Name>Pėsčiųjų tiltas to Prekybos centras</Name>
                  <StartStopPointRef ref="VTR:ScheduledStopPoint:119951" version="1"/>
                  <EndStopPointRef ref="VTR:ScheduledStopPoint:119954" version="1"/>
                  <prices>
                    <DistanceMatrixElementPrice id="VTR:DistanceMatrixElementPrice:1153040to1153043" version="1">
                      <Amount>0.39</Amount>
                      <DistanceMatrixElementRef ref="VTR:DistanceMatrixElement:1153040to1153043" version="1"/>
                    </DistanceMatrixElementPrice>
                  </prices>
                </DistanceMatrixElement>
                <DistanceMatrixElement id="VTR:DistanceMatrixElement:1153041to1153045" version="1">
                  <Name>Centras to Grėbliautiškės</Name>
                  <StartStopPointRef ref="VTR:ScheduledStopPoint:119952" version="1"/>
                  <EndStopPointRef ref="VTR:ScheduledStopPoint:119956" version="1"/>
                  <prices>
                    <DistanceMatrixElementPrice id="VTR:DistanceMatrixElementPrice:1153041to1153045" version="1">
                      <Amount>0.89</Amount>
                      <DistanceMatrixElementRef ref="VTR:DistanceMatrixElement:1153041to1153045" version="1"/>
                    </DistanceMatrixElementPrice>
                  </prices>
                </DistanceMatrixElement>
                <DistanceMatrixElement id="VTR:DistanceMatrixElement:1153041to1153048" version="1">
                  <Name>Centras to Juodiškės</Name>
                  <StartStopPointRef ref="VTR:ScheduledStopPoint:119952" version="1"/>
                  <EndStopPointRef ref="VTR:ScheduledStopPoint:119959" version="1"/>
                  <prices>
                    <DistanceMatrixElementPrice id="VTR:DistanceMatrixElementPrice:1153041to1153048" version="1">
                      <Amount>1.49</Amount>
                      <DistanceMatrixElementRef ref="VTR:DistanceMatrixElement:1153041to1153048" version="1"/>
                    </DistanceMatrixElementPrice>
                  </prices>
                </DistanceMatrixElement>
                <DistanceMatrixElement id="VTR:DistanceMatrixElement:1153044to1153045" version="1">
                  <Name>Paukštynas to Grėbliautiškės</Name>
                  <StartStopPointRef ref="VTR:ScheduledStopPoint:119955" version="1"/>
                  <EndStopPointRef ref="VTR:ScheduledStopPoint:119956" version="1"/>
                  <prices>
                    <DistanceMatrixElementPrice id="VTR:DistanceMatrixElementPrice:1153044to1153045" version="1">
                      <Amount>0.27</Amount>
                      <DistanceMatrixElementRef ref="VTR:DistanceMatrixElement:1153044to1153045" version="1"/>
                    </DistanceMatrixElementPrice>
                  </prices>
                </DistanceMatrixElement>
                <DistanceMatrixElement id="VTR:DistanceMatrixElement:1153038to1153044" version="1">
                  <Name>Kaišiadorių Autobusų stotis to Paukštynas</Name>
                  <StartStopPointRef ref="VTR:ScheduledStopPoint:119949" version="1"/>
                  <EndStopPointRef ref="VTR:ScheduledStopPoint:119955" version="1"/>
                  <prices>
                    <DistanceMatrixElementPrice id="VTR:DistanceMatrixElementPrice:1153038to1153044" version="1">
                      <Amount>0.63</Amount>
                      <DistanceMatrixElementRef ref="VTR:DistanceMatrixElement:1153038to1153044" version="1"/>
                    </DistanceMatrixElementPrice>
                  </prices>
                </DistanceMatrixElement>
                <DistanceMatrixElement id="VTR:DistanceMatrixElement:1153038to1153046" version="1">
                  <Name>Kaišiadorių Autobusų stotis to Antakalnis</Name>
                  <StartStopPointRef ref="VTR:ScheduledStopPoint:119949" version="1"/>
                  <EndStopPointRef ref="VTR:ScheduledStopPoint:119957" version="1"/>
                  <prices>
                    <DistanceMatrixElementPrice id="VTR:DistanceMatrixElementPrice:1153038to1153046" version="1">
                      <Amount>1.04</Amount>
                      <DistanceMatrixElementRef ref="VTR:DistanceMatrixElement:1153038to1153046" version="1"/>
                    </DistanceMatrixElementPrice>
                  </prices>
                </DistanceMatrixElement>
                <DistanceMatrixElement id="VTR:DistanceMatrixElement:1153039to1153041" version="1">
                  <Name>Kęstučio g. to Centras</Name>
                  <StartStopPointRef ref="VTR:ScheduledStopPoint:119950" version="1"/>
                  <EndStopPointRef ref="VTR:ScheduledStopPoint:119952" version="1"/>
                  <prices>
                    <DistanceMatrixElementPrice id="VTR:DistanceMatrixElementPrice:1153039to1153041" version="1">
                      <Amount>0.39</Amount>
                      <DistanceMatrixElementRef ref="VTR:DistanceMatrixElement:1153039to1153041" version="1"/>
                    </DistanceMatrixElementPrice>
                  </prices>
                </DistanceMatrixElement>
                <DistanceMatrixElement id="VTR:DistanceMatrixElement:1153039to1153044" version="1">
                  <Name>Kęstučio g. to Paukštynas</Name>
                  <StartStopPointRef ref="VTR:ScheduledStopPoint:119950" version="1"/>
                  <EndStopPointRef ref="VTR:ScheduledStopPoint:119955" version="1"/>
                  <prices>
                    <DistanceMatrixElementPrice id="VTR:DistanceMatrixElementPrice:1153039to1153044" version="1">
                      <Amount>0.63</Amount>
                      <DistanceMatrixElementRef ref="VTR:DistanceMatrixElement:1153039to1153044" version="1"/>
                    </DistanceMatrixElementPrice>
                  </prices>
                </DistanceMatrixElement>
                <DistanceMatrixElement id="VTR:DistanceMatrixElement:1153043to1153044" version="1">
                  <Name>Prekybos centras to Paukštynas</Name>
                  <StartStopPointRef ref="VTR:ScheduledStopPoint:119954" version="1"/>
                  <EndStopPointRef ref="VTR:ScheduledStopPoint:119955" version="1"/>
                  <prices>
                    <DistanceMatrixElementPrice id="VTR:DistanceMatrixElementPrice:1153043to1153044" version="1">
                      <Amount>0.63</Amount>
                      <DistanceMatrixElementRef ref="VTR:DistanceMatrixElement:1153043to1153044" version="1"/>
                    </DistanceMatrixElementPrice>
                  </prices>
                </DistanceMatrixElement>
                <DistanceMatrixElement id="VTR:DistanceMatrixElement:1153038to1153040" version="1">
                  <Name>Kaišiadorių Autobusų stotis to Pėsčiųjų tiltas</Name>
                  <StartStopPointRef ref="VTR:ScheduledStopPoint:119949" version="1"/>
                  <EndStopPointRef ref="VTR:ScheduledStopPoint:119951" version="1"/>
                  <prices>
                    <DistanceMatrixElementPrice id="VTR:DistanceMatrixElementPrice:1153038to1153040" version="1">
                      <Amount>0.41</Amount>
                      <DistanceMatrixElementRef ref="VTR:DistanceMatrixElement:1153038to1153040" version="1"/>
                    </DistanceMatrixElementPrice>
                  </prices>
                </DistanceMatrixElement>
              </distanceMatrixElements>
            </Tariff>
          </tariffs>
          <usageParameters>
            <FrequencyOfUse id="VTR:FrequencyOfUse:oneTrip" version="1">
              <FrequencyOfUseType>unlimited</FrequencyOfUseType>
              <MaximalFrequency>1</MaximalFrequency>
            </FrequencyOfUse>
          </usageParameters>
        </FareFrame>
      </frames>
    </CompositeFrame>
  </dataObjects>
</PublicationDelivery>
