<?xml version="1.0" encoding="UTF-8"?><PublicationDelivery xmlns="http://www.netex.org.uk/netex" xmlns:gis="http://www.opengis.net/gml/3.2" xmlns:ns2="http://www.opengis.net/gml/3.2" xmlns:ns3="http://www.siri.org.uk/siri" xmlns:xsi="http://www.w3.org/2001/XMLSchema-instance" version="1" xsi:schemaLocation="">
  <PublicationTimestamp>2022-05-07T03:25:00.575</PublicationTimestamp>
  <ParticipantRef>VTR</ParticipantRef>
  <Description>1</Description>
  <dataObjects>
    <CompositeFrame created="2022-05-07T03:25:00.575" version="1" id="VTR:CompositeFrame:1381">
      <validityConditions>
        <AvailabilityCondition version="1" id="VTR:AvailabilityCondition:1381">
          <FromDate>2015-11-03T08:49:53</FromDate>
          <ToDate>2027-12-30T00:00:00</ToDate>
        </AvailabilityCondition>
      </validityConditions>
      <codespaces>
        <Codespace id="vtr">
          <Xmlns>VTR</Xmlns>
          <XmlnsUrl>http://www.visimarsrutai.lt/</XmlnsUrl>
        </Codespace>
      </codespaces>
      <FrameDefaults>
        <DefaultLocale>
          <TimeZone>Europe/Vilnius</TimeZone>
        </DefaultLocale>
        <DefaultLocationSystem>WGS84</DefaultLocationSystem>
      </FrameDefaults>
      <frames>
        <ServiceCalendarFrame version="1" id="VTR:ServiceCalendarFrame:1381">
          <dayTypes>
            <DayType id="VTR:DayType:2793" version="1">
              <properties>
                <PropertyOfDay>
                  <DaysOfWeek>Tuesday</DaysOfWeek>
                </PropertyOfDay>
              </properties>
            </DayType>
          </dayTypes>
          <operatingPeriods>
            <OperatingPeriod version="1" id="VTR:OperatingPeriod:2793">
              <FromDate>2017-09-01T00:00:00</FromDate>
              <ToDate>2017-12-01T00:00:00</ToDate>
            </OperatingPeriod>
          </operatingPeriods>
          <dayTypeAssignments>
            <DayTypeAssignment id="VTR:DayTypeAssignment:2793_0" version="1" order="2192">
              <OperatingPeriodRef ref="VTR:OperatingPeriod:2793" version="1"/>
              <DayTypeRef ref="VTR:DayType:2793" version="1"/>
            </DayTypeAssignment>
          </dayTypeAssignments>
        </ServiceCalendarFrame>
        <ServiceFrame id="VTR:ServiceFrame:1381" version="1">
          <Network version="0" id="VTR:Network:13"/>
          <routePoints>
            <RoutePoint version="1" id="VTR:RoutePoint:119966">
              <projections>
                <PointProjection version="1" id="VTR:PointProjection:37224">
                  <ProjectedPointRef ref="VTR:ScheduledStopPoint:119966" version="1"/>
                </PointProjection>
              </projections>
            </RoutePoint>
            <RoutePoint version="1" id="VTR:RoutePoint:119967">
              <projections>
                <PointProjection version="1" id="VTR:PointProjection:37225">
                  <ProjectedPointRef ref="VTR:ScheduledStopPoint:119967" version="1"/>
                </PointProjection>
              </projections>
            </RoutePoint>
            <RoutePoint version="1" id="VTR:RoutePoint:119968">
              <projections>
                <PointProjection version="1" id="VTR:PointProjection:37226">
                  <ProjectedPointRef ref="VTR:ScheduledStopPoint:119968" version="1"/>
                </PointProjection>
              </projections>
            </RoutePoint>
            <RoutePoint version="1" id="VTR:RoutePoint:119969">
              <projections>
                <PointProjection version="1" id="VTR:PointProjection:37227">
                  <ProjectedPointRef ref="VTR:ScheduledStopPoint:119969" version="1"/>
                </PointProjection>
              </projections>
            </RoutePoint>
            <RoutePoint version="1" id="VTR:RoutePoint:119970">
              <projections>
                <PointProjection version="1" id="VTR:PointProjection:37228">
                  <ProjectedPointRef ref="VTR:ScheduledStopPoint:119970" version="1"/>
                </PointProjection>
              </projections>
            </RoutePoint>
            <RoutePoint version="1" id="VTR:RoutePoint:119971">
              <projections>
                <PointProjection version="1" id="VTR:PointProjection:37229">
                  <ProjectedPointRef ref="VTR:ScheduledStopPoint:119971" version="1"/>
                </PointProjection>
              </projections>
            </RoutePoint>
          </routePoints>
          <routes>
            <Route version="1" id="VTR:Route:7128">
              <Name>Juodiškės-Kaišiadorys per Antakalnį</Name>
              <ShortName>Juodiškės-Kaišiadorys per Antakalnį</ShortName>
              <LineRef ref="VTR:Line:2764" version="2825"/>
              <DirectionType>inbound</DirectionType>
              <pointsInSequence>
                <PointOnRoute version="1" id="VTR:PointOnRoute:119966" order="1">
                  <RoutePointRef ref="VTR:RoutePoint:119966"/>
                </PointOnRoute>
                <PointOnRoute version="1" id="VTR:PointOnRoute:119967" order="2">
                  <RoutePointRef ref="VTR:RoutePoint:119967"/>
                </PointOnRoute>
                <PointOnRoute version="1" id="VTR:PointOnRoute:119968" order="3">
                  <RoutePointRef ref="VTR:RoutePoint:119968"/>
                </PointOnRoute>
                <PointOnRoute version="1" id="VTR:PointOnRoute:119969" order="4">
                  <RoutePointRef ref="VTR:RoutePoint:119969"/>
                </PointOnRoute>
                <PointOnRoute version="1" id="VTR:PointOnRoute:119970" order="5">
                  <RoutePointRef ref="VTR:RoutePoint:119970"/>
                </PointOnRoute>
                <PointOnRoute version="1" id="VTR:PointOnRoute:119971" order="6">
                  <RoutePointRef ref="VTR:RoutePoint:119971"/>
                </PointOnRoute>
              </pointsInSequence>
            </Route>
          </routes>
          <lines>
            <Line version="2825" id="VTR:Line:2764">
              <Name>Juodiškės-Kaišiadorys per Antakalnį</Name>
              <TransportMode>bus</TransportMode>
              <TransportSubmode>
                <BusSubmode>regionalBus</BusSubmode>
              </TransportSubmode>
              <PublicCode>89-2</PublicCode>
              <OperatorRef ref="VTR:Operator:13"/>
            </Line>
          </lines>
          <scheduledStopPoints>
            <ScheduledStopPoint version="1" id="VTR:ScheduledStopPoint:119966">
              <Name>Juodiškės</Name>
            </ScheduledStopPoint>
            <ScheduledStopPoint version="1" id="VTR:ScheduledStopPoint:119967">
              <Name>Uogintai</Name>
            </ScheduledStopPoint>
            <ScheduledStopPoint version="1" id="VTR:ScheduledStopPoint:119968">
              <Name>Antakalnis</Name>
            </ScheduledStopPoint>
            <ScheduledStopPoint version="1" id="VTR:ScheduledStopPoint:119969">
              <Name>Grėbliautiškės</Name>
            </ScheduledStopPoint>
            <ScheduledStopPoint version="1" id="VTR:ScheduledStopPoint:119970">
              <Name>Paukštynas</Name>
            </ScheduledStopPoint>
            <ScheduledStopPoint version="1" id="VTR:ScheduledStopPoint:119971">
              <Name>Kaišiadorių Autobusų stotis</Name>
            </ScheduledStopPoint>
          </scheduledStopPoints>
          <serviceLinks>
            <ServiceLink id="VTR:ServiceLink:119968_1_119969_1" version="1">
              <Distance>1</Distance>
              <FromPointRef ref="VTR:ScheduledStopPoint:119968" version="1"/>
              <ToPointRef ref="VTR:ScheduledStopPoint:119969" version="1"/>
            </ServiceLink>
            <ServiceLink id="VTR:ServiceLink:119970_1_119971_1" version="1">
              <Distance>3</Distance>
              <FromPointRef ref="VTR:ScheduledStopPoint:119970" version="1"/>
              <ToPointRef ref="VTR:ScheduledStopPoint:119971" version="1"/>
            </ServiceLink>
            <ServiceLink id="VTR:ServiceLink:119966_1_119967_1" version="1">
              <Distance>1</Distance>
              <FromPointRef ref="VTR:ScheduledStopPoint:119966" version="1"/>
              <ToPointRef ref="VTR:ScheduledStopPoint:119967" version="1"/>
            </ServiceLink>
            <ServiceLink id="VTR:ServiceLink:119969_1_119970_1" version="1">
              <Distance>2</Distance>
              <FromPointRef ref="VTR:ScheduledStopPoint:119969" version="1"/>
              <ToPointRef ref="VTR:ScheduledStopPoint:119970" version="1"/>
            </ServiceLink>
            <ServiceLink id="VTR:ServiceLink:119967_1_119968_1" version="1">
              <Distance>2</Distance>
              <FromPointRef ref="VTR:ScheduledStopPoint:119967" version="1"/>
              <ToPointRef ref="VTR:ScheduledStopPoint:119968" version="1"/>
            </ServiceLink>
          </serviceLinks>
          <stopAssignments>
            <PassengerStopAssignment order="712800000" id="VTR:PassengerStopAssignment:119966" version="1">
              <ScheduledStopPointRef ref="VTR:ScheduledStopPoint:119966" version="1"/>
              <QuayRef ref="VTR:Quay:9419"/>
            </PassengerStopAssignment>
            <PassengerStopAssignment order="712800001" id="VTR:PassengerStopAssignment:119967" version="1">
              <ScheduledStopPointRef ref="VTR:ScheduledStopPoint:119967" version="1"/>
              <QuayRef ref="VTR:Quay:11340"/>
            </PassengerStopAssignment>
            <PassengerStopAssignment order="712800002" id="VTR:PassengerStopAssignment:119968" version="1">
              <ScheduledStopPointRef ref="VTR:ScheduledStopPoint:119968" version="1"/>
              <QuayRef ref="VTR:Quay:10962"/>
            </PassengerStopAssignment>
            <PassengerStopAssignment order="712800003" id="VTR:PassengerStopAssignment:119969" version="1">
              <ScheduledStopPointRef ref="VTR:ScheduledStopPoint:119969" version="1"/>
              <QuayRef ref="VTR:Quay:15995"/>
            </PassengerStopAssignment>
            <PassengerStopAssignment order="712800004" id="VTR:PassengerStopAssignment:119970" version="1">
              <ScheduledStopPointRef ref="VTR:ScheduledStopPoint:119970" version="1"/>
              <QuayRef ref="VTR:Quay:15131"/>
            </PassengerStopAssignment>
            <PassengerStopAssignment order="712800005" id="VTR:PassengerStopAssignment:119971" version="1">
              <ScheduledStopPointRef ref="VTR:ScheduledStopPoint:119971" version="1"/>
              <QuayRef ref="VTR:Quay:23769"/>
            </PassengerStopAssignment>
          </stopAssignments>
          <journeyPatterns>
            <JourneyPattern id="VTR:JourneyPattern:57148" version="57211">
              <Name>4</Name>
              <RouteRef ref="VTR:Route:7128" version="1"/>
              <pointsInSequence>
                <StopPointInJourneyPattern id="VTR:StopPointInJourneyPattern:1153061" version="57211" order="1">
                  <ScheduledStopPointRef ref="VTR:ScheduledStopPoint:119966"/>
                  <DestinationDisplayRef ref="VTR:DestinationDisplay:1"/>
                </StopPointInJourneyPattern>
                <StopPointInJourneyPattern id="VTR:StopPointInJourneyPattern:1153062" version="57211" order="2">
                  <ScheduledStopPointRef ref="VTR:ScheduledStopPoint:119967"/>
                  <DestinationDisplayRef ref="VTR:DestinationDisplay:1"/>
                </StopPointInJourneyPattern>
                <StopPointInJourneyPattern id="VTR:StopPointInJourneyPattern:1153063" version="57211" order="3">
                  <ScheduledStopPointRef ref="VTR:ScheduledStopPoint:119968"/>
                  <DestinationDisplayRef ref="VTR:DestinationDisplay:1"/>
                </StopPointInJourneyPattern>
                <StopPointInJourneyPattern id="VTR:StopPointInJourneyPattern:1153064" version="57211" order="4">
                  <ScheduledStopPointRef ref="VTR:ScheduledStopPoint:119969"/>
                  <DestinationDisplayRef ref="VTR:DestinationDisplay:1"/>
                </StopPointInJourneyPattern>
                <StopPointInJourneyPattern id="VTR:StopPointInJourneyPattern:1153065" version="57211" order="5">
                  <ScheduledStopPointRef ref="VTR:ScheduledStopPoint:119970"/>
                  <DestinationDisplayRef ref="VTR:DestinationDisplay:1"/>
                </StopPointInJourneyPattern>
                <StopPointInJourneyPattern id="VTR:StopPointInJourneyPattern:1153066" version="57211" order="6">
                  <ScheduledStopPointRef ref="VTR:ScheduledStopPoint:119971"/>
                  <DestinationDisplayRef ref="VTR:DestinationDisplay:1"/>
                </StopPointInJourneyPattern>
              </pointsInSequence>
            </JourneyPattern>
          </journeyPatterns>
        </ServiceFrame>
        <TimetableFrame version="1" id="VTR:TimetableFrame:1381">
          <vehicleJourneys>
            <ServiceJourney version="57211" id="VTR:ServiceJourney:57148">
              <Name>Juodiškės-Kaišiadorys per Antakalnį</Name>
              <PrivateCode>4</PrivateCode>
              <dayTypes>
                <DayTypeRef ref="VTR:DayType:2793"/>
              </dayTypes>
              <JourneyPatternRef version="57211" ref="VTR:JourneyPattern:57148"/>
              <OperatorRef ref="VTR:Operator:"/>
              <LineRef ref="VTR:Line:2764" version="2825"/>
              <passingTimes>
                <TimetabledPassingTime version="57211" id="VTR:TimetabledPassingTime:57148_1153061_1">
                  <StopPointInJourneyPatternRef ref="VTR:StopPointInJourneyPattern:1153061" version="57211"/>
                  <DepartureTime>15:21:00</DepartureTime>
                  <DepartureDayOffset>0</DepartureDayOffset>
                </TimetabledPassingTime>
                <TimetabledPassingTime version="57211" id="VTR:TimetabledPassingTime:57148_1153062_2">
                  <StopPointInJourneyPatternRef ref="VTR:StopPointInJourneyPattern:1153062" version="57211"/>
                  <DepartureTime>15:25:00</DepartureTime>
                  <DepartureDayOffset>0</DepartureDayOffset>
                </TimetabledPassingTime>
                <TimetabledPassingTime version="57211" id="VTR:TimetabledPassingTime:57148_1153063_3">
                  <StopPointInJourneyPatternRef ref="VTR:StopPointInJourneyPattern:1153063" version="57211"/>
                  <DepartureTime>15:29:00</DepartureTime>
                  <DepartureDayOffset>0</DepartureDayOffset>
                </TimetabledPassingTime>
                <TimetabledPassingTime version="57211" id="VTR:TimetabledPassingTime:57148_1153064_4">
                  <StopPointInJourneyPatternRef ref="VTR:StopPointInJourneyPattern:1153064" version="57211"/>
                  <DepartureTime>15:31:00</DepartureTime>
                  <DepartureDayOffset>0</DepartureDayOffset>
                </TimetabledPassingTime>
                <TimetabledPassingTime version="57211" id="VTR:TimetabledPassingTime:57148_1153065_5">
                  <StopPointInJourneyPatternRef ref="VTR:StopPointInJourneyPattern:1153065" version="57211"/>
                  <DepartureTime>15:35:00</DepartureTime>
                  <DepartureDayOffset>0</DepartureDayOffset>
                </TimetabledPassingTime>
                <TimetabledPassingTime version="57211" id="VTR:TimetabledPassingTime:57148_1153066_6">
                  <StopPointInJourneyPatternRef ref="VTR:StopPointInJourneyPattern:1153066" version="57211"/>
                  <DepartureTime>15:40:00</DepartureTime>
                  <DepartureDayOffset>0</DepartureDayOffset>
                </TimetabledPassingTime>
              </passingTimes>
            </ServiceJourney>
          </vehicleJourneys>
        </TimetableFrame>
        <ResourceFrame version="1" id="VTR:ResourceFrame:1381">
          <organisations>
            <Authority version="1" id="VTR:Authority:13">
              <CompanyNumber>49</CompanyNumber>
              <Name>Kaišiadorių r. sav.</Name>
              <LegalName>Kaišiadorių r. sav.</LegalName>
              <ContactDetails>
                <Email>meras@kaisiadorys.lt</Email>
                <Phone>834620480</Phone>
                <Url>www.kaisiadorys.lt</Url>
              </ContactDetails>
              <OrganisationType>authority</OrganisationType>
            </Authority>
          </organisations>
        </ResourceFrame>
        <FareFrame id="VTR:FareFrame:2764" version="1">
          <FrameDefaults>
            <DefaultCurrency>EUR</DefaultCurrency>
          </FrameDefaults>
          <usageParameters>
            <RoundTrip id="VTR:RoundTrip:single" version="1">
              <Name>Single</Name>
              <TripType>single</TripType>
            </RoundTrip>
            <FrequencyOfUse id="VTR:FrequencyOfUse:once" version="1">
              <Name>Once</Name>
              <MaximalFrequency>1</MaximalFrequency>
            </FrequencyOfUse>
          </usageParameters>
          <priceGroups>
            <PriceGroup id="VTR:PriceGroup:PG01" version="1">
              <Name>Flat Fare Products - Standard</Name>
              <members>
                <FareProductPrice id="VTR:FareProductPrice:standard" version="1">
                  <Name>Single fare</Name>
                  <Amount>0.41</Amount>
                  <Currency>EUR</Currency>
                </FareProductPrice>
              </members>
            </PriceGroup>
          </priceGroups>
        </FareFrame>
      </frames>
    </CompositeFrame>
  </dataObjects>
</PublicationDelivery>
