<?xml version="1.0" encoding="UTF-8"?><PublicationDelivery xmlns="http://www.netex.org.uk/netex" xmlns:gis="http://www.opengis.net/gml/3.2" xmlns:ns2="http://www.opengis.net/gml/3.2" xmlns:ns3="http://www.siri.org.uk/siri" xmlns:xsi="http://www.w3.org/2001/XMLSchema-instance" version="1" xsi:schemaLocation="">
  <PublicationTimestamp>2022-05-07T03:25:00.575</PublicationTimestamp>
  <ParticipantRef>VTR</ParticipantRef>
  <Description>1</Description>
  <dataObjects>
    <CompositeFrame created="2022-05-07T03:25:00.575" version="1" id="VTR:CompositeFrame:1381">
      <validityConditions>
        <AvailabilityCondition version="1" id="VTR:AvailabilityCondition:1381">
          <FromDate>2015-09-14T13:27:20</FromDate>
          <ToDate>2027-12-30T00:00:00</ToDate>
        </AvailabilityCondition>
      </validityConditions>
      <codespaces>
        <Codespace id="vtr">
          <Xmlns>VTR</Xmlns>
          <XmlnsUrl>http://www.visimarsrutai.lt/</XmlnsUrl>
        </Codespace>
      </codespaces>
      <FrameDefaults>
        <DefaultLocale>
          <TimeZone>Europe/Vilnius</TimeZone>
        </DefaultLocale>
        <DefaultLocationSystem>WGS84</DefaultLocationSystem>
      </FrameDefaults>
      <frames>
        <ServiceCalendarFrame version="1" id="VTR:ServiceCalendarFrame:1381">
          <dayTypes>
            <DayType id="VTR:DayType:2748" version="1">
              <properties>
                <PropertyOfDay>
                  <DaysOfWeek>Monday Tuesday Wednesday Thursday Friday</DaysOfWeek>
                </PropertyOfDay>
              </properties>
            </DayType>
          </dayTypes>
          <operatingPeriods>
            <OperatingPeriod version="1" id="VTR:OperatingPeriod:2748">
              <FromDate>2015-09-01T00:00:00</FromDate>
              <ToDate>2016-06-03T00:00:00</ToDate>
            </OperatingPeriod>
          </operatingPeriods>
          <dayTypeAssignments>
            <DayTypeAssignment id="VTR:DayTypeAssignment:2748_0" version="1" order="2171">
              <OperatingPeriodRef ref="VTR:OperatingPeriod:2748" version="1"/>
              <DayTypeRef ref="VTR:DayType:2748" version="1"/>
            </DayTypeAssignment>
          </dayTypeAssignments>
        </ServiceCalendarFrame>
        <ServiceFrame id="VTR:ServiceFrame:1381" version="1">
          <Network version="0" id="VTR:Network:13"/>
          <routePoints>
            <RoutePoint version="1" id="VTR:RoutePoint:119194">
              <projections>
                <PointProjection version="1" id="VTR:PointProjection:34830">
                  <ProjectedPointRef ref="VTR:ScheduledStopPoint:119194" version="1"/>
                </PointProjection>
              </projections>
            </RoutePoint>
            <RoutePoint version="1" id="VTR:RoutePoint:119195">
              <projections>
                <PointProjection version="1" id="VTR:PointProjection:34831">
                  <ProjectedPointRef ref="VTR:ScheduledStopPoint:119195" version="1"/>
                </PointProjection>
              </projections>
            </RoutePoint>
            <RoutePoint version="1" id="VTR:RoutePoint:119197">
              <projections>
                <PointProjection version="1" id="VTR:PointProjection:34832">
                  <ProjectedPointRef ref="VTR:ScheduledStopPoint:119197" version="1"/>
                </PointProjection>
              </projections>
            </RoutePoint>
            <RoutePoint version="1" id="VTR:RoutePoint:119201">
              <projections>
                <PointProjection version="1" id="VTR:PointProjection:34833">
                  <ProjectedPointRef ref="VTR:ScheduledStopPoint:119201" version="1"/>
                </PointProjection>
              </projections>
            </RoutePoint>
            <RoutePoint version="1" id="VTR:RoutePoint:119202">
              <projections>
                <PointProjection version="1" id="VTR:PointProjection:34834">
                  <ProjectedPointRef ref="VTR:ScheduledStopPoint:119202" version="1"/>
                </PointProjection>
              </projections>
            </RoutePoint>
            <RoutePoint version="1" id="VTR:RoutePoint:119203">
              <projections>
                <PointProjection version="1" id="VTR:PointProjection:34835">
                  <ProjectedPointRef ref="VTR:ScheduledStopPoint:119203" version="1"/>
                </PointProjection>
              </projections>
            </RoutePoint>
            <RoutePoint version="1" id="VTR:RoutePoint:119206">
              <projections>
                <PointProjection version="1" id="VTR:PointProjection:34836">
                  <ProjectedPointRef ref="VTR:ScheduledStopPoint:119206" version="1"/>
                </PointProjection>
              </projections>
            </RoutePoint>
          </routePoints>
          <routes>
            <Route version="1" id="VTR:Route:7086">
              <Name>Melioratorių gyv.-Kaišiadorys</Name>
              <ShortName>Melioratorių gyv.-Kaišiadorys</ShortName>
              <LineRef ref="VTR:Line:2189" version="2215"/>
              <DirectionType>inbound</DirectionType>
              <pointsInSequence>
                <PointOnRoute version="1" id="VTR:PointOnRoute:119194" order="1">
                  <RoutePointRef ref="VTR:RoutePoint:119194"/>
                </PointOnRoute>
                <PointOnRoute version="1" id="VTR:PointOnRoute:119195" order="2">
                  <RoutePointRef ref="VTR:RoutePoint:119195"/>
                </PointOnRoute>
                <PointOnRoute version="1" id="VTR:PointOnRoute:119197" order="3">
                  <RoutePointRef ref="VTR:RoutePoint:119197"/>
                </PointOnRoute>
                <PointOnRoute version="1" id="VTR:PointOnRoute:119201" order="4">
                  <RoutePointRef ref="VTR:RoutePoint:119201"/>
                </PointOnRoute>
                <PointOnRoute version="1" id="VTR:PointOnRoute:119202" order="5">
                  <RoutePointRef ref="VTR:RoutePoint:119202"/>
                </PointOnRoute>
                <PointOnRoute version="1" id="VTR:PointOnRoute:119203" order="6">
                  <RoutePointRef ref="VTR:RoutePoint:119203"/>
                </PointOnRoute>
                <PointOnRoute version="1" id="VTR:PointOnRoute:119206" order="7">
                  <RoutePointRef ref="VTR:RoutePoint:119206"/>
                </PointOnRoute>
              </pointsInSequence>
            </Route>
          </routes>
          <lines>
            <Line version="2215" id="VTR:Line:2189">
              <Name>Kaišiadorys-Melioratorių gyv. per Ligoninę</Name>
              <TransportMode>bus</TransportMode>
              <TransportSubmode>
                <BusSubmode>regionalBus</BusSubmode>
              </TransportSubmode>
              <PublicCode>1-3</PublicCode>
              <OperatorRef ref="VTR:Operator:13"/>
            </Line>
          </lines>
          <scheduledStopPoints>
            <ScheduledStopPoint version="1" id="VTR:ScheduledStopPoint:119194">
              <Name>Melioratorių gyv.</Name>
            </ScheduledStopPoint>
            <ScheduledStopPoint version="1" id="VTR:ScheduledStopPoint:119195">
              <Name>Žiežmariai</Name>
            </ScheduledStopPoint>
            <ScheduledStopPoint version="1" id="VTR:ScheduledStopPoint:119197">
              <Name>Žiežmarių Kr.</Name>
            </ScheduledStopPoint>
            <ScheduledStopPoint version="1" id="VTR:ScheduledStopPoint:119201">
              <Name>Karantinis m</Name>
            </ScheduledStopPoint>
            <ScheduledStopPoint version="1" id="VTR:ScheduledStopPoint:119202">
              <Name>Šebnica</Name>
            </ScheduledStopPoint>
            <ScheduledStopPoint version="1" id="VTR:ScheduledStopPoint:119203">
              <Name>Autoservisas</Name>
            </ScheduledStopPoint>
            <ScheduledStopPoint version="1" id="VTR:ScheduledStopPoint:119206">
              <Name>Kaišiadorių Autobusų stotis</Name>
            </ScheduledStopPoint>
          </scheduledStopPoints>
          <serviceLinks>
            <ServiceLink id="VTR:ServiceLink:119201_1_119202_1" version="1">
              <Distance>1</Distance>
              <FromPointRef ref="VTR:ScheduledStopPoint:119201" version="1"/>
              <ToPointRef ref="VTR:ScheduledStopPoint:119202" version="1"/>
            </ServiceLink>
            <ServiceLink id="VTR:ServiceLink:119202_1_119203_1" version="1">
              <Distance>1</Distance>
              <FromPointRef ref="VTR:ScheduledStopPoint:119202" version="1"/>
              <ToPointRef ref="VTR:ScheduledStopPoint:119203" version="1"/>
            </ServiceLink>
            <ServiceLink id="VTR:ServiceLink:119194_1_119195_1" version="1">
              <Distance>1</Distance>
              <FromPointRef ref="VTR:ScheduledStopPoint:119194" version="1"/>
              <ToPointRef ref="VTR:ScheduledStopPoint:119195" version="1"/>
            </ServiceLink>
          </serviceLinks>
          <stopAssignments>
            <PassengerStopAssignment order="708600000" id="VTR:PassengerStopAssignment:119194" version="1">
              <ScheduledStopPointRef ref="VTR:ScheduledStopPoint:119194" version="1"/>
              <QuayRef ref="VTR:Quay:7146"/>
            </PassengerStopAssignment>
            <PassengerStopAssignment order="708600001" id="VTR:PassengerStopAssignment:119195" version="1">
              <ScheduledStopPointRef ref="VTR:ScheduledStopPoint:119195" version="1"/>
              <QuayRef ref="VTR:Quay:13918"/>
            </PassengerStopAssignment>
            <PassengerStopAssignment order="708600003" id="VTR:PassengerStopAssignment:119197" version="1">
              <ScheduledStopPointRef ref="VTR:ScheduledStopPoint:119197" version="1"/>
              <QuayRef ref="VTR:Quay:23770"/>
            </PassengerStopAssignment>
            <PassengerStopAssignment order="708600007" id="VTR:PassengerStopAssignment:119201" version="1">
              <ScheduledStopPointRef ref="VTR:ScheduledStopPoint:119201" version="1"/>
              <QuayRef ref="VTR:Quay:15758"/>
            </PassengerStopAssignment>
            <PassengerStopAssignment order="708600008" id="VTR:PassengerStopAssignment:119202" version="1">
              <ScheduledStopPointRef ref="VTR:ScheduledStopPoint:119202" version="1"/>
              <QuayRef ref="VTR:Quay:10755"/>
            </PassengerStopAssignment>
            <PassengerStopAssignment order="708600009" id="VTR:PassengerStopAssignment:119203" version="1">
              <ScheduledStopPointRef ref="VTR:ScheduledStopPoint:119203" version="1"/>
              <QuayRef ref="VTR:Quay:5003"/>
            </PassengerStopAssignment>
            <PassengerStopAssignment order="708600012" id="VTR:PassengerStopAssignment:119206" version="1">
              <ScheduledStopPointRef ref="VTR:ScheduledStopPoint:119206" version="1"/>
              <QuayRef ref="VTR:Quay:23769"/>
            </PassengerStopAssignment>
          </stopAssignments>
          <journeyPatterns>
            <JourneyPattern id="VTR:JourneyPattern:57045" version="57092">
              <Name>12</Name>
              <RouteRef ref="VTR:Route:7086" version="1"/>
              <pointsInSequence>
                <StopPointInJourneyPattern id="VTR:StopPointInJourneyPattern:1151533" version="57092" order="1">
                  <ScheduledStopPointRef ref="VTR:ScheduledStopPoint:119194"/>
                  <DestinationDisplayRef ref="VTR:DestinationDisplay:1"/>
                </StopPointInJourneyPattern>
                <StopPointInJourneyPattern id="VTR:StopPointInJourneyPattern:1151534" version="57092" order="2">
                  <ScheduledStopPointRef ref="VTR:ScheduledStopPoint:119195"/>
                  <DestinationDisplayRef ref="VTR:DestinationDisplay:1"/>
                </StopPointInJourneyPattern>
                <StopPointInJourneyPattern id="VTR:StopPointInJourneyPattern:1151535" version="57092" order="3">
                  <ScheduledStopPointRef ref="VTR:ScheduledStopPoint:119197"/>
                  <DestinationDisplayRef ref="VTR:DestinationDisplay:1"/>
                </StopPointInJourneyPattern>
                <StopPointInJourneyPattern id="VTR:StopPointInJourneyPattern:1151536" version="57092" order="4">
                  <ScheduledStopPointRef ref="VTR:ScheduledStopPoint:119201"/>
                  <DestinationDisplayRef ref="VTR:DestinationDisplay:1"/>
                </StopPointInJourneyPattern>
                <StopPointInJourneyPattern id="VTR:StopPointInJourneyPattern:1151537" version="57092" order="5">
                  <ScheduledStopPointRef ref="VTR:ScheduledStopPoint:119202"/>
                  <DestinationDisplayRef ref="VTR:DestinationDisplay:1"/>
                </StopPointInJourneyPattern>
                <StopPointInJourneyPattern id="VTR:StopPointInJourneyPattern:1151538" version="57092" order="6">
                  <ScheduledStopPointRef ref="VTR:ScheduledStopPoint:119203"/>
                  <DestinationDisplayRef ref="VTR:DestinationDisplay:1"/>
                </StopPointInJourneyPattern>
                <StopPointInJourneyPattern id="VTR:StopPointInJourneyPattern:1151539" version="57092" order="7">
                  <ScheduledStopPointRef ref="VTR:ScheduledStopPoint:119206"/>
                  <DestinationDisplayRef ref="VTR:DestinationDisplay:1"/>
                </StopPointInJourneyPattern>
              </pointsInSequence>
            </JourneyPattern>
          </journeyPatterns>
        </ServiceFrame>
        <TimetableFrame version="1" id="VTR:TimetableFrame:1381">
          <vehicleJourneys>
            <ServiceJourney version="57092" id="VTR:ServiceJourney:57045">
              <Name>Melioratorių gyv.-Kaišiadorys</Name>
              <PrivateCode>12</PrivateCode>
              <dayTypes>
                <DayTypeRef ref="VTR:DayType:2748"/>
              </dayTypes>
              <JourneyPatternRef version="57092" ref="VTR:JourneyPattern:57045"/>
              <OperatorRef ref="VTR:Operator:"/>
              <LineRef ref="VTR:Line:2189" version="2215"/>
              <passingTimes>
                <TimetabledPassingTime version="57092" id="VTR:TimetabledPassingTime:57045_1151533_1">
                  <StopPointInJourneyPatternRef ref="VTR:StopPointInJourneyPattern:1151533" version="57092"/>
                  <DepartureTime>16:42:00</DepartureTime>
                  <DepartureDayOffset>0</DepartureDayOffset>
                </TimetabledPassingTime>
                <TimetabledPassingTime version="57092" id="VTR:TimetabledPassingTime:57045_1151534_2">
                  <StopPointInJourneyPatternRef ref="VTR:StopPointInJourneyPattern:1151534" version="57092"/>
                  <DepartureTime>16:44:00</DepartureTime>
                  <DepartureDayOffset>0</DepartureDayOffset>
                </TimetabledPassingTime>
                <TimetabledPassingTime version="57092" id="VTR:TimetabledPassingTime:57045_1151535_3">
                  <StopPointInJourneyPatternRef ref="VTR:StopPointInJourneyPattern:1151535" version="57092"/>
                  <DepartureTime>16:46:00</DepartureTime>
                  <DepartureDayOffset>0</DepartureDayOffset>
                </TimetabledPassingTime>
                <TimetabledPassingTime version="57092" id="VTR:TimetabledPassingTime:57045_1151536_4">
                  <StopPointInJourneyPatternRef ref="VTR:StopPointInJourneyPattern:1151536" version="57092"/>
                  <DepartureTime>16:53:00</DepartureTime>
                  <DepartureDayOffset>0</DepartureDayOffset>
                </TimetabledPassingTime>
                <TimetabledPassingTime version="57092" id="VTR:TimetabledPassingTime:57045_1151537_5">
                  <StopPointInJourneyPatternRef ref="VTR:StopPointInJourneyPattern:1151537" version="57092"/>
                  <DepartureTime>16:56:00</DepartureTime>
                  <DepartureDayOffset>0</DepartureDayOffset>
                </TimetabledPassingTime>
                <TimetabledPassingTime version="57092" id="VTR:TimetabledPassingTime:57045_1151538_6">
                  <StopPointInJourneyPatternRef ref="VTR:StopPointInJourneyPattern:1151538" version="57092"/>
                  <DepartureTime>16:58:00</DepartureTime>
                  <DepartureDayOffset>0</DepartureDayOffset>
                </TimetabledPassingTime>
                <TimetabledPassingTime version="57092" id="VTR:TimetabledPassingTime:57045_1151539_7">
                  <StopPointInJourneyPatternRef ref="VTR:StopPointInJourneyPattern:1151539" version="57092"/>
                  <DepartureTime>17:00:00</DepartureTime>
                  <DepartureDayOffset>0</DepartureDayOffset>
                </TimetabledPassingTime>
              </passingTimes>
            </ServiceJourney>
          </vehicleJourneys>
        </TimetableFrame>
        <ResourceFrame version="1" id="VTR:ResourceFrame:1381">
          <organisations>
            <Authority version="1" id="VTR:Authority:13">
              <CompanyNumber>49</CompanyNumber>
              <Name>Kaišiadorių r. sav.</Name>
              <LegalName>Kaišiadorių r. sav.</LegalName>
              <ContactDetails>
                <Email>meras@kaisiadorys.lt</Email>
                <Phone>834620480</Phone>
                <Url>www.kaisiadorys.lt</Url>
              </ContactDetails>
              <OrganisationType>authority</OrganisationType>
            </Authority>
          </organisations>
        </ResourceFrame>
        <FareFrame id="VTR:FareFrame:2189" version="1">
          <FrameDefaults>
            <DefaultCurrency>EUR</DefaultCurrency>
          </FrameDefaults>
          <usageParameters>
            <RoundTrip id="VTR:RoundTrip:single" version="1">
              <Name>Single</Name>
              <TripType>single</TripType>
            </RoundTrip>
            <FrequencyOfUse id="VTR:FrequencyOfUse:once" version="1">
              <Name>Once</Name>
              <MaximalFrequency>1</MaximalFrequency>
            </FrequencyOfUse>
          </usageParameters>
          <priceGroups>
            <PriceGroup id="VTR:PriceGroup:PG01" version="1">
              <Name>Flat Fare Products - Standard</Name>
              <members>
                <FareProductPrice id="VTR:FareProductPrice:standard" version="1">
                  <Name>Single fare</Name>
                  <Amount>0.41</Amount>
                  <Currency>EUR</Currency>
                </FareProductPrice>
              </members>
            </PriceGroup>
          </priceGroups>
        </FareFrame>
      </frames>
    </CompositeFrame>
  </dataObjects>
</PublicationDelivery>
