<?xml version="1.0" encoding="UTF-8"?><PublicationDelivery xmlns="http://www.netex.org.uk/netex" xmlns:gis="http://www.opengis.net/gml/3.2" xmlns:ns2="http://www.opengis.net/gml/3.2" xmlns:ns3="http://www.siri.org.uk/siri" xmlns:xsi="http://www.w3.org/2001/XMLSchema-instance" version="1" xsi:schemaLocation="">
  <PublicationTimestamp>2022-05-07T03:25:00.575</PublicationTimestamp>
  <ParticipantRef>VTR</ParticipantRef>
  <Description>1</Description>
  <dataObjects>
    <CompositeFrame created="2022-05-07T03:25:00.575" version="1" id="VTR:CompositeFrame:1381">
      <validityConditions>
        <AvailabilityCondition version="1" id="VTR:AvailabilityCondition:1381">
          <FromDate>2015-10-29T14:45:54</FromDate>
          <ToDate>2027-12-30T00:00:00</ToDate>
        </AvailabilityCondition>
      </validityConditions>
      <codespaces>
        <Codespace id="vtr">
          <Xmlns>VTR</Xmlns>
          <XmlnsUrl>http://www.visimarsrutai.lt/</XmlnsUrl>
        </Codespace>
      </codespaces>
      <FrameDefaults>
        <DefaultLocale>
          <TimeZone>Europe/Vilnius</TimeZone>
        </DefaultLocale>
        <DefaultLocationSystem>WGS84</DefaultLocationSystem>
      </FrameDefaults>
      <frames>
        <ServiceCalendarFrame version="1" id="VTR:ServiceCalendarFrame:1381">
          <dayTypes>
            <DayType id="VTR:DayType:2751" version="1">
              <properties>
                <PropertyOfDay>
                  <DaysOfWeek>Monday Tuesday Wednesday Thursday Friday</DaysOfWeek>
                </PropertyOfDay>
              </properties>
            </DayType>
          </dayTypes>
          <operatingPeriods>
            <OperatingPeriod version="1" id="VTR:OperatingPeriod:2751">
              <FromDate>2015-09-01T00:00:00</FromDate>
              <ToDate>2016-06-03T00:00:00</ToDate>
            </OperatingPeriod>
          </operatingPeriods>
          <dayTypeAssignments>
            <DayTypeAssignment id="VTR:DayTypeAssignment:2751_0" version="1" order="2174">
              <OperatingPeriodRef ref="VTR:OperatingPeriod:2751" version="1"/>
              <DayTypeRef ref="VTR:DayType:2751" version="1"/>
            </DayTypeAssignment>
          </dayTypeAssignments>
        </ServiceCalendarFrame>
        <ServiceFrame id="VTR:ServiceFrame:1381" version="1">
          <Network version="0" id="VTR:Network:13"/>
          <routePoints>
            <RoutePoint version="1" id="VTR:RoutePoint:119439">
              <projections>
                <PointProjection version="1" id="VTR:PointProjection:35535">
                  <ProjectedPointRef ref="VTR:ScheduledStopPoint:119439" version="1"/>
                </PointProjection>
              </projections>
            </RoutePoint>
            <RoutePoint version="1" id="VTR:RoutePoint:119440">
              <projections>
                <PointProjection version="1" id="VTR:PointProjection:35524">
                  <ProjectedPointRef ref="VTR:ScheduledStopPoint:119440" version="1"/>
                </PointProjection>
              </projections>
            </RoutePoint>
            <RoutePoint version="1" id="VTR:RoutePoint:119441">
              <projections>
                <PointProjection version="1" id="VTR:PointProjection:35525">
                  <ProjectedPointRef ref="VTR:ScheduledStopPoint:119441" version="1"/>
                </PointProjection>
              </projections>
            </RoutePoint>
            <RoutePoint version="1" id="VTR:RoutePoint:119444">
              <projections>
                <PointProjection version="1" id="VTR:PointProjection:35536">
                  <ProjectedPointRef ref="VTR:ScheduledStopPoint:119444" version="1"/>
                </PointProjection>
              </projections>
            </RoutePoint>
            <RoutePoint version="1" id="VTR:RoutePoint:119445">
              <projections>
                <PointProjection version="1" id="VTR:PointProjection:35537">
                  <ProjectedPointRef ref="VTR:ScheduledStopPoint:119445" version="1"/>
                </PointProjection>
              </projections>
            </RoutePoint>
            <RoutePoint version="1" id="VTR:RoutePoint:119446">
              <projections>
                <PointProjection version="1" id="VTR:PointProjection:35616">
                  <ProjectedPointRef ref="VTR:ScheduledStopPoint:119446" version="1"/>
                </PointProjection>
              </projections>
            </RoutePoint>
            <RoutePoint version="1" id="VTR:RoutePoint:119447">
              <projections>
                <PointProjection version="1" id="VTR:PointProjection:35617">
                  <ProjectedPointRef ref="VTR:ScheduledStopPoint:119447" version="1"/>
                </PointProjection>
              </projections>
            </RoutePoint>
            <RoutePoint version="1" id="VTR:RoutePoint:119448">
              <projections>
                <PointProjection version="1" id="VTR:PointProjection:35618">
                  <ProjectedPointRef ref="VTR:ScheduledStopPoint:119448" version="1"/>
                </PointProjection>
              </projections>
            </RoutePoint>
            <RoutePoint version="1" id="VTR:RoutePoint:119449">
              <projections>
                <PointProjection version="1" id="VTR:PointProjection:35619">
                  <ProjectedPointRef ref="VTR:ScheduledStopPoint:119449" version="1"/>
                </PointProjection>
              </projections>
            </RoutePoint>
            <RoutePoint version="1" id="VTR:RoutePoint:119450">
              <projections>
                <PointProjection version="1" id="VTR:PointProjection:35620">
                  <ProjectedPointRef ref="VTR:ScheduledStopPoint:119450" version="1"/>
                </PointProjection>
              </projections>
            </RoutePoint>
            <RoutePoint version="1" id="VTR:RoutePoint:119451">
              <projections>
                <PointProjection version="1" id="VTR:PointProjection:35621">
                  <ProjectedPointRef ref="VTR:ScheduledStopPoint:119451" version="1"/>
                </PointProjection>
              </projections>
            </RoutePoint>
            <RoutePoint version="1" id="VTR:RoutePoint:119452">
              <projections>
                <PointProjection version="1" id="VTR:PointProjection:35622">
                  <ProjectedPointRef ref="VTR:ScheduledStopPoint:119452" version="1"/>
                </PointProjection>
              </projections>
            </RoutePoint>
          </routePoints>
          <routes>
            <Route version="1" id="VTR:Route:7102">
              <Name>Melioratorių gyv.-Geležinkelio stotis</Name>
              <ShortName>Melioratorių gyv.-Geležinkelio stotis</ShortName>
              <LineRef ref="VTR:Line:2734" version="2783"/>
              <DirectionType>inbound</DirectionType>
              <pointsInSequence>
                <PointOnRoute version="1" id="VTR:PointOnRoute:119439" order="1">
                  <RoutePointRef ref="VTR:RoutePoint:119439"/>
                </PointOnRoute>
                <PointOnRoute version="1" id="VTR:PointOnRoute:119441" order="2">
                  <RoutePointRef ref="VTR:RoutePoint:119441"/>
                </PointOnRoute>
                <PointOnRoute version="1" id="VTR:PointOnRoute:119440" order="3">
                  <RoutePointRef ref="VTR:RoutePoint:119440"/>
                </PointOnRoute>
                <PointOnRoute version="1" id="VTR:PointOnRoute:119444" order="4">
                  <RoutePointRef ref="VTR:RoutePoint:119444"/>
                </PointOnRoute>
                <PointOnRoute version="1" id="VTR:PointOnRoute:119445" order="5">
                  <RoutePointRef ref="VTR:RoutePoint:119445"/>
                </PointOnRoute>
                <PointOnRoute version="1" id="VTR:PointOnRoute:119446" order="6">
                  <RoutePointRef ref="VTR:RoutePoint:119446"/>
                </PointOnRoute>
                <PointOnRoute version="1" id="VTR:PointOnRoute:119447" order="7">
                  <RoutePointRef ref="VTR:RoutePoint:119447"/>
                </PointOnRoute>
                <PointOnRoute version="1" id="VTR:PointOnRoute:119448" order="8">
                  <RoutePointRef ref="VTR:RoutePoint:119448"/>
                </PointOnRoute>
                <PointOnRoute version="1" id="VTR:PointOnRoute:119449" order="9">
                  <RoutePointRef ref="VTR:RoutePoint:119449"/>
                </PointOnRoute>
                <PointOnRoute version="1" id="VTR:PointOnRoute:119450" order="10">
                  <RoutePointRef ref="VTR:RoutePoint:119450"/>
                </PointOnRoute>
                <PointOnRoute version="1" id="VTR:PointOnRoute:119451" order="11">
                  <RoutePointRef ref="VTR:RoutePoint:119451"/>
                </PointOnRoute>
                <PointOnRoute version="1" id="VTR:PointOnRoute:119452" order="12">
                  <RoutePointRef ref="VTR:RoutePoint:119452"/>
                </PointOnRoute>
              </pointsInSequence>
            </Route>
          </routes>
          <lines>
            <Line version="2783" id="VTR:Line:2734">
              <Name>Melioratorių gyv.-Geležinkelio stotis</Name>
              <TransportMode>bus</TransportMode>
              <TransportSubmode>
                <BusSubmode>regionalBus</BusSubmode>
              </TransportSubmode>
              <PublicCode>11-2</PublicCode>
              <OperatorRef ref="VTR:Operator:13"/>
            </Line>
          </lines>
          <scheduledStopPoints>
            <ScheduledStopPoint version="1" id="VTR:ScheduledStopPoint:119439">
              <Name>Melioratorių gyv.</Name>
            </ScheduledStopPoint>
            <ScheduledStopPoint version="1" id="VTR:ScheduledStopPoint:119440">
              <Name>Žiežmarių Kr.</Name>
            </ScheduledStopPoint>
            <ScheduledStopPoint version="1" id="VTR:ScheduledStopPoint:119441">
              <Name>Žiežmariai</Name>
            </ScheduledStopPoint>
            <ScheduledStopPoint version="1" id="VTR:ScheduledStopPoint:119444">
              <Name>Karantinis m</Name>
            </ScheduledStopPoint>
            <ScheduledStopPoint version="1" id="VTR:ScheduledStopPoint:119445">
              <Name>Šebnica</Name>
            </ScheduledStopPoint>
            <ScheduledStopPoint version="1" id="VTR:ScheduledStopPoint:119446">
              <Name>Autoservisas</Name>
            </ScheduledStopPoint>
            <ScheduledStopPoint version="1" id="VTR:ScheduledStopPoint:119447">
              <Name>Prekybos centras</Name>
            </ScheduledStopPoint>
            <ScheduledStopPoint version="1" id="VTR:ScheduledStopPoint:119448">
              <Name>Teismo rūmai</Name>
            </ScheduledStopPoint>
            <ScheduledStopPoint version="1" id="VTR:ScheduledStopPoint:119449">
              <Name>Centras</Name>
            </ScheduledStopPoint>
            <ScheduledStopPoint version="1" id="VTR:ScheduledStopPoint:119450">
              <Name>Pėsčiųjų tiltas</Name>
            </ScheduledStopPoint>
            <ScheduledStopPoint version="1" id="VTR:ScheduledStopPoint:119451">
              <Name>Kęstučio g.</Name>
            </ScheduledStopPoint>
            <ScheduledStopPoint version="1" id="VTR:ScheduledStopPoint:119452">
              <Name>Geležinkelio stotis</Name>
            </ScheduledStopPoint>
          </scheduledStopPoints>
          <serviceLinks>
            <ServiceLink id="VTR:ServiceLink:119439_1_119441_1" version="1">
              <Distance>1</Distance>
              <FromPointRef ref="VTR:ScheduledStopPoint:119439" version="1"/>
              <ToPointRef ref="VTR:ScheduledStopPoint:119441" version="1"/>
            </ServiceLink>
            <ServiceLink id="VTR:ServiceLink:119444_1_119445_1" version="1">
              <Distance>1</Distance>
              <FromPointRef ref="VTR:ScheduledStopPoint:119444" version="1"/>
              <ToPointRef ref="VTR:ScheduledStopPoint:119445" version="1"/>
            </ServiceLink>
            <ServiceLink id="VTR:ServiceLink:119446_1_119447_1" version="1">
              <Distance>0</Distance>
              <FromPointRef ref="VTR:ScheduledStopPoint:119446" version="1"/>
              <ToPointRef ref="VTR:ScheduledStopPoint:119447" version="1"/>
            </ServiceLink>
            <ServiceLink id="VTR:ServiceLink:119450_1_119451_1" version="1">
              <Distance>0</Distance>
              <FromPointRef ref="VTR:ScheduledStopPoint:119450" version="1"/>
              <ToPointRef ref="VTR:ScheduledStopPoint:119451" version="1"/>
            </ServiceLink>
            <ServiceLink id="VTR:ServiceLink:119451_1_119452_1" version="1">
              <Distance>1</Distance>
              <FromPointRef ref="VTR:ScheduledStopPoint:119451" version="1"/>
              <ToPointRef ref="VTR:ScheduledStopPoint:119452" version="1"/>
            </ServiceLink>
            <ServiceLink id="VTR:ServiceLink:119448_1_119449_1" version="1">
              <Distance>0</Distance>
              <FromPointRef ref="VTR:ScheduledStopPoint:119448" version="1"/>
              <ToPointRef ref="VTR:ScheduledStopPoint:119449" version="1"/>
            </ServiceLink>
            <ServiceLink id="VTR:ServiceLink:119445_1_119446_1" version="1">
              <Distance>1</Distance>
              <FromPointRef ref="VTR:ScheduledStopPoint:119445" version="1"/>
              <ToPointRef ref="VTR:ScheduledStopPoint:119446" version="1"/>
            </ServiceLink>
            <ServiceLink id="VTR:ServiceLink:119447_1_119448_1" version="1">
              <Distance>0</Distance>
              <FromPointRef ref="VTR:ScheduledStopPoint:119447" version="1"/>
              <ToPointRef ref="VTR:ScheduledStopPoint:119448" version="1"/>
            </ServiceLink>
            <ServiceLink id="VTR:ServiceLink:119449_1_119450_1" version="1">
              <Distance>0</Distance>
              <FromPointRef ref="VTR:ScheduledStopPoint:119449" version="1"/>
              <ToPointRef ref="VTR:ScheduledStopPoint:119450" version="1"/>
            </ServiceLink>
          </serviceLinks>
          <stopAssignments>
            <PassengerStopAssignment order="710200000" id="VTR:PassengerStopAssignment:119439" version="1">
              <ScheduledStopPointRef ref="VTR:ScheduledStopPoint:119439" version="1"/>
              <QuayRef ref="VTR:Quay:7146"/>
            </PassengerStopAssignment>
            <PassengerStopAssignment order="710200001" id="VTR:PassengerStopAssignment:119441" version="1">
              <ScheduledStopPointRef ref="VTR:ScheduledStopPoint:119441" version="1"/>
              <QuayRef ref="VTR:Quay:13918"/>
            </PassengerStopAssignment>
            <PassengerStopAssignment order="710200003" id="VTR:PassengerStopAssignment:119440" version="1">
              <ScheduledStopPointRef ref="VTR:ScheduledStopPoint:119440" version="1"/>
              <QuayRef ref="VTR:Quay:23770"/>
            </PassengerStopAssignment>
            <PassengerStopAssignment order="710200006" id="VTR:PassengerStopAssignment:119444" version="1">
              <ScheduledStopPointRef ref="VTR:ScheduledStopPoint:119444" version="1"/>
              <QuayRef ref="VTR:Quay:15758"/>
            </PassengerStopAssignment>
            <PassengerStopAssignment order="710200007" id="VTR:PassengerStopAssignment:119445" version="1">
              <ScheduledStopPointRef ref="VTR:ScheduledStopPoint:119445" version="1"/>
              <QuayRef ref="VTR:Quay:10755"/>
            </PassengerStopAssignment>
            <PassengerStopAssignment order="710200008" id="VTR:PassengerStopAssignment:119446" version="1">
              <ScheduledStopPointRef ref="VTR:ScheduledStopPoint:119446" version="1"/>
              <QuayRef ref="VTR:Quay:5003"/>
            </PassengerStopAssignment>
            <PassengerStopAssignment order="710200009" id="VTR:PassengerStopAssignment:119447" version="1">
              <ScheduledStopPointRef ref="VTR:ScheduledStopPoint:119447" version="1"/>
              <QuayRef ref="VTR:Quay:8800"/>
            </PassengerStopAssignment>
            <PassengerStopAssignment order="710200010" id="VTR:PassengerStopAssignment:119448" version="1">
              <ScheduledStopPointRef ref="VTR:ScheduledStopPoint:119448" version="1"/>
              <QuayRef ref="VTR:Quay:12765"/>
            </PassengerStopAssignment>
            <PassengerStopAssignment order="710200011" id="VTR:PassengerStopAssignment:119449" version="1">
              <ScheduledStopPointRef ref="VTR:ScheduledStopPoint:119449" version="1"/>
              <QuayRef ref="VTR:Quay:8842"/>
            </PassengerStopAssignment>
            <PassengerStopAssignment order="710200012" id="VTR:PassengerStopAssignment:119450" version="1">
              <ScheduledStopPointRef ref="VTR:ScheduledStopPoint:119450" version="1"/>
              <QuayRef ref="VTR:Quay:12752"/>
            </PassengerStopAssignment>
            <PassengerStopAssignment order="710200013" id="VTR:PassengerStopAssignment:119451" version="1">
              <ScheduledStopPointRef ref="VTR:ScheduledStopPoint:119451" version="1"/>
              <QuayRef ref="VTR:Quay:8776"/>
            </PassengerStopAssignment>
            <PassengerStopAssignment order="710200014" id="VTR:PassengerStopAssignment:119452" version="1">
              <ScheduledStopPointRef ref="VTR:ScheduledStopPoint:119452" version="1"/>
              <QuayRef ref="VTR:Quay:19486"/>
            </PassengerStopAssignment>
          </stopAssignments>
          <journeyPatterns>
            <JourneyPattern id="VTR:JourneyPattern:57068" version="57115">
              <Name>16</Name>
              <RouteRef ref="VTR:Route:7102" version="1"/>
              <pointsInSequence>
                <StopPointInJourneyPattern id="VTR:StopPointInJourneyPattern:1151860" version="57115" order="1">
                  <ScheduledStopPointRef ref="VTR:ScheduledStopPoint:119439"/>
                  <DestinationDisplayRef ref="VTR:DestinationDisplay:1"/>
                </StopPointInJourneyPattern>
                <StopPointInJourneyPattern id="VTR:StopPointInJourneyPattern:1151861" version="57115" order="2">
                  <ScheduledStopPointRef ref="VTR:ScheduledStopPoint:119441"/>
                  <DestinationDisplayRef ref="VTR:DestinationDisplay:1"/>
                </StopPointInJourneyPattern>
                <StopPointInJourneyPattern id="VTR:StopPointInJourneyPattern:1151862" version="57115" order="3">
                  <ScheduledStopPointRef ref="VTR:ScheduledStopPoint:119440"/>
                  <DestinationDisplayRef ref="VTR:DestinationDisplay:1"/>
                </StopPointInJourneyPattern>
                <StopPointInJourneyPattern id="VTR:StopPointInJourneyPattern:1151863" version="57115" order="4">
                  <ScheduledStopPointRef ref="VTR:ScheduledStopPoint:119444"/>
                  <DestinationDisplayRef ref="VTR:DestinationDisplay:1"/>
                </StopPointInJourneyPattern>
                <StopPointInJourneyPattern id="VTR:StopPointInJourneyPattern:1151864" version="57115" order="5">
                  <ScheduledStopPointRef ref="VTR:ScheduledStopPoint:119445"/>
                  <DestinationDisplayRef ref="VTR:DestinationDisplay:1"/>
                </StopPointInJourneyPattern>
                <StopPointInJourneyPattern id="VTR:StopPointInJourneyPattern:1151865" version="57115" order="6">
                  <ScheduledStopPointRef ref="VTR:ScheduledStopPoint:119446"/>
                  <DestinationDisplayRef ref="VTR:DestinationDisplay:1"/>
                </StopPointInJourneyPattern>
                <StopPointInJourneyPattern id="VTR:StopPointInJourneyPattern:1151866" version="57115" order="7">
                  <ScheduledStopPointRef ref="VTR:ScheduledStopPoint:119447"/>
                  <DestinationDisplayRef ref="VTR:DestinationDisplay:1"/>
                </StopPointInJourneyPattern>
                <StopPointInJourneyPattern id="VTR:StopPointInJourneyPattern:1151867" version="57115" order="8">
                  <ScheduledStopPointRef ref="VTR:ScheduledStopPoint:119448"/>
                  <DestinationDisplayRef ref="VTR:DestinationDisplay:1"/>
                </StopPointInJourneyPattern>
                <StopPointInJourneyPattern id="VTR:StopPointInJourneyPattern:1151868" version="57115" order="9">
                  <ScheduledStopPointRef ref="VTR:ScheduledStopPoint:119449"/>
                  <DestinationDisplayRef ref="VTR:DestinationDisplay:1"/>
                </StopPointInJourneyPattern>
                <StopPointInJourneyPattern id="VTR:StopPointInJourneyPattern:1151869" version="57115" order="10">
                  <ScheduledStopPointRef ref="VTR:ScheduledStopPoint:119450"/>
                  <DestinationDisplayRef ref="VTR:DestinationDisplay:1"/>
                </StopPointInJourneyPattern>
                <StopPointInJourneyPattern id="VTR:StopPointInJourneyPattern:1151870" version="57115" order="11">
                  <ScheduledStopPointRef ref="VTR:ScheduledStopPoint:119451"/>
                  <DestinationDisplayRef ref="VTR:DestinationDisplay:1"/>
                </StopPointInJourneyPattern>
                <StopPointInJourneyPattern id="VTR:StopPointInJourneyPattern:1151871" version="57115" order="12">
                  <ScheduledStopPointRef ref="VTR:ScheduledStopPoint:119452"/>
                  <DestinationDisplayRef ref="VTR:DestinationDisplay:1"/>
                </StopPointInJourneyPattern>
              </pointsInSequence>
            </JourneyPattern>
          </journeyPatterns>
        </ServiceFrame>
        <TimetableFrame version="1" id="VTR:TimetableFrame:1381">
          <vehicleJourneys>
            <ServiceJourney version="57115" id="VTR:ServiceJourney:57068">
              <Name>Melioratorių gyv.-Geležinkelio stotis</Name>
              <PrivateCode>16</PrivateCode>
              <dayTypes>
                <DayTypeRef ref="VTR:DayType:2751"/>
              </dayTypes>
              <JourneyPatternRef version="57115" ref="VTR:JourneyPattern:57068"/>
              <OperatorRef ref="VTR:Operator:"/>
              <LineRef ref="VTR:Line:2734" version="2783"/>
              <passingTimes>
                <TimetabledPassingTime version="57115" id="VTR:TimetabledPassingTime:57068_1151860_1">
                  <StopPointInJourneyPatternRef ref="VTR:StopPointInJourneyPattern:1151860" version="57115"/>
                  <DepartureTime>06:39:00</DepartureTime>
                  <DepartureDayOffset>0</DepartureDayOffset>
                </TimetabledPassingTime>
                <TimetabledPassingTime version="57115" id="VTR:TimetabledPassingTime:57068_1151861_2">
                  <StopPointInJourneyPatternRef ref="VTR:StopPointInJourneyPattern:1151861" version="57115"/>
                  <DepartureTime>06:41:00</DepartureTime>
                  <DepartureDayOffset>0</DepartureDayOffset>
                </TimetabledPassingTime>
                <TimetabledPassingTime version="57115" id="VTR:TimetabledPassingTime:57068_1151862_3">
                  <StopPointInJourneyPatternRef ref="VTR:StopPointInJourneyPattern:1151862" version="57115"/>
                  <DepartureTime>06:43:00</DepartureTime>
                  <DepartureDayOffset>0</DepartureDayOffset>
                </TimetabledPassingTime>
                <TimetabledPassingTime version="57115" id="VTR:TimetabledPassingTime:57068_1151863_4">
                  <StopPointInJourneyPatternRef ref="VTR:StopPointInJourneyPattern:1151863" version="57115"/>
                  <DepartureTime>06:48:00</DepartureTime>
                  <DepartureDayOffset>0</DepartureDayOffset>
                </TimetabledPassingTime>
                <TimetabledPassingTime version="57115" id="VTR:TimetabledPassingTime:57068_1151864_5">
                  <StopPointInJourneyPatternRef ref="VTR:StopPointInJourneyPattern:1151864" version="57115"/>
                  <DepartureTime>06:51:00</DepartureTime>
                  <DepartureDayOffset>0</DepartureDayOffset>
                </TimetabledPassingTime>
                <TimetabledPassingTime version="57115" id="VTR:TimetabledPassingTime:57068_1151865_6">
                  <StopPointInJourneyPatternRef ref="VTR:StopPointInJourneyPattern:1151865" version="57115"/>
                  <DepartureTime>06:53:00</DepartureTime>
                  <DepartureDayOffset>0</DepartureDayOffset>
                </TimetabledPassingTime>
                <TimetabledPassingTime version="57115" id="VTR:TimetabledPassingTime:57068_1151866_7">
                  <StopPointInJourneyPatternRef ref="VTR:StopPointInJourneyPattern:1151866" version="57115"/>
                  <DepartureTime>06:54:00</DepartureTime>
                  <DepartureDayOffset>0</DepartureDayOffset>
                </TimetabledPassingTime>
                <TimetabledPassingTime version="57115" id="VTR:TimetabledPassingTime:57068_1151867_8">
                  <StopPointInJourneyPatternRef ref="VTR:StopPointInJourneyPattern:1151867" version="57115"/>
                  <DepartureTime>06:55:00</DepartureTime>
                  <DepartureDayOffset>0</DepartureDayOffset>
                </TimetabledPassingTime>
                <TimetabledPassingTime version="57115" id="VTR:TimetabledPassingTime:57068_1151868_9">
                  <StopPointInJourneyPatternRef ref="VTR:StopPointInJourneyPattern:1151868" version="57115"/>
                  <DepartureTime>06:56:00</DepartureTime>
                  <DepartureDayOffset>0</DepartureDayOffset>
                </TimetabledPassingTime>
                <TimetabledPassingTime version="57115" id="VTR:TimetabledPassingTime:57068_1151869_10">
                  <StopPointInJourneyPatternRef ref="VTR:StopPointInJourneyPattern:1151869" version="57115"/>
                  <DepartureTime>06:57:00</DepartureTime>
                  <DepartureDayOffset>0</DepartureDayOffset>
                </TimetabledPassingTime>
                <TimetabledPassingTime version="57115" id="VTR:TimetabledPassingTime:57068_1151870_11">
                  <StopPointInJourneyPatternRef ref="VTR:StopPointInJourneyPattern:1151870" version="57115"/>
                  <DepartureTime>06:58:00</DepartureTime>
                  <DepartureDayOffset>0</DepartureDayOffset>
                </TimetabledPassingTime>
                <TimetabledPassingTime version="57115" id="VTR:TimetabledPassingTime:57068_1151871_12">
                  <StopPointInJourneyPatternRef ref="VTR:StopPointInJourneyPattern:1151871" version="57115"/>
                  <DepartureTime>07:01:00</DepartureTime>
                  <DepartureDayOffset>0</DepartureDayOffset>
                </TimetabledPassingTime>
              </passingTimes>
            </ServiceJourney>
          </vehicleJourneys>
        </TimetableFrame>
        <ResourceFrame version="1" id="VTR:ResourceFrame:1381">
          <organisations>
            <Authority version="1" id="VTR:Authority:13">
              <CompanyNumber>49</CompanyNumber>
              <Name>Kaišiadorių r. sav.</Name>
              <LegalName>Kaišiadorių r. sav.</LegalName>
              <ContactDetails>
                <Email>meras@kaisiadorys.lt</Email>
                <Phone>834620480</Phone>
                <Url>www.kaisiadorys.lt</Url>
              </ContactDetails>
              <OrganisationType>authority</OrganisationType>
            </Authority>
          </organisations>
        </ResourceFrame>
        <FareFrame id="VTR:FareFrame:2734" version="1">
          <FrameDefaults>
            <DefaultCurrency>EUR</DefaultCurrency>
          </FrameDefaults>
          <fareStructureElements>
            <FareStructureElement id="VTR:FareStructureElement:pricematrix" version="1">
              <distanceMatrixElements>
                <DistanceMatrixElementRef ref="VTR:DistanceMatrixElement:1151860to1151864" version="1"/>
                <DistanceMatrixElementRef ref="VTR:DistanceMatrixElement:1151861to1151864" version="1"/>
                <DistanceMatrixElementRef ref="VTR:DistanceMatrixElement:1151861to1151870" version="1"/>
                <DistanceMatrixElementRef ref="VTR:DistanceMatrixElement:1151864to1151870" version="1"/>
                <DistanceMatrixElementRef ref="VTR:DistanceMatrixElement:1151865to1151871" version="1"/>
                <DistanceMatrixElementRef ref="VTR:DistanceMatrixElement:1151860to1151861" version="1"/>
                <DistanceMatrixElementRef ref="VTR:DistanceMatrixElement:1151860to1151863" version="1"/>
                <DistanceMatrixElementRef ref="VTR:DistanceMatrixElement:1151860to1151869" version="1"/>
                <DistanceMatrixElementRef ref="VTR:DistanceMatrixElement:1151861to1151866" version="1"/>
                <DistanceMatrixElementRef ref="VTR:DistanceMatrixElement:1151863to1151864" version="1"/>
                <DistanceMatrixElementRef ref="VTR:DistanceMatrixElement:1151863to1151870" version="1"/>
                <DistanceMatrixElementRef ref="VTR:DistanceMatrixElement:1151864to1151871" version="1"/>
                <DistanceMatrixElementRef ref="VTR:DistanceMatrixElement:1151865to1151867" version="1"/>
                <DistanceMatrixElementRef ref="VTR:DistanceMatrixElement:1151865to1151869" version="1"/>
                <DistanceMatrixElementRef ref="VTR:DistanceMatrixElement:1151865to1151870" version="1"/>
                <DistanceMatrixElementRef ref="VTR:DistanceMatrixElement:1151868to1151869" version="1"/>
                <DistanceMatrixElementRef ref="VTR:DistanceMatrixElement:1151868to1151871" version="1"/>
                <DistanceMatrixElementRef ref="VTR:DistanceMatrixElement:1151860to1151870" version="1"/>
                <DistanceMatrixElementRef ref="VTR:DistanceMatrixElement:1151861to1151862" version="1"/>
                <DistanceMatrixElementRef ref="VTR:DistanceMatrixElement:1151861to1151863" version="1"/>
                <DistanceMatrixElementRef ref="VTR:DistanceMatrixElement:1151861to1151865" version="1"/>
                <DistanceMatrixElementRef ref="VTR:DistanceMatrixElement:1151862to1151866" version="1"/>
                <DistanceMatrixElementRef ref="VTR:DistanceMatrixElement:1151862to1151869" version="1"/>
                <DistanceMatrixElementRef ref="VTR:DistanceMatrixElement:1151864to1151866" version="1"/>
                <DistanceMatrixElementRef ref="VTR:DistanceMatrixElement:1151862to1151867" version="1"/>
                <DistanceMatrixElementRef ref="VTR:DistanceMatrixElement:1151862to1151868" version="1"/>
                <DistanceMatrixElementRef ref="VTR:DistanceMatrixElement:1151862to1151871" version="1"/>
                <DistanceMatrixElementRef ref="VTR:DistanceMatrixElement:1151863to1151871" version="1"/>
                <DistanceMatrixElementRef ref="VTR:DistanceMatrixElement:1151864to1151865" version="1"/>
                <DistanceMatrixElementRef ref="VTR:DistanceMatrixElement:1151866to1151870" version="1"/>
                <DistanceMatrixElementRef ref="VTR:DistanceMatrixElement:1151866to1151871" version="1"/>
                <DistanceMatrixElementRef ref="VTR:DistanceMatrixElement:1151867to1151870" version="1"/>
                <DistanceMatrixElementRef ref="VTR:DistanceMatrixElement:1151867to1151871" version="1"/>
                <DistanceMatrixElementRef ref="VTR:DistanceMatrixElement:1151868to1151870" version="1"/>
                <DistanceMatrixElementRef ref="VTR:DistanceMatrixElement:1151860to1151862" version="1"/>
                <DistanceMatrixElementRef ref="VTR:DistanceMatrixElement:1151861to1151868" version="1"/>
                <DistanceMatrixElementRef ref="VTR:DistanceMatrixElement:1151861to1151869" version="1"/>
                <DistanceMatrixElementRef ref="VTR:DistanceMatrixElement:1151862to1151865" version="1"/>
                <DistanceMatrixElementRef ref="VTR:DistanceMatrixElement:1151866to1151867" version="1"/>
                <DistanceMatrixElementRef ref="VTR:DistanceMatrixElement:1151866to1151869" version="1"/>
                <DistanceMatrixElementRef ref="VTR:DistanceMatrixElement:1151869to1151871" version="1"/>
                <DistanceMatrixElementRef ref="VTR:DistanceMatrixElement:1151870to1151871" version="1"/>
                <DistanceMatrixElementRef ref="VTR:DistanceMatrixElement:1151860to1151871" version="1"/>
                <DistanceMatrixElementRef ref="VTR:DistanceMatrixElement:1151861to1151871" version="1"/>
                <DistanceMatrixElementRef ref="VTR:DistanceMatrixElement:1151862to1151863" version="1"/>
                <DistanceMatrixElementRef ref="VTR:DistanceMatrixElement:1151862to1151864" version="1"/>
                <DistanceMatrixElementRef ref="VTR:DistanceMatrixElement:1151863to1151865" version="1"/>
                <DistanceMatrixElementRef ref="VTR:DistanceMatrixElement:1151863to1151867" version="1"/>
                <DistanceMatrixElementRef ref="VTR:DistanceMatrixElement:1151864to1151867" version="1"/>
                <DistanceMatrixElementRef ref="VTR:DistanceMatrixElement:1151864to1151868" version="1"/>
                <DistanceMatrixElementRef ref="VTR:DistanceMatrixElement:1151864to1151869" version="1"/>
                <DistanceMatrixElementRef ref="VTR:DistanceMatrixElement:1151865to1151868" version="1"/>
                <DistanceMatrixElementRef ref="VTR:DistanceMatrixElement:1151867to1151868" version="1"/>
                <DistanceMatrixElementRef ref="VTR:DistanceMatrixElement:1151860to1151865" version="1"/>
                <DistanceMatrixElementRef ref="VTR:DistanceMatrixElement:1151860to1151866" version="1"/>
                <DistanceMatrixElementRef ref="VTR:DistanceMatrixElement:1151860to1151867" version="1"/>
                <DistanceMatrixElementRef ref="VTR:DistanceMatrixElement:1151863to1151868" version="1"/>
                <DistanceMatrixElementRef ref="VTR:DistanceMatrixElement:1151863to1151869" version="1"/>
                <DistanceMatrixElementRef ref="VTR:DistanceMatrixElement:1151869to1151870" version="1"/>
                <DistanceMatrixElementRef ref="VTR:DistanceMatrixElement:1151860to1151868" version="1"/>
                <DistanceMatrixElementRef ref="VTR:DistanceMatrixElement:1151861to1151867" version="1"/>
                <DistanceMatrixElementRef ref="VTR:DistanceMatrixElement:1151862to1151870" version="1"/>
                <DistanceMatrixElementRef ref="VTR:DistanceMatrixElement:1151863to1151866" version="1"/>
                <DistanceMatrixElementRef ref="VTR:DistanceMatrixElement:1151865to1151866" version="1"/>
                <DistanceMatrixElementRef ref="VTR:DistanceMatrixElement:1151866to1151868" version="1"/>
                <DistanceMatrixElementRef ref="VTR:DistanceMatrixElement:1151867to1151869" version="1"/>
              </distanceMatrixElements>
            </FareStructureElement>
          </fareStructureElements>
          <tariffs>
            <Tariff id="VTR:Tariff:pointToPointInSeparateJourney_2734" version="1">
              <Name>Point to point tariff</Name>
              <distanceMatrixElements>
                <DistanceMatrixElement id="VTR:DistanceMatrixElement:1151860to1151864" version="1">
                  <Name>Melioratorių gyv. to Šebnica</Name>
                  <StartStopPointRef ref="VTR:ScheduledStopPoint:119439" version="1"/>
                  <EndStopPointRef ref="VTR:ScheduledStopPoint:119445" version="1"/>
                  <prices>
                    <DistanceMatrixElementPrice id="VTR:DistanceMatrixElementPrice:1151860to1151864" version="1">
                      <Amount>0.66</Amount>
                      <DistanceMatrixElementRef ref="VTR:DistanceMatrixElement:1151860to1151864" version="1"/>
                    </DistanceMatrixElementPrice>
                  </prices>
                </DistanceMatrixElement>
                <DistanceMatrixElement id="VTR:DistanceMatrixElement:1151861to1151864" version="1">
                  <Name>Žiežmariai to Šebnica</Name>
                  <StartStopPointRef ref="VTR:ScheduledStopPoint:119441" version="1"/>
                  <EndStopPointRef ref="VTR:ScheduledStopPoint:119445" version="1"/>
                  <prices>
                    <DistanceMatrixElementPrice id="VTR:DistanceMatrixElementPrice:1151861to1151864" version="1">
                      <Amount>0.55</Amount>
                      <DistanceMatrixElementRef ref="VTR:DistanceMatrixElement:1151861to1151864" version="1"/>
                    </DistanceMatrixElementPrice>
                  </prices>
                </DistanceMatrixElement>
                <DistanceMatrixElement id="VTR:DistanceMatrixElement:1151861to1151870" version="1">
                  <Name>Žiežmariai to Kęstučio g.</Name>
                  <StartStopPointRef ref="VTR:ScheduledStopPoint:119441" version="1"/>
                  <EndStopPointRef ref="VTR:ScheduledStopPoint:119451" version="1"/>
                  <prices>
                    <DistanceMatrixElementPrice id="VTR:DistanceMatrixElementPrice:1151861to1151870" version="1">
                      <Amount>1.03</Amount>
                      <DistanceMatrixElementRef ref="VTR:DistanceMatrixElement:1151861to1151870" version="1"/>
                    </DistanceMatrixElementPrice>
                  </prices>
                </DistanceMatrixElement>
                <DistanceMatrixElement id="VTR:DistanceMatrixElement:1151864to1151870" version="1">
                  <Name>Šebnica to Kęstučio g.</Name>
                  <StartStopPointRef ref="VTR:ScheduledStopPoint:119445" version="1"/>
                  <EndStopPointRef ref="VTR:ScheduledStopPoint:119451" version="1"/>
                  <prices>
                    <DistanceMatrixElementPrice id="VTR:DistanceMatrixElementPrice:1151864to1151870" version="1">
                      <Amount>0.48</Amount>
                      <DistanceMatrixElementRef ref="VTR:DistanceMatrixElement:1151864to1151870" version="1"/>
                    </DistanceMatrixElementPrice>
                  </prices>
                </DistanceMatrixElement>
                <DistanceMatrixElement id="VTR:DistanceMatrixElement:1151865to1151871" version="1">
                  <Name>Autoservisas to Geležinkelio stotis</Name>
                  <StartStopPointRef ref="VTR:ScheduledStopPoint:119446" version="1"/>
                  <EndStopPointRef ref="VTR:ScheduledStopPoint:119452" version="1"/>
                  <prices>
                    <DistanceMatrixElementPrice id="VTR:DistanceMatrixElementPrice:1151865to1151871" version="1">
                      <Amount>0.39</Amount>
                      <DistanceMatrixElementRef ref="VTR:DistanceMatrixElement:1151865to1151871" version="1"/>
                    </DistanceMatrixElementPrice>
                  </prices>
                </DistanceMatrixElement>
                <DistanceMatrixElement id="VTR:DistanceMatrixElement:1151860to1151861" version="1">
                  <Name>Melioratorių gyv. to Žiežmariai</Name>
                  <StartStopPointRef ref="VTR:ScheduledStopPoint:119439" version="1"/>
                  <EndStopPointRef ref="VTR:ScheduledStopPoint:119441" version="1"/>
                  <prices>
                    <DistanceMatrixElementPrice id="VTR:DistanceMatrixElementPrice:1151860to1151861" version="1">
                      <Amount>0.11</Amount>
                      <DistanceMatrixElementRef ref="VTR:DistanceMatrixElement:1151860to1151861" version="1"/>
                    </DistanceMatrixElementPrice>
                  </prices>
                </DistanceMatrixElement>
                <DistanceMatrixElement id="VTR:DistanceMatrixElement:1151860to1151863" version="1">
                  <Name>Melioratorių gyv. to Karantinis m</Name>
                  <StartStopPointRef ref="VTR:ScheduledStopPoint:119439" version="1"/>
                  <EndStopPointRef ref="VTR:ScheduledStopPoint:119444" version="1"/>
                  <prices>
                    <DistanceMatrixElementPrice id="VTR:DistanceMatrixElementPrice:1151860to1151863" version="1">
                      <Amount>0.51</Amount>
                      <DistanceMatrixElementRef ref="VTR:DistanceMatrixElement:1151860to1151863" version="1"/>
                    </DistanceMatrixElementPrice>
                  </prices>
                </DistanceMatrixElement>
                <DistanceMatrixElement id="VTR:DistanceMatrixElement:1151860to1151869" version="1">
                  <Name>Melioratorių gyv. to Pėsčiųjų tiltas</Name>
                  <StartStopPointRef ref="VTR:ScheduledStopPoint:119439" version="1"/>
                  <EndStopPointRef ref="VTR:ScheduledStopPoint:119450" version="1"/>
                  <prices>
                    <DistanceMatrixElementPrice id="VTR:DistanceMatrixElementPrice:1151860to1151869" version="1">
                      <Amount>1.14</Amount>
                      <DistanceMatrixElementRef ref="VTR:DistanceMatrixElement:1151860to1151869" version="1"/>
                    </DistanceMatrixElementPrice>
                  </prices>
                </DistanceMatrixElement>
                <DistanceMatrixElement id="VTR:DistanceMatrixElement:1151861to1151866" version="1">
                  <Name>Žiežmariai to Prekybos centras</Name>
                  <StartStopPointRef ref="VTR:ScheduledStopPoint:119441" version="1"/>
                  <EndStopPointRef ref="VTR:ScheduledStopPoint:119447" version="1"/>
                  <prices>
                    <DistanceMatrixElementPrice id="VTR:DistanceMatrixElementPrice:1151861to1151866" version="1">
                      <Amount>1.03</Amount>
                      <DistanceMatrixElementRef ref="VTR:DistanceMatrixElement:1151861to1151866" version="1"/>
                    </DistanceMatrixElementPrice>
                  </prices>
                </DistanceMatrixElement>
                <DistanceMatrixElement id="VTR:DistanceMatrixElement:1151863to1151864" version="1">
                  <Name>Karantinis m to Šebnica</Name>
                  <StartStopPointRef ref="VTR:ScheduledStopPoint:119444" version="1"/>
                  <EndStopPointRef ref="VTR:ScheduledStopPoint:119445" version="1"/>
                  <prices>
                    <DistanceMatrixElementPrice id="VTR:DistanceMatrixElementPrice:1151863to1151864" version="1">
                      <Amount>0.15</Amount>
                      <DistanceMatrixElementRef ref="VTR:DistanceMatrixElement:1151863to1151864" version="1"/>
                    </DistanceMatrixElementPrice>
                  </prices>
                </DistanceMatrixElement>
                <DistanceMatrixElement id="VTR:DistanceMatrixElement:1151863to1151870" version="1">
                  <Name>Karantinis m to Kęstučio g.</Name>
                  <StartStopPointRef ref="VTR:ScheduledStopPoint:119444" version="1"/>
                  <EndStopPointRef ref="VTR:ScheduledStopPoint:119451" version="1"/>
                  <prices>
                    <DistanceMatrixElementPrice id="VTR:DistanceMatrixElementPrice:1151863to1151870" version="1">
                      <Amount>0.63</Amount>
                      <DistanceMatrixElementRef ref="VTR:DistanceMatrixElement:1151863to1151870" version="1"/>
                    </DistanceMatrixElementPrice>
                  </prices>
                </DistanceMatrixElement>
                <DistanceMatrixElement id="VTR:DistanceMatrixElement:1151864to1151871" version="1">
                  <Name>Šebnica to Geležinkelio stotis</Name>
                  <StartStopPointRef ref="VTR:ScheduledStopPoint:119445" version="1"/>
                  <EndStopPointRef ref="VTR:ScheduledStopPoint:119452" version="1"/>
                  <prices>
                    <DistanceMatrixElementPrice id="VTR:DistanceMatrixElementPrice:1151864to1151871" version="1">
                      <Amount>0.48</Amount>
                      <DistanceMatrixElementRef ref="VTR:DistanceMatrixElement:1151864to1151871" version="1"/>
                    </DistanceMatrixElementPrice>
                  </prices>
                </DistanceMatrixElement>
                <DistanceMatrixElement id="VTR:DistanceMatrixElement:1151865to1151867" version="1">
                  <Name>Autoservisas to Teismo rūmai</Name>
                  <StartStopPointRef ref="VTR:ScheduledStopPoint:119446" version="1"/>
                  <EndStopPointRef ref="VTR:ScheduledStopPoint:119448" version="1"/>
                  <prices>
                    <DistanceMatrixElementPrice id="VTR:DistanceMatrixElementPrice:1151865to1151867" version="1">
                      <Amount>0.39</Amount>
                      <DistanceMatrixElementRef ref="VTR:DistanceMatrixElement:1151865to1151867" version="1"/>
                    </DistanceMatrixElementPrice>
                  </prices>
                </DistanceMatrixElement>
                <DistanceMatrixElement id="VTR:DistanceMatrixElement:1151865to1151869" version="1">
                  <Name>Autoservisas to Pėsčiųjų tiltas</Name>
                  <StartStopPointRef ref="VTR:ScheduledStopPoint:119446" version="1"/>
                  <EndStopPointRef ref="VTR:ScheduledStopPoint:119450" version="1"/>
                  <prices>
                    <DistanceMatrixElementPrice id="VTR:DistanceMatrixElementPrice:1151865to1151869" version="1">
                      <Amount>0.39</Amount>
                      <DistanceMatrixElementRef ref="VTR:DistanceMatrixElement:1151865to1151869" version="1"/>
                    </DistanceMatrixElementPrice>
                  </prices>
                </DistanceMatrixElement>
                <DistanceMatrixElement id="VTR:DistanceMatrixElement:1151865to1151870" version="1">
                  <Name>Autoservisas to Kęstučio g.</Name>
                  <StartStopPointRef ref="VTR:ScheduledStopPoint:119446" version="1"/>
                  <EndStopPointRef ref="VTR:ScheduledStopPoint:119451" version="1"/>
                  <prices>
                    <DistanceMatrixElementPrice id="VTR:DistanceMatrixElementPrice:1151865to1151870" version="1">
                      <Amount>0.39</Amount>
                      <DistanceMatrixElementRef ref="VTR:DistanceMatrixElement:1151865to1151870" version="1"/>
                    </DistanceMatrixElementPrice>
                  </prices>
                </DistanceMatrixElement>
                <DistanceMatrixElement id="VTR:DistanceMatrixElement:1151868to1151869" version="1">
                  <Name>Centras to Pėsčiųjų tiltas</Name>
                  <StartStopPointRef ref="VTR:ScheduledStopPoint:119449" version="1"/>
                  <EndStopPointRef ref="VTR:ScheduledStopPoint:119450" version="1"/>
                  <prices>
                    <DistanceMatrixElementPrice id="VTR:DistanceMatrixElementPrice:1151868to1151869" version="1">
                      <Amount>0.39</Amount>
                      <DistanceMatrixElementRef ref="VTR:DistanceMatrixElement:1151868to1151869" version="1"/>
                    </DistanceMatrixElementPrice>
                  </prices>
                </DistanceMatrixElement>
                <DistanceMatrixElement id="VTR:DistanceMatrixElement:1151868to1151871" version="1">
                  <Name>Centras to Geležinkelio stotis</Name>
                  <StartStopPointRef ref="VTR:ScheduledStopPoint:119449" version="1"/>
                  <EndStopPointRef ref="VTR:ScheduledStopPoint:119452" version="1"/>
                  <prices>
                    <DistanceMatrixElementPrice id="VTR:DistanceMatrixElementPrice:1151868to1151871" version="1">
                      <Amount>0.39</Amount>
                      <DistanceMatrixElementRef ref="VTR:DistanceMatrixElement:1151868to1151871" version="1"/>
                    </DistanceMatrixElementPrice>
                  </prices>
                </DistanceMatrixElement>
                <DistanceMatrixElement id="VTR:DistanceMatrixElement:1151860to1151870" version="1">
                  <Name>Melioratorių gyv. to Kęstučio g.</Name>
                  <StartStopPointRef ref="VTR:ScheduledStopPoint:119439" version="1"/>
                  <EndStopPointRef ref="VTR:ScheduledStopPoint:119451" version="1"/>
                  <prices>
                    <DistanceMatrixElementPrice id="VTR:DistanceMatrixElementPrice:1151860to1151870" version="1">
                      <Amount>1.14</Amount>
                      <DistanceMatrixElementRef ref="VTR:DistanceMatrixElement:1151860to1151870" version="1"/>
                    </DistanceMatrixElementPrice>
                  </prices>
                </DistanceMatrixElement>
                <DistanceMatrixElement id="VTR:DistanceMatrixElement:1151861to1151862" version="1">
                  <Name>Žiežmariai to Žiežmarių Kr.</Name>
                  <StartStopPointRef ref="VTR:ScheduledStopPoint:119441" version="1"/>
                  <EndStopPointRef ref="VTR:ScheduledStopPoint:119440" version="1"/>
                  <prices>
                    <DistanceMatrixElementPrice id="VTR:DistanceMatrixElementPrice:1151861to1151862" version="1">
                      <Amount>0.11</Amount>
                      <DistanceMatrixElementRef ref="VTR:DistanceMatrixElement:1151861to1151862" version="1"/>
                    </DistanceMatrixElementPrice>
                  </prices>
                </DistanceMatrixElement>
                <DistanceMatrixElement id="VTR:DistanceMatrixElement:1151861to1151863" version="1">
                  <Name>Žiežmariai to Karantinis m</Name>
                  <StartStopPointRef ref="VTR:ScheduledStopPoint:119441" version="1"/>
                  <EndStopPointRef ref="VTR:ScheduledStopPoint:119444" version="1"/>
                  <prices>
                    <DistanceMatrixElementPrice id="VTR:DistanceMatrixElementPrice:1151861to1151863" version="1">
                      <Amount>0.4</Amount>
                      <DistanceMatrixElementRef ref="VTR:DistanceMatrixElement:1151861to1151863" version="1"/>
                    </DistanceMatrixElementPrice>
                  </prices>
                </DistanceMatrixElement>
                <DistanceMatrixElement id="VTR:DistanceMatrixElement:1151861to1151865" version="1">
                  <Name>Žiežmariai to Autoservisas</Name>
                  <StartStopPointRef ref="VTR:ScheduledStopPoint:119441" version="1"/>
                  <EndStopPointRef ref="VTR:ScheduledStopPoint:119446" version="1"/>
                  <prices>
                    <DistanceMatrixElementPrice id="VTR:DistanceMatrixElementPrice:1151861to1151865" version="1">
                      <Amount>0.65</Amount>
                      <DistanceMatrixElementRef ref="VTR:DistanceMatrixElement:1151861to1151865" version="1"/>
                    </DistanceMatrixElementPrice>
                  </prices>
                </DistanceMatrixElement>
                <DistanceMatrixElement id="VTR:DistanceMatrixElement:1151862to1151866" version="1">
                  <Name>Žiežmarių Kr. to Prekybos centras</Name>
                  <StartStopPointRef ref="VTR:ScheduledStopPoint:119440" version="1"/>
                  <EndStopPointRef ref="VTR:ScheduledStopPoint:119447" version="1"/>
                  <prices>
                    <DistanceMatrixElementPrice id="VTR:DistanceMatrixElementPrice:1151862to1151866" version="1">
                      <Amount>0.92</Amount>
                      <DistanceMatrixElementRef ref="VTR:DistanceMatrixElement:1151862to1151866" version="1"/>
                    </DistanceMatrixElementPrice>
                  </prices>
                </DistanceMatrixElement>
                <DistanceMatrixElement id="VTR:DistanceMatrixElement:1151862to1151869" version="1">
                  <Name>Žiežmarių Kr. to Pėsčiųjų tiltas</Name>
                  <StartStopPointRef ref="VTR:ScheduledStopPoint:119440" version="1"/>
                  <EndStopPointRef ref="VTR:ScheduledStopPoint:119450" version="1"/>
                  <prices>
                    <DistanceMatrixElementPrice id="VTR:DistanceMatrixElementPrice:1151862to1151869" version="1">
                      <Amount>0.92</Amount>
                      <DistanceMatrixElementRef ref="VTR:DistanceMatrixElement:1151862to1151869" version="1"/>
                    </DistanceMatrixElementPrice>
                  </prices>
                </DistanceMatrixElement>
                <DistanceMatrixElement id="VTR:DistanceMatrixElement:1151864to1151866" version="1">
                  <Name>Šebnica to Prekybos centras</Name>
                  <StartStopPointRef ref="VTR:ScheduledStopPoint:119445" version="1"/>
                  <EndStopPointRef ref="VTR:ScheduledStopPoint:119447" version="1"/>
                  <prices>
                    <DistanceMatrixElementPrice id="VTR:DistanceMatrixElementPrice:1151864to1151866" version="1">
                      <Amount>0.48</Amount>
                      <DistanceMatrixElementRef ref="VTR:DistanceMatrixElement:1151864to1151866" version="1"/>
                    </DistanceMatrixElementPrice>
                  </prices>
                </DistanceMatrixElement>
                <DistanceMatrixElement id="VTR:DistanceMatrixElement:1151862to1151867" version="1">
                  <Name>Žiežmarių Kr. to Teismo rūmai</Name>
                  <StartStopPointRef ref="VTR:ScheduledStopPoint:119440" version="1"/>
                  <EndStopPointRef ref="VTR:ScheduledStopPoint:119448" version="1"/>
                  <prices>
                    <DistanceMatrixElementPrice id="VTR:DistanceMatrixElementPrice:1151862to1151867" version="1">
                      <Amount>0.92</Amount>
                      <DistanceMatrixElementRef ref="VTR:DistanceMatrixElement:1151862to1151867" version="1"/>
                    </DistanceMatrixElementPrice>
                  </prices>
                </DistanceMatrixElement>
                <DistanceMatrixElement id="VTR:DistanceMatrixElement:1151862to1151868" version="1">
                  <Name>Žiežmarių Kr. to Centras</Name>
                  <StartStopPointRef ref="VTR:ScheduledStopPoint:119440" version="1"/>
                  <EndStopPointRef ref="VTR:ScheduledStopPoint:119449" version="1"/>
                  <prices>
                    <DistanceMatrixElementPrice id="VTR:DistanceMatrixElementPrice:1151862to1151868" version="1">
                      <Amount>0.92</Amount>
                      <DistanceMatrixElementRef ref="VTR:DistanceMatrixElement:1151862to1151868" version="1"/>
                    </DistanceMatrixElementPrice>
                  </prices>
                </DistanceMatrixElement>
                <DistanceMatrixElement id="VTR:DistanceMatrixElement:1151862to1151871" version="1">
                  <Name>Žiežmarių Kr. to Geležinkelio stotis</Name>
                  <StartStopPointRef ref="VTR:ScheduledStopPoint:119440" version="1"/>
                  <EndStopPointRef ref="VTR:ScheduledStopPoint:119452" version="1"/>
                  <prices>
                    <DistanceMatrixElementPrice id="VTR:DistanceMatrixElementPrice:1151862to1151871" version="1">
                      <Amount>0.92</Amount>
                      <DistanceMatrixElementRef ref="VTR:DistanceMatrixElement:1151862to1151871" version="1"/>
                    </DistanceMatrixElementPrice>
                  </prices>
                </DistanceMatrixElement>
                <DistanceMatrixElement id="VTR:DistanceMatrixElement:1151863to1151871" version="1">
                  <Name>Karantinis m to Geležinkelio stotis</Name>
                  <StartStopPointRef ref="VTR:ScheduledStopPoint:119444" version="1"/>
                  <EndStopPointRef ref="VTR:ScheduledStopPoint:119452" version="1"/>
                  <prices>
                    <DistanceMatrixElementPrice id="VTR:DistanceMatrixElementPrice:1151863to1151871" version="1">
                      <Amount>0.63</Amount>
                      <DistanceMatrixElementRef ref="VTR:DistanceMatrixElement:1151863to1151871" version="1"/>
                    </DistanceMatrixElementPrice>
                  </prices>
                </DistanceMatrixElement>
                <DistanceMatrixElement id="VTR:DistanceMatrixElement:1151864to1151865" version="1">
                  <Name>Šebnica to Autoservisas</Name>
                  <StartStopPointRef ref="VTR:ScheduledStopPoint:119445" version="1"/>
                  <EndStopPointRef ref="VTR:ScheduledStopPoint:119446" version="1"/>
                  <prices>
                    <DistanceMatrixElementPrice id="VTR:DistanceMatrixElementPrice:1151864to1151865" version="1">
                      <Amount>0.11</Amount>
                      <DistanceMatrixElementRef ref="VTR:DistanceMatrixElement:1151864to1151865" version="1"/>
                    </DistanceMatrixElementPrice>
                  </prices>
                </DistanceMatrixElement>
                <DistanceMatrixElement id="VTR:DistanceMatrixElement:1151866to1151870" version="1">
                  <Name>Prekybos centras to Kęstučio g.</Name>
                  <StartStopPointRef ref="VTR:ScheduledStopPoint:119447" version="1"/>
                  <EndStopPointRef ref="VTR:ScheduledStopPoint:119451" version="1"/>
                  <prices>
                    <DistanceMatrixElementPrice id="VTR:DistanceMatrixElementPrice:1151866to1151870" version="1">
                      <Amount>0.39</Amount>
                      <DistanceMatrixElementRef ref="VTR:DistanceMatrixElement:1151866to1151870" version="1"/>
                    </DistanceMatrixElementPrice>
                  </prices>
                </DistanceMatrixElement>
                <DistanceMatrixElement id="VTR:DistanceMatrixElement:1151866to1151871" version="1">
                  <Name>Prekybos centras to Geležinkelio stotis</Name>
                  <StartStopPointRef ref="VTR:ScheduledStopPoint:119447" version="1"/>
                  <EndStopPointRef ref="VTR:ScheduledStopPoint:119452" version="1"/>
                  <prices>
                    <DistanceMatrixElementPrice id="VTR:DistanceMatrixElementPrice:1151866to1151871" version="1">
                      <Amount>0.39</Amount>
                      <DistanceMatrixElementRef ref="VTR:DistanceMatrixElement:1151866to1151871" version="1"/>
                    </DistanceMatrixElementPrice>
                  </prices>
                </DistanceMatrixElement>
                <DistanceMatrixElement id="VTR:DistanceMatrixElement:1151867to1151870" version="1">
                  <Name>Teismo rūmai to Kęstučio g.</Name>
                  <StartStopPointRef ref="VTR:ScheduledStopPoint:119448" version="1"/>
                  <EndStopPointRef ref="VTR:ScheduledStopPoint:119451" version="1"/>
                  <prices>
                    <DistanceMatrixElementPrice id="VTR:DistanceMatrixElementPrice:1151867to1151870" version="1">
                      <Amount>0.39</Amount>
                      <DistanceMatrixElementRef ref="VTR:DistanceMatrixElement:1151867to1151870" version="1"/>
                    </DistanceMatrixElementPrice>
                  </prices>
                </DistanceMatrixElement>
                <DistanceMatrixElement id="VTR:DistanceMatrixElement:1151867to1151871" version="1">
                  <Name>Teismo rūmai to Geležinkelio stotis</Name>
                  <StartStopPointRef ref="VTR:ScheduledStopPoint:119448" version="1"/>
                  <EndStopPointRef ref="VTR:ScheduledStopPoint:119452" version="1"/>
                  <prices>
                    <DistanceMatrixElementPrice id="VTR:DistanceMatrixElementPrice:1151867to1151871" version="1">
                      <Amount>0.39</Amount>
                      <DistanceMatrixElementRef ref="VTR:DistanceMatrixElement:1151867to1151871" version="1"/>
                    </DistanceMatrixElementPrice>
                  </prices>
                </DistanceMatrixElement>
                <DistanceMatrixElement id="VTR:DistanceMatrixElement:1151868to1151870" version="1">
                  <Name>Centras to Kęstučio g.</Name>
                  <StartStopPointRef ref="VTR:ScheduledStopPoint:119449" version="1"/>
                  <EndStopPointRef ref="VTR:ScheduledStopPoint:119451" version="1"/>
                  <prices>
                    <DistanceMatrixElementPrice id="VTR:DistanceMatrixElementPrice:1151868to1151870" version="1">
                      <Amount>0.39</Amount>
                      <DistanceMatrixElementRef ref="VTR:DistanceMatrixElement:1151868to1151870" version="1"/>
                    </DistanceMatrixElementPrice>
                  </prices>
                </DistanceMatrixElement>
                <DistanceMatrixElement id="VTR:DistanceMatrixElement:1151860to1151862" version="1">
                  <Name>Melioratorių gyv. to Žiežmarių Kr.</Name>
                  <StartStopPointRef ref="VTR:ScheduledStopPoint:119439" version="1"/>
                  <EndStopPointRef ref="VTR:ScheduledStopPoint:119440" version="1"/>
                  <prices>
                    <DistanceMatrixElementPrice id="VTR:DistanceMatrixElementPrice:1151860to1151862" version="1">
                      <Amount>0.22</Amount>
                      <DistanceMatrixElementRef ref="VTR:DistanceMatrixElement:1151860to1151862" version="1"/>
                    </DistanceMatrixElementPrice>
                  </prices>
                </DistanceMatrixElement>
                <DistanceMatrixElement id="VTR:DistanceMatrixElement:1151861to1151868" version="1">
                  <Name>Žiežmariai to Centras</Name>
                  <StartStopPointRef ref="VTR:ScheduledStopPoint:119441" version="1"/>
                  <EndStopPointRef ref="VTR:ScheduledStopPoint:119449" version="1"/>
                  <prices>
                    <DistanceMatrixElementPrice id="VTR:DistanceMatrixElementPrice:1151861to1151868" version="1">
                      <Amount>1.03</Amount>
                      <DistanceMatrixElementRef ref="VTR:DistanceMatrixElement:1151861to1151868" version="1"/>
                    </DistanceMatrixElementPrice>
                  </prices>
                </DistanceMatrixElement>
                <DistanceMatrixElement id="VTR:DistanceMatrixElement:1151861to1151869" version="1">
                  <Name>Žiežmariai to Pėsčiųjų tiltas</Name>
                  <StartStopPointRef ref="VTR:ScheduledStopPoint:119441" version="1"/>
                  <EndStopPointRef ref="VTR:ScheduledStopPoint:119450" version="1"/>
                  <prices>
                    <DistanceMatrixElementPrice id="VTR:DistanceMatrixElementPrice:1151861to1151869" version="1">
                      <Amount>1.03</Amount>
                      <DistanceMatrixElementRef ref="VTR:DistanceMatrixElement:1151861to1151869" version="1"/>
                    </DistanceMatrixElementPrice>
                  </prices>
                </DistanceMatrixElement>
                <DistanceMatrixElement id="VTR:DistanceMatrixElement:1151862to1151865" version="1">
                  <Name>Žiežmarių Kr. to Autoservisas</Name>
                  <StartStopPointRef ref="VTR:ScheduledStopPoint:119440" version="1"/>
                  <EndStopPointRef ref="VTR:ScheduledStopPoint:119446" version="1"/>
                  <prices>
                    <DistanceMatrixElementPrice id="VTR:DistanceMatrixElementPrice:1151862to1151865" version="1">
                      <Amount>0.55</Amount>
                      <DistanceMatrixElementRef ref="VTR:DistanceMatrixElement:1151862to1151865" version="1"/>
                    </DistanceMatrixElementPrice>
                  </prices>
                </DistanceMatrixElement>
                <DistanceMatrixElement id="VTR:DistanceMatrixElement:1151866to1151867" version="1">
                  <Name>Prekybos centras to Teismo rūmai</Name>
                  <StartStopPointRef ref="VTR:ScheduledStopPoint:119447" version="1"/>
                  <EndStopPointRef ref="VTR:ScheduledStopPoint:119448" version="1"/>
                  <prices>
                    <DistanceMatrixElementPrice id="VTR:DistanceMatrixElementPrice:1151866to1151867" version="1">
                      <Amount>0.39</Amount>
                      <DistanceMatrixElementRef ref="VTR:DistanceMatrixElement:1151866to1151867" version="1"/>
                    </DistanceMatrixElementPrice>
                  </prices>
                </DistanceMatrixElement>
                <DistanceMatrixElement id="VTR:DistanceMatrixElement:1151866to1151869" version="1">
                  <Name>Prekybos centras to Pėsčiųjų tiltas</Name>
                  <StartStopPointRef ref="VTR:ScheduledStopPoint:119447" version="1"/>
                  <EndStopPointRef ref="VTR:ScheduledStopPoint:119450" version="1"/>
                  <prices>
                    <DistanceMatrixElementPrice id="VTR:DistanceMatrixElementPrice:1151866to1151869" version="1">
                      <Amount>0.39</Amount>
                      <DistanceMatrixElementRef ref="VTR:DistanceMatrixElement:1151866to1151869" version="1"/>
                    </DistanceMatrixElementPrice>
                  </prices>
                </DistanceMatrixElement>
                <DistanceMatrixElement id="VTR:DistanceMatrixElement:1151869to1151871" version="1">
                  <Name>Pėsčiųjų tiltas to Geležinkelio stotis</Name>
                  <StartStopPointRef ref="VTR:ScheduledStopPoint:119450" version="1"/>
                  <EndStopPointRef ref="VTR:ScheduledStopPoint:119452" version="1"/>
                  <prices>
                    <DistanceMatrixElementPrice id="VTR:DistanceMatrixElementPrice:1151869to1151871" version="1">
                      <Amount>0.39</Amount>
                      <DistanceMatrixElementRef ref="VTR:DistanceMatrixElement:1151869to1151871" version="1"/>
                    </DistanceMatrixElementPrice>
                  </prices>
                </DistanceMatrixElement>
                <DistanceMatrixElement id="VTR:DistanceMatrixElement:1151870to1151871" version="1">
                  <Name>Kęstučio g. to Geležinkelio stotis</Name>
                  <StartStopPointRef ref="VTR:ScheduledStopPoint:119451" version="1"/>
                  <EndStopPointRef ref="VTR:ScheduledStopPoint:119452" version="1"/>
                  <prices>
                    <DistanceMatrixElementPrice id="VTR:DistanceMatrixElementPrice:1151870to1151871" version="1">
                      <Amount>0.39</Amount>
                      <DistanceMatrixElementRef ref="VTR:DistanceMatrixElement:1151870to1151871" version="1"/>
                    </DistanceMatrixElementPrice>
                  </prices>
                </DistanceMatrixElement>
                <DistanceMatrixElement id="VTR:DistanceMatrixElement:1151860to1151871" version="1">
                  <Name>Melioratorių gyv. to Geležinkelio stotis</Name>
                  <StartStopPointRef ref="VTR:ScheduledStopPoint:119439" version="1"/>
                  <EndStopPointRef ref="VTR:ScheduledStopPoint:119452" version="1"/>
                  <prices>
                    <DistanceMatrixElementPrice id="VTR:DistanceMatrixElementPrice:1151860to1151871" version="1">
                      <Amount>1.14</Amount>
                      <DistanceMatrixElementRef ref="VTR:DistanceMatrixElement:1151860to1151871" version="1"/>
                    </DistanceMatrixElementPrice>
                  </prices>
                </DistanceMatrixElement>
                <DistanceMatrixElement id="VTR:DistanceMatrixElement:1151861to1151871" version="1">
                  <Name>Žiežmariai to Geležinkelio stotis</Name>
                  <StartStopPointRef ref="VTR:ScheduledStopPoint:119441" version="1"/>
                  <EndStopPointRef ref="VTR:ScheduledStopPoint:119452" version="1"/>
                  <prices>
                    <DistanceMatrixElementPrice id="VTR:DistanceMatrixElementPrice:1151861to1151871" version="1">
                      <Amount>1.03</Amount>
                      <DistanceMatrixElementRef ref="VTR:DistanceMatrixElement:1151861to1151871" version="1"/>
                    </DistanceMatrixElementPrice>
                  </prices>
                </DistanceMatrixElement>
                <DistanceMatrixElement id="VTR:DistanceMatrixElement:1151862to1151863" version="1">
                  <Name>Žiežmarių Kr. to Karantinis m</Name>
                  <StartStopPointRef ref="VTR:ScheduledStopPoint:119440" version="1"/>
                  <EndStopPointRef ref="VTR:ScheduledStopPoint:119444" version="1"/>
                  <prices>
                    <DistanceMatrixElementPrice id="VTR:DistanceMatrixElementPrice:1151862to1151863" version="1">
                      <Amount>0.29</Amount>
                      <DistanceMatrixElementRef ref="VTR:DistanceMatrixElement:1151862to1151863" version="1"/>
                    </DistanceMatrixElementPrice>
                  </prices>
                </DistanceMatrixElement>
                <DistanceMatrixElement id="VTR:DistanceMatrixElement:1151862to1151864" version="1">
                  <Name>Žiežmarių Kr. to Šebnica</Name>
                  <StartStopPointRef ref="VTR:ScheduledStopPoint:119440" version="1"/>
                  <EndStopPointRef ref="VTR:ScheduledStopPoint:119445" version="1"/>
                  <prices>
                    <DistanceMatrixElementPrice id="VTR:DistanceMatrixElementPrice:1151862to1151864" version="1">
                      <Amount>0.44</Amount>
                      <DistanceMatrixElementRef ref="VTR:DistanceMatrixElement:1151862to1151864" version="1"/>
                    </DistanceMatrixElementPrice>
                  </prices>
                </DistanceMatrixElement>
                <DistanceMatrixElement id="VTR:DistanceMatrixElement:1151863to1151865" version="1">
                  <Name>Karantinis m to Autoservisas</Name>
                  <StartStopPointRef ref="VTR:ScheduledStopPoint:119444" version="1"/>
                  <EndStopPointRef ref="VTR:ScheduledStopPoint:119446" version="1"/>
                  <prices>
                    <DistanceMatrixElementPrice id="VTR:DistanceMatrixElementPrice:1151863to1151865" version="1">
                      <Amount>0.26</Amount>
                      <DistanceMatrixElementRef ref="VTR:DistanceMatrixElement:1151863to1151865" version="1"/>
                    </DistanceMatrixElementPrice>
                  </prices>
                </DistanceMatrixElement>
                <DistanceMatrixElement id="VTR:DistanceMatrixElement:1151863to1151867" version="1">
                  <Name>Karantinis m to Teismo rūmai</Name>
                  <StartStopPointRef ref="VTR:ScheduledStopPoint:119444" version="1"/>
                  <EndStopPointRef ref="VTR:ScheduledStopPoint:119448" version="1"/>
                  <prices>
                    <DistanceMatrixElementPrice id="VTR:DistanceMatrixElementPrice:1151863to1151867" version="1">
                      <Amount>0.63</Amount>
                      <DistanceMatrixElementRef ref="VTR:DistanceMatrixElement:1151863to1151867" version="1"/>
                    </DistanceMatrixElementPrice>
                  </prices>
                </DistanceMatrixElement>
                <DistanceMatrixElement id="VTR:DistanceMatrixElement:1151864to1151867" version="1">
                  <Name>Šebnica to Teismo rūmai</Name>
                  <StartStopPointRef ref="VTR:ScheduledStopPoint:119445" version="1"/>
                  <EndStopPointRef ref="VTR:ScheduledStopPoint:119448" version="1"/>
                  <prices>
                    <DistanceMatrixElementPrice id="VTR:DistanceMatrixElementPrice:1151864to1151867" version="1">
                      <Amount>0.48</Amount>
                      <DistanceMatrixElementRef ref="VTR:DistanceMatrixElement:1151864to1151867" version="1"/>
                    </DistanceMatrixElementPrice>
                  </prices>
                </DistanceMatrixElement>
                <DistanceMatrixElement id="VTR:DistanceMatrixElement:1151864to1151868" version="1">
                  <Name>Šebnica to Centras</Name>
                  <StartStopPointRef ref="VTR:ScheduledStopPoint:119445" version="1"/>
                  <EndStopPointRef ref="VTR:ScheduledStopPoint:119449" version="1"/>
                  <prices>
                    <DistanceMatrixElementPrice id="VTR:DistanceMatrixElementPrice:1151864to1151868" version="1">
                      <Amount>0.48</Amount>
                      <DistanceMatrixElementRef ref="VTR:DistanceMatrixElement:1151864to1151868" version="1"/>
                    </DistanceMatrixElementPrice>
                  </prices>
                </DistanceMatrixElement>
                <DistanceMatrixElement id="VTR:DistanceMatrixElement:1151864to1151869" version="1">
                  <Name>Šebnica to Pėsčiųjų tiltas</Name>
                  <StartStopPointRef ref="VTR:ScheduledStopPoint:119445" version="1"/>
                  <EndStopPointRef ref="VTR:ScheduledStopPoint:119450" version="1"/>
                  <prices>
                    <DistanceMatrixElementPrice id="VTR:DistanceMatrixElementPrice:1151864to1151869" version="1">
                      <Amount>0.48</Amount>
                      <DistanceMatrixElementRef ref="VTR:DistanceMatrixElement:1151864to1151869" version="1"/>
                    </DistanceMatrixElementPrice>
                  </prices>
                </DistanceMatrixElement>
                <DistanceMatrixElement id="VTR:DistanceMatrixElement:1151865to1151868" version="1">
                  <Name>Autoservisas to Centras</Name>
                  <StartStopPointRef ref="VTR:ScheduledStopPoint:119446" version="1"/>
                  <EndStopPointRef ref="VTR:ScheduledStopPoint:119449" version="1"/>
                  <prices>
                    <DistanceMatrixElementPrice id="VTR:DistanceMatrixElementPrice:1151865to1151868" version="1">
                      <Amount>0.39</Amount>
                      <DistanceMatrixElementRef ref="VTR:DistanceMatrixElement:1151865to1151868" version="1"/>
                    </DistanceMatrixElementPrice>
                  </prices>
                </DistanceMatrixElement>
                <DistanceMatrixElement id="VTR:DistanceMatrixElement:1151867to1151868" version="1">
                  <Name>Teismo rūmai to Centras</Name>
                  <StartStopPointRef ref="VTR:ScheduledStopPoint:119448" version="1"/>
                  <EndStopPointRef ref="VTR:ScheduledStopPoint:119449" version="1"/>
                  <prices>
                    <DistanceMatrixElementPrice id="VTR:DistanceMatrixElementPrice:1151867to1151868" version="1">
                      <Amount>0.39</Amount>
                      <DistanceMatrixElementRef ref="VTR:DistanceMatrixElement:1151867to1151868" version="1"/>
                    </DistanceMatrixElementPrice>
                  </prices>
                </DistanceMatrixElement>
                <DistanceMatrixElement id="VTR:DistanceMatrixElement:1151860to1151865" version="1">
                  <Name>Melioratorių gyv. to Autoservisas</Name>
                  <StartStopPointRef ref="VTR:ScheduledStopPoint:119439" version="1"/>
                  <EndStopPointRef ref="VTR:ScheduledStopPoint:119446" version="1"/>
                  <prices>
                    <DistanceMatrixElementPrice id="VTR:DistanceMatrixElementPrice:1151860to1151865" version="1">
                      <Amount>0.77</Amount>
                      <DistanceMatrixElementRef ref="VTR:DistanceMatrixElement:1151860to1151865" version="1"/>
                    </DistanceMatrixElementPrice>
                  </prices>
                </DistanceMatrixElement>
                <DistanceMatrixElement id="VTR:DistanceMatrixElement:1151860to1151866" version="1">
                  <Name>Melioratorių gyv. to Prekybos centras</Name>
                  <StartStopPointRef ref="VTR:ScheduledStopPoint:119439" version="1"/>
                  <EndStopPointRef ref="VTR:ScheduledStopPoint:119447" version="1"/>
                  <prices>
                    <DistanceMatrixElementPrice id="VTR:DistanceMatrixElementPrice:1151860to1151866" version="1">
                      <Amount>1.14</Amount>
                      <DistanceMatrixElementRef ref="VTR:DistanceMatrixElement:1151860to1151866" version="1"/>
                    </DistanceMatrixElementPrice>
                  </prices>
                </DistanceMatrixElement>
                <DistanceMatrixElement id="VTR:DistanceMatrixElement:1151860to1151867" version="1">
                  <Name>Melioratorių gyv. to Teismo rūmai</Name>
                  <StartStopPointRef ref="VTR:ScheduledStopPoint:119439" version="1"/>
                  <EndStopPointRef ref="VTR:ScheduledStopPoint:119448" version="1"/>
                  <prices>
                    <DistanceMatrixElementPrice id="VTR:DistanceMatrixElementPrice:1151860to1151867" version="1">
                      <Amount>1.14</Amount>
                      <DistanceMatrixElementRef ref="VTR:DistanceMatrixElement:1151860to1151867" version="1"/>
                    </DistanceMatrixElementPrice>
                  </prices>
                </DistanceMatrixElement>
                <DistanceMatrixElement id="VTR:DistanceMatrixElement:1151863to1151868" version="1">
                  <Name>Karantinis m to Centras</Name>
                  <StartStopPointRef ref="VTR:ScheduledStopPoint:119444" version="1"/>
                  <EndStopPointRef ref="VTR:ScheduledStopPoint:119449" version="1"/>
                  <prices>
                    <DistanceMatrixElementPrice id="VTR:DistanceMatrixElementPrice:1151863to1151868" version="1">
                      <Amount>0.63</Amount>
                      <DistanceMatrixElementRef ref="VTR:DistanceMatrixElement:1151863to1151868" version="1"/>
                    </DistanceMatrixElementPrice>
                  </prices>
                </DistanceMatrixElement>
                <DistanceMatrixElement id="VTR:DistanceMatrixElement:1151863to1151869" version="1">
                  <Name>Karantinis m to Pėsčiųjų tiltas</Name>
                  <StartStopPointRef ref="VTR:ScheduledStopPoint:119444" version="1"/>
                  <EndStopPointRef ref="VTR:ScheduledStopPoint:119450" version="1"/>
                  <prices>
                    <DistanceMatrixElementPrice id="VTR:DistanceMatrixElementPrice:1151863to1151869" version="1">
                      <Amount>0.63</Amount>
                      <DistanceMatrixElementRef ref="VTR:DistanceMatrixElement:1151863to1151869" version="1"/>
                    </DistanceMatrixElementPrice>
                  </prices>
                </DistanceMatrixElement>
                <DistanceMatrixElement id="VTR:DistanceMatrixElement:1151869to1151870" version="1">
                  <Name>Pėsčiųjų tiltas to Kęstučio g.</Name>
                  <StartStopPointRef ref="VTR:ScheduledStopPoint:119450" version="1"/>
                  <EndStopPointRef ref="VTR:ScheduledStopPoint:119451" version="1"/>
                  <prices>
                    <DistanceMatrixElementPrice id="VTR:DistanceMatrixElementPrice:1151869to1151870" version="1">
                      <Amount>0.39</Amount>
                      <DistanceMatrixElementRef ref="VTR:DistanceMatrixElement:1151869to1151870" version="1"/>
                    </DistanceMatrixElementPrice>
                  </prices>
                </DistanceMatrixElement>
                <DistanceMatrixElement id="VTR:DistanceMatrixElement:1151860to1151868" version="1">
                  <Name>Melioratorių gyv. to Centras</Name>
                  <StartStopPointRef ref="VTR:ScheduledStopPoint:119439" version="1"/>
                  <EndStopPointRef ref="VTR:ScheduledStopPoint:119449" version="1"/>
                  <prices>
                    <DistanceMatrixElementPrice id="VTR:DistanceMatrixElementPrice:1151860to1151868" version="1">
                      <Amount>1.14</Amount>
                      <DistanceMatrixElementRef ref="VTR:DistanceMatrixElement:1151860to1151868" version="1"/>
                    </DistanceMatrixElementPrice>
                  </prices>
                </DistanceMatrixElement>
                <DistanceMatrixElement id="VTR:DistanceMatrixElement:1151861to1151867" version="1">
                  <Name>Žiežmariai to Teismo rūmai</Name>
                  <StartStopPointRef ref="VTR:ScheduledStopPoint:119441" version="1"/>
                  <EndStopPointRef ref="VTR:ScheduledStopPoint:119448" version="1"/>
                  <prices>
                    <DistanceMatrixElementPrice id="VTR:DistanceMatrixElementPrice:1151861to1151867" version="1">
                      <Amount>1.03</Amount>
                      <DistanceMatrixElementRef ref="VTR:DistanceMatrixElement:1151861to1151867" version="1"/>
                    </DistanceMatrixElementPrice>
                  </prices>
                </DistanceMatrixElement>
                <DistanceMatrixElement id="VTR:DistanceMatrixElement:1151862to1151870" version="1">
                  <Name>Žiežmarių Kr. to Kęstučio g.</Name>
                  <StartStopPointRef ref="VTR:ScheduledStopPoint:119440" version="1"/>
                  <EndStopPointRef ref="VTR:ScheduledStopPoint:119451" version="1"/>
                  <prices>
                    <DistanceMatrixElementPrice id="VTR:DistanceMatrixElementPrice:1151862to1151870" version="1">
                      <Amount>0.92</Amount>
                      <DistanceMatrixElementRef ref="VTR:DistanceMatrixElement:1151862to1151870" version="1"/>
                    </DistanceMatrixElementPrice>
                  </prices>
                </DistanceMatrixElement>
                <DistanceMatrixElement id="VTR:DistanceMatrixElement:1151863to1151866" version="1">
                  <Name>Karantinis m to Prekybos centras</Name>
                  <StartStopPointRef ref="VTR:ScheduledStopPoint:119444" version="1"/>
                  <EndStopPointRef ref="VTR:ScheduledStopPoint:119447" version="1"/>
                  <prices>
                    <DistanceMatrixElementPrice id="VTR:DistanceMatrixElementPrice:1151863to1151866" version="1">
                      <Amount>0.63</Amount>
                      <DistanceMatrixElementRef ref="VTR:DistanceMatrixElement:1151863to1151866" version="1"/>
                    </DistanceMatrixElementPrice>
                  </prices>
                </DistanceMatrixElement>
                <DistanceMatrixElement id="VTR:DistanceMatrixElement:1151865to1151866" version="1">
                  <Name>Autoservisas to Prekybos centras</Name>
                  <StartStopPointRef ref="VTR:ScheduledStopPoint:119446" version="1"/>
                  <EndStopPointRef ref="VTR:ScheduledStopPoint:119447" version="1"/>
                  <prices>
                    <DistanceMatrixElementPrice id="VTR:DistanceMatrixElementPrice:1151865to1151866" version="1">
                      <Amount>0.39</Amount>
                      <DistanceMatrixElementRef ref="VTR:DistanceMatrixElement:1151865to1151866" version="1"/>
                    </DistanceMatrixElementPrice>
                  </prices>
                </DistanceMatrixElement>
                <DistanceMatrixElement id="VTR:DistanceMatrixElement:1151866to1151868" version="1">
                  <Name>Prekybos centras to Centras</Name>
                  <StartStopPointRef ref="VTR:ScheduledStopPoint:119447" version="1"/>
                  <EndStopPointRef ref="VTR:ScheduledStopPoint:119449" version="1"/>
                  <prices>
                    <DistanceMatrixElementPrice id="VTR:DistanceMatrixElementPrice:1151866to1151868" version="1">
                      <Amount>0.39</Amount>
                      <DistanceMatrixElementRef ref="VTR:DistanceMatrixElement:1151866to1151868" version="1"/>
                    </DistanceMatrixElementPrice>
                  </prices>
                </DistanceMatrixElement>
                <DistanceMatrixElement id="VTR:DistanceMatrixElement:1151867to1151869" version="1">
                  <Name>Teismo rūmai to Pėsčiųjų tiltas</Name>
                  <StartStopPointRef ref="VTR:ScheduledStopPoint:119448" version="1"/>
                  <EndStopPointRef ref="VTR:ScheduledStopPoint:119450" version="1"/>
                  <prices>
                    <DistanceMatrixElementPrice id="VTR:DistanceMatrixElementPrice:1151867to1151869" version="1">
                      <Amount>0.39</Amount>
                      <DistanceMatrixElementRef ref="VTR:DistanceMatrixElement:1151867to1151869" version="1"/>
                    </DistanceMatrixElementPrice>
                  </prices>
                </DistanceMatrixElement>
              </distanceMatrixElements>
            </Tariff>
          </tariffs>
          <usageParameters>
            <FrequencyOfUse id="VTR:FrequencyOfUse:oneTrip" version="1">
              <FrequencyOfUseType>unlimited</FrequencyOfUseType>
              <MaximalFrequency>1</MaximalFrequency>
            </FrequencyOfUse>
          </usageParameters>
        </FareFrame>
      </frames>
    </CompositeFrame>
  </dataObjects>
</PublicationDelivery>
