<?xml version="1.0" encoding="UTF-8"?><PublicationDelivery xmlns="http://www.netex.org.uk/netex" xmlns:gis="http://www.opengis.net/gml/3.2" xmlns:ns2="http://www.opengis.net/gml/3.2" xmlns:ns3="http://www.siri.org.uk/siri" xmlns:xsi="http://www.w3.org/2001/XMLSchema-instance" version="1" xsi:schemaLocation="">
  <PublicationTimestamp>2022-05-07T03:25:00.575</PublicationTimestamp>
  <ParticipantRef>VTR</ParticipantRef>
  <Description>1</Description>
  <dataObjects>
    <CompositeFrame created="2022-05-07T03:25:00.575" version="1" id="VTR:CompositeFrame:1381">
      <validityConditions>
        <AvailabilityCondition version="1" id="VTR:AvailabilityCondition:1381">
          <FromDate>2015-11-26T11:14:36</FromDate>
          <ToDate>2027-12-30T00:00:00</ToDate>
        </AvailabilityCondition>
      </validityConditions>
      <codespaces>
        <Codespace id="vtr">
          <Xmlns>VTR</Xmlns>
          <XmlnsUrl>http://www.visimarsrutai.lt/</XmlnsUrl>
        </Codespace>
      </codespaces>
      <FrameDefaults>
        <DefaultLocale>
          <TimeZone>Europe/Vilnius</TimeZone>
        </DefaultLocale>
        <DefaultLocationSystem>WGS84</DefaultLocationSystem>
      </FrameDefaults>
      <frames>
        <ServiceCalendarFrame version="1" id="VTR:ServiceCalendarFrame:1381">
          <dayTypes>
            <DayType id="VTR:DayType:2848" version="1">
              <properties>
                <PropertyOfDay>
                  <DaysOfWeek>Monday Tuesday Wednesday Thursday</DaysOfWeek>
                </PropertyOfDay>
              </properties>
            </DayType>
          </dayTypes>
          <operatingPeriods>
            <OperatingPeriod version="1" id="VTR:OperatingPeriod:2848">
              <FromDate>2015-09-01T00:00:00</FromDate>
              <ToDate>2016-06-03T00:00:00</ToDate>
            </OperatingPeriod>
          </operatingPeriods>
          <dayTypeAssignments>
            <DayTypeAssignment id="VTR:DayTypeAssignment:2848_0" version="1" order="2212">
              <OperatingPeriodRef ref="VTR:OperatingPeriod:2848" version="1"/>
              <DayTypeRef ref="VTR:DayType:2848" version="1"/>
            </DayTypeAssignment>
          </dayTypeAssignments>
        </ServiceCalendarFrame>
        <ServiceFrame id="VTR:ServiceFrame:1381" version="1">
          <Network version="0" id="VTR:Network:13"/>
          <routePoints>
            <RoutePoint version="1" id="VTR:RoutePoint:126150">
              <projections>
                <PointProjection version="1" id="VTR:PointProjection:38380">
                  <ProjectedPointRef ref="VTR:ScheduledStopPoint:126150" version="1"/>
                </PointProjection>
              </projections>
            </RoutePoint>
            <RoutePoint version="1" id="VTR:RoutePoint:126151">
              <projections>
                <PointProjection version="1" id="VTR:PointProjection:38381">
                  <ProjectedPointRef ref="VTR:ScheduledStopPoint:126151" version="1"/>
                </PointProjection>
              </projections>
            </RoutePoint>
            <RoutePoint version="1" id="VTR:RoutePoint:126152">
              <projections>
                <PointProjection version="1" id="VTR:PointProjection:38382">
                  <ProjectedPointRef ref="VTR:ScheduledStopPoint:126152" version="1"/>
                </PointProjection>
              </projections>
            </RoutePoint>
            <RoutePoint version="1" id="VTR:RoutePoint:126153">
              <projections>
                <PointProjection version="1" id="VTR:PointProjection:38383">
                  <ProjectedPointRef ref="VTR:ScheduledStopPoint:126153" version="1"/>
                </PointProjection>
              </projections>
            </RoutePoint>
            <RoutePoint version="1" id="VTR:RoutePoint:126154">
              <projections>
                <PointProjection version="1" id="VTR:PointProjection:38384">
                  <ProjectedPointRef ref="VTR:ScheduledStopPoint:126154" version="1"/>
                </PointProjection>
              </projections>
            </RoutePoint>
            <RoutePoint version="1" id="VTR:RoutePoint:126155">
              <projections>
                <PointProjection version="1" id="VTR:PointProjection:38385">
                  <ProjectedPointRef ref="VTR:ScheduledStopPoint:126155" version="1"/>
                </PointProjection>
              </projections>
            </RoutePoint>
            <RoutePoint version="1" id="VTR:RoutePoint:126156">
              <projections>
                <PointProjection version="1" id="VTR:PointProjection:38386">
                  <ProjectedPointRef ref="VTR:ScheduledStopPoint:126156" version="1"/>
                </PointProjection>
              </projections>
            </RoutePoint>
            <RoutePoint version="1" id="VTR:RoutePoint:126157">
              <projections>
                <PointProjection version="1" id="VTR:PointProjection:38387">
                  <ProjectedPointRef ref="VTR:ScheduledStopPoint:126157" version="1"/>
                </PointProjection>
              </projections>
            </RoutePoint>
            <RoutePoint version="1" id="VTR:RoutePoint:126158">
              <projections>
                <PointProjection version="1" id="VTR:PointProjection:38388">
                  <ProjectedPointRef ref="VTR:ScheduledStopPoint:126158" version="1"/>
                </PointProjection>
              </projections>
            </RoutePoint>
            <RoutePoint version="1" id="VTR:RoutePoint:126159">
              <projections>
                <PointProjection version="1" id="VTR:PointProjection:38389">
                  <ProjectedPointRef ref="VTR:ScheduledStopPoint:126159" version="1"/>
                </PointProjection>
              </projections>
            </RoutePoint>
            <RoutePoint version="1" id="VTR:RoutePoint:126160">
              <projections>
                <PointProjection version="1" id="VTR:PointProjection:38390">
                  <ProjectedPointRef ref="VTR:ScheduledStopPoint:126160" version="1"/>
                </PointProjection>
              </projections>
            </RoutePoint>
            <RoutePoint version="1" id="VTR:RoutePoint:126161">
              <projections>
                <PointProjection version="1" id="VTR:PointProjection:38391">
                  <ProjectedPointRef ref="VTR:ScheduledStopPoint:126161" version="1"/>
                </PointProjection>
              </projections>
            </RoutePoint>
            <RoutePoint version="1" id="VTR:RoutePoint:126162">
              <projections>
                <PointProjection version="1" id="VTR:PointProjection:38392">
                  <ProjectedPointRef ref="VTR:ScheduledStopPoint:126162" version="1"/>
                </PointProjection>
              </projections>
            </RoutePoint>
            <RoutePoint version="1" id="VTR:RoutePoint:126163">
              <projections>
                <PointProjection version="1" id="VTR:PointProjection:38393">
                  <ProjectedPointRef ref="VTR:ScheduledStopPoint:126163" version="1"/>
                </PointProjection>
              </projections>
            </RoutePoint>
            <RoutePoint version="1" id="VTR:RoutePoint:126166">
              <projections>
                <PointProjection version="1" id="VTR:PointProjection:38394">
                  <ProjectedPointRef ref="VTR:ScheduledStopPoint:126166" version="1"/>
                </PointProjection>
              </projections>
            </RoutePoint>
            <RoutePoint version="1" id="VTR:RoutePoint:126171">
              <projections>
                <PointProjection version="1" id="VTR:PointProjection:38451">
                  <ProjectedPointRef ref="VTR:ScheduledStopPoint:126171" version="1"/>
                </PointProjection>
              </projections>
            </RoutePoint>
            <RoutePoint version="1" id="VTR:RoutePoint:126172">
              <projections>
                <PointProjection version="1" id="VTR:PointProjection:38452">
                  <ProjectedPointRef ref="VTR:ScheduledStopPoint:126172" version="1"/>
                </PointProjection>
              </projections>
            </RoutePoint>
            <RoutePoint version="1" id="VTR:RoutePoint:126173">
              <projections>
                <PointProjection version="1" id="VTR:PointProjection:38453">
                  <ProjectedPointRef ref="VTR:ScheduledStopPoint:126173" version="1"/>
                </PointProjection>
              </projections>
            </RoutePoint>
            <RoutePoint version="1" id="VTR:RoutePoint:126175">
              <projections>
                <PointProjection version="1" id="VTR:PointProjection:38454">
                  <ProjectedPointRef ref="VTR:ScheduledStopPoint:126175" version="1"/>
                </PointProjection>
              </projections>
            </RoutePoint>
          </routePoints>
          <routes>
            <Route version="1" id="VTR:Route:7526">
              <Name>Anglininkai-Kaišiadorys</Name>
              <ShortName>Anglininkai-Kaišiadorys</ShortName>
              <LineRef ref="VTR:Line:2889" version="2959"/>
              <DirectionType>inbound</DirectionType>
              <pointsInSequence>
                <PointOnRoute version="1" id="VTR:PointOnRoute:126150" order="1">
                  <RoutePointRef ref="VTR:RoutePoint:126150"/>
                </PointOnRoute>
                <PointOnRoute version="1" id="VTR:PointOnRoute:126151" order="2">
                  <RoutePointRef ref="VTR:RoutePoint:126151"/>
                </PointOnRoute>
                <PointOnRoute version="1" id="VTR:PointOnRoute:126152" order="3">
                  <RoutePointRef ref="VTR:RoutePoint:126152"/>
                </PointOnRoute>
                <PointOnRoute version="1" id="VTR:PointOnRoute:126153" order="4">
                  <RoutePointRef ref="VTR:RoutePoint:126153"/>
                </PointOnRoute>
                <PointOnRoute version="1" id="VTR:PointOnRoute:126154" order="5">
                  <RoutePointRef ref="VTR:RoutePoint:126154"/>
                </PointOnRoute>
                <PointOnRoute version="1" id="VTR:PointOnRoute:126155" order="6">
                  <RoutePointRef ref="VTR:RoutePoint:126155"/>
                </PointOnRoute>
                <PointOnRoute version="1" id="VTR:PointOnRoute:126156" order="7">
                  <RoutePointRef ref="VTR:RoutePoint:126156"/>
                </PointOnRoute>
                <PointOnRoute version="1" id="VTR:PointOnRoute:126157" order="8">
                  <RoutePointRef ref="VTR:RoutePoint:126157"/>
                </PointOnRoute>
                <PointOnRoute version="1" id="VTR:PointOnRoute:126158" order="9">
                  <RoutePointRef ref="VTR:RoutePoint:126158"/>
                </PointOnRoute>
                <PointOnRoute version="1" id="VTR:PointOnRoute:126159" order="10">
                  <RoutePointRef ref="VTR:RoutePoint:126159"/>
                </PointOnRoute>
                <PointOnRoute version="1" id="VTR:PointOnRoute:126160" order="11">
                  <RoutePointRef ref="VTR:RoutePoint:126160"/>
                </PointOnRoute>
                <PointOnRoute version="1" id="VTR:PointOnRoute:126161" order="12">
                  <RoutePointRef ref="VTR:RoutePoint:126161"/>
                </PointOnRoute>
                <PointOnRoute version="1" id="VTR:PointOnRoute:126162" order="13">
                  <RoutePointRef ref="VTR:RoutePoint:126162"/>
                </PointOnRoute>
                <PointOnRoute version="1" id="VTR:PointOnRoute:126163" order="14">
                  <RoutePointRef ref="VTR:RoutePoint:126163"/>
                </PointOnRoute>
                <PointOnRoute version="1" id="VTR:PointOnRoute:126166" order="15">
                  <RoutePointRef ref="VTR:RoutePoint:126166"/>
                </PointOnRoute>
                <PointOnRoute version="1" id="VTR:PointOnRoute:126171" order="16">
                  <RoutePointRef ref="VTR:RoutePoint:126171"/>
                </PointOnRoute>
                <PointOnRoute version="1" id="VTR:PointOnRoute:126172" order="17">
                  <RoutePointRef ref="VTR:RoutePoint:126172"/>
                </PointOnRoute>
                <PointOnRoute version="1" id="VTR:PointOnRoute:126173" order="18">
                  <RoutePointRef ref="VTR:RoutePoint:126173"/>
                </PointOnRoute>
                <PointOnRoute version="1" id="VTR:PointOnRoute:126175" order="19">
                  <RoutePointRef ref="VTR:RoutePoint:126175"/>
                </PointOnRoute>
              </pointsInSequence>
            </Route>
          </routes>
          <lines>
            <Line version="2959" id="VTR:Line:2889">
              <Name>Anglininkai-Kaišiadorys</Name>
              <TransportMode>bus</TransportMode>
              <TransportSubmode>
                <BusSubmode>regionalBus</BusSubmode>
              </TransportSubmode>
              <PublicCode>66-2</PublicCode>
              <OperatorRef ref="VTR:Operator:13"/>
            </Line>
          </lines>
          <scheduledStopPoints>
            <ScheduledStopPoint version="1" id="VTR:ScheduledStopPoint:126150">
              <Name>Anglininkai III</Name>
            </ScheduledStopPoint>
            <ScheduledStopPoint version="1" id="VTR:ScheduledStopPoint:126151">
              <Name>Anglininkai II</Name>
            </ScheduledStopPoint>
            <ScheduledStopPoint version="1" id="VTR:ScheduledStopPoint:126152">
              <Name>Anglininkai I</Name>
            </ScheduledStopPoint>
            <ScheduledStopPoint version="1" id="VTR:ScheduledStopPoint:126153">
              <Name>Norkūnai</Name>
            </ScheduledStopPoint>
            <ScheduledStopPoint version="1" id="VTR:ScheduledStopPoint:126154">
              <Name>Kruonis</Name>
            </ScheduledStopPoint>
            <ScheduledStopPoint version="1" id="VTR:ScheduledStopPoint:126155">
              <Name>Burčiagai</Name>
            </ScheduledStopPoint>
            <ScheduledStopPoint version="1" id="VTR:ScheduledStopPoint:126156">
              <Name>Mankūviškės</Name>
            </ScheduledStopPoint>
            <ScheduledStopPoint version="1" id="VTR:ScheduledStopPoint:126157">
              <Name>Morkūnai</Name>
            </ScheduledStopPoint>
            <ScheduledStopPoint version="1" id="VTR:ScheduledStopPoint:126158">
              <Name>Žideikiškės</Name>
            </ScheduledStopPoint>
            <ScheduledStopPoint version="1" id="VTR:ScheduledStopPoint:126159">
              <Name>Avinėliai</Name>
            </ScheduledStopPoint>
            <ScheduledStopPoint version="1" id="VTR:ScheduledStopPoint:126160">
              <Name>Med.Strėvininkai</Name>
            </ScheduledStopPoint>
            <ScheduledStopPoint version="1" id="VTR:ScheduledStopPoint:126161">
              <Name>Kruonio kr.</Name>
            </ScheduledStopPoint>
            <ScheduledStopPoint version="1" id="VTR:ScheduledStopPoint:126162">
              <Name>Žiežmariai</Name>
            </ScheduledStopPoint>
            <ScheduledStopPoint version="1" id="VTR:ScheduledStopPoint:126163">
              <Name>Žiežmariai</Name>
            </ScheduledStopPoint>
            <ScheduledStopPoint version="1" id="VTR:ScheduledStopPoint:126166">
              <Name>Žiežmarių Kr.</Name>
            </ScheduledStopPoint>
            <ScheduledStopPoint version="1" id="VTR:ScheduledStopPoint:126171">
              <Name>Karantinis m</Name>
            </ScheduledStopPoint>
            <ScheduledStopPoint version="1" id="VTR:ScheduledStopPoint:126172">
              <Name>Šebnica</Name>
            </ScheduledStopPoint>
            <ScheduledStopPoint version="1" id="VTR:ScheduledStopPoint:126173">
              <Name>Autoservisas</Name>
            </ScheduledStopPoint>
            <ScheduledStopPoint version="1" id="VTR:ScheduledStopPoint:126175">
              <Name>Kaišiadorių Autobusų stotis</Name>
            </ScheduledStopPoint>
          </scheduledStopPoints>
          <serviceLinks>
            <ServiceLink id="VTR:ServiceLink:126161_1_126162_1" version="1">
              <Distance>2</Distance>
              <FromPointRef ref="VTR:ScheduledStopPoint:126161" version="1"/>
              <ToPointRef ref="VTR:ScheduledStopPoint:126162" version="1"/>
            </ServiceLink>
            <ServiceLink id="VTR:ServiceLink:126158_1_126159_1" version="1">
              <Distance>1</Distance>
              <FromPointRef ref="VTR:ScheduledStopPoint:126158" version="1"/>
              <ToPointRef ref="VTR:ScheduledStopPoint:126159" version="1"/>
            </ServiceLink>
            <ServiceLink id="VTR:ServiceLink:126155_1_126156_1" version="1">
              <Distance>2</Distance>
              <FromPointRef ref="VTR:ScheduledStopPoint:126155" version="1"/>
              <ToPointRef ref="VTR:ScheduledStopPoint:126156" version="1"/>
            </ServiceLink>
            <ServiceLink id="VTR:ServiceLink:126172_1_126173_1" version="1">
              <Distance>1</Distance>
              <FromPointRef ref="VTR:ScheduledStopPoint:126172" version="1"/>
              <ToPointRef ref="VTR:ScheduledStopPoint:126173" version="1"/>
            </ServiceLink>
            <ServiceLink id="VTR:ServiceLink:126150_1_126151_1" version="1">
              <Distance>0</Distance>
              <FromPointRef ref="VTR:ScheduledStopPoint:126150" version="1"/>
              <ToPointRef ref="VTR:ScheduledStopPoint:126151" version="1"/>
            </ServiceLink>
            <ServiceLink id="VTR:ServiceLink:126153_1_126154_1" version="1">
              <Distance>3</Distance>
              <FromPointRef ref="VTR:ScheduledStopPoint:126153" version="1"/>
              <ToPointRef ref="VTR:ScheduledStopPoint:126154" version="1"/>
            </ServiceLink>
            <ServiceLink id="VTR:ServiceLink:126162_1_126163_1" version="1">
              <Distance>1</Distance>
              <FromPointRef ref="VTR:ScheduledStopPoint:126162" version="1"/>
              <ToPointRef ref="VTR:ScheduledStopPoint:126163" version="1"/>
            </ServiceLink>
            <ServiceLink id="VTR:ServiceLink:126159_1_126160_1" version="1">
              <Distance>2</Distance>
              <FromPointRef ref="VTR:ScheduledStopPoint:126159" version="1"/>
              <ToPointRef ref="VTR:ScheduledStopPoint:126160" version="1"/>
            </ServiceLink>
            <ServiceLink id="VTR:ServiceLink:126151_1_126152_1" version="1">
              <Distance>1</Distance>
              <FromPointRef ref="VTR:ScheduledStopPoint:126151" version="1"/>
              <ToPointRef ref="VTR:ScheduledStopPoint:126152" version="1"/>
            </ServiceLink>
            <ServiceLink id="VTR:ServiceLink:126156_1_126157_1" version="1">
              <Distance>3</Distance>
              <FromPointRef ref="VTR:ScheduledStopPoint:126156" version="1"/>
              <ToPointRef ref="VTR:ScheduledStopPoint:126157" version="1"/>
            </ServiceLink>
            <ServiceLink id="VTR:ServiceLink:126171_1_126172_1" version="1">
              <Distance>1</Distance>
              <FromPointRef ref="VTR:ScheduledStopPoint:126171" version="1"/>
              <ToPointRef ref="VTR:ScheduledStopPoint:126172" version="1"/>
            </ServiceLink>
            <ServiceLink id="VTR:ServiceLink:126152_1_126153_1" version="1">
              <Distance>1</Distance>
              <FromPointRef ref="VTR:ScheduledStopPoint:126152" version="1"/>
              <ToPointRef ref="VTR:ScheduledStopPoint:126153" version="1"/>
            </ServiceLink>
            <ServiceLink id="VTR:ServiceLink:126154_1_126155_1" version="1">
              <Distance>1</Distance>
              <FromPointRef ref="VTR:ScheduledStopPoint:126154" version="1"/>
              <ToPointRef ref="VTR:ScheduledStopPoint:126155" version="1"/>
            </ServiceLink>
            <ServiceLink id="VTR:ServiceLink:126157_1_126158_1" version="1">
              <Distance>1</Distance>
              <FromPointRef ref="VTR:ScheduledStopPoint:126157" version="1"/>
              <ToPointRef ref="VTR:ScheduledStopPoint:126158" version="1"/>
            </ServiceLink>
            <ServiceLink id="VTR:ServiceLink:126160_1_126161_1" version="1">
              <Distance>1</Distance>
              <FromPointRef ref="VTR:ScheduledStopPoint:126160" version="1"/>
              <ToPointRef ref="VTR:ScheduledStopPoint:126161" version="1"/>
            </ServiceLink>
          </serviceLinks>
          <stopAssignments>
            <PassengerStopAssignment order="752600000" id="VTR:PassengerStopAssignment:126150" version="1">
              <ScheduledStopPointRef ref="VTR:ScheduledStopPoint:126150" version="1"/>
              <QuayRef ref="VTR:Quay:23772"/>
            </PassengerStopAssignment>
            <PassengerStopAssignment order="752600001" id="VTR:PassengerStopAssignment:126151" version="1">
              <ScheduledStopPointRef ref="VTR:ScheduledStopPoint:126151" version="1"/>
              <QuayRef ref="VTR:Quay:7139"/>
            </PassengerStopAssignment>
            <PassengerStopAssignment order="752600002" id="VTR:PassengerStopAssignment:126152" version="1">
              <ScheduledStopPointRef ref="VTR:ScheduledStopPoint:126152" version="1"/>
              <QuayRef ref="VTR:Quay:8833"/>
            </PassengerStopAssignment>
            <PassengerStopAssignment order="752600003" id="VTR:PassengerStopAssignment:126153" version="1">
              <ScheduledStopPointRef ref="VTR:ScheduledStopPoint:126153" version="1"/>
              <QuayRef ref="VTR:Quay:8803"/>
            </PassengerStopAssignment>
            <PassengerStopAssignment order="752600004" id="VTR:PassengerStopAssignment:126154" version="1">
              <ScheduledStopPointRef ref="VTR:ScheduledStopPoint:126154" version="1"/>
              <QuayRef ref="VTR:Quay:5238"/>
            </PassengerStopAssignment>
            <PassengerStopAssignment order="752600005" id="VTR:PassengerStopAssignment:126155" version="1">
              <ScheduledStopPointRef ref="VTR:ScheduledStopPoint:126155" version="1"/>
              <QuayRef ref="VTR:Quay:15822"/>
            </PassengerStopAssignment>
            <PassengerStopAssignment order="752600006" id="VTR:PassengerStopAssignment:126156" version="1">
              <ScheduledStopPointRef ref="VTR:ScheduledStopPoint:126156" version="1"/>
              <QuayRef ref="VTR:Quay:15813"/>
            </PassengerStopAssignment>
            <PassengerStopAssignment order="752600007" id="VTR:PassengerStopAssignment:126157" version="1">
              <ScheduledStopPointRef ref="VTR:ScheduledStopPoint:126157" version="1"/>
              <QuayRef ref="VTR:Quay:9105"/>
            </PassengerStopAssignment>
            <PassengerStopAssignment order="752600008" id="VTR:PassengerStopAssignment:126158" version="1">
              <ScheduledStopPointRef ref="VTR:ScheduledStopPoint:126158" version="1"/>
              <QuayRef ref="VTR:Quay:3595"/>
            </PassengerStopAssignment>
            <PassengerStopAssignment order="752600009" id="VTR:PassengerStopAssignment:126159" version="1">
              <ScheduledStopPointRef ref="VTR:ScheduledStopPoint:126159" version="1"/>
              <QuayRef ref="VTR:Quay:15446"/>
            </PassengerStopAssignment>
            <PassengerStopAssignment order="752600010" id="VTR:PassengerStopAssignment:126160" version="1">
              <ScheduledStopPointRef ref="VTR:ScheduledStopPoint:126160" version="1"/>
              <QuayRef ref="VTR:Quay:14353"/>
            </PassengerStopAssignment>
            <PassengerStopAssignment order="752600011" id="VTR:PassengerStopAssignment:126161" version="1">
              <ScheduledStopPointRef ref="VTR:ScheduledStopPoint:126161" version="1"/>
              <QuayRef ref="VTR:Quay:23774"/>
            </PassengerStopAssignment>
            <PassengerStopAssignment order="752600012" id="VTR:PassengerStopAssignment:126162" version="1">
              <ScheduledStopPointRef ref="VTR:ScheduledStopPoint:126162" version="1"/>
              <QuayRef ref="VTR:Quay:5231"/>
            </PassengerStopAssignment>
            <PassengerStopAssignment order="752600013" id="VTR:PassengerStopAssignment:126163" version="1">
              <ScheduledStopPointRef ref="VTR:ScheduledStopPoint:126163" version="1"/>
              <QuayRef ref="VTR:Quay:13918"/>
            </PassengerStopAssignment>
            <PassengerStopAssignment order="752600016" id="VTR:PassengerStopAssignment:126166" version="1">
              <ScheduledStopPointRef ref="VTR:ScheduledStopPoint:126166" version="1"/>
              <QuayRef ref="VTR:Quay:23770"/>
            </PassengerStopAssignment>
            <PassengerStopAssignment order="752600021" id="VTR:PassengerStopAssignment:126171" version="1">
              <ScheduledStopPointRef ref="VTR:ScheduledStopPoint:126171" version="1"/>
              <QuayRef ref="VTR:Quay:15758"/>
            </PassengerStopAssignment>
            <PassengerStopAssignment order="752600022" id="VTR:PassengerStopAssignment:126172" version="1">
              <ScheduledStopPointRef ref="VTR:ScheduledStopPoint:126172" version="1"/>
              <QuayRef ref="VTR:Quay:10755"/>
            </PassengerStopAssignment>
            <PassengerStopAssignment order="752600023" id="VTR:PassengerStopAssignment:126173" version="1">
              <ScheduledStopPointRef ref="VTR:ScheduledStopPoint:126173" version="1"/>
              <QuayRef ref="VTR:Quay:5003"/>
            </PassengerStopAssignment>
            <PassengerStopAssignment order="752600025" id="VTR:PassengerStopAssignment:126175" version="1">
              <ScheduledStopPointRef ref="VTR:ScheduledStopPoint:126175" version="1"/>
              <QuayRef ref="VTR:Quay:23769"/>
            </PassengerStopAssignment>
          </stopAssignments>
          <journeyPatterns>
            <JourneyPattern id="VTR:JourneyPattern:58285" version="58347">
              <Name>4</Name>
              <RouteRef ref="VTR:Route:7526" version="1"/>
              <pointsInSequence>
                <StopPointInJourneyPattern id="VTR:StopPointInJourneyPattern:1172324" version="58347" order="1">
                  <ScheduledStopPointRef ref="VTR:ScheduledStopPoint:126150"/>
                  <DestinationDisplayRef ref="VTR:DestinationDisplay:1"/>
                </StopPointInJourneyPattern>
                <StopPointInJourneyPattern id="VTR:StopPointInJourneyPattern:1172325" version="58347" order="2">
                  <ScheduledStopPointRef ref="VTR:ScheduledStopPoint:126151"/>
                  <DestinationDisplayRef ref="VTR:DestinationDisplay:1"/>
                </StopPointInJourneyPattern>
                <StopPointInJourneyPattern id="VTR:StopPointInJourneyPattern:1172326" version="58347" order="3">
                  <ScheduledStopPointRef ref="VTR:ScheduledStopPoint:126152"/>
                  <DestinationDisplayRef ref="VTR:DestinationDisplay:1"/>
                </StopPointInJourneyPattern>
                <StopPointInJourneyPattern id="VTR:StopPointInJourneyPattern:1172327" version="58347" order="4">
                  <ScheduledStopPointRef ref="VTR:ScheduledStopPoint:126153"/>
                  <DestinationDisplayRef ref="VTR:DestinationDisplay:1"/>
                </StopPointInJourneyPattern>
                <StopPointInJourneyPattern id="VTR:StopPointInJourneyPattern:1172328" version="58347" order="5">
                  <ScheduledStopPointRef ref="VTR:ScheduledStopPoint:126154"/>
                  <DestinationDisplayRef ref="VTR:DestinationDisplay:1"/>
                </StopPointInJourneyPattern>
                <StopPointInJourneyPattern id="VTR:StopPointInJourneyPattern:1172329" version="58347" order="6">
                  <ScheduledStopPointRef ref="VTR:ScheduledStopPoint:126155"/>
                  <DestinationDisplayRef ref="VTR:DestinationDisplay:1"/>
                </StopPointInJourneyPattern>
                <StopPointInJourneyPattern id="VTR:StopPointInJourneyPattern:1172330" version="58347" order="7">
                  <ScheduledStopPointRef ref="VTR:ScheduledStopPoint:126156"/>
                  <DestinationDisplayRef ref="VTR:DestinationDisplay:1"/>
                </StopPointInJourneyPattern>
                <StopPointInJourneyPattern id="VTR:StopPointInJourneyPattern:1172331" version="58347" order="8">
                  <ScheduledStopPointRef ref="VTR:ScheduledStopPoint:126157"/>
                  <DestinationDisplayRef ref="VTR:DestinationDisplay:1"/>
                </StopPointInJourneyPattern>
                <StopPointInJourneyPattern id="VTR:StopPointInJourneyPattern:1172332" version="58347" order="9">
                  <ScheduledStopPointRef ref="VTR:ScheduledStopPoint:126158"/>
                  <DestinationDisplayRef ref="VTR:DestinationDisplay:1"/>
                </StopPointInJourneyPattern>
                <StopPointInJourneyPattern id="VTR:StopPointInJourneyPattern:1172333" version="58347" order="10">
                  <ScheduledStopPointRef ref="VTR:ScheduledStopPoint:126159"/>
                  <DestinationDisplayRef ref="VTR:DestinationDisplay:1"/>
                </StopPointInJourneyPattern>
                <StopPointInJourneyPattern id="VTR:StopPointInJourneyPattern:1172334" version="58347" order="11">
                  <ScheduledStopPointRef ref="VTR:ScheduledStopPoint:126160"/>
                  <DestinationDisplayRef ref="VTR:DestinationDisplay:1"/>
                </StopPointInJourneyPattern>
                <StopPointInJourneyPattern id="VTR:StopPointInJourneyPattern:1172335" version="58347" order="12">
                  <ScheduledStopPointRef ref="VTR:ScheduledStopPoint:126161"/>
                  <DestinationDisplayRef ref="VTR:DestinationDisplay:1"/>
                </StopPointInJourneyPattern>
                <StopPointInJourneyPattern id="VTR:StopPointInJourneyPattern:1172336" version="58347" order="13">
                  <ScheduledStopPointRef ref="VTR:ScheduledStopPoint:126162"/>
                  <DestinationDisplayRef ref="VTR:DestinationDisplay:1"/>
                </StopPointInJourneyPattern>
                <StopPointInJourneyPattern id="VTR:StopPointInJourneyPattern:1172337" version="58347" order="14">
                  <ScheduledStopPointRef ref="VTR:ScheduledStopPoint:126163"/>
                  <DestinationDisplayRef ref="VTR:DestinationDisplay:1"/>
                </StopPointInJourneyPattern>
                <StopPointInJourneyPattern id="VTR:StopPointInJourneyPattern:1172338" version="58347" order="15">
                  <ScheduledStopPointRef ref="VTR:ScheduledStopPoint:126166"/>
                  <DestinationDisplayRef ref="VTR:DestinationDisplay:1"/>
                </StopPointInJourneyPattern>
                <StopPointInJourneyPattern id="VTR:StopPointInJourneyPattern:1172339" version="58347" order="16">
                  <ScheduledStopPointRef ref="VTR:ScheduledStopPoint:126171"/>
                  <DestinationDisplayRef ref="VTR:DestinationDisplay:1"/>
                </StopPointInJourneyPattern>
                <StopPointInJourneyPattern id="VTR:StopPointInJourneyPattern:1172340" version="58347" order="17">
                  <ScheduledStopPointRef ref="VTR:ScheduledStopPoint:126172"/>
                  <DestinationDisplayRef ref="VTR:DestinationDisplay:1"/>
                </StopPointInJourneyPattern>
                <StopPointInJourneyPattern id="VTR:StopPointInJourneyPattern:1172341" version="58347" order="18">
                  <ScheduledStopPointRef ref="VTR:ScheduledStopPoint:126173"/>
                  <DestinationDisplayRef ref="VTR:DestinationDisplay:1"/>
                </StopPointInJourneyPattern>
                <StopPointInJourneyPattern id="VTR:StopPointInJourneyPattern:1172342" version="58347" order="19">
                  <ScheduledStopPointRef ref="VTR:ScheduledStopPoint:126175"/>
                  <DestinationDisplayRef ref="VTR:DestinationDisplay:1"/>
                </StopPointInJourneyPattern>
              </pointsInSequence>
            </JourneyPattern>
          </journeyPatterns>
        </ServiceFrame>
        <TimetableFrame version="1" id="VTR:TimetableFrame:1381">
          <vehicleJourneys>
            <ServiceJourney version="58347" id="VTR:ServiceJourney:58285">
              <Name>Anglininkai-Kaišiadorys</Name>
              <PrivateCode>4</PrivateCode>
              <dayTypes>
                <DayTypeRef ref="VTR:DayType:2848"/>
              </dayTypes>
              <JourneyPatternRef version="58347" ref="VTR:JourneyPattern:58285"/>
              <OperatorRef ref="VTR:Operator:"/>
              <LineRef ref="VTR:Line:2889" version="2959"/>
              <passingTimes>
                <TimetabledPassingTime version="58347" id="VTR:TimetabledPassingTime:58285_1172324_1">
                  <StopPointInJourneyPatternRef ref="VTR:StopPointInJourneyPattern:1172324" version="58347"/>
                  <DepartureTime>15:03:00</DepartureTime>
                  <DepartureDayOffset>0</DepartureDayOffset>
                </TimetabledPassingTime>
                <TimetabledPassingTime version="58347" id="VTR:TimetabledPassingTime:58285_1172325_2">
                  <StopPointInJourneyPatternRef ref="VTR:StopPointInJourneyPattern:1172325" version="58347"/>
                  <DepartureTime>15:04:00</DepartureTime>
                  <DepartureDayOffset>0</DepartureDayOffset>
                </TimetabledPassingTime>
                <TimetabledPassingTime version="58347" id="VTR:TimetabledPassingTime:58285_1172326_3">
                  <StopPointInJourneyPatternRef ref="VTR:StopPointInJourneyPattern:1172326" version="58347"/>
                  <DepartureTime>15:06:00</DepartureTime>
                  <DepartureDayOffset>0</DepartureDayOffset>
                </TimetabledPassingTime>
                <TimetabledPassingTime version="58347" id="VTR:TimetabledPassingTime:58285_1172327_4">
                  <StopPointInJourneyPatternRef ref="VTR:StopPointInJourneyPattern:1172327" version="58347"/>
                  <DepartureTime>15:09:00</DepartureTime>
                  <DepartureDayOffset>0</DepartureDayOffset>
                </TimetabledPassingTime>
                <TimetabledPassingTime version="58347" id="VTR:TimetabledPassingTime:58285_1172328_5">
                  <StopPointInJourneyPatternRef ref="VTR:StopPointInJourneyPattern:1172328" version="58347"/>
                  <DepartureTime>15:16:00</DepartureTime>
                  <DepartureDayOffset>0</DepartureDayOffset>
                </TimetabledPassingTime>
                <TimetabledPassingTime version="58347" id="VTR:TimetabledPassingTime:58285_1172329_6">
                  <StopPointInJourneyPatternRef ref="VTR:StopPointInJourneyPattern:1172329" version="58347"/>
                  <DepartureTime>15:20:00</DepartureTime>
                  <DepartureDayOffset>0</DepartureDayOffset>
                </TimetabledPassingTime>
                <TimetabledPassingTime version="58347" id="VTR:TimetabledPassingTime:58285_1172330_7">
                  <StopPointInJourneyPatternRef ref="VTR:StopPointInJourneyPattern:1172330" version="58347"/>
                  <DepartureTime>15:24:00</DepartureTime>
                  <DepartureDayOffset>0</DepartureDayOffset>
                </TimetabledPassingTime>
                <TimetabledPassingTime version="58347" id="VTR:TimetabledPassingTime:58285_1172331_8">
                  <StopPointInJourneyPatternRef ref="VTR:StopPointInJourneyPattern:1172331" version="58347"/>
                  <DepartureTime>15:31:00</DepartureTime>
                  <DepartureDayOffset>0</DepartureDayOffset>
                </TimetabledPassingTime>
                <TimetabledPassingTime version="58347" id="VTR:TimetabledPassingTime:58285_1172332_9">
                  <StopPointInJourneyPatternRef ref="VTR:StopPointInJourneyPattern:1172332" version="58347"/>
                  <DepartureTime>15:33:00</DepartureTime>
                  <DepartureDayOffset>0</DepartureDayOffset>
                </TimetabledPassingTime>
                <TimetabledPassingTime version="58347" id="VTR:TimetabledPassingTime:58285_1172333_10">
                  <StopPointInJourneyPatternRef ref="VTR:StopPointInJourneyPattern:1172333" version="58347"/>
                  <DepartureTime>15:35:00</DepartureTime>
                  <DepartureDayOffset>0</DepartureDayOffset>
                </TimetabledPassingTime>
                <TimetabledPassingTime version="58347" id="VTR:TimetabledPassingTime:58285_1172334_11">
                  <StopPointInJourneyPatternRef ref="VTR:StopPointInJourneyPattern:1172334" version="58347"/>
                  <DepartureTime>15:40:00</DepartureTime>
                  <DepartureDayOffset>0</DepartureDayOffset>
                </TimetabledPassingTime>
                <TimetabledPassingTime version="58347" id="VTR:TimetabledPassingTime:58285_1172335_12">
                  <StopPointInJourneyPatternRef ref="VTR:StopPointInJourneyPattern:1172335" version="58347"/>
                  <DepartureTime>15:42:00</DepartureTime>
                  <DepartureDayOffset>0</DepartureDayOffset>
                </TimetabledPassingTime>
                <TimetabledPassingTime version="58347" id="VTR:TimetabledPassingTime:58285_1172336_13">
                  <StopPointInJourneyPatternRef ref="VTR:StopPointInJourneyPattern:1172336" version="58347"/>
                  <DepartureTime>15:46:00</DepartureTime>
                  <DepartureDayOffset>0</DepartureDayOffset>
                </TimetabledPassingTime>
                <TimetabledPassingTime version="58347" id="VTR:TimetabledPassingTime:58285_1172337_14">
                  <StopPointInJourneyPatternRef ref="VTR:StopPointInJourneyPattern:1172337" version="58347"/>
                  <DepartureTime>15:48:00</DepartureTime>
                  <DepartureDayOffset>0</DepartureDayOffset>
                </TimetabledPassingTime>
                <TimetabledPassingTime version="58347" id="VTR:TimetabledPassingTime:58285_1172338_15">
                  <StopPointInJourneyPatternRef ref="VTR:StopPointInJourneyPattern:1172338" version="58347"/>
                  <DepartureTime>15:50:00</DepartureTime>
                  <DepartureDayOffset>0</DepartureDayOffset>
                </TimetabledPassingTime>
                <TimetabledPassingTime version="58347" id="VTR:TimetabledPassingTime:58285_1172339_16">
                  <StopPointInJourneyPatternRef ref="VTR:StopPointInJourneyPattern:1172339" version="58347"/>
                  <DepartureTime>15:55:00</DepartureTime>
                  <DepartureDayOffset>0</DepartureDayOffset>
                </TimetabledPassingTime>
                <TimetabledPassingTime version="58347" id="VTR:TimetabledPassingTime:58285_1172340_17">
                  <StopPointInJourneyPatternRef ref="VTR:StopPointInJourneyPattern:1172340" version="58347"/>
                  <DepartureTime>15:57:00</DepartureTime>
                  <DepartureDayOffset>0</DepartureDayOffset>
                </TimetabledPassingTime>
                <TimetabledPassingTime version="58347" id="VTR:TimetabledPassingTime:58285_1172341_18">
                  <StopPointInJourneyPatternRef ref="VTR:StopPointInJourneyPattern:1172341" version="58347"/>
                  <DepartureTime>15:59:00</DepartureTime>
                  <DepartureDayOffset>0</DepartureDayOffset>
                </TimetabledPassingTime>
                <TimetabledPassingTime version="58347" id="VTR:TimetabledPassingTime:58285_1172342_19">
                  <StopPointInJourneyPatternRef ref="VTR:StopPointInJourneyPattern:1172342" version="58347"/>
                  <DepartureTime>16:00:00</DepartureTime>
                  <DepartureDayOffset>0</DepartureDayOffset>
                </TimetabledPassingTime>
              </passingTimes>
            </ServiceJourney>
          </vehicleJourneys>
        </TimetableFrame>
        <ResourceFrame version="1" id="VTR:ResourceFrame:1381">
          <organisations>
            <Authority version="1" id="VTR:Authority:13">
              <CompanyNumber>49</CompanyNumber>
              <Name>Kaišiadorių r. sav.</Name>
              <LegalName>Kaišiadorių r. sav.</LegalName>
              <ContactDetails>
                <Email>meras@kaisiadorys.lt</Email>
                <Phone>834620480</Phone>
                <Url>www.kaisiadorys.lt</Url>
              </ContactDetails>
              <OrganisationType>authority</OrganisationType>
            </Authority>
          </organisations>
        </ResourceFrame>
        <FareFrame id="VTR:FareFrame:2889" version="1">
          <FrameDefaults>
            <DefaultCurrency>EUR</DefaultCurrency>
          </FrameDefaults>
          <fareStructureElements>
            <FareStructureElement id="VTR:FareStructureElement:pricematrix" version="1">
              <distanceMatrixElements>
                <DistanceMatrixElementRef ref="VTR:DistanceMatrixElement:1172333to1172342" version="1"/>
                <DistanceMatrixElementRef ref="VTR:DistanceMatrixElement:1172326to1172342" version="1"/>
                <DistanceMatrixElementRef ref="VTR:DistanceMatrixElement:1172325to1172342" version="1"/>
                <DistanceMatrixElementRef ref="VTR:DistanceMatrixElement:1172324to1172342" version="1"/>
              </distanceMatrixElements>
            </FareStructureElement>
          </fareStructureElements>
          <tariffs>
            <Tariff id="VTR:Tariff:pointToPointInSeparateJourney_2889" version="1">
              <Name>Point to point tariff</Name>
              <distanceMatrixElements>
                <DistanceMatrixElement id="VTR:DistanceMatrixElement:1172333to1172342" version="1">
                  <Name>Avinėliai to Kaišiadorių Autobusų stotis</Name>
                  <StartStopPointRef ref="VTR:ScheduledStopPoint:126159" version="1"/>
                  <EndStopPointRef ref="VTR:ScheduledStopPoint:126175" version="1"/>
                  <prices>
                    <DistanceMatrixElementPrice id="VTR:DistanceMatrixElementPrice:1172333to1172342" version="1">
                      <Amount>1.71</Amount>
                      <DistanceMatrixElementRef ref="VTR:DistanceMatrixElement:1172333to1172342" version="1"/>
                    </DistanceMatrixElementPrice>
                  </prices>
                </DistanceMatrixElement>
                <DistanceMatrixElement id="VTR:DistanceMatrixElement:1172326to1172342" version="1">
                  <Name>Anglininkai I to Kaišiadorių Autobusų stotis</Name>
                  <StartStopPointRef ref="VTR:ScheduledStopPoint:126152" version="1"/>
                  <EndStopPointRef ref="VTR:ScheduledStopPoint:126175" version="1"/>
                  <prices>
                    <DistanceMatrixElementPrice id="VTR:DistanceMatrixElementPrice:1172326to1172342" version="1">
                      <Amount>3.28</Amount>
                      <DistanceMatrixElementRef ref="VTR:DistanceMatrixElement:1172326to1172342" version="1"/>
                    </DistanceMatrixElementPrice>
                  </prices>
                </DistanceMatrixElement>
                <DistanceMatrixElement id="VTR:DistanceMatrixElement:1172325to1172342" version="1">
                  <Name>Anglininkai II to Kaišiadorių Autobusų stotis</Name>
                  <StartStopPointRef ref="VTR:ScheduledStopPoint:126151" version="1"/>
                  <EndStopPointRef ref="VTR:ScheduledStopPoint:126175" version="1"/>
                  <prices>
                    <DistanceMatrixElementPrice id="VTR:DistanceMatrixElementPrice:1172325to1172342" version="1">
                      <Amount>3.38</Amount>
                      <DistanceMatrixElementRef ref="VTR:DistanceMatrixElement:1172325to1172342" version="1"/>
                    </DistanceMatrixElementPrice>
                  </prices>
                </DistanceMatrixElement>
                <DistanceMatrixElement id="VTR:DistanceMatrixElement:1172324to1172342" version="1">
                  <Name>Anglininkai III to Kaišiadorių Autobusų stotis</Name>
                  <StartStopPointRef ref="VTR:ScheduledStopPoint:126150" version="1"/>
                  <EndStopPointRef ref="VTR:ScheduledStopPoint:126175" version="1"/>
                  <prices>
                    <DistanceMatrixElementPrice id="VTR:DistanceMatrixElementPrice:1172324to1172342" version="1">
                      <Amount>3.49</Amount>
                      <DistanceMatrixElementRef ref="VTR:DistanceMatrixElement:1172324to1172342" version="1"/>
                    </DistanceMatrixElementPrice>
                  </prices>
                </DistanceMatrixElement>
              </distanceMatrixElements>
            </Tariff>
          </tariffs>
          <usageParameters>
            <FrequencyOfUse id="VTR:FrequencyOfUse:oneTrip" version="1">
              <FrequencyOfUseType>unlimited</FrequencyOfUseType>
              <MaximalFrequency>1</MaximalFrequency>
            </FrequencyOfUse>
          </usageParameters>
        </FareFrame>
      </frames>
    </CompositeFrame>
  </dataObjects>
</PublicationDelivery>
