<?xml version="1.0" encoding="UTF-8"?><PublicationDelivery xmlns="http://www.netex.org.uk/netex" xmlns:gis="http://www.opengis.net/gml/3.2" xmlns:ns2="http://www.opengis.net/gml/3.2" xmlns:ns3="http://www.siri.org.uk/siri" xmlns:xsi="http://www.w3.org/2001/XMLSchema-instance" version="1" xsi:schemaLocation="">
  <PublicationTimestamp>2022-05-07T03:25:00.575</PublicationTimestamp>
  <ParticipantRef>VTR</ParticipantRef>
  <Description>1</Description>
  <dataObjects>
    <CompositeFrame created="2022-05-07T03:25:00.575" version="1" id="VTR:CompositeFrame:1381">
      <validityConditions>
        <AvailabilityCondition version="1" id="VTR:AvailabilityCondition:1381">
          <FromDate>2015-09-14T13:34:50</FromDate>
          <ToDate>2027-12-30T00:00:00</ToDate>
        </AvailabilityCondition>
      </validityConditions>
      <codespaces>
        <Codespace id="vtr">
          <Xmlns>VTR</Xmlns>
          <XmlnsUrl>http://www.visimarsrutai.lt/</XmlnsUrl>
        </Codespace>
      </codespaces>
      <FrameDefaults>
        <DefaultLocale>
          <TimeZone>Europe/Vilnius</TimeZone>
        </DefaultLocale>
        <DefaultLocationSystem>WGS84</DefaultLocationSystem>
      </FrameDefaults>
      <frames>
        <ServiceCalendarFrame version="1" id="VTR:ServiceCalendarFrame:1381">
          <dayTypes>
            <DayType id="VTR:DayType:2756" version="1">
              <properties>
                <PropertyOfDay>
                  <DaysOfWeek>Monday Tuesday Wednesday Thursday Friday</DaysOfWeek>
                </PropertyOfDay>
              </properties>
            </DayType>
          </dayTypes>
          <operatingPeriods>
            <OperatingPeriod version="1" id="VTR:OperatingPeriod:2756">
              <FromDate>2015-09-01T00:00:00</FromDate>
              <ToDate>2016-06-03T00:00:00</ToDate>
            </OperatingPeriod>
          </operatingPeriods>
          <dayTypeAssignments>
            <DayTypeAssignment id="VTR:DayTypeAssignment:2756_0" version="1" order="2177">
              <OperatingPeriodRef ref="VTR:OperatingPeriod:2756" version="1"/>
              <DayTypeRef ref="VTR:DayType:2756" version="1"/>
            </DayTypeAssignment>
          </dayTypeAssignments>
        </ServiceCalendarFrame>
        <ServiceFrame id="VTR:ServiceFrame:1381" version="1">
          <Network version="0" id="VTR:Network:13"/>
          <routePoints>
            <RoutePoint version="1" id="VTR:RoutePoint:119455">
              <projections>
                <PointProjection version="1" id="VTR:PointProjection:35248">
                  <ProjectedPointRef ref="VTR:ScheduledStopPoint:119455" version="1"/>
                </PointProjection>
              </projections>
            </RoutePoint>
            <RoutePoint version="1" id="VTR:RoutePoint:119456">
              <projections>
                <PointProjection version="1" id="VTR:PointProjection:35249">
                  <ProjectedPointRef ref="VTR:ScheduledStopPoint:119456" version="1"/>
                </PointProjection>
              </projections>
            </RoutePoint>
            <RoutePoint version="1" id="VTR:RoutePoint:119457">
              <projections>
                <PointProjection version="1" id="VTR:PointProjection:35280">
                  <ProjectedPointRef ref="VTR:ScheduledStopPoint:119457" version="1"/>
                </PointProjection>
              </projections>
            </RoutePoint>
            <RoutePoint version="1" id="VTR:RoutePoint:119458">
              <projections>
                <PointProjection version="1" id="VTR:PointProjection:35281">
                  <ProjectedPointRef ref="VTR:ScheduledStopPoint:119458" version="1"/>
                </PointProjection>
              </projections>
            </RoutePoint>
            <RoutePoint version="1" id="VTR:RoutePoint:119459">
              <projections>
                <PointProjection version="1" id="VTR:PointProjection:35282">
                  <ProjectedPointRef ref="VTR:ScheduledStopPoint:119459" version="1"/>
                </PointProjection>
              </projections>
            </RoutePoint>
            <RoutePoint version="1" id="VTR:RoutePoint:119460">
              <projections>
                <PointProjection version="1" id="VTR:PointProjection:35283">
                  <ProjectedPointRef ref="VTR:ScheduledStopPoint:119460" version="1"/>
                </PointProjection>
              </projections>
            </RoutePoint>
            <RoutePoint version="1" id="VTR:RoutePoint:119461">
              <projections>
                <PointProjection version="1" id="VTR:PointProjection:35284">
                  <ProjectedPointRef ref="VTR:ScheduledStopPoint:119461" version="1"/>
                </PointProjection>
              </projections>
            </RoutePoint>
            <RoutePoint version="1" id="VTR:RoutePoint:119462">
              <projections>
                <PointProjection version="1" id="VTR:PointProjection:35285">
                  <ProjectedPointRef ref="VTR:ScheduledStopPoint:119462" version="1"/>
                </PointProjection>
              </projections>
            </RoutePoint>
            <RoutePoint version="1" id="VTR:RoutePoint:119463">
              <projections>
                <PointProjection version="1" id="VTR:PointProjection:35286">
                  <ProjectedPointRef ref="VTR:ScheduledStopPoint:119463" version="1"/>
                </PointProjection>
              </projections>
            </RoutePoint>
            <RoutePoint version="1" id="VTR:RoutePoint:119464">
              <projections>
                <PointProjection version="1" id="VTR:PointProjection:35287">
                  <ProjectedPointRef ref="VTR:ScheduledStopPoint:119464" version="1"/>
                </PointProjection>
              </projections>
            </RoutePoint>
            <RoutePoint version="1" id="VTR:RoutePoint:119470">
              <projections>
                <PointProjection version="1" id="VTR:PointProjection:35288">
                  <ProjectedPointRef ref="VTR:ScheduledStopPoint:119470" version="1"/>
                </PointProjection>
              </projections>
            </RoutePoint>
            <RoutePoint version="1" id="VTR:RoutePoint:119473">
              <projections>
                <PointProjection version="1" id="VTR:PointProjection:35289">
                  <ProjectedPointRef ref="VTR:ScheduledStopPoint:119473" version="1"/>
                </PointProjection>
              </projections>
            </RoutePoint>
            <RoutePoint version="1" id="VTR:RoutePoint:119476">
              <projections>
                <PointProjection version="1" id="VTR:PointProjection:35290">
                  <ProjectedPointRef ref="VTR:ScheduledStopPoint:119476" version="1"/>
                </PointProjection>
              </projections>
            </RoutePoint>
          </routePoints>
          <routes>
            <Route version="1" id="VTR:Route:7103">
              <Name>Kaišiadorių geležinkelio stotis-Melioratorių gyv.</Name>
              <ShortName>Kaišiadorių geležinkelio stotis-Melioratorių gyv.</ShortName>
              <LineRef ref="VTR:Line:2192" version="2218"/>
              <DirectionType>outbound</DirectionType>
              <pointsInSequence>
                <PointOnRoute version="1" id="VTR:PointOnRoute:119455" order="1">
                  <RoutePointRef ref="VTR:RoutePoint:119455"/>
                </PointOnRoute>
                <PointOnRoute version="1" id="VTR:PointOnRoute:119456" order="2">
                  <RoutePointRef ref="VTR:RoutePoint:119456"/>
                </PointOnRoute>
                <PointOnRoute version="1" id="VTR:PointOnRoute:119457" order="3">
                  <RoutePointRef ref="VTR:RoutePoint:119457"/>
                </PointOnRoute>
                <PointOnRoute version="1" id="VTR:PointOnRoute:119458" order="4">
                  <RoutePointRef ref="VTR:RoutePoint:119458"/>
                </PointOnRoute>
                <PointOnRoute version="1" id="VTR:PointOnRoute:119459" order="5">
                  <RoutePointRef ref="VTR:RoutePoint:119459"/>
                </PointOnRoute>
                <PointOnRoute version="1" id="VTR:PointOnRoute:119460" order="6">
                  <RoutePointRef ref="VTR:RoutePoint:119460"/>
                </PointOnRoute>
                <PointOnRoute version="1" id="VTR:PointOnRoute:119461" order="7">
                  <RoutePointRef ref="VTR:RoutePoint:119461"/>
                </PointOnRoute>
                <PointOnRoute version="1" id="VTR:PointOnRoute:119462" order="8">
                  <RoutePointRef ref="VTR:RoutePoint:119462"/>
                </PointOnRoute>
                <PointOnRoute version="1" id="VTR:PointOnRoute:119463" order="9">
                  <RoutePointRef ref="VTR:RoutePoint:119463"/>
                </PointOnRoute>
                <PointOnRoute version="1" id="VTR:PointOnRoute:119464" order="10">
                  <RoutePointRef ref="VTR:RoutePoint:119464"/>
                </PointOnRoute>
                <PointOnRoute version="1" id="VTR:PointOnRoute:119470" order="11">
                  <RoutePointRef ref="VTR:RoutePoint:119470"/>
                </PointOnRoute>
                <PointOnRoute version="1" id="VTR:PointOnRoute:119473" order="12">
                  <RoutePointRef ref="VTR:RoutePoint:119473"/>
                </PointOnRoute>
                <PointOnRoute version="1" id="VTR:PointOnRoute:119476" order="13">
                  <RoutePointRef ref="VTR:RoutePoint:119476"/>
                </PointOnRoute>
              </pointsInSequence>
            </Route>
          </routes>
          <lines>
            <Line version="2218" id="VTR:Line:2192">
              <Name>Kaišiadorių gel.stotis-Melioratorių gyv. per ligoninę</Name>
              <TransportMode>bus</TransportMode>
              <TransportSubmode>
                <BusSubmode>regionalBus</BusSubmode>
              </TransportSubmode>
              <PublicCode>12</PublicCode>
              <OperatorRef ref="VTR:Operator:13"/>
            </Line>
          </lines>
          <scheduledStopPoints>
            <ScheduledStopPoint version="1" id="VTR:ScheduledStopPoint:119455">
              <Name>Geležinkelio stotis</Name>
            </ScheduledStopPoint>
            <ScheduledStopPoint version="1" id="VTR:ScheduledStopPoint:119456">
              <Name>Kęstučio g.</Name>
            </ScheduledStopPoint>
            <ScheduledStopPoint version="1" id="VTR:ScheduledStopPoint:119457">
              <Name>Pėsčiųjų tiltas</Name>
            </ScheduledStopPoint>
            <ScheduledStopPoint version="1" id="VTR:ScheduledStopPoint:119458">
              <Name>Centras</Name>
            </ScheduledStopPoint>
            <ScheduledStopPoint version="1" id="VTR:ScheduledStopPoint:119459">
              <Name>Teismo rūmai</Name>
            </ScheduledStopPoint>
            <ScheduledStopPoint version="1" id="VTR:ScheduledStopPoint:119460">
              <Name>Prekybos centras</Name>
            </ScheduledStopPoint>
            <ScheduledStopPoint version="1" id="VTR:ScheduledStopPoint:119461">
              <Name>Autoservisas</Name>
            </ScheduledStopPoint>
            <ScheduledStopPoint version="1" id="VTR:ScheduledStopPoint:119462">
              <Name>Ligoninė</Name>
            </ScheduledStopPoint>
            <ScheduledStopPoint version="1" id="VTR:ScheduledStopPoint:119463">
              <Name>Šebnica</Name>
            </ScheduledStopPoint>
            <ScheduledStopPoint version="1" id="VTR:ScheduledStopPoint:119464">
              <Name>Karantinis m</Name>
            </ScheduledStopPoint>
            <ScheduledStopPoint version="1" id="VTR:ScheduledStopPoint:119470">
              <Name>Žiežmarių Kr.</Name>
            </ScheduledStopPoint>
            <ScheduledStopPoint version="1" id="VTR:ScheduledStopPoint:119473">
              <Name>Žiežmariai</Name>
            </ScheduledStopPoint>
            <ScheduledStopPoint version="1" id="VTR:ScheduledStopPoint:119476">
              <Name>Melioratorių gyv.</Name>
            </ScheduledStopPoint>
          </scheduledStopPoints>
          <serviceLinks>
            <ServiceLink id="VTR:ServiceLink:119462_1_119463_1" version="1">
              <Distance>1</Distance>
              <FromPointRef ref="VTR:ScheduledStopPoint:119462" version="1"/>
              <ToPointRef ref="VTR:ScheduledStopPoint:119463" version="1"/>
            </ServiceLink>
            <ServiceLink id="VTR:ServiceLink:119459_1_119460_1" version="1">
              <Distance>0</Distance>
              <FromPointRef ref="VTR:ScheduledStopPoint:119459" version="1"/>
              <ToPointRef ref="VTR:ScheduledStopPoint:119460" version="1"/>
            </ServiceLink>
            <ServiceLink id="VTR:ServiceLink:119458_1_119459_1" version="1">
              <Distance>0</Distance>
              <FromPointRef ref="VTR:ScheduledStopPoint:119458" version="1"/>
              <ToPointRef ref="VTR:ScheduledStopPoint:119459" version="1"/>
            </ServiceLink>
            <ServiceLink id="VTR:ServiceLink:119463_1_119464_1" version="1">
              <Distance>1</Distance>
              <FromPointRef ref="VTR:ScheduledStopPoint:119463" version="1"/>
              <ToPointRef ref="VTR:ScheduledStopPoint:119464" version="1"/>
            </ServiceLink>
            <ServiceLink id="VTR:ServiceLink:119460_1_119461_1" version="1">
              <Distance>0</Distance>
              <FromPointRef ref="VTR:ScheduledStopPoint:119460" version="1"/>
              <ToPointRef ref="VTR:ScheduledStopPoint:119461" version="1"/>
            </ServiceLink>
            <ServiceLink id="VTR:ServiceLink:119455_1_119456_1" version="1">
              <Distance>0</Distance>
              <FromPointRef ref="VTR:ScheduledStopPoint:119455" version="1"/>
              <ToPointRef ref="VTR:ScheduledStopPoint:119456" version="1"/>
            </ServiceLink>
            <ServiceLink id="VTR:ServiceLink:119457_1_119458_1" version="1">
              <Distance>0</Distance>
              <FromPointRef ref="VTR:ScheduledStopPoint:119457" version="1"/>
              <ToPointRef ref="VTR:ScheduledStopPoint:119458" version="1"/>
            </ServiceLink>
            <ServiceLink id="VTR:ServiceLink:119461_1_119462_1" version="1">
              <Distance>0</Distance>
              <FromPointRef ref="VTR:ScheduledStopPoint:119461" version="1"/>
              <ToPointRef ref="VTR:ScheduledStopPoint:119462" version="1"/>
            </ServiceLink>
            <ServiceLink id="VTR:ServiceLink:119456_1_119457_1" version="1">
              <Distance>0</Distance>
              <FromPointRef ref="VTR:ScheduledStopPoint:119456" version="1"/>
              <ToPointRef ref="VTR:ScheduledStopPoint:119457" version="1"/>
            </ServiceLink>
          </serviceLinks>
          <stopAssignments>
            <PassengerStopAssignment order="710300000" id="VTR:PassengerStopAssignment:119455" version="1">
              <ScheduledStopPointRef ref="VTR:ScheduledStopPoint:119455" version="1"/>
              <QuayRef ref="VTR:Quay:19486"/>
            </PassengerStopAssignment>
            <PassengerStopAssignment order="710300001" id="VTR:PassengerStopAssignment:119456" version="1">
              <ScheduledStopPointRef ref="VTR:ScheduledStopPoint:119456" version="1"/>
              <QuayRef ref="VTR:Quay:8776"/>
            </PassengerStopAssignment>
            <PassengerStopAssignment order="710300002" id="VTR:PassengerStopAssignment:119457" version="1">
              <ScheduledStopPointRef ref="VTR:ScheduledStopPoint:119457" version="1"/>
              <QuayRef ref="VTR:Quay:8839"/>
            </PassengerStopAssignment>
            <PassengerStopAssignment order="710300003" id="VTR:PassengerStopAssignment:119458" version="1">
              <ScheduledStopPointRef ref="VTR:ScheduledStopPoint:119458" version="1"/>
              <QuayRef ref="VTR:Quay:9759"/>
            </PassengerStopAssignment>
            <PassengerStopAssignment order="710300004" id="VTR:PassengerStopAssignment:119459" version="1">
              <ScheduledStopPointRef ref="VTR:ScheduledStopPoint:119459" version="1"/>
              <QuayRef ref="VTR:Quay:9718"/>
            </PassengerStopAssignment>
            <PassengerStopAssignment order="710300005" id="VTR:PassengerStopAssignment:119460" version="1">
              <ScheduledStopPointRef ref="VTR:ScheduledStopPoint:119460" version="1"/>
              <QuayRef ref="VTR:Quay:9758"/>
            </PassengerStopAssignment>
            <PassengerStopAssignment order="710300006" id="VTR:PassengerStopAssignment:119461" version="1">
              <ScheduledStopPointRef ref="VTR:ScheduledStopPoint:119461" version="1"/>
              <QuayRef ref="VTR:Quay:12792"/>
            </PassengerStopAssignment>
            <PassengerStopAssignment order="710300007" id="VTR:PassengerStopAssignment:119462" version="1">
              <ScheduledStopPointRef ref="VTR:ScheduledStopPoint:119462" version="1"/>
              <QuayRef ref="VTR:Quay:24215"/>
            </PassengerStopAssignment>
            <PassengerStopAssignment order="710300008" id="VTR:PassengerStopAssignment:119463" version="1">
              <ScheduledStopPointRef ref="VTR:ScheduledStopPoint:119463" version="1"/>
              <QuayRef ref="VTR:Quay:12755"/>
            </PassengerStopAssignment>
            <PassengerStopAssignment order="710300009" id="VTR:PassengerStopAssignment:119464" version="1">
              <ScheduledStopPointRef ref="VTR:ScheduledStopPoint:119464" version="1"/>
              <QuayRef ref="VTR:Quay:9743"/>
            </PassengerStopAssignment>
            <PassengerStopAssignment order="710300015" id="VTR:PassengerStopAssignment:119470" version="1">
              <ScheduledStopPointRef ref="VTR:ScheduledStopPoint:119470" version="1"/>
              <QuayRef ref="VTR:Quay:23770"/>
            </PassengerStopAssignment>
            <PassengerStopAssignment order="710300018" id="VTR:PassengerStopAssignment:119473" version="1">
              <ScheduledStopPointRef ref="VTR:ScheduledStopPoint:119473" version="1"/>
              <QuayRef ref="VTR:Quay:13918"/>
            </PassengerStopAssignment>
            <PassengerStopAssignment order="710300021" id="VTR:PassengerStopAssignment:119476" version="1">
              <ScheduledStopPointRef ref="VTR:ScheduledStopPoint:119476" version="1"/>
              <QuayRef ref="VTR:Quay:13911"/>
            </PassengerStopAssignment>
          </stopAssignments>
          <journeyPatterns>
            <JourneyPattern id="VTR:JourneyPattern:57070" version="57117">
              <Name>17</Name>
              <RouteRef ref="VTR:Route:7103" version="1"/>
              <pointsInSequence>
                <StopPointInJourneyPattern id="VTR:StopPointInJourneyPattern:1151892" version="57117" order="1">
                  <ScheduledStopPointRef ref="VTR:ScheduledStopPoint:119455"/>
                  <DestinationDisplayRef ref="VTR:DestinationDisplay:1"/>
                </StopPointInJourneyPattern>
                <StopPointInJourneyPattern id="VTR:StopPointInJourneyPattern:1151893" version="57117" order="2">
                  <ScheduledStopPointRef ref="VTR:ScheduledStopPoint:119456"/>
                  <DestinationDisplayRef ref="VTR:DestinationDisplay:1"/>
                </StopPointInJourneyPattern>
                <StopPointInJourneyPattern id="VTR:StopPointInJourneyPattern:1151894" version="57117" order="3">
                  <ScheduledStopPointRef ref="VTR:ScheduledStopPoint:119457"/>
                  <DestinationDisplayRef ref="VTR:DestinationDisplay:1"/>
                </StopPointInJourneyPattern>
                <StopPointInJourneyPattern id="VTR:StopPointInJourneyPattern:1151895" version="57117" order="4">
                  <ScheduledStopPointRef ref="VTR:ScheduledStopPoint:119458"/>
                  <DestinationDisplayRef ref="VTR:DestinationDisplay:1"/>
                </StopPointInJourneyPattern>
                <StopPointInJourneyPattern id="VTR:StopPointInJourneyPattern:1151896" version="57117" order="5">
                  <ScheduledStopPointRef ref="VTR:ScheduledStopPoint:119459"/>
                  <DestinationDisplayRef ref="VTR:DestinationDisplay:1"/>
                </StopPointInJourneyPattern>
                <StopPointInJourneyPattern id="VTR:StopPointInJourneyPattern:1151897" version="57117" order="6">
                  <ScheduledStopPointRef ref="VTR:ScheduledStopPoint:119460"/>
                  <DestinationDisplayRef ref="VTR:DestinationDisplay:1"/>
                </StopPointInJourneyPattern>
                <StopPointInJourneyPattern id="VTR:StopPointInJourneyPattern:1151898" version="57117" order="7">
                  <ScheduledStopPointRef ref="VTR:ScheduledStopPoint:119461"/>
                  <DestinationDisplayRef ref="VTR:DestinationDisplay:1"/>
                </StopPointInJourneyPattern>
                <StopPointInJourneyPattern id="VTR:StopPointInJourneyPattern:1151899" version="57117" order="8">
                  <ScheduledStopPointRef ref="VTR:ScheduledStopPoint:119462"/>
                  <DestinationDisplayRef ref="VTR:DestinationDisplay:1"/>
                </StopPointInJourneyPattern>
                <StopPointInJourneyPattern id="VTR:StopPointInJourneyPattern:1151900" version="57117" order="9">
                  <ScheduledStopPointRef ref="VTR:ScheduledStopPoint:119463"/>
                  <DestinationDisplayRef ref="VTR:DestinationDisplay:1"/>
                </StopPointInJourneyPattern>
                <StopPointInJourneyPattern id="VTR:StopPointInJourneyPattern:1151901" version="57117" order="10">
                  <ScheduledStopPointRef ref="VTR:ScheduledStopPoint:119464"/>
                  <DestinationDisplayRef ref="VTR:DestinationDisplay:1"/>
                </StopPointInJourneyPattern>
                <StopPointInJourneyPattern id="VTR:StopPointInJourneyPattern:1151902" version="57117" order="11">
                  <ScheduledStopPointRef ref="VTR:ScheduledStopPoint:119470"/>
                  <DestinationDisplayRef ref="VTR:DestinationDisplay:1"/>
                </StopPointInJourneyPattern>
                <StopPointInJourneyPattern id="VTR:StopPointInJourneyPattern:1151903" version="57117" order="12">
                  <ScheduledStopPointRef ref="VTR:ScheduledStopPoint:119473"/>
                  <DestinationDisplayRef ref="VTR:DestinationDisplay:1"/>
                </StopPointInJourneyPattern>
                <StopPointInJourneyPattern id="VTR:StopPointInJourneyPattern:1151904" version="57117" order="13">
                  <ScheduledStopPointRef ref="VTR:ScheduledStopPoint:119476"/>
                  <DestinationDisplayRef ref="VTR:DestinationDisplay:1"/>
                </StopPointInJourneyPattern>
              </pointsInSequence>
            </JourneyPattern>
          </journeyPatterns>
        </ServiceFrame>
        <TimetableFrame version="1" id="VTR:TimetableFrame:1381">
          <vehicleJourneys>
            <ServiceJourney version="57117" id="VTR:ServiceJourney:57070">
              <Name>Kaišiadorių geležinkelio stotis-Melioratorių gyv.</Name>
              <PrivateCode>17</PrivateCode>
              <dayTypes>
                <DayTypeRef ref="VTR:DayType:2756"/>
              </dayTypes>
              <JourneyPatternRef version="57117" ref="VTR:JourneyPattern:57070"/>
              <OperatorRef ref="VTR:Operator:"/>
              <LineRef ref="VTR:Line:2192" version="2218"/>
              <passingTimes>
                <TimetabledPassingTime version="57117" id="VTR:TimetabledPassingTime:57070_1151892_1">
                  <StopPointInJourneyPatternRef ref="VTR:StopPointInJourneyPattern:1151892" version="57117"/>
                  <DepartureTime>07:25:00</DepartureTime>
                  <DepartureDayOffset>0</DepartureDayOffset>
                </TimetabledPassingTime>
                <TimetabledPassingTime version="57117" id="VTR:TimetabledPassingTime:57070_1151893_2">
                  <StopPointInJourneyPatternRef ref="VTR:StopPointInJourneyPattern:1151893" version="57117"/>
                  <DepartureTime>07:28:00</DepartureTime>
                  <DepartureDayOffset>0</DepartureDayOffset>
                </TimetabledPassingTime>
                <TimetabledPassingTime version="57117" id="VTR:TimetabledPassingTime:57070_1151894_3">
                  <StopPointInJourneyPatternRef ref="VTR:StopPointInJourneyPattern:1151894" version="57117"/>
                  <DepartureTime>07:29:00</DepartureTime>
                  <DepartureDayOffset>0</DepartureDayOffset>
                </TimetabledPassingTime>
                <TimetabledPassingTime version="57117" id="VTR:TimetabledPassingTime:57070_1151895_4">
                  <StopPointInJourneyPatternRef ref="VTR:StopPointInJourneyPattern:1151895" version="57117"/>
                  <DepartureTime>07:30:00</DepartureTime>
                  <DepartureDayOffset>0</DepartureDayOffset>
                </TimetabledPassingTime>
                <TimetabledPassingTime version="57117" id="VTR:TimetabledPassingTime:57070_1151896_5">
                  <StopPointInJourneyPatternRef ref="VTR:StopPointInJourneyPattern:1151896" version="57117"/>
                  <DepartureTime>07:32:00</DepartureTime>
                  <DepartureDayOffset>0</DepartureDayOffset>
                </TimetabledPassingTime>
                <TimetabledPassingTime version="57117" id="VTR:TimetabledPassingTime:57070_1151897_6">
                  <StopPointInJourneyPatternRef ref="VTR:StopPointInJourneyPattern:1151897" version="57117"/>
                  <DepartureTime>07:34:00</DepartureTime>
                  <DepartureDayOffset>0</DepartureDayOffset>
                </TimetabledPassingTime>
                <TimetabledPassingTime version="57117" id="VTR:TimetabledPassingTime:57070_1151898_7">
                  <StopPointInJourneyPatternRef ref="VTR:StopPointInJourneyPattern:1151898" version="57117"/>
                  <DepartureTime>07:36:00</DepartureTime>
                  <DepartureDayOffset>0</DepartureDayOffset>
                </TimetabledPassingTime>
                <TimetabledPassingTime version="57117" id="VTR:TimetabledPassingTime:57070_1151899_8">
                  <StopPointInJourneyPatternRef ref="VTR:StopPointInJourneyPattern:1151899" version="57117"/>
                  <DepartureTime>07:38:00</DepartureTime>
                  <DepartureDayOffset>0</DepartureDayOffset>
                </TimetabledPassingTime>
                <TimetabledPassingTime version="57117" id="VTR:TimetabledPassingTime:57070_1151900_9">
                  <StopPointInJourneyPatternRef ref="VTR:StopPointInJourneyPattern:1151900" version="57117"/>
                  <DepartureTime>07:41:00</DepartureTime>
                  <DepartureDayOffset>0</DepartureDayOffset>
                </TimetabledPassingTime>
                <TimetabledPassingTime version="57117" id="VTR:TimetabledPassingTime:57070_1151901_10">
                  <StopPointInJourneyPatternRef ref="VTR:StopPointInJourneyPattern:1151901" version="57117"/>
                  <DepartureTime>07:44:00</DepartureTime>
                  <DepartureDayOffset>0</DepartureDayOffset>
                </TimetabledPassingTime>
                <TimetabledPassingTime version="57117" id="VTR:TimetabledPassingTime:57070_1151902_11">
                  <StopPointInJourneyPatternRef ref="VTR:StopPointInJourneyPattern:1151902" version="57117"/>
                  <DepartureTime>07:49:00</DepartureTime>
                  <DepartureDayOffset>0</DepartureDayOffset>
                </TimetabledPassingTime>
                <TimetabledPassingTime version="57117" id="VTR:TimetabledPassingTime:57070_1151903_12">
                  <StopPointInJourneyPatternRef ref="VTR:StopPointInJourneyPattern:1151903" version="57117"/>
                  <DepartureTime>07:51:00</DepartureTime>
                  <DepartureDayOffset>0</DepartureDayOffset>
                </TimetabledPassingTime>
                <TimetabledPassingTime version="57117" id="VTR:TimetabledPassingTime:57070_1151904_13">
                  <StopPointInJourneyPatternRef ref="VTR:StopPointInJourneyPattern:1151904" version="57117"/>
                  <DepartureTime>07:53:00</DepartureTime>
                  <DepartureDayOffset>0</DepartureDayOffset>
                </TimetabledPassingTime>
              </passingTimes>
            </ServiceJourney>
          </vehicleJourneys>
        </TimetableFrame>
        <ResourceFrame version="1" id="VTR:ResourceFrame:1381">
          <organisations>
            <Authority version="1" id="VTR:Authority:13">
              <CompanyNumber>49</CompanyNumber>
              <Name>Kaišiadorių r. sav.</Name>
              <LegalName>Kaišiadorių r. sav.</LegalName>
              <ContactDetails>
                <Email>meras@kaisiadorys.lt</Email>
                <Phone>834620480</Phone>
                <Url>www.kaisiadorys.lt</Url>
              </ContactDetails>
              <OrganisationType>authority</OrganisationType>
            </Authority>
          </organisations>
        </ResourceFrame>
        <FareFrame id="VTR:FareFrame:2192" version="1">
          <FrameDefaults>
            <DefaultCurrency>EUR</DefaultCurrency>
          </FrameDefaults>
          <usageParameters>
            <RoundTrip id="VTR:RoundTrip:single" version="1">
              <Name>Single</Name>
              <TripType>single</TripType>
            </RoundTrip>
            <FrequencyOfUse id="VTR:FrequencyOfUse:once" version="1">
              <Name>Once</Name>
              <MaximalFrequency>1</MaximalFrequency>
            </FrequencyOfUse>
          </usageParameters>
          <priceGroups>
            <PriceGroup id="VTR:PriceGroup:PG01" version="1">
              <Name>Flat Fare Products - Standard</Name>
              <members>
                <FareProductPrice id="VTR:FareProductPrice:standard" version="1">
                  <Name>Single fare</Name>
                  <Amount>0.41</Amount>
                  <Currency>EUR</Currency>
                </FareProductPrice>
              </members>
            </PriceGroup>
          </priceGroups>
        </FareFrame>
      </frames>
    </CompositeFrame>
  </dataObjects>
</PublicationDelivery>
