<?xml version="1.0" encoding="UTF-8"?><PublicationDelivery xmlns="http://www.netex.org.uk/netex" xmlns:gis="http://www.opengis.net/gml/3.2" xmlns:ns2="http://www.opengis.net/gml/3.2" xmlns:ns3="http://www.siri.org.uk/siri" xmlns:xsi="http://www.w3.org/2001/XMLSchema-instance" version="1" xsi:schemaLocation="">
  <PublicationTimestamp>2022-05-07T03:25:00.575</PublicationTimestamp>
  <ParticipantRef>VTR</ParticipantRef>
  <Description>1</Description>
  <dataObjects>
    <CompositeFrame created="2022-05-07T03:25:00.575" version="1" id="VTR:CompositeFrame:1381">
      <validityConditions>
        <AvailabilityCondition version="1" id="VTR:AvailabilityCondition:1381">
          <FromDate>2015-10-28T09:24:02</FromDate>
          <ToDate>2027-12-30T00:00:00</ToDate>
        </AvailabilityCondition>
      </validityConditions>
      <codespaces>
        <Codespace id="vtr">
          <Xmlns>VTR</Xmlns>
          <XmlnsUrl>http://www.visimarsrutai.lt/</XmlnsUrl>
        </Codespace>
      </codespaces>
      <FrameDefaults>
        <DefaultLocale>
          <TimeZone>Europe/Vilnius</TimeZone>
        </DefaultLocale>
        <DefaultLocationSystem>WGS84</DefaultLocationSystem>
      </FrameDefaults>
      <frames>
        <ServiceCalendarFrame version="1" id="VTR:ServiceCalendarFrame:1381">
          <dayTypes>
            <DayType id="VTR:DayType:2731" version="1">
              <properties>
                <PropertyOfDay>
                  <DaysOfWeek>Monday Tuesday Wednesday Thursday Friday</DaysOfWeek>
                </PropertyOfDay>
              </properties>
            </DayType>
          </dayTypes>
          <operatingPeriods>
            <OperatingPeriod version="1" id="VTR:OperatingPeriod:2731">
              <FromDate>2015-09-01T00:00:00</FromDate>
              <ToDate>2016-06-03T00:00:00</ToDate>
            </OperatingPeriod>
          </operatingPeriods>
          <dayTypeAssignments>
            <DayTypeAssignment id="VTR:DayTypeAssignment:2731_0" version="1" order="2165">
              <OperatingPeriodRef ref="VTR:OperatingPeriod:2731" version="1"/>
              <DayTypeRef ref="VTR:DayType:2731" version="1"/>
            </DayTypeAssignment>
          </dayTypeAssignments>
        </ServiceCalendarFrame>
        <ServiceFrame id="VTR:ServiceFrame:1381" version="1">
          <Network version="0" id="VTR:Network:13"/>
          <routePoints>
            <RoutePoint version="1" id="VTR:RoutePoint:118969">
              <projections>
                <PointProjection version="1" id="VTR:PointProjection:35705">
                  <ProjectedPointRef ref="VTR:ScheduledStopPoint:118969" version="1"/>
                </PointProjection>
              </projections>
            </RoutePoint>
            <RoutePoint version="1" id="VTR:RoutePoint:118970">
              <projections>
                <PointProjection version="1" id="VTR:PointProjection:35706">
                  <ProjectedPointRef ref="VTR:ScheduledStopPoint:118970" version="1"/>
                </PointProjection>
              </projections>
            </RoutePoint>
            <RoutePoint version="1" id="VTR:RoutePoint:118971">
              <projections>
                <PointProjection version="1" id="VTR:PointProjection:35707">
                  <ProjectedPointRef ref="VTR:ScheduledStopPoint:118971" version="1"/>
                </PointProjection>
              </projections>
            </RoutePoint>
            <RoutePoint version="1" id="VTR:RoutePoint:118972">
              <projections>
                <PointProjection version="1" id="VTR:PointProjection:35708">
                  <ProjectedPointRef ref="VTR:ScheduledStopPoint:118972" version="1"/>
                </PointProjection>
              </projections>
            </RoutePoint>
            <RoutePoint version="1" id="VTR:RoutePoint:118973">
              <projections>
                <PointProjection version="1" id="VTR:PointProjection:35709">
                  <ProjectedPointRef ref="VTR:ScheduledStopPoint:118973" version="1"/>
                </PointProjection>
              </projections>
            </RoutePoint>
            <RoutePoint version="1" id="VTR:RoutePoint:118974">
              <projections>
                <PointProjection version="1" id="VTR:PointProjection:35710">
                  <ProjectedPointRef ref="VTR:ScheduledStopPoint:118974" version="1"/>
                </PointProjection>
              </projections>
            </RoutePoint>
            <RoutePoint version="1" id="VTR:RoutePoint:118975">
              <projections>
                <PointProjection version="1" id="VTR:PointProjection:35711">
                  <ProjectedPointRef ref="VTR:ScheduledStopPoint:118975" version="1"/>
                </PointProjection>
              </projections>
            </RoutePoint>
            <RoutePoint version="1" id="VTR:RoutePoint:118976">
              <projections>
                <PointProjection version="1" id="VTR:PointProjection:35712">
                  <ProjectedPointRef ref="VTR:ScheduledStopPoint:118976" version="1"/>
                </PointProjection>
              </projections>
            </RoutePoint>
            <RoutePoint version="1" id="VTR:RoutePoint:118977">
              <projections>
                <PointProjection version="1" id="VTR:PointProjection:35713">
                  <ProjectedPointRef ref="VTR:ScheduledStopPoint:118977" version="1"/>
                </PointProjection>
              </projections>
            </RoutePoint>
          </routePoints>
          <routes>
            <Route version="1" id="VTR:Route:7077">
              <Name>Pakertai-Kaišiadorys</Name>
              <ShortName>Pakertai-Kaišiadorys</ShortName>
              <LineRef ref="VTR:Line:2722" version="2770"/>
              <DirectionType>inbound</DirectionType>
              <pointsInSequence>
                <PointOnRoute version="1" id="VTR:PointOnRoute:118969" order="1">
                  <RoutePointRef ref="VTR:RoutePoint:118969"/>
                </PointOnRoute>
                <PointOnRoute version="1" id="VTR:PointOnRoute:118976" order="2">
                  <RoutePointRef ref="VTR:RoutePoint:118976"/>
                </PointOnRoute>
                <PointOnRoute version="1" id="VTR:PointOnRoute:118970" order="3">
                  <RoutePointRef ref="VTR:RoutePoint:118970"/>
                </PointOnRoute>
                <PointOnRoute version="1" id="VTR:PointOnRoute:118971" order="4">
                  <RoutePointRef ref="VTR:RoutePoint:118971"/>
                </PointOnRoute>
                <PointOnRoute version="1" id="VTR:PointOnRoute:118972" order="5">
                  <RoutePointRef ref="VTR:RoutePoint:118972"/>
                </PointOnRoute>
                <PointOnRoute version="1" id="VTR:PointOnRoute:118973" order="6">
                  <RoutePointRef ref="VTR:RoutePoint:118973"/>
                </PointOnRoute>
                <PointOnRoute version="1" id="VTR:PointOnRoute:118974" order="7">
                  <RoutePointRef ref="VTR:RoutePoint:118974"/>
                </PointOnRoute>
                <PointOnRoute version="1" id="VTR:PointOnRoute:118975" order="8">
                  <RoutePointRef ref="VTR:RoutePoint:118975"/>
                </PointOnRoute>
                <PointOnRoute version="1" id="VTR:PointOnRoute:118977" order="9">
                  <RoutePointRef ref="VTR:RoutePoint:118977"/>
                </PointOnRoute>
              </pointsInSequence>
            </Route>
          </routes>
          <lines>
            <Line version="2770" id="VTR:Line:2722">
              <Name>Pakertai-Kaišiadorys</Name>
              <TransportMode>bus</TransportMode>
              <TransportSubmode>
                <BusSubmode>regionalBus</BusSubmode>
              </TransportSubmode>
              <PublicCode>5-1</PublicCode>
              <OperatorRef ref="VTR:Operator:13"/>
            </Line>
          </lines>
          <scheduledStopPoints>
            <ScheduledStopPoint version="1" id="VTR:ScheduledStopPoint:118969">
              <Name>Pakertai</Name>
            </ScheduledStopPoint>
            <ScheduledStopPoint version="1" id="VTR:ScheduledStopPoint:118970">
              <Name>Melioratorių gyv.</Name>
            </ScheduledStopPoint>
            <ScheduledStopPoint version="1" id="VTR:ScheduledStopPoint:118971">
              <Name>Žiežmariai</Name>
            </ScheduledStopPoint>
            <ScheduledStopPoint version="1" id="VTR:ScheduledStopPoint:118972">
              <Name>Žiežmarių Kr.</Name>
            </ScheduledStopPoint>
            <ScheduledStopPoint version="1" id="VTR:ScheduledStopPoint:118973">
              <Name>Karantinis m</Name>
            </ScheduledStopPoint>
            <ScheduledStopPoint version="1" id="VTR:ScheduledStopPoint:118974">
              <Name>Šebnica</Name>
            </ScheduledStopPoint>
            <ScheduledStopPoint version="1" id="VTR:ScheduledStopPoint:118975">
              <Name>Autoservisas</Name>
            </ScheduledStopPoint>
            <ScheduledStopPoint version="1" id="VTR:ScheduledStopPoint:118976">
              <Name>Kairiškės</Name>
            </ScheduledStopPoint>
            <ScheduledStopPoint version="1" id="VTR:ScheduledStopPoint:118977">
              <Name>Kaišiadorių Autobusų stotis</Name>
            </ScheduledStopPoint>
          </scheduledStopPoints>
          <serviceLinks>
            <ServiceLink id="VTR:ServiceLink:118976_1_118970_1" version="1">
              <Distance>1</Distance>
              <FromPointRef ref="VTR:ScheduledStopPoint:118976" version="1"/>
              <ToPointRef ref="VTR:ScheduledStopPoint:118970" version="1"/>
            </ServiceLink>
            <ServiceLink id="VTR:ServiceLink:118969_1_118976_1" version="1">
              <Distance>1</Distance>
              <FromPointRef ref="VTR:ScheduledStopPoint:118969" version="1"/>
              <ToPointRef ref="VTR:ScheduledStopPoint:118976" version="1"/>
            </ServiceLink>
            <ServiceLink id="VTR:ServiceLink:118971_1_118972_1" version="1">
              <Distance>0</Distance>
              <FromPointRef ref="VTR:ScheduledStopPoint:118971" version="1"/>
              <ToPointRef ref="VTR:ScheduledStopPoint:118972" version="1"/>
            </ServiceLink>
            <ServiceLink id="VTR:ServiceLink:118975_1_118977_1" version="1">
              <Distance>0</Distance>
              <FromPointRef ref="VTR:ScheduledStopPoint:118975" version="1"/>
              <ToPointRef ref="VTR:ScheduledStopPoint:118977" version="1"/>
            </ServiceLink>
            <ServiceLink id="VTR:ServiceLink:118970_1_118971_1" version="1">
              <Distance>1</Distance>
              <FromPointRef ref="VTR:ScheduledStopPoint:118970" version="1"/>
              <ToPointRef ref="VTR:ScheduledStopPoint:118971" version="1"/>
            </ServiceLink>
            <ServiceLink id="VTR:ServiceLink:118973_1_118974_1" version="1">
              <Distance>1</Distance>
              <FromPointRef ref="VTR:ScheduledStopPoint:118973" version="1"/>
              <ToPointRef ref="VTR:ScheduledStopPoint:118974" version="1"/>
            </ServiceLink>
            <ServiceLink id="VTR:ServiceLink:118972_1_118973_1" version="1">
              <Distance>3</Distance>
              <FromPointRef ref="VTR:ScheduledStopPoint:118972" version="1"/>
              <ToPointRef ref="VTR:ScheduledStopPoint:118973" version="1"/>
            </ServiceLink>
            <ServiceLink id="VTR:ServiceLink:118974_1_118975_1" version="1">
              <Distance>1</Distance>
              <FromPointRef ref="VTR:ScheduledStopPoint:118974" version="1"/>
              <ToPointRef ref="VTR:ScheduledStopPoint:118975" version="1"/>
            </ServiceLink>
          </serviceLinks>
          <stopAssignments>
            <PassengerStopAssignment order="707700000" id="VTR:PassengerStopAssignment:118969" version="1">
              <ScheduledStopPointRef ref="VTR:ScheduledStopPoint:118969" version="1"/>
              <QuayRef ref="VTR:Quay:9158"/>
            </PassengerStopAssignment>
            <PassengerStopAssignment order="707700001" id="VTR:PassengerStopAssignment:118976" version="1">
              <ScheduledStopPointRef ref="VTR:ScheduledStopPoint:118976" version="1"/>
              <QuayRef ref="VTR:Quay:3659"/>
            </PassengerStopAssignment>
            <PassengerStopAssignment order="707700002" id="VTR:PassengerStopAssignment:118970" version="1">
              <ScheduledStopPointRef ref="VTR:ScheduledStopPoint:118970" version="1"/>
              <QuayRef ref="VTR:Quay:7146"/>
            </PassengerStopAssignment>
            <PassengerStopAssignment order="707700003" id="VTR:PassengerStopAssignment:118971" version="1">
              <ScheduledStopPointRef ref="VTR:ScheduledStopPoint:118971" version="1"/>
              <QuayRef ref="VTR:Quay:13918"/>
            </PassengerStopAssignment>
            <PassengerStopAssignment order="707700004" id="VTR:PassengerStopAssignment:118972" version="1">
              <ScheduledStopPointRef ref="VTR:ScheduledStopPoint:118972" version="1"/>
              <QuayRef ref="VTR:Quay:23770"/>
            </PassengerStopAssignment>
            <PassengerStopAssignment order="707700005" id="VTR:PassengerStopAssignment:118973" version="1">
              <ScheduledStopPointRef ref="VTR:ScheduledStopPoint:118973" version="1"/>
              <QuayRef ref="VTR:Quay:15758"/>
            </PassengerStopAssignment>
            <PassengerStopAssignment order="707700006" id="VTR:PassengerStopAssignment:118974" version="1">
              <ScheduledStopPointRef ref="VTR:ScheduledStopPoint:118974" version="1"/>
              <QuayRef ref="VTR:Quay:10755"/>
            </PassengerStopAssignment>
            <PassengerStopAssignment order="707700007" id="VTR:PassengerStopAssignment:118975" version="1">
              <ScheduledStopPointRef ref="VTR:ScheduledStopPoint:118975" version="1"/>
              <QuayRef ref="VTR:Quay:5003"/>
            </PassengerStopAssignment>
            <PassengerStopAssignment order="707700008" id="VTR:PassengerStopAssignment:118977" version="1">
              <ScheduledStopPointRef ref="VTR:ScheduledStopPoint:118977" version="1"/>
              <QuayRef ref="VTR:Quay:23769"/>
            </PassengerStopAssignment>
          </stopAssignments>
          <journeyPatterns>
            <JourneyPattern id="VTR:JourneyPattern:57009" version="57056">
              <Name>4</Name>
              <RouteRef ref="VTR:Route:7077" version="1"/>
              <pointsInSequence>
                <StopPointInJourneyPattern id="VTR:StopPointInJourneyPattern:1150982" version="57056" order="1">
                  <ScheduledStopPointRef ref="VTR:ScheduledStopPoint:118969"/>
                  <DestinationDisplayRef ref="VTR:DestinationDisplay:1"/>
                </StopPointInJourneyPattern>
                <StopPointInJourneyPattern id="VTR:StopPointInJourneyPattern:1150983" version="57056" order="2">
                  <ScheduledStopPointRef ref="VTR:ScheduledStopPoint:118976"/>
                  <DestinationDisplayRef ref="VTR:DestinationDisplay:1"/>
                </StopPointInJourneyPattern>
                <StopPointInJourneyPattern id="VTR:StopPointInJourneyPattern:1150984" version="57056" order="3">
                  <ScheduledStopPointRef ref="VTR:ScheduledStopPoint:118970"/>
                  <DestinationDisplayRef ref="VTR:DestinationDisplay:1"/>
                </StopPointInJourneyPattern>
                <StopPointInJourneyPattern id="VTR:StopPointInJourneyPattern:1150985" version="57056" order="4">
                  <ScheduledStopPointRef ref="VTR:ScheduledStopPoint:118971"/>
                  <DestinationDisplayRef ref="VTR:DestinationDisplay:1"/>
                </StopPointInJourneyPattern>
                <StopPointInJourneyPattern id="VTR:StopPointInJourneyPattern:1150986" version="57056" order="5">
                  <ScheduledStopPointRef ref="VTR:ScheduledStopPoint:118972"/>
                  <DestinationDisplayRef ref="VTR:DestinationDisplay:1"/>
                </StopPointInJourneyPattern>
                <StopPointInJourneyPattern id="VTR:StopPointInJourneyPattern:1150987" version="57056" order="6">
                  <ScheduledStopPointRef ref="VTR:ScheduledStopPoint:118973"/>
                  <DestinationDisplayRef ref="VTR:DestinationDisplay:1"/>
                </StopPointInJourneyPattern>
                <StopPointInJourneyPattern id="VTR:StopPointInJourneyPattern:1150988" version="57056" order="7">
                  <ScheduledStopPointRef ref="VTR:ScheduledStopPoint:118974"/>
                  <DestinationDisplayRef ref="VTR:DestinationDisplay:1"/>
                </StopPointInJourneyPattern>
                <StopPointInJourneyPattern id="VTR:StopPointInJourneyPattern:1150989" version="57056" order="8">
                  <ScheduledStopPointRef ref="VTR:ScheduledStopPoint:118975"/>
                  <DestinationDisplayRef ref="VTR:DestinationDisplay:1"/>
                </StopPointInJourneyPattern>
                <StopPointInJourneyPattern id="VTR:StopPointInJourneyPattern:1150990" version="57056" order="9">
                  <ScheduledStopPointRef ref="VTR:ScheduledStopPoint:118977"/>
                  <DestinationDisplayRef ref="VTR:DestinationDisplay:1"/>
                </StopPointInJourneyPattern>
              </pointsInSequence>
            </JourneyPattern>
          </journeyPatterns>
        </ServiceFrame>
        <TimetableFrame version="1" id="VTR:TimetableFrame:1381">
          <vehicleJourneys>
            <ServiceJourney version="57056" id="VTR:ServiceJourney:57009">
              <Name>Pakertai-Kaišiadorys</Name>
              <PrivateCode>4</PrivateCode>
              <dayTypes>
                <DayTypeRef ref="VTR:DayType:2731"/>
              </dayTypes>
              <JourneyPatternRef version="57056" ref="VTR:JourneyPattern:57009"/>
              <OperatorRef ref="VTR:Operator:"/>
              <LineRef ref="VTR:Line:2722" version="2770"/>
              <passingTimes>
                <TimetabledPassingTime version="57056" id="VTR:TimetabledPassingTime:57009_1150982_1">
                  <StopPointInJourneyPatternRef ref="VTR:StopPointInJourneyPattern:1150982" version="57056"/>
                  <DepartureTime>17:52:00</DepartureTime>
                  <DepartureDayOffset>0</DepartureDayOffset>
                </TimetabledPassingTime>
                <TimetabledPassingTime version="57056" id="VTR:TimetabledPassingTime:57009_1150983_2">
                  <StopPointInJourneyPatternRef ref="VTR:StopPointInJourneyPattern:1150983" version="57056"/>
                  <DepartureTime>17:54:00</DepartureTime>
                  <DepartureDayOffset>0</DepartureDayOffset>
                </TimetabledPassingTime>
                <TimetabledPassingTime version="57056" id="VTR:TimetabledPassingTime:57009_1150984_3">
                  <StopPointInJourneyPatternRef ref="VTR:StopPointInJourneyPattern:1150984" version="57056"/>
                  <DepartureTime>17:56:00</DepartureTime>
                  <DepartureDayOffset>0</DepartureDayOffset>
                </TimetabledPassingTime>
                <TimetabledPassingTime version="57056" id="VTR:TimetabledPassingTime:57009_1150985_4">
                  <StopPointInJourneyPatternRef ref="VTR:StopPointInJourneyPattern:1150985" version="57056"/>
                  <DepartureTime>17:58:00</DepartureTime>
                  <DepartureDayOffset>0</DepartureDayOffset>
                </TimetabledPassingTime>
                <TimetabledPassingTime version="57056" id="VTR:TimetabledPassingTime:57009_1150986_5">
                  <StopPointInJourneyPatternRef ref="VTR:StopPointInJourneyPattern:1150986" version="57056"/>
                  <DepartureTime>18:00:00</DepartureTime>
                  <DepartureDayOffset>0</DepartureDayOffset>
                </TimetabledPassingTime>
                <TimetabledPassingTime version="57056" id="VTR:TimetabledPassingTime:57009_1150987_6">
                  <StopPointInJourneyPatternRef ref="VTR:StopPointInJourneyPattern:1150987" version="57056"/>
                  <DepartureTime>18:07:00</DepartureTime>
                  <DepartureDayOffset>0</DepartureDayOffset>
                </TimetabledPassingTime>
                <TimetabledPassingTime version="57056" id="VTR:TimetabledPassingTime:57009_1150988_7">
                  <StopPointInJourneyPatternRef ref="VTR:StopPointInJourneyPattern:1150988" version="57056"/>
                  <DepartureTime>18:11:00</DepartureTime>
                  <DepartureDayOffset>0</DepartureDayOffset>
                </TimetabledPassingTime>
                <TimetabledPassingTime version="57056" id="VTR:TimetabledPassingTime:57009_1150989_8">
                  <StopPointInJourneyPatternRef ref="VTR:StopPointInJourneyPattern:1150989" version="57056"/>
                  <DepartureTime>18:13:00</DepartureTime>
                  <DepartureDayOffset>0</DepartureDayOffset>
                </TimetabledPassingTime>
                <TimetabledPassingTime version="57056" id="VTR:TimetabledPassingTime:57009_1150990_9">
                  <StopPointInJourneyPatternRef ref="VTR:StopPointInJourneyPattern:1150990" version="57056"/>
                  <DepartureTime>18:15:00</DepartureTime>
                  <DepartureDayOffset>0</DepartureDayOffset>
                </TimetabledPassingTime>
              </passingTimes>
            </ServiceJourney>
          </vehicleJourneys>
        </TimetableFrame>
        <ResourceFrame version="1" id="VTR:ResourceFrame:1381">
          <organisations>
            <Authority version="1" id="VTR:Authority:13">
              <CompanyNumber>49</CompanyNumber>
              <Name>Kaišiadorių r. sav.</Name>
              <LegalName>Kaišiadorių r. sav.</LegalName>
              <ContactDetails>
                <Email>meras@kaisiadorys.lt</Email>
                <Phone>834620480</Phone>
                <Url>www.kaisiadorys.lt</Url>
              </ContactDetails>
              <OrganisationType>authority</OrganisationType>
            </Authority>
          </organisations>
        </ResourceFrame>
        <FareFrame id="VTR:FareFrame:2722" version="1">
          <FrameDefaults>
            <DefaultCurrency>EUR</DefaultCurrency>
          </FrameDefaults>
          <usageParameters>
            <RoundTrip id="VTR:RoundTrip:single" version="1">
              <Name>Single</Name>
              <TripType>single</TripType>
            </RoundTrip>
            <FrequencyOfUse id="VTR:FrequencyOfUse:once" version="1">
              <Name>Once</Name>
              <MaximalFrequency>1</MaximalFrequency>
            </FrequencyOfUse>
          </usageParameters>
          <priceGroups>
            <PriceGroup id="VTR:PriceGroup:PG01" version="1">
              <Name>Flat Fare Products - Standard</Name>
              <members>
                <FareProductPrice id="VTR:FareProductPrice:standard" version="1">
                  <Name>Single fare</Name>
                  <Amount>0.41</Amount>
                  <Currency>EUR</Currency>
                </FareProductPrice>
              </members>
            </PriceGroup>
          </priceGroups>
        </FareFrame>
      </frames>
    </CompositeFrame>
  </dataObjects>
</PublicationDelivery>
