<?xml version="1.0" encoding="UTF-8"?><PublicationDelivery xmlns="http://www.netex.org.uk/netex" xmlns:gis="http://www.opengis.net/gml/3.2" xmlns:ns2="http://www.opengis.net/gml/3.2" xmlns:ns3="http://www.siri.org.uk/siri" xmlns:xsi="http://www.w3.org/2001/XMLSchema-instance" version="1" xsi:schemaLocation="">
  <PublicationTimestamp>2022-05-07T03:25:00.575</PublicationTimestamp>
  <ParticipantRef>VTR</ParticipantRef>
  <Description>1</Description>
  <dataObjects>
    <CompositeFrame created="2022-05-07T03:25:00.575" version="1" id="VTR:CompositeFrame:1381">
      <validityConditions>
        <AvailabilityCondition version="1" id="VTR:AvailabilityCondition:1381">
          <FromDate>2015-09-14T10:36:28</FromDate>
          <ToDate>2027-12-30T00:00:00</ToDate>
        </AvailabilityCondition>
      </validityConditions>
      <codespaces>
        <Codespace id="vtr">
          <Xmlns>VTR</Xmlns>
          <XmlnsUrl>http://www.visimarsrutai.lt/</XmlnsUrl>
        </Codespace>
      </codespaces>
      <FrameDefaults>
        <DefaultLocale>
          <TimeZone>Europe/Vilnius</TimeZone>
        </DefaultLocale>
        <DefaultLocationSystem>WGS84</DefaultLocationSystem>
      </FrameDefaults>
      <frames>
        <ServiceCalendarFrame version="1" id="VTR:ServiceCalendarFrame:1381">
          <dayTypes>
            <DayType id="VTR:DayType:2825" version="1">
              <properties>
                <PropertyOfDay>
                  <DaysOfWeek>Monday Wednesday Thursday</DaysOfWeek>
                </PropertyOfDay>
              </properties>
            </DayType>
          </dayTypes>
          <operatingPeriods>
            <OperatingPeriod version="1" id="VTR:OperatingPeriod:2825">
              <FromDate>2015-09-01T00:00:00</FromDate>
              <ToDate>2016-06-03T00:00:00</ToDate>
            </OperatingPeriod>
          </operatingPeriods>
          <dayTypeAssignments>
            <DayTypeAssignment id="VTR:DayTypeAssignment:2825_0" version="1" order="2204">
              <OperatingPeriodRef ref="VTR:OperatingPeriod:2825" version="1"/>
              <DayTypeRef ref="VTR:DayType:2825" version="1"/>
            </DayTypeAssignment>
          </dayTypeAssignments>
        </ServiceCalendarFrame>
        <ServiceFrame id="VTR:ServiceFrame:1381" version="1">
          <Network version="0" id="VTR:Network:13"/>
          <routePoints>
            <RoutePoint version="1" id="VTR:RoutePoint:105750">
              <projections>
                <PointProjection version="1" id="VTR:PointProjection:31415">
                  <ProjectedPointRef ref="VTR:ScheduledStopPoint:105750" version="1"/>
                </PointProjection>
              </projections>
            </RoutePoint>
            <RoutePoint version="1" id="VTR:RoutePoint:105751">
              <projections>
                <PointProjection version="1" id="VTR:PointProjection:31416">
                  <ProjectedPointRef ref="VTR:ScheduledStopPoint:105751" version="1"/>
                </PointProjection>
              </projections>
            </RoutePoint>
            <RoutePoint version="1" id="VTR:RoutePoint:105752">
              <projections>
                <PointProjection version="1" id="VTR:PointProjection:31417">
                  <ProjectedPointRef ref="VTR:ScheduledStopPoint:105752" version="1"/>
                </PointProjection>
              </projections>
            </RoutePoint>
            <RoutePoint version="1" id="VTR:RoutePoint:105753">
              <projections>
                <PointProjection version="1" id="VTR:PointProjection:31418">
                  <ProjectedPointRef ref="VTR:ScheduledStopPoint:105753" version="1"/>
                </PointProjection>
              </projections>
            </RoutePoint>
            <RoutePoint version="1" id="VTR:RoutePoint:105754">
              <projections>
                <PointProjection version="1" id="VTR:PointProjection:31419">
                  <ProjectedPointRef ref="VTR:ScheduledStopPoint:105754" version="1"/>
                </PointProjection>
              </projections>
            </RoutePoint>
            <RoutePoint version="1" id="VTR:RoutePoint:105755">
              <projections>
                <PointProjection version="1" id="VTR:PointProjection:31420">
                  <ProjectedPointRef ref="VTR:ScheduledStopPoint:105755" version="1"/>
                </PointProjection>
              </projections>
            </RoutePoint>
            <RoutePoint version="1" id="VTR:RoutePoint:105756">
              <projections>
                <PointProjection version="1" id="VTR:PointProjection:31421">
                  <ProjectedPointRef ref="VTR:ScheduledStopPoint:105756" version="1"/>
                </PointProjection>
              </projections>
            </RoutePoint>
            <RoutePoint version="1" id="VTR:RoutePoint:105757">
              <projections>
                <PointProjection version="1" id="VTR:PointProjection:31422">
                  <ProjectedPointRef ref="VTR:ScheduledStopPoint:105757" version="1"/>
                </PointProjection>
              </projections>
            </RoutePoint>
            <RoutePoint version="1" id="VTR:RoutePoint:105758">
              <projections>
                <PointProjection version="1" id="VTR:PointProjection:31433">
                  <ProjectedPointRef ref="VTR:ScheduledStopPoint:105758" version="1"/>
                </PointProjection>
              </projections>
            </RoutePoint>
            <RoutePoint version="1" id="VTR:RoutePoint:105759">
              <projections>
                <PointProjection version="1" id="VTR:PointProjection:31434">
                  <ProjectedPointRef ref="VTR:ScheduledStopPoint:105759" version="1"/>
                </PointProjection>
              </projections>
            </RoutePoint>
            <RoutePoint version="1" id="VTR:RoutePoint:105760">
              <projections>
                <PointProjection version="1" id="VTR:PointProjection:31435">
                  <ProjectedPointRef ref="VTR:ScheduledStopPoint:105760" version="1"/>
                </PointProjection>
              </projections>
            </RoutePoint>
            <RoutePoint version="1" id="VTR:RoutePoint:105761">
              <projections>
                <PointProjection version="1" id="VTR:PointProjection:31436">
                  <ProjectedPointRef ref="VTR:ScheduledStopPoint:105761" version="1"/>
                </PointProjection>
              </projections>
            </RoutePoint>
            <RoutePoint version="1" id="VTR:RoutePoint:105762">
              <projections>
                <PointProjection version="1" id="VTR:PointProjection:31437">
                  <ProjectedPointRef ref="VTR:ScheduledStopPoint:105762" version="1"/>
                </PointProjection>
              </projections>
            </RoutePoint>
            <RoutePoint version="1" id="VTR:RoutePoint:105763">
              <projections>
                <PointProjection version="1" id="VTR:PointProjection:31490">
                  <ProjectedPointRef ref="VTR:ScheduledStopPoint:105763" version="1"/>
                </PointProjection>
              </projections>
            </RoutePoint>
            <RoutePoint version="1" id="VTR:RoutePoint:105764">
              <projections>
                <PointProjection version="1" id="VTR:PointProjection:31491">
                  <ProjectedPointRef ref="VTR:ScheduledStopPoint:105764" version="1"/>
                </PointProjection>
              </projections>
            </RoutePoint>
            <RoutePoint version="1" id="VTR:RoutePoint:105765">
              <projections>
                <PointProjection version="1" id="VTR:PointProjection:31492">
                  <ProjectedPointRef ref="VTR:ScheduledStopPoint:105765" version="1"/>
                </PointProjection>
              </projections>
            </RoutePoint>
            <RoutePoint version="1" id="VTR:RoutePoint:105766">
              <projections>
                <PointProjection version="1" id="VTR:PointProjection:31493">
                  <ProjectedPointRef ref="VTR:ScheduledStopPoint:105766" version="1"/>
                </PointProjection>
              </projections>
            </RoutePoint>
            <RoutePoint version="1" id="VTR:RoutePoint:105767">
              <projections>
                <PointProjection version="1" id="VTR:PointProjection:31494">
                  <ProjectedPointRef ref="VTR:ScheduledStopPoint:105767" version="1"/>
                </PointProjection>
              </projections>
            </RoutePoint>
            <RoutePoint version="1" id="VTR:RoutePoint:105768">
              <projections>
                <PointProjection version="1" id="VTR:PointProjection:31495">
                  <ProjectedPointRef ref="VTR:ScheduledStopPoint:105768" version="1"/>
                </PointProjection>
              </projections>
            </RoutePoint>
            <RoutePoint version="1" id="VTR:RoutePoint:105769">
              <projections>
                <PointProjection version="1" id="VTR:PointProjection:31496">
                  <ProjectedPointRef ref="VTR:ScheduledStopPoint:105769" version="1"/>
                </PointProjection>
              </projections>
            </RoutePoint>
            <RoutePoint version="1" id="VTR:RoutePoint:105770">
              <projections>
                <PointProjection version="1" id="VTR:PointProjection:31497">
                  <ProjectedPointRef ref="VTR:ScheduledStopPoint:105770" version="1"/>
                </PointProjection>
              </projections>
            </RoutePoint>
            <RoutePoint version="1" id="VTR:RoutePoint:105771">
              <projections>
                <PointProjection version="1" id="VTR:PointProjection:31498">
                  <ProjectedPointRef ref="VTR:ScheduledStopPoint:105771" version="1"/>
                </PointProjection>
              </projections>
            </RoutePoint>
            <RoutePoint version="1" id="VTR:RoutePoint:105772">
              <projections>
                <PointProjection version="1" id="VTR:PointProjection:31499">
                  <ProjectedPointRef ref="VTR:ScheduledStopPoint:105772" version="1"/>
                </PointProjection>
              </projections>
            </RoutePoint>
          </routePoints>
          <routes>
            <Route version="1" id="VTR:Route:6343">
              <Name>Kaišiadorys-Paparčiai per Dainavą</Name>
              <ShortName>Kaišiadorys-Paparčiai per Dainavą</ShortName>
              <LineRef ref="VTR:Line:2164" version="2190"/>
              <DirectionType>outbound</DirectionType>
              <pointsInSequence>
                <PointOnRoute version="1" id="VTR:PointOnRoute:105750" order="1">
                  <RoutePointRef ref="VTR:RoutePoint:105750"/>
                </PointOnRoute>
                <PointOnRoute version="1" id="VTR:PointOnRoute:105751" order="2">
                  <RoutePointRef ref="VTR:RoutePoint:105751"/>
                </PointOnRoute>
                <PointOnRoute version="1" id="VTR:PointOnRoute:105752" order="3">
                  <RoutePointRef ref="VTR:RoutePoint:105752"/>
                </PointOnRoute>
                <PointOnRoute version="1" id="VTR:PointOnRoute:105753" order="4">
                  <RoutePointRef ref="VTR:RoutePoint:105753"/>
                </PointOnRoute>
                <PointOnRoute version="1" id="VTR:PointOnRoute:105754" order="5">
                  <RoutePointRef ref="VTR:RoutePoint:105754"/>
                </PointOnRoute>
                <PointOnRoute version="1" id="VTR:PointOnRoute:105755" order="6">
                  <RoutePointRef ref="VTR:RoutePoint:105755"/>
                </PointOnRoute>
                <PointOnRoute version="1" id="VTR:PointOnRoute:105756" order="7">
                  <RoutePointRef ref="VTR:RoutePoint:105756"/>
                </PointOnRoute>
                <PointOnRoute version="1" id="VTR:PointOnRoute:105757" order="8">
                  <RoutePointRef ref="VTR:RoutePoint:105757"/>
                </PointOnRoute>
                <PointOnRoute version="1" id="VTR:PointOnRoute:105758" order="9">
                  <RoutePointRef ref="VTR:RoutePoint:105758"/>
                </PointOnRoute>
                <PointOnRoute version="1" id="VTR:PointOnRoute:105759" order="10">
                  <RoutePointRef ref="VTR:RoutePoint:105759"/>
                </PointOnRoute>
                <PointOnRoute version="1" id="VTR:PointOnRoute:105760" order="11">
                  <RoutePointRef ref="VTR:RoutePoint:105760"/>
                </PointOnRoute>
                <PointOnRoute version="1" id="VTR:PointOnRoute:105761" order="12">
                  <RoutePointRef ref="VTR:RoutePoint:105761"/>
                </PointOnRoute>
                <PointOnRoute version="1" id="VTR:PointOnRoute:105762" order="13">
                  <RoutePointRef ref="VTR:RoutePoint:105762"/>
                </PointOnRoute>
                <PointOnRoute version="1" id="VTR:PointOnRoute:105763" order="14">
                  <RoutePointRef ref="VTR:RoutePoint:105763"/>
                </PointOnRoute>
                <PointOnRoute version="1" id="VTR:PointOnRoute:105764" order="15">
                  <RoutePointRef ref="VTR:RoutePoint:105764"/>
                </PointOnRoute>
                <PointOnRoute version="1" id="VTR:PointOnRoute:105765" order="16">
                  <RoutePointRef ref="VTR:RoutePoint:105765"/>
                </PointOnRoute>
                <PointOnRoute version="1" id="VTR:PointOnRoute:105766" order="17">
                  <RoutePointRef ref="VTR:RoutePoint:105766"/>
                </PointOnRoute>
                <PointOnRoute version="1" id="VTR:PointOnRoute:105767" order="18">
                  <RoutePointRef ref="VTR:RoutePoint:105767"/>
                </PointOnRoute>
                <PointOnRoute version="1" id="VTR:PointOnRoute:105768" order="19">
                  <RoutePointRef ref="VTR:RoutePoint:105768"/>
                </PointOnRoute>
                <PointOnRoute version="1" id="VTR:PointOnRoute:105769" order="20">
                  <RoutePointRef ref="VTR:RoutePoint:105769"/>
                </PointOnRoute>
                <PointOnRoute version="1" id="VTR:PointOnRoute:105770" order="21">
                  <RoutePointRef ref="VTR:RoutePoint:105770"/>
                </PointOnRoute>
                <PointOnRoute version="1" id="VTR:PointOnRoute:105771" order="22">
                  <RoutePointRef ref="VTR:RoutePoint:105771"/>
                </PointOnRoute>
                <PointOnRoute version="1" id="VTR:PointOnRoute:105772" order="23">
                  <RoutePointRef ref="VTR:RoutePoint:105772"/>
                </PointOnRoute>
              </pointsInSequence>
            </Route>
          </routes>
          <lines>
            <Line version="2190" id="VTR:Line:2164">
              <Name>Kaišiadorys-Paparčiai per Dainavą</Name>
              <TransportMode>bus</TransportMode>
              <TransportSubmode>
                <BusSubmode>regionalBus</BusSubmode>
              </TransportSubmode>
              <PublicCode>74</PublicCode>
              <OperatorRef ref="VTR:Operator:13"/>
            </Line>
          </lines>
          <scheduledStopPoints>
            <ScheduledStopPoint version="1" id="VTR:ScheduledStopPoint:105750">
              <Name>Kaišiadorių Autobusų stotis</Name>
            </ScheduledStopPoint>
            <ScheduledStopPoint version="1" id="VTR:ScheduledStopPoint:105751">
              <Name>Prekybos centras</Name>
            </ScheduledStopPoint>
            <ScheduledStopPoint version="1" id="VTR:ScheduledStopPoint:105752">
              <Name>Teismo rūmai</Name>
            </ScheduledStopPoint>
            <ScheduledStopPoint version="1" id="VTR:ScheduledStopPoint:105753">
              <Name>Centras</Name>
            </ScheduledStopPoint>
            <ScheduledStopPoint version="1" id="VTR:ScheduledStopPoint:105754">
              <Name>Pėsčiųjų tiltas</Name>
            </ScheduledStopPoint>
            <ScheduledStopPoint version="1" id="VTR:ScheduledStopPoint:105755">
              <Name>Gudiena c.</Name>
            </ScheduledStopPoint>
            <ScheduledStopPoint version="1" id="VTR:ScheduledStopPoint:105756">
              <Name>Bartaičia</Name>
            </ScheduledStopPoint>
            <ScheduledStopPoint version="1" id="VTR:ScheduledStopPoint:105757">
              <Name>Rečionys I</Name>
            </ScheduledStopPoint>
            <ScheduledStopPoint version="1" id="VTR:ScheduledStopPoint:105758">
              <Name>Rečionys II</Name>
            </ScheduledStopPoint>
            <ScheduledStopPoint version="1" id="VTR:ScheduledStopPoint:105759">
              <Name>Kurniškės</Name>
            </ScheduledStopPoint>
            <ScheduledStopPoint version="1" id="VTR:ScheduledStopPoint:105760">
              <Name>Naujažeris</Name>
            </ScheduledStopPoint>
            <ScheduledStopPoint version="1" id="VTR:ScheduledStopPoint:105761">
              <Name>Žasliai</Name>
            </ScheduledStopPoint>
            <ScheduledStopPoint version="1" id="VTR:ScheduledStopPoint:105762">
              <Name>Mokinių sustojimo vieta</Name>
            </ScheduledStopPoint>
            <ScheduledStopPoint version="1" id="VTR:ScheduledStopPoint:105763">
              <Name>Dirbtuvės</Name>
            </ScheduledStopPoint>
            <ScheduledStopPoint version="1" id="VTR:ScheduledStopPoint:105764">
              <Name>ŽUVŲ k.</Name>
            </ScheduledStopPoint>
            <ScheduledStopPoint version="1" id="VTR:ScheduledStopPoint:105765">
              <Name>Korsakai  I</Name>
            </ScheduledStopPoint>
            <ScheduledStopPoint version="1" id="VTR:ScheduledStopPoint:105766">
              <Name>Žibavičiai</Name>
            </ScheduledStopPoint>
            <ScheduledStopPoint version="1" id="VTR:ScheduledStopPoint:105767">
              <Name>Burbiškės</Name>
            </ScheduledStopPoint>
            <ScheduledStopPoint version="1" id="VTR:ScheduledStopPoint:105768">
              <Name>Dainava</Name>
            </ScheduledStopPoint>
            <ScheduledStopPoint version="1" id="VTR:ScheduledStopPoint:105769">
              <Name>Dainava  I</Name>
            </ScheduledStopPoint>
            <ScheduledStopPoint version="1" id="VTR:ScheduledStopPoint:105770">
              <Name>Dainava  I</Name>
            </ScheduledStopPoint>
            <ScheduledStopPoint version="1" id="VTR:ScheduledStopPoint:105771">
              <Name>Laukagalis</Name>
            </ScheduledStopPoint>
            <ScheduledStopPoint version="1" id="VTR:ScheduledStopPoint:105772">
              <Name>Paparčiai</Name>
            </ScheduledStopPoint>
          </scheduledStopPoints>
          <serviceLinks>
            <ServiceLink id="VTR:ServiceLink:105753_1_105754_1" version="1">
              <Distance>0</Distance>
              <FromPointRef ref="VTR:ScheduledStopPoint:105753" version="1"/>
              <ToPointRef ref="VTR:ScheduledStopPoint:105754" version="1"/>
            </ServiceLink>
            <ServiceLink id="VTR:ServiceLink:105766_1_105767_1" version="1">
              <Distance>2</Distance>
              <FromPointRef ref="VTR:ScheduledStopPoint:105766" version="1"/>
              <ToPointRef ref="VTR:ScheduledStopPoint:105767" version="1"/>
            </ServiceLink>
            <ServiceLink id="VTR:ServiceLink:105763_1_105764_1" version="1">
              <Distance>1</Distance>
              <FromPointRef ref="VTR:ScheduledStopPoint:105763" version="1"/>
              <ToPointRef ref="VTR:ScheduledStopPoint:105764" version="1"/>
            </ServiceLink>
            <ServiceLink id="VTR:ServiceLink:105755_1_105756_1" version="1">
              <Distance>0</Distance>
              <FromPointRef ref="VTR:ScheduledStopPoint:105755" version="1"/>
              <ToPointRef ref="VTR:ScheduledStopPoint:105756" version="1"/>
            </ServiceLink>
            <ServiceLink id="VTR:ServiceLink:105750_1_105751_1" version="1">
              <Distance>0</Distance>
              <FromPointRef ref="VTR:ScheduledStopPoint:105750" version="1"/>
              <ToPointRef ref="VTR:ScheduledStopPoint:105751" version="1"/>
            </ServiceLink>
            <ServiceLink id="VTR:ServiceLink:105765_1_105766_1" version="1">
              <Distance>1</Distance>
              <FromPointRef ref="VTR:ScheduledStopPoint:105765" version="1"/>
              <ToPointRef ref="VTR:ScheduledStopPoint:105766" version="1"/>
            </ServiceLink>
            <ServiceLink id="VTR:ServiceLink:105757_1_105758_1" version="1">
              <Distance>1</Distance>
              <FromPointRef ref="VTR:ScheduledStopPoint:105757" version="1"/>
              <ToPointRef ref="VTR:ScheduledStopPoint:105758" version="1"/>
            </ServiceLink>
            <ServiceLink id="VTR:ServiceLink:105759_1_105760_1" version="1">
              <Distance>1</Distance>
              <FromPointRef ref="VTR:ScheduledStopPoint:105759" version="1"/>
              <ToPointRef ref="VTR:ScheduledStopPoint:105760" version="1"/>
            </ServiceLink>
            <ServiceLink id="VTR:ServiceLink:105760_1_105761_1" version="1">
              <Distance>0</Distance>
              <FromPointRef ref="VTR:ScheduledStopPoint:105760" version="1"/>
              <ToPointRef ref="VTR:ScheduledStopPoint:105761" version="1"/>
            </ServiceLink>
            <ServiceLink id="VTR:ServiceLink:105761_1_105762_1" version="1">
              <Distance>0</Distance>
              <FromPointRef ref="VTR:ScheduledStopPoint:105761" version="1"/>
              <ToPointRef ref="VTR:ScheduledStopPoint:105762" version="1"/>
            </ServiceLink>
            <ServiceLink id="VTR:ServiceLink:105756_1_105757_1" version="1">
              <Distance>1</Distance>
              <FromPointRef ref="VTR:ScheduledStopPoint:105756" version="1"/>
              <ToPointRef ref="VTR:ScheduledStopPoint:105757" version="1"/>
            </ServiceLink>
            <ServiceLink id="VTR:ServiceLink:105768_1_105769_1" version="1">
              <Distance>1</Distance>
              <FromPointRef ref="VTR:ScheduledStopPoint:105768" version="1"/>
              <ToPointRef ref="VTR:ScheduledStopPoint:105769" version="1"/>
            </ServiceLink>
            <ServiceLink id="VTR:ServiceLink:105767_1_105768_1" version="1">
              <Distance>2</Distance>
              <FromPointRef ref="VTR:ScheduledStopPoint:105767" version="1"/>
              <ToPointRef ref="VTR:ScheduledStopPoint:105768" version="1"/>
            </ServiceLink>
            <ServiceLink id="VTR:ServiceLink:105770_1_105771_1" version="1">
              <Distance>3</Distance>
              <FromPointRef ref="VTR:ScheduledStopPoint:105770" version="1"/>
              <ToPointRef ref="VTR:ScheduledStopPoint:105771" version="1"/>
            </ServiceLink>
            <ServiceLink id="VTR:ServiceLink:105751_1_105752_1" version="1">
              <Distance>0</Distance>
              <FromPointRef ref="VTR:ScheduledStopPoint:105751" version="1"/>
              <ToPointRef ref="VTR:ScheduledStopPoint:105752" version="1"/>
            </ServiceLink>
            <ServiceLink id="VTR:ServiceLink:105754_1_105755_1" version="1">
              <Distance>1</Distance>
              <FromPointRef ref="VTR:ScheduledStopPoint:105754" version="1"/>
              <ToPointRef ref="VTR:ScheduledStopPoint:105755" version="1"/>
            </ServiceLink>
            <ServiceLink id="VTR:ServiceLink:105762_1_105763_1" version="1">
              <Distance>0</Distance>
              <FromPointRef ref="VTR:ScheduledStopPoint:105762" version="1"/>
              <ToPointRef ref="VTR:ScheduledStopPoint:105763" version="1"/>
            </ServiceLink>
            <ServiceLink id="VTR:ServiceLink:105752_1_105753_1" version="1">
              <Distance>0</Distance>
              <FromPointRef ref="VTR:ScheduledStopPoint:105752" version="1"/>
              <ToPointRef ref="VTR:ScheduledStopPoint:105753" version="1"/>
            </ServiceLink>
            <ServiceLink id="VTR:ServiceLink:105771_1_105772_1" version="1">
              <Distance>1</Distance>
              <FromPointRef ref="VTR:ScheduledStopPoint:105771" version="1"/>
              <ToPointRef ref="VTR:ScheduledStopPoint:105772" version="1"/>
            </ServiceLink>
            <ServiceLink id="VTR:ServiceLink:105764_1_105765_1" version="1">
              <Distance>1</Distance>
              <FromPointRef ref="VTR:ScheduledStopPoint:105764" version="1"/>
              <ToPointRef ref="VTR:ScheduledStopPoint:105765" version="1"/>
            </ServiceLink>
            <ServiceLink id="VTR:ServiceLink:105769_1_105770_1" version="1">
              <Distance>0</Distance>
              <FromPointRef ref="VTR:ScheduledStopPoint:105769" version="1"/>
              <ToPointRef ref="VTR:ScheduledStopPoint:105770" version="1"/>
            </ServiceLink>
            <ServiceLink id="VTR:ServiceLink:105758_1_105759_1" version="1">
              <Distance>1</Distance>
              <FromPointRef ref="VTR:ScheduledStopPoint:105758" version="1"/>
              <ToPointRef ref="VTR:ScheduledStopPoint:105759" version="1"/>
            </ServiceLink>
          </serviceLinks>
          <stopAssignments>
            <PassengerStopAssignment order="634300000" id="VTR:PassengerStopAssignment:105750" version="1">
              <ScheduledStopPointRef ref="VTR:ScheduledStopPoint:105750" version="1"/>
              <QuayRef ref="VTR:Quay:23769"/>
            </PassengerStopAssignment>
            <PassengerStopAssignment order="634300001" id="VTR:PassengerStopAssignment:105751" version="1">
              <ScheduledStopPointRef ref="VTR:ScheduledStopPoint:105751" version="1"/>
              <QuayRef ref="VTR:Quay:8800"/>
            </PassengerStopAssignment>
            <PassengerStopAssignment order="634300002" id="VTR:PassengerStopAssignment:105752" version="1">
              <ScheduledStopPointRef ref="VTR:ScheduledStopPoint:105752" version="1"/>
              <QuayRef ref="VTR:Quay:9718"/>
            </PassengerStopAssignment>
            <PassengerStopAssignment order="634300003" id="VTR:PassengerStopAssignment:105753" version="1">
              <ScheduledStopPointRef ref="VTR:ScheduledStopPoint:105753" version="1"/>
              <QuayRef ref="VTR:Quay:8842"/>
            </PassengerStopAssignment>
            <PassengerStopAssignment order="634300004" id="VTR:PassengerStopAssignment:105754" version="1">
              <ScheduledStopPointRef ref="VTR:ScheduledStopPoint:105754" version="1"/>
              <QuayRef ref="VTR:Quay:12752"/>
            </PassengerStopAssignment>
            <PassengerStopAssignment order="634300005" id="VTR:PassengerStopAssignment:105755" version="1">
              <ScheduledStopPointRef ref="VTR:ScheduledStopPoint:105755" version="1"/>
              <QuayRef ref="VTR:Quay:7156"/>
            </PassengerStopAssignment>
            <PassengerStopAssignment order="634300006" id="VTR:PassengerStopAssignment:105756" version="1">
              <ScheduledStopPointRef ref="VTR:ScheduledStopPoint:105756" version="1"/>
              <QuayRef ref="VTR:Quay:22316"/>
            </PassengerStopAssignment>
            <PassengerStopAssignment order="634300007" id="VTR:PassengerStopAssignment:105757" version="1">
              <ScheduledStopPointRef ref="VTR:ScheduledStopPoint:105757" version="1"/>
              <QuayRef ref="VTR:Quay:10986"/>
            </PassengerStopAssignment>
            <PassengerStopAssignment order="634300008" id="VTR:PassengerStopAssignment:105758" version="1">
              <ScheduledStopPointRef ref="VTR:ScheduledStopPoint:105758" version="1"/>
              <QuayRef ref="VTR:Quay:9089"/>
            </PassengerStopAssignment>
            <PassengerStopAssignment order="634300009" id="VTR:PassengerStopAssignment:105759" version="1">
              <ScheduledStopPointRef ref="VTR:ScheduledStopPoint:105759" version="1"/>
              <QuayRef ref="VTR:Quay:8109"/>
            </PassengerStopAssignment>
            <PassengerStopAssignment order="634300010" id="VTR:PassengerStopAssignment:105760" version="1">
              <ScheduledStopPointRef ref="VTR:ScheduledStopPoint:105760" version="1"/>
              <QuayRef ref="VTR:Quay:7157"/>
            </PassengerStopAssignment>
            <PassengerStopAssignment order="634300011" id="VTR:PassengerStopAssignment:105761" version="1">
              <ScheduledStopPointRef ref="VTR:ScheduledStopPoint:105761" version="1"/>
              <QuayRef ref="VTR:Quay:12786"/>
            </PassengerStopAssignment>
            <PassengerStopAssignment order="634300012" id="VTR:PassengerStopAssignment:105762" version="1">
              <ScheduledStopPointRef ref="VTR:ScheduledStopPoint:105762" version="1"/>
              <QuayRef ref="VTR:Quay:15797"/>
            </PassengerStopAssignment>
            <PassengerStopAssignment order="634300013" id="VTR:PassengerStopAssignment:105763" version="1">
              <ScheduledStopPointRef ref="VTR:ScheduledStopPoint:105763" version="1"/>
              <QuayRef ref="VTR:Quay:24024"/>
            </PassengerStopAssignment>
            <PassengerStopAssignment order="634300014" id="VTR:PassengerStopAssignment:105764" version="1">
              <ScheduledStopPointRef ref="VTR:ScheduledStopPoint:105764" version="1"/>
              <QuayRef ref="VTR:Quay:11995"/>
            </PassengerStopAssignment>
            <PassengerStopAssignment order="634300015" id="VTR:PassengerStopAssignment:105765" version="1">
              <ScheduledStopPointRef ref="VTR:ScheduledStopPoint:105765" version="1"/>
              <QuayRef ref="VTR:Quay:8083"/>
            </PassengerStopAssignment>
            <PassengerStopAssignment order="634300016" id="VTR:PassengerStopAssignment:105766" version="1">
              <ScheduledStopPointRef ref="VTR:ScheduledStopPoint:105766" version="1"/>
              <QuayRef ref="VTR:Quay:5204"/>
            </PassengerStopAssignment>
            <PassengerStopAssignment order="634300017" id="VTR:PassengerStopAssignment:105767" version="1">
              <ScheduledStopPointRef ref="VTR:ScheduledStopPoint:105767" version="1"/>
              <QuayRef ref="VTR:Quay:8545"/>
            </PassengerStopAssignment>
            <PassengerStopAssignment order="634300018" id="VTR:PassengerStopAssignment:105768" version="1">
              <ScheduledStopPointRef ref="VTR:ScheduledStopPoint:105768" version="1"/>
              <QuayRef ref="VTR:Quay:13772"/>
            </PassengerStopAssignment>
            <PassengerStopAssignment order="634300019" id="VTR:PassengerStopAssignment:105769" version="1">
              <ScheduledStopPointRef ref="VTR:ScheduledStopPoint:105769" version="1"/>
              <QuayRef ref="VTR:Quay:7814"/>
            </PassengerStopAssignment>
            <PassengerStopAssignment order="634300020" id="VTR:PassengerStopAssignment:105770" version="1">
              <ScheduledStopPointRef ref="VTR:ScheduledStopPoint:105770" version="1"/>
              <QuayRef ref="VTR:Quay:7814"/>
            </PassengerStopAssignment>
            <PassengerStopAssignment order="634300021" id="VTR:PassengerStopAssignment:105771" version="1">
              <ScheduledStopPointRef ref="VTR:ScheduledStopPoint:105771" version="1"/>
              <QuayRef ref="VTR:Quay:11990"/>
            </PassengerStopAssignment>
            <PassengerStopAssignment order="634300022" id="VTR:PassengerStopAssignment:105772" version="1">
              <ScheduledStopPointRef ref="VTR:ScheduledStopPoint:105772" version="1"/>
              <QuayRef ref="VTR:Quay:22313"/>
            </PassengerStopAssignment>
          </stopAssignments>
          <journeyPatterns>
            <JourneyPattern id="VTR:JourneyPattern:57234" version="57299">
              <Name>1</Name>
              <RouteRef ref="VTR:Route:6343" version="1"/>
              <pointsInSequence>
                <StopPointInJourneyPattern id="VTR:StopPointInJourneyPattern:1154587" version="57299" order="1">
                  <ScheduledStopPointRef ref="VTR:ScheduledStopPoint:105750"/>
                  <DestinationDisplayRef ref="VTR:DestinationDisplay:1"/>
                </StopPointInJourneyPattern>
                <StopPointInJourneyPattern id="VTR:StopPointInJourneyPattern:1154588" version="57299" order="2">
                  <ScheduledStopPointRef ref="VTR:ScheduledStopPoint:105751"/>
                  <DestinationDisplayRef ref="VTR:DestinationDisplay:1"/>
                </StopPointInJourneyPattern>
                <StopPointInJourneyPattern id="VTR:StopPointInJourneyPattern:1154589" version="57299" order="3">
                  <ScheduledStopPointRef ref="VTR:ScheduledStopPoint:105752"/>
                  <DestinationDisplayRef ref="VTR:DestinationDisplay:1"/>
                </StopPointInJourneyPattern>
                <StopPointInJourneyPattern id="VTR:StopPointInJourneyPattern:1154590" version="57299" order="4">
                  <ScheduledStopPointRef ref="VTR:ScheduledStopPoint:105753"/>
                  <DestinationDisplayRef ref="VTR:DestinationDisplay:1"/>
                </StopPointInJourneyPattern>
                <StopPointInJourneyPattern id="VTR:StopPointInJourneyPattern:1154591" version="57299" order="5">
                  <ScheduledStopPointRef ref="VTR:ScheduledStopPoint:105754"/>
                  <DestinationDisplayRef ref="VTR:DestinationDisplay:1"/>
                </StopPointInJourneyPattern>
                <StopPointInJourneyPattern id="VTR:StopPointInJourneyPattern:1154592" version="57299" order="6">
                  <ScheduledStopPointRef ref="VTR:ScheduledStopPoint:105755"/>
                  <DestinationDisplayRef ref="VTR:DestinationDisplay:1"/>
                </StopPointInJourneyPattern>
                <StopPointInJourneyPattern id="VTR:StopPointInJourneyPattern:1154593" version="57299" order="7">
                  <ScheduledStopPointRef ref="VTR:ScheduledStopPoint:105756"/>
                  <DestinationDisplayRef ref="VTR:DestinationDisplay:1"/>
                </StopPointInJourneyPattern>
                <StopPointInJourneyPattern id="VTR:StopPointInJourneyPattern:1154594" version="57299" order="8">
                  <ScheduledStopPointRef ref="VTR:ScheduledStopPoint:105757"/>
                  <DestinationDisplayRef ref="VTR:DestinationDisplay:1"/>
                </StopPointInJourneyPattern>
                <StopPointInJourneyPattern id="VTR:StopPointInJourneyPattern:1154595" version="57299" order="9">
                  <ScheduledStopPointRef ref="VTR:ScheduledStopPoint:105758"/>
                  <DestinationDisplayRef ref="VTR:DestinationDisplay:1"/>
                </StopPointInJourneyPattern>
                <StopPointInJourneyPattern id="VTR:StopPointInJourneyPattern:1154596" version="57299" order="10">
                  <ScheduledStopPointRef ref="VTR:ScheduledStopPoint:105759"/>
                  <DestinationDisplayRef ref="VTR:DestinationDisplay:1"/>
                </StopPointInJourneyPattern>
                <StopPointInJourneyPattern id="VTR:StopPointInJourneyPattern:1154597" version="57299" order="11">
                  <ScheduledStopPointRef ref="VTR:ScheduledStopPoint:105760"/>
                  <DestinationDisplayRef ref="VTR:DestinationDisplay:1"/>
                </StopPointInJourneyPattern>
                <StopPointInJourneyPattern id="VTR:StopPointInJourneyPattern:1154598" version="57299" order="12">
                  <ScheduledStopPointRef ref="VTR:ScheduledStopPoint:105761"/>
                  <DestinationDisplayRef ref="VTR:DestinationDisplay:1"/>
                </StopPointInJourneyPattern>
                <StopPointInJourneyPattern id="VTR:StopPointInJourneyPattern:1154599" version="57299" order="13">
                  <ScheduledStopPointRef ref="VTR:ScheduledStopPoint:105762"/>
                  <DestinationDisplayRef ref="VTR:DestinationDisplay:1"/>
                </StopPointInJourneyPattern>
                <StopPointInJourneyPattern id="VTR:StopPointInJourneyPattern:1154600" version="57299" order="14">
                  <ScheduledStopPointRef ref="VTR:ScheduledStopPoint:105763"/>
                  <DestinationDisplayRef ref="VTR:DestinationDisplay:1"/>
                </StopPointInJourneyPattern>
                <StopPointInJourneyPattern id="VTR:StopPointInJourneyPattern:1154601" version="57299" order="15">
                  <ScheduledStopPointRef ref="VTR:ScheduledStopPoint:105764"/>
                  <DestinationDisplayRef ref="VTR:DestinationDisplay:1"/>
                </StopPointInJourneyPattern>
                <StopPointInJourneyPattern id="VTR:StopPointInJourneyPattern:1154602" version="57299" order="16">
                  <ScheduledStopPointRef ref="VTR:ScheduledStopPoint:105765"/>
                  <DestinationDisplayRef ref="VTR:DestinationDisplay:1"/>
                </StopPointInJourneyPattern>
                <StopPointInJourneyPattern id="VTR:StopPointInJourneyPattern:1154603" version="57299" order="17">
                  <ScheduledStopPointRef ref="VTR:ScheduledStopPoint:105766"/>
                  <DestinationDisplayRef ref="VTR:DestinationDisplay:1"/>
                </StopPointInJourneyPattern>
                <StopPointInJourneyPattern id="VTR:StopPointInJourneyPattern:1154604" version="57299" order="18">
                  <ScheduledStopPointRef ref="VTR:ScheduledStopPoint:105767"/>
                  <DestinationDisplayRef ref="VTR:DestinationDisplay:1"/>
                </StopPointInJourneyPattern>
                <StopPointInJourneyPattern id="VTR:StopPointInJourneyPattern:1154605" version="57299" order="19">
                  <ScheduledStopPointRef ref="VTR:ScheduledStopPoint:105768"/>
                  <DestinationDisplayRef ref="VTR:DestinationDisplay:1"/>
                </StopPointInJourneyPattern>
                <StopPointInJourneyPattern id="VTR:StopPointInJourneyPattern:1154606" version="57299" order="20">
                  <ScheduledStopPointRef ref="VTR:ScheduledStopPoint:105769"/>
                  <DestinationDisplayRef ref="VTR:DestinationDisplay:1"/>
                </StopPointInJourneyPattern>
                <StopPointInJourneyPattern id="VTR:StopPointInJourneyPattern:1154607" version="57299" order="21">
                  <ScheduledStopPointRef ref="VTR:ScheduledStopPoint:105770"/>
                  <DestinationDisplayRef ref="VTR:DestinationDisplay:1"/>
                </StopPointInJourneyPattern>
                <StopPointInJourneyPattern id="VTR:StopPointInJourneyPattern:1154608" version="57299" order="22">
                  <ScheduledStopPointRef ref="VTR:ScheduledStopPoint:105771"/>
                  <DestinationDisplayRef ref="VTR:DestinationDisplay:1"/>
                </StopPointInJourneyPattern>
                <StopPointInJourneyPattern id="VTR:StopPointInJourneyPattern:1154609" version="57299" order="23">
                  <ScheduledStopPointRef ref="VTR:ScheduledStopPoint:105772"/>
                  <DestinationDisplayRef ref="VTR:DestinationDisplay:1"/>
                </StopPointInJourneyPattern>
              </pointsInSequence>
            </JourneyPattern>
            <JourneyPattern id="VTR:JourneyPattern:57236" version="57301">
              <Name>5</Name>
              <RouteRef ref="VTR:Route:6343" version="1"/>
              <pointsInSequence>
                <StopPointInJourneyPattern id="VTR:StopPointInJourneyPattern:1154633" version="57301" order="1">
                  <ScheduledStopPointRef ref="VTR:ScheduledStopPoint:105750"/>
                  <DestinationDisplayRef ref="VTR:DestinationDisplay:1"/>
                </StopPointInJourneyPattern>
                <StopPointInJourneyPattern id="VTR:StopPointInJourneyPattern:1154634" version="57301" order="2">
                  <ScheduledStopPointRef ref="VTR:ScheduledStopPoint:105751"/>
                  <DestinationDisplayRef ref="VTR:DestinationDisplay:1"/>
                </StopPointInJourneyPattern>
                <StopPointInJourneyPattern id="VTR:StopPointInJourneyPattern:1154635" version="57301" order="3">
                  <ScheduledStopPointRef ref="VTR:ScheduledStopPoint:105752"/>
                  <DestinationDisplayRef ref="VTR:DestinationDisplay:1"/>
                </StopPointInJourneyPattern>
                <StopPointInJourneyPattern id="VTR:StopPointInJourneyPattern:1154636" version="57301" order="4">
                  <ScheduledStopPointRef ref="VTR:ScheduledStopPoint:105753"/>
                  <DestinationDisplayRef ref="VTR:DestinationDisplay:1"/>
                </StopPointInJourneyPattern>
                <StopPointInJourneyPattern id="VTR:StopPointInJourneyPattern:1154637" version="57301" order="5">
                  <ScheduledStopPointRef ref="VTR:ScheduledStopPoint:105754"/>
                  <DestinationDisplayRef ref="VTR:DestinationDisplay:1"/>
                </StopPointInJourneyPattern>
                <StopPointInJourneyPattern id="VTR:StopPointInJourneyPattern:1154638" version="57301" order="6">
                  <ScheduledStopPointRef ref="VTR:ScheduledStopPoint:105755"/>
                  <DestinationDisplayRef ref="VTR:DestinationDisplay:1"/>
                </StopPointInJourneyPattern>
                <StopPointInJourneyPattern id="VTR:StopPointInJourneyPattern:1154639" version="57301" order="7">
                  <ScheduledStopPointRef ref="VTR:ScheduledStopPoint:105756"/>
                  <DestinationDisplayRef ref="VTR:DestinationDisplay:1"/>
                </StopPointInJourneyPattern>
                <StopPointInJourneyPattern id="VTR:StopPointInJourneyPattern:1154640" version="57301" order="8">
                  <ScheduledStopPointRef ref="VTR:ScheduledStopPoint:105757"/>
                  <DestinationDisplayRef ref="VTR:DestinationDisplay:1"/>
                </StopPointInJourneyPattern>
                <StopPointInJourneyPattern id="VTR:StopPointInJourneyPattern:1154641" version="57301" order="9">
                  <ScheduledStopPointRef ref="VTR:ScheduledStopPoint:105758"/>
                  <DestinationDisplayRef ref="VTR:DestinationDisplay:1"/>
                </StopPointInJourneyPattern>
                <StopPointInJourneyPattern id="VTR:StopPointInJourneyPattern:1154642" version="57301" order="10">
                  <ScheduledStopPointRef ref="VTR:ScheduledStopPoint:105759"/>
                  <DestinationDisplayRef ref="VTR:DestinationDisplay:1"/>
                </StopPointInJourneyPattern>
                <StopPointInJourneyPattern id="VTR:StopPointInJourneyPattern:1154643" version="57301" order="11">
                  <ScheduledStopPointRef ref="VTR:ScheduledStopPoint:105760"/>
                  <DestinationDisplayRef ref="VTR:DestinationDisplay:1"/>
                </StopPointInJourneyPattern>
                <StopPointInJourneyPattern id="VTR:StopPointInJourneyPattern:1154644" version="57301" order="12">
                  <ScheduledStopPointRef ref="VTR:ScheduledStopPoint:105761"/>
                  <DestinationDisplayRef ref="VTR:DestinationDisplay:1"/>
                </StopPointInJourneyPattern>
                <StopPointInJourneyPattern id="VTR:StopPointInJourneyPattern:1154645" version="57301" order="13">
                  <ScheduledStopPointRef ref="VTR:ScheduledStopPoint:105762"/>
                  <DestinationDisplayRef ref="VTR:DestinationDisplay:1"/>
                </StopPointInJourneyPattern>
                <StopPointInJourneyPattern id="VTR:StopPointInJourneyPattern:1154646" version="57301" order="14">
                  <ScheduledStopPointRef ref="VTR:ScheduledStopPoint:105763"/>
                  <DestinationDisplayRef ref="VTR:DestinationDisplay:1"/>
                </StopPointInJourneyPattern>
                <StopPointInJourneyPattern id="VTR:StopPointInJourneyPattern:1154647" version="57301" order="15">
                  <ScheduledStopPointRef ref="VTR:ScheduledStopPoint:105764"/>
                  <DestinationDisplayRef ref="VTR:DestinationDisplay:1"/>
                </StopPointInJourneyPattern>
                <StopPointInJourneyPattern id="VTR:StopPointInJourneyPattern:1154648" version="57301" order="16">
                  <ScheduledStopPointRef ref="VTR:ScheduledStopPoint:105765"/>
                  <DestinationDisplayRef ref="VTR:DestinationDisplay:1"/>
                </StopPointInJourneyPattern>
                <StopPointInJourneyPattern id="VTR:StopPointInJourneyPattern:1154649" version="57301" order="17">
                  <ScheduledStopPointRef ref="VTR:ScheduledStopPoint:105766"/>
                  <DestinationDisplayRef ref="VTR:DestinationDisplay:1"/>
                </StopPointInJourneyPattern>
                <StopPointInJourneyPattern id="VTR:StopPointInJourneyPattern:1154650" version="57301" order="18">
                  <ScheduledStopPointRef ref="VTR:ScheduledStopPoint:105767"/>
                  <DestinationDisplayRef ref="VTR:DestinationDisplay:1"/>
                </StopPointInJourneyPattern>
                <StopPointInJourneyPattern id="VTR:StopPointInJourneyPattern:1154651" version="57301" order="19">
                  <ScheduledStopPointRef ref="VTR:ScheduledStopPoint:105768"/>
                  <DestinationDisplayRef ref="VTR:DestinationDisplay:1"/>
                </StopPointInJourneyPattern>
                <StopPointInJourneyPattern id="VTR:StopPointInJourneyPattern:1154652" version="57301" order="20">
                  <ScheduledStopPointRef ref="VTR:ScheduledStopPoint:105769"/>
                  <DestinationDisplayRef ref="VTR:DestinationDisplay:1"/>
                </StopPointInJourneyPattern>
                <StopPointInJourneyPattern id="VTR:StopPointInJourneyPattern:1154653" version="57301" order="21">
                  <ScheduledStopPointRef ref="VTR:ScheduledStopPoint:105770"/>
                  <DestinationDisplayRef ref="VTR:DestinationDisplay:1"/>
                </StopPointInJourneyPattern>
                <StopPointInJourneyPattern id="VTR:StopPointInJourneyPattern:1154654" version="57301" order="22">
                  <ScheduledStopPointRef ref="VTR:ScheduledStopPoint:105771"/>
                  <DestinationDisplayRef ref="VTR:DestinationDisplay:1"/>
                </StopPointInJourneyPattern>
                <StopPointInJourneyPattern id="VTR:StopPointInJourneyPattern:1154655" version="57301" order="23">
                  <ScheduledStopPointRef ref="VTR:ScheduledStopPoint:105772"/>
                  <DestinationDisplayRef ref="VTR:DestinationDisplay:1"/>
                </StopPointInJourneyPattern>
              </pointsInSequence>
            </JourneyPattern>
          </journeyPatterns>
        </ServiceFrame>
        <TimetableFrame version="1" id="VTR:TimetableFrame:1381">
          <vehicleJourneys>
            <ServiceJourney version="57301" id="VTR:ServiceJourney:57236">
              <Name>Kaišiadorys-Paparčiai per Dainavą</Name>
              <PrivateCode>5</PrivateCode>
              <dayTypes>
                <DayTypeRef ref="VTR:DayType:2825"/>
              </dayTypes>
              <JourneyPatternRef version="57301" ref="VTR:JourneyPattern:57236"/>
              <OperatorRef ref="VTR:Operator:"/>
              <LineRef ref="VTR:Line:2164" version="2190"/>
              <passingTimes>
                <TimetabledPassingTime version="57301" id="VTR:TimetabledPassingTime:57236_1154633_1">
                  <StopPointInJourneyPatternRef ref="VTR:StopPointInJourneyPattern:1154633" version="57301"/>
                  <DepartureTime>14:25:00</DepartureTime>
                  <DepartureDayOffset>0</DepartureDayOffset>
                </TimetabledPassingTime>
                <TimetabledPassingTime version="57301" id="VTR:TimetabledPassingTime:57236_1154634_2">
                  <StopPointInJourneyPatternRef ref="VTR:StopPointInJourneyPattern:1154634" version="57301"/>
                  <DepartureTime>14:26:00</DepartureTime>
                  <DepartureDayOffset>0</DepartureDayOffset>
                </TimetabledPassingTime>
                <TimetabledPassingTime version="57301" id="VTR:TimetabledPassingTime:57236_1154635_3">
                  <StopPointInJourneyPatternRef ref="VTR:StopPointInJourneyPattern:1154635" version="57301"/>
                  <DepartureTime>14:28:00</DepartureTime>
                  <DepartureDayOffset>0</DepartureDayOffset>
                </TimetabledPassingTime>
                <TimetabledPassingTime version="57301" id="VTR:TimetabledPassingTime:57236_1154636_4">
                  <StopPointInJourneyPatternRef ref="VTR:StopPointInJourneyPattern:1154636" version="57301"/>
                  <DepartureTime>14:30:00</DepartureTime>
                  <DepartureDayOffset>0</DepartureDayOffset>
                </TimetabledPassingTime>
                <TimetabledPassingTime version="57301" id="VTR:TimetabledPassingTime:57236_1154637_5">
                  <StopPointInJourneyPatternRef ref="VTR:StopPointInJourneyPattern:1154637" version="57301"/>
                  <DepartureTime>14:31:00</DepartureTime>
                  <DepartureDayOffset>0</DepartureDayOffset>
                </TimetabledPassingTime>
                <TimetabledPassingTime version="57301" id="VTR:TimetabledPassingTime:57236_1154638_6">
                  <StopPointInJourneyPatternRef ref="VTR:StopPointInJourneyPattern:1154638" version="57301"/>
                  <DepartureTime>14:34:00</DepartureTime>
                  <DepartureDayOffset>0</DepartureDayOffset>
                </TimetabledPassingTime>
                <TimetabledPassingTime version="57301" id="VTR:TimetabledPassingTime:57236_1154639_7">
                  <StopPointInJourneyPatternRef ref="VTR:StopPointInJourneyPattern:1154639" version="57301"/>
                  <DepartureTime>14:36:00</DepartureTime>
                  <DepartureDayOffset>0</DepartureDayOffset>
                </TimetabledPassingTime>
                <TimetabledPassingTime version="57301" id="VTR:TimetabledPassingTime:57236_1154640_8">
                  <StopPointInJourneyPatternRef ref="VTR:StopPointInJourneyPattern:1154640" version="57301"/>
                  <DepartureTime>14:38:00</DepartureTime>
                  <DepartureDayOffset>0</DepartureDayOffset>
                </TimetabledPassingTime>
                <TimetabledPassingTime version="57301" id="VTR:TimetabledPassingTime:57236_1154641_9">
                  <StopPointInJourneyPatternRef ref="VTR:StopPointInJourneyPattern:1154641" version="57301"/>
                  <DepartureTime>14:40:00</DepartureTime>
                  <DepartureDayOffset>0</DepartureDayOffset>
                </TimetabledPassingTime>
                <TimetabledPassingTime version="57301" id="VTR:TimetabledPassingTime:57236_1154642_10">
                  <StopPointInJourneyPatternRef ref="VTR:StopPointInJourneyPattern:1154642" version="57301"/>
                  <DepartureTime>14:42:00</DepartureTime>
                  <DepartureDayOffset>0</DepartureDayOffset>
                </TimetabledPassingTime>
                <TimetabledPassingTime version="57301" id="VTR:TimetabledPassingTime:57236_1154643_11">
                  <StopPointInJourneyPatternRef ref="VTR:StopPointInJourneyPattern:1154643" version="57301"/>
                  <DepartureTime>14:44:00</DepartureTime>
                  <DepartureDayOffset>0</DepartureDayOffset>
                </TimetabledPassingTime>
                <TimetabledPassingTime version="57301" id="VTR:TimetabledPassingTime:57236_1154644_12">
                  <StopPointInJourneyPatternRef ref="VTR:StopPointInJourneyPattern:1154644" version="57301"/>
                  <DepartureTime>14:46:00</DepartureTime>
                  <DepartureDayOffset>0</DepartureDayOffset>
                </TimetabledPassingTime>
                <TimetabledPassingTime version="57301" id="VTR:TimetabledPassingTime:57236_1154645_13">
                  <StopPointInJourneyPatternRef ref="VTR:StopPointInJourneyPattern:1154645" version="57301"/>
                  <DepartureTime>14:48:00</DepartureTime>
                  <DepartureDayOffset>0</DepartureDayOffset>
                </TimetabledPassingTime>
                <TimetabledPassingTime version="57301" id="VTR:TimetabledPassingTime:57236_1154646_14">
                  <StopPointInJourneyPatternRef ref="VTR:StopPointInJourneyPattern:1154646" version="57301"/>
                  <DepartureTime>14:50:00</DepartureTime>
                  <DepartureDayOffset>0</DepartureDayOffset>
                </TimetabledPassingTime>
                <TimetabledPassingTime version="57301" id="VTR:TimetabledPassingTime:57236_1154647_15">
                  <StopPointInJourneyPatternRef ref="VTR:StopPointInJourneyPattern:1154647" version="57301"/>
                  <DepartureTime>14:52:00</DepartureTime>
                  <DepartureDayOffset>0</DepartureDayOffset>
                </TimetabledPassingTime>
                <TimetabledPassingTime version="57301" id="VTR:TimetabledPassingTime:57236_1154648_16">
                  <StopPointInJourneyPatternRef ref="VTR:StopPointInJourneyPattern:1154648" version="57301"/>
                  <DepartureTime>14:54:00</DepartureTime>
                  <DepartureDayOffset>0</DepartureDayOffset>
                </TimetabledPassingTime>
                <TimetabledPassingTime version="57301" id="VTR:TimetabledPassingTime:57236_1154649_17">
                  <StopPointInJourneyPatternRef ref="VTR:StopPointInJourneyPattern:1154649" version="57301"/>
                  <DepartureTime>14:56:00</DepartureTime>
                  <DepartureDayOffset>0</DepartureDayOffset>
                </TimetabledPassingTime>
                <TimetabledPassingTime version="57301" id="VTR:TimetabledPassingTime:57236_1154650_18">
                  <StopPointInJourneyPatternRef ref="VTR:StopPointInJourneyPattern:1154650" version="57301"/>
                  <DepartureTime>15:00:00</DepartureTime>
                  <DepartureDayOffset>0</DepartureDayOffset>
                </TimetabledPassingTime>
                <TimetabledPassingTime version="57301" id="VTR:TimetabledPassingTime:57236_1154651_19">
                  <StopPointInJourneyPatternRef ref="VTR:StopPointInJourneyPattern:1154651" version="57301"/>
                  <DepartureTime>15:03:00</DepartureTime>
                  <DepartureDayOffset>0</DepartureDayOffset>
                </TimetabledPassingTime>
                <TimetabledPassingTime version="57301" id="VTR:TimetabledPassingTime:57236_1154652_20">
                  <StopPointInJourneyPatternRef ref="VTR:StopPointInJourneyPattern:1154652" version="57301"/>
                  <DepartureTime>15:04:00</DepartureTime>
                  <DepartureDayOffset>0</DepartureDayOffset>
                </TimetabledPassingTime>
                <TimetabledPassingTime version="57301" id="VTR:TimetabledPassingTime:57236_1154653_21">
                  <StopPointInJourneyPatternRef ref="VTR:StopPointInJourneyPattern:1154653" version="57301"/>
                  <DepartureTime>15:05:00</DepartureTime>
                  <DepartureDayOffset>0</DepartureDayOffset>
                </TimetabledPassingTime>
                <TimetabledPassingTime version="57301" id="VTR:TimetabledPassingTime:57236_1154654_22">
                  <StopPointInJourneyPatternRef ref="VTR:StopPointInJourneyPattern:1154654" version="57301"/>
                  <DepartureTime>15:10:00</DepartureTime>
                  <DepartureDayOffset>0</DepartureDayOffset>
                </TimetabledPassingTime>
                <TimetabledPassingTime version="57301" id="VTR:TimetabledPassingTime:57236_1154655_23">
                  <StopPointInJourneyPatternRef ref="VTR:StopPointInJourneyPattern:1154655" version="57301"/>
                  <DepartureTime>15:14:00</DepartureTime>
                  <DepartureDayOffset>0</DepartureDayOffset>
                </TimetabledPassingTime>
              </passingTimes>
            </ServiceJourney>
            <ServiceJourney version="57299" id="VTR:ServiceJourney:57234">
              <Name>Kaišiadorys-Paparčiai per Dainavą</Name>
              <PrivateCode>1</PrivateCode>
              <dayTypes>
                <DayTypeRef ref="VTR:DayType:2825"/>
              </dayTypes>
              <JourneyPatternRef version="57299" ref="VTR:JourneyPattern:57234"/>
              <OperatorRef ref="VTR:Operator:"/>
              <LineRef ref="VTR:Line:2164" version="2190"/>
              <passingTimes>
                <TimetabledPassingTime version="57299" id="VTR:TimetabledPassingTime:57234_1154587_1">
                  <StopPointInJourneyPatternRef ref="VTR:StopPointInJourneyPattern:1154587" version="57299"/>
                  <DepartureTime>07:40:00</DepartureTime>
                  <DepartureDayOffset>0</DepartureDayOffset>
                </TimetabledPassingTime>
                <TimetabledPassingTime version="57299" id="VTR:TimetabledPassingTime:57234_1154588_2">
                  <StopPointInJourneyPatternRef ref="VTR:StopPointInJourneyPattern:1154588" version="57299"/>
                  <DepartureTime>07:41:00</DepartureTime>
                  <DepartureDayOffset>0</DepartureDayOffset>
                </TimetabledPassingTime>
                <TimetabledPassingTime version="57299" id="VTR:TimetabledPassingTime:57234_1154589_3">
                  <StopPointInJourneyPatternRef ref="VTR:StopPointInJourneyPattern:1154589" version="57299"/>
                  <DepartureTime>07:43:00</DepartureTime>
                  <DepartureDayOffset>0</DepartureDayOffset>
                </TimetabledPassingTime>
                <TimetabledPassingTime version="57299" id="VTR:TimetabledPassingTime:57234_1154590_4">
                  <StopPointInJourneyPatternRef ref="VTR:StopPointInJourneyPattern:1154590" version="57299"/>
                  <DepartureTime>07:45:00</DepartureTime>
                  <DepartureDayOffset>0</DepartureDayOffset>
                </TimetabledPassingTime>
                <TimetabledPassingTime version="57299" id="VTR:TimetabledPassingTime:57234_1154591_5">
                  <StopPointInJourneyPatternRef ref="VTR:StopPointInJourneyPattern:1154591" version="57299"/>
                  <DepartureTime>07:46:00</DepartureTime>
                  <DepartureDayOffset>0</DepartureDayOffset>
                </TimetabledPassingTime>
                <TimetabledPassingTime version="57299" id="VTR:TimetabledPassingTime:57234_1154592_6">
                  <StopPointInJourneyPatternRef ref="VTR:StopPointInJourneyPattern:1154592" version="57299"/>
                  <DepartureTime>07:49:00</DepartureTime>
                  <DepartureDayOffset>0</DepartureDayOffset>
                </TimetabledPassingTime>
                <TimetabledPassingTime version="57299" id="VTR:TimetabledPassingTime:57234_1154593_7">
                  <StopPointInJourneyPatternRef ref="VTR:StopPointInJourneyPattern:1154593" version="57299"/>
                  <DepartureTime>07:51:00</DepartureTime>
                  <DepartureDayOffset>0</DepartureDayOffset>
                </TimetabledPassingTime>
                <TimetabledPassingTime version="57299" id="VTR:TimetabledPassingTime:57234_1154594_8">
                  <StopPointInJourneyPatternRef ref="VTR:StopPointInJourneyPattern:1154594" version="57299"/>
                  <DepartureTime>07:53:00</DepartureTime>
                  <DepartureDayOffset>0</DepartureDayOffset>
                </TimetabledPassingTime>
                <TimetabledPassingTime version="57299" id="VTR:TimetabledPassingTime:57234_1154595_9">
                  <StopPointInJourneyPatternRef ref="VTR:StopPointInJourneyPattern:1154595" version="57299"/>
                  <DepartureTime>07:55:00</DepartureTime>
                  <DepartureDayOffset>0</DepartureDayOffset>
                </TimetabledPassingTime>
                <TimetabledPassingTime version="57299" id="VTR:TimetabledPassingTime:57234_1154596_10">
                  <StopPointInJourneyPatternRef ref="VTR:StopPointInJourneyPattern:1154596" version="57299"/>
                  <DepartureTime>07:57:00</DepartureTime>
                  <DepartureDayOffset>0</DepartureDayOffset>
                </TimetabledPassingTime>
                <TimetabledPassingTime version="57299" id="VTR:TimetabledPassingTime:57234_1154597_11">
                  <StopPointInJourneyPatternRef ref="VTR:StopPointInJourneyPattern:1154597" version="57299"/>
                  <DepartureTime>07:59:00</DepartureTime>
                  <DepartureDayOffset>0</DepartureDayOffset>
                </TimetabledPassingTime>
                <TimetabledPassingTime version="57299" id="VTR:TimetabledPassingTime:57234_1154598_12">
                  <StopPointInJourneyPatternRef ref="VTR:StopPointInJourneyPattern:1154598" version="57299"/>
                  <DepartureTime>08:01:00</DepartureTime>
                  <DepartureDayOffset>0</DepartureDayOffset>
                </TimetabledPassingTime>
                <TimetabledPassingTime version="57299" id="VTR:TimetabledPassingTime:57234_1154599_13">
                  <StopPointInJourneyPatternRef ref="VTR:StopPointInJourneyPattern:1154599" version="57299"/>
                  <DepartureTime>08:03:00</DepartureTime>
                  <DepartureDayOffset>0</DepartureDayOffset>
                </TimetabledPassingTime>
                <TimetabledPassingTime version="57299" id="VTR:TimetabledPassingTime:57234_1154600_14">
                  <StopPointInJourneyPatternRef ref="VTR:StopPointInJourneyPattern:1154600" version="57299"/>
                  <DepartureTime>08:05:00</DepartureTime>
                  <DepartureDayOffset>0</DepartureDayOffset>
                </TimetabledPassingTime>
                <TimetabledPassingTime version="57299" id="VTR:TimetabledPassingTime:57234_1154601_15">
                  <StopPointInJourneyPatternRef ref="VTR:StopPointInJourneyPattern:1154601" version="57299"/>
                  <DepartureTime>08:07:00</DepartureTime>
                  <DepartureDayOffset>0</DepartureDayOffset>
                </TimetabledPassingTime>
                <TimetabledPassingTime version="57299" id="VTR:TimetabledPassingTime:57234_1154602_16">
                  <StopPointInJourneyPatternRef ref="VTR:StopPointInJourneyPattern:1154602" version="57299"/>
                  <DepartureTime>08:09:00</DepartureTime>
                  <DepartureDayOffset>0</DepartureDayOffset>
                </TimetabledPassingTime>
                <TimetabledPassingTime version="57299" id="VTR:TimetabledPassingTime:57234_1154603_17">
                  <StopPointInJourneyPatternRef ref="VTR:StopPointInJourneyPattern:1154603" version="57299"/>
                  <DepartureTime>08:11:00</DepartureTime>
                  <DepartureDayOffset>0</DepartureDayOffset>
                </TimetabledPassingTime>
                <TimetabledPassingTime version="57299" id="VTR:TimetabledPassingTime:57234_1154604_18">
                  <StopPointInJourneyPatternRef ref="VTR:StopPointInJourneyPattern:1154604" version="57299"/>
                  <DepartureTime>08:15:00</DepartureTime>
                  <DepartureDayOffset>0</DepartureDayOffset>
                </TimetabledPassingTime>
                <TimetabledPassingTime version="57299" id="VTR:TimetabledPassingTime:57234_1154605_19">
                  <StopPointInJourneyPatternRef ref="VTR:StopPointInJourneyPattern:1154605" version="57299"/>
                  <DepartureTime>08:17:00</DepartureTime>
                  <DepartureDayOffset>0</DepartureDayOffset>
                </TimetabledPassingTime>
                <TimetabledPassingTime version="57299" id="VTR:TimetabledPassingTime:57234_1154606_20">
                  <StopPointInJourneyPatternRef ref="VTR:StopPointInJourneyPattern:1154606" version="57299"/>
                  <DepartureTime>08:18:00</DepartureTime>
                  <DepartureDayOffset>0</DepartureDayOffset>
                </TimetabledPassingTime>
                <TimetabledPassingTime version="57299" id="VTR:TimetabledPassingTime:57234_1154607_21">
                  <StopPointInJourneyPatternRef ref="VTR:StopPointInJourneyPattern:1154607" version="57299"/>
                  <DepartureTime>08:19:00</DepartureTime>
                  <DepartureDayOffset>0</DepartureDayOffset>
                </TimetabledPassingTime>
                <TimetabledPassingTime version="57299" id="VTR:TimetabledPassingTime:57234_1154608_22">
                  <StopPointInJourneyPatternRef ref="VTR:StopPointInJourneyPattern:1154608" version="57299"/>
                  <DepartureTime>08:24:00</DepartureTime>
                  <DepartureDayOffset>0</DepartureDayOffset>
                </TimetabledPassingTime>
                <TimetabledPassingTime version="57299" id="VTR:TimetabledPassingTime:57234_1154609_23">
                  <StopPointInJourneyPatternRef ref="VTR:StopPointInJourneyPattern:1154609" version="57299"/>
                  <DepartureTime>08:28:00</DepartureTime>
                  <DepartureDayOffset>0</DepartureDayOffset>
                </TimetabledPassingTime>
              </passingTimes>
            </ServiceJourney>
          </vehicleJourneys>
        </TimetableFrame>
        <ResourceFrame version="1" id="VTR:ResourceFrame:1381">
          <organisations>
            <Authority version="1" id="VTR:Authority:13">
              <CompanyNumber>49</CompanyNumber>
              <Name>Kaišiadorių r. sav.</Name>
              <LegalName>Kaišiadorių r. sav.</LegalName>
              <ContactDetails>
                <Email>meras@kaisiadorys.lt</Email>
                <Phone>834620480</Phone>
                <Url>www.kaisiadorys.lt</Url>
              </ContactDetails>
              <OrganisationType>authority</OrganisationType>
            </Authority>
          </organisations>
        </ResourceFrame>
        <FareFrame id="VTR:FareFrame:2164" version="1">
          <FrameDefaults>
            <DefaultCurrency>EUR</DefaultCurrency>
          </FrameDefaults>
          <fareStructureElements>
            <FareStructureElement id="VTR:FareStructureElement:pricematrix" version="1">
              <distanceMatrixElements>
                <DistanceMatrixElementRef ref="VTR:DistanceMatrixElement:1154633to1154638" version="1"/>
                <DistanceMatrixElementRef ref="VTR:DistanceMatrixElement:1154633to1154651" version="1"/>
                <DistanceMatrixElementRef ref="VTR:DistanceMatrixElement:1154587to1154592" version="1"/>
                <DistanceMatrixElementRef ref="VTR:DistanceMatrixElement:1154587to1154590" version="1"/>
                <DistanceMatrixElementRef ref="VTR:DistanceMatrixElement:1154633to1154636" version="1"/>
                <DistanceMatrixElementRef ref="VTR:DistanceMatrixElement:1154587to1154591" version="1"/>
                <DistanceMatrixElementRef ref="VTR:DistanceMatrixElement:1154633to1154634" version="1"/>
                <DistanceMatrixElementRef ref="VTR:DistanceMatrixElement:1154587to1154588" version="1"/>
                <DistanceMatrixElementRef ref="VTR:DistanceMatrixElement:1154587to1154605" version="1"/>
                <DistanceMatrixElementRef ref="VTR:DistanceMatrixElement:1154633to1154637" version="1"/>
              </distanceMatrixElements>
            </FareStructureElement>
          </fareStructureElements>
          <tariffs>
            <Tariff id="VTR:Tariff:pointToPointInSeparateJourney_2164" version="1">
              <Name>Point to point tariff</Name>
              <distanceMatrixElements>
                <DistanceMatrixElement id="VTR:DistanceMatrixElement:1154633to1154638" version="1">
                  <Name>Kaišiadorių Autobusų stotis to Gudiena c.</Name>
                  <StartStopPointRef ref="VTR:ScheduledStopPoint:105750" version="1"/>
                  <EndStopPointRef ref="VTR:ScheduledStopPoint:105755" version="1"/>
                  <prices>
                    <DistanceMatrixElementPrice id="VTR:DistanceMatrixElementPrice:1154633to1154638" version="1">
                      <Amount>0.41</Amount>
                      <DistanceMatrixElementRef ref="VTR:DistanceMatrixElement:1154633to1154638" version="1"/>
                    </DistanceMatrixElementPrice>
                  </prices>
                </DistanceMatrixElement>
                <DistanceMatrixElement id="VTR:DistanceMatrixElement:1154633to1154651" version="1">
                  <Name>Kaišiadorių Autobusų stotis to Dainava</Name>
                  <StartStopPointRef ref="VTR:ScheduledStopPoint:105750" version="1"/>
                  <EndStopPointRef ref="VTR:ScheduledStopPoint:105768" version="1"/>
                  <prices>
                    <DistanceMatrixElementPrice id="VTR:DistanceMatrixElementPrice:1154633to1154651" version="1">
                      <Amount>2.02</Amount>
                      <DistanceMatrixElementRef ref="VTR:DistanceMatrixElement:1154633to1154651" version="1"/>
                    </DistanceMatrixElementPrice>
                  </prices>
                </DistanceMatrixElement>
                <DistanceMatrixElement id="VTR:DistanceMatrixElement:1154587to1154592" version="1">
                  <Name>Kaišiadorių Autobusų stotis to Gudiena c.</Name>
                  <StartStopPointRef ref="VTR:ScheduledStopPoint:105750" version="1"/>
                  <EndStopPointRef ref="VTR:ScheduledStopPoint:105755" version="1"/>
                  <prices>
                    <DistanceMatrixElementPrice id="VTR:DistanceMatrixElementPrice:1154587to1154592" version="1">
                      <Amount>0.41</Amount>
                      <DistanceMatrixElementRef ref="VTR:DistanceMatrixElement:1154587to1154592" version="1"/>
                    </DistanceMatrixElementPrice>
                  </prices>
                </DistanceMatrixElement>
                <DistanceMatrixElement id="VTR:DistanceMatrixElement:1154587to1154590" version="1">
                  <Name>Kaišiadorių Autobusų stotis to Centras</Name>
                  <StartStopPointRef ref="VTR:ScheduledStopPoint:105750" version="1"/>
                  <EndStopPointRef ref="VTR:ScheduledStopPoint:105753" version="1"/>
                  <prices>
                    <DistanceMatrixElementPrice id="VTR:DistanceMatrixElementPrice:1154587to1154590" version="1">
                      <Amount>0.41</Amount>
                      <DistanceMatrixElementRef ref="VTR:DistanceMatrixElement:1154587to1154590" version="1"/>
                    </DistanceMatrixElementPrice>
                  </prices>
                </DistanceMatrixElement>
                <DistanceMatrixElement id="VTR:DistanceMatrixElement:1154633to1154636" version="1">
                  <Name>Kaišiadorių Autobusų stotis to Centras</Name>
                  <StartStopPointRef ref="VTR:ScheduledStopPoint:105750" version="1"/>
                  <EndStopPointRef ref="VTR:ScheduledStopPoint:105753" version="1"/>
                  <prices>
                    <DistanceMatrixElementPrice id="VTR:DistanceMatrixElementPrice:1154633to1154636" version="1">
                      <Amount>0.41</Amount>
                      <DistanceMatrixElementRef ref="VTR:DistanceMatrixElement:1154633to1154636" version="1"/>
                    </DistanceMatrixElementPrice>
                  </prices>
                </DistanceMatrixElement>
                <DistanceMatrixElement id="VTR:DistanceMatrixElement:1154587to1154591" version="1">
                  <Name>Kaišiadorių Autobusų stotis to Pėsčiųjų tiltas</Name>
                  <StartStopPointRef ref="VTR:ScheduledStopPoint:105750" version="1"/>
                  <EndStopPointRef ref="VTR:ScheduledStopPoint:105754" version="1"/>
                  <prices>
                    <DistanceMatrixElementPrice id="VTR:DistanceMatrixElementPrice:1154587to1154591" version="1">
                      <Amount>0.41</Amount>
                      <DistanceMatrixElementRef ref="VTR:DistanceMatrixElement:1154587to1154591" version="1"/>
                    </DistanceMatrixElementPrice>
                  </prices>
                </DistanceMatrixElement>
                <DistanceMatrixElement id="VTR:DistanceMatrixElement:1154633to1154634" version="1">
                  <Name>Kaišiadorių Autobusų stotis to Prekybos centras</Name>
                  <StartStopPointRef ref="VTR:ScheduledStopPoint:105750" version="1"/>
                  <EndStopPointRef ref="VTR:ScheduledStopPoint:105751" version="1"/>
                  <prices>
                    <DistanceMatrixElementPrice id="VTR:DistanceMatrixElementPrice:1154633to1154634" version="1">
                      <Amount>0.41</Amount>
                      <DistanceMatrixElementRef ref="VTR:DistanceMatrixElement:1154633to1154634" version="1"/>
                    </DistanceMatrixElementPrice>
                  </prices>
                </DistanceMatrixElement>
                <DistanceMatrixElement id="VTR:DistanceMatrixElement:1154587to1154588" version="1">
                  <Name>Kaišiadorių Autobusų stotis to Prekybos centras</Name>
                  <StartStopPointRef ref="VTR:ScheduledStopPoint:105750" version="1"/>
                  <EndStopPointRef ref="VTR:ScheduledStopPoint:105751" version="1"/>
                  <prices>
                    <DistanceMatrixElementPrice id="VTR:DistanceMatrixElementPrice:1154587to1154588" version="1">
                      <Amount>0.41</Amount>
                      <DistanceMatrixElementRef ref="VTR:DistanceMatrixElement:1154587to1154588" version="1"/>
                    </DistanceMatrixElementPrice>
                  </prices>
                </DistanceMatrixElement>
                <DistanceMatrixElement id="VTR:DistanceMatrixElement:1154587to1154605" version="1">
                  <Name>Kaišiadorių Autobusų stotis to Dainava</Name>
                  <StartStopPointRef ref="VTR:ScheduledStopPoint:105750" version="1"/>
                  <EndStopPointRef ref="VTR:ScheduledStopPoint:105768" version="1"/>
                  <prices>
                    <DistanceMatrixElementPrice id="VTR:DistanceMatrixElementPrice:1154587to1154605" version="1">
                      <Amount>2.02</Amount>
                      <DistanceMatrixElementRef ref="VTR:DistanceMatrixElement:1154587to1154605" version="1"/>
                    </DistanceMatrixElementPrice>
                  </prices>
                </DistanceMatrixElement>
                <DistanceMatrixElement id="VTR:DistanceMatrixElement:1154633to1154637" version="1">
                  <Name>Kaišiadorių Autobusų stotis to Pėsčiųjų tiltas</Name>
                  <StartStopPointRef ref="VTR:ScheduledStopPoint:105750" version="1"/>
                  <EndStopPointRef ref="VTR:ScheduledStopPoint:105754" version="1"/>
                  <prices>
                    <DistanceMatrixElementPrice id="VTR:DistanceMatrixElementPrice:1154633to1154637" version="1">
                      <Amount>0.41</Amount>
                      <DistanceMatrixElementRef ref="VTR:DistanceMatrixElement:1154633to1154637" version="1"/>
                    </DistanceMatrixElementPrice>
                  </prices>
                </DistanceMatrixElement>
              </distanceMatrixElements>
            </Tariff>
          </tariffs>
          <usageParameters>
            <FrequencyOfUse id="VTR:FrequencyOfUse:oneTrip" version="1">
              <FrequencyOfUseType>unlimited</FrequencyOfUseType>
              <MaximalFrequency>1</MaximalFrequency>
            </FrequencyOfUse>
          </usageParameters>
        </FareFrame>
      </frames>
    </CompositeFrame>
  </dataObjects>
</PublicationDelivery>
