<?xml version="1.0" encoding="UTF-8"?><PublicationDelivery xmlns="http://www.netex.org.uk/netex" xmlns:gis="http://www.opengis.net/gml/3.2" xmlns:ns2="http://www.opengis.net/gml/3.2" xmlns:ns3="http://www.siri.org.uk/siri" xmlns:xsi="http://www.w3.org/2001/XMLSchema-instance" version="1" xsi:schemaLocation="">
  <PublicationTimestamp>2022-05-07T03:25:00.575</PublicationTimestamp>
  <ParticipantRef>VTR</ParticipantRef>
  <Description>1</Description>
  <dataObjects>
    <CompositeFrame created="2022-05-07T03:25:00.575" version="1" id="VTR:CompositeFrame:1381">
      <validityConditions>
        <AvailabilityCondition version="1" id="VTR:AvailabilityCondition:1381">
          <FromDate>2015-11-18T08:47:21</FromDate>
          <ToDate>2027-12-30T00:00:00</ToDate>
        </AvailabilityCondition>
      </validityConditions>
      <codespaces>
        <Codespace id="vtr">
          <Xmlns>VTR</Xmlns>
          <XmlnsUrl>http://www.visimarsrutai.lt/</XmlnsUrl>
        </Codespace>
      </codespaces>
      <FrameDefaults>
        <DefaultLocale>
          <TimeZone>Europe/Vilnius</TimeZone>
        </DefaultLocale>
        <DefaultLocationSystem>WGS84</DefaultLocationSystem>
      </FrameDefaults>
      <frames>
        <ServiceCalendarFrame version="1" id="VTR:ServiceCalendarFrame:1381">
          <dayTypes>
            <DayType id="VTR:DayType:2984" version="1">
              <properties>
                <PropertyOfDay>
                  <DaysOfWeek>Sunday</DaysOfWeek>
                </PropertyOfDay>
              </properties>
            </DayType>
            <DayType id="VTR:DayType:2985" version="1">
              <properties>
                <PropertyOfDay>
                  <DaysOfWeek>Monday Tuesday Wednesday Thursday Friday</DaysOfWeek>
                </PropertyOfDay>
              </properties>
            </DayType>
          </dayTypes>
          <operatingPeriods>
            <OperatingPeriod version="1" id="VTR:OperatingPeriod:2984">
              <FromDate>2015-09-01T00:00:00</FromDate>
              <ToDate>2016-06-03T00:00:00</ToDate>
            </OperatingPeriod>
            <OperatingPeriod version="1" id="VTR:OperatingPeriod:2985">
              <FromDate>2015-09-01T00:00:00</FromDate>
              <ToDate>2016-06-03T00:00:00</ToDate>
            </OperatingPeriod>
          </operatingPeriods>
          <dayTypeAssignments>
            <DayTypeAssignment id="VTR:DayTypeAssignment:2984_0" version="1" order="2334">
              <OperatingPeriodRef ref="VTR:OperatingPeriod:2984" version="1"/>
              <DayTypeRef ref="VTR:DayType:2984" version="1"/>
            </DayTypeAssignment>
            <DayTypeAssignment id="VTR:DayTypeAssignment:2985_0" version="1" order="2335">
              <OperatingPeriodRef ref="VTR:OperatingPeriod:2985" version="1"/>
              <DayTypeRef ref="VTR:DayType:2985" version="1"/>
            </DayTypeAssignment>
          </dayTypeAssignments>
        </ServiceCalendarFrame>
        <ServiceFrame id="VTR:ServiceFrame:1381" version="1">
          <Network version="0" id="VTR:Network:13"/>
          <routePoints>
            <RoutePoint version="1" id="VTR:RoutePoint:124085">
              <projections>
                <PointProjection version="1" id="VTR:PointProjection:37412">
                  <ProjectedPointRef ref="VTR:ScheduledStopPoint:124085" version="1"/>
                </PointProjection>
              </projections>
            </RoutePoint>
            <RoutePoint version="1" id="VTR:RoutePoint:124086">
              <projections>
                <PointProjection version="1" id="VTR:PointProjection:37413">
                  <ProjectedPointRef ref="VTR:ScheduledStopPoint:124086" version="1"/>
                </PointProjection>
              </projections>
            </RoutePoint>
            <RoutePoint version="1" id="VTR:RoutePoint:124090">
              <projections>
                <PointProjection version="1" id="VTR:PointProjection:37415">
                  <ProjectedPointRef ref="VTR:ScheduledStopPoint:124090" version="1"/>
                </PointProjection>
              </projections>
            </RoutePoint>
            <RoutePoint version="1" id="VTR:RoutePoint:124094">
              <projections>
                <PointProjection version="1" id="VTR:PointProjection:37491">
                  <ProjectedPointRef ref="VTR:ScheduledStopPoint:124094" version="1"/>
                </PointProjection>
              </projections>
            </RoutePoint>
            <RoutePoint version="1" id="VTR:RoutePoint:124095">
              <projections>
                <PointProjection version="1" id="VTR:PointProjection:37492">
                  <ProjectedPointRef ref="VTR:ScheduledStopPoint:124095" version="1"/>
                </PointProjection>
              </projections>
            </RoutePoint>
            <RoutePoint version="1" id="VTR:RoutePoint:124096">
              <projections>
                <PointProjection version="1" id="VTR:PointProjection:37493">
                  <ProjectedPointRef ref="VTR:ScheduledStopPoint:124096" version="1"/>
                </PointProjection>
              </projections>
            </RoutePoint>
            <RoutePoint version="1" id="VTR:RoutePoint:124097">
              <projections>
                <PointProjection version="1" id="VTR:PointProjection:37494">
                  <ProjectedPointRef ref="VTR:ScheduledStopPoint:124097" version="1"/>
                </PointProjection>
              </projections>
            </RoutePoint>
            <RoutePoint version="1" id="VTR:RoutePoint:124098">
              <projections>
                <PointProjection version="1" id="VTR:PointProjection:37495">
                  <ProjectedPointRef ref="VTR:ScheduledStopPoint:124098" version="1"/>
                </PointProjection>
              </projections>
            </RoutePoint>
            <RoutePoint version="1" id="VTR:RoutePoint:124099">
              <projections>
                <PointProjection version="1" id="VTR:PointProjection:37496">
                  <ProjectedPointRef ref="VTR:ScheduledStopPoint:124099" version="1"/>
                </PointProjection>
              </projections>
            </RoutePoint>
            <RoutePoint version="1" id="VTR:RoutePoint:124100">
              <projections>
                <PointProjection version="1" id="VTR:PointProjection:37497">
                  <ProjectedPointRef ref="VTR:ScheduledStopPoint:124100" version="1"/>
                </PointProjection>
              </projections>
            </RoutePoint>
            <RoutePoint version="1" id="VTR:RoutePoint:124101">
              <projections>
                <PointProjection version="1" id="VTR:PointProjection:37498">
                  <ProjectedPointRef ref="VTR:ScheduledStopPoint:124101" version="1"/>
                </PointProjection>
              </projections>
            </RoutePoint>
            <RoutePoint version="1" id="VTR:RoutePoint:124102">
              <projections>
                <PointProjection version="1" id="VTR:PointProjection:37499">
                  <ProjectedPointRef ref="VTR:ScheduledStopPoint:124102" version="1"/>
                </PointProjection>
              </projections>
            </RoutePoint>
            <RoutePoint version="1" id="VTR:RoutePoint:124103">
              <projections>
                <PointProjection version="1" id="VTR:PointProjection:37500">
                  <ProjectedPointRef ref="VTR:ScheduledStopPoint:124103" version="1"/>
                </PointProjection>
              </projections>
            </RoutePoint>
            <RoutePoint version="1" id="VTR:RoutePoint:124104">
              <projections>
                <PointProjection version="1" id="VTR:PointProjection:37501">
                  <ProjectedPointRef ref="VTR:ScheduledStopPoint:124104" version="1"/>
                </PointProjection>
              </projections>
            </RoutePoint>
            <RoutePoint version="1" id="VTR:RoutePoint:124105">
              <projections>
                <PointProjection version="1" id="VTR:PointProjection:37502">
                  <ProjectedPointRef ref="VTR:ScheduledStopPoint:124105" version="1"/>
                </PointProjection>
              </projections>
            </RoutePoint>
            <RoutePoint version="1" id="VTR:RoutePoint:124106">
              <projections>
                <PointProjection version="1" id="VTR:PointProjection:37503">
                  <ProjectedPointRef ref="VTR:ScheduledStopPoint:124106" version="1"/>
                </PointProjection>
              </projections>
            </RoutePoint>
            <RoutePoint version="1" id="VTR:RoutePoint:124107">
              <projections>
                <PointProjection version="1" id="VTR:PointProjection:37504">
                  <ProjectedPointRef ref="VTR:ScheduledStopPoint:124107" version="1"/>
                </PointProjection>
              </projections>
            </RoutePoint>
            <RoutePoint version="1" id="VTR:RoutePoint:124247">
              <projections>
                <PointProjection version="1" id="VTR:PointProjection:36912">
                  <ProjectedPointRef ref="VTR:ScheduledStopPoint:124247" version="1"/>
                </PointProjection>
              </projections>
            </RoutePoint>
            <RoutePoint version="1" id="VTR:RoutePoint:124248">
              <projections>
                <PointProjection version="1" id="VTR:PointProjection:36913">
                  <ProjectedPointRef ref="VTR:ScheduledStopPoint:124248" version="1"/>
                </PointProjection>
              </projections>
            </RoutePoint>
            <RoutePoint version="1" id="VTR:RoutePoint:124249">
              <projections>
                <PointProjection version="1" id="VTR:PointProjection:36914">
                  <ProjectedPointRef ref="VTR:ScheduledStopPoint:124249" version="1"/>
                </PointProjection>
              </projections>
            </RoutePoint>
            <RoutePoint version="1" id="VTR:RoutePoint:124250">
              <projections>
                <PointProjection version="1" id="VTR:PointProjection:36915">
                  <ProjectedPointRef ref="VTR:ScheduledStopPoint:124250" version="1"/>
                </PointProjection>
              </projections>
            </RoutePoint>
          </routePoints>
          <routes>
            <Route version="1" id="VTR:Route:7381">
              <Name>Užgirėlis-Kaišiadorys</Name>
              <ShortName>Užgirėlis-Kaišiadorys</ShortName>
              <LineRef ref="VTR:Line:2850" version="2912"/>
              <DirectionType>inbound</DirectionType>
              <pointsInSequence>
                <PointOnRoute version="1" id="VTR:PointOnRoute:124085" order="1">
                  <RoutePointRef ref="VTR:RoutePoint:124085"/>
                </PointOnRoute>
                <PointOnRoute version="1" id="VTR:PointOnRoute:124107" order="2">
                  <RoutePointRef ref="VTR:RoutePoint:124107"/>
                </PointOnRoute>
                <PointOnRoute version="1" id="VTR:PointOnRoute:124106" order="3">
                  <RoutePointRef ref="VTR:RoutePoint:124106"/>
                </PointOnRoute>
                <PointOnRoute version="1" id="VTR:PointOnRoute:124105" order="4">
                  <RoutePointRef ref="VTR:RoutePoint:124105"/>
                </PointOnRoute>
                <PointOnRoute version="1" id="VTR:PointOnRoute:124104" order="5">
                  <RoutePointRef ref="VTR:RoutePoint:124104"/>
                </PointOnRoute>
                <PointOnRoute version="1" id="VTR:PointOnRoute:124103" order="6">
                  <RoutePointRef ref="VTR:RoutePoint:124103"/>
                </PointOnRoute>
                <PointOnRoute version="1" id="VTR:PointOnRoute:124102" order="7">
                  <RoutePointRef ref="VTR:RoutePoint:124102"/>
                </PointOnRoute>
                <PointOnRoute version="1" id="VTR:PointOnRoute:124101" order="8">
                  <RoutePointRef ref="VTR:RoutePoint:124101"/>
                </PointOnRoute>
                <PointOnRoute version="1" id="VTR:PointOnRoute:124100" order="9">
                  <RoutePointRef ref="VTR:RoutePoint:124100"/>
                </PointOnRoute>
                <PointOnRoute version="1" id="VTR:PointOnRoute:124099" order="10">
                  <RoutePointRef ref="VTR:RoutePoint:124099"/>
                </PointOnRoute>
                <PointOnRoute version="1" id="VTR:PointOnRoute:124098" order="11">
                  <RoutePointRef ref="VTR:RoutePoint:124098"/>
                </PointOnRoute>
                <PointOnRoute version="1" id="VTR:PointOnRoute:124097" order="12">
                  <RoutePointRef ref="VTR:RoutePoint:124097"/>
                </PointOnRoute>
                <PointOnRoute version="1" id="VTR:PointOnRoute:124096" order="13">
                  <RoutePointRef ref="VTR:RoutePoint:124096"/>
                </PointOnRoute>
                <PointOnRoute version="1" id="VTR:PointOnRoute:124095" order="14">
                  <RoutePointRef ref="VTR:RoutePoint:124095"/>
                </PointOnRoute>
                <PointOnRoute version="1" id="VTR:PointOnRoute:124094" order="15">
                  <RoutePointRef ref="VTR:RoutePoint:124094"/>
                </PointOnRoute>
                <PointOnRoute version="1" id="VTR:PointOnRoute:124086" order="16">
                  <RoutePointRef ref="VTR:RoutePoint:124086"/>
                </PointOnRoute>
                <PointOnRoute version="1" id="VTR:PointOnRoute:124090" order="17">
                  <RoutePointRef ref="VTR:RoutePoint:124090"/>
                </PointOnRoute>
                <PointOnRoute version="1" id="VTR:PointOnRoute:124247" order="18">
                  <RoutePointRef ref="VTR:RoutePoint:124247"/>
                </PointOnRoute>
                <PointOnRoute version="1" id="VTR:PointOnRoute:124248" order="19">
                  <RoutePointRef ref="VTR:RoutePoint:124248"/>
                </PointOnRoute>
                <PointOnRoute version="1" id="VTR:PointOnRoute:124249" order="20">
                  <RoutePointRef ref="VTR:RoutePoint:124249"/>
                </PointOnRoute>
                <PointOnRoute version="1" id="VTR:PointOnRoute:124250" order="21">
                  <RoutePointRef ref="VTR:RoutePoint:124250"/>
                </PointOnRoute>
              </pointsInSequence>
            </Route>
          </routes>
          <lines>
            <Line version="2912" id="VTR:Line:2850">
              <Name>Užgirėlis-Kaišiadorys</Name>
              <TransportMode>bus</TransportMode>
              <TransportSubmode>
                <BusSubmode>regionalBus</BusSubmode>
              </TransportSubmode>
              <PublicCode>65-6</PublicCode>
              <OperatorRef ref="VTR:Operator:13"/>
            </Line>
          </lines>
          <scheduledStopPoints>
            <ScheduledStopPoint version="1" id="VTR:ScheduledStopPoint:124085">
              <Name>Užgirėlis</Name>
            </ScheduledStopPoint>
            <ScheduledStopPoint version="1" id="VTR:ScheduledStopPoint:124086">
              <Name>Žiežmariai</Name>
            </ScheduledStopPoint>
            <ScheduledStopPoint version="1" id="VTR:ScheduledStopPoint:124090">
              <Name>Žiežmarių Kr.</Name>
            </ScheduledStopPoint>
            <ScheduledStopPoint version="1" id="VTR:ScheduledStopPoint:124094">
              <Name>Žiežmariai</Name>
            </ScheduledStopPoint>
            <ScheduledStopPoint version="1" id="VTR:ScheduledStopPoint:124095">
              <Name>Med.Strėvininkai</Name>
            </ScheduledStopPoint>
            <ScheduledStopPoint version="1" id="VTR:ScheduledStopPoint:124096">
              <Name>Kairiškės</Name>
            </ScheduledStopPoint>
            <ScheduledStopPoint version="1" id="VTR:ScheduledStopPoint:124097">
              <Name>Pridotkai</Name>
            </ScheduledStopPoint>
            <ScheduledStopPoint version="1" id="VTR:ScheduledStopPoint:124098">
              <Name>Ginteikiškės</Name>
            </ScheduledStopPoint>
            <ScheduledStopPoint version="1" id="VTR:ScheduledStopPoint:124099">
              <Name>Burčiagai</Name>
            </ScheduledStopPoint>
            <ScheduledStopPoint version="1" id="VTR:ScheduledStopPoint:124100">
              <Name>Kruonis</Name>
            </ScheduledStopPoint>
            <ScheduledStopPoint version="1" id="VTR:ScheduledStopPoint:124101">
              <Name>Paukštynas</Name>
            </ScheduledStopPoint>
            <ScheduledStopPoint version="1" id="VTR:ScheduledStopPoint:124102">
              <Name>Dijokiškės</Name>
            </ScheduledStopPoint>
            <ScheduledStopPoint version="1" id="VTR:ScheduledStopPoint:124103">
              <Name>Lapainia</Name>
            </ScheduledStopPoint>
            <ScheduledStopPoint version="1" id="VTR:ScheduledStopPoint:124104">
              <Name>Darsūniškio mokykla</Name>
            </ScheduledStopPoint>
            <ScheduledStopPoint version="1" id="VTR:ScheduledStopPoint:124105">
              <Name>Darsūniškio centras</Name>
            </ScheduledStopPoint>
            <ScheduledStopPoint version="1" id="VTR:ScheduledStopPoint:124106">
              <Name>Girininkija</Name>
            </ScheduledStopPoint>
            <ScheduledStopPoint version="1" id="VTR:ScheduledStopPoint:124107">
              <Name>Astrogai</Name>
            </ScheduledStopPoint>
            <ScheduledStopPoint version="1" id="VTR:ScheduledStopPoint:124247">
              <Name>Karantinis m</Name>
            </ScheduledStopPoint>
            <ScheduledStopPoint version="1" id="VTR:ScheduledStopPoint:124248">
              <Name>Šebnica</Name>
            </ScheduledStopPoint>
            <ScheduledStopPoint version="1" id="VTR:ScheduledStopPoint:124249">
              <Name>Autoservisas</Name>
            </ScheduledStopPoint>
            <ScheduledStopPoint version="1" id="VTR:ScheduledStopPoint:124250">
              <Name>Kaišiadorių Autobusų stotis</Name>
            </ScheduledStopPoint>
          </scheduledStopPoints>
          <serviceLinks>
            <ServiceLink id="VTR:ServiceLink:124103_1_124102_1" version="1">
              <Distance>1</Distance>
              <FromPointRef ref="VTR:ScheduledStopPoint:124103" version="1"/>
              <ToPointRef ref="VTR:ScheduledStopPoint:124102" version="1"/>
            </ServiceLink>
            <ServiceLink id="VTR:ServiceLink:124099_1_124098_1" version="1">
              <Distance>1</Distance>
              <FromPointRef ref="VTR:ScheduledStopPoint:124099" version="1"/>
              <ToPointRef ref="VTR:ScheduledStopPoint:124098" version="1"/>
            </ServiceLink>
            <ServiceLink id="VTR:ServiceLink:124101_1_124100_1" version="1">
              <Distance>2</Distance>
              <FromPointRef ref="VTR:ScheduledStopPoint:124101" version="1"/>
              <ToPointRef ref="VTR:ScheduledStopPoint:124100" version="1"/>
            </ServiceLink>
            <ServiceLink id="VTR:ServiceLink:124249_1_124250_1" version="1">
              <Distance>0</Distance>
              <FromPointRef ref="VTR:ScheduledStopPoint:124249" version="1"/>
              <ToPointRef ref="VTR:ScheduledStopPoint:124250" version="1"/>
            </ServiceLink>
            <ServiceLink id="VTR:ServiceLink:124095_1_124094_1" version="1">
              <Distance>2</Distance>
              <FromPointRef ref="VTR:ScheduledStopPoint:124095" version="1"/>
              <ToPointRef ref="VTR:ScheduledStopPoint:124094" version="1"/>
            </ServiceLink>
            <ServiceLink id="VTR:ServiceLink:124104_1_124103_1" version="1">
              <Distance>2</Distance>
              <FromPointRef ref="VTR:ScheduledStopPoint:124104" version="1"/>
              <ToPointRef ref="VTR:ScheduledStopPoint:124103" version="1"/>
            </ServiceLink>
            <ServiceLink id="VTR:ServiceLink:124100_1_124099_1" version="1">
              <Distance>1</Distance>
              <FromPointRef ref="VTR:ScheduledStopPoint:124100" version="1"/>
              <ToPointRef ref="VTR:ScheduledStopPoint:124099" version="1"/>
            </ServiceLink>
            <ServiceLink id="VTR:ServiceLink:124094_1_124086_1" version="1">
              <Distance>1</Distance>
              <FromPointRef ref="VTR:ScheduledStopPoint:124094" version="1"/>
              <ToPointRef ref="VTR:ScheduledStopPoint:124086" version="1"/>
            </ServiceLink>
            <ServiceLink id="VTR:ServiceLink:124098_1_124097_1" version="1">
              <Distance>2</Distance>
              <FromPointRef ref="VTR:ScheduledStopPoint:124098" version="1"/>
              <ToPointRef ref="VTR:ScheduledStopPoint:124097" version="1"/>
            </ServiceLink>
            <ServiceLink id="VTR:ServiceLink:124096_1_124095_1" version="1">
              <Distance>2</Distance>
              <FromPointRef ref="VTR:ScheduledStopPoint:124096" version="1"/>
              <ToPointRef ref="VTR:ScheduledStopPoint:124095" version="1"/>
            </ServiceLink>
            <ServiceLink id="VTR:ServiceLink:124097_1_124096_1" version="1">
              <Distance>2</Distance>
              <FromPointRef ref="VTR:ScheduledStopPoint:124097" version="1"/>
              <ToPointRef ref="VTR:ScheduledStopPoint:124096" version="1"/>
            </ServiceLink>
            <ServiceLink id="VTR:ServiceLink:124107_1_124106_1" version="1">
              <Distance>1</Distance>
              <FromPointRef ref="VTR:ScheduledStopPoint:124107" version="1"/>
              <ToPointRef ref="VTR:ScheduledStopPoint:124106" version="1"/>
            </ServiceLink>
            <ServiceLink id="VTR:ServiceLink:124085_1_124107_1" version="1">
              <Distance>2</Distance>
              <FromPointRef ref="VTR:ScheduledStopPoint:124085" version="1"/>
              <ToPointRef ref="VTR:ScheduledStopPoint:124107" version="1"/>
            </ServiceLink>
            <ServiceLink id="VTR:ServiceLink:124247_1_124248_1" version="1">
              <Distance>1</Distance>
              <FromPointRef ref="VTR:ScheduledStopPoint:124247" version="1"/>
              <ToPointRef ref="VTR:ScheduledStopPoint:124248" version="1"/>
            </ServiceLink>
            <ServiceLink id="VTR:ServiceLink:124105_1_124104_1" version="1">
              <Distance>0</Distance>
              <FromPointRef ref="VTR:ScheduledStopPoint:124105" version="1"/>
              <ToPointRef ref="VTR:ScheduledStopPoint:124104" version="1"/>
            </ServiceLink>
            <ServiceLink id="VTR:ServiceLink:124248_1_124249_1" version="1">
              <Distance>1</Distance>
              <FromPointRef ref="VTR:ScheduledStopPoint:124248" version="1"/>
              <ToPointRef ref="VTR:ScheduledStopPoint:124249" version="1"/>
            </ServiceLink>
            <ServiceLink id="VTR:ServiceLink:124106_1_124105_1" version="1">
              <Distance>1</Distance>
              <FromPointRef ref="VTR:ScheduledStopPoint:124106" version="1"/>
              <ToPointRef ref="VTR:ScheduledStopPoint:124105" version="1"/>
            </ServiceLink>
            <ServiceLink id="VTR:ServiceLink:124102_1_124101_1" version="1">
              <Distance>2</Distance>
              <FromPointRef ref="VTR:ScheduledStopPoint:124102" version="1"/>
              <ToPointRef ref="VTR:ScheduledStopPoint:124101" version="1"/>
            </ServiceLink>
          </serviceLinks>
          <stopAssignments>
            <PassengerStopAssignment order="738100000" id="VTR:PassengerStopAssignment:124085" version="1">
              <ScheduledStopPointRef ref="VTR:ScheduledStopPoint:124085" version="1"/>
              <QuayRef ref="VTR:Quay:13700"/>
            </PassengerStopAssignment>
            <PassengerStopAssignment order="738100001" id="VTR:PassengerStopAssignment:124107" version="1">
              <ScheduledStopPointRef ref="VTR:ScheduledStopPoint:124107" version="1"/>
              <QuayRef ref="VTR:Quay:6472"/>
            </PassengerStopAssignment>
            <PassengerStopAssignment order="738100002" id="VTR:PassengerStopAssignment:124106" version="1">
              <ScheduledStopPointRef ref="VTR:ScheduledStopPoint:124106" version="1"/>
              <QuayRef ref="VTR:Quay:16417"/>
            </PassengerStopAssignment>
            <PassengerStopAssignment order="738100003" id="VTR:PassengerStopAssignment:124105" version="1">
              <ScheduledStopPointRef ref="VTR:ScheduledStopPoint:124105" version="1"/>
              <QuayRef ref="VTR:Quay:6019"/>
            </PassengerStopAssignment>
            <PassengerStopAssignment order="738100004" id="VTR:PassengerStopAssignment:124104" version="1">
              <ScheduledStopPointRef ref="VTR:ScheduledStopPoint:124104" version="1"/>
              <QuayRef ref="VTR:Quay:6750"/>
            </PassengerStopAssignment>
            <PassengerStopAssignment order="738100005" id="VTR:PassengerStopAssignment:124103" version="1">
              <ScheduledStopPointRef ref="VTR:ScheduledStopPoint:124103" version="1"/>
              <QuayRef ref="VTR:Quay:9116"/>
            </PassengerStopAssignment>
            <PassengerStopAssignment order="738100006" id="VTR:PassengerStopAssignment:124102" version="1">
              <ScheduledStopPointRef ref="VTR:ScheduledStopPoint:124102" version="1"/>
              <QuayRef ref="VTR:Quay:7121"/>
            </PassengerStopAssignment>
            <PassengerStopAssignment order="738100007" id="VTR:PassengerStopAssignment:124101" version="1">
              <ScheduledStopPointRef ref="VTR:ScheduledStopPoint:124101" version="1"/>
              <QuayRef ref="VTR:Quay:8118"/>
            </PassengerStopAssignment>
            <PassengerStopAssignment order="738100008" id="VTR:PassengerStopAssignment:124100" version="1">
              <ScheduledStopPointRef ref="VTR:ScheduledStopPoint:124100" version="1"/>
              <QuayRef ref="VTR:Quay:5238"/>
            </PassengerStopAssignment>
            <PassengerStopAssignment order="738100009" id="VTR:PassengerStopAssignment:124099" version="1">
              <ScheduledStopPointRef ref="VTR:ScheduledStopPoint:124099" version="1"/>
              <QuayRef ref="VTR:Quay:15822"/>
            </PassengerStopAssignment>
            <PassengerStopAssignment order="738100010" id="VTR:PassengerStopAssignment:124098" version="1">
              <ScheduledStopPointRef ref="VTR:ScheduledStopPoint:124098" version="1"/>
              <QuayRef ref="VTR:Quay:7133"/>
            </PassengerStopAssignment>
            <PassengerStopAssignment order="738100011" id="VTR:PassengerStopAssignment:124097" version="1">
              <ScheduledStopPointRef ref="VTR:ScheduledStopPoint:124097" version="1"/>
              <QuayRef ref="VTR:Quay:15170"/>
            </PassengerStopAssignment>
            <PassengerStopAssignment order="738100012" id="VTR:PassengerStopAssignment:124096" version="1">
              <ScheduledStopPointRef ref="VTR:ScheduledStopPoint:124096" version="1"/>
              <QuayRef ref="VTR:Quay:12109"/>
            </PassengerStopAssignment>
            <PassengerStopAssignment order="738100013" id="VTR:PassengerStopAssignment:124095" version="1">
              <ScheduledStopPointRef ref="VTR:ScheduledStopPoint:124095" version="1"/>
              <QuayRef ref="VTR:Quay:9134"/>
            </PassengerStopAssignment>
            <PassengerStopAssignment order="738100014" id="VTR:PassengerStopAssignment:124094" version="1">
              <ScheduledStopPointRef ref="VTR:ScheduledStopPoint:124094" version="1"/>
              <QuayRef ref="VTR:Quay:5231"/>
            </PassengerStopAssignment>
            <PassengerStopAssignment order="738100015" id="VTR:PassengerStopAssignment:124086" version="1">
              <ScheduledStopPointRef ref="VTR:ScheduledStopPoint:124086" version="1"/>
              <QuayRef ref="VTR:Quay:13918"/>
            </PassengerStopAssignment>
            <PassengerStopAssignment order="738100019" id="VTR:PassengerStopAssignment:124090" version="1">
              <ScheduledStopPointRef ref="VTR:ScheduledStopPoint:124090" version="1"/>
              <QuayRef ref="VTR:Quay:23770"/>
            </PassengerStopAssignment>
            <PassengerStopAssignment order="738100026" id="VTR:PassengerStopAssignment:124247" version="1">
              <ScheduledStopPointRef ref="VTR:ScheduledStopPoint:124247" version="1"/>
              <QuayRef ref="VTR:Quay:15758"/>
            </PassengerStopAssignment>
            <PassengerStopAssignment order="738100027" id="VTR:PassengerStopAssignment:124248" version="1">
              <ScheduledStopPointRef ref="VTR:ScheduledStopPoint:124248" version="1"/>
              <QuayRef ref="VTR:Quay:10755"/>
            </PassengerStopAssignment>
            <PassengerStopAssignment order="738100028" id="VTR:PassengerStopAssignment:124249" version="1">
              <ScheduledStopPointRef ref="VTR:ScheduledStopPoint:124249" version="1"/>
              <QuayRef ref="VTR:Quay:5003"/>
            </PassengerStopAssignment>
            <PassengerStopAssignment order="738100029" id="VTR:PassengerStopAssignment:124250" version="1">
              <ScheduledStopPointRef ref="VTR:ScheduledStopPoint:124250" version="1"/>
              <QuayRef ref="VTR:Quay:23769"/>
            </PassengerStopAssignment>
          </stopAssignments>
          <journeyPatterns>
            <JourneyPattern id="VTR:JourneyPattern:57799" version="57857">
              <Name>10</Name>
              <RouteRef ref="VTR:Route:7381" version="1"/>
              <pointsInSequence>
                <StopPointInJourneyPattern id="VTR:StopPointInJourneyPattern:1164190" version="57857" order="1">
                  <ScheduledStopPointRef ref="VTR:ScheduledStopPoint:124085"/>
                  <DestinationDisplayRef ref="VTR:DestinationDisplay:1"/>
                </StopPointInJourneyPattern>
                <StopPointInJourneyPattern id="VTR:StopPointInJourneyPattern:1164191" version="57857" order="2">
                  <ScheduledStopPointRef ref="VTR:ScheduledStopPoint:124107"/>
                  <DestinationDisplayRef ref="VTR:DestinationDisplay:1"/>
                </StopPointInJourneyPattern>
                <StopPointInJourneyPattern id="VTR:StopPointInJourneyPattern:1164192" version="57857" order="3">
                  <ScheduledStopPointRef ref="VTR:ScheduledStopPoint:124106"/>
                  <DestinationDisplayRef ref="VTR:DestinationDisplay:1"/>
                </StopPointInJourneyPattern>
                <StopPointInJourneyPattern id="VTR:StopPointInJourneyPattern:1164193" version="57857" order="4">
                  <ScheduledStopPointRef ref="VTR:ScheduledStopPoint:124105"/>
                  <DestinationDisplayRef ref="VTR:DestinationDisplay:1"/>
                </StopPointInJourneyPattern>
                <StopPointInJourneyPattern id="VTR:StopPointInJourneyPattern:1164194" version="57857" order="5">
                  <ScheduledStopPointRef ref="VTR:ScheduledStopPoint:124104"/>
                  <DestinationDisplayRef ref="VTR:DestinationDisplay:1"/>
                </StopPointInJourneyPattern>
                <StopPointInJourneyPattern id="VTR:StopPointInJourneyPattern:1164195" version="57857" order="6">
                  <ScheduledStopPointRef ref="VTR:ScheduledStopPoint:124103"/>
                  <DestinationDisplayRef ref="VTR:DestinationDisplay:1"/>
                </StopPointInJourneyPattern>
                <StopPointInJourneyPattern id="VTR:StopPointInJourneyPattern:1164196" version="57857" order="7">
                  <ScheduledStopPointRef ref="VTR:ScheduledStopPoint:124102"/>
                  <DestinationDisplayRef ref="VTR:DestinationDisplay:1"/>
                </StopPointInJourneyPattern>
                <StopPointInJourneyPattern id="VTR:StopPointInJourneyPattern:1164197" version="57857" order="8">
                  <ScheduledStopPointRef ref="VTR:ScheduledStopPoint:124101"/>
                  <DestinationDisplayRef ref="VTR:DestinationDisplay:1"/>
                </StopPointInJourneyPattern>
                <StopPointInJourneyPattern id="VTR:StopPointInJourneyPattern:1164198" version="57857" order="9">
                  <ScheduledStopPointRef ref="VTR:ScheduledStopPoint:124100"/>
                  <DestinationDisplayRef ref="VTR:DestinationDisplay:1"/>
                </StopPointInJourneyPattern>
                <StopPointInJourneyPattern id="VTR:StopPointInJourneyPattern:1164199" version="57857" order="10">
                  <ScheduledStopPointRef ref="VTR:ScheduledStopPoint:124099"/>
                  <DestinationDisplayRef ref="VTR:DestinationDisplay:1"/>
                </StopPointInJourneyPattern>
                <StopPointInJourneyPattern id="VTR:StopPointInJourneyPattern:1164200" version="57857" order="11">
                  <ScheduledStopPointRef ref="VTR:ScheduledStopPoint:124098"/>
                  <DestinationDisplayRef ref="VTR:DestinationDisplay:1"/>
                </StopPointInJourneyPattern>
                <StopPointInJourneyPattern id="VTR:StopPointInJourneyPattern:1164201" version="57857" order="12">
                  <ScheduledStopPointRef ref="VTR:ScheduledStopPoint:124097"/>
                  <DestinationDisplayRef ref="VTR:DestinationDisplay:1"/>
                </StopPointInJourneyPattern>
                <StopPointInJourneyPattern id="VTR:StopPointInJourneyPattern:1164202" version="57857" order="13">
                  <ScheduledStopPointRef ref="VTR:ScheduledStopPoint:124096"/>
                  <DestinationDisplayRef ref="VTR:DestinationDisplay:1"/>
                </StopPointInJourneyPattern>
                <StopPointInJourneyPattern id="VTR:StopPointInJourneyPattern:1164203" version="57857" order="14">
                  <ScheduledStopPointRef ref="VTR:ScheduledStopPoint:124095"/>
                  <DestinationDisplayRef ref="VTR:DestinationDisplay:1"/>
                </StopPointInJourneyPattern>
                <StopPointInJourneyPattern id="VTR:StopPointInJourneyPattern:1164204" version="57857" order="15">
                  <ScheduledStopPointRef ref="VTR:ScheduledStopPoint:124094"/>
                  <DestinationDisplayRef ref="VTR:DestinationDisplay:1"/>
                </StopPointInJourneyPattern>
                <StopPointInJourneyPattern id="VTR:StopPointInJourneyPattern:1164205" version="57857" order="16">
                  <ScheduledStopPointRef ref="VTR:ScheduledStopPoint:124086"/>
                  <DestinationDisplayRef ref="VTR:DestinationDisplay:1"/>
                </StopPointInJourneyPattern>
                <StopPointInJourneyPattern id="VTR:StopPointInJourneyPattern:1164206" version="57857" order="17">
                  <ScheduledStopPointRef ref="VTR:ScheduledStopPoint:124090"/>
                  <DestinationDisplayRef ref="VTR:DestinationDisplay:1"/>
                </StopPointInJourneyPattern>
                <StopPointInJourneyPattern id="VTR:StopPointInJourneyPattern:1164207" version="57857" order="18">
                  <ScheduledStopPointRef ref="VTR:ScheduledStopPoint:124247"/>
                  <DestinationDisplayRef ref="VTR:DestinationDisplay:1"/>
                </StopPointInJourneyPattern>
                <StopPointInJourneyPattern id="VTR:StopPointInJourneyPattern:1164208" version="57857" order="19">
                  <ScheduledStopPointRef ref="VTR:ScheduledStopPoint:124248"/>
                  <DestinationDisplayRef ref="VTR:DestinationDisplay:1"/>
                </StopPointInJourneyPattern>
                <StopPointInJourneyPattern id="VTR:StopPointInJourneyPattern:1164209" version="57857" order="20">
                  <ScheduledStopPointRef ref="VTR:ScheduledStopPoint:124249"/>
                  <DestinationDisplayRef ref="VTR:DestinationDisplay:1"/>
                </StopPointInJourneyPattern>
                <StopPointInJourneyPattern id="VTR:StopPointInJourneyPattern:1164210" version="57857" order="21">
                  <ScheduledStopPointRef ref="VTR:ScheduledStopPoint:124250"/>
                  <DestinationDisplayRef ref="VTR:DestinationDisplay:1"/>
                </StopPointInJourneyPattern>
              </pointsInSequence>
            </JourneyPattern>
            <JourneyPattern id="VTR:JourneyPattern:57798" version="57856">
              <Name>8</Name>
              <RouteRef ref="VTR:Route:7381" version="1"/>
              <pointsInSequence>
                <StopPointInJourneyPattern id="VTR:StopPointInJourneyPattern:1164169" version="57856" order="1">
                  <ScheduledStopPointRef ref="VTR:ScheduledStopPoint:124085"/>
                  <DestinationDisplayRef ref="VTR:DestinationDisplay:1"/>
                </StopPointInJourneyPattern>
                <StopPointInJourneyPattern id="VTR:StopPointInJourneyPattern:1164170" version="57856" order="2">
                  <ScheduledStopPointRef ref="VTR:ScheduledStopPoint:124107"/>
                  <DestinationDisplayRef ref="VTR:DestinationDisplay:1"/>
                </StopPointInJourneyPattern>
                <StopPointInJourneyPattern id="VTR:StopPointInJourneyPattern:1164171" version="57856" order="3">
                  <ScheduledStopPointRef ref="VTR:ScheduledStopPoint:124106"/>
                  <DestinationDisplayRef ref="VTR:DestinationDisplay:1"/>
                </StopPointInJourneyPattern>
                <StopPointInJourneyPattern id="VTR:StopPointInJourneyPattern:1164172" version="57856" order="4">
                  <ScheduledStopPointRef ref="VTR:ScheduledStopPoint:124105"/>
                  <DestinationDisplayRef ref="VTR:DestinationDisplay:1"/>
                </StopPointInJourneyPattern>
                <StopPointInJourneyPattern id="VTR:StopPointInJourneyPattern:1164173" version="57856" order="5">
                  <ScheduledStopPointRef ref="VTR:ScheduledStopPoint:124104"/>
                  <DestinationDisplayRef ref="VTR:DestinationDisplay:1"/>
                </StopPointInJourneyPattern>
                <StopPointInJourneyPattern id="VTR:StopPointInJourneyPattern:1164174" version="57856" order="6">
                  <ScheduledStopPointRef ref="VTR:ScheduledStopPoint:124103"/>
                  <DestinationDisplayRef ref="VTR:DestinationDisplay:1"/>
                </StopPointInJourneyPattern>
                <StopPointInJourneyPattern id="VTR:StopPointInJourneyPattern:1164175" version="57856" order="7">
                  <ScheduledStopPointRef ref="VTR:ScheduledStopPoint:124102"/>
                  <DestinationDisplayRef ref="VTR:DestinationDisplay:1"/>
                </StopPointInJourneyPattern>
                <StopPointInJourneyPattern id="VTR:StopPointInJourneyPattern:1164176" version="57856" order="8">
                  <ScheduledStopPointRef ref="VTR:ScheduledStopPoint:124101"/>
                  <DestinationDisplayRef ref="VTR:DestinationDisplay:1"/>
                </StopPointInJourneyPattern>
                <StopPointInJourneyPattern id="VTR:StopPointInJourneyPattern:1164177" version="57856" order="9">
                  <ScheduledStopPointRef ref="VTR:ScheduledStopPoint:124100"/>
                  <DestinationDisplayRef ref="VTR:DestinationDisplay:1"/>
                </StopPointInJourneyPattern>
                <StopPointInJourneyPattern id="VTR:StopPointInJourneyPattern:1164178" version="57856" order="10">
                  <ScheduledStopPointRef ref="VTR:ScheduledStopPoint:124099"/>
                  <DestinationDisplayRef ref="VTR:DestinationDisplay:1"/>
                </StopPointInJourneyPattern>
                <StopPointInJourneyPattern id="VTR:StopPointInJourneyPattern:1164179" version="57856" order="11">
                  <ScheduledStopPointRef ref="VTR:ScheduledStopPoint:124098"/>
                  <DestinationDisplayRef ref="VTR:DestinationDisplay:1"/>
                </StopPointInJourneyPattern>
                <StopPointInJourneyPattern id="VTR:StopPointInJourneyPattern:1164180" version="57856" order="12">
                  <ScheduledStopPointRef ref="VTR:ScheduledStopPoint:124097"/>
                  <DestinationDisplayRef ref="VTR:DestinationDisplay:1"/>
                </StopPointInJourneyPattern>
                <StopPointInJourneyPattern id="VTR:StopPointInJourneyPattern:1164181" version="57856" order="13">
                  <ScheduledStopPointRef ref="VTR:ScheduledStopPoint:124096"/>
                  <DestinationDisplayRef ref="VTR:DestinationDisplay:1"/>
                </StopPointInJourneyPattern>
                <StopPointInJourneyPattern id="VTR:StopPointInJourneyPattern:1164182" version="57856" order="14">
                  <ScheduledStopPointRef ref="VTR:ScheduledStopPoint:124095"/>
                  <DestinationDisplayRef ref="VTR:DestinationDisplay:1"/>
                </StopPointInJourneyPattern>
                <StopPointInJourneyPattern id="VTR:StopPointInJourneyPattern:1164183" version="57856" order="15">
                  <ScheduledStopPointRef ref="VTR:ScheduledStopPoint:124094"/>
                  <DestinationDisplayRef ref="VTR:DestinationDisplay:1"/>
                </StopPointInJourneyPattern>
                <StopPointInJourneyPattern id="VTR:StopPointInJourneyPattern:1164184" version="57856" order="16">
                  <ScheduledStopPointRef ref="VTR:ScheduledStopPoint:124086"/>
                  <DestinationDisplayRef ref="VTR:DestinationDisplay:1"/>
                </StopPointInJourneyPattern>
                <StopPointInJourneyPattern id="VTR:StopPointInJourneyPattern:1164185" version="57856" order="17">
                  <ScheduledStopPointRef ref="VTR:ScheduledStopPoint:124090"/>
                  <DestinationDisplayRef ref="VTR:DestinationDisplay:1"/>
                </StopPointInJourneyPattern>
                <StopPointInJourneyPattern id="VTR:StopPointInJourneyPattern:1164186" version="57856" order="18">
                  <ScheduledStopPointRef ref="VTR:ScheduledStopPoint:124247"/>
                  <DestinationDisplayRef ref="VTR:DestinationDisplay:1"/>
                </StopPointInJourneyPattern>
                <StopPointInJourneyPattern id="VTR:StopPointInJourneyPattern:1164187" version="57856" order="19">
                  <ScheduledStopPointRef ref="VTR:ScheduledStopPoint:124248"/>
                  <DestinationDisplayRef ref="VTR:DestinationDisplay:1"/>
                </StopPointInJourneyPattern>
                <StopPointInJourneyPattern id="VTR:StopPointInJourneyPattern:1164188" version="57856" order="20">
                  <ScheduledStopPointRef ref="VTR:ScheduledStopPoint:124249"/>
                  <DestinationDisplayRef ref="VTR:DestinationDisplay:1"/>
                </StopPointInJourneyPattern>
                <StopPointInJourneyPattern id="VTR:StopPointInJourneyPattern:1164189" version="57856" order="21">
                  <ScheduledStopPointRef ref="VTR:ScheduledStopPoint:124250"/>
                  <DestinationDisplayRef ref="VTR:DestinationDisplay:1"/>
                </StopPointInJourneyPattern>
              </pointsInSequence>
            </JourneyPattern>
          </journeyPatterns>
        </ServiceFrame>
        <TimetableFrame version="1" id="VTR:TimetableFrame:1381">
          <vehicleJourneys>
            <ServiceJourney version="57857" id="VTR:ServiceJourney:57799">
              <Name>Užgirėlis-Kaišiadorys</Name>
              <PrivateCode>10</PrivateCode>
              <dayTypes>
                <DayTypeRef ref="VTR:DayType:2985"/>
              </dayTypes>
              <JourneyPatternRef version="57857" ref="VTR:JourneyPattern:57799"/>
              <OperatorRef ref="VTR:Operator:"/>
              <LineRef ref="VTR:Line:2850" version="2912"/>
              <passingTimes>
                <TimetabledPassingTime version="57857" id="VTR:TimetabledPassingTime:57799_1164190_1">
                  <StopPointInJourneyPatternRef ref="VTR:StopPointInJourneyPattern:1164190" version="57857"/>
                  <DepartureTime>15:18:00</DepartureTime>
                  <DepartureDayOffset>0</DepartureDayOffset>
                </TimetabledPassingTime>
                <TimetabledPassingTime version="57857" id="VTR:TimetabledPassingTime:57799_1164191_2">
                  <StopPointInJourneyPatternRef ref="VTR:StopPointInJourneyPattern:1164191" version="57857"/>
                  <DepartureTime>15:21:00</DepartureTime>
                  <DepartureDayOffset>0</DepartureDayOffset>
                </TimetabledPassingTime>
                <TimetabledPassingTime version="57857" id="VTR:TimetabledPassingTime:57799_1164192_3">
                  <StopPointInJourneyPatternRef ref="VTR:StopPointInJourneyPattern:1164192" version="57857"/>
                  <DepartureTime>15:24:00</DepartureTime>
                  <DepartureDayOffset>0</DepartureDayOffset>
                </TimetabledPassingTime>
                <TimetabledPassingTime version="57857" id="VTR:TimetabledPassingTime:57799_1164193_4">
                  <StopPointInJourneyPatternRef ref="VTR:StopPointInJourneyPattern:1164193" version="57857"/>
                  <DepartureTime>15:25:00</DepartureTime>
                  <DepartureDayOffset>0</DepartureDayOffset>
                </TimetabledPassingTime>
                <TimetabledPassingTime version="57857" id="VTR:TimetabledPassingTime:57799_1164194_5">
                  <StopPointInJourneyPatternRef ref="VTR:StopPointInJourneyPattern:1164194" version="57857"/>
                  <DepartureTime>15:27:00</DepartureTime>
                  <DepartureDayOffset>0</DepartureDayOffset>
                </TimetabledPassingTime>
                <TimetabledPassingTime version="57857" id="VTR:TimetabledPassingTime:57799_1164195_6">
                  <StopPointInJourneyPatternRef ref="VTR:StopPointInJourneyPattern:1164195" version="57857"/>
                  <DepartureTime>15:30:00</DepartureTime>
                  <DepartureDayOffset>0</DepartureDayOffset>
                </TimetabledPassingTime>
                <TimetabledPassingTime version="57857" id="VTR:TimetabledPassingTime:57799_1164196_7">
                  <StopPointInJourneyPatternRef ref="VTR:StopPointInJourneyPattern:1164196" version="57857"/>
                  <DepartureTime>15:33:00</DepartureTime>
                  <DepartureDayOffset>0</DepartureDayOffset>
                </TimetabledPassingTime>
                <TimetabledPassingTime version="57857" id="VTR:TimetabledPassingTime:57799_1164197_8">
                  <StopPointInJourneyPatternRef ref="VTR:StopPointInJourneyPattern:1164197" version="57857"/>
                  <DepartureTime>15:37:00</DepartureTime>
                  <DepartureDayOffset>0</DepartureDayOffset>
                </TimetabledPassingTime>
                <TimetabledPassingTime version="57857" id="VTR:TimetabledPassingTime:57799_1164198_9">
                  <StopPointInJourneyPatternRef ref="VTR:StopPointInJourneyPattern:1164198" version="57857"/>
                  <DepartureTime>15:40:00</DepartureTime>
                  <DepartureDayOffset>0</DepartureDayOffset>
                </TimetabledPassingTime>
                <TimetabledPassingTime version="57857" id="VTR:TimetabledPassingTime:57799_1164199_10">
                  <StopPointInJourneyPatternRef ref="VTR:StopPointInJourneyPattern:1164199" version="57857"/>
                  <DepartureTime>15:43:00</DepartureTime>
                  <DepartureDayOffset>0</DepartureDayOffset>
                </TimetabledPassingTime>
                <TimetabledPassingTime version="57857" id="VTR:TimetabledPassingTime:57799_1164200_11">
                  <StopPointInJourneyPatternRef ref="VTR:StopPointInJourneyPattern:1164200" version="57857"/>
                  <DepartureTime>15:46:00</DepartureTime>
                  <DepartureDayOffset>0</DepartureDayOffset>
                </TimetabledPassingTime>
                <TimetabledPassingTime version="57857" id="VTR:TimetabledPassingTime:57799_1164201_12">
                  <StopPointInJourneyPatternRef ref="VTR:StopPointInJourneyPattern:1164201" version="57857"/>
                  <DepartureTime>15:50:00</DepartureTime>
                  <DepartureDayOffset>0</DepartureDayOffset>
                </TimetabledPassingTime>
                <TimetabledPassingTime version="57857" id="VTR:TimetabledPassingTime:57799_1164202_13">
                  <StopPointInJourneyPatternRef ref="VTR:StopPointInJourneyPattern:1164202" version="57857"/>
                  <DepartureTime>15:54:00</DepartureTime>
                  <DepartureDayOffset>0</DepartureDayOffset>
                </TimetabledPassingTime>
                <TimetabledPassingTime version="57857" id="VTR:TimetabledPassingTime:57799_1164203_14">
                  <StopPointInJourneyPatternRef ref="VTR:StopPointInJourneyPattern:1164203" version="57857"/>
                  <DepartureTime>15:59:00</DepartureTime>
                  <DepartureDayOffset>0</DepartureDayOffset>
                </TimetabledPassingTime>
                <TimetabledPassingTime version="57857" id="VTR:TimetabledPassingTime:57799_1164204_15">
                  <StopPointInJourneyPatternRef ref="VTR:StopPointInJourneyPattern:1164204" version="57857"/>
                  <DepartureTime>16:03:00</DepartureTime>
                  <DepartureDayOffset>0</DepartureDayOffset>
                </TimetabledPassingTime>
                <TimetabledPassingTime version="57857" id="VTR:TimetabledPassingTime:57799_1164205_16">
                  <StopPointInJourneyPatternRef ref="VTR:StopPointInJourneyPattern:1164205" version="57857"/>
                  <DepartureTime>16:05:00</DepartureTime>
                  <DepartureDayOffset>0</DepartureDayOffset>
                </TimetabledPassingTime>
                <TimetabledPassingTime version="57857" id="VTR:TimetabledPassingTime:57799_1164206_17">
                  <StopPointInJourneyPatternRef ref="VTR:StopPointInJourneyPattern:1164206" version="57857"/>
                  <DepartureTime>16:07:00</DepartureTime>
                  <DepartureDayOffset>0</DepartureDayOffset>
                </TimetabledPassingTime>
                <TimetabledPassingTime version="57857" id="VTR:TimetabledPassingTime:57799_1164207_18">
                  <StopPointInJourneyPatternRef ref="VTR:StopPointInJourneyPattern:1164207" version="57857"/>
                  <DepartureTime>16:13:00</DepartureTime>
                  <DepartureDayOffset>0</DepartureDayOffset>
                </TimetabledPassingTime>
                <TimetabledPassingTime version="57857" id="VTR:TimetabledPassingTime:57799_1164208_19">
                  <StopPointInJourneyPatternRef ref="VTR:StopPointInJourneyPattern:1164208" version="57857"/>
                  <DepartureTime>16:16:00</DepartureTime>
                  <DepartureDayOffset>0</DepartureDayOffset>
                </TimetabledPassingTime>
                <TimetabledPassingTime version="57857" id="VTR:TimetabledPassingTime:57799_1164209_20">
                  <StopPointInJourneyPatternRef ref="VTR:StopPointInJourneyPattern:1164209" version="57857"/>
                  <DepartureTime>16:18:00</DepartureTime>
                  <DepartureDayOffset>0</DepartureDayOffset>
                </TimetabledPassingTime>
                <TimetabledPassingTime version="57857" id="VTR:TimetabledPassingTime:57799_1164210_21">
                  <StopPointInJourneyPatternRef ref="VTR:StopPointInJourneyPattern:1164210" version="57857"/>
                  <DepartureTime>16:20:00</DepartureTime>
                  <DepartureDayOffset>0</DepartureDayOffset>
                </TimetabledPassingTime>
              </passingTimes>
            </ServiceJourney>
            <ServiceJourney version="57856" id="VTR:ServiceJourney:57798">
              <Name>Užgirėlis-Kaišiadorys</Name>
              <PrivateCode>8</PrivateCode>
              <dayTypes>
                <DayTypeRef ref="VTR:DayType:2984"/>
              </dayTypes>
              <JourneyPatternRef version="57856" ref="VTR:JourneyPattern:57798"/>
              <OperatorRef ref="VTR:Operator:"/>
              <LineRef ref="VTR:Line:2850" version="2912"/>
              <passingTimes>
                <TimetabledPassingTime version="57856" id="VTR:TimetabledPassingTime:57798_1164169_1">
                  <StopPointInJourneyPatternRef ref="VTR:StopPointInJourneyPattern:1164169" version="57856"/>
                  <DepartureTime>14:06:00</DepartureTime>
                  <DepartureDayOffset>0</DepartureDayOffset>
                </TimetabledPassingTime>
                <TimetabledPassingTime version="57856" id="VTR:TimetabledPassingTime:57798_1164170_2">
                  <StopPointInJourneyPatternRef ref="VTR:StopPointInJourneyPattern:1164170" version="57856"/>
                  <DepartureTime>14:09:00</DepartureTime>
                  <DepartureDayOffset>0</DepartureDayOffset>
                </TimetabledPassingTime>
                <TimetabledPassingTime version="57856" id="VTR:TimetabledPassingTime:57798_1164171_3">
                  <StopPointInJourneyPatternRef ref="VTR:StopPointInJourneyPattern:1164171" version="57856"/>
                  <DepartureTime>14:12:00</DepartureTime>
                  <DepartureDayOffset>0</DepartureDayOffset>
                </TimetabledPassingTime>
                <TimetabledPassingTime version="57856" id="VTR:TimetabledPassingTime:57798_1164172_4">
                  <StopPointInJourneyPatternRef ref="VTR:StopPointInJourneyPattern:1164172" version="57856"/>
                  <DepartureTime>14:13:00</DepartureTime>
                  <DepartureDayOffset>0</DepartureDayOffset>
                </TimetabledPassingTime>
                <TimetabledPassingTime version="57856" id="VTR:TimetabledPassingTime:57798_1164173_5">
                  <StopPointInJourneyPatternRef ref="VTR:StopPointInJourneyPattern:1164173" version="57856"/>
                  <DepartureTime>14:15:00</DepartureTime>
                  <DepartureDayOffset>0</DepartureDayOffset>
                </TimetabledPassingTime>
                <TimetabledPassingTime version="57856" id="VTR:TimetabledPassingTime:57798_1164174_6">
                  <StopPointInJourneyPatternRef ref="VTR:StopPointInJourneyPattern:1164174" version="57856"/>
                  <DepartureTime>14:18:00</DepartureTime>
                  <DepartureDayOffset>0</DepartureDayOffset>
                </TimetabledPassingTime>
                <TimetabledPassingTime version="57856" id="VTR:TimetabledPassingTime:57798_1164175_7">
                  <StopPointInJourneyPatternRef ref="VTR:StopPointInJourneyPattern:1164175" version="57856"/>
                  <DepartureTime>14:21:00</DepartureTime>
                  <DepartureDayOffset>0</DepartureDayOffset>
                </TimetabledPassingTime>
                <TimetabledPassingTime version="57856" id="VTR:TimetabledPassingTime:57798_1164176_8">
                  <StopPointInJourneyPatternRef ref="VTR:StopPointInJourneyPattern:1164176" version="57856"/>
                  <DepartureTime>14:25:00</DepartureTime>
                  <DepartureDayOffset>0</DepartureDayOffset>
                </TimetabledPassingTime>
                <TimetabledPassingTime version="57856" id="VTR:TimetabledPassingTime:57798_1164177_9">
                  <StopPointInJourneyPatternRef ref="VTR:StopPointInJourneyPattern:1164177" version="57856"/>
                  <DepartureTime>14:29:00</DepartureTime>
                  <DepartureDayOffset>0</DepartureDayOffset>
                </TimetabledPassingTime>
                <TimetabledPassingTime version="57856" id="VTR:TimetabledPassingTime:57798_1164178_10">
                  <StopPointInJourneyPatternRef ref="VTR:StopPointInJourneyPattern:1164178" version="57856"/>
                  <DepartureTime>14:32:00</DepartureTime>
                  <DepartureDayOffset>0</DepartureDayOffset>
                </TimetabledPassingTime>
                <TimetabledPassingTime version="57856" id="VTR:TimetabledPassingTime:57798_1164179_11">
                  <StopPointInJourneyPatternRef ref="VTR:StopPointInJourneyPattern:1164179" version="57856"/>
                  <DepartureTime>14:34:00</DepartureTime>
                  <DepartureDayOffset>0</DepartureDayOffset>
                </TimetabledPassingTime>
                <TimetabledPassingTime version="57856" id="VTR:TimetabledPassingTime:57798_1164180_12">
                  <StopPointInJourneyPatternRef ref="VTR:StopPointInJourneyPattern:1164180" version="57856"/>
                  <DepartureTime>14:39:00</DepartureTime>
                  <DepartureDayOffset>0</DepartureDayOffset>
                </TimetabledPassingTime>
                <TimetabledPassingTime version="57856" id="VTR:TimetabledPassingTime:57798_1164181_13">
                  <StopPointInJourneyPatternRef ref="VTR:StopPointInJourneyPattern:1164181" version="57856"/>
                  <DepartureTime>14:47:00</DepartureTime>
                  <DepartureDayOffset>0</DepartureDayOffset>
                </TimetabledPassingTime>
                <TimetabledPassingTime version="57856" id="VTR:TimetabledPassingTime:57798_1164182_14">
                  <StopPointInJourneyPatternRef ref="VTR:StopPointInJourneyPattern:1164182" version="57856"/>
                  <DepartureTime>14:51:00</DepartureTime>
                  <DepartureDayOffset>0</DepartureDayOffset>
                </TimetabledPassingTime>
                <TimetabledPassingTime version="57856" id="VTR:TimetabledPassingTime:57798_1164183_15">
                  <StopPointInJourneyPatternRef ref="VTR:StopPointInJourneyPattern:1164183" version="57856"/>
                  <DepartureTime>14:54:00</DepartureTime>
                  <DepartureDayOffset>0</DepartureDayOffset>
                </TimetabledPassingTime>
                <TimetabledPassingTime version="57856" id="VTR:TimetabledPassingTime:57798_1164184_16">
                  <StopPointInJourneyPatternRef ref="VTR:StopPointInJourneyPattern:1164184" version="57856"/>
                  <DepartureTime>14:56:00</DepartureTime>
                  <DepartureDayOffset>0</DepartureDayOffset>
                </TimetabledPassingTime>
                <TimetabledPassingTime version="57856" id="VTR:TimetabledPassingTime:57798_1164185_17">
                  <StopPointInJourneyPatternRef ref="VTR:StopPointInJourneyPattern:1164185" version="57856"/>
                  <DepartureTime>14:58:00</DepartureTime>
                  <DepartureDayOffset>0</DepartureDayOffset>
                </TimetabledPassingTime>
                <TimetabledPassingTime version="57856" id="VTR:TimetabledPassingTime:57798_1164186_18">
                  <StopPointInJourneyPatternRef ref="VTR:StopPointInJourneyPattern:1164186" version="57856"/>
                  <DepartureTime>15:04:00</DepartureTime>
                  <DepartureDayOffset>0</DepartureDayOffset>
                </TimetabledPassingTime>
                <TimetabledPassingTime version="57856" id="VTR:TimetabledPassingTime:57798_1164187_19">
                  <StopPointInJourneyPatternRef ref="VTR:StopPointInJourneyPattern:1164187" version="57856"/>
                  <DepartureTime>15:06:00</DepartureTime>
                  <DepartureDayOffset>0</DepartureDayOffset>
                </TimetabledPassingTime>
                <TimetabledPassingTime version="57856" id="VTR:TimetabledPassingTime:57798_1164188_20">
                  <StopPointInJourneyPatternRef ref="VTR:StopPointInJourneyPattern:1164188" version="57856"/>
                  <DepartureTime>15:08:00</DepartureTime>
                  <DepartureDayOffset>0</DepartureDayOffset>
                </TimetabledPassingTime>
                <TimetabledPassingTime version="57856" id="VTR:TimetabledPassingTime:57798_1164189_21">
                  <StopPointInJourneyPatternRef ref="VTR:StopPointInJourneyPattern:1164189" version="57856"/>
                  <DepartureTime>15:10:00</DepartureTime>
                  <DepartureDayOffset>0</DepartureDayOffset>
                </TimetabledPassingTime>
              </passingTimes>
            </ServiceJourney>
          </vehicleJourneys>
        </TimetableFrame>
        <ResourceFrame version="1" id="VTR:ResourceFrame:1381">
          <organisations>
            <Authority version="1" id="VTR:Authority:13">
              <CompanyNumber>49</CompanyNumber>
              <Name>Kaišiadorių r. sav.</Name>
              <LegalName>Kaišiadorių r. sav.</LegalName>
              <ContactDetails>
                <Email>meras@kaisiadorys.lt</Email>
                <Phone>834620480</Phone>
                <Url>www.kaisiadorys.lt</Url>
              </ContactDetails>
              <OrganisationType>authority</OrganisationType>
            </Authority>
          </organisations>
        </ResourceFrame>
        <FareFrame id="VTR:FareFrame:2850" version="1">
          <FrameDefaults>
            <DefaultCurrency>EUR</DefaultCurrency>
          </FrameDefaults>
          <fareStructureElements>
            <FareStructureElement id="VTR:FareStructureElement:pricematrix" version="1">
              <distanceMatrixElements>
                <DistanceMatrixElementRef ref="VTR:DistanceMatrixElement:1164179to1164189" version="1"/>
                <DistanceMatrixElementRef ref="VTR:DistanceMatrixElement:1164196to1164210" version="1"/>
                <DistanceMatrixElementRef ref="VTR:DistanceMatrixElement:1164175to1164189" version="1"/>
                <DistanceMatrixElementRef ref="VTR:DistanceMatrixElement:1164200to1164210" version="1"/>
              </distanceMatrixElements>
            </FareStructureElement>
          </fareStructureElements>
          <tariffs>
            <Tariff id="VTR:Tariff:pointToPointInSeparateJourney_2850" version="1">
              <Name>Point to point tariff</Name>
              <distanceMatrixElements>
                <DistanceMatrixElement id="VTR:DistanceMatrixElement:1164179to1164189" version="1">
                  <Name>Ginteikiškės to Kaišiadorių Autobusų stotis</Name>
                  <StartStopPointRef ref="VTR:ScheduledStopPoint:124098" version="1"/>
                  <EndStopPointRef ref="VTR:ScheduledStopPoint:124250" version="1"/>
                  <prices>
                    <DistanceMatrixElementPrice id="VTR:DistanceMatrixElementPrice:1164179to1164189" version="1">
                      <Amount>2.15</Amount>
                      <DistanceMatrixElementRef ref="VTR:DistanceMatrixElement:1164179to1164189" version="1"/>
                    </DistanceMatrixElementPrice>
                  </prices>
                </DistanceMatrixElement>
                <DistanceMatrixElement id="VTR:DistanceMatrixElement:1164196to1164210" version="1">
                  <Name>Dijokiškės to Kaišiadorių Autobusų stotis</Name>
                  <StartStopPointRef ref="VTR:ScheduledStopPoint:124102" version="1"/>
                  <EndStopPointRef ref="VTR:ScheduledStopPoint:124250" version="1"/>
                  <prices>
                    <DistanceMatrixElementPrice id="VTR:DistanceMatrixElementPrice:1164196to1164210" version="1">
                      <Amount>2.92</Amount>
                      <DistanceMatrixElementRef ref="VTR:DistanceMatrixElement:1164196to1164210" version="1"/>
                    </DistanceMatrixElementPrice>
                  </prices>
                </DistanceMatrixElement>
                <DistanceMatrixElement id="VTR:DistanceMatrixElement:1164175to1164189" version="1">
                  <Name>Dijokiškės to Kaišiadorių Autobusų stotis</Name>
                  <StartStopPointRef ref="VTR:ScheduledStopPoint:124102" version="1"/>
                  <EndStopPointRef ref="VTR:ScheduledStopPoint:124250" version="1"/>
                  <prices>
                    <DistanceMatrixElementPrice id="VTR:DistanceMatrixElementPrice:1164175to1164189" version="1">
                      <Amount>2.92</Amount>
                      <DistanceMatrixElementRef ref="VTR:DistanceMatrixElement:1164175to1164189" version="1"/>
                    </DistanceMatrixElementPrice>
                  </prices>
                </DistanceMatrixElement>
                <DistanceMatrixElement id="VTR:DistanceMatrixElement:1164200to1164210" version="1">
                  <Name>Ginteikiškės to Kaišiadorių Autobusų stotis</Name>
                  <StartStopPointRef ref="VTR:ScheduledStopPoint:124098" version="1"/>
                  <EndStopPointRef ref="VTR:ScheduledStopPoint:124250" version="1"/>
                  <prices>
                    <DistanceMatrixElementPrice id="VTR:DistanceMatrixElementPrice:1164200to1164210" version="1">
                      <Amount>2.15</Amount>
                      <DistanceMatrixElementRef ref="VTR:DistanceMatrixElement:1164200to1164210" version="1"/>
                    </DistanceMatrixElementPrice>
                  </prices>
                </DistanceMatrixElement>
              </distanceMatrixElements>
            </Tariff>
          </tariffs>
          <usageParameters>
            <FrequencyOfUse id="VTR:FrequencyOfUse:oneTrip" version="1">
              <FrequencyOfUseType>unlimited</FrequencyOfUseType>
              <MaximalFrequency>1</MaximalFrequency>
            </FrequencyOfUse>
          </usageParameters>
        </FareFrame>
      </frames>
    </CompositeFrame>
  </dataObjects>
</PublicationDelivery>
