<?xml version="1.0" encoding="UTF-8"?><PublicationDelivery xmlns="http://www.netex.org.uk/netex" xmlns:gis="http://www.opengis.net/gml/3.2" xmlns:ns2="http://www.opengis.net/gml/3.2" xmlns:ns3="http://www.siri.org.uk/siri" xmlns:xsi="http://www.w3.org/2001/XMLSchema-instance" version="1" xsi:schemaLocation="">
  <PublicationTimestamp>2022-05-07T03:25:00.575</PublicationTimestamp>
  <ParticipantRef>VTR</ParticipantRef>
  <Description>1</Description>
  <dataObjects>
    <CompositeFrame created="2022-05-07T03:25:00.575" version="1" id="VTR:CompositeFrame:1381">
      <validityConditions>
        <AvailabilityCondition version="1" id="VTR:AvailabilityCondition:1381">
          <FromDate>2015-11-30T16:33:50</FromDate>
          <ToDate>2027-12-30T00:00:00</ToDate>
        </AvailabilityCondition>
      </validityConditions>
      <codespaces>
        <Codespace id="vtr">
          <Xmlns>VTR</Xmlns>
          <XmlnsUrl>http://www.visimarsrutai.lt/</XmlnsUrl>
        </Codespace>
      </codespaces>
      <FrameDefaults>
        <DefaultLocale>
          <TimeZone>Europe/Vilnius</TimeZone>
        </DefaultLocale>
        <DefaultLocationSystem>WGS84</DefaultLocationSystem>
      </FrameDefaults>
      <frames>
        <ServiceCalendarFrame version="1" id="VTR:ServiceCalendarFrame:1381">
          <dayTypes>
            <DayType id="VTR:DayType:3065" version="1">
              <properties>
                <PropertyOfDay>
                  <DaysOfWeek>Monday Tuesday Wednesday Thursday Friday</DaysOfWeek>
                </PropertyOfDay>
              </properties>
            </DayType>
            <DayType id="VTR:DayType:3087" version="1">
              <properties>
                <PropertyOfDay>
                  <DaysOfWeek>Weekend</DaysOfWeek>
                </PropertyOfDay>
              </properties>
            </DayType>
          </dayTypes>
          <operatingPeriods>
            <OperatingPeriod version="1" id="VTR:OperatingPeriod:3065">
              <FromDate>2015-09-01T00:00:00</FromDate>
              <ToDate>2020-12-31T00:00:00</ToDate>
            </OperatingPeriod>
            <OperatingPeriod version="1" id="VTR:OperatingPeriod:3087">
              <FromDate>2015-09-01T00:00:00</FromDate>
              <ToDate>2016-06-03T00:00:00</ToDate>
            </OperatingPeriod>
          </operatingPeriods>
          <dayTypeAssignments>
            <DayTypeAssignment id="VTR:DayTypeAssignment:3065_0" version="1" order="2373">
              <OperatingPeriodRef ref="VTR:OperatingPeriod:3065" version="1"/>
              <DayTypeRef ref="VTR:DayType:3065" version="1"/>
            </DayTypeAssignment>
            <DayTypeAssignment id="VTR:DayTypeAssignment:3087_0" version="1" order="2376">
              <OperatingPeriodRef ref="VTR:OperatingPeriod:3087" version="1"/>
              <DayTypeRef ref="VTR:DayType:3087" version="1"/>
            </DayTypeAssignment>
          </dayTypeAssignments>
        </ServiceCalendarFrame>
        <ServiceFrame id="VTR:ServiceFrame:1381" version="1">
          <Network version="0" id="VTR:Network:13"/>
          <routePoints>
            <RoutePoint version="1" id="VTR:RoutePoint:126861">
              <projections>
                <PointProjection version="1" id="VTR:PointProjection:38489">
                  <ProjectedPointRef ref="VTR:ScheduledStopPoint:126861" version="1"/>
                </PointProjection>
              </projections>
            </RoutePoint>
            <RoutePoint version="1" id="VTR:RoutePoint:126862">
              <projections>
                <PointProjection version="1" id="VTR:PointProjection:38490">
                  <ProjectedPointRef ref="VTR:ScheduledStopPoint:126862" version="1"/>
                </PointProjection>
              </projections>
            </RoutePoint>
            <RoutePoint version="1" id="VTR:RoutePoint:126863">
              <projections>
                <PointProjection version="1" id="VTR:PointProjection:38496">
                  <ProjectedPointRef ref="VTR:ScheduledStopPoint:126863" version="1"/>
                </PointProjection>
              </projections>
            </RoutePoint>
            <RoutePoint version="1" id="VTR:RoutePoint:126864">
              <projections>
                <PointProjection version="1" id="VTR:PointProjection:38497">
                  <ProjectedPointRef ref="VTR:ScheduledStopPoint:126864" version="1"/>
                </PointProjection>
              </projections>
            </RoutePoint>
            <RoutePoint version="1" id="VTR:RoutePoint:126865">
              <projections>
                <PointProjection version="1" id="VTR:PointProjection:38500">
                  <ProjectedPointRef ref="VTR:ScheduledStopPoint:126865" version="1"/>
                </PointProjection>
              </projections>
            </RoutePoint>
            <RoutePoint version="1" id="VTR:RoutePoint:126866">
              <projections>
                <PointProjection version="1" id="VTR:PointProjection:38503">
                  <ProjectedPointRef ref="VTR:ScheduledStopPoint:126866" version="1"/>
                </PointProjection>
              </projections>
            </RoutePoint>
            <RoutePoint version="1" id="VTR:RoutePoint:126867">
              <projections>
                <PointProjection version="1" id="VTR:PointProjection:38504">
                  <ProjectedPointRef ref="VTR:ScheduledStopPoint:126867" version="1"/>
                </PointProjection>
              </projections>
            </RoutePoint>
            <RoutePoint version="1" id="VTR:RoutePoint:126868">
              <projections>
                <PointProjection version="1" id="VTR:PointProjection:38506">
                  <ProjectedPointRef ref="VTR:ScheduledStopPoint:126868" version="1"/>
                </PointProjection>
              </projections>
            </RoutePoint>
            <RoutePoint version="1" id="VTR:RoutePoint:126869">
              <projections>
                <PointProjection version="1" id="VTR:PointProjection:38507">
                  <ProjectedPointRef ref="VTR:ScheduledStopPoint:126869" version="1"/>
                </PointProjection>
              </projections>
            </RoutePoint>
            <RoutePoint version="1" id="VTR:RoutePoint:126870">
              <projections>
                <PointProjection version="1" id="VTR:PointProjection:38508">
                  <ProjectedPointRef ref="VTR:ScheduledStopPoint:126870" version="1"/>
                </PointProjection>
              </projections>
            </RoutePoint>
            <RoutePoint version="1" id="VTR:RoutePoint:126871">
              <projections>
                <PointProjection version="1" id="VTR:PointProjection:38509">
                  <ProjectedPointRef ref="VTR:ScheduledStopPoint:126871" version="1"/>
                </PointProjection>
              </projections>
            </RoutePoint>
            <RoutePoint version="1" id="VTR:RoutePoint:126872">
              <projections>
                <PointProjection version="1" id="VTR:PointProjection:38510">
                  <ProjectedPointRef ref="VTR:ScheduledStopPoint:126872" version="1"/>
                </PointProjection>
              </projections>
            </RoutePoint>
            <RoutePoint version="1" id="VTR:RoutePoint:126875">
              <projections>
                <PointProjection version="1" id="VTR:PointProjection:38514">
                  <ProjectedPointRef ref="VTR:ScheduledStopPoint:126875" version="1"/>
                </PointProjection>
              </projections>
            </RoutePoint>
            <RoutePoint version="1" id="VTR:RoutePoint:126880">
              <projections>
                <PointProjection version="1" id="VTR:PointProjection:38573">
                  <ProjectedPointRef ref="VTR:ScheduledStopPoint:126880" version="1"/>
                </PointProjection>
              </projections>
            </RoutePoint>
            <RoutePoint version="1" id="VTR:RoutePoint:126881">
              <projections>
                <PointProjection version="1" id="VTR:PointProjection:38574">
                  <ProjectedPointRef ref="VTR:ScheduledStopPoint:126881" version="1"/>
                </PointProjection>
              </projections>
            </RoutePoint>
            <RoutePoint version="1" id="VTR:RoutePoint:126882">
              <projections>
                <PointProjection version="1" id="VTR:PointProjection:38575">
                  <ProjectedPointRef ref="VTR:ScheduledStopPoint:126882" version="1"/>
                </PointProjection>
              </projections>
            </RoutePoint>
            <RoutePoint version="1" id="VTR:RoutePoint:126883">
              <projections>
                <PointProjection version="1" id="VTR:PointProjection:38576">
                  <ProjectedPointRef ref="VTR:ScheduledStopPoint:126883" version="1"/>
                </PointProjection>
              </projections>
            </RoutePoint>
            <RoutePoint version="1" id="VTR:RoutePoint:126886">
              <projections>
                <PointProjection version="1" id="VTR:PointProjection:38577">
                  <ProjectedPointRef ref="VTR:ScheduledStopPoint:126886" version="1"/>
                </PointProjection>
              </projections>
            </RoutePoint>
            <RoutePoint version="1" id="VTR:RoutePoint:126887">
              <projections>
                <PointProjection version="1" id="VTR:PointProjection:38578">
                  <ProjectedPointRef ref="VTR:ScheduledStopPoint:126887" version="1"/>
                </PointProjection>
              </projections>
            </RoutePoint>
            <RoutePoint version="1" id="VTR:RoutePoint:126888">
              <projections>
                <PointProjection version="1" id="VTR:PointProjection:38579">
                  <ProjectedPointRef ref="VTR:ScheduledStopPoint:126888" version="1"/>
                </PointProjection>
              </projections>
            </RoutePoint>
            <RoutePoint version="1" id="VTR:RoutePoint:126889">
              <projections>
                <PointProjection version="1" id="VTR:PointProjection:38580">
                  <ProjectedPointRef ref="VTR:ScheduledStopPoint:126889" version="1"/>
                </PointProjection>
              </projections>
            </RoutePoint>
            <RoutePoint version="1" id="VTR:RoutePoint:126890">
              <projections>
                <PointProjection version="1" id="VTR:PointProjection:38581">
                  <ProjectedPointRef ref="VTR:ScheduledStopPoint:126890" version="1"/>
                </PointProjection>
              </projections>
            </RoutePoint>
          </routePoints>
          <routes>
            <Route version="1" id="VTR:Route:7557">
              <Name>Nemaitonys-Kaišiadorys per Stasiūnus</Name>
              <ShortName>Nemaitonys-Kaišiadorys per Stasiūnus</ShortName>
              <LineRef ref="VTR:Line:2903" version="2984"/>
              <DirectionType>inbound</DirectionType>
              <pointsInSequence>
                <PointOnRoute version="1" id="VTR:PointOnRoute:126861" order="1">
                  <RoutePointRef ref="VTR:RoutePoint:126861"/>
                </PointOnRoute>
                <PointOnRoute version="1" id="VTR:PointOnRoute:126862" order="2">
                  <RoutePointRef ref="VTR:RoutePoint:126862"/>
                </PointOnRoute>
                <PointOnRoute version="1" id="VTR:PointOnRoute:126863" order="3">
                  <RoutePointRef ref="VTR:RoutePoint:126863"/>
                </PointOnRoute>
                <PointOnRoute version="1" id="VTR:PointOnRoute:126864" order="4">
                  <RoutePointRef ref="VTR:RoutePoint:126864"/>
                </PointOnRoute>
                <PointOnRoute version="1" id="VTR:PointOnRoute:126865" order="5">
                  <RoutePointRef ref="VTR:RoutePoint:126865"/>
                </PointOnRoute>
                <PointOnRoute version="1" id="VTR:PointOnRoute:126866" order="6">
                  <RoutePointRef ref="VTR:RoutePoint:126866"/>
                </PointOnRoute>
                <PointOnRoute version="1" id="VTR:PointOnRoute:126867" order="7">
                  <RoutePointRef ref="VTR:RoutePoint:126867"/>
                </PointOnRoute>
                <PointOnRoute version="1" id="VTR:PointOnRoute:126868" order="8">
                  <RoutePointRef ref="VTR:RoutePoint:126868"/>
                </PointOnRoute>
                <PointOnRoute version="1" id="VTR:PointOnRoute:126869" order="9">
                  <RoutePointRef ref="VTR:RoutePoint:126869"/>
                </PointOnRoute>
                <PointOnRoute version="1" id="VTR:PointOnRoute:126870" order="10">
                  <RoutePointRef ref="VTR:RoutePoint:126870"/>
                </PointOnRoute>
                <PointOnRoute version="1" id="VTR:PointOnRoute:126871" order="11">
                  <RoutePointRef ref="VTR:RoutePoint:126871"/>
                </PointOnRoute>
                <PointOnRoute version="1" id="VTR:PointOnRoute:126872" order="12">
                  <RoutePointRef ref="VTR:RoutePoint:126872"/>
                </PointOnRoute>
                <PointOnRoute version="1" id="VTR:PointOnRoute:126875" order="13">
                  <RoutePointRef ref="VTR:RoutePoint:126875"/>
                </PointOnRoute>
                <PointOnRoute version="1" id="VTR:PointOnRoute:126880" order="14">
                  <RoutePointRef ref="VTR:RoutePoint:126880"/>
                </PointOnRoute>
                <PointOnRoute version="1" id="VTR:PointOnRoute:126881" order="15">
                  <RoutePointRef ref="VTR:RoutePoint:126881"/>
                </PointOnRoute>
                <PointOnRoute version="1" id="VTR:PointOnRoute:126882" order="16">
                  <RoutePointRef ref="VTR:RoutePoint:126882"/>
                </PointOnRoute>
                <PointOnRoute version="1" id="VTR:PointOnRoute:126883" order="17">
                  <RoutePointRef ref="VTR:RoutePoint:126883"/>
                </PointOnRoute>
                <PointOnRoute version="1" id="VTR:PointOnRoute:126886" order="18">
                  <RoutePointRef ref="VTR:RoutePoint:126886"/>
                </PointOnRoute>
                <PointOnRoute version="1" id="VTR:PointOnRoute:126887" order="19">
                  <RoutePointRef ref="VTR:RoutePoint:126887"/>
                </PointOnRoute>
                <PointOnRoute version="1" id="VTR:PointOnRoute:126888" order="20">
                  <RoutePointRef ref="VTR:RoutePoint:126888"/>
                </PointOnRoute>
                <PointOnRoute version="1" id="VTR:PointOnRoute:126889" order="21">
                  <RoutePointRef ref="VTR:RoutePoint:126889"/>
                </PointOnRoute>
                <PointOnRoute version="1" id="VTR:PointOnRoute:126890" order="22">
                  <RoutePointRef ref="VTR:RoutePoint:126890"/>
                </PointOnRoute>
              </pointsInSequence>
            </Route>
          </routes>
          <lines>
            <Line version="2984" id="VTR:Line:2903">
              <Name>Nemaitonys-Kaišiadorys per Stasiūnus</Name>
              <TransportMode>bus</TransportMode>
              <TransportSubmode>
                <BusSubmode>regionalBus</BusSubmode>
              </TransportSubmode>
              <PublicCode>63-2</PublicCode>
              <OperatorRef ref="VTR:Operator:13"/>
            </Line>
          </lines>
          <scheduledStopPoints>
            <ScheduledStopPoint version="1" id="VTR:ScheduledStopPoint:126861">
              <Name>Nemaitonys III</Name>
            </ScheduledStopPoint>
            <ScheduledStopPoint version="1" id="VTR:ScheduledStopPoint:126862">
              <Name>Nemaitonys II</Name>
            </ScheduledStopPoint>
            <ScheduledStopPoint version="1" id="VTR:ScheduledStopPoint:126863">
              <Name>Nemaitonys I</Name>
            </ScheduledStopPoint>
            <ScheduledStopPoint version="1" id="VTR:ScheduledStopPoint:126864">
              <Name>Klėriškės</Name>
            </ScheduledStopPoint>
            <ScheduledStopPoint version="1" id="VTR:ScheduledStopPoint:126865">
              <Name>Girininkija</Name>
            </ScheduledStopPoint>
            <ScheduledStopPoint version="1" id="VTR:ScheduledStopPoint:126866">
              <Name>Pakertiškės</Name>
            </ScheduledStopPoint>
            <ScheduledStopPoint version="1" id="VTR:ScheduledStopPoint:126867">
              <Name>Dainiai</Name>
            </ScheduledStopPoint>
            <ScheduledStopPoint version="1" id="VTR:ScheduledStopPoint:126868">
              <Name>Pakertai II</Name>
            </ScheduledStopPoint>
            <ScheduledStopPoint version="1" id="VTR:ScheduledStopPoint:126869">
              <Name>Pakertai</Name>
            </ScheduledStopPoint>
            <ScheduledStopPoint version="1" id="VTR:ScheduledStopPoint:126870">
              <Name>Kairiškės</Name>
            </ScheduledStopPoint>
            <ScheduledStopPoint version="1" id="VTR:ScheduledStopPoint:126871">
              <Name>Melioratorių gyv.</Name>
            </ScheduledStopPoint>
            <ScheduledStopPoint version="1" id="VTR:ScheduledStopPoint:126872">
              <Name>Žiežmariai</Name>
            </ScheduledStopPoint>
            <ScheduledStopPoint version="1" id="VTR:ScheduledStopPoint:126875">
              <Name>Žiežmarių Kr.</Name>
            </ScheduledStopPoint>
            <ScheduledStopPoint version="1" id="VTR:ScheduledStopPoint:126880">
              <Name>Žiežmarių gėlynas</Name>
            </ScheduledStopPoint>
            <ScheduledStopPoint version="1" id="VTR:ScheduledStopPoint:126881">
              <Name>Vladikiškės</Name>
            </ScheduledStopPoint>
            <ScheduledStopPoint version="1" id="VTR:ScheduledStopPoint:126882">
              <Name>STASIŪNAI</Name>
            </ScheduledStopPoint>
            <ScheduledStopPoint version="1" id="VTR:ScheduledStopPoint:126883">
              <Name>Kiemeliai</Name>
            </ScheduledStopPoint>
            <ScheduledStopPoint version="1" id="VTR:ScheduledStopPoint:126886">
              <Name>Kęstučio g.</Name>
            </ScheduledStopPoint>
            <ScheduledStopPoint version="1" id="VTR:ScheduledStopPoint:126887">
              <Name>Pėsčiųjų tiltas</Name>
            </ScheduledStopPoint>
            <ScheduledStopPoint version="1" id="VTR:ScheduledStopPoint:126888">
              <Name>Centras</Name>
            </ScheduledStopPoint>
            <ScheduledStopPoint version="1" id="VTR:ScheduledStopPoint:126889">
              <Name>Teismo rūmai</Name>
            </ScheduledStopPoint>
            <ScheduledStopPoint version="1" id="VTR:ScheduledStopPoint:126890">
              <Name>Kaišiadorių Autobusų stotis</Name>
            </ScheduledStopPoint>
          </scheduledStopPoints>
          <serviceLinks>
            <ServiceLink id="VTR:ServiceLink:126871_1_126872_1" version="1">
              <Distance>1</Distance>
              <FromPointRef ref="VTR:ScheduledStopPoint:126871" version="1"/>
              <ToPointRef ref="VTR:ScheduledStopPoint:126872" version="1"/>
            </ServiceLink>
            <ServiceLink id="VTR:ServiceLink:126886_1_126887_1" version="1">
              <Distance>0</Distance>
              <FromPointRef ref="VTR:ScheduledStopPoint:126886" version="1"/>
              <ToPointRef ref="VTR:ScheduledStopPoint:126887" version="1"/>
            </ServiceLink>
            <ServiceLink id="VTR:ServiceLink:126864_1_126865_1" version="1">
              <Distance>3</Distance>
              <FromPointRef ref="VTR:ScheduledStopPoint:126864" version="1"/>
              <ToPointRef ref="VTR:ScheduledStopPoint:126865" version="1"/>
            </ServiceLink>
            <ServiceLink id="VTR:ServiceLink:126870_1_126871_1" version="1">
              <Distance>1</Distance>
              <FromPointRef ref="VTR:ScheduledStopPoint:126870" version="1"/>
              <ToPointRef ref="VTR:ScheduledStopPoint:126871" version="1"/>
            </ServiceLink>
            <ServiceLink id="VTR:ServiceLink:126862_1_126863_1" version="1">
              <Distance>1</Distance>
              <FromPointRef ref="VTR:ScheduledStopPoint:126862" version="1"/>
              <ToPointRef ref="VTR:ScheduledStopPoint:126863" version="1"/>
            </ServiceLink>
            <ServiceLink id="VTR:ServiceLink:126888_1_126889_1" version="1">
              <Distance>0</Distance>
              <FromPointRef ref="VTR:ScheduledStopPoint:126888" version="1"/>
              <ToPointRef ref="VTR:ScheduledStopPoint:126889" version="1"/>
            </ServiceLink>
            <ServiceLink id="VTR:ServiceLink:126881_1_126882_1" version="1">
              <Distance>1</Distance>
              <FromPointRef ref="VTR:ScheduledStopPoint:126881" version="1"/>
              <ToPointRef ref="VTR:ScheduledStopPoint:126882" version="1"/>
            </ServiceLink>
            <ServiceLink id="VTR:ServiceLink:126889_1_126890_1" version="1">
              <Distance>0</Distance>
              <FromPointRef ref="VTR:ScheduledStopPoint:126889" version="1"/>
              <ToPointRef ref="VTR:ScheduledStopPoint:126890" version="1"/>
            </ServiceLink>
            <ServiceLink id="VTR:ServiceLink:126882_1_126883_1" version="1">
              <Distance>0</Distance>
              <FromPointRef ref="VTR:ScheduledStopPoint:126882" version="1"/>
              <ToPointRef ref="VTR:ScheduledStopPoint:126883" version="1"/>
            </ServiceLink>
            <ServiceLink id="VTR:ServiceLink:126869_1_126870_1" version="1">
              <Distance>1</Distance>
              <FromPointRef ref="VTR:ScheduledStopPoint:126869" version="1"/>
              <ToPointRef ref="VTR:ScheduledStopPoint:126870" version="1"/>
            </ServiceLink>
            <ServiceLink id="VTR:ServiceLink:126863_1_126864_1" version="1">
              <Distance>2</Distance>
              <FromPointRef ref="VTR:ScheduledStopPoint:126863" version="1"/>
              <ToPointRef ref="VTR:ScheduledStopPoint:126864" version="1"/>
            </ServiceLink>
            <ServiceLink id="VTR:ServiceLink:126861_1_126862_1" version="1">
              <Distance>1</Distance>
              <FromPointRef ref="VTR:ScheduledStopPoint:126861" version="1"/>
              <ToPointRef ref="VTR:ScheduledStopPoint:126862" version="1"/>
            </ServiceLink>
            <ServiceLink id="VTR:ServiceLink:126867_1_126868_1" version="1">
              <Distance>1</Distance>
              <FromPointRef ref="VTR:ScheduledStopPoint:126867" version="1"/>
              <ToPointRef ref="VTR:ScheduledStopPoint:126868" version="1"/>
            </ServiceLink>
            <ServiceLink id="VTR:ServiceLink:126887_1_126888_1" version="1">
              <Distance>0</Distance>
              <FromPointRef ref="VTR:ScheduledStopPoint:126887" version="1"/>
              <ToPointRef ref="VTR:ScheduledStopPoint:126888" version="1"/>
            </ServiceLink>
            <ServiceLink id="VTR:ServiceLink:126865_1_126866_1" version="1">
              <Distance>1</Distance>
              <FromPointRef ref="VTR:ScheduledStopPoint:126865" version="1"/>
              <ToPointRef ref="VTR:ScheduledStopPoint:126866" version="1"/>
            </ServiceLink>
            <ServiceLink id="VTR:ServiceLink:126880_1_126881_1" version="1">
              <Distance>1</Distance>
              <FromPointRef ref="VTR:ScheduledStopPoint:126880" version="1"/>
              <ToPointRef ref="VTR:ScheduledStopPoint:126881" version="1"/>
            </ServiceLink>
            <ServiceLink id="VTR:ServiceLink:126868_1_126869_1" version="1">
              <Distance>1</Distance>
              <FromPointRef ref="VTR:ScheduledStopPoint:126868" version="1"/>
              <ToPointRef ref="VTR:ScheduledStopPoint:126869" version="1"/>
            </ServiceLink>
            <ServiceLink id="VTR:ServiceLink:126866_1_126867_1" version="1">
              <Distance>1</Distance>
              <FromPointRef ref="VTR:ScheduledStopPoint:126866" version="1"/>
              <ToPointRef ref="VTR:ScheduledStopPoint:126867" version="1"/>
            </ServiceLink>
          </serviceLinks>
          <stopAssignments>
            <PassengerStopAssignment order="755700000" id="VTR:PassengerStopAssignment:126861" version="1">
              <ScheduledStopPointRef ref="VTR:ScheduledStopPoint:126861" version="1"/>
              <QuayRef ref="VTR:Quay:3664"/>
            </PassengerStopAssignment>
            <PassengerStopAssignment order="755700001" id="VTR:PassengerStopAssignment:126862" version="1">
              <ScheduledStopPointRef ref="VTR:ScheduledStopPoint:126862" version="1"/>
              <QuayRef ref="VTR:Quay:5997"/>
            </PassengerStopAssignment>
            <PassengerStopAssignment order="755700002" id="VTR:PassengerStopAssignment:126863" version="1">
              <ScheduledStopPointRef ref="VTR:ScheduledStopPoint:126863" version="1"/>
              <QuayRef ref="VTR:Quay:10761"/>
            </PassengerStopAssignment>
            <PassengerStopAssignment order="755700003" id="VTR:PassengerStopAssignment:126864" version="1">
              <ScheduledStopPointRef ref="VTR:ScheduledStopPoint:126864" version="1"/>
              <QuayRef ref="VTR:Quay:15705"/>
            </PassengerStopAssignment>
            <PassengerStopAssignment order="755700004" id="VTR:PassengerStopAssignment:126865" version="1">
              <ScheduledStopPointRef ref="VTR:ScheduledStopPoint:126865" version="1"/>
              <QuayRef ref="VTR:Quay:13462"/>
            </PassengerStopAssignment>
            <PassengerStopAssignment order="755700005" id="VTR:PassengerStopAssignment:126866" version="1">
              <ScheduledStopPointRef ref="VTR:ScheduledStopPoint:126866" version="1"/>
              <QuayRef ref="VTR:Quay:22399"/>
            </PassengerStopAssignment>
            <PassengerStopAssignment order="755700006" id="VTR:PassengerStopAssignment:126867" version="1">
              <ScheduledStopPointRef ref="VTR:ScheduledStopPoint:126867" version="1"/>
              <QuayRef ref="VTR:Quay:11363"/>
            </PassengerStopAssignment>
            <PassengerStopAssignment order="755700007" id="VTR:PassengerStopAssignment:126868" version="1">
              <ScheduledStopPointRef ref="VTR:ScheduledStopPoint:126868" version="1"/>
              <QuayRef ref="VTR:Quay:22397"/>
            </PassengerStopAssignment>
            <PassengerStopAssignment order="755700008" id="VTR:PassengerStopAssignment:126869" version="1">
              <ScheduledStopPointRef ref="VTR:ScheduledStopPoint:126869" version="1"/>
              <QuayRef ref="VTR:Quay:9158"/>
            </PassengerStopAssignment>
            <PassengerStopAssignment order="755700009" id="VTR:PassengerStopAssignment:126870" version="1">
              <ScheduledStopPointRef ref="VTR:ScheduledStopPoint:126870" version="1"/>
              <QuayRef ref="VTR:Quay:3659"/>
            </PassengerStopAssignment>
            <PassengerStopAssignment order="755700010" id="VTR:PassengerStopAssignment:126871" version="1">
              <ScheduledStopPointRef ref="VTR:ScheduledStopPoint:126871" version="1"/>
              <QuayRef ref="VTR:Quay:7146"/>
            </PassengerStopAssignment>
            <PassengerStopAssignment order="755700011" id="VTR:PassengerStopAssignment:126872" version="1">
              <ScheduledStopPointRef ref="VTR:ScheduledStopPoint:126872" version="1"/>
              <QuayRef ref="VTR:Quay:13918"/>
            </PassengerStopAssignment>
            <PassengerStopAssignment order="755700014" id="VTR:PassengerStopAssignment:126875" version="1">
              <ScheduledStopPointRef ref="VTR:ScheduledStopPoint:126875" version="1"/>
              <QuayRef ref="VTR:Quay:23770"/>
            </PassengerStopAssignment>
            <PassengerStopAssignment order="755700019" id="VTR:PassengerStopAssignment:126880" version="1">
              <ScheduledStopPointRef ref="VTR:ScheduledStopPoint:126880" version="1"/>
              <QuayRef ref="VTR:Quay:9162"/>
            </PassengerStopAssignment>
            <PassengerStopAssignment order="755700020" id="VTR:PassengerStopAssignment:126881" version="1">
              <ScheduledStopPointRef ref="VTR:ScheduledStopPoint:126881" version="1"/>
              <QuayRef ref="VTR:Quay:8120"/>
            </PassengerStopAssignment>
            <PassengerStopAssignment order="755700021" id="VTR:PassengerStopAssignment:126882" version="1">
              <ScheduledStopPointRef ref="VTR:ScheduledStopPoint:126882" version="1"/>
              <QuayRef ref="VTR:Quay:12061"/>
            </PassengerStopAssignment>
            <PassengerStopAssignment order="755700022" id="VTR:PassengerStopAssignment:126883" version="1">
              <ScheduledStopPointRef ref="VTR:ScheduledStopPoint:126883" version="1"/>
              <QuayRef ref="VTR:Quay:6285"/>
            </PassengerStopAssignment>
            <PassengerStopAssignment order="755700025" id="VTR:PassengerStopAssignment:126886" version="1">
              <ScheduledStopPointRef ref="VTR:ScheduledStopPoint:126886" version="1"/>
              <QuayRef ref="VTR:Quay:8776"/>
            </PassengerStopAssignment>
            <PassengerStopAssignment order="755700026" id="VTR:PassengerStopAssignment:126887" version="1">
              <ScheduledStopPointRef ref="VTR:ScheduledStopPoint:126887" version="1"/>
              <QuayRef ref="VTR:Quay:8839"/>
            </PassengerStopAssignment>
            <PassengerStopAssignment order="755700027" id="VTR:PassengerStopAssignment:126888" version="1">
              <ScheduledStopPointRef ref="VTR:ScheduledStopPoint:126888" version="1"/>
              <QuayRef ref="VTR:Quay:9759"/>
            </PassengerStopAssignment>
            <PassengerStopAssignment order="755700028" id="VTR:PassengerStopAssignment:126889" version="1">
              <ScheduledStopPointRef ref="VTR:ScheduledStopPoint:126889" version="1"/>
              <QuayRef ref="VTR:Quay:9718"/>
            </PassengerStopAssignment>
            <PassengerStopAssignment order="755700029" id="VTR:PassengerStopAssignment:126890" version="1">
              <ScheduledStopPointRef ref="VTR:ScheduledStopPoint:126890" version="1"/>
              <QuayRef ref="VTR:Quay:23769"/>
            </PassengerStopAssignment>
          </stopAssignments>
          <journeyPatterns>
            <JourneyPattern id="VTR:JourneyPattern:58345" version="58408">
              <Name>6</Name>
              <RouteRef ref="VTR:Route:7557" version="1"/>
              <pointsInSequence>
                <StopPointInJourneyPattern id="VTR:StopPointInJourneyPattern:1173620" version="58408" order="1">
                  <ScheduledStopPointRef ref="VTR:ScheduledStopPoint:126861"/>
                  <DestinationDisplayRef ref="VTR:DestinationDisplay:1"/>
                </StopPointInJourneyPattern>
                <StopPointInJourneyPattern id="VTR:StopPointInJourneyPattern:1173621" version="58408" order="2">
                  <ScheduledStopPointRef ref="VTR:ScheduledStopPoint:126862"/>
                  <DestinationDisplayRef ref="VTR:DestinationDisplay:1"/>
                </StopPointInJourneyPattern>
                <StopPointInJourneyPattern id="VTR:StopPointInJourneyPattern:1173622" version="58408" order="3">
                  <ScheduledStopPointRef ref="VTR:ScheduledStopPoint:126863"/>
                  <DestinationDisplayRef ref="VTR:DestinationDisplay:1"/>
                </StopPointInJourneyPattern>
                <StopPointInJourneyPattern id="VTR:StopPointInJourneyPattern:1173623" version="58408" order="4">
                  <ScheduledStopPointRef ref="VTR:ScheduledStopPoint:126864"/>
                  <DestinationDisplayRef ref="VTR:DestinationDisplay:1"/>
                </StopPointInJourneyPattern>
                <StopPointInJourneyPattern id="VTR:StopPointInJourneyPattern:1173624" version="58408" order="5">
                  <ScheduledStopPointRef ref="VTR:ScheduledStopPoint:126865"/>
                  <DestinationDisplayRef ref="VTR:DestinationDisplay:1"/>
                </StopPointInJourneyPattern>
                <StopPointInJourneyPattern id="VTR:StopPointInJourneyPattern:1173625" version="58408" order="6">
                  <ScheduledStopPointRef ref="VTR:ScheduledStopPoint:126866"/>
                  <DestinationDisplayRef ref="VTR:DestinationDisplay:1"/>
                </StopPointInJourneyPattern>
                <StopPointInJourneyPattern id="VTR:StopPointInJourneyPattern:1173626" version="58408" order="7">
                  <ScheduledStopPointRef ref="VTR:ScheduledStopPoint:126867"/>
                  <DestinationDisplayRef ref="VTR:DestinationDisplay:1"/>
                </StopPointInJourneyPattern>
                <StopPointInJourneyPattern id="VTR:StopPointInJourneyPattern:1173627" version="58408" order="8">
                  <ScheduledStopPointRef ref="VTR:ScheduledStopPoint:126868"/>
                  <DestinationDisplayRef ref="VTR:DestinationDisplay:1"/>
                </StopPointInJourneyPattern>
                <StopPointInJourneyPattern id="VTR:StopPointInJourneyPattern:1173628" version="58408" order="9">
                  <ScheduledStopPointRef ref="VTR:ScheduledStopPoint:126869"/>
                  <DestinationDisplayRef ref="VTR:DestinationDisplay:1"/>
                </StopPointInJourneyPattern>
                <StopPointInJourneyPattern id="VTR:StopPointInJourneyPattern:1173629" version="58408" order="10">
                  <ScheduledStopPointRef ref="VTR:ScheduledStopPoint:126870"/>
                  <DestinationDisplayRef ref="VTR:DestinationDisplay:1"/>
                </StopPointInJourneyPattern>
                <StopPointInJourneyPattern id="VTR:StopPointInJourneyPattern:1173630" version="58408" order="11">
                  <ScheduledStopPointRef ref="VTR:ScheduledStopPoint:126871"/>
                  <DestinationDisplayRef ref="VTR:DestinationDisplay:1"/>
                </StopPointInJourneyPattern>
                <StopPointInJourneyPattern id="VTR:StopPointInJourneyPattern:1173631" version="58408" order="12">
                  <ScheduledStopPointRef ref="VTR:ScheduledStopPoint:126872"/>
                  <DestinationDisplayRef ref="VTR:DestinationDisplay:1"/>
                </StopPointInJourneyPattern>
                <StopPointInJourneyPattern id="VTR:StopPointInJourneyPattern:1173632" version="58408" order="13">
                  <ScheduledStopPointRef ref="VTR:ScheduledStopPoint:126875"/>
                  <DestinationDisplayRef ref="VTR:DestinationDisplay:1"/>
                </StopPointInJourneyPattern>
                <StopPointInJourneyPattern id="VTR:StopPointInJourneyPattern:1173633" version="58408" order="14">
                  <ScheduledStopPointRef ref="VTR:ScheduledStopPoint:126880"/>
                  <DestinationDisplayRef ref="VTR:DestinationDisplay:1"/>
                </StopPointInJourneyPattern>
                <StopPointInJourneyPattern id="VTR:StopPointInJourneyPattern:1173634" version="58408" order="15">
                  <ScheduledStopPointRef ref="VTR:ScheduledStopPoint:126881"/>
                  <DestinationDisplayRef ref="VTR:DestinationDisplay:1"/>
                </StopPointInJourneyPattern>
                <StopPointInJourneyPattern id="VTR:StopPointInJourneyPattern:1173635" version="58408" order="16">
                  <ScheduledStopPointRef ref="VTR:ScheduledStopPoint:126882"/>
                  <DestinationDisplayRef ref="VTR:DestinationDisplay:1"/>
                </StopPointInJourneyPattern>
                <StopPointInJourneyPattern id="VTR:StopPointInJourneyPattern:1173636" version="58408" order="17">
                  <ScheduledStopPointRef ref="VTR:ScheduledStopPoint:126883"/>
                  <DestinationDisplayRef ref="VTR:DestinationDisplay:1"/>
                </StopPointInJourneyPattern>
                <StopPointInJourneyPattern id="VTR:StopPointInJourneyPattern:1173637" version="58408" order="18">
                  <ScheduledStopPointRef ref="VTR:ScheduledStopPoint:126886"/>
                  <DestinationDisplayRef ref="VTR:DestinationDisplay:1"/>
                </StopPointInJourneyPattern>
                <StopPointInJourneyPattern id="VTR:StopPointInJourneyPattern:1173638" version="58408" order="19">
                  <ScheduledStopPointRef ref="VTR:ScheduledStopPoint:126887"/>
                  <DestinationDisplayRef ref="VTR:DestinationDisplay:1"/>
                </StopPointInJourneyPattern>
                <StopPointInJourneyPattern id="VTR:StopPointInJourneyPattern:1173639" version="58408" order="20">
                  <ScheduledStopPointRef ref="VTR:ScheduledStopPoint:126888"/>
                  <DestinationDisplayRef ref="VTR:DestinationDisplay:1"/>
                </StopPointInJourneyPattern>
                <StopPointInJourneyPattern id="VTR:StopPointInJourneyPattern:1173640" version="58408" order="21">
                  <ScheduledStopPointRef ref="VTR:ScheduledStopPoint:126889"/>
                  <DestinationDisplayRef ref="VTR:DestinationDisplay:1"/>
                </StopPointInJourneyPattern>
                <StopPointInJourneyPattern id="VTR:StopPointInJourneyPattern:1173641" version="58408" order="22">
                  <ScheduledStopPointRef ref="VTR:ScheduledStopPoint:126890"/>
                  <DestinationDisplayRef ref="VTR:DestinationDisplay:1"/>
                </StopPointInJourneyPattern>
              </pointsInSequence>
            </JourneyPattern>
            <JourneyPattern id="VTR:JourneyPattern:58344" version="58407">
              <Name>4</Name>
              <RouteRef ref="VTR:Route:7557" version="1"/>
              <pointsInSequence>
                <StopPointInJourneyPattern id="VTR:StopPointInJourneyPattern:1173598" version="58407" order="1">
                  <ScheduledStopPointRef ref="VTR:ScheduledStopPoint:126861"/>
                  <DestinationDisplayRef ref="VTR:DestinationDisplay:1"/>
                </StopPointInJourneyPattern>
                <StopPointInJourneyPattern id="VTR:StopPointInJourneyPattern:1173599" version="58407" order="2">
                  <ScheduledStopPointRef ref="VTR:ScheduledStopPoint:126862"/>
                  <DestinationDisplayRef ref="VTR:DestinationDisplay:1"/>
                </StopPointInJourneyPattern>
                <StopPointInJourneyPattern id="VTR:StopPointInJourneyPattern:1173600" version="58407" order="3">
                  <ScheduledStopPointRef ref="VTR:ScheduledStopPoint:126863"/>
                  <DestinationDisplayRef ref="VTR:DestinationDisplay:1"/>
                </StopPointInJourneyPattern>
                <StopPointInJourneyPattern id="VTR:StopPointInJourneyPattern:1173601" version="58407" order="4">
                  <ScheduledStopPointRef ref="VTR:ScheduledStopPoint:126864"/>
                  <DestinationDisplayRef ref="VTR:DestinationDisplay:1"/>
                </StopPointInJourneyPattern>
                <StopPointInJourneyPattern id="VTR:StopPointInJourneyPattern:1173602" version="58407" order="5">
                  <ScheduledStopPointRef ref="VTR:ScheduledStopPoint:126865"/>
                  <DestinationDisplayRef ref="VTR:DestinationDisplay:1"/>
                </StopPointInJourneyPattern>
                <StopPointInJourneyPattern id="VTR:StopPointInJourneyPattern:1173603" version="58407" order="6">
                  <ScheduledStopPointRef ref="VTR:ScheduledStopPoint:126866"/>
                  <DestinationDisplayRef ref="VTR:DestinationDisplay:1"/>
                </StopPointInJourneyPattern>
                <StopPointInJourneyPattern id="VTR:StopPointInJourneyPattern:1173604" version="58407" order="7">
                  <ScheduledStopPointRef ref="VTR:ScheduledStopPoint:126867"/>
                  <DestinationDisplayRef ref="VTR:DestinationDisplay:1"/>
                </StopPointInJourneyPattern>
                <StopPointInJourneyPattern id="VTR:StopPointInJourneyPattern:1173605" version="58407" order="8">
                  <ScheduledStopPointRef ref="VTR:ScheduledStopPoint:126868"/>
                  <DestinationDisplayRef ref="VTR:DestinationDisplay:1"/>
                </StopPointInJourneyPattern>
                <StopPointInJourneyPattern id="VTR:StopPointInJourneyPattern:1173606" version="58407" order="9">
                  <ScheduledStopPointRef ref="VTR:ScheduledStopPoint:126869"/>
                  <DestinationDisplayRef ref="VTR:DestinationDisplay:1"/>
                </StopPointInJourneyPattern>
                <StopPointInJourneyPattern id="VTR:StopPointInJourneyPattern:1173607" version="58407" order="10">
                  <ScheduledStopPointRef ref="VTR:ScheduledStopPoint:126870"/>
                  <DestinationDisplayRef ref="VTR:DestinationDisplay:1"/>
                </StopPointInJourneyPattern>
                <StopPointInJourneyPattern id="VTR:StopPointInJourneyPattern:1173608" version="58407" order="11">
                  <ScheduledStopPointRef ref="VTR:ScheduledStopPoint:126871"/>
                  <DestinationDisplayRef ref="VTR:DestinationDisplay:1"/>
                </StopPointInJourneyPattern>
                <StopPointInJourneyPattern id="VTR:StopPointInJourneyPattern:1173609" version="58407" order="12">
                  <ScheduledStopPointRef ref="VTR:ScheduledStopPoint:126872"/>
                  <DestinationDisplayRef ref="VTR:DestinationDisplay:1"/>
                </StopPointInJourneyPattern>
                <StopPointInJourneyPattern id="VTR:StopPointInJourneyPattern:1173610" version="58407" order="13">
                  <ScheduledStopPointRef ref="VTR:ScheduledStopPoint:126875"/>
                  <DestinationDisplayRef ref="VTR:DestinationDisplay:1"/>
                </StopPointInJourneyPattern>
                <StopPointInJourneyPattern id="VTR:StopPointInJourneyPattern:1173611" version="58407" order="14">
                  <ScheduledStopPointRef ref="VTR:ScheduledStopPoint:126880"/>
                  <DestinationDisplayRef ref="VTR:DestinationDisplay:1"/>
                </StopPointInJourneyPattern>
                <StopPointInJourneyPattern id="VTR:StopPointInJourneyPattern:1173612" version="58407" order="15">
                  <ScheduledStopPointRef ref="VTR:ScheduledStopPoint:126881"/>
                  <DestinationDisplayRef ref="VTR:DestinationDisplay:1"/>
                </StopPointInJourneyPattern>
                <StopPointInJourneyPattern id="VTR:StopPointInJourneyPattern:1173613" version="58407" order="16">
                  <ScheduledStopPointRef ref="VTR:ScheduledStopPoint:126882"/>
                  <DestinationDisplayRef ref="VTR:DestinationDisplay:1"/>
                </StopPointInJourneyPattern>
                <StopPointInJourneyPattern id="VTR:StopPointInJourneyPattern:1173614" version="58407" order="17">
                  <ScheduledStopPointRef ref="VTR:ScheduledStopPoint:126883"/>
                  <DestinationDisplayRef ref="VTR:DestinationDisplay:1"/>
                </StopPointInJourneyPattern>
                <StopPointInJourneyPattern id="VTR:StopPointInJourneyPattern:1173615" version="58407" order="18">
                  <ScheduledStopPointRef ref="VTR:ScheduledStopPoint:126886"/>
                  <DestinationDisplayRef ref="VTR:DestinationDisplay:1"/>
                </StopPointInJourneyPattern>
                <StopPointInJourneyPattern id="VTR:StopPointInJourneyPattern:1173616" version="58407" order="19">
                  <ScheduledStopPointRef ref="VTR:ScheduledStopPoint:126887"/>
                  <DestinationDisplayRef ref="VTR:DestinationDisplay:1"/>
                </StopPointInJourneyPattern>
                <StopPointInJourneyPattern id="VTR:StopPointInJourneyPattern:1173617" version="58407" order="20">
                  <ScheduledStopPointRef ref="VTR:ScheduledStopPoint:126888"/>
                  <DestinationDisplayRef ref="VTR:DestinationDisplay:1"/>
                </StopPointInJourneyPattern>
                <StopPointInJourneyPattern id="VTR:StopPointInJourneyPattern:1173618" version="58407" order="21">
                  <ScheduledStopPointRef ref="VTR:ScheduledStopPoint:126889"/>
                  <DestinationDisplayRef ref="VTR:DestinationDisplay:1"/>
                </StopPointInJourneyPattern>
                <StopPointInJourneyPattern id="VTR:StopPointInJourneyPattern:1173619" version="58407" order="22">
                  <ScheduledStopPointRef ref="VTR:ScheduledStopPoint:126890"/>
                  <DestinationDisplayRef ref="VTR:DestinationDisplay:1"/>
                </StopPointInJourneyPattern>
              </pointsInSequence>
            </JourneyPattern>
          </journeyPatterns>
        </ServiceFrame>
        <TimetableFrame version="1" id="VTR:TimetableFrame:1381">
          <vehicleJourneys>
            <ServiceJourney version="58407" id="VTR:ServiceJourney:58344">
              <Name>Nemaitonys-Kaišiadorys per Stasiūnus</Name>
              <PrivateCode>4</PrivateCode>
              <dayTypes>
                <DayTypeRef ref="VTR:DayType:3087"/>
              </dayTypes>
              <JourneyPatternRef version="58407" ref="VTR:JourneyPattern:58344"/>
              <OperatorRef ref="VTR:Operator:"/>
              <LineRef ref="VTR:Line:2903" version="2984"/>
              <passingTimes>
                <TimetabledPassingTime version="58407" id="VTR:TimetabledPassingTime:58344_1173598_1">
                  <StopPointInJourneyPatternRef ref="VTR:StopPointInJourneyPattern:1173598" version="58407"/>
                  <DepartureTime>13:50:00</DepartureTime>
                  <DepartureDayOffset>0</DepartureDayOffset>
                </TimetabledPassingTime>
                <TimetabledPassingTime version="58407" id="VTR:TimetabledPassingTime:58344_1173599_2">
                  <StopPointInJourneyPatternRef ref="VTR:StopPointInJourneyPattern:1173599" version="58407"/>
                  <DepartureTime>13:52:00</DepartureTime>
                  <DepartureDayOffset>0</DepartureDayOffset>
                </TimetabledPassingTime>
                <TimetabledPassingTime version="58407" id="VTR:TimetabledPassingTime:58344_1173600_3">
                  <StopPointInJourneyPatternRef ref="VTR:StopPointInJourneyPattern:1173600" version="58407"/>
                  <DepartureTime>13:55:00</DepartureTime>
                  <DepartureDayOffset>0</DepartureDayOffset>
                </TimetabledPassingTime>
                <TimetabledPassingTime version="58407" id="VTR:TimetabledPassingTime:58344_1173601_4">
                  <StopPointInJourneyPatternRef ref="VTR:StopPointInJourneyPattern:1173601" version="58407"/>
                  <DepartureTime>13:59:00</DepartureTime>
                  <DepartureDayOffset>0</DepartureDayOffset>
                </TimetabledPassingTime>
                <TimetabledPassingTime version="58407" id="VTR:TimetabledPassingTime:58344_1173602_5">
                  <StopPointInJourneyPatternRef ref="VTR:StopPointInJourneyPattern:1173602" version="58407"/>
                  <DepartureTime>14:06:00</DepartureTime>
                  <DepartureDayOffset>0</DepartureDayOffset>
                </TimetabledPassingTime>
                <TimetabledPassingTime version="58407" id="VTR:TimetabledPassingTime:58344_1173603_6">
                  <StopPointInJourneyPatternRef ref="VTR:StopPointInJourneyPattern:1173603" version="58407"/>
                  <DepartureTime>14:09:00</DepartureTime>
                  <DepartureDayOffset>0</DepartureDayOffset>
                </TimetabledPassingTime>
                <TimetabledPassingTime version="58407" id="VTR:TimetabledPassingTime:58344_1173604_7">
                  <StopPointInJourneyPatternRef ref="VTR:StopPointInJourneyPattern:1173604" version="58407"/>
                  <DepartureTime>14:12:00</DepartureTime>
                  <DepartureDayOffset>0</DepartureDayOffset>
                </TimetabledPassingTime>
                <TimetabledPassingTime version="58407" id="VTR:TimetabledPassingTime:58344_1173605_8">
                  <StopPointInJourneyPatternRef ref="VTR:StopPointInJourneyPattern:1173605" version="58407"/>
                  <DepartureTime>14:15:00</DepartureTime>
                  <DepartureDayOffset>0</DepartureDayOffset>
                </TimetabledPassingTime>
                <TimetabledPassingTime version="58407" id="VTR:TimetabledPassingTime:58344_1173606_9">
                  <StopPointInJourneyPatternRef ref="VTR:StopPointInJourneyPattern:1173606" version="58407"/>
                  <DepartureTime>14:17:00</DepartureTime>
                  <DepartureDayOffset>0</DepartureDayOffset>
                </TimetabledPassingTime>
                <TimetabledPassingTime version="58407" id="VTR:TimetabledPassingTime:58344_1173607_10">
                  <StopPointInJourneyPatternRef ref="VTR:StopPointInJourneyPattern:1173607" version="58407"/>
                  <DepartureTime>14:20:00</DepartureTime>
                  <DepartureDayOffset>0</DepartureDayOffset>
                </TimetabledPassingTime>
                <TimetabledPassingTime version="58407" id="VTR:TimetabledPassingTime:58344_1173608_11">
                  <StopPointInJourneyPatternRef ref="VTR:StopPointInJourneyPattern:1173608" version="58407"/>
                  <DepartureTime>14:24:00</DepartureTime>
                  <DepartureDayOffset>0</DepartureDayOffset>
                </TimetabledPassingTime>
                <TimetabledPassingTime version="58407" id="VTR:TimetabledPassingTime:58344_1173609_12">
                  <StopPointInJourneyPatternRef ref="VTR:StopPointInJourneyPattern:1173609" version="58407"/>
                  <DepartureTime>14:26:00</DepartureTime>
                  <DepartureDayOffset>0</DepartureDayOffset>
                </TimetabledPassingTime>
                <TimetabledPassingTime version="58407" id="VTR:TimetabledPassingTime:58344_1173610_13">
                  <StopPointInJourneyPatternRef ref="VTR:StopPointInJourneyPattern:1173610" version="58407"/>
                  <DepartureTime>14:28:00</DepartureTime>
                  <DepartureDayOffset>0</DepartureDayOffset>
                </TimetabledPassingTime>
                <TimetabledPassingTime version="58407" id="VTR:TimetabledPassingTime:58344_1173611_14">
                  <StopPointInJourneyPatternRef ref="VTR:StopPointInJourneyPattern:1173611" version="58407"/>
                  <DepartureTime>14:31:00</DepartureTime>
                  <DepartureDayOffset>0</DepartureDayOffset>
                </TimetabledPassingTime>
                <TimetabledPassingTime version="58407" id="VTR:TimetabledPassingTime:58344_1173612_15">
                  <StopPointInJourneyPatternRef ref="VTR:StopPointInJourneyPattern:1173612" version="58407"/>
                  <DepartureTime>14:34:00</DepartureTime>
                  <DepartureDayOffset>0</DepartureDayOffset>
                </TimetabledPassingTime>
                <TimetabledPassingTime version="58407" id="VTR:TimetabledPassingTime:58344_1173613_16">
                  <StopPointInJourneyPatternRef ref="VTR:StopPointInJourneyPattern:1173613" version="58407"/>
                  <DepartureTime>14:37:00</DepartureTime>
                  <DepartureDayOffset>0</DepartureDayOffset>
                </TimetabledPassingTime>
                <TimetabledPassingTime version="58407" id="VTR:TimetabledPassingTime:58344_1173614_17">
                  <StopPointInJourneyPatternRef ref="VTR:StopPointInJourneyPattern:1173614" version="58407"/>
                  <DepartureTime>14:38:00</DepartureTime>
                  <DepartureDayOffset>0</DepartureDayOffset>
                </TimetabledPassingTime>
                <TimetabledPassingTime version="58407" id="VTR:TimetabledPassingTime:58344_1173615_18">
                  <StopPointInJourneyPatternRef ref="VTR:StopPointInJourneyPattern:1173615" version="58407"/>
                  <DepartureTime>14:40:00</DepartureTime>
                  <DepartureDayOffset>0</DepartureDayOffset>
                </TimetabledPassingTime>
                <TimetabledPassingTime version="58407" id="VTR:TimetabledPassingTime:58344_1173616_19">
                  <StopPointInJourneyPatternRef ref="VTR:StopPointInJourneyPattern:1173616" version="58407"/>
                  <DepartureTime>14:41:00</DepartureTime>
                  <DepartureDayOffset>0</DepartureDayOffset>
                </TimetabledPassingTime>
                <TimetabledPassingTime version="58407" id="VTR:TimetabledPassingTime:58344_1173617_20">
                  <StopPointInJourneyPatternRef ref="VTR:StopPointInJourneyPattern:1173617" version="58407"/>
                  <DepartureTime>14:42:00</DepartureTime>
                  <DepartureDayOffset>0</DepartureDayOffset>
                </TimetabledPassingTime>
                <TimetabledPassingTime version="58407" id="VTR:TimetabledPassingTime:58344_1173618_21">
                  <StopPointInJourneyPatternRef ref="VTR:StopPointInJourneyPattern:1173618" version="58407"/>
                  <DepartureTime>14:43:00</DepartureTime>
                  <DepartureDayOffset>0</DepartureDayOffset>
                </TimetabledPassingTime>
                <TimetabledPassingTime version="58407" id="VTR:TimetabledPassingTime:58344_1173619_22">
                  <StopPointInJourneyPatternRef ref="VTR:StopPointInJourneyPattern:1173619" version="58407"/>
                  <DepartureTime>14:45:00</DepartureTime>
                  <DepartureDayOffset>0</DepartureDayOffset>
                </TimetabledPassingTime>
              </passingTimes>
            </ServiceJourney>
            <ServiceJourney version="58408" id="VTR:ServiceJourney:58345">
              <Name>Nemaitonys-Kaišiadorys per Stasiūnus</Name>
              <PrivateCode>6</PrivateCode>
              <dayTypes>
                <DayTypeRef ref="VTR:DayType:3065"/>
              </dayTypes>
              <JourneyPatternRef version="58408" ref="VTR:JourneyPattern:58345"/>
              <OperatorRef ref="VTR:Operator:"/>
              <LineRef ref="VTR:Line:2903" version="2984"/>
              <passingTimes>
                <TimetabledPassingTime version="58408" id="VTR:TimetabledPassingTime:58345_1173620_1">
                  <StopPointInJourneyPatternRef ref="VTR:StopPointInJourneyPattern:1173620" version="58408"/>
                  <DepartureTime>16:15:00</DepartureTime>
                  <DepartureDayOffset>0</DepartureDayOffset>
                </TimetabledPassingTime>
                <TimetabledPassingTime version="58408" id="VTR:TimetabledPassingTime:58345_1173621_2">
                  <StopPointInJourneyPatternRef ref="VTR:StopPointInJourneyPattern:1173621" version="58408"/>
                  <DepartureTime>16:18:00</DepartureTime>
                  <DepartureDayOffset>0</DepartureDayOffset>
                </TimetabledPassingTime>
                <TimetabledPassingTime version="58408" id="VTR:TimetabledPassingTime:58345_1173622_3">
                  <StopPointInJourneyPatternRef ref="VTR:StopPointInJourneyPattern:1173622" version="58408"/>
                  <DepartureTime>16:21:00</DepartureTime>
                  <DepartureDayOffset>0</DepartureDayOffset>
                </TimetabledPassingTime>
                <TimetabledPassingTime version="58408" id="VTR:TimetabledPassingTime:58345_1173623_4">
                  <StopPointInJourneyPatternRef ref="VTR:StopPointInJourneyPattern:1173623" version="58408"/>
                  <DepartureTime>16:24:00</DepartureTime>
                  <DepartureDayOffset>0</DepartureDayOffset>
                </TimetabledPassingTime>
                <TimetabledPassingTime version="58408" id="VTR:TimetabledPassingTime:58345_1173624_5">
                  <StopPointInJourneyPatternRef ref="VTR:StopPointInJourneyPattern:1173624" version="58408"/>
                  <DepartureTime>16:32:00</DepartureTime>
                  <DepartureDayOffset>0</DepartureDayOffset>
                </TimetabledPassingTime>
                <TimetabledPassingTime version="58408" id="VTR:TimetabledPassingTime:58345_1173625_6">
                  <StopPointInJourneyPatternRef ref="VTR:StopPointInJourneyPattern:1173625" version="58408"/>
                  <DepartureTime>16:35:00</DepartureTime>
                  <DepartureDayOffset>0</DepartureDayOffset>
                </TimetabledPassingTime>
                <TimetabledPassingTime version="58408" id="VTR:TimetabledPassingTime:58345_1173626_7">
                  <StopPointInJourneyPatternRef ref="VTR:StopPointInJourneyPattern:1173626" version="58408"/>
                  <DepartureTime>16:39:00</DepartureTime>
                  <DepartureDayOffset>0</DepartureDayOffset>
                </TimetabledPassingTime>
                <TimetabledPassingTime version="58408" id="VTR:TimetabledPassingTime:58345_1173627_8">
                  <StopPointInJourneyPatternRef ref="VTR:StopPointInJourneyPattern:1173627" version="58408"/>
                  <DepartureTime>16:43:00</DepartureTime>
                  <DepartureDayOffset>0</DepartureDayOffset>
                </TimetabledPassingTime>
                <TimetabledPassingTime version="58408" id="VTR:TimetabledPassingTime:58345_1173628_9">
                  <StopPointInJourneyPatternRef ref="VTR:StopPointInJourneyPattern:1173628" version="58408"/>
                  <DepartureTime>16:46:00</DepartureTime>
                  <DepartureDayOffset>0</DepartureDayOffset>
                </TimetabledPassingTime>
                <TimetabledPassingTime version="58408" id="VTR:TimetabledPassingTime:58345_1173629_10">
                  <StopPointInJourneyPatternRef ref="VTR:StopPointInJourneyPattern:1173629" version="58408"/>
                  <DepartureTime>16:50:00</DepartureTime>
                  <DepartureDayOffset>0</DepartureDayOffset>
                </TimetabledPassingTime>
                <TimetabledPassingTime version="58408" id="VTR:TimetabledPassingTime:58345_1173630_11">
                  <StopPointInJourneyPatternRef ref="VTR:StopPointInJourneyPattern:1173630" version="58408"/>
                  <DepartureTime>16:54:00</DepartureTime>
                  <DepartureDayOffset>0</DepartureDayOffset>
                </TimetabledPassingTime>
                <TimetabledPassingTime version="58408" id="VTR:TimetabledPassingTime:58345_1173631_12">
                  <StopPointInJourneyPatternRef ref="VTR:StopPointInJourneyPattern:1173631" version="58408"/>
                  <DepartureTime>16:56:00</DepartureTime>
                  <DepartureDayOffset>0</DepartureDayOffset>
                </TimetabledPassingTime>
                <TimetabledPassingTime version="58408" id="VTR:TimetabledPassingTime:58345_1173632_13">
                  <StopPointInJourneyPatternRef ref="VTR:StopPointInJourneyPattern:1173632" version="58408"/>
                  <DepartureTime>16:58:00</DepartureTime>
                  <DepartureDayOffset>0</DepartureDayOffset>
                </TimetabledPassingTime>
                <TimetabledPassingTime version="58408" id="VTR:TimetabledPassingTime:58345_1173633_14">
                  <StopPointInJourneyPatternRef ref="VTR:StopPointInJourneyPattern:1173633" version="58408"/>
                  <DepartureTime>17:01:00</DepartureTime>
                  <DepartureDayOffset>0</DepartureDayOffset>
                </TimetabledPassingTime>
                <TimetabledPassingTime version="58408" id="VTR:TimetabledPassingTime:58345_1173634_15">
                  <StopPointInJourneyPatternRef ref="VTR:StopPointInJourneyPattern:1173634" version="58408"/>
                  <DepartureTime>17:04:00</DepartureTime>
                  <DepartureDayOffset>0</DepartureDayOffset>
                </TimetabledPassingTime>
                <TimetabledPassingTime version="58408" id="VTR:TimetabledPassingTime:58345_1173635_16">
                  <StopPointInJourneyPatternRef ref="VTR:StopPointInJourneyPattern:1173635" version="58408"/>
                  <DepartureTime>17:07:00</DepartureTime>
                  <DepartureDayOffset>0</DepartureDayOffset>
                </TimetabledPassingTime>
                <TimetabledPassingTime version="58408" id="VTR:TimetabledPassingTime:58345_1173636_17">
                  <StopPointInJourneyPatternRef ref="VTR:StopPointInJourneyPattern:1173636" version="58408"/>
                  <DepartureTime>17:08:00</DepartureTime>
                  <DepartureDayOffset>0</DepartureDayOffset>
                </TimetabledPassingTime>
                <TimetabledPassingTime version="58408" id="VTR:TimetabledPassingTime:58345_1173637_18">
                  <StopPointInJourneyPatternRef ref="VTR:StopPointInJourneyPattern:1173637" version="58408"/>
                  <DepartureTime>17:10:00</DepartureTime>
                  <DepartureDayOffset>0</DepartureDayOffset>
                </TimetabledPassingTime>
                <TimetabledPassingTime version="58408" id="VTR:TimetabledPassingTime:58345_1173638_19">
                  <StopPointInJourneyPatternRef ref="VTR:StopPointInJourneyPattern:1173638" version="58408"/>
                  <DepartureTime>17:11:00</DepartureTime>
                  <DepartureDayOffset>0</DepartureDayOffset>
                </TimetabledPassingTime>
                <TimetabledPassingTime version="58408" id="VTR:TimetabledPassingTime:58345_1173639_20">
                  <StopPointInJourneyPatternRef ref="VTR:StopPointInJourneyPattern:1173639" version="58408"/>
                  <DepartureTime>17:12:00</DepartureTime>
                  <DepartureDayOffset>0</DepartureDayOffset>
                </TimetabledPassingTime>
                <TimetabledPassingTime version="58408" id="VTR:TimetabledPassingTime:58345_1173640_21">
                  <StopPointInJourneyPatternRef ref="VTR:StopPointInJourneyPattern:1173640" version="58408"/>
                  <DepartureTime>17:13:00</DepartureTime>
                  <DepartureDayOffset>0</DepartureDayOffset>
                </TimetabledPassingTime>
                <TimetabledPassingTime version="58408" id="VTR:TimetabledPassingTime:58345_1173641_22">
                  <StopPointInJourneyPatternRef ref="VTR:StopPointInJourneyPattern:1173641" version="58408"/>
                  <DepartureTime>17:15:00</DepartureTime>
                  <DepartureDayOffset>0</DepartureDayOffset>
                </TimetabledPassingTime>
              </passingTimes>
            </ServiceJourney>
          </vehicleJourneys>
        </TimetableFrame>
        <ResourceFrame version="1" id="VTR:ResourceFrame:1381">
          <organisations>
            <Authority version="1" id="VTR:Authority:13">
              <CompanyNumber>49</CompanyNumber>
              <Name>Kaišiadorių r. sav.</Name>
              <LegalName>Kaišiadorių r. sav.</LegalName>
              <ContactDetails>
                <Email>meras@kaisiadorys.lt</Email>
                <Phone>834620480</Phone>
                <Url>www.kaisiadorys.lt</Url>
              </ContactDetails>
              <OrganisationType>authority</OrganisationType>
            </Authority>
          </organisations>
        </ResourceFrame>
        <FareFrame id="VTR:FareFrame:2903" version="1">
          <FrameDefaults>
            <DefaultCurrency>EUR</DefaultCurrency>
          </FrameDefaults>
          <fareStructureElements>
            <FareStructureElement id="VTR:FareStructureElement:pricematrix" version="1">
              <distanceMatrixElements>
                <DistanceMatrixElementRef ref="VTR:DistanceMatrixElement:1173626to1173641" version="1"/>
                <DistanceMatrixElementRef ref="VTR:DistanceMatrixElement:1173638to1173641" version="1"/>
                <DistanceMatrixElementRef ref="VTR:DistanceMatrixElement:1173639to1173641" version="1"/>
                <DistanceMatrixElementRef ref="VTR:DistanceMatrixElement:1173604to1173619" version="1"/>
                <DistanceMatrixElementRef ref="VTR:DistanceMatrixElement:1173617to1173619" version="1"/>
                <DistanceMatrixElementRef ref="VTR:DistanceMatrixElement:1173616to1173619" version="1"/>
                <DistanceMatrixElementRef ref="VTR:DistanceMatrixElement:1173636to1173641" version="1"/>
                <DistanceMatrixElementRef ref="VTR:DistanceMatrixElement:1173614to1173619" version="1"/>
              </distanceMatrixElements>
            </FareStructureElement>
          </fareStructureElements>
          <tariffs>
            <Tariff id="VTR:Tariff:pointToPointInSeparateJourney_2903" version="1">
              <Name>Point to point tariff</Name>
              <distanceMatrixElements>
                <DistanceMatrixElement id="VTR:DistanceMatrixElement:1173626to1173641" version="1">
                  <Name>Dainiai to Kaišiadorių Autobusų stotis</Name>
                  <StartStopPointRef ref="VTR:ScheduledStopPoint:126867" version="1"/>
                  <EndStopPointRef ref="VTR:ScheduledStopPoint:126890" version="1"/>
                  <prices>
                    <DistanceMatrixElementPrice id="VTR:DistanceMatrixElementPrice:1173626to1173641" version="1">
                      <Amount>1.66</Amount>
                      <DistanceMatrixElementRef ref="VTR:DistanceMatrixElement:1173626to1173641" version="1"/>
                    </DistanceMatrixElementPrice>
                  </prices>
                </DistanceMatrixElement>
                <DistanceMatrixElement id="VTR:DistanceMatrixElement:1173638to1173641" version="1">
                  <Name>Pėsčiųjų tiltas to Kaišiadorių Autobusų stotis</Name>
                  <StartStopPointRef ref="VTR:ScheduledStopPoint:126887" version="1"/>
                  <EndStopPointRef ref="VTR:ScheduledStopPoint:126890" version="1"/>
                  <prices>
                    <DistanceMatrixElementPrice id="VTR:DistanceMatrixElementPrice:1173638to1173641" version="1">
                      <Amount>0.41</Amount>
                      <DistanceMatrixElementRef ref="VTR:DistanceMatrixElement:1173638to1173641" version="1"/>
                    </DistanceMatrixElementPrice>
                  </prices>
                </DistanceMatrixElement>
                <DistanceMatrixElement id="VTR:DistanceMatrixElement:1173639to1173641" version="1">
                  <Name>Centras to Kaišiadorių Autobusų stotis</Name>
                  <StartStopPointRef ref="VTR:ScheduledStopPoint:126888" version="1"/>
                  <EndStopPointRef ref="VTR:ScheduledStopPoint:126890" version="1"/>
                  <prices>
                    <DistanceMatrixElementPrice id="VTR:DistanceMatrixElementPrice:1173639to1173641" version="1">
                      <Amount>0.41</Amount>
                      <DistanceMatrixElementRef ref="VTR:DistanceMatrixElement:1173639to1173641" version="1"/>
                    </DistanceMatrixElementPrice>
                  </prices>
                </DistanceMatrixElement>
                <DistanceMatrixElement id="VTR:DistanceMatrixElement:1173604to1173619" version="1">
                  <Name>Dainiai to Kaišiadorių Autobusų stotis</Name>
                  <StartStopPointRef ref="VTR:ScheduledStopPoint:126867" version="1"/>
                  <EndStopPointRef ref="VTR:ScheduledStopPoint:126890" version="1"/>
                  <prices>
                    <DistanceMatrixElementPrice id="VTR:DistanceMatrixElementPrice:1173604to1173619" version="1">
                      <Amount>1.66</Amount>
                      <DistanceMatrixElementRef ref="VTR:DistanceMatrixElement:1173604to1173619" version="1"/>
                    </DistanceMatrixElementPrice>
                  </prices>
                </DistanceMatrixElement>
                <DistanceMatrixElement id="VTR:DistanceMatrixElement:1173617to1173619" version="1">
                  <Name>Centras to Kaišiadorių Autobusų stotis</Name>
                  <StartStopPointRef ref="VTR:ScheduledStopPoint:126888" version="1"/>
                  <EndStopPointRef ref="VTR:ScheduledStopPoint:126890" version="1"/>
                  <prices>
                    <DistanceMatrixElementPrice id="VTR:DistanceMatrixElementPrice:1173617to1173619" version="1">
                      <Amount>0.41</Amount>
                      <DistanceMatrixElementRef ref="VTR:DistanceMatrixElement:1173617to1173619" version="1"/>
                    </DistanceMatrixElementPrice>
                  </prices>
                </DistanceMatrixElement>
                <DistanceMatrixElement id="VTR:DistanceMatrixElement:1173616to1173619" version="1">
                  <Name>Pėsčiųjų tiltas to Kaišiadorių Autobusų stotis</Name>
                  <StartStopPointRef ref="VTR:ScheduledStopPoint:126887" version="1"/>
                  <EndStopPointRef ref="VTR:ScheduledStopPoint:126890" version="1"/>
                  <prices>
                    <DistanceMatrixElementPrice id="VTR:DistanceMatrixElementPrice:1173616to1173619" version="1">
                      <Amount>0.41</Amount>
                      <DistanceMatrixElementRef ref="VTR:DistanceMatrixElement:1173616to1173619" version="1"/>
                    </DistanceMatrixElementPrice>
                  </prices>
                </DistanceMatrixElement>
                <DistanceMatrixElement id="VTR:DistanceMatrixElement:1173636to1173641" version="1">
                  <Name>Kiemeliai to Kaišiadorių Autobusų stotis</Name>
                  <StartStopPointRef ref="VTR:ScheduledStopPoint:126883" version="1"/>
                  <EndStopPointRef ref="VTR:ScheduledStopPoint:126890" version="1"/>
                  <prices>
                    <DistanceMatrixElementPrice id="VTR:DistanceMatrixElementPrice:1173636to1173641" version="1">
                      <Amount>0.41</Amount>
                      <DistanceMatrixElementRef ref="VTR:DistanceMatrixElement:1173636to1173641" version="1"/>
                    </DistanceMatrixElementPrice>
                  </prices>
                </DistanceMatrixElement>
                <DistanceMatrixElement id="VTR:DistanceMatrixElement:1173614to1173619" version="1">
                  <Name>Kiemeliai to Kaišiadorių Autobusų stotis</Name>
                  <StartStopPointRef ref="VTR:ScheduledStopPoint:126883" version="1"/>
                  <EndStopPointRef ref="VTR:ScheduledStopPoint:126890" version="1"/>
                  <prices>
                    <DistanceMatrixElementPrice id="VTR:DistanceMatrixElementPrice:1173614to1173619" version="1">
                      <Amount>0.41</Amount>
                      <DistanceMatrixElementRef ref="VTR:DistanceMatrixElement:1173614to1173619" version="1"/>
                    </DistanceMatrixElementPrice>
                  </prices>
                </DistanceMatrixElement>
              </distanceMatrixElements>
            </Tariff>
          </tariffs>
          <usageParameters>
            <FrequencyOfUse id="VTR:FrequencyOfUse:oneTrip" version="1">
              <FrequencyOfUseType>unlimited</FrequencyOfUseType>
              <MaximalFrequency>1</MaximalFrequency>
            </FrequencyOfUse>
          </usageParameters>
        </FareFrame>
      </frames>
    </CompositeFrame>
  </dataObjects>
</PublicationDelivery>
