<?xml version="1.0" encoding="UTF-8"?><PublicationDelivery xmlns="http://www.netex.org.uk/netex" xmlns:gis="http://www.opengis.net/gml/3.2" xmlns:ns2="http://www.opengis.net/gml/3.2" xmlns:ns3="http://www.siri.org.uk/siri" xmlns:xsi="http://www.w3.org/2001/XMLSchema-instance" version="1" xsi:schemaLocation="">
  <PublicationTimestamp>2022-05-07T00:40:00.273</PublicationTimestamp>
  <ParticipantRef>VTR</ParticipantRef>
  <Description>1</Description>
  <dataObjects>
    <CompositeFrame created="2022-05-07T00:40:00.273" version="1" id="VTR:CompositeFrame:1349">
      <validityConditions>
        <AvailabilityCondition version="1" id="VTR:AvailabilityCondition:1349">
          <FromDate>2010-03-10T00:00:00</FromDate>
          <ToDate>2023-03-31T00:00:00</ToDate>
        </AvailabilityCondition>
      </validityConditions>
      <codespaces>
        <Codespace id="vtr">
          <Xmlns>VTR</Xmlns>
          <XmlnsUrl>http://www.visimarsrutai.lt/</XmlnsUrl>
        </Codespace>
      </codespaces>
      <FrameDefaults>
        <DefaultLocale>
          <TimeZone>Europe/Vilnius</TimeZone>
        </DefaultLocale>
        <DefaultLocationSystem>WGS84</DefaultLocationSystem>
      </FrameDefaults>
      <frames>
        <ServiceCalendarFrame version="1" id="VTR:ServiceCalendarFrame:1349">
          <dayTypes>
            <DayType id="VTR:DayType:90" version="1">
              <properties>
                <PropertyOfDay>
                  <DaysOfWeek>Weekdays</DaysOfWeek>
                </PropertyOfDay>
              </properties>
            </DayType>
          </dayTypes>
          <operatingPeriods>
            <OperatingPeriod version="1" id="VTR:OperatingPeriod:90">
              <FromDate>2015-06-02T00:00:00</FromDate>
              <ToDate>2099-12-31T00:00:00</ToDate>
            </OperatingPeriod>
          </operatingPeriods>
          <dayTypeAssignments>
            <DayTypeAssignment id="VTR:DayTypeAssignment:90_0" version="1" order="170">
              <OperatingPeriodRef ref="VTR:OperatingPeriod:90" version="1"/>
              <DayTypeRef ref="VTR:DayType:90" version="1"/>
            </DayTypeAssignment>
          </dayTypeAssignments>
        </ServiceCalendarFrame>
        <ServiceFrame id="VTR:ServiceFrame:1349" version="1">
          <Network version="0" id="VTR:Network:2"/>
          <routePoints>
            <RoutePoint version="1" id="VTR:RoutePoint:26014">
              <projections>
                <PointProjection version="1" id="VTR:PointProjection:8791">
                  <ProjectedPointRef ref="VTR:ScheduledStopPoint:26014" version="1"/>
                </PointProjection>
              </projections>
            </RoutePoint>
            <RoutePoint version="1" id="VTR:RoutePoint:26019">
              <projections>
                <PointProjection version="1" id="VTR:PointProjection:8792">
                  <ProjectedPointRef ref="VTR:ScheduledStopPoint:26019" version="1"/>
                </PointProjection>
              </projections>
            </RoutePoint>
            <RoutePoint version="1" id="VTR:RoutePoint:26022">
              <projections>
                <PointProjection version="1" id="VTR:PointProjection:8793">
                  <ProjectedPointRef ref="VTR:ScheduledStopPoint:26022" version="1"/>
                </PointProjection>
              </projections>
            </RoutePoint>
            <RoutePoint version="1" id="VTR:RoutePoint:26023">
              <projections>
                <PointProjection version="1" id="VTR:PointProjection:8794">
                  <ProjectedPointRef ref="VTR:ScheduledStopPoint:26023" version="1"/>
                </PointProjection>
              </projections>
            </RoutePoint>
            <RoutePoint version="1" id="VTR:RoutePoint:26024">
              <projections>
                <PointProjection version="1" id="VTR:PointProjection:8795">
                  <ProjectedPointRef ref="VTR:ScheduledStopPoint:26024" version="1"/>
                </PointProjection>
              </projections>
            </RoutePoint>
            <RoutePoint version="1" id="VTR:RoutePoint:26025">
              <projections>
                <PointProjection version="1" id="VTR:PointProjection:8796">
                  <ProjectedPointRef ref="VTR:ScheduledStopPoint:26025" version="1"/>
                </PointProjection>
              </projections>
            </RoutePoint>
            <RoutePoint version="1" id="VTR:RoutePoint:26026">
              <projections>
                <PointProjection version="1" id="VTR:PointProjection:8797">
                  <ProjectedPointRef ref="VTR:ScheduledStopPoint:26026" version="1"/>
                </PointProjection>
              </projections>
            </RoutePoint>
            <RoutePoint version="1" id="VTR:RoutePoint:26027">
              <projections>
                <PointProjection version="1" id="VTR:PointProjection:8798">
                  <ProjectedPointRef ref="VTR:ScheduledStopPoint:26027" version="1"/>
                </PointProjection>
              </projections>
            </RoutePoint>
            <RoutePoint version="1" id="VTR:RoutePoint:26727">
              <projections>
                <PointProjection version="1" id="VTR:PointProjection:7510">
                  <ProjectedPointRef ref="VTR:ScheduledStopPoint:26727" version="1"/>
                </PointProjection>
              </projections>
            </RoutePoint>
            <RoutePoint version="1" id="VTR:RoutePoint:32393">
              <projections>
                <PointProjection version="1" id="VTR:PointProjection:8968">
                  <ProjectedPointRef ref="VTR:ScheduledStopPoint:32393" version="1"/>
                </PointProjection>
              </projections>
            </RoutePoint>
            <RoutePoint version="1" id="VTR:RoutePoint:32394">
              <projections>
                <PointProjection version="1" id="VTR:PointProjection:8969">
                  <ProjectedPointRef ref="VTR:ScheduledStopPoint:32394" version="1"/>
                </PointProjection>
              </projections>
            </RoutePoint>
            <RoutePoint version="1" id="VTR:RoutePoint:32395">
              <projections>
                <PointProjection version="1" id="VTR:PointProjection:8970">
                  <ProjectedPointRef ref="VTR:ScheduledStopPoint:32395" version="1"/>
                </PointProjection>
              </projections>
            </RoutePoint>
          </routePoints>
          <routes>
            <Route version="1" id="VTR:Route:1734">
              <Name>Vilnius-Zarasai</Name>
              <ShortName>Vilnius-Zarasai</ShortName>
              <LineRef ref="VTR:Line:421" version="406"/>
              <DirectionType>inbound</DirectionType>
              <pointsInSequence>
                <PointOnRoute version="1" id="VTR:PointOnRoute:26014" order="1">
                  <RoutePointRef ref="VTR:RoutePoint:26014"/>
                </PointOnRoute>
                <PointOnRoute version="1" id="VTR:PointOnRoute:32393" order="2">
                  <RoutePointRef ref="VTR:RoutePoint:32393"/>
                </PointOnRoute>
                <PointOnRoute version="1" id="VTR:PointOnRoute:32394" order="3">
                  <RoutePointRef ref="VTR:RoutePoint:32394"/>
                </PointOnRoute>
                <PointOnRoute version="1" id="VTR:PointOnRoute:26019" order="4">
                  <RoutePointRef ref="VTR:RoutePoint:26019"/>
                </PointOnRoute>
                <PointOnRoute version="1" id="VTR:PointOnRoute:26022" order="5">
                  <RoutePointRef ref="VTR:RoutePoint:26022"/>
                </PointOnRoute>
                <PointOnRoute version="1" id="VTR:PointOnRoute:32395" order="6">
                  <RoutePointRef ref="VTR:RoutePoint:32395"/>
                </PointOnRoute>
                <PointOnRoute version="1" id="VTR:PointOnRoute:26023" order="7">
                  <RoutePointRef ref="VTR:RoutePoint:26023"/>
                </PointOnRoute>
                <PointOnRoute version="1" id="VTR:PointOnRoute:26024" order="8">
                  <RoutePointRef ref="VTR:RoutePoint:26024"/>
                </PointOnRoute>
                <PointOnRoute version="1" id="VTR:PointOnRoute:26025" order="9">
                  <RoutePointRef ref="VTR:RoutePoint:26025"/>
                </PointOnRoute>
                <PointOnRoute version="1" id="VTR:PointOnRoute:26026" order="10">
                  <RoutePointRef ref="VTR:RoutePoint:26026"/>
                </PointOnRoute>
                <PointOnRoute version="1" id="VTR:PointOnRoute:26727" order="11">
                  <RoutePointRef ref="VTR:RoutePoint:26727"/>
                </PointOnRoute>
                <PointOnRoute version="1" id="VTR:PointOnRoute:26027" order="12">
                  <RoutePointRef ref="VTR:RoutePoint:26027"/>
                </PointOnRoute>
              </pointsInSequence>
            </Route>
          </routes>
          <lines>
            <Line version="406" id="VTR:Line:421">
              <Name>Zarasai-Utena-Vilnius</Name>
              <TransportMode>bus</TransportMode>
              <TransportSubmode>
                <CoachSubmode>nationalCoach</CoachSubmode>
              </TransportSubmode>
              <PublicCode>M-998</PublicCode>
              <OperatorRef ref="VTR:Operator:2"/>
            </Line>
          </lines>
          <scheduledStopPoints>
            <ScheduledStopPoint version="1" id="VTR:ScheduledStopPoint:26014">
              <Name>Vilniaus autobusų stotis</Name>
            </ScheduledStopPoint>
            <ScheduledStopPoint version="1" id="VTR:ScheduledStopPoint:26019">
              <Name>Visalaukė</Name>
            </ScheduledStopPoint>
            <ScheduledStopPoint version="1" id="VTR:ScheduledStopPoint:26022">
              <Name>Utenos autobusų stotis</Name>
            </ScheduledStopPoint>
            <ScheduledStopPoint version="1" id="VTR:ScheduledStopPoint:26023">
              <Name>Radeikiai</Name>
            </ScheduledStopPoint>
            <ScheduledStopPoint version="1" id="VTR:ScheduledStopPoint:26024">
              <Name>Daugailiai</Name>
            </ScheduledStopPoint>
            <ScheduledStopPoint version="1" id="VTR:ScheduledStopPoint:26025">
              <Name>Jureliškis</Name>
            </ScheduledStopPoint>
            <ScheduledStopPoint version="1" id="VTR:ScheduledStopPoint:26026">
              <Name>Baibiai</Name>
            </ScheduledStopPoint>
            <ScheduledStopPoint version="1" id="VTR:ScheduledStopPoint:26027">
              <Name>Zarasų autobusų stotis</Name>
            </ScheduledStopPoint>
            <ScheduledStopPoint version="1" id="VTR:ScheduledStopPoint:26727">
              <Name>Degučiai</Name>
            </ScheduledStopPoint>
            <ScheduledStopPoint version="1" id="VTR:ScheduledStopPoint:32393">
              <Name>Ateities</Name>
            </ScheduledStopPoint>
            <ScheduledStopPoint version="1" id="VTR:ScheduledStopPoint:32394">
              <Name>Molėtų plentas</Name>
            </ScheduledStopPoint>
            <ScheduledStopPoint version="1" id="VTR:ScheduledStopPoint:32395">
              <Name>Turgus</Name>
            </ScheduledStopPoint>
          </scheduledStopPoints>
          <serviceLinks>
            <ServiceLink id="VTR:ServiceLink:26026_1_26727_1" version="1">
              <Distance>7</Distance>
              <FromPointRef ref="VTR:ScheduledStopPoint:26026" version="1"/>
              <ToPointRef ref="VTR:ScheduledStopPoint:26727" version="1"/>
            </ServiceLink>
            <ServiceLink id="VTR:ServiceLink:26024_1_26025_1" version="1">
              <Distance>4</Distance>
              <FromPointRef ref="VTR:ScheduledStopPoint:26024" version="1"/>
              <ToPointRef ref="VTR:ScheduledStopPoint:26025" version="1"/>
            </ServiceLink>
            <ServiceLink id="VTR:ServiceLink:32395_1_26023_1" version="1">
              <Distance>10</Distance>
              <FromPointRef ref="VTR:ScheduledStopPoint:32395" version="1"/>
              <ToPointRef ref="VTR:ScheduledStopPoint:26023" version="1"/>
            </ServiceLink>
            <ServiceLink id="VTR:ServiceLink:26025_1_26026_1" version="1">
              <Distance>4</Distance>
              <FromPointRef ref="VTR:ScheduledStopPoint:26025" version="1"/>
              <ToPointRef ref="VTR:ScheduledStopPoint:26026" version="1"/>
            </ServiceLink>
            <ServiceLink id="VTR:ServiceLink:26022_1_32395_1" version="1">
              <Distance>1</Distance>
              <FromPointRef ref="VTR:ScheduledStopPoint:26022" version="1"/>
              <ToPointRef ref="VTR:ScheduledStopPoint:32395" version="1"/>
            </ServiceLink>
            <ServiceLink id="VTR:ServiceLink:26023_1_26024_1" version="1">
              <Distance>6</Distance>
              <FromPointRef ref="VTR:ScheduledStopPoint:26023" version="1"/>
              <ToPointRef ref="VTR:ScheduledStopPoint:26024" version="1"/>
            </ServiceLink>
          </serviceLinks>
          <stopAssignments>
            <PassengerStopAssignment order="173400000" id="VTR:PassengerStopAssignment:26014" version="1">
              <ScheduledStopPointRef ref="VTR:ScheduledStopPoint:26014" version="1"/>
              <QuayRef ref="VTR:Quay:19485"/>
            </PassengerStopAssignment>
            <PassengerStopAssignment order="173400003" id="VTR:PassengerStopAssignment:32393" version="1">
              <ScheduledStopPointRef ref="VTR:ScheduledStopPoint:32393" version="1"/>
              <QuayRef ref="VTR:Quay:20089"/>
            </PassengerStopAssignment>
            <PassengerStopAssignment order="173400007" id="VTR:PassengerStopAssignment:32394" version="1">
              <ScheduledStopPointRef ref="VTR:ScheduledStopPoint:32394" version="1"/>
              <QuayRef ref="VTR:Quay:20092"/>
            </PassengerStopAssignment>
            <PassengerStopAssignment order="173400011" id="VTR:PassengerStopAssignment:26019" version="1">
              <ScheduledStopPointRef ref="VTR:ScheduledStopPoint:26019" version="1"/>
              <QuayRef ref="VTR:Quay:8734"/>
            </PassengerStopAssignment>
            <PassengerStopAssignment order="173400014" id="VTR:PassengerStopAssignment:26022" version="1">
              <ScheduledStopPointRef ref="VTR:ScheduledStopPoint:26022" version="1"/>
              <QuayRef ref="VTR:Quay:19480"/>
            </PassengerStopAssignment>
            <PassengerStopAssignment order="173400015" id="VTR:PassengerStopAssignment:32395" version="1">
              <ScheduledStopPointRef ref="VTR:ScheduledStopPoint:32395" version="1"/>
              <QuayRef ref="VTR:Quay:20065"/>
            </PassengerStopAssignment>
            <PassengerStopAssignment order="173400016" id="VTR:PassengerStopAssignment:26023" version="1">
              <ScheduledStopPointRef ref="VTR:ScheduledStopPoint:26023" version="1"/>
              <QuayRef ref="VTR:Quay:12300"/>
            </PassengerStopAssignment>
            <PassengerStopAssignment order="173400017" id="VTR:PassengerStopAssignment:26024" version="1">
              <ScheduledStopPointRef ref="VTR:ScheduledStopPoint:26024" version="1"/>
              <QuayRef ref="VTR:Quay:5451"/>
            </PassengerStopAssignment>
            <PassengerStopAssignment order="173400018" id="VTR:PassengerStopAssignment:26025" version="1">
              <ScheduledStopPointRef ref="VTR:ScheduledStopPoint:26025" version="1"/>
              <QuayRef ref="VTR:Quay:12301"/>
            </PassengerStopAssignment>
            <PassengerStopAssignment order="173400019" id="VTR:PassengerStopAssignment:26026" version="1">
              <ScheduledStopPointRef ref="VTR:ScheduledStopPoint:26026" version="1"/>
              <QuayRef ref="VTR:Quay:6461"/>
            </PassengerStopAssignment>
            <PassengerStopAssignment order="173400020" id="VTR:PassengerStopAssignment:26727" version="1">
              <ScheduledStopPointRef ref="VTR:ScheduledStopPoint:26727" version="1"/>
              <QuayRef ref="VTR:Quay:19756"/>
            </PassengerStopAssignment>
            <PassengerStopAssignment order="173400022" id="VTR:PassengerStopAssignment:26027" version="1">
              <ScheduledStopPointRef ref="VTR:ScheduledStopPoint:26027" version="1"/>
              <QuayRef ref="VTR:Quay:19463"/>
            </PassengerStopAssignment>
          </stopAssignments>
          <journeyPatterns>
            <JourneyPattern id="VTR:JourneyPattern:41827" version="41811">
              <Name>2*</Name>
              <RouteRef ref="VTR:Route:1734" version="1"/>
              <pointsInSequence>
                <StopPointInJourneyPattern id="VTR:StopPointInJourneyPattern:888953" version="41811" order="1">
                  <ScheduledStopPointRef ref="VTR:ScheduledStopPoint:26014"/>
                  <ForAlighting>false</ForAlighting>
                  <DestinationDisplayRef ref="VTR:DestinationDisplay:1"/>
                </StopPointInJourneyPattern>
                <StopPointInJourneyPattern id="VTR:StopPointInJourneyPattern:896509" version="41811" order="2">
                  <ScheduledStopPointRef ref="VTR:ScheduledStopPoint:32393"/>
                  <ForAlighting>false</ForAlighting>
                  <DestinationDisplayRef ref="VTR:DestinationDisplay:1"/>
                </StopPointInJourneyPattern>
                <StopPointInJourneyPattern id="VTR:StopPointInJourneyPattern:896510" version="41811" order="3">
                  <ScheduledStopPointRef ref="VTR:ScheduledStopPoint:32394"/>
                  <ForAlighting>false</ForAlighting>
                  <DestinationDisplayRef ref="VTR:DestinationDisplay:1"/>
                </StopPointInJourneyPattern>
                <StopPointInJourneyPattern id="VTR:StopPointInJourneyPattern:896511" version="41811" order="4">
                  <ScheduledStopPointRef ref="VTR:ScheduledStopPoint:26019"/>
                  <DestinationDisplayRef ref="VTR:DestinationDisplay:1"/>
                </StopPointInJourneyPattern>
                <StopPointInJourneyPattern id="VTR:StopPointInJourneyPattern:896512" version="41811" order="5">
                  <ScheduledStopPointRef ref="VTR:ScheduledStopPoint:26022"/>
                  <DestinationDisplayRef ref="VTR:DestinationDisplay:1"/>
                </StopPointInJourneyPattern>
                <StopPointInJourneyPattern id="VTR:StopPointInJourneyPattern:896513" version="41811" order="6">
                  <ScheduledStopPointRef ref="VTR:ScheduledStopPoint:32395"/>
                  <DestinationDisplayRef ref="VTR:DestinationDisplay:1"/>
                </StopPointInJourneyPattern>
                <StopPointInJourneyPattern id="VTR:StopPointInJourneyPattern:896514" version="41811" order="7">
                  <ScheduledStopPointRef ref="VTR:ScheduledStopPoint:26023"/>
                  <DestinationDisplayRef ref="VTR:DestinationDisplay:1"/>
                </StopPointInJourneyPattern>
                <StopPointInJourneyPattern id="VTR:StopPointInJourneyPattern:896515" version="41811" order="8">
                  <ScheduledStopPointRef ref="VTR:ScheduledStopPoint:26024"/>
                  <DestinationDisplayRef ref="VTR:DestinationDisplay:1"/>
                </StopPointInJourneyPattern>
                <StopPointInJourneyPattern id="VTR:StopPointInJourneyPattern:896516" version="41811" order="9">
                  <ScheduledStopPointRef ref="VTR:ScheduledStopPoint:26025"/>
                  <DestinationDisplayRef ref="VTR:DestinationDisplay:1"/>
                </StopPointInJourneyPattern>
                <StopPointInJourneyPattern id="VTR:StopPointInJourneyPattern:896517" version="41811" order="10">
                  <ScheduledStopPointRef ref="VTR:ScheduledStopPoint:26026"/>
                  <DestinationDisplayRef ref="VTR:DestinationDisplay:1"/>
                </StopPointInJourneyPattern>
                <StopPointInJourneyPattern id="VTR:StopPointInJourneyPattern:896518" version="41811" order="11">
                  <ScheduledStopPointRef ref="VTR:ScheduledStopPoint:26727"/>
                  <DestinationDisplayRef ref="VTR:DestinationDisplay:1"/>
                </StopPointInJourneyPattern>
                <StopPointInJourneyPattern id="VTR:StopPointInJourneyPattern:896519" version="41811" order="12">
                  <ScheduledStopPointRef ref="VTR:ScheduledStopPoint:26027"/>
                  <ForBoarding>false</ForBoarding>
                  <DestinationDisplayRef ref="VTR:DestinationDisplay:1"/>
                </StopPointInJourneyPattern>
              </pointsInSequence>
            </JourneyPattern>
          </journeyPatterns>
        </ServiceFrame>
        <TimetableFrame version="1" id="VTR:TimetableFrame:1349">
          <vehicleJourneys>
            <ServiceJourney version="41811" id="VTR:ServiceJourney:41827">
              <Name>Vilnius-Zarasai</Name>
              <PrivateCode>2*</PrivateCode>
              <dayTypes>
                <DayTypeRef ref="VTR:DayType:90"/>
              </dayTypes>
              <JourneyPatternRef version="41811" ref="VTR:JourneyPattern:41827"/>
              <OperatorRef ref="VTR:Operator:551"/>
              <LineRef ref="VTR:Line:421" version="406"/>
              <passingTimes>
                <TimetabledPassingTime version="41811" id="VTR:TimetabledPassingTime:41827_888953_1">
                  <StopPointInJourneyPatternRef ref="VTR:StopPointInJourneyPattern:888953" version="41811"/>
                  <DepartureTime>17:15:00</DepartureTime>
                  <DepartureDayOffset>0</DepartureDayOffset>
                </TimetabledPassingTime>
                <TimetabledPassingTime version="41811" id="VTR:TimetabledPassingTime:41827_896509_2">
                  <StopPointInJourneyPatternRef ref="VTR:StopPointInJourneyPattern:896509" version="41811"/>
                  <DepartureTime>17:25:00</DepartureTime>
                  <DepartureDayOffset>0</DepartureDayOffset>
                </TimetabledPassingTime>
                <TimetabledPassingTime version="41811" id="VTR:TimetabledPassingTime:41827_896510_3">
                  <StopPointInJourneyPatternRef ref="VTR:StopPointInJourneyPattern:896510" version="41811"/>
                  <DepartureTime>17:30:00</DepartureTime>
                  <DepartureDayOffset>0</DepartureDayOffset>
                </TimetabledPassingTime>
                <TimetabledPassingTime version="41811" id="VTR:TimetabledPassingTime:41827_896511_4">
                  <StopPointInJourneyPatternRef ref="VTR:StopPointInJourneyPattern:896511" version="41811"/>
                  <DepartureTime>17:58:00</DepartureTime>
                  <DepartureDayOffset>0</DepartureDayOffset>
                </TimetabledPassingTime>
                <TimetabledPassingTime version="41811" id="VTR:TimetabledPassingTime:41827_896512_5">
                  <StopPointInJourneyPatternRef ref="VTR:StopPointInJourneyPattern:896512" version="41811"/>
                  <DepartureTime>19:00:00</DepartureTime>
                  <DepartureDayOffset>0</DepartureDayOffset>
                </TimetabledPassingTime>
                <TimetabledPassingTime version="41811" id="VTR:TimetabledPassingTime:41827_896513_6">
                  <StopPointInJourneyPatternRef ref="VTR:StopPointInJourneyPattern:896513" version="41811"/>
                  <DepartureTime>19:03:00</DepartureTime>
                  <DepartureDayOffset>0</DepartureDayOffset>
                </TimetabledPassingTime>
                <TimetabledPassingTime version="41811" id="VTR:TimetabledPassingTime:41827_896514_7">
                  <StopPointInJourneyPatternRef ref="VTR:StopPointInJourneyPattern:896514" version="41811"/>
                  <DepartureTime>19:13:00</DepartureTime>
                  <DepartureDayOffset>0</DepartureDayOffset>
                </TimetabledPassingTime>
                <TimetabledPassingTime version="41811" id="VTR:TimetabledPassingTime:41827_896515_8">
                  <StopPointInJourneyPatternRef ref="VTR:StopPointInJourneyPattern:896515" version="41811"/>
                  <DepartureTime>19:21:00</DepartureTime>
                  <DepartureDayOffset>0</DepartureDayOffset>
                </TimetabledPassingTime>
                <TimetabledPassingTime version="41811" id="VTR:TimetabledPassingTime:41827_896516_9">
                  <StopPointInJourneyPatternRef ref="VTR:StopPointInJourneyPattern:896516" version="41811"/>
                  <DepartureTime>19:27:00</DepartureTime>
                  <DepartureDayOffset>0</DepartureDayOffset>
                </TimetabledPassingTime>
                <TimetabledPassingTime version="41811" id="VTR:TimetabledPassingTime:41827_896517_10">
                  <StopPointInJourneyPatternRef ref="VTR:StopPointInJourneyPattern:896517" version="41811"/>
                  <DepartureTime>19:32:00</DepartureTime>
                  <DepartureDayOffset>0</DepartureDayOffset>
                </TimetabledPassingTime>
                <TimetabledPassingTime version="41811" id="VTR:TimetabledPassingTime:41827_896518_11">
                  <StopPointInJourneyPatternRef ref="VTR:StopPointInJourneyPattern:896518" version="41811"/>
                  <DepartureTime>19:40:00</DepartureTime>
                  <DepartureDayOffset>0</DepartureDayOffset>
                </TimetabledPassingTime>
                <TimetabledPassingTime version="41811" id="VTR:TimetabledPassingTime:41827_896519_12">
                  <StopPointInJourneyPatternRef ref="VTR:StopPointInJourneyPattern:896519" version="41811"/>
                  <DepartureTime>20:00:00</DepartureTime>
                  <DepartureDayOffset>0</DepartureDayOffset>
                </TimetabledPassingTime>
              </passingTimes>
            </ServiceJourney>
          </vehicleJourneys>
        </TimetableFrame>
        <ResourceFrame version="1" id="VTR:ResourceFrame:1349">
          <organisations>
            <Authority version="1" id="VTR:Authority:2">
              <CompanyNumber>188647255</CompanyNumber>
              <Name>LTSA</Name>
              <LegalName>Lietuvos transporto saugos administracija</LegalName>
              <ContactDetails>
                <Email>ltsa@ltsa.lrv.lt</Email>
                <Phone>8 5  278 5602</Phone>
                <Url>www.ltsa.lrv.lt</Url>
              </ContactDetails>
              <OrganisationType>authority</OrganisationType>
            </Authority>
          </organisations>
        </ResourceFrame>
        <FareFrame id="VTR:FareFrame:421" version="1">
          <FrameDefaults>
            <DefaultCurrency>EUR</DefaultCurrency>
          </FrameDefaults>
          <fareStructureElements>
            <FareStructureElement id="VTR:FareStructureElement:pricematrix" version="1">
              <distanceMatrixElements>
                <DistanceMatrixElementRef ref="VTR:DistanceMatrixElement:888953to896519" version="1"/>
                <DistanceMatrixElementRef ref="VTR:DistanceMatrixElement:896509to896515" version="1"/>
                <DistanceMatrixElementRef ref="VTR:DistanceMatrixElement:896509to896516" version="1"/>
                <DistanceMatrixElementRef ref="VTR:DistanceMatrixElement:896511to896518" version="1"/>
                <DistanceMatrixElementRef ref="VTR:DistanceMatrixElement:896513to896514" version="1"/>
                <DistanceMatrixElementRef ref="VTR:DistanceMatrixElement:896514to896517" version="1"/>
                <DistanceMatrixElementRef ref="VTR:DistanceMatrixElement:896515to896517" version="1"/>
                <DistanceMatrixElementRef ref="VTR:DistanceMatrixElement:896516to896518" version="1"/>
                <DistanceMatrixElementRef ref="VTR:DistanceMatrixElement:896517to896519" version="1"/>
                <DistanceMatrixElementRef ref="VTR:DistanceMatrixElement:888953to896511" version="1"/>
                <DistanceMatrixElementRef ref="VTR:DistanceMatrixElement:896512to896518" version="1"/>
                <DistanceMatrixElementRef ref="VTR:DistanceMatrixElement:896512to896513" version="1"/>
                <DistanceMatrixElementRef ref="VTR:DistanceMatrixElement:896517to896518" version="1"/>
                <DistanceMatrixElementRef ref="VTR:DistanceMatrixElement:888953to896509" version="1"/>
                <DistanceMatrixElementRef ref="VTR:DistanceMatrixElement:896509to896512" version="1"/>
                <DistanceMatrixElementRef ref="VTR:DistanceMatrixElement:896512to896517" version="1"/>
                <DistanceMatrixElementRef ref="VTR:DistanceMatrixElement:896513to896517" version="1"/>
                <DistanceMatrixElementRef ref="VTR:DistanceMatrixElement:896514to896516" version="1"/>
                <DistanceMatrixElementRef ref="VTR:DistanceMatrixElement:896514to896519" version="1"/>
                <DistanceMatrixElementRef ref="VTR:DistanceMatrixElement:896518to896519" version="1"/>
                <DistanceMatrixElementRef ref="VTR:DistanceMatrixElement:888953to896513" version="1"/>
                <DistanceMatrixElementRef ref="VTR:DistanceMatrixElement:896510to896516" version="1"/>
                <DistanceMatrixElementRef ref="VTR:DistanceMatrixElement:896510to896518" version="1"/>
                <DistanceMatrixElementRef ref="VTR:DistanceMatrixElement:896509to896519" version="1"/>
                <DistanceMatrixElementRef ref="VTR:DistanceMatrixElement:896512to896514" version="1"/>
                <DistanceMatrixElementRef ref="VTR:DistanceMatrixElement:896514to896518" version="1"/>
                <DistanceMatrixElementRef ref="VTR:DistanceMatrixElement:896515to896516" version="1"/>
                <DistanceMatrixElementRef ref="VTR:DistanceMatrixElement:896515to896519" version="1"/>
                <DistanceMatrixElementRef ref="VTR:DistanceMatrixElement:888953to896516" version="1"/>
                <DistanceMatrixElementRef ref="VTR:DistanceMatrixElement:896510to896511" version="1"/>
                <DistanceMatrixElementRef ref="VTR:DistanceMatrixElement:896510to896514" version="1"/>
                <DistanceMatrixElementRef ref="VTR:DistanceMatrixElement:896510to896515" version="1"/>
                <DistanceMatrixElementRef ref="VTR:DistanceMatrixElement:896509to896513" version="1"/>
                <DistanceMatrixElementRef ref="VTR:DistanceMatrixElement:896511to896512" version="1"/>
                <DistanceMatrixElementRef ref="VTR:DistanceMatrixElement:896511to896513" version="1"/>
                <DistanceMatrixElementRef ref="VTR:DistanceMatrixElement:896511to896515" version="1"/>
                <DistanceMatrixElementRef ref="VTR:DistanceMatrixElement:896515to896518" version="1"/>
                <DistanceMatrixElementRef ref="VTR:DistanceMatrixElement:896516to896519" version="1"/>
                <DistanceMatrixElementRef ref="VTR:DistanceMatrixElement:888953to896512" version="1"/>
                <DistanceMatrixElementRef ref="VTR:DistanceMatrixElement:888953to896515" version="1"/>
                <DistanceMatrixElementRef ref="VTR:DistanceMatrixElement:896510to896513" version="1"/>
                <DistanceMatrixElementRef ref="VTR:DistanceMatrixElement:896510to896517" version="1"/>
                <DistanceMatrixElementRef ref="VTR:DistanceMatrixElement:896511to896514" version="1"/>
                <DistanceMatrixElementRef ref="VTR:DistanceMatrixElement:896511to896516" version="1"/>
                <DistanceMatrixElementRef ref="VTR:DistanceMatrixElement:896511to896519" version="1"/>
                <DistanceMatrixElementRef ref="VTR:DistanceMatrixElement:896513to896515" version="1"/>
                <DistanceMatrixElementRef ref="VTR:DistanceMatrixElement:896513to896516" version="1"/>
                <DistanceMatrixElementRef ref="VTR:DistanceMatrixElement:896513to896519" version="1"/>
                <DistanceMatrixElementRef ref="VTR:DistanceMatrixElement:888953to896510" version="1"/>
                <DistanceMatrixElementRef ref="VTR:DistanceMatrixElement:896509to896511" version="1"/>
                <DistanceMatrixElementRef ref="VTR:DistanceMatrixElement:896509to896514" version="1"/>
                <DistanceMatrixElementRef ref="VTR:DistanceMatrixElement:896509to896517" version="1"/>
                <DistanceMatrixElementRef ref="VTR:DistanceMatrixElement:896512to896516" version="1"/>
                <DistanceMatrixElementRef ref="VTR:DistanceMatrixElement:896512to896519" version="1"/>
                <DistanceMatrixElementRef ref="VTR:DistanceMatrixElement:888953to896514" version="1"/>
                <DistanceMatrixElementRef ref="VTR:DistanceMatrixElement:888953to896517" version="1"/>
                <DistanceMatrixElementRef ref="VTR:DistanceMatrixElement:888953to896518" version="1"/>
                <DistanceMatrixElementRef ref="VTR:DistanceMatrixElement:896510to896512" version="1"/>
                <DistanceMatrixElementRef ref="VTR:DistanceMatrixElement:896510to896519" version="1"/>
                <DistanceMatrixElementRef ref="VTR:DistanceMatrixElement:896509to896518" version="1"/>
                <DistanceMatrixElementRef ref="VTR:DistanceMatrixElement:896509to896510" version="1"/>
                <DistanceMatrixElementRef ref="VTR:DistanceMatrixElement:896511to896517" version="1"/>
                <DistanceMatrixElementRef ref="VTR:DistanceMatrixElement:896512to896515" version="1"/>
                <DistanceMatrixElementRef ref="VTR:DistanceMatrixElement:896513to896518" version="1"/>
                <DistanceMatrixElementRef ref="VTR:DistanceMatrixElement:896514to896515" version="1"/>
                <DistanceMatrixElementRef ref="VTR:DistanceMatrixElement:896516to896517" version="1"/>
              </distanceMatrixElements>
            </FareStructureElement>
          </fareStructureElements>
          <tariffs>
            <Tariff id="VTR:Tariff:pointToPointInSeparateJourney_421" version="1">
              <Name>Point to point tariff</Name>
              <distanceMatrixElements>
                <DistanceMatrixElement id="VTR:DistanceMatrixElement:888953to896519" version="1">
                  <Name>Vilniaus autobusų stotis to Zarasų autobusų stotis</Name>
                  <StartStopPointRef ref="VTR:ScheduledStopPoint:26014" version="1"/>
                  <EndStopPointRef ref="VTR:ScheduledStopPoint:26027" version="1"/>
                  <prices>
                    <DistanceMatrixElementPrice id="VTR:DistanceMatrixElementPrice:888953to896519" version="1">
                      <Amount>10.9</Amount>
                      <DistanceMatrixElementRef ref="VTR:DistanceMatrixElement:888953to896519" version="1"/>
                    </DistanceMatrixElementPrice>
                  </prices>
                </DistanceMatrixElement>
                <DistanceMatrixElement id="VTR:DistanceMatrixElement:896509to896515" version="1">
                  <Name>Ateities to Daugailiai</Name>
                  <StartStopPointRef ref="VTR:ScheduledStopPoint:32393" version="1"/>
                  <EndStopPointRef ref="VTR:ScheduledStopPoint:26024" version="1"/>
                  <prices>
                    <DistanceMatrixElementPrice id="VTR:DistanceMatrixElementPrice:896509to896515" version="1">
                      <Amount>8.6</Amount>
                      <DistanceMatrixElementRef ref="VTR:DistanceMatrixElement:896509to896515" version="1"/>
                    </DistanceMatrixElementPrice>
                  </prices>
                </DistanceMatrixElement>
                <DistanceMatrixElement id="VTR:DistanceMatrixElement:896509to896516" version="1">
                  <Name>Ateities to Jureliškis</Name>
                  <StartStopPointRef ref="VTR:ScheduledStopPoint:32393" version="1"/>
                  <EndStopPointRef ref="VTR:ScheduledStopPoint:26025" version="1"/>
                  <prices>
                    <DistanceMatrixElementPrice id="VTR:DistanceMatrixElementPrice:896509to896516" version="1">
                      <Amount>8.9</Amount>
                      <DistanceMatrixElementRef ref="VTR:DistanceMatrixElement:896509to896516" version="1"/>
                    </DistanceMatrixElementPrice>
                  </prices>
                </DistanceMatrixElement>
                <DistanceMatrixElement id="VTR:DistanceMatrixElement:896511to896518" version="1">
                  <Name>Visalaukė to Degučiai</Name>
                  <StartStopPointRef ref="VTR:ScheduledStopPoint:26019" version="1"/>
                  <EndStopPointRef ref="VTR:ScheduledStopPoint:26727" version="1"/>
                  <prices>
                    <DistanceMatrixElementPrice id="VTR:DistanceMatrixElementPrice:896511to896518" version="1">
                      <Amount>6.9</Amount>
                      <DistanceMatrixElementRef ref="VTR:DistanceMatrixElement:896511to896518" version="1"/>
                    </DistanceMatrixElementPrice>
                  </prices>
                </DistanceMatrixElement>
                <DistanceMatrixElement id="VTR:DistanceMatrixElement:896513to896514" version="1">
                  <Name>Turgus to Radeikiai</Name>
                  <StartStopPointRef ref="VTR:ScheduledStopPoint:32395" version="1"/>
                  <EndStopPointRef ref="VTR:ScheduledStopPoint:26023" version="1"/>
                  <prices>
                    <DistanceMatrixElementPrice id="VTR:DistanceMatrixElementPrice:896513to896514" version="1">
                      <Amount>1.0</Amount>
                      <DistanceMatrixElementRef ref="VTR:DistanceMatrixElement:896513to896514" version="1"/>
                    </DistanceMatrixElementPrice>
                  </prices>
                </DistanceMatrixElement>
                <DistanceMatrixElement id="VTR:DistanceMatrixElement:896514to896517" version="1">
                  <Name>Radeikiai to Baibiai</Name>
                  <StartStopPointRef ref="VTR:ScheduledStopPoint:26023" version="1"/>
                  <EndStopPointRef ref="VTR:ScheduledStopPoint:26026" version="1"/>
                  <prices>
                    <DistanceMatrixElementPrice id="VTR:DistanceMatrixElementPrice:896514to896517" version="1">
                      <Amount>1.3</Amount>
                      <DistanceMatrixElementRef ref="VTR:DistanceMatrixElement:896514to896517" version="1"/>
                    </DistanceMatrixElementPrice>
                  </prices>
                </DistanceMatrixElement>
                <DistanceMatrixElement id="VTR:DistanceMatrixElement:896515to896517" version="1">
                  <Name>Daugailiai to Baibiai</Name>
                  <StartStopPointRef ref="VTR:ScheduledStopPoint:26024" version="1"/>
                  <EndStopPointRef ref="VTR:ScheduledStopPoint:26026" version="1"/>
                  <prices>
                    <DistanceMatrixElementPrice id="VTR:DistanceMatrixElementPrice:896515to896517" version="1">
                      <Amount>0.7</Amount>
                      <DistanceMatrixElementRef ref="VTR:DistanceMatrixElement:896515to896517" version="1"/>
                    </DistanceMatrixElementPrice>
                  </prices>
                </DistanceMatrixElement>
                <DistanceMatrixElement id="VTR:DistanceMatrixElement:896516to896518" version="1">
                  <Name>Jureliškis to Degučiai</Name>
                  <StartStopPointRef ref="VTR:ScheduledStopPoint:26025" version="1"/>
                  <EndStopPointRef ref="VTR:ScheduledStopPoint:26727" version="1"/>
                  <prices>
                    <DistanceMatrixElementPrice id="VTR:DistanceMatrixElementPrice:896516to896518" version="1">
                      <Amount>0.9</Amount>
                      <DistanceMatrixElementRef ref="VTR:DistanceMatrixElement:896516to896518" version="1"/>
                    </DistanceMatrixElementPrice>
                  </prices>
                </DistanceMatrixElement>
                <DistanceMatrixElement id="VTR:DistanceMatrixElement:896517to896519" version="1">
                  <Name>Baibiai to Zarasų autobusų stotis</Name>
                  <StartStopPointRef ref="VTR:ScheduledStopPoint:26026" version="1"/>
                  <EndStopPointRef ref="VTR:ScheduledStopPoint:26027" version="1"/>
                  <prices>
                    <DistanceMatrixElementPrice id="VTR:DistanceMatrixElementPrice:896517to896519" version="1">
                      <Amount>1.8</Amount>
                      <DistanceMatrixElementRef ref="VTR:DistanceMatrixElement:896517to896519" version="1"/>
                    </DistanceMatrixElementPrice>
                  </prices>
                </DistanceMatrixElement>
                <DistanceMatrixElement id="VTR:DistanceMatrixElement:888953to896511" version="1">
                  <Name>Vilniaus autobusų stotis to Visalaukė</Name>
                  <StartStopPointRef ref="VTR:ScheduledStopPoint:26014" version="1"/>
                  <EndStopPointRef ref="VTR:ScheduledStopPoint:26019" version="1"/>
                  <prices>
                    <DistanceMatrixElementPrice id="VTR:DistanceMatrixElementPrice:888953to896511" version="1">
                      <Amount>3.4</Amount>
                      <DistanceMatrixElementRef ref="VTR:DistanceMatrixElement:888953to896511" version="1"/>
                    </DistanceMatrixElementPrice>
                  </prices>
                </DistanceMatrixElement>
                <DistanceMatrixElement id="VTR:DistanceMatrixElement:896512to896518" version="1">
                  <Name>Utenos autobusų stotis to Degučiai</Name>
                  <StartStopPointRef ref="VTR:ScheduledStopPoint:26022" version="1"/>
                  <EndStopPointRef ref="VTR:ScheduledStopPoint:26727" version="1"/>
                  <prices>
                    <DistanceMatrixElementPrice id="VTR:DistanceMatrixElementPrice:896512to896518" version="1">
                      <Amount>2.7</Amount>
                      <DistanceMatrixElementRef ref="VTR:DistanceMatrixElement:896512to896518" version="1"/>
                    </DistanceMatrixElementPrice>
                  </prices>
                </DistanceMatrixElement>
                <DistanceMatrixElement id="VTR:DistanceMatrixElement:896512to896513" version="1">
                  <Name>Utenos autobusų stotis to Turgus</Name>
                  <StartStopPointRef ref="VTR:ScheduledStopPoint:26022" version="1"/>
                  <EndStopPointRef ref="VTR:ScheduledStopPoint:32395" version="1"/>
                  <prices>
                    <DistanceMatrixElementPrice id="VTR:DistanceMatrixElementPrice:896512to896513" version="1">
                      <Amount>1.0</Amount>
                      <DistanceMatrixElementRef ref="VTR:DistanceMatrixElement:896512to896513" version="1"/>
                    </DistanceMatrixElementPrice>
                  </prices>
                </DistanceMatrixElement>
                <DistanceMatrixElement id="VTR:DistanceMatrixElement:896517to896518" version="1">
                  <Name>Baibiai to Degučiai</Name>
                  <StartStopPointRef ref="VTR:ScheduledStopPoint:26026" version="1"/>
                  <EndStopPointRef ref="VTR:ScheduledStopPoint:26727" version="1"/>
                  <prices>
                    <DistanceMatrixElementPrice id="VTR:DistanceMatrixElementPrice:896517to896518" version="1">
                      <Amount>0.6</Amount>
                      <DistanceMatrixElementRef ref="VTR:DistanceMatrixElement:896517to896518" version="1"/>
                    </DistanceMatrixElementPrice>
                  </prices>
                </DistanceMatrixElement>
                <DistanceMatrixElement id="VTR:DistanceMatrixElement:888953to896509" version="1">
                  <Name>Vilniaus autobusų stotis to Ateities</Name>
                  <StartStopPointRef ref="VTR:ScheduledStopPoint:26014" version="1"/>
                  <EndStopPointRef ref="VTR:ScheduledStopPoint:32393" version="1"/>
                  <prices>
                    <DistanceMatrixElementPrice id="VTR:DistanceMatrixElementPrice:888953to896509" version="1">
                      <Amount>3.4</Amount>
                      <DistanceMatrixElementRef ref="VTR:DistanceMatrixElement:888953to896509" version="1"/>
                    </DistanceMatrixElementPrice>
                  </prices>
                </DistanceMatrixElement>
                <DistanceMatrixElement id="VTR:DistanceMatrixElement:896509to896512" version="1">
                  <Name>Ateities to Utenos autobusų stotis</Name>
                  <StartStopPointRef ref="VTR:ScheduledStopPoint:32393" version="1"/>
                  <EndStopPointRef ref="VTR:ScheduledStopPoint:26022" version="1"/>
                  <prices>
                    <DistanceMatrixElementPrice id="VTR:DistanceMatrixElementPrice:896509to896512" version="1">
                      <Amount>7.2</Amount>
                      <DistanceMatrixElementRef ref="VTR:DistanceMatrixElement:896509to896512" version="1"/>
                    </DistanceMatrixElementPrice>
                  </prices>
                </DistanceMatrixElement>
                <DistanceMatrixElement id="VTR:DistanceMatrixElement:896512to896517" version="1">
                  <Name>Utenos autobusų stotis to Baibiai</Name>
                  <StartStopPointRef ref="VTR:ScheduledStopPoint:26022" version="1"/>
                  <EndStopPointRef ref="VTR:ScheduledStopPoint:26026" version="1"/>
                  <prices>
                    <DistanceMatrixElementPrice id="VTR:DistanceMatrixElementPrice:896512to896517" version="1">
                      <Amount>2.2</Amount>
                      <DistanceMatrixElementRef ref="VTR:DistanceMatrixElement:896512to896517" version="1"/>
                    </DistanceMatrixElementPrice>
                  </prices>
                </DistanceMatrixElement>
                <DistanceMatrixElement id="VTR:DistanceMatrixElement:896513to896517" version="1">
                  <Name>Turgus to Baibiai</Name>
                  <StartStopPointRef ref="VTR:ScheduledStopPoint:32395" version="1"/>
                  <EndStopPointRef ref="VTR:ScheduledStopPoint:26026" version="1"/>
                  <prices>
                    <DistanceMatrixElementPrice id="VTR:DistanceMatrixElementPrice:896513to896517" version="1">
                      <Amount>2.2</Amount>
                      <DistanceMatrixElementRef ref="VTR:DistanceMatrixElement:896513to896517" version="1"/>
                    </DistanceMatrixElementPrice>
                  </prices>
                </DistanceMatrixElement>
                <DistanceMatrixElement id="VTR:DistanceMatrixElement:896514to896516" version="1">
                  <Name>Radeikiai to Jureliškis</Name>
                  <StartStopPointRef ref="VTR:ScheduledStopPoint:26023" version="1"/>
                  <EndStopPointRef ref="VTR:ScheduledStopPoint:26025" version="1"/>
                  <prices>
                    <DistanceMatrixElementPrice id="VTR:DistanceMatrixElementPrice:896514to896516" version="1">
                      <Amount>1.0</Amount>
                      <DistanceMatrixElementRef ref="VTR:DistanceMatrixElement:896514to896516" version="1"/>
                    </DistanceMatrixElementPrice>
                  </prices>
                </DistanceMatrixElement>
                <DistanceMatrixElement id="VTR:DistanceMatrixElement:896514to896519" version="1">
                  <Name>Radeikiai to Zarasų autobusų stotis</Name>
                  <StartStopPointRef ref="VTR:ScheduledStopPoint:26023" version="1"/>
                  <EndStopPointRef ref="VTR:ScheduledStopPoint:26027" version="1"/>
                  <prices>
                    <DistanceMatrixElementPrice id="VTR:DistanceMatrixElementPrice:896514to896519" version="1">
                      <Amount>3.0</Amount>
                      <DistanceMatrixElementRef ref="VTR:DistanceMatrixElement:896514to896519" version="1"/>
                    </DistanceMatrixElementPrice>
                  </prices>
                </DistanceMatrixElement>
                <DistanceMatrixElement id="VTR:DistanceMatrixElement:896518to896519" version="1">
                  <Name>Degučiai to Zarasų autobusų stotis</Name>
                  <StartStopPointRef ref="VTR:ScheduledStopPoint:26727" version="1"/>
                  <EndStopPointRef ref="VTR:ScheduledStopPoint:26027" version="1"/>
                  <prices>
                    <DistanceMatrixElementPrice id="VTR:DistanceMatrixElementPrice:896518to896519" version="1">
                      <Amount>1.3</Amount>
                      <DistanceMatrixElementRef ref="VTR:DistanceMatrixElement:896518to896519" version="1"/>
                    </DistanceMatrixElementPrice>
                  </prices>
                </DistanceMatrixElement>
                <DistanceMatrixElement id="VTR:DistanceMatrixElement:888953to896513" version="1">
                  <Name>Vilniaus autobusų stotis to Turgus</Name>
                  <StartStopPointRef ref="VTR:ScheduledStopPoint:26014" version="1"/>
                  <EndStopPointRef ref="VTR:ScheduledStopPoint:32395" version="1"/>
                  <prices>
                    <DistanceMatrixElementPrice id="VTR:DistanceMatrixElementPrice:888953to896513" version="1">
                      <Amount>8.1</Amount>
                      <DistanceMatrixElementRef ref="VTR:DistanceMatrixElement:888953to896513" version="1"/>
                    </DistanceMatrixElementPrice>
                  </prices>
                </DistanceMatrixElement>
                <DistanceMatrixElement id="VTR:DistanceMatrixElement:896510to896516" version="1">
                  <Name>Molėtų plentas to Jureliškis</Name>
                  <StartStopPointRef ref="VTR:ScheduledStopPoint:32394" version="1"/>
                  <EndStopPointRef ref="VTR:ScheduledStopPoint:26025" version="1"/>
                  <prices>
                    <DistanceMatrixElementPrice id="VTR:DistanceMatrixElementPrice:896510to896516" version="1">
                      <Amount>8.9</Amount>
                      <DistanceMatrixElementRef ref="VTR:DistanceMatrixElement:896510to896516" version="1"/>
                    </DistanceMatrixElementPrice>
                  </prices>
                </DistanceMatrixElement>
                <DistanceMatrixElement id="VTR:DistanceMatrixElement:896510to896518" version="1">
                  <Name>Molėtų plentas to Degučiai</Name>
                  <StartStopPointRef ref="VTR:ScheduledStopPoint:32394" version="1"/>
                  <EndStopPointRef ref="VTR:ScheduledStopPoint:26727" version="1"/>
                  <prices>
                    <DistanceMatrixElementPrice id="VTR:DistanceMatrixElementPrice:896510to896518" version="1">
                      <Amount>9.7</Amount>
                      <DistanceMatrixElementRef ref="VTR:DistanceMatrixElement:896510to896518" version="1"/>
                    </DistanceMatrixElementPrice>
                  </prices>
                </DistanceMatrixElement>
                <DistanceMatrixElement id="VTR:DistanceMatrixElement:896509to896519" version="1">
                  <Name>Ateities to Zarasų autobusų stotis</Name>
                  <StartStopPointRef ref="VTR:ScheduledStopPoint:32393" version="1"/>
                  <EndStopPointRef ref="VTR:ScheduledStopPoint:26027" version="1"/>
                  <prices>
                    <DistanceMatrixElementPrice id="VTR:DistanceMatrixElementPrice:896509to896519" version="1">
                      <Amount>10.9</Amount>
                      <DistanceMatrixElementRef ref="VTR:DistanceMatrixElement:896509to896519" version="1"/>
                    </DistanceMatrixElementPrice>
                  </prices>
                </DistanceMatrixElement>
                <DistanceMatrixElement id="VTR:DistanceMatrixElement:896512to896514" version="1">
                  <Name>Utenos autobusų stotis to Radeikiai</Name>
                  <StartStopPointRef ref="VTR:ScheduledStopPoint:26022" version="1"/>
                  <EndStopPointRef ref="VTR:ScheduledStopPoint:26023" version="1"/>
                  <prices>
                    <DistanceMatrixElementPrice id="VTR:DistanceMatrixElementPrice:896512to896514" version="1">
                      <Amount>1.0</Amount>
                      <DistanceMatrixElementRef ref="VTR:DistanceMatrixElement:896512to896514" version="1"/>
                    </DistanceMatrixElementPrice>
                  </prices>
                </DistanceMatrixElement>
                <DistanceMatrixElement id="VTR:DistanceMatrixElement:896514to896518" version="1">
                  <Name>Radeikiai to Degučiai</Name>
                  <StartStopPointRef ref="VTR:ScheduledStopPoint:26023" version="1"/>
                  <EndStopPointRef ref="VTR:ScheduledStopPoint:26727" version="1"/>
                  <prices>
                    <DistanceMatrixElementPrice id="VTR:DistanceMatrixElementPrice:896514to896518" version="1">
                      <Amount>1.8</Amount>
                      <DistanceMatrixElementRef ref="VTR:DistanceMatrixElement:896514to896518" version="1"/>
                    </DistanceMatrixElementPrice>
                  </prices>
                </DistanceMatrixElement>
                <DistanceMatrixElement id="VTR:DistanceMatrixElement:896515to896516" version="1">
                  <Name>Daugailiai to Jureliškis</Name>
                  <StartStopPointRef ref="VTR:ScheduledStopPoint:26024" version="1"/>
                  <EndStopPointRef ref="VTR:ScheduledStopPoint:26025" version="1"/>
                  <prices>
                    <DistanceMatrixElementPrice id="VTR:DistanceMatrixElementPrice:896515to896516" version="1">
                      <Amount>0.4</Amount>
                      <DistanceMatrixElementRef ref="VTR:DistanceMatrixElement:896515to896516" version="1"/>
                    </DistanceMatrixElementPrice>
                  </prices>
                </DistanceMatrixElement>
                <DistanceMatrixElement id="VTR:DistanceMatrixElement:896515to896519" version="1">
                  <Name>Daugailiai to Zarasų autobusų stotis</Name>
                  <StartStopPointRef ref="VTR:ScheduledStopPoint:26024" version="1"/>
                  <EndStopPointRef ref="VTR:ScheduledStopPoint:26027" version="1"/>
                  <prices>
                    <DistanceMatrixElementPrice id="VTR:DistanceMatrixElementPrice:896515to896519" version="1">
                      <Amount>2.5</Amount>
                      <DistanceMatrixElementRef ref="VTR:DistanceMatrixElement:896515to896519" version="1"/>
                    </DistanceMatrixElementPrice>
                  </prices>
                </DistanceMatrixElement>
                <DistanceMatrixElement id="VTR:DistanceMatrixElement:888953to896516" version="1">
                  <Name>Vilniaus autobusų stotis to Jureliškis</Name>
                  <StartStopPointRef ref="VTR:ScheduledStopPoint:26014" version="1"/>
                  <EndStopPointRef ref="VTR:ScheduledStopPoint:26025" version="1"/>
                  <prices>
                    <DistanceMatrixElementPrice id="VTR:DistanceMatrixElementPrice:888953to896516" version="1">
                      <Amount>8.9</Amount>
                      <DistanceMatrixElementRef ref="VTR:DistanceMatrixElement:888953to896516" version="1"/>
                    </DistanceMatrixElementPrice>
                  </prices>
                </DistanceMatrixElement>
                <DistanceMatrixElement id="VTR:DistanceMatrixElement:896510to896511" version="1">
                  <Name>Molėtų plentas to Visalaukė</Name>
                  <StartStopPointRef ref="VTR:ScheduledStopPoint:32394" version="1"/>
                  <EndStopPointRef ref="VTR:ScheduledStopPoint:26019" version="1"/>
                  <prices>
                    <DistanceMatrixElementPrice id="VTR:DistanceMatrixElementPrice:896510to896511" version="1">
                      <Amount>3.4</Amount>
                      <DistanceMatrixElementRef ref="VTR:DistanceMatrixElement:896510to896511" version="1"/>
                    </DistanceMatrixElementPrice>
                  </prices>
                </DistanceMatrixElement>
                <DistanceMatrixElement id="VTR:DistanceMatrixElement:896510to896514" version="1">
                  <Name>Molėtų plentas to Radeikiai</Name>
                  <StartStopPointRef ref="VTR:ScheduledStopPoint:32394" version="1"/>
                  <EndStopPointRef ref="VTR:ScheduledStopPoint:26023" version="1"/>
                  <prices>
                    <DistanceMatrixElementPrice id="VTR:DistanceMatrixElementPrice:896510to896514" version="1">
                      <Amount>8.1</Amount>
                      <DistanceMatrixElementRef ref="VTR:DistanceMatrixElement:896510to896514" version="1"/>
                    </DistanceMatrixElementPrice>
                  </prices>
                </DistanceMatrixElement>
                <DistanceMatrixElement id="VTR:DistanceMatrixElement:896510to896515" version="1">
                  <Name>Molėtų plentas to Daugailiai</Name>
                  <StartStopPointRef ref="VTR:ScheduledStopPoint:32394" version="1"/>
                  <EndStopPointRef ref="VTR:ScheduledStopPoint:26024" version="1"/>
                  <prices>
                    <DistanceMatrixElementPrice id="VTR:DistanceMatrixElementPrice:896510to896515" version="1">
                      <Amount>8.6</Amount>
                      <DistanceMatrixElementRef ref="VTR:DistanceMatrixElement:896510to896515" version="1"/>
                    </DistanceMatrixElementPrice>
                  </prices>
                </DistanceMatrixElement>
                <DistanceMatrixElement id="VTR:DistanceMatrixElement:896509to896513" version="1">
                  <Name>Ateities to Turgus</Name>
                  <StartStopPointRef ref="VTR:ScheduledStopPoint:32393" version="1"/>
                  <EndStopPointRef ref="VTR:ScheduledStopPoint:32395" version="1"/>
                  <prices>
                    <DistanceMatrixElementPrice id="VTR:DistanceMatrixElementPrice:896509to896513" version="1">
                      <Amount>8.1</Amount>
                      <DistanceMatrixElementRef ref="VTR:DistanceMatrixElement:896509to896513" version="1"/>
                    </DistanceMatrixElementPrice>
                  </prices>
                </DistanceMatrixElement>
                <DistanceMatrixElement id="VTR:DistanceMatrixElement:896511to896512" version="1">
                  <Name>Visalaukė to Utenos autobusų stotis</Name>
                  <StartStopPointRef ref="VTR:ScheduledStopPoint:26019" version="1"/>
                  <EndStopPointRef ref="VTR:ScheduledStopPoint:26022" version="1"/>
                  <prices>
                    <DistanceMatrixElementPrice id="VTR:DistanceMatrixElementPrice:896511to896512" version="1">
                      <Amount>4.3</Amount>
                      <DistanceMatrixElementRef ref="VTR:DistanceMatrixElement:896511to896512" version="1"/>
                    </DistanceMatrixElementPrice>
                  </prices>
                </DistanceMatrixElement>
                <DistanceMatrixElement id="VTR:DistanceMatrixElement:896511to896513" version="1">
                  <Name>Visalaukė to Turgus</Name>
                  <StartStopPointRef ref="VTR:ScheduledStopPoint:26019" version="1"/>
                  <EndStopPointRef ref="VTR:ScheduledStopPoint:32395" version="1"/>
                  <prices>
                    <DistanceMatrixElementPrice id="VTR:DistanceMatrixElementPrice:896511to896513" version="1">
                      <Amount>5.2</Amount>
                      <DistanceMatrixElementRef ref="VTR:DistanceMatrixElement:896511to896513" version="1"/>
                    </DistanceMatrixElementPrice>
                  </prices>
                </DistanceMatrixElement>
                <DistanceMatrixElement id="VTR:DistanceMatrixElement:896511to896515" version="1">
                  <Name>Visalaukė to Daugailiai</Name>
                  <StartStopPointRef ref="VTR:ScheduledStopPoint:26019" version="1"/>
                  <EndStopPointRef ref="VTR:ScheduledStopPoint:26024" version="1"/>
                  <prices>
                    <DistanceMatrixElementPrice id="VTR:DistanceMatrixElementPrice:896511to896515" version="1">
                      <Amount>5.7</Amount>
                      <DistanceMatrixElementRef ref="VTR:DistanceMatrixElement:896511to896515" version="1"/>
                    </DistanceMatrixElementPrice>
                  </prices>
                </DistanceMatrixElement>
                <DistanceMatrixElement id="VTR:DistanceMatrixElement:896515to896518" version="1">
                  <Name>Daugailiai to Degučiai</Name>
                  <StartStopPointRef ref="VTR:ScheduledStopPoint:26024" version="1"/>
                  <EndStopPointRef ref="VTR:ScheduledStopPoint:26727" version="1"/>
                  <prices>
                    <DistanceMatrixElementPrice id="VTR:DistanceMatrixElementPrice:896515to896518" version="1">
                      <Amount>1.3</Amount>
                      <DistanceMatrixElementRef ref="VTR:DistanceMatrixElement:896515to896518" version="1"/>
                    </DistanceMatrixElementPrice>
                  </prices>
                </DistanceMatrixElement>
                <DistanceMatrixElement id="VTR:DistanceMatrixElement:896516to896519" version="1">
                  <Name>Jureliškis to Zarasų autobusų stotis</Name>
                  <StartStopPointRef ref="VTR:ScheduledStopPoint:26025" version="1"/>
                  <EndStopPointRef ref="VTR:ScheduledStopPoint:26027" version="1"/>
                  <prices>
                    <DistanceMatrixElementPrice id="VTR:DistanceMatrixElementPrice:896516to896519" version="1">
                      <Amount>2.1</Amount>
                      <DistanceMatrixElementRef ref="VTR:DistanceMatrixElement:896516to896519" version="1"/>
                    </DistanceMatrixElementPrice>
                  </prices>
                </DistanceMatrixElement>
                <DistanceMatrixElement id="VTR:DistanceMatrixElement:888953to896512" version="1">
                  <Name>Vilniaus autobusų stotis to Utenos autobusų stotis</Name>
                  <StartStopPointRef ref="VTR:ScheduledStopPoint:26014" version="1"/>
                  <EndStopPointRef ref="VTR:ScheduledStopPoint:26022" version="1"/>
                  <prices>
                    <DistanceMatrixElementPrice id="VTR:DistanceMatrixElementPrice:888953to896512" version="1">
                      <Amount>7.2</Amount>
                      <DistanceMatrixElementRef ref="VTR:DistanceMatrixElement:888953to896512" version="1"/>
                    </DistanceMatrixElementPrice>
                  </prices>
                </DistanceMatrixElement>
                <DistanceMatrixElement id="VTR:DistanceMatrixElement:888953to896515" version="1">
                  <Name>Vilniaus autobusų stotis to Daugailiai</Name>
                  <StartStopPointRef ref="VTR:ScheduledStopPoint:26014" version="1"/>
                  <EndStopPointRef ref="VTR:ScheduledStopPoint:26024" version="1"/>
                  <prices>
                    <DistanceMatrixElementPrice id="VTR:DistanceMatrixElementPrice:888953to896515" version="1">
                      <Amount>8.6</Amount>
                      <DistanceMatrixElementRef ref="VTR:DistanceMatrixElement:888953to896515" version="1"/>
                    </DistanceMatrixElementPrice>
                  </prices>
                </DistanceMatrixElement>
                <DistanceMatrixElement id="VTR:DistanceMatrixElement:896510to896513" version="1">
                  <Name>Molėtų plentas to Turgus</Name>
                  <StartStopPointRef ref="VTR:ScheduledStopPoint:32394" version="1"/>
                  <EndStopPointRef ref="VTR:ScheduledStopPoint:32395" version="1"/>
                  <prices>
                    <DistanceMatrixElementPrice id="VTR:DistanceMatrixElementPrice:896510to896513" version="1">
                      <Amount>8.1</Amount>
                      <DistanceMatrixElementRef ref="VTR:DistanceMatrixElement:896510to896513" version="1"/>
                    </DistanceMatrixElementPrice>
                  </prices>
                </DistanceMatrixElement>
                <DistanceMatrixElement id="VTR:DistanceMatrixElement:896510to896517" version="1">
                  <Name>Molėtų plentas to Baibiai</Name>
                  <StartStopPointRef ref="VTR:ScheduledStopPoint:32394" version="1"/>
                  <EndStopPointRef ref="VTR:ScheduledStopPoint:26026" version="1"/>
                  <prices>
                    <DistanceMatrixElementPrice id="VTR:DistanceMatrixElementPrice:896510to896517" version="1">
                      <Amount>9.2</Amount>
                      <DistanceMatrixElementRef ref="VTR:DistanceMatrixElement:896510to896517" version="1"/>
                    </DistanceMatrixElementPrice>
                  </prices>
                </DistanceMatrixElement>
                <DistanceMatrixElement id="VTR:DistanceMatrixElement:896511to896514" version="1">
                  <Name>Visalaukė to Radeikiai</Name>
                  <StartStopPointRef ref="VTR:ScheduledStopPoint:26019" version="1"/>
                  <EndStopPointRef ref="VTR:ScheduledStopPoint:26023" version="1"/>
                  <prices>
                    <DistanceMatrixElementPrice id="VTR:DistanceMatrixElementPrice:896511to896514" version="1">
                      <Amount>5.2</Amount>
                      <DistanceMatrixElementRef ref="VTR:DistanceMatrixElement:896511to896514" version="1"/>
                    </DistanceMatrixElementPrice>
                  </prices>
                </DistanceMatrixElement>
                <DistanceMatrixElement id="VTR:DistanceMatrixElement:896511to896516" version="1">
                  <Name>Visalaukė to Jureliškis</Name>
                  <StartStopPointRef ref="VTR:ScheduledStopPoint:26019" version="1"/>
                  <EndStopPointRef ref="VTR:ScheduledStopPoint:26025" version="1"/>
                  <prices>
                    <DistanceMatrixElementPrice id="VTR:DistanceMatrixElementPrice:896511to896516" version="1">
                      <Amount>6.1</Amount>
                      <DistanceMatrixElementRef ref="VTR:DistanceMatrixElement:896511to896516" version="1"/>
                    </DistanceMatrixElementPrice>
                  </prices>
                </DistanceMatrixElement>
                <DistanceMatrixElement id="VTR:DistanceMatrixElement:896511to896519" version="1">
                  <Name>Visalaukė to Zarasų autobusų stotis</Name>
                  <StartStopPointRef ref="VTR:ScheduledStopPoint:26019" version="1"/>
                  <EndStopPointRef ref="VTR:ScheduledStopPoint:26027" version="1"/>
                  <prices>
                    <DistanceMatrixElementPrice id="VTR:DistanceMatrixElementPrice:896511to896519" version="1">
                      <Amount>7.8</Amount>
                      <DistanceMatrixElementRef ref="VTR:DistanceMatrixElement:896511to896519" version="1"/>
                    </DistanceMatrixElementPrice>
                  </prices>
                </DistanceMatrixElement>
                <DistanceMatrixElement id="VTR:DistanceMatrixElement:896513to896515" version="1">
                  <Name>Turgus to Daugailiai</Name>
                  <StartStopPointRef ref="VTR:ScheduledStopPoint:32395" version="1"/>
                  <EndStopPointRef ref="VTR:ScheduledStopPoint:26024" version="1"/>
                  <prices>
                    <DistanceMatrixElementPrice id="VTR:DistanceMatrixElementPrice:896513to896515" version="1">
                      <Amount>1.5</Amount>
                      <DistanceMatrixElementRef ref="VTR:DistanceMatrixElement:896513to896515" version="1"/>
                    </DistanceMatrixElementPrice>
                  </prices>
                </DistanceMatrixElement>
                <DistanceMatrixElement id="VTR:DistanceMatrixElement:896513to896516" version="1">
                  <Name>Turgus to Jureliškis</Name>
                  <StartStopPointRef ref="VTR:ScheduledStopPoint:32395" version="1"/>
                  <EndStopPointRef ref="VTR:ScheduledStopPoint:26025" version="1"/>
                  <prices>
                    <DistanceMatrixElementPrice id="VTR:DistanceMatrixElementPrice:896513to896516" version="1">
                      <Amount>1.9</Amount>
                      <DistanceMatrixElementRef ref="VTR:DistanceMatrixElement:896513to896516" version="1"/>
                    </DistanceMatrixElementPrice>
                  </prices>
                </DistanceMatrixElement>
                <DistanceMatrixElement id="VTR:DistanceMatrixElement:896513to896519" version="1">
                  <Name>Turgus to Zarasų autobusų stotis</Name>
                  <StartStopPointRef ref="VTR:ScheduledStopPoint:32395" version="1"/>
                  <EndStopPointRef ref="VTR:ScheduledStopPoint:26027" version="1"/>
                  <prices>
                    <DistanceMatrixElementPrice id="VTR:DistanceMatrixElementPrice:896513to896519" version="1">
                      <Amount>3.7</Amount>
                      <DistanceMatrixElementRef ref="VTR:DistanceMatrixElement:896513to896519" version="1"/>
                    </DistanceMatrixElementPrice>
                  </prices>
                </DistanceMatrixElement>
                <DistanceMatrixElement id="VTR:DistanceMatrixElement:888953to896510" version="1">
                  <Name>Vilniaus autobusų stotis to Molėtų plentas</Name>
                  <StartStopPointRef ref="VTR:ScheduledStopPoint:26014" version="1"/>
                  <EndStopPointRef ref="VTR:ScheduledStopPoint:32394" version="1"/>
                  <prices>
                    <DistanceMatrixElementPrice id="VTR:DistanceMatrixElementPrice:888953to896510" version="1">
                      <Amount>3.4</Amount>
                      <DistanceMatrixElementRef ref="VTR:DistanceMatrixElement:888953to896510" version="1"/>
                    </DistanceMatrixElementPrice>
                  </prices>
                </DistanceMatrixElement>
                <DistanceMatrixElement id="VTR:DistanceMatrixElement:896509to896511" version="1">
                  <Name>Ateities to Visalaukė</Name>
                  <StartStopPointRef ref="VTR:ScheduledStopPoint:32393" version="1"/>
                  <EndStopPointRef ref="VTR:ScheduledStopPoint:26019" version="1"/>
                  <prices>
                    <DistanceMatrixElementPrice id="VTR:DistanceMatrixElementPrice:896509to896511" version="1">
                      <Amount>3.4</Amount>
                      <DistanceMatrixElementRef ref="VTR:DistanceMatrixElement:896509to896511" version="1"/>
                    </DistanceMatrixElementPrice>
                  </prices>
                </DistanceMatrixElement>
                <DistanceMatrixElement id="VTR:DistanceMatrixElement:896509to896514" version="1">
                  <Name>Ateities to Radeikiai</Name>
                  <StartStopPointRef ref="VTR:ScheduledStopPoint:32393" version="1"/>
                  <EndStopPointRef ref="VTR:ScheduledStopPoint:26023" version="1"/>
                  <prices>
                    <DistanceMatrixElementPrice id="VTR:DistanceMatrixElementPrice:896509to896514" version="1">
                      <Amount>8.1</Amount>
                      <DistanceMatrixElementRef ref="VTR:DistanceMatrixElement:896509to896514" version="1"/>
                    </DistanceMatrixElementPrice>
                  </prices>
                </DistanceMatrixElement>
                <DistanceMatrixElement id="VTR:DistanceMatrixElement:896509to896517" version="1">
                  <Name>Ateities to Baibiai</Name>
                  <StartStopPointRef ref="VTR:ScheduledStopPoint:32393" version="1"/>
                  <EndStopPointRef ref="VTR:ScheduledStopPoint:26026" version="1"/>
                  <prices>
                    <DistanceMatrixElementPrice id="VTR:DistanceMatrixElementPrice:896509to896517" version="1">
                      <Amount>9.2</Amount>
                      <DistanceMatrixElementRef ref="VTR:DistanceMatrixElement:896509to896517" version="1"/>
                    </DistanceMatrixElementPrice>
                  </prices>
                </DistanceMatrixElement>
                <DistanceMatrixElement id="VTR:DistanceMatrixElement:896512to896516" version="1">
                  <Name>Utenos autobusų stotis to Jureliškis</Name>
                  <StartStopPointRef ref="VTR:ScheduledStopPoint:26022" version="1"/>
                  <EndStopPointRef ref="VTR:ScheduledStopPoint:26025" version="1"/>
                  <prices>
                    <DistanceMatrixElementPrice id="VTR:DistanceMatrixElementPrice:896512to896516" version="1">
                      <Amount>1.9</Amount>
                      <DistanceMatrixElementRef ref="VTR:DistanceMatrixElement:896512to896516" version="1"/>
                    </DistanceMatrixElementPrice>
                  </prices>
                </DistanceMatrixElement>
                <DistanceMatrixElement id="VTR:DistanceMatrixElement:896512to896519" version="1">
                  <Name>Utenos autobusų stotis to Zarasų autobusų stotis</Name>
                  <StartStopPointRef ref="VTR:ScheduledStopPoint:26022" version="1"/>
                  <EndStopPointRef ref="VTR:ScheduledStopPoint:26027" version="1"/>
                  <prices>
                    <DistanceMatrixElementPrice id="VTR:DistanceMatrixElementPrice:896512to896519" version="1">
                      <Amount>3.7</Amount>
                      <DistanceMatrixElementRef ref="VTR:DistanceMatrixElement:896512to896519" version="1"/>
                    </DistanceMatrixElementPrice>
                  </prices>
                </DistanceMatrixElement>
                <DistanceMatrixElement id="VTR:DistanceMatrixElement:888953to896514" version="1">
                  <Name>Vilniaus autobusų stotis to Radeikiai</Name>
                  <StartStopPointRef ref="VTR:ScheduledStopPoint:26014" version="1"/>
                  <EndStopPointRef ref="VTR:ScheduledStopPoint:26023" version="1"/>
                  <prices>
                    <DistanceMatrixElementPrice id="VTR:DistanceMatrixElementPrice:888953to896514" version="1">
                      <Amount>8.1</Amount>
                      <DistanceMatrixElementRef ref="VTR:DistanceMatrixElement:888953to896514" version="1"/>
                    </DistanceMatrixElementPrice>
                  </prices>
                </DistanceMatrixElement>
                <DistanceMatrixElement id="VTR:DistanceMatrixElement:888953to896517" version="1">
                  <Name>Vilniaus autobusų stotis to Baibiai</Name>
                  <StartStopPointRef ref="VTR:ScheduledStopPoint:26014" version="1"/>
                  <EndStopPointRef ref="VTR:ScheduledStopPoint:26026" version="1"/>
                  <prices>
                    <DistanceMatrixElementPrice id="VTR:DistanceMatrixElementPrice:888953to896517" version="1">
                      <Amount>9.2</Amount>
                      <DistanceMatrixElementRef ref="VTR:DistanceMatrixElement:888953to896517" version="1"/>
                    </DistanceMatrixElementPrice>
                  </prices>
                </DistanceMatrixElement>
                <DistanceMatrixElement id="VTR:DistanceMatrixElement:888953to896518" version="1">
                  <Name>Vilniaus autobusų stotis to Degučiai</Name>
                  <StartStopPointRef ref="VTR:ScheduledStopPoint:26014" version="1"/>
                  <EndStopPointRef ref="VTR:ScheduledStopPoint:26727" version="1"/>
                  <prices>
                    <DistanceMatrixElementPrice id="VTR:DistanceMatrixElementPrice:888953to896518" version="1">
                      <Amount>9.7</Amount>
                      <DistanceMatrixElementRef ref="VTR:DistanceMatrixElement:888953to896518" version="1"/>
                    </DistanceMatrixElementPrice>
                  </prices>
                </DistanceMatrixElement>
                <DistanceMatrixElement id="VTR:DistanceMatrixElement:896510to896512" version="1">
                  <Name>Molėtų plentas to Utenos autobusų stotis</Name>
                  <StartStopPointRef ref="VTR:ScheduledStopPoint:32394" version="1"/>
                  <EndStopPointRef ref="VTR:ScheduledStopPoint:26022" version="1"/>
                  <prices>
                    <DistanceMatrixElementPrice id="VTR:DistanceMatrixElementPrice:896510to896512" version="1">
                      <Amount>7.2</Amount>
                      <DistanceMatrixElementRef ref="VTR:DistanceMatrixElement:896510to896512" version="1"/>
                    </DistanceMatrixElementPrice>
                  </prices>
                </DistanceMatrixElement>
                <DistanceMatrixElement id="VTR:DistanceMatrixElement:896510to896519" version="1">
                  <Name>Molėtų plentas to Zarasų autobusų stotis</Name>
                  <StartStopPointRef ref="VTR:ScheduledStopPoint:32394" version="1"/>
                  <EndStopPointRef ref="VTR:ScheduledStopPoint:26027" version="1"/>
                  <prices>
                    <DistanceMatrixElementPrice id="VTR:DistanceMatrixElementPrice:896510to896519" version="1">
                      <Amount>10.9</Amount>
                      <DistanceMatrixElementRef ref="VTR:DistanceMatrixElement:896510to896519" version="1"/>
                    </DistanceMatrixElementPrice>
                  </prices>
                </DistanceMatrixElement>
                <DistanceMatrixElement id="VTR:DistanceMatrixElement:896509to896518" version="1">
                  <Name>Ateities to Degučiai</Name>
                  <StartStopPointRef ref="VTR:ScheduledStopPoint:32393" version="1"/>
                  <EndStopPointRef ref="VTR:ScheduledStopPoint:26727" version="1"/>
                  <prices>
                    <DistanceMatrixElementPrice id="VTR:DistanceMatrixElementPrice:896509to896518" version="1">
                      <Amount>9.7</Amount>
                      <DistanceMatrixElementRef ref="VTR:DistanceMatrixElement:896509to896518" version="1"/>
                    </DistanceMatrixElementPrice>
                  </prices>
                </DistanceMatrixElement>
                <DistanceMatrixElement id="VTR:DistanceMatrixElement:896509to896510" version="1">
                  <Name>Ateities to Molėtų plentas</Name>
                  <StartStopPointRef ref="VTR:ScheduledStopPoint:32393" version="1"/>
                  <EndStopPointRef ref="VTR:ScheduledStopPoint:32394" version="1"/>
                  <prices>
                    <DistanceMatrixElementPrice id="VTR:DistanceMatrixElementPrice:896509to896510" version="1">
                      <Amount>3.4</Amount>
                      <DistanceMatrixElementRef ref="VTR:DistanceMatrixElement:896509to896510" version="1"/>
                    </DistanceMatrixElementPrice>
                  </prices>
                </DistanceMatrixElement>
                <DistanceMatrixElement id="VTR:DistanceMatrixElement:896511to896517" version="1">
                  <Name>Visalaukė to Baibiai</Name>
                  <StartStopPointRef ref="VTR:ScheduledStopPoint:26019" version="1"/>
                  <EndStopPointRef ref="VTR:ScheduledStopPoint:26026" version="1"/>
                  <prices>
                    <DistanceMatrixElementPrice id="VTR:DistanceMatrixElementPrice:896511to896517" version="1">
                      <Amount>6.4</Amount>
                      <DistanceMatrixElementRef ref="VTR:DistanceMatrixElement:896511to896517" version="1"/>
                    </DistanceMatrixElementPrice>
                  </prices>
                </DistanceMatrixElement>
                <DistanceMatrixElement id="VTR:DistanceMatrixElement:896512to896515" version="1">
                  <Name>Utenos autobusų stotis to Daugailiai</Name>
                  <StartStopPointRef ref="VTR:ScheduledStopPoint:26022" version="1"/>
                  <EndStopPointRef ref="VTR:ScheduledStopPoint:26024" version="1"/>
                  <prices>
                    <DistanceMatrixElementPrice id="VTR:DistanceMatrixElementPrice:896512to896515" version="1">
                      <Amount>1.5</Amount>
                      <DistanceMatrixElementRef ref="VTR:DistanceMatrixElement:896512to896515" version="1"/>
                    </DistanceMatrixElementPrice>
                  </prices>
                </DistanceMatrixElement>
                <DistanceMatrixElement id="VTR:DistanceMatrixElement:896513to896518" version="1">
                  <Name>Turgus to Degučiai</Name>
                  <StartStopPointRef ref="VTR:ScheduledStopPoint:32395" version="1"/>
                  <EndStopPointRef ref="VTR:ScheduledStopPoint:26727" version="1"/>
                  <prices>
                    <DistanceMatrixElementPrice id="VTR:DistanceMatrixElementPrice:896513to896518" version="1">
                      <Amount>2.7</Amount>
                      <DistanceMatrixElementRef ref="VTR:DistanceMatrixElement:896513to896518" version="1"/>
                    </DistanceMatrixElementPrice>
                  </prices>
                </DistanceMatrixElement>
                <DistanceMatrixElement id="VTR:DistanceMatrixElement:896514to896515" version="1">
                  <Name>Radeikiai to Daugailiai</Name>
                  <StartStopPointRef ref="VTR:ScheduledStopPoint:26023" version="1"/>
                  <EndStopPointRef ref="VTR:ScheduledStopPoint:26024" version="1"/>
                  <prices>
                    <DistanceMatrixElementPrice id="VTR:DistanceMatrixElementPrice:896514to896515" version="1">
                      <Amount>0.6</Amount>
                      <DistanceMatrixElementRef ref="VTR:DistanceMatrixElement:896514to896515" version="1"/>
                    </DistanceMatrixElementPrice>
                  </prices>
                </DistanceMatrixElement>
                <DistanceMatrixElement id="VTR:DistanceMatrixElement:896516to896517" version="1">
                  <Name>Jureliškis to Baibiai</Name>
                  <StartStopPointRef ref="VTR:ScheduledStopPoint:26025" version="1"/>
                  <EndStopPointRef ref="VTR:ScheduledStopPoint:26026" version="1"/>
                  <prices>
                    <DistanceMatrixElementPrice id="VTR:DistanceMatrixElementPrice:896516to896517" version="1">
                      <Amount>0.3</Amount>
                      <DistanceMatrixElementRef ref="VTR:DistanceMatrixElement:896516to896517" version="1"/>
                    </DistanceMatrixElementPrice>
                  </prices>
                </DistanceMatrixElement>
              </distanceMatrixElements>
            </Tariff>
          </tariffs>
          <usageParameters>
            <FrequencyOfUse id="VTR:FrequencyOfUse:oneTrip" version="1">
              <FrequencyOfUseType>unlimited</FrequencyOfUseType>
              <MaximalFrequency>1</MaximalFrequency>
            </FrequencyOfUse>
          </usageParameters>
        </FareFrame>
      </frames>
    </CompositeFrame>
  </dataObjects>
</PublicationDelivery>
