<?xml version="1.0" encoding="UTF-8"?><PublicationDelivery xmlns="http://www.netex.org.uk/netex" xmlns:gis="http://www.opengis.net/gml/3.2" xmlns:ns2="http://www.opengis.net/gml/3.2" xmlns:ns3="http://www.siri.org.uk/siri" xmlns:xsi="http://www.w3.org/2001/XMLSchema-instance" version="1" xsi:schemaLocation="">
  <PublicationTimestamp>2022-05-07T00:40:00.273</PublicationTimestamp>
  <ParticipantRef>VTR</ParticipantRef>
  <Description>1</Description>
  <dataObjects>
    <CompositeFrame created="2022-05-07T00:40:00.273" version="1" id="VTR:CompositeFrame:1349">
      <validityConditions>
        <AvailabilityCondition version="1" id="VTR:AvailabilityCondition:1349">
          <FromDate>2010-03-02T00:00:00</FromDate>
          <ToDate>2023-03-31T00:00:00</ToDate>
        </AvailabilityCondition>
      </validityConditions>
      <codespaces>
        <Codespace id="vtr">
          <Xmlns>VTR</Xmlns>
          <XmlnsUrl>http://www.visimarsrutai.lt/</XmlnsUrl>
        </Codespace>
      </codespaces>
      <FrameDefaults>
        <DefaultLocale>
          <TimeZone>Europe/Vilnius</TimeZone>
        </DefaultLocale>
        <DefaultLocationSystem>WGS84</DefaultLocationSystem>
      </FrameDefaults>
      <frames>
        <ServiceCalendarFrame version="1" id="VTR:ServiceCalendarFrame:1349">
          <dayTypes>
            <DayType id="VTR:DayType:96" version="1">
              <properties>
                <PropertyOfDay>
                  <DaysOfWeek>Sunday</DaysOfWeek>
                </PropertyOfDay>
              </properties>
            </DayType>
          </dayTypes>
          <operatingPeriods>
            <OperatingPeriod version="1" id="VTR:OperatingPeriod:96">
              <FromDate>2015-06-02T00:00:00</FromDate>
              <ToDate>2099-12-31T00:00:00</ToDate>
            </OperatingPeriod>
          </operatingPeriods>
          <dayTypeAssignments>
            <DayTypeAssignment id="VTR:DayTypeAssignment:96_0" version="1" order="253">
              <OperatingPeriodRef ref="VTR:OperatingPeriod:96" version="1"/>
              <DayTypeRef ref="VTR:DayType:96" version="1"/>
            </DayTypeAssignment>
          </dayTypeAssignments>
        </ServiceCalendarFrame>
        <ServiceFrame id="VTR:ServiceFrame:1349" version="1">
          <Network version="0" id="VTR:Network:2"/>
          <routePoints>
            <RoutePoint version="1" id="VTR:RoutePoint:27373">
              <projections>
                <PointProjection version="1" id="VTR:PointProjection:8427">
                  <ProjectedPointRef ref="VTR:ScheduledStopPoint:27373" version="1"/>
                </PointProjection>
              </projections>
            </RoutePoint>
            <RoutePoint version="1" id="VTR:RoutePoint:27382">
              <projections>
                <PointProjection version="1" id="VTR:PointProjection:8450">
                  <ProjectedPointRef ref="VTR:ScheduledStopPoint:27382" version="1"/>
                </PointProjection>
              </projections>
            </RoutePoint>
            <RoutePoint version="1" id="VTR:RoutePoint:27383">
              <projections>
                <PointProjection version="1" id="VTR:PointProjection:8064">
                  <ProjectedPointRef ref="VTR:ScheduledStopPoint:27383" version="1"/>
                </PointProjection>
              </projections>
            </RoutePoint>
            <RoutePoint version="1" id="VTR:RoutePoint:27392">
              <projections>
                <PointProjection version="1" id="VTR:PointProjection:8066">
                  <ProjectedPointRef ref="VTR:ScheduledStopPoint:27392" version="1"/>
                </PointProjection>
              </projections>
            </RoutePoint>
            <RoutePoint version="1" id="VTR:RoutePoint:54856">
              <projections>
                <PointProjection version="1" id="VTR:PointProjection:19312">
                  <ProjectedPointRef ref="VTR:ScheduledStopPoint:54856" version="1"/>
                </PointProjection>
              </projections>
            </RoutePoint>
            <RoutePoint version="1" id="VTR:RoutePoint:54857">
              <projections>
                <PointProjection version="1" id="VTR:PointProjection:19313">
                  <ProjectedPointRef ref="VTR:ScheduledStopPoint:54857" version="1"/>
                </PointProjection>
              </projections>
            </RoutePoint>
            <RoutePoint version="1" id="VTR:RoutePoint:54858">
              <projections>
                <PointProjection version="1" id="VTR:PointProjection:19314">
                  <ProjectedPointRef ref="VTR:ScheduledStopPoint:54858" version="1"/>
                </PointProjection>
              </projections>
            </RoutePoint>
            <RoutePoint version="1" id="VTR:RoutePoint:54860">
              <projections>
                <PointProjection version="1" id="VTR:PointProjection:20313">
                  <ProjectedPointRef ref="VTR:ScheduledStopPoint:54860" version="1"/>
                </PointProjection>
              </projections>
            </RoutePoint>
            <RoutePoint version="1" id="VTR:RoutePoint:54861">
              <projections>
                <PointProjection version="1" id="VTR:PointProjection:20314">
                  <ProjectedPointRef ref="VTR:ScheduledStopPoint:54861" version="1"/>
                </PointProjection>
              </projections>
            </RoutePoint>
          </routePoints>
          <routes>
            <Route version="1" id="VTR:Route:1950">
              <Name>Alytus-Vilnius</Name>
              <ShortName>Alytus-Vilnius</ShortName>
              <LineRef ref="VTR:Line:484" version="469"/>
              <DirectionType>outbound</DirectionType>
              <pointsInSequence>
                <PointOnRoute version="1" id="VTR:PointOnRoute:27373" order="1">
                  <RoutePointRef ref="VTR:RoutePoint:27373"/>
                </PointOnRoute>
                <PointOnRoute version="1" id="VTR:PointOnRoute:54856" order="2">
                  <RoutePointRef ref="VTR:RoutePoint:54856"/>
                </PointOnRoute>
                <PointOnRoute version="1" id="VTR:PointOnRoute:54857" order="3">
                  <RoutePointRef ref="VTR:RoutePoint:54857"/>
                </PointOnRoute>
                <PointOnRoute version="1" id="VTR:PointOnRoute:54858" order="4">
                  <RoutePointRef ref="VTR:RoutePoint:54858"/>
                </PointOnRoute>
                <PointOnRoute version="1" id="VTR:PointOnRoute:27382" order="5">
                  <RoutePointRef ref="VTR:RoutePoint:27382"/>
                </PointOnRoute>
              </pointsInSequence>
            </Route>
            <Route version="1" id="VTR:Route:1951">
              <Name>Vilnius-Alytus</Name>
              <ShortName>Vilnius-Alytus</ShortName>
              <LineRef ref="VTR:Line:484" version="469"/>
              <DirectionType>inbound</DirectionType>
              <pointsInSequence>
                <PointOnRoute version="1" id="VTR:PointOnRoute:27383" order="1">
                  <RoutePointRef ref="VTR:RoutePoint:27383"/>
                </PointOnRoute>
                <PointOnRoute version="1" id="VTR:PointOnRoute:54860" order="2">
                  <RoutePointRef ref="VTR:RoutePoint:54860"/>
                </PointOnRoute>
                <PointOnRoute version="1" id="VTR:PointOnRoute:54861" order="3">
                  <RoutePointRef ref="VTR:RoutePoint:54861"/>
                </PointOnRoute>
                <PointOnRoute version="1" id="VTR:PointOnRoute:27392" order="4">
                  <RoutePointRef ref="VTR:RoutePoint:27392"/>
                </PointOnRoute>
              </pointsInSequence>
            </Route>
          </routes>
          <lines>
            <Line version="469" id="VTR:Line:484">
              <Name>Alytus-Vilnius</Name>
              <TransportMode>bus</TransportMode>
              <TransportSubmode>
                <CoachSubmode>nationalCoach</CoachSubmode>
              </TransportSubmode>
              <PublicCode>M-137</PublicCode>
              <OperatorRef ref="VTR:Operator:2"/>
            </Line>
          </lines>
          <scheduledStopPoints>
            <ScheduledStopPoint version="1" id="VTR:ScheduledStopPoint:27373">
              <Name>Alytaus autobusų stotis</Name>
            </ScheduledStopPoint>
            <ScheduledStopPoint version="1" id="VTR:ScheduledStopPoint:27382">
              <Name>Vilniaus autobusų stotis</Name>
            </ScheduledStopPoint>
            <ScheduledStopPoint version="1" id="VTR:ScheduledStopPoint:27383">
              <Name>Vilniaus autobusų stotis</Name>
            </ScheduledStopPoint>
            <ScheduledStopPoint version="1" id="VTR:ScheduledStopPoint:27392">
              <Name>Alytaus autobusų stotis</Name>
            </ScheduledStopPoint>
            <ScheduledStopPoint version="1" id="VTR:ScheduledStopPoint:54856">
              <Name>Vilniaus g.</Name>
            </ScheduledStopPoint>
            <ScheduledStopPoint version="1" id="VTR:ScheduledStopPoint:54857">
              <Name>Pirmojo Alytaus aikštė</Name>
            </ScheduledStopPoint>
            <ScheduledStopPoint version="1" id="VTR:ScheduledStopPoint:54858">
              <Name>Vaduvos</Name>
            </ScheduledStopPoint>
            <ScheduledStopPoint version="1" id="VTR:ScheduledStopPoint:54860">
              <Name>Pirmojo Alytaus aikštė</Name>
            </ScheduledStopPoint>
            <ScheduledStopPoint version="1" id="VTR:ScheduledStopPoint:54861">
              <Name>Vilniaus g.</Name>
            </ScheduledStopPoint>
          </scheduledStopPoints>
          <serviceLinks>
            <ServiceLink id="VTR:ServiceLink:54858_1_27382_1" version="1">
              <Distance>6</Distance>
              <FromPointRef ref="VTR:ScheduledStopPoint:54858" version="1"/>
              <ToPointRef ref="VTR:ScheduledStopPoint:27382" version="1"/>
            </ServiceLink>
            <ServiceLink id="VTR:ServiceLink:27373_1_54856_1" version="1">
              <Distance>3</Distance>
              <FromPointRef ref="VTR:ScheduledStopPoint:27373" version="1"/>
              <ToPointRef ref="VTR:ScheduledStopPoint:54856" version="1"/>
            </ServiceLink>
            <ServiceLink id="VTR:ServiceLink:54857_1_54858_1" version="1">
              <Distance>94</Distance>
              <FromPointRef ref="VTR:ScheduledStopPoint:54857" version="1"/>
              <ToPointRef ref="VTR:ScheduledStopPoint:54858" version="1"/>
            </ServiceLink>
            <ServiceLink id="VTR:ServiceLink:54856_1_54857_1" version="1">
              <Distance>1</Distance>
              <FromPointRef ref="VTR:ScheduledStopPoint:54856" version="1"/>
              <ToPointRef ref="VTR:ScheduledStopPoint:54857" version="1"/>
            </ServiceLink>
            <ServiceLink id="VTR:ServiceLink:54860_1_54861_1" version="1">
              <Distance>1</Distance>
              <FromPointRef ref="VTR:ScheduledStopPoint:54860" version="1"/>
              <ToPointRef ref="VTR:ScheduledStopPoint:54861" version="1"/>
            </ServiceLink>
            <ServiceLink id="VTR:ServiceLink:54861_1_27392_1" version="1">
              <Distance>3</Distance>
              <FromPointRef ref="VTR:ScheduledStopPoint:54861" version="1"/>
              <ToPointRef ref="VTR:ScheduledStopPoint:27392" version="1"/>
            </ServiceLink>
          </serviceLinks>
          <stopAssignments>
            <PassengerStopAssignment order="195000000" id="VTR:PassengerStopAssignment:27373" version="1">
              <ScheduledStopPointRef ref="VTR:ScheduledStopPoint:27373" version="1"/>
              <QuayRef ref="VTR:Quay:19450"/>
            </PassengerStopAssignment>
            <PassengerStopAssignment order="195000001" id="VTR:PassengerStopAssignment:54856" version="1">
              <ScheduledStopPointRef ref="VTR:ScheduledStopPoint:54856" version="1"/>
              <QuayRef ref="VTR:Quay:19726"/>
            </PassengerStopAssignment>
            <PassengerStopAssignment order="195000002" id="VTR:PassengerStopAssignment:54857" version="1">
              <ScheduledStopPointRef ref="VTR:ScheduledStopPoint:54857" version="1"/>
              <QuayRef ref="VTR:Quay:20149"/>
            </PassengerStopAssignment>
            <PassengerStopAssignment order="195000003" id="VTR:PassengerStopAssignment:54858" version="1">
              <ScheduledStopPointRef ref="VTR:ScheduledStopPoint:54858" version="1"/>
              <QuayRef ref="VTR:Quay:20081"/>
            </PassengerStopAssignment>
            <PassengerStopAssignment order="195000004" id="VTR:PassengerStopAssignment:27382" version="1">
              <ScheduledStopPointRef ref="VTR:ScheduledStopPoint:27382" version="1"/>
              <QuayRef ref="VTR:Quay:19485"/>
            </PassengerStopAssignment>
            <PassengerStopAssignment order="195100000" id="VTR:PassengerStopAssignment:27383" version="1">
              <ScheduledStopPointRef ref="VTR:ScheduledStopPoint:27383" version="1"/>
              <QuayRef ref="VTR:Quay:19485"/>
            </PassengerStopAssignment>
            <PassengerStopAssignment order="195100002" id="VTR:PassengerStopAssignment:54860" version="1">
              <ScheduledStopPointRef ref="VTR:ScheduledStopPoint:54860" version="1"/>
              <QuayRef ref="VTR:Quay:20150"/>
            </PassengerStopAssignment>
            <PassengerStopAssignment order="195100003" id="VTR:PassengerStopAssignment:54861" version="1">
              <ScheduledStopPointRef ref="VTR:ScheduledStopPoint:54861" version="1"/>
              <QuayRef ref="VTR:Quay:19725"/>
            </PassengerStopAssignment>
            <PassengerStopAssignment order="195100004" id="VTR:PassengerStopAssignment:27392" version="1">
              <ScheduledStopPointRef ref="VTR:ScheduledStopPoint:27392" version="1"/>
              <QuayRef ref="VTR:Quay:19450"/>
            </PassengerStopAssignment>
          </stopAssignments>
          <journeyPatterns>
            <JourneyPattern id="VTR:JourneyPattern:44915" version="44876">
              <Name>2X</Name>
              <RouteRef ref="VTR:Route:1951" version="1"/>
              <pointsInSequence>
                <StopPointInJourneyPattern id="VTR:StopPointInJourneyPattern:944113" version="44876" order="1">
                  <ScheduledStopPointRef ref="VTR:ScheduledStopPoint:27383"/>
                  <ForAlighting>false</ForAlighting>
                  <DestinationDisplayRef ref="VTR:DestinationDisplay:1"/>
                </StopPointInJourneyPattern>
                <StopPointInJourneyPattern id="VTR:StopPointInJourneyPattern:944114" version="44876" order="2">
                  <ScheduledStopPointRef ref="VTR:ScheduledStopPoint:54860"/>
                  <ForBoarding>false</ForBoarding>
                  <DestinationDisplayRef ref="VTR:DestinationDisplay:1"/>
                </StopPointInJourneyPattern>
                <StopPointInJourneyPattern id="VTR:StopPointInJourneyPattern:944115" version="44876" order="3">
                  <ScheduledStopPointRef ref="VTR:ScheduledStopPoint:54861"/>
                  <ForBoarding>false</ForBoarding>
                  <DestinationDisplayRef ref="VTR:DestinationDisplay:1"/>
                </StopPointInJourneyPattern>
                <StopPointInJourneyPattern id="VTR:StopPointInJourneyPattern:944116" version="44876" order="4">
                  <ScheduledStopPointRef ref="VTR:ScheduledStopPoint:27392"/>
                  <ForBoarding>false</ForBoarding>
                  <DestinationDisplayRef ref="VTR:DestinationDisplay:1"/>
                </StopPointInJourneyPattern>
              </pointsInSequence>
            </JourneyPattern>
            <JourneyPattern id="VTR:JourneyPattern:44916" version="44877">
              <Name>4X</Name>
              <RouteRef ref="VTR:Route:1951" version="1"/>
              <pointsInSequence>
                <StopPointInJourneyPattern id="VTR:StopPointInJourneyPattern:944117" version="44877" order="1">
                  <ScheduledStopPointRef ref="VTR:ScheduledStopPoint:27383"/>
                  <ForAlighting>false</ForAlighting>
                  <DestinationDisplayRef ref="VTR:DestinationDisplay:1"/>
                </StopPointInJourneyPattern>
                <StopPointInJourneyPattern id="VTR:StopPointInJourneyPattern:944118" version="44877" order="2">
                  <ScheduledStopPointRef ref="VTR:ScheduledStopPoint:54860"/>
                  <ForBoarding>false</ForBoarding>
                  <DestinationDisplayRef ref="VTR:DestinationDisplay:1"/>
                </StopPointInJourneyPattern>
                <StopPointInJourneyPattern id="VTR:StopPointInJourneyPattern:944119" version="44877" order="3">
                  <ScheduledStopPointRef ref="VTR:ScheduledStopPoint:54861"/>
                  <ForBoarding>false</ForBoarding>
                  <DestinationDisplayRef ref="VTR:DestinationDisplay:1"/>
                </StopPointInJourneyPattern>
                <StopPointInJourneyPattern id="VTR:StopPointInJourneyPattern:944120" version="44877" order="4">
                  <ScheduledStopPointRef ref="VTR:ScheduledStopPoint:27392"/>
                  <ForBoarding>false</ForBoarding>
                  <DestinationDisplayRef ref="VTR:DestinationDisplay:1"/>
                </StopPointInJourneyPattern>
              </pointsInSequence>
            </JourneyPattern>
            <JourneyPattern id="VTR:JourneyPattern:44912" version="44873">
              <Name>1X</Name>
              <RouteRef ref="VTR:Route:1950" version="1"/>
              <pointsInSequence>
                <StopPointInJourneyPattern id="VTR:StopPointInJourneyPattern:944099" version="44873" order="1">
                  <ScheduledStopPointRef ref="VTR:ScheduledStopPoint:27373"/>
                  <ForAlighting>false</ForAlighting>
                  <DestinationDisplayRef ref="VTR:DestinationDisplay:1"/>
                </StopPointInJourneyPattern>
                <StopPointInJourneyPattern id="VTR:StopPointInJourneyPattern:944100" version="44873" order="2">
                  <ScheduledStopPointRef ref="VTR:ScheduledStopPoint:54856"/>
                  <ForAlighting>false</ForAlighting>
                  <DestinationDisplayRef ref="VTR:DestinationDisplay:1"/>
                </StopPointInJourneyPattern>
                <StopPointInJourneyPattern id="VTR:StopPointInJourneyPattern:944101" version="44873" order="3">
                  <ScheduledStopPointRef ref="VTR:ScheduledStopPoint:54857"/>
                  <ForAlighting>false</ForAlighting>
                  <DestinationDisplayRef ref="VTR:DestinationDisplay:1"/>
                </StopPointInJourneyPattern>
                <StopPointInJourneyPattern id="VTR:StopPointInJourneyPattern:944102" version="44873" order="4">
                  <ScheduledStopPointRef ref="VTR:ScheduledStopPoint:54858"/>
                  <ForBoarding>false</ForBoarding>
                  <DestinationDisplayRef ref="VTR:DestinationDisplay:1"/>
                </StopPointInJourneyPattern>
                <StopPointInJourneyPattern id="VTR:StopPointInJourneyPattern:944103" version="44873" order="5">
                  <ScheduledStopPointRef ref="VTR:ScheduledStopPoint:27382"/>
                  <ForBoarding>false</ForBoarding>
                  <DestinationDisplayRef ref="VTR:DestinationDisplay:1"/>
                </StopPointInJourneyPattern>
              </pointsInSequence>
            </JourneyPattern>
            <JourneyPattern id="VTR:JourneyPattern:44913" version="44874">
              <Name>3X</Name>
              <RouteRef ref="VTR:Route:1950" version="1"/>
              <pointsInSequence>
                <StopPointInJourneyPattern id="VTR:StopPointInJourneyPattern:944104" version="44874" order="1">
                  <ScheduledStopPointRef ref="VTR:ScheduledStopPoint:27373"/>
                  <ForAlighting>false</ForAlighting>
                  <DestinationDisplayRef ref="VTR:DestinationDisplay:1"/>
                </StopPointInJourneyPattern>
                <StopPointInJourneyPattern id="VTR:StopPointInJourneyPattern:944105" version="44874" order="2">
                  <ScheduledStopPointRef ref="VTR:ScheduledStopPoint:54856"/>
                  <ForAlighting>false</ForAlighting>
                  <DestinationDisplayRef ref="VTR:DestinationDisplay:1"/>
                </StopPointInJourneyPattern>
                <StopPointInJourneyPattern id="VTR:StopPointInJourneyPattern:944106" version="44874" order="3">
                  <ScheduledStopPointRef ref="VTR:ScheduledStopPoint:54857"/>
                  <ForAlighting>false</ForAlighting>
                  <DestinationDisplayRef ref="VTR:DestinationDisplay:1"/>
                </StopPointInJourneyPattern>
                <StopPointInJourneyPattern id="VTR:StopPointInJourneyPattern:944107" version="44874" order="4">
                  <ScheduledStopPointRef ref="VTR:ScheduledStopPoint:54858"/>
                  <ForBoarding>false</ForBoarding>
                  <DestinationDisplayRef ref="VTR:DestinationDisplay:1"/>
                </StopPointInJourneyPattern>
                <StopPointInJourneyPattern id="VTR:StopPointInJourneyPattern:944108" version="44874" order="5">
                  <ScheduledStopPointRef ref="VTR:ScheduledStopPoint:27382"/>
                  <ForBoarding>false</ForBoarding>
                  <DestinationDisplayRef ref="VTR:DestinationDisplay:1"/>
                </StopPointInJourneyPattern>
              </pointsInSequence>
            </JourneyPattern>
          </journeyPatterns>
        </ServiceFrame>
        <TimetableFrame version="1" id="VTR:TimetableFrame:1349">
          <vehicleJourneys>
            <ServiceJourney version="44874" id="VTR:ServiceJourney:44913">
              <Name>Alytus-Vilnius</Name>
              <PrivateCode>3X</PrivateCode>
              <dayTypes>
                <DayTypeRef ref="VTR:DayType:96"/>
              </dayTypes>
              <JourneyPatternRef version="44874" ref="VTR:JourneyPattern:44913"/>
              <OperatorRef ref="VTR:Operator:474"/>
              <LineRef ref="VTR:Line:484" version="469"/>
              <passingTimes>
                <TimetabledPassingTime version="44874" id="VTR:TimetabledPassingTime:44913_944104_1">
                  <StopPointInJourneyPatternRef ref="VTR:StopPointInJourneyPattern:944104" version="44874"/>
                  <DepartureTime>16:40:00</DepartureTime>
                  <DepartureDayOffset>0</DepartureDayOffset>
                </TimetabledPassingTime>
                <TimetabledPassingTime version="44874" id="VTR:TimetabledPassingTime:44913_944105_2">
                  <StopPointInJourneyPatternRef ref="VTR:StopPointInJourneyPattern:944105" version="44874"/>
                  <DepartureTime>16:49:00</DepartureTime>
                  <DepartureDayOffset>0</DepartureDayOffset>
                </TimetabledPassingTime>
                <TimetabledPassingTime version="44874" id="VTR:TimetabledPassingTime:44913_944106_3">
                  <StopPointInJourneyPatternRef ref="VTR:StopPointInJourneyPattern:944106" version="44874"/>
                  <DepartureTime>16:52:00</DepartureTime>
                  <DepartureDayOffset>0</DepartureDayOffset>
                </TimetabledPassingTime>
                <TimetabledPassingTime version="44874" id="VTR:TimetabledPassingTime:44913_944107_4">
                  <StopPointInJourneyPatternRef ref="VTR:StopPointInJourneyPattern:944107" version="44874"/>
                  <DepartureTime>18:10:00</DepartureTime>
                  <DepartureDayOffset>0</DepartureDayOffset>
                </TimetabledPassingTime>
                <TimetabledPassingTime version="44874" id="VTR:TimetabledPassingTime:44913_944108_5">
                  <StopPointInJourneyPatternRef ref="VTR:StopPointInJourneyPattern:944108" version="44874"/>
                  <DepartureTime>18:20:00</DepartureTime>
                  <DepartureDayOffset>0</DepartureDayOffset>
                </TimetabledPassingTime>
              </passingTimes>
            </ServiceJourney>
            <ServiceJourney version="44873" id="VTR:ServiceJourney:44912">
              <Name>Alytus-Vilnius</Name>
              <PrivateCode>1X</PrivateCode>
              <dayTypes>
                <DayTypeRef ref="VTR:DayType:96"/>
              </dayTypes>
              <JourneyPatternRef version="44873" ref="VTR:JourneyPattern:44912"/>
              <OperatorRef ref="VTR:Operator:474"/>
              <LineRef ref="VTR:Line:484" version="469"/>
              <passingTimes>
                <TimetabledPassingTime version="44873" id="VTR:TimetabledPassingTime:44912_944099_1">
                  <StopPointInJourneyPatternRef ref="VTR:StopPointInJourneyPattern:944099" version="44873"/>
                  <DepartureTime>14:00:00</DepartureTime>
                  <DepartureDayOffset>0</DepartureDayOffset>
                </TimetabledPassingTime>
                <TimetabledPassingTime version="44873" id="VTR:TimetabledPassingTime:44912_944100_2">
                  <StopPointInJourneyPatternRef ref="VTR:StopPointInJourneyPattern:944100" version="44873"/>
                  <DepartureTime>14:09:00</DepartureTime>
                  <DepartureDayOffset>0</DepartureDayOffset>
                </TimetabledPassingTime>
                <TimetabledPassingTime version="44873" id="VTR:TimetabledPassingTime:44912_944101_3">
                  <StopPointInJourneyPatternRef ref="VTR:StopPointInJourneyPattern:944101" version="44873"/>
                  <DepartureTime>14:12:00</DepartureTime>
                  <DepartureDayOffset>0</DepartureDayOffset>
                </TimetabledPassingTime>
                <TimetabledPassingTime version="44873" id="VTR:TimetabledPassingTime:44912_944102_4">
                  <StopPointInJourneyPatternRef ref="VTR:StopPointInJourneyPattern:944102" version="44873"/>
                  <DepartureTime>15:30:00</DepartureTime>
                  <DepartureDayOffset>0</DepartureDayOffset>
                </TimetabledPassingTime>
                <TimetabledPassingTime version="44873" id="VTR:TimetabledPassingTime:44912_944103_5">
                  <StopPointInJourneyPatternRef ref="VTR:StopPointInJourneyPattern:944103" version="44873"/>
                  <DepartureTime>15:40:00</DepartureTime>
                  <DepartureDayOffset>0</DepartureDayOffset>
                </TimetabledPassingTime>
              </passingTimes>
            </ServiceJourney>
            <ServiceJourney version="44877" id="VTR:ServiceJourney:44916">
              <Name>Vilnius-Alytus</Name>
              <PrivateCode>4X</PrivateCode>
              <dayTypes>
                <DayTypeRef ref="VTR:DayType:96"/>
              </dayTypes>
              <JourneyPatternRef version="44877" ref="VTR:JourneyPattern:44916"/>
              <OperatorRef ref="VTR:Operator:474"/>
              <LineRef ref="VTR:Line:484" version="469"/>
              <passingTimes>
                <TimetabledPassingTime version="44877" id="VTR:TimetabledPassingTime:44916_944117_1">
                  <StopPointInJourneyPatternRef ref="VTR:StopPointInJourneyPattern:944117" version="44877"/>
                  <DepartureTime>18:35:00</DepartureTime>
                  <DepartureDayOffset>0</DepartureDayOffset>
                </TimetabledPassingTime>
                <TimetabledPassingTime version="44877" id="VTR:TimetabledPassingTime:44916_944118_2">
                  <StopPointInJourneyPatternRef ref="VTR:StopPointInJourneyPattern:944118" version="44877"/>
                  <DepartureTime>20:03:00</DepartureTime>
                  <DepartureDayOffset>0</DepartureDayOffset>
                </TimetabledPassingTime>
                <TimetabledPassingTime version="44877" id="VTR:TimetabledPassingTime:44916_944119_3">
                  <StopPointInJourneyPatternRef ref="VTR:StopPointInJourneyPattern:944119" version="44877"/>
                  <DepartureTime>20:06:00</DepartureTime>
                  <DepartureDayOffset>0</DepartureDayOffset>
                </TimetabledPassingTime>
                <TimetabledPassingTime version="44877" id="VTR:TimetabledPassingTime:44916_944120_4">
                  <StopPointInJourneyPatternRef ref="VTR:StopPointInJourneyPattern:944120" version="44877"/>
                  <DepartureTime>20:15:00</DepartureTime>
                  <DepartureDayOffset>0</DepartureDayOffset>
                </TimetabledPassingTime>
              </passingTimes>
            </ServiceJourney>
            <ServiceJourney version="44876" id="VTR:ServiceJourney:44915">
              <Name>Vilnius-Alytus</Name>
              <PrivateCode>2X</PrivateCode>
              <dayTypes>
                <DayTypeRef ref="VTR:DayType:96"/>
              </dayTypes>
              <JourneyPatternRef version="44876" ref="VTR:JourneyPattern:44915"/>
              <OperatorRef ref="VTR:Operator:474"/>
              <LineRef ref="VTR:Line:484" version="469"/>
              <passingTimes>
                <TimetabledPassingTime version="44876" id="VTR:TimetabledPassingTime:44915_944113_1">
                  <StopPointInJourneyPatternRef ref="VTR:StopPointInJourneyPattern:944113" version="44876"/>
                  <DepartureTime>16:10:00</DepartureTime>
                  <DepartureDayOffset>0</DepartureDayOffset>
                </TimetabledPassingTime>
                <TimetabledPassingTime version="44876" id="VTR:TimetabledPassingTime:44915_944114_2">
                  <StopPointInJourneyPatternRef ref="VTR:StopPointInJourneyPattern:944114" version="44876"/>
                  <DepartureTime>17:38:00</DepartureTime>
                  <DepartureDayOffset>0</DepartureDayOffset>
                </TimetabledPassingTime>
                <TimetabledPassingTime version="44876" id="VTR:TimetabledPassingTime:44915_944115_3">
                  <StopPointInJourneyPatternRef ref="VTR:StopPointInJourneyPattern:944115" version="44876"/>
                  <DepartureTime>17:41:00</DepartureTime>
                  <DepartureDayOffset>0</DepartureDayOffset>
                </TimetabledPassingTime>
                <TimetabledPassingTime version="44876" id="VTR:TimetabledPassingTime:44915_944116_4">
                  <StopPointInJourneyPatternRef ref="VTR:StopPointInJourneyPattern:944116" version="44876"/>
                  <DepartureTime>17:50:00</DepartureTime>
                  <DepartureDayOffset>0</DepartureDayOffset>
                </TimetabledPassingTime>
              </passingTimes>
            </ServiceJourney>
          </vehicleJourneys>
        </TimetableFrame>
        <ResourceFrame version="1" id="VTR:ResourceFrame:1349">
          <organisations>
            <Authority version="1" id="VTR:Authority:2">
              <CompanyNumber>188647255</CompanyNumber>
              <Name>LTSA</Name>
              <LegalName>Lietuvos transporto saugos administracija</LegalName>
              <ContactDetails>
                <Email>ltsa@ltsa.lrv.lt</Email>
                <Phone>8 5  278 5602</Phone>
                <Url>www.ltsa.lrv.lt</Url>
              </ContactDetails>
              <OrganisationType>authority</OrganisationType>
            </Authority>
          </organisations>
        </ResourceFrame>
        <FareFrame id="VTR:FareFrame:484" version="1">
          <FrameDefaults>
            <DefaultCurrency>EUR</DefaultCurrency>
          </FrameDefaults>
          <fareStructureElements>
            <FareStructureElement id="VTR:FareStructureElement:pricematrix" version="1">
              <distanceMatrixElements>
                <DistanceMatrixElementRef ref="VTR:DistanceMatrixElement:944118to944119" version="1"/>
                <DistanceMatrixElementRef ref="VTR:DistanceMatrixElement:944107to944108" version="1"/>
                <DistanceMatrixElementRef ref="VTR:DistanceMatrixElement:944100to944102" version="1"/>
                <DistanceMatrixElementRef ref="VTR:DistanceMatrixElement:944100to944103" version="1"/>
                <DistanceMatrixElementRef ref="VTR:DistanceMatrixElement:944101to944103" version="1"/>
                <DistanceMatrixElementRef ref="VTR:DistanceMatrixElement:944104to944106" version="1"/>
                <DistanceMatrixElementRef ref="VTR:DistanceMatrixElement:944113to944114" version="1"/>
                <DistanceMatrixElementRef ref="VTR:DistanceMatrixElement:944117to944118" version="1"/>
                <DistanceMatrixElementRef ref="VTR:DistanceMatrixElement:944114to944116" version="1"/>
                <DistanceMatrixElementRef ref="VTR:DistanceMatrixElement:944119to944120" version="1"/>
                <DistanceMatrixElementRef ref="VTR:DistanceMatrixElement:944099to944100" version="1"/>
                <DistanceMatrixElementRef ref="VTR:DistanceMatrixElement:944101to944102" version="1"/>
                <DistanceMatrixElementRef ref="VTR:DistanceMatrixElement:944106to944108" version="1"/>
                <DistanceMatrixElementRef ref="VTR:DistanceMatrixElement:944114to944115" version="1"/>
                <DistanceMatrixElementRef ref="VTR:DistanceMatrixElement:944104to944108" version="1"/>
                <DistanceMatrixElementRef ref="VTR:DistanceMatrixElement:944105to944107" version="1"/>
                <DistanceMatrixElementRef ref="VTR:DistanceMatrixElement:944105to944108" version="1"/>
                <DistanceMatrixElementRef ref="VTR:DistanceMatrixElement:944117to944120" version="1"/>
                <DistanceMatrixElementRef ref="VTR:DistanceMatrixElement:944113to944115" version="1"/>
                <DistanceMatrixElementRef ref="VTR:DistanceMatrixElement:944113to944116" version="1"/>
                <DistanceMatrixElementRef ref="VTR:DistanceMatrixElement:944118to944120" version="1"/>
                <DistanceMatrixElementRef ref="VTR:DistanceMatrixElement:944100to944101" version="1"/>
                <DistanceMatrixElementRef ref="VTR:DistanceMatrixElement:944102to944103" version="1"/>
                <DistanceMatrixElementRef ref="VTR:DistanceMatrixElement:944106to944107" version="1"/>
                <DistanceMatrixElementRef ref="VTR:DistanceMatrixElement:944115to944116" version="1"/>
                <DistanceMatrixElementRef ref="VTR:DistanceMatrixElement:944117to944119" version="1"/>
                <DistanceMatrixElementRef ref="VTR:DistanceMatrixElement:944099to944102" version="1"/>
                <DistanceMatrixElementRef ref="VTR:DistanceMatrixElement:944099to944103" version="1"/>
                <DistanceMatrixElementRef ref="VTR:DistanceMatrixElement:944104to944105" version="1"/>
                <DistanceMatrixElementRef ref="VTR:DistanceMatrixElement:944104to944107" version="1"/>
                <DistanceMatrixElementRef ref="VTR:DistanceMatrixElement:944105to944106" version="1"/>
                <DistanceMatrixElementRef ref="VTR:DistanceMatrixElement:944099to944101" version="1"/>
              </distanceMatrixElements>
            </FareStructureElement>
          </fareStructureElements>
          <tariffs>
            <Tariff id="VTR:Tariff:pointToPointInSeparateJourney_484" version="1">
              <Name>Point to point tariff</Name>
              <distanceMatrixElements>
                <DistanceMatrixElement id="VTR:DistanceMatrixElement:944118to944119" version="1">
                  <Name>Pirmojo Alytaus aikštė to Vilniaus g.</Name>
                  <StartStopPointRef ref="VTR:ScheduledStopPoint:54860" version="1"/>
                  <EndStopPointRef ref="VTR:ScheduledStopPoint:54861" version="1"/>
                  <prices>
                    <DistanceMatrixElementPrice id="VTR:DistanceMatrixElementPrice:944118to944119" version="1">
                      <Amount>0.0</Amount>
                      <DistanceMatrixElementRef ref="VTR:DistanceMatrixElement:944118to944119" version="1"/>
                    </DistanceMatrixElementPrice>
                  </prices>
                </DistanceMatrixElement>
                <DistanceMatrixElement id="VTR:DistanceMatrixElement:944107to944108" version="1">
                  <Name>Vaduvos to Vilniaus autobusų stotis</Name>
                  <StartStopPointRef ref="VTR:ScheduledStopPoint:54858" version="1"/>
                  <EndStopPointRef ref="VTR:ScheduledStopPoint:27382" version="1"/>
                  <prices>
                    <DistanceMatrixElementPrice id="VTR:DistanceMatrixElementPrice:944107to944108" version="1">
                      <Amount>0.0</Amount>
                      <DistanceMatrixElementRef ref="VTR:DistanceMatrixElement:944107to944108" version="1"/>
                    </DistanceMatrixElementPrice>
                  </prices>
                </DistanceMatrixElement>
                <DistanceMatrixElement id="VTR:DistanceMatrixElement:944100to944102" version="1">
                  <Name>Vilniaus g. to Vaduvos</Name>
                  <StartStopPointRef ref="VTR:ScheduledStopPoint:54856" version="1"/>
                  <EndStopPointRef ref="VTR:ScheduledStopPoint:54858" version="1"/>
                  <prices>
                    <DistanceMatrixElementPrice id="VTR:DistanceMatrixElementPrice:944100to944102" version="1">
                      <Amount>6.8</Amount>
                      <DistanceMatrixElementRef ref="VTR:DistanceMatrixElement:944100to944102" version="1"/>
                    </DistanceMatrixElementPrice>
                  </prices>
                </DistanceMatrixElement>
                <DistanceMatrixElement id="VTR:DistanceMatrixElement:944100to944103" version="1">
                  <Name>Vilniaus g. to Vilniaus autobusų stotis</Name>
                  <StartStopPointRef ref="VTR:ScheduledStopPoint:54856" version="1"/>
                  <EndStopPointRef ref="VTR:ScheduledStopPoint:27382" version="1"/>
                  <prices>
                    <DistanceMatrixElementPrice id="VTR:DistanceMatrixElementPrice:944100to944103" version="1">
                      <Amount>6.8</Amount>
                      <DistanceMatrixElementRef ref="VTR:DistanceMatrixElement:944100to944103" version="1"/>
                    </DistanceMatrixElementPrice>
                  </prices>
                </DistanceMatrixElement>
                <DistanceMatrixElement id="VTR:DistanceMatrixElement:944101to944103" version="1">
                  <Name>Pirmojo Alytaus aikštė to Vilniaus autobusų stotis</Name>
                  <StartStopPointRef ref="VTR:ScheduledStopPoint:54857" version="1"/>
                  <EndStopPointRef ref="VTR:ScheduledStopPoint:27382" version="1"/>
                  <prices>
                    <DistanceMatrixElementPrice id="VTR:DistanceMatrixElementPrice:944101to944103" version="1">
                      <Amount>6.8</Amount>
                      <DistanceMatrixElementRef ref="VTR:DistanceMatrixElement:944101to944103" version="1"/>
                    </DistanceMatrixElementPrice>
                  </prices>
                </DistanceMatrixElement>
                <DistanceMatrixElement id="VTR:DistanceMatrixElement:944104to944106" version="1">
                  <Name>Alytaus autobusų stotis to Pirmojo Alytaus aikštė</Name>
                  <StartStopPointRef ref="VTR:ScheduledStopPoint:27373" version="1"/>
                  <EndStopPointRef ref="VTR:ScheduledStopPoint:54857" version="1"/>
                  <prices>
                    <DistanceMatrixElementPrice id="VTR:DistanceMatrixElementPrice:944104to944106" version="1">
                      <Amount>0.0</Amount>
                      <DistanceMatrixElementRef ref="VTR:DistanceMatrixElement:944104to944106" version="1"/>
                    </DistanceMatrixElementPrice>
                  </prices>
                </DistanceMatrixElement>
                <DistanceMatrixElement id="VTR:DistanceMatrixElement:944113to944114" version="1">
                  <Name>Vilniaus autobusų stotis to Pirmojo Alytaus aikštė</Name>
                  <StartStopPointRef ref="VTR:ScheduledStopPoint:27383" version="1"/>
                  <EndStopPointRef ref="VTR:ScheduledStopPoint:54860" version="1"/>
                  <prices>
                    <DistanceMatrixElementPrice id="VTR:DistanceMatrixElementPrice:944113to944114" version="1">
                      <Amount>6.8</Amount>
                      <DistanceMatrixElementRef ref="VTR:DistanceMatrixElement:944113to944114" version="1"/>
                    </DistanceMatrixElementPrice>
                  </prices>
                </DistanceMatrixElement>
                <DistanceMatrixElement id="VTR:DistanceMatrixElement:944117to944118" version="1">
                  <Name>Vilniaus autobusų stotis to Pirmojo Alytaus aikštė</Name>
                  <StartStopPointRef ref="VTR:ScheduledStopPoint:27383" version="1"/>
                  <EndStopPointRef ref="VTR:ScheduledStopPoint:54860" version="1"/>
                  <prices>
                    <DistanceMatrixElementPrice id="VTR:DistanceMatrixElementPrice:944117to944118" version="1">
                      <Amount>6.8</Amount>
                      <DistanceMatrixElementRef ref="VTR:DistanceMatrixElement:944117to944118" version="1"/>
                    </DistanceMatrixElementPrice>
                  </prices>
                </DistanceMatrixElement>
                <DistanceMatrixElement id="VTR:DistanceMatrixElement:944114to944116" version="1">
                  <Name>Pirmojo Alytaus aikštė to Alytaus autobusų stotis</Name>
                  <StartStopPointRef ref="VTR:ScheduledStopPoint:54860" version="1"/>
                  <EndStopPointRef ref="VTR:ScheduledStopPoint:27392" version="1"/>
                  <prices>
                    <DistanceMatrixElementPrice id="VTR:DistanceMatrixElementPrice:944114to944116" version="1">
                      <Amount>0.0</Amount>
                      <DistanceMatrixElementRef ref="VTR:DistanceMatrixElement:944114to944116" version="1"/>
                    </DistanceMatrixElementPrice>
                  </prices>
                </DistanceMatrixElement>
                <DistanceMatrixElement id="VTR:DistanceMatrixElement:944119to944120" version="1">
                  <Name>Vilniaus g. to Alytaus autobusų stotis</Name>
                  <StartStopPointRef ref="VTR:ScheduledStopPoint:54861" version="1"/>
                  <EndStopPointRef ref="VTR:ScheduledStopPoint:27392" version="1"/>
                  <prices>
                    <DistanceMatrixElementPrice id="VTR:DistanceMatrixElementPrice:944119to944120" version="1">
                      <Amount>0.0</Amount>
                      <DistanceMatrixElementRef ref="VTR:DistanceMatrixElement:944119to944120" version="1"/>
                    </DistanceMatrixElementPrice>
                  </prices>
                </DistanceMatrixElement>
                <DistanceMatrixElement id="VTR:DistanceMatrixElement:944099to944100" version="1">
                  <Name>Alytaus autobusų stotis to Vilniaus g.</Name>
                  <StartStopPointRef ref="VTR:ScheduledStopPoint:27373" version="1"/>
                  <EndStopPointRef ref="VTR:ScheduledStopPoint:54856" version="1"/>
                  <prices>
                    <DistanceMatrixElementPrice id="VTR:DistanceMatrixElementPrice:944099to944100" version="1">
                      <Amount>0.0</Amount>
                      <DistanceMatrixElementRef ref="VTR:DistanceMatrixElement:944099to944100" version="1"/>
                    </DistanceMatrixElementPrice>
                  </prices>
                </DistanceMatrixElement>
                <DistanceMatrixElement id="VTR:DistanceMatrixElement:944101to944102" version="1">
                  <Name>Pirmojo Alytaus aikštė to Vaduvos</Name>
                  <StartStopPointRef ref="VTR:ScheduledStopPoint:54857" version="1"/>
                  <EndStopPointRef ref="VTR:ScheduledStopPoint:54858" version="1"/>
                  <prices>
                    <DistanceMatrixElementPrice id="VTR:DistanceMatrixElementPrice:944101to944102" version="1">
                      <Amount>6.8</Amount>
                      <DistanceMatrixElementRef ref="VTR:DistanceMatrixElement:944101to944102" version="1"/>
                    </DistanceMatrixElementPrice>
                  </prices>
                </DistanceMatrixElement>
                <DistanceMatrixElement id="VTR:DistanceMatrixElement:944106to944108" version="1">
                  <Name>Pirmojo Alytaus aikštė to Vilniaus autobusų stotis</Name>
                  <StartStopPointRef ref="VTR:ScheduledStopPoint:54857" version="1"/>
                  <EndStopPointRef ref="VTR:ScheduledStopPoint:27382" version="1"/>
                  <prices>
                    <DistanceMatrixElementPrice id="VTR:DistanceMatrixElementPrice:944106to944108" version="1">
                      <Amount>6.8</Amount>
                      <DistanceMatrixElementRef ref="VTR:DistanceMatrixElement:944106to944108" version="1"/>
                    </DistanceMatrixElementPrice>
                  </prices>
                </DistanceMatrixElement>
                <DistanceMatrixElement id="VTR:DistanceMatrixElement:944114to944115" version="1">
                  <Name>Pirmojo Alytaus aikštė to Vilniaus g.</Name>
                  <StartStopPointRef ref="VTR:ScheduledStopPoint:54860" version="1"/>
                  <EndStopPointRef ref="VTR:ScheduledStopPoint:54861" version="1"/>
                  <prices>
                    <DistanceMatrixElementPrice id="VTR:DistanceMatrixElementPrice:944114to944115" version="1">
                      <Amount>0.0</Amount>
                      <DistanceMatrixElementRef ref="VTR:DistanceMatrixElement:944114to944115" version="1"/>
                    </DistanceMatrixElementPrice>
                  </prices>
                </DistanceMatrixElement>
                <DistanceMatrixElement id="VTR:DistanceMatrixElement:944104to944108" version="1">
                  <Name>Alytaus autobusų stotis to Vilniaus autobusų stotis</Name>
                  <StartStopPointRef ref="VTR:ScheduledStopPoint:27373" version="1"/>
                  <EndStopPointRef ref="VTR:ScheduledStopPoint:27382" version="1"/>
                  <prices>
                    <DistanceMatrixElementPrice id="VTR:DistanceMatrixElementPrice:944104to944108" version="1">
                      <Amount>6.8</Amount>
                      <DistanceMatrixElementRef ref="VTR:DistanceMatrixElement:944104to944108" version="1"/>
                    </DistanceMatrixElementPrice>
                  </prices>
                </DistanceMatrixElement>
                <DistanceMatrixElement id="VTR:DistanceMatrixElement:944105to944107" version="1">
                  <Name>Vilniaus g. to Vaduvos</Name>
                  <StartStopPointRef ref="VTR:ScheduledStopPoint:54856" version="1"/>
                  <EndStopPointRef ref="VTR:ScheduledStopPoint:54858" version="1"/>
                  <prices>
                    <DistanceMatrixElementPrice id="VTR:DistanceMatrixElementPrice:944105to944107" version="1">
                      <Amount>6.8</Amount>
                      <DistanceMatrixElementRef ref="VTR:DistanceMatrixElement:944105to944107" version="1"/>
                    </DistanceMatrixElementPrice>
                  </prices>
                </DistanceMatrixElement>
                <DistanceMatrixElement id="VTR:DistanceMatrixElement:944105to944108" version="1">
                  <Name>Vilniaus g. to Vilniaus autobusų stotis</Name>
                  <StartStopPointRef ref="VTR:ScheduledStopPoint:54856" version="1"/>
                  <EndStopPointRef ref="VTR:ScheduledStopPoint:27382" version="1"/>
                  <prices>
                    <DistanceMatrixElementPrice id="VTR:DistanceMatrixElementPrice:944105to944108" version="1">
                      <Amount>6.8</Amount>
                      <DistanceMatrixElementRef ref="VTR:DistanceMatrixElement:944105to944108" version="1"/>
                    </DistanceMatrixElementPrice>
                  </prices>
                </DistanceMatrixElement>
                <DistanceMatrixElement id="VTR:DistanceMatrixElement:944117to944120" version="1">
                  <Name>Vilniaus autobusų stotis to Alytaus autobusų stotis</Name>
                  <StartStopPointRef ref="VTR:ScheduledStopPoint:27383" version="1"/>
                  <EndStopPointRef ref="VTR:ScheduledStopPoint:27392" version="1"/>
                  <prices>
                    <DistanceMatrixElementPrice id="VTR:DistanceMatrixElementPrice:944117to944120" version="1">
                      <Amount>6.8</Amount>
                      <DistanceMatrixElementRef ref="VTR:DistanceMatrixElement:944117to944120" version="1"/>
                    </DistanceMatrixElementPrice>
                  </prices>
                </DistanceMatrixElement>
                <DistanceMatrixElement id="VTR:DistanceMatrixElement:944113to944115" version="1">
                  <Name>Vilniaus autobusų stotis to Vilniaus g.</Name>
                  <StartStopPointRef ref="VTR:ScheduledStopPoint:27383" version="1"/>
                  <EndStopPointRef ref="VTR:ScheduledStopPoint:54861" version="1"/>
                  <prices>
                    <DistanceMatrixElementPrice id="VTR:DistanceMatrixElementPrice:944113to944115" version="1">
                      <Amount>6.8</Amount>
                      <DistanceMatrixElementRef ref="VTR:DistanceMatrixElement:944113to944115" version="1"/>
                    </DistanceMatrixElementPrice>
                  </prices>
                </DistanceMatrixElement>
                <DistanceMatrixElement id="VTR:DistanceMatrixElement:944113to944116" version="1">
                  <Name>Vilniaus autobusų stotis to Alytaus autobusų stotis</Name>
                  <StartStopPointRef ref="VTR:ScheduledStopPoint:27383" version="1"/>
                  <EndStopPointRef ref="VTR:ScheduledStopPoint:27392" version="1"/>
                  <prices>
                    <DistanceMatrixElementPrice id="VTR:DistanceMatrixElementPrice:944113to944116" version="1">
                      <Amount>6.8</Amount>
                      <DistanceMatrixElementRef ref="VTR:DistanceMatrixElement:944113to944116" version="1"/>
                    </DistanceMatrixElementPrice>
                  </prices>
                </DistanceMatrixElement>
                <DistanceMatrixElement id="VTR:DistanceMatrixElement:944118to944120" version="1">
                  <Name>Pirmojo Alytaus aikštė to Alytaus autobusų stotis</Name>
                  <StartStopPointRef ref="VTR:ScheduledStopPoint:54860" version="1"/>
                  <EndStopPointRef ref="VTR:ScheduledStopPoint:27392" version="1"/>
                  <prices>
                    <DistanceMatrixElementPrice id="VTR:DistanceMatrixElementPrice:944118to944120" version="1">
                      <Amount>0.0</Amount>
                      <DistanceMatrixElementRef ref="VTR:DistanceMatrixElement:944118to944120" version="1"/>
                    </DistanceMatrixElementPrice>
                  </prices>
                </DistanceMatrixElement>
                <DistanceMatrixElement id="VTR:DistanceMatrixElement:944100to944101" version="1">
                  <Name>Vilniaus g. to Pirmojo Alytaus aikštė</Name>
                  <StartStopPointRef ref="VTR:ScheduledStopPoint:54856" version="1"/>
                  <EndStopPointRef ref="VTR:ScheduledStopPoint:54857" version="1"/>
                  <prices>
                    <DistanceMatrixElementPrice id="VTR:DistanceMatrixElementPrice:944100to944101" version="1">
                      <Amount>0.0</Amount>
                      <DistanceMatrixElementRef ref="VTR:DistanceMatrixElement:944100to944101" version="1"/>
                    </DistanceMatrixElementPrice>
                  </prices>
                </DistanceMatrixElement>
                <DistanceMatrixElement id="VTR:DistanceMatrixElement:944102to944103" version="1">
                  <Name>Vaduvos to Vilniaus autobusų stotis</Name>
                  <StartStopPointRef ref="VTR:ScheduledStopPoint:54858" version="1"/>
                  <EndStopPointRef ref="VTR:ScheduledStopPoint:27382" version="1"/>
                  <prices>
                    <DistanceMatrixElementPrice id="VTR:DistanceMatrixElementPrice:944102to944103" version="1">
                      <Amount>0.0</Amount>
                      <DistanceMatrixElementRef ref="VTR:DistanceMatrixElement:944102to944103" version="1"/>
                    </DistanceMatrixElementPrice>
                  </prices>
                </DistanceMatrixElement>
                <DistanceMatrixElement id="VTR:DistanceMatrixElement:944106to944107" version="1">
                  <Name>Pirmojo Alytaus aikštė to Vaduvos</Name>
                  <StartStopPointRef ref="VTR:ScheduledStopPoint:54857" version="1"/>
                  <EndStopPointRef ref="VTR:ScheduledStopPoint:54858" version="1"/>
                  <prices>
                    <DistanceMatrixElementPrice id="VTR:DistanceMatrixElementPrice:944106to944107" version="1">
                      <Amount>6.8</Amount>
                      <DistanceMatrixElementRef ref="VTR:DistanceMatrixElement:944106to944107" version="1"/>
                    </DistanceMatrixElementPrice>
                  </prices>
                </DistanceMatrixElement>
                <DistanceMatrixElement id="VTR:DistanceMatrixElement:944115to944116" version="1">
                  <Name>Vilniaus g. to Alytaus autobusų stotis</Name>
                  <StartStopPointRef ref="VTR:ScheduledStopPoint:54861" version="1"/>
                  <EndStopPointRef ref="VTR:ScheduledStopPoint:27392" version="1"/>
                  <prices>
                    <DistanceMatrixElementPrice id="VTR:DistanceMatrixElementPrice:944115to944116" version="1">
                      <Amount>0.0</Amount>
                      <DistanceMatrixElementRef ref="VTR:DistanceMatrixElement:944115to944116" version="1"/>
                    </DistanceMatrixElementPrice>
                  </prices>
                </DistanceMatrixElement>
                <DistanceMatrixElement id="VTR:DistanceMatrixElement:944117to944119" version="1">
                  <Name>Vilniaus autobusų stotis to Vilniaus g.</Name>
                  <StartStopPointRef ref="VTR:ScheduledStopPoint:27383" version="1"/>
                  <EndStopPointRef ref="VTR:ScheduledStopPoint:54861" version="1"/>
                  <prices>
                    <DistanceMatrixElementPrice id="VTR:DistanceMatrixElementPrice:944117to944119" version="1">
                      <Amount>6.8</Amount>
                      <DistanceMatrixElementRef ref="VTR:DistanceMatrixElement:944117to944119" version="1"/>
                    </DistanceMatrixElementPrice>
                  </prices>
                </DistanceMatrixElement>
                <DistanceMatrixElement id="VTR:DistanceMatrixElement:944099to944102" version="1">
                  <Name>Alytaus autobusų stotis to Vaduvos</Name>
                  <StartStopPointRef ref="VTR:ScheduledStopPoint:27373" version="1"/>
                  <EndStopPointRef ref="VTR:ScheduledStopPoint:54858" version="1"/>
                  <prices>
                    <DistanceMatrixElementPrice id="VTR:DistanceMatrixElementPrice:944099to944102" version="1">
                      <Amount>6.8</Amount>
                      <DistanceMatrixElementRef ref="VTR:DistanceMatrixElement:944099to944102" version="1"/>
                    </DistanceMatrixElementPrice>
                  </prices>
                </DistanceMatrixElement>
                <DistanceMatrixElement id="VTR:DistanceMatrixElement:944099to944103" version="1">
                  <Name>Alytaus autobusų stotis to Vilniaus autobusų stotis</Name>
                  <StartStopPointRef ref="VTR:ScheduledStopPoint:27373" version="1"/>
                  <EndStopPointRef ref="VTR:ScheduledStopPoint:27382" version="1"/>
                  <prices>
                    <DistanceMatrixElementPrice id="VTR:DistanceMatrixElementPrice:944099to944103" version="1">
                      <Amount>6.8</Amount>
                      <DistanceMatrixElementRef ref="VTR:DistanceMatrixElement:944099to944103" version="1"/>
                    </DistanceMatrixElementPrice>
                  </prices>
                </DistanceMatrixElement>
                <DistanceMatrixElement id="VTR:DistanceMatrixElement:944104to944105" version="1">
                  <Name>Alytaus autobusų stotis to Vilniaus g.</Name>
                  <StartStopPointRef ref="VTR:ScheduledStopPoint:27373" version="1"/>
                  <EndStopPointRef ref="VTR:ScheduledStopPoint:54856" version="1"/>
                  <prices>
                    <DistanceMatrixElementPrice id="VTR:DistanceMatrixElementPrice:944104to944105" version="1">
                      <Amount>0.0</Amount>
                      <DistanceMatrixElementRef ref="VTR:DistanceMatrixElement:944104to944105" version="1"/>
                    </DistanceMatrixElementPrice>
                  </prices>
                </DistanceMatrixElement>
                <DistanceMatrixElement id="VTR:DistanceMatrixElement:944104to944107" version="1">
                  <Name>Alytaus autobusų stotis to Vaduvos</Name>
                  <StartStopPointRef ref="VTR:ScheduledStopPoint:27373" version="1"/>
                  <EndStopPointRef ref="VTR:ScheduledStopPoint:54858" version="1"/>
                  <prices>
                    <DistanceMatrixElementPrice id="VTR:DistanceMatrixElementPrice:944104to944107" version="1">
                      <Amount>6.8</Amount>
                      <DistanceMatrixElementRef ref="VTR:DistanceMatrixElement:944104to944107" version="1"/>
                    </DistanceMatrixElementPrice>
                  </prices>
                </DistanceMatrixElement>
                <DistanceMatrixElement id="VTR:DistanceMatrixElement:944105to944106" version="1">
                  <Name>Vilniaus g. to Pirmojo Alytaus aikštė</Name>
                  <StartStopPointRef ref="VTR:ScheduledStopPoint:54856" version="1"/>
                  <EndStopPointRef ref="VTR:ScheduledStopPoint:54857" version="1"/>
                  <prices>
                    <DistanceMatrixElementPrice id="VTR:DistanceMatrixElementPrice:944105to944106" version="1">
                      <Amount>0.0</Amount>
                      <DistanceMatrixElementRef ref="VTR:DistanceMatrixElement:944105to944106" version="1"/>
                    </DistanceMatrixElementPrice>
                  </prices>
                </DistanceMatrixElement>
                <DistanceMatrixElement id="VTR:DistanceMatrixElement:944099to944101" version="1">
                  <Name>Alytaus autobusų stotis to Pirmojo Alytaus aikštė</Name>
                  <StartStopPointRef ref="VTR:ScheduledStopPoint:27373" version="1"/>
                  <EndStopPointRef ref="VTR:ScheduledStopPoint:54857" version="1"/>
                  <prices>
                    <DistanceMatrixElementPrice id="VTR:DistanceMatrixElementPrice:944099to944101" version="1">
                      <Amount>0.0</Amount>
                      <DistanceMatrixElementRef ref="VTR:DistanceMatrixElement:944099to944101" version="1"/>
                    </DistanceMatrixElementPrice>
                  </prices>
                </DistanceMatrixElement>
              </distanceMatrixElements>
            </Tariff>
          </tariffs>
          <usageParameters>
            <FrequencyOfUse id="VTR:FrequencyOfUse:oneTrip" version="1">
              <FrequencyOfUseType>unlimited</FrequencyOfUseType>
              <MaximalFrequency>1</MaximalFrequency>
            </FrequencyOfUse>
          </usageParameters>
        </FareFrame>
      </frames>
    </CompositeFrame>
  </dataObjects>
</PublicationDelivery>
