<?xml version="1.0" encoding="UTF-8"?><PublicationDelivery xmlns="http://www.netex.org.uk/netex" xmlns:gis="http://www.opengis.net/gml/3.2" xmlns:ns2="http://www.opengis.net/gml/3.2" xmlns:ns3="http://www.siri.org.uk/siri" xmlns:xsi="http://www.w3.org/2001/XMLSchema-instance" version="1" xsi:schemaLocation="">
  <PublicationTimestamp>2022-05-07T00:40:00.273</PublicationTimestamp>
  <ParticipantRef>VTR</ParticipantRef>
  <Description>1</Description>
  <dataObjects>
    <CompositeFrame created="2022-05-07T00:40:00.273" version="1" id="VTR:CompositeFrame:1349">
      <validityConditions>
        <AvailabilityCondition version="1" id="VTR:AvailabilityCondition:1349">
          <FromDate>2010-03-15T00:00:00</FromDate>
          <ToDate>2023-03-31T00:00:00</ToDate>
        </AvailabilityCondition>
      </validityConditions>
      <codespaces>
        <Codespace id="vtr">
          <Xmlns>VTR</Xmlns>
          <XmlnsUrl>http://www.visimarsrutai.lt/</XmlnsUrl>
        </Codespace>
      </codespaces>
      <FrameDefaults>
        <DefaultLocale>
          <TimeZone>Europe/Vilnius</TimeZone>
        </DefaultLocale>
        <DefaultLocationSystem>WGS84</DefaultLocationSystem>
      </FrameDefaults>
      <frames>
        <ServiceCalendarFrame version="1" id="VTR:ServiceCalendarFrame:1349">
          <dayTypes>
            <DayType id="VTR:DayType:90" version="1">
              <properties>
                <PropertyOfDay>
                  <DaysOfWeek>Weekdays</DaysOfWeek>
                </PropertyOfDay>
              </properties>
            </DayType>
          </dayTypes>
          <operatingPeriods>
            <OperatingPeriod version="1" id="VTR:OperatingPeriod:90">
              <FromDate>2015-06-02T00:00:00</FromDate>
              <ToDate>2099-12-31T00:00:00</ToDate>
            </OperatingPeriod>
          </operatingPeriods>
          <dayTypeAssignments>
            <DayTypeAssignment id="VTR:DayTypeAssignment:90_0" version="1" order="107">
              <OperatingPeriodRef ref="VTR:OperatingPeriod:90" version="1"/>
              <DayTypeRef ref="VTR:DayType:90" version="1"/>
            </DayTypeAssignment>
          </dayTypeAssignments>
        </ServiceCalendarFrame>
        <ServiceFrame id="VTR:ServiceFrame:1349" version="1">
          <Network version="0" id="VTR:Network:2"/>
          <routePoints>
            <RoutePoint version="1" id="VTR:RoutePoint:26114">
              <projections>
                <PointProjection version="1" id="VTR:PointProjection:8801">
                  <ProjectedPointRef ref="VTR:ScheduledStopPoint:26114" version="1"/>
                </PointProjection>
              </projections>
            </RoutePoint>
            <RoutePoint version="1" id="VTR:RoutePoint:26115">
              <projections>
                <PointProjection version="1" id="VTR:PointProjection:8802">
                  <ProjectedPointRef ref="VTR:ScheduledStopPoint:26115" version="1"/>
                </PointProjection>
              </projections>
            </RoutePoint>
            <RoutePoint version="1" id="VTR:RoutePoint:26117">
              <projections>
                <PointProjection version="1" id="VTR:PointProjection:8803">
                  <ProjectedPointRef ref="VTR:ScheduledStopPoint:26117" version="1"/>
                </PointProjection>
              </projections>
            </RoutePoint>
            <RoutePoint version="1" id="VTR:RoutePoint:26121">
              <projections>
                <PointProjection version="1" id="VTR:PointProjection:8830">
                  <ProjectedPointRef ref="VTR:ScheduledStopPoint:26121" version="1"/>
                </PointProjection>
              </projections>
            </RoutePoint>
            <RoutePoint version="1" id="VTR:RoutePoint:54641">
              <projections>
                <PointProjection version="1" id="VTR:PointProjection:19290">
                  <ProjectedPointRef ref="VTR:ScheduledStopPoint:54641" version="1"/>
                </PointProjection>
              </projections>
            </RoutePoint>
            <RoutePoint version="1" id="VTR:RoutePoint:54642">
              <projections>
                <PointProjection version="1" id="VTR:PointProjection:19291">
                  <ProjectedPointRef ref="VTR:ScheduledStopPoint:54642" version="1"/>
                </PointProjection>
              </projections>
            </RoutePoint>
            <RoutePoint version="1" id="VTR:RoutePoint:54643">
              <projections>
                <PointProjection version="1" id="VTR:PointProjection:19292">
                  <ProjectedPointRef ref="VTR:ScheduledStopPoint:54643" version="1"/>
                </PointProjection>
              </projections>
            </RoutePoint>
            <RoutePoint version="1" id="VTR:RoutePoint:54669">
              <projections>
                <PointProjection version="1" id="VTR:PointProjection:18286">
                  <ProjectedPointRef ref="VTR:ScheduledStopPoint:54669" version="1"/>
                </PointProjection>
              </projections>
            </RoutePoint>
            <RoutePoint version="1" id="VTR:RoutePoint:54670">
              <projections>
                <PointProjection version="1" id="VTR:PointProjection:18287">
                  <ProjectedPointRef ref="VTR:ScheduledStopPoint:54670" version="1"/>
                </PointProjection>
              </projections>
            </RoutePoint>
            <RoutePoint version="1" id="VTR:RoutePoint:54671">
              <projections>
                <PointProjection version="1" id="VTR:PointProjection:18288">
                  <ProjectedPointRef ref="VTR:ScheduledStopPoint:54671" version="1"/>
                </PointProjection>
              </projections>
            </RoutePoint>
            <RoutePoint version="1" id="VTR:RoutePoint:54672">
              <projections>
                <PointProjection version="1" id="VTR:PointProjection:18289">
                  <ProjectedPointRef ref="VTR:ScheduledStopPoint:54672" version="1"/>
                </PointProjection>
              </projections>
            </RoutePoint>
          </routePoints>
          <routes>
            <Route version="1" id="VTR:Route:1745">
              <Name>Vilnius-Kaunas</Name>
              <ShortName>Vilnius-Kaunas</ShortName>
              <LineRef ref="VTR:Line:428" version="413"/>
              <DirectionType>outbound</DirectionType>
              <pointsInSequence>
                <PointOnRoute version="1" id="VTR:PointOnRoute:26114" order="1">
                  <RoutePointRef ref="VTR:RoutePoint:26114"/>
                </PointOnRoute>
                <PointOnRoute version="1" id="VTR:PointOnRoute:54641" order="2">
                  <RoutePointRef ref="VTR:RoutePoint:54641"/>
                </PointOnRoute>
                <PointOnRoute version="1" id="VTR:PointOnRoute:54642" order="3">
                  <RoutePointRef ref="VTR:RoutePoint:54642"/>
                </PointOnRoute>
                <PointOnRoute version="1" id="VTR:PointOnRoute:54643" order="4">
                  <RoutePointRef ref="VTR:RoutePoint:54643"/>
                </PointOnRoute>
                <PointOnRoute version="1" id="VTR:PointOnRoute:26115" order="5">
                  <RoutePointRef ref="VTR:RoutePoint:26115"/>
                </PointOnRoute>
              </pointsInSequence>
            </Route>
            <Route version="1" id="VTR:Route:1746">
              <Name>Kaunas-Vilnius</Name>
              <ShortName>Kaunas-Vilnius</ShortName>
              <LineRef ref="VTR:Line:428" version="413"/>
              <DirectionType>inbound</DirectionType>
              <pointsInSequence>
                <PointOnRoute version="1" id="VTR:PointOnRoute:26117" order="1">
                  <RoutePointRef ref="VTR:RoutePoint:26117"/>
                </PointOnRoute>
                <PointOnRoute version="1" id="VTR:PointOnRoute:54669" order="2">
                  <RoutePointRef ref="VTR:RoutePoint:54669"/>
                </PointOnRoute>
                <PointOnRoute version="1" id="VTR:PointOnRoute:54670" order="3">
                  <RoutePointRef ref="VTR:RoutePoint:54670"/>
                </PointOnRoute>
                <PointOnRoute version="1" id="VTR:PointOnRoute:54671" order="4">
                  <RoutePointRef ref="VTR:RoutePoint:54671"/>
                </PointOnRoute>
                <PointOnRoute version="1" id="VTR:PointOnRoute:54672" order="5">
                  <RoutePointRef ref="VTR:RoutePoint:54672"/>
                </PointOnRoute>
                <PointOnRoute version="1" id="VTR:PointOnRoute:26121" order="6">
                  <RoutePointRef ref="VTR:RoutePoint:26121"/>
                </PointOnRoute>
              </pointsInSequence>
            </Route>
          </routes>
          <lines>
            <Line version="413" id="VTR:Line:428">
              <Name>Vilnius-Kaunas</Name>
              <TransportMode>bus</TransportMode>
              <TransportSubmode>
                <CoachSubmode>nationalCoach</CoachSubmode>
              </TransportSubmode>
              <PublicCode>M-899</PublicCode>
              <OperatorRef ref="VTR:Operator:2"/>
            </Line>
          </lines>
          <scheduledStopPoints>
            <ScheduledStopPoint version="1" id="VTR:ScheduledStopPoint:26114">
              <Name>Vilniaus autobusų stotis</Name>
            </ScheduledStopPoint>
            <ScheduledStopPoint version="1" id="VTR:ScheduledStopPoint:26115">
              <Name>Kauno autobusų stotis</Name>
            </ScheduledStopPoint>
            <ScheduledStopPoint version="1" id="VTR:ScheduledStopPoint:26117">
              <Name>Kauno autobusų stotis</Name>
            </ScheduledStopPoint>
            <ScheduledStopPoint version="1" id="VTR:ScheduledStopPoint:26121">
              <Name>Vilniaus autobusų stotis</Name>
            </ScheduledStopPoint>
            <ScheduledStopPoint version="1" id="VTR:ScheduledStopPoint:54641">
              <Name>Gariūnai</Name>
            </ScheduledStopPoint>
            <ScheduledStopPoint version="1" id="VTR:ScheduledStopPoint:54642">
              <Name>Kalniečių poliklinika</Name>
            </ScheduledStopPoint>
            <ScheduledStopPoint version="1" id="VTR:ScheduledStopPoint:54643">
              <Name>K. Petrausko g.</Name>
            </ScheduledStopPoint>
            <ScheduledStopPoint version="1" id="VTR:ScheduledStopPoint:54669">
              <Name>Kalniečių poliklinika</Name>
            </ScheduledStopPoint>
            <ScheduledStopPoint version="1" id="VTR:ScheduledStopPoint:54670">
              <Name>Gariūnai</Name>
            </ScheduledStopPoint>
            <ScheduledStopPoint version="1" id="VTR:ScheduledStopPoint:54671">
              <Name>Ligoninė</Name>
            </ScheduledStopPoint>
            <ScheduledStopPoint version="1" id="VTR:ScheduledStopPoint:54672">
              <Name>Eigulių</Name>
            </ScheduledStopPoint>
          </scheduledStopPoints>
          <serviceLinks>
            <ServiceLink id="VTR:ServiceLink:54642_1_54643_1" version="1">
              <Distance>3</Distance>
              <FromPointRef ref="VTR:ScheduledStopPoint:54642" version="1"/>
              <ToPointRef ref="VTR:ScheduledStopPoint:54643" version="1"/>
            </ServiceLink>
            <ServiceLink id="VTR:ServiceLink:54643_1_26115_1" version="1">
              <Distance>2</Distance>
              <FromPointRef ref="VTR:ScheduledStopPoint:54643" version="1"/>
              <ToPointRef ref="VTR:ScheduledStopPoint:26115" version="1"/>
            </ServiceLink>
            <ServiceLink id="VTR:ServiceLink:26117_1_54669_1" version="1">
              <Distance>5</Distance>
              <FromPointRef ref="VTR:ScheduledStopPoint:26117" version="1"/>
              <ToPointRef ref="VTR:ScheduledStopPoint:54669" version="1"/>
            </ServiceLink>
            <ServiceLink id="VTR:ServiceLink:54671_1_54672_1" version="1">
              <Distance>1</Distance>
              <FromPointRef ref="VTR:ScheduledStopPoint:54671" version="1"/>
              <ToPointRef ref="VTR:ScheduledStopPoint:54672" version="1"/>
            </ServiceLink>
            <ServiceLink id="VTR:ServiceLink:26114_1_54641_1" version="1">
              <Distance>8</Distance>
              <FromPointRef ref="VTR:ScheduledStopPoint:26114" version="1"/>
              <ToPointRef ref="VTR:ScheduledStopPoint:54641" version="1"/>
            </ServiceLink>
          </serviceLinks>
          <stopAssignments>
            <PassengerStopAssignment order="174500000" id="VTR:PassengerStopAssignment:26114" version="1">
              <ScheduledStopPointRef ref="VTR:ScheduledStopPoint:26114" version="1"/>
              <QuayRef ref="VTR:Quay:19485"/>
            </PassengerStopAssignment>
            <PassengerStopAssignment order="174500001" id="VTR:PassengerStopAssignment:54641" version="1">
              <ScheduledStopPointRef ref="VTR:ScheduledStopPoint:54641" version="1"/>
              <QuayRef ref="VTR:Quay:20084"/>
            </PassengerStopAssignment>
            <PassengerStopAssignment order="174500003" id="VTR:PassengerStopAssignment:54642" version="1">
              <ScheduledStopPointRef ref="VTR:ScheduledStopPoint:54642" version="1"/>
              <QuayRef ref="VTR:Quay:20103"/>
            </PassengerStopAssignment>
            <PassengerStopAssignment order="174500004" id="VTR:PassengerStopAssignment:54643" version="1">
              <ScheduledStopPointRef ref="VTR:ScheduledStopPoint:54643" version="1"/>
              <QuayRef ref="VTR:Quay:21438"/>
            </PassengerStopAssignment>
            <PassengerStopAssignment order="174500005" id="VTR:PassengerStopAssignment:26115" version="1">
              <ScheduledStopPointRef ref="VTR:ScheduledStopPoint:26115" version="1"/>
              <QuayRef ref="VTR:Quay:19470"/>
            </PassengerStopAssignment>
            <PassengerStopAssignment order="174600000" id="VTR:PassengerStopAssignment:26117" version="1">
              <ScheduledStopPointRef ref="VTR:ScheduledStopPoint:26117" version="1"/>
              <QuayRef ref="VTR:Quay:19470"/>
            </PassengerStopAssignment>
            <PassengerStopAssignment order="174600001" id="VTR:PassengerStopAssignment:54669" version="1">
              <ScheduledStopPointRef ref="VTR:ScheduledStopPoint:54669" version="1"/>
              <QuayRef ref="VTR:Quay:20104"/>
            </PassengerStopAssignment>
            <PassengerStopAssignment order="174600003" id="VTR:PassengerStopAssignment:54670" version="1">
              <ScheduledStopPointRef ref="VTR:ScheduledStopPoint:54670" version="1"/>
              <QuayRef ref="VTR:Quay:20083"/>
            </PassengerStopAssignment>
            <PassengerStopAssignment order="174600005" id="VTR:PassengerStopAssignment:54671" version="1">
              <ScheduledStopPointRef ref="VTR:ScheduledStopPoint:54671" version="1"/>
              <QuayRef ref="VTR:Quay:21415"/>
            </PassengerStopAssignment>
            <PassengerStopAssignment order="174600006" id="VTR:PassengerStopAssignment:54672" version="1">
              <ScheduledStopPointRef ref="VTR:ScheduledStopPoint:54672" version="1"/>
              <QuayRef ref="VTR:Quay:20079"/>
            </PassengerStopAssignment>
            <PassengerStopAssignment order="174600008" id="VTR:PassengerStopAssignment:26121" version="1">
              <ScheduledStopPointRef ref="VTR:ScheduledStopPoint:26121" version="1"/>
              <QuayRef ref="VTR:Quay:19485"/>
            </PassengerStopAssignment>
          </stopAssignments>
          <journeyPatterns>
            <JourneyPattern id="VTR:JourneyPattern:44823" version="44784">
              <Name>1*X</Name>
              <RouteRef ref="VTR:Route:1745" version="1"/>
              <pointsInSequence>
                <StopPointInJourneyPattern id="VTR:StopPointInJourneyPattern:942359" version="44784" order="1">
                  <ScheduledStopPointRef ref="VTR:ScheduledStopPoint:26114"/>
                  <ForAlighting>false</ForAlighting>
                  <DestinationDisplayRef ref="VTR:DestinationDisplay:1"/>
                </StopPointInJourneyPattern>
                <StopPointInJourneyPattern id="VTR:StopPointInJourneyPattern:942360" version="44784" order="2">
                  <ScheduledStopPointRef ref="VTR:ScheduledStopPoint:54641"/>
                  <ForAlighting>false</ForAlighting>
                  <DestinationDisplayRef ref="VTR:DestinationDisplay:1"/>
                </StopPointInJourneyPattern>
                <StopPointInJourneyPattern id="VTR:StopPointInJourneyPattern:942361" version="44784" order="3">
                  <ScheduledStopPointRef ref="VTR:ScheduledStopPoint:54642"/>
                  <ForBoarding>false</ForBoarding>
                  <DestinationDisplayRef ref="VTR:DestinationDisplay:1"/>
                </StopPointInJourneyPattern>
                <StopPointInJourneyPattern id="VTR:StopPointInJourneyPattern:942362" version="44784" order="4">
                  <ScheduledStopPointRef ref="VTR:ScheduledStopPoint:54643"/>
                  <ForBoarding>false</ForBoarding>
                  <DestinationDisplayRef ref="VTR:DestinationDisplay:1"/>
                </StopPointInJourneyPattern>
                <StopPointInJourneyPattern id="VTR:StopPointInJourneyPattern:942363" version="44784" order="5">
                  <ScheduledStopPointRef ref="VTR:ScheduledStopPoint:26115"/>
                  <ForBoarding>false</ForBoarding>
                  <DestinationDisplayRef ref="VTR:DestinationDisplay:1"/>
                </StopPointInJourneyPattern>
              </pointsInSequence>
            </JourneyPattern>
            <JourneyPattern id="VTR:JourneyPattern:44827" version="44788">
              <Name>4*X</Name>
              <RouteRef ref="VTR:Route:1746" version="1"/>
              <pointsInSequence>
                <StopPointInJourneyPattern id="VTR:StopPointInJourneyPattern:942439" version="44788" order="1">
                  <ScheduledStopPointRef ref="VTR:ScheduledStopPoint:26117"/>
                  <ForAlighting>false</ForAlighting>
                  <DestinationDisplayRef ref="VTR:DestinationDisplay:1"/>
                </StopPointInJourneyPattern>
                <StopPointInJourneyPattern id="VTR:StopPointInJourneyPattern:942440" version="44788" order="2">
                  <ScheduledStopPointRef ref="VTR:ScheduledStopPoint:54669"/>
                  <ForAlighting>false</ForAlighting>
                  <DestinationDisplayRef ref="VTR:DestinationDisplay:1"/>
                </StopPointInJourneyPattern>
                <StopPointInJourneyPattern id="VTR:StopPointInJourneyPattern:942441" version="44788" order="3">
                  <ScheduledStopPointRef ref="VTR:ScheduledStopPoint:54670"/>
                  <ForBoarding>false</ForBoarding>
                  <DestinationDisplayRef ref="VTR:DestinationDisplay:1"/>
                </StopPointInJourneyPattern>
                <StopPointInJourneyPattern id="VTR:StopPointInJourneyPattern:942442" version="44788" order="4">
                  <ScheduledStopPointRef ref="VTR:ScheduledStopPoint:54671"/>
                  <ForBoarding>false</ForBoarding>
                  <DestinationDisplayRef ref="VTR:DestinationDisplay:1"/>
                </StopPointInJourneyPattern>
                <StopPointInJourneyPattern id="VTR:StopPointInJourneyPattern:942443" version="44788" order="5">
                  <ScheduledStopPointRef ref="VTR:ScheduledStopPoint:54672"/>
                  <ForBoarding>false</ForBoarding>
                  <DestinationDisplayRef ref="VTR:DestinationDisplay:1"/>
                </StopPointInJourneyPattern>
                <StopPointInJourneyPattern id="VTR:StopPointInJourneyPattern:942444" version="44788" order="6">
                  <ScheduledStopPointRef ref="VTR:ScheduledStopPoint:26121"/>
                  <ForBoarding>false</ForBoarding>
                  <DestinationDisplayRef ref="VTR:DestinationDisplay:1"/>
                </StopPointInJourneyPattern>
              </pointsInSequence>
            </JourneyPattern>
            <JourneyPattern id="VTR:JourneyPattern:44826" version="44787">
              <Name>2*X</Name>
              <RouteRef ref="VTR:Route:1746" version="1"/>
              <pointsInSequence>
                <StopPointInJourneyPattern id="VTR:StopPointInJourneyPattern:942410" version="44787" order="1">
                  <ScheduledStopPointRef ref="VTR:ScheduledStopPoint:26117"/>
                  <ForAlighting>false</ForAlighting>
                  <DestinationDisplayRef ref="VTR:DestinationDisplay:1"/>
                </StopPointInJourneyPattern>
                <StopPointInJourneyPattern id="VTR:StopPointInJourneyPattern:942411" version="44787" order="2">
                  <ScheduledStopPointRef ref="VTR:ScheduledStopPoint:54669"/>
                  <ForAlighting>false</ForAlighting>
                  <DestinationDisplayRef ref="VTR:DestinationDisplay:1"/>
                </StopPointInJourneyPattern>
                <StopPointInJourneyPattern id="VTR:StopPointInJourneyPattern:942412" version="44787" order="3">
                  <ScheduledStopPointRef ref="VTR:ScheduledStopPoint:54670"/>
                  <ForBoarding>false</ForBoarding>
                  <DestinationDisplayRef ref="VTR:DestinationDisplay:1"/>
                </StopPointInJourneyPattern>
                <StopPointInJourneyPattern id="VTR:StopPointInJourneyPattern:942413" version="44787" order="4">
                  <ScheduledStopPointRef ref="VTR:ScheduledStopPoint:54671"/>
                  <ForBoarding>false</ForBoarding>
                  <DestinationDisplayRef ref="VTR:DestinationDisplay:1"/>
                </StopPointInJourneyPattern>
                <StopPointInJourneyPattern id="VTR:StopPointInJourneyPattern:942414" version="44787" order="5">
                  <ScheduledStopPointRef ref="VTR:ScheduledStopPoint:54672"/>
                  <ForBoarding>false</ForBoarding>
                  <DestinationDisplayRef ref="VTR:DestinationDisplay:1"/>
                </StopPointInJourneyPattern>
                <StopPointInJourneyPattern id="VTR:StopPointInJourneyPattern:942415" version="44787" order="6">
                  <ScheduledStopPointRef ref="VTR:ScheduledStopPoint:26121"/>
                  <ForBoarding>false</ForBoarding>
                  <DestinationDisplayRef ref="VTR:DestinationDisplay:1"/>
                </StopPointInJourneyPattern>
              </pointsInSequence>
            </JourneyPattern>
            <JourneyPattern id="VTR:JourneyPattern:44824" version="44785">
              <Name>3*X</Name>
              <RouteRef ref="VTR:Route:1745" version="1"/>
              <pointsInSequence>
                <StopPointInJourneyPattern id="VTR:StopPointInJourneyPattern:942364" version="44785" order="1">
                  <ScheduledStopPointRef ref="VTR:ScheduledStopPoint:26114"/>
                  <ForAlighting>false</ForAlighting>
                  <DestinationDisplayRef ref="VTR:DestinationDisplay:1"/>
                </StopPointInJourneyPattern>
                <StopPointInJourneyPattern id="VTR:StopPointInJourneyPattern:942365" version="44785" order="2">
                  <ScheduledStopPointRef ref="VTR:ScheduledStopPoint:54641"/>
                  <ForAlighting>false</ForAlighting>
                  <DestinationDisplayRef ref="VTR:DestinationDisplay:1"/>
                </StopPointInJourneyPattern>
                <StopPointInJourneyPattern id="VTR:StopPointInJourneyPattern:942366" version="44785" order="3">
                  <ScheduledStopPointRef ref="VTR:ScheduledStopPoint:54642"/>
                  <ForBoarding>false</ForBoarding>
                  <DestinationDisplayRef ref="VTR:DestinationDisplay:1"/>
                </StopPointInJourneyPattern>
                <StopPointInJourneyPattern id="VTR:StopPointInJourneyPattern:942367" version="44785" order="4">
                  <ScheduledStopPointRef ref="VTR:ScheduledStopPoint:54643"/>
                  <ForBoarding>false</ForBoarding>
                  <DestinationDisplayRef ref="VTR:DestinationDisplay:1"/>
                </StopPointInJourneyPattern>
                <StopPointInJourneyPattern id="VTR:StopPointInJourneyPattern:942368" version="44785" order="5">
                  <ScheduledStopPointRef ref="VTR:ScheduledStopPoint:26115"/>
                  <ForBoarding>false</ForBoarding>
                  <DestinationDisplayRef ref="VTR:DestinationDisplay:1"/>
                </StopPointInJourneyPattern>
              </pointsInSequence>
            </JourneyPattern>
          </journeyPatterns>
        </ServiceFrame>
        <TimetableFrame version="1" id="VTR:TimetableFrame:1349">
          <vehicleJourneys>
            <ServiceJourney version="44787" id="VTR:ServiceJourney:44826">
              <Name>Kaunas-Vilnius</Name>
              <PrivateCode>2*X</PrivateCode>
              <dayTypes>
                <DayTypeRef ref="VTR:DayType:90"/>
              </dayTypes>
              <JourneyPatternRef version="44787" ref="VTR:JourneyPattern:44826"/>
              <OperatorRef ref="VTR:Operator:532"/>
              <LineRef ref="VTR:Line:428" version="413"/>
              <passingTimes>
                <TimetabledPassingTime version="44787" id="VTR:TimetabledPassingTime:44826_942410_1">
                  <StopPointInJourneyPatternRef ref="VTR:StopPointInJourneyPattern:942410" version="44787"/>
                  <DepartureTime>10:20:00</DepartureTime>
                  <DepartureDayOffset>0</DepartureDayOffset>
                </TimetabledPassingTime>
                <TimetabledPassingTime version="44787" id="VTR:TimetabledPassingTime:44826_942411_2">
                  <StopPointInJourneyPatternRef ref="VTR:StopPointInJourneyPattern:942411" version="44787"/>
                  <DepartureTime>10:35:00</DepartureTime>
                  <DepartureDayOffset>0</DepartureDayOffset>
                </TimetabledPassingTime>
                <TimetabledPassingTime version="44787" id="VTR:TimetabledPassingTime:44826_942412_3">
                  <StopPointInJourneyPatternRef ref="VTR:StopPointInJourneyPattern:942412" version="44787"/>
                  <DepartureTime>11:30:00</DepartureTime>
                  <DepartureDayOffset>0</DepartureDayOffset>
                </TimetabledPassingTime>
                <TimetabledPassingTime version="44787" id="VTR:TimetabledPassingTime:44826_942413_4">
                  <StopPointInJourneyPatternRef ref="VTR:StopPointInJourneyPattern:942413" version="44787"/>
                  <DepartureTime>11:35:00</DepartureTime>
                  <DepartureDayOffset>0</DepartureDayOffset>
                </TimetabledPassingTime>
                <TimetabledPassingTime version="44787" id="VTR:TimetabledPassingTime:44826_942414_5">
                  <StopPointInJourneyPatternRef ref="VTR:StopPointInJourneyPattern:942414" version="44787"/>
                  <DepartureTime>11:37:00</DepartureTime>
                  <DepartureDayOffset>0</DepartureDayOffset>
                </TimetabledPassingTime>
                <TimetabledPassingTime version="44787" id="VTR:TimetabledPassingTime:44826_942415_6">
                  <StopPointInJourneyPatternRef ref="VTR:StopPointInJourneyPattern:942415" version="44787"/>
                  <DepartureTime>11:45:00</DepartureTime>
                  <DepartureDayOffset>0</DepartureDayOffset>
                </TimetabledPassingTime>
              </passingTimes>
            </ServiceJourney>
            <ServiceJourney version="44784" id="VTR:ServiceJourney:44823">
              <Name>Vilnius-Kaunas</Name>
              <PrivateCode>1*X</PrivateCode>
              <dayTypes>
                <DayTypeRef ref="VTR:DayType:90"/>
              </dayTypes>
              <JourneyPatternRef version="44784" ref="VTR:JourneyPattern:44823"/>
              <OperatorRef ref="VTR:Operator:532"/>
              <LineRef ref="VTR:Line:428" version="413"/>
              <passingTimes>
                <TimetabledPassingTime version="44784" id="VTR:TimetabledPassingTime:44823_942359_1">
                  <StopPointInJourneyPatternRef ref="VTR:StopPointInJourneyPattern:942359" version="44784"/>
                  <DepartureTime>08:20:00</DepartureTime>
                  <DepartureDayOffset>0</DepartureDayOffset>
                </TimetabledPassingTime>
                <TimetabledPassingTime version="44784" id="VTR:TimetabledPassingTime:44823_942360_2">
                  <StopPointInJourneyPatternRef ref="VTR:StopPointInJourneyPattern:942360" version="44784"/>
                  <DepartureTime>08:35:00</DepartureTime>
                  <DepartureDayOffset>0</DepartureDayOffset>
                </TimetabledPassingTime>
                <TimetabledPassingTime version="44784" id="VTR:TimetabledPassingTime:44823_942361_3">
                  <StopPointInJourneyPatternRef ref="VTR:StopPointInJourneyPattern:942361" version="44784"/>
                  <DepartureTime>09:30:00</DepartureTime>
                  <DepartureDayOffset>0</DepartureDayOffset>
                </TimetabledPassingTime>
                <TimetabledPassingTime version="44784" id="VTR:TimetabledPassingTime:44823_942362_4">
                  <StopPointInJourneyPatternRef ref="VTR:StopPointInJourneyPattern:942362" version="44784"/>
                  <DepartureTime>09:37:00</DepartureTime>
                  <DepartureDayOffset>0</DepartureDayOffset>
                </TimetabledPassingTime>
                <TimetabledPassingTime version="44784" id="VTR:TimetabledPassingTime:44823_942363_5">
                  <StopPointInJourneyPatternRef ref="VTR:StopPointInJourneyPattern:942363" version="44784"/>
                  <DepartureTime>09:45:00</DepartureTime>
                  <DepartureDayOffset>0</DepartureDayOffset>
                </TimetabledPassingTime>
              </passingTimes>
            </ServiceJourney>
            <ServiceJourney version="44785" id="VTR:ServiceJourney:44824">
              <Name>Vilnius-Kaunas</Name>
              <PrivateCode>3*X</PrivateCode>
              <dayTypes>
                <DayTypeRef ref="VTR:DayType:90"/>
              </dayTypes>
              <JourneyPatternRef version="44785" ref="VTR:JourneyPattern:44824"/>
              <OperatorRef ref="VTR:Operator:532"/>
              <LineRef ref="VTR:Line:428" version="413"/>
              <passingTimes>
                <TimetabledPassingTime version="44785" id="VTR:TimetabledPassingTime:44824_942364_1">
                  <StopPointInJourneyPatternRef ref="VTR:StopPointInJourneyPattern:942364" version="44785"/>
                  <DepartureTime>13:30:00</DepartureTime>
                  <DepartureDayOffset>0</DepartureDayOffset>
                </TimetabledPassingTime>
                <TimetabledPassingTime version="44785" id="VTR:TimetabledPassingTime:44824_942365_2">
                  <StopPointInJourneyPatternRef ref="VTR:StopPointInJourneyPattern:942365" version="44785"/>
                  <DepartureTime>13:45:00</DepartureTime>
                  <DepartureDayOffset>0</DepartureDayOffset>
                </TimetabledPassingTime>
                <TimetabledPassingTime version="44785" id="VTR:TimetabledPassingTime:44824_942366_3">
                  <StopPointInJourneyPatternRef ref="VTR:StopPointInJourneyPattern:942366" version="44785"/>
                  <DepartureTime>14:40:00</DepartureTime>
                  <DepartureDayOffset>0</DepartureDayOffset>
                </TimetabledPassingTime>
                <TimetabledPassingTime version="44785" id="VTR:TimetabledPassingTime:44824_942367_4">
                  <StopPointInJourneyPatternRef ref="VTR:StopPointInJourneyPattern:942367" version="44785"/>
                  <DepartureTime>14:47:00</DepartureTime>
                  <DepartureDayOffset>0</DepartureDayOffset>
                </TimetabledPassingTime>
                <TimetabledPassingTime version="44785" id="VTR:TimetabledPassingTime:44824_942368_5">
                  <StopPointInJourneyPatternRef ref="VTR:StopPointInJourneyPattern:942368" version="44785"/>
                  <DepartureTime>14:55:00</DepartureTime>
                  <DepartureDayOffset>0</DepartureDayOffset>
                </TimetabledPassingTime>
              </passingTimes>
            </ServiceJourney>
            <ServiceJourney version="44788" id="VTR:ServiceJourney:44827">
              <Name>Kaunas-Vilnius</Name>
              <PrivateCode>4*X</PrivateCode>
              <dayTypes>
                <DayTypeRef ref="VTR:DayType:90"/>
              </dayTypes>
              <JourneyPatternRef version="44788" ref="VTR:JourneyPattern:44827"/>
              <OperatorRef ref="VTR:Operator:532"/>
              <LineRef ref="VTR:Line:428" version="413"/>
              <passingTimes>
                <TimetabledPassingTime version="44788" id="VTR:TimetabledPassingTime:44827_942439_1">
                  <StopPointInJourneyPatternRef ref="VTR:StopPointInJourneyPattern:942439" version="44788"/>
                  <DepartureTime>15:55:00</DepartureTime>
                  <DepartureDayOffset>0</DepartureDayOffset>
                </TimetabledPassingTime>
                <TimetabledPassingTime version="44788" id="VTR:TimetabledPassingTime:44827_942440_2">
                  <StopPointInJourneyPatternRef ref="VTR:StopPointInJourneyPattern:942440" version="44788"/>
                  <DepartureTime>16:10:00</DepartureTime>
                  <DepartureDayOffset>0</DepartureDayOffset>
                </TimetabledPassingTime>
                <TimetabledPassingTime version="44788" id="VTR:TimetabledPassingTime:44827_942441_3">
                  <StopPointInJourneyPatternRef ref="VTR:StopPointInJourneyPattern:942441" version="44788"/>
                  <DepartureTime>17:05:00</DepartureTime>
                  <DepartureDayOffset>0</DepartureDayOffset>
                </TimetabledPassingTime>
                <TimetabledPassingTime version="44788" id="VTR:TimetabledPassingTime:44827_942442_4">
                  <StopPointInJourneyPatternRef ref="VTR:StopPointInJourneyPattern:942442" version="44788"/>
                  <DepartureTime>17:10:00</DepartureTime>
                  <DepartureDayOffset>0</DepartureDayOffset>
                </TimetabledPassingTime>
                <TimetabledPassingTime version="44788" id="VTR:TimetabledPassingTime:44827_942443_5">
                  <StopPointInJourneyPatternRef ref="VTR:StopPointInJourneyPattern:942443" version="44788"/>
                  <DepartureTime>17:12:00</DepartureTime>
                  <DepartureDayOffset>0</DepartureDayOffset>
                </TimetabledPassingTime>
                <TimetabledPassingTime version="44788" id="VTR:TimetabledPassingTime:44827_942444_6">
                  <StopPointInJourneyPatternRef ref="VTR:StopPointInJourneyPattern:942444" version="44788"/>
                  <DepartureTime>17:20:00</DepartureTime>
                  <DepartureDayOffset>0</DepartureDayOffset>
                </TimetabledPassingTime>
              </passingTimes>
            </ServiceJourney>
          </vehicleJourneys>
        </TimetableFrame>
        <ResourceFrame version="1" id="VTR:ResourceFrame:1349">
          <organisations>
            <Authority version="1" id="VTR:Authority:2">
              <CompanyNumber>188647255</CompanyNumber>
              <Name>LTSA</Name>
              <LegalName>Lietuvos transporto saugos administracija</LegalName>
              <ContactDetails>
                <Email>ltsa@ltsa.lrv.lt</Email>
                <Phone>8 5  278 5602</Phone>
                <Url>www.ltsa.lrv.lt</Url>
              </ContactDetails>
              <OrganisationType>authority</OrganisationType>
            </Authority>
          </organisations>
        </ResourceFrame>
        <FareFrame id="VTR:FareFrame:428" version="1">
          <FrameDefaults>
            <DefaultCurrency>EUR</DefaultCurrency>
          </FrameDefaults>
          <fareStructureElements>
            <FareStructureElement id="VTR:FareStructureElement:pricematrix" version="1">
              <distanceMatrixElements>
                <DistanceMatrixElementRef ref="VTR:DistanceMatrixElement:942411to942415" version="1"/>
                <DistanceMatrixElementRef ref="VTR:DistanceMatrixElement:942359to942362" version="1"/>
                <DistanceMatrixElementRef ref="VTR:DistanceMatrixElement:942440to942444" version="1"/>
                <DistanceMatrixElementRef ref="VTR:DistanceMatrixElement:942441to942442" version="1"/>
                <DistanceMatrixElementRef ref="VTR:DistanceMatrixElement:942362to942363" version="1"/>
                <DistanceMatrixElementRef ref="VTR:DistanceMatrixElement:942410to942411" version="1"/>
                <DistanceMatrixElementRef ref="VTR:DistanceMatrixElement:942413to942414" version="1"/>
                <DistanceMatrixElementRef ref="VTR:DistanceMatrixElement:942413to942415" version="1"/>
                <DistanceMatrixElementRef ref="VTR:DistanceMatrixElement:942440to942441" version="1"/>
                <DistanceMatrixElementRef ref="VTR:DistanceMatrixElement:942366to942367" version="1"/>
                <DistanceMatrixElementRef ref="VTR:DistanceMatrixElement:942366to942368" version="1"/>
                <DistanceMatrixElementRef ref="VTR:DistanceMatrixElement:942367to942368" version="1"/>
                <DistanceMatrixElementRef ref="VTR:DistanceMatrixElement:942359to942363" version="1"/>
                <DistanceMatrixElementRef ref="VTR:DistanceMatrixElement:942412to942413" version="1"/>
                <DistanceMatrixElementRef ref="VTR:DistanceMatrixElement:942412to942414" version="1"/>
                <DistanceMatrixElementRef ref="VTR:DistanceMatrixElement:942365to942367" version="1"/>
                <DistanceMatrixElementRef ref="VTR:DistanceMatrixElement:942411to942413" version="1"/>
                <DistanceMatrixElementRef ref="VTR:DistanceMatrixElement:942412to942415" version="1"/>
                <DistanceMatrixElementRef ref="VTR:DistanceMatrixElement:942442to942443" version="1"/>
                <DistanceMatrixElementRef ref="VTR:DistanceMatrixElement:942359to942360" version="1"/>
                <DistanceMatrixElementRef ref="VTR:DistanceMatrixElement:942359to942361" version="1"/>
                <DistanceMatrixElementRef ref="VTR:DistanceMatrixElement:942360to942362" version="1"/>
                <DistanceMatrixElementRef ref="VTR:DistanceMatrixElement:942360to942363" version="1"/>
                <DistanceMatrixElementRef ref="VTR:DistanceMatrixElement:942361to942363" version="1"/>
                <DistanceMatrixElementRef ref="VTR:DistanceMatrixElement:942441to942443" version="1"/>
                <DistanceMatrixElementRef ref="VTR:DistanceMatrixElement:942364to942368" version="1"/>
                <DistanceMatrixElementRef ref="VTR:DistanceMatrixElement:942360to942361" version="1"/>
                <DistanceMatrixElementRef ref="VTR:DistanceMatrixElement:942361to942362" version="1"/>
                <DistanceMatrixElementRef ref="VTR:DistanceMatrixElement:942410to942414" version="1"/>
                <DistanceMatrixElementRef ref="VTR:DistanceMatrixElement:942439to942441" version="1"/>
                <DistanceMatrixElementRef ref="VTR:DistanceMatrixElement:942439to942442" version="1"/>
                <DistanceMatrixElementRef ref="VTR:DistanceMatrixElement:942439to942443" version="1"/>
                <DistanceMatrixElementRef ref="VTR:DistanceMatrixElement:942364to942367" version="1"/>
                <DistanceMatrixElementRef ref="VTR:DistanceMatrixElement:942365to942366" version="1"/>
                <DistanceMatrixElementRef ref="VTR:DistanceMatrixElement:942410to942412" version="1"/>
                <DistanceMatrixElementRef ref="VTR:DistanceMatrixElement:942410to942413" version="1"/>
                <DistanceMatrixElementRef ref="VTR:DistanceMatrixElement:942411to942412" version="1"/>
                <DistanceMatrixElementRef ref="VTR:DistanceMatrixElement:942439to942440" version="1"/>
                <DistanceMatrixElementRef ref="VTR:DistanceMatrixElement:942442to942444" version="1"/>
                <DistanceMatrixElementRef ref="VTR:DistanceMatrixElement:942364to942366" version="1"/>
                <DistanceMatrixElementRef ref="VTR:DistanceMatrixElement:942365to942368" version="1"/>
                <DistanceMatrixElementRef ref="VTR:DistanceMatrixElement:942410to942415" version="1"/>
                <DistanceMatrixElementRef ref="VTR:DistanceMatrixElement:942411to942414" version="1"/>
                <DistanceMatrixElementRef ref="VTR:DistanceMatrixElement:942414to942415" version="1"/>
                <DistanceMatrixElementRef ref="VTR:DistanceMatrixElement:942439to942444" version="1"/>
                <DistanceMatrixElementRef ref="VTR:DistanceMatrixElement:942440to942442" version="1"/>
                <DistanceMatrixElementRef ref="VTR:DistanceMatrixElement:942441to942444" version="1"/>
                <DistanceMatrixElementRef ref="VTR:DistanceMatrixElement:942443to942444" version="1"/>
                <DistanceMatrixElementRef ref="VTR:DistanceMatrixElement:942364to942365" version="1"/>
                <DistanceMatrixElementRef ref="VTR:DistanceMatrixElement:942440to942443" version="1"/>
              </distanceMatrixElements>
            </FareStructureElement>
          </fareStructureElements>
          <tariffs>
            <Tariff id="VTR:Tariff:pointToPointInSeparateJourney_428" version="1">
              <Name>Point to point tariff</Name>
              <distanceMatrixElements>
                <DistanceMatrixElement id="VTR:DistanceMatrixElement:942411to942415" version="1">
                  <Name>Kalniečių poliklinika to Vilniaus autobusų stotis</Name>
                  <StartStopPointRef ref="VTR:ScheduledStopPoint:54669" version="1"/>
                  <EndStopPointRef ref="VTR:ScheduledStopPoint:26121" version="1"/>
                  <prices>
                    <DistanceMatrixElementPrice id="VTR:DistanceMatrixElementPrice:942411to942415" version="1">
                      <Amount>6.0</Amount>
                      <DistanceMatrixElementRef ref="VTR:DistanceMatrixElement:942411to942415" version="1"/>
                    </DistanceMatrixElementPrice>
                  </prices>
                </DistanceMatrixElement>
                <DistanceMatrixElement id="VTR:DistanceMatrixElement:942359to942362" version="1">
                  <Name>Vilniaus autobusų stotis to K. Petrausko g.</Name>
                  <StartStopPointRef ref="VTR:ScheduledStopPoint:26114" version="1"/>
                  <EndStopPointRef ref="VTR:ScheduledStopPoint:54643" version="1"/>
                  <prices>
                    <DistanceMatrixElementPrice id="VTR:DistanceMatrixElementPrice:942359to942362" version="1">
                      <Amount>6.0</Amount>
                      <DistanceMatrixElementRef ref="VTR:DistanceMatrixElement:942359to942362" version="1"/>
                    </DistanceMatrixElementPrice>
                  </prices>
                </DistanceMatrixElement>
                <DistanceMatrixElement id="VTR:DistanceMatrixElement:942440to942444" version="1">
                  <Name>Kalniečių poliklinika to Vilniaus autobusų stotis</Name>
                  <StartStopPointRef ref="VTR:ScheduledStopPoint:54669" version="1"/>
                  <EndStopPointRef ref="VTR:ScheduledStopPoint:26121" version="1"/>
                  <prices>
                    <DistanceMatrixElementPrice id="VTR:DistanceMatrixElementPrice:942440to942444" version="1">
                      <Amount>6.0</Amount>
                      <DistanceMatrixElementRef ref="VTR:DistanceMatrixElement:942440to942444" version="1"/>
                    </DistanceMatrixElementPrice>
                  </prices>
                </DistanceMatrixElement>
                <DistanceMatrixElement id="VTR:DistanceMatrixElement:942441to942442" version="1">
                  <Name>Gariūnai to Ligoninė</Name>
                  <StartStopPointRef ref="VTR:ScheduledStopPoint:54670" version="1"/>
                  <EndStopPointRef ref="VTR:ScheduledStopPoint:54671" version="1"/>
                  <prices>
                    <DistanceMatrixElementPrice id="VTR:DistanceMatrixElementPrice:942441to942442" version="1">
                      <Amount>6.0</Amount>
                      <DistanceMatrixElementRef ref="VTR:DistanceMatrixElement:942441to942442" version="1"/>
                    </DistanceMatrixElementPrice>
                  </prices>
                </DistanceMatrixElement>
                <DistanceMatrixElement id="VTR:DistanceMatrixElement:942362to942363" version="1">
                  <Name>K. Petrausko g. to Kauno autobusų stotis</Name>
                  <StartStopPointRef ref="VTR:ScheduledStopPoint:54643" version="1"/>
                  <EndStopPointRef ref="VTR:ScheduledStopPoint:26115" version="1"/>
                  <prices>
                    <DistanceMatrixElementPrice id="VTR:DistanceMatrixElementPrice:942362to942363" version="1">
                      <Amount>6.0</Amount>
                      <DistanceMatrixElementRef ref="VTR:DistanceMatrixElement:942362to942363" version="1"/>
                    </DistanceMatrixElementPrice>
                  </prices>
                </DistanceMatrixElement>
                <DistanceMatrixElement id="VTR:DistanceMatrixElement:942410to942411" version="1">
                  <Name>Kauno autobusų stotis to Kalniečių poliklinika</Name>
                  <StartStopPointRef ref="VTR:ScheduledStopPoint:26117" version="1"/>
                  <EndStopPointRef ref="VTR:ScheduledStopPoint:54669" version="1"/>
                  <prices>
                    <DistanceMatrixElementPrice id="VTR:DistanceMatrixElementPrice:942410to942411" version="1">
                      <Amount>6.0</Amount>
                      <DistanceMatrixElementRef ref="VTR:DistanceMatrixElement:942410to942411" version="1"/>
                    </DistanceMatrixElementPrice>
                  </prices>
                </DistanceMatrixElement>
                <DistanceMatrixElement id="VTR:DistanceMatrixElement:942413to942414" version="1">
                  <Name>Ligoninė to Eigulių</Name>
                  <StartStopPointRef ref="VTR:ScheduledStopPoint:54671" version="1"/>
                  <EndStopPointRef ref="VTR:ScheduledStopPoint:54672" version="1"/>
                  <prices>
                    <DistanceMatrixElementPrice id="VTR:DistanceMatrixElementPrice:942413to942414" version="1">
                      <Amount>6.0</Amount>
                      <DistanceMatrixElementRef ref="VTR:DistanceMatrixElement:942413to942414" version="1"/>
                    </DistanceMatrixElementPrice>
                  </prices>
                </DistanceMatrixElement>
                <DistanceMatrixElement id="VTR:DistanceMatrixElement:942413to942415" version="1">
                  <Name>Ligoninė to Vilniaus autobusų stotis</Name>
                  <StartStopPointRef ref="VTR:ScheduledStopPoint:54671" version="1"/>
                  <EndStopPointRef ref="VTR:ScheduledStopPoint:26121" version="1"/>
                  <prices>
                    <DistanceMatrixElementPrice id="VTR:DistanceMatrixElementPrice:942413to942415" version="1">
                      <Amount>6.0</Amount>
                      <DistanceMatrixElementRef ref="VTR:DistanceMatrixElement:942413to942415" version="1"/>
                    </DistanceMatrixElementPrice>
                  </prices>
                </DistanceMatrixElement>
                <DistanceMatrixElement id="VTR:DistanceMatrixElement:942440to942441" version="1">
                  <Name>Kalniečių poliklinika to Gariūnai</Name>
                  <StartStopPointRef ref="VTR:ScheduledStopPoint:54669" version="1"/>
                  <EndStopPointRef ref="VTR:ScheduledStopPoint:54670" version="1"/>
                  <prices>
                    <DistanceMatrixElementPrice id="VTR:DistanceMatrixElementPrice:942440to942441" version="1">
                      <Amount>6.0</Amount>
                      <DistanceMatrixElementRef ref="VTR:DistanceMatrixElement:942440to942441" version="1"/>
                    </DistanceMatrixElementPrice>
                  </prices>
                </DistanceMatrixElement>
                <DistanceMatrixElement id="VTR:DistanceMatrixElement:942366to942367" version="1">
                  <Name>Kalniečių poliklinika to K. Petrausko g.</Name>
                  <StartStopPointRef ref="VTR:ScheduledStopPoint:54642" version="1"/>
                  <EndStopPointRef ref="VTR:ScheduledStopPoint:54643" version="1"/>
                  <prices>
                    <DistanceMatrixElementPrice id="VTR:DistanceMatrixElementPrice:942366to942367" version="1">
                      <Amount>6.0</Amount>
                      <DistanceMatrixElementRef ref="VTR:DistanceMatrixElement:942366to942367" version="1"/>
                    </DistanceMatrixElementPrice>
                  </prices>
                </DistanceMatrixElement>
                <DistanceMatrixElement id="VTR:DistanceMatrixElement:942366to942368" version="1">
                  <Name>Kalniečių poliklinika to Kauno autobusų stotis</Name>
                  <StartStopPointRef ref="VTR:ScheduledStopPoint:54642" version="1"/>
                  <EndStopPointRef ref="VTR:ScheduledStopPoint:26115" version="1"/>
                  <prices>
                    <DistanceMatrixElementPrice id="VTR:DistanceMatrixElementPrice:942366to942368" version="1">
                      <Amount>6.0</Amount>
                      <DistanceMatrixElementRef ref="VTR:DistanceMatrixElement:942366to942368" version="1"/>
                    </DistanceMatrixElementPrice>
                  </prices>
                </DistanceMatrixElement>
                <DistanceMatrixElement id="VTR:DistanceMatrixElement:942367to942368" version="1">
                  <Name>K. Petrausko g. to Kauno autobusų stotis</Name>
                  <StartStopPointRef ref="VTR:ScheduledStopPoint:54643" version="1"/>
                  <EndStopPointRef ref="VTR:ScheduledStopPoint:26115" version="1"/>
                  <prices>
                    <DistanceMatrixElementPrice id="VTR:DistanceMatrixElementPrice:942367to942368" version="1">
                      <Amount>6.0</Amount>
                      <DistanceMatrixElementRef ref="VTR:DistanceMatrixElement:942367to942368" version="1"/>
                    </DistanceMatrixElementPrice>
                  </prices>
                </DistanceMatrixElement>
                <DistanceMatrixElement id="VTR:DistanceMatrixElement:942359to942363" version="1">
                  <Name>Vilniaus autobusų stotis to Kauno autobusų stotis</Name>
                  <StartStopPointRef ref="VTR:ScheduledStopPoint:26114" version="1"/>
                  <EndStopPointRef ref="VTR:ScheduledStopPoint:26115" version="1"/>
                  <prices>
                    <DistanceMatrixElementPrice id="VTR:DistanceMatrixElementPrice:942359to942363" version="1">
                      <Amount>6.0</Amount>
                      <DistanceMatrixElementRef ref="VTR:DistanceMatrixElement:942359to942363" version="1"/>
                    </DistanceMatrixElementPrice>
                  </prices>
                </DistanceMatrixElement>
                <DistanceMatrixElement id="VTR:DistanceMatrixElement:942412to942413" version="1">
                  <Name>Gariūnai to Ligoninė</Name>
                  <StartStopPointRef ref="VTR:ScheduledStopPoint:54670" version="1"/>
                  <EndStopPointRef ref="VTR:ScheduledStopPoint:54671" version="1"/>
                  <prices>
                    <DistanceMatrixElementPrice id="VTR:DistanceMatrixElementPrice:942412to942413" version="1">
                      <Amount>6.0</Amount>
                      <DistanceMatrixElementRef ref="VTR:DistanceMatrixElement:942412to942413" version="1"/>
                    </DistanceMatrixElementPrice>
                  </prices>
                </DistanceMatrixElement>
                <DistanceMatrixElement id="VTR:DistanceMatrixElement:942412to942414" version="1">
                  <Name>Gariūnai to Eigulių</Name>
                  <StartStopPointRef ref="VTR:ScheduledStopPoint:54670" version="1"/>
                  <EndStopPointRef ref="VTR:ScheduledStopPoint:54672" version="1"/>
                  <prices>
                    <DistanceMatrixElementPrice id="VTR:DistanceMatrixElementPrice:942412to942414" version="1">
                      <Amount>6.0</Amount>
                      <DistanceMatrixElementRef ref="VTR:DistanceMatrixElement:942412to942414" version="1"/>
                    </DistanceMatrixElementPrice>
                  </prices>
                </DistanceMatrixElement>
                <DistanceMatrixElement id="VTR:DistanceMatrixElement:942365to942367" version="1">
                  <Name>Gariūnai to K. Petrausko g.</Name>
                  <StartStopPointRef ref="VTR:ScheduledStopPoint:54641" version="1"/>
                  <EndStopPointRef ref="VTR:ScheduledStopPoint:54643" version="1"/>
                  <prices>
                    <DistanceMatrixElementPrice id="VTR:DistanceMatrixElementPrice:942365to942367" version="1">
                      <Amount>6.0</Amount>
                      <DistanceMatrixElementRef ref="VTR:DistanceMatrixElement:942365to942367" version="1"/>
                    </DistanceMatrixElementPrice>
                  </prices>
                </DistanceMatrixElement>
                <DistanceMatrixElement id="VTR:DistanceMatrixElement:942411to942413" version="1">
                  <Name>Kalniečių poliklinika to Ligoninė</Name>
                  <StartStopPointRef ref="VTR:ScheduledStopPoint:54669" version="1"/>
                  <EndStopPointRef ref="VTR:ScheduledStopPoint:54671" version="1"/>
                  <prices>
                    <DistanceMatrixElementPrice id="VTR:DistanceMatrixElementPrice:942411to942413" version="1">
                      <Amount>6.0</Amount>
                      <DistanceMatrixElementRef ref="VTR:DistanceMatrixElement:942411to942413" version="1"/>
                    </DistanceMatrixElementPrice>
                  </prices>
                </DistanceMatrixElement>
                <DistanceMatrixElement id="VTR:DistanceMatrixElement:942412to942415" version="1">
                  <Name>Gariūnai to Vilniaus autobusų stotis</Name>
                  <StartStopPointRef ref="VTR:ScheduledStopPoint:54670" version="1"/>
                  <EndStopPointRef ref="VTR:ScheduledStopPoint:26121" version="1"/>
                  <prices>
                    <DistanceMatrixElementPrice id="VTR:DistanceMatrixElementPrice:942412to942415" version="1">
                      <Amount>6.0</Amount>
                      <DistanceMatrixElementRef ref="VTR:DistanceMatrixElement:942412to942415" version="1"/>
                    </DistanceMatrixElementPrice>
                  </prices>
                </DistanceMatrixElement>
                <DistanceMatrixElement id="VTR:DistanceMatrixElement:942442to942443" version="1">
                  <Name>Ligoninė to Eigulių</Name>
                  <StartStopPointRef ref="VTR:ScheduledStopPoint:54671" version="1"/>
                  <EndStopPointRef ref="VTR:ScheduledStopPoint:54672" version="1"/>
                  <prices>
                    <DistanceMatrixElementPrice id="VTR:DistanceMatrixElementPrice:942442to942443" version="1">
                      <Amount>6.0</Amount>
                      <DistanceMatrixElementRef ref="VTR:DistanceMatrixElement:942442to942443" version="1"/>
                    </DistanceMatrixElementPrice>
                  </prices>
                </DistanceMatrixElement>
                <DistanceMatrixElement id="VTR:DistanceMatrixElement:942359to942360" version="1">
                  <Name>Vilniaus autobusų stotis to Gariūnai</Name>
                  <StartStopPointRef ref="VTR:ScheduledStopPoint:26114" version="1"/>
                  <EndStopPointRef ref="VTR:ScheduledStopPoint:54641" version="1"/>
                  <prices>
                    <DistanceMatrixElementPrice id="VTR:DistanceMatrixElementPrice:942359to942360" version="1">
                      <Amount>6.0</Amount>
                      <DistanceMatrixElementRef ref="VTR:DistanceMatrixElement:942359to942360" version="1"/>
                    </DistanceMatrixElementPrice>
                  </prices>
                </DistanceMatrixElement>
                <DistanceMatrixElement id="VTR:DistanceMatrixElement:942359to942361" version="1">
                  <Name>Vilniaus autobusų stotis to Kalniečių poliklinika</Name>
                  <StartStopPointRef ref="VTR:ScheduledStopPoint:26114" version="1"/>
                  <EndStopPointRef ref="VTR:ScheduledStopPoint:54642" version="1"/>
                  <prices>
                    <DistanceMatrixElementPrice id="VTR:DistanceMatrixElementPrice:942359to942361" version="1">
                      <Amount>6.0</Amount>
                      <DistanceMatrixElementRef ref="VTR:DistanceMatrixElement:942359to942361" version="1"/>
                    </DistanceMatrixElementPrice>
                  </prices>
                </DistanceMatrixElement>
                <DistanceMatrixElement id="VTR:DistanceMatrixElement:942360to942362" version="1">
                  <Name>Gariūnai to K. Petrausko g.</Name>
                  <StartStopPointRef ref="VTR:ScheduledStopPoint:54641" version="1"/>
                  <EndStopPointRef ref="VTR:ScheduledStopPoint:54643" version="1"/>
                  <prices>
                    <DistanceMatrixElementPrice id="VTR:DistanceMatrixElementPrice:942360to942362" version="1">
                      <Amount>6.0</Amount>
                      <DistanceMatrixElementRef ref="VTR:DistanceMatrixElement:942360to942362" version="1"/>
                    </DistanceMatrixElementPrice>
                  </prices>
                </DistanceMatrixElement>
                <DistanceMatrixElement id="VTR:DistanceMatrixElement:942360to942363" version="1">
                  <Name>Gariūnai to Kauno autobusų stotis</Name>
                  <StartStopPointRef ref="VTR:ScheduledStopPoint:54641" version="1"/>
                  <EndStopPointRef ref="VTR:ScheduledStopPoint:26115" version="1"/>
                  <prices>
                    <DistanceMatrixElementPrice id="VTR:DistanceMatrixElementPrice:942360to942363" version="1">
                      <Amount>6.0</Amount>
                      <DistanceMatrixElementRef ref="VTR:DistanceMatrixElement:942360to942363" version="1"/>
                    </DistanceMatrixElementPrice>
                  </prices>
                </DistanceMatrixElement>
                <DistanceMatrixElement id="VTR:DistanceMatrixElement:942361to942363" version="1">
                  <Name>Kalniečių poliklinika to Kauno autobusų stotis</Name>
                  <StartStopPointRef ref="VTR:ScheduledStopPoint:54642" version="1"/>
                  <EndStopPointRef ref="VTR:ScheduledStopPoint:26115" version="1"/>
                  <prices>
                    <DistanceMatrixElementPrice id="VTR:DistanceMatrixElementPrice:942361to942363" version="1">
                      <Amount>6.0</Amount>
                      <DistanceMatrixElementRef ref="VTR:DistanceMatrixElement:942361to942363" version="1"/>
                    </DistanceMatrixElementPrice>
                  </prices>
                </DistanceMatrixElement>
                <DistanceMatrixElement id="VTR:DistanceMatrixElement:942441to942443" version="1">
                  <Name>Gariūnai to Eigulių</Name>
                  <StartStopPointRef ref="VTR:ScheduledStopPoint:54670" version="1"/>
                  <EndStopPointRef ref="VTR:ScheduledStopPoint:54672" version="1"/>
                  <prices>
                    <DistanceMatrixElementPrice id="VTR:DistanceMatrixElementPrice:942441to942443" version="1">
                      <Amount>6.0</Amount>
                      <DistanceMatrixElementRef ref="VTR:DistanceMatrixElement:942441to942443" version="1"/>
                    </DistanceMatrixElementPrice>
                  </prices>
                </DistanceMatrixElement>
                <DistanceMatrixElement id="VTR:DistanceMatrixElement:942364to942368" version="1">
                  <Name>Vilniaus autobusų stotis to Kauno autobusų stotis</Name>
                  <StartStopPointRef ref="VTR:ScheduledStopPoint:26114" version="1"/>
                  <EndStopPointRef ref="VTR:ScheduledStopPoint:26115" version="1"/>
                  <prices>
                    <DistanceMatrixElementPrice id="VTR:DistanceMatrixElementPrice:942364to942368" version="1">
                      <Amount>6.0</Amount>
                      <DistanceMatrixElementRef ref="VTR:DistanceMatrixElement:942364to942368" version="1"/>
                    </DistanceMatrixElementPrice>
                  </prices>
                </DistanceMatrixElement>
                <DistanceMatrixElement id="VTR:DistanceMatrixElement:942360to942361" version="1">
                  <Name>Gariūnai to Kalniečių poliklinika</Name>
                  <StartStopPointRef ref="VTR:ScheduledStopPoint:54641" version="1"/>
                  <EndStopPointRef ref="VTR:ScheduledStopPoint:54642" version="1"/>
                  <prices>
                    <DistanceMatrixElementPrice id="VTR:DistanceMatrixElementPrice:942360to942361" version="1">
                      <Amount>6.0</Amount>
                      <DistanceMatrixElementRef ref="VTR:DistanceMatrixElement:942360to942361" version="1"/>
                    </DistanceMatrixElementPrice>
                  </prices>
                </DistanceMatrixElement>
                <DistanceMatrixElement id="VTR:DistanceMatrixElement:942361to942362" version="1">
                  <Name>Kalniečių poliklinika to K. Petrausko g.</Name>
                  <StartStopPointRef ref="VTR:ScheduledStopPoint:54642" version="1"/>
                  <EndStopPointRef ref="VTR:ScheduledStopPoint:54643" version="1"/>
                  <prices>
                    <DistanceMatrixElementPrice id="VTR:DistanceMatrixElementPrice:942361to942362" version="1">
                      <Amount>6.0</Amount>
                      <DistanceMatrixElementRef ref="VTR:DistanceMatrixElement:942361to942362" version="1"/>
                    </DistanceMatrixElementPrice>
                  </prices>
                </DistanceMatrixElement>
                <DistanceMatrixElement id="VTR:DistanceMatrixElement:942410to942414" version="1">
                  <Name>Kauno autobusų stotis to Eigulių</Name>
                  <StartStopPointRef ref="VTR:ScheduledStopPoint:26117" version="1"/>
                  <EndStopPointRef ref="VTR:ScheduledStopPoint:54672" version="1"/>
                  <prices>
                    <DistanceMatrixElementPrice id="VTR:DistanceMatrixElementPrice:942410to942414" version="1">
                      <Amount>6.0</Amount>
                      <DistanceMatrixElementRef ref="VTR:DistanceMatrixElement:942410to942414" version="1"/>
                    </DistanceMatrixElementPrice>
                  </prices>
                </DistanceMatrixElement>
                <DistanceMatrixElement id="VTR:DistanceMatrixElement:942439to942441" version="1">
                  <Name>Kauno autobusų stotis to Gariūnai</Name>
                  <StartStopPointRef ref="VTR:ScheduledStopPoint:26117" version="1"/>
                  <EndStopPointRef ref="VTR:ScheduledStopPoint:54670" version="1"/>
                  <prices>
                    <DistanceMatrixElementPrice id="VTR:DistanceMatrixElementPrice:942439to942441" version="1">
                      <Amount>6.0</Amount>
                      <DistanceMatrixElementRef ref="VTR:DistanceMatrixElement:942439to942441" version="1"/>
                    </DistanceMatrixElementPrice>
                  </prices>
                </DistanceMatrixElement>
                <DistanceMatrixElement id="VTR:DistanceMatrixElement:942439to942442" version="1">
                  <Name>Kauno autobusų stotis to Ligoninė</Name>
                  <StartStopPointRef ref="VTR:ScheduledStopPoint:26117" version="1"/>
                  <EndStopPointRef ref="VTR:ScheduledStopPoint:54671" version="1"/>
                  <prices>
                    <DistanceMatrixElementPrice id="VTR:DistanceMatrixElementPrice:942439to942442" version="1">
                      <Amount>6.0</Amount>
                      <DistanceMatrixElementRef ref="VTR:DistanceMatrixElement:942439to942442" version="1"/>
                    </DistanceMatrixElementPrice>
                  </prices>
                </DistanceMatrixElement>
                <DistanceMatrixElement id="VTR:DistanceMatrixElement:942439to942443" version="1">
                  <Name>Kauno autobusų stotis to Eigulių</Name>
                  <StartStopPointRef ref="VTR:ScheduledStopPoint:26117" version="1"/>
                  <EndStopPointRef ref="VTR:ScheduledStopPoint:54672" version="1"/>
                  <prices>
                    <DistanceMatrixElementPrice id="VTR:DistanceMatrixElementPrice:942439to942443" version="1">
                      <Amount>6.0</Amount>
                      <DistanceMatrixElementRef ref="VTR:DistanceMatrixElement:942439to942443" version="1"/>
                    </DistanceMatrixElementPrice>
                  </prices>
                </DistanceMatrixElement>
                <DistanceMatrixElement id="VTR:DistanceMatrixElement:942364to942367" version="1">
                  <Name>Vilniaus autobusų stotis to K. Petrausko g.</Name>
                  <StartStopPointRef ref="VTR:ScheduledStopPoint:26114" version="1"/>
                  <EndStopPointRef ref="VTR:ScheduledStopPoint:54643" version="1"/>
                  <prices>
                    <DistanceMatrixElementPrice id="VTR:DistanceMatrixElementPrice:942364to942367" version="1">
                      <Amount>6.0</Amount>
                      <DistanceMatrixElementRef ref="VTR:DistanceMatrixElement:942364to942367" version="1"/>
                    </DistanceMatrixElementPrice>
                  </prices>
                </DistanceMatrixElement>
                <DistanceMatrixElement id="VTR:DistanceMatrixElement:942365to942366" version="1">
                  <Name>Gariūnai to Kalniečių poliklinika</Name>
                  <StartStopPointRef ref="VTR:ScheduledStopPoint:54641" version="1"/>
                  <EndStopPointRef ref="VTR:ScheduledStopPoint:54642" version="1"/>
                  <prices>
                    <DistanceMatrixElementPrice id="VTR:DistanceMatrixElementPrice:942365to942366" version="1">
                      <Amount>6.0</Amount>
                      <DistanceMatrixElementRef ref="VTR:DistanceMatrixElement:942365to942366" version="1"/>
                    </DistanceMatrixElementPrice>
                  </prices>
                </DistanceMatrixElement>
                <DistanceMatrixElement id="VTR:DistanceMatrixElement:942410to942412" version="1">
                  <Name>Kauno autobusų stotis to Gariūnai</Name>
                  <StartStopPointRef ref="VTR:ScheduledStopPoint:26117" version="1"/>
                  <EndStopPointRef ref="VTR:ScheduledStopPoint:54670" version="1"/>
                  <prices>
                    <DistanceMatrixElementPrice id="VTR:DistanceMatrixElementPrice:942410to942412" version="1">
                      <Amount>6.0</Amount>
                      <DistanceMatrixElementRef ref="VTR:DistanceMatrixElement:942410to942412" version="1"/>
                    </DistanceMatrixElementPrice>
                  </prices>
                </DistanceMatrixElement>
                <DistanceMatrixElement id="VTR:DistanceMatrixElement:942410to942413" version="1">
                  <Name>Kauno autobusų stotis to Ligoninė</Name>
                  <StartStopPointRef ref="VTR:ScheduledStopPoint:26117" version="1"/>
                  <EndStopPointRef ref="VTR:ScheduledStopPoint:54671" version="1"/>
                  <prices>
                    <DistanceMatrixElementPrice id="VTR:DistanceMatrixElementPrice:942410to942413" version="1">
                      <Amount>6.0</Amount>
                      <DistanceMatrixElementRef ref="VTR:DistanceMatrixElement:942410to942413" version="1"/>
                    </DistanceMatrixElementPrice>
                  </prices>
                </DistanceMatrixElement>
                <DistanceMatrixElement id="VTR:DistanceMatrixElement:942411to942412" version="1">
                  <Name>Kalniečių poliklinika to Gariūnai</Name>
                  <StartStopPointRef ref="VTR:ScheduledStopPoint:54669" version="1"/>
                  <EndStopPointRef ref="VTR:ScheduledStopPoint:54670" version="1"/>
                  <prices>
                    <DistanceMatrixElementPrice id="VTR:DistanceMatrixElementPrice:942411to942412" version="1">
                      <Amount>6.0</Amount>
                      <DistanceMatrixElementRef ref="VTR:DistanceMatrixElement:942411to942412" version="1"/>
                    </DistanceMatrixElementPrice>
                  </prices>
                </DistanceMatrixElement>
                <DistanceMatrixElement id="VTR:DistanceMatrixElement:942439to942440" version="1">
                  <Name>Kauno autobusų stotis to Kalniečių poliklinika</Name>
                  <StartStopPointRef ref="VTR:ScheduledStopPoint:26117" version="1"/>
                  <EndStopPointRef ref="VTR:ScheduledStopPoint:54669" version="1"/>
                  <prices>
                    <DistanceMatrixElementPrice id="VTR:DistanceMatrixElementPrice:942439to942440" version="1">
                      <Amount>6.0</Amount>
                      <DistanceMatrixElementRef ref="VTR:DistanceMatrixElement:942439to942440" version="1"/>
                    </DistanceMatrixElementPrice>
                  </prices>
                </DistanceMatrixElement>
                <DistanceMatrixElement id="VTR:DistanceMatrixElement:942442to942444" version="1">
                  <Name>Ligoninė to Vilniaus autobusų stotis</Name>
                  <StartStopPointRef ref="VTR:ScheduledStopPoint:54671" version="1"/>
                  <EndStopPointRef ref="VTR:ScheduledStopPoint:26121" version="1"/>
                  <prices>
                    <DistanceMatrixElementPrice id="VTR:DistanceMatrixElementPrice:942442to942444" version="1">
                      <Amount>6.0</Amount>
                      <DistanceMatrixElementRef ref="VTR:DistanceMatrixElement:942442to942444" version="1"/>
                    </DistanceMatrixElementPrice>
                  </prices>
                </DistanceMatrixElement>
                <DistanceMatrixElement id="VTR:DistanceMatrixElement:942364to942366" version="1">
                  <Name>Vilniaus autobusų stotis to Kalniečių poliklinika</Name>
                  <StartStopPointRef ref="VTR:ScheduledStopPoint:26114" version="1"/>
                  <EndStopPointRef ref="VTR:ScheduledStopPoint:54642" version="1"/>
                  <prices>
                    <DistanceMatrixElementPrice id="VTR:DistanceMatrixElementPrice:942364to942366" version="1">
                      <Amount>6.0</Amount>
                      <DistanceMatrixElementRef ref="VTR:DistanceMatrixElement:942364to942366" version="1"/>
                    </DistanceMatrixElementPrice>
                  </prices>
                </DistanceMatrixElement>
                <DistanceMatrixElement id="VTR:DistanceMatrixElement:942365to942368" version="1">
                  <Name>Gariūnai to Kauno autobusų stotis</Name>
                  <StartStopPointRef ref="VTR:ScheduledStopPoint:54641" version="1"/>
                  <EndStopPointRef ref="VTR:ScheduledStopPoint:26115" version="1"/>
                  <prices>
                    <DistanceMatrixElementPrice id="VTR:DistanceMatrixElementPrice:942365to942368" version="1">
                      <Amount>6.0</Amount>
                      <DistanceMatrixElementRef ref="VTR:DistanceMatrixElement:942365to942368" version="1"/>
                    </DistanceMatrixElementPrice>
                  </prices>
                </DistanceMatrixElement>
                <DistanceMatrixElement id="VTR:DistanceMatrixElement:942410to942415" version="1">
                  <Name>Kauno autobusų stotis to Vilniaus autobusų stotis</Name>
                  <StartStopPointRef ref="VTR:ScheduledStopPoint:26117" version="1"/>
                  <EndStopPointRef ref="VTR:ScheduledStopPoint:26121" version="1"/>
                  <prices>
                    <DistanceMatrixElementPrice id="VTR:DistanceMatrixElementPrice:942410to942415" version="1">
                      <Amount>6.0</Amount>
                      <DistanceMatrixElementRef ref="VTR:DistanceMatrixElement:942410to942415" version="1"/>
                    </DistanceMatrixElementPrice>
                  </prices>
                </DistanceMatrixElement>
                <DistanceMatrixElement id="VTR:DistanceMatrixElement:942411to942414" version="1">
                  <Name>Kalniečių poliklinika to Eigulių</Name>
                  <StartStopPointRef ref="VTR:ScheduledStopPoint:54669" version="1"/>
                  <EndStopPointRef ref="VTR:ScheduledStopPoint:54672" version="1"/>
                  <prices>
                    <DistanceMatrixElementPrice id="VTR:DistanceMatrixElementPrice:942411to942414" version="1">
                      <Amount>6.0</Amount>
                      <DistanceMatrixElementRef ref="VTR:DistanceMatrixElement:942411to942414" version="1"/>
                    </DistanceMatrixElementPrice>
                  </prices>
                </DistanceMatrixElement>
                <DistanceMatrixElement id="VTR:DistanceMatrixElement:942414to942415" version="1">
                  <Name>Eigulių to Vilniaus autobusų stotis</Name>
                  <StartStopPointRef ref="VTR:ScheduledStopPoint:54672" version="1"/>
                  <EndStopPointRef ref="VTR:ScheduledStopPoint:26121" version="1"/>
                  <prices>
                    <DistanceMatrixElementPrice id="VTR:DistanceMatrixElementPrice:942414to942415" version="1">
                      <Amount>6.0</Amount>
                      <DistanceMatrixElementRef ref="VTR:DistanceMatrixElement:942414to942415" version="1"/>
                    </DistanceMatrixElementPrice>
                  </prices>
                </DistanceMatrixElement>
                <DistanceMatrixElement id="VTR:DistanceMatrixElement:942439to942444" version="1">
                  <Name>Kauno autobusų stotis to Vilniaus autobusų stotis</Name>
                  <StartStopPointRef ref="VTR:ScheduledStopPoint:26117" version="1"/>
                  <EndStopPointRef ref="VTR:ScheduledStopPoint:26121" version="1"/>
                  <prices>
                    <DistanceMatrixElementPrice id="VTR:DistanceMatrixElementPrice:942439to942444" version="1">
                      <Amount>6.0</Amount>
                      <DistanceMatrixElementRef ref="VTR:DistanceMatrixElement:942439to942444" version="1"/>
                    </DistanceMatrixElementPrice>
                  </prices>
                </DistanceMatrixElement>
                <DistanceMatrixElement id="VTR:DistanceMatrixElement:942440to942442" version="1">
                  <Name>Kalniečių poliklinika to Ligoninė</Name>
                  <StartStopPointRef ref="VTR:ScheduledStopPoint:54669" version="1"/>
                  <EndStopPointRef ref="VTR:ScheduledStopPoint:54671" version="1"/>
                  <prices>
                    <DistanceMatrixElementPrice id="VTR:DistanceMatrixElementPrice:942440to942442" version="1">
                      <Amount>6.0</Amount>
                      <DistanceMatrixElementRef ref="VTR:DistanceMatrixElement:942440to942442" version="1"/>
                    </DistanceMatrixElementPrice>
                  </prices>
                </DistanceMatrixElement>
                <DistanceMatrixElement id="VTR:DistanceMatrixElement:942441to942444" version="1">
                  <Name>Gariūnai to Vilniaus autobusų stotis</Name>
                  <StartStopPointRef ref="VTR:ScheduledStopPoint:54670" version="1"/>
                  <EndStopPointRef ref="VTR:ScheduledStopPoint:26121" version="1"/>
                  <prices>
                    <DistanceMatrixElementPrice id="VTR:DistanceMatrixElementPrice:942441to942444" version="1">
                      <Amount>6.0</Amount>
                      <DistanceMatrixElementRef ref="VTR:DistanceMatrixElement:942441to942444" version="1"/>
                    </DistanceMatrixElementPrice>
                  </prices>
                </DistanceMatrixElement>
                <DistanceMatrixElement id="VTR:DistanceMatrixElement:942443to942444" version="1">
                  <Name>Eigulių to Vilniaus autobusų stotis</Name>
                  <StartStopPointRef ref="VTR:ScheduledStopPoint:54672" version="1"/>
                  <EndStopPointRef ref="VTR:ScheduledStopPoint:26121" version="1"/>
                  <prices>
                    <DistanceMatrixElementPrice id="VTR:DistanceMatrixElementPrice:942443to942444" version="1">
                      <Amount>6.0</Amount>
                      <DistanceMatrixElementRef ref="VTR:DistanceMatrixElement:942443to942444" version="1"/>
                    </DistanceMatrixElementPrice>
                  </prices>
                </DistanceMatrixElement>
                <DistanceMatrixElement id="VTR:DistanceMatrixElement:942364to942365" version="1">
                  <Name>Vilniaus autobusų stotis to Gariūnai</Name>
                  <StartStopPointRef ref="VTR:ScheduledStopPoint:26114" version="1"/>
                  <EndStopPointRef ref="VTR:ScheduledStopPoint:54641" version="1"/>
                  <prices>
                    <DistanceMatrixElementPrice id="VTR:DistanceMatrixElementPrice:942364to942365" version="1">
                      <Amount>6.0</Amount>
                      <DistanceMatrixElementRef ref="VTR:DistanceMatrixElement:942364to942365" version="1"/>
                    </DistanceMatrixElementPrice>
                  </prices>
                </DistanceMatrixElement>
                <DistanceMatrixElement id="VTR:DistanceMatrixElement:942440to942443" version="1">
                  <Name>Kalniečių poliklinika to Eigulių</Name>
                  <StartStopPointRef ref="VTR:ScheduledStopPoint:54669" version="1"/>
                  <EndStopPointRef ref="VTR:ScheduledStopPoint:54672" version="1"/>
                  <prices>
                    <DistanceMatrixElementPrice id="VTR:DistanceMatrixElementPrice:942440to942443" version="1">
                      <Amount>6.0</Amount>
                      <DistanceMatrixElementRef ref="VTR:DistanceMatrixElement:942440to942443" version="1"/>
                    </DistanceMatrixElementPrice>
                  </prices>
                </DistanceMatrixElement>
              </distanceMatrixElements>
            </Tariff>
          </tariffs>
          <usageParameters>
            <FrequencyOfUse id="VTR:FrequencyOfUse:oneTrip" version="1">
              <FrequencyOfUseType>unlimited</FrequencyOfUseType>
              <MaximalFrequency>1</MaximalFrequency>
            </FrequencyOfUse>
          </usageParameters>
        </FareFrame>
      </frames>
    </CompositeFrame>
  </dataObjects>
</PublicationDelivery>
