<?xml version="1.0" encoding="UTF-8"?><PublicationDelivery xmlns="http://www.netex.org.uk/netex" xmlns:gis="http://www.opengis.net/gml/3.2" xmlns:ns2="http://www.opengis.net/gml/3.2" xmlns:ns3="http://www.siri.org.uk/siri" xmlns:xsi="http://www.w3.org/2001/XMLSchema-instance" version="1" xsi:schemaLocation="">
  <PublicationTimestamp>2022-05-07T00:40:00.273</PublicationTimestamp>
  <ParticipantRef>VTR</ParticipantRef>
  <Description>1</Description>
  <dataObjects>
    <CompositeFrame created="2022-05-07T00:40:00.273" version="1" id="VTR:CompositeFrame:1349">
      <validityConditions>
        <AvailabilityCondition version="1" id="VTR:AvailabilityCondition:1349">
          <FromDate>2010-03-09T00:00:00</FromDate>
          <ToDate>2023-03-31T00:00:00</ToDate>
        </AvailabilityCondition>
      </validityConditions>
      <codespaces>
        <Codespace id="vtr">
          <Xmlns>VTR</Xmlns>
          <XmlnsUrl>http://www.visimarsrutai.lt/</XmlnsUrl>
        </Codespace>
      </codespaces>
      <FrameDefaults>
        <DefaultLocale>
          <TimeZone>Europe/Vilnius</TimeZone>
        </DefaultLocale>
        <DefaultLocationSystem>WGS84</DefaultLocationSystem>
      </FrameDefaults>
      <frames>
        <ServiceCalendarFrame version="1" id="VTR:ServiceCalendarFrame:1349">
          <dayTypes>
            <DayType id="VTR:DayType:1423" version="1">
              <properties>
                <PropertyOfDay>
                  <DaysOfWeek>Friday Saturday Sunday</DaysOfWeek>
                </PropertyOfDay>
              </properties>
            </DayType>
          </dayTypes>
          <operatingPeriods>
            <OperatingPeriod version="1" id="VTR:OperatingPeriod:1423">
              <FromDate>2015-06-02T00:00:00</FromDate>
              <ToDate>2099-12-31T00:00:00</ToDate>
            </OperatingPeriod>
          </operatingPeriods>
          <dayTypeAssignments>
            <DayTypeAssignment id="VTR:DayTypeAssignment:1423_0" version="1" order="1390">
              <OperatingPeriodRef ref="VTR:OperatingPeriod:1423" version="1"/>
              <DayTypeRef ref="VTR:DayType:1423" version="1"/>
            </DayTypeAssignment>
          </dayTypeAssignments>
        </ServiceCalendarFrame>
        <ServiceFrame id="VTR:ServiceFrame:1349" version="1">
          <Network version="0" id="VTR:Network:2"/>
          <routePoints>
            <RoutePoint version="1" id="VTR:RoutePoint:1161097">
              <projections>
                <PointProjection version="1" id="VTR:PointProjection:29030">
                  <ProjectedPointRef ref="VTR:ScheduledStopPoint:1161097" version="1"/>
                </PointProjection>
              </projections>
            </RoutePoint>
            <RoutePoint version="1" id="VTR:RoutePoint:1161098">
              <projections>
                <PointProjection version="1" id="VTR:PointProjection:29031">
                  <ProjectedPointRef ref="VTR:ScheduledStopPoint:1161098" version="1"/>
                </PointProjection>
              </projections>
            </RoutePoint>
            <RoutePoint version="1" id="VTR:RoutePoint:1161099">
              <projections>
                <PointProjection version="1" id="VTR:PointProjection:29032">
                  <ProjectedPointRef ref="VTR:ScheduledStopPoint:1161099" version="1"/>
                </PointProjection>
              </projections>
            </RoutePoint>
            <RoutePoint version="1" id="VTR:RoutePoint:1161100">
              <projections>
                <PointProjection version="1" id="VTR:PointProjection:29033">
                  <ProjectedPointRef ref="VTR:ScheduledStopPoint:1161100" version="1"/>
                </PointProjection>
              </projections>
            </RoutePoint>
            <RoutePoint version="1" id="VTR:RoutePoint:1161101">
              <projections>
                <PointProjection version="1" id="VTR:PointProjection:29035">
                  <ProjectedPointRef ref="VTR:ScheduledStopPoint:1161101" version="1"/>
                </PointProjection>
              </projections>
            </RoutePoint>
            <RoutePoint version="1" id="VTR:RoutePoint:1161102">
              <projections>
                <PointProjection version="1" id="VTR:PointProjection:29036">
                  <ProjectedPointRef ref="VTR:ScheduledStopPoint:1161102" version="1"/>
                </PointProjection>
              </projections>
            </RoutePoint>
            <RoutePoint version="1" id="VTR:RoutePoint:1161103">
              <projections>
                <PointProjection version="1" id="VTR:PointProjection:29037">
                  <ProjectedPointRef ref="VTR:ScheduledStopPoint:1161103" version="1"/>
                </PointProjection>
              </projections>
            </RoutePoint>
            <RoutePoint version="1" id="VTR:RoutePoint:1161104">
              <projections>
                <PointProjection version="1" id="VTR:PointProjection:29038">
                  <ProjectedPointRef ref="VTR:ScheduledStopPoint:1161104" version="1"/>
                </PointProjection>
              </projections>
            </RoutePoint>
            <RoutePoint version="1" id="VTR:RoutePoint:1161105">
              <projections>
                <PointProjection version="1" id="VTR:PointProjection:29039">
                  <ProjectedPointRef ref="VTR:ScheduledStopPoint:1161105" version="1"/>
                </PointProjection>
              </projections>
            </RoutePoint>
            <RoutePoint version="1" id="VTR:RoutePoint:1161111">
              <projections>
                <PointProjection version="1" id="VTR:PointProjection:42811">
                  <ProjectedPointRef ref="VTR:ScheduledStopPoint:1161111" version="1"/>
                </PointProjection>
              </projections>
            </RoutePoint>
            <RoutePoint version="1" id="VTR:RoutePoint:1161112">
              <projections>
                <PointProjection version="1" id="VTR:PointProjection:42812">
                  <ProjectedPointRef ref="VTR:ScheduledStopPoint:1161112" version="1"/>
                </PointProjection>
              </projections>
            </RoutePoint>
            <RoutePoint version="1" id="VTR:RoutePoint:1161113">
              <projections>
                <PointProjection version="1" id="VTR:PointProjection:24587">
                  <ProjectedPointRef ref="VTR:ScheduledStopPoint:1161113" version="1"/>
                </PointProjection>
              </projections>
            </RoutePoint>
            <RoutePoint version="1" id="VTR:RoutePoint:1161114">
              <projections>
                <PointProjection version="1" id="VTR:PointProjection:24581">
                  <ProjectedPointRef ref="VTR:ScheduledStopPoint:1161114" version="1"/>
                </PointProjection>
              </projections>
            </RoutePoint>
            <RoutePoint version="1" id="VTR:RoutePoint:1161115">
              <projections>
                <PointProjection version="1" id="VTR:PointProjection:24582">
                  <ProjectedPointRef ref="VTR:ScheduledStopPoint:1161115" version="1"/>
                </PointProjection>
              </projections>
            </RoutePoint>
            <RoutePoint version="1" id="VTR:RoutePoint:1161116">
              <projections>
                <PointProjection version="1" id="VTR:PointProjection:24583">
                  <ProjectedPointRef ref="VTR:ScheduledStopPoint:1161116" version="1"/>
                </PointProjection>
              </projections>
            </RoutePoint>
            <RoutePoint version="1" id="VTR:RoutePoint:1161117">
              <projections>
                <PointProjection version="1" id="VTR:PointProjection:24584">
                  <ProjectedPointRef ref="VTR:ScheduledStopPoint:1161117" version="1"/>
                </PointProjection>
              </projections>
            </RoutePoint>
          </routePoints>
          <routes>
            <Route version="1" id="VTR:Route:16143">
              <Name>Naujoji Akmenė-Palanga</Name>
              <ShortName>Naujoji Akmenė-Palanga</ShortName>
              <LineRef ref="VTR:Line:496" version="481"/>
              <DirectionType>outbound</DirectionType>
              <pointsInSequence>
                <PointOnRoute version="1" id="VTR:PointOnRoute:1161097" order="1">
                  <RoutePointRef ref="VTR:RoutePoint:1161097"/>
                </PointOnRoute>
                <PointOnRoute version="1" id="VTR:PointOnRoute:1161098" order="2">
                  <RoutePointRef ref="VTR:RoutePoint:1161098"/>
                </PointOnRoute>
                <PointOnRoute version="1" id="VTR:PointOnRoute:1161102" order="3">
                  <RoutePointRef ref="VTR:RoutePoint:1161102"/>
                </PointOnRoute>
                <PointOnRoute version="1" id="VTR:PointOnRoute:1161099" order="4">
                  <RoutePointRef ref="VTR:RoutePoint:1161099"/>
                </PointOnRoute>
                <PointOnRoute version="1" id="VTR:PointOnRoute:1161100" order="5">
                  <RoutePointRef ref="VTR:RoutePoint:1161100"/>
                </PointOnRoute>
                <PointOnRoute version="1" id="VTR:PointOnRoute:1161103" order="6">
                  <RoutePointRef ref="VTR:RoutePoint:1161103"/>
                </PointOnRoute>
                <PointOnRoute version="1" id="VTR:PointOnRoute:1161104" order="7">
                  <RoutePointRef ref="VTR:RoutePoint:1161104"/>
                </PointOnRoute>
                <PointOnRoute version="1" id="VTR:PointOnRoute:1161101" order="8">
                  <RoutePointRef ref="VTR:RoutePoint:1161101"/>
                </PointOnRoute>
              </pointsInSequence>
            </Route>
            <Route version="1" id="VTR:Route:16144">
              <Name>Palanga-Naujoji Akmenė</Name>
              <ShortName>Palanga-Naujoji Akmenė</ShortName>
              <LineRef ref="VTR:Line:496" version="481"/>
              <DirectionType>inbound</DirectionType>
              <pointsInSequence>
                <PointOnRoute version="1" id="VTR:PointOnRoute:1161112" order="1">
                  <RoutePointRef ref="VTR:RoutePoint:1161112"/>
                </PointOnRoute>
                <PointOnRoute version="1" id="VTR:PointOnRoute:1161111" order="2">
                  <RoutePointRef ref="VTR:RoutePoint:1161111"/>
                </PointOnRoute>
                <PointOnRoute version="1" id="VTR:PointOnRoute:1161113" order="3">
                  <RoutePointRef ref="VTR:RoutePoint:1161113"/>
                </PointOnRoute>
                <PointOnRoute version="1" id="VTR:PointOnRoute:1161114" order="4">
                  <RoutePointRef ref="VTR:RoutePoint:1161114"/>
                </PointOnRoute>
                <PointOnRoute version="1" id="VTR:PointOnRoute:1161115" order="5">
                  <RoutePointRef ref="VTR:RoutePoint:1161115"/>
                </PointOnRoute>
                <PointOnRoute version="1" id="VTR:PointOnRoute:1161116" order="6">
                  <RoutePointRef ref="VTR:RoutePoint:1161116"/>
                </PointOnRoute>
                <PointOnRoute version="1" id="VTR:PointOnRoute:1161117" order="7">
                  <RoutePointRef ref="VTR:RoutePoint:1161117"/>
                </PointOnRoute>
                <PointOnRoute version="1" id="VTR:PointOnRoute:1161105" order="8">
                  <RoutePointRef ref="VTR:RoutePoint:1161105"/>
                </PointOnRoute>
              </pointsInSequence>
            </Route>
          </routes>
          <lines>
            <Line version="481" id="VTR:Line:496">
              <Name>Naujoji Akmenė-Palanga</Name>
              <TransportMode>bus</TransportMode>
              <TransportSubmode>
                <CoachSubmode>nationalCoach</CoachSubmode>
              </TransportSubmode>
              <PublicCode>M-508A</PublicCode>
              <OperatorRef ref="VTR:Operator:2"/>
            </Line>
          </lines>
          <scheduledStopPoints>
            <ScheduledStopPoint version="1" id="VTR:ScheduledStopPoint:1161097">
              <Name>Naujosios Akmenės autobusų stotis</Name>
            </ScheduledStopPoint>
            <ScheduledStopPoint version="1" id="VTR:ScheduledStopPoint:1161098">
              <Name>Alkiškiai</Name>
            </ScheduledStopPoint>
            <ScheduledStopPoint version="1" id="VTR:ScheduledStopPoint:1161099">
              <Name>Akmenė</Name>
            </ScheduledStopPoint>
            <ScheduledStopPoint version="1" id="VTR:ScheduledStopPoint:1161100">
              <Name>Venta</Name>
            </ScheduledStopPoint>
            <ScheduledStopPoint version="1" id="VTR:ScheduledStopPoint:1161101">
              <Name>Palangos autobusų stotis</Name>
            </ScheduledStopPoint>
            <ScheduledStopPoint version="1" id="VTR:ScheduledStopPoint:1161102">
              <Name>Dabikinė</Name>
            </ScheduledStopPoint>
            <ScheduledStopPoint version="1" id="VTR:ScheduledStopPoint:1161103">
              <Name>Viekšniai</Name>
            </ScheduledStopPoint>
            <ScheduledStopPoint version="1" id="VTR:ScheduledStopPoint:1161104">
              <Name>Mažeikių autobusų stotis</Name>
            </ScheduledStopPoint>
            <ScheduledStopPoint version="1" id="VTR:ScheduledStopPoint:1161105">
              <Name>Naujosios Akmenės autobusų stotis</Name>
            </ScheduledStopPoint>
            <ScheduledStopPoint version="1" id="VTR:ScheduledStopPoint:1161111">
              <Name>Mažeikių autobusų stotis</Name>
            </ScheduledStopPoint>
            <ScheduledStopPoint version="1" id="VTR:ScheduledStopPoint:1161112">
              <Name>Palangos autobusų stotis</Name>
            </ScheduledStopPoint>
            <ScheduledStopPoint version="1" id="VTR:ScheduledStopPoint:1161113">
              <Name>Viekšniai</Name>
            </ScheduledStopPoint>
            <ScheduledStopPoint version="1" id="VTR:ScheduledStopPoint:1161114">
              <Name>Venta</Name>
            </ScheduledStopPoint>
            <ScheduledStopPoint version="1" id="VTR:ScheduledStopPoint:1161115">
              <Name>Akmenė</Name>
            </ScheduledStopPoint>
            <ScheduledStopPoint version="1" id="VTR:ScheduledStopPoint:1161116">
              <Name>Dabikinė</Name>
            </ScheduledStopPoint>
            <ScheduledStopPoint version="1" id="VTR:ScheduledStopPoint:1161117">
              <Name>Alkiškiai</Name>
            </ScheduledStopPoint>
          </scheduledStopPoints>
          <serviceLinks>
            <ServiceLink id="VTR:ServiceLink:1161115_1_1161116_1" version="1">
              <Distance>4</Distance>
              <FromPointRef ref="VTR:ScheduledStopPoint:1161115" version="1"/>
              <ToPointRef ref="VTR:ScheduledStopPoint:1161116" version="1"/>
            </ServiceLink>
            <ServiceLink id="VTR:ServiceLink:1161098_1_1161102_1" version="1">
              <Distance>3</Distance>
              <FromPointRef ref="VTR:ScheduledStopPoint:1161098" version="1"/>
              <ToPointRef ref="VTR:ScheduledStopPoint:1161102" version="1"/>
            </ServiceLink>
            <ServiceLink id="VTR:ServiceLink:1161112_1_1161111_1" version="1">
              <Distance>106</Distance>
              <FromPointRef ref="VTR:ScheduledStopPoint:1161112" version="1"/>
              <ToPointRef ref="VTR:ScheduledStopPoint:1161111" version="1"/>
            </ServiceLink>
            <ServiceLink id="VTR:ServiceLink:1161113_1_1161114_1" version="1">
              <Distance>12</Distance>
              <FromPointRef ref="VTR:ScheduledStopPoint:1161113" version="1"/>
              <ToPointRef ref="VTR:ScheduledStopPoint:1161114" version="1"/>
            </ServiceLink>
            <ServiceLink id="VTR:ServiceLink:1161097_1_1161098_1" version="1">
              <Distance>7</Distance>
              <FromPointRef ref="VTR:ScheduledStopPoint:1161097" version="1"/>
              <ToPointRef ref="VTR:ScheduledStopPoint:1161098" version="1"/>
            </ServiceLink>
            <ServiceLink id="VTR:ServiceLink:1161104_1_1161101_1" version="1">
              <Distance>106</Distance>
              <FromPointRef ref="VTR:ScheduledStopPoint:1161104" version="1"/>
              <ToPointRef ref="VTR:ScheduledStopPoint:1161101" version="1"/>
            </ServiceLink>
            <ServiceLink id="VTR:ServiceLink:1161099_1_1161100_1" version="1">
              <Distance>8</Distance>
              <FromPointRef ref="VTR:ScheduledStopPoint:1161099" version="1"/>
              <ToPointRef ref="VTR:ScheduledStopPoint:1161100" version="1"/>
            </ServiceLink>
            <ServiceLink id="VTR:ServiceLink:1161102_1_1161099_1" version="1">
              <Distance>3</Distance>
              <FromPointRef ref="VTR:ScheduledStopPoint:1161102" version="1"/>
              <ToPointRef ref="VTR:ScheduledStopPoint:1161099" version="1"/>
            </ServiceLink>
            <ServiceLink id="VTR:ServiceLink:1161114_1_1161115_1" version="1">
              <Distance>8</Distance>
              <FromPointRef ref="VTR:ScheduledStopPoint:1161114" version="1"/>
              <ToPointRef ref="VTR:ScheduledStopPoint:1161115" version="1"/>
            </ServiceLink>
            <ServiceLink id="VTR:ServiceLink:1161100_1_1161103_1" version="1">
              <Distance>12</Distance>
              <FromPointRef ref="VTR:ScheduledStopPoint:1161100" version="1"/>
              <ToPointRef ref="VTR:ScheduledStopPoint:1161103" version="1"/>
            </ServiceLink>
            <ServiceLink id="VTR:ServiceLink:1161103_1_1161104_1" version="1">
              <Distance>14</Distance>
              <FromPointRef ref="VTR:ScheduledStopPoint:1161103" version="1"/>
              <ToPointRef ref="VTR:ScheduledStopPoint:1161104" version="1"/>
            </ServiceLink>
            <ServiceLink id="VTR:ServiceLink:1161116_1_1161117_1" version="1">
              <Distance>3</Distance>
              <FromPointRef ref="VTR:ScheduledStopPoint:1161116" version="1"/>
              <ToPointRef ref="VTR:ScheduledStopPoint:1161117" version="1"/>
            </ServiceLink>
            <ServiceLink id="VTR:ServiceLink:1161111_1_1161113_1" version="1">
              <Distance>14</Distance>
              <FromPointRef ref="VTR:ScheduledStopPoint:1161111" version="1"/>
              <ToPointRef ref="VTR:ScheduledStopPoint:1161113" version="1"/>
            </ServiceLink>
            <ServiceLink id="VTR:ServiceLink:1161117_1_1161105_1" version="1">
              <Distance>6</Distance>
              <FromPointRef ref="VTR:ScheduledStopPoint:1161117" version="1"/>
              <ToPointRef ref="VTR:ScheduledStopPoint:1161105" version="1"/>
            </ServiceLink>
          </serviceLinks>
          <stopAssignments>
            <PassengerStopAssignment order="1614300000" id="VTR:PassengerStopAssignment:1161097" version="1">
              <ScheduledStopPointRef ref="VTR:ScheduledStopPoint:1161097" version="1"/>
              <QuayRef ref="VTR:Quay:19477"/>
            </PassengerStopAssignment>
            <PassengerStopAssignment order="1614300001" id="VTR:PassengerStopAssignment:1161098" version="1">
              <ScheduledStopPointRef ref="VTR:ScheduledStopPoint:1161098" version="1"/>
              <QuayRef ref="VTR:Quay:15287"/>
            </PassengerStopAssignment>
            <PassengerStopAssignment order="1614300002" id="VTR:PassengerStopAssignment:1161102" version="1">
              <ScheduledStopPointRef ref="VTR:ScheduledStopPoint:1161102" version="1"/>
              <QuayRef ref="VTR:Quay:13208"/>
            </PassengerStopAssignment>
            <PassengerStopAssignment order="1614300003" id="VTR:PassengerStopAssignment:1161099" version="1">
              <ScheduledStopPointRef ref="VTR:ScheduledStopPoint:1161099" version="1"/>
              <QuayRef ref="VTR:Quay:4636"/>
            </PassengerStopAssignment>
            <PassengerStopAssignment order="1614300004" id="VTR:PassengerStopAssignment:1161100" version="1">
              <ScheduledStopPointRef ref="VTR:ScheduledStopPoint:1161100" version="1"/>
              <QuayRef ref="VTR:Quay:4680"/>
            </PassengerStopAssignment>
            <PassengerStopAssignment order="1614300005" id="VTR:PassengerStopAssignment:1161103" version="1">
              <ScheduledStopPointRef ref="VTR:ScheduledStopPoint:1161103" version="1"/>
              <QuayRef ref="VTR:Quay:15289"/>
            </PassengerStopAssignment>
            <PassengerStopAssignment order="1614300006" id="VTR:PassengerStopAssignment:1161104" version="1">
              <ScheduledStopPointRef ref="VTR:ScheduledStopPoint:1161104" version="1"/>
              <QuayRef ref="VTR:Quay:19448"/>
            </PassengerStopAssignment>
            <PassengerStopAssignment order="1614300007" id="VTR:PassengerStopAssignment:1161101" version="1">
              <ScheduledStopPointRef ref="VTR:ScheduledStopPoint:1161101" version="1"/>
              <QuayRef ref="VTR:Quay:19446"/>
            </PassengerStopAssignment>
            <PassengerStopAssignment order="1614400000" id="VTR:PassengerStopAssignment:1161112" version="1">
              <ScheduledStopPointRef ref="VTR:ScheduledStopPoint:1161112" version="1"/>
              <QuayRef ref="VTR:Quay:19446"/>
            </PassengerStopAssignment>
            <PassengerStopAssignment order="1614400001" id="VTR:PassengerStopAssignment:1161111" version="1">
              <ScheduledStopPointRef ref="VTR:ScheduledStopPoint:1161111" version="1"/>
              <QuayRef ref="VTR:Quay:19448"/>
            </PassengerStopAssignment>
            <PassengerStopAssignment order="1614400002" id="VTR:PassengerStopAssignment:1161113" version="1">
              <ScheduledStopPointRef ref="VTR:ScheduledStopPoint:1161113" version="1"/>
              <QuayRef ref="VTR:Quay:16199"/>
            </PassengerStopAssignment>
            <PassengerStopAssignment order="1614400003" id="VTR:PassengerStopAssignment:1161114" version="1">
              <ScheduledStopPointRef ref="VTR:ScheduledStopPoint:1161114" version="1"/>
              <QuayRef ref="VTR:Quay:12639"/>
            </PassengerStopAssignment>
            <PassengerStopAssignment order="1614400004" id="VTR:PassengerStopAssignment:1161115" version="1">
              <ScheduledStopPointRef ref="VTR:ScheduledStopPoint:1161115" version="1"/>
              <QuayRef ref="VTR:Quay:15616"/>
            </PassengerStopAssignment>
            <PassengerStopAssignment order="1614400005" id="VTR:PassengerStopAssignment:1161116" version="1">
              <ScheduledStopPointRef ref="VTR:ScheduledStopPoint:1161116" version="1"/>
              <QuayRef ref="VTR:Quay:12607"/>
            </PassengerStopAssignment>
            <PassengerStopAssignment order="1614400006" id="VTR:PassengerStopAssignment:1161117" version="1">
              <ScheduledStopPointRef ref="VTR:ScheduledStopPoint:1161117" version="1"/>
              <QuayRef ref="VTR:Quay:14477"/>
            </PassengerStopAssignment>
            <PassengerStopAssignment order="1614400007" id="VTR:PassengerStopAssignment:1161105" version="1">
              <ScheduledStopPointRef ref="VTR:ScheduledStopPoint:1161105" version="1"/>
              <QuayRef ref="VTR:Quay:19477"/>
            </PassengerStopAssignment>
          </stopAssignments>
          <journeyPatterns>
            <JourneyPattern id="VTR:JourneyPattern:2275658" version="2276984">
              <Name>1*</Name>
              <RouteRef ref="VTR:Route:16143" version="1"/>
              <pointsInSequence>
                <StopPointInJourneyPattern id="VTR:StopPointInJourneyPattern:80368923" version="2276984" order="1">
                  <ScheduledStopPointRef ref="VTR:ScheduledStopPoint:1161097"/>
                  <DestinationDisplayRef ref="VTR:DestinationDisplay:1"/>
                </StopPointInJourneyPattern>
                <StopPointInJourneyPattern id="VTR:StopPointInJourneyPattern:80368924" version="2276984" order="2">
                  <ScheduledStopPointRef ref="VTR:ScheduledStopPoint:1161098"/>
                  <DestinationDisplayRef ref="VTR:DestinationDisplay:1"/>
                </StopPointInJourneyPattern>
                <StopPointInJourneyPattern id="VTR:StopPointInJourneyPattern:80368925" version="2276984" order="3">
                  <ScheduledStopPointRef ref="VTR:ScheduledStopPoint:1161102"/>
                  <DestinationDisplayRef ref="VTR:DestinationDisplay:1"/>
                </StopPointInJourneyPattern>
                <StopPointInJourneyPattern id="VTR:StopPointInJourneyPattern:80368926" version="2276984" order="4">
                  <ScheduledStopPointRef ref="VTR:ScheduledStopPoint:1161099"/>
                  <DestinationDisplayRef ref="VTR:DestinationDisplay:1"/>
                </StopPointInJourneyPattern>
                <StopPointInJourneyPattern id="VTR:StopPointInJourneyPattern:80368927" version="2276984" order="5">
                  <ScheduledStopPointRef ref="VTR:ScheduledStopPoint:1161100"/>
                  <DestinationDisplayRef ref="VTR:DestinationDisplay:1"/>
                </StopPointInJourneyPattern>
                <StopPointInJourneyPattern id="VTR:StopPointInJourneyPattern:80368928" version="2276984" order="6">
                  <ScheduledStopPointRef ref="VTR:ScheduledStopPoint:1161103"/>
                  <DestinationDisplayRef ref="VTR:DestinationDisplay:1"/>
                </StopPointInJourneyPattern>
                <StopPointInJourneyPattern id="VTR:StopPointInJourneyPattern:80368929" version="2276984" order="7">
                  <ScheduledStopPointRef ref="VTR:ScheduledStopPoint:1161104"/>
                  <DestinationDisplayRef ref="VTR:DestinationDisplay:1"/>
                </StopPointInJourneyPattern>
                <StopPointInJourneyPattern id="VTR:StopPointInJourneyPattern:80368930" version="2276984" order="8">
                  <ScheduledStopPointRef ref="VTR:ScheduledStopPoint:1161101"/>
                  <DestinationDisplayRef ref="VTR:DestinationDisplay:1"/>
                </StopPointInJourneyPattern>
              </pointsInSequence>
            </JourneyPattern>
            <JourneyPattern id="VTR:JourneyPattern:2275659" version="2276985">
              <Name>2*</Name>
              <RouteRef ref="VTR:Route:16144" version="1"/>
              <pointsInSequence>
                <StopPointInJourneyPattern id="VTR:StopPointInJourneyPattern:80368931" version="2276985" order="1">
                  <ScheduledStopPointRef ref="VTR:ScheduledStopPoint:1161112"/>
                  <DestinationDisplayRef ref="VTR:DestinationDisplay:1"/>
                </StopPointInJourneyPattern>
                <StopPointInJourneyPattern id="VTR:StopPointInJourneyPattern:80368932" version="2276985" order="2">
                  <ScheduledStopPointRef ref="VTR:ScheduledStopPoint:1161111"/>
                  <DestinationDisplayRef ref="VTR:DestinationDisplay:1"/>
                </StopPointInJourneyPattern>
                <StopPointInJourneyPattern id="VTR:StopPointInJourneyPattern:80368933" version="2276985" order="3">
                  <ScheduledStopPointRef ref="VTR:ScheduledStopPoint:1161113"/>
                  <DestinationDisplayRef ref="VTR:DestinationDisplay:1"/>
                </StopPointInJourneyPattern>
                <StopPointInJourneyPattern id="VTR:StopPointInJourneyPattern:80368934" version="2276985" order="4">
                  <ScheduledStopPointRef ref="VTR:ScheduledStopPoint:1161114"/>
                  <DestinationDisplayRef ref="VTR:DestinationDisplay:1"/>
                </StopPointInJourneyPattern>
                <StopPointInJourneyPattern id="VTR:StopPointInJourneyPattern:80368935" version="2276985" order="5">
                  <ScheduledStopPointRef ref="VTR:ScheduledStopPoint:1161115"/>
                  <DestinationDisplayRef ref="VTR:DestinationDisplay:1"/>
                </StopPointInJourneyPattern>
                <StopPointInJourneyPattern id="VTR:StopPointInJourneyPattern:80368936" version="2276985" order="6">
                  <ScheduledStopPointRef ref="VTR:ScheduledStopPoint:1161116"/>
                  <DestinationDisplayRef ref="VTR:DestinationDisplay:1"/>
                </StopPointInJourneyPattern>
                <StopPointInJourneyPattern id="VTR:StopPointInJourneyPattern:80368937" version="2276985" order="7">
                  <ScheduledStopPointRef ref="VTR:ScheduledStopPoint:1161117"/>
                  <DestinationDisplayRef ref="VTR:DestinationDisplay:1"/>
                </StopPointInJourneyPattern>
                <StopPointInJourneyPattern id="VTR:StopPointInJourneyPattern:80368938" version="2276985" order="8">
                  <ScheduledStopPointRef ref="VTR:ScheduledStopPoint:1161105"/>
                  <DestinationDisplayRef ref="VTR:DestinationDisplay:1"/>
                </StopPointInJourneyPattern>
              </pointsInSequence>
            </JourneyPattern>
          </journeyPatterns>
        </ServiceFrame>
        <TimetableFrame version="1" id="VTR:TimetableFrame:1349">
          <vehicleJourneys>
            <ServiceJourney version="2276984" id="VTR:ServiceJourney:2275658">
              <Name>Naujoji Akmenė-Palanga</Name>
              <PrivateCode>1*</PrivateCode>
              <dayTypes>
                <DayTypeRef ref="VTR:DayType:1423"/>
              </dayTypes>
              <JourneyPatternRef version="2276984" ref="VTR:JourneyPattern:2275658"/>
              <OperatorRef ref="VTR:Operator:501"/>
              <LineRef ref="VTR:Line:496" version="481"/>
              <passingTimes>
                <TimetabledPassingTime version="2276984" id="VTR:TimetabledPassingTime:2275658_80368923_1">
                  <StopPointInJourneyPatternRef ref="VTR:StopPointInJourneyPattern:80368923" version="2276984"/>
                  <DepartureTime>06:30:00</DepartureTime>
                  <DepartureDayOffset>0</DepartureDayOffset>
                </TimetabledPassingTime>
                <TimetabledPassingTime version="2276984" id="VTR:TimetabledPassingTime:2275658_80368924_2">
                  <StopPointInJourneyPatternRef ref="VTR:StopPointInJourneyPattern:80368924" version="2276984"/>
                  <DepartureTime>06:38:00</DepartureTime>
                  <DepartureDayOffset>0</DepartureDayOffset>
                </TimetabledPassingTime>
                <TimetabledPassingTime version="2276984" id="VTR:TimetabledPassingTime:2275658_80368925_3">
                  <StopPointInJourneyPatternRef ref="VTR:StopPointInJourneyPattern:80368925" version="2276984"/>
                  <DepartureTime>06:43:00</DepartureTime>
                  <DepartureDayOffset>0</DepartureDayOffset>
                </TimetabledPassingTime>
                <TimetabledPassingTime version="2276984" id="VTR:TimetabledPassingTime:2275658_80368926_4">
                  <StopPointInJourneyPatternRef ref="VTR:StopPointInJourneyPattern:80368926" version="2276984"/>
                  <DepartureTime>06:48:00</DepartureTime>
                  <DepartureDayOffset>0</DepartureDayOffset>
                </TimetabledPassingTime>
                <TimetabledPassingTime version="2276984" id="VTR:TimetabledPassingTime:2275658_80368927_5">
                  <StopPointInJourneyPatternRef ref="VTR:StopPointInJourneyPattern:80368927" version="2276984"/>
                  <DepartureTime>06:58:00</DepartureTime>
                  <DepartureDayOffset>0</DepartureDayOffset>
                </TimetabledPassingTime>
                <TimetabledPassingTime version="2276984" id="VTR:TimetabledPassingTime:2275658_80368928_6">
                  <StopPointInJourneyPatternRef ref="VTR:StopPointInJourneyPattern:80368928" version="2276984"/>
                  <DepartureTime>07:13:00</DepartureTime>
                  <DepartureDayOffset>0</DepartureDayOffset>
                </TimetabledPassingTime>
                <TimetabledPassingTime version="2276984" id="VTR:TimetabledPassingTime:2275658_80368929_7">
                  <StopPointInJourneyPatternRef ref="VTR:StopPointInJourneyPattern:80368929" version="2276984"/>
                  <DepartureTime>07:40:00</DepartureTime>
                  <DepartureDayOffset>0</DepartureDayOffset>
                </TimetabledPassingTime>
                <TimetabledPassingTime version="2276984" id="VTR:TimetabledPassingTime:2275658_80368930_8">
                  <StopPointInJourneyPatternRef ref="VTR:StopPointInJourneyPattern:80368930" version="2276984"/>
                  <DepartureTime>09:40:00</DepartureTime>
                  <DepartureDayOffset>0</DepartureDayOffset>
                </TimetabledPassingTime>
              </passingTimes>
            </ServiceJourney>
            <ServiceJourney version="2276985" id="VTR:ServiceJourney:2275659">
              <Name>Palanga-Naujoji Akmenė</Name>
              <PrivateCode>2*</PrivateCode>
              <dayTypes>
                <DayTypeRef ref="VTR:DayType:1423"/>
              </dayTypes>
              <JourneyPatternRef version="2276985" ref="VTR:JourneyPattern:2275659"/>
              <OperatorRef ref="VTR:Operator:501"/>
              <LineRef ref="VTR:Line:496" version="481"/>
              <passingTimes>
                <TimetabledPassingTime version="2276985" id="VTR:TimetabledPassingTime:2275659_80368931_1">
                  <StopPointInJourneyPatternRef ref="VTR:StopPointInJourneyPattern:80368931" version="2276985"/>
                  <DepartureTime>18:00:00</DepartureTime>
                  <DepartureDayOffset>0</DepartureDayOffset>
                </TimetabledPassingTime>
                <TimetabledPassingTime version="2276985" id="VTR:TimetabledPassingTime:2275659_80368932_2">
                  <StopPointInJourneyPatternRef ref="VTR:StopPointInJourneyPattern:80368932" version="2276985"/>
                  <DepartureTime>19:55:00</DepartureTime>
                  <DepartureDayOffset>0</DepartureDayOffset>
                </TimetabledPassingTime>
                <TimetabledPassingTime version="2276985" id="VTR:TimetabledPassingTime:2275659_80368933_3">
                  <StopPointInJourneyPatternRef ref="VTR:StopPointInJourneyPattern:80368933" version="2276985"/>
                  <DepartureTime>20:17:00</DepartureTime>
                  <DepartureDayOffset>0</DepartureDayOffset>
                </TimetabledPassingTime>
                <TimetabledPassingTime version="2276985" id="VTR:TimetabledPassingTime:2275659_80368934_4">
                  <StopPointInJourneyPatternRef ref="VTR:StopPointInJourneyPattern:80368934" version="2276985"/>
                  <DepartureTime>20:32:00</DepartureTime>
                  <DepartureDayOffset>0</DepartureDayOffset>
                </TimetabledPassingTime>
                <TimetabledPassingTime version="2276985" id="VTR:TimetabledPassingTime:2275659_80368935_5">
                  <StopPointInJourneyPatternRef ref="VTR:StopPointInJourneyPattern:80368935" version="2276985"/>
                  <DepartureTime>20:42:00</DepartureTime>
                  <DepartureDayOffset>0</DepartureDayOffset>
                </TimetabledPassingTime>
                <TimetabledPassingTime version="2276985" id="VTR:TimetabledPassingTime:2275659_80368936_6">
                  <StopPointInJourneyPatternRef ref="VTR:StopPointInJourneyPattern:80368936" version="2276985"/>
                  <DepartureTime>20:47:00</DepartureTime>
                  <DepartureDayOffset>0</DepartureDayOffset>
                </TimetabledPassingTime>
                <TimetabledPassingTime version="2276985" id="VTR:TimetabledPassingTime:2275659_80368937_7">
                  <StopPointInJourneyPatternRef ref="VTR:StopPointInJourneyPattern:80368937" version="2276985"/>
                  <DepartureTime>20:52:00</DepartureTime>
                  <DepartureDayOffset>0</DepartureDayOffset>
                </TimetabledPassingTime>
                <TimetabledPassingTime version="2276985" id="VTR:TimetabledPassingTime:2275659_80368938_8">
                  <StopPointInJourneyPatternRef ref="VTR:StopPointInJourneyPattern:80368938" version="2276985"/>
                  <DepartureTime>21:00:00</DepartureTime>
                  <DepartureDayOffset>0</DepartureDayOffset>
                </TimetabledPassingTime>
              </passingTimes>
            </ServiceJourney>
          </vehicleJourneys>
        </TimetableFrame>
        <ResourceFrame version="1" id="VTR:ResourceFrame:1349">
          <organisations>
            <Authority version="1" id="VTR:Authority:2">
              <CompanyNumber>188647255</CompanyNumber>
              <Name>LTSA</Name>
              <LegalName>Lietuvos transporto saugos administracija</LegalName>
              <ContactDetails>
                <Email>ltsa@ltsa.lrv.lt</Email>
                <Phone>8 5  278 5602</Phone>
                <Url>www.ltsa.lrv.lt</Url>
              </ContactDetails>
              <OrganisationType>authority</OrganisationType>
            </Authority>
          </organisations>
        </ResourceFrame>
      </frames>
    </CompositeFrame>
  </dataObjects>
</PublicationDelivery>
