<?xml version="1.0" encoding="UTF-8"?><PublicationDelivery xmlns="http://www.netex.org.uk/netex" xmlns:gis="http://www.opengis.net/gml/3.2" xmlns:ns2="http://www.opengis.net/gml/3.2" xmlns:ns3="http://www.siri.org.uk/siri" xmlns:xsi="http://www.w3.org/2001/XMLSchema-instance" version="1" xsi:schemaLocation="">
  <PublicationTimestamp>2022-05-07T01:20:00.253</PublicationTimestamp>
  <ParticipantRef>VTR</ParticipantRef>
  <Description>1</Description>
  <dataObjects>
    <CompositeFrame created="2022-05-07T01:20:00.253" version="1" id="VTR:CompositeFrame:1357">
      <validityConditions>
        <AvailabilityCondition version="1" id="VTR:AvailabilityCondition:1357">
          <FromDate>2015-07-22T21:48:17</FromDate>
          <ToDate>2027-12-30T00:00:00</ToDate>
        </AvailabilityCondition>
      </validityConditions>
      <codespaces>
        <Codespace id="vtr">
          <Xmlns>VTR</Xmlns>
          <XmlnsUrl>http://www.visimarsrutai.lt/</XmlnsUrl>
        </Codespace>
      </codespaces>
      <FrameDefaults>
        <DefaultLocale>
          <TimeZone>Europe/Vilnius</TimeZone>
        </DefaultLocale>
        <DefaultLocationSystem>WGS84</DefaultLocationSystem>
      </FrameDefaults>
      <frames>
        <ServiceCalendarFrame version="1" id="VTR:ServiceCalendarFrame:1357">
          <dayTypes>
            <DayType id="VTR:DayType:12914" version="1">
              <properties>
                <PropertyOfDay>
                  <DaysOfWeek>Tuesday Thursday</DaysOfWeek>
                </PropertyOfDay>
              </properties>
            </DayType>
            <DayType id="VTR:DayType:801" version="1">
              <properties>
                <PropertyOfDay>
                  <DaysOfWeek>Monday Tuesday Wednesday Thursday Friday</DaysOfWeek>
                </PropertyOfDay>
              </properties>
            </DayType>
          </dayTypes>
          <operatingPeriods>
            <OperatingPeriod version="1" id="VTR:OperatingPeriod:12914">
              <FromDate>2018-02-01T00:00:00</FromDate>
              <ToDate>2055-06-17T00:00:00</ToDate>
            </OperatingPeriod>
            <OperatingPeriod version="1" id="VTR:OperatingPeriod:801">
              <FromDate>2015-01-01T00:00:00</FromDate>
              <ToDate>2040-01-01T00:00:00</ToDate>
            </OperatingPeriod>
          </operatingPeriods>
          <dayTypeAssignments>
            <DayTypeAssignment id="VTR:DayTypeAssignment:801_0" version="1" order="913">
              <OperatingPeriodRef ref="VTR:OperatingPeriod:801" version="1"/>
              <DayTypeRef ref="VTR:DayType:801" version="1"/>
            </DayTypeAssignment>
            <DayTypeAssignment id="VTR:DayTypeAssignment:12914_0" version="1" order="3943">
              <OperatingPeriodRef ref="VTR:OperatingPeriod:12914" version="1"/>
              <DayTypeRef ref="VTR:DayType:12914" version="1"/>
            </DayTypeAssignment>
            <DayTypeAssignment id="VTR:DayTypeAssignment:801_895232" version="1" order="7587">
              <Date>2022-06-11</Date>
              <DayTypeRef ref="VTR:DayType:801" version="1"/>
            </DayTypeAssignment>
            <DayTypeAssignment id="VTR:DayTypeAssignment:801_895230" version="1" order="7588">
              <Date>2022-06-04</Date>
              <DayTypeRef ref="VTR:DayType:801" version="1"/>
            </DayTypeAssignment>
            <DayTypeAssignment id="VTR:DayTypeAssignment:801_895226" version="1" order="7589">
              <Date>2022-06-30</Date>
              <DayTypeRef ref="VTR:DayType:801" version="1"/>
            </DayTypeAssignment>
            <DayTypeAssignment id="VTR:DayTypeAssignment:801_895223" version="1" order="7590">
              <Date>2022-06-16</Date>
              <DayTypeRef ref="VTR:DayType:801" version="1"/>
            </DayTypeAssignment>
            <DayTypeAssignment id="VTR:DayTypeAssignment:801_895222" version="1" order="7591">
              <Date>2022-06-29</Date>
              <DayTypeRef ref="VTR:DayType:801" version="1"/>
            </DayTypeAssignment>
            <DayTypeAssignment id="VTR:DayTypeAssignment:801_895220" version="1" order="7592">
              <Date>2022-06-22</Date>
              <DayTypeRef ref="VTR:DayType:801" version="1"/>
            </DayTypeAssignment>
            <DayTypeAssignment id="VTR:DayTypeAssignment:801_908145" version="1" order="7593">
              <Date>2022-08-16</Date>
              <DayTypeRef ref="VTR:DayType:801" version="1"/>
            </DayTypeAssignment>
            <DayTypeAssignment id="VTR:DayTypeAssignment:801_901206" version="1" order="7709">
              <Date>2022-07-20</Date>
              <DayTypeRef ref="VTR:DayType:801" version="1"/>
            </DayTypeAssignment>
            <DayTypeAssignment id="VTR:DayTypeAssignment:801_901202" version="1" order="7710">
              <Date>2022-07-19</Date>
              <DayTypeRef ref="VTR:DayType:801" version="1"/>
            </DayTypeAssignment>
            <DayTypeAssignment id="VTR:DayTypeAssignment:801_901222" version="1" order="7711">
              <Date>2022-07-10</Date>
              <DayTypeRef ref="VTR:DayType:801" version="1"/>
            </DayTypeAssignment>
            <DayTypeAssignment id="VTR:DayTypeAssignment:801_895246" version="1" order="7712">
              <Date>2022-06-21</Date>
              <DayTypeRef ref="VTR:DayType:801" version="1"/>
            </DayTypeAssignment>
            <DayTypeAssignment id="VTR:DayTypeAssignment:801_895245" version="1" order="7713">
              <Date>2022-06-01</Date>
              <DayTypeRef ref="VTR:DayType:801" version="1"/>
            </DayTypeAssignment>
            <DayTypeAssignment id="VTR:DayTypeAssignment:801_895240" version="1" order="7714">
              <Date>2022-06-13</Date>
              <DayTypeRef ref="VTR:DayType:801" version="1"/>
            </DayTypeAssignment>
            <DayTypeAssignment id="VTR:DayTypeAssignment:801_901203" version="1" order="7791">
              <Date>2022-07-06</Date>
              <DayTypeRef ref="VTR:DayType:801" version="1"/>
            </DayTypeAssignment>
            <DayTypeAssignment id="VTR:DayTypeAssignment:801_901219" version="1" order="7792">
              <Date>2022-07-03</Date>
              <DayTypeRef ref="VTR:DayType:801" version="1"/>
            </DayTypeAssignment>
            <DayTypeAssignment id="VTR:DayTypeAssignment:801_895248" version="1" order="7793">
              <Date>2022-06-28</Date>
              <DayTypeRef ref="VTR:DayType:801" version="1"/>
            </DayTypeAssignment>
            <DayTypeAssignment id="VTR:DayTypeAssignment:801_895242" version="1" order="7794">
              <Date>2022-06-07</Date>
              <DayTypeRef ref="VTR:DayType:801" version="1"/>
            </DayTypeAssignment>
            <DayTypeAssignment id="VTR:DayTypeAssignment:801_895228" version="1" order="7795">
              <Date>2022-06-17</Date>
              <DayTypeRef ref="VTR:DayType:801" version="1"/>
            </DayTypeAssignment>
            <DayTypeAssignment id="VTR:DayTypeAssignment:801_895221" version="1" order="7796">
              <Date>2022-06-09</Date>
              <DayTypeRef ref="VTR:DayType:801" version="1"/>
            </DayTypeAssignment>
            <DayTypeAssignment id="VTR:DayTypeAssignment:801_908157" version="1" order="7797">
              <Date>2022-08-05</Date>
              <DayTypeRef ref="VTR:DayType:801" version="1"/>
            </DayTypeAssignment>
            <DayTypeAssignment id="VTR:DayTypeAssignment:801_908154" version="1" order="7798">
              <Date>2022-08-31</Date>
              <DayTypeRef ref="VTR:DayType:801" version="1"/>
            </DayTypeAssignment>
            <DayTypeAssignment id="VTR:DayTypeAssignment:801_908152" version="1" order="7799">
              <Date>2022-08-24</Date>
              <DayTypeRef ref="VTR:DayType:801" version="1"/>
            </DayTypeAssignment>
            <DayTypeAssignment id="VTR:DayTypeAssignment:801_908136" version="1" order="7800">
              <Date>2022-08-21</Date>
              <DayTypeRef ref="VTR:DayType:801" version="1"/>
            </DayTypeAssignment>
            <DayTypeAssignment id="VTR:DayTypeAssignment:801_901225" version="1" order="7909">
              <Date>2022-07-24</Date>
              <DayTypeRef ref="VTR:DayType:801" version="1"/>
            </DayTypeAssignment>
            <DayTypeAssignment id="VTR:DayTypeAssignment:801_901205" version="1" order="7910">
              <Date>2022-07-13</Date>
              <DayTypeRef ref="VTR:DayType:801" version="1"/>
            </DayTypeAssignment>
            <DayTypeAssignment id="VTR:DayTypeAssignment:801_901204" version="1" order="7911">
              <Date>2022-07-26</Date>
              <DayTypeRef ref="VTR:DayType:801" version="1"/>
            </DayTypeAssignment>
            <DayTypeAssignment id="VTR:DayTypeAssignment:801_901214" version="1" order="7912">
              <Date>2022-07-22</Date>
              <DayTypeRef ref="VTR:DayType:801" version="1"/>
            </DayTypeAssignment>
            <DayTypeAssignment id="VTR:DayTypeAssignment:801_901212" version="1" order="7913">
              <Date>2022-07-28</Date>
              <DayTypeRef ref="VTR:DayType:801" version="1"/>
            </DayTypeAssignment>
            <DayTypeAssignment id="VTR:DayTypeAssignment:801_901211" version="1" order="7914">
              <Date>2022-07-08</Date>
              <DayTypeRef ref="VTR:DayType:801" version="1"/>
            </DayTypeAssignment>
            <DayTypeAssignment id="VTR:DayTypeAssignment:801_895236" version="1" order="7915">
              <Date>2022-06-12</Date>
              <DayTypeRef ref="VTR:DayType:801" version="1"/>
            </DayTypeAssignment>
            <DayTypeAssignment id="VTR:DayTypeAssignment:801_908160" version="1" order="7916">
              <Date>2022-08-06</Date>
              <DayTypeRef ref="VTR:DayType:801" version="1"/>
            </DayTypeAssignment>
            <DayTypeAssignment id="VTR:DayTypeAssignment:801_908138" version="1" order="7917">
              <Date>2022-08-28</Date>
              <DayTypeRef ref="VTR:DayType:801" version="1"/>
            </DayTypeAssignment>
            <DayTypeAssignment id="VTR:DayTypeAssignment:801_908135" version="1" order="7918">
              <Date>2022-08-14</Date>
              <DayTypeRef ref="VTR:DayType:801" version="1"/>
            </DayTypeAssignment>
            <DayTypeAssignment id="VTR:DayTypeAssignment:801_901207" version="1" order="8049">
              <Date>2022-07-27</Date>
              <DayTypeRef ref="VTR:DayType:801" version="1"/>
            </DayTypeAssignment>
            <DayTypeAssignment id="VTR:DayTypeAssignment:801_901226" version="1" order="8050">
              <Date>2022-07-11</Date>
              <DayTypeRef ref="VTR:DayType:801" version="1"/>
            </DayTypeAssignment>
            <DayTypeAssignment id="VTR:DayTypeAssignment:801_901201" version="1" order="8051">
              <Date>2022-07-12</Date>
              <DayTypeRef ref="VTR:DayType:801" version="1"/>
            </DayTypeAssignment>
            <DayTypeAssignment id="VTR:DayTypeAssignment:801_901213" version="1" order="8052">
              <Date>2022-07-15</Date>
              <DayTypeRef ref="VTR:DayType:801" version="1"/>
            </DayTypeAssignment>
            <DayTypeAssignment id="VTR:DayTypeAssignment:801_895247" version="1" order="8053">
              <Date>2022-06-08</Date>
              <DayTypeRef ref="VTR:DayType:801" version="1"/>
            </DayTypeAssignment>
            <DayTypeAssignment id="VTR:DayTypeAssignment:801_895237" version="1" order="8054">
              <Date>2022-06-19</Date>
              <DayTypeRef ref="VTR:DayType:801" version="1"/>
            </DayTypeAssignment>
            <DayTypeAssignment id="VTR:DayTypeAssignment:801_895218" version="1" order="8199">
              <Date>2022-06-15</Date>
              <DayTypeRef ref="VTR:DayType:801" version="1"/>
            </DayTypeAssignment>
            <DayTypeAssignment id="VTR:DayTypeAssignment:801_908155" version="1" order="8200">
              <Date>2022-08-18</Date>
              <DayTypeRef ref="VTR:DayType:801" version="1"/>
            </DayTypeAssignment>
            <DayTypeAssignment id="VTR:DayTypeAssignment:801_901210" version="1" order="8289">
              <Date>2022-07-21</Date>
              <DayTypeRef ref="VTR:DayType:801" version="1"/>
            </DayTypeAssignment>
            <DayTypeAssignment id="VTR:DayTypeAssignment:801_901209" version="1" order="8312">
              <Date>2022-07-14</Date>
              <DayTypeRef ref="VTR:DayType:801" version="1"/>
            </DayTypeAssignment>
            <DayTypeAssignment id="VTR:DayTypeAssignment:801_901199" version="1" order="8313">
              <Date>2022-07-25</Date>
              <DayTypeRef ref="VTR:DayType:801" version="1"/>
            </DayTypeAssignment>
            <DayTypeAssignment id="VTR:DayTypeAssignment:801_901218" version="1" order="8314">
              <Date>2022-07-16</Date>
              <DayTypeRef ref="VTR:DayType:801" version="1"/>
            </DayTypeAssignment>
            <DayTypeAssignment id="VTR:DayTypeAssignment:801_895234" version="1" order="8315">
              <Date>2022-06-25</Date>
              <DayTypeRef ref="VTR:DayType:801" version="1"/>
            </DayTypeAssignment>
            <DayTypeAssignment id="VTR:DayTypeAssignment:801_895233" version="1" order="8316">
              <Date>2022-06-18</Date>
              <DayTypeRef ref="VTR:DayType:801" version="1"/>
            </DayTypeAssignment>
            <DayTypeAssignment id="VTR:DayTypeAssignment:801_895231" version="1" order="8317">
              <Date>2022-07-01</Date>
              <DayTypeRef ref="VTR:DayType:801" version="1"/>
            </DayTypeAssignment>
            <DayTypeAssignment id="VTR:DayTypeAssignment:801_895225" version="1" order="8318">
              <Date>2022-06-23</Date>
              <DayTypeRef ref="VTR:DayType:801" version="1"/>
            </DayTypeAssignment>
            <DayTypeAssignment id="VTR:DayTypeAssignment:801_908148" version="1" order="8319">
              <Date>2022-08-30</Date>
              <DayTypeRef ref="VTR:DayType:801" version="1"/>
            </DayTypeAssignment>
            <DayTypeAssignment id="VTR:DayTypeAssignment:801_908144" version="1" order="8320">
              <Date>2022-08-29</Date>
              <DayTypeRef ref="VTR:DayType:801" version="1"/>
            </DayTypeAssignment>
            <DayTypeAssignment id="VTR:DayTypeAssignment:801_908139" version="1" order="8321">
              <Date>2022-08-08</Date>
              <DayTypeRef ref="VTR:DayType:801" version="1"/>
            </DayTypeAssignment>
            <DayTypeAssignment id="VTR:DayTypeAssignment:801_901200" version="1" order="8363">
              <Date>2022-07-05</Date>
              <DayTypeRef ref="VTR:DayType:801" version="1"/>
            </DayTypeAssignment>
            <DayTypeAssignment id="VTR:DayTypeAssignment:801_901224" version="1" order="8364">
              <Date>2022-07-04</Date>
              <DayTypeRef ref="VTR:DayType:801" version="1"/>
            </DayTypeAssignment>
            <DayTypeAssignment id="VTR:DayTypeAssignment:801_895243" version="1" order="8515">
              <Date>2022-06-27</Date>
              <DayTypeRef ref="VTR:DayType:801" version="1"/>
            </DayTypeAssignment>
            <DayTypeAssignment id="VTR:DayTypeAssignment:801_895241" version="1" order="8516">
              <Date>2022-06-20</Date>
              <DayTypeRef ref="VTR:DayType:801" version="1"/>
            </DayTypeAssignment>
            <DayTypeAssignment id="VTR:DayTypeAssignment:801_895239" version="1" order="8517">
              <Date>2022-06-26</Date>
              <DayTypeRef ref="VTR:DayType:801" version="1"/>
            </DayTypeAssignment>
            <DayTypeAssignment id="VTR:DayTypeAssignment:801_895238" version="1" order="8518">
              <Date>2022-06-06</Date>
              <DayTypeRef ref="VTR:DayType:801" version="1"/>
            </DayTypeAssignment>
            <DayTypeAssignment id="VTR:DayTypeAssignment:801_895229" version="1" order="8519">
              <Date>2022-06-24</Date>
              <DayTypeRef ref="VTR:DayType:801" version="1"/>
            </DayTypeAssignment>
            <DayTypeAssignment id="VTR:DayTypeAssignment:801_895227" version="1" order="8520">
              <Date>2022-06-10</Date>
              <DayTypeRef ref="VTR:DayType:801" version="1"/>
            </DayTypeAssignment>
            <DayTypeAssignment id="VTR:DayTypeAssignment:801_895224" version="1" order="8521">
              <Date>2022-06-03</Date>
              <DayTypeRef ref="VTR:DayType:801" version="1"/>
            </DayTypeAssignment>
            <DayTypeAssignment id="VTR:DayTypeAssignment:801_908163" version="1" order="8522">
              <Date>2022-08-20</Date>
              <DayTypeRef ref="VTR:DayType:801" version="1"/>
            </DayTypeAssignment>
            <DayTypeAssignment id="VTR:DayTypeAssignment:801_908161" version="1" order="8523">
              <Date>2022-08-26</Date>
              <DayTypeRef ref="VTR:DayType:801" version="1"/>
            </DayTypeAssignment>
            <DayTypeAssignment id="VTR:DayTypeAssignment:801_908158" version="1" order="8524">
              <Date>2022-08-12</Date>
              <DayTypeRef ref="VTR:DayType:801" version="1"/>
            </DayTypeAssignment>
            <DayTypeAssignment id="VTR:DayTypeAssignment:801_908156" version="1" order="8525">
              <Date>2022-08-25</Date>
              <DayTypeRef ref="VTR:DayType:801" version="1"/>
            </DayTypeAssignment>
            <DayTypeAssignment id="VTR:DayTypeAssignment:801_908153" version="1" order="8526">
              <Date>2022-08-11</Date>
              <DayTypeRef ref="VTR:DayType:801" version="1"/>
            </DayTypeAssignment>
            <DayTypeAssignment id="VTR:DayTypeAssignment:801_908150" version="1" order="8527">
              <Date>2022-08-17</Date>
              <DayTypeRef ref="VTR:DayType:801" version="1"/>
            </DayTypeAssignment>
            <DayTypeAssignment id="VTR:DayTypeAssignment:801_908143" version="1" order="8528">
              <Date>2022-08-09</Date>
              <DayTypeRef ref="VTR:DayType:801" version="1"/>
            </DayTypeAssignment>
            <DayTypeAssignment id="VTR:DayTypeAssignment:801_908140" version="1" order="8529">
              <Date>2022-08-15</Date>
              <DayTypeRef ref="VTR:DayType:801" version="1"/>
            </DayTypeAssignment>
            <DayTypeAssignment id="VTR:DayTypeAssignment:801_908146" version="1" order="8547">
              <Date>2022-08-23</Date>
              <DayTypeRef ref="VTR:DayType:801" version="1"/>
            </DayTypeAssignment>
            <DayTypeAssignment id="VTR:DayTypeAssignment:801_908137" version="1" order="8548">
              <Date>2022-08-01</Date>
              <DayTypeRef ref="VTR:DayType:801" version="1"/>
            </DayTypeAssignment>
            <DayTypeAssignment id="VTR:DayTypeAssignment:801_901227" version="1" order="8665">
              <Date>2022-07-31</Date>
              <DayTypeRef ref="VTR:DayType:801" version="1"/>
            </DayTypeAssignment>
            <DayTypeAssignment id="VTR:DayTypeAssignment:801_901223" version="1" order="8666">
              <Date>2022-07-17</Date>
              <DayTypeRef ref="VTR:DayType:801" version="1"/>
            </DayTypeAssignment>
            <DayTypeAssignment id="VTR:DayTypeAssignment:801_901221" version="1" order="8667">
              <Date>2022-07-30</Date>
              <DayTypeRef ref="VTR:DayType:801" version="1"/>
            </DayTypeAssignment>
            <DayTypeAssignment id="VTR:DayTypeAssignment:801_901220" version="1" order="8668">
              <Date>2022-07-23</Date>
              <DayTypeRef ref="VTR:DayType:801" version="1"/>
            </DayTypeAssignment>
            <DayTypeAssignment id="VTR:DayTypeAssignment:801_901217" version="1" order="8669">
              <Date>2022-07-09</Date>
              <DayTypeRef ref="VTR:DayType:801" version="1"/>
            </DayTypeAssignment>
            <DayTypeAssignment id="VTR:DayTypeAssignment:801_901215" version="1" order="8670">
              <Date>2022-07-02</Date>
              <DayTypeRef ref="VTR:DayType:801" version="1"/>
            </DayTypeAssignment>
            <DayTypeAssignment id="VTR:DayTypeAssignment:801_908164" version="1" order="8671">
              <Date>2022-08-27</Date>
              <DayTypeRef ref="VTR:DayType:801" version="1"/>
            </DayTypeAssignment>
            <DayTypeAssignment id="VTR:DayTypeAssignment:801_908151" version="1" order="8672">
              <Date>2022-08-04</Date>
              <DayTypeRef ref="VTR:DayType:801" version="1"/>
            </DayTypeAssignment>
            <DayTypeAssignment id="VTR:DayTypeAssignment:801_908149" version="1" order="8673">
              <Date>2022-08-10</Date>
              <DayTypeRef ref="VTR:DayType:801" version="1"/>
            </DayTypeAssignment>
            <DayTypeAssignment id="VTR:DayTypeAssignment:801_908147" version="1" order="8674">
              <Date>2022-08-03</Date>
              <DayTypeRef ref="VTR:DayType:801" version="1"/>
            </DayTypeAssignment>
            <DayTypeAssignment id="VTR:DayTypeAssignment:801_901208" version="1" order="8823">
              <Date>2022-07-07</Date>
              <DayTypeRef ref="VTR:DayType:801" version="1"/>
            </DayTypeAssignment>
            <DayTypeAssignment id="VTR:DayTypeAssignment:801_901228" version="1" order="8824">
              <Date>2022-07-18</Date>
              <DayTypeRef ref="VTR:DayType:801" version="1"/>
            </DayTypeAssignment>
            <DayTypeAssignment id="VTR:DayTypeAssignment:801_901216" version="1" order="8825">
              <Date>2022-07-29</Date>
              <DayTypeRef ref="VTR:DayType:801" version="1"/>
            </DayTypeAssignment>
            <DayTypeAssignment id="VTR:DayTypeAssignment:801_895244" version="1" order="8826">
              <Date>2022-06-14</Date>
              <DayTypeRef ref="VTR:DayType:801" version="1"/>
            </DayTypeAssignment>
            <DayTypeAssignment id="VTR:DayTypeAssignment:801_895235" version="1" order="8827">
              <Date>2022-06-05</Date>
              <DayTypeRef ref="VTR:DayType:801" version="1"/>
            </DayTypeAssignment>
            <DayTypeAssignment id="VTR:DayTypeAssignment:801_895219" version="1" order="8828">
              <Date>2022-06-02</Date>
              <DayTypeRef ref="VTR:DayType:801" version="1"/>
            </DayTypeAssignment>
            <DayTypeAssignment id="VTR:DayTypeAssignment:801_908165" version="1" order="8829">
              <Date>2022-08-07</Date>
              <DayTypeRef ref="VTR:DayType:801" version="1"/>
            </DayTypeAssignment>
            <DayTypeAssignment id="VTR:DayTypeAssignment:801_908162" version="1" order="8830">
              <Date>2022-08-13</Date>
              <DayTypeRef ref="VTR:DayType:801" version="1"/>
            </DayTypeAssignment>
            <DayTypeAssignment id="VTR:DayTypeAssignment:801_908159" version="1" order="8831">
              <Date>2022-08-19</Date>
              <DayTypeRef ref="VTR:DayType:801" version="1"/>
            </DayTypeAssignment>
            <DayTypeAssignment id="VTR:DayTypeAssignment:801_908142" version="1" order="8832">
              <Date>2022-08-02</Date>
              <DayTypeRef ref="VTR:DayType:801" version="1"/>
            </DayTypeAssignment>
            <DayTypeAssignment id="VTR:DayTypeAssignment:801_908141" version="1" order="8833">
              <Date>2022-08-22</Date>
              <DayTypeRef ref="VTR:DayType:801" version="1"/>
            </DayTypeAssignment>
          </dayTypeAssignments>
        </ServiceCalendarFrame>
        <ServiceFrame id="VTR:ServiceFrame:1357" version="1">
          <Network version="0" id="VTR:Network:47"/>
          <routePoints>
            <RoutePoint version="1" id="VTR:RoutePoint:53862">
              <projections>
                <PointProjection version="1" id="VTR:PointProjection:18061">
                  <ProjectedPointRef ref="VTR:ScheduledStopPoint:53862" version="1"/>
                </PointProjection>
              </projections>
            </RoutePoint>
            <RoutePoint version="1" id="VTR:RoutePoint:53863">
              <projections>
                <PointProjection version="1" id="VTR:PointProjection:18062">
                  <ProjectedPointRef ref="VTR:ScheduledStopPoint:53863" version="1"/>
                </PointProjection>
              </projections>
            </RoutePoint>
            <RoutePoint version="1" id="VTR:RoutePoint:53864">
              <projections>
                <PointProjection version="1" id="VTR:PointProjection:18063">
                  <ProjectedPointRef ref="VTR:ScheduledStopPoint:53864" version="1"/>
                </PointProjection>
              </projections>
            </RoutePoint>
            <RoutePoint version="1" id="VTR:RoutePoint:53865">
              <projections>
                <PointProjection version="1" id="VTR:PointProjection:18064">
                  <ProjectedPointRef ref="VTR:ScheduledStopPoint:53865" version="1"/>
                </PointProjection>
              </projections>
            </RoutePoint>
            <RoutePoint version="1" id="VTR:RoutePoint:53866">
              <projections>
                <PointProjection version="1" id="VTR:PointProjection:18065">
                  <ProjectedPointRef ref="VTR:ScheduledStopPoint:53866" version="1"/>
                </PointProjection>
              </projections>
            </RoutePoint>
            <RoutePoint version="1" id="VTR:RoutePoint:53867">
              <projections>
                <PointProjection version="1" id="VTR:PointProjection:18066">
                  <ProjectedPointRef ref="VTR:ScheduledStopPoint:53867" version="1"/>
                </PointProjection>
              </projections>
            </RoutePoint>
          </routePoints>
          <routes>
            <Route version="1" id="VTR:Route:3271">
              <Name>Kruopiai - Naujoji Akmenė</Name>
              <ShortName>Kruopiai - Naujoji Akmenė</ShortName>
              <LineRef ref="VTR:Line:1343" version="1324"/>
              <DirectionType>outbound</DirectionType>
              <pointsInSequence>
                <PointOnRoute version="1" id="VTR:PointOnRoute:53862" order="1">
                  <RoutePointRef ref="VTR:RoutePoint:53862"/>
                </PointOnRoute>
                <PointOnRoute version="1" id="VTR:PointOnRoute:53863" order="2">
                  <RoutePointRef ref="VTR:RoutePoint:53863"/>
                </PointOnRoute>
                <PointOnRoute version="1" id="VTR:PointOnRoute:53864" order="3">
                  <RoutePointRef ref="VTR:RoutePoint:53864"/>
                </PointOnRoute>
                <PointOnRoute version="1" id="VTR:PointOnRoute:53865" order="4">
                  <RoutePointRef ref="VTR:RoutePoint:53865"/>
                </PointOnRoute>
                <PointOnRoute version="1" id="VTR:PointOnRoute:53866" order="5">
                  <RoutePointRef ref="VTR:RoutePoint:53866"/>
                </PointOnRoute>
                <PointOnRoute version="1" id="VTR:PointOnRoute:53867" order="6">
                  <RoutePointRef ref="VTR:RoutePoint:53867"/>
                </PointOnRoute>
              </pointsInSequence>
            </Route>
          </routes>
          <lines>
            <Line version="1324" id="VTR:Line:1343">
              <Name>Kruopiai - Naujoji Akmenė</Name>
              <TransportMode>bus</TransportMode>
              <TransportSubmode>
                <BusSubmode>regionalBus</BusSubmode>
              </TransportSubmode>
              <PublicCode>D61</PublicCode>
              <OperatorRef ref="VTR:Operator:47"/>
            </Line>
          </lines>
          <scheduledStopPoints>
            <ScheduledStopPoint version="1" id="VTR:ScheduledStopPoint:53862">
              <Name>Kruopiai</Name>
            </ScheduledStopPoint>
            <ScheduledStopPoint version="1" id="VTR:ScheduledStopPoint:53863">
              <Name>Gembutis</Name>
            </ScheduledStopPoint>
            <ScheduledStopPoint version="1" id="VTR:ScheduledStopPoint:53864">
              <Name>Pakalniškiai</Name>
            </ScheduledStopPoint>
            <ScheduledStopPoint version="1" id="VTR:ScheduledStopPoint:53865">
              <Name>Keidai</Name>
            </ScheduledStopPoint>
            <ScheduledStopPoint version="1" id="VTR:ScheduledStopPoint:53866">
              <Name>Aerouostas</Name>
            </ScheduledStopPoint>
            <ScheduledStopPoint version="1" id="VTR:ScheduledStopPoint:53867">
              <Name>Naujosios Akmenės autobusų stotis</Name>
            </ScheduledStopPoint>
          </scheduledStopPoints>
          <serviceLinks>
            <ServiceLink id="VTR:ServiceLink:53864_1_53865_1" version="1">
              <Distance>3</Distance>
              <FromPointRef ref="VTR:ScheduledStopPoint:53864" version="1"/>
              <ToPointRef ref="VTR:ScheduledStopPoint:53865" version="1"/>
            </ServiceLink>
            <ServiceLink id="VTR:ServiceLink:53863_1_53864_1" version="1">
              <Distance>3</Distance>
              <FromPointRef ref="VTR:ScheduledStopPoint:53863" version="1"/>
              <ToPointRef ref="VTR:ScheduledStopPoint:53864" version="1"/>
            </ServiceLink>
            <ServiceLink id="VTR:ServiceLink:53865_1_53866_1" version="1">
              <Distance>3</Distance>
              <FromPointRef ref="VTR:ScheduledStopPoint:53865" version="1"/>
              <ToPointRef ref="VTR:ScheduledStopPoint:53866" version="1"/>
            </ServiceLink>
            <ServiceLink id="VTR:ServiceLink:53862_1_53863_1" version="1">
              <Distance>2</Distance>
              <FromPointRef ref="VTR:ScheduledStopPoint:53862" version="1"/>
              <ToPointRef ref="VTR:ScheduledStopPoint:53863" version="1"/>
            </ServiceLink>
            <ServiceLink id="VTR:ServiceLink:53866_1_53867_1" version="1">
              <Distance>1</Distance>
              <FromPointRef ref="VTR:ScheduledStopPoint:53866" version="1"/>
              <ToPointRef ref="VTR:ScheduledStopPoint:53867" version="1"/>
            </ServiceLink>
          </serviceLinks>
          <stopAssignments>
            <PassengerStopAssignment order="327100000" id="VTR:PassengerStopAssignment:53862" version="1">
              <ScheduledStopPointRef ref="VTR:ScheduledStopPoint:53862" version="1"/>
              <QuayRef ref="VTR:Quay:8628"/>
            </PassengerStopAssignment>
            <PassengerStopAssignment order="327100001" id="VTR:PassengerStopAssignment:53863" version="1">
              <ScheduledStopPointRef ref="VTR:ScheduledStopPoint:53863" version="1"/>
              <QuayRef ref="VTR:Quay:6386"/>
            </PassengerStopAssignment>
            <PassengerStopAssignment order="327100002" id="VTR:PassengerStopAssignment:53864" version="1">
              <ScheduledStopPointRef ref="VTR:ScheduledStopPoint:53864" version="1"/>
              <QuayRef ref="VTR:Quay:9238"/>
            </PassengerStopAssignment>
            <PassengerStopAssignment order="327100003" id="VTR:PassengerStopAssignment:53865" version="1">
              <ScheduledStopPointRef ref="VTR:ScheduledStopPoint:53865" version="1"/>
              <QuayRef ref="VTR:Quay:11208"/>
            </PassengerStopAssignment>
            <PassengerStopAssignment order="327100004" id="VTR:PassengerStopAssignment:53866" version="1">
              <ScheduledStopPointRef ref="VTR:ScheduledStopPoint:53866" version="1"/>
              <QuayRef ref="VTR:Quay:13174"/>
            </PassengerStopAssignment>
            <PassengerStopAssignment order="327100005" id="VTR:PassengerStopAssignment:53867" version="1">
              <ScheduledStopPointRef ref="VTR:ScheduledStopPoint:53867" version="1"/>
              <QuayRef ref="VTR:Quay:19477"/>
            </PassengerStopAssignment>
          </stopAssignments>
          <journeyPatterns>
            <JourneyPattern id="VTR:JourneyPattern:48506" version="48509">
              <Name>77</Name>
              <RouteRef ref="VTR:Route:3271" version="1"/>
              <pointsInSequence>
                <StopPointInJourneyPattern id="VTR:StopPointInJourneyPattern:1000601" version="48509" order="1">
                  <ScheduledStopPointRef ref="VTR:ScheduledStopPoint:53862"/>
                  <DestinationDisplayRef ref="VTR:DestinationDisplay:1"/>
                </StopPointInJourneyPattern>
                <StopPointInJourneyPattern id="VTR:StopPointInJourneyPattern:1000602" version="48509" order="2">
                  <ScheduledStopPointRef ref="VTR:ScheduledStopPoint:53863"/>
                  <DestinationDisplayRef ref="VTR:DestinationDisplay:1"/>
                </StopPointInJourneyPattern>
                <StopPointInJourneyPattern id="VTR:StopPointInJourneyPattern:1000603" version="48509" order="3">
                  <ScheduledStopPointRef ref="VTR:ScheduledStopPoint:53864"/>
                  <DestinationDisplayRef ref="VTR:DestinationDisplay:1"/>
                </StopPointInJourneyPattern>
                <StopPointInJourneyPattern id="VTR:StopPointInJourneyPattern:1000604" version="48509" order="4">
                  <ScheduledStopPointRef ref="VTR:ScheduledStopPoint:53865"/>
                  <DestinationDisplayRef ref="VTR:DestinationDisplay:1"/>
                </StopPointInJourneyPattern>
                <StopPointInJourneyPattern id="VTR:StopPointInJourneyPattern:1000605" version="48509" order="5">
                  <ScheduledStopPointRef ref="VTR:ScheduledStopPoint:53866"/>
                  <DestinationDisplayRef ref="VTR:DestinationDisplay:1"/>
                </StopPointInJourneyPattern>
                <StopPointInJourneyPattern id="VTR:StopPointInJourneyPattern:1000606" version="48509" order="6">
                  <ScheduledStopPointRef ref="VTR:ScheduledStopPoint:53867"/>
                  <DestinationDisplayRef ref="VTR:DestinationDisplay:1"/>
                </StopPointInJourneyPattern>
              </pointsInSequence>
            </JourneyPattern>
          </journeyPatterns>
        </ServiceFrame>
        <TimetableFrame version="1" id="VTR:TimetableFrame:1357">
          <vehicleJourneys>
            <ServiceJourney version="48509" id="VTR:ServiceJourney:48506">
              <Name>Kruopiai - Naujoji Akmenė</Name>
              <PrivateCode>77</PrivateCode>
              <dayTypes>
                <DayTypeRef ref="VTR:DayType:801"/>
              </dayTypes>
              <JourneyPatternRef version="48509" ref="VTR:JourneyPattern:48506"/>
              <OperatorRef ref="VTR:Operator:501"/>
              <LineRef ref="VTR:Line:1343" version="1324"/>
              <passingTimes>
                <TimetabledPassingTime version="48509" id="VTR:TimetabledPassingTime:48506_1000601_1">
                  <StopPointInJourneyPatternRef ref="VTR:StopPointInJourneyPattern:1000601" version="48509"/>
                  <DepartureTime>08:25:00</DepartureTime>
                  <DepartureDayOffset>0</DepartureDayOffset>
                </TimetabledPassingTime>
                <TimetabledPassingTime version="48509" id="VTR:TimetabledPassingTime:48506_1000602_2">
                  <StopPointInJourneyPatternRef ref="VTR:StopPointInJourneyPattern:1000602" version="48509"/>
                  <DepartureTime>08:29:00</DepartureTime>
                  <DepartureDayOffset>0</DepartureDayOffset>
                </TimetabledPassingTime>
                <TimetabledPassingTime version="48509" id="VTR:TimetabledPassingTime:48506_1000603_3">
                  <StopPointInJourneyPatternRef ref="VTR:StopPointInJourneyPattern:1000603" version="48509"/>
                  <DepartureTime>08:33:00</DepartureTime>
                  <DepartureDayOffset>0</DepartureDayOffset>
                </TimetabledPassingTime>
                <TimetabledPassingTime version="48509" id="VTR:TimetabledPassingTime:48506_1000604_4">
                  <StopPointInJourneyPatternRef ref="VTR:StopPointInJourneyPattern:1000604" version="48509"/>
                  <DepartureTime>08:39:00</DepartureTime>
                  <DepartureDayOffset>0</DepartureDayOffset>
                </TimetabledPassingTime>
                <TimetabledPassingTime version="48509" id="VTR:TimetabledPassingTime:48506_1000605_5">
                  <StopPointInJourneyPatternRef ref="VTR:StopPointInJourneyPattern:1000605" version="48509"/>
                  <DepartureTime>08:47:00</DepartureTime>
                  <DepartureDayOffset>0</DepartureDayOffset>
                </TimetabledPassingTime>
                <TimetabledPassingTime version="48509" id="VTR:TimetabledPassingTime:48506_1000606_6">
                  <StopPointInJourneyPatternRef ref="VTR:StopPointInJourneyPattern:1000606" version="48509"/>
                  <DepartureTime>08:50:00</DepartureTime>
                  <DepartureDayOffset>0</DepartureDayOffset>
                </TimetabledPassingTime>
              </passingTimes>
            </ServiceJourney>
          </vehicleJourneys>
        </TimetableFrame>
        <ResourceFrame version="1" id="VTR:ResourceFrame:1357">
          <organisations>
            <Authority version="1" id="VTR:Authority:47">
              <CompanyNumber>32</CompanyNumber>
              <Name>Akmenės r. sav.</Name>
              <LegalName>Akmenės r. sav.</LegalName>
              <ContactDetails>
                <Email>info@akmene.lt</Email>
                <Phone>842557133</Phone>
                <Url>www.akmene.lt</Url>
              </ContactDetails>
              <OrganisationType>authority</OrganisationType>
            </Authority>
          </organisations>
        </ResourceFrame>
        <FareFrame id="VTR:FareFrame:1343" version="1">
          <FrameDefaults>
            <DefaultCurrency>EUR</DefaultCurrency>
          </FrameDefaults>
          <fareStructureElements>
            <FareStructureElement id="VTR:FareStructureElement:pricematrix" version="1">
              <distanceMatrixElements>
                <DistanceMatrixElementRef ref="VTR:DistanceMatrixElement:1000602to1000604" version="1"/>
                <DistanceMatrixElementRef ref="VTR:DistanceMatrixElement:1000603to1000605" version="1"/>
                <DistanceMatrixElementRef ref="VTR:DistanceMatrixElement:1000602to1000606" version="1"/>
                <DistanceMatrixElementRef ref="VTR:DistanceMatrixElement:1000601to1000602" version="1"/>
                <DistanceMatrixElementRef ref="VTR:DistanceMatrixElement:1000605to1000606" version="1"/>
                <DistanceMatrixElementRef ref="VTR:DistanceMatrixElement:1000601to1000603" version="1"/>
                <DistanceMatrixElementRef ref="VTR:DistanceMatrixElement:1000602to1000603" version="1"/>
                <DistanceMatrixElementRef ref="VTR:DistanceMatrixElement:1000603to1000606" version="1"/>
                <DistanceMatrixElementRef ref="VTR:DistanceMatrixElement:1000601to1000604" version="1"/>
                <DistanceMatrixElementRef ref="VTR:DistanceMatrixElement:1000601to1000606" version="1"/>
                <DistanceMatrixElementRef ref="VTR:DistanceMatrixElement:1000604to1000605" version="1"/>
                <DistanceMatrixElementRef ref="VTR:DistanceMatrixElement:1000602to1000605" version="1"/>
                <DistanceMatrixElementRef ref="VTR:DistanceMatrixElement:1000603to1000604" version="1"/>
                <DistanceMatrixElementRef ref="VTR:DistanceMatrixElement:1000604to1000606" version="1"/>
                <DistanceMatrixElementRef ref="VTR:DistanceMatrixElement:1000601to1000605" version="1"/>
              </distanceMatrixElements>
            </FareStructureElement>
          </fareStructureElements>
          <tariffs>
            <Tariff id="VTR:Tariff:pointToPointInSeparateJourney_1343" version="1">
              <Name>Point to point tariff</Name>
              <distanceMatrixElements>
                <DistanceMatrixElement id="VTR:DistanceMatrixElement:1000602to1000604" version="1">
                  <Name>Gembutis to Keidai</Name>
                  <StartStopPointRef ref="VTR:ScheduledStopPoint:53863" version="1"/>
                  <EndStopPointRef ref="VTR:ScheduledStopPoint:53865" version="1"/>
                  <prices>
                    <DistanceMatrixElementPrice id="VTR:DistanceMatrixElementPrice:1000602to1000604" version="1">
                      <Amount>0.72</Amount>
                      <DistanceMatrixElementRef ref="VTR:DistanceMatrixElement:1000602to1000604" version="1"/>
                    </DistanceMatrixElementPrice>
                  </prices>
                </DistanceMatrixElement>
                <DistanceMatrixElement id="VTR:DistanceMatrixElement:1000603to1000605" version="1">
                  <Name>Pakalniškiai to Aerouostas</Name>
                  <StartStopPointRef ref="VTR:ScheduledStopPoint:53864" version="1"/>
                  <EndStopPointRef ref="VTR:ScheduledStopPoint:53866" version="1"/>
                  <prices>
                    <DistanceMatrixElementPrice id="VTR:DistanceMatrixElementPrice:1000603to1000605" version="1">
                      <Amount>0.7</Amount>
                      <DistanceMatrixElementRef ref="VTR:DistanceMatrixElement:1000603to1000605" version="1"/>
                    </DistanceMatrixElementPrice>
                  </prices>
                </DistanceMatrixElement>
                <DistanceMatrixElement id="VTR:DistanceMatrixElement:1000602to1000606" version="1">
                  <Name>Gembutis to Naujosios Akmenės autobusų stotis</Name>
                  <StartStopPointRef ref="VTR:ScheduledStopPoint:53863" version="1"/>
                  <EndStopPointRef ref="VTR:ScheduledStopPoint:53867" version="1"/>
                  <prices>
                    <DistanceMatrixElementPrice id="VTR:DistanceMatrixElementPrice:1000602to1000606" version="1">
                      <Amount>1.25</Amount>
                      <DistanceMatrixElementRef ref="VTR:DistanceMatrixElement:1000602to1000606" version="1"/>
                    </DistanceMatrixElementPrice>
                  </prices>
                </DistanceMatrixElement>
                <DistanceMatrixElement id="VTR:DistanceMatrixElement:1000601to1000602" version="1">
                  <Name>Kruopiai to Gembutis</Name>
                  <StartStopPointRef ref="VTR:ScheduledStopPoint:53862" version="1"/>
                  <EndStopPointRef ref="VTR:ScheduledStopPoint:53863" version="1"/>
                  <prices>
                    <DistanceMatrixElementPrice id="VTR:DistanceMatrixElementPrice:1000601to1000602" version="1">
                      <Amount>0.2</Amount>
                      <DistanceMatrixElementRef ref="VTR:DistanceMatrixElement:1000601to1000602" version="1"/>
                    </DistanceMatrixElementPrice>
                  </prices>
                </DistanceMatrixElement>
                <DistanceMatrixElement id="VTR:DistanceMatrixElement:1000605to1000606" version="1">
                  <Name>Aerouostas to Naujosios Akmenės autobusų stotis</Name>
                  <StartStopPointRef ref="VTR:ScheduledStopPoint:53866" version="1"/>
                  <EndStopPointRef ref="VTR:ScheduledStopPoint:53867" version="1"/>
                  <prices>
                    <DistanceMatrixElementPrice id="VTR:DistanceMatrixElementPrice:1000605to1000606" version="1">
                      <Amount>0.17</Amount>
                      <DistanceMatrixElementRef ref="VTR:DistanceMatrixElement:1000605to1000606" version="1"/>
                    </DistanceMatrixElementPrice>
                  </prices>
                </DistanceMatrixElement>
                <DistanceMatrixElement id="VTR:DistanceMatrixElement:1000601to1000603" version="1">
                  <Name>Kruopiai to Pakalniškiai</Name>
                  <StartStopPointRef ref="VTR:ScheduledStopPoint:53862" version="1"/>
                  <EndStopPointRef ref="VTR:ScheduledStopPoint:53864" version="1"/>
                  <prices>
                    <DistanceMatrixElementPrice id="VTR:DistanceMatrixElementPrice:1000601to1000603" version="1">
                      <Amount>0.58</Amount>
                      <DistanceMatrixElementRef ref="VTR:DistanceMatrixElement:1000601to1000603" version="1"/>
                    </DistanceMatrixElementPrice>
                  </prices>
                </DistanceMatrixElement>
                <DistanceMatrixElement id="VTR:DistanceMatrixElement:1000602to1000603" version="1">
                  <Name>Gembutis to Pakalniškiai</Name>
                  <StartStopPointRef ref="VTR:ScheduledStopPoint:53863" version="1"/>
                  <EndStopPointRef ref="VTR:ScheduledStopPoint:53864" version="1"/>
                  <prices>
                    <DistanceMatrixElementPrice id="VTR:DistanceMatrixElementPrice:1000602to1000603" version="1">
                      <Amount>0.38</Amount>
                      <DistanceMatrixElementRef ref="VTR:DistanceMatrixElement:1000602to1000603" version="1"/>
                    </DistanceMatrixElementPrice>
                  </prices>
                </DistanceMatrixElement>
                <DistanceMatrixElement id="VTR:DistanceMatrixElement:1000603to1000606" version="1">
                  <Name>Pakalniškiai to Naujosios Akmenės autobusų stotis</Name>
                  <StartStopPointRef ref="VTR:ScheduledStopPoint:53864" version="1"/>
                  <EndStopPointRef ref="VTR:ScheduledStopPoint:53867" version="1"/>
                  <prices>
                    <DistanceMatrixElementPrice id="VTR:DistanceMatrixElementPrice:1000603to1000606" version="1">
                      <Amount>0.87</Amount>
                      <DistanceMatrixElementRef ref="VTR:DistanceMatrixElement:1000603to1000606" version="1"/>
                    </DistanceMatrixElementPrice>
                  </prices>
                </DistanceMatrixElement>
                <DistanceMatrixElement id="VTR:DistanceMatrixElement:1000601to1000604" version="1">
                  <Name>Kruopiai to Keidai</Name>
                  <StartStopPointRef ref="VTR:ScheduledStopPoint:53862" version="1"/>
                  <EndStopPointRef ref="VTR:ScheduledStopPoint:53865" version="1"/>
                  <prices>
                    <DistanceMatrixElementPrice id="VTR:DistanceMatrixElementPrice:1000601to1000604" version="1">
                      <Amount>0.93</Amount>
                      <DistanceMatrixElementRef ref="VTR:DistanceMatrixElement:1000601to1000604" version="1"/>
                    </DistanceMatrixElementPrice>
                  </prices>
                </DistanceMatrixElement>
                <DistanceMatrixElement id="VTR:DistanceMatrixElement:1000601to1000606" version="1">
                  <Name>Kruopiai to Naujosios Akmenės autobusų stotis</Name>
                  <StartStopPointRef ref="VTR:ScheduledStopPoint:53862" version="1"/>
                  <EndStopPointRef ref="VTR:ScheduledStopPoint:53867" version="1"/>
                  <prices>
                    <DistanceMatrixElementPrice id="VTR:DistanceMatrixElementPrice:1000601to1000606" version="1">
                      <Amount>1.45</Amount>
                      <DistanceMatrixElementRef ref="VTR:DistanceMatrixElement:1000601to1000606" version="1"/>
                    </DistanceMatrixElementPrice>
                  </prices>
                </DistanceMatrixElement>
                <DistanceMatrixElement id="VTR:DistanceMatrixElement:1000604to1000605" version="1">
                  <Name>Keidai to Aerouostas</Name>
                  <StartStopPointRef ref="VTR:ScheduledStopPoint:53865" version="1"/>
                  <EndStopPointRef ref="VTR:ScheduledStopPoint:53866" version="1"/>
                  <prices>
                    <DistanceMatrixElementPrice id="VTR:DistanceMatrixElementPrice:1000604to1000605" version="1">
                      <Amount>0.38</Amount>
                      <DistanceMatrixElementRef ref="VTR:DistanceMatrixElement:1000604to1000605" version="1"/>
                    </DistanceMatrixElementPrice>
                  </prices>
                </DistanceMatrixElement>
                <DistanceMatrixElement id="VTR:DistanceMatrixElement:1000602to1000605" version="1">
                  <Name>Gembutis to Aerouostas</Name>
                  <StartStopPointRef ref="VTR:ScheduledStopPoint:53863" version="1"/>
                  <EndStopPointRef ref="VTR:ScheduledStopPoint:53866" version="1"/>
                  <prices>
                    <DistanceMatrixElementPrice id="VTR:DistanceMatrixElementPrice:1000602to1000605" version="1">
                      <Amount>1.1</Amount>
                      <DistanceMatrixElementRef ref="VTR:DistanceMatrixElement:1000602to1000605" version="1"/>
                    </DistanceMatrixElementPrice>
                  </prices>
                </DistanceMatrixElement>
                <DistanceMatrixElement id="VTR:DistanceMatrixElement:1000603to1000604" version="1">
                  <Name>Pakalniškiai to Keidai</Name>
                  <StartStopPointRef ref="VTR:ScheduledStopPoint:53864" version="1"/>
                  <EndStopPointRef ref="VTR:ScheduledStopPoint:53865" version="1"/>
                  <prices>
                    <DistanceMatrixElementPrice id="VTR:DistanceMatrixElementPrice:1000603to1000604" version="1">
                      <Amount>0.35</Amount>
                      <DistanceMatrixElementRef ref="VTR:DistanceMatrixElement:1000603to1000604" version="1"/>
                    </DistanceMatrixElementPrice>
                  </prices>
                </DistanceMatrixElement>
                <DistanceMatrixElement id="VTR:DistanceMatrixElement:1000604to1000606" version="1">
                  <Name>Keidai to Naujosios Akmenės autobusų stotis</Name>
                  <StartStopPointRef ref="VTR:ScheduledStopPoint:53865" version="1"/>
                  <EndStopPointRef ref="VTR:ScheduledStopPoint:53867" version="1"/>
                  <prices>
                    <DistanceMatrixElementPrice id="VTR:DistanceMatrixElementPrice:1000604to1000606" version="1">
                      <Amount>0.52</Amount>
                      <DistanceMatrixElementRef ref="VTR:DistanceMatrixElement:1000604to1000606" version="1"/>
                    </DistanceMatrixElementPrice>
                  </prices>
                </DistanceMatrixElement>
                <DistanceMatrixElement id="VTR:DistanceMatrixElement:1000601to1000605" version="1">
                  <Name>Kruopiai to Aerouostas</Name>
                  <StartStopPointRef ref="VTR:ScheduledStopPoint:53862" version="1"/>
                  <EndStopPointRef ref="VTR:ScheduledStopPoint:53866" version="1"/>
                  <prices>
                    <DistanceMatrixElementPrice id="VTR:DistanceMatrixElementPrice:1000601to1000605" version="1">
                      <Amount>1.27</Amount>
                      <DistanceMatrixElementRef ref="VTR:DistanceMatrixElement:1000601to1000605" version="1"/>
                    </DistanceMatrixElementPrice>
                  </prices>
                </DistanceMatrixElement>
              </distanceMatrixElements>
            </Tariff>
          </tariffs>
          <usageParameters>
            <FrequencyOfUse id="VTR:FrequencyOfUse:oneTrip" version="1">
              <FrequencyOfUseType>unlimited</FrequencyOfUseType>
              <MaximalFrequency>1</MaximalFrequency>
            </FrequencyOfUse>
          </usageParameters>
        </FareFrame>
      </frames>
    </CompositeFrame>
  </dataObjects>
</PublicationDelivery>
