<?xml version="1.0" encoding="UTF-8"?><PublicationDelivery xmlns="http://www.netex.org.uk/netex" xmlns:gis="http://www.opengis.net/gml/3.2" xmlns:ns2="http://www.opengis.net/gml/3.2" xmlns:ns3="http://www.siri.org.uk/siri" xmlns:xsi="http://www.w3.org/2001/XMLSchema-instance" version="1" xsi:schemaLocation="">
  <PublicationTimestamp>2022-05-07T01:20:00.253</PublicationTimestamp>
  <ParticipantRef>VTR</ParticipantRef>
  <Description>1</Description>
  <dataObjects>
    <CompositeFrame created="2022-05-07T01:20:00.253" version="1" id="VTR:CompositeFrame:1357">
      <validityConditions>
        <AvailabilityCondition version="1" id="VTR:AvailabilityCondition:1357">
          <FromDate>2015-07-22T00:00:00</FromDate>
          <ToDate>2027-12-30T00:00:00</ToDate>
        </AvailabilityCondition>
      </validityConditions>
      <codespaces>
        <Codespace id="vtr">
          <Xmlns>VTR</Xmlns>
          <XmlnsUrl>http://www.visimarsrutai.lt/</XmlnsUrl>
        </Codespace>
      </codespaces>
      <FrameDefaults>
        <DefaultLocale>
          <TimeZone>Europe/Vilnius</TimeZone>
        </DefaultLocale>
        <DefaultLocationSystem>WGS84</DefaultLocationSystem>
      </FrameDefaults>
      <frames>
        <ServiceCalendarFrame version="1" id="VTR:ServiceCalendarFrame:1357">
          <dayTypes>
            <DayType id="VTR:DayType:3016" version="1">
              <properties>
                <PropertyOfDay>
                  <DaysOfWeek>Sunday</DaysOfWeek>
                </PropertyOfDay>
              </properties>
            </DayType>
          </dayTypes>
          <operatingPeriods>
            <OperatingPeriod version="1" id="VTR:OperatingPeriod:3016">
              <FromDate>2015-12-27T00:00:00</FromDate>
              <ToDate>2040-01-01T00:00:00</ToDate>
            </OperatingPeriod>
          </operatingPeriods>
          <dayTypeAssignments>
            <DayTypeAssignment id="VTR:DayTypeAssignment:3016_0" version="1" order="2350">
              <OperatingPeriodRef ref="VTR:OperatingPeriod:3016" version="1"/>
              <DayTypeRef ref="VTR:DayType:3016" version="1"/>
            </DayTypeAssignment>
            <DayTypeAssignment id="VTR:DayTypeAssignment:3016_954275" version="1" order="26057">
              <Date>2023-04-21</Date>
              <DayTypeRef ref="VTR:DayType:3016" version="1"/>
            </DayTypeAssignment>
            <DayTypeAssignment id="VTR:DayTypeAssignment:3016_954271" version="1" order="26058">
              <Date>2023-04-25</Date>
              <DayTypeRef ref="VTR:DayType:3016" version="1"/>
            </DayTypeAssignment>
            <DayTypeAssignment id="VTR:DayTypeAssignment:3016_942838" version="1" order="26059">
              <Date>2023-02-22</Date>
              <DayTypeRef ref="VTR:DayType:3016" version="1"/>
            </DayTypeAssignment>
            <DayTypeAssignment id="VTR:DayTypeAssignment:3016_947157" version="1" order="26060">
              <Date>2023-03-23</Date>
              <DayTypeRef ref="VTR:DayType:3016" version="1"/>
            </DayTypeAssignment>
            <DayTypeAssignment id="VTR:DayTypeAssignment:3016_902783" version="1" order="26061">
              <Date>2022-07-21</Date>
              <DayTypeRef ref="VTR:DayType:3016" version="1"/>
            </DayTypeAssignment>
            <DayTypeAssignment id="VTR:DayTypeAssignment:3016_888704" version="1" order="26062">
              <Date>2022-05-25</Date>
              <DayTypeRef ref="VTR:DayType:3016" version="1"/>
            </DayTypeAssignment>
            <DayTypeAssignment id="VTR:DayTypeAssignment:3016_888699" version="1" order="26063">
              <Date>2022-05-29</Date>
              <DayTypeRef ref="VTR:DayType:3016" version="1"/>
            </DayTypeAssignment>
            <DayTypeAssignment id="VTR:DayTypeAssignment:3016_922152" version="1" order="26064">
              <Date>2022-10-23</Date>
              <DayTypeRef ref="VTR:DayType:3016" version="1"/>
            </DayTypeAssignment>
            <DayTypeAssignment id="VTR:DayTypeAssignment:3016_922149" version="1" order="26065">
              <Date>2022-10-28</Date>
              <DayTypeRef ref="VTR:DayType:3016" version="1"/>
            </DayTypeAssignment>
            <DayTypeAssignment id="VTR:DayTypeAssignment:3016_926434" version="1" order="26066">
              <Date>2022-11-30</Date>
              <DayTypeRef ref="VTR:DayType:3016" version="1"/>
            </DayTypeAssignment>
            <DayTypeAssignment id="VTR:DayTypeAssignment:3016_896379" version="1" order="26067">
              <Date>2022-06-20</Date>
              <DayTypeRef ref="VTR:DayType:3016" version="1"/>
            </DayTypeAssignment>
            <DayTypeAssignment id="VTR:DayTypeAssignment:3016_932078" version="1" order="26068">
              <Date>2022-12-26</Date>
              <DayTypeRef ref="VTR:DayType:3016" version="1"/>
            </DayTypeAssignment>
            <DayTypeAssignment id="VTR:DayTypeAssignment:3016_932076" version="1" order="26069">
              <Date>2022-12-31</Date>
              <DayTypeRef ref="VTR:DayType:3016" version="1"/>
            </DayTypeAssignment>
            <DayTypeAssignment id="VTR:DayTypeAssignment:3016_932071" version="1" order="26070">
              <Date>2022-12-22</Date>
              <DayTypeRef ref="VTR:DayType:3016" version="1"/>
            </DayTypeAssignment>
            <DayTypeAssignment id="VTR:DayTypeAssignment:3016_909737" version="1" order="26071">
              <Date>2022-08-26</Date>
              <DayTypeRef ref="VTR:DayType:3016" version="1"/>
            </DayTypeAssignment>
            <DayTypeAssignment id="VTR:DayTypeAssignment:3016_909734" version="1" order="26072">
              <Date>2022-08-24</Date>
              <DayTypeRef ref="VTR:DayType:3016" version="1"/>
            </DayTypeAssignment>
            <DayTypeAssignment id="VTR:DayTypeAssignment:3016_913772" version="1" order="26073">
              <Date>2022-09-22</Date>
              <DayTypeRef ref="VTR:DayType:3016" version="1"/>
            </DayTypeAssignment>
            <DayTypeAssignment id="VTR:DayTypeAssignment:3016_913768" version="1" order="26074">
              <Date>2022-09-20</Date>
              <DayTypeRef ref="VTR:DayType:3016" version="1"/>
            </DayTypeAssignment>
            <DayTypeAssignment id="VTR:DayTypeAssignment:3016_913765" version="1" order="26075">
              <Date>2022-09-24</Date>
              <DayTypeRef ref="VTR:DayType:3016" version="1"/>
            </DayTypeAssignment>
            <DayTypeAssignment id="VTR:DayTypeAssignment:3016_913764" version="1" order="26076">
              <Date>2022-09-30</Date>
              <DayTypeRef ref="VTR:DayType:3016" version="1"/>
            </DayTypeAssignment>
            <DayTypeAssignment id="VTR:DayTypeAssignment:3016_942841" version="1" order="26077">
              <Date>2023-02-25</Date>
              <DayTypeRef ref="VTR:DayType:3016" version="1"/>
            </DayTypeAssignment>
            <DayTypeAssignment id="VTR:DayTypeAssignment:3016_909738" version="1" order="26078">
              <Date>2022-08-20</Date>
              <DayTypeRef ref="VTR:DayType:3016" version="1"/>
            </DayTypeAssignment>
            <DayTypeAssignment id="VTR:DayTypeAssignment:3016_909730" version="1" order="26079">
              <Date>2022-08-22</Date>
              <DayTypeRef ref="VTR:DayType:3016" version="1"/>
            </DayTypeAssignment>
            <DayTypeAssignment id="VTR:DayTypeAssignment:3016_909729" version="1" order="26080">
              <Date>2022-08-28</Date>
              <DayTypeRef ref="VTR:DayType:3016" version="1"/>
            </DayTypeAssignment>
            <DayTypeAssignment id="VTR:DayTypeAssignment:3016_954276" version="1" order="26081">
              <Date>2023-04-28</Date>
              <DayTypeRef ref="VTR:DayType:3016" version="1"/>
            </DayTypeAssignment>
            <DayTypeAssignment id="VTR:DayTypeAssignment:3016_942837" version="1" order="26082">
              <Date>2023-02-28</Date>
              <DayTypeRef ref="VTR:DayType:3016" version="1"/>
            </DayTypeAssignment>
            <DayTypeAssignment id="VTR:DayTypeAssignment:3016_942836" version="1" order="26083">
              <Date>2023-02-21</Date>
              <DayTypeRef ref="VTR:DayType:3016" version="1"/>
            </DayTypeAssignment>
            <DayTypeAssignment id="VTR:DayTypeAssignment:3016_942835" version="1" order="26084">
              <Date>2023-02-27</Date>
              <DayTypeRef ref="VTR:DayType:3016" version="1"/>
            </DayTypeAssignment>
            <DayTypeAssignment id="VTR:DayTypeAssignment:3016_942833" version="1" order="26085">
              <Date>2023-02-26</Date>
              <DayTypeRef ref="VTR:DayType:3016" version="1"/>
            </DayTypeAssignment>
            <DayTypeAssignment id="VTR:DayTypeAssignment:3016_947155" version="1" order="26086">
              <Date>2023-03-22</Date>
              <DayTypeRef ref="VTR:DayType:3016" version="1"/>
            </DayTypeAssignment>
            <DayTypeAssignment id="VTR:DayTypeAssignment:3016_947152" version="1" order="26087">
              <Date>2023-03-31</Date>
              <DayTypeRef ref="VTR:DayType:3016" version="1"/>
            </DayTypeAssignment>
            <DayTypeAssignment id="VTR:DayTypeAssignment:3016_947150" version="1" order="26088">
              <Date>2023-03-30</Date>
              <DayTypeRef ref="VTR:DayType:3016" version="1"/>
            </DayTypeAssignment>
            <DayTypeAssignment id="VTR:DayTypeAssignment:3016_936208" version="1" order="26089">
              <Date>2023-01-22</Date>
              <DayTypeRef ref="VTR:DayType:3016" version="1"/>
            </DayTypeAssignment>
            <DayTypeAssignment id="VTR:DayTypeAssignment:3016_936206" version="1" order="26090">
              <Date>2023-01-21</Date>
              <DayTypeRef ref="VTR:DayType:3016" version="1"/>
            </DayTypeAssignment>
            <DayTypeAssignment id="VTR:DayTypeAssignment:3016_936202" version="1" order="26091">
              <Date>2023-01-25</Date>
              <DayTypeRef ref="VTR:DayType:3016" version="1"/>
            </DayTypeAssignment>
            <DayTypeAssignment id="VTR:DayTypeAssignment:3016_936199" version="1" order="26092">
              <Date>2023-01-30</Date>
              <DayTypeRef ref="VTR:DayType:3016" version="1"/>
            </DayTypeAssignment>
            <DayTypeAssignment id="VTR:DayTypeAssignment:3016_902790" version="1" order="26093">
              <Date>2022-07-31</Date>
              <DayTypeRef ref="VTR:DayType:3016" version="1"/>
            </DayTypeAssignment>
            <DayTypeAssignment id="VTR:DayTypeAssignment:3016_888693" version="1" order="26094">
              <Date>2022-05-26</Date>
              <DayTypeRef ref="VTR:DayType:3016" version="1"/>
            </DayTypeAssignment>
            <DayTypeAssignment id="VTR:DayTypeAssignment:3016_922153" version="1" order="26095">
              <Date>2022-10-30</Date>
              <DayTypeRef ref="VTR:DayType:3016" version="1"/>
            </DayTypeAssignment>
            <DayTypeAssignment id="VTR:DayTypeAssignment:3016_896376" version="1" order="26096">
              <Date>2022-06-24</Date>
              <DayTypeRef ref="VTR:DayType:3016" version="1"/>
            </DayTypeAssignment>
            <DayTypeAssignment id="VTR:DayTypeAssignment:3016_896374" version="1" order="26097">
              <Date>2022-06-23</Date>
              <DayTypeRef ref="VTR:DayType:3016" version="1"/>
            </DayTypeAssignment>
            <DayTypeAssignment id="VTR:DayTypeAssignment:3016_958217" version="1" order="26098">
              <Date>2023-05-20</Date>
              <DayTypeRef ref="VTR:DayType:3016" version="1"/>
            </DayTypeAssignment>
            <DayTypeAssignment id="VTR:DayTypeAssignment:3016_958210" version="1" order="26099">
              <Date>2023-05-29</Date>
              <DayTypeRef ref="VTR:DayType:3016" version="1"/>
            </DayTypeAssignment>
            <DayTypeAssignment id="VTR:DayTypeAssignment:3016_958208" version="1" order="26100">
              <Date>2023-05-28</Date>
              <DayTypeRef ref="VTR:DayType:3016" version="1"/>
            </DayTypeAssignment>
            <DayTypeAssignment id="VTR:DayTypeAssignment:3016_932073" version="1" order="26101">
              <Date>2022-12-23</Date>
              <DayTypeRef ref="VTR:DayType:3016" version="1"/>
            </DayTypeAssignment>
            <DayTypeAssignment id="VTR:DayTypeAssignment:3016_909735" version="1" order="26102">
              <Date>2022-08-31</Date>
              <DayTypeRef ref="VTR:DayType:3016" version="1"/>
            </DayTypeAssignment>
            <DayTypeAssignment id="VTR:DayTypeAssignment:3016_909731" version="1" order="26103">
              <Date>2022-08-29</Date>
              <DayTypeRef ref="VTR:DayType:3016" version="1"/>
            </DayTypeAssignment>
            <DayTypeAssignment id="VTR:DayTypeAssignment:3016_913763" version="1" order="26104">
              <Date>2022-09-23</Date>
              <DayTypeRef ref="VTR:DayType:3016" version="1"/>
            </DayTypeAssignment>
            <DayTypeAssignment id="VTR:DayTypeAssignment:3016_954278" version="1" order="26105">
              <Date>2023-04-29</Date>
              <DayTypeRef ref="VTR:DayType:3016" version="1"/>
            </DayTypeAssignment>
            <DayTypeAssignment id="VTR:DayTypeAssignment:3016_942834" version="1" order="26106">
              <Date>2023-02-20</Date>
              <DayTypeRef ref="VTR:DayType:3016" version="1"/>
            </DayTypeAssignment>
            <DayTypeAssignment id="VTR:DayTypeAssignment:3016_947153" version="1" order="26107">
              <Date>2023-03-20</Date>
              <DayTypeRef ref="VTR:DayType:3016" version="1"/>
            </DayTypeAssignment>
            <DayTypeAssignment id="VTR:DayTypeAssignment:3016_936209" version="1" order="26108">
              <Date>2023-01-29</Date>
              <DayTypeRef ref="VTR:DayType:3016" version="1"/>
            </DayTypeAssignment>
            <DayTypeAssignment id="VTR:DayTypeAssignment:3016_936201" version="1" order="26109">
              <Date>2023-01-31</Date>
              <DayTypeRef ref="VTR:DayType:3016" version="1"/>
            </DayTypeAssignment>
            <DayTypeAssignment id="VTR:DayTypeAssignment:3016_936200" version="1" order="26110">
              <Date>2023-01-24</Date>
              <DayTypeRef ref="VTR:DayType:3016" version="1"/>
            </DayTypeAssignment>
            <DayTypeAssignment id="VTR:DayTypeAssignment:3016_902788" version="1" order="26111">
              <Date>2022-07-30</Date>
              <DayTypeRef ref="VTR:DayType:3016" version="1"/>
            </DayTypeAssignment>
            <DayTypeAssignment id="VTR:DayTypeAssignment:3016_902779" version="1" order="26112">
              <Date>2022-07-25</Date>
              <DayTypeRef ref="VTR:DayType:3016" version="1"/>
            </DayTypeAssignment>
            <DayTypeAssignment id="VTR:DayTypeAssignment:3016_888701" version="1" order="26113">
              <Date>2022-05-30</Date>
              <DayTypeRef ref="VTR:DayType:3016" version="1"/>
            </DayTypeAssignment>
            <DayTypeAssignment id="VTR:DayTypeAssignment:3016_888698" version="1" order="26114">
              <Date>2022-05-22</Date>
              <DayTypeRef ref="VTR:DayType:3016" version="1"/>
            </DayTypeAssignment>
            <DayTypeAssignment id="VTR:DayTypeAssignment:3016_922151" version="1" order="26115">
              <Date>2022-10-29</Date>
              <DayTypeRef ref="VTR:DayType:3016" version="1"/>
            </DayTypeAssignment>
            <DayTypeAssignment id="VTR:DayTypeAssignment:3016_922150" version="1" order="26116">
              <Date>2022-10-22</Date>
              <DayTypeRef ref="VTR:DayType:3016" version="1"/>
            </DayTypeAssignment>
            <DayTypeAssignment id="VTR:DayTypeAssignment:3016_896380" version="1" order="26117">
              <Date>2022-06-27</Date>
              <DayTypeRef ref="VTR:DayType:3016" version="1"/>
            </DayTypeAssignment>
            <DayTypeAssignment id="VTR:DayTypeAssignment:3016_896377" version="1" order="26118">
              <Date>2022-06-25</Date>
              <DayTypeRef ref="VTR:DayType:3016" version="1"/>
            </DayTypeAssignment>
            <DayTypeAssignment id="VTR:DayTypeAssignment:3016_896373" version="1" order="26119">
              <Date>2022-06-29</Date>
              <DayTypeRef ref="VTR:DayType:3016" version="1"/>
            </DayTypeAssignment>
            <DayTypeAssignment id="VTR:DayTypeAssignment:3016_958212" version="1" order="26120">
              <Date>2023-05-23</Date>
              <DayTypeRef ref="VTR:DayType:3016" version="1"/>
            </DayTypeAssignment>
            <DayTypeAssignment id="VTR:DayTypeAssignment:3016_909736" version="1" order="26121">
              <Date>2022-08-25</Date>
              <DayTypeRef ref="VTR:DayType:3016" version="1"/>
            </DayTypeAssignment>
            <DayTypeAssignment id="VTR:DayTypeAssignment:3016_913773" version="1" order="26122">
              <Date>2022-09-29</Date>
              <DayTypeRef ref="VTR:DayType:3016" version="1"/>
            </DayTypeAssignment>
            <DayTypeAssignment id="VTR:DayTypeAssignment:3016_913767" version="1" order="26123">
              <Date>2022-09-26</Date>
              <DayTypeRef ref="VTR:DayType:3016" version="1"/>
            </DayTypeAssignment>
            <DayTypeAssignment id="VTR:DayTypeAssignment:3016_954281" version="1" order="26124">
              <Date>2023-04-24</Date>
              <DayTypeRef ref="VTR:DayType:3016" version="1"/>
            </DayTypeAssignment>
            <DayTypeAssignment id="VTR:DayTypeAssignment:3016_954279" version="1" order="26125">
              <Date>2023-04-23</Date>
              <DayTypeRef ref="VTR:DayType:3016" version="1"/>
            </DayTypeAssignment>
            <DayTypeAssignment id="VTR:DayTypeAssignment:3016_954274" version="1" order="26126">
              <Date>2023-04-27</Date>
              <DayTypeRef ref="VTR:DayType:3016" version="1"/>
            </DayTypeAssignment>
            <DayTypeAssignment id="VTR:DayTypeAssignment:3016_954272" version="1" order="26127">
              <Date>2023-04-26</Date>
              <DayTypeRef ref="VTR:DayType:3016" version="1"/>
            </DayTypeAssignment>
            <DayTypeAssignment id="VTR:DayTypeAssignment:3016_947158" version="1" order="26128">
              <Date>2023-03-28</Date>
              <DayTypeRef ref="VTR:DayType:3016" version="1"/>
            </DayTypeAssignment>
            <DayTypeAssignment id="VTR:DayTypeAssignment:3016_947156" version="1" order="26129">
              <Date>2023-03-27</Date>
              <DayTypeRef ref="VTR:DayType:3016" version="1"/>
            </DayTypeAssignment>
            <DayTypeAssignment id="VTR:DayTypeAssignment:3016_947148" version="1" order="26130">
              <Date>2023-03-29</Date>
              <DayTypeRef ref="VTR:DayType:3016" version="1"/>
            </DayTypeAssignment>
            <DayTypeAssignment id="VTR:DayTypeAssignment:3016_936210" version="1" order="26131">
              <Date>2023-01-23</Date>
              <DayTypeRef ref="VTR:DayType:3016" version="1"/>
            </DayTypeAssignment>
            <DayTypeAssignment id="VTR:DayTypeAssignment:3016_902784" version="1" order="26132">
              <Date>2022-07-28</Date>
              <DayTypeRef ref="VTR:DayType:3016" version="1"/>
            </DayTypeAssignment>
            <DayTypeAssignment id="VTR:DayTypeAssignment:3016_902780" version="1" order="26133">
              <Date>2022-07-26</Date>
              <DayTypeRef ref="VTR:DayType:3016" version="1"/>
            </DayTypeAssignment>
            <DayTypeAssignment id="VTR:DayTypeAssignment:3016_888695" version="1" order="26134">
              <Date>2022-05-27</Date>
              <DayTypeRef ref="VTR:DayType:3016" version="1"/>
            </DayTypeAssignment>
            <DayTypeAssignment id="VTR:DayTypeAssignment:3016_922148" version="1" order="26135">
              <Date>2022-10-21</Date>
              <DayTypeRef ref="VTR:DayType:3016" version="1"/>
            </DayTypeAssignment>
            <DayTypeAssignment id="VTR:DayTypeAssignment:3016_926430" version="1" order="26136">
              <Date>2022-11-28</Date>
              <DayTypeRef ref="VTR:DayType:3016" version="1"/>
            </DayTypeAssignment>
            <DayTypeAssignment id="VTR:DayTypeAssignment:3016_926427" version="1" order="26137">
              <Date>2022-10-31</Date>
              <DayTypeRef ref="VTR:DayType:3016" version="1"/>
            </DayTypeAssignment>
            <DayTypeAssignment id="VTR:DayTypeAssignment:3016_932075" version="1" order="26138">
              <Date>2022-12-24</Date>
              <DayTypeRef ref="VTR:DayType:3016" version="1"/>
            </DayTypeAssignment>
            <DayTypeAssignment id="VTR:DayTypeAssignment:3016_932070" version="1" order="26139">
              <Date>2022-12-28</Date>
              <DayTypeRef ref="VTR:DayType:3016" version="1"/>
            </DayTypeAssignment>
            <DayTypeAssignment id="VTR:DayTypeAssignment:3016_913771" version="1" order="26140">
              <Date>2022-09-28</Date>
              <DayTypeRef ref="VTR:DayType:3016" version="1"/>
            </DayTypeAssignment>
            <DayTypeAssignment id="VTR:DayTypeAssignment:3016_954277" version="1" order="26141">
              <Date>2023-04-22</Date>
              <DayTypeRef ref="VTR:DayType:3016" version="1"/>
            </DayTypeAssignment>
            <DayTypeAssignment id="VTR:DayTypeAssignment:3016_902787" version="1" order="26142">
              <Date>2022-07-23</Date>
              <DayTypeRef ref="VTR:DayType:3016" version="1"/>
            </DayTypeAssignment>
            <DayTypeAssignment id="VTR:DayTypeAssignment:3016_902786" version="1" order="26143">
              <Date>2022-07-29</Date>
              <DayTypeRef ref="VTR:DayType:3016" version="1"/>
            </DayTypeAssignment>
            <DayTypeAssignment id="VTR:DayTypeAssignment:3016_902782" version="1" order="26144">
              <Date>2022-07-27</Date>
              <DayTypeRef ref="VTR:DayType:3016" version="1"/>
            </DayTypeAssignment>
            <DayTypeAssignment id="VTR:DayTypeAssignment:3016_902781" version="1" order="26145">
              <Date>2022-07-20</Date>
              <DayTypeRef ref="VTR:DayType:3016" version="1"/>
            </DayTypeAssignment>
            <DayTypeAssignment id="VTR:DayTypeAssignment:3016_888703" version="1" order="26146">
              <Date>2022-05-31</Date>
              <DayTypeRef ref="VTR:DayType:3016" version="1"/>
            </DayTypeAssignment>
            <DayTypeAssignment id="VTR:DayTypeAssignment:3016_888702" version="1" order="26147">
              <Date>2022-05-24</Date>
              <DayTypeRef ref="VTR:DayType:3016" version="1"/>
            </DayTypeAssignment>
            <DayTypeAssignment id="VTR:DayTypeAssignment:3016_888700" version="1" order="26148">
              <Date>2022-05-23</Date>
              <DayTypeRef ref="VTR:DayType:3016" version="1"/>
            </DayTypeAssignment>
            <DayTypeAssignment id="VTR:DayTypeAssignment:3016_888696" version="1" order="26149">
              <Date>2022-05-21</Date>
              <DayTypeRef ref="VTR:DayType:3016" version="1"/>
            </DayTypeAssignment>
            <DayTypeAssignment id="VTR:DayTypeAssignment:3016_888694" version="1" order="26150">
              <Date>2022-05-20</Date>
              <DayTypeRef ref="VTR:DayType:3016" version="1"/>
            </DayTypeAssignment>
            <DayTypeAssignment id="VTR:DayTypeAssignment:3016_922156" version="1" order="26151">
              <Date>2022-10-26</Date>
              <DayTypeRef ref="VTR:DayType:3016" version="1"/>
            </DayTypeAssignment>
            <DayTypeAssignment id="VTR:DayTypeAssignment:3016_922155" version="1" order="26152">
              <Date>2022-10-25</Date>
              <DayTypeRef ref="VTR:DayType:3016" version="1"/>
            </DayTypeAssignment>
            <DayTypeAssignment id="VTR:DayTypeAssignment:3016_926433" version="1" order="26153">
              <Date>2022-11-23</Date>
              <DayTypeRef ref="VTR:DayType:3016" version="1"/>
            </DayTypeAssignment>
            <DayTypeAssignment id="VTR:DayTypeAssignment:3016_926431" version="1" order="26154">
              <Date>2022-11-22</Date>
              <DayTypeRef ref="VTR:DayType:3016" version="1"/>
            </DayTypeAssignment>
            <DayTypeAssignment id="VTR:DayTypeAssignment:3016_926426" version="1" order="26155">
              <Date>2022-11-20</Date>
              <DayTypeRef ref="VTR:DayType:3016" version="1"/>
            </DayTypeAssignment>
            <DayTypeAssignment id="VTR:DayTypeAssignment:3016_926423" version="1" order="26156">
              <Date>2022-11-24</Date>
              <DayTypeRef ref="VTR:DayType:3016" version="1"/>
            </DayTypeAssignment>
            <DayTypeAssignment id="VTR:DayTypeAssignment:3016_896382" version="1" order="26157">
              <Date>2022-06-28</Date>
              <DayTypeRef ref="VTR:DayType:3016" version="1"/>
            </DayTypeAssignment>
            <DayTypeAssignment id="VTR:DayTypeAssignment:3016_896375" version="1" order="26158">
              <Date>2022-06-30</Date>
              <DayTypeRef ref="VTR:DayType:3016" version="1"/>
            </DayTypeAssignment>
            <DayTypeAssignment id="VTR:DayTypeAssignment:3016_958219" version="1" order="26159">
              <Date>2023-05-21</Date>
              <DayTypeRef ref="VTR:DayType:3016" version="1"/>
            </DayTypeAssignment>
            <DayTypeAssignment id="VTR:DayTypeAssignment:3016_958214" version="1" order="26160">
              <Date>2023-05-31</Date>
              <DayTypeRef ref="VTR:DayType:3016" version="1"/>
            </DayTypeAssignment>
            <DayTypeAssignment id="VTR:DayTypeAssignment:3016_958211" version="1" order="26161">
              <Date>2023-05-30</Date>
              <DayTypeRef ref="VTR:DayType:3016" version="1"/>
            </DayTypeAssignment>
            <DayTypeAssignment id="VTR:DayTypeAssignment:3016_932077" version="1" order="26162">
              <Date>2022-12-25</Date>
              <DayTypeRef ref="VTR:DayType:3016" version="1"/>
            </DayTypeAssignment>
            <DayTypeAssignment id="VTR:DayTypeAssignment:3016_932072" version="1" order="26163">
              <Date>2022-12-29</Date>
              <DayTypeRef ref="VTR:DayType:3016" version="1"/>
            </DayTypeAssignment>
            <DayTypeAssignment id="VTR:DayTypeAssignment:3016_909739" version="1" order="26164">
              <Date>2022-08-27</Date>
              <DayTypeRef ref="VTR:DayType:3016" version="1"/>
            </DayTypeAssignment>
            <DayTypeAssignment id="VTR:DayTypeAssignment:3016_909733" version="1" order="26165">
              <Date>2022-08-30</Date>
              <DayTypeRef ref="VTR:DayType:3016" version="1"/>
            </DayTypeAssignment>
            <DayTypeAssignment id="VTR:DayTypeAssignment:3016_909732" version="1" order="26166">
              <Date>2022-08-23</Date>
              <DayTypeRef ref="VTR:DayType:3016" version="1"/>
            </DayTypeAssignment>
            <DayTypeAssignment id="VTR:DayTypeAssignment:3016_909728" version="1" order="26167">
              <Date>2022-08-21</Date>
              <DayTypeRef ref="VTR:DayType:3016" version="1"/>
            </DayTypeAssignment>
            <DayTypeAssignment id="VTR:DayTypeAssignment:3016_942840" version="1" order="26168">
              <Date>2023-02-24</Date>
              <DayTypeRef ref="VTR:DayType:3016" version="1"/>
            </DayTypeAssignment>
            <DayTypeAssignment id="VTR:DayTypeAssignment:3016_942839" version="1" order="26169">
              <Date>2023-02-23</Date>
              <DayTypeRef ref="VTR:DayType:3016" version="1"/>
            </DayTypeAssignment>
            <DayTypeAssignment id="VTR:DayTypeAssignment:3016_947154" version="1" order="26170">
              <Date>2023-03-21</Date>
              <DayTypeRef ref="VTR:DayType:3016" version="1"/>
            </DayTypeAssignment>
            <DayTypeAssignment id="VTR:DayTypeAssignment:3016_936207" version="1" order="26171">
              <Date>2023-01-28</Date>
              <DayTypeRef ref="VTR:DayType:3016" version="1"/>
            </DayTypeAssignment>
            <DayTypeAssignment id="VTR:DayTypeAssignment:3016_936203" version="1" order="26172">
              <Date>2023-01-26</Date>
              <DayTypeRef ref="VTR:DayType:3016" version="1"/>
            </DayTypeAssignment>
            <DayTypeAssignment id="VTR:DayTypeAssignment:3016_888697" version="1" order="26173">
              <Date>2022-05-28</Date>
              <DayTypeRef ref="VTR:DayType:3016" version="1"/>
            </DayTypeAssignment>
            <DayTypeAssignment id="VTR:DayTypeAssignment:3016_926432" version="1" order="26174">
              <Date>2022-11-29</Date>
              <DayTypeRef ref="VTR:DayType:3016" version="1"/>
            </DayTypeAssignment>
            <DayTypeAssignment id="VTR:DayTypeAssignment:3016_926429" version="1" order="26175">
              <Date>2022-11-21</Date>
              <DayTypeRef ref="VTR:DayType:3016" version="1"/>
            </DayTypeAssignment>
            <DayTypeAssignment id="VTR:DayTypeAssignment:3016_926425" version="1" order="26176">
              <Date>2022-11-26</Date>
              <DayTypeRef ref="VTR:DayType:3016" version="1"/>
            </DayTypeAssignment>
            <DayTypeAssignment id="VTR:DayTypeAssignment:3016_926424" version="1" order="26177">
              <Date>2022-11-25</Date>
              <DayTypeRef ref="VTR:DayType:3016" version="1"/>
            </DayTypeAssignment>
            <DayTypeAssignment id="VTR:DayTypeAssignment:3016_896381" version="1" order="26178">
              <Date>2022-06-21</Date>
              <DayTypeRef ref="VTR:DayType:3016" version="1"/>
            </DayTypeAssignment>
            <DayTypeAssignment id="VTR:DayTypeAssignment:3016_958218" version="1" order="26179">
              <Date>2023-05-27</Date>
              <DayTypeRef ref="VTR:DayType:3016" version="1"/>
            </DayTypeAssignment>
            <DayTypeAssignment id="VTR:DayTypeAssignment:3016_958216" version="1" order="26180">
              <Date>2023-05-26</Date>
              <DayTypeRef ref="VTR:DayType:3016" version="1"/>
            </DayTypeAssignment>
            <DayTypeAssignment id="VTR:DayTypeAssignment:3016_958209" version="1" order="26181">
              <Date>2023-05-22</Date>
              <DayTypeRef ref="VTR:DayType:3016" version="1"/>
            </DayTypeAssignment>
            <DayTypeAssignment id="VTR:DayTypeAssignment:3016_932079" version="1" order="26182">
              <Date>2022-12-20</Date>
              <DayTypeRef ref="VTR:DayType:3016" version="1"/>
            </DayTypeAssignment>
            <DayTypeAssignment id="VTR:DayTypeAssignment:3016_913769" version="1" order="26183">
              <Date>2022-09-27</Date>
              <DayTypeRef ref="VTR:DayType:3016" version="1"/>
            </DayTypeAssignment>
            <DayTypeAssignment id="VTR:DayTypeAssignment:3016_913766" version="1" order="26184">
              <Date>2022-09-25</Date>
              <DayTypeRef ref="VTR:DayType:3016" version="1"/>
            </DayTypeAssignment>
            <DayTypeAssignment id="VTR:DayTypeAssignment:3016_954280" version="1" order="26185">
              <Date>2023-04-30</Date>
              <DayTypeRef ref="VTR:DayType:3016" version="1"/>
            </DayTypeAssignment>
            <DayTypeAssignment id="VTR:DayTypeAssignment:3016_922154" version="1" order="26186">
              <Date>2022-10-24</Date>
              <DayTypeRef ref="VTR:DayType:3016" version="1"/>
            </DayTypeAssignment>
            <DayTypeAssignment id="VTR:DayTypeAssignment:3016_922146" version="1" order="26187">
              <Date>2022-10-20</Date>
              <DayTypeRef ref="VTR:DayType:3016" version="1"/>
            </DayTypeAssignment>
            <DayTypeAssignment id="VTR:DayTypeAssignment:3016_926428" version="1" order="26188">
              <Date>2022-11-27</Date>
              <DayTypeRef ref="VTR:DayType:3016" version="1"/>
            </DayTypeAssignment>
            <DayTypeAssignment id="VTR:DayTypeAssignment:3016_896372" version="1" order="26189">
              <Date>2022-06-22</Date>
              <DayTypeRef ref="VTR:DayType:3016" version="1"/>
            </DayTypeAssignment>
            <DayTypeAssignment id="VTR:DayTypeAssignment:3016_932080" version="1" order="26190">
              <Date>2022-12-27</Date>
              <DayTypeRef ref="VTR:DayType:3016" version="1"/>
            </DayTypeAssignment>
            <DayTypeAssignment id="VTR:DayTypeAssignment:3016_932074" version="1" order="26191">
              <Date>2022-12-30</Date>
              <DayTypeRef ref="VTR:DayType:3016" version="1"/>
            </DayTypeAssignment>
            <DayTypeAssignment id="VTR:DayTypeAssignment:3016_932069" version="1" order="26192">
              <Date>2022-12-21</Date>
              <DayTypeRef ref="VTR:DayType:3016" version="1"/>
            </DayTypeAssignment>
            <DayTypeAssignment id="VTR:DayTypeAssignment:3016_913770" version="1" order="26193">
              <Date>2022-09-21</Date>
              <DayTypeRef ref="VTR:DayType:3016" version="1"/>
            </DayTypeAssignment>
            <DayTypeAssignment id="VTR:DayTypeAssignment:3016_954273" version="1" order="26194">
              <Date>2023-04-20</Date>
              <DayTypeRef ref="VTR:DayType:3016" version="1"/>
            </DayTypeAssignment>
            <DayTypeAssignment id="VTR:DayTypeAssignment:3016_947159" version="1" order="26195">
              <Date>2023-03-24</Date>
              <DayTypeRef ref="VTR:DayType:3016" version="1"/>
            </DayTypeAssignment>
            <DayTypeAssignment id="VTR:DayTypeAssignment:3016_947151" version="1" order="26196">
              <Date>2023-03-26</Date>
              <DayTypeRef ref="VTR:DayType:3016" version="1"/>
            </DayTypeAssignment>
            <DayTypeAssignment id="VTR:DayTypeAssignment:3016_947149" version="1" order="26197">
              <Date>2023-03-25</Date>
              <DayTypeRef ref="VTR:DayType:3016" version="1"/>
            </DayTypeAssignment>
            <DayTypeAssignment id="VTR:DayTypeAssignment:3016_936205" version="1" order="26198">
              <Date>2023-01-27</Date>
              <DayTypeRef ref="VTR:DayType:3016" version="1"/>
            </DayTypeAssignment>
            <DayTypeAssignment id="VTR:DayTypeAssignment:3016_936204" version="1" order="26199">
              <Date>2023-01-20</Date>
              <DayTypeRef ref="VTR:DayType:3016" version="1"/>
            </DayTypeAssignment>
            <DayTypeAssignment id="VTR:DayTypeAssignment:3016_902789" version="1" order="26200">
              <Date>2022-07-24</Date>
              <DayTypeRef ref="VTR:DayType:3016" version="1"/>
            </DayTypeAssignment>
            <DayTypeAssignment id="VTR:DayTypeAssignment:3016_902785" version="1" order="26201">
              <Date>2022-07-22</Date>
              <DayTypeRef ref="VTR:DayType:3016" version="1"/>
            </DayTypeAssignment>
            <DayTypeAssignment id="VTR:DayTypeAssignment:3016_922147" version="1" order="26202">
              <Date>2022-10-27</Date>
              <DayTypeRef ref="VTR:DayType:3016" version="1"/>
            </DayTypeAssignment>
            <DayTypeAssignment id="VTR:DayTypeAssignment:3016_896378" version="1" order="26203">
              <Date>2022-06-26</Date>
              <DayTypeRef ref="VTR:DayType:3016" version="1"/>
            </DayTypeAssignment>
            <DayTypeAssignment id="VTR:DayTypeAssignment:3016_958215" version="1" order="26204">
              <Date>2023-05-25</Date>
              <DayTypeRef ref="VTR:DayType:3016" version="1"/>
            </DayTypeAssignment>
            <DayTypeAssignment id="VTR:DayTypeAssignment:3016_958213" version="1" order="26205">
              <Date>2023-05-24</Date>
              <DayTypeRef ref="VTR:DayType:3016" version="1"/>
            </DayTypeAssignment>
          </dayTypeAssignments>
        </ServiceCalendarFrame>
        <ServiceFrame id="VTR:ServiceFrame:1357" version="1">
          <Network version="0" id="VTR:Network:47"/>
          <routePoints>
            <RoutePoint version="1" id="VTR:RoutePoint:124413">
              <projections>
                <PointProjection version="1" id="VTR:PointProjection:36533">
                  <ProjectedPointRef ref="VTR:ScheduledStopPoint:124413" version="1"/>
                </PointProjection>
              </projections>
            </RoutePoint>
            <RoutePoint version="1" id="VTR:RoutePoint:124414">
              <projections>
                <PointProjection version="1" id="VTR:PointProjection:36534">
                  <ProjectedPointRef ref="VTR:ScheduledStopPoint:124414" version="1"/>
                </PointProjection>
              </projections>
            </RoutePoint>
            <RoutePoint version="1" id="VTR:RoutePoint:124415">
              <projections>
                <PointProjection version="1" id="VTR:PointProjection:36535">
                  <ProjectedPointRef ref="VTR:ScheduledStopPoint:124415" version="1"/>
                </PointProjection>
              </projections>
            </RoutePoint>
            <RoutePoint version="1" id="VTR:RoutePoint:124416">
              <projections>
                <PointProjection version="1" id="VTR:PointProjection:36536">
                  <ProjectedPointRef ref="VTR:ScheduledStopPoint:124416" version="1"/>
                </PointProjection>
              </projections>
            </RoutePoint>
            <RoutePoint version="1" id="VTR:RoutePoint:124417">
              <projections>
                <PointProjection version="1" id="VTR:PointProjection:36537">
                  <ProjectedPointRef ref="VTR:ScheduledStopPoint:124417" version="1"/>
                </PointProjection>
              </projections>
            </RoutePoint>
            <RoutePoint version="1" id="VTR:RoutePoint:124418">
              <projections>
                <PointProjection version="1" id="VTR:PointProjection:36538">
                  <ProjectedPointRef ref="VTR:ScheduledStopPoint:124418" version="1"/>
                </PointProjection>
              </projections>
            </RoutePoint>
            <RoutePoint version="1" id="VTR:RoutePoint:124419">
              <projections>
                <PointProjection version="1" id="VTR:PointProjection:36539">
                  <ProjectedPointRef ref="VTR:ScheduledStopPoint:124419" version="1"/>
                </PointProjection>
              </projections>
            </RoutePoint>
            <RoutePoint version="1" id="VTR:RoutePoint:124420">
              <projections>
                <PointProjection version="1" id="VTR:PointProjection:36540">
                  <ProjectedPointRef ref="VTR:ScheduledStopPoint:124420" version="1"/>
                </PointProjection>
              </projections>
            </RoutePoint>
            <RoutePoint version="1" id="VTR:RoutePoint:124421">
              <projections>
                <PointProjection version="1" id="VTR:PointProjection:36541">
                  <ProjectedPointRef ref="VTR:ScheduledStopPoint:124421" version="1"/>
                </PointProjection>
              </projections>
            </RoutePoint>
            <RoutePoint version="1" id="VTR:RoutePoint:124422">
              <projections>
                <PointProjection version="1" id="VTR:PointProjection:36542">
                  <ProjectedPointRef ref="VTR:ScheduledStopPoint:124422" version="1"/>
                </PointProjection>
              </projections>
            </RoutePoint>
            <RoutePoint version="1" id="VTR:RoutePoint:124423">
              <projections>
                <PointProjection version="1" id="VTR:PointProjection:36543">
                  <ProjectedPointRef ref="VTR:ScheduledStopPoint:124423" version="1"/>
                </PointProjection>
              </projections>
            </RoutePoint>
            <RoutePoint version="1" id="VTR:RoutePoint:124424">
              <projections>
                <PointProjection version="1" id="VTR:PointProjection:36544">
                  <ProjectedPointRef ref="VTR:ScheduledStopPoint:124424" version="1"/>
                </PointProjection>
              </projections>
            </RoutePoint>
            <RoutePoint version="1" id="VTR:RoutePoint:124425">
              <projections>
                <PointProjection version="1" id="VTR:PointProjection:36545">
                  <ProjectedPointRef ref="VTR:ScheduledStopPoint:124425" version="1"/>
                </PointProjection>
              </projections>
            </RoutePoint>
          </routePoints>
          <routes>
            <Route version="1" id="VTR:Route:7405">
              <Name>Naujoji Akmenė - Kruopiai</Name>
              <ShortName>Naujoji Akmenė - Kruopiai</ShortName>
              <LineRef ref="VTR:Line:2854" version="2916"/>
              <DirectionType>outbound</DirectionType>
              <pointsInSequence>
                <PointOnRoute version="1" id="VTR:PointOnRoute:124413" order="1">
                  <RoutePointRef ref="VTR:RoutePoint:124413"/>
                </PointOnRoute>
                <PointOnRoute version="1" id="VTR:PointOnRoute:124414" order="2">
                  <RoutePointRef ref="VTR:RoutePoint:124414"/>
                </PointOnRoute>
                <PointOnRoute version="1" id="VTR:PointOnRoute:124415" order="3">
                  <RoutePointRef ref="VTR:RoutePoint:124415"/>
                </PointOnRoute>
                <PointOnRoute version="1" id="VTR:PointOnRoute:124416" order="4">
                  <RoutePointRef ref="VTR:RoutePoint:124416"/>
                </PointOnRoute>
                <PointOnRoute version="1" id="VTR:PointOnRoute:124417" order="5">
                  <RoutePointRef ref="VTR:RoutePoint:124417"/>
                </PointOnRoute>
                <PointOnRoute version="1" id="VTR:PointOnRoute:124418" order="6">
                  <RoutePointRef ref="VTR:RoutePoint:124418"/>
                </PointOnRoute>
              </pointsInSequence>
            </Route>
            <Route version="1" id="VTR:Route:7406">
              <Name>Kruopiai - Naujoji Akmenė atgal</Name>
              <ShortName>Kruopiai - Naujoji Akmenė atgal</ShortName>
              <LineRef ref="VTR:Line:2854" version="2916"/>
              <DirectionType>inbound</DirectionType>
              <pointsInSequence>
                <PointOnRoute version="1" id="VTR:PointOnRoute:124419" order="1">
                  <RoutePointRef ref="VTR:RoutePoint:124419"/>
                </PointOnRoute>
                <PointOnRoute version="1" id="VTR:PointOnRoute:124420" order="2">
                  <RoutePointRef ref="VTR:RoutePoint:124420"/>
                </PointOnRoute>
                <PointOnRoute version="1" id="VTR:PointOnRoute:124421" order="3">
                  <RoutePointRef ref="VTR:RoutePoint:124421"/>
                </PointOnRoute>
                <PointOnRoute version="1" id="VTR:PointOnRoute:124422" order="4">
                  <RoutePointRef ref="VTR:RoutePoint:124422"/>
                </PointOnRoute>
                <PointOnRoute version="1" id="VTR:PointOnRoute:124423" order="5">
                  <RoutePointRef ref="VTR:RoutePoint:124423"/>
                </PointOnRoute>
                <PointOnRoute version="1" id="VTR:PointOnRoute:124424" order="6">
                  <RoutePointRef ref="VTR:RoutePoint:124424"/>
                </PointOnRoute>
                <PointOnRoute version="1" id="VTR:PointOnRoute:124425" order="7">
                  <RoutePointRef ref="VTR:RoutePoint:124425"/>
                </PointOnRoute>
              </pointsInSequence>
            </Route>
          </routes>
          <lines>
            <Line version="2916" id="VTR:Line:2854">
              <Name>Naujoji Akmenė - Kruopiai</Name>
              <TransportMode>bus</TransportMode>
              <TransportSubmode>
                <BusSubmode>regionalBus</BusSubmode>
              </TransportSubmode>
              <PublicCode>F61</PublicCode>
              <OperatorRef ref="VTR:Operator:47"/>
            </Line>
          </lines>
          <scheduledStopPoints>
            <ScheduledStopPoint version="1" id="VTR:ScheduledStopPoint:124413">
              <Name>Naujosios Akmenės autobusų stotis</Name>
            </ScheduledStopPoint>
            <ScheduledStopPoint version="1" id="VTR:ScheduledStopPoint:124414">
              <Name>Aerouostas</Name>
            </ScheduledStopPoint>
            <ScheduledStopPoint version="1" id="VTR:ScheduledStopPoint:124415">
              <Name>Keidai</Name>
            </ScheduledStopPoint>
            <ScheduledStopPoint version="1" id="VTR:ScheduledStopPoint:124416">
              <Name>Pakalniškiai</Name>
            </ScheduledStopPoint>
            <ScheduledStopPoint version="1" id="VTR:ScheduledStopPoint:124417">
              <Name>Gembutis</Name>
            </ScheduledStopPoint>
            <ScheduledStopPoint version="1" id="VTR:ScheduledStopPoint:124418">
              <Name>Kruopiai</Name>
            </ScheduledStopPoint>
            <ScheduledStopPoint version="1" id="VTR:ScheduledStopPoint:124419">
              <Name>Kruopiai</Name>
            </ScheduledStopPoint>
            <ScheduledStopPoint version="1" id="VTR:ScheduledStopPoint:124420">
              <Name>Gembutis</Name>
            </ScheduledStopPoint>
            <ScheduledStopPoint version="1" id="VTR:ScheduledStopPoint:124421">
              <Name>Pakalniškiai</Name>
            </ScheduledStopPoint>
            <ScheduledStopPoint version="1" id="VTR:ScheduledStopPoint:124422">
              <Name>Keidai</Name>
            </ScheduledStopPoint>
            <ScheduledStopPoint version="1" id="VTR:ScheduledStopPoint:124423">
              <Name>Aerouostas</Name>
            </ScheduledStopPoint>
            <ScheduledStopPoint version="1" id="VTR:ScheduledStopPoint:124424">
              <Name>Naujosios Akmenės autobusų stotis</Name>
            </ScheduledStopPoint>
            <ScheduledStopPoint version="1" id="VTR:ScheduledStopPoint:124425">
              <Name>Ramučių mikr.</Name>
            </ScheduledStopPoint>
          </scheduledStopPoints>
          <serviceLinks>
            <ServiceLink id="VTR:ServiceLink:124416_1_124417_1" version="1">
              <Distance>4</Distance>
              <FromPointRef ref="VTR:ScheduledStopPoint:124416" version="1"/>
              <ToPointRef ref="VTR:ScheduledStopPoint:124417" version="1"/>
            </ServiceLink>
            <ServiceLink id="VTR:ServiceLink:124422_1_124423_1" version="1">
              <Distance>4</Distance>
              <FromPointRef ref="VTR:ScheduledStopPoint:124422" version="1"/>
              <ToPointRef ref="VTR:ScheduledStopPoint:124423" version="1"/>
            </ServiceLink>
            <ServiceLink id="VTR:ServiceLink:124421_1_124422_1" version="1">
              <Distance>2</Distance>
              <FromPointRef ref="VTR:ScheduledStopPoint:124421" version="1"/>
              <ToPointRef ref="VTR:ScheduledStopPoint:124422" version="1"/>
            </ServiceLink>
            <ServiceLink id="VTR:ServiceLink:124424_1_124425_1" version="1">
              <Distance>1</Distance>
              <FromPointRef ref="VTR:ScheduledStopPoint:124424" version="1"/>
              <ToPointRef ref="VTR:ScheduledStopPoint:124425" version="1"/>
            </ServiceLink>
            <ServiceLink id="VTR:ServiceLink:124420_1_124421_1" version="1">
              <Distance>4</Distance>
              <FromPointRef ref="VTR:ScheduledStopPoint:124420" version="1"/>
              <ToPointRef ref="VTR:ScheduledStopPoint:124421" version="1"/>
            </ServiceLink>
            <ServiceLink id="VTR:ServiceLink:124415_1_124416_1" version="1">
              <Distance>2</Distance>
              <FromPointRef ref="VTR:ScheduledStopPoint:124415" version="1"/>
              <ToPointRef ref="VTR:ScheduledStopPoint:124416" version="1"/>
            </ServiceLink>
            <ServiceLink id="VTR:ServiceLink:124413_1_124414_1" version="1">
              <Distance>1</Distance>
              <FromPointRef ref="VTR:ScheduledStopPoint:124413" version="1"/>
              <ToPointRef ref="VTR:ScheduledStopPoint:124414" version="1"/>
            </ServiceLink>
            <ServiceLink id="VTR:ServiceLink:124414_1_124415_1" version="1">
              <Distance>3</Distance>
              <FromPointRef ref="VTR:ScheduledStopPoint:124414" version="1"/>
              <ToPointRef ref="VTR:ScheduledStopPoint:124415" version="1"/>
            </ServiceLink>
            <ServiceLink id="VTR:ServiceLink:124419_1_124420_1" version="1">
              <Distance>2</Distance>
              <FromPointRef ref="VTR:ScheduledStopPoint:124419" version="1"/>
              <ToPointRef ref="VTR:ScheduledStopPoint:124420" version="1"/>
            </ServiceLink>
            <ServiceLink id="VTR:ServiceLink:124417_1_124418_1" version="1">
              <Distance>2</Distance>
              <FromPointRef ref="VTR:ScheduledStopPoint:124417" version="1"/>
              <ToPointRef ref="VTR:ScheduledStopPoint:124418" version="1"/>
            </ServiceLink>
            <ServiceLink id="VTR:ServiceLink:124423_1_124424_1" version="1">
              <Distance>1</Distance>
              <FromPointRef ref="VTR:ScheduledStopPoint:124423" version="1"/>
              <ToPointRef ref="VTR:ScheduledStopPoint:124424" version="1"/>
            </ServiceLink>
          </serviceLinks>
          <stopAssignments>
            <PassengerStopAssignment order="740500000" id="VTR:PassengerStopAssignment:124413" version="1">
              <ScheduledStopPointRef ref="VTR:ScheduledStopPoint:124413" version="1"/>
              <QuayRef ref="VTR:Quay:19477"/>
            </PassengerStopAssignment>
            <PassengerStopAssignment order="740500001" id="VTR:PassengerStopAssignment:124414" version="1">
              <ScheduledStopPointRef ref="VTR:ScheduledStopPoint:124414" version="1"/>
              <QuayRef ref="VTR:Quay:13174"/>
            </PassengerStopAssignment>
            <PassengerStopAssignment order="740500002" id="VTR:PassengerStopAssignment:124415" version="1">
              <ScheduledStopPointRef ref="VTR:ScheduledStopPoint:124415" version="1"/>
              <QuayRef ref="VTR:Quay:11208"/>
            </PassengerStopAssignment>
            <PassengerStopAssignment order="740500003" id="VTR:PassengerStopAssignment:124416" version="1">
              <ScheduledStopPointRef ref="VTR:ScheduledStopPoint:124416" version="1"/>
              <QuayRef ref="VTR:Quay:22820"/>
            </PassengerStopAssignment>
            <PassengerStopAssignment order="740500004" id="VTR:PassengerStopAssignment:124417" version="1">
              <ScheduledStopPointRef ref="VTR:ScheduledStopPoint:124417" version="1"/>
              <QuayRef ref="VTR:Quay:6386"/>
            </PassengerStopAssignment>
            <PassengerStopAssignment order="740500005" id="VTR:PassengerStopAssignment:124418" version="1">
              <ScheduledStopPointRef ref="VTR:ScheduledStopPoint:124418" version="1"/>
              <QuayRef ref="VTR:Quay:8628"/>
            </PassengerStopAssignment>
            <PassengerStopAssignment order="740600000" id="VTR:PassengerStopAssignment:124419" version="1">
              <ScheduledStopPointRef ref="VTR:ScheduledStopPoint:124419" version="1"/>
              <QuayRef ref="VTR:Quay:8628"/>
            </PassengerStopAssignment>
            <PassengerStopAssignment order="740600001" id="VTR:PassengerStopAssignment:124420" version="1">
              <ScheduledStopPointRef ref="VTR:ScheduledStopPoint:124420" version="1"/>
              <QuayRef ref="VTR:Quay:5365"/>
            </PassengerStopAssignment>
            <PassengerStopAssignment order="740600002" id="VTR:PassengerStopAssignment:124421" version="1">
              <ScheduledStopPointRef ref="VTR:ScheduledStopPoint:124421" version="1"/>
              <QuayRef ref="VTR:Quay:22820"/>
            </PassengerStopAssignment>
            <PassengerStopAssignment order="740600003" id="VTR:PassengerStopAssignment:124422" version="1">
              <ScheduledStopPointRef ref="VTR:ScheduledStopPoint:124422" version="1"/>
              <QuayRef ref="VTR:Quay:5329"/>
            </PassengerStopAssignment>
            <PassengerStopAssignment order="740600004" id="VTR:PassengerStopAssignment:124423" version="1">
              <ScheduledStopPointRef ref="VTR:ScheduledStopPoint:124423" version="1"/>
              <QuayRef ref="VTR:Quay:13174"/>
            </PassengerStopAssignment>
            <PassengerStopAssignment order="740600005" id="VTR:PassengerStopAssignment:124424" version="1">
              <ScheduledStopPointRef ref="VTR:ScheduledStopPoint:124424" version="1"/>
              <QuayRef ref="VTR:Quay:19477"/>
            </PassengerStopAssignment>
            <PassengerStopAssignment order="740600006" id="VTR:PassengerStopAssignment:124425" version="1">
              <ScheduledStopPointRef ref="VTR:ScheduledStopPoint:124425" version="1"/>
              <QuayRef ref="VTR:Quay:20909"/>
            </PassengerStopAssignment>
          </stopAssignments>
          <journeyPatterns>
            <JourneyPattern id="VTR:JourneyPattern:57840" version="57899">
              <Name>139</Name>
              <RouteRef ref="VTR:Route:7405" version="1"/>
              <pointsInSequence>
                <StopPointInJourneyPattern id="VTR:StopPointInJourneyPattern:1165049" version="57899" order="1">
                  <ScheduledStopPointRef ref="VTR:ScheduledStopPoint:124413"/>
                  <DestinationDisplayRef ref="VTR:DestinationDisplay:1"/>
                </StopPointInJourneyPattern>
                <StopPointInJourneyPattern id="VTR:StopPointInJourneyPattern:1165050" version="57899" order="2">
                  <ScheduledStopPointRef ref="VTR:ScheduledStopPoint:124414"/>
                  <DestinationDisplayRef ref="VTR:DestinationDisplay:1"/>
                </StopPointInJourneyPattern>
                <StopPointInJourneyPattern id="VTR:StopPointInJourneyPattern:1165051" version="57899" order="3">
                  <ScheduledStopPointRef ref="VTR:ScheduledStopPoint:124415"/>
                  <DestinationDisplayRef ref="VTR:DestinationDisplay:1"/>
                </StopPointInJourneyPattern>
                <StopPointInJourneyPattern id="VTR:StopPointInJourneyPattern:1165052" version="57899" order="4">
                  <ScheduledStopPointRef ref="VTR:ScheduledStopPoint:124416"/>
                  <DestinationDisplayRef ref="VTR:DestinationDisplay:1"/>
                </StopPointInJourneyPattern>
                <StopPointInJourneyPattern id="VTR:StopPointInJourneyPattern:1165053" version="57899" order="5">
                  <ScheduledStopPointRef ref="VTR:ScheduledStopPoint:124417"/>
                  <DestinationDisplayRef ref="VTR:DestinationDisplay:1"/>
                </StopPointInJourneyPattern>
                <StopPointInJourneyPattern id="VTR:StopPointInJourneyPattern:1165054" version="57899" order="6">
                  <ScheduledStopPointRef ref="VTR:ScheduledStopPoint:124418"/>
                  <DestinationDisplayRef ref="VTR:DestinationDisplay:1"/>
                </StopPointInJourneyPattern>
              </pointsInSequence>
            </JourneyPattern>
            <JourneyPattern id="VTR:JourneyPattern:57839" version="57898">
              <Name>124</Name>
              <RouteRef ref="VTR:Route:7406" version="1"/>
              <pointsInSequence>
                <StopPointInJourneyPattern id="VTR:StopPointInJourneyPattern:1165042" version="57898" order="1">
                  <ScheduledStopPointRef ref="VTR:ScheduledStopPoint:124419"/>
                  <DestinationDisplayRef ref="VTR:DestinationDisplay:1"/>
                </StopPointInJourneyPattern>
                <StopPointInJourneyPattern id="VTR:StopPointInJourneyPattern:1165043" version="57898" order="2">
                  <ScheduledStopPointRef ref="VTR:ScheduledStopPoint:124420"/>
                  <DestinationDisplayRef ref="VTR:DestinationDisplay:1"/>
                </StopPointInJourneyPattern>
                <StopPointInJourneyPattern id="VTR:StopPointInJourneyPattern:1165044" version="57898" order="3">
                  <ScheduledStopPointRef ref="VTR:ScheduledStopPoint:124421"/>
                  <DestinationDisplayRef ref="VTR:DestinationDisplay:1"/>
                </StopPointInJourneyPattern>
                <StopPointInJourneyPattern id="VTR:StopPointInJourneyPattern:1165045" version="57898" order="4">
                  <ScheduledStopPointRef ref="VTR:ScheduledStopPoint:124422"/>
                  <DestinationDisplayRef ref="VTR:DestinationDisplay:1"/>
                </StopPointInJourneyPattern>
                <StopPointInJourneyPattern id="VTR:StopPointInJourneyPattern:1165046" version="57898" order="5">
                  <ScheduledStopPointRef ref="VTR:ScheduledStopPoint:124423"/>
                  <DestinationDisplayRef ref="VTR:DestinationDisplay:1"/>
                </StopPointInJourneyPattern>
                <StopPointInJourneyPattern id="VTR:StopPointInJourneyPattern:1165047" version="57898" order="6">
                  <ScheduledStopPointRef ref="VTR:ScheduledStopPoint:124424"/>
                  <DestinationDisplayRef ref="VTR:DestinationDisplay:1"/>
                </StopPointInJourneyPattern>
                <StopPointInJourneyPattern id="VTR:StopPointInJourneyPattern:1165048" version="57898" order="7">
                  <ScheduledStopPointRef ref="VTR:ScheduledStopPoint:124425"/>
                  <DestinationDisplayRef ref="VTR:DestinationDisplay:1"/>
                </StopPointInJourneyPattern>
              </pointsInSequence>
            </JourneyPattern>
          </journeyPatterns>
        </ServiceFrame>
        <TimetableFrame version="1" id="VTR:TimetableFrame:1357">
          <vehicleJourneys>
            <ServiceJourney version="57899" id="VTR:ServiceJourney:57840">
              <Name>Naujoji Akmenė - Kruopiai</Name>
              <PrivateCode>139</PrivateCode>
              <dayTypes>
                <DayTypeRef ref="VTR:DayType:3016"/>
              </dayTypes>
              <JourneyPatternRef version="57899" ref="VTR:JourneyPattern:57840"/>
              <OperatorRef ref="VTR:Operator:501"/>
              <LineRef ref="VTR:Line:2854" version="2916"/>
              <passingTimes>
                <TimetabledPassingTime version="57899" id="VTR:TimetabledPassingTime:57840_1165049_1">
                  <StopPointInJourneyPatternRef ref="VTR:StopPointInJourneyPattern:1165049" version="57899"/>
                  <DepartureTime>08:35:00</DepartureTime>
                  <DepartureDayOffset>0</DepartureDayOffset>
                </TimetabledPassingTime>
                <TimetabledPassingTime version="57899" id="VTR:TimetabledPassingTime:57840_1165050_2">
                  <StopPointInJourneyPatternRef ref="VTR:StopPointInJourneyPattern:1165050" version="57899"/>
                  <DepartureTime>08:42:00</DepartureTime>
                  <DepartureDayOffset>0</DepartureDayOffset>
                </TimetabledPassingTime>
                <TimetabledPassingTime version="57899" id="VTR:TimetabledPassingTime:57840_1165051_3">
                  <StopPointInJourneyPatternRef ref="VTR:StopPointInJourneyPattern:1165051" version="57899"/>
                  <DepartureTime>08:50:00</DepartureTime>
                  <DepartureDayOffset>0</DepartureDayOffset>
                </TimetabledPassingTime>
                <TimetabledPassingTime version="57899" id="VTR:TimetabledPassingTime:57840_1165052_4">
                  <StopPointInJourneyPatternRef ref="VTR:StopPointInJourneyPattern:1165052" version="57899"/>
                  <DepartureTime>08:56:00</DepartureTime>
                  <DepartureDayOffset>0</DepartureDayOffset>
                </TimetabledPassingTime>
                <TimetabledPassingTime version="57899" id="VTR:TimetabledPassingTime:57840_1165053_5">
                  <StopPointInJourneyPatternRef ref="VTR:StopPointInJourneyPattern:1165053" version="57899"/>
                  <DepartureTime>09:00:00</DepartureTime>
                  <DepartureDayOffset>0</DepartureDayOffset>
                </TimetabledPassingTime>
                <TimetabledPassingTime version="57899" id="VTR:TimetabledPassingTime:57840_1165054_6">
                  <StopPointInJourneyPatternRef ref="VTR:StopPointInJourneyPattern:1165054" version="57899"/>
                  <DepartureTime>09:01:00</DepartureTime>
                  <DepartureDayOffset>0</DepartureDayOffset>
                </TimetabledPassingTime>
              </passingTimes>
            </ServiceJourney>
            <ServiceJourney version="57898" id="VTR:ServiceJourney:57839">
              <Name>Kruopiai - Naujoji Akmenė atgal</Name>
              <PrivateCode>124</PrivateCode>
              <dayTypes>
                <DayTypeRef ref="VTR:DayType:3016"/>
              </dayTypes>
              <JourneyPatternRef version="57898" ref="VTR:JourneyPattern:57839"/>
              <OperatorRef ref="VTR:Operator:501"/>
              <LineRef ref="VTR:Line:2854" version="2916"/>
              <passingTimes>
                <TimetabledPassingTime version="57898" id="VTR:TimetabledPassingTime:57839_1165042_1">
                  <StopPointInJourneyPatternRef ref="VTR:StopPointInJourneyPattern:1165042" version="57898"/>
                  <DepartureTime>09:01:00</DepartureTime>
                  <DepartureDayOffset>0</DepartureDayOffset>
                </TimetabledPassingTime>
                <TimetabledPassingTime version="57898" id="VTR:TimetabledPassingTime:57839_1165043_2">
                  <StopPointInJourneyPatternRef ref="VTR:StopPointInJourneyPattern:1165043" version="57898"/>
                  <DepartureTime>09:08:00</DepartureTime>
                  <DepartureDayOffset>0</DepartureDayOffset>
                </TimetabledPassingTime>
                <TimetabledPassingTime version="57898" id="VTR:TimetabledPassingTime:57839_1165044_3">
                  <StopPointInJourneyPatternRef ref="VTR:StopPointInJourneyPattern:1165044" version="57898"/>
                  <DepartureTime>09:22:00</DepartureTime>
                  <DepartureDayOffset>0</DepartureDayOffset>
                </TimetabledPassingTime>
                <TimetabledPassingTime version="57898" id="VTR:TimetabledPassingTime:57839_1165045_4">
                  <StopPointInJourneyPatternRef ref="VTR:StopPointInJourneyPattern:1165045" version="57898"/>
                  <DepartureTime>09:28:00</DepartureTime>
                  <DepartureDayOffset>0</DepartureDayOffset>
                </TimetabledPassingTime>
                <TimetabledPassingTime version="57898" id="VTR:TimetabledPassingTime:57839_1165046_5">
                  <StopPointInJourneyPatternRef ref="VTR:StopPointInJourneyPattern:1165046" version="57898"/>
                  <DepartureTime>09:33:00</DepartureTime>
                  <DepartureDayOffset>0</DepartureDayOffset>
                </TimetabledPassingTime>
                <TimetabledPassingTime version="57898" id="VTR:TimetabledPassingTime:57839_1165047_6">
                  <StopPointInJourneyPatternRef ref="VTR:StopPointInJourneyPattern:1165047" version="57898"/>
                  <DepartureTime>09:35:00</DepartureTime>
                  <DepartureDayOffset>0</DepartureDayOffset>
                </TimetabledPassingTime>
                <TimetabledPassingTime version="57898" id="VTR:TimetabledPassingTime:57839_1165048_7">
                  <StopPointInJourneyPatternRef ref="VTR:StopPointInJourneyPattern:1165048" version="57898"/>
                  <DepartureTime>09:40:00</DepartureTime>
                  <DepartureDayOffset>0</DepartureDayOffset>
                </TimetabledPassingTime>
              </passingTimes>
            </ServiceJourney>
          </vehicleJourneys>
        </TimetableFrame>
        <ResourceFrame version="1" id="VTR:ResourceFrame:1357">
          <organisations>
            <Authority version="1" id="VTR:Authority:47">
              <CompanyNumber>32</CompanyNumber>
              <Name>Akmenės r. sav.</Name>
              <LegalName>Akmenės r. sav.</LegalName>
              <ContactDetails>
                <Email>info@akmene.lt</Email>
                <Phone>842557133</Phone>
                <Url>www.akmene.lt</Url>
              </ContactDetails>
              <OrganisationType>authority</OrganisationType>
            </Authority>
          </organisations>
        </ResourceFrame>
        <FareFrame id="VTR:FareFrame:2854" version="1">
          <FrameDefaults>
            <DefaultCurrency>EUR</DefaultCurrency>
          </FrameDefaults>
          <fareStructureElements>
            <FareStructureElement id="VTR:FareStructureElement:pricematrix" version="1">
              <distanceMatrixElements>
                <DistanceMatrixElementRef ref="VTR:DistanceMatrixElement:1165042to1165043" version="1"/>
                <DistanceMatrixElementRef ref="VTR:DistanceMatrixElement:1165050to1165051" version="1"/>
                <DistanceMatrixElementRef ref="VTR:DistanceMatrixElement:1165045to1165047" version="1"/>
                <DistanceMatrixElementRef ref="VTR:DistanceMatrixElement:1165043to1165045" version="1"/>
                <DistanceMatrixElementRef ref="VTR:DistanceMatrixElement:1165046to1165048" version="1"/>
                <DistanceMatrixElementRef ref="VTR:DistanceMatrixElement:1165050to1165053" version="1"/>
                <DistanceMatrixElementRef ref="VTR:DistanceMatrixElement:1165045to1165048" version="1"/>
                <DistanceMatrixElementRef ref="VTR:DistanceMatrixElement:1165049to1165051" version="1"/>
                <DistanceMatrixElementRef ref="VTR:DistanceMatrixElement:1165049to1165053" version="1"/>
                <DistanceMatrixElementRef ref="VTR:DistanceMatrixElement:1165044to1165047" version="1"/>
                <DistanceMatrixElementRef ref="VTR:DistanceMatrixElement:1165044to1165048" version="1"/>
                <DistanceMatrixElementRef ref="VTR:DistanceMatrixElement:1165051to1165053" version="1"/>
                <DistanceMatrixElementRef ref="VTR:DistanceMatrixElement:1165050to1165052" version="1"/>
                <DistanceMatrixElementRef ref="VTR:DistanceMatrixElement:1165051to1165052" version="1"/>
                <DistanceMatrixElementRef ref="VTR:DistanceMatrixElement:1165051to1165054" version="1"/>
                <DistanceMatrixElementRef ref="VTR:DistanceMatrixElement:1165053to1165054" version="1"/>
                <DistanceMatrixElementRef ref="VTR:DistanceMatrixElement:1165042to1165048" version="1"/>
                <DistanceMatrixElementRef ref="VTR:DistanceMatrixElement:1165043to1165048" version="1"/>
                <DistanceMatrixElementRef ref="VTR:DistanceMatrixElement:1165044to1165046" version="1"/>
                <DistanceMatrixElementRef ref="VTR:DistanceMatrixElement:1165049to1165050" version="1"/>
                <DistanceMatrixElementRef ref="VTR:DistanceMatrixElement:1165042to1165044" version="1"/>
                <DistanceMatrixElementRef ref="VTR:DistanceMatrixElement:1165042to1165045" version="1"/>
                <DistanceMatrixElementRef ref="VTR:DistanceMatrixElement:1165042to1165046" version="1"/>
                <DistanceMatrixElementRef ref="VTR:DistanceMatrixElement:1165043to1165044" version="1"/>
                <DistanceMatrixElementRef ref="VTR:DistanceMatrixElement:1165045to1165046" version="1"/>
                <DistanceMatrixElementRef ref="VTR:DistanceMatrixElement:1165046to1165047" version="1"/>
                <DistanceMatrixElementRef ref="VTR:DistanceMatrixElement:1165050to1165054" version="1"/>
                <DistanceMatrixElementRef ref="VTR:DistanceMatrixElement:1165052to1165053" version="1"/>
                <DistanceMatrixElementRef ref="VTR:DistanceMatrixElement:1165052to1165054" version="1"/>
                <DistanceMatrixElementRef ref="VTR:DistanceMatrixElement:1165042to1165047" version="1"/>
                <DistanceMatrixElementRef ref="VTR:DistanceMatrixElement:1165043to1165046" version="1"/>
                <DistanceMatrixElementRef ref="VTR:DistanceMatrixElement:1165043to1165047" version="1"/>
                <DistanceMatrixElementRef ref="VTR:DistanceMatrixElement:1165047to1165048" version="1"/>
                <DistanceMatrixElementRef ref="VTR:DistanceMatrixElement:1165049to1165052" version="1"/>
                <DistanceMatrixElementRef ref="VTR:DistanceMatrixElement:1165049to1165054" version="1"/>
                <DistanceMatrixElementRef ref="VTR:DistanceMatrixElement:1165044to1165045" version="1"/>
              </distanceMatrixElements>
            </FareStructureElement>
          </fareStructureElements>
          <tariffs>
            <Tariff id="VTR:Tariff:pointToPointInSeparateJourney_2854" version="1">
              <Name>Point to point tariff</Name>
              <distanceMatrixElements>
                <DistanceMatrixElement id="VTR:DistanceMatrixElement:1165042to1165043" version="1">
                  <Name>Kruopiai to Gembutis</Name>
                  <StartStopPointRef ref="VTR:ScheduledStopPoint:124419" version="1"/>
                  <EndStopPointRef ref="VTR:ScheduledStopPoint:124420" version="1"/>
                  <prices>
                    <DistanceMatrixElementPrice id="VTR:DistanceMatrixElementPrice:1165042to1165043" version="1">
                      <Amount>0.09</Amount>
                      <DistanceMatrixElementRef ref="VTR:DistanceMatrixElement:1165042to1165043" version="1"/>
                    </DistanceMatrixElementPrice>
                  </prices>
                </DistanceMatrixElement>
                <DistanceMatrixElement id="VTR:DistanceMatrixElement:1165050to1165051" version="1">
                  <Name>Aerouostas to Keidai</Name>
                  <StartStopPointRef ref="VTR:ScheduledStopPoint:124414" version="1"/>
                  <EndStopPointRef ref="VTR:ScheduledStopPoint:124415" version="1"/>
                  <prices>
                    <DistanceMatrixElementPrice id="VTR:DistanceMatrixElementPrice:1165050to1165051" version="1">
                      <Amount>0.38</Amount>
                      <DistanceMatrixElementRef ref="VTR:DistanceMatrixElement:1165050to1165051" version="1"/>
                    </DistanceMatrixElementPrice>
                  </prices>
                </DistanceMatrixElement>
                <DistanceMatrixElement id="VTR:DistanceMatrixElement:1165045to1165047" version="1">
                  <Name>Keidai to Naujosios Akmenės autobusų stotis</Name>
                  <StartStopPointRef ref="VTR:ScheduledStopPoint:124422" version="1"/>
                  <EndStopPointRef ref="VTR:ScheduledStopPoint:124424" version="1"/>
                  <prices>
                    <DistanceMatrixElementPrice id="VTR:DistanceMatrixElementPrice:1165045to1165047" version="1">
                      <Amount>0.52</Amount>
                      <DistanceMatrixElementRef ref="VTR:DistanceMatrixElement:1165045to1165047" version="1"/>
                    </DistanceMatrixElementPrice>
                  </prices>
                </DistanceMatrixElement>
                <DistanceMatrixElement id="VTR:DistanceMatrixElement:1165043to1165045" version="1">
                  <Name>Gembutis to Keidai</Name>
                  <StartStopPointRef ref="VTR:ScheduledStopPoint:124420" version="1"/>
                  <EndStopPointRef ref="VTR:ScheduledStopPoint:124422" version="1"/>
                  <prices>
                    <DistanceMatrixElementPrice id="VTR:DistanceMatrixElementPrice:1165043to1165045" version="1">
                      <Amount>0.75</Amount>
                      <DistanceMatrixElementRef ref="VTR:DistanceMatrixElement:1165043to1165045" version="1"/>
                    </DistanceMatrixElementPrice>
                  </prices>
                </DistanceMatrixElement>
                <DistanceMatrixElement id="VTR:DistanceMatrixElement:1165046to1165048" version="1">
                  <Name>Aerouostas to Ramučių mikr.</Name>
                  <StartStopPointRef ref="VTR:ScheduledStopPoint:124423" version="1"/>
                  <EndStopPointRef ref="VTR:ScheduledStopPoint:124425" version="1"/>
                  <prices>
                    <DistanceMatrixElementPrice id="VTR:DistanceMatrixElementPrice:1165046to1165048" version="1">
                      <Amount>0.32</Amount>
                      <DistanceMatrixElementRef ref="VTR:DistanceMatrixElement:1165046to1165048" version="1"/>
                    </DistanceMatrixElementPrice>
                  </prices>
                </DistanceMatrixElement>
                <DistanceMatrixElement id="VTR:DistanceMatrixElement:1165050to1165053" version="1">
                  <Name>Aerouostas to Gembutis</Name>
                  <StartStopPointRef ref="VTR:ScheduledStopPoint:124414" version="1"/>
                  <EndStopPointRef ref="VTR:ScheduledStopPoint:124417" version="1"/>
                  <prices>
                    <DistanceMatrixElementPrice id="VTR:DistanceMatrixElementPrice:1165050to1165053" version="1">
                      <Amount>1.1</Amount>
                      <DistanceMatrixElementRef ref="VTR:DistanceMatrixElement:1165050to1165053" version="1"/>
                    </DistanceMatrixElementPrice>
                  </prices>
                </DistanceMatrixElement>
                <DistanceMatrixElement id="VTR:DistanceMatrixElement:1165045to1165048" version="1">
                  <Name>Keidai to Ramučių mikr.</Name>
                  <StartStopPointRef ref="VTR:ScheduledStopPoint:124422" version="1"/>
                  <EndStopPointRef ref="VTR:ScheduledStopPoint:124425" version="1"/>
                  <prices>
                    <DistanceMatrixElementPrice id="VTR:DistanceMatrixElementPrice:1165045to1165048" version="1">
                      <Amount>0.7</Amount>
                      <DistanceMatrixElementRef ref="VTR:DistanceMatrixElement:1165045to1165048" version="1"/>
                    </DistanceMatrixElementPrice>
                  </prices>
                </DistanceMatrixElement>
                <DistanceMatrixElement id="VTR:DistanceMatrixElement:1165049to1165051" version="1">
                  <Name>Naujosios Akmenės autobusų stotis to Keidai</Name>
                  <StartStopPointRef ref="VTR:ScheduledStopPoint:124413" version="1"/>
                  <EndStopPointRef ref="VTR:ScheduledStopPoint:124415" version="1"/>
                  <prices>
                    <DistanceMatrixElementPrice id="VTR:DistanceMatrixElementPrice:1165049to1165051" version="1">
                      <Amount>0.52</Amount>
                      <DistanceMatrixElementRef ref="VTR:DistanceMatrixElement:1165049to1165051" version="1"/>
                    </DistanceMatrixElementPrice>
                  </prices>
                </DistanceMatrixElement>
                <DistanceMatrixElement id="VTR:DistanceMatrixElement:1165049to1165053" version="1">
                  <Name>Naujosios Akmenės autobusų stotis to Gembutis</Name>
                  <StartStopPointRef ref="VTR:ScheduledStopPoint:124413" version="1"/>
                  <EndStopPointRef ref="VTR:ScheduledStopPoint:124417" version="1"/>
                  <prices>
                    <DistanceMatrixElementPrice id="VTR:DistanceMatrixElementPrice:1165049to1165053" version="1">
                      <Amount>1.27</Amount>
                      <DistanceMatrixElementRef ref="VTR:DistanceMatrixElement:1165049to1165053" version="1"/>
                    </DistanceMatrixElementPrice>
                  </prices>
                </DistanceMatrixElement>
                <DistanceMatrixElement id="VTR:DistanceMatrixElement:1165044to1165047" version="1">
                  <Name>Pakalniškiai to Naujosios Akmenės autobusų stotis</Name>
                  <StartStopPointRef ref="VTR:ScheduledStopPoint:124421" version="1"/>
                  <EndStopPointRef ref="VTR:ScheduledStopPoint:124424" version="1"/>
                  <prices>
                    <DistanceMatrixElementPrice id="VTR:DistanceMatrixElementPrice:1165044to1165047" version="1">
                      <Amount>0.9</Amount>
                      <DistanceMatrixElementRef ref="VTR:DistanceMatrixElement:1165044to1165047" version="1"/>
                    </DistanceMatrixElementPrice>
                  </prices>
                </DistanceMatrixElement>
                <DistanceMatrixElement id="VTR:DistanceMatrixElement:1165044to1165048" version="1">
                  <Name>Pakalniškiai to Ramučių mikr.</Name>
                  <StartStopPointRef ref="VTR:ScheduledStopPoint:124421" version="1"/>
                  <EndStopPointRef ref="VTR:ScheduledStopPoint:124425" version="1"/>
                  <prices>
                    <DistanceMatrixElementPrice id="VTR:DistanceMatrixElementPrice:1165044to1165048" version="1">
                      <Amount>1.04</Amount>
                      <DistanceMatrixElementRef ref="VTR:DistanceMatrixElement:1165044to1165048" version="1"/>
                    </DistanceMatrixElementPrice>
                  </prices>
                </DistanceMatrixElement>
                <DistanceMatrixElement id="VTR:DistanceMatrixElement:1165051to1165053" version="1">
                  <Name>Keidai to Gembutis</Name>
                  <StartStopPointRef ref="VTR:ScheduledStopPoint:124415" version="1"/>
                  <EndStopPointRef ref="VTR:ScheduledStopPoint:124417" version="1"/>
                  <prices>
                    <DistanceMatrixElementPrice id="VTR:DistanceMatrixElementPrice:1165051to1165053" version="1">
                      <Amount>0.75</Amount>
                      <DistanceMatrixElementRef ref="VTR:DistanceMatrixElement:1165051to1165053" version="1"/>
                    </DistanceMatrixElementPrice>
                  </prices>
                </DistanceMatrixElement>
                <DistanceMatrixElement id="VTR:DistanceMatrixElement:1165050to1165052" version="1">
                  <Name>Aerouostas to Pakalniškiai</Name>
                  <StartStopPointRef ref="VTR:ScheduledStopPoint:124414" version="1"/>
                  <EndStopPointRef ref="VTR:ScheduledStopPoint:124416" version="1"/>
                  <prices>
                    <DistanceMatrixElementPrice id="VTR:DistanceMatrixElementPrice:1165050to1165052" version="1">
                      <Amount>0.72</Amount>
                      <DistanceMatrixElementRef ref="VTR:DistanceMatrixElement:1165050to1165052" version="1"/>
                    </DistanceMatrixElementPrice>
                  </prices>
                </DistanceMatrixElement>
                <DistanceMatrixElement id="VTR:DistanceMatrixElement:1165051to1165052" version="1">
                  <Name>Keidai to Pakalniškiai</Name>
                  <StartStopPointRef ref="VTR:ScheduledStopPoint:124415" version="1"/>
                  <EndStopPointRef ref="VTR:ScheduledStopPoint:124416" version="1"/>
                  <prices>
                    <DistanceMatrixElementPrice id="VTR:DistanceMatrixElementPrice:1165051to1165052" version="1">
                      <Amount>0.38</Amount>
                      <DistanceMatrixElementRef ref="VTR:DistanceMatrixElement:1165051to1165052" version="1"/>
                    </DistanceMatrixElementPrice>
                  </prices>
                </DistanceMatrixElement>
                <DistanceMatrixElement id="VTR:DistanceMatrixElement:1165051to1165054" version="1">
                  <Name>Keidai to Kruopiai</Name>
                  <StartStopPointRef ref="VTR:ScheduledStopPoint:124415" version="1"/>
                  <EndStopPointRef ref="VTR:ScheduledStopPoint:124418" version="1"/>
                  <prices>
                    <DistanceMatrixElementPrice id="VTR:DistanceMatrixElementPrice:1165051to1165054" version="1">
                      <Amount>0.84</Amount>
                      <DistanceMatrixElementRef ref="VTR:DistanceMatrixElement:1165051to1165054" version="1"/>
                    </DistanceMatrixElementPrice>
                  </prices>
                </DistanceMatrixElement>
                <DistanceMatrixElement id="VTR:DistanceMatrixElement:1165053to1165054" version="1">
                  <Name>Gembutis to Kruopiai</Name>
                  <StartStopPointRef ref="VTR:ScheduledStopPoint:124417" version="1"/>
                  <EndStopPointRef ref="VTR:ScheduledStopPoint:124418" version="1"/>
                  <prices>
                    <DistanceMatrixElementPrice id="VTR:DistanceMatrixElementPrice:1165053to1165054" version="1">
                      <Amount>0.09</Amount>
                      <DistanceMatrixElementRef ref="VTR:DistanceMatrixElement:1165053to1165054" version="1"/>
                    </DistanceMatrixElementPrice>
                  </prices>
                </DistanceMatrixElement>
                <DistanceMatrixElement id="VTR:DistanceMatrixElement:1165042to1165048" version="1">
                  <Name>Kruopiai to Ramučių mikr.</Name>
                  <StartStopPointRef ref="VTR:ScheduledStopPoint:124419" version="1"/>
                  <EndStopPointRef ref="VTR:ScheduledStopPoint:124425" version="1"/>
                  <prices>
                    <DistanceMatrixElementPrice id="VTR:DistanceMatrixElementPrice:1165042to1165048" version="1">
                      <Amount>1.53</Amount>
                      <DistanceMatrixElementRef ref="VTR:DistanceMatrixElement:1165042to1165048" version="1"/>
                    </DistanceMatrixElementPrice>
                  </prices>
                </DistanceMatrixElement>
                <DistanceMatrixElement id="VTR:DistanceMatrixElement:1165043to1165048" version="1">
                  <Name>Gembutis to Ramučių mikr.</Name>
                  <StartStopPointRef ref="VTR:ScheduledStopPoint:124420" version="1"/>
                  <EndStopPointRef ref="VTR:ScheduledStopPoint:124425" version="1"/>
                  <prices>
                    <DistanceMatrixElementPrice id="VTR:DistanceMatrixElementPrice:1165043to1165048" version="1">
                      <Amount>1.45</Amount>
                      <DistanceMatrixElementRef ref="VTR:DistanceMatrixElement:1165043to1165048" version="1"/>
                    </DistanceMatrixElementPrice>
                  </prices>
                </DistanceMatrixElement>
                <DistanceMatrixElement id="VTR:DistanceMatrixElement:1165044to1165046" version="1">
                  <Name>Pakalniškiai to Aerouostas</Name>
                  <StartStopPointRef ref="VTR:ScheduledStopPoint:124421" version="1"/>
                  <EndStopPointRef ref="VTR:ScheduledStopPoint:124423" version="1"/>
                  <prices>
                    <DistanceMatrixElementPrice id="VTR:DistanceMatrixElementPrice:1165044to1165046" version="1">
                      <Amount>0.72</Amount>
                      <DistanceMatrixElementRef ref="VTR:DistanceMatrixElement:1165044to1165046" version="1"/>
                    </DistanceMatrixElementPrice>
                  </prices>
                </DistanceMatrixElement>
                <DistanceMatrixElement id="VTR:DistanceMatrixElement:1165049to1165050" version="1">
                  <Name>Naujosios Akmenės autobusų stotis to Aerouostas</Name>
                  <StartStopPointRef ref="VTR:ScheduledStopPoint:124413" version="1"/>
                  <EndStopPointRef ref="VTR:ScheduledStopPoint:124414" version="1"/>
                  <prices>
                    <DistanceMatrixElementPrice id="VTR:DistanceMatrixElementPrice:1165049to1165050" version="1">
                      <Amount>0.17</Amount>
                      <DistanceMatrixElementRef ref="VTR:DistanceMatrixElement:1165049to1165050" version="1"/>
                    </DistanceMatrixElementPrice>
                  </prices>
                </DistanceMatrixElement>
                <DistanceMatrixElement id="VTR:DistanceMatrixElement:1165042to1165044" version="1">
                  <Name>Kruopiai to Pakalniškiai</Name>
                  <StartStopPointRef ref="VTR:ScheduledStopPoint:124419" version="1"/>
                  <EndStopPointRef ref="VTR:ScheduledStopPoint:124421" version="1"/>
                  <prices>
                    <DistanceMatrixElementPrice id="VTR:DistanceMatrixElementPrice:1165042to1165044" version="1">
                      <Amount>0.49</Amount>
                      <DistanceMatrixElementRef ref="VTR:DistanceMatrixElement:1165042to1165044" version="1"/>
                    </DistanceMatrixElementPrice>
                  </prices>
                </DistanceMatrixElement>
                <DistanceMatrixElement id="VTR:DistanceMatrixElement:1165042to1165045" version="1">
                  <Name>Kruopiai to Keidai</Name>
                  <StartStopPointRef ref="VTR:ScheduledStopPoint:124419" version="1"/>
                  <EndStopPointRef ref="VTR:ScheduledStopPoint:124422" version="1"/>
                  <prices>
                    <DistanceMatrixElementPrice id="VTR:DistanceMatrixElementPrice:1165042to1165045" version="1">
                      <Amount>0.84</Amount>
                      <DistanceMatrixElementRef ref="VTR:DistanceMatrixElement:1165042to1165045" version="1"/>
                    </DistanceMatrixElementPrice>
                  </prices>
                </DistanceMatrixElement>
                <DistanceMatrixElement id="VTR:DistanceMatrixElement:1165042to1165046" version="1">
                  <Name>Kruopiai to Aerouostas</Name>
                  <StartStopPointRef ref="VTR:ScheduledStopPoint:124419" version="1"/>
                  <EndStopPointRef ref="VTR:ScheduledStopPoint:124423" version="1"/>
                  <prices>
                    <DistanceMatrixElementPrice id="VTR:DistanceMatrixElementPrice:1165042to1165046" version="1">
                      <Amount>1.22</Amount>
                      <DistanceMatrixElementRef ref="VTR:DistanceMatrixElement:1165042to1165046" version="1"/>
                    </DistanceMatrixElementPrice>
                  </prices>
                </DistanceMatrixElement>
                <DistanceMatrixElement id="VTR:DistanceMatrixElement:1165043to1165044" version="1">
                  <Name>Gembutis to Pakalniškiai</Name>
                  <StartStopPointRef ref="VTR:ScheduledStopPoint:124420" version="1"/>
                  <EndStopPointRef ref="VTR:ScheduledStopPoint:124421" version="1"/>
                  <prices>
                    <DistanceMatrixElementPrice id="VTR:DistanceMatrixElementPrice:1165043to1165044" version="1">
                      <Amount>0.38</Amount>
                      <DistanceMatrixElementRef ref="VTR:DistanceMatrixElement:1165043to1165044" version="1"/>
                    </DistanceMatrixElementPrice>
                  </prices>
                </DistanceMatrixElement>
                <DistanceMatrixElement id="VTR:DistanceMatrixElement:1165045to1165046" version="1">
                  <Name>Keidai to Aerouostas</Name>
                  <StartStopPointRef ref="VTR:ScheduledStopPoint:124422" version="1"/>
                  <EndStopPointRef ref="VTR:ScheduledStopPoint:124423" version="1"/>
                  <prices>
                    <DistanceMatrixElementPrice id="VTR:DistanceMatrixElementPrice:1165045to1165046" version="1">
                      <Amount>0.38</Amount>
                      <DistanceMatrixElementRef ref="VTR:DistanceMatrixElement:1165045to1165046" version="1"/>
                    </DistanceMatrixElementPrice>
                  </prices>
                </DistanceMatrixElement>
                <DistanceMatrixElement id="VTR:DistanceMatrixElement:1165046to1165047" version="1">
                  <Name>Aerouostas to Naujosios Akmenės autobusų stotis</Name>
                  <StartStopPointRef ref="VTR:ScheduledStopPoint:124423" version="1"/>
                  <EndStopPointRef ref="VTR:ScheduledStopPoint:124424" version="1"/>
                  <prices>
                    <DistanceMatrixElementPrice id="VTR:DistanceMatrixElementPrice:1165046to1165047" version="1">
                      <Amount>0.17</Amount>
                      <DistanceMatrixElementRef ref="VTR:DistanceMatrixElement:1165046to1165047" version="1"/>
                    </DistanceMatrixElementPrice>
                  </prices>
                </DistanceMatrixElement>
                <DistanceMatrixElement id="VTR:DistanceMatrixElement:1165050to1165054" version="1">
                  <Name>Aerouostas to Kruopiai</Name>
                  <StartStopPointRef ref="VTR:ScheduledStopPoint:124414" version="1"/>
                  <EndStopPointRef ref="VTR:ScheduledStopPoint:124418" version="1"/>
                  <prices>
                    <DistanceMatrixElementPrice id="VTR:DistanceMatrixElementPrice:1165050to1165054" version="1">
                      <Amount>1.22</Amount>
                      <DistanceMatrixElementRef ref="VTR:DistanceMatrixElement:1165050to1165054" version="1"/>
                    </DistanceMatrixElementPrice>
                  </prices>
                </DistanceMatrixElement>
                <DistanceMatrixElement id="VTR:DistanceMatrixElement:1165052to1165053" version="1">
                  <Name>Pakalniškiai to Gembutis</Name>
                  <StartStopPointRef ref="VTR:ScheduledStopPoint:124416" version="1"/>
                  <EndStopPointRef ref="VTR:ScheduledStopPoint:124417" version="1"/>
                  <prices>
                    <DistanceMatrixElementPrice id="VTR:DistanceMatrixElementPrice:1165052to1165053" version="1">
                      <Amount>0.38</Amount>
                      <DistanceMatrixElementRef ref="VTR:DistanceMatrixElement:1165052to1165053" version="1"/>
                    </DistanceMatrixElementPrice>
                  </prices>
                </DistanceMatrixElement>
                <DistanceMatrixElement id="VTR:DistanceMatrixElement:1165052to1165054" version="1">
                  <Name>Pakalniškiai to Kruopiai</Name>
                  <StartStopPointRef ref="VTR:ScheduledStopPoint:124416" version="1"/>
                  <EndStopPointRef ref="VTR:ScheduledStopPoint:124418" version="1"/>
                  <prices>
                    <DistanceMatrixElementPrice id="VTR:DistanceMatrixElementPrice:1165052to1165054" version="1">
                      <Amount>0.49</Amount>
                      <DistanceMatrixElementRef ref="VTR:DistanceMatrixElement:1165052to1165054" version="1"/>
                    </DistanceMatrixElementPrice>
                  </prices>
                </DistanceMatrixElement>
                <DistanceMatrixElement id="VTR:DistanceMatrixElement:1165042to1165047" version="1">
                  <Name>Kruopiai to Naujosios Akmenės autobusų stotis</Name>
                  <StartStopPointRef ref="VTR:ScheduledStopPoint:124419" version="1"/>
                  <EndStopPointRef ref="VTR:ScheduledStopPoint:124424" version="1"/>
                  <prices>
                    <DistanceMatrixElementPrice id="VTR:DistanceMatrixElementPrice:1165042to1165047" version="1">
                      <Amount>1.36</Amount>
                      <DistanceMatrixElementRef ref="VTR:DistanceMatrixElement:1165042to1165047" version="1"/>
                    </DistanceMatrixElementPrice>
                  </prices>
                </DistanceMatrixElement>
                <DistanceMatrixElement id="VTR:DistanceMatrixElement:1165043to1165046" version="1">
                  <Name>Gembutis to Aerouostas</Name>
                  <StartStopPointRef ref="VTR:ScheduledStopPoint:124420" version="1"/>
                  <EndStopPointRef ref="VTR:ScheduledStopPoint:124423" version="1"/>
                  <prices>
                    <DistanceMatrixElementPrice id="VTR:DistanceMatrixElementPrice:1165043to1165046" version="1">
                      <Amount>1.1</Amount>
                      <DistanceMatrixElementRef ref="VTR:DistanceMatrixElement:1165043to1165046" version="1"/>
                    </DistanceMatrixElementPrice>
                  </prices>
                </DistanceMatrixElement>
                <DistanceMatrixElement id="VTR:DistanceMatrixElement:1165043to1165047" version="1">
                  <Name>Gembutis to Naujosios Akmenės autobusų stotis</Name>
                  <StartStopPointRef ref="VTR:ScheduledStopPoint:124420" version="1"/>
                  <EndStopPointRef ref="VTR:ScheduledStopPoint:124424" version="1"/>
                  <prices>
                    <DistanceMatrixElementPrice id="VTR:DistanceMatrixElementPrice:1165043to1165047" version="1">
                      <Amount>1.27</Amount>
                      <DistanceMatrixElementRef ref="VTR:DistanceMatrixElement:1165043to1165047" version="1"/>
                    </DistanceMatrixElementPrice>
                  </prices>
                </DistanceMatrixElement>
                <DistanceMatrixElement id="VTR:DistanceMatrixElement:1165047to1165048" version="1">
                  <Name>Naujosios Akmenės autobusų stotis to Ramučių mikr.</Name>
                  <StartStopPointRef ref="VTR:ScheduledStopPoint:124424" version="1"/>
                  <EndStopPointRef ref="VTR:ScheduledStopPoint:124425" version="1"/>
                  <prices>
                    <DistanceMatrixElementPrice id="VTR:DistanceMatrixElementPrice:1165047to1165048" version="1">
                      <Amount>0.17</Amount>
                      <DistanceMatrixElementRef ref="VTR:DistanceMatrixElement:1165047to1165048" version="1"/>
                    </DistanceMatrixElementPrice>
                  </prices>
                </DistanceMatrixElement>
                <DistanceMatrixElement id="VTR:DistanceMatrixElement:1165049to1165052" version="1">
                  <Name>Naujosios Akmenės autobusų stotis to Pakalniškiai</Name>
                  <StartStopPointRef ref="VTR:ScheduledStopPoint:124413" version="1"/>
                  <EndStopPointRef ref="VTR:ScheduledStopPoint:124416" version="1"/>
                  <prices>
                    <DistanceMatrixElementPrice id="VTR:DistanceMatrixElementPrice:1165049to1165052" version="1">
                      <Amount>0.9</Amount>
                      <DistanceMatrixElementRef ref="VTR:DistanceMatrixElement:1165049to1165052" version="1"/>
                    </DistanceMatrixElementPrice>
                  </prices>
                </DistanceMatrixElement>
                <DistanceMatrixElement id="VTR:DistanceMatrixElement:1165049to1165054" version="1">
                  <Name>Naujosios Akmenės autobusų stotis to Kruopiai</Name>
                  <StartStopPointRef ref="VTR:ScheduledStopPoint:124413" version="1"/>
                  <EndStopPointRef ref="VTR:ScheduledStopPoint:124418" version="1"/>
                  <prices>
                    <DistanceMatrixElementPrice id="VTR:DistanceMatrixElementPrice:1165049to1165054" version="1">
                      <Amount>1.36</Amount>
                      <DistanceMatrixElementRef ref="VTR:DistanceMatrixElement:1165049to1165054" version="1"/>
                    </DistanceMatrixElementPrice>
                  </prices>
                </DistanceMatrixElement>
                <DistanceMatrixElement id="VTR:DistanceMatrixElement:1165044to1165045" version="1">
                  <Name>Pakalniškiai to Keidai</Name>
                  <StartStopPointRef ref="VTR:ScheduledStopPoint:124421" version="1"/>
                  <EndStopPointRef ref="VTR:ScheduledStopPoint:124422" version="1"/>
                  <prices>
                    <DistanceMatrixElementPrice id="VTR:DistanceMatrixElementPrice:1165044to1165045" version="1">
                      <Amount>0.38</Amount>
                      <DistanceMatrixElementRef ref="VTR:DistanceMatrixElement:1165044to1165045" version="1"/>
                    </DistanceMatrixElementPrice>
                  </prices>
                </DistanceMatrixElement>
              </distanceMatrixElements>
            </Tariff>
          </tariffs>
          <usageParameters>
            <FrequencyOfUse id="VTR:FrequencyOfUse:oneTrip" version="1">
              <FrequencyOfUseType>unlimited</FrequencyOfUseType>
              <MaximalFrequency>1</MaximalFrequency>
            </FrequencyOfUse>
          </usageParameters>
        </FareFrame>
      </frames>
    </CompositeFrame>
  </dataObjects>
</PublicationDelivery>
