<?xml version="1.0" encoding="UTF-8"?><PublicationDelivery xmlns="http://www.netex.org.uk/netex" xmlns:gis="http://www.opengis.net/gml/3.2" xmlns:ns2="http://www.opengis.net/gml/3.2" xmlns:ns3="http://www.siri.org.uk/siri" xmlns:xsi="http://www.w3.org/2001/XMLSchema-instance" version="1" xsi:schemaLocation="">
  <PublicationTimestamp>2022-05-07T01:20:00.253</PublicationTimestamp>
  <ParticipantRef>VTR</ParticipantRef>
  <Description>1</Description>
  <dataObjects>
    <CompositeFrame created="2022-05-07T01:20:00.253" version="1" id="VTR:CompositeFrame:1357">
      <validityConditions>
        <AvailabilityCondition version="1" id="VTR:AvailabilityCondition:1357">
          <FromDate>2018-08-27T19:35:52</FromDate>
          <ToDate>2025-12-31T00:00:00</ToDate>
        </AvailabilityCondition>
      </validityConditions>
      <codespaces>
        <Codespace id="vtr">
          <Xmlns>VTR</Xmlns>
          <XmlnsUrl>http://www.visimarsrutai.lt/</XmlnsUrl>
        </Codespace>
      </codespaces>
      <FrameDefaults>
        <DefaultLocale>
          <TimeZone>Europe/Vilnius</TimeZone>
        </DefaultLocale>
        <DefaultLocationSystem>WGS84</DefaultLocationSystem>
      </FrameDefaults>
      <frames>
        <ServiceCalendarFrame version="1" id="VTR:ServiceCalendarFrame:1357">
          <dayTypes>
            <DayType id="VTR:DayType:751" version="1">
              <properties>
                <PropertyOfDay>
                  <DaysOfWeek>Monday Tuesday Wednesday Thursday Friday Saturday</DaysOfWeek>
                </PropertyOfDay>
              </properties>
            </DayType>
          </dayTypes>
          <operatingPeriods>
            <OperatingPeriod version="1" id="VTR:OperatingPeriod:751">
              <FromDate>2015-01-01T00:00:00</FromDate>
              <ToDate>2040-01-01T00:00:00</ToDate>
            </OperatingPeriod>
          </operatingPeriods>
          <dayTypeAssignments>
            <DayTypeAssignment id="VTR:DayTypeAssignment:751_0" version="1" order="886">
              <OperatingPeriodRef ref="VTR:OperatingPeriod:751" version="1"/>
              <DayTypeRef ref="VTR:DayType:751" version="1"/>
            </DayTypeAssignment>
          </dayTypeAssignments>
        </ServiceCalendarFrame>
        <ServiceFrame id="VTR:ServiceFrame:1357" version="1">
          <Network version="0" id="VTR:Network:47"/>
          <routePoints>
            <RoutePoint version="1" id="VTR:RoutePoint:1320848">
              <projections>
                <PointProjection version="1" id="VTR:PointProjection:3201">
                  <ProjectedPointRef ref="VTR:ScheduledStopPoint:1320848" version="1"/>
                </PointProjection>
              </projections>
            </RoutePoint>
            <RoutePoint version="1" id="VTR:RoutePoint:1320849">
              <projections>
                <PointProjection version="1" id="VTR:PointProjection:61306">
                  <ProjectedPointRef ref="VTR:ScheduledStopPoint:1320849" version="1"/>
                </PointProjection>
              </projections>
            </RoutePoint>
            <RoutePoint version="1" id="VTR:RoutePoint:1320850">
              <projections>
                <PointProjection version="1" id="VTR:PointProjection:61307">
                  <ProjectedPointRef ref="VTR:ScheduledStopPoint:1320850" version="1"/>
                </PointProjection>
              </projections>
            </RoutePoint>
            <RoutePoint version="1" id="VTR:RoutePoint:1320851">
              <projections>
                <PointProjection version="1" id="VTR:PointProjection:61308">
                  <ProjectedPointRef ref="VTR:ScheduledStopPoint:1320851" version="1"/>
                </PointProjection>
              </projections>
            </RoutePoint>
            <RoutePoint version="1" id="VTR:RoutePoint:1320852">
              <projections>
                <PointProjection version="1" id="VTR:PointProjection:61365">
                  <ProjectedPointRef ref="VTR:ScheduledStopPoint:1320852" version="1"/>
                </PointProjection>
              </projections>
            </RoutePoint>
            <RoutePoint version="1" id="VTR:RoutePoint:1320853">
              <projections>
                <PointProjection version="1" id="VTR:PointProjection:61366">
                  <ProjectedPointRef ref="VTR:ScheduledStopPoint:1320853" version="1"/>
                </PointProjection>
              </projections>
            </RoutePoint>
            <RoutePoint version="1" id="VTR:RoutePoint:1320854">
              <projections>
                <PointProjection version="1" id="VTR:PointProjection:61367">
                  <ProjectedPointRef ref="VTR:ScheduledStopPoint:1320854" version="1"/>
                </PointProjection>
              </projections>
            </RoutePoint>
            <RoutePoint version="1" id="VTR:RoutePoint:1320855">
              <projections>
                <PointProjection version="1" id="VTR:PointProjection:61368">
                  <ProjectedPointRef ref="VTR:ScheduledStopPoint:1320855" version="1"/>
                </PointProjection>
              </projections>
            </RoutePoint>
            <RoutePoint version="1" id="VTR:RoutePoint:1320856">
              <projections>
                <PointProjection version="1" id="VTR:PointProjection:61369">
                  <ProjectedPointRef ref="VTR:ScheduledStopPoint:1320856" version="1"/>
                </PointProjection>
              </projections>
            </RoutePoint>
            <RoutePoint version="1" id="VTR:RoutePoint:1320857">
              <projections>
                <PointProjection version="1" id="VTR:PointProjection:61370">
                  <ProjectedPointRef ref="VTR:ScheduledStopPoint:1320857" version="1"/>
                </PointProjection>
              </projections>
            </RoutePoint>
            <RoutePoint version="1" id="VTR:RoutePoint:1320858">
              <projections>
                <PointProjection version="1" id="VTR:PointProjection:61371">
                  <ProjectedPointRef ref="VTR:ScheduledStopPoint:1320858" version="1"/>
                </PointProjection>
              </projections>
            </RoutePoint>
            <RoutePoint version="1" id="VTR:RoutePoint:1320859">
              <projections>
                <PointProjection version="1" id="VTR:PointProjection:61372">
                  <ProjectedPointRef ref="VTR:ScheduledStopPoint:1320859" version="1"/>
                </PointProjection>
              </projections>
            </RoutePoint>
            <RoutePoint version="1" id="VTR:RoutePoint:1320860">
              <projections>
                <PointProjection version="1" id="VTR:PointProjection:61373">
                  <ProjectedPointRef ref="VTR:ScheduledStopPoint:1320860" version="1"/>
                </PointProjection>
              </projections>
            </RoutePoint>
            <RoutePoint version="1" id="VTR:RoutePoint:1320861">
              <projections>
                <PointProjection version="1" id="VTR:PointProjection:61374">
                  <ProjectedPointRef ref="VTR:ScheduledStopPoint:1320861" version="1"/>
                </PointProjection>
              </projections>
            </RoutePoint>
            <RoutePoint version="1" id="VTR:RoutePoint:1320862">
              <projections>
                <PointProjection version="1" id="VTR:PointProjection:61375">
                  <ProjectedPointRef ref="VTR:ScheduledStopPoint:1320862" version="1"/>
                </PointProjection>
              </projections>
            </RoutePoint>
            <RoutePoint version="1" id="VTR:RoutePoint:1320863">
              <projections>
                <PointProjection version="1" id="VTR:PointProjection:61376">
                  <ProjectedPointRef ref="VTR:ScheduledStopPoint:1320863" version="1"/>
                </PointProjection>
              </projections>
            </RoutePoint>
            <RoutePoint version="1" id="VTR:RoutePoint:1320864">
              <projections>
                <PointProjection version="1" id="VTR:PointProjection:61377">
                  <ProjectedPointRef ref="VTR:ScheduledStopPoint:1320864" version="1"/>
                </PointProjection>
              </projections>
            </RoutePoint>
            <RoutePoint version="1" id="VTR:RoutePoint:1320865">
              <projections>
                <PointProjection version="1" id="VTR:PointProjection:61378">
                  <ProjectedPointRef ref="VTR:ScheduledStopPoint:1320865" version="1"/>
                </PointProjection>
              </projections>
            </RoutePoint>
            <RoutePoint version="1" id="VTR:RoutePoint:1320866">
              <projections>
                <PointProjection version="1" id="VTR:PointProjection:61379">
                  <ProjectedPointRef ref="VTR:ScheduledStopPoint:1320866" version="1"/>
                </PointProjection>
              </projections>
            </RoutePoint>
            <RoutePoint version="1" id="VTR:RoutePoint:1320867">
              <projections>
                <PointProjection version="1" id="VTR:PointProjection:61380">
                  <ProjectedPointRef ref="VTR:ScheduledStopPoint:1320867" version="1"/>
                </PointProjection>
              </projections>
            </RoutePoint>
            <RoutePoint version="1" id="VTR:RoutePoint:1320868">
              <projections>
                <PointProjection version="1" id="VTR:PointProjection:61381">
                  <ProjectedPointRef ref="VTR:ScheduledStopPoint:1320868" version="1"/>
                </PointProjection>
              </projections>
            </RoutePoint>
            <RoutePoint version="1" id="VTR:RoutePoint:1320869">
              <projections>
                <PointProjection version="1" id="VTR:PointProjection:61382">
                  <ProjectedPointRef ref="VTR:ScheduledStopPoint:1320869" version="1"/>
                </PointProjection>
              </projections>
            </RoutePoint>
            <RoutePoint version="1" id="VTR:RoutePoint:1320870">
              <projections>
                <PointProjection version="1" id="VTR:PointProjection:61383">
                  <ProjectedPointRef ref="VTR:ScheduledStopPoint:1320870" version="1"/>
                </PointProjection>
              </projections>
            </RoutePoint>
            <RoutePoint version="1" id="VTR:RoutePoint:1320871">
              <projections>
                <PointProjection version="1" id="VTR:PointProjection:61384">
                  <ProjectedPointRef ref="VTR:ScheduledStopPoint:1320871" version="1"/>
                </PointProjection>
              </projections>
            </RoutePoint>
            <RoutePoint version="1" id="VTR:RoutePoint:1320872">
              <projections>
                <PointProjection version="1" id="VTR:PointProjection:61385">
                  <ProjectedPointRef ref="VTR:ScheduledStopPoint:1320872" version="1"/>
                </PointProjection>
              </projections>
            </RoutePoint>
            <RoutePoint version="1" id="VTR:RoutePoint:1320873">
              <projections>
                <PointProjection version="1" id="VTR:PointProjection:61386">
                  <ProjectedPointRef ref="VTR:ScheduledStopPoint:1320873" version="1"/>
                </PointProjection>
              </projections>
            </RoutePoint>
            <RoutePoint version="1" id="VTR:RoutePoint:1320874">
              <projections>
                <PointProjection version="1" id="VTR:PointProjection:61387">
                  <ProjectedPointRef ref="VTR:ScheduledStopPoint:1320874" version="1"/>
                </PointProjection>
              </projections>
            </RoutePoint>
            <RoutePoint version="1" id="VTR:RoutePoint:1320875">
              <projections>
                <PointProjection version="1" id="VTR:PointProjection:61388">
                  <ProjectedPointRef ref="VTR:ScheduledStopPoint:1320875" version="1"/>
                </PointProjection>
              </projections>
            </RoutePoint>
            <RoutePoint version="1" id="VTR:RoutePoint:1320876">
              <projections>
                <PointProjection version="1" id="VTR:PointProjection:61389">
                  <ProjectedPointRef ref="VTR:ScheduledStopPoint:1320876" version="1"/>
                </PointProjection>
              </projections>
            </RoutePoint>
            <RoutePoint version="1" id="VTR:RoutePoint:1320877">
              <projections>
                <PointProjection version="1" id="VTR:PointProjection:61390">
                  <ProjectedPointRef ref="VTR:ScheduledStopPoint:1320877" version="1"/>
                </PointProjection>
              </projections>
            </RoutePoint>
            <RoutePoint version="1" id="VTR:RoutePoint:1320878">
              <projections>
                <PointProjection version="1" id="VTR:PointProjection:61391">
                  <ProjectedPointRef ref="VTR:ScheduledStopPoint:1320878" version="1"/>
                </PointProjection>
              </projections>
            </RoutePoint>
            <RoutePoint version="1" id="VTR:RoutePoint:1320879">
              <projections>
                <PointProjection version="1" id="VTR:PointProjection:61392">
                  <ProjectedPointRef ref="VTR:ScheduledStopPoint:1320879" version="1"/>
                </PointProjection>
              </projections>
            </RoutePoint>
            <RoutePoint version="1" id="VTR:RoutePoint:1320880">
              <projections>
                <PointProjection version="1" id="VTR:PointProjection:61393">
                  <ProjectedPointRef ref="VTR:ScheduledStopPoint:1320880" version="1"/>
                </PointProjection>
              </projections>
            </RoutePoint>
            <RoutePoint version="1" id="VTR:RoutePoint:1320881">
              <projections>
                <PointProjection version="1" id="VTR:PointProjection:61394">
                  <ProjectedPointRef ref="VTR:ScheduledStopPoint:1320881" version="1"/>
                </PointProjection>
              </projections>
            </RoutePoint>
            <RoutePoint version="1" id="VTR:RoutePoint:1320882">
              <projections>
                <PointProjection version="1" id="VTR:PointProjection:61395">
                  <ProjectedPointRef ref="VTR:ScheduledStopPoint:1320882" version="1"/>
                </PointProjection>
              </projections>
            </RoutePoint>
            <RoutePoint version="1" id="VTR:RoutePoint:1320883">
              <projections>
                <PointProjection version="1" id="VTR:PointProjection:61396">
                  <ProjectedPointRef ref="VTR:ScheduledStopPoint:1320883" version="1"/>
                </PointProjection>
              </projections>
            </RoutePoint>
            <RoutePoint version="1" id="VTR:RoutePoint:1320884">
              <projections>
                <PointProjection version="1" id="VTR:PointProjection:61570">
                  <ProjectedPointRef ref="VTR:ScheduledStopPoint:1320884" version="1"/>
                </PointProjection>
              </projections>
            </RoutePoint>
            <RoutePoint version="1" id="VTR:RoutePoint:1320885">
              <projections>
                <PointProjection version="1" id="VTR:PointProjection:61870">
                  <ProjectedPointRef ref="VTR:ScheduledStopPoint:1320885" version="1"/>
                </PointProjection>
              </projections>
            </RoutePoint>
            <RoutePoint version="1" id="VTR:RoutePoint:1320886">
              <projections>
                <PointProjection version="1" id="VTR:PointProjection:61871">
                  <ProjectedPointRef ref="VTR:ScheduledStopPoint:1320886" version="1"/>
                </PointProjection>
              </projections>
            </RoutePoint>
            <RoutePoint version="1" id="VTR:RoutePoint:1320887">
              <projections>
                <PointProjection version="1" id="VTR:PointProjection:61872">
                  <ProjectedPointRef ref="VTR:ScheduledStopPoint:1320887" version="1"/>
                </PointProjection>
              </projections>
            </RoutePoint>
            <RoutePoint version="1" id="VTR:RoutePoint:1320888">
              <projections>
                <PointProjection version="1" id="VTR:PointProjection:61873">
                  <ProjectedPointRef ref="VTR:ScheduledStopPoint:1320888" version="1"/>
                </PointProjection>
              </projections>
            </RoutePoint>
            <RoutePoint version="1" id="VTR:RoutePoint:1320889">
              <projections>
                <PointProjection version="1" id="VTR:PointProjection:61874">
                  <ProjectedPointRef ref="VTR:ScheduledStopPoint:1320889" version="1"/>
                </PointProjection>
              </projections>
            </RoutePoint>
          </routePoints>
          <routes>
            <Route version="1" id="VTR:Route:17472">
              <Name>Šiauliai per Kuršėnus - Naujoji Akmenė</Name>
              <ShortName>Šiauliai per Kuršėnus - Naujoji Akmenė</ShortName>
              <LineRef ref="VTR:Line:6188" version="7792"/>
              <DirectionType>inbound</DirectionType>
              <pointsInSequence>
                <PointOnRoute version="1" id="VTR:PointOnRoute:1320889" order="1">
                  <RoutePointRef ref="VTR:RoutePoint:1320889"/>
                </PointOnRoute>
                <PointOnRoute version="1" id="VTR:PointOnRoute:1320869" order="2">
                  <RoutePointRef ref="VTR:RoutePoint:1320869"/>
                </PointOnRoute>
                <PointOnRoute version="1" id="VTR:PointOnRoute:1320870" order="3">
                  <RoutePointRef ref="VTR:RoutePoint:1320870"/>
                </PointOnRoute>
                <PointOnRoute version="1" id="VTR:PointOnRoute:1320871" order="4">
                  <RoutePointRef ref="VTR:RoutePoint:1320871"/>
                </PointOnRoute>
                <PointOnRoute version="1" id="VTR:PointOnRoute:1320873" order="6">
                  <RoutePointRef ref="VTR:RoutePoint:1320873"/>
                </PointOnRoute>
                <PointOnRoute version="1" id="VTR:PointOnRoute:1320874" order="7">
                  <RoutePointRef ref="VTR:RoutePoint:1320874"/>
                </PointOnRoute>
                <PointOnRoute version="1" id="VTR:PointOnRoute:1320875" order="8">
                  <RoutePointRef ref="VTR:RoutePoint:1320875"/>
                </PointOnRoute>
                <PointOnRoute version="1" id="VTR:PointOnRoute:1320886" order="9">
                  <RoutePointRef ref="VTR:RoutePoint:1320886"/>
                </PointOnRoute>
                <PointOnRoute version="1" id="VTR:PointOnRoute:1320876" order="10">
                  <RoutePointRef ref="VTR:RoutePoint:1320876"/>
                </PointOnRoute>
                <PointOnRoute version="1" id="VTR:PointOnRoute:1320877" order="11">
                  <RoutePointRef ref="VTR:RoutePoint:1320877"/>
                </PointOnRoute>
                <PointOnRoute version="1" id="VTR:PointOnRoute:1320878" order="12">
                  <RoutePointRef ref="VTR:RoutePoint:1320878"/>
                </PointOnRoute>
                <PointOnRoute version="1" id="VTR:PointOnRoute:1320879" order="13">
                  <RoutePointRef ref="VTR:RoutePoint:1320879"/>
                </PointOnRoute>
                <PointOnRoute version="1" id="VTR:PointOnRoute:1320880" order="14">
                  <RoutePointRef ref="VTR:RoutePoint:1320880"/>
                </PointOnRoute>
                <PointOnRoute version="1" id="VTR:PointOnRoute:1320881" order="15">
                  <RoutePointRef ref="VTR:RoutePoint:1320881"/>
                </PointOnRoute>
                <PointOnRoute version="1" id="VTR:PointOnRoute:1320882" order="16">
                  <RoutePointRef ref="VTR:RoutePoint:1320882"/>
                </PointOnRoute>
                <PointOnRoute version="1" id="VTR:PointOnRoute:1320883" order="17">
                  <RoutePointRef ref="VTR:RoutePoint:1320883"/>
                </PointOnRoute>
                <PointOnRoute version="1" id="VTR:PointOnRoute:1320884" order="18">
                  <RoutePointRef ref="VTR:RoutePoint:1320884"/>
                </PointOnRoute>
                <PointOnRoute version="1" id="VTR:PointOnRoute:1320885" order="19">
                  <RoutePointRef ref="VTR:RoutePoint:1320885"/>
                </PointOnRoute>
                <PointOnRoute version="1" id="VTR:PointOnRoute:1320887" order="20">
                  <RoutePointRef ref="VTR:RoutePoint:1320887"/>
                </PointOnRoute>
                <PointOnRoute version="1" id="VTR:PointOnRoute:1320888" order="21">
                  <RoutePointRef ref="VTR:RoutePoint:1320888"/>
                </PointOnRoute>
              </pointsInSequence>
            </Route>
            <Route version="1" id="VTR:Route:17471">
              <Name>Naujoji Akmenė - Šiauliai per Kuršėnus</Name>
              <ShortName>Naujoji Akmenė - Šiauliai per Kuršėnus</ShortName>
              <LineRef ref="VTR:Line:6188" version="7792"/>
              <DirectionType>outbound</DirectionType>
              <pointsInSequence>
                <PointOnRoute version="1" id="VTR:PointOnRoute:1320848" order="1">
                  <RoutePointRef ref="VTR:RoutePoint:1320848"/>
                </PointOnRoute>
                <PointOnRoute version="1" id="VTR:PointOnRoute:1320849" order="2">
                  <RoutePointRef ref="VTR:RoutePoint:1320849"/>
                </PointOnRoute>
                <PointOnRoute version="1" id="VTR:PointOnRoute:1320850" order="3">
                  <RoutePointRef ref="VTR:RoutePoint:1320850"/>
                </PointOnRoute>
                <PointOnRoute version="1" id="VTR:PointOnRoute:1320851" order="4">
                  <RoutePointRef ref="VTR:RoutePoint:1320851"/>
                </PointOnRoute>
                <PointOnRoute version="1" id="VTR:PointOnRoute:1320852" order="5">
                  <RoutePointRef ref="VTR:RoutePoint:1320852"/>
                </PointOnRoute>
                <PointOnRoute version="1" id="VTR:PointOnRoute:1320853" order="6">
                  <RoutePointRef ref="VTR:RoutePoint:1320853"/>
                </PointOnRoute>
                <PointOnRoute version="1" id="VTR:PointOnRoute:1320854" order="7">
                  <RoutePointRef ref="VTR:RoutePoint:1320854"/>
                </PointOnRoute>
                <PointOnRoute version="1" id="VTR:PointOnRoute:1320855" order="8">
                  <RoutePointRef ref="VTR:RoutePoint:1320855"/>
                </PointOnRoute>
                <PointOnRoute version="1" id="VTR:PointOnRoute:1320856" order="9">
                  <RoutePointRef ref="VTR:RoutePoint:1320856"/>
                </PointOnRoute>
                <PointOnRoute version="1" id="VTR:PointOnRoute:1320857" order="10">
                  <RoutePointRef ref="VTR:RoutePoint:1320857"/>
                </PointOnRoute>
                <PointOnRoute version="1" id="VTR:PointOnRoute:1320858" order="11">
                  <RoutePointRef ref="VTR:RoutePoint:1320858"/>
                </PointOnRoute>
                <PointOnRoute version="1" id="VTR:PointOnRoute:1320859" order="12">
                  <RoutePointRef ref="VTR:RoutePoint:1320859"/>
                </PointOnRoute>
                <PointOnRoute version="1" id="VTR:PointOnRoute:1320860" order="13">
                  <RoutePointRef ref="VTR:RoutePoint:1320860"/>
                </PointOnRoute>
                <PointOnRoute version="1" id="VTR:PointOnRoute:1320861" order="14">
                  <RoutePointRef ref="VTR:RoutePoint:1320861"/>
                </PointOnRoute>
                <PointOnRoute version="1" id="VTR:PointOnRoute:1320862" order="15">
                  <RoutePointRef ref="VTR:RoutePoint:1320862"/>
                </PointOnRoute>
                <PointOnRoute version="1" id="VTR:PointOnRoute:1320868" order="16">
                  <RoutePointRef ref="VTR:RoutePoint:1320868"/>
                </PointOnRoute>
                <PointOnRoute version="1" id="VTR:PointOnRoute:1320863" order="17">
                  <RoutePointRef ref="VTR:RoutePoint:1320863"/>
                </PointOnRoute>
                <PointOnRoute version="1" id="VTR:PointOnRoute:1320864" order="18">
                  <RoutePointRef ref="VTR:RoutePoint:1320864"/>
                </PointOnRoute>
                <PointOnRoute version="1" id="VTR:PointOnRoute:1320865" order="19">
                  <RoutePointRef ref="VTR:RoutePoint:1320865"/>
                </PointOnRoute>
                <PointOnRoute version="1" id="VTR:PointOnRoute:1320866" order="20">
                  <RoutePointRef ref="VTR:RoutePoint:1320866"/>
                </PointOnRoute>
                <PointOnRoute version="1" id="VTR:PointOnRoute:1320867" order="21">
                  <RoutePointRef ref="VTR:RoutePoint:1320867"/>
                </PointOnRoute>
              </pointsInSequence>
            </Route>
          </routes>
          <lines>
            <Line version="7792" id="VTR:Line:6188">
              <Name>Naujoji Akmenė - Šiauliai per Kuršėnus</Name>
              <TransportMode>bus</TransportMode>
              <TransportSubmode>
                <BusSubmode>regionalBus</BusSubmode>
              </TransportSubmode>
              <PublicCode>F65</PublicCode>
              <OperatorRef ref="VTR:Operator:47"/>
            </Line>
          </lines>
          <scheduledStopPoints>
            <ScheduledStopPoint version="1" id="VTR:ScheduledStopPoint:1320848">
              <Name>Naujosios Akmenės autobusų stotis</Name>
            </ScheduledStopPoint>
            <ScheduledStopPoint version="1" id="VTR:ScheduledStopPoint:1320849">
              <Name>Pašakarniai</Name>
            </ScheduledStopPoint>
            <ScheduledStopPoint version="1" id="VTR:ScheduledStopPoint:1320850">
              <Name>Alkiškiai</Name>
            </ScheduledStopPoint>
            <ScheduledStopPoint version="1" id="VTR:ScheduledStopPoint:1320851">
              <Name>Dabikinė</Name>
            </ScheduledStopPoint>
            <ScheduledStopPoint version="1" id="VTR:ScheduledStopPoint:1320852">
              <Name>III km.</Name>
            </ScheduledStopPoint>
            <ScheduledStopPoint version="1" id="VTR:ScheduledStopPoint:1320853">
              <Name>Akmenė</Name>
            </ScheduledStopPoint>
            <ScheduledStopPoint version="1" id="VTR:ScheduledStopPoint:1320854">
              <Name>SMK</Name>
            </ScheduledStopPoint>
            <ScheduledStopPoint version="1" id="VTR:ScheduledStopPoint:1320855">
              <Name>Venta</Name>
            </ScheduledStopPoint>
            <ScheduledStopPoint version="1" id="VTR:ScheduledStopPoint:1320856">
              <Name>Vienrankiai</Name>
            </ScheduledStopPoint>
            <ScheduledStopPoint version="1" id="VTR:ScheduledStopPoint:1320857">
              <Name>Šiliškės</Name>
            </ScheduledStopPoint>
            <ScheduledStopPoint version="1" id="VTR:ScheduledStopPoint:1320858">
              <Name>Papilė</Name>
            </ScheduledStopPoint>
            <ScheduledStopPoint version="1" id="VTR:ScheduledStopPoint:1320859">
              <Name>Gendviliškis</Name>
            </ScheduledStopPoint>
            <ScheduledStopPoint version="1" id="VTR:ScheduledStopPoint:1320860">
              <Name>Šemetaičiai</Name>
            </ScheduledStopPoint>
            <ScheduledStopPoint version="1" id="VTR:ScheduledStopPoint:1320861">
              <Name>Žiliai</Name>
            </ScheduledStopPoint>
            <ScheduledStopPoint version="1" id="VTR:ScheduledStopPoint:1320862">
              <Name>Rekčiai</Name>
            </ScheduledStopPoint>
            <ScheduledStopPoint version="1" id="VTR:ScheduledStopPoint:1320863">
              <Name>Kuršėnai</Name>
            </ScheduledStopPoint>
            <ScheduledStopPoint version="1" id="VTR:ScheduledStopPoint:1320864">
              <Name>Medvalakė</Name>
            </ScheduledStopPoint>
            <ScheduledStopPoint version="1" id="VTR:ScheduledStopPoint:1320865">
              <Name>Kužiai</Name>
            </ScheduledStopPoint>
            <ScheduledStopPoint version="1" id="VTR:ScheduledStopPoint:1320866">
              <Name>Lukšiai</Name>
            </ScheduledStopPoint>
            <ScheduledStopPoint version="1" id="VTR:ScheduledStopPoint:1320867">
              <Name>Šiaulių autobusų stotis</Name>
            </ScheduledStopPoint>
            <ScheduledStopPoint version="1" id="VTR:ScheduledStopPoint:1320868">
              <Name>Gedinčiai</Name>
            </ScheduledStopPoint>
            <ScheduledStopPoint version="1" id="VTR:ScheduledStopPoint:1320869">
              <Name>Lukšiai</Name>
            </ScheduledStopPoint>
            <ScheduledStopPoint version="1" id="VTR:ScheduledStopPoint:1320870">
              <Name>Kužiai</Name>
            </ScheduledStopPoint>
            <ScheduledStopPoint version="1" id="VTR:ScheduledStopPoint:1320871">
              <Name>Medvalakė</Name>
            </ScheduledStopPoint>
            <ScheduledStopPoint version="1" id="VTR:ScheduledStopPoint:1320872">
              <Name>Dvaro</Name>
            </ScheduledStopPoint>
            <ScheduledStopPoint version="1" id="VTR:ScheduledStopPoint:1320873">
              <Name>Gedinčiai</Name>
            </ScheduledStopPoint>
            <ScheduledStopPoint version="1" id="VTR:ScheduledStopPoint:1320874">
              <Name>Rekčiai</Name>
            </ScheduledStopPoint>
            <ScheduledStopPoint version="1" id="VTR:ScheduledStopPoint:1320875">
              <Name>Žiliai</Name>
            </ScheduledStopPoint>
            <ScheduledStopPoint version="1" id="VTR:ScheduledStopPoint:1320876">
              <Name>Gendviliškis</Name>
            </ScheduledStopPoint>
            <ScheduledStopPoint version="1" id="VTR:ScheduledStopPoint:1320877">
              <Name>Papilė</Name>
            </ScheduledStopPoint>
            <ScheduledStopPoint version="1" id="VTR:ScheduledStopPoint:1320878">
              <Name>Šiliškės</Name>
            </ScheduledStopPoint>
            <ScheduledStopPoint version="1" id="VTR:ScheduledStopPoint:1320879">
              <Name>Vienrankiai</Name>
            </ScheduledStopPoint>
            <ScheduledStopPoint version="1" id="VTR:ScheduledStopPoint:1320880">
              <Name>Venta</Name>
            </ScheduledStopPoint>
            <ScheduledStopPoint version="1" id="VTR:ScheduledStopPoint:1320881">
              <Name>SMK</Name>
            </ScheduledStopPoint>
            <ScheduledStopPoint version="1" id="VTR:ScheduledStopPoint:1320882">
              <Name>Akmenė</Name>
            </ScheduledStopPoint>
            <ScheduledStopPoint version="1" id="VTR:ScheduledStopPoint:1320883">
              <Name>III km.</Name>
            </ScheduledStopPoint>
            <ScheduledStopPoint version="1" id="VTR:ScheduledStopPoint:1320884">
              <Name>Dabikinė</Name>
            </ScheduledStopPoint>
            <ScheduledStopPoint version="1" id="VTR:ScheduledStopPoint:1320885">
              <Name>Alkiškiai</Name>
            </ScheduledStopPoint>
            <ScheduledStopPoint version="1" id="VTR:ScheduledStopPoint:1320886">
              <Name>Šemetaičiai</Name>
            </ScheduledStopPoint>
            <ScheduledStopPoint version="1" id="VTR:ScheduledStopPoint:1320887">
              <Name>Pašakarniai</Name>
            </ScheduledStopPoint>
            <ScheduledStopPoint version="1" id="VTR:ScheduledStopPoint:1320888">
              <Name>Naujosios Akmenės autobusų stotis</Name>
            </ScheduledStopPoint>
            <ScheduledStopPoint version="1" id="VTR:ScheduledStopPoint:1320889">
              <Name>Šiaulių autobusų stotis</Name>
            </ScheduledStopPoint>
          </scheduledStopPoints>
          <serviceLinks>
            <ServiceLink id="VTR:ServiceLink:1320879_1_1320880_1" version="1">
              <Distance>3</Distance>
              <FromPointRef ref="VTR:ScheduledStopPoint:1320879" version="1"/>
              <ToPointRef ref="VTR:ScheduledStopPoint:1320880" version="1"/>
            </ServiceLink>
            <ServiceLink id="VTR:ServiceLink:1320859_1_1320860_1" version="1">
              <Distance>3</Distance>
              <FromPointRef ref="VTR:ScheduledStopPoint:1320859" version="1"/>
              <ToPointRef ref="VTR:ScheduledStopPoint:1320860" version="1"/>
            </ServiceLink>
            <ServiceLink id="VTR:ServiceLink:1320866_1_1320867_1" version="1">
              <Distance>10</Distance>
              <FromPointRef ref="VTR:ScheduledStopPoint:1320866" version="1"/>
              <ToPointRef ref="VTR:ScheduledStopPoint:1320867" version="1"/>
            </ServiceLink>
            <ServiceLink id="VTR:ServiceLink:1320874_1_1320875_1" version="1">
              <Distance>2</Distance>
              <FromPointRef ref="VTR:ScheduledStopPoint:1320874" version="1"/>
              <ToPointRef ref="VTR:ScheduledStopPoint:1320875" version="1"/>
            </ServiceLink>
            <ServiceLink id="VTR:ServiceLink:1320877_1_1320878_1" version="1">
              <Distance>3</Distance>
              <FromPointRef ref="VTR:ScheduledStopPoint:1320877" version="1"/>
              <ToPointRef ref="VTR:ScheduledStopPoint:1320878" version="1"/>
            </ServiceLink>
            <ServiceLink id="VTR:ServiceLink:1320886_1_1320876_1" version="1">
              <Distance>3</Distance>
              <FromPointRef ref="VTR:ScheduledStopPoint:1320886" version="1"/>
              <ToPointRef ref="VTR:ScheduledStopPoint:1320876" version="1"/>
            </ServiceLink>
            <ServiceLink id="VTR:ServiceLink:1320863_1_1320864_1" version="1">
              <Distance>3</Distance>
              <FromPointRef ref="VTR:ScheduledStopPoint:1320863" version="1"/>
              <ToPointRef ref="VTR:ScheduledStopPoint:1320864" version="1"/>
            </ServiceLink>
            <ServiceLink id="VTR:ServiceLink:1320883_1_1320884_1" version="1">
              <Distance>1</Distance>
              <FromPointRef ref="VTR:ScheduledStopPoint:1320883" version="1"/>
              <ToPointRef ref="VTR:ScheduledStopPoint:1320884" version="1"/>
            </ServiceLink>
            <ServiceLink id="VTR:ServiceLink:1320865_1_1320866_1" version="1">
              <Distance>5</Distance>
              <FromPointRef ref="VTR:ScheduledStopPoint:1320865" version="1"/>
              <ToPointRef ref="VTR:ScheduledStopPoint:1320866" version="1"/>
            </ServiceLink>
            <ServiceLink id="VTR:ServiceLink:1320857_1_1320858_1" version="1">
              <Distance>3</Distance>
              <FromPointRef ref="VTR:ScheduledStopPoint:1320857" version="1"/>
              <ToPointRef ref="VTR:ScheduledStopPoint:1320858" version="1"/>
            </ServiceLink>
            <ServiceLink id="VTR:ServiceLink:1320868_1_1320863_1" version="1">
              <Distance>4</Distance>
              <FromPointRef ref="VTR:ScheduledStopPoint:1320868" version="1"/>
              <ToPointRef ref="VTR:ScheduledStopPoint:1320863" version="1"/>
            </ServiceLink>
            <ServiceLink id="VTR:ServiceLink:1320889_1_1320869_1" version="1">
              <Distance>8</Distance>
              <FromPointRef ref="VTR:ScheduledStopPoint:1320889" version="1"/>
              <ToPointRef ref="VTR:ScheduledStopPoint:1320869" version="1"/>
            </ServiceLink>
            <ServiceLink id="VTR:ServiceLink:1320872_1_1320873_1" version="1">
              <Distance>3</Distance>
              <FromPointRef ref="VTR:ScheduledStopPoint:1320872" version="1"/>
              <ToPointRef ref="VTR:ScheduledStopPoint:1320873" version="1"/>
            </ServiceLink>
            <ServiceLink id="VTR:ServiceLink:1320881_1_1320882_1" version="1">
              <Distance>6</Distance>
              <FromPointRef ref="VTR:ScheduledStopPoint:1320881" version="1"/>
              <ToPointRef ref="VTR:ScheduledStopPoint:1320882" version="1"/>
            </ServiceLink>
            <ServiceLink id="VTR:ServiceLink:1320869_1_1320870_1" version="1">
              <Distance>7</Distance>
              <FromPointRef ref="VTR:ScheduledStopPoint:1320869" version="1"/>
              <ToPointRef ref="VTR:ScheduledStopPoint:1320870" version="1"/>
            </ServiceLink>
            <ServiceLink id="VTR:ServiceLink:1320851_1_1320852_1" version="1">
              <Distance>1</Distance>
              <FromPointRef ref="VTR:ScheduledStopPoint:1320851" version="1"/>
              <ToPointRef ref="VTR:ScheduledStopPoint:1320852" version="1"/>
            </ServiceLink>
            <ServiceLink id="VTR:ServiceLink:1320856_1_1320857_1" version="1">
              <Distance>1</Distance>
              <FromPointRef ref="VTR:ScheduledStopPoint:1320856" version="1"/>
              <ToPointRef ref="VTR:ScheduledStopPoint:1320857" version="1"/>
            </ServiceLink>
            <ServiceLink id="VTR:ServiceLink:1320855_1_1320856_1" version="1">
              <Distance>3</Distance>
              <FromPointRef ref="VTR:ScheduledStopPoint:1320855" version="1"/>
              <ToPointRef ref="VTR:ScheduledStopPoint:1320856" version="1"/>
            </ServiceLink>
            <ServiceLink id="VTR:ServiceLink:1320864_1_1320865_1" version="1">
              <Distance>10</Distance>
              <FromPointRef ref="VTR:ScheduledStopPoint:1320864" version="1"/>
              <ToPointRef ref="VTR:ScheduledStopPoint:1320865" version="1"/>
            </ServiceLink>
            <ServiceLink id="VTR:ServiceLink:1320870_1_1320871_1" version="1">
              <Distance>11</Distance>
              <FromPointRef ref="VTR:ScheduledStopPoint:1320870" version="1"/>
              <ToPointRef ref="VTR:ScheduledStopPoint:1320871" version="1"/>
            </ServiceLink>
            <ServiceLink id="VTR:ServiceLink:1320885_1_1320887_1" version="1">
              <Distance>4</Distance>
              <FromPointRef ref="VTR:ScheduledStopPoint:1320885" version="1"/>
              <ToPointRef ref="VTR:ScheduledStopPoint:1320887" version="1"/>
            </ServiceLink>
            <ServiceLink id="VTR:ServiceLink:1320873_1_1320874_1" version="1">
              <Distance>6</Distance>
              <FromPointRef ref="VTR:ScheduledStopPoint:1320873" version="1"/>
              <ToPointRef ref="VTR:ScheduledStopPoint:1320874" version="1"/>
            </ServiceLink>
            <ServiceLink id="VTR:ServiceLink:1320875_1_1320886_1" version="1">
              <Distance>3</Distance>
              <FromPointRef ref="VTR:ScheduledStopPoint:1320875" version="1"/>
              <ToPointRef ref="VTR:ScheduledStopPoint:1320886" version="1"/>
            </ServiceLink>
            <ServiceLink id="VTR:ServiceLink:1320848_1_1320849_1" version="1">
              <Distance>2</Distance>
              <FromPointRef ref="VTR:ScheduledStopPoint:1320848" version="1"/>
              <ToPointRef ref="VTR:ScheduledStopPoint:1320849" version="1"/>
            </ServiceLink>
            <ServiceLink id="VTR:ServiceLink:1320876_1_1320877_1" version="1">
              <Distance>2</Distance>
              <FromPointRef ref="VTR:ScheduledStopPoint:1320876" version="1"/>
              <ToPointRef ref="VTR:ScheduledStopPoint:1320877" version="1"/>
            </ServiceLink>
            <ServiceLink id="VTR:ServiceLink:1320852_1_1320853_1" version="1">
              <Distance>1</Distance>
              <FromPointRef ref="VTR:ScheduledStopPoint:1320852" version="1"/>
              <ToPointRef ref="VTR:ScheduledStopPoint:1320853" version="1"/>
            </ServiceLink>
            <ServiceLink id="VTR:ServiceLink:1320871_1_1320872_1" version="1">
              <Distance>3</Distance>
              <FromPointRef ref="VTR:ScheduledStopPoint:1320871" version="1"/>
              <ToPointRef ref="VTR:ScheduledStopPoint:1320872" version="1"/>
            </ServiceLink>
            <ServiceLink id="VTR:ServiceLink:1320861_1_1320862_1" version="1">
              <Distance>3</Distance>
              <FromPointRef ref="VTR:ScheduledStopPoint:1320861" version="1"/>
              <ToPointRef ref="VTR:ScheduledStopPoint:1320862" version="1"/>
            </ServiceLink>
            <ServiceLink id="VTR:ServiceLink:1320862_1_1320868_1" version="1">
              <Distance>6</Distance>
              <FromPointRef ref="VTR:ScheduledStopPoint:1320862" version="1"/>
              <ToPointRef ref="VTR:ScheduledStopPoint:1320868" version="1"/>
            </ServiceLink>
            <ServiceLink id="VTR:ServiceLink:1320858_1_1320859_1" version="1">
              <Distance>2</Distance>
              <FromPointRef ref="VTR:ScheduledStopPoint:1320858" version="1"/>
              <ToPointRef ref="VTR:ScheduledStopPoint:1320859" version="1"/>
            </ServiceLink>
            <ServiceLink id="VTR:ServiceLink:1320860_1_1320861_1" version="1">
              <Distance>3</Distance>
              <FromPointRef ref="VTR:ScheduledStopPoint:1320860" version="1"/>
              <ToPointRef ref="VTR:ScheduledStopPoint:1320861" version="1"/>
            </ServiceLink>
            <ServiceLink id="VTR:ServiceLink:1320880_1_1320881_1" version="1">
              <Distance>1</Distance>
              <FromPointRef ref="VTR:ScheduledStopPoint:1320880" version="1"/>
              <ToPointRef ref="VTR:ScheduledStopPoint:1320881" version="1"/>
            </ServiceLink>
            <ServiceLink id="VTR:ServiceLink:1320887_1_1320888_1" version="1">
              <Distance>2</Distance>
              <FromPointRef ref="VTR:ScheduledStopPoint:1320887" version="1"/>
              <ToPointRef ref="VTR:ScheduledStopPoint:1320888" version="1"/>
            </ServiceLink>
            <ServiceLink id="VTR:ServiceLink:1320854_1_1320855_1" version="1">
              <Distance>1</Distance>
              <FromPointRef ref="VTR:ScheduledStopPoint:1320854" version="1"/>
              <ToPointRef ref="VTR:ScheduledStopPoint:1320855" version="1"/>
            </ServiceLink>
            <ServiceLink id="VTR:ServiceLink:1320878_1_1320879_1" version="1">
              <Distance>1</Distance>
              <FromPointRef ref="VTR:ScheduledStopPoint:1320878" version="1"/>
              <ToPointRef ref="VTR:ScheduledStopPoint:1320879" version="1"/>
            </ServiceLink>
            <ServiceLink id="VTR:ServiceLink:1320884_1_1320885_1" version="1">
              <Distance>3</Distance>
              <FromPointRef ref="VTR:ScheduledStopPoint:1320884" version="1"/>
              <ToPointRef ref="VTR:ScheduledStopPoint:1320885" version="1"/>
            </ServiceLink>
            <ServiceLink id="VTR:ServiceLink:1320853_1_1320854_1" version="1">
              <Distance>6</Distance>
              <FromPointRef ref="VTR:ScheduledStopPoint:1320853" version="1"/>
              <ToPointRef ref="VTR:ScheduledStopPoint:1320854" version="1"/>
            </ServiceLink>
            <ServiceLink id="VTR:ServiceLink:1320850_1_1320851_1" version="1">
              <Distance>3</Distance>
              <FromPointRef ref="VTR:ScheduledStopPoint:1320850" version="1"/>
              <ToPointRef ref="VTR:ScheduledStopPoint:1320851" version="1"/>
            </ServiceLink>
            <ServiceLink id="VTR:ServiceLink:1320849_1_1320850_1" version="1">
              <Distance>4</Distance>
              <FromPointRef ref="VTR:ScheduledStopPoint:1320849" version="1"/>
              <ToPointRef ref="VTR:ScheduledStopPoint:1320850" version="1"/>
            </ServiceLink>
            <ServiceLink id="VTR:ServiceLink:1320882_1_1320883_1" version="1">
              <Distance>2</Distance>
              <FromPointRef ref="VTR:ScheduledStopPoint:1320882" version="1"/>
              <ToPointRef ref="VTR:ScheduledStopPoint:1320883" version="1"/>
            </ServiceLink>
          </serviceLinks>
          <stopAssignments>
            <PassengerStopAssignment order="1747100000" id="VTR:PassengerStopAssignment:1320848" version="1">
              <ScheduledStopPointRef ref="VTR:ScheduledStopPoint:1320848" version="1"/>
              <QuayRef ref="VTR:Quay:19477"/>
            </PassengerStopAssignment>
            <PassengerStopAssignment order="1747100001" id="VTR:PassengerStopAssignment:1320849" version="1">
              <ScheduledStopPointRef ref="VTR:ScheduledStopPoint:1320849" version="1"/>
              <QuayRef ref="VTR:Quay:9256"/>
            </PassengerStopAssignment>
            <PassengerStopAssignment order="1747100002" id="VTR:PassengerStopAssignment:1320850" version="1">
              <ScheduledStopPointRef ref="VTR:ScheduledStopPoint:1320850" version="1"/>
              <QuayRef ref="VTR:Quay:15287"/>
            </PassengerStopAssignment>
            <PassengerStopAssignment order="1747100003" id="VTR:PassengerStopAssignment:1320851" version="1">
              <ScheduledStopPointRef ref="VTR:ScheduledStopPoint:1320851" version="1"/>
              <QuayRef ref="VTR:Quay:13208"/>
            </PassengerStopAssignment>
            <PassengerStopAssignment order="1747100004" id="VTR:PassengerStopAssignment:1320852" version="1">
              <ScheduledStopPointRef ref="VTR:ScheduledStopPoint:1320852" version="1"/>
              <QuayRef ref="VTR:Quay:14155"/>
            </PassengerStopAssignment>
            <PassengerStopAssignment order="1747100005" id="VTR:PassengerStopAssignment:1320853" version="1">
              <ScheduledStopPointRef ref="VTR:ScheduledStopPoint:1320853" version="1"/>
              <QuayRef ref="VTR:Quay:15616"/>
            </PassengerStopAssignment>
            <PassengerStopAssignment order="1747100006" id="VTR:PassengerStopAssignment:1320854" version="1">
              <ScheduledStopPointRef ref="VTR:ScheduledStopPoint:1320854" version="1"/>
              <QuayRef ref="VTR:Quay:8232"/>
            </PassengerStopAssignment>
            <PassengerStopAssignment order="1747100007" id="VTR:PassengerStopAssignment:1320855" version="1">
              <ScheduledStopPointRef ref="VTR:ScheduledStopPoint:1320855" version="1"/>
              <QuayRef ref="VTR:Quay:12639"/>
            </PassengerStopAssignment>
            <PassengerStopAssignment order="1747100008" id="VTR:PassengerStopAssignment:1320856" version="1">
              <ScheduledStopPointRef ref="VTR:ScheduledStopPoint:1320856" version="1"/>
              <QuayRef ref="VTR:Quay:11665"/>
            </PassengerStopAssignment>
            <PassengerStopAssignment order="1747100009" id="VTR:PassengerStopAssignment:1320857" version="1">
              <ScheduledStopPointRef ref="VTR:ScheduledStopPoint:1320857" version="1"/>
              <QuayRef ref="VTR:Quay:11659"/>
            </PassengerStopAssignment>
            <PassengerStopAssignment order="1747100010" id="VTR:PassengerStopAssignment:1320858" version="1">
              <ScheduledStopPointRef ref="VTR:ScheduledStopPoint:1320858" version="1"/>
              <QuayRef ref="VTR:Quay:13175"/>
            </PassengerStopAssignment>
            <PassengerStopAssignment order="1747100011" id="VTR:PassengerStopAssignment:1320859" version="1">
              <ScheduledStopPointRef ref="VTR:ScheduledStopPoint:1320859" version="1"/>
              <QuayRef ref="VTR:Quay:7255"/>
            </PassengerStopAssignment>
            <PassengerStopAssignment order="1747100012" id="VTR:PassengerStopAssignment:1320860" version="1">
              <ScheduledStopPointRef ref="VTR:ScheduledStopPoint:1320860" version="1"/>
              <QuayRef ref="VTR:Quay:9257"/>
            </PassengerStopAssignment>
            <PassengerStopAssignment order="1747100013" id="VTR:PassengerStopAssignment:1320861" version="1">
              <ScheduledStopPointRef ref="VTR:ScheduledStopPoint:1320861" version="1"/>
              <QuayRef ref="VTR:Quay:4694"/>
            </PassengerStopAssignment>
            <PassengerStopAssignment order="1747100014" id="VTR:PassengerStopAssignment:1320862" version="1">
              <ScheduledStopPointRef ref="VTR:ScheduledStopPoint:1320862" version="1"/>
              <QuayRef ref="VTR:Quay:4695"/>
            </PassengerStopAssignment>
            <PassengerStopAssignment order="1747100015" id="VTR:PassengerStopAssignment:1320868" version="1">
              <ScheduledStopPointRef ref="VTR:ScheduledStopPoint:1320868" version="1"/>
              <QuayRef ref="VTR:Quay:10623"/>
            </PassengerStopAssignment>
            <PassengerStopAssignment order="1747100016" id="VTR:PassengerStopAssignment:1320863" version="1">
              <ScheduledStopPointRef ref="VTR:ScheduledStopPoint:1320863" version="1"/>
              <QuayRef ref="VTR:Quay:7095"/>
            </PassengerStopAssignment>
            <PassengerStopAssignment order="1747100017" id="VTR:PassengerStopAssignment:1320864" version="1">
              <ScheduledStopPointRef ref="VTR:ScheduledStopPoint:1320864" version="1"/>
              <QuayRef ref="VTR:Quay:13242"/>
            </PassengerStopAssignment>
            <PassengerStopAssignment order="1747100018" id="VTR:PassengerStopAssignment:1320865" version="1">
              <ScheduledStopPointRef ref="VTR:ScheduledStopPoint:1320865" version="1"/>
              <QuayRef ref="VTR:Quay:10616"/>
            </PassengerStopAssignment>
            <PassengerStopAssignment order="1747100019" id="VTR:PassengerStopAssignment:1320866" version="1">
              <ScheduledStopPointRef ref="VTR:ScheduledStopPoint:1320866" version="1"/>
              <QuayRef ref="VTR:Quay:8599"/>
            </PassengerStopAssignment>
            <PassengerStopAssignment order="1747100020" id="VTR:PassengerStopAssignment:1320867" version="1">
              <ScheduledStopPointRef ref="VTR:ScheduledStopPoint:1320867" version="1"/>
              <QuayRef ref="VTR:Quay:19488"/>
            </PassengerStopAssignment>
            <PassengerStopAssignment order="1747200000" id="VTR:PassengerStopAssignment:1320889" version="1">
              <ScheduledStopPointRef ref="VTR:ScheduledStopPoint:1320889" version="1"/>
              <QuayRef ref="VTR:Quay:19488"/>
            </PassengerStopAssignment>
            <PassengerStopAssignment order="1747200001" id="VTR:PassengerStopAssignment:1320869" version="1">
              <ScheduledStopPointRef ref="VTR:ScheduledStopPoint:1320869" version="1"/>
              <QuayRef ref="VTR:Quay:16568"/>
            </PassengerStopAssignment>
            <PassengerStopAssignment order="1747200002" id="VTR:PassengerStopAssignment:1320870" version="1">
              <ScheduledStopPointRef ref="VTR:ScheduledStopPoint:1320870" version="1"/>
              <QuayRef ref="VTR:Quay:11567"/>
            </PassengerStopAssignment>
            <PassengerStopAssignment order="1747200003" id="VTR:PassengerStopAssignment:1320871" version="1">
              <ScheduledStopPointRef ref="VTR:ScheduledStopPoint:1320871" version="1"/>
              <QuayRef ref="VTR:Quay:11118"/>
            </PassengerStopAssignment>
            <PassengerStopAssignment order="1747200004" id="VTR:PassengerStopAssignment:1320872" version="1">
              <ScheduledStopPointRef ref="VTR:ScheduledStopPoint:1320872" version="1"/>
              <QuayRef ref="VTR:Quay:6965"/>
            </PassengerStopAssignment>
            <PassengerStopAssignment order="1747200005" id="VTR:PassengerStopAssignment:1320873" version="1">
              <ScheduledStopPointRef ref="VTR:ScheduledStopPoint:1320873" version="1"/>
              <QuayRef ref="VTR:Quay:14675"/>
            </PassengerStopAssignment>
            <PassengerStopAssignment order="1747200006" id="VTR:PassengerStopAssignment:1320874" version="1">
              <ScheduledStopPointRef ref="VTR:ScheduledStopPoint:1320874" version="1"/>
              <QuayRef ref="VTR:Quay:11737"/>
            </PassengerStopAssignment>
            <PassengerStopAssignment order="1747200007" id="VTR:PassengerStopAssignment:1320875" version="1">
              <ScheduledStopPointRef ref="VTR:ScheduledStopPoint:1320875" version="1"/>
              <QuayRef ref="VTR:Quay:13609"/>
            </PassengerStopAssignment>
            <PassengerStopAssignment order="1747200008" id="VTR:PassengerStopAssignment:1320886" version="1">
              <ScheduledStopPointRef ref="VTR:ScheduledStopPoint:1320886" version="1"/>
              <QuayRef ref="VTR:Quay:9293"/>
            </PassengerStopAssignment>
            <PassengerStopAssignment order="1747200009" id="VTR:PassengerStopAssignment:1320876" version="1">
              <ScheduledStopPointRef ref="VTR:ScheduledStopPoint:1320876" version="1"/>
              <QuayRef ref="VTR:Quay:15283"/>
            </PassengerStopAssignment>
            <PassengerStopAssignment order="1747200010" id="VTR:PassengerStopAssignment:1320877" version="1">
              <ScheduledStopPointRef ref="VTR:ScheduledStopPoint:1320877" version="1"/>
              <QuayRef ref="VTR:Quay:9248"/>
            </PassengerStopAssignment>
            <PassengerStopAssignment order="1747200011" id="VTR:PassengerStopAssignment:1320878" version="1">
              <ScheduledStopPointRef ref="VTR:ScheduledStopPoint:1320878" version="1"/>
              <QuayRef ref="VTR:Quay:8595"/>
            </PassengerStopAssignment>
            <PassengerStopAssignment order="1747200012" id="VTR:PassengerStopAssignment:1320879" version="1">
              <ScheduledStopPointRef ref="VTR:ScheduledStopPoint:1320879" version="1"/>
              <QuayRef ref="VTR:Quay:8639"/>
            </PassengerStopAssignment>
            <PassengerStopAssignment order="1747200013" id="VTR:PassengerStopAssignment:1320880" version="1">
              <ScheduledStopPointRef ref="VTR:ScheduledStopPoint:1320880" version="1"/>
              <QuayRef ref="VTR:Quay:4680"/>
            </PassengerStopAssignment>
            <PassengerStopAssignment order="1747200014" id="VTR:PassengerStopAssignment:1320881" version="1">
              <ScheduledStopPointRef ref="VTR:ScheduledStopPoint:1320881" version="1"/>
              <QuayRef ref="VTR:Quay:13167"/>
            </PassengerStopAssignment>
            <PassengerStopAssignment order="1747200015" id="VTR:PassengerStopAssignment:1320882" version="1">
              <ScheduledStopPointRef ref="VTR:ScheduledStopPoint:1320882" version="1"/>
              <QuayRef ref="VTR:Quay:4636"/>
            </PassengerStopAssignment>
            <PassengerStopAssignment order="1747200016" id="VTR:PassengerStopAssignment:1320883" version="1">
              <ScheduledStopPointRef ref="VTR:ScheduledStopPoint:1320883" version="1"/>
              <QuayRef ref="VTR:Quay:6401"/>
            </PassengerStopAssignment>
            <PassengerStopAssignment order="1747200017" id="VTR:PassengerStopAssignment:1320884" version="1">
              <ScheduledStopPointRef ref="VTR:ScheduledStopPoint:1320884" version="1"/>
              <QuayRef ref="VTR:Quay:12607"/>
            </PassengerStopAssignment>
            <PassengerStopAssignment order="1747200018" id="VTR:PassengerStopAssignment:1320885" version="1">
              <ScheduledStopPointRef ref="VTR:ScheduledStopPoint:1320885" version="1"/>
              <QuayRef ref="VTR:Quay:13440"/>
            </PassengerStopAssignment>
            <PassengerStopAssignment order="1747200019" id="VTR:PassengerStopAssignment:1320887" version="1">
              <ScheduledStopPointRef ref="VTR:ScheduledStopPoint:1320887" version="1"/>
              <QuayRef ref="VTR:Quay:10199"/>
            </PassengerStopAssignment>
            <PassengerStopAssignment order="1747200020" id="VTR:PassengerStopAssignment:1320888" version="1">
              <ScheduledStopPointRef ref="VTR:ScheduledStopPoint:1320888" version="1"/>
              <QuayRef ref="VTR:Quay:19477"/>
            </PassengerStopAssignment>
          </stopAssignments>
          <journeyPatterns>
            <JourneyPattern id="VTR:JourneyPattern:2657514" version="2659443">
              <Name>141</Name>
              <RouteRef ref="VTR:Route:17471" version="1"/>
              <pointsInSequence>
                <StopPointInJourneyPattern id="VTR:StopPointInJourneyPattern:95010042" version="2659443" order="1">
                  <ScheduledStopPointRef ref="VTR:ScheduledStopPoint:1320848"/>
                  <DestinationDisplayRef ref="VTR:DestinationDisplay:1"/>
                </StopPointInJourneyPattern>
                <StopPointInJourneyPattern id="VTR:StopPointInJourneyPattern:95010043" version="2659443" order="2">
                  <ScheduledStopPointRef ref="VTR:ScheduledStopPoint:1320849"/>
                  <DestinationDisplayRef ref="VTR:DestinationDisplay:1"/>
                </StopPointInJourneyPattern>
                <StopPointInJourneyPattern id="VTR:StopPointInJourneyPattern:95010044" version="2659443" order="3">
                  <ScheduledStopPointRef ref="VTR:ScheduledStopPoint:1320850"/>
                  <DestinationDisplayRef ref="VTR:DestinationDisplay:1"/>
                </StopPointInJourneyPattern>
                <StopPointInJourneyPattern id="VTR:StopPointInJourneyPattern:95010045" version="2659443" order="4">
                  <ScheduledStopPointRef ref="VTR:ScheduledStopPoint:1320851"/>
                  <DestinationDisplayRef ref="VTR:DestinationDisplay:1"/>
                </StopPointInJourneyPattern>
                <StopPointInJourneyPattern id="VTR:StopPointInJourneyPattern:95010046" version="2659443" order="5">
                  <ScheduledStopPointRef ref="VTR:ScheduledStopPoint:1320852"/>
                  <DestinationDisplayRef ref="VTR:DestinationDisplay:1"/>
                </StopPointInJourneyPattern>
                <StopPointInJourneyPattern id="VTR:StopPointInJourneyPattern:95010047" version="2659443" order="6">
                  <ScheduledStopPointRef ref="VTR:ScheduledStopPoint:1320853"/>
                  <DestinationDisplayRef ref="VTR:DestinationDisplay:1"/>
                </StopPointInJourneyPattern>
                <StopPointInJourneyPattern id="VTR:StopPointInJourneyPattern:95010048" version="2659443" order="7">
                  <ScheduledStopPointRef ref="VTR:ScheduledStopPoint:1320854"/>
                  <DestinationDisplayRef ref="VTR:DestinationDisplay:1"/>
                </StopPointInJourneyPattern>
                <StopPointInJourneyPattern id="VTR:StopPointInJourneyPattern:95010049" version="2659443" order="8">
                  <ScheduledStopPointRef ref="VTR:ScheduledStopPoint:1320855"/>
                  <DestinationDisplayRef ref="VTR:DestinationDisplay:1"/>
                </StopPointInJourneyPattern>
                <StopPointInJourneyPattern id="VTR:StopPointInJourneyPattern:95010050" version="2659443" order="9">
                  <ScheduledStopPointRef ref="VTR:ScheduledStopPoint:1320856"/>
                  <DestinationDisplayRef ref="VTR:DestinationDisplay:1"/>
                </StopPointInJourneyPattern>
                <StopPointInJourneyPattern id="VTR:StopPointInJourneyPattern:95010051" version="2659443" order="10">
                  <ScheduledStopPointRef ref="VTR:ScheduledStopPoint:1320857"/>
                  <DestinationDisplayRef ref="VTR:DestinationDisplay:1"/>
                </StopPointInJourneyPattern>
                <StopPointInJourneyPattern id="VTR:StopPointInJourneyPattern:95010052" version="2659443" order="11">
                  <ScheduledStopPointRef ref="VTR:ScheduledStopPoint:1320858"/>
                  <DestinationDisplayRef ref="VTR:DestinationDisplay:1"/>
                </StopPointInJourneyPattern>
                <StopPointInJourneyPattern id="VTR:StopPointInJourneyPattern:95010053" version="2659443" order="12">
                  <ScheduledStopPointRef ref="VTR:ScheduledStopPoint:1320859"/>
                  <DestinationDisplayRef ref="VTR:DestinationDisplay:1"/>
                </StopPointInJourneyPattern>
                <StopPointInJourneyPattern id="VTR:StopPointInJourneyPattern:95010054" version="2659443" order="13">
                  <ScheduledStopPointRef ref="VTR:ScheduledStopPoint:1320860"/>
                  <DestinationDisplayRef ref="VTR:DestinationDisplay:1"/>
                </StopPointInJourneyPattern>
                <StopPointInJourneyPattern id="VTR:StopPointInJourneyPattern:95010055" version="2659443" order="14">
                  <ScheduledStopPointRef ref="VTR:ScheduledStopPoint:1320861"/>
                  <DestinationDisplayRef ref="VTR:DestinationDisplay:1"/>
                </StopPointInJourneyPattern>
                <StopPointInJourneyPattern id="VTR:StopPointInJourneyPattern:95010056" version="2659443" order="15">
                  <ScheduledStopPointRef ref="VTR:ScheduledStopPoint:1320862"/>
                  <DestinationDisplayRef ref="VTR:DestinationDisplay:1"/>
                </StopPointInJourneyPattern>
                <StopPointInJourneyPattern id="VTR:StopPointInJourneyPattern:95010057" version="2659443" order="16">
                  <ScheduledStopPointRef ref="VTR:ScheduledStopPoint:1320868"/>
                  <DestinationDisplayRef ref="VTR:DestinationDisplay:1"/>
                </StopPointInJourneyPattern>
                <StopPointInJourneyPattern id="VTR:StopPointInJourneyPattern:95010058" version="2659443" order="17">
                  <ScheduledStopPointRef ref="VTR:ScheduledStopPoint:1320863"/>
                  <DestinationDisplayRef ref="VTR:DestinationDisplay:1"/>
                </StopPointInJourneyPattern>
                <StopPointInJourneyPattern id="VTR:StopPointInJourneyPattern:95010059" version="2659443" order="18">
                  <ScheduledStopPointRef ref="VTR:ScheduledStopPoint:1320864"/>
                  <DestinationDisplayRef ref="VTR:DestinationDisplay:1"/>
                </StopPointInJourneyPattern>
                <StopPointInJourneyPattern id="VTR:StopPointInJourneyPattern:95010060" version="2659443" order="19">
                  <ScheduledStopPointRef ref="VTR:ScheduledStopPoint:1320865"/>
                  <DestinationDisplayRef ref="VTR:DestinationDisplay:1"/>
                </StopPointInJourneyPattern>
                <StopPointInJourneyPattern id="VTR:StopPointInJourneyPattern:95010061" version="2659443" order="20">
                  <ScheduledStopPointRef ref="VTR:ScheduledStopPoint:1320866"/>
                  <DestinationDisplayRef ref="VTR:DestinationDisplay:1"/>
                </StopPointInJourneyPattern>
                <StopPointInJourneyPattern id="VTR:StopPointInJourneyPattern:95010062" version="2659443" order="21">
                  <ScheduledStopPointRef ref="VTR:ScheduledStopPoint:1320867"/>
                  <DestinationDisplayRef ref="VTR:DestinationDisplay:1"/>
                </StopPointInJourneyPattern>
              </pointsInSequence>
            </JourneyPattern>
            <JourneyPattern id="VTR:JourneyPattern:2657515" version="2659444">
              <Name>126</Name>
              <RouteRef ref="VTR:Route:17472" version="1"/>
              <pointsInSequence>
                <StopPointInJourneyPattern id="VTR:StopPointInJourneyPattern:95010063" version="2659444" order="1">
                  <ScheduledStopPointRef ref="VTR:ScheduledStopPoint:1320889"/>
                  <DestinationDisplayRef ref="VTR:DestinationDisplay:1"/>
                </StopPointInJourneyPattern>
                <StopPointInJourneyPattern id="VTR:StopPointInJourneyPattern:95010064" version="2659444" order="2">
                  <ScheduledStopPointRef ref="VTR:ScheduledStopPoint:1320869"/>
                  <DestinationDisplayRef ref="VTR:DestinationDisplay:1"/>
                </StopPointInJourneyPattern>
                <StopPointInJourneyPattern id="VTR:StopPointInJourneyPattern:95010065" version="2659444" order="3">
                  <ScheduledStopPointRef ref="VTR:ScheduledStopPoint:1320870"/>
                  <DestinationDisplayRef ref="VTR:DestinationDisplay:1"/>
                </StopPointInJourneyPattern>
                <StopPointInJourneyPattern id="VTR:StopPointInJourneyPattern:95010066" version="2659444" order="4">
                  <ScheduledStopPointRef ref="VTR:ScheduledStopPoint:1320871"/>
                  <DestinationDisplayRef ref="VTR:DestinationDisplay:1"/>
                </StopPointInJourneyPattern>
                <StopPointInJourneyPattern id="VTR:StopPointInJourneyPattern:95010067" version="2659444" order="6">
                  <ScheduledStopPointRef ref="VTR:ScheduledStopPoint:1320873"/>
                  <DestinationDisplayRef ref="VTR:DestinationDisplay:1"/>
                </StopPointInJourneyPattern>
                <StopPointInJourneyPattern id="VTR:StopPointInJourneyPattern:95010068" version="2659444" order="7">
                  <ScheduledStopPointRef ref="VTR:ScheduledStopPoint:1320874"/>
                  <DestinationDisplayRef ref="VTR:DestinationDisplay:1"/>
                </StopPointInJourneyPattern>
                <StopPointInJourneyPattern id="VTR:StopPointInJourneyPattern:95010069" version="2659444" order="8">
                  <ScheduledStopPointRef ref="VTR:ScheduledStopPoint:1320875"/>
                  <DestinationDisplayRef ref="VTR:DestinationDisplay:1"/>
                </StopPointInJourneyPattern>
                <StopPointInJourneyPattern id="VTR:StopPointInJourneyPattern:95010070" version="2659444" order="9">
                  <ScheduledStopPointRef ref="VTR:ScheduledStopPoint:1320886"/>
                  <DestinationDisplayRef ref="VTR:DestinationDisplay:1"/>
                </StopPointInJourneyPattern>
                <StopPointInJourneyPattern id="VTR:StopPointInJourneyPattern:95010071" version="2659444" order="10">
                  <ScheduledStopPointRef ref="VTR:ScheduledStopPoint:1320876"/>
                  <DestinationDisplayRef ref="VTR:DestinationDisplay:1"/>
                </StopPointInJourneyPattern>
                <StopPointInJourneyPattern id="VTR:StopPointInJourneyPattern:95010072" version="2659444" order="11">
                  <ScheduledStopPointRef ref="VTR:ScheduledStopPoint:1320877"/>
                  <DestinationDisplayRef ref="VTR:DestinationDisplay:1"/>
                </StopPointInJourneyPattern>
                <StopPointInJourneyPattern id="VTR:StopPointInJourneyPattern:95010073" version="2659444" order="12">
                  <ScheduledStopPointRef ref="VTR:ScheduledStopPoint:1320878"/>
                  <DestinationDisplayRef ref="VTR:DestinationDisplay:1"/>
                </StopPointInJourneyPattern>
                <StopPointInJourneyPattern id="VTR:StopPointInJourneyPattern:95010074" version="2659444" order="13">
                  <ScheduledStopPointRef ref="VTR:ScheduledStopPoint:1320879"/>
                  <DestinationDisplayRef ref="VTR:DestinationDisplay:1"/>
                </StopPointInJourneyPattern>
                <StopPointInJourneyPattern id="VTR:StopPointInJourneyPattern:95010075" version="2659444" order="14">
                  <ScheduledStopPointRef ref="VTR:ScheduledStopPoint:1320880"/>
                  <DestinationDisplayRef ref="VTR:DestinationDisplay:1"/>
                </StopPointInJourneyPattern>
                <StopPointInJourneyPattern id="VTR:StopPointInJourneyPattern:95010076" version="2659444" order="15">
                  <ScheduledStopPointRef ref="VTR:ScheduledStopPoint:1320881"/>
                  <DestinationDisplayRef ref="VTR:DestinationDisplay:1"/>
                </StopPointInJourneyPattern>
                <StopPointInJourneyPattern id="VTR:StopPointInJourneyPattern:95010077" version="2659444" order="16">
                  <ScheduledStopPointRef ref="VTR:ScheduledStopPoint:1320882"/>
                  <DestinationDisplayRef ref="VTR:DestinationDisplay:1"/>
                </StopPointInJourneyPattern>
                <StopPointInJourneyPattern id="VTR:StopPointInJourneyPattern:95010078" version="2659444" order="17">
                  <ScheduledStopPointRef ref="VTR:ScheduledStopPoint:1320883"/>
                  <DestinationDisplayRef ref="VTR:DestinationDisplay:1"/>
                </StopPointInJourneyPattern>
                <StopPointInJourneyPattern id="VTR:StopPointInJourneyPattern:95010079" version="2659444" order="18">
                  <ScheduledStopPointRef ref="VTR:ScheduledStopPoint:1320884"/>
                  <DestinationDisplayRef ref="VTR:DestinationDisplay:1"/>
                </StopPointInJourneyPattern>
                <StopPointInJourneyPattern id="VTR:StopPointInJourneyPattern:95010080" version="2659444" order="19">
                  <ScheduledStopPointRef ref="VTR:ScheduledStopPoint:1320885"/>
                  <DestinationDisplayRef ref="VTR:DestinationDisplay:1"/>
                </StopPointInJourneyPattern>
                <StopPointInJourneyPattern id="VTR:StopPointInJourneyPattern:95010081" version="2659444" order="20">
                  <ScheduledStopPointRef ref="VTR:ScheduledStopPoint:1320887"/>
                  <DestinationDisplayRef ref="VTR:DestinationDisplay:1"/>
                </StopPointInJourneyPattern>
                <StopPointInJourneyPattern id="VTR:StopPointInJourneyPattern:95010082" version="2659444" order="21">
                  <ScheduledStopPointRef ref="VTR:ScheduledStopPoint:1320888"/>
                  <DestinationDisplayRef ref="VTR:DestinationDisplay:1"/>
                </StopPointInJourneyPattern>
              </pointsInSequence>
            </JourneyPattern>
          </journeyPatterns>
        </ServiceFrame>
        <TimetableFrame version="1" id="VTR:TimetableFrame:1357">
          <vehicleJourneys>
            <ServiceJourney version="2659444" id="VTR:ServiceJourney:2657515">
              <Name>Šiauliai per Kuršėnus - Naujoji Akmenė</Name>
              <PrivateCode>126</PrivateCode>
              <dayTypes>
                <DayTypeRef ref="VTR:DayType:751"/>
              </dayTypes>
              <JourneyPatternRef version="2659444" ref="VTR:JourneyPattern:2657515"/>
              <OperatorRef ref="VTR:Operator:501"/>
              <LineRef ref="VTR:Line:6188" version="7792"/>
              <passingTimes>
                <TimetabledPassingTime version="2659444" id="VTR:TimetabledPassingTime:2657515_95010063_1">
                  <StopPointInJourneyPatternRef ref="VTR:StopPointInJourneyPattern:95010063" version="2659444"/>
                  <DepartureTime>10:20:00</DepartureTime>
                  <DepartureDayOffset>0</DepartureDayOffset>
                </TimetabledPassingTime>
                <TimetabledPassingTime version="2659444" id="VTR:TimetabledPassingTime:2657515_95010064_2">
                  <StopPointInJourneyPatternRef ref="VTR:StopPointInJourneyPattern:95010064" version="2659444"/>
                  <DepartureTime>10:29:00</DepartureTime>
                  <DepartureDayOffset>0</DepartureDayOffset>
                </TimetabledPassingTime>
                <TimetabledPassingTime version="2659444" id="VTR:TimetabledPassingTime:2657515_95010065_3">
                  <StopPointInJourneyPatternRef ref="VTR:StopPointInJourneyPattern:95010065" version="2659444"/>
                  <DepartureTime>10:35:00</DepartureTime>
                  <DepartureDayOffset>0</DepartureDayOffset>
                </TimetabledPassingTime>
                <TimetabledPassingTime version="2659444" id="VTR:TimetabledPassingTime:2657515_95010066_4">
                  <StopPointInJourneyPatternRef ref="VTR:StopPointInJourneyPattern:95010066" version="2659444"/>
                  <DepartureTime>10:44:00</DepartureTime>
                  <DepartureDayOffset>0</DepartureDayOffset>
                </TimetabledPassingTime>
                <TimetabledPassingTime version="2659444" id="VTR:TimetabledPassingTime:2657515_95010067_6">
                  <StopPointInJourneyPatternRef ref="VTR:StopPointInJourneyPattern:95010067" version="2659444"/>
                  <DepartureTime>10:54:00</DepartureTime>
                  <DepartureDayOffset>0</DepartureDayOffset>
                </TimetabledPassingTime>
                <TimetabledPassingTime version="2659444" id="VTR:TimetabledPassingTime:2657515_95010068_7">
                  <StopPointInJourneyPatternRef ref="VTR:StopPointInJourneyPattern:95010068" version="2659444"/>
                  <DepartureTime>11:01:00</DepartureTime>
                  <DepartureDayOffset>0</DepartureDayOffset>
                </TimetabledPassingTime>
                <TimetabledPassingTime version="2659444" id="VTR:TimetabledPassingTime:2657515_95010069_8">
                  <StopPointInJourneyPatternRef ref="VTR:StopPointInJourneyPattern:95010069" version="2659444"/>
                  <DepartureTime>11:05:00</DepartureTime>
                  <DepartureDayOffset>0</DepartureDayOffset>
                </TimetabledPassingTime>
                <TimetabledPassingTime version="2659444" id="VTR:TimetabledPassingTime:2657515_95010070_9">
                  <StopPointInJourneyPatternRef ref="VTR:StopPointInJourneyPattern:95010070" version="2659444"/>
                  <DepartureTime>11:09:00</DepartureTime>
                  <DepartureDayOffset>0</DepartureDayOffset>
                </TimetabledPassingTime>
                <TimetabledPassingTime version="2659444" id="VTR:TimetabledPassingTime:2657515_95010071_10">
                  <StopPointInJourneyPatternRef ref="VTR:StopPointInJourneyPattern:95010071" version="2659444"/>
                  <DepartureTime>11:14:00</DepartureTime>
                  <DepartureDayOffset>0</DepartureDayOffset>
                </TimetabledPassingTime>
                <TimetabledPassingTime version="2659444" id="VTR:TimetabledPassingTime:2657515_95010072_11">
                  <StopPointInJourneyPatternRef ref="VTR:StopPointInJourneyPattern:95010072" version="2659444"/>
                  <DepartureTime>11:17:00</DepartureTime>
                  <DepartureDayOffset>0</DepartureDayOffset>
                </TimetabledPassingTime>
                <TimetabledPassingTime version="2659444" id="VTR:TimetabledPassingTime:2657515_95010073_12">
                  <StopPointInJourneyPatternRef ref="VTR:StopPointInJourneyPattern:95010073" version="2659444"/>
                  <DepartureTime>11:20:00</DepartureTime>
                  <DepartureDayOffset>0</DepartureDayOffset>
                </TimetabledPassingTime>
                <TimetabledPassingTime version="2659444" id="VTR:TimetabledPassingTime:2657515_95010074_13">
                  <StopPointInJourneyPatternRef ref="VTR:StopPointInJourneyPattern:95010074" version="2659444"/>
                  <DepartureTime>11:22:00</DepartureTime>
                  <DepartureDayOffset>0</DepartureDayOffset>
                </TimetabledPassingTime>
                <TimetabledPassingTime version="2659444" id="VTR:TimetabledPassingTime:2657515_95010075_14">
                  <StopPointInJourneyPatternRef ref="VTR:StopPointInJourneyPattern:95010075" version="2659444"/>
                  <DepartureTime>11:26:00</DepartureTime>
                  <DepartureDayOffset>0</DepartureDayOffset>
                </TimetabledPassingTime>
                <TimetabledPassingTime version="2659444" id="VTR:TimetabledPassingTime:2657515_95010076_15">
                  <StopPointInJourneyPatternRef ref="VTR:StopPointInJourneyPattern:95010076" version="2659444"/>
                  <DepartureTime>11:30:00</DepartureTime>
                  <DepartureDayOffset>0</DepartureDayOffset>
                </TimetabledPassingTime>
                <TimetabledPassingTime version="2659444" id="VTR:TimetabledPassingTime:2657515_95010077_16">
                  <StopPointInJourneyPatternRef ref="VTR:StopPointInJourneyPattern:95010077" version="2659444"/>
                  <DepartureTime>11:35:00</DepartureTime>
                  <DepartureDayOffset>0</DepartureDayOffset>
                </TimetabledPassingTime>
                <TimetabledPassingTime version="2659444" id="VTR:TimetabledPassingTime:2657515_95010078_17">
                  <StopPointInJourneyPatternRef ref="VTR:StopPointInJourneyPattern:95010078" version="2659444"/>
                  <DepartureTime>11:40:00</DepartureTime>
                  <DepartureDayOffset>0</DepartureDayOffset>
                </TimetabledPassingTime>
                <TimetabledPassingTime version="2659444" id="VTR:TimetabledPassingTime:2657515_95010079_18">
                  <StopPointInJourneyPatternRef ref="VTR:StopPointInJourneyPattern:95010079" version="2659444"/>
                  <DepartureTime>11:44:00</DepartureTime>
                  <DepartureDayOffset>0</DepartureDayOffset>
                </TimetabledPassingTime>
                <TimetabledPassingTime version="2659444" id="VTR:TimetabledPassingTime:2657515_95010080_19">
                  <StopPointInJourneyPatternRef ref="VTR:StopPointInJourneyPattern:95010080" version="2659444"/>
                  <DepartureTime>11:49:00</DepartureTime>
                  <DepartureDayOffset>0</DepartureDayOffset>
                </TimetabledPassingTime>
                <TimetabledPassingTime version="2659444" id="VTR:TimetabledPassingTime:2657515_95010081_20">
                  <StopPointInJourneyPatternRef ref="VTR:StopPointInJourneyPattern:95010081" version="2659444"/>
                  <DepartureTime>11:56:00</DepartureTime>
                  <DepartureDayOffset>0</DepartureDayOffset>
                </TimetabledPassingTime>
                <TimetabledPassingTime version="2659444" id="VTR:TimetabledPassingTime:2657515_95010082_21">
                  <StopPointInJourneyPatternRef ref="VTR:StopPointInJourneyPattern:95010082" version="2659444"/>
                  <DepartureTime>12:00:00</DepartureTime>
                  <DepartureDayOffset>0</DepartureDayOffset>
                </TimetabledPassingTime>
              </passingTimes>
            </ServiceJourney>
            <ServiceJourney version="2659443" id="VTR:ServiceJourney:2657514">
              <Name>Naujoji Akmenė - Šiauliai per Kuršėnus</Name>
              <PrivateCode>141</PrivateCode>
              <dayTypes>
                <DayTypeRef ref="VTR:DayType:751"/>
              </dayTypes>
              <JourneyPatternRef version="2659443" ref="VTR:JourneyPattern:2657514"/>
              <OperatorRef ref="VTR:Operator:501"/>
              <LineRef ref="VTR:Line:6188" version="7792"/>
              <passingTimes>
                <TimetabledPassingTime version="2659443" id="VTR:TimetabledPassingTime:2657514_95010042_1">
                  <StopPointInJourneyPatternRef ref="VTR:StopPointInJourneyPattern:95010042" version="2659443"/>
                  <DepartureTime>06:45:00</DepartureTime>
                  <DepartureDayOffset>0</DepartureDayOffset>
                </TimetabledPassingTime>
                <TimetabledPassingTime version="2659443" id="VTR:TimetabledPassingTime:2657514_95010043_2">
                  <StopPointInJourneyPatternRef ref="VTR:StopPointInJourneyPattern:95010043" version="2659443"/>
                  <DepartureTime>06:49:00</DepartureTime>
                  <DepartureDayOffset>0</DepartureDayOffset>
                </TimetabledPassingTime>
                <TimetabledPassingTime version="2659443" id="VTR:TimetabledPassingTime:2657514_95010044_3">
                  <StopPointInJourneyPatternRef ref="VTR:StopPointInJourneyPattern:95010044" version="2659443"/>
                  <DepartureTime>06:56:00</DepartureTime>
                  <DepartureDayOffset>0</DepartureDayOffset>
                </TimetabledPassingTime>
                <TimetabledPassingTime version="2659443" id="VTR:TimetabledPassingTime:2657514_95010045_4">
                  <StopPointInJourneyPatternRef ref="VTR:StopPointInJourneyPattern:95010045" version="2659443"/>
                  <DepartureTime>07:01:00</DepartureTime>
                  <DepartureDayOffset>0</DepartureDayOffset>
                </TimetabledPassingTime>
                <TimetabledPassingTime version="2659443" id="VTR:TimetabledPassingTime:2657514_95010046_5">
                  <StopPointInJourneyPatternRef ref="VTR:StopPointInJourneyPattern:95010046" version="2659443"/>
                  <DepartureTime>07:03:00</DepartureTime>
                  <DepartureDayOffset>0</DepartureDayOffset>
                </TimetabledPassingTime>
                <TimetabledPassingTime version="2659443" id="VTR:TimetabledPassingTime:2657514_95010047_6">
                  <StopPointInJourneyPatternRef ref="VTR:StopPointInJourneyPattern:95010047" version="2659443"/>
                  <DepartureTime>07:07:00</DepartureTime>
                  <DepartureDayOffset>0</DepartureDayOffset>
                </TimetabledPassingTime>
                <TimetabledPassingTime version="2659443" id="VTR:TimetabledPassingTime:2657514_95010048_7">
                  <StopPointInJourneyPatternRef ref="VTR:StopPointInJourneyPattern:95010048" version="2659443"/>
                  <DepartureTime>07:14:00</DepartureTime>
                  <DepartureDayOffset>0</DepartureDayOffset>
                </TimetabledPassingTime>
                <TimetabledPassingTime version="2659443" id="VTR:TimetabledPassingTime:2657514_95010049_8">
                  <StopPointInJourneyPatternRef ref="VTR:StopPointInJourneyPattern:95010049" version="2659443"/>
                  <DepartureTime>07:19:00</DepartureTime>
                  <DepartureDayOffset>0</DepartureDayOffset>
                </TimetabledPassingTime>
                <TimetabledPassingTime version="2659443" id="VTR:TimetabledPassingTime:2657514_95010050_9">
                  <StopPointInJourneyPatternRef ref="VTR:StopPointInJourneyPattern:95010050" version="2659443"/>
                  <DepartureTime>07:23:00</DepartureTime>
                  <DepartureDayOffset>0</DepartureDayOffset>
                </TimetabledPassingTime>
                <TimetabledPassingTime version="2659443" id="VTR:TimetabledPassingTime:2657514_95010051_10">
                  <StopPointInJourneyPatternRef ref="VTR:StopPointInJourneyPattern:95010051" version="2659443"/>
                  <DepartureTime>07:25:00</DepartureTime>
                  <DepartureDayOffset>0</DepartureDayOffset>
                </TimetabledPassingTime>
                <TimetabledPassingTime version="2659443" id="VTR:TimetabledPassingTime:2657514_95010052_11">
                  <StopPointInJourneyPatternRef ref="VTR:StopPointInJourneyPattern:95010052" version="2659443"/>
                  <DepartureTime>07:28:00</DepartureTime>
                  <DepartureDayOffset>0</DepartureDayOffset>
                </TimetabledPassingTime>
                <TimetabledPassingTime version="2659443" id="VTR:TimetabledPassingTime:2657514_95010053_12">
                  <StopPointInJourneyPatternRef ref="VTR:StopPointInJourneyPattern:95010053" version="2659443"/>
                  <DepartureTime>07:31:00</DepartureTime>
                  <DepartureDayOffset>0</DepartureDayOffset>
                </TimetabledPassingTime>
                <TimetabledPassingTime version="2659443" id="VTR:TimetabledPassingTime:2657514_95010054_13">
                  <StopPointInJourneyPatternRef ref="VTR:StopPointInJourneyPattern:95010054" version="2659443"/>
                  <DepartureTime>07:36:00</DepartureTime>
                  <DepartureDayOffset>0</DepartureDayOffset>
                </TimetabledPassingTime>
                <TimetabledPassingTime version="2659443" id="VTR:TimetabledPassingTime:2657514_95010055_14">
                  <StopPointInJourneyPatternRef ref="VTR:StopPointInJourneyPattern:95010055" version="2659443"/>
                  <DepartureTime>07:40:00</DepartureTime>
                  <DepartureDayOffset>0</DepartureDayOffset>
                </TimetabledPassingTime>
                <TimetabledPassingTime version="2659443" id="VTR:TimetabledPassingTime:2657514_95010056_15">
                  <StopPointInJourneyPatternRef ref="VTR:StopPointInJourneyPattern:95010056" version="2659443"/>
                  <DepartureTime>07:44:00</DepartureTime>
                  <DepartureDayOffset>0</DepartureDayOffset>
                </TimetabledPassingTime>
                <TimetabledPassingTime version="2659443" id="VTR:TimetabledPassingTime:2657514_95010057_16">
                  <StopPointInJourneyPatternRef ref="VTR:StopPointInJourneyPattern:95010057" version="2659443"/>
                  <DepartureTime>07:51:00</DepartureTime>
                  <DepartureDayOffset>0</DepartureDayOffset>
                </TimetabledPassingTime>
                <TimetabledPassingTime version="2659443" id="VTR:TimetabledPassingTime:2657514_95010058_17">
                  <StopPointInJourneyPatternRef ref="VTR:StopPointInJourneyPattern:95010058" version="2659443"/>
                  <DepartureTime>08:00:00</DepartureTime>
                  <DepartureDayOffset>0</DepartureDayOffset>
                </TimetabledPassingTime>
                <TimetabledPassingTime version="2659443" id="VTR:TimetabledPassingTime:2657514_95010059_18">
                  <StopPointInJourneyPatternRef ref="VTR:StopPointInJourneyPattern:95010059" version="2659443"/>
                  <DepartureTime>08:01:00</DepartureTime>
                  <DepartureDayOffset>0</DepartureDayOffset>
                </TimetabledPassingTime>
                <TimetabledPassingTime version="2659443" id="VTR:TimetabledPassingTime:2657514_95010060_19">
                  <StopPointInJourneyPatternRef ref="VTR:StopPointInJourneyPattern:95010060" version="2659443"/>
                  <DepartureTime>08:10:00</DepartureTime>
                  <DepartureDayOffset>0</DepartureDayOffset>
                </TimetabledPassingTime>
                <TimetabledPassingTime version="2659443" id="VTR:TimetabledPassingTime:2657514_95010061_20">
                  <StopPointInJourneyPatternRef ref="VTR:StopPointInJourneyPattern:95010061" version="2659443"/>
                  <DepartureTime>08:16:00</DepartureTime>
                  <DepartureDayOffset>0</DepartureDayOffset>
                </TimetabledPassingTime>
                <TimetabledPassingTime version="2659443" id="VTR:TimetabledPassingTime:2657514_95010062_21">
                  <StopPointInJourneyPatternRef ref="VTR:StopPointInJourneyPattern:95010062" version="2659443"/>
                  <DepartureTime>08:25:00</DepartureTime>
                  <DepartureDayOffset>0</DepartureDayOffset>
                </TimetabledPassingTime>
              </passingTimes>
            </ServiceJourney>
          </vehicleJourneys>
        </TimetableFrame>
        <ResourceFrame version="1" id="VTR:ResourceFrame:1357">
          <organisations>
            <Authority version="1" id="VTR:Authority:47">
              <CompanyNumber>32</CompanyNumber>
              <Name>Akmenės r. sav.</Name>
              <LegalName>Akmenės r. sav.</LegalName>
              <ContactDetails>
                <Email>info@akmene.lt</Email>
                <Phone>842557133</Phone>
                <Url>www.akmene.lt</Url>
              </ContactDetails>
              <OrganisationType>authority</OrganisationType>
            </Authority>
          </organisations>
        </ResourceFrame>
      </frames>
    </CompositeFrame>
  </dataObjects>
</PublicationDelivery>
