<?xml version="1.0" encoding="UTF-8"?><PublicationDelivery xmlns="http://www.netex.org.uk/netex" xmlns:gis="http://www.opengis.net/gml/3.2" xmlns:ns2="http://www.opengis.net/gml/3.2" xmlns:ns3="http://www.siri.org.uk/siri" xmlns:xsi="http://www.w3.org/2001/XMLSchema-instance" version="1" xsi:schemaLocation="">
  <PublicationTimestamp>2022-05-07T01:20:00.253</PublicationTimestamp>
  <ParticipantRef>VTR</ParticipantRef>
  <Description>1</Description>
  <dataObjects>
    <CompositeFrame created="2022-05-07T01:20:00.253" version="1" id="VTR:CompositeFrame:1357">
      <validityConditions>
        <AvailabilityCondition version="1" id="VTR:AvailabilityCondition:1357">
          <FromDate>2015-11-04T20:12:16</FromDate>
          <ToDate>2027-12-30T00:00:00</ToDate>
        </AvailabilityCondition>
      </validityConditions>
      <codespaces>
        <Codespace id="vtr">
          <Xmlns>VTR</Xmlns>
          <XmlnsUrl>http://www.visimarsrutai.lt/</XmlnsUrl>
        </Codespace>
      </codespaces>
      <FrameDefaults>
        <DefaultLocale>
          <TimeZone>Europe/Vilnius</TimeZone>
        </DefaultLocale>
        <DefaultLocationSystem>WGS84</DefaultLocationSystem>
      </FrameDefaults>
      <frames>
        <ServiceCalendarFrame version="1" id="VTR:ServiceCalendarFrame:1357">
          <dayTypes>
            <DayType id="VTR:DayType:781" version="1">
              <properties>
                <PropertyOfDay>
                  <DaysOfWeek>Sunday</DaysOfWeek>
                </PropertyOfDay>
              </properties>
            </DayType>
          </dayTypes>
          <operatingPeriods>
            <OperatingPeriod version="1" id="VTR:OperatingPeriod:781">
              <FromDate>2015-01-01T00:00:00</FromDate>
              <ToDate>2040-01-01T00:00:00</ToDate>
            </OperatingPeriod>
          </operatingPeriods>
          <dayTypeAssignments>
            <DayTypeAssignment id="VTR:DayTypeAssignment:781_0" version="1" order="907">
              <OperatingPeriodRef ref="VTR:OperatingPeriod:781" version="1"/>
              <DayTypeRef ref="VTR:DayType:781" version="1"/>
            </DayTypeAssignment>
            <DayTypeAssignment id="VTR:DayTypeAssignment:781_958440" version="1" order="7331">
              <Date>2023-05-08</Date>
              <DayTypeRef ref="VTR:DayType:781" version="1"/>
            </DayTypeAssignment>
            <DayTypeAssignment id="VTR:DayTypeAssignment:781_943148" version="1" order="7332">
              <Date>2023-02-10</Date>
              <DayTypeRef ref="VTR:DayType:781" version="1"/>
            </DayTypeAssignment>
            <DayTypeAssignment id="VTR:DayTypeAssignment:781_947398" version="1" order="7333">
              <Date>2023-03-13</Date>
              <DayTypeRef ref="VTR:DayType:781" version="1"/>
            </DayTypeAssignment>
            <DayTypeAssignment id="VTR:DayTypeAssignment:781_947394" version="1" order="7334">
              <Date>2023-03-11</Date>
              <DayTypeRef ref="VTR:DayType:781" version="1"/>
            </DayTypeAssignment>
            <DayTypeAssignment id="VTR:DayTypeAssignment:781_936530" version="1" order="7335">
              <Date>2023-01-09</Date>
              <DayTypeRef ref="VTR:DayType:781" version="1"/>
            </DayTypeAssignment>
            <DayTypeAssignment id="VTR:DayTypeAssignment:781_936528" version="1" order="7336">
              <Date>2023-01-08</Date>
              <DayTypeRef ref="VTR:DayType:781" version="1"/>
            </DayTypeAssignment>
            <DayTypeAssignment id="VTR:DayTypeAssignment:781_922372" version="1" order="7348">
              <Date>2022-10-09</Date>
              <DayTypeRef ref="VTR:DayType:781" version="1"/>
            </DayTypeAssignment>
            <DayTypeAssignment id="VTR:DayTypeAssignment:781_922369" version="1" order="7349">
              <Date>2022-10-11</Date>
              <DayTypeRef ref="VTR:DayType:781" version="1"/>
            </DayTypeAssignment>
            <DayTypeAssignment id="VTR:DayTypeAssignment:781_932397" version="1" order="7350">
              <Date>2022-12-13</Date>
              <DayTypeRef ref="VTR:DayType:781" version="1"/>
            </DayTypeAssignment>
            <DayTypeAssignment id="VTR:DayTypeAssignment:781_958445" version="1" order="7351">
              <Date>2023-05-11</Date>
              <DayTypeRef ref="VTR:DayType:781" version="1"/>
            </DayTypeAssignment>
            <DayTypeAssignment id="VTR:DayTypeAssignment:781_958442" version="1" order="7352">
              <Date>2023-05-09</Date>
              <DayTypeRef ref="VTR:DayType:781" version="1"/>
            </DayTypeAssignment>
            <DayTypeAssignment id="VTR:DayTypeAssignment:781_913948" version="1" order="7353">
              <Date>2022-09-12</Date>
              <DayTypeRef ref="VTR:DayType:781" version="1"/>
            </DayTypeAssignment>
            <DayTypeAssignment id="VTR:DayTypeAssignment:781_943146" version="1" order="7354">
              <Date>2023-02-09</Date>
              <DayTypeRef ref="VTR:DayType:781" version="1"/>
            </DayTypeAssignment>
            <DayTypeAssignment id="VTR:DayTypeAssignment:781_954521" version="1" order="7355">
              <Date>2023-04-13</Date>
              <DayTypeRef ref="VTR:DayType:781" version="1"/>
            </DayTypeAssignment>
            <DayTypeAssignment id="VTR:DayTypeAssignment:781_947395" version="1" order="7356">
              <Date>2023-03-08</Date>
              <DayTypeRef ref="VTR:DayType:781" version="1"/>
            </DayTypeAssignment>
            <DayTypeAssignment id="VTR:DayTypeAssignment:781_936529" version="1" order="7357">
              <Date>2023-01-12</Date>
              <DayTypeRef ref="VTR:DayType:781" version="1"/>
            </DayTypeAssignment>
            <DayTypeAssignment id="VTR:DayTypeAssignment:781_936526" version="1" order="7358">
              <Date>2023-01-10</Date>
              <DayTypeRef ref="VTR:DayType:781" version="1"/>
            </DayTypeAssignment>
            <DayTypeAssignment id="VTR:DayTypeAssignment:781_903573" version="1" order="7361">
              <Date>2022-07-11</Date>
              <DayTypeRef ref="VTR:DayType:781" version="1"/>
            </DayTypeAssignment>
            <DayTypeAssignment id="VTR:DayTypeAssignment:781_903572" version="1" order="7362">
              <Date>2022-07-10</Date>
              <DayTypeRef ref="VTR:DayType:781" version="1"/>
            </DayTypeAssignment>
            <DayTypeAssignment id="VTR:DayTypeAssignment:781_922373" version="1" order="7363">
              <Date>2022-10-13</Date>
              <DayTypeRef ref="VTR:DayType:781" version="1"/>
            </DayTypeAssignment>
            <DayTypeAssignment id="VTR:DayTypeAssignment:781_926691" version="1" order="7364">
              <Date>2022-11-11</Date>
              <DayTypeRef ref="VTR:DayType:781" version="1"/>
            </DayTypeAssignment>
            <DayTypeAssignment id="VTR:DayTypeAssignment:781_896968" version="1" order="7365">
              <Date>2022-06-08</Date>
              <DayTypeRef ref="VTR:DayType:781" version="1"/>
            </DayTypeAssignment>
            <DayTypeAssignment id="VTR:DayTypeAssignment:781_932396" version="1" order="7366">
              <Date>2022-12-09</Date>
              <DayTypeRef ref="VTR:DayType:781" version="1"/>
            </DayTypeAssignment>
            <DayTypeAssignment id="VTR:DayTypeAssignment:781_932393" version="1" order="7367">
              <Date>2022-12-11</Date>
              <DayTypeRef ref="VTR:DayType:781" version="1"/>
            </DayTypeAssignment>
            <DayTypeAssignment id="VTR:DayTypeAssignment:781_954519" version="1" order="7368">
              <Date>2023-04-12</Date>
              <DayTypeRef ref="VTR:DayType:781" version="1"/>
            </DayTypeAssignment>
            <DayTypeAssignment id="VTR:DayTypeAssignment:781_947396" version="1" order="7369">
              <Date>2023-03-12</Date>
              <DayTypeRef ref="VTR:DayType:781" version="1"/>
            </DayTypeAssignment>
            <DayTypeAssignment id="VTR:DayTypeAssignment:781_903571" version="1" order="7377">
              <Date>2022-07-13</Date>
              <DayTypeRef ref="VTR:DayType:781" version="1"/>
            </DayTypeAssignment>
            <DayTypeAssignment id="VTR:DayTypeAssignment:781_896964" version="1" order="7378">
              <Date>2022-06-09</Date>
              <DayTypeRef ref="VTR:DayType:781" version="1"/>
            </DayTypeAssignment>
            <DayTypeAssignment id="VTR:DayTypeAssignment:781_932395" version="1" order="7379">
              <Date>2022-12-12</Date>
              <DayTypeRef ref="VTR:DayType:781" version="1"/>
            </DayTypeAssignment>
            <DayTypeAssignment id="VTR:DayTypeAssignment:781_943147" version="1" order="7380">
              <Date>2023-02-13</Date>
              <DayTypeRef ref="VTR:DayType:781" version="1"/>
            </DayTypeAssignment>
            <DayTypeAssignment id="VTR:DayTypeAssignment:781_954523" version="1" order="7381">
              <Date>2023-04-11</Date>
              <DayTypeRef ref="VTR:DayType:781" version="1"/>
            </DayTypeAssignment>
            <DayTypeAssignment id="VTR:DayTypeAssignment:781_954522" version="1" order="7382">
              <Date>2023-04-10</Date>
              <DayTypeRef ref="VTR:DayType:781" version="1"/>
            </DayTypeAssignment>
            <DayTypeAssignment id="VTR:DayTypeAssignment:781_922370" version="1" order="7395">
              <Date>2022-10-08</Date>
              <DayTypeRef ref="VTR:DayType:781" version="1"/>
            </DayTypeAssignment>
            <DayTypeAssignment id="VTR:DayTypeAssignment:781_888985" version="1" order="7396">
              <Date>2022-05-09</Date>
              <DayTypeRef ref="VTR:DayType:781" version="1"/>
            </DayTypeAssignment>
            <DayTypeAssignment id="VTR:DayTypeAssignment:781_888983" version="1" order="7397">
              <Date>2022-05-08</Date>
              <DayTypeRef ref="VTR:DayType:781" version="1"/>
            </DayTypeAssignment>
            <DayTypeAssignment id="VTR:DayTypeAssignment:781_926694" version="1" order="7398">
              <Date>2022-11-09</Date>
              <DayTypeRef ref="VTR:DayType:781" version="1"/>
            </DayTypeAssignment>
            <DayTypeAssignment id="VTR:DayTypeAssignment:781_896966" version="1" order="7399">
              <Date>2022-06-10</Date>
              <DayTypeRef ref="VTR:DayType:781" version="1"/>
            </DayTypeAssignment>
            <DayTypeAssignment id="VTR:DayTypeAssignment:781_896965" version="1" order="7400">
              <Date>2022-06-13</Date>
              <DayTypeRef ref="VTR:DayType:781" version="1"/>
            </DayTypeAssignment>
            <DayTypeAssignment id="VTR:DayTypeAssignment:781_910493" version="1" order="7401">
              <Date>2022-08-13</Date>
              <DayTypeRef ref="VTR:DayType:781" version="1"/>
            </DayTypeAssignment>
            <DayTypeAssignment id="VTR:DayTypeAssignment:781_910492" version="1" order="7402">
              <Date>2022-08-09</Date>
              <DayTypeRef ref="VTR:DayType:781" version="1"/>
            </DayTypeAssignment>
            <DayTypeAssignment id="VTR:DayTypeAssignment:781_910491" version="1" order="7403">
              <Date>2022-08-12</Date>
              <DayTypeRef ref="VTR:DayType:781" version="1"/>
            </DayTypeAssignment>
            <DayTypeAssignment id="VTR:DayTypeAssignment:781_913944" version="1" order="7404">
              <Date>2022-09-13</Date>
              <DayTypeRef ref="VTR:DayType:781" version="1"/>
            </DayTypeAssignment>
            <DayTypeAssignment id="VTR:DayTypeAssignment:781_947399" version="1" order="7405">
              <Date>2023-03-10</Date>
              <DayTypeRef ref="VTR:DayType:781" version="1"/>
            </DayTypeAssignment>
            <DayTypeAssignment id="VTR:DayTypeAssignment:781_954520" version="1" order="7406">
              <Date>2023-04-09</Date>
              <DayTypeRef ref="VTR:DayType:781" version="1"/>
            </DayTypeAssignment>
            <DayTypeAssignment id="VTR:DayTypeAssignment:781_903574" version="1" order="7416">
              <Date>2022-07-08</Date>
              <DayTypeRef ref="VTR:DayType:781" version="1"/>
            </DayTypeAssignment>
            <DayTypeAssignment id="VTR:DayTypeAssignment:781_903569" version="1" order="7417">
              <Date>2022-07-12</Date>
              <DayTypeRef ref="VTR:DayType:781" version="1"/>
            </DayTypeAssignment>
            <DayTypeAssignment id="VTR:DayTypeAssignment:781_922368" version="1" order="7418">
              <Date>2022-10-10</Date>
              <DayTypeRef ref="VTR:DayType:781" version="1"/>
            </DayTypeAssignment>
            <DayTypeAssignment id="VTR:DayTypeAssignment:781_888981" version="1" order="7419">
              <Date>2022-05-10</Date>
              <DayTypeRef ref="VTR:DayType:781" version="1"/>
            </DayTypeAssignment>
            <DayTypeAssignment id="VTR:DayTypeAssignment:781_926695" version="1" order="7420">
              <Date>2022-11-13</Date>
              <DayTypeRef ref="VTR:DayType:781" version="1"/>
            </DayTypeAssignment>
            <DayTypeAssignment id="VTR:DayTypeAssignment:781_896967" version="1" order="7421">
              <Date>2022-06-11</Date>
              <DayTypeRef ref="VTR:DayType:781" version="1"/>
            </DayTypeAssignment>
            <DayTypeAssignment id="VTR:DayTypeAssignment:781_958444" version="1" order="7422">
              <Date>2023-05-10</Date>
              <DayTypeRef ref="VTR:DayType:781" version="1"/>
            </DayTypeAssignment>
            <DayTypeAssignment id="VTR:DayTypeAssignment:781_922371" version="1" order="7434">
              <Date>2022-10-12</Date>
              <DayTypeRef ref="VTR:DayType:781" version="1"/>
            </DayTypeAssignment>
            <DayTypeAssignment id="VTR:DayTypeAssignment:781_888980" version="1" order="7435">
              <Date>2022-05-13</Date>
              <DayTypeRef ref="VTR:DayType:781" version="1"/>
            </DayTypeAssignment>
            <DayTypeAssignment id="VTR:DayTypeAssignment:781_926696" version="1" order="7436">
              <Date>2022-11-10</Date>
              <DayTypeRef ref="VTR:DayType:781" version="1"/>
            </DayTypeAssignment>
            <DayTypeAssignment id="VTR:DayTypeAssignment:781_896963" version="1" order="7437">
              <Date>2022-06-12</Date>
              <DayTypeRef ref="VTR:DayType:781" version="1"/>
            </DayTypeAssignment>
            <DayTypeAssignment id="VTR:DayTypeAssignment:781_932394" version="1" order="7438">
              <Date>2022-12-08</Date>
              <DayTypeRef ref="VTR:DayType:781" version="1"/>
            </DayTypeAssignment>
            <DayTypeAssignment id="VTR:DayTypeAssignment:781_913946" version="1" order="7439">
              <Date>2022-09-11</Date>
              <DayTypeRef ref="VTR:DayType:781" version="1"/>
            </DayTypeAssignment>
            <DayTypeAssignment id="VTR:DayTypeAssignment:781_947397" version="1" order="7440">
              <Date>2023-03-09</Date>
              <DayTypeRef ref="VTR:DayType:781" version="1"/>
            </DayTypeAssignment>
            <DayTypeAssignment id="VTR:DayTypeAssignment:781_936527" version="1" order="7441">
              <Date>2023-01-11</Date>
              <DayTypeRef ref="VTR:DayType:781" version="1"/>
            </DayTypeAssignment>
            <DayTypeAssignment id="VTR:DayTypeAssignment:781_903570" version="1" order="7452">
              <Date>2022-07-09</Date>
              <DayTypeRef ref="VTR:DayType:781" version="1"/>
            </DayTypeAssignment>
            <DayTypeAssignment id="VTR:DayTypeAssignment:781_888984" version="1" order="7453">
              <Date>2022-05-12</Date>
              <DayTypeRef ref="VTR:DayType:781" version="1"/>
            </DayTypeAssignment>
            <DayTypeAssignment id="VTR:DayTypeAssignment:781_926692" version="1" order="7454">
              <Date>2022-11-08</Date>
              <DayTypeRef ref="VTR:DayType:781" version="1"/>
            </DayTypeAssignment>
            <DayTypeAssignment id="VTR:DayTypeAssignment:781_910490" version="1" order="7455">
              <Date>2022-08-08</Date>
              <DayTypeRef ref="VTR:DayType:781" version="1"/>
            </DayTypeAssignment>
            <DayTypeAssignment id="VTR:DayTypeAssignment:781_913949" version="1" order="7456">
              <Date>2022-09-09</Date>
              <DayTypeRef ref="VTR:DayType:781" version="1"/>
            </DayTypeAssignment>
            <DayTypeAssignment id="VTR:DayTypeAssignment:781_913947" version="1" order="7457">
              <Date>2022-09-08</Date>
              <DayTypeRef ref="VTR:DayType:781" version="1"/>
            </DayTypeAssignment>
            <DayTypeAssignment id="VTR:DayTypeAssignment:781_943149" version="1" order="7458">
              <Date>2023-02-11</Date>
              <DayTypeRef ref="VTR:DayType:781" version="1"/>
            </DayTypeAssignment>
            <DayTypeAssignment id="VTR:DayTypeAssignment:781_888982" version="1" order="7468">
              <Date>2022-05-11</Date>
              <DayTypeRef ref="VTR:DayType:781" version="1"/>
            </DayTypeAssignment>
            <DayTypeAssignment id="VTR:DayTypeAssignment:781_926693" version="1" order="7469">
              <Date>2022-11-12</Date>
              <DayTypeRef ref="VTR:DayType:781" version="1"/>
            </DayTypeAssignment>
            <DayTypeAssignment id="VTR:DayTypeAssignment:781_910494" version="1" order="7470">
              <Date>2022-08-10</Date>
              <DayTypeRef ref="VTR:DayType:781" version="1"/>
            </DayTypeAssignment>
            <DayTypeAssignment id="VTR:DayTypeAssignment:781_910489" version="1" order="7471">
              <Date>2022-08-11</Date>
              <DayTypeRef ref="VTR:DayType:781" version="1"/>
            </DayTypeAssignment>
            <DayTypeAssignment id="VTR:DayTypeAssignment:781_932398" version="1" order="7472">
              <Date>2022-12-10</Date>
              <DayTypeRef ref="VTR:DayType:781" version="1"/>
            </DayTypeAssignment>
            <DayTypeAssignment id="VTR:DayTypeAssignment:781_958443" version="1" order="7473">
              <Date>2023-05-13</Date>
              <DayTypeRef ref="VTR:DayType:781" version="1"/>
            </DayTypeAssignment>
            <DayTypeAssignment id="VTR:DayTypeAssignment:781_958441" version="1" order="7474">
              <Date>2023-05-12</Date>
              <DayTypeRef ref="VTR:DayType:781" version="1"/>
            </DayTypeAssignment>
            <DayTypeAssignment id="VTR:DayTypeAssignment:781_913945" version="1" order="7475">
              <Date>2022-09-10</Date>
              <DayTypeRef ref="VTR:DayType:781" version="1"/>
            </DayTypeAssignment>
            <DayTypeAssignment id="VTR:DayTypeAssignment:781_943151" version="1" order="7476">
              <Date>2023-02-12</Date>
              <DayTypeRef ref="VTR:DayType:781" version="1"/>
            </DayTypeAssignment>
            <DayTypeAssignment id="VTR:DayTypeAssignment:781_943150" version="1" order="7477">
              <Date>2023-02-08</Date>
              <DayTypeRef ref="VTR:DayType:781" version="1"/>
            </DayTypeAssignment>
            <DayTypeAssignment id="VTR:DayTypeAssignment:781_954518" version="1" order="7478">
              <Date>2023-04-08</Date>
              <DayTypeRef ref="VTR:DayType:781" version="1"/>
            </DayTypeAssignment>
            <DayTypeAssignment id="VTR:DayTypeAssignment:781_936531" version="1" order="7479">
              <Date>2023-01-13</Date>
              <DayTypeRef ref="VTR:DayType:781" version="1"/>
            </DayTypeAssignment>
          </dayTypeAssignments>
        </ServiceCalendarFrame>
        <ServiceFrame id="VTR:ServiceFrame:1357" version="1">
          <Network version="0" id="VTR:Network:47"/>
          <routePoints>
            <RoutePoint version="1" id="VTR:RoutePoint:120245">
              <projections>
                <PointProjection version="1" id="VTR:PointProjection:37340">
                  <ProjectedPointRef ref="VTR:ScheduledStopPoint:120245" version="1"/>
                </PointProjection>
              </projections>
            </RoutePoint>
            <RoutePoint version="1" id="VTR:RoutePoint:120246">
              <projections>
                <PointProjection version="1" id="VTR:PointProjection:37341">
                  <ProjectedPointRef ref="VTR:ScheduledStopPoint:120246" version="1"/>
                </PointProjection>
              </projections>
            </RoutePoint>
            <RoutePoint version="1" id="VTR:RoutePoint:120247">
              <projections>
                <PointProjection version="1" id="VTR:PointProjection:37342">
                  <ProjectedPointRef ref="VTR:ScheduledStopPoint:120247" version="1"/>
                </PointProjection>
              </projections>
            </RoutePoint>
            <RoutePoint version="1" id="VTR:RoutePoint:120248">
              <projections>
                <PointProjection version="1" id="VTR:PointProjection:37343">
                  <ProjectedPointRef ref="VTR:ScheduledStopPoint:120248" version="1"/>
                </PointProjection>
              </projections>
            </RoutePoint>
            <RoutePoint version="1" id="VTR:RoutePoint:120249">
              <projections>
                <PointProjection version="1" id="VTR:PointProjection:37344">
                  <ProjectedPointRef ref="VTR:ScheduledStopPoint:120249" version="1"/>
                </PointProjection>
              </projections>
            </RoutePoint>
            <RoutePoint version="1" id="VTR:RoutePoint:120250">
              <projections>
                <PointProjection version="1" id="VTR:PointProjection:37345">
                  <ProjectedPointRef ref="VTR:ScheduledStopPoint:120250" version="1"/>
                </PointProjection>
              </projections>
            </RoutePoint>
            <RoutePoint version="1" id="VTR:RoutePoint:120251">
              <projections>
                <PointProjection version="1" id="VTR:PointProjection:36523">
                  <ProjectedPointRef ref="VTR:ScheduledStopPoint:120251" version="1"/>
                </PointProjection>
              </projections>
            </RoutePoint>
            <RoutePoint version="1" id="VTR:RoutePoint:120252">
              <projections>
                <PointProjection version="1" id="VTR:PointProjection:36524">
                  <ProjectedPointRef ref="VTR:ScheduledStopPoint:120252" version="1"/>
                </PointProjection>
              </projections>
            </RoutePoint>
            <RoutePoint version="1" id="VTR:RoutePoint:120253">
              <projections>
                <PointProjection version="1" id="VTR:PointProjection:36525">
                  <ProjectedPointRef ref="VTR:ScheduledStopPoint:120253" version="1"/>
                </PointProjection>
              </projections>
            </RoutePoint>
            <RoutePoint version="1" id="VTR:RoutePoint:120254">
              <projections>
                <PointProjection version="1" id="VTR:PointProjection:36526">
                  <ProjectedPointRef ref="VTR:ScheduledStopPoint:120254" version="1"/>
                </PointProjection>
              </projections>
            </RoutePoint>
            <RoutePoint version="1" id="VTR:RoutePoint:120255">
              <projections>
                <PointProjection version="1" id="VTR:PointProjection:36527">
                  <ProjectedPointRef ref="VTR:ScheduledStopPoint:120255" version="1"/>
                </PointProjection>
              </projections>
            </RoutePoint>
            <RoutePoint version="1" id="VTR:RoutePoint:120256">
              <projections>
                <PointProjection version="1" id="VTR:PointProjection:36528">
                  <ProjectedPointRef ref="VTR:ScheduledStopPoint:120256" version="1"/>
                </PointProjection>
              </projections>
            </RoutePoint>
          </routePoints>
          <routes>
            <Route version="1" id="VTR:Route:7141">
              <Name>Naujoji Akmenė - Kruopiai pirmyn</Name>
              <ShortName>Naujoji Akmenė - Kruopiai pirmyn</ShortName>
              <LineRef ref="VTR:Line:2770" version="2831"/>
              <DirectionType>outbound</DirectionType>
              <pointsInSequence>
                <PointOnRoute version="1" id="VTR:PointOnRoute:120245" order="1">
                  <RoutePointRef ref="VTR:RoutePoint:120245"/>
                </PointOnRoute>
                <PointOnRoute version="1" id="VTR:PointOnRoute:120246" order="2">
                  <RoutePointRef ref="VTR:RoutePoint:120246"/>
                </PointOnRoute>
                <PointOnRoute version="1" id="VTR:PointOnRoute:120247" order="3">
                  <RoutePointRef ref="VTR:RoutePoint:120247"/>
                </PointOnRoute>
                <PointOnRoute version="1" id="VTR:PointOnRoute:120248" order="4">
                  <RoutePointRef ref="VTR:RoutePoint:120248"/>
                </PointOnRoute>
                <PointOnRoute version="1" id="VTR:PointOnRoute:120249" order="5">
                  <RoutePointRef ref="VTR:RoutePoint:120249"/>
                </PointOnRoute>
                <PointOnRoute version="1" id="VTR:PointOnRoute:120250" order="6">
                  <RoutePointRef ref="VTR:RoutePoint:120250"/>
                </PointOnRoute>
              </pointsInSequence>
            </Route>
            <Route version="1" id="VTR:Route:7142">
              <Name>Kruopiai - Naujoji Akmenė atgal</Name>
              <ShortName>Kruopiai - Naujoji Akmenė atgal</ShortName>
              <LineRef ref="VTR:Line:2770" version="2831"/>
              <DirectionType>inbound</DirectionType>
              <pointsInSequence>
                <PointOnRoute version="1" id="VTR:PointOnRoute:120251" order="1">
                  <RoutePointRef ref="VTR:RoutePoint:120251"/>
                </PointOnRoute>
                <PointOnRoute version="1" id="VTR:PointOnRoute:120252" order="2">
                  <RoutePointRef ref="VTR:RoutePoint:120252"/>
                </PointOnRoute>
                <PointOnRoute version="1" id="VTR:PointOnRoute:120253" order="3">
                  <RoutePointRef ref="VTR:RoutePoint:120253"/>
                </PointOnRoute>
                <PointOnRoute version="1" id="VTR:PointOnRoute:120254" order="4">
                  <RoutePointRef ref="VTR:RoutePoint:120254"/>
                </PointOnRoute>
                <PointOnRoute version="1" id="VTR:PointOnRoute:120255" order="5">
                  <RoutePointRef ref="VTR:RoutePoint:120255"/>
                </PointOnRoute>
                <PointOnRoute version="1" id="VTR:PointOnRoute:120256" order="6">
                  <RoutePointRef ref="VTR:RoutePoint:120256"/>
                </PointOnRoute>
              </pointsInSequence>
            </Route>
          </routes>
          <lines>
            <Line version="2831" id="VTR:Line:2770">
              <Name>Naujoji Akmenė - Kruopiai</Name>
              <TransportMode>bus</TransportMode>
              <TransportSubmode>
                <BusSubmode>regionalBus</BusSubmode>
              </TransportSubmode>
              <PublicCode>B61</PublicCode>
              <OperatorRef ref="VTR:Operator:47"/>
            </Line>
          </lines>
          <scheduledStopPoints>
            <ScheduledStopPoint version="1" id="VTR:ScheduledStopPoint:120245">
              <Name>Naujoji Akmenė AS</Name>
            </ScheduledStopPoint>
            <ScheduledStopPoint version="1" id="VTR:ScheduledStopPoint:120246">
              <Name>Aerouostas</Name>
            </ScheduledStopPoint>
            <ScheduledStopPoint version="1" id="VTR:ScheduledStopPoint:120247">
              <Name>Keidai</Name>
            </ScheduledStopPoint>
            <ScheduledStopPoint version="1" id="VTR:ScheduledStopPoint:120248">
              <Name>Pakalniškiai</Name>
            </ScheduledStopPoint>
            <ScheduledStopPoint version="1" id="VTR:ScheduledStopPoint:120249">
              <Name>Gembutis</Name>
            </ScheduledStopPoint>
            <ScheduledStopPoint version="1" id="VTR:ScheduledStopPoint:120250">
              <Name>Kruopiai</Name>
            </ScheduledStopPoint>
            <ScheduledStopPoint version="1" id="VTR:ScheduledStopPoint:120251">
              <Name>Kruopiai</Name>
            </ScheduledStopPoint>
            <ScheduledStopPoint version="1" id="VTR:ScheduledStopPoint:120252">
              <Name>Gembutis</Name>
            </ScheduledStopPoint>
            <ScheduledStopPoint version="1" id="VTR:ScheduledStopPoint:120253">
              <Name>Šapnagiai</Name>
            </ScheduledStopPoint>
            <ScheduledStopPoint version="1" id="VTR:ScheduledStopPoint:120254">
              <Name>Keidai</Name>
            </ScheduledStopPoint>
            <ScheduledStopPoint version="1" id="VTR:ScheduledStopPoint:120255">
              <Name>Aerouostas</Name>
            </ScheduledStopPoint>
            <ScheduledStopPoint version="1" id="VTR:ScheduledStopPoint:120256">
              <Name>Naujoji Akmenė AS</Name>
            </ScheduledStopPoint>
          </scheduledStopPoints>
          <serviceLinks>
            <ServiceLink id="VTR:ServiceLink:120245_1_120246_1" version="1">
              <Distance>1</Distance>
              <FromPointRef ref="VTR:ScheduledStopPoint:120245" version="1"/>
              <ToPointRef ref="VTR:ScheduledStopPoint:120246" version="1"/>
            </ServiceLink>
            <ServiceLink id="VTR:ServiceLink:120249_1_120250_1" version="1">
              <Distance>2</Distance>
              <FromPointRef ref="VTR:ScheduledStopPoint:120249" version="1"/>
              <ToPointRef ref="VTR:ScheduledStopPoint:120250" version="1"/>
            </ServiceLink>
            <ServiceLink id="VTR:ServiceLink:120251_1_120252_1" version="1">
              <Distance>2</Distance>
              <FromPointRef ref="VTR:ScheduledStopPoint:120251" version="1"/>
              <ToPointRef ref="VTR:ScheduledStopPoint:120252" version="1"/>
            </ServiceLink>
            <ServiceLink id="VTR:ServiceLink:120252_1_120253_1" version="1">
              <Distance>5</Distance>
              <FromPointRef ref="VTR:ScheduledStopPoint:120252" version="1"/>
              <ToPointRef ref="VTR:ScheduledStopPoint:120253" version="1"/>
            </ServiceLink>
            <ServiceLink id="VTR:ServiceLink:120248_1_120249_1" version="1">
              <Distance>3</Distance>
              <FromPointRef ref="VTR:ScheduledStopPoint:120248" version="1"/>
              <ToPointRef ref="VTR:ScheduledStopPoint:120249" version="1"/>
            </ServiceLink>
            <ServiceLink id="VTR:ServiceLink:120255_1_120256_1" version="1">
              <Distance>1</Distance>
              <FromPointRef ref="VTR:ScheduledStopPoint:120255" version="1"/>
              <ToPointRef ref="VTR:ScheduledStopPoint:120256" version="1"/>
            </ServiceLink>
            <ServiceLink id="VTR:ServiceLink:120254_1_120255_1" version="1">
              <Distance>3</Distance>
              <FromPointRef ref="VTR:ScheduledStopPoint:120254" version="1"/>
              <ToPointRef ref="VTR:ScheduledStopPoint:120255" version="1"/>
            </ServiceLink>
            <ServiceLink id="VTR:ServiceLink:120246_1_120247_1" version="1">
              <Distance>3</Distance>
              <FromPointRef ref="VTR:ScheduledStopPoint:120246" version="1"/>
              <ToPointRef ref="VTR:ScheduledStopPoint:120247" version="1"/>
            </ServiceLink>
            <ServiceLink id="VTR:ServiceLink:120253_1_120254_1" version="1">
              <Distance>3</Distance>
              <FromPointRef ref="VTR:ScheduledStopPoint:120253" version="1"/>
              <ToPointRef ref="VTR:ScheduledStopPoint:120254" version="1"/>
            </ServiceLink>
            <ServiceLink id="VTR:ServiceLink:120247_1_120248_1" version="1">
              <Distance>3</Distance>
              <FromPointRef ref="VTR:ScheduledStopPoint:120247" version="1"/>
              <ToPointRef ref="VTR:ScheduledStopPoint:120248" version="1"/>
            </ServiceLink>
          </serviceLinks>
          <stopAssignments>
            <PassengerStopAssignment order="714100000" id="VTR:PassengerStopAssignment:120245" version="1">
              <ScheduledStopPointRef ref="VTR:ScheduledStopPoint:120245" version="1"/>
              <QuayRef ref="VTR:Quay:23292"/>
            </PassengerStopAssignment>
            <PassengerStopAssignment order="714100001" id="VTR:PassengerStopAssignment:120246" version="1">
              <ScheduledStopPointRef ref="VTR:ScheduledStopPoint:120246" version="1"/>
              <QuayRef ref="VTR:Quay:14117"/>
            </PassengerStopAssignment>
            <PassengerStopAssignment order="714100002" id="VTR:PassengerStopAssignment:120247" version="1">
              <ScheduledStopPointRef ref="VTR:ScheduledStopPoint:120247" version="1"/>
              <QuayRef ref="VTR:Quay:5329"/>
            </PassengerStopAssignment>
            <PassengerStopAssignment order="714100003" id="VTR:PassengerStopAssignment:120248" version="1">
              <ScheduledStopPointRef ref="VTR:ScheduledStopPoint:120248" version="1"/>
              <QuayRef ref="VTR:Quay:11186"/>
            </PassengerStopAssignment>
            <PassengerStopAssignment order="714100004" id="VTR:PassengerStopAssignment:120249" version="1">
              <ScheduledStopPointRef ref="VTR:ScheduledStopPoint:120249" version="1"/>
              <QuayRef ref="VTR:Quay:5365"/>
            </PassengerStopAssignment>
            <PassengerStopAssignment order="714100005" id="VTR:PassengerStopAssignment:120250" version="1">
              <ScheduledStopPointRef ref="VTR:ScheduledStopPoint:120250" version="1"/>
              <QuayRef ref="VTR:Quay:8628"/>
            </PassengerStopAssignment>
            <PassengerStopAssignment order="714200000" id="VTR:PassengerStopAssignment:120251" version="1">
              <ScheduledStopPointRef ref="VTR:ScheduledStopPoint:120251" version="1"/>
              <QuayRef ref="VTR:Quay:8628"/>
            </PassengerStopAssignment>
            <PassengerStopAssignment order="714200001" id="VTR:PassengerStopAssignment:120252" version="1">
              <ScheduledStopPointRef ref="VTR:ScheduledStopPoint:120252" version="1"/>
              <QuayRef ref="VTR:Quay:5365"/>
            </PassengerStopAssignment>
            <PassengerStopAssignment order="714200002" id="VTR:PassengerStopAssignment:120253" version="1">
              <ScheduledStopPointRef ref="VTR:ScheduledStopPoint:120253" version="1"/>
              <QuayRef ref="VTR:Quay:9316"/>
            </PassengerStopAssignment>
            <PassengerStopAssignment order="714200003" id="VTR:PassengerStopAssignment:120254" version="1">
              <ScheduledStopPointRef ref="VTR:ScheduledStopPoint:120254" version="1"/>
              <QuayRef ref="VTR:Quay:5329"/>
            </PassengerStopAssignment>
            <PassengerStopAssignment order="714200004" id="VTR:PassengerStopAssignment:120255" version="1">
              <ScheduledStopPointRef ref="VTR:ScheduledStopPoint:120255" version="1"/>
              <QuayRef ref="VTR:Quay:14117"/>
            </PassengerStopAssignment>
            <PassengerStopAssignment order="714200005" id="VTR:PassengerStopAssignment:120256" version="1">
              <ScheduledStopPointRef ref="VTR:ScheduledStopPoint:120256" version="1"/>
              <QuayRef ref="VTR:Quay:22858"/>
            </PassengerStopAssignment>
          </stopAssignments>
          <journeyPatterns>
            <JourneyPattern id="VTR:JourneyPattern:57192" version="57255">
              <Name>22</Name>
              <RouteRef ref="VTR:Route:7142" version="1"/>
              <pointsInSequence>
                <StopPointInJourneyPattern id="VTR:StopPointInJourneyPattern:1153759" version="57255" order="1">
                  <ScheduledStopPointRef ref="VTR:ScheduledStopPoint:120251"/>
                  <DestinationDisplayRef ref="VTR:DestinationDisplay:1"/>
                </StopPointInJourneyPattern>
                <StopPointInJourneyPattern id="VTR:StopPointInJourneyPattern:1153760" version="57255" order="2">
                  <ScheduledStopPointRef ref="VTR:ScheduledStopPoint:120252"/>
                  <DestinationDisplayRef ref="VTR:DestinationDisplay:1"/>
                </StopPointInJourneyPattern>
                <StopPointInJourneyPattern id="VTR:StopPointInJourneyPattern:1153761" version="57255" order="3">
                  <ScheduledStopPointRef ref="VTR:ScheduledStopPoint:120253"/>
                  <DestinationDisplayRef ref="VTR:DestinationDisplay:1"/>
                </StopPointInJourneyPattern>
                <StopPointInJourneyPattern id="VTR:StopPointInJourneyPattern:1153762" version="57255" order="4">
                  <ScheduledStopPointRef ref="VTR:ScheduledStopPoint:120254"/>
                  <DestinationDisplayRef ref="VTR:DestinationDisplay:1"/>
                </StopPointInJourneyPattern>
                <StopPointInJourneyPattern id="VTR:StopPointInJourneyPattern:1153763" version="57255" order="5">
                  <ScheduledStopPointRef ref="VTR:ScheduledStopPoint:120255"/>
                  <DestinationDisplayRef ref="VTR:DestinationDisplay:1"/>
                </StopPointInJourneyPattern>
                <StopPointInJourneyPattern id="VTR:StopPointInJourneyPattern:1153764" version="57255" order="6">
                  <ScheduledStopPointRef ref="VTR:ScheduledStopPoint:120256"/>
                  <DestinationDisplayRef ref="VTR:DestinationDisplay:1"/>
                </StopPointInJourneyPattern>
              </pointsInSequence>
            </JourneyPattern>
            <JourneyPattern id="VTR:JourneyPattern:57193" version="57256">
              <Name>21</Name>
              <RouteRef ref="VTR:Route:7141" version="1"/>
              <pointsInSequence>
                <StopPointInJourneyPattern id="VTR:StopPointInJourneyPattern:1153765" version="57256" order="1">
                  <ScheduledStopPointRef ref="VTR:ScheduledStopPoint:120245"/>
                  <DestinationDisplayRef ref="VTR:DestinationDisplay:1"/>
                </StopPointInJourneyPattern>
                <StopPointInJourneyPattern id="VTR:StopPointInJourneyPattern:1153766" version="57256" order="2">
                  <ScheduledStopPointRef ref="VTR:ScheduledStopPoint:120246"/>
                  <DestinationDisplayRef ref="VTR:DestinationDisplay:1"/>
                </StopPointInJourneyPattern>
                <StopPointInJourneyPattern id="VTR:StopPointInJourneyPattern:1153767" version="57256" order="3">
                  <ScheduledStopPointRef ref="VTR:ScheduledStopPoint:120247"/>
                  <DestinationDisplayRef ref="VTR:DestinationDisplay:1"/>
                </StopPointInJourneyPattern>
                <StopPointInJourneyPattern id="VTR:StopPointInJourneyPattern:1153768" version="57256" order="4">
                  <ScheduledStopPointRef ref="VTR:ScheduledStopPoint:120248"/>
                  <DestinationDisplayRef ref="VTR:DestinationDisplay:1"/>
                </StopPointInJourneyPattern>
                <StopPointInJourneyPattern id="VTR:StopPointInJourneyPattern:1153769" version="57256" order="5">
                  <ScheduledStopPointRef ref="VTR:ScheduledStopPoint:120249"/>
                  <DestinationDisplayRef ref="VTR:DestinationDisplay:1"/>
                </StopPointInJourneyPattern>
                <StopPointInJourneyPattern id="VTR:StopPointInJourneyPattern:1153770" version="57256" order="6">
                  <ScheduledStopPointRef ref="VTR:ScheduledStopPoint:120250"/>
                  <DestinationDisplayRef ref="VTR:DestinationDisplay:1"/>
                </StopPointInJourneyPattern>
              </pointsInSequence>
            </JourneyPattern>
          </journeyPatterns>
        </ServiceFrame>
        <TimetableFrame version="1" id="VTR:TimetableFrame:1357">
          <vehicleJourneys>
            <ServiceJourney version="57256" id="VTR:ServiceJourney:57193">
              <Name>Naujoji Akmenė - Kruopiai pirmyn</Name>
              <PrivateCode>21</PrivateCode>
              <dayTypes>
                <DayTypeRef ref="VTR:DayType:781"/>
              </dayTypes>
              <JourneyPatternRef version="57256" ref="VTR:JourneyPattern:57193"/>
              <OperatorRef ref="VTR:Operator:"/>
              <LineRef ref="VTR:Line:2770" version="2831"/>
              <passingTimes>
                <TimetabledPassingTime version="57256" id="VTR:TimetabledPassingTime:57193_1153765_1">
                  <StopPointInJourneyPatternRef ref="VTR:StopPointInJourneyPattern:1153765" version="57256"/>
                  <DepartureTime>08:35:00</DepartureTime>
                  <DepartureDayOffset>0</DepartureDayOffset>
                </TimetabledPassingTime>
                <TimetabledPassingTime version="57256" id="VTR:TimetabledPassingTime:57193_1153766_2">
                  <StopPointInJourneyPatternRef ref="VTR:StopPointInJourneyPattern:1153766" version="57256"/>
                  <DepartureTime>08:42:00</DepartureTime>
                  <DepartureDayOffset>0</DepartureDayOffset>
                </TimetabledPassingTime>
                <TimetabledPassingTime version="57256" id="VTR:TimetabledPassingTime:57193_1153767_3">
                  <StopPointInJourneyPatternRef ref="VTR:StopPointInJourneyPattern:1153767" version="57256"/>
                  <DepartureTime>08:50:00</DepartureTime>
                  <DepartureDayOffset>0</DepartureDayOffset>
                </TimetabledPassingTime>
                <TimetabledPassingTime version="57256" id="VTR:TimetabledPassingTime:57193_1153768_4">
                  <StopPointInJourneyPatternRef ref="VTR:StopPointInJourneyPattern:1153768" version="57256"/>
                  <DepartureTime>08:56:00</DepartureTime>
                  <DepartureDayOffset>0</DepartureDayOffset>
                </TimetabledPassingTime>
                <TimetabledPassingTime version="57256" id="VTR:TimetabledPassingTime:57193_1153769_5">
                  <StopPointInJourneyPatternRef ref="VTR:StopPointInJourneyPattern:1153769" version="57256"/>
                  <DepartureTime>09:00:00</DepartureTime>
                  <DepartureDayOffset>0</DepartureDayOffset>
                </TimetabledPassingTime>
                <TimetabledPassingTime version="57256" id="VTR:TimetabledPassingTime:57193_1153770_6">
                  <StopPointInJourneyPatternRef ref="VTR:StopPointInJourneyPattern:1153770" version="57256"/>
                  <DepartureTime>09:01:00</DepartureTime>
                  <DepartureDayOffset>0</DepartureDayOffset>
                </TimetabledPassingTime>
              </passingTimes>
            </ServiceJourney>
            <ServiceJourney version="57255" id="VTR:ServiceJourney:57192">
              <Name>Kruopiai - Naujoji Akmenė atgal</Name>
              <PrivateCode>22</PrivateCode>
              <dayTypes>
                <DayTypeRef ref="VTR:DayType:781"/>
              </dayTypes>
              <JourneyPatternRef version="57255" ref="VTR:JourneyPattern:57192"/>
              <OperatorRef ref="VTR:Operator:"/>
              <LineRef ref="VTR:Line:2770" version="2831"/>
              <passingTimes>
                <TimetabledPassingTime version="57255" id="VTR:TimetabledPassingTime:57192_1153759_1">
                  <StopPointInJourneyPatternRef ref="VTR:StopPointInJourneyPattern:1153759" version="57255"/>
                  <DepartureTime>09:01:00</DepartureTime>
                  <DepartureDayOffset>0</DepartureDayOffset>
                </TimetabledPassingTime>
                <TimetabledPassingTime version="57255" id="VTR:TimetabledPassingTime:57192_1153760_2">
                  <StopPointInJourneyPatternRef ref="VTR:StopPointInJourneyPattern:1153760" version="57255"/>
                  <DepartureTime>09:08:00</DepartureTime>
                  <DepartureDayOffset>0</DepartureDayOffset>
                </TimetabledPassingTime>
                <TimetabledPassingTime version="57255" id="VTR:TimetabledPassingTime:57192_1153761_3">
                  <StopPointInJourneyPatternRef ref="VTR:StopPointInJourneyPattern:1153761" version="57255"/>
                  <DepartureTime>09:22:00</DepartureTime>
                  <DepartureDayOffset>0</DepartureDayOffset>
                </TimetabledPassingTime>
                <TimetabledPassingTime version="57255" id="VTR:TimetabledPassingTime:57192_1153762_4">
                  <StopPointInJourneyPatternRef ref="VTR:StopPointInJourneyPattern:1153762" version="57255"/>
                  <DepartureTime>09:28:00</DepartureTime>
                  <DepartureDayOffset>0</DepartureDayOffset>
                </TimetabledPassingTime>
                <TimetabledPassingTime version="57255" id="VTR:TimetabledPassingTime:57192_1153763_5">
                  <StopPointInJourneyPatternRef ref="VTR:StopPointInJourneyPattern:1153763" version="57255"/>
                  <DepartureTime>09:34:00</DepartureTime>
                  <DepartureDayOffset>0</DepartureDayOffset>
                </TimetabledPassingTime>
                <TimetabledPassingTime version="57255" id="VTR:TimetabledPassingTime:57192_1153764_6">
                  <StopPointInJourneyPatternRef ref="VTR:StopPointInJourneyPattern:1153764" version="57255"/>
                  <DepartureTime>09:35:00</DepartureTime>
                  <DepartureDayOffset>0</DepartureDayOffset>
                </TimetabledPassingTime>
              </passingTimes>
            </ServiceJourney>
          </vehicleJourneys>
        </TimetableFrame>
        <ResourceFrame version="1" id="VTR:ResourceFrame:1357">
          <organisations>
            <Authority version="1" id="VTR:Authority:47">
              <CompanyNumber>32</CompanyNumber>
              <Name>Akmenės r. sav.</Name>
              <LegalName>Akmenės r. sav.</LegalName>
              <ContactDetails>
                <Email>info@akmene.lt</Email>
                <Phone>842557133</Phone>
                <Url>www.akmene.lt</Url>
              </ContactDetails>
              <OrganisationType>authority</OrganisationType>
            </Authority>
          </organisations>
        </ResourceFrame>
        <FareFrame id="VTR:FareFrame:2770" version="1">
          <FrameDefaults>
            <DefaultCurrency>EUR</DefaultCurrency>
          </FrameDefaults>
          <fareStructureElements>
            <FareStructureElement id="VTR:FareStructureElement:pricematrix" version="1">
              <distanceMatrixElements>
                <DistanceMatrixElementRef ref="VTR:DistanceMatrixElement:1153766to1153769" version="1"/>
                <DistanceMatrixElementRef ref="VTR:DistanceMatrixElement:1153760to1153764" version="1"/>
                <DistanceMatrixElementRef ref="VTR:DistanceMatrixElement:1153759to1153763" version="1"/>
                <DistanceMatrixElementRef ref="VTR:DistanceMatrixElement:1153759to1153760" version="1"/>
                <DistanceMatrixElementRef ref="VTR:DistanceMatrixElement:1153760to1153763" version="1"/>
                <DistanceMatrixElementRef ref="VTR:DistanceMatrixElement:1153765to1153767" version="1"/>
                <DistanceMatrixElementRef ref="VTR:DistanceMatrixElement:1153761to1153762" version="1"/>
                <DistanceMatrixElementRef ref="VTR:DistanceMatrixElement:1153761to1153763" version="1"/>
                <DistanceMatrixElementRef ref="VTR:DistanceMatrixElement:1153762to1153763" version="1"/>
                <DistanceMatrixElementRef ref="VTR:DistanceMatrixElement:1153763to1153764" version="1"/>
                <DistanceMatrixElementRef ref="VTR:DistanceMatrixElement:1153765to1153766" version="1"/>
                <DistanceMatrixElementRef ref="VTR:DistanceMatrixElement:1153765to1153770" version="1"/>
                <DistanceMatrixElementRef ref="VTR:DistanceMatrixElement:1153767to1153770" version="1"/>
                <DistanceMatrixElementRef ref="VTR:DistanceMatrixElement:1153760to1153761" version="1"/>
                <DistanceMatrixElementRef ref="VTR:DistanceMatrixElement:1153766to1153767" version="1"/>
                <DistanceMatrixElementRef ref="VTR:DistanceMatrixElement:1153767to1153769" version="1"/>
                <DistanceMatrixElementRef ref="VTR:DistanceMatrixElement:1153768to1153770" version="1"/>
                <DistanceMatrixElementRef ref="VTR:DistanceMatrixElement:1153759to1153762" version="1"/>
                <DistanceMatrixElementRef ref="VTR:DistanceMatrixElement:1153765to1153769" version="1"/>
                <DistanceMatrixElementRef ref="VTR:DistanceMatrixElement:1153761to1153764" version="1"/>
                <DistanceMatrixElementRef ref="VTR:DistanceMatrixElement:1153766to1153770" version="1"/>
                <DistanceMatrixElementRef ref="VTR:DistanceMatrixElement:1153767to1153768" version="1"/>
                <DistanceMatrixElementRef ref="VTR:DistanceMatrixElement:1153760to1153762" version="1"/>
                <DistanceMatrixElementRef ref="VTR:DistanceMatrixElement:1153765to1153768" version="1"/>
                <DistanceMatrixElementRef ref="VTR:DistanceMatrixElement:1153766to1153768" version="1"/>
                <DistanceMatrixElementRef ref="VTR:DistanceMatrixElement:1153768to1153769" version="1"/>
                <DistanceMatrixElementRef ref="VTR:DistanceMatrixElement:1153762to1153764" version="1"/>
                <DistanceMatrixElementRef ref="VTR:DistanceMatrixElement:1153759to1153761" version="1"/>
                <DistanceMatrixElementRef ref="VTR:DistanceMatrixElement:1153759to1153764" version="1"/>
                <DistanceMatrixElementRef ref="VTR:DistanceMatrixElement:1153769to1153770" version="1"/>
              </distanceMatrixElements>
            </FareStructureElement>
          </fareStructureElements>
          <tariffs>
            <Tariff id="VTR:Tariff:pointToPointInSeparateJourney_2770" version="1">
              <Name>Point to point tariff</Name>
              <distanceMatrixElements>
                <DistanceMatrixElement id="VTR:DistanceMatrixElement:1153766to1153769" version="1">
                  <Name>Aerouostas to Gembutis</Name>
                  <StartStopPointRef ref="VTR:ScheduledStopPoint:120246" version="1"/>
                  <EndStopPointRef ref="VTR:ScheduledStopPoint:120249" version="1"/>
                  <prices>
                    <DistanceMatrixElementPrice id="VTR:DistanceMatrixElementPrice:1153766to1153769" version="1">
                      <Amount>1.1</Amount>
                      <DistanceMatrixElementRef ref="VTR:DistanceMatrixElement:1153766to1153769" version="1"/>
                    </DistanceMatrixElementPrice>
                  </prices>
                </DistanceMatrixElement>
                <DistanceMatrixElement id="VTR:DistanceMatrixElement:1153760to1153764" version="1">
                  <Name>Gembutis to Naujoji Akmenė AS</Name>
                  <StartStopPointRef ref="VTR:ScheduledStopPoint:120252" version="1"/>
                  <EndStopPointRef ref="VTR:ScheduledStopPoint:120256" version="1"/>
                  <prices>
                    <DistanceMatrixElementPrice id="VTR:DistanceMatrixElementPrice:1153760to1153764" version="1">
                      <Amount>1.25</Amount>
                      <DistanceMatrixElementRef ref="VTR:DistanceMatrixElement:1153760to1153764" version="1"/>
                    </DistanceMatrixElementPrice>
                  </prices>
                </DistanceMatrixElement>
                <DistanceMatrixElement id="VTR:DistanceMatrixElement:1153759to1153763" version="1">
                  <Name>Kruopiai to Aerouostas</Name>
                  <StartStopPointRef ref="VTR:ScheduledStopPoint:120251" version="1"/>
                  <EndStopPointRef ref="VTR:ScheduledStopPoint:120255" version="1"/>
                  <prices>
                    <DistanceMatrixElementPrice id="VTR:DistanceMatrixElementPrice:1153759to1153763" version="1">
                      <Amount>1.27</Amount>
                      <DistanceMatrixElementRef ref="VTR:DistanceMatrixElement:1153759to1153763" version="1"/>
                    </DistanceMatrixElementPrice>
                  </prices>
                </DistanceMatrixElement>
                <DistanceMatrixElement id="VTR:DistanceMatrixElement:1153759to1153760" version="1">
                  <Name>Kruopiai to Gembutis</Name>
                  <StartStopPointRef ref="VTR:ScheduledStopPoint:120251" version="1"/>
                  <EndStopPointRef ref="VTR:ScheduledStopPoint:120252" version="1"/>
                  <prices>
                    <DistanceMatrixElementPrice id="VTR:DistanceMatrixElementPrice:1153759to1153760" version="1">
                      <Amount>0.2</Amount>
                      <DistanceMatrixElementRef ref="VTR:DistanceMatrixElement:1153759to1153760" version="1"/>
                    </DistanceMatrixElementPrice>
                  </prices>
                </DistanceMatrixElement>
                <DistanceMatrixElement id="VTR:DistanceMatrixElement:1153760to1153763" version="1">
                  <Name>Gembutis to Aerouostas</Name>
                  <StartStopPointRef ref="VTR:ScheduledStopPoint:120252" version="1"/>
                  <EndStopPointRef ref="VTR:ScheduledStopPoint:120255" version="1"/>
                  <prices>
                    <DistanceMatrixElementPrice id="VTR:DistanceMatrixElementPrice:1153760to1153763" version="1">
                      <Amount>1.1</Amount>
                      <DistanceMatrixElementRef ref="VTR:DistanceMatrixElement:1153760to1153763" version="1"/>
                    </DistanceMatrixElementPrice>
                  </prices>
                </DistanceMatrixElement>
                <DistanceMatrixElement id="VTR:DistanceMatrixElement:1153765to1153767" version="1">
                  <Name>Naujoji Akmenė AS to Keidai</Name>
                  <StartStopPointRef ref="VTR:ScheduledStopPoint:120245" version="1"/>
                  <EndStopPointRef ref="VTR:ScheduledStopPoint:120247" version="1"/>
                  <prices>
                    <DistanceMatrixElementPrice id="VTR:DistanceMatrixElementPrice:1153765to1153767" version="1">
                      <Amount>0.52</Amount>
                      <DistanceMatrixElementRef ref="VTR:DistanceMatrixElement:1153765to1153767" version="1"/>
                    </DistanceMatrixElementPrice>
                  </prices>
                </DistanceMatrixElement>
                <DistanceMatrixElement id="VTR:DistanceMatrixElement:1153761to1153762" version="1">
                  <Name>Šapnagiai to Keidai</Name>
                  <StartStopPointRef ref="VTR:ScheduledStopPoint:120253" version="1"/>
                  <EndStopPointRef ref="VTR:ScheduledStopPoint:120254" version="1"/>
                  <prices>
                    <DistanceMatrixElementPrice id="VTR:DistanceMatrixElementPrice:1153761to1153762" version="1">
                      <Amount>0.35</Amount>
                      <DistanceMatrixElementRef ref="VTR:DistanceMatrixElement:1153761to1153762" version="1"/>
                    </DistanceMatrixElementPrice>
                  </prices>
                </DistanceMatrixElement>
                <DistanceMatrixElement id="VTR:DistanceMatrixElement:1153761to1153763" version="1">
                  <Name>Šapnagiai to Aerouostas</Name>
                  <StartStopPointRef ref="VTR:ScheduledStopPoint:120253" version="1"/>
                  <EndStopPointRef ref="VTR:ScheduledStopPoint:120255" version="1"/>
                  <prices>
                    <DistanceMatrixElementPrice id="VTR:DistanceMatrixElementPrice:1153761to1153763" version="1">
                      <Amount>0.7</Amount>
                      <DistanceMatrixElementRef ref="VTR:DistanceMatrixElement:1153761to1153763" version="1"/>
                    </DistanceMatrixElementPrice>
                  </prices>
                </DistanceMatrixElement>
                <DistanceMatrixElement id="VTR:DistanceMatrixElement:1153762to1153763" version="1">
                  <Name>Keidai to Aerouostas</Name>
                  <StartStopPointRef ref="VTR:ScheduledStopPoint:120254" version="1"/>
                  <EndStopPointRef ref="VTR:ScheduledStopPoint:120255" version="1"/>
                  <prices>
                    <DistanceMatrixElementPrice id="VTR:DistanceMatrixElementPrice:1153762to1153763" version="1">
                      <Amount>0.38</Amount>
                      <DistanceMatrixElementRef ref="VTR:DistanceMatrixElement:1153762to1153763" version="1"/>
                    </DistanceMatrixElementPrice>
                  </prices>
                </DistanceMatrixElement>
                <DistanceMatrixElement id="VTR:DistanceMatrixElement:1153763to1153764" version="1">
                  <Name>Aerouostas to Naujoji Akmenė AS</Name>
                  <StartStopPointRef ref="VTR:ScheduledStopPoint:120255" version="1"/>
                  <EndStopPointRef ref="VTR:ScheduledStopPoint:120256" version="1"/>
                  <prices>
                    <DistanceMatrixElementPrice id="VTR:DistanceMatrixElementPrice:1153763to1153764" version="1">
                      <Amount>0.17</Amount>
                      <DistanceMatrixElementRef ref="VTR:DistanceMatrixElement:1153763to1153764" version="1"/>
                    </DistanceMatrixElementPrice>
                  </prices>
                </DistanceMatrixElement>
                <DistanceMatrixElement id="VTR:DistanceMatrixElement:1153765to1153766" version="1">
                  <Name>Naujoji Akmenė AS to Aerouostas</Name>
                  <StartStopPointRef ref="VTR:ScheduledStopPoint:120245" version="1"/>
                  <EndStopPointRef ref="VTR:ScheduledStopPoint:120246" version="1"/>
                  <prices>
                    <DistanceMatrixElementPrice id="VTR:DistanceMatrixElementPrice:1153765to1153766" version="1">
                      <Amount>0.17</Amount>
                      <DistanceMatrixElementRef ref="VTR:DistanceMatrixElement:1153765to1153766" version="1"/>
                    </DistanceMatrixElementPrice>
                  </prices>
                </DistanceMatrixElement>
                <DistanceMatrixElement id="VTR:DistanceMatrixElement:1153765to1153770" version="1">
                  <Name>Naujoji Akmenė AS to Kruopiai</Name>
                  <StartStopPointRef ref="VTR:ScheduledStopPoint:120245" version="1"/>
                  <EndStopPointRef ref="VTR:ScheduledStopPoint:120250" version="1"/>
                  <prices>
                    <DistanceMatrixElementPrice id="VTR:DistanceMatrixElementPrice:1153765to1153770" version="1">
                      <Amount>1.45</Amount>
                      <DistanceMatrixElementRef ref="VTR:DistanceMatrixElement:1153765to1153770" version="1"/>
                    </DistanceMatrixElementPrice>
                  </prices>
                </DistanceMatrixElement>
                <DistanceMatrixElement id="VTR:DistanceMatrixElement:1153767to1153770" version="1">
                  <Name>Keidai to Kruopiai</Name>
                  <StartStopPointRef ref="VTR:ScheduledStopPoint:120247" version="1"/>
                  <EndStopPointRef ref="VTR:ScheduledStopPoint:120250" version="1"/>
                  <prices>
                    <DistanceMatrixElementPrice id="VTR:DistanceMatrixElementPrice:1153767to1153770" version="1">
                      <Amount>0.93</Amount>
                      <DistanceMatrixElementRef ref="VTR:DistanceMatrixElement:1153767to1153770" version="1"/>
                    </DistanceMatrixElementPrice>
                  </prices>
                </DistanceMatrixElement>
                <DistanceMatrixElement id="VTR:DistanceMatrixElement:1153760to1153761" version="1">
                  <Name>Gembutis to Šapnagiai</Name>
                  <StartStopPointRef ref="VTR:ScheduledStopPoint:120252" version="1"/>
                  <EndStopPointRef ref="VTR:ScheduledStopPoint:120253" version="1"/>
                  <prices>
                    <DistanceMatrixElementPrice id="VTR:DistanceMatrixElementPrice:1153760to1153761" version="1">
                      <Amount>0.38</Amount>
                      <DistanceMatrixElementRef ref="VTR:DistanceMatrixElement:1153760to1153761" version="1"/>
                    </DistanceMatrixElementPrice>
                  </prices>
                </DistanceMatrixElement>
                <DistanceMatrixElement id="VTR:DistanceMatrixElement:1153766to1153767" version="1">
                  <Name>Aerouostas to Keidai</Name>
                  <StartStopPointRef ref="VTR:ScheduledStopPoint:120246" version="1"/>
                  <EndStopPointRef ref="VTR:ScheduledStopPoint:120247" version="1"/>
                  <prices>
                    <DistanceMatrixElementPrice id="VTR:DistanceMatrixElementPrice:1153766to1153767" version="1">
                      <Amount>0.38</Amount>
                      <DistanceMatrixElementRef ref="VTR:DistanceMatrixElement:1153766to1153767" version="1"/>
                    </DistanceMatrixElementPrice>
                  </prices>
                </DistanceMatrixElement>
                <DistanceMatrixElement id="VTR:DistanceMatrixElement:1153767to1153769" version="1">
                  <Name>Keidai to Gembutis</Name>
                  <StartStopPointRef ref="VTR:ScheduledStopPoint:120247" version="1"/>
                  <EndStopPointRef ref="VTR:ScheduledStopPoint:120249" version="1"/>
                  <prices>
                    <DistanceMatrixElementPrice id="VTR:DistanceMatrixElementPrice:1153767to1153769" version="1">
                      <Amount>0.72</Amount>
                      <DistanceMatrixElementRef ref="VTR:DistanceMatrixElement:1153767to1153769" version="1"/>
                    </DistanceMatrixElementPrice>
                  </prices>
                </DistanceMatrixElement>
                <DistanceMatrixElement id="VTR:DistanceMatrixElement:1153768to1153770" version="1">
                  <Name>Pakalniškiai to Kruopiai</Name>
                  <StartStopPointRef ref="VTR:ScheduledStopPoint:120248" version="1"/>
                  <EndStopPointRef ref="VTR:ScheduledStopPoint:120250" version="1"/>
                  <prices>
                    <DistanceMatrixElementPrice id="VTR:DistanceMatrixElementPrice:1153768to1153770" version="1">
                      <Amount>0.58</Amount>
                      <DistanceMatrixElementRef ref="VTR:DistanceMatrixElement:1153768to1153770" version="1"/>
                    </DistanceMatrixElementPrice>
                  </prices>
                </DistanceMatrixElement>
                <DistanceMatrixElement id="VTR:DistanceMatrixElement:1153759to1153762" version="1">
                  <Name>Kruopiai to Keidai</Name>
                  <StartStopPointRef ref="VTR:ScheduledStopPoint:120251" version="1"/>
                  <EndStopPointRef ref="VTR:ScheduledStopPoint:120254" version="1"/>
                  <prices>
                    <DistanceMatrixElementPrice id="VTR:DistanceMatrixElementPrice:1153759to1153762" version="1">
                      <Amount>0.93</Amount>
                      <DistanceMatrixElementRef ref="VTR:DistanceMatrixElement:1153759to1153762" version="1"/>
                    </DistanceMatrixElementPrice>
                  </prices>
                </DistanceMatrixElement>
                <DistanceMatrixElement id="VTR:DistanceMatrixElement:1153765to1153769" version="1">
                  <Name>Naujoji Akmenė AS to Gembutis</Name>
                  <StartStopPointRef ref="VTR:ScheduledStopPoint:120245" version="1"/>
                  <EndStopPointRef ref="VTR:ScheduledStopPoint:120249" version="1"/>
                  <prices>
                    <DistanceMatrixElementPrice id="VTR:DistanceMatrixElementPrice:1153765to1153769" version="1">
                      <Amount>1.25</Amount>
                      <DistanceMatrixElementRef ref="VTR:DistanceMatrixElement:1153765to1153769" version="1"/>
                    </DistanceMatrixElementPrice>
                  </prices>
                </DistanceMatrixElement>
                <DistanceMatrixElement id="VTR:DistanceMatrixElement:1153761to1153764" version="1">
                  <Name>Šapnagiai to Naujoji Akmenė AS</Name>
                  <StartStopPointRef ref="VTR:ScheduledStopPoint:120253" version="1"/>
                  <EndStopPointRef ref="VTR:ScheduledStopPoint:120256" version="1"/>
                  <prices>
                    <DistanceMatrixElementPrice id="VTR:DistanceMatrixElementPrice:1153761to1153764" version="1">
                      <Amount>0.87</Amount>
                      <DistanceMatrixElementRef ref="VTR:DistanceMatrixElement:1153761to1153764" version="1"/>
                    </DistanceMatrixElementPrice>
                  </prices>
                </DistanceMatrixElement>
                <DistanceMatrixElement id="VTR:DistanceMatrixElement:1153766to1153770" version="1">
                  <Name>Aerouostas to Kruopiai</Name>
                  <StartStopPointRef ref="VTR:ScheduledStopPoint:120246" version="1"/>
                  <EndStopPointRef ref="VTR:ScheduledStopPoint:120250" version="1"/>
                  <prices>
                    <DistanceMatrixElementPrice id="VTR:DistanceMatrixElementPrice:1153766to1153770" version="1">
                      <Amount>1.27</Amount>
                      <DistanceMatrixElementRef ref="VTR:DistanceMatrixElement:1153766to1153770" version="1"/>
                    </DistanceMatrixElementPrice>
                  </prices>
                </DistanceMatrixElement>
                <DistanceMatrixElement id="VTR:DistanceMatrixElement:1153767to1153768" version="1">
                  <Name>Keidai to Pakalniškiai</Name>
                  <StartStopPointRef ref="VTR:ScheduledStopPoint:120247" version="1"/>
                  <EndStopPointRef ref="VTR:ScheduledStopPoint:120248" version="1"/>
                  <prices>
                    <DistanceMatrixElementPrice id="VTR:DistanceMatrixElementPrice:1153767to1153768" version="1">
                      <Amount>0.35</Amount>
                      <DistanceMatrixElementRef ref="VTR:DistanceMatrixElement:1153767to1153768" version="1"/>
                    </DistanceMatrixElementPrice>
                  </prices>
                </DistanceMatrixElement>
                <DistanceMatrixElement id="VTR:DistanceMatrixElement:1153760to1153762" version="1">
                  <Name>Gembutis to Keidai</Name>
                  <StartStopPointRef ref="VTR:ScheduledStopPoint:120252" version="1"/>
                  <EndStopPointRef ref="VTR:ScheduledStopPoint:120254" version="1"/>
                  <prices>
                    <DistanceMatrixElementPrice id="VTR:DistanceMatrixElementPrice:1153760to1153762" version="1">
                      <Amount>0.72</Amount>
                      <DistanceMatrixElementRef ref="VTR:DistanceMatrixElement:1153760to1153762" version="1"/>
                    </DistanceMatrixElementPrice>
                  </prices>
                </DistanceMatrixElement>
                <DistanceMatrixElement id="VTR:DistanceMatrixElement:1153765to1153768" version="1">
                  <Name>Naujoji Akmenė AS to Pakalniškiai</Name>
                  <StartStopPointRef ref="VTR:ScheduledStopPoint:120245" version="1"/>
                  <EndStopPointRef ref="VTR:ScheduledStopPoint:120248" version="1"/>
                  <prices>
                    <DistanceMatrixElementPrice id="VTR:DistanceMatrixElementPrice:1153765to1153768" version="1">
                      <Amount>0.87</Amount>
                      <DistanceMatrixElementRef ref="VTR:DistanceMatrixElement:1153765to1153768" version="1"/>
                    </DistanceMatrixElementPrice>
                  </prices>
                </DistanceMatrixElement>
                <DistanceMatrixElement id="VTR:DistanceMatrixElement:1153766to1153768" version="1">
                  <Name>Aerouostas to Pakalniškiai</Name>
                  <StartStopPointRef ref="VTR:ScheduledStopPoint:120246" version="1"/>
                  <EndStopPointRef ref="VTR:ScheduledStopPoint:120248" version="1"/>
                  <prices>
                    <DistanceMatrixElementPrice id="VTR:DistanceMatrixElementPrice:1153766to1153768" version="1">
                      <Amount>0.7</Amount>
                      <DistanceMatrixElementRef ref="VTR:DistanceMatrixElement:1153766to1153768" version="1"/>
                    </DistanceMatrixElementPrice>
                  </prices>
                </DistanceMatrixElement>
                <DistanceMatrixElement id="VTR:DistanceMatrixElement:1153768to1153769" version="1">
                  <Name>Pakalniškiai to Gembutis</Name>
                  <StartStopPointRef ref="VTR:ScheduledStopPoint:120248" version="1"/>
                  <EndStopPointRef ref="VTR:ScheduledStopPoint:120249" version="1"/>
                  <prices>
                    <DistanceMatrixElementPrice id="VTR:DistanceMatrixElementPrice:1153768to1153769" version="1">
                      <Amount>0.38</Amount>
                      <DistanceMatrixElementRef ref="VTR:DistanceMatrixElement:1153768to1153769" version="1"/>
                    </DistanceMatrixElementPrice>
                  </prices>
                </DistanceMatrixElement>
                <DistanceMatrixElement id="VTR:DistanceMatrixElement:1153762to1153764" version="1">
                  <Name>Keidai to Naujoji Akmenė AS</Name>
                  <StartStopPointRef ref="VTR:ScheduledStopPoint:120254" version="1"/>
                  <EndStopPointRef ref="VTR:ScheduledStopPoint:120256" version="1"/>
                  <prices>
                    <DistanceMatrixElementPrice id="VTR:DistanceMatrixElementPrice:1153762to1153764" version="1">
                      <Amount>0.52</Amount>
                      <DistanceMatrixElementRef ref="VTR:DistanceMatrixElement:1153762to1153764" version="1"/>
                    </DistanceMatrixElementPrice>
                  </prices>
                </DistanceMatrixElement>
                <DistanceMatrixElement id="VTR:DistanceMatrixElement:1153759to1153761" version="1">
                  <Name>Kruopiai to Šapnagiai</Name>
                  <StartStopPointRef ref="VTR:ScheduledStopPoint:120251" version="1"/>
                  <EndStopPointRef ref="VTR:ScheduledStopPoint:120253" version="1"/>
                  <prices>
                    <DistanceMatrixElementPrice id="VTR:DistanceMatrixElementPrice:1153759to1153761" version="1">
                      <Amount>0.58</Amount>
                      <DistanceMatrixElementRef ref="VTR:DistanceMatrixElement:1153759to1153761" version="1"/>
                    </DistanceMatrixElementPrice>
                  </prices>
                </DistanceMatrixElement>
                <DistanceMatrixElement id="VTR:DistanceMatrixElement:1153759to1153764" version="1">
                  <Name>Kruopiai to Naujoji Akmenė AS</Name>
                  <StartStopPointRef ref="VTR:ScheduledStopPoint:120251" version="1"/>
                  <EndStopPointRef ref="VTR:ScheduledStopPoint:120256" version="1"/>
                  <prices>
                    <DistanceMatrixElementPrice id="VTR:DistanceMatrixElementPrice:1153759to1153764" version="1">
                      <Amount>1.45</Amount>
                      <DistanceMatrixElementRef ref="VTR:DistanceMatrixElement:1153759to1153764" version="1"/>
                    </DistanceMatrixElementPrice>
                  </prices>
                </DistanceMatrixElement>
                <DistanceMatrixElement id="VTR:DistanceMatrixElement:1153769to1153770" version="1">
                  <Name>Gembutis to Kruopiai</Name>
                  <StartStopPointRef ref="VTR:ScheduledStopPoint:120249" version="1"/>
                  <EndStopPointRef ref="VTR:ScheduledStopPoint:120250" version="1"/>
                  <prices>
                    <DistanceMatrixElementPrice id="VTR:DistanceMatrixElementPrice:1153769to1153770" version="1">
                      <Amount>0.2</Amount>
                      <DistanceMatrixElementRef ref="VTR:DistanceMatrixElement:1153769to1153770" version="1"/>
                    </DistanceMatrixElementPrice>
                  </prices>
                </DistanceMatrixElement>
              </distanceMatrixElements>
            </Tariff>
          </tariffs>
          <usageParameters>
            <FrequencyOfUse id="VTR:FrequencyOfUse:oneTrip" version="1">
              <FrequencyOfUseType>unlimited</FrequencyOfUseType>
              <MaximalFrequency>1</MaximalFrequency>
            </FrequencyOfUse>
          </usageParameters>
        </FareFrame>
      </frames>
    </CompositeFrame>
  </dataObjects>
</PublicationDelivery>
