<?xml version="1.0" encoding="UTF-8"?><PublicationDelivery xmlns="http://www.netex.org.uk/netex" xmlns:gis="http://www.opengis.net/gml/3.2" xmlns:ns2="http://www.opengis.net/gml/3.2" xmlns:ns3="http://www.siri.org.uk/siri" xmlns:xsi="http://www.w3.org/2001/XMLSchema-instance" version="1" xsi:schemaLocation="">
  <PublicationTimestamp>2022-05-07T02:50:00.419</PublicationTimestamp>
  <ParticipantRef>VTR</ParticipantRef>
  <Description>1</Description>
  <dataObjects>
    <CompositeFrame created="2022-05-07T02:50:00.419" version="1" id="VTR:CompositeFrame:1375">
      <validityConditions>
        <AvailabilityCondition version="1" id="VTR:AvailabilityCondition:1375">
          <FromDate>2015-11-13T09:58:01</FromDate>
          <ToDate>2027-12-30T00:00:00</ToDate>
        </AvailabilityCondition>
      </validityConditions>
      <codespaces>
        <Codespace id="vtr">
          <Xmlns>VTR</Xmlns>
          <XmlnsUrl>http://www.visimarsrutai.lt/</XmlnsUrl>
        </Codespace>
      </codespaces>
      <FrameDefaults>
        <DefaultLocale>
          <TimeZone>Europe/Vilnius</TimeZone>
        </DefaultLocale>
        <DefaultLocationSystem>WGS84</DefaultLocationSystem>
      </FrameDefaults>
      <frames>
        <ServiceCalendarFrame version="1" id="VTR:ServiceCalendarFrame:1375">
          <dayTypes>
            <DayType id="VTR:DayType:643" version="1">
              <properties>
                <PropertyOfDay>
                  <DaysOfWeek>Monday Tuesday Wednesday Thursday Friday</DaysOfWeek>
                </PropertyOfDay>
              </properties>
            </DayType>
          </dayTypes>
          <operatingPeriods>
            <OperatingPeriod version="1" id="VTR:OperatingPeriod:643">
              <FromDate>2013-02-20T00:00:00</FromDate>
              <ToDate>2022-02-22T00:00:00</ToDate>
            </OperatingPeriod>
          </operatingPeriods>
          <dayTypeAssignments>
            <DayTypeAssignment id="VTR:DayTypeAssignment:643_0" version="1" order="789">
              <OperatingPeriodRef ref="VTR:OperatingPeriod:643" version="1"/>
              <DayTypeRef ref="VTR:DayType:643" version="1"/>
            </DayTypeAssignment>
          </dayTypeAssignments>
        </ServiceCalendarFrame>
        <ServiceFrame id="VTR:ServiceFrame:1375" version="1">
          <Network version="0" id="VTR:Network:57"/>
          <routePoints>
            <RoutePoint version="1" id="VTR:RoutePoint:121570">
              <projections>
                <PointProjection version="1" id="VTR:PointProjection:35932">
                  <ProjectedPointRef ref="VTR:ScheduledStopPoint:121570" version="1"/>
                </PointProjection>
              </projections>
            </RoutePoint>
            <RoutePoint version="1" id="VTR:RoutePoint:121571">
              <projections>
                <PointProjection version="1" id="VTR:PointProjection:35929">
                  <ProjectedPointRef ref="VTR:ScheduledStopPoint:121571" version="1"/>
                </PointProjection>
              </projections>
            </RoutePoint>
            <RoutePoint version="1" id="VTR:RoutePoint:121572">
              <projections>
                <PointProjection version="1" id="VTR:PointProjection:35930">
                  <ProjectedPointRef ref="VTR:ScheduledStopPoint:121572" version="1"/>
                </PointProjection>
              </projections>
            </RoutePoint>
            <RoutePoint version="1" id="VTR:RoutePoint:121573">
              <projections>
                <PointProjection version="1" id="VTR:PointProjection:35931">
                  <ProjectedPointRef ref="VTR:ScheduledStopPoint:121573" version="1"/>
                </PointProjection>
              </projections>
            </RoutePoint>
            <RoutePoint version="1" id="VTR:RoutePoint:121574">
              <projections>
                <PointProjection version="1" id="VTR:PointProjection:35964">
                  <ProjectedPointRef ref="VTR:ScheduledStopPoint:121574" version="1"/>
                </PointProjection>
              </projections>
            </RoutePoint>
            <RoutePoint version="1" id="VTR:RoutePoint:121575">
              <projections>
                <PointProjection version="1" id="VTR:PointProjection:35965">
                  <ProjectedPointRef ref="VTR:ScheduledStopPoint:121575" version="1"/>
                </PointProjection>
              </projections>
            </RoutePoint>
            <RoutePoint version="1" id="VTR:RoutePoint:121576">
              <projections>
                <PointProjection version="1" id="VTR:PointProjection:35966">
                  <ProjectedPointRef ref="VTR:ScheduledStopPoint:121576" version="1"/>
                </PointProjection>
              </projections>
            </RoutePoint>
            <RoutePoint version="1" id="VTR:RoutePoint:121577">
              <projections>
                <PointProjection version="1" id="VTR:PointProjection:35967">
                  <ProjectedPointRef ref="VTR:ScheduledStopPoint:121577" version="1"/>
                </PointProjection>
              </projections>
            </RoutePoint>
            <RoutePoint version="1" id="VTR:RoutePoint:121578">
              <projections>
                <PointProjection version="1" id="VTR:PointProjection:35968">
                  <ProjectedPointRef ref="VTR:ScheduledStopPoint:121578" version="1"/>
                </PointProjection>
              </projections>
            </RoutePoint>
            <RoutePoint version="1" id="VTR:RoutePoint:121579">
              <projections>
                <PointProjection version="1" id="VTR:PointProjection:35969">
                  <ProjectedPointRef ref="VTR:ScheduledStopPoint:121579" version="1"/>
                </PointProjection>
              </projections>
            </RoutePoint>
            <RoutePoint version="1" id="VTR:RoutePoint:121580">
              <projections>
                <PointProjection version="1" id="VTR:PointProjection:35970">
                  <ProjectedPointRef ref="VTR:ScheduledStopPoint:121580" version="1"/>
                </PointProjection>
              </projections>
            </RoutePoint>
            <RoutePoint version="1" id="VTR:RoutePoint:121581">
              <projections>
                <PointProjection version="1" id="VTR:PointProjection:35971">
                  <ProjectedPointRef ref="VTR:ScheduledStopPoint:121581" version="1"/>
                </PointProjection>
              </projections>
            </RoutePoint>
            <RoutePoint version="1" id="VTR:RoutePoint:121582">
              <projections>
                <PointProjection version="1" id="VTR:PointProjection:35972">
                  <ProjectedPointRef ref="VTR:ScheduledStopPoint:121582" version="1"/>
                </PointProjection>
              </projections>
            </RoutePoint>
            <RoutePoint version="1" id="VTR:RoutePoint:121583">
              <projections>
                <PointProjection version="1" id="VTR:PointProjection:35973">
                  <ProjectedPointRef ref="VTR:ScheduledStopPoint:121583" version="1"/>
                </PointProjection>
              </projections>
            </RoutePoint>
            <RoutePoint version="1" id="VTR:RoutePoint:121585">
              <projections>
                <PointProjection version="1" id="VTR:PointProjection:37461">
                  <ProjectedPointRef ref="VTR:ScheduledStopPoint:121585" version="1"/>
                </PointProjection>
              </projections>
            </RoutePoint>
            <RoutePoint version="1" id="VTR:RoutePoint:121586">
              <projections>
                <PointProjection version="1" id="VTR:PointProjection:37462">
                  <ProjectedPointRef ref="VTR:ScheduledStopPoint:121586" version="1"/>
                </PointProjection>
              </projections>
            </RoutePoint>
            <RoutePoint version="1" id="VTR:RoutePoint:121587">
              <projections>
                <PointProjection version="1" id="VTR:PointProjection:37463">
                  <ProjectedPointRef ref="VTR:ScheduledStopPoint:121587" version="1"/>
                </PointProjection>
              </projections>
            </RoutePoint>
            <RoutePoint version="1" id="VTR:RoutePoint:121588">
              <projections>
                <PointProjection version="1" id="VTR:PointProjection:37464">
                  <ProjectedPointRef ref="VTR:ScheduledStopPoint:121588" version="1"/>
                </PointProjection>
              </projections>
            </RoutePoint>
            <RoutePoint version="1" id="VTR:RoutePoint:121589">
              <projections>
                <PointProjection version="1" id="VTR:PointProjection:37465">
                  <ProjectedPointRef ref="VTR:ScheduledStopPoint:121589" version="1"/>
                </PointProjection>
              </projections>
            </RoutePoint>
            <RoutePoint version="1" id="VTR:RoutePoint:121590">
              <projections>
                <PointProjection version="1" id="VTR:PointProjection:37466">
                  <ProjectedPointRef ref="VTR:ScheduledStopPoint:121590" version="1"/>
                </PointProjection>
              </projections>
            </RoutePoint>
            <RoutePoint version="1" id="VTR:RoutePoint:121591">
              <projections>
                <PointProjection version="1" id="VTR:PointProjection:37467">
                  <ProjectedPointRef ref="VTR:ScheduledStopPoint:121591" version="1"/>
                </PointProjection>
              </projections>
            </RoutePoint>
            <RoutePoint version="1" id="VTR:RoutePoint:121592">
              <projections>
                <PointProjection version="1" id="VTR:PointProjection:37468">
                  <ProjectedPointRef ref="VTR:ScheduledStopPoint:121592" version="1"/>
                </PointProjection>
              </projections>
            </RoutePoint>
            <RoutePoint version="1" id="VTR:RoutePoint:121593">
              <projections>
                <PointProjection version="1" id="VTR:PointProjection:37469">
                  <ProjectedPointRef ref="VTR:ScheduledStopPoint:121593" version="1"/>
                </PointProjection>
              </projections>
            </RoutePoint>
            <RoutePoint version="1" id="VTR:RoutePoint:121594">
              <projections>
                <PointProjection version="1" id="VTR:PointProjection:37470">
                  <ProjectedPointRef ref="VTR:ScheduledStopPoint:121594" version="1"/>
                </PointProjection>
              </projections>
            </RoutePoint>
            <RoutePoint version="1" id="VTR:RoutePoint:121595">
              <projections>
                <PointProjection version="1" id="VTR:PointProjection:37471">
                  <ProjectedPointRef ref="VTR:ScheduledStopPoint:121595" version="1"/>
                </PointProjection>
              </projections>
            </RoutePoint>
            <RoutePoint version="1" id="VTR:RoutePoint:121596">
              <projections>
                <PointProjection version="1" id="VTR:PointProjection:37472">
                  <ProjectedPointRef ref="VTR:ScheduledStopPoint:121596" version="1"/>
                </PointProjection>
              </projections>
            </RoutePoint>
          </routePoints>
          <routes>
            <Route version="1" id="VTR:Route:7214">
              <Name>Kuigaliai - Jonava</Name>
              <ShortName>Kuigaliai - Jonava</ShortName>
              <LineRef ref="VTR:Line:2809" version="2872"/>
              <DirectionType>inbound</DirectionType>
              <pointsInSequence>
                <PointOnRoute version="1" id="VTR:PointOnRoute:121585" order="1">
                  <RoutePointRef ref="VTR:RoutePoint:121585"/>
                </PointOnRoute>
                <PointOnRoute version="1" id="VTR:PointOnRoute:121586" order="2">
                  <RoutePointRef ref="VTR:RoutePoint:121586"/>
                </PointOnRoute>
                <PointOnRoute version="1" id="VTR:PointOnRoute:121587" order="3">
                  <RoutePointRef ref="VTR:RoutePoint:121587"/>
                </PointOnRoute>
                <PointOnRoute version="1" id="VTR:PointOnRoute:121588" order="4">
                  <RoutePointRef ref="VTR:RoutePoint:121588"/>
                </PointOnRoute>
                <PointOnRoute version="1" id="VTR:PointOnRoute:121589" order="5">
                  <RoutePointRef ref="VTR:RoutePoint:121589"/>
                </PointOnRoute>
                <PointOnRoute version="1" id="VTR:PointOnRoute:121590" order="6">
                  <RoutePointRef ref="VTR:RoutePoint:121590"/>
                </PointOnRoute>
                <PointOnRoute version="1" id="VTR:PointOnRoute:121591" order="7">
                  <RoutePointRef ref="VTR:RoutePoint:121591"/>
                </PointOnRoute>
                <PointOnRoute version="1" id="VTR:PointOnRoute:121592" order="8">
                  <RoutePointRef ref="VTR:RoutePoint:121592"/>
                </PointOnRoute>
                <PointOnRoute version="1" id="VTR:PointOnRoute:121593" order="9">
                  <RoutePointRef ref="VTR:RoutePoint:121593"/>
                </PointOnRoute>
                <PointOnRoute version="1" id="VTR:PointOnRoute:121594" order="10">
                  <RoutePointRef ref="VTR:RoutePoint:121594"/>
                </PointOnRoute>
                <PointOnRoute version="1" id="VTR:PointOnRoute:121595" order="11">
                  <RoutePointRef ref="VTR:RoutePoint:121595"/>
                </PointOnRoute>
                <PointOnRoute version="1" id="VTR:PointOnRoute:121596" order="12">
                  <RoutePointRef ref="VTR:RoutePoint:121596"/>
                </PointOnRoute>
              </pointsInSequence>
            </Route>
            <Route version="1" id="VTR:Route:7213">
              <Name>Jonava - Kuigaliai</Name>
              <ShortName>Jonava - Kuigaliai</ShortName>
              <LineRef ref="VTR:Line:2809" version="2872"/>
              <DirectionType>outbound</DirectionType>
              <pointsInSequence>
                <PointOnRoute version="1" id="VTR:PointOnRoute:121570" order="1">
                  <RoutePointRef ref="VTR:RoutePoint:121570"/>
                </PointOnRoute>
                <PointOnRoute version="1" id="VTR:PointOnRoute:121571" order="2">
                  <RoutePointRef ref="VTR:RoutePoint:121571"/>
                </PointOnRoute>
                <PointOnRoute version="1" id="VTR:PointOnRoute:121572" order="3">
                  <RoutePointRef ref="VTR:RoutePoint:121572"/>
                </PointOnRoute>
                <PointOnRoute version="1" id="VTR:PointOnRoute:121573" order="4">
                  <RoutePointRef ref="VTR:RoutePoint:121573"/>
                </PointOnRoute>
                <PointOnRoute version="1" id="VTR:PointOnRoute:121574" order="5">
                  <RoutePointRef ref="VTR:RoutePoint:121574"/>
                </PointOnRoute>
                <PointOnRoute version="1" id="VTR:PointOnRoute:121575" order="6">
                  <RoutePointRef ref="VTR:RoutePoint:121575"/>
                </PointOnRoute>
                <PointOnRoute version="1" id="VTR:PointOnRoute:121576" order="7">
                  <RoutePointRef ref="VTR:RoutePoint:121576"/>
                </PointOnRoute>
                <PointOnRoute version="1" id="VTR:PointOnRoute:121577" order="8">
                  <RoutePointRef ref="VTR:RoutePoint:121577"/>
                </PointOnRoute>
                <PointOnRoute version="1" id="VTR:PointOnRoute:121578" order="9">
                  <RoutePointRef ref="VTR:RoutePoint:121578"/>
                </PointOnRoute>
                <PointOnRoute version="1" id="VTR:PointOnRoute:121579" order="10">
                  <RoutePointRef ref="VTR:RoutePoint:121579"/>
                </PointOnRoute>
                <PointOnRoute version="1" id="VTR:PointOnRoute:121580" order="11">
                  <RoutePointRef ref="VTR:RoutePoint:121580"/>
                </PointOnRoute>
                <PointOnRoute version="1" id="VTR:PointOnRoute:121581" order="12">
                  <RoutePointRef ref="VTR:RoutePoint:121581"/>
                </PointOnRoute>
                <PointOnRoute version="1" id="VTR:PointOnRoute:121582" order="13">
                  <RoutePointRef ref="VTR:RoutePoint:121582"/>
                </PointOnRoute>
                <PointOnRoute version="1" id="VTR:PointOnRoute:121583" order="14">
                  <RoutePointRef ref="VTR:RoutePoint:121583"/>
                </PointOnRoute>
              </pointsInSequence>
            </Route>
          </routes>
          <lines>
            <Line version="2872" id="VTR:Line:2809">
              <Name>Jonava - Naujasodis - Kuigaliai</Name>
              <TransportMode>bus</TransportMode>
              <TransportSubmode>
                <BusSubmode>regionalBus</BusSubmode>
              </TransportSubmode>
              <PublicCode>P800</PublicCode>
              <OperatorRef ref="VTR:Operator:57"/>
            </Line>
          </lines>
          <scheduledStopPoints>
            <ScheduledStopPoint version="1" id="VTR:ScheduledStopPoint:121570">
              <Name>Autobusų stotis</Name>
            </ScheduledStopPoint>
            <ScheduledStopPoint version="1" id="VTR:ScheduledStopPoint:121571">
              <Name>Poliklinika</Name>
            </ScheduledStopPoint>
            <ScheduledStopPoint version="1" id="VTR:ScheduledStopPoint:121572">
              <Name>Šviesos g.</Name>
            </ScheduledStopPoint>
            <ScheduledStopPoint version="1" id="VTR:ScheduledStopPoint:121573">
              <Name>Kapinės</Name>
            </ScheduledStopPoint>
            <ScheduledStopPoint version="1" id="VTR:ScheduledStopPoint:121574">
              <Name>Ragožiai</Name>
            </ScheduledStopPoint>
            <ScheduledStopPoint version="1" id="VTR:ScheduledStopPoint:121575">
              <Name>Autoservisas</Name>
            </ScheduledStopPoint>
            <ScheduledStopPoint version="1" id="VTR:ScheduledStopPoint:121576">
              <Name>Vašeikiai</Name>
            </ScheduledStopPoint>
            <ScheduledStopPoint version="1" id="VTR:ScheduledStopPoint:121577">
              <Name>Martyniškis</Name>
            </ScheduledStopPoint>
            <ScheduledStopPoint version="1" id="VTR:ScheduledStopPoint:121578">
              <Name>Naujasodis</Name>
            </ScheduledStopPoint>
            <ScheduledStopPoint version="1" id="VTR:ScheduledStopPoint:121579">
              <Name>Noreikiškiai</Name>
            </ScheduledStopPoint>
            <ScheduledStopPoint version="1" id="VTR:ScheduledStopPoint:121580">
              <Name>Kryžkelė</Name>
            </ScheduledStopPoint>
            <ScheduledStopPoint version="1" id="VTR:ScheduledStopPoint:121581">
              <Name>Barsukinė</Name>
            </ScheduledStopPoint>
            <ScheduledStopPoint version="1" id="VTR:ScheduledStopPoint:121582">
              <Name>Zalomenė</Name>
            </ScheduledStopPoint>
            <ScheduledStopPoint version="1" id="VTR:ScheduledStopPoint:121583">
              <Name>Kuigaliai</Name>
            </ScheduledStopPoint>
            <ScheduledStopPoint version="1" id="VTR:ScheduledStopPoint:121585">
              <Name>Kuigaliai</Name>
            </ScheduledStopPoint>
            <ScheduledStopPoint version="1" id="VTR:ScheduledStopPoint:121586">
              <Name>Juljanava</Name>
            </ScheduledStopPoint>
            <ScheduledStopPoint version="1" id="VTR:ScheduledStopPoint:121587">
              <Name>Medelynas</Name>
            </ScheduledStopPoint>
            <ScheduledStopPoint version="1" id="VTR:ScheduledStopPoint:121588">
              <Name>Dargužiai</Name>
            </ScheduledStopPoint>
            <ScheduledStopPoint version="1" id="VTR:ScheduledStopPoint:121589">
              <Name>Martyniškis</Name>
            </ScheduledStopPoint>
            <ScheduledStopPoint version="1" id="VTR:ScheduledStopPoint:121590">
              <Name>Vašeikiai</Name>
            </ScheduledStopPoint>
            <ScheduledStopPoint version="1" id="VTR:ScheduledStopPoint:121591">
              <Name>Autoservisas</Name>
            </ScheduledStopPoint>
            <ScheduledStopPoint version="1" id="VTR:ScheduledStopPoint:121592">
              <Name>Ragožiai</Name>
            </ScheduledStopPoint>
            <ScheduledStopPoint version="1" id="VTR:ScheduledStopPoint:121593">
              <Name>Kapinės</Name>
            </ScheduledStopPoint>
            <ScheduledStopPoint version="1" id="VTR:ScheduledStopPoint:121594">
              <Name>Šviesos g.</Name>
            </ScheduledStopPoint>
            <ScheduledStopPoint version="1" id="VTR:ScheduledStopPoint:121595">
              <Name>Poliklinika</Name>
            </ScheduledStopPoint>
            <ScheduledStopPoint version="1" id="VTR:ScheduledStopPoint:121596">
              <Name>Jonavos autobusų stotis</Name>
            </ScheduledStopPoint>
          </scheduledStopPoints>
          <serviceLinks>
            <ServiceLink id="VTR:ServiceLink:121578_1_121579_1" version="1">
              <Distance>0</Distance>
              <FromPointRef ref="VTR:ScheduledStopPoint:121578" version="1"/>
              <ToPointRef ref="VTR:ScheduledStopPoint:121579" version="1"/>
            </ServiceLink>
            <ServiceLink id="VTR:ServiceLink:121595_1_121596_1" version="1">
              <Distance>0</Distance>
              <FromPointRef ref="VTR:ScheduledStopPoint:121595" version="1"/>
              <ToPointRef ref="VTR:ScheduledStopPoint:121596" version="1"/>
            </ServiceLink>
            <ServiceLink id="VTR:ServiceLink:121571_1_121572_1" version="1">
              <Distance>1</Distance>
              <FromPointRef ref="VTR:ScheduledStopPoint:121571" version="1"/>
              <ToPointRef ref="VTR:ScheduledStopPoint:121572" version="1"/>
            </ServiceLink>
            <ServiceLink id="VTR:ServiceLink:121581_1_121582_1" version="1">
              <Distance>1</Distance>
              <FromPointRef ref="VTR:ScheduledStopPoint:121581" version="1"/>
              <ToPointRef ref="VTR:ScheduledStopPoint:121582" version="1"/>
            </ServiceLink>
            <ServiceLink id="VTR:ServiceLink:121587_1_121588_1" version="1">
              <Distance>1</Distance>
              <FromPointRef ref="VTR:ScheduledStopPoint:121587" version="1"/>
              <ToPointRef ref="VTR:ScheduledStopPoint:121588" version="1"/>
            </ServiceLink>
            <ServiceLink id="VTR:ServiceLink:121589_1_121590_1" version="1">
              <Distance>2</Distance>
              <FromPointRef ref="VTR:ScheduledStopPoint:121589" version="1"/>
              <ToPointRef ref="VTR:ScheduledStopPoint:121590" version="1"/>
            </ServiceLink>
            <ServiceLink id="VTR:ServiceLink:121582_1_121583_1" version="1">
              <Distance>4</Distance>
              <FromPointRef ref="VTR:ScheduledStopPoint:121582" version="1"/>
              <ToPointRef ref="VTR:ScheduledStopPoint:121583" version="1"/>
            </ServiceLink>
            <ServiceLink id="VTR:ServiceLink:121580_1_121581_1" version="1">
              <Distance>1</Distance>
              <FromPointRef ref="VTR:ScheduledStopPoint:121580" version="1"/>
              <ToPointRef ref="VTR:ScheduledStopPoint:121581" version="1"/>
            </ServiceLink>
            <ServiceLink id="VTR:ServiceLink:121591_1_121592_1" version="1">
              <Distance>1</Distance>
              <FromPointRef ref="VTR:ScheduledStopPoint:121591" version="1"/>
              <ToPointRef ref="VTR:ScheduledStopPoint:121592" version="1"/>
            </ServiceLink>
            <ServiceLink id="VTR:ServiceLink:121592_1_121593_1" version="1">
              <Distance>0</Distance>
              <FromPointRef ref="VTR:ScheduledStopPoint:121592" version="1"/>
              <ToPointRef ref="VTR:ScheduledStopPoint:121593" version="1"/>
            </ServiceLink>
            <ServiceLink id="VTR:ServiceLink:121594_1_121595_1" version="1">
              <Distance>1</Distance>
              <FromPointRef ref="VTR:ScheduledStopPoint:121594" version="1"/>
              <ToPointRef ref="VTR:ScheduledStopPoint:121595" version="1"/>
            </ServiceLink>
            <ServiceLink id="VTR:ServiceLink:121575_1_121576_1" version="1">
              <Distance>1</Distance>
              <FromPointRef ref="VTR:ScheduledStopPoint:121575" version="1"/>
              <ToPointRef ref="VTR:ScheduledStopPoint:121576" version="1"/>
            </ServiceLink>
            <ServiceLink id="VTR:ServiceLink:121588_1_121589_1" version="1">
              <Distance>2</Distance>
              <FromPointRef ref="VTR:ScheduledStopPoint:121588" version="1"/>
              <ToPointRef ref="VTR:ScheduledStopPoint:121589" version="1"/>
            </ServiceLink>
            <ServiceLink id="VTR:ServiceLink:121570_1_121571_1" version="1">
              <Distance>0</Distance>
              <FromPointRef ref="VTR:ScheduledStopPoint:121570" version="1"/>
              <ToPointRef ref="VTR:ScheduledStopPoint:121571" version="1"/>
            </ServiceLink>
            <ServiceLink id="VTR:ServiceLink:121585_1_121586_1" version="1">
              <Distance>2</Distance>
              <FromPointRef ref="VTR:ScheduledStopPoint:121585" version="1"/>
              <ToPointRef ref="VTR:ScheduledStopPoint:121586" version="1"/>
            </ServiceLink>
            <ServiceLink id="VTR:ServiceLink:121577_1_121578_1" version="1">
              <Distance>6</Distance>
              <FromPointRef ref="VTR:ScheduledStopPoint:121577" version="1"/>
              <ToPointRef ref="VTR:ScheduledStopPoint:121578" version="1"/>
            </ServiceLink>
            <ServiceLink id="VTR:ServiceLink:121572_1_121573_1" version="1">
              <Distance>0</Distance>
              <FromPointRef ref="VTR:ScheduledStopPoint:121572" version="1"/>
              <ToPointRef ref="VTR:ScheduledStopPoint:121573" version="1"/>
            </ServiceLink>
            <ServiceLink id="VTR:ServiceLink:121576_1_121577_1" version="1">
              <Distance>2</Distance>
              <FromPointRef ref="VTR:ScheduledStopPoint:121576" version="1"/>
              <ToPointRef ref="VTR:ScheduledStopPoint:121577" version="1"/>
            </ServiceLink>
            <ServiceLink id="VTR:ServiceLink:121593_1_121594_1" version="1">
              <Distance>0</Distance>
              <FromPointRef ref="VTR:ScheduledStopPoint:121593" version="1"/>
              <ToPointRef ref="VTR:ScheduledStopPoint:121594" version="1"/>
            </ServiceLink>
            <ServiceLink id="VTR:ServiceLink:121590_1_121591_1" version="1">
              <Distance>1</Distance>
              <FromPointRef ref="VTR:ScheduledStopPoint:121590" version="1"/>
              <ToPointRef ref="VTR:ScheduledStopPoint:121591" version="1"/>
            </ServiceLink>
            <ServiceLink id="VTR:ServiceLink:121586_1_121587_1" version="1">
              <Distance>1</Distance>
              <FromPointRef ref="VTR:ScheduledStopPoint:121586" version="1"/>
              <ToPointRef ref="VTR:ScheduledStopPoint:121587" version="1"/>
            </ServiceLink>
            <ServiceLink id="VTR:ServiceLink:121574_1_121575_1" version="1">
              <Distance>1</Distance>
              <FromPointRef ref="VTR:ScheduledStopPoint:121574" version="1"/>
              <ToPointRef ref="VTR:ScheduledStopPoint:121575" version="1"/>
            </ServiceLink>
            <ServiceLink id="VTR:ServiceLink:121573_1_121574_1" version="1">
              <Distance>0</Distance>
              <FromPointRef ref="VTR:ScheduledStopPoint:121573" version="1"/>
              <ToPointRef ref="VTR:ScheduledStopPoint:121574" version="1"/>
            </ServiceLink>
            <ServiceLink id="VTR:ServiceLink:121579_1_121580_1" version="1">
              <Distance>1</Distance>
              <FromPointRef ref="VTR:ScheduledStopPoint:121579" version="1"/>
              <ToPointRef ref="VTR:ScheduledStopPoint:121580" version="1"/>
            </ServiceLink>
          </serviceLinks>
          <stopAssignments>
            <PassengerStopAssignment order="721300000" id="VTR:PassengerStopAssignment:121570" version="1">
              <ScheduledStopPointRef ref="VTR:ScheduledStopPoint:121570" version="1"/>
              <QuayRef ref="VTR:Quay:20308"/>
            </PassengerStopAssignment>
            <PassengerStopAssignment order="721300001" id="VTR:PassengerStopAssignment:121571" version="1">
              <ScheduledStopPointRef ref="VTR:ScheduledStopPoint:121571" version="1"/>
              <QuayRef ref="VTR:Quay:3684"/>
            </PassengerStopAssignment>
            <PassengerStopAssignment order="721300002" id="VTR:PassengerStopAssignment:121572" version="1">
              <ScheduledStopPointRef ref="VTR:ScheduledStopPoint:121572" version="1"/>
              <QuayRef ref="VTR:Quay:3683"/>
            </PassengerStopAssignment>
            <PassengerStopAssignment order="721300003" id="VTR:PassengerStopAssignment:121573" version="1">
              <ScheduledStopPointRef ref="VTR:ScheduledStopPoint:121573" version="1"/>
              <QuayRef ref="VTR:Quay:4003"/>
            </PassengerStopAssignment>
            <PassengerStopAssignment order="721300004" id="VTR:PassengerStopAssignment:121574" version="1">
              <ScheduledStopPointRef ref="VTR:ScheduledStopPoint:121574" version="1"/>
              <QuayRef ref="VTR:Quay:4017"/>
            </PassengerStopAssignment>
            <PassengerStopAssignment order="721300005" id="VTR:PassengerStopAssignment:121575" version="1">
              <ScheduledStopPointRef ref="VTR:ScheduledStopPoint:121575" version="1"/>
              <QuayRef ref="VTR:Quay:4028"/>
            </PassengerStopAssignment>
            <PassengerStopAssignment order="721300006" id="VTR:PassengerStopAssignment:121576" version="1">
              <ScheduledStopPointRef ref="VTR:ScheduledStopPoint:121576" version="1"/>
              <QuayRef ref="VTR:Quay:4340"/>
            </PassengerStopAssignment>
            <PassengerStopAssignment order="721300007" id="VTR:PassengerStopAssignment:121577" version="1">
              <ScheduledStopPointRef ref="VTR:ScheduledStopPoint:121577" version="1"/>
              <QuayRef ref="VTR:Quay:9574"/>
            </PassengerStopAssignment>
            <PassengerStopAssignment order="721300008" id="VTR:PassengerStopAssignment:121578" version="1">
              <ScheduledStopPointRef ref="VTR:ScheduledStopPoint:121578" version="1"/>
              <QuayRef ref="VTR:Quay:4506"/>
            </PassengerStopAssignment>
            <PassengerStopAssignment order="721300009" id="VTR:PassengerStopAssignment:121579" version="1">
              <ScheduledStopPointRef ref="VTR:ScheduledStopPoint:121579" version="1"/>
              <QuayRef ref="VTR:Quay:4410"/>
            </PassengerStopAssignment>
            <PassengerStopAssignment order="721300010" id="VTR:PassengerStopAssignment:121580" version="1">
              <ScheduledStopPointRef ref="VTR:ScheduledStopPoint:121580" version="1"/>
              <QuayRef ref="VTR:Quay:12699"/>
            </PassengerStopAssignment>
            <PassengerStopAssignment order="721300011" id="VTR:PassengerStopAssignment:121581" version="1">
              <ScheduledStopPointRef ref="VTR:ScheduledStopPoint:121581" version="1"/>
              <QuayRef ref="VTR:Quay:6004"/>
            </PassengerStopAssignment>
            <PassengerStopAssignment order="721300012" id="VTR:PassengerStopAssignment:121582" version="1">
              <ScheduledStopPointRef ref="VTR:ScheduledStopPoint:121582" version="1"/>
              <QuayRef ref="VTR:Quay:10728"/>
            </PassengerStopAssignment>
            <PassengerStopAssignment order="721300013" id="VTR:PassengerStopAssignment:121583" version="1">
              <ScheduledStopPointRef ref="VTR:ScheduledStopPoint:121583" version="1"/>
              <QuayRef ref="VTR:Quay:4064"/>
            </PassengerStopAssignment>
            <PassengerStopAssignment order="721400000" id="VTR:PassengerStopAssignment:121585" version="1">
              <ScheduledStopPointRef ref="VTR:ScheduledStopPoint:121585" version="1"/>
              <QuayRef ref="VTR:Quay:3854"/>
            </PassengerStopAssignment>
            <PassengerStopAssignment order="721400001" id="VTR:PassengerStopAssignment:121586" version="1">
              <ScheduledStopPointRef ref="VTR:ScheduledStopPoint:121586" version="1"/>
              <QuayRef ref="VTR:Quay:3823"/>
            </PassengerStopAssignment>
            <PassengerStopAssignment order="721400002" id="VTR:PassengerStopAssignment:121587" version="1">
              <ScheduledStopPointRef ref="VTR:ScheduledStopPoint:121587" version="1"/>
              <QuayRef ref="VTR:Quay:3671"/>
            </PassengerStopAssignment>
            <PassengerStopAssignment order="721400003" id="VTR:PassengerStopAssignment:121588" version="1">
              <ScheduledStopPointRef ref="VTR:ScheduledStopPoint:121588" version="1"/>
              <QuayRef ref="VTR:Quay:3833"/>
            </PassengerStopAssignment>
            <PassengerStopAssignment order="721400004" id="VTR:PassengerStopAssignment:121589" version="1">
              <ScheduledStopPointRef ref="VTR:ScheduledStopPoint:121589" version="1"/>
              <QuayRef ref="VTR:Quay:3729"/>
            </PassengerStopAssignment>
            <PassengerStopAssignment order="721400005" id="VTR:PassengerStopAssignment:121590" version="1">
              <ScheduledStopPointRef ref="VTR:ScheduledStopPoint:121590" version="1"/>
              <QuayRef ref="VTR:Quay:3755"/>
            </PassengerStopAssignment>
            <PassengerStopAssignment order="721400006" id="VTR:PassengerStopAssignment:121591" version="1">
              <ScheduledStopPointRef ref="VTR:ScheduledStopPoint:121591" version="1"/>
              <QuayRef ref="VTR:Quay:3802"/>
            </PassengerStopAssignment>
            <PassengerStopAssignment order="721400007" id="VTR:PassengerStopAssignment:121592" version="1">
              <ScheduledStopPointRef ref="VTR:ScheduledStopPoint:121592" version="1"/>
              <QuayRef ref="VTR:Quay:3826"/>
            </PassengerStopAssignment>
            <PassengerStopAssignment order="721400008" id="VTR:PassengerStopAssignment:121593" version="1">
              <ScheduledStopPointRef ref="VTR:ScheduledStopPoint:121593" version="1"/>
              <QuayRef ref="VTR:Quay:3748"/>
            </PassengerStopAssignment>
            <PassengerStopAssignment order="721400009" id="VTR:PassengerStopAssignment:121594" version="1">
              <ScheduledStopPointRef ref="VTR:ScheduledStopPoint:121594" version="1"/>
              <QuayRef ref="VTR:Quay:3933"/>
            </PassengerStopAssignment>
            <PassengerStopAssignment order="721400010" id="VTR:PassengerStopAssignment:121595" version="1">
              <ScheduledStopPointRef ref="VTR:ScheduledStopPoint:121595" version="1"/>
              <QuayRef ref="VTR:Quay:3758"/>
            </PassengerStopAssignment>
            <PassengerStopAssignment order="721400011" id="VTR:PassengerStopAssignment:121596" version="1">
              <ScheduledStopPointRef ref="VTR:ScheduledStopPoint:121596" version="1"/>
              <QuayRef ref="VTR:Quay:24526"/>
            </PassengerStopAssignment>
          </stopAssignments>
          <journeyPatterns>
            <JourneyPattern id="VTR:JourneyPattern:60194" version="60306">
              <Name>1</Name>
              <RouteRef ref="VTR:Route:7213" version="1"/>
              <pointsInSequence>
                <StopPointInJourneyPattern id="VTR:StopPointInJourneyPattern:1204343" version="60306" order="1">
                  <ScheduledStopPointRef ref="VTR:ScheduledStopPoint:121570"/>
                  <ForAlighting>false</ForAlighting>
                  <DestinationDisplayRef ref="VTR:DestinationDisplay:1"/>
                </StopPointInJourneyPattern>
                <StopPointInJourneyPattern id="VTR:StopPointInJourneyPattern:1204344" version="60306" order="2">
                  <ScheduledStopPointRef ref="VTR:ScheduledStopPoint:121571"/>
                  <DestinationDisplayRef ref="VTR:DestinationDisplay:1"/>
                </StopPointInJourneyPattern>
                <StopPointInJourneyPattern id="VTR:StopPointInJourneyPattern:1204345" version="60306" order="3">
                  <ScheduledStopPointRef ref="VTR:ScheduledStopPoint:121572"/>
                  <DestinationDisplayRef ref="VTR:DestinationDisplay:1"/>
                </StopPointInJourneyPattern>
                <StopPointInJourneyPattern id="VTR:StopPointInJourneyPattern:1204346" version="60306" order="4">
                  <ScheduledStopPointRef ref="VTR:ScheduledStopPoint:121573"/>
                  <DestinationDisplayRef ref="VTR:DestinationDisplay:1"/>
                </StopPointInJourneyPattern>
                <StopPointInJourneyPattern id="VTR:StopPointInJourneyPattern:1204347" version="60306" order="5">
                  <ScheduledStopPointRef ref="VTR:ScheduledStopPoint:121574"/>
                  <DestinationDisplayRef ref="VTR:DestinationDisplay:1"/>
                </StopPointInJourneyPattern>
                <StopPointInJourneyPattern id="VTR:StopPointInJourneyPattern:1204348" version="60306" order="6">
                  <ScheduledStopPointRef ref="VTR:ScheduledStopPoint:121575"/>
                  <DestinationDisplayRef ref="VTR:DestinationDisplay:1"/>
                </StopPointInJourneyPattern>
                <StopPointInJourneyPattern id="VTR:StopPointInJourneyPattern:1204349" version="60306" order="7">
                  <ScheduledStopPointRef ref="VTR:ScheduledStopPoint:121576"/>
                  <DestinationDisplayRef ref="VTR:DestinationDisplay:1"/>
                </StopPointInJourneyPattern>
                <StopPointInJourneyPattern id="VTR:StopPointInJourneyPattern:1204350" version="60306" order="8">
                  <ScheduledStopPointRef ref="VTR:ScheduledStopPoint:121577"/>
                  <DestinationDisplayRef ref="VTR:DestinationDisplay:1"/>
                </StopPointInJourneyPattern>
                <StopPointInJourneyPattern id="VTR:StopPointInJourneyPattern:1204351" version="60306" order="9">
                  <ScheduledStopPointRef ref="VTR:ScheduledStopPoint:121578"/>
                  <DestinationDisplayRef ref="VTR:DestinationDisplay:1"/>
                </StopPointInJourneyPattern>
                <StopPointInJourneyPattern id="VTR:StopPointInJourneyPattern:1204352" version="60306" order="10">
                  <ScheduledStopPointRef ref="VTR:ScheduledStopPoint:121579"/>
                  <DestinationDisplayRef ref="VTR:DestinationDisplay:1"/>
                </StopPointInJourneyPattern>
                <StopPointInJourneyPattern id="VTR:StopPointInJourneyPattern:1204353" version="60306" order="11">
                  <ScheduledStopPointRef ref="VTR:ScheduledStopPoint:121580"/>
                  <DestinationDisplayRef ref="VTR:DestinationDisplay:1"/>
                </StopPointInJourneyPattern>
                <StopPointInJourneyPattern id="VTR:StopPointInJourneyPattern:1204354" version="60306" order="12">
                  <ScheduledStopPointRef ref="VTR:ScheduledStopPoint:121581"/>
                  <DestinationDisplayRef ref="VTR:DestinationDisplay:1"/>
                </StopPointInJourneyPattern>
                <StopPointInJourneyPattern id="VTR:StopPointInJourneyPattern:1204355" version="60306" order="13">
                  <ScheduledStopPointRef ref="VTR:ScheduledStopPoint:121582"/>
                  <DestinationDisplayRef ref="VTR:DestinationDisplay:1"/>
                </StopPointInJourneyPattern>
                <StopPointInJourneyPattern id="VTR:StopPointInJourneyPattern:1204356" version="60306" order="14">
                  <ScheduledStopPointRef ref="VTR:ScheduledStopPoint:121583"/>
                  <ForBoarding>false</ForBoarding>
                  <DestinationDisplayRef ref="VTR:DestinationDisplay:1"/>
                </StopPointInJourneyPattern>
              </pointsInSequence>
            </JourneyPattern>
            <JourneyPattern id="VTR:JourneyPattern:60196" version="60308">
              <Name>2</Name>
              <RouteRef ref="VTR:Route:7214" version="1"/>
              <pointsInSequence>
                <StopPointInJourneyPattern id="VTR:StopPointInJourneyPattern:1204369" version="60308" order="1">
                  <ScheduledStopPointRef ref="VTR:ScheduledStopPoint:121585"/>
                  <ForAlighting>false</ForAlighting>
                  <DestinationDisplayRef ref="VTR:DestinationDisplay:1"/>
                </StopPointInJourneyPattern>
                <StopPointInJourneyPattern id="VTR:StopPointInJourneyPattern:1204370" version="60308" order="2">
                  <ScheduledStopPointRef ref="VTR:ScheduledStopPoint:121586"/>
                  <DestinationDisplayRef ref="VTR:DestinationDisplay:1"/>
                </StopPointInJourneyPattern>
                <StopPointInJourneyPattern id="VTR:StopPointInJourneyPattern:1204371" version="60308" order="3">
                  <ScheduledStopPointRef ref="VTR:ScheduledStopPoint:121587"/>
                  <DestinationDisplayRef ref="VTR:DestinationDisplay:1"/>
                </StopPointInJourneyPattern>
                <StopPointInJourneyPattern id="VTR:StopPointInJourneyPattern:1204372" version="60308" order="4">
                  <ScheduledStopPointRef ref="VTR:ScheduledStopPoint:121588"/>
                  <DestinationDisplayRef ref="VTR:DestinationDisplay:1"/>
                </StopPointInJourneyPattern>
                <StopPointInJourneyPattern id="VTR:StopPointInJourneyPattern:1204373" version="60308" order="5">
                  <ScheduledStopPointRef ref="VTR:ScheduledStopPoint:121589"/>
                  <DestinationDisplayRef ref="VTR:DestinationDisplay:1"/>
                </StopPointInJourneyPattern>
                <StopPointInJourneyPattern id="VTR:StopPointInJourneyPattern:1204374" version="60308" order="6">
                  <ScheduledStopPointRef ref="VTR:ScheduledStopPoint:121590"/>
                  <DestinationDisplayRef ref="VTR:DestinationDisplay:1"/>
                </StopPointInJourneyPattern>
                <StopPointInJourneyPattern id="VTR:StopPointInJourneyPattern:1204375" version="60308" order="7">
                  <ScheduledStopPointRef ref="VTR:ScheduledStopPoint:121591"/>
                  <DestinationDisplayRef ref="VTR:DestinationDisplay:1"/>
                </StopPointInJourneyPattern>
                <StopPointInJourneyPattern id="VTR:StopPointInJourneyPattern:1204376" version="60308" order="8">
                  <ScheduledStopPointRef ref="VTR:ScheduledStopPoint:121592"/>
                  <DestinationDisplayRef ref="VTR:DestinationDisplay:1"/>
                </StopPointInJourneyPattern>
                <StopPointInJourneyPattern id="VTR:StopPointInJourneyPattern:1204377" version="60308" order="9">
                  <ScheduledStopPointRef ref="VTR:ScheduledStopPoint:121593"/>
                  <DestinationDisplayRef ref="VTR:DestinationDisplay:1"/>
                </StopPointInJourneyPattern>
                <StopPointInJourneyPattern id="VTR:StopPointInJourneyPattern:1204378" version="60308" order="10">
                  <ScheduledStopPointRef ref="VTR:ScheduledStopPoint:121594"/>
                  <DestinationDisplayRef ref="VTR:DestinationDisplay:1"/>
                </StopPointInJourneyPattern>
                <StopPointInJourneyPattern id="VTR:StopPointInJourneyPattern:1204379" version="60308" order="11">
                  <ScheduledStopPointRef ref="VTR:ScheduledStopPoint:121595"/>
                  <DestinationDisplayRef ref="VTR:DestinationDisplay:1"/>
                </StopPointInJourneyPattern>
                <StopPointInJourneyPattern id="VTR:StopPointInJourneyPattern:1204380" version="60308" order="12">
                  <ScheduledStopPointRef ref="VTR:ScheduledStopPoint:121596"/>
                  <ForBoarding>false</ForBoarding>
                  <DestinationDisplayRef ref="VTR:DestinationDisplay:1"/>
                </StopPointInJourneyPattern>
              </pointsInSequence>
            </JourneyPattern>
          </journeyPatterns>
        </ServiceFrame>
        <TimetableFrame version="1" id="VTR:TimetableFrame:1375">
          <vehicleJourneys>
            <ServiceJourney version="60308" id="VTR:ServiceJourney:60196">
              <Name>Kuigaliai - Jonava</Name>
              <PrivateCode>2</PrivateCode>
              <dayTypes>
                <DayTypeRef ref="VTR:DayType:643"/>
              </dayTypes>
              <JourneyPatternRef version="60308" ref="VTR:JourneyPattern:60196"/>
              <OperatorRef ref="VTR:Operator:328"/>
              <LineRef ref="VTR:Line:2809" version="2872"/>
              <passingTimes>
                <TimetabledPassingTime version="60308" id="VTR:TimetabledPassingTime:60196_1204369_1">
                  <StopPointInJourneyPatternRef ref="VTR:StopPointInJourneyPattern:1204369" version="60308"/>
                  <DepartureTime>07:10:00</DepartureTime>
                  <DepartureDayOffset>0</DepartureDayOffset>
                </TimetabledPassingTime>
                <TimetabledPassingTime version="60308" id="VTR:TimetabledPassingTime:60196_1204370_2">
                  <StopPointInJourneyPatternRef ref="VTR:StopPointInJourneyPattern:1204370" version="60308"/>
                  <DepartureTime>07:14:00</DepartureTime>
                  <DepartureDayOffset>0</DepartureDayOffset>
                </TimetabledPassingTime>
                <TimetabledPassingTime version="60308" id="VTR:TimetabledPassingTime:60196_1204371_3">
                  <StopPointInJourneyPatternRef ref="VTR:StopPointInJourneyPattern:1204371" version="60308"/>
                  <DepartureTime>07:16:00</DepartureTime>
                  <DepartureDayOffset>0</DepartureDayOffset>
                </TimetabledPassingTime>
                <TimetabledPassingTime version="60308" id="VTR:TimetabledPassingTime:60196_1204372_4">
                  <StopPointInJourneyPatternRef ref="VTR:StopPointInJourneyPattern:1204372" version="60308"/>
                  <DepartureTime>07:18:00</DepartureTime>
                  <DepartureDayOffset>0</DepartureDayOffset>
                </TimetabledPassingTime>
                <TimetabledPassingTime version="60308" id="VTR:TimetabledPassingTime:60196_1204373_5">
                  <StopPointInJourneyPatternRef ref="VTR:StopPointInJourneyPattern:1204373" version="60308"/>
                  <DepartureTime>07:21:00</DepartureTime>
                  <DepartureDayOffset>0</DepartureDayOffset>
                </TimetabledPassingTime>
                <TimetabledPassingTime version="60308" id="VTR:TimetabledPassingTime:60196_1204374_6">
                  <StopPointInJourneyPatternRef ref="VTR:StopPointInJourneyPattern:1204374" version="60308"/>
                  <DepartureTime>07:24:00</DepartureTime>
                  <DepartureDayOffset>0</DepartureDayOffset>
                </TimetabledPassingTime>
                <TimetabledPassingTime version="60308" id="VTR:TimetabledPassingTime:60196_1204375_7">
                  <StopPointInJourneyPatternRef ref="VTR:StopPointInJourneyPattern:1204375" version="60308"/>
                  <DepartureTime>07:26:00</DepartureTime>
                  <DepartureDayOffset>0</DepartureDayOffset>
                </TimetabledPassingTime>
                <TimetabledPassingTime version="60308" id="VTR:TimetabledPassingTime:60196_1204376_8">
                  <StopPointInJourneyPatternRef ref="VTR:StopPointInJourneyPattern:1204376" version="60308"/>
                  <DepartureTime>07:28:00</DepartureTime>
                  <DepartureDayOffset>0</DepartureDayOffset>
                </TimetabledPassingTime>
                <TimetabledPassingTime version="60308" id="VTR:TimetabledPassingTime:60196_1204377_9">
                  <StopPointInJourneyPatternRef ref="VTR:StopPointInJourneyPattern:1204377" version="60308"/>
                  <DepartureTime>07:30:00</DepartureTime>
                  <DepartureDayOffset>0</DepartureDayOffset>
                </TimetabledPassingTime>
                <TimetabledPassingTime version="60308" id="VTR:TimetabledPassingTime:60196_1204378_10">
                  <StopPointInJourneyPatternRef ref="VTR:StopPointInJourneyPattern:1204378" version="60308"/>
                  <DepartureTime>07:31:00</DepartureTime>
                  <DepartureDayOffset>0</DepartureDayOffset>
                </TimetabledPassingTime>
                <TimetabledPassingTime version="60308" id="VTR:TimetabledPassingTime:60196_1204379_11">
                  <StopPointInJourneyPatternRef ref="VTR:StopPointInJourneyPattern:1204379" version="60308"/>
                  <DepartureTime>07:33:00</DepartureTime>
                  <DepartureDayOffset>0</DepartureDayOffset>
                </TimetabledPassingTime>
                <TimetabledPassingTime version="60308" id="VTR:TimetabledPassingTime:60196_1204380_12">
                  <StopPointInJourneyPatternRef ref="VTR:StopPointInJourneyPattern:1204380" version="60308"/>
                  <DepartureTime>07:35:00</DepartureTime>
                  <DepartureDayOffset>0</DepartureDayOffset>
                </TimetabledPassingTime>
              </passingTimes>
            </ServiceJourney>
            <ServiceJourney version="60306" id="VTR:ServiceJourney:60194">
              <Name>Jonava - Kuigaliai</Name>
              <PrivateCode>1</PrivateCode>
              <dayTypes>
                <DayTypeRef ref="VTR:DayType:643"/>
              </dayTypes>
              <JourneyPatternRef version="60306" ref="VTR:JourneyPattern:60194"/>
              <OperatorRef ref="VTR:Operator:328"/>
              <LineRef ref="VTR:Line:2809" version="2872"/>
              <passingTimes>
                <TimetabledPassingTime version="60306" id="VTR:TimetabledPassingTime:60194_1204343_1">
                  <StopPointInJourneyPatternRef ref="VTR:StopPointInJourneyPattern:1204343" version="60306"/>
                  <DepartureTime>06:25:00</DepartureTime>
                  <DepartureDayOffset>0</DepartureDayOffset>
                </TimetabledPassingTime>
                <TimetabledPassingTime version="60306" id="VTR:TimetabledPassingTime:60194_1204344_2">
                  <StopPointInJourneyPatternRef ref="VTR:StopPointInJourneyPattern:1204344" version="60306"/>
                  <DepartureTime>06:27:00</DepartureTime>
                  <DepartureDayOffset>0</DepartureDayOffset>
                </TimetabledPassingTime>
                <TimetabledPassingTime version="60306" id="VTR:TimetabledPassingTime:60194_1204345_3">
                  <StopPointInJourneyPatternRef ref="VTR:StopPointInJourneyPattern:1204345" version="60306"/>
                  <DepartureTime>06:29:00</DepartureTime>
                  <DepartureDayOffset>0</DepartureDayOffset>
                </TimetabledPassingTime>
                <TimetabledPassingTime version="60306" id="VTR:TimetabledPassingTime:60194_1204346_4">
                  <StopPointInJourneyPatternRef ref="VTR:StopPointInJourneyPattern:1204346" version="60306"/>
                  <DepartureTime>06:31:00</DepartureTime>
                  <DepartureDayOffset>0</DepartureDayOffset>
                </TimetabledPassingTime>
                <TimetabledPassingTime version="60306" id="VTR:TimetabledPassingTime:60194_1204347_5">
                  <StopPointInJourneyPatternRef ref="VTR:StopPointInJourneyPattern:1204347" version="60306"/>
                  <DepartureTime>06:33:00</DepartureTime>
                  <DepartureDayOffset>0</DepartureDayOffset>
                </TimetabledPassingTime>
                <TimetabledPassingTime version="60306" id="VTR:TimetabledPassingTime:60194_1204348_6">
                  <StopPointInJourneyPatternRef ref="VTR:StopPointInJourneyPattern:1204348" version="60306"/>
                  <DepartureTime>06:35:00</DepartureTime>
                  <DepartureDayOffset>0</DepartureDayOffset>
                </TimetabledPassingTime>
                <TimetabledPassingTime version="60306" id="VTR:TimetabledPassingTime:60194_1204349_7">
                  <StopPointInJourneyPatternRef ref="VTR:StopPointInJourneyPattern:1204349" version="60306"/>
                  <DepartureTime>06:38:00</DepartureTime>
                  <DepartureDayOffset>0</DepartureDayOffset>
                </TimetabledPassingTime>
                <TimetabledPassingTime version="60306" id="VTR:TimetabledPassingTime:60194_1204350_8">
                  <StopPointInJourneyPatternRef ref="VTR:StopPointInJourneyPattern:1204350" version="60306"/>
                  <DepartureTime>06:41:00</DepartureTime>
                  <DepartureDayOffset>0</DepartureDayOffset>
                </TimetabledPassingTime>
                <TimetabledPassingTime version="60306" id="VTR:TimetabledPassingTime:60194_1204351_9">
                  <StopPointInJourneyPatternRef ref="VTR:StopPointInJourneyPattern:1204351" version="60306"/>
                  <DepartureTime>06:49:00</DepartureTime>
                  <DepartureDayOffset>0</DepartureDayOffset>
                </TimetabledPassingTime>
                <TimetabledPassingTime version="60306" id="VTR:TimetabledPassingTime:60194_1204352_10">
                  <StopPointInJourneyPatternRef ref="VTR:StopPointInJourneyPattern:1204352" version="60306"/>
                  <DepartureTime>06:51:00</DepartureTime>
                  <DepartureDayOffset>0</DepartureDayOffset>
                </TimetabledPassingTime>
                <TimetabledPassingTime version="60306" id="VTR:TimetabledPassingTime:60194_1204353_11">
                  <StopPointInJourneyPatternRef ref="VTR:StopPointInJourneyPattern:1204353" version="60306"/>
                  <DepartureTime>06:54:00</DepartureTime>
                  <DepartureDayOffset>0</DepartureDayOffset>
                </TimetabledPassingTime>
                <TimetabledPassingTime version="60306" id="VTR:TimetabledPassingTime:60194_1204354_12">
                  <StopPointInJourneyPatternRef ref="VTR:StopPointInJourneyPattern:1204354" version="60306"/>
                  <DepartureTime>06:57:00</DepartureTime>
                  <DepartureDayOffset>0</DepartureDayOffset>
                </TimetabledPassingTime>
                <TimetabledPassingTime version="60306" id="VTR:TimetabledPassingTime:60194_1204355_13">
                  <StopPointInJourneyPatternRef ref="VTR:StopPointInJourneyPattern:1204355" version="60306"/>
                  <DepartureTime>07:00:00</DepartureTime>
                  <DepartureDayOffset>0</DepartureDayOffset>
                </TimetabledPassingTime>
                <TimetabledPassingTime version="60306" id="VTR:TimetabledPassingTime:60194_1204356_14">
                  <StopPointInJourneyPatternRef ref="VTR:StopPointInJourneyPattern:1204356" version="60306"/>
                  <DepartureTime>07:05:00</DepartureTime>
                  <DepartureDayOffset>0</DepartureDayOffset>
                </TimetabledPassingTime>
              </passingTimes>
            </ServiceJourney>
          </vehicleJourneys>
        </TimetableFrame>
        <ResourceFrame version="1" id="VTR:ResourceFrame:1375">
          <organisations>
            <Authority version="1" id="VTR:Authority:57">
              <CompanyNumber>46</CompanyNumber>
              <Name>Jonavos r. sav.</Name>
              <LegalName>Jonavos r. sav.</LegalName>
              <ContactDetails>
                <Email>administracija@jonava.lt</Email>
                <Phone>834961394</Phone>
                <Url>www.jonava.lt</Url>
              </ContactDetails>
              <OrganisationType>authority</OrganisationType>
            </Authority>
          </organisations>
        </ResourceFrame>
        <FareFrame id="VTR:FareFrame:2809" version="1">
          <FrameDefaults>
            <DefaultCurrency>EUR</DefaultCurrency>
          </FrameDefaults>
          <usageParameters>
            <RoundTrip id="VTR:RoundTrip:single" version="1">
              <Name>Single</Name>
              <TripType>single</TripType>
            </RoundTrip>
            <FrequencyOfUse id="VTR:FrequencyOfUse:once" version="1">
              <Name>Once</Name>
              <MaximalFrequency>1</MaximalFrequency>
            </FrequencyOfUse>
          </usageParameters>
          <priceGroups>
            <PriceGroup id="VTR:PriceGroup:PG01" version="1">
              <Name>Flat Fare Products - Standard</Name>
              <members>
                <FareProductPrice id="VTR:FareProductPrice:standard" version="1">
                  <Name>Single fare</Name>
                  <Amount>0.5</Amount>
                  <Currency>EUR</Currency>
                </FareProductPrice>
              </members>
            </PriceGroup>
          </priceGroups>
        </FareFrame>
      </frames>
    </CompositeFrame>
  </dataObjects>
</PublicationDelivery>
