<?xml version="1.0" encoding="UTF-8"?><PublicationDelivery xmlns="http://www.netex.org.uk/netex" xmlns:gis="http://www.opengis.net/gml/3.2" xmlns:ns2="http://www.opengis.net/gml/3.2" xmlns:ns3="http://www.siri.org.uk/siri" xmlns:xsi="http://www.w3.org/2001/XMLSchema-instance" version="1" xsi:schemaLocation="">
  <PublicationTimestamp>2022-04-02T00:35:00.266</PublicationTimestamp>
  <ParticipantRef>VTR</ParticipantRef>
  <Description>1</Description>
  <dataObjects>
    <CompositeFrame created="2022-04-02T00:35:00.266" version="1" id="VTR:CompositeFrame:1148">
      <validityConditions>
        <AvailabilityCondition version="1" id="VTR:AvailabilityCondition:1148">
          <FromDate>2021-09-08T00:58:34</FromDate>
          <ToDate>2027-12-31T00:00:00</ToDate>
        </AvailabilityCondition>
      </validityConditions>
      <codespaces>
        <Codespace id="vtr">
          <Xmlns>VTR</Xmlns>
          <XmlnsUrl>http://www.visimarsrutai.lt/</XmlnsUrl>
        </Codespace>
      </codespaces>
      <FrameDefaults>
        <DefaultLocale>
          <TimeZone>Europe/Vilnius</TimeZone>
        </DefaultLocale>
        <DefaultLocationSystem>WGS84</DefaultLocationSystem>
      </FrameDefaults>
      <frames>
        <ServiceCalendarFrame version="1" id="VTR:ServiceCalendarFrame:1148">
          <dayTypes>
            <DayType id="VTR:DayType:37127" version="1">
              <properties>
                <PropertyOfDay>
                  <DaysOfWeek>Monday Tuesday Wednesday Thursday Friday</DaysOfWeek>
                </PropertyOfDay>
              </properties>
            </DayType>
          </dayTypes>
          <operatingPeriods>
            <OperatingPeriod version="1" id="VTR:OperatingPeriod:37127">
              <FromDate>2021-09-01T00:00:00</FromDate>
              <ToDate>2023-03-01T00:00:00</ToDate>
            </OperatingPeriod>
          </operatingPeriods>
          <dayTypeAssignments>
            <DayTypeAssignment id="VTR:DayTypeAssignment:37127_0" version="1" order="4611">
              <OperatingPeriodRef ref="VTR:OperatingPeriod:37127" version="1"/>
              <DayTypeRef ref="VTR:DayType:37127" version="1"/>
            </DayTypeAssignment>
            <DayTypeAssignment id="VTR:DayTypeAssignment:37127_939811" version="1" order="41005">
              <Date>2022-12-26</Date>
              <DayTypeRef ref="VTR:DayType:37127" version="1"/>
            </DayTypeAssignment>
            <DayTypeAssignment id="VTR:DayTypeAssignment:37127_923082" version="1" order="41006">
              <Date>2022-08-15</Date>
              <DayTypeRef ref="VTR:DayType:37127" version="1"/>
            </DayTypeAssignment>
            <DayTypeAssignment id="VTR:DayTypeAssignment:37127_939809" version="1" order="41009">
              <Date>2022-12-24</Date>
              <DayTypeRef ref="VTR:DayType:37127" version="1"/>
            </DayTypeAssignment>
            <DayTypeAssignment id="VTR:DayTypeAssignment:37127_939810" version="1" order="41010">
              <Date>2022-12-25</Date>
              <DayTypeRef ref="VTR:DayType:37127" version="1"/>
            </DayTypeAssignment>
            <DayTypeAssignment id="VTR:DayTypeAssignment:37127_919315" version="1" order="41011">
              <Date>2022-05-01</Date>
              <DayTypeRef ref="VTR:DayType:37127" version="1"/>
            </DayTypeAssignment>
            <DayTypeAssignment id="VTR:DayTypeAssignment:37127_919316" version="1" order="41012">
              <Date>2022-06-24</Date>
              <DayTypeRef ref="VTR:DayType:37127" version="1"/>
            </DayTypeAssignment>
            <DayTypeAssignment id="VTR:DayTypeAssignment:37127_919317" version="1" order="41013">
              <Date>2022-07-06</Date>
              <DayTypeRef ref="VTR:DayType:37127" version="1"/>
            </DayTypeAssignment>
            <DayTypeAssignment id="VTR:DayTypeAssignment:37127_933876" version="1" order="41017">
              <Date>2022-11-02</Date>
              <DayTypeRef ref="VTR:DayType:37127" version="1"/>
            </DayTypeAssignment>
            <DayTypeAssignment id="VTR:DayTypeAssignment:37127_939807" version="1" order="41023">
              <Date>2023-01-01</Date>
              <DayTypeRef ref="VTR:DayType:37127" version="1"/>
            </DayTypeAssignment>
            <DayTypeAssignment id="VTR:DayTypeAssignment:37127_947569" version="1" order="41026">
              <Date>2023-02-16</Date>
              <DayTypeRef ref="VTR:DayType:37127" version="1"/>
            </DayTypeAssignment>
            <DayTypeAssignment id="VTR:DayTypeAssignment:37127_930136" version="1" order="41027">
              <Date>2022-11-01</Date>
              <DayTypeRef ref="VTR:DayType:37127" version="1"/>
            </DayTypeAssignment>
            <DayTypeAssignment id="VTR:DayTypeAssignment:37127_939808" version="1" order="41028">
              <Date>2022-04-18</Date>
              <DayTypeRef ref="VTR:DayType:37127" version="1"/>
            </DayTypeAssignment>
          </dayTypeAssignments>
        </ServiceCalendarFrame>
        <ServiceFrame id="VTR:ServiceFrame:1148" version="1">
          <Network version="0" id="VTR:Network:62"/>
          <routePoints>
            <RoutePoint version="1" id="VTR:RoutePoint:3283120">
              <projections>
                <PointProjection version="1" id="VTR:PointProjection:67079">
                  <ProjectedPointRef ref="VTR:ScheduledStopPoint:3283120" version="1"/>
                </PointProjection>
              </projections>
            </RoutePoint>
            <RoutePoint version="1" id="VTR:RoutePoint:3283121">
              <projections>
                <PointProjection version="1" id="VTR:PointProjection:67080">
                  <ProjectedPointRef ref="VTR:ScheduledStopPoint:3283121" version="1"/>
                </PointProjection>
              </projections>
            </RoutePoint>
            <RoutePoint version="1" id="VTR:RoutePoint:3283122">
              <projections>
                <PointProjection version="1" id="VTR:PointProjection:67081">
                  <ProjectedPointRef ref="VTR:ScheduledStopPoint:3283122" version="1"/>
                </PointProjection>
              </projections>
            </RoutePoint>
            <RoutePoint version="1" id="VTR:RoutePoint:3283123">
              <projections>
                <PointProjection version="1" id="VTR:PointProjection:67082">
                  <ProjectedPointRef ref="VTR:ScheduledStopPoint:3283123" version="1"/>
                </PointProjection>
              </projections>
            </RoutePoint>
            <RoutePoint version="1" id="VTR:RoutePoint:3283124">
              <projections>
                <PointProjection version="1" id="VTR:PointProjection:67083">
                  <ProjectedPointRef ref="VTR:ScheduledStopPoint:3283124" version="1"/>
                </PointProjection>
              </projections>
            </RoutePoint>
            <RoutePoint version="1" id="VTR:RoutePoint:3283125">
              <projections>
                <PointProjection version="1" id="VTR:PointProjection:67084">
                  <ProjectedPointRef ref="VTR:ScheduledStopPoint:3283125" version="1"/>
                </PointProjection>
              </projections>
            </RoutePoint>
            <RoutePoint version="1" id="VTR:RoutePoint:3283126">
              <projections>
                <PointProjection version="1" id="VTR:PointProjection:67085">
                  <ProjectedPointRef ref="VTR:ScheduledStopPoint:3283126" version="1"/>
                </PointProjection>
              </projections>
            </RoutePoint>
            <RoutePoint version="1" id="VTR:RoutePoint:3283127">
              <projections>
                <PointProjection version="1" id="VTR:PointProjection:67086">
                  <ProjectedPointRef ref="VTR:ScheduledStopPoint:3283127" version="1"/>
                </PointProjection>
              </projections>
            </RoutePoint>
            <RoutePoint version="1" id="VTR:RoutePoint:3283128">
              <projections>
                <PointProjection version="1" id="VTR:PointProjection:67087">
                  <ProjectedPointRef ref="VTR:ScheduledStopPoint:3283128" version="1"/>
                </PointProjection>
              </projections>
            </RoutePoint>
            <RoutePoint version="1" id="VTR:RoutePoint:3283129">
              <projections>
                <PointProjection version="1" id="VTR:PointProjection:67088">
                  <ProjectedPointRef ref="VTR:ScheduledStopPoint:3283129" version="1"/>
                </PointProjection>
              </projections>
            </RoutePoint>
            <RoutePoint version="1" id="VTR:RoutePoint:3283130">
              <projections>
                <PointProjection version="1" id="VTR:PointProjection:67090">
                  <ProjectedPointRef ref="VTR:ScheduledStopPoint:3283130" version="1"/>
                </PointProjection>
              </projections>
            </RoutePoint>
            <RoutePoint version="1" id="VTR:RoutePoint:3283313">
              <projections>
                <PointProjection version="1" id="VTR:PointProjection:69391">
                  <ProjectedPointRef ref="VTR:ScheduledStopPoint:3283313" version="1"/>
                </PointProjection>
              </projections>
            </RoutePoint>
            <RoutePoint version="1" id="VTR:RoutePoint:3283314">
              <projections>
                <PointProjection version="1" id="VTR:PointProjection:69393">
                  <ProjectedPointRef ref="VTR:ScheduledStopPoint:3283314" version="1"/>
                </PointProjection>
              </projections>
            </RoutePoint>
            <RoutePoint version="1" id="VTR:RoutePoint:3283315">
              <projections>
                <PointProjection version="1" id="VTR:PointProjection:69394">
                  <ProjectedPointRef ref="VTR:ScheduledStopPoint:3283315" version="1"/>
                </PointProjection>
              </projections>
            </RoutePoint>
            <RoutePoint version="1" id="VTR:RoutePoint:3283316">
              <projections>
                <PointProjection version="1" id="VTR:PointProjection:69395">
                  <ProjectedPointRef ref="VTR:ScheduledStopPoint:3283316" version="1"/>
                </PointProjection>
              </projections>
            </RoutePoint>
            <RoutePoint version="1" id="VTR:RoutePoint:3283317">
              <projections>
                <PointProjection version="1" id="VTR:PointProjection:69396">
                  <ProjectedPointRef ref="VTR:ScheduledStopPoint:3283317" version="1"/>
                </PointProjection>
              </projections>
            </RoutePoint>
            <RoutePoint version="1" id="VTR:RoutePoint:3283318">
              <projections>
                <PointProjection version="1" id="VTR:PointProjection:69397">
                  <ProjectedPointRef ref="VTR:ScheduledStopPoint:3283318" version="1"/>
                </PointProjection>
              </projections>
            </RoutePoint>
            <RoutePoint version="1" id="VTR:RoutePoint:3283319">
              <projections>
                <PointProjection version="1" id="VTR:PointProjection:72269">
                  <ProjectedPointRef ref="VTR:ScheduledStopPoint:3283319" version="1"/>
                </PointProjection>
              </projections>
            </RoutePoint>
            <RoutePoint version="1" id="VTR:RoutePoint:3283320">
              <projections>
                <PointProjection version="1" id="VTR:PointProjection:72270">
                  <ProjectedPointRef ref="VTR:ScheduledStopPoint:3283320" version="1"/>
                </PointProjection>
              </projections>
            </RoutePoint>
            <RoutePoint version="1" id="VTR:RoutePoint:3283321">
              <projections>
                <PointProjection version="1" id="VTR:PointProjection:72271">
                  <ProjectedPointRef ref="VTR:ScheduledStopPoint:3283321" version="1"/>
                </PointProjection>
              </projections>
            </RoutePoint>
            <RoutePoint version="1" id="VTR:RoutePoint:3283322">
              <projections>
                <PointProjection version="1" id="VTR:PointProjection:72272">
                  <ProjectedPointRef ref="VTR:ScheduledStopPoint:3283322" version="1"/>
                </PointProjection>
              </projections>
            </RoutePoint>
            <RoutePoint version="1" id="VTR:RoutePoint:3283323">
              <projections>
                <PointProjection version="1" id="VTR:PointProjection:72273">
                  <ProjectedPointRef ref="VTR:ScheduledStopPoint:3283323" version="1"/>
                </PointProjection>
              </projections>
            </RoutePoint>
            <RoutePoint version="1" id="VTR:RoutePoint:3283324">
              <projections>
                <PointProjection version="1" id="VTR:PointProjection:72274">
                  <ProjectedPointRef ref="VTR:ScheduledStopPoint:3283324" version="1"/>
                </PointProjection>
              </projections>
            </RoutePoint>
            <RoutePoint version="1" id="VTR:RoutePoint:3283325">
              <projections>
                <PointProjection version="1" id="VTR:PointProjection:72275">
                  <ProjectedPointRef ref="VTR:ScheduledStopPoint:3283325" version="1"/>
                </PointProjection>
              </projections>
            </RoutePoint>
          </routePoints>
          <routes>
            <Route version="1" id="VTR:Route:24943">
              <Name>kaunas_bus_27G_a-b</Name>
              <ShortName>kaunas_bus_27G_a-b</ShortName>
              <LineRef ref="VTR:Line:8788" version="11542"/>
              <pointsInSequence>
                <PointOnRoute version="1" id="VTR:PointOnRoute:3283120" order="1">
                  <RoutePointRef ref="VTR:RoutePoint:3283120"/>
                </PointOnRoute>
                <PointOnRoute version="1" id="VTR:PointOnRoute:3283121" order="2">
                  <RoutePointRef ref="VTR:RoutePoint:3283121"/>
                </PointOnRoute>
                <PointOnRoute version="1" id="VTR:PointOnRoute:3283122" order="3">
                  <RoutePointRef ref="VTR:RoutePoint:3283122"/>
                </PointOnRoute>
                <PointOnRoute version="1" id="VTR:PointOnRoute:3283123" order="4">
                  <RoutePointRef ref="VTR:RoutePoint:3283123"/>
                </PointOnRoute>
                <PointOnRoute version="1" id="VTR:PointOnRoute:3283124" order="5">
                  <RoutePointRef ref="VTR:RoutePoint:3283124"/>
                </PointOnRoute>
                <PointOnRoute version="1" id="VTR:PointOnRoute:3283125" order="6">
                  <RoutePointRef ref="VTR:RoutePoint:3283125"/>
                </PointOnRoute>
                <PointOnRoute version="1" id="VTR:PointOnRoute:3283126" order="7">
                  <RoutePointRef ref="VTR:RoutePoint:3283126"/>
                </PointOnRoute>
                <PointOnRoute version="1" id="VTR:PointOnRoute:3283127" order="8">
                  <RoutePointRef ref="VTR:RoutePoint:3283127"/>
                </PointOnRoute>
                <PointOnRoute version="1" id="VTR:PointOnRoute:3283128" order="9">
                  <RoutePointRef ref="VTR:RoutePoint:3283128"/>
                </PointOnRoute>
                <PointOnRoute version="1" id="VTR:PointOnRoute:3283129" order="10">
                  <RoutePointRef ref="VTR:RoutePoint:3283129"/>
                </PointOnRoute>
                <PointOnRoute version="1" id="VTR:PointOnRoute:3283130" order="11">
                  <RoutePointRef ref="VTR:RoutePoint:3283130"/>
                </PointOnRoute>
                <PointOnRoute version="1" id="VTR:PointOnRoute:3283313" order="12">
                  <RoutePointRef ref="VTR:RoutePoint:3283313"/>
                </PointOnRoute>
                <PointOnRoute version="1" id="VTR:PointOnRoute:3283314" order="13">
                  <RoutePointRef ref="VTR:RoutePoint:3283314"/>
                </PointOnRoute>
                <PointOnRoute version="1" id="VTR:PointOnRoute:3283315" order="14">
                  <RoutePointRef ref="VTR:RoutePoint:3283315"/>
                </PointOnRoute>
                <PointOnRoute version="1" id="VTR:PointOnRoute:3283316" order="15">
                  <RoutePointRef ref="VTR:RoutePoint:3283316"/>
                </PointOnRoute>
                <PointOnRoute version="1" id="VTR:PointOnRoute:3283317" order="16">
                  <RoutePointRef ref="VTR:RoutePoint:3283317"/>
                </PointOnRoute>
                <PointOnRoute version="1" id="VTR:PointOnRoute:3283318" order="17">
                  <RoutePointRef ref="VTR:RoutePoint:3283318"/>
                </PointOnRoute>
                <PointOnRoute version="1" id="VTR:PointOnRoute:3283319" order="18">
                  <RoutePointRef ref="VTR:RoutePoint:3283319"/>
                </PointOnRoute>
                <PointOnRoute version="1" id="VTR:PointOnRoute:3283320" order="19">
                  <RoutePointRef ref="VTR:RoutePoint:3283320"/>
                </PointOnRoute>
                <PointOnRoute version="1" id="VTR:PointOnRoute:3283321" order="20">
                  <RoutePointRef ref="VTR:RoutePoint:3283321"/>
                </PointOnRoute>
                <PointOnRoute version="1" id="VTR:PointOnRoute:3283322" order="21">
                  <RoutePointRef ref="VTR:RoutePoint:3283322"/>
                </PointOnRoute>
                <PointOnRoute version="1" id="VTR:PointOnRoute:3283323" order="22">
                  <RoutePointRef ref="VTR:RoutePoint:3283323"/>
                </PointOnRoute>
                <PointOnRoute version="1" id="VTR:PointOnRoute:3283324" order="23">
                  <RoutePointRef ref="VTR:RoutePoint:3283324"/>
                </PointOnRoute>
                <PointOnRoute version="1" id="VTR:PointOnRoute:3283325" order="24">
                  <RoutePointRef ref="VTR:RoutePoint:3283325"/>
                </PointOnRoute>
              </pointsInSequence>
            </Route>
          </routes>
          <lines>
            <Line version="11542" id="VTR:Line:8788">
              <Name>Kauno ligoninė (Šilainiai) - Onkologijos ligoninė</Name>
              <TransportMode>bus</TransportMode>
              <TransportSubmode>
                <BusSubmode>localBus</BusSubmode>
              </TransportSubmode>
              <PublicCode>27G</PublicCode>
              <OperatorRef ref="VTR:Operator:62"/>
            </Line>
          </lines>
          <scheduledStopPoints>
            <ScheduledStopPoint version="1" id="VTR:ScheduledStopPoint:3283120">
              <Name>Kauno ligoninė</Name>
            </ScheduledStopPoint>
            <ScheduledStopPoint version="1" id="VTR:ScheduledStopPoint:3283121">
              <Name>Naujakurių g.</Name>
            </ScheduledStopPoint>
            <ScheduledStopPoint version="1" id="VTR:ScheduledStopPoint:3283122">
              <Name>Apuolės g.</Name>
            </ScheduledStopPoint>
            <ScheduledStopPoint version="1" id="VTR:ScheduledStopPoint:3283123">
              <Name>Žiemgalių g.</Name>
            </ScheduledStopPoint>
            <ScheduledStopPoint version="1" id="VTR:ScheduledStopPoint:3283124">
              <Name>Baltų pr.</Name>
            </ScheduledStopPoint>
            <ScheduledStopPoint version="1" id="VTR:ScheduledStopPoint:3283125">
              <Name>Žemaičių pl.</Name>
            </ScheduledStopPoint>
            <ScheduledStopPoint version="1" id="VTR:ScheduledStopPoint:3283126">
              <Name>Šilainių poliklinika</Name>
            </ScheduledStopPoint>
            <ScheduledStopPoint version="1" id="VTR:ScheduledStopPoint:3283127">
              <Name>Milikoniai</Name>
            </ScheduledStopPoint>
            <ScheduledStopPoint version="1" id="VTR:ScheduledStopPoint:3283128">
              <Name>Jurbarko g.</Name>
            </ScheduledStopPoint>
            <ScheduledStopPoint version="1" id="VTR:ScheduledStopPoint:3283129">
              <Name>Kauno pilis</Name>
            </ScheduledStopPoint>
            <ScheduledStopPoint version="1" id="VTR:ScheduledStopPoint:3283130">
              <Name>E. Ožeškienės g.</Name>
            </ScheduledStopPoint>
            <ScheduledStopPoint version="1" id="VTR:ScheduledStopPoint:3283313">
              <Name>L. Sapiegos g.</Name>
            </ScheduledStopPoint>
            <ScheduledStopPoint version="1" id="VTR:ScheduledStopPoint:3283314">
              <Name>Studentų skveras</Name>
            </ScheduledStopPoint>
            <ScheduledStopPoint version="1" id="VTR:ScheduledStopPoint:3283315">
              <Name>Gedimino g.</Name>
            </ScheduledStopPoint>
            <ScheduledStopPoint version="1" id="VTR:ScheduledStopPoint:3283316">
              <Name>Griunvaldo g.</Name>
            </ScheduledStopPoint>
            <ScheduledStopPoint version="1" id="VTR:ScheduledStopPoint:3283317">
              <Name>Autobusų stotis</Name>
            </ScheduledStopPoint>
            <ScheduledStopPoint version="1" id="VTR:ScheduledStopPoint:3283318">
              <Name>Geležinkelio stotis</Name>
            </ScheduledStopPoint>
            <ScheduledStopPoint version="1" id="VTR:ScheduledStopPoint:3283319">
              <Name>Geležinkelio g.</Name>
            </ScheduledStopPoint>
            <ScheduledStopPoint version="1" id="VTR:ScheduledStopPoint:3283320">
              <Name>Šančių poliklinika</Name>
            </ScheduledStopPoint>
            <ScheduledStopPoint version="1" id="VTR:ScheduledStopPoint:3283321">
              <Name>Tilto g.</Name>
            </ScheduledStopPoint>
            <ScheduledStopPoint version="1" id="VTR:ScheduledStopPoint:3283322">
              <Name>KTU inžinerijos licėjus</Name>
            </ScheduledStopPoint>
            <ScheduledStopPoint version="1" id="VTR:ScheduledStopPoint:3283323">
              <Name>Kurtinių g.</Name>
            </ScheduledStopPoint>
            <ScheduledStopPoint version="1" id="VTR:ScheduledStopPoint:3283324">
              <Name>Volungių g.</Name>
            </ScheduledStopPoint>
            <ScheduledStopPoint version="1" id="VTR:ScheduledStopPoint:3283325">
              <Name>Onkologijos ligoninė</Name>
            </ScheduledStopPoint>
          </scheduledStopPoints>
          <serviceLinks>
            <ServiceLink id="VTR:ServiceLink:3283127_1_3283128_1" version="1">
              <Distance>0</Distance>
              <FromPointRef ref="VTR:ScheduledStopPoint:3283127" version="1"/>
              <ToPointRef ref="VTR:ScheduledStopPoint:3283128" version="1"/>
            </ServiceLink>
            <ServiceLink id="VTR:ServiceLink:3283322_1_3283323_1" version="1">
              <Distance>0</Distance>
              <FromPointRef ref="VTR:ScheduledStopPoint:3283322" version="1"/>
              <ToPointRef ref="VTR:ScheduledStopPoint:3283323" version="1"/>
            </ServiceLink>
            <ServiceLink id="VTR:ServiceLink:3283324_1_3283325_1" version="1">
              <Distance>0</Distance>
              <FromPointRef ref="VTR:ScheduledStopPoint:3283324" version="1"/>
              <ToPointRef ref="VTR:ScheduledStopPoint:3283325" version="1"/>
            </ServiceLink>
            <ServiceLink id="VTR:ServiceLink:3283129_1_3283130_1" version="1">
              <Distance>0</Distance>
              <FromPointRef ref="VTR:ScheduledStopPoint:3283129" version="1"/>
              <ToPointRef ref="VTR:ScheduledStopPoint:3283130" version="1"/>
            </ServiceLink>
            <ServiceLink id="VTR:ServiceLink:3283313_1_3283314_1" version="1">
              <Distance>0</Distance>
              <FromPointRef ref="VTR:ScheduledStopPoint:3283313" version="1"/>
              <ToPointRef ref="VTR:ScheduledStopPoint:3283314" version="1"/>
            </ServiceLink>
            <ServiceLink id="VTR:ServiceLink:3283323_1_3283324_1" version="1">
              <Distance>0</Distance>
              <FromPointRef ref="VTR:ScheduledStopPoint:3283323" version="1"/>
              <ToPointRef ref="VTR:ScheduledStopPoint:3283324" version="1"/>
            </ServiceLink>
            <ServiceLink id="VTR:ServiceLink:3283121_1_3283122_1" version="1">
              <Distance>0</Distance>
              <FromPointRef ref="VTR:ScheduledStopPoint:3283121" version="1"/>
              <ToPointRef ref="VTR:ScheduledStopPoint:3283122" version="1"/>
            </ServiceLink>
            <ServiceLink id="VTR:ServiceLink:3283125_1_3283126_1" version="1">
              <Distance>0</Distance>
              <FromPointRef ref="VTR:ScheduledStopPoint:3283125" version="1"/>
              <ToPointRef ref="VTR:ScheduledStopPoint:3283126" version="1"/>
            </ServiceLink>
            <ServiceLink id="VTR:ServiceLink:3283122_1_3283123_1" version="1">
              <Distance>0</Distance>
              <FromPointRef ref="VTR:ScheduledStopPoint:3283122" version="1"/>
              <ToPointRef ref="VTR:ScheduledStopPoint:3283123" version="1"/>
            </ServiceLink>
            <ServiceLink id="VTR:ServiceLink:3283314_1_3283315_1" version="1">
              <Distance>0</Distance>
              <FromPointRef ref="VTR:ScheduledStopPoint:3283314" version="1"/>
              <ToPointRef ref="VTR:ScheduledStopPoint:3283315" version="1"/>
            </ServiceLink>
            <ServiceLink id="VTR:ServiceLink:3283123_1_3283124_1" version="1">
              <Distance>0</Distance>
              <FromPointRef ref="VTR:ScheduledStopPoint:3283123" version="1"/>
              <ToPointRef ref="VTR:ScheduledStopPoint:3283124" version="1"/>
            </ServiceLink>
            <ServiceLink id="VTR:ServiceLink:3283315_1_3283316_1" version="1">
              <Distance>0</Distance>
              <FromPointRef ref="VTR:ScheduledStopPoint:3283315" version="1"/>
              <ToPointRef ref="VTR:ScheduledStopPoint:3283316" version="1"/>
            </ServiceLink>
            <ServiceLink id="VTR:ServiceLink:3283318_1_3283319_1" version="1">
              <Distance>0</Distance>
              <FromPointRef ref="VTR:ScheduledStopPoint:3283318" version="1"/>
              <ToPointRef ref="VTR:ScheduledStopPoint:3283319" version="1"/>
            </ServiceLink>
            <ServiceLink id="VTR:ServiceLink:3283130_1_3283313_1" version="1">
              <Distance>0</Distance>
              <FromPointRef ref="VTR:ScheduledStopPoint:3283130" version="1"/>
              <ToPointRef ref="VTR:ScheduledStopPoint:3283313" version="1"/>
            </ServiceLink>
            <ServiceLink id="VTR:ServiceLink:3283128_1_3283129_1" version="1">
              <Distance>0</Distance>
              <FromPointRef ref="VTR:ScheduledStopPoint:3283128" version="1"/>
              <ToPointRef ref="VTR:ScheduledStopPoint:3283129" version="1"/>
            </ServiceLink>
            <ServiceLink id="VTR:ServiceLink:3283126_1_3283127_1" version="1">
              <Distance>0</Distance>
              <FromPointRef ref="VTR:ScheduledStopPoint:3283126" version="1"/>
              <ToPointRef ref="VTR:ScheduledStopPoint:3283127" version="1"/>
            </ServiceLink>
            <ServiceLink id="VTR:ServiceLink:3283319_1_3283320_1" version="1">
              <Distance>0</Distance>
              <FromPointRef ref="VTR:ScheduledStopPoint:3283319" version="1"/>
              <ToPointRef ref="VTR:ScheduledStopPoint:3283320" version="1"/>
            </ServiceLink>
            <ServiceLink id="VTR:ServiceLink:3283317_1_3283318_1" version="1">
              <Distance>0</Distance>
              <FromPointRef ref="VTR:ScheduledStopPoint:3283317" version="1"/>
              <ToPointRef ref="VTR:ScheduledStopPoint:3283318" version="1"/>
            </ServiceLink>
            <ServiceLink id="VTR:ServiceLink:3283321_1_3283322_1" version="1">
              <Distance>0</Distance>
              <FromPointRef ref="VTR:ScheduledStopPoint:3283321" version="1"/>
              <ToPointRef ref="VTR:ScheduledStopPoint:3283322" version="1"/>
            </ServiceLink>
            <ServiceLink id="VTR:ServiceLink:3283120_1_3283121_1" version="1">
              <Distance>0</Distance>
              <FromPointRef ref="VTR:ScheduledStopPoint:3283120" version="1"/>
              <ToPointRef ref="VTR:ScheduledStopPoint:3283121" version="1"/>
            </ServiceLink>
            <ServiceLink id="VTR:ServiceLink:3283316_1_3283317_1" version="1">
              <Distance>0</Distance>
              <FromPointRef ref="VTR:ScheduledStopPoint:3283316" version="1"/>
              <ToPointRef ref="VTR:ScheduledStopPoint:3283317" version="1"/>
            </ServiceLink>
            <ServiceLink id="VTR:ServiceLink:3283320_1_3283321_1" version="1">
              <Distance>0</Distance>
              <FromPointRef ref="VTR:ScheduledStopPoint:3283320" version="1"/>
              <ToPointRef ref="VTR:ScheduledStopPoint:3283321" version="1"/>
            </ServiceLink>
            <ServiceLink id="VTR:ServiceLink:3283124_1_3283125_1" version="1">
              <Distance>0</Distance>
              <FromPointRef ref="VTR:ScheduledStopPoint:3283124" version="1"/>
              <ToPointRef ref="VTR:ScheduledStopPoint:3283125" version="1"/>
            </ServiceLink>
          </serviceLinks>
          <stopAssignments>
            <PassengerStopAssignment order="2494300001" id="VTR:PassengerStopAssignment:3283120" version="1">
              <ScheduledStopPointRef ref="VTR:ScheduledStopPoint:3283120" version="1"/>
              <QuayRef ref="VTR:Quay:27071"/>
            </PassengerStopAssignment>
            <PassengerStopAssignment order="2494300002" id="VTR:PassengerStopAssignment:3283121" version="1">
              <ScheduledStopPointRef ref="VTR:ScheduledStopPoint:3283121" version="1"/>
              <QuayRef ref="VTR:Quay:18110"/>
            </PassengerStopAssignment>
            <PassengerStopAssignment order="2494300003" id="VTR:PassengerStopAssignment:3283122" version="1">
              <ScheduledStopPointRef ref="VTR:ScheduledStopPoint:3283122" version="1"/>
              <QuayRef ref="VTR:Quay:18085"/>
            </PassengerStopAssignment>
            <PassengerStopAssignment order="2494300004" id="VTR:PassengerStopAssignment:3283123" version="1">
              <ScheduledStopPointRef ref="VTR:ScheduledStopPoint:3283123" version="1"/>
              <QuayRef ref="VTR:Quay:18089"/>
            </PassengerStopAssignment>
            <PassengerStopAssignment order="2494300005" id="VTR:PassengerStopAssignment:3283124" version="1">
              <ScheduledStopPointRef ref="VTR:ScheduledStopPoint:3283124" version="1"/>
              <QuayRef ref="VTR:Quay:18092"/>
            </PassengerStopAssignment>
            <PassengerStopAssignment order="2494300006" id="VTR:PassengerStopAssignment:3283125" version="1">
              <ScheduledStopPointRef ref="VTR:ScheduledStopPoint:3283125" version="1"/>
              <QuayRef ref="VTR:Quay:18161"/>
            </PassengerStopAssignment>
            <PassengerStopAssignment order="2494300007" id="VTR:PassengerStopAssignment:3283126" version="1">
              <ScheduledStopPointRef ref="VTR:ScheduledStopPoint:3283126" version="1"/>
              <QuayRef ref="VTR:Quay:21440"/>
            </PassengerStopAssignment>
            <PassengerStopAssignment order="2494300008" id="VTR:PassengerStopAssignment:3283127" version="1">
              <ScheduledStopPointRef ref="VTR:ScheduledStopPoint:3283127" version="1"/>
              <QuayRef ref="VTR:Quay:18100"/>
            </PassengerStopAssignment>
            <PassengerStopAssignment order="2494300009" id="VTR:PassengerStopAssignment:3283128" version="1">
              <ScheduledStopPointRef ref="VTR:ScheduledStopPoint:3283128" version="1"/>
              <QuayRef ref="VTR:Quay:18342"/>
            </PassengerStopAssignment>
            <PassengerStopAssignment order="2494300010" id="VTR:PassengerStopAssignment:3283129" version="1">
              <ScheduledStopPointRef ref="VTR:ScheduledStopPoint:3283129" version="1"/>
              <QuayRef ref="VTR:Quay:44086"/>
            </PassengerStopAssignment>
            <PassengerStopAssignment order="2494300011" id="VTR:PassengerStopAssignment:3283130" version="1">
              <ScheduledStopPointRef ref="VTR:ScheduledStopPoint:3283130" version="1"/>
              <QuayRef ref="VTR:Quay:18261"/>
            </PassengerStopAssignment>
            <PassengerStopAssignment order="2494300012" id="VTR:PassengerStopAssignment:3283313" version="1">
              <ScheduledStopPointRef ref="VTR:ScheduledStopPoint:3283313" version="1"/>
              <QuayRef ref="VTR:Quay:18274"/>
            </PassengerStopAssignment>
            <PassengerStopAssignment order="2494300013" id="VTR:PassengerStopAssignment:3283314" version="1">
              <ScheduledStopPointRef ref="VTR:ScheduledStopPoint:3283314" version="1"/>
              <QuayRef ref="VTR:Quay:18273"/>
            </PassengerStopAssignment>
            <PassengerStopAssignment order="2494300014" id="VTR:PassengerStopAssignment:3283315" version="1">
              <ScheduledStopPointRef ref="VTR:ScheduledStopPoint:3283315" version="1"/>
              <QuayRef ref="VTR:Quay:18271"/>
            </PassengerStopAssignment>
            <PassengerStopAssignment order="2494300015" id="VTR:PassengerStopAssignment:3283316" version="1">
              <ScheduledStopPointRef ref="VTR:ScheduledStopPoint:3283316" version="1"/>
              <QuayRef ref="VTR:Quay:18277"/>
            </PassengerStopAssignment>
            <PassengerStopAssignment order="2494300016" id="VTR:PassengerStopAssignment:3283317" version="1">
              <ScheduledStopPointRef ref="VTR:ScheduledStopPoint:3283317" version="1"/>
              <QuayRef ref="VTR:Quay:18295"/>
            </PassengerStopAssignment>
            <PassengerStopAssignment order="2494300017" id="VTR:PassengerStopAssignment:3283318" version="1">
              <ScheduledStopPointRef ref="VTR:ScheduledStopPoint:3283318" version="1"/>
              <QuayRef ref="VTR:Quay:18293"/>
            </PassengerStopAssignment>
            <PassengerStopAssignment order="2494300018" id="VTR:PassengerStopAssignment:3283319" version="1">
              <ScheduledStopPointRef ref="VTR:ScheduledStopPoint:3283319" version="1"/>
              <QuayRef ref="VTR:Quay:18430"/>
            </PassengerStopAssignment>
            <PassengerStopAssignment order="2494300019" id="VTR:PassengerStopAssignment:3283320" version="1">
              <ScheduledStopPointRef ref="VTR:ScheduledStopPoint:3283320" version="1"/>
              <QuayRef ref="VTR:Quay:18513"/>
            </PassengerStopAssignment>
            <PassengerStopAssignment order="2494300020" id="VTR:PassengerStopAssignment:3283321" version="1">
              <ScheduledStopPointRef ref="VTR:ScheduledStopPoint:3283321" version="1"/>
              <QuayRef ref="VTR:Quay:18736"/>
            </PassengerStopAssignment>
            <PassengerStopAssignment order="2494300021" id="VTR:PassengerStopAssignment:3283322" version="1">
              <ScheduledStopPointRef ref="VTR:ScheduledStopPoint:3283322" version="1"/>
              <QuayRef ref="VTR:Quay:18760"/>
            </PassengerStopAssignment>
            <PassengerStopAssignment order="2494300022" id="VTR:PassengerStopAssignment:3283323" version="1">
              <ScheduledStopPointRef ref="VTR:ScheduledStopPoint:3283323" version="1"/>
              <QuayRef ref="VTR:Quay:18768"/>
            </PassengerStopAssignment>
            <PassengerStopAssignment order="2494300023" id="VTR:PassengerStopAssignment:3283324" version="1">
              <ScheduledStopPointRef ref="VTR:ScheduledStopPoint:3283324" version="1"/>
              <QuayRef ref="VTR:Quay:18535"/>
            </PassengerStopAssignment>
            <PassengerStopAssignment order="2494300024" id="VTR:PassengerStopAssignment:3283325" version="1">
              <ScheduledStopPointRef ref="VTR:ScheduledStopPoint:3283325" version="1"/>
              <QuayRef ref="VTR:Quay:18765"/>
            </PassengerStopAssignment>
          </stopAssignments>
          <journeyPatterns>
            <JourneyPattern id="VTR:JourneyPattern:6887052" version="6890619">
              <RouteRef ref="VTR:Route:24943" version="1"/>
              <pointsInSequence>
                <StopPointInJourneyPattern id="VTR:StopPointInJourneyPattern:238873610" version="6890619" order="1">
                  <ScheduledStopPointRef ref="VTR:ScheduledStopPoint:3283120"/>
                  <DestinationDisplayRef ref="VTR:DestinationDisplay:1"/>
                </StopPointInJourneyPattern>
                <StopPointInJourneyPattern id="VTR:StopPointInJourneyPattern:238873611" version="6890619" order="2">
                  <ScheduledStopPointRef ref="VTR:ScheduledStopPoint:3283121"/>
                  <DestinationDisplayRef ref="VTR:DestinationDisplay:1"/>
                </StopPointInJourneyPattern>
                <StopPointInJourneyPattern id="VTR:StopPointInJourneyPattern:238874542" version="6890619" order="3">
                  <ScheduledStopPointRef ref="VTR:ScheduledStopPoint:3283122"/>
                  <DestinationDisplayRef ref="VTR:DestinationDisplay:1"/>
                </StopPointInJourneyPattern>
                <StopPointInJourneyPattern id="VTR:StopPointInJourneyPattern:238874543" version="6890619" order="4">
                  <ScheduledStopPointRef ref="VTR:ScheduledStopPoint:3283123"/>
                  <DestinationDisplayRef ref="VTR:DestinationDisplay:1"/>
                </StopPointInJourneyPattern>
                <StopPointInJourneyPattern id="VTR:StopPointInJourneyPattern:238874544" version="6890619" order="5">
                  <ScheduledStopPointRef ref="VTR:ScheduledStopPoint:3283124"/>
                  <DestinationDisplayRef ref="VTR:DestinationDisplay:1"/>
                </StopPointInJourneyPattern>
                <StopPointInJourneyPattern id="VTR:StopPointInJourneyPattern:238874545" version="6890619" order="6">
                  <ScheduledStopPointRef ref="VTR:ScheduledStopPoint:3283125"/>
                  <DestinationDisplayRef ref="VTR:DestinationDisplay:1"/>
                </StopPointInJourneyPattern>
                <StopPointInJourneyPattern id="VTR:StopPointInJourneyPattern:238874546" version="6890619" order="7">
                  <ScheduledStopPointRef ref="VTR:ScheduledStopPoint:3283126"/>
                  <DestinationDisplayRef ref="VTR:DestinationDisplay:1"/>
                </StopPointInJourneyPattern>
                <StopPointInJourneyPattern id="VTR:StopPointInJourneyPattern:238874547" version="6890619" order="8">
                  <ScheduledStopPointRef ref="VTR:ScheduledStopPoint:3283127"/>
                  <DestinationDisplayRef ref="VTR:DestinationDisplay:1"/>
                </StopPointInJourneyPattern>
                <StopPointInJourneyPattern id="VTR:StopPointInJourneyPattern:238874548" version="6890619" order="9">
                  <ScheduledStopPointRef ref="VTR:ScheduledStopPoint:3283128"/>
                  <DestinationDisplayRef ref="VTR:DestinationDisplay:1"/>
                </StopPointInJourneyPattern>
                <StopPointInJourneyPattern id="VTR:StopPointInJourneyPattern:238874549" version="6890619" order="10">
                  <ScheduledStopPointRef ref="VTR:ScheduledStopPoint:3283129"/>
                  <DestinationDisplayRef ref="VTR:DestinationDisplay:1"/>
                </StopPointInJourneyPattern>
                <StopPointInJourneyPattern id="VTR:StopPointInJourneyPattern:238874550" version="6890619" order="11">
                  <ScheduledStopPointRef ref="VTR:ScheduledStopPoint:3283130"/>
                  <DestinationDisplayRef ref="VTR:DestinationDisplay:1"/>
                </StopPointInJourneyPattern>
                <StopPointInJourneyPattern id="VTR:StopPointInJourneyPattern:238874551" version="6890619" order="12">
                  <ScheduledStopPointRef ref="VTR:ScheduledStopPoint:3283313"/>
                  <DestinationDisplayRef ref="VTR:DestinationDisplay:1"/>
                </StopPointInJourneyPattern>
                <StopPointInJourneyPattern id="VTR:StopPointInJourneyPattern:238874552" version="6890619" order="13">
                  <ScheduledStopPointRef ref="VTR:ScheduledStopPoint:3283314"/>
                  <DestinationDisplayRef ref="VTR:DestinationDisplay:1"/>
                </StopPointInJourneyPattern>
                <StopPointInJourneyPattern id="VTR:StopPointInJourneyPattern:238874553" version="6890619" order="14">
                  <ScheduledStopPointRef ref="VTR:ScheduledStopPoint:3283315"/>
                  <DestinationDisplayRef ref="VTR:DestinationDisplay:1"/>
                </StopPointInJourneyPattern>
                <StopPointInJourneyPattern id="VTR:StopPointInJourneyPattern:238874554" version="6890619" order="15">
                  <ScheduledStopPointRef ref="VTR:ScheduledStopPoint:3283316"/>
                  <DestinationDisplayRef ref="VTR:DestinationDisplay:1"/>
                </StopPointInJourneyPattern>
                <StopPointInJourneyPattern id="VTR:StopPointInJourneyPattern:238874555" version="6890619" order="16">
                  <ScheduledStopPointRef ref="VTR:ScheduledStopPoint:3283317"/>
                  <DestinationDisplayRef ref="VTR:DestinationDisplay:1"/>
                </StopPointInJourneyPattern>
                <StopPointInJourneyPattern id="VTR:StopPointInJourneyPattern:238874556" version="6890619" order="17">
                  <ScheduledStopPointRef ref="VTR:ScheduledStopPoint:3283318"/>
                  <DestinationDisplayRef ref="VTR:DestinationDisplay:1"/>
                </StopPointInJourneyPattern>
                <StopPointInJourneyPattern id="VTR:StopPointInJourneyPattern:238874557" version="6890619" order="18">
                  <ScheduledStopPointRef ref="VTR:ScheduledStopPoint:3283319"/>
                  <DestinationDisplayRef ref="VTR:DestinationDisplay:1"/>
                </StopPointInJourneyPattern>
                <StopPointInJourneyPattern id="VTR:StopPointInJourneyPattern:238874558" version="6890619" order="19">
                  <ScheduledStopPointRef ref="VTR:ScheduledStopPoint:3283320"/>
                  <DestinationDisplayRef ref="VTR:DestinationDisplay:1"/>
                </StopPointInJourneyPattern>
                <StopPointInJourneyPattern id="VTR:StopPointInJourneyPattern:238874559" version="6890619" order="20">
                  <ScheduledStopPointRef ref="VTR:ScheduledStopPoint:3283321"/>
                  <DestinationDisplayRef ref="VTR:DestinationDisplay:1"/>
                </StopPointInJourneyPattern>
                <StopPointInJourneyPattern id="VTR:StopPointInJourneyPattern:238874560" version="6890619" order="21">
                  <ScheduledStopPointRef ref="VTR:ScheduledStopPoint:3283322"/>
                  <DestinationDisplayRef ref="VTR:DestinationDisplay:1"/>
                </StopPointInJourneyPattern>
                <StopPointInJourneyPattern id="VTR:StopPointInJourneyPattern:238874561" version="6890619" order="22">
                  <ScheduledStopPointRef ref="VTR:ScheduledStopPoint:3283323"/>
                  <DestinationDisplayRef ref="VTR:DestinationDisplay:1"/>
                </StopPointInJourneyPattern>
                <StopPointInJourneyPattern id="VTR:StopPointInJourneyPattern:238874562" version="6890619" order="23">
                  <ScheduledStopPointRef ref="VTR:ScheduledStopPoint:3283324"/>
                  <DestinationDisplayRef ref="VTR:DestinationDisplay:1"/>
                </StopPointInJourneyPattern>
                <StopPointInJourneyPattern id="VTR:StopPointInJourneyPattern:238874563" version="6890619" order="24">
                  <ScheduledStopPointRef ref="VTR:ScheduledStopPoint:3283325"/>
                  <DestinationDisplayRef ref="VTR:DestinationDisplay:1"/>
                </StopPointInJourneyPattern>
              </pointsInSequence>
            </JourneyPattern>
            <JourneyPattern id="VTR:JourneyPattern:6887051" version="6890618">
              <RouteRef ref="VTR:Route:24943" version="1"/>
              <pointsInSequence>
                <StopPointInJourneyPattern id="VTR:StopPointInJourneyPattern:238874564" version="6890618" order="1">
                  <ScheduledStopPointRef ref="VTR:ScheduledStopPoint:3283120"/>
                  <DestinationDisplayRef ref="VTR:DestinationDisplay:1"/>
                </StopPointInJourneyPattern>
                <StopPointInJourneyPattern id="VTR:StopPointInJourneyPattern:238874565" version="6890618" order="2">
                  <ScheduledStopPointRef ref="VTR:ScheduledStopPoint:3283121"/>
                  <DestinationDisplayRef ref="VTR:DestinationDisplay:1"/>
                </StopPointInJourneyPattern>
                <StopPointInJourneyPattern id="VTR:StopPointInJourneyPattern:238874566" version="6890618" order="3">
                  <ScheduledStopPointRef ref="VTR:ScheduledStopPoint:3283122"/>
                  <DestinationDisplayRef ref="VTR:DestinationDisplay:1"/>
                </StopPointInJourneyPattern>
                <StopPointInJourneyPattern id="VTR:StopPointInJourneyPattern:238874567" version="6890618" order="4">
                  <ScheduledStopPointRef ref="VTR:ScheduledStopPoint:3283123"/>
                  <DestinationDisplayRef ref="VTR:DestinationDisplay:1"/>
                </StopPointInJourneyPattern>
                <StopPointInJourneyPattern id="VTR:StopPointInJourneyPattern:238874568" version="6890618" order="5">
                  <ScheduledStopPointRef ref="VTR:ScheduledStopPoint:3283124"/>
                  <DestinationDisplayRef ref="VTR:DestinationDisplay:1"/>
                </StopPointInJourneyPattern>
                <StopPointInJourneyPattern id="VTR:StopPointInJourneyPattern:238874569" version="6890618" order="6">
                  <ScheduledStopPointRef ref="VTR:ScheduledStopPoint:3283125"/>
                  <DestinationDisplayRef ref="VTR:DestinationDisplay:1"/>
                </StopPointInJourneyPattern>
                <StopPointInJourneyPattern id="VTR:StopPointInJourneyPattern:238874570" version="6890618" order="7">
                  <ScheduledStopPointRef ref="VTR:ScheduledStopPoint:3283126"/>
                  <DestinationDisplayRef ref="VTR:DestinationDisplay:1"/>
                </StopPointInJourneyPattern>
                <StopPointInJourneyPattern id="VTR:StopPointInJourneyPattern:238874571" version="6890618" order="8">
                  <ScheduledStopPointRef ref="VTR:ScheduledStopPoint:3283127"/>
                  <DestinationDisplayRef ref="VTR:DestinationDisplay:1"/>
                </StopPointInJourneyPattern>
                <StopPointInJourneyPattern id="VTR:StopPointInJourneyPattern:238874572" version="6890618" order="9">
                  <ScheduledStopPointRef ref="VTR:ScheduledStopPoint:3283128"/>
                  <DestinationDisplayRef ref="VTR:DestinationDisplay:1"/>
                </StopPointInJourneyPattern>
                <StopPointInJourneyPattern id="VTR:StopPointInJourneyPattern:238874573" version="6890618" order="10">
                  <ScheduledStopPointRef ref="VTR:ScheduledStopPoint:3283129"/>
                  <DestinationDisplayRef ref="VTR:DestinationDisplay:1"/>
                </StopPointInJourneyPattern>
                <StopPointInJourneyPattern id="VTR:StopPointInJourneyPattern:238874574" version="6890618" order="11">
                  <ScheduledStopPointRef ref="VTR:ScheduledStopPoint:3283130"/>
                  <DestinationDisplayRef ref="VTR:DestinationDisplay:1"/>
                </StopPointInJourneyPattern>
                <StopPointInJourneyPattern id="VTR:StopPointInJourneyPattern:238874575" version="6890618" order="12">
                  <ScheduledStopPointRef ref="VTR:ScheduledStopPoint:3283313"/>
                  <DestinationDisplayRef ref="VTR:DestinationDisplay:1"/>
                </StopPointInJourneyPattern>
                <StopPointInJourneyPattern id="VTR:StopPointInJourneyPattern:238874576" version="6890618" order="13">
                  <ScheduledStopPointRef ref="VTR:ScheduledStopPoint:3283314"/>
                  <DestinationDisplayRef ref="VTR:DestinationDisplay:1"/>
                </StopPointInJourneyPattern>
                <StopPointInJourneyPattern id="VTR:StopPointInJourneyPattern:238874577" version="6890618" order="14">
                  <ScheduledStopPointRef ref="VTR:ScheduledStopPoint:3283315"/>
                  <DestinationDisplayRef ref="VTR:DestinationDisplay:1"/>
                </StopPointInJourneyPattern>
                <StopPointInJourneyPattern id="VTR:StopPointInJourneyPattern:238874578" version="6890618" order="15">
                  <ScheduledStopPointRef ref="VTR:ScheduledStopPoint:3283316"/>
                  <DestinationDisplayRef ref="VTR:DestinationDisplay:1"/>
                </StopPointInJourneyPattern>
                <StopPointInJourneyPattern id="VTR:StopPointInJourneyPattern:238874579" version="6890618" order="16">
                  <ScheduledStopPointRef ref="VTR:ScheduledStopPoint:3283317"/>
                  <DestinationDisplayRef ref="VTR:DestinationDisplay:1"/>
                </StopPointInJourneyPattern>
                <StopPointInJourneyPattern id="VTR:StopPointInJourneyPattern:238874580" version="6890618" order="17">
                  <ScheduledStopPointRef ref="VTR:ScheduledStopPoint:3283318"/>
                  <DestinationDisplayRef ref="VTR:DestinationDisplay:1"/>
                </StopPointInJourneyPattern>
                <StopPointInJourneyPattern id="VTR:StopPointInJourneyPattern:238874581" version="6890618" order="18">
                  <ScheduledStopPointRef ref="VTR:ScheduledStopPoint:3283319"/>
                  <DestinationDisplayRef ref="VTR:DestinationDisplay:1"/>
                </StopPointInJourneyPattern>
                <StopPointInJourneyPattern id="VTR:StopPointInJourneyPattern:238874582" version="6890618" order="19">
                  <ScheduledStopPointRef ref="VTR:ScheduledStopPoint:3283320"/>
                  <DestinationDisplayRef ref="VTR:DestinationDisplay:1"/>
                </StopPointInJourneyPattern>
                <StopPointInJourneyPattern id="VTR:StopPointInJourneyPattern:238874583" version="6890618" order="20">
                  <ScheduledStopPointRef ref="VTR:ScheduledStopPoint:3283321"/>
                  <DestinationDisplayRef ref="VTR:DestinationDisplay:1"/>
                </StopPointInJourneyPattern>
                <StopPointInJourneyPattern id="VTR:StopPointInJourneyPattern:238874584" version="6890618" order="21">
                  <ScheduledStopPointRef ref="VTR:ScheduledStopPoint:3283322"/>
                  <DestinationDisplayRef ref="VTR:DestinationDisplay:1"/>
                </StopPointInJourneyPattern>
                <StopPointInJourneyPattern id="VTR:StopPointInJourneyPattern:238874585" version="6890618" order="22">
                  <ScheduledStopPointRef ref="VTR:ScheduledStopPoint:3283323"/>
                  <DestinationDisplayRef ref="VTR:DestinationDisplay:1"/>
                </StopPointInJourneyPattern>
                <StopPointInJourneyPattern id="VTR:StopPointInJourneyPattern:238874586" version="6890618" order="23">
                  <ScheduledStopPointRef ref="VTR:ScheduledStopPoint:3283324"/>
                  <DestinationDisplayRef ref="VTR:DestinationDisplay:1"/>
                </StopPointInJourneyPattern>
                <StopPointInJourneyPattern id="VTR:StopPointInJourneyPattern:238874587" version="6890618" order="24">
                  <ScheduledStopPointRef ref="VTR:ScheduledStopPoint:3283325"/>
                  <DestinationDisplayRef ref="VTR:DestinationDisplay:1"/>
                </StopPointInJourneyPattern>
              </pointsInSequence>
            </JourneyPattern>
            <JourneyPattern id="VTR:JourneyPattern:6887049" version="6890616">
              <RouteRef ref="VTR:Route:24943" version="1"/>
              <pointsInSequence>
                <StopPointInJourneyPattern id="VTR:StopPointInJourneyPattern:238873586" version="6890616" order="1">
                  <ScheduledStopPointRef ref="VTR:ScheduledStopPoint:3283120"/>
                  <DestinationDisplayRef ref="VTR:DestinationDisplay:1"/>
                </StopPointInJourneyPattern>
                <StopPointInJourneyPattern id="VTR:StopPointInJourneyPattern:238873587" version="6890616" order="2">
                  <ScheduledStopPointRef ref="VTR:ScheduledStopPoint:3283121"/>
                  <DestinationDisplayRef ref="VTR:DestinationDisplay:1"/>
                </StopPointInJourneyPattern>
                <StopPointInJourneyPattern id="VTR:StopPointInJourneyPattern:238873588" version="6890616" order="3">
                  <ScheduledStopPointRef ref="VTR:ScheduledStopPoint:3283122"/>
                  <DestinationDisplayRef ref="VTR:DestinationDisplay:1"/>
                </StopPointInJourneyPattern>
                <StopPointInJourneyPattern id="VTR:StopPointInJourneyPattern:238873589" version="6890616" order="4">
                  <ScheduledStopPointRef ref="VTR:ScheduledStopPoint:3283123"/>
                  <DestinationDisplayRef ref="VTR:DestinationDisplay:1"/>
                </StopPointInJourneyPattern>
                <StopPointInJourneyPattern id="VTR:StopPointInJourneyPattern:238873590" version="6890616" order="5">
                  <ScheduledStopPointRef ref="VTR:ScheduledStopPoint:3283124"/>
                  <DestinationDisplayRef ref="VTR:DestinationDisplay:1"/>
                </StopPointInJourneyPattern>
                <StopPointInJourneyPattern id="VTR:StopPointInJourneyPattern:238873591" version="6890616" order="6">
                  <ScheduledStopPointRef ref="VTR:ScheduledStopPoint:3283125"/>
                  <DestinationDisplayRef ref="VTR:DestinationDisplay:1"/>
                </StopPointInJourneyPattern>
                <StopPointInJourneyPattern id="VTR:StopPointInJourneyPattern:238873592" version="6890616" order="7">
                  <ScheduledStopPointRef ref="VTR:ScheduledStopPoint:3283126"/>
                  <DestinationDisplayRef ref="VTR:DestinationDisplay:1"/>
                </StopPointInJourneyPattern>
                <StopPointInJourneyPattern id="VTR:StopPointInJourneyPattern:238873593" version="6890616" order="8">
                  <ScheduledStopPointRef ref="VTR:ScheduledStopPoint:3283127"/>
                  <DestinationDisplayRef ref="VTR:DestinationDisplay:1"/>
                </StopPointInJourneyPattern>
                <StopPointInJourneyPattern id="VTR:StopPointInJourneyPattern:238873594" version="6890616" order="9">
                  <ScheduledStopPointRef ref="VTR:ScheduledStopPoint:3283128"/>
                  <DestinationDisplayRef ref="VTR:DestinationDisplay:1"/>
                </StopPointInJourneyPattern>
                <StopPointInJourneyPattern id="VTR:StopPointInJourneyPattern:238873595" version="6890616" order="10">
                  <ScheduledStopPointRef ref="VTR:ScheduledStopPoint:3283129"/>
                  <DestinationDisplayRef ref="VTR:DestinationDisplay:1"/>
                </StopPointInJourneyPattern>
                <StopPointInJourneyPattern id="VTR:StopPointInJourneyPattern:238873596" version="6890616" order="11">
                  <ScheduledStopPointRef ref="VTR:ScheduledStopPoint:3283130"/>
                  <DestinationDisplayRef ref="VTR:DestinationDisplay:1"/>
                </StopPointInJourneyPattern>
                <StopPointInJourneyPattern id="VTR:StopPointInJourneyPattern:238873597" version="6890616" order="12">
                  <ScheduledStopPointRef ref="VTR:ScheduledStopPoint:3283313"/>
                  <DestinationDisplayRef ref="VTR:DestinationDisplay:1"/>
                </StopPointInJourneyPattern>
                <StopPointInJourneyPattern id="VTR:StopPointInJourneyPattern:238873598" version="6890616" order="13">
                  <ScheduledStopPointRef ref="VTR:ScheduledStopPoint:3283314"/>
                  <DestinationDisplayRef ref="VTR:DestinationDisplay:1"/>
                </StopPointInJourneyPattern>
                <StopPointInJourneyPattern id="VTR:StopPointInJourneyPattern:238873599" version="6890616" order="14">
                  <ScheduledStopPointRef ref="VTR:ScheduledStopPoint:3283315"/>
                  <DestinationDisplayRef ref="VTR:DestinationDisplay:1"/>
                </StopPointInJourneyPattern>
                <StopPointInJourneyPattern id="VTR:StopPointInJourneyPattern:238873600" version="6890616" order="15">
                  <ScheduledStopPointRef ref="VTR:ScheduledStopPoint:3283316"/>
                  <DestinationDisplayRef ref="VTR:DestinationDisplay:1"/>
                </StopPointInJourneyPattern>
                <StopPointInJourneyPattern id="VTR:StopPointInJourneyPattern:238873601" version="6890616" order="16">
                  <ScheduledStopPointRef ref="VTR:ScheduledStopPoint:3283317"/>
                  <DestinationDisplayRef ref="VTR:DestinationDisplay:1"/>
                </StopPointInJourneyPattern>
                <StopPointInJourneyPattern id="VTR:StopPointInJourneyPattern:238873602" version="6890616" order="17">
                  <ScheduledStopPointRef ref="VTR:ScheduledStopPoint:3283318"/>
                  <DestinationDisplayRef ref="VTR:DestinationDisplay:1"/>
                </StopPointInJourneyPattern>
                <StopPointInJourneyPattern id="VTR:StopPointInJourneyPattern:238873603" version="6890616" order="18">
                  <ScheduledStopPointRef ref="VTR:ScheduledStopPoint:3283319"/>
                  <DestinationDisplayRef ref="VTR:DestinationDisplay:1"/>
                </StopPointInJourneyPattern>
                <StopPointInJourneyPattern id="VTR:StopPointInJourneyPattern:238873604" version="6890616" order="19">
                  <ScheduledStopPointRef ref="VTR:ScheduledStopPoint:3283320"/>
                  <DestinationDisplayRef ref="VTR:DestinationDisplay:1"/>
                </StopPointInJourneyPattern>
                <StopPointInJourneyPattern id="VTR:StopPointInJourneyPattern:238873605" version="6890616" order="20">
                  <ScheduledStopPointRef ref="VTR:ScheduledStopPoint:3283321"/>
                  <DestinationDisplayRef ref="VTR:DestinationDisplay:1"/>
                </StopPointInJourneyPattern>
                <StopPointInJourneyPattern id="VTR:StopPointInJourneyPattern:238873606" version="6890616" order="21">
                  <ScheduledStopPointRef ref="VTR:ScheduledStopPoint:3283322"/>
                  <DestinationDisplayRef ref="VTR:DestinationDisplay:1"/>
                </StopPointInJourneyPattern>
                <StopPointInJourneyPattern id="VTR:StopPointInJourneyPattern:238873607" version="6890616" order="22">
                  <ScheduledStopPointRef ref="VTR:ScheduledStopPoint:3283323"/>
                  <DestinationDisplayRef ref="VTR:DestinationDisplay:1"/>
                </StopPointInJourneyPattern>
                <StopPointInJourneyPattern id="VTR:StopPointInJourneyPattern:238873608" version="6890616" order="23">
                  <ScheduledStopPointRef ref="VTR:ScheduledStopPoint:3283324"/>
                  <DestinationDisplayRef ref="VTR:DestinationDisplay:1"/>
                </StopPointInJourneyPattern>
                <StopPointInJourneyPattern id="VTR:StopPointInJourneyPattern:238873609" version="6890616" order="24">
                  <ScheduledStopPointRef ref="VTR:ScheduledStopPoint:3283325"/>
                  <DestinationDisplayRef ref="VTR:DestinationDisplay:1"/>
                </StopPointInJourneyPattern>
              </pointsInSequence>
            </JourneyPattern>
          </journeyPatterns>
        </ServiceFrame>
        <TimetableFrame version="1" id="VTR:TimetableFrame:1148">
          <vehicleJourneys>
            <ServiceJourney version="6890619" id="VTR:ServiceJourney:6887052">
              <Name>kaunas_bus_27G_a-b</Name>
              <dayTypes>
                <DayTypeRef ref="VTR:DayType:37127"/>
              </dayTypes>
              <JourneyPatternRef version="6890619" ref="VTR:JourneyPattern:6887052"/>
              <OperatorRef ref="VTR:Operator:81"/>
              <LineRef ref="VTR:Line:8788" version="11542"/>
              <passingTimes>
                <TimetabledPassingTime version="6890619" id="VTR:TimetabledPassingTime:6887052_238873610_1">
                  <StopPointInJourneyPatternRef ref="VTR:StopPointInJourneyPattern:238873610" version="6890619"/>
                  <DepartureTime>06:03:00</DepartureTime>
                  <DepartureDayOffset>0</DepartureDayOffset>
                </TimetabledPassingTime>
                <TimetabledPassingTime version="6890619" id="VTR:TimetabledPassingTime:6887052_238873611_2">
                  <StopPointInJourneyPatternRef ref="VTR:StopPointInJourneyPattern:238873611" version="6890619"/>
                  <DepartureTime>06:04:00</DepartureTime>
                  <DepartureDayOffset>0</DepartureDayOffset>
                </TimetabledPassingTime>
                <TimetabledPassingTime version="6890619" id="VTR:TimetabledPassingTime:6887052_238874542_3">
                  <StopPointInJourneyPatternRef ref="VTR:StopPointInJourneyPattern:238874542" version="6890619"/>
                  <DepartureTime>06:05:00</DepartureTime>
                  <DepartureDayOffset>0</DepartureDayOffset>
                </TimetabledPassingTime>
                <TimetabledPassingTime version="6890619" id="VTR:TimetabledPassingTime:6887052_238874543_4">
                  <StopPointInJourneyPatternRef ref="VTR:StopPointInJourneyPattern:238874543" version="6890619"/>
                  <DepartureTime>06:06:00</DepartureTime>
                  <DepartureDayOffset>0</DepartureDayOffset>
                </TimetabledPassingTime>
                <TimetabledPassingTime version="6890619" id="VTR:TimetabledPassingTime:6887052_238874544_5">
                  <StopPointInJourneyPatternRef ref="VTR:StopPointInJourneyPattern:238874544" version="6890619"/>
                  <DepartureTime>06:08:00</DepartureTime>
                  <DepartureDayOffset>0</DepartureDayOffset>
                </TimetabledPassingTime>
                <TimetabledPassingTime version="6890619" id="VTR:TimetabledPassingTime:6887052_238874545_6">
                  <StopPointInJourneyPatternRef ref="VTR:StopPointInJourneyPattern:238874545" version="6890619"/>
                  <DepartureTime>06:09:00</DepartureTime>
                  <DepartureDayOffset>0</DepartureDayOffset>
                </TimetabledPassingTime>
                <TimetabledPassingTime version="6890619" id="VTR:TimetabledPassingTime:6887052_238874546_7">
                  <StopPointInJourneyPatternRef ref="VTR:StopPointInJourneyPattern:238874546" version="6890619"/>
                  <DepartureTime>06:10:00</DepartureTime>
                  <DepartureDayOffset>0</DepartureDayOffset>
                </TimetabledPassingTime>
                <TimetabledPassingTime version="6890619" id="VTR:TimetabledPassingTime:6887052_238874547_8">
                  <StopPointInJourneyPatternRef ref="VTR:StopPointInJourneyPattern:238874547" version="6890619"/>
                  <DepartureTime>06:12:00</DepartureTime>
                  <DepartureDayOffset>0</DepartureDayOffset>
                </TimetabledPassingTime>
                <TimetabledPassingTime version="6890619" id="VTR:TimetabledPassingTime:6887052_238874548_9">
                  <StopPointInJourneyPatternRef ref="VTR:StopPointInJourneyPattern:238874548" version="6890619"/>
                  <DepartureTime>06:17:00</DepartureTime>
                  <DepartureDayOffset>0</DepartureDayOffset>
                </TimetabledPassingTime>
                <TimetabledPassingTime version="6890619" id="VTR:TimetabledPassingTime:6887052_238874549_10">
                  <StopPointInJourneyPatternRef ref="VTR:StopPointInJourneyPattern:238874549" version="6890619"/>
                  <DepartureTime>06:19:00</DepartureTime>
                  <DepartureDayOffset>0</DepartureDayOffset>
                </TimetabledPassingTime>
                <TimetabledPassingTime version="6890619" id="VTR:TimetabledPassingTime:6887052_238874550_11">
                  <StopPointInJourneyPatternRef ref="VTR:StopPointInJourneyPattern:238874550" version="6890619"/>
                  <DepartureTime>06:22:00</DepartureTime>
                  <DepartureDayOffset>0</DepartureDayOffset>
                </TimetabledPassingTime>
                <TimetabledPassingTime version="6890619" id="VTR:TimetabledPassingTime:6887052_238874551_12">
                  <StopPointInJourneyPatternRef ref="VTR:StopPointInJourneyPattern:238874551" version="6890619"/>
                  <DepartureTime>06:23:00</DepartureTime>
                  <DepartureDayOffset>0</DepartureDayOffset>
                </TimetabledPassingTime>
                <TimetabledPassingTime version="6890619" id="VTR:TimetabledPassingTime:6887052_238874552_13">
                  <StopPointInJourneyPatternRef ref="VTR:StopPointInJourneyPattern:238874552" version="6890619"/>
                  <DepartureTime>06:24:00</DepartureTime>
                  <DepartureDayOffset>0</DepartureDayOffset>
                </TimetabledPassingTime>
                <TimetabledPassingTime version="6890619" id="VTR:TimetabledPassingTime:6887052_238874553_14">
                  <StopPointInJourneyPatternRef ref="VTR:StopPointInJourneyPattern:238874553" version="6890619"/>
                  <DepartureTime>06:25:00</DepartureTime>
                  <DepartureDayOffset>0</DepartureDayOffset>
                </TimetabledPassingTime>
                <TimetabledPassingTime version="6890619" id="VTR:TimetabledPassingTime:6887052_238874554_15">
                  <StopPointInJourneyPatternRef ref="VTR:StopPointInJourneyPattern:238874554" version="6890619"/>
                  <DepartureTime>06:27:00</DepartureTime>
                  <DepartureDayOffset>0</DepartureDayOffset>
                </TimetabledPassingTime>
                <TimetabledPassingTime version="6890619" id="VTR:TimetabledPassingTime:6887052_238874555_16">
                  <StopPointInJourneyPatternRef ref="VTR:StopPointInJourneyPattern:238874555" version="6890619"/>
                  <DepartureTime>06:28:00</DepartureTime>
                  <DepartureDayOffset>0</DepartureDayOffset>
                </TimetabledPassingTime>
                <TimetabledPassingTime version="6890619" id="VTR:TimetabledPassingTime:6887052_238874556_17">
                  <StopPointInJourneyPatternRef ref="VTR:StopPointInJourneyPattern:238874556" version="6890619"/>
                  <DepartureTime>06:29:00</DepartureTime>
                  <DepartureDayOffset>0</DepartureDayOffset>
                </TimetabledPassingTime>
                <TimetabledPassingTime version="6890619" id="VTR:TimetabledPassingTime:6887052_238874557_18">
                  <StopPointInJourneyPatternRef ref="VTR:StopPointInJourneyPattern:238874557" version="6890619"/>
                  <DepartureTime>06:33:00</DepartureTime>
                  <DepartureDayOffset>0</DepartureDayOffset>
                </TimetabledPassingTime>
                <TimetabledPassingTime version="6890619" id="VTR:TimetabledPassingTime:6887052_238874558_19">
                  <StopPointInJourneyPatternRef ref="VTR:StopPointInJourneyPattern:238874558" version="6890619"/>
                  <DepartureTime>06:35:00</DepartureTime>
                  <DepartureDayOffset>0</DepartureDayOffset>
                </TimetabledPassingTime>
                <TimetabledPassingTime version="6890619" id="VTR:TimetabledPassingTime:6887052_238874559_20">
                  <StopPointInJourneyPatternRef ref="VTR:StopPointInJourneyPattern:238874559" version="6890619"/>
                  <DepartureTime>06:39:00</DepartureTime>
                  <DepartureDayOffset>0</DepartureDayOffset>
                </TimetabledPassingTime>
                <TimetabledPassingTime version="6890619" id="VTR:TimetabledPassingTime:6887052_238874560_21">
                  <StopPointInJourneyPatternRef ref="VTR:StopPointInJourneyPattern:238874560" version="6890619"/>
                  <DepartureTime>06:41:00</DepartureTime>
                  <DepartureDayOffset>0</DepartureDayOffset>
                </TimetabledPassingTime>
                <TimetabledPassingTime version="6890619" id="VTR:TimetabledPassingTime:6887052_238874561_22">
                  <StopPointInJourneyPatternRef ref="VTR:StopPointInJourneyPattern:238874561" version="6890619"/>
                  <DepartureTime>06:43:00</DepartureTime>
                  <DepartureDayOffset>0</DepartureDayOffset>
                </TimetabledPassingTime>
                <TimetabledPassingTime version="6890619" id="VTR:TimetabledPassingTime:6887052_238874562_23">
                  <StopPointInJourneyPatternRef ref="VTR:StopPointInJourneyPattern:238874562" version="6890619"/>
                  <DepartureTime>06:44:00</DepartureTime>
                  <DepartureDayOffset>0</DepartureDayOffset>
                </TimetabledPassingTime>
                <TimetabledPassingTime version="6890619" id="VTR:TimetabledPassingTime:6887052_238874563_24">
                  <StopPointInJourneyPatternRef ref="VTR:StopPointInJourneyPattern:238874563" version="6890619"/>
                  <DepartureTime>06:45:00</DepartureTime>
                  <DepartureDayOffset>0</DepartureDayOffset>
                </TimetabledPassingTime>
              </passingTimes>
            </ServiceJourney>
            <ServiceJourney version="6890616" id="VTR:ServiceJourney:6887049">
              <Name>kaunas_bus_27G_a-b</Name>
              <dayTypes>
                <DayTypeRef ref="VTR:DayType:37127"/>
              </dayTypes>
              <JourneyPatternRef version="6890616" ref="VTR:JourneyPattern:6887049"/>
              <OperatorRef ref="VTR:Operator:81"/>
              <LineRef ref="VTR:Line:8788" version="11542"/>
              <passingTimes>
                <TimetabledPassingTime version="6890616" id="VTR:TimetabledPassingTime:6887049_238873586_1">
                  <StopPointInJourneyPatternRef ref="VTR:StopPointInJourneyPattern:238873586" version="6890616"/>
                  <DepartureTime>07:20:00</DepartureTime>
                  <DepartureDayOffset>0</DepartureDayOffset>
                </TimetabledPassingTime>
                <TimetabledPassingTime version="6890616" id="VTR:TimetabledPassingTime:6887049_238873587_2">
                  <StopPointInJourneyPatternRef ref="VTR:StopPointInJourneyPattern:238873587" version="6890616"/>
                  <DepartureTime>07:22:00</DepartureTime>
                  <DepartureDayOffset>0</DepartureDayOffset>
                </TimetabledPassingTime>
                <TimetabledPassingTime version="6890616" id="VTR:TimetabledPassingTime:6887049_238873588_3">
                  <StopPointInJourneyPatternRef ref="VTR:StopPointInJourneyPattern:238873588" version="6890616"/>
                  <DepartureTime>07:24:00</DepartureTime>
                  <DepartureDayOffset>0</DepartureDayOffset>
                </TimetabledPassingTime>
                <TimetabledPassingTime version="6890616" id="VTR:TimetabledPassingTime:6887049_238873589_4">
                  <StopPointInJourneyPatternRef ref="VTR:StopPointInJourneyPattern:238873589" version="6890616"/>
                  <DepartureTime>07:26:00</DepartureTime>
                  <DepartureDayOffset>0</DepartureDayOffset>
                </TimetabledPassingTime>
                <TimetabledPassingTime version="6890616" id="VTR:TimetabledPassingTime:6887049_238873590_5">
                  <StopPointInJourneyPatternRef ref="VTR:StopPointInJourneyPattern:238873590" version="6890616"/>
                  <DepartureTime>07:28:00</DepartureTime>
                  <DepartureDayOffset>0</DepartureDayOffset>
                </TimetabledPassingTime>
                <TimetabledPassingTime version="6890616" id="VTR:TimetabledPassingTime:6887049_238873591_6">
                  <StopPointInJourneyPatternRef ref="VTR:StopPointInJourneyPattern:238873591" version="6890616"/>
                  <DepartureTime>07:29:00</DepartureTime>
                  <DepartureDayOffset>0</DepartureDayOffset>
                </TimetabledPassingTime>
                <TimetabledPassingTime version="6890616" id="VTR:TimetabledPassingTime:6887049_238873592_7">
                  <StopPointInJourneyPatternRef ref="VTR:StopPointInJourneyPattern:238873592" version="6890616"/>
                  <DepartureTime>07:30:00</DepartureTime>
                  <DepartureDayOffset>0</DepartureDayOffset>
                </TimetabledPassingTime>
                <TimetabledPassingTime version="6890616" id="VTR:TimetabledPassingTime:6887049_238873593_8">
                  <StopPointInJourneyPatternRef ref="VTR:StopPointInJourneyPattern:238873593" version="6890616"/>
                  <DepartureTime>07:34:00</DepartureTime>
                  <DepartureDayOffset>0</DepartureDayOffset>
                </TimetabledPassingTime>
                <TimetabledPassingTime version="6890616" id="VTR:TimetabledPassingTime:6887049_238873594_9">
                  <StopPointInJourneyPatternRef ref="VTR:StopPointInJourneyPattern:238873594" version="6890616"/>
                  <DepartureTime>07:41:00</DepartureTime>
                  <DepartureDayOffset>0</DepartureDayOffset>
                </TimetabledPassingTime>
                <TimetabledPassingTime version="6890616" id="VTR:TimetabledPassingTime:6887049_238873595_10">
                  <StopPointInJourneyPatternRef ref="VTR:StopPointInJourneyPattern:238873595" version="6890616"/>
                  <DepartureTime>07:45:00</DepartureTime>
                  <DepartureDayOffset>0</DepartureDayOffset>
                </TimetabledPassingTime>
                <TimetabledPassingTime version="6890616" id="VTR:TimetabledPassingTime:6887049_238873596_11">
                  <StopPointInJourneyPatternRef ref="VTR:StopPointInJourneyPattern:238873596" version="6890616"/>
                  <DepartureTime>07:49:00</DepartureTime>
                  <DepartureDayOffset>0</DepartureDayOffset>
                </TimetabledPassingTime>
                <TimetabledPassingTime version="6890616" id="VTR:TimetabledPassingTime:6887049_238873597_12">
                  <StopPointInJourneyPatternRef ref="VTR:StopPointInJourneyPattern:238873597" version="6890616"/>
                  <DepartureTime>07:50:00</DepartureTime>
                  <DepartureDayOffset>0</DepartureDayOffset>
                </TimetabledPassingTime>
                <TimetabledPassingTime version="6890616" id="VTR:TimetabledPassingTime:6887049_238873598_13">
                  <StopPointInJourneyPatternRef ref="VTR:StopPointInJourneyPattern:238873598" version="6890616"/>
                  <DepartureTime>07:52:00</DepartureTime>
                  <DepartureDayOffset>0</DepartureDayOffset>
                </TimetabledPassingTime>
                <TimetabledPassingTime version="6890616" id="VTR:TimetabledPassingTime:6887049_238873599_14">
                  <StopPointInJourneyPatternRef ref="VTR:StopPointInJourneyPattern:238873599" version="6890616"/>
                  <DepartureTime>07:53:00</DepartureTime>
                  <DepartureDayOffset>0</DepartureDayOffset>
                </TimetabledPassingTime>
                <TimetabledPassingTime version="6890616" id="VTR:TimetabledPassingTime:6887049_238873600_15">
                  <StopPointInJourneyPatternRef ref="VTR:StopPointInJourneyPattern:238873600" version="6890616"/>
                  <DepartureTime>07:56:00</DepartureTime>
                  <DepartureDayOffset>0</DepartureDayOffset>
                </TimetabledPassingTime>
                <TimetabledPassingTime version="6890616" id="VTR:TimetabledPassingTime:6887049_238873601_16">
                  <StopPointInJourneyPatternRef ref="VTR:StopPointInJourneyPattern:238873601" version="6890616"/>
                  <DepartureTime>07:57:00</DepartureTime>
                  <DepartureDayOffset>0</DepartureDayOffset>
                </TimetabledPassingTime>
                <TimetabledPassingTime version="6890616" id="VTR:TimetabledPassingTime:6887049_238873602_17">
                  <StopPointInJourneyPatternRef ref="VTR:StopPointInJourneyPattern:238873602" version="6890616"/>
                  <DepartureTime>07:58:00</DepartureTime>
                  <DepartureDayOffset>0</DepartureDayOffset>
                </TimetabledPassingTime>
                <TimetabledPassingTime version="6890616" id="VTR:TimetabledPassingTime:6887049_238873603_18">
                  <StopPointInJourneyPatternRef ref="VTR:StopPointInJourneyPattern:238873603" version="6890616"/>
                  <DepartureTime>08:03:00</DepartureTime>
                  <DepartureDayOffset>0</DepartureDayOffset>
                </TimetabledPassingTime>
                <TimetabledPassingTime version="6890616" id="VTR:TimetabledPassingTime:6887049_238873604_19">
                  <StopPointInJourneyPatternRef ref="VTR:StopPointInJourneyPattern:238873604" version="6890616"/>
                  <DepartureTime>08:05:00</DepartureTime>
                  <DepartureDayOffset>0</DepartureDayOffset>
                </TimetabledPassingTime>
                <TimetabledPassingTime version="6890616" id="VTR:TimetabledPassingTime:6887049_238873605_20">
                  <StopPointInJourneyPatternRef ref="VTR:StopPointInJourneyPattern:238873605" version="6890616"/>
                  <DepartureTime>08:09:00</DepartureTime>
                  <DepartureDayOffset>0</DepartureDayOffset>
                </TimetabledPassingTime>
                <TimetabledPassingTime version="6890616" id="VTR:TimetabledPassingTime:6887049_238873606_21">
                  <StopPointInJourneyPatternRef ref="VTR:StopPointInJourneyPattern:238873606" version="6890616"/>
                  <DepartureTime>08:11:00</DepartureTime>
                  <DepartureDayOffset>0</DepartureDayOffset>
                </TimetabledPassingTime>
                <TimetabledPassingTime version="6890616" id="VTR:TimetabledPassingTime:6887049_238873607_22">
                  <StopPointInJourneyPatternRef ref="VTR:StopPointInJourneyPattern:238873607" version="6890616"/>
                  <DepartureTime>08:13:00</DepartureTime>
                  <DepartureDayOffset>0</DepartureDayOffset>
                </TimetabledPassingTime>
                <TimetabledPassingTime version="6890616" id="VTR:TimetabledPassingTime:6887049_238873608_23">
                  <StopPointInJourneyPatternRef ref="VTR:StopPointInJourneyPattern:238873608" version="6890616"/>
                  <DepartureTime>08:14:00</DepartureTime>
                  <DepartureDayOffset>0</DepartureDayOffset>
                </TimetabledPassingTime>
                <TimetabledPassingTime version="6890616" id="VTR:TimetabledPassingTime:6887049_238873609_24">
                  <StopPointInJourneyPatternRef ref="VTR:StopPointInJourneyPattern:238873609" version="6890616"/>
                  <DepartureTime>08:15:00</DepartureTime>
                  <DepartureDayOffset>0</DepartureDayOffset>
                </TimetabledPassingTime>
              </passingTimes>
            </ServiceJourney>
            <ServiceJourney version="6890618" id="VTR:ServiceJourney:6887051">
              <Name>kaunas_bus_27G_a-b</Name>
              <dayTypes>
                <DayTypeRef ref="VTR:DayType:37127"/>
              </dayTypes>
              <JourneyPatternRef version="6890618" ref="VTR:JourneyPattern:6887051"/>
              <OperatorRef ref="VTR:Operator:81"/>
              <LineRef ref="VTR:Line:8788" version="11542"/>
              <passingTimes>
                <TimetabledPassingTime version="6890618" id="VTR:TimetabledPassingTime:6887051_238874564_1">
                  <StopPointInJourneyPatternRef ref="VTR:StopPointInJourneyPattern:238874564" version="6890618"/>
                  <DepartureTime>06:58:00</DepartureTime>
                  <DepartureDayOffset>0</DepartureDayOffset>
                </TimetabledPassingTime>
                <TimetabledPassingTime version="6890618" id="VTR:TimetabledPassingTime:6887051_238874565_2">
                  <StopPointInJourneyPatternRef ref="VTR:StopPointInJourneyPattern:238874565" version="6890618"/>
                  <DepartureTime>06:59:00</DepartureTime>
                  <DepartureDayOffset>0</DepartureDayOffset>
                </TimetabledPassingTime>
                <TimetabledPassingTime version="6890618" id="VTR:TimetabledPassingTime:6887051_238874566_3">
                  <StopPointInJourneyPatternRef ref="VTR:StopPointInJourneyPattern:238874566" version="6890618"/>
                  <DepartureTime>07:01:00</DepartureTime>
                  <DepartureDayOffset>0</DepartureDayOffset>
                </TimetabledPassingTime>
                <TimetabledPassingTime version="6890618" id="VTR:TimetabledPassingTime:6887051_238874567_4">
                  <StopPointInJourneyPatternRef ref="VTR:StopPointInJourneyPattern:238874567" version="6890618"/>
                  <DepartureTime>07:03:00</DepartureTime>
                  <DepartureDayOffset>0</DepartureDayOffset>
                </TimetabledPassingTime>
                <TimetabledPassingTime version="6890618" id="VTR:TimetabledPassingTime:6887051_238874568_5">
                  <StopPointInJourneyPatternRef ref="VTR:StopPointInJourneyPattern:238874568" version="6890618"/>
                  <DepartureTime>07:05:00</DepartureTime>
                  <DepartureDayOffset>0</DepartureDayOffset>
                </TimetabledPassingTime>
                <TimetabledPassingTime version="6890618" id="VTR:TimetabledPassingTime:6887051_238874569_6">
                  <StopPointInJourneyPatternRef ref="VTR:StopPointInJourneyPattern:238874569" version="6890618"/>
                  <DepartureTime>07:06:00</DepartureTime>
                  <DepartureDayOffset>0</DepartureDayOffset>
                </TimetabledPassingTime>
                <TimetabledPassingTime version="6890618" id="VTR:TimetabledPassingTime:6887051_238874570_7">
                  <StopPointInJourneyPatternRef ref="VTR:StopPointInJourneyPattern:238874570" version="6890618"/>
                  <DepartureTime>07:07:00</DepartureTime>
                  <DepartureDayOffset>0</DepartureDayOffset>
                </TimetabledPassingTime>
                <TimetabledPassingTime version="6890618" id="VTR:TimetabledPassingTime:6887051_238874571_8">
                  <StopPointInJourneyPatternRef ref="VTR:StopPointInJourneyPattern:238874571" version="6890618"/>
                  <DepartureTime>07:11:00</DepartureTime>
                  <DepartureDayOffset>0</DepartureDayOffset>
                </TimetabledPassingTime>
                <TimetabledPassingTime version="6890618" id="VTR:TimetabledPassingTime:6887051_238874572_9">
                  <StopPointInJourneyPatternRef ref="VTR:StopPointInJourneyPattern:238874572" version="6890618"/>
                  <DepartureTime>07:16:00</DepartureTime>
                  <DepartureDayOffset>0</DepartureDayOffset>
                </TimetabledPassingTime>
                <TimetabledPassingTime version="6890618" id="VTR:TimetabledPassingTime:6887051_238874573_10">
                  <StopPointInJourneyPatternRef ref="VTR:StopPointInJourneyPattern:238874573" version="6890618"/>
                  <DepartureTime>07:19:00</DepartureTime>
                  <DepartureDayOffset>0</DepartureDayOffset>
                </TimetabledPassingTime>
                <TimetabledPassingTime version="6890618" id="VTR:TimetabledPassingTime:6887051_238874574_11">
                  <StopPointInJourneyPatternRef ref="VTR:StopPointInJourneyPattern:238874574" version="6890618"/>
                  <DepartureTime>07:22:00</DepartureTime>
                  <DepartureDayOffset>0</DepartureDayOffset>
                </TimetabledPassingTime>
                <TimetabledPassingTime version="6890618" id="VTR:TimetabledPassingTime:6887051_238874575_12">
                  <StopPointInJourneyPatternRef ref="VTR:StopPointInJourneyPattern:238874575" version="6890618"/>
                  <DepartureTime>07:23:00</DepartureTime>
                  <DepartureDayOffset>0</DepartureDayOffset>
                </TimetabledPassingTime>
                <TimetabledPassingTime version="6890618" id="VTR:TimetabledPassingTime:6887051_238874576_13">
                  <StopPointInJourneyPatternRef ref="VTR:StopPointInJourneyPattern:238874576" version="6890618"/>
                  <DepartureTime>07:25:00</DepartureTime>
                  <DepartureDayOffset>0</DepartureDayOffset>
                </TimetabledPassingTime>
                <TimetabledPassingTime version="6890618" id="VTR:TimetabledPassingTime:6887051_238874577_14">
                  <StopPointInJourneyPatternRef ref="VTR:StopPointInJourneyPattern:238874577" version="6890618"/>
                  <DepartureTime>07:26:00</DepartureTime>
                  <DepartureDayOffset>0</DepartureDayOffset>
                </TimetabledPassingTime>
                <TimetabledPassingTime version="6890618" id="VTR:TimetabledPassingTime:6887051_238874578_15">
                  <StopPointInJourneyPatternRef ref="VTR:StopPointInJourneyPattern:238874578" version="6890618"/>
                  <DepartureTime>07:28:00</DepartureTime>
                  <DepartureDayOffset>0</DepartureDayOffset>
                </TimetabledPassingTime>
                <TimetabledPassingTime version="6890618" id="VTR:TimetabledPassingTime:6887051_238874579_16">
                  <StopPointInJourneyPatternRef ref="VTR:StopPointInJourneyPattern:238874579" version="6890618"/>
                  <DepartureTime>07:29:00</DepartureTime>
                  <DepartureDayOffset>0</DepartureDayOffset>
                </TimetabledPassingTime>
                <TimetabledPassingTime version="6890618" id="VTR:TimetabledPassingTime:6887051_238874580_17">
                  <StopPointInJourneyPatternRef ref="VTR:StopPointInJourneyPattern:238874580" version="6890618"/>
                  <DepartureTime>07:30:00</DepartureTime>
                  <DepartureDayOffset>0</DepartureDayOffset>
                </TimetabledPassingTime>
                <TimetabledPassingTime version="6890618" id="VTR:TimetabledPassingTime:6887051_238874581_18">
                  <StopPointInJourneyPatternRef ref="VTR:StopPointInJourneyPattern:238874581" version="6890618"/>
                  <DepartureTime>07:35:00</DepartureTime>
                  <DepartureDayOffset>0</DepartureDayOffset>
                </TimetabledPassingTime>
                <TimetabledPassingTime version="6890618" id="VTR:TimetabledPassingTime:6887051_238874582_19">
                  <StopPointInJourneyPatternRef ref="VTR:StopPointInJourneyPattern:238874582" version="6890618"/>
                  <DepartureTime>07:37:00</DepartureTime>
                  <DepartureDayOffset>0</DepartureDayOffset>
                </TimetabledPassingTime>
                <TimetabledPassingTime version="6890618" id="VTR:TimetabledPassingTime:6887051_238874583_20">
                  <StopPointInJourneyPatternRef ref="VTR:StopPointInJourneyPattern:238874583" version="6890618"/>
                  <DepartureTime>07:42:00</DepartureTime>
                  <DepartureDayOffset>0</DepartureDayOffset>
                </TimetabledPassingTime>
                <TimetabledPassingTime version="6890618" id="VTR:TimetabledPassingTime:6887051_238874584_21">
                  <StopPointInJourneyPatternRef ref="VTR:StopPointInJourneyPattern:238874584" version="6890618"/>
                  <DepartureTime>07:44:00</DepartureTime>
                  <DepartureDayOffset>0</DepartureDayOffset>
                </TimetabledPassingTime>
                <TimetabledPassingTime version="6890618" id="VTR:TimetabledPassingTime:6887051_238874585_22">
                  <StopPointInJourneyPatternRef ref="VTR:StopPointInJourneyPattern:238874585" version="6890618"/>
                  <DepartureTime>07:46:00</DepartureTime>
                  <DepartureDayOffset>0</DepartureDayOffset>
                </TimetabledPassingTime>
                <TimetabledPassingTime version="6890618" id="VTR:TimetabledPassingTime:6887051_238874586_23">
                  <StopPointInJourneyPatternRef ref="VTR:StopPointInJourneyPattern:238874586" version="6890618"/>
                  <DepartureTime>07:47:00</DepartureTime>
                  <DepartureDayOffset>0</DepartureDayOffset>
                </TimetabledPassingTime>
                <TimetabledPassingTime version="6890618" id="VTR:TimetabledPassingTime:6887051_238874587_24">
                  <StopPointInJourneyPatternRef ref="VTR:StopPointInJourneyPattern:238874587" version="6890618"/>
                  <DepartureTime>07:48:00</DepartureTime>
                  <DepartureDayOffset>0</DepartureDayOffset>
                </TimetabledPassingTime>
              </passingTimes>
            </ServiceJourney>
          </vehicleJourneys>
        </TimetableFrame>
        <ResourceFrame version="1" id="VTR:ResourceFrame:1148">
          <organisations>
            <Authority version="1" id="VTR:Authority:62">
              <CompanyNumber>19</CompanyNumber>
              <Name>Kauno m. sav.</Name>
              <LegalName>Kauno m. sav.</LegalName>
              <ContactDetails>
                <Email>info@kaunas.lt</Email>
                <Phone>837422608</Phone>
                <Url>www.kaunas.lt</Url>
              </ContactDetails>
              <OrganisationType>authority</OrganisationType>
            </Authority>
          </organisations>
        </ResourceFrame>
        <FareFrame id="VTR:FareFrame:8788" version="1">
          <FrameDefaults>
            <DefaultCurrency>EUR</DefaultCurrency>
          </FrameDefaults>
          <usageParameters>
            <RoundTrip id="VTR:RoundTrip:single" version="1">
              <Name>Single</Name>
              <TripType>single</TripType>
            </RoundTrip>
            <FrequencyOfUse id="VTR:FrequencyOfUse:once" version="1">
              <Name>Once</Name>
              <MaximalFrequency>1</MaximalFrequency>
            </FrequencyOfUse>
          </usageParameters>
          <priceGroups>
            <PriceGroup id="VTR:PriceGroup:PG01" version="1">
              <Name>Flat Fare Products - Standard</Name>
              <members>
                <FareProductPrice id="VTR:FareProductPrice:standard" version="1">
                  <Name>Single fare</Name>
                  <Amount>0.7</Amount>
                  <Currency>EUR</Currency>
                </FareProductPrice>
              </members>
            </PriceGroup>
          </priceGroups>
        </FareFrame>
      </frames>
    </CompositeFrame>
  </dataObjects>
</PublicationDelivery>
