<?xml version="1.0" encoding="UTF-8"?><PublicationDelivery xmlns="http://www.netex.org.uk/netex" xmlns:gis="http://www.opengis.net/gml/3.2" xmlns:ns2="http://www.opengis.net/gml/3.2" xmlns:ns3="http://www.siri.org.uk/siri" xmlns:xsi="http://www.w3.org/2001/XMLSchema-instance" version="1" xsi:schemaLocation="">
  <PublicationTimestamp>2022-04-02T00:10:00.391</PublicationTimestamp>
  <ParticipantRef>VTR</ParticipantRef>
  <Description>1</Description>
  <dataObjects>
    <CompositeFrame created="2022-04-02T00:10:00.391" version="1" id="VTR:CompositeFrame:1143">
      <validityConditions>
        <AvailabilityCondition version="1" id="VTR:AvailabilityCondition:1143">
          <FromDate>2015-06-17T13:30:17</FromDate>
          <ToDate>2030-12-31T00:00:00</ToDate>
        </AvailabilityCondition>
      </validityConditions>
      <codespaces>
        <Codespace id="vtr">
          <Xmlns>VTR</Xmlns>
          <XmlnsUrl>http://www.visimarsrutai.lt/</XmlnsUrl>
        </Codespace>
      </codespaces>
      <FrameDefaults>
        <DefaultLocale>
          <TimeZone>Europe/Vilnius</TimeZone>
        </DefaultLocale>
        <DefaultLocationSystem>WGS84</DefaultLocationSystem>
      </FrameDefaults>
      <frames>
        <ServiceCalendarFrame version="1" id="VTR:ServiceCalendarFrame:1143">
          <dayTypes>
            <DayType id="VTR:DayType:273" version="1">
              <properties>
                <PropertyOfDay>
                  <DaysOfWeek>Wednesday Thursday</DaysOfWeek>
                </PropertyOfDay>
              </properties>
            </DayType>
          </dayTypes>
          <operatingPeriods>
            <OperatingPeriod version="1" id="VTR:OperatingPeriod:273">
              <FromDate>2015-06-17T00:00:00</FromDate>
              <ToDate>2023-05-31T00:00:00</ToDate>
            </OperatingPeriod>
          </operatingPeriods>
          <dayTypeAssignments>
            <DayTypeAssignment id="VTR:DayTypeAssignment:273_0" version="1" order="353">
              <OperatingPeriodRef ref="VTR:OperatingPeriod:273" version="1"/>
              <DayTypeRef ref="VTR:DayType:273" version="1"/>
            </DayTypeAssignment>
          </dayTypeAssignments>
        </ServiceCalendarFrame>
        <ServiceFrame id="VTR:ServiceFrame:1143" version="1">
          <Network version="0" id="VTR:Network:56"/>
          <routePoints>
            <RoutePoint version="1" id="VTR:RoutePoint:27782">
              <projections>
                <PointProjection version="1" id="VTR:PointProjection:8337">
                  <ProjectedPointRef ref="VTR:ScheduledStopPoint:27782" version="1"/>
                </PointProjection>
              </projections>
            </RoutePoint>
            <RoutePoint version="1" id="VTR:RoutePoint:27783">
              <projections>
                <PointProjection version="1" id="VTR:PointProjection:8338">
                  <ProjectedPointRef ref="VTR:ScheduledStopPoint:27783" version="1"/>
                </PointProjection>
              </projections>
            </RoutePoint>
            <RoutePoint version="1" id="VTR:RoutePoint:27784">
              <projections>
                <PointProjection version="1" id="VTR:PointProjection:8339">
                  <ProjectedPointRef ref="VTR:ScheduledStopPoint:27784" version="1"/>
                </PointProjection>
              </projections>
            </RoutePoint>
            <RoutePoint version="1" id="VTR:RoutePoint:27785">
              <projections>
                <PointProjection version="1" id="VTR:PointProjection:8340">
                  <ProjectedPointRef ref="VTR:ScheduledStopPoint:27785" version="1"/>
                </PointProjection>
              </projections>
            </RoutePoint>
            <RoutePoint version="1" id="VTR:RoutePoint:27786">
              <projections>
                <PointProjection version="1" id="VTR:PointProjection:8341">
                  <ProjectedPointRef ref="VTR:ScheduledStopPoint:27786" version="1"/>
                </PointProjection>
              </projections>
            </RoutePoint>
            <RoutePoint version="1" id="VTR:RoutePoint:47008">
              <projections>
                <PointProjection version="1" id="VTR:PointProjection:15477">
                  <ProjectedPointRef ref="VTR:ScheduledStopPoint:47008" version="1"/>
                </PointProjection>
              </projections>
            </RoutePoint>
            <RoutePoint version="1" id="VTR:RoutePoint:47009">
              <projections>
                <PointProjection version="1" id="VTR:PointProjection:15478">
                  <ProjectedPointRef ref="VTR:ScheduledStopPoint:47009" version="1"/>
                </PointProjection>
              </projections>
            </RoutePoint>
            <RoutePoint version="1" id="VTR:RoutePoint:47010">
              <projections>
                <PointProjection version="1" id="VTR:PointProjection:15479">
                  <ProjectedPointRef ref="VTR:ScheduledStopPoint:47010" version="1"/>
                </PointProjection>
              </projections>
            </RoutePoint>
            <RoutePoint version="1" id="VTR:RoutePoint:47011">
              <projections>
                <PointProjection version="1" id="VTR:PointProjection:15480">
                  <ProjectedPointRef ref="VTR:ScheduledStopPoint:47011" version="1"/>
                </PointProjection>
              </projections>
            </RoutePoint>
            <RoutePoint version="1" id="VTR:RoutePoint:47012">
              <projections>
                <PointProjection version="1" id="VTR:PointProjection:15481">
                  <ProjectedPointRef ref="VTR:ScheduledStopPoint:47012" version="1"/>
                </PointProjection>
              </projections>
            </RoutePoint>
          </routePoints>
          <routes>
            <Route version="1" id="VTR:Route:2899">
              <Name>Kazitiškis- Ignalina</Name>
              <ShortName>Kazitiškis- Ignalina</ShortName>
              <LineRef ref="VTR:Line:840" version="825"/>
              <DirectionType>inbound</DirectionType>
              <pointsInSequence>
                <PointOnRoute version="1" id="VTR:PointOnRoute:47008" order="1">
                  <RoutePointRef ref="VTR:RoutePoint:47008"/>
                </PointOnRoute>
                <PointOnRoute version="1" id="VTR:PointOnRoute:47009" order="2">
                  <RoutePointRef ref="VTR:RoutePoint:47009"/>
                </PointOnRoute>
                <PointOnRoute version="1" id="VTR:PointOnRoute:47010" order="3">
                  <RoutePointRef ref="VTR:RoutePoint:47010"/>
                </PointOnRoute>
                <PointOnRoute version="1" id="VTR:PointOnRoute:47011" order="4">
                  <RoutePointRef ref="VTR:RoutePoint:47011"/>
                </PointOnRoute>
                <PointOnRoute version="1" id="VTR:PointOnRoute:47012" order="5">
                  <RoutePointRef ref="VTR:RoutePoint:47012"/>
                </PointOnRoute>
              </pointsInSequence>
            </Route>
            <Route version="1" id="VTR:Route:2184">
              <Name>Ignalina- Kazitiškis</Name>
              <ShortName>Ignalina- Kazitiškis</ShortName>
              <LineRef ref="VTR:Line:840" version="825"/>
              <DirectionType>outbound</DirectionType>
              <pointsInSequence>
                <PointOnRoute version="1" id="VTR:PointOnRoute:27782" order="1">
                  <RoutePointRef ref="VTR:RoutePoint:27782"/>
                </PointOnRoute>
                <PointOnRoute version="1" id="VTR:PointOnRoute:27783" order="2">
                  <RoutePointRef ref="VTR:RoutePoint:27783"/>
                </PointOnRoute>
                <PointOnRoute version="1" id="VTR:PointOnRoute:27784" order="3">
                  <RoutePointRef ref="VTR:RoutePoint:27784"/>
                </PointOnRoute>
                <PointOnRoute version="1" id="VTR:PointOnRoute:27785" order="4">
                  <RoutePointRef ref="VTR:RoutePoint:27785"/>
                </PointOnRoute>
                <PointOnRoute version="1" id="VTR:PointOnRoute:27786" order="5">
                  <RoutePointRef ref="VTR:RoutePoint:27786"/>
                </PointOnRoute>
              </pointsInSequence>
            </Route>
          </routes>
          <lines>
            <Line version="825" id="VTR:Line:840">
              <Name>Ignalina- Kazitiškis</Name>
              <TransportMode>bus</TransportMode>
              <TransportSubmode>
                <BusSubmode>regionalBus</BusSubmode>
              </TransportSubmode>
              <PublicCode>55</PublicCode>
              <OperatorRef ref="VTR:Operator:56"/>
            </Line>
          </lines>
          <scheduledStopPoints>
            <ScheduledStopPoint version="1" id="VTR:ScheduledStopPoint:27782">
              <Name>Ignalinos autobusų stotis</Name>
            </ScheduledStopPoint>
            <ScheduledStopPoint version="1" id="VTR:ScheduledStopPoint:27783">
              <Name>Kylatrakis</Name>
            </ScheduledStopPoint>
            <ScheduledStopPoint version="1" id="VTR:ScheduledStopPoint:27784">
              <Name>Aza</Name>
            </ScheduledStopPoint>
            <ScheduledStopPoint version="1" id="VTR:ScheduledStopPoint:27785">
              <Name>Pašvoginė</Name>
            </ScheduledStopPoint>
            <ScheduledStopPoint version="1" id="VTR:ScheduledStopPoint:27786">
              <Name>Kazitiškis</Name>
            </ScheduledStopPoint>
            <ScheduledStopPoint version="1" id="VTR:ScheduledStopPoint:47008">
              <Name>Kazitiškis</Name>
            </ScheduledStopPoint>
            <ScheduledStopPoint version="1" id="VTR:ScheduledStopPoint:47009">
              <Name>Pašvoginė</Name>
            </ScheduledStopPoint>
            <ScheduledStopPoint version="1" id="VTR:ScheduledStopPoint:47010">
              <Name>Aza</Name>
            </ScheduledStopPoint>
            <ScheduledStopPoint version="1" id="VTR:ScheduledStopPoint:47011">
              <Name>Kylatrakis</Name>
            </ScheduledStopPoint>
            <ScheduledStopPoint version="1" id="VTR:ScheduledStopPoint:47012">
              <Name>Ignalinos autobusų stotis</Name>
            </ScheduledStopPoint>
          </scheduledStopPoints>
          <serviceLinks>
            <ServiceLink id="VTR:ServiceLink:27782_1_27783_1" version="1">
              <Distance>5</Distance>
              <FromPointRef ref="VTR:ScheduledStopPoint:27782" version="1"/>
              <ToPointRef ref="VTR:ScheduledStopPoint:27783" version="1"/>
            </ServiceLink>
            <ServiceLink id="VTR:ServiceLink:27784_1_27785_1" version="1">
              <Distance>2</Distance>
              <FromPointRef ref="VTR:ScheduledStopPoint:27784" version="1"/>
              <ToPointRef ref="VTR:ScheduledStopPoint:27785" version="1"/>
            </ServiceLink>
            <ServiceLink id="VTR:ServiceLink:27785_1_27786_1" version="1">
              <Distance>3</Distance>
              <FromPointRef ref="VTR:ScheduledStopPoint:27785" version="1"/>
              <ToPointRef ref="VTR:ScheduledStopPoint:27786" version="1"/>
            </ServiceLink>
            <ServiceLink id="VTR:ServiceLink:47011_1_47012_1" version="1">
              <Distance>4</Distance>
              <FromPointRef ref="VTR:ScheduledStopPoint:47011" version="1"/>
              <ToPointRef ref="VTR:ScheduledStopPoint:47012" version="1"/>
            </ServiceLink>
            <ServiceLink id="VTR:ServiceLink:47009_1_47010_1" version="1">
              <Distance>2</Distance>
              <FromPointRef ref="VTR:ScheduledStopPoint:47009" version="1"/>
              <ToPointRef ref="VTR:ScheduledStopPoint:47010" version="1"/>
            </ServiceLink>
            <ServiceLink id="VTR:ServiceLink:27783_1_27784_1" version="1">
              <Distance>1</Distance>
              <FromPointRef ref="VTR:ScheduledStopPoint:27783" version="1"/>
              <ToPointRef ref="VTR:ScheduledStopPoint:27784" version="1"/>
            </ServiceLink>
            <ServiceLink id="VTR:ServiceLink:47010_1_47011_1" version="1">
              <Distance>1</Distance>
              <FromPointRef ref="VTR:ScheduledStopPoint:47010" version="1"/>
              <ToPointRef ref="VTR:ScheduledStopPoint:47011" version="1"/>
            </ServiceLink>
            <ServiceLink id="VTR:ServiceLink:47008_1_47009_1" version="1">
              <Distance>3</Distance>
              <FromPointRef ref="VTR:ScheduledStopPoint:47008" version="1"/>
              <ToPointRef ref="VTR:ScheduledStopPoint:47009" version="1"/>
            </ServiceLink>
          </serviceLinks>
          <stopAssignments>
            <PassengerStopAssignment order="218400000" id="VTR:PassengerStopAssignment:27782" version="1">
              <ScheduledStopPointRef ref="VTR:ScheduledStopPoint:27782" version="1"/>
              <QuayRef ref="VTR:Quay:19453"/>
            </PassengerStopAssignment>
            <PassengerStopAssignment order="218400001" id="VTR:PassengerStopAssignment:27783" version="1">
              <ScheduledStopPointRef ref="VTR:ScheduledStopPoint:27783" version="1"/>
              <QuayRef ref="VTR:Quay:8367"/>
            </PassengerStopAssignment>
            <PassengerStopAssignment order="218400002" id="VTR:PassengerStopAssignment:27784" version="1">
              <ScheduledStopPointRef ref="VTR:ScheduledStopPoint:27784" version="1"/>
              <QuayRef ref="VTR:Quay:12255"/>
            </PassengerStopAssignment>
            <PassengerStopAssignment order="218400003" id="VTR:PassengerStopAssignment:27785" version="1">
              <ScheduledStopPointRef ref="VTR:ScheduledStopPoint:27785" version="1"/>
              <QuayRef ref="VTR:Quay:12315"/>
            </PassengerStopAssignment>
            <PassengerStopAssignment order="218400004" id="VTR:PassengerStopAssignment:27786" version="1">
              <ScheduledStopPointRef ref="VTR:ScheduledStopPoint:27786" version="1"/>
              <QuayRef ref="VTR:Quay:5438"/>
            </PassengerStopAssignment>
            <PassengerStopAssignment order="289900000" id="VTR:PassengerStopAssignment:47008" version="1">
              <ScheduledStopPointRef ref="VTR:ScheduledStopPoint:47008" version="1"/>
              <QuayRef ref="VTR:Quay:12335"/>
            </PassengerStopAssignment>
            <PassengerStopAssignment order="289900001" id="VTR:PassengerStopAssignment:47009" version="1">
              <ScheduledStopPointRef ref="VTR:ScheduledStopPoint:47009" version="1"/>
              <QuayRef ref="VTR:Quay:5421"/>
            </PassengerStopAssignment>
            <PassengerStopAssignment order="289900002" id="VTR:PassengerStopAssignment:47010" version="1">
              <ScheduledStopPointRef ref="VTR:ScheduledStopPoint:47010" version="1"/>
              <QuayRef ref="VTR:Quay:8328"/>
            </PassengerStopAssignment>
            <PassengerStopAssignment order="289900003" id="VTR:PassengerStopAssignment:47011" version="1">
              <ScheduledStopPointRef ref="VTR:ScheduledStopPoint:47011" version="1"/>
              <QuayRef ref="VTR:Quay:5403"/>
            </PassengerStopAssignment>
            <PassengerStopAssignment order="289900004" id="VTR:PassengerStopAssignment:47012" version="1">
              <ScheduledStopPointRef ref="VTR:ScheduledStopPoint:47012" version="1"/>
              <QuayRef ref="VTR:Quay:19453"/>
            </PassengerStopAssignment>
          </stopAssignments>
          <journeyPatterns>
            <JourneyPattern id="VTR:JourneyPattern:43448" version="43409">
              <Name>1</Name>
              <RouteRef ref="VTR:Route:2184" version="1"/>
              <pointsInSequence>
                <StopPointInJourneyPattern id="VTR:StopPointInJourneyPattern:917881" version="43409" order="1">
                  <ScheduledStopPointRef ref="VTR:ScheduledStopPoint:27782"/>
                  <DestinationDisplayRef ref="VTR:DestinationDisplay:1"/>
                </StopPointInJourneyPattern>
                <StopPointInJourneyPattern id="VTR:StopPointInJourneyPattern:917882" version="43409" order="2">
                  <ScheduledStopPointRef ref="VTR:ScheduledStopPoint:27783"/>
                  <DestinationDisplayRef ref="VTR:DestinationDisplay:1"/>
                </StopPointInJourneyPattern>
                <StopPointInJourneyPattern id="VTR:StopPointInJourneyPattern:917883" version="43409" order="3">
                  <ScheduledStopPointRef ref="VTR:ScheduledStopPoint:27784"/>
                  <DestinationDisplayRef ref="VTR:DestinationDisplay:1"/>
                </StopPointInJourneyPattern>
                <StopPointInJourneyPattern id="VTR:StopPointInJourneyPattern:917884" version="43409" order="4">
                  <ScheduledStopPointRef ref="VTR:ScheduledStopPoint:27785"/>
                  <DestinationDisplayRef ref="VTR:DestinationDisplay:1"/>
                </StopPointInJourneyPattern>
                <StopPointInJourneyPattern id="VTR:StopPointInJourneyPattern:917885" version="43409" order="5">
                  <ScheduledStopPointRef ref="VTR:ScheduledStopPoint:27786"/>
                  <DestinationDisplayRef ref="VTR:DestinationDisplay:1"/>
                </StopPointInJourneyPattern>
              </pointsInSequence>
            </JourneyPattern>
            <JourneyPattern id="VTR:JourneyPattern:43461" version="43422">
              <Name>2</Name>
              <RouteRef ref="VTR:Route:2899" version="1"/>
              <pointsInSequence>
                <StopPointInJourneyPattern id="VTR:StopPointInJourneyPattern:918036" version="43422" order="1">
                  <ScheduledStopPointRef ref="VTR:ScheduledStopPoint:47008"/>
                  <DestinationDisplayRef ref="VTR:DestinationDisplay:1"/>
                </StopPointInJourneyPattern>
                <StopPointInJourneyPattern id="VTR:StopPointInJourneyPattern:918037" version="43422" order="2">
                  <ScheduledStopPointRef ref="VTR:ScheduledStopPoint:47009"/>
                  <DestinationDisplayRef ref="VTR:DestinationDisplay:1"/>
                </StopPointInJourneyPattern>
                <StopPointInJourneyPattern id="VTR:StopPointInJourneyPattern:918038" version="43422" order="3">
                  <ScheduledStopPointRef ref="VTR:ScheduledStopPoint:47010"/>
                  <DestinationDisplayRef ref="VTR:DestinationDisplay:1"/>
                </StopPointInJourneyPattern>
                <StopPointInJourneyPattern id="VTR:StopPointInJourneyPattern:918039" version="43422" order="4">
                  <ScheduledStopPointRef ref="VTR:ScheduledStopPoint:47011"/>
                  <DestinationDisplayRef ref="VTR:DestinationDisplay:1"/>
                </StopPointInJourneyPattern>
                <StopPointInJourneyPattern id="VTR:StopPointInJourneyPattern:918040" version="43422" order="5">
                  <ScheduledStopPointRef ref="VTR:ScheduledStopPoint:47012"/>
                  <DestinationDisplayRef ref="VTR:DestinationDisplay:1"/>
                </StopPointInJourneyPattern>
              </pointsInSequence>
            </JourneyPattern>
          </journeyPatterns>
        </ServiceFrame>
        <TimetableFrame version="1" id="VTR:TimetableFrame:1143">
          <vehicleJourneys>
            <ServiceJourney version="43409" id="VTR:ServiceJourney:43448">
              <Name>Ignalina- Kazitiškis</Name>
              <PrivateCode>1</PrivateCode>
              <dayTypes>
                <DayTypeRef ref="VTR:DayType:273"/>
              </dayTypes>
              <JourneyPatternRef version="43409" ref="VTR:JourneyPattern:43448"/>
              <OperatorRef ref="VTR:Operator:463"/>
              <LineRef ref="VTR:Line:840" version="825"/>
              <passingTimes>
                <TimetabledPassingTime version="43409" id="VTR:TimetabledPassingTime:43448_917881_1">
                  <StopPointInJourneyPatternRef ref="VTR:StopPointInJourneyPattern:917881" version="43409"/>
                  <DepartureTime>14:50:00</DepartureTime>
                  <DepartureDayOffset>0</DepartureDayOffset>
                </TimetabledPassingTime>
                <TimetabledPassingTime version="43409" id="VTR:TimetabledPassingTime:43448_917882_2">
                  <StopPointInJourneyPatternRef ref="VTR:StopPointInJourneyPattern:917882" version="43409"/>
                  <DepartureTime>14:58:00</DepartureTime>
                  <DepartureDayOffset>0</DepartureDayOffset>
                </TimetabledPassingTime>
                <TimetabledPassingTime version="43409" id="VTR:TimetabledPassingTime:43448_917883_3">
                  <StopPointInJourneyPatternRef ref="VTR:StopPointInJourneyPattern:917883" version="43409"/>
                  <DepartureTime>15:00:00</DepartureTime>
                  <DepartureDayOffset>0</DepartureDayOffset>
                </TimetabledPassingTime>
                <TimetabledPassingTime version="43409" id="VTR:TimetabledPassingTime:43448_917884_4">
                  <StopPointInJourneyPatternRef ref="VTR:StopPointInJourneyPattern:917884" version="43409"/>
                  <DepartureTime>15:05:00</DepartureTime>
                  <DepartureDayOffset>0</DepartureDayOffset>
                </TimetabledPassingTime>
                <TimetabledPassingTime version="43409" id="VTR:TimetabledPassingTime:43448_917885_5">
                  <StopPointInJourneyPatternRef ref="VTR:StopPointInJourneyPattern:917885" version="43409"/>
                  <DepartureTime>15:12:00</DepartureTime>
                  <DepartureDayOffset>0</DepartureDayOffset>
                </TimetabledPassingTime>
              </passingTimes>
            </ServiceJourney>
            <ServiceJourney version="43422" id="VTR:ServiceJourney:43461">
              <Name>Kazitiškis- Ignalina</Name>
              <PrivateCode>2</PrivateCode>
              <dayTypes>
                <DayTypeRef ref="VTR:DayType:273"/>
              </dayTypes>
              <JourneyPatternRef version="43422" ref="VTR:JourneyPattern:43461"/>
              <OperatorRef ref="VTR:Operator:463"/>
              <LineRef ref="VTR:Line:840" version="825"/>
              <passingTimes>
                <TimetabledPassingTime version="43422" id="VTR:TimetabledPassingTime:43461_918036_1">
                  <StopPointInJourneyPatternRef ref="VTR:StopPointInJourneyPattern:918036" version="43422"/>
                  <DepartureTime>15:15:00</DepartureTime>
                  <DepartureDayOffset>0</DepartureDayOffset>
                </TimetabledPassingTime>
                <TimetabledPassingTime version="43422" id="VTR:TimetabledPassingTime:43461_918037_2">
                  <StopPointInJourneyPatternRef ref="VTR:StopPointInJourneyPattern:918037" version="43422"/>
                  <DepartureTime>15:20:00</DepartureTime>
                  <DepartureDayOffset>0</DepartureDayOffset>
                </TimetabledPassingTime>
                <TimetabledPassingTime version="43422" id="VTR:TimetabledPassingTime:43461_918038_3">
                  <StopPointInJourneyPatternRef ref="VTR:StopPointInJourneyPattern:918038" version="43422"/>
                  <DepartureTime>15:24:00</DepartureTime>
                  <DepartureDayOffset>0</DepartureDayOffset>
                </TimetabledPassingTime>
                <TimetabledPassingTime version="43422" id="VTR:TimetabledPassingTime:43461_918039_4">
                  <StopPointInJourneyPatternRef ref="VTR:StopPointInJourneyPattern:918039" version="43422"/>
                  <DepartureTime>15:27:00</DepartureTime>
                  <DepartureDayOffset>0</DepartureDayOffset>
                </TimetabledPassingTime>
                <TimetabledPassingTime version="43422" id="VTR:TimetabledPassingTime:43461_918040_5">
                  <StopPointInJourneyPatternRef ref="VTR:StopPointInJourneyPattern:918040" version="43422"/>
                  <DepartureTime>15:35:00</DepartureTime>
                  <DepartureDayOffset>0</DepartureDayOffset>
                </TimetabledPassingTime>
              </passingTimes>
            </ServiceJourney>
          </vehicleJourneys>
        </TimetableFrame>
        <ResourceFrame version="1" id="VTR:ResourceFrame:1143">
          <organisations>
            <Authority version="1" id="VTR:Authority:56">
              <CompanyNumber>45</CompanyNumber>
              <Name>Ignalinos r. sav.</Name>
              <LegalName>Ignalinos r. sav.</LegalName>
              <ContactDetails>
                <Email>info@ignalina.lt</Email>
                <Phone>838652096</Phone>
                <Url>www.ignalina.lt</Url>
              </ContactDetails>
              <OrganisationType>authority</OrganisationType>
            </Authority>
          </organisations>
        </ResourceFrame>
        <FareFrame id="VTR:FareFrame:840" version="1">
          <FrameDefaults>
            <DefaultCurrency>EUR</DefaultCurrency>
          </FrameDefaults>
          <fareStructureElements>
            <FareStructureElement id="VTR:FareStructureElement:pricematrix" version="1">
              <distanceMatrixElements>
                <DistanceMatrixElementRef ref="VTR:DistanceMatrixElement:917883to917885" version="1"/>
                <DistanceMatrixElementRef ref="VTR:DistanceMatrixElement:918039to918040" version="1"/>
                <DistanceMatrixElementRef ref="VTR:DistanceMatrixElement:917881to917883" version="1"/>
                <DistanceMatrixElementRef ref="VTR:DistanceMatrixElement:917882to917883" version="1"/>
                <DistanceMatrixElementRef ref="VTR:DistanceMatrixElement:917883to917884" version="1"/>
                <DistanceMatrixElementRef ref="VTR:DistanceMatrixElement:918036to918040" version="1"/>
                <DistanceMatrixElementRef ref="VTR:DistanceMatrixElement:918038to918039" version="1"/>
                <DistanceMatrixElementRef ref="VTR:DistanceMatrixElement:917881to917884" version="1"/>
                <DistanceMatrixElementRef ref="VTR:DistanceMatrixElement:917881to917885" version="1"/>
                <DistanceMatrixElementRef ref="VTR:DistanceMatrixElement:918038to918040" version="1"/>
                <DistanceMatrixElementRef ref="VTR:DistanceMatrixElement:918037to918040" version="1"/>
                <DistanceMatrixElementRef ref="VTR:DistanceMatrixElement:917882to917885" version="1"/>
                <DistanceMatrixElementRef ref="VTR:DistanceMatrixElement:917884to917885" version="1"/>
                <DistanceMatrixElementRef ref="VTR:DistanceMatrixElement:918036to918037" version="1"/>
                <DistanceMatrixElementRef ref="VTR:DistanceMatrixElement:918037to918039" version="1"/>
                <DistanceMatrixElementRef ref="VTR:DistanceMatrixElement:917881to917882" version="1"/>
                <DistanceMatrixElementRef ref="VTR:DistanceMatrixElement:917882to917884" version="1"/>
                <DistanceMatrixElementRef ref="VTR:DistanceMatrixElement:918036to918039" version="1"/>
                <DistanceMatrixElementRef ref="VTR:DistanceMatrixElement:918037to918038" version="1"/>
                <DistanceMatrixElementRef ref="VTR:DistanceMatrixElement:918036to918038" version="1"/>
              </distanceMatrixElements>
            </FareStructureElement>
          </fareStructureElements>
          <tariffs>
            <Tariff id="VTR:Tariff:pointToPointInSeparateJourney_840" version="1">
              <Name>Point to point tariff</Name>
              <distanceMatrixElements>
                <DistanceMatrixElement id="VTR:DistanceMatrixElement:917883to917885" version="1">
                  <Name>Aza to Kazitiškis</Name>
                  <StartStopPointRef ref="VTR:ScheduledStopPoint:27784" version="1"/>
                  <EndStopPointRef ref="VTR:ScheduledStopPoint:27786" version="1"/>
                  <prices>
                    <DistanceMatrixElementPrice id="VTR:DistanceMatrixElementPrice:917883to917885" version="1">
                      <Amount>0.5</Amount>
                      <DistanceMatrixElementRef ref="VTR:DistanceMatrixElement:917883to917885" version="1"/>
                    </DistanceMatrixElementPrice>
                  </prices>
                </DistanceMatrixElement>
                <DistanceMatrixElement id="VTR:DistanceMatrixElement:918039to918040" version="1">
                  <Name>Kylatrakis to Ignalinos autobusų stotis</Name>
                  <StartStopPointRef ref="VTR:ScheduledStopPoint:47011" version="1"/>
                  <EndStopPointRef ref="VTR:ScheduledStopPoint:47012" version="1"/>
                  <prices>
                    <DistanceMatrixElementPrice id="VTR:DistanceMatrixElementPrice:918039to918040" version="1">
                      <Amount>0.45</Amount>
                      <DistanceMatrixElementRef ref="VTR:DistanceMatrixElement:918039to918040" version="1"/>
                    </DistanceMatrixElementPrice>
                  </prices>
                </DistanceMatrixElement>
                <DistanceMatrixElement id="VTR:DistanceMatrixElement:917881to917883" version="1">
                  <Name>Ignalinos autobusų stotis to Aza</Name>
                  <StartStopPointRef ref="VTR:ScheduledStopPoint:27782" version="1"/>
                  <EndStopPointRef ref="VTR:ScheduledStopPoint:27784" version="1"/>
                  <prices>
                    <DistanceMatrixElementPrice id="VTR:DistanceMatrixElementPrice:917881to917883" version="1">
                      <Amount>0.62</Amount>
                      <DistanceMatrixElementRef ref="VTR:DistanceMatrixElement:917881to917883" version="1"/>
                    </DistanceMatrixElementPrice>
                  </prices>
                </DistanceMatrixElement>
                <DistanceMatrixElement id="VTR:DistanceMatrixElement:917882to917883" version="1">
                  <Name>Kylatrakis to Aza</Name>
                  <StartStopPointRef ref="VTR:ScheduledStopPoint:27783" version="1"/>
                  <EndStopPointRef ref="VTR:ScheduledStopPoint:27784" version="1"/>
                  <prices>
                    <DistanceMatrixElementPrice id="VTR:DistanceMatrixElementPrice:917882to917883" version="1">
                      <Amount>0.17</Amount>
                      <DistanceMatrixElementRef ref="VTR:DistanceMatrixElement:917882to917883" version="1"/>
                    </DistanceMatrixElementPrice>
                  </prices>
                </DistanceMatrixElement>
                <DistanceMatrixElement id="VTR:DistanceMatrixElement:917883to917884" version="1">
                  <Name>Aza to Pašvoginė</Name>
                  <StartStopPointRef ref="VTR:ScheduledStopPoint:27784" version="1"/>
                  <EndStopPointRef ref="VTR:ScheduledStopPoint:27785" version="1"/>
                  <prices>
                    <DistanceMatrixElementPrice id="VTR:DistanceMatrixElementPrice:917883to917884" version="1">
                      <Amount>0.21</Amount>
                      <DistanceMatrixElementRef ref="VTR:DistanceMatrixElement:917883to917884" version="1"/>
                    </DistanceMatrixElementPrice>
                  </prices>
                </DistanceMatrixElement>
                <DistanceMatrixElement id="VTR:DistanceMatrixElement:918036to918040" version="1">
                  <Name>Kazitiškis to Ignalinos autobusų stotis</Name>
                  <StartStopPointRef ref="VTR:ScheduledStopPoint:47008" version="1"/>
                  <EndStopPointRef ref="VTR:ScheduledStopPoint:47012" version="1"/>
                  <prices>
                    <DistanceMatrixElementPrice id="VTR:DistanceMatrixElementPrice:918036to918040" version="1">
                      <Amount>1.11</Amount>
                      <DistanceMatrixElementRef ref="VTR:DistanceMatrixElement:918036to918040" version="1"/>
                    </DistanceMatrixElementPrice>
                  </prices>
                </DistanceMatrixElement>
                <DistanceMatrixElement id="VTR:DistanceMatrixElement:918038to918039" version="1">
                  <Name>Aza to Kylatrakis</Name>
                  <StartStopPointRef ref="VTR:ScheduledStopPoint:47010" version="1"/>
                  <EndStopPointRef ref="VTR:ScheduledStopPoint:47011" version="1"/>
                  <prices>
                    <DistanceMatrixElementPrice id="VTR:DistanceMatrixElementPrice:918038to918039" version="1">
                      <Amount>0.17</Amount>
                      <DistanceMatrixElementRef ref="VTR:DistanceMatrixElement:918038to918039" version="1"/>
                    </DistanceMatrixElementPrice>
                  </prices>
                </DistanceMatrixElement>
                <DistanceMatrixElement id="VTR:DistanceMatrixElement:917881to917884" version="1">
                  <Name>Ignalinos autobusų stotis to Pašvoginė</Name>
                  <StartStopPointRef ref="VTR:ScheduledStopPoint:27782" version="1"/>
                  <EndStopPointRef ref="VTR:ScheduledStopPoint:27785" version="1"/>
                  <prices>
                    <DistanceMatrixElementPrice id="VTR:DistanceMatrixElementPrice:917881to917884" version="1">
                      <Amount>0.82</Amount>
                      <DistanceMatrixElementRef ref="VTR:DistanceMatrixElement:917881to917884" version="1"/>
                    </DistanceMatrixElementPrice>
                  </prices>
                </DistanceMatrixElement>
                <DistanceMatrixElement id="VTR:DistanceMatrixElement:917881to917885" version="1">
                  <Name>Ignalinos autobusų stotis to Kazitiškis</Name>
                  <StartStopPointRef ref="VTR:ScheduledStopPoint:27782" version="1"/>
                  <EndStopPointRef ref="VTR:ScheduledStopPoint:27786" version="1"/>
                  <prices>
                    <DistanceMatrixElementPrice id="VTR:DistanceMatrixElementPrice:917881to917885" version="1">
                      <Amount>1.11</Amount>
                      <DistanceMatrixElementRef ref="VTR:DistanceMatrixElement:917881to917885" version="1"/>
                    </DistanceMatrixElementPrice>
                  </prices>
                </DistanceMatrixElement>
                <DistanceMatrixElement id="VTR:DistanceMatrixElement:918038to918040" version="1">
                  <Name>Aza to Ignalinos autobusų stotis</Name>
                  <StartStopPointRef ref="VTR:ScheduledStopPoint:47010" version="1"/>
                  <EndStopPointRef ref="VTR:ScheduledStopPoint:47012" version="1"/>
                  <prices>
                    <DistanceMatrixElementPrice id="VTR:DistanceMatrixElementPrice:918038to918040" version="1">
                      <Amount>0.62</Amount>
                      <DistanceMatrixElementRef ref="VTR:DistanceMatrixElement:918038to918040" version="1"/>
                    </DistanceMatrixElementPrice>
                  </prices>
                </DistanceMatrixElement>
                <DistanceMatrixElement id="VTR:DistanceMatrixElement:918037to918040" version="1">
                  <Name>Pašvoginė to Ignalinos autobusų stotis</Name>
                  <StartStopPointRef ref="VTR:ScheduledStopPoint:47009" version="1"/>
                  <EndStopPointRef ref="VTR:ScheduledStopPoint:47012" version="1"/>
                  <prices>
                    <DistanceMatrixElementPrice id="VTR:DistanceMatrixElementPrice:918037to918040" version="1">
                      <Amount>0.82</Amount>
                      <DistanceMatrixElementRef ref="VTR:DistanceMatrixElement:918037to918040" version="1"/>
                    </DistanceMatrixElementPrice>
                  </prices>
                </DistanceMatrixElement>
                <DistanceMatrixElement id="VTR:DistanceMatrixElement:917882to917885" version="1">
                  <Name>Kylatrakis to Kazitiškis</Name>
                  <StartStopPointRef ref="VTR:ScheduledStopPoint:27783" version="1"/>
                  <EndStopPointRef ref="VTR:ScheduledStopPoint:27786" version="1"/>
                  <prices>
                    <DistanceMatrixElementPrice id="VTR:DistanceMatrixElementPrice:917882to917885" version="1">
                      <Amount>0.66</Amount>
                      <DistanceMatrixElementRef ref="VTR:DistanceMatrixElement:917882to917885" version="1"/>
                    </DistanceMatrixElementPrice>
                  </prices>
                </DistanceMatrixElement>
                <DistanceMatrixElement id="VTR:DistanceMatrixElement:917884to917885" version="1">
                  <Name>Pašvoginė to Kazitiškis</Name>
                  <StartStopPointRef ref="VTR:ScheduledStopPoint:27785" version="1"/>
                  <EndStopPointRef ref="VTR:ScheduledStopPoint:27786" version="1"/>
                  <prices>
                    <DistanceMatrixElementPrice id="VTR:DistanceMatrixElementPrice:917884to917885" version="1">
                      <Amount>0.29</Amount>
                      <DistanceMatrixElementRef ref="VTR:DistanceMatrixElement:917884to917885" version="1"/>
                    </DistanceMatrixElementPrice>
                  </prices>
                </DistanceMatrixElement>
                <DistanceMatrixElement id="VTR:DistanceMatrixElement:918036to918037" version="1">
                  <Name>Kazitiškis to Pašvoginė</Name>
                  <StartStopPointRef ref="VTR:ScheduledStopPoint:47008" version="1"/>
                  <EndStopPointRef ref="VTR:ScheduledStopPoint:47009" version="1"/>
                  <prices>
                    <DistanceMatrixElementPrice id="VTR:DistanceMatrixElementPrice:918036to918037" version="1">
                      <Amount>0.29</Amount>
                      <DistanceMatrixElementRef ref="VTR:DistanceMatrixElement:918036to918037" version="1"/>
                    </DistanceMatrixElementPrice>
                  </prices>
                </DistanceMatrixElement>
                <DistanceMatrixElement id="VTR:DistanceMatrixElement:918037to918039" version="1">
                  <Name>Pašvoginė to Kylatrakis</Name>
                  <StartStopPointRef ref="VTR:ScheduledStopPoint:47009" version="1"/>
                  <EndStopPointRef ref="VTR:ScheduledStopPoint:47011" version="1"/>
                  <prices>
                    <DistanceMatrixElementPrice id="VTR:DistanceMatrixElementPrice:918037to918039" version="1">
                      <Amount>0.37</Amount>
                      <DistanceMatrixElementRef ref="VTR:DistanceMatrixElement:918037to918039" version="1"/>
                    </DistanceMatrixElementPrice>
                  </prices>
                </DistanceMatrixElement>
                <DistanceMatrixElement id="VTR:DistanceMatrixElement:917881to917882" version="1">
                  <Name>Ignalinos autobusų stotis to Kylatrakis</Name>
                  <StartStopPointRef ref="VTR:ScheduledStopPoint:27782" version="1"/>
                  <EndStopPointRef ref="VTR:ScheduledStopPoint:27783" version="1"/>
                  <prices>
                    <DistanceMatrixElementPrice id="VTR:DistanceMatrixElementPrice:917881to917882" version="1">
                      <Amount>0.45</Amount>
                      <DistanceMatrixElementRef ref="VTR:DistanceMatrixElement:917881to917882" version="1"/>
                    </DistanceMatrixElementPrice>
                  </prices>
                </DistanceMatrixElement>
                <DistanceMatrixElement id="VTR:DistanceMatrixElement:917882to917884" version="1">
                  <Name>Kylatrakis to Pašvoginė</Name>
                  <StartStopPointRef ref="VTR:ScheduledStopPoint:27783" version="1"/>
                  <EndStopPointRef ref="VTR:ScheduledStopPoint:27785" version="1"/>
                  <prices>
                    <DistanceMatrixElementPrice id="VTR:DistanceMatrixElementPrice:917882to917884" version="1">
                      <Amount>0.37</Amount>
                      <DistanceMatrixElementRef ref="VTR:DistanceMatrixElement:917882to917884" version="1"/>
                    </DistanceMatrixElementPrice>
                  </prices>
                </DistanceMatrixElement>
                <DistanceMatrixElement id="VTR:DistanceMatrixElement:918036to918039" version="1">
                  <Name>Kazitiškis to Kylatrakis</Name>
                  <StartStopPointRef ref="VTR:ScheduledStopPoint:47008" version="1"/>
                  <EndStopPointRef ref="VTR:ScheduledStopPoint:47011" version="1"/>
                  <prices>
                    <DistanceMatrixElementPrice id="VTR:DistanceMatrixElementPrice:918036to918039" version="1">
                      <Amount>0.66</Amount>
                      <DistanceMatrixElementRef ref="VTR:DistanceMatrixElement:918036to918039" version="1"/>
                    </DistanceMatrixElementPrice>
                  </prices>
                </DistanceMatrixElement>
                <DistanceMatrixElement id="VTR:DistanceMatrixElement:918037to918038" version="1">
                  <Name>Pašvoginė to Aza</Name>
                  <StartStopPointRef ref="VTR:ScheduledStopPoint:47009" version="1"/>
                  <EndStopPointRef ref="VTR:ScheduledStopPoint:47010" version="1"/>
                  <prices>
                    <DistanceMatrixElementPrice id="VTR:DistanceMatrixElementPrice:918037to918038" version="1">
                      <Amount>0.21</Amount>
                      <DistanceMatrixElementRef ref="VTR:DistanceMatrixElement:918037to918038" version="1"/>
                    </DistanceMatrixElementPrice>
                  </prices>
                </DistanceMatrixElement>
                <DistanceMatrixElement id="VTR:DistanceMatrixElement:918036to918038" version="1">
                  <Name>Kazitiškis to Aza</Name>
                  <StartStopPointRef ref="VTR:ScheduledStopPoint:47008" version="1"/>
                  <EndStopPointRef ref="VTR:ScheduledStopPoint:47010" version="1"/>
                  <prices>
                    <DistanceMatrixElementPrice id="VTR:DistanceMatrixElementPrice:918036to918038" version="1">
                      <Amount>0.5</Amount>
                      <DistanceMatrixElementRef ref="VTR:DistanceMatrixElement:918036to918038" version="1"/>
                    </DistanceMatrixElementPrice>
                  </prices>
                </DistanceMatrixElement>
              </distanceMatrixElements>
            </Tariff>
          </tariffs>
          <usageParameters>
            <FrequencyOfUse id="VTR:FrequencyOfUse:oneTrip" version="1">
              <FrequencyOfUseType>unlimited</FrequencyOfUseType>
              <MaximalFrequency>1</MaximalFrequency>
            </FrequencyOfUse>
          </usageParameters>
        </FareFrame>
      </frames>
    </CompositeFrame>
  </dataObjects>
</PublicationDelivery>
