<?xml version="1.0" encoding="UTF-8"?><PublicationDelivery xmlns="http://www.netex.org.uk/netex" xmlns:gis="http://www.opengis.net/gml/3.2" xmlns:ns2="http://www.opengis.net/gml/3.2" xmlns:ns3="http://www.siri.org.uk/siri" xmlns:xsi="http://www.w3.org/2001/XMLSchema-instance" version="1" xsi:schemaLocation="">
  <PublicationTimestamp>2022-05-07T02:05:00.243</PublicationTimestamp>
  <ParticipantRef>VTR</ParticipantRef>
  <Description>1</Description>
  <dataObjects>
    <CompositeFrame created="2022-05-07T02:05:00.243" version="1" id="VTR:CompositeFrame:1366">
      <validityConditions>
        <AvailabilityCondition version="1" id="VTR:AvailabilityCondition:1366">
          <FromDate>2022-03-29T16:33:11</FromDate>
          <ToDate>2022-12-31T00:00:00</ToDate>
        </AvailabilityCondition>
      </validityConditions>
      <codespaces>
        <Codespace id="vtr">
          <Xmlns>VTR</Xmlns>
          <XmlnsUrl>http://www.visimarsrutai.lt/</XmlnsUrl>
        </Codespace>
      </codespaces>
      <FrameDefaults>
        <DefaultLocale>
          <TimeZone>Europe/Vilnius</TimeZone>
        </DefaultLocale>
        <DefaultLocationSystem>WGS84</DefaultLocationSystem>
      </FrameDefaults>
      <frames>
        <ServiceCalendarFrame version="1" id="VTR:ServiceCalendarFrame:1366">
          <dayTypes>
            <DayType id="VTR:DayType:38903" version="1">
              <properties>
                <PropertyOfDay>
                  <DaysOfWeek>Monday Thursday</DaysOfWeek>
                </PropertyOfDay>
              </properties>
            </DayType>
          </dayTypes>
          <operatingPeriods>
            <OperatingPeriod version="1" id="VTR:OperatingPeriod:38903">
              <FromDate>2020-11-01T00:00:00</FromDate>
              <ToDate>2022-10-01T00:00:00</ToDate>
            </OperatingPeriod>
          </operatingPeriods>
          <dayTypeAssignments>
            <DayTypeAssignment id="VTR:DayTypeAssignment:38903_0" version="1" order="5044">
              <OperatingPeriodRef ref="VTR:OperatingPeriod:38903" version="1"/>
              <DayTypeRef ref="VTR:DayType:38903" version="1"/>
            </DayTypeAssignment>
            <DayTypeAssignment id="VTR:DayTypeAssignment:38903_951442" version="1" order="46481">
              <Date>2022-04-01</Date>
              <DayTypeRef ref="VTR:DayType:38903" version="1"/>
            </DayTypeAssignment>
            <DayTypeAssignment id="VTR:DayTypeAssignment:38903_951449" version="1" order="46485">
              <Date>2022-08-15</Date>
              <DayTypeRef ref="VTR:DayType:38903" version="1"/>
            </DayTypeAssignment>
            <DayTypeAssignment id="VTR:DayTypeAssignment:38903_951451" version="1" order="46489">
              <Date>2021-12-24</Date>
              <DayTypeRef ref="VTR:DayType:38903" version="1"/>
            </DayTypeAssignment>
            <DayTypeAssignment id="VTR:DayTypeAssignment:38903_951452" version="1" order="46490">
              <Date>2021-12-25</Date>
              <DayTypeRef ref="VTR:DayType:38903" version="1"/>
            </DayTypeAssignment>
            <DayTypeAssignment id="VTR:DayTypeAssignment:38903_951448" version="1" order="46491">
              <Date>2022-07-06</Date>
              <DayTypeRef ref="VTR:DayType:38903" version="1"/>
            </DayTypeAssignment>
            <DayTypeAssignment id="VTR:DayTypeAssignment:38903_951445" version="1" order="46492">
              <Date>2022-03-11</Date>
              <DayTypeRef ref="VTR:DayType:38903" version="1"/>
            </DayTypeAssignment>
            <DayTypeAssignment id="VTR:DayTypeAssignment:38903_951443" version="1" order="46495">
              <Date>2022-01-01</Date>
              <DayTypeRef ref="VTR:DayType:38903" version="1"/>
            </DayTypeAssignment>
            <DayTypeAssignment id="VTR:DayTypeAssignment:38903_951446" version="1" order="46496">
              <Date>2022-05-01</Date>
              <DayTypeRef ref="VTR:DayType:38903" version="1"/>
            </DayTypeAssignment>
            <DayTypeAssignment id="VTR:DayTypeAssignment:38903_951447" version="1" order="46497">
              <Date>2022-06-24</Date>
              <DayTypeRef ref="VTR:DayType:38903" version="1"/>
            </DayTypeAssignment>
            <DayTypeAssignment id="VTR:DayTypeAssignment:38903_951444" version="1" order="46498">
              <Date>2022-02-16</Date>
              <DayTypeRef ref="VTR:DayType:38903" version="1"/>
            </DayTypeAssignment>
            <DayTypeAssignment id="VTR:DayTypeAssignment:38903_951453" version="1" order="46502">
              <Date>2021-12-26</Date>
              <DayTypeRef ref="VTR:DayType:38903" version="1"/>
            </DayTypeAssignment>
            <DayTypeAssignment id="VTR:DayTypeAssignment:38903_951450" version="1" order="46503">
              <Date>2021-11-01</Date>
              <DayTypeRef ref="VTR:DayType:38903" version="1"/>
            </DayTypeAssignment>
          </dayTypeAssignments>
        </ServiceCalendarFrame>
        <ServiceFrame id="VTR:ServiceFrame:1366" version="1">
          <Network version="0" id="VTR:Network:41"/>
          <routePoints>
            <RoutePoint version="1" id="VTR:RoutePoint:3301539">
              <projections>
                <PointProjection version="1" id="VTR:PointProjection:89842">
                  <ProjectedPointRef ref="VTR:ScheduledStopPoint:3301539" version="1"/>
                </PointProjection>
              </projections>
            </RoutePoint>
            <RoutePoint version="1" id="VTR:RoutePoint:3301540">
              <projections>
                <PointProjection version="1" id="VTR:PointProjection:89843">
                  <ProjectedPointRef ref="VTR:ScheduledStopPoint:3301540" version="1"/>
                </PointProjection>
              </projections>
            </RoutePoint>
            <RoutePoint version="1" id="VTR:RoutePoint:3301541">
              <projections>
                <PointProjection version="1" id="VTR:PointProjection:89844">
                  <ProjectedPointRef ref="VTR:ScheduledStopPoint:3301541" version="1"/>
                </PointProjection>
              </projections>
            </RoutePoint>
            <RoutePoint version="1" id="VTR:RoutePoint:3301542">
              <projections>
                <PointProjection version="1" id="VTR:PointProjection:89845">
                  <ProjectedPointRef ref="VTR:ScheduledStopPoint:3301542" version="1"/>
                </PointProjection>
              </projections>
            </RoutePoint>
            <RoutePoint version="1" id="VTR:RoutePoint:3301543">
              <projections>
                <PointProjection version="1" id="VTR:PointProjection:89846">
                  <ProjectedPointRef ref="VTR:ScheduledStopPoint:3301543" version="1"/>
                </PointProjection>
              </projections>
            </RoutePoint>
            <RoutePoint version="1" id="VTR:RoutePoint:3301544">
              <projections>
                <PointProjection version="1" id="VTR:PointProjection:89947">
                  <ProjectedPointRef ref="VTR:ScheduledStopPoint:3301544" version="1"/>
                </PointProjection>
              </projections>
            </RoutePoint>
            <RoutePoint version="1" id="VTR:RoutePoint:3301545">
              <projections>
                <PointProjection version="1" id="VTR:PointProjection:89948">
                  <ProjectedPointRef ref="VTR:ScheduledStopPoint:3301545" version="1"/>
                </PointProjection>
              </projections>
            </RoutePoint>
            <RoutePoint version="1" id="VTR:RoutePoint:3301546">
              <projections>
                <PointProjection version="1" id="VTR:PointProjection:89949">
                  <ProjectedPointRef ref="VTR:ScheduledStopPoint:3301546" version="1"/>
                </PointProjection>
              </projections>
            </RoutePoint>
            <RoutePoint version="1" id="VTR:RoutePoint:3301547">
              <projections>
                <PointProjection version="1" id="VTR:PointProjection:89950">
                  <ProjectedPointRef ref="VTR:ScheduledStopPoint:3301547" version="1"/>
                </PointProjection>
              </projections>
            </RoutePoint>
            <RoutePoint version="1" id="VTR:RoutePoint:3301548">
              <projections>
                <PointProjection version="1" id="VTR:PointProjection:89951">
                  <ProjectedPointRef ref="VTR:ScheduledStopPoint:3301548" version="1"/>
                </PointProjection>
              </projections>
            </RoutePoint>
            <RoutePoint version="1" id="VTR:RoutePoint:3301554">
              <projections>
                <PointProjection version="1" id="VTR:PointProjection:89957">
                  <ProjectedPointRef ref="VTR:ScheduledStopPoint:3301554" version="1"/>
                </PointProjection>
              </projections>
            </RoutePoint>
            <RoutePoint version="1" id="VTR:RoutePoint:3301555">
              <projections>
                <PointProjection version="1" id="VTR:PointProjection:89958">
                  <ProjectedPointRef ref="VTR:ScheduledStopPoint:3301555" version="1"/>
                </PointProjection>
              </projections>
            </RoutePoint>
            <RoutePoint version="1" id="VTR:RoutePoint:3301556">
              <projections>
                <PointProjection version="1" id="VTR:PointProjection:89959">
                  <ProjectedPointRef ref="VTR:ScheduledStopPoint:3301556" version="1"/>
                </PointProjection>
              </projections>
            </RoutePoint>
            <RoutePoint version="1" id="VTR:RoutePoint:3301557">
              <projections>
                <PointProjection version="1" id="VTR:PointProjection:89960">
                  <ProjectedPointRef ref="VTR:ScheduledStopPoint:3301557" version="1"/>
                </PointProjection>
              </projections>
            </RoutePoint>
            <RoutePoint version="1" id="VTR:RoutePoint:3301558">
              <projections>
                <PointProjection version="1" id="VTR:PointProjection:89961">
                  <ProjectedPointRef ref="VTR:ScheduledStopPoint:3301558" version="1"/>
                </PointProjection>
              </projections>
            </RoutePoint>
            <RoutePoint version="1" id="VTR:RoutePoint:3301559">
              <projections>
                <PointProjection version="1" id="VTR:PointProjection:89962">
                  <ProjectedPointRef ref="VTR:ScheduledStopPoint:3301559" version="1"/>
                </PointProjection>
              </projections>
            </RoutePoint>
            <RoutePoint version="1" id="VTR:RoutePoint:3301560">
              <projections>
                <PointProjection version="1" id="VTR:PointProjection:89963">
                  <ProjectedPointRef ref="VTR:ScheduledStopPoint:3301560" version="1"/>
                </PointProjection>
              </projections>
            </RoutePoint>
            <RoutePoint version="1" id="VTR:RoutePoint:3301561">
              <projections>
                <PointProjection version="1" id="VTR:PointProjection:89964">
                  <ProjectedPointRef ref="VTR:ScheduledStopPoint:3301561" version="1"/>
                </PointProjection>
              </projections>
            </RoutePoint>
          </routePoints>
          <routes>
            <Route version="1" id="VTR:Route:25547">
              <Name>siauliai_bus_114_b-b0</Name>
              <ShortName>siauliai_bus_114_b-b0</ShortName>
              <LineRef ref="VTR:Line:9330" version="12164"/>
              <pointsInSequence>
                <PointOnRoute version="1" id="VTR:PointOnRoute:3301560" order="1">
                  <RoutePointRef ref="VTR:RoutePoint:3301560"/>
                </PointOnRoute>
                <PointOnRoute version="1" id="VTR:PointOnRoute:3301561" order="2">
                  <RoutePointRef ref="VTR:RoutePoint:3301561"/>
                </PointOnRoute>
              </pointsInSequence>
            </Route>
            <Route version="1" id="VTR:Route:25570">
              <Name>siauliai_bus_114_b-a</Name>
              <ShortName>siauliai_bus_114_b-a</ShortName>
              <LineRef ref="VTR:Line:9330" version="12164"/>
              <pointsInSequence>
                <PointOnRoute version="1" id="VTR:PointOnRoute:3301547" order="1">
                  <RoutePointRef ref="VTR:RoutePoint:3301547"/>
                </PointOnRoute>
                <PointOnRoute version="1" id="VTR:PointOnRoute:3301548" order="2">
                  <RoutePointRef ref="VTR:RoutePoint:3301548"/>
                </PointOnRoute>
                <PointOnRoute version="1" id="VTR:PointOnRoute:3301554" order="3">
                  <RoutePointRef ref="VTR:RoutePoint:3301554"/>
                </PointOnRoute>
                <PointOnRoute version="1" id="VTR:PointOnRoute:3301555" order="4">
                  <RoutePointRef ref="VTR:RoutePoint:3301555"/>
                </PointOnRoute>
                <PointOnRoute version="1" id="VTR:PointOnRoute:3301556" order="5">
                  <RoutePointRef ref="VTR:RoutePoint:3301556"/>
                </PointOnRoute>
                <PointOnRoute version="1" id="VTR:PointOnRoute:3301557" order="6">
                  <RoutePointRef ref="VTR:RoutePoint:3301557"/>
                </PointOnRoute>
                <PointOnRoute version="1" id="VTR:PointOnRoute:3301558" order="7">
                  <RoutePointRef ref="VTR:RoutePoint:3301558"/>
                </PointOnRoute>
                <PointOnRoute version="1" id="VTR:PointOnRoute:3301559" order="8">
                  <RoutePointRef ref="VTR:RoutePoint:3301559"/>
                </PointOnRoute>
              </pointsInSequence>
            </Route>
            <Route version="1" id="VTR:Route:25619">
              <Name>siauliai_bus_114_a-b</Name>
              <ShortName>siauliai_bus_114_a-b</ShortName>
              <LineRef ref="VTR:Line:9330" version="12164"/>
              <pointsInSequence>
                <PointOnRoute version="1" id="VTR:PointOnRoute:3301539" order="1">
                  <RoutePointRef ref="VTR:RoutePoint:3301539"/>
                </PointOnRoute>
                <PointOnRoute version="1" id="VTR:PointOnRoute:3301540" order="2">
                  <RoutePointRef ref="VTR:RoutePoint:3301540"/>
                </PointOnRoute>
                <PointOnRoute version="1" id="VTR:PointOnRoute:3301541" order="3">
                  <RoutePointRef ref="VTR:RoutePoint:3301541"/>
                </PointOnRoute>
                <PointOnRoute version="1" id="VTR:PointOnRoute:3301542" order="4">
                  <RoutePointRef ref="VTR:RoutePoint:3301542"/>
                </PointOnRoute>
                <PointOnRoute version="1" id="VTR:PointOnRoute:3301543" order="5">
                  <RoutePointRef ref="VTR:RoutePoint:3301543"/>
                </PointOnRoute>
                <PointOnRoute version="1" id="VTR:PointOnRoute:3301544" order="6">
                  <RoutePointRef ref="VTR:RoutePoint:3301544"/>
                </PointOnRoute>
                <PointOnRoute version="1" id="VTR:PointOnRoute:3301545" order="7">
                  <RoutePointRef ref="VTR:RoutePoint:3301545"/>
                </PointOnRoute>
                <PointOnRoute version="1" id="VTR:PointOnRoute:3301546" order="8">
                  <RoutePointRef ref="VTR:RoutePoint:3301546"/>
                </PointOnRoute>
              </pointsInSequence>
            </Route>
          </routes>
          <lines>
            <Line version="12164" id="VTR:Line:9330">
              <Name>Šiauliai - Gruzdžiai</Name>
              <TransportMode>bus</TransportMode>
              <TransportSubmode>
                <BusSubmode>localBus</BusSubmode>
              </TransportSubmode>
              <PublicCode>114</PublicCode>
              <OperatorRef ref="VTR:Operator:41"/>
            </Line>
          </lines>
          <scheduledStopPoints>
            <ScheduledStopPoint version="1" id="VTR:ScheduledStopPoint:3301539">
              <Name>Šiauliai AS</Name>
            </ScheduledStopPoint>
            <ScheduledStopPoint version="1" id="VTR:ScheduledStopPoint:3301540">
              <Name>Sutkūnai</Name>
            </ScheduledStopPoint>
            <ScheduledStopPoint version="1" id="VTR:ScheduledStopPoint:3301541">
              <Name>Vinkšnėnai</Name>
            </ScheduledStopPoint>
            <ScheduledStopPoint version="1" id="VTR:ScheduledStopPoint:3301542">
              <Name>Bridai</Name>
            </ScheduledStopPoint>
            <ScheduledStopPoint version="1" id="VTR:ScheduledStopPoint:3301543">
              <Name>Račiai</Name>
            </ScheduledStopPoint>
            <ScheduledStopPoint version="1" id="VTR:ScheduledStopPoint:3301544">
              <Name>Daujočiai</Name>
            </ScheduledStopPoint>
            <ScheduledStopPoint version="1" id="VTR:ScheduledStopPoint:3301545">
              <Name>Jauneikiškės</Name>
            </ScheduledStopPoint>
            <ScheduledStopPoint version="1" id="VTR:ScheduledStopPoint:3301546">
              <Name>Gruzdžiai</Name>
            </ScheduledStopPoint>
            <ScheduledStopPoint version="1" id="VTR:ScheduledStopPoint:3301547">
              <Name>Gruzdžiai</Name>
            </ScheduledStopPoint>
            <ScheduledStopPoint version="1" id="VTR:ScheduledStopPoint:3301548">
              <Name>Jauneikiškės</Name>
            </ScheduledStopPoint>
            <ScheduledStopPoint version="1" id="VTR:ScheduledStopPoint:3301554">
              <Name>Daujočiai</Name>
            </ScheduledStopPoint>
            <ScheduledStopPoint version="1" id="VTR:ScheduledStopPoint:3301555">
              <Name>Račiai</Name>
            </ScheduledStopPoint>
            <ScheduledStopPoint version="1" id="VTR:ScheduledStopPoint:3301556">
              <Name>Bridai</Name>
            </ScheduledStopPoint>
            <ScheduledStopPoint version="1" id="VTR:ScheduledStopPoint:3301557">
              <Name>Vinkšnėnai</Name>
            </ScheduledStopPoint>
            <ScheduledStopPoint version="1" id="VTR:ScheduledStopPoint:3301558">
              <Name>Sutkūnai</Name>
            </ScheduledStopPoint>
            <ScheduledStopPoint version="1" id="VTR:ScheduledStopPoint:3301559">
              <Name>Šiauliai AS</Name>
            </ScheduledStopPoint>
            <ScheduledStopPoint version="1" id="VTR:ScheduledStopPoint:3301560">
              <Name>Gruzdžiai</Name>
            </ScheduledStopPoint>
            <ScheduledStopPoint version="1" id="VTR:ScheduledStopPoint:3301561">
              <Name>Gruzdžiai</Name>
            </ScheduledStopPoint>
          </scheduledStopPoints>
          <serviceLinks>
            <ServiceLink id="VTR:ServiceLink:3301547_1_3301548_1" version="1">
              <Distance>0</Distance>
              <FromPointRef ref="VTR:ScheduledStopPoint:3301547" version="1"/>
              <ToPointRef ref="VTR:ScheduledStopPoint:3301548" version="1"/>
            </ServiceLink>
            <ServiceLink id="VTR:ServiceLink:3301544_1_3301545_1" version="1">
              <Distance>0</Distance>
              <FromPointRef ref="VTR:ScheduledStopPoint:3301544" version="1"/>
              <ToPointRef ref="VTR:ScheduledStopPoint:3301545" version="1"/>
            </ServiceLink>
            <ServiceLink id="VTR:ServiceLink:3301540_1_3301541_1" version="1">
              <Distance>0</Distance>
              <FromPointRef ref="VTR:ScheduledStopPoint:3301540" version="1"/>
              <ToPointRef ref="VTR:ScheduledStopPoint:3301541" version="1"/>
            </ServiceLink>
            <ServiceLink id="VTR:ServiceLink:3301539_1_3301540_1" version="1">
              <Distance>0</Distance>
              <FromPointRef ref="VTR:ScheduledStopPoint:3301539" version="1"/>
              <ToPointRef ref="VTR:ScheduledStopPoint:3301540" version="1"/>
            </ServiceLink>
            <ServiceLink id="VTR:ServiceLink:3301556_1_3301557_1" version="1">
              <Distance>0</Distance>
              <FromPointRef ref="VTR:ScheduledStopPoint:3301556" version="1"/>
              <ToPointRef ref="VTR:ScheduledStopPoint:3301557" version="1"/>
            </ServiceLink>
            <ServiceLink id="VTR:ServiceLink:3301558_1_3301559_1" version="1">
              <Distance>0</Distance>
              <FromPointRef ref="VTR:ScheduledStopPoint:3301558" version="1"/>
              <ToPointRef ref="VTR:ScheduledStopPoint:3301559" version="1"/>
            </ServiceLink>
            <ServiceLink id="VTR:ServiceLink:3301543_1_3301544_1" version="1">
              <Distance>0</Distance>
              <FromPointRef ref="VTR:ScheduledStopPoint:3301543" version="1"/>
              <ToPointRef ref="VTR:ScheduledStopPoint:3301544" version="1"/>
            </ServiceLink>
            <ServiceLink id="VTR:ServiceLink:3301560_1_3301561_1" version="1">
              <Distance>0</Distance>
              <FromPointRef ref="VTR:ScheduledStopPoint:3301560" version="1"/>
              <ToPointRef ref="VTR:ScheduledStopPoint:3301561" version="1"/>
            </ServiceLink>
            <ServiceLink id="VTR:ServiceLink:3301541_1_3301542_1" version="1">
              <Distance>0</Distance>
              <FromPointRef ref="VTR:ScheduledStopPoint:3301541" version="1"/>
              <ToPointRef ref="VTR:ScheduledStopPoint:3301542" version="1"/>
            </ServiceLink>
            <ServiceLink id="VTR:ServiceLink:3301545_1_3301546_1" version="1">
              <Distance>0</Distance>
              <FromPointRef ref="VTR:ScheduledStopPoint:3301545" version="1"/>
              <ToPointRef ref="VTR:ScheduledStopPoint:3301546" version="1"/>
            </ServiceLink>
            <ServiceLink id="VTR:ServiceLink:3301548_1_3301554_1" version="1">
              <Distance>0</Distance>
              <FromPointRef ref="VTR:ScheduledStopPoint:3301548" version="1"/>
              <ToPointRef ref="VTR:ScheduledStopPoint:3301554" version="1"/>
            </ServiceLink>
            <ServiceLink id="VTR:ServiceLink:3301557_1_3301558_1" version="1">
              <Distance>0</Distance>
              <FromPointRef ref="VTR:ScheduledStopPoint:3301557" version="1"/>
              <ToPointRef ref="VTR:ScheduledStopPoint:3301558" version="1"/>
            </ServiceLink>
            <ServiceLink id="VTR:ServiceLink:3301542_1_3301543_1" version="1">
              <Distance>0</Distance>
              <FromPointRef ref="VTR:ScheduledStopPoint:3301542" version="1"/>
              <ToPointRef ref="VTR:ScheduledStopPoint:3301543" version="1"/>
            </ServiceLink>
            <ServiceLink id="VTR:ServiceLink:3301555_1_3301556_1" version="1">
              <Distance>0</Distance>
              <FromPointRef ref="VTR:ScheduledStopPoint:3301555" version="1"/>
              <ToPointRef ref="VTR:ScheduledStopPoint:3301556" version="1"/>
            </ServiceLink>
            <ServiceLink id="VTR:ServiceLink:3301554_1_3301555_1" version="1">
              <Distance>0</Distance>
              <FromPointRef ref="VTR:ScheduledStopPoint:3301554" version="1"/>
              <ToPointRef ref="VTR:ScheduledStopPoint:3301555" version="1"/>
            </ServiceLink>
          </serviceLinks>
          <stopAssignments>
            <PassengerStopAssignment order="2554700001" id="VTR:PassengerStopAssignment:3301560" version="1">
              <ScheduledStopPointRef ref="VTR:ScheduledStopPoint:3301560" version="1"/>
              <QuayRef ref="VTR:Quay:45209"/>
            </PassengerStopAssignment>
            <PassengerStopAssignment order="2554700002" id="VTR:PassengerStopAssignment:3301561" version="1">
              <ScheduledStopPointRef ref="VTR:ScheduledStopPoint:3301561" version="1"/>
              <QuayRef ref="VTR:Quay:45211"/>
            </PassengerStopAssignment>
            <PassengerStopAssignment order="2557000001" id="VTR:PassengerStopAssignment:3301547" version="1">
              <ScheduledStopPointRef ref="VTR:ScheduledStopPoint:3301547" version="1"/>
              <QuayRef ref="VTR:Quay:45211"/>
            </PassengerStopAssignment>
            <PassengerStopAssignment order="2557000002" id="VTR:PassengerStopAssignment:3301548" version="1">
              <ScheduledStopPointRef ref="VTR:ScheduledStopPoint:3301548" version="1"/>
              <QuayRef ref="VTR:Quay:45203"/>
            </PassengerStopAssignment>
            <PassengerStopAssignment order="2557000003" id="VTR:PassengerStopAssignment:3301554" version="1">
              <ScheduledStopPointRef ref="VTR:ScheduledStopPoint:3301554" version="1"/>
              <QuayRef ref="VTR:Quay:44969"/>
            </PassengerStopAssignment>
            <PassengerStopAssignment order="2557000004" id="VTR:PassengerStopAssignment:3301555" version="1">
              <ScheduledStopPointRef ref="VTR:ScheduledStopPoint:3301555" version="1"/>
              <QuayRef ref="VTR:Quay:44964"/>
            </PassengerStopAssignment>
            <PassengerStopAssignment order="2557000005" id="VTR:PassengerStopAssignment:3301556" version="1">
              <ScheduledStopPointRef ref="VTR:ScheduledStopPoint:3301556" version="1"/>
              <QuayRef ref="VTR:Quay:44952"/>
            </PassengerStopAssignment>
            <PassengerStopAssignment order="2557000006" id="VTR:PassengerStopAssignment:3301557" version="1">
              <ScheduledStopPointRef ref="VTR:ScheduledStopPoint:3301557" version="1"/>
              <QuayRef ref="VTR:Quay:44949"/>
            </PassengerStopAssignment>
            <PassengerStopAssignment order="2557000007" id="VTR:PassengerStopAssignment:3301558" version="1">
              <ScheduledStopPointRef ref="VTR:ScheduledStopPoint:3301558" version="1"/>
              <QuayRef ref="VTR:Quay:44946"/>
            </PassengerStopAssignment>
            <PassengerStopAssignment order="2557000008" id="VTR:PassengerStopAssignment:3301559" version="1">
              <ScheduledStopPointRef ref="VTR:ScheduledStopPoint:3301559" version="1"/>
              <QuayRef ref="VTR:Quay:45157"/>
            </PassengerStopAssignment>
            <PassengerStopAssignment order="2561900001" id="VTR:PassengerStopAssignment:3301539" version="1">
              <ScheduledStopPointRef ref="VTR:ScheduledStopPoint:3301539" version="1"/>
              <QuayRef ref="VTR:Quay:45157"/>
            </PassengerStopAssignment>
            <PassengerStopAssignment order="2561900002" id="VTR:PassengerStopAssignment:3301540" version="1">
              <ScheduledStopPointRef ref="VTR:ScheduledStopPoint:3301540" version="1"/>
              <QuayRef ref="VTR:Quay:44947"/>
            </PassengerStopAssignment>
            <PassengerStopAssignment order="2561900003" id="VTR:PassengerStopAssignment:3301541" version="1">
              <ScheduledStopPointRef ref="VTR:ScheduledStopPoint:3301541" version="1"/>
              <QuayRef ref="VTR:Quay:44955"/>
            </PassengerStopAssignment>
            <PassengerStopAssignment order="2561900004" id="VTR:PassengerStopAssignment:3301542" version="1">
              <ScheduledStopPointRef ref="VTR:ScheduledStopPoint:3301542" version="1"/>
              <QuayRef ref="VTR:Quay:44956"/>
            </PassengerStopAssignment>
            <PassengerStopAssignment order="2561900005" id="VTR:PassengerStopAssignment:3301543" version="1">
              <ScheduledStopPointRef ref="VTR:ScheduledStopPoint:3301543" version="1"/>
              <QuayRef ref="VTR:Quay:44961"/>
            </PassengerStopAssignment>
            <PassengerStopAssignment order="2561900006" id="VTR:PassengerStopAssignment:3301544" version="1">
              <ScheduledStopPointRef ref="VTR:ScheduledStopPoint:3301544" version="1"/>
              <QuayRef ref="VTR:Quay:44966"/>
            </PassengerStopAssignment>
            <PassengerStopAssignment order="2561900007" id="VTR:PassengerStopAssignment:3301545" version="1">
              <ScheduledStopPointRef ref="VTR:ScheduledStopPoint:3301545" version="1"/>
              <QuayRef ref="VTR:Quay:45202"/>
            </PassengerStopAssignment>
            <PassengerStopAssignment order="2561900008" id="VTR:PassengerStopAssignment:3301546" version="1">
              <ScheduledStopPointRef ref="VTR:ScheduledStopPoint:3301546" version="1"/>
              <QuayRef ref="VTR:Quay:45209"/>
            </PassengerStopAssignment>
          </stopAssignments>
          <journeyPatterns>
            <JourneyPattern id="VTR:JourneyPattern:6921344" version="6924928">
              <RouteRef ref="VTR:Route:25619" version="1"/>
              <pointsInSequence>
                <StopPointInJourneyPattern id="VTR:StopPointInJourneyPattern:243932112" version="6924928" order="1">
                  <ScheduledStopPointRef ref="VTR:ScheduledStopPoint:3301539"/>
                  <DestinationDisplayRef ref="VTR:DestinationDisplay:1"/>
                </StopPointInJourneyPattern>
                <StopPointInJourneyPattern id="VTR:StopPointInJourneyPattern:243932113" version="6924928" order="2">
                  <ScheduledStopPointRef ref="VTR:ScheduledStopPoint:3301540"/>
                  <DestinationDisplayRef ref="VTR:DestinationDisplay:1"/>
                </StopPointInJourneyPattern>
                <StopPointInJourneyPattern id="VTR:StopPointInJourneyPattern:243932114" version="6924928" order="3">
                  <ScheduledStopPointRef ref="VTR:ScheduledStopPoint:3301541"/>
                  <DestinationDisplayRef ref="VTR:DestinationDisplay:1"/>
                </StopPointInJourneyPattern>
                <StopPointInJourneyPattern id="VTR:StopPointInJourneyPattern:243932115" version="6924928" order="4">
                  <ScheduledStopPointRef ref="VTR:ScheduledStopPoint:3301542"/>
                  <DestinationDisplayRef ref="VTR:DestinationDisplay:1"/>
                </StopPointInJourneyPattern>
                <StopPointInJourneyPattern id="VTR:StopPointInJourneyPattern:243919539" version="6924928" order="5">
                  <ScheduledStopPointRef ref="VTR:ScheduledStopPoint:3301543"/>
                  <DestinationDisplayRef ref="VTR:DestinationDisplay:1"/>
                </StopPointInJourneyPattern>
                <StopPointInJourneyPattern id="VTR:StopPointInJourneyPattern:243932116" version="6924928" order="6">
                  <ScheduledStopPointRef ref="VTR:ScheduledStopPoint:3301544"/>
                  <DestinationDisplayRef ref="VTR:DestinationDisplay:1"/>
                </StopPointInJourneyPattern>
                <StopPointInJourneyPattern id="VTR:StopPointInJourneyPattern:243932117" version="6924928" order="7">
                  <ScheduledStopPointRef ref="VTR:ScheduledStopPoint:3301545"/>
                  <DestinationDisplayRef ref="VTR:DestinationDisplay:1"/>
                </StopPointInJourneyPattern>
                <StopPointInJourneyPattern id="VTR:StopPointInJourneyPattern:243921770" version="6924928" order="8">
                  <ScheduledStopPointRef ref="VTR:ScheduledStopPoint:3301546"/>
                  <DestinationDisplayRef ref="VTR:DestinationDisplay:1"/>
                </StopPointInJourneyPattern>
              </pointsInSequence>
            </JourneyPattern>
            <JourneyPattern id="VTR:JourneyPattern:6921353" version="6924937">
              <RouteRef ref="VTR:Route:25570" version="1"/>
              <pointsInSequence>
                <StopPointInJourneyPattern id="VTR:StopPointInJourneyPattern:243932118" version="6924937" order="1">
                  <ScheduledStopPointRef ref="VTR:ScheduledStopPoint:3301547"/>
                  <DestinationDisplayRef ref="VTR:DestinationDisplay:1"/>
                </StopPointInJourneyPattern>
                <StopPointInJourneyPattern id="VTR:StopPointInJourneyPattern:243932119" version="6924937" order="2">
                  <ScheduledStopPointRef ref="VTR:ScheduledStopPoint:3301548"/>
                  <DestinationDisplayRef ref="VTR:DestinationDisplay:1"/>
                </StopPointInJourneyPattern>
                <StopPointInJourneyPattern id="VTR:StopPointInJourneyPattern:243932120" version="6924937" order="3">
                  <ScheduledStopPointRef ref="VTR:ScheduledStopPoint:3301554"/>
                  <DestinationDisplayRef ref="VTR:DestinationDisplay:1"/>
                </StopPointInJourneyPattern>
                <StopPointInJourneyPattern id="VTR:StopPointInJourneyPattern:243932121" version="6924937" order="4">
                  <ScheduledStopPointRef ref="VTR:ScheduledStopPoint:3301555"/>
                  <DestinationDisplayRef ref="VTR:DestinationDisplay:1"/>
                </StopPointInJourneyPattern>
                <StopPointInJourneyPattern id="VTR:StopPointInJourneyPattern:243932122" version="6924937" order="5">
                  <ScheduledStopPointRef ref="VTR:ScheduledStopPoint:3301556"/>
                  <DestinationDisplayRef ref="VTR:DestinationDisplay:1"/>
                </StopPointInJourneyPattern>
                <StopPointInJourneyPattern id="VTR:StopPointInJourneyPattern:243932123" version="6924937" order="6">
                  <ScheduledStopPointRef ref="VTR:ScheduledStopPoint:3301557"/>
                  <DestinationDisplayRef ref="VTR:DestinationDisplay:1"/>
                </StopPointInJourneyPattern>
                <StopPointInJourneyPattern id="VTR:StopPointInJourneyPattern:243932124" version="6924937" order="7">
                  <ScheduledStopPointRef ref="VTR:ScheduledStopPoint:3301558"/>
                  <DestinationDisplayRef ref="VTR:DestinationDisplay:1"/>
                </StopPointInJourneyPattern>
                <StopPointInJourneyPattern id="VTR:StopPointInJourneyPattern:243932125" version="6924937" order="8">
                  <ScheduledStopPointRef ref="VTR:ScheduledStopPoint:3301559"/>
                  <DestinationDisplayRef ref="VTR:DestinationDisplay:1"/>
                </StopPointInJourneyPattern>
              </pointsInSequence>
            </JourneyPattern>
            <JourneyPattern id="VTR:JourneyPattern:6921254" version="6924838">
              <RouteRef ref="VTR:Route:25547" version="1"/>
              <pointsInSequence>
                <StopPointInJourneyPattern id="VTR:StopPointInJourneyPattern:243932134" version="6924838" order="1">
                  <ScheduledStopPointRef ref="VTR:ScheduledStopPoint:3301560"/>
                  <DestinationDisplayRef ref="VTR:DestinationDisplay:1"/>
                </StopPointInJourneyPattern>
                <StopPointInJourneyPattern id="VTR:StopPointInJourneyPattern:243932135" version="6924838" order="2">
                  <ScheduledStopPointRef ref="VTR:ScheduledStopPoint:3301561"/>
                  <DestinationDisplayRef ref="VTR:DestinationDisplay:1"/>
                </StopPointInJourneyPattern>
              </pointsInSequence>
            </JourneyPattern>
            <JourneyPattern id="VTR:JourneyPattern:6921347" version="6924931">
              <RouteRef ref="VTR:Route:25619" version="1"/>
              <pointsInSequence>
                <StopPointInJourneyPattern id="VTR:StopPointInJourneyPattern:243932104" version="6924931" order="1">
                  <ScheduledStopPointRef ref="VTR:ScheduledStopPoint:3301539"/>
                  <DestinationDisplayRef ref="VTR:DestinationDisplay:1"/>
                </StopPointInJourneyPattern>
                <StopPointInJourneyPattern id="VTR:StopPointInJourneyPattern:243932105" version="6924931" order="2">
                  <ScheduledStopPointRef ref="VTR:ScheduledStopPoint:3301540"/>
                  <DestinationDisplayRef ref="VTR:DestinationDisplay:1"/>
                </StopPointInJourneyPattern>
                <StopPointInJourneyPattern id="VTR:StopPointInJourneyPattern:243932106" version="6924931" order="3">
                  <ScheduledStopPointRef ref="VTR:ScheduledStopPoint:3301541"/>
                  <DestinationDisplayRef ref="VTR:DestinationDisplay:1"/>
                </StopPointInJourneyPattern>
                <StopPointInJourneyPattern id="VTR:StopPointInJourneyPattern:243932107" version="6924931" order="4">
                  <ScheduledStopPointRef ref="VTR:ScheduledStopPoint:3301542"/>
                  <DestinationDisplayRef ref="VTR:DestinationDisplay:1"/>
                </StopPointInJourneyPattern>
                <StopPointInJourneyPattern id="VTR:StopPointInJourneyPattern:243932108" version="6924931" order="5">
                  <ScheduledStopPointRef ref="VTR:ScheduledStopPoint:3301543"/>
                  <DestinationDisplayRef ref="VTR:DestinationDisplay:1"/>
                </StopPointInJourneyPattern>
                <StopPointInJourneyPattern id="VTR:StopPointInJourneyPattern:243932109" version="6924931" order="6">
                  <ScheduledStopPointRef ref="VTR:ScheduledStopPoint:3301544"/>
                  <DestinationDisplayRef ref="VTR:DestinationDisplay:1"/>
                </StopPointInJourneyPattern>
                <StopPointInJourneyPattern id="VTR:StopPointInJourneyPattern:243932110" version="6924931" order="7">
                  <ScheduledStopPointRef ref="VTR:ScheduledStopPoint:3301545"/>
                  <DestinationDisplayRef ref="VTR:DestinationDisplay:1"/>
                </StopPointInJourneyPattern>
                <StopPointInJourneyPattern id="VTR:StopPointInJourneyPattern:243932111" version="6924931" order="8">
                  <ScheduledStopPointRef ref="VTR:ScheduledStopPoint:3301546"/>
                  <DestinationDisplayRef ref="VTR:DestinationDisplay:1"/>
                </StopPointInJourneyPattern>
              </pointsInSequence>
            </JourneyPattern>
            <JourneyPattern id="VTR:JourneyPattern:6921252" version="6924836">
              <RouteRef ref="VTR:Route:25547" version="1"/>
              <pointsInSequence>
                <StopPointInJourneyPattern id="VTR:StopPointInJourneyPattern:243932136" version="6924836" order="1">
                  <ScheduledStopPointRef ref="VTR:ScheduledStopPoint:3301560"/>
                  <DestinationDisplayRef ref="VTR:DestinationDisplay:1"/>
                </StopPointInJourneyPattern>
                <StopPointInJourneyPattern id="VTR:StopPointInJourneyPattern:243932137" version="6924836" order="2">
                  <ScheduledStopPointRef ref="VTR:ScheduledStopPoint:3301561"/>
                  <DestinationDisplayRef ref="VTR:DestinationDisplay:1"/>
                </StopPointInJourneyPattern>
              </pointsInSequence>
            </JourneyPattern>
            <JourneyPattern id="VTR:JourneyPattern:6921350" version="6924934">
              <RouteRef ref="VTR:Route:25570" version="1"/>
              <pointsInSequence>
                <StopPointInJourneyPattern id="VTR:StopPointInJourneyPattern:243932126" version="6924934" order="1">
                  <ScheduledStopPointRef ref="VTR:ScheduledStopPoint:3301547"/>
                  <DestinationDisplayRef ref="VTR:DestinationDisplay:1"/>
                </StopPointInJourneyPattern>
                <StopPointInJourneyPattern id="VTR:StopPointInJourneyPattern:243932127" version="6924934" order="2">
                  <ScheduledStopPointRef ref="VTR:ScheduledStopPoint:3301548"/>
                  <DestinationDisplayRef ref="VTR:DestinationDisplay:1"/>
                </StopPointInJourneyPattern>
                <StopPointInJourneyPattern id="VTR:StopPointInJourneyPattern:243932128" version="6924934" order="3">
                  <ScheduledStopPointRef ref="VTR:ScheduledStopPoint:3301554"/>
                  <DestinationDisplayRef ref="VTR:DestinationDisplay:1"/>
                </StopPointInJourneyPattern>
                <StopPointInJourneyPattern id="VTR:StopPointInJourneyPattern:243932129" version="6924934" order="4">
                  <ScheduledStopPointRef ref="VTR:ScheduledStopPoint:3301555"/>
                  <DestinationDisplayRef ref="VTR:DestinationDisplay:1"/>
                </StopPointInJourneyPattern>
                <StopPointInJourneyPattern id="VTR:StopPointInJourneyPattern:243932130" version="6924934" order="5">
                  <ScheduledStopPointRef ref="VTR:ScheduledStopPoint:3301556"/>
                  <DestinationDisplayRef ref="VTR:DestinationDisplay:1"/>
                </StopPointInJourneyPattern>
                <StopPointInJourneyPattern id="VTR:StopPointInJourneyPattern:243932131" version="6924934" order="6">
                  <ScheduledStopPointRef ref="VTR:ScheduledStopPoint:3301557"/>
                  <DestinationDisplayRef ref="VTR:DestinationDisplay:1"/>
                </StopPointInJourneyPattern>
                <StopPointInJourneyPattern id="VTR:StopPointInJourneyPattern:243932132" version="6924934" order="7">
                  <ScheduledStopPointRef ref="VTR:ScheduledStopPoint:3301558"/>
                  <DestinationDisplayRef ref="VTR:DestinationDisplay:1"/>
                </StopPointInJourneyPattern>
                <StopPointInJourneyPattern id="VTR:StopPointInJourneyPattern:243932133" version="6924934" order="8">
                  <ScheduledStopPointRef ref="VTR:ScheduledStopPoint:3301559"/>
                  <DestinationDisplayRef ref="VTR:DestinationDisplay:1"/>
                </StopPointInJourneyPattern>
              </pointsInSequence>
            </JourneyPattern>
          </journeyPatterns>
        </ServiceFrame>
        <TimetableFrame version="1" id="VTR:TimetableFrame:1366">
          <vehicleJourneys>
            <ServiceJourney version="6924934" id="VTR:ServiceJourney:6921350">
              <Name>siauliai_bus_114_b-a</Name>
              <dayTypes>
                <DayTypeRef ref="VTR:DayType:38903"/>
              </dayTypes>
              <JourneyPatternRef version="6924934" ref="VTR:JourneyPattern:6921350"/>
              <OperatorRef ref="VTR:Operator:532"/>
              <LineRef ref="VTR:Line:9330" version="12164"/>
              <passingTimes>
                <TimetabledPassingTime version="6924934" id="VTR:TimetabledPassingTime:6921350_243932126_1">
                  <StopPointInJourneyPatternRef ref="VTR:StopPointInJourneyPattern:243932126" version="6924934"/>
                  <DepartureTime>19:40:00</DepartureTime>
                  <DepartureDayOffset>0</DepartureDayOffset>
                </TimetabledPassingTime>
                <TimetabledPassingTime version="6924934" id="VTR:TimetabledPassingTime:6921350_243932127_2">
                  <StopPointInJourneyPatternRef ref="VTR:StopPointInJourneyPattern:243932127" version="6924934"/>
                  <DepartureTime>19:44:00</DepartureTime>
                  <DepartureDayOffset>0</DepartureDayOffset>
                </TimetabledPassingTime>
                <TimetabledPassingTime version="6924934" id="VTR:TimetabledPassingTime:6921350_243932128_3">
                  <StopPointInJourneyPatternRef ref="VTR:StopPointInJourneyPattern:243932128" version="6924934"/>
                  <DepartureTime>19:47:00</DepartureTime>
                  <DepartureDayOffset>0</DepartureDayOffset>
                </TimetabledPassingTime>
                <TimetabledPassingTime version="6924934" id="VTR:TimetabledPassingTime:6921350_243932129_4">
                  <StopPointInJourneyPatternRef ref="VTR:StopPointInJourneyPattern:243932129" version="6924934"/>
                  <DepartureTime>19:52:00</DepartureTime>
                  <DepartureDayOffset>0</DepartureDayOffset>
                </TimetabledPassingTime>
                <TimetabledPassingTime version="6924934" id="VTR:TimetabledPassingTime:6921350_243932130_5">
                  <StopPointInJourneyPatternRef ref="VTR:StopPointInJourneyPattern:243932130" version="6924934"/>
                  <DepartureTime>19:55:00</DepartureTime>
                  <DepartureDayOffset>0</DepartureDayOffset>
                </TimetabledPassingTime>
                <TimetabledPassingTime version="6924934" id="VTR:TimetabledPassingTime:6921350_243932131_6">
                  <StopPointInJourneyPatternRef ref="VTR:StopPointInJourneyPattern:243932131" version="6924934"/>
                  <DepartureTime>19:57:00</DepartureTime>
                  <DepartureDayOffset>0</DepartureDayOffset>
                </TimetabledPassingTime>
                <TimetabledPassingTime version="6924934" id="VTR:TimetabledPassingTime:6921350_243932132_7">
                  <StopPointInJourneyPatternRef ref="VTR:StopPointInJourneyPattern:243932132" version="6924934"/>
                  <DepartureTime>19:59:00</DepartureTime>
                  <DepartureDayOffset>0</DepartureDayOffset>
                </TimetabledPassingTime>
                <TimetabledPassingTime version="6924934" id="VTR:TimetabledPassingTime:6921350_243932133_8">
                  <StopPointInJourneyPatternRef ref="VTR:StopPointInJourneyPattern:243932133" version="6924934"/>
                  <DepartureTime>20:10:00</DepartureTime>
                  <DepartureDayOffset>0</DepartureDayOffset>
                </TimetabledPassingTime>
              </passingTimes>
            </ServiceJourney>
            <ServiceJourney version="6924931" id="VTR:ServiceJourney:6921347">
              <Name>siauliai_bus_114_a-b</Name>
              <dayTypes>
                <DayTypeRef ref="VTR:DayType:38903"/>
              </dayTypes>
              <JourneyPatternRef version="6924931" ref="VTR:JourneyPattern:6921347"/>
              <OperatorRef ref="VTR:Operator:532"/>
              <LineRef ref="VTR:Line:9330" version="12164"/>
              <passingTimes>
                <TimetabledPassingTime version="6924931" id="VTR:TimetabledPassingTime:6921347_243932104_1">
                  <StopPointInJourneyPatternRef ref="VTR:StopPointInJourneyPattern:243932104" version="6924931"/>
                  <DepartureTime>19:10:00</DepartureTime>
                  <DepartureDayOffset>0</DepartureDayOffset>
                </TimetabledPassingTime>
                <TimetabledPassingTime version="6924931" id="VTR:TimetabledPassingTime:6921347_243932105_2">
                  <StopPointInJourneyPatternRef ref="VTR:StopPointInJourneyPattern:243932105" version="6924931"/>
                  <DepartureTime>19:20:00</DepartureTime>
                  <DepartureDayOffset>0</DepartureDayOffset>
                </TimetabledPassingTime>
                <TimetabledPassingTime version="6924931" id="VTR:TimetabledPassingTime:6921347_243932106_3">
                  <StopPointInJourneyPatternRef ref="VTR:StopPointInJourneyPattern:243932106" version="6924931"/>
                  <DepartureTime>19:23:00</DepartureTime>
                  <DepartureDayOffset>0</DepartureDayOffset>
                </TimetabledPassingTime>
                <TimetabledPassingTime version="6924931" id="VTR:TimetabledPassingTime:6921347_243932107_4">
                  <StopPointInJourneyPatternRef ref="VTR:StopPointInJourneyPattern:243932107" version="6924931"/>
                  <DepartureTime>19:25:00</DepartureTime>
                  <DepartureDayOffset>0</DepartureDayOffset>
                </TimetabledPassingTime>
                <TimetabledPassingTime version="6924931" id="VTR:TimetabledPassingTime:6921347_243932108_5">
                  <StopPointInJourneyPatternRef ref="VTR:StopPointInJourneyPattern:243932108" version="6924931"/>
                  <DepartureTime>19:30:00</DepartureTime>
                  <DepartureDayOffset>0</DepartureDayOffset>
                </TimetabledPassingTime>
                <TimetabledPassingTime version="6924931" id="VTR:TimetabledPassingTime:6921347_243932109_6">
                  <StopPointInJourneyPatternRef ref="VTR:StopPointInJourneyPattern:243932109" version="6924931"/>
                  <DepartureTime>19:33:00</DepartureTime>
                  <DepartureDayOffset>0</DepartureDayOffset>
                </TimetabledPassingTime>
                <TimetabledPassingTime version="6924931" id="VTR:TimetabledPassingTime:6921347_243932110_7">
                  <StopPointInJourneyPatternRef ref="VTR:StopPointInJourneyPattern:243932110" version="6924931"/>
                  <DepartureTime>19:36:00</DepartureTime>
                  <DepartureDayOffset>0</DepartureDayOffset>
                </TimetabledPassingTime>
                <TimetabledPassingTime version="6924931" id="VTR:TimetabledPassingTime:6921347_243932111_8">
                  <StopPointInJourneyPatternRef ref="VTR:StopPointInJourneyPattern:243932111" version="6924931"/>
                  <DepartureTime>19:38:00</DepartureTime>
                  <DepartureDayOffset>0</DepartureDayOffset>
                </TimetabledPassingTime>
              </passingTimes>
            </ServiceJourney>
            <ServiceJourney version="6924928" id="VTR:ServiceJourney:6921344">
              <Name>siauliai_bus_114_a-b</Name>
              <dayTypes>
                <DayTypeRef ref="VTR:DayType:38903"/>
              </dayTypes>
              <JourneyPatternRef version="6924928" ref="VTR:JourneyPattern:6921344"/>
              <OperatorRef ref="VTR:Operator:532"/>
              <LineRef ref="VTR:Line:9330" version="12164"/>
              <passingTimes>
                <TimetabledPassingTime version="6924928" id="VTR:TimetabledPassingTime:6921344_243932112_1">
                  <StopPointInJourneyPatternRef ref="VTR:StopPointInJourneyPattern:243932112" version="6924928"/>
                  <DepartureTime>19:10:00</DepartureTime>
                  <DepartureDayOffset>0</DepartureDayOffset>
                </TimetabledPassingTime>
                <TimetabledPassingTime version="6924928" id="VTR:TimetabledPassingTime:6921344_243932113_2">
                  <StopPointInJourneyPatternRef ref="VTR:StopPointInJourneyPattern:243932113" version="6924928"/>
                  <DepartureTime>19:20:00</DepartureTime>
                  <DepartureDayOffset>0</DepartureDayOffset>
                </TimetabledPassingTime>
                <TimetabledPassingTime version="6924928" id="VTR:TimetabledPassingTime:6921344_243932114_3">
                  <StopPointInJourneyPatternRef ref="VTR:StopPointInJourneyPattern:243932114" version="6924928"/>
                  <DepartureTime>19:23:00</DepartureTime>
                  <DepartureDayOffset>0</DepartureDayOffset>
                </TimetabledPassingTime>
                <TimetabledPassingTime version="6924928" id="VTR:TimetabledPassingTime:6921344_243932115_4">
                  <StopPointInJourneyPatternRef ref="VTR:StopPointInJourneyPattern:243932115" version="6924928"/>
                  <DepartureTime>19:25:00</DepartureTime>
                  <DepartureDayOffset>0</DepartureDayOffset>
                </TimetabledPassingTime>
                <TimetabledPassingTime version="6924928" id="VTR:TimetabledPassingTime:6921344_243919539_5">
                  <StopPointInJourneyPatternRef ref="VTR:StopPointInJourneyPattern:243919539" version="6924928"/>
                  <DepartureTime>19:30:00</DepartureTime>
                  <DepartureDayOffset>0</DepartureDayOffset>
                </TimetabledPassingTime>
                <TimetabledPassingTime version="6924928" id="VTR:TimetabledPassingTime:6921344_243932116_6">
                  <StopPointInJourneyPatternRef ref="VTR:StopPointInJourneyPattern:243932116" version="6924928"/>
                  <DepartureTime>19:33:00</DepartureTime>
                  <DepartureDayOffset>0</DepartureDayOffset>
                </TimetabledPassingTime>
                <TimetabledPassingTime version="6924928" id="VTR:TimetabledPassingTime:6921344_243932117_7">
                  <StopPointInJourneyPatternRef ref="VTR:StopPointInJourneyPattern:243932117" version="6924928"/>
                  <DepartureTime>19:36:00</DepartureTime>
                  <DepartureDayOffset>0</DepartureDayOffset>
                </TimetabledPassingTime>
                <TimetabledPassingTime version="6924928" id="VTR:TimetabledPassingTime:6921344_243921770_8">
                  <StopPointInJourneyPatternRef ref="VTR:StopPointInJourneyPattern:243921770" version="6924928"/>
                  <DepartureTime>19:38:00</DepartureTime>
                  <DepartureDayOffset>0</DepartureDayOffset>
                </TimetabledPassingTime>
              </passingTimes>
            </ServiceJourney>
            <ServiceJourney version="6924836" id="VTR:ServiceJourney:6921252">
              <Name>siauliai_bus_114_b-b0</Name>
              <dayTypes>
                <DayTypeRef ref="VTR:DayType:38903"/>
              </dayTypes>
              <JourneyPatternRef version="6924836" ref="VTR:JourneyPattern:6921252"/>
              <OperatorRef ref="VTR:Operator:532"/>
              <LineRef ref="VTR:Line:9330" version="12164"/>
              <passingTimes>
                <TimetabledPassingTime version="6924836" id="VTR:TimetabledPassingTime:6921252_243932136_1">
                  <StopPointInJourneyPatternRef ref="VTR:StopPointInJourneyPattern:243932136" version="6924836"/>
                  <DepartureTime>19:38:00</DepartureTime>
                  <DepartureDayOffset>0</DepartureDayOffset>
                </TimetabledPassingTime>
                <TimetabledPassingTime version="6924836" id="VTR:TimetabledPassingTime:6921252_243932137_2">
                  <StopPointInJourneyPatternRef ref="VTR:StopPointInJourneyPattern:243932137" version="6924836"/>
                  <DepartureTime>19:38:00</DepartureTime>
                  <DepartureDayOffset>0</DepartureDayOffset>
                </TimetabledPassingTime>
              </passingTimes>
            </ServiceJourney>
            <ServiceJourney version="6924937" id="VTR:ServiceJourney:6921353">
              <Name>siauliai_bus_114_b-a</Name>
              <dayTypes>
                <DayTypeRef ref="VTR:DayType:38903"/>
              </dayTypes>
              <JourneyPatternRef version="6924937" ref="VTR:JourneyPattern:6921353"/>
              <OperatorRef ref="VTR:Operator:532"/>
              <LineRef ref="VTR:Line:9330" version="12164"/>
              <passingTimes>
                <TimetabledPassingTime version="6924937" id="VTR:TimetabledPassingTime:6921353_243932118_1">
                  <StopPointInJourneyPatternRef ref="VTR:StopPointInJourneyPattern:243932118" version="6924937"/>
                  <DepartureTime>19:40:00</DepartureTime>
                  <DepartureDayOffset>0</DepartureDayOffset>
                </TimetabledPassingTime>
                <TimetabledPassingTime version="6924937" id="VTR:TimetabledPassingTime:6921353_243932119_2">
                  <StopPointInJourneyPatternRef ref="VTR:StopPointInJourneyPattern:243932119" version="6924937"/>
                  <DepartureTime>19:44:00</DepartureTime>
                  <DepartureDayOffset>0</DepartureDayOffset>
                </TimetabledPassingTime>
                <TimetabledPassingTime version="6924937" id="VTR:TimetabledPassingTime:6921353_243932120_3">
                  <StopPointInJourneyPatternRef ref="VTR:StopPointInJourneyPattern:243932120" version="6924937"/>
                  <DepartureTime>19:47:00</DepartureTime>
                  <DepartureDayOffset>0</DepartureDayOffset>
                </TimetabledPassingTime>
                <TimetabledPassingTime version="6924937" id="VTR:TimetabledPassingTime:6921353_243932121_4">
                  <StopPointInJourneyPatternRef ref="VTR:StopPointInJourneyPattern:243932121" version="6924937"/>
                  <DepartureTime>19:52:00</DepartureTime>
                  <DepartureDayOffset>0</DepartureDayOffset>
                </TimetabledPassingTime>
                <TimetabledPassingTime version="6924937" id="VTR:TimetabledPassingTime:6921353_243932122_5">
                  <StopPointInJourneyPatternRef ref="VTR:StopPointInJourneyPattern:243932122" version="6924937"/>
                  <DepartureTime>19:55:00</DepartureTime>
                  <DepartureDayOffset>0</DepartureDayOffset>
                </TimetabledPassingTime>
                <TimetabledPassingTime version="6924937" id="VTR:TimetabledPassingTime:6921353_243932123_6">
                  <StopPointInJourneyPatternRef ref="VTR:StopPointInJourneyPattern:243932123" version="6924937"/>
                  <DepartureTime>19:57:00</DepartureTime>
                  <DepartureDayOffset>0</DepartureDayOffset>
                </TimetabledPassingTime>
                <TimetabledPassingTime version="6924937" id="VTR:TimetabledPassingTime:6921353_243932124_7">
                  <StopPointInJourneyPatternRef ref="VTR:StopPointInJourneyPattern:243932124" version="6924937"/>
                  <DepartureTime>19:59:00</DepartureTime>
                  <DepartureDayOffset>0</DepartureDayOffset>
                </TimetabledPassingTime>
                <TimetabledPassingTime version="6924937" id="VTR:TimetabledPassingTime:6921353_243932125_8">
                  <StopPointInJourneyPatternRef ref="VTR:StopPointInJourneyPattern:243932125" version="6924937"/>
                  <DepartureTime>20:10:00</DepartureTime>
                  <DepartureDayOffset>0</DepartureDayOffset>
                </TimetabledPassingTime>
              </passingTimes>
            </ServiceJourney>
            <ServiceJourney version="6924838" id="VTR:ServiceJourney:6921254">
              <Name>siauliai_bus_114_b-b0</Name>
              <dayTypes>
                <DayTypeRef ref="VTR:DayType:38903"/>
              </dayTypes>
              <JourneyPatternRef version="6924838" ref="VTR:JourneyPattern:6921254"/>
              <OperatorRef ref="VTR:Operator:532"/>
              <LineRef ref="VTR:Line:9330" version="12164"/>
              <passingTimes>
                <TimetabledPassingTime version="6924838" id="VTR:TimetabledPassingTime:6921254_243932134_1">
                  <StopPointInJourneyPatternRef ref="VTR:StopPointInJourneyPattern:243932134" version="6924838"/>
                  <DepartureTime>19:38:00</DepartureTime>
                  <DepartureDayOffset>0</DepartureDayOffset>
                </TimetabledPassingTime>
                <TimetabledPassingTime version="6924838" id="VTR:TimetabledPassingTime:6921254_243932135_2">
                  <StopPointInJourneyPatternRef ref="VTR:StopPointInJourneyPattern:243932135" version="6924838"/>
                  <DepartureTime>19:38:00</DepartureTime>
                  <DepartureDayOffset>0</DepartureDayOffset>
                </TimetabledPassingTime>
              </passingTimes>
            </ServiceJourney>
          </vehicleJourneys>
        </TimetableFrame>
        <ResourceFrame version="1" id="VTR:ResourceFrame:1366">
          <organisations>
            <Authority version="1" id="VTR:Authority:41">
              <CompanyNumber>91</CompanyNumber>
              <Name>Šiaulių r. sav.</Name>
              <LegalName>Šiaulių r. sav.</LegalName>
              <ContactDetails>
                <Email>priimamasis@siauliuraj.lt</Email>
                <Phone>841596655</Phone>
                <Url>www.siauliuraj.lt</Url>
              </ContactDetails>
              <OrganisationType>authority</OrganisationType>
            </Authority>
          </organisations>
        </ResourceFrame>
        <FareFrame id="VTR:FareFrame:9330" version="1">
          <FrameDefaults>
            <DefaultCurrency>EUR</DefaultCurrency>
          </FrameDefaults>
          <usageParameters>
            <RoundTrip id="VTR:RoundTrip:single" version="1">
              <Name>Single</Name>
              <TripType>single</TripType>
            </RoundTrip>
            <FrequencyOfUse id="VTR:FrequencyOfUse:once" version="1">
              <Name>Once</Name>
              <MaximalFrequency>1</MaximalFrequency>
            </FrequencyOfUse>
          </usageParameters>
          <priceGroups>
            <PriceGroup id="VTR:PriceGroup:PG01" version="1">
              <Name>Flat Fare Products - Standard</Name>
              <members>
                <FareProductPrice id="VTR:FareProductPrice:standard" version="1">
                  <Name>Single fare</Name>
                  <Amount>0.01</Amount>
                  <Currency>EUR</Currency>
                </FareProductPrice>
              </members>
            </PriceGroup>
          </priceGroups>
        </FareFrame>
      </frames>
    </CompositeFrame>
  </dataObjects>
</PublicationDelivery>
