<?xml version="1.0" encoding="UTF-8"?><PublicationDelivery xmlns="http://www.netex.org.uk/netex" xmlns:gis="http://www.opengis.net/gml/3.2" xmlns:ns2="http://www.opengis.net/gml/3.2" xmlns:ns3="http://www.siri.org.uk/siri" xmlns:xsi="http://www.w3.org/2001/XMLSchema-instance" version="1" xsi:schemaLocation="">
  <PublicationTimestamp>2022-05-07T00:00:00.550</PublicationTimestamp>
  <ParticipantRef>VTR</ParticipantRef>
  <Description>1</Description>
  <dataObjects>
    <CompositeFrame created="2022-05-07T00:00:00.550" version="1" id="VTR:CompositeFrame:1341">
      <validityConditions>
        <AvailabilityCondition version="1" id="VTR:AvailabilityCondition:1341">
          <FromDate>2020-06-21T12:06:40</FromDate>
          <ToDate>2027-12-30T00:00:00</ToDate>
        </AvailabilityCondition>
      </validityConditions>
      <codespaces>
        <Codespace id="vtr">
          <Xmlns>VTR</Xmlns>
          <XmlnsUrl>http://www.visimarsrutai.lt/</XmlnsUrl>
        </Codespace>
      </codespaces>
      <FrameDefaults>
        <DefaultLocale>
          <TimeZone>Europe/Vilnius</TimeZone>
        </DefaultLocale>
        <DefaultLocationSystem>WGS84</DefaultLocationSystem>
      </FrameDefaults>
      <frames>
        <ServiceCalendarFrame version="1" id="VTR:ServiceCalendarFrame:1341">
          <dayTypes>
            <DayType id="VTR:DayType:39265" version="1">
              <properties>
                <PropertyOfDay>
                  <DaysOfWeek>Monday Tuesday Wednesday Thursday Friday</DaysOfWeek>
                </PropertyOfDay>
              </properties>
            </DayType>
            <DayType id="VTR:DayType:39266" version="1">
              <properties>
                <PropertyOfDay>
                  <DaysOfWeek>Monday Tuesday Wednesday Thursday Friday</DaysOfWeek>
                </PropertyOfDay>
              </properties>
            </DayType>
          </dayTypes>
          <operatingPeriods>
            <OperatingPeriod version="1" id="VTR:OperatingPeriod:39265">
              <FromDate>2018-09-01T00:00:00</FromDate>
              <ToDate>2022-09-01T00:00:00</ToDate>
            </OperatingPeriod>
            <OperatingPeriod version="1" id="VTR:OperatingPeriod:39266">
              <FromDate>2018-09-01T00:00:00</FromDate>
              <ToDate>2022-09-01T00:00:00</ToDate>
            </OperatingPeriod>
          </operatingPeriods>
          <dayTypeAssignments>
            <DayTypeAssignment id="VTR:DayTypeAssignment:39265_0" version="1" order="5524">
              <OperatingPeriodRef ref="VTR:OperatingPeriod:39265" version="1"/>
              <DayTypeRef ref="VTR:DayType:39265" version="1"/>
            </DayTypeAssignment>
            <DayTypeAssignment id="VTR:DayTypeAssignment:39266_0" version="1" order="5526">
              <OperatingPeriodRef ref="VTR:OperatingPeriod:39266" version="1"/>
              <DayTypeRef ref="VTR:DayType:39266" version="1"/>
            </DayTypeAssignment>
            <DayTypeAssignment id="VTR:DayTypeAssignment:39265_958544" version="1" order="50675">
              <Date>2022-06-24</Date>
              <DayTypeRef ref="VTR:DayType:39265" version="1"/>
            </DayTypeAssignment>
            <DayTypeAssignment id="VTR:DayTypeAssignment:39265_958546" version="1" order="50676">
              <Date>2022-08-15</Date>
              <DayTypeRef ref="VTR:DayType:39265" version="1"/>
            </DayTypeAssignment>
            <DayTypeAssignment id="VTR:DayTypeAssignment:39265_958543" version="1" order="50680">
              <Date>2022-05-01</Date>
              <DayTypeRef ref="VTR:DayType:39265" version="1"/>
            </DayTypeAssignment>
            <DayTypeAssignment id="VTR:DayTypeAssignment:39265_958545" version="1" order="50684">
              <Date>2022-07-06</Date>
              <DayTypeRef ref="VTR:DayType:39265" version="1"/>
            </DayTypeAssignment>
            <DayTypeAssignment id="VTR:DayTypeAssignment:39266_958547" version="1" order="50687">
              <Date>2022-05-01</Date>
              <DayTypeRef ref="VTR:DayType:39266" version="1"/>
            </DayTypeAssignment>
            <DayTypeAssignment id="VTR:DayTypeAssignment:39266_958548" version="1" order="50688">
              <Date>2022-06-24</Date>
              <DayTypeRef ref="VTR:DayType:39266" version="1"/>
            </DayTypeAssignment>
            <DayTypeAssignment id="VTR:DayTypeAssignment:39266_958549" version="1" order="50689">
              <Date>2022-07-06</Date>
              <DayTypeRef ref="VTR:DayType:39266" version="1"/>
            </DayTypeAssignment>
            <DayTypeAssignment id="VTR:DayTypeAssignment:39266_958550" version="1" order="50690">
              <Date>2022-08-15</Date>
              <DayTypeRef ref="VTR:DayType:39266" version="1"/>
            </DayTypeAssignment>
          </dayTypeAssignments>
        </ServiceCalendarFrame>
        <ServiceFrame id="VTR:ServiceFrame:1341" version="1">
          <Network version="0" id="VTR:Network:43"/>
          <routePoints>
            <RoutePoint version="1" id="VTR:RoutePoint:3228340">
              <projections>
                <PointProjection version="1" id="VTR:PointProjection:56112">
                  <ProjectedPointRef ref="VTR:ScheduledStopPoint:3228340" version="1"/>
                </PointProjection>
              </projections>
            </RoutePoint>
            <RoutePoint version="1" id="VTR:RoutePoint:3228345">
              <projections>
                <PointProjection version="1" id="VTR:PointProjection:56133">
                  <ProjectedPointRef ref="VTR:ScheduledStopPoint:3228345" version="1"/>
                </PointProjection>
              </projections>
            </RoutePoint>
            <RoutePoint version="1" id="VTR:RoutePoint:3228346">
              <projections>
                <PointProjection version="1" id="VTR:PointProjection:61535">
                  <ProjectedPointRef ref="VTR:ScheduledStopPoint:3228346" version="1"/>
                </PointProjection>
              </projections>
            </RoutePoint>
            <RoutePoint version="1" id="VTR:RoutePoint:3228347">
              <projections>
                <PointProjection version="1" id="VTR:PointProjection:61536">
                  <ProjectedPointRef ref="VTR:ScheduledStopPoint:3228347" version="1"/>
                </PointProjection>
              </projections>
            </RoutePoint>
            <RoutePoint version="1" id="VTR:RoutePoint:3228348">
              <projections>
                <PointProjection version="1" id="VTR:PointProjection:61537">
                  <ProjectedPointRef ref="VTR:ScheduledStopPoint:3228348" version="1"/>
                </PointProjection>
              </projections>
            </RoutePoint>
            <RoutePoint version="1" id="VTR:RoutePoint:3228349">
              <projections>
                <PointProjection version="1" id="VTR:PointProjection:61538">
                  <ProjectedPointRef ref="VTR:ScheduledStopPoint:3228349" version="1"/>
                </PointProjection>
              </projections>
            </RoutePoint>
            <RoutePoint version="1" id="VTR:RoutePoint:3228350">
              <projections>
                <PointProjection version="1" id="VTR:PointProjection:61539">
                  <ProjectedPointRef ref="VTR:ScheduledStopPoint:3228350" version="1"/>
                </PointProjection>
              </projections>
            </RoutePoint>
            <RoutePoint version="1" id="VTR:RoutePoint:3228351">
              <projections>
                <PointProjection version="1" id="VTR:PointProjection:61540">
                  <ProjectedPointRef ref="VTR:ScheduledStopPoint:3228351" version="1"/>
                </PointProjection>
              </projections>
            </RoutePoint>
            <RoutePoint version="1" id="VTR:RoutePoint:3228352">
              <projections>
                <PointProjection version="1" id="VTR:PointProjection:61541">
                  <ProjectedPointRef ref="VTR:ScheduledStopPoint:3228352" version="1"/>
                </PointProjection>
              </projections>
            </RoutePoint>
            <RoutePoint version="1" id="VTR:RoutePoint:3228353">
              <projections>
                <PointProjection version="1" id="VTR:PointProjection:61542">
                  <ProjectedPointRef ref="VTR:ScheduledStopPoint:3228353" version="1"/>
                </PointProjection>
              </projections>
            </RoutePoint>
            <RoutePoint version="1" id="VTR:RoutePoint:3228354">
              <projections>
                <PointProjection version="1" id="VTR:PointProjection:61543">
                  <ProjectedPointRef ref="VTR:ScheduledStopPoint:3228354" version="1"/>
                </PointProjection>
              </projections>
            </RoutePoint>
            <RoutePoint version="1" id="VTR:RoutePoint:3228355">
              <projections>
                <PointProjection version="1" id="VTR:PointProjection:63723">
                  <ProjectedPointRef ref="VTR:ScheduledStopPoint:3228355" version="1"/>
                </PointProjection>
              </projections>
            </RoutePoint>
            <RoutePoint version="1" id="VTR:RoutePoint:3228356">
              <projections>
                <PointProjection version="1" id="VTR:PointProjection:63724">
                  <ProjectedPointRef ref="VTR:ScheduledStopPoint:3228356" version="1"/>
                </PointProjection>
              </projections>
            </RoutePoint>
            <RoutePoint version="1" id="VTR:RoutePoint:3228357">
              <projections>
                <PointProjection version="1" id="VTR:PointProjection:63725">
                  <ProjectedPointRef ref="VTR:ScheduledStopPoint:3228357" version="1"/>
                </PointProjection>
              </projections>
            </RoutePoint>
            <RoutePoint version="1" id="VTR:RoutePoint:3228358">
              <projections>
                <PointProjection version="1" id="VTR:PointProjection:63726">
                  <ProjectedPointRef ref="VTR:ScheduledStopPoint:3228358" version="1"/>
                </PointProjection>
              </projections>
            </RoutePoint>
            <RoutePoint version="1" id="VTR:RoutePoint:3228359">
              <projections>
                <PointProjection version="1" id="VTR:PointProjection:63727">
                  <ProjectedPointRef ref="VTR:ScheduledStopPoint:3228359" version="1"/>
                </PointProjection>
              </projections>
            </RoutePoint>
            <RoutePoint version="1" id="VTR:RoutePoint:3228360">
              <projections>
                <PointProjection version="1" id="VTR:PointProjection:63728">
                  <ProjectedPointRef ref="VTR:ScheduledStopPoint:3228360" version="1"/>
                </PointProjection>
              </projections>
            </RoutePoint>
            <RoutePoint version="1" id="VTR:RoutePoint:3228398">
              <projections>
                <PointProjection version="1" id="VTR:PointProjection:65791">
                  <ProjectedPointRef ref="VTR:ScheduledStopPoint:3228398" version="1"/>
                </PointProjection>
              </projections>
            </RoutePoint>
            <RoutePoint version="1" id="VTR:RoutePoint:3228399">
              <projections>
                <PointProjection version="1" id="VTR:PointProjection:65792">
                  <ProjectedPointRef ref="VTR:ScheduledStopPoint:3228399" version="1"/>
                </PointProjection>
              </projections>
            </RoutePoint>
            <RoutePoint version="1" id="VTR:RoutePoint:3369258">
              <projections>
                <PointProjection version="1" id="VTR:PointProjection:73316">
                  <ProjectedPointRef ref="VTR:ScheduledStopPoint:3369258" version="1"/>
                </PointProjection>
              </projections>
            </RoutePoint>
            <RoutePoint version="1" id="VTR:RoutePoint:3369259">
              <projections>
                <PointProjection version="1" id="VTR:PointProjection:73326">
                  <ProjectedPointRef ref="VTR:ScheduledStopPoint:3369259" version="1"/>
                </PointProjection>
              </projections>
            </RoutePoint>
            <RoutePoint version="1" id="VTR:RoutePoint:3369260">
              <projections>
                <PointProjection version="1" id="VTR:PointProjection:73327">
                  <ProjectedPointRef ref="VTR:ScheduledStopPoint:3369260" version="1"/>
                </PointProjection>
              </projections>
            </RoutePoint>
            <RoutePoint version="1" id="VTR:RoutePoint:3369261">
              <projections>
                <PointProjection version="1" id="VTR:PointProjection:73328">
                  <ProjectedPointRef ref="VTR:ScheduledStopPoint:3369261" version="1"/>
                </PointProjection>
              </projections>
            </RoutePoint>
            <RoutePoint version="1" id="VTR:RoutePoint:3369262">
              <projections>
                <PointProjection version="1" id="VTR:PointProjection:73329">
                  <ProjectedPointRef ref="VTR:ScheduledStopPoint:3369262" version="1"/>
                </PointProjection>
              </projections>
            </RoutePoint>
            <RoutePoint version="1" id="VTR:RoutePoint:3369263">
              <projections>
                <PointProjection version="1" id="VTR:PointProjection:73330">
                  <ProjectedPointRef ref="VTR:ScheduledStopPoint:3369263" version="1"/>
                </PointProjection>
              </projections>
            </RoutePoint>
            <RoutePoint version="1" id="VTR:RoutePoint:3369264">
              <projections>
                <PointProjection version="1" id="VTR:PointProjection:73331">
                  <ProjectedPointRef ref="VTR:ScheduledStopPoint:3369264" version="1"/>
                </PointProjection>
              </projections>
            </RoutePoint>
            <RoutePoint version="1" id="VTR:RoutePoint:3369265">
              <projections>
                <PointProjection version="1" id="VTR:PointProjection:73332">
                  <ProjectedPointRef ref="VTR:ScheduledStopPoint:3369265" version="1"/>
                </PointProjection>
              </projections>
            </RoutePoint>
            <RoutePoint version="1" id="VTR:RoutePoint:3369266">
              <projections>
                <PointProjection version="1" id="VTR:PointProjection:73427">
                  <ProjectedPointRef ref="VTR:ScheduledStopPoint:3369266" version="1"/>
                </PointProjection>
              </projections>
            </RoutePoint>
            <RoutePoint version="1" id="VTR:RoutePoint:3369267">
              <projections>
                <PointProjection version="1" id="VTR:PointProjection:73428">
                  <ProjectedPointRef ref="VTR:ScheduledStopPoint:3369267" version="1"/>
                </PointProjection>
              </projections>
            </RoutePoint>
            <RoutePoint version="1" id="VTR:RoutePoint:3369268">
              <projections>
                <PointProjection version="1" id="VTR:PointProjection:73429">
                  <ProjectedPointRef ref="VTR:ScheduledStopPoint:3369268" version="1"/>
                </PointProjection>
              </projections>
            </RoutePoint>
            <RoutePoint version="1" id="VTR:RoutePoint:3369269">
              <projections>
                <PointProjection version="1" id="VTR:PointProjection:73430">
                  <ProjectedPointRef ref="VTR:ScheduledStopPoint:3369269" version="1"/>
                </PointProjection>
              </projections>
            </RoutePoint>
            <RoutePoint version="1" id="VTR:RoutePoint:3369270">
              <projections>
                <PointProjection version="1" id="VTR:PointProjection:73431">
                  <ProjectedPointRef ref="VTR:ScheduledStopPoint:3369270" version="1"/>
                </PointProjection>
              </projections>
            </RoutePoint>
            <RoutePoint version="1" id="VTR:RoutePoint:3369271">
              <projections>
                <PointProjection version="1" id="VTR:PointProjection:73432">
                  <ProjectedPointRef ref="VTR:ScheduledStopPoint:3369271" version="1"/>
                </PointProjection>
              </projections>
            </RoutePoint>
            <RoutePoint version="1" id="VTR:RoutePoint:3369272">
              <projections>
                <PointProjection version="1" id="VTR:PointProjection:73439">
                  <ProjectedPointRef ref="VTR:ScheduledStopPoint:3369272" version="1"/>
                </PointProjection>
              </projections>
            </RoutePoint>
            <RoutePoint version="1" id="VTR:RoutePoint:3369273">
              <projections>
                <PointProjection version="1" id="VTR:PointProjection:73440">
                  <ProjectedPointRef ref="VTR:ScheduledStopPoint:3369273" version="1"/>
                </PointProjection>
              </projections>
            </RoutePoint>
            <RoutePoint version="1" id="VTR:RoutePoint:3369274">
              <projections>
                <PointProjection version="1" id="VTR:PointProjection:73419">
                  <ProjectedPointRef ref="VTR:ScheduledStopPoint:3369274" version="1"/>
                </PointProjection>
              </projections>
            </RoutePoint>
            <RoutePoint version="1" id="VTR:RoutePoint:3369275">
              <projections>
                <PointProjection version="1" id="VTR:PointProjection:73420">
                  <ProjectedPointRef ref="VTR:ScheduledStopPoint:3369275" version="1"/>
                </PointProjection>
              </projections>
            </RoutePoint>
            <RoutePoint version="1" id="VTR:RoutePoint:3369276">
              <projections>
                <PointProjection version="1" id="VTR:PointProjection:73421">
                  <ProjectedPointRef ref="VTR:ScheduledStopPoint:3369276" version="1"/>
                </PointProjection>
              </projections>
            </RoutePoint>
            <RoutePoint version="1" id="VTR:RoutePoint:3369277">
              <projections>
                <PointProjection version="1" id="VTR:PointProjection:73422">
                  <ProjectedPointRef ref="VTR:ScheduledStopPoint:3369277" version="1"/>
                </PointProjection>
              </projections>
            </RoutePoint>
            <RoutePoint version="1" id="VTR:RoutePoint:3369278">
              <projections>
                <PointProjection version="1" id="VTR:PointProjection:73423">
                  <ProjectedPointRef ref="VTR:ScheduledStopPoint:3369278" version="1"/>
                </PointProjection>
              </projections>
            </RoutePoint>
            <RoutePoint version="1" id="VTR:RoutePoint:3369279">
              <projections>
                <PointProjection version="1" id="VTR:PointProjection:73424">
                  <ProjectedPointRef ref="VTR:ScheduledStopPoint:3369279" version="1"/>
                </PointProjection>
              </projections>
            </RoutePoint>
          </routePoints>
          <routes>
            <Route version="1" id="VTR:Route:24910">
              <Name>panevezys_bus_N1_e-b</Name>
              <ShortName>panevezys_bus_N1_e-b</ShortName>
              <LineRef ref="VTR:Line:7896" version="10301"/>
              <pointsInSequence>
                <PointOnRoute version="1" id="VTR:PointOnRoute:3228345" order="1">
                  <RoutePointRef ref="VTR:RoutePoint:3228345"/>
                </PointOnRoute>
                <PointOnRoute version="1" id="VTR:PointOnRoute:3228346" order="2">
                  <RoutePointRef ref="VTR:RoutePoint:3228346"/>
                </PointOnRoute>
                <PointOnRoute version="1" id="VTR:PointOnRoute:3228347" order="3">
                  <RoutePointRef ref="VTR:RoutePoint:3228347"/>
                </PointOnRoute>
                <PointOnRoute version="1" id="VTR:PointOnRoute:3228348" order="4">
                  <RoutePointRef ref="VTR:RoutePoint:3228348"/>
                </PointOnRoute>
                <PointOnRoute version="1" id="VTR:PointOnRoute:3228349" order="5">
                  <RoutePointRef ref="VTR:RoutePoint:3228349"/>
                </PointOnRoute>
                <PointOnRoute version="1" id="VTR:PointOnRoute:3228350" order="6">
                  <RoutePointRef ref="VTR:RoutePoint:3228350"/>
                </PointOnRoute>
                <PointOnRoute version="1" id="VTR:PointOnRoute:3228351" order="7">
                  <RoutePointRef ref="VTR:RoutePoint:3228351"/>
                </PointOnRoute>
                <PointOnRoute version="1" id="VTR:PointOnRoute:3228352" order="8">
                  <RoutePointRef ref="VTR:RoutePoint:3228352"/>
                </PointOnRoute>
                <PointOnRoute version="1" id="VTR:PointOnRoute:3228353" order="9">
                  <RoutePointRef ref="VTR:RoutePoint:3228353"/>
                </PointOnRoute>
                <PointOnRoute version="1" id="VTR:PointOnRoute:3228354" order="10">
                  <RoutePointRef ref="VTR:RoutePoint:3228354"/>
                </PointOnRoute>
                <PointOnRoute version="1" id="VTR:PointOnRoute:3228355" order="11">
                  <RoutePointRef ref="VTR:RoutePoint:3228355"/>
                </PointOnRoute>
                <PointOnRoute version="1" id="VTR:PointOnRoute:3228356" order="12">
                  <RoutePointRef ref="VTR:RoutePoint:3228356"/>
                </PointOnRoute>
                <PointOnRoute version="1" id="VTR:PointOnRoute:3228357" order="13">
                  <RoutePointRef ref="VTR:RoutePoint:3228357"/>
                </PointOnRoute>
                <PointOnRoute version="1" id="VTR:PointOnRoute:3228358" order="14">
                  <RoutePointRef ref="VTR:RoutePoint:3228358"/>
                </PointOnRoute>
                <PointOnRoute version="1" id="VTR:PointOnRoute:3228359" order="15">
                  <RoutePointRef ref="VTR:RoutePoint:3228359"/>
                </PointOnRoute>
                <PointOnRoute version="1" id="VTR:PointOnRoute:3228360" order="16">
                  <RoutePointRef ref="VTR:RoutePoint:3228360"/>
                </PointOnRoute>
                <PointOnRoute version="1" id="VTR:PointOnRoute:3228398" order="17">
                  <RoutePointRef ref="VTR:RoutePoint:3228398"/>
                </PointOnRoute>
                <PointOnRoute version="1" id="VTR:PointOnRoute:3228399" order="18">
                  <RoutePointRef ref="VTR:RoutePoint:3228399"/>
                </PointOnRoute>
              </pointsInSequence>
            </Route>
            <Route version="1" id="VTR:Route:22001">
              <Name>panevezys_bus_N1_a-b</Name>
              <ShortName>panevezys_bus_N1_a-b</ShortName>
              <LineRef ref="VTR:Line:7896" version="10301"/>
              <pointsInSequence>
                <PointOnRoute version="1" id="VTR:PointOnRoute:3228340" order="1">
                  <RoutePointRef ref="VTR:RoutePoint:3228340"/>
                </PointOnRoute>
                <PointOnRoute version="1" id="VTR:PointOnRoute:3369258" order="2">
                  <RoutePointRef ref="VTR:RoutePoint:3369258"/>
                </PointOnRoute>
                <PointOnRoute version="1" id="VTR:PointOnRoute:3369259" order="3">
                  <RoutePointRef ref="VTR:RoutePoint:3369259"/>
                </PointOnRoute>
                <PointOnRoute version="1" id="VTR:PointOnRoute:3369260" order="4">
                  <RoutePointRef ref="VTR:RoutePoint:3369260"/>
                </PointOnRoute>
                <PointOnRoute version="1" id="VTR:PointOnRoute:3369261" order="5">
                  <RoutePointRef ref="VTR:RoutePoint:3369261"/>
                </PointOnRoute>
                <PointOnRoute version="1" id="VTR:PointOnRoute:3369262" order="6">
                  <RoutePointRef ref="VTR:RoutePoint:3369262"/>
                </PointOnRoute>
                <PointOnRoute version="1" id="VTR:PointOnRoute:3369263" order="7">
                  <RoutePointRef ref="VTR:RoutePoint:3369263"/>
                </PointOnRoute>
                <PointOnRoute version="1" id="VTR:PointOnRoute:3369264" order="8">
                  <RoutePointRef ref="VTR:RoutePoint:3369264"/>
                </PointOnRoute>
                <PointOnRoute version="1" id="VTR:PointOnRoute:3369265" order="9">
                  <RoutePointRef ref="VTR:RoutePoint:3369265"/>
                </PointOnRoute>
                <PointOnRoute version="1" id="VTR:PointOnRoute:3369266" order="10">
                  <RoutePointRef ref="VTR:RoutePoint:3369266"/>
                </PointOnRoute>
                <PointOnRoute version="1" id="VTR:PointOnRoute:3369267" order="11">
                  <RoutePointRef ref="VTR:RoutePoint:3369267"/>
                </PointOnRoute>
                <PointOnRoute version="1" id="VTR:PointOnRoute:3369268" order="12">
                  <RoutePointRef ref="VTR:RoutePoint:3369268"/>
                </PointOnRoute>
                <PointOnRoute version="1" id="VTR:PointOnRoute:3369269" order="13">
                  <RoutePointRef ref="VTR:RoutePoint:3369269"/>
                </PointOnRoute>
                <PointOnRoute version="1" id="VTR:PointOnRoute:3369270" order="14">
                  <RoutePointRef ref="VTR:RoutePoint:3369270"/>
                </PointOnRoute>
                <PointOnRoute version="1" id="VTR:PointOnRoute:3369271" order="15">
                  <RoutePointRef ref="VTR:RoutePoint:3369271"/>
                </PointOnRoute>
                <PointOnRoute version="1" id="VTR:PointOnRoute:3369272" order="16">
                  <RoutePointRef ref="VTR:RoutePoint:3369272"/>
                </PointOnRoute>
                <PointOnRoute version="1" id="VTR:PointOnRoute:3369273" order="17">
                  <RoutePointRef ref="VTR:RoutePoint:3369273"/>
                </PointOnRoute>
                <PointOnRoute version="1" id="VTR:PointOnRoute:3369274" order="18">
                  <RoutePointRef ref="VTR:RoutePoint:3369274"/>
                </PointOnRoute>
                <PointOnRoute version="1" id="VTR:PointOnRoute:3369275" order="19">
                  <RoutePointRef ref="VTR:RoutePoint:3369275"/>
                </PointOnRoute>
                <PointOnRoute version="1" id="VTR:PointOnRoute:3369276" order="20">
                  <RoutePointRef ref="VTR:RoutePoint:3369276"/>
                </PointOnRoute>
                <PointOnRoute version="1" id="VTR:PointOnRoute:3369277" order="21">
                  <RoutePointRef ref="VTR:RoutePoint:3369277"/>
                </PointOnRoute>
                <PointOnRoute version="1" id="VTR:PointOnRoute:3369278" order="22">
                  <RoutePointRef ref="VTR:RoutePoint:3369278"/>
                </PointOnRoute>
                <PointOnRoute version="1" id="VTR:PointOnRoute:3369279" order="23">
                  <RoutePointRef ref="VTR:RoutePoint:3369279"/>
                </PointOnRoute>
              </pointsInSequence>
            </Route>
          </routes>
          <lines>
            <Line version="10301" id="VTR:Line:7896">
              <Name>UAB "Devold" - Velžio kelias</Name>
              <TransportMode>bus</TransportMode>
              <TransportSubmode>
                <BusSubmode>localBus</BusSubmode>
              </TransportSubmode>
              <PublicCode>N1</PublicCode>
              <OperatorRef ref="VTR:Operator:43"/>
            </Line>
          </lines>
          <scheduledStopPoints>
            <ScheduledStopPoint version="1" id="VTR:ScheduledStopPoint:3228340">
              <Name>UAB "Devold"</Name>
            </ScheduledStopPoint>
            <ScheduledStopPoint version="1" id="VTR:ScheduledStopPoint:3228345">
              <Name>AB "Lietkabelis"</Name>
            </ScheduledStopPoint>
            <ScheduledStopPoint version="1" id="VTR:ScheduledStopPoint:3228346">
              <Name>Pušaloto g.</Name>
            </ScheduledStopPoint>
            <ScheduledStopPoint version="1" id="VTR:ScheduledStopPoint:3228347">
              <Name>Taikos al.</Name>
            </ScheduledStopPoint>
            <ScheduledStopPoint version="1" id="VTR:ScheduledStopPoint:3228348">
              <Name>"Cido" arena</Name>
            </ScheduledStopPoint>
            <ScheduledStopPoint version="1" id="VTR:ScheduledStopPoint:3228349">
              <Name>Poliklinika</Name>
            </ScheduledStopPoint>
            <ScheduledStopPoint version="1" id="VTR:ScheduledStopPoint:3228350">
              <Name>Nemuno g.</Name>
            </ScheduledStopPoint>
            <ScheduledStopPoint version="1" id="VTR:ScheduledStopPoint:3228351">
              <Name>F. Vaitkaus g.</Name>
            </ScheduledStopPoint>
            <ScheduledStopPoint version="1" id="VTR:ScheduledStopPoint:3228352">
              <Name>Prekybos centras "Maxima"</Name>
            </ScheduledStopPoint>
            <ScheduledStopPoint version="1" id="VTR:ScheduledStopPoint:3228353">
              <Name>Centras "RYO" Vakarinė g.</Name>
            </ScheduledStopPoint>
            <ScheduledStopPoint version="1" id="VTR:ScheduledStopPoint:3228354">
              <Name>Kniaudiškių g.</Name>
            </ScheduledStopPoint>
            <ScheduledStopPoint version="1" id="VTR:ScheduledStopPoint:3228355">
              <Name>Projektuotojų g.</Name>
            </ScheduledStopPoint>
            <ScheduledStopPoint version="1" id="VTR:ScheduledStopPoint:3228356">
              <Name>J. Tilvyčio g.</Name>
            </ScheduledStopPoint>
            <ScheduledStopPoint version="1" id="VTR:ScheduledStopPoint:3228357">
              <Name>J. Miltinio mokykla</Name>
            </ScheduledStopPoint>
            <ScheduledStopPoint version="1" id="VTR:ScheduledStopPoint:3228358">
              <Name>Durpyno g.</Name>
            </ScheduledStopPoint>
            <ScheduledStopPoint version="1" id="VTR:ScheduledStopPoint:3228359">
              <Name>Autobusų parkas</Name>
            </ScheduledStopPoint>
            <ScheduledStopPoint version="1" id="VTR:ScheduledStopPoint:3228360">
              <Name>"Tulpė"</Name>
            </ScheduledStopPoint>
            <ScheduledStopPoint version="1" id="VTR:ScheduledStopPoint:3228398">
              <Name>Beržų g.</Name>
            </ScheduledStopPoint>
            <ScheduledStopPoint version="1" id="VTR:ScheduledStopPoint:3228399">
              <Name>Velžio kelias</Name>
            </ScheduledStopPoint>
            <ScheduledStopPoint version="1" id="VTR:ScheduledStopPoint:3369258">
              <Name>J. Janonio g.</Name>
            </ScheduledStopPoint>
            <ScheduledStopPoint version="1" id="VTR:ScheduledStopPoint:3369259">
              <Name>Tiltas</Name>
            </ScheduledStopPoint>
            <ScheduledStopPoint version="1" id="VTR:ScheduledStopPoint:3369260">
              <Name>Įmonių g.</Name>
            </ScheduledStopPoint>
            <ScheduledStopPoint version="1" id="VTR:ScheduledStopPoint:3369261">
              <Name>UAB "Atra"</Name>
            </ScheduledStopPoint>
            <ScheduledStopPoint version="1" id="VTR:ScheduledStopPoint:3369262">
              <Name>AB "Lietkabelis"</Name>
            </ScheduledStopPoint>
            <ScheduledStopPoint version="1" id="VTR:ScheduledStopPoint:3369263">
              <Name>Pušaloto g.</Name>
            </ScheduledStopPoint>
            <ScheduledStopPoint version="1" id="VTR:ScheduledStopPoint:3369264">
              <Name>Taikos al.</Name>
            </ScheduledStopPoint>
            <ScheduledStopPoint version="1" id="VTR:ScheduledStopPoint:3369265">
              <Name>"Cido" arena</Name>
            </ScheduledStopPoint>
            <ScheduledStopPoint version="1" id="VTR:ScheduledStopPoint:3369266">
              <Name>Poliklinika</Name>
            </ScheduledStopPoint>
            <ScheduledStopPoint version="1" id="VTR:ScheduledStopPoint:3369267">
              <Name>Nemuno g.</Name>
            </ScheduledStopPoint>
            <ScheduledStopPoint version="1" id="VTR:ScheduledStopPoint:3369268">
              <Name>F. Vaitkaus g.</Name>
            </ScheduledStopPoint>
            <ScheduledStopPoint version="1" id="VTR:ScheduledStopPoint:3369269">
              <Name>Prekybos centras "Maxima"</Name>
            </ScheduledStopPoint>
            <ScheduledStopPoint version="1" id="VTR:ScheduledStopPoint:3369270">
              <Name>Centras "RYO" Vakarinė g.</Name>
            </ScheduledStopPoint>
            <ScheduledStopPoint version="1" id="VTR:ScheduledStopPoint:3369271">
              <Name>Kniaudiškių g.</Name>
            </ScheduledStopPoint>
            <ScheduledStopPoint version="1" id="VTR:ScheduledStopPoint:3369272">
              <Name>Projektuotojų g.</Name>
            </ScheduledStopPoint>
            <ScheduledStopPoint version="1" id="VTR:ScheduledStopPoint:3369273">
              <Name>J. Tilvyčio g.</Name>
            </ScheduledStopPoint>
            <ScheduledStopPoint version="1" id="VTR:ScheduledStopPoint:3369274">
              <Name>J. Miltinio mokykla</Name>
            </ScheduledStopPoint>
            <ScheduledStopPoint version="1" id="VTR:ScheduledStopPoint:3369275">
              <Name>Durpyno g.</Name>
            </ScheduledStopPoint>
            <ScheduledStopPoint version="1" id="VTR:ScheduledStopPoint:3369276">
              <Name>Autobusų parkas</Name>
            </ScheduledStopPoint>
            <ScheduledStopPoint version="1" id="VTR:ScheduledStopPoint:3369277">
              <Name>"Tulpė"</Name>
            </ScheduledStopPoint>
            <ScheduledStopPoint version="1" id="VTR:ScheduledStopPoint:3369278">
              <Name>Beržų g.</Name>
            </ScheduledStopPoint>
            <ScheduledStopPoint version="1" id="VTR:ScheduledStopPoint:3369279">
              <Name>Velžio kelias</Name>
            </ScheduledStopPoint>
          </scheduledStopPoints>
          <serviceLinks>
            <ServiceLink id="VTR:ServiceLink:3369264_1_3369265_1" version="1">
              <Distance>0</Distance>
              <FromPointRef ref="VTR:ScheduledStopPoint:3369264" version="1"/>
              <ToPointRef ref="VTR:ScheduledStopPoint:3369265" version="1"/>
            </ServiceLink>
            <ServiceLink id="VTR:ServiceLink:3369270_1_3369271_1" version="1">
              <Distance>0</Distance>
              <FromPointRef ref="VTR:ScheduledStopPoint:3369270" version="1"/>
              <ToPointRef ref="VTR:ScheduledStopPoint:3369271" version="1"/>
            </ServiceLink>
            <ServiceLink id="VTR:ServiceLink:3369258_1_3369259_1" version="1">
              <Distance>0</Distance>
              <FromPointRef ref="VTR:ScheduledStopPoint:3369258" version="1"/>
              <ToPointRef ref="VTR:ScheduledStopPoint:3369259" version="1"/>
            </ServiceLink>
            <ServiceLink id="VTR:ServiceLink:3369263_1_3369264_1" version="1">
              <Distance>0</Distance>
              <FromPointRef ref="VTR:ScheduledStopPoint:3369263" version="1"/>
              <ToPointRef ref="VTR:ScheduledStopPoint:3369264" version="1"/>
            </ServiceLink>
            <ServiceLink id="VTR:ServiceLink:3369259_1_3369260_1" version="1">
              <Distance>0</Distance>
              <FromPointRef ref="VTR:ScheduledStopPoint:3369259" version="1"/>
              <ToPointRef ref="VTR:ScheduledStopPoint:3369260" version="1"/>
            </ServiceLink>
            <ServiceLink id="VTR:ServiceLink:3369278_1_3369279_1" version="1">
              <Distance>0</Distance>
              <FromPointRef ref="VTR:ScheduledStopPoint:3369278" version="1"/>
              <ToPointRef ref="VTR:ScheduledStopPoint:3369279" version="1"/>
            </ServiceLink>
            <ServiceLink id="VTR:ServiceLink:3369274_1_3369275_1" version="1">
              <Distance>0</Distance>
              <FromPointRef ref="VTR:ScheduledStopPoint:3369274" version="1"/>
              <ToPointRef ref="VTR:ScheduledStopPoint:3369275" version="1"/>
            </ServiceLink>
            <ServiceLink id="VTR:ServiceLink:3228360_1_3228398_1" version="1">
              <Distance>0</Distance>
              <FromPointRef ref="VTR:ScheduledStopPoint:3228360" version="1"/>
              <ToPointRef ref="VTR:ScheduledStopPoint:3228398" version="1"/>
            </ServiceLink>
            <ServiceLink id="VTR:ServiceLink:3228356_1_3228357_1" version="1">
              <Distance>0</Distance>
              <FromPointRef ref="VTR:ScheduledStopPoint:3228356" version="1"/>
              <ToPointRef ref="VTR:ScheduledStopPoint:3228357" version="1"/>
            </ServiceLink>
            <ServiceLink id="VTR:ServiceLink:3228349_1_3228350_1" version="1">
              <Distance>0</Distance>
              <FromPointRef ref="VTR:ScheduledStopPoint:3228349" version="1"/>
              <ToPointRef ref="VTR:ScheduledStopPoint:3228350" version="1"/>
            </ServiceLink>
            <ServiceLink id="VTR:ServiceLink:3228348_1_3228349_1" version="1">
              <Distance>0</Distance>
              <FromPointRef ref="VTR:ScheduledStopPoint:3228348" version="1"/>
              <ToPointRef ref="VTR:ScheduledStopPoint:3228349" version="1"/>
            </ServiceLink>
            <ServiceLink id="VTR:ServiceLink:3228358_1_3228359_1" version="1">
              <Distance>0</Distance>
              <FromPointRef ref="VTR:ScheduledStopPoint:3228358" version="1"/>
              <ToPointRef ref="VTR:ScheduledStopPoint:3228359" version="1"/>
            </ServiceLink>
            <ServiceLink id="VTR:ServiceLink:3369271_1_3369272_1" version="1">
              <Distance>0</Distance>
              <FromPointRef ref="VTR:ScheduledStopPoint:3369271" version="1"/>
              <ToPointRef ref="VTR:ScheduledStopPoint:3369272" version="1"/>
            </ServiceLink>
            <ServiceLink id="VTR:ServiceLink:3369265_1_3369266_1" version="1">
              <Distance>0</Distance>
              <FromPointRef ref="VTR:ScheduledStopPoint:3369265" version="1"/>
              <ToPointRef ref="VTR:ScheduledStopPoint:3369266" version="1"/>
            </ServiceLink>
            <ServiceLink id="VTR:ServiceLink:3228345_1_3228346_1" version="1">
              <Distance>0</Distance>
              <FromPointRef ref="VTR:ScheduledStopPoint:3228345" version="1"/>
              <ToPointRef ref="VTR:ScheduledStopPoint:3228346" version="1"/>
            </ServiceLink>
            <ServiceLink id="VTR:ServiceLink:3228347_1_3228348_1" version="1">
              <Distance>0</Distance>
              <FromPointRef ref="VTR:ScheduledStopPoint:3228347" version="1"/>
              <ToPointRef ref="VTR:ScheduledStopPoint:3228348" version="1"/>
            </ServiceLink>
            <ServiceLink id="VTR:ServiceLink:3369269_1_3369270_1" version="1">
              <Distance>0</Distance>
              <FromPointRef ref="VTR:ScheduledStopPoint:3369269" version="1"/>
              <ToPointRef ref="VTR:ScheduledStopPoint:3369270" version="1"/>
            </ServiceLink>
            <ServiceLink id="VTR:ServiceLink:3369266_1_3369267_1" version="1">
              <Distance>0</Distance>
              <FromPointRef ref="VTR:ScheduledStopPoint:3369266" version="1"/>
              <ToPointRef ref="VTR:ScheduledStopPoint:3369267" version="1"/>
            </ServiceLink>
            <ServiceLink id="VTR:ServiceLink:3228353_1_3228354_1" version="1">
              <Distance>0</Distance>
              <FromPointRef ref="VTR:ScheduledStopPoint:3228353" version="1"/>
              <ToPointRef ref="VTR:ScheduledStopPoint:3228354" version="1"/>
            </ServiceLink>
            <ServiceLink id="VTR:ServiceLink:3228355_1_3228356_1" version="1">
              <Distance>0</Distance>
              <FromPointRef ref="VTR:ScheduledStopPoint:3228355" version="1"/>
              <ToPointRef ref="VTR:ScheduledStopPoint:3228356" version="1"/>
            </ServiceLink>
            <ServiceLink id="VTR:ServiceLink:3228351_1_3228352_1" version="1">
              <Distance>0</Distance>
              <FromPointRef ref="VTR:ScheduledStopPoint:3228351" version="1"/>
              <ToPointRef ref="VTR:ScheduledStopPoint:3228352" version="1"/>
            </ServiceLink>
            <ServiceLink id="VTR:ServiceLink:3228352_1_3228353_1" version="1">
              <Distance>0</Distance>
              <FromPointRef ref="VTR:ScheduledStopPoint:3228352" version="1"/>
              <ToPointRef ref="VTR:ScheduledStopPoint:3228353" version="1"/>
            </ServiceLink>
            <ServiceLink id="VTR:ServiceLink:3369275_1_3369276_1" version="1">
              <Distance>0</Distance>
              <FromPointRef ref="VTR:ScheduledStopPoint:3369275" version="1"/>
              <ToPointRef ref="VTR:ScheduledStopPoint:3369276" version="1"/>
            </ServiceLink>
            <ServiceLink id="VTR:ServiceLink:3228357_1_3228358_1" version="1">
              <Distance>0</Distance>
              <FromPointRef ref="VTR:ScheduledStopPoint:3228357" version="1"/>
              <ToPointRef ref="VTR:ScheduledStopPoint:3228358" version="1"/>
            </ServiceLink>
            <ServiceLink id="VTR:ServiceLink:3228346_1_3228347_1" version="1">
              <Distance>0</Distance>
              <FromPointRef ref="VTR:ScheduledStopPoint:3228346" version="1"/>
              <ToPointRef ref="VTR:ScheduledStopPoint:3228347" version="1"/>
            </ServiceLink>
            <ServiceLink id="VTR:ServiceLink:3369261_1_3369262_1" version="1">
              <Distance>0</Distance>
              <FromPointRef ref="VTR:ScheduledStopPoint:3369261" version="1"/>
              <ToPointRef ref="VTR:ScheduledStopPoint:3369262" version="1"/>
            </ServiceLink>
            <ServiceLink id="VTR:ServiceLink:3369268_1_3369269_1" version="1">
              <Distance>0</Distance>
              <FromPointRef ref="VTR:ScheduledStopPoint:3369268" version="1"/>
              <ToPointRef ref="VTR:ScheduledStopPoint:3369269" version="1"/>
            </ServiceLink>
            <ServiceLink id="VTR:ServiceLink:3228350_1_3228351_1" version="1">
              <Distance>0</Distance>
              <FromPointRef ref="VTR:ScheduledStopPoint:3228350" version="1"/>
              <ToPointRef ref="VTR:ScheduledStopPoint:3228351" version="1"/>
            </ServiceLink>
            <ServiceLink id="VTR:ServiceLink:3369260_1_3369261_1" version="1">
              <Distance>0</Distance>
              <FromPointRef ref="VTR:ScheduledStopPoint:3369260" version="1"/>
              <ToPointRef ref="VTR:ScheduledStopPoint:3369261" version="1"/>
            </ServiceLink>
            <ServiceLink id="VTR:ServiceLink:3369267_1_3369268_1" version="1">
              <Distance>0</Distance>
              <FromPointRef ref="VTR:ScheduledStopPoint:3369267" version="1"/>
              <ToPointRef ref="VTR:ScheduledStopPoint:3369268" version="1"/>
            </ServiceLink>
            <ServiceLink id="VTR:ServiceLink:3228398_1_3228399_1" version="1">
              <Distance>0</Distance>
              <FromPointRef ref="VTR:ScheduledStopPoint:3228398" version="1"/>
              <ToPointRef ref="VTR:ScheduledStopPoint:3228399" version="1"/>
            </ServiceLink>
            <ServiceLink id="VTR:ServiceLink:3369273_1_3369274_1" version="1">
              <Distance>0</Distance>
              <FromPointRef ref="VTR:ScheduledStopPoint:3369273" version="1"/>
              <ToPointRef ref="VTR:ScheduledStopPoint:3369274" version="1"/>
            </ServiceLink>
            <ServiceLink id="VTR:ServiceLink:3369276_1_3369277_1" version="1">
              <Distance>0</Distance>
              <FromPointRef ref="VTR:ScheduledStopPoint:3369276" version="1"/>
              <ToPointRef ref="VTR:ScheduledStopPoint:3369277" version="1"/>
            </ServiceLink>
            <ServiceLink id="VTR:ServiceLink:3228354_1_3228355_1" version="1">
              <Distance>0</Distance>
              <FromPointRef ref="VTR:ScheduledStopPoint:3228354" version="1"/>
              <ToPointRef ref="VTR:ScheduledStopPoint:3228355" version="1"/>
            </ServiceLink>
            <ServiceLink id="VTR:ServiceLink:3369277_1_3369278_1" version="1">
              <Distance>0</Distance>
              <FromPointRef ref="VTR:ScheduledStopPoint:3369277" version="1"/>
              <ToPointRef ref="VTR:ScheduledStopPoint:3369278" version="1"/>
            </ServiceLink>
            <ServiceLink id="VTR:ServiceLink:3369262_1_3369263_1" version="1">
              <Distance>0</Distance>
              <FromPointRef ref="VTR:ScheduledStopPoint:3369262" version="1"/>
              <ToPointRef ref="VTR:ScheduledStopPoint:3369263" version="1"/>
            </ServiceLink>
            <ServiceLink id="VTR:ServiceLink:3228340_1_3369258_1" version="1">
              <Distance>0</Distance>
              <FromPointRef ref="VTR:ScheduledStopPoint:3228340" version="1"/>
              <ToPointRef ref="VTR:ScheduledStopPoint:3369258" version="1"/>
            </ServiceLink>
            <ServiceLink id="VTR:ServiceLink:3369272_1_3369273_1" version="1">
              <Distance>0</Distance>
              <FromPointRef ref="VTR:ScheduledStopPoint:3369272" version="1"/>
              <ToPointRef ref="VTR:ScheduledStopPoint:3369273" version="1"/>
            </ServiceLink>
            <ServiceLink id="VTR:ServiceLink:3228359_1_3228360_1" version="1">
              <Distance>0</Distance>
              <FromPointRef ref="VTR:ScheduledStopPoint:3228359" version="1"/>
              <ToPointRef ref="VTR:ScheduledStopPoint:3228360" version="1"/>
            </ServiceLink>
          </serviceLinks>
          <stopAssignments>
            <PassengerStopAssignment order="2200100001" id="VTR:PassengerStopAssignment:3228340" version="1">
              <ScheduledStopPointRef ref="VTR:ScheduledStopPoint:3228340" version="1"/>
              <QuayRef ref="VTR:Quay:29385"/>
            </PassengerStopAssignment>
            <PassengerStopAssignment order="2200100002" id="VTR:PassengerStopAssignment:3369258" version="1">
              <ScheduledStopPointRef ref="VTR:ScheduledStopPoint:3369258" version="1"/>
              <QuayRef ref="VTR:Quay:29267"/>
            </PassengerStopAssignment>
            <PassengerStopAssignment order="2200100003" id="VTR:PassengerStopAssignment:3369259" version="1">
              <ScheduledStopPointRef ref="VTR:ScheduledStopPoint:3369259" version="1"/>
              <QuayRef ref="VTR:Quay:29348"/>
            </PassengerStopAssignment>
            <PassengerStopAssignment order="2200100004" id="VTR:PassengerStopAssignment:3369260" version="1">
              <ScheduledStopPointRef ref="VTR:ScheduledStopPoint:3369260" version="1"/>
              <QuayRef ref="VTR:Quay:29218"/>
            </PassengerStopAssignment>
            <PassengerStopAssignment order="2200100005" id="VTR:PassengerStopAssignment:3369261" version="1">
              <ScheduledStopPointRef ref="VTR:ScheduledStopPoint:3369261" version="1"/>
              <QuayRef ref="VTR:Quay:29350"/>
            </PassengerStopAssignment>
            <PassengerStopAssignment order="2200100006" id="VTR:PassengerStopAssignment:3369262" version="1">
              <ScheduledStopPointRef ref="VTR:ScheduledStopPoint:3369262" version="1"/>
              <QuayRef ref="VTR:Quay:29338"/>
            </PassengerStopAssignment>
            <PassengerStopAssignment order="2200100007" id="VTR:PassengerStopAssignment:3369263" version="1">
              <ScheduledStopPointRef ref="VTR:ScheduledStopPoint:3369263" version="1"/>
              <QuayRef ref="VTR:Quay:29249"/>
            </PassengerStopAssignment>
            <PassengerStopAssignment order="2200100008" id="VTR:PassengerStopAssignment:3369264" version="1">
              <ScheduledStopPointRef ref="VTR:ScheduledStopPoint:3369264" version="1"/>
              <QuayRef ref="VTR:Quay:29343"/>
            </PassengerStopAssignment>
            <PassengerStopAssignment order="2200100009" id="VTR:PassengerStopAssignment:3369265" version="1">
              <ScheduledStopPointRef ref="VTR:ScheduledStopPoint:3369265" version="1"/>
              <QuayRef ref="VTR:Quay:29346"/>
            </PassengerStopAssignment>
            <PassengerStopAssignment order="2200100010" id="VTR:PassengerStopAssignment:3369266" version="1">
              <ScheduledStopPointRef ref="VTR:ScheduledStopPoint:3369266" version="1"/>
              <QuayRef ref="VTR:Quay:29238"/>
            </PassengerStopAssignment>
            <PassengerStopAssignment order="2200100011" id="VTR:PassengerStopAssignment:3369267" version="1">
              <ScheduledStopPointRef ref="VTR:ScheduledStopPoint:3369267" version="1"/>
              <QuayRef ref="VTR:Quay:29199"/>
            </PassengerStopAssignment>
            <PassengerStopAssignment order="2200100012" id="VTR:PassengerStopAssignment:3369268" version="1">
              <ScheduledStopPointRef ref="VTR:ScheduledStopPoint:3369268" version="1"/>
              <QuayRef ref="VTR:Quay:29182"/>
            </PassengerStopAssignment>
            <PassengerStopAssignment order="2200100013" id="VTR:PassengerStopAssignment:3369269" version="1">
              <ScheduledStopPointRef ref="VTR:ScheduledStopPoint:3369269" version="1"/>
              <QuayRef ref="VTR:Quay:29183"/>
            </PassengerStopAssignment>
            <PassengerStopAssignment order="2200100014" id="VTR:PassengerStopAssignment:3369270" version="1">
              <ScheduledStopPointRef ref="VTR:ScheduledStopPoint:3369270" version="1"/>
              <QuayRef ref="VTR:Quay:29275"/>
            </PassengerStopAssignment>
            <PassengerStopAssignment order="2200100015" id="VTR:PassengerStopAssignment:3369271" version="1">
              <ScheduledStopPointRef ref="VTR:ScheduledStopPoint:3369271" version="1"/>
              <QuayRef ref="VTR:Quay:29219"/>
            </PassengerStopAssignment>
            <PassengerStopAssignment order="2200100016" id="VTR:PassengerStopAssignment:3369272" version="1">
              <ScheduledStopPointRef ref="VTR:ScheduledStopPoint:3369272" version="1"/>
              <QuayRef ref="VTR:Quay:29288"/>
            </PassengerStopAssignment>
            <PassengerStopAssignment order="2200100017" id="VTR:PassengerStopAssignment:3369273" version="1">
              <ScheduledStopPointRef ref="VTR:ScheduledStopPoint:3369273" version="1"/>
              <QuayRef ref="VTR:Quay:29216"/>
            </PassengerStopAssignment>
            <PassengerStopAssignment order="2200100018" id="VTR:PassengerStopAssignment:3369274" version="1">
              <ScheduledStopPointRef ref="VTR:ScheduledStopPoint:3369274" version="1"/>
              <QuayRef ref="VTR:Quay:20062"/>
            </PassengerStopAssignment>
            <PassengerStopAssignment order="2200100019" id="VTR:PassengerStopAssignment:3369275" version="1">
              <ScheduledStopPointRef ref="VTR:ScheduledStopPoint:3369275" version="1"/>
              <QuayRef ref="VTR:Quay:29207"/>
            </PassengerStopAssignment>
            <PassengerStopAssignment order="2200100020" id="VTR:PassengerStopAssignment:3369276" version="1">
              <ScheduledStopPointRef ref="VTR:ScheduledStopPoint:3369276" version="1"/>
              <QuayRef ref="VTR:Quay:29233"/>
            </PassengerStopAssignment>
            <PassengerStopAssignment order="2200100021" id="VTR:PassengerStopAssignment:3369277" version="1">
              <ScheduledStopPointRef ref="VTR:ScheduledStopPoint:3369277" version="1"/>
              <QuayRef ref="VTR:Quay:29368"/>
            </PassengerStopAssignment>
            <PassengerStopAssignment order="2200100022" id="VTR:PassengerStopAssignment:3369278" version="1">
              <ScheduledStopPointRef ref="VTR:ScheduledStopPoint:3369278" version="1"/>
              <QuayRef ref="VTR:Quay:29209"/>
            </PassengerStopAssignment>
            <PassengerStopAssignment order="2200100023" id="VTR:PassengerStopAssignment:3369279" version="1">
              <ScheduledStopPointRef ref="VTR:ScheduledStopPoint:3369279" version="1"/>
              <QuayRef ref="VTR:Quay:29234"/>
            </PassengerStopAssignment>
            <PassengerStopAssignment order="2491000001" id="VTR:PassengerStopAssignment:3228345" version="1">
              <ScheduledStopPointRef ref="VTR:ScheduledStopPoint:3228345" version="1"/>
              <QuayRef ref="VTR:Quay:29338"/>
            </PassengerStopAssignment>
            <PassengerStopAssignment order="2491000002" id="VTR:PassengerStopAssignment:3228346" version="1">
              <ScheduledStopPointRef ref="VTR:ScheduledStopPoint:3228346" version="1"/>
              <QuayRef ref="VTR:Quay:29249"/>
            </PassengerStopAssignment>
            <PassengerStopAssignment order="2491000003" id="VTR:PassengerStopAssignment:3228347" version="1">
              <ScheduledStopPointRef ref="VTR:ScheduledStopPoint:3228347" version="1"/>
              <QuayRef ref="VTR:Quay:29343"/>
            </PassengerStopAssignment>
            <PassengerStopAssignment order="2491000004" id="VTR:PassengerStopAssignment:3228348" version="1">
              <ScheduledStopPointRef ref="VTR:ScheduledStopPoint:3228348" version="1"/>
              <QuayRef ref="VTR:Quay:29346"/>
            </PassengerStopAssignment>
            <PassengerStopAssignment order="2491000005" id="VTR:PassengerStopAssignment:3228349" version="1">
              <ScheduledStopPointRef ref="VTR:ScheduledStopPoint:3228349" version="1"/>
              <QuayRef ref="VTR:Quay:29238"/>
            </PassengerStopAssignment>
            <PassengerStopAssignment order="2491000006" id="VTR:PassengerStopAssignment:3228350" version="1">
              <ScheduledStopPointRef ref="VTR:ScheduledStopPoint:3228350" version="1"/>
              <QuayRef ref="VTR:Quay:29199"/>
            </PassengerStopAssignment>
            <PassengerStopAssignment order="2491000007" id="VTR:PassengerStopAssignment:3228351" version="1">
              <ScheduledStopPointRef ref="VTR:ScheduledStopPoint:3228351" version="1"/>
              <QuayRef ref="VTR:Quay:29182"/>
            </PassengerStopAssignment>
            <PassengerStopAssignment order="2491000008" id="VTR:PassengerStopAssignment:3228352" version="1">
              <ScheduledStopPointRef ref="VTR:ScheduledStopPoint:3228352" version="1"/>
              <QuayRef ref="VTR:Quay:29183"/>
            </PassengerStopAssignment>
            <PassengerStopAssignment order="2491000009" id="VTR:PassengerStopAssignment:3228353" version="1">
              <ScheduledStopPointRef ref="VTR:ScheduledStopPoint:3228353" version="1"/>
              <QuayRef ref="VTR:Quay:29275"/>
            </PassengerStopAssignment>
            <PassengerStopAssignment order="2491000010" id="VTR:PassengerStopAssignment:3228354" version="1">
              <ScheduledStopPointRef ref="VTR:ScheduledStopPoint:3228354" version="1"/>
              <QuayRef ref="VTR:Quay:29219"/>
            </PassengerStopAssignment>
            <PassengerStopAssignment order="2491000011" id="VTR:PassengerStopAssignment:3228355" version="1">
              <ScheduledStopPointRef ref="VTR:ScheduledStopPoint:3228355" version="1"/>
              <QuayRef ref="VTR:Quay:29288"/>
            </PassengerStopAssignment>
            <PassengerStopAssignment order="2491000012" id="VTR:PassengerStopAssignment:3228356" version="1">
              <ScheduledStopPointRef ref="VTR:ScheduledStopPoint:3228356" version="1"/>
              <QuayRef ref="VTR:Quay:29216"/>
            </PassengerStopAssignment>
            <PassengerStopAssignment order="2491000013" id="VTR:PassengerStopAssignment:3228357" version="1">
              <ScheduledStopPointRef ref="VTR:ScheduledStopPoint:3228357" version="1"/>
              <QuayRef ref="VTR:Quay:20062"/>
            </PassengerStopAssignment>
            <PassengerStopAssignment order="2491000014" id="VTR:PassengerStopAssignment:3228358" version="1">
              <ScheduledStopPointRef ref="VTR:ScheduledStopPoint:3228358" version="1"/>
              <QuayRef ref="VTR:Quay:29207"/>
            </PassengerStopAssignment>
            <PassengerStopAssignment order="2491000015" id="VTR:PassengerStopAssignment:3228359" version="1">
              <ScheduledStopPointRef ref="VTR:ScheduledStopPoint:3228359" version="1"/>
              <QuayRef ref="VTR:Quay:29233"/>
            </PassengerStopAssignment>
            <PassengerStopAssignment order="2491000016" id="VTR:PassengerStopAssignment:3228360" version="1">
              <ScheduledStopPointRef ref="VTR:ScheduledStopPoint:3228360" version="1"/>
              <QuayRef ref="VTR:Quay:29368"/>
            </PassengerStopAssignment>
            <PassengerStopAssignment order="2491000017" id="VTR:PassengerStopAssignment:3228398" version="1">
              <ScheduledStopPointRef ref="VTR:ScheduledStopPoint:3228398" version="1"/>
              <QuayRef ref="VTR:Quay:29209"/>
            </PassengerStopAssignment>
            <PassengerStopAssignment order="2491000018" id="VTR:PassengerStopAssignment:3228399" version="1">
              <ScheduledStopPointRef ref="VTR:ScheduledStopPoint:3228399" version="1"/>
              <QuayRef ref="VTR:Quay:29234"/>
            </PassengerStopAssignment>
          </stopAssignments>
          <journeyPatterns>
            <JourneyPattern id="VTR:JourneyPattern:7052116" version="7055702">
              <RouteRef ref="VTR:Route:22001" version="1"/>
              <pointsInSequence>
                <StopPointInJourneyPattern id="VTR:StopPointInJourneyPattern:243381706" version="7055702" order="1">
                  <ScheduledStopPointRef ref="VTR:ScheduledStopPoint:3228340"/>
                  <DestinationDisplayRef ref="VTR:DestinationDisplay:1"/>
                </StopPointInJourneyPattern>
                <StopPointInJourneyPattern id="VTR:StopPointInJourneyPattern:243381707" version="7055702" order="2">
                  <ScheduledStopPointRef ref="VTR:ScheduledStopPoint:3369258"/>
                  <DestinationDisplayRef ref="VTR:DestinationDisplay:1"/>
                </StopPointInJourneyPattern>
                <StopPointInJourneyPattern id="VTR:StopPointInJourneyPattern:243381708" version="7055702" order="3">
                  <ScheduledStopPointRef ref="VTR:ScheduledStopPoint:3369259"/>
                  <DestinationDisplayRef ref="VTR:DestinationDisplay:1"/>
                </StopPointInJourneyPattern>
                <StopPointInJourneyPattern id="VTR:StopPointInJourneyPattern:243381709" version="7055702" order="4">
                  <ScheduledStopPointRef ref="VTR:ScheduledStopPoint:3369260"/>
                  <DestinationDisplayRef ref="VTR:DestinationDisplay:1"/>
                </StopPointInJourneyPattern>
                <StopPointInJourneyPattern id="VTR:StopPointInJourneyPattern:243381710" version="7055702" order="5">
                  <ScheduledStopPointRef ref="VTR:ScheduledStopPoint:3369261"/>
                  <DestinationDisplayRef ref="VTR:DestinationDisplay:1"/>
                </StopPointInJourneyPattern>
                <StopPointInJourneyPattern id="VTR:StopPointInJourneyPattern:243381711" version="7055702" order="6">
                  <ScheduledStopPointRef ref="VTR:ScheduledStopPoint:3369262"/>
                  <DestinationDisplayRef ref="VTR:DestinationDisplay:1"/>
                </StopPointInJourneyPattern>
                <StopPointInJourneyPattern id="VTR:StopPointInJourneyPattern:243381712" version="7055702" order="7">
                  <ScheduledStopPointRef ref="VTR:ScheduledStopPoint:3369263"/>
                  <DestinationDisplayRef ref="VTR:DestinationDisplay:1"/>
                </StopPointInJourneyPattern>
                <StopPointInJourneyPattern id="VTR:StopPointInJourneyPattern:243381713" version="7055702" order="8">
                  <ScheduledStopPointRef ref="VTR:ScheduledStopPoint:3369264"/>
                  <DestinationDisplayRef ref="VTR:DestinationDisplay:1"/>
                </StopPointInJourneyPattern>
                <StopPointInJourneyPattern id="VTR:StopPointInJourneyPattern:243381714" version="7055702" order="9">
                  <ScheduledStopPointRef ref="VTR:ScheduledStopPoint:3369265"/>
                  <DestinationDisplayRef ref="VTR:DestinationDisplay:1"/>
                </StopPointInJourneyPattern>
                <StopPointInJourneyPattern id="VTR:StopPointInJourneyPattern:243381715" version="7055702" order="10">
                  <ScheduledStopPointRef ref="VTR:ScheduledStopPoint:3369266"/>
                  <DestinationDisplayRef ref="VTR:DestinationDisplay:1"/>
                </StopPointInJourneyPattern>
                <StopPointInJourneyPattern id="VTR:StopPointInJourneyPattern:243381716" version="7055702" order="11">
                  <ScheduledStopPointRef ref="VTR:ScheduledStopPoint:3369267"/>
                  <DestinationDisplayRef ref="VTR:DestinationDisplay:1"/>
                </StopPointInJourneyPattern>
                <StopPointInJourneyPattern id="VTR:StopPointInJourneyPattern:243381717" version="7055702" order="12">
                  <ScheduledStopPointRef ref="VTR:ScheduledStopPoint:3369268"/>
                  <DestinationDisplayRef ref="VTR:DestinationDisplay:1"/>
                </StopPointInJourneyPattern>
                <StopPointInJourneyPattern id="VTR:StopPointInJourneyPattern:243381718" version="7055702" order="13">
                  <ScheduledStopPointRef ref="VTR:ScheduledStopPoint:3369269"/>
                  <DestinationDisplayRef ref="VTR:DestinationDisplay:1"/>
                </StopPointInJourneyPattern>
                <StopPointInJourneyPattern id="VTR:StopPointInJourneyPattern:243381719" version="7055702" order="14">
                  <ScheduledStopPointRef ref="VTR:ScheduledStopPoint:3369270"/>
                  <DestinationDisplayRef ref="VTR:DestinationDisplay:1"/>
                </StopPointInJourneyPattern>
                <StopPointInJourneyPattern id="VTR:StopPointInJourneyPattern:243381720" version="7055702" order="15">
                  <ScheduledStopPointRef ref="VTR:ScheduledStopPoint:3369271"/>
                  <DestinationDisplayRef ref="VTR:DestinationDisplay:1"/>
                </StopPointInJourneyPattern>
                <StopPointInJourneyPattern id="VTR:StopPointInJourneyPattern:243381721" version="7055702" order="16">
                  <ScheduledStopPointRef ref="VTR:ScheduledStopPoint:3369272"/>
                  <DestinationDisplayRef ref="VTR:DestinationDisplay:1"/>
                </StopPointInJourneyPattern>
                <StopPointInJourneyPattern id="VTR:StopPointInJourneyPattern:243381722" version="7055702" order="17">
                  <ScheduledStopPointRef ref="VTR:ScheduledStopPoint:3369273"/>
                  <DestinationDisplayRef ref="VTR:DestinationDisplay:1"/>
                </StopPointInJourneyPattern>
                <StopPointInJourneyPattern id="VTR:StopPointInJourneyPattern:243381723" version="7055702" order="18">
                  <ScheduledStopPointRef ref="VTR:ScheduledStopPoint:3369274"/>
                  <DestinationDisplayRef ref="VTR:DestinationDisplay:1"/>
                </StopPointInJourneyPattern>
                <StopPointInJourneyPattern id="VTR:StopPointInJourneyPattern:243381724" version="7055702" order="19">
                  <ScheduledStopPointRef ref="VTR:ScheduledStopPoint:3369275"/>
                  <DestinationDisplayRef ref="VTR:DestinationDisplay:1"/>
                </StopPointInJourneyPattern>
                <StopPointInJourneyPattern id="VTR:StopPointInJourneyPattern:243381725" version="7055702" order="20">
                  <ScheduledStopPointRef ref="VTR:ScheduledStopPoint:3369276"/>
                  <DestinationDisplayRef ref="VTR:DestinationDisplay:1"/>
                </StopPointInJourneyPattern>
                <StopPointInJourneyPattern id="VTR:StopPointInJourneyPattern:243381726" version="7055702" order="21">
                  <ScheduledStopPointRef ref="VTR:ScheduledStopPoint:3369277"/>
                  <DestinationDisplayRef ref="VTR:DestinationDisplay:1"/>
                </StopPointInJourneyPattern>
                <StopPointInJourneyPattern id="VTR:StopPointInJourneyPattern:243381727" version="7055702" order="22">
                  <ScheduledStopPointRef ref="VTR:ScheduledStopPoint:3369278"/>
                  <DestinationDisplayRef ref="VTR:DestinationDisplay:1"/>
                </StopPointInJourneyPattern>
                <StopPointInJourneyPattern id="VTR:StopPointInJourneyPattern:243381728" version="7055702" order="23">
                  <ScheduledStopPointRef ref="VTR:ScheduledStopPoint:3369279"/>
                  <DestinationDisplayRef ref="VTR:DestinationDisplay:1"/>
                </StopPointInJourneyPattern>
              </pointsInSequence>
            </JourneyPattern>
            <JourneyPattern id="VTR:JourneyPattern:7052120" version="7055706">
              <RouteRef ref="VTR:Route:24910" version="1"/>
              <pointsInSequence>
                <StopPointInJourneyPattern id="VTR:StopPointInJourneyPattern:243381729" version="7055706" order="1">
                  <ScheduledStopPointRef ref="VTR:ScheduledStopPoint:3228345"/>
                  <DestinationDisplayRef ref="VTR:DestinationDisplay:1"/>
                </StopPointInJourneyPattern>
                <StopPointInJourneyPattern id="VTR:StopPointInJourneyPattern:243381730" version="7055706" order="2">
                  <ScheduledStopPointRef ref="VTR:ScheduledStopPoint:3228346"/>
                  <DestinationDisplayRef ref="VTR:DestinationDisplay:1"/>
                </StopPointInJourneyPattern>
                <StopPointInJourneyPattern id="VTR:StopPointInJourneyPattern:243381731" version="7055706" order="3">
                  <ScheduledStopPointRef ref="VTR:ScheduledStopPoint:3228347"/>
                  <DestinationDisplayRef ref="VTR:DestinationDisplay:1"/>
                </StopPointInJourneyPattern>
                <StopPointInJourneyPattern id="VTR:StopPointInJourneyPattern:243381732" version="7055706" order="4">
                  <ScheduledStopPointRef ref="VTR:ScheduledStopPoint:3228348"/>
                  <DestinationDisplayRef ref="VTR:DestinationDisplay:1"/>
                </StopPointInJourneyPattern>
                <StopPointInJourneyPattern id="VTR:StopPointInJourneyPattern:243381733" version="7055706" order="5">
                  <ScheduledStopPointRef ref="VTR:ScheduledStopPoint:3228349"/>
                  <DestinationDisplayRef ref="VTR:DestinationDisplay:1"/>
                </StopPointInJourneyPattern>
                <StopPointInJourneyPattern id="VTR:StopPointInJourneyPattern:243381734" version="7055706" order="6">
                  <ScheduledStopPointRef ref="VTR:ScheduledStopPoint:3228350"/>
                  <DestinationDisplayRef ref="VTR:DestinationDisplay:1"/>
                </StopPointInJourneyPattern>
                <StopPointInJourneyPattern id="VTR:StopPointInJourneyPattern:243381735" version="7055706" order="7">
                  <ScheduledStopPointRef ref="VTR:ScheduledStopPoint:3228351"/>
                  <DestinationDisplayRef ref="VTR:DestinationDisplay:1"/>
                </StopPointInJourneyPattern>
                <StopPointInJourneyPattern id="VTR:StopPointInJourneyPattern:243381736" version="7055706" order="8">
                  <ScheduledStopPointRef ref="VTR:ScheduledStopPoint:3228352"/>
                  <DestinationDisplayRef ref="VTR:DestinationDisplay:1"/>
                </StopPointInJourneyPattern>
                <StopPointInJourneyPattern id="VTR:StopPointInJourneyPattern:243381737" version="7055706" order="9">
                  <ScheduledStopPointRef ref="VTR:ScheduledStopPoint:3228353"/>
                  <DestinationDisplayRef ref="VTR:DestinationDisplay:1"/>
                </StopPointInJourneyPattern>
                <StopPointInJourneyPattern id="VTR:StopPointInJourneyPattern:243381738" version="7055706" order="10">
                  <ScheduledStopPointRef ref="VTR:ScheduledStopPoint:3228354"/>
                  <DestinationDisplayRef ref="VTR:DestinationDisplay:1"/>
                </StopPointInJourneyPattern>
                <StopPointInJourneyPattern id="VTR:StopPointInJourneyPattern:243381739" version="7055706" order="11">
                  <ScheduledStopPointRef ref="VTR:ScheduledStopPoint:3228355"/>
                  <DestinationDisplayRef ref="VTR:DestinationDisplay:1"/>
                </StopPointInJourneyPattern>
                <StopPointInJourneyPattern id="VTR:StopPointInJourneyPattern:243381740" version="7055706" order="12">
                  <ScheduledStopPointRef ref="VTR:ScheduledStopPoint:3228356"/>
                  <DestinationDisplayRef ref="VTR:DestinationDisplay:1"/>
                </StopPointInJourneyPattern>
                <StopPointInJourneyPattern id="VTR:StopPointInJourneyPattern:243381741" version="7055706" order="13">
                  <ScheduledStopPointRef ref="VTR:ScheduledStopPoint:3228357"/>
                  <DestinationDisplayRef ref="VTR:DestinationDisplay:1"/>
                </StopPointInJourneyPattern>
                <StopPointInJourneyPattern id="VTR:StopPointInJourneyPattern:243381742" version="7055706" order="14">
                  <ScheduledStopPointRef ref="VTR:ScheduledStopPoint:3228358"/>
                  <DestinationDisplayRef ref="VTR:DestinationDisplay:1"/>
                </StopPointInJourneyPattern>
                <StopPointInJourneyPattern id="VTR:StopPointInJourneyPattern:243381743" version="7055706" order="15">
                  <ScheduledStopPointRef ref="VTR:ScheduledStopPoint:3228359"/>
                  <DestinationDisplayRef ref="VTR:DestinationDisplay:1"/>
                </StopPointInJourneyPattern>
                <StopPointInJourneyPattern id="VTR:StopPointInJourneyPattern:243381744" version="7055706" order="16">
                  <ScheduledStopPointRef ref="VTR:ScheduledStopPoint:3228360"/>
                  <DestinationDisplayRef ref="VTR:DestinationDisplay:1"/>
                </StopPointInJourneyPattern>
                <StopPointInJourneyPattern id="VTR:StopPointInJourneyPattern:243381745" version="7055706" order="17">
                  <ScheduledStopPointRef ref="VTR:ScheduledStopPoint:3228398"/>
                  <DestinationDisplayRef ref="VTR:DestinationDisplay:1"/>
                </StopPointInJourneyPattern>
                <StopPointInJourneyPattern id="VTR:StopPointInJourneyPattern:243381746" version="7055706" order="18">
                  <ScheduledStopPointRef ref="VTR:ScheduledStopPoint:3228399"/>
                  <DestinationDisplayRef ref="VTR:DestinationDisplay:1"/>
                </StopPointInJourneyPattern>
              </pointsInSequence>
            </JourneyPattern>
          </journeyPatterns>
        </ServiceFrame>
        <TimetableFrame version="1" id="VTR:TimetableFrame:1341">
          <vehicleJourneys>
            <ServiceJourney version="7055706" id="VTR:ServiceJourney:7052120">
              <Name>panevezys_bus_N1_e-b</Name>
              <dayTypes>
                <DayTypeRef ref="VTR:DayType:39266"/>
              </dayTypes>
              <JourneyPatternRef version="7055706" ref="VTR:JourneyPattern:7052120"/>
              <OperatorRef ref="VTR:Operator:504"/>
              <LineRef ref="VTR:Line:7896" version="10301"/>
              <passingTimes>
                <TimetabledPassingTime version="7055706" id="VTR:TimetabledPassingTime:7052120_243381729_1">
                  <StopPointInJourneyPatternRef ref="VTR:StopPointInJourneyPattern:243381729" version="7055706"/>
                  <DepartureTime>22:15:00</DepartureTime>
                  <DepartureDayOffset>0</DepartureDayOffset>
                </TimetabledPassingTime>
                <TimetabledPassingTime version="7055706" id="VTR:TimetabledPassingTime:7052120_243381730_2">
                  <StopPointInJourneyPatternRef ref="VTR:StopPointInJourneyPattern:243381730" version="7055706"/>
                  <DepartureTime>22:16:00</DepartureTime>
                  <DepartureDayOffset>0</DepartureDayOffset>
                </TimetabledPassingTime>
                <TimetabledPassingTime version="7055706" id="VTR:TimetabledPassingTime:7052120_243381731_3">
                  <StopPointInJourneyPatternRef ref="VTR:StopPointInJourneyPattern:243381731" version="7055706"/>
                  <DepartureTime>22:17:00</DepartureTime>
                  <DepartureDayOffset>0</DepartureDayOffset>
                </TimetabledPassingTime>
                <TimetabledPassingTime version="7055706" id="VTR:TimetabledPassingTime:7052120_243381732_4">
                  <StopPointInJourneyPatternRef ref="VTR:StopPointInJourneyPattern:243381732" version="7055706"/>
                  <DepartureTime>22:18:00</DepartureTime>
                  <DepartureDayOffset>0</DepartureDayOffset>
                </TimetabledPassingTime>
                <TimetabledPassingTime version="7055706" id="VTR:TimetabledPassingTime:7052120_243381733_5">
                  <StopPointInJourneyPatternRef ref="VTR:StopPointInJourneyPattern:243381733" version="7055706"/>
                  <DepartureTime>22:19:00</DepartureTime>
                  <DepartureDayOffset>0</DepartureDayOffset>
                </TimetabledPassingTime>
                <TimetabledPassingTime version="7055706" id="VTR:TimetabledPassingTime:7052120_243381734_6">
                  <StopPointInJourneyPatternRef ref="VTR:StopPointInJourneyPattern:243381734" version="7055706"/>
                  <DepartureTime>22:20:00</DepartureTime>
                  <DepartureDayOffset>0</DepartureDayOffset>
                </TimetabledPassingTime>
                <TimetabledPassingTime version="7055706" id="VTR:TimetabledPassingTime:7052120_243381735_7">
                  <StopPointInJourneyPatternRef ref="VTR:StopPointInJourneyPattern:243381735" version="7055706"/>
                  <DepartureTime>22:22:00</DepartureTime>
                  <DepartureDayOffset>0</DepartureDayOffset>
                </TimetabledPassingTime>
                <TimetabledPassingTime version="7055706" id="VTR:TimetabledPassingTime:7052120_243381736_8">
                  <StopPointInJourneyPatternRef ref="VTR:StopPointInJourneyPattern:243381736" version="7055706"/>
                  <DepartureTime>22:23:00</DepartureTime>
                  <DepartureDayOffset>0</DepartureDayOffset>
                </TimetabledPassingTime>
                <TimetabledPassingTime version="7055706" id="VTR:TimetabledPassingTime:7052120_243381737_9">
                  <StopPointInJourneyPatternRef ref="VTR:StopPointInJourneyPattern:243381737" version="7055706"/>
                  <DepartureTime>22:25:00</DepartureTime>
                  <DepartureDayOffset>0</DepartureDayOffset>
                </TimetabledPassingTime>
                <TimetabledPassingTime version="7055706" id="VTR:TimetabledPassingTime:7052120_243381738_10">
                  <StopPointInJourneyPatternRef ref="VTR:StopPointInJourneyPattern:243381738" version="7055706"/>
                  <DepartureTime>22:26:00</DepartureTime>
                  <DepartureDayOffset>0</DepartureDayOffset>
                </TimetabledPassingTime>
                <TimetabledPassingTime version="7055706" id="VTR:TimetabledPassingTime:7052120_243381739_11">
                  <StopPointInJourneyPatternRef ref="VTR:StopPointInJourneyPattern:243381739" version="7055706"/>
                  <DepartureTime>22:28:00</DepartureTime>
                  <DepartureDayOffset>0</DepartureDayOffset>
                </TimetabledPassingTime>
                <TimetabledPassingTime version="7055706" id="VTR:TimetabledPassingTime:7052120_243381740_12">
                  <StopPointInJourneyPatternRef ref="VTR:StopPointInJourneyPattern:243381740" version="7055706"/>
                  <DepartureTime>22:32:00</DepartureTime>
                  <DepartureDayOffset>0</DepartureDayOffset>
                </TimetabledPassingTime>
                <TimetabledPassingTime version="7055706" id="VTR:TimetabledPassingTime:7052120_243381741_13">
                  <StopPointInJourneyPatternRef ref="VTR:StopPointInJourneyPattern:243381741" version="7055706"/>
                  <DepartureTime>22:33:00</DepartureTime>
                  <DepartureDayOffset>0</DepartureDayOffset>
                </TimetabledPassingTime>
                <TimetabledPassingTime version="7055706" id="VTR:TimetabledPassingTime:7052120_243381742_14">
                  <StopPointInJourneyPatternRef ref="VTR:StopPointInJourneyPattern:243381742" version="7055706"/>
                  <DepartureTime>22:35:00</DepartureTime>
                  <DepartureDayOffset>0</DepartureDayOffset>
                </TimetabledPassingTime>
                <TimetabledPassingTime version="7055706" id="VTR:TimetabledPassingTime:7052120_243381743_15">
                  <StopPointInJourneyPatternRef ref="VTR:StopPointInJourneyPattern:243381743" version="7055706"/>
                  <DepartureTime>22:37:00</DepartureTime>
                  <DepartureDayOffset>0</DepartureDayOffset>
                </TimetabledPassingTime>
                <TimetabledPassingTime version="7055706" id="VTR:TimetabledPassingTime:7052120_243381744_16">
                  <StopPointInJourneyPatternRef ref="VTR:StopPointInJourneyPattern:243381744" version="7055706"/>
                  <DepartureTime>22:39:00</DepartureTime>
                  <DepartureDayOffset>0</DepartureDayOffset>
                </TimetabledPassingTime>
                <TimetabledPassingTime version="7055706" id="VTR:TimetabledPassingTime:7052120_243381745_17">
                  <StopPointInJourneyPatternRef ref="VTR:StopPointInJourneyPattern:243381745" version="7055706"/>
                  <DepartureTime>22:40:00</DepartureTime>
                  <DepartureDayOffset>0</DepartureDayOffset>
                </TimetabledPassingTime>
                <TimetabledPassingTime version="7055706" id="VTR:TimetabledPassingTime:7052120_243381746_18">
                  <StopPointInJourneyPatternRef ref="VTR:StopPointInJourneyPattern:243381746" version="7055706"/>
                  <DepartureTime>22:41:00</DepartureTime>
                  <DepartureDayOffset>0</DepartureDayOffset>
                </TimetabledPassingTime>
              </passingTimes>
            </ServiceJourney>
            <ServiceJourney version="7055702" id="VTR:ServiceJourney:7052116">
              <Name>panevezys_bus_N1_a-b</Name>
              <dayTypes>
                <DayTypeRef ref="VTR:DayType:39265"/>
              </dayTypes>
              <JourneyPatternRef version="7055702" ref="VTR:JourneyPattern:7052116"/>
              <OperatorRef ref="VTR:Operator:504"/>
              <LineRef ref="VTR:Line:7896" version="10301"/>
              <passingTimes>
                <TimetabledPassingTime version="7055702" id="VTR:TimetabledPassingTime:7052116_243381706_1">
                  <StopPointInJourneyPatternRef ref="VTR:StopPointInJourneyPattern:243381706" version="7055702"/>
                  <DepartureTime>23:10:00</DepartureTime>
                  <DepartureDayOffset>0</DepartureDayOffset>
                </TimetabledPassingTime>
                <TimetabledPassingTime version="7055702" id="VTR:TimetabledPassingTime:7052116_243381707_2">
                  <StopPointInJourneyPatternRef ref="VTR:StopPointInJourneyPattern:243381707" version="7055702"/>
                  <DepartureTime>23:14:00</DepartureTime>
                  <DepartureDayOffset>0</DepartureDayOffset>
                </TimetabledPassingTime>
                <TimetabledPassingTime version="7055702" id="VTR:TimetabledPassingTime:7052116_243381708_3">
                  <StopPointInJourneyPatternRef ref="VTR:StopPointInJourneyPattern:243381708" version="7055702"/>
                  <DepartureTime>23:15:00</DepartureTime>
                  <DepartureDayOffset>0</DepartureDayOffset>
                </TimetabledPassingTime>
                <TimetabledPassingTime version="7055702" id="VTR:TimetabledPassingTime:7052116_243381709_4">
                  <StopPointInJourneyPatternRef ref="VTR:StopPointInJourneyPattern:243381709" version="7055702"/>
                  <DepartureTime>23:16:00</DepartureTime>
                  <DepartureDayOffset>0</DepartureDayOffset>
                </TimetabledPassingTime>
                <TimetabledPassingTime version="7055702" id="VTR:TimetabledPassingTime:7052116_243381710_5">
                  <StopPointInJourneyPatternRef ref="VTR:StopPointInJourneyPattern:243381710" version="7055702"/>
                  <DepartureTime>23:17:00</DepartureTime>
                  <DepartureDayOffset>0</DepartureDayOffset>
                </TimetabledPassingTime>
                <TimetabledPassingTime version="7055702" id="VTR:TimetabledPassingTime:7052116_243381711_6">
                  <StopPointInJourneyPatternRef ref="VTR:StopPointInJourneyPattern:243381711" version="7055702"/>
                  <DepartureTime>23:17:00</DepartureTime>
                  <DepartureDayOffset>0</DepartureDayOffset>
                </TimetabledPassingTime>
                <TimetabledPassingTime version="7055702" id="VTR:TimetabledPassingTime:7052116_243381712_7">
                  <StopPointInJourneyPatternRef ref="VTR:StopPointInJourneyPattern:243381712" version="7055702"/>
                  <DepartureTime>23:18:00</DepartureTime>
                  <DepartureDayOffset>0</DepartureDayOffset>
                </TimetabledPassingTime>
                <TimetabledPassingTime version="7055702" id="VTR:TimetabledPassingTime:7052116_243381713_8">
                  <StopPointInJourneyPatternRef ref="VTR:StopPointInJourneyPattern:243381713" version="7055702"/>
                  <DepartureTime>23:19:00</DepartureTime>
                  <DepartureDayOffset>0</DepartureDayOffset>
                </TimetabledPassingTime>
                <TimetabledPassingTime version="7055702" id="VTR:TimetabledPassingTime:7052116_243381714_9">
                  <StopPointInJourneyPatternRef ref="VTR:StopPointInJourneyPattern:243381714" version="7055702"/>
                  <DepartureTime>23:20:00</DepartureTime>
                  <DepartureDayOffset>0</DepartureDayOffset>
                </TimetabledPassingTime>
                <TimetabledPassingTime version="7055702" id="VTR:TimetabledPassingTime:7052116_243381715_10">
                  <StopPointInJourneyPatternRef ref="VTR:StopPointInJourneyPattern:243381715" version="7055702"/>
                  <DepartureTime>23:21:00</DepartureTime>
                  <DepartureDayOffset>0</DepartureDayOffset>
                </TimetabledPassingTime>
                <TimetabledPassingTime version="7055702" id="VTR:TimetabledPassingTime:7052116_243381716_11">
                  <StopPointInJourneyPatternRef ref="VTR:StopPointInJourneyPattern:243381716" version="7055702"/>
                  <DepartureTime>23:22:00</DepartureTime>
                  <DepartureDayOffset>0</DepartureDayOffset>
                </TimetabledPassingTime>
                <TimetabledPassingTime version="7055702" id="VTR:TimetabledPassingTime:7052116_243381717_12">
                  <StopPointInJourneyPatternRef ref="VTR:StopPointInJourneyPattern:243381717" version="7055702"/>
                  <DepartureTime>23:24:00</DepartureTime>
                  <DepartureDayOffset>0</DepartureDayOffset>
                </TimetabledPassingTime>
                <TimetabledPassingTime version="7055702" id="VTR:TimetabledPassingTime:7052116_243381718_13">
                  <StopPointInJourneyPatternRef ref="VTR:StopPointInJourneyPattern:243381718" version="7055702"/>
                  <DepartureTime>23:26:00</DepartureTime>
                  <DepartureDayOffset>0</DepartureDayOffset>
                </TimetabledPassingTime>
                <TimetabledPassingTime version="7055702" id="VTR:TimetabledPassingTime:7052116_243381719_14">
                  <StopPointInJourneyPatternRef ref="VTR:StopPointInJourneyPattern:243381719" version="7055702"/>
                  <DepartureTime>23:27:00</DepartureTime>
                  <DepartureDayOffset>0</DepartureDayOffset>
                </TimetabledPassingTime>
                <TimetabledPassingTime version="7055702" id="VTR:TimetabledPassingTime:7052116_243381720_15">
                  <StopPointInJourneyPatternRef ref="VTR:StopPointInJourneyPattern:243381720" version="7055702"/>
                  <DepartureTime>23:29:00</DepartureTime>
                  <DepartureDayOffset>0</DepartureDayOffset>
                </TimetabledPassingTime>
                <TimetabledPassingTime version="7055702" id="VTR:TimetabledPassingTime:7052116_243381721_16">
                  <StopPointInJourneyPatternRef ref="VTR:StopPointInJourneyPattern:243381721" version="7055702"/>
                  <DepartureTime>23:30:00</DepartureTime>
                  <DepartureDayOffset>0</DepartureDayOffset>
                </TimetabledPassingTime>
                <TimetabledPassingTime version="7055702" id="VTR:TimetabledPassingTime:7052116_243381722_17">
                  <StopPointInJourneyPatternRef ref="VTR:StopPointInJourneyPattern:243381722" version="7055702"/>
                  <DepartureTime>23:34:00</DepartureTime>
                  <DepartureDayOffset>0</DepartureDayOffset>
                </TimetabledPassingTime>
                <TimetabledPassingTime version="7055702" id="VTR:TimetabledPassingTime:7052116_243381723_18">
                  <StopPointInJourneyPatternRef ref="VTR:StopPointInJourneyPattern:243381723" version="7055702"/>
                  <DepartureTime>23:35:00</DepartureTime>
                  <DepartureDayOffset>0</DepartureDayOffset>
                </TimetabledPassingTime>
                <TimetabledPassingTime version="7055702" id="VTR:TimetabledPassingTime:7052116_243381724_19">
                  <StopPointInJourneyPatternRef ref="VTR:StopPointInJourneyPattern:243381724" version="7055702"/>
                  <DepartureTime>23:37:00</DepartureTime>
                  <DepartureDayOffset>0</DepartureDayOffset>
                </TimetabledPassingTime>
                <TimetabledPassingTime version="7055702" id="VTR:TimetabledPassingTime:7052116_243381725_20">
                  <StopPointInJourneyPatternRef ref="VTR:StopPointInJourneyPattern:243381725" version="7055702"/>
                  <DepartureTime>23:39:00</DepartureTime>
                  <DepartureDayOffset>0</DepartureDayOffset>
                </TimetabledPassingTime>
                <TimetabledPassingTime version="7055702" id="VTR:TimetabledPassingTime:7052116_243381726_21">
                  <StopPointInJourneyPatternRef ref="VTR:StopPointInJourneyPattern:243381726" version="7055702"/>
                  <DepartureTime>23:41:00</DepartureTime>
                  <DepartureDayOffset>0</DepartureDayOffset>
                </TimetabledPassingTime>
                <TimetabledPassingTime version="7055702" id="VTR:TimetabledPassingTime:7052116_243381727_22">
                  <StopPointInJourneyPatternRef ref="VTR:StopPointInJourneyPattern:243381727" version="7055702"/>
                  <DepartureTime>23:42:00</DepartureTime>
                  <DepartureDayOffset>0</DepartureDayOffset>
                </TimetabledPassingTime>
                <TimetabledPassingTime version="7055702" id="VTR:TimetabledPassingTime:7052116_243381728_23">
                  <StopPointInJourneyPatternRef ref="VTR:StopPointInJourneyPattern:243381728" version="7055702"/>
                  <DepartureTime>23:43:00</DepartureTime>
                  <DepartureDayOffset>0</DepartureDayOffset>
                </TimetabledPassingTime>
              </passingTimes>
            </ServiceJourney>
          </vehicleJourneys>
        </TimetableFrame>
        <ResourceFrame version="1" id="VTR:ResourceFrame:1341">
          <organisations>
            <Authority version="1" id="VTR:Authority:43">
              <CompanyNumber>27</CompanyNumber>
              <Name>Panevėžio m. sav.</Name>
              <LegalName>Panevėžio m. sav.</LegalName>
              <ContactDetails>
                <Email>savivaldybe@panevezys.lt</Email>
                <Phone>845501360</Phone>
                <Url>https://www.stops.lt/panevezys/</Url>
              </ContactDetails>
              <OrganisationType>authority</OrganisationType>
            </Authority>
          </organisations>
        </ResourceFrame>
        <FareFrame id="VTR:FareFrame:7896" version="1">
          <FrameDefaults>
            <DefaultCurrency>EUR</DefaultCurrency>
          </FrameDefaults>
          <usageParameters>
            <RoundTrip id="VTR:RoundTrip:single" version="1">
              <Name>Single</Name>
              <TripType>single</TripType>
            </RoundTrip>
            <FrequencyOfUse id="VTR:FrequencyOfUse:once" version="1">
              <Name>Once</Name>
              <MaximalFrequency>1</MaximalFrequency>
            </FrequencyOfUse>
          </usageParameters>
          <priceGroups>
            <PriceGroup id="VTR:PriceGroup:PG01" version="1">
              <Name>Flat Fare Products - Standard</Name>
              <members>
                <FareProductPrice id="VTR:FareProductPrice:standard" version="1">
                  <Name>Single fare</Name>
                  <Amount>0.64</Amount>
                  <Currency>EUR</Currency>
                </FareProductPrice>
              </members>
            </PriceGroup>
          </priceGroups>
        </FareFrame>
      </frames>
    </CompositeFrame>
  </dataObjects>
</PublicationDelivery>
