<?xml version="1.0" encoding="UTF-8"?><PublicationDelivery xmlns="http://www.netex.org.uk/netex" xmlns:gis="http://www.opengis.net/gml/3.2" xmlns:ns2="http://www.opengis.net/gml/3.2" xmlns:ns3="http://www.siri.org.uk/siri" xmlns:xsi="http://www.w3.org/2001/XMLSchema-instance" version="1" xsi:schemaLocation="">
  <PublicationTimestamp>2022-05-07T01:15:00.256</PublicationTimestamp>
  <ParticipantRef>VTR</ParticipantRef>
  <Description>1</Description>
  <dataObjects>
    <CompositeFrame created="2022-05-07T01:15:00.256" version="1" id="VTR:CompositeFrame:1356">
      <validityConditions>
        <AvailabilityCondition version="1" id="VTR:AvailabilityCondition:1356">
          <FromDate>2015-12-14T11:29:02</FromDate>
          <ToDate>2027-12-30T00:00:00</ToDate>
        </AvailabilityCondition>
      </validityConditions>
      <codespaces>
        <Codespace id="vtr">
          <Xmlns>VTR</Xmlns>
          <XmlnsUrl>http://www.visimarsrutai.lt/</XmlnsUrl>
        </Codespace>
      </codespaces>
      <FrameDefaults>
        <DefaultLocale>
          <TimeZone>Europe/Vilnius</TimeZone>
        </DefaultLocale>
        <DefaultLocationSystem>WGS84</DefaultLocationSystem>
      </FrameDefaults>
      <frames>
        <ServiceCalendarFrame version="1" id="VTR:ServiceCalendarFrame:1356">
          <dayTypes>
            <DayType id="VTR:DayType:6005" version="1">
              <properties>
                <PropertyOfDay>
                  <DaysOfWeek>Monday Tuesday Wednesday Thursday Friday</DaysOfWeek>
                </PropertyOfDay>
              </properties>
            </DayType>
          </dayTypes>
          <operatingPeriods>
            <OperatingPeriod version="1" id="VTR:OperatingPeriod:6005">
              <FromDate>2020-01-01T00:00:00</FromDate>
              <ToDate>2021-12-31T00:00:00</ToDate>
            </OperatingPeriod>
          </operatingPeriods>
          <dayTypeAssignments>
            <DayTypeAssignment id="VTR:DayTypeAssignment:6005_0" version="1" order="3452">
              <OperatingPeriodRef ref="VTR:OperatingPeriod:6005" version="1"/>
              <DayTypeRef ref="VTR:DayType:6005" version="1"/>
            </DayTypeAssignment>
          </dayTypeAssignments>
        </ServiceCalendarFrame>
        <ServiceFrame id="VTR:ServiceFrame:1356" version="1">
          <Network version="0" id="VTR:Network:38"/>
          <routePoints>
            <RoutePoint version="1" id="VTR:RoutePoint:267602">
              <projections>
                <PointProjection version="1" id="VTR:PointProjection:41963">
                  <ProjectedPointRef ref="VTR:ScheduledStopPoint:267602" version="1"/>
                </PointProjection>
              </projections>
            </RoutePoint>
            <RoutePoint version="1" id="VTR:RoutePoint:267603">
              <projections>
                <PointProjection version="1" id="VTR:PointProjection:41964">
                  <ProjectedPointRef ref="VTR:ScheduledStopPoint:267603" version="1"/>
                </PointProjection>
              </projections>
            </RoutePoint>
            <RoutePoint version="1" id="VTR:RoutePoint:267604">
              <projections>
                <PointProjection version="1" id="VTR:PointProjection:41965">
                  <ProjectedPointRef ref="VTR:ScheduledStopPoint:267604" version="1"/>
                </PointProjection>
              </projections>
            </RoutePoint>
            <RoutePoint version="1" id="VTR:RoutePoint:267605">
              <projections>
                <PointProjection version="1" id="VTR:PointProjection:41966">
                  <ProjectedPointRef ref="VTR:ScheduledStopPoint:267605" version="1"/>
                </PointProjection>
              </projections>
            </RoutePoint>
            <RoutePoint version="1" id="VTR:RoutePoint:267606">
              <projections>
                <PointProjection version="1" id="VTR:PointProjection:41967">
                  <ProjectedPointRef ref="VTR:ScheduledStopPoint:267606" version="1"/>
                </PointProjection>
              </projections>
            </RoutePoint>
            <RoutePoint version="1" id="VTR:RoutePoint:267607">
              <projections>
                <PointProjection version="1" id="VTR:PointProjection:41968">
                  <ProjectedPointRef ref="VTR:ScheduledStopPoint:267607" version="1"/>
                </PointProjection>
              </projections>
            </RoutePoint>
            <RoutePoint version="1" id="VTR:RoutePoint:267608">
              <projections>
                <PointProjection version="1" id="VTR:PointProjection:41969">
                  <ProjectedPointRef ref="VTR:ScheduledStopPoint:267608" version="1"/>
                </PointProjection>
              </projections>
            </RoutePoint>
            <RoutePoint version="1" id="VTR:RoutePoint:267609">
              <projections>
                <PointProjection version="1" id="VTR:PointProjection:41970">
                  <ProjectedPointRef ref="VTR:ScheduledStopPoint:267609" version="1"/>
                </PointProjection>
              </projections>
            </RoutePoint>
            <RoutePoint version="1" id="VTR:RoutePoint:267610">
              <projections>
                <PointProjection version="1" id="VTR:PointProjection:41971">
                  <ProjectedPointRef ref="VTR:ScheduledStopPoint:267610" version="1"/>
                </PointProjection>
              </projections>
            </RoutePoint>
            <RoutePoint version="1" id="VTR:RoutePoint:267611">
              <projections>
                <PointProjection version="1" id="VTR:PointProjection:41972">
                  <ProjectedPointRef ref="VTR:ScheduledStopPoint:267611" version="1"/>
                </PointProjection>
              </projections>
            </RoutePoint>
            <RoutePoint version="1" id="VTR:RoutePoint:267612">
              <projections>
                <PointProjection version="1" id="VTR:PointProjection:41973">
                  <ProjectedPointRef ref="VTR:ScheduledStopPoint:267612" version="1"/>
                </PointProjection>
              </projections>
            </RoutePoint>
          </routePoints>
          <routes>
            <Route version="1" id="VTR:Route:7692">
              <Name>Laukuva-Požerė-Šilalė</Name>
              <ShortName>Laukuva-Požerė-Šilalė</ShortName>
              <LineRef ref="VTR:Line:2953" version="3042"/>
              <DirectionType>outbound</DirectionType>
              <pointsInSequence>
                <PointOnRoute version="1" id="VTR:PointOnRoute:267602" order="1">
                  <RoutePointRef ref="VTR:RoutePoint:267602"/>
                </PointOnRoute>
                <PointOnRoute version="1" id="VTR:PointOnRoute:267603" order="2">
                  <RoutePointRef ref="VTR:RoutePoint:267603"/>
                </PointOnRoute>
                <PointOnRoute version="1" id="VTR:PointOnRoute:267604" order="3">
                  <RoutePointRef ref="VTR:RoutePoint:267604"/>
                </PointOnRoute>
                <PointOnRoute version="1" id="VTR:PointOnRoute:267605" order="4">
                  <RoutePointRef ref="VTR:RoutePoint:267605"/>
                </PointOnRoute>
                <PointOnRoute version="1" id="VTR:PointOnRoute:267606" order="5">
                  <RoutePointRef ref="VTR:RoutePoint:267606"/>
                </PointOnRoute>
                <PointOnRoute version="1" id="VTR:PointOnRoute:267607" order="6">
                  <RoutePointRef ref="VTR:RoutePoint:267607"/>
                </PointOnRoute>
                <PointOnRoute version="1" id="VTR:PointOnRoute:267608" order="7">
                  <RoutePointRef ref="VTR:RoutePoint:267608"/>
                </PointOnRoute>
                <PointOnRoute version="1" id="VTR:PointOnRoute:267609" order="8">
                  <RoutePointRef ref="VTR:RoutePoint:267609"/>
                </PointOnRoute>
                <PointOnRoute version="1" id="VTR:PointOnRoute:267610" order="9">
                  <RoutePointRef ref="VTR:RoutePoint:267610"/>
                </PointOnRoute>
                <PointOnRoute version="1" id="VTR:PointOnRoute:267611" order="10">
                  <RoutePointRef ref="VTR:RoutePoint:267611"/>
                </PointOnRoute>
                <PointOnRoute version="1" id="VTR:PointOnRoute:267612" order="11">
                  <RoutePointRef ref="VTR:RoutePoint:267612"/>
                </PointOnRoute>
              </pointsInSequence>
            </Route>
          </routes>
          <lines>
            <Line version="3042" id="VTR:Line:2953">
              <Name>Laukuva-Požerė-Šilalė</Name>
              <TransportMode>bus</TransportMode>
              <TransportSubmode>
                <BusSubmode>regionalBus</BusSubmode>
              </TransportSubmode>
              <PublicCode>254</PublicCode>
              <OperatorRef ref="VTR:Operator:38"/>
            </Line>
          </lines>
          <scheduledStopPoints>
            <ScheduledStopPoint version="1" id="VTR:ScheduledStopPoint:267602">
              <Name>Gulbės</Name>
            </ScheduledStopPoint>
            <ScheduledStopPoint version="1" id="VTR:ScheduledStopPoint:267603">
              <Name>Požerė</Name>
            </ScheduledStopPoint>
            <ScheduledStopPoint version="1" id="VTR:ScheduledStopPoint:267604">
              <Name>Požerė</Name>
            </ScheduledStopPoint>
            <ScheduledStopPoint version="1" id="VTR:ScheduledStopPoint:267605">
              <Name>Požerė</Name>
            </ScheduledStopPoint>
            <ScheduledStopPoint version="1" id="VTR:ScheduledStopPoint:267606">
              <Name>Laukuva</Name>
            </ScheduledStopPoint>
            <ScheduledStopPoint version="1" id="VTR:ScheduledStopPoint:267607">
              <Name>Kapinės</Name>
            </ScheduledStopPoint>
            <ScheduledStopPoint version="1" id="VTR:ScheduledStopPoint:267608">
              <Name>Dvarviečiai</Name>
            </ScheduledStopPoint>
            <ScheduledStopPoint version="1" id="VTR:ScheduledStopPoint:267609">
              <Name>Padevytis</Name>
            </ScheduledStopPoint>
            <ScheduledStopPoint version="1" id="VTR:ScheduledStopPoint:267610">
              <Name>Mažrimai</Name>
            </ScheduledStopPoint>
            <ScheduledStopPoint version="1" id="VTR:ScheduledStopPoint:267611">
              <Name>Balsiai</Name>
            </ScheduledStopPoint>
            <ScheduledStopPoint version="1" id="VTR:ScheduledStopPoint:267612">
              <Name>Šilalės autobusų stotis</Name>
            </ScheduledStopPoint>
          </scheduledStopPoints>
          <serviceLinks>
            <ServiceLink id="VTR:ServiceLink:267607_1_267608_1" version="1">
              <Distance>0</Distance>
              <FromPointRef ref="VTR:ScheduledStopPoint:267607" version="1"/>
              <ToPointRef ref="VTR:ScheduledStopPoint:267608" version="1"/>
            </ServiceLink>
            <ServiceLink id="VTR:ServiceLink:267606_1_267607_1" version="1">
              <Distance>2</Distance>
              <FromPointRef ref="VTR:ScheduledStopPoint:267606" version="1"/>
              <ToPointRef ref="VTR:ScheduledStopPoint:267607" version="1"/>
            </ServiceLink>
            <ServiceLink id="VTR:ServiceLink:267602_1_267603_1" version="1">
              <Distance>5</Distance>
              <FromPointRef ref="VTR:ScheduledStopPoint:267602" version="1"/>
              <ToPointRef ref="VTR:ScheduledStopPoint:267603" version="1"/>
            </ServiceLink>
            <ServiceLink id="VTR:ServiceLink:267610_1_267611_1" version="1">
              <Distance>3</Distance>
              <FromPointRef ref="VTR:ScheduledStopPoint:267610" version="1"/>
              <ToPointRef ref="VTR:ScheduledStopPoint:267611" version="1"/>
            </ServiceLink>
            <ServiceLink id="VTR:ServiceLink:267609_1_267610_1" version="1">
              <Distance>4</Distance>
              <FromPointRef ref="VTR:ScheduledStopPoint:267609" version="1"/>
              <ToPointRef ref="VTR:ScheduledStopPoint:267610" version="1"/>
            </ServiceLink>
            <ServiceLink id="VTR:ServiceLink:267604_1_267605_1" version="1">
              <Distance>0</Distance>
              <FromPointRef ref="VTR:ScheduledStopPoint:267604" version="1"/>
              <ToPointRef ref="VTR:ScheduledStopPoint:267605" version="1"/>
            </ServiceLink>
            <ServiceLink id="VTR:ServiceLink:267603_1_267604_1" version="1">
              <Distance>0</Distance>
              <FromPointRef ref="VTR:ScheduledStopPoint:267603" version="1"/>
              <ToPointRef ref="VTR:ScheduledStopPoint:267604" version="1"/>
            </ServiceLink>
            <ServiceLink id="VTR:ServiceLink:267611_1_267612_1" version="1">
              <Distance>3</Distance>
              <FromPointRef ref="VTR:ScheduledStopPoint:267611" version="1"/>
              <ToPointRef ref="VTR:ScheduledStopPoint:267612" version="1"/>
            </ServiceLink>
            <ServiceLink id="VTR:ServiceLink:267605_1_267606_1" version="1">
              <Distance>5</Distance>
              <FromPointRef ref="VTR:ScheduledStopPoint:267605" version="1"/>
              <ToPointRef ref="VTR:ScheduledStopPoint:267606" version="1"/>
            </ServiceLink>
            <ServiceLink id="VTR:ServiceLink:267608_1_267609_1" version="1">
              <Distance>2</Distance>
              <FromPointRef ref="VTR:ScheduledStopPoint:267608" version="1"/>
              <ToPointRef ref="VTR:ScheduledStopPoint:267609" version="1"/>
            </ServiceLink>
          </serviceLinks>
          <stopAssignments>
            <PassengerStopAssignment order="769200000" id="VTR:PassengerStopAssignment:267602" version="1">
              <ScheduledStopPointRef ref="VTR:ScheduledStopPoint:267602" version="1"/>
              <QuayRef ref="VTR:Quay:16231"/>
            </PassengerStopAssignment>
            <PassengerStopAssignment order="769200001" id="VTR:PassengerStopAssignment:267603" version="1">
              <ScheduledStopPointRef ref="VTR:ScheduledStopPoint:267603" version="1"/>
              <QuayRef ref="VTR:Quay:11182"/>
            </PassengerStopAssignment>
            <PassengerStopAssignment order="769200002" id="VTR:PassengerStopAssignment:267604" version="1">
              <ScheduledStopPointRef ref="VTR:ScheduledStopPoint:267604" version="1"/>
              <QuayRef ref="VTR:Quay:16161"/>
            </PassengerStopAssignment>
            <PassengerStopAssignment order="769200003" id="VTR:PassengerStopAssignment:267605" version="1">
              <ScheduledStopPointRef ref="VTR:ScheduledStopPoint:267605" version="1"/>
              <QuayRef ref="VTR:Quay:14210"/>
            </PassengerStopAssignment>
            <PassengerStopAssignment order="769200004" id="VTR:PassengerStopAssignment:267606" version="1">
              <ScheduledStopPointRef ref="VTR:ScheduledStopPoint:267606" version="1"/>
              <QuayRef ref="VTR:Quay:8218"/>
            </PassengerStopAssignment>
            <PassengerStopAssignment order="769200005" id="VTR:PassengerStopAssignment:267607" version="1">
              <ScheduledStopPointRef ref="VTR:ScheduledStopPoint:267607" version="1"/>
              <QuayRef ref="VTR:Quay:5350"/>
            </PassengerStopAssignment>
            <PassengerStopAssignment order="769200006" id="VTR:PassengerStopAssignment:267608" version="1">
              <ScheduledStopPointRef ref="VTR:ScheduledStopPoint:267608" version="1"/>
              <QuayRef ref="VTR:Quay:13244"/>
            </PassengerStopAssignment>
            <PassengerStopAssignment order="769200007" id="VTR:PassengerStopAssignment:267609" version="1">
              <ScheduledStopPointRef ref="VTR:ScheduledStopPoint:267609" version="1"/>
              <QuayRef ref="VTR:Quay:15293"/>
            </PassengerStopAssignment>
            <PassengerStopAssignment order="769200008" id="VTR:PassengerStopAssignment:267610" version="1">
              <ScheduledStopPointRef ref="VTR:ScheduledStopPoint:267610" version="1"/>
              <QuayRef ref="VTR:Quay:14473"/>
            </PassengerStopAssignment>
            <PassengerStopAssignment order="769200009" id="VTR:PassengerStopAssignment:267611" version="1">
              <ScheduledStopPointRef ref="VTR:ScheduledStopPoint:267611" version="1"/>
              <QuayRef ref="VTR:Quay:6377"/>
            </PassengerStopAssignment>
            <PassengerStopAssignment order="769200010" id="VTR:PassengerStopAssignment:267612" version="1">
              <ScheduledStopPointRef ref="VTR:ScheduledStopPoint:267612" version="1"/>
              <QuayRef ref="VTR:Quay:19472"/>
            </PassengerStopAssignment>
          </stopAssignments>
          <journeyPatterns>
            <JourneyPattern id="VTR:JourneyPattern:403948" version="404169">
              <Name>1</Name>
              <RouteRef ref="VTR:Route:7692" version="1"/>
              <pointsInSequence>
                <StopPointInJourneyPattern id="VTR:StopPointInJourneyPattern:8058197" version="404169" order="1">
                  <ScheduledStopPointRef ref="VTR:ScheduledStopPoint:267602"/>
                  <ForAlighting>false</ForAlighting>
                  <DestinationDisplayRef ref="VTR:DestinationDisplay:1"/>
                </StopPointInJourneyPattern>
                <StopPointInJourneyPattern id="VTR:StopPointInJourneyPattern:8058198" version="404169" order="2">
                  <ScheduledStopPointRef ref="VTR:ScheduledStopPoint:267603"/>
                  <DestinationDisplayRef ref="VTR:DestinationDisplay:1"/>
                </StopPointInJourneyPattern>
                <StopPointInJourneyPattern id="VTR:StopPointInJourneyPattern:8058199" version="404169" order="3">
                  <ScheduledStopPointRef ref="VTR:ScheduledStopPoint:267604"/>
                  <DestinationDisplayRef ref="VTR:DestinationDisplay:1"/>
                </StopPointInJourneyPattern>
                <StopPointInJourneyPattern id="VTR:StopPointInJourneyPattern:8058200" version="404169" order="4">
                  <ScheduledStopPointRef ref="VTR:ScheduledStopPoint:267605"/>
                  <DestinationDisplayRef ref="VTR:DestinationDisplay:1"/>
                </StopPointInJourneyPattern>
                <StopPointInJourneyPattern id="VTR:StopPointInJourneyPattern:8058201" version="404169" order="5">
                  <ScheduledStopPointRef ref="VTR:ScheduledStopPoint:267606"/>
                  <DestinationDisplayRef ref="VTR:DestinationDisplay:1"/>
                </StopPointInJourneyPattern>
                <StopPointInJourneyPattern id="VTR:StopPointInJourneyPattern:8058202" version="404169" order="6">
                  <ScheduledStopPointRef ref="VTR:ScheduledStopPoint:267607"/>
                  <DestinationDisplayRef ref="VTR:DestinationDisplay:1"/>
                </StopPointInJourneyPattern>
                <StopPointInJourneyPattern id="VTR:StopPointInJourneyPattern:8058203" version="404169" order="7">
                  <ScheduledStopPointRef ref="VTR:ScheduledStopPoint:267608"/>
                  <DestinationDisplayRef ref="VTR:DestinationDisplay:1"/>
                </StopPointInJourneyPattern>
                <StopPointInJourneyPattern id="VTR:StopPointInJourneyPattern:8058204" version="404169" order="8">
                  <ScheduledStopPointRef ref="VTR:ScheduledStopPoint:267609"/>
                  <DestinationDisplayRef ref="VTR:DestinationDisplay:1"/>
                </StopPointInJourneyPattern>
                <StopPointInJourneyPattern id="VTR:StopPointInJourneyPattern:8058205" version="404169" order="9">
                  <ScheduledStopPointRef ref="VTR:ScheduledStopPoint:267610"/>
                  <DestinationDisplayRef ref="VTR:DestinationDisplay:1"/>
                </StopPointInJourneyPattern>
                <StopPointInJourneyPattern id="VTR:StopPointInJourneyPattern:8058206" version="404169" order="10">
                  <ScheduledStopPointRef ref="VTR:ScheduledStopPoint:267611"/>
                  <DestinationDisplayRef ref="VTR:DestinationDisplay:1"/>
                </StopPointInJourneyPattern>
                <StopPointInJourneyPattern id="VTR:StopPointInJourneyPattern:8058207" version="404169" order="11">
                  <ScheduledStopPointRef ref="VTR:ScheduledStopPoint:267612"/>
                  <ForBoarding>false</ForBoarding>
                  <DestinationDisplayRef ref="VTR:DestinationDisplay:1"/>
                </StopPointInJourneyPattern>
              </pointsInSequence>
            </JourneyPattern>
          </journeyPatterns>
        </ServiceFrame>
        <TimetableFrame version="1" id="VTR:TimetableFrame:1356">
          <vehicleJourneys>
            <ServiceJourney version="404169" id="VTR:ServiceJourney:403948">
              <Name>Laukuva-Požerė-Šilalė</Name>
              <PrivateCode>1</PrivateCode>
              <dayTypes>
                <DayTypeRef ref="VTR:DayType:6005"/>
              </dayTypes>
              <JourneyPatternRef version="404169" ref="VTR:JourneyPattern:403948"/>
              <OperatorRef ref="VTR:Operator:"/>
              <LineRef ref="VTR:Line:2953" version="3042"/>
              <passingTimes>
                <TimetabledPassingTime version="404169" id="VTR:TimetabledPassingTime:403948_8058197_1">
                  <StopPointInJourneyPatternRef ref="VTR:StopPointInJourneyPattern:8058197" version="404169"/>
                  <DepartureTime>06:50:00</DepartureTime>
                  <DepartureDayOffset>0</DepartureDayOffset>
                </TimetabledPassingTime>
                <TimetabledPassingTime version="404169" id="VTR:TimetabledPassingTime:403948_8058198_2">
                  <StopPointInJourneyPatternRef ref="VTR:StopPointInJourneyPattern:8058198" version="404169"/>
                  <DepartureTime>07:00:00</DepartureTime>
                  <DepartureDayOffset>0</DepartureDayOffset>
                </TimetabledPassingTime>
                <TimetabledPassingTime version="404169" id="VTR:TimetabledPassingTime:403948_8058199_3">
                  <StopPointInJourneyPatternRef ref="VTR:StopPointInJourneyPattern:8058199" version="404169"/>
                  <DepartureTime>07:05:00</DepartureTime>
                  <DepartureDayOffset>0</DepartureDayOffset>
                </TimetabledPassingTime>
                <TimetabledPassingTime version="404169" id="VTR:TimetabledPassingTime:403948_8058200_4">
                  <StopPointInJourneyPatternRef ref="VTR:StopPointInJourneyPattern:8058200" version="404169"/>
                  <DepartureTime>07:10:00</DepartureTime>
                  <DepartureDayOffset>0</DepartureDayOffset>
                </TimetabledPassingTime>
                <TimetabledPassingTime version="404169" id="VTR:TimetabledPassingTime:403948_8058201_5">
                  <StopPointInJourneyPatternRef ref="VTR:StopPointInJourneyPattern:8058201" version="404169"/>
                  <DepartureTime>07:20:00</DepartureTime>
                  <DepartureDayOffset>0</DepartureDayOffset>
                </TimetabledPassingTime>
                <TimetabledPassingTime version="404169" id="VTR:TimetabledPassingTime:403948_8058202_6">
                  <StopPointInJourneyPatternRef ref="VTR:StopPointInJourneyPattern:8058202" version="404169"/>
                  <DepartureTime>07:26:00</DepartureTime>
                  <DepartureDayOffset>0</DepartureDayOffset>
                </TimetabledPassingTime>
                <TimetabledPassingTime version="404169" id="VTR:TimetabledPassingTime:403948_8058203_7">
                  <StopPointInJourneyPatternRef ref="VTR:StopPointInJourneyPattern:8058203" version="404169"/>
                  <DepartureTime>07:28:00</DepartureTime>
                  <DepartureDayOffset>0</DepartureDayOffset>
                </TimetabledPassingTime>
                <TimetabledPassingTime version="404169" id="VTR:TimetabledPassingTime:403948_8058204_8">
                  <StopPointInJourneyPatternRef ref="VTR:StopPointInJourneyPattern:8058204" version="404169"/>
                  <DepartureTime>07:33:00</DepartureTime>
                  <DepartureDayOffset>0</DepartureDayOffset>
                </TimetabledPassingTime>
                <TimetabledPassingTime version="404169" id="VTR:TimetabledPassingTime:403948_8058205_9">
                  <StopPointInJourneyPatternRef ref="VTR:StopPointInJourneyPattern:8058205" version="404169"/>
                  <DepartureTime>07:42:00</DepartureTime>
                  <DepartureDayOffset>0</DepartureDayOffset>
                </TimetabledPassingTime>
                <TimetabledPassingTime version="404169" id="VTR:TimetabledPassingTime:403948_8058206_10">
                  <StopPointInJourneyPatternRef ref="VTR:StopPointInJourneyPattern:8058206" version="404169"/>
                  <DepartureTime>07:50:00</DepartureTime>
                  <DepartureDayOffset>0</DepartureDayOffset>
                </TimetabledPassingTime>
                <TimetabledPassingTime version="404169" id="VTR:TimetabledPassingTime:403948_8058207_11">
                  <StopPointInJourneyPatternRef ref="VTR:StopPointInJourneyPattern:8058207" version="404169"/>
                  <DepartureTime>07:55:00</DepartureTime>
                  <DepartureDayOffset>0</DepartureDayOffset>
                </TimetabledPassingTime>
              </passingTimes>
            </ServiceJourney>
          </vehicleJourneys>
        </TimetableFrame>
        <ResourceFrame version="1" id="VTR:ResourceFrame:1356">
          <organisations>
            <Authority version="1" id="VTR:Authority:38">
              <CompanyNumber>17623132</CompanyNumber>
              <Name>Šilalės r. sav.</Name>
              <LegalName>Šilalės r. sav.</LegalName>
              <ContactDetails>
                <Email>administratorius@silale.lt</Email>
                <Phone>844976114</Phone>
                <Url>www.silale.lt</Url>
              </ContactDetails>
              <OrganisationType>authority</OrganisationType>
            </Authority>
          </organisations>
        </ResourceFrame>
        <FareFrame id="VTR:FareFrame:2953" version="1">
          <FrameDefaults>
            <DefaultCurrency>EUR</DefaultCurrency>
          </FrameDefaults>
          <fareStructureElements>
            <FareStructureElement id="VTR:FareStructureElement:pricematrix" version="1">
              <distanceMatrixElements>
                <DistanceMatrixElementRef ref="VTR:DistanceMatrixElement:8058201to8058203" version="1"/>
                <DistanceMatrixElementRef ref="VTR:DistanceMatrixElement:8058204to8058207" version="1"/>
                <DistanceMatrixElementRef ref="VTR:DistanceMatrixElement:8058198to8058206" version="1"/>
                <DistanceMatrixElementRef ref="VTR:DistanceMatrixElement:8058199to8058200" version="1"/>
                <DistanceMatrixElementRef ref="VTR:DistanceMatrixElement:8058199to8058205" version="1"/>
                <DistanceMatrixElementRef ref="VTR:DistanceMatrixElement:8058203to8058205" version="1"/>
                <DistanceMatrixElementRef ref="VTR:DistanceMatrixElement:8058203to8058206" version="1"/>
                <DistanceMatrixElementRef ref="VTR:DistanceMatrixElement:8058197to8058202" version="1"/>
                <DistanceMatrixElementRef ref="VTR:DistanceMatrixElement:8058198to8058203" version="1"/>
                <DistanceMatrixElementRef ref="VTR:DistanceMatrixElement:8058204to8058206" version="1"/>
                <DistanceMatrixElementRef ref="VTR:DistanceMatrixElement:8058206to8058207" version="1"/>
                <DistanceMatrixElementRef ref="VTR:DistanceMatrixElement:8058200to8058204" version="1"/>
                <DistanceMatrixElementRef ref="VTR:DistanceMatrixElement:8058200to8058205" version="1"/>
                <DistanceMatrixElementRef ref="VTR:DistanceMatrixElement:8058202to8058204" version="1"/>
                <DistanceMatrixElementRef ref="VTR:DistanceMatrixElement:8058202to8058205" version="1"/>
                <DistanceMatrixElementRef ref="VTR:DistanceMatrixElement:8058198to8058204" version="1"/>
                <DistanceMatrixElementRef ref="VTR:DistanceMatrixElement:8058198to8058205" version="1"/>
                <DistanceMatrixElementRef ref="VTR:DistanceMatrixElement:8058199to8058201" version="1"/>
                <DistanceMatrixElementRef ref="VTR:DistanceMatrixElement:8058203to8058207" version="1"/>
                <DistanceMatrixElementRef ref="VTR:DistanceMatrixElement:8058197to8058201" version="1"/>
                <DistanceMatrixElementRef ref="VTR:DistanceMatrixElement:8058198to8058200" version="1"/>
                <DistanceMatrixElementRef ref="VTR:DistanceMatrixElement:8058205to8058206" version="1"/>
                <DistanceMatrixElementRef ref="VTR:DistanceMatrixElement:8058201to8058202" version="1"/>
                <DistanceMatrixElementRef ref="VTR:DistanceMatrixElement:8058203to8058204" version="1"/>
                <DistanceMatrixElementRef ref="VTR:DistanceMatrixElement:8058202to8058206" version="1"/>
                <DistanceMatrixElementRef ref="VTR:DistanceMatrixElement:8058197to8058198" version="1"/>
                <DistanceMatrixElementRef ref="VTR:DistanceMatrixElement:8058197to8058204" version="1"/>
                <DistanceMatrixElementRef ref="VTR:DistanceMatrixElement:8058199to8058202" version="1"/>
                <DistanceMatrixElementRef ref="VTR:DistanceMatrixElement:8058200to8058201" version="1"/>
                <DistanceMatrixElementRef ref="VTR:DistanceMatrixElement:8058201to8058205" version="1"/>
                <DistanceMatrixElementRef ref="VTR:DistanceMatrixElement:8058202to8058203" version="1"/>
                <DistanceMatrixElementRef ref="VTR:DistanceMatrixElement:8058202to8058207" version="1"/>
                <DistanceMatrixElementRef ref="VTR:DistanceMatrixElement:8058197to8058203" version="1"/>
                <DistanceMatrixElementRef ref="VTR:DistanceMatrixElement:8058197to8058206" version="1"/>
                <DistanceMatrixElementRef ref="VTR:DistanceMatrixElement:8058198to8058199" version="1"/>
                <DistanceMatrixElementRef ref="VTR:DistanceMatrixElement:8058199to8058207" version="1"/>
                <DistanceMatrixElementRef ref="VTR:DistanceMatrixElement:8058205to8058207" version="1"/>
                <DistanceMatrixElementRef ref="VTR:DistanceMatrixElement:8058201to8058207" version="1"/>
                <DistanceMatrixElementRef ref="VTR:DistanceMatrixElement:8058197to8058200" version="1"/>
                <DistanceMatrixElementRef ref="VTR:DistanceMatrixElement:8058197to8058205" version="1"/>
                <DistanceMatrixElementRef ref="VTR:DistanceMatrixElement:8058197to8058207" version="1"/>
                <DistanceMatrixElementRef ref="VTR:DistanceMatrixElement:8058199to8058203" version="1"/>
                <DistanceMatrixElementRef ref="VTR:DistanceMatrixElement:8058199to8058206" version="1"/>
                <DistanceMatrixElementRef ref="VTR:DistanceMatrixElement:8058200to8058202" version="1"/>
                <DistanceMatrixElementRef ref="VTR:DistanceMatrixElement:8058200to8058203" version="1"/>
                <DistanceMatrixElementRef ref="VTR:DistanceMatrixElement:8058200to8058206" version="1"/>
                <DistanceMatrixElementRef ref="VTR:DistanceMatrixElement:8058200to8058207" version="1"/>
                <DistanceMatrixElementRef ref="VTR:DistanceMatrixElement:8058201to8058204" version="1"/>
                <DistanceMatrixElementRef ref="VTR:DistanceMatrixElement:8058201to8058206" version="1"/>
                <DistanceMatrixElementRef ref="VTR:DistanceMatrixElement:8058198to8058201" version="1"/>
                <DistanceMatrixElementRef ref="VTR:DistanceMatrixElement:8058198to8058202" version="1"/>
                <DistanceMatrixElementRef ref="VTR:DistanceMatrixElement:8058198to8058207" version="1"/>
                <DistanceMatrixElementRef ref="VTR:DistanceMatrixElement:8058199to8058204" version="1"/>
                <DistanceMatrixElementRef ref="VTR:DistanceMatrixElement:8058204to8058205" version="1"/>
                <DistanceMatrixElementRef ref="VTR:DistanceMatrixElement:8058197to8058199" version="1"/>
              </distanceMatrixElements>
            </FareStructureElement>
          </fareStructureElements>
          <tariffs>
            <Tariff id="VTR:Tariff:pointToPointInSeparateJourney_2953" version="1">
              <Name>Point to point tariff</Name>
              <distanceMatrixElements>
                <DistanceMatrixElement id="VTR:DistanceMatrixElement:8058201to8058203" version="1">
                  <Name>Laukuva to Dvarviečiai</Name>
                  <StartStopPointRef ref="VTR:ScheduledStopPoint:267606" version="1"/>
                  <EndStopPointRef ref="VTR:ScheduledStopPoint:267608" version="1"/>
                  <prices>
                    <DistanceMatrixElementPrice id="VTR:DistanceMatrixElementPrice:8058201to8058203" version="1">
                      <Amount>1.2</Amount>
                      <DistanceMatrixElementRef ref="VTR:DistanceMatrixElement:8058201to8058203" version="1"/>
                    </DistanceMatrixElementPrice>
                  </prices>
                </DistanceMatrixElement>
                <DistanceMatrixElement id="VTR:DistanceMatrixElement:8058204to8058207" version="1">
                  <Name>Padevytis to Šilalės autobusų stotis</Name>
                  <StartStopPointRef ref="VTR:ScheduledStopPoint:267609" version="1"/>
                  <EndStopPointRef ref="VTR:ScheduledStopPoint:267612" version="1"/>
                  <prices>
                    <DistanceMatrixElementPrice id="VTR:DistanceMatrixElementPrice:8058204to8058207" version="1">
                      <Amount>3.5</Amount>
                      <DistanceMatrixElementRef ref="VTR:DistanceMatrixElement:8058204to8058207" version="1"/>
                    </DistanceMatrixElementPrice>
                  </prices>
                </DistanceMatrixElement>
                <DistanceMatrixElement id="VTR:DistanceMatrixElement:8058198to8058206" version="1">
                  <Name>Požerė to Balsiai</Name>
                  <StartStopPointRef ref="VTR:ScheduledStopPoint:267603" version="1"/>
                  <EndStopPointRef ref="VTR:ScheduledStopPoint:267611" version="1"/>
                  <prices>
                    <DistanceMatrixElementPrice id="VTR:DistanceMatrixElementPrice:8058198to8058206" version="1">
                      <Amount>6.9</Amount>
                      <DistanceMatrixElementRef ref="VTR:DistanceMatrixElement:8058198to8058206" version="1"/>
                    </DistanceMatrixElementPrice>
                  </prices>
                </DistanceMatrixElement>
                <DistanceMatrixElement id="VTR:DistanceMatrixElement:8058199to8058200" version="1">
                  <Name>Požerė to Požerė</Name>
                  <StartStopPointRef ref="VTR:ScheduledStopPoint:267604" version="1"/>
                  <EndStopPointRef ref="VTR:ScheduledStopPoint:267605" version="1"/>
                  <prices>
                    <DistanceMatrixElementPrice id="VTR:DistanceMatrixElementPrice:8058199to8058200" version="1">
                      <Amount>0.5</Amount>
                      <DistanceMatrixElementRef ref="VTR:DistanceMatrixElement:8058199to8058200" version="1"/>
                    </DistanceMatrixElementPrice>
                  </prices>
                </DistanceMatrixElement>
                <DistanceMatrixElement id="VTR:DistanceMatrixElement:8058199to8058205" version="1">
                  <Name>Požerė to Mažrimai</Name>
                  <StartStopPointRef ref="VTR:ScheduledStopPoint:267604" version="1"/>
                  <EndStopPointRef ref="VTR:ScheduledStopPoint:267610" version="1"/>
                  <prices>
                    <DistanceMatrixElementPrice id="VTR:DistanceMatrixElementPrice:8058199to8058205" version="1">
                      <Amount>5.7</Amount>
                      <DistanceMatrixElementRef ref="VTR:DistanceMatrixElement:8058199to8058205" version="1"/>
                    </DistanceMatrixElementPrice>
                  </prices>
                </DistanceMatrixElement>
                <DistanceMatrixElement id="VTR:DistanceMatrixElement:8058203to8058205" version="1">
                  <Name>Dvarviečiai to Mažrimai</Name>
                  <StartStopPointRef ref="VTR:ScheduledStopPoint:267608" version="1"/>
                  <EndStopPointRef ref="VTR:ScheduledStopPoint:267610" version="1"/>
                  <prices>
                    <DistanceMatrixElementPrice id="VTR:DistanceMatrixElementPrice:8058203to8058205" version="1">
                      <Amount>2.3</Amount>
                      <DistanceMatrixElementRef ref="VTR:DistanceMatrixElement:8058203to8058205" version="1"/>
                    </DistanceMatrixElementPrice>
                  </prices>
                </DistanceMatrixElement>
                <DistanceMatrixElement id="VTR:DistanceMatrixElement:8058203to8058206" version="1">
                  <Name>Dvarviečiai to Balsiai</Name>
                  <StartStopPointRef ref="VTR:ScheduledStopPoint:267608" version="1"/>
                  <EndStopPointRef ref="VTR:ScheduledStopPoint:267611" version="1"/>
                  <prices>
                    <DistanceMatrixElementPrice id="VTR:DistanceMatrixElementPrice:8058203to8058206" version="1">
                      <Amount>3.3</Amount>
                      <DistanceMatrixElementRef ref="VTR:DistanceMatrixElement:8058203to8058206" version="1"/>
                    </DistanceMatrixElementPrice>
                  </prices>
                </DistanceMatrixElement>
                <DistanceMatrixElement id="VTR:DistanceMatrixElement:8058197to8058202" version="1">
                  <Name>Gulbės to Kapinės</Name>
                  <StartStopPointRef ref="VTR:ScheduledStopPoint:267602" version="1"/>
                  <EndStopPointRef ref="VTR:ScheduledStopPoint:267607" version="1"/>
                  <prices>
                    <DistanceMatrixElementPrice id="VTR:DistanceMatrixElementPrice:8058197to8058202" version="1">
                      <Amount>4.5</Amount>
                      <DistanceMatrixElementRef ref="VTR:DistanceMatrixElement:8058197to8058202" version="1"/>
                    </DistanceMatrixElementPrice>
                  </prices>
                </DistanceMatrixElement>
                <DistanceMatrixElement id="VTR:DistanceMatrixElement:8058198to8058203" version="1">
                  <Name>Požerė to Dvarviečiai</Name>
                  <StartStopPointRef ref="VTR:ScheduledStopPoint:267603" version="1"/>
                  <EndStopPointRef ref="VTR:ScheduledStopPoint:267608" version="1"/>
                  <prices>
                    <DistanceMatrixElementPrice id="VTR:DistanceMatrixElementPrice:8058198to8058203" version="1">
                      <Amount>3.6</Amount>
                      <DistanceMatrixElementRef ref="VTR:DistanceMatrixElement:8058198to8058203" version="1"/>
                    </DistanceMatrixElementPrice>
                  </prices>
                </DistanceMatrixElement>
                <DistanceMatrixElement id="VTR:DistanceMatrixElement:8058204to8058206" version="1">
                  <Name>Padevytis to Balsiai</Name>
                  <StartStopPointRef ref="VTR:ScheduledStopPoint:267609" version="1"/>
                  <EndStopPointRef ref="VTR:ScheduledStopPoint:267611" version="1"/>
                  <prices>
                    <DistanceMatrixElementPrice id="VTR:DistanceMatrixElementPrice:8058204to8058206" version="1">
                      <Amount>2.7</Amount>
                      <DistanceMatrixElementRef ref="VTR:DistanceMatrixElement:8058204to8058206" version="1"/>
                    </DistanceMatrixElementPrice>
                  </prices>
                </DistanceMatrixElement>
                <DistanceMatrixElement id="VTR:DistanceMatrixElement:8058206to8058207" version="1">
                  <Name>Balsiai to Šilalės autobusų stotis</Name>
                  <StartStopPointRef ref="VTR:ScheduledStopPoint:267611" version="1"/>
                  <EndStopPointRef ref="VTR:ScheduledStopPoint:267612" version="1"/>
                  <prices>
                    <DistanceMatrixElementPrice id="VTR:DistanceMatrixElementPrice:8058206to8058207" version="1">
                      <Amount>1.2</Amount>
                      <DistanceMatrixElementRef ref="VTR:DistanceMatrixElement:8058206to8058207" version="1"/>
                    </DistanceMatrixElementPrice>
                  </prices>
                </DistanceMatrixElement>
                <DistanceMatrixElement id="VTR:DistanceMatrixElement:8058200to8058204" version="1">
                  <Name>Požerė to Padevytis</Name>
                  <StartStopPointRef ref="VTR:ScheduledStopPoint:267605" version="1"/>
                  <EndStopPointRef ref="VTR:ScheduledStopPoint:267609" version="1"/>
                  <prices>
                    <DistanceMatrixElementPrice id="VTR:DistanceMatrixElementPrice:8058200to8058204" version="1">
                      <Amount>4.0</Amount>
                      <DistanceMatrixElementRef ref="VTR:DistanceMatrixElement:8058200to8058204" version="1"/>
                    </DistanceMatrixElementPrice>
                  </prices>
                </DistanceMatrixElement>
                <DistanceMatrixElement id="VTR:DistanceMatrixElement:8058200to8058205" version="1">
                  <Name>Požerė to Mažrimai</Name>
                  <StartStopPointRef ref="VTR:ScheduledStopPoint:267605" version="1"/>
                  <EndStopPointRef ref="VTR:ScheduledStopPoint:267610" version="1"/>
                  <prices>
                    <DistanceMatrixElementPrice id="VTR:DistanceMatrixElementPrice:8058200to8058205" version="1">
                      <Amount>5.5</Amount>
                      <DistanceMatrixElementRef ref="VTR:DistanceMatrixElement:8058200to8058205" version="1"/>
                    </DistanceMatrixElementPrice>
                  </prices>
                </DistanceMatrixElement>
                <DistanceMatrixElement id="VTR:DistanceMatrixElement:8058202to8058204" version="1">
                  <Name>Kapinės to Padevytis</Name>
                  <StartStopPointRef ref="VTR:ScheduledStopPoint:267607" version="1"/>
                  <EndStopPointRef ref="VTR:ScheduledStopPoint:267609" version="1"/>
                  <prices>
                    <DistanceMatrixElementPrice id="VTR:DistanceMatrixElementPrice:8058202to8058204" version="1">
                      <Amount>1.3</Amount>
                      <DistanceMatrixElementRef ref="VTR:DistanceMatrixElement:8058202to8058204" version="1"/>
                    </DistanceMatrixElementPrice>
                  </prices>
                </DistanceMatrixElement>
                <DistanceMatrixElement id="VTR:DistanceMatrixElement:8058202to8058205" version="1">
                  <Name>Kapinės to Mažrimai</Name>
                  <StartStopPointRef ref="VTR:ScheduledStopPoint:267607" version="1"/>
                  <EndStopPointRef ref="VTR:ScheduledStopPoint:267610" version="1"/>
                  <prices>
                    <DistanceMatrixElementPrice id="VTR:DistanceMatrixElementPrice:8058202to8058205" version="1">
                      <Amount>2.8</Amount>
                      <DistanceMatrixElementRef ref="VTR:DistanceMatrixElement:8058202to8058205" version="1"/>
                    </DistanceMatrixElementPrice>
                  </prices>
                </DistanceMatrixElement>
                <DistanceMatrixElement id="VTR:DistanceMatrixElement:8058198to8058204" version="1">
                  <Name>Požerė to Padevytis</Name>
                  <StartStopPointRef ref="VTR:ScheduledStopPoint:267603" version="1"/>
                  <EndStopPointRef ref="VTR:ScheduledStopPoint:267609" version="1"/>
                  <prices>
                    <DistanceMatrixElementPrice id="VTR:DistanceMatrixElementPrice:8058198to8058204" version="1">
                      <Amount>4.4</Amount>
                      <DistanceMatrixElementRef ref="VTR:DistanceMatrixElement:8058198to8058204" version="1"/>
                    </DistanceMatrixElementPrice>
                  </prices>
                </DistanceMatrixElement>
                <DistanceMatrixElement id="VTR:DistanceMatrixElement:8058198to8058205" version="1">
                  <Name>Požerė to Mažrimai</Name>
                  <StartStopPointRef ref="VTR:ScheduledStopPoint:267603" version="1"/>
                  <EndStopPointRef ref="VTR:ScheduledStopPoint:267610" version="1"/>
                  <prices>
                    <DistanceMatrixElementPrice id="VTR:DistanceMatrixElementPrice:8058198to8058205" version="1">
                      <Amount>5.9</Amount>
                      <DistanceMatrixElementRef ref="VTR:DistanceMatrixElement:8058198to8058205" version="1"/>
                    </DistanceMatrixElementPrice>
                  </prices>
                </DistanceMatrixElement>
                <DistanceMatrixElement id="VTR:DistanceMatrixElement:8058199to8058201" version="1">
                  <Name>Požerė to Laukuva</Name>
                  <StartStopPointRef ref="VTR:ScheduledStopPoint:267604" version="1"/>
                  <EndStopPointRef ref="VTR:ScheduledStopPoint:267606" version="1"/>
                  <prices>
                    <DistanceMatrixElementPrice id="VTR:DistanceMatrixElementPrice:8058199to8058201" version="1">
                      <Amount>2.2</Amount>
                      <DistanceMatrixElementRef ref="VTR:DistanceMatrixElement:8058199to8058201" version="1"/>
                    </DistanceMatrixElementPrice>
                  </prices>
                </DistanceMatrixElement>
                <DistanceMatrixElement id="VTR:DistanceMatrixElement:8058203to8058207" version="1">
                  <Name>Dvarviečiai to Šilalės autobusų stotis</Name>
                  <StartStopPointRef ref="VTR:ScheduledStopPoint:267608" version="1"/>
                  <EndStopPointRef ref="VTR:ScheduledStopPoint:267612" version="1"/>
                  <prices>
                    <DistanceMatrixElementPrice id="VTR:DistanceMatrixElementPrice:8058203to8058207" version="1">
                      <Amount>4.7</Amount>
                      <DistanceMatrixElementRef ref="VTR:DistanceMatrixElement:8058203to8058207" version="1"/>
                    </DistanceMatrixElementPrice>
                  </prices>
                </DistanceMatrixElement>
                <DistanceMatrixElement id="VTR:DistanceMatrixElement:8058197to8058201" version="1">
                  <Name>Gulbės to Laukuva</Name>
                  <StartStopPointRef ref="VTR:ScheduledStopPoint:267602" version="1"/>
                  <EndStopPointRef ref="VTR:ScheduledStopPoint:267606" version="1"/>
                  <prices>
                    <DistanceMatrixElementPrice id="VTR:DistanceMatrixElementPrice:8058197to8058201" version="1">
                      <Amount>3.8</Amount>
                      <DistanceMatrixElementRef ref="VTR:DistanceMatrixElement:8058197to8058201" version="1"/>
                    </DistanceMatrixElementPrice>
                  </prices>
                </DistanceMatrixElement>
                <DistanceMatrixElement id="VTR:DistanceMatrixElement:8058198to8058200" version="1">
                  <Name>Požerė to Požerė</Name>
                  <StartStopPointRef ref="VTR:ScheduledStopPoint:267603" version="1"/>
                  <EndStopPointRef ref="VTR:ScheduledStopPoint:267605" version="1"/>
                  <prices>
                    <DistanceMatrixElementPrice id="VTR:DistanceMatrixElementPrice:8058198to8058200" version="1">
                      <Amount>0.5</Amount>
                      <DistanceMatrixElementRef ref="VTR:DistanceMatrixElement:8058198to8058200" version="1"/>
                    </DistanceMatrixElementPrice>
                  </prices>
                </DistanceMatrixElement>
                <DistanceMatrixElement id="VTR:DistanceMatrixElement:8058205to8058206" version="1">
                  <Name>Mažrimai to Balsiai</Name>
                  <StartStopPointRef ref="VTR:ScheduledStopPoint:267610" version="1"/>
                  <EndStopPointRef ref="VTR:ScheduledStopPoint:267611" version="1"/>
                  <prices>
                    <DistanceMatrixElementPrice id="VTR:DistanceMatrixElementPrice:8058205to8058206" version="1">
                      <Amount>1.2</Amount>
                      <DistanceMatrixElementRef ref="VTR:DistanceMatrixElement:8058205to8058206" version="1"/>
                    </DistanceMatrixElementPrice>
                  </prices>
                </DistanceMatrixElement>
                <DistanceMatrixElement id="VTR:DistanceMatrixElement:8058201to8058202" version="1">
                  <Name>Laukuva to Kapinės</Name>
                  <StartStopPointRef ref="VTR:ScheduledStopPoint:267606" version="1"/>
                  <EndStopPointRef ref="VTR:ScheduledStopPoint:267607" version="1"/>
                  <prices>
                    <DistanceMatrixElementPrice id="VTR:DistanceMatrixElementPrice:8058201to8058202" version="1">
                      <Amount>0.7</Amount>
                      <DistanceMatrixElementRef ref="VTR:DistanceMatrixElement:8058201to8058202" version="1"/>
                    </DistanceMatrixElementPrice>
                  </prices>
                </DistanceMatrixElement>
                <DistanceMatrixElement id="VTR:DistanceMatrixElement:8058203to8058204" version="1">
                  <Name>Dvarviečiai to Padevytis</Name>
                  <StartStopPointRef ref="VTR:ScheduledStopPoint:267608" version="1"/>
                  <EndStopPointRef ref="VTR:ScheduledStopPoint:267609" version="1"/>
                  <prices>
                    <DistanceMatrixElementPrice id="VTR:DistanceMatrixElementPrice:8058203to8058204" version="1">
                      <Amount>0.8</Amount>
                      <DistanceMatrixElementRef ref="VTR:DistanceMatrixElement:8058203to8058204" version="1"/>
                    </DistanceMatrixElementPrice>
                  </prices>
                </DistanceMatrixElement>
                <DistanceMatrixElement id="VTR:DistanceMatrixElement:8058202to8058206" version="1">
                  <Name>Kapinės to Balsiai</Name>
                  <StartStopPointRef ref="VTR:ScheduledStopPoint:267607" version="1"/>
                  <EndStopPointRef ref="VTR:ScheduledStopPoint:267611" version="1"/>
                  <prices>
                    <DistanceMatrixElementPrice id="VTR:DistanceMatrixElementPrice:8058202to8058206" version="1">
                      <Amount>3.8</Amount>
                      <DistanceMatrixElementRef ref="VTR:DistanceMatrixElement:8058202to8058206" version="1"/>
                    </DistanceMatrixElementPrice>
                  </prices>
                </DistanceMatrixElement>
                <DistanceMatrixElement id="VTR:DistanceMatrixElement:8058197to8058198" version="1">
                  <Name>Gulbės to Požerė</Name>
                  <StartStopPointRef ref="VTR:ScheduledStopPoint:267602" version="1"/>
                  <EndStopPointRef ref="VTR:ScheduledStopPoint:267603" version="1"/>
                  <prices>
                    <DistanceMatrixElementPrice id="VTR:DistanceMatrixElementPrice:8058197to8058198" version="1">
                      <Amount>1.4</Amount>
                      <DistanceMatrixElementRef ref="VTR:DistanceMatrixElement:8058197to8058198" version="1"/>
                    </DistanceMatrixElementPrice>
                  </prices>
                </DistanceMatrixElement>
                <DistanceMatrixElement id="VTR:DistanceMatrixElement:8058197to8058204" version="1">
                  <Name>Gulbės to Padevytis</Name>
                  <StartStopPointRef ref="VTR:ScheduledStopPoint:267602" version="1"/>
                  <EndStopPointRef ref="VTR:ScheduledStopPoint:267609" version="1"/>
                  <prices>
                    <DistanceMatrixElementPrice id="VTR:DistanceMatrixElementPrice:8058197to8058204" version="1">
                      <Amount>5.8</Amount>
                      <DistanceMatrixElementRef ref="VTR:DistanceMatrixElement:8058197to8058204" version="1"/>
                    </DistanceMatrixElementPrice>
                  </prices>
                </DistanceMatrixElement>
                <DistanceMatrixElement id="VTR:DistanceMatrixElement:8058199to8058202" version="1">
                  <Name>Požerė to Kapinės</Name>
                  <StartStopPointRef ref="VTR:ScheduledStopPoint:267604" version="1"/>
                  <EndStopPointRef ref="VTR:ScheduledStopPoint:267607" version="1"/>
                  <prices>
                    <DistanceMatrixElementPrice id="VTR:DistanceMatrixElementPrice:8058199to8058202" version="1">
                      <Amount>2.9</Amount>
                      <DistanceMatrixElementRef ref="VTR:DistanceMatrixElement:8058199to8058202" version="1"/>
                    </DistanceMatrixElementPrice>
                  </prices>
                </DistanceMatrixElement>
                <DistanceMatrixElement id="VTR:DistanceMatrixElement:8058200to8058201" version="1">
                  <Name>Požerė to Laukuva</Name>
                  <StartStopPointRef ref="VTR:ScheduledStopPoint:267605" version="1"/>
                  <EndStopPointRef ref="VTR:ScheduledStopPoint:267606" version="1"/>
                  <prices>
                    <DistanceMatrixElementPrice id="VTR:DistanceMatrixElementPrice:8058200to8058201" version="1">
                      <Amount>2.0</Amount>
                      <DistanceMatrixElementRef ref="VTR:DistanceMatrixElement:8058200to8058201" version="1"/>
                    </DistanceMatrixElementPrice>
                  </prices>
                </DistanceMatrixElement>
                <DistanceMatrixElement id="VTR:DistanceMatrixElement:8058201to8058205" version="1">
                  <Name>Laukuva to Mažrimai</Name>
                  <StartStopPointRef ref="VTR:ScheduledStopPoint:267606" version="1"/>
                  <EndStopPointRef ref="VTR:ScheduledStopPoint:267610" version="1"/>
                  <prices>
                    <DistanceMatrixElementPrice id="VTR:DistanceMatrixElementPrice:8058201to8058205" version="1">
                      <Amount>3.5</Amount>
                      <DistanceMatrixElementRef ref="VTR:DistanceMatrixElement:8058201to8058205" version="1"/>
                    </DistanceMatrixElementPrice>
                  </prices>
                </DistanceMatrixElement>
                <DistanceMatrixElement id="VTR:DistanceMatrixElement:8058202to8058203" version="1">
                  <Name>Kapinės to Dvarviečiai</Name>
                  <StartStopPointRef ref="VTR:ScheduledStopPoint:267607" version="1"/>
                  <EndStopPointRef ref="VTR:ScheduledStopPoint:267608" version="1"/>
                  <prices>
                    <DistanceMatrixElementPrice id="VTR:DistanceMatrixElementPrice:8058202to8058203" version="1">
                      <Amount>0.5</Amount>
                      <DistanceMatrixElementRef ref="VTR:DistanceMatrixElement:8058202to8058203" version="1"/>
                    </DistanceMatrixElementPrice>
                  </prices>
                </DistanceMatrixElement>
                <DistanceMatrixElement id="VTR:DistanceMatrixElement:8058202to8058207" version="1">
                  <Name>Kapinės to Šilalės autobusų stotis</Name>
                  <StartStopPointRef ref="VTR:ScheduledStopPoint:267607" version="1"/>
                  <EndStopPointRef ref="VTR:ScheduledStopPoint:267612" version="1"/>
                  <prices>
                    <DistanceMatrixElementPrice id="VTR:DistanceMatrixElementPrice:8058202to8058207" version="1">
                      <Amount>5.2</Amount>
                      <DistanceMatrixElementRef ref="VTR:DistanceMatrixElement:8058202to8058207" version="1"/>
                    </DistanceMatrixElementPrice>
                  </prices>
                </DistanceMatrixElement>
                <DistanceMatrixElement id="VTR:DistanceMatrixElement:8058197to8058203" version="1">
                  <Name>Gulbės to Dvarviečiai</Name>
                  <StartStopPointRef ref="VTR:ScheduledStopPoint:267602" version="1"/>
                  <EndStopPointRef ref="VTR:ScheduledStopPoint:267608" version="1"/>
                  <prices>
                    <DistanceMatrixElementPrice id="VTR:DistanceMatrixElementPrice:8058197to8058203" version="1">
                      <Amount>5.0</Amount>
                      <DistanceMatrixElementRef ref="VTR:DistanceMatrixElement:8058197to8058203" version="1"/>
                    </DistanceMatrixElementPrice>
                  </prices>
                </DistanceMatrixElement>
                <DistanceMatrixElement id="VTR:DistanceMatrixElement:8058197to8058206" version="1">
                  <Name>Gulbės to Balsiai</Name>
                  <StartStopPointRef ref="VTR:ScheduledStopPoint:267602" version="1"/>
                  <EndStopPointRef ref="VTR:ScheduledStopPoint:267611" version="1"/>
                  <prices>
                    <DistanceMatrixElementPrice id="VTR:DistanceMatrixElementPrice:8058197to8058206" version="1">
                      <Amount>8.3</Amount>
                      <DistanceMatrixElementRef ref="VTR:DistanceMatrixElement:8058197to8058206" version="1"/>
                    </DistanceMatrixElementPrice>
                  </prices>
                </DistanceMatrixElement>
                <DistanceMatrixElement id="VTR:DistanceMatrixElement:8058198to8058199" version="1">
                  <Name>Požerė to Požerė</Name>
                  <StartStopPointRef ref="VTR:ScheduledStopPoint:267603" version="1"/>
                  <EndStopPointRef ref="VTR:ScheduledStopPoint:267604" version="1"/>
                  <prices>
                    <DistanceMatrixElementPrice id="VTR:DistanceMatrixElementPrice:8058198to8058199" version="1">
                      <Amount>0.5</Amount>
                      <DistanceMatrixElementRef ref="VTR:DistanceMatrixElement:8058198to8058199" version="1"/>
                    </DistanceMatrixElementPrice>
                  </prices>
                </DistanceMatrixElement>
                <DistanceMatrixElement id="VTR:DistanceMatrixElement:8058199to8058207" version="1">
                  <Name>Požerė to Šilalės autobusų stotis</Name>
                  <StartStopPointRef ref="VTR:ScheduledStopPoint:267604" version="1"/>
                  <EndStopPointRef ref="VTR:ScheduledStopPoint:267612" version="1"/>
                  <prices>
                    <DistanceMatrixElementPrice id="VTR:DistanceMatrixElementPrice:8058199to8058207" version="1">
                      <Amount>8.1</Amount>
                      <DistanceMatrixElementRef ref="VTR:DistanceMatrixElement:8058199to8058207" version="1"/>
                    </DistanceMatrixElementPrice>
                  </prices>
                </DistanceMatrixElement>
                <DistanceMatrixElement id="VTR:DistanceMatrixElement:8058205to8058207" version="1">
                  <Name>Mažrimai to Šilalės autobusų stotis</Name>
                  <StartStopPointRef ref="VTR:ScheduledStopPoint:267610" version="1"/>
                  <EndStopPointRef ref="VTR:ScheduledStopPoint:267612" version="1"/>
                  <prices>
                    <DistanceMatrixElementPrice id="VTR:DistanceMatrixElementPrice:8058205to8058207" version="1">
                      <Amount>2.4</Amount>
                      <DistanceMatrixElementRef ref="VTR:DistanceMatrixElement:8058205to8058207" version="1"/>
                    </DistanceMatrixElementPrice>
                  </prices>
                </DistanceMatrixElement>
                <DistanceMatrixElement id="VTR:DistanceMatrixElement:8058201to8058207" version="1">
                  <Name>Laukuva to Šilalės autobusų stotis</Name>
                  <StartStopPointRef ref="VTR:ScheduledStopPoint:267606" version="1"/>
                  <EndStopPointRef ref="VTR:ScheduledStopPoint:267612" version="1"/>
                  <prices>
                    <DistanceMatrixElementPrice id="VTR:DistanceMatrixElementPrice:8058201to8058207" version="1">
                      <Amount>5.9</Amount>
                      <DistanceMatrixElementRef ref="VTR:DistanceMatrixElement:8058201to8058207" version="1"/>
                    </DistanceMatrixElementPrice>
                  </prices>
                </DistanceMatrixElement>
                <DistanceMatrixElement id="VTR:DistanceMatrixElement:8058197to8058200" version="1">
                  <Name>Gulbės to Požerė</Name>
                  <StartStopPointRef ref="VTR:ScheduledStopPoint:267602" version="1"/>
                  <EndStopPointRef ref="VTR:ScheduledStopPoint:267605" version="1"/>
                  <prices>
                    <DistanceMatrixElementPrice id="VTR:DistanceMatrixElementPrice:8058197to8058200" version="1">
                      <Amount>1.7</Amount>
                      <DistanceMatrixElementRef ref="VTR:DistanceMatrixElement:8058197to8058200" version="1"/>
                    </DistanceMatrixElementPrice>
                  </prices>
                </DistanceMatrixElement>
                <DistanceMatrixElement id="VTR:DistanceMatrixElement:8058197to8058205" version="1">
                  <Name>Gulbės to Mažrimai</Name>
                  <StartStopPointRef ref="VTR:ScheduledStopPoint:267602" version="1"/>
                  <EndStopPointRef ref="VTR:ScheduledStopPoint:267610" version="1"/>
                  <prices>
                    <DistanceMatrixElementPrice id="VTR:DistanceMatrixElementPrice:8058197to8058205" version="1">
                      <Amount>7.3</Amount>
                      <DistanceMatrixElementRef ref="VTR:DistanceMatrixElement:8058197to8058205" version="1"/>
                    </DistanceMatrixElementPrice>
                  </prices>
                </DistanceMatrixElement>
                <DistanceMatrixElement id="VTR:DistanceMatrixElement:8058197to8058207" version="1">
                  <Name>Gulbės to Šilalės autobusų stotis</Name>
                  <StartStopPointRef ref="VTR:ScheduledStopPoint:267602" version="1"/>
                  <EndStopPointRef ref="VTR:ScheduledStopPoint:267612" version="1"/>
                  <prices>
                    <DistanceMatrixElementPrice id="VTR:DistanceMatrixElementPrice:8058197to8058207" version="1">
                      <Amount>9.7</Amount>
                      <DistanceMatrixElementRef ref="VTR:DistanceMatrixElement:8058197to8058207" version="1"/>
                    </DistanceMatrixElementPrice>
                  </prices>
                </DistanceMatrixElement>
                <DistanceMatrixElement id="VTR:DistanceMatrixElement:8058199to8058203" version="1">
                  <Name>Požerė to Dvarviečiai</Name>
                  <StartStopPointRef ref="VTR:ScheduledStopPoint:267604" version="1"/>
                  <EndStopPointRef ref="VTR:ScheduledStopPoint:267608" version="1"/>
                  <prices>
                    <DistanceMatrixElementPrice id="VTR:DistanceMatrixElementPrice:8058199to8058203" version="1">
                      <Amount>3.4</Amount>
                      <DistanceMatrixElementRef ref="VTR:DistanceMatrixElement:8058199to8058203" version="1"/>
                    </DistanceMatrixElementPrice>
                  </prices>
                </DistanceMatrixElement>
                <DistanceMatrixElement id="VTR:DistanceMatrixElement:8058199to8058206" version="1">
                  <Name>Požerė to Balsiai</Name>
                  <StartStopPointRef ref="VTR:ScheduledStopPoint:267604" version="1"/>
                  <EndStopPointRef ref="VTR:ScheduledStopPoint:267611" version="1"/>
                  <prices>
                    <DistanceMatrixElementPrice id="VTR:DistanceMatrixElementPrice:8058199to8058206" version="1">
                      <Amount>6.7</Amount>
                      <DistanceMatrixElementRef ref="VTR:DistanceMatrixElement:8058199to8058206" version="1"/>
                    </DistanceMatrixElementPrice>
                  </prices>
                </DistanceMatrixElement>
                <DistanceMatrixElement id="VTR:DistanceMatrixElement:8058200to8058202" version="1">
                  <Name>Požerė to Kapinės</Name>
                  <StartStopPointRef ref="VTR:ScheduledStopPoint:267605" version="1"/>
                  <EndStopPointRef ref="VTR:ScheduledStopPoint:267607" version="1"/>
                  <prices>
                    <DistanceMatrixElementPrice id="VTR:DistanceMatrixElementPrice:8058200to8058202" version="1">
                      <Amount>2.7</Amount>
                      <DistanceMatrixElementRef ref="VTR:DistanceMatrixElement:8058200to8058202" version="1"/>
                    </DistanceMatrixElementPrice>
                  </prices>
                </DistanceMatrixElement>
                <DistanceMatrixElement id="VTR:DistanceMatrixElement:8058200to8058203" version="1">
                  <Name>Požerė to Dvarviečiai</Name>
                  <StartStopPointRef ref="VTR:ScheduledStopPoint:267605" version="1"/>
                  <EndStopPointRef ref="VTR:ScheduledStopPoint:267608" version="1"/>
                  <prices>
                    <DistanceMatrixElementPrice id="VTR:DistanceMatrixElementPrice:8058200to8058203" version="1">
                      <Amount>3.3</Amount>
                      <DistanceMatrixElementRef ref="VTR:DistanceMatrixElement:8058200to8058203" version="1"/>
                    </DistanceMatrixElementPrice>
                  </prices>
                </DistanceMatrixElement>
                <DistanceMatrixElement id="VTR:DistanceMatrixElement:8058200to8058206" version="1">
                  <Name>Požerė to Balsiai</Name>
                  <StartStopPointRef ref="VTR:ScheduledStopPoint:267605" version="1"/>
                  <EndStopPointRef ref="VTR:ScheduledStopPoint:267611" version="1"/>
                  <prices>
                    <DistanceMatrixElementPrice id="VTR:DistanceMatrixElementPrice:8058200to8058206" version="1">
                      <Amount>6.6</Amount>
                      <DistanceMatrixElementRef ref="VTR:DistanceMatrixElement:8058200to8058206" version="1"/>
                    </DistanceMatrixElementPrice>
                  </prices>
                </DistanceMatrixElement>
                <DistanceMatrixElement id="VTR:DistanceMatrixElement:8058200to8058207" version="1">
                  <Name>Požerė to Šilalės autobusų stotis</Name>
                  <StartStopPointRef ref="VTR:ScheduledStopPoint:267605" version="1"/>
                  <EndStopPointRef ref="VTR:ScheduledStopPoint:267612" version="1"/>
                  <prices>
                    <DistanceMatrixElementPrice id="VTR:DistanceMatrixElementPrice:8058200to8058207" version="1">
                      <Amount>7.9</Amount>
                      <DistanceMatrixElementRef ref="VTR:DistanceMatrixElement:8058200to8058207" version="1"/>
                    </DistanceMatrixElementPrice>
                  </prices>
                </DistanceMatrixElement>
                <DistanceMatrixElement id="VTR:DistanceMatrixElement:8058201to8058204" version="1">
                  <Name>Laukuva to Padevytis</Name>
                  <StartStopPointRef ref="VTR:ScheduledStopPoint:267606" version="1"/>
                  <EndStopPointRef ref="VTR:ScheduledStopPoint:267609" version="1"/>
                  <prices>
                    <DistanceMatrixElementPrice id="VTR:DistanceMatrixElementPrice:8058201to8058204" version="1">
                      <Amount>2.0</Amount>
                      <DistanceMatrixElementRef ref="VTR:DistanceMatrixElement:8058201to8058204" version="1"/>
                    </DistanceMatrixElementPrice>
                  </prices>
                </DistanceMatrixElement>
                <DistanceMatrixElement id="VTR:DistanceMatrixElement:8058201to8058206" version="1">
                  <Name>Laukuva to Balsiai</Name>
                  <StartStopPointRef ref="VTR:ScheduledStopPoint:267606" version="1"/>
                  <EndStopPointRef ref="VTR:ScheduledStopPoint:267611" version="1"/>
                  <prices>
                    <DistanceMatrixElementPrice id="VTR:DistanceMatrixElementPrice:8058201to8058206" version="1">
                      <Amount>4.5</Amount>
                      <DistanceMatrixElementRef ref="VTR:DistanceMatrixElement:8058201to8058206" version="1"/>
                    </DistanceMatrixElementPrice>
                  </prices>
                </DistanceMatrixElement>
                <DistanceMatrixElement id="VTR:DistanceMatrixElement:8058198to8058201" version="1">
                  <Name>Požerė to Laukuva</Name>
                  <StartStopPointRef ref="VTR:ScheduledStopPoint:267603" version="1"/>
                  <EndStopPointRef ref="VTR:ScheduledStopPoint:267606" version="1"/>
                  <prices>
                    <DistanceMatrixElementPrice id="VTR:DistanceMatrixElementPrice:8058198to8058201" version="1">
                      <Amount>2.4</Amount>
                      <DistanceMatrixElementRef ref="VTR:DistanceMatrixElement:8058198to8058201" version="1"/>
                    </DistanceMatrixElementPrice>
                  </prices>
                </DistanceMatrixElement>
                <DistanceMatrixElement id="VTR:DistanceMatrixElement:8058198to8058202" version="1">
                  <Name>Požerė to Kapinės</Name>
                  <StartStopPointRef ref="VTR:ScheduledStopPoint:267603" version="1"/>
                  <EndStopPointRef ref="VTR:ScheduledStopPoint:267607" version="1"/>
                  <prices>
                    <DistanceMatrixElementPrice id="VTR:DistanceMatrixElementPrice:8058198to8058202" version="1">
                      <Amount>3.1</Amount>
                      <DistanceMatrixElementRef ref="VTR:DistanceMatrixElement:8058198to8058202" version="1"/>
                    </DistanceMatrixElementPrice>
                  </prices>
                </DistanceMatrixElement>
                <DistanceMatrixElement id="VTR:DistanceMatrixElement:8058198to8058207" version="1">
                  <Name>Požerė to Šilalės autobusų stotis</Name>
                  <StartStopPointRef ref="VTR:ScheduledStopPoint:267603" version="1"/>
                  <EndStopPointRef ref="VTR:ScheduledStopPoint:267612" version="1"/>
                  <prices>
                    <DistanceMatrixElementPrice id="VTR:DistanceMatrixElementPrice:8058198to8058207" version="1">
                      <Amount>8.3</Amount>
                      <DistanceMatrixElementRef ref="VTR:DistanceMatrixElement:8058198to8058207" version="1"/>
                    </DistanceMatrixElementPrice>
                  </prices>
                </DistanceMatrixElement>
                <DistanceMatrixElement id="VTR:DistanceMatrixElement:8058199to8058204" version="1">
                  <Name>Požerė to Padevytis</Name>
                  <StartStopPointRef ref="VTR:ScheduledStopPoint:267604" version="1"/>
                  <EndStopPointRef ref="VTR:ScheduledStopPoint:267609" version="1"/>
                  <prices>
                    <DistanceMatrixElementPrice id="VTR:DistanceMatrixElementPrice:8058199to8058204" version="1">
                      <Amount>4.2</Amount>
                      <DistanceMatrixElementRef ref="VTR:DistanceMatrixElement:8058199to8058204" version="1"/>
                    </DistanceMatrixElementPrice>
                  </prices>
                </DistanceMatrixElement>
                <DistanceMatrixElement id="VTR:DistanceMatrixElement:8058204to8058205" version="1">
                  <Name>Padevytis to Mažrimai</Name>
                  <StartStopPointRef ref="VTR:ScheduledStopPoint:267609" version="1"/>
                  <EndStopPointRef ref="VTR:ScheduledStopPoint:267610" version="1"/>
                  <prices>
                    <DistanceMatrixElementPrice id="VTR:DistanceMatrixElementPrice:8058204to8058205" version="1">
                      <Amount>1.5</Amount>
                      <DistanceMatrixElementRef ref="VTR:DistanceMatrixElement:8058204to8058205" version="1"/>
                    </DistanceMatrixElementPrice>
                  </prices>
                </DistanceMatrixElement>
                <DistanceMatrixElement id="VTR:DistanceMatrixElement:8058197to8058199" version="1">
                  <Name>Gulbės to Požerė</Name>
                  <StartStopPointRef ref="VTR:ScheduledStopPoint:267602" version="1"/>
                  <EndStopPointRef ref="VTR:ScheduledStopPoint:267604" version="1"/>
                  <prices>
                    <DistanceMatrixElementPrice id="VTR:DistanceMatrixElementPrice:8058197to8058199" version="1">
                      <Amount>1.6</Amount>
                      <DistanceMatrixElementRef ref="VTR:DistanceMatrixElement:8058197to8058199" version="1"/>
                    </DistanceMatrixElementPrice>
                  </prices>
                </DistanceMatrixElement>
              </distanceMatrixElements>
            </Tariff>
          </tariffs>
          <usageParameters>
            <FrequencyOfUse id="VTR:FrequencyOfUse:oneTrip" version="1">
              <FrequencyOfUseType>unlimited</FrequencyOfUseType>
              <MaximalFrequency>1</MaximalFrequency>
            </FrequencyOfUse>
          </usageParameters>
        </FareFrame>
      </frames>
    </CompositeFrame>
  </dataObjects>
</PublicationDelivery>
