<?xml version="1.0" encoding="UTF-8"?><PublicationDelivery xmlns="http://www.netex.org.uk/netex" xmlns:gis="http://www.opengis.net/gml/3.2" xmlns:ns2="http://www.opengis.net/gml/3.2" xmlns:ns3="http://www.siri.org.uk/siri" xmlns:xsi="http://www.w3.org/2001/XMLSchema-instance" version="1" xsi:schemaLocation="">
  <PublicationTimestamp>2022-05-07T01:15:00.256</PublicationTimestamp>
  <ParticipantRef>VTR</ParticipantRef>
  <Description>1</Description>
  <dataObjects>
    <CompositeFrame created="2022-05-07T01:15:00.256" version="1" id="VTR:CompositeFrame:1356">
      <validityConditions>
        <AvailabilityCondition version="1" id="VTR:AvailabilityCondition:1356">
          <FromDate>2016-05-30T10:43:15</FromDate>
          <ToDate>2027-12-30T00:00:00</ToDate>
        </AvailabilityCondition>
      </validityConditions>
      <codespaces>
        <Codespace id="vtr">
          <Xmlns>VTR</Xmlns>
          <XmlnsUrl>http://www.visimarsrutai.lt/</XmlnsUrl>
        </Codespace>
      </codespaces>
      <FrameDefaults>
        <DefaultLocale>
          <TimeZone>Europe/Vilnius</TimeZone>
        </DefaultLocale>
        <DefaultLocationSystem>WGS84</DefaultLocationSystem>
      </FrameDefaults>
      <frames>
        <ServiceCalendarFrame version="1" id="VTR:ServiceCalendarFrame:1356">
          <dayTypes>
            <DayType id="VTR:DayType:6005" version="1">
              <properties>
                <PropertyOfDay>
                  <DaysOfWeek>Monday Tuesday Wednesday Thursday Friday</DaysOfWeek>
                </PropertyOfDay>
              </properties>
            </DayType>
          </dayTypes>
          <operatingPeriods>
            <OperatingPeriod version="1" id="VTR:OperatingPeriod:6005">
              <FromDate>2020-01-01T00:00:00</FromDate>
              <ToDate>2021-12-31T00:00:00</ToDate>
            </OperatingPeriod>
          </operatingPeriods>
          <dayTypeAssignments>
            <DayTypeAssignment id="VTR:DayTypeAssignment:6005_0" version="1" order="3445">
              <OperatingPeriodRef ref="VTR:OperatingPeriod:6005" version="1"/>
              <DayTypeRef ref="VTR:DayType:6005" version="1"/>
            </DayTypeAssignment>
          </dayTypeAssignments>
        </ServiceCalendarFrame>
        <ServiceFrame id="VTR:ServiceFrame:1356" version="1">
          <Network version="0" id="VTR:Network:38"/>
          <routePoints>
            <RoutePoint version="1" id="VTR:RoutePoint:259766">
              <projections>
                <PointProjection version="1" id="VTR:PointProjection:4571">
                  <ProjectedPointRef ref="VTR:ScheduledStopPoint:259766" version="1"/>
                </PointProjection>
              </projections>
            </RoutePoint>
            <RoutePoint version="1" id="VTR:RoutePoint:260884">
              <projections>
                <PointProjection version="1" id="VTR:PointProjection:43634">
                  <ProjectedPointRef ref="VTR:ScheduledStopPoint:260884" version="1"/>
                </PointProjection>
              </projections>
            </RoutePoint>
            <RoutePoint version="1" id="VTR:RoutePoint:260885">
              <projections>
                <PointProjection version="1" id="VTR:PointProjection:43635">
                  <ProjectedPointRef ref="VTR:ScheduledStopPoint:260885" version="1"/>
                </PointProjection>
              </projections>
            </RoutePoint>
            <RoutePoint version="1" id="VTR:RoutePoint:260886">
              <projections>
                <PointProjection version="1" id="VTR:PointProjection:43636">
                  <ProjectedPointRef ref="VTR:ScheduledStopPoint:260886" version="1"/>
                </PointProjection>
              </projections>
            </RoutePoint>
            <RoutePoint version="1" id="VTR:RoutePoint:260887">
              <projections>
                <PointProjection version="1" id="VTR:PointProjection:43637">
                  <ProjectedPointRef ref="VTR:ScheduledStopPoint:260887" version="1"/>
                </PointProjection>
              </projections>
            </RoutePoint>
            <RoutePoint version="1" id="VTR:RoutePoint:260888">
              <projections>
                <PointProjection version="1" id="VTR:PointProjection:43638">
                  <ProjectedPointRef ref="VTR:ScheduledStopPoint:260888" version="1"/>
                </PointProjection>
              </projections>
            </RoutePoint>
            <RoutePoint version="1" id="VTR:RoutePoint:545665">
              <projections>
                <PointProjection version="1" id="VTR:PointProjection:40724">
                  <ProjectedPointRef ref="VTR:ScheduledStopPoint:545665" version="1"/>
                </PointProjection>
              </projections>
            </RoutePoint>
          </routePoints>
          <routes>
            <Route version="1" id="VTR:Route:10777">
              <Name>Šilalė-Laukuva</Name>
              <ShortName>Šilalė-Laukuva</ShortName>
              <LineRef ref="VTR:Line:3981" version="4422"/>
              <DirectionType>outbound</DirectionType>
              <pointsInSequence>
                <PointOnRoute version="1" id="VTR:PointOnRoute:259766" order="1">
                  <RoutePointRef ref="VTR:RoutePoint:259766"/>
                </PointOnRoute>
                <PointOnRoute version="1" id="VTR:PointOnRoute:260884" order="2">
                  <RoutePointRef ref="VTR:RoutePoint:260884"/>
                </PointOnRoute>
                <PointOnRoute version="1" id="VTR:PointOnRoute:260885" order="3">
                  <RoutePointRef ref="VTR:RoutePoint:260885"/>
                </PointOnRoute>
                <PointOnRoute version="1" id="VTR:PointOnRoute:260886" order="4">
                  <RoutePointRef ref="VTR:RoutePoint:260886"/>
                </PointOnRoute>
                <PointOnRoute version="1" id="VTR:PointOnRoute:260887" order="5">
                  <RoutePointRef ref="VTR:RoutePoint:260887"/>
                </PointOnRoute>
                <PointOnRoute version="1" id="VTR:PointOnRoute:260888" order="6">
                  <RoutePointRef ref="VTR:RoutePoint:260888"/>
                </PointOnRoute>
              </pointsInSequence>
            </Route>
          </routes>
          <lines>
            <Line version="4422" id="VTR:Line:3981">
              <Name>Šilalė-Laukuva</Name>
              <TransportMode>bus</TransportMode>
              <TransportSubmode>
                <BusSubmode>regionalBus</BusSubmode>
              </TransportSubmode>
              <PublicCode>122</PublicCode>
              <OperatorRef ref="VTR:Operator:38"/>
            </Line>
          </lines>
          <scheduledStopPoints>
            <ScheduledStopPoint version="1" id="VTR:ScheduledStopPoint:259766">
              <Name>Šilalės autobusų stotis</Name>
            </ScheduledStopPoint>
            <ScheduledStopPoint version="1" id="VTR:ScheduledStopPoint:260884">
              <Name>Balsiai</Name>
            </ScheduledStopPoint>
            <ScheduledStopPoint version="1" id="VTR:ScheduledStopPoint:260885">
              <Name>Mažrimai</Name>
            </ScheduledStopPoint>
            <ScheduledStopPoint version="1" id="VTR:ScheduledStopPoint:260886">
              <Name>Padevytis</Name>
            </ScheduledStopPoint>
            <ScheduledStopPoint version="1" id="VTR:ScheduledStopPoint:260887">
              <Name>Dvarviečiai</Name>
            </ScheduledStopPoint>
            <ScheduledStopPoint version="1" id="VTR:ScheduledStopPoint:260888">
              <Name>Kapinės</Name>
            </ScheduledStopPoint>
            <ScheduledStopPoint version="1" id="VTR:ScheduledStopPoint:545665">
              <Name>Laukuva</Name>
            </ScheduledStopPoint>
          </scheduledStopPoints>
          <serviceLinks>
            <ServiceLink id="VTR:ServiceLink:260885_1_260886_1" version="1">
              <Distance>4</Distance>
              <FromPointRef ref="VTR:ScheduledStopPoint:260885" version="1"/>
              <ToPointRef ref="VTR:ScheduledStopPoint:260886" version="1"/>
            </ServiceLink>
            <ServiceLink id="VTR:ServiceLink:260888_1_545665_1" version="1">
              <Distance>2</Distance>
              <FromPointRef ref="VTR:ScheduledStopPoint:260888" version="1"/>
              <ToPointRef ref="VTR:ScheduledStopPoint:545665" version="1"/>
            </ServiceLink>
            <ServiceLink id="VTR:ServiceLink:259766_1_260884_1" version="1">
              <Distance>3</Distance>
              <FromPointRef ref="VTR:ScheduledStopPoint:259766" version="1"/>
              <ToPointRef ref="VTR:ScheduledStopPoint:260884" version="1"/>
            </ServiceLink>
            <ServiceLink id="VTR:ServiceLink:260884_1_260885_1" version="1">
              <Distance>3</Distance>
              <FromPointRef ref="VTR:ScheduledStopPoint:260884" version="1"/>
              <ToPointRef ref="VTR:ScheduledStopPoint:260885" version="1"/>
            </ServiceLink>
            <ServiceLink id="VTR:ServiceLink:260887_1_260888_1" version="1">
              <Distance>0</Distance>
              <FromPointRef ref="VTR:ScheduledStopPoint:260887" version="1"/>
              <ToPointRef ref="VTR:ScheduledStopPoint:260888" version="1"/>
            </ServiceLink>
            <ServiceLink id="VTR:ServiceLink:260886_1_260887_1" version="1">
              <Distance>2</Distance>
              <FromPointRef ref="VTR:ScheduledStopPoint:260886" version="1"/>
              <ToPointRef ref="VTR:ScheduledStopPoint:260887" version="1"/>
            </ServiceLink>
          </serviceLinks>
          <stopAssignments>
            <PassengerStopAssignment order="1077700000" id="VTR:PassengerStopAssignment:259766" version="1">
              <ScheduledStopPointRef ref="VTR:ScheduledStopPoint:259766" version="1"/>
              <QuayRef ref="VTR:Quay:19472"/>
            </PassengerStopAssignment>
            <PassengerStopAssignment order="1077700001" id="VTR:PassengerStopAssignment:260884" version="1">
              <ScheduledStopPointRef ref="VTR:ScheduledStopPoint:260884" version="1"/>
              <QuayRef ref="VTR:Quay:9315"/>
            </PassengerStopAssignment>
            <PassengerStopAssignment order="1077700002" id="VTR:PassengerStopAssignment:260885" version="1">
              <ScheduledStopPointRef ref="VTR:ScheduledStopPoint:260885" version="1"/>
              <QuayRef ref="VTR:Quay:16673"/>
            </PassengerStopAssignment>
            <PassengerStopAssignment order="1077700003" id="VTR:PassengerStopAssignment:260886" version="1">
              <ScheduledStopPointRef ref="VTR:ScheduledStopPoint:260886" version="1"/>
              <QuayRef ref="VTR:Quay:8262"/>
            </PassengerStopAssignment>
            <PassengerStopAssignment order="1077700004" id="VTR:PassengerStopAssignment:260887" version="1">
              <ScheduledStopPointRef ref="VTR:ScheduledStopPoint:260887" version="1"/>
              <QuayRef ref="VTR:Quay:16158"/>
            </PassengerStopAssignment>
            <PassengerStopAssignment order="1077700005" id="VTR:PassengerStopAssignment:260888" version="1">
              <ScheduledStopPointRef ref="VTR:ScheduledStopPoint:260888" version="1"/>
              <QuayRef ref="VTR:Quay:8233"/>
            </PassengerStopAssignment>
            <PassengerStopAssignment order="1077700006" id="VTR:PassengerStopAssignment:545665" version="1">
              <ScheduledStopPointRef ref="VTR:ScheduledStopPoint:545665" version="1"/>
              <QuayRef ref="VTR:Quay:13169"/>
            </PassengerStopAssignment>
          </stopAssignments>
          <journeyPatterns>
            <JourneyPattern id="VTR:JourneyPattern:373760" version="373958">
              <Name>1</Name>
              <RouteRef ref="VTR:Route:10777" version="1"/>
              <pointsInSequence>
                <StopPointInJourneyPattern id="VTR:StopPointInJourneyPattern:7813395" version="373958" order="1">
                  <ScheduledStopPointRef ref="VTR:ScheduledStopPoint:259766"/>
                  <DestinationDisplayRef ref="VTR:DestinationDisplay:1"/>
                </StopPointInJourneyPattern>
                <StopPointInJourneyPattern id="VTR:StopPointInJourneyPattern:7813396" version="373958" order="2">
                  <ScheduledStopPointRef ref="VTR:ScheduledStopPoint:260884"/>
                  <DestinationDisplayRef ref="VTR:DestinationDisplay:1"/>
                </StopPointInJourneyPattern>
                <StopPointInJourneyPattern id="VTR:StopPointInJourneyPattern:7813397" version="373958" order="3">
                  <ScheduledStopPointRef ref="VTR:ScheduledStopPoint:260885"/>
                  <DestinationDisplayRef ref="VTR:DestinationDisplay:1"/>
                </StopPointInJourneyPattern>
                <StopPointInJourneyPattern id="VTR:StopPointInJourneyPattern:7813398" version="373958" order="4">
                  <ScheduledStopPointRef ref="VTR:ScheduledStopPoint:260886"/>
                  <DestinationDisplayRef ref="VTR:DestinationDisplay:1"/>
                </StopPointInJourneyPattern>
                <StopPointInJourneyPattern id="VTR:StopPointInJourneyPattern:7813399" version="373958" order="5">
                  <ScheduledStopPointRef ref="VTR:ScheduledStopPoint:260887"/>
                  <DestinationDisplayRef ref="VTR:DestinationDisplay:1"/>
                </StopPointInJourneyPattern>
                <StopPointInJourneyPattern id="VTR:StopPointInJourneyPattern:7813400" version="373958" order="6">
                  <ScheduledStopPointRef ref="VTR:ScheduledStopPoint:260888"/>
                  <DestinationDisplayRef ref="VTR:DestinationDisplay:1"/>
                </StopPointInJourneyPattern>
              </pointsInSequence>
            </JourneyPattern>
          </journeyPatterns>
        </ServiceFrame>
        <TimetableFrame version="1" id="VTR:TimetableFrame:1356">
          <vehicleJourneys>
            <ServiceJourney version="373958" id="VTR:ServiceJourney:373760">
              <Name>Šilalė-Laukuva</Name>
              <PrivateCode>1</PrivateCode>
              <dayTypes>
                <DayTypeRef ref="VTR:DayType:6005"/>
              </dayTypes>
              <JourneyPatternRef version="373958" ref="VTR:JourneyPattern:373760"/>
              <OperatorRef ref="VTR:Operator:"/>
              <LineRef ref="VTR:Line:3981" version="4422"/>
              <passingTimes>
                <TimetabledPassingTime version="373958" id="VTR:TimetabledPassingTime:373760_7813395_1">
                  <StopPointInJourneyPatternRef ref="VTR:StopPointInJourneyPattern:7813395" version="373958"/>
                  <DepartureTime>17:15:00</DepartureTime>
                  <DepartureDayOffset>0</DepartureDayOffset>
                </TimetabledPassingTime>
                <TimetabledPassingTime version="373958" id="VTR:TimetabledPassingTime:373760_7813396_2">
                  <StopPointInJourneyPatternRef ref="VTR:StopPointInJourneyPattern:7813396" version="373958"/>
                  <DepartureTime>17:22:00</DepartureTime>
                  <DepartureDayOffset>0</DepartureDayOffset>
                </TimetabledPassingTime>
                <TimetabledPassingTime version="373958" id="VTR:TimetabledPassingTime:373760_7813397_3">
                  <StopPointInJourneyPatternRef ref="VTR:StopPointInJourneyPattern:7813397" version="373958"/>
                  <DepartureTime>17:29:00</DepartureTime>
                  <DepartureDayOffset>0</DepartureDayOffset>
                </TimetabledPassingTime>
                <TimetabledPassingTime version="373958" id="VTR:TimetabledPassingTime:373760_7813398_4">
                  <StopPointInJourneyPatternRef ref="VTR:StopPointInJourneyPattern:7813398" version="373958"/>
                  <DepartureTime>17:38:00</DepartureTime>
                  <DepartureDayOffset>0</DepartureDayOffset>
                </TimetabledPassingTime>
                <TimetabledPassingTime version="373958" id="VTR:TimetabledPassingTime:373760_7813399_5">
                  <StopPointInJourneyPatternRef ref="VTR:StopPointInJourneyPattern:7813399" version="373958"/>
                  <DepartureTime>17:43:00</DepartureTime>
                  <DepartureDayOffset>0</DepartureDayOffset>
                </TimetabledPassingTime>
                <TimetabledPassingTime version="373958" id="VTR:TimetabledPassingTime:373760_7813400_6">
                  <StopPointInJourneyPatternRef ref="VTR:StopPointInJourneyPattern:7813400" version="373958"/>
                  <DepartureTime>17:45:00</DepartureTime>
                  <DepartureDayOffset>0</DepartureDayOffset>
                </TimetabledPassingTime>
              </passingTimes>
            </ServiceJourney>
          </vehicleJourneys>
        </TimetableFrame>
        <ResourceFrame version="1" id="VTR:ResourceFrame:1356">
          <organisations>
            <Authority version="1" id="VTR:Authority:38">
              <CompanyNumber>17623132</CompanyNumber>
              <Name>Šilalės r. sav.</Name>
              <LegalName>Šilalės r. sav.</LegalName>
              <ContactDetails>
                <Email>administratorius@silale.lt</Email>
                <Phone>844976114</Phone>
                <Url>www.silale.lt</Url>
              </ContactDetails>
              <OrganisationType>authority</OrganisationType>
            </Authority>
          </organisations>
        </ResourceFrame>
        <FareFrame id="VTR:FareFrame:3981" version="1">
          <FrameDefaults>
            <DefaultCurrency>EUR</DefaultCurrency>
          </FrameDefaults>
          <fareStructureElements>
            <FareStructureElement id="VTR:FareStructureElement:pricematrix" version="1">
              <distanceMatrixElements>
                <DistanceMatrixElementRef ref="VTR:DistanceMatrixElement:7813396to7813398" version="1"/>
                <DistanceMatrixElementRef ref="VTR:DistanceMatrixElement:7813395to7813400" version="1"/>
                <DistanceMatrixElementRef ref="VTR:DistanceMatrixElement:7813395to7813397" version="1"/>
                <DistanceMatrixElementRef ref="VTR:DistanceMatrixElement:7813395to7813399" version="1"/>
                <DistanceMatrixElementRef ref="VTR:DistanceMatrixElement:7813396to7813399" version="1"/>
                <DistanceMatrixElementRef ref="VTR:DistanceMatrixElement:7813397to7813400" version="1"/>
                <DistanceMatrixElementRef ref="VTR:DistanceMatrixElement:7813398to7813400" version="1"/>
                <DistanceMatrixElementRef ref="VTR:DistanceMatrixElement:7813396to7813397" version="1"/>
                <DistanceMatrixElementRef ref="VTR:DistanceMatrixElement:7813399to7813400" version="1"/>
                <DistanceMatrixElementRef ref="VTR:DistanceMatrixElement:7813395to7813396" version="1"/>
                <DistanceMatrixElementRef ref="VTR:DistanceMatrixElement:7813395to7813398" version="1"/>
                <DistanceMatrixElementRef ref="VTR:DistanceMatrixElement:7813396to7813400" version="1"/>
                <DistanceMatrixElementRef ref="VTR:DistanceMatrixElement:7813398to7813399" version="1"/>
                <DistanceMatrixElementRef ref="VTR:DistanceMatrixElement:7813397to7813399" version="1"/>
                <DistanceMatrixElementRef ref="VTR:DistanceMatrixElement:7813397to7813398" version="1"/>
              </distanceMatrixElements>
            </FareStructureElement>
          </fareStructureElements>
          <tariffs>
            <Tariff id="VTR:Tariff:pointToPointInSeparateJourney_3981" version="1">
              <Name>Point to point tariff</Name>
              <distanceMatrixElements>
                <DistanceMatrixElement id="VTR:DistanceMatrixElement:7813396to7813398" version="1">
                  <Name>Balsiai to Padevytis</Name>
                  <StartStopPointRef ref="VTR:ScheduledStopPoint:260884" version="1"/>
                  <EndStopPointRef ref="VTR:ScheduledStopPoint:260886" version="1"/>
                  <prices>
                    <DistanceMatrixElementPrice id="VTR:DistanceMatrixElementPrice:7813396to7813398" version="1">
                      <Amount>2.7</Amount>
                      <DistanceMatrixElementRef ref="VTR:DistanceMatrixElement:7813396to7813398" version="1"/>
                    </DistanceMatrixElementPrice>
                  </prices>
                </DistanceMatrixElement>
                <DistanceMatrixElement id="VTR:DistanceMatrixElement:7813395to7813400" version="1">
                  <Name>Šilalės autobusų stotis to Kapinės</Name>
                  <StartStopPointRef ref="VTR:ScheduledStopPoint:259766" version="1"/>
                  <EndStopPointRef ref="VTR:ScheduledStopPoint:260888" version="1"/>
                  <prices>
                    <DistanceMatrixElementPrice id="VTR:DistanceMatrixElementPrice:7813395to7813400" version="1">
                      <Amount>4.9</Amount>
                      <DistanceMatrixElementRef ref="VTR:DistanceMatrixElement:7813395to7813400" version="1"/>
                    </DistanceMatrixElementPrice>
                  </prices>
                </DistanceMatrixElement>
                <DistanceMatrixElement id="VTR:DistanceMatrixElement:7813395to7813397" version="1">
                  <Name>Šilalės autobusų stotis to Mažrimai</Name>
                  <StartStopPointRef ref="VTR:ScheduledStopPoint:259766" version="1"/>
                  <EndStopPointRef ref="VTR:ScheduledStopPoint:260885" version="1"/>
                  <prices>
                    <DistanceMatrixElementPrice id="VTR:DistanceMatrixElementPrice:7813395to7813397" version="1">
                      <Amount>2.4</Amount>
                      <DistanceMatrixElementRef ref="VTR:DistanceMatrixElement:7813395to7813397" version="1"/>
                    </DistanceMatrixElementPrice>
                  </prices>
                </DistanceMatrixElement>
                <DistanceMatrixElement id="VTR:DistanceMatrixElement:7813395to7813399" version="1">
                  <Name>Šilalės autobusų stotis to Dvarviečiai</Name>
                  <StartStopPointRef ref="VTR:ScheduledStopPoint:259766" version="1"/>
                  <EndStopPointRef ref="VTR:ScheduledStopPoint:260887" version="1"/>
                  <prices>
                    <DistanceMatrixElementPrice id="VTR:DistanceMatrixElementPrice:7813395to7813399" version="1">
                      <Amount>4.7</Amount>
                      <DistanceMatrixElementRef ref="VTR:DistanceMatrixElement:7813395to7813399" version="1"/>
                    </DistanceMatrixElementPrice>
                  </prices>
                </DistanceMatrixElement>
                <DistanceMatrixElement id="VTR:DistanceMatrixElement:7813396to7813399" version="1">
                  <Name>Balsiai to Dvarviečiai</Name>
                  <StartStopPointRef ref="VTR:ScheduledStopPoint:260884" version="1"/>
                  <EndStopPointRef ref="VTR:ScheduledStopPoint:260887" version="1"/>
                  <prices>
                    <DistanceMatrixElementPrice id="VTR:DistanceMatrixElementPrice:7813396to7813399" version="1">
                      <Amount>3.5</Amount>
                      <DistanceMatrixElementRef ref="VTR:DistanceMatrixElement:7813396to7813399" version="1"/>
                    </DistanceMatrixElementPrice>
                  </prices>
                </DistanceMatrixElement>
                <DistanceMatrixElement id="VTR:DistanceMatrixElement:7813397to7813400" version="1">
                  <Name>Mažrimai to Kapinės</Name>
                  <StartStopPointRef ref="VTR:ScheduledStopPoint:260885" version="1"/>
                  <EndStopPointRef ref="VTR:ScheduledStopPoint:260888" version="1"/>
                  <prices>
                    <DistanceMatrixElementPrice id="VTR:DistanceMatrixElementPrice:7813397to7813400" version="1">
                      <Amount>2.5</Amount>
                      <DistanceMatrixElementRef ref="VTR:DistanceMatrixElement:7813397to7813400" version="1"/>
                    </DistanceMatrixElementPrice>
                  </prices>
                </DistanceMatrixElement>
                <DistanceMatrixElement id="VTR:DistanceMatrixElement:7813398to7813400" version="1">
                  <Name>Padevytis to Kapinės</Name>
                  <StartStopPointRef ref="VTR:ScheduledStopPoint:260886" version="1"/>
                  <EndStopPointRef ref="VTR:ScheduledStopPoint:260888" version="1"/>
                  <prices>
                    <DistanceMatrixElementPrice id="VTR:DistanceMatrixElementPrice:7813398to7813400" version="1">
                      <Amount>1.0</Amount>
                      <DistanceMatrixElementRef ref="VTR:DistanceMatrixElement:7813398to7813400" version="1"/>
                    </DistanceMatrixElementPrice>
                  </prices>
                </DistanceMatrixElement>
                <DistanceMatrixElement id="VTR:DistanceMatrixElement:7813396to7813397" version="1">
                  <Name>Balsiai to Mažrimai</Name>
                  <StartStopPointRef ref="VTR:ScheduledStopPoint:260884" version="1"/>
                  <EndStopPointRef ref="VTR:ScheduledStopPoint:260885" version="1"/>
                  <prices>
                    <DistanceMatrixElementPrice id="VTR:DistanceMatrixElementPrice:7813396to7813397" version="1">
                      <Amount>1.2</Amount>
                      <DistanceMatrixElementRef ref="VTR:DistanceMatrixElement:7813396to7813397" version="1"/>
                    </DistanceMatrixElementPrice>
                  </prices>
                </DistanceMatrixElement>
                <DistanceMatrixElement id="VTR:DistanceMatrixElement:7813399to7813400" version="1">
                  <Name>Dvarviečiai to Kapinės</Name>
                  <StartStopPointRef ref="VTR:ScheduledStopPoint:260887" version="1"/>
                  <EndStopPointRef ref="VTR:ScheduledStopPoint:260888" version="1"/>
                  <prices>
                    <DistanceMatrixElementPrice id="VTR:DistanceMatrixElementPrice:7813399to7813400" version="1">
                      <Amount>0.5</Amount>
                      <DistanceMatrixElementRef ref="VTR:DistanceMatrixElement:7813399to7813400" version="1"/>
                    </DistanceMatrixElementPrice>
                  </prices>
                </DistanceMatrixElement>
                <DistanceMatrixElement id="VTR:DistanceMatrixElement:7813395to7813396" version="1">
                  <Name>Šilalės autobusų stotis to Balsiai</Name>
                  <StartStopPointRef ref="VTR:ScheduledStopPoint:259766" version="1"/>
                  <EndStopPointRef ref="VTR:ScheduledStopPoint:260884" version="1"/>
                  <prices>
                    <DistanceMatrixElementPrice id="VTR:DistanceMatrixElementPrice:7813395to7813396" version="1">
                      <Amount>1.2</Amount>
                      <DistanceMatrixElementRef ref="VTR:DistanceMatrixElement:7813395to7813396" version="1"/>
                    </DistanceMatrixElementPrice>
                  </prices>
                </DistanceMatrixElement>
                <DistanceMatrixElement id="VTR:DistanceMatrixElement:7813395to7813398" version="1">
                  <Name>Šilalės autobusų stotis to Padevytis</Name>
                  <StartStopPointRef ref="VTR:ScheduledStopPoint:259766" version="1"/>
                  <EndStopPointRef ref="VTR:ScheduledStopPoint:260886" version="1"/>
                  <prices>
                    <DistanceMatrixElementPrice id="VTR:DistanceMatrixElementPrice:7813395to7813398" version="1">
                      <Amount>3.5</Amount>
                      <DistanceMatrixElementRef ref="VTR:DistanceMatrixElement:7813395to7813398" version="1"/>
                    </DistanceMatrixElementPrice>
                  </prices>
                </DistanceMatrixElement>
                <DistanceMatrixElement id="VTR:DistanceMatrixElement:7813396to7813400" version="1">
                  <Name>Balsiai to Kapinės</Name>
                  <StartStopPointRef ref="VTR:ScheduledStopPoint:260884" version="1"/>
                  <EndStopPointRef ref="VTR:ScheduledStopPoint:260888" version="1"/>
                  <prices>
                    <DistanceMatrixElementPrice id="VTR:DistanceMatrixElementPrice:7813396to7813400" version="1">
                      <Amount>3.7</Amount>
                      <DistanceMatrixElementRef ref="VTR:DistanceMatrixElement:7813396to7813400" version="1"/>
                    </DistanceMatrixElementPrice>
                  </prices>
                </DistanceMatrixElement>
                <DistanceMatrixElement id="VTR:DistanceMatrixElement:7813398to7813399" version="1">
                  <Name>Padevytis to Dvarviečiai</Name>
                  <StartStopPointRef ref="VTR:ScheduledStopPoint:260886" version="1"/>
                  <EndStopPointRef ref="VTR:ScheduledStopPoint:260887" version="1"/>
                  <prices>
                    <DistanceMatrixElementPrice id="VTR:DistanceMatrixElementPrice:7813398to7813399" version="1">
                      <Amount>0.8</Amount>
                      <DistanceMatrixElementRef ref="VTR:DistanceMatrixElement:7813398to7813399" version="1"/>
                    </DistanceMatrixElementPrice>
                  </prices>
                </DistanceMatrixElement>
                <DistanceMatrixElement id="VTR:DistanceMatrixElement:7813397to7813399" version="1">
                  <Name>Mažrimai to Dvarviečiai</Name>
                  <StartStopPointRef ref="VTR:ScheduledStopPoint:260885" version="1"/>
                  <EndStopPointRef ref="VTR:ScheduledStopPoint:260887" version="1"/>
                  <prices>
                    <DistanceMatrixElementPrice id="VTR:DistanceMatrixElementPrice:7813397to7813399" version="1">
                      <Amount>2.3</Amount>
                      <DistanceMatrixElementRef ref="VTR:DistanceMatrixElement:7813397to7813399" version="1"/>
                    </DistanceMatrixElementPrice>
                  </prices>
                </DistanceMatrixElement>
                <DistanceMatrixElement id="VTR:DistanceMatrixElement:7813397to7813398" version="1">
                  <Name>Mažrimai to Padevytis</Name>
                  <StartStopPointRef ref="VTR:ScheduledStopPoint:260885" version="1"/>
                  <EndStopPointRef ref="VTR:ScheduledStopPoint:260886" version="1"/>
                  <prices>
                    <DistanceMatrixElementPrice id="VTR:DistanceMatrixElementPrice:7813397to7813398" version="1">
                      <Amount>1.5</Amount>
                      <DistanceMatrixElementRef ref="VTR:DistanceMatrixElement:7813397to7813398" version="1"/>
                    </DistanceMatrixElementPrice>
                  </prices>
                </DistanceMatrixElement>
              </distanceMatrixElements>
            </Tariff>
          </tariffs>
          <usageParameters>
            <FrequencyOfUse id="VTR:FrequencyOfUse:oneTrip" version="1">
              <FrequencyOfUseType>unlimited</FrequencyOfUseType>
              <MaximalFrequency>1</MaximalFrequency>
            </FrequencyOfUse>
          </usageParameters>
        </FareFrame>
      </frames>
    </CompositeFrame>
  </dataObjects>
</PublicationDelivery>
