<?xml version="1.0" encoding="UTF-8"?><PublicationDelivery xmlns="http://www.netex.org.uk/netex" xmlns:gis="http://www.opengis.net/gml/3.2" xmlns:ns2="http://www.opengis.net/gml/3.2" xmlns:ns3="http://www.siri.org.uk/siri" xmlns:xsi="http://www.w3.org/2001/XMLSchema-instance" version="1" xsi:schemaLocation="">
  <PublicationTimestamp>2022-05-07T01:15:00.256</PublicationTimestamp>
  <ParticipantRef>VTR</ParticipantRef>
  <Description>1</Description>
  <dataObjects>
    <CompositeFrame created="2022-05-07T01:15:00.256" version="1" id="VTR:CompositeFrame:1356">
      <validityConditions>
        <AvailabilityCondition version="1" id="VTR:AvailabilityCondition:1356">
          <FromDate>2020-01-02T00:00:00</FromDate>
          <ToDate>2027-12-31T00:00:00</ToDate>
        </AvailabilityCondition>
      </validityConditions>
      <codespaces>
        <Codespace id="vtr">
          <Xmlns>VTR</Xmlns>
          <XmlnsUrl>http://www.visimarsrutai.lt/</XmlnsUrl>
        </Codespace>
      </codespaces>
      <FrameDefaults>
        <DefaultLocale>
          <TimeZone>Europe/Vilnius</TimeZone>
        </DefaultLocale>
        <DefaultLocationSystem>WGS84</DefaultLocationSystem>
      </FrameDefaults>
      <frames>
        <ServiceCalendarFrame version="1" id="VTR:ServiceCalendarFrame:1356">
          <dayTypes>
            <DayType id="VTR:DayType:6005" version="1">
              <properties>
                <PropertyOfDay>
                  <DaysOfWeek>Monday Tuesday Wednesday Thursday Friday</DaysOfWeek>
                </PropertyOfDay>
              </properties>
            </DayType>
          </dayTypes>
          <operatingPeriods>
            <OperatingPeriod version="1" id="VTR:OperatingPeriod:6005">
              <FromDate>2020-01-01T00:00:00</FromDate>
              <ToDate>2021-12-31T00:00:00</ToDate>
            </OperatingPeriod>
          </operatingPeriods>
          <dayTypeAssignments>
            <DayTypeAssignment id="VTR:DayTypeAssignment:6005_0" version="1" order="3448">
              <OperatingPeriodRef ref="VTR:OperatingPeriod:6005" version="1"/>
              <DayTypeRef ref="VTR:DayType:6005" version="1"/>
            </DayTypeAssignment>
          </dayTypeAssignments>
        </ServiceCalendarFrame>
        <ServiceFrame id="VTR:ServiceFrame:1356" version="1">
          <Network version="0" id="VTR:Network:38"/>
          <routePoints>
            <RoutePoint version="1" id="VTR:RoutePoint:304514">
              <projections>
                <PointProjection version="1" id="VTR:PointProjection:44489">
                  <ProjectedPointRef ref="VTR:ScheduledStopPoint:304514" version="1"/>
                </PointProjection>
              </projections>
            </RoutePoint>
            <RoutePoint version="1" id="VTR:RoutePoint:545008">
              <projections>
                <PointProjection version="1" id="VTR:PointProjection:40752">
                  <ProjectedPointRef ref="VTR:ScheduledStopPoint:545008" version="1"/>
                </PointProjection>
              </projections>
            </RoutePoint>
            <RoutePoint version="1" id="VTR:RoutePoint:545009">
              <projections>
                <PointProjection version="1" id="VTR:PointProjection:301">
                  <ProjectedPointRef ref="VTR:ScheduledStopPoint:545009" version="1"/>
                </PointProjection>
              </projections>
            </RoutePoint>
            <RoutePoint version="1" id="VTR:RoutePoint:545010">
              <projections>
                <PointProjection version="1" id="VTR:PointProjection:4126">
                  <ProjectedPointRef ref="VTR:ScheduledStopPoint:545010" version="1"/>
                </PointProjection>
              </projections>
            </RoutePoint>
            <RoutePoint version="1" id="VTR:RoutePoint:76353">
              <projections>
                <PointProjection version="1" id="VTR:PointProjection:22663">
                  <ProjectedPointRef ref="VTR:ScheduledStopPoint:76353" version="1"/>
                </PointProjection>
              </projections>
            </RoutePoint>
            <RoutePoint version="1" id="VTR:RoutePoint:76357">
              <projections>
                <PointProjection version="1" id="VTR:PointProjection:22664">
                  <ProjectedPointRef ref="VTR:ScheduledStopPoint:76357" version="1"/>
                </PointProjection>
              </projections>
            </RoutePoint>
          </routePoints>
          <routes>
            <Route version="1" id="VTR:Route:4605">
              <Name>Žadeikiai-Šilalė</Name>
              <ShortName>Žadeikiai-Šilalė</ShortName>
              <LineRef ref="VTR:Line:1876" version="1859"/>
              <DirectionType>outbound</DirectionType>
              <pointsInSequence>
                <PointOnRoute version="1" id="VTR:PointOnRoute:76353" order="1">
                  <RoutePointRef ref="VTR:RoutePoint:76353"/>
                </PointOnRoute>
                <PointOnRoute version="1" id="VTR:PointOnRoute:545008" order="2">
                  <RoutePointRef ref="VTR:RoutePoint:545008"/>
                </PointOnRoute>
                <PointOnRoute version="1" id="VTR:PointOnRoute:545010" order="3">
                  <RoutePointRef ref="VTR:RoutePoint:545010"/>
                </PointOnRoute>
                <PointOnRoute version="1" id="VTR:PointOnRoute:545009" order="4">
                  <RoutePointRef ref="VTR:RoutePoint:545009"/>
                </PointOnRoute>
                <PointOnRoute version="1" id="VTR:PointOnRoute:304514" order="5">
                  <RoutePointRef ref="VTR:RoutePoint:304514"/>
                </PointOnRoute>
                <PointOnRoute version="1" id="VTR:PointOnRoute:76357" order="6">
                  <RoutePointRef ref="VTR:RoutePoint:76357"/>
                </PointOnRoute>
              </pointsInSequence>
            </Route>
          </routes>
          <lines>
            <Line version="1859" id="VTR:Line:1876">
              <Name>Žadeikiai-Šilalė</Name>
              <TransportMode>bus</TransportMode>
              <TransportSubmode>
                <BusSubmode>regionalBus</BusSubmode>
              </TransportSubmode>
              <PublicCode>17</PublicCode>
              <OperatorRef ref="VTR:Operator:38"/>
            </Line>
          </lines>
          <scheduledStopPoints>
            <ScheduledStopPoint version="1" id="VTR:ScheduledStopPoint:304514">
              <Name>Gūbriai</Name>
            </ScheduledStopPoint>
            <ScheduledStopPoint version="1" id="VTR:ScheduledStopPoint:545008">
              <Name>Klabai</Name>
            </ScheduledStopPoint>
            <ScheduledStopPoint version="1" id="VTR:ScheduledStopPoint:545009">
              <Name>Nevočiai</Name>
            </ScheduledStopPoint>
            <ScheduledStopPoint version="1" id="VTR:ScheduledStopPoint:545010">
              <Name>Mok. susibūrimo vieta</Name>
            </ScheduledStopPoint>
            <ScheduledStopPoint version="1" id="VTR:ScheduledStopPoint:76353">
              <Name>Žadeikiai, Šilalės raj.</Name>
            </ScheduledStopPoint>
            <ScheduledStopPoint version="1" id="VTR:ScheduledStopPoint:76357">
              <Name>Šilalės autobusų stotis</Name>
            </ScheduledStopPoint>
          </scheduledStopPoints>
          <serviceLinks>
            <ServiceLink id="VTR:ServiceLink:545009_1_304514_1" version="1">
              <Distance>2</Distance>
              <FromPointRef ref="VTR:ScheduledStopPoint:545009" version="1"/>
              <ToPointRef ref="VTR:ScheduledStopPoint:304514" version="1"/>
            </ServiceLink>
            <ServiceLink id="VTR:ServiceLink:545010_1_545009_1" version="1">
              <Distance>2</Distance>
              <FromPointRef ref="VTR:ScheduledStopPoint:545010" version="1"/>
              <ToPointRef ref="VTR:ScheduledStopPoint:545009" version="1"/>
            </ServiceLink>
            <ServiceLink id="VTR:ServiceLink:545008_1_545010_1" version="1">
              <Distance>1</Distance>
              <FromPointRef ref="VTR:ScheduledStopPoint:545008" version="1"/>
              <ToPointRef ref="VTR:ScheduledStopPoint:545010" version="1"/>
            </ServiceLink>
            <ServiceLink id="VTR:ServiceLink:76353_1_545008_1" version="1">
              <Distance>5</Distance>
              <FromPointRef ref="VTR:ScheduledStopPoint:76353" version="1"/>
              <ToPointRef ref="VTR:ScheduledStopPoint:545008" version="1"/>
            </ServiceLink>
          </serviceLinks>
          <stopAssignments>
            <PassengerStopAssignment order="460500000" id="VTR:PassengerStopAssignment:76353" version="1">
              <ScheduledStopPointRef ref="VTR:ScheduledStopPoint:76353" version="1"/>
              <QuayRef ref="VTR:Quay:21868"/>
            </PassengerStopAssignment>
            <PassengerStopAssignment order="460500001" id="VTR:PassengerStopAssignment:545008" version="1">
              <ScheduledStopPointRef ref="VTR:ScheduledStopPoint:545008" version="1"/>
              <QuayRef ref="VTR:Quay:29473"/>
            </PassengerStopAssignment>
            <PassengerStopAssignment order="460500002" id="VTR:PassengerStopAssignment:545010" version="1">
              <ScheduledStopPointRef ref="VTR:ScheduledStopPoint:545010" version="1"/>
              <QuayRef ref="VTR:Quay:29476"/>
            </PassengerStopAssignment>
            <PassengerStopAssignment order="460500003" id="VTR:PassengerStopAssignment:545009" version="1">
              <ScheduledStopPointRef ref="VTR:ScheduledStopPoint:545009" version="1"/>
              <QuayRef ref="VTR:Quay:29474"/>
            </PassengerStopAssignment>
            <PassengerStopAssignment order="460500004" id="VTR:PassengerStopAssignment:304514" version="1">
              <ScheduledStopPointRef ref="VTR:ScheduledStopPoint:304514" version="1"/>
              <QuayRef ref="VTR:Quay:12637"/>
            </PassengerStopAssignment>
            <PassengerStopAssignment order="460500008" id="VTR:PassengerStopAssignment:76357" version="1">
              <ScheduledStopPointRef ref="VTR:ScheduledStopPoint:76357" version="1"/>
              <QuayRef ref="VTR:Quay:19472"/>
            </PassengerStopAssignment>
          </stopAssignments>
          <journeyPatterns>
            <JourneyPattern id="VTR:JourneyPattern:1010472" version="4049633">
              <Name>1</Name>
              <RouteRef ref="VTR:Route:4605" version="1"/>
              <pointsInSequence>
                <StopPointInJourneyPattern id="VTR:StopPointInJourneyPattern:143149647" version="4049633" order="1">
                  <ScheduledStopPointRef ref="VTR:ScheduledStopPoint:76353"/>
                  <ForAlighting>false</ForAlighting>
                  <DestinationDisplayRef ref="VTR:DestinationDisplay:1"/>
                </StopPointInJourneyPattern>
                <StopPointInJourneyPattern id="VTR:StopPointInJourneyPattern:143149648" version="4049633" order="2">
                  <ScheduledStopPointRef ref="VTR:ScheduledStopPoint:545008"/>
                  <DestinationDisplayRef ref="VTR:DestinationDisplay:1"/>
                </StopPointInJourneyPattern>
                <StopPointInJourneyPattern id="VTR:StopPointInJourneyPattern:143149649" version="4049633" order="3">
                  <ScheduledStopPointRef ref="VTR:ScheduledStopPoint:545010"/>
                  <DestinationDisplayRef ref="VTR:DestinationDisplay:1"/>
                </StopPointInJourneyPattern>
                <StopPointInJourneyPattern id="VTR:StopPointInJourneyPattern:143149650" version="4049633" order="4">
                  <ScheduledStopPointRef ref="VTR:ScheduledStopPoint:545009"/>
                  <DestinationDisplayRef ref="VTR:DestinationDisplay:1"/>
                </StopPointInJourneyPattern>
                <StopPointInJourneyPattern id="VTR:StopPointInJourneyPattern:143149651" version="4049633" order="5">
                  <ScheduledStopPointRef ref="VTR:ScheduledStopPoint:304514"/>
                  <DestinationDisplayRef ref="VTR:DestinationDisplay:1"/>
                </StopPointInJourneyPattern>
                <StopPointInJourneyPattern id="VTR:StopPointInJourneyPattern:143149652" version="4049633" order="6">
                  <ScheduledStopPointRef ref="VTR:ScheduledStopPoint:76357"/>
                  <ForBoarding>false</ForBoarding>
                  <DestinationDisplayRef ref="VTR:DestinationDisplay:1"/>
                </StopPointInJourneyPattern>
              </pointsInSequence>
            </JourneyPattern>
            <JourneyPattern id="VTR:JourneyPattern:1010472" version="1011098">
              <Name>1</Name>
              <RouteRef ref="VTR:Route:4605" version="1"/>
              <pointsInSequence>
                <StopPointInJourneyPattern id="VTR:StopPointInJourneyPattern:27116180" version="1011098" order="1">
                  <ScheduledStopPointRef ref="VTR:ScheduledStopPoint:76353"/>
                  <ForAlighting>false</ForAlighting>
                  <DestinationDisplayRef ref="VTR:DestinationDisplay:1"/>
                </StopPointInJourneyPattern>
                <StopPointInJourneyPattern id="VTR:StopPointInJourneyPattern:27116181" version="1011098" order="2">
                  <ScheduledStopPointRef ref="VTR:ScheduledStopPoint:545008"/>
                  <DestinationDisplayRef ref="VTR:DestinationDisplay:1"/>
                </StopPointInJourneyPattern>
                <StopPointInJourneyPattern id="VTR:StopPointInJourneyPattern:27116182" version="1011098" order="3">
                  <ScheduledStopPointRef ref="VTR:ScheduledStopPoint:545010"/>
                  <DestinationDisplayRef ref="VTR:DestinationDisplay:1"/>
                </StopPointInJourneyPattern>
                <StopPointInJourneyPattern id="VTR:StopPointInJourneyPattern:27116183" version="1011098" order="4">
                  <ScheduledStopPointRef ref="VTR:ScheduledStopPoint:545009"/>
                  <DestinationDisplayRef ref="VTR:DestinationDisplay:1"/>
                </StopPointInJourneyPattern>
                <StopPointInJourneyPattern id="VTR:StopPointInJourneyPattern:27116184" version="1011098" order="5">
                  <ScheduledStopPointRef ref="VTR:ScheduledStopPoint:304514"/>
                  <DestinationDisplayRef ref="VTR:DestinationDisplay:1"/>
                </StopPointInJourneyPattern>
                <StopPointInJourneyPattern id="VTR:StopPointInJourneyPattern:27116185" version="1011098" order="6">
                  <ScheduledStopPointRef ref="VTR:ScheduledStopPoint:76357"/>
                  <ForBoarding>false</ForBoarding>
                  <DestinationDisplayRef ref="VTR:DestinationDisplay:1"/>
                </StopPointInJourneyPattern>
              </pointsInSequence>
            </JourneyPattern>
          </journeyPatterns>
        </ServiceFrame>
        <TimetableFrame version="1" id="VTR:TimetableFrame:1356">
          <vehicleJourneys>
            <ServiceJourney version="4049633" id="VTR:ServiceJourney:1010472">
              <Name>Žadeikiai-Šilalė</Name>
              <PrivateCode>1</PrivateCode>
              <dayTypes>
                <DayTypeRef ref="VTR:DayType:6005"/>
              </dayTypes>
              <JourneyPatternRef version="4049633" ref="VTR:JourneyPattern:1010472"/>
              <OperatorRef ref="VTR:Operator:522"/>
              <LineRef ref="VTR:Line:1876" version="1859"/>
              <passingTimes>
                <TimetabledPassingTime version="4049633" id="VTR:TimetabledPassingTime:1010472_143149647_1">
                  <StopPointInJourneyPatternRef ref="VTR:StopPointInJourneyPattern:143149647" version="4049633"/>
                  <DepartureTime>07:15:00</DepartureTime>
                  <DepartureDayOffset>0</DepartureDayOffset>
                </TimetabledPassingTime>
                <TimetabledPassingTime version="4049633" id="VTR:TimetabledPassingTime:1010472_27116180_1">
                  <StopPointInJourneyPatternRef ref="VTR:StopPointInJourneyPattern:27116180" version="4049633"/>
                  <DepartureTime>07:15:00</DepartureTime>
                  <DepartureDayOffset>0</DepartureDayOffset>
                </TimetabledPassingTime>
                <TimetabledPassingTime version="4049633" id="VTR:TimetabledPassingTime:1010472_143149648_2">
                  <StopPointInJourneyPatternRef ref="VTR:StopPointInJourneyPattern:143149648" version="4049633"/>
                  <DepartureTime>07:23:00</DepartureTime>
                  <DepartureDayOffset>0</DepartureDayOffset>
                </TimetabledPassingTime>
                <TimetabledPassingTime version="4049633" id="VTR:TimetabledPassingTime:1010472_27116181_2">
                  <StopPointInJourneyPatternRef ref="VTR:StopPointInJourneyPattern:27116181" version="4049633"/>
                  <DepartureTime>07:23:00</DepartureTime>
                  <DepartureDayOffset>0</DepartureDayOffset>
                </TimetabledPassingTime>
                <TimetabledPassingTime version="4049633" id="VTR:TimetabledPassingTime:1010472_143149649_3">
                  <StopPointInJourneyPatternRef ref="VTR:StopPointInJourneyPattern:143149649" version="4049633"/>
                  <DepartureTime>07:26:00</DepartureTime>
                  <DepartureDayOffset>0</DepartureDayOffset>
                </TimetabledPassingTime>
                <TimetabledPassingTime version="4049633" id="VTR:TimetabledPassingTime:1010472_27116182_3">
                  <StopPointInJourneyPatternRef ref="VTR:StopPointInJourneyPattern:27116182" version="4049633"/>
                  <DepartureTime>07:26:00</DepartureTime>
                  <DepartureDayOffset>0</DepartureDayOffset>
                </TimetabledPassingTime>
                <TimetabledPassingTime version="4049633" id="VTR:TimetabledPassingTime:1010472_143149650_4">
                  <StopPointInJourneyPatternRef ref="VTR:StopPointInJourneyPattern:143149650" version="4049633"/>
                  <DepartureTime>07:31:00</DepartureTime>
                  <DepartureDayOffset>0</DepartureDayOffset>
                </TimetabledPassingTime>
                <TimetabledPassingTime version="4049633" id="VTR:TimetabledPassingTime:1010472_27116183_4">
                  <StopPointInJourneyPatternRef ref="VTR:StopPointInJourneyPattern:27116183" version="4049633"/>
                  <DepartureTime>07:31:00</DepartureTime>
                  <DepartureDayOffset>0</DepartureDayOffset>
                </TimetabledPassingTime>
                <TimetabledPassingTime version="4049633" id="VTR:TimetabledPassingTime:1010472_27116184_5">
                  <StopPointInJourneyPatternRef ref="VTR:StopPointInJourneyPattern:27116184" version="4049633"/>
                  <DepartureTime>07:36:00</DepartureTime>
                  <DepartureDayOffset>0</DepartureDayOffset>
                </TimetabledPassingTime>
                <TimetabledPassingTime version="4049633" id="VTR:TimetabledPassingTime:1010472_143149651_5">
                  <StopPointInJourneyPatternRef ref="VTR:StopPointInJourneyPattern:143149651" version="4049633"/>
                  <DepartureTime>07:36:00</DepartureTime>
                  <DepartureDayOffset>0</DepartureDayOffset>
                </TimetabledPassingTime>
                <TimetabledPassingTime version="4049633" id="VTR:TimetabledPassingTime:1010472_143149652_6">
                  <StopPointInJourneyPatternRef ref="VTR:StopPointInJourneyPattern:143149652" version="4049633"/>
                  <DepartureTime>07:50:00</DepartureTime>
                  <DepartureDayOffset>0</DepartureDayOffset>
                </TimetabledPassingTime>
                <TimetabledPassingTime version="4049633" id="VTR:TimetabledPassingTime:1010472_27116185_6">
                  <StopPointInJourneyPatternRef ref="VTR:StopPointInJourneyPattern:27116185" version="4049633"/>
                  <DepartureTime>07:50:00</DepartureTime>
                  <DepartureDayOffset>0</DepartureDayOffset>
                </TimetabledPassingTime>
              </passingTimes>
            </ServiceJourney>
            <ServiceJourney version="1011098" id="VTR:ServiceJourney:1010472">
              <Name>Žadeikiai-Šilalė</Name>
              <PrivateCode>1</PrivateCode>
              <dayTypes>
                <DayTypeRef ref="VTR:DayType:6005"/>
              </dayTypes>
              <JourneyPatternRef version="1011098" ref="VTR:JourneyPattern:1010472"/>
              <OperatorRef ref="VTR:Operator:522"/>
              <LineRef ref="VTR:Line:1876" version="1859"/>
              <passingTimes>
                <TimetabledPassingTime version="1011098" id="VTR:TimetabledPassingTime:1010472_27116180_1">
                  <StopPointInJourneyPatternRef ref="VTR:StopPointInJourneyPattern:27116180" version="1011098"/>
                  <DepartureTime>07:15:00</DepartureTime>
                  <DepartureDayOffset>0</DepartureDayOffset>
                </TimetabledPassingTime>
                <TimetabledPassingTime version="1011098" id="VTR:TimetabledPassingTime:1010472_143149647_1">
                  <StopPointInJourneyPatternRef ref="VTR:StopPointInJourneyPattern:143149647" version="1011098"/>
                  <DepartureTime>07:15:00</DepartureTime>
                  <DepartureDayOffset>0</DepartureDayOffset>
                </TimetabledPassingTime>
                <TimetabledPassingTime version="1011098" id="VTR:TimetabledPassingTime:1010472_143149648_2">
                  <StopPointInJourneyPatternRef ref="VTR:StopPointInJourneyPattern:143149648" version="1011098"/>
                  <DepartureTime>07:23:00</DepartureTime>
                  <DepartureDayOffset>0</DepartureDayOffset>
                </TimetabledPassingTime>
                <TimetabledPassingTime version="1011098" id="VTR:TimetabledPassingTime:1010472_27116181_2">
                  <StopPointInJourneyPatternRef ref="VTR:StopPointInJourneyPattern:27116181" version="1011098"/>
                  <DepartureTime>07:23:00</DepartureTime>
                  <DepartureDayOffset>0</DepartureDayOffset>
                </TimetabledPassingTime>
                <TimetabledPassingTime version="1011098" id="VTR:TimetabledPassingTime:1010472_27116182_3">
                  <StopPointInJourneyPatternRef ref="VTR:StopPointInJourneyPattern:27116182" version="1011098"/>
                  <DepartureTime>07:26:00</DepartureTime>
                  <DepartureDayOffset>0</DepartureDayOffset>
                </TimetabledPassingTime>
                <TimetabledPassingTime version="1011098" id="VTR:TimetabledPassingTime:1010472_143149649_3">
                  <StopPointInJourneyPatternRef ref="VTR:StopPointInJourneyPattern:143149649" version="1011098"/>
                  <DepartureTime>07:26:00</DepartureTime>
                  <DepartureDayOffset>0</DepartureDayOffset>
                </TimetabledPassingTime>
                <TimetabledPassingTime version="1011098" id="VTR:TimetabledPassingTime:1010472_27116183_4">
                  <StopPointInJourneyPatternRef ref="VTR:StopPointInJourneyPattern:27116183" version="1011098"/>
                  <DepartureTime>07:31:00</DepartureTime>
                  <DepartureDayOffset>0</DepartureDayOffset>
                </TimetabledPassingTime>
                <TimetabledPassingTime version="1011098" id="VTR:TimetabledPassingTime:1010472_143149650_4">
                  <StopPointInJourneyPatternRef ref="VTR:StopPointInJourneyPattern:143149650" version="1011098"/>
                  <DepartureTime>07:31:00</DepartureTime>
                  <DepartureDayOffset>0</DepartureDayOffset>
                </TimetabledPassingTime>
                <TimetabledPassingTime version="1011098" id="VTR:TimetabledPassingTime:1010472_143149651_5">
                  <StopPointInJourneyPatternRef ref="VTR:StopPointInJourneyPattern:143149651" version="1011098"/>
                  <DepartureTime>07:36:00</DepartureTime>
                  <DepartureDayOffset>0</DepartureDayOffset>
                </TimetabledPassingTime>
                <TimetabledPassingTime version="1011098" id="VTR:TimetabledPassingTime:1010472_27116184_5">
                  <StopPointInJourneyPatternRef ref="VTR:StopPointInJourneyPattern:27116184" version="1011098"/>
                  <DepartureTime>07:36:00</DepartureTime>
                  <DepartureDayOffset>0</DepartureDayOffset>
                </TimetabledPassingTime>
                <TimetabledPassingTime version="1011098" id="VTR:TimetabledPassingTime:1010472_143149652_6">
                  <StopPointInJourneyPatternRef ref="VTR:StopPointInJourneyPattern:143149652" version="1011098"/>
                  <DepartureTime>07:50:00</DepartureTime>
                  <DepartureDayOffset>0</DepartureDayOffset>
                </TimetabledPassingTime>
                <TimetabledPassingTime version="1011098" id="VTR:TimetabledPassingTime:1010472_27116185_6">
                  <StopPointInJourneyPatternRef ref="VTR:StopPointInJourneyPattern:27116185" version="1011098"/>
                  <DepartureTime>07:50:00</DepartureTime>
                  <DepartureDayOffset>0</DepartureDayOffset>
                </TimetabledPassingTime>
              </passingTimes>
            </ServiceJourney>
          </vehicleJourneys>
        </TimetableFrame>
        <ResourceFrame version="1" id="VTR:ResourceFrame:1356">
          <organisations>
            <Authority version="1" id="VTR:Authority:38">
              <CompanyNumber>17623132</CompanyNumber>
              <Name>Šilalės r. sav.</Name>
              <LegalName>Šilalės r. sav.</LegalName>
              <ContactDetails>
                <Email>administratorius@silale.lt</Email>
                <Phone>844976114</Phone>
                <Url>www.silale.lt</Url>
              </ContactDetails>
              <OrganisationType>authority</OrganisationType>
            </Authority>
          </organisations>
        </ResourceFrame>
        <FareFrame id="VTR:FareFrame:1876" version="1">
          <FrameDefaults>
            <DefaultCurrency>EUR</DefaultCurrency>
          </FrameDefaults>
          <fareStructureElements>
            <FareStructureElement id="VTR:FareStructureElement:pricematrix" version="1">
              <distanceMatrixElements>
                <DistanceMatrixElementRef ref="VTR:DistanceMatrixElement:27116181to27116184" version="1"/>
                <DistanceMatrixElementRef ref="VTR:DistanceMatrixElement:143149650to143149651" version="1"/>
                <DistanceMatrixElementRef ref="VTR:DistanceMatrixElement:27116182to27116183" version="1"/>
                <DistanceMatrixElementRef ref="VTR:DistanceMatrixElement:143149651to143149652" version="1"/>
                <DistanceMatrixElementRef ref="VTR:DistanceMatrixElement:143149647to143149650" version="1"/>
                <DistanceMatrixElementRef ref="VTR:DistanceMatrixElement:143149647to143149652" version="1"/>
                <DistanceMatrixElementRef ref="VTR:DistanceMatrixElement:143149648to143149652" version="1"/>
                <DistanceMatrixElementRef ref="VTR:DistanceMatrixElement:143149650to143149652" version="1"/>
                <DistanceMatrixElementRef ref="VTR:DistanceMatrixElement:27116180to27116185" version="1"/>
                <DistanceMatrixElementRef ref="VTR:DistanceMatrixElement:27116182to27116185" version="1"/>
                <DistanceMatrixElementRef ref="VTR:DistanceMatrixElement:143149647to143149648" version="1"/>
                <DistanceMatrixElementRef ref="VTR:DistanceMatrixElement:143149649to143149651" version="1"/>
                <DistanceMatrixElementRef ref="VTR:DistanceMatrixElement:27116180to27116181" version="1"/>
                <DistanceMatrixElementRef ref="VTR:DistanceMatrixElement:143149649to143149650" version="1"/>
                <DistanceMatrixElementRef ref="VTR:DistanceMatrixElement:27116180to27116183" version="1"/>
                <DistanceMatrixElementRef ref="VTR:DistanceMatrixElement:143149647to143149649" version="1"/>
                <DistanceMatrixElementRef ref="VTR:DistanceMatrixElement:143149648to143149649" version="1"/>
                <DistanceMatrixElementRef ref="VTR:DistanceMatrixElement:143149649to143149652" version="1"/>
                <DistanceMatrixElementRef ref="VTR:DistanceMatrixElement:27116180to27116182" version="1"/>
                <DistanceMatrixElementRef ref="VTR:DistanceMatrixElement:27116180to27116184" version="1"/>
                <DistanceMatrixElementRef ref="VTR:DistanceMatrixElement:27116181to27116182" version="1"/>
                <DistanceMatrixElementRef ref="VTR:DistanceMatrixElement:27116181to27116183" version="1"/>
                <DistanceMatrixElementRef ref="VTR:DistanceMatrixElement:27116182to27116184" version="1"/>
                <DistanceMatrixElementRef ref="VTR:DistanceMatrixElement:27116183to27116184" version="1"/>
                <DistanceMatrixElementRef ref="VTR:DistanceMatrixElement:27116183to27116185" version="1"/>
                <DistanceMatrixElementRef ref="VTR:DistanceMatrixElement:143149647to143149651" version="1"/>
                <DistanceMatrixElementRef ref="VTR:DistanceMatrixElement:143149648to143149651" version="1"/>
                <DistanceMatrixElementRef ref="VTR:DistanceMatrixElement:27116184to27116185" version="1"/>
                <DistanceMatrixElementRef ref="VTR:DistanceMatrixElement:143149648to143149650" version="1"/>
                <DistanceMatrixElementRef ref="VTR:DistanceMatrixElement:27116181to27116185" version="1"/>
              </distanceMatrixElements>
            </FareStructureElement>
          </fareStructureElements>
          <tariffs>
            <Tariff id="VTR:Tariff:pointToPointInSeparateJourney_1876" version="1">
              <Name>Point to point tariff</Name>
              <distanceMatrixElements>
                <DistanceMatrixElement id="VTR:DistanceMatrixElement:27116181to27116184" version="1">
                  <Name>Klabai to Gūbriai</Name>
                  <StartStopPointRef ref="VTR:ScheduledStopPoint:545008" version="1"/>
                  <EndStopPointRef ref="VTR:ScheduledStopPoint:304514" version="1"/>
                  <prices>
                    <DistanceMatrixElementPrice id="VTR:DistanceMatrixElementPrice:27116181to27116184" version="1">
                      <Amount>2.2</Amount>
                      <DistanceMatrixElementRef ref="VTR:DistanceMatrixElement:27116181to27116184" version="1"/>
                    </DistanceMatrixElementPrice>
                  </prices>
                </DistanceMatrixElement>
                <DistanceMatrixElement id="VTR:DistanceMatrixElement:143149650to143149651" version="1">
                  <Name>Nevočiai to Gūbriai</Name>
                  <StartStopPointRef ref="VTR:ScheduledStopPoint:545009" version="1"/>
                  <EndStopPointRef ref="VTR:ScheduledStopPoint:304514" version="1"/>
                  <prices>
                    <DistanceMatrixElementPrice id="VTR:DistanceMatrixElementPrice:143149650to143149651" version="1">
                      <Amount>0.9</Amount>
                      <DistanceMatrixElementRef ref="VTR:DistanceMatrixElement:143149650to143149651" version="1"/>
                    </DistanceMatrixElementPrice>
                  </prices>
                </DistanceMatrixElement>
                <DistanceMatrixElement id="VTR:DistanceMatrixElement:27116182to27116183" version="1">
                  <Name>Mok. susibūrimo vieta to Nevočiai</Name>
                  <StartStopPointRef ref="VTR:ScheduledStopPoint:545010" version="1"/>
                  <EndStopPointRef ref="VTR:ScheduledStopPoint:545009" version="1"/>
                  <prices>
                    <DistanceMatrixElementPrice id="VTR:DistanceMatrixElementPrice:27116182to27116183" version="1">
                      <Amount>0.8</Amount>
                      <DistanceMatrixElementRef ref="VTR:DistanceMatrixElement:27116182to27116183" version="1"/>
                    </DistanceMatrixElementPrice>
                  </prices>
                </DistanceMatrixElement>
                <DistanceMatrixElement id="VTR:DistanceMatrixElement:143149651to143149652" version="1">
                  <Name>Gūbriai to Šilalės autobusų stotis</Name>
                  <StartStopPointRef ref="VTR:ScheduledStopPoint:304514" version="1"/>
                  <EndStopPointRef ref="VTR:ScheduledStopPoint:76357" version="1"/>
                  <prices>
                    <DistanceMatrixElementPrice id="VTR:DistanceMatrixElementPrice:143149651to143149652" version="1">
                      <Amount>2.4</Amount>
                      <DistanceMatrixElementRef ref="VTR:DistanceMatrixElement:143149651to143149652" version="1"/>
                    </DistanceMatrixElementPrice>
                  </prices>
                </DistanceMatrixElement>
                <DistanceMatrixElement id="VTR:DistanceMatrixElement:143149647to143149650" version="1">
                  <Name>Žadeikiai, Šilalės raj. to Nevočiai</Name>
                  <StartStopPointRef ref="VTR:ScheduledStopPoint:76353" version="1"/>
                  <EndStopPointRef ref="VTR:ScheduledStopPoint:545009" version="1"/>
                  <prices>
                    <DistanceMatrixElementPrice id="VTR:DistanceMatrixElementPrice:143149647to143149650" version="1">
                      <Amount>2.7</Amount>
                      <DistanceMatrixElementRef ref="VTR:DistanceMatrixElement:143149647to143149650" version="1"/>
                    </DistanceMatrixElementPrice>
                  </prices>
                </DistanceMatrixElement>
                <DistanceMatrixElement id="VTR:DistanceMatrixElement:143149647to143149652" version="1">
                  <Name>Žadeikiai, Šilalės raj. to Šilalės autobusų stotis</Name>
                  <StartStopPointRef ref="VTR:ScheduledStopPoint:76353" version="1"/>
                  <EndStopPointRef ref="VTR:ScheduledStopPoint:76357" version="1"/>
                  <prices>
                    <DistanceMatrixElementPrice id="VTR:DistanceMatrixElementPrice:143149647to143149652" version="1">
                      <Amount>6.0</Amount>
                      <DistanceMatrixElementRef ref="VTR:DistanceMatrixElement:143149647to143149652" version="1"/>
                    </DistanceMatrixElementPrice>
                  </prices>
                </DistanceMatrixElement>
                <DistanceMatrixElement id="VTR:DistanceMatrixElement:143149648to143149652" version="1">
                  <Name>Klabai to Šilalės autobusų stotis</Name>
                  <StartStopPointRef ref="VTR:ScheduledStopPoint:545008" version="1"/>
                  <EndStopPointRef ref="VTR:ScheduledStopPoint:76357" version="1"/>
                  <prices>
                    <DistanceMatrixElementPrice id="VTR:DistanceMatrixElementPrice:143149648to143149652" version="1">
                      <Amount>4.6</Amount>
                      <DistanceMatrixElementRef ref="VTR:DistanceMatrixElement:143149648to143149652" version="1"/>
                    </DistanceMatrixElementPrice>
                  </prices>
                </DistanceMatrixElement>
                <DistanceMatrixElement id="VTR:DistanceMatrixElement:143149650to143149652" version="1">
                  <Name>Nevočiai to Šilalės autobusų stotis</Name>
                  <StartStopPointRef ref="VTR:ScheduledStopPoint:545009" version="1"/>
                  <EndStopPointRef ref="VTR:ScheduledStopPoint:76357" version="1"/>
                  <prices>
                    <DistanceMatrixElementPrice id="VTR:DistanceMatrixElementPrice:143149650to143149652" version="1">
                      <Amount>3.3</Amount>
                      <DistanceMatrixElementRef ref="VTR:DistanceMatrixElement:143149650to143149652" version="1"/>
                    </DistanceMatrixElementPrice>
                  </prices>
                </DistanceMatrixElement>
                <DistanceMatrixElement id="VTR:DistanceMatrixElement:27116180to27116185" version="1">
                  <Name>Žadeikiai, Šilalės raj. to Šilalės autobusų stotis</Name>
                  <StartStopPointRef ref="VTR:ScheduledStopPoint:76353" version="1"/>
                  <EndStopPointRef ref="VTR:ScheduledStopPoint:76357" version="1"/>
                  <prices>
                    <DistanceMatrixElementPrice id="VTR:DistanceMatrixElementPrice:27116180to27116185" version="1">
                      <Amount>6.0</Amount>
                      <DistanceMatrixElementRef ref="VTR:DistanceMatrixElement:27116180to27116185" version="1"/>
                    </DistanceMatrixElementPrice>
                  </prices>
                </DistanceMatrixElement>
                <DistanceMatrixElement id="VTR:DistanceMatrixElement:27116182to27116185" version="1">
                  <Name>Mok. susibūrimo vieta to Šilalės autobusų stotis</Name>
                  <StartStopPointRef ref="VTR:ScheduledStopPoint:545010" version="1"/>
                  <EndStopPointRef ref="VTR:ScheduledStopPoint:76357" version="1"/>
                  <prices>
                    <DistanceMatrixElementPrice id="VTR:DistanceMatrixElementPrice:27116182to27116185" version="1">
                      <Amount>4.1</Amount>
                      <DistanceMatrixElementRef ref="VTR:DistanceMatrixElement:27116182to27116185" version="1"/>
                    </DistanceMatrixElementPrice>
                  </prices>
                </DistanceMatrixElement>
                <DistanceMatrixElement id="VTR:DistanceMatrixElement:143149647to143149648" version="1">
                  <Name>Žadeikiai, Šilalės raj. to Klabai</Name>
                  <StartStopPointRef ref="VTR:ScheduledStopPoint:76353" version="1"/>
                  <EndStopPointRef ref="VTR:ScheduledStopPoint:545008" version="1"/>
                  <prices>
                    <DistanceMatrixElementPrice id="VTR:DistanceMatrixElementPrice:143149647to143149648" version="1">
                      <Amount>1.4</Amount>
                      <DistanceMatrixElementRef ref="VTR:DistanceMatrixElement:143149647to143149648" version="1"/>
                    </DistanceMatrixElementPrice>
                  </prices>
                </DistanceMatrixElement>
                <DistanceMatrixElement id="VTR:DistanceMatrixElement:143149649to143149651" version="1">
                  <Name>Mok. susibūrimo vieta to Gūbriai</Name>
                  <StartStopPointRef ref="VTR:ScheduledStopPoint:545010" version="1"/>
                  <EndStopPointRef ref="VTR:ScheduledStopPoint:304514" version="1"/>
                  <prices>
                    <DistanceMatrixElementPrice id="VTR:DistanceMatrixElementPrice:143149649to143149651" version="1">
                      <Amount>1.7</Amount>
                      <DistanceMatrixElementRef ref="VTR:DistanceMatrixElement:143149649to143149651" version="1"/>
                    </DistanceMatrixElementPrice>
                  </prices>
                </DistanceMatrixElement>
                <DistanceMatrixElement id="VTR:DistanceMatrixElement:27116180to27116181" version="1">
                  <Name>Žadeikiai, Šilalės raj. to Klabai</Name>
                  <StartStopPointRef ref="VTR:ScheduledStopPoint:76353" version="1"/>
                  <EndStopPointRef ref="VTR:ScheduledStopPoint:545008" version="1"/>
                  <prices>
                    <DistanceMatrixElementPrice id="VTR:DistanceMatrixElementPrice:27116180to27116181" version="1">
                      <Amount>1.4</Amount>
                      <DistanceMatrixElementRef ref="VTR:DistanceMatrixElement:27116180to27116181" version="1"/>
                    </DistanceMatrixElementPrice>
                  </prices>
                </DistanceMatrixElement>
                <DistanceMatrixElement id="VTR:DistanceMatrixElement:143149649to143149650" version="1">
                  <Name>Mok. susibūrimo vieta to Nevočiai</Name>
                  <StartStopPointRef ref="VTR:ScheduledStopPoint:545010" version="1"/>
                  <EndStopPointRef ref="VTR:ScheduledStopPoint:545009" version="1"/>
                  <prices>
                    <DistanceMatrixElementPrice id="VTR:DistanceMatrixElementPrice:143149649to143149650" version="1">
                      <Amount>0.8</Amount>
                      <DistanceMatrixElementRef ref="VTR:DistanceMatrixElement:143149649to143149650" version="1"/>
                    </DistanceMatrixElementPrice>
                  </prices>
                </DistanceMatrixElement>
                <DistanceMatrixElement id="VTR:DistanceMatrixElement:27116180to27116183" version="1">
                  <Name>Žadeikiai, Šilalės raj. to Nevočiai</Name>
                  <StartStopPointRef ref="VTR:ScheduledStopPoint:76353" version="1"/>
                  <EndStopPointRef ref="VTR:ScheduledStopPoint:545009" version="1"/>
                  <prices>
                    <DistanceMatrixElementPrice id="VTR:DistanceMatrixElementPrice:27116180to27116183" version="1">
                      <Amount>2.7</Amount>
                      <DistanceMatrixElementRef ref="VTR:DistanceMatrixElement:27116180to27116183" version="1"/>
                    </DistanceMatrixElementPrice>
                  </prices>
                </DistanceMatrixElement>
                <DistanceMatrixElement id="VTR:DistanceMatrixElement:143149647to143149649" version="1">
                  <Name>Žadeikiai, Šilalės raj. to Mok. susibūrimo vieta</Name>
                  <StartStopPointRef ref="VTR:ScheduledStopPoint:76353" version="1"/>
                  <EndStopPointRef ref="VTR:ScheduledStopPoint:545010" version="1"/>
                  <prices>
                    <DistanceMatrixElementPrice id="VTR:DistanceMatrixElementPrice:143149647to143149649" version="1">
                      <Amount>1.9</Amount>
                      <DistanceMatrixElementRef ref="VTR:DistanceMatrixElement:143149647to143149649" version="1"/>
                    </DistanceMatrixElementPrice>
                  </prices>
                </DistanceMatrixElement>
                <DistanceMatrixElement id="VTR:DistanceMatrixElement:143149648to143149649" version="1">
                  <Name>Klabai to Mok. susibūrimo vieta</Name>
                  <StartStopPointRef ref="VTR:ScheduledStopPoint:545008" version="1"/>
                  <EndStopPointRef ref="VTR:ScheduledStopPoint:545010" version="1"/>
                  <prices>
                    <DistanceMatrixElementPrice id="VTR:DistanceMatrixElementPrice:143149648to143149649" version="1">
                      <Amount>0.5</Amount>
                      <DistanceMatrixElementRef ref="VTR:DistanceMatrixElement:143149648to143149649" version="1"/>
                    </DistanceMatrixElementPrice>
                  </prices>
                </DistanceMatrixElement>
                <DistanceMatrixElement id="VTR:DistanceMatrixElement:143149649to143149652" version="1">
                  <Name>Mok. susibūrimo vieta to Šilalės autobusų stotis</Name>
                  <StartStopPointRef ref="VTR:ScheduledStopPoint:545010" version="1"/>
                  <EndStopPointRef ref="VTR:ScheduledStopPoint:76357" version="1"/>
                  <prices>
                    <DistanceMatrixElementPrice id="VTR:DistanceMatrixElementPrice:143149649to143149652" version="1">
                      <Amount>4.1</Amount>
                      <DistanceMatrixElementRef ref="VTR:DistanceMatrixElement:143149649to143149652" version="1"/>
                    </DistanceMatrixElementPrice>
                  </prices>
                </DistanceMatrixElement>
                <DistanceMatrixElement id="VTR:DistanceMatrixElement:27116180to27116182" version="1">
                  <Name>Žadeikiai, Šilalės raj. to Mok. susibūrimo vieta</Name>
                  <StartStopPointRef ref="VTR:ScheduledStopPoint:76353" version="1"/>
                  <EndStopPointRef ref="VTR:ScheduledStopPoint:545010" version="1"/>
                  <prices>
                    <DistanceMatrixElementPrice id="VTR:DistanceMatrixElementPrice:27116180to27116182" version="1">
                      <Amount>1.9</Amount>
                      <DistanceMatrixElementRef ref="VTR:DistanceMatrixElement:27116180to27116182" version="1"/>
                    </DistanceMatrixElementPrice>
                  </prices>
                </DistanceMatrixElement>
                <DistanceMatrixElement id="VTR:DistanceMatrixElement:27116180to27116184" version="1">
                  <Name>Žadeikiai, Šilalės raj. to Gūbriai</Name>
                  <StartStopPointRef ref="VTR:ScheduledStopPoint:76353" version="1"/>
                  <EndStopPointRef ref="VTR:ScheduledStopPoint:304514" version="1"/>
                  <prices>
                    <DistanceMatrixElementPrice id="VTR:DistanceMatrixElementPrice:27116180to27116184" version="1">
                      <Amount>3.6</Amount>
                      <DistanceMatrixElementRef ref="VTR:DistanceMatrixElement:27116180to27116184" version="1"/>
                    </DistanceMatrixElementPrice>
                  </prices>
                </DistanceMatrixElement>
                <DistanceMatrixElement id="VTR:DistanceMatrixElement:27116181to27116182" version="1">
                  <Name>Klabai to Mok. susibūrimo vieta</Name>
                  <StartStopPointRef ref="VTR:ScheduledStopPoint:545008" version="1"/>
                  <EndStopPointRef ref="VTR:ScheduledStopPoint:545010" version="1"/>
                  <prices>
                    <DistanceMatrixElementPrice id="VTR:DistanceMatrixElementPrice:27116181to27116182" version="1">
                      <Amount>0.5</Amount>
                      <DistanceMatrixElementRef ref="VTR:DistanceMatrixElement:27116181to27116182" version="1"/>
                    </DistanceMatrixElementPrice>
                  </prices>
                </DistanceMatrixElement>
                <DistanceMatrixElement id="VTR:DistanceMatrixElement:27116181to27116183" version="1">
                  <Name>Klabai to Nevočiai</Name>
                  <StartStopPointRef ref="VTR:ScheduledStopPoint:545008" version="1"/>
                  <EndStopPointRef ref="VTR:ScheduledStopPoint:545009" version="1"/>
                  <prices>
                    <DistanceMatrixElementPrice id="VTR:DistanceMatrixElementPrice:27116181to27116183" version="1">
                      <Amount>1.3</Amount>
                      <DistanceMatrixElementRef ref="VTR:DistanceMatrixElement:27116181to27116183" version="1"/>
                    </DistanceMatrixElementPrice>
                  </prices>
                </DistanceMatrixElement>
                <DistanceMatrixElement id="VTR:DistanceMatrixElement:27116182to27116184" version="1">
                  <Name>Mok. susibūrimo vieta to Gūbriai</Name>
                  <StartStopPointRef ref="VTR:ScheduledStopPoint:545010" version="1"/>
                  <EndStopPointRef ref="VTR:ScheduledStopPoint:304514" version="1"/>
                  <prices>
                    <DistanceMatrixElementPrice id="VTR:DistanceMatrixElementPrice:27116182to27116184" version="1">
                      <Amount>1.7</Amount>
                      <DistanceMatrixElementRef ref="VTR:DistanceMatrixElement:27116182to27116184" version="1"/>
                    </DistanceMatrixElementPrice>
                  </prices>
                </DistanceMatrixElement>
                <DistanceMatrixElement id="VTR:DistanceMatrixElement:27116183to27116184" version="1">
                  <Name>Nevočiai to Gūbriai</Name>
                  <StartStopPointRef ref="VTR:ScheduledStopPoint:545009" version="1"/>
                  <EndStopPointRef ref="VTR:ScheduledStopPoint:304514" version="1"/>
                  <prices>
                    <DistanceMatrixElementPrice id="VTR:DistanceMatrixElementPrice:27116183to27116184" version="1">
                      <Amount>0.9</Amount>
                      <DistanceMatrixElementRef ref="VTR:DistanceMatrixElement:27116183to27116184" version="1"/>
                    </DistanceMatrixElementPrice>
                  </prices>
                </DistanceMatrixElement>
                <DistanceMatrixElement id="VTR:DistanceMatrixElement:27116183to27116185" version="1">
                  <Name>Nevočiai to Šilalės autobusų stotis</Name>
                  <StartStopPointRef ref="VTR:ScheduledStopPoint:545009" version="1"/>
                  <EndStopPointRef ref="VTR:ScheduledStopPoint:76357" version="1"/>
                  <prices>
                    <DistanceMatrixElementPrice id="VTR:DistanceMatrixElementPrice:27116183to27116185" version="1">
                      <Amount>3.3</Amount>
                      <DistanceMatrixElementRef ref="VTR:DistanceMatrixElement:27116183to27116185" version="1"/>
                    </DistanceMatrixElementPrice>
                  </prices>
                </DistanceMatrixElement>
                <DistanceMatrixElement id="VTR:DistanceMatrixElement:143149647to143149651" version="1">
                  <Name>Žadeikiai, Šilalės raj. to Gūbriai</Name>
                  <StartStopPointRef ref="VTR:ScheduledStopPoint:76353" version="1"/>
                  <EndStopPointRef ref="VTR:ScheduledStopPoint:304514" version="1"/>
                  <prices>
                    <DistanceMatrixElementPrice id="VTR:DistanceMatrixElementPrice:143149647to143149651" version="1">
                      <Amount>3.6</Amount>
                      <DistanceMatrixElementRef ref="VTR:DistanceMatrixElement:143149647to143149651" version="1"/>
                    </DistanceMatrixElementPrice>
                  </prices>
                </DistanceMatrixElement>
                <DistanceMatrixElement id="VTR:DistanceMatrixElement:143149648to143149651" version="1">
                  <Name>Klabai to Gūbriai</Name>
                  <StartStopPointRef ref="VTR:ScheduledStopPoint:545008" version="1"/>
                  <EndStopPointRef ref="VTR:ScheduledStopPoint:304514" version="1"/>
                  <prices>
                    <DistanceMatrixElementPrice id="VTR:DistanceMatrixElementPrice:143149648to143149651" version="1">
                      <Amount>2.2</Amount>
                      <DistanceMatrixElementRef ref="VTR:DistanceMatrixElement:143149648to143149651" version="1"/>
                    </DistanceMatrixElementPrice>
                  </prices>
                </DistanceMatrixElement>
                <DistanceMatrixElement id="VTR:DistanceMatrixElement:27116184to27116185" version="1">
                  <Name>Gūbriai to Šilalės autobusų stotis</Name>
                  <StartStopPointRef ref="VTR:ScheduledStopPoint:304514" version="1"/>
                  <EndStopPointRef ref="VTR:ScheduledStopPoint:76357" version="1"/>
                  <prices>
                    <DistanceMatrixElementPrice id="VTR:DistanceMatrixElementPrice:27116184to27116185" version="1">
                      <Amount>2.4</Amount>
                      <DistanceMatrixElementRef ref="VTR:DistanceMatrixElement:27116184to27116185" version="1"/>
                    </DistanceMatrixElementPrice>
                  </prices>
                </DistanceMatrixElement>
                <DistanceMatrixElement id="VTR:DistanceMatrixElement:143149648to143149650" version="1">
                  <Name>Klabai to Nevočiai</Name>
                  <StartStopPointRef ref="VTR:ScheduledStopPoint:545008" version="1"/>
                  <EndStopPointRef ref="VTR:ScheduledStopPoint:545009" version="1"/>
                  <prices>
                    <DistanceMatrixElementPrice id="VTR:DistanceMatrixElementPrice:143149648to143149650" version="1">
                      <Amount>1.3</Amount>
                      <DistanceMatrixElementRef ref="VTR:DistanceMatrixElement:143149648to143149650" version="1"/>
                    </DistanceMatrixElementPrice>
                  </prices>
                </DistanceMatrixElement>
                <DistanceMatrixElement id="VTR:DistanceMatrixElement:27116181to27116185" version="1">
                  <Name>Klabai to Šilalės autobusų stotis</Name>
                  <StartStopPointRef ref="VTR:ScheduledStopPoint:545008" version="1"/>
                  <EndStopPointRef ref="VTR:ScheduledStopPoint:76357" version="1"/>
                  <prices>
                    <DistanceMatrixElementPrice id="VTR:DistanceMatrixElementPrice:27116181to27116185" version="1">
                      <Amount>4.6</Amount>
                      <DistanceMatrixElementRef ref="VTR:DistanceMatrixElement:27116181to27116185" version="1"/>
                    </DistanceMatrixElementPrice>
                  </prices>
                </DistanceMatrixElement>
              </distanceMatrixElements>
            </Tariff>
          </tariffs>
          <usageParameters>
            <FrequencyOfUse id="VTR:FrequencyOfUse:oneTrip" version="1">
              <FrequencyOfUseType>unlimited</FrequencyOfUseType>
              <MaximalFrequency>1</MaximalFrequency>
            </FrequencyOfUse>
          </usageParameters>
        </FareFrame>
      </frames>
    </CompositeFrame>
  </dataObjects>
</PublicationDelivery>
