<?xml version="1.0" encoding="UTF-8"?><PublicationDelivery xmlns="http://www.netex.org.uk/netex" xmlns:gis="http://www.opengis.net/gml/3.2" xmlns:ns2="http://www.opengis.net/gml/3.2" xmlns:ns3="http://www.siri.org.uk/siri" xmlns:xsi="http://www.w3.org/2001/XMLSchema-instance" version="1" xsi:schemaLocation="">
  <PublicationTimestamp>2022-05-07T01:15:00.256</PublicationTimestamp>
  <ParticipantRef>VTR</ParticipantRef>
  <Description>1</Description>
  <dataObjects>
    <CompositeFrame created="2022-05-07T01:15:00.256" version="1" id="VTR:CompositeFrame:1356">
      <validityConditions>
        <AvailabilityCondition version="1" id="VTR:AvailabilityCondition:1356">
          <FromDate>2016-06-07T10:19:25</FromDate>
          <ToDate>2027-12-30T00:00:00</ToDate>
        </AvailabilityCondition>
      </validityConditions>
      <codespaces>
        <Codespace id="vtr">
          <Xmlns>VTR</Xmlns>
          <XmlnsUrl>http://www.visimarsrutai.lt/</XmlnsUrl>
        </Codespace>
      </codespaces>
      <FrameDefaults>
        <DefaultLocale>
          <TimeZone>Europe/Vilnius</TimeZone>
        </DefaultLocale>
        <DefaultLocationSystem>WGS84</DefaultLocationSystem>
      </FrameDefaults>
      <frames>
        <ServiceCalendarFrame version="1" id="VTR:ServiceCalendarFrame:1356">
          <dayTypes>
            <DayType id="VTR:DayType:6005" version="1">
              <properties>
                <PropertyOfDay>
                  <DaysOfWeek>Monday Tuesday Wednesday Thursday Friday</DaysOfWeek>
                </PropertyOfDay>
              </properties>
            </DayType>
          </dayTypes>
          <operatingPeriods>
            <OperatingPeriod version="1" id="VTR:OperatingPeriod:6005">
              <FromDate>2020-01-01T00:00:00</FromDate>
              <ToDate>2021-12-31T00:00:00</ToDate>
            </OperatingPeriod>
          </operatingPeriods>
          <dayTypeAssignments>
            <DayTypeAssignment id="VTR:DayTypeAssignment:6005_0" version="1" order="3440">
              <OperatingPeriodRef ref="VTR:OperatingPeriod:6005" version="1"/>
              <DayTypeRef ref="VTR:DayType:6005" version="1"/>
            </DayTypeAssignment>
          </dayTypeAssignments>
        </ServiceCalendarFrame>
        <ServiceFrame id="VTR:ServiceFrame:1356" version="1">
          <Network version="0" id="VTR:Network:38"/>
          <routePoints>
            <RoutePoint version="1" id="VTR:RoutePoint:267625">
              <projections>
                <PointProjection version="1" id="VTR:PointProjection:43460">
                  <ProjectedPointRef ref="VTR:ScheduledStopPoint:267625" version="1"/>
                </PointProjection>
              </projections>
            </RoutePoint>
            <RoutePoint version="1" id="VTR:RoutePoint:267626">
              <projections>
                <PointProjection version="1" id="VTR:PointProjection:43458">
                  <ProjectedPointRef ref="VTR:ScheduledStopPoint:267626" version="1"/>
                </PointProjection>
              </projections>
            </RoutePoint>
            <RoutePoint version="1" id="VTR:RoutePoint:267627">
              <projections>
                <PointProjection version="1" id="VTR:PointProjection:43459">
                  <ProjectedPointRef ref="VTR:ScheduledStopPoint:267627" version="1"/>
                </PointProjection>
              </projections>
            </RoutePoint>
            <RoutePoint version="1" id="VTR:RoutePoint:267628">
              <projections>
                <PointProjection version="1" id="VTR:PointProjection:45243">
                  <ProjectedPointRef ref="VTR:ScheduledStopPoint:267628" version="1"/>
                </PointProjection>
              </projections>
            </RoutePoint>
            <RoutePoint version="1" id="VTR:RoutePoint:267629">
              <projections>
                <PointProjection version="1" id="VTR:PointProjection:45244">
                  <ProjectedPointRef ref="VTR:ScheduledStopPoint:267629" version="1"/>
                </PointProjection>
              </projections>
            </RoutePoint>
            <RoutePoint version="1" id="VTR:RoutePoint:267630">
              <projections>
                <PointProjection version="1" id="VTR:PointProjection:45245">
                  <ProjectedPointRef ref="VTR:ScheduledStopPoint:267630" version="1"/>
                </PointProjection>
              </projections>
            </RoutePoint>
          </routePoints>
          <routes>
            <Route version="1" id="VTR:Route:10958">
              <Name>Šilalė-Biržų Laukas</Name>
              <ShortName>Šilalė-Biržų Laukas</ShortName>
              <LineRef ref="VTR:Line:4051" version="4503"/>
              <DirectionType>outbound</DirectionType>
              <pointsInSequence>
                <PointOnRoute version="1" id="VTR:PointOnRoute:267625" order="1">
                  <RoutePointRef ref="VTR:RoutePoint:267625"/>
                </PointOnRoute>
                <PointOnRoute version="1" id="VTR:PointOnRoute:267626" order="2">
                  <RoutePointRef ref="VTR:RoutePoint:267626"/>
                </PointOnRoute>
                <PointOnRoute version="1" id="VTR:PointOnRoute:267627" order="3">
                  <RoutePointRef ref="VTR:RoutePoint:267627"/>
                </PointOnRoute>
              </pointsInSequence>
            </Route>
            <Route version="1" id="VTR:Route:10959">
              <Name>Biržų Laukas-Šilalė</Name>
              <ShortName>Biržų Laukas-Šilalė</ShortName>
              <LineRef ref="VTR:Line:4051" version="4503"/>
              <DirectionType>inbound</DirectionType>
              <pointsInSequence>
                <PointOnRoute version="1" id="VTR:PointOnRoute:267628" order="1">
                  <RoutePointRef ref="VTR:RoutePoint:267628"/>
                </PointOnRoute>
                <PointOnRoute version="1" id="VTR:PointOnRoute:267629" order="2">
                  <RoutePointRef ref="VTR:RoutePoint:267629"/>
                </PointOnRoute>
                <PointOnRoute version="1" id="VTR:PointOnRoute:267630" order="3">
                  <RoutePointRef ref="VTR:RoutePoint:267630"/>
                </PointOnRoute>
              </pointsInSequence>
            </Route>
          </routes>
          <lines>
            <Line version="4503" id="VTR:Line:4051">
              <Name>Šilalė-Biržų Laukas-Šilalė</Name>
              <TransportMode>bus</TransportMode>
              <TransportSubmode>
                <BusSubmode>regionalBus</BusSubmode>
              </TransportSubmode>
              <PublicCode>257</PublicCode>
              <OperatorRef ref="VTR:Operator:38"/>
            </Line>
          </lines>
          <scheduledStopPoints>
            <ScheduledStopPoint version="1" id="VTR:ScheduledStopPoint:267625">
              <Name>Šilalės autobusų stotis</Name>
            </ScheduledStopPoint>
            <ScheduledStopPoint version="1" id="VTR:ScheduledStopPoint:267626">
              <Name>Struikai</Name>
            </ScheduledStopPoint>
            <ScheduledStopPoint version="1" id="VTR:ScheduledStopPoint:267627">
              <Name>Biržų laukas</Name>
            </ScheduledStopPoint>
            <ScheduledStopPoint version="1" id="VTR:ScheduledStopPoint:267628">
              <Name>Biržų laukas</Name>
            </ScheduledStopPoint>
            <ScheduledStopPoint version="1" id="VTR:ScheduledStopPoint:267629">
              <Name>Struikai</Name>
            </ScheduledStopPoint>
            <ScheduledStopPoint version="1" id="VTR:ScheduledStopPoint:267630">
              <Name>Šilalės autobusų stotis</Name>
            </ScheduledStopPoint>
          </scheduledStopPoints>
          <serviceLinks>
            <ServiceLink id="VTR:ServiceLink:267629_1_267630_1" version="1">
              <Distance>1</Distance>
              <FromPointRef ref="VTR:ScheduledStopPoint:267629" version="1"/>
              <ToPointRef ref="VTR:ScheduledStopPoint:267630" version="1"/>
            </ServiceLink>
            <ServiceLink id="VTR:ServiceLink:267625_1_267626_1" version="1">
              <Distance>1</Distance>
              <FromPointRef ref="VTR:ScheduledStopPoint:267625" version="1"/>
              <ToPointRef ref="VTR:ScheduledStopPoint:267626" version="1"/>
            </ServiceLink>
            <ServiceLink id="VTR:ServiceLink:267626_1_267627_1" version="1">
              <Distance>2</Distance>
              <FromPointRef ref="VTR:ScheduledStopPoint:267626" version="1"/>
              <ToPointRef ref="VTR:ScheduledStopPoint:267627" version="1"/>
            </ServiceLink>
            <ServiceLink id="VTR:ServiceLink:267628_1_267629_1" version="1">
              <Distance>2</Distance>
              <FromPointRef ref="VTR:ScheduledStopPoint:267628" version="1"/>
              <ToPointRef ref="VTR:ScheduledStopPoint:267629" version="1"/>
            </ServiceLink>
          </serviceLinks>
          <stopAssignments>
            <PassengerStopAssignment order="1095800000" id="VTR:PassengerStopAssignment:267625" version="1">
              <ScheduledStopPointRef ref="VTR:ScheduledStopPoint:267625" version="1"/>
              <QuayRef ref="VTR:Quay:19472"/>
            </PassengerStopAssignment>
            <PassengerStopAssignment order="1095800001" id="VTR:PassengerStopAssignment:267626" version="1">
              <ScheduledStopPointRef ref="VTR:ScheduledStopPoint:267626" version="1"/>
              <QuayRef ref="VTR:Quay:22124"/>
            </PassengerStopAssignment>
            <PassengerStopAssignment order="1095800002" id="VTR:PassengerStopAssignment:267627" version="1">
              <ScheduledStopPointRef ref="VTR:ScheduledStopPoint:267627" version="1"/>
              <QuayRef ref="VTR:Quay:7253"/>
            </PassengerStopAssignment>
            <PassengerStopAssignment order="1095900000" id="VTR:PassengerStopAssignment:267628" version="1">
              <ScheduledStopPointRef ref="VTR:ScheduledStopPoint:267628" version="1"/>
              <QuayRef ref="VTR:Quay:7253"/>
            </PassengerStopAssignment>
            <PassengerStopAssignment order="1095900001" id="VTR:PassengerStopAssignment:267629" version="1">
              <ScheduledStopPointRef ref="VTR:ScheduledStopPoint:267629" version="1"/>
              <QuayRef ref="VTR:Quay:22124"/>
            </PassengerStopAssignment>
            <PassengerStopAssignment order="1095900002" id="VTR:PassengerStopAssignment:267630" version="1">
              <ScheduledStopPointRef ref="VTR:ScheduledStopPoint:267630" version="1"/>
              <QuayRef ref="VTR:Quay:19472"/>
            </PassengerStopAssignment>
          </stopAssignments>
          <journeyPatterns>
            <JourneyPattern id="VTR:JourneyPattern:403952" version="404173">
              <Name>1</Name>
              <RouteRef ref="VTR:Route:10958" version="1"/>
              <pointsInSequence>
                <StopPointInJourneyPattern id="VTR:StopPointInJourneyPattern:8058226" version="404173" order="1">
                  <ScheduledStopPointRef ref="VTR:ScheduledStopPoint:267625"/>
                  <ForAlighting>false</ForAlighting>
                  <DestinationDisplayRef ref="VTR:DestinationDisplay:1"/>
                </StopPointInJourneyPattern>
                <StopPointInJourneyPattern id="VTR:StopPointInJourneyPattern:8058227" version="404173" order="2">
                  <ScheduledStopPointRef ref="VTR:ScheduledStopPoint:267626"/>
                  <DestinationDisplayRef ref="VTR:DestinationDisplay:1"/>
                </StopPointInJourneyPattern>
                <StopPointInJourneyPattern id="VTR:StopPointInJourneyPattern:8058228" version="404173" order="3">
                  <ScheduledStopPointRef ref="VTR:ScheduledStopPoint:267627"/>
                  <ForBoarding>false</ForBoarding>
                  <DestinationDisplayRef ref="VTR:DestinationDisplay:1"/>
                </StopPointInJourneyPattern>
              </pointsInSequence>
            </JourneyPattern>
            <JourneyPattern id="VTR:JourneyPattern:403954" version="404175">
              <Name>2</Name>
              <RouteRef ref="VTR:Route:10959" version="1"/>
              <pointsInSequence>
                <StopPointInJourneyPattern id="VTR:StopPointInJourneyPattern:8058232" version="404175" order="1">
                  <ScheduledStopPointRef ref="VTR:ScheduledStopPoint:267628"/>
                  <ForAlighting>false</ForAlighting>
                  <DestinationDisplayRef ref="VTR:DestinationDisplay:1"/>
                </StopPointInJourneyPattern>
                <StopPointInJourneyPattern id="VTR:StopPointInJourneyPattern:8058233" version="404175" order="2">
                  <ScheduledStopPointRef ref="VTR:ScheduledStopPoint:267629"/>
                  <DestinationDisplayRef ref="VTR:DestinationDisplay:1"/>
                </StopPointInJourneyPattern>
                <StopPointInJourneyPattern id="VTR:StopPointInJourneyPattern:8058234" version="404175" order="3">
                  <ScheduledStopPointRef ref="VTR:ScheduledStopPoint:267630"/>
                  <ForBoarding>false</ForBoarding>
                  <DestinationDisplayRef ref="VTR:DestinationDisplay:1"/>
                </StopPointInJourneyPattern>
              </pointsInSequence>
            </JourneyPattern>
          </journeyPatterns>
        </ServiceFrame>
        <TimetableFrame version="1" id="VTR:TimetableFrame:1356">
          <vehicleJourneys>
            <ServiceJourney version="404175" id="VTR:ServiceJourney:403954">
              <Name>Biržų Laukas-Šilalė</Name>
              <PrivateCode>2</PrivateCode>
              <dayTypes>
                <DayTypeRef ref="VTR:DayType:6005"/>
              </dayTypes>
              <JourneyPatternRef version="404175" ref="VTR:JourneyPattern:403954"/>
              <OperatorRef ref="VTR:Operator:"/>
              <LineRef ref="VTR:Line:4051" version="4503"/>
              <passingTimes>
                <TimetabledPassingTime version="404175" id="VTR:TimetabledPassingTime:403954_8058232_1">
                  <StopPointInJourneyPatternRef ref="VTR:StopPointInJourneyPattern:8058232" version="404175"/>
                  <DepartureTime>07:43:00</DepartureTime>
                  <DepartureDayOffset>0</DepartureDayOffset>
                </TimetabledPassingTime>
                <TimetabledPassingTime version="404175" id="VTR:TimetabledPassingTime:403954_8058233_2">
                  <StopPointInJourneyPatternRef ref="VTR:StopPointInJourneyPattern:8058233" version="404175"/>
                  <DepartureTime>07:48:00</DepartureTime>
                  <DepartureDayOffset>0</DepartureDayOffset>
                </TimetabledPassingTime>
                <TimetabledPassingTime version="404175" id="VTR:TimetabledPassingTime:403954_8058234_3">
                  <StopPointInJourneyPatternRef ref="VTR:StopPointInJourneyPattern:8058234" version="404175"/>
                  <DepartureTime>07:50:00</DepartureTime>
                  <DepartureDayOffset>0</DepartureDayOffset>
                </TimetabledPassingTime>
              </passingTimes>
            </ServiceJourney>
            <ServiceJourney version="404173" id="VTR:ServiceJourney:403952">
              <Name>Šilalė-Biržų Laukas</Name>
              <PrivateCode>1</PrivateCode>
              <dayTypes>
                <DayTypeRef ref="VTR:DayType:6005"/>
              </dayTypes>
              <JourneyPatternRef version="404173" ref="VTR:JourneyPattern:403952"/>
              <OperatorRef ref="VTR:Operator:"/>
              <LineRef ref="VTR:Line:4051" version="4503"/>
              <passingTimes>
                <TimetabledPassingTime version="404173" id="VTR:TimetabledPassingTime:403952_8058226_1">
                  <StopPointInJourneyPatternRef ref="VTR:StopPointInJourneyPattern:8058226" version="404173"/>
                  <DepartureTime>07:35:00</DepartureTime>
                  <DepartureDayOffset>0</DepartureDayOffset>
                </TimetabledPassingTime>
                <TimetabledPassingTime version="404173" id="VTR:TimetabledPassingTime:403952_8058227_2">
                  <StopPointInJourneyPatternRef ref="VTR:StopPointInJourneyPattern:8058227" version="404173"/>
                  <DepartureTime>07:37:00</DepartureTime>
                  <DepartureDayOffset>0</DepartureDayOffset>
                </TimetabledPassingTime>
                <TimetabledPassingTime version="404173" id="VTR:TimetabledPassingTime:403952_8058228_3">
                  <StopPointInJourneyPatternRef ref="VTR:StopPointInJourneyPattern:8058228" version="404173"/>
                  <DepartureTime>07:42:00</DepartureTime>
                  <DepartureDayOffset>0</DepartureDayOffset>
                </TimetabledPassingTime>
              </passingTimes>
            </ServiceJourney>
          </vehicleJourneys>
        </TimetableFrame>
        <ResourceFrame version="1" id="VTR:ResourceFrame:1356">
          <organisations>
            <Authority version="1" id="VTR:Authority:38">
              <CompanyNumber>17623132</CompanyNumber>
              <Name>Šilalės r. sav.</Name>
              <LegalName>Šilalės r. sav.</LegalName>
              <ContactDetails>
                <Email>administratorius@silale.lt</Email>
                <Phone>844976114</Phone>
                <Url>www.silale.lt</Url>
              </ContactDetails>
              <OrganisationType>authority</OrganisationType>
            </Authority>
          </organisations>
        </ResourceFrame>
        <FareFrame id="VTR:FareFrame:4051" version="1">
          <FrameDefaults>
            <DefaultCurrency>EUR</DefaultCurrency>
          </FrameDefaults>
          <fareStructureElements>
            <FareStructureElement id="VTR:FareStructureElement:pricematrix" version="1">
              <distanceMatrixElements>
                <DistanceMatrixElementRef ref="VTR:DistanceMatrixElement:8058227to8058228" version="1"/>
                <DistanceMatrixElementRef ref="VTR:DistanceMatrixElement:8058232to8058233" version="1"/>
                <DistanceMatrixElementRef ref="VTR:DistanceMatrixElement:8058226to8058227" version="1"/>
                <DistanceMatrixElementRef ref="VTR:DistanceMatrixElement:8058226to8058228" version="1"/>
                <DistanceMatrixElementRef ref="VTR:DistanceMatrixElement:8058233to8058234" version="1"/>
                <DistanceMatrixElementRef ref="VTR:DistanceMatrixElement:8058232to8058234" version="1"/>
              </distanceMatrixElements>
            </FareStructureElement>
          </fareStructureElements>
          <tariffs>
            <Tariff id="VTR:Tariff:pointToPointInSeparateJourney_4051" version="1">
              <Name>Point to point tariff</Name>
              <distanceMatrixElements>
                <DistanceMatrixElement id="VTR:DistanceMatrixElement:8058227to8058228" version="1">
                  <Name>Struikai to Biržų laukas</Name>
                  <StartStopPointRef ref="VTR:ScheduledStopPoint:267626" version="1"/>
                  <EndStopPointRef ref="VTR:ScheduledStopPoint:267627" version="1"/>
                  <prices>
                    <DistanceMatrixElementPrice id="VTR:DistanceMatrixElementPrice:8058227to8058228" version="1">
                      <Amount>0.9</Amount>
                      <DistanceMatrixElementRef ref="VTR:DistanceMatrixElement:8058227to8058228" version="1"/>
                    </DistanceMatrixElementPrice>
                  </prices>
                </DistanceMatrixElement>
                <DistanceMatrixElement id="VTR:DistanceMatrixElement:8058232to8058233" version="1">
                  <Name>Biržų laukas to Struikai</Name>
                  <StartStopPointRef ref="VTR:ScheduledStopPoint:267628" version="1"/>
                  <EndStopPointRef ref="VTR:ScheduledStopPoint:267629" version="1"/>
                  <prices>
                    <DistanceMatrixElementPrice id="VTR:DistanceMatrixElementPrice:8058232to8058233" version="1">
                      <Amount>0.9</Amount>
                      <DistanceMatrixElementRef ref="VTR:DistanceMatrixElement:8058232to8058233" version="1"/>
                    </DistanceMatrixElementPrice>
                  </prices>
                </DistanceMatrixElement>
                <DistanceMatrixElement id="VTR:DistanceMatrixElement:8058226to8058227" version="1">
                  <Name>Šilalės autobusų stotis to Struikai</Name>
                  <StartStopPointRef ref="VTR:ScheduledStopPoint:267625" version="1"/>
                  <EndStopPointRef ref="VTR:ScheduledStopPoint:267626" version="1"/>
                  <prices>
                    <DistanceMatrixElementPrice id="VTR:DistanceMatrixElementPrice:8058226to8058227" version="1">
                      <Amount>0.6</Amount>
                      <DistanceMatrixElementRef ref="VTR:DistanceMatrixElement:8058226to8058227" version="1"/>
                    </DistanceMatrixElementPrice>
                  </prices>
                </DistanceMatrixElement>
                <DistanceMatrixElement id="VTR:DistanceMatrixElement:8058226to8058228" version="1">
                  <Name>Šilalės autobusų stotis to Biržų laukas</Name>
                  <StartStopPointRef ref="VTR:ScheduledStopPoint:267625" version="1"/>
                  <EndStopPointRef ref="VTR:ScheduledStopPoint:267627" version="1"/>
                  <prices>
                    <DistanceMatrixElementPrice id="VTR:DistanceMatrixElementPrice:8058226to8058228" version="1">
                      <Amount>1.4</Amount>
                      <DistanceMatrixElementRef ref="VTR:DistanceMatrixElement:8058226to8058228" version="1"/>
                    </DistanceMatrixElementPrice>
                  </prices>
                </DistanceMatrixElement>
                <DistanceMatrixElement id="VTR:DistanceMatrixElement:8058233to8058234" version="1">
                  <Name>Struikai to Šilalės autobusų stotis</Name>
                  <StartStopPointRef ref="VTR:ScheduledStopPoint:267629" version="1"/>
                  <EndStopPointRef ref="VTR:ScheduledStopPoint:267630" version="1"/>
                  <prices>
                    <DistanceMatrixElementPrice id="VTR:DistanceMatrixElementPrice:8058233to8058234" version="1">
                      <Amount>0.6</Amount>
                      <DistanceMatrixElementRef ref="VTR:DistanceMatrixElement:8058233to8058234" version="1"/>
                    </DistanceMatrixElementPrice>
                  </prices>
                </DistanceMatrixElement>
                <DistanceMatrixElement id="VTR:DistanceMatrixElement:8058232to8058234" version="1">
                  <Name>Biržų laukas to Šilalės autobusų stotis</Name>
                  <StartStopPointRef ref="VTR:ScheduledStopPoint:267628" version="1"/>
                  <EndStopPointRef ref="VTR:ScheduledStopPoint:267630" version="1"/>
                  <prices>
                    <DistanceMatrixElementPrice id="VTR:DistanceMatrixElementPrice:8058232to8058234" version="1">
                      <Amount>1.4</Amount>
                      <DistanceMatrixElementRef ref="VTR:DistanceMatrixElement:8058232to8058234" version="1"/>
                    </DistanceMatrixElementPrice>
                  </prices>
                </DistanceMatrixElement>
              </distanceMatrixElements>
            </Tariff>
          </tariffs>
          <usageParameters>
            <FrequencyOfUse id="VTR:FrequencyOfUse:oneTrip" version="1">
              <FrequencyOfUseType>unlimited</FrequencyOfUseType>
              <MaximalFrequency>1</MaximalFrequency>
            </FrequencyOfUse>
          </usageParameters>
        </FareFrame>
      </frames>
    </CompositeFrame>
  </dataObjects>
</PublicationDelivery>
