<?xml version="1.0" encoding="UTF-8"?><PublicationDelivery xmlns="http://www.netex.org.uk/netex" xmlns:gis="http://www.opengis.net/gml/3.2" xmlns:ns2="http://www.opengis.net/gml/3.2" xmlns:ns3="http://www.siri.org.uk/siri" xmlns:xsi="http://www.w3.org/2001/XMLSchema-instance" version="1" xsi:schemaLocation="">
  <PublicationTimestamp>2022-05-07T01:15:00.256</PublicationTimestamp>
  <ParticipantRef>VTR</ParticipantRef>
  <Description>1</Description>
  <dataObjects>
    <CompositeFrame created="2022-05-07T01:15:00.256" version="1" id="VTR:CompositeFrame:1356">
      <validityConditions>
        <AvailabilityCondition version="1" id="VTR:AvailabilityCondition:1356">
          <FromDate>2015-09-07T14:14:07</FromDate>
          <ToDate>2027-12-30T00:00:00</ToDate>
        </AvailabilityCondition>
      </validityConditions>
      <codespaces>
        <Codespace id="vtr">
          <Xmlns>VTR</Xmlns>
          <XmlnsUrl>http://www.visimarsrutai.lt/</XmlnsUrl>
        </Codespace>
      </codespaces>
      <FrameDefaults>
        <DefaultLocale>
          <TimeZone>Europe/Vilnius</TimeZone>
        </DefaultLocale>
        <DefaultLocationSystem>WGS84</DefaultLocationSystem>
      </FrameDefaults>
      <frames>
        <ServiceCalendarFrame version="1" id="VTR:ServiceCalendarFrame:1356">
          <dayTypes>
            <DayType id="VTR:DayType:6005" version="1">
              <properties>
                <PropertyOfDay>
                  <DaysOfWeek>Monday Tuesday Wednesday Thursday Friday</DaysOfWeek>
                </PropertyOfDay>
              </properties>
            </DayType>
          </dayTypes>
          <operatingPeriods>
            <OperatingPeriod version="1" id="VTR:OperatingPeriod:6005">
              <FromDate>2020-01-01T00:00:00</FromDate>
              <ToDate>2021-12-31T00:00:00</ToDate>
            </OperatingPeriod>
          </operatingPeriods>
          <dayTypeAssignments>
            <DayTypeAssignment id="VTR:DayTypeAssignment:6005_0" version="1" order="3441">
              <OperatingPeriodRef ref="VTR:OperatingPeriod:6005" version="1"/>
              <DayTypeRef ref="VTR:DayType:6005" version="1"/>
            </DayTypeAssignment>
          </dayTypeAssignments>
        </ServiceCalendarFrame>
        <ServiceFrame id="VTR:ServiceFrame:1356" version="1">
          <Network version="0" id="VTR:Network:38"/>
          <routePoints>
            <RoutePoint version="1" id="VTR:RoutePoint:88239">
              <projections>
                <PointProjection version="1" id="VTR:PointProjection:27760">
                  <ProjectedPointRef ref="VTR:ScheduledStopPoint:88239" version="1"/>
                </PointProjection>
              </projections>
            </RoutePoint>
            <RoutePoint version="1" id="VTR:RoutePoint:88240">
              <projections>
                <PointProjection version="1" id="VTR:PointProjection:27761">
                  <ProjectedPointRef ref="VTR:ScheduledStopPoint:88240" version="1"/>
                </PointProjection>
              </projections>
            </RoutePoint>
            <RoutePoint version="1" id="VTR:RoutePoint:88241">
              <projections>
                <PointProjection version="1" id="VTR:PointProjection:27762">
                  <ProjectedPointRef ref="VTR:ScheduledStopPoint:88241" version="1"/>
                </PointProjection>
              </projections>
            </RoutePoint>
            <RoutePoint version="1" id="VTR:RoutePoint:88242">
              <projections>
                <PointProjection version="1" id="VTR:PointProjection:27763">
                  <ProjectedPointRef ref="VTR:ScheduledStopPoint:88242" version="1"/>
                </PointProjection>
              </projections>
            </RoutePoint>
            <RoutePoint version="1" id="VTR:RoutePoint:88243">
              <projections>
                <PointProjection version="1" id="VTR:PointProjection:27764">
                  <ProjectedPointRef ref="VTR:ScheduledStopPoint:88243" version="1"/>
                </PointProjection>
              </projections>
            </RoutePoint>
            <RoutePoint version="1" id="VTR:RoutePoint:88244">
              <projections>
                <PointProjection version="1" id="VTR:PointProjection:27765">
                  <ProjectedPointRef ref="VTR:ScheduledStopPoint:88244" version="1"/>
                </PointProjection>
              </projections>
            </RoutePoint>
          </routePoints>
          <routes>
            <Route version="1" id="VTR:Route:5281">
              <Name>Šilalė-Bokštai-Traksėdis-Šilalė</Name>
              <ShortName>Šilalė-Bokštai-Traksėdis-Šilalė</ShortName>
              <LineRef ref="VTR:Line:2080" version="2103"/>
              <DirectionType>outbound</DirectionType>
              <pointsInSequence>
                <PointOnRoute version="1" id="VTR:PointOnRoute:88239" order="1">
                  <RoutePointRef ref="VTR:RoutePoint:88239"/>
                </PointOnRoute>
                <PointOnRoute version="1" id="VTR:PointOnRoute:88242" order="2">
                  <RoutePointRef ref="VTR:RoutePoint:88242"/>
                </PointOnRoute>
                <PointOnRoute version="1" id="VTR:PointOnRoute:88243" order="3">
                  <RoutePointRef ref="VTR:RoutePoint:88243"/>
                </PointOnRoute>
                <PointOnRoute version="1" id="VTR:PointOnRoute:88241" order="4">
                  <RoutePointRef ref="VTR:RoutePoint:88241"/>
                </PointOnRoute>
                <PointOnRoute version="1" id="VTR:PointOnRoute:88240" order="5">
                  <RoutePointRef ref="VTR:RoutePoint:88240"/>
                </PointOnRoute>
                <PointOnRoute version="1" id="VTR:PointOnRoute:88244" order="6">
                  <RoutePointRef ref="VTR:RoutePoint:88244"/>
                </PointOnRoute>
              </pointsInSequence>
            </Route>
          </routes>
          <lines>
            <Line version="2103" id="VTR:Line:2080">
              <Name>Šilalė-Bokštai-Traksėdis-Šilalė</Name>
              <TransportMode>bus</TransportMode>
              <TransportSubmode>
                <BusSubmode>regionalBus</BusSubmode>
              </TransportSubmode>
              <PublicCode>251</PublicCode>
              <OperatorRef ref="VTR:Operator:38"/>
            </Line>
          </lines>
          <scheduledStopPoints>
            <ScheduledStopPoint version="1" id="VTR:ScheduledStopPoint:88239">
              <Name>Šilalės autobusų stotis</Name>
            </ScheduledStopPoint>
            <ScheduledStopPoint version="1" id="VTR:ScheduledStopPoint:88240">
              <Name>Sodas, Šilalė</Name>
            </ScheduledStopPoint>
            <ScheduledStopPoint version="1" id="VTR:ScheduledStopPoint:88241">
              <Name>Leviškiai</Name>
            </ScheduledStopPoint>
            <ScheduledStopPoint version="1" id="VTR:ScheduledStopPoint:88242">
              <Name>Bokštai</Name>
            </ScheduledStopPoint>
            <ScheduledStopPoint version="1" id="VTR:ScheduledStopPoint:88243">
              <Name>Traksėdis</Name>
            </ScheduledStopPoint>
            <ScheduledStopPoint version="1" id="VTR:ScheduledStopPoint:88244">
              <Name>Šilalės autobusų stotis</Name>
            </ScheduledStopPoint>
          </scheduledStopPoints>
          <serviceLinks>
            <ServiceLink id="VTR:ServiceLink:88242_1_88243_1" version="1">
              <Distance>3</Distance>
              <FromPointRef ref="VTR:ScheduledStopPoint:88242" version="1"/>
              <ToPointRef ref="VTR:ScheduledStopPoint:88243" version="1"/>
            </ServiceLink>
            <ServiceLink id="VTR:ServiceLink:88243_1_88241_1" version="1">
              <Distance>2</Distance>
              <FromPointRef ref="VTR:ScheduledStopPoint:88243" version="1"/>
              <ToPointRef ref="VTR:ScheduledStopPoint:88241" version="1"/>
            </ServiceLink>
            <ServiceLink id="VTR:ServiceLink:88241_1_88240_1" version="1">
              <Distance>5</Distance>
              <FromPointRef ref="VTR:ScheduledStopPoint:88241" version="1"/>
              <ToPointRef ref="VTR:ScheduledStopPoint:88240" version="1"/>
            </ServiceLink>
            <ServiceLink id="VTR:ServiceLink:88239_1_88242_1" version="1">
              <Distance>8</Distance>
              <FromPointRef ref="VTR:ScheduledStopPoint:88239" version="1"/>
              <ToPointRef ref="VTR:ScheduledStopPoint:88242" version="1"/>
            </ServiceLink>
            <ServiceLink id="VTR:ServiceLink:88240_1_88244_1" version="1">
              <Distance>1</Distance>
              <FromPointRef ref="VTR:ScheduledStopPoint:88240" version="1"/>
              <ToPointRef ref="VTR:ScheduledStopPoint:88244" version="1"/>
            </ServiceLink>
          </serviceLinks>
          <stopAssignments>
            <PassengerStopAssignment order="528100000" id="VTR:PassengerStopAssignment:88239" version="1">
              <ScheduledStopPointRef ref="VTR:ScheduledStopPoint:88239" version="1"/>
              <QuayRef ref="VTR:Quay:19472"/>
            </PassengerStopAssignment>
            <PassengerStopAssignment order="528100001" id="VTR:PassengerStopAssignment:88242" version="1">
              <ScheduledStopPointRef ref="VTR:ScheduledStopPoint:88242" version="1"/>
              <QuayRef ref="VTR:Quay:22127"/>
            </PassengerStopAssignment>
            <PassengerStopAssignment order="528100002" id="VTR:PassengerStopAssignment:88243" version="1">
              <ScheduledStopPointRef ref="VTR:ScheduledStopPoint:88243" version="1"/>
              <QuayRef ref="VTR:Quay:13854"/>
            </PassengerStopAssignment>
            <PassengerStopAssignment order="528100003" id="VTR:PassengerStopAssignment:88241" version="1">
              <ScheduledStopPointRef ref="VTR:ScheduledStopPoint:88241" version="1"/>
              <QuayRef ref="VTR:Quay:21873"/>
            </PassengerStopAssignment>
            <PassengerStopAssignment order="528100004" id="VTR:PassengerStopAssignment:88240" version="1">
              <ScheduledStopPointRef ref="VTR:ScheduledStopPoint:88240" version="1"/>
              <QuayRef ref="VTR:Quay:21871"/>
            </PassengerStopAssignment>
            <PassengerStopAssignment order="528100005" id="VTR:PassengerStopAssignment:88244" version="1">
              <ScheduledStopPointRef ref="VTR:ScheduledStopPoint:88244" version="1"/>
              <QuayRef ref="VTR:Quay:19472"/>
            </PassengerStopAssignment>
          </stopAssignments>
          <journeyPatterns>
            <JourneyPattern id="VTR:JourneyPattern:403946" version="404167">
              <Name>1</Name>
              <RouteRef ref="VTR:Route:5281" version="1"/>
              <pointsInSequence>
                <StopPointInJourneyPattern id="VTR:StopPointInJourneyPattern:8058180" version="404167" order="1">
                  <ScheduledStopPointRef ref="VTR:ScheduledStopPoint:88239"/>
                  <ForAlighting>false</ForAlighting>
                  <DestinationDisplayRef ref="VTR:DestinationDisplay:1"/>
                </StopPointInJourneyPattern>
                <StopPointInJourneyPattern id="VTR:StopPointInJourneyPattern:8058181" version="404167" order="2">
                  <ScheduledStopPointRef ref="VTR:ScheduledStopPoint:88242"/>
                  <DestinationDisplayRef ref="VTR:DestinationDisplay:1"/>
                </StopPointInJourneyPattern>
                <StopPointInJourneyPattern id="VTR:StopPointInJourneyPattern:8058182" version="404167" order="3">
                  <ScheduledStopPointRef ref="VTR:ScheduledStopPoint:88243"/>
                  <DestinationDisplayRef ref="VTR:DestinationDisplay:1"/>
                </StopPointInJourneyPattern>
                <StopPointInJourneyPattern id="VTR:StopPointInJourneyPattern:8058183" version="404167" order="4">
                  <ScheduledStopPointRef ref="VTR:ScheduledStopPoint:88241"/>
                  <DestinationDisplayRef ref="VTR:DestinationDisplay:1"/>
                </StopPointInJourneyPattern>
                <StopPointInJourneyPattern id="VTR:StopPointInJourneyPattern:8058184" version="404167" order="5">
                  <ScheduledStopPointRef ref="VTR:ScheduledStopPoint:88240"/>
                  <DestinationDisplayRef ref="VTR:DestinationDisplay:1"/>
                </StopPointInJourneyPattern>
                <StopPointInJourneyPattern id="VTR:StopPointInJourneyPattern:8058185" version="404167" order="6">
                  <ScheduledStopPointRef ref="VTR:ScheduledStopPoint:88244"/>
                  <ForBoarding>false</ForBoarding>
                  <DestinationDisplayRef ref="VTR:DestinationDisplay:1"/>
                </StopPointInJourneyPattern>
              </pointsInSequence>
            </JourneyPattern>
          </journeyPatterns>
        </ServiceFrame>
        <TimetableFrame version="1" id="VTR:TimetableFrame:1356">
          <vehicleJourneys>
            <ServiceJourney version="404167" id="VTR:ServiceJourney:403946">
              <Name>Šilalė-Bokštai-Traksėdis-Šilalė</Name>
              <PrivateCode>1</PrivateCode>
              <dayTypes>
                <DayTypeRef ref="VTR:DayType:6005"/>
              </dayTypes>
              <JourneyPatternRef version="404167" ref="VTR:JourneyPattern:403946"/>
              <OperatorRef ref="VTR:Operator:522"/>
              <LineRef ref="VTR:Line:2080" version="2103"/>
              <passingTimes>
                <TimetabledPassingTime version="404167" id="VTR:TimetabledPassingTime:403946_8058180_1">
                  <StopPointInJourneyPatternRef ref="VTR:StopPointInJourneyPattern:8058180" version="404167"/>
                  <DepartureTime>07:10:00</DepartureTime>
                  <DepartureDayOffset>0</DepartureDayOffset>
                </TimetabledPassingTime>
                <TimetabledPassingTime version="404167" id="VTR:TimetabledPassingTime:403946_8058181_2">
                  <StopPointInJourneyPatternRef ref="VTR:StopPointInJourneyPattern:8058181" version="404167"/>
                  <DepartureTime>07:25:00</DepartureTime>
                  <DepartureDayOffset>0</DepartureDayOffset>
                </TimetabledPassingTime>
                <TimetabledPassingTime version="404167" id="VTR:TimetabledPassingTime:403946_8058182_3">
                  <StopPointInJourneyPatternRef ref="VTR:StopPointInJourneyPattern:8058182" version="404167"/>
                  <DepartureTime>07:32:00</DepartureTime>
                  <DepartureDayOffset>0</DepartureDayOffset>
                </TimetabledPassingTime>
                <TimetabledPassingTime version="404167" id="VTR:TimetabledPassingTime:403946_8058183_4">
                  <StopPointInJourneyPatternRef ref="VTR:StopPointInJourneyPattern:8058183" version="404167"/>
                  <DepartureTime>07:40:00</DepartureTime>
                  <DepartureDayOffset>0</DepartureDayOffset>
                </TimetabledPassingTime>
                <TimetabledPassingTime version="404167" id="VTR:TimetabledPassingTime:403946_8058184_5">
                  <StopPointInJourneyPatternRef ref="VTR:StopPointInJourneyPattern:8058184" version="404167"/>
                  <DepartureTime>07:43:00</DepartureTime>
                  <DepartureDayOffset>0</DepartureDayOffset>
                </TimetabledPassingTime>
                <TimetabledPassingTime version="404167" id="VTR:TimetabledPassingTime:403946_8058185_6">
                  <StopPointInJourneyPatternRef ref="VTR:StopPointInJourneyPattern:8058185" version="404167"/>
                  <DepartureTime>07:55:00</DepartureTime>
                  <DepartureDayOffset>0</DepartureDayOffset>
                </TimetabledPassingTime>
              </passingTimes>
            </ServiceJourney>
          </vehicleJourneys>
        </TimetableFrame>
        <ResourceFrame version="1" id="VTR:ResourceFrame:1356">
          <organisations>
            <Authority version="1" id="VTR:Authority:38">
              <CompanyNumber>17623132</CompanyNumber>
              <Name>Šilalės r. sav.</Name>
              <LegalName>Šilalės r. sav.</LegalName>
              <ContactDetails>
                <Email>administratorius@silale.lt</Email>
                <Phone>844976114</Phone>
                <Url>www.silale.lt</Url>
              </ContactDetails>
              <OrganisationType>authority</OrganisationType>
            </Authority>
          </organisations>
        </ResourceFrame>
        <FareFrame id="VTR:FareFrame:2080" version="1">
          <FrameDefaults>
            <DefaultCurrency>EUR</DefaultCurrency>
          </FrameDefaults>
          <fareStructureElements>
            <FareStructureElement id="VTR:FareStructureElement:pricematrix" version="1">
              <distanceMatrixElements>
                <DistanceMatrixElementRef ref="VTR:DistanceMatrixElement:8058180to8058181" version="1"/>
                <DistanceMatrixElementRef ref="VTR:DistanceMatrixElement:8058182to8058185" version="1"/>
                <DistanceMatrixElementRef ref="VTR:DistanceMatrixElement:8058181to8058184" version="1"/>
                <DistanceMatrixElementRef ref="VTR:DistanceMatrixElement:8058184to8058185" version="1"/>
                <DistanceMatrixElementRef ref="VTR:DistanceMatrixElement:8058180to8058183" version="1"/>
                <DistanceMatrixElementRef ref="VTR:DistanceMatrixElement:8058182to8058183" version="1"/>
                <DistanceMatrixElementRef ref="VTR:DistanceMatrixElement:8058181to8058182" version="1"/>
                <DistanceMatrixElementRef ref="VTR:DistanceMatrixElement:8058181to8058183" version="1"/>
                <DistanceMatrixElementRef ref="VTR:DistanceMatrixElement:8058180to8058182" version="1"/>
                <DistanceMatrixElementRef ref="VTR:DistanceMatrixElement:8058183to8058185" version="1"/>
                <DistanceMatrixElementRef ref="VTR:DistanceMatrixElement:8058180to8058184" version="1"/>
                <DistanceMatrixElementRef ref="VTR:DistanceMatrixElement:8058180to8058185" version="1"/>
                <DistanceMatrixElementRef ref="VTR:DistanceMatrixElement:8058181to8058185" version="1"/>
                <DistanceMatrixElementRef ref="VTR:DistanceMatrixElement:8058182to8058184" version="1"/>
                <DistanceMatrixElementRef ref="VTR:DistanceMatrixElement:8058183to8058184" version="1"/>
              </distanceMatrixElements>
            </FareStructureElement>
          </fareStructureElements>
          <tariffs>
            <Tariff id="VTR:Tariff:pointToPointInSeparateJourney_2080" version="1">
              <Name>Point to point tariff</Name>
              <distanceMatrixElements>
                <DistanceMatrixElement id="VTR:DistanceMatrixElement:8058180to8058181" version="1">
                  <Name>Šilalės autobusų stotis to Bokštai</Name>
                  <StartStopPointRef ref="VTR:ScheduledStopPoint:88239" version="1"/>
                  <EndStopPointRef ref="VTR:ScheduledStopPoint:88242" version="1"/>
                  <prices>
                    <DistanceMatrixElementPrice id="VTR:DistanceMatrixElementPrice:8058180to8058181" version="1">
                      <Amount>4.7</Amount>
                      <DistanceMatrixElementRef ref="VTR:DistanceMatrixElement:8058180to8058181" version="1"/>
                    </DistanceMatrixElementPrice>
                  </prices>
                </DistanceMatrixElement>
                <DistanceMatrixElement id="VTR:DistanceMatrixElement:8058182to8058185" version="1">
                  <Name>Traksėdis to Šilalės autobusų stotis</Name>
                  <StartStopPointRef ref="VTR:ScheduledStopPoint:88243" version="1"/>
                  <EndStopPointRef ref="VTR:ScheduledStopPoint:88244" version="1"/>
                  <prices>
                    <DistanceMatrixElementPrice id="VTR:DistanceMatrixElementPrice:8058182to8058185" version="1">
                      <Amount>3.0</Amount>
                      <DistanceMatrixElementRef ref="VTR:DistanceMatrixElement:8058182to8058185" version="1"/>
                    </DistanceMatrixElementPrice>
                  </prices>
                </DistanceMatrixElement>
                <DistanceMatrixElement id="VTR:DistanceMatrixElement:8058181to8058184" version="1">
                  <Name>Bokštai to Sodas, Šilalė</Name>
                  <StartStopPointRef ref="VTR:ScheduledStopPoint:88242" version="1"/>
                  <EndStopPointRef ref="VTR:ScheduledStopPoint:88240" version="1"/>
                  <prices>
                    <DistanceMatrixElementPrice id="VTR:DistanceMatrixElementPrice:8058181to8058184" version="1">
                      <Amount>1.9</Amount>
                      <DistanceMatrixElementRef ref="VTR:DistanceMatrixElement:8058181to8058184" version="1"/>
                    </DistanceMatrixElementPrice>
                  </prices>
                </DistanceMatrixElement>
                <DistanceMatrixElement id="VTR:DistanceMatrixElement:8058184to8058185" version="1">
                  <Name>Sodas, Šilalė to Šilalės autobusų stotis</Name>
                  <StartStopPointRef ref="VTR:ScheduledStopPoint:88240" version="1"/>
                  <EndStopPointRef ref="VTR:ScheduledStopPoint:88244" version="1"/>
                  <prices>
                    <DistanceMatrixElementPrice id="VTR:DistanceMatrixElementPrice:8058184to8058185" version="1">
                      <Amount>2.0</Amount>
                      <DistanceMatrixElementRef ref="VTR:DistanceMatrixElement:8058184to8058185" version="1"/>
                    </DistanceMatrixElementPrice>
                  </prices>
                </DistanceMatrixElement>
                <DistanceMatrixElement id="VTR:DistanceMatrixElement:8058180to8058183" version="1">
                  <Name>Šilalės autobusų stotis to Leviškiai</Name>
                  <StartStopPointRef ref="VTR:ScheduledStopPoint:88239" version="1"/>
                  <EndStopPointRef ref="VTR:ScheduledStopPoint:88241" version="1"/>
                  <prices>
                    <DistanceMatrixElementPrice id="VTR:DistanceMatrixElementPrice:8058180to8058183" version="1">
                      <Amount>6.4</Amount>
                      <DistanceMatrixElementRef ref="VTR:DistanceMatrixElement:8058180to8058183" version="1"/>
                    </DistanceMatrixElementPrice>
                  </prices>
                </DistanceMatrixElement>
                <DistanceMatrixElement id="VTR:DistanceMatrixElement:8058182to8058183" version="1">
                  <Name>Traksėdis to Leviškiai</Name>
                  <StartStopPointRef ref="VTR:ScheduledStopPoint:88243" version="1"/>
                  <EndStopPointRef ref="VTR:ScheduledStopPoint:88241" version="1"/>
                  <prices>
                    <DistanceMatrixElementPrice id="VTR:DistanceMatrixElementPrice:8058182to8058183" version="1">
                      <Amount>0.7</Amount>
                      <DistanceMatrixElementRef ref="VTR:DistanceMatrixElement:8058182to8058183" version="1"/>
                    </DistanceMatrixElementPrice>
                  </prices>
                </DistanceMatrixElement>
                <DistanceMatrixElement id="VTR:DistanceMatrixElement:8058181to8058182" version="1">
                  <Name>Bokštai to Traksėdis</Name>
                  <StartStopPointRef ref="VTR:ScheduledStopPoint:88242" version="1"/>
                  <EndStopPointRef ref="VTR:ScheduledStopPoint:88243" version="1"/>
                  <prices>
                    <DistanceMatrixElementPrice id="VTR:DistanceMatrixElementPrice:8058181to8058182" version="1">
                      <Amount>1.0</Amount>
                      <DistanceMatrixElementRef ref="VTR:DistanceMatrixElement:8058181to8058182" version="1"/>
                    </DistanceMatrixElementPrice>
                  </prices>
                </DistanceMatrixElement>
                <DistanceMatrixElement id="VTR:DistanceMatrixElement:8058181to8058183" version="1">
                  <Name>Bokštai to Leviškiai</Name>
                  <StartStopPointRef ref="VTR:ScheduledStopPoint:88242" version="1"/>
                  <EndStopPointRef ref="VTR:ScheduledStopPoint:88241" version="1"/>
                  <prices>
                    <DistanceMatrixElementPrice id="VTR:DistanceMatrixElementPrice:8058181to8058183" version="1">
                      <Amount>1.7</Amount>
                      <DistanceMatrixElementRef ref="VTR:DistanceMatrixElement:8058181to8058183" version="1"/>
                    </DistanceMatrixElementPrice>
                  </prices>
                </DistanceMatrixElement>
                <DistanceMatrixElement id="VTR:DistanceMatrixElement:8058180to8058182" version="1">
                  <Name>Šilalės autobusų stotis to Traksėdis</Name>
                  <StartStopPointRef ref="VTR:ScheduledStopPoint:88239" version="1"/>
                  <EndStopPointRef ref="VTR:ScheduledStopPoint:88243" version="1"/>
                  <prices>
                    <DistanceMatrixElementPrice id="VTR:DistanceMatrixElementPrice:8058180to8058182" version="1">
                      <Amount>5.7</Amount>
                      <DistanceMatrixElementRef ref="VTR:DistanceMatrixElement:8058180to8058182" version="1"/>
                    </DistanceMatrixElementPrice>
                  </prices>
                </DistanceMatrixElement>
                <DistanceMatrixElement id="VTR:DistanceMatrixElement:8058183to8058185" version="1">
                  <Name>Leviškiai to Šilalės autobusų stotis</Name>
                  <StartStopPointRef ref="VTR:ScheduledStopPoint:88241" version="1"/>
                  <EndStopPointRef ref="VTR:ScheduledStopPoint:88244" version="1"/>
                  <prices>
                    <DistanceMatrixElementPrice id="VTR:DistanceMatrixElementPrice:8058183to8058185" version="1">
                      <Amount>2.2</Amount>
                      <DistanceMatrixElementRef ref="VTR:DistanceMatrixElement:8058183to8058185" version="1"/>
                    </DistanceMatrixElementPrice>
                  </prices>
                </DistanceMatrixElement>
                <DistanceMatrixElement id="VTR:DistanceMatrixElement:8058180to8058184" version="1">
                  <Name>Šilalės autobusų stotis to Sodas, Šilalė</Name>
                  <StartStopPointRef ref="VTR:ScheduledStopPoint:88239" version="1"/>
                  <EndStopPointRef ref="VTR:ScheduledStopPoint:88240" version="1"/>
                  <prices>
                    <DistanceMatrixElementPrice id="VTR:DistanceMatrixElementPrice:8058180to8058184" version="1">
                      <Amount>6.6</Amount>
                      <DistanceMatrixElementRef ref="VTR:DistanceMatrixElement:8058180to8058184" version="1"/>
                    </DistanceMatrixElementPrice>
                  </prices>
                </DistanceMatrixElement>
                <DistanceMatrixElement id="VTR:DistanceMatrixElement:8058180to8058185" version="1">
                  <Name>Šilalės autobusų stotis to Šilalės autobusų stotis</Name>
                  <StartStopPointRef ref="VTR:ScheduledStopPoint:88239" version="1"/>
                  <EndStopPointRef ref="VTR:ScheduledStopPoint:88244" version="1"/>
                  <prices>
                    <DistanceMatrixElementPrice id="VTR:DistanceMatrixElementPrice:8058180to8058185" version="1">
                      <Amount>8.6</Amount>
                      <DistanceMatrixElementRef ref="VTR:DistanceMatrixElement:8058180to8058185" version="1"/>
                    </DistanceMatrixElementPrice>
                  </prices>
                </DistanceMatrixElement>
                <DistanceMatrixElement id="VTR:DistanceMatrixElement:8058181to8058185" version="1">
                  <Name>Bokštai to Šilalės autobusų stotis</Name>
                  <StartStopPointRef ref="VTR:ScheduledStopPoint:88242" version="1"/>
                  <EndStopPointRef ref="VTR:ScheduledStopPoint:88244" version="1"/>
                  <prices>
                    <DistanceMatrixElementPrice id="VTR:DistanceMatrixElementPrice:8058181to8058185" version="1">
                      <Amount>3.9</Amount>
                      <DistanceMatrixElementRef ref="VTR:DistanceMatrixElement:8058181to8058185" version="1"/>
                    </DistanceMatrixElementPrice>
                  </prices>
                </DistanceMatrixElement>
                <DistanceMatrixElement id="VTR:DistanceMatrixElement:8058182to8058184" version="1">
                  <Name>Traksėdis to Sodas, Šilalė</Name>
                  <StartStopPointRef ref="VTR:ScheduledStopPoint:88243" version="1"/>
                  <EndStopPointRef ref="VTR:ScheduledStopPoint:88240" version="1"/>
                  <prices>
                    <DistanceMatrixElementPrice id="VTR:DistanceMatrixElementPrice:8058182to8058184" version="1">
                      <Amount>1.0</Amount>
                      <DistanceMatrixElementRef ref="VTR:DistanceMatrixElement:8058182to8058184" version="1"/>
                    </DistanceMatrixElementPrice>
                  </prices>
                </DistanceMatrixElement>
                <DistanceMatrixElement id="VTR:DistanceMatrixElement:8058183to8058184" version="1">
                  <Name>Leviškiai to Sodas, Šilalė</Name>
                  <StartStopPointRef ref="VTR:ScheduledStopPoint:88241" version="1"/>
                  <EndStopPointRef ref="VTR:ScheduledStopPoint:88240" version="1"/>
                  <prices>
                    <DistanceMatrixElementPrice id="VTR:DistanceMatrixElementPrice:8058183to8058184" version="1">
                      <Amount>0.5</Amount>
                      <DistanceMatrixElementRef ref="VTR:DistanceMatrixElement:8058183to8058184" version="1"/>
                    </DistanceMatrixElementPrice>
                  </prices>
                </DistanceMatrixElement>
              </distanceMatrixElements>
            </Tariff>
          </tariffs>
          <usageParameters>
            <FrequencyOfUse id="VTR:FrequencyOfUse:oneTrip" version="1">
              <FrequencyOfUseType>unlimited</FrequencyOfUseType>
              <MaximalFrequency>1</MaximalFrequency>
            </FrequencyOfUse>
          </usageParameters>
        </FareFrame>
      </frames>
    </CompositeFrame>
  </dataObjects>
</PublicationDelivery>
