<?xml version="1.0" encoding="UTF-8"?><PublicationDelivery xmlns="http://www.netex.org.uk/netex" xmlns:gis="http://www.opengis.net/gml/3.2" xmlns:ns2="http://www.opengis.net/gml/3.2" xmlns:ns3="http://www.siri.org.uk/siri" xmlns:xsi="http://www.w3.org/2001/XMLSchema-instance" version="1" xsi:schemaLocation="">
  <PublicationTimestamp>2022-05-07T00:50:00.296</PublicationTimestamp>
  <ParticipantRef>VTR</ParticipantRef>
  <Description>1</Description>
  <dataObjects>
    <CompositeFrame created="2022-05-07T00:50:00.296" version="1" id="VTR:CompositeFrame:1351">
      <validityConditions>
        <AvailabilityCondition version="1" id="VTR:AvailabilityCondition:1351">
          <FromDate>2019-11-10T00:22:20</FromDate>
          <ToDate>2027-12-30T00:00:00</ToDate>
        </AvailabilityCondition>
      </validityConditions>
      <codespaces>
        <Codespace id="vtr">
          <Xmlns>VTR</Xmlns>
          <XmlnsUrl>http://www.visimarsrutai.lt/</XmlnsUrl>
        </Codespace>
      </codespaces>
      <FrameDefaults>
        <DefaultLocale>
          <TimeZone>Europe/Vilnius</TimeZone>
        </DefaultLocale>
        <DefaultLocationSystem>WGS84</DefaultLocationSystem>
      </FrameDefaults>
      <frames>
        <ServiceCalendarFrame version="1" id="VTR:ServiceCalendarFrame:1351">
          <dayTypes>
            <DayType id="VTR:DayType:26567" version="1">
              <properties>
                <PropertyOfDay>
                  <DaysOfWeek>Weekdays</DaysOfWeek>
                </PropertyOfDay>
              </properties>
            </DayType>
          </dayTypes>
          <operatingPeriods>
            <OperatingPeriod version="1" id="VTR:OperatingPeriod:26567">
              <FromDate>2019-10-28T00:00:00</FromDate>
              <ToDate>2023-04-01T00:00:00</ToDate>
            </OperatingPeriod>
          </operatingPeriods>
          <dayTypeAssignments>
            <DayTypeAssignment id="VTR:DayTypeAssignment:26567_0" version="1" order="4263">
              <OperatingPeriodRef ref="VTR:OperatingPeriod:26567" version="1"/>
              <DayTypeRef ref="VTR:DayType:26567" version="1"/>
            </DayTypeAssignment>
          </dayTypeAssignments>
        </ServiceCalendarFrame>
        <ServiceFrame id="VTR:ServiceFrame:1351" version="1">
          <Network version="0" id="VTR:Network:44"/>
          <routePoints>
            <RoutePoint version="1" id="VTR:RoutePoint:2066028">
              <projections>
                <PointProjection version="1" id="VTR:PointProjection:61935">
                  <ProjectedPointRef ref="VTR:ScheduledStopPoint:2066028" version="1"/>
                </PointProjection>
              </projections>
            </RoutePoint>
            <RoutePoint version="1" id="VTR:RoutePoint:2066029">
              <projections>
                <PointProjection version="1" id="VTR:PointProjection:61936">
                  <ProjectedPointRef ref="VTR:ScheduledStopPoint:2066029" version="1"/>
                </PointProjection>
              </projections>
            </RoutePoint>
          </routePoints>
          <routes>
            <Route version="1" id="VTR:Route:20718">
              <Name>siauliai_bus_U1_a-b</Name>
              <ShortName>siauliai_bus_U1_a-b</ShortName>
              <LineRef ref="VTR:Line:7323" version="9486"/>
              <pointsInSequence>
                <PointOnRoute version="1" id="VTR:PointOnRoute:2066028" order="1">
                  <RoutePointRef ref="VTR:RoutePoint:2066028"/>
                </PointOnRoute>
                <PointOnRoute version="1" id="VTR:PointOnRoute:2066029" order="2">
                  <RoutePointRef ref="VTR:RoutePoint:2066029"/>
                </PointOnRoute>
              </pointsInSequence>
            </Route>
          </routes>
          <lines>
            <Line version="9486" id="VTR:Line:7323">
              <Name>Užsakytas</Name>
              <TransportMode>bus</TransportMode>
              <TransportSubmode>
                <BusSubmode>localBus</BusSubmode>
              </TransportSubmode>
              <PublicCode>U1</PublicCode>
              <OperatorRef ref="VTR:Operator:44"/>
            </Line>
          </lines>
          <scheduledStopPoints>
            <ScheduledStopPoint version="1" id="VTR:ScheduledStopPoint:2066028">
              <Name>GARAŽAS</Name>
            </ScheduledStopPoint>
            <ScheduledStopPoint version="1" id="VTR:ScheduledStopPoint:2066029">
              <Name>Užsakymo st.</Name>
            </ScheduledStopPoint>
          </scheduledStopPoints>
          <serviceLinks>
            <ServiceLink id="VTR:ServiceLink:2066028_1_2066029_1" version="1">
              <Distance>0</Distance>
              <FromPointRef ref="VTR:ScheduledStopPoint:2066028" version="1"/>
              <ToPointRef ref="VTR:ScheduledStopPoint:2066029" version="1"/>
            </ServiceLink>
          </serviceLinks>
          <stopAssignments>
            <PassengerStopAssignment order="2071800001" id="VTR:PassengerStopAssignment:2066028" version="1">
              <ScheduledStopPointRef ref="VTR:ScheduledStopPoint:2066028" version="1"/>
              <QuayRef ref="VTR:Quay:39642"/>
            </PassengerStopAssignment>
            <PassengerStopAssignment order="2071800002" id="VTR:PassengerStopAssignment:2066029" version="1">
              <ScheduledStopPointRef ref="VTR:ScheduledStopPoint:2066029" version="1"/>
              <QuayRef ref="VTR:Quay:39643"/>
            </PassengerStopAssignment>
          </stopAssignments>
          <journeyPatterns>
            <JourneyPattern id="VTR:JourneyPattern:6548335" version="6551886">
              <RouteRef ref="VTR:Route:20718" version="1"/>
              <pointsInSequence>
                <StopPointInJourneyPattern id="VTR:StopPointInJourneyPattern:243300228" version="6551886" order="1">
                  <ScheduledStopPointRef ref="VTR:ScheduledStopPoint:2066028"/>
                  <DestinationDisplayRef ref="VTR:DestinationDisplay:1"/>
                </StopPointInJourneyPattern>
                <StopPointInJourneyPattern id="VTR:StopPointInJourneyPattern:243300229" version="6551886" order="2">
                  <ScheduledStopPointRef ref="VTR:ScheduledStopPoint:2066029"/>
                  <DestinationDisplayRef ref="VTR:DestinationDisplay:1"/>
                </StopPointInJourneyPattern>
              </pointsInSequence>
            </JourneyPattern>
            <JourneyPattern id="VTR:JourneyPattern:4430091" version="4433201">
              <RouteRef ref="VTR:Route:20718" version="1"/>
              <pointsInSequence>
                <StopPointInJourneyPattern id="VTR:StopPointInJourneyPattern:243300242" version="4433201" order="1">
                  <ScheduledStopPointRef ref="VTR:ScheduledStopPoint:2066028"/>
                  <DestinationDisplayRef ref="VTR:DestinationDisplay:1"/>
                </StopPointInJourneyPattern>
                <StopPointInJourneyPattern id="VTR:StopPointInJourneyPattern:243300243" version="4433201" order="2">
                  <ScheduledStopPointRef ref="VTR:ScheduledStopPoint:2066029"/>
                  <DestinationDisplayRef ref="VTR:DestinationDisplay:1"/>
                </StopPointInJourneyPattern>
              </pointsInSequence>
            </JourneyPattern>
            <JourneyPattern id="VTR:JourneyPattern:4430079" version="4433189">
              <RouteRef ref="VTR:Route:20718" version="1"/>
              <pointsInSequence>
                <StopPointInJourneyPattern id="VTR:StopPointInJourneyPattern:243300230" version="4433189" order="1">
                  <ScheduledStopPointRef ref="VTR:ScheduledStopPoint:2066028"/>
                  <DestinationDisplayRef ref="VTR:DestinationDisplay:1"/>
                </StopPointInJourneyPattern>
                <StopPointInJourneyPattern id="VTR:StopPointInJourneyPattern:243300231" version="4433189" order="2">
                  <ScheduledStopPointRef ref="VTR:ScheduledStopPoint:2066029"/>
                  <DestinationDisplayRef ref="VTR:DestinationDisplay:1"/>
                </StopPointInJourneyPattern>
              </pointsInSequence>
            </JourneyPattern>
            <JourneyPattern id="VTR:JourneyPattern:4430083" version="4433193">
              <RouteRef ref="VTR:Route:20718" version="1"/>
              <pointsInSequence>
                <StopPointInJourneyPattern id="VTR:StopPointInJourneyPattern:243300234" version="4433193" order="1">
                  <ScheduledStopPointRef ref="VTR:ScheduledStopPoint:2066028"/>
                  <DestinationDisplayRef ref="VTR:DestinationDisplay:1"/>
                </StopPointInJourneyPattern>
                <StopPointInJourneyPattern id="VTR:StopPointInJourneyPattern:243300235" version="4433193" order="2">
                  <ScheduledStopPointRef ref="VTR:ScheduledStopPoint:2066029"/>
                  <DestinationDisplayRef ref="VTR:DestinationDisplay:1"/>
                </StopPointInJourneyPattern>
              </pointsInSequence>
            </JourneyPattern>
            <JourneyPattern id="VTR:JourneyPattern:6548333" version="6551884">
              <RouteRef ref="VTR:Route:20718" version="1"/>
              <pointsInSequence>
                <StopPointInJourneyPattern id="VTR:StopPointInJourneyPattern:243300226" version="6551884" order="1">
                  <ScheduledStopPointRef ref="VTR:ScheduledStopPoint:2066028"/>
                  <DestinationDisplayRef ref="VTR:DestinationDisplay:1"/>
                </StopPointInJourneyPattern>
                <StopPointInJourneyPattern id="VTR:StopPointInJourneyPattern:243300227" version="6551884" order="2">
                  <ScheduledStopPointRef ref="VTR:ScheduledStopPoint:2066029"/>
                  <DestinationDisplayRef ref="VTR:DestinationDisplay:1"/>
                </StopPointInJourneyPattern>
              </pointsInSequence>
            </JourneyPattern>
            <JourneyPattern id="VTR:JourneyPattern:4433298" version="4436408">
              <RouteRef ref="VTR:Route:20718" version="1"/>
              <pointsInSequence>
                <StopPointInJourneyPattern id="VTR:StopPointInJourneyPattern:243300244" version="4436408" order="1">
                  <ScheduledStopPointRef ref="VTR:ScheduledStopPoint:2066028"/>
                  <DestinationDisplayRef ref="VTR:DestinationDisplay:1"/>
                </StopPointInJourneyPattern>
                <StopPointInJourneyPattern id="VTR:StopPointInJourneyPattern:243300245" version="4436408" order="2">
                  <ScheduledStopPointRef ref="VTR:ScheduledStopPoint:2066029"/>
                  <DestinationDisplayRef ref="VTR:DestinationDisplay:1"/>
                </StopPointInJourneyPattern>
              </pointsInSequence>
            </JourneyPattern>
            <JourneyPattern id="VTR:JourneyPattern:4430089" version="4433199">
              <RouteRef ref="VTR:Route:20718" version="1"/>
              <pointsInSequence>
                <StopPointInJourneyPattern id="VTR:StopPointInJourneyPattern:243300236" version="4433199" order="1">
                  <ScheduledStopPointRef ref="VTR:ScheduledStopPoint:2066028"/>
                  <DestinationDisplayRef ref="VTR:DestinationDisplay:1"/>
                </StopPointInJourneyPattern>
                <StopPointInJourneyPattern id="VTR:StopPointInJourneyPattern:243300237" version="4433199" order="2">
                  <ScheduledStopPointRef ref="VTR:ScheduledStopPoint:2066029"/>
                  <DestinationDisplayRef ref="VTR:DestinationDisplay:1"/>
                </StopPointInJourneyPattern>
              </pointsInSequence>
            </JourneyPattern>
            <JourneyPattern id="VTR:JourneyPattern:4430085" version="4433195">
              <RouteRef ref="VTR:Route:20718" version="1"/>
              <pointsInSequence>
                <StopPointInJourneyPattern id="VTR:StopPointInJourneyPattern:243300232" version="4433195" order="1">
                  <ScheduledStopPointRef ref="VTR:ScheduledStopPoint:2066028"/>
                  <DestinationDisplayRef ref="VTR:DestinationDisplay:1"/>
                </StopPointInJourneyPattern>
                <StopPointInJourneyPattern id="VTR:StopPointInJourneyPattern:243300233" version="4433195" order="2">
                  <ScheduledStopPointRef ref="VTR:ScheduledStopPoint:2066029"/>
                  <DestinationDisplayRef ref="VTR:DestinationDisplay:1"/>
                </StopPointInJourneyPattern>
              </pointsInSequence>
            </JourneyPattern>
            <JourneyPattern id="VTR:JourneyPattern:4430186" version="4433296">
              <RouteRef ref="VTR:Route:20718" version="1"/>
              <pointsInSequence>
                <StopPointInJourneyPattern id="VTR:StopPointInJourneyPattern:243300240" version="4433296" order="1">
                  <ScheduledStopPointRef ref="VTR:ScheduledStopPoint:2066028"/>
                  <DestinationDisplayRef ref="VTR:DestinationDisplay:1"/>
                </StopPointInJourneyPattern>
                <StopPointInJourneyPattern id="VTR:StopPointInJourneyPattern:243300241" version="4433296" order="2">
                  <ScheduledStopPointRef ref="VTR:ScheduledStopPoint:2066029"/>
                  <DestinationDisplayRef ref="VTR:DestinationDisplay:1"/>
                </StopPointInJourneyPattern>
              </pointsInSequence>
            </JourneyPattern>
            <JourneyPattern id="VTR:JourneyPattern:4430087" version="4433197">
              <RouteRef ref="VTR:Route:20718" version="1"/>
              <pointsInSequence>
                <StopPointInJourneyPattern id="VTR:StopPointInJourneyPattern:243300238" version="4433197" order="1">
                  <ScheduledStopPointRef ref="VTR:ScheduledStopPoint:2066028"/>
                  <DestinationDisplayRef ref="VTR:DestinationDisplay:1"/>
                </StopPointInJourneyPattern>
                <StopPointInJourneyPattern id="VTR:StopPointInJourneyPattern:243300239" version="4433197" order="2">
                  <ScheduledStopPointRef ref="VTR:ScheduledStopPoint:2066029"/>
                  <DestinationDisplayRef ref="VTR:DestinationDisplay:1"/>
                </StopPointInJourneyPattern>
              </pointsInSequence>
            </JourneyPattern>
          </journeyPatterns>
        </ServiceFrame>
        <TimetableFrame version="1" id="VTR:TimetableFrame:1351">
          <vehicleJourneys>
            <ServiceJourney version="4433199" id="VTR:ServiceJourney:4430089">
              <Name>siauliai_bus_U1_a-b</Name>
              <dayTypes>
                <DayTypeRef ref="VTR:DayType:26567"/>
              </dayTypes>
              <JourneyPatternRef version="4433199" ref="VTR:JourneyPattern:4430089"/>
              <OperatorRef ref="VTR:Operator:448"/>
              <LineRef ref="VTR:Line:7323" version="9486"/>
              <passingTimes>
                <TimetabledPassingTime version="4433199" id="VTR:TimetabledPassingTime:4430089_243300236_1">
                  <StopPointInJourneyPatternRef ref="VTR:StopPointInJourneyPattern:243300236" version="4433199"/>
                  <DepartureTime>03:00:00</DepartureTime>
                  <DepartureDayOffset>0</DepartureDayOffset>
                </TimetabledPassingTime>
                <TimetabledPassingTime version="4433199" id="VTR:TimetabledPassingTime:4430089_243300237_2">
                  <StopPointInJourneyPatternRef ref="VTR:StopPointInJourneyPattern:243300237" version="4433199"/>
                  <DepartureTime>00:00:00</DepartureTime>
                  <DepartureDayOffset>1</DepartureDayOffset>
                </TimetabledPassingTime>
              </passingTimes>
            </ServiceJourney>
            <ServiceJourney version="6551884" id="VTR:ServiceJourney:6548333">
              <Name>siauliai_bus_U1_a-b</Name>
              <dayTypes>
                <DayTypeRef ref="VTR:DayType:26567"/>
              </dayTypes>
              <JourneyPatternRef version="6551884" ref="VTR:JourneyPattern:6548333"/>
              <OperatorRef ref="VTR:Operator:448"/>
              <LineRef ref="VTR:Line:7323" version="9486"/>
              <passingTimes>
                <TimetabledPassingTime version="6551884" id="VTR:TimetabledPassingTime:6548333_243300226_1">
                  <StopPointInJourneyPatternRef ref="VTR:StopPointInJourneyPattern:243300226" version="6551884"/>
                  <DepartureTime>03:00:00</DepartureTime>
                  <DepartureDayOffset>0</DepartureDayOffset>
                </TimetabledPassingTime>
                <TimetabledPassingTime version="6551884" id="VTR:TimetabledPassingTime:6548333_243300227_2">
                  <StopPointInJourneyPatternRef ref="VTR:StopPointInJourneyPattern:243300227" version="6551884"/>
                  <DepartureTime>00:00:00</DepartureTime>
                  <DepartureDayOffset>1</DepartureDayOffset>
                </TimetabledPassingTime>
              </passingTimes>
            </ServiceJourney>
            <ServiceJourney version="4436408" id="VTR:ServiceJourney:4433298">
              <Name>siauliai_bus_U1_a-b</Name>
              <dayTypes>
                <DayTypeRef ref="VTR:DayType:26567"/>
              </dayTypes>
              <JourneyPatternRef version="4436408" ref="VTR:JourneyPattern:4433298"/>
              <OperatorRef ref="VTR:Operator:448"/>
              <LineRef ref="VTR:Line:7323" version="9486"/>
              <passingTimes>
                <TimetabledPassingTime version="4436408" id="VTR:TimetabledPassingTime:4433298_243300244_1">
                  <StopPointInJourneyPatternRef ref="VTR:StopPointInJourneyPattern:243300244" version="4436408"/>
                  <DepartureTime>03:00:00</DepartureTime>
                  <DepartureDayOffset>0</DepartureDayOffset>
                </TimetabledPassingTime>
                <TimetabledPassingTime version="4436408" id="VTR:TimetabledPassingTime:4433298_243300245_2">
                  <StopPointInJourneyPatternRef ref="VTR:StopPointInJourneyPattern:243300245" version="4436408"/>
                  <DepartureTime>00:00:00</DepartureTime>
                  <DepartureDayOffset>1</DepartureDayOffset>
                </TimetabledPassingTime>
              </passingTimes>
            </ServiceJourney>
            <ServiceJourney version="4433193" id="VTR:ServiceJourney:4430083">
              <Name>siauliai_bus_U1_a-b</Name>
              <dayTypes>
                <DayTypeRef ref="VTR:DayType:26567"/>
              </dayTypes>
              <JourneyPatternRef version="4433193" ref="VTR:JourneyPattern:4430083"/>
              <OperatorRef ref="VTR:Operator:448"/>
              <LineRef ref="VTR:Line:7323" version="9486"/>
              <passingTimes>
                <TimetabledPassingTime version="4433193" id="VTR:TimetabledPassingTime:4430083_243300234_1">
                  <StopPointInJourneyPatternRef ref="VTR:StopPointInJourneyPattern:243300234" version="4433193"/>
                  <DepartureTime>03:00:00</DepartureTime>
                  <DepartureDayOffset>0</DepartureDayOffset>
                </TimetabledPassingTime>
                <TimetabledPassingTime version="4433193" id="VTR:TimetabledPassingTime:4430083_243300235_2">
                  <StopPointInJourneyPatternRef ref="VTR:StopPointInJourneyPattern:243300235" version="4433193"/>
                  <DepartureTime>00:00:00</DepartureTime>
                  <DepartureDayOffset>1</DepartureDayOffset>
                </TimetabledPassingTime>
              </passingTimes>
            </ServiceJourney>
            <ServiceJourney version="4433201" id="VTR:ServiceJourney:4430091">
              <Name>siauliai_bus_U1_a-b</Name>
              <dayTypes>
                <DayTypeRef ref="VTR:DayType:26567"/>
              </dayTypes>
              <JourneyPatternRef version="4433201" ref="VTR:JourneyPattern:4430091"/>
              <OperatorRef ref="VTR:Operator:448"/>
              <LineRef ref="VTR:Line:7323" version="9486"/>
              <passingTimes>
                <TimetabledPassingTime version="4433201" id="VTR:TimetabledPassingTime:4430091_243300242_1">
                  <StopPointInJourneyPatternRef ref="VTR:StopPointInJourneyPattern:243300242" version="4433201"/>
                  <DepartureTime>03:00:00</DepartureTime>
                  <DepartureDayOffset>0</DepartureDayOffset>
                </TimetabledPassingTime>
                <TimetabledPassingTime version="4433201" id="VTR:TimetabledPassingTime:4430091_243300243_2">
                  <StopPointInJourneyPatternRef ref="VTR:StopPointInJourneyPattern:243300243" version="4433201"/>
                  <DepartureTime>00:00:00</DepartureTime>
                  <DepartureDayOffset>1</DepartureDayOffset>
                </TimetabledPassingTime>
              </passingTimes>
            </ServiceJourney>
            <ServiceJourney version="4433197" id="VTR:ServiceJourney:4430087">
              <Name>siauliai_bus_U1_a-b</Name>
              <dayTypes>
                <DayTypeRef ref="VTR:DayType:26567"/>
              </dayTypes>
              <JourneyPatternRef version="4433197" ref="VTR:JourneyPattern:4430087"/>
              <OperatorRef ref="VTR:Operator:448"/>
              <LineRef ref="VTR:Line:7323" version="9486"/>
              <passingTimes>
                <TimetabledPassingTime version="4433197" id="VTR:TimetabledPassingTime:4430087_243300238_1">
                  <StopPointInJourneyPatternRef ref="VTR:StopPointInJourneyPattern:243300238" version="4433197"/>
                  <DepartureTime>03:00:00</DepartureTime>
                  <DepartureDayOffset>0</DepartureDayOffset>
                </TimetabledPassingTime>
                <TimetabledPassingTime version="4433197" id="VTR:TimetabledPassingTime:4430087_243300239_2">
                  <StopPointInJourneyPatternRef ref="VTR:StopPointInJourneyPattern:243300239" version="4433197"/>
                  <DepartureTime>00:00:00</DepartureTime>
                  <DepartureDayOffset>1</DepartureDayOffset>
                </TimetabledPassingTime>
              </passingTimes>
            </ServiceJourney>
            <ServiceJourney version="4433189" id="VTR:ServiceJourney:4430079">
              <Name>siauliai_bus_U1_a-b</Name>
              <dayTypes>
                <DayTypeRef ref="VTR:DayType:26567"/>
              </dayTypes>
              <JourneyPatternRef version="4433189" ref="VTR:JourneyPattern:4430079"/>
              <OperatorRef ref="VTR:Operator:448"/>
              <LineRef ref="VTR:Line:7323" version="9486"/>
              <passingTimes>
                <TimetabledPassingTime version="4433189" id="VTR:TimetabledPassingTime:4430079_243300230_1">
                  <StopPointInJourneyPatternRef ref="VTR:StopPointInJourneyPattern:243300230" version="4433189"/>
                  <DepartureTime>03:00:00</DepartureTime>
                  <DepartureDayOffset>0</DepartureDayOffset>
                </TimetabledPassingTime>
                <TimetabledPassingTime version="4433189" id="VTR:TimetabledPassingTime:4430079_243300231_2">
                  <StopPointInJourneyPatternRef ref="VTR:StopPointInJourneyPattern:243300231" version="4433189"/>
                  <DepartureTime>00:00:00</DepartureTime>
                  <DepartureDayOffset>1</DepartureDayOffset>
                </TimetabledPassingTime>
              </passingTimes>
            </ServiceJourney>
            <ServiceJourney version="4433296" id="VTR:ServiceJourney:4430186">
              <Name>siauliai_bus_U1_a-b</Name>
              <dayTypes>
                <DayTypeRef ref="VTR:DayType:26567"/>
              </dayTypes>
              <JourneyPatternRef version="4433296" ref="VTR:JourneyPattern:4430186"/>
              <OperatorRef ref="VTR:Operator:448"/>
              <LineRef ref="VTR:Line:7323" version="9486"/>
              <passingTimes>
                <TimetabledPassingTime version="4433296" id="VTR:TimetabledPassingTime:4430186_243300240_1">
                  <StopPointInJourneyPatternRef ref="VTR:StopPointInJourneyPattern:243300240" version="4433296"/>
                  <DepartureTime>03:00:00</DepartureTime>
                  <DepartureDayOffset>0</DepartureDayOffset>
                </TimetabledPassingTime>
                <TimetabledPassingTime version="4433296" id="VTR:TimetabledPassingTime:4430186_243300241_2">
                  <StopPointInJourneyPatternRef ref="VTR:StopPointInJourneyPattern:243300241" version="4433296"/>
                  <DepartureTime>00:00:00</DepartureTime>
                  <DepartureDayOffset>1</DepartureDayOffset>
                </TimetabledPassingTime>
              </passingTimes>
            </ServiceJourney>
            <ServiceJourney version="6551886" id="VTR:ServiceJourney:6548335">
              <Name>siauliai_bus_U1_a-b</Name>
              <dayTypes>
                <DayTypeRef ref="VTR:DayType:26567"/>
              </dayTypes>
              <JourneyPatternRef version="6551886" ref="VTR:JourneyPattern:6548335"/>
              <OperatorRef ref="VTR:Operator:448"/>
              <LineRef ref="VTR:Line:7323" version="9486"/>
              <passingTimes>
                <TimetabledPassingTime version="6551886" id="VTR:TimetabledPassingTime:6548335_243300228_1">
                  <StopPointInJourneyPatternRef ref="VTR:StopPointInJourneyPattern:243300228" version="6551886"/>
                  <DepartureTime>03:00:00</DepartureTime>
                  <DepartureDayOffset>0</DepartureDayOffset>
                </TimetabledPassingTime>
                <TimetabledPassingTime version="6551886" id="VTR:TimetabledPassingTime:6548335_243300229_2">
                  <StopPointInJourneyPatternRef ref="VTR:StopPointInJourneyPattern:243300229" version="6551886"/>
                  <DepartureTime>00:00:00</DepartureTime>
                  <DepartureDayOffset>1</DepartureDayOffset>
                </TimetabledPassingTime>
              </passingTimes>
            </ServiceJourney>
            <ServiceJourney version="4433195" id="VTR:ServiceJourney:4430085">
              <Name>siauliai_bus_U1_a-b</Name>
              <dayTypes>
                <DayTypeRef ref="VTR:DayType:26567"/>
              </dayTypes>
              <JourneyPatternRef version="4433195" ref="VTR:JourneyPattern:4430085"/>
              <OperatorRef ref="VTR:Operator:448"/>
              <LineRef ref="VTR:Line:7323" version="9486"/>
              <passingTimes>
                <TimetabledPassingTime version="4433195" id="VTR:TimetabledPassingTime:4430085_243300232_1">
                  <StopPointInJourneyPatternRef ref="VTR:StopPointInJourneyPattern:243300232" version="4433195"/>
                  <DepartureTime>03:00:00</DepartureTime>
                  <DepartureDayOffset>0</DepartureDayOffset>
                </TimetabledPassingTime>
                <TimetabledPassingTime version="4433195" id="VTR:TimetabledPassingTime:4430085_243300233_2">
                  <StopPointInJourneyPatternRef ref="VTR:StopPointInJourneyPattern:243300233" version="4433195"/>
                  <DepartureTime>00:00:00</DepartureTime>
                  <DepartureDayOffset>1</DepartureDayOffset>
                </TimetabledPassingTime>
              </passingTimes>
            </ServiceJourney>
          </vehicleJourneys>
        </TimetableFrame>
        <ResourceFrame version="1" id="VTR:ResourceFrame:1351">
          <organisations>
            <Authority version="1" id="VTR:Authority:44">
              <CompanyNumber>29</CompanyNumber>
              <Name>Šiaulių m. sav.</Name>
              <LegalName>Šiaulių m. sav.</LegalName>
              <ContactDetails>
                <Email>rastine@siauliai.lt</Email>
                <Phone>841596200</Phone>
                <Url>edem.siauliai.lt</Url>
              </ContactDetails>
              <OrganisationType>authority</OrganisationType>
            </Authority>
          </organisations>
        </ResourceFrame>
        <FareFrame id="VTR:FareFrame:7323" version="1">
          <FrameDefaults>
            <DefaultCurrency>EUR</DefaultCurrency>
          </FrameDefaults>
          <usageParameters>
            <RoundTrip id="VTR:RoundTrip:single" version="1">
              <Name>Single</Name>
              <TripType>single</TripType>
            </RoundTrip>
            <FrequencyOfUse id="VTR:FrequencyOfUse:once" version="1">
              <Name>Once</Name>
              <MaximalFrequency>1</MaximalFrequency>
            </FrequencyOfUse>
          </usageParameters>
          <priceGroups>
            <PriceGroup id="VTR:PriceGroup:PG01" version="1">
              <Name>Flat Fare Products - Standard</Name>
              <members>
                <FareProductPrice id="VTR:FareProductPrice:standard" version="1">
                  <Name>Single fare</Name>
                  <Amount>0.7</Amount>
                  <Currency>EUR</Currency>
                </FareProductPrice>
              </members>
            </PriceGroup>
          </priceGroups>
        </FareFrame>
      </frames>
    </CompositeFrame>
  </dataObjects>
</PublicationDelivery>
