<?xml version="1.0" encoding="UTF-8"?><PublicationDelivery xmlns="http://www.netex.org.uk/netex" xmlns:gis="http://www.opengis.net/gml/3.2" xmlns:ns2="http://www.opengis.net/gml/3.2" xmlns:ns3="http://www.siri.org.uk/siri" xmlns:xsi="http://www.w3.org/2001/XMLSchema-instance" version="1" xsi:schemaLocation="">
  <PublicationTimestamp>2022-05-07T00:50:00.296</PublicationTimestamp>
  <ParticipantRef>VTR</ParticipantRef>
  <Description>1</Description>
  <dataObjects>
    <CompositeFrame created="2022-05-07T00:50:00.296" version="1" id="VTR:CompositeFrame:1351">
      <validityConditions>
        <AvailabilityCondition version="1" id="VTR:AvailabilityCondition:1351">
          <FromDate>2016-07-10T00:18:03</FromDate>
          <ToDate>2027-12-30T00:00:00</ToDate>
        </AvailabilityCondition>
      </validityConditions>
      <codespaces>
        <Codespace id="vtr">
          <Xmlns>VTR</Xmlns>
          <XmlnsUrl>http://www.visimarsrutai.lt/</XmlnsUrl>
        </Codespace>
      </codespaces>
      <FrameDefaults>
        <DefaultLocale>
          <TimeZone>Europe/Vilnius</TimeZone>
        </DefaultLocale>
        <DefaultLocationSystem>WGS84</DefaultLocationSystem>
      </FrameDefaults>
      <frames>
        <ServiceCalendarFrame version="1" id="VTR:ServiceCalendarFrame:1351">
          <dayTypes>
            <DayType id="VTR:DayType:39073" version="1">
              <properties>
                <PropertyOfDay>
                  <DaysOfWeek>Monday Tuesday Wednesday Thursday Friday</DaysOfWeek>
                </PropertyOfDay>
              </properties>
            </DayType>
          </dayTypes>
          <operatingPeriods>
            <OperatingPeriod version="1" id="VTR:OperatingPeriod:39073">
              <FromDate>2022-04-01T00:00:00</FromDate>
              <ToDate>2022-05-31T00:00:00</ToDate>
            </OperatingPeriod>
          </operatingPeriods>
          <dayTypeAssignments>
            <DayTypeAssignment id="VTR:DayTypeAssignment:39073_0" version="1" order="5376">
              <OperatingPeriodRef ref="VTR:OperatingPeriod:39073" version="1"/>
              <DayTypeRef ref="VTR:DayType:39073" version="1"/>
            </DayTypeAssignment>
            <DayTypeAssignment id="VTR:DayTypeAssignment:39073_954804" version="1" order="49621">
              <Date>2022-05-01</Date>
              <DayTypeRef ref="VTR:DayType:39073" version="1"/>
            </DayTypeAssignment>
          </dayTypeAssignments>
        </ServiceCalendarFrame>
        <ServiceFrame id="VTR:ServiceFrame:1351" version="1">
          <Network version="0" id="VTR:Network:44"/>
          <routePoints>
            <RoutePoint version="1" id="VTR:RoutePoint:3368955">
              <projections>
                <PointProjection version="1" id="VTR:PointProjection:81031">
                  <ProjectedPointRef ref="VTR:ScheduledStopPoint:3368955" version="1"/>
                </PointProjection>
              </projections>
            </RoutePoint>
            <RoutePoint version="1" id="VTR:RoutePoint:3368975">
              <projections>
                <PointProjection version="1" id="VTR:PointProjection:81119">
                  <ProjectedPointRef ref="VTR:ScheduledStopPoint:3368975" version="1"/>
                </PointProjection>
              </projections>
            </RoutePoint>
            <RoutePoint version="1" id="VTR:RoutePoint:3368976">
              <projections>
                <PointProjection version="1" id="VTR:PointProjection:81120">
                  <ProjectedPointRef ref="VTR:ScheduledStopPoint:3368976" version="1"/>
                </PointProjection>
              </projections>
            </RoutePoint>
            <RoutePoint version="1" id="VTR:RoutePoint:3368977">
              <projections>
                <PointProjection version="1" id="VTR:PointProjection:81121">
                  <ProjectedPointRef ref="VTR:ScheduledStopPoint:3368977" version="1"/>
                </PointProjection>
              </projections>
            </RoutePoint>
            <RoutePoint version="1" id="VTR:RoutePoint:3368978">
              <projections>
                <PointProjection version="1" id="VTR:PointProjection:81122">
                  <ProjectedPointRef ref="VTR:ScheduledStopPoint:3368978" version="1"/>
                </PointProjection>
              </projections>
            </RoutePoint>
            <RoutePoint version="1" id="VTR:RoutePoint:3368979">
              <projections>
                <PointProjection version="1" id="VTR:PointProjection:81123">
                  <ProjectedPointRef ref="VTR:ScheduledStopPoint:3368979" version="1"/>
                </PointProjection>
              </projections>
            </RoutePoint>
            <RoutePoint version="1" id="VTR:RoutePoint:3368980">
              <projections>
                <PointProjection version="1" id="VTR:PointProjection:81124">
                  <ProjectedPointRef ref="VTR:ScheduledStopPoint:3368980" version="1"/>
                </PointProjection>
              </projections>
            </RoutePoint>
            <RoutePoint version="1" id="VTR:RoutePoint:3368981">
              <projections>
                <PointProjection version="1" id="VTR:PointProjection:81125">
                  <ProjectedPointRef ref="VTR:ScheduledStopPoint:3368981" version="1"/>
                </PointProjection>
              </projections>
            </RoutePoint>
            <RoutePoint version="1" id="VTR:RoutePoint:3368982">
              <projections>
                <PointProjection version="1" id="VTR:PointProjection:81126">
                  <ProjectedPointRef ref="VTR:ScheduledStopPoint:3368982" version="1"/>
                </PointProjection>
              </projections>
            </RoutePoint>
            <RoutePoint version="1" id="VTR:RoutePoint:3368983">
              <projections>
                <PointProjection version="1" id="VTR:PointProjection:81127">
                  <ProjectedPointRef ref="VTR:ScheduledStopPoint:3368983" version="1"/>
                </PointProjection>
              </projections>
            </RoutePoint>
            <RoutePoint version="1" id="VTR:RoutePoint:3368984">
              <projections>
                <PointProjection version="1" id="VTR:PointProjection:81128">
                  <ProjectedPointRef ref="VTR:ScheduledStopPoint:3368984" version="1"/>
                </PointProjection>
              </projections>
            </RoutePoint>
            <RoutePoint version="1" id="VTR:RoutePoint:3368985">
              <projections>
                <PointProjection version="1" id="VTR:PointProjection:81129">
                  <ProjectedPointRef ref="VTR:ScheduledStopPoint:3368985" version="1"/>
                </PointProjection>
              </projections>
            </RoutePoint>
            <RoutePoint version="1" id="VTR:RoutePoint:3368986">
              <projections>
                <PointProjection version="1" id="VTR:PointProjection:81130">
                  <ProjectedPointRef ref="VTR:ScheduledStopPoint:3368986" version="1"/>
                </PointProjection>
              </projections>
            </RoutePoint>
            <RoutePoint version="1" id="VTR:RoutePoint:3368987">
              <projections>
                <PointProjection version="1" id="VTR:PointProjection:81131">
                  <ProjectedPointRef ref="VTR:ScheduledStopPoint:3368987" version="1"/>
                </PointProjection>
              </projections>
            </RoutePoint>
          </routePoints>
          <routes>
            <Route version="1" id="VTR:Route:11257">
              <Name>siauliai_bus_22_a-b</Name>
              <ShortName>siauliai_bus_22_a-b</ShortName>
              <LineRef ref="VTR:Line:4150" version="4651"/>
              <pointsInSequence>
                <PointOnRoute version="1" id="VTR:PointOnRoute:3368955" order="1">
                  <RoutePointRef ref="VTR:RoutePoint:3368955"/>
                </PointOnRoute>
                <PointOnRoute version="1" id="VTR:PointOnRoute:3368975" order="2">
                  <RoutePointRef ref="VTR:RoutePoint:3368975"/>
                </PointOnRoute>
                <PointOnRoute version="1" id="VTR:PointOnRoute:3368976" order="3">
                  <RoutePointRef ref="VTR:RoutePoint:3368976"/>
                </PointOnRoute>
                <PointOnRoute version="1" id="VTR:PointOnRoute:3368977" order="4">
                  <RoutePointRef ref="VTR:RoutePoint:3368977"/>
                </PointOnRoute>
                <PointOnRoute version="1" id="VTR:PointOnRoute:3368978" order="5">
                  <RoutePointRef ref="VTR:RoutePoint:3368978"/>
                </PointOnRoute>
                <PointOnRoute version="1" id="VTR:PointOnRoute:3368979" order="6">
                  <RoutePointRef ref="VTR:RoutePoint:3368979"/>
                </PointOnRoute>
                <PointOnRoute version="1" id="VTR:PointOnRoute:3368980" order="7">
                  <RoutePointRef ref="VTR:RoutePoint:3368980"/>
                </PointOnRoute>
                <PointOnRoute version="1" id="VTR:PointOnRoute:3368981" order="8">
                  <RoutePointRef ref="VTR:RoutePoint:3368981"/>
                </PointOnRoute>
                <PointOnRoute version="1" id="VTR:PointOnRoute:3368982" order="9">
                  <RoutePointRef ref="VTR:RoutePoint:3368982"/>
                </PointOnRoute>
                <PointOnRoute version="1" id="VTR:PointOnRoute:3368983" order="10">
                  <RoutePointRef ref="VTR:RoutePoint:3368983"/>
                </PointOnRoute>
                <PointOnRoute version="1" id="VTR:PointOnRoute:3368984" order="11">
                  <RoutePointRef ref="VTR:RoutePoint:3368984"/>
                </PointOnRoute>
                <PointOnRoute version="1" id="VTR:PointOnRoute:3368985" order="12">
                  <RoutePointRef ref="VTR:RoutePoint:3368985"/>
                </PointOnRoute>
                <PointOnRoute version="1" id="VTR:PointOnRoute:3368986" order="13">
                  <RoutePointRef ref="VTR:RoutePoint:3368986"/>
                </PointOnRoute>
                <PointOnRoute version="1" id="VTR:PointOnRoute:3368987" order="14">
                  <RoutePointRef ref="VTR:RoutePoint:3368987"/>
                </PointOnRoute>
              </pointsInSequence>
            </Route>
          </routes>
          <lines>
            <Line version="4651" id="VTR:Line:4150">
              <Name>Gytarių žiedo st. – Ligoninės st.</Name>
              <TransportMode>bus</TransportMode>
              <TransportSubmode>
                <BusSubmode>localBus</BusSubmode>
              </TransportSubmode>
              <PublicCode>22</PublicCode>
              <OperatorRef ref="VTR:Operator:44"/>
            </Line>
          </lines>
          <scheduledStopPoints>
            <ScheduledStopPoint version="1" id="VTR:ScheduledStopPoint:3368955">
              <Name>Gytarių žiedo st.</Name>
            </ScheduledStopPoint>
            <ScheduledStopPoint version="1" id="VTR:ScheduledStopPoint:3368975">
              <Name>Kviečių st.</Name>
            </ScheduledStopPoint>
            <ScheduledStopPoint version="1" id="VTR:ScheduledStopPoint:3368976">
              <Name>Pailių st.</Name>
            </ScheduledStopPoint>
            <ScheduledStopPoint version="1" id="VTR:ScheduledStopPoint:3368977">
              <Name>Bažnyčios st.</Name>
            </ScheduledStopPoint>
            <ScheduledStopPoint version="1" id="VTR:ScheduledStopPoint:3368978">
              <Name>Dainų st.</Name>
            </ScheduledStopPoint>
            <ScheduledStopPoint version="1" id="VTR:ScheduledStopPoint:3368979">
              <Name>Lyros st.</Name>
            </ScheduledStopPoint>
            <ScheduledStopPoint version="1" id="VTR:ScheduledStopPoint:3368980">
              <Name>Teniso kortų st.</Name>
            </ScheduledStopPoint>
            <ScheduledStopPoint version="1" id="VTR:ScheduledStopPoint:3368981">
              <Name>Lauko st.</Name>
            </ScheduledStopPoint>
            <ScheduledStopPoint version="1" id="VTR:ScheduledStopPoint:3368982">
              <Name>Žaliūkių malūno st.</Name>
            </ScheduledStopPoint>
            <ScheduledStopPoint version="1" id="VTR:ScheduledStopPoint:3368983">
              <Name>Dubijos st.</Name>
            </ScheduledStopPoint>
            <ScheduledStopPoint version="1" id="VTR:ScheduledStopPoint:3368984">
              <Name>Jovaro mokyklos st.</Name>
            </ScheduledStopPoint>
            <ScheduledStopPoint version="1" id="VTR:ScheduledStopPoint:3368985">
              <Name>Sukilėlių kalnelio st.</Name>
            </ScheduledStopPoint>
            <ScheduledStopPoint version="1" id="VTR:ScheduledStopPoint:3368986">
              <Name>V. Kudirkos st.</Name>
            </ScheduledStopPoint>
            <ScheduledStopPoint version="1" id="VTR:ScheduledStopPoint:3368987">
              <Name>Ligoninės st.</Name>
            </ScheduledStopPoint>
          </scheduledStopPoints>
          <serviceLinks>
            <ServiceLink id="VTR:ServiceLink:3368975_1_3368976_1" version="1">
              <Distance>0</Distance>
              <FromPointRef ref="VTR:ScheduledStopPoint:3368975" version="1"/>
              <ToPointRef ref="VTR:ScheduledStopPoint:3368976" version="1"/>
            </ServiceLink>
            <ServiceLink id="VTR:ServiceLink:3368981_1_3368982_1" version="1">
              <Distance>0</Distance>
              <FromPointRef ref="VTR:ScheduledStopPoint:3368981" version="1"/>
              <ToPointRef ref="VTR:ScheduledStopPoint:3368982" version="1"/>
            </ServiceLink>
            <ServiceLink id="VTR:ServiceLink:3368978_1_3368979_1" version="1">
              <Distance>0</Distance>
              <FromPointRef ref="VTR:ScheduledStopPoint:3368978" version="1"/>
              <ToPointRef ref="VTR:ScheduledStopPoint:3368979" version="1"/>
            </ServiceLink>
            <ServiceLink id="VTR:ServiceLink:3368983_1_3368984_1" version="1">
              <Distance>0</Distance>
              <FromPointRef ref="VTR:ScheduledStopPoint:3368983" version="1"/>
              <ToPointRef ref="VTR:ScheduledStopPoint:3368984" version="1"/>
            </ServiceLink>
            <ServiceLink id="VTR:ServiceLink:3368984_1_3368985_1" version="1">
              <Distance>0</Distance>
              <FromPointRef ref="VTR:ScheduledStopPoint:3368984" version="1"/>
              <ToPointRef ref="VTR:ScheduledStopPoint:3368985" version="1"/>
            </ServiceLink>
            <ServiceLink id="VTR:ServiceLink:3368976_1_3368977_1" version="1">
              <Distance>0</Distance>
              <FromPointRef ref="VTR:ScheduledStopPoint:3368976" version="1"/>
              <ToPointRef ref="VTR:ScheduledStopPoint:3368977" version="1"/>
            </ServiceLink>
            <ServiceLink id="VTR:ServiceLink:3368955_1_3368975_1" version="1">
              <Distance>0</Distance>
              <FromPointRef ref="VTR:ScheduledStopPoint:3368955" version="1"/>
              <ToPointRef ref="VTR:ScheduledStopPoint:3368975" version="1"/>
            </ServiceLink>
            <ServiceLink id="VTR:ServiceLink:3368979_1_3368980_1" version="1">
              <Distance>0</Distance>
              <FromPointRef ref="VTR:ScheduledStopPoint:3368979" version="1"/>
              <ToPointRef ref="VTR:ScheduledStopPoint:3368980" version="1"/>
            </ServiceLink>
            <ServiceLink id="VTR:ServiceLink:3368977_1_3368978_1" version="1">
              <Distance>0</Distance>
              <FromPointRef ref="VTR:ScheduledStopPoint:3368977" version="1"/>
              <ToPointRef ref="VTR:ScheduledStopPoint:3368978" version="1"/>
            </ServiceLink>
            <ServiceLink id="VTR:ServiceLink:3368982_1_3368983_1" version="1">
              <Distance>0</Distance>
              <FromPointRef ref="VTR:ScheduledStopPoint:3368982" version="1"/>
              <ToPointRef ref="VTR:ScheduledStopPoint:3368983" version="1"/>
            </ServiceLink>
            <ServiceLink id="VTR:ServiceLink:3368986_1_3368987_1" version="1">
              <Distance>0</Distance>
              <FromPointRef ref="VTR:ScheduledStopPoint:3368986" version="1"/>
              <ToPointRef ref="VTR:ScheduledStopPoint:3368987" version="1"/>
            </ServiceLink>
            <ServiceLink id="VTR:ServiceLink:3368980_1_3368981_1" version="1">
              <Distance>0</Distance>
              <FromPointRef ref="VTR:ScheduledStopPoint:3368980" version="1"/>
              <ToPointRef ref="VTR:ScheduledStopPoint:3368981" version="1"/>
            </ServiceLink>
            <ServiceLink id="VTR:ServiceLink:3368985_1_3368986_1" version="1">
              <Distance>0</Distance>
              <FromPointRef ref="VTR:ScheduledStopPoint:3368985" version="1"/>
              <ToPointRef ref="VTR:ScheduledStopPoint:3368986" version="1"/>
            </ServiceLink>
          </serviceLinks>
          <stopAssignments>
            <PassengerStopAssignment order="1125700001" id="VTR:PassengerStopAssignment:3368955" version="1">
              <ScheduledStopPointRef ref="VTR:ScheduledStopPoint:3368955" version="1"/>
              <QuayRef ref="VTR:Quay:27353"/>
            </PassengerStopAssignment>
            <PassengerStopAssignment order="1125700002" id="VTR:PassengerStopAssignment:3368975" version="1">
              <ScheduledStopPointRef ref="VTR:ScheduledStopPoint:3368975" version="1"/>
              <QuayRef ref="VTR:Quay:27307"/>
            </PassengerStopAssignment>
            <PassengerStopAssignment order="1125700003" id="VTR:PassengerStopAssignment:3368976" version="1">
              <ScheduledStopPointRef ref="VTR:ScheduledStopPoint:3368976" version="1"/>
              <QuayRef ref="VTR:Quay:27271"/>
            </PassengerStopAssignment>
            <PassengerStopAssignment order="1125700004" id="VTR:PassengerStopAssignment:3368977" version="1">
              <ScheduledStopPointRef ref="VTR:ScheduledStopPoint:3368977" version="1"/>
              <QuayRef ref="VTR:Quay:27465"/>
            </PassengerStopAssignment>
            <PassengerStopAssignment order="1125700005" id="VTR:PassengerStopAssignment:3368978" version="1">
              <ScheduledStopPointRef ref="VTR:ScheduledStopPoint:3368978" version="1"/>
              <QuayRef ref="VTR:Quay:27476"/>
            </PassengerStopAssignment>
            <PassengerStopAssignment order="1125700006" id="VTR:PassengerStopAssignment:3368979" version="1">
              <ScheduledStopPointRef ref="VTR:ScheduledStopPoint:3368979" version="1"/>
              <QuayRef ref="VTR:Quay:27521"/>
            </PassengerStopAssignment>
            <PassengerStopAssignment order="1125700007" id="VTR:PassengerStopAssignment:3368980" version="1">
              <ScheduledStopPointRef ref="VTR:ScheduledStopPoint:3368980" version="1"/>
              <QuayRef ref="VTR:Quay:27366"/>
            </PassengerStopAssignment>
            <PassengerStopAssignment order="1125700008" id="VTR:PassengerStopAssignment:3368981" version="1">
              <ScheduledStopPointRef ref="VTR:ScheduledStopPoint:3368981" version="1"/>
              <QuayRef ref="VTR:Quay:27400"/>
            </PassengerStopAssignment>
            <PassengerStopAssignment order="1125700009" id="VTR:PassengerStopAssignment:3368982" version="1">
              <ScheduledStopPointRef ref="VTR:ScheduledStopPoint:3368982" version="1"/>
              <QuayRef ref="VTR:Quay:27274"/>
            </PassengerStopAssignment>
            <PassengerStopAssignment order="1125700010" id="VTR:PassengerStopAssignment:3368983" version="1">
              <ScheduledStopPointRef ref="VTR:ScheduledStopPoint:3368983" version="1"/>
              <QuayRef ref="VTR:Quay:27435"/>
            </PassengerStopAssignment>
            <PassengerStopAssignment order="1125700011" id="VTR:PassengerStopAssignment:3368984" version="1">
              <ScheduledStopPointRef ref="VTR:ScheduledStopPoint:3368984" version="1"/>
              <QuayRef ref="VTR:Quay:27293"/>
            </PassengerStopAssignment>
            <PassengerStopAssignment order="1125700012" id="VTR:PassengerStopAssignment:3368985" version="1">
              <ScheduledStopPointRef ref="VTR:ScheduledStopPoint:3368985" version="1"/>
              <QuayRef ref="VTR:Quay:27336"/>
            </PassengerStopAssignment>
            <PassengerStopAssignment order="1125700013" id="VTR:PassengerStopAssignment:3368986" version="1">
              <ScheduledStopPointRef ref="VTR:ScheduledStopPoint:3368986" version="1"/>
              <QuayRef ref="VTR:Quay:27335"/>
            </PassengerStopAssignment>
            <PassengerStopAssignment order="1125700014" id="VTR:PassengerStopAssignment:3368987" version="1">
              <ScheduledStopPointRef ref="VTR:ScheduledStopPoint:3368987" version="1"/>
              <QuayRef ref="VTR:Quay:27486"/>
            </PassengerStopAssignment>
          </stopAssignments>
          <journeyPatterns>
            <JourneyPattern id="VTR:JourneyPattern:7050785" version="7054371">
              <RouteRef ref="VTR:Route:11257" version="1"/>
              <pointsInSequence>
                <StopPointInJourneyPattern id="VTR:StopPointInJourneyPattern:243345419" version="7054371" order="1">
                  <ScheduledStopPointRef ref="VTR:ScheduledStopPoint:3368955"/>
                  <DestinationDisplayRef ref="VTR:DestinationDisplay:1"/>
                </StopPointInJourneyPattern>
                <StopPointInJourneyPattern id="VTR:StopPointInJourneyPattern:243345420" version="7054371" order="2">
                  <ScheduledStopPointRef ref="VTR:ScheduledStopPoint:3368975"/>
                  <DestinationDisplayRef ref="VTR:DestinationDisplay:1"/>
                </StopPointInJourneyPattern>
                <StopPointInJourneyPattern id="VTR:StopPointInJourneyPattern:243345421" version="7054371" order="3">
                  <ScheduledStopPointRef ref="VTR:ScheduledStopPoint:3368976"/>
                  <DestinationDisplayRef ref="VTR:DestinationDisplay:1"/>
                </StopPointInJourneyPattern>
                <StopPointInJourneyPattern id="VTR:StopPointInJourneyPattern:243345422" version="7054371" order="4">
                  <ScheduledStopPointRef ref="VTR:ScheduledStopPoint:3368977"/>
                  <DestinationDisplayRef ref="VTR:DestinationDisplay:1"/>
                </StopPointInJourneyPattern>
                <StopPointInJourneyPattern id="VTR:StopPointInJourneyPattern:243345423" version="7054371" order="5">
                  <ScheduledStopPointRef ref="VTR:ScheduledStopPoint:3368978"/>
                  <DestinationDisplayRef ref="VTR:DestinationDisplay:1"/>
                </StopPointInJourneyPattern>
                <StopPointInJourneyPattern id="VTR:StopPointInJourneyPattern:243345424" version="7054371" order="6">
                  <ScheduledStopPointRef ref="VTR:ScheduledStopPoint:3368979"/>
                  <DestinationDisplayRef ref="VTR:DestinationDisplay:1"/>
                </StopPointInJourneyPattern>
                <StopPointInJourneyPattern id="VTR:StopPointInJourneyPattern:243345425" version="7054371" order="7">
                  <ScheduledStopPointRef ref="VTR:ScheduledStopPoint:3368980"/>
                  <DestinationDisplayRef ref="VTR:DestinationDisplay:1"/>
                </StopPointInJourneyPattern>
                <StopPointInJourneyPattern id="VTR:StopPointInJourneyPattern:243345426" version="7054371" order="8">
                  <ScheduledStopPointRef ref="VTR:ScheduledStopPoint:3368981"/>
                  <DestinationDisplayRef ref="VTR:DestinationDisplay:1"/>
                </StopPointInJourneyPattern>
                <StopPointInJourneyPattern id="VTR:StopPointInJourneyPattern:243345427" version="7054371" order="9">
                  <ScheduledStopPointRef ref="VTR:ScheduledStopPoint:3368982"/>
                  <DestinationDisplayRef ref="VTR:DestinationDisplay:1"/>
                </StopPointInJourneyPattern>
                <StopPointInJourneyPattern id="VTR:StopPointInJourneyPattern:243345428" version="7054371" order="10">
                  <ScheduledStopPointRef ref="VTR:ScheduledStopPoint:3368983"/>
                  <DestinationDisplayRef ref="VTR:DestinationDisplay:1"/>
                </StopPointInJourneyPattern>
                <StopPointInJourneyPattern id="VTR:StopPointInJourneyPattern:243345429" version="7054371" order="11">
                  <ScheduledStopPointRef ref="VTR:ScheduledStopPoint:3368984"/>
                  <DestinationDisplayRef ref="VTR:DestinationDisplay:1"/>
                </StopPointInJourneyPattern>
                <StopPointInJourneyPattern id="VTR:StopPointInJourneyPattern:243345430" version="7054371" order="12">
                  <ScheduledStopPointRef ref="VTR:ScheduledStopPoint:3368985"/>
                  <DestinationDisplayRef ref="VTR:DestinationDisplay:1"/>
                </StopPointInJourneyPattern>
                <StopPointInJourneyPattern id="VTR:StopPointInJourneyPattern:243345431" version="7054371" order="13">
                  <ScheduledStopPointRef ref="VTR:ScheduledStopPoint:3368986"/>
                  <DestinationDisplayRef ref="VTR:DestinationDisplay:1"/>
                </StopPointInJourneyPattern>
                <StopPointInJourneyPattern id="VTR:StopPointInJourneyPattern:243345432" version="7054371" order="14">
                  <ScheduledStopPointRef ref="VTR:ScheduledStopPoint:3368987"/>
                  <DestinationDisplayRef ref="VTR:DestinationDisplay:1"/>
                </StopPointInJourneyPattern>
              </pointsInSequence>
            </JourneyPattern>
          </journeyPatterns>
        </ServiceFrame>
        <TimetableFrame version="1" id="VTR:TimetableFrame:1351">
          <vehicleJourneys>
            <ServiceJourney version="7054371" id="VTR:ServiceJourney:7050785">
              <Name>siauliai_bus_22_a-b</Name>
              <dayTypes>
                <DayTypeRef ref="VTR:DayType:39073"/>
              </dayTypes>
              <JourneyPatternRef version="7054371" ref="VTR:JourneyPattern:7050785"/>
              <OperatorRef ref="VTR:Operator:448"/>
              <LineRef ref="VTR:Line:4150" version="4651"/>
              <passingTimes>
                <TimetabledPassingTime version="7054371" id="VTR:TimetabledPassingTime:7050785_243345419_1">
                  <StopPointInJourneyPatternRef ref="VTR:StopPointInJourneyPattern:243345419" version="7054371"/>
                  <DepartureTime>07:27:00</DepartureTime>
                  <DepartureDayOffset>0</DepartureDayOffset>
                </TimetabledPassingTime>
                <TimetabledPassingTime version="7054371" id="VTR:TimetabledPassingTime:7050785_243345420_2">
                  <StopPointInJourneyPatternRef ref="VTR:StopPointInJourneyPattern:243345420" version="7054371"/>
                  <DepartureTime>07:29:00</DepartureTime>
                  <DepartureDayOffset>0</DepartureDayOffset>
                </TimetabledPassingTime>
                <TimetabledPassingTime version="7054371" id="VTR:TimetabledPassingTime:7050785_243345421_3">
                  <StopPointInJourneyPatternRef ref="VTR:StopPointInJourneyPattern:243345421" version="7054371"/>
                  <DepartureTime>07:30:00</DepartureTime>
                  <DepartureDayOffset>0</DepartureDayOffset>
                </TimetabledPassingTime>
                <TimetabledPassingTime version="7054371" id="VTR:TimetabledPassingTime:7050785_243345422_4">
                  <StopPointInJourneyPatternRef ref="VTR:StopPointInJourneyPattern:243345422" version="7054371"/>
                  <DepartureTime>07:33:00</DepartureTime>
                  <DepartureDayOffset>0</DepartureDayOffset>
                </TimetabledPassingTime>
                <TimetabledPassingTime version="7054371" id="VTR:TimetabledPassingTime:7050785_243345423_5">
                  <StopPointInJourneyPatternRef ref="VTR:StopPointInJourneyPattern:243345423" version="7054371"/>
                  <DepartureTime>07:34:00</DepartureTime>
                  <DepartureDayOffset>0</DepartureDayOffset>
                </TimetabledPassingTime>
                <TimetabledPassingTime version="7054371" id="VTR:TimetabledPassingTime:7050785_243345424_6">
                  <StopPointInJourneyPatternRef ref="VTR:StopPointInJourneyPattern:243345424" version="7054371"/>
                  <DepartureTime>07:35:00</DepartureTime>
                  <DepartureDayOffset>0</DepartureDayOffset>
                </TimetabledPassingTime>
                <TimetabledPassingTime version="7054371" id="VTR:TimetabledPassingTime:7050785_243345425_7">
                  <StopPointInJourneyPatternRef ref="VTR:StopPointInJourneyPattern:243345425" version="7054371"/>
                  <DepartureTime>07:37:00</DepartureTime>
                  <DepartureDayOffset>0</DepartureDayOffset>
                </TimetabledPassingTime>
                <TimetabledPassingTime version="7054371" id="VTR:TimetabledPassingTime:7050785_243345426_8">
                  <StopPointInJourneyPatternRef ref="VTR:StopPointInJourneyPattern:243345426" version="7054371"/>
                  <DepartureTime>07:39:00</DepartureTime>
                  <DepartureDayOffset>0</DepartureDayOffset>
                </TimetabledPassingTime>
                <TimetabledPassingTime version="7054371" id="VTR:TimetabledPassingTime:7050785_243345427_9">
                  <StopPointInJourneyPatternRef ref="VTR:StopPointInJourneyPattern:243345427" version="7054371"/>
                  <DepartureTime>07:40:00</DepartureTime>
                  <DepartureDayOffset>0</DepartureDayOffset>
                </TimetabledPassingTime>
                <TimetabledPassingTime version="7054371" id="VTR:TimetabledPassingTime:7050785_243345428_10">
                  <StopPointInJourneyPatternRef ref="VTR:StopPointInJourneyPattern:243345428" version="7054371"/>
                  <DepartureTime>07:43:00</DepartureTime>
                  <DepartureDayOffset>0</DepartureDayOffset>
                </TimetabledPassingTime>
                <TimetabledPassingTime version="7054371" id="VTR:TimetabledPassingTime:7050785_243345429_11">
                  <StopPointInJourneyPatternRef ref="VTR:StopPointInJourneyPattern:243345429" version="7054371"/>
                  <DepartureTime>07:47:00</DepartureTime>
                  <DepartureDayOffset>0</DepartureDayOffset>
                </TimetabledPassingTime>
                <TimetabledPassingTime version="7054371" id="VTR:TimetabledPassingTime:7050785_243345430_12">
                  <StopPointInJourneyPatternRef ref="VTR:StopPointInJourneyPattern:243345430" version="7054371"/>
                  <DepartureTime>07:49:00</DepartureTime>
                  <DepartureDayOffset>0</DepartureDayOffset>
                </TimetabledPassingTime>
                <TimetabledPassingTime version="7054371" id="VTR:TimetabledPassingTime:7050785_243345431_13">
                  <StopPointInJourneyPatternRef ref="VTR:StopPointInJourneyPattern:243345431" version="7054371"/>
                  <DepartureTime>07:50:00</DepartureTime>
                  <DepartureDayOffset>0</DepartureDayOffset>
                </TimetabledPassingTime>
                <TimetabledPassingTime version="7054371" id="VTR:TimetabledPassingTime:7050785_243345432_14">
                  <StopPointInJourneyPatternRef ref="VTR:StopPointInJourneyPattern:243345432" version="7054371"/>
                  <DepartureTime>07:52:00</DepartureTime>
                  <DepartureDayOffset>0</DepartureDayOffset>
                </TimetabledPassingTime>
              </passingTimes>
            </ServiceJourney>
          </vehicleJourneys>
        </TimetableFrame>
        <ResourceFrame version="1" id="VTR:ResourceFrame:1351">
          <organisations>
            <Authority version="1" id="VTR:Authority:44">
              <CompanyNumber>29</CompanyNumber>
              <Name>Šiaulių m. sav.</Name>
              <LegalName>Šiaulių m. sav.</LegalName>
              <ContactDetails>
                <Email>rastine@siauliai.lt</Email>
                <Phone>841596200</Phone>
                <Url>edem.siauliai.lt</Url>
              </ContactDetails>
              <OrganisationType>authority</OrganisationType>
            </Authority>
          </organisations>
        </ResourceFrame>
        <FareFrame id="VTR:FareFrame:4150" version="1">
          <FrameDefaults>
            <DefaultCurrency>EUR</DefaultCurrency>
          </FrameDefaults>
          <usageParameters>
            <RoundTrip id="VTR:RoundTrip:single" version="1">
              <Name>Single</Name>
              <TripType>single</TripType>
            </RoundTrip>
            <FrequencyOfUse id="VTR:FrequencyOfUse:once" version="1">
              <Name>Once</Name>
              <MaximalFrequency>1</MaximalFrequency>
            </FrequencyOfUse>
          </usageParameters>
          <priceGroups>
            <PriceGroup id="VTR:PriceGroup:PG01" version="1">
              <Name>Flat Fare Products - Standard</Name>
              <members>
                <FareProductPrice id="VTR:FareProductPrice:standard" version="1">
                  <Name>Single fare</Name>
                  <Amount>0.7</Amount>
                  <Currency>EUR</Currency>
                </FareProductPrice>
              </members>
            </PriceGroup>
          </priceGroups>
        </FareFrame>
      </frames>
    </CompositeFrame>
  </dataObjects>
</PublicationDelivery>
