<?xml version="1.0" encoding="UTF-8"?><PublicationDelivery xmlns="http://www.netex.org.uk/netex" xmlns:gis="http://www.opengis.net/gml/3.2" xmlns:ns2="http://www.opengis.net/gml/3.2" xmlns:ns3="http://www.siri.org.uk/siri" xmlns:xsi="http://www.w3.org/2001/XMLSchema-instance" version="1" xsi:schemaLocation="">
  <PublicationTimestamp>2022-05-07T00:50:00.296</PublicationTimestamp>
  <ParticipantRef>VTR</ParticipantRef>
  <Description>1</Description>
  <dataObjects>
    <CompositeFrame created="2022-05-07T00:50:00.296" version="1" id="VTR:CompositeFrame:1351">
      <validityConditions>
        <AvailabilityCondition version="1" id="VTR:AvailabilityCondition:1351">
          <FromDate>2010-03-23T00:00:00</FromDate>
          <ToDate>2023-03-31T00:00:00</ToDate>
        </AvailabilityCondition>
      </validityConditions>
      <codespaces>
        <Codespace id="vtr">
          <Xmlns>VTR</Xmlns>
          <XmlnsUrl>http://www.visimarsrutai.lt/</XmlnsUrl>
        </Codespace>
      </codespaces>
      <FrameDefaults>
        <DefaultLocale>
          <TimeZone>Europe/Vilnius</TimeZone>
        </DefaultLocale>
        <DefaultLocationSystem>WGS84</DefaultLocationSystem>
      </FrameDefaults>
      <frames>
        <ServiceCalendarFrame version="1" id="VTR:ServiceCalendarFrame:1351">
          <dayTypes>
            <DayType id="VTR:DayType:90" version="1">
              <properties>
                <PropertyOfDay>
                  <DaysOfWeek>Weekdays</DaysOfWeek>
                </PropertyOfDay>
              </properties>
            </DayType>
            <DayType id="VTR:DayType:96" version="1">
              <properties>
                <PropertyOfDay>
                  <DaysOfWeek>Sunday</DaysOfWeek>
                </PropertyOfDay>
              </properties>
            </DayType>
          </dayTypes>
          <operatingPeriods>
            <OperatingPeriod version="1" id="VTR:OperatingPeriod:90">
              <FromDate>2015-06-02T00:00:00</FromDate>
              <ToDate>2099-12-31T00:00:00</ToDate>
            </OperatingPeriod>
            <OperatingPeriod version="1" id="VTR:OperatingPeriod:96">
              <FromDate>2015-06-02T00:00:00</FromDate>
              <ToDate>2099-12-31T00:00:00</ToDate>
            </OperatingPeriod>
          </operatingPeriods>
          <dayTypeAssignments>
            <DayTypeAssignment id="VTR:DayTypeAssignment:90_0" version="1" order="172">
              <OperatingPeriodRef ref="VTR:OperatingPeriod:90" version="1"/>
              <DayTypeRef ref="VTR:DayType:90" version="1"/>
            </DayTypeAssignment>
            <DayTypeAssignment id="VTR:DayTypeAssignment:96_0" version="1" order="252">
              <OperatingPeriodRef ref="VTR:OperatingPeriod:96" version="1"/>
              <DayTypeRef ref="VTR:DayType:96" version="1"/>
            </DayTypeAssignment>
          </dayTypeAssignments>
        </ServiceCalendarFrame>
        <ServiceFrame id="VTR:ServiceFrame:1351" version="1">
          <Network version="0" id="VTR:Network:2"/>
          <routePoints>
            <RoutePoint version="1" id="VTR:RoutePoint:28610">
              <projections>
                <PointProjection version="1" id="VTR:PointProjection:7925">
                  <ProjectedPointRef ref="VTR:ScheduledStopPoint:28610" version="1"/>
                </PointProjection>
              </projections>
            </RoutePoint>
            <RoutePoint version="1" id="VTR:RoutePoint:28611">
              <projections>
                <PointProjection version="1" id="VTR:PointProjection:7926">
                  <ProjectedPointRef ref="VTR:ScheduledStopPoint:28611" version="1"/>
                </PointProjection>
              </projections>
            </RoutePoint>
            <RoutePoint version="1" id="VTR:RoutePoint:28615">
              <projections>
                <PointProjection version="1" id="VTR:PointProjection:7927">
                  <ProjectedPointRef ref="VTR:ScheduledStopPoint:28615" version="1"/>
                </PointProjection>
              </projections>
            </RoutePoint>
            <RoutePoint version="1" id="VTR:RoutePoint:28616">
              <projections>
                <PointProjection version="1" id="VTR:PointProjection:7449">
                  <ProjectedPointRef ref="VTR:ScheduledStopPoint:28616" version="1"/>
                </PointProjection>
              </projections>
            </RoutePoint>
            <RoutePoint version="1" id="VTR:RoutePoint:28625">
              <projections>
                <PointProjection version="1" id="VTR:PointProjection:7450">
                  <ProjectedPointRef ref="VTR:ScheduledStopPoint:28625" version="1"/>
                </PointProjection>
              </projections>
            </RoutePoint>
            <RoutePoint version="1" id="VTR:RoutePoint:28626">
              <projections>
                <PointProjection version="1" id="VTR:PointProjection:7451">
                  <ProjectedPointRef ref="VTR:ScheduledStopPoint:28626" version="1"/>
                </PointProjection>
              </projections>
            </RoutePoint>
            <RoutePoint version="1" id="VTR:RoutePoint:55538">
              <projections>
                <PointProjection version="1" id="VTR:PointProjection:18399">
                  <ProjectedPointRef ref="VTR:ScheduledStopPoint:55538" version="1"/>
                </PointProjection>
              </projections>
            </RoutePoint>
            <RoutePoint version="1" id="VTR:RoutePoint:55539">
              <projections>
                <PointProjection version="1" id="VTR:PointProjection:18400">
                  <ProjectedPointRef ref="VTR:ScheduledStopPoint:55539" version="1"/>
                </PointProjection>
              </projections>
            </RoutePoint>
            <RoutePoint version="1" id="VTR:RoutePoint:55540">
              <projections>
                <PointProjection version="1" id="VTR:PointProjection:18401">
                  <ProjectedPointRef ref="VTR:ScheduledStopPoint:55540" version="1"/>
                </PointProjection>
              </projections>
            </RoutePoint>
            <RoutePoint version="1" id="VTR:RoutePoint:55541">
              <projections>
                <PointProjection version="1" id="VTR:PointProjection:20416">
                  <ProjectedPointRef ref="VTR:ScheduledStopPoint:55541" version="1"/>
                </PointProjection>
              </projections>
            </RoutePoint>
            <RoutePoint version="1" id="VTR:RoutePoint:55542">
              <projections>
                <PointProjection version="1" id="VTR:PointProjection:20417">
                  <ProjectedPointRef ref="VTR:ScheduledStopPoint:55542" version="1"/>
                </PointProjection>
              </projections>
            </RoutePoint>
          </routePoints>
          <routes>
            <Route version="1" id="VTR:Route:2224">
              <Name>Kaunas-Panevėžys</Name>
              <ShortName>Kaunas-Panevėžys</ShortName>
              <LineRef ref="VTR:Line:661" version="646"/>
              <DirectionType>inbound</DirectionType>
              <pointsInSequence>
                <PointOnRoute version="1" id="VTR:PointOnRoute:28616" order="1">
                  <RoutePointRef ref="VTR:RoutePoint:28616"/>
                </PointOnRoute>
                <PointOnRoute version="1" id="VTR:PointOnRoute:55541" order="2">
                  <RoutePointRef ref="VTR:RoutePoint:55541"/>
                </PointOnRoute>
                <PointOnRoute version="1" id="VTR:PointOnRoute:55542" order="4">
                  <RoutePointRef ref="VTR:RoutePoint:55542"/>
                </PointOnRoute>
                <PointOnRoute version="1" id="VTR:PointOnRoute:28626" order="5">
                  <RoutePointRef ref="VTR:RoutePoint:28626"/>
                </PointOnRoute>
              </pointsInSequence>
            </Route>
            <Route version="1" id="VTR:Route:2223">
              <Name>Panevėžys-Kaunas</Name>
              <ShortName>Panevėžys-Kaunas</ShortName>
              <LineRef ref="VTR:Line:661" version="646"/>
              <DirectionType>outbound</DirectionType>
              <pointsInSequence>
                <PointOnRoute version="1" id="VTR:PointOnRoute:28610" order="1">
                  <RoutePointRef ref="VTR:RoutePoint:28610"/>
                </PointOnRoute>
                <PointOnRoute version="1" id="VTR:PointOnRoute:55538" order="2">
                  <RoutePointRef ref="VTR:RoutePoint:55538"/>
                </PointOnRoute>
                <PointOnRoute version="1" id="VTR:PointOnRoute:28611" order="3">
                  <RoutePointRef ref="VTR:RoutePoint:28611"/>
                </PointOnRoute>
                <PointOnRoute version="1" id="VTR:PointOnRoute:55539" order="4">
                  <RoutePointRef ref="VTR:RoutePoint:55539"/>
                </PointOnRoute>
                <PointOnRoute version="1" id="VTR:PointOnRoute:55540" order="5">
                  <RoutePointRef ref="VTR:RoutePoint:55540"/>
                </PointOnRoute>
                <PointOnRoute version="1" id="VTR:PointOnRoute:28615" order="6">
                  <RoutePointRef ref="VTR:RoutePoint:28615"/>
                </PointOnRoute>
              </pointsInSequence>
            </Route>
          </routes>
          <lines>
            <Line version="646" id="VTR:Line:661">
              <Name>Panevėžys-Kaunas</Name>
              <TransportMode>bus</TransportMode>
              <TransportSubmode>
                <CoachSubmode>nationalCoach</CoachSubmode>
              </TransportSubmode>
              <PublicCode>M-551</PublicCode>
              <OperatorRef ref="VTR:Operator:2"/>
            </Line>
          </lines>
          <scheduledStopPoints>
            <ScheduledStopPoint version="1" id="VTR:ScheduledStopPoint:28610">
              <Name>Panevėžio autobusų stotis</Name>
            </ScheduledStopPoint>
            <ScheduledStopPoint version="1" id="VTR:ScheduledStopPoint:28611">
              <Name>Ramygala</Name>
            </ScheduledStopPoint>
            <ScheduledStopPoint version="1" id="VTR:ScheduledStopPoint:28615">
              <Name>Kauno autobusų stotis</Name>
            </ScheduledStopPoint>
            <ScheduledStopPoint version="1" id="VTR:ScheduledStopPoint:28616">
              <Name>Kauno autobusų stotis</Name>
            </ScheduledStopPoint>
            <ScheduledStopPoint version="1" id="VTR:ScheduledStopPoint:28625">
              <Name>Ramygala</Name>
            </ScheduledStopPoint>
            <ScheduledStopPoint version="1" id="VTR:ScheduledStopPoint:28626">
              <Name>Panevėžio autobusų stotis</Name>
            </ScheduledStopPoint>
            <ScheduledStopPoint version="1" id="VTR:ScheduledStopPoint:55538">
              <Name>Autobusų parkas</Name>
            </ScheduledStopPoint>
            <ScheduledStopPoint version="1" id="VTR:ScheduledStopPoint:55539">
              <Name>Šilainių poliklinika</Name>
            </ScheduledStopPoint>
            <ScheduledStopPoint version="1" id="VTR:ScheduledStopPoint:55540">
              <Name>Kauno pilis</Name>
            </ScheduledStopPoint>
            <ScheduledStopPoint version="1" id="VTR:ScheduledStopPoint:55541">
              <Name>Šilainių poliklinika</Name>
            </ScheduledStopPoint>
            <ScheduledStopPoint version="1" id="VTR:ScheduledStopPoint:55542">
              <Name>Autobusų parkas</Name>
            </ScheduledStopPoint>
          </scheduledStopPoints>
          <serviceLinks>
            <ServiceLink id="VTR:ServiceLink:28625_1_55542_1" version="1">
              <Distance>23</Distance>
              <FromPointRef ref="VTR:ScheduledStopPoint:28625" version="1"/>
              <ToPointRef ref="VTR:ScheduledStopPoint:55542" version="1"/>
            </ServiceLink>
            <ServiceLink id="VTR:ServiceLink:55538_1_28611_1" version="1">
              <Distance>23</Distance>
              <FromPointRef ref="VTR:ScheduledStopPoint:55538" version="1"/>
              <ToPointRef ref="VTR:ScheduledStopPoint:28611" version="1"/>
            </ServiceLink>
            <ServiceLink id="VTR:ServiceLink:55541_1_28625_1" version="1">
              <Distance>76</Distance>
              <FromPointRef ref="VTR:ScheduledStopPoint:55541" version="1"/>
              <ToPointRef ref="VTR:ScheduledStopPoint:28625" version="1"/>
            </ServiceLink>
            <ServiceLink id="VTR:ServiceLink:28611_1_55539_1" version="1">
              <Distance>76</Distance>
              <FromPointRef ref="VTR:ScheduledStopPoint:28611" version="1"/>
              <ToPointRef ref="VTR:ScheduledStopPoint:55539" version="1"/>
            </ServiceLink>
            <ServiceLink id="VTR:ServiceLink:55542_1_28626_1" version="1">
              <Distance>1</Distance>
              <FromPointRef ref="VTR:ScheduledStopPoint:55542" version="1"/>
              <ToPointRef ref="VTR:ScheduledStopPoint:28626" version="1"/>
            </ServiceLink>
            <ServiceLink id="VTR:ServiceLink:28610_1_55538_1" version="1">
              <Distance>1</Distance>
              <FromPointRef ref="VTR:ScheduledStopPoint:28610" version="1"/>
              <ToPointRef ref="VTR:ScheduledStopPoint:55538" version="1"/>
            </ServiceLink>
          </serviceLinks>
          <stopAssignments>
            <PassengerStopAssignment order="222300000" id="VTR:PassengerStopAssignment:28610" version="1">
              <ScheduledStopPointRef ref="VTR:ScheduledStopPoint:28610" version="1"/>
              <QuayRef ref="VTR:Quay:19459"/>
            </PassengerStopAssignment>
            <PassengerStopAssignment order="222300001" id="VTR:PassengerStopAssignment:55538" version="1">
              <ScheduledStopPointRef ref="VTR:ScheduledStopPoint:55538" version="1"/>
              <QuayRef ref="VTR:Quay:20048"/>
            </PassengerStopAssignment>
            <PassengerStopAssignment order="222300002" id="VTR:PassengerStopAssignment:28611" version="1">
              <ScheduledStopPointRef ref="VTR:ScheduledStopPoint:28611" version="1"/>
              <QuayRef ref="VTR:Quay:13777"/>
            </PassengerStopAssignment>
            <PassengerStopAssignment order="222300003" id="VTR:PassengerStopAssignment:55539" version="1">
              <ScheduledStopPointRef ref="VTR:ScheduledStopPoint:55539" version="1"/>
              <QuayRef ref="VTR:Quay:21440"/>
            </PassengerStopAssignment>
            <PassengerStopAssignment order="222300005" id="VTR:PassengerStopAssignment:55540" version="1">
              <ScheduledStopPointRef ref="VTR:ScheduledStopPoint:55540" version="1"/>
              <QuayRef ref="VTR:Quay:21441"/>
            </PassengerStopAssignment>
            <PassengerStopAssignment order="222300007" id="VTR:PassengerStopAssignment:28615" version="1">
              <ScheduledStopPointRef ref="VTR:ScheduledStopPoint:28615" version="1"/>
              <QuayRef ref="VTR:Quay:19470"/>
            </PassengerStopAssignment>
            <PassengerStopAssignment order="222400000" id="VTR:PassengerStopAssignment:28616" version="1">
              <ScheduledStopPointRef ref="VTR:ScheduledStopPoint:28616" version="1"/>
              <QuayRef ref="VTR:Quay:19470"/>
            </PassengerStopAssignment>
            <PassengerStopAssignment order="222400008" id="VTR:PassengerStopAssignment:55541" version="1">
              <ScheduledStopPointRef ref="VTR:ScheduledStopPoint:55541" version="1"/>
              <QuayRef ref="VTR:Quay:21439"/>
            </PassengerStopAssignment>
            <PassengerStopAssignment order="222400009" id="VTR:PassengerStopAssignment:28625" version="1">
              <ScheduledStopPointRef ref="VTR:ScheduledStopPoint:28625" version="1"/>
              <QuayRef ref="VTR:Quay:14858"/>
            </PassengerStopAssignment>
            <PassengerStopAssignment order="222400010" id="VTR:PassengerStopAssignment:55542" version="1">
              <ScheduledStopPointRef ref="VTR:ScheduledStopPoint:55542" version="1"/>
              <QuayRef ref="VTR:Quay:20047"/>
            </PassengerStopAssignment>
            <PassengerStopAssignment order="222400011" id="VTR:PassengerStopAssignment:28626" version="1">
              <ScheduledStopPointRef ref="VTR:ScheduledStopPoint:28626" version="1"/>
              <QuayRef ref="VTR:Quay:19459"/>
            </PassengerStopAssignment>
          </stopAssignments>
          <journeyPatterns>
            <JourneyPattern id="VTR:JourneyPattern:42103" version="42080">
              <Name>5*X</Name>
              <RouteRef ref="VTR:Route:2223" version="1"/>
              <pointsInSequence>
                <StopPointInJourneyPattern id="VTR:StopPointInJourneyPattern:891371" version="42080" order="1">
                  <ScheduledStopPointRef ref="VTR:ScheduledStopPoint:28610"/>
                  <ForAlighting>false</ForAlighting>
                  <DestinationDisplayRef ref="VTR:DestinationDisplay:1"/>
                </StopPointInJourneyPattern>
                <StopPointInJourneyPattern id="VTR:StopPointInJourneyPattern:946757" version="42080" order="2">
                  <ScheduledStopPointRef ref="VTR:ScheduledStopPoint:55538"/>
                  <ForAlighting>false</ForAlighting>
                  <DestinationDisplayRef ref="VTR:DestinationDisplay:1"/>
                </StopPointInJourneyPattern>
                <StopPointInJourneyPattern id="VTR:StopPointInJourneyPattern:946758" version="42080" order="4">
                  <ScheduledStopPointRef ref="VTR:ScheduledStopPoint:55539"/>
                  <ForBoarding>false</ForBoarding>
                  <DestinationDisplayRef ref="VTR:DestinationDisplay:1"/>
                </StopPointInJourneyPattern>
                <StopPointInJourneyPattern id="VTR:StopPointInJourneyPattern:946759" version="42080" order="5">
                  <ScheduledStopPointRef ref="VTR:ScheduledStopPoint:55540"/>
                  <ForBoarding>false</ForBoarding>
                  <DestinationDisplayRef ref="VTR:DestinationDisplay:1"/>
                </StopPointInJourneyPattern>
                <StopPointInJourneyPattern id="VTR:StopPointInJourneyPattern:946682" version="42080" order="6">
                  <ScheduledStopPointRef ref="VTR:ScheduledStopPoint:28615"/>
                  <ForBoarding>false</ForBoarding>
                  <DestinationDisplayRef ref="VTR:DestinationDisplay:1"/>
                </StopPointInJourneyPattern>
              </pointsInSequence>
            </JourneyPattern>
            <JourneyPattern id="VTR:JourneyPattern:42105" version="42082">
              <Name>2*X</Name>
              <RouteRef ref="VTR:Route:2224" version="1"/>
              <pointsInSequence>
                <StopPointInJourneyPattern id="VTR:StopPointInJourneyPattern:891377" version="42082" order="1">
                  <ScheduledStopPointRef ref="VTR:ScheduledStopPoint:28616"/>
                  <ForAlighting>false</ForAlighting>
                  <DestinationDisplayRef ref="VTR:DestinationDisplay:1"/>
                </StopPointInJourneyPattern>
                <StopPointInJourneyPattern id="VTR:StopPointInJourneyPattern:946790" version="42082" order="2">
                  <ScheduledStopPointRef ref="VTR:ScheduledStopPoint:55541"/>
                  <ForAlighting>false</ForAlighting>
                  <DestinationDisplayRef ref="VTR:DestinationDisplay:1"/>
                </StopPointInJourneyPattern>
                <StopPointInJourneyPattern id="VTR:StopPointInJourneyPattern:946791" version="42082" order="4">
                  <ScheduledStopPointRef ref="VTR:ScheduledStopPoint:55542"/>
                  <ForBoarding>false</ForBoarding>
                  <DestinationDisplayRef ref="VTR:DestinationDisplay:1"/>
                </StopPointInJourneyPattern>
                <StopPointInJourneyPattern id="VTR:StopPointInJourneyPattern:946789" version="42082" order="5">
                  <ScheduledStopPointRef ref="VTR:ScheduledStopPoint:28626"/>
                  <ForBoarding>false</ForBoarding>
                  <DestinationDisplayRef ref="VTR:DestinationDisplay:1"/>
                </StopPointInJourneyPattern>
              </pointsInSequence>
            </JourneyPattern>
            <JourneyPattern id="VTR:JourneyPattern:42101" version="42078">
              <Name>3*X</Name>
              <RouteRef ref="VTR:Route:2223" version="1"/>
              <pointsInSequence>
                <StopPointInJourneyPattern id="VTR:StopPointInJourneyPattern:891365" version="42078" order="1">
                  <ScheduledStopPointRef ref="VTR:ScheduledStopPoint:28610"/>
                  <ForAlighting>false</ForAlighting>
                  <DestinationDisplayRef ref="VTR:DestinationDisplay:1"/>
                </StopPointInJourneyPattern>
                <StopPointInJourneyPattern id="VTR:StopPointInJourneyPattern:946737" version="42078" order="2">
                  <ScheduledStopPointRef ref="VTR:ScheduledStopPoint:55538"/>
                  <ForAlighting>false</ForAlighting>
                  <DestinationDisplayRef ref="VTR:DestinationDisplay:1"/>
                </StopPointInJourneyPattern>
                <StopPointInJourneyPattern id="VTR:StopPointInJourneyPattern:946738" version="42078" order="4">
                  <ScheduledStopPointRef ref="VTR:ScheduledStopPoint:55539"/>
                  <ForBoarding>false</ForBoarding>
                  <DestinationDisplayRef ref="VTR:DestinationDisplay:1"/>
                </StopPointInJourneyPattern>
                <StopPointInJourneyPattern id="VTR:StopPointInJourneyPattern:946739" version="42078" order="5">
                  <ScheduledStopPointRef ref="VTR:ScheduledStopPoint:55540"/>
                  <ForBoarding>false</ForBoarding>
                  <DestinationDisplayRef ref="VTR:DestinationDisplay:1"/>
                </StopPointInJourneyPattern>
                <StopPointInJourneyPattern id="VTR:StopPointInJourneyPattern:946681" version="42078" order="6">
                  <ScheduledStopPointRef ref="VTR:ScheduledStopPoint:28615"/>
                  <ForBoarding>false</ForBoarding>
                  <DestinationDisplayRef ref="VTR:DestinationDisplay:1"/>
                </StopPointInJourneyPattern>
              </pointsInSequence>
            </JourneyPattern>
            <JourneyPattern id="VTR:JourneyPattern:42100" version="42077">
              <Name>1*</Name>
              <RouteRef ref="VTR:Route:2223" version="1"/>
              <pointsInSequence>
                <StopPointInJourneyPattern id="VTR:StopPointInJourneyPattern:891362" version="42077" order="1">
                  <ScheduledStopPointRef ref="VTR:ScheduledStopPoint:28610"/>
                  <ForAlighting>false</ForAlighting>
                  <DestinationDisplayRef ref="VTR:DestinationDisplay:1"/>
                </StopPointInJourneyPattern>
                <StopPointInJourneyPattern id="VTR:StopPointInJourneyPattern:946717" version="42077" order="2">
                  <ScheduledStopPointRef ref="VTR:ScheduledStopPoint:55538"/>
                  <ForAlighting>false</ForAlighting>
                  <DestinationDisplayRef ref="VTR:DestinationDisplay:1"/>
                </StopPointInJourneyPattern>
                <StopPointInJourneyPattern id="VTR:StopPointInJourneyPattern:946679" version="42077" order="3">
                  <ScheduledStopPointRef ref="VTR:ScheduledStopPoint:28611"/>
                  <DestinationDisplayRef ref="VTR:DestinationDisplay:1"/>
                </StopPointInJourneyPattern>
                <StopPointInJourneyPattern id="VTR:StopPointInJourneyPattern:946718" version="42077" order="4">
                  <ScheduledStopPointRef ref="VTR:ScheduledStopPoint:55539"/>
                  <ForBoarding>false</ForBoarding>
                  <DestinationDisplayRef ref="VTR:DestinationDisplay:1"/>
                </StopPointInJourneyPattern>
                <StopPointInJourneyPattern id="VTR:StopPointInJourneyPattern:946719" version="42077" order="5">
                  <ScheduledStopPointRef ref="VTR:ScheduledStopPoint:55540"/>
                  <ForBoarding>false</ForBoarding>
                  <DestinationDisplayRef ref="VTR:DestinationDisplay:1"/>
                </StopPointInJourneyPattern>
                <StopPointInJourneyPattern id="VTR:StopPointInJourneyPattern:946680" version="42077" order="6">
                  <ScheduledStopPointRef ref="VTR:ScheduledStopPoint:28615"/>
                  <ForBoarding>false</ForBoarding>
                  <DestinationDisplayRef ref="VTR:DestinationDisplay:1"/>
                </StopPointInJourneyPattern>
              </pointsInSequence>
            </JourneyPattern>
          </journeyPatterns>
        </ServiceFrame>
        <TimetableFrame version="1" id="VTR:TimetableFrame:1351">
          <vehicleJourneys>
            <ServiceJourney version="42082" id="VTR:ServiceJourney:42105">
              <Name>Kaunas-Panevėžys</Name>
              <PrivateCode>2*X</PrivateCode>
              <dayTypes>
                <DayTypeRef ref="VTR:DayType:96"/>
              </dayTypes>
              <JourneyPatternRef version="42082" ref="VTR:JourneyPattern:42105"/>
              <OperatorRef ref="VTR:Operator:504"/>
              <LineRef ref="VTR:Line:661" version="646"/>
              <passingTimes>
                <TimetabledPassingTime version="42082" id="VTR:TimetabledPassingTime:42105_891377_1">
                  <StopPointInJourneyPatternRef ref="VTR:StopPointInJourneyPattern:891377" version="42082"/>
                  <DepartureTime>18:00:00</DepartureTime>
                  <DepartureDayOffset>0</DepartureDayOffset>
                </TimetabledPassingTime>
                <TimetabledPassingTime version="42082" id="VTR:TimetabledPassingTime:42105_946790_2">
                  <StopPointInJourneyPatternRef ref="VTR:StopPointInJourneyPattern:946790" version="42082"/>
                  <DepartureTime>18:15:00</DepartureTime>
                  <DepartureDayOffset>0</DepartureDayOffset>
                </TimetabledPassingTime>
                <TimetabledPassingTime version="42082" id="VTR:TimetabledPassingTime:42105_946791_4">
                  <StopPointInJourneyPatternRef ref="VTR:StopPointInJourneyPattern:946791" version="42082"/>
                  <DepartureTime>19:40:00</DepartureTime>
                  <DepartureDayOffset>0</DepartureDayOffset>
                </TimetabledPassingTime>
                <TimetabledPassingTime version="42082" id="VTR:TimetabledPassingTime:42105_946789_5">
                  <StopPointInJourneyPatternRef ref="VTR:StopPointInJourneyPattern:946789" version="42082"/>
                  <DepartureTime>19:45:00</DepartureTime>
                  <DepartureDayOffset>0</DepartureDayOffset>
                </TimetabledPassingTime>
              </passingTimes>
            </ServiceJourney>
            <ServiceJourney version="42077" id="VTR:ServiceJourney:42100">
              <Name>Panevėžys-Kaunas</Name>
              <PrivateCode>1*</PrivateCode>
              <dayTypes>
                <DayTypeRef ref="VTR:DayType:90"/>
              </dayTypes>
              <JourneyPatternRef version="42077" ref="VTR:JourneyPattern:42100"/>
              <OperatorRef ref="VTR:Operator:504"/>
              <LineRef ref="VTR:Line:661" version="646"/>
              <passingTimes>
                <TimetabledPassingTime version="42077" id="VTR:TimetabledPassingTime:42100_891362_1">
                  <StopPointInJourneyPatternRef ref="VTR:StopPointInJourneyPattern:891362" version="42077"/>
                  <DepartureTime>13:00:00</DepartureTime>
                  <DepartureDayOffset>0</DepartureDayOffset>
                </TimetabledPassingTime>
                <TimetabledPassingTime version="42077" id="VTR:TimetabledPassingTime:42100_946717_2">
                  <StopPointInJourneyPatternRef ref="VTR:StopPointInJourneyPattern:946717" version="42077"/>
                  <DepartureTime>13:05:00</DepartureTime>
                  <DepartureDayOffset>0</DepartureDayOffset>
                </TimetabledPassingTime>
                <TimetabledPassingTime version="42077" id="VTR:TimetabledPassingTime:42100_946679_3">
                  <StopPointInJourneyPatternRef ref="VTR:StopPointInJourneyPattern:946679" version="42077"/>
                  <DepartureTime>13:25:00</DepartureTime>
                  <DepartureDayOffset>0</DepartureDayOffset>
                </TimetabledPassingTime>
                <TimetabledPassingTime version="42077" id="VTR:TimetabledPassingTime:42100_946718_4">
                  <StopPointInJourneyPatternRef ref="VTR:StopPointInJourneyPattern:946718" version="42077"/>
                  <DepartureTime>14:30:00</DepartureTime>
                  <DepartureDayOffset>0</DepartureDayOffset>
                </TimetabledPassingTime>
                <TimetabledPassingTime version="42077" id="VTR:TimetabledPassingTime:42100_946719_5">
                  <StopPointInJourneyPatternRef ref="VTR:StopPointInJourneyPattern:946719" version="42077"/>
                  <DepartureTime>14:37:00</DepartureTime>
                  <DepartureDayOffset>0</DepartureDayOffset>
                </TimetabledPassingTime>
                <TimetabledPassingTime version="42077" id="VTR:TimetabledPassingTime:42100_946680_6">
                  <StopPointInJourneyPatternRef ref="VTR:StopPointInJourneyPattern:946680" version="42077"/>
                  <DepartureTime>14:45:00</DepartureTime>
                  <DepartureDayOffset>0</DepartureDayOffset>
                </TimetabledPassingTime>
              </passingTimes>
            </ServiceJourney>
            <ServiceJourney version="42080" id="VTR:ServiceJourney:42103">
              <Name>Panevėžys-Kaunas</Name>
              <PrivateCode>5*X</PrivateCode>
              <dayTypes>
                <DayTypeRef ref="VTR:DayType:96"/>
              </dayTypes>
              <JourneyPatternRef version="42080" ref="VTR:JourneyPattern:42103"/>
              <OperatorRef ref="VTR:Operator:504"/>
              <LineRef ref="VTR:Line:661" version="646"/>
              <passingTimes>
                <TimetabledPassingTime version="42080" id="VTR:TimetabledPassingTime:42103_891371_1">
                  <StopPointInJourneyPatternRef ref="VTR:StopPointInJourneyPattern:891371" version="42080"/>
                  <DepartureTime>17:00:00</DepartureTime>
                  <DepartureDayOffset>0</DepartureDayOffset>
                </TimetabledPassingTime>
                <TimetabledPassingTime version="42080" id="VTR:TimetabledPassingTime:42103_946757_2">
                  <StopPointInJourneyPatternRef ref="VTR:StopPointInJourneyPattern:946757" version="42080"/>
                  <DepartureTime>17:05:00</DepartureTime>
                  <DepartureDayOffset>0</DepartureDayOffset>
                </TimetabledPassingTime>
                <TimetabledPassingTime version="42080" id="VTR:TimetabledPassingTime:42103_946758_4">
                  <StopPointInJourneyPatternRef ref="VTR:StopPointInJourneyPattern:946758" version="42080"/>
                  <DepartureTime>18:25:00</DepartureTime>
                  <DepartureDayOffset>0</DepartureDayOffset>
                </TimetabledPassingTime>
                <TimetabledPassingTime version="42080" id="VTR:TimetabledPassingTime:42103_946759_5">
                  <StopPointInJourneyPatternRef ref="VTR:StopPointInJourneyPattern:946759" version="42080"/>
                  <DepartureTime>18:32:00</DepartureTime>
                  <DepartureDayOffset>0</DepartureDayOffset>
                </TimetabledPassingTime>
                <TimetabledPassingTime version="42080" id="VTR:TimetabledPassingTime:42103_946682_6">
                  <StopPointInJourneyPatternRef ref="VTR:StopPointInJourneyPattern:946682" version="42080"/>
                  <DepartureTime>18:40:00</DepartureTime>
                  <DepartureDayOffset>0</DepartureDayOffset>
                </TimetabledPassingTime>
              </passingTimes>
            </ServiceJourney>
            <ServiceJourney version="42078" id="VTR:ServiceJourney:42101">
              <Name>Panevėžys-Kaunas</Name>
              <PrivateCode>3*X</PrivateCode>
              <dayTypes>
                <DayTypeRef ref="VTR:DayType:96"/>
              </dayTypes>
              <JourneyPatternRef version="42078" ref="VTR:JourneyPattern:42101"/>
              <OperatorRef ref="VTR:Operator:504"/>
              <LineRef ref="VTR:Line:661" version="646"/>
              <passingTimes>
                <TimetabledPassingTime version="42078" id="VTR:TimetabledPassingTime:42101_891365_1">
                  <StopPointInJourneyPatternRef ref="VTR:StopPointInJourneyPattern:891365" version="42078"/>
                  <DepartureTime>15:00:00</DepartureTime>
                  <DepartureDayOffset>0</DepartureDayOffset>
                </TimetabledPassingTime>
                <TimetabledPassingTime version="42078" id="VTR:TimetabledPassingTime:42101_946737_2">
                  <StopPointInJourneyPatternRef ref="VTR:StopPointInJourneyPattern:946737" version="42078"/>
                  <DepartureTime>15:05:00</DepartureTime>
                  <DepartureDayOffset>0</DepartureDayOffset>
                </TimetabledPassingTime>
                <TimetabledPassingTime version="42078" id="VTR:TimetabledPassingTime:42101_946738_4">
                  <StopPointInJourneyPatternRef ref="VTR:StopPointInJourneyPattern:946738" version="42078"/>
                  <DepartureTime>16:30:00</DepartureTime>
                  <DepartureDayOffset>0</DepartureDayOffset>
                </TimetabledPassingTime>
                <TimetabledPassingTime version="42078" id="VTR:TimetabledPassingTime:42101_946739_5">
                  <StopPointInJourneyPatternRef ref="VTR:StopPointInJourneyPattern:946739" version="42078"/>
                  <DepartureTime>16:37:00</DepartureTime>
                  <DepartureDayOffset>0</DepartureDayOffset>
                </TimetabledPassingTime>
                <TimetabledPassingTime version="42078" id="VTR:TimetabledPassingTime:42101_946681_6">
                  <StopPointInJourneyPatternRef ref="VTR:StopPointInJourneyPattern:946681" version="42078"/>
                  <DepartureTime>16:45:00</DepartureTime>
                  <DepartureDayOffset>0</DepartureDayOffset>
                </TimetabledPassingTime>
              </passingTimes>
            </ServiceJourney>
          </vehicleJourneys>
        </TimetableFrame>
        <ResourceFrame version="1" id="VTR:ResourceFrame:1351">
          <organisations>
            <Authority version="1" id="VTR:Authority:2">
              <CompanyNumber>188647255</CompanyNumber>
              <Name>LTSA</Name>
              <LegalName>Lietuvos transporto saugos administracija</LegalName>
              <ContactDetails>
                <Email>ltsa@ltsa.lrv.lt</Email>
                <Phone>8 5  278 5602</Phone>
                <Url>www.ltsa.lrv.lt</Url>
              </ContactDetails>
              <OrganisationType>authority</OrganisationType>
            </Authority>
          </organisations>
        </ResourceFrame>
        <FareFrame id="VTR:FareFrame:661" version="1">
          <FrameDefaults>
            <DefaultCurrency>EUR</DefaultCurrency>
          </FrameDefaults>
          <fareStructureElements>
            <FareStructureElement id="VTR:FareStructureElement:pricematrix" version="1">
              <distanceMatrixElements>
                <DistanceMatrixElementRef ref="VTR:DistanceMatrixElement:946679to946718" version="1"/>
                <DistanceMatrixElementRef ref="VTR:DistanceMatrixElement:946790to946789" version="1"/>
                <DistanceMatrixElementRef ref="VTR:DistanceMatrixElement:946737to946681" version="1"/>
                <DistanceMatrixElementRef ref="VTR:DistanceMatrixElement:891377to946791" version="1"/>
                <DistanceMatrixElementRef ref="VTR:DistanceMatrixElement:946719to946680" version="1"/>
                <DistanceMatrixElementRef ref="VTR:DistanceMatrixElement:946679to946719" version="1"/>
                <DistanceMatrixElementRef ref="VTR:DistanceMatrixElement:946737to946739" version="1"/>
                <DistanceMatrixElementRef ref="VTR:DistanceMatrixElement:946738to946739" version="1"/>
                <DistanceMatrixElementRef ref="VTR:DistanceMatrixElement:891377to946790" version="1"/>
                <DistanceMatrixElementRef ref="VTR:DistanceMatrixElement:891362to946679" version="1"/>
                <DistanceMatrixElementRef ref="VTR:DistanceMatrixElement:891362to946718" version="1"/>
                <DistanceMatrixElementRef ref="VTR:DistanceMatrixElement:946718to946680" version="1"/>
                <DistanceMatrixElementRef ref="VTR:DistanceMatrixElement:946679to946680" version="1"/>
                <DistanceMatrixElementRef ref="VTR:DistanceMatrixElement:891371to946757" version="1"/>
                <DistanceMatrixElementRef ref="VTR:DistanceMatrixElement:946758to946682" version="1"/>
                <DistanceMatrixElementRef ref="VTR:DistanceMatrixElement:946717to946680" version="1"/>
                <DistanceMatrixElementRef ref="VTR:DistanceMatrixElement:891371to946758" version="1"/>
                <DistanceMatrixElementRef ref="VTR:DistanceMatrixElement:891371to946759" version="1"/>
                <DistanceMatrixElementRef ref="VTR:DistanceMatrixElement:946717to946718" version="1"/>
                <DistanceMatrixElementRef ref="VTR:DistanceMatrixElement:946757to946758" version="1"/>
                <DistanceMatrixElementRef ref="VTR:DistanceMatrixElement:891362to946680" version="1"/>
                <DistanceMatrixElementRef ref="VTR:DistanceMatrixElement:946717to946719" version="1"/>
                <DistanceMatrixElementRef ref="VTR:DistanceMatrixElement:891365to946737" version="1"/>
                <DistanceMatrixElementRef ref="VTR:DistanceMatrixElement:946738to946681" version="1"/>
                <DistanceMatrixElementRef ref="VTR:DistanceMatrixElement:946739to946681" version="1"/>
                <DistanceMatrixElementRef ref="VTR:DistanceMatrixElement:946757to946759" version="1"/>
                <DistanceMatrixElementRef ref="VTR:DistanceMatrixElement:946790to946791" version="1"/>
                <DistanceMatrixElementRef ref="VTR:DistanceMatrixElement:891362to946719" version="1"/>
                <DistanceMatrixElementRef ref="VTR:DistanceMatrixElement:891365to946681" version="1"/>
                <DistanceMatrixElementRef ref="VTR:DistanceMatrixElement:946737to946738" version="1"/>
                <DistanceMatrixElementRef ref="VTR:DistanceMatrixElement:891371to946682" version="1"/>
                <DistanceMatrixElementRef ref="VTR:DistanceMatrixElement:891377to946789" version="1"/>
                <DistanceMatrixElementRef ref="VTR:DistanceMatrixElement:946791to946789" version="1"/>
                <DistanceMatrixElementRef ref="VTR:DistanceMatrixElement:891362to946717" version="1"/>
                <DistanceMatrixElementRef ref="VTR:DistanceMatrixElement:946717to946679" version="1"/>
                <DistanceMatrixElementRef ref="VTR:DistanceMatrixElement:946718to946719" version="1"/>
                <DistanceMatrixElementRef ref="VTR:DistanceMatrixElement:891365to946738" version="1"/>
                <DistanceMatrixElementRef ref="VTR:DistanceMatrixElement:946757to946682" version="1"/>
                <DistanceMatrixElementRef ref="VTR:DistanceMatrixElement:946758to946759" version="1"/>
                <DistanceMatrixElementRef ref="VTR:DistanceMatrixElement:946759to946682" version="1"/>
                <DistanceMatrixElementRef ref="VTR:DistanceMatrixElement:891365to946739" version="1"/>
              </distanceMatrixElements>
            </FareStructureElement>
          </fareStructureElements>
          <tariffs>
            <Tariff id="VTR:Tariff:pointToPointInSeparateJourney_661" version="1">
              <Name>Point to point tariff</Name>
              <distanceMatrixElements>
                <DistanceMatrixElement id="VTR:DistanceMatrixElement:946679to946718" version="1">
                  <Name>Ramygala to Šilainių poliklinika</Name>
                  <StartStopPointRef ref="VTR:ScheduledStopPoint:28611" version="1"/>
                  <EndStopPointRef ref="VTR:ScheduledStopPoint:55539" version="1"/>
                  <prices>
                    <DistanceMatrixElementPrice id="VTR:DistanceMatrixElementPrice:946679to946718" version="1">
                      <Amount>6.6</Amount>
                      <DistanceMatrixElementRef ref="VTR:DistanceMatrixElement:946679to946718" version="1"/>
                    </DistanceMatrixElementPrice>
                  </prices>
                </DistanceMatrixElement>
                <DistanceMatrixElement id="VTR:DistanceMatrixElement:946790to946789" version="1">
                  <Name>Šilainių poliklinika to Panevėžio autobusų stotis</Name>
                  <StartStopPointRef ref="VTR:ScheduledStopPoint:55541" version="1"/>
                  <EndStopPointRef ref="VTR:ScheduledStopPoint:28626" version="1"/>
                  <prices>
                    <DistanceMatrixElementPrice id="VTR:DistanceMatrixElementPrice:946790to946789" version="1">
                      <Amount>8.4</Amount>
                      <DistanceMatrixElementRef ref="VTR:DistanceMatrixElement:946790to946789" version="1"/>
                    </DistanceMatrixElementPrice>
                  </prices>
                </DistanceMatrixElement>
                <DistanceMatrixElement id="VTR:DistanceMatrixElement:946737to946681" version="1">
                  <Name>Autobusų parkas to Kauno autobusų stotis</Name>
                  <StartStopPointRef ref="VTR:ScheduledStopPoint:55538" version="1"/>
                  <EndStopPointRef ref="VTR:ScheduledStopPoint:28615" version="1"/>
                  <prices>
                    <DistanceMatrixElementPrice id="VTR:DistanceMatrixElementPrice:946737to946681" version="1">
                      <Amount>8.4</Amount>
                      <DistanceMatrixElementRef ref="VTR:DistanceMatrixElement:946737to946681" version="1"/>
                    </DistanceMatrixElementPrice>
                  </prices>
                </DistanceMatrixElement>
                <DistanceMatrixElement id="VTR:DistanceMatrixElement:891377to946791" version="1">
                  <Name>Kauno autobusų stotis to Autobusų parkas</Name>
                  <StartStopPointRef ref="VTR:ScheduledStopPoint:28616" version="1"/>
                  <EndStopPointRef ref="VTR:ScheduledStopPoint:55542" version="1"/>
                  <prices>
                    <DistanceMatrixElementPrice id="VTR:DistanceMatrixElementPrice:891377to946791" version="1">
                      <Amount>8.4</Amount>
                      <DistanceMatrixElementRef ref="VTR:DistanceMatrixElement:891377to946791" version="1"/>
                    </DistanceMatrixElementPrice>
                  </prices>
                </DistanceMatrixElement>
                <DistanceMatrixElement id="VTR:DistanceMatrixElement:946719to946680" version="1">
                  <Name>Kauno pilis to Kauno autobusų stotis</Name>
                  <StartStopPointRef ref="VTR:ScheduledStopPoint:55540" version="1"/>
                  <EndStopPointRef ref="VTR:ScheduledStopPoint:28615" version="1"/>
                  <prices>
                    <DistanceMatrixElementPrice id="VTR:DistanceMatrixElementPrice:946719to946680" version="1">
                      <Amount>6.6</Amount>
                      <DistanceMatrixElementRef ref="VTR:DistanceMatrixElement:946719to946680" version="1"/>
                    </DistanceMatrixElementPrice>
                  </prices>
                </DistanceMatrixElement>
                <DistanceMatrixElement id="VTR:DistanceMatrixElement:946679to946719" version="1">
                  <Name>Ramygala to Kauno pilis</Name>
                  <StartStopPointRef ref="VTR:ScheduledStopPoint:28611" version="1"/>
                  <EndStopPointRef ref="VTR:ScheduledStopPoint:55540" version="1"/>
                  <prices>
                    <DistanceMatrixElementPrice id="VTR:DistanceMatrixElementPrice:946679to946719" version="1">
                      <Amount>6.6</Amount>
                      <DistanceMatrixElementRef ref="VTR:DistanceMatrixElement:946679to946719" version="1"/>
                    </DistanceMatrixElementPrice>
                  </prices>
                </DistanceMatrixElement>
                <DistanceMatrixElement id="VTR:DistanceMatrixElement:946737to946739" version="1">
                  <Name>Autobusų parkas to Kauno pilis</Name>
                  <StartStopPointRef ref="VTR:ScheduledStopPoint:55538" version="1"/>
                  <EndStopPointRef ref="VTR:ScheduledStopPoint:55540" version="1"/>
                  <prices>
                    <DistanceMatrixElementPrice id="VTR:DistanceMatrixElementPrice:946737to946739" version="1">
                      <Amount>8.4</Amount>
                      <DistanceMatrixElementRef ref="VTR:DistanceMatrixElement:946737to946739" version="1"/>
                    </DistanceMatrixElementPrice>
                  </prices>
                </DistanceMatrixElement>
                <DistanceMatrixElement id="VTR:DistanceMatrixElement:946738to946739" version="1">
                  <Name>Šilainių poliklinika to Kauno pilis</Name>
                  <StartStopPointRef ref="VTR:ScheduledStopPoint:55539" version="1"/>
                  <EndStopPointRef ref="VTR:ScheduledStopPoint:55540" version="1"/>
                  <prices>
                    <DistanceMatrixElementPrice id="VTR:DistanceMatrixElementPrice:946738to946739" version="1">
                      <Amount>8.4</Amount>
                      <DistanceMatrixElementRef ref="VTR:DistanceMatrixElement:946738to946739" version="1"/>
                    </DistanceMatrixElementPrice>
                  </prices>
                </DistanceMatrixElement>
                <DistanceMatrixElement id="VTR:DistanceMatrixElement:891377to946790" version="1">
                  <Name>Kauno autobusų stotis to Šilainių poliklinika</Name>
                  <StartStopPointRef ref="VTR:ScheduledStopPoint:28616" version="1"/>
                  <EndStopPointRef ref="VTR:ScheduledStopPoint:55541" version="1"/>
                  <prices>
                    <DistanceMatrixElementPrice id="VTR:DistanceMatrixElementPrice:891377to946790" version="1">
                      <Amount>8.4</Amount>
                      <DistanceMatrixElementRef ref="VTR:DistanceMatrixElement:891377to946790" version="1"/>
                    </DistanceMatrixElementPrice>
                  </prices>
                </DistanceMatrixElement>
                <DistanceMatrixElement id="VTR:DistanceMatrixElement:891362to946679" version="1">
                  <Name>Panevėžio autobusų stotis to Ramygala</Name>
                  <StartStopPointRef ref="VTR:ScheduledStopPoint:28610" version="1"/>
                  <EndStopPointRef ref="VTR:ScheduledStopPoint:28611" version="1"/>
                  <prices>
                    <DistanceMatrixElementPrice id="VTR:DistanceMatrixElementPrice:891362to946679" version="1">
                      <Amount>2.0</Amount>
                      <DistanceMatrixElementRef ref="VTR:DistanceMatrixElement:891362to946679" version="1"/>
                    </DistanceMatrixElementPrice>
                  </prices>
                </DistanceMatrixElement>
                <DistanceMatrixElement id="VTR:DistanceMatrixElement:891362to946718" version="1">
                  <Name>Panevėžio autobusų stotis to Šilainių poliklinika</Name>
                  <StartStopPointRef ref="VTR:ScheduledStopPoint:28610" version="1"/>
                  <EndStopPointRef ref="VTR:ScheduledStopPoint:55539" version="1"/>
                  <prices>
                    <DistanceMatrixElementPrice id="VTR:DistanceMatrixElementPrice:891362to946718" version="1">
                      <Amount>8.4</Amount>
                      <DistanceMatrixElementRef ref="VTR:DistanceMatrixElement:891362to946718" version="1"/>
                    </DistanceMatrixElementPrice>
                  </prices>
                </DistanceMatrixElement>
                <DistanceMatrixElement id="VTR:DistanceMatrixElement:946718to946680" version="1">
                  <Name>Šilainių poliklinika to Kauno autobusų stotis</Name>
                  <StartStopPointRef ref="VTR:ScheduledStopPoint:55539" version="1"/>
                  <EndStopPointRef ref="VTR:ScheduledStopPoint:28615" version="1"/>
                  <prices>
                    <DistanceMatrixElementPrice id="VTR:DistanceMatrixElementPrice:946718to946680" version="1">
                      <Amount>6.6</Amount>
                      <DistanceMatrixElementRef ref="VTR:DistanceMatrixElement:946718to946680" version="1"/>
                    </DistanceMatrixElementPrice>
                  </prices>
                </DistanceMatrixElement>
                <DistanceMatrixElement id="VTR:DistanceMatrixElement:946679to946680" version="1">
                  <Name>Ramygala to Kauno autobusų stotis</Name>
                  <StartStopPointRef ref="VTR:ScheduledStopPoint:28611" version="1"/>
                  <EndStopPointRef ref="VTR:ScheduledStopPoint:28615" version="1"/>
                  <prices>
                    <DistanceMatrixElementPrice id="VTR:DistanceMatrixElementPrice:946679to946680" version="1">
                      <Amount>6.6</Amount>
                      <DistanceMatrixElementRef ref="VTR:DistanceMatrixElement:946679to946680" version="1"/>
                    </DistanceMatrixElementPrice>
                  </prices>
                </DistanceMatrixElement>
                <DistanceMatrixElement id="VTR:DistanceMatrixElement:891371to946757" version="1">
                  <Name>Panevėžio autobusų stotis to Autobusų parkas</Name>
                  <StartStopPointRef ref="VTR:ScheduledStopPoint:28610" version="1"/>
                  <EndStopPointRef ref="VTR:ScheduledStopPoint:55538" version="1"/>
                  <prices>
                    <DistanceMatrixElementPrice id="VTR:DistanceMatrixElementPrice:891371to946757" version="1">
                      <Amount>8.4</Amount>
                      <DistanceMatrixElementRef ref="VTR:DistanceMatrixElement:891371to946757" version="1"/>
                    </DistanceMatrixElementPrice>
                  </prices>
                </DistanceMatrixElement>
                <DistanceMatrixElement id="VTR:DistanceMatrixElement:946758to946682" version="1">
                  <Name>Šilainių poliklinika to Kauno autobusų stotis</Name>
                  <StartStopPointRef ref="VTR:ScheduledStopPoint:55539" version="1"/>
                  <EndStopPointRef ref="VTR:ScheduledStopPoint:28615" version="1"/>
                  <prices>
                    <DistanceMatrixElementPrice id="VTR:DistanceMatrixElementPrice:946758to946682" version="1">
                      <Amount>8.4</Amount>
                      <DistanceMatrixElementRef ref="VTR:DistanceMatrixElement:946758to946682" version="1"/>
                    </DistanceMatrixElementPrice>
                  </prices>
                </DistanceMatrixElement>
                <DistanceMatrixElement id="VTR:DistanceMatrixElement:946717to946680" version="1">
                  <Name>Autobusų parkas to Kauno autobusų stotis</Name>
                  <StartStopPointRef ref="VTR:ScheduledStopPoint:55538" version="1"/>
                  <EndStopPointRef ref="VTR:ScheduledStopPoint:28615" version="1"/>
                  <prices>
                    <DistanceMatrixElementPrice id="VTR:DistanceMatrixElementPrice:946717to946680" version="1">
                      <Amount>8.4</Amount>
                      <DistanceMatrixElementRef ref="VTR:DistanceMatrixElement:946717to946680" version="1"/>
                    </DistanceMatrixElementPrice>
                  </prices>
                </DistanceMatrixElement>
                <DistanceMatrixElement id="VTR:DistanceMatrixElement:891371to946758" version="1">
                  <Name>Panevėžio autobusų stotis to Šilainių poliklinika</Name>
                  <StartStopPointRef ref="VTR:ScheduledStopPoint:28610" version="1"/>
                  <EndStopPointRef ref="VTR:ScheduledStopPoint:55539" version="1"/>
                  <prices>
                    <DistanceMatrixElementPrice id="VTR:DistanceMatrixElementPrice:891371to946758" version="1">
                      <Amount>8.4</Amount>
                      <DistanceMatrixElementRef ref="VTR:DistanceMatrixElement:891371to946758" version="1"/>
                    </DistanceMatrixElementPrice>
                  </prices>
                </DistanceMatrixElement>
                <DistanceMatrixElement id="VTR:DistanceMatrixElement:891371to946759" version="1">
                  <Name>Panevėžio autobusų stotis to Kauno pilis</Name>
                  <StartStopPointRef ref="VTR:ScheduledStopPoint:28610" version="1"/>
                  <EndStopPointRef ref="VTR:ScheduledStopPoint:55540" version="1"/>
                  <prices>
                    <DistanceMatrixElementPrice id="VTR:DistanceMatrixElementPrice:891371to946759" version="1">
                      <Amount>8.4</Amount>
                      <DistanceMatrixElementRef ref="VTR:DistanceMatrixElement:891371to946759" version="1"/>
                    </DistanceMatrixElementPrice>
                  </prices>
                </DistanceMatrixElement>
                <DistanceMatrixElement id="VTR:DistanceMatrixElement:946717to946718" version="1">
                  <Name>Autobusų parkas to Šilainių poliklinika</Name>
                  <StartStopPointRef ref="VTR:ScheduledStopPoint:55538" version="1"/>
                  <EndStopPointRef ref="VTR:ScheduledStopPoint:55539" version="1"/>
                  <prices>
                    <DistanceMatrixElementPrice id="VTR:DistanceMatrixElementPrice:946717to946718" version="1">
                      <Amount>8.4</Amount>
                      <DistanceMatrixElementRef ref="VTR:DistanceMatrixElement:946717to946718" version="1"/>
                    </DistanceMatrixElementPrice>
                  </prices>
                </DistanceMatrixElement>
                <DistanceMatrixElement id="VTR:DistanceMatrixElement:946757to946758" version="1">
                  <Name>Autobusų parkas to Šilainių poliklinika</Name>
                  <StartStopPointRef ref="VTR:ScheduledStopPoint:55538" version="1"/>
                  <EndStopPointRef ref="VTR:ScheduledStopPoint:55539" version="1"/>
                  <prices>
                    <DistanceMatrixElementPrice id="VTR:DistanceMatrixElementPrice:946757to946758" version="1">
                      <Amount>8.4</Amount>
                      <DistanceMatrixElementRef ref="VTR:DistanceMatrixElement:946757to946758" version="1"/>
                    </DistanceMatrixElementPrice>
                  </prices>
                </DistanceMatrixElement>
                <DistanceMatrixElement id="VTR:DistanceMatrixElement:891362to946680" version="1">
                  <Name>Panevėžio autobusų stotis to Kauno autobusų stotis</Name>
                  <StartStopPointRef ref="VTR:ScheduledStopPoint:28610" version="1"/>
                  <EndStopPointRef ref="VTR:ScheduledStopPoint:28615" version="1"/>
                  <prices>
                    <DistanceMatrixElementPrice id="VTR:DistanceMatrixElementPrice:891362to946680" version="1">
                      <Amount>8.4</Amount>
                      <DistanceMatrixElementRef ref="VTR:DistanceMatrixElement:891362to946680" version="1"/>
                    </DistanceMatrixElementPrice>
                  </prices>
                </DistanceMatrixElement>
                <DistanceMatrixElement id="VTR:DistanceMatrixElement:946717to946719" version="1">
                  <Name>Autobusų parkas to Kauno pilis</Name>
                  <StartStopPointRef ref="VTR:ScheduledStopPoint:55538" version="1"/>
                  <EndStopPointRef ref="VTR:ScheduledStopPoint:55540" version="1"/>
                  <prices>
                    <DistanceMatrixElementPrice id="VTR:DistanceMatrixElementPrice:946717to946719" version="1">
                      <Amount>8.4</Amount>
                      <DistanceMatrixElementRef ref="VTR:DistanceMatrixElement:946717to946719" version="1"/>
                    </DistanceMatrixElementPrice>
                  </prices>
                </DistanceMatrixElement>
                <DistanceMatrixElement id="VTR:DistanceMatrixElement:891365to946737" version="1">
                  <Name>Panevėžio autobusų stotis to Autobusų parkas</Name>
                  <StartStopPointRef ref="VTR:ScheduledStopPoint:28610" version="1"/>
                  <EndStopPointRef ref="VTR:ScheduledStopPoint:55538" version="1"/>
                  <prices>
                    <DistanceMatrixElementPrice id="VTR:DistanceMatrixElementPrice:891365to946737" version="1">
                      <Amount>8.4</Amount>
                      <DistanceMatrixElementRef ref="VTR:DistanceMatrixElement:891365to946737" version="1"/>
                    </DistanceMatrixElementPrice>
                  </prices>
                </DistanceMatrixElement>
                <DistanceMatrixElement id="VTR:DistanceMatrixElement:946738to946681" version="1">
                  <Name>Šilainių poliklinika to Kauno autobusų stotis</Name>
                  <StartStopPointRef ref="VTR:ScheduledStopPoint:55539" version="1"/>
                  <EndStopPointRef ref="VTR:ScheduledStopPoint:28615" version="1"/>
                  <prices>
                    <DistanceMatrixElementPrice id="VTR:DistanceMatrixElementPrice:946738to946681" version="1">
                      <Amount>8.4</Amount>
                      <DistanceMatrixElementRef ref="VTR:DistanceMatrixElement:946738to946681" version="1"/>
                    </DistanceMatrixElementPrice>
                  </prices>
                </DistanceMatrixElement>
                <DistanceMatrixElement id="VTR:DistanceMatrixElement:946739to946681" version="1">
                  <Name>Kauno pilis to Kauno autobusų stotis</Name>
                  <StartStopPointRef ref="VTR:ScheduledStopPoint:55540" version="1"/>
                  <EndStopPointRef ref="VTR:ScheduledStopPoint:28615" version="1"/>
                  <prices>
                    <DistanceMatrixElementPrice id="VTR:DistanceMatrixElementPrice:946739to946681" version="1">
                      <Amount>8.4</Amount>
                      <DistanceMatrixElementRef ref="VTR:DistanceMatrixElement:946739to946681" version="1"/>
                    </DistanceMatrixElementPrice>
                  </prices>
                </DistanceMatrixElement>
                <DistanceMatrixElement id="VTR:DistanceMatrixElement:946757to946759" version="1">
                  <Name>Autobusų parkas to Kauno pilis</Name>
                  <StartStopPointRef ref="VTR:ScheduledStopPoint:55538" version="1"/>
                  <EndStopPointRef ref="VTR:ScheduledStopPoint:55540" version="1"/>
                  <prices>
                    <DistanceMatrixElementPrice id="VTR:DistanceMatrixElementPrice:946757to946759" version="1">
                      <Amount>8.4</Amount>
                      <DistanceMatrixElementRef ref="VTR:DistanceMatrixElement:946757to946759" version="1"/>
                    </DistanceMatrixElementPrice>
                  </prices>
                </DistanceMatrixElement>
                <DistanceMatrixElement id="VTR:DistanceMatrixElement:946790to946791" version="1">
                  <Name>Šilainių poliklinika to Autobusų parkas</Name>
                  <StartStopPointRef ref="VTR:ScheduledStopPoint:55541" version="1"/>
                  <EndStopPointRef ref="VTR:ScheduledStopPoint:55542" version="1"/>
                  <prices>
                    <DistanceMatrixElementPrice id="VTR:DistanceMatrixElementPrice:946790to946791" version="1">
                      <Amount>8.4</Amount>
                      <DistanceMatrixElementRef ref="VTR:DistanceMatrixElement:946790to946791" version="1"/>
                    </DistanceMatrixElementPrice>
                  </prices>
                </DistanceMatrixElement>
                <DistanceMatrixElement id="VTR:DistanceMatrixElement:891362to946719" version="1">
                  <Name>Panevėžio autobusų stotis to Kauno pilis</Name>
                  <StartStopPointRef ref="VTR:ScheduledStopPoint:28610" version="1"/>
                  <EndStopPointRef ref="VTR:ScheduledStopPoint:55540" version="1"/>
                  <prices>
                    <DistanceMatrixElementPrice id="VTR:DistanceMatrixElementPrice:891362to946719" version="1">
                      <Amount>8.4</Amount>
                      <DistanceMatrixElementRef ref="VTR:DistanceMatrixElement:891362to946719" version="1"/>
                    </DistanceMatrixElementPrice>
                  </prices>
                </DistanceMatrixElement>
                <DistanceMatrixElement id="VTR:DistanceMatrixElement:891365to946681" version="1">
                  <Name>Panevėžio autobusų stotis to Kauno autobusų stotis</Name>
                  <StartStopPointRef ref="VTR:ScheduledStopPoint:28610" version="1"/>
                  <EndStopPointRef ref="VTR:ScheduledStopPoint:28615" version="1"/>
                  <prices>
                    <DistanceMatrixElementPrice id="VTR:DistanceMatrixElementPrice:891365to946681" version="1">
                      <Amount>8.4</Amount>
                      <DistanceMatrixElementRef ref="VTR:DistanceMatrixElement:891365to946681" version="1"/>
                    </DistanceMatrixElementPrice>
                  </prices>
                </DistanceMatrixElement>
                <DistanceMatrixElement id="VTR:DistanceMatrixElement:946737to946738" version="1">
                  <Name>Autobusų parkas to Šilainių poliklinika</Name>
                  <StartStopPointRef ref="VTR:ScheduledStopPoint:55538" version="1"/>
                  <EndStopPointRef ref="VTR:ScheduledStopPoint:55539" version="1"/>
                  <prices>
                    <DistanceMatrixElementPrice id="VTR:DistanceMatrixElementPrice:946737to946738" version="1">
                      <Amount>8.4</Amount>
                      <DistanceMatrixElementRef ref="VTR:DistanceMatrixElement:946737to946738" version="1"/>
                    </DistanceMatrixElementPrice>
                  </prices>
                </DistanceMatrixElement>
                <DistanceMatrixElement id="VTR:DistanceMatrixElement:891371to946682" version="1">
                  <Name>Panevėžio autobusų stotis to Kauno autobusų stotis</Name>
                  <StartStopPointRef ref="VTR:ScheduledStopPoint:28610" version="1"/>
                  <EndStopPointRef ref="VTR:ScheduledStopPoint:28615" version="1"/>
                  <prices>
                    <DistanceMatrixElementPrice id="VTR:DistanceMatrixElementPrice:891371to946682" version="1">
                      <Amount>8.4</Amount>
                      <DistanceMatrixElementRef ref="VTR:DistanceMatrixElement:891371to946682" version="1"/>
                    </DistanceMatrixElementPrice>
                  </prices>
                </DistanceMatrixElement>
                <DistanceMatrixElement id="VTR:DistanceMatrixElement:891377to946789" version="1">
                  <Name>Kauno autobusų stotis to Panevėžio autobusų stotis</Name>
                  <StartStopPointRef ref="VTR:ScheduledStopPoint:28616" version="1"/>
                  <EndStopPointRef ref="VTR:ScheduledStopPoint:28626" version="1"/>
                  <prices>
                    <DistanceMatrixElementPrice id="VTR:DistanceMatrixElementPrice:891377to946789" version="1">
                      <Amount>8.4</Amount>
                      <DistanceMatrixElementRef ref="VTR:DistanceMatrixElement:891377to946789" version="1"/>
                    </DistanceMatrixElementPrice>
                  </prices>
                </DistanceMatrixElement>
                <DistanceMatrixElement id="VTR:DistanceMatrixElement:946791to946789" version="1">
                  <Name>Autobusų parkas to Panevėžio autobusų stotis</Name>
                  <StartStopPointRef ref="VTR:ScheduledStopPoint:55542" version="1"/>
                  <EndStopPointRef ref="VTR:ScheduledStopPoint:28626" version="1"/>
                  <prices>
                    <DistanceMatrixElementPrice id="VTR:DistanceMatrixElementPrice:946791to946789" version="1">
                      <Amount>8.4</Amount>
                      <DistanceMatrixElementRef ref="VTR:DistanceMatrixElement:946791to946789" version="1"/>
                    </DistanceMatrixElementPrice>
                  </prices>
                </DistanceMatrixElement>
                <DistanceMatrixElement id="VTR:DistanceMatrixElement:891362to946717" version="1">
                  <Name>Panevėžio autobusų stotis to Autobusų parkas</Name>
                  <StartStopPointRef ref="VTR:ScheduledStopPoint:28610" version="1"/>
                  <EndStopPointRef ref="VTR:ScheduledStopPoint:55538" version="1"/>
                  <prices>
                    <DistanceMatrixElementPrice id="VTR:DistanceMatrixElementPrice:891362to946717" version="1">
                      <Amount>2.0</Amount>
                      <DistanceMatrixElementRef ref="VTR:DistanceMatrixElement:891362to946717" version="1"/>
                    </DistanceMatrixElementPrice>
                  </prices>
                </DistanceMatrixElement>
                <DistanceMatrixElement id="VTR:DistanceMatrixElement:946717to946679" version="1">
                  <Name>Autobusų parkas to Ramygala</Name>
                  <StartStopPointRef ref="VTR:ScheduledStopPoint:55538" version="1"/>
                  <EndStopPointRef ref="VTR:ScheduledStopPoint:28611" version="1"/>
                  <prices>
                    <DistanceMatrixElementPrice id="VTR:DistanceMatrixElementPrice:946717to946679" version="1">
                      <Amount>2.0</Amount>
                      <DistanceMatrixElementRef ref="VTR:DistanceMatrixElement:946717to946679" version="1"/>
                    </DistanceMatrixElementPrice>
                  </prices>
                </DistanceMatrixElement>
                <DistanceMatrixElement id="VTR:DistanceMatrixElement:946718to946719" version="1">
                  <Name>Šilainių poliklinika to Kauno pilis</Name>
                  <StartStopPointRef ref="VTR:ScheduledStopPoint:55539" version="1"/>
                  <EndStopPointRef ref="VTR:ScheduledStopPoint:55540" version="1"/>
                  <prices>
                    <DistanceMatrixElementPrice id="VTR:DistanceMatrixElementPrice:946718to946719" version="1">
                      <Amount>6.6</Amount>
                      <DistanceMatrixElementRef ref="VTR:DistanceMatrixElement:946718to946719" version="1"/>
                    </DistanceMatrixElementPrice>
                  </prices>
                </DistanceMatrixElement>
                <DistanceMatrixElement id="VTR:DistanceMatrixElement:891365to946738" version="1">
                  <Name>Panevėžio autobusų stotis to Šilainių poliklinika</Name>
                  <StartStopPointRef ref="VTR:ScheduledStopPoint:28610" version="1"/>
                  <EndStopPointRef ref="VTR:ScheduledStopPoint:55539" version="1"/>
                  <prices>
                    <DistanceMatrixElementPrice id="VTR:DistanceMatrixElementPrice:891365to946738" version="1">
                      <Amount>8.4</Amount>
                      <DistanceMatrixElementRef ref="VTR:DistanceMatrixElement:891365to946738" version="1"/>
                    </DistanceMatrixElementPrice>
                  </prices>
                </DistanceMatrixElement>
                <DistanceMatrixElement id="VTR:DistanceMatrixElement:946757to946682" version="1">
                  <Name>Autobusų parkas to Kauno autobusų stotis</Name>
                  <StartStopPointRef ref="VTR:ScheduledStopPoint:55538" version="1"/>
                  <EndStopPointRef ref="VTR:ScheduledStopPoint:28615" version="1"/>
                  <prices>
                    <DistanceMatrixElementPrice id="VTR:DistanceMatrixElementPrice:946757to946682" version="1">
                      <Amount>8.4</Amount>
                      <DistanceMatrixElementRef ref="VTR:DistanceMatrixElement:946757to946682" version="1"/>
                    </DistanceMatrixElementPrice>
                  </prices>
                </DistanceMatrixElement>
                <DistanceMatrixElement id="VTR:DistanceMatrixElement:946758to946759" version="1">
                  <Name>Šilainių poliklinika to Kauno pilis</Name>
                  <StartStopPointRef ref="VTR:ScheduledStopPoint:55539" version="1"/>
                  <EndStopPointRef ref="VTR:ScheduledStopPoint:55540" version="1"/>
                  <prices>
                    <DistanceMatrixElementPrice id="VTR:DistanceMatrixElementPrice:946758to946759" version="1">
                      <Amount>8.4</Amount>
                      <DistanceMatrixElementRef ref="VTR:DistanceMatrixElement:946758to946759" version="1"/>
                    </DistanceMatrixElementPrice>
                  </prices>
                </DistanceMatrixElement>
                <DistanceMatrixElement id="VTR:DistanceMatrixElement:946759to946682" version="1">
                  <Name>Kauno pilis to Kauno autobusų stotis</Name>
                  <StartStopPointRef ref="VTR:ScheduledStopPoint:55540" version="1"/>
                  <EndStopPointRef ref="VTR:ScheduledStopPoint:28615" version="1"/>
                  <prices>
                    <DistanceMatrixElementPrice id="VTR:DistanceMatrixElementPrice:946759to946682" version="1">
                      <Amount>8.4</Amount>
                      <DistanceMatrixElementRef ref="VTR:DistanceMatrixElement:946759to946682" version="1"/>
                    </DistanceMatrixElementPrice>
                  </prices>
                </DistanceMatrixElement>
                <DistanceMatrixElement id="VTR:DistanceMatrixElement:891365to946739" version="1">
                  <Name>Panevėžio autobusų stotis to Kauno pilis</Name>
                  <StartStopPointRef ref="VTR:ScheduledStopPoint:28610" version="1"/>
                  <EndStopPointRef ref="VTR:ScheduledStopPoint:55540" version="1"/>
                  <prices>
                    <DistanceMatrixElementPrice id="VTR:DistanceMatrixElementPrice:891365to946739" version="1">
                      <Amount>8.4</Amount>
                      <DistanceMatrixElementRef ref="VTR:DistanceMatrixElement:891365to946739" version="1"/>
                    </DistanceMatrixElementPrice>
                  </prices>
                </DistanceMatrixElement>
              </distanceMatrixElements>
            </Tariff>
          </tariffs>
          <usageParameters>
            <FrequencyOfUse id="VTR:FrequencyOfUse:oneTrip" version="1">
              <FrequencyOfUseType>unlimited</FrequencyOfUseType>
              <MaximalFrequency>1</MaximalFrequency>
            </FrequencyOfUse>
          </usageParameters>
        </FareFrame>
      </frames>
    </CompositeFrame>
  </dataObjects>
</PublicationDelivery>
