<?xml version="1.0" encoding="UTF-8"?><PublicationDelivery xmlns="http://www.netex.org.uk/netex" xmlns:gis="http://www.opengis.net/gml/3.2" xmlns:ns2="http://www.opengis.net/gml/3.2" xmlns:ns3="http://www.siri.org.uk/siri" xmlns:xsi="http://www.w3.org/2001/XMLSchema-instance" version="1" xsi:schemaLocation="">
  <PublicationTimestamp>2022-05-07T00:50:00.296</PublicationTimestamp>
  <ParticipantRef>VTR</ParticipantRef>
  <Description>1</Description>
  <dataObjects>
    <CompositeFrame created="2022-05-07T00:50:00.296" version="1" id="VTR:CompositeFrame:1351">
      <validityConditions>
        <AvailabilityCondition version="1" id="VTR:AvailabilityCondition:1351">
          <FromDate>2010-03-22T00:00:00</FromDate>
          <ToDate>2023-03-31T00:00:00</ToDate>
        </AvailabilityCondition>
      </validityConditions>
      <codespaces>
        <Codespace id="vtr">
          <Xmlns>VTR</Xmlns>
          <XmlnsUrl>http://www.visimarsrutai.lt/</XmlnsUrl>
        </Codespace>
      </codespaces>
      <FrameDefaults>
        <DefaultLocale>
          <TimeZone>Europe/Vilnius</TimeZone>
        </DefaultLocale>
        <DefaultLocationSystem>WGS84</DefaultLocationSystem>
      </FrameDefaults>
      <frames>
        <ServiceCalendarFrame version="1" id="VTR:ServiceCalendarFrame:1351">
          <dayTypes>
            <DayType id="VTR:DayType:90" version="1">
              <properties>
                <PropertyOfDay>
                  <DaysOfWeek>Weekdays</DaysOfWeek>
                </PropertyOfDay>
              </properties>
            </DayType>
          </dayTypes>
          <operatingPeriods>
            <OperatingPeriod version="1" id="VTR:OperatingPeriod:90">
              <FromDate>2015-06-02T00:00:00</FromDate>
              <ToDate>2099-12-31T00:00:00</ToDate>
            </OperatingPeriod>
          </operatingPeriods>
          <dayTypeAssignments>
            <DayTypeAssignment id="VTR:DayTypeAssignment:90_0" version="1" order="121">
              <OperatingPeriodRef ref="VTR:OperatingPeriod:90" version="1"/>
              <DayTypeRef ref="VTR:DayType:90" version="1"/>
            </DayTypeAssignment>
          </dayTypeAssignments>
        </ServiceCalendarFrame>
        <ServiceFrame id="VTR:ServiceFrame:1351" version="1">
          <Network version="0" id="VTR:Network:2"/>
          <routePoints>
            <RoutePoint version="1" id="VTR:RoutePoint:63446">
              <projections>
                <PointProjection version="1" id="VTR:PointProjection:21848">
                  <ProjectedPointRef ref="VTR:ScheduledStopPoint:63446" version="1"/>
                </PointProjection>
              </projections>
            </RoutePoint>
            <RoutePoint version="1" id="VTR:RoutePoint:63450">
              <projections>
                <PointProjection version="1" id="VTR:PointProjection:21849">
                  <ProjectedPointRef ref="VTR:ScheduledStopPoint:63450" version="1"/>
                </PointProjection>
              </projections>
            </RoutePoint>
            <RoutePoint version="1" id="VTR:RoutePoint:63452">
              <projections>
                <PointProjection version="1" id="VTR:PointProjection:21850">
                  <ProjectedPointRef ref="VTR:ScheduledStopPoint:63452" version="1"/>
                </PointProjection>
              </projections>
            </RoutePoint>
            <RoutePoint version="1" id="VTR:RoutePoint:63456">
              <projections>
                <PointProjection version="1" id="VTR:PointProjection:21853">
                  <ProjectedPointRef ref="VTR:ScheduledStopPoint:63456" version="1"/>
                </PointProjection>
              </projections>
            </RoutePoint>
            <RoutePoint version="1" id="VTR:RoutePoint:63467">
              <projections>
                <PointProjection version="1" id="VTR:PointProjection:22472">
                  <ProjectedPointRef ref="VTR:ScheduledStopPoint:63467" version="1"/>
                </PointProjection>
              </projections>
            </RoutePoint>
            <RoutePoint version="1" id="VTR:RoutePoint:63468">
              <projections>
                <PointProjection version="1" id="VTR:PointProjection:22473">
                  <ProjectedPointRef ref="VTR:ScheduledStopPoint:63468" version="1"/>
                </PointProjection>
              </projections>
            </RoutePoint>
            <RoutePoint version="1" id="VTR:RoutePoint:63469">
              <projections>
                <PointProjection version="1" id="VTR:PointProjection:22474">
                  <ProjectedPointRef ref="VTR:ScheduledStopPoint:63469" version="1"/>
                </PointProjection>
              </projections>
            </RoutePoint>
            <RoutePoint version="1" id="VTR:RoutePoint:63470">
              <projections>
                <PointProjection version="1" id="VTR:PointProjection:22475">
                  <ProjectedPointRef ref="VTR:ScheduledStopPoint:63470" version="1"/>
                </PointProjection>
              </projections>
            </RoutePoint>
            <RoutePoint version="1" id="VTR:RoutePoint:63471">
              <projections>
                <PointProjection version="1" id="VTR:PointProjection:22476">
                  <ProjectedPointRef ref="VTR:ScheduledStopPoint:63471" version="1"/>
                </PointProjection>
              </projections>
            </RoutePoint>
            <RoutePoint version="1" id="VTR:RoutePoint:63472">
              <projections>
                <PointProjection version="1" id="VTR:PointProjection:22477">
                  <ProjectedPointRef ref="VTR:ScheduledStopPoint:63472" version="1"/>
                </PointProjection>
              </projections>
            </RoutePoint>
            <RoutePoint version="1" id="VTR:RoutePoint:63473">
              <projections>
                <PointProjection version="1" id="VTR:PointProjection:22478">
                  <ProjectedPointRef ref="VTR:ScheduledStopPoint:63473" version="1"/>
                </PointProjection>
              </projections>
            </RoutePoint>
          </routePoints>
          <routes>
            <Route version="1" id="VTR:Route:3779">
              <Name>Šventoji-Vilnius</Name>
              <ShortName>Šventoji-Vilnius</ShortName>
              <LineRef ref="VTR:Line:649" version="634"/>
              <DirectionType>outbound</DirectionType>
              <pointsInSequence>
                <PointOnRoute version="1" id="VTR:PointOnRoute:63446" order="1">
                  <RoutePointRef ref="VTR:RoutePoint:63446"/>
                </PointOnRoute>
                <PointOnRoute version="1" id="VTR:PointOnRoute:63467" order="2">
                  <RoutePointRef ref="VTR:RoutePoint:63467"/>
                </PointOnRoute>
                <PointOnRoute version="1" id="VTR:PointOnRoute:63450" order="3">
                  <RoutePointRef ref="VTR:RoutePoint:63450"/>
                </PointOnRoute>
                <PointOnRoute version="1" id="VTR:PointOnRoute:63468" order="4">
                  <RoutePointRef ref="VTR:RoutePoint:63468"/>
                </PointOnRoute>
                <PointOnRoute version="1" id="VTR:PointOnRoute:63469" order="5">
                  <RoutePointRef ref="VTR:RoutePoint:63469"/>
                </PointOnRoute>
                <PointOnRoute version="1" id="VTR:PointOnRoute:63452" order="6">
                  <RoutePointRef ref="VTR:RoutePoint:63452"/>
                </PointOnRoute>
                <PointOnRoute version="1" id="VTR:PointOnRoute:63470" order="7">
                  <RoutePointRef ref="VTR:RoutePoint:63470"/>
                </PointOnRoute>
                <PointOnRoute version="1" id="VTR:PointOnRoute:63471" order="8">
                  <RoutePointRef ref="VTR:RoutePoint:63471"/>
                </PointOnRoute>
                <PointOnRoute version="1" id="VTR:PointOnRoute:63472" order="9">
                  <RoutePointRef ref="VTR:RoutePoint:63472"/>
                </PointOnRoute>
                <PointOnRoute version="1" id="VTR:PointOnRoute:63473" order="10">
                  <RoutePointRef ref="VTR:RoutePoint:63473"/>
                </PointOnRoute>
                <PointOnRoute version="1" id="VTR:PointOnRoute:63456" order="11">
                  <RoutePointRef ref="VTR:RoutePoint:63456"/>
                </PointOnRoute>
              </pointsInSequence>
            </Route>
          </routes>
          <lines>
            <Line version="634" id="VTR:Line:649">
              <Name>Šventoji-Vilnius</Name>
              <TransportMode>bus</TransportMode>
              <TransportSubmode>
                <CoachSubmode>nationalCoach</CoachSubmode>
              </TransportSubmode>
              <PublicCode>M-787</PublicCode>
              <OperatorRef ref="VTR:Operator:2"/>
            </Line>
          </lines>
          <scheduledStopPoints>
            <ScheduledStopPoint version="1" id="VTR:ScheduledStopPoint:63446">
              <Name>Šventoji</Name>
            </ScheduledStopPoint>
            <ScheduledStopPoint version="1" id="VTR:ScheduledStopPoint:63450">
              <Name>Palangos autobusų stotis</Name>
            </ScheduledStopPoint>
            <ScheduledStopPoint version="1" id="VTR:ScheduledStopPoint:63452">
              <Name>Klaipėdos autobusų stotis</Name>
            </ScheduledStopPoint>
            <ScheduledStopPoint version="1" id="VTR:ScheduledStopPoint:63456">
              <Name>Vilniaus autobusų stotis</Name>
            </ScheduledStopPoint>
            <ScheduledStopPoint version="1" id="VTR:ScheduledStopPoint:63467">
              <Name>Aerouostas</Name>
            </ScheduledStopPoint>
            <ScheduledStopPoint version="1" id="VTR:ScheduledStopPoint:63468">
              <Name>Miesto ligoninė</Name>
            </ScheduledStopPoint>
            <ScheduledStopPoint version="1" id="VTR:ScheduledStopPoint:63469">
              <Name>Universiteto</Name>
            </ScheduledStopPoint>
            <ScheduledStopPoint version="1" id="VTR:ScheduledStopPoint:63470">
              <Name>Sujainiai</Name>
            </ScheduledStopPoint>
            <ScheduledStopPoint version="1" id="VTR:ScheduledStopPoint:63471">
              <Name>Gariūnai</Name>
            </ScheduledStopPoint>
            <ScheduledStopPoint version="1" id="VTR:ScheduledStopPoint:63472">
              <Name>Ligoninė</Name>
            </ScheduledStopPoint>
            <ScheduledStopPoint version="1" id="VTR:ScheduledStopPoint:63473">
              <Name>Eigulių</Name>
            </ScheduledStopPoint>
          </scheduledStopPoints>
          <serviceLinks>
            <ServiceLink id="VTR:ServiceLink:63452_1_63470_1" version="1">
              <Distance>129</Distance>
              <FromPointRef ref="VTR:ScheduledStopPoint:63452" version="1"/>
              <ToPointRef ref="VTR:ScheduledStopPoint:63470" version="1"/>
            </ServiceLink>
            <ServiceLink id="VTR:ServiceLink:63472_1_63473_1" version="1">
              <Distance>1</Distance>
              <FromPointRef ref="VTR:ScheduledStopPoint:63472" version="1"/>
              <ToPointRef ref="VTR:ScheduledStopPoint:63473" version="1"/>
            </ServiceLink>
            <ServiceLink id="VTR:ServiceLink:63470_1_63471_1" version="1">
              <Distance>170</Distance>
              <FromPointRef ref="VTR:ScheduledStopPoint:63470" version="1"/>
              <ToPointRef ref="VTR:ScheduledStopPoint:63471" version="1"/>
            </ServiceLink>
            <ServiceLink id="VTR:ServiceLink:63469_1_63452_1" version="1">
              <Distance>1</Distance>
              <FromPointRef ref="VTR:ScheduledStopPoint:63469" version="1"/>
              <ToPointRef ref="VTR:ScheduledStopPoint:63452" version="1"/>
            </ServiceLink>
            <ServiceLink id="VTR:ServiceLink:63450_1_63468_1" version="1">
              <Distance>20</Distance>
              <FromPointRef ref="VTR:ScheduledStopPoint:63450" version="1"/>
              <ToPointRef ref="VTR:ScheduledStopPoint:63468" version="1"/>
            </ServiceLink>
          </serviceLinks>
          <stopAssignments>
            <PassengerStopAssignment order="377900000" id="VTR:PassengerStopAssignment:63446" version="1">
              <ScheduledStopPointRef ref="VTR:ScheduledStopPoint:63446" version="1"/>
              <QuayRef ref="VTR:Quay:21283"/>
            </PassengerStopAssignment>
            <PassengerStopAssignment order="377900003" id="VTR:PassengerStopAssignment:63467" version="1">
              <ScheduledStopPointRef ref="VTR:ScheduledStopPoint:63467" version="1"/>
              <QuayRef ref="VTR:Quay:4334"/>
            </PassengerStopAssignment>
            <PassengerStopAssignment order="377900005" id="VTR:PassengerStopAssignment:63450" version="1">
              <ScheduledStopPointRef ref="VTR:ScheduledStopPoint:63450" version="1"/>
              <QuayRef ref="VTR:Quay:19446"/>
            </PassengerStopAssignment>
            <PassengerStopAssignment order="377900006" id="VTR:PassengerStopAssignment:63468" version="1">
              <ScheduledStopPointRef ref="VTR:ScheduledStopPoint:63468" version="1"/>
              <QuayRef ref="VTR:Quay:20127"/>
            </PassengerStopAssignment>
            <PassengerStopAssignment order="377900008" id="VTR:PassengerStopAssignment:63469" version="1">
              <ScheduledStopPointRef ref="VTR:ScheduledStopPoint:63469" version="1"/>
              <QuayRef ref="VTR:Quay:20988"/>
            </PassengerStopAssignment>
            <PassengerStopAssignment order="377900009" id="VTR:PassengerStopAssignment:63452" version="1">
              <ScheduledStopPointRef ref="VTR:ScheduledStopPoint:63452" version="1"/>
              <QuayRef ref="VTR:Quay:19471"/>
            </PassengerStopAssignment>
            <PassengerStopAssignment order="377900010" id="VTR:PassengerStopAssignment:63470" version="1">
              <ScheduledStopPointRef ref="VTR:ScheduledStopPoint:63470" version="1"/>
              <QuayRef ref="VTR:Quay:15560"/>
            </PassengerStopAssignment>
            <PassengerStopAssignment order="377900011" id="VTR:PassengerStopAssignment:63471" version="1">
              <ScheduledStopPointRef ref="VTR:ScheduledStopPoint:63471" version="1"/>
              <QuayRef ref="VTR:Quay:20083"/>
            </PassengerStopAssignment>
            <PassengerStopAssignment order="377900013" id="VTR:PassengerStopAssignment:63472" version="1">
              <ScheduledStopPointRef ref="VTR:ScheduledStopPoint:63472" version="1"/>
              <QuayRef ref="VTR:Quay:21415"/>
            </PassengerStopAssignment>
            <PassengerStopAssignment order="377900014" id="VTR:PassengerStopAssignment:63473" version="1">
              <ScheduledStopPointRef ref="VTR:ScheduledStopPoint:63473" version="1"/>
              <QuayRef ref="VTR:Quay:20079"/>
            </PassengerStopAssignment>
            <PassengerStopAssignment order="377900016" id="VTR:PassengerStopAssignment:63456" version="1">
              <ScheduledStopPointRef ref="VTR:ScheduledStopPoint:63456" version="1"/>
              <QuayRef ref="VTR:Quay:19485"/>
            </PassengerStopAssignment>
          </stopAssignments>
          <journeyPatterns>
            <JourneyPattern id="VTR:JourneyPattern:46330" version="46310">
              <Name>5*</Name>
              <RouteRef ref="VTR:Route:3779" version="1"/>
              <pointsInSequence>
                <StopPointInJourneyPattern id="VTR:StopPointInJourneyPattern:967241" version="46310" order="1">
                  <ScheduledStopPointRef ref="VTR:ScheduledStopPoint:63446"/>
                  <ForAlighting>false</ForAlighting>
                  <DestinationDisplayRef ref="VTR:DestinationDisplay:1"/>
                </StopPointInJourneyPattern>
                <StopPointInJourneyPattern id="VTR:StopPointInJourneyPattern:967242" version="46310" order="2">
                  <ScheduledStopPointRef ref="VTR:ScheduledStopPoint:63467"/>
                  <DestinationDisplayRef ref="VTR:DestinationDisplay:1"/>
                </StopPointInJourneyPattern>
                <StopPointInJourneyPattern id="VTR:StopPointInJourneyPattern:967243" version="46310" order="3">
                  <ScheduledStopPointRef ref="VTR:ScheduledStopPoint:63450"/>
                  <DestinationDisplayRef ref="VTR:DestinationDisplay:1"/>
                </StopPointInJourneyPattern>
                <StopPointInJourneyPattern id="VTR:StopPointInJourneyPattern:967244" version="46310" order="4">
                  <ScheduledStopPointRef ref="VTR:ScheduledStopPoint:63468"/>
                  <ForBoarding>false</ForBoarding>
                  <DestinationDisplayRef ref="VTR:DestinationDisplay:1"/>
                </StopPointInJourneyPattern>
                <StopPointInJourneyPattern id="VTR:StopPointInJourneyPattern:967245" version="46310" order="5">
                  <ScheduledStopPointRef ref="VTR:ScheduledStopPoint:63469"/>
                  <ForBoarding>false</ForBoarding>
                  <DestinationDisplayRef ref="VTR:DestinationDisplay:1"/>
                </StopPointInJourneyPattern>
                <StopPointInJourneyPattern id="VTR:StopPointInJourneyPattern:967246" version="46310" order="6">
                  <ScheduledStopPointRef ref="VTR:ScheduledStopPoint:63452"/>
                  <DestinationDisplayRef ref="VTR:DestinationDisplay:1"/>
                </StopPointInJourneyPattern>
                <StopPointInJourneyPattern id="VTR:StopPointInJourneyPattern:967247" version="46310" order="7">
                  <ScheduledStopPointRef ref="VTR:ScheduledStopPoint:63470"/>
                  <DestinationDisplayRef ref="VTR:DestinationDisplay:1"/>
                </StopPointInJourneyPattern>
                <StopPointInJourneyPattern id="VTR:StopPointInJourneyPattern:967248" version="46310" order="8">
                  <ScheduledStopPointRef ref="VTR:ScheduledStopPoint:63471"/>
                  <ForBoarding>false</ForBoarding>
                  <DestinationDisplayRef ref="VTR:DestinationDisplay:1"/>
                </StopPointInJourneyPattern>
                <StopPointInJourneyPattern id="VTR:StopPointInJourneyPattern:967249" version="46310" order="9">
                  <ScheduledStopPointRef ref="VTR:ScheduledStopPoint:63472"/>
                  <ForBoarding>false</ForBoarding>
                  <DestinationDisplayRef ref="VTR:DestinationDisplay:1"/>
                </StopPointInJourneyPattern>
                <StopPointInJourneyPattern id="VTR:StopPointInJourneyPattern:967250" version="46310" order="10">
                  <ScheduledStopPointRef ref="VTR:ScheduledStopPoint:63473"/>
                  <ForBoarding>false</ForBoarding>
                  <DestinationDisplayRef ref="VTR:DestinationDisplay:1"/>
                </StopPointInJourneyPattern>
                <StopPointInJourneyPattern id="VTR:StopPointInJourneyPattern:967251" version="46310" order="11">
                  <ScheduledStopPointRef ref="VTR:ScheduledStopPoint:63456"/>
                  <ForBoarding>false</ForBoarding>
                  <DestinationDisplayRef ref="VTR:DestinationDisplay:1"/>
                </StopPointInJourneyPattern>
              </pointsInSequence>
            </JourneyPattern>
            <JourneyPattern id="VTR:JourneyPattern:46329" version="46309">
              <Name>3*</Name>
              <RouteRef ref="VTR:Route:3779" version="1"/>
              <pointsInSequence>
                <StopPointInJourneyPattern id="VTR:StopPointInJourneyPattern:967230" version="46309" order="1">
                  <ScheduledStopPointRef ref="VTR:ScheduledStopPoint:63446"/>
                  <ForAlighting>false</ForAlighting>
                  <DestinationDisplayRef ref="VTR:DestinationDisplay:1"/>
                </StopPointInJourneyPattern>
                <StopPointInJourneyPattern id="VTR:StopPointInJourneyPattern:967231" version="46309" order="2">
                  <ScheduledStopPointRef ref="VTR:ScheduledStopPoint:63467"/>
                  <DestinationDisplayRef ref="VTR:DestinationDisplay:1"/>
                </StopPointInJourneyPattern>
                <StopPointInJourneyPattern id="VTR:StopPointInJourneyPattern:967232" version="46309" order="3">
                  <ScheduledStopPointRef ref="VTR:ScheduledStopPoint:63450"/>
                  <DestinationDisplayRef ref="VTR:DestinationDisplay:1"/>
                </StopPointInJourneyPattern>
                <StopPointInJourneyPattern id="VTR:StopPointInJourneyPattern:967233" version="46309" order="4">
                  <ScheduledStopPointRef ref="VTR:ScheduledStopPoint:63468"/>
                  <ForBoarding>false</ForBoarding>
                  <DestinationDisplayRef ref="VTR:DestinationDisplay:1"/>
                </StopPointInJourneyPattern>
                <StopPointInJourneyPattern id="VTR:StopPointInJourneyPattern:967234" version="46309" order="5">
                  <ScheduledStopPointRef ref="VTR:ScheduledStopPoint:63469"/>
                  <ForBoarding>false</ForBoarding>
                  <DestinationDisplayRef ref="VTR:DestinationDisplay:1"/>
                </StopPointInJourneyPattern>
                <StopPointInJourneyPattern id="VTR:StopPointInJourneyPattern:967235" version="46309" order="6">
                  <ScheduledStopPointRef ref="VTR:ScheduledStopPoint:63452"/>
                  <DestinationDisplayRef ref="VTR:DestinationDisplay:1"/>
                </StopPointInJourneyPattern>
                <StopPointInJourneyPattern id="VTR:StopPointInJourneyPattern:967236" version="46309" order="7">
                  <ScheduledStopPointRef ref="VTR:ScheduledStopPoint:63470"/>
                  <DestinationDisplayRef ref="VTR:DestinationDisplay:1"/>
                </StopPointInJourneyPattern>
                <StopPointInJourneyPattern id="VTR:StopPointInJourneyPattern:967237" version="46309" order="8">
                  <ScheduledStopPointRef ref="VTR:ScheduledStopPoint:63471"/>
                  <ForBoarding>false</ForBoarding>
                  <DestinationDisplayRef ref="VTR:DestinationDisplay:1"/>
                </StopPointInJourneyPattern>
                <StopPointInJourneyPattern id="VTR:StopPointInJourneyPattern:967238" version="46309" order="9">
                  <ScheduledStopPointRef ref="VTR:ScheduledStopPoint:63472"/>
                  <ForBoarding>false</ForBoarding>
                  <DestinationDisplayRef ref="VTR:DestinationDisplay:1"/>
                </StopPointInJourneyPattern>
                <StopPointInJourneyPattern id="VTR:StopPointInJourneyPattern:967239" version="46309" order="10">
                  <ScheduledStopPointRef ref="VTR:ScheduledStopPoint:63473"/>
                  <ForBoarding>false</ForBoarding>
                  <DestinationDisplayRef ref="VTR:DestinationDisplay:1"/>
                </StopPointInJourneyPattern>
                <StopPointInJourneyPattern id="VTR:StopPointInJourneyPattern:967240" version="46309" order="11">
                  <ScheduledStopPointRef ref="VTR:ScheduledStopPoint:63456"/>
                  <ForBoarding>false</ForBoarding>
                  <DestinationDisplayRef ref="VTR:DestinationDisplay:1"/>
                </StopPointInJourneyPattern>
              </pointsInSequence>
            </JourneyPattern>
            <JourneyPattern id="VTR:JourneyPattern:45965" version="45944">
              <Name>1*</Name>
              <RouteRef ref="VTR:Route:3779" version="1"/>
              <pointsInSequence>
                <StopPointInJourneyPattern id="VTR:StopPointInJourneyPattern:961042" version="45944" order="1">
                  <ScheduledStopPointRef ref="VTR:ScheduledStopPoint:63446"/>
                  <ForAlighting>false</ForAlighting>
                  <DestinationDisplayRef ref="VTR:DestinationDisplay:1"/>
                </StopPointInJourneyPattern>
                <StopPointInJourneyPattern id="VTR:StopPointInJourneyPattern:961043" version="45944" order="2">
                  <ScheduledStopPointRef ref="VTR:ScheduledStopPoint:63467"/>
                  <DestinationDisplayRef ref="VTR:DestinationDisplay:1"/>
                </StopPointInJourneyPattern>
                <StopPointInJourneyPattern id="VTR:StopPointInJourneyPattern:961044" version="45944" order="3">
                  <ScheduledStopPointRef ref="VTR:ScheduledStopPoint:63450"/>
                  <DestinationDisplayRef ref="VTR:DestinationDisplay:1"/>
                </StopPointInJourneyPattern>
                <StopPointInJourneyPattern id="VTR:StopPointInJourneyPattern:961045" version="45944" order="4">
                  <ScheduledStopPointRef ref="VTR:ScheduledStopPoint:63468"/>
                  <ForBoarding>false</ForBoarding>
                  <DestinationDisplayRef ref="VTR:DestinationDisplay:1"/>
                </StopPointInJourneyPattern>
                <StopPointInJourneyPattern id="VTR:StopPointInJourneyPattern:961046" version="45944" order="5">
                  <ScheduledStopPointRef ref="VTR:ScheduledStopPoint:63469"/>
                  <ForBoarding>false</ForBoarding>
                  <DestinationDisplayRef ref="VTR:DestinationDisplay:1"/>
                </StopPointInJourneyPattern>
                <StopPointInJourneyPattern id="VTR:StopPointInJourneyPattern:961047" version="45944" order="6">
                  <ScheduledStopPointRef ref="VTR:ScheduledStopPoint:63452"/>
                  <DestinationDisplayRef ref="VTR:DestinationDisplay:1"/>
                </StopPointInJourneyPattern>
                <StopPointInJourneyPattern id="VTR:StopPointInJourneyPattern:961048" version="45944" order="7">
                  <ScheduledStopPointRef ref="VTR:ScheduledStopPoint:63470"/>
                  <DestinationDisplayRef ref="VTR:DestinationDisplay:1"/>
                </StopPointInJourneyPattern>
                <StopPointInJourneyPattern id="VTR:StopPointInJourneyPattern:961049" version="45944" order="8">
                  <ScheduledStopPointRef ref="VTR:ScheduledStopPoint:63471"/>
                  <ForBoarding>false</ForBoarding>
                  <DestinationDisplayRef ref="VTR:DestinationDisplay:1"/>
                </StopPointInJourneyPattern>
                <StopPointInJourneyPattern id="VTR:StopPointInJourneyPattern:961050" version="45944" order="9">
                  <ScheduledStopPointRef ref="VTR:ScheduledStopPoint:63472"/>
                  <ForBoarding>false</ForBoarding>
                  <DestinationDisplayRef ref="VTR:DestinationDisplay:1"/>
                </StopPointInJourneyPattern>
                <StopPointInJourneyPattern id="VTR:StopPointInJourneyPattern:961051" version="45944" order="10">
                  <ScheduledStopPointRef ref="VTR:ScheduledStopPoint:63473"/>
                  <ForBoarding>false</ForBoarding>
                  <DestinationDisplayRef ref="VTR:DestinationDisplay:1"/>
                </StopPointInJourneyPattern>
                <StopPointInJourneyPattern id="VTR:StopPointInJourneyPattern:961052" version="45944" order="11">
                  <ScheduledStopPointRef ref="VTR:ScheduledStopPoint:63456"/>
                  <ForBoarding>false</ForBoarding>
                  <DestinationDisplayRef ref="VTR:DestinationDisplay:1"/>
                </StopPointInJourneyPattern>
              </pointsInSequence>
            </JourneyPattern>
          </journeyPatterns>
        </ServiceFrame>
        <TimetableFrame version="1" id="VTR:TimetableFrame:1351">
          <vehicleJourneys>
            <ServiceJourney version="46309" id="VTR:ServiceJourney:46329">
              <Name>Šventoji-Vilnius</Name>
              <PrivateCode>3*</PrivateCode>
              <dayTypes>
                <DayTypeRef ref="VTR:DayType:90"/>
              </dayTypes>
              <JourneyPatternRef version="46309" ref="VTR:JourneyPattern:46329"/>
              <OperatorRef ref="VTR:Operator:550"/>
              <LineRef ref="VTR:Line:649" version="634"/>
              <passingTimes>
                <TimetabledPassingTime version="46309" id="VTR:TimetabledPassingTime:46329_967230_1">
                  <StopPointInJourneyPatternRef ref="VTR:StopPointInJourneyPattern:967230" version="46309"/>
                  <DepartureTime>12:00:00</DepartureTime>
                  <DepartureDayOffset>0</DepartureDayOffset>
                </TimetabledPassingTime>
                <TimetabledPassingTime version="46309" id="VTR:TimetabledPassingTime:46329_967231_2">
                  <StopPointInJourneyPatternRef ref="VTR:StopPointInJourneyPattern:967231" version="46309"/>
                  <DepartureTime>12:10:00</DepartureTime>
                  <DepartureDayOffset>0</DepartureDayOffset>
                </TimetabledPassingTime>
                <TimetabledPassingTime version="46309" id="VTR:TimetabledPassingTime:46329_967232_3">
                  <StopPointInJourneyPatternRef ref="VTR:StopPointInJourneyPattern:967232" version="46309"/>
                  <DepartureTime>12:30:00</DepartureTime>
                  <DepartureDayOffset>0</DepartureDayOffset>
                </TimetabledPassingTime>
                <TimetabledPassingTime version="46309" id="VTR:TimetabledPassingTime:46329_967233_4">
                  <StopPointInJourneyPatternRef ref="VTR:StopPointInJourneyPattern:967233" version="46309"/>
                  <DepartureTime>12:45:00</DepartureTime>
                  <DepartureDayOffset>0</DepartureDayOffset>
                </TimetabledPassingTime>
                <TimetabledPassingTime version="46309" id="VTR:TimetabledPassingTime:46329_967234_5">
                  <StopPointInJourneyPatternRef ref="VTR:StopPointInJourneyPattern:967234" version="46309"/>
                  <DepartureTime>12:50:00</DepartureTime>
                  <DepartureDayOffset>0</DepartureDayOffset>
                </TimetabledPassingTime>
                <TimetabledPassingTime version="46309" id="VTR:TimetabledPassingTime:46329_967235_6">
                  <StopPointInJourneyPatternRef ref="VTR:StopPointInJourneyPattern:967235" version="46309"/>
                  <DepartureTime>13:00:00</DepartureTime>
                  <DepartureDayOffset>0</DepartureDayOffset>
                </TimetabledPassingTime>
                <TimetabledPassingTime version="46309" id="VTR:TimetabledPassingTime:46329_967236_7">
                  <StopPointInJourneyPatternRef ref="VTR:StopPointInJourneyPattern:967236" version="46309"/>
                  <DepartureTime>14:50:00</DepartureTime>
                  <DepartureDayOffset>0</DepartureDayOffset>
                </TimetabledPassingTime>
                <TimetabledPassingTime version="46309" id="VTR:TimetabledPassingTime:46329_967237_8">
                  <StopPointInJourneyPatternRef ref="VTR:StopPointInJourneyPattern:967237" version="46309"/>
                  <DepartureTime>16:45:00</DepartureTime>
                  <DepartureDayOffset>0</DepartureDayOffset>
                </TimetabledPassingTime>
                <TimetabledPassingTime version="46309" id="VTR:TimetabledPassingTime:46329_967238_9">
                  <StopPointInJourneyPatternRef ref="VTR:StopPointInJourneyPattern:967238" version="46309"/>
                  <DepartureTime>16:50:00</DepartureTime>
                  <DepartureDayOffset>0</DepartureDayOffset>
                </TimetabledPassingTime>
                <TimetabledPassingTime version="46309" id="VTR:TimetabledPassingTime:46329_967239_10">
                  <StopPointInJourneyPatternRef ref="VTR:StopPointInJourneyPattern:967239" version="46309"/>
                  <DepartureTime>16:52:00</DepartureTime>
                  <DepartureDayOffset>0</DepartureDayOffset>
                </TimetabledPassingTime>
                <TimetabledPassingTime version="46309" id="VTR:TimetabledPassingTime:46329_967240_11">
                  <StopPointInJourneyPatternRef ref="VTR:StopPointInJourneyPattern:967240" version="46309"/>
                  <DepartureTime>17:10:00</DepartureTime>
                  <DepartureDayOffset>0</DepartureDayOffset>
                </TimetabledPassingTime>
              </passingTimes>
            </ServiceJourney>
            <ServiceJourney version="45944" id="VTR:ServiceJourney:45965">
              <Name>Šventoji-Vilnius</Name>
              <PrivateCode>1*</PrivateCode>
              <dayTypes>
                <DayTypeRef ref="VTR:DayType:90"/>
              </dayTypes>
              <JourneyPatternRef version="45944" ref="VTR:JourneyPattern:45965"/>
              <OperatorRef ref="VTR:Operator:550"/>
              <LineRef ref="VTR:Line:649" version="634"/>
              <passingTimes>
                <TimetabledPassingTime version="45944" id="VTR:TimetabledPassingTime:45965_961042_1">
                  <StopPointInJourneyPatternRef ref="VTR:StopPointInJourneyPattern:961042" version="45944"/>
                  <DepartureTime>09:45:00</DepartureTime>
                  <DepartureDayOffset>0</DepartureDayOffset>
                </TimetabledPassingTime>
                <TimetabledPassingTime version="45944" id="VTR:TimetabledPassingTime:45965_961043_2">
                  <StopPointInJourneyPatternRef ref="VTR:StopPointInJourneyPattern:961043" version="45944"/>
                  <DepartureTime>09:55:00</DepartureTime>
                  <DepartureDayOffset>0</DepartureDayOffset>
                </TimetabledPassingTime>
                <TimetabledPassingTime version="45944" id="VTR:TimetabledPassingTime:45965_961044_3">
                  <StopPointInJourneyPatternRef ref="VTR:StopPointInJourneyPattern:961044" version="45944"/>
                  <DepartureTime>10:15:00</DepartureTime>
                  <DepartureDayOffset>0</DepartureDayOffset>
                </TimetabledPassingTime>
                <TimetabledPassingTime version="45944" id="VTR:TimetabledPassingTime:45965_961045_4">
                  <StopPointInJourneyPatternRef ref="VTR:StopPointInJourneyPattern:961045" version="45944"/>
                  <DepartureTime>10:30:00</DepartureTime>
                  <DepartureDayOffset>0</DepartureDayOffset>
                </TimetabledPassingTime>
                <TimetabledPassingTime version="45944" id="VTR:TimetabledPassingTime:45965_961046_5">
                  <StopPointInJourneyPatternRef ref="VTR:StopPointInJourneyPattern:961046" version="45944"/>
                  <DepartureTime>10:35:00</DepartureTime>
                  <DepartureDayOffset>0</DepartureDayOffset>
                </TimetabledPassingTime>
                <TimetabledPassingTime version="45944" id="VTR:TimetabledPassingTime:45965_961047_6">
                  <StopPointInJourneyPatternRef ref="VTR:StopPointInJourneyPattern:961047" version="45944"/>
                  <DepartureTime>10:45:00</DepartureTime>
                  <DepartureDayOffset>0</DepartureDayOffset>
                </TimetabledPassingTime>
                <TimetabledPassingTime version="45944" id="VTR:TimetabledPassingTime:45965_961048_7">
                  <StopPointInJourneyPatternRef ref="VTR:StopPointInJourneyPattern:961048" version="45944"/>
                  <DepartureTime>12:35:00</DepartureTime>
                  <DepartureDayOffset>0</DepartureDayOffset>
                </TimetabledPassingTime>
                <TimetabledPassingTime version="45944" id="VTR:TimetabledPassingTime:45965_961049_8">
                  <StopPointInJourneyPatternRef ref="VTR:StopPointInJourneyPattern:961049" version="45944"/>
                  <DepartureTime>14:30:00</DepartureTime>
                  <DepartureDayOffset>0</DepartureDayOffset>
                </TimetabledPassingTime>
                <TimetabledPassingTime version="45944" id="VTR:TimetabledPassingTime:45965_961050_9">
                  <StopPointInJourneyPatternRef ref="VTR:StopPointInJourneyPattern:961050" version="45944"/>
                  <DepartureTime>14:35:00</DepartureTime>
                  <DepartureDayOffset>0</DepartureDayOffset>
                </TimetabledPassingTime>
                <TimetabledPassingTime version="45944" id="VTR:TimetabledPassingTime:45965_961051_10">
                  <StopPointInJourneyPatternRef ref="VTR:StopPointInJourneyPattern:961051" version="45944"/>
                  <DepartureTime>14:37:00</DepartureTime>
                  <DepartureDayOffset>0</DepartureDayOffset>
                </TimetabledPassingTime>
                <TimetabledPassingTime version="45944" id="VTR:TimetabledPassingTime:45965_961052_11">
                  <StopPointInJourneyPatternRef ref="VTR:StopPointInJourneyPattern:961052" version="45944"/>
                  <DepartureTime>14:55:00</DepartureTime>
                  <DepartureDayOffset>0</DepartureDayOffset>
                </TimetabledPassingTime>
              </passingTimes>
            </ServiceJourney>
            <ServiceJourney version="46310" id="VTR:ServiceJourney:46330">
              <Name>Šventoji-Vilnius</Name>
              <PrivateCode>5*</PrivateCode>
              <dayTypes>
                <DayTypeRef ref="VTR:DayType:90"/>
              </dayTypes>
              <JourneyPatternRef version="46310" ref="VTR:JourneyPattern:46330"/>
              <OperatorRef ref="VTR:Operator:550"/>
              <LineRef ref="VTR:Line:649" version="634"/>
              <passingTimes>
                <TimetabledPassingTime version="46310" id="VTR:TimetabledPassingTime:46330_967241_1">
                  <StopPointInJourneyPatternRef ref="VTR:StopPointInJourneyPattern:967241" version="46310"/>
                  <DepartureTime>18:20:00</DepartureTime>
                  <DepartureDayOffset>0</DepartureDayOffset>
                </TimetabledPassingTime>
                <TimetabledPassingTime version="46310" id="VTR:TimetabledPassingTime:46330_967242_2">
                  <StopPointInJourneyPatternRef ref="VTR:StopPointInJourneyPattern:967242" version="46310"/>
                  <DepartureTime>18:30:00</DepartureTime>
                  <DepartureDayOffset>0</DepartureDayOffset>
                </TimetabledPassingTime>
                <TimetabledPassingTime version="46310" id="VTR:TimetabledPassingTime:46330_967243_3">
                  <StopPointInJourneyPatternRef ref="VTR:StopPointInJourneyPattern:967243" version="46310"/>
                  <DepartureTime>18:50:00</DepartureTime>
                  <DepartureDayOffset>0</DepartureDayOffset>
                </TimetabledPassingTime>
                <TimetabledPassingTime version="46310" id="VTR:TimetabledPassingTime:46330_967244_4">
                  <StopPointInJourneyPatternRef ref="VTR:StopPointInJourneyPattern:967244" version="46310"/>
                  <DepartureTime>19:05:00</DepartureTime>
                  <DepartureDayOffset>0</DepartureDayOffset>
                </TimetabledPassingTime>
                <TimetabledPassingTime version="46310" id="VTR:TimetabledPassingTime:46330_967245_5">
                  <StopPointInJourneyPatternRef ref="VTR:StopPointInJourneyPattern:967245" version="46310"/>
                  <DepartureTime>19:10:00</DepartureTime>
                  <DepartureDayOffset>0</DepartureDayOffset>
                </TimetabledPassingTime>
                <TimetabledPassingTime version="46310" id="VTR:TimetabledPassingTime:46330_967246_6">
                  <StopPointInJourneyPatternRef ref="VTR:StopPointInJourneyPattern:967246" version="46310"/>
                  <DepartureTime>19:20:00</DepartureTime>
                  <DepartureDayOffset>0</DepartureDayOffset>
                </TimetabledPassingTime>
                <TimetabledPassingTime version="46310" id="VTR:TimetabledPassingTime:46330_967247_7">
                  <StopPointInJourneyPatternRef ref="VTR:StopPointInJourneyPattern:967247" version="46310"/>
                  <DepartureTime>21:10:00</DepartureTime>
                  <DepartureDayOffset>0</DepartureDayOffset>
                </TimetabledPassingTime>
                <TimetabledPassingTime version="46310" id="VTR:TimetabledPassingTime:46330_967248_8">
                  <StopPointInJourneyPatternRef ref="VTR:StopPointInJourneyPattern:967248" version="46310"/>
                  <DepartureTime>23:05:00</DepartureTime>
                  <DepartureDayOffset>0</DepartureDayOffset>
                </TimetabledPassingTime>
                <TimetabledPassingTime version="46310" id="VTR:TimetabledPassingTime:46330_967249_9">
                  <StopPointInJourneyPatternRef ref="VTR:StopPointInJourneyPattern:967249" version="46310"/>
                  <DepartureTime>23:10:00</DepartureTime>
                  <DepartureDayOffset>0</DepartureDayOffset>
                </TimetabledPassingTime>
                <TimetabledPassingTime version="46310" id="VTR:TimetabledPassingTime:46330_967250_10">
                  <StopPointInJourneyPatternRef ref="VTR:StopPointInJourneyPattern:967250" version="46310"/>
                  <DepartureTime>23:12:00</DepartureTime>
                  <DepartureDayOffset>0</DepartureDayOffset>
                </TimetabledPassingTime>
                <TimetabledPassingTime version="46310" id="VTR:TimetabledPassingTime:46330_967251_11">
                  <StopPointInJourneyPatternRef ref="VTR:StopPointInJourneyPattern:967251" version="46310"/>
                  <DepartureTime>23:30:00</DepartureTime>
                  <DepartureDayOffset>0</DepartureDayOffset>
                </TimetabledPassingTime>
              </passingTimes>
            </ServiceJourney>
          </vehicleJourneys>
        </TimetableFrame>
        <ResourceFrame version="1" id="VTR:ResourceFrame:1351">
          <organisations>
            <Authority version="1" id="VTR:Authority:2">
              <CompanyNumber>188647255</CompanyNumber>
              <Name>LTSA</Name>
              <LegalName>Lietuvos transporto saugos administracija</LegalName>
              <ContactDetails>
                <Email>ltsa@ltsa.lrv.lt</Email>
                <Phone>8 5  278 5602</Phone>
                <Url>www.ltsa.lrv.lt</Url>
              </ContactDetails>
              <OrganisationType>authority</OrganisationType>
            </Authority>
          </organisations>
        </ResourceFrame>
      </frames>
    </CompositeFrame>
  </dataObjects>
</PublicationDelivery>
