<?xml version="1.0" encoding="UTF-8"?><PublicationDelivery xmlns="http://www.netex.org.uk/netex" xmlns:gis="http://www.opengis.net/gml/3.2" xmlns:ns2="http://www.opengis.net/gml/3.2" xmlns:ns3="http://www.siri.org.uk/siri" xmlns:xsi="http://www.w3.org/2001/XMLSchema-instance" version="1" xsi:schemaLocation="">
  <PublicationTimestamp>2022-05-07T00:50:00.296</PublicationTimestamp>
  <ParticipantRef>VTR</ParticipantRef>
  <Description>1</Description>
  <dataObjects>
    <CompositeFrame created="2022-05-07T00:50:00.296" version="1" id="VTR:CompositeFrame:1351">
      <validityConditions>
        <AvailabilityCondition version="1" id="VTR:AvailabilityCondition:1351">
          <FromDate>2010-03-24T00:00:00</FromDate>
          <ToDate>2023-03-31T00:00:00</ToDate>
        </AvailabilityCondition>
      </validityConditions>
      <codespaces>
        <Codespace id="vtr">
          <Xmlns>VTR</Xmlns>
          <XmlnsUrl>http://www.visimarsrutai.lt/</XmlnsUrl>
        </Codespace>
      </codespaces>
      <FrameDefaults>
        <DefaultLocale>
          <TimeZone>Europe/Vilnius</TimeZone>
        </DefaultLocale>
        <DefaultLocationSystem>WGS84</DefaultLocationSystem>
      </FrameDefaults>
      <frames>
        <ServiceCalendarFrame version="1" id="VTR:ServiceCalendarFrame:1351">
          <dayTypes>
            <DayType id="VTR:DayType:24596" version="1">
              <properties>
                <PropertyOfDay>
                  <DaysOfWeek>Friday Sunday</DaysOfWeek>
                </PropertyOfDay>
              </properties>
            </DayType>
            <DayType id="VTR:DayType:90" version="1">
              <properties>
                <PropertyOfDay>
                  <DaysOfWeek>Weekdays</DaysOfWeek>
                </PropertyOfDay>
              </properties>
            </DayType>
          </dayTypes>
          <operatingPeriods>
            <OperatingPeriod version="1" id="VTR:OperatingPeriod:24596">
              <FromDate>2019-09-06T00:00:00</FromDate>
              <ToDate>2099-01-01T00:00:00</ToDate>
            </OperatingPeriod>
            <OperatingPeriod version="1" id="VTR:OperatingPeriod:90">
              <FromDate>2015-06-02T00:00:00</FromDate>
              <ToDate>2099-12-31T00:00:00</ToDate>
            </OperatingPeriod>
          </operatingPeriods>
          <dayTypeAssignments>
            <DayTypeAssignment id="VTR:DayTypeAssignment:90_0" version="1" order="48">
              <OperatingPeriodRef ref="VTR:OperatingPeriod:90" version="1"/>
              <DayTypeRef ref="VTR:DayType:90" version="1"/>
            </DayTypeAssignment>
            <DayTypeAssignment id="VTR:DayTypeAssignment:24596_0" version="1" order="4217">
              <OperatingPeriodRef ref="VTR:OperatingPeriod:24596" version="1"/>
              <DayTypeRef ref="VTR:DayType:24596" version="1"/>
            </DayTypeAssignment>
          </dayTypeAssignments>
        </ServiceCalendarFrame>
        <ServiceFrame id="VTR:ServiceFrame:1351" version="1">
          <Network version="0" id="VTR:Network:2"/>
          <routePoints>
            <RoutePoint version="1" id="VTR:RoutePoint:1699866">
              <projections>
                <PointProjection version="1" id="VTR:PointProjection:78894">
                  <ProjectedPointRef ref="VTR:ScheduledStopPoint:1699866" version="1"/>
                </PointProjection>
              </projections>
            </RoutePoint>
            <RoutePoint version="1" id="VTR:RoutePoint:1699874">
              <projections>
                <PointProjection version="1" id="VTR:PointProjection:78895">
                  <ProjectedPointRef ref="VTR:ScheduledStopPoint:1699874" version="1"/>
                </PointProjection>
              </projections>
            </RoutePoint>
            <RoutePoint version="1" id="VTR:RoutePoint:1699876">
              <projections>
                <PointProjection version="1" id="VTR:PointProjection:78896">
                  <ProjectedPointRef ref="VTR:ScheduledStopPoint:1699876" version="1"/>
                </PointProjection>
              </projections>
            </RoutePoint>
            <RoutePoint version="1" id="VTR:RoutePoint:1699877">
              <projections>
                <PointProjection version="1" id="VTR:PointProjection:78897">
                  <ProjectedPointRef ref="VTR:ScheduledStopPoint:1699877" version="1"/>
                </PointProjection>
              </projections>
            </RoutePoint>
            <RoutePoint version="1" id="VTR:RoutePoint:1699878">
              <projections>
                <PointProjection version="1" id="VTR:PointProjection:78910">
                  <ProjectedPointRef ref="VTR:ScheduledStopPoint:1699878" version="1"/>
                </PointProjection>
              </projections>
            </RoutePoint>
            <RoutePoint version="1" id="VTR:RoutePoint:1699879">
              <projections>
                <PointProjection version="1" id="VTR:PointProjection:56375">
                  <ProjectedPointRef ref="VTR:ScheduledStopPoint:1699879" version="1"/>
                </PointProjection>
              </projections>
            </RoutePoint>
            <RoutePoint version="1" id="VTR:RoutePoint:1699881">
              <projections>
                <PointProjection version="1" id="VTR:PointProjection:67855">
                  <ProjectedPointRef ref="VTR:ScheduledStopPoint:1699881" version="1"/>
                </PointProjection>
              </projections>
            </RoutePoint>
            <RoutePoint version="1" id="VTR:RoutePoint:1699882">
              <projections>
                <PointProjection version="1" id="VTR:PointProjection:67856">
                  <ProjectedPointRef ref="VTR:ScheduledStopPoint:1699882" version="1"/>
                </PointProjection>
              </projections>
            </RoutePoint>
            <RoutePoint version="1" id="VTR:RoutePoint:1699886">
              <projections>
                <PointProjection version="1" id="VTR:PointProjection:67857">
                  <ProjectedPointRef ref="VTR:ScheduledStopPoint:1699886" version="1"/>
                </PointProjection>
              </projections>
            </RoutePoint>
            <RoutePoint version="1" id="VTR:RoutePoint:1699887">
              <projections>
                <PointProjection version="1" id="VTR:PointProjection:67949">
                  <ProjectedPointRef ref="VTR:ScheduledStopPoint:1699887" version="1"/>
                </PointProjection>
              </projections>
            </RoutePoint>
            <RoutePoint version="1" id="VTR:RoutePoint:29326">
              <projections>
                <PointProjection version="1" id="VTR:PointProjection:7766">
                  <ProjectedPointRef ref="VTR:ScheduledStopPoint:29326" version="1"/>
                </PointProjection>
              </projections>
            </RoutePoint>
            <RoutePoint version="1" id="VTR:RoutePoint:29329">
              <projections>
                <PointProjection version="1" id="VTR:PointProjection:7769">
                  <ProjectedPointRef ref="VTR:ScheduledStopPoint:29329" version="1"/>
                </PointProjection>
              </projections>
            </RoutePoint>
            <RoutePoint version="1" id="VTR:RoutePoint:29336">
              <projections>
                <PointProjection version="1" id="VTR:PointProjection:7767">
                  <ProjectedPointRef ref="VTR:ScheduledStopPoint:29336" version="1"/>
                </PointProjection>
              </projections>
            </RoutePoint>
            <RoutePoint version="1" id="VTR:RoutePoint:29342">
              <projections>
                <PointProjection version="1" id="VTR:PointProjection:7771">
                  <ProjectedPointRef ref="VTR:ScheduledStopPoint:29342" version="1"/>
                </PointProjection>
              </projections>
            </RoutePoint>
            <RoutePoint version="1" id="VTR:RoutePoint:34209">
              <projections>
                <PointProjection version="1" id="VTR:PointProjection:9318">
                  <ProjectedPointRef ref="VTR:ScheduledStopPoint:34209" version="1"/>
                </PointProjection>
              </projections>
            </RoutePoint>
            <RoutePoint version="1" id="VTR:RoutePoint:34210">
              <projections>
                <PointProjection version="1" id="VTR:PointProjection:9319">
                  <ProjectedPointRef ref="VTR:ScheduledStopPoint:34210" version="1"/>
                </PointProjection>
              </projections>
            </RoutePoint>
            <RoutePoint version="1" id="VTR:RoutePoint:34252">
              <projections>
                <PointProjection version="1" id="VTR:PointProjection:9453">
                  <ProjectedPointRef ref="VTR:ScheduledStopPoint:34252" version="1"/>
                </PointProjection>
              </projections>
            </RoutePoint>
            <RoutePoint version="1" id="VTR:RoutePoint:34290">
              <projections>
                <PointProjection version="1" id="VTR:PointProjection:9557">
                  <ProjectedPointRef ref="VTR:ScheduledStopPoint:34290" version="1"/>
                </PointProjection>
              </projections>
            </RoutePoint>
            <RoutePoint version="1" id="VTR:RoutePoint:34291">
              <projections>
                <PointProjection version="1" id="VTR:PointProjection:9558">
                  <ProjectedPointRef ref="VTR:ScheduledStopPoint:34291" version="1"/>
                </PointProjection>
              </projections>
            </RoutePoint>
            <RoutePoint version="1" id="VTR:RoutePoint:34292">
              <projections>
                <PointProjection version="1" id="VTR:PointProjection:9559">
                  <ProjectedPointRef ref="VTR:ScheduledStopPoint:34292" version="1"/>
                </PointProjection>
              </projections>
            </RoutePoint>
          </routePoints>
          <routes>
            <Route version="1" id="VTR:Route:19886">
              <Name>Vilnius-Alytus</Name>
              <ShortName>Vilnius-Alytus</ShortName>
              <LineRef ref="VTR:Line:743" version="728"/>
              <DirectionType>outbound</DirectionType>
              <pointsInSequence>
                <PointOnRoute version="1" id="VTR:PointOnRoute:1699866" order="1">
                  <RoutePointRef ref="VTR:RoutePoint:1699866"/>
                </PointOnRoute>
                <PointOnRoute version="1" id="VTR:PointOnRoute:1699874" order="2">
                  <RoutePointRef ref="VTR:RoutePoint:1699874"/>
                </PointOnRoute>
                <PointOnRoute version="1" id="VTR:PointOnRoute:1699876" order="3">
                  <RoutePointRef ref="VTR:RoutePoint:1699876"/>
                </PointOnRoute>
                <PointOnRoute version="1" id="VTR:PointOnRoute:1699877" order="4">
                  <RoutePointRef ref="VTR:RoutePoint:1699877"/>
                </PointOnRoute>
                <PointOnRoute version="1" id="VTR:PointOnRoute:1699878" order="5">
                  <RoutePointRef ref="VTR:RoutePoint:1699878"/>
                </PointOnRoute>
              </pointsInSequence>
            </Route>
            <Route version="1" id="VTR:Route:19887">
              <Name>Alytus-Vilnius</Name>
              <ShortName>Alytus-Vilnius</ShortName>
              <LineRef ref="VTR:Line:743" version="728"/>
              <DirectionType>inbound</DirectionType>
              <pointsInSequence>
                <PointOnRoute version="1" id="VTR:PointOnRoute:1699879" order="1">
                  <RoutePointRef ref="VTR:RoutePoint:1699879"/>
                </PointOnRoute>
                <PointOnRoute version="1" id="VTR:PointOnRoute:1699881" order="3">
                  <RoutePointRef ref="VTR:RoutePoint:1699881"/>
                </PointOnRoute>
                <PointOnRoute version="1" id="VTR:PointOnRoute:1699882" order="4">
                  <RoutePointRef ref="VTR:RoutePoint:1699882"/>
                </PointOnRoute>
                <PointOnRoute version="1" id="VTR:PointOnRoute:1699886" order="5">
                  <RoutePointRef ref="VTR:RoutePoint:1699886"/>
                </PointOnRoute>
                <PointOnRoute version="1" id="VTR:PointOnRoute:1699887" order="6">
                  <RoutePointRef ref="VTR:RoutePoint:1699887"/>
                </PointOnRoute>
              </pointsInSequence>
            </Route>
            <Route version="1" id="VTR:Route:2045">
              <Name>Vilnius-Alytus</Name>
              <ShortName>Vilnius-Alytus</ShortName>
              <LineRef ref="VTR:Line:743" version="728"/>
              <DirectionType>outbound</DirectionType>
              <pointsInSequence>
                <PointOnRoute version="1" id="VTR:PointOnRoute:29326" order="1">
                  <RoutePointRef ref="VTR:RoutePoint:29326"/>
                </PointOnRoute>
                <PointOnRoute version="1" id="VTR:PointOnRoute:34252" order="2">
                  <RoutePointRef ref="VTR:RoutePoint:34252"/>
                </PointOnRoute>
                <PointOnRoute version="1" id="VTR:PointOnRoute:34209" order="3">
                  <RoutePointRef ref="VTR:RoutePoint:34209"/>
                </PointOnRoute>
                <PointOnRoute version="1" id="VTR:PointOnRoute:34210" order="4">
                  <RoutePointRef ref="VTR:RoutePoint:34210"/>
                </PointOnRoute>
                <PointOnRoute version="1" id="VTR:PointOnRoute:29329" order="5">
                  <RoutePointRef ref="VTR:RoutePoint:29329"/>
                </PointOnRoute>
                <PointOnRoute version="1" id="VTR:PointOnRoute:34252" order="9">
                  <RoutePointRef ref="VTR:RoutePoint:34252"/>
                </PointOnRoute>
                <PointOnRoute version="1" id="VTR:PointOnRoute:34209" order="11">
                  <RoutePointRef ref="VTR:RoutePoint:34209"/>
                </PointOnRoute>
                <PointOnRoute version="1" id="VTR:PointOnRoute:34210" order="12">
                  <RoutePointRef ref="VTR:RoutePoint:34210"/>
                </PointOnRoute>
                <PointOnRoute version="1" id="VTR:PointOnRoute:29329" order="13">
                  <RoutePointRef ref="VTR:RoutePoint:29329"/>
                </PointOnRoute>
              </pointsInSequence>
            </Route>
            <Route version="1" id="VTR:Route:2046">
              <Name>Alytus-Vilnius</Name>
              <ShortName>Alytus-Vilnius</ShortName>
              <LineRef ref="VTR:Line:743" version="728"/>
              <DirectionType>inbound</DirectionType>
              <pointsInSequence>
                <PointOnRoute version="1" id="VTR:PointOnRoute:29336" order="1">
                  <RoutePointRef ref="VTR:RoutePoint:29336"/>
                </PointOnRoute>
                <PointOnRoute version="1" id="VTR:PointOnRoute:34290" order="2">
                  <RoutePointRef ref="VTR:RoutePoint:34290"/>
                </PointOnRoute>
                <PointOnRoute version="1" id="VTR:PointOnRoute:34290" order="3">
                  <RoutePointRef ref="VTR:RoutePoint:34290"/>
                </PointOnRoute>
                <PointOnRoute version="1" id="VTR:PointOnRoute:34291" order="3">
                  <RoutePointRef ref="VTR:RoutePoint:34291"/>
                </PointOnRoute>
                <PointOnRoute version="1" id="VTR:PointOnRoute:34292" order="4">
                  <RoutePointRef ref="VTR:RoutePoint:34292"/>
                </PointOnRoute>
                <PointOnRoute version="1" id="VTR:PointOnRoute:34291" order="4">
                  <RoutePointRef ref="VTR:RoutePoint:34291"/>
                </PointOnRoute>
                <PointOnRoute version="1" id="VTR:PointOnRoute:29342" order="5">
                  <RoutePointRef ref="VTR:RoutePoint:29342"/>
                </PointOnRoute>
                <PointOnRoute version="1" id="VTR:PointOnRoute:34292" order="8">
                  <RoutePointRef ref="VTR:RoutePoint:34292"/>
                </PointOnRoute>
                <PointOnRoute version="1" id="VTR:PointOnRoute:29342" order="9">
                  <RoutePointRef ref="VTR:RoutePoint:29342"/>
                </PointOnRoute>
              </pointsInSequence>
            </Route>
          </routes>
          <lines>
            <Line version="728" id="VTR:Line:743">
              <Name>Vilnius-Alytus</Name>
              <TransportMode>bus</TransportMode>
              <TransportSubmode>
                <CoachSubmode>nationalCoach</CoachSubmode>
              </TransportSubmode>
              <PublicCode>M-887</PublicCode>
              <OperatorRef ref="VTR:Operator:2"/>
            </Line>
          </lines>
          <scheduledStopPoints>
            <ScheduledStopPoint version="1" id="VTR:ScheduledStopPoint:1699866">
              <Name>Vilniaus autobusų stotis</Name>
            </ScheduledStopPoint>
            <ScheduledStopPoint version="1" id="VTR:ScheduledStopPoint:1699874">
              <Name>Daugai</Name>
            </ScheduledStopPoint>
            <ScheduledStopPoint version="1" id="VTR:ScheduledStopPoint:1699876">
              <Name>Daugų g.</Name>
            </ScheduledStopPoint>
            <ScheduledStopPoint version="1" id="VTR:ScheduledStopPoint:1699877">
              <Name>Miesto sodas</Name>
            </ScheduledStopPoint>
            <ScheduledStopPoint version="1" id="VTR:ScheduledStopPoint:1699878">
              <Name>Alytaus autobusų stotis</Name>
            </ScheduledStopPoint>
            <ScheduledStopPoint version="1" id="VTR:ScheduledStopPoint:1699879">
              <Name>Alytaus autobusų stotis</Name>
            </ScheduledStopPoint>
            <ScheduledStopPoint version="1" id="VTR:ScheduledStopPoint:1699881">
              <Name>Daugų g.</Name>
            </ScheduledStopPoint>
            <ScheduledStopPoint version="1" id="VTR:ScheduledStopPoint:1699882">
              <Name>Daugai</Name>
            </ScheduledStopPoint>
            <ScheduledStopPoint version="1" id="VTR:ScheduledStopPoint:1699886">
              <Name>Vaduvos</Name>
            </ScheduledStopPoint>
            <ScheduledStopPoint version="1" id="VTR:ScheduledStopPoint:1699887">
              <Name>Vilniaus autobusų stotis</Name>
            </ScheduledStopPoint>
            <ScheduledStopPoint version="1" id="VTR:ScheduledStopPoint:29326">
              <Name>Vilniaus autobusų stotis</Name>
            </ScheduledStopPoint>
            <ScheduledStopPoint version="1" id="VTR:ScheduledStopPoint:29329">
              <Name>Alytaus autobusų stotis</Name>
            </ScheduledStopPoint>
            <ScheduledStopPoint version="1" id="VTR:ScheduledStopPoint:29336">
              <Name>Alytaus autobusų stotis</Name>
            </ScheduledStopPoint>
            <ScheduledStopPoint version="1" id="VTR:ScheduledStopPoint:29342">
              <Name>Vilniaus autobusų stotis</Name>
            </ScheduledStopPoint>
            <ScheduledStopPoint version="1" id="VTR:ScheduledStopPoint:34209">
              <Name>Daugų g.</Name>
            </ScheduledStopPoint>
            <ScheduledStopPoint version="1" id="VTR:ScheduledStopPoint:34210">
              <Name>Miesto sodas</Name>
            </ScheduledStopPoint>
            <ScheduledStopPoint version="1" id="VTR:ScheduledStopPoint:34252">
              <Name>Daugai</Name>
            </ScheduledStopPoint>
            <ScheduledStopPoint version="1" id="VTR:ScheduledStopPoint:34290">
              <Name>Daugų g.</Name>
            </ScheduledStopPoint>
            <ScheduledStopPoint version="1" id="VTR:ScheduledStopPoint:34291">
              <Name>Daugai</Name>
            </ScheduledStopPoint>
            <ScheduledStopPoint version="1" id="VTR:ScheduledStopPoint:34292">
              <Name>Vaduvos</Name>
            </ScheduledStopPoint>
          </scheduledStopPoints>
          <serviceLinks>
            <ServiceLink id="VTR:ServiceLink:1699882_1_1699886_1" version="1">
              <Distance>79</Distance>
              <FromPointRef ref="VTR:ScheduledStopPoint:1699882" version="1"/>
              <ToPointRef ref="VTR:ScheduledStopPoint:1699886" version="1"/>
            </ServiceLink>
            <ServiceLink id="VTR:ServiceLink:1699877_1_1699878_1" version="1">
              <Distance>3</Distance>
              <FromPointRef ref="VTR:ScheduledStopPoint:1699877" version="1"/>
              <ToPointRef ref="VTR:ScheduledStopPoint:1699878" version="1"/>
            </ServiceLink>
            <ServiceLink id="VTR:ServiceLink:1699881_1_1699882_1" version="1">
              <Distance>20</Distance>
              <FromPointRef ref="VTR:ScheduledStopPoint:1699881" version="1"/>
              <ToPointRef ref="VTR:ScheduledStopPoint:1699882" version="1"/>
            </ServiceLink>
            <ServiceLink id="VTR:ServiceLink:1699876_1_1699877_1" version="1">
              <Distance>1</Distance>
              <FromPointRef ref="VTR:ScheduledStopPoint:1699876" version="1"/>
              <ToPointRef ref="VTR:ScheduledStopPoint:1699877" version="1"/>
            </ServiceLink>
            <ServiceLink id="VTR:ServiceLink:1699886_1_1699887_1" version="1">
              <Distance>6</Distance>
              <FromPointRef ref="VTR:ScheduledStopPoint:1699886" version="1"/>
              <ToPointRef ref="VTR:ScheduledStopPoint:1699887" version="1"/>
            </ServiceLink>
          </serviceLinks>
          <stopAssignments>
            <PassengerStopAssignment order="204500000" id="VTR:PassengerStopAssignment:29326" version="1">
              <ScheduledStopPointRef ref="VTR:ScheduledStopPoint:29326" version="1"/>
              <QuayRef ref="VTR:Quay:19485"/>
            </PassengerStopAssignment>
            <PassengerStopAssignment order="204500008" id="VTR:PassengerStopAssignment:34252" version="1">
              <ScheduledStopPointRef ref="VTR:ScheduledStopPoint:34252" version="1"/>
              <QuayRef ref="VTR:Quay:20195"/>
            </PassengerStopAssignment>
            <PassengerStopAssignment order="204500010" id="VTR:PassengerStopAssignment:34209" version="1">
              <ScheduledStopPointRef ref="VTR:ScheduledStopPoint:34209" version="1"/>
              <QuayRef ref="VTR:Quay:19608"/>
            </PassengerStopAssignment>
            <PassengerStopAssignment order="204500011" id="VTR:PassengerStopAssignment:34210" version="1">
              <ScheduledStopPointRef ref="VTR:ScheduledStopPoint:34210" version="1"/>
              <QuayRef ref="VTR:Quay:19618"/>
            </PassengerStopAssignment>
            <PassengerStopAssignment order="204500012" id="VTR:PassengerStopAssignment:29329" version="1">
              <ScheduledStopPointRef ref="VTR:ScheduledStopPoint:29329" version="1"/>
              <QuayRef ref="VTR:Quay:19450"/>
            </PassengerStopAssignment>
            <PassengerStopAssignment order="204600000" id="VTR:PassengerStopAssignment:29336" version="1">
              <ScheduledStopPointRef ref="VTR:ScheduledStopPoint:29336" version="1"/>
              <QuayRef ref="VTR:Quay:19450"/>
            </PassengerStopAssignment>
            <PassengerStopAssignment order="204600002" id="VTR:PassengerStopAssignment:34290" version="1">
              <ScheduledStopPointRef ref="VTR:ScheduledStopPoint:34290" version="1"/>
              <QuayRef ref="VTR:Quay:19603"/>
            </PassengerStopAssignment>
            <PassengerStopAssignment order="204600003" id="VTR:PassengerStopAssignment:34291" version="1">
              <ScheduledStopPointRef ref="VTR:ScheduledStopPoint:34291" version="1"/>
              <QuayRef ref="VTR:Quay:20195"/>
            </PassengerStopAssignment>
            <PassengerStopAssignment order="204600007" id="VTR:PassengerStopAssignment:34292" version="1">
              <ScheduledStopPointRef ref="VTR:ScheduledStopPoint:34292" version="1"/>
              <QuayRef ref="VTR:Quay:20081"/>
            </PassengerStopAssignment>
            <PassengerStopAssignment order="204600008" id="VTR:PassengerStopAssignment:29342" version="1">
              <ScheduledStopPointRef ref="VTR:ScheduledStopPoint:29342" version="1"/>
              <QuayRef ref="VTR:Quay:19485"/>
            </PassengerStopAssignment>
            <PassengerStopAssignment order="1988600000" id="VTR:PassengerStopAssignment:1699866" version="1">
              <ScheduledStopPointRef ref="VTR:ScheduledStopPoint:1699866" version="1"/>
              <QuayRef ref="VTR:Quay:19485"/>
            </PassengerStopAssignment>
            <PassengerStopAssignment order="1988600008" id="VTR:PassengerStopAssignment:1699874" version="1">
              <ScheduledStopPointRef ref="VTR:ScheduledStopPoint:1699874" version="1"/>
              <QuayRef ref="VTR:Quay:20195"/>
            </PassengerStopAssignment>
            <PassengerStopAssignment order="1988600010" id="VTR:PassengerStopAssignment:1699876" version="1">
              <ScheduledStopPointRef ref="VTR:ScheduledStopPoint:1699876" version="1"/>
              <QuayRef ref="VTR:Quay:19608"/>
            </PassengerStopAssignment>
            <PassengerStopAssignment order="1988600011" id="VTR:PassengerStopAssignment:1699877" version="1">
              <ScheduledStopPointRef ref="VTR:ScheduledStopPoint:1699877" version="1"/>
              <QuayRef ref="VTR:Quay:19618"/>
            </PassengerStopAssignment>
            <PassengerStopAssignment order="1988600012" id="VTR:PassengerStopAssignment:1699878" version="1">
              <ScheduledStopPointRef ref="VTR:ScheduledStopPoint:1699878" version="1"/>
              <QuayRef ref="VTR:Quay:19450"/>
            </PassengerStopAssignment>
            <PassengerStopAssignment order="1988700000" id="VTR:PassengerStopAssignment:1699879" version="1">
              <ScheduledStopPointRef ref="VTR:ScheduledStopPoint:1699879" version="1"/>
              <QuayRef ref="VTR:Quay:19450"/>
            </PassengerStopAssignment>
            <PassengerStopAssignment order="1988700002" id="VTR:PassengerStopAssignment:1699881" version="1">
              <ScheduledStopPointRef ref="VTR:ScheduledStopPoint:1699881" version="1"/>
              <QuayRef ref="VTR:Quay:19603"/>
            </PassengerStopAssignment>
            <PassengerStopAssignment order="1988700003" id="VTR:PassengerStopAssignment:1699882" version="1">
              <ScheduledStopPointRef ref="VTR:ScheduledStopPoint:1699882" version="1"/>
              <QuayRef ref="VTR:Quay:20195"/>
            </PassengerStopAssignment>
            <PassengerStopAssignment order="1988700004" id="VTR:PassengerStopAssignment:1699886" version="1">
              <ScheduledStopPointRef ref="VTR:ScheduledStopPoint:1699886" version="1"/>
              <QuayRef ref="VTR:Quay:20081"/>
            </PassengerStopAssignment>
            <PassengerStopAssignment order="1988700005" id="VTR:PassengerStopAssignment:1699887" version="1">
              <ScheduledStopPointRef ref="VTR:ScheduledStopPoint:1699887" version="1"/>
              <QuayRef ref="VTR:Quay:19485"/>
            </PassengerStopAssignment>
          </stopAssignments>
          <journeyPatterns>
            <JourneyPattern id="VTR:JourneyPattern:42526" version="42503">
              <Name>2*X</Name>
              <RouteRef ref="VTR:Route:2046" version="1"/>
              <pointsInSequence>
                <StopPointInJourneyPattern id="VTR:StopPointInJourneyPattern:898385" version="42503" order="1">
                  <ScheduledStopPointRef ref="VTR:ScheduledStopPoint:29336"/>
                  <DestinationDisplayRef ref="VTR:DestinationDisplay:1"/>
                </StopPointInJourneyPattern>
                <StopPointInJourneyPattern id="VTR:StopPointInJourneyPattern:898386" version="42503" order="3">
                  <ScheduledStopPointRef ref="VTR:ScheduledStopPoint:34290"/>
                  <DestinationDisplayRef ref="VTR:DestinationDisplay:1"/>
                </StopPointInJourneyPattern>
                <StopPointInJourneyPattern id="VTR:StopPointInJourneyPattern:898387" version="42503" order="4">
                  <ScheduledStopPointRef ref="VTR:ScheduledStopPoint:34291"/>
                  <DestinationDisplayRef ref="VTR:DestinationDisplay:1"/>
                </StopPointInJourneyPattern>
                <StopPointInJourneyPattern id="VTR:StopPointInJourneyPattern:898388" version="42503" order="8">
                  <ScheduledStopPointRef ref="VTR:ScheduledStopPoint:34292"/>
                  <DestinationDisplayRef ref="VTR:DestinationDisplay:1"/>
                </StopPointInJourneyPattern>
                <StopPointInJourneyPattern id="VTR:StopPointInJourneyPattern:898389" version="42503" order="9">
                  <ScheduledStopPointRef ref="VTR:ScheduledStopPoint:29342"/>
                  <DestinationDisplayRef ref="VTR:DestinationDisplay:1"/>
                </StopPointInJourneyPattern>
              </pointsInSequence>
            </JourneyPattern>
            <JourneyPattern id="VTR:JourneyPattern:42523" version="3600153">
              <Name>1</Name>
              <RouteRef ref="VTR:Route:2045" version="1"/>
              <pointsInSequence>
                <StopPointInJourneyPattern id="VTR:StopPointInJourneyPattern:124542188" version="3600153" order="1">
                  <ScheduledStopPointRef ref="VTR:ScheduledStopPoint:29326"/>
                  <ForAlighting>false</ForAlighting>
                  <DestinationDisplayRef ref="VTR:DestinationDisplay:1"/>
                </StopPointInJourneyPattern>
                <StopPointInJourneyPattern id="VTR:StopPointInJourneyPattern:124542189" version="3600153" order="2">
                  <ScheduledStopPointRef ref="VTR:ScheduledStopPoint:34252"/>
                  <DestinationDisplayRef ref="VTR:DestinationDisplay:1"/>
                </StopPointInJourneyPattern>
                <StopPointInJourneyPattern id="VTR:StopPointInJourneyPattern:124542190" version="3600153" order="3">
                  <ScheduledStopPointRef ref="VTR:ScheduledStopPoint:34209"/>
                  <ForBoarding>false</ForBoarding>
                  <DestinationDisplayRef ref="VTR:DestinationDisplay:1"/>
                </StopPointInJourneyPattern>
                <StopPointInJourneyPattern id="VTR:StopPointInJourneyPattern:124542191" version="3600153" order="4">
                  <ScheduledStopPointRef ref="VTR:ScheduledStopPoint:34210"/>
                  <ForBoarding>false</ForBoarding>
                  <DestinationDisplayRef ref="VTR:DestinationDisplay:1"/>
                </StopPointInJourneyPattern>
                <StopPointInJourneyPattern id="VTR:StopPointInJourneyPattern:124542192" version="3600153" order="5">
                  <ScheduledStopPointRef ref="VTR:ScheduledStopPoint:29329"/>
                  <ForBoarding>false</ForBoarding>
                  <DestinationDisplayRef ref="VTR:DestinationDisplay:1"/>
                </StopPointInJourneyPattern>
              </pointsInSequence>
            </JourneyPattern>
            <JourneyPattern id="VTR:JourneyPattern:3597688" version="3600155">
              <Name>2</Name>
              <RouteRef ref="VTR:Route:19887" version="1"/>
              <pointsInSequence>
                <StopPointInJourneyPattern id="VTR:StopPointInJourneyPattern:124542198" version="3600155" order="1">
                  <ScheduledStopPointRef ref="VTR:ScheduledStopPoint:1699879"/>
                  <DestinationDisplayRef ref="VTR:DestinationDisplay:1"/>
                </StopPointInJourneyPattern>
                <StopPointInJourneyPattern id="VTR:StopPointInJourneyPattern:124542199" version="3600155" order="3">
                  <ScheduledStopPointRef ref="VTR:ScheduledStopPoint:1699881"/>
                  <DestinationDisplayRef ref="VTR:DestinationDisplay:1"/>
                </StopPointInJourneyPattern>
                <StopPointInJourneyPattern id="VTR:StopPointInJourneyPattern:124542200" version="3600155" order="4">
                  <ScheduledStopPointRef ref="VTR:ScheduledStopPoint:1699882"/>
                  <DestinationDisplayRef ref="VTR:DestinationDisplay:1"/>
                </StopPointInJourneyPattern>
                <StopPointInJourneyPattern id="VTR:StopPointInJourneyPattern:124542201" version="3600155" order="5">
                  <ScheduledStopPointRef ref="VTR:ScheduledStopPoint:1699886"/>
                  <DestinationDisplayRef ref="VTR:DestinationDisplay:1"/>
                </StopPointInJourneyPattern>
                <StopPointInJourneyPattern id="VTR:StopPointInJourneyPattern:124542202" version="3600155" order="6">
                  <ScheduledStopPointRef ref="VTR:ScheduledStopPoint:1699887"/>
                  <DestinationDisplayRef ref="VTR:DestinationDisplay:1"/>
                </StopPointInJourneyPattern>
              </pointsInSequence>
            </JourneyPattern>
            <JourneyPattern id="VTR:JourneyPattern:3597687" version="3600154">
              <Name>1</Name>
              <RouteRef ref="VTR:Route:19886" version="1"/>
              <pointsInSequence>
                <StopPointInJourneyPattern id="VTR:StopPointInJourneyPattern:124542193" version="3600154" order="1">
                  <ScheduledStopPointRef ref="VTR:ScheduledStopPoint:1699866"/>
                  <ForAlighting>false</ForAlighting>
                  <DestinationDisplayRef ref="VTR:DestinationDisplay:1"/>
                </StopPointInJourneyPattern>
                <StopPointInJourneyPattern id="VTR:StopPointInJourneyPattern:124542194" version="3600154" order="2">
                  <ScheduledStopPointRef ref="VTR:ScheduledStopPoint:1699874"/>
                  <DestinationDisplayRef ref="VTR:DestinationDisplay:1"/>
                </StopPointInJourneyPattern>
                <StopPointInJourneyPattern id="VTR:StopPointInJourneyPattern:124542195" version="3600154" order="3">
                  <ScheduledStopPointRef ref="VTR:ScheduledStopPoint:1699876"/>
                  <ForBoarding>false</ForBoarding>
                  <DestinationDisplayRef ref="VTR:DestinationDisplay:1"/>
                </StopPointInJourneyPattern>
                <StopPointInJourneyPattern id="VTR:StopPointInJourneyPattern:124542196" version="3600154" order="4">
                  <ScheduledStopPointRef ref="VTR:ScheduledStopPoint:1699877"/>
                  <ForBoarding>false</ForBoarding>
                  <DestinationDisplayRef ref="VTR:DestinationDisplay:1"/>
                </StopPointInJourneyPattern>
                <StopPointInJourneyPattern id="VTR:StopPointInJourneyPattern:124542197" version="3600154" order="5">
                  <ScheduledStopPointRef ref="VTR:ScheduledStopPoint:1699878"/>
                  <ForBoarding>false</ForBoarding>
                  <DestinationDisplayRef ref="VTR:DestinationDisplay:1"/>
                </StopPointInJourneyPattern>
              </pointsInSequence>
            </JourneyPattern>
            <JourneyPattern id="VTR:JourneyPattern:42523" version="42500">
              <Name>1*X</Name>
              <RouteRef ref="VTR:Route:2045" version="1"/>
              <pointsInSequence>
                <StopPointInJourneyPattern id="VTR:StopPointInJourneyPattern:898370" version="42500" order="1">
                  <ScheduledStopPointRef ref="VTR:ScheduledStopPoint:29326"/>
                  <DestinationDisplayRef ref="VTR:DestinationDisplay:1"/>
                </StopPointInJourneyPattern>
                <StopPointInJourneyPattern id="VTR:StopPointInJourneyPattern:898371" version="42500" order="9">
                  <ScheduledStopPointRef ref="VTR:ScheduledStopPoint:34252"/>
                  <DestinationDisplayRef ref="VTR:DestinationDisplay:1"/>
                </StopPointInJourneyPattern>
                <StopPointInJourneyPattern id="VTR:StopPointInJourneyPattern:898372" version="42500" order="11">
                  <ScheduledStopPointRef ref="VTR:ScheduledStopPoint:34209"/>
                  <DestinationDisplayRef ref="VTR:DestinationDisplay:1"/>
                </StopPointInJourneyPattern>
                <StopPointInJourneyPattern id="VTR:StopPointInJourneyPattern:898373" version="42500" order="12">
                  <ScheduledStopPointRef ref="VTR:ScheduledStopPoint:34210"/>
                  <DestinationDisplayRef ref="VTR:DestinationDisplay:1"/>
                </StopPointInJourneyPattern>
                <StopPointInJourneyPattern id="VTR:StopPointInJourneyPattern:898374" version="42500" order="13">
                  <ScheduledStopPointRef ref="VTR:ScheduledStopPoint:29329"/>
                  <DestinationDisplayRef ref="VTR:DestinationDisplay:1"/>
                </StopPointInJourneyPattern>
              </pointsInSequence>
            </JourneyPattern>
            <JourneyPattern id="VTR:JourneyPattern:42527" version="42504">
              <Name>4*X</Name>
              <RouteRef ref="VTR:Route:2046" version="1"/>
              <pointsInSequence>
                <StopPointInJourneyPattern id="VTR:StopPointInJourneyPattern:898390" version="42504" order="1">
                  <ScheduledStopPointRef ref="VTR:ScheduledStopPoint:29336"/>
                  <DestinationDisplayRef ref="VTR:DestinationDisplay:1"/>
                </StopPointInJourneyPattern>
                <StopPointInJourneyPattern id="VTR:StopPointInJourneyPattern:898391" version="42504" order="2">
                  <ScheduledStopPointRef ref="VTR:ScheduledStopPoint:34290"/>
                  <DestinationDisplayRef ref="VTR:DestinationDisplay:1"/>
                </StopPointInJourneyPattern>
                <StopPointInJourneyPattern id="VTR:StopPointInJourneyPattern:898392" version="42504" order="3">
                  <ScheduledStopPointRef ref="VTR:ScheduledStopPoint:34291"/>
                  <DestinationDisplayRef ref="VTR:DestinationDisplay:1"/>
                </StopPointInJourneyPattern>
                <StopPointInJourneyPattern id="VTR:StopPointInJourneyPattern:898393" version="42504" order="4">
                  <ScheduledStopPointRef ref="VTR:ScheduledStopPoint:34292"/>
                  <DestinationDisplayRef ref="VTR:DestinationDisplay:1"/>
                </StopPointInJourneyPattern>
                <StopPointInJourneyPattern id="VTR:StopPointInJourneyPattern:898394" version="42504" order="5">
                  <ScheduledStopPointRef ref="VTR:ScheduledStopPoint:29342"/>
                  <DestinationDisplayRef ref="VTR:DestinationDisplay:1"/>
                </StopPointInJourneyPattern>
              </pointsInSequence>
            </JourneyPattern>
          </journeyPatterns>
        </ServiceFrame>
        <TimetableFrame version="1" id="VTR:TimetableFrame:1351">
          <vehicleJourneys>
            <ServiceJourney version="42504" id="VTR:ServiceJourney:42527">
              <Name>Alytus-Vilnius</Name>
              <PrivateCode>4*X</PrivateCode>
              <dayTypes>
                <DayTypeRef ref="VTR:DayType:90"/>
              </dayTypes>
              <JourneyPatternRef version="42504" ref="VTR:JourneyPattern:42527"/>
              <OperatorRef ref="VTR:Operator:528"/>
              <LineRef ref="VTR:Line:743" version="728"/>
              <passingTimes>
                <TimetabledPassingTime version="42504" id="VTR:TimetabledPassingTime:42527_898390_1">
                  <StopPointInJourneyPatternRef ref="VTR:StopPointInJourneyPattern:898390" version="42504"/>
                  <DepartureTime>17:50:00</DepartureTime>
                  <DepartureDayOffset>0</DepartureDayOffset>
                </TimetabledPassingTime>
                <TimetabledPassingTime version="42504" id="VTR:TimetabledPassingTime:42527_898391_2">
                  <StopPointInJourneyPatternRef ref="VTR:StopPointInJourneyPattern:898391" version="42504"/>
                  <DepartureTime>18:04:00</DepartureTime>
                  <DepartureDayOffset>0</DepartureDayOffset>
                </TimetabledPassingTime>
                <TimetabledPassingTime version="42504" id="VTR:TimetabledPassingTime:42527_898392_3">
                  <StopPointInJourneyPatternRef ref="VTR:StopPointInJourneyPattern:898392" version="42504"/>
                  <DepartureTime>18:17:00</DepartureTime>
                  <DepartureDayOffset>0</DepartureDayOffset>
                </TimetabledPassingTime>
                <TimetabledPassingTime version="42504" id="VTR:TimetabledPassingTime:42527_898393_4">
                  <StopPointInJourneyPatternRef ref="VTR:StopPointInJourneyPattern:898393" version="42504"/>
                  <DepartureTime>19:15:00</DepartureTime>
                  <DepartureDayOffset>0</DepartureDayOffset>
                </TimetabledPassingTime>
                <TimetabledPassingTime version="42504" id="VTR:TimetabledPassingTime:42527_898394_5">
                  <StopPointInJourneyPatternRef ref="VTR:StopPointInJourneyPattern:898394" version="42504"/>
                  <DepartureTime>19:25:00</DepartureTime>
                  <DepartureDayOffset>0</DepartureDayOffset>
                </TimetabledPassingTime>
              </passingTimes>
            </ServiceJourney>
            <ServiceJourney version="3600155" id="VTR:ServiceJourney:3597688">
              <Name>Alytus-Vilnius</Name>
              <PrivateCode>2</PrivateCode>
              <dayTypes>
                <DayTypeRef ref="VTR:DayType:24596"/>
              </dayTypes>
              <JourneyPatternRef version="3600155" ref="VTR:JourneyPattern:3597688"/>
              <OperatorRef ref="VTR:Operator:528"/>
              <LineRef ref="VTR:Line:743" version="728"/>
              <passingTimes>
                <TimetabledPassingTime version="3600155" id="VTR:TimetabledPassingTime:3597688_124542198_1">
                  <StopPointInJourneyPatternRef ref="VTR:StopPointInJourneyPattern:124542198" version="3600155"/>
                  <DepartureTime>17:50:00</DepartureTime>
                  <DepartureDayOffset>0</DepartureDayOffset>
                </TimetabledPassingTime>
                <TimetabledPassingTime version="3600155" id="VTR:TimetabledPassingTime:3597688_124542199_3">
                  <StopPointInJourneyPatternRef ref="VTR:StopPointInJourneyPattern:124542199" version="3600155"/>
                  <DepartureTime>18:00:00</DepartureTime>
                  <DepartureDayOffset>0</DepartureDayOffset>
                </TimetabledPassingTime>
                <TimetabledPassingTime version="3600155" id="VTR:TimetabledPassingTime:3597688_124542200_4">
                  <StopPointInJourneyPatternRef ref="VTR:StopPointInJourneyPattern:124542200" version="3600155"/>
                  <DepartureTime>18:19:00</DepartureTime>
                  <DepartureDayOffset>0</DepartureDayOffset>
                </TimetabledPassingTime>
                <TimetabledPassingTime version="3600155" id="VTR:TimetabledPassingTime:3597688_124542201_5">
                  <StopPointInJourneyPatternRef ref="VTR:StopPointInJourneyPattern:124542201" version="3600155"/>
                  <DepartureTime>19:18:00</DepartureTime>
                  <DepartureDayOffset>0</DepartureDayOffset>
                </TimetabledPassingTime>
                <TimetabledPassingTime version="3600155" id="VTR:TimetabledPassingTime:3597688_124542202_6">
                  <StopPointInJourneyPatternRef ref="VTR:StopPointInJourneyPattern:124542202" version="3600155"/>
                  <DepartureTime>19:30:00</DepartureTime>
                  <DepartureDayOffset>0</DepartureDayOffset>
                </TimetabledPassingTime>
              </passingTimes>
            </ServiceJourney>
            <ServiceJourney version="42500" id="VTR:ServiceJourney:42523">
              <Name>Vilnius-Alytus</Name>
              <PrivateCode>1*X</PrivateCode>
              <dayTypes>
                <DayTypeRef ref="VTR:DayType:90"/>
              </dayTypes>
              <JourneyPatternRef version="42500" ref="VTR:JourneyPattern:42523"/>
              <OperatorRef ref="VTR:Operator:528"/>
              <LineRef ref="VTR:Line:743" version="728"/>
              <passingTimes>
                <TimetabledPassingTime version="42500" id="VTR:TimetabledPassingTime:42523_898370_1">
                  <StopPointInJourneyPatternRef ref="VTR:StopPointInJourneyPattern:898370" version="42500"/>
                  <DepartureTime>10:20:00</DepartureTime>
                  <DepartureDayOffset>0</DepartureDayOffset>
                </TimetabledPassingTime>
                <TimetabledPassingTime version="42500" id="VTR:TimetabledPassingTime:42523_124542188_1">
                  <StopPointInJourneyPatternRef ref="VTR:StopPointInJourneyPattern:124542188" version="42500"/>
                  <DepartureTime>15:05:00</DepartureTime>
                  <DepartureDayOffset>0</DepartureDayOffset>
                </TimetabledPassingTime>
                <TimetabledPassingTime version="42500" id="VTR:TimetabledPassingTime:42523_124542189_2">
                  <StopPointInJourneyPatternRef ref="VTR:StopPointInJourneyPattern:124542189" version="42500"/>
                  <DepartureTime>16:19:00</DepartureTime>
                  <DepartureDayOffset>0</DepartureDayOffset>
                </TimetabledPassingTime>
                <TimetabledPassingTime version="42500" id="VTR:TimetabledPassingTime:42523_124542190_3">
                  <StopPointInJourneyPatternRef ref="VTR:StopPointInJourneyPattern:124542190" version="42500"/>
                  <DepartureTime>16:30:00</DepartureTime>
                  <DepartureDayOffset>0</DepartureDayOffset>
                </TimetabledPassingTime>
                <TimetabledPassingTime version="42500" id="VTR:TimetabledPassingTime:42523_124542191_4">
                  <StopPointInJourneyPatternRef ref="VTR:StopPointInJourneyPattern:124542191" version="42500"/>
                  <DepartureTime>16:35:00</DepartureTime>
                  <DepartureDayOffset>0</DepartureDayOffset>
                </TimetabledPassingTime>
                <TimetabledPassingTime version="42500" id="VTR:TimetabledPassingTime:42523_124542192_5">
                  <StopPointInJourneyPatternRef ref="VTR:StopPointInJourneyPattern:124542192" version="42500"/>
                  <DepartureTime>16:45:00</DepartureTime>
                  <DepartureDayOffset>0</DepartureDayOffset>
                </TimetabledPassingTime>
                <TimetabledPassingTime version="42500" id="VTR:TimetabledPassingTime:42523_898371_9">
                  <StopPointInJourneyPatternRef ref="VTR:StopPointInJourneyPattern:898371" version="42500"/>
                  <DepartureTime>11:30:00</DepartureTime>
                  <DepartureDayOffset>0</DepartureDayOffset>
                </TimetabledPassingTime>
                <TimetabledPassingTime version="42500" id="VTR:TimetabledPassingTime:42523_898372_11">
                  <StopPointInJourneyPatternRef ref="VTR:StopPointInJourneyPattern:898372" version="42500"/>
                  <DepartureTime>11:41:00</DepartureTime>
                  <DepartureDayOffset>0</DepartureDayOffset>
                </TimetabledPassingTime>
                <TimetabledPassingTime version="42500" id="VTR:TimetabledPassingTime:42523_898373_12">
                  <StopPointInJourneyPatternRef ref="VTR:StopPointInJourneyPattern:898373" version="42500"/>
                  <DepartureTime>11:46:00</DepartureTime>
                  <DepartureDayOffset>0</DepartureDayOffset>
                </TimetabledPassingTime>
                <TimetabledPassingTime version="42500" id="VTR:TimetabledPassingTime:42523_898374_13">
                  <StopPointInJourneyPatternRef ref="VTR:StopPointInJourneyPattern:898374" version="42500"/>
                  <DepartureTime>11:55:00</DepartureTime>
                  <DepartureDayOffset>0</DepartureDayOffset>
                </TimetabledPassingTime>
              </passingTimes>
            </ServiceJourney>
            <ServiceJourney version="3600154" id="VTR:ServiceJourney:3597687">
              <Name>Vilnius-Alytus</Name>
              <PrivateCode>1</PrivateCode>
              <dayTypes>
                <DayTypeRef ref="VTR:DayType:24596"/>
              </dayTypes>
              <JourneyPatternRef version="3600154" ref="VTR:JourneyPattern:3597687"/>
              <OperatorRef ref="VTR:Operator:528"/>
              <LineRef ref="VTR:Line:743" version="728"/>
              <passingTimes>
                <TimetabledPassingTime version="3600154" id="VTR:TimetabledPassingTime:3597687_124542193_1">
                  <StopPointInJourneyPatternRef ref="VTR:StopPointInJourneyPattern:124542193" version="3600154"/>
                  <DepartureTime>15:05:00</DepartureTime>
                  <DepartureDayOffset>0</DepartureDayOffset>
                </TimetabledPassingTime>
                <TimetabledPassingTime version="3600154" id="VTR:TimetabledPassingTime:3597687_124542194_2">
                  <StopPointInJourneyPatternRef ref="VTR:StopPointInJourneyPattern:124542194" version="3600154"/>
                  <DepartureTime>16:17:00</DepartureTime>
                  <DepartureDayOffset>0</DepartureDayOffset>
                </TimetabledPassingTime>
                <TimetabledPassingTime version="3600154" id="VTR:TimetabledPassingTime:3597687_124542195_3">
                  <StopPointInJourneyPatternRef ref="VTR:StopPointInJourneyPattern:124542195" version="3600154"/>
                  <DepartureTime>16:34:00</DepartureTime>
                  <DepartureDayOffset>0</DepartureDayOffset>
                </TimetabledPassingTime>
                <TimetabledPassingTime version="3600154" id="VTR:TimetabledPassingTime:3597687_124542196_4">
                  <StopPointInJourneyPatternRef ref="VTR:StopPointInJourneyPattern:124542196" version="3600154"/>
                  <DepartureTime>16:39:00</DepartureTime>
                  <DepartureDayOffset>0</DepartureDayOffset>
                </TimetabledPassingTime>
                <TimetabledPassingTime version="3600154" id="VTR:TimetabledPassingTime:3597687_124542197_5">
                  <StopPointInJourneyPatternRef ref="VTR:StopPointInJourneyPattern:124542197" version="3600154"/>
                  <DepartureTime>16:45:00</DepartureTime>
                  <DepartureDayOffset>0</DepartureDayOffset>
                </TimetabledPassingTime>
              </passingTimes>
            </ServiceJourney>
            <ServiceJourney version="42503" id="VTR:ServiceJourney:42526">
              <Name>Alytus-Vilnius</Name>
              <PrivateCode>2*X</PrivateCode>
              <dayTypes>
                <DayTypeRef ref="VTR:DayType:90"/>
              </dayTypes>
              <JourneyPatternRef version="42503" ref="VTR:JourneyPattern:42526"/>
              <OperatorRef ref="VTR:Operator:528"/>
              <LineRef ref="VTR:Line:743" version="728"/>
              <passingTimes>
                <TimetabledPassingTime version="42503" id="VTR:TimetabledPassingTime:42526_898385_1">
                  <StopPointInJourneyPatternRef ref="VTR:StopPointInJourneyPattern:898385" version="42503"/>
                  <DepartureTime>13:20:00</DepartureTime>
                  <DepartureDayOffset>0</DepartureDayOffset>
                </TimetabledPassingTime>
                <TimetabledPassingTime version="42503" id="VTR:TimetabledPassingTime:42526_898386_3">
                  <StopPointInJourneyPatternRef ref="VTR:StopPointInJourneyPattern:898386" version="42503"/>
                  <DepartureTime>13:34:00</DepartureTime>
                  <DepartureDayOffset>0</DepartureDayOffset>
                </TimetabledPassingTime>
                <TimetabledPassingTime version="42503" id="VTR:TimetabledPassingTime:42526_898387_4">
                  <StopPointInJourneyPatternRef ref="VTR:StopPointInJourneyPattern:898387" version="42503"/>
                  <DepartureTime>13:47:00</DepartureTime>
                  <DepartureDayOffset>0</DepartureDayOffset>
                </TimetabledPassingTime>
                <TimetabledPassingTime version="42503" id="VTR:TimetabledPassingTime:42526_898388_8">
                  <StopPointInJourneyPatternRef ref="VTR:StopPointInJourneyPattern:898388" version="42503"/>
                  <DepartureTime>14:45:00</DepartureTime>
                  <DepartureDayOffset>0</DepartureDayOffset>
                </TimetabledPassingTime>
                <TimetabledPassingTime version="42503" id="VTR:TimetabledPassingTime:42526_898389_9">
                  <StopPointInJourneyPatternRef ref="VTR:StopPointInJourneyPattern:898389" version="42503"/>
                  <DepartureTime>14:55:00</DepartureTime>
                  <DepartureDayOffset>0</DepartureDayOffset>
                </TimetabledPassingTime>
              </passingTimes>
            </ServiceJourney>
            <ServiceJourney version="3600153" id="VTR:ServiceJourney:42523">
              <Name>Vilnius-Alytus</Name>
              <PrivateCode>1</PrivateCode>
              <dayTypes>
                <DayTypeRef ref="VTR:DayType:90"/>
              </dayTypes>
              <JourneyPatternRef version="3600153" ref="VTR:JourneyPattern:42523"/>
              <OperatorRef ref="VTR:Operator:528"/>
              <LineRef ref="VTR:Line:743" version="728"/>
              <passingTimes>
                <TimetabledPassingTime version="3600153" id="VTR:TimetabledPassingTime:42523_124542188_1">
                  <StopPointInJourneyPatternRef ref="VTR:StopPointInJourneyPattern:124542188" version="3600153"/>
                  <DepartureTime>15:05:00</DepartureTime>
                  <DepartureDayOffset>0</DepartureDayOffset>
                </TimetabledPassingTime>
                <TimetabledPassingTime version="3600153" id="VTR:TimetabledPassingTime:42523_898370_1">
                  <StopPointInJourneyPatternRef ref="VTR:StopPointInJourneyPattern:898370" version="3600153"/>
                  <DepartureTime>10:20:00</DepartureTime>
                  <DepartureDayOffset>0</DepartureDayOffset>
                </TimetabledPassingTime>
                <TimetabledPassingTime version="3600153" id="VTR:TimetabledPassingTime:42523_124542189_2">
                  <StopPointInJourneyPatternRef ref="VTR:StopPointInJourneyPattern:124542189" version="3600153"/>
                  <DepartureTime>16:19:00</DepartureTime>
                  <DepartureDayOffset>0</DepartureDayOffset>
                </TimetabledPassingTime>
                <TimetabledPassingTime version="3600153" id="VTR:TimetabledPassingTime:42523_124542190_3">
                  <StopPointInJourneyPatternRef ref="VTR:StopPointInJourneyPattern:124542190" version="3600153"/>
                  <DepartureTime>16:30:00</DepartureTime>
                  <DepartureDayOffset>0</DepartureDayOffset>
                </TimetabledPassingTime>
                <TimetabledPassingTime version="3600153" id="VTR:TimetabledPassingTime:42523_124542191_4">
                  <StopPointInJourneyPatternRef ref="VTR:StopPointInJourneyPattern:124542191" version="3600153"/>
                  <DepartureTime>16:35:00</DepartureTime>
                  <DepartureDayOffset>0</DepartureDayOffset>
                </TimetabledPassingTime>
                <TimetabledPassingTime version="3600153" id="VTR:TimetabledPassingTime:42523_124542192_5">
                  <StopPointInJourneyPatternRef ref="VTR:StopPointInJourneyPattern:124542192" version="3600153"/>
                  <DepartureTime>16:45:00</DepartureTime>
                  <DepartureDayOffset>0</DepartureDayOffset>
                </TimetabledPassingTime>
                <TimetabledPassingTime version="3600153" id="VTR:TimetabledPassingTime:42523_898371_9">
                  <StopPointInJourneyPatternRef ref="VTR:StopPointInJourneyPattern:898371" version="3600153"/>
                  <DepartureTime>11:30:00</DepartureTime>
                  <DepartureDayOffset>0</DepartureDayOffset>
                </TimetabledPassingTime>
                <TimetabledPassingTime version="3600153" id="VTR:TimetabledPassingTime:42523_898372_11">
                  <StopPointInJourneyPatternRef ref="VTR:StopPointInJourneyPattern:898372" version="3600153"/>
                  <DepartureTime>11:41:00</DepartureTime>
                  <DepartureDayOffset>0</DepartureDayOffset>
                </TimetabledPassingTime>
                <TimetabledPassingTime version="3600153" id="VTR:TimetabledPassingTime:42523_898373_12">
                  <StopPointInJourneyPatternRef ref="VTR:StopPointInJourneyPattern:898373" version="3600153"/>
                  <DepartureTime>11:46:00</DepartureTime>
                  <DepartureDayOffset>0</DepartureDayOffset>
                </TimetabledPassingTime>
                <TimetabledPassingTime version="3600153" id="VTR:TimetabledPassingTime:42523_898374_13">
                  <StopPointInJourneyPatternRef ref="VTR:StopPointInJourneyPattern:898374" version="3600153"/>
                  <DepartureTime>11:55:00</DepartureTime>
                  <DepartureDayOffset>0</DepartureDayOffset>
                </TimetabledPassingTime>
              </passingTimes>
            </ServiceJourney>
          </vehicleJourneys>
        </TimetableFrame>
        <ResourceFrame version="1" id="VTR:ResourceFrame:1351">
          <organisations>
            <Authority version="1" id="VTR:Authority:2">
              <CompanyNumber>188647255</CompanyNumber>
              <Name>LTSA</Name>
              <LegalName>Lietuvos transporto saugos administracija</LegalName>
              <ContactDetails>
                <Email>ltsa@ltsa.lrv.lt</Email>
                <Phone>8 5  278 5602</Phone>
                <Url>www.ltsa.lrv.lt</Url>
              </ContactDetails>
              <OrganisationType>authority</OrganisationType>
            </Authority>
          </organisations>
        </ResourceFrame>
        <FareFrame id="VTR:FareFrame:743" version="1">
          <FrameDefaults>
            <DefaultCurrency>EUR</DefaultCurrency>
          </FrameDefaults>
          <fareStructureElements>
            <FareStructureElement id="VTR:FareStructureElement:pricematrix" version="1">
              <distanceMatrixElements>
                <DistanceMatrixElementRef ref="VTR:DistanceMatrixElement:124542188to124542190" version="1"/>
                <DistanceMatrixElementRef ref="VTR:DistanceMatrixElement:898386to898387" version="1"/>
                <DistanceMatrixElementRef ref="VTR:DistanceMatrixElement:898370to898371" version="1"/>
                <DistanceMatrixElementRef ref="VTR:DistanceMatrixElement:898370to898372" version="1"/>
                <DistanceMatrixElementRef ref="VTR:DistanceMatrixElement:898392to898394" version="1"/>
                <DistanceMatrixElementRef ref="VTR:DistanceMatrixElement:898386to898389" version="1"/>
                <DistanceMatrixElementRef ref="VTR:DistanceMatrixElement:898370to898374" version="1"/>
                <DistanceMatrixElementRef ref="VTR:DistanceMatrixElement:898390to898392" version="1"/>
                <DistanceMatrixElementRef ref="VTR:DistanceMatrixElement:898393to898394" version="1"/>
                <DistanceMatrixElementRef ref="VTR:DistanceMatrixElement:898385to898386" version="1"/>
                <DistanceMatrixElementRef ref="VTR:DistanceMatrixElement:898385to898389" version="1"/>
                <DistanceMatrixElementRef ref="VTR:DistanceMatrixElement:898371to898372" version="1"/>
                <DistanceMatrixElementRef ref="VTR:DistanceMatrixElement:898373to898374" version="1"/>
                <DistanceMatrixElementRef ref="VTR:DistanceMatrixElement:898390to898393" version="1"/>
                <DistanceMatrixElementRef ref="VTR:DistanceMatrixElement:124542191to124542192" version="1"/>
                <DistanceMatrixElementRef ref="VTR:DistanceMatrixElement:124542188to124542189" version="1"/>
                <DistanceMatrixElementRef ref="VTR:DistanceMatrixElement:124542189to124542192" version="1"/>
                <DistanceMatrixElementRef ref="VTR:DistanceMatrixElement:898370to898373" version="1"/>
                <DistanceMatrixElementRef ref="VTR:DistanceMatrixElement:898371to898373" version="1"/>
                <DistanceMatrixElementRef ref="VTR:DistanceMatrixElement:898372to898373" version="1"/>
                <DistanceMatrixElementRef ref="VTR:DistanceMatrixElement:898391to898394" version="1"/>
                <DistanceMatrixElementRef ref="VTR:DistanceMatrixElement:898387to898388" version="1"/>
                <DistanceMatrixElementRef ref="VTR:DistanceMatrixElement:898388to898389" version="1"/>
                <DistanceMatrixElementRef ref="VTR:DistanceMatrixElement:124542189to124542190" version="1"/>
                <DistanceMatrixElementRef ref="VTR:DistanceMatrixElement:898391to898392" version="1"/>
                <DistanceMatrixElementRef ref="VTR:DistanceMatrixElement:898391to898393" version="1"/>
                <DistanceMatrixElementRef ref="VTR:DistanceMatrixElement:898385to898388" version="1"/>
                <DistanceMatrixElementRef ref="VTR:DistanceMatrixElement:124542190to124542191" version="1"/>
                <DistanceMatrixElementRef ref="VTR:DistanceMatrixElement:124542190to124542192" version="1"/>
                <DistanceMatrixElementRef ref="VTR:DistanceMatrixElement:898371to898374" version="1"/>
                <DistanceMatrixElementRef ref="VTR:DistanceMatrixElement:898390to898394" version="1"/>
                <DistanceMatrixElementRef ref="VTR:DistanceMatrixElement:898386to898388" version="1"/>
                <DistanceMatrixElementRef ref="VTR:DistanceMatrixElement:124542188to124542192" version="1"/>
                <DistanceMatrixElementRef ref="VTR:DistanceMatrixElement:898387to898389" version="1"/>
                <DistanceMatrixElementRef ref="VTR:DistanceMatrixElement:124542189to124542191" version="1"/>
                <DistanceMatrixElementRef ref="VTR:DistanceMatrixElement:898372to898374" version="1"/>
                <DistanceMatrixElementRef ref="VTR:DistanceMatrixElement:898390to898391" version="1"/>
                <DistanceMatrixElementRef ref="VTR:DistanceMatrixElement:898392to898393" version="1"/>
                <DistanceMatrixElementRef ref="VTR:DistanceMatrixElement:898385to898387" version="1"/>
                <DistanceMatrixElementRef ref="VTR:DistanceMatrixElement:124542188to124542191" version="1"/>
              </distanceMatrixElements>
            </FareStructureElement>
          </fareStructureElements>
          <tariffs>
            <Tariff id="VTR:Tariff:pointToPointInSeparateJourney_743" version="1">
              <Name>Point to point tariff</Name>
              <distanceMatrixElements>
                <DistanceMatrixElement id="VTR:DistanceMatrixElement:124542188to124542190" version="1">
                  <Name>Vilniaus autobusų stotis to Daugų g.</Name>
                  <StartStopPointRef ref="VTR:ScheduledStopPoint:29326" version="1"/>
                  <EndStopPointRef ref="VTR:ScheduledStopPoint:34209" version="1"/>
                  <prices>
                    <DistanceMatrixElementPrice id="VTR:DistanceMatrixElementPrice:124542188to124542190" version="1">
                      <Amount>6.6</Amount>
                      <DistanceMatrixElementRef ref="VTR:DistanceMatrixElement:124542188to124542190" version="1"/>
                    </DistanceMatrixElementPrice>
                  </prices>
                </DistanceMatrixElement>
                <DistanceMatrixElement id="VTR:DistanceMatrixElement:898386to898387" version="1">
                  <Name>Daugų g. to Daugai</Name>
                  <StartStopPointRef ref="VTR:ScheduledStopPoint:34290" version="1"/>
                  <EndStopPointRef ref="VTR:ScheduledStopPoint:34291" version="1"/>
                  <prices>
                    <DistanceMatrixElementPrice id="VTR:DistanceMatrixElementPrice:898386to898387" version="1">
                      <Amount>1.8</Amount>
                      <DistanceMatrixElementRef ref="VTR:DistanceMatrixElement:898386to898387" version="1"/>
                    </DistanceMatrixElementPrice>
                  </prices>
                </DistanceMatrixElement>
                <DistanceMatrixElement id="VTR:DistanceMatrixElement:898370to898371" version="1">
                  <Name>Vilniaus autobusų stotis to Daugai</Name>
                  <StartStopPointRef ref="VTR:ScheduledStopPoint:29326" version="1"/>
                  <EndStopPointRef ref="VTR:ScheduledStopPoint:34252" version="1"/>
                  <prices>
                    <DistanceMatrixElementPrice id="VTR:DistanceMatrixElementPrice:898370to898371" version="1">
                      <Amount>5.7</Amount>
                      <DistanceMatrixElementRef ref="VTR:DistanceMatrixElement:898370to898371" version="1"/>
                    </DistanceMatrixElementPrice>
                  </prices>
                </DistanceMatrixElement>
                <DistanceMatrixElement id="VTR:DistanceMatrixElement:898370to898372" version="1">
                  <Name>Vilniaus autobusų stotis to Daugų g.</Name>
                  <StartStopPointRef ref="VTR:ScheduledStopPoint:29326" version="1"/>
                  <EndStopPointRef ref="VTR:ScheduledStopPoint:34209" version="1"/>
                  <prices>
                    <DistanceMatrixElementPrice id="VTR:DistanceMatrixElementPrice:898370to898372" version="1">
                      <Amount>6.6</Amount>
                      <DistanceMatrixElementRef ref="VTR:DistanceMatrixElement:898370to898372" version="1"/>
                    </DistanceMatrixElementPrice>
                  </prices>
                </DistanceMatrixElement>
                <DistanceMatrixElement id="VTR:DistanceMatrixElement:898392to898394" version="1">
                  <Name>Daugai to Vilniaus autobusų stotis</Name>
                  <StartStopPointRef ref="VTR:ScheduledStopPoint:34291" version="1"/>
                  <EndStopPointRef ref="VTR:ScheduledStopPoint:29342" version="1"/>
                  <prices>
                    <DistanceMatrixElementPrice id="VTR:DistanceMatrixElementPrice:898392to898394" version="1">
                      <Amount>5.7</Amount>
                      <DistanceMatrixElementRef ref="VTR:DistanceMatrixElement:898392to898394" version="1"/>
                    </DistanceMatrixElementPrice>
                  </prices>
                </DistanceMatrixElement>
                <DistanceMatrixElement id="VTR:DistanceMatrixElement:898386to898389" version="1">
                  <Name>Daugų g. to Vilniaus autobusų stotis</Name>
                  <StartStopPointRef ref="VTR:ScheduledStopPoint:34290" version="1"/>
                  <EndStopPointRef ref="VTR:ScheduledStopPoint:29342" version="1"/>
                  <prices>
                    <DistanceMatrixElementPrice id="VTR:DistanceMatrixElementPrice:898386to898389" version="1">
                      <Amount>6.6</Amount>
                      <DistanceMatrixElementRef ref="VTR:DistanceMatrixElement:898386to898389" version="1"/>
                    </DistanceMatrixElementPrice>
                  </prices>
                </DistanceMatrixElement>
                <DistanceMatrixElement id="VTR:DistanceMatrixElement:898370to898374" version="1">
                  <Name>Vilniaus autobusų stotis to Alytaus autobusų stotis</Name>
                  <StartStopPointRef ref="VTR:ScheduledStopPoint:29326" version="1"/>
                  <EndStopPointRef ref="VTR:ScheduledStopPoint:29329" version="1"/>
                  <prices>
                    <DistanceMatrixElementPrice id="VTR:DistanceMatrixElementPrice:898370to898374" version="1">
                      <Amount>6.6</Amount>
                      <DistanceMatrixElementRef ref="VTR:DistanceMatrixElement:898370to898374" version="1"/>
                    </DistanceMatrixElementPrice>
                  </prices>
                </DistanceMatrixElement>
                <DistanceMatrixElement id="VTR:DistanceMatrixElement:898390to898392" version="1">
                  <Name>Alytaus autobusų stotis to Daugai</Name>
                  <StartStopPointRef ref="VTR:ScheduledStopPoint:29336" version="1"/>
                  <EndStopPointRef ref="VTR:ScheduledStopPoint:34291" version="1"/>
                  <prices>
                    <DistanceMatrixElementPrice id="VTR:DistanceMatrixElementPrice:898390to898392" version="1">
                      <Amount>1.8</Amount>
                      <DistanceMatrixElementRef ref="VTR:DistanceMatrixElement:898390to898392" version="1"/>
                    </DistanceMatrixElementPrice>
                  </prices>
                </DistanceMatrixElement>
                <DistanceMatrixElement id="VTR:DistanceMatrixElement:898393to898394" version="1">
                  <Name>Vaduvos to Vilniaus autobusų stotis</Name>
                  <StartStopPointRef ref="VTR:ScheduledStopPoint:34292" version="1"/>
                  <EndStopPointRef ref="VTR:ScheduledStopPoint:29342" version="1"/>
                  <prices>
                    <DistanceMatrixElementPrice id="VTR:DistanceMatrixElementPrice:898393to898394" version="1">
                      <Amount>0.0</Amount>
                      <DistanceMatrixElementRef ref="VTR:DistanceMatrixElement:898393to898394" version="1"/>
                    </DistanceMatrixElementPrice>
                  </prices>
                </DistanceMatrixElement>
                <DistanceMatrixElement id="VTR:DistanceMatrixElement:898385to898386" version="1">
                  <Name>Alytaus autobusų stotis to Daugų g.</Name>
                  <StartStopPointRef ref="VTR:ScheduledStopPoint:29336" version="1"/>
                  <EndStopPointRef ref="VTR:ScheduledStopPoint:34290" version="1"/>
                  <prices>
                    <DistanceMatrixElementPrice id="VTR:DistanceMatrixElementPrice:898385to898386" version="1">
                      <Amount>1.8</Amount>
                      <DistanceMatrixElementRef ref="VTR:DistanceMatrixElement:898385to898386" version="1"/>
                    </DistanceMatrixElementPrice>
                  </prices>
                </DistanceMatrixElement>
                <DistanceMatrixElement id="VTR:DistanceMatrixElement:898385to898389" version="1">
                  <Name>Alytaus autobusų stotis to Vilniaus autobusų stotis</Name>
                  <StartStopPointRef ref="VTR:ScheduledStopPoint:29336" version="1"/>
                  <EndStopPointRef ref="VTR:ScheduledStopPoint:29342" version="1"/>
                  <prices>
                    <DistanceMatrixElementPrice id="VTR:DistanceMatrixElementPrice:898385to898389" version="1">
                      <Amount>6.6</Amount>
                      <DistanceMatrixElementRef ref="VTR:DistanceMatrixElement:898385to898389" version="1"/>
                    </DistanceMatrixElementPrice>
                  </prices>
                </DistanceMatrixElement>
                <DistanceMatrixElement id="VTR:DistanceMatrixElement:898371to898372" version="1">
                  <Name>Daugai to Daugų g.</Name>
                  <StartStopPointRef ref="VTR:ScheduledStopPoint:34252" version="1"/>
                  <EndStopPointRef ref="VTR:ScheduledStopPoint:34209" version="1"/>
                  <prices>
                    <DistanceMatrixElementPrice id="VTR:DistanceMatrixElementPrice:898371to898372" version="1">
                      <Amount>1.8</Amount>
                      <DistanceMatrixElementRef ref="VTR:DistanceMatrixElement:898371to898372" version="1"/>
                    </DistanceMatrixElementPrice>
                  </prices>
                </DistanceMatrixElement>
                <DistanceMatrixElement id="VTR:DistanceMatrixElement:898373to898374" version="1">
                  <Name>Miesto sodas to Alytaus autobusų stotis</Name>
                  <StartStopPointRef ref="VTR:ScheduledStopPoint:34210" version="1"/>
                  <EndStopPointRef ref="VTR:ScheduledStopPoint:29329" version="1"/>
                  <prices>
                    <DistanceMatrixElementPrice id="VTR:DistanceMatrixElementPrice:898373to898374" version="1">
                      <Amount>0.0</Amount>
                      <DistanceMatrixElementRef ref="VTR:DistanceMatrixElement:898373to898374" version="1"/>
                    </DistanceMatrixElementPrice>
                  </prices>
                </DistanceMatrixElement>
                <DistanceMatrixElement id="VTR:DistanceMatrixElement:898390to898393" version="1">
                  <Name>Alytaus autobusų stotis to Vaduvos</Name>
                  <StartStopPointRef ref="VTR:ScheduledStopPoint:29336" version="1"/>
                  <EndStopPointRef ref="VTR:ScheduledStopPoint:34292" version="1"/>
                  <prices>
                    <DistanceMatrixElementPrice id="VTR:DistanceMatrixElementPrice:898390to898393" version="1">
                      <Amount>0.0</Amount>
                      <DistanceMatrixElementRef ref="VTR:DistanceMatrixElement:898390to898393" version="1"/>
                    </DistanceMatrixElementPrice>
                  </prices>
                </DistanceMatrixElement>
                <DistanceMatrixElement id="VTR:DistanceMatrixElement:124542191to124542192" version="1">
                  <Name>Miesto sodas to Alytaus autobusų stotis</Name>
                  <StartStopPointRef ref="VTR:ScheduledStopPoint:34210" version="1"/>
                  <EndStopPointRef ref="VTR:ScheduledStopPoint:29329" version="1"/>
                  <prices>
                    <DistanceMatrixElementPrice id="VTR:DistanceMatrixElementPrice:124542191to124542192" version="1">
                      <Amount>0.0</Amount>
                      <DistanceMatrixElementRef ref="VTR:DistanceMatrixElement:124542191to124542192" version="1"/>
                    </DistanceMatrixElementPrice>
                  </prices>
                </DistanceMatrixElement>
                <DistanceMatrixElement id="VTR:DistanceMatrixElement:124542188to124542189" version="1">
                  <Name>Vilniaus autobusų stotis to Daugai</Name>
                  <StartStopPointRef ref="VTR:ScheduledStopPoint:29326" version="1"/>
                  <EndStopPointRef ref="VTR:ScheduledStopPoint:34252" version="1"/>
                  <prices>
                    <DistanceMatrixElementPrice id="VTR:DistanceMatrixElementPrice:124542188to124542189" version="1">
                      <Amount>5.7</Amount>
                      <DistanceMatrixElementRef ref="VTR:DistanceMatrixElement:124542188to124542189" version="1"/>
                    </DistanceMatrixElementPrice>
                  </prices>
                </DistanceMatrixElement>
                <DistanceMatrixElement id="VTR:DistanceMatrixElement:124542189to124542192" version="1">
                  <Name>Daugai to Alytaus autobusų stotis</Name>
                  <StartStopPointRef ref="VTR:ScheduledStopPoint:34252" version="1"/>
                  <EndStopPointRef ref="VTR:ScheduledStopPoint:29329" version="1"/>
                  <prices>
                    <DistanceMatrixElementPrice id="VTR:DistanceMatrixElementPrice:124542189to124542192" version="1">
                      <Amount>1.8</Amount>
                      <DistanceMatrixElementRef ref="VTR:DistanceMatrixElement:124542189to124542192" version="1"/>
                    </DistanceMatrixElementPrice>
                  </prices>
                </DistanceMatrixElement>
                <DistanceMatrixElement id="VTR:DistanceMatrixElement:898370to898373" version="1">
                  <Name>Vilniaus autobusų stotis to Miesto sodas</Name>
                  <StartStopPointRef ref="VTR:ScheduledStopPoint:29326" version="1"/>
                  <EndStopPointRef ref="VTR:ScheduledStopPoint:34210" version="1"/>
                  <prices>
                    <DistanceMatrixElementPrice id="VTR:DistanceMatrixElementPrice:898370to898373" version="1">
                      <Amount>0.0</Amount>
                      <DistanceMatrixElementRef ref="VTR:DistanceMatrixElement:898370to898373" version="1"/>
                    </DistanceMatrixElementPrice>
                  </prices>
                </DistanceMatrixElement>
                <DistanceMatrixElement id="VTR:DistanceMatrixElement:898371to898373" version="1">
                  <Name>Daugai to Miesto sodas</Name>
                  <StartStopPointRef ref="VTR:ScheduledStopPoint:34252" version="1"/>
                  <EndStopPointRef ref="VTR:ScheduledStopPoint:34210" version="1"/>
                  <prices>
                    <DistanceMatrixElementPrice id="VTR:DistanceMatrixElementPrice:898371to898373" version="1">
                      <Amount>0.0</Amount>
                      <DistanceMatrixElementRef ref="VTR:DistanceMatrixElement:898371to898373" version="1"/>
                    </DistanceMatrixElementPrice>
                  </prices>
                </DistanceMatrixElement>
                <DistanceMatrixElement id="VTR:DistanceMatrixElement:898372to898373" version="1">
                  <Name>Daugų g. to Miesto sodas</Name>
                  <StartStopPointRef ref="VTR:ScheduledStopPoint:34209" version="1"/>
                  <EndStopPointRef ref="VTR:ScheduledStopPoint:34210" version="1"/>
                  <prices>
                    <DistanceMatrixElementPrice id="VTR:DistanceMatrixElementPrice:898372to898373" version="1">
                      <Amount>0.0</Amount>
                      <DistanceMatrixElementRef ref="VTR:DistanceMatrixElement:898372to898373" version="1"/>
                    </DistanceMatrixElementPrice>
                  </prices>
                </DistanceMatrixElement>
                <DistanceMatrixElement id="VTR:DistanceMatrixElement:898391to898394" version="1">
                  <Name>Daugų g. to Vilniaus autobusų stotis</Name>
                  <StartStopPointRef ref="VTR:ScheduledStopPoint:34290" version="1"/>
                  <EndStopPointRef ref="VTR:ScheduledStopPoint:29342" version="1"/>
                  <prices>
                    <DistanceMatrixElementPrice id="VTR:DistanceMatrixElementPrice:898391to898394" version="1">
                      <Amount>6.6</Amount>
                      <DistanceMatrixElementRef ref="VTR:DistanceMatrixElement:898391to898394" version="1"/>
                    </DistanceMatrixElementPrice>
                  </prices>
                </DistanceMatrixElement>
                <DistanceMatrixElement id="VTR:DistanceMatrixElement:898387to898388" version="1">
                  <Name>Daugai to Vaduvos</Name>
                  <StartStopPointRef ref="VTR:ScheduledStopPoint:34291" version="1"/>
                  <EndStopPointRef ref="VTR:ScheduledStopPoint:34292" version="1"/>
                  <prices>
                    <DistanceMatrixElementPrice id="VTR:DistanceMatrixElementPrice:898387to898388" version="1">
                      <Amount>0.0</Amount>
                      <DistanceMatrixElementRef ref="VTR:DistanceMatrixElement:898387to898388" version="1"/>
                    </DistanceMatrixElementPrice>
                  </prices>
                </DistanceMatrixElement>
                <DistanceMatrixElement id="VTR:DistanceMatrixElement:898388to898389" version="1">
                  <Name>Vaduvos to Vilniaus autobusų stotis</Name>
                  <StartStopPointRef ref="VTR:ScheduledStopPoint:34292" version="1"/>
                  <EndStopPointRef ref="VTR:ScheduledStopPoint:29342" version="1"/>
                  <prices>
                    <DistanceMatrixElementPrice id="VTR:DistanceMatrixElementPrice:898388to898389" version="1">
                      <Amount>0.0</Amount>
                      <DistanceMatrixElementRef ref="VTR:DistanceMatrixElement:898388to898389" version="1"/>
                    </DistanceMatrixElementPrice>
                  </prices>
                </DistanceMatrixElement>
                <DistanceMatrixElement id="VTR:DistanceMatrixElement:124542189to124542190" version="1">
                  <Name>Daugai to Daugų g.</Name>
                  <StartStopPointRef ref="VTR:ScheduledStopPoint:34252" version="1"/>
                  <EndStopPointRef ref="VTR:ScheduledStopPoint:34209" version="1"/>
                  <prices>
                    <DistanceMatrixElementPrice id="VTR:DistanceMatrixElementPrice:124542189to124542190" version="1">
                      <Amount>1.8</Amount>
                      <DistanceMatrixElementRef ref="VTR:DistanceMatrixElement:124542189to124542190" version="1"/>
                    </DistanceMatrixElementPrice>
                  </prices>
                </DistanceMatrixElement>
                <DistanceMatrixElement id="VTR:DistanceMatrixElement:898391to898392" version="1">
                  <Name>Daugų g. to Daugai</Name>
                  <StartStopPointRef ref="VTR:ScheduledStopPoint:34290" version="1"/>
                  <EndStopPointRef ref="VTR:ScheduledStopPoint:34291" version="1"/>
                  <prices>
                    <DistanceMatrixElementPrice id="VTR:DistanceMatrixElementPrice:898391to898392" version="1">
                      <Amount>1.8</Amount>
                      <DistanceMatrixElementRef ref="VTR:DistanceMatrixElement:898391to898392" version="1"/>
                    </DistanceMatrixElementPrice>
                  </prices>
                </DistanceMatrixElement>
                <DistanceMatrixElement id="VTR:DistanceMatrixElement:898391to898393" version="1">
                  <Name>Daugų g. to Vaduvos</Name>
                  <StartStopPointRef ref="VTR:ScheduledStopPoint:34290" version="1"/>
                  <EndStopPointRef ref="VTR:ScheduledStopPoint:34292" version="1"/>
                  <prices>
                    <DistanceMatrixElementPrice id="VTR:DistanceMatrixElementPrice:898391to898393" version="1">
                      <Amount>0.0</Amount>
                      <DistanceMatrixElementRef ref="VTR:DistanceMatrixElement:898391to898393" version="1"/>
                    </DistanceMatrixElementPrice>
                  </prices>
                </DistanceMatrixElement>
                <DistanceMatrixElement id="VTR:DistanceMatrixElement:898385to898388" version="1">
                  <Name>Alytaus autobusų stotis to Vaduvos</Name>
                  <StartStopPointRef ref="VTR:ScheduledStopPoint:29336" version="1"/>
                  <EndStopPointRef ref="VTR:ScheduledStopPoint:34292" version="1"/>
                  <prices>
                    <DistanceMatrixElementPrice id="VTR:DistanceMatrixElementPrice:898385to898388" version="1">
                      <Amount>0.0</Amount>
                      <DistanceMatrixElementRef ref="VTR:DistanceMatrixElement:898385to898388" version="1"/>
                    </DistanceMatrixElementPrice>
                  </prices>
                </DistanceMatrixElement>
                <DistanceMatrixElement id="VTR:DistanceMatrixElement:124542190to124542191" version="1">
                  <Name>Daugų g. to Miesto sodas</Name>
                  <StartStopPointRef ref="VTR:ScheduledStopPoint:34209" version="1"/>
                  <EndStopPointRef ref="VTR:ScheduledStopPoint:34210" version="1"/>
                  <prices>
                    <DistanceMatrixElementPrice id="VTR:DistanceMatrixElementPrice:124542190to124542191" version="1">
                      <Amount>0.0</Amount>
                      <DistanceMatrixElementRef ref="VTR:DistanceMatrixElement:124542190to124542191" version="1"/>
                    </DistanceMatrixElementPrice>
                  </prices>
                </DistanceMatrixElement>
                <DistanceMatrixElement id="VTR:DistanceMatrixElement:124542190to124542192" version="1">
                  <Name>Daugų g. to Alytaus autobusų stotis</Name>
                  <StartStopPointRef ref="VTR:ScheduledStopPoint:34209" version="1"/>
                  <EndStopPointRef ref="VTR:ScheduledStopPoint:29329" version="1"/>
                  <prices>
                    <DistanceMatrixElementPrice id="VTR:DistanceMatrixElementPrice:124542190to124542192" version="1">
                      <Amount>1.8</Amount>
                      <DistanceMatrixElementRef ref="VTR:DistanceMatrixElement:124542190to124542192" version="1"/>
                    </DistanceMatrixElementPrice>
                  </prices>
                </DistanceMatrixElement>
                <DistanceMatrixElement id="VTR:DistanceMatrixElement:898371to898374" version="1">
                  <Name>Daugai to Alytaus autobusų stotis</Name>
                  <StartStopPointRef ref="VTR:ScheduledStopPoint:34252" version="1"/>
                  <EndStopPointRef ref="VTR:ScheduledStopPoint:29329" version="1"/>
                  <prices>
                    <DistanceMatrixElementPrice id="VTR:DistanceMatrixElementPrice:898371to898374" version="1">
                      <Amount>1.8</Amount>
                      <DistanceMatrixElementRef ref="VTR:DistanceMatrixElement:898371to898374" version="1"/>
                    </DistanceMatrixElementPrice>
                  </prices>
                </DistanceMatrixElement>
                <DistanceMatrixElement id="VTR:DistanceMatrixElement:898390to898394" version="1">
                  <Name>Alytaus autobusų stotis to Vilniaus autobusų stotis</Name>
                  <StartStopPointRef ref="VTR:ScheduledStopPoint:29336" version="1"/>
                  <EndStopPointRef ref="VTR:ScheduledStopPoint:29342" version="1"/>
                  <prices>
                    <DistanceMatrixElementPrice id="VTR:DistanceMatrixElementPrice:898390to898394" version="1">
                      <Amount>6.6</Amount>
                      <DistanceMatrixElementRef ref="VTR:DistanceMatrixElement:898390to898394" version="1"/>
                    </DistanceMatrixElementPrice>
                  </prices>
                </DistanceMatrixElement>
                <DistanceMatrixElement id="VTR:DistanceMatrixElement:898386to898388" version="1">
                  <Name>Daugų g. to Vaduvos</Name>
                  <StartStopPointRef ref="VTR:ScheduledStopPoint:34290" version="1"/>
                  <EndStopPointRef ref="VTR:ScheduledStopPoint:34292" version="1"/>
                  <prices>
                    <DistanceMatrixElementPrice id="VTR:DistanceMatrixElementPrice:898386to898388" version="1">
                      <Amount>0.0</Amount>
                      <DistanceMatrixElementRef ref="VTR:DistanceMatrixElement:898386to898388" version="1"/>
                    </DistanceMatrixElementPrice>
                  </prices>
                </DistanceMatrixElement>
                <DistanceMatrixElement id="VTR:DistanceMatrixElement:124542188to124542192" version="1">
                  <Name>Vilniaus autobusų stotis to Alytaus autobusų stotis</Name>
                  <StartStopPointRef ref="VTR:ScheduledStopPoint:29326" version="1"/>
                  <EndStopPointRef ref="VTR:ScheduledStopPoint:29329" version="1"/>
                  <prices>
                    <DistanceMatrixElementPrice id="VTR:DistanceMatrixElementPrice:124542188to124542192" version="1">
                      <Amount>6.6</Amount>
                      <DistanceMatrixElementRef ref="VTR:DistanceMatrixElement:124542188to124542192" version="1"/>
                    </DistanceMatrixElementPrice>
                  </prices>
                </DistanceMatrixElement>
                <DistanceMatrixElement id="VTR:DistanceMatrixElement:898387to898389" version="1">
                  <Name>Daugai to Vilniaus autobusų stotis</Name>
                  <StartStopPointRef ref="VTR:ScheduledStopPoint:34291" version="1"/>
                  <EndStopPointRef ref="VTR:ScheduledStopPoint:29342" version="1"/>
                  <prices>
                    <DistanceMatrixElementPrice id="VTR:DistanceMatrixElementPrice:898387to898389" version="1">
                      <Amount>5.7</Amount>
                      <DistanceMatrixElementRef ref="VTR:DistanceMatrixElement:898387to898389" version="1"/>
                    </DistanceMatrixElementPrice>
                  </prices>
                </DistanceMatrixElement>
                <DistanceMatrixElement id="VTR:DistanceMatrixElement:124542189to124542191" version="1">
                  <Name>Daugai to Miesto sodas</Name>
                  <StartStopPointRef ref="VTR:ScheduledStopPoint:34252" version="1"/>
                  <EndStopPointRef ref="VTR:ScheduledStopPoint:34210" version="1"/>
                  <prices>
                    <DistanceMatrixElementPrice id="VTR:DistanceMatrixElementPrice:124542189to124542191" version="1">
                      <Amount>0.0</Amount>
                      <DistanceMatrixElementRef ref="VTR:DistanceMatrixElement:124542189to124542191" version="1"/>
                    </DistanceMatrixElementPrice>
                  </prices>
                </DistanceMatrixElement>
                <DistanceMatrixElement id="VTR:DistanceMatrixElement:898372to898374" version="1">
                  <Name>Daugų g. to Alytaus autobusų stotis</Name>
                  <StartStopPointRef ref="VTR:ScheduledStopPoint:34209" version="1"/>
                  <EndStopPointRef ref="VTR:ScheduledStopPoint:29329" version="1"/>
                  <prices>
                    <DistanceMatrixElementPrice id="VTR:DistanceMatrixElementPrice:898372to898374" version="1">
                      <Amount>1.8</Amount>
                      <DistanceMatrixElementRef ref="VTR:DistanceMatrixElement:898372to898374" version="1"/>
                    </DistanceMatrixElementPrice>
                  </prices>
                </DistanceMatrixElement>
                <DistanceMatrixElement id="VTR:DistanceMatrixElement:898390to898391" version="1">
                  <Name>Alytaus autobusų stotis to Daugų g.</Name>
                  <StartStopPointRef ref="VTR:ScheduledStopPoint:29336" version="1"/>
                  <EndStopPointRef ref="VTR:ScheduledStopPoint:34290" version="1"/>
                  <prices>
                    <DistanceMatrixElementPrice id="VTR:DistanceMatrixElementPrice:898390to898391" version="1">
                      <Amount>1.8</Amount>
                      <DistanceMatrixElementRef ref="VTR:DistanceMatrixElement:898390to898391" version="1"/>
                    </DistanceMatrixElementPrice>
                  </prices>
                </DistanceMatrixElement>
                <DistanceMatrixElement id="VTR:DistanceMatrixElement:898392to898393" version="1">
                  <Name>Daugai to Vaduvos</Name>
                  <StartStopPointRef ref="VTR:ScheduledStopPoint:34291" version="1"/>
                  <EndStopPointRef ref="VTR:ScheduledStopPoint:34292" version="1"/>
                  <prices>
                    <DistanceMatrixElementPrice id="VTR:DistanceMatrixElementPrice:898392to898393" version="1">
                      <Amount>0.0</Amount>
                      <DistanceMatrixElementRef ref="VTR:DistanceMatrixElement:898392to898393" version="1"/>
                    </DistanceMatrixElementPrice>
                  </prices>
                </DistanceMatrixElement>
                <DistanceMatrixElement id="VTR:DistanceMatrixElement:898385to898387" version="1">
                  <Name>Alytaus autobusų stotis to Daugai</Name>
                  <StartStopPointRef ref="VTR:ScheduledStopPoint:29336" version="1"/>
                  <EndStopPointRef ref="VTR:ScheduledStopPoint:34291" version="1"/>
                  <prices>
                    <DistanceMatrixElementPrice id="VTR:DistanceMatrixElementPrice:898385to898387" version="1">
                      <Amount>1.8</Amount>
                      <DistanceMatrixElementRef ref="VTR:DistanceMatrixElement:898385to898387" version="1"/>
                    </DistanceMatrixElementPrice>
                  </prices>
                </DistanceMatrixElement>
                <DistanceMatrixElement id="VTR:DistanceMatrixElement:124542188to124542191" version="1">
                  <Name>Vilniaus autobusų stotis to Miesto sodas</Name>
                  <StartStopPointRef ref="VTR:ScheduledStopPoint:29326" version="1"/>
                  <EndStopPointRef ref="VTR:ScheduledStopPoint:34210" version="1"/>
                  <prices>
                    <DistanceMatrixElementPrice id="VTR:DistanceMatrixElementPrice:124542188to124542191" version="1">
                      <Amount>0.0</Amount>
                      <DistanceMatrixElementRef ref="VTR:DistanceMatrixElement:124542188to124542191" version="1"/>
                    </DistanceMatrixElementPrice>
                  </prices>
                </DistanceMatrixElement>
              </distanceMatrixElements>
            </Tariff>
          </tariffs>
          <usageParameters>
            <FrequencyOfUse id="VTR:FrequencyOfUse:oneTrip" version="1">
              <FrequencyOfUseType>unlimited</FrequencyOfUseType>
              <MaximalFrequency>1</MaximalFrequency>
            </FrequencyOfUse>
          </usageParameters>
        </FareFrame>
      </frames>
    </CompositeFrame>
  </dataObjects>
</PublicationDelivery>
