<?xml version="1.0" encoding="UTF-8"?><PublicationDelivery xmlns="http://www.netex.org.uk/netex" xmlns:gis="http://www.opengis.net/gml/3.2" xmlns:ns2="http://www.opengis.net/gml/3.2" xmlns:ns3="http://www.siri.org.uk/siri" xmlns:xsi="http://www.w3.org/2001/XMLSchema-instance" version="1" xsi:schemaLocation="">
  <PublicationTimestamp>2022-05-07T00:50:00.296</PublicationTimestamp>
  <ParticipantRef>VTR</ParticipantRef>
  <Description>1</Description>
  <dataObjects>
    <CompositeFrame created="2022-05-07T00:50:00.296" version="1" id="VTR:CompositeFrame:1351">
      <validityConditions>
        <AvailabilityCondition version="1" id="VTR:AvailabilityCondition:1351">
          <FromDate>2021-02-28T00:27:44</FromDate>
          <ToDate>2027-12-31T00:00:00</ToDate>
        </AvailabilityCondition>
      </validityConditions>
      <codespaces>
        <Codespace id="vtr">
          <Xmlns>VTR</Xmlns>
          <XmlnsUrl>http://www.visimarsrutai.lt/</XmlnsUrl>
        </Codespace>
      </codespaces>
      <FrameDefaults>
        <DefaultLocale>
          <TimeZone>Europe/Vilnius</TimeZone>
        </DefaultLocale>
        <DefaultLocationSystem>WGS84</DefaultLocationSystem>
      </FrameDefaults>
      <frames>
        <ServiceCalendarFrame version="1" id="VTR:ServiceCalendarFrame:1351">
          <dayTypes>
            <DayType id="VTR:DayType:39097" version="1">
              <properties>
                <PropertyOfDay>
                  <DaysOfWeek>Monday Tuesday Wednesday Thursday Friday</DaysOfWeek>
                </PropertyOfDay>
              </properties>
            </DayType>
          </dayTypes>
          <operatingPeriods>
            <OperatingPeriod version="1" id="VTR:OperatingPeriod:39097">
              <FromDate>2022-04-01T00:00:00</FromDate>
              <ToDate>2022-05-31T00:00:00</ToDate>
            </OperatingPeriod>
          </operatingPeriods>
          <dayTypeAssignments>
            <DayTypeAssignment id="VTR:DayTypeAssignment:39097_0" version="1" order="5417">
              <OperatingPeriodRef ref="VTR:OperatingPeriod:39097" version="1"/>
              <DayTypeRef ref="VTR:DayType:39097" version="1"/>
            </DayTypeAssignment>
            <DayTypeAssignment id="VTR:DayTypeAssignment:39097_954828" version="1" order="49657">
              <Date>2022-05-01</Date>
              <DayTypeRef ref="VTR:DayType:39097" version="1"/>
            </DayTypeAssignment>
          </dayTypeAssignments>
        </ServiceCalendarFrame>
        <ServiceFrame id="VTR:ServiceFrame:1351" version="1">
          <Network version="0" id="VTR:Network:44"/>
          <routePoints>
            <RoutePoint version="1" id="VTR:RoutePoint:3369070">
              <projections>
                <PointProjection version="1" id="VTR:PointProjection:81628">
                  <ProjectedPointRef ref="VTR:ScheduledStopPoint:3369070" version="1"/>
                </PointProjection>
              </projections>
            </RoutePoint>
            <RoutePoint version="1" id="VTR:RoutePoint:3369071">
              <projections>
                <PointProjection version="1" id="VTR:PointProjection:81629">
                  <ProjectedPointRef ref="VTR:ScheduledStopPoint:3369071" version="1"/>
                </PointProjection>
              </projections>
            </RoutePoint>
            <RoutePoint version="1" id="VTR:RoutePoint:3369072">
              <projections>
                <PointProjection version="1" id="VTR:PointProjection:81630">
                  <ProjectedPointRef ref="VTR:ScheduledStopPoint:3369072" version="1"/>
                </PointProjection>
              </projections>
            </RoutePoint>
            <RoutePoint version="1" id="VTR:RoutePoint:3369073">
              <projections>
                <PointProjection version="1" id="VTR:PointProjection:81631">
                  <ProjectedPointRef ref="VTR:ScheduledStopPoint:3369073" version="1"/>
                </PointProjection>
              </projections>
            </RoutePoint>
            <RoutePoint version="1" id="VTR:RoutePoint:3369074">
              <projections>
                <PointProjection version="1" id="VTR:PointProjection:81632">
                  <ProjectedPointRef ref="VTR:ScheduledStopPoint:3369074" version="1"/>
                </PointProjection>
              </projections>
            </RoutePoint>
            <RoutePoint version="1" id="VTR:RoutePoint:3369075">
              <projections>
                <PointProjection version="1" id="VTR:PointProjection:81633">
                  <ProjectedPointRef ref="VTR:ScheduledStopPoint:3369075" version="1"/>
                </PointProjection>
              </projections>
            </RoutePoint>
            <RoutePoint version="1" id="VTR:RoutePoint:3369076">
              <projections>
                <PointProjection version="1" id="VTR:PointProjection:81634">
                  <ProjectedPointRef ref="VTR:ScheduledStopPoint:3369076" version="1"/>
                </PointProjection>
              </projections>
            </RoutePoint>
            <RoutePoint version="1" id="VTR:RoutePoint:3369077">
              <projections>
                <PointProjection version="1" id="VTR:PointProjection:81635">
                  <ProjectedPointRef ref="VTR:ScheduledStopPoint:3369077" version="1"/>
                </PointProjection>
              </projections>
            </RoutePoint>
            <RoutePoint version="1" id="VTR:RoutePoint:3369078">
              <projections>
                <PointProjection version="1" id="VTR:PointProjection:81636">
                  <ProjectedPointRef ref="VTR:ScheduledStopPoint:3369078" version="1"/>
                </PointProjection>
              </projections>
            </RoutePoint>
            <RoutePoint version="1" id="VTR:RoutePoint:3369079">
              <projections>
                <PointProjection version="1" id="VTR:PointProjection:81637">
                  <ProjectedPointRef ref="VTR:ScheduledStopPoint:3369079" version="1"/>
                </PointProjection>
              </projections>
            </RoutePoint>
            <RoutePoint version="1" id="VTR:RoutePoint:3369080">
              <projections>
                <PointProjection version="1" id="VTR:PointProjection:81638">
                  <ProjectedPointRef ref="VTR:ScheduledStopPoint:3369080" version="1"/>
                </PointProjection>
              </projections>
            </RoutePoint>
            <RoutePoint version="1" id="VTR:RoutePoint:3369252">
              <projections>
                <PointProjection version="1" id="VTR:PointProjection:80374">
                  <ProjectedPointRef ref="VTR:ScheduledStopPoint:3369252" version="1"/>
                </PointProjection>
              </projections>
            </RoutePoint>
            <RoutePoint version="1" id="VTR:RoutePoint:3369253">
              <projections>
                <PointProjection version="1" id="VTR:PointProjection:82984">
                  <ProjectedPointRef ref="VTR:ScheduledStopPoint:3369253" version="1"/>
                </PointProjection>
              </projections>
            </RoutePoint>
            <RoutePoint version="1" id="VTR:RoutePoint:3369254">
              <projections>
                <PointProjection version="1" id="VTR:PointProjection:82985">
                  <ProjectedPointRef ref="VTR:ScheduledStopPoint:3369254" version="1"/>
                </PointProjection>
              </projections>
            </RoutePoint>
            <RoutePoint version="1" id="VTR:RoutePoint:3369255">
              <projections>
                <PointProjection version="1" id="VTR:PointProjection:83096">
                  <ProjectedPointRef ref="VTR:ScheduledStopPoint:3369255" version="1"/>
                </PointProjection>
              </projections>
            </RoutePoint>
            <RoutePoint version="1" id="VTR:RoutePoint:3369256">
              <projections>
                <PointProjection version="1" id="VTR:PointProjection:83097">
                  <ProjectedPointRef ref="VTR:ScheduledStopPoint:3369256" version="1"/>
                </PointProjection>
              </projections>
            </RoutePoint>
            <RoutePoint version="1" id="VTR:RoutePoint:3369257">
              <projections>
                <PointProjection version="1" id="VTR:PointProjection:83098">
                  <ProjectedPointRef ref="VTR:ScheduledStopPoint:3369257" version="1"/>
                </PointProjection>
              </projections>
            </RoutePoint>
          </routePoints>
          <routes>
            <Route version="1" id="VTR:Route:23683">
              <Name>siauliai_minibus_P7_b-a</Name>
              <ShortName>siauliai_minibus_P7_b-a</ShortName>
              <LineRef ref="VTR:Line:8423" version="11077"/>
              <pointsInSequence>
                <PointOnRoute version="1" id="VTR:PointOnRoute:3369079" order="1">
                  <RoutePointRef ref="VTR:RoutePoint:3369079"/>
                </PointOnRoute>
                <PointOnRoute version="1" id="VTR:PointOnRoute:3369080" order="2">
                  <RoutePointRef ref="VTR:RoutePoint:3369080"/>
                </PointOnRoute>
                <PointOnRoute version="1" id="VTR:PointOnRoute:3369070" order="3">
                  <RoutePointRef ref="VTR:RoutePoint:3369070"/>
                </PointOnRoute>
                <PointOnRoute version="1" id="VTR:PointOnRoute:3369071" order="4">
                  <RoutePointRef ref="VTR:RoutePoint:3369071"/>
                </PointOnRoute>
                <PointOnRoute version="1" id="VTR:PointOnRoute:3369072" order="5">
                  <RoutePointRef ref="VTR:RoutePoint:3369072"/>
                </PointOnRoute>
                <PointOnRoute version="1" id="VTR:PointOnRoute:3369073" order="6">
                  <RoutePointRef ref="VTR:RoutePoint:3369073"/>
                </PointOnRoute>
                <PointOnRoute version="1" id="VTR:PointOnRoute:3369074" order="7">
                  <RoutePointRef ref="VTR:RoutePoint:3369074"/>
                </PointOnRoute>
                <PointOnRoute version="1" id="VTR:PointOnRoute:3369075" order="8">
                  <RoutePointRef ref="VTR:RoutePoint:3369075"/>
                </PointOnRoute>
                <PointOnRoute version="1" id="VTR:PointOnRoute:3369076" order="9">
                  <RoutePointRef ref="VTR:RoutePoint:3369076"/>
                </PointOnRoute>
                <PointOnRoute version="1" id="VTR:PointOnRoute:3369077" order="10">
                  <RoutePointRef ref="VTR:RoutePoint:3369077"/>
                </PointOnRoute>
                <PointOnRoute version="1" id="VTR:PointOnRoute:3369078" order="11">
                  <RoutePointRef ref="VTR:RoutePoint:3369078"/>
                </PointOnRoute>
              </pointsInSequence>
            </Route>
            <Route version="1" id="VTR:Route:23670">
              <Name>siauliai_minibus_P7_a-b</Name>
              <ShortName>siauliai_minibus_P7_a-b</ShortName>
              <LineRef ref="VTR:Line:8423" version="11077"/>
              <pointsInSequence>
                <PointOnRoute version="1" id="VTR:PointOnRoute:3369252" order="1">
                  <RoutePointRef ref="VTR:RoutePoint:3369252"/>
                </PointOnRoute>
                <PointOnRoute version="1" id="VTR:PointOnRoute:3369253" order="2">
                  <RoutePointRef ref="VTR:RoutePoint:3369253"/>
                </PointOnRoute>
                <PointOnRoute version="1" id="VTR:PointOnRoute:3369254" order="3">
                  <RoutePointRef ref="VTR:RoutePoint:3369254"/>
                </PointOnRoute>
                <PointOnRoute version="1" id="VTR:PointOnRoute:3369255" order="4">
                  <RoutePointRef ref="VTR:RoutePoint:3369255"/>
                </PointOnRoute>
                <PointOnRoute version="1" id="VTR:PointOnRoute:3369256" order="5">
                  <RoutePointRef ref="VTR:RoutePoint:3369256"/>
                </PointOnRoute>
                <PointOnRoute version="1" id="VTR:PointOnRoute:3369257" order="6">
                  <RoutePointRef ref="VTR:RoutePoint:3369257"/>
                </PointOnRoute>
              </pointsInSequence>
            </Route>
          </routes>
          <lines>
            <Line version="11077" id="VTR:Line:8423">
              <Name>Skroblų st. - Ligoninės st.</Name>
              <TransportMode>bus</TransportMode>
              <TransportSubmode>
                <BusSubmode>localBus</BusSubmode>
              </TransportSubmode>
              <PublicCode>P7</PublicCode>
              <OperatorRef ref="VTR:Operator:44"/>
            </Line>
          </lines>
          <scheduledStopPoints>
            <ScheduledStopPoint version="1" id="VTR:ScheduledStopPoint:3369070">
              <Name>Birutės st.</Name>
            </ScheduledStopPoint>
            <ScheduledStopPoint version="1" id="VTR:ScheduledStopPoint:3369071">
              <Name>Marijampolės st.</Name>
            </ScheduledStopPoint>
            <ScheduledStopPoint version="1" id="VTR:ScheduledStopPoint:3369072">
              <Name>Ąžuolyno st.</Name>
            </ScheduledStopPoint>
            <ScheduledStopPoint version="1" id="VTR:ScheduledStopPoint:3369073">
              <Name>Karklų st.</Name>
            </ScheduledStopPoint>
            <ScheduledStopPoint version="1" id="VTR:ScheduledStopPoint:3369074">
              <Name>Pakraščio st.</Name>
            </ScheduledStopPoint>
            <ScheduledStopPoint version="1" id="VTR:ScheduledStopPoint:3369075">
              <Name>Kregždučių st.</Name>
            </ScheduledStopPoint>
            <ScheduledStopPoint version="1" id="VTR:ScheduledStopPoint:3369076">
              <Name>Ievos st.</Name>
            </ScheduledStopPoint>
            <ScheduledStopPoint version="1" id="VTR:ScheduledStopPoint:3369077">
              <Name>Kanalo st.</Name>
            </ScheduledStopPoint>
            <ScheduledStopPoint version="1" id="VTR:ScheduledStopPoint:3369078">
              <Name>Skroblų st.</Name>
            </ScheduledStopPoint>
            <ScheduledStopPoint version="1" id="VTR:ScheduledStopPoint:3369079">
              <Name>Ligoninės st.</Name>
            </ScheduledStopPoint>
            <ScheduledStopPoint version="1" id="VTR:ScheduledStopPoint:3369080">
              <Name>Ligoninės st.</Name>
            </ScheduledStopPoint>
            <ScheduledStopPoint version="1" id="VTR:ScheduledStopPoint:3369252">
              <Name>Skroblų st.</Name>
            </ScheduledStopPoint>
            <ScheduledStopPoint version="1" id="VTR:ScheduledStopPoint:3369253">
              <Name>Karklų st.</Name>
            </ScheduledStopPoint>
            <ScheduledStopPoint version="1" id="VTR:ScheduledStopPoint:3369254">
              <Name>Ąžuolyno st.</Name>
            </ScheduledStopPoint>
            <ScheduledStopPoint version="1" id="VTR:ScheduledStopPoint:3369255">
              <Name>Marijampolės st.</Name>
            </ScheduledStopPoint>
            <ScheduledStopPoint version="1" id="VTR:ScheduledStopPoint:3369256">
              <Name>Birutės st.</Name>
            </ScheduledStopPoint>
            <ScheduledStopPoint version="1" id="VTR:ScheduledStopPoint:3369257">
              <Name>Ligoninės st.</Name>
            </ScheduledStopPoint>
          </scheduledStopPoints>
          <serviceLinks>
            <ServiceLink id="VTR:ServiceLink:3369080_1_3369070_1" version="1">
              <Distance>0</Distance>
              <FromPointRef ref="VTR:ScheduledStopPoint:3369080" version="1"/>
              <ToPointRef ref="VTR:ScheduledStopPoint:3369070" version="1"/>
            </ServiceLink>
            <ServiceLink id="VTR:ServiceLink:3369075_1_3369076_1" version="1">
              <Distance>0</Distance>
              <FromPointRef ref="VTR:ScheduledStopPoint:3369075" version="1"/>
              <ToPointRef ref="VTR:ScheduledStopPoint:3369076" version="1"/>
            </ServiceLink>
            <ServiceLink id="VTR:ServiceLink:3369073_1_3369074_1" version="1">
              <Distance>0</Distance>
              <FromPointRef ref="VTR:ScheduledStopPoint:3369073" version="1"/>
              <ToPointRef ref="VTR:ScheduledStopPoint:3369074" version="1"/>
            </ServiceLink>
            <ServiceLink id="VTR:ServiceLink:3369254_1_3369255_1" version="1">
              <Distance>0</Distance>
              <FromPointRef ref="VTR:ScheduledStopPoint:3369254" version="1"/>
              <ToPointRef ref="VTR:ScheduledStopPoint:3369255" version="1"/>
            </ServiceLink>
            <ServiceLink id="VTR:ServiceLink:3369256_1_3369257_1" version="1">
              <Distance>0</Distance>
              <FromPointRef ref="VTR:ScheduledStopPoint:3369256" version="1"/>
              <ToPointRef ref="VTR:ScheduledStopPoint:3369257" version="1"/>
            </ServiceLink>
            <ServiceLink id="VTR:ServiceLink:3369253_1_3369254_1" version="1">
              <Distance>0</Distance>
              <FromPointRef ref="VTR:ScheduledStopPoint:3369253" version="1"/>
              <ToPointRef ref="VTR:ScheduledStopPoint:3369254" version="1"/>
            </ServiceLink>
            <ServiceLink id="VTR:ServiceLink:3369072_1_3369073_1" version="1">
              <Distance>0</Distance>
              <FromPointRef ref="VTR:ScheduledStopPoint:3369072" version="1"/>
              <ToPointRef ref="VTR:ScheduledStopPoint:3369073" version="1"/>
            </ServiceLink>
            <ServiceLink id="VTR:ServiceLink:3369071_1_3369072_1" version="1">
              <Distance>0</Distance>
              <FromPointRef ref="VTR:ScheduledStopPoint:3369071" version="1"/>
              <ToPointRef ref="VTR:ScheduledStopPoint:3369072" version="1"/>
            </ServiceLink>
            <ServiceLink id="VTR:ServiceLink:3369074_1_3369075_1" version="1">
              <Distance>0</Distance>
              <FromPointRef ref="VTR:ScheduledStopPoint:3369074" version="1"/>
              <ToPointRef ref="VTR:ScheduledStopPoint:3369075" version="1"/>
            </ServiceLink>
            <ServiceLink id="VTR:ServiceLink:3369252_1_3369253_1" version="1">
              <Distance>0</Distance>
              <FromPointRef ref="VTR:ScheduledStopPoint:3369252" version="1"/>
              <ToPointRef ref="VTR:ScheduledStopPoint:3369253" version="1"/>
            </ServiceLink>
            <ServiceLink id="VTR:ServiceLink:3369255_1_3369256_1" version="1">
              <Distance>0</Distance>
              <FromPointRef ref="VTR:ScheduledStopPoint:3369255" version="1"/>
              <ToPointRef ref="VTR:ScheduledStopPoint:3369256" version="1"/>
            </ServiceLink>
            <ServiceLink id="VTR:ServiceLink:3369077_1_3369078_1" version="1">
              <Distance>0</Distance>
              <FromPointRef ref="VTR:ScheduledStopPoint:3369077" version="1"/>
              <ToPointRef ref="VTR:ScheduledStopPoint:3369078" version="1"/>
            </ServiceLink>
            <ServiceLink id="VTR:ServiceLink:3369070_1_3369071_1" version="1">
              <Distance>0</Distance>
              <FromPointRef ref="VTR:ScheduledStopPoint:3369070" version="1"/>
              <ToPointRef ref="VTR:ScheduledStopPoint:3369071" version="1"/>
            </ServiceLink>
            <ServiceLink id="VTR:ServiceLink:3369079_1_3369080_1" version="1">
              <Distance>0</Distance>
              <FromPointRef ref="VTR:ScheduledStopPoint:3369079" version="1"/>
              <ToPointRef ref="VTR:ScheduledStopPoint:3369080" version="1"/>
            </ServiceLink>
            <ServiceLink id="VTR:ServiceLink:3369076_1_3369077_1" version="1">
              <Distance>0</Distance>
              <FromPointRef ref="VTR:ScheduledStopPoint:3369076" version="1"/>
              <ToPointRef ref="VTR:ScheduledStopPoint:3369077" version="1"/>
            </ServiceLink>
          </serviceLinks>
          <stopAssignments>
            <PassengerStopAssignment order="2367000001" id="VTR:PassengerStopAssignment:3369252" version="1">
              <ScheduledStopPointRef ref="VTR:ScheduledStopPoint:3369252" version="1"/>
              <QuayRef ref="VTR:Quay:28728"/>
            </PassengerStopAssignment>
            <PassengerStopAssignment order="2367000002" id="VTR:PassengerStopAssignment:3369253" version="1">
              <ScheduledStopPointRef ref="VTR:ScheduledStopPoint:3369253" version="1"/>
              <QuayRef ref="VTR:Quay:28705"/>
            </PassengerStopAssignment>
            <PassengerStopAssignment order="2367000003" id="VTR:PassengerStopAssignment:3369254" version="1">
              <ScheduledStopPointRef ref="VTR:ScheduledStopPoint:3369254" version="1"/>
              <QuayRef ref="VTR:Quay:28785"/>
            </PassengerStopAssignment>
            <PassengerStopAssignment order="2367000004" id="VTR:PassengerStopAssignment:3369255" version="1">
              <ScheduledStopPointRef ref="VTR:ScheduledStopPoint:3369255" version="1"/>
              <QuayRef ref="VTR:Quay:27280"/>
            </PassengerStopAssignment>
            <PassengerStopAssignment order="2367000005" id="VTR:PassengerStopAssignment:3369256" version="1">
              <ScheduledStopPointRef ref="VTR:ScheduledStopPoint:3369256" version="1"/>
              <QuayRef ref="VTR:Quay:27482"/>
            </PassengerStopAssignment>
            <PassengerStopAssignment order="2367000006" id="VTR:PassengerStopAssignment:3369257" version="1">
              <ScheduledStopPointRef ref="VTR:ScheduledStopPoint:3369257" version="1"/>
              <QuayRef ref="VTR:Quay:27511"/>
            </PassengerStopAssignment>
            <PassengerStopAssignment order="2368300001" id="VTR:PassengerStopAssignment:3369079" version="1">
              <ScheduledStopPointRef ref="VTR:ScheduledStopPoint:3369079" version="1"/>
              <QuayRef ref="VTR:Quay:27511"/>
            </PassengerStopAssignment>
            <PassengerStopAssignment order="2368300002" id="VTR:PassengerStopAssignment:3369080" version="1">
              <ScheduledStopPointRef ref="VTR:ScheduledStopPoint:3369080" version="1"/>
              <QuayRef ref="VTR:Quay:27504"/>
            </PassengerStopAssignment>
            <PassengerStopAssignment order="2368300003" id="VTR:PassengerStopAssignment:3369070" version="1">
              <ScheduledStopPointRef ref="VTR:ScheduledStopPoint:3369070" version="1"/>
              <QuayRef ref="VTR:Quay:27483"/>
            </PassengerStopAssignment>
            <PassengerStopAssignment order="2368300004" id="VTR:PassengerStopAssignment:3369071" version="1">
              <ScheduledStopPointRef ref="VTR:ScheduledStopPoint:3369071" version="1"/>
              <QuayRef ref="VTR:Quay:27283"/>
            </PassengerStopAssignment>
            <PassengerStopAssignment order="2368300005" id="VTR:PassengerStopAssignment:3369072" version="1">
              <ScheduledStopPointRef ref="VTR:ScheduledStopPoint:3369072" version="1"/>
              <QuayRef ref="VTR:Quay:28786"/>
            </PassengerStopAssignment>
            <PassengerStopAssignment order="2368300006" id="VTR:PassengerStopAssignment:3369073" version="1">
              <ScheduledStopPointRef ref="VTR:ScheduledStopPoint:3369073" version="1"/>
              <QuayRef ref="VTR:Quay:28702"/>
            </PassengerStopAssignment>
            <PassengerStopAssignment order="2368300007" id="VTR:PassengerStopAssignment:3369074" version="1">
              <ScheduledStopPointRef ref="VTR:ScheduledStopPoint:3369074" version="1"/>
              <QuayRef ref="VTR:Quay:28725"/>
            </PassengerStopAssignment>
            <PassengerStopAssignment order="2368300008" id="VTR:PassengerStopAssignment:3369075" version="1">
              <ScheduledStopPointRef ref="VTR:ScheduledStopPoint:3369075" version="1"/>
              <QuayRef ref="VTR:Quay:28724"/>
            </PassengerStopAssignment>
            <PassengerStopAssignment order="2368300009" id="VTR:PassengerStopAssignment:3369076" version="1">
              <ScheduledStopPointRef ref="VTR:ScheduledStopPoint:3369076" version="1"/>
              <QuayRef ref="VTR:Quay:28727"/>
            </PassengerStopAssignment>
            <PassengerStopAssignment order="2368300010" id="VTR:PassengerStopAssignment:3369077" version="1">
              <ScheduledStopPointRef ref="VTR:ScheduledStopPoint:3369077" version="1"/>
              <QuayRef ref="VTR:Quay:28726"/>
            </PassengerStopAssignment>
            <PassengerStopAssignment order="2368300011" id="VTR:PassengerStopAssignment:3369078" version="1">
              <ScheduledStopPointRef ref="VTR:ScheduledStopPoint:3369078" version="1"/>
              <QuayRef ref="VTR:Quay:28728"/>
            </PassengerStopAssignment>
          </stopAssignments>
          <journeyPatterns>
            <JourneyPattern id="VTR:JourneyPattern:7050697" version="7054283">
              <RouteRef ref="VTR:Route:23683" version="1"/>
              <pointsInSequence>
                <StopPointInJourneyPattern id="VTR:StopPointInJourneyPattern:243357517" version="7054283" order="1">
                  <ScheduledStopPointRef ref="VTR:ScheduledStopPoint:3369079"/>
                  <DestinationDisplayRef ref="VTR:DestinationDisplay:1"/>
                </StopPointInJourneyPattern>
                <StopPointInJourneyPattern id="VTR:StopPointInJourneyPattern:243357518" version="7054283" order="2">
                  <ScheduledStopPointRef ref="VTR:ScheduledStopPoint:3369080"/>
                  <DestinationDisplayRef ref="VTR:DestinationDisplay:1"/>
                </StopPointInJourneyPattern>
                <StopPointInJourneyPattern id="VTR:StopPointInJourneyPattern:243357519" version="7054283" order="3">
                  <ScheduledStopPointRef ref="VTR:ScheduledStopPoint:3369070"/>
                  <DestinationDisplayRef ref="VTR:DestinationDisplay:1"/>
                </StopPointInJourneyPattern>
                <StopPointInJourneyPattern id="VTR:StopPointInJourneyPattern:243357520" version="7054283" order="4">
                  <ScheduledStopPointRef ref="VTR:ScheduledStopPoint:3369071"/>
                  <DestinationDisplayRef ref="VTR:DestinationDisplay:1"/>
                </StopPointInJourneyPattern>
                <StopPointInJourneyPattern id="VTR:StopPointInJourneyPattern:243357521" version="7054283" order="5">
                  <ScheduledStopPointRef ref="VTR:ScheduledStopPoint:3369072"/>
                  <DestinationDisplayRef ref="VTR:DestinationDisplay:1"/>
                </StopPointInJourneyPattern>
                <StopPointInJourneyPattern id="VTR:StopPointInJourneyPattern:243357522" version="7054283" order="6">
                  <ScheduledStopPointRef ref="VTR:ScheduledStopPoint:3369073"/>
                  <DestinationDisplayRef ref="VTR:DestinationDisplay:1"/>
                </StopPointInJourneyPattern>
                <StopPointInJourneyPattern id="VTR:StopPointInJourneyPattern:243357523" version="7054283" order="7">
                  <ScheduledStopPointRef ref="VTR:ScheduledStopPoint:3369074"/>
                  <DestinationDisplayRef ref="VTR:DestinationDisplay:1"/>
                </StopPointInJourneyPattern>
                <StopPointInJourneyPattern id="VTR:StopPointInJourneyPattern:243357524" version="7054283" order="8">
                  <ScheduledStopPointRef ref="VTR:ScheduledStopPoint:3369075"/>
                  <DestinationDisplayRef ref="VTR:DestinationDisplay:1"/>
                </StopPointInJourneyPattern>
                <StopPointInJourneyPattern id="VTR:StopPointInJourneyPattern:243357525" version="7054283" order="9">
                  <ScheduledStopPointRef ref="VTR:ScheduledStopPoint:3369076"/>
                  <DestinationDisplayRef ref="VTR:DestinationDisplay:1"/>
                </StopPointInJourneyPattern>
                <StopPointInJourneyPattern id="VTR:StopPointInJourneyPattern:243357526" version="7054283" order="10">
                  <ScheduledStopPointRef ref="VTR:ScheduledStopPoint:3369077"/>
                  <DestinationDisplayRef ref="VTR:DestinationDisplay:1"/>
                </StopPointInJourneyPattern>
                <StopPointInJourneyPattern id="VTR:StopPointInJourneyPattern:243357527" version="7054283" order="11">
                  <ScheduledStopPointRef ref="VTR:ScheduledStopPoint:3369078"/>
                  <DestinationDisplayRef ref="VTR:DestinationDisplay:1"/>
                </StopPointInJourneyPattern>
              </pointsInSequence>
            </JourneyPattern>
            <JourneyPattern id="VTR:JourneyPattern:7050701" version="7054287">
              <RouteRef ref="VTR:Route:23670" version="1"/>
              <pointsInSequence>
                <StopPointInJourneyPattern id="VTR:StopPointInJourneyPattern:243356983" version="7054287" order="1">
                  <ScheduledStopPointRef ref="VTR:ScheduledStopPoint:3369252"/>
                  <DestinationDisplayRef ref="VTR:DestinationDisplay:1"/>
                </StopPointInJourneyPattern>
                <StopPointInJourneyPattern id="VTR:StopPointInJourneyPattern:243356984" version="7054287" order="2">
                  <ScheduledStopPointRef ref="VTR:ScheduledStopPoint:3369253"/>
                  <DestinationDisplayRef ref="VTR:DestinationDisplay:1"/>
                </StopPointInJourneyPattern>
                <StopPointInJourneyPattern id="VTR:StopPointInJourneyPattern:243356985" version="7054287" order="3">
                  <ScheduledStopPointRef ref="VTR:ScheduledStopPoint:3369254"/>
                  <DestinationDisplayRef ref="VTR:DestinationDisplay:1"/>
                </StopPointInJourneyPattern>
                <StopPointInJourneyPattern id="VTR:StopPointInJourneyPattern:243356986" version="7054287" order="4">
                  <ScheduledStopPointRef ref="VTR:ScheduledStopPoint:3369255"/>
                  <DestinationDisplayRef ref="VTR:DestinationDisplay:1"/>
                </StopPointInJourneyPattern>
                <StopPointInJourneyPattern id="VTR:StopPointInJourneyPattern:243356987" version="7054287" order="5">
                  <ScheduledStopPointRef ref="VTR:ScheduledStopPoint:3369256"/>
                  <DestinationDisplayRef ref="VTR:DestinationDisplay:1"/>
                </StopPointInJourneyPattern>
                <StopPointInJourneyPattern id="VTR:StopPointInJourneyPattern:243356988" version="7054287" order="6">
                  <ScheduledStopPointRef ref="VTR:ScheduledStopPoint:3369257"/>
                  <DestinationDisplayRef ref="VTR:DestinationDisplay:1"/>
                </StopPointInJourneyPattern>
              </pointsInSequence>
            </JourneyPattern>
            <JourneyPattern id="VTR:JourneyPattern:7050691" version="7054277">
              <RouteRef ref="VTR:Route:23670" version="1"/>
              <pointsInSequence>
                <StopPointInJourneyPattern id="VTR:StopPointInJourneyPattern:243356967" version="7054277" order="1">
                  <ScheduledStopPointRef ref="VTR:ScheduledStopPoint:3369252"/>
                  <DestinationDisplayRef ref="VTR:DestinationDisplay:1"/>
                </StopPointInJourneyPattern>
                <StopPointInJourneyPattern id="VTR:StopPointInJourneyPattern:243356968" version="7054277" order="2">
                  <ScheduledStopPointRef ref="VTR:ScheduledStopPoint:3369253"/>
                  <DestinationDisplayRef ref="VTR:DestinationDisplay:1"/>
                </StopPointInJourneyPattern>
                <StopPointInJourneyPattern id="VTR:StopPointInJourneyPattern:243356969" version="7054277" order="3">
                  <ScheduledStopPointRef ref="VTR:ScheduledStopPoint:3369254"/>
                  <DestinationDisplayRef ref="VTR:DestinationDisplay:1"/>
                </StopPointInJourneyPattern>
                <StopPointInJourneyPattern id="VTR:StopPointInJourneyPattern:243356970" version="7054277" order="4">
                  <ScheduledStopPointRef ref="VTR:ScheduledStopPoint:3369255"/>
                  <DestinationDisplayRef ref="VTR:DestinationDisplay:1"/>
                </StopPointInJourneyPattern>
                <StopPointInJourneyPattern id="VTR:StopPointInJourneyPattern:243356971" version="7054277" order="5">
                  <ScheduledStopPointRef ref="VTR:ScheduledStopPoint:3369256"/>
                  <DestinationDisplayRef ref="VTR:DestinationDisplay:1"/>
                </StopPointInJourneyPattern>
                <StopPointInJourneyPattern id="VTR:StopPointInJourneyPattern:243356972" version="7054277" order="6">
                  <ScheduledStopPointRef ref="VTR:ScheduledStopPoint:3369257"/>
                  <DestinationDisplayRef ref="VTR:DestinationDisplay:1"/>
                </StopPointInJourneyPattern>
              </pointsInSequence>
            </JourneyPattern>
            <JourneyPattern id="VTR:JourneyPattern:7050699" version="7054285">
              <RouteRef ref="VTR:Route:23670" version="1"/>
              <pointsInSequence>
                <StopPointInJourneyPattern id="VTR:StopPointInJourneyPattern:243356973" version="7054285" order="1">
                  <ScheduledStopPointRef ref="VTR:ScheduledStopPoint:3369252"/>
                  <DestinationDisplayRef ref="VTR:DestinationDisplay:1"/>
                </StopPointInJourneyPattern>
                <StopPointInJourneyPattern id="VTR:StopPointInJourneyPattern:243356974" version="7054285" order="2">
                  <ScheduledStopPointRef ref="VTR:ScheduledStopPoint:3369253"/>
                  <DestinationDisplayRef ref="VTR:DestinationDisplay:1"/>
                </StopPointInJourneyPattern>
                <StopPointInJourneyPattern id="VTR:StopPointInJourneyPattern:243356975" version="7054285" order="3">
                  <ScheduledStopPointRef ref="VTR:ScheduledStopPoint:3369254"/>
                  <DestinationDisplayRef ref="VTR:DestinationDisplay:1"/>
                </StopPointInJourneyPattern>
                <StopPointInJourneyPattern id="VTR:StopPointInJourneyPattern:243356980" version="7054285" order="4">
                  <ScheduledStopPointRef ref="VTR:ScheduledStopPoint:3369255"/>
                  <DestinationDisplayRef ref="VTR:DestinationDisplay:1"/>
                </StopPointInJourneyPattern>
                <StopPointInJourneyPattern id="VTR:StopPointInJourneyPattern:243356981" version="7054285" order="5">
                  <ScheduledStopPointRef ref="VTR:ScheduledStopPoint:3369256"/>
                  <DestinationDisplayRef ref="VTR:DestinationDisplay:1"/>
                </StopPointInJourneyPattern>
                <StopPointInJourneyPattern id="VTR:StopPointInJourneyPattern:243356982" version="7054285" order="6">
                  <ScheduledStopPointRef ref="VTR:ScheduledStopPoint:3369257"/>
                  <DestinationDisplayRef ref="VTR:DestinationDisplay:1"/>
                </StopPointInJourneyPattern>
              </pointsInSequence>
            </JourneyPattern>
            <JourneyPattern id="VTR:JourneyPattern:7050694" version="7054280">
              <RouteRef ref="VTR:Route:23683" version="1"/>
              <pointsInSequence>
                <StopPointInJourneyPattern id="VTR:StopPointInJourneyPattern:243357528" version="7054280" order="1">
                  <ScheduledStopPointRef ref="VTR:ScheduledStopPoint:3369079"/>
                  <DestinationDisplayRef ref="VTR:DestinationDisplay:1"/>
                </StopPointInJourneyPattern>
                <StopPointInJourneyPattern id="VTR:StopPointInJourneyPattern:243357529" version="7054280" order="2">
                  <ScheduledStopPointRef ref="VTR:ScheduledStopPoint:3369080"/>
                  <DestinationDisplayRef ref="VTR:DestinationDisplay:1"/>
                </StopPointInJourneyPattern>
                <StopPointInJourneyPattern id="VTR:StopPointInJourneyPattern:243357530" version="7054280" order="3">
                  <ScheduledStopPointRef ref="VTR:ScheduledStopPoint:3369070"/>
                  <DestinationDisplayRef ref="VTR:DestinationDisplay:1"/>
                </StopPointInJourneyPattern>
                <StopPointInJourneyPattern id="VTR:StopPointInJourneyPattern:243357531" version="7054280" order="4">
                  <ScheduledStopPointRef ref="VTR:ScheduledStopPoint:3369071"/>
                  <DestinationDisplayRef ref="VTR:DestinationDisplay:1"/>
                </StopPointInJourneyPattern>
                <StopPointInJourneyPattern id="VTR:StopPointInJourneyPattern:243357532" version="7054280" order="5">
                  <ScheduledStopPointRef ref="VTR:ScheduledStopPoint:3369072"/>
                  <DestinationDisplayRef ref="VTR:DestinationDisplay:1"/>
                </StopPointInJourneyPattern>
                <StopPointInJourneyPattern id="VTR:StopPointInJourneyPattern:243357533" version="7054280" order="6">
                  <ScheduledStopPointRef ref="VTR:ScheduledStopPoint:3369073"/>
                  <DestinationDisplayRef ref="VTR:DestinationDisplay:1"/>
                </StopPointInJourneyPattern>
                <StopPointInJourneyPattern id="VTR:StopPointInJourneyPattern:243357534" version="7054280" order="7">
                  <ScheduledStopPointRef ref="VTR:ScheduledStopPoint:3369074"/>
                  <DestinationDisplayRef ref="VTR:DestinationDisplay:1"/>
                </StopPointInJourneyPattern>
                <StopPointInJourneyPattern id="VTR:StopPointInJourneyPattern:243357535" version="7054280" order="8">
                  <ScheduledStopPointRef ref="VTR:ScheduledStopPoint:3369075"/>
                  <DestinationDisplayRef ref="VTR:DestinationDisplay:1"/>
                </StopPointInJourneyPattern>
                <StopPointInJourneyPattern id="VTR:StopPointInJourneyPattern:243357536" version="7054280" order="9">
                  <ScheduledStopPointRef ref="VTR:ScheduledStopPoint:3369076"/>
                  <DestinationDisplayRef ref="VTR:DestinationDisplay:1"/>
                </StopPointInJourneyPattern>
                <StopPointInJourneyPattern id="VTR:StopPointInJourneyPattern:243357537" version="7054280" order="10">
                  <ScheduledStopPointRef ref="VTR:ScheduledStopPoint:3369077"/>
                  <DestinationDisplayRef ref="VTR:DestinationDisplay:1"/>
                </StopPointInJourneyPattern>
                <StopPointInJourneyPattern id="VTR:StopPointInJourneyPattern:243357538" version="7054280" order="11">
                  <ScheduledStopPointRef ref="VTR:ScheduledStopPoint:3369078"/>
                  <DestinationDisplayRef ref="VTR:DestinationDisplay:1"/>
                </StopPointInJourneyPattern>
              </pointsInSequence>
            </JourneyPattern>
            <JourneyPattern id="VTR:JourneyPattern:7049706" version="7053292">
              <RouteRef ref="VTR:Route:23670" version="1"/>
              <pointsInSequence>
                <StopPointInJourneyPattern id="VTR:StopPointInJourneyPattern:243356961" version="7053292" order="1">
                  <ScheduledStopPointRef ref="VTR:ScheduledStopPoint:3369252"/>
                  <DestinationDisplayRef ref="VTR:DestinationDisplay:1"/>
                </StopPointInJourneyPattern>
                <StopPointInJourneyPattern id="VTR:StopPointInJourneyPattern:243356962" version="7053292" order="2">
                  <ScheduledStopPointRef ref="VTR:ScheduledStopPoint:3369253"/>
                  <DestinationDisplayRef ref="VTR:DestinationDisplay:1"/>
                </StopPointInJourneyPattern>
                <StopPointInJourneyPattern id="VTR:StopPointInJourneyPattern:243356963" version="7053292" order="3">
                  <ScheduledStopPointRef ref="VTR:ScheduledStopPoint:3369254"/>
                  <DestinationDisplayRef ref="VTR:DestinationDisplay:1"/>
                </StopPointInJourneyPattern>
                <StopPointInJourneyPattern id="VTR:StopPointInJourneyPattern:243356964" version="7053292" order="4">
                  <ScheduledStopPointRef ref="VTR:ScheduledStopPoint:3369255"/>
                  <DestinationDisplayRef ref="VTR:DestinationDisplay:1"/>
                </StopPointInJourneyPattern>
                <StopPointInJourneyPattern id="VTR:StopPointInJourneyPattern:243356965" version="7053292" order="5">
                  <ScheduledStopPointRef ref="VTR:ScheduledStopPoint:3369256"/>
                  <DestinationDisplayRef ref="VTR:DestinationDisplay:1"/>
                </StopPointInJourneyPattern>
                <StopPointInJourneyPattern id="VTR:StopPointInJourneyPattern:243356966" version="7053292" order="6">
                  <ScheduledStopPointRef ref="VTR:ScheduledStopPoint:3369257"/>
                  <DestinationDisplayRef ref="VTR:DestinationDisplay:1"/>
                </StopPointInJourneyPattern>
              </pointsInSequence>
            </JourneyPattern>
            <JourneyPattern id="VTR:JourneyPattern:7050696" version="7054282">
              <RouteRef ref="VTR:Route:23683" version="1"/>
              <pointsInSequence>
                <StopPointInJourneyPattern id="VTR:StopPointInJourneyPattern:243356989" version="7054282" order="1">
                  <ScheduledStopPointRef ref="VTR:ScheduledStopPoint:3369079"/>
                  <DestinationDisplayRef ref="VTR:DestinationDisplay:1"/>
                </StopPointInJourneyPattern>
                <StopPointInJourneyPattern id="VTR:StopPointInJourneyPattern:243356990" version="7054282" order="2">
                  <ScheduledStopPointRef ref="VTR:ScheduledStopPoint:3369080"/>
                  <DestinationDisplayRef ref="VTR:DestinationDisplay:1"/>
                </StopPointInJourneyPattern>
                <StopPointInJourneyPattern id="VTR:StopPointInJourneyPattern:243356991" version="7054282" order="3">
                  <ScheduledStopPointRef ref="VTR:ScheduledStopPoint:3369070"/>
                  <DestinationDisplayRef ref="VTR:DestinationDisplay:1"/>
                </StopPointInJourneyPattern>
                <StopPointInJourneyPattern id="VTR:StopPointInJourneyPattern:243356992" version="7054282" order="4">
                  <ScheduledStopPointRef ref="VTR:ScheduledStopPoint:3369071"/>
                  <DestinationDisplayRef ref="VTR:DestinationDisplay:1"/>
                </StopPointInJourneyPattern>
                <StopPointInJourneyPattern id="VTR:StopPointInJourneyPattern:243356993" version="7054282" order="5">
                  <ScheduledStopPointRef ref="VTR:ScheduledStopPoint:3369072"/>
                  <DestinationDisplayRef ref="VTR:DestinationDisplay:1"/>
                </StopPointInJourneyPattern>
                <StopPointInJourneyPattern id="VTR:StopPointInJourneyPattern:243356994" version="7054282" order="6">
                  <ScheduledStopPointRef ref="VTR:ScheduledStopPoint:3369073"/>
                  <DestinationDisplayRef ref="VTR:DestinationDisplay:1"/>
                </StopPointInJourneyPattern>
                <StopPointInJourneyPattern id="VTR:StopPointInJourneyPattern:243356995" version="7054282" order="7">
                  <ScheduledStopPointRef ref="VTR:ScheduledStopPoint:3369074"/>
                  <DestinationDisplayRef ref="VTR:DestinationDisplay:1"/>
                </StopPointInJourneyPattern>
                <StopPointInJourneyPattern id="VTR:StopPointInJourneyPattern:243357563" version="7054282" order="8">
                  <ScheduledStopPointRef ref="VTR:ScheduledStopPoint:3369075"/>
                  <DestinationDisplayRef ref="VTR:DestinationDisplay:1"/>
                </StopPointInJourneyPattern>
                <StopPointInJourneyPattern id="VTR:StopPointInJourneyPattern:243357564" version="7054282" order="9">
                  <ScheduledStopPointRef ref="VTR:ScheduledStopPoint:3369076"/>
                  <DestinationDisplayRef ref="VTR:DestinationDisplay:1"/>
                </StopPointInJourneyPattern>
                <StopPointInJourneyPattern id="VTR:StopPointInJourneyPattern:243357565" version="7054282" order="10">
                  <ScheduledStopPointRef ref="VTR:ScheduledStopPoint:3369077"/>
                  <DestinationDisplayRef ref="VTR:DestinationDisplay:1"/>
                </StopPointInJourneyPattern>
                <StopPointInJourneyPattern id="VTR:StopPointInJourneyPattern:243357566" version="7054282" order="11">
                  <ScheduledStopPointRef ref="VTR:ScheduledStopPoint:3369078"/>
                  <DestinationDisplayRef ref="VTR:DestinationDisplay:1"/>
                </StopPointInJourneyPattern>
              </pointsInSequence>
            </JourneyPattern>
          </journeyPatterns>
        </ServiceFrame>
        <TimetableFrame version="1" id="VTR:TimetableFrame:1351">
          <vehicleJourneys>
            <ServiceJourney version="7054277" id="VTR:ServiceJourney:7050691">
              <Name>siauliai_minibus_P7_a-b</Name>
              <dayTypes>
                <DayTypeRef ref="VTR:DayType:39097"/>
              </dayTypes>
              <JourneyPatternRef version="7054277" ref="VTR:JourneyPattern:7050691"/>
              <OperatorRef ref="VTR:Operator:448"/>
              <LineRef ref="VTR:Line:8423" version="11077"/>
              <passingTimes>
                <TimetabledPassingTime version="7054277" id="VTR:TimetabledPassingTime:7050691_243356967_1">
                  <StopPointInJourneyPatternRef ref="VTR:StopPointInJourneyPattern:243356967" version="7054277"/>
                  <DepartureTime>08:12:00</DepartureTime>
                  <DepartureDayOffset>0</DepartureDayOffset>
                </TimetabledPassingTime>
                <TimetabledPassingTime version="7054277" id="VTR:TimetabledPassingTime:7050691_243356968_2">
                  <StopPointInJourneyPatternRef ref="VTR:StopPointInJourneyPattern:243356968" version="7054277"/>
                  <DepartureTime>08:13:00</DepartureTime>
                  <DepartureDayOffset>0</DepartureDayOffset>
                </TimetabledPassingTime>
                <TimetabledPassingTime version="7054277" id="VTR:TimetabledPassingTime:7050691_243356969_3">
                  <StopPointInJourneyPatternRef ref="VTR:StopPointInJourneyPattern:243356969" version="7054277"/>
                  <DepartureTime>08:14:00</DepartureTime>
                  <DepartureDayOffset>0</DepartureDayOffset>
                </TimetabledPassingTime>
                <TimetabledPassingTime version="7054277" id="VTR:TimetabledPassingTime:7050691_243356970_4">
                  <StopPointInJourneyPatternRef ref="VTR:StopPointInJourneyPattern:243356970" version="7054277"/>
                  <DepartureTime>08:15:00</DepartureTime>
                  <DepartureDayOffset>0</DepartureDayOffset>
                </TimetabledPassingTime>
                <TimetabledPassingTime version="7054277" id="VTR:TimetabledPassingTime:7050691_243356971_5">
                  <StopPointInJourneyPatternRef ref="VTR:StopPointInJourneyPattern:243356971" version="7054277"/>
                  <DepartureTime>08:16:00</DepartureTime>
                  <DepartureDayOffset>0</DepartureDayOffset>
                </TimetabledPassingTime>
                <TimetabledPassingTime version="7054277" id="VTR:TimetabledPassingTime:7050691_243356972_6">
                  <StopPointInJourneyPatternRef ref="VTR:StopPointInJourneyPattern:243356972" version="7054277"/>
                  <DepartureTime>08:18:00</DepartureTime>
                  <DepartureDayOffset>0</DepartureDayOffset>
                </TimetabledPassingTime>
              </passingTimes>
            </ServiceJourney>
            <ServiceJourney version="7053292" id="VTR:ServiceJourney:7049706">
              <Name>siauliai_minibus_P7_a-b</Name>
              <dayTypes>
                <DayTypeRef ref="VTR:DayType:39097"/>
              </dayTypes>
              <JourneyPatternRef version="7053292" ref="VTR:JourneyPattern:7049706"/>
              <OperatorRef ref="VTR:Operator:448"/>
              <LineRef ref="VTR:Line:8423" version="11077"/>
              <passingTimes>
                <TimetabledPassingTime version="7053292" id="VTR:TimetabledPassingTime:7049706_243356961_1">
                  <StopPointInJourneyPatternRef ref="VTR:StopPointInJourneyPattern:243356961" version="7053292"/>
                  <DepartureTime>06:35:00</DepartureTime>
                  <DepartureDayOffset>0</DepartureDayOffset>
                </TimetabledPassingTime>
                <TimetabledPassingTime version="7053292" id="VTR:TimetabledPassingTime:7049706_243356962_2">
                  <StopPointInJourneyPatternRef ref="VTR:StopPointInJourneyPattern:243356962" version="7053292"/>
                  <DepartureTime>06:36:00</DepartureTime>
                  <DepartureDayOffset>0</DepartureDayOffset>
                </TimetabledPassingTime>
                <TimetabledPassingTime version="7053292" id="VTR:TimetabledPassingTime:7049706_243356963_3">
                  <StopPointInJourneyPatternRef ref="VTR:StopPointInJourneyPattern:243356963" version="7053292"/>
                  <DepartureTime>06:37:00</DepartureTime>
                  <DepartureDayOffset>0</DepartureDayOffset>
                </TimetabledPassingTime>
                <TimetabledPassingTime version="7053292" id="VTR:TimetabledPassingTime:7049706_243356964_4">
                  <StopPointInJourneyPatternRef ref="VTR:StopPointInJourneyPattern:243356964" version="7053292"/>
                  <DepartureTime>06:38:00</DepartureTime>
                  <DepartureDayOffset>0</DepartureDayOffset>
                </TimetabledPassingTime>
                <TimetabledPassingTime version="7053292" id="VTR:TimetabledPassingTime:7049706_243356965_5">
                  <StopPointInJourneyPatternRef ref="VTR:StopPointInJourneyPattern:243356965" version="7053292"/>
                  <DepartureTime>06:39:00</DepartureTime>
                  <DepartureDayOffset>0</DepartureDayOffset>
                </TimetabledPassingTime>
                <TimetabledPassingTime version="7053292" id="VTR:TimetabledPassingTime:7049706_243356966_6">
                  <StopPointInJourneyPatternRef ref="VTR:StopPointInJourneyPattern:243356966" version="7053292"/>
                  <DepartureTime>06:41:00</DepartureTime>
                  <DepartureDayOffset>0</DepartureDayOffset>
                </TimetabledPassingTime>
              </passingTimes>
            </ServiceJourney>
            <ServiceJourney version="7054282" id="VTR:ServiceJourney:7050696">
              <Name>siauliai_minibus_P7_b-a</Name>
              <dayTypes>
                <DayTypeRef ref="VTR:DayType:39097"/>
              </dayTypes>
              <JourneyPatternRef version="7054282" ref="VTR:JourneyPattern:7050696"/>
              <OperatorRef ref="VTR:Operator:448"/>
              <LineRef ref="VTR:Line:8423" version="11077"/>
              <passingTimes>
                <TimetabledPassingTime version="7054282" id="VTR:TimetabledPassingTime:7050696_243356989_1">
                  <StopPointInJourneyPatternRef ref="VTR:StopPointInJourneyPattern:243356989" version="7054282"/>
                  <DepartureTime>08:00:00</DepartureTime>
                  <DepartureDayOffset>0</DepartureDayOffset>
                </TimetabledPassingTime>
                <TimetabledPassingTime version="7054282" id="VTR:TimetabledPassingTime:7050696_243356990_2">
                  <StopPointInJourneyPatternRef ref="VTR:StopPointInJourneyPattern:243356990" version="7054282"/>
                  <DepartureTime>08:01:00</DepartureTime>
                  <DepartureDayOffset>0</DepartureDayOffset>
                </TimetabledPassingTime>
                <TimetabledPassingTime version="7054282" id="VTR:TimetabledPassingTime:7050696_243356991_3">
                  <StopPointInJourneyPatternRef ref="VTR:StopPointInJourneyPattern:243356991" version="7054282"/>
                  <DepartureTime>08:02:00</DepartureTime>
                  <DepartureDayOffset>0</DepartureDayOffset>
                </TimetabledPassingTime>
                <TimetabledPassingTime version="7054282" id="VTR:TimetabledPassingTime:7050696_243356992_4">
                  <StopPointInJourneyPatternRef ref="VTR:StopPointInJourneyPattern:243356992" version="7054282"/>
                  <DepartureTime>08:03:00</DepartureTime>
                  <DepartureDayOffset>0</DepartureDayOffset>
                </TimetabledPassingTime>
                <TimetabledPassingTime version="7054282" id="VTR:TimetabledPassingTime:7050696_243356993_5">
                  <StopPointInJourneyPatternRef ref="VTR:StopPointInJourneyPattern:243356993" version="7054282"/>
                  <DepartureTime>08:04:00</DepartureTime>
                  <DepartureDayOffset>0</DepartureDayOffset>
                </TimetabledPassingTime>
                <TimetabledPassingTime version="7054282" id="VTR:TimetabledPassingTime:7050696_243356994_6">
                  <StopPointInJourneyPatternRef ref="VTR:StopPointInJourneyPattern:243356994" version="7054282"/>
                  <DepartureTime>08:05:00</DepartureTime>
                  <DepartureDayOffset>0</DepartureDayOffset>
                </TimetabledPassingTime>
                <TimetabledPassingTime version="7054282" id="VTR:TimetabledPassingTime:7050696_243356995_7">
                  <StopPointInJourneyPatternRef ref="VTR:StopPointInJourneyPattern:243356995" version="7054282"/>
                  <DepartureTime>08:06:00</DepartureTime>
                  <DepartureDayOffset>0</DepartureDayOffset>
                </TimetabledPassingTime>
                <TimetabledPassingTime version="7054282" id="VTR:TimetabledPassingTime:7050696_243357563_8">
                  <StopPointInJourneyPatternRef ref="VTR:StopPointInJourneyPattern:243357563" version="7054282"/>
                  <DepartureTime>08:07:00</DepartureTime>
                  <DepartureDayOffset>0</DepartureDayOffset>
                </TimetabledPassingTime>
                <TimetabledPassingTime version="7054282" id="VTR:TimetabledPassingTime:7050696_243357564_9">
                  <StopPointInJourneyPatternRef ref="VTR:StopPointInJourneyPattern:243357564" version="7054282"/>
                  <DepartureTime>08:08:00</DepartureTime>
                  <DepartureDayOffset>0</DepartureDayOffset>
                </TimetabledPassingTime>
                <TimetabledPassingTime version="7054282" id="VTR:TimetabledPassingTime:7050696_243357565_10">
                  <StopPointInJourneyPatternRef ref="VTR:StopPointInJourneyPattern:243357565" version="7054282"/>
                  <DepartureTime>08:09:00</DepartureTime>
                  <DepartureDayOffset>0</DepartureDayOffset>
                </TimetabledPassingTime>
                <TimetabledPassingTime version="7054282" id="VTR:TimetabledPassingTime:7050696_243357566_11">
                  <StopPointInJourneyPatternRef ref="VTR:StopPointInJourneyPattern:243357566" version="7054282"/>
                  <DepartureTime>08:10:00</DepartureTime>
                  <DepartureDayOffset>0</DepartureDayOffset>
                </TimetabledPassingTime>
              </passingTimes>
            </ServiceJourney>
            <ServiceJourney version="7054283" id="VTR:ServiceJourney:7050697">
              <Name>siauliai_minibus_P7_b-a</Name>
              <dayTypes>
                <DayTypeRef ref="VTR:DayType:39097"/>
              </dayTypes>
              <JourneyPatternRef version="7054283" ref="VTR:JourneyPattern:7050697"/>
              <OperatorRef ref="VTR:Operator:448"/>
              <LineRef ref="VTR:Line:8423" version="11077"/>
              <passingTimes>
                <TimetabledPassingTime version="7054283" id="VTR:TimetabledPassingTime:7050697_243357517_1">
                  <StopPointInJourneyPatternRef ref="VTR:StopPointInJourneyPattern:243357517" version="7054283"/>
                  <DepartureTime>08:52:00</DepartureTime>
                  <DepartureDayOffset>0</DepartureDayOffset>
                </TimetabledPassingTime>
                <TimetabledPassingTime version="7054283" id="VTR:TimetabledPassingTime:7050697_243357518_2">
                  <StopPointInJourneyPatternRef ref="VTR:StopPointInJourneyPattern:243357518" version="7054283"/>
                  <DepartureTime>08:53:00</DepartureTime>
                  <DepartureDayOffset>0</DepartureDayOffset>
                </TimetabledPassingTime>
                <TimetabledPassingTime version="7054283" id="VTR:TimetabledPassingTime:7050697_243357519_3">
                  <StopPointInJourneyPatternRef ref="VTR:StopPointInJourneyPattern:243357519" version="7054283"/>
                  <DepartureTime>08:54:00</DepartureTime>
                  <DepartureDayOffset>0</DepartureDayOffset>
                </TimetabledPassingTime>
                <TimetabledPassingTime version="7054283" id="VTR:TimetabledPassingTime:7050697_243357520_4">
                  <StopPointInJourneyPatternRef ref="VTR:StopPointInJourneyPattern:243357520" version="7054283"/>
                  <DepartureTime>08:55:00</DepartureTime>
                  <DepartureDayOffset>0</DepartureDayOffset>
                </TimetabledPassingTime>
                <TimetabledPassingTime version="7054283" id="VTR:TimetabledPassingTime:7050697_243357521_5">
                  <StopPointInJourneyPatternRef ref="VTR:StopPointInJourneyPattern:243357521" version="7054283"/>
                  <DepartureTime>08:56:00</DepartureTime>
                  <DepartureDayOffset>0</DepartureDayOffset>
                </TimetabledPassingTime>
                <TimetabledPassingTime version="7054283" id="VTR:TimetabledPassingTime:7050697_243357522_6">
                  <StopPointInJourneyPatternRef ref="VTR:StopPointInJourneyPattern:243357522" version="7054283"/>
                  <DepartureTime>08:57:00</DepartureTime>
                  <DepartureDayOffset>0</DepartureDayOffset>
                </TimetabledPassingTime>
                <TimetabledPassingTime version="7054283" id="VTR:TimetabledPassingTime:7050697_243357523_7">
                  <StopPointInJourneyPatternRef ref="VTR:StopPointInJourneyPattern:243357523" version="7054283"/>
                  <DepartureTime>08:58:00</DepartureTime>
                  <DepartureDayOffset>0</DepartureDayOffset>
                </TimetabledPassingTime>
                <TimetabledPassingTime version="7054283" id="VTR:TimetabledPassingTime:7050697_243357524_8">
                  <StopPointInJourneyPatternRef ref="VTR:StopPointInJourneyPattern:243357524" version="7054283"/>
                  <DepartureTime>08:59:00</DepartureTime>
                  <DepartureDayOffset>0</DepartureDayOffset>
                </TimetabledPassingTime>
                <TimetabledPassingTime version="7054283" id="VTR:TimetabledPassingTime:7050697_243357525_9">
                  <StopPointInJourneyPatternRef ref="VTR:StopPointInJourneyPattern:243357525" version="7054283"/>
                  <DepartureTime>09:00:00</DepartureTime>
                  <DepartureDayOffset>0</DepartureDayOffset>
                </TimetabledPassingTime>
                <TimetabledPassingTime version="7054283" id="VTR:TimetabledPassingTime:7050697_243357526_10">
                  <StopPointInJourneyPatternRef ref="VTR:StopPointInJourneyPattern:243357526" version="7054283"/>
                  <DepartureTime>09:01:00</DepartureTime>
                  <DepartureDayOffset>0</DepartureDayOffset>
                </TimetabledPassingTime>
                <TimetabledPassingTime version="7054283" id="VTR:TimetabledPassingTime:7050697_243357527_11">
                  <StopPointInJourneyPatternRef ref="VTR:StopPointInJourneyPattern:243357527" version="7054283"/>
                  <DepartureTime>09:02:00</DepartureTime>
                  <DepartureDayOffset>0</DepartureDayOffset>
                </TimetabledPassingTime>
              </passingTimes>
            </ServiceJourney>
            <ServiceJourney version="7054287" id="VTR:ServiceJourney:7050701">
              <Name>siauliai_minibus_P7_a-b</Name>
              <dayTypes>
                <DayTypeRef ref="VTR:DayType:39097"/>
              </dayTypes>
              <JourneyPatternRef version="7054287" ref="VTR:JourneyPattern:7050701"/>
              <OperatorRef ref="VTR:Operator:448"/>
              <LineRef ref="VTR:Line:8423" version="11077"/>
              <passingTimes>
                <TimetabledPassingTime version="7054287" id="VTR:TimetabledPassingTime:7050701_243356983_1">
                  <StopPointInJourneyPatternRef ref="VTR:StopPointInJourneyPattern:243356983" version="7054287"/>
                  <DepartureTime>14:36:00</DepartureTime>
                  <DepartureDayOffset>0</DepartureDayOffset>
                </TimetabledPassingTime>
                <TimetabledPassingTime version="7054287" id="VTR:TimetabledPassingTime:7050701_243356984_2">
                  <StopPointInJourneyPatternRef ref="VTR:StopPointInJourneyPattern:243356984" version="7054287"/>
                  <DepartureTime>14:37:00</DepartureTime>
                  <DepartureDayOffset>0</DepartureDayOffset>
                </TimetabledPassingTime>
                <TimetabledPassingTime version="7054287" id="VTR:TimetabledPassingTime:7050701_243356985_3">
                  <StopPointInJourneyPatternRef ref="VTR:StopPointInJourneyPattern:243356985" version="7054287"/>
                  <DepartureTime>14:37:00</DepartureTime>
                  <DepartureDayOffset>0</DepartureDayOffset>
                </TimetabledPassingTime>
                <TimetabledPassingTime version="7054287" id="VTR:TimetabledPassingTime:7050701_243356986_4">
                  <StopPointInJourneyPatternRef ref="VTR:StopPointInJourneyPattern:243356986" version="7054287"/>
                  <DepartureTime>14:39:00</DepartureTime>
                  <DepartureDayOffset>0</DepartureDayOffset>
                </TimetabledPassingTime>
                <TimetabledPassingTime version="7054287" id="VTR:TimetabledPassingTime:7050701_243356987_5">
                  <StopPointInJourneyPatternRef ref="VTR:StopPointInJourneyPattern:243356987" version="7054287"/>
                  <DepartureTime>14:40:00</DepartureTime>
                  <DepartureDayOffset>0</DepartureDayOffset>
                </TimetabledPassingTime>
                <TimetabledPassingTime version="7054287" id="VTR:TimetabledPassingTime:7050701_243356988_6">
                  <StopPointInJourneyPatternRef ref="VTR:StopPointInJourneyPattern:243356988" version="7054287"/>
                  <DepartureTime>14:42:00</DepartureTime>
                  <DepartureDayOffset>0</DepartureDayOffset>
                </TimetabledPassingTime>
              </passingTimes>
            </ServiceJourney>
            <ServiceJourney version="7054285" id="VTR:ServiceJourney:7050699">
              <Name>siauliai_minibus_P7_a-b</Name>
              <dayTypes>
                <DayTypeRef ref="VTR:DayType:39097"/>
              </dayTypes>
              <JourneyPatternRef version="7054285" ref="VTR:JourneyPattern:7050699"/>
              <OperatorRef ref="VTR:Operator:448"/>
              <LineRef ref="VTR:Line:8423" version="11077"/>
              <passingTimes>
                <TimetabledPassingTime version="7054285" id="VTR:TimetabledPassingTime:7050699_243356973_1">
                  <StopPointInJourneyPatternRef ref="VTR:StopPointInJourneyPattern:243356973" version="7054285"/>
                  <DepartureTime>09:06:00</DepartureTime>
                  <DepartureDayOffset>0</DepartureDayOffset>
                </TimetabledPassingTime>
                <TimetabledPassingTime version="7054285" id="VTR:TimetabledPassingTime:7050699_243356974_2">
                  <StopPointInJourneyPatternRef ref="VTR:StopPointInJourneyPattern:243356974" version="7054285"/>
                  <DepartureTime>09:07:00</DepartureTime>
                  <DepartureDayOffset>0</DepartureDayOffset>
                </TimetabledPassingTime>
                <TimetabledPassingTime version="7054285" id="VTR:TimetabledPassingTime:7050699_243356975_3">
                  <StopPointInJourneyPatternRef ref="VTR:StopPointInJourneyPattern:243356975" version="7054285"/>
                  <DepartureTime>09:08:00</DepartureTime>
                  <DepartureDayOffset>0</DepartureDayOffset>
                </TimetabledPassingTime>
                <TimetabledPassingTime version="7054285" id="VTR:TimetabledPassingTime:7050699_243356980_4">
                  <StopPointInJourneyPatternRef ref="VTR:StopPointInJourneyPattern:243356980" version="7054285"/>
                  <DepartureTime>09:09:00</DepartureTime>
                  <DepartureDayOffset>0</DepartureDayOffset>
                </TimetabledPassingTime>
                <TimetabledPassingTime version="7054285" id="VTR:TimetabledPassingTime:7050699_243356981_5">
                  <StopPointInJourneyPatternRef ref="VTR:StopPointInJourneyPattern:243356981" version="7054285"/>
                  <DepartureTime>09:10:00</DepartureTime>
                  <DepartureDayOffset>0</DepartureDayOffset>
                </TimetabledPassingTime>
                <TimetabledPassingTime version="7054285" id="VTR:TimetabledPassingTime:7050699_243356982_6">
                  <StopPointInJourneyPatternRef ref="VTR:StopPointInJourneyPattern:243356982" version="7054285"/>
                  <DepartureTime>09:12:00</DepartureTime>
                  <DepartureDayOffset>0</DepartureDayOffset>
                </TimetabledPassingTime>
              </passingTimes>
            </ServiceJourney>
            <ServiceJourney version="7054280" id="VTR:ServiceJourney:7050694">
              <Name>siauliai_minibus_P7_b-a</Name>
              <dayTypes>
                <DayTypeRef ref="VTR:DayType:39097"/>
              </dayTypes>
              <JourneyPatternRef version="7054280" ref="VTR:JourneyPattern:7050694"/>
              <OperatorRef ref="VTR:Operator:448"/>
              <LineRef ref="VTR:Line:8423" version="11077"/>
              <passingTimes>
                <TimetabledPassingTime version="7054280" id="VTR:TimetabledPassingTime:7050694_243357528_1">
                  <StopPointInJourneyPatternRef ref="VTR:StopPointInJourneyPattern:243357528" version="7054280"/>
                  <DepartureTime>14:21:00</DepartureTime>
                  <DepartureDayOffset>0</DepartureDayOffset>
                </TimetabledPassingTime>
                <TimetabledPassingTime version="7054280" id="VTR:TimetabledPassingTime:7050694_243357529_2">
                  <StopPointInJourneyPatternRef ref="VTR:StopPointInJourneyPattern:243357529" version="7054280"/>
                  <DepartureTime>14:22:00</DepartureTime>
                  <DepartureDayOffset>0</DepartureDayOffset>
                </TimetabledPassingTime>
                <TimetabledPassingTime version="7054280" id="VTR:TimetabledPassingTime:7050694_243357530_3">
                  <StopPointInJourneyPatternRef ref="VTR:StopPointInJourneyPattern:243357530" version="7054280"/>
                  <DepartureTime>14:23:00</DepartureTime>
                  <DepartureDayOffset>0</DepartureDayOffset>
                </TimetabledPassingTime>
                <TimetabledPassingTime version="7054280" id="VTR:TimetabledPassingTime:7050694_243357531_4">
                  <StopPointInJourneyPatternRef ref="VTR:StopPointInJourneyPattern:243357531" version="7054280"/>
                  <DepartureTime>14:24:00</DepartureTime>
                  <DepartureDayOffset>0</DepartureDayOffset>
                </TimetabledPassingTime>
                <TimetabledPassingTime version="7054280" id="VTR:TimetabledPassingTime:7050694_243357532_5">
                  <StopPointInJourneyPatternRef ref="VTR:StopPointInJourneyPattern:243357532" version="7054280"/>
                  <DepartureTime>14:25:00</DepartureTime>
                  <DepartureDayOffset>0</DepartureDayOffset>
                </TimetabledPassingTime>
                <TimetabledPassingTime version="7054280" id="VTR:TimetabledPassingTime:7050694_243357533_6">
                  <StopPointInJourneyPatternRef ref="VTR:StopPointInJourneyPattern:243357533" version="7054280"/>
                  <DepartureTime>14:26:00</DepartureTime>
                  <DepartureDayOffset>0</DepartureDayOffset>
                </TimetabledPassingTime>
                <TimetabledPassingTime version="7054280" id="VTR:TimetabledPassingTime:7050694_243357534_7">
                  <StopPointInJourneyPatternRef ref="VTR:StopPointInJourneyPattern:243357534" version="7054280"/>
                  <DepartureTime>14:27:00</DepartureTime>
                  <DepartureDayOffset>0</DepartureDayOffset>
                </TimetabledPassingTime>
                <TimetabledPassingTime version="7054280" id="VTR:TimetabledPassingTime:7050694_243357535_8">
                  <StopPointInJourneyPatternRef ref="VTR:StopPointInJourneyPattern:243357535" version="7054280"/>
                  <DepartureTime>14:28:00</DepartureTime>
                  <DepartureDayOffset>0</DepartureDayOffset>
                </TimetabledPassingTime>
                <TimetabledPassingTime version="7054280" id="VTR:TimetabledPassingTime:7050694_243357536_9">
                  <StopPointInJourneyPatternRef ref="VTR:StopPointInJourneyPattern:243357536" version="7054280"/>
                  <DepartureTime>14:29:00</DepartureTime>
                  <DepartureDayOffset>0</DepartureDayOffset>
                </TimetabledPassingTime>
                <TimetabledPassingTime version="7054280" id="VTR:TimetabledPassingTime:7050694_243357537_10">
                  <StopPointInJourneyPatternRef ref="VTR:StopPointInJourneyPattern:243357537" version="7054280"/>
                  <DepartureTime>14:30:00</DepartureTime>
                  <DepartureDayOffset>0</DepartureDayOffset>
                </TimetabledPassingTime>
                <TimetabledPassingTime version="7054280" id="VTR:TimetabledPassingTime:7050694_243357538_11">
                  <StopPointInJourneyPatternRef ref="VTR:StopPointInJourneyPattern:243357538" version="7054280"/>
                  <DepartureTime>14:31:00</DepartureTime>
                  <DepartureDayOffset>0</DepartureDayOffset>
                </TimetabledPassingTime>
              </passingTimes>
            </ServiceJourney>
          </vehicleJourneys>
        </TimetableFrame>
        <ResourceFrame version="1" id="VTR:ResourceFrame:1351">
          <organisations>
            <Authority version="1" id="VTR:Authority:44">
              <CompanyNumber>29</CompanyNumber>
              <Name>Šiaulių m. sav.</Name>
              <LegalName>Šiaulių m. sav.</LegalName>
              <ContactDetails>
                <Email>rastine@siauliai.lt</Email>
                <Phone>841596200</Phone>
                <Url>edem.siauliai.lt</Url>
              </ContactDetails>
              <OrganisationType>authority</OrganisationType>
            </Authority>
          </organisations>
        </ResourceFrame>
        <FareFrame id="VTR:FareFrame:8423" version="1">
          <FrameDefaults>
            <DefaultCurrency>EUR</DefaultCurrency>
          </FrameDefaults>
          <usageParameters>
            <RoundTrip id="VTR:RoundTrip:single" version="1">
              <Name>Single</Name>
              <TripType>single</TripType>
            </RoundTrip>
            <FrequencyOfUse id="VTR:FrequencyOfUse:once" version="1">
              <Name>Once</Name>
              <MaximalFrequency>1</MaximalFrequency>
            </FrequencyOfUse>
          </usageParameters>
          <priceGroups>
            <PriceGroup id="VTR:PriceGroup:PG01" version="1">
              <Name>Flat Fare Products - Standard</Name>
              <members>
                <FareProductPrice id="VTR:FareProductPrice:standard" version="1">
                  <Name>Single fare</Name>
                  <Amount>0.7</Amount>
                  <Currency>EUR</Currency>
                </FareProductPrice>
              </members>
            </PriceGroup>
          </priceGroups>
        </FareFrame>
      </frames>
    </CompositeFrame>
  </dataObjects>
</PublicationDelivery>
