<?xml version="1.0" encoding="UTF-8"?><PublicationDelivery xmlns="http://www.netex.org.uk/netex" xmlns:gis="http://www.opengis.net/gml/3.2" xmlns:ns2="http://www.opengis.net/gml/3.2" xmlns:ns3="http://www.siri.org.uk/siri" xmlns:xsi="http://www.w3.org/2001/XMLSchema-instance" version="1" xsi:schemaLocation="">
  <PublicationTimestamp>2022-05-07T00:50:00.296</PublicationTimestamp>
  <ParticipantRef>VTR</ParticipantRef>
  <Description>1</Description>
  <dataObjects>
    <CompositeFrame created="2022-05-07T00:50:00.296" version="1" id="VTR:CompositeFrame:1351">
      <validityConditions>
        <AvailabilityCondition version="1" id="VTR:AvailabilityCondition:1351">
          <FromDate>2010-03-22T00:00:00</FromDate>
          <ToDate>2023-03-31T00:00:00</ToDate>
        </AvailabilityCondition>
      </validityConditions>
      <codespaces>
        <Codespace id="vtr">
          <Xmlns>VTR</Xmlns>
          <XmlnsUrl>http://www.visimarsrutai.lt/</XmlnsUrl>
        </Codespace>
      </codespaces>
      <FrameDefaults>
        <DefaultLocale>
          <TimeZone>Europe/Vilnius</TimeZone>
        </DefaultLocale>
        <DefaultLocationSystem>WGS84</DefaultLocationSystem>
      </FrameDefaults>
      <frames>
        <ServiceCalendarFrame version="1" id="VTR:ServiceCalendarFrame:1351">
          <dayTypes>
            <DayType id="VTR:DayType:90" version="1">
              <properties>
                <PropertyOfDay>
                  <DaysOfWeek>Weekdays</DaysOfWeek>
                </PropertyOfDay>
              </properties>
            </DayType>
          </dayTypes>
          <operatingPeriods>
            <OperatingPeriod version="1" id="VTR:OperatingPeriod:90">
              <FromDate>2015-06-02T00:00:00</FromDate>
              <ToDate>2099-12-31T00:00:00</ToDate>
            </OperatingPeriod>
          </operatingPeriods>
          <dayTypeAssignments>
            <DayTypeAssignment id="VTR:DayTypeAssignment:90_0" version="1" order="216">
              <OperatingPeriodRef ref="VTR:OperatingPeriod:90" version="1"/>
              <DayTypeRef ref="VTR:DayType:90" version="1"/>
            </DayTypeAssignment>
          </dayTypeAssignments>
        </ServiceCalendarFrame>
        <ServiceFrame id="VTR:ServiceFrame:1351" version="1">
          <Network version="0" id="VTR:Network:2"/>
          <routePoints>
            <RoutePoint version="1" id="VTR:RoutePoint:73714">
              <projections>
                <PointProjection version="1" id="VTR:PointProjection:23004">
                  <ProjectedPointRef ref="VTR:ScheduledStopPoint:73714" version="1"/>
                </PointProjection>
              </projections>
            </RoutePoint>
            <RoutePoint version="1" id="VTR:RoutePoint:73715">
              <projections>
                <PointProjection version="1" id="VTR:PointProjection:23005">
                  <ProjectedPointRef ref="VTR:ScheduledStopPoint:73715" version="1"/>
                </PointProjection>
              </projections>
            </RoutePoint>
            <RoutePoint version="1" id="VTR:RoutePoint:73716">
              <projections>
                <PointProjection version="1" id="VTR:PointProjection:23006">
                  <ProjectedPointRef ref="VTR:ScheduledStopPoint:73716" version="1"/>
                </PointProjection>
              </projections>
            </RoutePoint>
            <RoutePoint version="1" id="VTR:RoutePoint:73717">
              <projections>
                <PointProjection version="1" id="VTR:PointProjection:23007">
                  <ProjectedPointRef ref="VTR:ScheduledStopPoint:73717" version="1"/>
                </PointProjection>
              </projections>
            </RoutePoint>
            <RoutePoint version="1" id="VTR:RoutePoint:73718">
              <projections>
                <PointProjection version="1" id="VTR:PointProjection:23008">
                  <ProjectedPointRef ref="VTR:ScheduledStopPoint:73718" version="1"/>
                </PointProjection>
              </projections>
            </RoutePoint>
            <RoutePoint version="1" id="VTR:RoutePoint:73721">
              <projections>
                <PointProjection version="1" id="VTR:PointProjection:23009">
                  <ProjectedPointRef ref="VTR:ScheduledStopPoint:73721" version="1"/>
                </PointProjection>
              </projections>
            </RoutePoint>
          </routePoints>
          <routes>
            <Route version="1" id="VTR:Route:4449">
              <Name>Vilnius-Palanga</Name>
              <ShortName>Vilnius-Palanga</ShortName>
              <LineRef ref="VTR:Line:644" version="629"/>
              <DirectionType>inbound</DirectionType>
              <pointsInSequence>
                <PointOnRoute version="1" id="VTR:PointOnRoute:73714" order="1">
                  <RoutePointRef ref="VTR:RoutePoint:73714"/>
                </PointOnRoute>
                <PointOnRoute version="1" id="VTR:PointOnRoute:73715" order="2">
                  <RoutePointRef ref="VTR:RoutePoint:73715"/>
                </PointOnRoute>
                <PointOnRoute version="1" id="VTR:PointOnRoute:73716" order="3">
                  <RoutePointRef ref="VTR:RoutePoint:73716"/>
                </PointOnRoute>
                <PointOnRoute version="1" id="VTR:PointOnRoute:73717" order="4">
                  <RoutePointRef ref="VTR:RoutePoint:73717"/>
                </PointOnRoute>
                <PointOnRoute version="1" id="VTR:PointOnRoute:73718" order="5">
                  <RoutePointRef ref="VTR:RoutePoint:73718"/>
                </PointOnRoute>
                <PointOnRoute version="1" id="VTR:PointOnRoute:73721" order="6">
                  <RoutePointRef ref="VTR:RoutePoint:73721"/>
                </PointOnRoute>
              </pointsInSequence>
            </Route>
          </routes>
          <lines>
            <Line version="629" id="VTR:Line:644">
              <Name>Palanga-Vilnius</Name>
              <TransportMode>bus</TransportMode>
              <TransportSubmode>
                <CoachSubmode>nationalCoach</CoachSubmode>
              </TransportSubmode>
              <PublicCode>M-518</PublicCode>
              <OperatorRef ref="VTR:Operator:2"/>
            </Line>
          </lines>
          <scheduledStopPoints>
            <ScheduledStopPoint version="1" id="VTR:ScheduledStopPoint:73714">
              <Name>Vilniaus autobusų stotis</Name>
            </ScheduledStopPoint>
            <ScheduledStopPoint version="1" id="VTR:ScheduledStopPoint:73715">
              <Name>Gariūnai</Name>
            </ScheduledStopPoint>
            <ScheduledStopPoint version="1" id="VTR:ScheduledStopPoint:73716">
              <Name>Vėjukai</Name>
            </ScheduledStopPoint>
            <ScheduledStopPoint version="1" id="VTR:ScheduledStopPoint:73717">
              <Name>Mokyklos</Name>
            </ScheduledStopPoint>
            <ScheduledStopPoint version="1" id="VTR:ScheduledStopPoint:73718">
              <Name>Klaipėdos autobusų stotis</Name>
            </ScheduledStopPoint>
            <ScheduledStopPoint version="1" id="VTR:ScheduledStopPoint:73721">
              <Name>Palangos autobusų stotis</Name>
            </ScheduledStopPoint>
          </scheduledStopPoints>
          <serviceLinks>
            <ServiceLink id="VTR:ServiceLink:73717_1_73718_1" version="1">
              <Distance>2</Distance>
              <FromPointRef ref="VTR:ScheduledStopPoint:73717" version="1"/>
              <ToPointRef ref="VTR:ScheduledStopPoint:73718" version="1"/>
            </ServiceLink>
            <ServiceLink id="VTR:ServiceLink:73716_1_73717_1" version="1">
              <Distance>120</Distance>
              <FromPointRef ref="VTR:ScheduledStopPoint:73716" version="1"/>
              <ToPointRef ref="VTR:ScheduledStopPoint:73717" version="1"/>
            </ServiceLink>
            <ServiceLink id="VTR:ServiceLink:73715_1_73716_1" version="1">
              <Distance>175</Distance>
              <FromPointRef ref="VTR:ScheduledStopPoint:73715" version="1"/>
              <ToPointRef ref="VTR:ScheduledStopPoint:73716" version="1"/>
            </ServiceLink>
            <ServiceLink id="VTR:ServiceLink:73714_1_73715_1" version="1">
              <Distance>8</Distance>
              <FromPointRef ref="VTR:ScheduledStopPoint:73714" version="1"/>
              <ToPointRef ref="VTR:ScheduledStopPoint:73715" version="1"/>
            </ServiceLink>
          </serviceLinks>
          <stopAssignments>
            <PassengerStopAssignment order="444900000" id="VTR:PassengerStopAssignment:73714" version="1">
              <ScheduledStopPointRef ref="VTR:ScheduledStopPoint:73714" version="1"/>
              <QuayRef ref="VTR:Quay:19485"/>
            </PassengerStopAssignment>
            <PassengerStopAssignment order="444900001" id="VTR:PassengerStopAssignment:73715" version="1">
              <ScheduledStopPointRef ref="VTR:ScheduledStopPoint:73715" version="1"/>
              <QuayRef ref="VTR:Quay:21416"/>
            </PassengerStopAssignment>
            <PassengerStopAssignment order="444900002" id="VTR:PassengerStopAssignment:73716" version="1">
              <ScheduledStopPointRef ref="VTR:ScheduledStopPoint:73716" version="1"/>
              <QuayRef ref="VTR:Quay:11565"/>
            </PassengerStopAssignment>
            <PassengerStopAssignment order="444900003" id="VTR:PassengerStopAssignment:73717" version="1">
              <ScheduledStopPointRef ref="VTR:ScheduledStopPoint:73717" version="1"/>
              <QuayRef ref="VTR:Quay:20121"/>
            </PassengerStopAssignment>
            <PassengerStopAssignment order="444900004" id="VTR:PassengerStopAssignment:73718" version="1">
              <ScheduledStopPointRef ref="VTR:ScheduledStopPoint:73718" version="1"/>
              <QuayRef ref="VTR:Quay:19471"/>
            </PassengerStopAssignment>
            <PassengerStopAssignment order="444900007" id="VTR:PassengerStopAssignment:73721" version="1">
              <ScheduledStopPointRef ref="VTR:ScheduledStopPoint:73721" version="1"/>
              <QuayRef ref="VTR:Quay:19446"/>
            </PassengerStopAssignment>
          </stopAssignments>
          <journeyPatterns>
            <JourneyPattern id="VTR:JourneyPattern:46766" version="46750">
              <Name>4*</Name>
              <RouteRef ref="VTR:Route:4449" version="1"/>
              <pointsInSequence>
                <StopPointInJourneyPattern id="VTR:StopPointInJourneyPattern:974686" version="46750" order="1">
                  <ScheduledStopPointRef ref="VTR:ScheduledStopPoint:73714"/>
                  <ForAlighting>false</ForAlighting>
                  <DestinationDisplayRef ref="VTR:DestinationDisplay:1"/>
                </StopPointInJourneyPattern>
                <StopPointInJourneyPattern id="VTR:StopPointInJourneyPattern:974687" version="46750" order="2">
                  <ScheduledStopPointRef ref="VTR:ScheduledStopPoint:73715"/>
                  <ForAlighting>false</ForAlighting>
                  <DestinationDisplayRef ref="VTR:DestinationDisplay:1"/>
                </StopPointInJourneyPattern>
                <StopPointInJourneyPattern id="VTR:StopPointInJourneyPattern:974688" version="46750" order="3">
                  <ScheduledStopPointRef ref="VTR:ScheduledStopPoint:73716"/>
                  <DestinationDisplayRef ref="VTR:DestinationDisplay:1"/>
                </StopPointInJourneyPattern>
                <StopPointInJourneyPattern id="VTR:StopPointInJourneyPattern:974689" version="46750" order="4">
                  <ScheduledStopPointRef ref="VTR:ScheduledStopPoint:73717"/>
                  <ForBoarding>false</ForBoarding>
                  <DestinationDisplayRef ref="VTR:DestinationDisplay:1"/>
                </StopPointInJourneyPattern>
                <StopPointInJourneyPattern id="VTR:StopPointInJourneyPattern:974690" version="46750" order="5">
                  <ScheduledStopPointRef ref="VTR:ScheduledStopPoint:73718"/>
                  <DestinationDisplayRef ref="VTR:DestinationDisplay:1"/>
                </StopPointInJourneyPattern>
                <StopPointInJourneyPattern id="VTR:StopPointInJourneyPattern:974691" version="46750" order="6">
                  <ScheduledStopPointRef ref="VTR:ScheduledStopPoint:73721"/>
                  <ForBoarding>false</ForBoarding>
                  <DestinationDisplayRef ref="VTR:DestinationDisplay:1"/>
                </StopPointInJourneyPattern>
              </pointsInSequence>
            </JourneyPattern>
            <JourneyPattern id="VTR:JourneyPattern:46765" version="46749">
              <Name>2*</Name>
              <RouteRef ref="VTR:Route:4449" version="1"/>
              <pointsInSequence>
                <StopPointInJourneyPattern id="VTR:StopPointInJourneyPattern:974680" version="46749" order="1">
                  <ScheduledStopPointRef ref="VTR:ScheduledStopPoint:73714"/>
                  <ForAlighting>false</ForAlighting>
                  <DestinationDisplayRef ref="VTR:DestinationDisplay:1"/>
                </StopPointInJourneyPattern>
                <StopPointInJourneyPattern id="VTR:StopPointInJourneyPattern:974681" version="46749" order="2">
                  <ScheduledStopPointRef ref="VTR:ScheduledStopPoint:73715"/>
                  <ForAlighting>false</ForAlighting>
                  <DestinationDisplayRef ref="VTR:DestinationDisplay:1"/>
                </StopPointInJourneyPattern>
                <StopPointInJourneyPattern id="VTR:StopPointInJourneyPattern:974682" version="46749" order="3">
                  <ScheduledStopPointRef ref="VTR:ScheduledStopPoint:73716"/>
                  <DestinationDisplayRef ref="VTR:DestinationDisplay:1"/>
                </StopPointInJourneyPattern>
                <StopPointInJourneyPattern id="VTR:StopPointInJourneyPattern:974683" version="46749" order="4">
                  <ScheduledStopPointRef ref="VTR:ScheduledStopPoint:73717"/>
                  <ForBoarding>false</ForBoarding>
                  <DestinationDisplayRef ref="VTR:DestinationDisplay:1"/>
                </StopPointInJourneyPattern>
                <StopPointInJourneyPattern id="VTR:StopPointInJourneyPattern:974684" version="46749" order="5">
                  <ScheduledStopPointRef ref="VTR:ScheduledStopPoint:73718"/>
                  <DestinationDisplayRef ref="VTR:DestinationDisplay:1"/>
                </StopPointInJourneyPattern>
                <StopPointInJourneyPattern id="VTR:StopPointInJourneyPattern:974685" version="46749" order="6">
                  <ScheduledStopPointRef ref="VTR:ScheduledStopPoint:73721"/>
                  <ForBoarding>false</ForBoarding>
                  <DestinationDisplayRef ref="VTR:DestinationDisplay:1"/>
                </StopPointInJourneyPattern>
              </pointsInSequence>
            </JourneyPattern>
            <JourneyPattern id="VTR:JourneyPattern:46765" version="2276886">
              <Name>2*</Name>
              <RouteRef ref="VTR:Route:4449" version="1"/>
              <pointsInSequence>
                <StopPointInJourneyPattern id="VTR:StopPointInJourneyPattern:79889958" version="2276886" order="1">
                  <ScheduledStopPointRef ref="VTR:ScheduledStopPoint:73714"/>
                  <ForAlighting>false</ForAlighting>
                  <DestinationDisplayRef ref="VTR:DestinationDisplay:1"/>
                </StopPointInJourneyPattern>
                <StopPointInJourneyPattern id="VTR:StopPointInJourneyPattern:79889959" version="2276886" order="2">
                  <ScheduledStopPointRef ref="VTR:ScheduledStopPoint:73715"/>
                  <ForAlighting>false</ForAlighting>
                  <DestinationDisplayRef ref="VTR:DestinationDisplay:1"/>
                </StopPointInJourneyPattern>
                <StopPointInJourneyPattern id="VTR:StopPointInJourneyPattern:79889960" version="2276886" order="3">
                  <ScheduledStopPointRef ref="VTR:ScheduledStopPoint:73716"/>
                  <DestinationDisplayRef ref="VTR:DestinationDisplay:1"/>
                </StopPointInJourneyPattern>
                <StopPointInJourneyPattern id="VTR:StopPointInJourneyPattern:79889961" version="2276886" order="4">
                  <ScheduledStopPointRef ref="VTR:ScheduledStopPoint:73717"/>
                  <ForBoarding>false</ForBoarding>
                  <DestinationDisplayRef ref="VTR:DestinationDisplay:1"/>
                </StopPointInJourneyPattern>
                <StopPointInJourneyPattern id="VTR:StopPointInJourneyPattern:79889962" version="2276886" order="5">
                  <ScheduledStopPointRef ref="VTR:ScheduledStopPoint:73718"/>
                  <DestinationDisplayRef ref="VTR:DestinationDisplay:1"/>
                </StopPointInJourneyPattern>
                <StopPointInJourneyPattern id="VTR:StopPointInJourneyPattern:79889963" version="2276886" order="6">
                  <ScheduledStopPointRef ref="VTR:ScheduledStopPoint:73721"/>
                  <ForBoarding>false</ForBoarding>
                  <DestinationDisplayRef ref="VTR:DestinationDisplay:1"/>
                </StopPointInJourneyPattern>
              </pointsInSequence>
            </JourneyPattern>
            <JourneyPattern id="VTR:JourneyPattern:46766" version="2276887">
              <Name>4*</Name>
              <RouteRef ref="VTR:Route:4449" version="1"/>
              <pointsInSequence>
                <StopPointInJourneyPattern id="VTR:StopPointInJourneyPattern:79889964" version="2276887" order="1">
                  <ScheduledStopPointRef ref="VTR:ScheduledStopPoint:73714"/>
                  <ForAlighting>false</ForAlighting>
                  <DestinationDisplayRef ref="VTR:DestinationDisplay:1"/>
                </StopPointInJourneyPattern>
                <StopPointInJourneyPattern id="VTR:StopPointInJourneyPattern:79889965" version="2276887" order="2">
                  <ScheduledStopPointRef ref="VTR:ScheduledStopPoint:73715"/>
                  <ForAlighting>false</ForAlighting>
                  <DestinationDisplayRef ref="VTR:DestinationDisplay:1"/>
                </StopPointInJourneyPattern>
                <StopPointInJourneyPattern id="VTR:StopPointInJourneyPattern:79889966" version="2276887" order="3">
                  <ScheduledStopPointRef ref="VTR:ScheduledStopPoint:73716"/>
                  <DestinationDisplayRef ref="VTR:DestinationDisplay:1"/>
                </StopPointInJourneyPattern>
                <StopPointInJourneyPattern id="VTR:StopPointInJourneyPattern:79889967" version="2276887" order="4">
                  <ScheduledStopPointRef ref="VTR:ScheduledStopPoint:73717"/>
                  <ForBoarding>false</ForBoarding>
                  <DestinationDisplayRef ref="VTR:DestinationDisplay:1"/>
                </StopPointInJourneyPattern>
                <StopPointInJourneyPattern id="VTR:StopPointInJourneyPattern:79889968" version="2276887" order="5">
                  <ScheduledStopPointRef ref="VTR:ScheduledStopPoint:73718"/>
                  <DestinationDisplayRef ref="VTR:DestinationDisplay:1"/>
                </StopPointInJourneyPattern>
                <StopPointInJourneyPattern id="VTR:StopPointInJourneyPattern:79889969" version="2276887" order="6">
                  <ScheduledStopPointRef ref="VTR:ScheduledStopPoint:73721"/>
                  <ForBoarding>false</ForBoarding>
                  <DestinationDisplayRef ref="VTR:DestinationDisplay:1"/>
                </StopPointInJourneyPattern>
              </pointsInSequence>
            </JourneyPattern>
          </journeyPatterns>
        </ServiceFrame>
        <TimetableFrame version="1" id="VTR:TimetableFrame:1351">
          <vehicleJourneys>
            <ServiceJourney version="2276886" id="VTR:ServiceJourney:46765">
              <Name>Vilnius-Palanga</Name>
              <PrivateCode>2*</PrivateCode>
              <dayTypes>
                <DayTypeRef ref="VTR:DayType:90"/>
              </dayTypes>
              <JourneyPatternRef version="2276886" ref="VTR:JourneyPattern:46765"/>
              <OperatorRef ref="VTR:Operator:550"/>
              <LineRef ref="VTR:Line:644" version="629"/>
              <passingTimes>
                <TimetabledPassingTime version="2276886" id="VTR:TimetabledPassingTime:46765_79889958_1">
                  <StopPointInJourneyPatternRef ref="VTR:StopPointInJourneyPattern:79889958" version="2276886"/>
                  <DepartureTime>13:20:00</DepartureTime>
                  <DepartureDayOffset>0</DepartureDayOffset>
                </TimetabledPassingTime>
                <TimetabledPassingTime version="2276886" id="VTR:TimetabledPassingTime:46765_974680_1">
                  <StopPointInJourneyPatternRef ref="VTR:StopPointInJourneyPattern:974680" version="2276886"/>
                  <DepartureTime>13:20:00</DepartureTime>
                  <DepartureDayOffset>0</DepartureDayOffset>
                </TimetabledPassingTime>
                <TimetabledPassingTime version="2276886" id="VTR:TimetabledPassingTime:46765_974681_2">
                  <StopPointInJourneyPatternRef ref="VTR:StopPointInJourneyPattern:974681" version="2276886"/>
                  <DepartureTime>13:35:00</DepartureTime>
                  <DepartureDayOffset>0</DepartureDayOffset>
                </TimetabledPassingTime>
                <TimetabledPassingTime version="2276886" id="VTR:TimetabledPassingTime:46765_79889959_2">
                  <StopPointInJourneyPatternRef ref="VTR:StopPointInJourneyPattern:79889959" version="2276886"/>
                  <DepartureTime>13:35:00</DepartureTime>
                  <DepartureDayOffset>0</DepartureDayOffset>
                </TimetabledPassingTime>
                <TimetabledPassingTime version="2276886" id="VTR:TimetabledPassingTime:46765_79889960_3">
                  <StopPointInJourneyPatternRef ref="VTR:StopPointInJourneyPattern:79889960" version="2276886"/>
                  <DepartureTime>15:40:00</DepartureTime>
                  <DepartureDayOffset>0</DepartureDayOffset>
                </TimetabledPassingTime>
                <TimetabledPassingTime version="2276886" id="VTR:TimetabledPassingTime:46765_974682_3">
                  <StopPointInJourneyPatternRef ref="VTR:StopPointInJourneyPattern:974682" version="2276886"/>
                  <DepartureTime>15:40:00</DepartureTime>
                  <DepartureDayOffset>0</DepartureDayOffset>
                </TimetabledPassingTime>
                <TimetabledPassingTime version="2276886" id="VTR:TimetabledPassingTime:46765_974683_4">
                  <StopPointInJourneyPatternRef ref="VTR:StopPointInJourneyPattern:974683" version="2276886"/>
                  <DepartureTime>17:15:00</DepartureTime>
                  <DepartureDayOffset>0</DepartureDayOffset>
                </TimetabledPassingTime>
                <TimetabledPassingTime version="2276886" id="VTR:TimetabledPassingTime:46765_79889961_4">
                  <StopPointInJourneyPatternRef ref="VTR:StopPointInJourneyPattern:79889961" version="2276886"/>
                  <DepartureTime>17:15:00</DepartureTime>
                  <DepartureDayOffset>0</DepartureDayOffset>
                </TimetabledPassingTime>
                <TimetabledPassingTime version="2276886" id="VTR:TimetabledPassingTime:46765_974684_5">
                  <StopPointInJourneyPatternRef ref="VTR:StopPointInJourneyPattern:974684" version="2276886"/>
                  <DepartureTime>17:25:00</DepartureTime>
                  <DepartureDayOffset>0</DepartureDayOffset>
                </TimetabledPassingTime>
                <TimetabledPassingTime version="2276886" id="VTR:TimetabledPassingTime:46765_79889962_5">
                  <StopPointInJourneyPatternRef ref="VTR:StopPointInJourneyPattern:79889962" version="2276886"/>
                  <DepartureTime>17:25:00</DepartureTime>
                  <DepartureDayOffset>0</DepartureDayOffset>
                </TimetabledPassingTime>
                <TimetabledPassingTime version="2276886" id="VTR:TimetabledPassingTime:46765_79889963_6">
                  <StopPointInJourneyPatternRef ref="VTR:StopPointInJourneyPattern:79889963" version="2276886"/>
                  <DepartureTime>17:50:00</DepartureTime>
                  <DepartureDayOffset>0</DepartureDayOffset>
                </TimetabledPassingTime>
                <TimetabledPassingTime version="2276886" id="VTR:TimetabledPassingTime:46765_974685_6">
                  <StopPointInJourneyPatternRef ref="VTR:StopPointInJourneyPattern:974685" version="2276886"/>
                  <DepartureTime>18:00:00</DepartureTime>
                  <DepartureDayOffset>0</DepartureDayOffset>
                </TimetabledPassingTime>
              </passingTimes>
            </ServiceJourney>
            <ServiceJourney version="46750" id="VTR:ServiceJourney:46766">
              <Name>Vilnius-Palanga</Name>
              <PrivateCode>4*</PrivateCode>
              <dayTypes>
                <DayTypeRef ref="VTR:DayType:90"/>
              </dayTypes>
              <JourneyPatternRef version="46750" ref="VTR:JourneyPattern:46766"/>
              <OperatorRef ref="VTR:Operator:550"/>
              <LineRef ref="VTR:Line:644" version="629"/>
              <passingTimes>
                <TimetabledPassingTime version="46750" id="VTR:TimetabledPassingTime:46766_79889964_1">
                  <StopPointInJourneyPatternRef ref="VTR:StopPointInJourneyPattern:79889964" version="46750"/>
                  <DepartureTime>18:30:00</DepartureTime>
                  <DepartureDayOffset>0</DepartureDayOffset>
                </TimetabledPassingTime>
                <TimetabledPassingTime version="46750" id="VTR:TimetabledPassingTime:46766_974686_1">
                  <StopPointInJourneyPatternRef ref="VTR:StopPointInJourneyPattern:974686" version="46750"/>
                  <DepartureTime>18:30:00</DepartureTime>
                  <DepartureDayOffset>0</DepartureDayOffset>
                </TimetabledPassingTime>
                <TimetabledPassingTime version="46750" id="VTR:TimetabledPassingTime:46766_79889965_2">
                  <StopPointInJourneyPatternRef ref="VTR:StopPointInJourneyPattern:79889965" version="46750"/>
                  <DepartureTime>18:45:00</DepartureTime>
                  <DepartureDayOffset>0</DepartureDayOffset>
                </TimetabledPassingTime>
                <TimetabledPassingTime version="46750" id="VTR:TimetabledPassingTime:46766_974687_2">
                  <StopPointInJourneyPatternRef ref="VTR:StopPointInJourneyPattern:974687" version="46750"/>
                  <DepartureTime>18:45:00</DepartureTime>
                  <DepartureDayOffset>0</DepartureDayOffset>
                </TimetabledPassingTime>
                <TimetabledPassingTime version="46750" id="VTR:TimetabledPassingTime:46766_974688_3">
                  <StopPointInJourneyPatternRef ref="VTR:StopPointInJourneyPattern:974688" version="46750"/>
                  <DepartureTime>20:50:00</DepartureTime>
                  <DepartureDayOffset>0</DepartureDayOffset>
                </TimetabledPassingTime>
                <TimetabledPassingTime version="46750" id="VTR:TimetabledPassingTime:46766_79889966_3">
                  <StopPointInJourneyPatternRef ref="VTR:StopPointInJourneyPattern:79889966" version="46750"/>
                  <DepartureTime>20:50:00</DepartureTime>
                  <DepartureDayOffset>0</DepartureDayOffset>
                </TimetabledPassingTime>
                <TimetabledPassingTime version="46750" id="VTR:TimetabledPassingTime:46766_974689_4">
                  <StopPointInJourneyPatternRef ref="VTR:StopPointInJourneyPattern:974689" version="46750"/>
                  <DepartureTime>22:25:00</DepartureTime>
                  <DepartureDayOffset>0</DepartureDayOffset>
                </TimetabledPassingTime>
                <TimetabledPassingTime version="46750" id="VTR:TimetabledPassingTime:46766_79889967_4">
                  <StopPointInJourneyPatternRef ref="VTR:StopPointInJourneyPattern:79889967" version="46750"/>
                  <DepartureTime>22:25:00</DepartureTime>
                  <DepartureDayOffset>0</DepartureDayOffset>
                </TimetabledPassingTime>
                <TimetabledPassingTime version="46750" id="VTR:TimetabledPassingTime:46766_79889968_5">
                  <StopPointInJourneyPatternRef ref="VTR:StopPointInJourneyPattern:79889968" version="46750"/>
                  <DepartureTime>22:35:00</DepartureTime>
                  <DepartureDayOffset>0</DepartureDayOffset>
                </TimetabledPassingTime>
                <TimetabledPassingTime version="46750" id="VTR:TimetabledPassingTime:46766_974690_5">
                  <StopPointInJourneyPatternRef ref="VTR:StopPointInJourneyPattern:974690" version="46750"/>
                  <DepartureTime>22:35:00</DepartureTime>
                  <DepartureDayOffset>0</DepartureDayOffset>
                </TimetabledPassingTime>
                <TimetabledPassingTime version="46750" id="VTR:TimetabledPassingTime:46766_79889969_6">
                  <StopPointInJourneyPatternRef ref="VTR:StopPointInJourneyPattern:79889969" version="46750"/>
                  <DepartureTime>23:00:00</DepartureTime>
                  <DepartureDayOffset>0</DepartureDayOffset>
                </TimetabledPassingTime>
                <TimetabledPassingTime version="46750" id="VTR:TimetabledPassingTime:46766_974691_6">
                  <StopPointInJourneyPatternRef ref="VTR:StopPointInJourneyPattern:974691" version="46750"/>
                  <DepartureTime>23:00:00</DepartureTime>
                  <DepartureDayOffset>0</DepartureDayOffset>
                </TimetabledPassingTime>
              </passingTimes>
            </ServiceJourney>
            <ServiceJourney version="2276887" id="VTR:ServiceJourney:46766">
              <Name>Vilnius-Palanga</Name>
              <PrivateCode>4*</PrivateCode>
              <dayTypes>
                <DayTypeRef ref="VTR:DayType:90"/>
              </dayTypes>
              <JourneyPatternRef version="2276887" ref="VTR:JourneyPattern:46766"/>
              <OperatorRef ref="VTR:Operator:550"/>
              <LineRef ref="VTR:Line:644" version="629"/>
              <passingTimes>
                <TimetabledPassingTime version="2276887" id="VTR:TimetabledPassingTime:46766_79889964_1">
                  <StopPointInJourneyPatternRef ref="VTR:StopPointInJourneyPattern:79889964" version="2276887"/>
                  <DepartureTime>18:30:00</DepartureTime>
                  <DepartureDayOffset>0</DepartureDayOffset>
                </TimetabledPassingTime>
                <TimetabledPassingTime version="2276887" id="VTR:TimetabledPassingTime:46766_974686_1">
                  <StopPointInJourneyPatternRef ref="VTR:StopPointInJourneyPattern:974686" version="2276887"/>
                  <DepartureTime>18:30:00</DepartureTime>
                  <DepartureDayOffset>0</DepartureDayOffset>
                </TimetabledPassingTime>
                <TimetabledPassingTime version="2276887" id="VTR:TimetabledPassingTime:46766_79889965_2">
                  <StopPointInJourneyPatternRef ref="VTR:StopPointInJourneyPattern:79889965" version="2276887"/>
                  <DepartureTime>18:45:00</DepartureTime>
                  <DepartureDayOffset>0</DepartureDayOffset>
                </TimetabledPassingTime>
                <TimetabledPassingTime version="2276887" id="VTR:TimetabledPassingTime:46766_974687_2">
                  <StopPointInJourneyPatternRef ref="VTR:StopPointInJourneyPattern:974687" version="2276887"/>
                  <DepartureTime>18:45:00</DepartureTime>
                  <DepartureDayOffset>0</DepartureDayOffset>
                </TimetabledPassingTime>
                <TimetabledPassingTime version="2276887" id="VTR:TimetabledPassingTime:46766_974688_3">
                  <StopPointInJourneyPatternRef ref="VTR:StopPointInJourneyPattern:974688" version="2276887"/>
                  <DepartureTime>20:50:00</DepartureTime>
                  <DepartureDayOffset>0</DepartureDayOffset>
                </TimetabledPassingTime>
                <TimetabledPassingTime version="2276887" id="VTR:TimetabledPassingTime:46766_79889966_3">
                  <StopPointInJourneyPatternRef ref="VTR:StopPointInJourneyPattern:79889966" version="2276887"/>
                  <DepartureTime>20:50:00</DepartureTime>
                  <DepartureDayOffset>0</DepartureDayOffset>
                </TimetabledPassingTime>
                <TimetabledPassingTime version="2276887" id="VTR:TimetabledPassingTime:46766_974689_4">
                  <StopPointInJourneyPatternRef ref="VTR:StopPointInJourneyPattern:974689" version="2276887"/>
                  <DepartureTime>22:25:00</DepartureTime>
                  <DepartureDayOffset>0</DepartureDayOffset>
                </TimetabledPassingTime>
                <TimetabledPassingTime version="2276887" id="VTR:TimetabledPassingTime:46766_79889967_4">
                  <StopPointInJourneyPatternRef ref="VTR:StopPointInJourneyPattern:79889967" version="2276887"/>
                  <DepartureTime>22:25:00</DepartureTime>
                  <DepartureDayOffset>0</DepartureDayOffset>
                </TimetabledPassingTime>
                <TimetabledPassingTime version="2276887" id="VTR:TimetabledPassingTime:46766_974690_5">
                  <StopPointInJourneyPatternRef ref="VTR:StopPointInJourneyPattern:974690" version="2276887"/>
                  <DepartureTime>22:35:00</DepartureTime>
                  <DepartureDayOffset>0</DepartureDayOffset>
                </TimetabledPassingTime>
                <TimetabledPassingTime version="2276887" id="VTR:TimetabledPassingTime:46766_79889968_5">
                  <StopPointInJourneyPatternRef ref="VTR:StopPointInJourneyPattern:79889968" version="2276887"/>
                  <DepartureTime>22:35:00</DepartureTime>
                  <DepartureDayOffset>0</DepartureDayOffset>
                </TimetabledPassingTime>
                <TimetabledPassingTime version="2276887" id="VTR:TimetabledPassingTime:46766_974691_6">
                  <StopPointInJourneyPatternRef ref="VTR:StopPointInJourneyPattern:974691" version="2276887"/>
                  <DepartureTime>23:00:00</DepartureTime>
                  <DepartureDayOffset>0</DepartureDayOffset>
                </TimetabledPassingTime>
                <TimetabledPassingTime version="2276887" id="VTR:TimetabledPassingTime:46766_79889969_6">
                  <StopPointInJourneyPatternRef ref="VTR:StopPointInJourneyPattern:79889969" version="2276887"/>
                  <DepartureTime>23:00:00</DepartureTime>
                  <DepartureDayOffset>0</DepartureDayOffset>
                </TimetabledPassingTime>
              </passingTimes>
            </ServiceJourney>
            <ServiceJourney version="46749" id="VTR:ServiceJourney:46765">
              <Name>Vilnius-Palanga</Name>
              <PrivateCode>2*</PrivateCode>
              <dayTypes>
                <DayTypeRef ref="VTR:DayType:90"/>
              </dayTypes>
              <JourneyPatternRef version="46749" ref="VTR:JourneyPattern:46765"/>
              <OperatorRef ref="VTR:Operator:550"/>
              <LineRef ref="VTR:Line:644" version="629"/>
              <passingTimes>
                <TimetabledPassingTime version="46749" id="VTR:TimetabledPassingTime:46765_79889958_1">
                  <StopPointInJourneyPatternRef ref="VTR:StopPointInJourneyPattern:79889958" version="46749"/>
                  <DepartureTime>13:20:00</DepartureTime>
                  <DepartureDayOffset>0</DepartureDayOffset>
                </TimetabledPassingTime>
                <TimetabledPassingTime version="46749" id="VTR:TimetabledPassingTime:46765_974680_1">
                  <StopPointInJourneyPatternRef ref="VTR:StopPointInJourneyPattern:974680" version="46749"/>
                  <DepartureTime>13:20:00</DepartureTime>
                  <DepartureDayOffset>0</DepartureDayOffset>
                </TimetabledPassingTime>
                <TimetabledPassingTime version="46749" id="VTR:TimetabledPassingTime:46765_79889959_2">
                  <StopPointInJourneyPatternRef ref="VTR:StopPointInJourneyPattern:79889959" version="46749"/>
                  <DepartureTime>13:35:00</DepartureTime>
                  <DepartureDayOffset>0</DepartureDayOffset>
                </TimetabledPassingTime>
                <TimetabledPassingTime version="46749" id="VTR:TimetabledPassingTime:46765_974681_2">
                  <StopPointInJourneyPatternRef ref="VTR:StopPointInJourneyPattern:974681" version="46749"/>
                  <DepartureTime>13:35:00</DepartureTime>
                  <DepartureDayOffset>0</DepartureDayOffset>
                </TimetabledPassingTime>
                <TimetabledPassingTime version="46749" id="VTR:TimetabledPassingTime:46765_79889960_3">
                  <StopPointInJourneyPatternRef ref="VTR:StopPointInJourneyPattern:79889960" version="46749"/>
                  <DepartureTime>15:40:00</DepartureTime>
                  <DepartureDayOffset>0</DepartureDayOffset>
                </TimetabledPassingTime>
                <TimetabledPassingTime version="46749" id="VTR:TimetabledPassingTime:46765_974682_3">
                  <StopPointInJourneyPatternRef ref="VTR:StopPointInJourneyPattern:974682" version="46749"/>
                  <DepartureTime>15:40:00</DepartureTime>
                  <DepartureDayOffset>0</DepartureDayOffset>
                </TimetabledPassingTime>
                <TimetabledPassingTime version="46749" id="VTR:TimetabledPassingTime:46765_79889961_4">
                  <StopPointInJourneyPatternRef ref="VTR:StopPointInJourneyPattern:79889961" version="46749"/>
                  <DepartureTime>17:15:00</DepartureTime>
                  <DepartureDayOffset>0</DepartureDayOffset>
                </TimetabledPassingTime>
                <TimetabledPassingTime version="46749" id="VTR:TimetabledPassingTime:46765_974683_4">
                  <StopPointInJourneyPatternRef ref="VTR:StopPointInJourneyPattern:974683" version="46749"/>
                  <DepartureTime>17:15:00</DepartureTime>
                  <DepartureDayOffset>0</DepartureDayOffset>
                </TimetabledPassingTime>
                <TimetabledPassingTime version="46749" id="VTR:TimetabledPassingTime:46765_974684_5">
                  <StopPointInJourneyPatternRef ref="VTR:StopPointInJourneyPattern:974684" version="46749"/>
                  <DepartureTime>17:25:00</DepartureTime>
                  <DepartureDayOffset>0</DepartureDayOffset>
                </TimetabledPassingTime>
                <TimetabledPassingTime version="46749" id="VTR:TimetabledPassingTime:46765_79889962_5">
                  <StopPointInJourneyPatternRef ref="VTR:StopPointInJourneyPattern:79889962" version="46749"/>
                  <DepartureTime>17:25:00</DepartureTime>
                  <DepartureDayOffset>0</DepartureDayOffset>
                </TimetabledPassingTime>
                <TimetabledPassingTime version="46749" id="VTR:TimetabledPassingTime:46765_974685_6">
                  <StopPointInJourneyPatternRef ref="VTR:StopPointInJourneyPattern:974685" version="46749"/>
                  <DepartureTime>18:00:00</DepartureTime>
                  <DepartureDayOffset>0</DepartureDayOffset>
                </TimetabledPassingTime>
                <TimetabledPassingTime version="46749" id="VTR:TimetabledPassingTime:46765_79889963_6">
                  <StopPointInJourneyPatternRef ref="VTR:StopPointInJourneyPattern:79889963" version="46749"/>
                  <DepartureTime>17:50:00</DepartureTime>
                  <DepartureDayOffset>0</DepartureDayOffset>
                </TimetabledPassingTime>
              </passingTimes>
            </ServiceJourney>
          </vehicleJourneys>
        </TimetableFrame>
        <ResourceFrame version="1" id="VTR:ResourceFrame:1351">
          <organisations>
            <Authority version="1" id="VTR:Authority:2">
              <CompanyNumber>188647255</CompanyNumber>
              <Name>LTSA</Name>
              <LegalName>Lietuvos transporto saugos administracija</LegalName>
              <ContactDetails>
                <Email>ltsa@ltsa.lrv.lt</Email>
                <Phone>8 5  278 5602</Phone>
                <Url>www.ltsa.lrv.lt</Url>
              </ContactDetails>
              <OrganisationType>authority</OrganisationType>
            </Authority>
          </organisations>
        </ResourceFrame>
      </frames>
    </CompositeFrame>
  </dataObjects>
</PublicationDelivery>
