<?xml version="1.0" encoding="UTF-8"?><PublicationDelivery xmlns="http://www.netex.org.uk/netex" xmlns:gis="http://www.opengis.net/gml/3.2" xmlns:ns2="http://www.opengis.net/gml/3.2" xmlns:ns3="http://www.siri.org.uk/siri" xmlns:xsi="http://www.w3.org/2001/XMLSchema-instance" version="1" xsi:schemaLocation="">
  <PublicationTimestamp>2022-05-07T00:50:00.296</PublicationTimestamp>
  <ParticipantRef>VTR</ParticipantRef>
  <Description>1</Description>
  <dataObjects>
    <CompositeFrame created="2022-05-07T00:50:00.296" version="1" id="VTR:CompositeFrame:1351">
      <validityConditions>
        <AvailabilityCondition version="1" id="VTR:AvailabilityCondition:1351">
          <FromDate>2010-03-23T00:00:00</FromDate>
          <ToDate>2023-03-31T00:00:00</ToDate>
        </AvailabilityCondition>
      </validityConditions>
      <codespaces>
        <Codespace id="vtr">
          <Xmlns>VTR</Xmlns>
          <XmlnsUrl>http://www.visimarsrutai.lt/</XmlnsUrl>
        </Codespace>
      </codespaces>
      <FrameDefaults>
        <DefaultLocale>
          <TimeZone>Europe/Vilnius</TimeZone>
        </DefaultLocale>
        <DefaultLocationSystem>WGS84</DefaultLocationSystem>
      </FrameDefaults>
      <frames>
        <ServiceCalendarFrame version="1" id="VTR:ServiceCalendarFrame:1351">
          <dayTypes>
            <DayType id="VTR:DayType:271" version="1">
              <properties>
                <PropertyOfDay>
                  <DaysOfWeek>Monday Tuesday Wednesday Thursday Friday Saturday</DaysOfWeek>
                </PropertyOfDay>
              </properties>
            </DayType>
            <DayType id="VTR:DayType:90" version="1">
              <properties>
                <PropertyOfDay>
                  <DaysOfWeek>Weekdays</DaysOfWeek>
                </PropertyOfDay>
              </properties>
            </DayType>
          </dayTypes>
          <operatingPeriods>
            <OperatingPeriod version="1" id="VTR:OperatingPeriod:271">
              <FromDate>2015-06-02T00:00:00</FromDate>
              <ToDate>2099-12-31T00:00:00</ToDate>
            </OperatingPeriod>
            <OperatingPeriod version="1" id="VTR:OperatingPeriod:90">
              <FromDate>2015-06-02T00:00:00</FromDate>
              <ToDate>2099-12-31T00:00:00</ToDate>
            </OperatingPeriod>
          </operatingPeriods>
          <dayTypeAssignments>
            <DayTypeAssignment id="VTR:DayTypeAssignment:90_0" version="1" order="140">
              <OperatingPeriodRef ref="VTR:OperatingPeriod:90" version="1"/>
              <DayTypeRef ref="VTR:DayType:90" version="1"/>
            </DayTypeAssignment>
            <DayTypeAssignment id="VTR:DayTypeAssignment:271_0" version="1" order="331">
              <OperatingPeriodRef ref="VTR:OperatingPeriod:271" version="1"/>
              <DayTypeRef ref="VTR:DayType:271" version="1"/>
            </DayTypeAssignment>
          </dayTypeAssignments>
        </ServiceCalendarFrame>
        <ServiceFrame id="VTR:ServiceFrame:1351" version="1">
          <Network version="0" id="VTR:Network:2"/>
          <routePoints>
            <RoutePoint version="1" id="VTR:RoutePoint:28409">
              <projections>
                <PointProjection version="1" id="VTR:PointProjection:7285">
                  <ProjectedPointRef ref="VTR:ScheduledStopPoint:28409" version="1"/>
                </PointProjection>
              </projections>
            </RoutePoint>
            <RoutePoint version="1" id="VTR:RoutePoint:28410">
              <projections>
                <PointProjection version="1" id="VTR:PointProjection:7286">
                  <ProjectedPointRef ref="VTR:ScheduledStopPoint:28410" version="1"/>
                </PointProjection>
              </projections>
            </RoutePoint>
            <RoutePoint version="1" id="VTR:RoutePoint:28412">
              <projections>
                <PointProjection version="1" id="VTR:PointProjection:7287">
                  <ProjectedPointRef ref="VTR:ScheduledStopPoint:28412" version="1"/>
                </PointProjection>
              </projections>
            </RoutePoint>
            <RoutePoint version="1" id="VTR:RoutePoint:28413">
              <projections>
                <PointProjection version="1" id="VTR:PointProjection:7288">
                  <ProjectedPointRef ref="VTR:ScheduledStopPoint:28413" version="1"/>
                </PointProjection>
              </projections>
            </RoutePoint>
            <RoutePoint version="1" id="VTR:RoutePoint:28414">
              <projections>
                <PointProjection version="1" id="VTR:PointProjection:7289">
                  <ProjectedPointRef ref="VTR:ScheduledStopPoint:28414" version="1"/>
                </PointProjection>
              </projections>
            </RoutePoint>
            <RoutePoint version="1" id="VTR:RoutePoint:28415">
              <projections>
                <PointProjection version="1" id="VTR:PointProjection:7290">
                  <ProjectedPointRef ref="VTR:ScheduledStopPoint:28415" version="1"/>
                </PointProjection>
              </projections>
            </RoutePoint>
            <RoutePoint version="1" id="VTR:RoutePoint:28416">
              <projections>
                <PointProjection version="1" id="VTR:PointProjection:7291">
                  <ProjectedPointRef ref="VTR:ScheduledStopPoint:28416" version="1"/>
                </PointProjection>
              </projections>
            </RoutePoint>
            <RoutePoint version="1" id="VTR:RoutePoint:28417">
              <projections>
                <PointProjection version="1" id="VTR:PointProjection:7292">
                  <ProjectedPointRef ref="VTR:ScheduledStopPoint:28417" version="1"/>
                </PointProjection>
              </projections>
            </RoutePoint>
            <RoutePoint version="1" id="VTR:RoutePoint:28418">
              <projections>
                <PointProjection version="1" id="VTR:PointProjection:7293">
                  <ProjectedPointRef ref="VTR:ScheduledStopPoint:28418" version="1"/>
                </PointProjection>
              </projections>
            </RoutePoint>
            <RoutePoint version="1" id="VTR:RoutePoint:28419">
              <projections>
                <PointProjection version="1" id="VTR:PointProjection:7294">
                  <ProjectedPointRef ref="VTR:ScheduledStopPoint:28419" version="1"/>
                </PointProjection>
              </projections>
            </RoutePoint>
            <RoutePoint version="1" id="VTR:RoutePoint:28420">
              <projections>
                <PointProjection version="1" id="VTR:PointProjection:7295">
                  <ProjectedPointRef ref="VTR:ScheduledStopPoint:28420" version="1"/>
                </PointProjection>
              </projections>
            </RoutePoint>
            <RoutePoint version="1" id="VTR:RoutePoint:28428">
              <projections>
                <PointProjection version="1" id="VTR:PointProjection:7296">
                  <ProjectedPointRef ref="VTR:ScheduledStopPoint:28428" version="1"/>
                </PointProjection>
              </projections>
            </RoutePoint>
            <RoutePoint version="1" id="VTR:RoutePoint:28460">
              <projections>
                <PointProjection version="1" id="VTR:PointProjection:8518">
                  <ProjectedPointRef ref="VTR:ScheduledStopPoint:28460" version="1"/>
                </PointProjection>
              </projections>
            </RoutePoint>
            <RoutePoint version="1" id="VTR:RoutePoint:28463">
              <projections>
                <PointProjection version="1" id="VTR:PointProjection:8519">
                  <ProjectedPointRef ref="VTR:ScheduledStopPoint:28463" version="1"/>
                </PointProjection>
              </projections>
            </RoutePoint>
            <RoutePoint version="1" id="VTR:RoutePoint:28464">
              <projections>
                <PointProjection version="1" id="VTR:PointProjection:8520">
                  <ProjectedPointRef ref="VTR:ScheduledStopPoint:28464" version="1"/>
                </PointProjection>
              </projections>
            </RoutePoint>
            <RoutePoint version="1" id="VTR:RoutePoint:28465">
              <projections>
                <PointProjection version="1" id="VTR:PointProjection:8521">
                  <ProjectedPointRef ref="VTR:ScheduledStopPoint:28465" version="1"/>
                </PointProjection>
              </projections>
            </RoutePoint>
            <RoutePoint version="1" id="VTR:RoutePoint:28516">
              <projections>
                <PointProjection version="1" id="VTR:PointProjection:8600">
                  <ProjectedPointRef ref="VTR:ScheduledStopPoint:28516" version="1"/>
                </PointProjection>
              </projections>
            </RoutePoint>
            <RoutePoint version="1" id="VTR:RoutePoint:28517">
              <projections>
                <PointProjection version="1" id="VTR:PointProjection:8601">
                  <ProjectedPointRef ref="VTR:ScheduledStopPoint:28517" version="1"/>
                </PointProjection>
              </projections>
            </RoutePoint>
            <RoutePoint version="1" id="VTR:RoutePoint:28518">
              <projections>
                <PointProjection version="1" id="VTR:PointProjection:8615">
                  <ProjectedPointRef ref="VTR:ScheduledStopPoint:28518" version="1"/>
                </PointProjection>
              </projections>
            </RoutePoint>
            <RoutePoint version="1" id="VTR:RoutePoint:28519">
              <projections>
                <PointProjection version="1" id="VTR:PointProjection:8616">
                  <ProjectedPointRef ref="VTR:ScheduledStopPoint:28519" version="1"/>
                </PointProjection>
              </projections>
            </RoutePoint>
            <RoutePoint version="1" id="VTR:RoutePoint:28520">
              <projections>
                <PointProjection version="1" id="VTR:PointProjection:8617">
                  <ProjectedPointRef ref="VTR:ScheduledStopPoint:28520" version="1"/>
                </PointProjection>
              </projections>
            </RoutePoint>
            <RoutePoint version="1" id="VTR:RoutePoint:28521">
              <projections>
                <PointProjection version="1" id="VTR:PointProjection:8618">
                  <ProjectedPointRef ref="VTR:ScheduledStopPoint:28521" version="1"/>
                </PointProjection>
              </projections>
            </RoutePoint>
            <RoutePoint version="1" id="VTR:RoutePoint:28522">
              <projections>
                <PointProjection version="1" id="VTR:PointProjection:8619">
                  <ProjectedPointRef ref="VTR:ScheduledStopPoint:28522" version="1"/>
                </PointProjection>
              </projections>
            </RoutePoint>
            <RoutePoint version="1" id="VTR:RoutePoint:28523">
              <projections>
                <PointProjection version="1" id="VTR:PointProjection:8620">
                  <ProjectedPointRef ref="VTR:ScheduledStopPoint:28523" version="1"/>
                </PointProjection>
              </projections>
            </RoutePoint>
            <RoutePoint version="1" id="VTR:RoutePoint:60977">
              <projections>
                <PointProjection version="1" id="VTR:PointProjection:21537">
                  <ProjectedPointRef ref="VTR:ScheduledStopPoint:60977" version="1"/>
                </PointProjection>
              </projections>
            </RoutePoint>
            <RoutePoint version="1" id="VTR:RoutePoint:60978">
              <projections>
                <PointProjection version="1" id="VTR:PointProjection:21538">
                  <ProjectedPointRef ref="VTR:ScheduledStopPoint:60978" version="1"/>
                </PointProjection>
              </projections>
            </RoutePoint>
            <RoutePoint version="1" id="VTR:RoutePoint:60979">
              <projections>
                <PointProjection version="1" id="VTR:PointProjection:21539">
                  <ProjectedPointRef ref="VTR:ScheduledStopPoint:60979" version="1"/>
                </PointProjection>
              </projections>
            </RoutePoint>
            <RoutePoint version="1" id="VTR:RoutePoint:62191">
              <projections>
                <PointProjection version="1" id="VTR:PointProjection:22629">
                  <ProjectedPointRef ref="VTR:ScheduledStopPoint:62191" version="1"/>
                </PointProjection>
              </projections>
            </RoutePoint>
          </routePoints>
          <routes>
            <Route version="1" id="VTR:Route:2142">
              <Name>Vilnius-Anykščiai</Name>
              <ShortName>Vilnius-Anykščiai</ShortName>
              <LineRef ref="VTR:Line:740" version="725"/>
              <DirectionType>inbound</DirectionType>
              <pointsInSequence>
                <PointOnRoute version="1" id="VTR:PointOnRoute:28460" order="1">
                  <RoutePointRef ref="VTR:RoutePoint:28460"/>
                </PointOnRoute>
                <PointOnRoute version="1" id="VTR:PointOnRoute:62191" order="2">
                  <RoutePointRef ref="VTR:RoutePoint:62191"/>
                </PointOnRoute>
                <PointOnRoute version="1" id="VTR:PointOnRoute:28463" order="3">
                  <RoutePointRef ref="VTR:RoutePoint:28463"/>
                </PointOnRoute>
                <PointOnRoute version="1" id="VTR:PointOnRoute:28516" order="4">
                  <RoutePointRef ref="VTR:RoutePoint:28516"/>
                </PointOnRoute>
                <PointOnRoute version="1" id="VTR:PointOnRoute:28517" order="5">
                  <RoutePointRef ref="VTR:RoutePoint:28517"/>
                </PointOnRoute>
                <PointOnRoute version="1" id="VTR:PointOnRoute:28518" order="6">
                  <RoutePointRef ref="VTR:RoutePoint:28518"/>
                </PointOnRoute>
                <PointOnRoute version="1" id="VTR:PointOnRoute:28464" order="7">
                  <RoutePointRef ref="VTR:RoutePoint:28464"/>
                </PointOnRoute>
                <PointOnRoute version="1" id="VTR:PointOnRoute:28519" order="8">
                  <RoutePointRef ref="VTR:RoutePoint:28519"/>
                </PointOnRoute>
                <PointOnRoute version="1" id="VTR:PointOnRoute:28520" order="9">
                  <RoutePointRef ref="VTR:RoutePoint:28520"/>
                </PointOnRoute>
                <PointOnRoute version="1" id="VTR:PointOnRoute:28521" order="10">
                  <RoutePointRef ref="VTR:RoutePoint:28521"/>
                </PointOnRoute>
                <PointOnRoute version="1" id="VTR:PointOnRoute:28522" order="11">
                  <RoutePointRef ref="VTR:RoutePoint:28522"/>
                </PointOnRoute>
                <PointOnRoute version="1" id="VTR:PointOnRoute:28523" order="12">
                  <RoutePointRef ref="VTR:RoutePoint:28523"/>
                </PointOnRoute>
                <PointOnRoute version="1" id="VTR:PointOnRoute:28465" order="13">
                  <RoutePointRef ref="VTR:RoutePoint:28465"/>
                </PointOnRoute>
              </pointsInSequence>
            </Route>
            <Route version="1" id="VTR:Route:2141">
              <Name>Anykščiai-Vilnius</Name>
              <ShortName>Anykščiai-Vilnius</ShortName>
              <LineRef ref="VTR:Line:740" version="725"/>
              <DirectionType>outbound</DirectionType>
              <pointsInSequence>
                <PointOnRoute version="1" id="VTR:PointOnRoute:28409" order="1">
                  <RoutePointRef ref="VTR:RoutePoint:28409"/>
                </PointOnRoute>
                <PointOnRoute version="1" id="VTR:PointOnRoute:28410" order="2">
                  <RoutePointRef ref="VTR:RoutePoint:28410"/>
                </PointOnRoute>
                <PointOnRoute version="1" id="VTR:PointOnRoute:28412" order="3">
                  <RoutePointRef ref="VTR:RoutePoint:28412"/>
                </PointOnRoute>
                <PointOnRoute version="1" id="VTR:PointOnRoute:28413" order="4">
                  <RoutePointRef ref="VTR:RoutePoint:28413"/>
                </PointOnRoute>
                <PointOnRoute version="1" id="VTR:PointOnRoute:28414" order="5">
                  <RoutePointRef ref="VTR:RoutePoint:28414"/>
                </PointOnRoute>
                <PointOnRoute version="1" id="VTR:PointOnRoute:28415" order="6">
                  <RoutePointRef ref="VTR:RoutePoint:28415"/>
                </PointOnRoute>
                <PointOnRoute version="1" id="VTR:PointOnRoute:28416" order="7">
                  <RoutePointRef ref="VTR:RoutePoint:28416"/>
                </PointOnRoute>
                <PointOnRoute version="1" id="VTR:PointOnRoute:28417" order="8">
                  <RoutePointRef ref="VTR:RoutePoint:28417"/>
                </PointOnRoute>
                <PointOnRoute version="1" id="VTR:PointOnRoute:28418" order="9">
                  <RoutePointRef ref="VTR:RoutePoint:28418"/>
                </PointOnRoute>
                <PointOnRoute version="1" id="VTR:PointOnRoute:28419" order="10">
                  <RoutePointRef ref="VTR:RoutePoint:28419"/>
                </PointOnRoute>
                <PointOnRoute version="1" id="VTR:PointOnRoute:28420" order="11">
                  <RoutePointRef ref="VTR:RoutePoint:28420"/>
                </PointOnRoute>
                <PointOnRoute version="1" id="VTR:PointOnRoute:60977" order="12">
                  <RoutePointRef ref="VTR:RoutePoint:60977"/>
                </PointOnRoute>
                <PointOnRoute version="1" id="VTR:PointOnRoute:60978" order="13">
                  <RoutePointRef ref="VTR:RoutePoint:60978"/>
                </PointOnRoute>
                <PointOnRoute version="1" id="VTR:PointOnRoute:60979" order="14">
                  <RoutePointRef ref="VTR:RoutePoint:60979"/>
                </PointOnRoute>
                <PointOnRoute version="1" id="VTR:PointOnRoute:28428" order="15">
                  <RoutePointRef ref="VTR:RoutePoint:28428"/>
                </PointOnRoute>
              </pointsInSequence>
            </Route>
          </routes>
          <lines>
            <Line version="725" id="VTR:Line:740">
              <Name>Anykščiai-Vilnius</Name>
              <TransportMode>bus</TransportMode>
              <TransportSubmode>
                <CoachSubmode>nationalCoach</CoachSubmode>
              </TransportSubmode>
              <PublicCode>M-145</PublicCode>
              <OperatorRef ref="VTR:Operator:2"/>
            </Line>
          </lines>
          <scheduledStopPoints>
            <ScheduledStopPoint version="1" id="VTR:ScheduledStopPoint:28409">
              <Name>Anykščių autobusų stotis</Name>
            </ScheduledStopPoint>
            <ScheduledStopPoint version="1" id="VTR:ScheduledStopPoint:28410">
              <Name>Ažuožeriai</Name>
            </ScheduledStopPoint>
            <ScheduledStopPoint version="1" id="VTR:ScheduledStopPoint:28412">
              <Name>Kavarskas</Name>
            </ScheduledStopPoint>
            <ScheduledStopPoint version="1" id="VTR:ScheduledStopPoint:28413">
              <Name>Svirnai II</Name>
            </ScheduledStopPoint>
            <ScheduledStopPoint version="1" id="VTR:ScheduledStopPoint:28414">
              <Name>Šventupė</Name>
            </ScheduledStopPoint>
            <ScheduledStopPoint version="1" id="VTR:ScheduledStopPoint:28415">
              <Name>Vidiškiai</Name>
            </ScheduledStopPoint>
            <ScheduledStopPoint version="1" id="VTR:ScheduledStopPoint:28416">
              <Name>Ukmergės autobusų stotis</Name>
            </ScheduledStopPoint>
            <ScheduledStopPoint version="1" id="VTR:ScheduledStopPoint:28417">
              <Name>Nuotėkių</Name>
            </ScheduledStopPoint>
            <ScheduledStopPoint version="1" id="VTR:ScheduledStopPoint:28418">
              <Name>Jačionys</Name>
            </ScheduledStopPoint>
            <ScheduledStopPoint version="1" id="VTR:ScheduledStopPoint:28419">
              <Name>Krikštėnai</Name>
            </ScheduledStopPoint>
            <ScheduledStopPoint version="1" id="VTR:ScheduledStopPoint:28420">
              <Name>Širvintos</Name>
            </ScheduledStopPoint>
            <ScheduledStopPoint version="1" id="VTR:ScheduledStopPoint:28428">
              <Name>Vilniaus autobusų stotis</Name>
            </ScheduledStopPoint>
            <ScheduledStopPoint version="1" id="VTR:ScheduledStopPoint:28460">
              <Name>Vilniaus autobusų stotis</Name>
            </ScheduledStopPoint>
            <ScheduledStopPoint version="1" id="VTR:ScheduledStopPoint:28463">
              <Name>Širvintų autobusų stotis</Name>
            </ScheduledStopPoint>
            <ScheduledStopPoint version="1" id="VTR:ScheduledStopPoint:28464">
              <Name>Ukmergės autobusų stotis</Name>
            </ScheduledStopPoint>
            <ScheduledStopPoint version="1" id="VTR:ScheduledStopPoint:28465">
              <Name>Anykščių autobusų stotis</Name>
            </ScheduledStopPoint>
            <ScheduledStopPoint version="1" id="VTR:ScheduledStopPoint:28516">
              <Name>Krikštėnai</Name>
            </ScheduledStopPoint>
            <ScheduledStopPoint version="1" id="VTR:ScheduledStopPoint:28517">
              <Name>Jačionys</Name>
            </ScheduledStopPoint>
            <ScheduledStopPoint version="1" id="VTR:ScheduledStopPoint:28518">
              <Name>Nuotėkių</Name>
            </ScheduledStopPoint>
            <ScheduledStopPoint version="1" id="VTR:ScheduledStopPoint:28519">
              <Name>Vidiškiai</Name>
            </ScheduledStopPoint>
            <ScheduledStopPoint version="1" id="VTR:ScheduledStopPoint:28520">
              <Name>Šventupė</Name>
            </ScheduledStopPoint>
            <ScheduledStopPoint version="1" id="VTR:ScheduledStopPoint:28521">
              <Name>Kavarskas</Name>
            </ScheduledStopPoint>
            <ScheduledStopPoint version="1" id="VTR:ScheduledStopPoint:28522">
              <Name>Zaviesiškis</Name>
            </ScheduledStopPoint>
            <ScheduledStopPoint version="1" id="VTR:ScheduledStopPoint:28523">
              <Name>Ažuožeriai</Name>
            </ScheduledStopPoint>
            <ScheduledStopPoint version="1" id="VTR:ScheduledStopPoint:60977">
              <Name>Fabijoniškės</Name>
            </ScheduledStopPoint>
            <ScheduledStopPoint version="1" id="VTR:ScheduledStopPoint:60978">
              <Name>Gedimino prospektas</Name>
            </ScheduledStopPoint>
            <ScheduledStopPoint version="1" id="VTR:ScheduledStopPoint:60979">
              <Name>Žemaitės</Name>
            </ScheduledStopPoint>
            <ScheduledStopPoint version="1" id="VTR:ScheduledStopPoint:62191">
              <Name>Fabijoniškės</Name>
            </ScheduledStopPoint>
          </scheduledStopPoints>
          <serviceLinks>
            <ServiceLink id="VTR:ServiceLink:28410_1_28412_1" version="1">
              <Distance>10</Distance>
              <FromPointRef ref="VTR:ScheduledStopPoint:28410" version="1"/>
              <ToPointRef ref="VTR:ScheduledStopPoint:28412" version="1"/>
            </ServiceLink>
            <ServiceLink id="VTR:ServiceLink:28464_1_28519_1" version="1">
              <Distance>7</Distance>
              <FromPointRef ref="VTR:ScheduledStopPoint:28464" version="1"/>
              <ToPointRef ref="VTR:ScheduledStopPoint:28519" version="1"/>
            </ServiceLink>
            <ServiceLink id="VTR:ServiceLink:28418_1_28419_1" version="1">
              <Distance>4</Distance>
              <FromPointRef ref="VTR:ScheduledStopPoint:28418" version="1"/>
              <ToPointRef ref="VTR:ScheduledStopPoint:28419" version="1"/>
            </ServiceLink>
            <ServiceLink id="VTR:ServiceLink:28516_1_28517_1" version="1">
              <Distance>4</Distance>
              <FromPointRef ref="VTR:ScheduledStopPoint:28516" version="1"/>
              <ToPointRef ref="VTR:ScheduledStopPoint:28517" version="1"/>
            </ServiceLink>
            <ServiceLink id="VTR:ServiceLink:28413_1_28414_1" version="1">
              <Distance>7</Distance>
              <FromPointRef ref="VTR:ScheduledStopPoint:28413" version="1"/>
              <ToPointRef ref="VTR:ScheduledStopPoint:28414" version="1"/>
            </ServiceLink>
            <ServiceLink id="VTR:ServiceLink:28412_1_28413_1" version="1">
              <Distance>5</Distance>
              <FromPointRef ref="VTR:ScheduledStopPoint:28412" version="1"/>
              <ToPointRef ref="VTR:ScheduledStopPoint:28413" version="1"/>
            </ServiceLink>
            <ServiceLink id="VTR:ServiceLink:28521_1_28522_1" version="1">
              <Distance>4</Distance>
              <FromPointRef ref="VTR:ScheduledStopPoint:28521" version="1"/>
              <ToPointRef ref="VTR:ScheduledStopPoint:28522" version="1"/>
            </ServiceLink>
            <ServiceLink id="VTR:ServiceLink:28519_1_28520_1" version="1">
              <Distance>2</Distance>
              <FromPointRef ref="VTR:ScheduledStopPoint:28519" version="1"/>
              <ToPointRef ref="VTR:ScheduledStopPoint:28520" version="1"/>
            </ServiceLink>
            <ServiceLink id="VTR:ServiceLink:28409_1_28410_1" version="1">
              <Distance>5</Distance>
              <FromPointRef ref="VTR:ScheduledStopPoint:28409" version="1"/>
              <ToPointRef ref="VTR:ScheduledStopPoint:28410" version="1"/>
            </ServiceLink>
            <ServiceLink id="VTR:ServiceLink:28523_1_28465_1" version="1">
              <Distance>5</Distance>
              <FromPointRef ref="VTR:ScheduledStopPoint:28523" version="1"/>
              <ToPointRef ref="VTR:ScheduledStopPoint:28465" version="1"/>
            </ServiceLink>
            <ServiceLink id="VTR:ServiceLink:28417_1_28418_1" version="1">
              <Distance>10</Distance>
              <FromPointRef ref="VTR:ScheduledStopPoint:28417" version="1"/>
              <ToPointRef ref="VTR:ScheduledStopPoint:28418" version="1"/>
            </ServiceLink>
            <ServiceLink id="VTR:ServiceLink:60979_1_28428_1" version="1">
              <Distance>2</Distance>
              <FromPointRef ref="VTR:ScheduledStopPoint:60979" version="1"/>
              <ToPointRef ref="VTR:ScheduledStopPoint:28428" version="1"/>
            </ServiceLink>
            <ServiceLink id="VTR:ServiceLink:28518_1_28464_1" version="1">
              <Distance>4</Distance>
              <FromPointRef ref="VTR:ScheduledStopPoint:28518" version="1"/>
              <ToPointRef ref="VTR:ScheduledStopPoint:28464" version="1"/>
            </ServiceLink>
            <ServiceLink id="VTR:ServiceLink:28517_1_28518_1" version="1">
              <Distance>9</Distance>
              <FromPointRef ref="VTR:ScheduledStopPoint:28517" version="1"/>
              <ToPointRef ref="VTR:ScheduledStopPoint:28518" version="1"/>
            </ServiceLink>
            <ServiceLink id="VTR:ServiceLink:28522_1_28523_1" version="1">
              <Distance>5</Distance>
              <FromPointRef ref="VTR:ScheduledStopPoint:28522" version="1"/>
              <ToPointRef ref="VTR:ScheduledStopPoint:28523" version="1"/>
            </ServiceLink>
            <ServiceLink id="VTR:ServiceLink:28463_1_28516_1" version="1">
              <Distance>12</Distance>
              <FromPointRef ref="VTR:ScheduledStopPoint:28463" version="1"/>
              <ToPointRef ref="VTR:ScheduledStopPoint:28516" version="1"/>
            </ServiceLink>
            <ServiceLink id="VTR:ServiceLink:28415_1_28416_1" version="1">
              <Distance>6</Distance>
              <FromPointRef ref="VTR:ScheduledStopPoint:28415" version="1"/>
              <ToPointRef ref="VTR:ScheduledStopPoint:28416" version="1"/>
            </ServiceLink>
            <ServiceLink id="VTR:ServiceLink:28414_1_28415_1" version="1">
              <Distance>2</Distance>
              <FromPointRef ref="VTR:ScheduledStopPoint:28414" version="1"/>
              <ToPointRef ref="VTR:ScheduledStopPoint:28415" version="1"/>
            </ServiceLink>
            <ServiceLink id="VTR:ServiceLink:28520_1_28521_1" version="1">
              <Distance>12</Distance>
              <FromPointRef ref="VTR:ScheduledStopPoint:28520" version="1"/>
              <ToPointRef ref="VTR:ScheduledStopPoint:28521" version="1"/>
            </ServiceLink>
            <ServiceLink id="VTR:ServiceLink:28416_1_28417_1" version="1">
              <Distance>3</Distance>
              <FromPointRef ref="VTR:ScheduledStopPoint:28416" version="1"/>
              <ToPointRef ref="VTR:ScheduledStopPoint:28417" version="1"/>
            </ServiceLink>
            <ServiceLink id="VTR:ServiceLink:28419_1_28420_1" version="1">
              <Distance>12</Distance>
              <FromPointRef ref="VTR:ScheduledStopPoint:28419" version="1"/>
              <ToPointRef ref="VTR:ScheduledStopPoint:28420" version="1"/>
            </ServiceLink>
            <ServiceLink id="VTR:ServiceLink:60977_1_60978_1" version="1">
              <Distance>4</Distance>
              <FromPointRef ref="VTR:ScheduledStopPoint:60977" version="1"/>
              <ToPointRef ref="VTR:ScheduledStopPoint:60978" version="1"/>
            </ServiceLink>
          </serviceLinks>
          <stopAssignments>
            <PassengerStopAssignment order="214100000" id="VTR:PassengerStopAssignment:28409" version="1">
              <ScheduledStopPointRef ref="VTR:ScheduledStopPoint:28409" version="1"/>
              <QuayRef ref="VTR:Quay:19484"/>
            </PassengerStopAssignment>
            <PassengerStopAssignment order="214100001" id="VTR:PassengerStopAssignment:28410" version="1">
              <ScheduledStopPointRef ref="VTR:ScheduledStopPoint:28410" version="1"/>
              <QuayRef ref="VTR:Quay:6411"/>
            </PassengerStopAssignment>
            <PassengerStopAssignment order="214100002" id="VTR:PassengerStopAssignment:28412" version="1">
              <ScheduledStopPointRef ref="VTR:ScheduledStopPoint:28412" version="1"/>
              <QuayRef ref="VTR:Quay:15352"/>
            </PassengerStopAssignment>
            <PassengerStopAssignment order="214100003" id="VTR:PassengerStopAssignment:28413" version="1">
              <ScheduledStopPointRef ref="VTR:ScheduledStopPoint:28413" version="1"/>
              <QuayRef ref="VTR:Quay:6423"/>
            </PassengerStopAssignment>
            <PassengerStopAssignment order="214100004" id="VTR:PassengerStopAssignment:28414" version="1">
              <ScheduledStopPointRef ref="VTR:ScheduledStopPoint:28414" version="1"/>
              <QuayRef ref="VTR:Quay:15703"/>
            </PassengerStopAssignment>
            <PassengerStopAssignment order="214100005" id="VTR:PassengerStopAssignment:28415" version="1">
              <ScheduledStopPointRef ref="VTR:ScheduledStopPoint:28415" version="1"/>
              <QuayRef ref="VTR:Quay:15749"/>
            </PassengerStopAssignment>
            <PassengerStopAssignment order="214100006" id="VTR:PassengerStopAssignment:28416" version="1">
              <ScheduledStopPointRef ref="VTR:ScheduledStopPoint:28416" version="1"/>
              <QuayRef ref="VTR:Quay:19468"/>
            </PassengerStopAssignment>
            <PassengerStopAssignment order="214100007" id="VTR:PassengerStopAssignment:28417" version="1">
              <ScheduledStopPointRef ref="VTR:ScheduledStopPoint:28417" version="1"/>
              <QuayRef ref="VTR:Quay:9573"/>
            </PassengerStopAssignment>
            <PassengerStopAssignment order="214100008" id="VTR:PassengerStopAssignment:28418" version="1">
              <ScheduledStopPointRef ref="VTR:ScheduledStopPoint:28418" version="1"/>
              <QuayRef ref="VTR:Quay:9571"/>
            </PassengerStopAssignment>
            <PassengerStopAssignment order="214100009" id="VTR:PassengerStopAssignment:28419" version="1">
              <ScheduledStopPointRef ref="VTR:ScheduledStopPoint:28419" version="1"/>
              <QuayRef ref="VTR:Quay:7565"/>
            </PassengerStopAssignment>
            <PassengerStopAssignment order="214100010" id="VTR:PassengerStopAssignment:28420" version="1">
              <ScheduledStopPointRef ref="VTR:ScheduledStopPoint:28420" version="1"/>
              <QuayRef ref="VTR:Quay:16355"/>
            </PassengerStopAssignment>
            <PassengerStopAssignment order="214100015" id="VTR:PassengerStopAssignment:60977" version="1">
              <ScheduledStopPointRef ref="VTR:ScheduledStopPoint:60977" version="1"/>
              <QuayRef ref="VTR:Quay:20087"/>
            </PassengerStopAssignment>
            <PassengerStopAssignment order="214100016" id="VTR:PassengerStopAssignment:60978" version="1">
              <ScheduledStopPointRef ref="VTR:ScheduledStopPoint:60978" version="1"/>
              <QuayRef ref="VTR:Quay:21418"/>
            </PassengerStopAssignment>
            <PassengerStopAssignment order="214100020" id="VTR:PassengerStopAssignment:60979" version="1">
              <ScheduledStopPointRef ref="VTR:ScheduledStopPoint:60979" version="1"/>
              <QuayRef ref="VTR:Quay:21417"/>
            </PassengerStopAssignment>
            <PassengerStopAssignment order="214100021" id="VTR:PassengerStopAssignment:28428" version="1">
              <ScheduledStopPointRef ref="VTR:ScheduledStopPoint:28428" version="1"/>
              <QuayRef ref="VTR:Quay:19485"/>
            </PassengerStopAssignment>
            <PassengerStopAssignment order="214200000" id="VTR:PassengerStopAssignment:28460" version="1">
              <ScheduledStopPointRef ref="VTR:ScheduledStopPoint:28460" version="1"/>
              <QuayRef ref="VTR:Quay:19485"/>
            </PassengerStopAssignment>
            <PassengerStopAssignment order="214200003" id="VTR:PassengerStopAssignment:62191" version="1">
              <ScheduledStopPointRef ref="VTR:ScheduledStopPoint:62191" version="1"/>
              <QuayRef ref="VTR:Quay:20088"/>
            </PassengerStopAssignment>
            <PassengerStopAssignment order="214200005" id="VTR:PassengerStopAssignment:28463" version="1">
              <ScheduledStopPointRef ref="VTR:ScheduledStopPoint:28463" version="1"/>
              <QuayRef ref="VTR:Quay:19464"/>
            </PassengerStopAssignment>
            <PassengerStopAssignment order="214200006" id="VTR:PassengerStopAssignment:28516" version="1">
              <ScheduledStopPointRef ref="VTR:ScheduledStopPoint:28516" version="1"/>
              <QuayRef ref="VTR:Quay:7765"/>
            </PassengerStopAssignment>
            <PassengerStopAssignment order="214200007" id="VTR:PassengerStopAssignment:28517" version="1">
              <ScheduledStopPointRef ref="VTR:ScheduledStopPoint:28517" version="1"/>
              <QuayRef ref="VTR:Quay:10720"/>
            </PassengerStopAssignment>
            <PassengerStopAssignment order="214200008" id="VTR:PassengerStopAssignment:28518" version="1">
              <ScheduledStopPointRef ref="VTR:ScheduledStopPoint:28518" version="1"/>
              <QuayRef ref="VTR:Quay:8766"/>
            </PassengerStopAssignment>
            <PassengerStopAssignment order="214200009" id="VTR:PassengerStopAssignment:28464" version="1">
              <ScheduledStopPointRef ref="VTR:ScheduledStopPoint:28464" version="1"/>
              <QuayRef ref="VTR:Quay:19468"/>
            </PassengerStopAssignment>
            <PassengerStopAssignment order="214200010" id="VTR:PassengerStopAssignment:28519" version="1">
              <ScheduledStopPointRef ref="VTR:ScheduledStopPoint:28519" version="1"/>
              <QuayRef ref="VTR:Quay:4768"/>
            </PassengerStopAssignment>
            <PassengerStopAssignment order="214200011" id="VTR:PassengerStopAssignment:28520" version="1">
              <ScheduledStopPointRef ref="VTR:ScheduledStopPoint:28520" version="1"/>
              <QuayRef ref="VTR:Quay:4775"/>
            </PassengerStopAssignment>
            <PassengerStopAssignment order="214200012" id="VTR:PassengerStopAssignment:28521" version="1">
              <ScheduledStopPointRef ref="VTR:ScheduledStopPoint:28521" version="1"/>
              <QuayRef ref="VTR:Quay:8394"/>
            </PassengerStopAssignment>
            <PassengerStopAssignment order="214200013" id="VTR:PassengerStopAssignment:28522" version="1">
              <ScheduledStopPointRef ref="VTR:ScheduledStopPoint:28522" version="1"/>
              <QuayRef ref="VTR:Quay:16291"/>
            </PassengerStopAssignment>
            <PassengerStopAssignment order="214200014" id="VTR:PassengerStopAssignment:28523" version="1">
              <ScheduledStopPointRef ref="VTR:ScheduledStopPoint:28523" version="1"/>
              <QuayRef ref="VTR:Quay:8401"/>
            </PassengerStopAssignment>
            <PassengerStopAssignment order="214200015" id="VTR:PassengerStopAssignment:28465" version="1">
              <ScheduledStopPointRef ref="VTR:ScheduledStopPoint:28465" version="1"/>
              <QuayRef ref="VTR:Quay:19484"/>
            </PassengerStopAssignment>
          </stopAssignments>
          <journeyPatterns>
            <JourneyPattern id="VTR:JourneyPattern:45808" version="45787">
              <Name>3*</Name>
              <RouteRef ref="VTR:Route:2141" version="1"/>
              <pointsInSequence>
                <StopPointInJourneyPattern id="VTR:StopPointInJourneyPattern:959137" version="45787" order="1">
                  <ScheduledStopPointRef ref="VTR:ScheduledStopPoint:28409"/>
                  <ForAlighting>false</ForAlighting>
                  <DestinationDisplayRef ref="VTR:DestinationDisplay:1"/>
                </StopPointInJourneyPattern>
                <StopPointInJourneyPattern id="VTR:StopPointInJourneyPattern:959138" version="45787" order="2">
                  <ScheduledStopPointRef ref="VTR:ScheduledStopPoint:28410"/>
                  <DestinationDisplayRef ref="VTR:DestinationDisplay:1"/>
                </StopPointInJourneyPattern>
                <StopPointInJourneyPattern id="VTR:StopPointInJourneyPattern:959139" version="45787" order="3">
                  <ScheduledStopPointRef ref="VTR:ScheduledStopPoint:28412"/>
                  <DestinationDisplayRef ref="VTR:DestinationDisplay:1"/>
                </StopPointInJourneyPattern>
                <StopPointInJourneyPattern id="VTR:StopPointInJourneyPattern:959140" version="45787" order="4">
                  <ScheduledStopPointRef ref="VTR:ScheduledStopPoint:28413"/>
                  <DestinationDisplayRef ref="VTR:DestinationDisplay:1"/>
                </StopPointInJourneyPattern>
                <StopPointInJourneyPattern id="VTR:StopPointInJourneyPattern:959142" version="45787" order="6">
                  <ScheduledStopPointRef ref="VTR:ScheduledStopPoint:28415"/>
                  <DestinationDisplayRef ref="VTR:DestinationDisplay:1"/>
                </StopPointInJourneyPattern>
                <StopPointInJourneyPattern id="VTR:StopPointInJourneyPattern:959143" version="45787" order="7">
                  <ScheduledStopPointRef ref="VTR:ScheduledStopPoint:28416"/>
                  <DestinationDisplayRef ref="VTR:DestinationDisplay:1"/>
                </StopPointInJourneyPattern>
                <StopPointInJourneyPattern id="VTR:StopPointInJourneyPattern:959144" version="45787" order="8">
                  <ScheduledStopPointRef ref="VTR:ScheduledStopPoint:28417"/>
                  <DestinationDisplayRef ref="VTR:DestinationDisplay:1"/>
                </StopPointInJourneyPattern>
                <StopPointInJourneyPattern id="VTR:StopPointInJourneyPattern:959145" version="45787" order="9">
                  <ScheduledStopPointRef ref="VTR:ScheduledStopPoint:28418"/>
                  <DestinationDisplayRef ref="VTR:DestinationDisplay:1"/>
                </StopPointInJourneyPattern>
                <StopPointInJourneyPattern id="VTR:StopPointInJourneyPattern:959146" version="45787" order="10">
                  <ScheduledStopPointRef ref="VTR:ScheduledStopPoint:28419"/>
                  <DestinationDisplayRef ref="VTR:DestinationDisplay:1"/>
                </StopPointInJourneyPattern>
                <StopPointInJourneyPattern id="VTR:StopPointInJourneyPattern:959147" version="45787" order="11">
                  <ScheduledStopPointRef ref="VTR:ScheduledStopPoint:28420"/>
                  <DestinationDisplayRef ref="VTR:DestinationDisplay:1"/>
                </StopPointInJourneyPattern>
                <StopPointInJourneyPattern id="VTR:StopPointInJourneyPattern:959148" version="45787" order="12">
                  <ScheduledStopPointRef ref="VTR:ScheduledStopPoint:60977"/>
                  <ForBoarding>false</ForBoarding>
                  <DestinationDisplayRef ref="VTR:DestinationDisplay:1"/>
                </StopPointInJourneyPattern>
                <StopPointInJourneyPattern id="VTR:StopPointInJourneyPattern:959149" version="45787" order="13">
                  <ScheduledStopPointRef ref="VTR:ScheduledStopPoint:60978"/>
                  <ForBoarding>false</ForBoarding>
                  <DestinationDisplayRef ref="VTR:DestinationDisplay:1"/>
                </StopPointInJourneyPattern>
                <StopPointInJourneyPattern id="VTR:StopPointInJourneyPattern:959150" version="45787" order="14">
                  <ScheduledStopPointRef ref="VTR:ScheduledStopPoint:60979"/>
                  <ForBoarding>false</ForBoarding>
                  <DestinationDisplayRef ref="VTR:DestinationDisplay:1"/>
                </StopPointInJourneyPattern>
                <StopPointInJourneyPattern id="VTR:StopPointInJourneyPattern:959151" version="45787" order="15">
                  <ScheduledStopPointRef ref="VTR:ScheduledStopPoint:28428"/>
                  <ForBoarding>false</ForBoarding>
                  <DestinationDisplayRef ref="VTR:DestinationDisplay:1"/>
                </StopPointInJourneyPattern>
              </pointsInSequence>
            </JourneyPattern>
            <JourneyPattern id="VTR:JourneyPattern:45806" version="45785">
              <Name>6*</Name>
              <RouteRef ref="VTR:Route:2142" version="1"/>
              <pointsInSequence>
                <StopPointInJourneyPattern id="VTR:StopPointInJourneyPattern:959109" version="45785" order="1">
                  <ScheduledStopPointRef ref="VTR:ScheduledStopPoint:28460"/>
                  <ForAlighting>false</ForAlighting>
                  <DestinationDisplayRef ref="VTR:DestinationDisplay:1"/>
                </StopPointInJourneyPattern>
                <StopPointInJourneyPattern id="VTR:StopPointInJourneyPattern:959110" version="45785" order="2">
                  <ScheduledStopPointRef ref="VTR:ScheduledStopPoint:62191"/>
                  <ForAlighting>false</ForAlighting>
                  <DestinationDisplayRef ref="VTR:DestinationDisplay:1"/>
                </StopPointInJourneyPattern>
                <StopPointInJourneyPattern id="VTR:StopPointInJourneyPattern:959111" version="45785" order="3">
                  <ScheduledStopPointRef ref="VTR:ScheduledStopPoint:28463"/>
                  <DestinationDisplayRef ref="VTR:DestinationDisplay:1"/>
                </StopPointInJourneyPattern>
                <StopPointInJourneyPattern id="VTR:StopPointInJourneyPattern:959112" version="45785" order="4">
                  <ScheduledStopPointRef ref="VTR:ScheduledStopPoint:28516"/>
                  <DestinationDisplayRef ref="VTR:DestinationDisplay:1"/>
                </StopPointInJourneyPattern>
                <StopPointInJourneyPattern id="VTR:StopPointInJourneyPattern:959113" version="45785" order="5">
                  <ScheduledStopPointRef ref="VTR:ScheduledStopPoint:28517"/>
                  <DestinationDisplayRef ref="VTR:DestinationDisplay:1"/>
                </StopPointInJourneyPattern>
                <StopPointInJourneyPattern id="VTR:StopPointInJourneyPattern:959114" version="45785" order="6">
                  <ScheduledStopPointRef ref="VTR:ScheduledStopPoint:28518"/>
                  <DestinationDisplayRef ref="VTR:DestinationDisplay:1"/>
                </StopPointInJourneyPattern>
                <StopPointInJourneyPattern id="VTR:StopPointInJourneyPattern:959115" version="45785" order="7">
                  <ScheduledStopPointRef ref="VTR:ScheduledStopPoint:28464"/>
                  <DestinationDisplayRef ref="VTR:DestinationDisplay:1"/>
                </StopPointInJourneyPattern>
                <StopPointInJourneyPattern id="VTR:StopPointInJourneyPattern:959116" version="45785" order="8">
                  <ScheduledStopPointRef ref="VTR:ScheduledStopPoint:28519"/>
                  <DestinationDisplayRef ref="VTR:DestinationDisplay:1"/>
                </StopPointInJourneyPattern>
                <StopPointInJourneyPattern id="VTR:StopPointInJourneyPattern:959118" version="45785" order="10">
                  <ScheduledStopPointRef ref="VTR:ScheduledStopPoint:28521"/>
                  <DestinationDisplayRef ref="VTR:DestinationDisplay:1"/>
                </StopPointInJourneyPattern>
                <StopPointInJourneyPattern id="VTR:StopPointInJourneyPattern:959120" version="45785" order="12">
                  <ScheduledStopPointRef ref="VTR:ScheduledStopPoint:28523"/>
                  <DestinationDisplayRef ref="VTR:DestinationDisplay:1"/>
                </StopPointInJourneyPattern>
                <StopPointInJourneyPattern id="VTR:StopPointInJourneyPattern:959121" version="45785" order="13">
                  <ScheduledStopPointRef ref="VTR:ScheduledStopPoint:28465"/>
                  <ForBoarding>false</ForBoarding>
                  <DestinationDisplayRef ref="VTR:DestinationDisplay:1"/>
                </StopPointInJourneyPattern>
              </pointsInSequence>
            </JourneyPattern>
            <JourneyPattern id="VTR:JourneyPattern:45804" version="45783">
              <Name>2*</Name>
              <RouteRef ref="VTR:Route:2142" version="1"/>
              <pointsInSequence>
                <StopPointInJourneyPattern id="VTR:StopPointInJourneyPattern:959083" version="45783" order="1">
                  <ScheduledStopPointRef ref="VTR:ScheduledStopPoint:28460"/>
                  <ForAlighting>false</ForAlighting>
                  <DestinationDisplayRef ref="VTR:DestinationDisplay:1"/>
                </StopPointInJourneyPattern>
                <StopPointInJourneyPattern id="VTR:StopPointInJourneyPattern:959084" version="45783" order="2">
                  <ScheduledStopPointRef ref="VTR:ScheduledStopPoint:62191"/>
                  <ForAlighting>false</ForAlighting>
                  <DestinationDisplayRef ref="VTR:DestinationDisplay:1"/>
                </StopPointInJourneyPattern>
                <StopPointInJourneyPattern id="VTR:StopPointInJourneyPattern:959085" version="45783" order="3">
                  <ScheduledStopPointRef ref="VTR:ScheduledStopPoint:28463"/>
                  <DestinationDisplayRef ref="VTR:DestinationDisplay:1"/>
                </StopPointInJourneyPattern>
                <StopPointInJourneyPattern id="VTR:StopPointInJourneyPattern:959086" version="45783" order="4">
                  <ScheduledStopPointRef ref="VTR:ScheduledStopPoint:28516"/>
                  <DestinationDisplayRef ref="VTR:DestinationDisplay:1"/>
                </StopPointInJourneyPattern>
                <StopPointInJourneyPattern id="VTR:StopPointInJourneyPattern:959087" version="45783" order="5">
                  <ScheduledStopPointRef ref="VTR:ScheduledStopPoint:28517"/>
                  <DestinationDisplayRef ref="VTR:DestinationDisplay:1"/>
                </StopPointInJourneyPattern>
                <StopPointInJourneyPattern id="VTR:StopPointInJourneyPattern:959088" version="45783" order="6">
                  <ScheduledStopPointRef ref="VTR:ScheduledStopPoint:28518"/>
                  <DestinationDisplayRef ref="VTR:DestinationDisplay:1"/>
                </StopPointInJourneyPattern>
                <StopPointInJourneyPattern id="VTR:StopPointInJourneyPattern:959089" version="45783" order="7">
                  <ScheduledStopPointRef ref="VTR:ScheduledStopPoint:28464"/>
                  <DestinationDisplayRef ref="VTR:DestinationDisplay:1"/>
                </StopPointInJourneyPattern>
                <StopPointInJourneyPattern id="VTR:StopPointInJourneyPattern:959090" version="45783" order="8">
                  <ScheduledStopPointRef ref="VTR:ScheduledStopPoint:28519"/>
                  <DestinationDisplayRef ref="VTR:DestinationDisplay:1"/>
                </StopPointInJourneyPattern>
                <StopPointInJourneyPattern id="VTR:StopPointInJourneyPattern:959092" version="45783" order="10">
                  <ScheduledStopPointRef ref="VTR:ScheduledStopPoint:28521"/>
                  <DestinationDisplayRef ref="VTR:DestinationDisplay:1"/>
                </StopPointInJourneyPattern>
                <StopPointInJourneyPattern id="VTR:StopPointInJourneyPattern:959094" version="45783" order="12">
                  <ScheduledStopPointRef ref="VTR:ScheduledStopPoint:28523"/>
                  <DestinationDisplayRef ref="VTR:DestinationDisplay:1"/>
                </StopPointInJourneyPattern>
                <StopPointInJourneyPattern id="VTR:StopPointInJourneyPattern:959095" version="45783" order="13">
                  <ScheduledStopPointRef ref="VTR:ScheduledStopPoint:28465"/>
                  <ForBoarding>false</ForBoarding>
                  <DestinationDisplayRef ref="VTR:DestinationDisplay:1"/>
                </StopPointInJourneyPattern>
              </pointsInSequence>
            </JourneyPattern>
            <JourneyPattern id="VTR:JourneyPattern:45807" version="45786">
              <Name>1*</Name>
              <RouteRef ref="VTR:Route:2141" version="1"/>
              <pointsInSequence>
                <StopPointInJourneyPattern id="VTR:StopPointInJourneyPattern:959122" version="45786" order="1">
                  <ScheduledStopPointRef ref="VTR:ScheduledStopPoint:28409"/>
                  <ForAlighting>false</ForAlighting>
                  <DestinationDisplayRef ref="VTR:DestinationDisplay:1"/>
                </StopPointInJourneyPattern>
                <StopPointInJourneyPattern id="VTR:StopPointInJourneyPattern:959123" version="45786" order="2">
                  <ScheduledStopPointRef ref="VTR:ScheduledStopPoint:28410"/>
                  <DestinationDisplayRef ref="VTR:DestinationDisplay:1"/>
                </StopPointInJourneyPattern>
                <StopPointInJourneyPattern id="VTR:StopPointInJourneyPattern:959124" version="45786" order="3">
                  <ScheduledStopPointRef ref="VTR:ScheduledStopPoint:28412"/>
                  <DestinationDisplayRef ref="VTR:DestinationDisplay:1"/>
                </StopPointInJourneyPattern>
                <StopPointInJourneyPattern id="VTR:StopPointInJourneyPattern:959126" version="45786" order="5">
                  <ScheduledStopPointRef ref="VTR:ScheduledStopPoint:28414"/>
                  <DestinationDisplayRef ref="VTR:DestinationDisplay:1"/>
                </StopPointInJourneyPattern>
                <StopPointInJourneyPattern id="VTR:StopPointInJourneyPattern:959127" version="45786" order="6">
                  <ScheduledStopPointRef ref="VTR:ScheduledStopPoint:28415"/>
                  <DestinationDisplayRef ref="VTR:DestinationDisplay:1"/>
                </StopPointInJourneyPattern>
                <StopPointInJourneyPattern id="VTR:StopPointInJourneyPattern:959128" version="45786" order="7">
                  <ScheduledStopPointRef ref="VTR:ScheduledStopPoint:28416"/>
                  <DestinationDisplayRef ref="VTR:DestinationDisplay:1"/>
                </StopPointInJourneyPattern>
                <StopPointInJourneyPattern id="VTR:StopPointInJourneyPattern:959129" version="45786" order="8">
                  <ScheduledStopPointRef ref="VTR:ScheduledStopPoint:28417"/>
                  <DestinationDisplayRef ref="VTR:DestinationDisplay:1"/>
                </StopPointInJourneyPattern>
                <StopPointInJourneyPattern id="VTR:StopPointInJourneyPattern:959130" version="45786" order="9">
                  <ScheduledStopPointRef ref="VTR:ScheduledStopPoint:28418"/>
                  <DestinationDisplayRef ref="VTR:DestinationDisplay:1"/>
                </StopPointInJourneyPattern>
                <StopPointInJourneyPattern id="VTR:StopPointInJourneyPattern:959131" version="45786" order="10">
                  <ScheduledStopPointRef ref="VTR:ScheduledStopPoint:28419"/>
                  <DestinationDisplayRef ref="VTR:DestinationDisplay:1"/>
                </StopPointInJourneyPattern>
                <StopPointInJourneyPattern id="VTR:StopPointInJourneyPattern:959132" version="45786" order="11">
                  <ScheduledStopPointRef ref="VTR:ScheduledStopPoint:28420"/>
                  <DestinationDisplayRef ref="VTR:DestinationDisplay:1"/>
                </StopPointInJourneyPattern>
                <StopPointInJourneyPattern id="VTR:StopPointInJourneyPattern:959133" version="45786" order="12">
                  <ScheduledStopPointRef ref="VTR:ScheduledStopPoint:60977"/>
                  <ForBoarding>false</ForBoarding>
                  <DestinationDisplayRef ref="VTR:DestinationDisplay:1"/>
                </StopPointInJourneyPattern>
                <StopPointInJourneyPattern id="VTR:StopPointInJourneyPattern:959134" version="45786" order="13">
                  <ScheduledStopPointRef ref="VTR:ScheduledStopPoint:60978"/>
                  <ForBoarding>false</ForBoarding>
                  <DestinationDisplayRef ref="VTR:DestinationDisplay:1"/>
                </StopPointInJourneyPattern>
                <StopPointInJourneyPattern id="VTR:StopPointInJourneyPattern:959135" version="45786" order="14">
                  <ScheduledStopPointRef ref="VTR:ScheduledStopPoint:60979"/>
                  <ForBoarding>false</ForBoarding>
                  <DestinationDisplayRef ref="VTR:DestinationDisplay:1"/>
                </StopPointInJourneyPattern>
                <StopPointInJourneyPattern id="VTR:StopPointInJourneyPattern:959136" version="45786" order="15">
                  <ScheduledStopPointRef ref="VTR:ScheduledStopPoint:28428"/>
                  <ForBoarding>false</ForBoarding>
                  <DestinationDisplayRef ref="VTR:DestinationDisplay:1"/>
                </StopPointInJourneyPattern>
              </pointsInSequence>
            </JourneyPattern>
            <JourneyPattern id="VTR:JourneyPattern:45805" version="45784">
              <Name>4*</Name>
              <RouteRef ref="VTR:Route:2142" version="1"/>
              <pointsInSequence>
                <StopPointInJourneyPattern id="VTR:StopPointInJourneyPattern:959096" version="45784" order="1">
                  <ScheduledStopPointRef ref="VTR:ScheduledStopPoint:28460"/>
                  <ForAlighting>false</ForAlighting>
                  <DestinationDisplayRef ref="VTR:DestinationDisplay:1"/>
                </StopPointInJourneyPattern>
                <StopPointInJourneyPattern id="VTR:StopPointInJourneyPattern:959097" version="45784" order="2">
                  <ScheduledStopPointRef ref="VTR:ScheduledStopPoint:62191"/>
                  <ForAlighting>false</ForAlighting>
                  <DestinationDisplayRef ref="VTR:DestinationDisplay:1"/>
                </StopPointInJourneyPattern>
                <StopPointInJourneyPattern id="VTR:StopPointInJourneyPattern:959098" version="45784" order="3">
                  <ScheduledStopPointRef ref="VTR:ScheduledStopPoint:28463"/>
                  <DestinationDisplayRef ref="VTR:DestinationDisplay:1"/>
                </StopPointInJourneyPattern>
                <StopPointInJourneyPattern id="VTR:StopPointInJourneyPattern:959099" version="45784" order="4">
                  <ScheduledStopPointRef ref="VTR:ScheduledStopPoint:28516"/>
                  <DestinationDisplayRef ref="VTR:DestinationDisplay:1"/>
                </StopPointInJourneyPattern>
                <StopPointInJourneyPattern id="VTR:StopPointInJourneyPattern:959100" version="45784" order="5">
                  <ScheduledStopPointRef ref="VTR:ScheduledStopPoint:28517"/>
                  <DestinationDisplayRef ref="VTR:DestinationDisplay:1"/>
                </StopPointInJourneyPattern>
                <StopPointInJourneyPattern id="VTR:StopPointInJourneyPattern:959101" version="45784" order="6">
                  <ScheduledStopPointRef ref="VTR:ScheduledStopPoint:28518"/>
                  <DestinationDisplayRef ref="VTR:DestinationDisplay:1"/>
                </StopPointInJourneyPattern>
                <StopPointInJourneyPattern id="VTR:StopPointInJourneyPattern:959102" version="45784" order="7">
                  <ScheduledStopPointRef ref="VTR:ScheduledStopPoint:28464"/>
                  <DestinationDisplayRef ref="VTR:DestinationDisplay:1"/>
                </StopPointInJourneyPattern>
                <StopPointInJourneyPattern id="VTR:StopPointInJourneyPattern:959103" version="45784" order="8">
                  <ScheduledStopPointRef ref="VTR:ScheduledStopPoint:28519"/>
                  <DestinationDisplayRef ref="VTR:DestinationDisplay:1"/>
                </StopPointInJourneyPattern>
                <StopPointInJourneyPattern id="VTR:StopPointInJourneyPattern:959104" version="45784" order="9">
                  <ScheduledStopPointRef ref="VTR:ScheduledStopPoint:28520"/>
                  <DestinationDisplayRef ref="VTR:DestinationDisplay:1"/>
                </StopPointInJourneyPattern>
                <StopPointInJourneyPattern id="VTR:StopPointInJourneyPattern:959105" version="45784" order="10">
                  <ScheduledStopPointRef ref="VTR:ScheduledStopPoint:28521"/>
                  <DestinationDisplayRef ref="VTR:DestinationDisplay:1"/>
                </StopPointInJourneyPattern>
                <StopPointInJourneyPattern id="VTR:StopPointInJourneyPattern:959106" version="45784" order="11">
                  <ScheduledStopPointRef ref="VTR:ScheduledStopPoint:28522"/>
                  <DestinationDisplayRef ref="VTR:DestinationDisplay:1"/>
                </StopPointInJourneyPattern>
                <StopPointInJourneyPattern id="VTR:StopPointInJourneyPattern:959107" version="45784" order="12">
                  <ScheduledStopPointRef ref="VTR:ScheduledStopPoint:28523"/>
                  <DestinationDisplayRef ref="VTR:DestinationDisplay:1"/>
                </StopPointInJourneyPattern>
                <StopPointInJourneyPattern id="VTR:StopPointInJourneyPattern:959108" version="45784" order="13">
                  <ScheduledStopPointRef ref="VTR:ScheduledStopPoint:28465"/>
                  <ForBoarding>false</ForBoarding>
                  <DestinationDisplayRef ref="VTR:DestinationDisplay:1"/>
                </StopPointInJourneyPattern>
              </pointsInSequence>
            </JourneyPattern>
          </journeyPatterns>
        </ServiceFrame>
        <TimetableFrame version="1" id="VTR:TimetableFrame:1351">
          <vehicleJourneys>
            <ServiceJourney version="45783" id="VTR:ServiceJourney:45804">
              <Name>Vilnius-Anykščiai</Name>
              <PrivateCode>2*</PrivateCode>
              <dayTypes>
                <DayTypeRef ref="VTR:DayType:271"/>
              </dayTypes>
              <JourneyPatternRef version="45783" ref="VTR:JourneyPattern:45804"/>
              <OperatorRef ref="VTR:Operator:466"/>
              <LineRef ref="VTR:Line:740" version="725"/>
              <passingTimes>
                <TimetabledPassingTime version="45783" id="VTR:TimetabledPassingTime:45804_959083_1">
                  <StopPointInJourneyPatternRef ref="VTR:StopPointInJourneyPattern:959083" version="45783"/>
                  <DepartureTime>08:05:00</DepartureTime>
                  <DepartureDayOffset>0</DepartureDayOffset>
                </TimetabledPassingTime>
                <TimetabledPassingTime version="45783" id="VTR:TimetabledPassingTime:45804_959084_2">
                  <StopPointInJourneyPatternRef ref="VTR:StopPointInJourneyPattern:959084" version="45783"/>
                  <DepartureTime>08:25:00</DepartureTime>
                  <DepartureDayOffset>0</DepartureDayOffset>
                </TimetabledPassingTime>
                <TimetabledPassingTime version="45783" id="VTR:TimetabledPassingTime:45804_959085_3">
                  <StopPointInJourneyPatternRef ref="VTR:StopPointInJourneyPattern:959085" version="45783"/>
                  <DepartureTime>09:07:00</DepartureTime>
                  <DepartureDayOffset>0</DepartureDayOffset>
                </TimetabledPassingTime>
                <TimetabledPassingTime version="45783" id="VTR:TimetabledPassingTime:45804_959086_4">
                  <StopPointInJourneyPatternRef ref="VTR:StopPointInJourneyPattern:959086" version="45783"/>
                  <DepartureTime>09:20:00</DepartureTime>
                  <DepartureDayOffset>0</DepartureDayOffset>
                </TimetabledPassingTime>
                <TimetabledPassingTime version="45783" id="VTR:TimetabledPassingTime:45804_959087_5">
                  <StopPointInJourneyPatternRef ref="VTR:StopPointInJourneyPattern:959087" version="45783"/>
                  <DepartureTime>09:25:00</DepartureTime>
                  <DepartureDayOffset>0</DepartureDayOffset>
                </TimetabledPassingTime>
                <TimetabledPassingTime version="45783" id="VTR:TimetabledPassingTime:45804_959088_6">
                  <StopPointInJourneyPatternRef ref="VTR:StopPointInJourneyPattern:959088" version="45783"/>
                  <DepartureTime>09:35:00</DepartureTime>
                  <DepartureDayOffset>0</DepartureDayOffset>
                </TimetabledPassingTime>
                <TimetabledPassingTime version="45783" id="VTR:TimetabledPassingTime:45804_959089_7">
                  <StopPointInJourneyPatternRef ref="VTR:StopPointInJourneyPattern:959089" version="45783"/>
                  <DepartureTime>09:50:00</DepartureTime>
                  <DepartureDayOffset>0</DepartureDayOffset>
                </TimetabledPassingTime>
                <TimetabledPassingTime version="45783" id="VTR:TimetabledPassingTime:45804_959090_8">
                  <StopPointInJourneyPatternRef ref="VTR:StopPointInJourneyPattern:959090" version="45783"/>
                  <DepartureTime>09:58:00</DepartureTime>
                  <DepartureDayOffset>0</DepartureDayOffset>
                </TimetabledPassingTime>
                <TimetabledPassingTime version="45783" id="VTR:TimetabledPassingTime:45804_959092_10">
                  <StopPointInJourneyPatternRef ref="VTR:StopPointInJourneyPattern:959092" version="45783"/>
                  <DepartureTime>10:16:00</DepartureTime>
                  <DepartureDayOffset>0</DepartureDayOffset>
                </TimetabledPassingTime>
                <TimetabledPassingTime version="45783" id="VTR:TimetabledPassingTime:45804_959094_12">
                  <StopPointInJourneyPatternRef ref="VTR:StopPointInJourneyPattern:959094" version="45783"/>
                  <DepartureTime>10:27:00</DepartureTime>
                  <DepartureDayOffset>0</DepartureDayOffset>
                </TimetabledPassingTime>
                <TimetabledPassingTime version="45783" id="VTR:TimetabledPassingTime:45804_959095_13">
                  <StopPointInJourneyPatternRef ref="VTR:StopPointInJourneyPattern:959095" version="45783"/>
                  <DepartureTime>10:35:00</DepartureTime>
                  <DepartureDayOffset>0</DepartureDayOffset>
                </TimetabledPassingTime>
              </passingTimes>
            </ServiceJourney>
            <ServiceJourney version="45787" id="VTR:ServiceJourney:45808">
              <Name>Anykščiai-Vilnius</Name>
              <PrivateCode>3*</PrivateCode>
              <dayTypes>
                <DayTypeRef ref="VTR:DayType:90"/>
              </dayTypes>
              <JourneyPatternRef version="45787" ref="VTR:JourneyPattern:45808"/>
              <OperatorRef ref="VTR:Operator:466"/>
              <LineRef ref="VTR:Line:740" version="725"/>
              <passingTimes>
                <TimetabledPassingTime version="45787" id="VTR:TimetabledPassingTime:45808_959137_1">
                  <StopPointInJourneyPatternRef ref="VTR:StopPointInJourneyPattern:959137" version="45787"/>
                  <DepartureTime>15:00:00</DepartureTime>
                  <DepartureDayOffset>0</DepartureDayOffset>
                </TimetabledPassingTime>
                <TimetabledPassingTime version="45787" id="VTR:TimetabledPassingTime:45808_959138_2">
                  <StopPointInJourneyPatternRef ref="VTR:StopPointInJourneyPattern:959138" version="45787"/>
                  <DepartureTime>15:08:00</DepartureTime>
                  <DepartureDayOffset>0</DepartureDayOffset>
                </TimetabledPassingTime>
                <TimetabledPassingTime version="45787" id="VTR:TimetabledPassingTime:45808_959139_3">
                  <StopPointInJourneyPatternRef ref="VTR:StopPointInJourneyPattern:959139" version="45787"/>
                  <DepartureTime>15:20:00</DepartureTime>
                  <DepartureDayOffset>0</DepartureDayOffset>
                </TimetabledPassingTime>
                <TimetabledPassingTime version="45787" id="VTR:TimetabledPassingTime:45808_959140_4">
                  <StopPointInJourneyPatternRef ref="VTR:StopPointInJourneyPattern:959140" version="45787"/>
                  <DepartureTime>15:28:00</DepartureTime>
                  <DepartureDayOffset>0</DepartureDayOffset>
                </TimetabledPassingTime>
                <TimetabledPassingTime version="45787" id="VTR:TimetabledPassingTime:45808_959142_6">
                  <StopPointInJourneyPatternRef ref="VTR:StopPointInJourneyPattern:959142" version="45787"/>
                  <DepartureTime>15:38:00</DepartureTime>
                  <DepartureDayOffset>0</DepartureDayOffset>
                </TimetabledPassingTime>
                <TimetabledPassingTime version="45787" id="VTR:TimetabledPassingTime:45808_959143_7">
                  <StopPointInJourneyPatternRef ref="VTR:StopPointInJourneyPattern:959143" version="45787"/>
                  <DepartureTime>15:55:00</DepartureTime>
                  <DepartureDayOffset>0</DepartureDayOffset>
                </TimetabledPassingTime>
                <TimetabledPassingTime version="45787" id="VTR:TimetabledPassingTime:45808_959144_8">
                  <StopPointInJourneyPatternRef ref="VTR:StopPointInJourneyPattern:959144" version="45787"/>
                  <DepartureTime>16:00:00</DepartureTime>
                  <DepartureDayOffset>0</DepartureDayOffset>
                </TimetabledPassingTime>
                <TimetabledPassingTime version="45787" id="VTR:TimetabledPassingTime:45808_959145_9">
                  <StopPointInJourneyPatternRef ref="VTR:StopPointInJourneyPattern:959145" version="45787"/>
                  <DepartureTime>16:10:00</DepartureTime>
                  <DepartureDayOffset>0</DepartureDayOffset>
                </TimetabledPassingTime>
                <TimetabledPassingTime version="45787" id="VTR:TimetabledPassingTime:45808_959146_10">
                  <StopPointInJourneyPatternRef ref="VTR:StopPointInJourneyPattern:959146" version="45787"/>
                  <DepartureTime>16:15:00</DepartureTime>
                  <DepartureDayOffset>0</DepartureDayOffset>
                </TimetabledPassingTime>
                <TimetabledPassingTime version="45787" id="VTR:TimetabledPassingTime:45808_959147_11">
                  <StopPointInJourneyPatternRef ref="VTR:StopPointInJourneyPattern:959147" version="45787"/>
                  <DepartureTime>16:30:00</DepartureTime>
                  <DepartureDayOffset>0</DepartureDayOffset>
                </TimetabledPassingTime>
                <TimetabledPassingTime version="45787" id="VTR:TimetabledPassingTime:45808_959148_12">
                  <StopPointInJourneyPatternRef ref="VTR:StopPointInJourneyPattern:959148" version="45787"/>
                  <DepartureTime>17:10:00</DepartureTime>
                  <DepartureDayOffset>0</DepartureDayOffset>
                </TimetabledPassingTime>
                <TimetabledPassingTime version="45787" id="VTR:TimetabledPassingTime:45808_959149_13">
                  <StopPointInJourneyPatternRef ref="VTR:StopPointInJourneyPattern:959149" version="45787"/>
                  <DepartureTime>17:18:00</DepartureTime>
                  <DepartureDayOffset>0</DepartureDayOffset>
                </TimetabledPassingTime>
                <TimetabledPassingTime version="45787" id="VTR:TimetabledPassingTime:45808_959150_14">
                  <StopPointInJourneyPatternRef ref="VTR:StopPointInJourneyPattern:959150" version="45787"/>
                  <DepartureTime>17:22:00</DepartureTime>
                  <DepartureDayOffset>0</DepartureDayOffset>
                </TimetabledPassingTime>
                <TimetabledPassingTime version="45787" id="VTR:TimetabledPassingTime:45808_959151_15">
                  <StopPointInJourneyPatternRef ref="VTR:StopPointInJourneyPattern:959151" version="45787"/>
                  <DepartureTime>17:30:00</DepartureTime>
                  <DepartureDayOffset>0</DepartureDayOffset>
                </TimetabledPassingTime>
              </passingTimes>
            </ServiceJourney>
            <ServiceJourney version="45785" id="VTR:ServiceJourney:45806">
              <Name>Vilnius-Anykščiai</Name>
              <PrivateCode>6*</PrivateCode>
              <dayTypes>
                <DayTypeRef ref="VTR:DayType:90"/>
              </dayTypes>
              <JourneyPatternRef version="45785" ref="VTR:JourneyPattern:45806"/>
              <OperatorRef ref="VTR:Operator:466"/>
              <LineRef ref="VTR:Line:740" version="725"/>
              <passingTimes>
                <TimetabledPassingTime version="45785" id="VTR:TimetabledPassingTime:45806_959109_1">
                  <StopPointInJourneyPatternRef ref="VTR:StopPointInJourneyPattern:959109" version="45785"/>
                  <DepartureTime>18:40:00</DepartureTime>
                  <DepartureDayOffset>0</DepartureDayOffset>
                </TimetabledPassingTime>
                <TimetabledPassingTime version="45785" id="VTR:TimetabledPassingTime:45806_959110_2">
                  <StopPointInJourneyPatternRef ref="VTR:StopPointInJourneyPattern:959110" version="45785"/>
                  <DepartureTime>19:00:00</DepartureTime>
                  <DepartureDayOffset>0</DepartureDayOffset>
                </TimetabledPassingTime>
                <TimetabledPassingTime version="45785" id="VTR:TimetabledPassingTime:45806_959111_3">
                  <StopPointInJourneyPatternRef ref="VTR:StopPointInJourneyPattern:959111" version="45785"/>
                  <DepartureTime>19:42:00</DepartureTime>
                  <DepartureDayOffset>0</DepartureDayOffset>
                </TimetabledPassingTime>
                <TimetabledPassingTime version="45785" id="VTR:TimetabledPassingTime:45806_959112_4">
                  <StopPointInJourneyPatternRef ref="VTR:StopPointInJourneyPattern:959112" version="45785"/>
                  <DepartureTime>19:55:00</DepartureTime>
                  <DepartureDayOffset>0</DepartureDayOffset>
                </TimetabledPassingTime>
                <TimetabledPassingTime version="45785" id="VTR:TimetabledPassingTime:45806_959113_5">
                  <StopPointInJourneyPatternRef ref="VTR:StopPointInJourneyPattern:959113" version="45785"/>
                  <DepartureTime>20:00:00</DepartureTime>
                  <DepartureDayOffset>0</DepartureDayOffset>
                </TimetabledPassingTime>
                <TimetabledPassingTime version="45785" id="VTR:TimetabledPassingTime:45806_959114_6">
                  <StopPointInJourneyPatternRef ref="VTR:StopPointInJourneyPattern:959114" version="45785"/>
                  <DepartureTime>20:10:00</DepartureTime>
                  <DepartureDayOffset>0</DepartureDayOffset>
                </TimetabledPassingTime>
                <TimetabledPassingTime version="45785" id="VTR:TimetabledPassingTime:45806_959115_7">
                  <StopPointInJourneyPatternRef ref="VTR:StopPointInJourneyPattern:959115" version="45785"/>
                  <DepartureTime>20:25:00</DepartureTime>
                  <DepartureDayOffset>0</DepartureDayOffset>
                </TimetabledPassingTime>
                <TimetabledPassingTime version="45785" id="VTR:TimetabledPassingTime:45806_959116_8">
                  <StopPointInJourneyPatternRef ref="VTR:StopPointInJourneyPattern:959116" version="45785"/>
                  <DepartureTime>20:33:00</DepartureTime>
                  <DepartureDayOffset>0</DepartureDayOffset>
                </TimetabledPassingTime>
                <TimetabledPassingTime version="45785" id="VTR:TimetabledPassingTime:45806_959118_10">
                  <StopPointInJourneyPatternRef ref="VTR:StopPointInJourneyPattern:959118" version="45785"/>
                  <DepartureTime>20:51:00</DepartureTime>
                  <DepartureDayOffset>0</DepartureDayOffset>
                </TimetabledPassingTime>
                <TimetabledPassingTime version="45785" id="VTR:TimetabledPassingTime:45806_959120_12">
                  <StopPointInJourneyPatternRef ref="VTR:StopPointInJourneyPattern:959120" version="45785"/>
                  <DepartureTime>21:02:00</DepartureTime>
                  <DepartureDayOffset>0</DepartureDayOffset>
                </TimetabledPassingTime>
                <TimetabledPassingTime version="45785" id="VTR:TimetabledPassingTime:45806_959121_13">
                  <StopPointInJourneyPatternRef ref="VTR:StopPointInJourneyPattern:959121" version="45785"/>
                  <DepartureTime>21:10:00</DepartureTime>
                  <DepartureDayOffset>0</DepartureDayOffset>
                </TimetabledPassingTime>
              </passingTimes>
            </ServiceJourney>
            <ServiceJourney version="45786" id="VTR:ServiceJourney:45807">
              <Name>Anykščiai-Vilnius</Name>
              <PrivateCode>1*</PrivateCode>
              <dayTypes>
                <DayTypeRef ref="VTR:DayType:90"/>
              </dayTypes>
              <JourneyPatternRef version="45786" ref="VTR:JourneyPattern:45807"/>
              <OperatorRef ref="VTR:Operator:466"/>
              <LineRef ref="VTR:Line:740" version="725"/>
              <passingTimes>
                <TimetabledPassingTime version="45786" id="VTR:TimetabledPassingTime:45807_959122_1">
                  <StopPointInJourneyPatternRef ref="VTR:StopPointInJourneyPattern:959122" version="45786"/>
                  <DepartureTime>06:30:00</DepartureTime>
                  <DepartureDayOffset>0</DepartureDayOffset>
                </TimetabledPassingTime>
                <TimetabledPassingTime version="45786" id="VTR:TimetabledPassingTime:45807_959123_2">
                  <StopPointInJourneyPatternRef ref="VTR:StopPointInJourneyPattern:959123" version="45786"/>
                  <DepartureTime>06:38:00</DepartureTime>
                  <DepartureDayOffset>0</DepartureDayOffset>
                </TimetabledPassingTime>
                <TimetabledPassingTime version="45786" id="VTR:TimetabledPassingTime:45807_959124_3">
                  <StopPointInJourneyPatternRef ref="VTR:StopPointInJourneyPattern:959124" version="45786"/>
                  <DepartureTime>06:50:00</DepartureTime>
                  <DepartureDayOffset>0</DepartureDayOffset>
                </TimetabledPassingTime>
                <TimetabledPassingTime version="45786" id="VTR:TimetabledPassingTime:45807_959126_5">
                  <StopPointInJourneyPatternRef ref="VTR:StopPointInJourneyPattern:959126" version="45786"/>
                  <DepartureTime>07:06:00</DepartureTime>
                  <DepartureDayOffset>0</DepartureDayOffset>
                </TimetabledPassingTime>
                <TimetabledPassingTime version="45786" id="VTR:TimetabledPassingTime:45807_959127_6">
                  <StopPointInJourneyPatternRef ref="VTR:StopPointInJourneyPattern:959127" version="45786"/>
                  <DepartureTime>07:08:00</DepartureTime>
                  <DepartureDayOffset>0</DepartureDayOffset>
                </TimetabledPassingTime>
                <TimetabledPassingTime version="45786" id="VTR:TimetabledPassingTime:45807_959128_7">
                  <StopPointInJourneyPatternRef ref="VTR:StopPointInJourneyPattern:959128" version="45786"/>
                  <DepartureTime>07:25:00</DepartureTime>
                  <DepartureDayOffset>0</DepartureDayOffset>
                </TimetabledPassingTime>
                <TimetabledPassingTime version="45786" id="VTR:TimetabledPassingTime:45807_959129_8">
                  <StopPointInJourneyPatternRef ref="VTR:StopPointInJourneyPattern:959129" version="45786"/>
                  <DepartureTime>07:30:00</DepartureTime>
                  <DepartureDayOffset>0</DepartureDayOffset>
                </TimetabledPassingTime>
                <TimetabledPassingTime version="45786" id="VTR:TimetabledPassingTime:45807_959130_9">
                  <StopPointInJourneyPatternRef ref="VTR:StopPointInJourneyPattern:959130" version="45786"/>
                  <DepartureTime>07:40:00</DepartureTime>
                  <DepartureDayOffset>0</DepartureDayOffset>
                </TimetabledPassingTime>
                <TimetabledPassingTime version="45786" id="VTR:TimetabledPassingTime:45807_959131_10">
                  <StopPointInJourneyPatternRef ref="VTR:StopPointInJourneyPattern:959131" version="45786"/>
                  <DepartureTime>07:45:00</DepartureTime>
                  <DepartureDayOffset>0</DepartureDayOffset>
                </TimetabledPassingTime>
                <TimetabledPassingTime version="45786" id="VTR:TimetabledPassingTime:45807_959132_11">
                  <StopPointInJourneyPatternRef ref="VTR:StopPointInJourneyPattern:959132" version="45786"/>
                  <DepartureTime>08:00:00</DepartureTime>
                  <DepartureDayOffset>0</DepartureDayOffset>
                </TimetabledPassingTime>
                <TimetabledPassingTime version="45786" id="VTR:TimetabledPassingTime:45807_959133_12">
                  <StopPointInJourneyPatternRef ref="VTR:StopPointInJourneyPattern:959133" version="45786"/>
                  <DepartureTime>08:40:00</DepartureTime>
                  <DepartureDayOffset>0</DepartureDayOffset>
                </TimetabledPassingTime>
                <TimetabledPassingTime version="45786" id="VTR:TimetabledPassingTime:45807_959134_13">
                  <StopPointInJourneyPatternRef ref="VTR:StopPointInJourneyPattern:959134" version="45786"/>
                  <DepartureTime>08:48:00</DepartureTime>
                  <DepartureDayOffset>0</DepartureDayOffset>
                </TimetabledPassingTime>
                <TimetabledPassingTime version="45786" id="VTR:TimetabledPassingTime:45807_959135_14">
                  <StopPointInJourneyPatternRef ref="VTR:StopPointInJourneyPattern:959135" version="45786"/>
                  <DepartureTime>08:52:00</DepartureTime>
                  <DepartureDayOffset>0</DepartureDayOffset>
                </TimetabledPassingTime>
                <TimetabledPassingTime version="45786" id="VTR:TimetabledPassingTime:45807_959136_15">
                  <StopPointInJourneyPatternRef ref="VTR:StopPointInJourneyPattern:959136" version="45786"/>
                  <DepartureTime>09:00:00</DepartureTime>
                  <DepartureDayOffset>0</DepartureDayOffset>
                </TimetabledPassingTime>
              </passingTimes>
            </ServiceJourney>
            <ServiceJourney version="45784" id="VTR:ServiceJourney:45805">
              <Name>Vilnius-Anykščiai</Name>
              <PrivateCode>4*</PrivateCode>
              <dayTypes>
                <DayTypeRef ref="VTR:DayType:90"/>
              </dayTypes>
              <JourneyPatternRef version="45784" ref="VTR:JourneyPattern:45805"/>
              <OperatorRef ref="VTR:Operator:466"/>
              <LineRef ref="VTR:Line:740" version="725"/>
              <passingTimes>
                <TimetabledPassingTime version="45784" id="VTR:TimetabledPassingTime:45805_959096_1">
                  <StopPointInJourneyPatternRef ref="VTR:StopPointInJourneyPattern:959096" version="45784"/>
                  <DepartureTime>09:35:00</DepartureTime>
                  <DepartureDayOffset>0</DepartureDayOffset>
                </TimetabledPassingTime>
                <TimetabledPassingTime version="45784" id="VTR:TimetabledPassingTime:45805_959097_2">
                  <StopPointInJourneyPatternRef ref="VTR:StopPointInJourneyPattern:959097" version="45784"/>
                  <DepartureTime>09:55:00</DepartureTime>
                  <DepartureDayOffset>0</DepartureDayOffset>
                </TimetabledPassingTime>
                <TimetabledPassingTime version="45784" id="VTR:TimetabledPassingTime:45805_959098_3">
                  <StopPointInJourneyPatternRef ref="VTR:StopPointInJourneyPattern:959098" version="45784"/>
                  <DepartureTime>10:37:00</DepartureTime>
                  <DepartureDayOffset>0</DepartureDayOffset>
                </TimetabledPassingTime>
                <TimetabledPassingTime version="45784" id="VTR:TimetabledPassingTime:45805_959099_4">
                  <StopPointInJourneyPatternRef ref="VTR:StopPointInJourneyPattern:959099" version="45784"/>
                  <DepartureTime>10:50:00</DepartureTime>
                  <DepartureDayOffset>0</DepartureDayOffset>
                </TimetabledPassingTime>
                <TimetabledPassingTime version="45784" id="VTR:TimetabledPassingTime:45805_959100_5">
                  <StopPointInJourneyPatternRef ref="VTR:StopPointInJourneyPattern:959100" version="45784"/>
                  <DepartureTime>10:55:00</DepartureTime>
                  <DepartureDayOffset>0</DepartureDayOffset>
                </TimetabledPassingTime>
                <TimetabledPassingTime version="45784" id="VTR:TimetabledPassingTime:45805_959101_6">
                  <StopPointInJourneyPatternRef ref="VTR:StopPointInJourneyPattern:959101" version="45784"/>
                  <DepartureTime>11:05:00</DepartureTime>
                  <DepartureDayOffset>0</DepartureDayOffset>
                </TimetabledPassingTime>
                <TimetabledPassingTime version="45784" id="VTR:TimetabledPassingTime:45805_959102_7">
                  <StopPointInJourneyPatternRef ref="VTR:StopPointInJourneyPattern:959102" version="45784"/>
                  <DepartureTime>11:20:00</DepartureTime>
                  <DepartureDayOffset>0</DepartureDayOffset>
                </TimetabledPassingTime>
                <TimetabledPassingTime version="45784" id="VTR:TimetabledPassingTime:45805_959103_8">
                  <StopPointInJourneyPatternRef ref="VTR:StopPointInJourneyPattern:959103" version="45784"/>
                  <DepartureTime>11:28:00</DepartureTime>
                  <DepartureDayOffset>0</DepartureDayOffset>
                </TimetabledPassingTime>
                <TimetabledPassingTime version="45784" id="VTR:TimetabledPassingTime:45805_959104_9">
                  <StopPointInJourneyPatternRef ref="VTR:StopPointInJourneyPattern:959104" version="45784"/>
                  <DepartureTime>11:30:00</DepartureTime>
                  <DepartureDayOffset>0</DepartureDayOffset>
                </TimetabledPassingTime>
                <TimetabledPassingTime version="45784" id="VTR:TimetabledPassingTime:45805_959105_10">
                  <StopPointInJourneyPatternRef ref="VTR:StopPointInJourneyPattern:959105" version="45784"/>
                  <DepartureTime>11:46:00</DepartureTime>
                  <DepartureDayOffset>0</DepartureDayOffset>
                </TimetabledPassingTime>
                <TimetabledPassingTime version="45784" id="VTR:TimetabledPassingTime:45805_959106_11">
                  <StopPointInJourneyPatternRef ref="VTR:StopPointInJourneyPattern:959106" version="45784"/>
                  <DepartureTime>11:51:00</DepartureTime>
                  <DepartureDayOffset>0</DepartureDayOffset>
                </TimetabledPassingTime>
                <TimetabledPassingTime version="45784" id="VTR:TimetabledPassingTime:45805_959107_12">
                  <StopPointInJourneyPatternRef ref="VTR:StopPointInJourneyPattern:959107" version="45784"/>
                  <DepartureTime>11:57:00</DepartureTime>
                  <DepartureDayOffset>0</DepartureDayOffset>
                </TimetabledPassingTime>
                <TimetabledPassingTime version="45784" id="VTR:TimetabledPassingTime:45805_959108_13">
                  <StopPointInJourneyPatternRef ref="VTR:StopPointInJourneyPattern:959108" version="45784"/>
                  <DepartureTime>12:05:00</DepartureTime>
                  <DepartureDayOffset>0</DepartureDayOffset>
                </TimetabledPassingTime>
              </passingTimes>
            </ServiceJourney>
          </vehicleJourneys>
        </TimetableFrame>
        <ResourceFrame version="1" id="VTR:ResourceFrame:1351">
          <organisations>
            <Authority version="1" id="VTR:Authority:2">
              <CompanyNumber>188647255</CompanyNumber>
              <Name>LTSA</Name>
              <LegalName>Lietuvos transporto saugos administracija</LegalName>
              <ContactDetails>
                <Email>ltsa@ltsa.lrv.lt</Email>
                <Phone>8 5  278 5602</Phone>
                <Url>www.ltsa.lrv.lt</Url>
              </ContactDetails>
              <OrganisationType>authority</OrganisationType>
            </Authority>
          </organisations>
        </ResourceFrame>
      </frames>
    </CompositeFrame>
  </dataObjects>
</PublicationDelivery>
