<?xml version="1.0" encoding="UTF-8"?><PublicationDelivery xmlns="http://www.netex.org.uk/netex" xmlns:gis="http://www.opengis.net/gml/3.2" xmlns:ns2="http://www.opengis.net/gml/3.2" xmlns:ns3="http://www.siri.org.uk/siri" xmlns:xsi="http://www.w3.org/2001/XMLSchema-instance" version="1" xsi:schemaLocation="">
  <PublicationTimestamp>2022-05-07T00:50:00.296</PublicationTimestamp>
  <ParticipantRef>VTR</ParticipantRef>
  <Description>1</Description>
  <dataObjects>
    <CompositeFrame created="2022-05-07T00:50:00.296" version="1" id="VTR:CompositeFrame:1351">
      <validityConditions>
        <AvailabilityCondition version="1" id="VTR:AvailabilityCondition:1351">
          <FromDate>2010-03-04T00:00:00</FromDate>
          <ToDate>2023-03-31T00:00:00</ToDate>
        </AvailabilityCondition>
      </validityConditions>
      <codespaces>
        <Codespace id="vtr">
          <Xmlns>VTR</Xmlns>
          <XmlnsUrl>http://www.visimarsrutai.lt/</XmlnsUrl>
        </Codespace>
      </codespaces>
      <FrameDefaults>
        <DefaultLocale>
          <TimeZone>Europe/Vilnius</TimeZone>
        </DefaultLocale>
        <DefaultLocationSystem>WGS84</DefaultLocationSystem>
      </FrameDefaults>
      <frames>
        <ServiceCalendarFrame version="1" id="VTR:ServiceCalendarFrame:1351">
          <dayTypes>
            <DayType id="VTR:DayType:271" version="1">
              <properties>
                <PropertyOfDay>
                  <DaysOfWeek>Monday Tuesday Wednesday Thursday Friday Saturday</DaysOfWeek>
                </PropertyOfDay>
              </properties>
            </DayType>
            <DayType id="VTR:DayType:98" version="1">
              <properties>
                <PropertyOfDay>
                  <DaysOfWeek>Monday Tuesday Wednesday Thursday Friday Saturday</DaysOfWeek>
                </PropertyOfDay>
              </properties>
            </DayType>
          </dayTypes>
          <operatingPeriods>
            <OperatingPeriod version="1" id="VTR:OperatingPeriod:271">
              <FromDate>2015-06-02T00:00:00</FromDate>
              <ToDate>2099-12-31T00:00:00</ToDate>
            </OperatingPeriod>
            <OperatingPeriod version="1" id="VTR:OperatingPeriod:98">
              <FromDate>2015-06-02T00:00:00</FromDate>
              <ToDate>2099-12-31T00:00:00</ToDate>
            </OperatingPeriod>
          </operatingPeriods>
          <dayTypeAssignments>
            <DayTypeAssignment id="VTR:DayTypeAssignment:98_0" version="1" order="275">
              <OperatingPeriodRef ref="VTR:OperatingPeriod:98" version="1"/>
              <DayTypeRef ref="VTR:DayType:98" version="1"/>
            </DayTypeAssignment>
            <DayTypeAssignment id="VTR:DayTypeAssignment:271_0" version="1" order="349">
              <OperatingPeriodRef ref="VTR:OperatingPeriod:271" version="1"/>
              <DayTypeRef ref="VTR:DayType:271" version="1"/>
            </DayTypeAssignment>
          </dayTypeAssignments>
        </ServiceCalendarFrame>
        <ServiceFrame id="VTR:ServiceFrame:1351" version="1">
          <Network version="0" id="VTR:Network:2"/>
          <routePoints>
            <RoutePoint version="1" id="VTR:RoutePoint:35979">
              <projections>
                <PointProjection version="1" id="VTR:PointProjection:11863">
                  <ProjectedPointRef ref="VTR:ScheduledStopPoint:35979" version="1"/>
                </PointProjection>
              </projections>
            </RoutePoint>
            <RoutePoint version="1" id="VTR:RoutePoint:35983">
              <projections>
                <PointProjection version="1" id="VTR:PointProjection:11864">
                  <ProjectedPointRef ref="VTR:ScheduledStopPoint:35983" version="1"/>
                </PointProjection>
              </projections>
            </RoutePoint>
            <RoutePoint version="1" id="VTR:RoutePoint:35986">
              <projections>
                <PointProjection version="1" id="VTR:PointProjection:11865">
                  <ProjectedPointRef ref="VTR:ScheduledStopPoint:35986" version="1"/>
                </PointProjection>
              </projections>
            </RoutePoint>
            <RoutePoint version="1" id="VTR:RoutePoint:35987">
              <projections>
                <PointProjection version="1" id="VTR:PointProjection:11901">
                  <ProjectedPointRef ref="VTR:ScheduledStopPoint:35987" version="1"/>
                </PointProjection>
              </projections>
            </RoutePoint>
            <RoutePoint version="1" id="VTR:RoutePoint:35988">
              <projections>
                <PointProjection version="1" id="VTR:PointProjection:11902">
                  <ProjectedPointRef ref="VTR:ScheduledStopPoint:35988" version="1"/>
                </PointProjection>
              </projections>
            </RoutePoint>
            <RoutePoint version="1" id="VTR:RoutePoint:35989">
              <projections>
                <PointProjection version="1" id="VTR:PointProjection:11903">
                  <ProjectedPointRef ref="VTR:ScheduledStopPoint:35989" version="1"/>
                </PointProjection>
              </projections>
            </RoutePoint>
            <RoutePoint version="1" id="VTR:RoutePoint:35993">
              <projections>
                <PointProjection version="1" id="VTR:PointProjection:11904">
                  <ProjectedPointRef ref="VTR:ScheduledStopPoint:35993" version="1"/>
                </PointProjection>
              </projections>
            </RoutePoint>
            <RoutePoint version="1" id="VTR:RoutePoint:35995">
              <projections>
                <PointProjection version="1" id="VTR:PointProjection:11905">
                  <ProjectedPointRef ref="VTR:ScheduledStopPoint:35995" version="1"/>
                </PointProjection>
              </projections>
            </RoutePoint>
            <RoutePoint version="1" id="VTR:RoutePoint:36015">
              <projections>
                <PointProjection version="1" id="VTR:PointProjection:11233">
                  <ProjectedPointRef ref="VTR:ScheduledStopPoint:36015" version="1"/>
                </PointProjection>
              </projections>
            </RoutePoint>
            <RoutePoint version="1" id="VTR:RoutePoint:36023">
              <projections>
                <PointProjection version="1" id="VTR:PointProjection:11279">
                  <ProjectedPointRef ref="VTR:ScheduledStopPoint:36023" version="1"/>
                </PointProjection>
              </projections>
            </RoutePoint>
            <RoutePoint version="1" id="VTR:RoutePoint:36025">
              <projections>
                <PointProjection version="1" id="VTR:PointProjection:11280">
                  <ProjectedPointRef ref="VTR:ScheduledStopPoint:36025" version="1"/>
                </PointProjection>
              </projections>
            </RoutePoint>
            <RoutePoint version="1" id="VTR:RoutePoint:36026">
              <projections>
                <PointProjection version="1" id="VTR:PointProjection:11281">
                  <ProjectedPointRef ref="VTR:ScheduledStopPoint:36026" version="1"/>
                </PointProjection>
              </projections>
            </RoutePoint>
            <RoutePoint version="1" id="VTR:RoutePoint:36028">
              <projections>
                <PointProjection version="1" id="VTR:PointProjection:11282">
                  <ProjectedPointRef ref="VTR:ScheduledStopPoint:36028" version="1"/>
                </PointProjection>
              </projections>
            </RoutePoint>
            <RoutePoint version="1" id="VTR:RoutePoint:36035">
              <projections>
                <PointProjection version="1" id="VTR:PointProjection:11283">
                  <ProjectedPointRef ref="VTR:ScheduledStopPoint:36035" version="1"/>
                </PointProjection>
              </projections>
            </RoutePoint>
          </routePoints>
          <routes>
            <Route version="1" id="VTR:Route:2157">
              <Name>Kaunas-Šiauliai</Name>
              <ShortName>Kaunas-Šiauliai</ShortName>
              <LineRef ref="VTR:Line:698" version="683"/>
              <DirectionType>inbound</DirectionType>
              <pointsInSequence>
                <PointOnRoute version="1" id="VTR:PointOnRoute:36015" order="1">
                  <RoutePointRef ref="VTR:RoutePoint:36015"/>
                </PointOnRoute>
                <PointOnRoute version="1" id="VTR:PointOnRoute:36023" order="2">
                  <RoutePointRef ref="VTR:RoutePoint:36023"/>
                </PointOnRoute>
                <PointOnRoute version="1" id="VTR:PointOnRoute:36025" order="3">
                  <RoutePointRef ref="VTR:RoutePoint:36025"/>
                </PointOnRoute>
                <PointOnRoute version="1" id="VTR:PointOnRoute:36026" order="4">
                  <RoutePointRef ref="VTR:RoutePoint:36026"/>
                </PointOnRoute>
                <PointOnRoute version="1" id="VTR:PointOnRoute:36028" order="5">
                  <RoutePointRef ref="VTR:RoutePoint:36028"/>
                </PointOnRoute>
                <PointOnRoute version="1" id="VTR:PointOnRoute:36035" order="6">
                  <RoutePointRef ref="VTR:RoutePoint:36035"/>
                </PointOnRoute>
              </pointsInSequence>
            </Route>
            <Route version="1" id="VTR:Route:2156">
              <Name>Šiauliai-Kaunas</Name>
              <ShortName>Šiauliai-Kaunas</ShortName>
              <LineRef ref="VTR:Line:698" version="683"/>
              <DirectionType>outbound</DirectionType>
              <pointsInSequence>
                <PointOnRoute version="1" id="VTR:PointOnRoute:35979" order="1">
                  <RoutePointRef ref="VTR:RoutePoint:35979"/>
                </PointOnRoute>
                <PointOnRoute version="1" id="VTR:PointOnRoute:35983" order="2">
                  <RoutePointRef ref="VTR:RoutePoint:35983"/>
                </PointOnRoute>
                <PointOnRoute version="1" id="VTR:PointOnRoute:35986" order="3">
                  <RoutePointRef ref="VTR:RoutePoint:35986"/>
                </PointOnRoute>
                <PointOnRoute version="1" id="VTR:PointOnRoute:35987" order="4">
                  <RoutePointRef ref="VTR:RoutePoint:35987"/>
                </PointOnRoute>
                <PointOnRoute version="1" id="VTR:PointOnRoute:35988" order="5">
                  <RoutePointRef ref="VTR:RoutePoint:35988"/>
                </PointOnRoute>
                <PointOnRoute version="1" id="VTR:PointOnRoute:35989" order="6">
                  <RoutePointRef ref="VTR:RoutePoint:35989"/>
                </PointOnRoute>
                <PointOnRoute version="1" id="VTR:PointOnRoute:35993" order="7">
                  <RoutePointRef ref="VTR:RoutePoint:35993"/>
                </PointOnRoute>
                <PointOnRoute version="1" id="VTR:PointOnRoute:35995" order="8">
                  <RoutePointRef ref="VTR:RoutePoint:35995"/>
                </PointOnRoute>
              </pointsInSequence>
            </Route>
          </routes>
          <lines>
            <Line version="683" id="VTR:Line:698">
              <Name>Šiauliai-Kaunas</Name>
              <TransportMode>bus</TransportMode>
              <TransportSubmode>
                <CoachSubmode>nationalCoach</CoachSubmode>
              </TransportSubmode>
              <PublicCode>M-709</PublicCode>
              <OperatorRef ref="VTR:Operator:2"/>
            </Line>
          </lines>
          <scheduledStopPoints>
            <ScheduledStopPoint version="1" id="VTR:ScheduledStopPoint:35979">
              <Name>Šiaulių autobusų stotis</Name>
            </ScheduledStopPoint>
            <ScheduledStopPoint version="1" id="VTR:ScheduledStopPoint:35983">
              <Name>Geležinkelio stotis</Name>
            </ScheduledStopPoint>
            <ScheduledStopPoint version="1" id="VTR:ScheduledStopPoint:35986">
              <Name>Radviliškio g.</Name>
            </ScheduledStopPoint>
            <ScheduledStopPoint version="1" id="VTR:ScheduledStopPoint:35987">
              <Name>Vaižganto g.</Name>
            </ScheduledStopPoint>
            <ScheduledStopPoint version="1" id="VTR:ScheduledStopPoint:35988">
              <Name>Radviliškio autobusų stotis</Name>
            </ScheduledStopPoint>
            <ScheduledStopPoint version="1" id="VTR:ScheduledStopPoint:35989">
              <Name>Šilainių poliklinika</Name>
            </ScheduledStopPoint>
            <ScheduledStopPoint version="1" id="VTR:ScheduledStopPoint:35993">
              <Name>Kauno pilis</Name>
            </ScheduledStopPoint>
            <ScheduledStopPoint version="1" id="VTR:ScheduledStopPoint:35995">
              <Name>Kauno autobusų stotis</Name>
            </ScheduledStopPoint>
            <ScheduledStopPoint version="1" id="VTR:ScheduledStopPoint:36015">
              <Name>Kauno autobusų stotis</Name>
            </ScheduledStopPoint>
            <ScheduledStopPoint version="1" id="VTR:ScheduledStopPoint:36023">
              <Name>Šilainių poliklinika</Name>
            </ScheduledStopPoint>
            <ScheduledStopPoint version="1" id="VTR:ScheduledStopPoint:36025">
              <Name>Radviliškio autobusų stotis</Name>
            </ScheduledStopPoint>
            <ScheduledStopPoint version="1" id="VTR:ScheduledStopPoint:36026">
              <Name>Vilkaviškio g.</Name>
            </ScheduledStopPoint>
            <ScheduledStopPoint version="1" id="VTR:ScheduledStopPoint:36028">
              <Name>Geriatrijos centras</Name>
            </ScheduledStopPoint>
            <ScheduledStopPoint version="1" id="VTR:ScheduledStopPoint:36035">
              <Name>Šiaulių autobusų stotis</Name>
            </ScheduledStopPoint>
          </scheduledStopPoints>
          <serviceLinks>
            <ServiceLink id="VTR:ServiceLink:36025_1_36026_1" version="1">
              <Distance>19</Distance>
              <FromPointRef ref="VTR:ScheduledStopPoint:36025" version="1"/>
              <ToPointRef ref="VTR:ScheduledStopPoint:36026" version="1"/>
            </ServiceLink>
            <ServiceLink id="VTR:ServiceLink:35987_1_35988_1" version="1">
              <Distance>1</Distance>
              <FromPointRef ref="VTR:ScheduledStopPoint:35987" version="1"/>
              <ToPointRef ref="VTR:ScheduledStopPoint:35988" version="1"/>
            </ServiceLink>
            <ServiceLink id="VTR:ServiceLink:35988_1_35989_1" version="1">
              <Distance>120</Distance>
              <FromPointRef ref="VTR:ScheduledStopPoint:35988" version="1"/>
              <ToPointRef ref="VTR:ScheduledStopPoint:35989" version="1"/>
            </ServiceLink>
            <ServiceLink id="VTR:ServiceLink:35986_1_35987_1" version="1">
              <Distance>17</Distance>
              <FromPointRef ref="VTR:ScheduledStopPoint:35986" version="1"/>
              <ToPointRef ref="VTR:ScheduledStopPoint:35987" version="1"/>
            </ServiceLink>
          </serviceLinks>
          <stopAssignments>
            <PassengerStopAssignment order="215600000" id="VTR:PassengerStopAssignment:35979" version="1">
              <ScheduledStopPointRef ref="VTR:ScheduledStopPoint:35979" version="1"/>
              <QuayRef ref="VTR:Quay:19488"/>
            </PassengerStopAssignment>
            <PassengerStopAssignment order="215600004" id="VTR:PassengerStopAssignment:35983" version="1">
              <ScheduledStopPointRef ref="VTR:ScheduledStopPoint:35983" version="1"/>
              <QuayRef ref="VTR:Quay:20161"/>
            </PassengerStopAssignment>
            <PassengerStopAssignment order="215600007" id="VTR:PassengerStopAssignment:35986" version="1">
              <ScheduledStopPointRef ref="VTR:ScheduledStopPoint:35986" version="1"/>
              <QuayRef ref="VTR:Quay:20159"/>
            </PassengerStopAssignment>
            <PassengerStopAssignment order="215600008" id="VTR:PassengerStopAssignment:35987" version="1">
              <ScheduledStopPointRef ref="VTR:ScheduledStopPoint:35987" version="1"/>
              <QuayRef ref="VTR:Quay:20152"/>
            </PassengerStopAssignment>
            <PassengerStopAssignment order="215600009" id="VTR:PassengerStopAssignment:35988" version="1">
              <ScheduledStopPointRef ref="VTR:ScheduledStopPoint:35988" version="1"/>
              <QuayRef ref="VTR:Quay:19490"/>
            </PassengerStopAssignment>
            <PassengerStopAssignment order="215600010" id="VTR:PassengerStopAssignment:35989" version="1">
              <ScheduledStopPointRef ref="VTR:ScheduledStopPoint:35989" version="1"/>
              <QuayRef ref="VTR:Quay:21440"/>
            </PassengerStopAssignment>
            <PassengerStopAssignment order="215600014" id="VTR:PassengerStopAssignment:35993" version="1">
              <ScheduledStopPointRef ref="VTR:ScheduledStopPoint:35993" version="1"/>
              <QuayRef ref="VTR:Quay:21441"/>
            </PassengerStopAssignment>
            <PassengerStopAssignment order="215600016" id="VTR:PassengerStopAssignment:35995" version="1">
              <ScheduledStopPointRef ref="VTR:ScheduledStopPoint:35995" version="1"/>
              <QuayRef ref="VTR:Quay:19470"/>
            </PassengerStopAssignment>
            <PassengerStopAssignment order="215700000" id="VTR:PassengerStopAssignment:36015" version="1">
              <ScheduledStopPointRef ref="VTR:ScheduledStopPoint:36015" version="1"/>
              <QuayRef ref="VTR:Quay:19470"/>
            </PassengerStopAssignment>
            <PassengerStopAssignment order="215700008" id="VTR:PassengerStopAssignment:36023" version="1">
              <ScheduledStopPointRef ref="VTR:ScheduledStopPoint:36023" version="1"/>
              <QuayRef ref="VTR:Quay:21439"/>
            </PassengerStopAssignment>
            <PassengerStopAssignment order="215700010" id="VTR:PassengerStopAssignment:36025" version="1">
              <ScheduledStopPointRef ref="VTR:ScheduledStopPoint:36025" version="1"/>
              <QuayRef ref="VTR:Quay:19490"/>
            </PassengerStopAssignment>
            <PassengerStopAssignment order="215700011" id="VTR:PassengerStopAssignment:36026" version="1">
              <ScheduledStopPointRef ref="VTR:ScheduledStopPoint:36026" version="1"/>
              <QuayRef ref="VTR:Quay:20158"/>
            </PassengerStopAssignment>
            <PassengerStopAssignment order="215700013" id="VTR:PassengerStopAssignment:36028" version="1">
              <ScheduledStopPointRef ref="VTR:ScheduledStopPoint:36028" version="1"/>
              <QuayRef ref="VTR:Quay:20160"/>
            </PassengerStopAssignment>
            <PassengerStopAssignment order="215700020" id="VTR:PassengerStopAssignment:36035" version="1">
              <ScheduledStopPointRef ref="VTR:ScheduledStopPoint:36035" version="1"/>
              <QuayRef ref="VTR:Quay:19488"/>
            </PassengerStopAssignment>
          </stopAssignments>
          <journeyPatterns>
            <JourneyPattern id="VTR:JourneyPattern:42680" version="42657">
              <Name>2*X</Name>
              <RouteRef ref="VTR:Route:2157" version="1"/>
              <pointsInSequence>
                <StopPointInJourneyPattern id="VTR:StopPointInJourneyPattern:901162" version="42657" order="1">
                  <ScheduledStopPointRef ref="VTR:ScheduledStopPoint:36015"/>
                  <ForAlighting>false</ForAlighting>
                  <DestinationDisplayRef ref="VTR:DestinationDisplay:1"/>
                </StopPointInJourneyPattern>
                <StopPointInJourneyPattern id="VTR:StopPointInJourneyPattern:901163" version="42657" order="2">
                  <ScheduledStopPointRef ref="VTR:ScheduledStopPoint:36023"/>
                  <ForAlighting>false</ForAlighting>
                  <DestinationDisplayRef ref="VTR:DestinationDisplay:1"/>
                </StopPointInJourneyPattern>
                <StopPointInJourneyPattern id="VTR:StopPointInJourneyPattern:901164" version="42657" order="3">
                  <ScheduledStopPointRef ref="VTR:ScheduledStopPoint:36025"/>
                  <DestinationDisplayRef ref="VTR:DestinationDisplay:1"/>
                </StopPointInJourneyPattern>
                <StopPointInJourneyPattern id="VTR:StopPointInJourneyPattern:901165" version="42657" order="4">
                  <ScheduledStopPointRef ref="VTR:ScheduledStopPoint:36026"/>
                  <ForBoarding>false</ForBoarding>
                  <DestinationDisplayRef ref="VTR:DestinationDisplay:1"/>
                </StopPointInJourneyPattern>
                <StopPointInJourneyPattern id="VTR:StopPointInJourneyPattern:901166" version="42657" order="5">
                  <ScheduledStopPointRef ref="VTR:ScheduledStopPoint:36028"/>
                  <ForBoarding>false</ForBoarding>
                  <DestinationDisplayRef ref="VTR:DestinationDisplay:1"/>
                </StopPointInJourneyPattern>
                <StopPointInJourneyPattern id="VTR:StopPointInJourneyPattern:901167" version="42657" order="6">
                  <ScheduledStopPointRef ref="VTR:ScheduledStopPoint:36035"/>
                  <ForBoarding>false</ForBoarding>
                  <DestinationDisplayRef ref="VTR:DestinationDisplay:1"/>
                </StopPointInJourneyPattern>
              </pointsInSequence>
            </JourneyPattern>
            <JourneyPattern id="VTR:JourneyPattern:42679" version="42656">
              <Name>1*X</Name>
              <RouteRef ref="VTR:Route:2156" version="1"/>
              <pointsInSequence>
                <StopPointInJourneyPattern id="VTR:StopPointInJourneyPattern:901154" version="42656" order="1">
                  <ScheduledStopPointRef ref="VTR:ScheduledStopPoint:35979"/>
                  <ForAlighting>false</ForAlighting>
                  <DestinationDisplayRef ref="VTR:DestinationDisplay:1"/>
                </StopPointInJourneyPattern>
                <StopPointInJourneyPattern id="VTR:StopPointInJourneyPattern:901155" version="42656" order="2">
                  <ScheduledStopPointRef ref="VTR:ScheduledStopPoint:35983"/>
                  <ForAlighting>false</ForAlighting>
                  <DestinationDisplayRef ref="VTR:DestinationDisplay:1"/>
                </StopPointInJourneyPattern>
                <StopPointInJourneyPattern id="VTR:StopPointInJourneyPattern:901156" version="42656" order="3">
                  <ScheduledStopPointRef ref="VTR:ScheduledStopPoint:35986"/>
                  <ForAlighting>false</ForAlighting>
                  <DestinationDisplayRef ref="VTR:DestinationDisplay:1"/>
                </StopPointInJourneyPattern>
                <StopPointInJourneyPattern id="VTR:StopPointInJourneyPattern:901157" version="42656" order="4">
                  <ScheduledStopPointRef ref="VTR:ScheduledStopPoint:35987"/>
                  <DestinationDisplayRef ref="VTR:DestinationDisplay:1"/>
                </StopPointInJourneyPattern>
                <StopPointInJourneyPattern id="VTR:StopPointInJourneyPattern:901158" version="42656" order="5">
                  <ScheduledStopPointRef ref="VTR:ScheduledStopPoint:35988"/>
                  <DestinationDisplayRef ref="VTR:DestinationDisplay:1"/>
                </StopPointInJourneyPattern>
                <StopPointInJourneyPattern id="VTR:StopPointInJourneyPattern:901159" version="42656" order="6">
                  <ScheduledStopPointRef ref="VTR:ScheduledStopPoint:35989"/>
                  <ForBoarding>false</ForBoarding>
                  <DestinationDisplayRef ref="VTR:DestinationDisplay:1"/>
                </StopPointInJourneyPattern>
                <StopPointInJourneyPattern id="VTR:StopPointInJourneyPattern:901160" version="42656" order="7">
                  <ScheduledStopPointRef ref="VTR:ScheduledStopPoint:35993"/>
                  <ForBoarding>false</ForBoarding>
                  <DestinationDisplayRef ref="VTR:DestinationDisplay:1"/>
                </StopPointInJourneyPattern>
                <StopPointInJourneyPattern id="VTR:StopPointInJourneyPattern:901161" version="42656" order="8">
                  <ScheduledStopPointRef ref="VTR:ScheduledStopPoint:35995"/>
                  <ForBoarding>false</ForBoarding>
                  <DestinationDisplayRef ref="VTR:DestinationDisplay:1"/>
                </StopPointInJourneyPattern>
              </pointsInSequence>
            </JourneyPattern>
          </journeyPatterns>
        </ServiceFrame>
        <TimetableFrame version="1" id="VTR:TimetableFrame:1351">
          <vehicleJourneys>
            <ServiceJourney version="42657" id="VTR:ServiceJourney:42680">
              <Name>Kaunas-Šiauliai</Name>
              <PrivateCode>2*X</PrivateCode>
              <dayTypes>
                <DayTypeRef ref="VTR:DayType:271"/>
              </dayTypes>
              <JourneyPatternRef version="42657" ref="VTR:JourneyPattern:42680"/>
              <OperatorRef ref="VTR:Operator:448"/>
              <LineRef ref="VTR:Line:698" version="683"/>
              <passingTimes>
                <TimetabledPassingTime version="42657" id="VTR:TimetabledPassingTime:42680_901162_1">
                  <StopPointInJourneyPatternRef ref="VTR:StopPointInJourneyPattern:901162" version="42657"/>
                  <DepartureTime>12:20:00</DepartureTime>
                  <DepartureDayOffset>0</DepartureDayOffset>
                </TimetabledPassingTime>
                <TimetabledPassingTime version="42657" id="VTR:TimetabledPassingTime:42680_901163_2">
                  <StopPointInJourneyPatternRef ref="VTR:StopPointInJourneyPattern:901163" version="42657"/>
                  <DepartureTime>12:35:00</DepartureTime>
                  <DepartureDayOffset>0</DepartureDayOffset>
                </TimetabledPassingTime>
                <TimetabledPassingTime version="42657" id="VTR:TimetabledPassingTime:42680_901164_3">
                  <StopPointInJourneyPatternRef ref="VTR:StopPointInJourneyPattern:901164" version="42657"/>
                  <DepartureTime>14:16:00</DepartureTime>
                  <DepartureDayOffset>0</DepartureDayOffset>
                </TimetabledPassingTime>
                <TimetabledPassingTime version="42657" id="VTR:TimetabledPassingTime:42680_901165_4">
                  <StopPointInJourneyPatternRef ref="VTR:StopPointInJourneyPattern:901165" version="42657"/>
                  <DepartureTime>14:32:00</DepartureTime>
                  <DepartureDayOffset>0</DepartureDayOffset>
                </TimetabledPassingTime>
                <TimetabledPassingTime version="42657" id="VTR:TimetabledPassingTime:42680_901166_5">
                  <StopPointInJourneyPatternRef ref="VTR:StopPointInJourneyPattern:901166" version="42657"/>
                  <DepartureTime>14:35:00</DepartureTime>
                  <DepartureDayOffset>0</DepartureDayOffset>
                </TimetabledPassingTime>
                <TimetabledPassingTime version="42657" id="VTR:TimetabledPassingTime:42680_901167_6">
                  <StopPointInJourneyPatternRef ref="VTR:StopPointInJourneyPattern:901167" version="42657"/>
                  <DepartureTime>14:50:00</DepartureTime>
                  <DepartureDayOffset>0</DepartureDayOffset>
                </TimetabledPassingTime>
              </passingTimes>
            </ServiceJourney>
            <ServiceJourney version="42656" id="VTR:ServiceJourney:42679">
              <Name>Šiauliai-Kaunas</Name>
              <PrivateCode>1*X</PrivateCode>
              <dayTypes>
                <DayTypeRef ref="VTR:DayType:98"/>
              </dayTypes>
              <JourneyPatternRef version="42656" ref="VTR:JourneyPattern:42679"/>
              <OperatorRef ref="VTR:Operator:448"/>
              <LineRef ref="VTR:Line:698" version="683"/>
              <passingTimes>
                <TimetabledPassingTime version="42656" id="VTR:TimetabledPassingTime:42679_901154_1">
                  <StopPointInJourneyPatternRef ref="VTR:StopPointInJourneyPattern:901154" version="42656"/>
                  <DepartureTime>05:45:00</DepartureTime>
                  <DepartureDayOffset>0</DepartureDayOffset>
                </TimetabledPassingTime>
                <TimetabledPassingTime version="42656" id="VTR:TimetabledPassingTime:42679_901155_2">
                  <StopPointInJourneyPatternRef ref="VTR:StopPointInJourneyPattern:901155" version="42656"/>
                  <DepartureTime>05:48:00</DepartureTime>
                  <DepartureDayOffset>0</DepartureDayOffset>
                </TimetabledPassingTime>
                <TimetabledPassingTime version="42656" id="VTR:TimetabledPassingTime:42679_901156_3">
                  <StopPointInJourneyPatternRef ref="VTR:StopPointInJourneyPattern:901156" version="42656"/>
                  <DepartureTime>05:53:00</DepartureTime>
                  <DepartureDayOffset>0</DepartureDayOffset>
                </TimetabledPassingTime>
                <TimetabledPassingTime version="42656" id="VTR:TimetabledPassingTime:42679_901157_4">
                  <StopPointInJourneyPatternRef ref="VTR:StopPointInJourneyPattern:901157" version="42656"/>
                  <DepartureTime>06:06:00</DepartureTime>
                  <DepartureDayOffset>0</DepartureDayOffset>
                </TimetabledPassingTime>
                <TimetabledPassingTime version="42656" id="VTR:TimetabledPassingTime:42679_901158_5">
                  <StopPointInJourneyPatternRef ref="VTR:StopPointInJourneyPattern:901158" version="42656"/>
                  <DepartureTime>06:11:00</DepartureTime>
                  <DepartureDayOffset>0</DepartureDayOffset>
                </TimetabledPassingTime>
                <TimetabledPassingTime version="42656" id="VTR:TimetabledPassingTime:42679_901159_6">
                  <StopPointInJourneyPatternRef ref="VTR:StopPointInJourneyPattern:901159" version="42656"/>
                  <DepartureTime>07:50:00</DepartureTime>
                  <DepartureDayOffset>0</DepartureDayOffset>
                </TimetabledPassingTime>
                <TimetabledPassingTime version="42656" id="VTR:TimetabledPassingTime:42679_901160_7">
                  <StopPointInJourneyPatternRef ref="VTR:StopPointInJourneyPattern:901160" version="42656"/>
                  <DepartureTime>07:57:00</DepartureTime>
                  <DepartureDayOffset>0</DepartureDayOffset>
                </TimetabledPassingTime>
                <TimetabledPassingTime version="42656" id="VTR:TimetabledPassingTime:42679_901161_8">
                  <StopPointInJourneyPatternRef ref="VTR:StopPointInJourneyPattern:901161" version="42656"/>
                  <DepartureTime>08:15:00</DepartureTime>
                  <DepartureDayOffset>0</DepartureDayOffset>
                </TimetabledPassingTime>
              </passingTimes>
            </ServiceJourney>
          </vehicleJourneys>
        </TimetableFrame>
        <ResourceFrame version="1" id="VTR:ResourceFrame:1351">
          <organisations>
            <Authority version="1" id="VTR:Authority:2">
              <CompanyNumber>188647255</CompanyNumber>
              <Name>LTSA</Name>
              <LegalName>Lietuvos transporto saugos administracija</LegalName>
              <ContactDetails>
                <Email>ltsa@ltsa.lrv.lt</Email>
                <Phone>8 5  278 5602</Phone>
                <Url>www.ltsa.lrv.lt</Url>
              </ContactDetails>
              <OrganisationType>authority</OrganisationType>
            </Authority>
          </organisations>
        </ResourceFrame>
        <FareFrame id="VTR:FareFrame:698" version="1">
          <FrameDefaults>
            <DefaultCurrency>EUR</DefaultCurrency>
          </FrameDefaults>
          <fareStructureElements>
            <FareStructureElement id="VTR:FareStructureElement:pricematrix" version="1">
              <distanceMatrixElements>
                <DistanceMatrixElementRef ref="VTR:DistanceMatrixElement:901155to901160" version="1"/>
                <DistanceMatrixElementRef ref="VTR:DistanceMatrixElement:901158to901160" version="1"/>
                <DistanceMatrixElementRef ref="VTR:DistanceMatrixElement:901156to901161" version="1"/>
                <DistanceMatrixElementRef ref="VTR:DistanceMatrixElement:901162to901167" version="1"/>
                <DistanceMatrixElementRef ref="VTR:DistanceMatrixElement:901164to901167" version="1"/>
                <DistanceMatrixElementRef ref="VTR:DistanceMatrixElement:901154to901161" version="1"/>
                <DistanceMatrixElementRef ref="VTR:DistanceMatrixElement:901155to901159" version="1"/>
                <DistanceMatrixElementRef ref="VTR:DistanceMatrixElement:901155to901161" version="1"/>
                <DistanceMatrixElementRef ref="VTR:DistanceMatrixElement:901158to901159" version="1"/>
                <DistanceMatrixElementRef ref="VTR:DistanceMatrixElement:901154to901158" version="1"/>
                <DistanceMatrixElementRef ref="VTR:DistanceMatrixElement:901154to901159" version="1"/>
                <DistanceMatrixElementRef ref="VTR:DistanceMatrixElement:901156to901158" version="1"/>
                <DistanceMatrixElementRef ref="VTR:DistanceMatrixElement:901162to901164" version="1"/>
                <DistanceMatrixElementRef ref="VTR:DistanceMatrixElement:901154to901157" version="1"/>
                <DistanceMatrixElementRef ref="VTR:DistanceMatrixElement:901154to901160" version="1"/>
                <DistanceMatrixElementRef ref="VTR:DistanceMatrixElement:901155to901158" version="1"/>
                <DistanceMatrixElementRef ref="VTR:DistanceMatrixElement:901155to901157" version="1"/>
                <DistanceMatrixElementRef ref="VTR:DistanceMatrixElement:901156to901159" version="1"/>
                <DistanceMatrixElementRef ref="VTR:DistanceMatrixElement:901156to901160" version="1"/>
                <DistanceMatrixElementRef ref="VTR:DistanceMatrixElement:901158to901161" version="1"/>
                <DistanceMatrixElementRef ref="VTR:DistanceMatrixElement:901156to901157" version="1"/>
              </distanceMatrixElements>
            </FareStructureElement>
          </fareStructureElements>
          <tariffs>
            <Tariff id="VTR:Tariff:pointToPointInSeparateJourney_698" version="1">
              <Name>Point to point tariff</Name>
              <distanceMatrixElements>
                <DistanceMatrixElement id="VTR:DistanceMatrixElement:901155to901160" version="1">
                  <Name>Geležinkelio stotis to Kauno pilis</Name>
                  <StartStopPointRef ref="VTR:ScheduledStopPoint:35983" version="1"/>
                  <EndStopPointRef ref="VTR:ScheduledStopPoint:35993" version="1"/>
                  <prices>
                    <DistanceMatrixElementPrice id="VTR:DistanceMatrixElementPrice:901155to901160" version="1">
                      <Amount>10.0</Amount>
                      <DistanceMatrixElementRef ref="VTR:DistanceMatrixElement:901155to901160" version="1"/>
                    </DistanceMatrixElementPrice>
                  </prices>
                </DistanceMatrixElement>
                <DistanceMatrixElement id="VTR:DistanceMatrixElement:901158to901160" version="1">
                  <Name>Radviliškio autobusų stotis to Kauno pilis</Name>
                  <StartStopPointRef ref="VTR:ScheduledStopPoint:35988" version="1"/>
                  <EndStopPointRef ref="VTR:ScheduledStopPoint:35993" version="1"/>
                  <prices>
                    <DistanceMatrixElementPrice id="VTR:DistanceMatrixElementPrice:901158to901160" version="1">
                      <Amount>8.6</Amount>
                      <DistanceMatrixElementRef ref="VTR:DistanceMatrixElement:901158to901160" version="1"/>
                    </DistanceMatrixElementPrice>
                  </prices>
                </DistanceMatrixElement>
                <DistanceMatrixElement id="VTR:DistanceMatrixElement:901156to901161" version="1">
                  <Name>Radviliškio g. to Kauno autobusų stotis</Name>
                  <StartStopPointRef ref="VTR:ScheduledStopPoint:35986" version="1"/>
                  <EndStopPointRef ref="VTR:ScheduledStopPoint:35995" version="1"/>
                  <prices>
                    <DistanceMatrixElementPrice id="VTR:DistanceMatrixElementPrice:901156to901161" version="1">
                      <Amount>10.0</Amount>
                      <DistanceMatrixElementRef ref="VTR:DistanceMatrixElement:901156to901161" version="1"/>
                    </DistanceMatrixElementPrice>
                  </prices>
                </DistanceMatrixElement>
                <DistanceMatrixElement id="VTR:DistanceMatrixElement:901162to901167" version="1">
                  <Name>Kauno autobusų stotis to Šiaulių autobusų stotis</Name>
                  <StartStopPointRef ref="VTR:ScheduledStopPoint:36015" version="1"/>
                  <EndStopPointRef ref="VTR:ScheduledStopPoint:36035" version="1"/>
                  <prices>
                    <DistanceMatrixElementPrice id="VTR:DistanceMatrixElementPrice:901162to901167" version="1">
                      <Amount>10.0</Amount>
                      <DistanceMatrixElementRef ref="VTR:DistanceMatrixElement:901162to901167" version="1"/>
                    </DistanceMatrixElementPrice>
                  </prices>
                </DistanceMatrixElement>
                <DistanceMatrixElement id="VTR:DistanceMatrixElement:901164to901167" version="1">
                  <Name>Radviliškio autobusų stotis to Šiaulių autobusų stotis</Name>
                  <StartStopPointRef ref="VTR:ScheduledStopPoint:36025" version="1"/>
                  <EndStopPointRef ref="VTR:ScheduledStopPoint:36035" version="1"/>
                  <prices>
                    <DistanceMatrixElementPrice id="VTR:DistanceMatrixElementPrice:901164to901167" version="1">
                      <Amount>1.4</Amount>
                      <DistanceMatrixElementRef ref="VTR:DistanceMatrixElement:901164to901167" version="1"/>
                    </DistanceMatrixElementPrice>
                  </prices>
                </DistanceMatrixElement>
                <DistanceMatrixElement id="VTR:DistanceMatrixElement:901154to901161" version="1">
                  <Name>Šiaulių autobusų stotis to Kauno autobusų stotis</Name>
                  <StartStopPointRef ref="VTR:ScheduledStopPoint:35979" version="1"/>
                  <EndStopPointRef ref="VTR:ScheduledStopPoint:35995" version="1"/>
                  <prices>
                    <DistanceMatrixElementPrice id="VTR:DistanceMatrixElementPrice:901154to901161" version="1">
                      <Amount>10.0</Amount>
                      <DistanceMatrixElementRef ref="VTR:DistanceMatrixElement:901154to901161" version="1"/>
                    </DistanceMatrixElementPrice>
                  </prices>
                </DistanceMatrixElement>
                <DistanceMatrixElement id="VTR:DistanceMatrixElement:901155to901159" version="1">
                  <Name>Geležinkelio stotis to Šilainių poliklinika</Name>
                  <StartStopPointRef ref="VTR:ScheduledStopPoint:35983" version="1"/>
                  <EndStopPointRef ref="VTR:ScheduledStopPoint:35989" version="1"/>
                  <prices>
                    <DistanceMatrixElementPrice id="VTR:DistanceMatrixElementPrice:901155to901159" version="1">
                      <Amount>10.0</Amount>
                      <DistanceMatrixElementRef ref="VTR:DistanceMatrixElement:901155to901159" version="1"/>
                    </DistanceMatrixElementPrice>
                  </prices>
                </DistanceMatrixElement>
                <DistanceMatrixElement id="VTR:DistanceMatrixElement:901155to901161" version="1">
                  <Name>Geležinkelio stotis to Kauno autobusų stotis</Name>
                  <StartStopPointRef ref="VTR:ScheduledStopPoint:35983" version="1"/>
                  <EndStopPointRef ref="VTR:ScheduledStopPoint:35995" version="1"/>
                  <prices>
                    <DistanceMatrixElementPrice id="VTR:DistanceMatrixElementPrice:901155to901161" version="1">
                      <Amount>10.0</Amount>
                      <DistanceMatrixElementRef ref="VTR:DistanceMatrixElement:901155to901161" version="1"/>
                    </DistanceMatrixElementPrice>
                  </prices>
                </DistanceMatrixElement>
                <DistanceMatrixElement id="VTR:DistanceMatrixElement:901158to901159" version="1">
                  <Name>Radviliškio autobusų stotis to Šilainių poliklinika</Name>
                  <StartStopPointRef ref="VTR:ScheduledStopPoint:35988" version="1"/>
                  <EndStopPointRef ref="VTR:ScheduledStopPoint:35989" version="1"/>
                  <prices>
                    <DistanceMatrixElementPrice id="VTR:DistanceMatrixElementPrice:901158to901159" version="1">
                      <Amount>8.6</Amount>
                      <DistanceMatrixElementRef ref="VTR:DistanceMatrixElement:901158to901159" version="1"/>
                    </DistanceMatrixElementPrice>
                  </prices>
                </DistanceMatrixElement>
                <DistanceMatrixElement id="VTR:DistanceMatrixElement:901154to901158" version="1">
                  <Name>Šiaulių autobusų stotis to Radviliškio autobusų stotis</Name>
                  <StartStopPointRef ref="VTR:ScheduledStopPoint:35979" version="1"/>
                  <EndStopPointRef ref="VTR:ScheduledStopPoint:35988" version="1"/>
                  <prices>
                    <DistanceMatrixElementPrice id="VTR:DistanceMatrixElementPrice:901154to901158" version="1">
                      <Amount>1.4</Amount>
                      <DistanceMatrixElementRef ref="VTR:DistanceMatrixElement:901154to901158" version="1"/>
                    </DistanceMatrixElementPrice>
                  </prices>
                </DistanceMatrixElement>
                <DistanceMatrixElement id="VTR:DistanceMatrixElement:901154to901159" version="1">
                  <Name>Šiaulių autobusų stotis to Šilainių poliklinika</Name>
                  <StartStopPointRef ref="VTR:ScheduledStopPoint:35979" version="1"/>
                  <EndStopPointRef ref="VTR:ScheduledStopPoint:35989" version="1"/>
                  <prices>
                    <DistanceMatrixElementPrice id="VTR:DistanceMatrixElementPrice:901154to901159" version="1">
                      <Amount>10.0</Amount>
                      <DistanceMatrixElementRef ref="VTR:DistanceMatrixElement:901154to901159" version="1"/>
                    </DistanceMatrixElementPrice>
                  </prices>
                </DistanceMatrixElement>
                <DistanceMatrixElement id="VTR:DistanceMatrixElement:901156to901158" version="1">
                  <Name>Radviliškio g. to Radviliškio autobusų stotis</Name>
                  <StartStopPointRef ref="VTR:ScheduledStopPoint:35986" version="1"/>
                  <EndStopPointRef ref="VTR:ScheduledStopPoint:35988" version="1"/>
                  <prices>
                    <DistanceMatrixElementPrice id="VTR:DistanceMatrixElementPrice:901156to901158" version="1">
                      <Amount>1.4</Amount>
                      <DistanceMatrixElementRef ref="VTR:DistanceMatrixElement:901156to901158" version="1"/>
                    </DistanceMatrixElementPrice>
                  </prices>
                </DistanceMatrixElement>
                <DistanceMatrixElement id="VTR:DistanceMatrixElement:901162to901164" version="1">
                  <Name>Kauno autobusų stotis to Radviliškio autobusų stotis</Name>
                  <StartStopPointRef ref="VTR:ScheduledStopPoint:36015" version="1"/>
                  <EndStopPointRef ref="VTR:ScheduledStopPoint:36025" version="1"/>
                  <prices>
                    <DistanceMatrixElementPrice id="VTR:DistanceMatrixElementPrice:901162to901164" version="1">
                      <Amount>8.6</Amount>
                      <DistanceMatrixElementRef ref="VTR:DistanceMatrixElement:901162to901164" version="1"/>
                    </DistanceMatrixElementPrice>
                  </prices>
                </DistanceMatrixElement>
                <DistanceMatrixElement id="VTR:DistanceMatrixElement:901154to901157" version="1">
                  <Name>Šiaulių autobusų stotis to Vaižganto g.</Name>
                  <StartStopPointRef ref="VTR:ScheduledStopPoint:35979" version="1"/>
                  <EndStopPointRef ref="VTR:ScheduledStopPoint:35987" version="1"/>
                  <prices>
                    <DistanceMatrixElementPrice id="VTR:DistanceMatrixElementPrice:901154to901157" version="1">
                      <Amount>1.4</Amount>
                      <DistanceMatrixElementRef ref="VTR:DistanceMatrixElement:901154to901157" version="1"/>
                    </DistanceMatrixElementPrice>
                  </prices>
                </DistanceMatrixElement>
                <DistanceMatrixElement id="VTR:DistanceMatrixElement:901154to901160" version="1">
                  <Name>Šiaulių autobusų stotis to Kauno pilis</Name>
                  <StartStopPointRef ref="VTR:ScheduledStopPoint:35979" version="1"/>
                  <EndStopPointRef ref="VTR:ScheduledStopPoint:35993" version="1"/>
                  <prices>
                    <DistanceMatrixElementPrice id="VTR:DistanceMatrixElementPrice:901154to901160" version="1">
                      <Amount>10.0</Amount>
                      <DistanceMatrixElementRef ref="VTR:DistanceMatrixElement:901154to901160" version="1"/>
                    </DistanceMatrixElementPrice>
                  </prices>
                </DistanceMatrixElement>
                <DistanceMatrixElement id="VTR:DistanceMatrixElement:901155to901158" version="1">
                  <Name>Geležinkelio stotis to Radviliškio autobusų stotis</Name>
                  <StartStopPointRef ref="VTR:ScheduledStopPoint:35983" version="1"/>
                  <EndStopPointRef ref="VTR:ScheduledStopPoint:35988" version="1"/>
                  <prices>
                    <DistanceMatrixElementPrice id="VTR:DistanceMatrixElementPrice:901155to901158" version="1">
                      <Amount>1.4</Amount>
                      <DistanceMatrixElementRef ref="VTR:DistanceMatrixElement:901155to901158" version="1"/>
                    </DistanceMatrixElementPrice>
                  </prices>
                </DistanceMatrixElement>
                <DistanceMatrixElement id="VTR:DistanceMatrixElement:901155to901157" version="1">
                  <Name>Geležinkelio stotis to Vaižganto g.</Name>
                  <StartStopPointRef ref="VTR:ScheduledStopPoint:35983" version="1"/>
                  <EndStopPointRef ref="VTR:ScheduledStopPoint:35987" version="1"/>
                  <prices>
                    <DistanceMatrixElementPrice id="VTR:DistanceMatrixElementPrice:901155to901157" version="1">
                      <Amount>1.4</Amount>
                      <DistanceMatrixElementRef ref="VTR:DistanceMatrixElement:901155to901157" version="1"/>
                    </DistanceMatrixElementPrice>
                  </prices>
                </DistanceMatrixElement>
                <DistanceMatrixElement id="VTR:DistanceMatrixElement:901156to901159" version="1">
                  <Name>Radviliškio g. to Šilainių poliklinika</Name>
                  <StartStopPointRef ref="VTR:ScheduledStopPoint:35986" version="1"/>
                  <EndStopPointRef ref="VTR:ScheduledStopPoint:35989" version="1"/>
                  <prices>
                    <DistanceMatrixElementPrice id="VTR:DistanceMatrixElementPrice:901156to901159" version="1">
                      <Amount>10.0</Amount>
                      <DistanceMatrixElementRef ref="VTR:DistanceMatrixElement:901156to901159" version="1"/>
                    </DistanceMatrixElementPrice>
                  </prices>
                </DistanceMatrixElement>
                <DistanceMatrixElement id="VTR:DistanceMatrixElement:901156to901160" version="1">
                  <Name>Radviliškio g. to Kauno pilis</Name>
                  <StartStopPointRef ref="VTR:ScheduledStopPoint:35986" version="1"/>
                  <EndStopPointRef ref="VTR:ScheduledStopPoint:35993" version="1"/>
                  <prices>
                    <DistanceMatrixElementPrice id="VTR:DistanceMatrixElementPrice:901156to901160" version="1">
                      <Amount>10.0</Amount>
                      <DistanceMatrixElementRef ref="VTR:DistanceMatrixElement:901156to901160" version="1"/>
                    </DistanceMatrixElementPrice>
                  </prices>
                </DistanceMatrixElement>
                <DistanceMatrixElement id="VTR:DistanceMatrixElement:901158to901161" version="1">
                  <Name>Radviliškio autobusų stotis to Kauno autobusų stotis</Name>
                  <StartStopPointRef ref="VTR:ScheduledStopPoint:35988" version="1"/>
                  <EndStopPointRef ref="VTR:ScheduledStopPoint:35995" version="1"/>
                  <prices>
                    <DistanceMatrixElementPrice id="VTR:DistanceMatrixElementPrice:901158to901161" version="1">
                      <Amount>8.6</Amount>
                      <DistanceMatrixElementRef ref="VTR:DistanceMatrixElement:901158to901161" version="1"/>
                    </DistanceMatrixElementPrice>
                  </prices>
                </DistanceMatrixElement>
                <DistanceMatrixElement id="VTR:DistanceMatrixElement:901156to901157" version="1">
                  <Name>Radviliškio g. to Vaižganto g.</Name>
                  <StartStopPointRef ref="VTR:ScheduledStopPoint:35986" version="1"/>
                  <EndStopPointRef ref="VTR:ScheduledStopPoint:35987" version="1"/>
                  <prices>
                    <DistanceMatrixElementPrice id="VTR:DistanceMatrixElementPrice:901156to901157" version="1">
                      <Amount>1.4</Amount>
                      <DistanceMatrixElementRef ref="VTR:DistanceMatrixElement:901156to901157" version="1"/>
                    </DistanceMatrixElementPrice>
                  </prices>
                </DistanceMatrixElement>
              </distanceMatrixElements>
            </Tariff>
          </tariffs>
          <usageParameters>
            <FrequencyOfUse id="VTR:FrequencyOfUse:oneTrip" version="1">
              <FrequencyOfUseType>unlimited</FrequencyOfUseType>
              <MaximalFrequency>1</MaximalFrequency>
            </FrequencyOfUse>
          </usageParameters>
        </FareFrame>
      </frames>
    </CompositeFrame>
  </dataObjects>
</PublicationDelivery>
