<?xml version="1.0" encoding="UTF-8"?><PublicationDelivery xmlns="http://www.netex.org.uk/netex" xmlns:gis="http://www.opengis.net/gml/3.2" xmlns:ns2="http://www.opengis.net/gml/3.2" xmlns:ns3="http://www.siri.org.uk/siri" xmlns:xsi="http://www.w3.org/2001/XMLSchema-instance" version="1" xsi:schemaLocation="">
  <PublicationTimestamp>2022-05-07T00:50:00.296</PublicationTimestamp>
  <ParticipantRef>VTR</ParticipantRef>
  <Description>1</Description>
  <dataObjects>
    <CompositeFrame created="2022-05-07T00:50:00.296" version="1" id="VTR:CompositeFrame:1351">
      <validityConditions>
        <AvailabilityCondition version="1" id="VTR:AvailabilityCondition:1351">
          <FromDate>2010-03-24T00:00:00</FromDate>
          <ToDate>2023-03-31T00:00:00</ToDate>
        </AvailabilityCondition>
      </validityConditions>
      <codespaces>
        <Codespace id="vtr">
          <Xmlns>VTR</Xmlns>
          <XmlnsUrl>http://www.visimarsrutai.lt/</XmlnsUrl>
        </Codespace>
      </codespaces>
      <FrameDefaults>
        <DefaultLocale>
          <TimeZone>Europe/Vilnius</TimeZone>
        </DefaultLocale>
        <DefaultLocationSystem>WGS84</DefaultLocationSystem>
      </FrameDefaults>
      <frames>
        <ServiceCalendarFrame version="1" id="VTR:ServiceCalendarFrame:1351">
          <dayTypes>
            <DayType id="VTR:DayType:1430" version="1">
              <properties>
                <PropertyOfDay>
                  <DaysOfWeek>Sunday</DaysOfWeek>
                </PropertyOfDay>
              </properties>
            </DayType>
            <DayType id="VTR:DayType:271" version="1">
              <properties>
                <PropertyOfDay>
                  <DaysOfWeek>Monday Tuesday Wednesday Thursday Friday Saturday</DaysOfWeek>
                </PropertyOfDay>
              </properties>
            </DayType>
            <DayType id="VTR:DayType:90" version="1">
              <properties>
                <PropertyOfDay>
                  <DaysOfWeek>Weekdays</DaysOfWeek>
                </PropertyOfDay>
              </properties>
            </DayType>
          </dayTypes>
          <operatingPeriods>
            <OperatingPeriod version="1" id="VTR:OperatingPeriod:1430">
              <FromDate>2015-06-02T00:00:00</FromDate>
              <ToDate>2099-12-31T00:00:00</ToDate>
            </OperatingPeriod>
            <OperatingPeriod version="1" id="VTR:OperatingPeriod:271">
              <FromDate>2015-06-02T00:00:00</FromDate>
              <ToDate>2099-12-31T00:00:00</ToDate>
            </OperatingPeriod>
            <OperatingPeriod version="1" id="VTR:OperatingPeriod:90">
              <FromDate>2015-06-02T00:00:00</FromDate>
              <ToDate>2099-12-31T00:00:00</ToDate>
            </OperatingPeriod>
          </operatingPeriods>
          <dayTypeAssignments>
            <DayTypeAssignment id="VTR:DayTypeAssignment:90_0" version="1" order="147">
              <OperatingPeriodRef ref="VTR:OperatingPeriod:90" version="1"/>
              <DayTypeRef ref="VTR:DayType:90" version="1"/>
            </DayTypeAssignment>
            <DayTypeAssignment id="VTR:DayTypeAssignment:271_0" version="1" order="330">
              <OperatingPeriodRef ref="VTR:OperatingPeriod:271" version="1"/>
              <DayTypeRef ref="VTR:DayType:271" version="1"/>
            </DayTypeAssignment>
            <DayTypeAssignment id="VTR:DayTypeAssignment:1430_0" version="1" order="1406">
              <OperatingPeriodRef ref="VTR:OperatingPeriod:1430" version="1"/>
              <DayTypeRef ref="VTR:DayType:1430" version="1"/>
            </DayTypeAssignment>
            <DayTypeAssignment id="VTR:DayTypeAssignment:1430_881967" version="1" order="23065">
              <Date>2022-05-01</Date>
              <DayTypeRef ref="VTR:DayType:1430" version="1"/>
            </DayTypeAssignment>
            <DayTypeAssignment id="VTR:DayTypeAssignment:1430_953261" version="1" order="23068">
              <Date>2023-05-01</Date>
              <DayTypeRef ref="VTR:DayType:1430" version="1"/>
            </DayTypeAssignment>
          </dayTypeAssignments>
        </ServiceCalendarFrame>
        <ServiceFrame id="VTR:ServiceFrame:1351" version="1">
          <Network version="0" id="VTR:Network:2"/>
          <routePoints>
            <RoutePoint version="1" id="VTR:RoutePoint:82200">
              <projections>
                <PointProjection version="1" id="VTR:PointProjection:27474">
                  <ProjectedPointRef ref="VTR:ScheduledStopPoint:82200" version="1"/>
                </PointProjection>
              </projections>
            </RoutePoint>
            <RoutePoint version="1" id="VTR:RoutePoint:82201">
              <projections>
                <PointProjection version="1" id="VTR:PointProjection:27483">
                  <ProjectedPointRef ref="VTR:ScheduledStopPoint:82201" version="1"/>
                </PointProjection>
              </projections>
            </RoutePoint>
            <RoutePoint version="1" id="VTR:RoutePoint:82202">
              <projections>
                <PointProjection version="1" id="VTR:PointProjection:27484">
                  <ProjectedPointRef ref="VTR:ScheduledStopPoint:82202" version="1"/>
                </PointProjection>
              </projections>
            </RoutePoint>
            <RoutePoint version="1" id="VTR:RoutePoint:82203">
              <projections>
                <PointProjection version="1" id="VTR:PointProjection:27485">
                  <ProjectedPointRef ref="VTR:ScheduledStopPoint:82203" version="1"/>
                </PointProjection>
              </projections>
            </RoutePoint>
            <RoutePoint version="1" id="VTR:RoutePoint:82204">
              <projections>
                <PointProjection version="1" id="VTR:PointProjection:27486">
                  <ProjectedPointRef ref="VTR:ScheduledStopPoint:82204" version="1"/>
                </PointProjection>
              </projections>
            </RoutePoint>
            <RoutePoint version="1" id="VTR:RoutePoint:82205">
              <projections>
                <PointProjection version="1" id="VTR:PointProjection:27487">
                  <ProjectedPointRef ref="VTR:ScheduledStopPoint:82205" version="1"/>
                </PointProjection>
              </projections>
            </RoutePoint>
            <RoutePoint version="1" id="VTR:RoutePoint:82228">
              <projections>
                <PointProjection version="1" id="VTR:PointProjection:27549">
                  <ProjectedPointRef ref="VTR:ScheduledStopPoint:82228" version="1"/>
                </PointProjection>
              </projections>
            </RoutePoint>
            <RoutePoint version="1" id="VTR:RoutePoint:82230">
              <projections>
                <PointProjection version="1" id="VTR:PointProjection:27550">
                  <ProjectedPointRef ref="VTR:ScheduledStopPoint:82230" version="1"/>
                </PointProjection>
              </projections>
            </RoutePoint>
            <RoutePoint version="1" id="VTR:RoutePoint:82231">
              <projections>
                <PointProjection version="1" id="VTR:PointProjection:27551">
                  <ProjectedPointRef ref="VTR:ScheduledStopPoint:82231" version="1"/>
                </PointProjection>
              </projections>
            </RoutePoint>
            <RoutePoint version="1" id="VTR:RoutePoint:82232">
              <projections>
                <PointProjection version="1" id="VTR:PointProjection:27552">
                  <ProjectedPointRef ref="VTR:ScheduledStopPoint:82232" version="1"/>
                </PointProjection>
              </projections>
            </RoutePoint>
          </routePoints>
          <routes>
            <Route version="1" id="VTR:Route:4963">
              <Name>Vilnius-Panevėžys</Name>
              <ShortName>Vilnius-Panevėžys</ShortName>
              <LineRef ref="VTR:Line:673" version="658"/>
              <DirectionType>inbound</DirectionType>
              <pointsInSequence>
                <PointOnRoute version="1" id="VTR:PointOnRoute:82228" order="1">
                  <RoutePointRef ref="VTR:RoutePoint:82228"/>
                </PointOnRoute>
                <PointOnRoute version="1" id="VTR:PointOnRoute:82230" order="2">
                  <RoutePointRef ref="VTR:RoutePoint:82230"/>
                </PointOnRoute>
                <PointOnRoute version="1" id="VTR:PointOnRoute:82231" order="3">
                  <RoutePointRef ref="VTR:RoutePoint:82231"/>
                </PointOnRoute>
                <PointOnRoute version="1" id="VTR:PointOnRoute:82232" order="4">
                  <RoutePointRef ref="VTR:RoutePoint:82232"/>
                </PointOnRoute>
              </pointsInSequence>
            </Route>
            <Route version="1" id="VTR:Route:4962">
              <Name>Panevėžys-Vilnius</Name>
              <ShortName>Panevėžys-Vilnius</ShortName>
              <LineRef ref="VTR:Line:673" version="658"/>
              <DirectionType>outbound</DirectionType>
              <pointsInSequence>
                <PointOnRoute version="1" id="VTR:PointOnRoute:82200" order="1">
                  <RoutePointRef ref="VTR:RoutePoint:82200"/>
                </PointOnRoute>
                <PointOnRoute version="1" id="VTR:PointOnRoute:82201" order="2">
                  <RoutePointRef ref="VTR:RoutePoint:82201"/>
                </PointOnRoute>
                <PointOnRoute version="1" id="VTR:PointOnRoute:82202" order="3">
                  <RoutePointRef ref="VTR:RoutePoint:82202"/>
                </PointOnRoute>
                <PointOnRoute version="1" id="VTR:PointOnRoute:82203" order="4">
                  <RoutePointRef ref="VTR:RoutePoint:82203"/>
                </PointOnRoute>
                <PointOnRoute version="1" id="VTR:PointOnRoute:82204" order="5">
                  <RoutePointRef ref="VTR:RoutePoint:82204"/>
                </PointOnRoute>
                <PointOnRoute version="1" id="VTR:PointOnRoute:82205" order="6">
                  <RoutePointRef ref="VTR:RoutePoint:82205"/>
                </PointOnRoute>
              </pointsInSequence>
            </Route>
          </routes>
          <lines>
            <Line version="658" id="VTR:Line:673">
              <Name>Panevėžys-Vilnius</Name>
              <TransportMode>bus</TransportMode>
              <TransportSubmode>
                <CoachSubmode>nationalCoach</CoachSubmode>
              </TransportSubmode>
              <PublicCode>M-591</PublicCode>
              <OperatorRef ref="VTR:Operator:2"/>
            </Line>
          </lines>
          <scheduledStopPoints>
            <ScheduledStopPoint version="1" id="VTR:ScheduledStopPoint:82200">
              <Name>Panevėžio autobusų stotis</Name>
            </ScheduledStopPoint>
            <ScheduledStopPoint version="1" id="VTR:ScheduledStopPoint:82201">
              <Name>Autobusų parkas</Name>
            </ScheduledStopPoint>
            <ScheduledStopPoint version="1" id="VTR:ScheduledStopPoint:82202">
              <Name>Fabijoniškės</Name>
            </ScheduledStopPoint>
            <ScheduledStopPoint version="1" id="VTR:ScheduledStopPoint:82203">
              <Name>Gedimino prospektas</Name>
            </ScheduledStopPoint>
            <ScheduledStopPoint version="1" id="VTR:ScheduledStopPoint:82204">
              <Name>Žemaitės</Name>
            </ScheduledStopPoint>
            <ScheduledStopPoint version="1" id="VTR:ScheduledStopPoint:82205">
              <Name>Vilniaus autobusų stotis</Name>
            </ScheduledStopPoint>
            <ScheduledStopPoint version="1" id="VTR:ScheduledStopPoint:82228">
              <Name>Vilniaus autobusų stotis</Name>
            </ScheduledStopPoint>
            <ScheduledStopPoint version="1" id="VTR:ScheduledStopPoint:82230">
              <Name>Fabijoniškės</Name>
            </ScheduledStopPoint>
            <ScheduledStopPoint version="1" id="VTR:ScheduledStopPoint:82231">
              <Name>Autobusų parkas</Name>
            </ScheduledStopPoint>
            <ScheduledStopPoint version="1" id="VTR:ScheduledStopPoint:82232">
              <Name>Panevėžio autobusų stotis</Name>
            </ScheduledStopPoint>
          </scheduledStopPoints>
          <serviceLinks>
            <ServiceLink id="VTR:ServiceLink:82231_1_82232_1" version="1">
              <Distance>1</Distance>
              <FromPointRef ref="VTR:ScheduledStopPoint:82231" version="1"/>
              <ToPointRef ref="VTR:ScheduledStopPoint:82232" version="1"/>
            </ServiceLink>
            <ServiceLink id="VTR:ServiceLink:82202_1_82203_1" version="1">
              <Distance>4</Distance>
              <FromPointRef ref="VTR:ScheduledStopPoint:82202" version="1"/>
              <ToPointRef ref="VTR:ScheduledStopPoint:82203" version="1"/>
            </ServiceLink>
            <ServiceLink id="VTR:ServiceLink:82230_1_82231_1" version="1">
              <Distance>128</Distance>
              <FromPointRef ref="VTR:ScheduledStopPoint:82230" version="1"/>
              <ToPointRef ref="VTR:ScheduledStopPoint:82231" version="1"/>
            </ServiceLink>
            <ServiceLink id="VTR:ServiceLink:82204_1_82205_1" version="1">
              <Distance>2</Distance>
              <FromPointRef ref="VTR:ScheduledStopPoint:82204" version="1"/>
              <ToPointRef ref="VTR:ScheduledStopPoint:82205" version="1"/>
            </ServiceLink>
            <ServiceLink id="VTR:ServiceLink:82203_1_82204_1" version="1">
              <Distance>2</Distance>
              <FromPointRef ref="VTR:ScheduledStopPoint:82203" version="1"/>
              <ToPointRef ref="VTR:ScheduledStopPoint:82204" version="1"/>
            </ServiceLink>
            <ServiceLink id="VTR:ServiceLink:82201_1_82202_1" version="1">
              <Distance>128</Distance>
              <FromPointRef ref="VTR:ScheduledStopPoint:82201" version="1"/>
              <ToPointRef ref="VTR:ScheduledStopPoint:82202" version="1"/>
            </ServiceLink>
            <ServiceLink id="VTR:ServiceLink:82200_1_82201_1" version="1">
              <Distance>1</Distance>
              <FromPointRef ref="VTR:ScheduledStopPoint:82200" version="1"/>
              <ToPointRef ref="VTR:ScheduledStopPoint:82201" version="1"/>
            </ServiceLink>
          </serviceLinks>
          <stopAssignments>
            <PassengerStopAssignment order="496200000" id="VTR:PassengerStopAssignment:82200" version="1">
              <ScheduledStopPointRef ref="VTR:ScheduledStopPoint:82200" version="1"/>
              <QuayRef ref="VTR:Quay:19459"/>
            </PassengerStopAssignment>
            <PassengerStopAssignment order="496200001" id="VTR:PassengerStopAssignment:82201" version="1">
              <ScheduledStopPointRef ref="VTR:ScheduledStopPoint:82201" version="1"/>
              <QuayRef ref="VTR:Quay:20048"/>
            </PassengerStopAssignment>
            <PassengerStopAssignment order="496200002" id="VTR:PassengerStopAssignment:82202" version="1">
              <ScheduledStopPointRef ref="VTR:ScheduledStopPoint:82202" version="1"/>
              <QuayRef ref="VTR:Quay:21419"/>
            </PassengerStopAssignment>
            <PassengerStopAssignment order="496200003" id="VTR:PassengerStopAssignment:82203" version="1">
              <ScheduledStopPointRef ref="VTR:ScheduledStopPoint:82203" version="1"/>
              <QuayRef ref="VTR:Quay:21418"/>
            </PassengerStopAssignment>
            <PassengerStopAssignment order="496200004" id="VTR:PassengerStopAssignment:82204" version="1">
              <ScheduledStopPointRef ref="VTR:ScheduledStopPoint:82204" version="1"/>
              <QuayRef ref="VTR:Quay:21417"/>
            </PassengerStopAssignment>
            <PassengerStopAssignment order="496200005" id="VTR:PassengerStopAssignment:82205" version="1">
              <ScheduledStopPointRef ref="VTR:ScheduledStopPoint:82205" version="1"/>
              <QuayRef ref="VTR:Quay:19485"/>
            </PassengerStopAssignment>
            <PassengerStopAssignment order="496300000" id="VTR:PassengerStopAssignment:82228" version="1">
              <ScheduledStopPointRef ref="VTR:ScheduledStopPoint:82228" version="1"/>
              <QuayRef ref="VTR:Quay:19485"/>
            </PassengerStopAssignment>
            <PassengerStopAssignment order="496300002" id="VTR:PassengerStopAssignment:82230" version="1">
              <ScheduledStopPointRef ref="VTR:ScheduledStopPoint:82230" version="1"/>
              <QuayRef ref="VTR:Quay:20088"/>
            </PassengerStopAssignment>
            <PassengerStopAssignment order="496300003" id="VTR:PassengerStopAssignment:82231" version="1">
              <ScheduledStopPointRef ref="VTR:ScheduledStopPoint:82231" version="1"/>
              <QuayRef ref="VTR:Quay:20047"/>
            </PassengerStopAssignment>
            <PassengerStopAssignment order="496300004" id="VTR:PassengerStopAssignment:82232" version="1">
              <ScheduledStopPointRef ref="VTR:ScheduledStopPoint:82232" version="1"/>
              <QuayRef ref="VTR:Quay:19459"/>
            </PassengerStopAssignment>
          </stopAssignments>
          <journeyPatterns>
            <JourneyPattern id="VTR:JourneyPattern:47693" version="47679">
              <Name>1*X</Name>
              <RouteRef ref="VTR:Route:4962" version="1"/>
              <pointsInSequence>
                <StopPointInJourneyPattern id="VTR:StopPointInJourneyPattern:988718" version="47679" order="1">
                  <ScheduledStopPointRef ref="VTR:ScheduledStopPoint:82200"/>
                  <ForAlighting>false</ForAlighting>
                  <DestinationDisplayRef ref="VTR:DestinationDisplay:1"/>
                </StopPointInJourneyPattern>
                <StopPointInJourneyPattern id="VTR:StopPointInJourneyPattern:988719" version="47679" order="2">
                  <ScheduledStopPointRef ref="VTR:ScheduledStopPoint:82201"/>
                  <ForAlighting>false</ForAlighting>
                  <DestinationDisplayRef ref="VTR:DestinationDisplay:1"/>
                </StopPointInJourneyPattern>
                <StopPointInJourneyPattern id="VTR:StopPointInJourneyPattern:988720" version="47679" order="3">
                  <ScheduledStopPointRef ref="VTR:ScheduledStopPoint:82202"/>
                  <ForBoarding>false</ForBoarding>
                  <DestinationDisplayRef ref="VTR:DestinationDisplay:1"/>
                </StopPointInJourneyPattern>
                <StopPointInJourneyPattern id="VTR:StopPointInJourneyPattern:988721" version="47679" order="4">
                  <ScheduledStopPointRef ref="VTR:ScheduledStopPoint:82203"/>
                  <ForBoarding>false</ForBoarding>
                  <DestinationDisplayRef ref="VTR:DestinationDisplay:1"/>
                </StopPointInJourneyPattern>
                <StopPointInJourneyPattern id="VTR:StopPointInJourneyPattern:988722" version="47679" order="5">
                  <ScheduledStopPointRef ref="VTR:ScheduledStopPoint:82204"/>
                  <ForBoarding>false</ForBoarding>
                  <DestinationDisplayRef ref="VTR:DestinationDisplay:1"/>
                </StopPointInJourneyPattern>
                <StopPointInJourneyPattern id="VTR:StopPointInJourneyPattern:988723" version="47679" order="6">
                  <ScheduledStopPointRef ref="VTR:ScheduledStopPoint:82205"/>
                  <ForBoarding>false</ForBoarding>
                  <DestinationDisplayRef ref="VTR:DestinationDisplay:1"/>
                </StopPointInJourneyPattern>
              </pointsInSequence>
            </JourneyPattern>
            <JourneyPattern id="VTR:JourneyPattern:47695" version="47681">
              <Name>2*X</Name>
              <RouteRef ref="VTR:Route:4963" version="1"/>
              <pointsInSequence>
                <StopPointInJourneyPattern id="VTR:StopPointInJourneyPattern:988730" version="47681" order="1">
                  <ScheduledStopPointRef ref="VTR:ScheduledStopPoint:82228"/>
                  <ForAlighting>false</ForAlighting>
                  <DestinationDisplayRef ref="VTR:DestinationDisplay:1"/>
                </StopPointInJourneyPattern>
                <StopPointInJourneyPattern id="VTR:StopPointInJourneyPattern:988731" version="47681" order="2">
                  <ScheduledStopPointRef ref="VTR:ScheduledStopPoint:82230"/>
                  <ForAlighting>false</ForAlighting>
                  <DestinationDisplayRef ref="VTR:DestinationDisplay:1"/>
                </StopPointInJourneyPattern>
                <StopPointInJourneyPattern id="VTR:StopPointInJourneyPattern:988732" version="47681" order="3">
                  <ScheduledStopPointRef ref="VTR:ScheduledStopPoint:82231"/>
                  <ForBoarding>false</ForBoarding>
                  <DestinationDisplayRef ref="VTR:DestinationDisplay:1"/>
                </StopPointInJourneyPattern>
                <StopPointInJourneyPattern id="VTR:StopPointInJourneyPattern:988733" version="47681" order="4">
                  <ScheduledStopPointRef ref="VTR:ScheduledStopPoint:82232"/>
                  <ForBoarding>false</ForBoarding>
                  <DestinationDisplayRef ref="VTR:DestinationDisplay:1"/>
                </StopPointInJourneyPattern>
              </pointsInSequence>
            </JourneyPattern>
            <JourneyPattern id="VTR:JourneyPattern:47694" version="47680">
              <Name>3*X</Name>
              <RouteRef ref="VTR:Route:4962" version="1"/>
              <pointsInSequence>
                <StopPointInJourneyPattern id="VTR:StopPointInJourneyPattern:988724" version="47680" order="1">
                  <ScheduledStopPointRef ref="VTR:ScheduledStopPoint:82200"/>
                  <ForAlighting>false</ForAlighting>
                  <DestinationDisplayRef ref="VTR:DestinationDisplay:1"/>
                </StopPointInJourneyPattern>
                <StopPointInJourneyPattern id="VTR:StopPointInJourneyPattern:988725" version="47680" order="2">
                  <ScheduledStopPointRef ref="VTR:ScheduledStopPoint:82201"/>
                  <ForAlighting>false</ForAlighting>
                  <DestinationDisplayRef ref="VTR:DestinationDisplay:1"/>
                </StopPointInJourneyPattern>
                <StopPointInJourneyPattern id="VTR:StopPointInJourneyPattern:988726" version="47680" order="3">
                  <ScheduledStopPointRef ref="VTR:ScheduledStopPoint:82202"/>
                  <ForBoarding>false</ForBoarding>
                  <DestinationDisplayRef ref="VTR:DestinationDisplay:1"/>
                </StopPointInJourneyPattern>
                <StopPointInJourneyPattern id="VTR:StopPointInJourneyPattern:988727" version="47680" order="4">
                  <ScheduledStopPointRef ref="VTR:ScheduledStopPoint:82203"/>
                  <ForBoarding>false</ForBoarding>
                  <DestinationDisplayRef ref="VTR:DestinationDisplay:1"/>
                </StopPointInJourneyPattern>
                <StopPointInJourneyPattern id="VTR:StopPointInJourneyPattern:988728" version="47680" order="5">
                  <ScheduledStopPointRef ref="VTR:ScheduledStopPoint:82204"/>
                  <ForBoarding>false</ForBoarding>
                  <DestinationDisplayRef ref="VTR:DestinationDisplay:1"/>
                </StopPointInJourneyPattern>
                <StopPointInJourneyPattern id="VTR:StopPointInJourneyPattern:988729" version="47680" order="6">
                  <ScheduledStopPointRef ref="VTR:ScheduledStopPoint:82205"/>
                  <ForBoarding>false</ForBoarding>
                  <DestinationDisplayRef ref="VTR:DestinationDisplay:1"/>
                </StopPointInJourneyPattern>
              </pointsInSequence>
            </JourneyPattern>
            <JourneyPattern id="VTR:JourneyPattern:47696" version="47682">
              <Name>4*X</Name>
              <RouteRef ref="VTR:Route:4963" version="1"/>
              <pointsInSequence>
                <StopPointInJourneyPattern id="VTR:StopPointInJourneyPattern:988734" version="47682" order="1">
                  <ScheduledStopPointRef ref="VTR:ScheduledStopPoint:82228"/>
                  <ForAlighting>false</ForAlighting>
                  <DestinationDisplayRef ref="VTR:DestinationDisplay:1"/>
                </StopPointInJourneyPattern>
                <StopPointInJourneyPattern id="VTR:StopPointInJourneyPattern:988735" version="47682" order="2">
                  <ScheduledStopPointRef ref="VTR:ScheduledStopPoint:82230"/>
                  <ForAlighting>false</ForAlighting>
                  <DestinationDisplayRef ref="VTR:DestinationDisplay:1"/>
                </StopPointInJourneyPattern>
                <StopPointInJourneyPattern id="VTR:StopPointInJourneyPattern:988736" version="47682" order="3">
                  <ScheduledStopPointRef ref="VTR:ScheduledStopPoint:82231"/>
                  <ForBoarding>false</ForBoarding>
                  <DestinationDisplayRef ref="VTR:DestinationDisplay:1"/>
                </StopPointInJourneyPattern>
                <StopPointInJourneyPattern id="VTR:StopPointInJourneyPattern:988737" version="47682" order="4">
                  <ScheduledStopPointRef ref="VTR:ScheduledStopPoint:82232"/>
                  <ForBoarding>false</ForBoarding>
                  <DestinationDisplayRef ref="VTR:DestinationDisplay:1"/>
                </StopPointInJourneyPattern>
              </pointsInSequence>
            </JourneyPattern>
          </journeyPatterns>
        </ServiceFrame>
        <TimetableFrame version="1" id="VTR:TimetableFrame:1351">
          <vehicleJourneys>
            <ServiceJourney version="47682" id="VTR:ServiceJourney:47696">
              <Name>Vilnius-Panevėžys</Name>
              <PrivateCode>4*X</PrivateCode>
              <dayTypes>
                <DayTypeRef ref="VTR:DayType:90"/>
              </dayTypes>
              <JourneyPatternRef version="47682" ref="VTR:JourneyPattern:47696"/>
              <OperatorRef ref="VTR:Operator:504"/>
              <LineRef ref="VTR:Line:673" version="658"/>
              <passingTimes>
                <TimetabledPassingTime version="47682" id="VTR:TimetabledPassingTime:47696_988734_1">
                  <StopPointInJourneyPatternRef ref="VTR:StopPointInJourneyPattern:988734" version="47682"/>
                  <DepartureTime>17:20:00</DepartureTime>
                  <DepartureDayOffset>0</DepartureDayOffset>
                </TimetabledPassingTime>
                <TimetabledPassingTime version="47682" id="VTR:TimetabledPassingTime:47696_988735_2">
                  <StopPointInJourneyPatternRef ref="VTR:StopPointInJourneyPattern:988735" version="47682"/>
                  <DepartureTime>17:40:00</DepartureTime>
                  <DepartureDayOffset>0</DepartureDayOffset>
                </TimetabledPassingTime>
                <TimetabledPassingTime version="47682" id="VTR:TimetabledPassingTime:47696_988736_3">
                  <StopPointInJourneyPatternRef ref="VTR:StopPointInJourneyPattern:988736" version="47682"/>
                  <DepartureTime>19:15:00</DepartureTime>
                  <DepartureDayOffset>0</DepartureDayOffset>
                </TimetabledPassingTime>
                <TimetabledPassingTime version="47682" id="VTR:TimetabledPassingTime:47696_988737_4">
                  <StopPointInJourneyPatternRef ref="VTR:StopPointInJourneyPattern:988737" version="47682"/>
                  <DepartureTime>19:20:00</DepartureTime>
                  <DepartureDayOffset>0</DepartureDayOffset>
                </TimetabledPassingTime>
              </passingTimes>
            </ServiceJourney>
            <ServiceJourney version="47681" id="VTR:ServiceJourney:47695">
              <Name>Vilnius-Panevėžys</Name>
              <PrivateCode>2*X</PrivateCode>
              <dayTypes>
                <DayTypeRef ref="VTR:DayType:271"/>
              </dayTypes>
              <JourneyPatternRef version="47681" ref="VTR:JourneyPattern:47695"/>
              <OperatorRef ref="VTR:Operator:504"/>
              <LineRef ref="VTR:Line:673" version="658"/>
              <passingTimes>
                <TimetabledPassingTime version="47681" id="VTR:TimetabledPassingTime:47695_988730_1">
                  <StopPointInJourneyPatternRef ref="VTR:StopPointInJourneyPattern:988730" version="47681"/>
                  <DepartureTime>10:35:00</DepartureTime>
                  <DepartureDayOffset>0</DepartureDayOffset>
                </TimetabledPassingTime>
                <TimetabledPassingTime version="47681" id="VTR:TimetabledPassingTime:47695_988731_2">
                  <StopPointInJourneyPatternRef ref="VTR:StopPointInJourneyPattern:988731" version="47681"/>
                  <DepartureTime>10:55:00</DepartureTime>
                  <DepartureDayOffset>0</DepartureDayOffset>
                </TimetabledPassingTime>
                <TimetabledPassingTime version="47681" id="VTR:TimetabledPassingTime:47695_988732_3">
                  <StopPointInJourneyPatternRef ref="VTR:StopPointInJourneyPattern:988732" version="47681"/>
                  <DepartureTime>12:15:00</DepartureTime>
                  <DepartureDayOffset>0</DepartureDayOffset>
                </TimetabledPassingTime>
                <TimetabledPassingTime version="47681" id="VTR:TimetabledPassingTime:47695_988733_4">
                  <StopPointInJourneyPatternRef ref="VTR:StopPointInJourneyPattern:988733" version="47681"/>
                  <DepartureTime>12:20:00</DepartureTime>
                  <DepartureDayOffset>0</DepartureDayOffset>
                </TimetabledPassingTime>
              </passingTimes>
            </ServiceJourney>
            <ServiceJourney version="47680" id="VTR:ServiceJourney:47694">
              <Name>Panevėžys-Vilnius</Name>
              <PrivateCode>3*X</PrivateCode>
              <dayTypes>
                <DayTypeRef ref="VTR:DayType:1430"/>
              </dayTypes>
              <JourneyPatternRef version="47680" ref="VTR:JourneyPattern:47694"/>
              <OperatorRef ref="VTR:Operator:504"/>
              <LineRef ref="VTR:Line:673" version="658"/>
              <passingTimes>
                <TimetabledPassingTime version="47680" id="VTR:TimetabledPassingTime:47694_988724_1">
                  <StopPointInJourneyPatternRef ref="VTR:StopPointInJourneyPattern:988724" version="47680"/>
                  <DepartureTime>16:00:00</DepartureTime>
                  <DepartureDayOffset>0</DepartureDayOffset>
                </TimetabledPassingTime>
                <TimetabledPassingTime version="47680" id="VTR:TimetabledPassingTime:47694_988725_2">
                  <StopPointInJourneyPatternRef ref="VTR:StopPointInJourneyPattern:988725" version="47680"/>
                  <DepartureTime>16:05:00</DepartureTime>
                  <DepartureDayOffset>0</DepartureDayOffset>
                </TimetabledPassingTime>
                <TimetabledPassingTime version="47680" id="VTR:TimetabledPassingTime:47694_988726_3">
                  <StopPointInJourneyPatternRef ref="VTR:StopPointInJourneyPattern:988726" version="47680"/>
                  <DepartureTime>17:25:00</DepartureTime>
                  <DepartureDayOffset>0</DepartureDayOffset>
                </TimetabledPassingTime>
                <TimetabledPassingTime version="47680" id="VTR:TimetabledPassingTime:47694_988727_4">
                  <StopPointInJourneyPatternRef ref="VTR:StopPointInJourneyPattern:988727" version="47680"/>
                  <DepartureTime>17:33:00</DepartureTime>
                  <DepartureDayOffset>0</DepartureDayOffset>
                </TimetabledPassingTime>
                <TimetabledPassingTime version="47680" id="VTR:TimetabledPassingTime:47694_988728_5">
                  <StopPointInJourneyPatternRef ref="VTR:StopPointInJourneyPattern:988728" version="47680"/>
                  <DepartureTime>17:37:00</DepartureTime>
                  <DepartureDayOffset>0</DepartureDayOffset>
                </TimetabledPassingTime>
                <TimetabledPassingTime version="47680" id="VTR:TimetabledPassingTime:47694_988729_6">
                  <StopPointInJourneyPatternRef ref="VTR:StopPointInJourneyPattern:988729" version="47680"/>
                  <DepartureTime>17:45:00</DepartureTime>
                  <DepartureDayOffset>0</DepartureDayOffset>
                </TimetabledPassingTime>
              </passingTimes>
            </ServiceJourney>
            <ServiceJourney version="47679" id="VTR:ServiceJourney:47693">
              <Name>Panevėžys-Vilnius</Name>
              <PrivateCode>1*X</PrivateCode>
              <dayTypes>
                <DayTypeRef ref="VTR:DayType:90"/>
              </dayTypes>
              <JourneyPatternRef version="47679" ref="VTR:JourneyPattern:47693"/>
              <OperatorRef ref="VTR:Operator:504"/>
              <LineRef ref="VTR:Line:673" version="658"/>
              <passingTimes>
                <TimetabledPassingTime version="47679" id="VTR:TimetabledPassingTime:47693_988718_1">
                  <StopPointInJourneyPatternRef ref="VTR:StopPointInJourneyPattern:988718" version="47679"/>
                  <DepartureTime>15:00:00</DepartureTime>
                  <DepartureDayOffset>0</DepartureDayOffset>
                </TimetabledPassingTime>
                <TimetabledPassingTime version="47679" id="VTR:TimetabledPassingTime:47693_988719_2">
                  <StopPointInJourneyPatternRef ref="VTR:StopPointInJourneyPattern:988719" version="47679"/>
                  <DepartureTime>15:05:00</DepartureTime>
                  <DepartureDayOffset>0</DepartureDayOffset>
                </TimetabledPassingTime>
                <TimetabledPassingTime version="47679" id="VTR:TimetabledPassingTime:47693_988720_3">
                  <StopPointInJourneyPatternRef ref="VTR:StopPointInJourneyPattern:988720" version="47679"/>
                  <DepartureTime>16:25:00</DepartureTime>
                  <DepartureDayOffset>0</DepartureDayOffset>
                </TimetabledPassingTime>
                <TimetabledPassingTime version="47679" id="VTR:TimetabledPassingTime:47693_988721_4">
                  <StopPointInJourneyPatternRef ref="VTR:StopPointInJourneyPattern:988721" version="47679"/>
                  <DepartureTime>16:33:00</DepartureTime>
                  <DepartureDayOffset>0</DepartureDayOffset>
                </TimetabledPassingTime>
                <TimetabledPassingTime version="47679" id="VTR:TimetabledPassingTime:47693_988722_5">
                  <StopPointInJourneyPatternRef ref="VTR:StopPointInJourneyPattern:988722" version="47679"/>
                  <DepartureTime>16:37:00</DepartureTime>
                  <DepartureDayOffset>0</DepartureDayOffset>
                </TimetabledPassingTime>
                <TimetabledPassingTime version="47679" id="VTR:TimetabledPassingTime:47693_988723_6">
                  <StopPointInJourneyPatternRef ref="VTR:StopPointInJourneyPattern:988723" version="47679"/>
                  <DepartureTime>16:45:00</DepartureTime>
                  <DepartureDayOffset>0</DepartureDayOffset>
                </TimetabledPassingTime>
              </passingTimes>
            </ServiceJourney>
          </vehicleJourneys>
        </TimetableFrame>
        <ResourceFrame version="1" id="VTR:ResourceFrame:1351">
          <organisations>
            <Authority version="1" id="VTR:Authority:2">
              <CompanyNumber>188647255</CompanyNumber>
              <Name>LTSA</Name>
              <LegalName>Lietuvos transporto saugos administracija</LegalName>
              <ContactDetails>
                <Email>ltsa@ltsa.lrv.lt</Email>
                <Phone>8 5  278 5602</Phone>
                <Url>www.ltsa.lrv.lt</Url>
              </ContactDetails>
              <OrganisationType>authority</OrganisationType>
            </Authority>
          </organisations>
        </ResourceFrame>
        <FareFrame id="VTR:FareFrame:673" version="1">
          <FrameDefaults>
            <DefaultCurrency>EUR</DefaultCurrency>
          </FrameDefaults>
          <fareStructureElements>
            <FareStructureElement id="VTR:FareStructureElement:pricematrix" version="1">
              <distanceMatrixElements>
                <DistanceMatrixElementRef ref="VTR:DistanceMatrixElement:988734to988735" version="1"/>
                <DistanceMatrixElementRef ref="VTR:DistanceMatrixElement:988725to988728" version="1"/>
                <DistanceMatrixElementRef ref="VTR:DistanceMatrixElement:988718to988719" version="1"/>
                <DistanceMatrixElementRef ref="VTR:DistanceMatrixElement:988718to988720" version="1"/>
                <DistanceMatrixElementRef ref="VTR:DistanceMatrixElement:988725to988726" version="1"/>
                <DistanceMatrixElementRef ref="VTR:DistanceMatrixElement:988727to988728" version="1"/>
                <DistanceMatrixElementRef ref="VTR:DistanceMatrixElement:988718to988722" version="1"/>
                <DistanceMatrixElementRef ref="VTR:DistanceMatrixElement:988724to988729" version="1"/>
                <DistanceMatrixElementRef ref="VTR:DistanceMatrixElement:988726to988729" version="1"/>
                <DistanceMatrixElementRef ref="VTR:DistanceMatrixElement:988730to988732" version="1"/>
                <DistanceMatrixElementRef ref="VTR:DistanceMatrixElement:988720to988721" version="1"/>
                <DistanceMatrixElementRef ref="VTR:DistanceMatrixElement:988721to988722" version="1"/>
                <DistanceMatrixElementRef ref="VTR:DistanceMatrixElement:988724to988725" version="1"/>
                <DistanceMatrixElementRef ref="VTR:DistanceMatrixElement:988725to988729" version="1"/>
                <DistanceMatrixElementRef ref="VTR:DistanceMatrixElement:988726to988727" version="1"/>
                <DistanceMatrixElementRef ref="VTR:DistanceMatrixElement:988728to988729" version="1"/>
                <DistanceMatrixElementRef ref="VTR:DistanceMatrixElement:988732to988733" version="1"/>
                <DistanceMatrixElementRef ref="VTR:DistanceMatrixElement:988719to988720" version="1"/>
                <DistanceMatrixElementRef ref="VTR:DistanceMatrixElement:988719to988721" version="1"/>
                <DistanceMatrixElementRef ref="VTR:DistanceMatrixElement:988719to988722" version="1"/>
                <DistanceMatrixElementRef ref="VTR:DistanceMatrixElement:988724to988726" version="1"/>
                <DistanceMatrixElementRef ref="VTR:DistanceMatrixElement:988725to988727" version="1"/>
                <DistanceMatrixElementRef ref="VTR:DistanceMatrixElement:988726to988728" version="1"/>
                <DistanceMatrixElementRef ref="VTR:DistanceMatrixElement:988734to988736" version="1"/>
                <DistanceMatrixElementRef ref="VTR:DistanceMatrixElement:988731to988732" version="1"/>
                <DistanceMatrixElementRef ref="VTR:DistanceMatrixElement:988721to988723" version="1"/>
                <DistanceMatrixElementRef ref="VTR:DistanceMatrixElement:988735to988736" version="1"/>
                <DistanceMatrixElementRef ref="VTR:DistanceMatrixElement:988720to988722" version="1"/>
                <DistanceMatrixElementRef ref="VTR:DistanceMatrixElement:988720to988723" version="1"/>
                <DistanceMatrixElementRef ref="VTR:DistanceMatrixElement:988724to988727" version="1"/>
                <DistanceMatrixElementRef ref="VTR:DistanceMatrixElement:988727to988729" version="1"/>
                <DistanceMatrixElementRef ref="VTR:DistanceMatrixElement:988736to988737" version="1"/>
                <DistanceMatrixElementRef ref="VTR:DistanceMatrixElement:988730to988731" version="1"/>
                <DistanceMatrixElementRef ref="VTR:DistanceMatrixElement:988731to988733" version="1"/>
                <DistanceMatrixElementRef ref="VTR:DistanceMatrixElement:988718to988721" version="1"/>
                <DistanceMatrixElementRef ref="VTR:DistanceMatrixElement:988722to988723" version="1"/>
                <DistanceMatrixElementRef ref="VTR:DistanceMatrixElement:988724to988728" version="1"/>
                <DistanceMatrixElementRef ref="VTR:DistanceMatrixElement:988735to988737" version="1"/>
                <DistanceMatrixElementRef ref="VTR:DistanceMatrixElement:988730to988733" version="1"/>
                <DistanceMatrixElementRef ref="VTR:DistanceMatrixElement:988719to988723" version="1"/>
                <DistanceMatrixElementRef ref="VTR:DistanceMatrixElement:988718to988723" version="1"/>
                <DistanceMatrixElementRef ref="VTR:DistanceMatrixElement:988734to988737" version="1"/>
              </distanceMatrixElements>
            </FareStructureElement>
          </fareStructureElements>
          <tariffs>
            <Tariff id="VTR:Tariff:pointToPointInSeparateJourney_673" version="1">
              <Name>Point to point tariff</Name>
              <distanceMatrixElements>
                <DistanceMatrixElement id="VTR:DistanceMatrixElement:988734to988735" version="1">
                  <Name>Vilniaus autobusų stotis to Fabijoniškės</Name>
                  <StartStopPointRef ref="VTR:ScheduledStopPoint:82228" version="1"/>
                  <EndStopPointRef ref="VTR:ScheduledStopPoint:82230" version="1"/>
                  <prices>
                    <DistanceMatrixElementPrice id="VTR:DistanceMatrixElementPrice:988734to988735" version="1">
                      <Amount>0.0</Amount>
                      <DistanceMatrixElementRef ref="VTR:DistanceMatrixElement:988734to988735" version="1"/>
                    </DistanceMatrixElementPrice>
                  </prices>
                </DistanceMatrixElement>
                <DistanceMatrixElement id="VTR:DistanceMatrixElement:988725to988728" version="1">
                  <Name>Autobusų parkas to Žemaitės</Name>
                  <StartStopPointRef ref="VTR:ScheduledStopPoint:82201" version="1"/>
                  <EndStopPointRef ref="VTR:ScheduledStopPoint:82204" version="1"/>
                  <prices>
                    <DistanceMatrixElementPrice id="VTR:DistanceMatrixElementPrice:988725to988728" version="1">
                      <Amount>10.2</Amount>
                      <DistanceMatrixElementRef ref="VTR:DistanceMatrixElement:988725to988728" version="1"/>
                    </DistanceMatrixElementPrice>
                  </prices>
                </DistanceMatrixElement>
                <DistanceMatrixElement id="VTR:DistanceMatrixElement:988718to988719" version="1">
                  <Name>Panevėžio autobusų stotis to Autobusų parkas</Name>
                  <StartStopPointRef ref="VTR:ScheduledStopPoint:82200" version="1"/>
                  <EndStopPointRef ref="VTR:ScheduledStopPoint:82201" version="1"/>
                  <prices>
                    <DistanceMatrixElementPrice id="VTR:DistanceMatrixElementPrice:988718to988719" version="1">
                      <Amount>0.0</Amount>
                      <DistanceMatrixElementRef ref="VTR:DistanceMatrixElement:988718to988719" version="1"/>
                    </DistanceMatrixElementPrice>
                  </prices>
                </DistanceMatrixElement>
                <DistanceMatrixElement id="VTR:DistanceMatrixElement:988718to988720" version="1">
                  <Name>Panevėžio autobusų stotis to Fabijoniškės</Name>
                  <StartStopPointRef ref="VTR:ScheduledStopPoint:82200" version="1"/>
                  <EndStopPointRef ref="VTR:ScheduledStopPoint:82202" version="1"/>
                  <prices>
                    <DistanceMatrixElementPrice id="VTR:DistanceMatrixElementPrice:988718to988720" version="1">
                      <Amount>10.2</Amount>
                      <DistanceMatrixElementRef ref="VTR:DistanceMatrixElement:988718to988720" version="1"/>
                    </DistanceMatrixElementPrice>
                  </prices>
                </DistanceMatrixElement>
                <DistanceMatrixElement id="VTR:DistanceMatrixElement:988725to988726" version="1">
                  <Name>Autobusų parkas to Fabijoniškės</Name>
                  <StartStopPointRef ref="VTR:ScheduledStopPoint:82201" version="1"/>
                  <EndStopPointRef ref="VTR:ScheduledStopPoint:82202" version="1"/>
                  <prices>
                    <DistanceMatrixElementPrice id="VTR:DistanceMatrixElementPrice:988725to988726" version="1">
                      <Amount>10.2</Amount>
                      <DistanceMatrixElementRef ref="VTR:DistanceMatrixElement:988725to988726" version="1"/>
                    </DistanceMatrixElementPrice>
                  </prices>
                </DistanceMatrixElement>
                <DistanceMatrixElement id="VTR:DistanceMatrixElement:988727to988728" version="1">
                  <Name>Gedimino prospektas to Žemaitės</Name>
                  <StartStopPointRef ref="VTR:ScheduledStopPoint:82203" version="1"/>
                  <EndStopPointRef ref="VTR:ScheduledStopPoint:82204" version="1"/>
                  <prices>
                    <DistanceMatrixElementPrice id="VTR:DistanceMatrixElementPrice:988727to988728" version="1">
                      <Amount>0.0</Amount>
                      <DistanceMatrixElementRef ref="VTR:DistanceMatrixElement:988727to988728" version="1"/>
                    </DistanceMatrixElementPrice>
                  </prices>
                </DistanceMatrixElement>
                <DistanceMatrixElement id="VTR:DistanceMatrixElement:988718to988722" version="1">
                  <Name>Panevėžio autobusų stotis to Žemaitės</Name>
                  <StartStopPointRef ref="VTR:ScheduledStopPoint:82200" version="1"/>
                  <EndStopPointRef ref="VTR:ScheduledStopPoint:82204" version="1"/>
                  <prices>
                    <DistanceMatrixElementPrice id="VTR:DistanceMatrixElementPrice:988718to988722" version="1">
                      <Amount>10.2</Amount>
                      <DistanceMatrixElementRef ref="VTR:DistanceMatrixElement:988718to988722" version="1"/>
                    </DistanceMatrixElementPrice>
                  </prices>
                </DistanceMatrixElement>
                <DistanceMatrixElement id="VTR:DistanceMatrixElement:988724to988729" version="1">
                  <Name>Panevėžio autobusų stotis to Vilniaus autobusų stotis</Name>
                  <StartStopPointRef ref="VTR:ScheduledStopPoint:82200" version="1"/>
                  <EndStopPointRef ref="VTR:ScheduledStopPoint:82205" version="1"/>
                  <prices>
                    <DistanceMatrixElementPrice id="VTR:DistanceMatrixElementPrice:988724to988729" version="1">
                      <Amount>10.2</Amount>
                      <DistanceMatrixElementRef ref="VTR:DistanceMatrixElement:988724to988729" version="1"/>
                    </DistanceMatrixElementPrice>
                  </prices>
                </DistanceMatrixElement>
                <DistanceMatrixElement id="VTR:DistanceMatrixElement:988726to988729" version="1">
                  <Name>Fabijoniškės to Vilniaus autobusų stotis</Name>
                  <StartStopPointRef ref="VTR:ScheduledStopPoint:82202" version="1"/>
                  <EndStopPointRef ref="VTR:ScheduledStopPoint:82205" version="1"/>
                  <prices>
                    <DistanceMatrixElementPrice id="VTR:DistanceMatrixElementPrice:988726to988729" version="1">
                      <Amount>0.0</Amount>
                      <DistanceMatrixElementRef ref="VTR:DistanceMatrixElement:988726to988729" version="1"/>
                    </DistanceMatrixElementPrice>
                  </prices>
                </DistanceMatrixElement>
                <DistanceMatrixElement id="VTR:DistanceMatrixElement:988730to988732" version="1">
                  <Name>Vilniaus autobusų stotis to Autobusų parkas</Name>
                  <StartStopPointRef ref="VTR:ScheduledStopPoint:82228" version="1"/>
                  <EndStopPointRef ref="VTR:ScheduledStopPoint:82231" version="1"/>
                  <prices>
                    <DistanceMatrixElementPrice id="VTR:DistanceMatrixElementPrice:988730to988732" version="1">
                      <Amount>10.2</Amount>
                      <DistanceMatrixElementRef ref="VTR:DistanceMatrixElement:988730to988732" version="1"/>
                    </DistanceMatrixElementPrice>
                  </prices>
                </DistanceMatrixElement>
                <DistanceMatrixElement id="VTR:DistanceMatrixElement:988720to988721" version="1">
                  <Name>Fabijoniškės to Gedimino prospektas</Name>
                  <StartStopPointRef ref="VTR:ScheduledStopPoint:82202" version="1"/>
                  <EndStopPointRef ref="VTR:ScheduledStopPoint:82203" version="1"/>
                  <prices>
                    <DistanceMatrixElementPrice id="VTR:DistanceMatrixElementPrice:988720to988721" version="1">
                      <Amount>0.0</Amount>
                      <DistanceMatrixElementRef ref="VTR:DistanceMatrixElement:988720to988721" version="1"/>
                    </DistanceMatrixElementPrice>
                  </prices>
                </DistanceMatrixElement>
                <DistanceMatrixElement id="VTR:DistanceMatrixElement:988721to988722" version="1">
                  <Name>Gedimino prospektas to Žemaitės</Name>
                  <StartStopPointRef ref="VTR:ScheduledStopPoint:82203" version="1"/>
                  <EndStopPointRef ref="VTR:ScheduledStopPoint:82204" version="1"/>
                  <prices>
                    <DistanceMatrixElementPrice id="VTR:DistanceMatrixElementPrice:988721to988722" version="1">
                      <Amount>0.0</Amount>
                      <DistanceMatrixElementRef ref="VTR:DistanceMatrixElement:988721to988722" version="1"/>
                    </DistanceMatrixElementPrice>
                  </prices>
                </DistanceMatrixElement>
                <DistanceMatrixElement id="VTR:DistanceMatrixElement:988724to988725" version="1">
                  <Name>Panevėžio autobusų stotis to Autobusų parkas</Name>
                  <StartStopPointRef ref="VTR:ScheduledStopPoint:82200" version="1"/>
                  <EndStopPointRef ref="VTR:ScheduledStopPoint:82201" version="1"/>
                  <prices>
                    <DistanceMatrixElementPrice id="VTR:DistanceMatrixElementPrice:988724to988725" version="1">
                      <Amount>0.0</Amount>
                      <DistanceMatrixElementRef ref="VTR:DistanceMatrixElement:988724to988725" version="1"/>
                    </DistanceMatrixElementPrice>
                  </prices>
                </DistanceMatrixElement>
                <DistanceMatrixElement id="VTR:DistanceMatrixElement:988725to988729" version="1">
                  <Name>Autobusų parkas to Vilniaus autobusų stotis</Name>
                  <StartStopPointRef ref="VTR:ScheduledStopPoint:82201" version="1"/>
                  <EndStopPointRef ref="VTR:ScheduledStopPoint:82205" version="1"/>
                  <prices>
                    <DistanceMatrixElementPrice id="VTR:DistanceMatrixElementPrice:988725to988729" version="1">
                      <Amount>10.2</Amount>
                      <DistanceMatrixElementRef ref="VTR:DistanceMatrixElement:988725to988729" version="1"/>
                    </DistanceMatrixElementPrice>
                  </prices>
                </DistanceMatrixElement>
                <DistanceMatrixElement id="VTR:DistanceMatrixElement:988726to988727" version="1">
                  <Name>Fabijoniškės to Gedimino prospektas</Name>
                  <StartStopPointRef ref="VTR:ScheduledStopPoint:82202" version="1"/>
                  <EndStopPointRef ref="VTR:ScheduledStopPoint:82203" version="1"/>
                  <prices>
                    <DistanceMatrixElementPrice id="VTR:DistanceMatrixElementPrice:988726to988727" version="1">
                      <Amount>0.0</Amount>
                      <DistanceMatrixElementRef ref="VTR:DistanceMatrixElement:988726to988727" version="1"/>
                    </DistanceMatrixElementPrice>
                  </prices>
                </DistanceMatrixElement>
                <DistanceMatrixElement id="VTR:DistanceMatrixElement:988728to988729" version="1">
                  <Name>Žemaitės to Vilniaus autobusų stotis</Name>
                  <StartStopPointRef ref="VTR:ScheduledStopPoint:82204" version="1"/>
                  <EndStopPointRef ref="VTR:ScheduledStopPoint:82205" version="1"/>
                  <prices>
                    <DistanceMatrixElementPrice id="VTR:DistanceMatrixElementPrice:988728to988729" version="1">
                      <Amount>0.0</Amount>
                      <DistanceMatrixElementRef ref="VTR:DistanceMatrixElement:988728to988729" version="1"/>
                    </DistanceMatrixElementPrice>
                  </prices>
                </DistanceMatrixElement>
                <DistanceMatrixElement id="VTR:DistanceMatrixElement:988732to988733" version="1">
                  <Name>Autobusų parkas to Panevėžio autobusų stotis</Name>
                  <StartStopPointRef ref="VTR:ScheduledStopPoint:82231" version="1"/>
                  <EndStopPointRef ref="VTR:ScheduledStopPoint:82232" version="1"/>
                  <prices>
                    <DistanceMatrixElementPrice id="VTR:DistanceMatrixElementPrice:988732to988733" version="1">
                      <Amount>0.0</Amount>
                      <DistanceMatrixElementRef ref="VTR:DistanceMatrixElement:988732to988733" version="1"/>
                    </DistanceMatrixElementPrice>
                  </prices>
                </DistanceMatrixElement>
                <DistanceMatrixElement id="VTR:DistanceMatrixElement:988719to988720" version="1">
                  <Name>Autobusų parkas to Fabijoniškės</Name>
                  <StartStopPointRef ref="VTR:ScheduledStopPoint:82201" version="1"/>
                  <EndStopPointRef ref="VTR:ScheduledStopPoint:82202" version="1"/>
                  <prices>
                    <DistanceMatrixElementPrice id="VTR:DistanceMatrixElementPrice:988719to988720" version="1">
                      <Amount>10.2</Amount>
                      <DistanceMatrixElementRef ref="VTR:DistanceMatrixElement:988719to988720" version="1"/>
                    </DistanceMatrixElementPrice>
                  </prices>
                </DistanceMatrixElement>
                <DistanceMatrixElement id="VTR:DistanceMatrixElement:988719to988721" version="1">
                  <Name>Autobusų parkas to Gedimino prospektas</Name>
                  <StartStopPointRef ref="VTR:ScheduledStopPoint:82201" version="1"/>
                  <EndStopPointRef ref="VTR:ScheduledStopPoint:82203" version="1"/>
                  <prices>
                    <DistanceMatrixElementPrice id="VTR:DistanceMatrixElementPrice:988719to988721" version="1">
                      <Amount>10.2</Amount>
                      <DistanceMatrixElementRef ref="VTR:DistanceMatrixElement:988719to988721" version="1"/>
                    </DistanceMatrixElementPrice>
                  </prices>
                </DistanceMatrixElement>
                <DistanceMatrixElement id="VTR:DistanceMatrixElement:988719to988722" version="1">
                  <Name>Autobusų parkas to Žemaitės</Name>
                  <StartStopPointRef ref="VTR:ScheduledStopPoint:82201" version="1"/>
                  <EndStopPointRef ref="VTR:ScheduledStopPoint:82204" version="1"/>
                  <prices>
                    <DistanceMatrixElementPrice id="VTR:DistanceMatrixElementPrice:988719to988722" version="1">
                      <Amount>10.2</Amount>
                      <DistanceMatrixElementRef ref="VTR:DistanceMatrixElement:988719to988722" version="1"/>
                    </DistanceMatrixElementPrice>
                  </prices>
                </DistanceMatrixElement>
                <DistanceMatrixElement id="VTR:DistanceMatrixElement:988724to988726" version="1">
                  <Name>Panevėžio autobusų stotis to Fabijoniškės</Name>
                  <StartStopPointRef ref="VTR:ScheduledStopPoint:82200" version="1"/>
                  <EndStopPointRef ref="VTR:ScheduledStopPoint:82202" version="1"/>
                  <prices>
                    <DistanceMatrixElementPrice id="VTR:DistanceMatrixElementPrice:988724to988726" version="1">
                      <Amount>10.2</Amount>
                      <DistanceMatrixElementRef ref="VTR:DistanceMatrixElement:988724to988726" version="1"/>
                    </DistanceMatrixElementPrice>
                  </prices>
                </DistanceMatrixElement>
                <DistanceMatrixElement id="VTR:DistanceMatrixElement:988725to988727" version="1">
                  <Name>Autobusų parkas to Gedimino prospektas</Name>
                  <StartStopPointRef ref="VTR:ScheduledStopPoint:82201" version="1"/>
                  <EndStopPointRef ref="VTR:ScheduledStopPoint:82203" version="1"/>
                  <prices>
                    <DistanceMatrixElementPrice id="VTR:DistanceMatrixElementPrice:988725to988727" version="1">
                      <Amount>10.2</Amount>
                      <DistanceMatrixElementRef ref="VTR:DistanceMatrixElement:988725to988727" version="1"/>
                    </DistanceMatrixElementPrice>
                  </prices>
                </DistanceMatrixElement>
                <DistanceMatrixElement id="VTR:DistanceMatrixElement:988726to988728" version="1">
                  <Name>Fabijoniškės to Žemaitės</Name>
                  <StartStopPointRef ref="VTR:ScheduledStopPoint:82202" version="1"/>
                  <EndStopPointRef ref="VTR:ScheduledStopPoint:82204" version="1"/>
                  <prices>
                    <DistanceMatrixElementPrice id="VTR:DistanceMatrixElementPrice:988726to988728" version="1">
                      <Amount>0.0</Amount>
                      <DistanceMatrixElementRef ref="VTR:DistanceMatrixElement:988726to988728" version="1"/>
                    </DistanceMatrixElementPrice>
                  </prices>
                </DistanceMatrixElement>
                <DistanceMatrixElement id="VTR:DistanceMatrixElement:988734to988736" version="1">
                  <Name>Vilniaus autobusų stotis to Autobusų parkas</Name>
                  <StartStopPointRef ref="VTR:ScheduledStopPoint:82228" version="1"/>
                  <EndStopPointRef ref="VTR:ScheduledStopPoint:82231" version="1"/>
                  <prices>
                    <DistanceMatrixElementPrice id="VTR:DistanceMatrixElementPrice:988734to988736" version="1">
                      <Amount>10.2</Amount>
                      <DistanceMatrixElementRef ref="VTR:DistanceMatrixElement:988734to988736" version="1"/>
                    </DistanceMatrixElementPrice>
                  </prices>
                </DistanceMatrixElement>
                <DistanceMatrixElement id="VTR:DistanceMatrixElement:988731to988732" version="1">
                  <Name>Fabijoniškės to Autobusų parkas</Name>
                  <StartStopPointRef ref="VTR:ScheduledStopPoint:82230" version="1"/>
                  <EndStopPointRef ref="VTR:ScheduledStopPoint:82231" version="1"/>
                  <prices>
                    <DistanceMatrixElementPrice id="VTR:DistanceMatrixElementPrice:988731to988732" version="1">
                      <Amount>10.2</Amount>
                      <DistanceMatrixElementRef ref="VTR:DistanceMatrixElement:988731to988732" version="1"/>
                    </DistanceMatrixElementPrice>
                  </prices>
                </DistanceMatrixElement>
                <DistanceMatrixElement id="VTR:DistanceMatrixElement:988721to988723" version="1">
                  <Name>Gedimino prospektas to Vilniaus autobusų stotis</Name>
                  <StartStopPointRef ref="VTR:ScheduledStopPoint:82203" version="1"/>
                  <EndStopPointRef ref="VTR:ScheduledStopPoint:82205" version="1"/>
                  <prices>
                    <DistanceMatrixElementPrice id="VTR:DistanceMatrixElementPrice:988721to988723" version="1">
                      <Amount>0.0</Amount>
                      <DistanceMatrixElementRef ref="VTR:DistanceMatrixElement:988721to988723" version="1"/>
                    </DistanceMatrixElementPrice>
                  </prices>
                </DistanceMatrixElement>
                <DistanceMatrixElement id="VTR:DistanceMatrixElement:988735to988736" version="1">
                  <Name>Fabijoniškės to Autobusų parkas</Name>
                  <StartStopPointRef ref="VTR:ScheduledStopPoint:82230" version="1"/>
                  <EndStopPointRef ref="VTR:ScheduledStopPoint:82231" version="1"/>
                  <prices>
                    <DistanceMatrixElementPrice id="VTR:DistanceMatrixElementPrice:988735to988736" version="1">
                      <Amount>10.2</Amount>
                      <DistanceMatrixElementRef ref="VTR:DistanceMatrixElement:988735to988736" version="1"/>
                    </DistanceMatrixElementPrice>
                  </prices>
                </DistanceMatrixElement>
                <DistanceMatrixElement id="VTR:DistanceMatrixElement:988720to988722" version="1">
                  <Name>Fabijoniškės to Žemaitės</Name>
                  <StartStopPointRef ref="VTR:ScheduledStopPoint:82202" version="1"/>
                  <EndStopPointRef ref="VTR:ScheduledStopPoint:82204" version="1"/>
                  <prices>
                    <DistanceMatrixElementPrice id="VTR:DistanceMatrixElementPrice:988720to988722" version="1">
                      <Amount>0.0</Amount>
                      <DistanceMatrixElementRef ref="VTR:DistanceMatrixElement:988720to988722" version="1"/>
                    </DistanceMatrixElementPrice>
                  </prices>
                </DistanceMatrixElement>
                <DistanceMatrixElement id="VTR:DistanceMatrixElement:988720to988723" version="1">
                  <Name>Fabijoniškės to Vilniaus autobusų stotis</Name>
                  <StartStopPointRef ref="VTR:ScheduledStopPoint:82202" version="1"/>
                  <EndStopPointRef ref="VTR:ScheduledStopPoint:82205" version="1"/>
                  <prices>
                    <DistanceMatrixElementPrice id="VTR:DistanceMatrixElementPrice:988720to988723" version="1">
                      <Amount>0.0</Amount>
                      <DistanceMatrixElementRef ref="VTR:DistanceMatrixElement:988720to988723" version="1"/>
                    </DistanceMatrixElementPrice>
                  </prices>
                </DistanceMatrixElement>
                <DistanceMatrixElement id="VTR:DistanceMatrixElement:988724to988727" version="1">
                  <Name>Panevėžio autobusų stotis to Gedimino prospektas</Name>
                  <StartStopPointRef ref="VTR:ScheduledStopPoint:82200" version="1"/>
                  <EndStopPointRef ref="VTR:ScheduledStopPoint:82203" version="1"/>
                  <prices>
                    <DistanceMatrixElementPrice id="VTR:DistanceMatrixElementPrice:988724to988727" version="1">
                      <Amount>10.2</Amount>
                      <DistanceMatrixElementRef ref="VTR:DistanceMatrixElement:988724to988727" version="1"/>
                    </DistanceMatrixElementPrice>
                  </prices>
                </DistanceMatrixElement>
                <DistanceMatrixElement id="VTR:DistanceMatrixElement:988727to988729" version="1">
                  <Name>Gedimino prospektas to Vilniaus autobusų stotis</Name>
                  <StartStopPointRef ref="VTR:ScheduledStopPoint:82203" version="1"/>
                  <EndStopPointRef ref="VTR:ScheduledStopPoint:82205" version="1"/>
                  <prices>
                    <DistanceMatrixElementPrice id="VTR:DistanceMatrixElementPrice:988727to988729" version="1">
                      <Amount>0.0</Amount>
                      <DistanceMatrixElementRef ref="VTR:DistanceMatrixElement:988727to988729" version="1"/>
                    </DistanceMatrixElementPrice>
                  </prices>
                </DistanceMatrixElement>
                <DistanceMatrixElement id="VTR:DistanceMatrixElement:988736to988737" version="1">
                  <Name>Autobusų parkas to Panevėžio autobusų stotis</Name>
                  <StartStopPointRef ref="VTR:ScheduledStopPoint:82231" version="1"/>
                  <EndStopPointRef ref="VTR:ScheduledStopPoint:82232" version="1"/>
                  <prices>
                    <DistanceMatrixElementPrice id="VTR:DistanceMatrixElementPrice:988736to988737" version="1">
                      <Amount>0.0</Amount>
                      <DistanceMatrixElementRef ref="VTR:DistanceMatrixElement:988736to988737" version="1"/>
                    </DistanceMatrixElementPrice>
                  </prices>
                </DistanceMatrixElement>
                <DistanceMatrixElement id="VTR:DistanceMatrixElement:988730to988731" version="1">
                  <Name>Vilniaus autobusų stotis to Fabijoniškės</Name>
                  <StartStopPointRef ref="VTR:ScheduledStopPoint:82228" version="1"/>
                  <EndStopPointRef ref="VTR:ScheduledStopPoint:82230" version="1"/>
                  <prices>
                    <DistanceMatrixElementPrice id="VTR:DistanceMatrixElementPrice:988730to988731" version="1">
                      <Amount>0.0</Amount>
                      <DistanceMatrixElementRef ref="VTR:DistanceMatrixElement:988730to988731" version="1"/>
                    </DistanceMatrixElementPrice>
                  </prices>
                </DistanceMatrixElement>
                <DistanceMatrixElement id="VTR:DistanceMatrixElement:988731to988733" version="1">
                  <Name>Fabijoniškės to Panevėžio autobusų stotis</Name>
                  <StartStopPointRef ref="VTR:ScheduledStopPoint:82230" version="1"/>
                  <EndStopPointRef ref="VTR:ScheduledStopPoint:82232" version="1"/>
                  <prices>
                    <DistanceMatrixElementPrice id="VTR:DistanceMatrixElementPrice:988731to988733" version="1">
                      <Amount>10.2</Amount>
                      <DistanceMatrixElementRef ref="VTR:DistanceMatrixElement:988731to988733" version="1"/>
                    </DistanceMatrixElementPrice>
                  </prices>
                </DistanceMatrixElement>
                <DistanceMatrixElement id="VTR:DistanceMatrixElement:988718to988721" version="1">
                  <Name>Panevėžio autobusų stotis to Gedimino prospektas</Name>
                  <StartStopPointRef ref="VTR:ScheduledStopPoint:82200" version="1"/>
                  <EndStopPointRef ref="VTR:ScheduledStopPoint:82203" version="1"/>
                  <prices>
                    <DistanceMatrixElementPrice id="VTR:DistanceMatrixElementPrice:988718to988721" version="1">
                      <Amount>10.2</Amount>
                      <DistanceMatrixElementRef ref="VTR:DistanceMatrixElement:988718to988721" version="1"/>
                    </DistanceMatrixElementPrice>
                  </prices>
                </DistanceMatrixElement>
                <DistanceMatrixElement id="VTR:DistanceMatrixElement:988722to988723" version="1">
                  <Name>Žemaitės to Vilniaus autobusų stotis</Name>
                  <StartStopPointRef ref="VTR:ScheduledStopPoint:82204" version="1"/>
                  <EndStopPointRef ref="VTR:ScheduledStopPoint:82205" version="1"/>
                  <prices>
                    <DistanceMatrixElementPrice id="VTR:DistanceMatrixElementPrice:988722to988723" version="1">
                      <Amount>0.0</Amount>
                      <DistanceMatrixElementRef ref="VTR:DistanceMatrixElement:988722to988723" version="1"/>
                    </DistanceMatrixElementPrice>
                  </prices>
                </DistanceMatrixElement>
                <DistanceMatrixElement id="VTR:DistanceMatrixElement:988724to988728" version="1">
                  <Name>Panevėžio autobusų stotis to Žemaitės</Name>
                  <StartStopPointRef ref="VTR:ScheduledStopPoint:82200" version="1"/>
                  <EndStopPointRef ref="VTR:ScheduledStopPoint:82204" version="1"/>
                  <prices>
                    <DistanceMatrixElementPrice id="VTR:DistanceMatrixElementPrice:988724to988728" version="1">
                      <Amount>10.2</Amount>
                      <DistanceMatrixElementRef ref="VTR:DistanceMatrixElement:988724to988728" version="1"/>
                    </DistanceMatrixElementPrice>
                  </prices>
                </DistanceMatrixElement>
                <DistanceMatrixElement id="VTR:DistanceMatrixElement:988735to988737" version="1">
                  <Name>Fabijoniškės to Panevėžio autobusų stotis</Name>
                  <StartStopPointRef ref="VTR:ScheduledStopPoint:82230" version="1"/>
                  <EndStopPointRef ref="VTR:ScheduledStopPoint:82232" version="1"/>
                  <prices>
                    <DistanceMatrixElementPrice id="VTR:DistanceMatrixElementPrice:988735to988737" version="1">
                      <Amount>10.2</Amount>
                      <DistanceMatrixElementRef ref="VTR:DistanceMatrixElement:988735to988737" version="1"/>
                    </DistanceMatrixElementPrice>
                  </prices>
                </DistanceMatrixElement>
                <DistanceMatrixElement id="VTR:DistanceMatrixElement:988730to988733" version="1">
                  <Name>Vilniaus autobusų stotis to Panevėžio autobusų stotis</Name>
                  <StartStopPointRef ref="VTR:ScheduledStopPoint:82228" version="1"/>
                  <EndStopPointRef ref="VTR:ScheduledStopPoint:82232" version="1"/>
                  <prices>
                    <DistanceMatrixElementPrice id="VTR:DistanceMatrixElementPrice:988730to988733" version="1">
                      <Amount>10.2</Amount>
                      <DistanceMatrixElementRef ref="VTR:DistanceMatrixElement:988730to988733" version="1"/>
                    </DistanceMatrixElementPrice>
                  </prices>
                </DistanceMatrixElement>
                <DistanceMatrixElement id="VTR:DistanceMatrixElement:988719to988723" version="1">
                  <Name>Autobusų parkas to Vilniaus autobusų stotis</Name>
                  <StartStopPointRef ref="VTR:ScheduledStopPoint:82201" version="1"/>
                  <EndStopPointRef ref="VTR:ScheduledStopPoint:82205" version="1"/>
                  <prices>
                    <DistanceMatrixElementPrice id="VTR:DistanceMatrixElementPrice:988719to988723" version="1">
                      <Amount>10.2</Amount>
                      <DistanceMatrixElementRef ref="VTR:DistanceMatrixElement:988719to988723" version="1"/>
                    </DistanceMatrixElementPrice>
                  </prices>
                </DistanceMatrixElement>
                <DistanceMatrixElement id="VTR:DistanceMatrixElement:988718to988723" version="1">
                  <Name>Panevėžio autobusų stotis to Vilniaus autobusų stotis</Name>
                  <StartStopPointRef ref="VTR:ScheduledStopPoint:82200" version="1"/>
                  <EndStopPointRef ref="VTR:ScheduledStopPoint:82205" version="1"/>
                  <prices>
                    <DistanceMatrixElementPrice id="VTR:DistanceMatrixElementPrice:988718to988723" version="1">
                      <Amount>10.2</Amount>
                      <DistanceMatrixElementRef ref="VTR:DistanceMatrixElement:988718to988723" version="1"/>
                    </DistanceMatrixElementPrice>
                  </prices>
                </DistanceMatrixElement>
                <DistanceMatrixElement id="VTR:DistanceMatrixElement:988734to988737" version="1">
                  <Name>Vilniaus autobusų stotis to Panevėžio autobusų stotis</Name>
                  <StartStopPointRef ref="VTR:ScheduledStopPoint:82228" version="1"/>
                  <EndStopPointRef ref="VTR:ScheduledStopPoint:82232" version="1"/>
                  <prices>
                    <DistanceMatrixElementPrice id="VTR:DistanceMatrixElementPrice:988734to988737" version="1">
                      <Amount>10.2</Amount>
                      <DistanceMatrixElementRef ref="VTR:DistanceMatrixElement:988734to988737" version="1"/>
                    </DistanceMatrixElementPrice>
                  </prices>
                </DistanceMatrixElement>
              </distanceMatrixElements>
            </Tariff>
          </tariffs>
          <usageParameters>
            <FrequencyOfUse id="VTR:FrequencyOfUse:oneTrip" version="1">
              <FrequencyOfUseType>unlimited</FrequencyOfUseType>
              <MaximalFrequency>1</MaximalFrequency>
            </FrequencyOfUse>
          </usageParameters>
        </FareFrame>
      </frames>
    </CompositeFrame>
  </dataObjects>
</PublicationDelivery>
