<?xml version="1.0" encoding="UTF-8"?><PublicationDelivery xmlns="http://www.netex.org.uk/netex" xmlns:gis="http://www.opengis.net/gml/3.2" xmlns:ns2="http://www.opengis.net/gml/3.2" xmlns:ns3="http://www.siri.org.uk/siri" xmlns:xsi="http://www.w3.org/2001/XMLSchema-instance" version="1" xsi:schemaLocation="">
  <PublicationTimestamp>2022-05-07T00:15:00.362</PublicationTimestamp>
  <ParticipantRef>VTR</ParticipantRef>
  <Description>1</Description>
  <dataObjects>
    <CompositeFrame created="2022-05-07T00:15:00.362" version="1" id="VTR:CompositeFrame:1344">
      <validityConditions>
        <AvailabilityCondition version="1" id="VTR:AvailabilityCondition:1344">
          <FromDate>2021-04-17T12:02:42</FromDate>
          <ToDate>2027-12-31T00:00:00</ToDate>
        </AvailabilityCondition>
      </validityConditions>
      <codespaces>
        <Codespace id="vtr">
          <Xmlns>VTR</Xmlns>
          <XmlnsUrl>http://www.visimarsrutai.lt/</XmlnsUrl>
        </Codespace>
      </codespaces>
      <FrameDefaults>
        <DefaultLocale>
          <TimeZone>Europe/Vilnius</TimeZone>
        </DefaultLocale>
        <DefaultLocationSystem>WGS84</DefaultLocationSystem>
      </FrameDefaults>
      <frames>
        <ServiceCalendarFrame version="1" id="VTR:ServiceCalendarFrame:1344">
          <dayTypes>
            <DayType id="VTR:DayType:36464" version="1">
              <properties>
                <PropertyOfDay>
                  <DaysOfWeek>Monday Tuesday Wednesday Thursday Friday</DaysOfWeek>
                </PropertyOfDay>
              </properties>
            </DayType>
          </dayTypes>
          <operatingPeriods>
            <OperatingPeriod version="1" id="VTR:OperatingPeriod:36464">
              <FromDate>2021-10-04T00:00:00</FromDate>
              <ToDate>2022-10-01T00:00:00</ToDate>
            </OperatingPeriod>
          </operatingPeriods>
          <dayTypeAssignments>
            <DayTypeAssignment id="VTR:DayTypeAssignment:36464_0" version="1" order="4526">
              <OperatingPeriodRef ref="VTR:OperatingPeriod:36464" version="1"/>
              <DayTypeRef ref="VTR:DayType:36464" version="1"/>
            </DayTypeAssignment>
            <DayTypeAssignment id="VTR:DayTypeAssignment:36464_906900" version="1" order="40323">
              <Date>2022-01-01</Date>
              <DayTypeRef ref="VTR:DayType:36464" version="1"/>
            </DayTypeAssignment>
            <DayTypeAssignment id="VTR:DayTypeAssignment:36464_906910" version="1" order="40335">
              <Date>2021-12-26</Date>
              <DayTypeRef ref="VTR:DayType:36464" version="1"/>
            </DayTypeAssignment>
            <DayTypeAssignment id="VTR:DayTypeAssignment:36464_906906" version="1" order="40336">
              <Date>2021-11-01</Date>
              <DayTypeRef ref="VTR:DayType:36464" version="1"/>
            </DayTypeAssignment>
            <DayTypeAssignment id="VTR:DayTypeAssignment:36464_906904" version="1" order="40337">
              <Date>2022-06-24</Date>
              <DayTypeRef ref="VTR:DayType:36464" version="1"/>
            </DayTypeAssignment>
            <DayTypeAssignment id="VTR:DayTypeAssignment:36464_906903" version="1" order="40348">
              <Date>2022-05-01</Date>
              <DayTypeRef ref="VTR:DayType:36464" version="1"/>
            </DayTypeAssignment>
            <DayTypeAssignment id="VTR:DayTypeAssignment:36464_923193" version="1" order="40358">
              <Date>2022-04-13</Date>
              <DayTypeRef ref="VTR:DayType:36464" version="1"/>
            </DayTypeAssignment>
            <DayTypeAssignment id="VTR:DayTypeAssignment:36464_906909" version="1" order="40359">
              <Date>2021-12-25</Date>
              <DayTypeRef ref="VTR:DayType:36464" version="1"/>
            </DayTypeAssignment>
            <DayTypeAssignment id="VTR:DayTypeAssignment:36464_906908" version="1" order="40360">
              <Date>2021-12-24</Date>
              <DayTypeRef ref="VTR:DayType:36464" version="1"/>
            </DayTypeAssignment>
            <DayTypeAssignment id="VTR:DayTypeAssignment:36464_906901" version="1" order="40372">
              <Date>2022-02-16</Date>
              <DayTypeRef ref="VTR:DayType:36464" version="1"/>
            </DayTypeAssignment>
            <DayTypeAssignment id="VTR:DayTypeAssignment:36464_923195" version="1" order="40393">
              <Date>2022-08-15</Date>
              <DayTypeRef ref="VTR:DayType:36464" version="1"/>
            </DayTypeAssignment>
            <DayTypeAssignment id="VTR:DayTypeAssignment:36464_906902" version="1" order="40394">
              <Date>2022-03-11</Date>
              <DayTypeRef ref="VTR:DayType:36464" version="1"/>
            </DayTypeAssignment>
            <DayTypeAssignment id="VTR:DayTypeAssignment:36464_923194" version="1" order="40418">
              <Date>2022-07-06</Date>
              <DayTypeRef ref="VTR:DayType:36464" version="1"/>
            </DayTypeAssignment>
          </dayTypeAssignments>
        </ServiceCalendarFrame>
        <ServiceFrame id="VTR:ServiceFrame:1344" version="1">
          <Network version="0" id="VTR:Network:60"/>
          <routePoints>
            <RoutePoint version="1" id="VTR:RoutePoint:2972246">
              <projections>
                <PointProjection version="1" id="VTR:PointProjection:69688">
                  <ProjectedPointRef ref="VTR:ScheduledStopPoint:2972246" version="1"/>
                </PointProjection>
              </projections>
            </RoutePoint>
            <RoutePoint version="1" id="VTR:RoutePoint:2972247">
              <projections>
                <PointProjection version="1" id="VTR:PointProjection:69689">
                  <ProjectedPointRef ref="VTR:ScheduledStopPoint:2972247" version="1"/>
                </PointProjection>
              </projections>
            </RoutePoint>
            <RoutePoint version="1" id="VTR:RoutePoint:2972248">
              <projections>
                <PointProjection version="1" id="VTR:PointProjection:69690">
                  <ProjectedPointRef ref="VTR:ScheduledStopPoint:2972248" version="1"/>
                </PointProjection>
              </projections>
            </RoutePoint>
            <RoutePoint version="1" id="VTR:RoutePoint:2972249">
              <projections>
                <PointProjection version="1" id="VTR:PointProjection:69691">
                  <ProjectedPointRef ref="VTR:ScheduledStopPoint:2972249" version="1"/>
                </PointProjection>
              </projections>
            </RoutePoint>
            <RoutePoint version="1" id="VTR:RoutePoint:2972250">
              <projections>
                <PointProjection version="1" id="VTR:PointProjection:69692">
                  <ProjectedPointRef ref="VTR:ScheduledStopPoint:2972250" version="1"/>
                </PointProjection>
              </projections>
            </RoutePoint>
            <RoutePoint version="1" id="VTR:RoutePoint:2972251">
              <projections>
                <PointProjection version="1" id="VTR:PointProjection:69693">
                  <ProjectedPointRef ref="VTR:ScheduledStopPoint:2972251" version="1"/>
                </PointProjection>
              </projections>
            </RoutePoint>
            <RoutePoint version="1" id="VTR:RoutePoint:2972252">
              <projections>
                <PointProjection version="1" id="VTR:PointProjection:69694">
                  <ProjectedPointRef ref="VTR:ScheduledStopPoint:2972252" version="1"/>
                </PointProjection>
              </projections>
            </RoutePoint>
            <RoutePoint version="1" id="VTR:RoutePoint:2972253">
              <projections>
                <PointProjection version="1" id="VTR:PointProjection:69695">
                  <ProjectedPointRef ref="VTR:ScheduledStopPoint:2972253" version="1"/>
                </PointProjection>
              </projections>
            </RoutePoint>
            <RoutePoint version="1" id="VTR:RoutePoint:2972254">
              <projections>
                <PointProjection version="1" id="VTR:PointProjection:69696">
                  <ProjectedPointRef ref="VTR:ScheduledStopPoint:2972254" version="1"/>
                </PointProjection>
              </projections>
            </RoutePoint>
            <RoutePoint version="1" id="VTR:RoutePoint:2972255">
              <projections>
                <PointProjection version="1" id="VTR:PointProjection:69734">
                  <ProjectedPointRef ref="VTR:ScheduledStopPoint:2972255" version="1"/>
                </PointProjection>
              </projections>
            </RoutePoint>
            <RoutePoint version="1" id="VTR:RoutePoint:2972256">
              <projections>
                <PointProjection version="1" id="VTR:PointProjection:69735">
                  <ProjectedPointRef ref="VTR:ScheduledStopPoint:2972256" version="1"/>
                </PointProjection>
              </projections>
            </RoutePoint>
            <RoutePoint version="1" id="VTR:RoutePoint:2972257">
              <projections>
                <PointProjection version="1" id="VTR:PointProjection:69736">
                  <ProjectedPointRef ref="VTR:ScheduledStopPoint:2972257" version="1"/>
                </PointProjection>
              </projections>
            </RoutePoint>
            <RoutePoint version="1" id="VTR:RoutePoint:2972258">
              <projections>
                <PointProjection version="1" id="VTR:PointProjection:69737">
                  <ProjectedPointRef ref="VTR:ScheduledStopPoint:2972258" version="1"/>
                </PointProjection>
              </projections>
            </RoutePoint>
            <RoutePoint version="1" id="VTR:RoutePoint:2972259">
              <projections>
                <PointProjection version="1" id="VTR:PointProjection:69738">
                  <ProjectedPointRef ref="VTR:ScheduledStopPoint:2972259" version="1"/>
                </PointProjection>
              </projections>
            </RoutePoint>
            <RoutePoint version="1" id="VTR:RoutePoint:2972260">
              <projections>
                <PointProjection version="1" id="VTR:PointProjection:69739">
                  <ProjectedPointRef ref="VTR:ScheduledStopPoint:2972260" version="1"/>
                </PointProjection>
              </projections>
            </RoutePoint>
            <RoutePoint version="1" id="VTR:RoutePoint:2972261">
              <projections>
                <PointProjection version="1" id="VTR:PointProjection:69740">
                  <ProjectedPointRef ref="VTR:ScheduledStopPoint:2972261" version="1"/>
                </PointProjection>
              </projections>
            </RoutePoint>
            <RoutePoint version="1" id="VTR:RoutePoint:2972262">
              <projections>
                <PointProjection version="1" id="VTR:PointProjection:69741">
                  <ProjectedPointRef ref="VTR:ScheduledStopPoint:2972262" version="1"/>
                </PointProjection>
              </projections>
            </RoutePoint>
            <RoutePoint version="1" id="VTR:RoutePoint:2972263">
              <projections>
                <PointProjection version="1" id="VTR:PointProjection:69742">
                  <ProjectedPointRef ref="VTR:ScheduledStopPoint:2972263" version="1"/>
                </PointProjection>
              </projections>
            </RoutePoint>
            <RoutePoint version="1" id="VTR:RoutePoint:2972264">
              <projections>
                <PointProjection version="1" id="VTR:PointProjection:69743">
                  <ProjectedPointRef ref="VTR:ScheduledStopPoint:2972264" version="1"/>
                </PointProjection>
              </projections>
            </RoutePoint>
            <RoutePoint version="1" id="VTR:RoutePoint:2972265">
              <projections>
                <PointProjection version="1" id="VTR:PointProjection:69744">
                  <ProjectedPointRef ref="VTR:ScheduledStopPoint:2972265" version="1"/>
                </PointProjection>
              </projections>
            </RoutePoint>
            <RoutePoint version="1" id="VTR:RoutePoint:2972266">
              <projections>
                <PointProjection version="1" id="VTR:PointProjection:69356">
                  <ProjectedPointRef ref="VTR:ScheduledStopPoint:2972266" version="1"/>
                </PointProjection>
              </projections>
            </RoutePoint>
            <RoutePoint version="1" id="VTR:RoutePoint:2972267">
              <projections>
                <PointProjection version="1" id="VTR:PointProjection:69357">
                  <ProjectedPointRef ref="VTR:ScheduledStopPoint:2972267" version="1"/>
                </PointProjection>
              </projections>
            </RoutePoint>
            <RoutePoint version="1" id="VTR:RoutePoint:2972268">
              <projections>
                <PointProjection version="1" id="VTR:PointProjection:69358">
                  <ProjectedPointRef ref="VTR:ScheduledStopPoint:2972268" version="1"/>
                </PointProjection>
              </projections>
            </RoutePoint>
            <RoutePoint version="1" id="VTR:RoutePoint:2972269">
              <projections>
                <PointProjection version="1" id="VTR:PointProjection:69359">
                  <ProjectedPointRef ref="VTR:ScheduledStopPoint:2972269" version="1"/>
                </PointProjection>
              </projections>
            </RoutePoint>
            <RoutePoint version="1" id="VTR:RoutePoint:2972270">
              <projections>
                <PointProjection version="1" id="VTR:PointProjection:69360">
                  <ProjectedPointRef ref="VTR:ScheduledStopPoint:2972270" version="1"/>
                </PointProjection>
              </projections>
            </RoutePoint>
            <RoutePoint version="1" id="VTR:RoutePoint:2972271">
              <projections>
                <PointProjection version="1" id="VTR:PointProjection:69361">
                  <ProjectedPointRef ref="VTR:ScheduledStopPoint:2972271" version="1"/>
                </PointProjection>
              </projections>
            </RoutePoint>
            <RoutePoint version="1" id="VTR:RoutePoint:2972272">
              <projections>
                <PointProjection version="1" id="VTR:PointProjection:69362">
                  <ProjectedPointRef ref="VTR:ScheduledStopPoint:2972272" version="1"/>
                </PointProjection>
              </projections>
            </RoutePoint>
            <RoutePoint version="1" id="VTR:RoutePoint:2972273">
              <projections>
                <PointProjection version="1" id="VTR:PointProjection:69363">
                  <ProjectedPointRef ref="VTR:ScheduledStopPoint:2972273" version="1"/>
                </PointProjection>
              </projections>
            </RoutePoint>
            <RoutePoint version="1" id="VTR:RoutePoint:2972274">
              <projections>
                <PointProjection version="1" id="VTR:PointProjection:69506">
                  <ProjectedPointRef ref="VTR:ScheduledStopPoint:2972274" version="1"/>
                </PointProjection>
              </projections>
            </RoutePoint>
            <RoutePoint version="1" id="VTR:RoutePoint:2972275">
              <projections>
                <PointProjection version="1" id="VTR:PointProjection:69508">
                  <ProjectedPointRef ref="VTR:ScheduledStopPoint:2972275" version="1"/>
                </PointProjection>
              </projections>
            </RoutePoint>
            <RoutePoint version="1" id="VTR:RoutePoint:2972276">
              <projections>
                <PointProjection version="1" id="VTR:PointProjection:69509">
                  <ProjectedPointRef ref="VTR:ScheduledStopPoint:2972276" version="1"/>
                </PointProjection>
              </projections>
            </RoutePoint>
            <RoutePoint version="1" id="VTR:RoutePoint:2972277">
              <projections>
                <PointProjection version="1" id="VTR:PointProjection:69510">
                  <ProjectedPointRef ref="VTR:ScheduledStopPoint:2972277" version="1"/>
                </PointProjection>
              </projections>
            </RoutePoint>
            <RoutePoint version="1" id="VTR:RoutePoint:2972278">
              <projections>
                <PointProjection version="1" id="VTR:PointProjection:69511">
                  <ProjectedPointRef ref="VTR:ScheduledStopPoint:2972278" version="1"/>
                </PointProjection>
              </projections>
            </RoutePoint>
            <RoutePoint version="1" id="VTR:RoutePoint:2972279">
              <projections>
                <PointProjection version="1" id="VTR:PointProjection:69512">
                  <ProjectedPointRef ref="VTR:ScheduledStopPoint:2972279" version="1"/>
                </PointProjection>
              </projections>
            </RoutePoint>
            <RoutePoint version="1" id="VTR:RoutePoint:2972280">
              <projections>
                <PointProjection version="1" id="VTR:PointProjection:69513">
                  <ProjectedPointRef ref="VTR:ScheduledStopPoint:2972280" version="1"/>
                </PointProjection>
              </projections>
            </RoutePoint>
            <RoutePoint version="1" id="VTR:RoutePoint:2972281">
              <projections>
                <PointProjection version="1" id="VTR:PointProjection:69514">
                  <ProjectedPointRef ref="VTR:ScheduledStopPoint:2972281" version="1"/>
                </PointProjection>
              </projections>
            </RoutePoint>
            <RoutePoint version="1" id="VTR:RoutePoint:2972282">
              <projections>
                <PointProjection version="1" id="VTR:PointProjection:69515">
                  <ProjectedPointRef ref="VTR:ScheduledStopPoint:2972282" version="1"/>
                </PointProjection>
              </projections>
            </RoutePoint>
          </routePoints>
          <routes>
            <Route version="1" id="VTR:Route:24776">
              <Name>druskininkai_bus_4B_b-a3</Name>
              <ShortName>druskininkai_bus_4B_b-a3</ShortName>
              <LineRef ref="VTR:Line:8505" version="11159"/>
              <pointsInSequence>
                <PointOnRoute version="1" id="VTR:PointOnRoute:2972261" order="1">
                  <RoutePointRef ref="VTR:RoutePoint:2972261"/>
                </PointOnRoute>
                <PointOnRoute version="1" id="VTR:PointOnRoute:2972262" order="2">
                  <RoutePointRef ref="VTR:RoutePoint:2972262"/>
                </PointOnRoute>
                <PointOnRoute version="1" id="VTR:PointOnRoute:2972263" order="3">
                  <RoutePointRef ref="VTR:RoutePoint:2972263"/>
                </PointOnRoute>
                <PointOnRoute version="1" id="VTR:PointOnRoute:2972264" order="4">
                  <RoutePointRef ref="VTR:RoutePoint:2972264"/>
                </PointOnRoute>
                <PointOnRoute version="1" id="VTR:PointOnRoute:2972265" order="5">
                  <RoutePointRef ref="VTR:RoutePoint:2972265"/>
                </PointOnRoute>
                <PointOnRoute version="1" id="VTR:PointOnRoute:2972266" order="6">
                  <RoutePointRef ref="VTR:RoutePoint:2972266"/>
                </PointOnRoute>
                <PointOnRoute version="1" id="VTR:PointOnRoute:2972267" order="7">
                  <RoutePointRef ref="VTR:RoutePoint:2972267"/>
                </PointOnRoute>
                <PointOnRoute version="1" id="VTR:PointOnRoute:2972268" order="8">
                  <RoutePointRef ref="VTR:RoutePoint:2972268"/>
                </PointOnRoute>
                <PointOnRoute version="1" id="VTR:PointOnRoute:2972269" order="9">
                  <RoutePointRef ref="VTR:RoutePoint:2972269"/>
                </PointOnRoute>
                <PointOnRoute version="1" id="VTR:PointOnRoute:2972270" order="10">
                  <RoutePointRef ref="VTR:RoutePoint:2972270"/>
                </PointOnRoute>
                <PointOnRoute version="1" id="VTR:PointOnRoute:2972271" order="11">
                  <RoutePointRef ref="VTR:RoutePoint:2972271"/>
                </PointOnRoute>
                <PointOnRoute version="1" id="VTR:PointOnRoute:2972272" order="12">
                  <RoutePointRef ref="VTR:RoutePoint:2972272"/>
                </PointOnRoute>
                <PointOnRoute version="1" id="VTR:PointOnRoute:2972273" order="13">
                  <RoutePointRef ref="VTR:RoutePoint:2972273"/>
                </PointOnRoute>
                <PointOnRoute version="1" id="VTR:PointOnRoute:2972274" order="14">
                  <RoutePointRef ref="VTR:RoutePoint:2972274"/>
                </PointOnRoute>
                <PointOnRoute version="1" id="VTR:PointOnRoute:2972275" order="15">
                  <RoutePointRef ref="VTR:RoutePoint:2972275"/>
                </PointOnRoute>
                <PointOnRoute version="1" id="VTR:PointOnRoute:2972276" order="16">
                  <RoutePointRef ref="VTR:RoutePoint:2972276"/>
                </PointOnRoute>
                <PointOnRoute version="1" id="VTR:PointOnRoute:2972277" order="17">
                  <RoutePointRef ref="VTR:RoutePoint:2972277"/>
                </PointOnRoute>
                <PointOnRoute version="1" id="VTR:PointOnRoute:2972278" order="18">
                  <RoutePointRef ref="VTR:RoutePoint:2972278"/>
                </PointOnRoute>
                <PointOnRoute version="1" id="VTR:PointOnRoute:2972279" order="19">
                  <RoutePointRef ref="VTR:RoutePoint:2972279"/>
                </PointOnRoute>
                <PointOnRoute version="1" id="VTR:PointOnRoute:2972280" order="20">
                  <RoutePointRef ref="VTR:RoutePoint:2972280"/>
                </PointOnRoute>
                <PointOnRoute version="1" id="VTR:PointOnRoute:2972281" order="21">
                  <RoutePointRef ref="VTR:RoutePoint:2972281"/>
                </PointOnRoute>
                <PointOnRoute version="1" id="VTR:PointOnRoute:2972282" order="22">
                  <RoutePointRef ref="VTR:RoutePoint:2972282"/>
                </PointOnRoute>
              </pointsInSequence>
            </Route>
            <Route version="1" id="VTR:Route:24691">
              <Name>druskininkai_bus_4B_a3-b</Name>
              <ShortName>druskininkai_bus_4B_a3-b</ShortName>
              <LineRef ref="VTR:Line:8505" version="11159"/>
              <pointsInSequence>
                <PointOnRoute version="1" id="VTR:PointOnRoute:2972246" order="1">
                  <RoutePointRef ref="VTR:RoutePoint:2972246"/>
                </PointOnRoute>
                <PointOnRoute version="1" id="VTR:PointOnRoute:2972247" order="2">
                  <RoutePointRef ref="VTR:RoutePoint:2972247"/>
                </PointOnRoute>
                <PointOnRoute version="1" id="VTR:PointOnRoute:2972248" order="3">
                  <RoutePointRef ref="VTR:RoutePoint:2972248"/>
                </PointOnRoute>
                <PointOnRoute version="1" id="VTR:PointOnRoute:2972249" order="4">
                  <RoutePointRef ref="VTR:RoutePoint:2972249"/>
                </PointOnRoute>
                <PointOnRoute version="1" id="VTR:PointOnRoute:2972250" order="5">
                  <RoutePointRef ref="VTR:RoutePoint:2972250"/>
                </PointOnRoute>
                <PointOnRoute version="1" id="VTR:PointOnRoute:2972251" order="6">
                  <RoutePointRef ref="VTR:RoutePoint:2972251"/>
                </PointOnRoute>
                <PointOnRoute version="1" id="VTR:PointOnRoute:2972252" order="7">
                  <RoutePointRef ref="VTR:RoutePoint:2972252"/>
                </PointOnRoute>
                <PointOnRoute version="1" id="VTR:PointOnRoute:2972253" order="8">
                  <RoutePointRef ref="VTR:RoutePoint:2972253"/>
                </PointOnRoute>
                <PointOnRoute version="1" id="VTR:PointOnRoute:2972254" order="9">
                  <RoutePointRef ref="VTR:RoutePoint:2972254"/>
                </PointOnRoute>
                <PointOnRoute version="1" id="VTR:PointOnRoute:2972255" order="10">
                  <RoutePointRef ref="VTR:RoutePoint:2972255"/>
                </PointOnRoute>
                <PointOnRoute version="1" id="VTR:PointOnRoute:2972256" order="11">
                  <RoutePointRef ref="VTR:RoutePoint:2972256"/>
                </PointOnRoute>
                <PointOnRoute version="1" id="VTR:PointOnRoute:2972257" order="12">
                  <RoutePointRef ref="VTR:RoutePoint:2972257"/>
                </PointOnRoute>
                <PointOnRoute version="1" id="VTR:PointOnRoute:2972258" order="13">
                  <RoutePointRef ref="VTR:RoutePoint:2972258"/>
                </PointOnRoute>
                <PointOnRoute version="1" id="VTR:PointOnRoute:2972259" order="14">
                  <RoutePointRef ref="VTR:RoutePoint:2972259"/>
                </PointOnRoute>
                <PointOnRoute version="1" id="VTR:PointOnRoute:2972260" order="15">
                  <RoutePointRef ref="VTR:RoutePoint:2972260"/>
                </PointOnRoute>
              </pointsInSequence>
            </Route>
          </routes>
          <lines>
            <Line version="11159" id="VTR:Line:8505">
              <Name>Jaskonys - Miglos g. - Ateities stotelė</Name>
              <TransportMode>bus</TransportMode>
              <TransportSubmode>
                <BusSubmode>localBus</BusSubmode>
              </TransportSubmode>
              <PublicCode>4B</PublicCode>
              <OperatorRef ref="VTR:Operator:60"/>
            </Line>
          </lines>
          <scheduledStopPoints>
            <ScheduledStopPoint version="1" id="VTR:ScheduledStopPoint:2972246">
              <Name>Jaskonys I</Name>
            </ScheduledStopPoint>
            <ScheduledStopPoint version="1" id="VTR:ScheduledStopPoint:2972247">
              <Name>Jaskonys II</Name>
            </ScheduledStopPoint>
            <ScheduledStopPoint version="1" id="VTR:ScheduledStopPoint:2972248">
              <Name>Miglos</Name>
            </ScheduledStopPoint>
            <ScheduledStopPoint version="1" id="VTR:ScheduledStopPoint:2972249">
              <Name>Jaskonys III</Name>
            </ScheduledStopPoint>
            <ScheduledStopPoint version="1" id="VTR:ScheduledStopPoint:2972250">
              <Name>Naujasodis</Name>
            </ScheduledStopPoint>
            <ScheduledStopPoint version="1" id="VTR:ScheduledStopPoint:2972251">
              <Name>Saulėtekio</Name>
            </ScheduledStopPoint>
            <ScheduledStopPoint version="1" id="VTR:ScheduledStopPoint:2972252">
              <Name>Smiltynų</Name>
            </ScheduledStopPoint>
            <ScheduledStopPoint version="1" id="VTR:ScheduledStopPoint:2972253">
              <Name>Saulėtekio</Name>
            </ScheduledStopPoint>
            <ScheduledStopPoint version="1" id="VTR:ScheduledStopPoint:2972254">
              <Name>Ratnyčios</Name>
            </ScheduledStopPoint>
            <ScheduledStopPoint version="1" id="VTR:ScheduledStopPoint:2972255">
              <Name>"Girios aidas"</Name>
            </ScheduledStopPoint>
            <ScheduledStopPoint version="1" id="VTR:ScheduledStopPoint:2972256">
              <Name>Degalinė</Name>
            </ScheduledStopPoint>
            <ScheduledStopPoint version="1" id="VTR:ScheduledStopPoint:2972257">
              <Name>Bendruomenės centras</Name>
            </ScheduledStopPoint>
            <ScheduledStopPoint version="1" id="VTR:ScheduledStopPoint:2972258">
              <Name>Melnyčėlė</Name>
            </ScheduledStopPoint>
            <ScheduledStopPoint version="1" id="VTR:ScheduledStopPoint:2972259">
              <Name>Liškiavos</Name>
            </ScheduledStopPoint>
            <ScheduledStopPoint version="1" id="VTR:ScheduledStopPoint:2972260">
              <Name>Ateities</Name>
            </ScheduledStopPoint>
            <ScheduledStopPoint version="1" id="VTR:ScheduledStopPoint:2972261">
              <Name>Ateities</Name>
            </ScheduledStopPoint>
            <ScheduledStopPoint version="1" id="VTR:ScheduledStopPoint:2972262">
              <Name>Liškiavos</Name>
            </ScheduledStopPoint>
            <ScheduledStopPoint version="1" id="VTR:ScheduledStopPoint:2972263">
              <Name>Kalviškės</Name>
            </ScheduledStopPoint>
            <ScheduledStopPoint version="1" id="VTR:ScheduledStopPoint:2972264">
              <Name>Ringėliškės</Name>
            </ScheduledStopPoint>
            <ScheduledStopPoint version="1" id="VTR:ScheduledStopPoint:2972265">
              <Name>Miciūnai</Name>
            </ScheduledStopPoint>
            <ScheduledStopPoint version="1" id="VTR:ScheduledStopPoint:2972266">
              <Name>Parko tiltas</Name>
            </ScheduledStopPoint>
            <ScheduledStopPoint version="1" id="VTR:ScheduledStopPoint:2972267">
              <Name>Vandens parkas</Name>
            </ScheduledStopPoint>
            <ScheduledStopPoint version="1" id="VTR:ScheduledStopPoint:2972268">
              <Name>Laisvės aikštė</Name>
            </ScheduledStopPoint>
            <ScheduledStopPoint version="1" id="VTR:ScheduledStopPoint:2972269">
              <Name>Gimnazija</Name>
            </ScheduledStopPoint>
            <ScheduledStopPoint version="1" id="VTR:ScheduledStopPoint:2972270">
              <Name>"Aidas"</Name>
            </ScheduledStopPoint>
            <ScheduledStopPoint version="1" id="VTR:ScheduledStopPoint:2972271">
              <Name>"Pavasaris"</Name>
            </ScheduledStopPoint>
            <ScheduledStopPoint version="1" id="VTR:ScheduledStopPoint:2972272">
              <Name>Turgus</Name>
            </ScheduledStopPoint>
            <ScheduledStopPoint version="1" id="VTR:ScheduledStopPoint:2972273">
              <Name>"Girios aidas"</Name>
            </ScheduledStopPoint>
            <ScheduledStopPoint version="1" id="VTR:ScheduledStopPoint:2972274">
              <Name>Ratnyčios</Name>
            </ScheduledStopPoint>
            <ScheduledStopPoint version="1" id="VTR:ScheduledStopPoint:2972275">
              <Name>Saulėtekio</Name>
            </ScheduledStopPoint>
            <ScheduledStopPoint version="1" id="VTR:ScheduledStopPoint:2972276">
              <Name>Smiltynų</Name>
            </ScheduledStopPoint>
            <ScheduledStopPoint version="1" id="VTR:ScheduledStopPoint:2972277">
              <Name>Saulėtekio</Name>
            </ScheduledStopPoint>
            <ScheduledStopPoint version="1" id="VTR:ScheduledStopPoint:2972278">
              <Name>Naujasodis</Name>
            </ScheduledStopPoint>
            <ScheduledStopPoint version="1" id="VTR:ScheduledStopPoint:2972279">
              <Name>Miglos</Name>
            </ScheduledStopPoint>
            <ScheduledStopPoint version="1" id="VTR:ScheduledStopPoint:2972280">
              <Name>Jaskonys III</Name>
            </ScheduledStopPoint>
            <ScheduledStopPoint version="1" id="VTR:ScheduledStopPoint:2972281">
              <Name>Jaskonys II</Name>
            </ScheduledStopPoint>
            <ScheduledStopPoint version="1" id="VTR:ScheduledStopPoint:2972282">
              <Name>Jaskonys I</Name>
            </ScheduledStopPoint>
          </scheduledStopPoints>
          <serviceLinks>
            <ServiceLink id="VTR:ServiceLink:2972269_1_2972270_1" version="1">
              <Distance>0</Distance>
              <FromPointRef ref="VTR:ScheduledStopPoint:2972269" version="1"/>
              <ToPointRef ref="VTR:ScheduledStopPoint:2972270" version="1"/>
            </ServiceLink>
            <ServiceLink id="VTR:ServiceLink:2972280_1_2972281_1" version="1">
              <Distance>0</Distance>
              <FromPointRef ref="VTR:ScheduledStopPoint:2972280" version="1"/>
              <ToPointRef ref="VTR:ScheduledStopPoint:2972281" version="1"/>
            </ServiceLink>
            <ServiceLink id="VTR:ServiceLink:2972248_1_2972249_1" version="1">
              <Distance>0</Distance>
              <FromPointRef ref="VTR:ScheduledStopPoint:2972248" version="1"/>
              <ToPointRef ref="VTR:ScheduledStopPoint:2972249" version="1"/>
            </ServiceLink>
            <ServiceLink id="VTR:ServiceLink:2972271_1_2972272_1" version="1">
              <Distance>0</Distance>
              <FromPointRef ref="VTR:ScheduledStopPoint:2972271" version="1"/>
              <ToPointRef ref="VTR:ScheduledStopPoint:2972272" version="1"/>
            </ServiceLink>
            <ServiceLink id="VTR:ServiceLink:2972247_1_2972248_1" version="1">
              <Distance>0</Distance>
              <FromPointRef ref="VTR:ScheduledStopPoint:2972247" version="1"/>
              <ToPointRef ref="VTR:ScheduledStopPoint:2972248" version="1"/>
            </ServiceLink>
            <ServiceLink id="VTR:ServiceLink:2972263_1_2972264_1" version="1">
              <Distance>0</Distance>
              <FromPointRef ref="VTR:ScheduledStopPoint:2972263" version="1"/>
              <ToPointRef ref="VTR:ScheduledStopPoint:2972264" version="1"/>
            </ServiceLink>
            <ServiceLink id="VTR:ServiceLink:2972251_1_2972252_1" version="1">
              <Distance>0</Distance>
              <FromPointRef ref="VTR:ScheduledStopPoint:2972251" version="1"/>
              <ToPointRef ref="VTR:ScheduledStopPoint:2972252" version="1"/>
            </ServiceLink>
            <ServiceLink id="VTR:ServiceLink:2972264_1_2972265_1" version="1">
              <Distance>0</Distance>
              <FromPointRef ref="VTR:ScheduledStopPoint:2972264" version="1"/>
              <ToPointRef ref="VTR:ScheduledStopPoint:2972265" version="1"/>
            </ServiceLink>
            <ServiceLink id="VTR:ServiceLink:2972246_1_2972247_1" version="1">
              <Distance>0</Distance>
              <FromPointRef ref="VTR:ScheduledStopPoint:2972246" version="1"/>
              <ToPointRef ref="VTR:ScheduledStopPoint:2972247" version="1"/>
            </ServiceLink>
            <ServiceLink id="VTR:ServiceLink:2972279_1_2972280_1" version="1">
              <Distance>0</Distance>
              <FromPointRef ref="VTR:ScheduledStopPoint:2972279" version="1"/>
              <ToPointRef ref="VTR:ScheduledStopPoint:2972280" version="1"/>
            </ServiceLink>
            <ServiceLink id="VTR:ServiceLink:2972270_1_2972271_1" version="1">
              <Distance>0</Distance>
              <FromPointRef ref="VTR:ScheduledStopPoint:2972270" version="1"/>
              <ToPointRef ref="VTR:ScheduledStopPoint:2972271" version="1"/>
            </ServiceLink>
            <ServiceLink id="VTR:ServiceLink:2972278_1_2972279_1" version="1">
              <Distance>0</Distance>
              <FromPointRef ref="VTR:ScheduledStopPoint:2972278" version="1"/>
              <ToPointRef ref="VTR:ScheduledStopPoint:2972279" version="1"/>
            </ServiceLink>
            <ServiceLink id="VTR:ServiceLink:2972252_1_2972253_1" version="1">
              <Distance>0</Distance>
              <FromPointRef ref="VTR:ScheduledStopPoint:2972252" version="1"/>
              <ToPointRef ref="VTR:ScheduledStopPoint:2972253" version="1"/>
            </ServiceLink>
            <ServiceLink id="VTR:ServiceLink:2972254_1_2972255_1" version="1">
              <Distance>0</Distance>
              <FromPointRef ref="VTR:ScheduledStopPoint:2972254" version="1"/>
              <ToPointRef ref="VTR:ScheduledStopPoint:2972255" version="1"/>
            </ServiceLink>
            <ServiceLink id="VTR:ServiceLink:2972255_1_2972256_1" version="1">
              <Distance>0</Distance>
              <FromPointRef ref="VTR:ScheduledStopPoint:2972255" version="1"/>
              <ToPointRef ref="VTR:ScheduledStopPoint:2972256" version="1"/>
            </ServiceLink>
            <ServiceLink id="VTR:ServiceLink:2972265_1_2972266_1" version="1">
              <Distance>0</Distance>
              <FromPointRef ref="VTR:ScheduledStopPoint:2972265" version="1"/>
              <ToPointRef ref="VTR:ScheduledStopPoint:2972266" version="1"/>
            </ServiceLink>
            <ServiceLink id="VTR:ServiceLink:2972253_1_2972254_1" version="1">
              <Distance>0</Distance>
              <FromPointRef ref="VTR:ScheduledStopPoint:2972253" version="1"/>
              <ToPointRef ref="VTR:ScheduledStopPoint:2972254" version="1"/>
            </ServiceLink>
            <ServiceLink id="VTR:ServiceLink:2972259_1_2972260_1" version="1">
              <Distance>0</Distance>
              <FromPointRef ref="VTR:ScheduledStopPoint:2972259" version="1"/>
              <ToPointRef ref="VTR:ScheduledStopPoint:2972260" version="1"/>
            </ServiceLink>
            <ServiceLink id="VTR:ServiceLink:2972257_1_2972258_1" version="1">
              <Distance>0</Distance>
              <FromPointRef ref="VTR:ScheduledStopPoint:2972257" version="1"/>
              <ToPointRef ref="VTR:ScheduledStopPoint:2972258" version="1"/>
            </ServiceLink>
            <ServiceLink id="VTR:ServiceLink:2972275_1_2972276_1" version="1">
              <Distance>0</Distance>
              <FromPointRef ref="VTR:ScheduledStopPoint:2972275" version="1"/>
              <ToPointRef ref="VTR:ScheduledStopPoint:2972276" version="1"/>
            </ServiceLink>
            <ServiceLink id="VTR:ServiceLink:2972272_1_2972273_1" version="1">
              <Distance>0</Distance>
              <FromPointRef ref="VTR:ScheduledStopPoint:2972272" version="1"/>
              <ToPointRef ref="VTR:ScheduledStopPoint:2972273" version="1"/>
            </ServiceLink>
            <ServiceLink id="VTR:ServiceLink:2972249_1_2972250_1" version="1">
              <Distance>0</Distance>
              <FromPointRef ref="VTR:ScheduledStopPoint:2972249" version="1"/>
              <ToPointRef ref="VTR:ScheduledStopPoint:2972250" version="1"/>
            </ServiceLink>
            <ServiceLink id="VTR:ServiceLink:2972250_1_2972251_1" version="1">
              <Distance>0</Distance>
              <FromPointRef ref="VTR:ScheduledStopPoint:2972250" version="1"/>
              <ToPointRef ref="VTR:ScheduledStopPoint:2972251" version="1"/>
            </ServiceLink>
            <ServiceLink id="VTR:ServiceLink:2972276_1_2972277_1" version="1">
              <Distance>0</Distance>
              <FromPointRef ref="VTR:ScheduledStopPoint:2972276" version="1"/>
              <ToPointRef ref="VTR:ScheduledStopPoint:2972277" version="1"/>
            </ServiceLink>
            <ServiceLink id="VTR:ServiceLink:2972267_1_2972268_1" version="1">
              <Distance>0</Distance>
              <FromPointRef ref="VTR:ScheduledStopPoint:2972267" version="1"/>
              <ToPointRef ref="VTR:ScheduledStopPoint:2972268" version="1"/>
            </ServiceLink>
            <ServiceLink id="VTR:ServiceLink:2972266_1_2972267_1" version="1">
              <Distance>0</Distance>
              <FromPointRef ref="VTR:ScheduledStopPoint:2972266" version="1"/>
              <ToPointRef ref="VTR:ScheduledStopPoint:2972267" version="1"/>
            </ServiceLink>
            <ServiceLink id="VTR:ServiceLink:2972274_1_2972275_1" version="1">
              <Distance>0</Distance>
              <FromPointRef ref="VTR:ScheduledStopPoint:2972274" version="1"/>
              <ToPointRef ref="VTR:ScheduledStopPoint:2972275" version="1"/>
            </ServiceLink>
            <ServiceLink id="VTR:ServiceLink:2972281_1_2972282_1" version="1">
              <Distance>0</Distance>
              <FromPointRef ref="VTR:ScheduledStopPoint:2972281" version="1"/>
              <ToPointRef ref="VTR:ScheduledStopPoint:2972282" version="1"/>
            </ServiceLink>
            <ServiceLink id="VTR:ServiceLink:2972268_1_2972269_1" version="1">
              <Distance>0</Distance>
              <FromPointRef ref="VTR:ScheduledStopPoint:2972268" version="1"/>
              <ToPointRef ref="VTR:ScheduledStopPoint:2972269" version="1"/>
            </ServiceLink>
            <ServiceLink id="VTR:ServiceLink:2972277_1_2972278_1" version="1">
              <Distance>0</Distance>
              <FromPointRef ref="VTR:ScheduledStopPoint:2972277" version="1"/>
              <ToPointRef ref="VTR:ScheduledStopPoint:2972278" version="1"/>
            </ServiceLink>
            <ServiceLink id="VTR:ServiceLink:2972258_1_2972259_1" version="1">
              <Distance>0</Distance>
              <FromPointRef ref="VTR:ScheduledStopPoint:2972258" version="1"/>
              <ToPointRef ref="VTR:ScheduledStopPoint:2972259" version="1"/>
            </ServiceLink>
            <ServiceLink id="VTR:ServiceLink:2972261_1_2972262_1" version="1">
              <Distance>0</Distance>
              <FromPointRef ref="VTR:ScheduledStopPoint:2972261" version="1"/>
              <ToPointRef ref="VTR:ScheduledStopPoint:2972262" version="1"/>
            </ServiceLink>
            <ServiceLink id="VTR:ServiceLink:2972256_1_2972257_1" version="1">
              <Distance>0</Distance>
              <FromPointRef ref="VTR:ScheduledStopPoint:2972256" version="1"/>
              <ToPointRef ref="VTR:ScheduledStopPoint:2972257" version="1"/>
            </ServiceLink>
            <ServiceLink id="VTR:ServiceLink:2972273_1_2972274_1" version="1">
              <Distance>0</Distance>
              <FromPointRef ref="VTR:ScheduledStopPoint:2972273" version="1"/>
              <ToPointRef ref="VTR:ScheduledStopPoint:2972274" version="1"/>
            </ServiceLink>
            <ServiceLink id="VTR:ServiceLink:2972262_1_2972263_1" version="1">
              <Distance>0</Distance>
              <FromPointRef ref="VTR:ScheduledStopPoint:2972262" version="1"/>
              <ToPointRef ref="VTR:ScheduledStopPoint:2972263" version="1"/>
            </ServiceLink>
          </serviceLinks>
          <stopAssignments>
            <PassengerStopAssignment order="2469100001" id="VTR:PassengerStopAssignment:2972246" version="1">
              <ScheduledStopPointRef ref="VTR:ScheduledStopPoint:2972246" version="1"/>
              <QuayRef ref="VTR:Quay:70"/>
            </PassengerStopAssignment>
            <PassengerStopAssignment order="2469100002" id="VTR:PassengerStopAssignment:2972247" version="1">
              <ScheduledStopPointRef ref="VTR:ScheduledStopPoint:2972247" version="1"/>
              <QuayRef ref="VTR:Quay:44196"/>
            </PassengerStopAssignment>
            <PassengerStopAssignment order="2469100003" id="VTR:PassengerStopAssignment:2972248" version="1">
              <ScheduledStopPointRef ref="VTR:ScheduledStopPoint:2972248" version="1"/>
              <QuayRef ref="VTR:Quay:44161"/>
            </PassengerStopAssignment>
            <PassengerStopAssignment order="2469100004" id="VTR:PassengerStopAssignment:2972249" version="1">
              <ScheduledStopPointRef ref="VTR:ScheduledStopPoint:2972249" version="1"/>
              <QuayRef ref="VTR:Quay:44162"/>
            </PassengerStopAssignment>
            <PassengerStopAssignment order="2469100005" id="VTR:PassengerStopAssignment:2972250" version="1">
              <ScheduledStopPointRef ref="VTR:ScheduledStopPoint:2972250" version="1"/>
              <QuayRef ref="VTR:Quay:44163"/>
            </PassengerStopAssignment>
            <PassengerStopAssignment order="2469100006" id="VTR:PassengerStopAssignment:2972251" version="1">
              <ScheduledStopPointRef ref="VTR:ScheduledStopPoint:2972251" version="1"/>
              <QuayRef ref="VTR:Quay:67"/>
            </PassengerStopAssignment>
            <PassengerStopAssignment order="2469100007" id="VTR:PassengerStopAssignment:2972252" version="1">
              <ScheduledStopPointRef ref="VTR:ScheduledStopPoint:2972252" version="1"/>
              <QuayRef ref="VTR:Quay:69"/>
            </PassengerStopAssignment>
            <PassengerStopAssignment order="2469100008" id="VTR:PassengerStopAssignment:2972253" version="1">
              <ScheduledStopPointRef ref="VTR:ScheduledStopPoint:2972253" version="1"/>
              <QuayRef ref="VTR:Quay:68"/>
            </PassengerStopAssignment>
            <PassengerStopAssignment order="2469100009" id="VTR:PassengerStopAssignment:2972254" version="1">
              <ScheduledStopPointRef ref="VTR:ScheduledStopPoint:2972254" version="1"/>
              <QuayRef ref="VTR:Quay:66"/>
            </PassengerStopAssignment>
            <PassengerStopAssignment order="2469100010" id="VTR:PassengerStopAssignment:2972255" version="1">
              <ScheduledStopPointRef ref="VTR:ScheduledStopPoint:2972255" version="1"/>
              <QuayRef ref="VTR:Quay:55"/>
            </PassengerStopAssignment>
            <PassengerStopAssignment order="2469100011" id="VTR:PassengerStopAssignment:2972256" version="1">
              <ScheduledStopPointRef ref="VTR:ScheduledStopPoint:2972256" version="1"/>
              <QuayRef ref="VTR:Quay:21429"/>
            </PassengerStopAssignment>
            <PassengerStopAssignment order="2469100012" id="VTR:PassengerStopAssignment:2972257" version="1">
              <ScheduledStopPointRef ref="VTR:ScheduledStopPoint:2972257" version="1"/>
              <QuayRef ref="VTR:Quay:52"/>
            </PassengerStopAssignment>
            <PassengerStopAssignment order="2469100013" id="VTR:PassengerStopAssignment:2972258" version="1">
              <ScheduledStopPointRef ref="VTR:ScheduledStopPoint:2972258" version="1"/>
              <QuayRef ref="VTR:Quay:63"/>
            </PassengerStopAssignment>
            <PassengerStopAssignment order="2469100014" id="VTR:PassengerStopAssignment:2972259" version="1">
              <ScheduledStopPointRef ref="VTR:ScheduledStopPoint:2972259" version="1"/>
              <QuayRef ref="VTR:Quay:62"/>
            </PassengerStopAssignment>
            <PassengerStopAssignment order="2469100015" id="VTR:PassengerStopAssignment:2972260" version="1">
              <ScheduledStopPointRef ref="VTR:ScheduledStopPoint:2972260" version="1"/>
              <QuayRef ref="VTR:Quay:60"/>
            </PassengerStopAssignment>
            <PassengerStopAssignment order="2477600001" id="VTR:PassengerStopAssignment:2972261" version="1">
              <ScheduledStopPointRef ref="VTR:ScheduledStopPoint:2972261" version="1"/>
              <QuayRef ref="VTR:Quay:60"/>
            </PassengerStopAssignment>
            <PassengerStopAssignment order="2477600002" id="VTR:PassengerStopAssignment:2972262" version="1">
              <ScheduledStopPointRef ref="VTR:ScheduledStopPoint:2972262" version="1"/>
              <QuayRef ref="VTR:Quay:61"/>
            </PassengerStopAssignment>
            <PassengerStopAssignment order="2477600003" id="VTR:PassengerStopAssignment:2972263" version="1">
              <ScheduledStopPointRef ref="VTR:ScheduledStopPoint:2972263" version="1"/>
              <QuayRef ref="VTR:Quay:21433"/>
            </PassengerStopAssignment>
            <PassengerStopAssignment order="2477600004" id="VTR:PassengerStopAssignment:2972264" version="1">
              <ScheduledStopPointRef ref="VTR:ScheduledStopPoint:2972264" version="1"/>
              <QuayRef ref="VTR:Quay:37386"/>
            </PassengerStopAssignment>
            <PassengerStopAssignment order="2477600005" id="VTR:PassengerStopAssignment:2972265" version="1">
              <ScheduledStopPointRef ref="VTR:ScheduledStopPoint:2972265" version="1"/>
              <QuayRef ref="VTR:Quay:37382"/>
            </PassengerStopAssignment>
            <PassengerStopAssignment order="2477600006" id="VTR:PassengerStopAssignment:2972266" version="1">
              <ScheduledStopPointRef ref="VTR:ScheduledStopPoint:2972266" version="1"/>
              <QuayRef ref="VTR:Quay:37091"/>
            </PassengerStopAssignment>
            <PassengerStopAssignment order="2477600007" id="VTR:PassengerStopAssignment:2972267" version="1">
              <ScheduledStopPointRef ref="VTR:ScheduledStopPoint:2972267" version="1"/>
              <QuayRef ref="VTR:Quay:37384"/>
            </PassengerStopAssignment>
            <PassengerStopAssignment order="2477600008" id="VTR:PassengerStopAssignment:2972268" version="1">
              <ScheduledStopPointRef ref="VTR:ScheduledStopPoint:2972268" version="1"/>
              <QuayRef ref="VTR:Quay:43"/>
            </PassengerStopAssignment>
            <PassengerStopAssignment order="2477600009" id="VTR:PassengerStopAssignment:2972269" version="1">
              <ScheduledStopPointRef ref="VTR:ScheduledStopPoint:2972269" version="1"/>
              <QuayRef ref="VTR:Quay:45"/>
            </PassengerStopAssignment>
            <PassengerStopAssignment order="2477600010" id="VTR:PassengerStopAssignment:2972270" version="1">
              <ScheduledStopPointRef ref="VTR:ScheduledStopPoint:2972270" version="1"/>
              <QuayRef ref="VTR:Quay:76"/>
            </PassengerStopAssignment>
            <PassengerStopAssignment order="2477600011" id="VTR:PassengerStopAssignment:2972271" version="1">
              <ScheduledStopPointRef ref="VTR:ScheduledStopPoint:2972271" version="1"/>
              <QuayRef ref="VTR:Quay:65"/>
            </PassengerStopAssignment>
            <PassengerStopAssignment order="2477600012" id="VTR:PassengerStopAssignment:2972272" version="1">
              <ScheduledStopPointRef ref="VTR:ScheduledStopPoint:2972272" version="1"/>
              <QuayRef ref="VTR:Quay:51"/>
            </PassengerStopAssignment>
            <PassengerStopAssignment order="2477600013" id="VTR:PassengerStopAssignment:2972273" version="1">
              <ScheduledStopPointRef ref="VTR:ScheduledStopPoint:2972273" version="1"/>
              <QuayRef ref="VTR:Quay:54"/>
            </PassengerStopAssignment>
            <PassengerStopAssignment order="2477600014" id="VTR:PassengerStopAssignment:2972274" version="1">
              <ScheduledStopPointRef ref="VTR:ScheduledStopPoint:2972274" version="1"/>
              <QuayRef ref="VTR:Quay:58"/>
            </PassengerStopAssignment>
            <PassengerStopAssignment order="2477600015" id="VTR:PassengerStopAssignment:2972275" version="1">
              <ScheduledStopPointRef ref="VTR:ScheduledStopPoint:2972275" version="1"/>
              <QuayRef ref="VTR:Quay:67"/>
            </PassengerStopAssignment>
            <PassengerStopAssignment order="2477600016" id="VTR:PassengerStopAssignment:2972276" version="1">
              <ScheduledStopPointRef ref="VTR:ScheduledStopPoint:2972276" version="1"/>
              <QuayRef ref="VTR:Quay:69"/>
            </PassengerStopAssignment>
            <PassengerStopAssignment order="2477600017" id="VTR:PassengerStopAssignment:2972277" version="1">
              <ScheduledStopPointRef ref="VTR:ScheduledStopPoint:2972277" version="1"/>
              <QuayRef ref="VTR:Quay:68"/>
            </PassengerStopAssignment>
            <PassengerStopAssignment order="2477600018" id="VTR:PassengerStopAssignment:2972278" version="1">
              <ScheduledStopPointRef ref="VTR:ScheduledStopPoint:2972278" version="1"/>
              <QuayRef ref="VTR:Quay:44194"/>
            </PassengerStopAssignment>
            <PassengerStopAssignment order="2477600019" id="VTR:PassengerStopAssignment:2972279" version="1">
              <ScheduledStopPointRef ref="VTR:ScheduledStopPoint:2972279" version="1"/>
              <QuayRef ref="VTR:Quay:44161"/>
            </PassengerStopAssignment>
            <PassengerStopAssignment order="2477600020" id="VTR:PassengerStopAssignment:2972280" version="1">
              <ScheduledStopPointRef ref="VTR:ScheduledStopPoint:2972280" version="1"/>
              <QuayRef ref="VTR:Quay:44162"/>
            </PassengerStopAssignment>
            <PassengerStopAssignment order="2477600021" id="VTR:PassengerStopAssignment:2972281" version="1">
              <ScheduledStopPointRef ref="VTR:ScheduledStopPoint:2972281" version="1"/>
              <QuayRef ref="VTR:Quay:71"/>
            </PassengerStopAssignment>
            <PassengerStopAssignment order="2477600022" id="VTR:PassengerStopAssignment:2972282" version="1">
              <ScheduledStopPointRef ref="VTR:ScheduledStopPoint:2972282" version="1"/>
              <QuayRef ref="VTR:Quay:70"/>
            </PassengerStopAssignment>
          </stopAssignments>
          <journeyPatterns>
            <JourneyPattern id="VTR:JourneyPattern:6224860" version="6228380">
              <RouteRef ref="VTR:Route:24691" version="1"/>
              <pointsInSequence>
                <StopPointInJourneyPattern id="VTR:StopPointInJourneyPattern:216221785" version="6228380" order="1">
                  <ScheduledStopPointRef ref="VTR:ScheduledStopPoint:2972246"/>
                  <DestinationDisplayRef ref="VTR:DestinationDisplay:1"/>
                </StopPointInJourneyPattern>
                <StopPointInJourneyPattern id="VTR:StopPointInJourneyPattern:216221786" version="6228380" order="2">
                  <ScheduledStopPointRef ref="VTR:ScheduledStopPoint:2972247"/>
                  <DestinationDisplayRef ref="VTR:DestinationDisplay:1"/>
                </StopPointInJourneyPattern>
                <StopPointInJourneyPattern id="VTR:StopPointInJourneyPattern:216221787" version="6228380" order="3">
                  <ScheduledStopPointRef ref="VTR:ScheduledStopPoint:2972248"/>
                  <DestinationDisplayRef ref="VTR:DestinationDisplay:1"/>
                </StopPointInJourneyPattern>
                <StopPointInJourneyPattern id="VTR:StopPointInJourneyPattern:216221788" version="6228380" order="4">
                  <ScheduledStopPointRef ref="VTR:ScheduledStopPoint:2972249"/>
                  <DestinationDisplayRef ref="VTR:DestinationDisplay:1"/>
                </StopPointInJourneyPattern>
                <StopPointInJourneyPattern id="VTR:StopPointInJourneyPattern:216221789" version="6228380" order="5">
                  <ScheduledStopPointRef ref="VTR:ScheduledStopPoint:2972250"/>
                  <DestinationDisplayRef ref="VTR:DestinationDisplay:1"/>
                </StopPointInJourneyPattern>
                <StopPointInJourneyPattern id="VTR:StopPointInJourneyPattern:216221790" version="6228380" order="6">
                  <ScheduledStopPointRef ref="VTR:ScheduledStopPoint:2972251"/>
                  <DestinationDisplayRef ref="VTR:DestinationDisplay:1"/>
                </StopPointInJourneyPattern>
                <StopPointInJourneyPattern id="VTR:StopPointInJourneyPattern:216221791" version="6228380" order="7">
                  <ScheduledStopPointRef ref="VTR:ScheduledStopPoint:2972252"/>
                  <DestinationDisplayRef ref="VTR:DestinationDisplay:1"/>
                </StopPointInJourneyPattern>
                <StopPointInJourneyPattern id="VTR:StopPointInJourneyPattern:216221792" version="6228380" order="8">
                  <ScheduledStopPointRef ref="VTR:ScheduledStopPoint:2972253"/>
                  <DestinationDisplayRef ref="VTR:DestinationDisplay:1"/>
                </StopPointInJourneyPattern>
                <StopPointInJourneyPattern id="VTR:StopPointInJourneyPattern:216221793" version="6228380" order="9">
                  <ScheduledStopPointRef ref="VTR:ScheduledStopPoint:2972254"/>
                  <DestinationDisplayRef ref="VTR:DestinationDisplay:1"/>
                </StopPointInJourneyPattern>
                <StopPointInJourneyPattern id="VTR:StopPointInJourneyPattern:216221794" version="6228380" order="10">
                  <ScheduledStopPointRef ref="VTR:ScheduledStopPoint:2972255"/>
                  <DestinationDisplayRef ref="VTR:DestinationDisplay:1"/>
                </StopPointInJourneyPattern>
                <StopPointInJourneyPattern id="VTR:StopPointInJourneyPattern:216221795" version="6228380" order="11">
                  <ScheduledStopPointRef ref="VTR:ScheduledStopPoint:2972256"/>
                  <DestinationDisplayRef ref="VTR:DestinationDisplay:1"/>
                </StopPointInJourneyPattern>
                <StopPointInJourneyPattern id="VTR:StopPointInJourneyPattern:216221796" version="6228380" order="12">
                  <ScheduledStopPointRef ref="VTR:ScheduledStopPoint:2972257"/>
                  <DestinationDisplayRef ref="VTR:DestinationDisplay:1"/>
                </StopPointInJourneyPattern>
                <StopPointInJourneyPattern id="VTR:StopPointInJourneyPattern:216221797" version="6228380" order="13">
                  <ScheduledStopPointRef ref="VTR:ScheduledStopPoint:2972258"/>
                  <DestinationDisplayRef ref="VTR:DestinationDisplay:1"/>
                </StopPointInJourneyPattern>
                <StopPointInJourneyPattern id="VTR:StopPointInJourneyPattern:216221798" version="6228380" order="14">
                  <ScheduledStopPointRef ref="VTR:ScheduledStopPoint:2972259"/>
                  <DestinationDisplayRef ref="VTR:DestinationDisplay:1"/>
                </StopPointInJourneyPattern>
                <StopPointInJourneyPattern id="VTR:StopPointInJourneyPattern:216221799" version="6228380" order="15">
                  <ScheduledStopPointRef ref="VTR:ScheduledStopPoint:2972260"/>
                  <DestinationDisplayRef ref="VTR:DestinationDisplay:1"/>
                </StopPointInJourneyPattern>
              </pointsInSequence>
            </JourneyPattern>
            <JourneyPattern id="VTR:JourneyPattern:6224859" version="6228379">
              <RouteRef ref="VTR:Route:24776" version="1"/>
              <pointsInSequence>
                <StopPointInJourneyPattern id="VTR:StopPointInJourneyPattern:216221800" version="6228379" order="1">
                  <ScheduledStopPointRef ref="VTR:ScheduledStopPoint:2972261"/>
                  <DestinationDisplayRef ref="VTR:DestinationDisplay:1"/>
                </StopPointInJourneyPattern>
                <StopPointInJourneyPattern id="VTR:StopPointInJourneyPattern:216221801" version="6228379" order="2">
                  <ScheduledStopPointRef ref="VTR:ScheduledStopPoint:2972262"/>
                  <DestinationDisplayRef ref="VTR:DestinationDisplay:1"/>
                </StopPointInJourneyPattern>
                <StopPointInJourneyPattern id="VTR:StopPointInJourneyPattern:216221802" version="6228379" order="3">
                  <ScheduledStopPointRef ref="VTR:ScheduledStopPoint:2972263"/>
                  <DestinationDisplayRef ref="VTR:DestinationDisplay:1"/>
                </StopPointInJourneyPattern>
                <StopPointInJourneyPattern id="VTR:StopPointInJourneyPattern:216221803" version="6228379" order="4">
                  <ScheduledStopPointRef ref="VTR:ScheduledStopPoint:2972264"/>
                  <DestinationDisplayRef ref="VTR:DestinationDisplay:1"/>
                </StopPointInJourneyPattern>
                <StopPointInJourneyPattern id="VTR:StopPointInJourneyPattern:216221804" version="6228379" order="5">
                  <ScheduledStopPointRef ref="VTR:ScheduledStopPoint:2972265"/>
                  <DestinationDisplayRef ref="VTR:DestinationDisplay:1"/>
                </StopPointInJourneyPattern>
                <StopPointInJourneyPattern id="VTR:StopPointInJourneyPattern:216221805" version="6228379" order="6">
                  <ScheduledStopPointRef ref="VTR:ScheduledStopPoint:2972266"/>
                  <DestinationDisplayRef ref="VTR:DestinationDisplay:1"/>
                </StopPointInJourneyPattern>
                <StopPointInJourneyPattern id="VTR:StopPointInJourneyPattern:216221806" version="6228379" order="7">
                  <ScheduledStopPointRef ref="VTR:ScheduledStopPoint:2972267"/>
                  <DestinationDisplayRef ref="VTR:DestinationDisplay:1"/>
                </StopPointInJourneyPattern>
                <StopPointInJourneyPattern id="VTR:StopPointInJourneyPattern:216221807" version="6228379" order="8">
                  <ScheduledStopPointRef ref="VTR:ScheduledStopPoint:2972268"/>
                  <DestinationDisplayRef ref="VTR:DestinationDisplay:1"/>
                </StopPointInJourneyPattern>
                <StopPointInJourneyPattern id="VTR:StopPointInJourneyPattern:216221808" version="6228379" order="9">
                  <ScheduledStopPointRef ref="VTR:ScheduledStopPoint:2972269"/>
                  <DestinationDisplayRef ref="VTR:DestinationDisplay:1"/>
                </StopPointInJourneyPattern>
                <StopPointInJourneyPattern id="VTR:StopPointInJourneyPattern:216221809" version="6228379" order="10">
                  <ScheduledStopPointRef ref="VTR:ScheduledStopPoint:2972270"/>
                  <DestinationDisplayRef ref="VTR:DestinationDisplay:1"/>
                </StopPointInJourneyPattern>
                <StopPointInJourneyPattern id="VTR:StopPointInJourneyPattern:216221810" version="6228379" order="11">
                  <ScheduledStopPointRef ref="VTR:ScheduledStopPoint:2972271"/>
                  <DestinationDisplayRef ref="VTR:DestinationDisplay:1"/>
                </StopPointInJourneyPattern>
                <StopPointInJourneyPattern id="VTR:StopPointInJourneyPattern:216221811" version="6228379" order="12">
                  <ScheduledStopPointRef ref="VTR:ScheduledStopPoint:2972272"/>
                  <DestinationDisplayRef ref="VTR:DestinationDisplay:1"/>
                </StopPointInJourneyPattern>
                <StopPointInJourneyPattern id="VTR:StopPointInJourneyPattern:216221812" version="6228379" order="13">
                  <ScheduledStopPointRef ref="VTR:ScheduledStopPoint:2972273"/>
                  <DestinationDisplayRef ref="VTR:DestinationDisplay:1"/>
                </StopPointInJourneyPattern>
                <StopPointInJourneyPattern id="VTR:StopPointInJourneyPattern:216221813" version="6228379" order="14">
                  <ScheduledStopPointRef ref="VTR:ScheduledStopPoint:2972274"/>
                  <DestinationDisplayRef ref="VTR:DestinationDisplay:1"/>
                </StopPointInJourneyPattern>
                <StopPointInJourneyPattern id="VTR:StopPointInJourneyPattern:216221814" version="6228379" order="15">
                  <ScheduledStopPointRef ref="VTR:ScheduledStopPoint:2972275"/>
                  <DestinationDisplayRef ref="VTR:DestinationDisplay:1"/>
                </StopPointInJourneyPattern>
                <StopPointInJourneyPattern id="VTR:StopPointInJourneyPattern:216221815" version="6228379" order="16">
                  <ScheduledStopPointRef ref="VTR:ScheduledStopPoint:2972276"/>
                  <DestinationDisplayRef ref="VTR:DestinationDisplay:1"/>
                </StopPointInJourneyPattern>
                <StopPointInJourneyPattern id="VTR:StopPointInJourneyPattern:216221816" version="6228379" order="17">
                  <ScheduledStopPointRef ref="VTR:ScheduledStopPoint:2972277"/>
                  <DestinationDisplayRef ref="VTR:DestinationDisplay:1"/>
                </StopPointInJourneyPattern>
                <StopPointInJourneyPattern id="VTR:StopPointInJourneyPattern:216221817" version="6228379" order="18">
                  <ScheduledStopPointRef ref="VTR:ScheduledStopPoint:2972278"/>
                  <DestinationDisplayRef ref="VTR:DestinationDisplay:1"/>
                </StopPointInJourneyPattern>
                <StopPointInJourneyPattern id="VTR:StopPointInJourneyPattern:216221818" version="6228379" order="19">
                  <ScheduledStopPointRef ref="VTR:ScheduledStopPoint:2972279"/>
                  <DestinationDisplayRef ref="VTR:DestinationDisplay:1"/>
                </StopPointInJourneyPattern>
                <StopPointInJourneyPattern id="VTR:StopPointInJourneyPattern:216221819" version="6228379" order="20">
                  <ScheduledStopPointRef ref="VTR:ScheduledStopPoint:2972280"/>
                  <DestinationDisplayRef ref="VTR:DestinationDisplay:1"/>
                </StopPointInJourneyPattern>
                <StopPointInJourneyPattern id="VTR:StopPointInJourneyPattern:216221820" version="6228379" order="21">
                  <ScheduledStopPointRef ref="VTR:ScheduledStopPoint:2972281"/>
                  <DestinationDisplayRef ref="VTR:DestinationDisplay:1"/>
                </StopPointInJourneyPattern>
                <StopPointInJourneyPattern id="VTR:StopPointInJourneyPattern:216221821" version="6228379" order="22">
                  <ScheduledStopPointRef ref="VTR:ScheduledStopPoint:2972282"/>
                  <DestinationDisplayRef ref="VTR:DestinationDisplay:1"/>
                </StopPointInJourneyPattern>
              </pointsInSequence>
            </JourneyPattern>
          </journeyPatterns>
        </ServiceFrame>
        <TimetableFrame version="1" id="VTR:TimetableFrame:1344">
          <vehicleJourneys>
            <ServiceJourney version="6228379" id="VTR:ServiceJourney:6224859">
              <Name>druskininkai_bus_4B_b-a3</Name>
              <dayTypes>
                <DayTypeRef ref="VTR:DayType:36464"/>
              </dayTypes>
              <JourneyPatternRef version="6228379" ref="VTR:JourneyPattern:6224859"/>
              <OperatorRef ref="VTR:Operator:81"/>
              <LineRef ref="VTR:Line:8505" version="11159"/>
              <passingTimes>
                <TimetabledPassingTime version="6228379" id="VTR:TimetabledPassingTime:6224859_216221800_1">
                  <StopPointInJourneyPatternRef ref="VTR:StopPointInJourneyPattern:216221800" version="6228379"/>
                  <DepartureTime>14:45:00</DepartureTime>
                  <DepartureDayOffset>0</DepartureDayOffset>
                </TimetabledPassingTime>
                <TimetabledPassingTime version="6228379" id="VTR:TimetabledPassingTime:6224859_216221801_2">
                  <StopPointInJourneyPatternRef ref="VTR:StopPointInJourneyPattern:216221801" version="6228379"/>
                  <DepartureTime>14:46:00</DepartureTime>
                  <DepartureDayOffset>0</DepartureDayOffset>
                </TimetabledPassingTime>
                <TimetabledPassingTime version="6228379" id="VTR:TimetabledPassingTime:6224859_216221802_3">
                  <StopPointInJourneyPatternRef ref="VTR:StopPointInJourneyPattern:216221802" version="6228379"/>
                  <DepartureTime>14:47:00</DepartureTime>
                  <DepartureDayOffset>0</DepartureDayOffset>
                </TimetabledPassingTime>
                <TimetabledPassingTime version="6228379" id="VTR:TimetabledPassingTime:6224859_216221803_4">
                  <StopPointInJourneyPatternRef ref="VTR:StopPointInJourneyPattern:216221803" version="6228379"/>
                  <DepartureTime>14:49:00</DepartureTime>
                  <DepartureDayOffset>0</DepartureDayOffset>
                </TimetabledPassingTime>
                <TimetabledPassingTime version="6228379" id="VTR:TimetabledPassingTime:6224859_216221804_5">
                  <StopPointInJourneyPatternRef ref="VTR:StopPointInJourneyPattern:216221804" version="6228379"/>
                  <DepartureTime>14:50:00</DepartureTime>
                  <DepartureDayOffset>0</DepartureDayOffset>
                </TimetabledPassingTime>
                <TimetabledPassingTime version="6228379" id="VTR:TimetabledPassingTime:6224859_216221805_6">
                  <StopPointInJourneyPatternRef ref="VTR:StopPointInJourneyPattern:216221805" version="6228379"/>
                  <DepartureTime>14:51:00</DepartureTime>
                  <DepartureDayOffset>0</DepartureDayOffset>
                </TimetabledPassingTime>
                <TimetabledPassingTime version="6228379" id="VTR:TimetabledPassingTime:6224859_216221806_7">
                  <StopPointInJourneyPatternRef ref="VTR:StopPointInJourneyPattern:216221806" version="6228379"/>
                  <DepartureTime>14:52:00</DepartureTime>
                  <DepartureDayOffset>0</DepartureDayOffset>
                </TimetabledPassingTime>
                <TimetabledPassingTime version="6228379" id="VTR:TimetabledPassingTime:6224859_216221807_8">
                  <StopPointInJourneyPatternRef ref="VTR:StopPointInJourneyPattern:216221807" version="6228379"/>
                  <DepartureTime>14:54:00</DepartureTime>
                  <DepartureDayOffset>0</DepartureDayOffset>
                </TimetabledPassingTime>
                <TimetabledPassingTime version="6228379" id="VTR:TimetabledPassingTime:6224859_216221808_9">
                  <StopPointInJourneyPatternRef ref="VTR:StopPointInJourneyPattern:216221808" version="6228379"/>
                  <DepartureTime>14:56:00</DepartureTime>
                  <DepartureDayOffset>0</DepartureDayOffset>
                </TimetabledPassingTime>
                <TimetabledPassingTime version="6228379" id="VTR:TimetabledPassingTime:6224859_216221809_10">
                  <StopPointInJourneyPatternRef ref="VTR:StopPointInJourneyPattern:216221809" version="6228379"/>
                  <DepartureTime>14:58:00</DepartureTime>
                  <DepartureDayOffset>0</DepartureDayOffset>
                </TimetabledPassingTime>
                <TimetabledPassingTime version="6228379" id="VTR:TimetabledPassingTime:6224859_216221810_11">
                  <StopPointInJourneyPatternRef ref="VTR:StopPointInJourneyPattern:216221810" version="6228379"/>
                  <DepartureTime>15:00:00</DepartureTime>
                  <DepartureDayOffset>0</DepartureDayOffset>
                </TimetabledPassingTime>
                <TimetabledPassingTime version="6228379" id="VTR:TimetabledPassingTime:6224859_216221811_12">
                  <StopPointInJourneyPatternRef ref="VTR:StopPointInJourneyPattern:216221811" version="6228379"/>
                  <DepartureTime>15:02:00</DepartureTime>
                  <DepartureDayOffset>0</DepartureDayOffset>
                </TimetabledPassingTime>
                <TimetabledPassingTime version="6228379" id="VTR:TimetabledPassingTime:6224859_216221812_13">
                  <StopPointInJourneyPatternRef ref="VTR:StopPointInJourneyPattern:216221812" version="6228379"/>
                  <DepartureTime>15:04:00</DepartureTime>
                  <DepartureDayOffset>0</DepartureDayOffset>
                </TimetabledPassingTime>
                <TimetabledPassingTime version="6228379" id="VTR:TimetabledPassingTime:6224859_216221813_14">
                  <StopPointInJourneyPatternRef ref="VTR:StopPointInJourneyPattern:216221813" version="6228379"/>
                  <DepartureTime>15:06:00</DepartureTime>
                  <DepartureDayOffset>0</DepartureDayOffset>
                </TimetabledPassingTime>
                <TimetabledPassingTime version="6228379" id="VTR:TimetabledPassingTime:6224859_216221814_15">
                  <StopPointInJourneyPatternRef ref="VTR:StopPointInJourneyPattern:216221814" version="6228379"/>
                  <DepartureTime>15:07:00</DepartureTime>
                  <DepartureDayOffset>0</DepartureDayOffset>
                </TimetabledPassingTime>
                <TimetabledPassingTime version="6228379" id="VTR:TimetabledPassingTime:6224859_216221815_16">
                  <StopPointInJourneyPatternRef ref="VTR:StopPointInJourneyPattern:216221815" version="6228379"/>
                  <DepartureTime>15:09:00</DepartureTime>
                  <DepartureDayOffset>0</DepartureDayOffset>
                </TimetabledPassingTime>
                <TimetabledPassingTime version="6228379" id="VTR:TimetabledPassingTime:6224859_216221816_17">
                  <StopPointInJourneyPatternRef ref="VTR:StopPointInJourneyPattern:216221816" version="6228379"/>
                  <DepartureTime>15:11:00</DepartureTime>
                  <DepartureDayOffset>0</DepartureDayOffset>
                </TimetabledPassingTime>
                <TimetabledPassingTime version="6228379" id="VTR:TimetabledPassingTime:6224859_216221817_18">
                  <StopPointInJourneyPatternRef ref="VTR:StopPointInJourneyPattern:216221817" version="6228379"/>
                  <DepartureTime>15:14:00</DepartureTime>
                  <DepartureDayOffset>0</DepartureDayOffset>
                </TimetabledPassingTime>
                <TimetabledPassingTime version="6228379" id="VTR:TimetabledPassingTime:6224859_216221818_19">
                  <StopPointInJourneyPatternRef ref="VTR:StopPointInJourneyPattern:216221818" version="6228379"/>
                  <DepartureTime>15:17:00</DepartureTime>
                  <DepartureDayOffset>0</DepartureDayOffset>
                </TimetabledPassingTime>
                <TimetabledPassingTime version="6228379" id="VTR:TimetabledPassingTime:6224859_216221819_20">
                  <StopPointInJourneyPatternRef ref="VTR:StopPointInJourneyPattern:216221819" version="6228379"/>
                  <DepartureTime>15:19:00</DepartureTime>
                  <DepartureDayOffset>0</DepartureDayOffset>
                </TimetabledPassingTime>
                <TimetabledPassingTime version="6228379" id="VTR:TimetabledPassingTime:6224859_216221820_21">
                  <StopPointInJourneyPatternRef ref="VTR:StopPointInJourneyPattern:216221820" version="6228379"/>
                  <DepartureTime>15:20:00</DepartureTime>
                  <DepartureDayOffset>0</DepartureDayOffset>
                </TimetabledPassingTime>
                <TimetabledPassingTime version="6228379" id="VTR:TimetabledPassingTime:6224859_216221821_22">
                  <StopPointInJourneyPatternRef ref="VTR:StopPointInJourneyPattern:216221821" version="6228379"/>
                  <DepartureTime>15:22:00</DepartureTime>
                  <DepartureDayOffset>0</DepartureDayOffset>
                </TimetabledPassingTime>
              </passingTimes>
            </ServiceJourney>
            <ServiceJourney version="6228380" id="VTR:ServiceJourney:6224860">
              <Name>druskininkai_bus_4B_a3-b</Name>
              <dayTypes>
                <DayTypeRef ref="VTR:DayType:36464"/>
              </dayTypes>
              <JourneyPatternRef version="6228380" ref="VTR:JourneyPattern:6224860"/>
              <OperatorRef ref="VTR:Operator:81"/>
              <LineRef ref="VTR:Line:8505" version="11159"/>
              <passingTimes>
                <TimetabledPassingTime version="6228380" id="VTR:TimetabledPassingTime:6224860_216221785_1">
                  <StopPointInJourneyPatternRef ref="VTR:StopPointInJourneyPattern:216221785" version="6228380"/>
                  <DepartureTime>07:16:00</DepartureTime>
                  <DepartureDayOffset>0</DepartureDayOffset>
                </TimetabledPassingTime>
                <TimetabledPassingTime version="6228380" id="VTR:TimetabledPassingTime:6224860_216221786_2">
                  <StopPointInJourneyPatternRef ref="VTR:StopPointInJourneyPattern:216221786" version="6228380"/>
                  <DepartureTime>07:18:00</DepartureTime>
                  <DepartureDayOffset>0</DepartureDayOffset>
                </TimetabledPassingTime>
                <TimetabledPassingTime version="6228380" id="VTR:TimetabledPassingTime:6224860_216221787_3">
                  <StopPointInJourneyPatternRef ref="VTR:StopPointInJourneyPattern:216221787" version="6228380"/>
                  <DepartureTime>07:21:00</DepartureTime>
                  <DepartureDayOffset>0</DepartureDayOffset>
                </TimetabledPassingTime>
                <TimetabledPassingTime version="6228380" id="VTR:TimetabledPassingTime:6224860_216221788_4">
                  <StopPointInJourneyPatternRef ref="VTR:StopPointInJourneyPattern:216221788" version="6228380"/>
                  <DepartureTime>07:23:00</DepartureTime>
                  <DepartureDayOffset>0</DepartureDayOffset>
                </TimetabledPassingTime>
                <TimetabledPassingTime version="6228380" id="VTR:TimetabledPassingTime:6224860_216221789_5">
                  <StopPointInJourneyPatternRef ref="VTR:StopPointInJourneyPattern:216221789" version="6228380"/>
                  <DepartureTime>07:25:00</DepartureTime>
                  <DepartureDayOffset>0</DepartureDayOffset>
                </TimetabledPassingTime>
                <TimetabledPassingTime version="6228380" id="VTR:TimetabledPassingTime:6224860_216221790_6">
                  <StopPointInJourneyPatternRef ref="VTR:StopPointInJourneyPattern:216221790" version="6228380"/>
                  <DepartureTime>07:28:00</DepartureTime>
                  <DepartureDayOffset>0</DepartureDayOffset>
                </TimetabledPassingTime>
                <TimetabledPassingTime version="6228380" id="VTR:TimetabledPassingTime:6224860_216221791_7">
                  <StopPointInJourneyPatternRef ref="VTR:StopPointInJourneyPattern:216221791" version="6228380"/>
                  <DepartureTime>07:30:00</DepartureTime>
                  <DepartureDayOffset>0</DepartureDayOffset>
                </TimetabledPassingTime>
                <TimetabledPassingTime version="6228380" id="VTR:TimetabledPassingTime:6224860_216221792_8">
                  <StopPointInJourneyPatternRef ref="VTR:StopPointInJourneyPattern:216221792" version="6228380"/>
                  <DepartureTime>07:32:00</DepartureTime>
                  <DepartureDayOffset>0</DepartureDayOffset>
                </TimetabledPassingTime>
                <TimetabledPassingTime version="6228380" id="VTR:TimetabledPassingTime:6224860_216221793_9">
                  <StopPointInJourneyPatternRef ref="VTR:StopPointInJourneyPattern:216221793" version="6228380"/>
                  <DepartureTime>07:34:00</DepartureTime>
                  <DepartureDayOffset>0</DepartureDayOffset>
                </TimetabledPassingTime>
                <TimetabledPassingTime version="6228380" id="VTR:TimetabledPassingTime:6224860_216221794_10">
                  <StopPointInJourneyPatternRef ref="VTR:StopPointInJourneyPattern:216221794" version="6228380"/>
                  <DepartureTime>07:36:00</DepartureTime>
                  <DepartureDayOffset>0</DepartureDayOffset>
                </TimetabledPassingTime>
                <TimetabledPassingTime version="6228380" id="VTR:TimetabledPassingTime:6224860_216221795_11">
                  <StopPointInJourneyPatternRef ref="VTR:StopPointInJourneyPattern:216221795" version="6228380"/>
                  <DepartureTime>07:38:00</DepartureTime>
                  <DepartureDayOffset>0</DepartureDayOffset>
                </TimetabledPassingTime>
                <TimetabledPassingTime version="6228380" id="VTR:TimetabledPassingTime:6224860_216221796_12">
                  <StopPointInJourneyPatternRef ref="VTR:StopPointInJourneyPattern:216221796" version="6228380"/>
                  <DepartureTime>07:39:00</DepartureTime>
                  <DepartureDayOffset>0</DepartureDayOffset>
                </TimetabledPassingTime>
                <TimetabledPassingTime version="6228380" id="VTR:TimetabledPassingTime:6224860_216221797_13">
                  <StopPointInJourneyPatternRef ref="VTR:StopPointInJourneyPattern:216221797" version="6228380"/>
                  <DepartureTime>07:41:00</DepartureTime>
                  <DepartureDayOffset>0</DepartureDayOffset>
                </TimetabledPassingTime>
                <TimetabledPassingTime version="6228380" id="VTR:TimetabledPassingTime:6224860_216221798_14">
                  <StopPointInJourneyPatternRef ref="VTR:StopPointInJourneyPattern:216221798" version="6228380"/>
                  <DepartureTime>07:43:00</DepartureTime>
                  <DepartureDayOffset>0</DepartureDayOffset>
                </TimetabledPassingTime>
                <TimetabledPassingTime version="6228380" id="VTR:TimetabledPassingTime:6224860_216221799_15">
                  <StopPointInJourneyPatternRef ref="VTR:StopPointInJourneyPattern:216221799" version="6228380"/>
                  <DepartureTime>07:45:00</DepartureTime>
                  <DepartureDayOffset>0</DepartureDayOffset>
                </TimetabledPassingTime>
              </passingTimes>
            </ServiceJourney>
          </vehicleJourneys>
        </TimetableFrame>
        <ResourceFrame version="1" id="VTR:ResourceFrame:1344">
          <organisations>
            <Authority version="1" id="VTR:Authority:60">
              <CompanyNumber>15</CompanyNumber>
              <Name>Druskininkų sav.</Name>
              <LegalName>Druskininkų sav.</LegalName>
              <ContactDetails>
                <Email>info@druskininkai.lt</Email>
                <Phone>831355355</Phone>
                <Url>www.druskininkai.lt</Url>
              </ContactDetails>
              <OrganisationType>authority</OrganisationType>
            </Authority>
          </organisations>
        </ResourceFrame>
        <FareFrame id="VTR:FareFrame:8505" version="1">
          <FrameDefaults>
            <DefaultCurrency>EUR</DefaultCurrency>
          </FrameDefaults>
          <usageParameters>
            <RoundTrip id="VTR:RoundTrip:single" version="1">
              <Name>Single</Name>
              <TripType>single</TripType>
            </RoundTrip>
            <FrequencyOfUse id="VTR:FrequencyOfUse:once" version="1">
              <Name>Once</Name>
              <MaximalFrequency>1</MaximalFrequency>
            </FrequencyOfUse>
          </usageParameters>
          <priceGroups>
            <PriceGroup id="VTR:PriceGroup:PG01" version="1">
              <Name>Flat Fare Products - Standard</Name>
              <members>
                <FareProductPrice id="VTR:FareProductPrice:standard" version="1">
                  <Name>Single fare</Name>
                  <Amount>0.6</Amount>
                  <Currency>EUR</Currency>
                </FareProductPrice>
              </members>
            </PriceGroup>
          </priceGroups>
        </FareFrame>
      </frames>
    </CompositeFrame>
  </dataObjects>
</PublicationDelivery>
