<?xml version="1.0" encoding="UTF-8"?><PublicationDelivery xmlns="http://www.netex.org.uk/netex" xmlns:gis="http://www.opengis.net/gml/3.2" xmlns:ns2="http://www.opengis.net/gml/3.2" xmlns:ns3="http://www.siri.org.uk/siri" xmlns:xsi="http://www.w3.org/2001/XMLSchema-instance" version="1" xsi:schemaLocation="">
  <PublicationTimestamp>2022-05-07T04:25:00.301</PublicationTimestamp>
  <ParticipantRef>VTR</ParticipantRef>
  <Description>1</Description>
  <dataObjects>
    <CompositeFrame created="2022-05-07T04:25:00.301" version="1" id="VTR:CompositeFrame:1393">
      <validityConditions>
        <AvailabilityCondition version="1" id="VTR:AvailabilityCondition:1393">
          <FromDate>2015-06-11T14:27:19</FromDate>
          <ToDate>2027-12-30T00:00:00</ToDate>
        </AvailabilityCondition>
      </validityConditions>
      <codespaces>
        <Codespace id="vtr">
          <Xmlns>VTR</Xmlns>
          <XmlnsUrl>http://www.visimarsrutai.lt/</XmlnsUrl>
        </Codespace>
      </codespaces>
      <FrameDefaults>
        <DefaultLocale>
          <TimeZone>Europe/Vilnius</TimeZone>
        </DefaultLocale>
        <DefaultLocationSystem>WGS84</DefaultLocationSystem>
      </FrameDefaults>
      <frames>
        <ServiceCalendarFrame version="1" id="VTR:ServiceCalendarFrame:1393">
          <dayTypes>
            <DayType id="VTR:DayType:809" version="1">
              <properties>
                <PropertyOfDay>
                  <DaysOfWeek>Monday Tuesday Wednesday Thursday Friday</DaysOfWeek>
                </PropertyOfDay>
              </properties>
            </DayType>
            <DayType id="VTR:DayType:976" version="1">
              <properties>
                <PropertyOfDay>
                  <DaysOfWeek>Weekend</DaysOfWeek>
                </PropertyOfDay>
              </properties>
            </DayType>
          </dayTypes>
          <operatingPeriods>
            <OperatingPeriod version="1" id="VTR:OperatingPeriod:809">
              <FromDate>2015-09-01T00:00:00</FromDate>
              <ToDate>2020-12-31T00:00:00</ToDate>
            </OperatingPeriod>
            <OperatingPeriod version="1" id="VTR:OperatingPeriod:976">
              <FromDate>2015-09-01T00:00:00</FromDate>
              <ToDate>2020-12-31T00:00:00</ToDate>
            </OperatingPeriod>
          </operatingPeriods>
          <dayTypeAssignments>
            <DayTypeAssignment id="VTR:DayTypeAssignment:809_0" version="1" order="948">
              <OperatingPeriodRef ref="VTR:OperatingPeriod:809" version="1"/>
              <DayTypeRef ref="VTR:DayType:809" version="1"/>
            </DayTypeAssignment>
            <DayTypeAssignment id="VTR:DayTypeAssignment:976_0" version="1" order="1095">
              <OperatingPeriodRef ref="VTR:OperatingPeriod:976" version="1"/>
              <DayTypeRef ref="VTR:DayType:976" version="1"/>
            </DayTypeAssignment>
          </dayTypeAssignments>
        </ServiceCalendarFrame>
        <ServiceFrame id="VTR:ServiceFrame:1393" version="1">
          <Network version="0" id="VTR:Network:27"/>
          <routePoints>
            <RoutePoint version="1" id="VTR:RoutePoint:51875">
              <projections>
                <PointProjection version="1" id="VTR:PointProjection:16618">
                  <ProjectedPointRef ref="VTR:ScheduledStopPoint:51875" version="1"/>
                </PointProjection>
              </projections>
            </RoutePoint>
            <RoutePoint version="1" id="VTR:RoutePoint:51876">
              <projections>
                <PointProjection version="1" id="VTR:PointProjection:16619">
                  <ProjectedPointRef ref="VTR:ScheduledStopPoint:51876" version="1"/>
                </PointProjection>
              </projections>
            </RoutePoint>
            <RoutePoint version="1" id="VTR:RoutePoint:51877">
              <projections>
                <PointProjection version="1" id="VTR:PointProjection:16620">
                  <ProjectedPointRef ref="VTR:ScheduledStopPoint:51877" version="1"/>
                </PointProjection>
              </projections>
            </RoutePoint>
            <RoutePoint version="1" id="VTR:RoutePoint:51878">
              <projections>
                <PointProjection version="1" id="VTR:PointProjection:16622">
                  <ProjectedPointRef ref="VTR:ScheduledStopPoint:51878" version="1"/>
                </PointProjection>
              </projections>
            </RoutePoint>
            <RoutePoint version="1" id="VTR:RoutePoint:51879">
              <projections>
                <PointProjection version="1" id="VTR:PointProjection:16623">
                  <ProjectedPointRef ref="VTR:ScheduledStopPoint:51879" version="1"/>
                </PointProjection>
              </projections>
            </RoutePoint>
            <RoutePoint version="1" id="VTR:RoutePoint:51880">
              <projections>
                <PointProjection version="1" id="VTR:PointProjection:16624">
                  <ProjectedPointRef ref="VTR:ScheduledStopPoint:51880" version="1"/>
                </PointProjection>
              </projections>
            </RoutePoint>
            <RoutePoint version="1" id="VTR:RoutePoint:51881">
              <projections>
                <PointProjection version="1" id="VTR:PointProjection:16625">
                  <ProjectedPointRef ref="VTR:ScheduledStopPoint:51881" version="1"/>
                </PointProjection>
              </projections>
            </RoutePoint>
            <RoutePoint version="1" id="VTR:RoutePoint:51882">
              <projections>
                <PointProjection version="1" id="VTR:PointProjection:16626">
                  <ProjectedPointRef ref="VTR:ScheduledStopPoint:51882" version="1"/>
                </PointProjection>
              </projections>
            </RoutePoint>
            <RoutePoint version="1" id="VTR:RoutePoint:51883">
              <projections>
                <PointProjection version="1" id="VTR:PointProjection:16627">
                  <ProjectedPointRef ref="VTR:ScheduledStopPoint:51883" version="1"/>
                </PointProjection>
              </projections>
            </RoutePoint>
            <RoutePoint version="1" id="VTR:RoutePoint:65408">
              <projections>
                <PointProjection version="1" id="VTR:PointProjection:20982">
                  <ProjectedPointRef ref="VTR:ScheduledStopPoint:65408" version="1"/>
                </PointProjection>
              </projections>
            </RoutePoint>
            <RoutePoint version="1" id="VTR:RoutePoint:65414">
              <projections>
                <PointProjection version="1" id="VTR:PointProjection:20988">
                  <ProjectedPointRef ref="VTR:ScheduledStopPoint:65414" version="1"/>
                </PointProjection>
              </projections>
            </RoutePoint>
            <RoutePoint version="1" id="VTR:RoutePoint:65418">
              <projections>
                <PointProjection version="1" id="VTR:PointProjection:20452">
                  <ProjectedPointRef ref="VTR:ScheduledStopPoint:65418" version="1"/>
                </PointProjection>
              </projections>
            </RoutePoint>
            <RoutePoint version="1" id="VTR:RoutePoint:65419">
              <projections>
                <PointProjection version="1" id="VTR:PointProjection:20453">
                  <ProjectedPointRef ref="VTR:ScheduledStopPoint:65419" version="1"/>
                </PointProjection>
              </projections>
            </RoutePoint>
            <RoutePoint version="1" id="VTR:RoutePoint:65420">
              <projections>
                <PointProjection version="1" id="VTR:PointProjection:20454">
                  <ProjectedPointRef ref="VTR:ScheduledStopPoint:65420" version="1"/>
                </PointProjection>
              </projections>
            </RoutePoint>
            <RoutePoint version="1" id="VTR:RoutePoint:65421">
              <projections>
                <PointProjection version="1" id="VTR:PointProjection:20455">
                  <ProjectedPointRef ref="VTR:ScheduledStopPoint:65421" version="1"/>
                </PointProjection>
              </projections>
            </RoutePoint>
            <RoutePoint version="1" id="VTR:RoutePoint:65422">
              <projections>
                <PointProjection version="1" id="VTR:PointProjection:20456">
                  <ProjectedPointRef ref="VTR:ScheduledStopPoint:65422" version="1"/>
                </PointProjection>
              </projections>
            </RoutePoint>
            <RoutePoint version="1" id="VTR:RoutePoint:65423">
              <projections>
                <PointProjection version="1" id="VTR:PointProjection:20457">
                  <ProjectedPointRef ref="VTR:ScheduledStopPoint:65423" version="1"/>
                </PointProjection>
              </projections>
            </RoutePoint>
            <RoutePoint version="1" id="VTR:RoutePoint:65424">
              <projections>
                <PointProjection version="1" id="VTR:PointProjection:20458">
                  <ProjectedPointRef ref="VTR:ScheduledStopPoint:65424" version="1"/>
                </PointProjection>
              </projections>
            </RoutePoint>
            <RoutePoint version="1" id="VTR:RoutePoint:65425">
              <projections>
                <PointProjection version="1" id="VTR:PointProjection:20459">
                  <ProjectedPointRef ref="VTR:ScheduledStopPoint:65425" version="1"/>
                </PointProjection>
              </projections>
            </RoutePoint>
            <RoutePoint version="1" id="VTR:RoutePoint:65426">
              <projections>
                <PointProjection version="1" id="VTR:PointProjection:20460">
                  <ProjectedPointRef ref="VTR:ScheduledStopPoint:65426" version="1"/>
                </PointProjection>
              </projections>
            </RoutePoint>
          </routePoints>
          <routes>
            <Route version="1" id="VTR:Route:1804">
              <Name>Prienai-Išlaužas</Name>
              <ShortName>Prienai-Išlaužas</ShortName>
              <LineRef ref="VTR:Line:462" version="447"/>
              <DirectionType>outbound</DirectionType>
              <pointsInSequence>
                <PointOnRoute version="1" id="VTR:PointOnRoute:51875" order="1">
                  <RoutePointRef ref="VTR:RoutePoint:51875"/>
                </PointOnRoute>
                <PointOnRoute version="1" id="VTR:PointOnRoute:51876" order="2">
                  <RoutePointRef ref="VTR:RoutePoint:51876"/>
                </PointOnRoute>
                <PointOnRoute version="1" id="VTR:PointOnRoute:51877" order="3">
                  <RoutePointRef ref="VTR:RoutePoint:51877"/>
                </PointOnRoute>
                <PointOnRoute version="1" id="VTR:PointOnRoute:51878" order="4">
                  <RoutePointRef ref="VTR:RoutePoint:51878"/>
                </PointOnRoute>
                <PointOnRoute version="1" id="VTR:PointOnRoute:51879" order="5">
                  <RoutePointRef ref="VTR:RoutePoint:51879"/>
                </PointOnRoute>
                <PointOnRoute version="1" id="VTR:PointOnRoute:51880" order="6">
                  <RoutePointRef ref="VTR:RoutePoint:51880"/>
                </PointOnRoute>
                <PointOnRoute version="1" id="VTR:PointOnRoute:51881" order="7">
                  <RoutePointRef ref="VTR:RoutePoint:51881"/>
                </PointOnRoute>
                <PointOnRoute version="1" id="VTR:PointOnRoute:51882" order="8">
                  <RoutePointRef ref="VTR:RoutePoint:51882"/>
                </PointOnRoute>
                <PointOnRoute version="1" id="VTR:PointOnRoute:51883" order="9">
                  <RoutePointRef ref="VTR:RoutePoint:51883"/>
                </PointOnRoute>
              </pointsInSequence>
            </Route>
            <Route version="1" id="VTR:Route:2972">
              <Name>Išlaužas-Prienai</Name>
              <ShortName>Išlaužas-Prienai</ShortName>
              <LineRef ref="VTR:Line:462" version="447"/>
              <DirectionType>inbound</DirectionType>
              <pointsInSequence>
                <PointOnRoute version="1" id="VTR:PointOnRoute:65418" order="1">
                  <RoutePointRef ref="VTR:RoutePoint:65418"/>
                </PointOnRoute>
                <PointOnRoute version="1" id="VTR:PointOnRoute:65419" order="2">
                  <RoutePointRef ref="VTR:RoutePoint:65419"/>
                </PointOnRoute>
                <PointOnRoute version="1" id="VTR:PointOnRoute:65414" order="3">
                  <RoutePointRef ref="VTR:RoutePoint:65414"/>
                </PointOnRoute>
                <PointOnRoute version="1" id="VTR:PointOnRoute:65420" order="4">
                  <RoutePointRef ref="VTR:RoutePoint:65420"/>
                </PointOnRoute>
                <PointOnRoute version="1" id="VTR:PointOnRoute:65421" order="5">
                  <RoutePointRef ref="VTR:RoutePoint:65421"/>
                </PointOnRoute>
                <PointOnRoute version="1" id="VTR:PointOnRoute:65422" order="6">
                  <RoutePointRef ref="VTR:RoutePoint:65422"/>
                </PointOnRoute>
                <PointOnRoute version="1" id="VTR:PointOnRoute:65423" order="7">
                  <RoutePointRef ref="VTR:RoutePoint:65423"/>
                </PointOnRoute>
                <PointOnRoute version="1" id="VTR:PointOnRoute:65424" order="8">
                  <RoutePointRef ref="VTR:RoutePoint:65424"/>
                </PointOnRoute>
                <PointOnRoute version="1" id="VTR:PointOnRoute:65425" order="9">
                  <RoutePointRef ref="VTR:RoutePoint:65425"/>
                </PointOnRoute>
                <PointOnRoute version="1" id="VTR:PointOnRoute:65426" order="10">
                  <RoutePointRef ref="VTR:RoutePoint:65426"/>
                </PointOnRoute>
                <PointOnRoute version="1" id="VTR:PointOnRoute:65408" order="11">
                  <RoutePointRef ref="VTR:RoutePoint:65408"/>
                </PointOnRoute>
              </pointsInSequence>
            </Route>
          </routes>
          <lines>
            <Line version="447" id="VTR:Line:462">
              <Name>Prienai-Išlaužas</Name>
              <TransportMode>bus</TransportMode>
              <TransportSubmode>
                <BusSubmode>regionalBus</BusSubmode>
              </TransportSubmode>
              <PublicCode>11</PublicCode>
              <OperatorRef ref="VTR:Operator:27"/>
            </Line>
          </lines>
          <scheduledStopPoints>
            <ScheduledStopPoint version="1" id="VTR:ScheduledStopPoint:51875">
              <Name>Išlaužas</Name>
            </ScheduledStopPoint>
            <ScheduledStopPoint version="1" id="VTR:ScheduledStopPoint:51876">
              <Name>Lapupis</Name>
            </ScheduledStopPoint>
            <ScheduledStopPoint version="1" id="VTR:ScheduledStopPoint:51877">
              <Name>Gražučiai</Name>
            </ScheduledStopPoint>
            <ScheduledStopPoint version="1" id="VTR:ScheduledStopPoint:51878">
              <Name>Dambrava</Name>
            </ScheduledStopPoint>
            <ScheduledStopPoint version="1" id="VTR:ScheduledStopPoint:51879">
              <Name>Čiudiškiai</Name>
            </ScheduledStopPoint>
            <ScheduledStopPoint version="1" id="VTR:ScheduledStopPoint:51880">
              <Name>Mačiūnai</Name>
            </ScheduledStopPoint>
            <ScheduledStopPoint version="1" id="VTR:ScheduledStopPoint:51881">
              <Name>Dujos</Name>
            </ScheduledStopPoint>
            <ScheduledStopPoint version="1" id="VTR:ScheduledStopPoint:51882">
              <Name>Sodra</Name>
            </ScheduledStopPoint>
            <ScheduledStopPoint version="1" id="VTR:ScheduledStopPoint:51883">
              <Name>Prienų autobusų stotis</Name>
            </ScheduledStopPoint>
            <ScheduledStopPoint version="1" id="VTR:ScheduledStopPoint:65408">
              <Name>Prienų autobusų stotis</Name>
            </ScheduledStopPoint>
            <ScheduledStopPoint version="1" id="VTR:ScheduledStopPoint:65414">
              <Name>Rutkiškės</Name>
            </ScheduledStopPoint>
            <ScheduledStopPoint version="1" id="VTR:ScheduledStopPoint:65418">
              <Name>Išlaužas</Name>
            </ScheduledStopPoint>
            <ScheduledStopPoint version="1" id="VTR:ScheduledStopPoint:65419">
              <Name>Lapupis</Name>
            </ScheduledStopPoint>
            <ScheduledStopPoint version="1" id="VTR:ScheduledStopPoint:65420">
              <Name>Gražučiai</Name>
            </ScheduledStopPoint>
            <ScheduledStopPoint version="1" id="VTR:ScheduledStopPoint:65421">
              <Name>Dambrava</Name>
            </ScheduledStopPoint>
            <ScheduledStopPoint version="1" id="VTR:ScheduledStopPoint:65422">
              <Name>Čiudiškiai</Name>
            </ScheduledStopPoint>
            <ScheduledStopPoint version="1" id="VTR:ScheduledStopPoint:65423">
              <Name>Mačiūnai</Name>
            </ScheduledStopPoint>
            <ScheduledStopPoint version="1" id="VTR:ScheduledStopPoint:65424">
              <Name>Dujos</Name>
            </ScheduledStopPoint>
            <ScheduledStopPoint version="1" id="VTR:ScheduledStopPoint:65425">
              <Name>Sodra</Name>
            </ScheduledStopPoint>
            <ScheduledStopPoint version="1" id="VTR:ScheduledStopPoint:65426">
              <Name>Senukai</Name>
            </ScheduledStopPoint>
          </scheduledStopPoints>
          <serviceLinks>
            <ServiceLink id="VTR:ServiceLink:51875_1_51876_1" version="1">
              <Distance>1</Distance>
              <FromPointRef ref="VTR:ScheduledStopPoint:51875" version="1"/>
              <ToPointRef ref="VTR:ScheduledStopPoint:51876" version="1"/>
            </ServiceLink>
            <ServiceLink id="VTR:ServiceLink:51878_1_51879_1" version="1">
              <Distance>2</Distance>
              <FromPointRef ref="VTR:ScheduledStopPoint:51878" version="1"/>
              <ToPointRef ref="VTR:ScheduledStopPoint:51879" version="1"/>
            </ServiceLink>
            <ServiceLink id="VTR:ServiceLink:65424_1_65425_1" version="1">
              <Distance>0</Distance>
              <FromPointRef ref="VTR:ScheduledStopPoint:65424" version="1"/>
              <ToPointRef ref="VTR:ScheduledStopPoint:65425" version="1"/>
            </ServiceLink>
            <ServiceLink id="VTR:ServiceLink:51876_1_51877_1" version="1">
              <Distance>2</Distance>
              <FromPointRef ref="VTR:ScheduledStopPoint:51876" version="1"/>
              <ToPointRef ref="VTR:ScheduledStopPoint:51877" version="1"/>
            </ServiceLink>
            <ServiceLink id="VTR:ServiceLink:51880_1_51881_1" version="1">
              <Distance>3</Distance>
              <FromPointRef ref="VTR:ScheduledStopPoint:51880" version="1"/>
              <ToPointRef ref="VTR:ScheduledStopPoint:51881" version="1"/>
            </ServiceLink>
            <ServiceLink id="VTR:ServiceLink:65418_1_65419_1" version="1">
              <Distance>1</Distance>
              <FromPointRef ref="VTR:ScheduledStopPoint:65418" version="1"/>
              <ToPointRef ref="VTR:ScheduledStopPoint:65419" version="1"/>
            </ServiceLink>
            <ServiceLink id="VTR:ServiceLink:65419_1_65414_1" version="1">
              <Distance>3</Distance>
              <FromPointRef ref="VTR:ScheduledStopPoint:65419" version="1"/>
              <ToPointRef ref="VTR:ScheduledStopPoint:65414" version="1"/>
            </ServiceLink>
            <ServiceLink id="VTR:ServiceLink:51879_1_51880_1" version="1">
              <Distance>3</Distance>
              <FromPointRef ref="VTR:ScheduledStopPoint:51879" version="1"/>
              <ToPointRef ref="VTR:ScheduledStopPoint:51880" version="1"/>
            </ServiceLink>
            <ServiceLink id="VTR:ServiceLink:51882_1_51883_1" version="1">
              <Distance>1</Distance>
              <FromPointRef ref="VTR:ScheduledStopPoint:51882" version="1"/>
              <ToPointRef ref="VTR:ScheduledStopPoint:51883" version="1"/>
            </ServiceLink>
            <ServiceLink id="VTR:ServiceLink:51881_1_51882_1" version="1">
              <Distance>0</Distance>
              <FromPointRef ref="VTR:ScheduledStopPoint:51881" version="1"/>
              <ToPointRef ref="VTR:ScheduledStopPoint:51882" version="1"/>
            </ServiceLink>
            <ServiceLink id="VTR:ServiceLink:65425_1_65426_1" version="1">
              <Distance>0</Distance>
              <FromPointRef ref="VTR:ScheduledStopPoint:65425" version="1"/>
              <ToPointRef ref="VTR:ScheduledStopPoint:65426" version="1"/>
            </ServiceLink>
            <ServiceLink id="VTR:ServiceLink:65414_1_65420_1" version="1">
              <Distance>1</Distance>
              <FromPointRef ref="VTR:ScheduledStopPoint:65414" version="1"/>
              <ToPointRef ref="VTR:ScheduledStopPoint:65420" version="1"/>
            </ServiceLink>
            <ServiceLink id="VTR:ServiceLink:65422_1_65423_1" version="1">
              <Distance>3</Distance>
              <FromPointRef ref="VTR:ScheduledStopPoint:65422" version="1"/>
              <ToPointRef ref="VTR:ScheduledStopPoint:65423" version="1"/>
            </ServiceLink>
            <ServiceLink id="VTR:ServiceLink:65423_1_65424_1" version="1">
              <Distance>3</Distance>
              <FromPointRef ref="VTR:ScheduledStopPoint:65423" version="1"/>
              <ToPointRef ref="VTR:ScheduledStopPoint:65424" version="1"/>
            </ServiceLink>
            <ServiceLink id="VTR:ServiceLink:65420_1_65421_1" version="1">
              <Distance>0</Distance>
              <FromPointRef ref="VTR:ScheduledStopPoint:65420" version="1"/>
              <ToPointRef ref="VTR:ScheduledStopPoint:65421" version="1"/>
            </ServiceLink>
            <ServiceLink id="VTR:ServiceLink:65421_1_65422_1" version="1">
              <Distance>2</Distance>
              <FromPointRef ref="VTR:ScheduledStopPoint:65421" version="1"/>
              <ToPointRef ref="VTR:ScheduledStopPoint:65422" version="1"/>
            </ServiceLink>
            <ServiceLink id="VTR:ServiceLink:65426_1_65408_1" version="1">
              <Distance>0</Distance>
              <FromPointRef ref="VTR:ScheduledStopPoint:65426" version="1"/>
              <ToPointRef ref="VTR:ScheduledStopPoint:65408" version="1"/>
            </ServiceLink>
            <ServiceLink id="VTR:ServiceLink:51877_1_51878_1" version="1">
              <Distance>0</Distance>
              <FromPointRef ref="VTR:ScheduledStopPoint:51877" version="1"/>
              <ToPointRef ref="VTR:ScheduledStopPoint:51878" version="1"/>
            </ServiceLink>
          </serviceLinks>
          <stopAssignments>
            <PassengerStopAssignment order="180400000" id="VTR:PassengerStopAssignment:51875" version="1">
              <ScheduledStopPointRef ref="VTR:ScheduledStopPoint:51875" version="1"/>
              <QuayRef ref="VTR:Quay:15963"/>
            </PassengerStopAssignment>
            <PassengerStopAssignment order="180400001" id="VTR:PassengerStopAssignment:51876" version="1">
              <ScheduledStopPointRef ref="VTR:ScheduledStopPoint:51876" version="1"/>
              <QuayRef ref="VTR:Quay:15991"/>
            </PassengerStopAssignment>
            <PassengerStopAssignment order="180400002" id="VTR:PassengerStopAssignment:51877" version="1">
              <ScheduledStopPointRef ref="VTR:ScheduledStopPoint:51877" version="1"/>
              <QuayRef ref="VTR:Quay:9122"/>
            </PassengerStopAssignment>
            <PassengerStopAssignment order="180400003" id="VTR:PassengerStopAssignment:51878" version="1">
              <ScheduledStopPointRef ref="VTR:ScheduledStopPoint:51878" version="1"/>
              <QuayRef ref="VTR:Quay:9121"/>
            </PassengerStopAssignment>
            <PassengerStopAssignment order="180400004" id="VTR:PassengerStopAssignment:51879" version="1">
              <ScheduledStopPointRef ref="VTR:ScheduledStopPoint:51879" version="1"/>
              <QuayRef ref="VTR:Quay:15986"/>
            </PassengerStopAssignment>
            <PassengerStopAssignment order="180400005" id="VTR:PassengerStopAssignment:51880" version="1">
              <ScheduledStopPointRef ref="VTR:ScheduledStopPoint:51880" version="1"/>
              <QuayRef ref="VTR:Quay:16022"/>
            </PassengerStopAssignment>
            <PassengerStopAssignment order="180400006" id="VTR:PassengerStopAssignment:51881" version="1">
              <ScheduledStopPointRef ref="VTR:ScheduledStopPoint:51881" version="1"/>
              <QuayRef ref="VTR:Quay:20568"/>
            </PassengerStopAssignment>
            <PassengerStopAssignment order="180400007" id="VTR:PassengerStopAssignment:51882" version="1">
              <ScheduledStopPointRef ref="VTR:ScheduledStopPoint:51882" version="1"/>
              <QuayRef ref="VTR:Quay:20564"/>
            </PassengerStopAssignment>
            <PassengerStopAssignment order="180400008" id="VTR:PassengerStopAssignment:51883" version="1">
              <ScheduledStopPointRef ref="VTR:ScheduledStopPoint:51883" version="1"/>
              <QuayRef ref="VTR:Quay:19465"/>
            </PassengerStopAssignment>
            <PassengerStopAssignment order="297200000" id="VTR:PassengerStopAssignment:65418" version="1">
              <ScheduledStopPointRef ref="VTR:ScheduledStopPoint:65418" version="1"/>
              <QuayRef ref="VTR:Quay:15963"/>
            </PassengerStopAssignment>
            <PassengerStopAssignment order="297200001" id="VTR:PassengerStopAssignment:65419" version="1">
              <ScheduledStopPointRef ref="VTR:ScheduledStopPoint:65419" version="1"/>
              <QuayRef ref="VTR:Quay:15991"/>
            </PassengerStopAssignment>
            <PassengerStopAssignment order="297200002" id="VTR:PassengerStopAssignment:65414" version="1">
              <ScheduledStopPointRef ref="VTR:ScheduledStopPoint:65414" version="1"/>
              <QuayRef ref="VTR:Quay:13570"/>
            </PassengerStopAssignment>
            <PassengerStopAssignment order="297200003" id="VTR:PassengerStopAssignment:65420" version="1">
              <ScheduledStopPointRef ref="VTR:ScheduledStopPoint:65420" version="1"/>
              <QuayRef ref="VTR:Quay:9122"/>
            </PassengerStopAssignment>
            <PassengerStopAssignment order="297200004" id="VTR:PassengerStopAssignment:65421" version="1">
              <ScheduledStopPointRef ref="VTR:ScheduledStopPoint:65421" version="1"/>
              <QuayRef ref="VTR:Quay:9121"/>
            </PassengerStopAssignment>
            <PassengerStopAssignment order="297200005" id="VTR:PassengerStopAssignment:65422" version="1">
              <ScheduledStopPointRef ref="VTR:ScheduledStopPoint:65422" version="1"/>
              <QuayRef ref="VTR:Quay:15986"/>
            </PassengerStopAssignment>
            <PassengerStopAssignment order="297200006" id="VTR:PassengerStopAssignment:65423" version="1">
              <ScheduledStopPointRef ref="VTR:ScheduledStopPoint:65423" version="1"/>
              <QuayRef ref="VTR:Quay:16022"/>
            </PassengerStopAssignment>
            <PassengerStopAssignment order="297200007" id="VTR:PassengerStopAssignment:65424" version="1">
              <ScheduledStopPointRef ref="VTR:ScheduledStopPoint:65424" version="1"/>
              <QuayRef ref="VTR:Quay:20568"/>
            </PassengerStopAssignment>
            <PassengerStopAssignment order="297200008" id="VTR:PassengerStopAssignment:65425" version="1">
              <ScheduledStopPointRef ref="VTR:ScheduledStopPoint:65425" version="1"/>
              <QuayRef ref="VTR:Quay:21125"/>
            </PassengerStopAssignment>
            <PassengerStopAssignment order="297200009" id="VTR:PassengerStopAssignment:65426" version="1">
              <ScheduledStopPointRef ref="VTR:ScheduledStopPoint:65426" version="1"/>
              <QuayRef ref="VTR:Quay:20955"/>
            </PassengerStopAssignment>
            <PassengerStopAssignment order="297200010" id="VTR:PassengerStopAssignment:65408" version="1">
              <ScheduledStopPointRef ref="VTR:ScheduledStopPoint:65408" version="1"/>
              <QuayRef ref="VTR:Quay:19465"/>
            </PassengerStopAssignment>
          </stopAssignments>
          <journeyPatterns>
            <JourneyPattern id="VTR:JourneyPattern:53135" version="53159">
              <Name>4a</Name>
              <RouteRef ref="VTR:Route:2972" version="1"/>
              <pointsInSequence>
                <StopPointInJourneyPattern id="VTR:StopPointInJourneyPattern:1089691" version="53159" order="1">
                  <ScheduledStopPointRef ref="VTR:ScheduledStopPoint:65418"/>
                  <DestinationDisplayRef ref="VTR:DestinationDisplay:1"/>
                </StopPointInJourneyPattern>
                <StopPointInJourneyPattern id="VTR:StopPointInJourneyPattern:1089692" version="53159" order="2">
                  <ScheduledStopPointRef ref="VTR:ScheduledStopPoint:65419"/>
                  <DestinationDisplayRef ref="VTR:DestinationDisplay:1"/>
                </StopPointInJourneyPattern>
                <StopPointInJourneyPattern id="VTR:StopPointInJourneyPattern:1089693" version="53159" order="3">
                  <ScheduledStopPointRef ref="VTR:ScheduledStopPoint:65414"/>
                  <DestinationDisplayRef ref="VTR:DestinationDisplay:1"/>
                </StopPointInJourneyPattern>
                <StopPointInJourneyPattern id="VTR:StopPointInJourneyPattern:1089694" version="53159" order="4">
                  <ScheduledStopPointRef ref="VTR:ScheduledStopPoint:65420"/>
                  <DestinationDisplayRef ref="VTR:DestinationDisplay:1"/>
                </StopPointInJourneyPattern>
                <StopPointInJourneyPattern id="VTR:StopPointInJourneyPattern:1089695" version="53159" order="5">
                  <ScheduledStopPointRef ref="VTR:ScheduledStopPoint:65421"/>
                  <DestinationDisplayRef ref="VTR:DestinationDisplay:1"/>
                </StopPointInJourneyPattern>
                <StopPointInJourneyPattern id="VTR:StopPointInJourneyPattern:1089696" version="53159" order="6">
                  <ScheduledStopPointRef ref="VTR:ScheduledStopPoint:65422"/>
                  <DestinationDisplayRef ref="VTR:DestinationDisplay:1"/>
                </StopPointInJourneyPattern>
                <StopPointInJourneyPattern id="VTR:StopPointInJourneyPattern:1089697" version="53159" order="7">
                  <ScheduledStopPointRef ref="VTR:ScheduledStopPoint:65423"/>
                  <DestinationDisplayRef ref="VTR:DestinationDisplay:1"/>
                </StopPointInJourneyPattern>
                <StopPointInJourneyPattern id="VTR:StopPointInJourneyPattern:1089698" version="53159" order="8">
                  <ScheduledStopPointRef ref="VTR:ScheduledStopPoint:65424"/>
                  <DestinationDisplayRef ref="VTR:DestinationDisplay:1"/>
                </StopPointInJourneyPattern>
                <StopPointInJourneyPattern id="VTR:StopPointInJourneyPattern:1089699" version="53159" order="9">
                  <ScheduledStopPointRef ref="VTR:ScheduledStopPoint:65425"/>
                  <DestinationDisplayRef ref="VTR:DestinationDisplay:1"/>
                </StopPointInJourneyPattern>
                <StopPointInJourneyPattern id="VTR:StopPointInJourneyPattern:1089700" version="53159" order="10">
                  <ScheduledStopPointRef ref="VTR:ScheduledStopPoint:65426"/>
                  <DestinationDisplayRef ref="VTR:DestinationDisplay:1"/>
                </StopPointInJourneyPattern>
                <StopPointInJourneyPattern id="VTR:StopPointInJourneyPattern:1089701" version="53159" order="11">
                  <ScheduledStopPointRef ref="VTR:ScheduledStopPoint:65408"/>
                  <DestinationDisplayRef ref="VTR:DestinationDisplay:1"/>
                </StopPointInJourneyPattern>
              </pointsInSequence>
            </JourneyPattern>
            <JourneyPattern id="VTR:JourneyPattern:53134" version="53158">
              <Name>3a</Name>
              <RouteRef ref="VTR:Route:2972" version="1"/>
              <pointsInSequence>
                <StopPointInJourneyPattern id="VTR:StopPointInJourneyPattern:1089680" version="53158" order="1">
                  <ScheduledStopPointRef ref="VTR:ScheduledStopPoint:65418"/>
                  <DestinationDisplayRef ref="VTR:DestinationDisplay:1"/>
                </StopPointInJourneyPattern>
                <StopPointInJourneyPattern id="VTR:StopPointInJourneyPattern:1089681" version="53158" order="2">
                  <ScheduledStopPointRef ref="VTR:ScheduledStopPoint:65419"/>
                  <DestinationDisplayRef ref="VTR:DestinationDisplay:1"/>
                </StopPointInJourneyPattern>
                <StopPointInJourneyPattern id="VTR:StopPointInJourneyPattern:1089682" version="53158" order="3">
                  <ScheduledStopPointRef ref="VTR:ScheduledStopPoint:65414"/>
                  <DestinationDisplayRef ref="VTR:DestinationDisplay:1"/>
                </StopPointInJourneyPattern>
                <StopPointInJourneyPattern id="VTR:StopPointInJourneyPattern:1089683" version="53158" order="4">
                  <ScheduledStopPointRef ref="VTR:ScheduledStopPoint:65420"/>
                  <DestinationDisplayRef ref="VTR:DestinationDisplay:1"/>
                </StopPointInJourneyPattern>
                <StopPointInJourneyPattern id="VTR:StopPointInJourneyPattern:1089684" version="53158" order="5">
                  <ScheduledStopPointRef ref="VTR:ScheduledStopPoint:65421"/>
                  <DestinationDisplayRef ref="VTR:DestinationDisplay:1"/>
                </StopPointInJourneyPattern>
                <StopPointInJourneyPattern id="VTR:StopPointInJourneyPattern:1089685" version="53158" order="6">
                  <ScheduledStopPointRef ref="VTR:ScheduledStopPoint:65422"/>
                  <DestinationDisplayRef ref="VTR:DestinationDisplay:1"/>
                </StopPointInJourneyPattern>
                <StopPointInJourneyPattern id="VTR:StopPointInJourneyPattern:1089686" version="53158" order="7">
                  <ScheduledStopPointRef ref="VTR:ScheduledStopPoint:65423"/>
                  <DestinationDisplayRef ref="VTR:DestinationDisplay:1"/>
                </StopPointInJourneyPattern>
                <StopPointInJourneyPattern id="VTR:StopPointInJourneyPattern:1089687" version="53158" order="8">
                  <ScheduledStopPointRef ref="VTR:ScheduledStopPoint:65424"/>
                  <DestinationDisplayRef ref="VTR:DestinationDisplay:1"/>
                </StopPointInJourneyPattern>
                <StopPointInJourneyPattern id="VTR:StopPointInJourneyPattern:1089688" version="53158" order="9">
                  <ScheduledStopPointRef ref="VTR:ScheduledStopPoint:65425"/>
                  <DestinationDisplayRef ref="VTR:DestinationDisplay:1"/>
                </StopPointInJourneyPattern>
                <StopPointInJourneyPattern id="VTR:StopPointInJourneyPattern:1089689" version="53158" order="10">
                  <ScheduledStopPointRef ref="VTR:ScheduledStopPoint:65426"/>
                  <DestinationDisplayRef ref="VTR:DestinationDisplay:1"/>
                </StopPointInJourneyPattern>
                <StopPointInJourneyPattern id="VTR:StopPointInJourneyPattern:1089690" version="53158" order="11">
                  <ScheduledStopPointRef ref="VTR:ScheduledStopPoint:65408"/>
                  <DestinationDisplayRef ref="VTR:DestinationDisplay:1"/>
                </StopPointInJourneyPattern>
              </pointsInSequence>
            </JourneyPattern>
            <JourneyPattern id="VTR:JourneyPattern:53132" version="53156">
              <Name>1a</Name>
              <RouteRef ref="VTR:Route:2972" version="1"/>
              <pointsInSequence>
                <StopPointInJourneyPattern id="VTR:StopPointInJourneyPattern:1089658" version="53156" order="1">
                  <ScheduledStopPointRef ref="VTR:ScheduledStopPoint:65418"/>
                  <DestinationDisplayRef ref="VTR:DestinationDisplay:1"/>
                </StopPointInJourneyPattern>
                <StopPointInJourneyPattern id="VTR:StopPointInJourneyPattern:1089659" version="53156" order="2">
                  <ScheduledStopPointRef ref="VTR:ScheduledStopPoint:65419"/>
                  <DestinationDisplayRef ref="VTR:DestinationDisplay:1"/>
                </StopPointInJourneyPattern>
                <StopPointInJourneyPattern id="VTR:StopPointInJourneyPattern:1089660" version="53156" order="3">
                  <ScheduledStopPointRef ref="VTR:ScheduledStopPoint:65414"/>
                  <DestinationDisplayRef ref="VTR:DestinationDisplay:1"/>
                </StopPointInJourneyPattern>
                <StopPointInJourneyPattern id="VTR:StopPointInJourneyPattern:1089661" version="53156" order="4">
                  <ScheduledStopPointRef ref="VTR:ScheduledStopPoint:65420"/>
                  <DestinationDisplayRef ref="VTR:DestinationDisplay:1"/>
                </StopPointInJourneyPattern>
                <StopPointInJourneyPattern id="VTR:StopPointInJourneyPattern:1089662" version="53156" order="5">
                  <ScheduledStopPointRef ref="VTR:ScheduledStopPoint:65421"/>
                  <DestinationDisplayRef ref="VTR:DestinationDisplay:1"/>
                </StopPointInJourneyPattern>
                <StopPointInJourneyPattern id="VTR:StopPointInJourneyPattern:1089663" version="53156" order="6">
                  <ScheduledStopPointRef ref="VTR:ScheduledStopPoint:65422"/>
                  <DestinationDisplayRef ref="VTR:DestinationDisplay:1"/>
                </StopPointInJourneyPattern>
                <StopPointInJourneyPattern id="VTR:StopPointInJourneyPattern:1089664" version="53156" order="7">
                  <ScheduledStopPointRef ref="VTR:ScheduledStopPoint:65423"/>
                  <DestinationDisplayRef ref="VTR:DestinationDisplay:1"/>
                </StopPointInJourneyPattern>
                <StopPointInJourneyPattern id="VTR:StopPointInJourneyPattern:1089665" version="53156" order="8">
                  <ScheduledStopPointRef ref="VTR:ScheduledStopPoint:65424"/>
                  <DestinationDisplayRef ref="VTR:DestinationDisplay:1"/>
                </StopPointInJourneyPattern>
                <StopPointInJourneyPattern id="VTR:StopPointInJourneyPattern:1089666" version="53156" order="9">
                  <ScheduledStopPointRef ref="VTR:ScheduledStopPoint:65425"/>
                  <DestinationDisplayRef ref="VTR:DestinationDisplay:1"/>
                </StopPointInJourneyPattern>
                <StopPointInJourneyPattern id="VTR:StopPointInJourneyPattern:1089667" version="53156" order="10">
                  <ScheduledStopPointRef ref="VTR:ScheduledStopPoint:65426"/>
                  <DestinationDisplayRef ref="VTR:DestinationDisplay:1"/>
                </StopPointInJourneyPattern>
                <StopPointInJourneyPattern id="VTR:StopPointInJourneyPattern:1089668" version="53156" order="11">
                  <ScheduledStopPointRef ref="VTR:ScheduledStopPoint:65408"/>
                  <DestinationDisplayRef ref="VTR:DestinationDisplay:1"/>
                </StopPointInJourneyPattern>
              </pointsInSequence>
            </JourneyPattern>
            <JourneyPattern id="VTR:JourneyPattern:53130" version="53154">
              <Name>2</Name>
              <RouteRef ref="VTR:Route:1804" version="1"/>
              <pointsInSequence>
                <StopPointInJourneyPattern id="VTR:StopPointInJourneyPattern:1089640" version="53154" order="1">
                  <ScheduledStopPointRef ref="VTR:ScheduledStopPoint:51875"/>
                  <DestinationDisplayRef ref="VTR:DestinationDisplay:1"/>
                </StopPointInJourneyPattern>
                <StopPointInJourneyPattern id="VTR:StopPointInJourneyPattern:1089641" version="53154" order="2">
                  <ScheduledStopPointRef ref="VTR:ScheduledStopPoint:51876"/>
                  <DestinationDisplayRef ref="VTR:DestinationDisplay:1"/>
                </StopPointInJourneyPattern>
                <StopPointInJourneyPattern id="VTR:StopPointInJourneyPattern:1089642" version="53154" order="3">
                  <ScheduledStopPointRef ref="VTR:ScheduledStopPoint:51877"/>
                  <DestinationDisplayRef ref="VTR:DestinationDisplay:1"/>
                </StopPointInJourneyPattern>
                <StopPointInJourneyPattern id="VTR:StopPointInJourneyPattern:1089643" version="53154" order="4">
                  <ScheduledStopPointRef ref="VTR:ScheduledStopPoint:51878"/>
                  <DestinationDisplayRef ref="VTR:DestinationDisplay:1"/>
                </StopPointInJourneyPattern>
                <StopPointInJourneyPattern id="VTR:StopPointInJourneyPattern:1089644" version="53154" order="5">
                  <ScheduledStopPointRef ref="VTR:ScheduledStopPoint:51879"/>
                  <DestinationDisplayRef ref="VTR:DestinationDisplay:1"/>
                </StopPointInJourneyPattern>
                <StopPointInJourneyPattern id="VTR:StopPointInJourneyPattern:1089645" version="53154" order="6">
                  <ScheduledStopPointRef ref="VTR:ScheduledStopPoint:51880"/>
                  <DestinationDisplayRef ref="VTR:DestinationDisplay:1"/>
                </StopPointInJourneyPattern>
                <StopPointInJourneyPattern id="VTR:StopPointInJourneyPattern:1089646" version="53154" order="7">
                  <ScheduledStopPointRef ref="VTR:ScheduledStopPoint:51881"/>
                  <DestinationDisplayRef ref="VTR:DestinationDisplay:1"/>
                </StopPointInJourneyPattern>
                <StopPointInJourneyPattern id="VTR:StopPointInJourneyPattern:1089647" version="53154" order="8">
                  <ScheduledStopPointRef ref="VTR:ScheduledStopPoint:51882"/>
                  <DestinationDisplayRef ref="VTR:DestinationDisplay:1"/>
                </StopPointInJourneyPattern>
                <StopPointInJourneyPattern id="VTR:StopPointInJourneyPattern:1089648" version="53154" order="9">
                  <ScheduledStopPointRef ref="VTR:ScheduledStopPoint:51883"/>
                  <DestinationDisplayRef ref="VTR:DestinationDisplay:1"/>
                </StopPointInJourneyPattern>
              </pointsInSequence>
            </JourneyPattern>
            <JourneyPattern id="VTR:JourneyPattern:53129" version="53153">
              <Name>1</Name>
              <RouteRef ref="VTR:Route:1804" version="1"/>
              <pointsInSequence>
                <StopPointInJourneyPattern id="VTR:StopPointInJourneyPattern:1089631" version="53153" order="1">
                  <ScheduledStopPointRef ref="VTR:ScheduledStopPoint:51875"/>
                  <DestinationDisplayRef ref="VTR:DestinationDisplay:1"/>
                </StopPointInJourneyPattern>
                <StopPointInJourneyPattern id="VTR:StopPointInJourneyPattern:1089632" version="53153" order="2">
                  <ScheduledStopPointRef ref="VTR:ScheduledStopPoint:51876"/>
                  <DestinationDisplayRef ref="VTR:DestinationDisplay:1"/>
                </StopPointInJourneyPattern>
                <StopPointInJourneyPattern id="VTR:StopPointInJourneyPattern:1089633" version="53153" order="3">
                  <ScheduledStopPointRef ref="VTR:ScheduledStopPoint:51877"/>
                  <DestinationDisplayRef ref="VTR:DestinationDisplay:1"/>
                </StopPointInJourneyPattern>
                <StopPointInJourneyPattern id="VTR:StopPointInJourneyPattern:1089634" version="53153" order="4">
                  <ScheduledStopPointRef ref="VTR:ScheduledStopPoint:51878"/>
                  <DestinationDisplayRef ref="VTR:DestinationDisplay:1"/>
                </StopPointInJourneyPattern>
                <StopPointInJourneyPattern id="VTR:StopPointInJourneyPattern:1089635" version="53153" order="5">
                  <ScheduledStopPointRef ref="VTR:ScheduledStopPoint:51879"/>
                  <DestinationDisplayRef ref="VTR:DestinationDisplay:1"/>
                </StopPointInJourneyPattern>
                <StopPointInJourneyPattern id="VTR:StopPointInJourneyPattern:1089636" version="53153" order="6">
                  <ScheduledStopPointRef ref="VTR:ScheduledStopPoint:51880"/>
                  <DestinationDisplayRef ref="VTR:DestinationDisplay:1"/>
                </StopPointInJourneyPattern>
                <StopPointInJourneyPattern id="VTR:StopPointInJourneyPattern:1089637" version="53153" order="7">
                  <ScheduledStopPointRef ref="VTR:ScheduledStopPoint:51881"/>
                  <DestinationDisplayRef ref="VTR:DestinationDisplay:1"/>
                </StopPointInJourneyPattern>
                <StopPointInJourneyPattern id="VTR:StopPointInJourneyPattern:1089638" version="53153" order="8">
                  <ScheduledStopPointRef ref="VTR:ScheduledStopPoint:51882"/>
                  <DestinationDisplayRef ref="VTR:DestinationDisplay:1"/>
                </StopPointInJourneyPattern>
                <StopPointInJourneyPattern id="VTR:StopPointInJourneyPattern:1089639" version="53153" order="9">
                  <ScheduledStopPointRef ref="VTR:ScheduledStopPoint:51883"/>
                  <DestinationDisplayRef ref="VTR:DestinationDisplay:1"/>
                </StopPointInJourneyPattern>
              </pointsInSequence>
            </JourneyPattern>
            <JourneyPattern id="VTR:JourneyPattern:53133" version="53157">
              <Name>2a</Name>
              <RouteRef ref="VTR:Route:2972" version="1"/>
              <pointsInSequence>
                <StopPointInJourneyPattern id="VTR:StopPointInJourneyPattern:1089669" version="53157" order="1">
                  <ScheduledStopPointRef ref="VTR:ScheduledStopPoint:65418"/>
                  <DestinationDisplayRef ref="VTR:DestinationDisplay:1"/>
                </StopPointInJourneyPattern>
                <StopPointInJourneyPattern id="VTR:StopPointInJourneyPattern:1089670" version="53157" order="2">
                  <ScheduledStopPointRef ref="VTR:ScheduledStopPoint:65419"/>
                  <DestinationDisplayRef ref="VTR:DestinationDisplay:1"/>
                </StopPointInJourneyPattern>
                <StopPointInJourneyPattern id="VTR:StopPointInJourneyPattern:1089671" version="53157" order="3">
                  <ScheduledStopPointRef ref="VTR:ScheduledStopPoint:65414"/>
                  <DestinationDisplayRef ref="VTR:DestinationDisplay:1"/>
                </StopPointInJourneyPattern>
                <StopPointInJourneyPattern id="VTR:StopPointInJourneyPattern:1089672" version="53157" order="4">
                  <ScheduledStopPointRef ref="VTR:ScheduledStopPoint:65420"/>
                  <DestinationDisplayRef ref="VTR:DestinationDisplay:1"/>
                </StopPointInJourneyPattern>
                <StopPointInJourneyPattern id="VTR:StopPointInJourneyPattern:1089673" version="53157" order="5">
                  <ScheduledStopPointRef ref="VTR:ScheduledStopPoint:65421"/>
                  <DestinationDisplayRef ref="VTR:DestinationDisplay:1"/>
                </StopPointInJourneyPattern>
                <StopPointInJourneyPattern id="VTR:StopPointInJourneyPattern:1089674" version="53157" order="6">
                  <ScheduledStopPointRef ref="VTR:ScheduledStopPoint:65422"/>
                  <DestinationDisplayRef ref="VTR:DestinationDisplay:1"/>
                </StopPointInJourneyPattern>
                <StopPointInJourneyPattern id="VTR:StopPointInJourneyPattern:1089675" version="53157" order="7">
                  <ScheduledStopPointRef ref="VTR:ScheduledStopPoint:65423"/>
                  <DestinationDisplayRef ref="VTR:DestinationDisplay:1"/>
                </StopPointInJourneyPattern>
                <StopPointInJourneyPattern id="VTR:StopPointInJourneyPattern:1089676" version="53157" order="8">
                  <ScheduledStopPointRef ref="VTR:ScheduledStopPoint:65424"/>
                  <DestinationDisplayRef ref="VTR:DestinationDisplay:1"/>
                </StopPointInJourneyPattern>
                <StopPointInJourneyPattern id="VTR:StopPointInJourneyPattern:1089677" version="53157" order="9">
                  <ScheduledStopPointRef ref="VTR:ScheduledStopPoint:65425"/>
                  <DestinationDisplayRef ref="VTR:DestinationDisplay:1"/>
                </StopPointInJourneyPattern>
                <StopPointInJourneyPattern id="VTR:StopPointInJourneyPattern:1089678" version="53157" order="10">
                  <ScheduledStopPointRef ref="VTR:ScheduledStopPoint:65426"/>
                  <DestinationDisplayRef ref="VTR:DestinationDisplay:1"/>
                </StopPointInJourneyPattern>
                <StopPointInJourneyPattern id="VTR:StopPointInJourneyPattern:1089679" version="53157" order="11">
                  <ScheduledStopPointRef ref="VTR:ScheduledStopPoint:65408"/>
                  <DestinationDisplayRef ref="VTR:DestinationDisplay:1"/>
                </StopPointInJourneyPattern>
              </pointsInSequence>
            </JourneyPattern>
            <JourneyPattern id="VTR:JourneyPattern:53136" version="53160">
              <Name>4</Name>
              <RouteRef ref="VTR:Route:1804" version="1"/>
              <pointsInSequence>
                <StopPointInJourneyPattern id="VTR:StopPointInJourneyPattern:1089702" version="53160" order="1">
                  <ScheduledStopPointRef ref="VTR:ScheduledStopPoint:51875"/>
                  <DestinationDisplayRef ref="VTR:DestinationDisplay:1"/>
                </StopPointInJourneyPattern>
                <StopPointInJourneyPattern id="VTR:StopPointInJourneyPattern:1089703" version="53160" order="2">
                  <ScheduledStopPointRef ref="VTR:ScheduledStopPoint:51876"/>
                  <DestinationDisplayRef ref="VTR:DestinationDisplay:1"/>
                </StopPointInJourneyPattern>
                <StopPointInJourneyPattern id="VTR:StopPointInJourneyPattern:1089704" version="53160" order="3">
                  <ScheduledStopPointRef ref="VTR:ScheduledStopPoint:51877"/>
                  <DestinationDisplayRef ref="VTR:DestinationDisplay:1"/>
                </StopPointInJourneyPattern>
                <StopPointInJourneyPattern id="VTR:StopPointInJourneyPattern:1089705" version="53160" order="4">
                  <ScheduledStopPointRef ref="VTR:ScheduledStopPoint:51878"/>
                  <DestinationDisplayRef ref="VTR:DestinationDisplay:1"/>
                </StopPointInJourneyPattern>
                <StopPointInJourneyPattern id="VTR:StopPointInJourneyPattern:1089706" version="53160" order="5">
                  <ScheduledStopPointRef ref="VTR:ScheduledStopPoint:51879"/>
                  <DestinationDisplayRef ref="VTR:DestinationDisplay:1"/>
                </StopPointInJourneyPattern>
                <StopPointInJourneyPattern id="VTR:StopPointInJourneyPattern:1089707" version="53160" order="6">
                  <ScheduledStopPointRef ref="VTR:ScheduledStopPoint:51880"/>
                  <DestinationDisplayRef ref="VTR:DestinationDisplay:1"/>
                </StopPointInJourneyPattern>
                <StopPointInJourneyPattern id="VTR:StopPointInJourneyPattern:1089708" version="53160" order="7">
                  <ScheduledStopPointRef ref="VTR:ScheduledStopPoint:51881"/>
                  <DestinationDisplayRef ref="VTR:DestinationDisplay:1"/>
                </StopPointInJourneyPattern>
                <StopPointInJourneyPattern id="VTR:StopPointInJourneyPattern:1089709" version="53160" order="8">
                  <ScheduledStopPointRef ref="VTR:ScheduledStopPoint:51882"/>
                  <DestinationDisplayRef ref="VTR:DestinationDisplay:1"/>
                </StopPointInJourneyPattern>
                <StopPointInJourneyPattern id="VTR:StopPointInJourneyPattern:1089710" version="53160" order="9">
                  <ScheduledStopPointRef ref="VTR:ScheduledStopPoint:51883"/>
                  <DestinationDisplayRef ref="VTR:DestinationDisplay:1"/>
                </StopPointInJourneyPattern>
              </pointsInSequence>
            </JourneyPattern>
            <JourneyPattern id="VTR:JourneyPattern:53131" version="53155">
              <Name>3</Name>
              <RouteRef ref="VTR:Route:1804" version="1"/>
              <pointsInSequence>
                <StopPointInJourneyPattern id="VTR:StopPointInJourneyPattern:1089649" version="53155" order="1">
                  <ScheduledStopPointRef ref="VTR:ScheduledStopPoint:51875"/>
                  <DestinationDisplayRef ref="VTR:DestinationDisplay:1"/>
                </StopPointInJourneyPattern>
                <StopPointInJourneyPattern id="VTR:StopPointInJourneyPattern:1089650" version="53155" order="2">
                  <ScheduledStopPointRef ref="VTR:ScheduledStopPoint:51876"/>
                  <DestinationDisplayRef ref="VTR:DestinationDisplay:1"/>
                </StopPointInJourneyPattern>
                <StopPointInJourneyPattern id="VTR:StopPointInJourneyPattern:1089651" version="53155" order="3">
                  <ScheduledStopPointRef ref="VTR:ScheduledStopPoint:51877"/>
                  <DestinationDisplayRef ref="VTR:DestinationDisplay:1"/>
                </StopPointInJourneyPattern>
                <StopPointInJourneyPattern id="VTR:StopPointInJourneyPattern:1089652" version="53155" order="4">
                  <ScheduledStopPointRef ref="VTR:ScheduledStopPoint:51878"/>
                  <DestinationDisplayRef ref="VTR:DestinationDisplay:1"/>
                </StopPointInJourneyPattern>
                <StopPointInJourneyPattern id="VTR:StopPointInJourneyPattern:1089653" version="53155" order="5">
                  <ScheduledStopPointRef ref="VTR:ScheduledStopPoint:51879"/>
                  <DestinationDisplayRef ref="VTR:DestinationDisplay:1"/>
                </StopPointInJourneyPattern>
                <StopPointInJourneyPattern id="VTR:StopPointInJourneyPattern:1089654" version="53155" order="6">
                  <ScheduledStopPointRef ref="VTR:ScheduledStopPoint:51880"/>
                  <DestinationDisplayRef ref="VTR:DestinationDisplay:1"/>
                </StopPointInJourneyPattern>
                <StopPointInJourneyPattern id="VTR:StopPointInJourneyPattern:1089655" version="53155" order="7">
                  <ScheduledStopPointRef ref="VTR:ScheduledStopPoint:51881"/>
                  <DestinationDisplayRef ref="VTR:DestinationDisplay:1"/>
                </StopPointInJourneyPattern>
                <StopPointInJourneyPattern id="VTR:StopPointInJourneyPattern:1089656" version="53155" order="8">
                  <ScheduledStopPointRef ref="VTR:ScheduledStopPoint:51882"/>
                  <DestinationDisplayRef ref="VTR:DestinationDisplay:1"/>
                </StopPointInJourneyPattern>
                <StopPointInJourneyPattern id="VTR:StopPointInJourneyPattern:1089657" version="53155" order="9">
                  <ScheduledStopPointRef ref="VTR:ScheduledStopPoint:51883"/>
                  <DestinationDisplayRef ref="VTR:DestinationDisplay:1"/>
                </StopPointInJourneyPattern>
              </pointsInSequence>
            </JourneyPattern>
          </journeyPatterns>
        </ServiceFrame>
        <TimetableFrame version="1" id="VTR:TimetableFrame:1393">
          <vehicleJourneys>
            <ServiceJourney version="53157" id="VTR:ServiceJourney:53133">
              <Name>Išlaužas-Prienai</Name>
              <PrivateCode>2a</PrivateCode>
              <dayTypes>
                <DayTypeRef ref="VTR:DayType:809"/>
              </dayTypes>
              <JourneyPatternRef version="53157" ref="VTR:JourneyPattern:53133"/>
              <OperatorRef ref="VTR:Operator:"/>
              <LineRef ref="VTR:Line:462" version="447"/>
              <passingTimes>
                <TimetabledPassingTime version="53157" id="VTR:TimetabledPassingTime:53133_1089669_1">
                  <StopPointInJourneyPatternRef ref="VTR:StopPointInJourneyPattern:1089669" version="53157"/>
                  <DepartureTime>15:45:00</DepartureTime>
                  <DepartureDayOffset>0</DepartureDayOffset>
                </TimetabledPassingTime>
                <TimetabledPassingTime version="53157" id="VTR:TimetabledPassingTime:53133_1089670_2">
                  <StopPointInJourneyPatternRef ref="VTR:StopPointInJourneyPattern:1089670" version="53157"/>
                  <DepartureTime>15:47:00</DepartureTime>
                  <DepartureDayOffset>0</DepartureDayOffset>
                </TimetabledPassingTime>
                <TimetabledPassingTime version="53157" id="VTR:TimetabledPassingTime:53133_1089671_3">
                  <StopPointInJourneyPatternRef ref="VTR:StopPointInJourneyPattern:1089671" version="53157"/>
                  <DepartureTime>15:50:00</DepartureTime>
                  <DepartureDayOffset>0</DepartureDayOffset>
                </TimetabledPassingTime>
                <TimetabledPassingTime version="53157" id="VTR:TimetabledPassingTime:53133_1089672_4">
                  <StopPointInJourneyPatternRef ref="VTR:StopPointInJourneyPattern:1089672" version="53157"/>
                  <DepartureTime>15:51:00</DepartureTime>
                  <DepartureDayOffset>0</DepartureDayOffset>
                </TimetabledPassingTime>
                <TimetabledPassingTime version="53157" id="VTR:TimetabledPassingTime:53133_1089673_5">
                  <StopPointInJourneyPatternRef ref="VTR:StopPointInJourneyPattern:1089673" version="53157"/>
                  <DepartureTime>15:52:00</DepartureTime>
                  <DepartureDayOffset>0</DepartureDayOffset>
                </TimetabledPassingTime>
                <TimetabledPassingTime version="53157" id="VTR:TimetabledPassingTime:53133_1089674_6">
                  <StopPointInJourneyPatternRef ref="VTR:StopPointInJourneyPattern:1089674" version="53157"/>
                  <DepartureTime>15:54:00</DepartureTime>
                  <DepartureDayOffset>0</DepartureDayOffset>
                </TimetabledPassingTime>
                <TimetabledPassingTime version="53157" id="VTR:TimetabledPassingTime:53133_1089675_7">
                  <StopPointInJourneyPatternRef ref="VTR:StopPointInJourneyPattern:1089675" version="53157"/>
                  <DepartureTime>15:57:00</DepartureTime>
                  <DepartureDayOffset>0</DepartureDayOffset>
                </TimetabledPassingTime>
                <TimetabledPassingTime version="53157" id="VTR:TimetabledPassingTime:53133_1089676_8">
                  <StopPointInJourneyPatternRef ref="VTR:StopPointInJourneyPattern:1089676" version="53157"/>
                  <DepartureTime>16:03:00</DepartureTime>
                  <DepartureDayOffset>0</DepartureDayOffset>
                </TimetabledPassingTime>
                <TimetabledPassingTime version="53157" id="VTR:TimetabledPassingTime:53133_1089677_9">
                  <StopPointInJourneyPatternRef ref="VTR:StopPointInJourneyPattern:1089677" version="53157"/>
                  <DepartureTime>16:04:00</DepartureTime>
                  <DepartureDayOffset>0</DepartureDayOffset>
                </TimetabledPassingTime>
                <TimetabledPassingTime version="53157" id="VTR:TimetabledPassingTime:53133_1089678_10">
                  <StopPointInJourneyPatternRef ref="VTR:StopPointInJourneyPattern:1089678" version="53157"/>
                  <DepartureTime>16:06:00</DepartureTime>
                  <DepartureDayOffset>0</DepartureDayOffset>
                </TimetabledPassingTime>
                <TimetabledPassingTime version="53157" id="VTR:TimetabledPassingTime:53133_1089679_11">
                  <StopPointInJourneyPatternRef ref="VTR:StopPointInJourneyPattern:1089679" version="53157"/>
                  <DepartureTime>16:18:00</DepartureTime>
                  <DepartureDayOffset>0</DepartureDayOffset>
                </TimetabledPassingTime>
              </passingTimes>
            </ServiceJourney>
            <ServiceJourney version="53156" id="VTR:ServiceJourney:53132">
              <Name>Išlaužas-Prienai</Name>
              <PrivateCode>1a</PrivateCode>
              <dayTypes>
                <DayTypeRef ref="VTR:DayType:809"/>
              </dayTypes>
              <JourneyPatternRef version="53156" ref="VTR:JourneyPattern:53132"/>
              <OperatorRef ref="VTR:Operator:"/>
              <LineRef ref="VTR:Line:462" version="447"/>
              <passingTimes>
                <TimetabledPassingTime version="53156" id="VTR:TimetabledPassingTime:53132_1089658_1">
                  <StopPointInJourneyPatternRef ref="VTR:StopPointInJourneyPattern:1089658" version="53156"/>
                  <DepartureTime>07:05:00</DepartureTime>
                  <DepartureDayOffset>0</DepartureDayOffset>
                </TimetabledPassingTime>
                <TimetabledPassingTime version="53156" id="VTR:TimetabledPassingTime:53132_1089659_2">
                  <StopPointInJourneyPatternRef ref="VTR:StopPointInJourneyPattern:1089659" version="53156"/>
                  <DepartureTime>07:07:00</DepartureTime>
                  <DepartureDayOffset>0</DepartureDayOffset>
                </TimetabledPassingTime>
                <TimetabledPassingTime version="53156" id="VTR:TimetabledPassingTime:53132_1089660_3">
                  <StopPointInJourneyPatternRef ref="VTR:StopPointInJourneyPattern:1089660" version="53156"/>
                  <DepartureTime>07:10:00</DepartureTime>
                  <DepartureDayOffset>0</DepartureDayOffset>
                </TimetabledPassingTime>
                <TimetabledPassingTime version="53156" id="VTR:TimetabledPassingTime:53132_1089661_4">
                  <StopPointInJourneyPatternRef ref="VTR:StopPointInJourneyPattern:1089661" version="53156"/>
                  <DepartureTime>07:11:00</DepartureTime>
                  <DepartureDayOffset>0</DepartureDayOffset>
                </TimetabledPassingTime>
                <TimetabledPassingTime version="53156" id="VTR:TimetabledPassingTime:53132_1089662_5">
                  <StopPointInJourneyPatternRef ref="VTR:StopPointInJourneyPattern:1089662" version="53156"/>
                  <DepartureTime>07:12:00</DepartureTime>
                  <DepartureDayOffset>0</DepartureDayOffset>
                </TimetabledPassingTime>
                <TimetabledPassingTime version="53156" id="VTR:TimetabledPassingTime:53132_1089663_6">
                  <StopPointInJourneyPatternRef ref="VTR:StopPointInJourneyPattern:1089663" version="53156"/>
                  <DepartureTime>07:14:00</DepartureTime>
                  <DepartureDayOffset>0</DepartureDayOffset>
                </TimetabledPassingTime>
                <TimetabledPassingTime version="53156" id="VTR:TimetabledPassingTime:53132_1089664_7">
                  <StopPointInJourneyPatternRef ref="VTR:StopPointInJourneyPattern:1089664" version="53156"/>
                  <DepartureTime>07:17:00</DepartureTime>
                  <DepartureDayOffset>0</DepartureDayOffset>
                </TimetabledPassingTime>
                <TimetabledPassingTime version="53156" id="VTR:TimetabledPassingTime:53132_1089665_8">
                  <StopPointInJourneyPatternRef ref="VTR:StopPointInJourneyPattern:1089665" version="53156"/>
                  <DepartureTime>07:23:00</DepartureTime>
                  <DepartureDayOffset>0</DepartureDayOffset>
                </TimetabledPassingTime>
                <TimetabledPassingTime version="53156" id="VTR:TimetabledPassingTime:53132_1089666_9">
                  <StopPointInJourneyPatternRef ref="VTR:StopPointInJourneyPattern:1089666" version="53156"/>
                  <DepartureTime>07:24:00</DepartureTime>
                  <DepartureDayOffset>0</DepartureDayOffset>
                </TimetabledPassingTime>
                <TimetabledPassingTime version="53156" id="VTR:TimetabledPassingTime:53132_1089667_10">
                  <StopPointInJourneyPatternRef ref="VTR:StopPointInJourneyPattern:1089667" version="53156"/>
                  <DepartureTime>07:26:00</DepartureTime>
                  <DepartureDayOffset>0</DepartureDayOffset>
                </TimetabledPassingTime>
                <TimetabledPassingTime version="53156" id="VTR:TimetabledPassingTime:53132_1089668_11">
                  <StopPointInJourneyPatternRef ref="VTR:StopPointInJourneyPattern:1089668" version="53156"/>
                  <DepartureTime>07:38:00</DepartureTime>
                  <DepartureDayOffset>0</DepartureDayOffset>
                </TimetabledPassingTime>
              </passingTimes>
            </ServiceJourney>
            <ServiceJourney version="53154" id="VTR:ServiceJourney:53130">
              <Name>Prienai-Išlaužas</Name>
              <PrivateCode>2</PrivateCode>
              <dayTypes>
                <DayTypeRef ref="VTR:DayType:809"/>
              </dayTypes>
              <JourneyPatternRef version="53154" ref="VTR:JourneyPattern:53130"/>
              <OperatorRef ref="VTR:Operator:"/>
              <LineRef ref="VTR:Line:462" version="447"/>
              <passingTimes>
                <TimetabledPassingTime version="53154" id="VTR:TimetabledPassingTime:53130_1089640_1">
                  <StopPointInJourneyPatternRef ref="VTR:StopPointInJourneyPattern:1089640" version="53154"/>
                  <DepartureTime>14:50:00</DepartureTime>
                  <DepartureDayOffset>0</DepartureDayOffset>
                </TimetabledPassingTime>
                <TimetabledPassingTime version="53154" id="VTR:TimetabledPassingTime:53130_1089641_2">
                  <StopPointInJourneyPatternRef ref="VTR:StopPointInJourneyPattern:1089641" version="53154"/>
                  <DepartureTime>14:52:00</DepartureTime>
                  <DepartureDayOffset>0</DepartureDayOffset>
                </TimetabledPassingTime>
                <TimetabledPassingTime version="53154" id="VTR:TimetabledPassingTime:53130_1089642_3">
                  <StopPointInJourneyPatternRef ref="VTR:StopPointInJourneyPattern:1089642" version="53154"/>
                  <DepartureTime>14:54:00</DepartureTime>
                  <DepartureDayOffset>0</DepartureDayOffset>
                </TimetabledPassingTime>
                <TimetabledPassingTime version="53154" id="VTR:TimetabledPassingTime:53130_1089643_4">
                  <StopPointInJourneyPatternRef ref="VTR:StopPointInJourneyPattern:1089643" version="53154"/>
                  <DepartureTime>14:55:00</DepartureTime>
                  <DepartureDayOffset>0</DepartureDayOffset>
                </TimetabledPassingTime>
                <TimetabledPassingTime version="53154" id="VTR:TimetabledPassingTime:53130_1089644_5">
                  <StopPointInJourneyPatternRef ref="VTR:StopPointInJourneyPattern:1089644" version="53154"/>
                  <DepartureTime>14:57:00</DepartureTime>
                  <DepartureDayOffset>0</DepartureDayOffset>
                </TimetabledPassingTime>
                <TimetabledPassingTime version="53154" id="VTR:TimetabledPassingTime:53130_1089645_6">
                  <StopPointInJourneyPatternRef ref="VTR:StopPointInJourneyPattern:1089645" version="53154"/>
                  <DepartureTime>15:00:00</DepartureTime>
                  <DepartureDayOffset>0</DepartureDayOffset>
                </TimetabledPassingTime>
                <TimetabledPassingTime version="53154" id="VTR:TimetabledPassingTime:53130_1089646_7">
                  <StopPointInJourneyPatternRef ref="VTR:StopPointInJourneyPattern:1089646" version="53154"/>
                  <DepartureTime>15:06:00</DepartureTime>
                  <DepartureDayOffset>0</DepartureDayOffset>
                </TimetabledPassingTime>
                <TimetabledPassingTime version="53154" id="VTR:TimetabledPassingTime:53130_1089647_8">
                  <StopPointInJourneyPatternRef ref="VTR:StopPointInJourneyPattern:1089647" version="53154"/>
                  <DepartureTime>15:08:00</DepartureTime>
                  <DepartureDayOffset>0</DepartureDayOffset>
                </TimetabledPassingTime>
                <TimetabledPassingTime version="53154" id="VTR:TimetabledPassingTime:53130_1089648_9">
                  <StopPointInJourneyPatternRef ref="VTR:StopPointInJourneyPattern:1089648" version="53154"/>
                  <DepartureTime>15:20:00</DepartureTime>
                  <DepartureDayOffset>0</DepartureDayOffset>
                </TimetabledPassingTime>
              </passingTimes>
            </ServiceJourney>
            <ServiceJourney version="53153" id="VTR:ServiceJourney:53129">
              <Name>Prienai-Išlaužas</Name>
              <PrivateCode>1</PrivateCode>
              <dayTypes>
                <DayTypeRef ref="VTR:DayType:809"/>
              </dayTypes>
              <JourneyPatternRef version="53153" ref="VTR:JourneyPattern:53129"/>
              <OperatorRef ref="VTR:Operator:"/>
              <LineRef ref="VTR:Line:462" version="447"/>
              <passingTimes>
                <TimetabledPassingTime version="53153" id="VTR:TimetabledPassingTime:53129_1089631_1">
                  <StopPointInJourneyPatternRef ref="VTR:StopPointInJourneyPattern:1089631" version="53153"/>
                  <DepartureTime>06:35:00</DepartureTime>
                  <DepartureDayOffset>0</DepartureDayOffset>
                </TimetabledPassingTime>
                <TimetabledPassingTime version="53153" id="VTR:TimetabledPassingTime:53129_1089632_2">
                  <StopPointInJourneyPatternRef ref="VTR:StopPointInJourneyPattern:1089632" version="53153"/>
                  <DepartureTime>06:37:00</DepartureTime>
                  <DepartureDayOffset>0</DepartureDayOffset>
                </TimetabledPassingTime>
                <TimetabledPassingTime version="53153" id="VTR:TimetabledPassingTime:53129_1089633_3">
                  <StopPointInJourneyPatternRef ref="VTR:StopPointInJourneyPattern:1089633" version="53153"/>
                  <DepartureTime>06:39:00</DepartureTime>
                  <DepartureDayOffset>0</DepartureDayOffset>
                </TimetabledPassingTime>
                <TimetabledPassingTime version="53153" id="VTR:TimetabledPassingTime:53129_1089634_4">
                  <StopPointInJourneyPatternRef ref="VTR:StopPointInJourneyPattern:1089634" version="53153"/>
                  <DepartureTime>06:40:00</DepartureTime>
                  <DepartureDayOffset>0</DepartureDayOffset>
                </TimetabledPassingTime>
                <TimetabledPassingTime version="53153" id="VTR:TimetabledPassingTime:53129_1089635_5">
                  <StopPointInJourneyPatternRef ref="VTR:StopPointInJourneyPattern:1089635" version="53153"/>
                  <DepartureTime>06:42:00</DepartureTime>
                  <DepartureDayOffset>0</DepartureDayOffset>
                </TimetabledPassingTime>
                <TimetabledPassingTime version="53153" id="VTR:TimetabledPassingTime:53129_1089636_6">
                  <StopPointInJourneyPatternRef ref="VTR:StopPointInJourneyPattern:1089636" version="53153"/>
                  <DepartureTime>06:45:00</DepartureTime>
                  <DepartureDayOffset>0</DepartureDayOffset>
                </TimetabledPassingTime>
                <TimetabledPassingTime version="53153" id="VTR:TimetabledPassingTime:53129_1089637_7">
                  <StopPointInJourneyPatternRef ref="VTR:StopPointInJourneyPattern:1089637" version="53153"/>
                  <DepartureTime>06:51:00</DepartureTime>
                  <DepartureDayOffset>0</DepartureDayOffset>
                </TimetabledPassingTime>
                <TimetabledPassingTime version="53153" id="VTR:TimetabledPassingTime:53129_1089638_8">
                  <StopPointInJourneyPatternRef ref="VTR:StopPointInJourneyPattern:1089638" version="53153"/>
                  <DepartureTime>06:53:00</DepartureTime>
                  <DepartureDayOffset>0</DepartureDayOffset>
                </TimetabledPassingTime>
                <TimetabledPassingTime version="53153" id="VTR:TimetabledPassingTime:53129_1089639_9">
                  <StopPointInJourneyPatternRef ref="VTR:StopPointInJourneyPattern:1089639" version="53153"/>
                  <DepartureTime>07:05:00</DepartureTime>
                  <DepartureDayOffset>0</DepartureDayOffset>
                </TimetabledPassingTime>
              </passingTimes>
            </ServiceJourney>
            <ServiceJourney version="53159" id="VTR:ServiceJourney:53135">
              <Name>Išlaužas-Prienai</Name>
              <PrivateCode>4a</PrivateCode>
              <dayTypes>
                <DayTypeRef ref="VTR:DayType:976"/>
              </dayTypes>
              <JourneyPatternRef version="53159" ref="VTR:JourneyPattern:53135"/>
              <OperatorRef ref="VTR:Operator:"/>
              <LineRef ref="VTR:Line:462" version="447"/>
              <passingTimes>
                <TimetabledPassingTime version="53159" id="VTR:TimetabledPassingTime:53135_1089691_1">
                  <StopPointInJourneyPatternRef ref="VTR:StopPointInJourneyPattern:1089691" version="53159"/>
                  <DepartureTime>11:10:00</DepartureTime>
                  <DepartureDayOffset>0</DepartureDayOffset>
                </TimetabledPassingTime>
                <TimetabledPassingTime version="53159" id="VTR:TimetabledPassingTime:53135_1089692_2">
                  <StopPointInJourneyPatternRef ref="VTR:StopPointInJourneyPattern:1089692" version="53159"/>
                  <DepartureTime>11:12:00</DepartureTime>
                  <DepartureDayOffset>0</DepartureDayOffset>
                </TimetabledPassingTime>
                <TimetabledPassingTime version="53159" id="VTR:TimetabledPassingTime:53135_1089693_3">
                  <StopPointInJourneyPatternRef ref="VTR:StopPointInJourneyPattern:1089693" version="53159"/>
                  <DepartureTime>11:15:00</DepartureTime>
                  <DepartureDayOffset>0</DepartureDayOffset>
                </TimetabledPassingTime>
                <TimetabledPassingTime version="53159" id="VTR:TimetabledPassingTime:53135_1089694_4">
                  <StopPointInJourneyPatternRef ref="VTR:StopPointInJourneyPattern:1089694" version="53159"/>
                  <DepartureTime>11:16:00</DepartureTime>
                  <DepartureDayOffset>0</DepartureDayOffset>
                </TimetabledPassingTime>
                <TimetabledPassingTime version="53159" id="VTR:TimetabledPassingTime:53135_1089695_5">
                  <StopPointInJourneyPatternRef ref="VTR:StopPointInJourneyPattern:1089695" version="53159"/>
                  <DepartureTime>11:17:00</DepartureTime>
                  <DepartureDayOffset>0</DepartureDayOffset>
                </TimetabledPassingTime>
                <TimetabledPassingTime version="53159" id="VTR:TimetabledPassingTime:53135_1089696_6">
                  <StopPointInJourneyPatternRef ref="VTR:StopPointInJourneyPattern:1089696" version="53159"/>
                  <DepartureTime>11:19:00</DepartureTime>
                  <DepartureDayOffset>0</DepartureDayOffset>
                </TimetabledPassingTime>
                <TimetabledPassingTime version="53159" id="VTR:TimetabledPassingTime:53135_1089697_7">
                  <StopPointInJourneyPatternRef ref="VTR:StopPointInJourneyPattern:1089697" version="53159"/>
                  <DepartureTime>11:22:00</DepartureTime>
                  <DepartureDayOffset>0</DepartureDayOffset>
                </TimetabledPassingTime>
                <TimetabledPassingTime version="53159" id="VTR:TimetabledPassingTime:53135_1089698_8">
                  <StopPointInJourneyPatternRef ref="VTR:StopPointInJourneyPattern:1089698" version="53159"/>
                  <DepartureTime>11:28:00</DepartureTime>
                  <DepartureDayOffset>0</DepartureDayOffset>
                </TimetabledPassingTime>
                <TimetabledPassingTime version="53159" id="VTR:TimetabledPassingTime:53135_1089699_9">
                  <StopPointInJourneyPatternRef ref="VTR:StopPointInJourneyPattern:1089699" version="53159"/>
                  <DepartureTime>11:29:00</DepartureTime>
                  <DepartureDayOffset>0</DepartureDayOffset>
                </TimetabledPassingTime>
                <TimetabledPassingTime version="53159" id="VTR:TimetabledPassingTime:53135_1089700_10">
                  <StopPointInJourneyPatternRef ref="VTR:StopPointInJourneyPattern:1089700" version="53159"/>
                  <DepartureTime>11:31:00</DepartureTime>
                  <DepartureDayOffset>0</DepartureDayOffset>
                </TimetabledPassingTime>
                <TimetabledPassingTime version="53159" id="VTR:TimetabledPassingTime:53135_1089701_11">
                  <StopPointInJourneyPatternRef ref="VTR:StopPointInJourneyPattern:1089701" version="53159"/>
                  <DepartureTime>11:43:00</DepartureTime>
                  <DepartureDayOffset>0</DepartureDayOffset>
                </TimetabledPassingTime>
              </passingTimes>
            </ServiceJourney>
            <ServiceJourney version="53158" id="VTR:ServiceJourney:53134">
              <Name>Išlaužas-Prienai</Name>
              <PrivateCode>3a</PrivateCode>
              <dayTypes>
                <DayTypeRef ref="VTR:DayType:809"/>
              </dayTypes>
              <JourneyPatternRef version="53158" ref="VTR:JourneyPattern:53134"/>
              <OperatorRef ref="VTR:Operator:"/>
              <LineRef ref="VTR:Line:462" version="447"/>
              <passingTimes>
                <TimetabledPassingTime version="53158" id="VTR:TimetabledPassingTime:53134_1089680_1">
                  <StopPointInJourneyPatternRef ref="VTR:StopPointInJourneyPattern:1089680" version="53158"/>
                  <DepartureTime>18:05:00</DepartureTime>
                  <DepartureDayOffset>0</DepartureDayOffset>
                </TimetabledPassingTime>
                <TimetabledPassingTime version="53158" id="VTR:TimetabledPassingTime:53134_1089681_2">
                  <StopPointInJourneyPatternRef ref="VTR:StopPointInJourneyPattern:1089681" version="53158"/>
                  <DepartureTime>18:07:00</DepartureTime>
                  <DepartureDayOffset>0</DepartureDayOffset>
                </TimetabledPassingTime>
                <TimetabledPassingTime version="53158" id="VTR:TimetabledPassingTime:53134_1089682_3">
                  <StopPointInJourneyPatternRef ref="VTR:StopPointInJourneyPattern:1089682" version="53158"/>
                  <DepartureTime>18:10:00</DepartureTime>
                  <DepartureDayOffset>0</DepartureDayOffset>
                </TimetabledPassingTime>
                <TimetabledPassingTime version="53158" id="VTR:TimetabledPassingTime:53134_1089683_4">
                  <StopPointInJourneyPatternRef ref="VTR:StopPointInJourneyPattern:1089683" version="53158"/>
                  <DepartureTime>18:11:00</DepartureTime>
                  <DepartureDayOffset>0</DepartureDayOffset>
                </TimetabledPassingTime>
                <TimetabledPassingTime version="53158" id="VTR:TimetabledPassingTime:53134_1089684_5">
                  <StopPointInJourneyPatternRef ref="VTR:StopPointInJourneyPattern:1089684" version="53158"/>
                  <DepartureTime>18:12:00</DepartureTime>
                  <DepartureDayOffset>0</DepartureDayOffset>
                </TimetabledPassingTime>
                <TimetabledPassingTime version="53158" id="VTR:TimetabledPassingTime:53134_1089685_6">
                  <StopPointInJourneyPatternRef ref="VTR:StopPointInJourneyPattern:1089685" version="53158"/>
                  <DepartureTime>18:14:00</DepartureTime>
                  <DepartureDayOffset>0</DepartureDayOffset>
                </TimetabledPassingTime>
                <TimetabledPassingTime version="53158" id="VTR:TimetabledPassingTime:53134_1089686_7">
                  <StopPointInJourneyPatternRef ref="VTR:StopPointInJourneyPattern:1089686" version="53158"/>
                  <DepartureTime>18:17:00</DepartureTime>
                  <DepartureDayOffset>0</DepartureDayOffset>
                </TimetabledPassingTime>
                <TimetabledPassingTime version="53158" id="VTR:TimetabledPassingTime:53134_1089687_8">
                  <StopPointInJourneyPatternRef ref="VTR:StopPointInJourneyPattern:1089687" version="53158"/>
                  <DepartureTime>18:23:00</DepartureTime>
                  <DepartureDayOffset>0</DepartureDayOffset>
                </TimetabledPassingTime>
                <TimetabledPassingTime version="53158" id="VTR:TimetabledPassingTime:53134_1089688_9">
                  <StopPointInJourneyPatternRef ref="VTR:StopPointInJourneyPattern:1089688" version="53158"/>
                  <DepartureTime>18:24:00</DepartureTime>
                  <DepartureDayOffset>0</DepartureDayOffset>
                </TimetabledPassingTime>
                <TimetabledPassingTime version="53158" id="VTR:TimetabledPassingTime:53134_1089689_10">
                  <StopPointInJourneyPatternRef ref="VTR:StopPointInJourneyPattern:1089689" version="53158"/>
                  <DepartureTime>18:26:00</DepartureTime>
                  <DepartureDayOffset>0</DepartureDayOffset>
                </TimetabledPassingTime>
                <TimetabledPassingTime version="53158" id="VTR:TimetabledPassingTime:53134_1089690_11">
                  <StopPointInJourneyPatternRef ref="VTR:StopPointInJourneyPattern:1089690" version="53158"/>
                  <DepartureTime>18:38:00</DepartureTime>
                  <DepartureDayOffset>0</DepartureDayOffset>
                </TimetabledPassingTime>
              </passingTimes>
            </ServiceJourney>
            <ServiceJourney version="53155" id="VTR:ServiceJourney:53131">
              <Name>Prienai-Išlaužas</Name>
              <PrivateCode>3</PrivateCode>
              <dayTypes>
                <DayTypeRef ref="VTR:DayType:809"/>
              </dayTypes>
              <JourneyPatternRef version="53155" ref="VTR:JourneyPattern:53131"/>
              <OperatorRef ref="VTR:Operator:"/>
              <LineRef ref="VTR:Line:462" version="447"/>
              <passingTimes>
                <TimetabledPassingTime version="53155" id="VTR:TimetabledPassingTime:53131_1089649_1">
                  <StopPointInJourneyPatternRef ref="VTR:StopPointInJourneyPattern:1089649" version="53155"/>
                  <DepartureTime>17:15:00</DepartureTime>
                  <DepartureDayOffset>0</DepartureDayOffset>
                </TimetabledPassingTime>
                <TimetabledPassingTime version="53155" id="VTR:TimetabledPassingTime:53131_1089650_2">
                  <StopPointInJourneyPatternRef ref="VTR:StopPointInJourneyPattern:1089650" version="53155"/>
                  <DepartureTime>17:17:00</DepartureTime>
                  <DepartureDayOffset>0</DepartureDayOffset>
                </TimetabledPassingTime>
                <TimetabledPassingTime version="53155" id="VTR:TimetabledPassingTime:53131_1089651_3">
                  <StopPointInJourneyPatternRef ref="VTR:StopPointInJourneyPattern:1089651" version="53155"/>
                  <DepartureTime>17:19:00</DepartureTime>
                  <DepartureDayOffset>0</DepartureDayOffset>
                </TimetabledPassingTime>
                <TimetabledPassingTime version="53155" id="VTR:TimetabledPassingTime:53131_1089652_4">
                  <StopPointInJourneyPatternRef ref="VTR:StopPointInJourneyPattern:1089652" version="53155"/>
                  <DepartureTime>17:20:00</DepartureTime>
                  <DepartureDayOffset>0</DepartureDayOffset>
                </TimetabledPassingTime>
                <TimetabledPassingTime version="53155" id="VTR:TimetabledPassingTime:53131_1089653_5">
                  <StopPointInJourneyPatternRef ref="VTR:StopPointInJourneyPattern:1089653" version="53155"/>
                  <DepartureTime>17:22:00</DepartureTime>
                  <DepartureDayOffset>0</DepartureDayOffset>
                </TimetabledPassingTime>
                <TimetabledPassingTime version="53155" id="VTR:TimetabledPassingTime:53131_1089654_6">
                  <StopPointInJourneyPatternRef ref="VTR:StopPointInJourneyPattern:1089654" version="53155"/>
                  <DepartureTime>17:25:00</DepartureTime>
                  <DepartureDayOffset>0</DepartureDayOffset>
                </TimetabledPassingTime>
                <TimetabledPassingTime version="53155" id="VTR:TimetabledPassingTime:53131_1089655_7">
                  <StopPointInJourneyPatternRef ref="VTR:StopPointInJourneyPattern:1089655" version="53155"/>
                  <DepartureTime>17:31:00</DepartureTime>
                  <DepartureDayOffset>0</DepartureDayOffset>
                </TimetabledPassingTime>
                <TimetabledPassingTime version="53155" id="VTR:TimetabledPassingTime:53131_1089656_8">
                  <StopPointInJourneyPatternRef ref="VTR:StopPointInJourneyPattern:1089656" version="53155"/>
                  <DepartureTime>17:33:00</DepartureTime>
                  <DepartureDayOffset>0</DepartureDayOffset>
                </TimetabledPassingTime>
                <TimetabledPassingTime version="53155" id="VTR:TimetabledPassingTime:53131_1089657_9">
                  <StopPointInJourneyPatternRef ref="VTR:StopPointInJourneyPattern:1089657" version="53155"/>
                  <DepartureTime>17:45:00</DepartureTime>
                  <DepartureDayOffset>0</DepartureDayOffset>
                </TimetabledPassingTime>
              </passingTimes>
            </ServiceJourney>
            <ServiceJourney version="53160" id="VTR:ServiceJourney:53136">
              <Name>Prienai-Išlaužas</Name>
              <PrivateCode>4</PrivateCode>
              <dayTypes>
                <DayTypeRef ref="VTR:DayType:976"/>
              </dayTypes>
              <JourneyPatternRef version="53160" ref="VTR:JourneyPattern:53136"/>
              <OperatorRef ref="VTR:Operator:"/>
              <LineRef ref="VTR:Line:462" version="447"/>
              <passingTimes>
                <TimetabledPassingTime version="53160" id="VTR:TimetabledPassingTime:53136_1089702_1">
                  <StopPointInJourneyPatternRef ref="VTR:StopPointInJourneyPattern:1089702" version="53160"/>
                  <DepartureTime>10:30:00</DepartureTime>
                  <DepartureDayOffset>0</DepartureDayOffset>
                </TimetabledPassingTime>
                <TimetabledPassingTime version="53160" id="VTR:TimetabledPassingTime:53136_1089703_2">
                  <StopPointInJourneyPatternRef ref="VTR:StopPointInJourneyPattern:1089703" version="53160"/>
                  <DepartureTime>10:32:00</DepartureTime>
                  <DepartureDayOffset>0</DepartureDayOffset>
                </TimetabledPassingTime>
                <TimetabledPassingTime version="53160" id="VTR:TimetabledPassingTime:53136_1089704_3">
                  <StopPointInJourneyPatternRef ref="VTR:StopPointInJourneyPattern:1089704" version="53160"/>
                  <DepartureTime>10:34:00</DepartureTime>
                  <DepartureDayOffset>0</DepartureDayOffset>
                </TimetabledPassingTime>
                <TimetabledPassingTime version="53160" id="VTR:TimetabledPassingTime:53136_1089705_4">
                  <StopPointInJourneyPatternRef ref="VTR:StopPointInJourneyPattern:1089705" version="53160"/>
                  <DepartureTime>10:35:00</DepartureTime>
                  <DepartureDayOffset>0</DepartureDayOffset>
                </TimetabledPassingTime>
                <TimetabledPassingTime version="53160" id="VTR:TimetabledPassingTime:53136_1089706_5">
                  <StopPointInJourneyPatternRef ref="VTR:StopPointInJourneyPattern:1089706" version="53160"/>
                  <DepartureTime>10:37:00</DepartureTime>
                  <DepartureDayOffset>0</DepartureDayOffset>
                </TimetabledPassingTime>
                <TimetabledPassingTime version="53160" id="VTR:TimetabledPassingTime:53136_1089707_6">
                  <StopPointInJourneyPatternRef ref="VTR:StopPointInJourneyPattern:1089707" version="53160"/>
                  <DepartureTime>10:40:00</DepartureTime>
                  <DepartureDayOffset>0</DepartureDayOffset>
                </TimetabledPassingTime>
                <TimetabledPassingTime version="53160" id="VTR:TimetabledPassingTime:53136_1089708_7">
                  <StopPointInJourneyPatternRef ref="VTR:StopPointInJourneyPattern:1089708" version="53160"/>
                  <DepartureTime>10:46:00</DepartureTime>
                  <DepartureDayOffset>0</DepartureDayOffset>
                </TimetabledPassingTime>
                <TimetabledPassingTime version="53160" id="VTR:TimetabledPassingTime:53136_1089709_8">
                  <StopPointInJourneyPatternRef ref="VTR:StopPointInJourneyPattern:1089709" version="53160"/>
                  <DepartureTime>10:48:00</DepartureTime>
                  <DepartureDayOffset>0</DepartureDayOffset>
                </TimetabledPassingTime>
                <TimetabledPassingTime version="53160" id="VTR:TimetabledPassingTime:53136_1089710_9">
                  <StopPointInJourneyPatternRef ref="VTR:StopPointInJourneyPattern:1089710" version="53160"/>
                  <DepartureTime>11:00:00</DepartureTime>
                  <DepartureDayOffset>0</DepartureDayOffset>
                </TimetabledPassingTime>
              </passingTimes>
            </ServiceJourney>
          </vehicleJourneys>
        </TimetableFrame>
        <ResourceFrame version="1" id="VTR:ResourceFrame:1393">
          <organisations>
            <Authority version="1" id="VTR:Authority:27">
              <CompanyNumber>69</CompanyNumber>
              <Name>Prienų r. sav.</Name>
              <LegalName>Prienų r. sav. administracija</LegalName>
              <ContactDetails>
                <Email>administracija@prienai.lt</Email>
                <Phone>8 319 61 103</Phone>
                <Url>www.prienai.lt</Url>
              </ContactDetails>
              <OrganisationType>authority</OrganisationType>
            </Authority>
          </organisations>
        </ResourceFrame>
      </frames>
    </CompositeFrame>
  </dataObjects>
</PublicationDelivery>
