<?xml version="1.0" encoding="UTF-8"?><PublicationDelivery xmlns="http://www.netex.org.uk/netex" xmlns:ns2="http://www.opengis.net/gml/3.2" xmlns:ns3="http://www.siri.org.uk/siri" xmlns:xsi="http://www.w3.org/2001/XMLSchema-instance" version="1" xsi:schemaLocation="">
  <PublicationTimestamp>2022-05-07T01:55:00.366</PublicationTimestamp>
  <ParticipantRef>VTR</ParticipantRef>
  <dataObjects>
    <SiteFrame modification="new" version="1" id="VTR:SiteFrame:1364">
      <FrameDefaults>
        <DefaultLocale>
          <TimeZone>Europe/Vilnius</TimeZone>
        </DefaultLocale>
        <DefaultLocationSystem>WGS84</DefaultLocationSystem>
      </FrameDefaults>
      <stopPlaces>
        <StopPlace created="2015-05-25T17:02:05" changed="2018-11-23T02:18:01" modification="revise" version="12680" id="VTR:StopPlaceElement:12680">
          <ValidBetween>
            <FromDate>2018-11-23T02:18:01</FromDate>
          </ValidBetween>
          <keyList>
            <KeyValue>
              <Key>DATA_SOURCE_TYPE</Key>
              <Value>LAKIS</Value>
            </KeyValue>
          </keyList>
          <Name lang="lt">Mokykla</Name>
          <Centroid>
            <Location>
              <Longitude>25.313602</Longitude>
              <Latitude>54.526011</Latitude>
            </Location>
          </Centroid>
          <TransportMode>bus</TransportMode>
          <StopPlaceType>onstreetBus</StopPlaceType>
          <Weighting>interchangeAllowed</Weighting>
          <quays>
            <Quay modification="new" version="12680" id="VTR:Quay:12680">
              <Centroid>
                <Location>
                  <Longitude>25.313602</Longitude>
                  <Latitude>54.526011</Latitude>
                </Location>
              </Centroid>
            </Quay>
          </quays>
        </StopPlace>
        <StopPlace created="2015-05-25T17:02:06" changed="2018-11-23T02:18:01" modification="revise" version="12681" id="VTR:StopPlaceElement:12681">
          <ValidBetween>
            <FromDate>2018-11-23T02:18:01</FromDate>
          </ValidBetween>
          <keyList>
            <KeyValue>
              <Key>DATA_SOURCE_TYPE</Key>
              <Value>LAKIS</Value>
            </KeyValue>
          </keyList>
          <Name lang="lt">Galiniai</Name>
          <Centroid>
            <Location>
              <Longitude>25.319723</Longitude>
              <Latitude>54.50861</Latitude>
            </Location>
          </Centroid>
          <TransportMode>bus</TransportMode>
          <StopPlaceType>onstreetBus</StopPlaceType>
          <Weighting>interchangeAllowed</Weighting>
          <quays>
            <Quay modification="new" version="12681" id="VTR:Quay:12681">
              <Centroid>
                <Location>
                  <Longitude>25.319723</Longitude>
                  <Latitude>54.50861</Latitude>
                </Location>
              </Centroid>
            </Quay>
          </quays>
        </StopPlace>
        <StopPlace created="2015-05-25T17:20:23" changed="2018-11-23T02:15:42" modification="revise" version="13660" id="VTR:StopPlaceElement:13660">
          <ValidBetween>
            <FromDate>2018-11-23T02:15:42</FromDate>
          </ValidBetween>
          <keyList>
            <KeyValue>
              <Key>DATA_SOURCE_TYPE</Key>
              <Value>LAKIS</Value>
            </KeyValue>
          </keyList>
          <Name lang="lt">Migūnai</Name>
          <Centroid>
            <Location>
              <Longitude>25.315033</Longitude>
              <Latitude>54.534897</Latitude>
            </Location>
          </Centroid>
          <TransportMode>bus</TransportMode>
          <StopPlaceType>onstreetBus</StopPlaceType>
          <Weighting>interchangeAllowed</Weighting>
          <quays>
            <Quay modification="new" version="13660" id="VTR:Quay:13660">
              <Centroid>
                <Location>
                  <Longitude>25.315033</Longitude>
                  <Latitude>54.534897</Latitude>
                </Location>
              </Centroid>
            </Quay>
          </quays>
        </StopPlace>
        <StopPlace created="2015-05-25T17:20:31" changed="2019-09-20T02:15:43" modification="revise" version="13667" id="VTR:StopPlaceElement:13667">
          <ValidBetween>
            <FromDate>2019-09-20T02:15:43</FromDate>
          </ValidBetween>
          <keyList>
            <KeyValue>
              <Key>DATA_SOURCE_TYPE</Key>
              <Value>LAKIS</Value>
            </KeyValue>
          </keyList>
          <Name lang="lt">Kineliai</Name>
          <Centroid>
            <Location>
              <Longitude>25.314072</Longitude>
              <Latitude>54.596264</Latitude>
            </Location>
          </Centroid>
          <TransportMode>bus</TransportMode>
          <StopPlaceType>onstreetBus</StopPlaceType>
          <Weighting>interchangeAllowed</Weighting>
          <quays>
            <Quay modification="new" version="13667" id="VTR:Quay:13667">
              <Centroid>
                <Location>
                  <Longitude>25.314072</Longitude>
                  <Latitude>54.596264</Latitude>
                </Location>
              </Centroid>
            </Quay>
          </quays>
        </StopPlace>
        <StopPlace created="2015-05-25T17:20:34" changed="2018-11-23T02:15:43" modification="revise" version="13669" id="VTR:StopPlaceElement:13669">
          <ValidBetween>
            <FromDate>2018-11-23T02:15:43</FromDate>
          </ValidBetween>
          <keyList>
            <KeyValue>
              <Key>DATA_SOURCE_TYPE</Key>
              <Value>LAKIS</Value>
            </KeyValue>
          </keyList>
          <Name lang="lt">Gojus</Name>
          <Centroid>
            <Location>
              <Longitude>25.341629</Longitude>
              <Latitude>54.425257</Latitude>
            </Location>
          </Centroid>
          <TransportMode>bus</TransportMode>
          <StopPlaceType>onstreetBus</StopPlaceType>
          <Weighting>interchangeAllowed</Weighting>
          <quays>
            <Quay modification="new" version="13669" id="VTR:Quay:13669">
              <Centroid>
                <Location>
                  <Longitude>25.341629</Longitude>
                  <Latitude>54.425257</Latitude>
                </Location>
              </Centroid>
            </Quay>
          </quays>
        </StopPlace>
        <StopPlace created="2015-05-25T17:42:30" changed="2018-11-23T02:15:42" modification="revise" version="14764" id="VTR:StopPlaceElement:14764">
          <ValidBetween>
            <FromDate>2018-11-23T02:15:42</FromDate>
          </ValidBetween>
          <keyList>
            <KeyValue>
              <Key>DATA_SOURCE_TYPE</Key>
              <Value>LAKIS</Value>
            </KeyValue>
          </keyList>
          <Name lang="lt">Bruknynė</Name>
          <Centroid>
            <Location>
              <Longitude>25.380852</Longitude>
              <Latitude>54.356172</Latitude>
            </Location>
          </Centroid>
          <TransportMode>bus</TransportMode>
          <StopPlaceType>onstreetBus</StopPlaceType>
          <Weighting>interchangeAllowed</Weighting>
          <quays>
            <Quay modification="new" version="14764" id="VTR:Quay:14764">
              <Centroid>
                <Location>
                  <Longitude>25.380852</Longitude>
                  <Latitude>54.356172</Latitude>
                </Location>
              </Centroid>
            </Quay>
          </quays>
        </StopPlace>
        <StopPlace created="2015-05-25T17:42:34" changed="2018-11-23T02:15:43" modification="revise" version="14768" id="VTR:StopPlaceElement:14768">
          <ValidBetween>
            <FromDate>2018-11-23T02:15:43</FromDate>
          </ValidBetween>
          <keyList>
            <KeyValue>
              <Key>DATA_SOURCE_TYPE</Key>
              <Value>LAKIS</Value>
            </KeyValue>
          </keyList>
          <Name lang="lt">Ažulomis</Name>
          <Centroid>
            <Location>
              <Longitude>25.380477</Longitude>
              <Latitude>54.337913</Latitude>
            </Location>
          </Centroid>
          <TransportMode>bus</TransportMode>
          <StopPlaceType>onstreetBus</StopPlaceType>
          <Weighting>interchangeAllowed</Weighting>
          <quays>
            <Quay modification="new" version="14768" id="VTR:Quay:14768">
              <Centroid>
                <Location>
                  <Longitude>25.380477</Longitude>
                  <Latitude>54.337913</Latitude>
                </Location>
              </Centroid>
            </Quay>
          </quays>
        </StopPlace>
        <StopPlace created="2015-05-25T17:43:29" changed="2019-11-14T02:16:02" modification="revise" version="14811" id="VTR:StopPlaceElement:14811">
          <ValidBetween>
            <FromDate>2019-11-14T02:16:02</FromDate>
          </ValidBetween>
          <keyList>
            <KeyValue>
              <Key>DATA_SOURCE_TYPE</Key>
              <Value>LAKIS</Value>
            </KeyValue>
          </keyList>
          <Name lang="lt">Kineliai</Name>
          <Centroid>
            <Location>
              <Longitude>25.3157</Longitude>
              <Latitude>54.597567</Latitude>
            </Location>
          </Centroid>
          <TransportMode>bus</TransportMode>
          <StopPlaceType>onstreetBus</StopPlaceType>
          <Weighting>interchangeAllowed</Weighting>
          <quays>
            <Quay modification="new" version="14811" id="VTR:Quay:14811">
              <Centroid>
                <Location>
                  <Longitude>25.3157</Longitude>
                  <Latitude>54.597567</Latitude>
                </Location>
              </Centroid>
            </Quay>
          </quays>
        </StopPlace>
        <StopPlace created="2015-05-25T18:02:31" changed="2019-09-20T02:15:45" modification="revise" version="15688" id="VTR:StopPlaceElement:15688">
          <ValidBetween>
            <FromDate>2019-09-20T02:15:44</FromDate>
          </ValidBetween>
          <keyList>
            <KeyValue>
              <Key>DATA_SOURCE_TYPE</Key>
              <Value>LAKIS</Value>
            </KeyValue>
          </keyList>
          <Name lang="lt">Slabada</Name>
          <Centroid>
            <Location>
              <Longitude>25.316185</Longitude>
              <Latitude>54.539834</Latitude>
            </Location>
          </Centroid>
          <TransportMode>bus</TransportMode>
          <StopPlaceType>onstreetBus</StopPlaceType>
          <Weighting>interchangeAllowed</Weighting>
          <quays>
            <Quay modification="new" version="15688" id="VTR:Quay:15688">
              <Centroid>
                <Location>
                  <Longitude>25.316185</Longitude>
                  <Latitude>54.539834</Latitude>
                </Location>
              </Centroid>
            </Quay>
          </quays>
        </StopPlace>
        <StopPlace created="2015-05-25T18:03:00" changed="2018-11-23T02:15:44" modification="revise" version="15709" id="VTR:StopPlaceElement:15709">
          <ValidBetween>
            <FromDate>2018-11-23T02:15:44</FromDate>
          </ValidBetween>
          <keyList>
            <KeyValue>
              <Key>DATA_SOURCE_TYPE</Key>
              <Value>LAKIS</Value>
            </KeyValue>
          </keyList>
          <Name lang="lt">Jašiūnai</Name>
          <Centroid>
            <Location>
              <Longitude>25.327338</Longitude>
              <Latitude>54.441219</Latitude>
            </Location>
          </Centroid>
          <TransportMode>bus</TransportMode>
          <StopPlaceType>onstreetBus</StopPlaceType>
          <Weighting>interchangeAllowed</Weighting>
          <quays>
            <Quay modification="new" version="15709" id="VTR:Quay:15709">
              <Centroid>
                <Location>
                  <Longitude>25.327338</Longitude>
                  <Latitude>54.441219</Latitude>
                </Location>
              </Centroid>
            </Quay>
          </quays>
        </StopPlace>
        <StopPlace created="2015-05-25T18:03:10" changed="2018-11-23T02:18:05" modification="revise" version="15717" id="VTR:StopPlaceElement:15717">
          <ValidBetween>
            <FromDate>2018-11-23T02:18:05</FromDate>
          </ValidBetween>
          <keyList>
            <KeyValue>
              <Key>DATA_SOURCE_TYPE</Key>
              <Value>LAKIS</Value>
            </KeyValue>
          </keyList>
          <Name lang="lt">Galiniai</Name>
          <Centroid>
            <Location>
              <Longitude>25.319386</Longitude>
              <Latitude>54.509378</Latitude>
            </Location>
          </Centroid>
          <TransportMode>bus</TransportMode>
          <StopPlaceType>onstreetBus</StopPlaceType>
          <Weighting>interchangeAllowed</Weighting>
          <quays>
            <Quay modification="new" version="15717" id="VTR:Quay:15717">
              <Centroid>
                <Location>
                  <Longitude>25.319386</Longitude>
                  <Latitude>54.509378</Latitude>
                </Location>
              </Centroid>
            </Quay>
          </quays>
        </StopPlace>
        <StopPlace created="2015-06-05T17:44:44" changed="2021-03-18T02:15:51" modification="revise" version="19460" id="VTR:StopPlaceElement:19444">
          <ValidBetween>
            <FromDate>2021-03-18T02:15:51</FromDate>
          </ValidBetween>
          <keyList>
            <KeyValue>
              <Key>DATA_SOURCE_TYPE</Key>
              <Value>LAKIS</Value>
            </KeyValue>
          </keyList>
          <Name lang="lt">Šalčininkų autobusų stotis</Name>
          <Centroid>
            <Location>
              <Longitude>25.385733</Longitude>
              <Latitude>54.306894</Latitude>
            </Location>
          </Centroid>
          <TransportMode>bus</TransportMode>
          <StopPlaceType>busStation</StopPlaceType>
          <Weighting>interchangeAllowed</Weighting>
          <quays>
            <Quay modification="revise" version="19460" id="VTR:Quay:19444">
              <Centroid>
                <Location>
                  <Longitude>25.385733</Longitude>
                  <Latitude>54.306894</Latitude>
                </Location>
              </Centroid>
            </Quay>
          </quays>
        </StopPlace>
        <StopPlace created="2015-06-05T17:45:04" changed="2017-11-22T16:28:59" modification="revise" version="19501" id="VTR:StopPlaceElement:19485">
          <ValidBetween>
            <FromDate>2017-11-22T16:28:59</FromDate>
          </ValidBetween>
          <keyList>
            <KeyValue>
              <Key>DATA_SOURCE_TYPE</Key>
              <Value>LAKIS</Value>
            </KeyValue>
          </keyList>
          <Name lang="lt">Vilniaus autobusų stotis</Name>
          <Centroid>
            <Location>
              <Longitude>25.281344</Longitude>
              <Latitude>54.670771</Latitude>
            </Location>
          </Centroid>
          <TransportMode>bus</TransportMode>
          <StopPlaceType>busStation</StopPlaceType>
          <Weighting>interchangeAllowed</Weighting>
          <quays>
            <Quay modification="revise" version="19501" id="VTR:Quay:19485">
              <Centroid>
                <Location>
                  <Longitude>25.281344</Longitude>
                  <Latitude>54.670771</Latitude>
                </Location>
              </Centroid>
            </Quay>
          </quays>
        </StopPlace>
        <StopPlace created="2015-06-26T08:50:34" changed="2015-08-10T13:28:11" modification="revise" version="20091" id="VTR:StopPlaceElement:20083">
          <ValidBetween>
            <FromDate>2015-08-10T13:28:11</FromDate>
          </ValidBetween>
          <keyList>
            <KeyValue>
              <Key>DATA_SOURCE_TYPE</Key>
              <Value>VINTRA</Value>
            </KeyValue>
          </keyList>
          <Name lang="lt">Gariūnai</Name>
          <Centroid>
            <Location>
              <Longitude>25.160507</Longitude>
              <Latitude>54.659055</Latitude>
            </Location>
          </Centroid>
          <TransportMode>bus</TransportMode>
          <StopPlaceType>onstreetBus</StopPlaceType>
          <Weighting>interchangeAllowed</Weighting>
          <quays>
            <Quay modification="revise" version="20091" id="VTR:Quay:20083">
              <Centroid>
                <Location>
                  <Longitude>25.160507</Longitude>
                  <Latitude>54.659055</Latitude>
                </Location>
              </Centroid>
            </Quay>
          </quays>
        </StopPlace>
        <StopPlace created="2015-06-26T08:51:19" changed="2015-08-10T13:28:03" modification="revise" version="20092" id="VTR:StopPlaceElement:20084">
          <ValidBetween>
            <FromDate>2015-08-10T13:28:03</FromDate>
          </ValidBetween>
          <keyList>
            <KeyValue>
              <Key>DATA_SOURCE_TYPE</Key>
              <Value>VINTRA</Value>
            </KeyValue>
          </keyList>
          <Name lang="lt">Gariūnai</Name>
          <Centroid>
            <Location>
              <Longitude>25.158762</Longitude>
              <Latitude>54.65883</Latitude>
            </Location>
          </Centroid>
          <TransportMode>bus</TransportMode>
          <StopPlaceType>onstreetBus</StopPlaceType>
          <Weighting>interchangeAllowed</Weighting>
          <quays>
            <Quay modification="revise" version="20092" id="VTR:Quay:20084">
              <Centroid>
                <Location>
                  <Longitude>25.158762</Longitude>
                  <Latitude>54.65883</Latitude>
                </Location>
              </Centroid>
            </Quay>
          </quays>
        </StopPlace>
        <StopPlace created="2015-09-17T09:58:58" changed="2015-09-30T15:56:08" modification="revise" version="23534" id="VTR:StopPlaceElement:23534">
          <ValidBetween>
            <FromDate>2015-09-30T15:56:08</FromDate>
          </ValidBetween>
          <keyList>
            <KeyValue>
              <Key>DATA_SOURCE_TYPE</Key>
              <Value>VINTRA</Value>
            </KeyValue>
          </keyList>
          <Name lang="lt">Lydos st.</Name>
          <Centroid>
            <Location>
              <Longitude>25.305544</Longitude>
              <Latitude>54.625451</Latitude>
            </Location>
          </Centroid>
          <TransportMode>bus</TransportMode>
          <StopPlaceType>onstreetBus</StopPlaceType>
          <Weighting>interchangeAllowed</Weighting>
          <quays>
            <Quay modification="new" version="23534" id="VTR:Quay:23534">
              <Centroid>
                <Location>
                  <Longitude>25.305544</Longitude>
                  <Latitude>54.625451</Latitude>
                </Location>
              </Centroid>
            </Quay>
          </quays>
        </StopPlace>
        <StopPlace created="2015-09-17T09:59:36" changed="2015-09-30T15:57:09" modification="revise" version="23535" id="VTR:StopPlaceElement:23535">
          <ValidBetween>
            <FromDate>2015-09-30T15:57:09</FromDate>
          </ValidBetween>
          <keyList>
            <KeyValue>
              <Key>DATA_SOURCE_TYPE</Key>
              <Value>VINTRA</Value>
            </KeyValue>
          </keyList>
          <Name lang="lt">Lydos st.</Name>
          <Centroid>
            <Location>
              <Longitude>25.305401</Longitude>
              <Latitude>54.625329</Latitude>
            </Location>
          </Centroid>
          <TransportMode>bus</TransportMode>
          <StopPlaceType>onstreetBus</StopPlaceType>
          <Weighting>interchangeAllowed</Weighting>
          <quays>
            <Quay modification="new" version="23535" id="VTR:Quay:23535">
              <Centroid>
                <Location>
                  <Longitude>25.305401</Longitude>
                  <Latitude>54.625329</Latitude>
                </Location>
              </Centroid>
            </Quay>
          </quays>
        </StopPlace>
        <StopPlace created="2015-09-21T11:47:03" changed="2015-09-30T15:57:09" modification="revise" version="23588" id="VTR:StopPlaceElement:23601">
          <ValidBetween>
            <FromDate>2015-09-30T15:57:09</FromDate>
          </ValidBetween>
          <keyList>
            <KeyValue>
              <Key>DATA_SOURCE_TYPE</Key>
              <Value>VINTRA</Value>
            </KeyValue>
          </keyList>
          <Name lang="lt">Miško parkas</Name>
          <Centroid>
            <Location>
              <Longitude>25.303029</Longitude>
              <Latitude>54.636828</Latitude>
            </Location>
          </Centroid>
          <TransportMode>bus</TransportMode>
          <StopPlaceType>onstreetBus</StopPlaceType>
          <Weighting>interchangeAllowed</Weighting>
          <quays>
            <Quay modification="revise" version="23588" id="VTR:Quay:23601">
              <Centroid>
                <Location>
                  <Longitude>25.303029</Longitude>
                  <Latitude>54.636828</Latitude>
                </Location>
              </Centroid>
            </Quay>
          </quays>
        </StopPlace>
        <StopPlace created="2015-09-21T11:47:23" changed="2015-09-30T15:56:08" modification="revise" version="23589" id="VTR:StopPlaceElement:23602">
          <ValidBetween>
            <FromDate>2015-09-30T15:56:08</FromDate>
          </ValidBetween>
          <keyList>
            <KeyValue>
              <Key>DATA_SOURCE_TYPE</Key>
              <Value>VINTRA</Value>
            </KeyValue>
          </keyList>
          <Name lang="lt">Miško parkas</Name>
          <Centroid>
            <Location>
              <Longitude>25.303256</Longitude>
              <Latitude>54.636227</Latitude>
            </Location>
          </Centroid>
          <TransportMode>bus</TransportMode>
          <StopPlaceType>onstreetBus</StopPlaceType>
          <Weighting>interchangeAllowed</Weighting>
          <quays>
            <Quay modification="revise" version="23589" id="VTR:Quay:23602">
              <Centroid>
                <Location>
                  <Longitude>25.303256</Longitude>
                  <Latitude>54.636227</Latitude>
                </Location>
              </Centroid>
            </Quay>
          </quays>
        </StopPlace>
        <StopPlace created="2015-09-21T14:35:59" changed="2015-09-30T15:56:08" modification="revise" version="23592" id="VTR:StopPlaceElement:23605">
          <ValidBetween>
            <FromDate>2015-09-30T15:56:08</FromDate>
          </ValidBetween>
          <keyList>
            <KeyValue>
              <Key>DATA_SOURCE_TYPE</Key>
              <Value>VINTRA</Value>
            </KeyValue>
          </keyList>
          <Name lang="lt">Žirnių st.</Name>
          <Centroid>
            <Location>
              <Longitude>25.303038</Longitude>
              <Latitude>54.654964</Latitude>
            </Location>
          </Centroid>
          <TransportMode>bus</TransportMode>
          <StopPlaceType>onstreetBus</StopPlaceType>
          <Weighting>interchangeAllowed</Weighting>
          <quays>
            <Quay modification="revise" version="23592" id="VTR:Quay:23605">
              <Centroid>
                <Location>
                  <Longitude>25.303038</Longitude>
                  <Latitude>54.654964</Latitude>
                </Location>
              </Centroid>
            </Quay>
          </quays>
        </StopPlace>
        <StopPlace created="2015-09-21T14:36:17" changed="2015-09-30T15:57:09" modification="revise" version="23593" id="VTR:StopPlaceElement:23606">
          <ValidBetween>
            <FromDate>2015-09-30T15:57:09</FromDate>
          </ValidBetween>
          <keyList>
            <KeyValue>
              <Key>DATA_SOURCE_TYPE</Key>
              <Value>VINTRA</Value>
            </KeyValue>
          </keyList>
          <Name lang="lt">Žirnių st.</Name>
          <Centroid>
            <Location>
              <Longitude>25.302653</Longitude>
              <Latitude>54.65318</Latitude>
            </Location>
          </Centroid>
          <TransportMode>bus</TransportMode>
          <StopPlaceType>onstreetBus</StopPlaceType>
          <Weighting>interchangeAllowed</Weighting>
          <quays>
            <Quay modification="revise" version="23593" id="VTR:Quay:23606">
              <Centroid>
                <Location>
                  <Longitude>25.302653</Longitude>
                  <Latitude>54.65318</Latitude>
                </Location>
              </Centroid>
            </Quay>
          </quays>
        </StopPlace>
        <StopPlace created="2015-09-21T14:36:51" changed="2015-09-30T15:56:08" modification="revise" version="23594" id="VTR:StopPlaceElement:23607">
          <ValidBetween>
            <FromDate>2015-09-30T15:56:08</FromDate>
          </ValidBetween>
          <keyList>
            <KeyValue>
              <Key>DATA_SOURCE_TYPE</Key>
              <Value>VINTRA</Value>
            </KeyValue>
          </keyList>
          <Name lang="lt">Pelesos st.</Name>
          <Centroid>
            <Location>
              <Longitude>25.291548</Longitude>
              <Latitude>54.671501</Latitude>
            </Location>
          </Centroid>
          <TransportMode>bus</TransportMode>
          <StopPlaceType>onstreetBus</StopPlaceType>
          <Weighting>interchangeAllowed</Weighting>
          <quays>
            <Quay modification="revise" version="23594" id="VTR:Quay:23607">
              <Centroid>
                <Location>
                  <Longitude>25.291548</Longitude>
                  <Latitude>54.671501</Latitude>
                </Location>
              </Centroid>
            </Quay>
          </quays>
        </StopPlace>
        <StopPlace created="2015-09-21T14:37:07" changed="2015-09-30T15:57:09" modification="revise" version="23595" id="VTR:StopPlaceElement:23608">
          <ValidBetween>
            <FromDate>2015-09-30T15:57:09</FromDate>
          </ValidBetween>
          <keyList>
            <KeyValue>
              <Key>DATA_SOURCE_TYPE</Key>
              <Value>VINTRA</Value>
            </KeyValue>
          </keyList>
          <Name lang="lt">Pelesos st.</Name>
          <Centroid>
            <Location>
              <Longitude>25.291111</Longitude>
              <Latitude>54.671187</Latitude>
            </Location>
          </Centroid>
          <TransportMode>bus</TransportMode>
          <StopPlaceType>onstreetBus</StopPlaceType>
          <Weighting>interchangeAllowed</Weighting>
          <quays>
            <Quay modification="revise" version="23595" id="VTR:Quay:23608">
              <Centroid>
                <Location>
                  <Longitude>25.291111</Longitude>
                  <Latitude>54.671187</Latitude>
                </Location>
              </Centroid>
            </Quay>
          </quays>
        </StopPlace>
        <StopPlace created="2015-05-25T15:28:35" changed="2018-11-23T02:18:12" modification="revise" version="4832" id="VTR:StopPlaceElement:4832">
          <ValidBetween>
            <FromDate>2018-11-23T02:18:12</FromDate>
          </ValidBetween>
          <keyList>
            <KeyValue>
              <Key>DATA_SOURCE_TYPE</Key>
              <Value>LAKIS</Value>
            </KeyValue>
          </keyList>
          <Name lang="lt">Eglinė</Name>
          <Centroid>
            <Location>
              <Longitude>25.317423</Longitude>
              <Latitude>54.484759</Latitude>
            </Location>
          </Centroid>
          <TransportMode>bus</TransportMode>
          <StopPlaceType>onstreetBus</StopPlaceType>
          <Weighting>interchangeAllowed</Weighting>
          <quays>
            <Quay modification="new" version="4832" id="VTR:Quay:4832">
              <Centroid>
                <Location>
                  <Longitude>25.317423</Longitude>
                  <Latitude>54.484759</Latitude>
                </Location>
              </Centroid>
            </Quay>
          </quays>
        </StopPlace>
        <StopPlace created="2015-05-25T15:29:09" changed="2018-11-23T02:15:47" modification="revise" version="4927" id="VTR:StopPlaceElement:4927">
          <ValidBetween>
            <FromDate>2018-11-23T02:15:46</FromDate>
          </ValidBetween>
          <keyList>
            <KeyValue>
              <Key>DATA_SOURCE_TYPE</Key>
              <Value>LAKIS</Value>
            </KeyValue>
          </keyList>
          <Name lang="lt">Jašiūnai</Name>
          <Centroid>
            <Location>
              <Longitude>25.327742</Longitude>
              <Latitude>54.440787</Latitude>
            </Location>
          </Centroid>
          <TransportMode>bus</TransportMode>
          <StopPlaceType>onstreetBus</StopPlaceType>
          <Weighting>interchangeAllowed</Weighting>
          <quays>
            <Quay modification="new" version="4927" id="VTR:Quay:4927">
              <Centroid>
                <Location>
                  <Longitude>25.327742</Longitude>
                  <Latitude>54.440787</Latitude>
                </Location>
              </Centroid>
            </Quay>
          </quays>
        </StopPlace>
        <StopPlace created="2015-05-25T15:29:10" changed="2018-11-23T02:18:14" modification="revise" version="4929" id="VTR:StopPlaceElement:4929">
          <ValidBetween>
            <FromDate>2018-11-23T02:18:13</FromDate>
          </ValidBetween>
          <keyList>
            <KeyValue>
              <Key>DATA_SOURCE_TYPE</Key>
              <Value>LAKIS</Value>
            </KeyValue>
          </keyList>
          <Name lang="lt">Migūnai</Name>
          <Centroid>
            <Location>
              <Longitude>25.314545</Longitude>
              <Latitude>54.533026</Latitude>
            </Location>
          </Centroid>
          <TransportMode>bus</TransportMode>
          <StopPlaceType>onstreetBus</StopPlaceType>
          <Weighting>interchangeAllowed</Weighting>
          <quays>
            <Quay modification="new" version="4929" id="VTR:Quay:4929">
              <Centroid>
                <Location>
                  <Longitude>25.314545</Longitude>
                  <Latitude>54.533026</Latitude>
                </Location>
              </Centroid>
            </Quay>
          </quays>
        </StopPlace>
        <StopPlace created="2015-05-25T15:29:10" changed="2018-11-23T02:15:47" modification="revise" version="4930" id="VTR:StopPlaceElement:4930">
          <ValidBetween>
            <FromDate>2018-11-23T02:15:47</FromDate>
          </ValidBetween>
          <keyList>
            <KeyValue>
              <Key>DATA_SOURCE_TYPE</Key>
              <Value>LAKIS</Value>
            </KeyValue>
          </keyList>
          <Name lang="lt">Bruknynė</Name>
          <Centroid>
            <Location>
              <Longitude>25.380868</Longitude>
              <Latitude>54.357417</Latitude>
            </Location>
          </Centroid>
          <TransportMode>bus</TransportMode>
          <StopPlaceType>onstreetBus</StopPlaceType>
          <Weighting>interchangeAllowed</Weighting>
          <quays>
            <Quay modification="new" version="4930" id="VTR:Quay:4930">
              <Centroid>
                <Location>
                  <Longitude>25.380868</Longitude>
                  <Latitude>54.357417</Latitude>
                </Location>
              </Centroid>
            </Quay>
          </quays>
        </StopPlace>
        <StopPlace created="2015-05-25T15:29:12" changed="2018-11-23T02:15:47" modification="revise" version="4937" id="VTR:StopPlaceElement:4937">
          <ValidBetween>
            <FromDate>2018-11-23T02:15:47</FromDate>
          </ValidBetween>
          <keyList>
            <KeyValue>
              <Key>DATA_SOURCE_TYPE</Key>
              <Value>LAKIS</Value>
            </KeyValue>
          </keyList>
          <Name lang="lt">Ragožiškes</Name>
          <Centroid>
            <Location>
              <Longitude>25.37462</Longitude>
              <Latitude>54.387597</Latitude>
            </Location>
          </Centroid>
          <TransportMode>bus</TransportMode>
          <StopPlaceType>onstreetBus</StopPlaceType>
          <Weighting>interchangeAllowed</Weighting>
          <quays>
            <Quay modification="new" version="4937" id="VTR:Quay:4937">
              <Centroid>
                <Location>
                  <Longitude>25.37462</Longitude>
                  <Latitude>54.387597</Latitude>
                </Location>
              </Centroid>
            </Quay>
          </quays>
        </StopPlace>
        <StopPlace created="2015-05-25T15:29:17" changed="2018-11-23T02:15:51" modification="revise" version="4951" id="VTR:StopPlaceElement:4951">
          <ValidBetween>
            <FromDate>2018-11-23T02:15:51</FromDate>
          </ValidBetween>
          <keyList>
            <KeyValue>
              <Key>DATA_SOURCE_TYPE</Key>
              <Value>LAKIS</Value>
            </KeyValue>
          </keyList>
          <Name lang="lt">Šalčininkėliai</Name>
          <Centroid>
            <Location>
              <Longitude>25.380623</Longitude>
              <Latitude>54.377233</Latitude>
            </Location>
          </Centroid>
          <TransportMode>bus</TransportMode>
          <StopPlaceType>onstreetBus</StopPlaceType>
          <Weighting>interchangeAllowed</Weighting>
          <quays>
            <Quay modification="new" version="4951" id="VTR:Quay:4951">
              <Centroid>
                <Location>
                  <Longitude>25.380623</Longitude>
                  <Latitude>54.377233</Latitude>
                </Location>
              </Centroid>
            </Quay>
          </quays>
        </StopPlace>
        <StopPlace created="2015-05-25T15:34:58" changed="2018-11-23T02:15:48" modification="revise" version="5800" id="VTR:StopPlaceElement:5800">
          <ValidBetween>
            <FromDate>2018-11-23T02:15:48</FromDate>
          </ValidBetween>
          <keyList>
            <KeyValue>
              <Key>DATA_SOURCE_TYPE</Key>
              <Value>LAKIS</Value>
            </KeyValue>
          </keyList>
          <Name lang="lt">Šalčininkėliai</Name>
          <Centroid>
            <Location>
              <Longitude>25.379997</Longitude>
              <Latitude>54.377928</Latitude>
            </Location>
          </Centroid>
          <TransportMode>bus</TransportMode>
          <StopPlaceType>onstreetBus</StopPlaceType>
          <Weighting>interchangeAllowed</Weighting>
          <quays>
            <Quay modification="new" version="5800" id="VTR:Quay:5800">
              <Centroid>
                <Location>
                  <Longitude>25.379997</Longitude>
                  <Latitude>54.377928</Latitude>
                </Location>
              </Centroid>
            </Quay>
          </quays>
        </StopPlace>
        <StopPlace created="2015-05-25T15:35:11" changed="2019-09-20T02:15:49" modification="revise" version="5828" id="VTR:StopPlaceElement:5828">
          <ValidBetween>
            <FromDate>2019-09-20T02:15:49</FromDate>
          </ValidBetween>
          <keyList>
            <KeyValue>
              <Key>DATA_SOURCE_TYPE</Key>
              <Value>LAKIS</Value>
            </KeyValue>
          </keyList>
          <Name lang="lt">Slabada</Name>
          <Centroid>
            <Location>
              <Longitude>25.316377</Longitude>
              <Latitude>54.540693</Latitude>
            </Location>
          </Centroid>
          <TransportMode>bus</TransportMode>
          <StopPlaceType>onstreetBus</StopPlaceType>
          <Weighting>interchangeAllowed</Weighting>
          <quays>
            <Quay modification="new" version="5828" id="VTR:Quay:5828">
              <Centroid>
                <Location>
                  <Longitude>25.316377</Longitude>
                  <Latitude>54.540693</Latitude>
                </Location>
              </Centroid>
            </Quay>
          </quays>
        </StopPlace>
        <StopPlace created="2015-05-25T15:35:11" changed="2018-11-23T02:16:24" modification="revise" version="5829" id="VTR:StopPlaceElement:5829">
          <ValidBetween>
            <FromDate>2018-11-23T02:16:24</FromDate>
          </ValidBetween>
          <keyList>
            <KeyValue>
              <Key>DATA_SOURCE_TYPE</Key>
              <Value>LAKIS</Value>
            </KeyValue>
          </keyList>
          <Name lang="lt">Marijampolis</Name>
          <Centroid>
            <Location>
              <Longitude>25.315173</Longitude>
              <Latitude>54.51854</Latitude>
            </Location>
          </Centroid>
          <TransportMode>bus</TransportMode>
          <StopPlaceType>onstreetBus</StopPlaceType>
          <Weighting>interchangeAllowed</Weighting>
          <quays>
            <Quay modification="new" version="5829" id="VTR:Quay:5829">
              <Centroid>
                <Location>
                  <Longitude>25.315173</Longitude>
                  <Latitude>54.51854</Latitude>
                </Location>
              </Centroid>
            </Quay>
          </quays>
        </StopPlace>
        <StopPlace created="2015-05-25T15:35:33" changed="2019-09-20T02:15:49" modification="revise" version="5875" id="VTR:StopPlaceElement:5875">
          <ValidBetween>
            <FromDate>2019-09-20T02:15:49</FromDate>
          </ValidBetween>
          <keyList>
            <KeyValue>
              <Key>DATA_SOURCE_TYPE</Key>
              <Value>LAKIS</Value>
            </KeyValue>
          </keyList>
          <Name lang="lt">Kelmytė</Name>
          <Centroid>
            <Location>
              <Longitude>25.313717</Longitude>
              <Latitude>54.551701</Latitude>
            </Location>
          </Centroid>
          <TransportMode>bus</TransportMode>
          <StopPlaceType>onstreetBus</StopPlaceType>
          <Weighting>interchangeAllowed</Weighting>
          <quays>
            <Quay modification="new" version="5875" id="VTR:Quay:5875">
              <Centroid>
                <Location>
                  <Longitude>25.313717</Longitude>
                  <Latitude>54.551701</Latitude>
                </Location>
              </Centroid>
            </Quay>
          </quays>
        </StopPlace>
        <StopPlace created="2015-05-25T15:35:37" changed="2018-11-23T02:15:54" modification="revise" version="5882" id="VTR:StopPlaceElement:5882">
          <ValidBetween>
            <FromDate>2018-11-23T02:15:54</FromDate>
          </ValidBetween>
          <keyList>
            <KeyValue>
              <Key>DATA_SOURCE_TYPE</Key>
              <Value>LAKIS</Value>
            </KeyValue>
          </keyList>
          <Name lang="lt">Ažulomis</Name>
          <Centroid>
            <Location>
              <Longitude>25.379905</Longitude>
              <Latitude>54.337148</Latitude>
            </Location>
          </Centroid>
          <TransportMode>bus</TransportMode>
          <StopPlaceType>onstreetBus</StopPlaceType>
          <Weighting>interchangeAllowed</Weighting>
          <quays>
            <Quay modification="new" version="5882" id="VTR:Quay:5882">
              <Centroid>
                <Location>
                  <Longitude>25.379905</Longitude>
                  <Latitude>54.337148</Latitude>
                </Location>
              </Centroid>
            </Quay>
          </quays>
        </StopPlace>
        <StopPlace created="2015-05-25T15:35:49" changed="2018-11-23T02:15:54" modification="revise" version="5907" id="VTR:StopPlaceElement:5907">
          <ValidBetween>
            <FromDate>2018-11-23T02:15:54</FromDate>
          </ValidBetween>
          <keyList>
            <KeyValue>
              <Key>DATA_SOURCE_TYPE</Key>
              <Value>LAKIS</Value>
            </KeyValue>
          </keyList>
          <Name lang="lt">Gojus</Name>
          <Centroid>
            <Location>
              <Longitude>25.339733</Longitude>
              <Latitude>54.426013</Latitude>
            </Location>
          </Centroid>
          <TransportMode>bus</TransportMode>
          <StopPlaceType>onstreetBus</StopPlaceType>
          <Weighting>interchangeAllowed</Weighting>
          <quays>
            <Quay modification="new" version="5907" id="VTR:Quay:5907">
              <Centroid>
                <Location>
                  <Longitude>25.339733</Longitude>
                  <Latitude>54.426013</Latitude>
                </Location>
              </Centroid>
            </Quay>
          </quays>
        </StopPlace>
        <StopPlace created="2015-05-25T15:36:00" changed="2019-09-20T02:15:50" modification="revise" version="5933" id="VTR:StopPlaceElement:5933">
          <ValidBetween>
            <FromDate>2019-09-20T02:15:50</FromDate>
          </ValidBetween>
          <keyList>
            <KeyValue>
              <Key>DATA_SOURCE_TYPE</Key>
              <Value>LAKIS</Value>
            </KeyValue>
          </keyList>
          <Name lang="lt">Totorinė</Name>
          <Centroid>
            <Location>
              <Longitude>25.315754</Longitude>
              <Latitude>54.575906</Latitude>
            </Location>
          </Centroid>
          <TransportMode>bus</TransportMode>
          <StopPlaceType>onstreetBus</StopPlaceType>
          <Weighting>interchangeAllowed</Weighting>
          <quays>
            <Quay modification="new" version="5933" id="VTR:Quay:5933">
              <Centroid>
                <Location>
                  <Longitude>25.315754</Longitude>
                  <Latitude>54.575906</Latitude>
                </Location>
              </Centroid>
            </Quay>
          </quays>
        </StopPlace>
        <StopPlace created="2015-05-25T15:36:13" changed="2018-11-23T02:15:50" modification="revise" version="5960" id="VTR:StopPlaceElement:5960">
          <ValidBetween>
            <FromDate>2018-11-23T02:15:50</FromDate>
          </ValidBetween>
          <keyList>
            <KeyValue>
              <Key>DATA_SOURCE_TYPE</Key>
              <Value>LAKIS</Value>
            </KeyValue>
          </keyList>
          <Name lang="lt">Zavišonys</Name>
          <Centroid>
            <Location>
              <Longitude>25.368234</Longitude>
              <Latitude>54.396304</Latitude>
            </Location>
          </Centroid>
          <TransportMode>bus</TransportMode>
          <StopPlaceType>onstreetBus</StopPlaceType>
          <Weighting>interchangeAllowed</Weighting>
          <quays>
            <Quay modification="new" version="5960" id="VTR:Quay:5960">
              <Centroid>
                <Location>
                  <Longitude>25.368234</Longitude>
                  <Latitude>54.396304</Latitude>
                </Location>
              </Centroid>
            </Quay>
          </quays>
        </StopPlace>
        <StopPlace created="2015-05-25T15:36:14" changed="2018-11-23T02:16:23" modification="revise" version="5962" id="VTR:StopPlaceElement:5962">
          <ValidBetween>
            <FromDate>2018-11-23T02:16:22</FromDate>
          </ValidBetween>
          <keyList>
            <KeyValue>
              <Key>DATA_SOURCE_TYPE</Key>
              <Value>LAKIS</Value>
            </KeyValue>
          </keyList>
          <Name lang="lt">Arliškės</Name>
          <Centroid>
            <Location>
              <Longitude>25.318228</Longitude>
              <Latitude>54.477016</Latitude>
            </Location>
          </Centroid>
          <TransportMode>bus</TransportMode>
          <StopPlaceType>onstreetBus</StopPlaceType>
          <Weighting>interchangeAllowed</Weighting>
          <quays>
            <Quay modification="new" version="5962" id="VTR:Quay:5962">
              <Centroid>
                <Location>
                  <Longitude>25.318228</Longitude>
                  <Latitude>54.477016</Latitude>
                </Location>
              </Centroid>
            </Quay>
          </quays>
        </StopPlace>
        <StopPlace created="2015-05-25T15:36:53" changed="2018-01-12T02:16:30" modification="revise" version="6043" id="VTR:StopPlaceElement:6043">
          <ValidBetween>
            <FromDate>2018-01-12T02:16:30</FromDate>
          </ValidBetween>
          <keyList>
            <KeyValue>
              <Key>DATA_SOURCE_TYPE</Key>
              <Value>LAKIS</Value>
            </KeyValue>
          </keyList>
          <Name lang="lt">Šalčininkų st.</Name>
          <Centroid>
            <Location>
              <Longitude>25.382736</Longitude>
              <Latitude>54.317218</Latitude>
            </Location>
          </Centroid>
          <TransportMode>bus</TransportMode>
          <StopPlaceType>onstreetBus</StopPlaceType>
          <Weighting>interchangeAllowed</Weighting>
          <quays>
            <Quay modification="new" version="6043" id="VTR:Quay:6043">
              <Centroid>
                <Location>
                  <Longitude>25.382736</Longitude>
                  <Latitude>54.317218</Latitude>
                </Location>
              </Centroid>
            </Quay>
          </quays>
        </StopPlace>
        <StopPlace created="2015-05-25T15:42:18" changed="2018-11-23T02:15:52" modification="revise" version="6716" id="VTR:StopPlaceElement:6716">
          <ValidBetween>
            <FromDate>2018-11-23T02:15:52</FromDate>
          </ValidBetween>
          <keyList>
            <KeyValue>
              <Key>DATA_SOURCE_TYPE</Key>
              <Value>LAKIS</Value>
            </KeyValue>
          </keyList>
          <Name lang="lt">Marijampolis</Name>
          <Centroid>
            <Location>
              <Longitude>25.315374</Longitude>
              <Latitude>54.517298</Latitude>
            </Location>
          </Centroid>
          <TransportMode>bus</TransportMode>
          <StopPlaceType>onstreetBus</StopPlaceType>
          <Weighting>interchangeAllowed</Weighting>
          <quays>
            <Quay modification="new" version="6716" id="VTR:Quay:6716">
              <Centroid>
                <Location>
                  <Longitude>25.315374</Longitude>
                  <Latitude>54.517298</Latitude>
                </Location>
              </Centroid>
            </Quay>
          </quays>
        </StopPlace>
        <StopPlace created="2015-05-25T16:02:39" changed="2018-11-23T02:17:36" modification="revise" version="8701" id="VTR:StopPlaceElement:8701">
          <ValidBetween>
            <FromDate>2018-11-23T02:17:36</FromDate>
          </ValidBetween>
          <keyList>
            <KeyValue>
              <Key>DATA_SOURCE_TYPE</Key>
              <Value>LAKIS</Value>
            </KeyValue>
          </keyList>
          <Name lang="lt">Zavišonys</Name>
          <Centroid>
            <Location>
              <Longitude>25.367333</Longitude>
              <Latitude>54.397638</Latitude>
            </Location>
          </Centroid>
          <TransportMode>bus</TransportMode>
          <StopPlaceType>onstreetBus</StopPlaceType>
          <Weighting>interchangeAllowed</Weighting>
          <quays>
            <Quay modification="new" version="8701" id="VTR:Quay:8701">
              <Centroid>
                <Location>
                  <Longitude>25.367333</Longitude>
                  <Latitude>54.397638</Latitude>
                </Location>
              </Centroid>
            </Quay>
          </quays>
        </StopPlace>
        <StopPlace created="2015-05-25T16:02:44" changed="2018-11-23T02:15:59" modification="revise" version="8708" id="VTR:StopPlaceElement:8708">
          <ValidBetween>
            <FromDate>2018-11-23T02:15:59</FromDate>
          </ValidBetween>
          <keyList>
            <KeyValue>
              <Key>DATA_SOURCE_TYPE</Key>
              <Value>LAKIS</Value>
            </KeyValue>
          </keyList>
          <Name lang="lt">Arliškės</Name>
          <Centroid>
            <Location>
              <Longitude>25.318307</Longitude>
              <Latitude>54.475596</Latitude>
            </Location>
          </Centroid>
          <TransportMode>bus</TransportMode>
          <StopPlaceType>onstreetBus</StopPlaceType>
          <Weighting>interchangeAllowed</Weighting>
          <quays>
            <Quay modification="new" version="8708" id="VTR:Quay:8708">
              <Centroid>
                <Location>
                  <Longitude>25.318307</Longitude>
                  <Latitude>54.475596</Latitude>
                </Location>
              </Centroid>
            </Quay>
          </quays>
        </StopPlace>
        <StopPlace created="2015-05-25T16:02:52" changed="2018-11-23T02:17:34" modification="revise" version="8719" id="VTR:StopPlaceElement:8719">
          <ValidBetween>
            <FromDate>2018-11-23T02:17:34</FromDate>
          </ValidBetween>
          <keyList>
            <KeyValue>
              <Key>DATA_SOURCE_TYPE</Key>
              <Value>LAKIS</Value>
            </KeyValue>
          </keyList>
          <Name lang="lt">Jaglimainys</Name>
          <Centroid>
            <Location>
              <Longitude>25.362394</Longitude>
              <Latitude>54.410736</Latitude>
            </Location>
          </Centroid>
          <TransportMode>bus</TransportMode>
          <StopPlaceType>onstreetBus</StopPlaceType>
          <Weighting>interchangeAllowed</Weighting>
          <quays>
            <Quay modification="new" version="8719" id="VTR:Quay:8719">
              <Centroid>
                <Location>
                  <Longitude>25.362394</Longitude>
                  <Latitude>54.410736</Latitude>
                </Location>
              </Centroid>
            </Quay>
          </quays>
        </StopPlace>
        <StopPlace created="2015-05-25T16:03:06" changed="2019-09-20T02:15:54" modification="revise" version="8739" id="VTR:StopPlaceElement:8739">
          <ValidBetween>
            <FromDate>2019-09-20T02:15:54</FromDate>
          </ValidBetween>
          <keyList>
            <KeyValue>
              <Key>DATA_SOURCE_TYPE</Key>
              <Value>LAKIS</Value>
            </KeyValue>
          </keyList>
          <Name lang="lt">Totorinė</Name>
          <Centroid>
            <Location>
              <Longitude>25.315627</Longitude>
              <Latitude>54.575072</Latitude>
            </Location>
          </Centroid>
          <TransportMode>bus</TransportMode>
          <StopPlaceType>onstreetBus</StopPlaceType>
          <Weighting>interchangeAllowed</Weighting>
          <quays>
            <Quay modification="new" version="8739" id="VTR:Quay:8739">
              <Centroid>
                <Location>
                  <Longitude>25.315627</Longitude>
                  <Latitude>54.575072</Latitude>
                </Location>
              </Centroid>
            </Quay>
          </quays>
        </StopPlace>
        <StopPlace created="2015-05-25T16:14:11" changed="2018-11-23T02:16:01" modification="revise" version="9624" id="VTR:StopPlaceElement:9624">
          <ValidBetween>
            <FromDate>2018-11-23T02:16:01</FromDate>
          </ValidBetween>
          <keyList>
            <KeyValue>
              <Key>DATA_SOURCE_TYPE</Key>
              <Value>LAKIS</Value>
            </KeyValue>
          </keyList>
          <Name lang="lt">Jaglimainys</Name>
          <Centroid>
            <Location>
              <Longitude>25.362589</Longitude>
              <Latitude>54.40978</Latitude>
            </Location>
          </Centroid>
          <TransportMode>bus</TransportMode>
          <StopPlaceType>onstreetBus</StopPlaceType>
          <Weighting>interchangeAllowed</Weighting>
          <quays>
            <Quay modification="new" version="9624" id="VTR:Quay:9624">
              <Centroid>
                <Location>
                  <Longitude>25.362589</Longitude>
                  <Latitude>54.40978</Latitude>
                </Location>
              </Centroid>
            </Quay>
          </quays>
        </StopPlace>
        <StopPlace created="2015-05-25T16:14:13" changed="2018-11-23T02:17:44" modification="revise" version="9627" id="VTR:StopPlaceElement:9627">
          <ValidBetween>
            <FromDate>2018-11-23T02:17:44</FromDate>
          </ValidBetween>
          <keyList>
            <KeyValue>
              <Key>DATA_SOURCE_TYPE</Key>
              <Value>LAKIS</Value>
            </KeyValue>
          </keyList>
          <Name lang="lt">Mokykla</Name>
          <Centroid>
            <Location>
              <Longitude>25.313782</Longitude>
              <Latitude>54.527191</Latitude>
            </Location>
          </Centroid>
          <TransportMode>bus</TransportMode>
          <StopPlaceType>onstreetBus</StopPlaceType>
          <Weighting>interchangeAllowed</Weighting>
          <quays>
            <Quay modification="new" version="9627" id="VTR:Quay:9627">
              <Centroid>
                <Location>
                  <Longitude>25.313782</Longitude>
                  <Latitude>54.527191</Latitude>
                </Location>
              </Centroid>
            </Quay>
          </quays>
        </StopPlace>
        <StopPlace created="2015-05-25T16:14:26" changed="2018-11-23T02:17:45" modification="revise" version="9643" id="VTR:StopPlaceElement:9643">
          <ValidBetween>
            <FromDate>2018-11-23T02:17:45</FromDate>
          </ValidBetween>
          <keyList>
            <KeyValue>
              <Key>DATA_SOURCE_TYPE</Key>
              <Value>LAKIS</Value>
            </KeyValue>
          </keyList>
          <Name lang="lt">Eglinė</Name>
          <Centroid>
            <Location>
              <Longitude>25.317191</Longitude>
              <Latitude>54.483961</Latitude>
            </Location>
          </Centroid>
          <TransportMode>bus</TransportMode>
          <StopPlaceType>onstreetBus</StopPlaceType>
          <Weighting>interchangeAllowed</Weighting>
          <quays>
            <Quay modification="new" version="9643" id="VTR:Quay:9643">
              <Centroid>
                <Location>
                  <Longitude>25.317191</Longitude>
                  <Latitude>54.483961</Latitude>
                </Location>
              </Centroid>
            </Quay>
          </quays>
        </StopPlace>
        <StopPlace created="2015-05-25T16:14:46" changed="2018-11-23T02:15:39" modification="revise" version="9669" id="VTR:StopPlaceElement:9669">
          <ValidBetween>
            <FromDate>2018-11-23T02:15:39</FromDate>
          </ValidBetween>
          <keyList>
            <KeyValue>
              <Key>DATA_SOURCE_TYPE</Key>
              <Value>LAKIS</Value>
            </KeyValue>
          </keyList>
          <Name lang="lt">Ragožiškes</Name>
          <Centroid>
            <Location>
              <Longitude>25.37548</Longitude>
              <Latitude>54.386813</Latitude>
            </Location>
          </Centroid>
          <TransportMode>bus</TransportMode>
          <StopPlaceType>onstreetBus</StopPlaceType>
          <Weighting>interchangeAllowed</Weighting>
          <quays>
            <Quay modification="new" version="9669" id="VTR:Quay:9669">
              <Centroid>
                <Location>
                  <Longitude>25.37548</Longitude>
                  <Latitude>54.386813</Latitude>
                </Location>
              </Centroid>
            </Quay>
          </quays>
        </StopPlace>
        <StopPlace created="2015-05-25T16:14:51" changed="2019-09-20T02:15:57" modification="revise" version="9675" id="VTR:StopPlaceElement:9675">
          <ValidBetween>
            <FromDate>2019-09-20T02:15:56</FromDate>
          </ValidBetween>
          <keyList>
            <KeyValue>
              <Key>DATA_SOURCE_TYPE</Key>
              <Value>LAKIS</Value>
            </KeyValue>
          </keyList>
          <Name lang="lt">Kelmytė</Name>
          <Centroid>
            <Location>
              <Longitude>25.313862</Longitude>
              <Latitude>54.550472</Latitude>
            </Location>
          </Centroid>
          <TransportMode>bus</TransportMode>
          <StopPlaceType>onstreetBus</StopPlaceType>
          <Weighting>interchangeAllowed</Weighting>
          <quays>
            <Quay modification="new" version="9675" id="VTR:Quay:9675">
              <Centroid>
                <Location>
                  <Longitude>25.313862</Longitude>
                  <Latitude>54.550472</Latitude>
                </Location>
              </Centroid>
            </Quay>
          </quays>
        </StopPlace>
        <StopPlace created="2015-05-25T16:15:24" changed="2018-01-12T02:15:38" modification="revise" version="9712" id="VTR:StopPlaceElement:9712">
          <ValidBetween>
            <FromDate>2018-01-12T02:15:38</FromDate>
          </ValidBetween>
          <keyList>
            <KeyValue>
              <Key>DATA_SOURCE_TYPE</Key>
              <Value>LAKIS</Value>
            </KeyValue>
          </keyList>
          <Name lang="lt">Šalčininkų st.</Name>
          <Centroid>
            <Location>
              <Longitude>25.382503</Longitude>
              <Latitude>54.318539</Latitude>
            </Location>
          </Centroid>
          <TransportMode>bus</TransportMode>
          <StopPlaceType>onstreetBus</StopPlaceType>
          <Weighting>interchangeAllowed</Weighting>
          <quays>
            <Quay modification="new" version="9712" id="VTR:Quay:9712">
              <Centroid>
                <Location>
                  <Longitude>25.382503</Longitude>
                  <Latitude>54.318539</Latitude>
                </Location>
              </Centroid>
            </Quay>
          </quays>
        </StopPlace>
      </stopPlaces>
    </SiteFrame>
  </dataObjects>
</PublicationDelivery>
