<?xml version="1.0" encoding="UTF-8"?><PublicationDelivery xmlns="http://www.netex.org.uk/netex" xmlns:gis="http://www.opengis.net/gml/3.2" xmlns:ns2="http://www.opengis.net/gml/3.2" xmlns:ns3="http://www.siri.org.uk/siri" xmlns:xsi="http://www.w3.org/2001/XMLSchema-instance" version="1" xsi:schemaLocation="">
  <PublicationTimestamp>2022-05-07T01:10:00.314</PublicationTimestamp>
  <ParticipantRef>VTR</ParticipantRef>
  <Description>1</Description>
  <dataObjects>
    <CompositeFrame created="2022-05-07T01:10:00.314" version="1" id="VTR:CompositeFrame:1355">
      <validityConditions>
        <AvailabilityCondition version="1" id="VTR:AvailabilityCondition:1355">
          <FromDate>2015-07-27T14:45:45</FromDate>
          <ToDate>2027-12-30T00:00:00</ToDate>
        </AvailabilityCondition>
      </validityConditions>
      <codespaces>
        <Codespace id="vtr">
          <Xmlns>VTR</Xmlns>
          <XmlnsUrl>http://www.visimarsrutai.lt/</XmlnsUrl>
        </Codespace>
      </codespaces>
      <FrameDefaults>
        <DefaultLocale>
          <TimeZone>Europe/Vilnius</TimeZone>
        </DefaultLocale>
        <DefaultLocationSystem>WGS84</DefaultLocationSystem>
      </FrameDefaults>
      <frames>
        <ServiceCalendarFrame version="1" id="VTR:ServiceCalendarFrame:1355">
          <dayTypes>
            <DayType id="VTR:DayType:2957" version="1">
              <properties>
                <PropertyOfDay>
                  <DaysOfWeek>Saturday</DaysOfWeek>
                </PropertyOfDay>
              </properties>
            </DayType>
            <DayType id="VTR:DayType:2958" version="1">
              <properties>
                <PropertyOfDay>
                  <DaysOfWeek>Monday Tuesday Wednesday Thursday Friday</DaysOfWeek>
                </PropertyOfDay>
              </properties>
            </DayType>
          </dayTypes>
          <operatingPeriods>
            <OperatingPeriod version="1" id="VTR:OperatingPeriod:2957">
              <FromDate>2015-01-01T00:00:00</FromDate>
              <ToDate>2020-01-01T00:00:00</ToDate>
            </OperatingPeriod>
            <OperatingPeriod version="1" id="VTR:OperatingPeriod:2958">
              <FromDate>2015-01-01T00:00:00</FromDate>
              <ToDate>2020-01-01T00:00:00</ToDate>
            </OperatingPeriod>
          </operatingPeriods>
          <dayTypeAssignments>
            <DayTypeAssignment id="VTR:DayTypeAssignment:2957_0" version="1" order="2302">
              <OperatingPeriodRef ref="VTR:OperatingPeriod:2957" version="1"/>
              <DayTypeRef ref="VTR:DayType:2957" version="1"/>
            </DayTypeAssignment>
            <DayTypeAssignment id="VTR:DayTypeAssignment:2958_0" version="1" order="2303">
              <OperatingPeriodRef ref="VTR:OperatingPeriod:2958" version="1"/>
              <DayTypeRef ref="VTR:DayType:2958" version="1"/>
            </DayTypeAssignment>
          </dayTypeAssignments>
        </ServiceCalendarFrame>
        <ServiceFrame id="VTR:ServiceFrame:1355" version="1">
          <Network version="0" id="VTR:Network:39"/>
          <routePoints>
            <RoutePoint version="1" id="VTR:RoutePoint:58653">
              <projections>
                <PointProjection version="1" id="VTR:PointProjection:20171">
                  <ProjectedPointRef ref="VTR:ScheduledStopPoint:58653" version="1"/>
                </PointProjection>
              </projections>
            </RoutePoint>
            <RoutePoint version="1" id="VTR:RoutePoint:58654">
              <projections>
                <PointProjection version="1" id="VTR:PointProjection:20172">
                  <ProjectedPointRef ref="VTR:ScheduledStopPoint:58654" version="1"/>
                </PointProjection>
              </projections>
            </RoutePoint>
            <RoutePoint version="1" id="VTR:RoutePoint:58655">
              <projections>
                <PointProjection version="1" id="VTR:PointProjection:20173">
                  <ProjectedPointRef ref="VTR:ScheduledStopPoint:58655" version="1"/>
                </PointProjection>
              </projections>
            </RoutePoint>
            <RoutePoint version="1" id="VTR:RoutePoint:58656">
              <projections>
                <PointProjection version="1" id="VTR:PointProjection:20174">
                  <ProjectedPointRef ref="VTR:ScheduledStopPoint:58656" version="1"/>
                </PointProjection>
              </projections>
            </RoutePoint>
            <RoutePoint version="1" id="VTR:RoutePoint:58657">
              <projections>
                <PointProjection version="1" id="VTR:PointProjection:20175">
                  <ProjectedPointRef ref="VTR:ScheduledStopPoint:58657" version="1"/>
                </PointProjection>
              </projections>
            </RoutePoint>
            <RoutePoint version="1" id="VTR:RoutePoint:58658">
              <projections>
                <PointProjection version="1" id="VTR:PointProjection:20176">
                  <ProjectedPointRef ref="VTR:ScheduledStopPoint:58658" version="1"/>
                </PointProjection>
              </projections>
            </RoutePoint>
            <RoutePoint version="1" id="VTR:RoutePoint:58659">
              <projections>
                <PointProjection version="1" id="VTR:PointProjection:20177">
                  <ProjectedPointRef ref="VTR:ScheduledStopPoint:58659" version="1"/>
                </PointProjection>
              </projections>
            </RoutePoint>
            <RoutePoint version="1" id="VTR:RoutePoint:58660">
              <projections>
                <PointProjection version="1" id="VTR:PointProjection:20178">
                  <ProjectedPointRef ref="VTR:ScheduledStopPoint:58660" version="1"/>
                </PointProjection>
              </projections>
            </RoutePoint>
            <RoutePoint version="1" id="VTR:RoutePoint:58661">
              <projections>
                <PointProjection version="1" id="VTR:PointProjection:20179">
                  <ProjectedPointRef ref="VTR:ScheduledStopPoint:58661" version="1"/>
                </PointProjection>
              </projections>
            </RoutePoint>
          </routePoints>
          <routes>
            <Route version="1" id="VTR:Route:3518">
              <Name>Šilutė - Pašyšiai - Šilutė</Name>
              <ShortName>Šilutė - Pašyšiai - Šilutė</ShortName>
              <LineRef ref="VTR:Line:1456" version="1438"/>
              <DirectionType>outbound</DirectionType>
              <pointsInSequence>
                <PointOnRoute version="1" id="VTR:PointOnRoute:58653" order="1">
                  <RoutePointRef ref="VTR:RoutePoint:58653"/>
                </PointOnRoute>
                <PointOnRoute version="1" id="VTR:PointOnRoute:58654" order="2">
                  <RoutePointRef ref="VTR:RoutePoint:58654"/>
                </PointOnRoute>
                <PointOnRoute version="1" id="VTR:PointOnRoute:58655" order="3">
                  <RoutePointRef ref="VTR:RoutePoint:58655"/>
                </PointOnRoute>
                <PointOnRoute version="1" id="VTR:PointOnRoute:58656" order="4">
                  <RoutePointRef ref="VTR:RoutePoint:58656"/>
                </PointOnRoute>
                <PointOnRoute version="1" id="VTR:PointOnRoute:58657" order="5">
                  <RoutePointRef ref="VTR:RoutePoint:58657"/>
                </PointOnRoute>
                <PointOnRoute version="1" id="VTR:PointOnRoute:58658" order="6">
                  <RoutePointRef ref="VTR:RoutePoint:58658"/>
                </PointOnRoute>
                <PointOnRoute version="1" id="VTR:PointOnRoute:58659" order="7">
                  <RoutePointRef ref="VTR:RoutePoint:58659"/>
                </PointOnRoute>
                <PointOnRoute version="1" id="VTR:PointOnRoute:58660" order="8">
                  <RoutePointRef ref="VTR:RoutePoint:58660"/>
                </PointOnRoute>
                <PointOnRoute version="1" id="VTR:PointOnRoute:58661" order="9">
                  <RoutePointRef ref="VTR:RoutePoint:58661"/>
                </PointOnRoute>
              </pointsInSequence>
            </Route>
          </routes>
          <lines>
            <Line version="1438" id="VTR:Line:1456">
              <Name>Šilutė - Tarvydai - Pašyšiai - Juknaičiai - Šilutė</Name>
              <TransportMode>bus</TransportMode>
              <TransportSubmode>
                <BusSubmode>regionalBus</BusSubmode>
              </TransportSubmode>
              <PublicCode>M5610</PublicCode>
              <OperatorRef ref="VTR:Operator:39"/>
            </Line>
          </lines>
          <scheduledStopPoints>
            <ScheduledStopPoint version="1" id="VTR:ScheduledStopPoint:58653">
              <Name>Šilutės autobusų stotis</Name>
            </ScheduledStopPoint>
            <ScheduledStopPoint version="1" id="VTR:ScheduledStopPoint:58654">
              <Name>Kirlikai</Name>
            </ScheduledStopPoint>
            <ScheduledStopPoint version="1" id="VTR:ScheduledStopPoint:58655">
              <Name>Tarvydai</Name>
            </ScheduledStopPoint>
            <ScheduledStopPoint version="1" id="VTR:ScheduledStopPoint:58656">
              <Name>Piktaičiai</Name>
            </ScheduledStopPoint>
            <ScheduledStopPoint version="1" id="VTR:ScheduledStopPoint:58657">
              <Name>Pašyšiai</Name>
            </ScheduledStopPoint>
            <ScheduledStopPoint version="1" id="VTR:ScheduledStopPoint:58658">
              <Name>Okslindžiai</Name>
            </ScheduledStopPoint>
            <ScheduledStopPoint version="1" id="VTR:ScheduledStopPoint:58659">
              <Name>Juknaičiai</Name>
            </ScheduledStopPoint>
            <ScheduledStopPoint version="1" id="VTR:ScheduledStopPoint:58660">
              <Name>Gaideliai</Name>
            </ScheduledStopPoint>
            <ScheduledStopPoint version="1" id="VTR:ScheduledStopPoint:58661">
              <Name>Šilutės autobusų stotis</Name>
            </ScheduledStopPoint>
          </scheduledStopPoints>
          <serviceLinks>
            <ServiceLink id="VTR:ServiceLink:58660_1_58661_1" version="1">
              <Distance>5</Distance>
              <FromPointRef ref="VTR:ScheduledStopPoint:58660" version="1"/>
              <ToPointRef ref="VTR:ScheduledStopPoint:58661" version="1"/>
            </ServiceLink>
            <ServiceLink id="VTR:ServiceLink:58653_1_58654_1" version="1">
              <Distance>2</Distance>
              <FromPointRef ref="VTR:ScheduledStopPoint:58653" version="1"/>
              <ToPointRef ref="VTR:ScheduledStopPoint:58654" version="1"/>
            </ServiceLink>
            <ServiceLink id="VTR:ServiceLink:58654_1_58655_1" version="1">
              <Distance>5</Distance>
              <FromPointRef ref="VTR:ScheduledStopPoint:58654" version="1"/>
              <ToPointRef ref="VTR:ScheduledStopPoint:58655" version="1"/>
            </ServiceLink>
            <ServiceLink id="VTR:ServiceLink:58659_1_58660_1" version="1">
              <Distance>4</Distance>
              <FromPointRef ref="VTR:ScheduledStopPoint:58659" version="1"/>
              <ToPointRef ref="VTR:ScheduledStopPoint:58660" version="1"/>
            </ServiceLink>
            <ServiceLink id="VTR:ServiceLink:58655_1_58656_1" version="1">
              <Distance>3</Distance>
              <FromPointRef ref="VTR:ScheduledStopPoint:58655" version="1"/>
              <ToPointRef ref="VTR:ScheduledStopPoint:58656" version="1"/>
            </ServiceLink>
            <ServiceLink id="VTR:ServiceLink:58658_1_58659_1" version="1">
              <Distance>2</Distance>
              <FromPointRef ref="VTR:ScheduledStopPoint:58658" version="1"/>
              <ToPointRef ref="VTR:ScheduledStopPoint:58659" version="1"/>
            </ServiceLink>
            <ServiceLink id="VTR:ServiceLink:58656_1_58657_1" version="1">
              <Distance>1</Distance>
              <FromPointRef ref="VTR:ScheduledStopPoint:58656" version="1"/>
              <ToPointRef ref="VTR:ScheduledStopPoint:58657" version="1"/>
            </ServiceLink>
            <ServiceLink id="VTR:ServiceLink:58657_1_58658_1" version="1">
              <Distance>4</Distance>
              <FromPointRef ref="VTR:ScheduledStopPoint:58657" version="1"/>
              <ToPointRef ref="VTR:ScheduledStopPoint:58658" version="1"/>
            </ServiceLink>
          </serviceLinks>
          <stopAssignments>
            <PassengerStopAssignment order="351800000" id="VTR:PassengerStopAssignment:58653" version="1">
              <ScheduledStopPointRef ref="VTR:ScheduledStopPoint:58653" version="1"/>
              <QuayRef ref="VTR:Quay:19489"/>
            </PassengerStopAssignment>
            <PassengerStopAssignment order="351800001" id="VTR:PassengerStopAssignment:58654" version="1">
              <ScheduledStopPointRef ref="VTR:ScheduledStopPoint:58654" version="1"/>
              <QuayRef ref="VTR:Quay:21206"/>
            </PassengerStopAssignment>
            <PassengerStopAssignment order="351800002" id="VTR:PassengerStopAssignment:58655" version="1">
              <ScheduledStopPointRef ref="VTR:ScheduledStopPoint:58655" version="1"/>
              <QuayRef ref="VTR:Quay:6054"/>
            </PassengerStopAssignment>
            <PassengerStopAssignment order="351800003" id="VTR:PassengerStopAssignment:58656" version="1">
              <ScheduledStopPointRef ref="VTR:ScheduledStopPoint:58656" version="1"/>
              <QuayRef ref="VTR:Quay:5020"/>
            </PassengerStopAssignment>
            <PassengerStopAssignment order="351800004" id="VTR:PassengerStopAssignment:58657" version="1">
              <ScheduledStopPointRef ref="VTR:ScheduledStopPoint:58657" version="1"/>
              <QuayRef ref="VTR:Quay:10768"/>
            </PassengerStopAssignment>
            <PassengerStopAssignment order="351800005" id="VTR:PassengerStopAssignment:58658" version="1">
              <ScheduledStopPointRef ref="VTR:ScheduledStopPoint:58658" version="1"/>
              <QuayRef ref="VTR:Quay:10778"/>
            </PassengerStopAssignment>
            <PassengerStopAssignment order="351800006" id="VTR:PassengerStopAssignment:58659" version="1">
              <ScheduledStopPointRef ref="VTR:ScheduledStopPoint:58659" version="1"/>
              <QuayRef ref="VTR:Quay:12060"/>
            </PassengerStopAssignment>
            <PassengerStopAssignment order="351800007" id="VTR:PassengerStopAssignment:58660" version="1">
              <ScheduledStopPointRef ref="VTR:ScheduledStopPoint:58660" version="1"/>
              <QuayRef ref="VTR:Quay:8158"/>
            </PassengerStopAssignment>
            <PassengerStopAssignment order="351800008" id="VTR:PassengerStopAssignment:58661" version="1">
              <ScheduledStopPointRef ref="VTR:ScheduledStopPoint:58661" version="1"/>
              <QuayRef ref="VTR:Quay:21209"/>
            </PassengerStopAssignment>
          </stopAssignments>
          <journeyPatterns>
            <JourneyPattern id="VTR:JourneyPattern:57625" version="57682">
              <Name>M5610-02</Name>
              <RouteRef ref="VTR:Route:3518" version="1"/>
              <pointsInSequence>
                <StopPointInJourneyPattern id="VTR:StopPointInJourneyPattern:1161405" version="57682" order="1">
                  <ScheduledStopPointRef ref="VTR:ScheduledStopPoint:58653"/>
                  <DestinationDisplayRef ref="VTR:DestinationDisplay:1"/>
                </StopPointInJourneyPattern>
                <StopPointInJourneyPattern id="VTR:StopPointInJourneyPattern:1161406" version="57682" order="2">
                  <ScheduledStopPointRef ref="VTR:ScheduledStopPoint:58654"/>
                  <DestinationDisplayRef ref="VTR:DestinationDisplay:1"/>
                </StopPointInJourneyPattern>
                <StopPointInJourneyPattern id="VTR:StopPointInJourneyPattern:1161407" version="57682" order="3">
                  <ScheduledStopPointRef ref="VTR:ScheduledStopPoint:58655"/>
                  <DestinationDisplayRef ref="VTR:DestinationDisplay:1"/>
                </StopPointInJourneyPattern>
                <StopPointInJourneyPattern id="VTR:StopPointInJourneyPattern:1161408" version="57682" order="4">
                  <ScheduledStopPointRef ref="VTR:ScheduledStopPoint:58656"/>
                  <DestinationDisplayRef ref="VTR:DestinationDisplay:1"/>
                </StopPointInJourneyPattern>
                <StopPointInJourneyPattern id="VTR:StopPointInJourneyPattern:1161409" version="57682" order="5">
                  <ScheduledStopPointRef ref="VTR:ScheduledStopPoint:58657"/>
                  <DestinationDisplayRef ref="VTR:DestinationDisplay:1"/>
                </StopPointInJourneyPattern>
                <StopPointInJourneyPattern id="VTR:StopPointInJourneyPattern:1161410" version="57682" order="6">
                  <ScheduledStopPointRef ref="VTR:ScheduledStopPoint:58658"/>
                  <DestinationDisplayRef ref="VTR:DestinationDisplay:1"/>
                </StopPointInJourneyPattern>
                <StopPointInJourneyPattern id="VTR:StopPointInJourneyPattern:1161411" version="57682" order="7">
                  <ScheduledStopPointRef ref="VTR:ScheduledStopPoint:58659"/>
                  <DestinationDisplayRef ref="VTR:DestinationDisplay:1"/>
                </StopPointInJourneyPattern>
                <StopPointInJourneyPattern id="VTR:StopPointInJourneyPattern:1161412" version="57682" order="8">
                  <ScheduledStopPointRef ref="VTR:ScheduledStopPoint:58660"/>
                  <DestinationDisplayRef ref="VTR:DestinationDisplay:1"/>
                </StopPointInJourneyPattern>
                <StopPointInJourneyPattern id="VTR:StopPointInJourneyPattern:1161413" version="57682" order="9">
                  <ScheduledStopPointRef ref="VTR:ScheduledStopPoint:58661"/>
                  <DestinationDisplayRef ref="VTR:DestinationDisplay:1"/>
                </StopPointInJourneyPattern>
              </pointsInSequence>
            </JourneyPattern>
            <JourneyPattern id="VTR:JourneyPattern:57624" version="57681">
              <Name>M5610-01</Name>
              <RouteRef ref="VTR:Route:3518" version="1"/>
              <pointsInSequence>
                <StopPointInJourneyPattern id="VTR:StopPointInJourneyPattern:1161396" version="57681" order="1">
                  <ScheduledStopPointRef ref="VTR:ScheduledStopPoint:58653"/>
                  <DestinationDisplayRef ref="VTR:DestinationDisplay:1"/>
                </StopPointInJourneyPattern>
                <StopPointInJourneyPattern id="VTR:StopPointInJourneyPattern:1161397" version="57681" order="2">
                  <ScheduledStopPointRef ref="VTR:ScheduledStopPoint:58654"/>
                  <DestinationDisplayRef ref="VTR:DestinationDisplay:1"/>
                </StopPointInJourneyPattern>
                <StopPointInJourneyPattern id="VTR:StopPointInJourneyPattern:1161398" version="57681" order="3">
                  <ScheduledStopPointRef ref="VTR:ScheduledStopPoint:58655"/>
                  <DestinationDisplayRef ref="VTR:DestinationDisplay:1"/>
                </StopPointInJourneyPattern>
                <StopPointInJourneyPattern id="VTR:StopPointInJourneyPattern:1161399" version="57681" order="4">
                  <ScheduledStopPointRef ref="VTR:ScheduledStopPoint:58656"/>
                  <DestinationDisplayRef ref="VTR:DestinationDisplay:1"/>
                </StopPointInJourneyPattern>
                <StopPointInJourneyPattern id="VTR:StopPointInJourneyPattern:1161400" version="57681" order="5">
                  <ScheduledStopPointRef ref="VTR:ScheduledStopPoint:58657"/>
                  <DestinationDisplayRef ref="VTR:DestinationDisplay:1"/>
                </StopPointInJourneyPattern>
                <StopPointInJourneyPattern id="VTR:StopPointInJourneyPattern:1161401" version="57681" order="6">
                  <ScheduledStopPointRef ref="VTR:ScheduledStopPoint:58658"/>
                  <DestinationDisplayRef ref="VTR:DestinationDisplay:1"/>
                </StopPointInJourneyPattern>
                <StopPointInJourneyPattern id="VTR:StopPointInJourneyPattern:1161402" version="57681" order="7">
                  <ScheduledStopPointRef ref="VTR:ScheduledStopPoint:58659"/>
                  <DestinationDisplayRef ref="VTR:DestinationDisplay:1"/>
                </StopPointInJourneyPattern>
                <StopPointInJourneyPattern id="VTR:StopPointInJourneyPattern:1161403" version="57681" order="8">
                  <ScheduledStopPointRef ref="VTR:ScheduledStopPoint:58660"/>
                  <DestinationDisplayRef ref="VTR:DestinationDisplay:1"/>
                </StopPointInJourneyPattern>
                <StopPointInJourneyPattern id="VTR:StopPointInJourneyPattern:1161404" version="57681" order="9">
                  <ScheduledStopPointRef ref="VTR:ScheduledStopPoint:58661"/>
                  <DestinationDisplayRef ref="VTR:DestinationDisplay:1"/>
                </StopPointInJourneyPattern>
              </pointsInSequence>
            </JourneyPattern>
          </journeyPatterns>
        </ServiceFrame>
        <TimetableFrame version="1" id="VTR:TimetableFrame:1355">
          <vehicleJourneys>
            <ServiceJourney version="57682" id="VTR:ServiceJourney:57625">
              <Name>Šilutė - Pašyšiai - Šilutė</Name>
              <PrivateCode>M5610-02</PrivateCode>
              <dayTypes>
                <DayTypeRef ref="VTR:DayType:2958"/>
              </dayTypes>
              <JourneyPatternRef version="57682" ref="VTR:JourneyPattern:57625"/>
              <OperatorRef ref="VTR:Operator:523"/>
              <LineRef ref="VTR:Line:1456" version="1438"/>
              <passingTimes>
                <TimetabledPassingTime version="57682" id="VTR:TimetabledPassingTime:57625_1161405_1">
                  <StopPointInJourneyPatternRef ref="VTR:StopPointInJourneyPattern:1161405" version="57682"/>
                  <DepartureTime>17:35:00</DepartureTime>
                  <DepartureDayOffset>0</DepartureDayOffset>
                </TimetabledPassingTime>
                <TimetabledPassingTime version="57682" id="VTR:TimetabledPassingTime:57625_1161406_2">
                  <StopPointInJourneyPatternRef ref="VTR:StopPointInJourneyPattern:1161406" version="57682"/>
                  <DepartureTime>17:41:00</DepartureTime>
                  <DepartureDayOffset>0</DepartureDayOffset>
                </TimetabledPassingTime>
                <TimetabledPassingTime version="57682" id="VTR:TimetabledPassingTime:57625_1161407_3">
                  <StopPointInJourneyPatternRef ref="VTR:StopPointInJourneyPattern:1161407" version="57682"/>
                  <DepartureTime>17:54:00</DepartureTime>
                  <DepartureDayOffset>0</DepartureDayOffset>
                </TimetabledPassingTime>
                <TimetabledPassingTime version="57682" id="VTR:TimetabledPassingTime:57625_1161408_4">
                  <StopPointInJourneyPatternRef ref="VTR:StopPointInJourneyPattern:1161408" version="57682"/>
                  <DepartureTime>17:59:00</DepartureTime>
                  <DepartureDayOffset>0</DepartureDayOffset>
                </TimetabledPassingTime>
                <TimetabledPassingTime version="57682" id="VTR:TimetabledPassingTime:57625_1161409_5">
                  <StopPointInJourneyPatternRef ref="VTR:StopPointInJourneyPattern:1161409" version="57682"/>
                  <DepartureTime>18:07:00</DepartureTime>
                  <DepartureDayOffset>0</DepartureDayOffset>
                </TimetabledPassingTime>
                <TimetabledPassingTime version="57682" id="VTR:TimetabledPassingTime:57625_1161410_6">
                  <StopPointInJourneyPatternRef ref="VTR:StopPointInJourneyPattern:1161410" version="57682"/>
                  <DepartureTime>18:21:00</DepartureTime>
                  <DepartureDayOffset>0</DepartureDayOffset>
                </TimetabledPassingTime>
                <TimetabledPassingTime version="57682" id="VTR:TimetabledPassingTime:57625_1161411_7">
                  <StopPointInJourneyPatternRef ref="VTR:StopPointInJourneyPattern:1161411" version="57682"/>
                  <DepartureTime>18:26:00</DepartureTime>
                  <DepartureDayOffset>0</DepartureDayOffset>
                </TimetabledPassingTime>
                <TimetabledPassingTime version="57682" id="VTR:TimetabledPassingTime:57625_1161412_8">
                  <StopPointInJourneyPatternRef ref="VTR:StopPointInJourneyPattern:1161412" version="57682"/>
                  <DepartureTime>18:33:00</DepartureTime>
                  <DepartureDayOffset>0</DepartureDayOffset>
                </TimetabledPassingTime>
                <TimetabledPassingTime version="57682" id="VTR:TimetabledPassingTime:57625_1161413_9">
                  <StopPointInJourneyPatternRef ref="VTR:StopPointInJourneyPattern:1161413" version="57682"/>
                  <DepartureTime>18:40:00</DepartureTime>
                  <DepartureDayOffset>0</DepartureDayOffset>
                </TimetabledPassingTime>
              </passingTimes>
            </ServiceJourney>
            <ServiceJourney version="57681" id="VTR:ServiceJourney:57624">
              <Name>Šilutė - Pašyšiai - Šilutė</Name>
              <PrivateCode>M5610-01</PrivateCode>
              <dayTypes>
                <DayTypeRef ref="VTR:DayType:2957"/>
              </dayTypes>
              <JourneyPatternRef version="57681" ref="VTR:JourneyPattern:57624"/>
              <OperatorRef ref="VTR:Operator:523"/>
              <LineRef ref="VTR:Line:1456" version="1438"/>
              <passingTimes>
                <TimetabledPassingTime version="57681" id="VTR:TimetabledPassingTime:57624_1161396_1">
                  <StopPointInJourneyPatternRef ref="VTR:StopPointInJourneyPattern:1161396" version="57681"/>
                  <DepartureTime>06:40:00</DepartureTime>
                  <DepartureDayOffset>0</DepartureDayOffset>
                </TimetabledPassingTime>
                <TimetabledPassingTime version="57681" id="VTR:TimetabledPassingTime:57624_1161397_2">
                  <StopPointInJourneyPatternRef ref="VTR:StopPointInJourneyPattern:1161397" version="57681"/>
                  <DepartureTime>06:46:00</DepartureTime>
                  <DepartureDayOffset>0</DepartureDayOffset>
                </TimetabledPassingTime>
                <TimetabledPassingTime version="57681" id="VTR:TimetabledPassingTime:57624_1161398_3">
                  <StopPointInJourneyPatternRef ref="VTR:StopPointInJourneyPattern:1161398" version="57681"/>
                  <DepartureTime>07:00:00</DepartureTime>
                  <DepartureDayOffset>0</DepartureDayOffset>
                </TimetabledPassingTime>
                <TimetabledPassingTime version="57681" id="VTR:TimetabledPassingTime:57624_1161399_4">
                  <StopPointInJourneyPatternRef ref="VTR:StopPointInJourneyPattern:1161399" version="57681"/>
                  <DepartureTime>07:06:00</DepartureTime>
                  <DepartureDayOffset>0</DepartureDayOffset>
                </TimetabledPassingTime>
                <TimetabledPassingTime version="57681" id="VTR:TimetabledPassingTime:57624_1161400_5">
                  <StopPointInJourneyPatternRef ref="VTR:StopPointInJourneyPattern:1161400" version="57681"/>
                  <DepartureTime>07:10:00</DepartureTime>
                  <DepartureDayOffset>0</DepartureDayOffset>
                </TimetabledPassingTime>
                <TimetabledPassingTime version="57681" id="VTR:TimetabledPassingTime:57624_1161401_6">
                  <StopPointInJourneyPatternRef ref="VTR:StopPointInJourneyPattern:1161401" version="57681"/>
                  <DepartureTime>07:18:00</DepartureTime>
                  <DepartureDayOffset>0</DepartureDayOffset>
                </TimetabledPassingTime>
                <TimetabledPassingTime version="57681" id="VTR:TimetabledPassingTime:57624_1161402_7">
                  <StopPointInJourneyPatternRef ref="VTR:StopPointInJourneyPattern:1161402" version="57681"/>
                  <DepartureTime>07:24:00</DepartureTime>
                  <DepartureDayOffset>0</DepartureDayOffset>
                </TimetabledPassingTime>
                <TimetabledPassingTime version="57681" id="VTR:TimetabledPassingTime:57624_1161403_8">
                  <StopPointInJourneyPatternRef ref="VTR:StopPointInJourneyPattern:1161403" version="57681"/>
                  <DepartureTime>07:30:00</DepartureTime>
                  <DepartureDayOffset>0</DepartureDayOffset>
                </TimetabledPassingTime>
                <TimetabledPassingTime version="57681" id="VTR:TimetabledPassingTime:57624_1161404_9">
                  <StopPointInJourneyPatternRef ref="VTR:StopPointInJourneyPattern:1161404" version="57681"/>
                  <DepartureTime>07:39:00</DepartureTime>
                  <DepartureDayOffset>0</DepartureDayOffset>
                </TimetabledPassingTime>
              </passingTimes>
            </ServiceJourney>
          </vehicleJourneys>
        </TimetableFrame>
        <ResourceFrame version="1" id="VTR:ResourceFrame:1355">
          <organisations>
            <Authority version="1" id="VTR:Authority:39">
              <CompanyNumber>88</CompanyNumber>
              <Name>Šilutės r. sav.</Name>
              <LegalName>Šilutės r. sav.</LegalName>
              <ContactDetails>
                <Email>administracija@silute.lt</Email>
                <Phone>844179201</Phone>
                <Url>www.silute.lt</Url>
              </ContactDetails>
              <OrganisationType>authority</OrganisationType>
            </Authority>
          </organisations>
        </ResourceFrame>
        <FareFrame id="VTR:FareFrame:1456" version="1">
          <FrameDefaults>
            <DefaultCurrency>EUR</DefaultCurrency>
          </FrameDefaults>
          <fareStructureElements>
            <FareStructureElement id="VTR:FareStructureElement:pricematrix" version="1">
              <distanceMatrixElements>
                <DistanceMatrixElementRef ref="VTR:DistanceMatrixElement:1161396to1161401" version="1"/>
                <DistanceMatrixElementRef ref="VTR:DistanceMatrixElement:1161397to1161401" version="1"/>
                <DistanceMatrixElementRef ref="VTR:DistanceMatrixElement:1161398to1161401" version="1"/>
                <DistanceMatrixElementRef ref="VTR:DistanceMatrixElement:1161401to1161404" version="1"/>
                <DistanceMatrixElementRef ref="VTR:DistanceMatrixElement:1161402to1161404" version="1"/>
                <DistanceMatrixElementRef ref="VTR:DistanceMatrixElement:1161403to1161404" version="1"/>
                <DistanceMatrixElementRef ref="VTR:DistanceMatrixElement:1161405to1161406" version="1"/>
                <DistanceMatrixElementRef ref="VTR:DistanceMatrixElement:1161407to1161410" version="1"/>
                <DistanceMatrixElementRef ref="VTR:DistanceMatrixElement:1161408to1161411" version="1"/>
                <DistanceMatrixElementRef ref="VTR:DistanceMatrixElement:1161409to1161412" version="1"/>
                <DistanceMatrixElementRef ref="VTR:DistanceMatrixElement:1161410to1161413" version="1"/>
                <DistanceMatrixElementRef ref="VTR:DistanceMatrixElement:1161396to1161400" version="1"/>
                <DistanceMatrixElementRef ref="VTR:DistanceMatrixElement:1161396to1161403" version="1"/>
                <DistanceMatrixElementRef ref="VTR:DistanceMatrixElement:1161399to1161403" version="1"/>
                <DistanceMatrixElementRef ref="VTR:DistanceMatrixElement:1161407to1161409" version="1"/>
                <DistanceMatrixElementRef ref="VTR:DistanceMatrixElement:1161408to1161409" version="1"/>
                <DistanceMatrixElementRef ref="VTR:DistanceMatrixElement:1161408to1161412" version="1"/>
                <DistanceMatrixElementRef ref="VTR:DistanceMatrixElement:1161410to1161412" version="1"/>
                <DistanceMatrixElementRef ref="VTR:DistanceMatrixElement:1161397to1161398" version="1"/>
                <DistanceMatrixElementRef ref="VTR:DistanceMatrixElement:1161400to1161403" version="1"/>
                <DistanceMatrixElementRef ref="VTR:DistanceMatrixElement:1161401to1161403" version="1"/>
                <DistanceMatrixElementRef ref="VTR:DistanceMatrixElement:1161402to1161403" version="1"/>
                <DistanceMatrixElementRef ref="VTR:DistanceMatrixElement:1161405to1161408" version="1"/>
                <DistanceMatrixElementRef ref="VTR:DistanceMatrixElement:1161405to1161412" version="1"/>
                <DistanceMatrixElementRef ref="VTR:DistanceMatrixElement:1161405to1161413" version="1"/>
                <DistanceMatrixElementRef ref="VTR:DistanceMatrixElement:1161407to1161412" version="1"/>
                <DistanceMatrixElementRef ref="VTR:DistanceMatrixElement:1161409to1161410" version="1"/>
                <DistanceMatrixElementRef ref="VTR:DistanceMatrixElement:1161397to1161404" version="1"/>
                <DistanceMatrixElementRef ref="VTR:DistanceMatrixElement:1161398to1161404" version="1"/>
                <DistanceMatrixElementRef ref="VTR:DistanceMatrixElement:1161399to1161401" version="1"/>
                <DistanceMatrixElementRef ref="VTR:DistanceMatrixElement:1161401to1161402" version="1"/>
                <DistanceMatrixElementRef ref="VTR:DistanceMatrixElement:1161405to1161411" version="1"/>
                <DistanceMatrixElementRef ref="VTR:DistanceMatrixElement:1161406to1161408" version="1"/>
                <DistanceMatrixElementRef ref="VTR:DistanceMatrixElement:1161406to1161412" version="1"/>
                <DistanceMatrixElementRef ref="VTR:DistanceMatrixElement:1161406to1161413" version="1"/>
                <DistanceMatrixElementRef ref="VTR:DistanceMatrixElement:1161407to1161411" version="1"/>
                <DistanceMatrixElementRef ref="VTR:DistanceMatrixElement:1161409to1161413" version="1"/>
                <DistanceMatrixElementRef ref="VTR:DistanceMatrixElement:1161396to1161399" version="1"/>
                <DistanceMatrixElementRef ref="VTR:DistanceMatrixElement:1161397to1161399" version="1"/>
                <DistanceMatrixElementRef ref="VTR:DistanceMatrixElement:1161397to1161402" version="1"/>
                <DistanceMatrixElementRef ref="VTR:DistanceMatrixElement:1161398to1161400" version="1"/>
                <DistanceMatrixElementRef ref="VTR:DistanceMatrixElement:1161400to1161404" version="1"/>
                <DistanceMatrixElementRef ref="VTR:DistanceMatrixElement:1161405to1161410" version="1"/>
                <DistanceMatrixElementRef ref="VTR:DistanceMatrixElement:1161406to1161407" version="1"/>
                <DistanceMatrixElementRef ref="VTR:DistanceMatrixElement:1161406to1161411" version="1"/>
                <DistanceMatrixElementRef ref="VTR:DistanceMatrixElement:1161408to1161413" version="1"/>
                <DistanceMatrixElementRef ref="VTR:DistanceMatrixElement:1161410to1161411" version="1"/>
                <DistanceMatrixElementRef ref="VTR:DistanceMatrixElement:1161411to1161412" version="1"/>
                <DistanceMatrixElementRef ref="VTR:DistanceMatrixElement:1161396to1161397" version="1"/>
                <DistanceMatrixElementRef ref="VTR:DistanceMatrixElement:1161396to1161402" version="1"/>
                <DistanceMatrixElementRef ref="VTR:DistanceMatrixElement:1161398to1161399" version="1"/>
                <DistanceMatrixElementRef ref="VTR:DistanceMatrixElement:1161398to1161402" version="1"/>
                <DistanceMatrixElementRef ref="VTR:DistanceMatrixElement:1161398to1161403" version="1"/>
                <DistanceMatrixElementRef ref="VTR:DistanceMatrixElement:1161399to1161400" version="1"/>
                <DistanceMatrixElementRef ref="VTR:DistanceMatrixElement:1161399to1161402" version="1"/>
                <DistanceMatrixElementRef ref="VTR:DistanceMatrixElement:1161405to1161409" version="1"/>
                <DistanceMatrixElementRef ref="VTR:DistanceMatrixElement:1161407to1161408" version="1"/>
                <DistanceMatrixElementRef ref="VTR:DistanceMatrixElement:1161408to1161410" version="1"/>
                <DistanceMatrixElementRef ref="VTR:DistanceMatrixElement:1161396to1161404" version="1"/>
                <DistanceMatrixElementRef ref="VTR:DistanceMatrixElement:1161399to1161404" version="1"/>
                <DistanceMatrixElementRef ref="VTR:DistanceMatrixElement:1161400to1161401" version="1"/>
                <DistanceMatrixElementRef ref="VTR:DistanceMatrixElement:1161405to1161407" version="1"/>
                <DistanceMatrixElementRef ref="VTR:DistanceMatrixElement:1161406to1161410" version="1"/>
                <DistanceMatrixElementRef ref="VTR:DistanceMatrixElement:1161411to1161413" version="1"/>
                <DistanceMatrixElementRef ref="VTR:DistanceMatrixElement:1161412to1161413" version="1"/>
                <DistanceMatrixElementRef ref="VTR:DistanceMatrixElement:1161396to1161398" version="1"/>
                <DistanceMatrixElementRef ref="VTR:DistanceMatrixElement:1161397to1161400" version="1"/>
                <DistanceMatrixElementRef ref="VTR:DistanceMatrixElement:1161397to1161403" version="1"/>
                <DistanceMatrixElementRef ref="VTR:DistanceMatrixElement:1161400to1161402" version="1"/>
                <DistanceMatrixElementRef ref="VTR:DistanceMatrixElement:1161406to1161409" version="1"/>
                <DistanceMatrixElementRef ref="VTR:DistanceMatrixElement:1161407to1161413" version="1"/>
                <DistanceMatrixElementRef ref="VTR:DistanceMatrixElement:1161409to1161411" version="1"/>
              </distanceMatrixElements>
            </FareStructureElement>
          </fareStructureElements>
          <tariffs>
            <Tariff id="VTR:Tariff:pointToPointInSeparateJourney_1456" version="1">
              <Name>Point to point tariff</Name>
              <distanceMatrixElements>
                <DistanceMatrixElement id="VTR:DistanceMatrixElement:1161396to1161401" version="1">
                  <Name>Šilutės autobusų stotis to Okslindžiai</Name>
                  <StartStopPointRef ref="VTR:ScheduledStopPoint:58653" version="1"/>
                  <EndStopPointRef ref="VTR:ScheduledStopPoint:58658" version="1"/>
                  <prices>
                    <DistanceMatrixElementPrice id="VTR:DistanceMatrixElementPrice:1161396to1161401" version="1">
                      <Amount>1.8</Amount>
                      <DistanceMatrixElementRef ref="VTR:DistanceMatrixElement:1161396to1161401" version="1"/>
                    </DistanceMatrixElementPrice>
                  </prices>
                </DistanceMatrixElement>
                <DistanceMatrixElement id="VTR:DistanceMatrixElement:1161397to1161401" version="1">
                  <Name>Kirlikai to Okslindžiai</Name>
                  <StartStopPointRef ref="VTR:ScheduledStopPoint:58654" version="1"/>
                  <EndStopPointRef ref="VTR:ScheduledStopPoint:58658" version="1"/>
                  <prices>
                    <DistanceMatrixElementPrice id="VTR:DistanceMatrixElementPrice:1161397to1161401" version="1">
                      <Amount>1.5</Amount>
                      <DistanceMatrixElementRef ref="VTR:DistanceMatrixElement:1161397to1161401" version="1"/>
                    </DistanceMatrixElementPrice>
                  </prices>
                </DistanceMatrixElement>
                <DistanceMatrixElement id="VTR:DistanceMatrixElement:1161398to1161401" version="1">
                  <Name>Tarvydai to Okslindžiai</Name>
                  <StartStopPointRef ref="VTR:ScheduledStopPoint:58655" version="1"/>
                  <EndStopPointRef ref="VTR:ScheduledStopPoint:58658" version="1"/>
                  <prices>
                    <DistanceMatrixElementPrice id="VTR:DistanceMatrixElementPrice:1161398to1161401" version="1">
                      <Amount>1.2</Amount>
                      <DistanceMatrixElementRef ref="VTR:DistanceMatrixElement:1161398to1161401" version="1"/>
                    </DistanceMatrixElementPrice>
                  </prices>
                </DistanceMatrixElement>
                <DistanceMatrixElement id="VTR:DistanceMatrixElement:1161401to1161404" version="1">
                  <Name>Okslindžiai to Šilutės autobusų stotis</Name>
                  <StartStopPointRef ref="VTR:ScheduledStopPoint:58658" version="1"/>
                  <EndStopPointRef ref="VTR:ScheduledStopPoint:58661" version="1"/>
                  <prices>
                    <DistanceMatrixElementPrice id="VTR:DistanceMatrixElementPrice:1161401to1161404" version="1">
                      <Amount>1.2</Amount>
                      <DistanceMatrixElementRef ref="VTR:DistanceMatrixElement:1161401to1161404" version="1"/>
                    </DistanceMatrixElementPrice>
                  </prices>
                </DistanceMatrixElement>
                <DistanceMatrixElement id="VTR:DistanceMatrixElement:1161402to1161404" version="1">
                  <Name>Juknaičiai to Šilutės autobusų stotis</Name>
                  <StartStopPointRef ref="VTR:ScheduledStopPoint:58659" version="1"/>
                  <EndStopPointRef ref="VTR:ScheduledStopPoint:58661" version="1"/>
                  <prices>
                    <DistanceMatrixElementPrice id="VTR:DistanceMatrixElementPrice:1161402to1161404" version="1">
                      <Amount>0.9</Amount>
                      <DistanceMatrixElementRef ref="VTR:DistanceMatrixElement:1161402to1161404" version="1"/>
                    </DistanceMatrixElementPrice>
                  </prices>
                </DistanceMatrixElement>
                <DistanceMatrixElement id="VTR:DistanceMatrixElement:1161403to1161404" version="1">
                  <Name>Gaideliai to Šilutės autobusų stotis</Name>
                  <StartStopPointRef ref="VTR:ScheduledStopPoint:58660" version="1"/>
                  <EndStopPointRef ref="VTR:ScheduledStopPoint:58661" version="1"/>
                  <prices>
                    <DistanceMatrixElementPrice id="VTR:DistanceMatrixElementPrice:1161403to1161404" version="1">
                      <Amount>0.6</Amount>
                      <DistanceMatrixElementRef ref="VTR:DistanceMatrixElement:1161403to1161404" version="1"/>
                    </DistanceMatrixElementPrice>
                  </prices>
                </DistanceMatrixElement>
                <DistanceMatrixElement id="VTR:DistanceMatrixElement:1161405to1161406" version="1">
                  <Name>Šilutės autobusų stotis to Kirlikai</Name>
                  <StartStopPointRef ref="VTR:ScheduledStopPoint:58653" version="1"/>
                  <EndStopPointRef ref="VTR:ScheduledStopPoint:58654" version="1"/>
                  <prices>
                    <DistanceMatrixElementPrice id="VTR:DistanceMatrixElementPrice:1161405to1161406" version="1">
                      <Amount>0.3</Amount>
                      <DistanceMatrixElementRef ref="VTR:DistanceMatrixElement:1161405to1161406" version="1"/>
                    </DistanceMatrixElementPrice>
                  </prices>
                </DistanceMatrixElement>
                <DistanceMatrixElement id="VTR:DistanceMatrixElement:1161407to1161410" version="1">
                  <Name>Tarvydai to Okslindžiai</Name>
                  <StartStopPointRef ref="VTR:ScheduledStopPoint:58655" version="1"/>
                  <EndStopPointRef ref="VTR:ScheduledStopPoint:58658" version="1"/>
                  <prices>
                    <DistanceMatrixElementPrice id="VTR:DistanceMatrixElementPrice:1161407to1161410" version="1">
                      <Amount>1.2</Amount>
                      <DistanceMatrixElementRef ref="VTR:DistanceMatrixElement:1161407to1161410" version="1"/>
                    </DistanceMatrixElementPrice>
                  </prices>
                </DistanceMatrixElement>
                <DistanceMatrixElement id="VTR:DistanceMatrixElement:1161408to1161411" version="1">
                  <Name>Piktaičiai to Juknaičiai</Name>
                  <StartStopPointRef ref="VTR:ScheduledStopPoint:58656" version="1"/>
                  <EndStopPointRef ref="VTR:ScheduledStopPoint:58659" version="1"/>
                  <prices>
                    <DistanceMatrixElementPrice id="VTR:DistanceMatrixElementPrice:1161408to1161411" version="1">
                      <Amount>1.2</Amount>
                      <DistanceMatrixElementRef ref="VTR:DistanceMatrixElement:1161408to1161411" version="1"/>
                    </DistanceMatrixElementPrice>
                  </prices>
                </DistanceMatrixElement>
                <DistanceMatrixElement id="VTR:DistanceMatrixElement:1161409to1161412" version="1">
                  <Name>Pašyšiai to Gaideliai</Name>
                  <StartStopPointRef ref="VTR:ScheduledStopPoint:58657" version="1"/>
                  <EndStopPointRef ref="VTR:ScheduledStopPoint:58660" version="1"/>
                  <prices>
                    <DistanceMatrixElementPrice id="VTR:DistanceMatrixElementPrice:1161409to1161412" version="1">
                      <Amount>1.1</Amount>
                      <DistanceMatrixElementRef ref="VTR:DistanceMatrixElement:1161409to1161412" version="1"/>
                    </DistanceMatrixElementPrice>
                  </prices>
                </DistanceMatrixElement>
                <DistanceMatrixElement id="VTR:DistanceMatrixElement:1161410to1161413" version="1">
                  <Name>Okslindžiai to Šilutės autobusų stotis</Name>
                  <StartStopPointRef ref="VTR:ScheduledStopPoint:58658" version="1"/>
                  <EndStopPointRef ref="VTR:ScheduledStopPoint:58661" version="1"/>
                  <prices>
                    <DistanceMatrixElementPrice id="VTR:DistanceMatrixElementPrice:1161410to1161413" version="1">
                      <Amount>1.2</Amount>
                      <DistanceMatrixElementRef ref="VTR:DistanceMatrixElement:1161410to1161413" version="1"/>
                    </DistanceMatrixElementPrice>
                  </prices>
                </DistanceMatrixElement>
                <DistanceMatrixElement id="VTR:DistanceMatrixElement:1161396to1161400" version="1">
                  <Name>Šilutės autobusų stotis to Pašyšiai</Name>
                  <StartStopPointRef ref="VTR:ScheduledStopPoint:58653" version="1"/>
                  <EndStopPointRef ref="VTR:ScheduledStopPoint:58657" version="1"/>
                  <prices>
                    <DistanceMatrixElementPrice id="VTR:DistanceMatrixElementPrice:1161396to1161400" version="1">
                      <Amount>1.4</Amount>
                      <DistanceMatrixElementRef ref="VTR:DistanceMatrixElement:1161396to1161400" version="1"/>
                    </DistanceMatrixElementPrice>
                  </prices>
                </DistanceMatrixElement>
                <DistanceMatrixElement id="VTR:DistanceMatrixElement:1161396to1161403" version="1">
                  <Name>Šilutės autobusų stotis to Gaideliai</Name>
                  <StartStopPointRef ref="VTR:ScheduledStopPoint:58653" version="1"/>
                  <EndStopPointRef ref="VTR:ScheduledStopPoint:58660" version="1"/>
                  <prices>
                    <DistanceMatrixElementPrice id="VTR:DistanceMatrixElementPrice:1161396to1161403" version="1">
                      <Amount>2.4</Amount>
                      <DistanceMatrixElementRef ref="VTR:DistanceMatrixElement:1161396to1161403" version="1"/>
                    </DistanceMatrixElementPrice>
                  </prices>
                </DistanceMatrixElement>
                <DistanceMatrixElement id="VTR:DistanceMatrixElement:1161399to1161403" version="1">
                  <Name>Piktaičiai to Gaideliai</Name>
                  <StartStopPointRef ref="VTR:ScheduledStopPoint:58656" version="1"/>
                  <EndStopPointRef ref="VTR:ScheduledStopPoint:58660" version="1"/>
                  <prices>
                    <DistanceMatrixElementPrice id="VTR:DistanceMatrixElementPrice:1161399to1161403" version="1">
                      <Amount>1.6</Amount>
                      <DistanceMatrixElementRef ref="VTR:DistanceMatrixElement:1161399to1161403" version="1"/>
                    </DistanceMatrixElementPrice>
                  </prices>
                </DistanceMatrixElement>
                <DistanceMatrixElement id="VTR:DistanceMatrixElement:1161407to1161409" version="1">
                  <Name>Tarvydai to Pašyšiai</Name>
                  <StartStopPointRef ref="VTR:ScheduledStopPoint:58655" version="1"/>
                  <EndStopPointRef ref="VTR:ScheduledStopPoint:58657" version="1"/>
                  <prices>
                    <DistanceMatrixElementPrice id="VTR:DistanceMatrixElementPrice:1161407to1161409" version="1">
                      <Amount>0.7</Amount>
                      <DistanceMatrixElementRef ref="VTR:DistanceMatrixElement:1161407to1161409" version="1"/>
                    </DistanceMatrixElementPrice>
                  </prices>
                </DistanceMatrixElement>
                <DistanceMatrixElement id="VTR:DistanceMatrixElement:1161408to1161409" version="1">
                  <Name>Piktaičiai to Pašyšiai</Name>
                  <StartStopPointRef ref="VTR:ScheduledStopPoint:58656" version="1"/>
                  <EndStopPointRef ref="VTR:ScheduledStopPoint:58657" version="1"/>
                  <prices>
                    <DistanceMatrixElementPrice id="VTR:DistanceMatrixElementPrice:1161408to1161409" version="1">
                      <Amount>0.5</Amount>
                      <DistanceMatrixElementRef ref="VTR:DistanceMatrixElement:1161408to1161409" version="1"/>
                    </DistanceMatrixElementPrice>
                  </prices>
                </DistanceMatrixElement>
                <DistanceMatrixElement id="VTR:DistanceMatrixElement:1161408to1161412" version="1">
                  <Name>Piktaičiai to Gaideliai</Name>
                  <StartStopPointRef ref="VTR:ScheduledStopPoint:58656" version="1"/>
                  <EndStopPointRef ref="VTR:ScheduledStopPoint:58660" version="1"/>
                  <prices>
                    <DistanceMatrixElementPrice id="VTR:DistanceMatrixElementPrice:1161408to1161412" version="1">
                      <Amount>1.6</Amount>
                      <DistanceMatrixElementRef ref="VTR:DistanceMatrixElement:1161408to1161412" version="1"/>
                    </DistanceMatrixElementPrice>
                  </prices>
                </DistanceMatrixElement>
                <DistanceMatrixElement id="VTR:DistanceMatrixElement:1161410to1161412" version="1">
                  <Name>Okslindžiai to Gaideliai</Name>
                  <StartStopPointRef ref="VTR:ScheduledStopPoint:58658" version="1"/>
                  <EndStopPointRef ref="VTR:ScheduledStopPoint:58660" version="1"/>
                  <prices>
                    <DistanceMatrixElementPrice id="VTR:DistanceMatrixElementPrice:1161410to1161412" version="1">
                      <Amount>0.7</Amount>
                      <DistanceMatrixElementRef ref="VTR:DistanceMatrixElement:1161410to1161412" version="1"/>
                    </DistanceMatrixElementPrice>
                  </prices>
                </DistanceMatrixElement>
                <DistanceMatrixElement id="VTR:DistanceMatrixElement:1161397to1161398" version="1">
                  <Name>Kirlikai to Tarvydai</Name>
                  <StartStopPointRef ref="VTR:ScheduledStopPoint:58654" version="1"/>
                  <EndStopPointRef ref="VTR:ScheduledStopPoint:58655" version="1"/>
                  <prices>
                    <DistanceMatrixElementPrice id="VTR:DistanceMatrixElementPrice:1161397to1161398" version="1">
                      <Amount>0.4</Amount>
                      <DistanceMatrixElementRef ref="VTR:DistanceMatrixElement:1161397to1161398" version="1"/>
                    </DistanceMatrixElementPrice>
                  </prices>
                </DistanceMatrixElement>
                <DistanceMatrixElement id="VTR:DistanceMatrixElement:1161400to1161403" version="1">
                  <Name>Pašyšiai to Gaideliai</Name>
                  <StartStopPointRef ref="VTR:ScheduledStopPoint:58657" version="1"/>
                  <EndStopPointRef ref="VTR:ScheduledStopPoint:58660" version="1"/>
                  <prices>
                    <DistanceMatrixElementPrice id="VTR:DistanceMatrixElementPrice:1161400to1161403" version="1">
                      <Amount>1.1</Amount>
                      <DistanceMatrixElementRef ref="VTR:DistanceMatrixElement:1161400to1161403" version="1"/>
                    </DistanceMatrixElementPrice>
                  </prices>
                </DistanceMatrixElement>
                <DistanceMatrixElement id="VTR:DistanceMatrixElement:1161401to1161403" version="1">
                  <Name>Okslindžiai to Gaideliai</Name>
                  <StartStopPointRef ref="VTR:ScheduledStopPoint:58658" version="1"/>
                  <EndStopPointRef ref="VTR:ScheduledStopPoint:58660" version="1"/>
                  <prices>
                    <DistanceMatrixElementPrice id="VTR:DistanceMatrixElementPrice:1161401to1161403" version="1">
                      <Amount>0.7</Amount>
                      <DistanceMatrixElementRef ref="VTR:DistanceMatrixElement:1161401to1161403" version="1"/>
                    </DistanceMatrixElementPrice>
                  </prices>
                </DistanceMatrixElement>
                <DistanceMatrixElement id="VTR:DistanceMatrixElement:1161402to1161403" version="1">
                  <Name>Juknaičiai to Gaideliai</Name>
                  <StartStopPointRef ref="VTR:ScheduledStopPoint:58659" version="1"/>
                  <EndStopPointRef ref="VTR:ScheduledStopPoint:58660" version="1"/>
                  <prices>
                    <DistanceMatrixElementPrice id="VTR:DistanceMatrixElementPrice:1161402to1161403" version="1">
                      <Amount>0.4</Amount>
                      <DistanceMatrixElementRef ref="VTR:DistanceMatrixElement:1161402to1161403" version="1"/>
                    </DistanceMatrixElementPrice>
                  </prices>
                </DistanceMatrixElement>
                <DistanceMatrixElement id="VTR:DistanceMatrixElement:1161405to1161408" version="1">
                  <Name>Šilutės autobusų stotis to Piktaičiai</Name>
                  <StartStopPointRef ref="VTR:ScheduledStopPoint:58653" version="1"/>
                  <EndStopPointRef ref="VTR:ScheduledStopPoint:58656" version="1"/>
                  <prices>
                    <DistanceMatrixElementPrice id="VTR:DistanceMatrixElementPrice:1161405to1161408" version="1">
                      <Amount>1.2</Amount>
                      <DistanceMatrixElementRef ref="VTR:DistanceMatrixElement:1161405to1161408" version="1"/>
                    </DistanceMatrixElementPrice>
                  </prices>
                </DistanceMatrixElement>
                <DistanceMatrixElement id="VTR:DistanceMatrixElement:1161405to1161412" version="1">
                  <Name>Šilutės autobusų stotis to Gaideliai</Name>
                  <StartStopPointRef ref="VTR:ScheduledStopPoint:58653" version="1"/>
                  <EndStopPointRef ref="VTR:ScheduledStopPoint:58660" version="1"/>
                  <prices>
                    <DistanceMatrixElementPrice id="VTR:DistanceMatrixElementPrice:1161405to1161412" version="1">
                      <Amount>2.4</Amount>
                      <DistanceMatrixElementRef ref="VTR:DistanceMatrixElement:1161405to1161412" version="1"/>
                    </DistanceMatrixElementPrice>
                  </prices>
                </DistanceMatrixElement>
                <DistanceMatrixElement id="VTR:DistanceMatrixElement:1161405to1161413" version="1">
                  <Name>Šilutės autobusų stotis to Šilutės autobusų stotis</Name>
                  <StartStopPointRef ref="VTR:ScheduledStopPoint:58653" version="1"/>
                  <EndStopPointRef ref="VTR:ScheduledStopPoint:58661" version="1"/>
                  <prices>
                    <DistanceMatrixElementPrice id="VTR:DistanceMatrixElementPrice:1161405to1161413" version="1">
                      <Amount>3.0</Amount>
                      <DistanceMatrixElementRef ref="VTR:DistanceMatrixElement:1161405to1161413" version="1"/>
                    </DistanceMatrixElementPrice>
                  </prices>
                </DistanceMatrixElement>
                <DistanceMatrixElement id="VTR:DistanceMatrixElement:1161407to1161412" version="1">
                  <Name>Tarvydai to Gaideliai</Name>
                  <StartStopPointRef ref="VTR:ScheduledStopPoint:58655" version="1"/>
                  <EndStopPointRef ref="VTR:ScheduledStopPoint:58660" version="1"/>
                  <prices>
                    <DistanceMatrixElementPrice id="VTR:DistanceMatrixElementPrice:1161407to1161412" version="1">
                      <Amount>1.8</Amount>
                      <DistanceMatrixElementRef ref="VTR:DistanceMatrixElement:1161407to1161412" version="1"/>
                    </DistanceMatrixElementPrice>
                  </prices>
                </DistanceMatrixElement>
                <DistanceMatrixElement id="VTR:DistanceMatrixElement:1161409to1161410" version="1">
                  <Name>Pašyšiai to Okslindžiai</Name>
                  <StartStopPointRef ref="VTR:ScheduledStopPoint:58657" version="1"/>
                  <EndStopPointRef ref="VTR:ScheduledStopPoint:58658" version="1"/>
                  <prices>
                    <DistanceMatrixElementPrice id="VTR:DistanceMatrixElementPrice:1161409to1161410" version="1">
                      <Amount>0.4</Amount>
                      <DistanceMatrixElementRef ref="VTR:DistanceMatrixElement:1161409to1161410" version="1"/>
                    </DistanceMatrixElementPrice>
                  </prices>
                </DistanceMatrixElement>
                <DistanceMatrixElement id="VTR:DistanceMatrixElement:1161397to1161404" version="1">
                  <Name>Kirlikai to Šilutės autobusų stotis</Name>
                  <StartStopPointRef ref="VTR:ScheduledStopPoint:58654" version="1"/>
                  <EndStopPointRef ref="VTR:ScheduledStopPoint:58661" version="1"/>
                  <prices>
                    <DistanceMatrixElementPrice id="VTR:DistanceMatrixElementPrice:1161397to1161404" version="1">
                      <Amount>2.7</Amount>
                      <DistanceMatrixElementRef ref="VTR:DistanceMatrixElement:1161397to1161404" version="1"/>
                    </DistanceMatrixElementPrice>
                  </prices>
                </DistanceMatrixElement>
                <DistanceMatrixElement id="VTR:DistanceMatrixElement:1161398to1161404" version="1">
                  <Name>Tarvydai to Šilutės autobusų stotis</Name>
                  <StartStopPointRef ref="VTR:ScheduledStopPoint:58655" version="1"/>
                  <EndStopPointRef ref="VTR:ScheduledStopPoint:58661" version="1"/>
                  <prices>
                    <DistanceMatrixElementPrice id="VTR:DistanceMatrixElementPrice:1161398to1161404" version="1">
                      <Amount>2.3</Amount>
                      <DistanceMatrixElementRef ref="VTR:DistanceMatrixElement:1161398to1161404" version="1"/>
                    </DistanceMatrixElementPrice>
                  </prices>
                </DistanceMatrixElement>
                <DistanceMatrixElement id="VTR:DistanceMatrixElement:1161399to1161401" version="1">
                  <Name>Piktaičiai to Okslindžiai</Name>
                  <StartStopPointRef ref="VTR:ScheduledStopPoint:58656" version="1"/>
                  <EndStopPointRef ref="VTR:ScheduledStopPoint:58658" version="1"/>
                  <prices>
                    <DistanceMatrixElementPrice id="VTR:DistanceMatrixElementPrice:1161399to1161401" version="1">
                      <Amount>0.9</Amount>
                      <DistanceMatrixElementRef ref="VTR:DistanceMatrixElement:1161399to1161401" version="1"/>
                    </DistanceMatrixElementPrice>
                  </prices>
                </DistanceMatrixElement>
                <DistanceMatrixElement id="VTR:DistanceMatrixElement:1161401to1161402" version="1">
                  <Name>Okslindžiai to Juknaičiai</Name>
                  <StartStopPointRef ref="VTR:ScheduledStopPoint:58658" version="1"/>
                  <EndStopPointRef ref="VTR:ScheduledStopPoint:58659" version="1"/>
                  <prices>
                    <DistanceMatrixElementPrice id="VTR:DistanceMatrixElementPrice:1161401to1161402" version="1">
                      <Amount>0.3</Amount>
                      <DistanceMatrixElementRef ref="VTR:DistanceMatrixElement:1161401to1161402" version="1"/>
                    </DistanceMatrixElementPrice>
                  </prices>
                </DistanceMatrixElement>
                <DistanceMatrixElement id="VTR:DistanceMatrixElement:1161405to1161411" version="1">
                  <Name>Šilutės autobusų stotis to Juknaičiai</Name>
                  <StartStopPointRef ref="VTR:ScheduledStopPoint:58653" version="1"/>
                  <EndStopPointRef ref="VTR:ScheduledStopPoint:58659" version="1"/>
                  <prices>
                    <DistanceMatrixElementPrice id="VTR:DistanceMatrixElementPrice:1161405to1161411" version="1">
                      <Amount>2.0</Amount>
                      <DistanceMatrixElementRef ref="VTR:DistanceMatrixElement:1161405to1161411" version="1"/>
                    </DistanceMatrixElementPrice>
                  </prices>
                </DistanceMatrixElement>
                <DistanceMatrixElement id="VTR:DistanceMatrixElement:1161406to1161408" version="1">
                  <Name>Kirlikai to Piktaičiai</Name>
                  <StartStopPointRef ref="VTR:ScheduledStopPoint:58654" version="1"/>
                  <EndStopPointRef ref="VTR:ScheduledStopPoint:58656" version="1"/>
                  <prices>
                    <DistanceMatrixElementPrice id="VTR:DistanceMatrixElementPrice:1161406to1161408" version="1">
                      <Amount>0.9</Amount>
                      <DistanceMatrixElementRef ref="VTR:DistanceMatrixElement:1161406to1161408" version="1"/>
                    </DistanceMatrixElementPrice>
                  </prices>
                </DistanceMatrixElement>
                <DistanceMatrixElement id="VTR:DistanceMatrixElement:1161406to1161412" version="1">
                  <Name>Kirlikai to Gaideliai</Name>
                  <StartStopPointRef ref="VTR:ScheduledStopPoint:58654" version="1"/>
                  <EndStopPointRef ref="VTR:ScheduledStopPoint:58660" version="1"/>
                  <prices>
                    <DistanceMatrixElementPrice id="VTR:DistanceMatrixElementPrice:1161406to1161412" version="1">
                      <Amount>2.2</Amount>
                      <DistanceMatrixElementRef ref="VTR:DistanceMatrixElement:1161406to1161412" version="1"/>
                    </DistanceMatrixElementPrice>
                  </prices>
                </DistanceMatrixElement>
                <DistanceMatrixElement id="VTR:DistanceMatrixElement:1161406to1161413" version="1">
                  <Name>Kirlikai to Šilutės autobusų stotis</Name>
                  <StartStopPointRef ref="VTR:ScheduledStopPoint:58654" version="1"/>
                  <EndStopPointRef ref="VTR:ScheduledStopPoint:58661" version="1"/>
                  <prices>
                    <DistanceMatrixElementPrice id="VTR:DistanceMatrixElementPrice:1161406to1161413" version="1">
                      <Amount>2.7</Amount>
                      <DistanceMatrixElementRef ref="VTR:DistanceMatrixElement:1161406to1161413" version="1"/>
                    </DistanceMatrixElementPrice>
                  </prices>
                </DistanceMatrixElement>
                <DistanceMatrixElement id="VTR:DistanceMatrixElement:1161407to1161411" version="1">
                  <Name>Tarvydai to Juknaičiai</Name>
                  <StartStopPointRef ref="VTR:ScheduledStopPoint:58655" version="1"/>
                  <EndStopPointRef ref="VTR:ScheduledStopPoint:58659" version="1"/>
                  <prices>
                    <DistanceMatrixElementPrice id="VTR:DistanceMatrixElementPrice:1161407to1161411" version="1">
                      <Amount>1.4</Amount>
                      <DistanceMatrixElementRef ref="VTR:DistanceMatrixElement:1161407to1161411" version="1"/>
                    </DistanceMatrixElementPrice>
                  </prices>
                </DistanceMatrixElement>
                <DistanceMatrixElement id="VTR:DistanceMatrixElement:1161409to1161413" version="1">
                  <Name>Pašyšiai to Šilutės autobusų stotis</Name>
                  <StartStopPointRef ref="VTR:ScheduledStopPoint:58657" version="1"/>
                  <EndStopPointRef ref="VTR:ScheduledStopPoint:58661" version="1"/>
                  <prices>
                    <DistanceMatrixElementPrice id="VTR:DistanceMatrixElementPrice:1161409to1161413" version="1">
                      <Amount>1.6</Amount>
                      <DistanceMatrixElementRef ref="VTR:DistanceMatrixElement:1161409to1161413" version="1"/>
                    </DistanceMatrixElementPrice>
                  </prices>
                </DistanceMatrixElement>
                <DistanceMatrixElement id="VTR:DistanceMatrixElement:1161396to1161399" version="1">
                  <Name>Šilutės autobusų stotis to Piktaičiai</Name>
                  <StartStopPointRef ref="VTR:ScheduledStopPoint:58653" version="1"/>
                  <EndStopPointRef ref="VTR:ScheduledStopPoint:58656" version="1"/>
                  <prices>
                    <DistanceMatrixElementPrice id="VTR:DistanceMatrixElementPrice:1161396to1161399" version="1">
                      <Amount>1.2</Amount>
                      <DistanceMatrixElementRef ref="VTR:DistanceMatrixElement:1161396to1161399" version="1"/>
                    </DistanceMatrixElementPrice>
                  </prices>
                </DistanceMatrixElement>
                <DistanceMatrixElement id="VTR:DistanceMatrixElement:1161397to1161399" version="1">
                  <Name>Kirlikai to Piktaičiai</Name>
                  <StartStopPointRef ref="VTR:ScheduledStopPoint:58654" version="1"/>
                  <EndStopPointRef ref="VTR:ScheduledStopPoint:58656" version="1"/>
                  <prices>
                    <DistanceMatrixElementPrice id="VTR:DistanceMatrixElementPrice:1161397to1161399" version="1">
                      <Amount>0.9</Amount>
                      <DistanceMatrixElementRef ref="VTR:DistanceMatrixElement:1161397to1161399" version="1"/>
                    </DistanceMatrixElementPrice>
                  </prices>
                </DistanceMatrixElement>
                <DistanceMatrixElement id="VTR:DistanceMatrixElement:1161397to1161402" version="1">
                  <Name>Kirlikai to Juknaičiai</Name>
                  <StartStopPointRef ref="VTR:ScheduledStopPoint:58654" version="1"/>
                  <EndStopPointRef ref="VTR:ScheduledStopPoint:58659" version="1"/>
                  <prices>
                    <DistanceMatrixElementPrice id="VTR:DistanceMatrixElementPrice:1161397to1161402" version="1">
                      <Amount>1.8</Amount>
                      <DistanceMatrixElementRef ref="VTR:DistanceMatrixElement:1161397to1161402" version="1"/>
                    </DistanceMatrixElementPrice>
                  </prices>
                </DistanceMatrixElement>
                <DistanceMatrixElement id="VTR:DistanceMatrixElement:1161398to1161400" version="1">
                  <Name>Tarvydai to Pašyšiai</Name>
                  <StartStopPointRef ref="VTR:ScheduledStopPoint:58655" version="1"/>
                  <EndStopPointRef ref="VTR:ScheduledStopPoint:58657" version="1"/>
                  <prices>
                    <DistanceMatrixElementPrice id="VTR:DistanceMatrixElementPrice:1161398to1161400" version="1">
                      <Amount>0.7</Amount>
                      <DistanceMatrixElementRef ref="VTR:DistanceMatrixElement:1161398to1161400" version="1"/>
                    </DistanceMatrixElementPrice>
                  </prices>
                </DistanceMatrixElement>
                <DistanceMatrixElement id="VTR:DistanceMatrixElement:1161400to1161404" version="1">
                  <Name>Pašyšiai to Šilutės autobusų stotis</Name>
                  <StartStopPointRef ref="VTR:ScheduledStopPoint:58657" version="1"/>
                  <EndStopPointRef ref="VTR:ScheduledStopPoint:58661" version="1"/>
                  <prices>
                    <DistanceMatrixElementPrice id="VTR:DistanceMatrixElementPrice:1161400to1161404" version="1">
                      <Amount>1.6</Amount>
                      <DistanceMatrixElementRef ref="VTR:DistanceMatrixElement:1161400to1161404" version="1"/>
                    </DistanceMatrixElementPrice>
                  </prices>
                </DistanceMatrixElement>
                <DistanceMatrixElement id="VTR:DistanceMatrixElement:1161405to1161410" version="1">
                  <Name>Šilutės autobusų stotis to Okslindžiai</Name>
                  <StartStopPointRef ref="VTR:ScheduledStopPoint:58653" version="1"/>
                  <EndStopPointRef ref="VTR:ScheduledStopPoint:58658" version="1"/>
                  <prices>
                    <DistanceMatrixElementPrice id="VTR:DistanceMatrixElementPrice:1161405to1161410" version="1">
                      <Amount>1.8</Amount>
                      <DistanceMatrixElementRef ref="VTR:DistanceMatrixElement:1161405to1161410" version="1"/>
                    </DistanceMatrixElementPrice>
                  </prices>
                </DistanceMatrixElement>
                <DistanceMatrixElement id="VTR:DistanceMatrixElement:1161406to1161407" version="1">
                  <Name>Kirlikai to Tarvydai</Name>
                  <StartStopPointRef ref="VTR:ScheduledStopPoint:58654" version="1"/>
                  <EndStopPointRef ref="VTR:ScheduledStopPoint:58655" version="1"/>
                  <prices>
                    <DistanceMatrixElementPrice id="VTR:DistanceMatrixElementPrice:1161406to1161407" version="1">
                      <Amount>0.4</Amount>
                      <DistanceMatrixElementRef ref="VTR:DistanceMatrixElement:1161406to1161407" version="1"/>
                    </DistanceMatrixElementPrice>
                  </prices>
                </DistanceMatrixElement>
                <DistanceMatrixElement id="VTR:DistanceMatrixElement:1161406to1161411" version="1">
                  <Name>Kirlikai to Juknaičiai</Name>
                  <StartStopPointRef ref="VTR:ScheduledStopPoint:58654" version="1"/>
                  <EndStopPointRef ref="VTR:ScheduledStopPoint:58659" version="1"/>
                  <prices>
                    <DistanceMatrixElementPrice id="VTR:DistanceMatrixElementPrice:1161406to1161411" version="1">
                      <Amount>1.8</Amount>
                      <DistanceMatrixElementRef ref="VTR:DistanceMatrixElement:1161406to1161411" version="1"/>
                    </DistanceMatrixElementPrice>
                  </prices>
                </DistanceMatrixElement>
                <DistanceMatrixElement id="VTR:DistanceMatrixElement:1161408to1161413" version="1">
                  <Name>Piktaičiai to Šilutės autobusų stotis</Name>
                  <StartStopPointRef ref="VTR:ScheduledStopPoint:58656" version="1"/>
                  <EndStopPointRef ref="VTR:ScheduledStopPoint:58661" version="1"/>
                  <prices>
                    <DistanceMatrixElementPrice id="VTR:DistanceMatrixElementPrice:1161408to1161413" version="1">
                      <Amount>2.1</Amount>
                      <DistanceMatrixElementRef ref="VTR:DistanceMatrixElement:1161408to1161413" version="1"/>
                    </DistanceMatrixElementPrice>
                  </prices>
                </DistanceMatrixElement>
                <DistanceMatrixElement id="VTR:DistanceMatrixElement:1161410to1161411" version="1">
                  <Name>Okslindžiai to Juknaičiai</Name>
                  <StartStopPointRef ref="VTR:ScheduledStopPoint:58658" version="1"/>
                  <EndStopPointRef ref="VTR:ScheduledStopPoint:58659" version="1"/>
                  <prices>
                    <DistanceMatrixElementPrice id="VTR:DistanceMatrixElementPrice:1161410to1161411" version="1">
                      <Amount>0.3</Amount>
                      <DistanceMatrixElementRef ref="VTR:DistanceMatrixElement:1161410to1161411" version="1"/>
                    </DistanceMatrixElementPrice>
                  </prices>
                </DistanceMatrixElement>
                <DistanceMatrixElement id="VTR:DistanceMatrixElement:1161411to1161412" version="1">
                  <Name>Juknaičiai to Gaideliai</Name>
                  <StartStopPointRef ref="VTR:ScheduledStopPoint:58659" version="1"/>
                  <EndStopPointRef ref="VTR:ScheduledStopPoint:58660" version="1"/>
                  <prices>
                    <DistanceMatrixElementPrice id="VTR:DistanceMatrixElementPrice:1161411to1161412" version="1">
                      <Amount>0.4</Amount>
                      <DistanceMatrixElementRef ref="VTR:DistanceMatrixElement:1161411to1161412" version="1"/>
                    </DistanceMatrixElementPrice>
                  </prices>
                </DistanceMatrixElement>
                <DistanceMatrixElement id="VTR:DistanceMatrixElement:1161396to1161397" version="1">
                  <Name>Šilutės autobusų stotis to Kirlikai</Name>
                  <StartStopPointRef ref="VTR:ScheduledStopPoint:58653" version="1"/>
                  <EndStopPointRef ref="VTR:ScheduledStopPoint:58654" version="1"/>
                  <prices>
                    <DistanceMatrixElementPrice id="VTR:DistanceMatrixElementPrice:1161396to1161397" version="1">
                      <Amount>0.3</Amount>
                      <DistanceMatrixElementRef ref="VTR:DistanceMatrixElement:1161396to1161397" version="1"/>
                    </DistanceMatrixElementPrice>
                  </prices>
                </DistanceMatrixElement>
                <DistanceMatrixElement id="VTR:DistanceMatrixElement:1161396to1161402" version="1">
                  <Name>Šilutės autobusų stotis to Juknaičiai</Name>
                  <StartStopPointRef ref="VTR:ScheduledStopPoint:58653" version="1"/>
                  <EndStopPointRef ref="VTR:ScheduledStopPoint:58659" version="1"/>
                  <prices>
                    <DistanceMatrixElementPrice id="VTR:DistanceMatrixElementPrice:1161396to1161402" version="1">
                      <Amount>2.0</Amount>
                      <DistanceMatrixElementRef ref="VTR:DistanceMatrixElement:1161396to1161402" version="1"/>
                    </DistanceMatrixElementPrice>
                  </prices>
                </DistanceMatrixElement>
                <DistanceMatrixElement id="VTR:DistanceMatrixElement:1161398to1161399" version="1">
                  <Name>Tarvydai to Piktaičiai</Name>
                  <StartStopPointRef ref="VTR:ScheduledStopPoint:58655" version="1"/>
                  <EndStopPointRef ref="VTR:ScheduledStopPoint:58656" version="1"/>
                  <prices>
                    <DistanceMatrixElementPrice id="VTR:DistanceMatrixElementPrice:1161398to1161399" version="1">
                      <Amount>0.5</Amount>
                      <DistanceMatrixElementRef ref="VTR:DistanceMatrixElement:1161398to1161399" version="1"/>
                    </DistanceMatrixElementPrice>
                  </prices>
                </DistanceMatrixElement>
                <DistanceMatrixElement id="VTR:DistanceMatrixElement:1161398to1161402" version="1">
                  <Name>Tarvydai to Juknaičiai</Name>
                  <StartStopPointRef ref="VTR:ScheduledStopPoint:58655" version="1"/>
                  <EndStopPointRef ref="VTR:ScheduledStopPoint:58659" version="1"/>
                  <prices>
                    <DistanceMatrixElementPrice id="VTR:DistanceMatrixElementPrice:1161398to1161402" version="1">
                      <Amount>1.4</Amount>
                      <DistanceMatrixElementRef ref="VTR:DistanceMatrixElement:1161398to1161402" version="1"/>
                    </DistanceMatrixElementPrice>
                  </prices>
                </DistanceMatrixElement>
                <DistanceMatrixElement id="VTR:DistanceMatrixElement:1161398to1161403" version="1">
                  <Name>Tarvydai to Gaideliai</Name>
                  <StartStopPointRef ref="VTR:ScheduledStopPoint:58655" version="1"/>
                  <EndStopPointRef ref="VTR:ScheduledStopPoint:58660" version="1"/>
                  <prices>
                    <DistanceMatrixElementPrice id="VTR:DistanceMatrixElementPrice:1161398to1161403" version="1">
                      <Amount>1.8</Amount>
                      <DistanceMatrixElementRef ref="VTR:DistanceMatrixElement:1161398to1161403" version="1"/>
                    </DistanceMatrixElementPrice>
                  </prices>
                </DistanceMatrixElement>
                <DistanceMatrixElement id="VTR:DistanceMatrixElement:1161399to1161400" version="1">
                  <Name>Piktaičiai to Pašyšiai</Name>
                  <StartStopPointRef ref="VTR:ScheduledStopPoint:58656" version="1"/>
                  <EndStopPointRef ref="VTR:ScheduledStopPoint:58657" version="1"/>
                  <prices>
                    <DistanceMatrixElementPrice id="VTR:DistanceMatrixElementPrice:1161399to1161400" version="1">
                      <Amount>0.5</Amount>
                      <DistanceMatrixElementRef ref="VTR:DistanceMatrixElement:1161399to1161400" version="1"/>
                    </DistanceMatrixElementPrice>
                  </prices>
                </DistanceMatrixElement>
                <DistanceMatrixElement id="VTR:DistanceMatrixElement:1161399to1161402" version="1">
                  <Name>Piktaičiai to Juknaičiai</Name>
                  <StartStopPointRef ref="VTR:ScheduledStopPoint:58656" version="1"/>
                  <EndStopPointRef ref="VTR:ScheduledStopPoint:58659" version="1"/>
                  <prices>
                    <DistanceMatrixElementPrice id="VTR:DistanceMatrixElementPrice:1161399to1161402" version="1">
                      <Amount>1.2</Amount>
                      <DistanceMatrixElementRef ref="VTR:DistanceMatrixElement:1161399to1161402" version="1"/>
                    </DistanceMatrixElementPrice>
                  </prices>
                </DistanceMatrixElement>
                <DistanceMatrixElement id="VTR:DistanceMatrixElement:1161405to1161409" version="1">
                  <Name>Šilutės autobusų stotis to Pašyšiai</Name>
                  <StartStopPointRef ref="VTR:ScheduledStopPoint:58653" version="1"/>
                  <EndStopPointRef ref="VTR:ScheduledStopPoint:58657" version="1"/>
                  <prices>
                    <DistanceMatrixElementPrice id="VTR:DistanceMatrixElementPrice:1161405to1161409" version="1">
                      <Amount>1.4</Amount>
                      <DistanceMatrixElementRef ref="VTR:DistanceMatrixElement:1161405to1161409" version="1"/>
                    </DistanceMatrixElementPrice>
                  </prices>
                </DistanceMatrixElement>
                <DistanceMatrixElement id="VTR:DistanceMatrixElement:1161407to1161408" version="1">
                  <Name>Tarvydai to Piktaičiai</Name>
                  <StartStopPointRef ref="VTR:ScheduledStopPoint:58655" version="1"/>
                  <EndStopPointRef ref="VTR:ScheduledStopPoint:58656" version="1"/>
                  <prices>
                    <DistanceMatrixElementPrice id="VTR:DistanceMatrixElementPrice:1161407to1161408" version="1">
                      <Amount>0.5</Amount>
                      <DistanceMatrixElementRef ref="VTR:DistanceMatrixElement:1161407to1161408" version="1"/>
                    </DistanceMatrixElementPrice>
                  </prices>
                </DistanceMatrixElement>
                <DistanceMatrixElement id="VTR:DistanceMatrixElement:1161408to1161410" version="1">
                  <Name>Piktaičiai to Okslindžiai</Name>
                  <StartStopPointRef ref="VTR:ScheduledStopPoint:58656" version="1"/>
                  <EndStopPointRef ref="VTR:ScheduledStopPoint:58658" version="1"/>
                  <prices>
                    <DistanceMatrixElementPrice id="VTR:DistanceMatrixElementPrice:1161408to1161410" version="1">
                      <Amount>0.9</Amount>
                      <DistanceMatrixElementRef ref="VTR:DistanceMatrixElement:1161408to1161410" version="1"/>
                    </DistanceMatrixElementPrice>
                  </prices>
                </DistanceMatrixElement>
                <DistanceMatrixElement id="VTR:DistanceMatrixElement:1161396to1161404" version="1">
                  <Name>Šilutės autobusų stotis to Šilutės autobusų stotis</Name>
                  <StartStopPointRef ref="VTR:ScheduledStopPoint:58653" version="1"/>
                  <EndStopPointRef ref="VTR:ScheduledStopPoint:58661" version="1"/>
                  <prices>
                    <DistanceMatrixElementPrice id="VTR:DistanceMatrixElementPrice:1161396to1161404" version="1">
                      <Amount>3.0</Amount>
                      <DistanceMatrixElementRef ref="VTR:DistanceMatrixElement:1161396to1161404" version="1"/>
                    </DistanceMatrixElementPrice>
                  </prices>
                </DistanceMatrixElement>
                <DistanceMatrixElement id="VTR:DistanceMatrixElement:1161399to1161404" version="1">
                  <Name>Piktaičiai to Šilutės autobusų stotis</Name>
                  <StartStopPointRef ref="VTR:ScheduledStopPoint:58656" version="1"/>
                  <EndStopPointRef ref="VTR:ScheduledStopPoint:58661" version="1"/>
                  <prices>
                    <DistanceMatrixElementPrice id="VTR:DistanceMatrixElementPrice:1161399to1161404" version="1">
                      <Amount>2.1</Amount>
                      <DistanceMatrixElementRef ref="VTR:DistanceMatrixElement:1161399to1161404" version="1"/>
                    </DistanceMatrixElementPrice>
                  </prices>
                </DistanceMatrixElement>
                <DistanceMatrixElement id="VTR:DistanceMatrixElement:1161400to1161401" version="1">
                  <Name>Pašyšiai to Okslindžiai</Name>
                  <StartStopPointRef ref="VTR:ScheduledStopPoint:58657" version="1"/>
                  <EndStopPointRef ref="VTR:ScheduledStopPoint:58658" version="1"/>
                  <prices>
                    <DistanceMatrixElementPrice id="VTR:DistanceMatrixElementPrice:1161400to1161401" version="1">
                      <Amount>0.4</Amount>
                      <DistanceMatrixElementRef ref="VTR:DistanceMatrixElement:1161400to1161401" version="1"/>
                    </DistanceMatrixElementPrice>
                  </prices>
                </DistanceMatrixElement>
                <DistanceMatrixElement id="VTR:DistanceMatrixElement:1161405to1161407" version="1">
                  <Name>Šilutės autobusų stotis to Tarvydai</Name>
                  <StartStopPointRef ref="VTR:ScheduledStopPoint:58653" version="1"/>
                  <EndStopPointRef ref="VTR:ScheduledStopPoint:58655" version="1"/>
                  <prices>
                    <DistanceMatrixElementPrice id="VTR:DistanceMatrixElementPrice:1161405to1161407" version="1">
                      <Amount>0.6</Amount>
                      <DistanceMatrixElementRef ref="VTR:DistanceMatrixElement:1161405to1161407" version="1"/>
                    </DistanceMatrixElementPrice>
                  </prices>
                </DistanceMatrixElement>
                <DistanceMatrixElement id="VTR:DistanceMatrixElement:1161406to1161410" version="1">
                  <Name>Kirlikai to Okslindžiai</Name>
                  <StartStopPointRef ref="VTR:ScheduledStopPoint:58654" version="1"/>
                  <EndStopPointRef ref="VTR:ScheduledStopPoint:58658" version="1"/>
                  <prices>
                    <DistanceMatrixElementPrice id="VTR:DistanceMatrixElementPrice:1161406to1161410" version="1">
                      <Amount>1.5</Amount>
                      <DistanceMatrixElementRef ref="VTR:DistanceMatrixElement:1161406to1161410" version="1"/>
                    </DistanceMatrixElementPrice>
                  </prices>
                </DistanceMatrixElement>
                <DistanceMatrixElement id="VTR:DistanceMatrixElement:1161411to1161413" version="1">
                  <Name>Juknaičiai to Šilutės autobusų stotis</Name>
                  <StartStopPointRef ref="VTR:ScheduledStopPoint:58659" version="1"/>
                  <EndStopPointRef ref="VTR:ScheduledStopPoint:58661" version="1"/>
                  <prices>
                    <DistanceMatrixElementPrice id="VTR:DistanceMatrixElementPrice:1161411to1161413" version="1">
                      <Amount>0.9</Amount>
                      <DistanceMatrixElementRef ref="VTR:DistanceMatrixElement:1161411to1161413" version="1"/>
                    </DistanceMatrixElementPrice>
                  </prices>
                </DistanceMatrixElement>
                <DistanceMatrixElement id="VTR:DistanceMatrixElement:1161412to1161413" version="1">
                  <Name>Gaideliai to Šilutės autobusų stotis</Name>
                  <StartStopPointRef ref="VTR:ScheduledStopPoint:58660" version="1"/>
                  <EndStopPointRef ref="VTR:ScheduledStopPoint:58661" version="1"/>
                  <prices>
                    <DistanceMatrixElementPrice id="VTR:DistanceMatrixElementPrice:1161412to1161413" version="1">
                      <Amount>0.6</Amount>
                      <DistanceMatrixElementRef ref="VTR:DistanceMatrixElement:1161412to1161413" version="1"/>
                    </DistanceMatrixElementPrice>
                  </prices>
                </DistanceMatrixElement>
                <DistanceMatrixElement id="VTR:DistanceMatrixElement:1161396to1161398" version="1">
                  <Name>Šilutės autobusų stotis to Tarvydai</Name>
                  <StartStopPointRef ref="VTR:ScheduledStopPoint:58653" version="1"/>
                  <EndStopPointRef ref="VTR:ScheduledStopPoint:58655" version="1"/>
                  <prices>
                    <DistanceMatrixElementPrice id="VTR:DistanceMatrixElementPrice:1161396to1161398" version="1">
                      <Amount>0.6</Amount>
                      <DistanceMatrixElementRef ref="VTR:DistanceMatrixElement:1161396to1161398" version="1"/>
                    </DistanceMatrixElementPrice>
                  </prices>
                </DistanceMatrixElement>
                <DistanceMatrixElement id="VTR:DistanceMatrixElement:1161397to1161400" version="1">
                  <Name>Kirlikai to Pašyšiai</Name>
                  <StartStopPointRef ref="VTR:ScheduledStopPoint:58654" version="1"/>
                  <EndStopPointRef ref="VTR:ScheduledStopPoint:58657" version="1"/>
                  <prices>
                    <DistanceMatrixElementPrice id="VTR:DistanceMatrixElementPrice:1161397to1161400" version="1">
                      <Amount>1.1</Amount>
                      <DistanceMatrixElementRef ref="VTR:DistanceMatrixElement:1161397to1161400" version="1"/>
                    </DistanceMatrixElementPrice>
                  </prices>
                </DistanceMatrixElement>
                <DistanceMatrixElement id="VTR:DistanceMatrixElement:1161397to1161403" version="1">
                  <Name>Kirlikai to Gaideliai</Name>
                  <StartStopPointRef ref="VTR:ScheduledStopPoint:58654" version="1"/>
                  <EndStopPointRef ref="VTR:ScheduledStopPoint:58660" version="1"/>
                  <prices>
                    <DistanceMatrixElementPrice id="VTR:DistanceMatrixElementPrice:1161397to1161403" version="1">
                      <Amount>2.2</Amount>
                      <DistanceMatrixElementRef ref="VTR:DistanceMatrixElement:1161397to1161403" version="1"/>
                    </DistanceMatrixElementPrice>
                  </prices>
                </DistanceMatrixElement>
                <DistanceMatrixElement id="VTR:DistanceMatrixElement:1161400to1161402" version="1">
                  <Name>Pašyšiai to Juknaičiai</Name>
                  <StartStopPointRef ref="VTR:ScheduledStopPoint:58657" version="1"/>
                  <EndStopPointRef ref="VTR:ScheduledStopPoint:58659" version="1"/>
                  <prices>
                    <DistanceMatrixElementPrice id="VTR:DistanceMatrixElementPrice:1161400to1161402" version="1">
                      <Amount>0.7</Amount>
                      <DistanceMatrixElementRef ref="VTR:DistanceMatrixElement:1161400to1161402" version="1"/>
                    </DistanceMatrixElementPrice>
                  </prices>
                </DistanceMatrixElement>
                <DistanceMatrixElement id="VTR:DistanceMatrixElement:1161406to1161409" version="1">
                  <Name>Kirlikai to Pašyšiai</Name>
                  <StartStopPointRef ref="VTR:ScheduledStopPoint:58654" version="1"/>
                  <EndStopPointRef ref="VTR:ScheduledStopPoint:58657" version="1"/>
                  <prices>
                    <DistanceMatrixElementPrice id="VTR:DistanceMatrixElementPrice:1161406to1161409" version="1">
                      <Amount>1.1</Amount>
                      <DistanceMatrixElementRef ref="VTR:DistanceMatrixElement:1161406to1161409" version="1"/>
                    </DistanceMatrixElementPrice>
                  </prices>
                </DistanceMatrixElement>
                <DistanceMatrixElement id="VTR:DistanceMatrixElement:1161407to1161413" version="1">
                  <Name>Tarvydai to Šilutės autobusų stotis</Name>
                  <StartStopPointRef ref="VTR:ScheduledStopPoint:58655" version="1"/>
                  <EndStopPointRef ref="VTR:ScheduledStopPoint:58661" version="1"/>
                  <prices>
                    <DistanceMatrixElementPrice id="VTR:DistanceMatrixElementPrice:1161407to1161413" version="1">
                      <Amount>2.3</Amount>
                      <DistanceMatrixElementRef ref="VTR:DistanceMatrixElement:1161407to1161413" version="1"/>
                    </DistanceMatrixElementPrice>
                  </prices>
                </DistanceMatrixElement>
                <DistanceMatrixElement id="VTR:DistanceMatrixElement:1161409to1161411" version="1">
                  <Name>Pašyšiai to Juknaičiai</Name>
                  <StartStopPointRef ref="VTR:ScheduledStopPoint:58657" version="1"/>
                  <EndStopPointRef ref="VTR:ScheduledStopPoint:58659" version="1"/>
                  <prices>
                    <DistanceMatrixElementPrice id="VTR:DistanceMatrixElementPrice:1161409to1161411" version="1">
                      <Amount>0.7</Amount>
                      <DistanceMatrixElementRef ref="VTR:DistanceMatrixElement:1161409to1161411" version="1"/>
                    </DistanceMatrixElementPrice>
                  </prices>
                </DistanceMatrixElement>
              </distanceMatrixElements>
            </Tariff>
          </tariffs>
          <usageParameters>
            <FrequencyOfUse id="VTR:FrequencyOfUse:oneTrip" version="1">
              <FrequencyOfUseType>unlimited</FrequencyOfUseType>
              <MaximalFrequency>1</MaximalFrequency>
            </FrequencyOfUse>
          </usageParameters>
        </FareFrame>
      </frames>
    </CompositeFrame>
  </dataObjects>
</PublicationDelivery>
