<?xml version="1.0" encoding="UTF-8"?><PublicationDelivery xmlns="http://www.netex.org.uk/netex" xmlns:gis="http://www.opengis.net/gml/3.2" xmlns:ns2="http://www.opengis.net/gml/3.2" xmlns:ns3="http://www.siri.org.uk/siri" xmlns:xsi="http://www.w3.org/2001/XMLSchema-instance" version="1" xsi:schemaLocation="">
  <PublicationTimestamp>2022-05-07T01:10:00.314</PublicationTimestamp>
  <ParticipantRef>VTR</ParticipantRef>
  <Description>1</Description>
  <dataObjects>
    <CompositeFrame created="2022-05-07T01:10:00.314" version="1" id="VTR:CompositeFrame:1355">
      <validityConditions>
        <AvailabilityCondition version="1" id="VTR:AvailabilityCondition:1355">
          <FromDate>2015-07-27T15:15:06</FromDate>
          <ToDate>2027-12-30T00:00:00</ToDate>
        </AvailabilityCondition>
      </validityConditions>
      <codespaces>
        <Codespace id="vtr">
          <Xmlns>VTR</Xmlns>
          <XmlnsUrl>http://www.visimarsrutai.lt/</XmlnsUrl>
        </Codespace>
      </codespaces>
      <FrameDefaults>
        <DefaultLocale>
          <TimeZone>Europe/Vilnius</TimeZone>
        </DefaultLocale>
        <DefaultLocationSystem>WGS84</DefaultLocationSystem>
      </FrameDefaults>
      <frames>
        <ServiceCalendarFrame version="1" id="VTR:ServiceCalendarFrame:1355">
          <dayTypes>
            <DayType id="VTR:DayType:2959" version="1">
              <properties>
                <PropertyOfDay>
                  <DaysOfWeek>Monday Tuesday Wednesday Thursday Friday</DaysOfWeek>
                </PropertyOfDay>
              </properties>
            </DayType>
          </dayTypes>
          <operatingPeriods>
            <OperatingPeriod version="1" id="VTR:OperatingPeriod:2959">
              <FromDate>2015-01-01T00:00:00</FromDate>
              <ToDate>2020-01-01T00:00:00</ToDate>
            </OperatingPeriod>
          </operatingPeriods>
          <dayTypeAssignments>
            <DayTypeAssignment id="VTR:DayTypeAssignment:2959_0" version="1" order="2304">
              <OperatingPeriodRef ref="VTR:OperatingPeriod:2959" version="1"/>
              <DayTypeRef ref="VTR:DayType:2959" version="1"/>
            </DayTypeAssignment>
          </dayTypeAssignments>
        </ServiceCalendarFrame>
        <ServiceFrame id="VTR:ServiceFrame:1355" version="1">
          <Network version="0" id="VTR:Network:39"/>
          <routePoints>
            <RoutePoint version="1" id="VTR:RoutePoint:110398">
              <projections>
                <PointProjection version="1" id="VTR:PointProjection:34027">
                  <ProjectedPointRef ref="VTR:ScheduledStopPoint:110398" version="1"/>
                </PointProjection>
              </projections>
            </RoutePoint>
            <RoutePoint version="1" id="VTR:RoutePoint:110404">
              <projections>
                <PointProjection version="1" id="VTR:PointProjection:34033">
                  <ProjectedPointRef ref="VTR:ScheduledStopPoint:110404" version="1"/>
                </PointProjection>
              </projections>
            </RoutePoint>
            <RoutePoint version="1" id="VTR:RoutePoint:110424">
              <projections>
                <PointProjection version="1" id="VTR:PointProjection:34034">
                  <ProjectedPointRef ref="VTR:ScheduledStopPoint:110424" version="1"/>
                </PointProjection>
              </projections>
            </RoutePoint>
            <RoutePoint version="1" id="VTR:RoutePoint:110425">
              <projections>
                <PointProjection version="1" id="VTR:PointProjection:34035">
                  <ProjectedPointRef ref="VTR:ScheduledStopPoint:110425" version="1"/>
                </PointProjection>
              </projections>
            </RoutePoint>
            <RoutePoint version="1" id="VTR:RoutePoint:110426">
              <projections>
                <PointProjection version="1" id="VTR:PointProjection:34036">
                  <ProjectedPointRef ref="VTR:ScheduledStopPoint:110426" version="1"/>
                </PointProjection>
              </projections>
            </RoutePoint>
            <RoutePoint version="1" id="VTR:RoutePoint:110427">
              <projections>
                <PointProjection version="1" id="VTR:PointProjection:34037">
                  <ProjectedPointRef ref="VTR:ScheduledStopPoint:110427" version="1"/>
                </PointProjection>
              </projections>
            </RoutePoint>
            <RoutePoint version="1" id="VTR:RoutePoint:110428">
              <projections>
                <PointProjection version="1" id="VTR:PointProjection:34038">
                  <ProjectedPointRef ref="VTR:ScheduledStopPoint:110428" version="1"/>
                </PointProjection>
              </projections>
            </RoutePoint>
            <RoutePoint version="1" id="VTR:RoutePoint:58806">
              <projections>
                <PointProjection version="1" id="VTR:PointProjection:20250">
                  <ProjectedPointRef ref="VTR:ScheduledStopPoint:58806" version="1"/>
                </PointProjection>
              </projections>
            </RoutePoint>
            <RoutePoint version="1" id="VTR:RoutePoint:58807">
              <projections>
                <PointProjection version="1" id="VTR:PointProjection:20251">
                  <ProjectedPointRef ref="VTR:ScheduledStopPoint:58807" version="1"/>
                </PointProjection>
              </projections>
            </RoutePoint>
            <RoutePoint version="1" id="VTR:RoutePoint:58808">
              <projections>
                <PointProjection version="1" id="VTR:PointProjection:20252">
                  <ProjectedPointRef ref="VTR:ScheduledStopPoint:58808" version="1"/>
                </PointProjection>
              </projections>
            </RoutePoint>
            <RoutePoint version="1" id="VTR:RoutePoint:58809">
              <projections>
                <PointProjection version="1" id="VTR:PointProjection:20253">
                  <ProjectedPointRef ref="VTR:ScheduledStopPoint:58809" version="1"/>
                </PointProjection>
              </projections>
            </RoutePoint>
            <RoutePoint version="1" id="VTR:RoutePoint:58810">
              <projections>
                <PointProjection version="1" id="VTR:PointProjection:20254">
                  <ProjectedPointRef ref="VTR:ScheduledStopPoint:58810" version="1"/>
                </PointProjection>
              </projections>
            </RoutePoint>
            <RoutePoint version="1" id="VTR:RoutePoint:58811">
              <projections>
                <PointProjection version="1" id="VTR:PointProjection:20255">
                  <ProjectedPointRef ref="VTR:ScheduledStopPoint:58811" version="1"/>
                </PointProjection>
              </projections>
            </RoutePoint>
            <RoutePoint version="1" id="VTR:RoutePoint:58812">
              <projections>
                <PointProjection version="1" id="VTR:PointProjection:20256">
                  <ProjectedPointRef ref="VTR:ScheduledStopPoint:58812" version="1"/>
                </PointProjection>
              </projections>
            </RoutePoint>
          </routePoints>
          <routes>
            <Route version="1" id="VTR:Route:6586">
              <Name>Šilutė - Leitgiria</Name>
              <ShortName>Šilutė - Leitgiria</ShortName>
              <LineRef ref="VTR:Line:1460" version="1442"/>
              <DirectionType>inbound</DirectionType>
              <pointsInSequence>
                <PointOnRoute version="1" id="VTR:PointOnRoute:110404" order="1">
                  <RoutePointRef ref="VTR:RoutePoint:110404"/>
                </PointOnRoute>
                <PointOnRoute version="1" id="VTR:PointOnRoute:110424" order="2">
                  <RoutePointRef ref="VTR:RoutePoint:110424"/>
                </PointOnRoute>
                <PointOnRoute version="1" id="VTR:PointOnRoute:110425" order="3">
                  <RoutePointRef ref="VTR:RoutePoint:110425"/>
                </PointOnRoute>
                <PointOnRoute version="1" id="VTR:PointOnRoute:110426" order="4">
                  <RoutePointRef ref="VTR:RoutePoint:110426"/>
                </PointOnRoute>
                <PointOnRoute version="1" id="VTR:PointOnRoute:110427" order="5">
                  <RoutePointRef ref="VTR:RoutePoint:110427"/>
                </PointOnRoute>
                <PointOnRoute version="1" id="VTR:PointOnRoute:110428" order="6">
                  <RoutePointRef ref="VTR:RoutePoint:110428"/>
                </PointOnRoute>
                <PointOnRoute version="1" id="VTR:PointOnRoute:110398" order="7">
                  <RoutePointRef ref="VTR:RoutePoint:110398"/>
                </PointOnRoute>
              </pointsInSequence>
            </Route>
            <Route version="1" id="VTR:Route:3525">
              <Name>Šilutė - Leitgiriai</Name>
              <ShortName>Šilutė - Leitgiriai</ShortName>
              <LineRef ref="VTR:Line:1460" version="1442"/>
              <DirectionType>outbound</DirectionType>
              <pointsInSequence>
                <PointOnRoute version="1" id="VTR:PointOnRoute:58806" order="1">
                  <RoutePointRef ref="VTR:RoutePoint:58806"/>
                </PointOnRoute>
                <PointOnRoute version="1" id="VTR:PointOnRoute:58807" order="2">
                  <RoutePointRef ref="VTR:RoutePoint:58807"/>
                </PointOnRoute>
                <PointOnRoute version="1" id="VTR:PointOnRoute:58808" order="3">
                  <RoutePointRef ref="VTR:RoutePoint:58808"/>
                </PointOnRoute>
                <PointOnRoute version="1" id="VTR:PointOnRoute:58809" order="4">
                  <RoutePointRef ref="VTR:RoutePoint:58809"/>
                </PointOnRoute>
                <PointOnRoute version="1" id="VTR:PointOnRoute:58810" order="5">
                  <RoutePointRef ref="VTR:RoutePoint:58810"/>
                </PointOnRoute>
                <PointOnRoute version="1" id="VTR:PointOnRoute:58811" order="6">
                  <RoutePointRef ref="VTR:RoutePoint:58811"/>
                </PointOnRoute>
                <PointOnRoute version="1" id="VTR:PointOnRoute:58812" order="7">
                  <RoutePointRef ref="VTR:RoutePoint:58812"/>
                </PointOnRoute>
              </pointsInSequence>
            </Route>
          </routes>
          <lines>
            <Line version="1442" id="VTR:Line:1460">
              <Name>Šilutė - Leitgiriai</Name>
              <TransportMode>bus</TransportMode>
              <TransportSubmode>
                <BusSubmode>regionalBus</BusSubmode>
              </TransportSubmode>
              <PublicCode>M7006</PublicCode>
              <OperatorRef ref="VTR:Operator:39"/>
            </Line>
          </lines>
          <scheduledStopPoints>
            <ScheduledStopPoint version="1" id="VTR:ScheduledStopPoint:110398">
              <Name>Šilutės autobusų stotis</Name>
            </ScheduledStopPoint>
            <ScheduledStopPoint version="1" id="VTR:ScheduledStopPoint:110404">
              <Name>Leitgiriai</Name>
            </ScheduledStopPoint>
            <ScheduledStopPoint version="1" id="VTR:ScheduledStopPoint:110424">
              <Name>Kantariškiai</Name>
            </ScheduledStopPoint>
            <ScheduledStopPoint version="1" id="VTR:ScheduledStopPoint:110425">
              <Name>Jakšteliai</Name>
            </ScheduledStopPoint>
            <ScheduledStopPoint version="1" id="VTR:ScheduledStopPoint:110426">
              <Name>Šėriai</Name>
            </ScheduledStopPoint>
            <ScheduledStopPoint version="1" id="VTR:ScheduledStopPoint:110427">
              <Name>Juknaičiai</Name>
            </ScheduledStopPoint>
            <ScheduledStopPoint version="1" id="VTR:ScheduledStopPoint:110428">
              <Name>Gaideliai</Name>
            </ScheduledStopPoint>
            <ScheduledStopPoint version="1" id="VTR:ScheduledStopPoint:58806">
              <Name>Šilutės autobusų stotis</Name>
            </ScheduledStopPoint>
            <ScheduledStopPoint version="1" id="VTR:ScheduledStopPoint:58807">
              <Name>Gaideliai</Name>
            </ScheduledStopPoint>
            <ScheduledStopPoint version="1" id="VTR:ScheduledStopPoint:58808">
              <Name>Juknaičiai</Name>
            </ScheduledStopPoint>
            <ScheduledStopPoint version="1" id="VTR:ScheduledStopPoint:58809">
              <Name>Šėriai</Name>
            </ScheduledStopPoint>
            <ScheduledStopPoint version="1" id="VTR:ScheduledStopPoint:58810">
              <Name>Jakšteliai</Name>
            </ScheduledStopPoint>
            <ScheduledStopPoint version="1" id="VTR:ScheduledStopPoint:58811">
              <Name>Kantariškiai</Name>
            </ScheduledStopPoint>
            <ScheduledStopPoint version="1" id="VTR:ScheduledStopPoint:58812">
              <Name>Leitgiriai</Name>
            </ScheduledStopPoint>
          </scheduledStopPoints>
          <serviceLinks>
            <ServiceLink id="VTR:ServiceLink:110426_1_110427_1" version="1">
              <Distance>3</Distance>
              <FromPointRef ref="VTR:ScheduledStopPoint:110426" version="1"/>
              <ToPointRef ref="VTR:ScheduledStopPoint:110427" version="1"/>
            </ServiceLink>
            <ServiceLink id="VTR:ServiceLink:58808_1_58809_1" version="1">
              <Distance>3</Distance>
              <FromPointRef ref="VTR:ScheduledStopPoint:58808" version="1"/>
              <ToPointRef ref="VTR:ScheduledStopPoint:58809" version="1"/>
            </ServiceLink>
            <ServiceLink id="VTR:ServiceLink:58811_1_58812_1" version="1">
              <Distance>2</Distance>
              <FromPointRef ref="VTR:ScheduledStopPoint:58811" version="1"/>
              <ToPointRef ref="VTR:ScheduledStopPoint:58812" version="1"/>
            </ServiceLink>
            <ServiceLink id="VTR:ServiceLink:110424_1_110425_1" version="1">
              <Distance>1</Distance>
              <FromPointRef ref="VTR:ScheduledStopPoint:110424" version="1"/>
              <ToPointRef ref="VTR:ScheduledStopPoint:110425" version="1"/>
            </ServiceLink>
            <ServiceLink id="VTR:ServiceLink:58810_1_58811_1" version="1">
              <Distance>1</Distance>
              <FromPointRef ref="VTR:ScheduledStopPoint:58810" version="1"/>
              <ToPointRef ref="VTR:ScheduledStopPoint:58811" version="1"/>
            </ServiceLink>
            <ServiceLink id="VTR:ServiceLink:110404_1_110424_1" version="1">
              <Distance>2</Distance>
              <FromPointRef ref="VTR:ScheduledStopPoint:110404" version="1"/>
              <ToPointRef ref="VTR:ScheduledStopPoint:110424" version="1"/>
            </ServiceLink>
            <ServiceLink id="VTR:ServiceLink:58806_1_58807_1" version="1">
              <Distance>5</Distance>
              <FromPointRef ref="VTR:ScheduledStopPoint:58806" version="1"/>
              <ToPointRef ref="VTR:ScheduledStopPoint:58807" version="1"/>
            </ServiceLink>
            <ServiceLink id="VTR:ServiceLink:110425_1_110426_1" version="1">
              <Distance>1</Distance>
              <FromPointRef ref="VTR:ScheduledStopPoint:110425" version="1"/>
              <ToPointRef ref="VTR:ScheduledStopPoint:110426" version="1"/>
            </ServiceLink>
            <ServiceLink id="VTR:ServiceLink:58809_1_58810_1" version="1">
              <Distance>1</Distance>
              <FromPointRef ref="VTR:ScheduledStopPoint:58809" version="1"/>
              <ToPointRef ref="VTR:ScheduledStopPoint:58810" version="1"/>
            </ServiceLink>
            <ServiceLink id="VTR:ServiceLink:110428_1_110398_1" version="1">
              <Distance>5</Distance>
              <FromPointRef ref="VTR:ScheduledStopPoint:110428" version="1"/>
              <ToPointRef ref="VTR:ScheduledStopPoint:110398" version="1"/>
            </ServiceLink>
            <ServiceLink id="VTR:ServiceLink:110427_1_110428_1" version="1">
              <Distance>4</Distance>
              <FromPointRef ref="VTR:ScheduledStopPoint:110427" version="1"/>
              <ToPointRef ref="VTR:ScheduledStopPoint:110428" version="1"/>
            </ServiceLink>
            <ServiceLink id="VTR:ServiceLink:58807_1_58808_1" version="1">
              <Distance>3</Distance>
              <FromPointRef ref="VTR:ScheduledStopPoint:58807" version="1"/>
              <ToPointRef ref="VTR:ScheduledStopPoint:58808" version="1"/>
            </ServiceLink>
          </serviceLinks>
          <stopAssignments>
            <PassengerStopAssignment order="352500000" id="VTR:PassengerStopAssignment:58806" version="1">
              <ScheduledStopPointRef ref="VTR:ScheduledStopPoint:58806" version="1"/>
              <QuayRef ref="VTR:Quay:19489"/>
            </PassengerStopAssignment>
            <PassengerStopAssignment order="352500001" id="VTR:PassengerStopAssignment:58807" version="1">
              <ScheduledStopPointRef ref="VTR:ScheduledStopPoint:58807" version="1"/>
              <QuayRef ref="VTR:Quay:8158"/>
            </PassengerStopAssignment>
            <PassengerStopAssignment order="352500002" id="VTR:PassengerStopAssignment:58808" version="1">
              <ScheduledStopPointRef ref="VTR:ScheduledStopPoint:58808" version="1"/>
              <QuayRef ref="VTR:Quay:12060"/>
            </PassengerStopAssignment>
            <PassengerStopAssignment order="352500003" id="VTR:PassengerStopAssignment:58809" version="1">
              <ScheduledStopPointRef ref="VTR:ScheduledStopPoint:58809" version="1"/>
              <QuayRef ref="VTR:Quay:16620"/>
            </PassengerStopAssignment>
            <PassengerStopAssignment order="352500004" id="VTR:PassengerStopAssignment:58810" version="1">
              <ScheduledStopPointRef ref="VTR:ScheduledStopPoint:58810" version="1"/>
              <QuayRef ref="VTR:Quay:15866"/>
            </PassengerStopAssignment>
            <PassengerStopAssignment order="352500005" id="VTR:PassengerStopAssignment:58811" version="1">
              <ScheduledStopPointRef ref="VTR:ScheduledStopPoint:58811" version="1"/>
              <QuayRef ref="VTR:Quay:5252"/>
            </PassengerStopAssignment>
            <PassengerStopAssignment order="352500006" id="VTR:PassengerStopAssignment:58812" version="1">
              <ScheduledStopPointRef ref="VTR:ScheduledStopPoint:58812" version="1"/>
              <QuayRef ref="VTR:Quay:21211"/>
            </PassengerStopAssignment>
            <PassengerStopAssignment order="658600000" id="VTR:PassengerStopAssignment:110404" version="1">
              <ScheduledStopPointRef ref="VTR:ScheduledStopPoint:110404" version="1"/>
              <QuayRef ref="VTR:Quay:21211"/>
            </PassengerStopAssignment>
            <PassengerStopAssignment order="658600001" id="VTR:PassengerStopAssignment:110424" version="1">
              <ScheduledStopPointRef ref="VTR:ScheduledStopPoint:110424" version="1"/>
              <QuayRef ref="VTR:Quay:5070"/>
            </PassengerStopAssignment>
            <PassengerStopAssignment order="658600002" id="VTR:PassengerStopAssignment:110425" version="1">
              <ScheduledStopPointRef ref="VTR:ScheduledStopPoint:110425" version="1"/>
              <QuayRef ref="VTR:Quay:12833"/>
            </PassengerStopAssignment>
            <PassengerStopAssignment order="658600003" id="VTR:PassengerStopAssignment:110426" version="1">
              <ScheduledStopPointRef ref="VTR:ScheduledStopPoint:110426" version="1"/>
              <QuayRef ref="VTR:Quay:12041"/>
            </PassengerStopAssignment>
            <PassengerStopAssignment order="658600004" id="VTR:PassengerStopAssignment:110427" version="1">
              <ScheduledStopPointRef ref="VTR:ScheduledStopPoint:110427" version="1"/>
              <QuayRef ref="VTR:Quay:16042"/>
            </PassengerStopAssignment>
            <PassengerStopAssignment order="658600005" id="VTR:PassengerStopAssignment:110428" version="1">
              <ScheduledStopPointRef ref="VTR:ScheduledStopPoint:110428" version="1"/>
              <QuayRef ref="VTR:Quay:16033"/>
            </PassengerStopAssignment>
            <PassengerStopAssignment order="658600006" id="VTR:PassengerStopAssignment:110398" version="1">
              <ScheduledStopPointRef ref="VTR:ScheduledStopPoint:110398" version="1"/>
              <QuayRef ref="VTR:Quay:19489"/>
            </PassengerStopAssignment>
          </stopAssignments>
          <journeyPatterns>
            <JourneyPattern id="VTR:JourneyPattern:57627" version="57684">
              <Name>M7006-02</Name>
              <RouteRef ref="VTR:Route:6586" version="1"/>
              <pointsInSequence>
                <StopPointInJourneyPattern id="VTR:StopPointInJourneyPattern:1161421" version="57684" order="1">
                  <ScheduledStopPointRef ref="VTR:ScheduledStopPoint:110404"/>
                  <DestinationDisplayRef ref="VTR:DestinationDisplay:1"/>
                </StopPointInJourneyPattern>
                <StopPointInJourneyPattern id="VTR:StopPointInJourneyPattern:1161422" version="57684" order="2">
                  <ScheduledStopPointRef ref="VTR:ScheduledStopPoint:110424"/>
                  <DestinationDisplayRef ref="VTR:DestinationDisplay:1"/>
                </StopPointInJourneyPattern>
                <StopPointInJourneyPattern id="VTR:StopPointInJourneyPattern:1161423" version="57684" order="3">
                  <ScheduledStopPointRef ref="VTR:ScheduledStopPoint:110425"/>
                  <DestinationDisplayRef ref="VTR:DestinationDisplay:1"/>
                </StopPointInJourneyPattern>
                <StopPointInJourneyPattern id="VTR:StopPointInJourneyPattern:1161424" version="57684" order="4">
                  <ScheduledStopPointRef ref="VTR:ScheduledStopPoint:110426"/>
                  <DestinationDisplayRef ref="VTR:DestinationDisplay:1"/>
                </StopPointInJourneyPattern>
                <StopPointInJourneyPattern id="VTR:StopPointInJourneyPattern:1161425" version="57684" order="5">
                  <ScheduledStopPointRef ref="VTR:ScheduledStopPoint:110427"/>
                  <DestinationDisplayRef ref="VTR:DestinationDisplay:1"/>
                </StopPointInJourneyPattern>
                <StopPointInJourneyPattern id="VTR:StopPointInJourneyPattern:1161426" version="57684" order="6">
                  <ScheduledStopPointRef ref="VTR:ScheduledStopPoint:110428"/>
                  <DestinationDisplayRef ref="VTR:DestinationDisplay:1"/>
                </StopPointInJourneyPattern>
                <StopPointInJourneyPattern id="VTR:StopPointInJourneyPattern:1161427" version="57684" order="7">
                  <ScheduledStopPointRef ref="VTR:ScheduledStopPoint:110398"/>
                  <DestinationDisplayRef ref="VTR:DestinationDisplay:1"/>
                </StopPointInJourneyPattern>
              </pointsInSequence>
            </JourneyPattern>
            <JourneyPattern id="VTR:JourneyPattern:57626" version="57683">
              <Name>M7006-01</Name>
              <RouteRef ref="VTR:Route:3525" version="1"/>
              <pointsInSequence>
                <StopPointInJourneyPattern id="VTR:StopPointInJourneyPattern:1161414" version="57683" order="1">
                  <ScheduledStopPointRef ref="VTR:ScheduledStopPoint:58806"/>
                  <DestinationDisplayRef ref="VTR:DestinationDisplay:1"/>
                </StopPointInJourneyPattern>
                <StopPointInJourneyPattern id="VTR:StopPointInJourneyPattern:1161415" version="57683" order="2">
                  <ScheduledStopPointRef ref="VTR:ScheduledStopPoint:58807"/>
                  <DestinationDisplayRef ref="VTR:DestinationDisplay:1"/>
                </StopPointInJourneyPattern>
                <StopPointInJourneyPattern id="VTR:StopPointInJourneyPattern:1161416" version="57683" order="3">
                  <ScheduledStopPointRef ref="VTR:ScheduledStopPoint:58808"/>
                  <DestinationDisplayRef ref="VTR:DestinationDisplay:1"/>
                </StopPointInJourneyPattern>
                <StopPointInJourneyPattern id="VTR:StopPointInJourneyPattern:1161417" version="57683" order="4">
                  <ScheduledStopPointRef ref="VTR:ScheduledStopPoint:58809"/>
                  <DestinationDisplayRef ref="VTR:DestinationDisplay:1"/>
                </StopPointInJourneyPattern>
                <StopPointInJourneyPattern id="VTR:StopPointInJourneyPattern:1161418" version="57683" order="5">
                  <ScheduledStopPointRef ref="VTR:ScheduledStopPoint:58810"/>
                  <DestinationDisplayRef ref="VTR:DestinationDisplay:1"/>
                </StopPointInJourneyPattern>
                <StopPointInJourneyPattern id="VTR:StopPointInJourneyPattern:1161419" version="57683" order="6">
                  <ScheduledStopPointRef ref="VTR:ScheduledStopPoint:58811"/>
                  <DestinationDisplayRef ref="VTR:DestinationDisplay:1"/>
                </StopPointInJourneyPattern>
                <StopPointInJourneyPattern id="VTR:StopPointInJourneyPattern:1161420" version="57683" order="7">
                  <ScheduledStopPointRef ref="VTR:ScheduledStopPoint:58812"/>
                  <DestinationDisplayRef ref="VTR:DestinationDisplay:1"/>
                </StopPointInJourneyPattern>
              </pointsInSequence>
            </JourneyPattern>
          </journeyPatterns>
        </ServiceFrame>
        <TimetableFrame version="1" id="VTR:TimetableFrame:1355">
          <vehicleJourneys>
            <ServiceJourney version="57684" id="VTR:ServiceJourney:57627">
              <Name>Šilutė - Leitgiria</Name>
              <PrivateCode>M7006-02</PrivateCode>
              <dayTypes>
                <DayTypeRef ref="VTR:DayType:2959"/>
              </dayTypes>
              <JourneyPatternRef version="57684" ref="VTR:JourneyPattern:57627"/>
              <OperatorRef ref="VTR:Operator:523"/>
              <LineRef ref="VTR:Line:1460" version="1442"/>
              <passingTimes>
                <TimetabledPassingTime version="57684" id="VTR:TimetabledPassingTime:57627_1161421_1">
                  <StopPointInJourneyPatternRef ref="VTR:StopPointInJourneyPattern:1161421" version="57684"/>
                  <DepartureTime>14:33:00</DepartureTime>
                  <DepartureDayOffset>0</DepartureDayOffset>
                </TimetabledPassingTime>
                <TimetabledPassingTime version="57684" id="VTR:TimetabledPassingTime:57627_1161422_2">
                  <StopPointInJourneyPatternRef ref="VTR:StopPointInJourneyPattern:1161422" version="57684"/>
                  <DepartureTime>14:36:00</DepartureTime>
                  <DepartureDayOffset>0</DepartureDayOffset>
                </TimetabledPassingTime>
                <TimetabledPassingTime version="57684" id="VTR:TimetabledPassingTime:57627_1161423_3">
                  <StopPointInJourneyPatternRef ref="VTR:StopPointInJourneyPattern:1161423" version="57684"/>
                  <DepartureTime>14:37:00</DepartureTime>
                  <DepartureDayOffset>0</DepartureDayOffset>
                </TimetabledPassingTime>
                <TimetabledPassingTime version="57684" id="VTR:TimetabledPassingTime:57627_1161424_4">
                  <StopPointInJourneyPatternRef ref="VTR:StopPointInJourneyPattern:1161424" version="57684"/>
                  <DepartureTime>14:44:00</DepartureTime>
                  <DepartureDayOffset>0</DepartureDayOffset>
                </TimetabledPassingTime>
                <TimetabledPassingTime version="57684" id="VTR:TimetabledPassingTime:57627_1161425_5">
                  <StopPointInJourneyPatternRef ref="VTR:StopPointInJourneyPattern:1161425" version="57684"/>
                  <DepartureTime>14:48:00</DepartureTime>
                  <DepartureDayOffset>0</DepartureDayOffset>
                </TimetabledPassingTime>
                <TimetabledPassingTime version="57684" id="VTR:TimetabledPassingTime:57627_1161426_6">
                  <StopPointInJourneyPatternRef ref="VTR:StopPointInJourneyPattern:1161426" version="57684"/>
                  <DepartureTime>14:55:00</DepartureTime>
                  <DepartureDayOffset>0</DepartureDayOffset>
                </TimetabledPassingTime>
                <TimetabledPassingTime version="57684" id="VTR:TimetabledPassingTime:57627_1161427_7">
                  <StopPointInJourneyPatternRef ref="VTR:StopPointInJourneyPattern:1161427" version="57684"/>
                  <DepartureTime>15:00:00</DepartureTime>
                  <DepartureDayOffset>0</DepartureDayOffset>
                </TimetabledPassingTime>
              </passingTimes>
            </ServiceJourney>
            <ServiceJourney version="57683" id="VTR:ServiceJourney:57626">
              <Name>Šilutė - Leitgiriai</Name>
              <PrivateCode>M7006-01</PrivateCode>
              <dayTypes>
                <DayTypeRef ref="VTR:DayType:2959"/>
              </dayTypes>
              <JourneyPatternRef version="57683" ref="VTR:JourneyPattern:57626"/>
              <OperatorRef ref="VTR:Operator:523"/>
              <LineRef ref="VTR:Line:1460" version="1442"/>
              <passingTimes>
                <TimetabledPassingTime version="57683" id="VTR:TimetabledPassingTime:57626_1161414_1">
                  <StopPointInJourneyPatternRef ref="VTR:StopPointInJourneyPattern:1161414" version="57683"/>
                  <DepartureTime>14:00:00</DepartureTime>
                  <DepartureDayOffset>0</DepartureDayOffset>
                </TimetabledPassingTime>
                <TimetabledPassingTime version="57683" id="VTR:TimetabledPassingTime:57626_1161415_2">
                  <StopPointInJourneyPatternRef ref="VTR:StopPointInJourneyPattern:1161415" version="57683"/>
                  <DepartureTime>14:09:00</DepartureTime>
                  <DepartureDayOffset>0</DepartureDayOffset>
                </TimetabledPassingTime>
                <TimetabledPassingTime version="57683" id="VTR:TimetabledPassingTime:57626_1161416_3">
                  <StopPointInJourneyPatternRef ref="VTR:StopPointInJourneyPattern:1161416" version="57683"/>
                  <DepartureTime>14:14:00</DepartureTime>
                  <DepartureDayOffset>0</DepartureDayOffset>
                </TimetabledPassingTime>
                <TimetabledPassingTime version="57683" id="VTR:TimetabledPassingTime:57626_1161417_4">
                  <StopPointInJourneyPatternRef ref="VTR:StopPointInJourneyPattern:1161417" version="57683"/>
                  <DepartureTime>14:19:00</DepartureTime>
                  <DepartureDayOffset>0</DepartureDayOffset>
                </TimetabledPassingTime>
                <TimetabledPassingTime version="57683" id="VTR:TimetabledPassingTime:57626_1161418_5">
                  <StopPointInJourneyPatternRef ref="VTR:StopPointInJourneyPattern:1161418" version="57683"/>
                  <DepartureTime>14:23:00</DepartureTime>
                  <DepartureDayOffset>0</DepartureDayOffset>
                </TimetabledPassingTime>
                <TimetabledPassingTime version="57683" id="VTR:TimetabledPassingTime:57626_1161419_6">
                  <StopPointInJourneyPatternRef ref="VTR:StopPointInJourneyPattern:1161419" version="57683"/>
                  <DepartureTime>14:27:00</DepartureTime>
                  <DepartureDayOffset>0</DepartureDayOffset>
                </TimetabledPassingTime>
                <TimetabledPassingTime version="57683" id="VTR:TimetabledPassingTime:57626_1161420_7">
                  <StopPointInJourneyPatternRef ref="VTR:StopPointInJourneyPattern:1161420" version="57683"/>
                  <DepartureTime>14:33:00</DepartureTime>
                  <DepartureDayOffset>0</DepartureDayOffset>
                </TimetabledPassingTime>
              </passingTimes>
            </ServiceJourney>
          </vehicleJourneys>
        </TimetableFrame>
        <ResourceFrame version="1" id="VTR:ResourceFrame:1355">
          <organisations>
            <Authority version="1" id="VTR:Authority:39">
              <CompanyNumber>88</CompanyNumber>
              <Name>Šilutės r. sav.</Name>
              <LegalName>Šilutės r. sav.</LegalName>
              <ContactDetails>
                <Email>administracija@silute.lt</Email>
                <Phone>844179201</Phone>
                <Url>www.silute.lt</Url>
              </ContactDetails>
              <OrganisationType>authority</OrganisationType>
            </Authority>
          </organisations>
        </ResourceFrame>
        <FareFrame id="VTR:FareFrame:1460" version="1">
          <FrameDefaults>
            <DefaultCurrency>EUR</DefaultCurrency>
          </FrameDefaults>
          <fareStructureElements>
            <FareStructureElement id="VTR:FareStructureElement:pricematrix" version="1">
              <distanceMatrixElements>
                <DistanceMatrixElementRef ref="VTR:DistanceMatrixElement:1161416to1161419" version="1"/>
                <DistanceMatrixElementRef ref="VTR:DistanceMatrixElement:1161424to1161425" version="1"/>
                <DistanceMatrixElementRef ref="VTR:DistanceMatrixElement:1161419to1161420" version="1"/>
                <DistanceMatrixElementRef ref="VTR:DistanceMatrixElement:1161422to1161426" version="1"/>
                <DistanceMatrixElementRef ref="VTR:DistanceMatrixElement:1161426to1161427" version="1"/>
                <DistanceMatrixElementRef ref="VTR:DistanceMatrixElement:1161414to1161417" version="1"/>
                <DistanceMatrixElementRef ref="VTR:DistanceMatrixElement:1161415to1161420" version="1"/>
                <DistanceMatrixElementRef ref="VTR:DistanceMatrixElement:1161416to1161417" version="1"/>
                <DistanceMatrixElementRef ref="VTR:DistanceMatrixElement:1161414to1161419" version="1"/>
                <DistanceMatrixElementRef ref="VTR:DistanceMatrixElement:1161414to1161420" version="1"/>
                <DistanceMatrixElementRef ref="VTR:DistanceMatrixElement:1161421to1161424" version="1"/>
                <DistanceMatrixElementRef ref="VTR:DistanceMatrixElement:1161424to1161427" version="1"/>
                <DistanceMatrixElementRef ref="VTR:DistanceMatrixElement:1161425to1161426" version="1"/>
                <DistanceMatrixElementRef ref="VTR:DistanceMatrixElement:1161415to1161419" version="1"/>
                <DistanceMatrixElementRef ref="VTR:DistanceMatrixElement:1161417to1161419" version="1"/>
                <DistanceMatrixElementRef ref="VTR:DistanceMatrixElement:1161418to1161419" version="1"/>
                <DistanceMatrixElementRef ref="VTR:DistanceMatrixElement:1161422to1161427" version="1"/>
                <DistanceMatrixElementRef ref="VTR:DistanceMatrixElement:1161423to1161426" version="1"/>
                <DistanceMatrixElementRef ref="VTR:DistanceMatrixElement:1161414to1161416" version="1"/>
                <DistanceMatrixElementRef ref="VTR:DistanceMatrixElement:1161421to1161422" version="1"/>
                <DistanceMatrixElementRef ref="VTR:DistanceMatrixElement:1161422to1161423" version="1"/>
                <DistanceMatrixElementRef ref="VTR:DistanceMatrixElement:1161423to1161424" version="1"/>
                <DistanceMatrixElementRef ref="VTR:DistanceMatrixElement:1161423to1161425" version="1"/>
                <DistanceMatrixElementRef ref="VTR:DistanceMatrixElement:1161423to1161427" version="1"/>
                <DistanceMatrixElementRef ref="VTR:DistanceMatrixElement:1161414to1161415" version="1"/>
                <DistanceMatrixElementRef ref="VTR:DistanceMatrixElement:1161414to1161418" version="1"/>
                <DistanceMatrixElementRef ref="VTR:DistanceMatrixElement:1161415to1161416" version="1"/>
                <DistanceMatrixElementRef ref="VTR:DistanceMatrixElement:1161416to1161418" version="1"/>
                <DistanceMatrixElementRef ref="VTR:DistanceMatrixElement:1161416to1161420" version="1"/>
                <DistanceMatrixElementRef ref="VTR:DistanceMatrixElement:1161418to1161420" version="1"/>
                <DistanceMatrixElementRef ref="VTR:DistanceMatrixElement:1161421to1161423" version="1"/>
                <DistanceMatrixElementRef ref="VTR:DistanceMatrixElement:1161421to1161425" version="1"/>
                <DistanceMatrixElementRef ref="VTR:DistanceMatrixElement:1161421to1161426" version="1"/>
                <DistanceMatrixElementRef ref="VTR:DistanceMatrixElement:1161422to1161424" version="1"/>
                <DistanceMatrixElementRef ref="VTR:DistanceMatrixElement:1161425to1161427" version="1"/>
                <DistanceMatrixElementRef ref="VTR:DistanceMatrixElement:1161415to1161417" version="1"/>
                <DistanceMatrixElementRef ref="VTR:DistanceMatrixElement:1161415to1161418" version="1"/>
                <DistanceMatrixElementRef ref="VTR:DistanceMatrixElement:1161417to1161418" version="1"/>
                <DistanceMatrixElementRef ref="VTR:DistanceMatrixElement:1161421to1161427" version="1"/>
                <DistanceMatrixElementRef ref="VTR:DistanceMatrixElement:1161424to1161426" version="1"/>
                <DistanceMatrixElementRef ref="VTR:DistanceMatrixElement:1161422to1161425" version="1"/>
                <DistanceMatrixElementRef ref="VTR:DistanceMatrixElement:1161417to1161420" version="1"/>
              </distanceMatrixElements>
            </FareStructureElement>
          </fareStructureElements>
          <tariffs>
            <Tariff id="VTR:Tariff:pointToPointInSeparateJourney_1460" version="1">
              <Name>Point to point tariff</Name>
              <distanceMatrixElements>
                <DistanceMatrixElement id="VTR:DistanceMatrixElement:1161416to1161419" version="1">
                  <Name>Juknaičiai to Kantariškiai</Name>
                  <StartStopPointRef ref="VTR:ScheduledStopPoint:58808" version="1"/>
                  <EndStopPointRef ref="VTR:ScheduledStopPoint:58811" version="1"/>
                  <prices>
                    <DistanceMatrixElementPrice id="VTR:DistanceMatrixElementPrice:1161416to1161419" version="1">
                      <Amount>0.6</Amount>
                      <DistanceMatrixElementRef ref="VTR:DistanceMatrixElement:1161416to1161419" version="1"/>
                    </DistanceMatrixElementPrice>
                  </prices>
                </DistanceMatrixElement>
                <DistanceMatrixElement id="VTR:DistanceMatrixElement:1161424to1161425" version="1">
                  <Name>Šėriai to Juknaičiai</Name>
                  <StartStopPointRef ref="VTR:ScheduledStopPoint:110426" version="1"/>
                  <EndStopPointRef ref="VTR:ScheduledStopPoint:110427" version="1"/>
                  <prices>
                    <DistanceMatrixElementPrice id="VTR:DistanceMatrixElementPrice:1161424to1161425" version="1">
                      <Amount>0.3</Amount>
                      <DistanceMatrixElementRef ref="VTR:DistanceMatrixElement:1161424to1161425" version="1"/>
                    </DistanceMatrixElementPrice>
                  </prices>
                </DistanceMatrixElement>
                <DistanceMatrixElement id="VTR:DistanceMatrixElement:1161419to1161420" version="1">
                  <Name>Kantariškiai to Leitgiriai</Name>
                  <StartStopPointRef ref="VTR:ScheduledStopPoint:58811" version="1"/>
                  <EndStopPointRef ref="VTR:ScheduledStopPoint:58812" version="1"/>
                  <prices>
                    <DistanceMatrixElementPrice id="VTR:DistanceMatrixElementPrice:1161419to1161420" version="1">
                      <Amount>0.3</Amount>
                      <DistanceMatrixElementRef ref="VTR:DistanceMatrixElement:1161419to1161420" version="1"/>
                    </DistanceMatrixElementPrice>
                  </prices>
                </DistanceMatrixElement>
                <DistanceMatrixElement id="VTR:DistanceMatrixElement:1161422to1161426" version="1">
                  <Name>Kantariškiai to Gaideliai</Name>
                  <StartStopPointRef ref="VTR:ScheduledStopPoint:110424" version="1"/>
                  <EndStopPointRef ref="VTR:ScheduledStopPoint:110428" version="1"/>
                  <prices>
                    <DistanceMatrixElementPrice id="VTR:DistanceMatrixElementPrice:1161422to1161426" version="1">
                      <Amount>1.0</Amount>
                      <DistanceMatrixElementRef ref="VTR:DistanceMatrixElement:1161422to1161426" version="1"/>
                    </DistanceMatrixElementPrice>
                  </prices>
                </DistanceMatrixElement>
                <DistanceMatrixElement id="VTR:DistanceMatrixElement:1161426to1161427" version="1">
                  <Name>Gaideliai to Šilutės autobusų stotis</Name>
                  <StartStopPointRef ref="VTR:ScheduledStopPoint:110428" version="1"/>
                  <EndStopPointRef ref="VTR:ScheduledStopPoint:110398" version="1"/>
                  <prices>
                    <DistanceMatrixElementPrice id="VTR:DistanceMatrixElementPrice:1161426to1161427" version="1">
                      <Amount>0.6</Amount>
                      <DistanceMatrixElementRef ref="VTR:DistanceMatrixElement:1161426to1161427" version="1"/>
                    </DistanceMatrixElementPrice>
                  </prices>
                </DistanceMatrixElement>
                <DistanceMatrixElement id="VTR:DistanceMatrixElement:1161414to1161417" version="1">
                  <Name>Šilutės autobusų stotis to Šėriai</Name>
                  <StartStopPointRef ref="VTR:ScheduledStopPoint:58806" version="1"/>
                  <EndStopPointRef ref="VTR:ScheduledStopPoint:58809" version="1"/>
                  <prices>
                    <DistanceMatrixElementPrice id="VTR:DistanceMatrixElementPrice:1161414to1161417" version="1">
                      <Amount>1.3</Amount>
                      <DistanceMatrixElementRef ref="VTR:DistanceMatrixElement:1161414to1161417" version="1"/>
                    </DistanceMatrixElementPrice>
                  </prices>
                </DistanceMatrixElement>
                <DistanceMatrixElement id="VTR:DistanceMatrixElement:1161415to1161420" version="1">
                  <Name>Gaideliai to Leitgiriai</Name>
                  <StartStopPointRef ref="VTR:ScheduledStopPoint:58807" version="1"/>
                  <EndStopPointRef ref="VTR:ScheduledStopPoint:58812" version="1"/>
                  <prices>
                    <DistanceMatrixElementPrice id="VTR:DistanceMatrixElementPrice:1161415to1161420" version="1">
                      <Amount>1.3</Amount>
                      <DistanceMatrixElementRef ref="VTR:DistanceMatrixElement:1161415to1161420" version="1"/>
                    </DistanceMatrixElementPrice>
                  </prices>
                </DistanceMatrixElement>
                <DistanceMatrixElement id="VTR:DistanceMatrixElement:1161416to1161417" version="1">
                  <Name>Juknaičiai to Šėriai</Name>
                  <StartStopPointRef ref="VTR:ScheduledStopPoint:58808" version="1"/>
                  <EndStopPointRef ref="VTR:ScheduledStopPoint:58809" version="1"/>
                  <prices>
                    <DistanceMatrixElementPrice id="VTR:DistanceMatrixElementPrice:1161416to1161417" version="1">
                      <Amount>0.3</Amount>
                      <DistanceMatrixElementRef ref="VTR:DistanceMatrixElement:1161416to1161417" version="1"/>
                    </DistanceMatrixElementPrice>
                  </prices>
                </DistanceMatrixElement>
                <DistanceMatrixElement id="VTR:DistanceMatrixElement:1161414to1161419" version="1">
                  <Name>Šilutės autobusų stotis to Kantariškiai</Name>
                  <StartStopPointRef ref="VTR:ScheduledStopPoint:58806" version="1"/>
                  <EndStopPointRef ref="VTR:ScheduledStopPoint:58811" version="1"/>
                  <prices>
                    <DistanceMatrixElementPrice id="VTR:DistanceMatrixElementPrice:1161414to1161419" version="1">
                      <Amount>1.6</Amount>
                      <DistanceMatrixElementRef ref="VTR:DistanceMatrixElement:1161414to1161419" version="1"/>
                    </DistanceMatrixElementPrice>
                  </prices>
                </DistanceMatrixElement>
                <DistanceMatrixElement id="VTR:DistanceMatrixElement:1161414to1161420" version="1">
                  <Name>Šilutės autobusų stotis to Leitgiriai</Name>
                  <StartStopPointRef ref="VTR:ScheduledStopPoint:58806" version="1"/>
                  <EndStopPointRef ref="VTR:ScheduledStopPoint:58812" version="1"/>
                  <prices>
                    <DistanceMatrixElementPrice id="VTR:DistanceMatrixElementPrice:1161414to1161420" version="1">
                      <Amount>1.9</Amount>
                      <DistanceMatrixElementRef ref="VTR:DistanceMatrixElement:1161414to1161420" version="1"/>
                    </DistanceMatrixElementPrice>
                  </prices>
                </DistanceMatrixElement>
                <DistanceMatrixElement id="VTR:DistanceMatrixElement:1161421to1161424" version="1">
                  <Name>Leitgiriai to Šėriai</Name>
                  <StartStopPointRef ref="VTR:ScheduledStopPoint:110404" version="1"/>
                  <EndStopPointRef ref="VTR:ScheduledStopPoint:110426" version="1"/>
                  <prices>
                    <DistanceMatrixElementPrice id="VTR:DistanceMatrixElementPrice:1161421to1161424" version="1">
                      <Amount>0.6</Amount>
                      <DistanceMatrixElementRef ref="VTR:DistanceMatrixElement:1161421to1161424" version="1"/>
                    </DistanceMatrixElementPrice>
                  </prices>
                </DistanceMatrixElement>
                <DistanceMatrixElement id="VTR:DistanceMatrixElement:1161424to1161427" version="1">
                  <Name>Šėriai to Šilutės autobusų stotis</Name>
                  <StartStopPointRef ref="VTR:ScheduledStopPoint:110426" version="1"/>
                  <EndStopPointRef ref="VTR:ScheduledStopPoint:110398" version="1"/>
                  <prices>
                    <DistanceMatrixElementPrice id="VTR:DistanceMatrixElementPrice:1161424to1161427" version="1">
                      <Amount>1.3</Amount>
                      <DistanceMatrixElementRef ref="VTR:DistanceMatrixElement:1161424to1161427" version="1"/>
                    </DistanceMatrixElementPrice>
                  </prices>
                </DistanceMatrixElement>
                <DistanceMatrixElement id="VTR:DistanceMatrixElement:1161425to1161426" version="1">
                  <Name>Juknaičiai to Gaideliai</Name>
                  <StartStopPointRef ref="VTR:ScheduledStopPoint:110427" version="1"/>
                  <EndStopPointRef ref="VTR:ScheduledStopPoint:110428" version="1"/>
                  <prices>
                    <DistanceMatrixElementPrice id="VTR:DistanceMatrixElementPrice:1161425to1161426" version="1">
                      <Amount>0.4</Amount>
                      <DistanceMatrixElementRef ref="VTR:DistanceMatrixElement:1161425to1161426" version="1"/>
                    </DistanceMatrixElementPrice>
                  </prices>
                </DistanceMatrixElement>
                <DistanceMatrixElement id="VTR:DistanceMatrixElement:1161415to1161419" version="1">
                  <Name>Gaideliai to Kantariškiai</Name>
                  <StartStopPointRef ref="VTR:ScheduledStopPoint:58807" version="1"/>
                  <EndStopPointRef ref="VTR:ScheduledStopPoint:58811" version="1"/>
                  <prices>
                    <DistanceMatrixElementPrice id="VTR:DistanceMatrixElementPrice:1161415to1161419" version="1">
                      <Amount>1.0</Amount>
                      <DistanceMatrixElementRef ref="VTR:DistanceMatrixElement:1161415to1161419" version="1"/>
                    </DistanceMatrixElementPrice>
                  </prices>
                </DistanceMatrixElement>
                <DistanceMatrixElement id="VTR:DistanceMatrixElement:1161417to1161419" version="1">
                  <Name>Šėriai to Kantariškiai</Name>
                  <StartStopPointRef ref="VTR:ScheduledStopPoint:58809" version="1"/>
                  <EndStopPointRef ref="VTR:ScheduledStopPoint:58811" version="1"/>
                  <prices>
                    <DistanceMatrixElementPrice id="VTR:DistanceMatrixElementPrice:1161417to1161419" version="1">
                      <Amount>0.3</Amount>
                      <DistanceMatrixElementRef ref="VTR:DistanceMatrixElement:1161417to1161419" version="1"/>
                    </DistanceMatrixElementPrice>
                  </prices>
                </DistanceMatrixElement>
                <DistanceMatrixElement id="VTR:DistanceMatrixElement:1161418to1161419" version="1">
                  <Name>Jakšteliai to Kantariškiai</Name>
                  <StartStopPointRef ref="VTR:ScheduledStopPoint:58810" version="1"/>
                  <EndStopPointRef ref="VTR:ScheduledStopPoint:58811" version="1"/>
                  <prices>
                    <DistanceMatrixElementPrice id="VTR:DistanceMatrixElementPrice:1161418to1161419" version="1">
                      <Amount>0.3</Amount>
                      <DistanceMatrixElementRef ref="VTR:DistanceMatrixElement:1161418to1161419" version="1"/>
                    </DistanceMatrixElementPrice>
                  </prices>
                </DistanceMatrixElement>
                <DistanceMatrixElement id="VTR:DistanceMatrixElement:1161422to1161427" version="1">
                  <Name>Kantariškiai to Šilutės autobusų stotis</Name>
                  <StartStopPointRef ref="VTR:ScheduledStopPoint:110424" version="1"/>
                  <EndStopPointRef ref="VTR:ScheduledStopPoint:110398" version="1"/>
                  <prices>
                    <DistanceMatrixElementPrice id="VTR:DistanceMatrixElementPrice:1161422to1161427" version="1">
                      <Amount>1.6</Amount>
                      <DistanceMatrixElementRef ref="VTR:DistanceMatrixElement:1161422to1161427" version="1"/>
                    </DistanceMatrixElementPrice>
                  </prices>
                </DistanceMatrixElement>
                <DistanceMatrixElement id="VTR:DistanceMatrixElement:1161423to1161426" version="1">
                  <Name>Jakšteliai to Gaideliai</Name>
                  <StartStopPointRef ref="VTR:ScheduledStopPoint:110425" version="1"/>
                  <EndStopPointRef ref="VTR:ScheduledStopPoint:110428" version="1"/>
                  <prices>
                    <DistanceMatrixElementPrice id="VTR:DistanceMatrixElementPrice:1161423to1161426" version="1">
                      <Amount>0.9</Amount>
                      <DistanceMatrixElementRef ref="VTR:DistanceMatrixElement:1161423to1161426" version="1"/>
                    </DistanceMatrixElementPrice>
                  </prices>
                </DistanceMatrixElement>
                <DistanceMatrixElement id="VTR:DistanceMatrixElement:1161414to1161416" version="1">
                  <Name>Šilutės autobusų stotis to Juknaičiai</Name>
                  <StartStopPointRef ref="VTR:ScheduledStopPoint:58806" version="1"/>
                  <EndStopPointRef ref="VTR:ScheduledStopPoint:58808" version="1"/>
                  <prices>
                    <DistanceMatrixElementPrice id="VTR:DistanceMatrixElementPrice:1161414to1161416" version="1">
                      <Amount>0.9</Amount>
                      <DistanceMatrixElementRef ref="VTR:DistanceMatrixElement:1161414to1161416" version="1"/>
                    </DistanceMatrixElementPrice>
                  </prices>
                </DistanceMatrixElement>
                <DistanceMatrixElement id="VTR:DistanceMatrixElement:1161421to1161422" version="1">
                  <Name>Leitgiriai to Kantariškiai</Name>
                  <StartStopPointRef ref="VTR:ScheduledStopPoint:110404" version="1"/>
                  <EndStopPointRef ref="VTR:ScheduledStopPoint:110424" version="1"/>
                  <prices>
                    <DistanceMatrixElementPrice id="VTR:DistanceMatrixElementPrice:1161421to1161422" version="1">
                      <Amount>0.3</Amount>
                      <DistanceMatrixElementRef ref="VTR:DistanceMatrixElement:1161421to1161422" version="1"/>
                    </DistanceMatrixElementPrice>
                  </prices>
                </DistanceMatrixElement>
                <DistanceMatrixElement id="VTR:DistanceMatrixElement:1161422to1161423" version="1">
                  <Name>Kantariškiai to Jakšteliai</Name>
                  <StartStopPointRef ref="VTR:ScheduledStopPoint:110424" version="1"/>
                  <EndStopPointRef ref="VTR:ScheduledStopPoint:110425" version="1"/>
                  <prices>
                    <DistanceMatrixElementPrice id="VTR:DistanceMatrixElementPrice:1161422to1161423" version="1">
                      <Amount>0.3</Amount>
                      <DistanceMatrixElementRef ref="VTR:DistanceMatrixElement:1161422to1161423" version="1"/>
                    </DistanceMatrixElementPrice>
                  </prices>
                </DistanceMatrixElement>
                <DistanceMatrixElement id="VTR:DistanceMatrixElement:1161423to1161424" version="1">
                  <Name>Jakšteliai to Šėriai</Name>
                  <StartStopPointRef ref="VTR:ScheduledStopPoint:110425" version="1"/>
                  <EndStopPointRef ref="VTR:ScheduledStopPoint:110426" version="1"/>
                  <prices>
                    <DistanceMatrixElementPrice id="VTR:DistanceMatrixElementPrice:1161423to1161424" version="1">
                      <Amount>0.3</Amount>
                      <DistanceMatrixElementRef ref="VTR:DistanceMatrixElement:1161423to1161424" version="1"/>
                    </DistanceMatrixElementPrice>
                  </prices>
                </DistanceMatrixElement>
                <DistanceMatrixElement id="VTR:DistanceMatrixElement:1161423to1161425" version="1">
                  <Name>Jakšteliai to Juknaičiai</Name>
                  <StartStopPointRef ref="VTR:ScheduledStopPoint:110425" version="1"/>
                  <EndStopPointRef ref="VTR:ScheduledStopPoint:110427" version="1"/>
                  <prices>
                    <DistanceMatrixElementPrice id="VTR:DistanceMatrixElementPrice:1161423to1161425" version="1">
                      <Amount>0.5</Amount>
                      <DistanceMatrixElementRef ref="VTR:DistanceMatrixElement:1161423to1161425" version="1"/>
                    </DistanceMatrixElementPrice>
                  </prices>
                </DistanceMatrixElement>
                <DistanceMatrixElement id="VTR:DistanceMatrixElement:1161423to1161427" version="1">
                  <Name>Jakšteliai to Šilutės autobusų stotis</Name>
                  <StartStopPointRef ref="VTR:ScheduledStopPoint:110425" version="1"/>
                  <EndStopPointRef ref="VTR:ScheduledStopPoint:110398" version="1"/>
                  <prices>
                    <DistanceMatrixElementPrice id="VTR:DistanceMatrixElementPrice:1161423to1161427" version="1">
                      <Amount>1.4</Amount>
                      <DistanceMatrixElementRef ref="VTR:DistanceMatrixElement:1161423to1161427" version="1"/>
                    </DistanceMatrixElementPrice>
                  </prices>
                </DistanceMatrixElement>
                <DistanceMatrixElement id="VTR:DistanceMatrixElement:1161414to1161415" version="1">
                  <Name>Šilutės autobusų stotis to Gaideliai</Name>
                  <StartStopPointRef ref="VTR:ScheduledStopPoint:58806" version="1"/>
                  <EndStopPointRef ref="VTR:ScheduledStopPoint:58807" version="1"/>
                  <prices>
                    <DistanceMatrixElementPrice id="VTR:DistanceMatrixElementPrice:1161414to1161415" version="1">
                      <Amount>0.6</Amount>
                      <DistanceMatrixElementRef ref="VTR:DistanceMatrixElement:1161414to1161415" version="1"/>
                    </DistanceMatrixElementPrice>
                  </prices>
                </DistanceMatrixElement>
                <DistanceMatrixElement id="VTR:DistanceMatrixElement:1161414to1161418" version="1">
                  <Name>Šilutės autobusų stotis to Jakšteliai</Name>
                  <StartStopPointRef ref="VTR:ScheduledStopPoint:58806" version="1"/>
                  <EndStopPointRef ref="VTR:ScheduledStopPoint:58810" version="1"/>
                  <prices>
                    <DistanceMatrixElementPrice id="VTR:DistanceMatrixElementPrice:1161414to1161418" version="1">
                      <Amount>1.4</Amount>
                      <DistanceMatrixElementRef ref="VTR:DistanceMatrixElement:1161414to1161418" version="1"/>
                    </DistanceMatrixElementPrice>
                  </prices>
                </DistanceMatrixElement>
                <DistanceMatrixElement id="VTR:DistanceMatrixElement:1161415to1161416" version="1">
                  <Name>Gaideliai to Juknaičiai</Name>
                  <StartStopPointRef ref="VTR:ScheduledStopPoint:58807" version="1"/>
                  <EndStopPointRef ref="VTR:ScheduledStopPoint:58808" version="1"/>
                  <prices>
                    <DistanceMatrixElementPrice id="VTR:DistanceMatrixElementPrice:1161415to1161416" version="1">
                      <Amount>0.4</Amount>
                      <DistanceMatrixElementRef ref="VTR:DistanceMatrixElement:1161415to1161416" version="1"/>
                    </DistanceMatrixElementPrice>
                  </prices>
                </DistanceMatrixElement>
                <DistanceMatrixElement id="VTR:DistanceMatrixElement:1161416to1161418" version="1">
                  <Name>Juknaičiai to Jakšteliai</Name>
                  <StartStopPointRef ref="VTR:ScheduledStopPoint:58808" version="1"/>
                  <EndStopPointRef ref="VTR:ScheduledStopPoint:58810" version="1"/>
                  <prices>
                    <DistanceMatrixElementPrice id="VTR:DistanceMatrixElementPrice:1161416to1161418" version="1">
                      <Amount>0.5</Amount>
                      <DistanceMatrixElementRef ref="VTR:DistanceMatrixElement:1161416to1161418" version="1"/>
                    </DistanceMatrixElementPrice>
                  </prices>
                </DistanceMatrixElement>
                <DistanceMatrixElement id="VTR:DistanceMatrixElement:1161416to1161420" version="1">
                  <Name>Juknaičiai to Leitgiriai</Name>
                  <StartStopPointRef ref="VTR:ScheduledStopPoint:58808" version="1"/>
                  <EndStopPointRef ref="VTR:ScheduledStopPoint:58812" version="1"/>
                  <prices>
                    <DistanceMatrixElementPrice id="VTR:DistanceMatrixElementPrice:1161416to1161420" version="1">
                      <Amount>0.9</Amount>
                      <DistanceMatrixElementRef ref="VTR:DistanceMatrixElement:1161416to1161420" version="1"/>
                    </DistanceMatrixElementPrice>
                  </prices>
                </DistanceMatrixElement>
                <DistanceMatrixElement id="VTR:DistanceMatrixElement:1161418to1161420" version="1">
                  <Name>Jakšteliai to Leitgiriai</Name>
                  <StartStopPointRef ref="VTR:ScheduledStopPoint:58810" version="1"/>
                  <EndStopPointRef ref="VTR:ScheduledStopPoint:58812" version="1"/>
                  <prices>
                    <DistanceMatrixElementPrice id="VTR:DistanceMatrixElementPrice:1161418to1161420" version="1">
                      <Amount>0.4</Amount>
                      <DistanceMatrixElementRef ref="VTR:DistanceMatrixElement:1161418to1161420" version="1"/>
                    </DistanceMatrixElementPrice>
                  </prices>
                </DistanceMatrixElement>
                <DistanceMatrixElement id="VTR:DistanceMatrixElement:1161421to1161423" version="1">
                  <Name>Leitgiriai to Jakšteliai</Name>
                  <StartStopPointRef ref="VTR:ScheduledStopPoint:110404" version="1"/>
                  <EndStopPointRef ref="VTR:ScheduledStopPoint:110425" version="1"/>
                  <prices>
                    <DistanceMatrixElementPrice id="VTR:DistanceMatrixElementPrice:1161421to1161423" version="1">
                      <Amount>0.3</Amount>
                      <DistanceMatrixElementRef ref="VTR:DistanceMatrixElement:1161421to1161423" version="1"/>
                    </DistanceMatrixElementPrice>
                  </prices>
                </DistanceMatrixElement>
                <DistanceMatrixElement id="VTR:DistanceMatrixElement:1161421to1161425" version="1">
                  <Name>Leitgiriai to Juknaičiai</Name>
                  <StartStopPointRef ref="VTR:ScheduledStopPoint:110404" version="1"/>
                  <EndStopPointRef ref="VTR:ScheduledStopPoint:110427" version="1"/>
                  <prices>
                    <DistanceMatrixElementPrice id="VTR:DistanceMatrixElementPrice:1161421to1161425" version="1">
                      <Amount>0.9</Amount>
                      <DistanceMatrixElementRef ref="VTR:DistanceMatrixElement:1161421to1161425" version="1"/>
                    </DistanceMatrixElementPrice>
                  </prices>
                </DistanceMatrixElement>
                <DistanceMatrixElement id="VTR:DistanceMatrixElement:1161421to1161426" version="1">
                  <Name>Leitgiriai to Gaideliai</Name>
                  <StartStopPointRef ref="VTR:ScheduledStopPoint:110404" version="1"/>
                  <EndStopPointRef ref="VTR:ScheduledStopPoint:110428" version="1"/>
                  <prices>
                    <DistanceMatrixElementPrice id="VTR:DistanceMatrixElementPrice:1161421to1161426" version="1">
                      <Amount>1.3</Amount>
                      <DistanceMatrixElementRef ref="VTR:DistanceMatrixElement:1161421to1161426" version="1"/>
                    </DistanceMatrixElementPrice>
                  </prices>
                </DistanceMatrixElement>
                <DistanceMatrixElement id="VTR:DistanceMatrixElement:1161422to1161424" version="1">
                  <Name>Kantariškiai to Šėriai</Name>
                  <StartStopPointRef ref="VTR:ScheduledStopPoint:110424" version="1"/>
                  <EndStopPointRef ref="VTR:ScheduledStopPoint:110426" version="1"/>
                  <prices>
                    <DistanceMatrixElementPrice id="VTR:DistanceMatrixElementPrice:1161422to1161424" version="1">
                      <Amount>0.3</Amount>
                      <DistanceMatrixElementRef ref="VTR:DistanceMatrixElement:1161422to1161424" version="1"/>
                    </DistanceMatrixElementPrice>
                  </prices>
                </DistanceMatrixElement>
                <DistanceMatrixElement id="VTR:DistanceMatrixElement:1161425to1161427" version="1">
                  <Name>Juknaičiai to Šilutės autobusų stotis</Name>
                  <StartStopPointRef ref="VTR:ScheduledStopPoint:110427" version="1"/>
                  <EndStopPointRef ref="VTR:ScheduledStopPoint:110398" version="1"/>
                  <prices>
                    <DistanceMatrixElementPrice id="VTR:DistanceMatrixElementPrice:1161425to1161427" version="1">
                      <Amount>0.9</Amount>
                      <DistanceMatrixElementRef ref="VTR:DistanceMatrixElement:1161425to1161427" version="1"/>
                    </DistanceMatrixElementPrice>
                  </prices>
                </DistanceMatrixElement>
                <DistanceMatrixElement id="VTR:DistanceMatrixElement:1161415to1161417" version="1">
                  <Name>Gaideliai to Šėriai</Name>
                  <StartStopPointRef ref="VTR:ScheduledStopPoint:58807" version="1"/>
                  <EndStopPointRef ref="VTR:ScheduledStopPoint:58809" version="1"/>
                  <prices>
                    <DistanceMatrixElementPrice id="VTR:DistanceMatrixElementPrice:1161415to1161417" version="1">
                      <Amount>0.7</Amount>
                      <DistanceMatrixElementRef ref="VTR:DistanceMatrixElement:1161415to1161417" version="1"/>
                    </DistanceMatrixElementPrice>
                  </prices>
                </DistanceMatrixElement>
                <DistanceMatrixElement id="VTR:DistanceMatrixElement:1161415to1161418" version="1">
                  <Name>Gaideliai to Jakšteliai</Name>
                  <StartStopPointRef ref="VTR:ScheduledStopPoint:58807" version="1"/>
                  <EndStopPointRef ref="VTR:ScheduledStopPoint:58810" version="1"/>
                  <prices>
                    <DistanceMatrixElementPrice id="VTR:DistanceMatrixElementPrice:1161415to1161418" version="1">
                      <Amount>0.9</Amount>
                      <DistanceMatrixElementRef ref="VTR:DistanceMatrixElement:1161415to1161418" version="1"/>
                    </DistanceMatrixElementPrice>
                  </prices>
                </DistanceMatrixElement>
                <DistanceMatrixElement id="VTR:DistanceMatrixElement:1161417to1161418" version="1">
                  <Name>Šėriai to Jakšteliai</Name>
                  <StartStopPointRef ref="VTR:ScheduledStopPoint:58809" version="1"/>
                  <EndStopPointRef ref="VTR:ScheduledStopPoint:58810" version="1"/>
                  <prices>
                    <DistanceMatrixElementPrice id="VTR:DistanceMatrixElementPrice:1161417to1161418" version="1">
                      <Amount>0.3</Amount>
                      <DistanceMatrixElementRef ref="VTR:DistanceMatrixElement:1161417to1161418" version="1"/>
                    </DistanceMatrixElementPrice>
                  </prices>
                </DistanceMatrixElement>
                <DistanceMatrixElement id="VTR:DistanceMatrixElement:1161421to1161427" version="1">
                  <Name>Leitgiriai to Šilutės autobusų stotis</Name>
                  <StartStopPointRef ref="VTR:ScheduledStopPoint:110404" version="1"/>
                  <EndStopPointRef ref="VTR:ScheduledStopPoint:110398" version="1"/>
                  <prices>
                    <DistanceMatrixElementPrice id="VTR:DistanceMatrixElementPrice:1161421to1161427" version="1">
                      <Amount>1.9</Amount>
                      <DistanceMatrixElementRef ref="VTR:DistanceMatrixElement:1161421to1161427" version="1"/>
                    </DistanceMatrixElementPrice>
                  </prices>
                </DistanceMatrixElement>
                <DistanceMatrixElement id="VTR:DistanceMatrixElement:1161424to1161426" version="1">
                  <Name>Šėriai to Gaideliai</Name>
                  <StartStopPointRef ref="VTR:ScheduledStopPoint:110426" version="1"/>
                  <EndStopPointRef ref="VTR:ScheduledStopPoint:110428" version="1"/>
                  <prices>
                    <DistanceMatrixElementPrice id="VTR:DistanceMatrixElementPrice:1161424to1161426" version="1">
                      <Amount>0.7</Amount>
                      <DistanceMatrixElementRef ref="VTR:DistanceMatrixElement:1161424to1161426" version="1"/>
                    </DistanceMatrixElementPrice>
                  </prices>
                </DistanceMatrixElement>
                <DistanceMatrixElement id="VTR:DistanceMatrixElement:1161422to1161425" version="1">
                  <Name>Kantariškiai to Juknaičiai</Name>
                  <StartStopPointRef ref="VTR:ScheduledStopPoint:110424" version="1"/>
                  <EndStopPointRef ref="VTR:ScheduledStopPoint:110427" version="1"/>
                  <prices>
                    <DistanceMatrixElementPrice id="VTR:DistanceMatrixElementPrice:1161422to1161425" version="1">
                      <Amount>0.6</Amount>
                      <DistanceMatrixElementRef ref="VTR:DistanceMatrixElement:1161422to1161425" version="1"/>
                    </DistanceMatrixElementPrice>
                  </prices>
                </DistanceMatrixElement>
                <DistanceMatrixElement id="VTR:DistanceMatrixElement:1161417to1161420" version="1">
                  <Name>Šėriai to Leitgiriai</Name>
                  <StartStopPointRef ref="VTR:ScheduledStopPoint:58809" version="1"/>
                  <EndStopPointRef ref="VTR:ScheduledStopPoint:58812" version="1"/>
                  <prices>
                    <DistanceMatrixElementPrice id="VTR:DistanceMatrixElementPrice:1161417to1161420" version="1">
                      <Amount>0.6</Amount>
                      <DistanceMatrixElementRef ref="VTR:DistanceMatrixElement:1161417to1161420" version="1"/>
                    </DistanceMatrixElementPrice>
                  </prices>
                </DistanceMatrixElement>
              </distanceMatrixElements>
            </Tariff>
          </tariffs>
          <usageParameters>
            <FrequencyOfUse id="VTR:FrequencyOfUse:oneTrip" version="1">
              <FrequencyOfUseType>unlimited</FrequencyOfUseType>
              <MaximalFrequency>1</MaximalFrequency>
            </FrequencyOfUse>
          </usageParameters>
        </FareFrame>
      </frames>
    </CompositeFrame>
  </dataObjects>
</PublicationDelivery>
