<?xml version="1.0" encoding="UTF-8"?><PublicationDelivery xmlns="http://www.netex.org.uk/netex" xmlns:gis="http://www.opengis.net/gml/3.2" xmlns:ns2="http://www.opengis.net/gml/3.2" xmlns:ns3="http://www.siri.org.uk/siri" xmlns:xsi="http://www.w3.org/2001/XMLSchema-instance" version="1" xsi:schemaLocation="">
  <PublicationTimestamp>2022-04-02T00:40:00.232</PublicationTimestamp>
  <ParticipantRef>VTR</ParticipantRef>
  <Description>1</Description>
  <dataObjects>
    <CompositeFrame created="2022-04-02T00:40:00.232" version="1" id="VTR:CompositeFrame:1149">
      <validityConditions>
        <AvailabilityCondition version="1" id="VTR:AvailabilityCondition:1149">
          <FromDate>2010-03-20T00:00:00</FromDate>
          <ToDate>2023-03-31T00:00:00</ToDate>
        </AvailabilityCondition>
      </validityConditions>
      <codespaces>
        <Codespace id="vtr">
          <Xmlns>VTR</Xmlns>
          <XmlnsUrl>http://www.visimarsrutai.lt/</XmlnsUrl>
        </Codespace>
      </codespaces>
      <FrameDefaults>
        <DefaultLocale>
          <TimeZone>Europe/Vilnius</TimeZone>
        </DefaultLocale>
        <DefaultLocationSystem>WGS84</DefaultLocationSystem>
      </FrameDefaults>
      <frames>
        <ServiceCalendarFrame version="1" id="VTR:ServiceCalendarFrame:1149">
          <dayTypes>
            <DayType id="VTR:DayType:271" version="1">
              <properties>
                <PropertyOfDay>
                  <DaysOfWeek>Monday Tuesday Wednesday Thursday Friday Saturday</DaysOfWeek>
                </PropertyOfDay>
              </properties>
            </DayType>
            <DayType id="VTR:DayType:90" version="1">
              <properties>
                <PropertyOfDay>
                  <DaysOfWeek>Weekdays</DaysOfWeek>
                </PropertyOfDay>
              </properties>
            </DayType>
          </dayTypes>
          <operatingPeriods>
            <OperatingPeriod version="1" id="VTR:OperatingPeriod:271">
              <FromDate>2015-06-02T00:00:00</FromDate>
              <ToDate>2099-12-31T00:00:00</ToDate>
            </OperatingPeriod>
            <OperatingPeriod version="1" id="VTR:OperatingPeriod:90">
              <FromDate>2015-06-02T00:00:00</FromDate>
              <ToDate>2099-12-31T00:00:00</ToDate>
            </OperatingPeriod>
          </operatingPeriods>
          <dayTypeAssignments>
            <DayTypeAssignment id="VTR:DayTypeAssignment:90_0" version="1" order="103">
              <OperatingPeriodRef ref="VTR:OperatingPeriod:90" version="1"/>
              <DayTypeRef ref="VTR:DayType:90" version="1"/>
            </DayTypeAssignment>
            <DayTypeAssignment id="VTR:DayTypeAssignment:271_0" version="1" order="336">
              <OperatingPeriodRef ref="VTR:OperatingPeriod:271" version="1"/>
              <DayTypeRef ref="VTR:DayType:271" version="1"/>
            </DayTypeAssignment>
          </dayTypeAssignments>
        </ServiceCalendarFrame>
        <ServiceFrame id="VTR:ServiceFrame:1149" version="1">
          <Network version="0" id="VTR:Network:2"/>
          <routePoints>
            <RoutePoint version="1" id="VTR:RoutePoint:26460">
              <projections>
                <PointProjection version="1" id="VTR:PointProjection:8749">
                  <ProjectedPointRef ref="VTR:ScheduledStopPoint:26460" version="1"/>
                </PointProjection>
              </projections>
            </RoutePoint>
            <RoutePoint version="1" id="VTR:RoutePoint:26463">
              <projections>
                <PointProjection version="1" id="VTR:PointProjection:8750">
                  <ProjectedPointRef ref="VTR:ScheduledStopPoint:26463" version="1"/>
                </PointProjection>
              </projections>
            </RoutePoint>
            <RoutePoint version="1" id="VTR:RoutePoint:26464">
              <projections>
                <PointProjection version="1" id="VTR:PointProjection:8790">
                  <ProjectedPointRef ref="VTR:ScheduledStopPoint:26464" version="1"/>
                </PointProjection>
              </projections>
            </RoutePoint>
            <RoutePoint version="1" id="VTR:RoutePoint:26471">
              <projections>
                <PointProjection version="1" id="VTR:PointProjection:8791">
                  <ProjectedPointRef ref="VTR:ScheduledStopPoint:26471" version="1"/>
                </PointProjection>
              </projections>
            </RoutePoint>
            <RoutePoint version="1" id="VTR:RoutePoint:55097">
              <projections>
                <PointProjection version="1" id="VTR:PointProjection:20134">
                  <ProjectedPointRef ref="VTR:ScheduledStopPoint:55097" version="1"/>
                </PointProjection>
              </projections>
            </RoutePoint>
            <RoutePoint version="1" id="VTR:RoutePoint:55146">
              <projections>
                <PointProjection version="1" id="VTR:PointProjection:20163">
                  <ProjectedPointRef ref="VTR:ScheduledStopPoint:55146" version="1"/>
                </PointProjection>
              </projections>
            </RoutePoint>
          </routePoints>
          <routes>
            <Route version="1" id="VTR:Route:1773">
              <Name>Kaunas-Marijampolė</Name>
              <ShortName>Kaunas-Marijampolė</ShortName>
              <LineRef ref="VTR:Line:449" version="434"/>
              <DirectionType>inbound</DirectionType>
              <pointsInSequence>
                <PointOnRoute version="1" id="VTR:PointOnRoute:26464" order="1">
                  <RoutePointRef ref="VTR:RoutePoint:26464"/>
                </PointOnRoute>
                <PointOnRoute version="1" id="VTR:PointOnRoute:55146" order="2">
                  <RoutePointRef ref="VTR:RoutePoint:55146"/>
                </PointOnRoute>
                <PointOnRoute version="1" id="VTR:PointOnRoute:26471" order="3">
                  <RoutePointRef ref="VTR:RoutePoint:26471"/>
                </PointOnRoute>
              </pointsInSequence>
            </Route>
            <Route version="1" id="VTR:Route:1772">
              <Name>Marijampolė-Kaunas</Name>
              <ShortName>Marijampolė-Kaunas</ShortName>
              <LineRef ref="VTR:Line:449" version="434"/>
              <DirectionType>outbound</DirectionType>
              <pointsInSequence>
                <PointOnRoute version="1" id="VTR:PointOnRoute:26460" order="1">
                  <RoutePointRef ref="VTR:RoutePoint:26460"/>
                </PointOnRoute>
                <PointOnRoute version="1" id="VTR:PointOnRoute:55097" order="2">
                  <RoutePointRef ref="VTR:RoutePoint:55097"/>
                </PointOnRoute>
                <PointOnRoute version="1" id="VTR:PointOnRoute:26463" order="3">
                  <RoutePointRef ref="VTR:RoutePoint:26463"/>
                </PointOnRoute>
              </pointsInSequence>
            </Route>
          </routes>
          <lines>
            <Line version="434" id="VTR:Line:449">
              <Name>Marijampolė-Kaunas</Name>
              <TransportMode>bus</TransportMode>
              <TransportSubmode>
                <CoachSubmode>nationalCoach</CoachSubmode>
              </TransportSubmode>
              <PublicCode>M-264</PublicCode>
              <OperatorRef ref="VTR:Operator:2"/>
            </Line>
          </lines>
          <scheduledStopPoints>
            <ScheduledStopPoint version="1" id="VTR:ScheduledStopPoint:26460">
              <Name>Marijampolės autobusų stotis</Name>
            </ScheduledStopPoint>
            <ScheduledStopPoint version="1" id="VTR:ScheduledStopPoint:26463">
              <Name>Kauno autobusų stotis</Name>
            </ScheduledStopPoint>
            <ScheduledStopPoint version="1" id="VTR:ScheduledStopPoint:26464">
              <Name>Kauno autobusų stotis</Name>
            </ScheduledStopPoint>
            <ScheduledStopPoint version="1" id="VTR:ScheduledStopPoint:26471">
              <Name>Marijampolės autobusų stotis</Name>
            </ScheduledStopPoint>
            <ScheduledStopPoint version="1" id="VTR:ScheduledStopPoint:55097">
              <Name>Europos pr.</Name>
            </ScheduledStopPoint>
            <ScheduledStopPoint version="1" id="VTR:ScheduledStopPoint:55146">
              <Name>Sūduvos stadionas</Name>
            </ScheduledStopPoint>
          </scheduledStopPoints>
          <stopAssignments>
            <PassengerStopAssignment order="177200000" id="VTR:PassengerStopAssignment:26460" version="1">
              <ScheduledStopPointRef ref="VTR:ScheduledStopPoint:26460" version="1"/>
              <QuayRef ref="VTR:Quay:19462"/>
            </PassengerStopAssignment>
            <PassengerStopAssignment order="177200004" id="VTR:PassengerStopAssignment:55097" version="1">
              <ScheduledStopPointRef ref="VTR:ScheduledStopPoint:55097" version="1"/>
              <QuayRef ref="VTR:Quay:21443"/>
            </PassengerStopAssignment>
            <PassengerStopAssignment order="177200009" id="VTR:PassengerStopAssignment:26463" version="1">
              <ScheduledStopPointRef ref="VTR:ScheduledStopPoint:26463" version="1"/>
              <QuayRef ref="VTR:Quay:19470"/>
            </PassengerStopAssignment>
            <PassengerStopAssignment order="177300000" id="VTR:PassengerStopAssignment:26464" version="1">
              <ScheduledStopPointRef ref="VTR:ScheduledStopPoint:26464" version="1"/>
              <QuayRef ref="VTR:Quay:19470"/>
            </PassengerStopAssignment>
            <PassengerStopAssignment order="177300004" id="VTR:PassengerStopAssignment:55146" version="1">
              <ScheduledStopPointRef ref="VTR:ScheduledStopPoint:55146" version="1"/>
              <QuayRef ref="VTR:Quay:19513"/>
            </PassengerStopAssignment>
            <PassengerStopAssignment order="177300011" id="VTR:PassengerStopAssignment:26471" version="1">
              <ScheduledStopPointRef ref="VTR:ScheduledStopPoint:26471" version="1"/>
              <QuayRef ref="VTR:Quay:19462"/>
            </PassengerStopAssignment>
          </stopAssignments>
          <journeyPatterns>
            <JourneyPattern id="VTR:JourneyPattern:44987" version="3370591">
              <Name>5*X</Name>
              <RouteRef ref="VTR:Route:1772" version="1"/>
              <pointsInSequence>
                <StopPointInJourneyPattern id="VTR:StopPointInJourneyPattern:116900185" version="3370591" order="1">
                  <ScheduledStopPointRef ref="VTR:ScheduledStopPoint:26460"/>
                  <ForAlighting>false</ForAlighting>
                  <DestinationDisplayRef ref="VTR:DestinationDisplay:1"/>
                </StopPointInJourneyPattern>
                <StopPointInJourneyPattern id="VTR:StopPointInJourneyPattern:116900186" version="3370591" order="2">
                  <ScheduledStopPointRef ref="VTR:ScheduledStopPoint:55097"/>
                  <ForBoarding>false</ForBoarding>
                  <DestinationDisplayRef ref="VTR:DestinationDisplay:1"/>
                </StopPointInJourneyPattern>
                <StopPointInJourneyPattern id="VTR:StopPointInJourneyPattern:116900187" version="3370591" order="3">
                  <ScheduledStopPointRef ref="VTR:ScheduledStopPoint:26463"/>
                  <ForBoarding>false</ForBoarding>
                  <DestinationDisplayRef ref="VTR:DestinationDisplay:1"/>
                </StopPointInJourneyPattern>
              </pointsInSequence>
            </JourneyPattern>
            <JourneyPattern id="VTR:JourneyPattern:44987" version="44948">
              <Name>5*X</Name>
              <RouteRef ref="VTR:Route:1772" version="1"/>
              <pointsInSequence>
                <StopPointInJourneyPattern id="VTR:StopPointInJourneyPattern:945329" version="44948" order="1">
                  <ScheduledStopPointRef ref="VTR:ScheduledStopPoint:26460"/>
                  <ForAlighting>false</ForAlighting>
                  <DestinationDisplayRef ref="VTR:DestinationDisplay:1"/>
                </StopPointInJourneyPattern>
                <StopPointInJourneyPattern id="VTR:StopPointInJourneyPattern:945330" version="44948" order="2">
                  <ScheduledStopPointRef ref="VTR:ScheduledStopPoint:55097"/>
                  <ForBoarding>false</ForBoarding>
                  <DestinationDisplayRef ref="VTR:DestinationDisplay:1"/>
                </StopPointInJourneyPattern>
                <StopPointInJourneyPattern id="VTR:StopPointInJourneyPattern:945331" version="44948" order="3">
                  <ScheduledStopPointRef ref="VTR:ScheduledStopPoint:26463"/>
                  <ForBoarding>false</ForBoarding>
                  <DestinationDisplayRef ref="VTR:DestinationDisplay:1"/>
                </StopPointInJourneyPattern>
              </pointsInSequence>
            </JourneyPattern>
            <JourneyPattern id="VTR:JourneyPattern:44990" version="44951">
              <Name>6*X</Name>
              <RouteRef ref="VTR:Route:1773" version="1"/>
              <pointsInSequence>
                <StopPointInJourneyPattern id="VTR:StopPointInJourneyPattern:945344" version="44951" order="1">
                  <ScheduledStopPointRef ref="VTR:ScheduledStopPoint:26464"/>
                  <ForAlighting>false</ForAlighting>
                  <DestinationDisplayRef ref="VTR:DestinationDisplay:1"/>
                </StopPointInJourneyPattern>
                <StopPointInJourneyPattern id="VTR:StopPointInJourneyPattern:945345" version="44951" order="2">
                  <ScheduledStopPointRef ref="VTR:ScheduledStopPoint:55146"/>
                  <ForBoarding>false</ForBoarding>
                  <DestinationDisplayRef ref="VTR:DestinationDisplay:1"/>
                </StopPointInJourneyPattern>
                <StopPointInJourneyPattern id="VTR:StopPointInJourneyPattern:945346" version="44951" order="3">
                  <ScheduledStopPointRef ref="VTR:ScheduledStopPoint:26471"/>
                  <ForBoarding>false</ForBoarding>
                  <DestinationDisplayRef ref="VTR:DestinationDisplay:1"/>
                </StopPointInJourneyPattern>
              </pointsInSequence>
            </JourneyPattern>
            <JourneyPattern id="VTR:JourneyPattern:44989" version="44950">
              <Name>4*X</Name>
              <RouteRef ref="VTR:Route:1773" version="1"/>
              <pointsInSequence>
                <StopPointInJourneyPattern id="VTR:StopPointInJourneyPattern:945341" version="44950" order="1">
                  <ScheduledStopPointRef ref="VTR:ScheduledStopPoint:26464"/>
                  <ForAlighting>false</ForAlighting>
                  <DestinationDisplayRef ref="VTR:DestinationDisplay:1"/>
                </StopPointInJourneyPattern>
                <StopPointInJourneyPattern id="VTR:StopPointInJourneyPattern:945342" version="44950" order="2">
                  <ScheduledStopPointRef ref="VTR:ScheduledStopPoint:55146"/>
                  <ForBoarding>false</ForBoarding>
                  <DestinationDisplayRef ref="VTR:DestinationDisplay:1"/>
                </StopPointInJourneyPattern>
                <StopPointInJourneyPattern id="VTR:StopPointInJourneyPattern:945343" version="44950" order="3">
                  <ScheduledStopPointRef ref="VTR:ScheduledStopPoint:26471"/>
                  <ForBoarding>false</ForBoarding>
                  <DestinationDisplayRef ref="VTR:DestinationDisplay:1"/>
                </StopPointInJourneyPattern>
              </pointsInSequence>
            </JourneyPattern>
            <JourneyPattern id="VTR:JourneyPattern:44988" version="3370592">
              <Name>2*X</Name>
              <RouteRef ref="VTR:Route:1773" version="1"/>
              <pointsInSequence>
                <StopPointInJourneyPattern id="VTR:StopPointInJourneyPattern:116900188" version="3370592" order="1">
                  <ScheduledStopPointRef ref="VTR:ScheduledStopPoint:26464"/>
                  <ForAlighting>false</ForAlighting>
                  <DestinationDisplayRef ref="VTR:DestinationDisplay:1"/>
                </StopPointInJourneyPattern>
                <StopPointInJourneyPattern id="VTR:StopPointInJourneyPattern:116900189" version="3370592" order="2">
                  <ScheduledStopPointRef ref="VTR:ScheduledStopPoint:55146"/>
                  <ForBoarding>false</ForBoarding>
                  <DestinationDisplayRef ref="VTR:DestinationDisplay:1"/>
                </StopPointInJourneyPattern>
                <StopPointInJourneyPattern id="VTR:StopPointInJourneyPattern:116900190" version="3370592" order="3">
                  <ScheduledStopPointRef ref="VTR:ScheduledStopPoint:26471"/>
                  <ForBoarding>false</ForBoarding>
                  <DestinationDisplayRef ref="VTR:DestinationDisplay:1"/>
                </StopPointInJourneyPattern>
              </pointsInSequence>
            </JourneyPattern>
            <JourneyPattern id="VTR:JourneyPattern:44989" version="3370593">
              <Name>4*X</Name>
              <RouteRef ref="VTR:Route:1773" version="1"/>
              <pointsInSequence>
                <StopPointInJourneyPattern id="VTR:StopPointInJourneyPattern:116900191" version="3370593" order="1">
                  <ScheduledStopPointRef ref="VTR:ScheduledStopPoint:26464"/>
                  <ForAlighting>false</ForAlighting>
                  <DestinationDisplayRef ref="VTR:DestinationDisplay:1"/>
                </StopPointInJourneyPattern>
                <StopPointInJourneyPattern id="VTR:StopPointInJourneyPattern:116900192" version="3370593" order="2">
                  <ScheduledStopPointRef ref="VTR:ScheduledStopPoint:55146"/>
                  <ForBoarding>false</ForBoarding>
                  <DestinationDisplayRef ref="VTR:DestinationDisplay:1"/>
                </StopPointInJourneyPattern>
                <StopPointInJourneyPattern id="VTR:StopPointInJourneyPattern:116900193" version="3370593" order="3">
                  <ScheduledStopPointRef ref="VTR:ScheduledStopPoint:26471"/>
                  <ForBoarding>false</ForBoarding>
                  <DestinationDisplayRef ref="VTR:DestinationDisplay:1"/>
                </StopPointInJourneyPattern>
              </pointsInSequence>
            </JourneyPattern>
            <JourneyPattern id="VTR:JourneyPattern:44990" version="3370594">
              <Name>6*X</Name>
              <RouteRef ref="VTR:Route:1773" version="1"/>
              <pointsInSequence>
                <StopPointInJourneyPattern id="VTR:StopPointInJourneyPattern:116900194" version="3370594" order="1">
                  <ScheduledStopPointRef ref="VTR:ScheduledStopPoint:26464"/>
                  <ForAlighting>false</ForAlighting>
                  <DestinationDisplayRef ref="VTR:DestinationDisplay:1"/>
                </StopPointInJourneyPattern>
                <StopPointInJourneyPattern id="VTR:StopPointInJourneyPattern:116900195" version="3370594" order="2">
                  <ScheduledStopPointRef ref="VTR:ScheduledStopPoint:55146"/>
                  <ForBoarding>false</ForBoarding>
                  <DestinationDisplayRef ref="VTR:DestinationDisplay:1"/>
                </StopPointInJourneyPattern>
                <StopPointInJourneyPattern id="VTR:StopPointInJourneyPattern:116900196" version="3370594" order="3">
                  <ScheduledStopPointRef ref="VTR:ScheduledStopPoint:26471"/>
                  <ForBoarding>false</ForBoarding>
                  <DestinationDisplayRef ref="VTR:DestinationDisplay:1"/>
                </StopPointInJourneyPattern>
              </pointsInSequence>
            </JourneyPattern>
            <JourneyPattern id="VTR:JourneyPattern:44986" version="3370590">
              <Name>3*X</Name>
              <RouteRef ref="VTR:Route:1772" version="1"/>
              <pointsInSequence>
                <StopPointInJourneyPattern id="VTR:StopPointInJourneyPattern:116900182" version="3370590" order="1">
                  <ScheduledStopPointRef ref="VTR:ScheduledStopPoint:26460"/>
                  <ForAlighting>false</ForAlighting>
                  <DestinationDisplayRef ref="VTR:DestinationDisplay:1"/>
                </StopPointInJourneyPattern>
                <StopPointInJourneyPattern id="VTR:StopPointInJourneyPattern:116900183" version="3370590" order="2">
                  <ScheduledStopPointRef ref="VTR:ScheduledStopPoint:55097"/>
                  <ForBoarding>false</ForBoarding>
                  <DestinationDisplayRef ref="VTR:DestinationDisplay:1"/>
                </StopPointInJourneyPattern>
                <StopPointInJourneyPattern id="VTR:StopPointInJourneyPattern:116900184" version="3370590" order="3">
                  <ScheduledStopPointRef ref="VTR:ScheduledStopPoint:26463"/>
                  <ForBoarding>false</ForBoarding>
                  <DestinationDisplayRef ref="VTR:DestinationDisplay:1"/>
                </StopPointInJourneyPattern>
              </pointsInSequence>
            </JourneyPattern>
            <JourneyPattern id="VTR:JourneyPattern:44984" version="44945">
              <Name>1*X</Name>
              <RouteRef ref="VTR:Route:1772" version="1"/>
              <pointsInSequence>
                <StopPointInJourneyPattern id="VTR:StopPointInJourneyPattern:945208" version="44945" order="1">
                  <ScheduledStopPointRef ref="VTR:ScheduledStopPoint:26460"/>
                  <ForAlighting>false</ForAlighting>
                  <DestinationDisplayRef ref="VTR:DestinationDisplay:1"/>
                </StopPointInJourneyPattern>
                <StopPointInJourneyPattern id="VTR:StopPointInJourneyPattern:945209" version="44945" order="2">
                  <ScheduledStopPointRef ref="VTR:ScheduledStopPoint:55097"/>
                  <ForBoarding>false</ForBoarding>
                  <DestinationDisplayRef ref="VTR:DestinationDisplay:1"/>
                </StopPointInJourneyPattern>
                <StopPointInJourneyPattern id="VTR:StopPointInJourneyPattern:945210" version="44945" order="3">
                  <ScheduledStopPointRef ref="VTR:ScheduledStopPoint:26463"/>
                  <ForBoarding>false</ForBoarding>
                  <DestinationDisplayRef ref="VTR:DestinationDisplay:1"/>
                </StopPointInJourneyPattern>
              </pointsInSequence>
            </JourneyPattern>
            <JourneyPattern id="VTR:JourneyPattern:44988" version="44949">
              <Name>2*X</Name>
              <RouteRef ref="VTR:Route:1773" version="1"/>
              <pointsInSequence>
                <StopPointInJourneyPattern id="VTR:StopPointInJourneyPattern:945338" version="44949" order="1">
                  <ScheduledStopPointRef ref="VTR:ScheduledStopPoint:26464"/>
                  <ForAlighting>false</ForAlighting>
                  <DestinationDisplayRef ref="VTR:DestinationDisplay:1"/>
                </StopPointInJourneyPattern>
                <StopPointInJourneyPattern id="VTR:StopPointInJourneyPattern:945339" version="44949" order="2">
                  <ScheduledStopPointRef ref="VTR:ScheduledStopPoint:55146"/>
                  <ForBoarding>false</ForBoarding>
                  <DestinationDisplayRef ref="VTR:DestinationDisplay:1"/>
                </StopPointInJourneyPattern>
                <StopPointInJourneyPattern id="VTR:StopPointInJourneyPattern:945340" version="44949" order="3">
                  <ScheduledStopPointRef ref="VTR:ScheduledStopPoint:26471"/>
                  <ForBoarding>false</ForBoarding>
                  <DestinationDisplayRef ref="VTR:DestinationDisplay:1"/>
                </StopPointInJourneyPattern>
              </pointsInSequence>
            </JourneyPattern>
            <JourneyPattern id="VTR:JourneyPattern:44986" version="44947">
              <Name>3*X</Name>
              <RouteRef ref="VTR:Route:1772" version="1"/>
              <pointsInSequence>
                <StopPointInJourneyPattern id="VTR:StopPointInJourneyPattern:945258" version="44947" order="1">
                  <ScheduledStopPointRef ref="VTR:ScheduledStopPoint:26460"/>
                  <ForAlighting>false</ForAlighting>
                  <DestinationDisplayRef ref="VTR:DestinationDisplay:1"/>
                </StopPointInJourneyPattern>
                <StopPointInJourneyPattern id="VTR:StopPointInJourneyPattern:945259" version="44947" order="2">
                  <ScheduledStopPointRef ref="VTR:ScheduledStopPoint:55097"/>
                  <ForBoarding>false</ForBoarding>
                  <DestinationDisplayRef ref="VTR:DestinationDisplay:1"/>
                </StopPointInJourneyPattern>
                <StopPointInJourneyPattern id="VTR:StopPointInJourneyPattern:945260" version="44947" order="3">
                  <ScheduledStopPointRef ref="VTR:ScheduledStopPoint:26463"/>
                  <ForBoarding>false</ForBoarding>
                  <DestinationDisplayRef ref="VTR:DestinationDisplay:1"/>
                </StopPointInJourneyPattern>
              </pointsInSequence>
            </JourneyPattern>
            <JourneyPattern id="VTR:JourneyPattern:44984" version="3370589">
              <Name>1*X</Name>
              <RouteRef ref="VTR:Route:1772" version="1"/>
              <pointsInSequence>
                <StopPointInJourneyPattern id="VTR:StopPointInJourneyPattern:116900179" version="3370589" order="1">
                  <ScheduledStopPointRef ref="VTR:ScheduledStopPoint:26460"/>
                  <ForAlighting>false</ForAlighting>
                  <DestinationDisplayRef ref="VTR:DestinationDisplay:1"/>
                </StopPointInJourneyPattern>
                <StopPointInJourneyPattern id="VTR:StopPointInJourneyPattern:116900180" version="3370589" order="2">
                  <ScheduledStopPointRef ref="VTR:ScheduledStopPoint:55097"/>
                  <ForBoarding>false</ForBoarding>
                  <DestinationDisplayRef ref="VTR:DestinationDisplay:1"/>
                </StopPointInJourneyPattern>
                <StopPointInJourneyPattern id="VTR:StopPointInJourneyPattern:116900181" version="3370589" order="3">
                  <ScheduledStopPointRef ref="VTR:ScheduledStopPoint:26463"/>
                  <ForBoarding>false</ForBoarding>
                  <DestinationDisplayRef ref="VTR:DestinationDisplay:1"/>
                </StopPointInJourneyPattern>
              </pointsInSequence>
            </JourneyPattern>
          </journeyPatterns>
        </ServiceFrame>
        <TimetableFrame version="1" id="VTR:TimetableFrame:1149">
          <vehicleJourneys>
            <ServiceJourney version="3370589" id="VTR:ServiceJourney:44984">
              <Name>Marijampolė-Kaunas</Name>
              <PrivateCode>1*X</PrivateCode>
              <dayTypes>
                <DayTypeRef ref="VTR:DayType:271"/>
              </dayTypes>
              <JourneyPatternRef version="3370589" ref="VTR:JourneyPattern:44984"/>
              <OperatorRef ref="VTR:Operator:543"/>
              <LineRef ref="VTR:Line:449" version="434"/>
              <passingTimes>
                <TimetabledPassingTime version="3370589" id="VTR:TimetabledPassingTime:44984_116900179_1">
                  <StopPointInJourneyPatternRef ref="VTR:StopPointInJourneyPattern:116900179" version="3370589"/>
                  <DepartureTime>08:10:00</DepartureTime>
                  <DepartureDayOffset>0</DepartureDayOffset>
                </TimetabledPassingTime>
                <TimetabledPassingTime version="3370589" id="VTR:TimetabledPassingTime:44984_945208_1">
                  <StopPointInJourneyPatternRef ref="VTR:StopPointInJourneyPattern:945208" version="3370589"/>
                  <DepartureTime>08:10:00</DepartureTime>
                  <DepartureDayOffset>0</DepartureDayOffset>
                </TimetabledPassingTime>
                <TimetabledPassingTime version="3370589" id="VTR:TimetabledPassingTime:44984_945209_2">
                  <StopPointInJourneyPatternRef ref="VTR:StopPointInJourneyPattern:945209" version="3370589"/>
                  <DepartureTime>09:02:00</DepartureTime>
                  <DepartureDayOffset>0</DepartureDayOffset>
                </TimetabledPassingTime>
                <TimetabledPassingTime version="3370589" id="VTR:TimetabledPassingTime:44984_116900180_2">
                  <StopPointInJourneyPatternRef ref="VTR:StopPointInJourneyPattern:116900180" version="3370589"/>
                  <DepartureTime>09:02:00</DepartureTime>
                  <DepartureDayOffset>0</DepartureDayOffset>
                </TimetabledPassingTime>
                <TimetabledPassingTime version="3370589" id="VTR:TimetabledPassingTime:44984_945210_3">
                  <StopPointInJourneyPatternRef ref="VTR:StopPointInJourneyPattern:945210" version="3370589"/>
                  <DepartureTime>09:10:00</DepartureTime>
                  <DepartureDayOffset>0</DepartureDayOffset>
                </TimetabledPassingTime>
                <TimetabledPassingTime version="3370589" id="VTR:TimetabledPassingTime:44984_116900181_3">
                  <StopPointInJourneyPatternRef ref="VTR:StopPointInJourneyPattern:116900181" version="3370589"/>
                  <DepartureTime>09:10:00</DepartureTime>
                  <DepartureDayOffset>0</DepartureDayOffset>
                </TimetabledPassingTime>
              </passingTimes>
            </ServiceJourney>
            <ServiceJourney version="44948" id="VTR:ServiceJourney:44987">
              <Name>Marijampolė-Kaunas</Name>
              <PrivateCode>5*X</PrivateCode>
              <dayTypes>
                <DayTypeRef ref="VTR:DayType:90"/>
              </dayTypes>
              <JourneyPatternRef version="44948" ref="VTR:JourneyPattern:44987"/>
              <OperatorRef ref="VTR:Operator:543"/>
              <LineRef ref="VTR:Line:449" version="434"/>
              <passingTimes>
                <TimetabledPassingTime version="44948" id="VTR:TimetabledPassingTime:44987_945329_1">
                  <StopPointInJourneyPatternRef ref="VTR:StopPointInJourneyPattern:945329" version="44948"/>
                  <DepartureTime>15:50:00</DepartureTime>
                  <DepartureDayOffset>0</DepartureDayOffset>
                </TimetabledPassingTime>
                <TimetabledPassingTime version="44948" id="VTR:TimetabledPassingTime:44987_116900185_1">
                  <StopPointInJourneyPatternRef ref="VTR:StopPointInJourneyPattern:116900185" version="44948"/>
                  <DepartureTime>15:50:00</DepartureTime>
                  <DepartureDayOffset>0</DepartureDayOffset>
                </TimetabledPassingTime>
                <TimetabledPassingTime version="44948" id="VTR:TimetabledPassingTime:44987_945330_2">
                  <StopPointInJourneyPatternRef ref="VTR:StopPointInJourneyPattern:945330" version="44948"/>
                  <DepartureTime>16:42:00</DepartureTime>
                  <DepartureDayOffset>0</DepartureDayOffset>
                </TimetabledPassingTime>
                <TimetabledPassingTime version="44948" id="VTR:TimetabledPassingTime:44987_116900186_2">
                  <StopPointInJourneyPatternRef ref="VTR:StopPointInJourneyPattern:116900186" version="44948"/>
                  <DepartureTime>16:42:00</DepartureTime>
                  <DepartureDayOffset>0</DepartureDayOffset>
                </TimetabledPassingTime>
                <TimetabledPassingTime version="44948" id="VTR:TimetabledPassingTime:44987_945331_3">
                  <StopPointInJourneyPatternRef ref="VTR:StopPointInJourneyPattern:945331" version="44948"/>
                  <DepartureTime>16:50:00</DepartureTime>
                  <DepartureDayOffset>0</DepartureDayOffset>
                </TimetabledPassingTime>
                <TimetabledPassingTime version="44948" id="VTR:TimetabledPassingTime:44987_116900187_3">
                  <StopPointInJourneyPatternRef ref="VTR:StopPointInJourneyPattern:116900187" version="44948"/>
                  <DepartureTime>16:50:00</DepartureTime>
                  <DepartureDayOffset>0</DepartureDayOffset>
                </TimetabledPassingTime>
              </passingTimes>
            </ServiceJourney>
            <ServiceJourney version="3370592" id="VTR:ServiceJourney:44988">
              <Name>Kaunas-Marijampolė</Name>
              <PrivateCode>2*X</PrivateCode>
              <dayTypes>
                <DayTypeRef ref="VTR:DayType:271"/>
              </dayTypes>
              <JourneyPatternRef version="3370592" ref="VTR:JourneyPattern:44988"/>
              <OperatorRef ref="VTR:Operator:543"/>
              <LineRef ref="VTR:Line:449" version="434"/>
              <passingTimes>
                <TimetabledPassingTime version="3370592" id="VTR:TimetabledPassingTime:44988_116900188_1">
                  <StopPointInJourneyPatternRef ref="VTR:StopPointInJourneyPattern:116900188" version="3370592"/>
                  <DepartureTime>09:45:00</DepartureTime>
                  <DepartureDayOffset>0</DepartureDayOffset>
                </TimetabledPassingTime>
                <TimetabledPassingTime version="3370592" id="VTR:TimetabledPassingTime:44988_945338_1">
                  <StopPointInJourneyPatternRef ref="VTR:StopPointInJourneyPattern:945338" version="3370592"/>
                  <DepartureTime>09:45:00</DepartureTime>
                  <DepartureDayOffset>0</DepartureDayOffset>
                </TimetabledPassingTime>
                <TimetabledPassingTime version="3370592" id="VTR:TimetabledPassingTime:44988_945339_2">
                  <StopPointInJourneyPatternRef ref="VTR:StopPointInJourneyPattern:945339" version="3370592"/>
                  <DepartureTime>10:40:00</DepartureTime>
                  <DepartureDayOffset>0</DepartureDayOffset>
                </TimetabledPassingTime>
                <TimetabledPassingTime version="3370592" id="VTR:TimetabledPassingTime:44988_116900189_2">
                  <StopPointInJourneyPatternRef ref="VTR:StopPointInJourneyPattern:116900189" version="3370592"/>
                  <DepartureTime>10:40:00</DepartureTime>
                  <DepartureDayOffset>0</DepartureDayOffset>
                </TimetabledPassingTime>
                <TimetabledPassingTime version="3370592" id="VTR:TimetabledPassingTime:44988_116900190_3">
                  <StopPointInJourneyPatternRef ref="VTR:StopPointInJourneyPattern:116900190" version="3370592"/>
                  <DepartureTime>10:45:00</DepartureTime>
                  <DepartureDayOffset>0</DepartureDayOffset>
                </TimetabledPassingTime>
                <TimetabledPassingTime version="3370592" id="VTR:TimetabledPassingTime:44988_945340_3">
                  <StopPointInJourneyPatternRef ref="VTR:StopPointInJourneyPattern:945340" version="3370592"/>
                  <DepartureTime>10:45:00</DepartureTime>
                  <DepartureDayOffset>0</DepartureDayOffset>
                </TimetabledPassingTime>
              </passingTimes>
            </ServiceJourney>
            <ServiceJourney version="3370594" id="VTR:ServiceJourney:44990">
              <Name>Kaunas-Marijampolė</Name>
              <PrivateCode>6*X</PrivateCode>
              <dayTypes>
                <DayTypeRef ref="VTR:DayType:90"/>
              </dayTypes>
              <JourneyPatternRef version="3370594" ref="VTR:JourneyPattern:44990"/>
              <OperatorRef ref="VTR:Operator:543"/>
              <LineRef ref="VTR:Line:449" version="434"/>
              <passingTimes>
                <TimetabledPassingTime version="3370594" id="VTR:TimetabledPassingTime:44990_116900194_1">
                  <StopPointInJourneyPatternRef ref="VTR:StopPointInJourneyPattern:116900194" version="3370594"/>
                  <DepartureTime>18:10:00</DepartureTime>
                  <DepartureDayOffset>0</DepartureDayOffset>
                </TimetabledPassingTime>
                <TimetabledPassingTime version="3370594" id="VTR:TimetabledPassingTime:44990_945344_1">
                  <StopPointInJourneyPatternRef ref="VTR:StopPointInJourneyPattern:945344" version="3370594"/>
                  <DepartureTime>18:10:00</DepartureTime>
                  <DepartureDayOffset>0</DepartureDayOffset>
                </TimetabledPassingTime>
                <TimetabledPassingTime version="3370594" id="VTR:TimetabledPassingTime:44990_116900195_2">
                  <StopPointInJourneyPatternRef ref="VTR:StopPointInJourneyPattern:116900195" version="3370594"/>
                  <DepartureTime>19:05:00</DepartureTime>
                  <DepartureDayOffset>0</DepartureDayOffset>
                </TimetabledPassingTime>
                <TimetabledPassingTime version="3370594" id="VTR:TimetabledPassingTime:44990_945345_2">
                  <StopPointInJourneyPatternRef ref="VTR:StopPointInJourneyPattern:945345" version="3370594"/>
                  <DepartureTime>19:05:00</DepartureTime>
                  <DepartureDayOffset>0</DepartureDayOffset>
                </TimetabledPassingTime>
                <TimetabledPassingTime version="3370594" id="VTR:TimetabledPassingTime:44990_945346_3">
                  <StopPointInJourneyPatternRef ref="VTR:StopPointInJourneyPattern:945346" version="3370594"/>
                  <DepartureTime>19:10:00</DepartureTime>
                  <DepartureDayOffset>0</DepartureDayOffset>
                </TimetabledPassingTime>
                <TimetabledPassingTime version="3370594" id="VTR:TimetabledPassingTime:44990_116900196_3">
                  <StopPointInJourneyPatternRef ref="VTR:StopPointInJourneyPattern:116900196" version="3370594"/>
                  <DepartureTime>19:10:00</DepartureTime>
                  <DepartureDayOffset>0</DepartureDayOffset>
                </TimetabledPassingTime>
              </passingTimes>
            </ServiceJourney>
            <ServiceJourney version="3370591" id="VTR:ServiceJourney:44987">
              <Name>Marijampolė-Kaunas</Name>
              <PrivateCode>5*X</PrivateCode>
              <dayTypes>
                <DayTypeRef ref="VTR:DayType:90"/>
              </dayTypes>
              <JourneyPatternRef version="3370591" ref="VTR:JourneyPattern:44987"/>
              <OperatorRef ref="VTR:Operator:543"/>
              <LineRef ref="VTR:Line:449" version="434"/>
              <passingTimes>
                <TimetabledPassingTime version="3370591" id="VTR:TimetabledPassingTime:44987_116900185_1">
                  <StopPointInJourneyPatternRef ref="VTR:StopPointInJourneyPattern:116900185" version="3370591"/>
                  <DepartureTime>15:50:00</DepartureTime>
                  <DepartureDayOffset>0</DepartureDayOffset>
                </TimetabledPassingTime>
                <TimetabledPassingTime version="3370591" id="VTR:TimetabledPassingTime:44987_945329_1">
                  <StopPointInJourneyPatternRef ref="VTR:StopPointInJourneyPattern:945329" version="3370591"/>
                  <DepartureTime>15:50:00</DepartureTime>
                  <DepartureDayOffset>0</DepartureDayOffset>
                </TimetabledPassingTime>
                <TimetabledPassingTime version="3370591" id="VTR:TimetabledPassingTime:44987_116900186_2">
                  <StopPointInJourneyPatternRef ref="VTR:StopPointInJourneyPattern:116900186" version="3370591"/>
                  <DepartureTime>16:42:00</DepartureTime>
                  <DepartureDayOffset>0</DepartureDayOffset>
                </TimetabledPassingTime>
                <TimetabledPassingTime version="3370591" id="VTR:TimetabledPassingTime:44987_945330_2">
                  <StopPointInJourneyPatternRef ref="VTR:StopPointInJourneyPattern:945330" version="3370591"/>
                  <DepartureTime>16:42:00</DepartureTime>
                  <DepartureDayOffset>0</DepartureDayOffset>
                </TimetabledPassingTime>
                <TimetabledPassingTime version="3370591" id="VTR:TimetabledPassingTime:44987_945331_3">
                  <StopPointInJourneyPatternRef ref="VTR:StopPointInJourneyPattern:945331" version="3370591"/>
                  <DepartureTime>16:50:00</DepartureTime>
                  <DepartureDayOffset>0</DepartureDayOffset>
                </TimetabledPassingTime>
                <TimetabledPassingTime version="3370591" id="VTR:TimetabledPassingTime:44987_116900187_3">
                  <StopPointInJourneyPatternRef ref="VTR:StopPointInJourneyPattern:116900187" version="3370591"/>
                  <DepartureTime>16:50:00</DepartureTime>
                  <DepartureDayOffset>0</DepartureDayOffset>
                </TimetabledPassingTime>
              </passingTimes>
            </ServiceJourney>
            <ServiceJourney version="3370590" id="VTR:ServiceJourney:44986">
              <Name>Marijampolė-Kaunas</Name>
              <PrivateCode>3*X</PrivateCode>
              <dayTypes>
                <DayTypeRef ref="VTR:DayType:271"/>
              </dayTypes>
              <JourneyPatternRef version="3370590" ref="VTR:JourneyPattern:44986"/>
              <OperatorRef ref="VTR:Operator:543"/>
              <LineRef ref="VTR:Line:449" version="434"/>
              <passingTimes>
                <TimetabledPassingTime version="3370590" id="VTR:TimetabledPassingTime:44986_945258_1">
                  <StopPointInJourneyPatternRef ref="VTR:StopPointInJourneyPattern:945258" version="3370590"/>
                  <DepartureTime>11:45:00</DepartureTime>
                  <DepartureDayOffset>0</DepartureDayOffset>
                </TimetabledPassingTime>
                <TimetabledPassingTime version="3370590" id="VTR:TimetabledPassingTime:44986_116900182_1">
                  <StopPointInJourneyPatternRef ref="VTR:StopPointInJourneyPattern:116900182" version="3370590"/>
                  <DepartureTime>11:45:00</DepartureTime>
                  <DepartureDayOffset>0</DepartureDayOffset>
                </TimetabledPassingTime>
                <TimetabledPassingTime version="3370590" id="VTR:TimetabledPassingTime:44986_945259_2">
                  <StopPointInJourneyPatternRef ref="VTR:StopPointInJourneyPattern:945259" version="3370590"/>
                  <DepartureTime>12:37:00</DepartureTime>
                  <DepartureDayOffset>0</DepartureDayOffset>
                </TimetabledPassingTime>
                <TimetabledPassingTime version="3370590" id="VTR:TimetabledPassingTime:44986_116900183_2">
                  <StopPointInJourneyPatternRef ref="VTR:StopPointInJourneyPattern:116900183" version="3370590"/>
                  <DepartureTime>12:37:00</DepartureTime>
                  <DepartureDayOffset>0</DepartureDayOffset>
                </TimetabledPassingTime>
                <TimetabledPassingTime version="3370590" id="VTR:TimetabledPassingTime:44986_116900184_3">
                  <StopPointInJourneyPatternRef ref="VTR:StopPointInJourneyPattern:116900184" version="3370590"/>
                  <DepartureTime>12:45:00</DepartureTime>
                  <DepartureDayOffset>0</DepartureDayOffset>
                </TimetabledPassingTime>
                <TimetabledPassingTime version="3370590" id="VTR:TimetabledPassingTime:44986_945260_3">
                  <StopPointInJourneyPatternRef ref="VTR:StopPointInJourneyPattern:945260" version="3370590"/>
                  <DepartureTime>12:45:00</DepartureTime>
                  <DepartureDayOffset>0</DepartureDayOffset>
                </TimetabledPassingTime>
              </passingTimes>
            </ServiceJourney>
            <ServiceJourney version="44951" id="VTR:ServiceJourney:44990">
              <Name>Kaunas-Marijampolė</Name>
              <PrivateCode>6*X</PrivateCode>
              <dayTypes>
                <DayTypeRef ref="VTR:DayType:90"/>
              </dayTypes>
              <JourneyPatternRef version="44951" ref="VTR:JourneyPattern:44990"/>
              <OperatorRef ref="VTR:Operator:543"/>
              <LineRef ref="VTR:Line:449" version="434"/>
              <passingTimes>
                <TimetabledPassingTime version="44951" id="VTR:TimetabledPassingTime:44990_945344_1">
                  <StopPointInJourneyPatternRef ref="VTR:StopPointInJourneyPattern:945344" version="44951"/>
                  <DepartureTime>18:10:00</DepartureTime>
                  <DepartureDayOffset>0</DepartureDayOffset>
                </TimetabledPassingTime>
                <TimetabledPassingTime version="44951" id="VTR:TimetabledPassingTime:44990_116900194_1">
                  <StopPointInJourneyPatternRef ref="VTR:StopPointInJourneyPattern:116900194" version="44951"/>
                  <DepartureTime>18:10:00</DepartureTime>
                  <DepartureDayOffset>0</DepartureDayOffset>
                </TimetabledPassingTime>
                <TimetabledPassingTime version="44951" id="VTR:TimetabledPassingTime:44990_116900195_2">
                  <StopPointInJourneyPatternRef ref="VTR:StopPointInJourneyPattern:116900195" version="44951"/>
                  <DepartureTime>19:05:00</DepartureTime>
                  <DepartureDayOffset>0</DepartureDayOffset>
                </TimetabledPassingTime>
                <TimetabledPassingTime version="44951" id="VTR:TimetabledPassingTime:44990_945345_2">
                  <StopPointInJourneyPatternRef ref="VTR:StopPointInJourneyPattern:945345" version="44951"/>
                  <DepartureTime>19:05:00</DepartureTime>
                  <DepartureDayOffset>0</DepartureDayOffset>
                </TimetabledPassingTime>
                <TimetabledPassingTime version="44951" id="VTR:TimetabledPassingTime:44990_945346_3">
                  <StopPointInJourneyPatternRef ref="VTR:StopPointInJourneyPattern:945346" version="44951"/>
                  <DepartureTime>19:10:00</DepartureTime>
                  <DepartureDayOffset>0</DepartureDayOffset>
                </TimetabledPassingTime>
                <TimetabledPassingTime version="44951" id="VTR:TimetabledPassingTime:44990_116900196_3">
                  <StopPointInJourneyPatternRef ref="VTR:StopPointInJourneyPattern:116900196" version="44951"/>
                  <DepartureTime>19:10:00</DepartureTime>
                  <DepartureDayOffset>0</DepartureDayOffset>
                </TimetabledPassingTime>
              </passingTimes>
            </ServiceJourney>
            <ServiceJourney version="3370593" id="VTR:ServiceJourney:44989">
              <Name>Kaunas-Marijampolė</Name>
              <PrivateCode>4*X</PrivateCode>
              <dayTypes>
                <DayTypeRef ref="VTR:DayType:271"/>
              </dayTypes>
              <JourneyPatternRef version="3370593" ref="VTR:JourneyPattern:44989"/>
              <OperatorRef ref="VTR:Operator:543"/>
              <LineRef ref="VTR:Line:449" version="434"/>
              <passingTimes>
                <TimetabledPassingTime version="3370593" id="VTR:TimetabledPassingTime:44989_945341_1">
                  <StopPointInJourneyPatternRef ref="VTR:StopPointInJourneyPattern:945341" version="3370593"/>
                  <DepartureTime>13:35:00</DepartureTime>
                  <DepartureDayOffset>0</DepartureDayOffset>
                </TimetabledPassingTime>
                <TimetabledPassingTime version="3370593" id="VTR:TimetabledPassingTime:44989_116900191_1">
                  <StopPointInJourneyPatternRef ref="VTR:StopPointInJourneyPattern:116900191" version="3370593"/>
                  <DepartureTime>13:35:00</DepartureTime>
                  <DepartureDayOffset>0</DepartureDayOffset>
                </TimetabledPassingTime>
                <TimetabledPassingTime version="3370593" id="VTR:TimetabledPassingTime:44989_116900192_2">
                  <StopPointInJourneyPatternRef ref="VTR:StopPointInJourneyPattern:116900192" version="3370593"/>
                  <DepartureTime>14:30:00</DepartureTime>
                  <DepartureDayOffset>0</DepartureDayOffset>
                </TimetabledPassingTime>
                <TimetabledPassingTime version="3370593" id="VTR:TimetabledPassingTime:44989_945342_2">
                  <StopPointInJourneyPatternRef ref="VTR:StopPointInJourneyPattern:945342" version="3370593"/>
                  <DepartureTime>14:30:00</DepartureTime>
                  <DepartureDayOffset>0</DepartureDayOffset>
                </TimetabledPassingTime>
                <TimetabledPassingTime version="3370593" id="VTR:TimetabledPassingTime:44989_116900193_3">
                  <StopPointInJourneyPatternRef ref="VTR:StopPointInJourneyPattern:116900193" version="3370593"/>
                  <DepartureTime>14:35:00</DepartureTime>
                  <DepartureDayOffset>0</DepartureDayOffset>
                </TimetabledPassingTime>
                <TimetabledPassingTime version="3370593" id="VTR:TimetabledPassingTime:44989_945343_3">
                  <StopPointInJourneyPatternRef ref="VTR:StopPointInJourneyPattern:945343" version="3370593"/>
                  <DepartureTime>14:35:00</DepartureTime>
                  <DepartureDayOffset>0</DepartureDayOffset>
                </TimetabledPassingTime>
              </passingTimes>
            </ServiceJourney>
            <ServiceJourney version="44949" id="VTR:ServiceJourney:44988">
              <Name>Kaunas-Marijampolė</Name>
              <PrivateCode>2*X</PrivateCode>
              <dayTypes>
                <DayTypeRef ref="VTR:DayType:271"/>
              </dayTypes>
              <JourneyPatternRef version="44949" ref="VTR:JourneyPattern:44988"/>
              <OperatorRef ref="VTR:Operator:543"/>
              <LineRef ref="VTR:Line:449" version="434"/>
              <passingTimes>
                <TimetabledPassingTime version="44949" id="VTR:TimetabledPassingTime:44988_116900188_1">
                  <StopPointInJourneyPatternRef ref="VTR:StopPointInJourneyPattern:116900188" version="44949"/>
                  <DepartureTime>09:45:00</DepartureTime>
                  <DepartureDayOffset>0</DepartureDayOffset>
                </TimetabledPassingTime>
                <TimetabledPassingTime version="44949" id="VTR:TimetabledPassingTime:44988_945338_1">
                  <StopPointInJourneyPatternRef ref="VTR:StopPointInJourneyPattern:945338" version="44949"/>
                  <DepartureTime>09:45:00</DepartureTime>
                  <DepartureDayOffset>0</DepartureDayOffset>
                </TimetabledPassingTime>
                <TimetabledPassingTime version="44949" id="VTR:TimetabledPassingTime:44988_116900189_2">
                  <StopPointInJourneyPatternRef ref="VTR:StopPointInJourneyPattern:116900189" version="44949"/>
                  <DepartureTime>10:40:00</DepartureTime>
                  <DepartureDayOffset>0</DepartureDayOffset>
                </TimetabledPassingTime>
                <TimetabledPassingTime version="44949" id="VTR:TimetabledPassingTime:44988_945339_2">
                  <StopPointInJourneyPatternRef ref="VTR:StopPointInJourneyPattern:945339" version="44949"/>
                  <DepartureTime>10:40:00</DepartureTime>
                  <DepartureDayOffset>0</DepartureDayOffset>
                </TimetabledPassingTime>
                <TimetabledPassingTime version="44949" id="VTR:TimetabledPassingTime:44988_945340_3">
                  <StopPointInJourneyPatternRef ref="VTR:StopPointInJourneyPattern:945340" version="44949"/>
                  <DepartureTime>10:45:00</DepartureTime>
                  <DepartureDayOffset>0</DepartureDayOffset>
                </TimetabledPassingTime>
                <TimetabledPassingTime version="44949" id="VTR:TimetabledPassingTime:44988_116900190_3">
                  <StopPointInJourneyPatternRef ref="VTR:StopPointInJourneyPattern:116900190" version="44949"/>
                  <DepartureTime>10:45:00</DepartureTime>
                  <DepartureDayOffset>0</DepartureDayOffset>
                </TimetabledPassingTime>
              </passingTimes>
            </ServiceJourney>
            <ServiceJourney version="44950" id="VTR:ServiceJourney:44989">
              <Name>Kaunas-Marijampolė</Name>
              <PrivateCode>4*X</PrivateCode>
              <dayTypes>
                <DayTypeRef ref="VTR:DayType:271"/>
              </dayTypes>
              <JourneyPatternRef version="44950" ref="VTR:JourneyPattern:44989"/>
              <OperatorRef ref="VTR:Operator:543"/>
              <LineRef ref="VTR:Line:449" version="434"/>
              <passingTimes>
                <TimetabledPassingTime version="44950" id="VTR:TimetabledPassingTime:44989_945341_1">
                  <StopPointInJourneyPatternRef ref="VTR:StopPointInJourneyPattern:945341" version="44950"/>
                  <DepartureTime>13:35:00</DepartureTime>
                  <DepartureDayOffset>0</DepartureDayOffset>
                </TimetabledPassingTime>
                <TimetabledPassingTime version="44950" id="VTR:TimetabledPassingTime:44989_116900191_1">
                  <StopPointInJourneyPatternRef ref="VTR:StopPointInJourneyPattern:116900191" version="44950"/>
                  <DepartureTime>13:35:00</DepartureTime>
                  <DepartureDayOffset>0</DepartureDayOffset>
                </TimetabledPassingTime>
                <TimetabledPassingTime version="44950" id="VTR:TimetabledPassingTime:44989_945342_2">
                  <StopPointInJourneyPatternRef ref="VTR:StopPointInJourneyPattern:945342" version="44950"/>
                  <DepartureTime>14:30:00</DepartureTime>
                  <DepartureDayOffset>0</DepartureDayOffset>
                </TimetabledPassingTime>
                <TimetabledPassingTime version="44950" id="VTR:TimetabledPassingTime:44989_116900192_2">
                  <StopPointInJourneyPatternRef ref="VTR:StopPointInJourneyPattern:116900192" version="44950"/>
                  <DepartureTime>14:30:00</DepartureTime>
                  <DepartureDayOffset>0</DepartureDayOffset>
                </TimetabledPassingTime>
                <TimetabledPassingTime version="44950" id="VTR:TimetabledPassingTime:44989_945343_3">
                  <StopPointInJourneyPatternRef ref="VTR:StopPointInJourneyPattern:945343" version="44950"/>
                  <DepartureTime>14:35:00</DepartureTime>
                  <DepartureDayOffset>0</DepartureDayOffset>
                </TimetabledPassingTime>
                <TimetabledPassingTime version="44950" id="VTR:TimetabledPassingTime:44989_116900193_3">
                  <StopPointInJourneyPatternRef ref="VTR:StopPointInJourneyPattern:116900193" version="44950"/>
                  <DepartureTime>14:35:00</DepartureTime>
                  <DepartureDayOffset>0</DepartureDayOffset>
                </TimetabledPassingTime>
              </passingTimes>
            </ServiceJourney>
            <ServiceJourney version="44947" id="VTR:ServiceJourney:44986">
              <Name>Marijampolė-Kaunas</Name>
              <PrivateCode>3*X</PrivateCode>
              <dayTypes>
                <DayTypeRef ref="VTR:DayType:271"/>
              </dayTypes>
              <JourneyPatternRef version="44947" ref="VTR:JourneyPattern:44986"/>
              <OperatorRef ref="VTR:Operator:543"/>
              <LineRef ref="VTR:Line:449" version="434"/>
              <passingTimes>
                <TimetabledPassingTime version="44947" id="VTR:TimetabledPassingTime:44986_116900182_1">
                  <StopPointInJourneyPatternRef ref="VTR:StopPointInJourneyPattern:116900182" version="44947"/>
                  <DepartureTime>11:45:00</DepartureTime>
                  <DepartureDayOffset>0</DepartureDayOffset>
                </TimetabledPassingTime>
                <TimetabledPassingTime version="44947" id="VTR:TimetabledPassingTime:44986_945258_1">
                  <StopPointInJourneyPatternRef ref="VTR:StopPointInJourneyPattern:945258" version="44947"/>
                  <DepartureTime>11:45:00</DepartureTime>
                  <DepartureDayOffset>0</DepartureDayOffset>
                </TimetabledPassingTime>
                <TimetabledPassingTime version="44947" id="VTR:TimetabledPassingTime:44986_945259_2">
                  <StopPointInJourneyPatternRef ref="VTR:StopPointInJourneyPattern:945259" version="44947"/>
                  <DepartureTime>12:37:00</DepartureTime>
                  <DepartureDayOffset>0</DepartureDayOffset>
                </TimetabledPassingTime>
                <TimetabledPassingTime version="44947" id="VTR:TimetabledPassingTime:44986_116900183_2">
                  <StopPointInJourneyPatternRef ref="VTR:StopPointInJourneyPattern:116900183" version="44947"/>
                  <DepartureTime>12:37:00</DepartureTime>
                  <DepartureDayOffset>0</DepartureDayOffset>
                </TimetabledPassingTime>
                <TimetabledPassingTime version="44947" id="VTR:TimetabledPassingTime:44986_945260_3">
                  <StopPointInJourneyPatternRef ref="VTR:StopPointInJourneyPattern:945260" version="44947"/>
                  <DepartureTime>12:45:00</DepartureTime>
                  <DepartureDayOffset>0</DepartureDayOffset>
                </TimetabledPassingTime>
                <TimetabledPassingTime version="44947" id="VTR:TimetabledPassingTime:44986_116900184_3">
                  <StopPointInJourneyPatternRef ref="VTR:StopPointInJourneyPattern:116900184" version="44947"/>
                  <DepartureTime>12:45:00</DepartureTime>
                  <DepartureDayOffset>0</DepartureDayOffset>
                </TimetabledPassingTime>
              </passingTimes>
            </ServiceJourney>
            <ServiceJourney version="44945" id="VTR:ServiceJourney:44984">
              <Name>Marijampolė-Kaunas</Name>
              <PrivateCode>1*X</PrivateCode>
              <dayTypes>
                <DayTypeRef ref="VTR:DayType:271"/>
              </dayTypes>
              <JourneyPatternRef version="44945" ref="VTR:JourneyPattern:44984"/>
              <OperatorRef ref="VTR:Operator:543"/>
              <LineRef ref="VTR:Line:449" version="434"/>
              <passingTimes>
                <TimetabledPassingTime version="44945" id="VTR:TimetabledPassingTime:44984_116900179_1">
                  <StopPointInJourneyPatternRef ref="VTR:StopPointInJourneyPattern:116900179" version="44945"/>
                  <DepartureTime>08:10:00</DepartureTime>
                  <DepartureDayOffset>0</DepartureDayOffset>
                </TimetabledPassingTime>
                <TimetabledPassingTime version="44945" id="VTR:TimetabledPassingTime:44984_945208_1">
                  <StopPointInJourneyPatternRef ref="VTR:StopPointInJourneyPattern:945208" version="44945"/>
                  <DepartureTime>08:10:00</DepartureTime>
                  <DepartureDayOffset>0</DepartureDayOffset>
                </TimetabledPassingTime>
                <TimetabledPassingTime version="44945" id="VTR:TimetabledPassingTime:44984_116900180_2">
                  <StopPointInJourneyPatternRef ref="VTR:StopPointInJourneyPattern:116900180" version="44945"/>
                  <DepartureTime>09:02:00</DepartureTime>
                  <DepartureDayOffset>0</DepartureDayOffset>
                </TimetabledPassingTime>
                <TimetabledPassingTime version="44945" id="VTR:TimetabledPassingTime:44984_945209_2">
                  <StopPointInJourneyPatternRef ref="VTR:StopPointInJourneyPattern:945209" version="44945"/>
                  <DepartureTime>09:02:00</DepartureTime>
                  <DepartureDayOffset>0</DepartureDayOffset>
                </TimetabledPassingTime>
                <TimetabledPassingTime version="44945" id="VTR:TimetabledPassingTime:44984_945210_3">
                  <StopPointInJourneyPatternRef ref="VTR:StopPointInJourneyPattern:945210" version="44945"/>
                  <DepartureTime>09:10:00</DepartureTime>
                  <DepartureDayOffset>0</DepartureDayOffset>
                </TimetabledPassingTime>
                <TimetabledPassingTime version="44945" id="VTR:TimetabledPassingTime:44984_116900181_3">
                  <StopPointInJourneyPatternRef ref="VTR:StopPointInJourneyPattern:116900181" version="44945"/>
                  <DepartureTime>09:10:00</DepartureTime>
                  <DepartureDayOffset>0</DepartureDayOffset>
                </TimetabledPassingTime>
              </passingTimes>
            </ServiceJourney>
          </vehicleJourneys>
        </TimetableFrame>
        <ResourceFrame version="1" id="VTR:ResourceFrame:1149">
          <organisations>
            <Authority version="1" id="VTR:Authority:2">
              <CompanyNumber>188647255</CompanyNumber>
              <Name>LTSA</Name>
              <LegalName>Lietuvos transporto saugos administracija</LegalName>
              <ContactDetails>
                <Email>ltsa@ltsa.lrv.lt</Email>
                <Phone>8 5  278 5602</Phone>
                <Url>www.ltsa.lrv.lt</Url>
              </ContactDetails>
              <OrganisationType>authority</OrganisationType>
            </Authority>
          </organisations>
        </ResourceFrame>
        <FareFrame id="VTR:FareFrame:449" version="1">
          <FrameDefaults>
            <DefaultCurrency>EUR</DefaultCurrency>
          </FrameDefaults>
          <fareStructureElements>
            <FareStructureElement id="VTR:FareStructureElement:pricematrix" version="1">
              <distanceMatrixElements>
                <DistanceMatrixElementRef ref="VTR:DistanceMatrixElement:945338to945339" version="1"/>
                <DistanceMatrixElementRef ref="VTR:DistanceMatrixElement:116900185to116900186" version="1"/>
                <DistanceMatrixElementRef ref="VTR:DistanceMatrixElement:116900182to116900184" version="1"/>
                <DistanceMatrixElementRef ref="VTR:DistanceMatrixElement:116900188to116900190" version="1"/>
                <DistanceMatrixElementRef ref="VTR:DistanceMatrixElement:116900194to116900195" version="1"/>
                <DistanceMatrixElementRef ref="VTR:DistanceMatrixElement:116900191to116900193" version="1"/>
                <DistanceMatrixElementRef ref="VTR:DistanceMatrixElement:945258to945259" version="1"/>
                <DistanceMatrixElementRef ref="VTR:DistanceMatrixElement:945208to945210" version="1"/>
                <DistanceMatrixElementRef ref="VTR:DistanceMatrixElement:945344to945345" version="1"/>
                <DistanceMatrixElementRef ref="VTR:DistanceMatrixElement:116900191to116900192" version="1"/>
                <DistanceMatrixElementRef ref="VTR:DistanceMatrixElement:116900185to116900187" version="1"/>
                <DistanceMatrixElementRef ref="VTR:DistanceMatrixElement:945329to945330" version="1"/>
                <DistanceMatrixElementRef ref="VTR:DistanceMatrixElement:945329to945331" version="1"/>
                <DistanceMatrixElementRef ref="VTR:DistanceMatrixElement:945338to945340" version="1"/>
                <DistanceMatrixElementRef ref="VTR:DistanceMatrixElement:116900188to116900189" version="1"/>
                <DistanceMatrixElementRef ref="VTR:DistanceMatrixElement:116900194to116900196" version="1"/>
                <DistanceMatrixElementRef ref="VTR:DistanceMatrixElement:116900182to116900183" version="1"/>
                <DistanceMatrixElementRef ref="VTR:DistanceMatrixElement:945344to945346" version="1"/>
                <DistanceMatrixElementRef ref="VTR:DistanceMatrixElement:945341to945343" version="1"/>
                <DistanceMatrixElementRef ref="VTR:DistanceMatrixElement:945341to945342" version="1"/>
                <DistanceMatrixElementRef ref="VTR:DistanceMatrixElement:945258to945260" version="1"/>
                <DistanceMatrixElementRef ref="VTR:DistanceMatrixElement:116900179to116900180" version="1"/>
                <DistanceMatrixElementRef ref="VTR:DistanceMatrixElement:116900179to116900181" version="1"/>
                <DistanceMatrixElementRef ref="VTR:DistanceMatrixElement:945208to945209" version="1"/>
              </distanceMatrixElements>
            </FareStructureElement>
          </fareStructureElements>
          <tariffs>
            <Tariff id="VTR:Tariff:pointToPointInSeparateJourney_449" version="1">
              <Name>Point to point tariff</Name>
              <distanceMatrixElements>
                <DistanceMatrixElement id="VTR:DistanceMatrixElement:945338to945339" version="1">
                  <Name>Kauno autobusų stotis to Sūduvos stadionas</Name>
                  <StartStopPointRef ref="VTR:ScheduledStopPoint:26464" version="1"/>
                  <EndStopPointRef ref="VTR:ScheduledStopPoint:55146" version="1"/>
                  <prices>
                    <DistanceMatrixElementPrice id="VTR:DistanceMatrixElementPrice:945338to945339" version="1">
                      <Amount>4.3</Amount>
                      <DistanceMatrixElementRef ref="VTR:DistanceMatrixElement:945338to945339" version="1"/>
                    </DistanceMatrixElementPrice>
                  </prices>
                </DistanceMatrixElement>
                <DistanceMatrixElement id="VTR:DistanceMatrixElement:116900185to116900186" version="1">
                  <Name>Marijampolės autobusų stotis to Europos pr.</Name>
                  <StartStopPointRef ref="VTR:ScheduledStopPoint:26460" version="1"/>
                  <EndStopPointRef ref="VTR:ScheduledStopPoint:55097" version="1"/>
                  <prices>
                    <DistanceMatrixElementPrice id="VTR:DistanceMatrixElementPrice:116900185to116900186" version="1">
                      <Amount>4.3</Amount>
                      <DistanceMatrixElementRef ref="VTR:DistanceMatrixElement:116900185to116900186" version="1"/>
                    </DistanceMatrixElementPrice>
                  </prices>
                </DistanceMatrixElement>
                <DistanceMatrixElement id="VTR:DistanceMatrixElement:116900182to116900184" version="1">
                  <Name>Marijampolės autobusų stotis to Kauno autobusų stotis</Name>
                  <StartStopPointRef ref="VTR:ScheduledStopPoint:26460" version="1"/>
                  <EndStopPointRef ref="VTR:ScheduledStopPoint:26463" version="1"/>
                  <prices>
                    <DistanceMatrixElementPrice id="VTR:DistanceMatrixElementPrice:116900182to116900184" version="1">
                      <Amount>4.3</Amount>
                      <DistanceMatrixElementRef ref="VTR:DistanceMatrixElement:116900182to116900184" version="1"/>
                    </DistanceMatrixElementPrice>
                  </prices>
                </DistanceMatrixElement>
                <DistanceMatrixElement id="VTR:DistanceMatrixElement:116900188to116900190" version="1">
                  <Name>Kauno autobusų stotis to Marijampolės autobusų stotis</Name>
                  <StartStopPointRef ref="VTR:ScheduledStopPoint:26464" version="1"/>
                  <EndStopPointRef ref="VTR:ScheduledStopPoint:26471" version="1"/>
                  <prices>
                    <DistanceMatrixElementPrice id="VTR:DistanceMatrixElementPrice:116900188to116900190" version="1">
                      <Amount>4.3</Amount>
                      <DistanceMatrixElementRef ref="VTR:DistanceMatrixElement:116900188to116900190" version="1"/>
                    </DistanceMatrixElementPrice>
                  </prices>
                </DistanceMatrixElement>
                <DistanceMatrixElement id="VTR:DistanceMatrixElement:116900194to116900195" version="1">
                  <Name>Kauno autobusų stotis to Sūduvos stadionas</Name>
                  <StartStopPointRef ref="VTR:ScheduledStopPoint:26464" version="1"/>
                  <EndStopPointRef ref="VTR:ScheduledStopPoint:55146" version="1"/>
                  <prices>
                    <DistanceMatrixElementPrice id="VTR:DistanceMatrixElementPrice:116900194to116900195" version="1">
                      <Amount>4.3</Amount>
                      <DistanceMatrixElementRef ref="VTR:DistanceMatrixElement:116900194to116900195" version="1"/>
                    </DistanceMatrixElementPrice>
                  </prices>
                </DistanceMatrixElement>
                <DistanceMatrixElement id="VTR:DistanceMatrixElement:116900191to116900193" version="1">
                  <Name>Kauno autobusų stotis to Marijampolės autobusų stotis</Name>
                  <StartStopPointRef ref="VTR:ScheduledStopPoint:26464" version="1"/>
                  <EndStopPointRef ref="VTR:ScheduledStopPoint:26471" version="1"/>
                  <prices>
                    <DistanceMatrixElementPrice id="VTR:DistanceMatrixElementPrice:116900191to116900193" version="1">
                      <Amount>4.3</Amount>
                      <DistanceMatrixElementRef ref="VTR:DistanceMatrixElement:116900191to116900193" version="1"/>
                    </DistanceMatrixElementPrice>
                  </prices>
                </DistanceMatrixElement>
                <DistanceMatrixElement id="VTR:DistanceMatrixElement:945258to945259" version="1">
                  <Name>Marijampolės autobusų stotis to Europos pr.</Name>
                  <StartStopPointRef ref="VTR:ScheduledStopPoint:26460" version="1"/>
                  <EndStopPointRef ref="VTR:ScheduledStopPoint:55097" version="1"/>
                  <prices>
                    <DistanceMatrixElementPrice id="VTR:DistanceMatrixElementPrice:945258to945259" version="1">
                      <Amount>4.3</Amount>
                      <DistanceMatrixElementRef ref="VTR:DistanceMatrixElement:945258to945259" version="1"/>
                    </DistanceMatrixElementPrice>
                  </prices>
                </DistanceMatrixElement>
                <DistanceMatrixElement id="VTR:DistanceMatrixElement:945208to945210" version="1">
                  <Name>Marijampolės autobusų stotis to Kauno autobusų stotis</Name>
                  <StartStopPointRef ref="VTR:ScheduledStopPoint:26460" version="1"/>
                  <EndStopPointRef ref="VTR:ScheduledStopPoint:26463" version="1"/>
                  <prices>
                    <DistanceMatrixElementPrice id="VTR:DistanceMatrixElementPrice:945208to945210" version="1">
                      <Amount>4.3</Amount>
                      <DistanceMatrixElementRef ref="VTR:DistanceMatrixElement:945208to945210" version="1"/>
                    </DistanceMatrixElementPrice>
                  </prices>
                </DistanceMatrixElement>
                <DistanceMatrixElement id="VTR:DistanceMatrixElement:945344to945345" version="1">
                  <Name>Kauno autobusų stotis to Sūduvos stadionas</Name>
                  <StartStopPointRef ref="VTR:ScheduledStopPoint:26464" version="1"/>
                  <EndStopPointRef ref="VTR:ScheduledStopPoint:55146" version="1"/>
                  <prices>
                    <DistanceMatrixElementPrice id="VTR:DistanceMatrixElementPrice:945344to945345" version="1">
                      <Amount>4.3</Amount>
                      <DistanceMatrixElementRef ref="VTR:DistanceMatrixElement:945344to945345" version="1"/>
                    </DistanceMatrixElementPrice>
                  </prices>
                </DistanceMatrixElement>
                <DistanceMatrixElement id="VTR:DistanceMatrixElement:116900191to116900192" version="1">
                  <Name>Kauno autobusų stotis to Sūduvos stadionas</Name>
                  <StartStopPointRef ref="VTR:ScheduledStopPoint:26464" version="1"/>
                  <EndStopPointRef ref="VTR:ScheduledStopPoint:55146" version="1"/>
                  <prices>
                    <DistanceMatrixElementPrice id="VTR:DistanceMatrixElementPrice:116900191to116900192" version="1">
                      <Amount>4.3</Amount>
                      <DistanceMatrixElementRef ref="VTR:DistanceMatrixElement:116900191to116900192" version="1"/>
                    </DistanceMatrixElementPrice>
                  </prices>
                </DistanceMatrixElement>
                <DistanceMatrixElement id="VTR:DistanceMatrixElement:116900185to116900187" version="1">
                  <Name>Marijampolės autobusų stotis to Kauno autobusų stotis</Name>
                  <StartStopPointRef ref="VTR:ScheduledStopPoint:26460" version="1"/>
                  <EndStopPointRef ref="VTR:ScheduledStopPoint:26463" version="1"/>
                  <prices>
                    <DistanceMatrixElementPrice id="VTR:DistanceMatrixElementPrice:116900185to116900187" version="1">
                      <Amount>4.3</Amount>
                      <DistanceMatrixElementRef ref="VTR:DistanceMatrixElement:116900185to116900187" version="1"/>
                    </DistanceMatrixElementPrice>
                  </prices>
                </DistanceMatrixElement>
                <DistanceMatrixElement id="VTR:DistanceMatrixElement:945329to945330" version="1">
                  <Name>Marijampolės autobusų stotis to Europos pr.</Name>
                  <StartStopPointRef ref="VTR:ScheduledStopPoint:26460" version="1"/>
                  <EndStopPointRef ref="VTR:ScheduledStopPoint:55097" version="1"/>
                  <prices>
                    <DistanceMatrixElementPrice id="VTR:DistanceMatrixElementPrice:945329to945330" version="1">
                      <Amount>4.3</Amount>
                      <DistanceMatrixElementRef ref="VTR:DistanceMatrixElement:945329to945330" version="1"/>
                    </DistanceMatrixElementPrice>
                  </prices>
                </DistanceMatrixElement>
                <DistanceMatrixElement id="VTR:DistanceMatrixElement:945329to945331" version="1">
                  <Name>Marijampolės autobusų stotis to Kauno autobusų stotis</Name>
                  <StartStopPointRef ref="VTR:ScheduledStopPoint:26460" version="1"/>
                  <EndStopPointRef ref="VTR:ScheduledStopPoint:26463" version="1"/>
                  <prices>
                    <DistanceMatrixElementPrice id="VTR:DistanceMatrixElementPrice:945329to945331" version="1">
                      <Amount>4.3</Amount>
                      <DistanceMatrixElementRef ref="VTR:DistanceMatrixElement:945329to945331" version="1"/>
                    </DistanceMatrixElementPrice>
                  </prices>
                </DistanceMatrixElement>
                <DistanceMatrixElement id="VTR:DistanceMatrixElement:945338to945340" version="1">
                  <Name>Kauno autobusų stotis to Marijampolės autobusų stotis</Name>
                  <StartStopPointRef ref="VTR:ScheduledStopPoint:26464" version="1"/>
                  <EndStopPointRef ref="VTR:ScheduledStopPoint:26471" version="1"/>
                  <prices>
                    <DistanceMatrixElementPrice id="VTR:DistanceMatrixElementPrice:945338to945340" version="1">
                      <Amount>4.3</Amount>
                      <DistanceMatrixElementRef ref="VTR:DistanceMatrixElement:945338to945340" version="1"/>
                    </DistanceMatrixElementPrice>
                  </prices>
                </DistanceMatrixElement>
                <DistanceMatrixElement id="VTR:DistanceMatrixElement:116900188to116900189" version="1">
                  <Name>Kauno autobusų stotis to Sūduvos stadionas</Name>
                  <StartStopPointRef ref="VTR:ScheduledStopPoint:26464" version="1"/>
                  <EndStopPointRef ref="VTR:ScheduledStopPoint:55146" version="1"/>
                  <prices>
                    <DistanceMatrixElementPrice id="VTR:DistanceMatrixElementPrice:116900188to116900189" version="1">
                      <Amount>4.3</Amount>
                      <DistanceMatrixElementRef ref="VTR:DistanceMatrixElement:116900188to116900189" version="1"/>
                    </DistanceMatrixElementPrice>
                  </prices>
                </DistanceMatrixElement>
                <DistanceMatrixElement id="VTR:DistanceMatrixElement:116900194to116900196" version="1">
                  <Name>Kauno autobusų stotis to Marijampolės autobusų stotis</Name>
                  <StartStopPointRef ref="VTR:ScheduledStopPoint:26464" version="1"/>
                  <EndStopPointRef ref="VTR:ScheduledStopPoint:26471" version="1"/>
                  <prices>
                    <DistanceMatrixElementPrice id="VTR:DistanceMatrixElementPrice:116900194to116900196" version="1">
                      <Amount>4.3</Amount>
                      <DistanceMatrixElementRef ref="VTR:DistanceMatrixElement:116900194to116900196" version="1"/>
                    </DistanceMatrixElementPrice>
                  </prices>
                </DistanceMatrixElement>
                <DistanceMatrixElement id="VTR:DistanceMatrixElement:116900182to116900183" version="1">
                  <Name>Marijampolės autobusų stotis to Europos pr.</Name>
                  <StartStopPointRef ref="VTR:ScheduledStopPoint:26460" version="1"/>
                  <EndStopPointRef ref="VTR:ScheduledStopPoint:55097" version="1"/>
                  <prices>
                    <DistanceMatrixElementPrice id="VTR:DistanceMatrixElementPrice:116900182to116900183" version="1">
                      <Amount>4.3</Amount>
                      <DistanceMatrixElementRef ref="VTR:DistanceMatrixElement:116900182to116900183" version="1"/>
                    </DistanceMatrixElementPrice>
                  </prices>
                </DistanceMatrixElement>
                <DistanceMatrixElement id="VTR:DistanceMatrixElement:945344to945346" version="1">
                  <Name>Kauno autobusų stotis to Marijampolės autobusų stotis</Name>
                  <StartStopPointRef ref="VTR:ScheduledStopPoint:26464" version="1"/>
                  <EndStopPointRef ref="VTR:ScheduledStopPoint:26471" version="1"/>
                  <prices>
                    <DistanceMatrixElementPrice id="VTR:DistanceMatrixElementPrice:945344to945346" version="1">
                      <Amount>4.3</Amount>
                      <DistanceMatrixElementRef ref="VTR:DistanceMatrixElement:945344to945346" version="1"/>
                    </DistanceMatrixElementPrice>
                  </prices>
                </DistanceMatrixElement>
                <DistanceMatrixElement id="VTR:DistanceMatrixElement:945341to945343" version="1">
                  <Name>Kauno autobusų stotis to Marijampolės autobusų stotis</Name>
                  <StartStopPointRef ref="VTR:ScheduledStopPoint:26464" version="1"/>
                  <EndStopPointRef ref="VTR:ScheduledStopPoint:26471" version="1"/>
                  <prices>
                    <DistanceMatrixElementPrice id="VTR:DistanceMatrixElementPrice:945341to945343" version="1">
                      <Amount>4.3</Amount>
                      <DistanceMatrixElementRef ref="VTR:DistanceMatrixElement:945341to945343" version="1"/>
                    </DistanceMatrixElementPrice>
                  </prices>
                </DistanceMatrixElement>
                <DistanceMatrixElement id="VTR:DistanceMatrixElement:945341to945342" version="1">
                  <Name>Kauno autobusų stotis to Sūduvos stadionas</Name>
                  <StartStopPointRef ref="VTR:ScheduledStopPoint:26464" version="1"/>
                  <EndStopPointRef ref="VTR:ScheduledStopPoint:55146" version="1"/>
                  <prices>
                    <DistanceMatrixElementPrice id="VTR:DistanceMatrixElementPrice:945341to945342" version="1">
                      <Amount>4.3</Amount>
                      <DistanceMatrixElementRef ref="VTR:DistanceMatrixElement:945341to945342" version="1"/>
                    </DistanceMatrixElementPrice>
                  </prices>
                </DistanceMatrixElement>
                <DistanceMatrixElement id="VTR:DistanceMatrixElement:945258to945260" version="1">
                  <Name>Marijampolės autobusų stotis to Kauno autobusų stotis</Name>
                  <StartStopPointRef ref="VTR:ScheduledStopPoint:26460" version="1"/>
                  <EndStopPointRef ref="VTR:ScheduledStopPoint:26463" version="1"/>
                  <prices>
                    <DistanceMatrixElementPrice id="VTR:DistanceMatrixElementPrice:945258to945260" version="1">
                      <Amount>4.3</Amount>
                      <DistanceMatrixElementRef ref="VTR:DistanceMatrixElement:945258to945260" version="1"/>
                    </DistanceMatrixElementPrice>
                  </prices>
                </DistanceMatrixElement>
                <DistanceMatrixElement id="VTR:DistanceMatrixElement:116900179to116900180" version="1">
                  <Name>Marijampolės autobusų stotis to Europos pr.</Name>
                  <StartStopPointRef ref="VTR:ScheduledStopPoint:26460" version="1"/>
                  <EndStopPointRef ref="VTR:ScheduledStopPoint:55097" version="1"/>
                  <prices>
                    <DistanceMatrixElementPrice id="VTR:DistanceMatrixElementPrice:116900179to116900180" version="1">
                      <Amount>4.3</Amount>
                      <DistanceMatrixElementRef ref="VTR:DistanceMatrixElement:116900179to116900180" version="1"/>
                    </DistanceMatrixElementPrice>
                  </prices>
                </DistanceMatrixElement>
                <DistanceMatrixElement id="VTR:DistanceMatrixElement:116900179to116900181" version="1">
                  <Name>Marijampolės autobusų stotis to Kauno autobusų stotis</Name>
                  <StartStopPointRef ref="VTR:ScheduledStopPoint:26460" version="1"/>
                  <EndStopPointRef ref="VTR:ScheduledStopPoint:26463" version="1"/>
                  <prices>
                    <DistanceMatrixElementPrice id="VTR:DistanceMatrixElementPrice:116900179to116900181" version="1">
                      <Amount>4.3</Amount>
                      <DistanceMatrixElementRef ref="VTR:DistanceMatrixElement:116900179to116900181" version="1"/>
                    </DistanceMatrixElementPrice>
                  </prices>
                </DistanceMatrixElement>
                <DistanceMatrixElement id="VTR:DistanceMatrixElement:945208to945209" version="1">
                  <Name>Marijampolės autobusų stotis to Europos pr.</Name>
                  <StartStopPointRef ref="VTR:ScheduledStopPoint:26460" version="1"/>
                  <EndStopPointRef ref="VTR:ScheduledStopPoint:55097" version="1"/>
                  <prices>
                    <DistanceMatrixElementPrice id="VTR:DistanceMatrixElementPrice:945208to945209" version="1">
                      <Amount>4.3</Amount>
                      <DistanceMatrixElementRef ref="VTR:DistanceMatrixElement:945208to945209" version="1"/>
                    </DistanceMatrixElementPrice>
                  </prices>
                </DistanceMatrixElement>
              </distanceMatrixElements>
            </Tariff>
          </tariffs>
          <usageParameters>
            <FrequencyOfUse id="VTR:FrequencyOfUse:oneTrip" version="1">
              <FrequencyOfUseType>unlimited</FrequencyOfUseType>
              <MaximalFrequency>1</MaximalFrequency>
            </FrequencyOfUse>
          </usageParameters>
        </FareFrame>
      </frames>
    </CompositeFrame>
  </dataObjects>
</PublicationDelivery>
