<?xml version="1.0" encoding="UTF-8"?><PublicationDelivery xmlns="http://www.netex.org.uk/netex" xmlns:gis="http://www.opengis.net/gml/3.2" xmlns:ns2="http://www.opengis.net/gml/3.2" xmlns:ns3="http://www.siri.org.uk/siri" xmlns:xsi="http://www.w3.org/2001/XMLSchema-instance" version="1" xsi:schemaLocation="">
  <PublicationTimestamp>2022-04-02T00:40:00.232</PublicationTimestamp>
  <ParticipantRef>VTR</ParticipantRef>
  <Description>1</Description>
  <dataObjects>
    <CompositeFrame created="2022-04-02T00:40:00.232" version="1" id="VTR:CompositeFrame:1149">
      <validityConditions>
        <AvailabilityCondition version="1" id="VTR:AvailabilityCondition:1149">
          <FromDate>2010-03-02T00:00:00</FromDate>
          <ToDate>2023-03-31T00:00:00</ToDate>
        </AvailabilityCondition>
      </validityConditions>
      <codespaces>
        <Codespace id="vtr">
          <Xmlns>VTR</Xmlns>
          <XmlnsUrl>http://www.visimarsrutai.lt/</XmlnsUrl>
        </Codespace>
      </codespaces>
      <FrameDefaults>
        <DefaultLocale>
          <TimeZone>Europe/Vilnius</TimeZone>
        </DefaultLocale>
        <DefaultLocationSystem>WGS84</DefaultLocationSystem>
      </FrameDefaults>
      <frames>
        <ServiceCalendarFrame version="1" id="VTR:ServiceCalendarFrame:1149">
          <dayTypes>
            <DayType id="VTR:DayType:90" version="1">
              <properties>
                <PropertyOfDay>
                  <DaysOfWeek>Weekdays</DaysOfWeek>
                </PropertyOfDay>
              </properties>
            </DayType>
          </dayTypes>
          <operatingPeriods>
            <OperatingPeriod version="1" id="VTR:OperatingPeriod:90">
              <FromDate>2015-06-02T00:00:00</FromDate>
              <ToDate>2099-12-31T00:00:00</ToDate>
            </OperatingPeriod>
          </operatingPeriods>
          <dayTypeAssignments>
            <DayTypeAssignment id="VTR:DayTypeAssignment:90_0" version="1" order="169">
              <OperatingPeriodRef ref="VTR:OperatingPeriod:90" version="1"/>
              <DayTypeRef ref="VTR:DayType:90" version="1"/>
            </DayTypeAssignment>
          </dayTypeAssignments>
        </ServiceCalendarFrame>
        <ServiceFrame id="VTR:ServiceFrame:1149" version="1">
          <Network version="0" id="VTR:Network:2"/>
          <routePoints>
            <RoutePoint version="1" id="VTR:RoutePoint:26508">
              <projections>
                <PointProjection version="1" id="VTR:PointProjection:8455">
                  <ProjectedPointRef ref="VTR:ScheduledStopPoint:26508" version="1"/>
                </PointProjection>
              </projections>
            </RoutePoint>
            <RoutePoint version="1" id="VTR:RoutePoint:26514">
              <projections>
                <PointProjection version="1" id="VTR:PointProjection:8523">
                  <ProjectedPointRef ref="VTR:ScheduledStopPoint:26514" version="1"/>
                </PointProjection>
              </projections>
            </RoutePoint>
            <RoutePoint version="1" id="VTR:RoutePoint:27268">
              <projections>
                <PointProjection version="1" id="VTR:PointProjection:7699">
                  <ProjectedPointRef ref="VTR:ScheduledStopPoint:27268" version="1"/>
                </PointProjection>
              </projections>
            </RoutePoint>
            <RoutePoint version="1" id="VTR:RoutePoint:27269">
              <projections>
                <PointProjection version="1" id="VTR:PointProjection:7700">
                  <ProjectedPointRef ref="VTR:ScheduledStopPoint:27269" version="1"/>
                </PointProjection>
              </projections>
            </RoutePoint>
            <RoutePoint version="1" id="VTR:RoutePoint:27270">
              <projections>
                <PointProjection version="1" id="VTR:PointProjection:7701">
                  <ProjectedPointRef ref="VTR:ScheduledStopPoint:27270" version="1"/>
                </PointProjection>
              </projections>
            </RoutePoint>
            <RoutePoint version="1" id="VTR:RoutePoint:55203">
              <projections>
                <PointProjection version="1" id="VTR:PointProjection:8155">
                  <ProjectedPointRef ref="VTR:ScheduledStopPoint:55203" version="1"/>
                </PointProjection>
              </projections>
            </RoutePoint>
            <RoutePoint version="1" id="VTR:RoutePoint:55204">
              <projections>
                <PointProjection version="1" id="VTR:PointProjection:8157">
                  <ProjectedPointRef ref="VTR:ScheduledStopPoint:55204" version="1"/>
                </PointProjection>
              </projections>
            </RoutePoint>
            <RoutePoint version="1" id="VTR:RoutePoint:55205">
              <projections>
                <PointProjection version="1" id="VTR:PointProjection:8158">
                  <ProjectedPointRef ref="VTR:ScheduledStopPoint:55205" version="1"/>
                </PointProjection>
              </projections>
            </RoutePoint>
            <RoutePoint version="1" id="VTR:RoutePoint:55210">
              <projections>
                <PointProjection version="1" id="VTR:PointProjection:8004">
                  <ProjectedPointRef ref="VTR:ScheduledStopPoint:55210" version="1"/>
                </PointProjection>
              </projections>
            </RoutePoint>
            <RoutePoint version="1" id="VTR:RoutePoint:55211">
              <projections>
                <PointProjection version="1" id="VTR:PointProjection:8007">
                  <ProjectedPointRef ref="VTR:ScheduledStopPoint:55211" version="1"/>
                </PointProjection>
              </projections>
            </RoutePoint>
            <RoutePoint version="1" id="VTR:RoutePoint:55213">
              <projections>
                <PointProjection version="1" id="VTR:PointProjection:8008">
                  <ProjectedPointRef ref="VTR:ScheduledStopPoint:55213" version="1"/>
                </PointProjection>
              </projections>
            </RoutePoint>
          </routePoints>
          <routes>
            <Route version="1" id="VTR:Route:1800">
              <Name>Panevėžys - Kaunas</Name>
              <ShortName>Panevėžys - Kaunas</ShortName>
              <LineRef ref="VTR:Line:450" version="435"/>
              <DirectionType>inbound</DirectionType>
              <pointsInSequence>
                <PointOnRoute version="1" id="VTR:PointOnRoute:27270" order="1">
                  <RoutePointRef ref="VTR:RoutePoint:27270"/>
                </PointOnRoute>
                <PointOnRoute version="1" id="VTR:PointOnRoute:55210" order="2">
                  <RoutePointRef ref="VTR:RoutePoint:55210"/>
                </PointOnRoute>
                <PointOnRoute version="1" id="VTR:PointOnRoute:27268" order="3">
                  <RoutePointRef ref="VTR:RoutePoint:27268"/>
                </PointOnRoute>
                <PointOnRoute version="1" id="VTR:PointOnRoute:55211" order="4">
                  <RoutePointRef ref="VTR:RoutePoint:55211"/>
                </PointOnRoute>
                <PointOnRoute version="1" id="VTR:PointOnRoute:55213" order="5">
                  <RoutePointRef ref="VTR:RoutePoint:55213"/>
                </PointOnRoute>
                <PointOnRoute version="1" id="VTR:PointOnRoute:27269" order="6">
                  <RoutePointRef ref="VTR:RoutePoint:27269"/>
                </PointOnRoute>
              </pointsInSequence>
            </Route>
            <Route version="1" id="VTR:Route:1778">
              <Name>Kaunas- Panevėžys</Name>
              <ShortName>Kaunas- Panevėžys</ShortName>
              <LineRef ref="VTR:Line:450" version="435"/>
              <DirectionType>outbound</DirectionType>
              <pointsInSequence>
                <PointOnRoute version="1" id="VTR:PointOnRoute:26508" order="1">
                  <RoutePointRef ref="VTR:RoutePoint:26508"/>
                </PointOnRoute>
                <PointOnRoute version="1" id="VTR:PointOnRoute:55203" order="2">
                  <RoutePointRef ref="VTR:RoutePoint:55203"/>
                </PointOnRoute>
                <PointOnRoute version="1" id="VTR:PointOnRoute:26514" order="3">
                  <RoutePointRef ref="VTR:RoutePoint:26514"/>
                </PointOnRoute>
                <PointOnRoute version="1" id="VTR:PointOnRoute:55204" order="4">
                  <RoutePointRef ref="VTR:RoutePoint:55204"/>
                </PointOnRoute>
                <PointOnRoute version="1" id="VTR:PointOnRoute:55205" order="5">
                  <RoutePointRef ref="VTR:RoutePoint:55205"/>
                </PointOnRoute>
              </pointsInSequence>
            </Route>
          </routes>
          <lines>
            <Line version="435" id="VTR:Line:450">
              <Name>Kaunas-Panevėžys</Name>
              <TransportMode>bus</TransportMode>
              <TransportSubmode>
                <CoachSubmode>nationalCoach</CoachSubmode>
              </TransportSubmode>
              <PublicCode>M-328</PublicCode>
              <OperatorRef ref="VTR:Operator:2"/>
            </Line>
          </lines>
          <scheduledStopPoints>
            <ScheduledStopPoint version="1" id="VTR:ScheduledStopPoint:26508">
              <Name>Kauno autobusų stotis</Name>
            </ScheduledStopPoint>
            <ScheduledStopPoint version="1" id="VTR:ScheduledStopPoint:26514">
              <Name>Ramygala</Name>
            </ScheduledStopPoint>
            <ScheduledStopPoint version="1" id="VTR:ScheduledStopPoint:27268">
              <Name>Ramygala</Name>
            </ScheduledStopPoint>
            <ScheduledStopPoint version="1" id="VTR:ScheduledStopPoint:27269">
              <Name>Kauno autobusų stotis</Name>
            </ScheduledStopPoint>
            <ScheduledStopPoint version="1" id="VTR:ScheduledStopPoint:27270">
              <Name>Panevėžio autobusų stotis</Name>
            </ScheduledStopPoint>
            <ScheduledStopPoint version="1" id="VTR:ScheduledStopPoint:55203">
              <Name>Šilainių poliklinika</Name>
            </ScheduledStopPoint>
            <ScheduledStopPoint version="1" id="VTR:ScheduledStopPoint:55204">
              <Name>Autobusų parkas</Name>
            </ScheduledStopPoint>
            <ScheduledStopPoint version="1" id="VTR:ScheduledStopPoint:55205">
              <Name>Panevėžio autobusų stotis</Name>
            </ScheduledStopPoint>
            <ScheduledStopPoint version="1" id="VTR:ScheduledStopPoint:55210">
              <Name>Autobusų parkas</Name>
            </ScheduledStopPoint>
            <ScheduledStopPoint version="1" id="VTR:ScheduledStopPoint:55211">
              <Name>Šilainių poliklinika</Name>
            </ScheduledStopPoint>
            <ScheduledStopPoint version="1" id="VTR:ScheduledStopPoint:55213">
              <Name>Kauno pilis</Name>
            </ScheduledStopPoint>
          </scheduledStopPoints>
          <serviceLinks>
            <ServiceLink id="VTR:ServiceLink:27270_1_55210_1" version="1">
              <Distance>1</Distance>
              <FromPointRef ref="VTR:ScheduledStopPoint:27270" version="1"/>
              <ToPointRef ref="VTR:ScheduledStopPoint:55210" version="1"/>
            </ServiceLink>
            <ServiceLink id="VTR:ServiceLink:26514_1_55204_1" version="1">
              <Distance>23</Distance>
              <FromPointRef ref="VTR:ScheduledStopPoint:26514" version="1"/>
              <ToPointRef ref="VTR:ScheduledStopPoint:55204" version="1"/>
            </ServiceLink>
            <ServiceLink id="VTR:ServiceLink:55203_1_26514_1" version="1">
              <Distance>76</Distance>
              <FromPointRef ref="VTR:ScheduledStopPoint:55203" version="1"/>
              <ToPointRef ref="VTR:ScheduledStopPoint:26514" version="1"/>
            </ServiceLink>
            <ServiceLink id="VTR:ServiceLink:55204_1_55205_1" version="1">
              <Distance>1</Distance>
              <FromPointRef ref="VTR:ScheduledStopPoint:55204" version="1"/>
              <ToPointRef ref="VTR:ScheduledStopPoint:55205" version="1"/>
            </ServiceLink>
          </serviceLinks>
          <stopAssignments>
            <PassengerStopAssignment order="177800000" id="VTR:PassengerStopAssignment:26508" version="1">
              <ScheduledStopPointRef ref="VTR:ScheduledStopPoint:26508" version="1"/>
              <QuayRef ref="VTR:Quay:19470"/>
            </PassengerStopAssignment>
            <PassengerStopAssignment order="177800005" id="VTR:PassengerStopAssignment:55203" version="1">
              <ScheduledStopPointRef ref="VTR:ScheduledStopPoint:55203" version="1"/>
              <QuayRef ref="VTR:Quay:21439"/>
            </PassengerStopAssignment>
            <PassengerStopAssignment order="177800006" id="VTR:PassengerStopAssignment:26514" version="1">
              <ScheduledStopPointRef ref="VTR:ScheduledStopPoint:26514" version="1"/>
              <QuayRef ref="VTR:Quay:14858"/>
            </PassengerStopAssignment>
            <PassengerStopAssignment order="177800007" id="VTR:PassengerStopAssignment:55204" version="1">
              <ScheduledStopPointRef ref="VTR:ScheduledStopPoint:55204" version="1"/>
              <QuayRef ref="VTR:Quay:20047"/>
            </PassengerStopAssignment>
            <PassengerStopAssignment order="177800008" id="VTR:PassengerStopAssignment:55205" version="1">
              <ScheduledStopPointRef ref="VTR:ScheduledStopPoint:55205" version="1"/>
              <QuayRef ref="VTR:Quay:19459"/>
            </PassengerStopAssignment>
            <PassengerStopAssignment order="180000000" id="VTR:PassengerStopAssignment:27270" version="1">
              <ScheduledStopPointRef ref="VTR:ScheduledStopPoint:27270" version="1"/>
              <QuayRef ref="VTR:Quay:19459"/>
            </PassengerStopAssignment>
            <PassengerStopAssignment order="180000001" id="VTR:PassengerStopAssignment:55210" version="1">
              <ScheduledStopPointRef ref="VTR:ScheduledStopPoint:55210" version="1"/>
              <QuayRef ref="VTR:Quay:20048"/>
            </PassengerStopAssignment>
            <PassengerStopAssignment order="180000004" id="VTR:PassengerStopAssignment:27268" version="1">
              <ScheduledStopPointRef ref="VTR:ScheduledStopPoint:27268" version="1"/>
              <QuayRef ref="VTR:Quay:13777"/>
            </PassengerStopAssignment>
            <PassengerStopAssignment order="180000008" id="VTR:PassengerStopAssignment:55211" version="1">
              <ScheduledStopPointRef ref="VTR:ScheduledStopPoint:55211" version="1"/>
              <QuayRef ref="VTR:Quay:21440"/>
            </PassengerStopAssignment>
            <PassengerStopAssignment order="180000010" id="VTR:PassengerStopAssignment:55213" version="1">
              <ScheduledStopPointRef ref="VTR:ScheduledStopPoint:55213" version="1"/>
              <QuayRef ref="VTR:Quay:21441"/>
            </PassengerStopAssignment>
            <PassengerStopAssignment order="180000012" id="VTR:PassengerStopAssignment:27269" version="1">
              <ScheduledStopPointRef ref="VTR:ScheduledStopPoint:27269" version="1"/>
              <QuayRef ref="VTR:Quay:19470"/>
            </PassengerStopAssignment>
          </stopAssignments>
          <journeyPatterns>
            <JourneyPattern id="VTR:JourneyPattern:45022" version="44983">
              <Name>4*X</Name>
              <RouteRef ref="VTR:Route:1800" version="1"/>
              <pointsInSequence>
                <StopPointInJourneyPattern id="VTR:StopPointInJourneyPattern:945784" version="44983" order="1">
                  <ScheduledStopPointRef ref="VTR:ScheduledStopPoint:27270"/>
                  <ForAlighting>false</ForAlighting>
                  <DestinationDisplayRef ref="VTR:DestinationDisplay:1"/>
                </StopPointInJourneyPattern>
                <StopPointInJourneyPattern id="VTR:StopPointInJourneyPattern:945785" version="44983" order="2">
                  <ScheduledStopPointRef ref="VTR:ScheduledStopPoint:55210"/>
                  <ForAlighting>false</ForAlighting>
                  <DestinationDisplayRef ref="VTR:DestinationDisplay:1"/>
                </StopPointInJourneyPattern>
                <StopPointInJourneyPattern id="VTR:StopPointInJourneyPattern:945786" version="44983" order="3">
                  <ScheduledStopPointRef ref="VTR:ScheduledStopPoint:27268"/>
                  <DestinationDisplayRef ref="VTR:DestinationDisplay:1"/>
                </StopPointInJourneyPattern>
                <StopPointInJourneyPattern id="VTR:StopPointInJourneyPattern:945787" version="44983" order="4">
                  <ScheduledStopPointRef ref="VTR:ScheduledStopPoint:55211"/>
                  <ForBoarding>false</ForBoarding>
                  <DestinationDisplayRef ref="VTR:DestinationDisplay:1"/>
                </StopPointInJourneyPattern>
                <StopPointInJourneyPattern id="VTR:StopPointInJourneyPattern:945788" version="44983" order="5">
                  <ScheduledStopPointRef ref="VTR:ScheduledStopPoint:55213"/>
                  <ForBoarding>false</ForBoarding>
                  <DestinationDisplayRef ref="VTR:DestinationDisplay:1"/>
                </StopPointInJourneyPattern>
                <StopPointInJourneyPattern id="VTR:StopPointInJourneyPattern:945789" version="44983" order="6">
                  <ScheduledStopPointRef ref="VTR:ScheduledStopPoint:27269"/>
                  <ForBoarding>false</ForBoarding>
                  <DestinationDisplayRef ref="VTR:DestinationDisplay:1"/>
                </StopPointInJourneyPattern>
              </pointsInSequence>
            </JourneyPattern>
            <JourneyPattern id="VTR:JourneyPattern:45021" version="44982">
              <Name>2*X</Name>
              <RouteRef ref="VTR:Route:1800" version="1"/>
              <pointsInSequence>
                <StopPointInJourneyPattern id="VTR:StopPointInJourneyPattern:945778" version="44982" order="1">
                  <ScheduledStopPointRef ref="VTR:ScheduledStopPoint:27270"/>
                  <ForAlighting>false</ForAlighting>
                  <DestinationDisplayRef ref="VTR:DestinationDisplay:1"/>
                </StopPointInJourneyPattern>
                <StopPointInJourneyPattern id="VTR:StopPointInJourneyPattern:945779" version="44982" order="2">
                  <ScheduledStopPointRef ref="VTR:ScheduledStopPoint:55210"/>
                  <ForAlighting>false</ForAlighting>
                  <DestinationDisplayRef ref="VTR:DestinationDisplay:1"/>
                </StopPointInJourneyPattern>
                <StopPointInJourneyPattern id="VTR:StopPointInJourneyPattern:945780" version="44982" order="3">
                  <ScheduledStopPointRef ref="VTR:ScheduledStopPoint:27268"/>
                  <DestinationDisplayRef ref="VTR:DestinationDisplay:1"/>
                </StopPointInJourneyPattern>
                <StopPointInJourneyPattern id="VTR:StopPointInJourneyPattern:945781" version="44982" order="4">
                  <ScheduledStopPointRef ref="VTR:ScheduledStopPoint:55211"/>
                  <ForBoarding>false</ForBoarding>
                  <DestinationDisplayRef ref="VTR:DestinationDisplay:1"/>
                </StopPointInJourneyPattern>
                <StopPointInJourneyPattern id="VTR:StopPointInJourneyPattern:945782" version="44982" order="5">
                  <ScheduledStopPointRef ref="VTR:ScheduledStopPoint:55213"/>
                  <ForBoarding>false</ForBoarding>
                  <DestinationDisplayRef ref="VTR:DestinationDisplay:1"/>
                </StopPointInJourneyPattern>
                <StopPointInJourneyPattern id="VTR:StopPointInJourneyPattern:945783" version="44982" order="6">
                  <ScheduledStopPointRef ref="VTR:ScheduledStopPoint:27269"/>
                  <ForBoarding>false</ForBoarding>
                  <DestinationDisplayRef ref="VTR:DestinationDisplay:1"/>
                </StopPointInJourneyPattern>
              </pointsInSequence>
            </JourneyPattern>
            <JourneyPattern id="VTR:JourneyPattern:45012" version="44973">
              <Name>1*X</Name>
              <RouteRef ref="VTR:Route:1778" version="1"/>
              <pointsInSequence>
                <StopPointInJourneyPattern id="VTR:StopPointInJourneyPattern:945584" version="44973" order="1">
                  <ScheduledStopPointRef ref="VTR:ScheduledStopPoint:26508"/>
                  <ForAlighting>false</ForAlighting>
                  <DestinationDisplayRef ref="VTR:DestinationDisplay:1"/>
                </StopPointInJourneyPattern>
                <StopPointInJourneyPattern id="VTR:StopPointInJourneyPattern:945585" version="44973" order="2">
                  <ScheduledStopPointRef ref="VTR:ScheduledStopPoint:55203"/>
                  <ForAlighting>false</ForAlighting>
                  <DestinationDisplayRef ref="VTR:DestinationDisplay:1"/>
                </StopPointInJourneyPattern>
                <StopPointInJourneyPattern id="VTR:StopPointInJourneyPattern:945586" version="44973" order="3">
                  <ScheduledStopPointRef ref="VTR:ScheduledStopPoint:26514"/>
                  <DestinationDisplayRef ref="VTR:DestinationDisplay:1"/>
                </StopPointInJourneyPattern>
                <StopPointInJourneyPattern id="VTR:StopPointInJourneyPattern:945587" version="44973" order="4">
                  <ScheduledStopPointRef ref="VTR:ScheduledStopPoint:55204"/>
                  <ForBoarding>false</ForBoarding>
                  <DestinationDisplayRef ref="VTR:DestinationDisplay:1"/>
                </StopPointInJourneyPattern>
                <StopPointInJourneyPattern id="VTR:StopPointInJourneyPattern:945588" version="44973" order="5">
                  <ScheduledStopPointRef ref="VTR:ScheduledStopPoint:55205"/>
                  <ForBoarding>false</ForBoarding>
                  <DestinationDisplayRef ref="VTR:DestinationDisplay:1"/>
                </StopPointInJourneyPattern>
              </pointsInSequence>
            </JourneyPattern>
          </journeyPatterns>
        </ServiceFrame>
        <TimetableFrame version="1" id="VTR:TimetableFrame:1149">
          <vehicleJourneys>
            <ServiceJourney version="44982" id="VTR:ServiceJourney:45021">
              <Name>Panevėžys - Kaunas</Name>
              <PrivateCode>2*X</PrivateCode>
              <dayTypes>
                <DayTypeRef ref="VTR:DayType:90"/>
              </dayTypes>
              <JourneyPatternRef version="44982" ref="VTR:JourneyPattern:45021"/>
              <OperatorRef ref="VTR:Operator:474"/>
              <LineRef ref="VTR:Line:450" version="435"/>
              <passingTimes>
                <TimetabledPassingTime version="44982" id="VTR:TimetabledPassingTime:45021_945778_1">
                  <StopPointInJourneyPatternRef ref="VTR:StopPointInJourneyPattern:945778" version="44982"/>
                  <DepartureTime>10:45:00</DepartureTime>
                  <DepartureDayOffset>0</DepartureDayOffset>
                </TimetabledPassingTime>
                <TimetabledPassingTime version="44982" id="VTR:TimetabledPassingTime:45021_945779_2">
                  <StopPointInJourneyPatternRef ref="VTR:StopPointInJourneyPattern:945779" version="44982"/>
                  <DepartureTime>10:50:00</DepartureTime>
                  <DepartureDayOffset>0</DepartureDayOffset>
                </TimetabledPassingTime>
                <TimetabledPassingTime version="44982" id="VTR:TimetabledPassingTime:45021_945780_3">
                  <StopPointInJourneyPatternRef ref="VTR:StopPointInJourneyPattern:945780" version="44982"/>
                  <DepartureTime>11:08:00</DepartureTime>
                  <DepartureDayOffset>0</DepartureDayOffset>
                </TimetabledPassingTime>
                <TimetabledPassingTime version="44982" id="VTR:TimetabledPassingTime:45021_945781_4">
                  <StopPointInJourneyPatternRef ref="VTR:StopPointInJourneyPattern:945781" version="44982"/>
                  <DepartureTime>12:05:00</DepartureTime>
                  <DepartureDayOffset>0</DepartureDayOffset>
                </TimetabledPassingTime>
                <TimetabledPassingTime version="44982" id="VTR:TimetabledPassingTime:45021_945782_5">
                  <StopPointInJourneyPatternRef ref="VTR:StopPointInJourneyPattern:945782" version="44982"/>
                  <DepartureTime>12:12:00</DepartureTime>
                  <DepartureDayOffset>0</DepartureDayOffset>
                </TimetabledPassingTime>
                <TimetabledPassingTime version="44982" id="VTR:TimetabledPassingTime:45021_945783_6">
                  <StopPointInJourneyPatternRef ref="VTR:StopPointInJourneyPattern:945783" version="44982"/>
                  <DepartureTime>12:20:00</DepartureTime>
                  <DepartureDayOffset>0</DepartureDayOffset>
                </TimetabledPassingTime>
              </passingTimes>
            </ServiceJourney>
            <ServiceJourney version="44973" id="VTR:ServiceJourney:45012">
              <Name>Kaunas- Panevėžys</Name>
              <PrivateCode>1*X</PrivateCode>
              <dayTypes>
                <DayTypeRef ref="VTR:DayType:90"/>
              </dayTypes>
              <JourneyPatternRef version="44973" ref="VTR:JourneyPattern:45012"/>
              <OperatorRef ref="VTR:Operator:474"/>
              <LineRef ref="VTR:Line:450" version="435"/>
              <passingTimes>
                <TimetabledPassingTime version="44973" id="VTR:TimetabledPassingTime:45012_945584_1">
                  <StopPointInJourneyPatternRef ref="VTR:StopPointInJourneyPattern:945584" version="44973"/>
                  <DepartureTime>13:25:00</DepartureTime>
                  <DepartureDayOffset>0</DepartureDayOffset>
                </TimetabledPassingTime>
                <TimetabledPassingTime version="44973" id="VTR:TimetabledPassingTime:45012_945585_2">
                  <StopPointInJourneyPatternRef ref="VTR:StopPointInJourneyPattern:945585" version="44973"/>
                  <DepartureTime>13:40:00</DepartureTime>
                  <DepartureDayOffset>0</DepartureDayOffset>
                </TimetabledPassingTime>
                <TimetabledPassingTime version="44973" id="VTR:TimetabledPassingTime:45012_945586_3">
                  <StopPointInJourneyPatternRef ref="VTR:StopPointInJourneyPattern:945586" version="44973"/>
                  <DepartureTime>14:37:00</DepartureTime>
                  <DepartureDayOffset>0</DepartureDayOffset>
                </TimetabledPassingTime>
                <TimetabledPassingTime version="44973" id="VTR:TimetabledPassingTime:45012_945587_4">
                  <StopPointInJourneyPatternRef ref="VTR:StopPointInJourneyPattern:945587" version="44973"/>
                  <DepartureTime>14:55:00</DepartureTime>
                  <DepartureDayOffset>0</DepartureDayOffset>
                </TimetabledPassingTime>
                <TimetabledPassingTime version="44973" id="VTR:TimetabledPassingTime:45012_945588_5">
                  <StopPointInJourneyPatternRef ref="VTR:StopPointInJourneyPattern:945588" version="44973"/>
                  <DepartureTime>15:10:00</DepartureTime>
                  <DepartureDayOffset>0</DepartureDayOffset>
                </TimetabledPassingTime>
              </passingTimes>
            </ServiceJourney>
            <ServiceJourney version="44983" id="VTR:ServiceJourney:45022">
              <Name>Panevėžys - Kaunas</Name>
              <PrivateCode>4*X</PrivateCode>
              <dayTypes>
                <DayTypeRef ref="VTR:DayType:90"/>
              </dayTypes>
              <JourneyPatternRef version="44983" ref="VTR:JourneyPattern:45022"/>
              <OperatorRef ref="VTR:Operator:474"/>
              <LineRef ref="VTR:Line:450" version="435"/>
              <passingTimes>
                <TimetabledPassingTime version="44983" id="VTR:TimetabledPassingTime:45022_945784_1">
                  <StopPointInJourneyPatternRef ref="VTR:StopPointInJourneyPattern:945784" version="44983"/>
                  <DepartureTime>17:30:00</DepartureTime>
                  <DepartureDayOffset>0</DepartureDayOffset>
                </TimetabledPassingTime>
                <TimetabledPassingTime version="44983" id="VTR:TimetabledPassingTime:45022_945785_2">
                  <StopPointInJourneyPatternRef ref="VTR:StopPointInJourneyPattern:945785" version="44983"/>
                  <DepartureTime>17:35:00</DepartureTime>
                  <DepartureDayOffset>0</DepartureDayOffset>
                </TimetabledPassingTime>
                <TimetabledPassingTime version="44983" id="VTR:TimetabledPassingTime:45022_945786_3">
                  <StopPointInJourneyPatternRef ref="VTR:StopPointInJourneyPattern:945786" version="44983"/>
                  <DepartureTime>17:53:00</DepartureTime>
                  <DepartureDayOffset>0</DepartureDayOffset>
                </TimetabledPassingTime>
                <TimetabledPassingTime version="44983" id="VTR:TimetabledPassingTime:45022_945787_4">
                  <StopPointInJourneyPatternRef ref="VTR:StopPointInJourneyPattern:945787" version="44983"/>
                  <DepartureTime>18:50:00</DepartureTime>
                  <DepartureDayOffset>0</DepartureDayOffset>
                </TimetabledPassingTime>
                <TimetabledPassingTime version="44983" id="VTR:TimetabledPassingTime:45022_945788_5">
                  <StopPointInJourneyPatternRef ref="VTR:StopPointInJourneyPattern:945788" version="44983"/>
                  <DepartureTime>18:57:00</DepartureTime>
                  <DepartureDayOffset>0</DepartureDayOffset>
                </TimetabledPassingTime>
                <TimetabledPassingTime version="44983" id="VTR:TimetabledPassingTime:45022_945789_6">
                  <StopPointInJourneyPatternRef ref="VTR:StopPointInJourneyPattern:945789" version="44983"/>
                  <DepartureTime>19:05:00</DepartureTime>
                  <DepartureDayOffset>0</DepartureDayOffset>
                </TimetabledPassingTime>
              </passingTimes>
            </ServiceJourney>
          </vehicleJourneys>
        </TimetableFrame>
        <ResourceFrame version="1" id="VTR:ResourceFrame:1149">
          <organisations>
            <Authority version="1" id="VTR:Authority:2">
              <CompanyNumber>188647255</CompanyNumber>
              <Name>LTSA</Name>
              <LegalName>Lietuvos transporto saugos administracija</LegalName>
              <ContactDetails>
                <Email>ltsa@ltsa.lrv.lt</Email>
                <Phone>8 5  278 5602</Phone>
                <Url>www.ltsa.lrv.lt</Url>
              </ContactDetails>
              <OrganisationType>authority</OrganisationType>
            </Authority>
          </organisations>
        </ResourceFrame>
        <FareFrame id="VTR:FareFrame:450" version="1">
          <FrameDefaults>
            <DefaultCurrency>EUR</DefaultCurrency>
          </FrameDefaults>
          <fareStructureElements>
            <FareStructureElement id="VTR:FareStructureElement:pricematrix" version="1">
              <distanceMatrixElements>
                <DistanceMatrixElementRef ref="VTR:DistanceMatrixElement:945786to945789" version="1"/>
                <DistanceMatrixElementRef ref="VTR:DistanceMatrixElement:945778to945779" version="1"/>
                <DistanceMatrixElementRef ref="VTR:DistanceMatrixElement:945584to945587" version="1"/>
                <DistanceMatrixElementRef ref="VTR:DistanceMatrixElement:945785to945789" version="1"/>
                <DistanceMatrixElementRef ref="VTR:DistanceMatrixElement:945786to945788" version="1"/>
                <DistanceMatrixElementRef ref="VTR:DistanceMatrixElement:945784to945785" version="1"/>
                <DistanceMatrixElementRef ref="VTR:DistanceMatrixElement:945778to945780" version="1"/>
                <DistanceMatrixElementRef ref="VTR:DistanceMatrixElement:945778to945782" version="1"/>
                <DistanceMatrixElementRef ref="VTR:DistanceMatrixElement:945585to945586" version="1"/>
                <DistanceMatrixElementRef ref="VTR:DistanceMatrixElement:945585to945588" version="1"/>
                <DistanceMatrixElementRef ref="VTR:DistanceMatrixElement:945587to945588" version="1"/>
                <DistanceMatrixElementRef ref="VTR:DistanceMatrixElement:945785to945787" version="1"/>
                <DistanceMatrixElementRef ref="VTR:DistanceMatrixElement:945785to945788" version="1"/>
                <DistanceMatrixElementRef ref="VTR:DistanceMatrixElement:945780to945781" version="1"/>
                <DistanceMatrixElementRef ref="VTR:DistanceMatrixElement:945584to945586" version="1"/>
                <DistanceMatrixElementRef ref="VTR:DistanceMatrixElement:945584to945588" version="1"/>
                <DistanceMatrixElementRef ref="VTR:DistanceMatrixElement:945585to945587" version="1"/>
                <DistanceMatrixElementRef ref="VTR:DistanceMatrixElement:945785to945786" version="1"/>
                <DistanceMatrixElementRef ref="VTR:DistanceMatrixElement:945787to945789" version="1"/>
                <DistanceMatrixElementRef ref="VTR:DistanceMatrixElement:945779to945780" version="1"/>
                <DistanceMatrixElementRef ref="VTR:DistanceMatrixElement:945779to945783" version="1"/>
                <DistanceMatrixElementRef ref="VTR:DistanceMatrixElement:945786to945787" version="1"/>
                <DistanceMatrixElementRef ref="VTR:DistanceMatrixElement:945784to945786" version="1"/>
                <DistanceMatrixElementRef ref="VTR:DistanceMatrixElement:945778to945781" version="1"/>
                <DistanceMatrixElementRef ref="VTR:DistanceMatrixElement:945787to945788" version="1"/>
                <DistanceMatrixElementRef ref="VTR:DistanceMatrixElement:945784to945789" version="1"/>
                <DistanceMatrixElementRef ref="VTR:DistanceMatrixElement:945778to945783" version="1"/>
                <DistanceMatrixElementRef ref="VTR:DistanceMatrixElement:945780to945783" version="1"/>
                <DistanceMatrixElementRef ref="VTR:DistanceMatrixElement:945781to945782" version="1"/>
                <DistanceMatrixElementRef ref="VTR:DistanceMatrixElement:945781to945783" version="1"/>
                <DistanceMatrixElementRef ref="VTR:DistanceMatrixElement:945782to945783" version="1"/>
                <DistanceMatrixElementRef ref="VTR:DistanceMatrixElement:945586to945588" version="1"/>
                <DistanceMatrixElementRef ref="VTR:DistanceMatrixElement:945784to945788" version="1"/>
                <DistanceMatrixElementRef ref="VTR:DistanceMatrixElement:945779to945781" version="1"/>
                <DistanceMatrixElementRef ref="VTR:DistanceMatrixElement:945779to945782" version="1"/>
                <DistanceMatrixElementRef ref="VTR:DistanceMatrixElement:945780to945782" version="1"/>
                <DistanceMatrixElementRef ref="VTR:DistanceMatrixElement:945586to945587" version="1"/>
                <DistanceMatrixElementRef ref="VTR:DistanceMatrixElement:945788to945789" version="1"/>
                <DistanceMatrixElementRef ref="VTR:DistanceMatrixElement:945784to945787" version="1"/>
                <DistanceMatrixElementRef ref="VTR:DistanceMatrixElement:945584to945585" version="1"/>
              </distanceMatrixElements>
            </FareStructureElement>
          </fareStructureElements>
          <tariffs>
            <Tariff id="VTR:Tariff:pointToPointInSeparateJourney_450" version="1">
              <Name>Point to point tariff</Name>
              <distanceMatrixElements>
                <DistanceMatrixElement id="VTR:DistanceMatrixElement:945786to945789" version="1">
                  <Name>Ramygala to Kauno autobusų stotis</Name>
                  <StartStopPointRef ref="VTR:ScheduledStopPoint:27268" version="1"/>
                  <EndStopPointRef ref="VTR:ScheduledStopPoint:27269" version="1"/>
                  <prices>
                    <DistanceMatrixElementPrice id="VTR:DistanceMatrixElementPrice:945786to945789" version="1">
                      <Amount>6.5</Amount>
                      <DistanceMatrixElementRef ref="VTR:DistanceMatrixElement:945786to945789" version="1"/>
                    </DistanceMatrixElementPrice>
                  </prices>
                </DistanceMatrixElement>
                <DistanceMatrixElement id="VTR:DistanceMatrixElement:945778to945779" version="1">
                  <Name>Panevėžio autobusų stotis to Autobusų parkas</Name>
                  <StartStopPointRef ref="VTR:ScheduledStopPoint:27270" version="1"/>
                  <EndStopPointRef ref="VTR:ScheduledStopPoint:55210" version="1"/>
                  <prices>
                    <DistanceMatrixElementPrice id="VTR:DistanceMatrixElementPrice:945778to945779" version="1">
                      <Amount>0.0</Amount>
                      <DistanceMatrixElementRef ref="VTR:DistanceMatrixElement:945778to945779" version="1"/>
                    </DistanceMatrixElementPrice>
                  </prices>
                </DistanceMatrixElement>
                <DistanceMatrixElement id="VTR:DistanceMatrixElement:945584to945587" version="1">
                  <Name>Kauno autobusų stotis to Autobusų parkas</Name>
                  <StartStopPointRef ref="VTR:ScheduledStopPoint:26508" version="1"/>
                  <EndStopPointRef ref="VTR:ScheduledStopPoint:55204" version="1"/>
                  <prices>
                    <DistanceMatrixElementPrice id="VTR:DistanceMatrixElementPrice:945584to945587" version="1">
                      <Amount>7.8</Amount>
                      <DistanceMatrixElementRef ref="VTR:DistanceMatrixElement:945584to945587" version="1"/>
                    </DistanceMatrixElementPrice>
                  </prices>
                </DistanceMatrixElement>
                <DistanceMatrixElement id="VTR:DistanceMatrixElement:945785to945789" version="1">
                  <Name>Autobusų parkas to Kauno autobusų stotis</Name>
                  <StartStopPointRef ref="VTR:ScheduledStopPoint:55210" version="1"/>
                  <EndStopPointRef ref="VTR:ScheduledStopPoint:27269" version="1"/>
                  <prices>
                    <DistanceMatrixElementPrice id="VTR:DistanceMatrixElementPrice:945785to945789" version="1">
                      <Amount>7.8</Amount>
                      <DistanceMatrixElementRef ref="VTR:DistanceMatrixElement:945785to945789" version="1"/>
                    </DistanceMatrixElementPrice>
                  </prices>
                </DistanceMatrixElement>
                <DistanceMatrixElement id="VTR:DistanceMatrixElement:945786to945788" version="1">
                  <Name>Ramygala to Kauno pilis</Name>
                  <StartStopPointRef ref="VTR:ScheduledStopPoint:27268" version="1"/>
                  <EndStopPointRef ref="VTR:ScheduledStopPoint:55213" version="1"/>
                  <prices>
                    <DistanceMatrixElementPrice id="VTR:DistanceMatrixElementPrice:945786to945788" version="1">
                      <Amount>6.5</Amount>
                      <DistanceMatrixElementRef ref="VTR:DistanceMatrixElement:945786to945788" version="1"/>
                    </DistanceMatrixElementPrice>
                  </prices>
                </DistanceMatrixElement>
                <DistanceMatrixElement id="VTR:DistanceMatrixElement:945784to945785" version="1">
                  <Name>Panevėžio autobusų stotis to Autobusų parkas</Name>
                  <StartStopPointRef ref="VTR:ScheduledStopPoint:27270" version="1"/>
                  <EndStopPointRef ref="VTR:ScheduledStopPoint:55210" version="1"/>
                  <prices>
                    <DistanceMatrixElementPrice id="VTR:DistanceMatrixElementPrice:945784to945785" version="1">
                      <Amount>0.0</Amount>
                      <DistanceMatrixElementRef ref="VTR:DistanceMatrixElement:945784to945785" version="1"/>
                    </DistanceMatrixElementPrice>
                  </prices>
                </DistanceMatrixElement>
                <DistanceMatrixElement id="VTR:DistanceMatrixElement:945778to945780" version="1">
                  <Name>Panevėžio autobusų stotis to Ramygala</Name>
                  <StartStopPointRef ref="VTR:ScheduledStopPoint:27270" version="1"/>
                  <EndStopPointRef ref="VTR:ScheduledStopPoint:27268" version="1"/>
                  <prices>
                    <DistanceMatrixElementPrice id="VTR:DistanceMatrixElementPrice:945778to945780" version="1">
                      <Amount>1.9</Amount>
                      <DistanceMatrixElementRef ref="VTR:DistanceMatrixElement:945778to945780" version="1"/>
                    </DistanceMatrixElementPrice>
                  </prices>
                </DistanceMatrixElement>
                <DistanceMatrixElement id="VTR:DistanceMatrixElement:945778to945782" version="1">
                  <Name>Panevėžio autobusų stotis to Kauno pilis</Name>
                  <StartStopPointRef ref="VTR:ScheduledStopPoint:27270" version="1"/>
                  <EndStopPointRef ref="VTR:ScheduledStopPoint:55213" version="1"/>
                  <prices>
                    <DistanceMatrixElementPrice id="VTR:DistanceMatrixElementPrice:945778to945782" version="1">
                      <Amount>7.8</Amount>
                      <DistanceMatrixElementRef ref="VTR:DistanceMatrixElement:945778to945782" version="1"/>
                    </DistanceMatrixElementPrice>
                  </prices>
                </DistanceMatrixElement>
                <DistanceMatrixElement id="VTR:DistanceMatrixElement:945585to945586" version="1">
                  <Name>Šilainių poliklinika to Ramygala</Name>
                  <StartStopPointRef ref="VTR:ScheduledStopPoint:55203" version="1"/>
                  <EndStopPointRef ref="VTR:ScheduledStopPoint:26514" version="1"/>
                  <prices>
                    <DistanceMatrixElementPrice id="VTR:DistanceMatrixElementPrice:945585to945586" version="1">
                      <Amount>6.5</Amount>
                      <DistanceMatrixElementRef ref="VTR:DistanceMatrixElement:945585to945586" version="1"/>
                    </DistanceMatrixElementPrice>
                  </prices>
                </DistanceMatrixElement>
                <DistanceMatrixElement id="VTR:DistanceMatrixElement:945585to945588" version="1">
                  <Name>Šilainių poliklinika to Panevėžio autobusų stotis</Name>
                  <StartStopPointRef ref="VTR:ScheduledStopPoint:55203" version="1"/>
                  <EndStopPointRef ref="VTR:ScheduledStopPoint:55205" version="1"/>
                  <prices>
                    <DistanceMatrixElementPrice id="VTR:DistanceMatrixElementPrice:945585to945588" version="1">
                      <Amount>7.8</Amount>
                      <DistanceMatrixElementRef ref="VTR:DistanceMatrixElement:945585to945588" version="1"/>
                    </DistanceMatrixElementPrice>
                  </prices>
                </DistanceMatrixElement>
                <DistanceMatrixElement id="VTR:DistanceMatrixElement:945587to945588" version="1">
                  <Name>Autobusų parkas to Panevėžio autobusų stotis</Name>
                  <StartStopPointRef ref="VTR:ScheduledStopPoint:55204" version="1"/>
                  <EndStopPointRef ref="VTR:ScheduledStopPoint:55205" version="1"/>
                  <prices>
                    <DistanceMatrixElementPrice id="VTR:DistanceMatrixElementPrice:945587to945588" version="1">
                      <Amount>0.0</Amount>
                      <DistanceMatrixElementRef ref="VTR:DistanceMatrixElement:945587to945588" version="1"/>
                    </DistanceMatrixElementPrice>
                  </prices>
                </DistanceMatrixElement>
                <DistanceMatrixElement id="VTR:DistanceMatrixElement:945785to945787" version="1">
                  <Name>Autobusų parkas to Šilainių poliklinika</Name>
                  <StartStopPointRef ref="VTR:ScheduledStopPoint:55210" version="1"/>
                  <EndStopPointRef ref="VTR:ScheduledStopPoint:55211" version="1"/>
                  <prices>
                    <DistanceMatrixElementPrice id="VTR:DistanceMatrixElementPrice:945785to945787" version="1">
                      <Amount>7.8</Amount>
                      <DistanceMatrixElementRef ref="VTR:DistanceMatrixElement:945785to945787" version="1"/>
                    </DistanceMatrixElementPrice>
                  </prices>
                </DistanceMatrixElement>
                <DistanceMatrixElement id="VTR:DistanceMatrixElement:945785to945788" version="1">
                  <Name>Autobusų parkas to Kauno pilis</Name>
                  <StartStopPointRef ref="VTR:ScheduledStopPoint:55210" version="1"/>
                  <EndStopPointRef ref="VTR:ScheduledStopPoint:55213" version="1"/>
                  <prices>
                    <DistanceMatrixElementPrice id="VTR:DistanceMatrixElementPrice:945785to945788" version="1">
                      <Amount>7.8</Amount>
                      <DistanceMatrixElementRef ref="VTR:DistanceMatrixElement:945785to945788" version="1"/>
                    </DistanceMatrixElementPrice>
                  </prices>
                </DistanceMatrixElement>
                <DistanceMatrixElement id="VTR:DistanceMatrixElement:945780to945781" version="1">
                  <Name>Ramygala to Šilainių poliklinika</Name>
                  <StartStopPointRef ref="VTR:ScheduledStopPoint:27268" version="1"/>
                  <EndStopPointRef ref="VTR:ScheduledStopPoint:55211" version="1"/>
                  <prices>
                    <DistanceMatrixElementPrice id="VTR:DistanceMatrixElementPrice:945780to945781" version="1">
                      <Amount>6.5</Amount>
                      <DistanceMatrixElementRef ref="VTR:DistanceMatrixElement:945780to945781" version="1"/>
                    </DistanceMatrixElementPrice>
                  </prices>
                </DistanceMatrixElement>
                <DistanceMatrixElement id="VTR:DistanceMatrixElement:945584to945586" version="1">
                  <Name>Kauno autobusų stotis to Ramygala</Name>
                  <StartStopPointRef ref="VTR:ScheduledStopPoint:26508" version="1"/>
                  <EndStopPointRef ref="VTR:ScheduledStopPoint:26514" version="1"/>
                  <prices>
                    <DistanceMatrixElementPrice id="VTR:DistanceMatrixElementPrice:945584to945586" version="1">
                      <Amount>6.5</Amount>
                      <DistanceMatrixElementRef ref="VTR:DistanceMatrixElement:945584to945586" version="1"/>
                    </DistanceMatrixElementPrice>
                  </prices>
                </DistanceMatrixElement>
                <DistanceMatrixElement id="VTR:DistanceMatrixElement:945584to945588" version="1">
                  <Name>Kauno autobusų stotis to Panevėžio autobusų stotis</Name>
                  <StartStopPointRef ref="VTR:ScheduledStopPoint:26508" version="1"/>
                  <EndStopPointRef ref="VTR:ScheduledStopPoint:55205" version="1"/>
                  <prices>
                    <DistanceMatrixElementPrice id="VTR:DistanceMatrixElementPrice:945584to945588" version="1">
                      <Amount>7.8</Amount>
                      <DistanceMatrixElementRef ref="VTR:DistanceMatrixElement:945584to945588" version="1"/>
                    </DistanceMatrixElementPrice>
                  </prices>
                </DistanceMatrixElement>
                <DistanceMatrixElement id="VTR:DistanceMatrixElement:945585to945587" version="1">
                  <Name>Šilainių poliklinika to Autobusų parkas</Name>
                  <StartStopPointRef ref="VTR:ScheduledStopPoint:55203" version="1"/>
                  <EndStopPointRef ref="VTR:ScheduledStopPoint:55204" version="1"/>
                  <prices>
                    <DistanceMatrixElementPrice id="VTR:DistanceMatrixElementPrice:945585to945587" version="1">
                      <Amount>7.8</Amount>
                      <DistanceMatrixElementRef ref="VTR:DistanceMatrixElement:945585to945587" version="1"/>
                    </DistanceMatrixElementPrice>
                  </prices>
                </DistanceMatrixElement>
                <DistanceMatrixElement id="VTR:DistanceMatrixElement:945785to945786" version="1">
                  <Name>Autobusų parkas to Ramygala</Name>
                  <StartStopPointRef ref="VTR:ScheduledStopPoint:55210" version="1"/>
                  <EndStopPointRef ref="VTR:ScheduledStopPoint:27268" version="1"/>
                  <prices>
                    <DistanceMatrixElementPrice id="VTR:DistanceMatrixElementPrice:945785to945786" version="1">
                      <Amount>1.9</Amount>
                      <DistanceMatrixElementRef ref="VTR:DistanceMatrixElement:945785to945786" version="1"/>
                    </DistanceMatrixElementPrice>
                  </prices>
                </DistanceMatrixElement>
                <DistanceMatrixElement id="VTR:DistanceMatrixElement:945787to945789" version="1">
                  <Name>Šilainių poliklinika to Kauno autobusų stotis</Name>
                  <StartStopPointRef ref="VTR:ScheduledStopPoint:55211" version="1"/>
                  <EndStopPointRef ref="VTR:ScheduledStopPoint:27269" version="1"/>
                  <prices>
                    <DistanceMatrixElementPrice id="VTR:DistanceMatrixElementPrice:945787to945789" version="1">
                      <Amount>0.0</Amount>
                      <DistanceMatrixElementRef ref="VTR:DistanceMatrixElement:945787to945789" version="1"/>
                    </DistanceMatrixElementPrice>
                  </prices>
                </DistanceMatrixElement>
                <DistanceMatrixElement id="VTR:DistanceMatrixElement:945779to945780" version="1">
                  <Name>Autobusų parkas to Ramygala</Name>
                  <StartStopPointRef ref="VTR:ScheduledStopPoint:55210" version="1"/>
                  <EndStopPointRef ref="VTR:ScheduledStopPoint:27268" version="1"/>
                  <prices>
                    <DistanceMatrixElementPrice id="VTR:DistanceMatrixElementPrice:945779to945780" version="1">
                      <Amount>1.9</Amount>
                      <DistanceMatrixElementRef ref="VTR:DistanceMatrixElement:945779to945780" version="1"/>
                    </DistanceMatrixElementPrice>
                  </prices>
                </DistanceMatrixElement>
                <DistanceMatrixElement id="VTR:DistanceMatrixElement:945779to945783" version="1">
                  <Name>Autobusų parkas to Kauno autobusų stotis</Name>
                  <StartStopPointRef ref="VTR:ScheduledStopPoint:55210" version="1"/>
                  <EndStopPointRef ref="VTR:ScheduledStopPoint:27269" version="1"/>
                  <prices>
                    <DistanceMatrixElementPrice id="VTR:DistanceMatrixElementPrice:945779to945783" version="1">
                      <Amount>7.8</Amount>
                      <DistanceMatrixElementRef ref="VTR:DistanceMatrixElement:945779to945783" version="1"/>
                    </DistanceMatrixElementPrice>
                  </prices>
                </DistanceMatrixElement>
                <DistanceMatrixElement id="VTR:DistanceMatrixElement:945786to945787" version="1">
                  <Name>Ramygala to Šilainių poliklinika</Name>
                  <StartStopPointRef ref="VTR:ScheduledStopPoint:27268" version="1"/>
                  <EndStopPointRef ref="VTR:ScheduledStopPoint:55211" version="1"/>
                  <prices>
                    <DistanceMatrixElementPrice id="VTR:DistanceMatrixElementPrice:945786to945787" version="1">
                      <Amount>6.5</Amount>
                      <DistanceMatrixElementRef ref="VTR:DistanceMatrixElement:945786to945787" version="1"/>
                    </DistanceMatrixElementPrice>
                  </prices>
                </DistanceMatrixElement>
                <DistanceMatrixElement id="VTR:DistanceMatrixElement:945784to945786" version="1">
                  <Name>Panevėžio autobusų stotis to Ramygala</Name>
                  <StartStopPointRef ref="VTR:ScheduledStopPoint:27270" version="1"/>
                  <EndStopPointRef ref="VTR:ScheduledStopPoint:27268" version="1"/>
                  <prices>
                    <DistanceMatrixElementPrice id="VTR:DistanceMatrixElementPrice:945784to945786" version="1">
                      <Amount>1.9</Amount>
                      <DistanceMatrixElementRef ref="VTR:DistanceMatrixElement:945784to945786" version="1"/>
                    </DistanceMatrixElementPrice>
                  </prices>
                </DistanceMatrixElement>
                <DistanceMatrixElement id="VTR:DistanceMatrixElement:945778to945781" version="1">
                  <Name>Panevėžio autobusų stotis to Šilainių poliklinika</Name>
                  <StartStopPointRef ref="VTR:ScheduledStopPoint:27270" version="1"/>
                  <EndStopPointRef ref="VTR:ScheduledStopPoint:55211" version="1"/>
                  <prices>
                    <DistanceMatrixElementPrice id="VTR:DistanceMatrixElementPrice:945778to945781" version="1">
                      <Amount>7.8</Amount>
                      <DistanceMatrixElementRef ref="VTR:DistanceMatrixElement:945778to945781" version="1"/>
                    </DistanceMatrixElementPrice>
                  </prices>
                </DistanceMatrixElement>
                <DistanceMatrixElement id="VTR:DistanceMatrixElement:945787to945788" version="1">
                  <Name>Šilainių poliklinika to Kauno pilis</Name>
                  <StartStopPointRef ref="VTR:ScheduledStopPoint:55211" version="1"/>
                  <EndStopPointRef ref="VTR:ScheduledStopPoint:55213" version="1"/>
                  <prices>
                    <DistanceMatrixElementPrice id="VTR:DistanceMatrixElementPrice:945787to945788" version="1">
                      <Amount>0.0</Amount>
                      <DistanceMatrixElementRef ref="VTR:DistanceMatrixElement:945787to945788" version="1"/>
                    </DistanceMatrixElementPrice>
                  </prices>
                </DistanceMatrixElement>
                <DistanceMatrixElement id="VTR:DistanceMatrixElement:945784to945789" version="1">
                  <Name>Panevėžio autobusų stotis to Kauno autobusų stotis</Name>
                  <StartStopPointRef ref="VTR:ScheduledStopPoint:27270" version="1"/>
                  <EndStopPointRef ref="VTR:ScheduledStopPoint:27269" version="1"/>
                  <prices>
                    <DistanceMatrixElementPrice id="VTR:DistanceMatrixElementPrice:945784to945789" version="1">
                      <Amount>7.8</Amount>
                      <DistanceMatrixElementRef ref="VTR:DistanceMatrixElement:945784to945789" version="1"/>
                    </DistanceMatrixElementPrice>
                  </prices>
                </DistanceMatrixElement>
                <DistanceMatrixElement id="VTR:DistanceMatrixElement:945778to945783" version="1">
                  <Name>Panevėžio autobusų stotis to Kauno autobusų stotis</Name>
                  <StartStopPointRef ref="VTR:ScheduledStopPoint:27270" version="1"/>
                  <EndStopPointRef ref="VTR:ScheduledStopPoint:27269" version="1"/>
                  <prices>
                    <DistanceMatrixElementPrice id="VTR:DistanceMatrixElementPrice:945778to945783" version="1">
                      <Amount>7.8</Amount>
                      <DistanceMatrixElementRef ref="VTR:DistanceMatrixElement:945778to945783" version="1"/>
                    </DistanceMatrixElementPrice>
                  </prices>
                </DistanceMatrixElement>
                <DistanceMatrixElement id="VTR:DistanceMatrixElement:945780to945783" version="1">
                  <Name>Ramygala to Kauno autobusų stotis</Name>
                  <StartStopPointRef ref="VTR:ScheduledStopPoint:27268" version="1"/>
                  <EndStopPointRef ref="VTR:ScheduledStopPoint:27269" version="1"/>
                  <prices>
                    <DistanceMatrixElementPrice id="VTR:DistanceMatrixElementPrice:945780to945783" version="1">
                      <Amount>6.5</Amount>
                      <DistanceMatrixElementRef ref="VTR:DistanceMatrixElement:945780to945783" version="1"/>
                    </DistanceMatrixElementPrice>
                  </prices>
                </DistanceMatrixElement>
                <DistanceMatrixElement id="VTR:DistanceMatrixElement:945781to945782" version="1">
                  <Name>Šilainių poliklinika to Kauno pilis</Name>
                  <StartStopPointRef ref="VTR:ScheduledStopPoint:55211" version="1"/>
                  <EndStopPointRef ref="VTR:ScheduledStopPoint:55213" version="1"/>
                  <prices>
                    <DistanceMatrixElementPrice id="VTR:DistanceMatrixElementPrice:945781to945782" version="1">
                      <Amount>0.0</Amount>
                      <DistanceMatrixElementRef ref="VTR:DistanceMatrixElement:945781to945782" version="1"/>
                    </DistanceMatrixElementPrice>
                  </prices>
                </DistanceMatrixElement>
                <DistanceMatrixElement id="VTR:DistanceMatrixElement:945781to945783" version="1">
                  <Name>Šilainių poliklinika to Kauno autobusų stotis</Name>
                  <StartStopPointRef ref="VTR:ScheduledStopPoint:55211" version="1"/>
                  <EndStopPointRef ref="VTR:ScheduledStopPoint:27269" version="1"/>
                  <prices>
                    <DistanceMatrixElementPrice id="VTR:DistanceMatrixElementPrice:945781to945783" version="1">
                      <Amount>0.0</Amount>
                      <DistanceMatrixElementRef ref="VTR:DistanceMatrixElement:945781to945783" version="1"/>
                    </DistanceMatrixElementPrice>
                  </prices>
                </DistanceMatrixElement>
                <DistanceMatrixElement id="VTR:DistanceMatrixElement:945782to945783" version="1">
                  <Name>Kauno pilis to Kauno autobusų stotis</Name>
                  <StartStopPointRef ref="VTR:ScheduledStopPoint:55213" version="1"/>
                  <EndStopPointRef ref="VTR:ScheduledStopPoint:27269" version="1"/>
                  <prices>
                    <DistanceMatrixElementPrice id="VTR:DistanceMatrixElementPrice:945782to945783" version="1">
                      <Amount>0.0</Amount>
                      <DistanceMatrixElementRef ref="VTR:DistanceMatrixElement:945782to945783" version="1"/>
                    </DistanceMatrixElementPrice>
                  </prices>
                </DistanceMatrixElement>
                <DistanceMatrixElement id="VTR:DistanceMatrixElement:945586to945588" version="1">
                  <Name>Ramygala to Panevėžio autobusų stotis</Name>
                  <StartStopPointRef ref="VTR:ScheduledStopPoint:26514" version="1"/>
                  <EndStopPointRef ref="VTR:ScheduledStopPoint:55205" version="1"/>
                  <prices>
                    <DistanceMatrixElementPrice id="VTR:DistanceMatrixElementPrice:945586to945588" version="1">
                      <Amount>1.9</Amount>
                      <DistanceMatrixElementRef ref="VTR:DistanceMatrixElement:945586to945588" version="1"/>
                    </DistanceMatrixElementPrice>
                  </prices>
                </DistanceMatrixElement>
                <DistanceMatrixElement id="VTR:DistanceMatrixElement:945784to945788" version="1">
                  <Name>Panevėžio autobusų stotis to Kauno pilis</Name>
                  <StartStopPointRef ref="VTR:ScheduledStopPoint:27270" version="1"/>
                  <EndStopPointRef ref="VTR:ScheduledStopPoint:55213" version="1"/>
                  <prices>
                    <DistanceMatrixElementPrice id="VTR:DistanceMatrixElementPrice:945784to945788" version="1">
                      <Amount>7.8</Amount>
                      <DistanceMatrixElementRef ref="VTR:DistanceMatrixElement:945784to945788" version="1"/>
                    </DistanceMatrixElementPrice>
                  </prices>
                </DistanceMatrixElement>
                <DistanceMatrixElement id="VTR:DistanceMatrixElement:945779to945781" version="1">
                  <Name>Autobusų parkas to Šilainių poliklinika</Name>
                  <StartStopPointRef ref="VTR:ScheduledStopPoint:55210" version="1"/>
                  <EndStopPointRef ref="VTR:ScheduledStopPoint:55211" version="1"/>
                  <prices>
                    <DistanceMatrixElementPrice id="VTR:DistanceMatrixElementPrice:945779to945781" version="1">
                      <Amount>7.8</Amount>
                      <DistanceMatrixElementRef ref="VTR:DistanceMatrixElement:945779to945781" version="1"/>
                    </DistanceMatrixElementPrice>
                  </prices>
                </DistanceMatrixElement>
                <DistanceMatrixElement id="VTR:DistanceMatrixElement:945779to945782" version="1">
                  <Name>Autobusų parkas to Kauno pilis</Name>
                  <StartStopPointRef ref="VTR:ScheduledStopPoint:55210" version="1"/>
                  <EndStopPointRef ref="VTR:ScheduledStopPoint:55213" version="1"/>
                  <prices>
                    <DistanceMatrixElementPrice id="VTR:DistanceMatrixElementPrice:945779to945782" version="1">
                      <Amount>7.8</Amount>
                      <DistanceMatrixElementRef ref="VTR:DistanceMatrixElement:945779to945782" version="1"/>
                    </DistanceMatrixElementPrice>
                  </prices>
                </DistanceMatrixElement>
                <DistanceMatrixElement id="VTR:DistanceMatrixElement:945780to945782" version="1">
                  <Name>Ramygala to Kauno pilis</Name>
                  <StartStopPointRef ref="VTR:ScheduledStopPoint:27268" version="1"/>
                  <EndStopPointRef ref="VTR:ScheduledStopPoint:55213" version="1"/>
                  <prices>
                    <DistanceMatrixElementPrice id="VTR:DistanceMatrixElementPrice:945780to945782" version="1">
                      <Amount>6.5</Amount>
                      <DistanceMatrixElementRef ref="VTR:DistanceMatrixElement:945780to945782" version="1"/>
                    </DistanceMatrixElementPrice>
                  </prices>
                </DistanceMatrixElement>
                <DistanceMatrixElement id="VTR:DistanceMatrixElement:945586to945587" version="1">
                  <Name>Ramygala to Autobusų parkas</Name>
                  <StartStopPointRef ref="VTR:ScheduledStopPoint:26514" version="1"/>
                  <EndStopPointRef ref="VTR:ScheduledStopPoint:55204" version="1"/>
                  <prices>
                    <DistanceMatrixElementPrice id="VTR:DistanceMatrixElementPrice:945586to945587" version="1">
                      <Amount>1.9</Amount>
                      <DistanceMatrixElementRef ref="VTR:DistanceMatrixElement:945586to945587" version="1"/>
                    </DistanceMatrixElementPrice>
                  </prices>
                </DistanceMatrixElement>
                <DistanceMatrixElement id="VTR:DistanceMatrixElement:945788to945789" version="1">
                  <Name>Kauno pilis to Kauno autobusų stotis</Name>
                  <StartStopPointRef ref="VTR:ScheduledStopPoint:55213" version="1"/>
                  <EndStopPointRef ref="VTR:ScheduledStopPoint:27269" version="1"/>
                  <prices>
                    <DistanceMatrixElementPrice id="VTR:DistanceMatrixElementPrice:945788to945789" version="1">
                      <Amount>0.0</Amount>
                      <DistanceMatrixElementRef ref="VTR:DistanceMatrixElement:945788to945789" version="1"/>
                    </DistanceMatrixElementPrice>
                  </prices>
                </DistanceMatrixElement>
                <DistanceMatrixElement id="VTR:DistanceMatrixElement:945784to945787" version="1">
                  <Name>Panevėžio autobusų stotis to Šilainių poliklinika</Name>
                  <StartStopPointRef ref="VTR:ScheduledStopPoint:27270" version="1"/>
                  <EndStopPointRef ref="VTR:ScheduledStopPoint:55211" version="1"/>
                  <prices>
                    <DistanceMatrixElementPrice id="VTR:DistanceMatrixElementPrice:945784to945787" version="1">
                      <Amount>7.8</Amount>
                      <DistanceMatrixElementRef ref="VTR:DistanceMatrixElement:945784to945787" version="1"/>
                    </DistanceMatrixElementPrice>
                  </prices>
                </DistanceMatrixElement>
                <DistanceMatrixElement id="VTR:DistanceMatrixElement:945584to945585" version="1">
                  <Name>Kauno autobusų stotis to Šilainių poliklinika</Name>
                  <StartStopPointRef ref="VTR:ScheduledStopPoint:26508" version="1"/>
                  <EndStopPointRef ref="VTR:ScheduledStopPoint:55203" version="1"/>
                  <prices>
                    <DistanceMatrixElementPrice id="VTR:DistanceMatrixElementPrice:945584to945585" version="1">
                      <Amount>0.0</Amount>
                      <DistanceMatrixElementRef ref="VTR:DistanceMatrixElement:945584to945585" version="1"/>
                    </DistanceMatrixElementPrice>
                  </prices>
                </DistanceMatrixElement>
              </distanceMatrixElements>
            </Tariff>
          </tariffs>
          <usageParameters>
            <FrequencyOfUse id="VTR:FrequencyOfUse:oneTrip" version="1">
              <FrequencyOfUseType>unlimited</FrequencyOfUseType>
              <MaximalFrequency>1</MaximalFrequency>
            </FrequencyOfUse>
          </usageParameters>
        </FareFrame>
      </frames>
    </CompositeFrame>
  </dataObjects>
</PublicationDelivery>
