<?xml version="1.0" encoding="UTF-8"?><PublicationDelivery xmlns="http://www.netex.org.uk/netex" xmlns:gis="http://www.opengis.net/gml/3.2" xmlns:ns2="http://www.opengis.net/gml/3.2" xmlns:ns3="http://www.siri.org.uk/siri" xmlns:xsi="http://www.w3.org/2001/XMLSchema-instance" version="1" xsi:schemaLocation="">
  <PublicationTimestamp>2022-04-02T00:40:00.232</PublicationTimestamp>
  <ParticipantRef>VTR</ParticipantRef>
  <Description>1</Description>
  <dataObjects>
    <CompositeFrame created="2022-04-02T00:40:00.232" version="1" id="VTR:CompositeFrame:1149">
      <validityConditions>
        <AvailabilityCondition version="1" id="VTR:AvailabilityCondition:1149">
          <FromDate>2010-03-15T00:00:00</FromDate>
          <ToDate>2023-03-31T00:00:00</ToDate>
        </AvailabilityCondition>
      </validityConditions>
      <codespaces>
        <Codespace id="vtr">
          <Xmlns>VTR</Xmlns>
          <XmlnsUrl>http://www.visimarsrutai.lt/</XmlnsUrl>
        </Codespace>
      </codespaces>
      <FrameDefaults>
        <DefaultLocale>
          <TimeZone>Europe/Vilnius</TimeZone>
        </DefaultLocale>
        <DefaultLocationSystem>WGS84</DefaultLocationSystem>
      </FrameDefaults>
      <frames>
        <ServiceCalendarFrame version="1" id="VTR:ServiceCalendarFrame:1149">
          <dayTypes>
            <DayType id="VTR:DayType:90" version="1">
              <properties>
                <PropertyOfDay>
                  <DaysOfWeek>Weekdays</DaysOfWeek>
                </PropertyOfDay>
              </properties>
            </DayType>
          </dayTypes>
          <operatingPeriods>
            <OperatingPeriod version="1" id="VTR:OperatingPeriod:90">
              <FromDate>2015-06-02T00:00:00</FromDate>
              <ToDate>2099-12-31T00:00:00</ToDate>
            </OperatingPeriod>
          </operatingPeriods>
          <dayTypeAssignments>
            <DayTypeAssignment id="VTR:DayTypeAssignment:90_0" version="1" order="157">
              <OperatingPeriodRef ref="VTR:OperatingPeriod:90" version="1"/>
              <DayTypeRef ref="VTR:DayType:90" version="1"/>
            </DayTypeAssignment>
          </dayTypeAssignments>
        </ServiceCalendarFrame>
        <ServiceFrame id="VTR:ServiceFrame:1149" version="1">
          <Network version="0" id="VTR:Network:2"/>
          <routePoints>
            <RoutePoint version="1" id="VTR:RoutePoint:26042">
              <projections>
                <PointProjection version="1" id="VTR:PointProjection:8771">
                  <ProjectedPointRef ref="VTR:ScheduledStopPoint:26042" version="1"/>
                </PointProjection>
              </projections>
            </RoutePoint>
            <RoutePoint version="1" id="VTR:RoutePoint:26044">
              <projections>
                <PointProjection version="1" id="VTR:PointProjection:8772">
                  <ProjectedPointRef ref="VTR:ScheduledStopPoint:26044" version="1"/>
                </PointProjection>
              </projections>
            </RoutePoint>
            <RoutePoint version="1" id="VTR:RoutePoint:26096">
              <projections>
                <PointProjection version="1" id="VTR:PointProjection:7194">
                  <ProjectedPointRef ref="VTR:ScheduledStopPoint:26096" version="1"/>
                </PointProjection>
              </projections>
            </RoutePoint>
            <RoutePoint version="1" id="VTR:RoutePoint:26103">
              <projections>
                <PointProjection version="1" id="VTR:PointProjection:7195">
                  <ProjectedPointRef ref="VTR:ScheduledStopPoint:26103" version="1"/>
                </PointProjection>
              </projections>
            </RoutePoint>
            <RoutePoint version="1" id="VTR:RoutePoint:54530">
              <projections>
                <PointProjection version="1" id="VTR:PointProjection:19232">
                  <ProjectedPointRef ref="VTR:ScheduledStopPoint:54530" version="1"/>
                </PointProjection>
              </projections>
            </RoutePoint>
            <RoutePoint version="1" id="VTR:RoutePoint:54531">
              <projections>
                <PointProjection version="1" id="VTR:PointProjection:19233">
                  <ProjectedPointRef ref="VTR:ScheduledStopPoint:54531" version="1"/>
                </PointProjection>
              </projections>
            </RoutePoint>
            <RoutePoint version="1" id="VTR:RoutePoint:54532">
              <projections>
                <PointProjection version="1" id="VTR:PointProjection:19234">
                  <ProjectedPointRef ref="VTR:ScheduledStopPoint:54532" version="1"/>
                </PointProjection>
              </projections>
            </RoutePoint>
            <RoutePoint version="1" id="VTR:RoutePoint:54541">
              <projections>
                <PointProjection version="1" id="VTR:PointProjection:18224">
                  <ProjectedPointRef ref="VTR:ScheduledStopPoint:54541" version="1"/>
                </PointProjection>
              </projections>
            </RoutePoint>
            <RoutePoint version="1" id="VTR:RoutePoint:54542">
              <projections>
                <PointProjection version="1" id="VTR:PointProjection:18225">
                  <ProjectedPointRef ref="VTR:ScheduledStopPoint:54542" version="1"/>
                </PointProjection>
              </projections>
            </RoutePoint>
            <RoutePoint version="1" id="VTR:RoutePoint:54543">
              <projections>
                <PointProjection version="1" id="VTR:PointProjection:18226">
                  <ProjectedPointRef ref="VTR:ScheduledStopPoint:54543" version="1"/>
                </PointProjection>
              </projections>
            </RoutePoint>
            <RoutePoint version="1" id="VTR:RoutePoint:54544">
              <projections>
                <PointProjection version="1" id="VTR:PointProjection:18227">
                  <ProjectedPointRef ref="VTR:ScheduledStopPoint:54544" version="1"/>
                </PointProjection>
              </projections>
            </RoutePoint>
          </routePoints>
          <routes>
            <Route version="1" id="VTR:Route:1742">
              <Name>Kaunas-Vilnius</Name>
              <ShortName>Kaunas-Vilnius</ShortName>
              <LineRef ref="VTR:Line:424" version="409"/>
              <DirectionType>outbound</DirectionType>
              <pointsInSequence>
                <PointOnRoute version="1" id="VTR:PointOnRoute:26096" order="1">
                  <RoutePointRef ref="VTR:RoutePoint:26096"/>
                </PointOnRoute>
                <PointOnRoute version="1" id="VTR:PointOnRoute:54541" order="2">
                  <RoutePointRef ref="VTR:RoutePoint:54541"/>
                </PointOnRoute>
                <PointOnRoute version="1" id="VTR:PointOnRoute:54542" order="3">
                  <RoutePointRef ref="VTR:RoutePoint:54542"/>
                </PointOnRoute>
                <PointOnRoute version="1" id="VTR:PointOnRoute:54543" order="4">
                  <RoutePointRef ref="VTR:RoutePoint:54543"/>
                </PointOnRoute>
                <PointOnRoute version="1" id="VTR:PointOnRoute:54544" order="5">
                  <RoutePointRef ref="VTR:RoutePoint:54544"/>
                </PointOnRoute>
                <PointOnRoute version="1" id="VTR:PointOnRoute:26103" order="6">
                  <RoutePointRef ref="VTR:RoutePoint:26103"/>
                </PointOnRoute>
              </pointsInSequence>
            </Route>
            <Route version="1" id="VTR:Route:1738">
              <Name>Vilnius-Kaunas</Name>
              <ShortName>Vilnius-Kaunas</ShortName>
              <LineRef ref="VTR:Line:424" version="409"/>
              <DirectionType>outbound</DirectionType>
              <pointsInSequence>
                <PointOnRoute version="1" id="VTR:PointOnRoute:26042" order="1">
                  <RoutePointRef ref="VTR:RoutePoint:26042"/>
                </PointOnRoute>
                <PointOnRoute version="1" id="VTR:PointOnRoute:54530" order="2">
                  <RoutePointRef ref="VTR:RoutePoint:54530"/>
                </PointOnRoute>
                <PointOnRoute version="1" id="VTR:PointOnRoute:54531" order="3">
                  <RoutePointRef ref="VTR:RoutePoint:54531"/>
                </PointOnRoute>
                <PointOnRoute version="1" id="VTR:PointOnRoute:54532" order="4">
                  <RoutePointRef ref="VTR:RoutePoint:54532"/>
                </PointOnRoute>
                <PointOnRoute version="1" id="VTR:PointOnRoute:26044" order="5">
                  <RoutePointRef ref="VTR:RoutePoint:26044"/>
                </PointOnRoute>
              </pointsInSequence>
            </Route>
          </routes>
          <lines>
            <Line version="409" id="VTR:Line:424">
              <Name>Vilnius-Kaunas</Name>
              <TransportMode>bus</TransportMode>
              <TransportSubmode>
                <CoachSubmode>nationalCoach</CoachSubmode>
              </TransportSubmode>
              <PublicCode>M-892</PublicCode>
              <OperatorRef ref="VTR:Operator:2"/>
            </Line>
          </lines>
          <scheduledStopPoints>
            <ScheduledStopPoint version="1" id="VTR:ScheduledStopPoint:26042">
              <Name>Vilniaus autobusų stotis</Name>
            </ScheduledStopPoint>
            <ScheduledStopPoint version="1" id="VTR:ScheduledStopPoint:26044">
              <Name>Kauno autobusų stotis</Name>
            </ScheduledStopPoint>
            <ScheduledStopPoint version="1" id="VTR:ScheduledStopPoint:26096">
              <Name>Kauno autobusų stotis</Name>
            </ScheduledStopPoint>
            <ScheduledStopPoint version="1" id="VTR:ScheduledStopPoint:26103">
              <Name>Vilniaus autobusų stotis</Name>
            </ScheduledStopPoint>
            <ScheduledStopPoint version="1" id="VTR:ScheduledStopPoint:54530">
              <Name>Gariūnai</Name>
            </ScheduledStopPoint>
            <ScheduledStopPoint version="1" id="VTR:ScheduledStopPoint:54531">
              <Name>Kalniečių poliklinika</Name>
            </ScheduledStopPoint>
            <ScheduledStopPoint version="1" id="VTR:ScheduledStopPoint:54532">
              <Name>K. Petrausko g.</Name>
            </ScheduledStopPoint>
            <ScheduledStopPoint version="1" id="VTR:ScheduledStopPoint:54541">
              <Name>Kalniečių poliklinika</Name>
            </ScheduledStopPoint>
            <ScheduledStopPoint version="1" id="VTR:ScheduledStopPoint:54542">
              <Name>Gariūnai</Name>
            </ScheduledStopPoint>
            <ScheduledStopPoint version="1" id="VTR:ScheduledStopPoint:54543">
              <Name>Ligoninė</Name>
            </ScheduledStopPoint>
            <ScheduledStopPoint version="1" id="VTR:ScheduledStopPoint:54544">
              <Name>Eigulių</Name>
            </ScheduledStopPoint>
          </scheduledStopPoints>
          <serviceLinks>
            <ServiceLink id="VTR:ServiceLink:54532_1_26044_1" version="1">
              <Distance>2</Distance>
              <FromPointRef ref="VTR:ScheduledStopPoint:54532" version="1"/>
              <ToPointRef ref="VTR:ScheduledStopPoint:26044" version="1"/>
            </ServiceLink>
            <ServiceLink id="VTR:ServiceLink:26096_1_54541_1" version="1">
              <Distance>5</Distance>
              <FromPointRef ref="VTR:ScheduledStopPoint:26096" version="1"/>
              <ToPointRef ref="VTR:ScheduledStopPoint:54541" version="1"/>
            </ServiceLink>
            <ServiceLink id="VTR:ServiceLink:26042_1_54530_1" version="1">
              <Distance>8</Distance>
              <FromPointRef ref="VTR:ScheduledStopPoint:26042" version="1"/>
              <ToPointRef ref="VTR:ScheduledStopPoint:54530" version="1"/>
            </ServiceLink>
            <ServiceLink id="VTR:ServiceLink:54531_1_54532_1" version="1">
              <Distance>3</Distance>
              <FromPointRef ref="VTR:ScheduledStopPoint:54531" version="1"/>
              <ToPointRef ref="VTR:ScheduledStopPoint:54532" version="1"/>
            </ServiceLink>
            <ServiceLink id="VTR:ServiceLink:54544_1_26103_1" version="1">
              <Distance>3</Distance>
              <FromPointRef ref="VTR:ScheduledStopPoint:54544" version="1"/>
              <ToPointRef ref="VTR:ScheduledStopPoint:26103" version="1"/>
            </ServiceLink>
            <ServiceLink id="VTR:ServiceLink:54543_1_54544_1" version="1">
              <Distance>1</Distance>
              <FromPointRef ref="VTR:ScheduledStopPoint:54543" version="1"/>
              <ToPointRef ref="VTR:ScheduledStopPoint:54544" version="1"/>
            </ServiceLink>
          </serviceLinks>
          <stopAssignments>
            <PassengerStopAssignment order="173800000" id="VTR:PassengerStopAssignment:26042" version="1">
              <ScheduledStopPointRef ref="VTR:ScheduledStopPoint:26042" version="1"/>
              <QuayRef ref="VTR:Quay:19485"/>
            </PassengerStopAssignment>
            <PassengerStopAssignment order="173800001" id="VTR:PassengerStopAssignment:54530" version="1">
              <ScheduledStopPointRef ref="VTR:ScheduledStopPoint:54530" version="1"/>
              <QuayRef ref="VTR:Quay:20084"/>
            </PassengerStopAssignment>
            <PassengerStopAssignment order="173800003" id="VTR:PassengerStopAssignment:54531" version="1">
              <ScheduledStopPointRef ref="VTR:ScheduledStopPoint:54531" version="1"/>
              <QuayRef ref="VTR:Quay:20103"/>
            </PassengerStopAssignment>
            <PassengerStopAssignment order="173800004" id="VTR:PassengerStopAssignment:54532" version="1">
              <ScheduledStopPointRef ref="VTR:ScheduledStopPoint:54532" version="1"/>
              <QuayRef ref="VTR:Quay:21438"/>
            </PassengerStopAssignment>
            <PassengerStopAssignment order="173800005" id="VTR:PassengerStopAssignment:26044" version="1">
              <ScheduledStopPointRef ref="VTR:ScheduledStopPoint:26044" version="1"/>
              <QuayRef ref="VTR:Quay:19470"/>
            </PassengerStopAssignment>
            <PassengerStopAssignment order="174200000" id="VTR:PassengerStopAssignment:26096" version="1">
              <ScheduledStopPointRef ref="VTR:ScheduledStopPoint:26096" version="1"/>
              <QuayRef ref="VTR:Quay:19470"/>
            </PassengerStopAssignment>
            <PassengerStopAssignment order="174200001" id="VTR:PassengerStopAssignment:54541" version="1">
              <ScheduledStopPointRef ref="VTR:ScheduledStopPoint:54541" version="1"/>
              <QuayRef ref="VTR:Quay:20104"/>
            </PassengerStopAssignment>
            <PassengerStopAssignment order="174200004" id="VTR:PassengerStopAssignment:54542" version="1">
              <ScheduledStopPointRef ref="VTR:ScheduledStopPoint:54542" version="1"/>
              <QuayRef ref="VTR:Quay:20083"/>
            </PassengerStopAssignment>
            <PassengerStopAssignment order="174200006" id="VTR:PassengerStopAssignment:54543" version="1">
              <ScheduledStopPointRef ref="VTR:ScheduledStopPoint:54543" version="1"/>
              <QuayRef ref="VTR:Quay:21415"/>
            </PassengerStopAssignment>
            <PassengerStopAssignment order="174200007" id="VTR:PassengerStopAssignment:54544" version="1">
              <ScheduledStopPointRef ref="VTR:ScheduledStopPoint:54544" version="1"/>
              <QuayRef ref="VTR:Quay:20079"/>
            </PassengerStopAssignment>
            <PassengerStopAssignment order="174200008" id="VTR:PassengerStopAssignment:26103" version="1">
              <ScheduledStopPointRef ref="VTR:ScheduledStopPoint:26103" version="1"/>
              <QuayRef ref="VTR:Quay:19485"/>
            </PassengerStopAssignment>
          </stopAssignments>
          <journeyPatterns>
            <JourneyPattern id="VTR:JourneyPattern:44734" version="44695">
              <Name>4*X</Name>
              <RouteRef ref="VTR:Route:1742" version="1"/>
              <pointsInSequence>
                <StopPointInJourneyPattern id="VTR:StopPointInJourneyPattern:940507" version="44695" order="1">
                  <ScheduledStopPointRef ref="VTR:ScheduledStopPoint:26096"/>
                  <ForAlighting>false</ForAlighting>
                  <DestinationDisplayRef ref="VTR:DestinationDisplay:1"/>
                </StopPointInJourneyPattern>
                <StopPointInJourneyPattern id="VTR:StopPointInJourneyPattern:940508" version="44695" order="2">
                  <ScheduledStopPointRef ref="VTR:ScheduledStopPoint:54541"/>
                  <ForAlighting>false</ForAlighting>
                  <DestinationDisplayRef ref="VTR:DestinationDisplay:1"/>
                </StopPointInJourneyPattern>
                <StopPointInJourneyPattern id="VTR:StopPointInJourneyPattern:940509" version="44695" order="3">
                  <ScheduledStopPointRef ref="VTR:ScheduledStopPoint:54542"/>
                  <ForBoarding>false</ForBoarding>
                  <DestinationDisplayRef ref="VTR:DestinationDisplay:1"/>
                </StopPointInJourneyPattern>
                <StopPointInJourneyPattern id="VTR:StopPointInJourneyPattern:940510" version="44695" order="4">
                  <ScheduledStopPointRef ref="VTR:ScheduledStopPoint:54543"/>
                  <ForBoarding>false</ForBoarding>
                  <DestinationDisplayRef ref="VTR:DestinationDisplay:1"/>
                </StopPointInJourneyPattern>
                <StopPointInJourneyPattern id="VTR:StopPointInJourneyPattern:940511" version="44695" order="5">
                  <ScheduledStopPointRef ref="VTR:ScheduledStopPoint:54544"/>
                  <ForBoarding>false</ForBoarding>
                  <DestinationDisplayRef ref="VTR:DestinationDisplay:1"/>
                </StopPointInJourneyPattern>
                <StopPointInJourneyPattern id="VTR:StopPointInJourneyPattern:940512" version="44695" order="6">
                  <ScheduledStopPointRef ref="VTR:ScheduledStopPoint:26103"/>
                  <ForBoarding>false</ForBoarding>
                  <DestinationDisplayRef ref="VTR:DestinationDisplay:1"/>
                </StopPointInJourneyPattern>
              </pointsInSequence>
            </JourneyPattern>
            <JourneyPattern id="VTR:JourneyPattern:44733" version="44694">
              <Name>2*X</Name>
              <RouteRef ref="VTR:Route:1742" version="1"/>
              <pointsInSequence>
                <StopPointInJourneyPattern id="VTR:StopPointInJourneyPattern:940501" version="44694" order="1">
                  <ScheduledStopPointRef ref="VTR:ScheduledStopPoint:26096"/>
                  <ForAlighting>false</ForAlighting>
                  <DestinationDisplayRef ref="VTR:DestinationDisplay:1"/>
                </StopPointInJourneyPattern>
                <StopPointInJourneyPattern id="VTR:StopPointInJourneyPattern:940502" version="44694" order="2">
                  <ScheduledStopPointRef ref="VTR:ScheduledStopPoint:54541"/>
                  <ForAlighting>false</ForAlighting>
                  <DestinationDisplayRef ref="VTR:DestinationDisplay:1"/>
                </StopPointInJourneyPattern>
                <StopPointInJourneyPattern id="VTR:StopPointInJourneyPattern:940503" version="44694" order="3">
                  <ScheduledStopPointRef ref="VTR:ScheduledStopPoint:54542"/>
                  <ForBoarding>false</ForBoarding>
                  <DestinationDisplayRef ref="VTR:DestinationDisplay:1"/>
                </StopPointInJourneyPattern>
                <StopPointInJourneyPattern id="VTR:StopPointInJourneyPattern:940504" version="44694" order="4">
                  <ScheduledStopPointRef ref="VTR:ScheduledStopPoint:54543"/>
                  <ForBoarding>false</ForBoarding>
                  <DestinationDisplayRef ref="VTR:DestinationDisplay:1"/>
                </StopPointInJourneyPattern>
                <StopPointInJourneyPattern id="VTR:StopPointInJourneyPattern:940505" version="44694" order="5">
                  <ScheduledStopPointRef ref="VTR:ScheduledStopPoint:54544"/>
                  <ForBoarding>false</ForBoarding>
                  <DestinationDisplayRef ref="VTR:DestinationDisplay:1"/>
                </StopPointInJourneyPattern>
                <StopPointInJourneyPattern id="VTR:StopPointInJourneyPattern:940506" version="44694" order="6">
                  <ScheduledStopPointRef ref="VTR:ScheduledStopPoint:26103"/>
                  <ForBoarding>false</ForBoarding>
                  <DestinationDisplayRef ref="VTR:DestinationDisplay:1"/>
                </StopPointInJourneyPattern>
              </pointsInSequence>
            </JourneyPattern>
            <JourneyPattern id="VTR:JourneyPattern:44729" version="44690">
              <Name>3*X</Name>
              <RouteRef ref="VTR:Route:1738" version="1"/>
              <pointsInSequence>
                <StopPointInJourneyPattern id="VTR:StopPointInJourneyPattern:940413" version="44690" order="1">
                  <ScheduledStopPointRef ref="VTR:ScheduledStopPoint:26042"/>
                  <ForAlighting>false</ForAlighting>
                  <DestinationDisplayRef ref="VTR:DestinationDisplay:1"/>
                </StopPointInJourneyPattern>
                <StopPointInJourneyPattern id="VTR:StopPointInJourneyPattern:940414" version="44690" order="2">
                  <ScheduledStopPointRef ref="VTR:ScheduledStopPoint:54530"/>
                  <ForAlighting>false</ForAlighting>
                  <DestinationDisplayRef ref="VTR:DestinationDisplay:1"/>
                </StopPointInJourneyPattern>
                <StopPointInJourneyPattern id="VTR:StopPointInJourneyPattern:940415" version="44690" order="3">
                  <ScheduledStopPointRef ref="VTR:ScheduledStopPoint:54531"/>
                  <ForBoarding>false</ForBoarding>
                  <DestinationDisplayRef ref="VTR:DestinationDisplay:1"/>
                </StopPointInJourneyPattern>
                <StopPointInJourneyPattern id="VTR:StopPointInJourneyPattern:940416" version="44690" order="4">
                  <ScheduledStopPointRef ref="VTR:ScheduledStopPoint:54532"/>
                  <ForBoarding>false</ForBoarding>
                  <DestinationDisplayRef ref="VTR:DestinationDisplay:1"/>
                </StopPointInJourneyPattern>
                <StopPointInJourneyPattern id="VTR:StopPointInJourneyPattern:940417" version="44690" order="5">
                  <ScheduledStopPointRef ref="VTR:ScheduledStopPoint:26044"/>
                  <ForBoarding>false</ForBoarding>
                  <DestinationDisplayRef ref="VTR:DestinationDisplay:1"/>
                </StopPointInJourneyPattern>
              </pointsInSequence>
            </JourneyPattern>
            <JourneyPattern id="VTR:JourneyPattern:44728" version="44689">
              <Name>1*X</Name>
              <RouteRef ref="VTR:Route:1738" version="1"/>
              <pointsInSequence>
                <StopPointInJourneyPattern id="VTR:StopPointInJourneyPattern:940408" version="44689" order="1">
                  <ScheduledStopPointRef ref="VTR:ScheduledStopPoint:26042"/>
                  <ForAlighting>false</ForAlighting>
                  <DestinationDisplayRef ref="VTR:DestinationDisplay:1"/>
                </StopPointInJourneyPattern>
                <StopPointInJourneyPattern id="VTR:StopPointInJourneyPattern:940409" version="44689" order="2">
                  <ScheduledStopPointRef ref="VTR:ScheduledStopPoint:54530"/>
                  <ForAlighting>false</ForAlighting>
                  <DestinationDisplayRef ref="VTR:DestinationDisplay:1"/>
                </StopPointInJourneyPattern>
                <StopPointInJourneyPattern id="VTR:StopPointInJourneyPattern:940410" version="44689" order="3">
                  <ScheduledStopPointRef ref="VTR:ScheduledStopPoint:54531"/>
                  <ForBoarding>false</ForBoarding>
                  <DestinationDisplayRef ref="VTR:DestinationDisplay:1"/>
                </StopPointInJourneyPattern>
                <StopPointInJourneyPattern id="VTR:StopPointInJourneyPattern:940411" version="44689" order="4">
                  <ScheduledStopPointRef ref="VTR:ScheduledStopPoint:54532"/>
                  <ForBoarding>false</ForBoarding>
                  <DestinationDisplayRef ref="VTR:DestinationDisplay:1"/>
                </StopPointInJourneyPattern>
                <StopPointInJourneyPattern id="VTR:StopPointInJourneyPattern:940412" version="44689" order="5">
                  <ScheduledStopPointRef ref="VTR:ScheduledStopPoint:26044"/>
                  <ForBoarding>false</ForBoarding>
                  <DestinationDisplayRef ref="VTR:DestinationDisplay:1"/>
                </StopPointInJourneyPattern>
              </pointsInSequence>
            </JourneyPattern>
          </journeyPatterns>
        </ServiceFrame>
        <TimetableFrame version="1" id="VTR:TimetableFrame:1149">
          <vehicleJourneys>
            <ServiceJourney version="44694" id="VTR:ServiceJourney:44733">
              <Name>Kaunas-Vilnius</Name>
              <PrivateCode>2*X</PrivateCode>
              <dayTypes>
                <DayTypeRef ref="VTR:DayType:90"/>
              </dayTypes>
              <JourneyPatternRef version="44694" ref="VTR:JourneyPattern:44733"/>
              <OperatorRef ref="VTR:Operator:532"/>
              <LineRef ref="VTR:Line:424" version="409"/>
              <passingTimes>
                <TimetabledPassingTime version="44694" id="VTR:TimetabledPassingTime:44733_940501_1">
                  <StopPointInJourneyPatternRef ref="VTR:StopPointInJourneyPattern:940501" version="44694"/>
                  <DepartureTime>09:45:00</DepartureTime>
                  <DepartureDayOffset>0</DepartureDayOffset>
                </TimetabledPassingTime>
                <TimetabledPassingTime version="44694" id="VTR:TimetabledPassingTime:44733_940502_2">
                  <StopPointInJourneyPatternRef ref="VTR:StopPointInJourneyPattern:940502" version="44694"/>
                  <DepartureTime>10:00:00</DepartureTime>
                  <DepartureDayOffset>0</DepartureDayOffset>
                </TimetabledPassingTime>
                <TimetabledPassingTime version="44694" id="VTR:TimetabledPassingTime:44733_940503_3">
                  <StopPointInJourneyPatternRef ref="VTR:StopPointInJourneyPattern:940503" version="44694"/>
                  <DepartureTime>10:55:00</DepartureTime>
                  <DepartureDayOffset>0</DepartureDayOffset>
                </TimetabledPassingTime>
                <TimetabledPassingTime version="44694" id="VTR:TimetabledPassingTime:44733_940504_4">
                  <StopPointInJourneyPatternRef ref="VTR:StopPointInJourneyPattern:940504" version="44694"/>
                  <DepartureTime>11:00:00</DepartureTime>
                  <DepartureDayOffset>0</DepartureDayOffset>
                </TimetabledPassingTime>
                <TimetabledPassingTime version="44694" id="VTR:TimetabledPassingTime:44733_940505_5">
                  <StopPointInJourneyPatternRef ref="VTR:StopPointInJourneyPattern:940505" version="44694"/>
                  <DepartureTime>11:02:00</DepartureTime>
                  <DepartureDayOffset>0</DepartureDayOffset>
                </TimetabledPassingTime>
                <TimetabledPassingTime version="44694" id="VTR:TimetabledPassingTime:44733_940506_6">
                  <StopPointInJourneyPatternRef ref="VTR:StopPointInJourneyPattern:940506" version="44694"/>
                  <DepartureTime>11:10:00</DepartureTime>
                  <DepartureDayOffset>0</DepartureDayOffset>
                </TimetabledPassingTime>
              </passingTimes>
            </ServiceJourney>
            <ServiceJourney version="44695" id="VTR:ServiceJourney:44734">
              <Name>Kaunas-Vilnius</Name>
              <PrivateCode>4*X</PrivateCode>
              <dayTypes>
                <DayTypeRef ref="VTR:DayType:90"/>
              </dayTypes>
              <JourneyPatternRef version="44695" ref="VTR:JourneyPattern:44734"/>
              <OperatorRef ref="VTR:Operator:532"/>
              <LineRef ref="VTR:Line:424" version="409"/>
              <passingTimes>
                <TimetabledPassingTime version="44695" id="VTR:TimetabledPassingTime:44734_940507_1">
                  <StopPointInJourneyPatternRef ref="VTR:StopPointInJourneyPattern:940507" version="44695"/>
                  <DepartureTime>15:00:00</DepartureTime>
                  <DepartureDayOffset>0</DepartureDayOffset>
                </TimetabledPassingTime>
                <TimetabledPassingTime version="44695" id="VTR:TimetabledPassingTime:44734_940508_2">
                  <StopPointInJourneyPatternRef ref="VTR:StopPointInJourneyPattern:940508" version="44695"/>
                  <DepartureTime>15:15:00</DepartureTime>
                  <DepartureDayOffset>0</DepartureDayOffset>
                </TimetabledPassingTime>
                <TimetabledPassingTime version="44695" id="VTR:TimetabledPassingTime:44734_940509_3">
                  <StopPointInJourneyPatternRef ref="VTR:StopPointInJourneyPattern:940509" version="44695"/>
                  <DepartureTime>16:10:00</DepartureTime>
                  <DepartureDayOffset>0</DepartureDayOffset>
                </TimetabledPassingTime>
                <TimetabledPassingTime version="44695" id="VTR:TimetabledPassingTime:44734_940510_4">
                  <StopPointInJourneyPatternRef ref="VTR:StopPointInJourneyPattern:940510" version="44695"/>
                  <DepartureTime>16:15:00</DepartureTime>
                  <DepartureDayOffset>0</DepartureDayOffset>
                </TimetabledPassingTime>
                <TimetabledPassingTime version="44695" id="VTR:TimetabledPassingTime:44734_940511_5">
                  <StopPointInJourneyPatternRef ref="VTR:StopPointInJourneyPattern:940511" version="44695"/>
                  <DepartureTime>16:17:00</DepartureTime>
                  <DepartureDayOffset>0</DepartureDayOffset>
                </TimetabledPassingTime>
                <TimetabledPassingTime version="44695" id="VTR:TimetabledPassingTime:44734_940512_6">
                  <StopPointInJourneyPatternRef ref="VTR:StopPointInJourneyPattern:940512" version="44695"/>
                  <DepartureTime>16:25:00</DepartureTime>
                  <DepartureDayOffset>0</DepartureDayOffset>
                </TimetabledPassingTime>
              </passingTimes>
            </ServiceJourney>
            <ServiceJourney version="44690" id="VTR:ServiceJourney:44729">
              <Name>Vilnius-Kaunas</Name>
              <PrivateCode>3*X</PrivateCode>
              <dayTypes>
                <DayTypeRef ref="VTR:DayType:90"/>
              </dayTypes>
              <JourneyPatternRef version="44690" ref="VTR:JourneyPattern:44729"/>
              <OperatorRef ref="VTR:Operator:532"/>
              <LineRef ref="VTR:Line:424" version="409"/>
              <passingTimes>
                <TimetabledPassingTime version="44690" id="VTR:TimetabledPassingTime:44729_940413_1">
                  <StopPointInJourneyPatternRef ref="VTR:StopPointInJourneyPattern:940413" version="44690"/>
                  <DepartureTime>12:50:00</DepartureTime>
                  <DepartureDayOffset>0</DepartureDayOffset>
                </TimetabledPassingTime>
                <TimetabledPassingTime version="44690" id="VTR:TimetabledPassingTime:44729_940414_2">
                  <StopPointInJourneyPatternRef ref="VTR:StopPointInJourneyPattern:940414" version="44690"/>
                  <DepartureTime>13:05:00</DepartureTime>
                  <DepartureDayOffset>0</DepartureDayOffset>
                </TimetabledPassingTime>
                <TimetabledPassingTime version="44690" id="VTR:TimetabledPassingTime:44729_940415_3">
                  <StopPointInJourneyPatternRef ref="VTR:StopPointInJourneyPattern:940415" version="44690"/>
                  <DepartureTime>14:00:00</DepartureTime>
                  <DepartureDayOffset>0</DepartureDayOffset>
                </TimetabledPassingTime>
                <TimetabledPassingTime version="44690" id="VTR:TimetabledPassingTime:44729_940416_4">
                  <StopPointInJourneyPatternRef ref="VTR:StopPointInJourneyPattern:940416" version="44690"/>
                  <DepartureTime>14:07:00</DepartureTime>
                  <DepartureDayOffset>0</DepartureDayOffset>
                </TimetabledPassingTime>
                <TimetabledPassingTime version="44690" id="VTR:TimetabledPassingTime:44729_940417_5">
                  <StopPointInJourneyPatternRef ref="VTR:StopPointInJourneyPattern:940417" version="44690"/>
                  <DepartureTime>14:15:00</DepartureTime>
                  <DepartureDayOffset>0</DepartureDayOffset>
                </TimetabledPassingTime>
              </passingTimes>
            </ServiceJourney>
            <ServiceJourney version="44689" id="VTR:ServiceJourney:44728">
              <Name>Vilnius-Kaunas</Name>
              <PrivateCode>1*X</PrivateCode>
              <dayTypes>
                <DayTypeRef ref="VTR:DayType:90"/>
              </dayTypes>
              <JourneyPatternRef version="44689" ref="VTR:JourneyPattern:44728"/>
              <OperatorRef ref="VTR:Operator:532"/>
              <LineRef ref="VTR:Line:424" version="409"/>
              <passingTimes>
                <TimetabledPassingTime version="44689" id="VTR:TimetabledPassingTime:44728_940408_1">
                  <StopPointInJourneyPatternRef ref="VTR:StopPointInJourneyPattern:940408" version="44689"/>
                  <DepartureTime>07:30:00</DepartureTime>
                  <DepartureDayOffset>0</DepartureDayOffset>
                </TimetabledPassingTime>
                <TimetabledPassingTime version="44689" id="VTR:TimetabledPassingTime:44728_940409_2">
                  <StopPointInJourneyPatternRef ref="VTR:StopPointInJourneyPattern:940409" version="44689"/>
                  <DepartureTime>07:45:00</DepartureTime>
                  <DepartureDayOffset>0</DepartureDayOffset>
                </TimetabledPassingTime>
                <TimetabledPassingTime version="44689" id="VTR:TimetabledPassingTime:44728_940410_3">
                  <StopPointInJourneyPatternRef ref="VTR:StopPointInJourneyPattern:940410" version="44689"/>
                  <DepartureTime>08:40:00</DepartureTime>
                  <DepartureDayOffset>0</DepartureDayOffset>
                </TimetabledPassingTime>
                <TimetabledPassingTime version="44689" id="VTR:TimetabledPassingTime:44728_940411_4">
                  <StopPointInJourneyPatternRef ref="VTR:StopPointInJourneyPattern:940411" version="44689"/>
                  <DepartureTime>08:47:00</DepartureTime>
                  <DepartureDayOffset>0</DepartureDayOffset>
                </TimetabledPassingTime>
                <TimetabledPassingTime version="44689" id="VTR:TimetabledPassingTime:44728_940412_5">
                  <StopPointInJourneyPatternRef ref="VTR:StopPointInJourneyPattern:940412" version="44689"/>
                  <DepartureTime>08:55:00</DepartureTime>
                  <DepartureDayOffset>0</DepartureDayOffset>
                </TimetabledPassingTime>
              </passingTimes>
            </ServiceJourney>
          </vehicleJourneys>
        </TimetableFrame>
        <ResourceFrame version="1" id="VTR:ResourceFrame:1149">
          <organisations>
            <Authority version="1" id="VTR:Authority:2">
              <CompanyNumber>188647255</CompanyNumber>
              <Name>LTSA</Name>
              <LegalName>Lietuvos transporto saugos administracija</LegalName>
              <ContactDetails>
                <Email>ltsa@ltsa.lrv.lt</Email>
                <Phone>8 5  278 5602</Phone>
                <Url>www.ltsa.lrv.lt</Url>
              </ContactDetails>
              <OrganisationType>authority</OrganisationType>
            </Authority>
          </organisations>
        </ResourceFrame>
        <FareFrame id="VTR:FareFrame:424" version="1">
          <FrameDefaults>
            <DefaultCurrency>EUR</DefaultCurrency>
          </FrameDefaults>
          <fareStructureElements>
            <FareStructureElement id="VTR:FareStructureElement:pricematrix" version="1">
              <distanceMatrixElements>
                <DistanceMatrixElementRef ref="VTR:DistanceMatrixElement:940414to940415" version="1"/>
                <DistanceMatrixElementRef ref="VTR:DistanceMatrixElement:940502to940506" version="1"/>
                <DistanceMatrixElementRef ref="VTR:DistanceMatrixElement:940416to940417" version="1"/>
                <DistanceMatrixElementRef ref="VTR:DistanceMatrixElement:940507to940508" version="1"/>
                <DistanceMatrixElementRef ref="VTR:DistanceMatrixElement:940510to940511" version="1"/>
                <DistanceMatrixElementRef ref="VTR:DistanceMatrixElement:940510to940512" version="1"/>
                <DistanceMatrixElementRef ref="VTR:DistanceMatrixElement:940501to940503" version="1"/>
                <DistanceMatrixElementRef ref="VTR:DistanceMatrixElement:940409to940410" version="1"/>
                <DistanceMatrixElementRef ref="VTR:DistanceMatrixElement:940410to940411" version="1"/>
                <DistanceMatrixElementRef ref="VTR:DistanceMatrixElement:940508to940510" version="1"/>
                <DistanceMatrixElementRef ref="VTR:DistanceMatrixElement:940508to940511" version="1"/>
                <DistanceMatrixElementRef ref="VTR:DistanceMatrixElement:940507to940511" version="1"/>
                <DistanceMatrixElementRef ref="VTR:DistanceMatrixElement:940509to940510" version="1"/>
                <DistanceMatrixElementRef ref="VTR:DistanceMatrixElement:940509to940511" version="1"/>
                <DistanceMatrixElementRef ref="VTR:DistanceMatrixElement:940501to940506" version="1"/>
                <DistanceMatrixElementRef ref="VTR:DistanceMatrixElement:940501to940504" version="1"/>
                <DistanceMatrixElementRef ref="VTR:DistanceMatrixElement:940503to940506" version="1"/>
                <DistanceMatrixElementRef ref="VTR:DistanceMatrixElement:940505to940506" version="1"/>
                <DistanceMatrixElementRef ref="VTR:DistanceMatrixElement:940414to940416" version="1"/>
                <DistanceMatrixElementRef ref="VTR:DistanceMatrixElement:940509to940512" version="1"/>
                <DistanceMatrixElementRef ref="VTR:DistanceMatrixElement:940502to940503" version="1"/>
                <DistanceMatrixElementRef ref="VTR:DistanceMatrixElement:940502to940504" version="1"/>
                <DistanceMatrixElementRef ref="VTR:DistanceMatrixElement:940408to940412" version="1"/>
                <DistanceMatrixElementRef ref="VTR:DistanceMatrixElement:940413to940414" version="1"/>
                <DistanceMatrixElementRef ref="VTR:DistanceMatrixElement:940413to940416" version="1"/>
                <DistanceMatrixElementRef ref="VTR:DistanceMatrixElement:940414to940417" version="1"/>
                <DistanceMatrixElementRef ref="VTR:DistanceMatrixElement:940415to940417" version="1"/>
                <DistanceMatrixElementRef ref="VTR:DistanceMatrixElement:940508to940512" version="1"/>
                <DistanceMatrixElementRef ref="VTR:DistanceMatrixElement:940507to940510" version="1"/>
                <DistanceMatrixElementRef ref="VTR:DistanceMatrixElement:940501to940505" version="1"/>
                <DistanceMatrixElementRef ref="VTR:DistanceMatrixElement:940503to940504" version="1"/>
                <DistanceMatrixElementRef ref="VTR:DistanceMatrixElement:940408to940411" version="1"/>
                <DistanceMatrixElementRef ref="VTR:DistanceMatrixElement:940409to940412" version="1"/>
                <DistanceMatrixElementRef ref="VTR:DistanceMatrixElement:940410to940412" version="1"/>
                <DistanceMatrixElementRef ref="VTR:DistanceMatrixElement:940411to940412" version="1"/>
                <DistanceMatrixElementRef ref="VTR:DistanceMatrixElement:940413to940417" version="1"/>
                <DistanceMatrixElementRef ref="VTR:DistanceMatrixElement:940501to940502" version="1"/>
                <DistanceMatrixElementRef ref="VTR:DistanceMatrixElement:940502to940505" version="1"/>
                <DistanceMatrixElementRef ref="VTR:DistanceMatrixElement:940503to940505" version="1"/>
                <DistanceMatrixElementRef ref="VTR:DistanceMatrixElement:940504to940505" version="1"/>
                <DistanceMatrixElementRef ref="VTR:DistanceMatrixElement:940504to940506" version="1"/>
                <DistanceMatrixElementRef ref="VTR:DistanceMatrixElement:940408to940410" version="1"/>
                <DistanceMatrixElementRef ref="VTR:DistanceMatrixElement:940413to940415" version="1"/>
                <DistanceMatrixElementRef ref="VTR:DistanceMatrixElement:940508to940509" version="1"/>
                <DistanceMatrixElementRef ref="VTR:DistanceMatrixElement:940507to940512" version="1"/>
                <DistanceMatrixElementRef ref="VTR:DistanceMatrixElement:940408to940409" version="1"/>
                <DistanceMatrixElementRef ref="VTR:DistanceMatrixElement:940409to940411" version="1"/>
                <DistanceMatrixElementRef ref="VTR:DistanceMatrixElement:940507to940509" version="1"/>
                <DistanceMatrixElementRef ref="VTR:DistanceMatrixElement:940511to940512" version="1"/>
                <DistanceMatrixElementRef ref="VTR:DistanceMatrixElement:940415to940416" version="1"/>
              </distanceMatrixElements>
            </FareStructureElement>
          </fareStructureElements>
          <tariffs>
            <Tariff id="VTR:Tariff:pointToPointInSeparateJourney_424" version="1">
              <Name>Point to point tariff</Name>
              <distanceMatrixElements>
                <DistanceMatrixElement id="VTR:DistanceMatrixElement:940414to940415" version="1">
                  <Name>Gariūnai to Kalniečių poliklinika</Name>
                  <StartStopPointRef ref="VTR:ScheduledStopPoint:54530" version="1"/>
                  <EndStopPointRef ref="VTR:ScheduledStopPoint:54531" version="1"/>
                  <prices>
                    <DistanceMatrixElementPrice id="VTR:DistanceMatrixElementPrice:940414to940415" version="1">
                      <Amount>6.0</Amount>
                      <DistanceMatrixElementRef ref="VTR:DistanceMatrixElement:940414to940415" version="1"/>
                    </DistanceMatrixElementPrice>
                  </prices>
                </DistanceMatrixElement>
                <DistanceMatrixElement id="VTR:DistanceMatrixElement:940502to940506" version="1">
                  <Name>Kalniečių poliklinika to Vilniaus autobusų stotis</Name>
                  <StartStopPointRef ref="VTR:ScheduledStopPoint:54541" version="1"/>
                  <EndStopPointRef ref="VTR:ScheduledStopPoint:26103" version="1"/>
                  <prices>
                    <DistanceMatrixElementPrice id="VTR:DistanceMatrixElementPrice:940502to940506" version="1">
                      <Amount>6.0</Amount>
                      <DistanceMatrixElementRef ref="VTR:DistanceMatrixElement:940502to940506" version="1"/>
                    </DistanceMatrixElementPrice>
                  </prices>
                </DistanceMatrixElement>
                <DistanceMatrixElement id="VTR:DistanceMatrixElement:940416to940417" version="1">
                  <Name>K. Petrausko g. to Kauno autobusų stotis</Name>
                  <StartStopPointRef ref="VTR:ScheduledStopPoint:54532" version="1"/>
                  <EndStopPointRef ref="VTR:ScheduledStopPoint:26044" version="1"/>
                  <prices>
                    <DistanceMatrixElementPrice id="VTR:DistanceMatrixElementPrice:940416to940417" version="1">
                      <Amount>6.0</Amount>
                      <DistanceMatrixElementRef ref="VTR:DistanceMatrixElement:940416to940417" version="1"/>
                    </DistanceMatrixElementPrice>
                  </prices>
                </DistanceMatrixElement>
                <DistanceMatrixElement id="VTR:DistanceMatrixElement:940507to940508" version="1">
                  <Name>Kauno autobusų stotis to Kalniečių poliklinika</Name>
                  <StartStopPointRef ref="VTR:ScheduledStopPoint:26096" version="1"/>
                  <EndStopPointRef ref="VTR:ScheduledStopPoint:54541" version="1"/>
                  <prices>
                    <DistanceMatrixElementPrice id="VTR:DistanceMatrixElementPrice:940507to940508" version="1">
                      <Amount>6.0</Amount>
                      <DistanceMatrixElementRef ref="VTR:DistanceMatrixElement:940507to940508" version="1"/>
                    </DistanceMatrixElementPrice>
                  </prices>
                </DistanceMatrixElement>
                <DistanceMatrixElement id="VTR:DistanceMatrixElement:940510to940511" version="1">
                  <Name>Ligoninė to Eigulių</Name>
                  <StartStopPointRef ref="VTR:ScheduledStopPoint:54543" version="1"/>
                  <EndStopPointRef ref="VTR:ScheduledStopPoint:54544" version="1"/>
                  <prices>
                    <DistanceMatrixElementPrice id="VTR:DistanceMatrixElementPrice:940510to940511" version="1">
                      <Amount>6.0</Amount>
                      <DistanceMatrixElementRef ref="VTR:DistanceMatrixElement:940510to940511" version="1"/>
                    </DistanceMatrixElementPrice>
                  </prices>
                </DistanceMatrixElement>
                <DistanceMatrixElement id="VTR:DistanceMatrixElement:940510to940512" version="1">
                  <Name>Ligoninė to Vilniaus autobusų stotis</Name>
                  <StartStopPointRef ref="VTR:ScheduledStopPoint:54543" version="1"/>
                  <EndStopPointRef ref="VTR:ScheduledStopPoint:26103" version="1"/>
                  <prices>
                    <DistanceMatrixElementPrice id="VTR:DistanceMatrixElementPrice:940510to940512" version="1">
                      <Amount>6.0</Amount>
                      <DistanceMatrixElementRef ref="VTR:DistanceMatrixElement:940510to940512" version="1"/>
                    </DistanceMatrixElementPrice>
                  </prices>
                </DistanceMatrixElement>
                <DistanceMatrixElement id="VTR:DistanceMatrixElement:940501to940503" version="1">
                  <Name>Kauno autobusų stotis to Gariūnai</Name>
                  <StartStopPointRef ref="VTR:ScheduledStopPoint:26096" version="1"/>
                  <EndStopPointRef ref="VTR:ScheduledStopPoint:54542" version="1"/>
                  <prices>
                    <DistanceMatrixElementPrice id="VTR:DistanceMatrixElementPrice:940501to940503" version="1">
                      <Amount>6.0</Amount>
                      <DistanceMatrixElementRef ref="VTR:DistanceMatrixElement:940501to940503" version="1"/>
                    </DistanceMatrixElementPrice>
                  </prices>
                </DistanceMatrixElement>
                <DistanceMatrixElement id="VTR:DistanceMatrixElement:940409to940410" version="1">
                  <Name>Gariūnai to Kalniečių poliklinika</Name>
                  <StartStopPointRef ref="VTR:ScheduledStopPoint:54530" version="1"/>
                  <EndStopPointRef ref="VTR:ScheduledStopPoint:54531" version="1"/>
                  <prices>
                    <DistanceMatrixElementPrice id="VTR:DistanceMatrixElementPrice:940409to940410" version="1">
                      <Amount>6.0</Amount>
                      <DistanceMatrixElementRef ref="VTR:DistanceMatrixElement:940409to940410" version="1"/>
                    </DistanceMatrixElementPrice>
                  </prices>
                </DistanceMatrixElement>
                <DistanceMatrixElement id="VTR:DistanceMatrixElement:940410to940411" version="1">
                  <Name>Kalniečių poliklinika to K. Petrausko g.</Name>
                  <StartStopPointRef ref="VTR:ScheduledStopPoint:54531" version="1"/>
                  <EndStopPointRef ref="VTR:ScheduledStopPoint:54532" version="1"/>
                  <prices>
                    <DistanceMatrixElementPrice id="VTR:DistanceMatrixElementPrice:940410to940411" version="1">
                      <Amount>6.0</Amount>
                      <DistanceMatrixElementRef ref="VTR:DistanceMatrixElement:940410to940411" version="1"/>
                    </DistanceMatrixElementPrice>
                  </prices>
                </DistanceMatrixElement>
                <DistanceMatrixElement id="VTR:DistanceMatrixElement:940508to940510" version="1">
                  <Name>Kalniečių poliklinika to Ligoninė</Name>
                  <StartStopPointRef ref="VTR:ScheduledStopPoint:54541" version="1"/>
                  <EndStopPointRef ref="VTR:ScheduledStopPoint:54543" version="1"/>
                  <prices>
                    <DistanceMatrixElementPrice id="VTR:DistanceMatrixElementPrice:940508to940510" version="1">
                      <Amount>6.0</Amount>
                      <DistanceMatrixElementRef ref="VTR:DistanceMatrixElement:940508to940510" version="1"/>
                    </DistanceMatrixElementPrice>
                  </prices>
                </DistanceMatrixElement>
                <DistanceMatrixElement id="VTR:DistanceMatrixElement:940508to940511" version="1">
                  <Name>Kalniečių poliklinika to Eigulių</Name>
                  <StartStopPointRef ref="VTR:ScheduledStopPoint:54541" version="1"/>
                  <EndStopPointRef ref="VTR:ScheduledStopPoint:54544" version="1"/>
                  <prices>
                    <DistanceMatrixElementPrice id="VTR:DistanceMatrixElementPrice:940508to940511" version="1">
                      <Amount>6.0</Amount>
                      <DistanceMatrixElementRef ref="VTR:DistanceMatrixElement:940508to940511" version="1"/>
                    </DistanceMatrixElementPrice>
                  </prices>
                </DistanceMatrixElement>
                <DistanceMatrixElement id="VTR:DistanceMatrixElement:940507to940511" version="1">
                  <Name>Kauno autobusų stotis to Eigulių</Name>
                  <StartStopPointRef ref="VTR:ScheduledStopPoint:26096" version="1"/>
                  <EndStopPointRef ref="VTR:ScheduledStopPoint:54544" version="1"/>
                  <prices>
                    <DistanceMatrixElementPrice id="VTR:DistanceMatrixElementPrice:940507to940511" version="1">
                      <Amount>6.0</Amount>
                      <DistanceMatrixElementRef ref="VTR:DistanceMatrixElement:940507to940511" version="1"/>
                    </DistanceMatrixElementPrice>
                  </prices>
                </DistanceMatrixElement>
                <DistanceMatrixElement id="VTR:DistanceMatrixElement:940509to940510" version="1">
                  <Name>Gariūnai to Ligoninė</Name>
                  <StartStopPointRef ref="VTR:ScheduledStopPoint:54542" version="1"/>
                  <EndStopPointRef ref="VTR:ScheduledStopPoint:54543" version="1"/>
                  <prices>
                    <DistanceMatrixElementPrice id="VTR:DistanceMatrixElementPrice:940509to940510" version="1">
                      <Amount>6.0</Amount>
                      <DistanceMatrixElementRef ref="VTR:DistanceMatrixElement:940509to940510" version="1"/>
                    </DistanceMatrixElementPrice>
                  </prices>
                </DistanceMatrixElement>
                <DistanceMatrixElement id="VTR:DistanceMatrixElement:940509to940511" version="1">
                  <Name>Gariūnai to Eigulių</Name>
                  <StartStopPointRef ref="VTR:ScheduledStopPoint:54542" version="1"/>
                  <EndStopPointRef ref="VTR:ScheduledStopPoint:54544" version="1"/>
                  <prices>
                    <DistanceMatrixElementPrice id="VTR:DistanceMatrixElementPrice:940509to940511" version="1">
                      <Amount>6.0</Amount>
                      <DistanceMatrixElementRef ref="VTR:DistanceMatrixElement:940509to940511" version="1"/>
                    </DistanceMatrixElementPrice>
                  </prices>
                </DistanceMatrixElement>
                <DistanceMatrixElement id="VTR:DistanceMatrixElement:940501to940506" version="1">
                  <Name>Kauno autobusų stotis to Vilniaus autobusų stotis</Name>
                  <StartStopPointRef ref="VTR:ScheduledStopPoint:26096" version="1"/>
                  <EndStopPointRef ref="VTR:ScheduledStopPoint:26103" version="1"/>
                  <prices>
                    <DistanceMatrixElementPrice id="VTR:DistanceMatrixElementPrice:940501to940506" version="1">
                      <Amount>6.0</Amount>
                      <DistanceMatrixElementRef ref="VTR:DistanceMatrixElement:940501to940506" version="1"/>
                    </DistanceMatrixElementPrice>
                  </prices>
                </DistanceMatrixElement>
                <DistanceMatrixElement id="VTR:DistanceMatrixElement:940501to940504" version="1">
                  <Name>Kauno autobusų stotis to Ligoninė</Name>
                  <StartStopPointRef ref="VTR:ScheduledStopPoint:26096" version="1"/>
                  <EndStopPointRef ref="VTR:ScheduledStopPoint:54543" version="1"/>
                  <prices>
                    <DistanceMatrixElementPrice id="VTR:DistanceMatrixElementPrice:940501to940504" version="1">
                      <Amount>6.0</Amount>
                      <DistanceMatrixElementRef ref="VTR:DistanceMatrixElement:940501to940504" version="1"/>
                    </DistanceMatrixElementPrice>
                  </prices>
                </DistanceMatrixElement>
                <DistanceMatrixElement id="VTR:DistanceMatrixElement:940503to940506" version="1">
                  <Name>Gariūnai to Vilniaus autobusų stotis</Name>
                  <StartStopPointRef ref="VTR:ScheduledStopPoint:54542" version="1"/>
                  <EndStopPointRef ref="VTR:ScheduledStopPoint:26103" version="1"/>
                  <prices>
                    <DistanceMatrixElementPrice id="VTR:DistanceMatrixElementPrice:940503to940506" version="1">
                      <Amount>6.0</Amount>
                      <DistanceMatrixElementRef ref="VTR:DistanceMatrixElement:940503to940506" version="1"/>
                    </DistanceMatrixElementPrice>
                  </prices>
                </DistanceMatrixElement>
                <DistanceMatrixElement id="VTR:DistanceMatrixElement:940505to940506" version="1">
                  <Name>Eigulių to Vilniaus autobusų stotis</Name>
                  <StartStopPointRef ref="VTR:ScheduledStopPoint:54544" version="1"/>
                  <EndStopPointRef ref="VTR:ScheduledStopPoint:26103" version="1"/>
                  <prices>
                    <DistanceMatrixElementPrice id="VTR:DistanceMatrixElementPrice:940505to940506" version="1">
                      <Amount>6.0</Amount>
                      <DistanceMatrixElementRef ref="VTR:DistanceMatrixElement:940505to940506" version="1"/>
                    </DistanceMatrixElementPrice>
                  </prices>
                </DistanceMatrixElement>
                <DistanceMatrixElement id="VTR:DistanceMatrixElement:940414to940416" version="1">
                  <Name>Gariūnai to K. Petrausko g.</Name>
                  <StartStopPointRef ref="VTR:ScheduledStopPoint:54530" version="1"/>
                  <EndStopPointRef ref="VTR:ScheduledStopPoint:54532" version="1"/>
                  <prices>
                    <DistanceMatrixElementPrice id="VTR:DistanceMatrixElementPrice:940414to940416" version="1">
                      <Amount>6.0</Amount>
                      <DistanceMatrixElementRef ref="VTR:DistanceMatrixElement:940414to940416" version="1"/>
                    </DistanceMatrixElementPrice>
                  </prices>
                </DistanceMatrixElement>
                <DistanceMatrixElement id="VTR:DistanceMatrixElement:940509to940512" version="1">
                  <Name>Gariūnai to Vilniaus autobusų stotis</Name>
                  <StartStopPointRef ref="VTR:ScheduledStopPoint:54542" version="1"/>
                  <EndStopPointRef ref="VTR:ScheduledStopPoint:26103" version="1"/>
                  <prices>
                    <DistanceMatrixElementPrice id="VTR:DistanceMatrixElementPrice:940509to940512" version="1">
                      <Amount>6.0</Amount>
                      <DistanceMatrixElementRef ref="VTR:DistanceMatrixElement:940509to940512" version="1"/>
                    </DistanceMatrixElementPrice>
                  </prices>
                </DistanceMatrixElement>
                <DistanceMatrixElement id="VTR:DistanceMatrixElement:940502to940503" version="1">
                  <Name>Kalniečių poliklinika to Gariūnai</Name>
                  <StartStopPointRef ref="VTR:ScheduledStopPoint:54541" version="1"/>
                  <EndStopPointRef ref="VTR:ScheduledStopPoint:54542" version="1"/>
                  <prices>
                    <DistanceMatrixElementPrice id="VTR:DistanceMatrixElementPrice:940502to940503" version="1">
                      <Amount>6.0</Amount>
                      <DistanceMatrixElementRef ref="VTR:DistanceMatrixElement:940502to940503" version="1"/>
                    </DistanceMatrixElementPrice>
                  </prices>
                </DistanceMatrixElement>
                <DistanceMatrixElement id="VTR:DistanceMatrixElement:940502to940504" version="1">
                  <Name>Kalniečių poliklinika to Ligoninė</Name>
                  <StartStopPointRef ref="VTR:ScheduledStopPoint:54541" version="1"/>
                  <EndStopPointRef ref="VTR:ScheduledStopPoint:54543" version="1"/>
                  <prices>
                    <DistanceMatrixElementPrice id="VTR:DistanceMatrixElementPrice:940502to940504" version="1">
                      <Amount>6.0</Amount>
                      <DistanceMatrixElementRef ref="VTR:DistanceMatrixElement:940502to940504" version="1"/>
                    </DistanceMatrixElementPrice>
                  </prices>
                </DistanceMatrixElement>
                <DistanceMatrixElement id="VTR:DistanceMatrixElement:940408to940412" version="1">
                  <Name>Vilniaus autobusų stotis to Kauno autobusų stotis</Name>
                  <StartStopPointRef ref="VTR:ScheduledStopPoint:26042" version="1"/>
                  <EndStopPointRef ref="VTR:ScheduledStopPoint:26044" version="1"/>
                  <prices>
                    <DistanceMatrixElementPrice id="VTR:DistanceMatrixElementPrice:940408to940412" version="1">
                      <Amount>6.0</Amount>
                      <DistanceMatrixElementRef ref="VTR:DistanceMatrixElement:940408to940412" version="1"/>
                    </DistanceMatrixElementPrice>
                  </prices>
                </DistanceMatrixElement>
                <DistanceMatrixElement id="VTR:DistanceMatrixElement:940413to940414" version="1">
                  <Name>Vilniaus autobusų stotis to Gariūnai</Name>
                  <StartStopPointRef ref="VTR:ScheduledStopPoint:26042" version="1"/>
                  <EndStopPointRef ref="VTR:ScheduledStopPoint:54530" version="1"/>
                  <prices>
                    <DistanceMatrixElementPrice id="VTR:DistanceMatrixElementPrice:940413to940414" version="1">
                      <Amount>6.0</Amount>
                      <DistanceMatrixElementRef ref="VTR:DistanceMatrixElement:940413to940414" version="1"/>
                    </DistanceMatrixElementPrice>
                  </prices>
                </DistanceMatrixElement>
                <DistanceMatrixElement id="VTR:DistanceMatrixElement:940413to940416" version="1">
                  <Name>Vilniaus autobusų stotis to K. Petrausko g.</Name>
                  <StartStopPointRef ref="VTR:ScheduledStopPoint:26042" version="1"/>
                  <EndStopPointRef ref="VTR:ScheduledStopPoint:54532" version="1"/>
                  <prices>
                    <DistanceMatrixElementPrice id="VTR:DistanceMatrixElementPrice:940413to940416" version="1">
                      <Amount>6.0</Amount>
                      <DistanceMatrixElementRef ref="VTR:DistanceMatrixElement:940413to940416" version="1"/>
                    </DistanceMatrixElementPrice>
                  </prices>
                </DistanceMatrixElement>
                <DistanceMatrixElement id="VTR:DistanceMatrixElement:940414to940417" version="1">
                  <Name>Gariūnai to Kauno autobusų stotis</Name>
                  <StartStopPointRef ref="VTR:ScheduledStopPoint:54530" version="1"/>
                  <EndStopPointRef ref="VTR:ScheduledStopPoint:26044" version="1"/>
                  <prices>
                    <DistanceMatrixElementPrice id="VTR:DistanceMatrixElementPrice:940414to940417" version="1">
                      <Amount>6.0</Amount>
                      <DistanceMatrixElementRef ref="VTR:DistanceMatrixElement:940414to940417" version="1"/>
                    </DistanceMatrixElementPrice>
                  </prices>
                </DistanceMatrixElement>
                <DistanceMatrixElement id="VTR:DistanceMatrixElement:940415to940417" version="1">
                  <Name>Kalniečių poliklinika to Kauno autobusų stotis</Name>
                  <StartStopPointRef ref="VTR:ScheduledStopPoint:54531" version="1"/>
                  <EndStopPointRef ref="VTR:ScheduledStopPoint:26044" version="1"/>
                  <prices>
                    <DistanceMatrixElementPrice id="VTR:DistanceMatrixElementPrice:940415to940417" version="1">
                      <Amount>6.0</Amount>
                      <DistanceMatrixElementRef ref="VTR:DistanceMatrixElement:940415to940417" version="1"/>
                    </DistanceMatrixElementPrice>
                  </prices>
                </DistanceMatrixElement>
                <DistanceMatrixElement id="VTR:DistanceMatrixElement:940508to940512" version="1">
                  <Name>Kalniečių poliklinika to Vilniaus autobusų stotis</Name>
                  <StartStopPointRef ref="VTR:ScheduledStopPoint:54541" version="1"/>
                  <EndStopPointRef ref="VTR:ScheduledStopPoint:26103" version="1"/>
                  <prices>
                    <DistanceMatrixElementPrice id="VTR:DistanceMatrixElementPrice:940508to940512" version="1">
                      <Amount>6.0</Amount>
                      <DistanceMatrixElementRef ref="VTR:DistanceMatrixElement:940508to940512" version="1"/>
                    </DistanceMatrixElementPrice>
                  </prices>
                </DistanceMatrixElement>
                <DistanceMatrixElement id="VTR:DistanceMatrixElement:940507to940510" version="1">
                  <Name>Kauno autobusų stotis to Ligoninė</Name>
                  <StartStopPointRef ref="VTR:ScheduledStopPoint:26096" version="1"/>
                  <EndStopPointRef ref="VTR:ScheduledStopPoint:54543" version="1"/>
                  <prices>
                    <DistanceMatrixElementPrice id="VTR:DistanceMatrixElementPrice:940507to940510" version="1">
                      <Amount>6.0</Amount>
                      <DistanceMatrixElementRef ref="VTR:DistanceMatrixElement:940507to940510" version="1"/>
                    </DistanceMatrixElementPrice>
                  </prices>
                </DistanceMatrixElement>
                <DistanceMatrixElement id="VTR:DistanceMatrixElement:940501to940505" version="1">
                  <Name>Kauno autobusų stotis to Eigulių</Name>
                  <StartStopPointRef ref="VTR:ScheduledStopPoint:26096" version="1"/>
                  <EndStopPointRef ref="VTR:ScheduledStopPoint:54544" version="1"/>
                  <prices>
                    <DistanceMatrixElementPrice id="VTR:DistanceMatrixElementPrice:940501to940505" version="1">
                      <Amount>6.0</Amount>
                      <DistanceMatrixElementRef ref="VTR:DistanceMatrixElement:940501to940505" version="1"/>
                    </DistanceMatrixElementPrice>
                  </prices>
                </DistanceMatrixElement>
                <DistanceMatrixElement id="VTR:DistanceMatrixElement:940503to940504" version="1">
                  <Name>Gariūnai to Ligoninė</Name>
                  <StartStopPointRef ref="VTR:ScheduledStopPoint:54542" version="1"/>
                  <EndStopPointRef ref="VTR:ScheduledStopPoint:54543" version="1"/>
                  <prices>
                    <DistanceMatrixElementPrice id="VTR:DistanceMatrixElementPrice:940503to940504" version="1">
                      <Amount>6.0</Amount>
                      <DistanceMatrixElementRef ref="VTR:DistanceMatrixElement:940503to940504" version="1"/>
                    </DistanceMatrixElementPrice>
                  </prices>
                </DistanceMatrixElement>
                <DistanceMatrixElement id="VTR:DistanceMatrixElement:940408to940411" version="1">
                  <Name>Vilniaus autobusų stotis to K. Petrausko g.</Name>
                  <StartStopPointRef ref="VTR:ScheduledStopPoint:26042" version="1"/>
                  <EndStopPointRef ref="VTR:ScheduledStopPoint:54532" version="1"/>
                  <prices>
                    <DistanceMatrixElementPrice id="VTR:DistanceMatrixElementPrice:940408to940411" version="1">
                      <Amount>6.0</Amount>
                      <DistanceMatrixElementRef ref="VTR:DistanceMatrixElement:940408to940411" version="1"/>
                    </DistanceMatrixElementPrice>
                  </prices>
                </DistanceMatrixElement>
                <DistanceMatrixElement id="VTR:DistanceMatrixElement:940409to940412" version="1">
                  <Name>Gariūnai to Kauno autobusų stotis</Name>
                  <StartStopPointRef ref="VTR:ScheduledStopPoint:54530" version="1"/>
                  <EndStopPointRef ref="VTR:ScheduledStopPoint:26044" version="1"/>
                  <prices>
                    <DistanceMatrixElementPrice id="VTR:DistanceMatrixElementPrice:940409to940412" version="1">
                      <Amount>6.0</Amount>
                      <DistanceMatrixElementRef ref="VTR:DistanceMatrixElement:940409to940412" version="1"/>
                    </DistanceMatrixElementPrice>
                  </prices>
                </DistanceMatrixElement>
                <DistanceMatrixElement id="VTR:DistanceMatrixElement:940410to940412" version="1">
                  <Name>Kalniečių poliklinika to Kauno autobusų stotis</Name>
                  <StartStopPointRef ref="VTR:ScheduledStopPoint:54531" version="1"/>
                  <EndStopPointRef ref="VTR:ScheduledStopPoint:26044" version="1"/>
                  <prices>
                    <DistanceMatrixElementPrice id="VTR:DistanceMatrixElementPrice:940410to940412" version="1">
                      <Amount>6.0</Amount>
                      <DistanceMatrixElementRef ref="VTR:DistanceMatrixElement:940410to940412" version="1"/>
                    </DistanceMatrixElementPrice>
                  </prices>
                </DistanceMatrixElement>
                <DistanceMatrixElement id="VTR:DistanceMatrixElement:940411to940412" version="1">
                  <Name>K. Petrausko g. to Kauno autobusų stotis</Name>
                  <StartStopPointRef ref="VTR:ScheduledStopPoint:54532" version="1"/>
                  <EndStopPointRef ref="VTR:ScheduledStopPoint:26044" version="1"/>
                  <prices>
                    <DistanceMatrixElementPrice id="VTR:DistanceMatrixElementPrice:940411to940412" version="1">
                      <Amount>6.0</Amount>
                      <DistanceMatrixElementRef ref="VTR:DistanceMatrixElement:940411to940412" version="1"/>
                    </DistanceMatrixElementPrice>
                  </prices>
                </DistanceMatrixElement>
                <DistanceMatrixElement id="VTR:DistanceMatrixElement:940413to940417" version="1">
                  <Name>Vilniaus autobusų stotis to Kauno autobusų stotis</Name>
                  <StartStopPointRef ref="VTR:ScheduledStopPoint:26042" version="1"/>
                  <EndStopPointRef ref="VTR:ScheduledStopPoint:26044" version="1"/>
                  <prices>
                    <DistanceMatrixElementPrice id="VTR:DistanceMatrixElementPrice:940413to940417" version="1">
                      <Amount>6.0</Amount>
                      <DistanceMatrixElementRef ref="VTR:DistanceMatrixElement:940413to940417" version="1"/>
                    </DistanceMatrixElementPrice>
                  </prices>
                </DistanceMatrixElement>
                <DistanceMatrixElement id="VTR:DistanceMatrixElement:940501to940502" version="1">
                  <Name>Kauno autobusų stotis to Kalniečių poliklinika</Name>
                  <StartStopPointRef ref="VTR:ScheduledStopPoint:26096" version="1"/>
                  <EndStopPointRef ref="VTR:ScheduledStopPoint:54541" version="1"/>
                  <prices>
                    <DistanceMatrixElementPrice id="VTR:DistanceMatrixElementPrice:940501to940502" version="1">
                      <Amount>6.0</Amount>
                      <DistanceMatrixElementRef ref="VTR:DistanceMatrixElement:940501to940502" version="1"/>
                    </DistanceMatrixElementPrice>
                  </prices>
                </DistanceMatrixElement>
                <DistanceMatrixElement id="VTR:DistanceMatrixElement:940502to940505" version="1">
                  <Name>Kalniečių poliklinika to Eigulių</Name>
                  <StartStopPointRef ref="VTR:ScheduledStopPoint:54541" version="1"/>
                  <EndStopPointRef ref="VTR:ScheduledStopPoint:54544" version="1"/>
                  <prices>
                    <DistanceMatrixElementPrice id="VTR:DistanceMatrixElementPrice:940502to940505" version="1">
                      <Amount>6.0</Amount>
                      <DistanceMatrixElementRef ref="VTR:DistanceMatrixElement:940502to940505" version="1"/>
                    </DistanceMatrixElementPrice>
                  </prices>
                </DistanceMatrixElement>
                <DistanceMatrixElement id="VTR:DistanceMatrixElement:940503to940505" version="1">
                  <Name>Gariūnai to Eigulių</Name>
                  <StartStopPointRef ref="VTR:ScheduledStopPoint:54542" version="1"/>
                  <EndStopPointRef ref="VTR:ScheduledStopPoint:54544" version="1"/>
                  <prices>
                    <DistanceMatrixElementPrice id="VTR:DistanceMatrixElementPrice:940503to940505" version="1">
                      <Amount>6.0</Amount>
                      <DistanceMatrixElementRef ref="VTR:DistanceMatrixElement:940503to940505" version="1"/>
                    </DistanceMatrixElementPrice>
                  </prices>
                </DistanceMatrixElement>
                <DistanceMatrixElement id="VTR:DistanceMatrixElement:940504to940505" version="1">
                  <Name>Ligoninė to Eigulių</Name>
                  <StartStopPointRef ref="VTR:ScheduledStopPoint:54543" version="1"/>
                  <EndStopPointRef ref="VTR:ScheduledStopPoint:54544" version="1"/>
                  <prices>
                    <DistanceMatrixElementPrice id="VTR:DistanceMatrixElementPrice:940504to940505" version="1">
                      <Amount>6.0</Amount>
                      <DistanceMatrixElementRef ref="VTR:DistanceMatrixElement:940504to940505" version="1"/>
                    </DistanceMatrixElementPrice>
                  </prices>
                </DistanceMatrixElement>
                <DistanceMatrixElement id="VTR:DistanceMatrixElement:940504to940506" version="1">
                  <Name>Ligoninė to Vilniaus autobusų stotis</Name>
                  <StartStopPointRef ref="VTR:ScheduledStopPoint:54543" version="1"/>
                  <EndStopPointRef ref="VTR:ScheduledStopPoint:26103" version="1"/>
                  <prices>
                    <DistanceMatrixElementPrice id="VTR:DistanceMatrixElementPrice:940504to940506" version="1">
                      <Amount>6.0</Amount>
                      <DistanceMatrixElementRef ref="VTR:DistanceMatrixElement:940504to940506" version="1"/>
                    </DistanceMatrixElementPrice>
                  </prices>
                </DistanceMatrixElement>
                <DistanceMatrixElement id="VTR:DistanceMatrixElement:940408to940410" version="1">
                  <Name>Vilniaus autobusų stotis to Kalniečių poliklinika</Name>
                  <StartStopPointRef ref="VTR:ScheduledStopPoint:26042" version="1"/>
                  <EndStopPointRef ref="VTR:ScheduledStopPoint:54531" version="1"/>
                  <prices>
                    <DistanceMatrixElementPrice id="VTR:DistanceMatrixElementPrice:940408to940410" version="1">
                      <Amount>6.0</Amount>
                      <DistanceMatrixElementRef ref="VTR:DistanceMatrixElement:940408to940410" version="1"/>
                    </DistanceMatrixElementPrice>
                  </prices>
                </DistanceMatrixElement>
                <DistanceMatrixElement id="VTR:DistanceMatrixElement:940413to940415" version="1">
                  <Name>Vilniaus autobusų stotis to Kalniečių poliklinika</Name>
                  <StartStopPointRef ref="VTR:ScheduledStopPoint:26042" version="1"/>
                  <EndStopPointRef ref="VTR:ScheduledStopPoint:54531" version="1"/>
                  <prices>
                    <DistanceMatrixElementPrice id="VTR:DistanceMatrixElementPrice:940413to940415" version="1">
                      <Amount>6.0</Amount>
                      <DistanceMatrixElementRef ref="VTR:DistanceMatrixElement:940413to940415" version="1"/>
                    </DistanceMatrixElementPrice>
                  </prices>
                </DistanceMatrixElement>
                <DistanceMatrixElement id="VTR:DistanceMatrixElement:940508to940509" version="1">
                  <Name>Kalniečių poliklinika to Gariūnai</Name>
                  <StartStopPointRef ref="VTR:ScheduledStopPoint:54541" version="1"/>
                  <EndStopPointRef ref="VTR:ScheduledStopPoint:54542" version="1"/>
                  <prices>
                    <DistanceMatrixElementPrice id="VTR:DistanceMatrixElementPrice:940508to940509" version="1">
                      <Amount>6.0</Amount>
                      <DistanceMatrixElementRef ref="VTR:DistanceMatrixElement:940508to940509" version="1"/>
                    </DistanceMatrixElementPrice>
                  </prices>
                </DistanceMatrixElement>
                <DistanceMatrixElement id="VTR:DistanceMatrixElement:940507to940512" version="1">
                  <Name>Kauno autobusų stotis to Vilniaus autobusų stotis</Name>
                  <StartStopPointRef ref="VTR:ScheduledStopPoint:26096" version="1"/>
                  <EndStopPointRef ref="VTR:ScheduledStopPoint:26103" version="1"/>
                  <prices>
                    <DistanceMatrixElementPrice id="VTR:DistanceMatrixElementPrice:940507to940512" version="1">
                      <Amount>6.0</Amount>
                      <DistanceMatrixElementRef ref="VTR:DistanceMatrixElement:940507to940512" version="1"/>
                    </DistanceMatrixElementPrice>
                  </prices>
                </DistanceMatrixElement>
                <DistanceMatrixElement id="VTR:DistanceMatrixElement:940408to940409" version="1">
                  <Name>Vilniaus autobusų stotis to Gariūnai</Name>
                  <StartStopPointRef ref="VTR:ScheduledStopPoint:26042" version="1"/>
                  <EndStopPointRef ref="VTR:ScheduledStopPoint:54530" version="1"/>
                  <prices>
                    <DistanceMatrixElementPrice id="VTR:DistanceMatrixElementPrice:940408to940409" version="1">
                      <Amount>6.0</Amount>
                      <DistanceMatrixElementRef ref="VTR:DistanceMatrixElement:940408to940409" version="1"/>
                    </DistanceMatrixElementPrice>
                  </prices>
                </DistanceMatrixElement>
                <DistanceMatrixElement id="VTR:DistanceMatrixElement:940409to940411" version="1">
                  <Name>Gariūnai to K. Petrausko g.</Name>
                  <StartStopPointRef ref="VTR:ScheduledStopPoint:54530" version="1"/>
                  <EndStopPointRef ref="VTR:ScheduledStopPoint:54532" version="1"/>
                  <prices>
                    <DistanceMatrixElementPrice id="VTR:DistanceMatrixElementPrice:940409to940411" version="1">
                      <Amount>6.0</Amount>
                      <DistanceMatrixElementRef ref="VTR:DistanceMatrixElement:940409to940411" version="1"/>
                    </DistanceMatrixElementPrice>
                  </prices>
                </DistanceMatrixElement>
                <DistanceMatrixElement id="VTR:DistanceMatrixElement:940507to940509" version="1">
                  <Name>Kauno autobusų stotis to Gariūnai</Name>
                  <StartStopPointRef ref="VTR:ScheduledStopPoint:26096" version="1"/>
                  <EndStopPointRef ref="VTR:ScheduledStopPoint:54542" version="1"/>
                  <prices>
                    <DistanceMatrixElementPrice id="VTR:DistanceMatrixElementPrice:940507to940509" version="1">
                      <Amount>6.0</Amount>
                      <DistanceMatrixElementRef ref="VTR:DistanceMatrixElement:940507to940509" version="1"/>
                    </DistanceMatrixElementPrice>
                  </prices>
                </DistanceMatrixElement>
                <DistanceMatrixElement id="VTR:DistanceMatrixElement:940511to940512" version="1">
                  <Name>Eigulių to Vilniaus autobusų stotis</Name>
                  <StartStopPointRef ref="VTR:ScheduledStopPoint:54544" version="1"/>
                  <EndStopPointRef ref="VTR:ScheduledStopPoint:26103" version="1"/>
                  <prices>
                    <DistanceMatrixElementPrice id="VTR:DistanceMatrixElementPrice:940511to940512" version="1">
                      <Amount>6.0</Amount>
                      <DistanceMatrixElementRef ref="VTR:DistanceMatrixElement:940511to940512" version="1"/>
                    </DistanceMatrixElementPrice>
                  </prices>
                </DistanceMatrixElement>
                <DistanceMatrixElement id="VTR:DistanceMatrixElement:940415to940416" version="1">
                  <Name>Kalniečių poliklinika to K. Petrausko g.</Name>
                  <StartStopPointRef ref="VTR:ScheduledStopPoint:54531" version="1"/>
                  <EndStopPointRef ref="VTR:ScheduledStopPoint:54532" version="1"/>
                  <prices>
                    <DistanceMatrixElementPrice id="VTR:DistanceMatrixElementPrice:940415to940416" version="1">
                      <Amount>6.0</Amount>
                      <DistanceMatrixElementRef ref="VTR:DistanceMatrixElement:940415to940416" version="1"/>
                    </DistanceMatrixElementPrice>
                  </prices>
                </DistanceMatrixElement>
              </distanceMatrixElements>
            </Tariff>
          </tariffs>
          <usageParameters>
            <FrequencyOfUse id="VTR:FrequencyOfUse:oneTrip" version="1">
              <FrequencyOfUseType>unlimited</FrequencyOfUseType>
              <MaximalFrequency>1</MaximalFrequency>
            </FrequencyOfUse>
          </usageParameters>
        </FareFrame>
      </frames>
    </CompositeFrame>
  </dataObjects>
</PublicationDelivery>
