<?xml version="1.0" encoding="UTF-8"?><PublicationDelivery xmlns="http://www.netex.org.uk/netex" xmlns:gis="http://www.opengis.net/gml/3.2" xmlns:ns2="http://www.opengis.net/gml/3.2" xmlns:ns3="http://www.siri.org.uk/siri" xmlns:xsi="http://www.w3.org/2001/XMLSchema-instance" version="1" xsi:schemaLocation="">
  <PublicationTimestamp>2022-04-02T00:40:00.232</PublicationTimestamp>
  <ParticipantRef>VTR</ParticipantRef>
  <Description>1</Description>
  <dataObjects>
    <CompositeFrame created="2022-04-02T00:40:00.232" version="1" id="VTR:CompositeFrame:1149">
      <validityConditions>
        <AvailabilityCondition version="1" id="VTR:AvailabilityCondition:1149">
          <FromDate>2010-03-02T00:00:00</FromDate>
          <ToDate>2027-12-30T00:00:00</ToDate>
        </AvailabilityCondition>
      </validityConditions>
      <codespaces>
        <Codespace id="vtr">
          <Xmlns>VTR</Xmlns>
          <XmlnsUrl>http://www.visimarsrutai.lt/</XmlnsUrl>
        </Codespace>
      </codespaces>
      <FrameDefaults>
        <DefaultLocale>
          <TimeZone>Europe/Vilnius</TimeZone>
        </DefaultLocale>
        <DefaultLocationSystem>WGS84</DefaultLocationSystem>
      </FrameDefaults>
      <frames>
        <ServiceCalendarFrame version="1" id="VTR:ServiceCalendarFrame:1149">
          <dayTypes>
            <DayType id="VTR:DayType:25851" version="1">
              <properties>
                <PropertyOfDay>
                  <DaysOfWeek>Weekdays</DaysOfWeek>
                </PropertyOfDay>
              </properties>
            </DayType>
            <DayType id="VTR:DayType:90" version="1">
              <properties>
                <PropertyOfDay>
                  <DaysOfWeek>Weekdays</DaysOfWeek>
                </PropertyOfDay>
              </properties>
            </DayType>
          </dayTypes>
          <operatingPeriods>
            <OperatingPeriod version="1" id="VTR:OperatingPeriod:25851">
              <FromDate>2019-01-01T00:00:00</FromDate>
              <ToDate>2099-01-01T00:00:00</ToDate>
            </OperatingPeriod>
            <OperatingPeriod version="1" id="VTR:OperatingPeriod:90">
              <FromDate>2015-06-02T00:00:00</FromDate>
              <ToDate>2099-12-31T00:00:00</ToDate>
            </OperatingPeriod>
          </operatingPeriods>
          <dayTypeAssignments>
            <DayTypeAssignment id="VTR:DayTypeAssignment:90_0" version="1" order="101">
              <OperatingPeriodRef ref="VTR:OperatingPeriod:90" version="1"/>
              <DayTypeRef ref="VTR:DayType:90" version="1"/>
            </DayTypeAssignment>
            <DayTypeAssignment id="VTR:DayTypeAssignment:25851_0" version="1" order="4249">
              <OperatingPeriodRef ref="VTR:OperatingPeriod:25851" version="1"/>
              <DayTypeRef ref="VTR:DayType:25851" version="1"/>
            </DayTypeAssignment>
          </dayTypeAssignments>
        </ServiceCalendarFrame>
        <ServiceFrame id="VTR:ServiceFrame:1149" version="1">
          <Network version="0" id="VTR:Network:2"/>
          <routePoints>
            <RoutePoint version="1" id="VTR:RoutePoint:1757998">
              <projections>
                <PointProjection version="1" id="VTR:PointProjection:1892">
                  <ProjectedPointRef ref="VTR:ScheduledStopPoint:1757998" version="1"/>
                </PointProjection>
              </projections>
            </RoutePoint>
            <RoutePoint version="1" id="VTR:RoutePoint:1758004">
              <projections>
                <PointProjection version="1" id="VTR:PointProjection:51536">
                  <ProjectedPointRef ref="VTR:ScheduledStopPoint:1758004" version="1"/>
                </PointProjection>
              </projections>
            </RoutePoint>
            <RoutePoint version="1" id="VTR:RoutePoint:1758009">
              <projections>
                <PointProjection version="1" id="VTR:PointProjection:51557">
                  <ProjectedPointRef ref="VTR:ScheduledStopPoint:1758009" version="1"/>
                </PointProjection>
              </projections>
            </RoutePoint>
            <RoutePoint version="1" id="VTR:RoutePoint:1758010">
              <projections>
                <PointProjection version="1" id="VTR:PointProjection:51558">
                  <ProjectedPointRef ref="VTR:ScheduledStopPoint:1758010" version="1"/>
                </PointProjection>
              </projections>
            </RoutePoint>
            <RoutePoint version="1" id="VTR:RoutePoint:1758011">
              <projections>
                <PointProjection version="1" id="VTR:PointProjection:51559">
                  <ProjectedPointRef ref="VTR:ScheduledStopPoint:1758011" version="1"/>
                </PointProjection>
              </projections>
            </RoutePoint>
            <RoutePoint version="1" id="VTR:RoutePoint:1758015">
              <projections>
                <PointProjection version="1" id="VTR:PointProjection:52394">
                  <ProjectedPointRef ref="VTR:ScheduledStopPoint:1758015" version="1"/>
                </PointProjection>
              </projections>
            </RoutePoint>
            <RoutePoint version="1" id="VTR:RoutePoint:1758022">
              <projections>
                <PointProjection version="1" id="VTR:PointProjection:52395">
                  <ProjectedPointRef ref="VTR:ScheduledStopPoint:1758022" version="1"/>
                </PointProjection>
              </projections>
            </RoutePoint>
            <RoutePoint version="1" id="VTR:RoutePoint:1758023">
              <projections>
                <PointProjection version="1" id="VTR:PointProjection:52396">
                  <ProjectedPointRef ref="VTR:ScheduledStopPoint:1758023" version="1"/>
                </PointProjection>
              </projections>
            </RoutePoint>
          </routePoints>
          <routes>
            <Route version="1" id="VTR:Route:20296">
              <Name>Kaunas-Kalvarija</Name>
              <ShortName>Kaunas-Kalvarija</ShortName>
              <LineRef ref="VTR:Line:444" version="9309"/>
              <DirectionType>outbound</DirectionType>
              <pointsInSequence>
                <PointOnRoute version="1" id="VTR:PointOnRoute:1757998" order="1">
                  <RoutePointRef ref="VTR:RoutePoint:1757998"/>
                </PointOnRoute>
                <PointOnRoute version="1" id="VTR:PointOnRoute:1758010" order="2">
                  <RoutePointRef ref="VTR:RoutePoint:1758010"/>
                </PointOnRoute>
                <PointOnRoute version="1" id="VTR:PointOnRoute:1758004" order="3">
                  <RoutePointRef ref="VTR:RoutePoint:1758004"/>
                </PointOnRoute>
                <PointOnRoute version="1" id="VTR:PointOnRoute:1758009" order="4">
                  <RoutePointRef ref="VTR:RoutePoint:1758009"/>
                </PointOnRoute>
              </pointsInSequence>
            </Route>
            <Route version="1" id="VTR:Route:20297">
              <Name>Kalvarija-Kaunas</Name>
              <ShortName>Kalvarija-Kaunas</ShortName>
              <LineRef ref="VTR:Line:444" version="9309"/>
              <DirectionType>inbound</DirectionType>
              <pointsInSequence>
                <PointOnRoute version="1" id="VTR:PointOnRoute:1758011" order="1">
                  <RoutePointRef ref="VTR:RoutePoint:1758011"/>
                </PointOnRoute>
                <PointOnRoute version="1" id="VTR:PointOnRoute:1758015" order="2">
                  <RoutePointRef ref="VTR:RoutePoint:1758015"/>
                </PointOnRoute>
                <PointOnRoute version="1" id="VTR:PointOnRoute:1758023" order="3">
                  <RoutePointRef ref="VTR:RoutePoint:1758023"/>
                </PointOnRoute>
                <PointOnRoute version="1" id="VTR:PointOnRoute:1758022" order="4">
                  <RoutePointRef ref="VTR:RoutePoint:1758022"/>
                </PointOnRoute>
              </pointsInSequence>
            </Route>
          </routes>
          <lines>
            <Line version="9309" id="VTR:Line:444">
              <Name>Kaunas-Kalvarija</Name>
              <TransportMode>bus</TransportMode>
              <TransportSubmode>
                <CoachSubmode>nationalCoach</CoachSubmode>
              </TransportSubmode>
              <PublicCode>M-304</PublicCode>
              <OperatorRef ref="VTR:Operator:2"/>
            </Line>
          </lines>
          <scheduledStopPoints>
            <ScheduledStopPoint version="1" id="VTR:ScheduledStopPoint:1757998">
              <Name>Kauno autobusų stotis</Name>
            </ScheduledStopPoint>
            <ScheduledStopPoint version="1" id="VTR:ScheduledStopPoint:1758004">
              <Name>Marijampolės autobusų stotis</Name>
            </ScheduledStopPoint>
            <ScheduledStopPoint version="1" id="VTR:ScheduledStopPoint:1758009">
              <Name>Kalvarijos stotis</Name>
            </ScheduledStopPoint>
            <ScheduledStopPoint version="1" id="VTR:ScheduledStopPoint:1758010">
              <Name>Sūduvos stadionas</Name>
            </ScheduledStopPoint>
            <ScheduledStopPoint version="1" id="VTR:ScheduledStopPoint:1758011">
              <Name>Kalvarijos stotis</Name>
            </ScheduledStopPoint>
            <ScheduledStopPoint version="1" id="VTR:ScheduledStopPoint:1758015">
              <Name>Marijampolės autobusų stotis</Name>
            </ScheduledStopPoint>
            <ScheduledStopPoint version="1" id="VTR:ScheduledStopPoint:1758022">
              <Name>Kauno autobusų stotis</Name>
            </ScheduledStopPoint>
            <ScheduledStopPoint version="1" id="VTR:ScheduledStopPoint:1758023">
              <Name>Europos pr.</Name>
            </ScheduledStopPoint>
          </scheduledStopPoints>
          <serviceLinks>
            <ServiceLink id="VTR:ServiceLink:1758023_1_1758022_1" version="1">
              <Distance>4</Distance>
              <FromPointRef ref="VTR:ScheduledStopPoint:1758023" version="1"/>
              <ToPointRef ref="VTR:ScheduledStopPoint:1758022" version="1"/>
            </ServiceLink>
            <ServiceLink id="VTR:ServiceLink:1757998_1_1758010_1" version="1">
              <Distance>55</Distance>
              <FromPointRef ref="VTR:ScheduledStopPoint:1757998" version="1"/>
              <ToPointRef ref="VTR:ScheduledStopPoint:1758010" version="1"/>
            </ServiceLink>
          </serviceLinks>
          <stopAssignments>
            <PassengerStopAssignment order="2029600000" id="VTR:PassengerStopAssignment:1757998" version="1">
              <ScheduledStopPointRef ref="VTR:ScheduledStopPoint:1757998" version="1"/>
              <QuayRef ref="VTR:Quay:19470"/>
            </PassengerStopAssignment>
            <PassengerStopAssignment order="2029600001" id="VTR:PassengerStopAssignment:1758010" version="1">
              <ScheduledStopPointRef ref="VTR:ScheduledStopPoint:1758010" version="1"/>
              <QuayRef ref="VTR:Quay:19513"/>
            </PassengerStopAssignment>
            <PassengerStopAssignment order="2029600007" id="VTR:PassengerStopAssignment:1758004" version="1">
              <ScheduledStopPointRef ref="VTR:ScheduledStopPoint:1758004" version="1"/>
              <QuayRef ref="VTR:Quay:19462"/>
            </PassengerStopAssignment>
            <PassengerStopAssignment order="2029600012" id="VTR:PassengerStopAssignment:1758009" version="1">
              <ScheduledStopPointRef ref="VTR:ScheduledStopPoint:1758009" version="1"/>
              <QuayRef ref="VTR:Quay:6921"/>
            </PassengerStopAssignment>
            <PassengerStopAssignment order="2029700000" id="VTR:PassengerStopAssignment:1758011" version="1">
              <ScheduledStopPointRef ref="VTR:ScheduledStopPoint:1758011" version="1"/>
              <QuayRef ref="VTR:Quay:6921"/>
            </PassengerStopAssignment>
            <PassengerStopAssignment order="2029700004" id="VTR:PassengerStopAssignment:1758015" version="1">
              <ScheduledStopPointRef ref="VTR:ScheduledStopPoint:1758015" version="1"/>
              <QuayRef ref="VTR:Quay:19462"/>
            </PassengerStopAssignment>
            <PassengerStopAssignment order="2029700011" id="VTR:PassengerStopAssignment:1758023" version="1">
              <ScheduledStopPointRef ref="VTR:ScheduledStopPoint:1758023" version="1"/>
              <QuayRef ref="VTR:Quay:21443"/>
            </PassengerStopAssignment>
            <PassengerStopAssignment order="2029700012" id="VTR:PassengerStopAssignment:1758022" version="1">
              <ScheduledStopPointRef ref="VTR:ScheduledStopPoint:1758022" version="1"/>
              <QuayRef ref="VTR:Quay:19470"/>
            </PassengerStopAssignment>
          </stopAssignments>
          <journeyPatterns>
            <JourneyPattern id="VTR:JourneyPattern:3760406" version="3762985">
              <Name>2*</Name>
              <RouteRef ref="VTR:Route:20297" version="1"/>
              <pointsInSequence>
                <StopPointInJourneyPattern id="VTR:StopPointInJourneyPattern:129043841" version="3762985" order="1">
                  <ScheduledStopPointRef ref="VTR:ScheduledStopPoint:1758011"/>
                  <ForAlighting>false</ForAlighting>
                  <DestinationDisplayRef ref="VTR:DestinationDisplay:1"/>
                </StopPointInJourneyPattern>
                <StopPointInJourneyPattern id="VTR:StopPointInJourneyPattern:129043842" version="3762985" order="2">
                  <ScheduledStopPointRef ref="VTR:ScheduledStopPoint:1758015"/>
                  <DestinationDisplayRef ref="VTR:DestinationDisplay:1"/>
                </StopPointInJourneyPattern>
                <StopPointInJourneyPattern id="VTR:StopPointInJourneyPattern:129043843" version="3762985" order="3">
                  <ScheduledStopPointRef ref="VTR:ScheduledStopPoint:1758023"/>
                  <ForBoarding>false</ForBoarding>
                  <DestinationDisplayRef ref="VTR:DestinationDisplay:1"/>
                </StopPointInJourneyPattern>
                <StopPointInJourneyPattern id="VTR:StopPointInJourneyPattern:129043844" version="3762985" order="4">
                  <ScheduledStopPointRef ref="VTR:ScheduledStopPoint:1758022"/>
                  <ForBoarding>false</ForBoarding>
                  <DestinationDisplayRef ref="VTR:DestinationDisplay:1"/>
                </StopPointInJourneyPattern>
              </pointsInSequence>
            </JourneyPattern>
            <JourneyPattern id="VTR:JourneyPattern:3760405" version="3762984">
              <Name>1*</Name>
              <RouteRef ref="VTR:Route:20296" version="1"/>
              <pointsInSequence>
                <StopPointInJourneyPattern id="VTR:StopPointInJourneyPattern:129043837" version="3762984" order="1">
                  <ScheduledStopPointRef ref="VTR:ScheduledStopPoint:1757998"/>
                  <ForAlighting>false</ForAlighting>
                  <DestinationDisplayRef ref="VTR:DestinationDisplay:1"/>
                </StopPointInJourneyPattern>
                <StopPointInJourneyPattern id="VTR:StopPointInJourneyPattern:129043838" version="3762984" order="2">
                  <ScheduledStopPointRef ref="VTR:ScheduledStopPoint:1758010"/>
                  <ForBoarding>false</ForBoarding>
                  <DestinationDisplayRef ref="VTR:DestinationDisplay:1"/>
                </StopPointInJourneyPattern>
                <StopPointInJourneyPattern id="VTR:StopPointInJourneyPattern:129043839" version="3762984" order="3">
                  <ScheduledStopPointRef ref="VTR:ScheduledStopPoint:1758004"/>
                  <DestinationDisplayRef ref="VTR:DestinationDisplay:1"/>
                </StopPointInJourneyPattern>
                <StopPointInJourneyPattern id="VTR:StopPointInJourneyPattern:129043840" version="3762984" order="4">
                  <ScheduledStopPointRef ref="VTR:ScheduledStopPoint:1758009"/>
                  <ForBoarding>false</ForBoarding>
                  <DestinationDisplayRef ref="VTR:DestinationDisplay:1"/>
                </StopPointInJourneyPattern>
              </pointsInSequence>
            </JourneyPattern>
          </journeyPatterns>
        </ServiceFrame>
        <TimetableFrame version="1" id="VTR:TimetableFrame:1149">
          <vehicleJourneys>
            <ServiceJourney version="3762984" id="VTR:ServiceJourney:3760405">
              <Name>Kaunas-Kalvarija</Name>
              <PrivateCode>1*</PrivateCode>
              <dayTypes>
                <DayTypeRef ref="VTR:DayType:25851"/>
              </dayTypes>
              <JourneyPatternRef version="3762984" ref="VTR:JourneyPattern:3760405"/>
              <OperatorRef ref="VTR:Operator:474"/>
              <LineRef ref="VTR:Line:444" version="9309"/>
              <passingTimes>
                <TimetabledPassingTime version="3762984" id="VTR:TimetabledPassingTime:3760405_129043837_1">
                  <StopPointInJourneyPatternRef ref="VTR:StopPointInJourneyPattern:129043837" version="3762984"/>
                  <DepartureTime>14:20:00</DepartureTime>
                  <DepartureDayOffset>0</DepartureDayOffset>
                </TimetabledPassingTime>
                <TimetabledPassingTime version="3762984" id="VTR:TimetabledPassingTime:3760405_129043838_2">
                  <StopPointInJourneyPatternRef ref="VTR:StopPointInJourneyPattern:129043838" version="3762984"/>
                  <DepartureTime>15:14:00</DepartureTime>
                  <DepartureDayOffset>0</DepartureDayOffset>
                </TimetabledPassingTime>
                <TimetabledPassingTime version="3762984" id="VTR:TimetabledPassingTime:3760405_129043839_3">
                  <StopPointInJourneyPatternRef ref="VTR:StopPointInJourneyPattern:129043839" version="3762984"/>
                  <DepartureTime>15:30:00</DepartureTime>
                  <DepartureDayOffset>0</DepartureDayOffset>
                </TimetabledPassingTime>
                <TimetabledPassingTime version="3762984" id="VTR:TimetabledPassingTime:3760405_129043840_4">
                  <StopPointInJourneyPatternRef ref="VTR:StopPointInJourneyPattern:129043840" version="3762984"/>
                  <DepartureTime>15:50:00</DepartureTime>
                  <DepartureDayOffset>0</DepartureDayOffset>
                </TimetabledPassingTime>
              </passingTimes>
            </ServiceJourney>
            <ServiceJourney version="3762985" id="VTR:ServiceJourney:3760406">
              <Name>Kalvarija-Kaunas</Name>
              <PrivateCode>2*</PrivateCode>
              <dayTypes>
                <DayTypeRef ref="VTR:DayType:25851"/>
              </dayTypes>
              <JourneyPatternRef version="3762985" ref="VTR:JourneyPattern:3760406"/>
              <OperatorRef ref="VTR:Operator:474"/>
              <LineRef ref="VTR:Line:444" version="9309"/>
              <passingTimes>
                <TimetabledPassingTime version="3762985" id="VTR:TimetabledPassingTime:3760406_129043841_1">
                  <StopPointInJourneyPatternRef ref="VTR:StopPointInJourneyPattern:129043841" version="3762985"/>
                  <DepartureTime>16:50:00</DepartureTime>
                  <DepartureDayOffset>0</DepartureDayOffset>
                </TimetabledPassingTime>
                <TimetabledPassingTime version="3762985" id="VTR:TimetabledPassingTime:3760406_129043842_2">
                  <StopPointInJourneyPatternRef ref="VTR:StopPointInJourneyPattern:129043842" version="3762985"/>
                  <DepartureTime>17:20:00</DepartureTime>
                  <DepartureDayOffset>0</DepartureDayOffset>
                </TimetabledPassingTime>
                <TimetabledPassingTime version="3762985" id="VTR:TimetabledPassingTime:3760406_129043843_3">
                  <StopPointInJourneyPatternRef ref="VTR:StopPointInJourneyPattern:129043843" version="3762985"/>
                  <DepartureTime>18:11:00</DepartureTime>
                  <DepartureDayOffset>0</DepartureDayOffset>
                </TimetabledPassingTime>
                <TimetabledPassingTime version="3762985" id="VTR:TimetabledPassingTime:3760406_129043844_4">
                  <StopPointInJourneyPatternRef ref="VTR:StopPointInJourneyPattern:129043844" version="3762985"/>
                  <DepartureTime>18:20:00</DepartureTime>
                  <DepartureDayOffset>0</DepartureDayOffset>
                </TimetabledPassingTime>
              </passingTimes>
            </ServiceJourney>
          </vehicleJourneys>
        </TimetableFrame>
        <ResourceFrame version="1" id="VTR:ResourceFrame:1149">
          <organisations>
            <Authority version="1" id="VTR:Authority:2">
              <CompanyNumber>188647255</CompanyNumber>
              <Name>LTSA</Name>
              <LegalName>Lietuvos transporto saugos administracija</LegalName>
              <ContactDetails>
                <Email>ltsa@ltsa.lrv.lt</Email>
                <Phone>8 5  278 5602</Phone>
                <Url>www.ltsa.lrv.lt</Url>
              </ContactDetails>
              <OrganisationType>authority</OrganisationType>
            </Authority>
          </organisations>
        </ResourceFrame>
        <FareFrame id="VTR:FareFrame:444" version="1">
          <FrameDefaults>
            <DefaultCurrency>EUR</DefaultCurrency>
          </FrameDefaults>
          <fareStructureElements>
            <FareStructureElement id="VTR:FareStructureElement:pricematrix" version="1">
              <distanceMatrixElements>
                <DistanceMatrixElementRef ref="VTR:DistanceMatrixElement:129043838to129043839" version="1"/>
                <DistanceMatrixElementRef ref="VTR:DistanceMatrixElement:129043838to129043840" version="1"/>
                <DistanceMatrixElementRef ref="VTR:DistanceMatrixElement:129043837to129043840" version="1"/>
                <DistanceMatrixElementRef ref="VTR:DistanceMatrixElement:129043842to129043844" version="1"/>
                <DistanceMatrixElementRef ref="VTR:DistanceMatrixElement:129043837to129043838" version="1"/>
                <DistanceMatrixElementRef ref="VTR:DistanceMatrixElement:129043841to129043843" version="1"/>
                <DistanceMatrixElementRef ref="VTR:DistanceMatrixElement:129043839to129043840" version="1"/>
                <DistanceMatrixElementRef ref="VTR:DistanceMatrixElement:129043841to129043844" version="1"/>
                <DistanceMatrixElementRef ref="VTR:DistanceMatrixElement:129043842to129043843" version="1"/>
                <DistanceMatrixElementRef ref="VTR:DistanceMatrixElement:129043843to129043844" version="1"/>
                <DistanceMatrixElementRef ref="VTR:DistanceMatrixElement:129043837to129043839" version="1"/>
                <DistanceMatrixElementRef ref="VTR:DistanceMatrixElement:129043841to129043842" version="1"/>
              </distanceMatrixElements>
            </FareStructureElement>
          </fareStructureElements>
          <tariffs>
            <Tariff id="VTR:Tariff:pointToPointInSeparateJourney_444" version="1">
              <Name>Point to point tariff</Name>
              <distanceMatrixElements>
                <DistanceMatrixElement id="VTR:DistanceMatrixElement:129043838to129043839" version="1">
                  <Name>Sūduvos stadionas to Marijampolės autobusų stotis</Name>
                  <StartStopPointRef ref="VTR:ScheduledStopPoint:1758010" version="1"/>
                  <EndStopPointRef ref="VTR:ScheduledStopPoint:1758004" version="1"/>
                  <prices>
                    <DistanceMatrixElementPrice id="VTR:DistanceMatrixElementPrice:129043838to129043839" version="1">
                      <Amount>0.0</Amount>
                      <DistanceMatrixElementRef ref="VTR:DistanceMatrixElement:129043838to129043839" version="1"/>
                    </DistanceMatrixElementPrice>
                  </prices>
                </DistanceMatrixElement>
                <DistanceMatrixElement id="VTR:DistanceMatrixElement:129043838to129043840" version="1">
                  <Name>Sūduvos stadionas to Kalvarijos stotis</Name>
                  <StartStopPointRef ref="VTR:ScheduledStopPoint:1758010" version="1"/>
                  <EndStopPointRef ref="VTR:ScheduledStopPoint:1758009" version="1"/>
                  <prices>
                    <DistanceMatrixElementPrice id="VTR:DistanceMatrixElementPrice:129043838to129043840" version="1">
                      <Amount>0.0</Amount>
                      <DistanceMatrixElementRef ref="VTR:DistanceMatrixElement:129043838to129043840" version="1"/>
                    </DistanceMatrixElementPrice>
                  </prices>
                </DistanceMatrixElement>
                <DistanceMatrixElement id="VTR:DistanceMatrixElement:129043837to129043840" version="1">
                  <Name>Kauno autobusų stotis to Kalvarijos stotis</Name>
                  <StartStopPointRef ref="VTR:ScheduledStopPoint:1757998" version="1"/>
                  <EndStopPointRef ref="VTR:ScheduledStopPoint:1758009" version="1"/>
                  <prices>
                    <DistanceMatrixElementPrice id="VTR:DistanceMatrixElementPrice:129043837to129043840" version="1">
                      <Amount>5.3</Amount>
                      <DistanceMatrixElementRef ref="VTR:DistanceMatrixElement:129043837to129043840" version="1"/>
                    </DistanceMatrixElementPrice>
                  </prices>
                </DistanceMatrixElement>
                <DistanceMatrixElement id="VTR:DistanceMatrixElement:129043842to129043844" version="1">
                  <Name>Marijampolės autobusų stotis to Kauno autobusų stotis</Name>
                  <StartStopPointRef ref="VTR:ScheduledStopPoint:1758015" version="1"/>
                  <EndStopPointRef ref="VTR:ScheduledStopPoint:1758022" version="1"/>
                  <prices>
                    <DistanceMatrixElementPrice id="VTR:DistanceMatrixElementPrice:129043842to129043844" version="1">
                      <Amount>5.3</Amount>
                      <DistanceMatrixElementRef ref="VTR:DistanceMatrixElement:129043842to129043844" version="1"/>
                    </DistanceMatrixElementPrice>
                  </prices>
                </DistanceMatrixElement>
                <DistanceMatrixElement id="VTR:DistanceMatrixElement:129043837to129043838" version="1">
                  <Name>Kauno autobusų stotis to Sūduvos stadionas</Name>
                  <StartStopPointRef ref="VTR:ScheduledStopPoint:1757998" version="1"/>
                  <EndStopPointRef ref="VTR:ScheduledStopPoint:1758010" version="1"/>
                  <prices>
                    <DistanceMatrixElementPrice id="VTR:DistanceMatrixElementPrice:129043837to129043838" version="1">
                      <Amount>4.2</Amount>
                      <DistanceMatrixElementRef ref="VTR:DistanceMatrixElement:129043837to129043838" version="1"/>
                    </DistanceMatrixElementPrice>
                  </prices>
                </DistanceMatrixElement>
                <DistanceMatrixElement id="VTR:DistanceMatrixElement:129043841to129043843" version="1">
                  <Name>Kalvarijos stotis to Europos pr.</Name>
                  <StartStopPointRef ref="VTR:ScheduledStopPoint:1758011" version="1"/>
                  <EndStopPointRef ref="VTR:ScheduledStopPoint:1758023" version="1"/>
                  <prices>
                    <DistanceMatrixElementPrice id="VTR:DistanceMatrixElementPrice:129043841to129043843" version="1">
                      <Amount>5.3</Amount>
                      <DistanceMatrixElementRef ref="VTR:DistanceMatrixElement:129043841to129043843" version="1"/>
                    </DistanceMatrixElementPrice>
                  </prices>
                </DistanceMatrixElement>
                <DistanceMatrixElement id="VTR:DistanceMatrixElement:129043839to129043840" version="1">
                  <Name>Marijampolės autobusų stotis to Kalvarijos stotis</Name>
                  <StartStopPointRef ref="VTR:ScheduledStopPoint:1758004" version="1"/>
                  <EndStopPointRef ref="VTR:ScheduledStopPoint:1758009" version="1"/>
                  <prices>
                    <DistanceMatrixElementPrice id="VTR:DistanceMatrixElementPrice:129043839to129043840" version="1">
                      <Amount>1.4</Amount>
                      <DistanceMatrixElementRef ref="VTR:DistanceMatrixElement:129043839to129043840" version="1"/>
                    </DistanceMatrixElementPrice>
                  </prices>
                </DistanceMatrixElement>
                <DistanceMatrixElement id="VTR:DistanceMatrixElement:129043841to129043844" version="1">
                  <Name>Kalvarijos stotis to Kauno autobusų stotis</Name>
                  <StartStopPointRef ref="VTR:ScheduledStopPoint:1758011" version="1"/>
                  <EndStopPointRef ref="VTR:ScheduledStopPoint:1758022" version="1"/>
                  <prices>
                    <DistanceMatrixElementPrice id="VTR:DistanceMatrixElementPrice:129043841to129043844" version="1">
                      <Amount>5.3</Amount>
                      <DistanceMatrixElementRef ref="VTR:DistanceMatrixElement:129043841to129043844" version="1"/>
                    </DistanceMatrixElementPrice>
                  </prices>
                </DistanceMatrixElement>
                <DistanceMatrixElement id="VTR:DistanceMatrixElement:129043842to129043843" version="1">
                  <Name>Marijampolės autobusų stotis to Europos pr.</Name>
                  <StartStopPointRef ref="VTR:ScheduledStopPoint:1758015" version="1"/>
                  <EndStopPointRef ref="VTR:ScheduledStopPoint:1758023" version="1"/>
                  <prices>
                    <DistanceMatrixElementPrice id="VTR:DistanceMatrixElementPrice:129043842to129043843" version="1">
                      <Amount>5.3</Amount>
                      <DistanceMatrixElementRef ref="VTR:DistanceMatrixElement:129043842to129043843" version="1"/>
                    </DistanceMatrixElementPrice>
                  </prices>
                </DistanceMatrixElement>
                <DistanceMatrixElement id="VTR:DistanceMatrixElement:129043843to129043844" version="1">
                  <Name>Europos pr. to Kauno autobusų stotis</Name>
                  <StartStopPointRef ref="VTR:ScheduledStopPoint:1758023" version="1"/>
                  <EndStopPointRef ref="VTR:ScheduledStopPoint:1758022" version="1"/>
                  <prices>
                    <DistanceMatrixElementPrice id="VTR:DistanceMatrixElementPrice:129043843to129043844" version="1">
                      <Amount>0.0</Amount>
                      <DistanceMatrixElementRef ref="VTR:DistanceMatrixElement:129043843to129043844" version="1"/>
                    </DistanceMatrixElementPrice>
                  </prices>
                </DistanceMatrixElement>
                <DistanceMatrixElement id="VTR:DistanceMatrixElement:129043837to129043839" version="1">
                  <Name>Kauno autobusų stotis to Marijampolės autobusų stotis</Name>
                  <StartStopPointRef ref="VTR:ScheduledStopPoint:1757998" version="1"/>
                  <EndStopPointRef ref="VTR:ScheduledStopPoint:1758004" version="1"/>
                  <prices>
                    <DistanceMatrixElementPrice id="VTR:DistanceMatrixElementPrice:129043837to129043839" version="1">
                      <Amount>4.2</Amount>
                      <DistanceMatrixElementRef ref="VTR:DistanceMatrixElement:129043837to129043839" version="1"/>
                    </DistanceMatrixElementPrice>
                  </prices>
                </DistanceMatrixElement>
                <DistanceMatrixElement id="VTR:DistanceMatrixElement:129043841to129043842" version="1">
                  <Name>Kalvarijos stotis to Marijampolės autobusų stotis</Name>
                  <StartStopPointRef ref="VTR:ScheduledStopPoint:1758011" version="1"/>
                  <EndStopPointRef ref="VTR:ScheduledStopPoint:1758015" version="1"/>
                  <prices>
                    <DistanceMatrixElementPrice id="VTR:DistanceMatrixElementPrice:129043841to129043842" version="1">
                      <Amount>1.4</Amount>
                      <DistanceMatrixElementRef ref="VTR:DistanceMatrixElement:129043841to129043842" version="1"/>
                    </DistanceMatrixElementPrice>
                  </prices>
                </DistanceMatrixElement>
              </distanceMatrixElements>
            </Tariff>
          </tariffs>
          <usageParameters>
            <FrequencyOfUse id="VTR:FrequencyOfUse:oneTrip" version="1">
              <FrequencyOfUseType>unlimited</FrequencyOfUseType>
              <MaximalFrequency>1</MaximalFrequency>
            </FrequencyOfUse>
          </usageParameters>
        </FareFrame>
      </frames>
    </CompositeFrame>
  </dataObjects>
</PublicationDelivery>
