<?xml version="1.0" encoding="UTF-8"?><PublicationDelivery xmlns="http://www.netex.org.uk/netex" xmlns:gis="http://www.opengis.net/gml/3.2" xmlns:ns2="http://www.opengis.net/gml/3.2" xmlns:ns3="http://www.siri.org.uk/siri" xmlns:xsi="http://www.w3.org/2001/XMLSchema-instance" version="1" xsi:schemaLocation="">
  <PublicationTimestamp>2022-05-07T04:35:00.206</PublicationTimestamp>
  <ParticipantRef>VTR</ParticipantRef>
  <Description>1</Description>
  <dataObjects>
    <CompositeFrame created="2022-05-07T04:35:00.206" version="1" id="VTR:CompositeFrame:1395">
      <validityConditions>
        <AvailabilityCondition version="1" id="VTR:AvailabilityCondition:1395">
          <FromDate>2015-07-22T15:48:45</FromDate>
          <ToDate>2027-12-30T00:00:00</ToDate>
        </AvailabilityCondition>
      </validityConditions>
      <codespaces>
        <Codespace id="vtr">
          <Xmlns>VTR</Xmlns>
          <XmlnsUrl>http://www.visimarsrutai.lt/</XmlnsUrl>
        </Codespace>
      </codespaces>
      <FrameDefaults>
        <DefaultLocale>
          <TimeZone>Europe/Vilnius</TimeZone>
        </DefaultLocale>
        <DefaultLocationSystem>WGS84</DefaultLocationSystem>
      </FrameDefaults>
      <frames>
        <ServiceCalendarFrame version="1" id="VTR:ServiceCalendarFrame:1395">
          <dayTypes>
            <DayType id="VTR:DayType:5545" version="1">
              <properties>
                <PropertyOfDay/>
              </properties>
            </DayType>
            <DayType id="VTR:DayType:750" version="1">
              <properties>
                <PropertyOfDay>
                  <DaysOfWeek>Tuesday</DaysOfWeek>
                </PropertyOfDay>
              </properties>
            </DayType>
          </dayTypes>
          <operatingPeriods>
            <OperatingPeriod version="1" id="VTR:OperatingPeriod:5545">
              <FromDate>2016-01-01T00:00:00</FromDate>
              <ToDate>2020-12-31T00:00:00</ToDate>
            </OperatingPeriod>
            <OperatingPeriod version="1" id="VTR:OperatingPeriod:750">
              <FromDate>2015-06-08T00:00:00</FromDate>
              <ToDate>2015-08-31T00:00:00</ToDate>
            </OperatingPeriod>
          </operatingPeriods>
          <dayTypeAssignments>
            <DayTypeAssignment id="VTR:DayTypeAssignment:750_0" version="1" order="884">
              <OperatingPeriodRef ref="VTR:OperatingPeriod:750" version="1"/>
              <DayTypeRef ref="VTR:DayType:750" version="1"/>
            </DayTypeAssignment>
            <DayTypeAssignment id="VTR:DayTypeAssignment:5545_0" version="1" order="3063">
              <OperatingPeriodRef ref="VTR:OperatingPeriod:5545" version="1"/>
              <DayTypeRef ref="VTR:DayType:5545" version="1"/>
            </DayTypeAssignment>
          </dayTypeAssignments>
        </ServiceCalendarFrame>
        <ServiceFrame id="VTR:ServiceFrame:1395" version="1">
          <Network version="0" id="VTR:Network:28"/>
          <routePoints>
            <RoutePoint version="1" id="VTR:RoutePoint:563400">
              <projections>
                <PointProjection version="1" id="VTR:PointProjection:1814">
                  <ProjectedPointRef ref="VTR:ScheduledStopPoint:563400" version="1"/>
                </PointProjection>
              </projections>
            </RoutePoint>
            <RoutePoint version="1" id="VTR:RoutePoint:563401">
              <projections>
                <PointProjection version="1" id="VTR:PointProjection:1815">
                  <ProjectedPointRef ref="VTR:ScheduledStopPoint:563401" version="1"/>
                </PointProjection>
              </projections>
            </RoutePoint>
            <RoutePoint version="1" id="VTR:RoutePoint:563402">
              <projections>
                <PointProjection version="1" id="VTR:PointProjection:1816">
                  <ProjectedPointRef ref="VTR:ScheduledStopPoint:563402" version="1"/>
                </PointProjection>
              </projections>
            </RoutePoint>
            <RoutePoint version="1" id="VTR:RoutePoint:563403">
              <projections>
                <PointProjection version="1" id="VTR:PointProjection:1817">
                  <ProjectedPointRef ref="VTR:ScheduledStopPoint:563403" version="1"/>
                </PointProjection>
              </projections>
            </RoutePoint>
            <RoutePoint version="1" id="VTR:RoutePoint:563404">
              <projections>
                <PointProjection version="1" id="VTR:PointProjection:1818">
                  <ProjectedPointRef ref="VTR:ScheduledStopPoint:563404" version="1"/>
                </PointProjection>
              </projections>
            </RoutePoint>
          </routePoints>
          <routes>
            <Route version="1" id="VTR:Route:12996">
              <Name>Rietavas-Daugėdai</Name>
              <ShortName>Rietavas-Daugėdai</ShortName>
              <LineRef ref="VTR:Line:1314" version="5491"/>
              <DirectionType>outbound</DirectionType>
              <pointsInSequence>
                <PointOnRoute version="1" id="VTR:PointOnRoute:563400" order="1">
                  <RoutePointRef ref="VTR:RoutePoint:563400"/>
                </PointOnRoute>
                <PointOnRoute version="1" id="VTR:PointOnRoute:563401" order="2">
                  <RoutePointRef ref="VTR:RoutePoint:563401"/>
                </PointOnRoute>
                <PointOnRoute version="1" id="VTR:PointOnRoute:563402" order="3">
                  <RoutePointRef ref="VTR:RoutePoint:563402"/>
                </PointOnRoute>
                <PointOnRoute version="1" id="VTR:PointOnRoute:563403" order="4">
                  <RoutePointRef ref="VTR:RoutePoint:563403"/>
                </PointOnRoute>
                <PointOnRoute version="1" id="VTR:PointOnRoute:563404" order="5">
                  <RoutePointRef ref="VTR:RoutePoint:563404"/>
                </PointOnRoute>
              </pointsInSequence>
            </Route>
          </routes>
          <lines>
            <Line version="5491" id="VTR:Line:1314">
              <Name>Rietavas-Daugėdai</Name>
              <TransportMode>bus</TransportMode>
              <TransportSubmode>
                <BusSubmode>regionalBus</BusSubmode>
              </TransportSubmode>
              <PublicCode>M1Dau</PublicCode>
              <OperatorRef ref="VTR:Operator:28"/>
            </Line>
          </lines>
          <scheduledStopPoints>
            <ScheduledStopPoint version="1" id="VTR:ScheduledStopPoint:563400">
              <Name>Rietavas</Name>
            </ScheduledStopPoint>
            <ScheduledStopPoint version="1" id="VTR:ScheduledStopPoint:563401">
              <Name>Budrikiai</Name>
            </ScheduledStopPoint>
            <ScheduledStopPoint version="1" id="VTR:ScheduledStopPoint:563402">
              <Name>Bubėnai</Name>
            </ScheduledStopPoint>
            <ScheduledStopPoint version="1" id="VTR:ScheduledStopPoint:563403">
              <Name>Vitkai</Name>
            </ScheduledStopPoint>
            <ScheduledStopPoint version="1" id="VTR:ScheduledStopPoint:563404">
              <Name>Daugėdai</Name>
            </ScheduledStopPoint>
          </scheduledStopPoints>
          <serviceLinks>
            <ServiceLink id="VTR:ServiceLink:563402_1_563403_1" version="1">
              <Distance>1</Distance>
              <FromPointRef ref="VTR:ScheduledStopPoint:563402" version="1"/>
              <ToPointRef ref="VTR:ScheduledStopPoint:563403" version="1"/>
            </ServiceLink>
            <ServiceLink id="VTR:ServiceLink:563401_1_563402_1" version="1">
              <Distance>3</Distance>
              <FromPointRef ref="VTR:ScheduledStopPoint:563401" version="1"/>
              <ToPointRef ref="VTR:ScheduledStopPoint:563402" version="1"/>
            </ServiceLink>
            <ServiceLink id="VTR:ServiceLink:563400_1_563401_1" version="1">
              <Distance>3</Distance>
              <FromPointRef ref="VTR:ScheduledStopPoint:563400" version="1"/>
              <ToPointRef ref="VTR:ScheduledStopPoint:563401" version="1"/>
            </ServiceLink>
            <ServiceLink id="VTR:ServiceLink:563403_1_563404_1" version="1">
              <Distance>2</Distance>
              <FromPointRef ref="VTR:ScheduledStopPoint:563403" version="1"/>
              <ToPointRef ref="VTR:ScheduledStopPoint:563404" version="1"/>
            </ServiceLink>
          </serviceLinks>
          <stopAssignments>
            <PassengerStopAssignment order="1299600000" id="VTR:PassengerStopAssignment:563400" version="1">
              <ScheduledStopPointRef ref="VTR:ScheduledStopPoint:563400" version="1"/>
              <QuayRef ref="VTR:Quay:20038"/>
            </PassengerStopAssignment>
            <PassengerStopAssignment order="1299600001" id="VTR:PassengerStopAssignment:563401" version="1">
              <ScheduledStopPointRef ref="VTR:ScheduledStopPoint:563401" version="1"/>
              <QuayRef ref="VTR:Quay:15303"/>
            </PassengerStopAssignment>
            <PassengerStopAssignment order="1299600002" id="VTR:PassengerStopAssignment:563402" version="1">
              <ScheduledStopPointRef ref="VTR:ScheduledStopPoint:563402" version="1"/>
              <QuayRef ref="VTR:Quay:16260"/>
            </PassengerStopAssignment>
            <PassengerStopAssignment order="1299600003" id="VTR:PassengerStopAssignment:563403" version="1">
              <ScheduledStopPointRef ref="VTR:ScheduledStopPoint:563403" version="1"/>
              <QuayRef ref="VTR:Quay:15332"/>
            </PassengerStopAssignment>
            <PassengerStopAssignment order="1299600004" id="VTR:PassengerStopAssignment:563404" version="1">
              <ScheduledStopPointRef ref="VTR:ScheduledStopPoint:563404" version="1"/>
              <QuayRef ref="VTR:Quay:9307"/>
            </PassengerStopAssignment>
          </stopAssignments>
          <journeyPatterns>
            <JourneyPattern id="VTR:JourneyPattern:1042518" version="1043199">
              <Name>3</Name>
              <RouteRef ref="VTR:Route:12996" version="1"/>
              <pointsInSequence>
                <StopPointInJourneyPattern id="VTR:StopPointInJourneyPattern:28576152" version="1043199" order="1">
                  <ScheduledStopPointRef ref="VTR:ScheduledStopPoint:563400"/>
                  <DestinationDisplayRef ref="VTR:DestinationDisplay:1"/>
                </StopPointInJourneyPattern>
                <StopPointInJourneyPattern id="VTR:StopPointInJourneyPattern:28576153" version="1043199" order="2">
                  <ScheduledStopPointRef ref="VTR:ScheduledStopPoint:563401"/>
                  <DestinationDisplayRef ref="VTR:DestinationDisplay:1"/>
                </StopPointInJourneyPattern>
                <StopPointInJourneyPattern id="VTR:StopPointInJourneyPattern:28576154" version="1043199" order="3">
                  <ScheduledStopPointRef ref="VTR:ScheduledStopPoint:563402"/>
                  <DestinationDisplayRef ref="VTR:DestinationDisplay:1"/>
                </StopPointInJourneyPattern>
                <StopPointInJourneyPattern id="VTR:StopPointInJourneyPattern:28576155" version="1043199" order="4">
                  <ScheduledStopPointRef ref="VTR:ScheduledStopPoint:563403"/>
                  <DestinationDisplayRef ref="VTR:DestinationDisplay:1"/>
                </StopPointInJourneyPattern>
                <StopPointInJourneyPattern id="VTR:StopPointInJourneyPattern:28576156" version="1043199" order="5">
                  <ScheduledStopPointRef ref="VTR:ScheduledStopPoint:563404"/>
                  <DestinationDisplayRef ref="VTR:DestinationDisplay:1"/>
                </StopPointInJourneyPattern>
              </pointsInSequence>
            </JourneyPattern>
            <JourneyPattern id="VTR:JourneyPattern:1042522" version="1043203">
              <Name>3</Name>
              <RouteRef ref="VTR:Route:12996" version="1"/>
              <pointsInSequence>
                <StopPointInJourneyPattern id="VTR:StopPointInJourneyPattern:28576172" version="1043203" order="1">
                  <ScheduledStopPointRef ref="VTR:ScheduledStopPoint:563400"/>
                  <DestinationDisplayRef ref="VTR:DestinationDisplay:1"/>
                </StopPointInJourneyPattern>
                <StopPointInJourneyPattern id="VTR:StopPointInJourneyPattern:28576173" version="1043203" order="2">
                  <ScheduledStopPointRef ref="VTR:ScheduledStopPoint:563401"/>
                  <DestinationDisplayRef ref="VTR:DestinationDisplay:1"/>
                </StopPointInJourneyPattern>
                <StopPointInJourneyPattern id="VTR:StopPointInJourneyPattern:28576174" version="1043203" order="3">
                  <ScheduledStopPointRef ref="VTR:ScheduledStopPoint:563402"/>
                  <DestinationDisplayRef ref="VTR:DestinationDisplay:1"/>
                </StopPointInJourneyPattern>
                <StopPointInJourneyPattern id="VTR:StopPointInJourneyPattern:28576175" version="1043203" order="4">
                  <ScheduledStopPointRef ref="VTR:ScheduledStopPoint:563403"/>
                  <DestinationDisplayRef ref="VTR:DestinationDisplay:1"/>
                </StopPointInJourneyPattern>
                <StopPointInJourneyPattern id="VTR:StopPointInJourneyPattern:28576176" version="1043203" order="5">
                  <ScheduledStopPointRef ref="VTR:ScheduledStopPoint:563404"/>
                  <DestinationDisplayRef ref="VTR:DestinationDisplay:1"/>
                </StopPointInJourneyPattern>
              </pointsInSequence>
            </JourneyPattern>
            <JourneyPattern id="VTR:JourneyPattern:1042519" version="1043200">
              <Name>1</Name>
              <RouteRef ref="VTR:Route:12996" version="1"/>
              <pointsInSequence>
                <StopPointInJourneyPattern id="VTR:StopPointInJourneyPattern:28576157" version="1043200" order="1">
                  <ScheduledStopPointRef ref="VTR:ScheduledStopPoint:563400"/>
                  <DestinationDisplayRef ref="VTR:DestinationDisplay:1"/>
                </StopPointInJourneyPattern>
                <StopPointInJourneyPattern id="VTR:StopPointInJourneyPattern:28576158" version="1043200" order="2">
                  <ScheduledStopPointRef ref="VTR:ScheduledStopPoint:563401"/>
                  <DestinationDisplayRef ref="VTR:DestinationDisplay:1"/>
                </StopPointInJourneyPattern>
                <StopPointInJourneyPattern id="VTR:StopPointInJourneyPattern:28576159" version="1043200" order="3">
                  <ScheduledStopPointRef ref="VTR:ScheduledStopPoint:563402"/>
                  <DestinationDisplayRef ref="VTR:DestinationDisplay:1"/>
                </StopPointInJourneyPattern>
                <StopPointInJourneyPattern id="VTR:StopPointInJourneyPattern:28576160" version="1043200" order="4">
                  <ScheduledStopPointRef ref="VTR:ScheduledStopPoint:563403"/>
                  <DestinationDisplayRef ref="VTR:DestinationDisplay:1"/>
                </StopPointInJourneyPattern>
                <StopPointInJourneyPattern id="VTR:StopPointInJourneyPattern:28576161" version="1043200" order="5">
                  <ScheduledStopPointRef ref="VTR:ScheduledStopPoint:563404"/>
                  <DestinationDisplayRef ref="VTR:DestinationDisplay:1"/>
                </StopPointInJourneyPattern>
              </pointsInSequence>
            </JourneyPattern>
            <JourneyPattern id="VTR:JourneyPattern:1042521" version="1043202">
              <Name>4</Name>
              <RouteRef ref="VTR:Route:12996" version="1"/>
              <pointsInSequence>
                <StopPointInJourneyPattern id="VTR:StopPointInJourneyPattern:28576167" version="1043202" order="1">
                  <ScheduledStopPointRef ref="VTR:ScheduledStopPoint:563400"/>
                  <DestinationDisplayRef ref="VTR:DestinationDisplay:1"/>
                </StopPointInJourneyPattern>
                <StopPointInJourneyPattern id="VTR:StopPointInJourneyPattern:28576168" version="1043202" order="2">
                  <ScheduledStopPointRef ref="VTR:ScheduledStopPoint:563401"/>
                  <DestinationDisplayRef ref="VTR:DestinationDisplay:1"/>
                </StopPointInJourneyPattern>
                <StopPointInJourneyPattern id="VTR:StopPointInJourneyPattern:28576169" version="1043202" order="3">
                  <ScheduledStopPointRef ref="VTR:ScheduledStopPoint:563402"/>
                  <DestinationDisplayRef ref="VTR:DestinationDisplay:1"/>
                </StopPointInJourneyPattern>
                <StopPointInJourneyPattern id="VTR:StopPointInJourneyPattern:28576170" version="1043202" order="4">
                  <ScheduledStopPointRef ref="VTR:ScheduledStopPoint:563403"/>
                  <DestinationDisplayRef ref="VTR:DestinationDisplay:1"/>
                </StopPointInJourneyPattern>
                <StopPointInJourneyPattern id="VTR:StopPointInJourneyPattern:28576171" version="1043202" order="5">
                  <ScheduledStopPointRef ref="VTR:ScheduledStopPoint:563404"/>
                  <DestinationDisplayRef ref="VTR:DestinationDisplay:1"/>
                </StopPointInJourneyPattern>
              </pointsInSequence>
            </JourneyPattern>
            <JourneyPattern id="VTR:JourneyPattern:1042517" version="1043198">
              <Name>3</Name>
              <RouteRef ref="VTR:Route:12996" version="1"/>
              <pointsInSequence>
                <StopPointInJourneyPattern id="VTR:StopPointInJourneyPattern:28576147" version="1043198" order="1">
                  <ScheduledStopPointRef ref="VTR:ScheduledStopPoint:563400"/>
                  <DestinationDisplayRef ref="VTR:DestinationDisplay:1"/>
                </StopPointInJourneyPattern>
                <StopPointInJourneyPattern id="VTR:StopPointInJourneyPattern:28576148" version="1043198" order="2">
                  <ScheduledStopPointRef ref="VTR:ScheduledStopPoint:563401"/>
                  <DestinationDisplayRef ref="VTR:DestinationDisplay:1"/>
                </StopPointInJourneyPattern>
                <StopPointInJourneyPattern id="VTR:StopPointInJourneyPattern:28576149" version="1043198" order="3">
                  <ScheduledStopPointRef ref="VTR:ScheduledStopPoint:563402"/>
                  <DestinationDisplayRef ref="VTR:DestinationDisplay:1"/>
                </StopPointInJourneyPattern>
                <StopPointInJourneyPattern id="VTR:StopPointInJourneyPattern:28576150" version="1043198" order="4">
                  <ScheduledStopPointRef ref="VTR:ScheduledStopPoint:563403"/>
                  <DestinationDisplayRef ref="VTR:DestinationDisplay:1"/>
                </StopPointInJourneyPattern>
                <StopPointInJourneyPattern id="VTR:StopPointInJourneyPattern:28576151" version="1043198" order="5">
                  <ScheduledStopPointRef ref="VTR:ScheduledStopPoint:563404"/>
                  <DestinationDisplayRef ref="VTR:DestinationDisplay:1"/>
                </StopPointInJourneyPattern>
              </pointsInSequence>
            </JourneyPattern>
            <JourneyPattern id="VTR:JourneyPattern:1042515" version="1043196">
              <Name>3</Name>
              <RouteRef ref="VTR:Route:12996" version="1"/>
              <pointsInSequence>
                <StopPointInJourneyPattern id="VTR:StopPointInJourneyPattern:28576137" version="1043196" order="1">
                  <ScheduledStopPointRef ref="VTR:ScheduledStopPoint:563400"/>
                  <DestinationDisplayRef ref="VTR:DestinationDisplay:1"/>
                </StopPointInJourneyPattern>
                <StopPointInJourneyPattern id="VTR:StopPointInJourneyPattern:28576138" version="1043196" order="2">
                  <ScheduledStopPointRef ref="VTR:ScheduledStopPoint:563401"/>
                  <DestinationDisplayRef ref="VTR:DestinationDisplay:1"/>
                </StopPointInJourneyPattern>
                <StopPointInJourneyPattern id="VTR:StopPointInJourneyPattern:28576139" version="1043196" order="3">
                  <ScheduledStopPointRef ref="VTR:ScheduledStopPoint:563402"/>
                  <DestinationDisplayRef ref="VTR:DestinationDisplay:1"/>
                </StopPointInJourneyPattern>
                <StopPointInJourneyPattern id="VTR:StopPointInJourneyPattern:28576140" version="1043196" order="4">
                  <ScheduledStopPointRef ref="VTR:ScheduledStopPoint:563403"/>
                  <DestinationDisplayRef ref="VTR:DestinationDisplay:1"/>
                </StopPointInJourneyPattern>
                <StopPointInJourneyPattern id="VTR:StopPointInJourneyPattern:28576141" version="1043196" order="5">
                  <ScheduledStopPointRef ref="VTR:ScheduledStopPoint:563404"/>
                  <DestinationDisplayRef ref="VTR:DestinationDisplay:1"/>
                </StopPointInJourneyPattern>
              </pointsInSequence>
            </JourneyPattern>
            <JourneyPattern id="VTR:JourneyPattern:1042520" version="1043201">
              <Name>2</Name>
              <RouteRef ref="VTR:Route:12996" version="1"/>
              <pointsInSequence>
                <StopPointInJourneyPattern id="VTR:StopPointInJourneyPattern:28576162" version="1043201" order="1">
                  <ScheduledStopPointRef ref="VTR:ScheduledStopPoint:563400"/>
                  <DestinationDisplayRef ref="VTR:DestinationDisplay:1"/>
                </StopPointInJourneyPattern>
                <StopPointInJourneyPattern id="VTR:StopPointInJourneyPattern:28576163" version="1043201" order="2">
                  <ScheduledStopPointRef ref="VTR:ScheduledStopPoint:563401"/>
                  <DestinationDisplayRef ref="VTR:DestinationDisplay:1"/>
                </StopPointInJourneyPattern>
                <StopPointInJourneyPattern id="VTR:StopPointInJourneyPattern:28576164" version="1043201" order="3">
                  <ScheduledStopPointRef ref="VTR:ScheduledStopPoint:563402"/>
                  <DestinationDisplayRef ref="VTR:DestinationDisplay:1"/>
                </StopPointInJourneyPattern>
                <StopPointInJourneyPattern id="VTR:StopPointInJourneyPattern:28576165" version="1043201" order="4">
                  <ScheduledStopPointRef ref="VTR:ScheduledStopPoint:563403"/>
                  <DestinationDisplayRef ref="VTR:DestinationDisplay:1"/>
                </StopPointInJourneyPattern>
                <StopPointInJourneyPattern id="VTR:StopPointInJourneyPattern:28576166" version="1043201" order="5">
                  <ScheduledStopPointRef ref="VTR:ScheduledStopPoint:563404"/>
                  <DestinationDisplayRef ref="VTR:DestinationDisplay:1"/>
                </StopPointInJourneyPattern>
              </pointsInSequence>
            </JourneyPattern>
            <JourneyPattern id="VTR:JourneyPattern:1042516" version="1043197">
              <Name>3</Name>
              <RouteRef ref="VTR:Route:12996" version="1"/>
              <pointsInSequence>
                <StopPointInJourneyPattern id="VTR:StopPointInJourneyPattern:28576142" version="1043197" order="1">
                  <ScheduledStopPointRef ref="VTR:ScheduledStopPoint:563400"/>
                  <DestinationDisplayRef ref="VTR:DestinationDisplay:1"/>
                </StopPointInJourneyPattern>
                <StopPointInJourneyPattern id="VTR:StopPointInJourneyPattern:28576143" version="1043197" order="2">
                  <ScheduledStopPointRef ref="VTR:ScheduledStopPoint:563401"/>
                  <DestinationDisplayRef ref="VTR:DestinationDisplay:1"/>
                </StopPointInJourneyPattern>
                <StopPointInJourneyPattern id="VTR:StopPointInJourneyPattern:28576144" version="1043197" order="3">
                  <ScheduledStopPointRef ref="VTR:ScheduledStopPoint:563402"/>
                  <DestinationDisplayRef ref="VTR:DestinationDisplay:1"/>
                </StopPointInJourneyPattern>
                <StopPointInJourneyPattern id="VTR:StopPointInJourneyPattern:28576145" version="1043197" order="4">
                  <ScheduledStopPointRef ref="VTR:ScheduledStopPoint:563403"/>
                  <DestinationDisplayRef ref="VTR:DestinationDisplay:1"/>
                </StopPointInJourneyPattern>
                <StopPointInJourneyPattern id="VTR:StopPointInJourneyPattern:28576146" version="1043197" order="5">
                  <ScheduledStopPointRef ref="VTR:ScheduledStopPoint:563404"/>
                  <DestinationDisplayRef ref="VTR:DestinationDisplay:1"/>
                </StopPointInJourneyPattern>
              </pointsInSequence>
            </JourneyPattern>
          </journeyPatterns>
        </ServiceFrame>
        <TimetableFrame version="1" id="VTR:TimetableFrame:1395">
          <vehicleJourneys>
            <ServiceJourney version="1043196" id="VTR:ServiceJourney:1042515">
              <Name>Rietavas-Daugėdai</Name>
              <PrivateCode>3</PrivateCode>
              <dayTypes>
                <DayTypeRef ref="VTR:DayType:5545"/>
              </dayTypes>
              <JourneyPatternRef version="1043196" ref="VTR:JourneyPattern:1042515"/>
              <OperatorRef ref="VTR:Operator:518"/>
              <LineRef ref="VTR:Line:1314" version="5491"/>
              <passingTimes>
                <TimetabledPassingTime version="1043196" id="VTR:TimetabledPassingTime:1042515_28576137_1">
                  <StopPointInJourneyPatternRef ref="VTR:StopPointInJourneyPattern:28576137" version="1043196"/>
                  <DepartureTime>09:05:00</DepartureTime>
                  <DepartureDayOffset>0</DepartureDayOffset>
                </TimetabledPassingTime>
                <TimetabledPassingTime version="1043196" id="VTR:TimetabledPassingTime:1042515_28576138_2">
                  <StopPointInJourneyPatternRef ref="VTR:StopPointInJourneyPattern:28576138" version="1043196"/>
                  <DepartureTime>09:10:00</DepartureTime>
                  <DepartureDayOffset>0</DepartureDayOffset>
                </TimetabledPassingTime>
                <TimetabledPassingTime version="1043196" id="VTR:TimetabledPassingTime:1042515_28576139_3">
                  <StopPointInJourneyPatternRef ref="VTR:StopPointInJourneyPattern:28576139" version="1043196"/>
                  <DepartureTime>09:15:00</DepartureTime>
                  <DepartureDayOffset>0</DepartureDayOffset>
                </TimetabledPassingTime>
                <TimetabledPassingTime version="1043196" id="VTR:TimetabledPassingTime:1042515_28576140_4">
                  <StopPointInJourneyPatternRef ref="VTR:StopPointInJourneyPattern:28576140" version="1043196"/>
                  <DepartureTime>09:18:00</DepartureTime>
                  <DepartureDayOffset>0</DepartureDayOffset>
                </TimetabledPassingTime>
                <TimetabledPassingTime version="1043196" id="VTR:TimetabledPassingTime:1042515_28576141_5">
                  <StopPointInJourneyPatternRef ref="VTR:StopPointInJourneyPattern:28576141" version="1043196"/>
                  <DepartureTime>09:25:00</DepartureTime>
                  <DepartureDayOffset>0</DepartureDayOffset>
                </TimetabledPassingTime>
              </passingTimes>
            </ServiceJourney>
            <ServiceJourney version="1043203" id="VTR:ServiceJourney:1042522">
              <Name>Rietavas-Daugėdai</Name>
              <PrivateCode>3</PrivateCode>
              <dayTypes>
                <DayTypeRef ref="VTR:DayType:5545"/>
              </dayTypes>
              <JourneyPatternRef version="1043203" ref="VTR:JourneyPattern:1042522"/>
              <OperatorRef ref="VTR:Operator:518"/>
              <LineRef ref="VTR:Line:1314" version="5491"/>
              <passingTimes>
                <TimetabledPassingTime version="1043203" id="VTR:TimetabledPassingTime:1042522_28576172_1">
                  <StopPointInJourneyPatternRef ref="VTR:StopPointInJourneyPattern:28576172" version="1043203"/>
                  <DepartureTime>09:05:00</DepartureTime>
                  <DepartureDayOffset>0</DepartureDayOffset>
                </TimetabledPassingTime>
                <TimetabledPassingTime version="1043203" id="VTR:TimetabledPassingTime:1042522_28576173_2">
                  <StopPointInJourneyPatternRef ref="VTR:StopPointInJourneyPattern:28576173" version="1043203"/>
                  <DepartureTime>09:10:00</DepartureTime>
                  <DepartureDayOffset>0</DepartureDayOffset>
                </TimetabledPassingTime>
                <TimetabledPassingTime version="1043203" id="VTR:TimetabledPassingTime:1042522_28576174_3">
                  <StopPointInJourneyPatternRef ref="VTR:StopPointInJourneyPattern:28576174" version="1043203"/>
                  <DepartureTime>09:15:00</DepartureTime>
                  <DepartureDayOffset>0</DepartureDayOffset>
                </TimetabledPassingTime>
                <TimetabledPassingTime version="1043203" id="VTR:TimetabledPassingTime:1042522_28576175_4">
                  <StopPointInJourneyPatternRef ref="VTR:StopPointInJourneyPattern:28576175" version="1043203"/>
                  <DepartureTime>09:18:00</DepartureTime>
                  <DepartureDayOffset>0</DepartureDayOffset>
                </TimetabledPassingTime>
                <TimetabledPassingTime version="1043203" id="VTR:TimetabledPassingTime:1042522_28576176_5">
                  <StopPointInJourneyPatternRef ref="VTR:StopPointInJourneyPattern:28576176" version="1043203"/>
                  <DepartureTime>09:25:00</DepartureTime>
                  <DepartureDayOffset>0</DepartureDayOffset>
                </TimetabledPassingTime>
              </passingTimes>
            </ServiceJourney>
            <ServiceJourney version="1043198" id="VTR:ServiceJourney:1042517">
              <Name>Rietavas-Daugėdai</Name>
              <PrivateCode>3</PrivateCode>
              <dayTypes>
                <DayTypeRef ref="VTR:DayType:5545"/>
              </dayTypes>
              <JourneyPatternRef version="1043198" ref="VTR:JourneyPattern:1042517"/>
              <OperatorRef ref="VTR:Operator:518"/>
              <LineRef ref="VTR:Line:1314" version="5491"/>
              <passingTimes>
                <TimetabledPassingTime version="1043198" id="VTR:TimetabledPassingTime:1042517_28576147_1">
                  <StopPointInJourneyPatternRef ref="VTR:StopPointInJourneyPattern:28576147" version="1043198"/>
                  <DepartureTime>09:05:00</DepartureTime>
                  <DepartureDayOffset>0</DepartureDayOffset>
                </TimetabledPassingTime>
                <TimetabledPassingTime version="1043198" id="VTR:TimetabledPassingTime:1042517_28576148_2">
                  <StopPointInJourneyPatternRef ref="VTR:StopPointInJourneyPattern:28576148" version="1043198"/>
                  <DepartureTime>09:10:00</DepartureTime>
                  <DepartureDayOffset>0</DepartureDayOffset>
                </TimetabledPassingTime>
                <TimetabledPassingTime version="1043198" id="VTR:TimetabledPassingTime:1042517_28576149_3">
                  <StopPointInJourneyPatternRef ref="VTR:StopPointInJourneyPattern:28576149" version="1043198"/>
                  <DepartureTime>09:15:00</DepartureTime>
                  <DepartureDayOffset>0</DepartureDayOffset>
                </TimetabledPassingTime>
                <TimetabledPassingTime version="1043198" id="VTR:TimetabledPassingTime:1042517_28576150_4">
                  <StopPointInJourneyPatternRef ref="VTR:StopPointInJourneyPattern:28576150" version="1043198"/>
                  <DepartureTime>09:18:00</DepartureTime>
                  <DepartureDayOffset>0</DepartureDayOffset>
                </TimetabledPassingTime>
                <TimetabledPassingTime version="1043198" id="VTR:TimetabledPassingTime:1042517_28576151_5">
                  <StopPointInJourneyPatternRef ref="VTR:StopPointInJourneyPattern:28576151" version="1043198"/>
                  <DepartureTime>09:25:00</DepartureTime>
                  <DepartureDayOffset>0</DepartureDayOffset>
                </TimetabledPassingTime>
              </passingTimes>
            </ServiceJourney>
            <ServiceJourney version="1043202" id="VTR:ServiceJourney:1042521">
              <Name>Rietavas-Daugėdai</Name>
              <PrivateCode>4</PrivateCode>
              <dayTypes>
                <DayTypeRef ref="VTR:DayType:5545"/>
              </dayTypes>
              <JourneyPatternRef version="1043202" ref="VTR:JourneyPattern:1042521"/>
              <OperatorRef ref="VTR:Operator:518"/>
              <LineRef ref="VTR:Line:1314" version="5491"/>
              <passingTimes>
                <TimetabledPassingTime version="1043202" id="VTR:TimetabledPassingTime:1042521_28576167_1">
                  <StopPointInJourneyPatternRef ref="VTR:StopPointInJourneyPattern:28576167" version="1043202"/>
                  <DepartureTime>13:25:00</DepartureTime>
                  <DepartureDayOffset>0</DepartureDayOffset>
                </TimetabledPassingTime>
                <TimetabledPassingTime version="1043202" id="VTR:TimetabledPassingTime:1042521_28576168_2">
                  <StopPointInJourneyPatternRef ref="VTR:StopPointInJourneyPattern:28576168" version="1043202"/>
                  <DepartureTime>13:30:00</DepartureTime>
                  <DepartureDayOffset>0</DepartureDayOffset>
                </TimetabledPassingTime>
                <TimetabledPassingTime version="1043202" id="VTR:TimetabledPassingTime:1042521_28576169_3">
                  <StopPointInJourneyPatternRef ref="VTR:StopPointInJourneyPattern:28576169" version="1043202"/>
                  <DepartureTime>13:35:00</DepartureTime>
                  <DepartureDayOffset>0</DepartureDayOffset>
                </TimetabledPassingTime>
                <TimetabledPassingTime version="1043202" id="VTR:TimetabledPassingTime:1042521_28576170_4">
                  <StopPointInJourneyPatternRef ref="VTR:StopPointInJourneyPattern:28576170" version="1043202"/>
                  <DepartureTime>13:38:00</DepartureTime>
                  <DepartureDayOffset>0</DepartureDayOffset>
                </TimetabledPassingTime>
                <TimetabledPassingTime version="1043202" id="VTR:TimetabledPassingTime:1042521_28576171_5">
                  <StopPointInJourneyPatternRef ref="VTR:StopPointInJourneyPattern:28576171" version="1043202"/>
                  <DepartureTime>13:45:00</DepartureTime>
                  <DepartureDayOffset>0</DepartureDayOffset>
                </TimetabledPassingTime>
              </passingTimes>
            </ServiceJourney>
            <ServiceJourney version="1043199" id="VTR:ServiceJourney:1042518">
              <Name>Rietavas-Daugėdai</Name>
              <PrivateCode>3</PrivateCode>
              <dayTypes>
                <DayTypeRef ref="VTR:DayType:5545"/>
              </dayTypes>
              <JourneyPatternRef version="1043199" ref="VTR:JourneyPattern:1042518"/>
              <OperatorRef ref="VTR:Operator:518"/>
              <LineRef ref="VTR:Line:1314" version="5491"/>
              <passingTimes>
                <TimetabledPassingTime version="1043199" id="VTR:TimetabledPassingTime:1042518_28576152_1">
                  <StopPointInJourneyPatternRef ref="VTR:StopPointInJourneyPattern:28576152" version="1043199"/>
                  <DepartureTime>09:05:00</DepartureTime>
                  <DepartureDayOffset>0</DepartureDayOffset>
                </TimetabledPassingTime>
                <TimetabledPassingTime version="1043199" id="VTR:TimetabledPassingTime:1042518_28576153_2">
                  <StopPointInJourneyPatternRef ref="VTR:StopPointInJourneyPattern:28576153" version="1043199"/>
                  <DepartureTime>09:10:00</DepartureTime>
                  <DepartureDayOffset>0</DepartureDayOffset>
                </TimetabledPassingTime>
                <TimetabledPassingTime version="1043199" id="VTR:TimetabledPassingTime:1042518_28576154_3">
                  <StopPointInJourneyPatternRef ref="VTR:StopPointInJourneyPattern:28576154" version="1043199"/>
                  <DepartureTime>09:15:00</DepartureTime>
                  <DepartureDayOffset>0</DepartureDayOffset>
                </TimetabledPassingTime>
                <TimetabledPassingTime version="1043199" id="VTR:TimetabledPassingTime:1042518_28576155_4">
                  <StopPointInJourneyPatternRef ref="VTR:StopPointInJourneyPattern:28576155" version="1043199"/>
                  <DepartureTime>09:18:00</DepartureTime>
                  <DepartureDayOffset>0</DepartureDayOffset>
                </TimetabledPassingTime>
                <TimetabledPassingTime version="1043199" id="VTR:TimetabledPassingTime:1042518_28576156_5">
                  <StopPointInJourneyPatternRef ref="VTR:StopPointInJourneyPattern:28576156" version="1043199"/>
                  <DepartureTime>09:25:00</DepartureTime>
                  <DepartureDayOffset>0</DepartureDayOffset>
                </TimetabledPassingTime>
              </passingTimes>
            </ServiceJourney>
            <ServiceJourney version="1043201" id="VTR:ServiceJourney:1042520">
              <Name>Rietavas-Daugėdai</Name>
              <PrivateCode>2</PrivateCode>
              <dayTypes>
                <DayTypeRef ref="VTR:DayType:750"/>
              </dayTypes>
              <JourneyPatternRef version="1043201" ref="VTR:JourneyPattern:1042520"/>
              <OperatorRef ref="VTR:Operator:518"/>
              <LineRef ref="VTR:Line:1314" version="5491"/>
              <passingTimes>
                <TimetabledPassingTime version="1043201" id="VTR:TimetabledPassingTime:1042520_28576162_1">
                  <StopPointInJourneyPatternRef ref="VTR:StopPointInJourneyPattern:28576162" version="1043201"/>
                  <DepartureTime>13:00:00</DepartureTime>
                  <DepartureDayOffset>0</DepartureDayOffset>
                </TimetabledPassingTime>
                <TimetabledPassingTime version="1043201" id="VTR:TimetabledPassingTime:1042520_28576163_2">
                  <StopPointInJourneyPatternRef ref="VTR:StopPointInJourneyPattern:28576163" version="1043201"/>
                  <DepartureTime>13:05:00</DepartureTime>
                  <DepartureDayOffset>0</DepartureDayOffset>
                </TimetabledPassingTime>
                <TimetabledPassingTime version="1043201" id="VTR:TimetabledPassingTime:1042520_28576164_3">
                  <StopPointInJourneyPatternRef ref="VTR:StopPointInJourneyPattern:28576164" version="1043201"/>
                  <DepartureTime>13:10:00</DepartureTime>
                  <DepartureDayOffset>0</DepartureDayOffset>
                </TimetabledPassingTime>
                <TimetabledPassingTime version="1043201" id="VTR:TimetabledPassingTime:1042520_28576165_4">
                  <StopPointInJourneyPatternRef ref="VTR:StopPointInJourneyPattern:28576165" version="1043201"/>
                  <DepartureTime>13:13:00</DepartureTime>
                  <DepartureDayOffset>0</DepartureDayOffset>
                </TimetabledPassingTime>
                <TimetabledPassingTime version="1043201" id="VTR:TimetabledPassingTime:1042520_28576166_5">
                  <StopPointInJourneyPatternRef ref="VTR:StopPointInJourneyPattern:28576166" version="1043201"/>
                  <DepartureTime>13:20:00</DepartureTime>
                  <DepartureDayOffset>0</DepartureDayOffset>
                </TimetabledPassingTime>
              </passingTimes>
            </ServiceJourney>
            <ServiceJourney version="1043200" id="VTR:ServiceJourney:1042519">
              <Name>Rietavas-Daugėdai</Name>
              <PrivateCode>1</PrivateCode>
              <dayTypes>
                <DayTypeRef ref="VTR:DayType:750"/>
              </dayTypes>
              <JourneyPatternRef version="1043200" ref="VTR:JourneyPattern:1042519"/>
              <OperatorRef ref="VTR:Operator:518"/>
              <LineRef ref="VTR:Line:1314" version="5491"/>
              <passingTimes>
                <TimetabledPassingTime version="1043200" id="VTR:TimetabledPassingTime:1042519_28576157_1">
                  <StopPointInJourneyPatternRef ref="VTR:StopPointInJourneyPattern:28576157" version="1043200"/>
                  <DepartureTime>08:40:00</DepartureTime>
                  <DepartureDayOffset>0</DepartureDayOffset>
                </TimetabledPassingTime>
                <TimetabledPassingTime version="1043200" id="VTR:TimetabledPassingTime:1042519_28576158_2">
                  <StopPointInJourneyPatternRef ref="VTR:StopPointInJourneyPattern:28576158" version="1043200"/>
                  <DepartureTime>08:45:00</DepartureTime>
                  <DepartureDayOffset>0</DepartureDayOffset>
                </TimetabledPassingTime>
                <TimetabledPassingTime version="1043200" id="VTR:TimetabledPassingTime:1042519_28576159_3">
                  <StopPointInJourneyPatternRef ref="VTR:StopPointInJourneyPattern:28576159" version="1043200"/>
                  <DepartureTime>08:50:00</DepartureTime>
                  <DepartureDayOffset>0</DepartureDayOffset>
                </TimetabledPassingTime>
                <TimetabledPassingTime version="1043200" id="VTR:TimetabledPassingTime:1042519_28576160_4">
                  <StopPointInJourneyPatternRef ref="VTR:StopPointInJourneyPattern:28576160" version="1043200"/>
                  <DepartureTime>08:53:00</DepartureTime>
                  <DepartureDayOffset>0</DepartureDayOffset>
                </TimetabledPassingTime>
                <TimetabledPassingTime version="1043200" id="VTR:TimetabledPassingTime:1042519_28576161_5">
                  <StopPointInJourneyPatternRef ref="VTR:StopPointInJourneyPattern:28576161" version="1043200"/>
                  <DepartureTime>09:00:00</DepartureTime>
                  <DepartureDayOffset>0</DepartureDayOffset>
                </TimetabledPassingTime>
              </passingTimes>
            </ServiceJourney>
            <ServiceJourney version="1043197" id="VTR:ServiceJourney:1042516">
              <Name>Rietavas-Daugėdai</Name>
              <PrivateCode>3</PrivateCode>
              <dayTypes>
                <DayTypeRef ref="VTR:DayType:5545"/>
              </dayTypes>
              <JourneyPatternRef version="1043197" ref="VTR:JourneyPattern:1042516"/>
              <OperatorRef ref="VTR:Operator:518"/>
              <LineRef ref="VTR:Line:1314" version="5491"/>
              <passingTimes>
                <TimetabledPassingTime version="1043197" id="VTR:TimetabledPassingTime:1042516_28576142_1">
                  <StopPointInJourneyPatternRef ref="VTR:StopPointInJourneyPattern:28576142" version="1043197"/>
                  <DepartureTime>09:05:00</DepartureTime>
                  <DepartureDayOffset>0</DepartureDayOffset>
                </TimetabledPassingTime>
                <TimetabledPassingTime version="1043197" id="VTR:TimetabledPassingTime:1042516_28576143_2">
                  <StopPointInJourneyPatternRef ref="VTR:StopPointInJourneyPattern:28576143" version="1043197"/>
                  <DepartureTime>09:10:00</DepartureTime>
                  <DepartureDayOffset>0</DepartureDayOffset>
                </TimetabledPassingTime>
                <TimetabledPassingTime version="1043197" id="VTR:TimetabledPassingTime:1042516_28576144_3">
                  <StopPointInJourneyPatternRef ref="VTR:StopPointInJourneyPattern:28576144" version="1043197"/>
                  <DepartureTime>09:15:00</DepartureTime>
                  <DepartureDayOffset>0</DepartureDayOffset>
                </TimetabledPassingTime>
                <TimetabledPassingTime version="1043197" id="VTR:TimetabledPassingTime:1042516_28576145_4">
                  <StopPointInJourneyPatternRef ref="VTR:StopPointInJourneyPattern:28576145" version="1043197"/>
                  <DepartureTime>09:18:00</DepartureTime>
                  <DepartureDayOffset>0</DepartureDayOffset>
                </TimetabledPassingTime>
                <TimetabledPassingTime version="1043197" id="VTR:TimetabledPassingTime:1042516_28576146_5">
                  <StopPointInJourneyPatternRef ref="VTR:StopPointInJourneyPattern:28576146" version="1043197"/>
                  <DepartureTime>09:25:00</DepartureTime>
                  <DepartureDayOffset>0</DepartureDayOffset>
                </TimetabledPassingTime>
              </passingTimes>
            </ServiceJourney>
          </vehicleJourneys>
        </TimetableFrame>
        <ResourceFrame version="1" id="VTR:ResourceFrame:1395">
          <organisations>
            <Authority version="1" id="VTR:Authority:28">
              <CompanyNumber>74</CompanyNumber>
              <Name>Rietavo sav.</Name>
              <LegalName>Rietavo sav.</LegalName>
              <ContactDetails>
                <Email>savivaldybe@rietavas.lt</Email>
                <Phone>844873200</Phone>
                <Url>www.rietavas.lt</Url>
              </ContactDetails>
              <OrganisationType>authority</OrganisationType>
            </Authority>
          </organisations>
        </ResourceFrame>
        <FareFrame id="VTR:FareFrame:1314" version="1">
          <FrameDefaults>
            <DefaultCurrency>EUR</DefaultCurrency>
          </FrameDefaults>
          <fareStructureElements>
            <FareStructureElement id="VTR:FareStructureElement:pricematrix" version="1">
              <distanceMatrixElements>
                <DistanceMatrixElementRef ref="VTR:DistanceMatrixElement:28576142to28576144" version="1"/>
                <DistanceMatrixElementRef ref="VTR:DistanceMatrixElement:28576173to28576176" version="1"/>
                <DistanceMatrixElementRef ref="VTR:DistanceMatrixElement:28576148to28576149" version="1"/>
                <DistanceMatrixElementRef ref="VTR:DistanceMatrixElement:28576148to28576150" version="1"/>
                <DistanceMatrixElementRef ref="VTR:DistanceMatrixElement:28576155to28576156" version="1"/>
                <DistanceMatrixElementRef ref="VTR:DistanceMatrixElement:28576172to28576174" version="1"/>
                <DistanceMatrixElementRef ref="VTR:DistanceMatrixElement:28576147to28576151" version="1"/>
                <DistanceMatrixElementRef ref="VTR:DistanceMatrixElement:28576137to28576140" version="1"/>
                <DistanceMatrixElementRef ref="VTR:DistanceMatrixElement:28576138to28576140" version="1"/>
                <DistanceMatrixElementRef ref="VTR:DistanceMatrixElement:28576138to28576141" version="1"/>
                <DistanceMatrixElementRef ref="VTR:DistanceMatrixElement:28576167to28576169" version="1"/>
                <DistanceMatrixElementRef ref="VTR:DistanceMatrixElement:28576167to28576170" version="1"/>
                <DistanceMatrixElementRef ref="VTR:DistanceMatrixElement:28576143to28576144" version="1"/>
                <DistanceMatrixElementRef ref="VTR:DistanceMatrixElement:28576148to28576151" version="1"/>
                <DistanceMatrixElementRef ref="VTR:DistanceMatrixElement:28576153to28576156" version="1"/>
                <DistanceMatrixElementRef ref="VTR:DistanceMatrixElement:28576138to28576139" version="1"/>
                <DistanceMatrixElementRef ref="VTR:DistanceMatrixElement:28576139to28576141" version="1"/>
                <DistanceMatrixElementRef ref="VTR:DistanceMatrixElement:28576140to28576141" version="1"/>
                <DistanceMatrixElementRef ref="VTR:DistanceMatrixElement:28576168to28576169" version="1"/>
                <DistanceMatrixElementRef ref="VTR:DistanceMatrixElement:28576169to28576170" version="1"/>
                <DistanceMatrixElementRef ref="VTR:DistanceMatrixElement:28576172to28576173" version="1"/>
                <DistanceMatrixElementRef ref="VTR:DistanceMatrixElement:28576174to28576175" version="1"/>
                <DistanceMatrixElementRef ref="VTR:DistanceMatrixElement:28576175to28576176" version="1"/>
                <DistanceMatrixElementRef ref="VTR:DistanceMatrixElement:28576147to28576149" version="1"/>
                <DistanceMatrixElementRef ref="VTR:DistanceMatrixElement:28576149to28576150" version="1"/>
                <DistanceMatrixElementRef ref="VTR:DistanceMatrixElement:28576167to28576168" version="1"/>
                <DistanceMatrixElementRef ref="VTR:DistanceMatrixElement:28576168to28576170" version="1"/>
                <DistanceMatrixElementRef ref="VTR:DistanceMatrixElement:28576144to28576145" version="1"/>
                <DistanceMatrixElementRef ref="VTR:DistanceMatrixElement:28576144to28576146" version="1"/>
                <DistanceMatrixElementRef ref="VTR:DistanceMatrixElement:28576145to28576146" version="1"/>
                <DistanceMatrixElementRef ref="VTR:DistanceMatrixElement:28576142to28576145" version="1"/>
                <DistanceMatrixElementRef ref="VTR:DistanceMatrixElement:28576147to28576148" version="1"/>
                <DistanceMatrixElementRef ref="VTR:DistanceMatrixElement:28576150to28576151" version="1"/>
                <DistanceMatrixElementRef ref="VTR:DistanceMatrixElement:28576137to28576138" version="1"/>
                <DistanceMatrixElementRef ref="VTR:DistanceMatrixElement:28576168to28576171" version="1"/>
                <DistanceMatrixElementRef ref="VTR:DistanceMatrixElement:28576169to28576171" version="1"/>
                <DistanceMatrixElementRef ref="VTR:DistanceMatrixElement:28576172to28576175" version="1"/>
                <DistanceMatrixElementRef ref="VTR:DistanceMatrixElement:28576142to28576143" version="1"/>
                <DistanceMatrixElementRef ref="VTR:DistanceMatrixElement:28576149to28576151" version="1"/>
                <DistanceMatrixElementRef ref="VTR:DistanceMatrixElement:28576154to28576155" version="1"/>
                <DistanceMatrixElementRef ref="VTR:DistanceMatrixElement:28576154to28576156" version="1"/>
                <DistanceMatrixElementRef ref="VTR:DistanceMatrixElement:28576167to28576171" version="1"/>
                <DistanceMatrixElementRef ref="VTR:DistanceMatrixElement:28576170to28576171" version="1"/>
                <DistanceMatrixElementRef ref="VTR:DistanceMatrixElement:28576173to28576175" version="1"/>
                <DistanceMatrixElementRef ref="VTR:DistanceMatrixElement:28576147to28576150" version="1"/>
                <DistanceMatrixElementRef ref="VTR:DistanceMatrixElement:28576152to28576156" version="1"/>
                <DistanceMatrixElementRef ref="VTR:DistanceMatrixElement:28576152to28576153" version="1"/>
                <DistanceMatrixElementRef ref="VTR:DistanceMatrixElement:28576152to28576154" version="1"/>
                <DistanceMatrixElementRef ref="VTR:DistanceMatrixElement:28576153to28576155" version="1"/>
                <DistanceMatrixElementRef ref="VTR:DistanceMatrixElement:28576137to28576141" version="1"/>
                <DistanceMatrixElementRef ref="VTR:DistanceMatrixElement:28576172to28576176" version="1"/>
                <DistanceMatrixElementRef ref="VTR:DistanceMatrixElement:28576174to28576176" version="1"/>
                <DistanceMatrixElementRef ref="VTR:DistanceMatrixElement:28576142to28576146" version="1"/>
                <DistanceMatrixElementRef ref="VTR:DistanceMatrixElement:28576143to28576145" version="1"/>
                <DistanceMatrixElementRef ref="VTR:DistanceMatrixElement:28576152to28576155" version="1"/>
                <DistanceMatrixElementRef ref="VTR:DistanceMatrixElement:28576153to28576154" version="1"/>
                <DistanceMatrixElementRef ref="VTR:DistanceMatrixElement:28576137to28576139" version="1"/>
                <DistanceMatrixElementRef ref="VTR:DistanceMatrixElement:28576139to28576140" version="1"/>
                <DistanceMatrixElementRef ref="VTR:DistanceMatrixElement:28576173to28576174" version="1"/>
                <DistanceMatrixElementRef ref="VTR:DistanceMatrixElement:28576143to28576146" version="1"/>
              </distanceMatrixElements>
            </FareStructureElement>
          </fareStructureElements>
          <tariffs>
            <Tariff id="VTR:Tariff:pointToPointInSeparateJourney_1314" version="1">
              <Name>Point to point tariff</Name>
              <distanceMatrixElements>
                <DistanceMatrixElement id="VTR:DistanceMatrixElement:28576142to28576144" version="1">
                  <Name>Rietavas to Bubėnai</Name>
                  <StartStopPointRef ref="VTR:ScheduledStopPoint:563400" version="1"/>
                  <EndStopPointRef ref="VTR:ScheduledStopPoint:563402" version="1"/>
                  <prices>
                    <DistanceMatrixElementPrice id="VTR:DistanceMatrixElementPrice:28576142to28576144" version="1">
                      <Amount>0.69</Amount>
                      <DistanceMatrixElementRef ref="VTR:DistanceMatrixElement:28576142to28576144" version="1"/>
                    </DistanceMatrixElementPrice>
                  </prices>
                </DistanceMatrixElement>
                <DistanceMatrixElement id="VTR:DistanceMatrixElement:28576173to28576176" version="1">
                  <Name>Budrikiai to Daugėdai</Name>
                  <StartStopPointRef ref="VTR:ScheduledStopPoint:563401" version="1"/>
                  <EndStopPointRef ref="VTR:ScheduledStopPoint:563404" version="1"/>
                  <prices>
                    <DistanceMatrixElementPrice id="VTR:DistanceMatrixElementPrice:28576173to28576176" version="1">
                      <Amount>0.82</Amount>
                      <DistanceMatrixElementRef ref="VTR:DistanceMatrixElement:28576173to28576176" version="1"/>
                    </DistanceMatrixElementPrice>
                  </prices>
                </DistanceMatrixElement>
                <DistanceMatrixElement id="VTR:DistanceMatrixElement:28576148to28576149" version="1">
                  <Name>Budrikiai to Bubėnai</Name>
                  <StartStopPointRef ref="VTR:ScheduledStopPoint:563401" version="1"/>
                  <EndStopPointRef ref="VTR:ScheduledStopPoint:563402" version="1"/>
                  <prices>
                    <DistanceMatrixElementPrice id="VTR:DistanceMatrixElementPrice:28576148to28576149" version="1">
                      <Amount>0.35</Amount>
                      <DistanceMatrixElementRef ref="VTR:DistanceMatrixElement:28576148to28576149" version="1"/>
                    </DistanceMatrixElementPrice>
                  </prices>
                </DistanceMatrixElement>
                <DistanceMatrixElement id="VTR:DistanceMatrixElement:28576148to28576150" version="1">
                  <Name>Budrikiai to Vitkai</Name>
                  <StartStopPointRef ref="VTR:ScheduledStopPoint:563401" version="1"/>
                  <EndStopPointRef ref="VTR:ScheduledStopPoint:563403" version="1"/>
                  <prices>
                    <DistanceMatrixElementPrice id="VTR:DistanceMatrixElementPrice:28576148to28576150" version="1">
                      <Amount>0.52</Amount>
                      <DistanceMatrixElementRef ref="VTR:DistanceMatrixElement:28576148to28576150" version="1"/>
                    </DistanceMatrixElementPrice>
                  </prices>
                </DistanceMatrixElement>
                <DistanceMatrixElement id="VTR:DistanceMatrixElement:28576155to28576156" version="1">
                  <Name>Vitkai to Daugėdai</Name>
                  <StartStopPointRef ref="VTR:ScheduledStopPoint:563403" version="1"/>
                  <EndStopPointRef ref="VTR:ScheduledStopPoint:563404" version="1"/>
                  <prices>
                    <DistanceMatrixElementPrice id="VTR:DistanceMatrixElementPrice:28576155to28576156" version="1">
                      <Amount>0.3</Amount>
                      <DistanceMatrixElementRef ref="VTR:DistanceMatrixElement:28576155to28576156" version="1"/>
                    </DistanceMatrixElementPrice>
                  </prices>
                </DistanceMatrixElement>
                <DistanceMatrixElement id="VTR:DistanceMatrixElement:28576172to28576174" version="1">
                  <Name>Rietavas to Bubėnai</Name>
                  <StartStopPointRef ref="VTR:ScheduledStopPoint:563400" version="1"/>
                  <EndStopPointRef ref="VTR:ScheduledStopPoint:563402" version="1"/>
                  <prices>
                    <DistanceMatrixElementPrice id="VTR:DistanceMatrixElementPrice:28576172to28576174" version="1">
                      <Amount>0.69</Amount>
                      <DistanceMatrixElementRef ref="VTR:DistanceMatrixElement:28576172to28576174" version="1"/>
                    </DistanceMatrixElementPrice>
                  </prices>
                </DistanceMatrixElement>
                <DistanceMatrixElement id="VTR:DistanceMatrixElement:28576147to28576151" version="1">
                  <Name>Rietavas to Daugėdai</Name>
                  <StartStopPointRef ref="VTR:ScheduledStopPoint:563400" version="1"/>
                  <EndStopPointRef ref="VTR:ScheduledStopPoint:563404" version="1"/>
                  <prices>
                    <DistanceMatrixElementPrice id="VTR:DistanceMatrixElementPrice:28576147to28576151" version="1">
                      <Amount>1.16</Amount>
                      <DistanceMatrixElementRef ref="VTR:DistanceMatrixElement:28576147to28576151" version="1"/>
                    </DistanceMatrixElementPrice>
                  </prices>
                </DistanceMatrixElement>
                <DistanceMatrixElement id="VTR:DistanceMatrixElement:28576137to28576140" version="1">
                  <Name>Rietavas to Vitkai</Name>
                  <StartStopPointRef ref="VTR:ScheduledStopPoint:563400" version="1"/>
                  <EndStopPointRef ref="VTR:ScheduledStopPoint:563403" version="1"/>
                  <prices>
                    <DistanceMatrixElementPrice id="VTR:DistanceMatrixElementPrice:28576137to28576140" version="1">
                      <Amount>0.86</Amount>
                      <DistanceMatrixElementRef ref="VTR:DistanceMatrixElement:28576137to28576140" version="1"/>
                    </DistanceMatrixElementPrice>
                  </prices>
                </DistanceMatrixElement>
                <DistanceMatrixElement id="VTR:DistanceMatrixElement:28576138to28576140" version="1">
                  <Name>Budrikiai to Vitkai</Name>
                  <StartStopPointRef ref="VTR:ScheduledStopPoint:563401" version="1"/>
                  <EndStopPointRef ref="VTR:ScheduledStopPoint:563403" version="1"/>
                  <prices>
                    <DistanceMatrixElementPrice id="VTR:DistanceMatrixElementPrice:28576138to28576140" version="1">
                      <Amount>0.52</Amount>
                      <DistanceMatrixElementRef ref="VTR:DistanceMatrixElement:28576138to28576140" version="1"/>
                    </DistanceMatrixElementPrice>
                  </prices>
                </DistanceMatrixElement>
                <DistanceMatrixElement id="VTR:DistanceMatrixElement:28576138to28576141" version="1">
                  <Name>Budrikiai to Daugėdai</Name>
                  <StartStopPointRef ref="VTR:ScheduledStopPoint:563401" version="1"/>
                  <EndStopPointRef ref="VTR:ScheduledStopPoint:563404" version="1"/>
                  <prices>
                    <DistanceMatrixElementPrice id="VTR:DistanceMatrixElementPrice:28576138to28576141" version="1">
                      <Amount>0.82</Amount>
                      <DistanceMatrixElementRef ref="VTR:DistanceMatrixElement:28576138to28576141" version="1"/>
                    </DistanceMatrixElementPrice>
                  </prices>
                </DistanceMatrixElement>
                <DistanceMatrixElement id="VTR:DistanceMatrixElement:28576167to28576169" version="1">
                  <Name>Rietavas to Bubėnai</Name>
                  <StartStopPointRef ref="VTR:ScheduledStopPoint:563400" version="1"/>
                  <EndStopPointRef ref="VTR:ScheduledStopPoint:563402" version="1"/>
                  <prices>
                    <DistanceMatrixElementPrice id="VTR:DistanceMatrixElementPrice:28576167to28576169" version="1">
                      <Amount>0.69</Amount>
                      <DistanceMatrixElementRef ref="VTR:DistanceMatrixElement:28576167to28576169" version="1"/>
                    </DistanceMatrixElementPrice>
                  </prices>
                </DistanceMatrixElement>
                <DistanceMatrixElement id="VTR:DistanceMatrixElement:28576167to28576170" version="1">
                  <Name>Rietavas to Vitkai</Name>
                  <StartStopPointRef ref="VTR:ScheduledStopPoint:563400" version="1"/>
                  <EndStopPointRef ref="VTR:ScheduledStopPoint:563403" version="1"/>
                  <prices>
                    <DistanceMatrixElementPrice id="VTR:DistanceMatrixElementPrice:28576167to28576170" version="1">
                      <Amount>0.86</Amount>
                      <DistanceMatrixElementRef ref="VTR:DistanceMatrixElement:28576167to28576170" version="1"/>
                    </DistanceMatrixElementPrice>
                  </prices>
                </DistanceMatrixElement>
                <DistanceMatrixElement id="VTR:DistanceMatrixElement:28576143to28576144" version="1">
                  <Name>Budrikiai to Bubėnai</Name>
                  <StartStopPointRef ref="VTR:ScheduledStopPoint:563401" version="1"/>
                  <EndStopPointRef ref="VTR:ScheduledStopPoint:563402" version="1"/>
                  <prices>
                    <DistanceMatrixElementPrice id="VTR:DistanceMatrixElementPrice:28576143to28576144" version="1">
                      <Amount>0.35</Amount>
                      <DistanceMatrixElementRef ref="VTR:DistanceMatrixElement:28576143to28576144" version="1"/>
                    </DistanceMatrixElementPrice>
                  </prices>
                </DistanceMatrixElement>
                <DistanceMatrixElement id="VTR:DistanceMatrixElement:28576148to28576151" version="1">
                  <Name>Budrikiai to Daugėdai</Name>
                  <StartStopPointRef ref="VTR:ScheduledStopPoint:563401" version="1"/>
                  <EndStopPointRef ref="VTR:ScheduledStopPoint:563404" version="1"/>
                  <prices>
                    <DistanceMatrixElementPrice id="VTR:DistanceMatrixElementPrice:28576148to28576151" version="1">
                      <Amount>0.82</Amount>
                      <DistanceMatrixElementRef ref="VTR:DistanceMatrixElement:28576148to28576151" version="1"/>
                    </DistanceMatrixElementPrice>
                  </prices>
                </DistanceMatrixElement>
                <DistanceMatrixElement id="VTR:DistanceMatrixElement:28576153to28576156" version="1">
                  <Name>Budrikiai to Daugėdai</Name>
                  <StartStopPointRef ref="VTR:ScheduledStopPoint:563401" version="1"/>
                  <EndStopPointRef ref="VTR:ScheduledStopPoint:563404" version="1"/>
                  <prices>
                    <DistanceMatrixElementPrice id="VTR:DistanceMatrixElementPrice:28576153to28576156" version="1">
                      <Amount>0.82</Amount>
                      <DistanceMatrixElementRef ref="VTR:DistanceMatrixElement:28576153to28576156" version="1"/>
                    </DistanceMatrixElementPrice>
                  </prices>
                </DistanceMatrixElement>
                <DistanceMatrixElement id="VTR:DistanceMatrixElement:28576138to28576139" version="1">
                  <Name>Budrikiai to Bubėnai</Name>
                  <StartStopPointRef ref="VTR:ScheduledStopPoint:563401" version="1"/>
                  <EndStopPointRef ref="VTR:ScheduledStopPoint:563402" version="1"/>
                  <prices>
                    <DistanceMatrixElementPrice id="VTR:DistanceMatrixElementPrice:28576138to28576139" version="1">
                      <Amount>0.35</Amount>
                      <DistanceMatrixElementRef ref="VTR:DistanceMatrixElement:28576138to28576139" version="1"/>
                    </DistanceMatrixElementPrice>
                  </prices>
                </DistanceMatrixElement>
                <DistanceMatrixElement id="VTR:DistanceMatrixElement:28576139to28576141" version="1">
                  <Name>Bubėnai to Daugėdai</Name>
                  <StartStopPointRef ref="VTR:ScheduledStopPoint:563402" version="1"/>
                  <EndStopPointRef ref="VTR:ScheduledStopPoint:563404" version="1"/>
                  <prices>
                    <DistanceMatrixElementPrice id="VTR:DistanceMatrixElementPrice:28576139to28576141" version="1">
                      <Amount>0.47</Amount>
                      <DistanceMatrixElementRef ref="VTR:DistanceMatrixElement:28576139to28576141" version="1"/>
                    </DistanceMatrixElementPrice>
                  </prices>
                </DistanceMatrixElement>
                <DistanceMatrixElement id="VTR:DistanceMatrixElement:28576140to28576141" version="1">
                  <Name>Vitkai to Daugėdai</Name>
                  <StartStopPointRef ref="VTR:ScheduledStopPoint:563403" version="1"/>
                  <EndStopPointRef ref="VTR:ScheduledStopPoint:563404" version="1"/>
                  <prices>
                    <DistanceMatrixElementPrice id="VTR:DistanceMatrixElementPrice:28576140to28576141" version="1">
                      <Amount>0.3</Amount>
                      <DistanceMatrixElementRef ref="VTR:DistanceMatrixElement:28576140to28576141" version="1"/>
                    </DistanceMatrixElementPrice>
                  </prices>
                </DistanceMatrixElement>
                <DistanceMatrixElement id="VTR:DistanceMatrixElement:28576168to28576169" version="1">
                  <Name>Budrikiai to Bubėnai</Name>
                  <StartStopPointRef ref="VTR:ScheduledStopPoint:563401" version="1"/>
                  <EndStopPointRef ref="VTR:ScheduledStopPoint:563402" version="1"/>
                  <prices>
                    <DistanceMatrixElementPrice id="VTR:DistanceMatrixElementPrice:28576168to28576169" version="1">
                      <Amount>0.35</Amount>
                      <DistanceMatrixElementRef ref="VTR:DistanceMatrixElement:28576168to28576169" version="1"/>
                    </DistanceMatrixElementPrice>
                  </prices>
                </DistanceMatrixElement>
                <DistanceMatrixElement id="VTR:DistanceMatrixElement:28576169to28576170" version="1">
                  <Name>Bubėnai to Vitkai</Name>
                  <StartStopPointRef ref="VTR:ScheduledStopPoint:563402" version="1"/>
                  <EndStopPointRef ref="VTR:ScheduledStopPoint:563403" version="1"/>
                  <prices>
                    <DistanceMatrixElementPrice id="VTR:DistanceMatrixElementPrice:28576169to28576170" version="1">
                      <Amount>0.17</Amount>
                      <DistanceMatrixElementRef ref="VTR:DistanceMatrixElement:28576169to28576170" version="1"/>
                    </DistanceMatrixElementPrice>
                  </prices>
                </DistanceMatrixElement>
                <DistanceMatrixElement id="VTR:DistanceMatrixElement:28576172to28576173" version="1">
                  <Name>Rietavas to Budrikiai</Name>
                  <StartStopPointRef ref="VTR:ScheduledStopPoint:563400" version="1"/>
                  <EndStopPointRef ref="VTR:ScheduledStopPoint:563401" version="1"/>
                  <prices>
                    <DistanceMatrixElementPrice id="VTR:DistanceMatrixElementPrice:28576172to28576173" version="1">
                      <Amount>0.34</Amount>
                      <DistanceMatrixElementRef ref="VTR:DistanceMatrixElement:28576172to28576173" version="1"/>
                    </DistanceMatrixElementPrice>
                  </prices>
                </DistanceMatrixElement>
                <DistanceMatrixElement id="VTR:DistanceMatrixElement:28576174to28576175" version="1">
                  <Name>Bubėnai to Vitkai</Name>
                  <StartStopPointRef ref="VTR:ScheduledStopPoint:563402" version="1"/>
                  <EndStopPointRef ref="VTR:ScheduledStopPoint:563403" version="1"/>
                  <prices>
                    <DistanceMatrixElementPrice id="VTR:DistanceMatrixElementPrice:28576174to28576175" version="1">
                      <Amount>0.17</Amount>
                      <DistanceMatrixElementRef ref="VTR:DistanceMatrixElement:28576174to28576175" version="1"/>
                    </DistanceMatrixElementPrice>
                  </prices>
                </DistanceMatrixElement>
                <DistanceMatrixElement id="VTR:DistanceMatrixElement:28576175to28576176" version="1">
                  <Name>Vitkai to Daugėdai</Name>
                  <StartStopPointRef ref="VTR:ScheduledStopPoint:563403" version="1"/>
                  <EndStopPointRef ref="VTR:ScheduledStopPoint:563404" version="1"/>
                  <prices>
                    <DistanceMatrixElementPrice id="VTR:DistanceMatrixElementPrice:28576175to28576176" version="1">
                      <Amount>0.3</Amount>
                      <DistanceMatrixElementRef ref="VTR:DistanceMatrixElement:28576175to28576176" version="1"/>
                    </DistanceMatrixElementPrice>
                  </prices>
                </DistanceMatrixElement>
                <DistanceMatrixElement id="VTR:DistanceMatrixElement:28576147to28576149" version="1">
                  <Name>Rietavas to Bubėnai</Name>
                  <StartStopPointRef ref="VTR:ScheduledStopPoint:563400" version="1"/>
                  <EndStopPointRef ref="VTR:ScheduledStopPoint:563402" version="1"/>
                  <prices>
                    <DistanceMatrixElementPrice id="VTR:DistanceMatrixElementPrice:28576147to28576149" version="1">
                      <Amount>0.69</Amount>
                      <DistanceMatrixElementRef ref="VTR:DistanceMatrixElement:28576147to28576149" version="1"/>
                    </DistanceMatrixElementPrice>
                  </prices>
                </DistanceMatrixElement>
                <DistanceMatrixElement id="VTR:DistanceMatrixElement:28576149to28576150" version="1">
                  <Name>Bubėnai to Vitkai</Name>
                  <StartStopPointRef ref="VTR:ScheduledStopPoint:563402" version="1"/>
                  <EndStopPointRef ref="VTR:ScheduledStopPoint:563403" version="1"/>
                  <prices>
                    <DistanceMatrixElementPrice id="VTR:DistanceMatrixElementPrice:28576149to28576150" version="1">
                      <Amount>0.17</Amount>
                      <DistanceMatrixElementRef ref="VTR:DistanceMatrixElement:28576149to28576150" version="1"/>
                    </DistanceMatrixElementPrice>
                  </prices>
                </DistanceMatrixElement>
                <DistanceMatrixElement id="VTR:DistanceMatrixElement:28576167to28576168" version="1">
                  <Name>Rietavas to Budrikiai</Name>
                  <StartStopPointRef ref="VTR:ScheduledStopPoint:563400" version="1"/>
                  <EndStopPointRef ref="VTR:ScheduledStopPoint:563401" version="1"/>
                  <prices>
                    <DistanceMatrixElementPrice id="VTR:DistanceMatrixElementPrice:28576167to28576168" version="1">
                      <Amount>0.34</Amount>
                      <DistanceMatrixElementRef ref="VTR:DistanceMatrixElement:28576167to28576168" version="1"/>
                    </DistanceMatrixElementPrice>
                  </prices>
                </DistanceMatrixElement>
                <DistanceMatrixElement id="VTR:DistanceMatrixElement:28576168to28576170" version="1">
                  <Name>Budrikiai to Vitkai</Name>
                  <StartStopPointRef ref="VTR:ScheduledStopPoint:563401" version="1"/>
                  <EndStopPointRef ref="VTR:ScheduledStopPoint:563403" version="1"/>
                  <prices>
                    <DistanceMatrixElementPrice id="VTR:DistanceMatrixElementPrice:28576168to28576170" version="1">
                      <Amount>0.17</Amount>
                      <DistanceMatrixElementRef ref="VTR:DistanceMatrixElement:28576168to28576170" version="1"/>
                    </DistanceMatrixElementPrice>
                  </prices>
                </DistanceMatrixElement>
                <DistanceMatrixElement id="VTR:DistanceMatrixElement:28576144to28576145" version="1">
                  <Name>Bubėnai to Vitkai</Name>
                  <StartStopPointRef ref="VTR:ScheduledStopPoint:563402" version="1"/>
                  <EndStopPointRef ref="VTR:ScheduledStopPoint:563403" version="1"/>
                  <prices>
                    <DistanceMatrixElementPrice id="VTR:DistanceMatrixElementPrice:28576144to28576145" version="1">
                      <Amount>0.17</Amount>
                      <DistanceMatrixElementRef ref="VTR:DistanceMatrixElement:28576144to28576145" version="1"/>
                    </DistanceMatrixElementPrice>
                  </prices>
                </DistanceMatrixElement>
                <DistanceMatrixElement id="VTR:DistanceMatrixElement:28576144to28576146" version="1">
                  <Name>Bubėnai to Daugėdai</Name>
                  <StartStopPointRef ref="VTR:ScheduledStopPoint:563402" version="1"/>
                  <EndStopPointRef ref="VTR:ScheduledStopPoint:563404" version="1"/>
                  <prices>
                    <DistanceMatrixElementPrice id="VTR:DistanceMatrixElementPrice:28576144to28576146" version="1">
                      <Amount>0.47</Amount>
                      <DistanceMatrixElementRef ref="VTR:DistanceMatrixElement:28576144to28576146" version="1"/>
                    </DistanceMatrixElementPrice>
                  </prices>
                </DistanceMatrixElement>
                <DistanceMatrixElement id="VTR:DistanceMatrixElement:28576145to28576146" version="1">
                  <Name>Vitkai to Daugėdai</Name>
                  <StartStopPointRef ref="VTR:ScheduledStopPoint:563403" version="1"/>
                  <EndStopPointRef ref="VTR:ScheduledStopPoint:563404" version="1"/>
                  <prices>
                    <DistanceMatrixElementPrice id="VTR:DistanceMatrixElementPrice:28576145to28576146" version="1">
                      <Amount>0.3</Amount>
                      <DistanceMatrixElementRef ref="VTR:DistanceMatrixElement:28576145to28576146" version="1"/>
                    </DistanceMatrixElementPrice>
                  </prices>
                </DistanceMatrixElement>
                <DistanceMatrixElement id="VTR:DistanceMatrixElement:28576142to28576145" version="1">
                  <Name>Rietavas to Vitkai</Name>
                  <StartStopPointRef ref="VTR:ScheduledStopPoint:563400" version="1"/>
                  <EndStopPointRef ref="VTR:ScheduledStopPoint:563403" version="1"/>
                  <prices>
                    <DistanceMatrixElementPrice id="VTR:DistanceMatrixElementPrice:28576142to28576145" version="1">
                      <Amount>0.86</Amount>
                      <DistanceMatrixElementRef ref="VTR:DistanceMatrixElement:28576142to28576145" version="1"/>
                    </DistanceMatrixElementPrice>
                  </prices>
                </DistanceMatrixElement>
                <DistanceMatrixElement id="VTR:DistanceMatrixElement:28576147to28576148" version="1">
                  <Name>Rietavas to Budrikiai</Name>
                  <StartStopPointRef ref="VTR:ScheduledStopPoint:563400" version="1"/>
                  <EndStopPointRef ref="VTR:ScheduledStopPoint:563401" version="1"/>
                  <prices>
                    <DistanceMatrixElementPrice id="VTR:DistanceMatrixElementPrice:28576147to28576148" version="1">
                      <Amount>0.34</Amount>
                      <DistanceMatrixElementRef ref="VTR:DistanceMatrixElement:28576147to28576148" version="1"/>
                    </DistanceMatrixElementPrice>
                  </prices>
                </DistanceMatrixElement>
                <DistanceMatrixElement id="VTR:DistanceMatrixElement:28576150to28576151" version="1">
                  <Name>Vitkai to Daugėdai</Name>
                  <StartStopPointRef ref="VTR:ScheduledStopPoint:563403" version="1"/>
                  <EndStopPointRef ref="VTR:ScheduledStopPoint:563404" version="1"/>
                  <prices>
                    <DistanceMatrixElementPrice id="VTR:DistanceMatrixElementPrice:28576150to28576151" version="1">
                      <Amount>0.3</Amount>
                      <DistanceMatrixElementRef ref="VTR:DistanceMatrixElement:28576150to28576151" version="1"/>
                    </DistanceMatrixElementPrice>
                  </prices>
                </DistanceMatrixElement>
                <DistanceMatrixElement id="VTR:DistanceMatrixElement:28576137to28576138" version="1">
                  <Name>Rietavas to Budrikiai</Name>
                  <StartStopPointRef ref="VTR:ScheduledStopPoint:563400" version="1"/>
                  <EndStopPointRef ref="VTR:ScheduledStopPoint:563401" version="1"/>
                  <prices>
                    <DistanceMatrixElementPrice id="VTR:DistanceMatrixElementPrice:28576137to28576138" version="1">
                      <Amount>0.34</Amount>
                      <DistanceMatrixElementRef ref="VTR:DistanceMatrixElement:28576137to28576138" version="1"/>
                    </DistanceMatrixElementPrice>
                  </prices>
                </DistanceMatrixElement>
                <DistanceMatrixElement id="VTR:DistanceMatrixElement:28576168to28576171" version="1">
                  <Name>Budrikiai to Daugėdai</Name>
                  <StartStopPointRef ref="VTR:ScheduledStopPoint:563401" version="1"/>
                  <EndStopPointRef ref="VTR:ScheduledStopPoint:563404" version="1"/>
                  <prices>
                    <DistanceMatrixElementPrice id="VTR:DistanceMatrixElementPrice:28576168to28576171" version="1">
                      <Amount>0.47</Amount>
                      <DistanceMatrixElementRef ref="VTR:DistanceMatrixElement:28576168to28576171" version="1"/>
                    </DistanceMatrixElementPrice>
                  </prices>
                </DistanceMatrixElement>
                <DistanceMatrixElement id="VTR:DistanceMatrixElement:28576169to28576171" version="1">
                  <Name>Bubėnai to Daugėdai</Name>
                  <StartStopPointRef ref="VTR:ScheduledStopPoint:563402" version="1"/>
                  <EndStopPointRef ref="VTR:ScheduledStopPoint:563404" version="1"/>
                  <prices>
                    <DistanceMatrixElementPrice id="VTR:DistanceMatrixElementPrice:28576169to28576171" version="1">
                      <Amount>0.47</Amount>
                      <DistanceMatrixElementRef ref="VTR:DistanceMatrixElement:28576169to28576171" version="1"/>
                    </DistanceMatrixElementPrice>
                  </prices>
                </DistanceMatrixElement>
                <DistanceMatrixElement id="VTR:DistanceMatrixElement:28576172to28576175" version="1">
                  <Name>Rietavas to Vitkai</Name>
                  <StartStopPointRef ref="VTR:ScheduledStopPoint:563400" version="1"/>
                  <EndStopPointRef ref="VTR:ScheduledStopPoint:563403" version="1"/>
                  <prices>
                    <DistanceMatrixElementPrice id="VTR:DistanceMatrixElementPrice:28576172to28576175" version="1">
                      <Amount>0.86</Amount>
                      <DistanceMatrixElementRef ref="VTR:DistanceMatrixElement:28576172to28576175" version="1"/>
                    </DistanceMatrixElementPrice>
                  </prices>
                </DistanceMatrixElement>
                <DistanceMatrixElement id="VTR:DistanceMatrixElement:28576142to28576143" version="1">
                  <Name>Rietavas to Budrikiai</Name>
                  <StartStopPointRef ref="VTR:ScheduledStopPoint:563400" version="1"/>
                  <EndStopPointRef ref="VTR:ScheduledStopPoint:563401" version="1"/>
                  <prices>
                    <DistanceMatrixElementPrice id="VTR:DistanceMatrixElementPrice:28576142to28576143" version="1">
                      <Amount>0.34</Amount>
                      <DistanceMatrixElementRef ref="VTR:DistanceMatrixElement:28576142to28576143" version="1"/>
                    </DistanceMatrixElementPrice>
                  </prices>
                </DistanceMatrixElement>
                <DistanceMatrixElement id="VTR:DistanceMatrixElement:28576149to28576151" version="1">
                  <Name>Bubėnai to Daugėdai</Name>
                  <StartStopPointRef ref="VTR:ScheduledStopPoint:563402" version="1"/>
                  <EndStopPointRef ref="VTR:ScheduledStopPoint:563404" version="1"/>
                  <prices>
                    <DistanceMatrixElementPrice id="VTR:DistanceMatrixElementPrice:28576149to28576151" version="1">
                      <Amount>0.47</Amount>
                      <DistanceMatrixElementRef ref="VTR:DistanceMatrixElement:28576149to28576151" version="1"/>
                    </DistanceMatrixElementPrice>
                  </prices>
                </DistanceMatrixElement>
                <DistanceMatrixElement id="VTR:DistanceMatrixElement:28576154to28576155" version="1">
                  <Name>Bubėnai to Vitkai</Name>
                  <StartStopPointRef ref="VTR:ScheduledStopPoint:563402" version="1"/>
                  <EndStopPointRef ref="VTR:ScheduledStopPoint:563403" version="1"/>
                  <prices>
                    <DistanceMatrixElementPrice id="VTR:DistanceMatrixElementPrice:28576154to28576155" version="1">
                      <Amount>0.17</Amount>
                      <DistanceMatrixElementRef ref="VTR:DistanceMatrixElement:28576154to28576155" version="1"/>
                    </DistanceMatrixElementPrice>
                  </prices>
                </DistanceMatrixElement>
                <DistanceMatrixElement id="VTR:DistanceMatrixElement:28576154to28576156" version="1">
                  <Name>Bubėnai to Daugėdai</Name>
                  <StartStopPointRef ref="VTR:ScheduledStopPoint:563402" version="1"/>
                  <EndStopPointRef ref="VTR:ScheduledStopPoint:563404" version="1"/>
                  <prices>
                    <DistanceMatrixElementPrice id="VTR:DistanceMatrixElementPrice:28576154to28576156" version="1">
                      <Amount>0.47</Amount>
                      <DistanceMatrixElementRef ref="VTR:DistanceMatrixElement:28576154to28576156" version="1"/>
                    </DistanceMatrixElementPrice>
                  </prices>
                </DistanceMatrixElement>
                <DistanceMatrixElement id="VTR:DistanceMatrixElement:28576167to28576171" version="1">
                  <Name>Rietavas to Daugėdai</Name>
                  <StartStopPointRef ref="VTR:ScheduledStopPoint:563400" version="1"/>
                  <EndStopPointRef ref="VTR:ScheduledStopPoint:563404" version="1"/>
                  <prices>
                    <DistanceMatrixElementPrice id="VTR:DistanceMatrixElementPrice:28576167to28576171" version="1">
                      <Amount>1.16</Amount>
                      <DistanceMatrixElementRef ref="VTR:DistanceMatrixElement:28576167to28576171" version="1"/>
                    </DistanceMatrixElementPrice>
                  </prices>
                </DistanceMatrixElement>
                <DistanceMatrixElement id="VTR:DistanceMatrixElement:28576170to28576171" version="1">
                  <Name>Vitkai to Daugėdai</Name>
                  <StartStopPointRef ref="VTR:ScheduledStopPoint:563403" version="1"/>
                  <EndStopPointRef ref="VTR:ScheduledStopPoint:563404" version="1"/>
                  <prices>
                    <DistanceMatrixElementPrice id="VTR:DistanceMatrixElementPrice:28576170to28576171" version="1">
                      <Amount>0.3</Amount>
                      <DistanceMatrixElementRef ref="VTR:DistanceMatrixElement:28576170to28576171" version="1"/>
                    </DistanceMatrixElementPrice>
                  </prices>
                </DistanceMatrixElement>
                <DistanceMatrixElement id="VTR:DistanceMatrixElement:28576173to28576175" version="1">
                  <Name>Budrikiai to Vitkai</Name>
                  <StartStopPointRef ref="VTR:ScheduledStopPoint:563401" version="1"/>
                  <EndStopPointRef ref="VTR:ScheduledStopPoint:563403" version="1"/>
                  <prices>
                    <DistanceMatrixElementPrice id="VTR:DistanceMatrixElementPrice:28576173to28576175" version="1">
                      <Amount>0.52</Amount>
                      <DistanceMatrixElementRef ref="VTR:DistanceMatrixElement:28576173to28576175" version="1"/>
                    </DistanceMatrixElementPrice>
                  </prices>
                </DistanceMatrixElement>
                <DistanceMatrixElement id="VTR:DistanceMatrixElement:28576147to28576150" version="1">
                  <Name>Rietavas to Vitkai</Name>
                  <StartStopPointRef ref="VTR:ScheduledStopPoint:563400" version="1"/>
                  <EndStopPointRef ref="VTR:ScheduledStopPoint:563403" version="1"/>
                  <prices>
                    <DistanceMatrixElementPrice id="VTR:DistanceMatrixElementPrice:28576147to28576150" version="1">
                      <Amount>0.86</Amount>
                      <DistanceMatrixElementRef ref="VTR:DistanceMatrixElement:28576147to28576150" version="1"/>
                    </DistanceMatrixElementPrice>
                  </prices>
                </DistanceMatrixElement>
                <DistanceMatrixElement id="VTR:DistanceMatrixElement:28576152to28576156" version="1">
                  <Name>Rietavas to Daugėdai</Name>
                  <StartStopPointRef ref="VTR:ScheduledStopPoint:563400" version="1"/>
                  <EndStopPointRef ref="VTR:ScheduledStopPoint:563404" version="1"/>
                  <prices>
                    <DistanceMatrixElementPrice id="VTR:DistanceMatrixElementPrice:28576152to28576156" version="1">
                      <Amount>1.16</Amount>
                      <DistanceMatrixElementRef ref="VTR:DistanceMatrixElement:28576152to28576156" version="1"/>
                    </DistanceMatrixElementPrice>
                  </prices>
                </DistanceMatrixElement>
                <DistanceMatrixElement id="VTR:DistanceMatrixElement:28576152to28576153" version="1">
                  <Name>Rietavas to Budrikiai</Name>
                  <StartStopPointRef ref="VTR:ScheduledStopPoint:563400" version="1"/>
                  <EndStopPointRef ref="VTR:ScheduledStopPoint:563401" version="1"/>
                  <prices>
                    <DistanceMatrixElementPrice id="VTR:DistanceMatrixElementPrice:28576152to28576153" version="1">
                      <Amount>0.34</Amount>
                      <DistanceMatrixElementRef ref="VTR:DistanceMatrixElement:28576152to28576153" version="1"/>
                    </DistanceMatrixElementPrice>
                  </prices>
                </DistanceMatrixElement>
                <DistanceMatrixElement id="VTR:DistanceMatrixElement:28576152to28576154" version="1">
                  <Name>Rietavas to Bubėnai</Name>
                  <StartStopPointRef ref="VTR:ScheduledStopPoint:563400" version="1"/>
                  <EndStopPointRef ref="VTR:ScheduledStopPoint:563402" version="1"/>
                  <prices>
                    <DistanceMatrixElementPrice id="VTR:DistanceMatrixElementPrice:28576152to28576154" version="1">
                      <Amount>0.69</Amount>
                      <DistanceMatrixElementRef ref="VTR:DistanceMatrixElement:28576152to28576154" version="1"/>
                    </DistanceMatrixElementPrice>
                  </prices>
                </DistanceMatrixElement>
                <DistanceMatrixElement id="VTR:DistanceMatrixElement:28576153to28576155" version="1">
                  <Name>Budrikiai to Vitkai</Name>
                  <StartStopPointRef ref="VTR:ScheduledStopPoint:563401" version="1"/>
                  <EndStopPointRef ref="VTR:ScheduledStopPoint:563403" version="1"/>
                  <prices>
                    <DistanceMatrixElementPrice id="VTR:DistanceMatrixElementPrice:28576153to28576155" version="1">
                      <Amount>0.52</Amount>
                      <DistanceMatrixElementRef ref="VTR:DistanceMatrixElement:28576153to28576155" version="1"/>
                    </DistanceMatrixElementPrice>
                  </prices>
                </DistanceMatrixElement>
                <DistanceMatrixElement id="VTR:DistanceMatrixElement:28576137to28576141" version="1">
                  <Name>Rietavas to Daugėdai</Name>
                  <StartStopPointRef ref="VTR:ScheduledStopPoint:563400" version="1"/>
                  <EndStopPointRef ref="VTR:ScheduledStopPoint:563404" version="1"/>
                  <prices>
                    <DistanceMatrixElementPrice id="VTR:DistanceMatrixElementPrice:28576137to28576141" version="1">
                      <Amount>1.16</Amount>
                      <DistanceMatrixElementRef ref="VTR:DistanceMatrixElement:28576137to28576141" version="1"/>
                    </DistanceMatrixElementPrice>
                  </prices>
                </DistanceMatrixElement>
                <DistanceMatrixElement id="VTR:DistanceMatrixElement:28576172to28576176" version="1">
                  <Name>Rietavas to Daugėdai</Name>
                  <StartStopPointRef ref="VTR:ScheduledStopPoint:563400" version="1"/>
                  <EndStopPointRef ref="VTR:ScheduledStopPoint:563404" version="1"/>
                  <prices>
                    <DistanceMatrixElementPrice id="VTR:DistanceMatrixElementPrice:28576172to28576176" version="1">
                      <Amount>1.16</Amount>
                      <DistanceMatrixElementRef ref="VTR:DistanceMatrixElement:28576172to28576176" version="1"/>
                    </DistanceMatrixElementPrice>
                  </prices>
                </DistanceMatrixElement>
                <DistanceMatrixElement id="VTR:DistanceMatrixElement:28576174to28576176" version="1">
                  <Name>Bubėnai to Daugėdai</Name>
                  <StartStopPointRef ref="VTR:ScheduledStopPoint:563402" version="1"/>
                  <EndStopPointRef ref="VTR:ScheduledStopPoint:563404" version="1"/>
                  <prices>
                    <DistanceMatrixElementPrice id="VTR:DistanceMatrixElementPrice:28576174to28576176" version="1">
                      <Amount>0.47</Amount>
                      <DistanceMatrixElementRef ref="VTR:DistanceMatrixElement:28576174to28576176" version="1"/>
                    </DistanceMatrixElementPrice>
                  </prices>
                </DistanceMatrixElement>
                <DistanceMatrixElement id="VTR:DistanceMatrixElement:28576142to28576146" version="1">
                  <Name>Rietavas to Daugėdai</Name>
                  <StartStopPointRef ref="VTR:ScheduledStopPoint:563400" version="1"/>
                  <EndStopPointRef ref="VTR:ScheduledStopPoint:563404" version="1"/>
                  <prices>
                    <DistanceMatrixElementPrice id="VTR:DistanceMatrixElementPrice:28576142to28576146" version="1">
                      <Amount>1.16</Amount>
                      <DistanceMatrixElementRef ref="VTR:DistanceMatrixElement:28576142to28576146" version="1"/>
                    </DistanceMatrixElementPrice>
                  </prices>
                </DistanceMatrixElement>
                <DistanceMatrixElement id="VTR:DistanceMatrixElement:28576143to28576145" version="1">
                  <Name>Budrikiai to Vitkai</Name>
                  <StartStopPointRef ref="VTR:ScheduledStopPoint:563401" version="1"/>
                  <EndStopPointRef ref="VTR:ScheduledStopPoint:563403" version="1"/>
                  <prices>
                    <DistanceMatrixElementPrice id="VTR:DistanceMatrixElementPrice:28576143to28576145" version="1">
                      <Amount>0.52</Amount>
                      <DistanceMatrixElementRef ref="VTR:DistanceMatrixElement:28576143to28576145" version="1"/>
                    </DistanceMatrixElementPrice>
                  </prices>
                </DistanceMatrixElement>
                <DistanceMatrixElement id="VTR:DistanceMatrixElement:28576152to28576155" version="1">
                  <Name>Rietavas to Vitkai</Name>
                  <StartStopPointRef ref="VTR:ScheduledStopPoint:563400" version="1"/>
                  <EndStopPointRef ref="VTR:ScheduledStopPoint:563403" version="1"/>
                  <prices>
                    <DistanceMatrixElementPrice id="VTR:DistanceMatrixElementPrice:28576152to28576155" version="1">
                      <Amount>0.86</Amount>
                      <DistanceMatrixElementRef ref="VTR:DistanceMatrixElement:28576152to28576155" version="1"/>
                    </DistanceMatrixElementPrice>
                  </prices>
                </DistanceMatrixElement>
                <DistanceMatrixElement id="VTR:DistanceMatrixElement:28576153to28576154" version="1">
                  <Name>Budrikiai to Bubėnai</Name>
                  <StartStopPointRef ref="VTR:ScheduledStopPoint:563401" version="1"/>
                  <EndStopPointRef ref="VTR:ScheduledStopPoint:563402" version="1"/>
                  <prices>
                    <DistanceMatrixElementPrice id="VTR:DistanceMatrixElementPrice:28576153to28576154" version="1">
                      <Amount>0.35</Amount>
                      <DistanceMatrixElementRef ref="VTR:DistanceMatrixElement:28576153to28576154" version="1"/>
                    </DistanceMatrixElementPrice>
                  </prices>
                </DistanceMatrixElement>
                <DistanceMatrixElement id="VTR:DistanceMatrixElement:28576137to28576139" version="1">
                  <Name>Rietavas to Bubėnai</Name>
                  <StartStopPointRef ref="VTR:ScheduledStopPoint:563400" version="1"/>
                  <EndStopPointRef ref="VTR:ScheduledStopPoint:563402" version="1"/>
                  <prices>
                    <DistanceMatrixElementPrice id="VTR:DistanceMatrixElementPrice:28576137to28576139" version="1">
                      <Amount>0.69</Amount>
                      <DistanceMatrixElementRef ref="VTR:DistanceMatrixElement:28576137to28576139" version="1"/>
                    </DistanceMatrixElementPrice>
                  </prices>
                </DistanceMatrixElement>
                <DistanceMatrixElement id="VTR:DistanceMatrixElement:28576139to28576140" version="1">
                  <Name>Bubėnai to Vitkai</Name>
                  <StartStopPointRef ref="VTR:ScheduledStopPoint:563402" version="1"/>
                  <EndStopPointRef ref="VTR:ScheduledStopPoint:563403" version="1"/>
                  <prices>
                    <DistanceMatrixElementPrice id="VTR:DistanceMatrixElementPrice:28576139to28576140" version="1">
                      <Amount>0.17</Amount>
                      <DistanceMatrixElementRef ref="VTR:DistanceMatrixElement:28576139to28576140" version="1"/>
                    </DistanceMatrixElementPrice>
                  </prices>
                </DistanceMatrixElement>
                <DistanceMatrixElement id="VTR:DistanceMatrixElement:28576173to28576174" version="1">
                  <Name>Budrikiai to Bubėnai</Name>
                  <StartStopPointRef ref="VTR:ScheduledStopPoint:563401" version="1"/>
                  <EndStopPointRef ref="VTR:ScheduledStopPoint:563402" version="1"/>
                  <prices>
                    <DistanceMatrixElementPrice id="VTR:DistanceMatrixElementPrice:28576173to28576174" version="1">
                      <Amount>0.35</Amount>
                      <DistanceMatrixElementRef ref="VTR:DistanceMatrixElement:28576173to28576174" version="1"/>
                    </DistanceMatrixElementPrice>
                  </prices>
                </DistanceMatrixElement>
                <DistanceMatrixElement id="VTR:DistanceMatrixElement:28576143to28576146" version="1">
                  <Name>Budrikiai to Daugėdai</Name>
                  <StartStopPointRef ref="VTR:ScheduledStopPoint:563401" version="1"/>
                  <EndStopPointRef ref="VTR:ScheduledStopPoint:563404" version="1"/>
                  <prices>
                    <DistanceMatrixElementPrice id="VTR:DistanceMatrixElementPrice:28576143to28576146" version="1">
                      <Amount>0.82</Amount>
                      <DistanceMatrixElementRef ref="VTR:DistanceMatrixElement:28576143to28576146" version="1"/>
                    </DistanceMatrixElementPrice>
                  </prices>
                </DistanceMatrixElement>
              </distanceMatrixElements>
            </Tariff>
          </tariffs>
          <usageParameters>
            <FrequencyOfUse id="VTR:FrequencyOfUse:oneTrip" version="1">
              <FrequencyOfUseType>unlimited</FrequencyOfUseType>
              <MaximalFrequency>1</MaximalFrequency>
            </FrequencyOfUse>
          </usageParameters>
        </FareFrame>
      </frames>
    </CompositeFrame>
  </dataObjects>
</PublicationDelivery>
