<?xml version="1.0" encoding="UTF-8"?><PublicationDelivery xmlns="http://www.netex.org.uk/netex" xmlns:gis="http://www.opengis.net/gml/3.2" xmlns:ns2="http://www.opengis.net/gml/3.2" xmlns:ns3="http://www.siri.org.uk/siri" xmlns:xsi="http://www.w3.org/2001/XMLSchema-instance" version="1" xsi:schemaLocation="">
  <PublicationTimestamp>2022-05-07T04:35:00.206</PublicationTimestamp>
  <ParticipantRef>VTR</ParticipantRef>
  <Description>1</Description>
  <dataObjects>
    <CompositeFrame created="2022-05-07T04:35:00.206" version="1" id="VTR:CompositeFrame:1395">
      <validityConditions>
        <AvailabilityCondition version="1" id="VTR:AvailabilityCondition:1395">
          <FromDate>2015-07-29T16:00:23</FromDate>
          <ToDate>2027-12-30T00:00:00</ToDate>
        </AvailabilityCondition>
      </validityConditions>
      <codespaces>
        <Codespace id="vtr">
          <Xmlns>VTR</Xmlns>
          <XmlnsUrl>http://www.visimarsrutai.lt/</XmlnsUrl>
        </Codespace>
      </codespaces>
      <FrameDefaults>
        <DefaultLocale>
          <TimeZone>Europe/Vilnius</TimeZone>
        </DefaultLocale>
        <DefaultLocationSystem>WGS84</DefaultLocationSystem>
      </FrameDefaults>
      <frames>
        <ServiceCalendarFrame version="1" id="VTR:ServiceCalendarFrame:1395">
          <dayTypes>
            <DayType id="VTR:DayType:5545" version="1">
              <properties>
                <PropertyOfDay/>
              </properties>
            </DayType>
          </dayTypes>
          <operatingPeriods>
            <OperatingPeriod version="1" id="VTR:OperatingPeriod:5545">
              <FromDate>2016-01-01T00:00:00</FromDate>
              <ToDate>2020-12-31T00:00:00</ToDate>
            </OperatingPeriod>
          </operatingPeriods>
          <dayTypeAssignments>
            <DayTypeAssignment id="VTR:DayTypeAssignment:5545_0" version="1" order="3066">
              <OperatingPeriodRef ref="VTR:OperatingPeriod:5545" version="1"/>
              <DayTypeRef ref="VTR:DayType:5545" version="1"/>
            </DayTypeAssignment>
          </dayTypeAssignments>
        </ServiceCalendarFrame>
        <ServiceFrame id="VTR:ServiceFrame:1395" version="1">
          <Network version="0" id="VTR:Network:28"/>
          <routePoints>
            <RoutePoint version="1" id="VTR:RoutePoint:360674">
              <projections>
                <PointProjection version="1" id="VTR:PointProjection:6808">
                  <ProjectedPointRef ref="VTR:ScheduledStopPoint:360674" version="1"/>
                </PointProjection>
              </projections>
            </RoutePoint>
            <RoutePoint version="1" id="VTR:RoutePoint:360675">
              <projections>
                <PointProjection version="1" id="VTR:PointProjection:6809">
                  <ProjectedPointRef ref="VTR:ScheduledStopPoint:360675" version="1"/>
                </PointProjection>
              </projections>
            </RoutePoint>
            <RoutePoint version="1" id="VTR:RoutePoint:360676">
              <projections>
                <PointProjection version="1" id="VTR:PointProjection:6810">
                  <ProjectedPointRef ref="VTR:ScheduledStopPoint:360676" version="1"/>
                </PointProjection>
              </projections>
            </RoutePoint>
            <RoutePoint version="1" id="VTR:RoutePoint:360677">
              <projections>
                <PointProjection version="1" id="VTR:PointProjection:6811">
                  <ProjectedPointRef ref="VTR:ScheduledStopPoint:360677" version="1"/>
                </PointProjection>
              </projections>
            </RoutePoint>
          </routePoints>
          <routes>
            <Route version="1" id="VTR:Route:11450">
              <Name>Rietavas-Patyris per Alką</Name>
              <ShortName>Rietavas-Patyris per Alką</ShortName>
              <LineRef ref="VTR:Line:1557" version="4751"/>
              <DirectionType>outbound</DirectionType>
              <pointsInSequence>
                <PointOnRoute version="1" id="VTR:PointOnRoute:360674" order="1">
                  <RoutePointRef ref="VTR:RoutePoint:360674"/>
                </PointOnRoute>
                <PointOnRoute version="1" id="VTR:PointOnRoute:360675" order="2">
                  <RoutePointRef ref="VTR:RoutePoint:360675"/>
                </PointOnRoute>
                <PointOnRoute version="1" id="VTR:PointOnRoute:360676" order="3">
                  <RoutePointRef ref="VTR:RoutePoint:360676"/>
                </PointOnRoute>
                <PointOnRoute version="1" id="VTR:PointOnRoute:360677" order="4">
                  <RoutePointRef ref="VTR:RoutePoint:360677"/>
                </PointOnRoute>
              </pointsInSequence>
            </Route>
          </routes>
          <lines>
            <Line version="4751" id="VTR:Line:1557">
              <Name>Rietavas-Patyris per Alką</Name>
              <TransportMode>bus</TransportMode>
              <TransportSubmode>
                <BusSubmode>regionalBus</BusSubmode>
              </TransportSubmode>
              <PublicCode>M1ALK</PublicCode>
              <OperatorRef ref="VTR:Operator:28"/>
            </Line>
          </lines>
          <scheduledStopPoints>
            <ScheduledStopPoint version="1" id="VTR:ScheduledStopPoint:360674">
              <Name>Rietavas</Name>
            </ScheduledStopPoint>
            <ScheduledStopPoint version="1" id="VTR:ScheduledStopPoint:360675">
              <Name>Norbutiškės</Name>
            </ScheduledStopPoint>
            <ScheduledStopPoint version="1" id="VTR:ScheduledStopPoint:360676">
              <Name>Alkos</Name>
            </ScheduledStopPoint>
            <ScheduledStopPoint version="1" id="VTR:ScheduledStopPoint:360677">
              <Name>Patyriai</Name>
            </ScheduledStopPoint>
          </scheduledStopPoints>
          <serviceLinks>
            <ServiceLink id="VTR:ServiceLink:360675_1_360676_1" version="1">
              <Distance>4</Distance>
              <FromPointRef ref="VTR:ScheduledStopPoint:360675" version="1"/>
              <ToPointRef ref="VTR:ScheduledStopPoint:360676" version="1"/>
            </ServiceLink>
            <ServiceLink id="VTR:ServiceLink:360674_1_360675_1" version="1">
              <Distance>3</Distance>
              <FromPointRef ref="VTR:ScheduledStopPoint:360674" version="1"/>
              <ToPointRef ref="VTR:ScheduledStopPoint:360675" version="1"/>
            </ServiceLink>
            <ServiceLink id="VTR:ServiceLink:360676_1_360677_1" version="1">
              <Distance>1</Distance>
              <FromPointRef ref="VTR:ScheduledStopPoint:360676" version="1"/>
              <ToPointRef ref="VTR:ScheduledStopPoint:360677" version="1"/>
            </ServiceLink>
          </serviceLinks>
          <stopAssignments>
            <PassengerStopAssignment order="1145000000" id="VTR:PassengerStopAssignment:360674" version="1">
              <ScheduledStopPointRef ref="VTR:ScheduledStopPoint:360674" version="1"/>
              <QuayRef ref="VTR:Quay:20038"/>
            </PassengerStopAssignment>
            <PassengerStopAssignment order="1145000001" id="VTR:PassengerStopAssignment:360675" version="1">
              <ScheduledStopPointRef ref="VTR:ScheduledStopPoint:360675" version="1"/>
              <QuayRef ref="VTR:Quay:12222"/>
            </PassengerStopAssignment>
            <PassengerStopAssignment order="1145000002" id="VTR:PassengerStopAssignment:360676" version="1">
              <ScheduledStopPointRef ref="VTR:ScheduledStopPoint:360676" version="1"/>
              <QuayRef ref="VTR:Quay:9806"/>
            </PassengerStopAssignment>
            <PassengerStopAssignment order="1145000003" id="VTR:PassengerStopAssignment:360677" version="1">
              <ScheduledStopPointRef ref="VTR:ScheduledStopPoint:360677" version="1"/>
              <QuayRef ref="VTR:Quay:21323"/>
            </PassengerStopAssignment>
          </stopAssignments>
          <journeyPatterns>
            <JourneyPattern id="VTR:JourneyPattern:603660" version="603786">
              <Name>1</Name>
              <RouteRef ref="VTR:Route:11450" version="1"/>
              <pointsInSequence>
                <StopPointInJourneyPattern id="VTR:StopPointInJourneyPattern:15140322" version="603786" order="1">
                  <ScheduledStopPointRef ref="VTR:ScheduledStopPoint:360674"/>
                  <DestinationDisplayRef ref="VTR:DestinationDisplay:1"/>
                </StopPointInJourneyPattern>
                <StopPointInJourneyPattern id="VTR:StopPointInJourneyPattern:15140323" version="603786" order="2">
                  <ScheduledStopPointRef ref="VTR:ScheduledStopPoint:360675"/>
                  <DestinationDisplayRef ref="VTR:DestinationDisplay:1"/>
                </StopPointInJourneyPattern>
                <StopPointInJourneyPattern id="VTR:StopPointInJourneyPattern:15140324" version="603786" order="3">
                  <ScheduledStopPointRef ref="VTR:ScheduledStopPoint:360676"/>
                  <DestinationDisplayRef ref="VTR:DestinationDisplay:1"/>
                </StopPointInJourneyPattern>
                <StopPointInJourneyPattern id="VTR:StopPointInJourneyPattern:15140325" version="603786" order="4">
                  <ScheduledStopPointRef ref="VTR:ScheduledStopPoint:360677"/>
                  <DestinationDisplayRef ref="VTR:DestinationDisplay:1"/>
                </StopPointInJourneyPattern>
              </pointsInSequence>
            </JourneyPattern>
            <JourneyPattern id="VTR:JourneyPattern:603661" version="603787">
              <Name>2</Name>
              <RouteRef ref="VTR:Route:11450" version="1"/>
              <pointsInSequence>
                <StopPointInJourneyPattern id="VTR:StopPointInJourneyPattern:15140326" version="603787" order="1">
                  <ScheduledStopPointRef ref="VTR:ScheduledStopPoint:360674"/>
                  <DestinationDisplayRef ref="VTR:DestinationDisplay:1"/>
                </StopPointInJourneyPattern>
                <StopPointInJourneyPattern id="VTR:StopPointInJourneyPattern:15140327" version="603787" order="2">
                  <ScheduledStopPointRef ref="VTR:ScheduledStopPoint:360675"/>
                  <DestinationDisplayRef ref="VTR:DestinationDisplay:1"/>
                </StopPointInJourneyPattern>
                <StopPointInJourneyPattern id="VTR:StopPointInJourneyPattern:15140328" version="603787" order="3">
                  <ScheduledStopPointRef ref="VTR:ScheduledStopPoint:360676"/>
                  <DestinationDisplayRef ref="VTR:DestinationDisplay:1"/>
                </StopPointInJourneyPattern>
                <StopPointInJourneyPattern id="VTR:StopPointInJourneyPattern:15140329" version="603787" order="4">
                  <ScheduledStopPointRef ref="VTR:ScheduledStopPoint:360677"/>
                  <DestinationDisplayRef ref="VTR:DestinationDisplay:1"/>
                </StopPointInJourneyPattern>
              </pointsInSequence>
            </JourneyPattern>
          </journeyPatterns>
        </ServiceFrame>
        <TimetableFrame version="1" id="VTR:TimetableFrame:1395">
          <vehicleJourneys>
            <ServiceJourney version="603787" id="VTR:ServiceJourney:603661">
              <Name>Rietavas-Patyris per Alką</Name>
              <PrivateCode>2</PrivateCode>
              <dayTypes>
                <DayTypeRef ref="VTR:DayType:5545"/>
              </dayTypes>
              <JourneyPatternRef version="603787" ref="VTR:JourneyPattern:603661"/>
              <OperatorRef ref="VTR:Operator:518"/>
              <LineRef ref="VTR:Line:1557" version="4751"/>
              <passingTimes>
                <TimetabledPassingTime version="603787" id="VTR:TimetabledPassingTime:603661_15140326_1">
                  <StopPointInJourneyPatternRef ref="VTR:StopPointInJourneyPattern:15140326" version="603787"/>
                  <DepartureTime>13:25:00</DepartureTime>
                  <DepartureDayOffset>0</DepartureDayOffset>
                </TimetabledPassingTime>
                <TimetabledPassingTime version="603787" id="VTR:TimetabledPassingTime:603661_15140327_2">
                  <StopPointInJourneyPatternRef ref="VTR:StopPointInJourneyPattern:15140327" version="603787"/>
                  <DepartureTime>13:35:00</DepartureTime>
                  <DepartureDayOffset>0</DepartureDayOffset>
                </TimetabledPassingTime>
                <TimetabledPassingTime version="603787" id="VTR:TimetabledPassingTime:603661_15140328_3">
                  <StopPointInJourneyPatternRef ref="VTR:StopPointInJourneyPattern:15140328" version="603787"/>
                  <DepartureTime>13:45:00</DepartureTime>
                  <DepartureDayOffset>0</DepartureDayOffset>
                </TimetabledPassingTime>
                <TimetabledPassingTime version="603787" id="VTR:TimetabledPassingTime:603661_15140329_4">
                  <StopPointInJourneyPatternRef ref="VTR:StopPointInJourneyPattern:15140329" version="603787"/>
                  <DepartureTime>13:50:00</DepartureTime>
                  <DepartureDayOffset>0</DepartureDayOffset>
                </TimetabledPassingTime>
              </passingTimes>
            </ServiceJourney>
            <ServiceJourney version="603786" id="VTR:ServiceJourney:603660">
              <Name>Rietavas-Patyris per Alką</Name>
              <PrivateCode>1</PrivateCode>
              <dayTypes>
                <DayTypeRef ref="VTR:DayType:5545"/>
              </dayTypes>
              <JourneyPatternRef version="603786" ref="VTR:JourneyPattern:603660"/>
              <OperatorRef ref="VTR:Operator:518"/>
              <LineRef ref="VTR:Line:1557" version="4751"/>
              <passingTimes>
                <TimetabledPassingTime version="603786" id="VTR:TimetabledPassingTime:603660_15140322_1">
                  <StopPointInJourneyPatternRef ref="VTR:StopPointInJourneyPattern:15140322" version="603786"/>
                  <DepartureTime>08:20:00</DepartureTime>
                  <DepartureDayOffset>0</DepartureDayOffset>
                </TimetabledPassingTime>
                <TimetabledPassingTime version="603786" id="VTR:TimetabledPassingTime:603660_15140323_2">
                  <StopPointInJourneyPatternRef ref="VTR:StopPointInJourneyPattern:15140323" version="603786"/>
                  <DepartureTime>08:30:00</DepartureTime>
                  <DepartureDayOffset>0</DepartureDayOffset>
                </TimetabledPassingTime>
                <TimetabledPassingTime version="603786" id="VTR:TimetabledPassingTime:603660_15140324_3">
                  <StopPointInJourneyPatternRef ref="VTR:StopPointInJourneyPattern:15140324" version="603786"/>
                  <DepartureTime>08:40:00</DepartureTime>
                  <DepartureDayOffset>0</DepartureDayOffset>
                </TimetabledPassingTime>
                <TimetabledPassingTime version="603786" id="VTR:TimetabledPassingTime:603660_15140325_4">
                  <StopPointInJourneyPatternRef ref="VTR:StopPointInJourneyPattern:15140325" version="603786"/>
                  <DepartureTime>08:45:00</DepartureTime>
                  <DepartureDayOffset>0</DepartureDayOffset>
                </TimetabledPassingTime>
              </passingTimes>
            </ServiceJourney>
          </vehicleJourneys>
        </TimetableFrame>
        <ResourceFrame version="1" id="VTR:ResourceFrame:1395">
          <organisations>
            <Authority version="1" id="VTR:Authority:28">
              <CompanyNumber>74</CompanyNumber>
              <Name>Rietavo sav.</Name>
              <LegalName>Rietavo sav.</LegalName>
              <ContactDetails>
                <Email>savivaldybe@rietavas.lt</Email>
                <Phone>844873200</Phone>
                <Url>www.rietavas.lt</Url>
              </ContactDetails>
              <OrganisationType>authority</OrganisationType>
            </Authority>
          </organisations>
        </ResourceFrame>
        <FareFrame id="VTR:FareFrame:1557" version="1">
          <FrameDefaults>
            <DefaultCurrency>EUR</DefaultCurrency>
          </FrameDefaults>
          <fareStructureElements>
            <FareStructureElement id="VTR:FareStructureElement:pricematrix" version="1">
              <distanceMatrixElements>
                <DistanceMatrixElementRef ref="VTR:DistanceMatrixElement:15140326to15140329" version="1"/>
                <DistanceMatrixElementRef ref="VTR:DistanceMatrixElement:15140327to15140329" version="1"/>
                <DistanceMatrixElementRef ref="VTR:DistanceMatrixElement:15140326to15140328" version="1"/>
                <DistanceMatrixElementRef ref="VTR:DistanceMatrixElement:15140328to15140329" version="1"/>
                <DistanceMatrixElementRef ref="VTR:DistanceMatrixElement:15140322to15140325" version="1"/>
                <DistanceMatrixElementRef ref="VTR:DistanceMatrixElement:15140326to15140327" version="1"/>
                <DistanceMatrixElementRef ref="VTR:DistanceMatrixElement:15140323to15140324" version="1"/>
                <DistanceMatrixElementRef ref="VTR:DistanceMatrixElement:15140323to15140325" version="1"/>
                <DistanceMatrixElementRef ref="VTR:DistanceMatrixElement:15140322to15140323" version="1"/>
                <DistanceMatrixElementRef ref="VTR:DistanceMatrixElement:15140324to15140325" version="1"/>
                <DistanceMatrixElementRef ref="VTR:DistanceMatrixElement:15140327to15140328" version="1"/>
                <DistanceMatrixElementRef ref="VTR:DistanceMatrixElement:15140322to15140324" version="1"/>
              </distanceMatrixElements>
            </FareStructureElement>
          </fareStructureElements>
          <tariffs>
            <Tariff id="VTR:Tariff:pointToPointInSeparateJourney_1557" version="1">
              <Name>Point to point tariff</Name>
              <distanceMatrixElements>
                <DistanceMatrixElement id="VTR:DistanceMatrixElement:15140326to15140329" version="1">
                  <Name>Rietavas to Patyriai</Name>
                  <StartStopPointRef ref="VTR:ScheduledStopPoint:360674" version="1"/>
                  <EndStopPointRef ref="VTR:ScheduledStopPoint:360677" version="1"/>
                  <prices>
                    <DistanceMatrixElementPrice id="VTR:DistanceMatrixElementPrice:15140326to15140329" version="1">
                      <Amount>0.94</Amount>
                      <DistanceMatrixElementRef ref="VTR:DistanceMatrixElement:15140326to15140329" version="1"/>
                    </DistanceMatrixElementPrice>
                  </prices>
                </DistanceMatrixElement>
                <DistanceMatrixElement id="VTR:DistanceMatrixElement:15140327to15140329" version="1">
                  <Name>Norbutiškės to Patyriai</Name>
                  <StartStopPointRef ref="VTR:ScheduledStopPoint:360675" version="1"/>
                  <EndStopPointRef ref="VTR:ScheduledStopPoint:360677" version="1"/>
                  <prices>
                    <DistanceMatrixElementPrice id="VTR:DistanceMatrixElementPrice:15140327to15140329" version="1">
                      <Amount>0.64</Amount>
                      <DistanceMatrixElementRef ref="VTR:DistanceMatrixElement:15140327to15140329" version="1"/>
                    </DistanceMatrixElementPrice>
                  </prices>
                </DistanceMatrixElement>
                <DistanceMatrixElement id="VTR:DistanceMatrixElement:15140326to15140328" version="1">
                  <Name>Rietavas to Alkos</Name>
                  <StartStopPointRef ref="VTR:ScheduledStopPoint:360674" version="1"/>
                  <EndStopPointRef ref="VTR:ScheduledStopPoint:360676" version="1"/>
                  <prices>
                    <DistanceMatrixElementPrice id="VTR:DistanceMatrixElementPrice:15140326to15140328" version="1">
                      <Amount>0.74</Amount>
                      <DistanceMatrixElementRef ref="VTR:DistanceMatrixElement:15140326to15140328" version="1"/>
                    </DistanceMatrixElementPrice>
                  </prices>
                </DistanceMatrixElement>
                <DistanceMatrixElement id="VTR:DistanceMatrixElement:15140328to15140329" version="1">
                  <Name>Alkos to Patyriai</Name>
                  <StartStopPointRef ref="VTR:ScheduledStopPoint:360676" version="1"/>
                  <EndStopPointRef ref="VTR:ScheduledStopPoint:360677" version="1"/>
                  <prices>
                    <DistanceMatrixElementPrice id="VTR:DistanceMatrixElementPrice:15140328to15140329" version="1">
                      <Amount>0.22</Amount>
                      <DistanceMatrixElementRef ref="VTR:DistanceMatrixElement:15140328to15140329" version="1"/>
                    </DistanceMatrixElementPrice>
                  </prices>
                </DistanceMatrixElement>
                <DistanceMatrixElement id="VTR:DistanceMatrixElement:15140322to15140325" version="1">
                  <Name>Rietavas to Patyriai</Name>
                  <StartStopPointRef ref="VTR:ScheduledStopPoint:360674" version="1"/>
                  <EndStopPointRef ref="VTR:ScheduledStopPoint:360677" version="1"/>
                  <prices>
                    <DistanceMatrixElementPrice id="VTR:DistanceMatrixElementPrice:15140322to15140325" version="1">
                      <Amount>0.94</Amount>
                      <DistanceMatrixElementRef ref="VTR:DistanceMatrixElement:15140322to15140325" version="1"/>
                    </DistanceMatrixElementPrice>
                  </prices>
                </DistanceMatrixElement>
                <DistanceMatrixElement id="VTR:DistanceMatrixElement:15140326to15140327" version="1">
                  <Name>Rietavas to Norbutiškės</Name>
                  <StartStopPointRef ref="VTR:ScheduledStopPoint:360674" version="1"/>
                  <EndStopPointRef ref="VTR:ScheduledStopPoint:360675" version="1"/>
                  <prices>
                    <DistanceMatrixElementPrice id="VTR:DistanceMatrixElementPrice:15140326to15140327" version="1">
                      <Amount>0.3</Amount>
                      <DistanceMatrixElementRef ref="VTR:DistanceMatrixElement:15140326to15140327" version="1"/>
                    </DistanceMatrixElementPrice>
                  </prices>
                </DistanceMatrixElement>
                <DistanceMatrixElement id="VTR:DistanceMatrixElement:15140323to15140324" version="1">
                  <Name>Norbutiškės to Alkos</Name>
                  <StartStopPointRef ref="VTR:ScheduledStopPoint:360675" version="1"/>
                  <EndStopPointRef ref="VTR:ScheduledStopPoint:360676" version="1"/>
                  <prices>
                    <DistanceMatrixElementPrice id="VTR:DistanceMatrixElementPrice:15140323to15140324" version="1">
                      <Amount>0.44</Amount>
                      <DistanceMatrixElementRef ref="VTR:DistanceMatrixElement:15140323to15140324" version="1"/>
                    </DistanceMatrixElementPrice>
                  </prices>
                </DistanceMatrixElement>
                <DistanceMatrixElement id="VTR:DistanceMatrixElement:15140323to15140325" version="1">
                  <Name>Norbutiškės to Patyriai</Name>
                  <StartStopPointRef ref="VTR:ScheduledStopPoint:360675" version="1"/>
                  <EndStopPointRef ref="VTR:ScheduledStopPoint:360677" version="1"/>
                  <prices>
                    <DistanceMatrixElementPrice id="VTR:DistanceMatrixElementPrice:15140323to15140325" version="1">
                      <Amount>0.44</Amount>
                      <DistanceMatrixElementRef ref="VTR:DistanceMatrixElement:15140323to15140325" version="1"/>
                    </DistanceMatrixElementPrice>
                  </prices>
                </DistanceMatrixElement>
                <DistanceMatrixElement id="VTR:DistanceMatrixElement:15140322to15140323" version="1">
                  <Name>Rietavas to Norbutiškės</Name>
                  <StartStopPointRef ref="VTR:ScheduledStopPoint:360674" version="1"/>
                  <EndStopPointRef ref="VTR:ScheduledStopPoint:360675" version="1"/>
                  <prices>
                    <DistanceMatrixElementPrice id="VTR:DistanceMatrixElementPrice:15140322to15140323" version="1">
                      <Amount>0.3</Amount>
                      <DistanceMatrixElementRef ref="VTR:DistanceMatrixElement:15140322to15140323" version="1"/>
                    </DistanceMatrixElementPrice>
                  </prices>
                </DistanceMatrixElement>
                <DistanceMatrixElement id="VTR:DistanceMatrixElement:15140324to15140325" version="1">
                  <Name>Alkos to Patyriai</Name>
                  <StartStopPointRef ref="VTR:ScheduledStopPoint:360676" version="1"/>
                  <EndStopPointRef ref="VTR:ScheduledStopPoint:360677" version="1"/>
                  <prices>
                    <DistanceMatrixElementPrice id="VTR:DistanceMatrixElementPrice:15140324to15140325" version="1">
                      <Amount>0.22</Amount>
                      <DistanceMatrixElementRef ref="VTR:DistanceMatrixElement:15140324to15140325" version="1"/>
                    </DistanceMatrixElementPrice>
                  </prices>
                </DistanceMatrixElement>
                <DistanceMatrixElement id="VTR:DistanceMatrixElement:15140327to15140328" version="1">
                  <Name>Norbutiškės to Alkos</Name>
                  <StartStopPointRef ref="VTR:ScheduledStopPoint:360675" version="1"/>
                  <EndStopPointRef ref="VTR:ScheduledStopPoint:360676" version="1"/>
                  <prices>
                    <DistanceMatrixElementPrice id="VTR:DistanceMatrixElementPrice:15140327to15140328" version="1">
                      <Amount>0.44</Amount>
                      <DistanceMatrixElementRef ref="VTR:DistanceMatrixElement:15140327to15140328" version="1"/>
                    </DistanceMatrixElementPrice>
                  </prices>
                </DistanceMatrixElement>
                <DistanceMatrixElement id="VTR:DistanceMatrixElement:15140322to15140324" version="1">
                  <Name>Rietavas to Alkos</Name>
                  <StartStopPointRef ref="VTR:ScheduledStopPoint:360674" version="1"/>
                  <EndStopPointRef ref="VTR:ScheduledStopPoint:360676" version="1"/>
                  <prices>
                    <DistanceMatrixElementPrice id="VTR:DistanceMatrixElementPrice:15140322to15140324" version="1">
                      <Amount>0.74</Amount>
                      <DistanceMatrixElementRef ref="VTR:DistanceMatrixElement:15140322to15140324" version="1"/>
                    </DistanceMatrixElementPrice>
                  </prices>
                </DistanceMatrixElement>
              </distanceMatrixElements>
            </Tariff>
          </tariffs>
          <usageParameters>
            <FrequencyOfUse id="VTR:FrequencyOfUse:oneTrip" version="1">
              <FrequencyOfUseType>unlimited</FrequencyOfUseType>
              <MaximalFrequency>1</MaximalFrequency>
            </FrequencyOfUse>
          </usageParameters>
        </FareFrame>
      </frames>
    </CompositeFrame>
  </dataObjects>
</PublicationDelivery>
