<?xml version="1.0" encoding="UTF-8"?><PublicationDelivery xmlns="http://www.netex.org.uk/netex" xmlns:gis="http://www.opengis.net/gml/3.2" xmlns:ns2="http://www.opengis.net/gml/3.2" xmlns:ns3="http://www.siri.org.uk/siri" xmlns:xsi="http://www.w3.org/2001/XMLSchema-instance" version="1" xsi:schemaLocation="">
  <PublicationTimestamp>2022-05-07T04:35:00.206</PublicationTimestamp>
  <ParticipantRef>VTR</ParticipantRef>
  <Description>1</Description>
  <dataObjects>
    <CompositeFrame created="2022-05-07T04:35:00.206" version="1" id="VTR:CompositeFrame:1395">
      <validityConditions>
        <AvailabilityCondition version="1" id="VTR:AvailabilityCondition:1395">
          <FromDate>2015-07-30T11:09:34</FromDate>
          <ToDate>2027-12-30T00:00:00</ToDate>
        </AvailabilityCondition>
      </validityConditions>
      <codespaces>
        <Codespace id="vtr">
          <Xmlns>VTR</Xmlns>
          <XmlnsUrl>http://www.visimarsrutai.lt/</XmlnsUrl>
        </Codespace>
      </codespaces>
      <FrameDefaults>
        <DefaultLocale>
          <TimeZone>Europe/Vilnius</TimeZone>
        </DefaultLocale>
        <DefaultLocationSystem>WGS84</DefaultLocationSystem>
      </FrameDefaults>
      <frames>
        <ServiceCalendarFrame version="1" id="VTR:ServiceCalendarFrame:1395">
          <dayTypes>
            <DayType id="VTR:DayType:5546" version="1">
              <properties>
                <PropertyOfDay>
                  <DaysOfWeek>Wednesday</DaysOfWeek>
                </PropertyOfDay>
              </properties>
            </DayType>
          </dayTypes>
          <operatingPeriods>
            <OperatingPeriod version="1" id="VTR:OperatingPeriod:5546">
              <FromDate>2016-01-01T00:00:00</FromDate>
              <ToDate>2020-12-31T00:00:00</ToDate>
            </OperatingPeriod>
          </operatingPeriods>
          <dayTypeAssignments>
            <DayTypeAssignment id="VTR:DayTypeAssignment:5546_0" version="1" order="3069">
              <OperatingPeriodRef ref="VTR:OperatingPeriod:5546" version="1"/>
              <DayTypeRef ref="VTR:DayType:5546" version="1"/>
            </DayTypeAssignment>
          </dayTypeAssignments>
        </ServiceCalendarFrame>
        <ServiceFrame id="VTR:ServiceFrame:1395" version="1">
          <Network version="0" id="VTR:Network:28"/>
          <routePoints>
            <RoutePoint version="1" id="VTR:RoutePoint:64997">
              <projections>
                <PointProjection version="1" id="VTR:PointProjection:21410">
                  <ProjectedPointRef ref="VTR:ScheduledStopPoint:64997" version="1"/>
                </PointProjection>
              </projections>
            </RoutePoint>
            <RoutePoint version="1" id="VTR:RoutePoint:64998">
              <projections>
                <PointProjection version="1" id="VTR:PointProjection:21411">
                  <ProjectedPointRef ref="VTR:ScheduledStopPoint:64998" version="1"/>
                </PointProjection>
              </projections>
            </RoutePoint>
            <RoutePoint version="1" id="VTR:RoutePoint:64999">
              <projections>
                <PointProjection version="1" id="VTR:PointProjection:21412">
                  <ProjectedPointRef ref="VTR:ScheduledStopPoint:64999" version="1"/>
                </PointProjection>
              </projections>
            </RoutePoint>
            <RoutePoint version="1" id="VTR:RoutePoint:65000">
              <projections>
                <PointProjection version="1" id="VTR:PointProjection:21413">
                  <ProjectedPointRef ref="VTR:ScheduledStopPoint:65000" version="1"/>
                </PointProjection>
              </projections>
            </RoutePoint>
            <RoutePoint version="1" id="VTR:RoutePoint:65001">
              <projections>
                <PointProjection version="1" id="VTR:PointProjection:21414">
                  <ProjectedPointRef ref="VTR:ScheduledStopPoint:65001" version="1"/>
                </PointProjection>
              </projections>
            </RoutePoint>
            <RoutePoint version="1" id="VTR:RoutePoint:65002">
              <projections>
                <PointProjection version="1" id="VTR:PointProjection:21415">
                  <ProjectedPointRef ref="VTR:ScheduledStopPoint:65002" version="1"/>
                </PointProjection>
              </projections>
            </RoutePoint>
          </routePoints>
          <routes>
            <Route version="1" id="VTR:Route:3885">
              <Name>Rietavas-Medingėnai per Patyrį</Name>
              <ShortName>Rietavas-Medingėnai per Patyrį</ShortName>
              <LineRef ref="VTR:Line:1600" version="1580"/>
              <DirectionType>outbound</DirectionType>
              <pointsInSequence>
                <PointOnRoute version="1" id="VTR:PointOnRoute:64997" order="1">
                  <RoutePointRef ref="VTR:RoutePoint:64997"/>
                </PointOnRoute>
                <PointOnRoute version="1" id="VTR:PointOnRoute:64998" order="2">
                  <RoutePointRef ref="VTR:RoutePoint:64998"/>
                </PointOnRoute>
                <PointOnRoute version="1" id="VTR:PointOnRoute:64999" order="3">
                  <RoutePointRef ref="VTR:RoutePoint:64999"/>
                </PointOnRoute>
                <PointOnRoute version="1" id="VTR:PointOnRoute:65000" order="4">
                  <RoutePointRef ref="VTR:RoutePoint:65000"/>
                </PointOnRoute>
                <PointOnRoute version="1" id="VTR:PointOnRoute:65001" order="5">
                  <RoutePointRef ref="VTR:RoutePoint:65001"/>
                </PointOnRoute>
                <PointOnRoute version="1" id="VTR:PointOnRoute:65002" order="6">
                  <RoutePointRef ref="VTR:RoutePoint:65002"/>
                </PointOnRoute>
              </pointsInSequence>
            </Route>
          </routes>
          <lines>
            <Line version="1580" id="VTR:Line:1600">
              <Name>Rietavas-Medingėnai</Name>
              <TransportMode>bus</TransportMode>
              <TransportSubmode>
                <BusSubmode>regionalBus</BusSubmode>
              </TransportSubmode>
              <PublicCode>M1</PublicCode>
              <OperatorRef ref="VTR:Operator:28"/>
            </Line>
          </lines>
          <scheduledStopPoints>
            <ScheduledStopPoint version="1" id="VTR:ScheduledStopPoint:64997">
              <Name>Rietavas</Name>
            </ScheduledStopPoint>
            <ScheduledStopPoint version="1" id="VTR:ScheduledStopPoint:64998">
              <Name>Norbutiškės</Name>
            </ScheduledStopPoint>
            <ScheduledStopPoint version="1" id="VTR:ScheduledStopPoint:64999">
              <Name>Alkos</Name>
            </ScheduledStopPoint>
            <ScheduledStopPoint version="1" id="VTR:ScheduledStopPoint:65000">
              <Name>Patyriai</Name>
            </ScheduledStopPoint>
            <ScheduledStopPoint version="1" id="VTR:ScheduledStopPoint:65001">
              <Name>Pažėros</Name>
            </ScheduledStopPoint>
            <ScheduledStopPoint version="1" id="VTR:ScheduledStopPoint:65002">
              <Name>Medingėnai</Name>
            </ScheduledStopPoint>
          </scheduledStopPoints>
          <serviceLinks>
            <ServiceLink id="VTR:ServiceLink:64998_1_64999_1" version="1">
              <Distance>4</Distance>
              <FromPointRef ref="VTR:ScheduledStopPoint:64998" version="1"/>
              <ToPointRef ref="VTR:ScheduledStopPoint:64999" version="1"/>
            </ServiceLink>
            <ServiceLink id="VTR:ServiceLink:64997_1_64998_1" version="1">
              <Distance>3</Distance>
              <FromPointRef ref="VTR:ScheduledStopPoint:64997" version="1"/>
              <ToPointRef ref="VTR:ScheduledStopPoint:64998" version="1"/>
            </ServiceLink>
            <ServiceLink id="VTR:ServiceLink:65001_1_65002_1" version="1">
              <Distance>2</Distance>
              <FromPointRef ref="VTR:ScheduledStopPoint:65001" version="1"/>
              <ToPointRef ref="VTR:ScheduledStopPoint:65002" version="1"/>
            </ServiceLink>
            <ServiceLink id="VTR:ServiceLink:64999_1_65000_1" version="1">
              <Distance>1</Distance>
              <FromPointRef ref="VTR:ScheduledStopPoint:64999" version="1"/>
              <ToPointRef ref="VTR:ScheduledStopPoint:65000" version="1"/>
            </ServiceLink>
            <ServiceLink id="VTR:ServiceLink:65000_1_65001_1" version="1">
              <Distance>4</Distance>
              <FromPointRef ref="VTR:ScheduledStopPoint:65000" version="1"/>
              <ToPointRef ref="VTR:ScheduledStopPoint:65001" version="1"/>
            </ServiceLink>
          </serviceLinks>
          <stopAssignments>
            <PassengerStopAssignment order="388500000" id="VTR:PassengerStopAssignment:64997" version="1">
              <ScheduledStopPointRef ref="VTR:ScheduledStopPoint:64997" version="1"/>
              <QuayRef ref="VTR:Quay:20038"/>
            </PassengerStopAssignment>
            <PassengerStopAssignment order="388500001" id="VTR:PassengerStopAssignment:64998" version="1">
              <ScheduledStopPointRef ref="VTR:ScheduledStopPoint:64998" version="1"/>
              <QuayRef ref="VTR:Quay:12222"/>
            </PassengerStopAssignment>
            <PassengerStopAssignment order="388500002" id="VTR:PassengerStopAssignment:64999" version="1">
              <ScheduledStopPointRef ref="VTR:ScheduledStopPoint:64999" version="1"/>
              <QuayRef ref="VTR:Quay:9806"/>
            </PassengerStopAssignment>
            <PassengerStopAssignment order="388500003" id="VTR:PassengerStopAssignment:65000" version="1">
              <ScheduledStopPointRef ref="VTR:ScheduledStopPoint:65000" version="1"/>
              <QuayRef ref="VTR:Quay:21323"/>
            </PassengerStopAssignment>
            <PassengerStopAssignment order="388500004" id="VTR:PassengerStopAssignment:65001" version="1">
              <ScheduledStopPointRef ref="VTR:ScheduledStopPoint:65001" version="1"/>
              <QuayRef ref="VTR:Quay:21376"/>
            </PassengerStopAssignment>
            <PassengerStopAssignment order="388500005" id="VTR:PassengerStopAssignment:65002" version="1">
              <ScheduledStopPointRef ref="VTR:ScheduledStopPoint:65002" version="1"/>
              <QuayRef ref="VTR:Quay:9300"/>
            </PassengerStopAssignment>
          </stopAssignments>
          <journeyPatterns>
            <JourneyPattern id="VTR:JourneyPattern:247197" version="247339">
              <Name>2</Name>
              <RouteRef ref="VTR:Route:3885" version="1"/>
              <pointsInSequence>
                <StopPointInJourneyPattern id="VTR:StopPointInJourneyPattern:3996805" version="247339" order="1">
                  <ScheduledStopPointRef ref="VTR:ScheduledStopPoint:64997"/>
                  <DestinationDisplayRef ref="VTR:DestinationDisplay:1"/>
                </StopPointInJourneyPattern>
                <StopPointInJourneyPattern id="VTR:StopPointInJourneyPattern:3996806" version="247339" order="2">
                  <ScheduledStopPointRef ref="VTR:ScheduledStopPoint:64998"/>
                  <DestinationDisplayRef ref="VTR:DestinationDisplay:1"/>
                </StopPointInJourneyPattern>
                <StopPointInJourneyPattern id="VTR:StopPointInJourneyPattern:3996807" version="247339" order="3">
                  <ScheduledStopPointRef ref="VTR:ScheduledStopPoint:64999"/>
                  <DestinationDisplayRef ref="VTR:DestinationDisplay:1"/>
                </StopPointInJourneyPattern>
                <StopPointInJourneyPattern id="VTR:StopPointInJourneyPattern:3996808" version="247339" order="4">
                  <ScheduledStopPointRef ref="VTR:ScheduledStopPoint:65000"/>
                  <DestinationDisplayRef ref="VTR:DestinationDisplay:1"/>
                </StopPointInJourneyPattern>
                <StopPointInJourneyPattern id="VTR:StopPointInJourneyPattern:3996809" version="247339" order="5">
                  <ScheduledStopPointRef ref="VTR:ScheduledStopPoint:65001"/>
                  <DestinationDisplayRef ref="VTR:DestinationDisplay:1"/>
                </StopPointInJourneyPattern>
                <StopPointInJourneyPattern id="VTR:StopPointInJourneyPattern:3996810" version="247339" order="6">
                  <ScheduledStopPointRef ref="VTR:ScheduledStopPoint:65002"/>
                  <DestinationDisplayRef ref="VTR:DestinationDisplay:1"/>
                </StopPointInJourneyPattern>
              </pointsInSequence>
            </JourneyPattern>
            <JourneyPattern id="VTR:JourneyPattern:247196" version="247338">
              <Name>1</Name>
              <RouteRef ref="VTR:Route:3885" version="1"/>
              <pointsInSequence>
                <StopPointInJourneyPattern id="VTR:StopPointInJourneyPattern:3996799" version="247338" order="1">
                  <ScheduledStopPointRef ref="VTR:ScheduledStopPoint:64997"/>
                  <DestinationDisplayRef ref="VTR:DestinationDisplay:1"/>
                </StopPointInJourneyPattern>
                <StopPointInJourneyPattern id="VTR:StopPointInJourneyPattern:3996800" version="247338" order="2">
                  <ScheduledStopPointRef ref="VTR:ScheduledStopPoint:64998"/>
                  <DestinationDisplayRef ref="VTR:DestinationDisplay:1"/>
                </StopPointInJourneyPattern>
                <StopPointInJourneyPattern id="VTR:StopPointInJourneyPattern:3996801" version="247338" order="3">
                  <ScheduledStopPointRef ref="VTR:ScheduledStopPoint:64999"/>
                  <DestinationDisplayRef ref="VTR:DestinationDisplay:1"/>
                </StopPointInJourneyPattern>
                <StopPointInJourneyPattern id="VTR:StopPointInJourneyPattern:3996802" version="247338" order="4">
                  <ScheduledStopPointRef ref="VTR:ScheduledStopPoint:65000"/>
                  <DestinationDisplayRef ref="VTR:DestinationDisplay:1"/>
                </StopPointInJourneyPattern>
                <StopPointInJourneyPattern id="VTR:StopPointInJourneyPattern:3996803" version="247338" order="5">
                  <ScheduledStopPointRef ref="VTR:ScheduledStopPoint:65001"/>
                  <DestinationDisplayRef ref="VTR:DestinationDisplay:1"/>
                </StopPointInJourneyPattern>
                <StopPointInJourneyPattern id="VTR:StopPointInJourneyPattern:3996804" version="247338" order="6">
                  <ScheduledStopPointRef ref="VTR:ScheduledStopPoint:65002"/>
                  <DestinationDisplayRef ref="VTR:DestinationDisplay:1"/>
                </StopPointInJourneyPattern>
              </pointsInSequence>
            </JourneyPattern>
          </journeyPatterns>
        </ServiceFrame>
        <TimetableFrame version="1" id="VTR:TimetableFrame:1395">
          <vehicleJourneys>
            <ServiceJourney version="247338" id="VTR:ServiceJourney:247196">
              <Name>Rietavas-Medingėnai per Patyrį</Name>
              <PrivateCode>1</PrivateCode>
              <dayTypes>
                <DayTypeRef ref="VTR:DayType:5546"/>
              </dayTypes>
              <JourneyPatternRef version="247338" ref="VTR:JourneyPattern:247196"/>
              <OperatorRef ref="VTR:Operator:518"/>
              <LineRef ref="VTR:Line:1600" version="1580"/>
              <passingTimes>
                <TimetabledPassingTime version="247338" id="VTR:TimetabledPassingTime:247196_3996799_1">
                  <StopPointInJourneyPatternRef ref="VTR:StopPointInJourneyPattern:3996799" version="247338"/>
                  <DepartureTime>08:30:00</DepartureTime>
                  <DepartureDayOffset>0</DepartureDayOffset>
                </TimetabledPassingTime>
                <TimetabledPassingTime version="247338" id="VTR:TimetabledPassingTime:247196_3996800_2">
                  <StopPointInJourneyPatternRef ref="VTR:StopPointInJourneyPattern:3996800" version="247338"/>
                  <DepartureTime>08:34:00</DepartureTime>
                  <DepartureDayOffset>0</DepartureDayOffset>
                </TimetabledPassingTime>
                <TimetabledPassingTime version="247338" id="VTR:TimetabledPassingTime:247196_3996801_3">
                  <StopPointInJourneyPatternRef ref="VTR:StopPointInJourneyPattern:3996801" version="247338"/>
                  <DepartureTime>08:45:00</DepartureTime>
                  <DepartureDayOffset>0</DepartureDayOffset>
                </TimetabledPassingTime>
                <TimetabledPassingTime version="247338" id="VTR:TimetabledPassingTime:247196_3996802_4">
                  <StopPointInJourneyPatternRef ref="VTR:StopPointInJourneyPattern:3996802" version="247338"/>
                  <DepartureTime>08:50:00</DepartureTime>
                  <DepartureDayOffset>0</DepartureDayOffset>
                </TimetabledPassingTime>
                <TimetabledPassingTime version="247338" id="VTR:TimetabledPassingTime:247196_3996803_5">
                  <StopPointInJourneyPatternRef ref="VTR:StopPointInJourneyPattern:3996803" version="247338"/>
                  <DepartureTime>08:58:00</DepartureTime>
                  <DepartureDayOffset>0</DepartureDayOffset>
                </TimetabledPassingTime>
                <TimetabledPassingTime version="247338" id="VTR:TimetabledPassingTime:247196_3996804_6">
                  <StopPointInJourneyPatternRef ref="VTR:StopPointInJourneyPattern:3996804" version="247338"/>
                  <DepartureTime>09:10:00</DepartureTime>
                  <DepartureDayOffset>0</DepartureDayOffset>
                </TimetabledPassingTime>
              </passingTimes>
            </ServiceJourney>
            <ServiceJourney version="247339" id="VTR:ServiceJourney:247197">
              <Name>Rietavas-Medingėnai per Patyrį</Name>
              <PrivateCode>2</PrivateCode>
              <dayTypes>
                <DayTypeRef ref="VTR:DayType:5546"/>
              </dayTypes>
              <JourneyPatternRef version="247339" ref="VTR:JourneyPattern:247197"/>
              <OperatorRef ref="VTR:Operator:518"/>
              <LineRef ref="VTR:Line:1600" version="1580"/>
              <passingTimes>
                <TimetabledPassingTime version="247339" id="VTR:TimetabledPassingTime:247197_3996805_1">
                  <StopPointInJourneyPatternRef ref="VTR:StopPointInJourneyPattern:3996805" version="247339"/>
                  <DepartureTime>11:50:00</DepartureTime>
                  <DepartureDayOffset>0</DepartureDayOffset>
                </TimetabledPassingTime>
                <TimetabledPassingTime version="247339" id="VTR:TimetabledPassingTime:247197_3996806_2">
                  <StopPointInJourneyPatternRef ref="VTR:StopPointInJourneyPattern:3996806" version="247339"/>
                  <DepartureTime>11:54:00</DepartureTime>
                  <DepartureDayOffset>0</DepartureDayOffset>
                </TimetabledPassingTime>
                <TimetabledPassingTime version="247339" id="VTR:TimetabledPassingTime:247197_3996807_3">
                  <StopPointInJourneyPatternRef ref="VTR:StopPointInJourneyPattern:3996807" version="247339"/>
                  <DepartureTime>12:05:00</DepartureTime>
                  <DepartureDayOffset>0</DepartureDayOffset>
                </TimetabledPassingTime>
                <TimetabledPassingTime version="247339" id="VTR:TimetabledPassingTime:247197_3996808_4">
                  <StopPointInJourneyPatternRef ref="VTR:StopPointInJourneyPattern:3996808" version="247339"/>
                  <DepartureTime>12:10:00</DepartureTime>
                  <DepartureDayOffset>0</DepartureDayOffset>
                </TimetabledPassingTime>
                <TimetabledPassingTime version="247339" id="VTR:TimetabledPassingTime:247197_3996809_5">
                  <StopPointInJourneyPatternRef ref="VTR:StopPointInJourneyPattern:3996809" version="247339"/>
                  <DepartureTime>12:18:00</DepartureTime>
                  <DepartureDayOffset>0</DepartureDayOffset>
                </TimetabledPassingTime>
                <TimetabledPassingTime version="247339" id="VTR:TimetabledPassingTime:247197_3996810_6">
                  <StopPointInJourneyPatternRef ref="VTR:StopPointInJourneyPattern:3996810" version="247339"/>
                  <DepartureTime>12:30:00</DepartureTime>
                  <DepartureDayOffset>0</DepartureDayOffset>
                </TimetabledPassingTime>
              </passingTimes>
            </ServiceJourney>
          </vehicleJourneys>
        </TimetableFrame>
        <ResourceFrame version="1" id="VTR:ResourceFrame:1395">
          <organisations>
            <Authority version="1" id="VTR:Authority:28">
              <CompanyNumber>74</CompanyNumber>
              <Name>Rietavo sav.</Name>
              <LegalName>Rietavo sav.</LegalName>
              <ContactDetails>
                <Email>savivaldybe@rietavas.lt</Email>
                <Phone>844873200</Phone>
                <Url>www.rietavas.lt</Url>
              </ContactDetails>
              <OrganisationType>authority</OrganisationType>
            </Authority>
          </organisations>
        </ResourceFrame>
        <FareFrame id="VTR:FareFrame:1600" version="1">
          <FrameDefaults>
            <DefaultCurrency>EUR</DefaultCurrency>
          </FrameDefaults>
          <fareStructureElements>
            <FareStructureElement id="VTR:FareStructureElement:pricematrix" version="1">
              <distanceMatrixElements>
                <DistanceMatrixElementRef ref="VTR:DistanceMatrixElement:3996806to3996808" version="1"/>
                <DistanceMatrixElementRef ref="VTR:DistanceMatrixElement:3996805to3996809" version="1"/>
                <DistanceMatrixElementRef ref="VTR:DistanceMatrixElement:3996807to3996808" version="1"/>
                <DistanceMatrixElementRef ref="VTR:DistanceMatrixElement:3996800to3996802" version="1"/>
                <DistanceMatrixElementRef ref="VTR:DistanceMatrixElement:3996801to3996804" version="1"/>
                <DistanceMatrixElementRef ref="VTR:DistanceMatrixElement:3996802to3996804" version="1"/>
                <DistanceMatrixElementRef ref="VTR:DistanceMatrixElement:3996805to3996806" version="1"/>
                <DistanceMatrixElementRef ref="VTR:DistanceMatrixElement:3996805to3996810" version="1"/>
                <DistanceMatrixElementRef ref="VTR:DistanceMatrixElement:3996808to3996810" version="1"/>
                <DistanceMatrixElementRef ref="VTR:DistanceMatrixElement:3996803to3996804" version="1"/>
                <DistanceMatrixElementRef ref="VTR:DistanceMatrixElement:3996800to3996803" version="1"/>
                <DistanceMatrixElementRef ref="VTR:DistanceMatrixElement:3996800to3996804" version="1"/>
                <DistanceMatrixElementRef ref="VTR:DistanceMatrixElement:3996801to3996802" version="1"/>
                <DistanceMatrixElementRef ref="VTR:DistanceMatrixElement:3996805to3996807" version="1"/>
                <DistanceMatrixElementRef ref="VTR:DistanceMatrixElement:3996805to3996808" version="1"/>
                <DistanceMatrixElementRef ref="VTR:DistanceMatrixElement:3996799to3996801" version="1"/>
                <DistanceMatrixElementRef ref="VTR:DistanceMatrixElement:3996801to3996803" version="1"/>
                <DistanceMatrixElementRef ref="VTR:DistanceMatrixElement:3996807to3996809" version="1"/>
                <DistanceMatrixElementRef ref="VTR:DistanceMatrixElement:3996799to3996800" version="1"/>
                <DistanceMatrixElementRef ref="VTR:DistanceMatrixElement:3996799to3996802" version="1"/>
                <DistanceMatrixElementRef ref="VTR:DistanceMatrixElement:3996800to3996801" version="1"/>
                <DistanceMatrixElementRef ref="VTR:DistanceMatrixElement:3996808to3996809" version="1"/>
                <DistanceMatrixElementRef ref="VTR:DistanceMatrixElement:3996809to3996810" version="1"/>
                <DistanceMatrixElementRef ref="VTR:DistanceMatrixElement:3996799to3996803" version="1"/>
                <DistanceMatrixElementRef ref="VTR:DistanceMatrixElement:3996802to3996803" version="1"/>
                <DistanceMatrixElementRef ref="VTR:DistanceMatrixElement:3996806to3996807" version="1"/>
                <DistanceMatrixElementRef ref="VTR:DistanceMatrixElement:3996806to3996809" version="1"/>
                <DistanceMatrixElementRef ref="VTR:DistanceMatrixElement:3996807to3996810" version="1"/>
                <DistanceMatrixElementRef ref="VTR:DistanceMatrixElement:3996799to3996804" version="1"/>
                <DistanceMatrixElementRef ref="VTR:DistanceMatrixElement:3996806to3996810" version="1"/>
              </distanceMatrixElements>
            </FareStructureElement>
          </fareStructureElements>
          <tariffs>
            <Tariff id="VTR:Tariff:pointToPointInSeparateJourney_1600" version="1">
              <Name>Point to point tariff</Name>
              <distanceMatrixElements>
                <DistanceMatrixElement id="VTR:DistanceMatrixElement:3996806to3996808" version="1">
                  <Name>Norbutiškės to Patyriai</Name>
                  <StartStopPointRef ref="VTR:ScheduledStopPoint:64998" version="1"/>
                  <EndStopPointRef ref="VTR:ScheduledStopPoint:65000" version="1"/>
                  <prices>
                    <DistanceMatrixElementPrice id="VTR:DistanceMatrixElementPrice:3996806to3996808" version="1">
                      <Amount>0.6</Amount>
                      <DistanceMatrixElementRef ref="VTR:DistanceMatrixElement:3996806to3996808" version="1"/>
                    </DistanceMatrixElementPrice>
                  </prices>
                </DistanceMatrixElement>
                <DistanceMatrixElement id="VTR:DistanceMatrixElement:3996805to3996809" version="1">
                  <Name>Rietavas to Pažėros</Name>
                  <StartStopPointRef ref="VTR:ScheduledStopPoint:64997" version="1"/>
                  <EndStopPointRef ref="VTR:ScheduledStopPoint:65001" version="1"/>
                  <prices>
                    <DistanceMatrixElementPrice id="VTR:DistanceMatrixElementPrice:3996805to3996809" version="1">
                      <Amount>1.36</Amount>
                      <DistanceMatrixElementRef ref="VTR:DistanceMatrixElement:3996805to3996809" version="1"/>
                    </DistanceMatrixElementPrice>
                  </prices>
                </DistanceMatrixElement>
                <DistanceMatrixElement id="VTR:DistanceMatrixElement:3996807to3996808" version="1">
                  <Name>Alkos to Patyriai</Name>
                  <StartStopPointRef ref="VTR:ScheduledStopPoint:64999" version="1"/>
                  <EndStopPointRef ref="VTR:ScheduledStopPoint:65000" version="1"/>
                  <prices>
                    <DistanceMatrixElementPrice id="VTR:DistanceMatrixElementPrice:3996807to3996808" version="1">
                      <Amount>0.19</Amount>
                      <DistanceMatrixElementRef ref="VTR:DistanceMatrixElement:3996807to3996808" version="1"/>
                    </DistanceMatrixElementPrice>
                  </prices>
                </DistanceMatrixElement>
                <DistanceMatrixElement id="VTR:DistanceMatrixElement:3996800to3996802" version="1">
                  <Name>Norbutiškės to Patyriai</Name>
                  <StartStopPointRef ref="VTR:ScheduledStopPoint:64998" version="1"/>
                  <EndStopPointRef ref="VTR:ScheduledStopPoint:65000" version="1"/>
                  <prices>
                    <DistanceMatrixElementPrice id="VTR:DistanceMatrixElementPrice:3996800to3996802" version="1">
                      <Amount>0.6</Amount>
                      <DistanceMatrixElementRef ref="VTR:DistanceMatrixElement:3996800to3996802" version="1"/>
                    </DistanceMatrixElementPrice>
                  </prices>
                </DistanceMatrixElement>
                <DistanceMatrixElement id="VTR:DistanceMatrixElement:3996801to3996804" version="1">
                  <Name>Alkos to Medingėnai</Name>
                  <StartStopPointRef ref="VTR:ScheduledStopPoint:64999" version="1"/>
                  <EndStopPointRef ref="VTR:ScheduledStopPoint:65002" version="1"/>
                  <prices>
                    <DistanceMatrixElementPrice id="VTR:DistanceMatrixElementPrice:3996801to3996804" version="1">
                      <Amount>0.91</Amount>
                      <DistanceMatrixElementRef ref="VTR:DistanceMatrixElement:3996801to3996804" version="1"/>
                    </DistanceMatrixElementPrice>
                  </prices>
                </DistanceMatrixElement>
                <DistanceMatrixElement id="VTR:DistanceMatrixElement:3996802to3996804" version="1">
                  <Name>Patyriai to Medingėnai</Name>
                  <StartStopPointRef ref="VTR:ScheduledStopPoint:65000" version="1"/>
                  <EndStopPointRef ref="VTR:ScheduledStopPoint:65002" version="1"/>
                  <prices>
                    <DistanceMatrixElementPrice id="VTR:DistanceMatrixElementPrice:3996802to3996804" version="1">
                      <Amount>0.72</Amount>
                      <DistanceMatrixElementRef ref="VTR:DistanceMatrixElement:3996802to3996804" version="1"/>
                    </DistanceMatrixElementPrice>
                  </prices>
                </DistanceMatrixElement>
                <DistanceMatrixElement id="VTR:DistanceMatrixElement:3996805to3996806" version="1">
                  <Name>Rietavas to Norbutiškės</Name>
                  <StartStopPointRef ref="VTR:ScheduledStopPoint:64997" version="1"/>
                  <EndStopPointRef ref="VTR:ScheduledStopPoint:64998" version="1"/>
                  <prices>
                    <DistanceMatrixElementPrice id="VTR:DistanceMatrixElementPrice:3996805to3996806" version="1">
                      <Amount>0.3</Amount>
                      <DistanceMatrixElementRef ref="VTR:DistanceMatrixElement:3996805to3996806" version="1"/>
                    </DistanceMatrixElementPrice>
                  </prices>
                </DistanceMatrixElement>
                <DistanceMatrixElement id="VTR:DistanceMatrixElement:3996805to3996810" version="1">
                  <Name>Rietavas to Medingėnai</Name>
                  <StartStopPointRef ref="VTR:ScheduledStopPoint:64997" version="1"/>
                  <EndStopPointRef ref="VTR:ScheduledStopPoint:65002" version="1"/>
                  <prices>
                    <DistanceMatrixElementPrice id="VTR:DistanceMatrixElementPrice:3996805to3996810" version="1">
                      <Amount>1.63</Amount>
                      <DistanceMatrixElementRef ref="VTR:DistanceMatrixElement:3996805to3996810" version="1"/>
                    </DistanceMatrixElementPrice>
                  </prices>
                </DistanceMatrixElement>
                <DistanceMatrixElement id="VTR:DistanceMatrixElement:3996808to3996810" version="1">
                  <Name>Patyriai to Medingėnai</Name>
                  <StartStopPointRef ref="VTR:ScheduledStopPoint:65000" version="1"/>
                  <EndStopPointRef ref="VTR:ScheduledStopPoint:65002" version="1"/>
                  <prices>
                    <DistanceMatrixElementPrice id="VTR:DistanceMatrixElementPrice:3996808to3996810" version="1">
                      <Amount>0.72</Amount>
                      <DistanceMatrixElementRef ref="VTR:DistanceMatrixElement:3996808to3996810" version="1"/>
                    </DistanceMatrixElementPrice>
                  </prices>
                </DistanceMatrixElement>
                <DistanceMatrixElement id="VTR:DistanceMatrixElement:3996803to3996804" version="1">
                  <Name>Pažėros to Medingėnai</Name>
                  <StartStopPointRef ref="VTR:ScheduledStopPoint:65001" version="1"/>
                  <EndStopPointRef ref="VTR:ScheduledStopPoint:65002" version="1"/>
                  <prices>
                    <DistanceMatrixElementPrice id="VTR:DistanceMatrixElementPrice:3996803to3996804" version="1">
                      <Amount>0.27</Amount>
                      <DistanceMatrixElementRef ref="VTR:DistanceMatrixElement:3996803to3996804" version="1"/>
                    </DistanceMatrixElementPrice>
                  </prices>
                </DistanceMatrixElement>
                <DistanceMatrixElement id="VTR:DistanceMatrixElement:3996800to3996803" version="1">
                  <Name>Norbutiškės to Pažėros</Name>
                  <StartStopPointRef ref="VTR:ScheduledStopPoint:64998" version="1"/>
                  <EndStopPointRef ref="VTR:ScheduledStopPoint:65001" version="1"/>
                  <prices>
                    <DistanceMatrixElementPrice id="VTR:DistanceMatrixElementPrice:3996800to3996803" version="1">
                      <Amount>1.06</Amount>
                      <DistanceMatrixElementRef ref="VTR:DistanceMatrixElement:3996800to3996803" version="1"/>
                    </DistanceMatrixElementPrice>
                  </prices>
                </DistanceMatrixElement>
                <DistanceMatrixElement id="VTR:DistanceMatrixElement:3996800to3996804" version="1">
                  <Name>Norbutiškės to Medingėnai</Name>
                  <StartStopPointRef ref="VTR:ScheduledStopPoint:64998" version="1"/>
                  <EndStopPointRef ref="VTR:ScheduledStopPoint:65002" version="1"/>
                  <prices>
                    <DistanceMatrixElementPrice id="VTR:DistanceMatrixElementPrice:3996800to3996804" version="1">
                      <Amount>1.33</Amount>
                      <DistanceMatrixElementRef ref="VTR:DistanceMatrixElement:3996800to3996804" version="1"/>
                    </DistanceMatrixElementPrice>
                  </prices>
                </DistanceMatrixElement>
                <DistanceMatrixElement id="VTR:DistanceMatrixElement:3996801to3996802" version="1">
                  <Name>Alkos to Patyriai</Name>
                  <StartStopPointRef ref="VTR:ScheduledStopPoint:64999" version="1"/>
                  <EndStopPointRef ref="VTR:ScheduledStopPoint:65000" version="1"/>
                  <prices>
                    <DistanceMatrixElementPrice id="VTR:DistanceMatrixElementPrice:3996801to3996802" version="1">
                      <Amount>1.9</Amount>
                      <DistanceMatrixElementRef ref="VTR:DistanceMatrixElement:3996801to3996802" version="1"/>
                    </DistanceMatrixElementPrice>
                  </prices>
                </DistanceMatrixElement>
                <DistanceMatrixElement id="VTR:DistanceMatrixElement:3996805to3996807" version="1">
                  <Name>Rietavas to Alkos</Name>
                  <StartStopPointRef ref="VTR:ScheduledStopPoint:64997" version="1"/>
                  <EndStopPointRef ref="VTR:ScheduledStopPoint:64999" version="1"/>
                  <prices>
                    <DistanceMatrixElementPrice id="VTR:DistanceMatrixElementPrice:3996805to3996807" version="1">
                      <Amount>0.72</Amount>
                      <DistanceMatrixElementRef ref="VTR:DistanceMatrixElement:3996805to3996807" version="1"/>
                    </DistanceMatrixElementPrice>
                  </prices>
                </DistanceMatrixElement>
                <DistanceMatrixElement id="VTR:DistanceMatrixElement:3996805to3996808" version="1">
                  <Name>Rietavas to Patyriai</Name>
                  <StartStopPointRef ref="VTR:ScheduledStopPoint:64997" version="1"/>
                  <EndStopPointRef ref="VTR:ScheduledStopPoint:65000" version="1"/>
                  <prices>
                    <DistanceMatrixElementPrice id="VTR:DistanceMatrixElementPrice:3996805to3996808" version="1">
                      <Amount>0.91</Amount>
                      <DistanceMatrixElementRef ref="VTR:DistanceMatrixElement:3996805to3996808" version="1"/>
                    </DistanceMatrixElementPrice>
                  </prices>
                </DistanceMatrixElement>
                <DistanceMatrixElement id="VTR:DistanceMatrixElement:3996799to3996801" version="1">
                  <Name>Rietavas to Alkos</Name>
                  <StartStopPointRef ref="VTR:ScheduledStopPoint:64997" version="1"/>
                  <EndStopPointRef ref="VTR:ScheduledStopPoint:64999" version="1"/>
                  <prices>
                    <DistanceMatrixElementPrice id="VTR:DistanceMatrixElementPrice:3996799to3996801" version="1">
                      <Amount>0.72</Amount>
                      <DistanceMatrixElementRef ref="VTR:DistanceMatrixElement:3996799to3996801" version="1"/>
                    </DistanceMatrixElementPrice>
                  </prices>
                </DistanceMatrixElement>
                <DistanceMatrixElement id="VTR:DistanceMatrixElement:3996801to3996803" version="1">
                  <Name>Alkos to Pažėros</Name>
                  <StartStopPointRef ref="VTR:ScheduledStopPoint:64999" version="1"/>
                  <EndStopPointRef ref="VTR:ScheduledStopPoint:65001" version="1"/>
                  <prices>
                    <DistanceMatrixElementPrice id="VTR:DistanceMatrixElementPrice:3996801to3996803" version="1">
                      <Amount>0.64</Amount>
                      <DistanceMatrixElementRef ref="VTR:DistanceMatrixElement:3996801to3996803" version="1"/>
                    </DistanceMatrixElementPrice>
                  </prices>
                </DistanceMatrixElement>
                <DistanceMatrixElement id="VTR:DistanceMatrixElement:3996807to3996809" version="1">
                  <Name>Alkos to Pažėros</Name>
                  <StartStopPointRef ref="VTR:ScheduledStopPoint:64999" version="1"/>
                  <EndStopPointRef ref="VTR:ScheduledStopPoint:65001" version="1"/>
                  <prices>
                    <DistanceMatrixElementPrice id="VTR:DistanceMatrixElementPrice:3996807to3996809" version="1">
                      <Amount>0.64</Amount>
                      <DistanceMatrixElementRef ref="VTR:DistanceMatrixElement:3996807to3996809" version="1"/>
                    </DistanceMatrixElementPrice>
                  </prices>
                </DistanceMatrixElement>
                <DistanceMatrixElement id="VTR:DistanceMatrixElement:3996799to3996800" version="1">
                  <Name>Rietavas to Norbutiškės</Name>
                  <StartStopPointRef ref="VTR:ScheduledStopPoint:64997" version="1"/>
                  <EndStopPointRef ref="VTR:ScheduledStopPoint:64998" version="1"/>
                  <prices>
                    <DistanceMatrixElementPrice id="VTR:DistanceMatrixElementPrice:3996799to3996800" version="1">
                      <Amount>0.3</Amount>
                      <DistanceMatrixElementRef ref="VTR:DistanceMatrixElement:3996799to3996800" version="1"/>
                    </DistanceMatrixElementPrice>
                  </prices>
                </DistanceMatrixElement>
                <DistanceMatrixElement id="VTR:DistanceMatrixElement:3996799to3996802" version="1">
                  <Name>Rietavas to Patyriai</Name>
                  <StartStopPointRef ref="VTR:ScheduledStopPoint:64997" version="1"/>
                  <EndStopPointRef ref="VTR:ScheduledStopPoint:65000" version="1"/>
                  <prices>
                    <DistanceMatrixElementPrice id="VTR:DistanceMatrixElementPrice:3996799to3996802" version="1">
                      <Amount>0.91</Amount>
                      <DistanceMatrixElementRef ref="VTR:DistanceMatrixElement:3996799to3996802" version="1"/>
                    </DistanceMatrixElementPrice>
                  </prices>
                </DistanceMatrixElement>
                <DistanceMatrixElement id="VTR:DistanceMatrixElement:3996800to3996801" version="1">
                  <Name>Norbutiškės to Alkos</Name>
                  <StartStopPointRef ref="VTR:ScheduledStopPoint:64998" version="1"/>
                  <EndStopPointRef ref="VTR:ScheduledStopPoint:64999" version="1"/>
                  <prices>
                    <DistanceMatrixElementPrice id="VTR:DistanceMatrixElementPrice:3996800to3996801" version="1">
                      <Amount>0.41</Amount>
                      <DistanceMatrixElementRef ref="VTR:DistanceMatrixElement:3996800to3996801" version="1"/>
                    </DistanceMatrixElementPrice>
                  </prices>
                </DistanceMatrixElement>
                <DistanceMatrixElement id="VTR:DistanceMatrixElement:3996808to3996809" version="1">
                  <Name>Patyriai to Pažėros</Name>
                  <StartStopPointRef ref="VTR:ScheduledStopPoint:65000" version="1"/>
                  <EndStopPointRef ref="VTR:ScheduledStopPoint:65001" version="1"/>
                  <prices>
                    <DistanceMatrixElementPrice id="VTR:DistanceMatrixElementPrice:3996808to3996809" version="1">
                      <Amount>0.45</Amount>
                      <DistanceMatrixElementRef ref="VTR:DistanceMatrixElement:3996808to3996809" version="1"/>
                    </DistanceMatrixElementPrice>
                  </prices>
                </DistanceMatrixElement>
                <DistanceMatrixElement id="VTR:DistanceMatrixElement:3996809to3996810" version="1">
                  <Name>Pažėros to Medingėnai</Name>
                  <StartStopPointRef ref="VTR:ScheduledStopPoint:65001" version="1"/>
                  <EndStopPointRef ref="VTR:ScheduledStopPoint:65002" version="1"/>
                  <prices>
                    <DistanceMatrixElementPrice id="VTR:DistanceMatrixElementPrice:3996809to3996810" version="1">
                      <Amount>0.27</Amount>
                      <DistanceMatrixElementRef ref="VTR:DistanceMatrixElement:3996809to3996810" version="1"/>
                    </DistanceMatrixElementPrice>
                  </prices>
                </DistanceMatrixElement>
                <DistanceMatrixElement id="VTR:DistanceMatrixElement:3996799to3996803" version="1">
                  <Name>Rietavas to Pažėros</Name>
                  <StartStopPointRef ref="VTR:ScheduledStopPoint:64997" version="1"/>
                  <EndStopPointRef ref="VTR:ScheduledStopPoint:65001" version="1"/>
                  <prices>
                    <DistanceMatrixElementPrice id="VTR:DistanceMatrixElementPrice:3996799to3996803" version="1">
                      <Amount>1.36</Amount>
                      <DistanceMatrixElementRef ref="VTR:DistanceMatrixElement:3996799to3996803" version="1"/>
                    </DistanceMatrixElementPrice>
                  </prices>
                </DistanceMatrixElement>
                <DistanceMatrixElement id="VTR:DistanceMatrixElement:3996802to3996803" version="1">
                  <Name>Patyriai to Pažėros</Name>
                  <StartStopPointRef ref="VTR:ScheduledStopPoint:65000" version="1"/>
                  <EndStopPointRef ref="VTR:ScheduledStopPoint:65001" version="1"/>
                  <prices>
                    <DistanceMatrixElementPrice id="VTR:DistanceMatrixElementPrice:3996802to3996803" version="1">
                      <Amount>0.45</Amount>
                      <DistanceMatrixElementRef ref="VTR:DistanceMatrixElement:3996802to3996803" version="1"/>
                    </DistanceMatrixElementPrice>
                  </prices>
                </DistanceMatrixElement>
                <DistanceMatrixElement id="VTR:DistanceMatrixElement:3996806to3996807" version="1">
                  <Name>Norbutiškės to Alkos</Name>
                  <StartStopPointRef ref="VTR:ScheduledStopPoint:64998" version="1"/>
                  <EndStopPointRef ref="VTR:ScheduledStopPoint:64999" version="1"/>
                  <prices>
                    <DistanceMatrixElementPrice id="VTR:DistanceMatrixElementPrice:3996806to3996807" version="1">
                      <Amount>0.41</Amount>
                      <DistanceMatrixElementRef ref="VTR:DistanceMatrixElement:3996806to3996807" version="1"/>
                    </DistanceMatrixElementPrice>
                  </prices>
                </DistanceMatrixElement>
                <DistanceMatrixElement id="VTR:DistanceMatrixElement:3996806to3996809" version="1">
                  <Name>Norbutiškės to Pažėros</Name>
                  <StartStopPointRef ref="VTR:ScheduledStopPoint:64998" version="1"/>
                  <EndStopPointRef ref="VTR:ScheduledStopPoint:65001" version="1"/>
                  <prices>
                    <DistanceMatrixElementPrice id="VTR:DistanceMatrixElementPrice:3996806to3996809" version="1">
                      <Amount>1.06</Amount>
                      <DistanceMatrixElementRef ref="VTR:DistanceMatrixElement:3996806to3996809" version="1"/>
                    </DistanceMatrixElementPrice>
                  </prices>
                </DistanceMatrixElement>
                <DistanceMatrixElement id="VTR:DistanceMatrixElement:3996807to3996810" version="1">
                  <Name>Alkos to Medingėnai</Name>
                  <StartStopPointRef ref="VTR:ScheduledStopPoint:64999" version="1"/>
                  <EndStopPointRef ref="VTR:ScheduledStopPoint:65002" version="1"/>
                  <prices>
                    <DistanceMatrixElementPrice id="VTR:DistanceMatrixElementPrice:3996807to3996810" version="1">
                      <Amount>0.91</Amount>
                      <DistanceMatrixElementRef ref="VTR:DistanceMatrixElement:3996807to3996810" version="1"/>
                    </DistanceMatrixElementPrice>
                  </prices>
                </DistanceMatrixElement>
                <DistanceMatrixElement id="VTR:DistanceMatrixElement:3996799to3996804" version="1">
                  <Name>Rietavas to Medingėnai</Name>
                  <StartStopPointRef ref="VTR:ScheduledStopPoint:64997" version="1"/>
                  <EndStopPointRef ref="VTR:ScheduledStopPoint:65002" version="1"/>
                  <prices>
                    <DistanceMatrixElementPrice id="VTR:DistanceMatrixElementPrice:3996799to3996804" version="1">
                      <Amount>1.63</Amount>
                      <DistanceMatrixElementRef ref="VTR:DistanceMatrixElement:3996799to3996804" version="1"/>
                    </DistanceMatrixElementPrice>
                  </prices>
                </DistanceMatrixElement>
                <DistanceMatrixElement id="VTR:DistanceMatrixElement:3996806to3996810" version="1">
                  <Name>Norbutiškės to Medingėnai</Name>
                  <StartStopPointRef ref="VTR:ScheduledStopPoint:64998" version="1"/>
                  <EndStopPointRef ref="VTR:ScheduledStopPoint:65002" version="1"/>
                  <prices>
                    <DistanceMatrixElementPrice id="VTR:DistanceMatrixElementPrice:3996806to3996810" version="1">
                      <Amount>1.33</Amount>
                      <DistanceMatrixElementRef ref="VTR:DistanceMatrixElement:3996806to3996810" version="1"/>
                    </DistanceMatrixElementPrice>
                  </prices>
                </DistanceMatrixElement>
              </distanceMatrixElements>
            </Tariff>
          </tariffs>
          <usageParameters>
            <FrequencyOfUse id="VTR:FrequencyOfUse:oneTrip" version="1">
              <FrequencyOfUseType>unlimited</FrequencyOfUseType>
              <MaximalFrequency>1</MaximalFrequency>
            </FrequencyOfUse>
          </usageParameters>
        </FareFrame>
      </frames>
    </CompositeFrame>
  </dataObjects>
</PublicationDelivery>
