<?xml version="1.0" encoding="UTF-8"?><PublicationDelivery xmlns="http://www.netex.org.uk/netex" xmlns:gis="http://www.opengis.net/gml/3.2" xmlns:ns2="http://www.opengis.net/gml/3.2" xmlns:ns3="http://www.siri.org.uk/siri" xmlns:xsi="http://www.w3.org/2001/XMLSchema-instance" version="1" xsi:schemaLocation="">
  <PublicationTimestamp>2022-05-07T04:35:00.206</PublicationTimestamp>
  <ParticipantRef>VTR</ParticipantRef>
  <Description>1</Description>
  <dataObjects>
    <CompositeFrame created="2022-05-07T04:35:00.206" version="1" id="VTR:CompositeFrame:1395">
      <validityConditions>
        <AvailabilityCondition version="1" id="VTR:AvailabilityCondition:1395">
          <FromDate>2015-07-22T16:14:27</FromDate>
          <ToDate>2027-12-30T00:00:00</ToDate>
        </AvailabilityCondition>
      </validityConditions>
      <codespaces>
        <Codespace id="vtr">
          <Xmlns>VTR</Xmlns>
          <XmlnsUrl>http://www.visimarsrutai.lt/</XmlnsUrl>
        </Codespace>
      </codespaces>
      <FrameDefaults>
        <DefaultLocale>
          <TimeZone>Europe/Vilnius</TimeZone>
        </DefaultLocale>
        <DefaultLocationSystem>WGS84</DefaultLocationSystem>
      </FrameDefaults>
      <frames>
        <ServiceCalendarFrame version="1" id="VTR:ServiceCalendarFrame:1395">
          <dayTypes>
            <DayType id="VTR:DayType:5545" version="1">
              <properties>
                <PropertyOfDay/>
              </properties>
            </DayType>
          </dayTypes>
          <operatingPeriods>
            <OperatingPeriod version="1" id="VTR:OperatingPeriod:5545">
              <FromDate>2016-01-01T00:00:00</FromDate>
              <ToDate>2020-12-31T00:00:00</ToDate>
            </OperatingPeriod>
          </operatingPeriods>
          <dayTypeAssignments>
            <DayTypeAssignment id="VTR:DayTypeAssignment:5545_0" version="1" order="3064">
              <OperatingPeriodRef ref="VTR:OperatingPeriod:5545" version="1"/>
              <DayTypeRef ref="VTR:DayType:5545" version="1"/>
            </DayTypeAssignment>
          </dayTypeAssignments>
        </ServiceCalendarFrame>
        <ServiceFrame id="VTR:ServiceFrame:1395" version="1">
          <Network version="0" id="VTR:Network:28"/>
          <routePoints>
            <RoutePoint version="1" id="VTR:RoutePoint:413745">
              <projections>
                <PointProjection version="1" id="VTR:PointProjection:8309">
                  <ProjectedPointRef ref="VTR:ScheduledStopPoint:413745" version="1"/>
                </PointProjection>
              </projections>
            </RoutePoint>
            <RoutePoint version="1" id="VTR:RoutePoint:413746">
              <projections>
                <PointProjection version="1" id="VTR:PointProjection:8310">
                  <ProjectedPointRef ref="VTR:ScheduledStopPoint:413746" version="1"/>
                </PointProjection>
              </projections>
            </RoutePoint>
            <RoutePoint version="1" id="VTR:RoutePoint:413747">
              <projections>
                <PointProjection version="1" id="VTR:PointProjection:8311">
                  <ProjectedPointRef ref="VTR:ScheduledStopPoint:413747" version="1"/>
                </PointProjection>
              </projections>
            </RoutePoint>
            <RoutePoint version="1" id="VTR:RoutePoint:413748">
              <projections>
                <PointProjection version="1" id="VTR:PointProjection:8312">
                  <ProjectedPointRef ref="VTR:ScheduledStopPoint:413748" version="1"/>
                </PointProjection>
              </projections>
            </RoutePoint>
            <RoutePoint version="1" id="VTR:RoutePoint:413749">
              <projections>
                <PointProjection version="1" id="VTR:PointProjection:8342">
                  <ProjectedPointRef ref="VTR:ScheduledStopPoint:413749" version="1"/>
                </PointProjection>
              </projections>
            </RoutePoint>
          </routePoints>
          <routes>
            <Route version="1" id="VTR:Route:11714">
              <Name>Daugėdai-Rietavas</Name>
              <ShortName>Daugėdai-Rietavas</ShortName>
              <LineRef ref="VTR:Line:1328" version="4874"/>
              <DirectionType>inbound</DirectionType>
              <pointsInSequence>
                <PointOnRoute version="1" id="VTR:PointOnRoute:413746" order="1">
                  <RoutePointRef ref="VTR:RoutePoint:413746"/>
                </PointOnRoute>
                <PointOnRoute version="1" id="VTR:PointOnRoute:413747" order="2">
                  <RoutePointRef ref="VTR:RoutePoint:413747"/>
                </PointOnRoute>
                <PointOnRoute version="1" id="VTR:PointOnRoute:413748" order="3">
                  <RoutePointRef ref="VTR:RoutePoint:413748"/>
                </PointOnRoute>
                <PointOnRoute version="1" id="VTR:PointOnRoute:413749" order="4">
                  <RoutePointRef ref="VTR:RoutePoint:413749"/>
                </PointOnRoute>
                <PointOnRoute version="1" id="VTR:PointOnRoute:413745" order="5">
                  <RoutePointRef ref="VTR:RoutePoint:413745"/>
                </PointOnRoute>
              </pointsInSequence>
            </Route>
          </routes>
          <lines>
            <Line version="4874" id="VTR:Line:1328">
              <Name>Daugėdai-Rietavas</Name>
              <TransportMode>bus</TransportMode>
              <TransportSubmode>
                <BusSubmode>regionalBus</BusSubmode>
              </TransportSubmode>
              <PublicCode>M1ADau</PublicCode>
              <OperatorRef ref="VTR:Operator:28"/>
            </Line>
          </lines>
          <scheduledStopPoints>
            <ScheduledStopPoint version="1" id="VTR:ScheduledStopPoint:413745">
              <Name>Rietavas</Name>
            </ScheduledStopPoint>
            <ScheduledStopPoint version="1" id="VTR:ScheduledStopPoint:413746">
              <Name>Daugėdai</Name>
            </ScheduledStopPoint>
            <ScheduledStopPoint version="1" id="VTR:ScheduledStopPoint:413747">
              <Name>Vitkai</Name>
            </ScheduledStopPoint>
            <ScheduledStopPoint version="1" id="VTR:ScheduledStopPoint:413748">
              <Name>Bubėnai</Name>
            </ScheduledStopPoint>
            <ScheduledStopPoint version="1" id="VTR:ScheduledStopPoint:413749">
              <Name>Budrikiai</Name>
            </ScheduledStopPoint>
          </scheduledStopPoints>
          <serviceLinks>
            <ServiceLink id="VTR:ServiceLink:413746_1_413747_1" version="1">
              <Distance>2</Distance>
              <FromPointRef ref="VTR:ScheduledStopPoint:413746" version="1"/>
              <ToPointRef ref="VTR:ScheduledStopPoint:413747" version="1"/>
            </ServiceLink>
            <ServiceLink id="VTR:ServiceLink:413749_1_413745_1" version="1">
              <Distance>3</Distance>
              <FromPointRef ref="VTR:ScheduledStopPoint:413749" version="1"/>
              <ToPointRef ref="VTR:ScheduledStopPoint:413745" version="1"/>
            </ServiceLink>
            <ServiceLink id="VTR:ServiceLink:413747_1_413748_1" version="1">
              <Distance>1</Distance>
              <FromPointRef ref="VTR:ScheduledStopPoint:413747" version="1"/>
              <ToPointRef ref="VTR:ScheduledStopPoint:413748" version="1"/>
            </ServiceLink>
            <ServiceLink id="VTR:ServiceLink:413748_1_413749_1" version="1">
              <Distance>3</Distance>
              <FromPointRef ref="VTR:ScheduledStopPoint:413748" version="1"/>
              <ToPointRef ref="VTR:ScheduledStopPoint:413749" version="1"/>
            </ServiceLink>
          </serviceLinks>
          <stopAssignments>
            <PassengerStopAssignment order="1171400000" id="VTR:PassengerStopAssignment:413746" version="1">
              <ScheduledStopPointRef ref="VTR:ScheduledStopPoint:413746" version="1"/>
              <QuayRef ref="VTR:Quay:9307"/>
            </PassengerStopAssignment>
            <PassengerStopAssignment order="1171400001" id="VTR:PassengerStopAssignment:413747" version="1">
              <ScheduledStopPointRef ref="VTR:ScheduledStopPoint:413747" version="1"/>
              <QuayRef ref="VTR:Quay:10204"/>
            </PassengerStopAssignment>
            <PassengerStopAssignment order="1171400002" id="VTR:PassengerStopAssignment:413748" version="1">
              <ScheduledStopPointRef ref="VTR:ScheduledStopPoint:413748" version="1"/>
              <QuayRef ref="VTR:Quay:16185"/>
            </PassengerStopAssignment>
            <PassengerStopAssignment order="1171400003" id="VTR:PassengerStopAssignment:413749" version="1">
              <ScheduledStopPointRef ref="VTR:ScheduledStopPoint:413749" version="1"/>
              <QuayRef ref="VTR:Quay:7377"/>
            </PassengerStopAssignment>
            <PassengerStopAssignment order="1171400004" id="VTR:PassengerStopAssignment:413745" version="1">
              <ScheduledStopPointRef ref="VTR:ScheduledStopPoint:413745" version="1"/>
              <QuayRef ref="VTR:Quay:20038"/>
            </PassengerStopAssignment>
          </stopAssignments>
          <journeyPatterns>
            <JourneyPattern id="VTR:JourneyPattern:747623" version="747835">
              <Name>1</Name>
              <RouteRef ref="VTR:Route:11714" version="1"/>
              <pointsInSequence>
                <StopPointInJourneyPattern id="VTR:StopPointInJourneyPattern:18838205" version="747835" order="1">
                  <ScheduledStopPointRef ref="VTR:ScheduledStopPoint:413746"/>
                  <DestinationDisplayRef ref="VTR:DestinationDisplay:1"/>
                </StopPointInJourneyPattern>
                <StopPointInJourneyPattern id="VTR:StopPointInJourneyPattern:18838206" version="747835" order="2">
                  <ScheduledStopPointRef ref="VTR:ScheduledStopPoint:413747"/>
                  <DestinationDisplayRef ref="VTR:DestinationDisplay:1"/>
                </StopPointInJourneyPattern>
                <StopPointInJourneyPattern id="VTR:StopPointInJourneyPattern:18838207" version="747835" order="3">
                  <ScheduledStopPointRef ref="VTR:ScheduledStopPoint:413748"/>
                  <DestinationDisplayRef ref="VTR:DestinationDisplay:1"/>
                </StopPointInJourneyPattern>
                <StopPointInJourneyPattern id="VTR:StopPointInJourneyPattern:18838208" version="747835" order="4">
                  <ScheduledStopPointRef ref="VTR:ScheduledStopPoint:413749"/>
                  <DestinationDisplayRef ref="VTR:DestinationDisplay:1"/>
                </StopPointInJourneyPattern>
                <StopPointInJourneyPattern id="VTR:StopPointInJourneyPattern:18838209" version="747835" order="5">
                  <ScheduledStopPointRef ref="VTR:ScheduledStopPoint:413745"/>
                  <DestinationDisplayRef ref="VTR:DestinationDisplay:1"/>
                </StopPointInJourneyPattern>
              </pointsInSequence>
            </JourneyPattern>
            <JourneyPattern id="VTR:JourneyPattern:747624" version="747836">
              <Name>2</Name>
              <RouteRef ref="VTR:Route:11714" version="1"/>
              <pointsInSequence>
                <StopPointInJourneyPattern id="VTR:StopPointInJourneyPattern:18838210" version="747836" order="1">
                  <ScheduledStopPointRef ref="VTR:ScheduledStopPoint:413746"/>
                  <DestinationDisplayRef ref="VTR:DestinationDisplay:1"/>
                </StopPointInJourneyPattern>
                <StopPointInJourneyPattern id="VTR:StopPointInJourneyPattern:18838211" version="747836" order="2">
                  <ScheduledStopPointRef ref="VTR:ScheduledStopPoint:413747"/>
                  <DestinationDisplayRef ref="VTR:DestinationDisplay:1"/>
                </StopPointInJourneyPattern>
                <StopPointInJourneyPattern id="VTR:StopPointInJourneyPattern:18838212" version="747836" order="3">
                  <ScheduledStopPointRef ref="VTR:ScheduledStopPoint:413748"/>
                  <DestinationDisplayRef ref="VTR:DestinationDisplay:1"/>
                </StopPointInJourneyPattern>
                <StopPointInJourneyPattern id="VTR:StopPointInJourneyPattern:18838213" version="747836" order="4">
                  <ScheduledStopPointRef ref="VTR:ScheduledStopPoint:413749"/>
                  <DestinationDisplayRef ref="VTR:DestinationDisplay:1"/>
                </StopPointInJourneyPattern>
                <StopPointInJourneyPattern id="VTR:StopPointInJourneyPattern:18838214" version="747836" order="5">
                  <ScheduledStopPointRef ref="VTR:ScheduledStopPoint:413745"/>
                  <DestinationDisplayRef ref="VTR:DestinationDisplay:1"/>
                </StopPointInJourneyPattern>
              </pointsInSequence>
            </JourneyPattern>
          </journeyPatterns>
        </ServiceFrame>
        <TimetableFrame version="1" id="VTR:TimetableFrame:1395">
          <vehicleJourneys>
            <ServiceJourney version="747836" id="VTR:ServiceJourney:747624">
              <Name>Daugėdai-Rietavas</Name>
              <PrivateCode>2</PrivateCode>
              <dayTypes>
                <DayTypeRef ref="VTR:DayType:5545"/>
              </dayTypes>
              <JourneyPatternRef version="747836" ref="VTR:JourneyPattern:747624"/>
              <OperatorRef ref="VTR:Operator:518"/>
              <LineRef ref="VTR:Line:1328" version="4874"/>
              <passingTimes>
                <TimetabledPassingTime version="747836" id="VTR:TimetabledPassingTime:747624_18838210_1">
                  <StopPointInJourneyPatternRef ref="VTR:StopPointInJourneyPattern:18838210" version="747836"/>
                  <DepartureTime>13:40:00</DepartureTime>
                  <DepartureDayOffset>0</DepartureDayOffset>
                </TimetabledPassingTime>
                <TimetabledPassingTime version="747836" id="VTR:TimetabledPassingTime:747624_18838211_2">
                  <StopPointInJourneyPatternRef ref="VTR:StopPointInJourneyPattern:18838211" version="747836"/>
                  <DepartureTime>13:47:00</DepartureTime>
                  <DepartureDayOffset>0</DepartureDayOffset>
                </TimetabledPassingTime>
                <TimetabledPassingTime version="747836" id="VTR:TimetabledPassingTime:747624_18838212_3">
                  <StopPointInJourneyPatternRef ref="VTR:StopPointInJourneyPattern:18838212" version="747836"/>
                  <DepartureTime>13:50:00</DepartureTime>
                  <DepartureDayOffset>0</DepartureDayOffset>
                </TimetabledPassingTime>
                <TimetabledPassingTime version="747836" id="VTR:TimetabledPassingTime:747624_18838213_4">
                  <StopPointInJourneyPatternRef ref="VTR:StopPointInJourneyPattern:18838213" version="747836"/>
                  <DepartureTime>13:55:00</DepartureTime>
                  <DepartureDayOffset>0</DepartureDayOffset>
                </TimetabledPassingTime>
                <TimetabledPassingTime version="747836" id="VTR:TimetabledPassingTime:747624_18838214_5">
                  <StopPointInJourneyPatternRef ref="VTR:StopPointInJourneyPattern:18838214" version="747836"/>
                  <DepartureTime>14:00:00</DepartureTime>
                  <DepartureDayOffset>0</DepartureDayOffset>
                </TimetabledPassingTime>
              </passingTimes>
            </ServiceJourney>
            <ServiceJourney version="747835" id="VTR:ServiceJourney:747623">
              <Name>Daugėdai-Rietavas</Name>
              <PrivateCode>1</PrivateCode>
              <dayTypes>
                <DayTypeRef ref="VTR:DayType:5545"/>
              </dayTypes>
              <JourneyPatternRef version="747835" ref="VTR:JourneyPattern:747623"/>
              <OperatorRef ref="VTR:Operator:518"/>
              <LineRef ref="VTR:Line:1328" version="4874"/>
              <passingTimes>
                <TimetabledPassingTime version="747835" id="VTR:TimetabledPassingTime:747623_18838205_1">
                  <StopPointInJourneyPatternRef ref="VTR:StopPointInJourneyPattern:18838205" version="747835"/>
                  <DepartureTime>09:05:00</DepartureTime>
                  <DepartureDayOffset>0</DepartureDayOffset>
                </TimetabledPassingTime>
                <TimetabledPassingTime version="747835" id="VTR:TimetabledPassingTime:747623_18838206_2">
                  <StopPointInJourneyPatternRef ref="VTR:StopPointInJourneyPattern:18838206" version="747835"/>
                  <DepartureTime>09:12:00</DepartureTime>
                  <DepartureDayOffset>0</DepartureDayOffset>
                </TimetabledPassingTime>
                <TimetabledPassingTime version="747835" id="VTR:TimetabledPassingTime:747623_18838207_3">
                  <StopPointInJourneyPatternRef ref="VTR:StopPointInJourneyPattern:18838207" version="747835"/>
                  <DepartureTime>09:15:00</DepartureTime>
                  <DepartureDayOffset>0</DepartureDayOffset>
                </TimetabledPassingTime>
                <TimetabledPassingTime version="747835" id="VTR:TimetabledPassingTime:747623_18838208_4">
                  <StopPointInJourneyPatternRef ref="VTR:StopPointInJourneyPattern:18838208" version="747835"/>
                  <DepartureTime>09:20:00</DepartureTime>
                  <DepartureDayOffset>0</DepartureDayOffset>
                </TimetabledPassingTime>
                <TimetabledPassingTime version="747835" id="VTR:TimetabledPassingTime:747623_18838209_5">
                  <StopPointInJourneyPatternRef ref="VTR:StopPointInJourneyPattern:18838209" version="747835"/>
                  <DepartureTime>09:25:00</DepartureTime>
                  <DepartureDayOffset>0</DepartureDayOffset>
                </TimetabledPassingTime>
              </passingTimes>
            </ServiceJourney>
          </vehicleJourneys>
        </TimetableFrame>
        <ResourceFrame version="1" id="VTR:ResourceFrame:1395">
          <organisations>
            <Authority version="1" id="VTR:Authority:28">
              <CompanyNumber>74</CompanyNumber>
              <Name>Rietavo sav.</Name>
              <LegalName>Rietavo sav.</LegalName>
              <ContactDetails>
                <Email>savivaldybe@rietavas.lt</Email>
                <Phone>844873200</Phone>
                <Url>www.rietavas.lt</Url>
              </ContactDetails>
              <OrganisationType>authority</OrganisationType>
            </Authority>
          </organisations>
        </ResourceFrame>
        <FareFrame id="VTR:FareFrame:1328" version="1">
          <FrameDefaults>
            <DefaultCurrency>EUR</DefaultCurrency>
          </FrameDefaults>
          <fareStructureElements>
            <FareStructureElement id="VTR:FareStructureElement:pricematrix" version="1">
              <distanceMatrixElements>
                <DistanceMatrixElementRef ref="VTR:DistanceMatrixElement:18838206to18838208" version="1"/>
                <DistanceMatrixElementRef ref="VTR:DistanceMatrixElement:18838211to18838213" version="1"/>
                <DistanceMatrixElementRef ref="VTR:DistanceMatrixElement:18838207to18838209" version="1"/>
                <DistanceMatrixElementRef ref="VTR:DistanceMatrixElement:18838211to18838212" version="1"/>
                <DistanceMatrixElementRef ref="VTR:DistanceMatrixElement:18838212to18838213" version="1"/>
                <DistanceMatrixElementRef ref="VTR:DistanceMatrixElement:18838205to18838206" version="1"/>
                <DistanceMatrixElementRef ref="VTR:DistanceMatrixElement:18838205to18838207" version="1"/>
                <DistanceMatrixElementRef ref="VTR:DistanceMatrixElement:18838205to18838209" version="1"/>
                <DistanceMatrixElementRef ref="VTR:DistanceMatrixElement:18838206to18838209" version="1"/>
                <DistanceMatrixElementRef ref="VTR:DistanceMatrixElement:18838210to18838213" version="1"/>
                <DistanceMatrixElementRef ref="VTR:DistanceMatrixElement:18838212to18838214" version="1"/>
                <DistanceMatrixElementRef ref="VTR:DistanceMatrixElement:18838213to18838214" version="1"/>
                <DistanceMatrixElementRef ref="VTR:DistanceMatrixElement:18838206to18838207" version="1"/>
                <DistanceMatrixElementRef ref="VTR:DistanceMatrixElement:18838207to18838208" version="1"/>
                <DistanceMatrixElementRef ref="VTR:DistanceMatrixElement:18838205to18838208" version="1"/>
                <DistanceMatrixElementRef ref="VTR:DistanceMatrixElement:18838210to18838212" version="1"/>
                <DistanceMatrixElementRef ref="VTR:DistanceMatrixElement:18838210to18838214" version="1"/>
                <DistanceMatrixElementRef ref="VTR:DistanceMatrixElement:18838211to18838214" version="1"/>
                <DistanceMatrixElementRef ref="VTR:DistanceMatrixElement:18838208to18838209" version="1"/>
                <DistanceMatrixElementRef ref="VTR:DistanceMatrixElement:18838210to18838211" version="1"/>
              </distanceMatrixElements>
            </FareStructureElement>
          </fareStructureElements>
          <tariffs>
            <Tariff id="VTR:Tariff:pointToPointInSeparateJourney_1328" version="1">
              <Name>Point to point tariff</Name>
              <distanceMatrixElements>
                <DistanceMatrixElement id="VTR:DistanceMatrixElement:18838206to18838208" version="1">
                  <Name>Vitkai to Budrikiai</Name>
                  <StartStopPointRef ref="VTR:ScheduledStopPoint:413747" version="1"/>
                  <EndStopPointRef ref="VTR:ScheduledStopPoint:413749" version="1"/>
                  <prices>
                    <DistanceMatrixElementPrice id="VTR:DistanceMatrixElementPrice:18838206to18838208" version="1">
                      <Amount>0.52</Amount>
                      <DistanceMatrixElementRef ref="VTR:DistanceMatrixElement:18838206to18838208" version="1"/>
                    </DistanceMatrixElementPrice>
                  </prices>
                </DistanceMatrixElement>
                <DistanceMatrixElement id="VTR:DistanceMatrixElement:18838211to18838213" version="1">
                  <Name>Vitkai to Budrikiai</Name>
                  <StartStopPointRef ref="VTR:ScheduledStopPoint:413747" version="1"/>
                  <EndStopPointRef ref="VTR:ScheduledStopPoint:413749" version="1"/>
                  <prices>
                    <DistanceMatrixElementPrice id="VTR:DistanceMatrixElementPrice:18838211to18838213" version="1">
                      <Amount>0.52</Amount>
                      <DistanceMatrixElementRef ref="VTR:DistanceMatrixElement:18838211to18838213" version="1"/>
                    </DistanceMatrixElementPrice>
                  </prices>
                </DistanceMatrixElement>
                <DistanceMatrixElement id="VTR:DistanceMatrixElement:18838207to18838209" version="1">
                  <Name>Bubėnai to Rietavas</Name>
                  <StartStopPointRef ref="VTR:ScheduledStopPoint:413748" version="1"/>
                  <EndStopPointRef ref="VTR:ScheduledStopPoint:413745" version="1"/>
                  <prices>
                    <DistanceMatrixElementPrice id="VTR:DistanceMatrixElementPrice:18838207to18838209" version="1">
                      <Amount>0.69</Amount>
                      <DistanceMatrixElementRef ref="VTR:DistanceMatrixElement:18838207to18838209" version="1"/>
                    </DistanceMatrixElementPrice>
                  </prices>
                </DistanceMatrixElement>
                <DistanceMatrixElement id="VTR:DistanceMatrixElement:18838211to18838212" version="1">
                  <Name>Vitkai to Bubėnai</Name>
                  <StartStopPointRef ref="VTR:ScheduledStopPoint:413747" version="1"/>
                  <EndStopPointRef ref="VTR:ScheduledStopPoint:413748" version="1"/>
                  <prices>
                    <DistanceMatrixElementPrice id="VTR:DistanceMatrixElementPrice:18838211to18838212" version="1">
                      <Amount>0.17</Amount>
                      <DistanceMatrixElementRef ref="VTR:DistanceMatrixElement:18838211to18838212" version="1"/>
                    </DistanceMatrixElementPrice>
                  </prices>
                </DistanceMatrixElement>
                <DistanceMatrixElement id="VTR:DistanceMatrixElement:18838212to18838213" version="1">
                  <Name>Bubėnai to Budrikiai</Name>
                  <StartStopPointRef ref="VTR:ScheduledStopPoint:413748" version="1"/>
                  <EndStopPointRef ref="VTR:ScheduledStopPoint:413749" version="1"/>
                  <prices>
                    <DistanceMatrixElementPrice id="VTR:DistanceMatrixElementPrice:18838212to18838213" version="1">
                      <Amount>0.35</Amount>
                      <DistanceMatrixElementRef ref="VTR:DistanceMatrixElement:18838212to18838213" version="1"/>
                    </DistanceMatrixElementPrice>
                  </prices>
                </DistanceMatrixElement>
                <DistanceMatrixElement id="VTR:DistanceMatrixElement:18838205to18838206" version="1">
                  <Name>Daugėdai to Vitkai</Name>
                  <StartStopPointRef ref="VTR:ScheduledStopPoint:413746" version="1"/>
                  <EndStopPointRef ref="VTR:ScheduledStopPoint:413747" version="1"/>
                  <prices>
                    <DistanceMatrixElementPrice id="VTR:DistanceMatrixElementPrice:18838205to18838206" version="1">
                      <Amount>0.3</Amount>
                      <DistanceMatrixElementRef ref="VTR:DistanceMatrixElement:18838205to18838206" version="1"/>
                    </DistanceMatrixElementPrice>
                  </prices>
                </DistanceMatrixElement>
                <DistanceMatrixElement id="VTR:DistanceMatrixElement:18838205to18838207" version="1">
                  <Name>Daugėdai to Bubėnai</Name>
                  <StartStopPointRef ref="VTR:ScheduledStopPoint:413746" version="1"/>
                  <EndStopPointRef ref="VTR:ScheduledStopPoint:413748" version="1"/>
                  <prices>
                    <DistanceMatrixElementPrice id="VTR:DistanceMatrixElementPrice:18838205to18838207" version="1">
                      <Amount>0.47</Amount>
                      <DistanceMatrixElementRef ref="VTR:DistanceMatrixElement:18838205to18838207" version="1"/>
                    </DistanceMatrixElementPrice>
                  </prices>
                </DistanceMatrixElement>
                <DistanceMatrixElement id="VTR:DistanceMatrixElement:18838205to18838209" version="1">
                  <Name>Daugėdai to Rietavas</Name>
                  <StartStopPointRef ref="VTR:ScheduledStopPoint:413746" version="1"/>
                  <EndStopPointRef ref="VTR:ScheduledStopPoint:413745" version="1"/>
                  <prices>
                    <DistanceMatrixElementPrice id="VTR:DistanceMatrixElementPrice:18838205to18838209" version="1">
                      <Amount>1.16</Amount>
                      <DistanceMatrixElementRef ref="VTR:DistanceMatrixElement:18838205to18838209" version="1"/>
                    </DistanceMatrixElementPrice>
                  </prices>
                </DistanceMatrixElement>
                <DistanceMatrixElement id="VTR:DistanceMatrixElement:18838206to18838209" version="1">
                  <Name>Vitkai to Rietavas</Name>
                  <StartStopPointRef ref="VTR:ScheduledStopPoint:413747" version="1"/>
                  <EndStopPointRef ref="VTR:ScheduledStopPoint:413745" version="1"/>
                  <prices>
                    <DistanceMatrixElementPrice id="VTR:DistanceMatrixElementPrice:18838206to18838209" version="1">
                      <Amount>0.86</Amount>
                      <DistanceMatrixElementRef ref="VTR:DistanceMatrixElement:18838206to18838209" version="1"/>
                    </DistanceMatrixElementPrice>
                  </prices>
                </DistanceMatrixElement>
                <DistanceMatrixElement id="VTR:DistanceMatrixElement:18838210to18838213" version="1">
                  <Name>Daugėdai to Budrikiai</Name>
                  <StartStopPointRef ref="VTR:ScheduledStopPoint:413746" version="1"/>
                  <EndStopPointRef ref="VTR:ScheduledStopPoint:413749" version="1"/>
                  <prices>
                    <DistanceMatrixElementPrice id="VTR:DistanceMatrixElementPrice:18838210to18838213" version="1">
                      <Amount>0.82</Amount>
                      <DistanceMatrixElementRef ref="VTR:DistanceMatrixElement:18838210to18838213" version="1"/>
                    </DistanceMatrixElementPrice>
                  </prices>
                </DistanceMatrixElement>
                <DistanceMatrixElement id="VTR:DistanceMatrixElement:18838212to18838214" version="1">
                  <Name>Bubėnai to Rietavas</Name>
                  <StartStopPointRef ref="VTR:ScheduledStopPoint:413748" version="1"/>
                  <EndStopPointRef ref="VTR:ScheduledStopPoint:413745" version="1"/>
                  <prices>
                    <DistanceMatrixElementPrice id="VTR:DistanceMatrixElementPrice:18838212to18838214" version="1">
                      <Amount>0.69</Amount>
                      <DistanceMatrixElementRef ref="VTR:DistanceMatrixElement:18838212to18838214" version="1"/>
                    </DistanceMatrixElementPrice>
                  </prices>
                </DistanceMatrixElement>
                <DistanceMatrixElement id="VTR:DistanceMatrixElement:18838213to18838214" version="1">
                  <Name>Budrikiai to Rietavas</Name>
                  <StartStopPointRef ref="VTR:ScheduledStopPoint:413749" version="1"/>
                  <EndStopPointRef ref="VTR:ScheduledStopPoint:413745" version="1"/>
                  <prices>
                    <DistanceMatrixElementPrice id="VTR:DistanceMatrixElementPrice:18838213to18838214" version="1">
                      <Amount>0.34</Amount>
                      <DistanceMatrixElementRef ref="VTR:DistanceMatrixElement:18838213to18838214" version="1"/>
                    </DistanceMatrixElementPrice>
                  </prices>
                </DistanceMatrixElement>
                <DistanceMatrixElement id="VTR:DistanceMatrixElement:18838206to18838207" version="1">
                  <Name>Vitkai to Bubėnai</Name>
                  <StartStopPointRef ref="VTR:ScheduledStopPoint:413747" version="1"/>
                  <EndStopPointRef ref="VTR:ScheduledStopPoint:413748" version="1"/>
                  <prices>
                    <DistanceMatrixElementPrice id="VTR:DistanceMatrixElementPrice:18838206to18838207" version="1">
                      <Amount>0.17</Amount>
                      <DistanceMatrixElementRef ref="VTR:DistanceMatrixElement:18838206to18838207" version="1"/>
                    </DistanceMatrixElementPrice>
                  </prices>
                </DistanceMatrixElement>
                <DistanceMatrixElement id="VTR:DistanceMatrixElement:18838207to18838208" version="1">
                  <Name>Bubėnai to Budrikiai</Name>
                  <StartStopPointRef ref="VTR:ScheduledStopPoint:413748" version="1"/>
                  <EndStopPointRef ref="VTR:ScheduledStopPoint:413749" version="1"/>
                  <prices>
                    <DistanceMatrixElementPrice id="VTR:DistanceMatrixElementPrice:18838207to18838208" version="1">
                      <Amount>0.35</Amount>
                      <DistanceMatrixElementRef ref="VTR:DistanceMatrixElement:18838207to18838208" version="1"/>
                    </DistanceMatrixElementPrice>
                  </prices>
                </DistanceMatrixElement>
                <DistanceMatrixElement id="VTR:DistanceMatrixElement:18838205to18838208" version="1">
                  <Name>Daugėdai to Budrikiai</Name>
                  <StartStopPointRef ref="VTR:ScheduledStopPoint:413746" version="1"/>
                  <EndStopPointRef ref="VTR:ScheduledStopPoint:413749" version="1"/>
                  <prices>
                    <DistanceMatrixElementPrice id="VTR:DistanceMatrixElementPrice:18838205to18838208" version="1">
                      <Amount>0.82</Amount>
                      <DistanceMatrixElementRef ref="VTR:DistanceMatrixElement:18838205to18838208" version="1"/>
                    </DistanceMatrixElementPrice>
                  </prices>
                </DistanceMatrixElement>
                <DistanceMatrixElement id="VTR:DistanceMatrixElement:18838210to18838212" version="1">
                  <Name>Daugėdai to Bubėnai</Name>
                  <StartStopPointRef ref="VTR:ScheduledStopPoint:413746" version="1"/>
                  <EndStopPointRef ref="VTR:ScheduledStopPoint:413748" version="1"/>
                  <prices>
                    <DistanceMatrixElementPrice id="VTR:DistanceMatrixElementPrice:18838210to18838212" version="1">
                      <Amount>0.47</Amount>
                      <DistanceMatrixElementRef ref="VTR:DistanceMatrixElement:18838210to18838212" version="1"/>
                    </DistanceMatrixElementPrice>
                  </prices>
                </DistanceMatrixElement>
                <DistanceMatrixElement id="VTR:DistanceMatrixElement:18838210to18838214" version="1">
                  <Name>Daugėdai to Rietavas</Name>
                  <StartStopPointRef ref="VTR:ScheduledStopPoint:413746" version="1"/>
                  <EndStopPointRef ref="VTR:ScheduledStopPoint:413745" version="1"/>
                  <prices>
                    <DistanceMatrixElementPrice id="VTR:DistanceMatrixElementPrice:18838210to18838214" version="1">
                      <Amount>1.16</Amount>
                      <DistanceMatrixElementRef ref="VTR:DistanceMatrixElement:18838210to18838214" version="1"/>
                    </DistanceMatrixElementPrice>
                  </prices>
                </DistanceMatrixElement>
                <DistanceMatrixElement id="VTR:DistanceMatrixElement:18838211to18838214" version="1">
                  <Name>Vitkai to Rietavas</Name>
                  <StartStopPointRef ref="VTR:ScheduledStopPoint:413747" version="1"/>
                  <EndStopPointRef ref="VTR:ScheduledStopPoint:413745" version="1"/>
                  <prices>
                    <DistanceMatrixElementPrice id="VTR:DistanceMatrixElementPrice:18838211to18838214" version="1">
                      <Amount>0.86</Amount>
                      <DistanceMatrixElementRef ref="VTR:DistanceMatrixElement:18838211to18838214" version="1"/>
                    </DistanceMatrixElementPrice>
                  </prices>
                </DistanceMatrixElement>
                <DistanceMatrixElement id="VTR:DistanceMatrixElement:18838208to18838209" version="1">
                  <Name>Budrikiai to Rietavas</Name>
                  <StartStopPointRef ref="VTR:ScheduledStopPoint:413749" version="1"/>
                  <EndStopPointRef ref="VTR:ScheduledStopPoint:413745" version="1"/>
                  <prices>
                    <DistanceMatrixElementPrice id="VTR:DistanceMatrixElementPrice:18838208to18838209" version="1">
                      <Amount>0.34</Amount>
                      <DistanceMatrixElementRef ref="VTR:DistanceMatrixElement:18838208to18838209" version="1"/>
                    </DistanceMatrixElementPrice>
                  </prices>
                </DistanceMatrixElement>
                <DistanceMatrixElement id="VTR:DistanceMatrixElement:18838210to18838211" version="1">
                  <Name>Daugėdai to Vitkai</Name>
                  <StartStopPointRef ref="VTR:ScheduledStopPoint:413746" version="1"/>
                  <EndStopPointRef ref="VTR:ScheduledStopPoint:413747" version="1"/>
                  <prices>
                    <DistanceMatrixElementPrice id="VTR:DistanceMatrixElementPrice:18838210to18838211" version="1">
                      <Amount>0.3</Amount>
                      <DistanceMatrixElementRef ref="VTR:DistanceMatrixElement:18838210to18838211" version="1"/>
                    </DistanceMatrixElementPrice>
                  </prices>
                </DistanceMatrixElement>
              </distanceMatrixElements>
            </Tariff>
          </tariffs>
          <usageParameters>
            <FrequencyOfUse id="VTR:FrequencyOfUse:oneTrip" version="1">
              <FrequencyOfUseType>unlimited</FrequencyOfUseType>
              <MaximalFrequency>1</MaximalFrequency>
            </FrequencyOfUse>
          </usageParameters>
        </FareFrame>
      </frames>
    </CompositeFrame>
  </dataObjects>
</PublicationDelivery>
