<?xml version="1.0" encoding="UTF-8"?><PublicationDelivery xmlns="http://www.netex.org.uk/netex" xmlns:gis="http://www.opengis.net/gml/3.2" xmlns:ns2="http://www.opengis.net/gml/3.2" xmlns:ns3="http://www.siri.org.uk/siri" xmlns:xsi="http://www.w3.org/2001/XMLSchema-instance" version="1" xsi:schemaLocation="">
  <PublicationTimestamp>2022-05-07T04:35:00.206</PublicationTimestamp>
  <ParticipantRef>VTR</ParticipantRef>
  <Description>1</Description>
  <dataObjects>
    <CompositeFrame created="2022-05-07T04:35:00.206" version="1" id="VTR:CompositeFrame:1395">
      <validityConditions>
        <AvailabilityCondition version="1" id="VTR:AvailabilityCondition:1395">
          <FromDate>2015-07-21T13:53:53</FromDate>
          <ToDate>2027-12-30T00:00:00</ToDate>
        </AvailabilityCondition>
      </validityConditions>
      <codespaces>
        <Codespace id="vtr">
          <Xmlns>VTR</Xmlns>
          <XmlnsUrl>http://www.visimarsrutai.lt/</XmlnsUrl>
        </Codespace>
      </codespaces>
      <FrameDefaults>
        <DefaultLocale>
          <TimeZone>Europe/Vilnius</TimeZone>
        </DefaultLocale>
        <DefaultLocationSystem>WGS84</DefaultLocationSystem>
      </FrameDefaults>
      <frames>
        <ServiceCalendarFrame version="1" id="VTR:ServiceCalendarFrame:1395">
          <dayTypes>
            <DayType id="VTR:DayType:5545" version="1">
              <properties>
                <PropertyOfDay/>
              </properties>
            </DayType>
          </dayTypes>
          <operatingPeriods>
            <OperatingPeriod version="1" id="VTR:OperatingPeriod:5545">
              <FromDate>2016-01-01T00:00:00</FromDate>
              <ToDate>2020-12-31T00:00:00</ToDate>
            </OperatingPeriod>
          </operatingPeriods>
          <dayTypeAssignments>
            <DayTypeAssignment id="VTR:DayTypeAssignment:5545_0" version="1" order="3068">
              <OperatingPeriodRef ref="VTR:OperatingPeriod:5545" version="1"/>
              <DayTypeRef ref="VTR:DayType:5545" version="1"/>
            </DayTypeAssignment>
          </dayTypeAssignments>
        </ServiceCalendarFrame>
        <ServiceFrame id="VTR:ServiceFrame:1395" version="1">
          <Network version="0" id="VTR:Network:28"/>
          <routePoints>
            <RoutePoint version="1" id="VTR:RoutePoint:413730">
              <projections>
                <PointProjection version="1" id="VTR:PointProjection:6556">
                  <ProjectedPointRef ref="VTR:ScheduledStopPoint:413730" version="1"/>
                </PointProjection>
              </projections>
            </RoutePoint>
            <RoutePoint version="1" id="VTR:RoutePoint:413731">
              <projections>
                <PointProjection version="1" id="VTR:PointProjection:8300">
                  <ProjectedPointRef ref="VTR:ScheduledStopPoint:413731" version="1"/>
                </PointProjection>
              </projections>
            </RoutePoint>
            <RoutePoint version="1" id="VTR:RoutePoint:413732">
              <projections>
                <PointProjection version="1" id="VTR:PointProjection:8301">
                  <ProjectedPointRef ref="VTR:ScheduledStopPoint:413732" version="1"/>
                </PointProjection>
              </projections>
            </RoutePoint>
          </routePoints>
          <routes>
            <Route version="1" id="VTR:Route:11710">
              <Name>Rietavas-LIoliai per Skroblį</Name>
              <ShortName>Rietavas-LIoliai per Skroblį</ShortName>
              <LineRef ref="VTR:Line:1266" version="4870"/>
              <DirectionType>outbound</DirectionType>
              <pointsInSequence>
                <PointOnRoute version="1" id="VTR:PointOnRoute:413730" order="1">
                  <RoutePointRef ref="VTR:RoutePoint:413730"/>
                </PointOnRoute>
                <PointOnRoute version="1" id="VTR:PointOnRoute:413731" order="2">
                  <RoutePointRef ref="VTR:RoutePoint:413731"/>
                </PointOnRoute>
                <PointOnRoute version="1" id="VTR:PointOnRoute:413732" order="3">
                  <RoutePointRef ref="VTR:RoutePoint:413732"/>
                </PointOnRoute>
              </pointsInSequence>
            </Route>
          </routes>
          <lines>
            <Line version="4870" id="VTR:Line:1266">
              <Name>Rietavas-Lioliai per Skroblį</Name>
              <TransportMode>bus</TransportMode>
              <TransportSubmode>
                <BusSubmode>regionalBus</BusSubmode>
              </TransportSubmode>
              <PublicCode>M1ALio</PublicCode>
              <OperatorRef ref="VTR:Operator:28"/>
            </Line>
          </lines>
          <scheduledStopPoints>
            <ScheduledStopPoint version="1" id="VTR:ScheduledStopPoint:413730">
              <Name>Rietavas</Name>
            </ScheduledStopPoint>
            <ScheduledStopPoint version="1" id="VTR:ScheduledStopPoint:413731">
              <Name>Lioliai</Name>
            </ScheduledStopPoint>
            <ScheduledStopPoint version="1" id="VTR:ScheduledStopPoint:413732">
              <Name>Lioliai</Name>
            </ScheduledStopPoint>
          </scheduledStopPoints>
          <serviceLinks>
            <ServiceLink id="VTR:ServiceLink:413730_1_413731_1" version="1">
              <Distance>5</Distance>
              <FromPointRef ref="VTR:ScheduledStopPoint:413730" version="1"/>
              <ToPointRef ref="VTR:ScheduledStopPoint:413731" version="1"/>
            </ServiceLink>
            <ServiceLink id="VTR:ServiceLink:413731_1_413732_1" version="1">
              <Distance>1</Distance>
              <FromPointRef ref="VTR:ScheduledStopPoint:413731" version="1"/>
              <ToPointRef ref="VTR:ScheduledStopPoint:413732" version="1"/>
            </ServiceLink>
          </serviceLinks>
          <stopAssignments>
            <PassengerStopAssignment order="1171000000" id="VTR:PassengerStopAssignment:413730" version="1">
              <ScheduledStopPointRef ref="VTR:ScheduledStopPoint:413730" version="1"/>
              <QuayRef ref="VTR:Quay:20038"/>
            </PassengerStopAssignment>
            <PassengerStopAssignment order="1171000001" id="VTR:PassengerStopAssignment:413731" version="1">
              <ScheduledStopPointRef ref="VTR:ScheduledStopPoint:413731" version="1"/>
              <QuayRef ref="VTR:Quay:8657"/>
            </PassengerStopAssignment>
            <PassengerStopAssignment order="1171000002" id="VTR:PassengerStopAssignment:413732" version="1">
              <ScheduledStopPointRef ref="VTR:ScheduledStopPoint:413732" version="1"/>
              <QuayRef ref="VTR:Quay:12652"/>
            </PassengerStopAssignment>
          </stopAssignments>
          <journeyPatterns>
            <JourneyPattern id="VTR:JourneyPattern:747611" version="747823">
              <Name>1</Name>
              <RouteRef ref="VTR:Route:11710" version="1"/>
              <pointsInSequence>
                <StopPointInJourneyPattern id="VTR:StopPointInJourneyPattern:18838155" version="747823" order="1">
                  <ScheduledStopPointRef ref="VTR:ScheduledStopPoint:413730"/>
                  <DestinationDisplayRef ref="VTR:DestinationDisplay:1"/>
                </StopPointInJourneyPattern>
                <StopPointInJourneyPattern id="VTR:StopPointInJourneyPattern:18838156" version="747823" order="2">
                  <ScheduledStopPointRef ref="VTR:ScheduledStopPoint:413731"/>
                  <DestinationDisplayRef ref="VTR:DestinationDisplay:1"/>
                </StopPointInJourneyPattern>
                <StopPointInJourneyPattern id="VTR:StopPointInJourneyPattern:18838157" version="747823" order="3">
                  <ScheduledStopPointRef ref="VTR:ScheduledStopPoint:413732"/>
                  <DestinationDisplayRef ref="VTR:DestinationDisplay:1"/>
                </StopPointInJourneyPattern>
              </pointsInSequence>
            </JourneyPattern>
            <JourneyPattern id="VTR:JourneyPattern:747612" version="747824">
              <Name>2</Name>
              <RouteRef ref="VTR:Route:11710" version="1"/>
              <pointsInSequence>
                <StopPointInJourneyPattern id="VTR:StopPointInJourneyPattern:18838158" version="747824" order="1">
                  <ScheduledStopPointRef ref="VTR:ScheduledStopPoint:413730"/>
                  <DestinationDisplayRef ref="VTR:DestinationDisplay:1"/>
                </StopPointInJourneyPattern>
                <StopPointInJourneyPattern id="VTR:StopPointInJourneyPattern:18838159" version="747824" order="2">
                  <ScheduledStopPointRef ref="VTR:ScheduledStopPoint:413731"/>
                  <DestinationDisplayRef ref="VTR:DestinationDisplay:1"/>
                </StopPointInJourneyPattern>
                <StopPointInJourneyPattern id="VTR:StopPointInJourneyPattern:18838160" version="747824" order="3">
                  <ScheduledStopPointRef ref="VTR:ScheduledStopPoint:413732"/>
                  <DestinationDisplayRef ref="VTR:DestinationDisplay:1"/>
                </StopPointInJourneyPattern>
              </pointsInSequence>
            </JourneyPattern>
          </journeyPatterns>
        </ServiceFrame>
        <TimetableFrame version="1" id="VTR:TimetableFrame:1395">
          <vehicleJourneys>
            <ServiceJourney version="747824" id="VTR:ServiceJourney:747612">
              <Name>Rietavas-LIoliai per Skroblį</Name>
              <PrivateCode>2</PrivateCode>
              <dayTypes>
                <DayTypeRef ref="VTR:DayType:5545"/>
              </dayTypes>
              <JourneyPatternRef version="747824" ref="VTR:JourneyPattern:747612"/>
              <OperatorRef ref="VTR:Operator:518"/>
              <LineRef ref="VTR:Line:1266" version="4870"/>
              <passingTimes>
                <TimetabledPassingTime version="747824" id="VTR:TimetabledPassingTime:747612_18838158_1">
                  <StopPointInJourneyPatternRef ref="VTR:StopPointInJourneyPattern:18838158" version="747824"/>
                  <DepartureTime>13:00:00</DepartureTime>
                  <DepartureDayOffset>0</DepartureDayOffset>
                </TimetabledPassingTime>
                <TimetabledPassingTime version="747824" id="VTR:TimetabledPassingTime:747612_18838159_2">
                  <StopPointInJourneyPatternRef ref="VTR:StopPointInJourneyPattern:18838159" version="747824"/>
                  <DepartureTime>13:08:00</DepartureTime>
                  <DepartureDayOffset>0</DepartureDayOffset>
                </TimetabledPassingTime>
                <TimetabledPassingTime version="747824" id="VTR:TimetabledPassingTime:747612_18838160_3">
                  <StopPointInJourneyPatternRef ref="VTR:StopPointInJourneyPattern:18838160" version="747824"/>
                  <DepartureTime>13:10:00</DepartureTime>
                  <DepartureDayOffset>0</DepartureDayOffset>
                </TimetabledPassingTime>
              </passingTimes>
            </ServiceJourney>
            <ServiceJourney version="747823" id="VTR:ServiceJourney:747611">
              <Name>Rietavas-LIoliai per Skroblį</Name>
              <PrivateCode>1</PrivateCode>
              <dayTypes>
                <DayTypeRef ref="VTR:DayType:5545"/>
              </dayTypes>
              <JourneyPatternRef version="747823" ref="VTR:JourneyPattern:747611"/>
              <OperatorRef ref="VTR:Operator:518"/>
              <LineRef ref="VTR:Line:1266" version="4870"/>
              <passingTimes>
                <TimetabledPassingTime version="747823" id="VTR:TimetabledPassingTime:747611_18838155_1">
                  <StopPointInJourneyPatternRef ref="VTR:StopPointInJourneyPattern:18838155" version="747823"/>
                  <DepartureTime>09:30:00</DepartureTime>
                  <DepartureDayOffset>0</DepartureDayOffset>
                </TimetabledPassingTime>
                <TimetabledPassingTime version="747823" id="VTR:TimetabledPassingTime:747611_18838156_2">
                  <StopPointInJourneyPatternRef ref="VTR:StopPointInJourneyPattern:18838156" version="747823"/>
                  <DepartureTime>09:38:00</DepartureTime>
                  <DepartureDayOffset>0</DepartureDayOffset>
                </TimetabledPassingTime>
                <TimetabledPassingTime version="747823" id="VTR:TimetabledPassingTime:747611_18838157_3">
                  <StopPointInJourneyPatternRef ref="VTR:StopPointInJourneyPattern:18838157" version="747823"/>
                  <DepartureTime>09:40:00</DepartureTime>
                  <DepartureDayOffset>0</DepartureDayOffset>
                </TimetabledPassingTime>
              </passingTimes>
            </ServiceJourney>
          </vehicleJourneys>
        </TimetableFrame>
        <ResourceFrame version="1" id="VTR:ResourceFrame:1395">
          <organisations>
            <Authority version="1" id="VTR:Authority:28">
              <CompanyNumber>74</CompanyNumber>
              <Name>Rietavo sav.</Name>
              <LegalName>Rietavo sav.</LegalName>
              <ContactDetails>
                <Email>savivaldybe@rietavas.lt</Email>
                <Phone>844873200</Phone>
                <Url>www.rietavas.lt</Url>
              </ContactDetails>
              <OrganisationType>authority</OrganisationType>
            </Authority>
          </organisations>
        </ResourceFrame>
        <FareFrame id="VTR:FareFrame:1266" version="1">
          <FrameDefaults>
            <DefaultCurrency>EUR</DefaultCurrency>
          </FrameDefaults>
          <fareStructureElements>
            <FareStructureElement id="VTR:FareStructureElement:pricematrix" version="1">
              <distanceMatrixElements>
                <DistanceMatrixElementRef ref="VTR:DistanceMatrixElement:18838158to18838159" version="1"/>
                <DistanceMatrixElementRef ref="VTR:DistanceMatrixElement:18838156to18838157" version="1"/>
                <DistanceMatrixElementRef ref="VTR:DistanceMatrixElement:18838155to18838157" version="1"/>
                <DistanceMatrixElementRef ref="VTR:DistanceMatrixElement:18838155to18838156" version="1"/>
                <DistanceMatrixElementRef ref="VTR:DistanceMatrixElement:18838158to18838160" version="1"/>
                <DistanceMatrixElementRef ref="VTR:DistanceMatrixElement:18838159to18838160" version="1"/>
              </distanceMatrixElements>
            </FareStructureElement>
          </fareStructureElements>
          <tariffs>
            <Tariff id="VTR:Tariff:pointToPointInSeparateJourney_1266" version="1">
              <Name>Point to point tariff</Name>
              <distanceMatrixElements>
                <DistanceMatrixElement id="VTR:DistanceMatrixElement:18838158to18838159" version="1">
                  <Name>Rietavas to Lioliai</Name>
                  <StartStopPointRef ref="VTR:ScheduledStopPoint:413730" version="1"/>
                  <EndStopPointRef ref="VTR:ScheduledStopPoint:413731" version="1"/>
                  <prices>
                    <DistanceMatrixElementPrice id="VTR:DistanceMatrixElementPrice:18838158to18838159" version="1">
                      <Amount>0.57</Amount>
                      <DistanceMatrixElementRef ref="VTR:DistanceMatrixElement:18838158to18838159" version="1"/>
                    </DistanceMatrixElementPrice>
                  </prices>
                </DistanceMatrixElement>
                <DistanceMatrixElement id="VTR:DistanceMatrixElement:18838156to18838157" version="1">
                  <Name>Lioliai to Lioliai</Name>
                  <StartStopPointRef ref="VTR:ScheduledStopPoint:413731" version="1"/>
                  <EndStopPointRef ref="VTR:ScheduledStopPoint:413732" version="1"/>
                  <prices>
                    <DistanceMatrixElementPrice id="VTR:DistanceMatrixElementPrice:18838156to18838157" version="1">
                      <Amount>0.15</Amount>
                      <DistanceMatrixElementRef ref="VTR:DistanceMatrixElement:18838156to18838157" version="1"/>
                    </DistanceMatrixElementPrice>
                  </prices>
                </DistanceMatrixElement>
                <DistanceMatrixElement id="VTR:DistanceMatrixElement:18838155to18838157" version="1">
                  <Name>Rietavas to Lioliai</Name>
                  <StartStopPointRef ref="VTR:ScheduledStopPoint:413730" version="1"/>
                  <EndStopPointRef ref="VTR:ScheduledStopPoint:413732" version="1"/>
                  <prices>
                    <DistanceMatrixElementPrice id="VTR:DistanceMatrixElementPrice:18838155to18838157" version="1">
                      <Amount>0.72</Amount>
                      <DistanceMatrixElementRef ref="VTR:DistanceMatrixElement:18838155to18838157" version="1"/>
                    </DistanceMatrixElementPrice>
                  </prices>
                </DistanceMatrixElement>
                <DistanceMatrixElement id="VTR:DistanceMatrixElement:18838155to18838156" version="1">
                  <Name>Rietavas to Lioliai</Name>
                  <StartStopPointRef ref="VTR:ScheduledStopPoint:413730" version="1"/>
                  <EndStopPointRef ref="VTR:ScheduledStopPoint:413731" version="1"/>
                  <prices>
                    <DistanceMatrixElementPrice id="VTR:DistanceMatrixElementPrice:18838155to18838156" version="1">
                      <Amount>0.57</Amount>
                      <DistanceMatrixElementRef ref="VTR:DistanceMatrixElement:18838155to18838156" version="1"/>
                    </DistanceMatrixElementPrice>
                  </prices>
                </DistanceMatrixElement>
                <DistanceMatrixElement id="VTR:DistanceMatrixElement:18838158to18838160" version="1">
                  <Name>Rietavas to Lioliai</Name>
                  <StartStopPointRef ref="VTR:ScheduledStopPoint:413730" version="1"/>
                  <EndStopPointRef ref="VTR:ScheduledStopPoint:413732" version="1"/>
                  <prices>
                    <DistanceMatrixElementPrice id="VTR:DistanceMatrixElementPrice:18838158to18838160" version="1">
                      <Amount>0.72</Amount>
                      <DistanceMatrixElementRef ref="VTR:DistanceMatrixElement:18838158to18838160" version="1"/>
                    </DistanceMatrixElementPrice>
                  </prices>
                </DistanceMatrixElement>
                <DistanceMatrixElement id="VTR:DistanceMatrixElement:18838159to18838160" version="1">
                  <Name>Lioliai to Lioliai</Name>
                  <StartStopPointRef ref="VTR:ScheduledStopPoint:413731" version="1"/>
                  <EndStopPointRef ref="VTR:ScheduledStopPoint:413732" version="1"/>
                  <prices>
                    <DistanceMatrixElementPrice id="VTR:DistanceMatrixElementPrice:18838159to18838160" version="1">
                      <Amount>0.15</Amount>
                      <DistanceMatrixElementRef ref="VTR:DistanceMatrixElement:18838159to18838160" version="1"/>
                    </DistanceMatrixElementPrice>
                  </prices>
                </DistanceMatrixElement>
              </distanceMatrixElements>
            </Tariff>
          </tariffs>
          <usageParameters>
            <FrequencyOfUse id="VTR:FrequencyOfUse:oneTrip" version="1">
              <FrequencyOfUseType>unlimited</FrequencyOfUseType>
              <MaximalFrequency>1</MaximalFrequency>
            </FrequencyOfUse>
          </usageParameters>
        </FareFrame>
      </frames>
    </CompositeFrame>
  </dataObjects>
</PublicationDelivery>
