<?xml version="1.0" encoding="UTF-8"?><PublicationDelivery xmlns="http://www.netex.org.uk/netex" xmlns:gis="http://www.opengis.net/gml/3.2" xmlns:ns2="http://www.opengis.net/gml/3.2" xmlns:ns3="http://www.siri.org.uk/siri" xmlns:xsi="http://www.w3.org/2001/XMLSchema-instance" version="1" xsi:schemaLocation="">
  <PublicationTimestamp>2022-04-02T00:15:00.254</PublicationTimestamp>
  <ParticipantRef>VTR</ParticipantRef>
  <Description>1</Description>
  <dataObjects>
    <CompositeFrame created="2022-04-02T00:15:00.254" version="1" id="VTR:CompositeFrame:1144">
      <validityConditions>
        <AvailabilityCondition version="1" id="VTR:AvailabilityCondition:1144">
          <FromDate>2021-10-23T12:03:09</FromDate>
          <ToDate>2027-12-31T00:00:00</ToDate>
        </AvailabilityCondition>
      </validityConditions>
      <codespaces>
        <Codespace id="vtr">
          <Xmlns>VTR</Xmlns>
          <XmlnsUrl>http://www.visimarsrutai.lt/</XmlnsUrl>
        </Codespace>
      </codespaces>
      <FrameDefaults>
        <DefaultLocale>
          <TimeZone>Europe/Vilnius</TimeZone>
        </DefaultLocale>
        <DefaultLocationSystem>WGS84</DefaultLocationSystem>
      </FrameDefaults>
      <frames>
        <ServiceCalendarFrame version="1" id="VTR:ServiceCalendarFrame:1144">
          <dayTypes>
            <DayType id="VTR:DayType:36464" version="1">
              <properties>
                <PropertyOfDay>
                  <DaysOfWeek>Monday Tuesday Wednesday Thursday Friday</DaysOfWeek>
                </PropertyOfDay>
              </properties>
            </DayType>
          </dayTypes>
          <operatingPeriods>
            <OperatingPeriod version="1" id="VTR:OperatingPeriod:36464">
              <FromDate>2021-10-04T00:00:00</FromDate>
              <ToDate>2022-10-01T00:00:00</ToDate>
            </OperatingPeriod>
          </operatingPeriods>
          <dayTypeAssignments>
            <DayTypeAssignment id="VTR:DayTypeAssignment:36464_0" version="1" order="4529">
              <OperatingPeriodRef ref="VTR:OperatingPeriod:36464" version="1"/>
              <DayTypeRef ref="VTR:DayType:36464" version="1"/>
            </DayTypeAssignment>
            <DayTypeAssignment id="VTR:DayTypeAssignment:36464_906903" version="1" order="40033">
              <Date>2022-05-01</Date>
              <DayTypeRef ref="VTR:DayType:36464" version="1"/>
            </DayTypeAssignment>
            <DayTypeAssignment id="VTR:DayTypeAssignment:36464_906902" version="1" order="40034">
              <Date>2022-03-11</Date>
              <DayTypeRef ref="VTR:DayType:36464" version="1"/>
            </DayTypeAssignment>
            <DayTypeAssignment id="VTR:DayTypeAssignment:36464_923195" version="1" order="40044">
              <Date>2022-08-15</Date>
              <DayTypeRef ref="VTR:DayType:36464" version="1"/>
            </DayTypeAssignment>
            <DayTypeAssignment id="VTR:DayTypeAssignment:36464_923193" version="1" order="40045">
              <Date>2022-04-13</Date>
              <DayTypeRef ref="VTR:DayType:36464" version="1"/>
            </DayTypeAssignment>
            <DayTypeAssignment id="VTR:DayTypeAssignment:36464_906904" version="1" order="40066">
              <Date>2022-06-24</Date>
              <DayTypeRef ref="VTR:DayType:36464" version="1"/>
            </DayTypeAssignment>
            <DayTypeAssignment id="VTR:DayTypeAssignment:36464_906900" version="1" order="40086">
              <Date>2022-01-01</Date>
              <DayTypeRef ref="VTR:DayType:36464" version="1"/>
            </DayTypeAssignment>
            <DayTypeAssignment id="VTR:DayTypeAssignment:36464_906910" version="1" order="40100">
              <Date>2021-12-26</Date>
              <DayTypeRef ref="VTR:DayType:36464" version="1"/>
            </DayTypeAssignment>
            <DayTypeAssignment id="VTR:DayTypeAssignment:36464_906909" version="1" order="40111">
              <Date>2021-12-25</Date>
              <DayTypeRef ref="VTR:DayType:36464" version="1"/>
            </DayTypeAssignment>
            <DayTypeAssignment id="VTR:DayTypeAssignment:36464_906908" version="1" order="40112">
              <Date>2021-12-24</Date>
              <DayTypeRef ref="VTR:DayType:36464" version="1"/>
            </DayTypeAssignment>
            <DayTypeAssignment id="VTR:DayTypeAssignment:36464_906906" version="1" order="40113">
              <Date>2021-11-01</Date>
              <DayTypeRef ref="VTR:DayType:36464" version="1"/>
            </DayTypeAssignment>
            <DayTypeAssignment id="VTR:DayTypeAssignment:36464_923194" version="1" order="40122">
              <Date>2022-07-06</Date>
              <DayTypeRef ref="VTR:DayType:36464" version="1"/>
            </DayTypeAssignment>
            <DayTypeAssignment id="VTR:DayTypeAssignment:36464_906901" version="1" order="40123">
              <Date>2022-02-16</Date>
              <DayTypeRef ref="VTR:DayType:36464" version="1"/>
            </DayTypeAssignment>
          </dayTypeAssignments>
        </ServiceCalendarFrame>
        <ServiceFrame id="VTR:ServiceFrame:1144" version="1">
          <Network version="0" id="VTR:Network:60"/>
          <routePoints>
            <RoutePoint version="1" id="VTR:RoutePoint:2972333">
              <projections>
                <PointProjection version="1" id="VTR:PointProjection:71006">
                  <ProjectedPointRef ref="VTR:ScheduledStopPoint:2972333" version="1"/>
                </PointProjection>
              </projections>
            </RoutePoint>
            <RoutePoint version="1" id="VTR:RoutePoint:2972334">
              <projections>
                <PointProjection version="1" id="VTR:PointProjection:71067">
                  <ProjectedPointRef ref="VTR:ScheduledStopPoint:2972334" version="1"/>
                </PointProjection>
              </projections>
            </RoutePoint>
            <RoutePoint version="1" id="VTR:RoutePoint:2972335">
              <projections>
                <PointProjection version="1" id="VTR:PointProjection:71068">
                  <ProjectedPointRef ref="VTR:ScheduledStopPoint:2972335" version="1"/>
                </PointProjection>
              </projections>
            </RoutePoint>
            <RoutePoint version="1" id="VTR:RoutePoint:2972336">
              <projections>
                <PointProjection version="1" id="VTR:PointProjection:71069">
                  <ProjectedPointRef ref="VTR:ScheduledStopPoint:2972336" version="1"/>
                </PointProjection>
              </projections>
            </RoutePoint>
            <RoutePoint version="1" id="VTR:RoutePoint:2972337">
              <projections>
                <PointProjection version="1" id="VTR:PointProjection:71070">
                  <ProjectedPointRef ref="VTR:ScheduledStopPoint:2972337" version="1"/>
                </PointProjection>
              </projections>
            </RoutePoint>
            <RoutePoint version="1" id="VTR:RoutePoint:2972338">
              <projections>
                <PointProjection version="1" id="VTR:PointProjection:71071">
                  <ProjectedPointRef ref="VTR:ScheduledStopPoint:2972338" version="1"/>
                </PointProjection>
              </projections>
            </RoutePoint>
            <RoutePoint version="1" id="VTR:RoutePoint:2972339">
              <projections>
                <PointProjection version="1" id="VTR:PointProjection:71072">
                  <ProjectedPointRef ref="VTR:ScheduledStopPoint:2972339" version="1"/>
                </PointProjection>
              </projections>
            </RoutePoint>
            <RoutePoint version="1" id="VTR:RoutePoint:2972340">
              <projections>
                <PointProjection version="1" id="VTR:PointProjection:71073">
                  <ProjectedPointRef ref="VTR:ScheduledStopPoint:2972340" version="1"/>
                </PointProjection>
              </projections>
            </RoutePoint>
            <RoutePoint version="1" id="VTR:RoutePoint:2972341">
              <projections>
                <PointProjection version="1" id="VTR:PointProjection:71074">
                  <ProjectedPointRef ref="VTR:ScheduledStopPoint:2972341" version="1"/>
                </PointProjection>
              </projections>
            </RoutePoint>
            <RoutePoint version="1" id="VTR:RoutePoint:2972342">
              <projections>
                <PointProjection version="1" id="VTR:PointProjection:71075">
                  <ProjectedPointRef ref="VTR:ScheduledStopPoint:2972342" version="1"/>
                </PointProjection>
              </projections>
            </RoutePoint>
            <RoutePoint version="1" id="VTR:RoutePoint:2972343">
              <projections>
                <PointProjection version="1" id="VTR:PointProjection:71076">
                  <ProjectedPointRef ref="VTR:ScheduledStopPoint:2972343" version="1"/>
                </PointProjection>
              </projections>
            </RoutePoint>
            <RoutePoint version="1" id="VTR:RoutePoint:2972344">
              <projections>
                <PointProjection version="1" id="VTR:PointProjection:71077">
                  <ProjectedPointRef ref="VTR:ScheduledStopPoint:2972344" version="1"/>
                </PointProjection>
              </projections>
            </RoutePoint>
            <RoutePoint version="1" id="VTR:RoutePoint:2972345">
              <projections>
                <PointProjection version="1" id="VTR:PointProjection:71078">
                  <ProjectedPointRef ref="VTR:ScheduledStopPoint:2972345" version="1"/>
                </PointProjection>
              </projections>
            </RoutePoint>
            <RoutePoint version="1" id="VTR:RoutePoint:2972346">
              <projections>
                <PointProjection version="1" id="VTR:PointProjection:71079">
                  <ProjectedPointRef ref="VTR:ScheduledStopPoint:2972346" version="1"/>
                </PointProjection>
              </projections>
            </RoutePoint>
            <RoutePoint version="1" id="VTR:RoutePoint:2972347">
              <projections>
                <PointProjection version="1" id="VTR:PointProjection:70175">
                  <ProjectedPointRef ref="VTR:ScheduledStopPoint:2972347" version="1"/>
                </PointProjection>
              </projections>
            </RoutePoint>
            <RoutePoint version="1" id="VTR:RoutePoint:2972348">
              <projections>
                <PointProjection version="1" id="VTR:PointProjection:70176">
                  <ProjectedPointRef ref="VTR:ScheduledStopPoint:2972348" version="1"/>
                </PointProjection>
              </projections>
            </RoutePoint>
            <RoutePoint version="1" id="VTR:RoutePoint:2972349">
              <projections>
                <PointProjection version="1" id="VTR:PointProjection:70177">
                  <ProjectedPointRef ref="VTR:ScheduledStopPoint:2972349" version="1"/>
                </PointProjection>
              </projections>
            </RoutePoint>
            <RoutePoint version="1" id="VTR:RoutePoint:2972350">
              <projections>
                <PointProjection version="1" id="VTR:PointProjection:70178">
                  <ProjectedPointRef ref="VTR:ScheduledStopPoint:2972350" version="1"/>
                </PointProjection>
              </projections>
            </RoutePoint>
            <RoutePoint version="1" id="VTR:RoutePoint:2972351">
              <projections>
                <PointProjection version="1" id="VTR:PointProjection:70179">
                  <ProjectedPointRef ref="VTR:ScheduledStopPoint:2972351" version="1"/>
                </PointProjection>
              </projections>
            </RoutePoint>
            <RoutePoint version="1" id="VTR:RoutePoint:2972352">
              <projections>
                <PointProjection version="1" id="VTR:PointProjection:70180">
                  <ProjectedPointRef ref="VTR:ScheduledStopPoint:2972352" version="1"/>
                </PointProjection>
              </projections>
            </RoutePoint>
            <RoutePoint version="1" id="VTR:RoutePoint:2972353">
              <projections>
                <PointProjection version="1" id="VTR:PointProjection:70181">
                  <ProjectedPointRef ref="VTR:ScheduledStopPoint:2972353" version="1"/>
                </PointProjection>
              </projections>
            </RoutePoint>
            <RoutePoint version="1" id="VTR:RoutePoint:2972354">
              <projections>
                <PointProjection version="1" id="VTR:PointProjection:70182">
                  <ProjectedPointRef ref="VTR:ScheduledStopPoint:2972354" version="1"/>
                </PointProjection>
              </projections>
            </RoutePoint>
            <RoutePoint version="1" id="VTR:RoutePoint:2972355">
              <projections>
                <PointProjection version="1" id="VTR:PointProjection:70183">
                  <ProjectedPointRef ref="VTR:ScheduledStopPoint:2972355" version="1"/>
                </PointProjection>
              </projections>
            </RoutePoint>
            <RoutePoint version="1" id="VTR:RoutePoint:2972356">
              <projections>
                <PointProjection version="1" id="VTR:PointProjection:70184">
                  <ProjectedPointRef ref="VTR:ScheduledStopPoint:2972356" version="1"/>
                </PointProjection>
              </projections>
            </RoutePoint>
            <RoutePoint version="1" id="VTR:RoutePoint:2972357">
              <projections>
                <PointProjection version="1" id="VTR:PointProjection:70666">
                  <ProjectedPointRef ref="VTR:ScheduledStopPoint:2972357" version="1"/>
                </PointProjection>
              </projections>
            </RoutePoint>
            <RoutePoint version="1" id="VTR:RoutePoint:2972358">
              <projections>
                <PointProjection version="1" id="VTR:PointProjection:70892">
                  <ProjectedPointRef ref="VTR:ScheduledStopPoint:2972358" version="1"/>
                </PointProjection>
              </projections>
            </RoutePoint>
            <RoutePoint version="1" id="VTR:RoutePoint:2972359">
              <projections>
                <PointProjection version="1" id="VTR:PointProjection:70893">
                  <ProjectedPointRef ref="VTR:ScheduledStopPoint:2972359" version="1"/>
                </PointProjection>
              </projections>
            </RoutePoint>
            <RoutePoint version="1" id="VTR:RoutePoint:2972360">
              <projections>
                <PointProjection version="1" id="VTR:PointProjection:70076">
                  <ProjectedPointRef ref="VTR:ScheduledStopPoint:2972360" version="1"/>
                </PointProjection>
              </projections>
            </RoutePoint>
            <RoutePoint version="1" id="VTR:RoutePoint:2972361">
              <projections>
                <PointProjection version="1" id="VTR:PointProjection:70077">
                  <ProjectedPointRef ref="VTR:ScheduledStopPoint:2972361" version="1"/>
                </PointProjection>
              </projections>
            </RoutePoint>
            <RoutePoint version="1" id="VTR:RoutePoint:2972362">
              <projections>
                <PointProjection version="1" id="VTR:PointProjection:70078">
                  <ProjectedPointRef ref="VTR:ScheduledStopPoint:2972362" version="1"/>
                </PointProjection>
              </projections>
            </RoutePoint>
            <RoutePoint version="1" id="VTR:RoutePoint:2972363">
              <projections>
                <PointProjection version="1" id="VTR:PointProjection:70079">
                  <ProjectedPointRef ref="VTR:ScheduledStopPoint:2972363" version="1"/>
                </PointProjection>
              </projections>
            </RoutePoint>
            <RoutePoint version="1" id="VTR:RoutePoint:2972364">
              <projections>
                <PointProjection version="1" id="VTR:PointProjection:70080">
                  <ProjectedPointRef ref="VTR:ScheduledStopPoint:2972364" version="1"/>
                </PointProjection>
              </projections>
            </RoutePoint>
            <RoutePoint version="1" id="VTR:RoutePoint:2972365">
              <projections>
                <PointProjection version="1" id="VTR:PointProjection:70081">
                  <ProjectedPointRef ref="VTR:ScheduledStopPoint:2972365" version="1"/>
                </PointProjection>
              </projections>
            </RoutePoint>
            <RoutePoint version="1" id="VTR:RoutePoint:2972366">
              <projections>
                <PointProjection version="1" id="VTR:PointProjection:70082">
                  <ProjectedPointRef ref="VTR:ScheduledStopPoint:2972366" version="1"/>
                </PointProjection>
              </projections>
            </RoutePoint>
            <RoutePoint version="1" id="VTR:RoutePoint:2972367">
              <projections>
                <PointProjection version="1" id="VTR:PointProjection:70083">
                  <ProjectedPointRef ref="VTR:ScheduledStopPoint:2972367" version="1"/>
                </PointProjection>
              </projections>
            </RoutePoint>
            <RoutePoint version="1" id="VTR:RoutePoint:2972368">
              <projections>
                <PointProjection version="1" id="VTR:PointProjection:70084">
                  <ProjectedPointRef ref="VTR:ScheduledStopPoint:2972368" version="1"/>
                </PointProjection>
              </projections>
            </RoutePoint>
          </routePoints>
          <routes>
            <Route version="1" id="VTR:Route:24774">
              <Name>druskininkai_bus_4E_b-a2</Name>
              <ShortName>druskininkai_bus_4E_b-a2</ShortName>
              <LineRef ref="VTR:Line:8862" version="11645"/>
              <pointsInSequence>
                <PointOnRoute version="1" id="VTR:PointOnRoute:2972351" order="1">
                  <RoutePointRef ref="VTR:RoutePoint:2972351"/>
                </PointOnRoute>
                <PointOnRoute version="1" id="VTR:PointOnRoute:2972352" order="2">
                  <RoutePointRef ref="VTR:RoutePoint:2972352"/>
                </PointOnRoute>
                <PointOnRoute version="1" id="VTR:PointOnRoute:2972353" order="3">
                  <RoutePointRef ref="VTR:RoutePoint:2972353"/>
                </PointOnRoute>
                <PointOnRoute version="1" id="VTR:PointOnRoute:2972354" order="4">
                  <RoutePointRef ref="VTR:RoutePoint:2972354"/>
                </PointOnRoute>
                <PointOnRoute version="1" id="VTR:PointOnRoute:2972355" order="5">
                  <RoutePointRef ref="VTR:RoutePoint:2972355"/>
                </PointOnRoute>
                <PointOnRoute version="1" id="VTR:PointOnRoute:2972356" order="6">
                  <RoutePointRef ref="VTR:RoutePoint:2972356"/>
                </PointOnRoute>
                <PointOnRoute version="1" id="VTR:PointOnRoute:2972357" order="7">
                  <RoutePointRef ref="VTR:RoutePoint:2972357"/>
                </PointOnRoute>
                <PointOnRoute version="1" id="VTR:PointOnRoute:2972358" order="8">
                  <RoutePointRef ref="VTR:RoutePoint:2972358"/>
                </PointOnRoute>
                <PointOnRoute version="1" id="VTR:PointOnRoute:2972359" order="9">
                  <RoutePointRef ref="VTR:RoutePoint:2972359"/>
                </PointOnRoute>
                <PointOnRoute version="1" id="VTR:PointOnRoute:2972360" order="10">
                  <RoutePointRef ref="VTR:RoutePoint:2972360"/>
                </PointOnRoute>
                <PointOnRoute version="1" id="VTR:PointOnRoute:2972361" order="11">
                  <RoutePointRef ref="VTR:RoutePoint:2972361"/>
                </PointOnRoute>
                <PointOnRoute version="1" id="VTR:PointOnRoute:2972362" order="12">
                  <RoutePointRef ref="VTR:RoutePoint:2972362"/>
                </PointOnRoute>
                <PointOnRoute version="1" id="VTR:PointOnRoute:2972363" order="13">
                  <RoutePointRef ref="VTR:RoutePoint:2972363"/>
                </PointOnRoute>
                <PointOnRoute version="1" id="VTR:PointOnRoute:2972364" order="14">
                  <RoutePointRef ref="VTR:RoutePoint:2972364"/>
                </PointOnRoute>
                <PointOnRoute version="1" id="VTR:PointOnRoute:2972365" order="15">
                  <RoutePointRef ref="VTR:RoutePoint:2972365"/>
                </PointOnRoute>
                <PointOnRoute version="1" id="VTR:PointOnRoute:2972366" order="16">
                  <RoutePointRef ref="VTR:RoutePoint:2972366"/>
                </PointOnRoute>
                <PointOnRoute version="1" id="VTR:PointOnRoute:2972367" order="17">
                  <RoutePointRef ref="VTR:RoutePoint:2972367"/>
                </PointOnRoute>
                <PointOnRoute version="1" id="VTR:PointOnRoute:2972368" order="18">
                  <RoutePointRef ref="VTR:RoutePoint:2972368"/>
                </PointOnRoute>
              </pointsInSequence>
            </Route>
            <Route version="1" id="VTR:Route:24775">
              <Name>druskininkai_bus_4E_a2-b</Name>
              <ShortName>druskininkai_bus_4E_a2-b</ShortName>
              <LineRef ref="VTR:Line:8862" version="11645"/>
              <pointsInSequence>
                <PointOnRoute version="1" id="VTR:PointOnRoute:2972333" order="1">
                  <RoutePointRef ref="VTR:RoutePoint:2972333"/>
                </PointOnRoute>
                <PointOnRoute version="1" id="VTR:PointOnRoute:2972334" order="2">
                  <RoutePointRef ref="VTR:RoutePoint:2972334"/>
                </PointOnRoute>
                <PointOnRoute version="1" id="VTR:PointOnRoute:2972335" order="3">
                  <RoutePointRef ref="VTR:RoutePoint:2972335"/>
                </PointOnRoute>
                <PointOnRoute version="1" id="VTR:PointOnRoute:2972336" order="4">
                  <RoutePointRef ref="VTR:RoutePoint:2972336"/>
                </PointOnRoute>
                <PointOnRoute version="1" id="VTR:PointOnRoute:2972337" order="5">
                  <RoutePointRef ref="VTR:RoutePoint:2972337"/>
                </PointOnRoute>
                <PointOnRoute version="1" id="VTR:PointOnRoute:2972338" order="6">
                  <RoutePointRef ref="VTR:RoutePoint:2972338"/>
                </PointOnRoute>
                <PointOnRoute version="1" id="VTR:PointOnRoute:2972339" order="7">
                  <RoutePointRef ref="VTR:RoutePoint:2972339"/>
                </PointOnRoute>
                <PointOnRoute version="1" id="VTR:PointOnRoute:2972340" order="8">
                  <RoutePointRef ref="VTR:RoutePoint:2972340"/>
                </PointOnRoute>
                <PointOnRoute version="1" id="VTR:PointOnRoute:2972341" order="9">
                  <RoutePointRef ref="VTR:RoutePoint:2972341"/>
                </PointOnRoute>
                <PointOnRoute version="1" id="VTR:PointOnRoute:2972342" order="10">
                  <RoutePointRef ref="VTR:RoutePoint:2972342"/>
                </PointOnRoute>
                <PointOnRoute version="1" id="VTR:PointOnRoute:2972343" order="11">
                  <RoutePointRef ref="VTR:RoutePoint:2972343"/>
                </PointOnRoute>
                <PointOnRoute version="1" id="VTR:PointOnRoute:2972344" order="12">
                  <RoutePointRef ref="VTR:RoutePoint:2972344"/>
                </PointOnRoute>
                <PointOnRoute version="1" id="VTR:PointOnRoute:2972345" order="13">
                  <RoutePointRef ref="VTR:RoutePoint:2972345"/>
                </PointOnRoute>
                <PointOnRoute version="1" id="VTR:PointOnRoute:2972346" order="14">
                  <RoutePointRef ref="VTR:RoutePoint:2972346"/>
                </PointOnRoute>
                <PointOnRoute version="1" id="VTR:PointOnRoute:2972347" order="15">
                  <RoutePointRef ref="VTR:RoutePoint:2972347"/>
                </PointOnRoute>
                <PointOnRoute version="1" id="VTR:PointOnRoute:2972348" order="16">
                  <RoutePointRef ref="VTR:RoutePoint:2972348"/>
                </PointOnRoute>
                <PointOnRoute version="1" id="VTR:PointOnRoute:2972349" order="17">
                  <RoutePointRef ref="VTR:RoutePoint:2972349"/>
                </PointOnRoute>
                <PointOnRoute version="1" id="VTR:PointOnRoute:2972350" order="18">
                  <RoutePointRef ref="VTR:RoutePoint:2972350"/>
                </PointOnRoute>
              </pointsInSequence>
            </Route>
          </routes>
          <lines>
            <Line version="11645" id="VTR:Line:8862">
              <Name>Jaskonys - Laisvės aikštė - Ateities stotelė</Name>
              <TransportMode>bus</TransportMode>
              <TransportSubmode>
                <BusSubmode>localBus</BusSubmode>
              </TransportSubmode>
              <PublicCode>4E</PublicCode>
              <OperatorRef ref="VTR:Operator:60"/>
            </Line>
          </lines>
          <scheduledStopPoints>
            <ScheduledStopPoint version="1" id="VTR:ScheduledStopPoint:2972333">
              <Name>Jaskonys I</Name>
            </ScheduledStopPoint>
            <ScheduledStopPoint version="1" id="VTR:ScheduledStopPoint:2972334">
              <Name>Vanago lizdas</Name>
            </ScheduledStopPoint>
            <ScheduledStopPoint version="1" id="VTR:ScheduledStopPoint:2972335">
              <Name>"Raigardas"</Name>
            </ScheduledStopPoint>
            <ScheduledStopPoint version="1" id="VTR:ScheduledStopPoint:2972336">
              <Name>Pramonės</Name>
            </ScheduledStopPoint>
            <ScheduledStopPoint version="1" id="VTR:ScheduledStopPoint:2972337">
              <Name>Amatų mokykla</Name>
            </ScheduledStopPoint>
            <ScheduledStopPoint version="1" id="VTR:ScheduledStopPoint:2972338">
              <Name>Baravykų</Name>
            </ScheduledStopPoint>
            <ScheduledStopPoint version="1" id="VTR:ScheduledStopPoint:2972339">
              <Name>Turizmo centras</Name>
            </ScheduledStopPoint>
            <ScheduledStopPoint version="1" id="VTR:ScheduledStopPoint:2972340">
              <Name>Autobusų stotis</Name>
            </ScheduledStopPoint>
            <ScheduledStopPoint version="1" id="VTR:ScheduledStopPoint:2972341">
              <Name>Gimnazija</Name>
            </ScheduledStopPoint>
            <ScheduledStopPoint version="1" id="VTR:ScheduledStopPoint:2972342">
              <Name>Laisvės aikštė</Name>
            </ScheduledStopPoint>
            <ScheduledStopPoint version="1" id="VTR:ScheduledStopPoint:2972343">
              <Name>Gimnazija</Name>
            </ScheduledStopPoint>
            <ScheduledStopPoint version="1" id="VTR:ScheduledStopPoint:2972344">
              <Name>"Aidas"</Name>
            </ScheduledStopPoint>
            <ScheduledStopPoint version="1" id="VTR:ScheduledStopPoint:2972345">
              <Name>"Pavasaris"</Name>
            </ScheduledStopPoint>
            <ScheduledStopPoint version="1" id="VTR:ScheduledStopPoint:2972346">
              <Name>Turgus</Name>
            </ScheduledStopPoint>
            <ScheduledStopPoint version="1" id="VTR:ScheduledStopPoint:2972347">
              <Name>Bendruomenės centras</Name>
            </ScheduledStopPoint>
            <ScheduledStopPoint version="1" id="VTR:ScheduledStopPoint:2972348">
              <Name>Melnyčėlė</Name>
            </ScheduledStopPoint>
            <ScheduledStopPoint version="1" id="VTR:ScheduledStopPoint:2972349">
              <Name>Liškiavos</Name>
            </ScheduledStopPoint>
            <ScheduledStopPoint version="1" id="VTR:ScheduledStopPoint:2972350">
              <Name>Ateities</Name>
            </ScheduledStopPoint>
            <ScheduledStopPoint version="1" id="VTR:ScheduledStopPoint:2972351">
              <Name>Ateities</Name>
            </ScheduledStopPoint>
            <ScheduledStopPoint version="1" id="VTR:ScheduledStopPoint:2972352">
              <Name>Liškiavos</Name>
            </ScheduledStopPoint>
            <ScheduledStopPoint version="1" id="VTR:ScheduledStopPoint:2972353">
              <Name>Melnyčėlė</Name>
            </ScheduledStopPoint>
            <ScheduledStopPoint version="1" id="VTR:ScheduledStopPoint:2972354">
              <Name>Bendruomenės centras</Name>
            </ScheduledStopPoint>
            <ScheduledStopPoint version="1" id="VTR:ScheduledStopPoint:2972355">
              <Name>Turgus</Name>
            </ScheduledStopPoint>
            <ScheduledStopPoint version="1" id="VTR:ScheduledStopPoint:2972356">
              <Name>"Pavasaris"</Name>
            </ScheduledStopPoint>
            <ScheduledStopPoint version="1" id="VTR:ScheduledStopPoint:2972357">
              <Name>"Aidas"</Name>
            </ScheduledStopPoint>
            <ScheduledStopPoint version="1" id="VTR:ScheduledStopPoint:2972358">
              <Name>Gimnazija</Name>
            </ScheduledStopPoint>
            <ScheduledStopPoint version="1" id="VTR:ScheduledStopPoint:2972359">
              <Name>Laisvės aikštė</Name>
            </ScheduledStopPoint>
            <ScheduledStopPoint version="1" id="VTR:ScheduledStopPoint:2972360">
              <Name>Gimnazija</Name>
            </ScheduledStopPoint>
            <ScheduledStopPoint version="1" id="VTR:ScheduledStopPoint:2972361">
              <Name>Autobusų stotis</Name>
            </ScheduledStopPoint>
            <ScheduledStopPoint version="1" id="VTR:ScheduledStopPoint:2972362">
              <Name>Turizmo centras</Name>
            </ScheduledStopPoint>
            <ScheduledStopPoint version="1" id="VTR:ScheduledStopPoint:2972363">
              <Name>Baravykų</Name>
            </ScheduledStopPoint>
            <ScheduledStopPoint version="1" id="VTR:ScheduledStopPoint:2972364">
              <Name>Amatų mokykla</Name>
            </ScheduledStopPoint>
            <ScheduledStopPoint version="1" id="VTR:ScheduledStopPoint:2972365">
              <Name>Pramonės</Name>
            </ScheduledStopPoint>
            <ScheduledStopPoint version="1" id="VTR:ScheduledStopPoint:2972366">
              <Name>"Raigardas"</Name>
            </ScheduledStopPoint>
            <ScheduledStopPoint version="1" id="VTR:ScheduledStopPoint:2972367">
              <Name>Vanago lizdas</Name>
            </ScheduledStopPoint>
            <ScheduledStopPoint version="1" id="VTR:ScheduledStopPoint:2972368">
              <Name>Jaskonys I</Name>
            </ScheduledStopPoint>
          </scheduledStopPoints>
          <serviceLinks>
            <ServiceLink id="VTR:ServiceLink:2972360_1_2972361_1" version="1">
              <Distance>0</Distance>
              <FromPointRef ref="VTR:ScheduledStopPoint:2972360" version="1"/>
              <ToPointRef ref="VTR:ScheduledStopPoint:2972361" version="1"/>
            </ServiceLink>
            <ServiceLink id="VTR:ServiceLink:2972335_1_2972336_1" version="1">
              <Distance>0</Distance>
              <FromPointRef ref="VTR:ScheduledStopPoint:2972335" version="1"/>
              <ToPointRef ref="VTR:ScheduledStopPoint:2972336" version="1"/>
            </ServiceLink>
            <ServiceLink id="VTR:ServiceLink:2972338_1_2972339_1" version="1">
              <Distance>0</Distance>
              <FromPointRef ref="VTR:ScheduledStopPoint:2972338" version="1"/>
              <ToPointRef ref="VTR:ScheduledStopPoint:2972339" version="1"/>
            </ServiceLink>
            <ServiceLink id="VTR:ServiceLink:2972366_1_2972367_1" version="1">
              <Distance>0</Distance>
              <FromPointRef ref="VTR:ScheduledStopPoint:2972366" version="1"/>
              <ToPointRef ref="VTR:ScheduledStopPoint:2972367" version="1"/>
            </ServiceLink>
            <ServiceLink id="VTR:ServiceLink:2972341_1_2972342_1" version="1">
              <Distance>0</Distance>
              <FromPointRef ref="VTR:ScheduledStopPoint:2972341" version="1"/>
              <ToPointRef ref="VTR:ScheduledStopPoint:2972342" version="1"/>
            </ServiceLink>
            <ServiceLink id="VTR:ServiceLink:2972347_1_2972348_1" version="1">
              <Distance>0</Distance>
              <FromPointRef ref="VTR:ScheduledStopPoint:2972347" version="1"/>
              <ToPointRef ref="VTR:ScheduledStopPoint:2972348" version="1"/>
            </ServiceLink>
            <ServiceLink id="VTR:ServiceLink:2972345_1_2972346_1" version="1">
              <Distance>0</Distance>
              <FromPointRef ref="VTR:ScheduledStopPoint:2972345" version="1"/>
              <ToPointRef ref="VTR:ScheduledStopPoint:2972346" version="1"/>
            </ServiceLink>
            <ServiceLink id="VTR:ServiceLink:2972342_1_2972343_1" version="1">
              <Distance>0</Distance>
              <FromPointRef ref="VTR:ScheduledStopPoint:2972342" version="1"/>
              <ToPointRef ref="VTR:ScheduledStopPoint:2972343" version="1"/>
            </ServiceLink>
            <ServiceLink id="VTR:ServiceLink:2972351_1_2972352_1" version="1">
              <Distance>0</Distance>
              <FromPointRef ref="VTR:ScheduledStopPoint:2972351" version="1"/>
              <ToPointRef ref="VTR:ScheduledStopPoint:2972352" version="1"/>
            </ServiceLink>
            <ServiceLink id="VTR:ServiceLink:2972362_1_2972363_1" version="1">
              <Distance>0</Distance>
              <FromPointRef ref="VTR:ScheduledStopPoint:2972362" version="1"/>
              <ToPointRef ref="VTR:ScheduledStopPoint:2972363" version="1"/>
            </ServiceLink>
            <ServiceLink id="VTR:ServiceLink:2972349_1_2972350_1" version="1">
              <Distance>0</Distance>
              <FromPointRef ref="VTR:ScheduledStopPoint:2972349" version="1"/>
              <ToPointRef ref="VTR:ScheduledStopPoint:2972350" version="1"/>
            </ServiceLink>
            <ServiceLink id="VTR:ServiceLink:2972337_1_2972338_1" version="1">
              <Distance>0</Distance>
              <FromPointRef ref="VTR:ScheduledStopPoint:2972337" version="1"/>
              <ToPointRef ref="VTR:ScheduledStopPoint:2972338" version="1"/>
            </ServiceLink>
            <ServiceLink id="VTR:ServiceLink:2972343_1_2972344_1" version="1">
              <Distance>0</Distance>
              <FromPointRef ref="VTR:ScheduledStopPoint:2972343" version="1"/>
              <ToPointRef ref="VTR:ScheduledStopPoint:2972344" version="1"/>
            </ServiceLink>
            <ServiceLink id="VTR:ServiceLink:2972354_1_2972355_1" version="1">
              <Distance>0</Distance>
              <FromPointRef ref="VTR:ScheduledStopPoint:2972354" version="1"/>
              <ToPointRef ref="VTR:ScheduledStopPoint:2972355" version="1"/>
            </ServiceLink>
            <ServiceLink id="VTR:ServiceLink:2972353_1_2972354_1" version="1">
              <Distance>0</Distance>
              <FromPointRef ref="VTR:ScheduledStopPoint:2972353" version="1"/>
              <ToPointRef ref="VTR:ScheduledStopPoint:2972354" version="1"/>
            </ServiceLink>
            <ServiceLink id="VTR:ServiceLink:2972340_1_2972341_1" version="1">
              <Distance>0</Distance>
              <FromPointRef ref="VTR:ScheduledStopPoint:2972340" version="1"/>
              <ToPointRef ref="VTR:ScheduledStopPoint:2972341" version="1"/>
            </ServiceLink>
            <ServiceLink id="VTR:ServiceLink:2972359_1_2972360_1" version="1">
              <Distance>0</Distance>
              <FromPointRef ref="VTR:ScheduledStopPoint:2972359" version="1"/>
              <ToPointRef ref="VTR:ScheduledStopPoint:2972360" version="1"/>
            </ServiceLink>
            <ServiceLink id="VTR:ServiceLink:2972333_1_2972334_1" version="1">
              <Distance>0</Distance>
              <FromPointRef ref="VTR:ScheduledStopPoint:2972333" version="1"/>
              <ToPointRef ref="VTR:ScheduledStopPoint:2972334" version="1"/>
            </ServiceLink>
            <ServiceLink id="VTR:ServiceLink:2972361_1_2972362_1" version="1">
              <Distance>0</Distance>
              <FromPointRef ref="VTR:ScheduledStopPoint:2972361" version="1"/>
              <ToPointRef ref="VTR:ScheduledStopPoint:2972362" version="1"/>
            </ServiceLink>
            <ServiceLink id="VTR:ServiceLink:2972358_1_2972359_1" version="1">
              <Distance>0</Distance>
              <FromPointRef ref="VTR:ScheduledStopPoint:2972358" version="1"/>
              <ToPointRef ref="VTR:ScheduledStopPoint:2972359" version="1"/>
            </ServiceLink>
            <ServiceLink id="VTR:ServiceLink:2972348_1_2972349_1" version="1">
              <Distance>0</Distance>
              <FromPointRef ref="VTR:ScheduledStopPoint:2972348" version="1"/>
              <ToPointRef ref="VTR:ScheduledStopPoint:2972349" version="1"/>
            </ServiceLink>
            <ServiceLink id="VTR:ServiceLink:2972367_1_2972368_1" version="1">
              <Distance>0</Distance>
              <FromPointRef ref="VTR:ScheduledStopPoint:2972367" version="1"/>
              <ToPointRef ref="VTR:ScheduledStopPoint:2972368" version="1"/>
            </ServiceLink>
            <ServiceLink id="VTR:ServiceLink:2972344_1_2972345_1" version="1">
              <Distance>0</Distance>
              <FromPointRef ref="VTR:ScheduledStopPoint:2972344" version="1"/>
              <ToPointRef ref="VTR:ScheduledStopPoint:2972345" version="1"/>
            </ServiceLink>
            <ServiceLink id="VTR:ServiceLink:2972339_1_2972340_1" version="1">
              <Distance>0</Distance>
              <FromPointRef ref="VTR:ScheduledStopPoint:2972339" version="1"/>
              <ToPointRef ref="VTR:ScheduledStopPoint:2972340" version="1"/>
            </ServiceLink>
            <ServiceLink id="VTR:ServiceLink:2972352_1_2972353_1" version="1">
              <Distance>0</Distance>
              <FromPointRef ref="VTR:ScheduledStopPoint:2972352" version="1"/>
              <ToPointRef ref="VTR:ScheduledStopPoint:2972353" version="1"/>
            </ServiceLink>
            <ServiceLink id="VTR:ServiceLink:2972356_1_2972357_1" version="1">
              <Distance>0</Distance>
              <FromPointRef ref="VTR:ScheduledStopPoint:2972356" version="1"/>
              <ToPointRef ref="VTR:ScheduledStopPoint:2972357" version="1"/>
            </ServiceLink>
            <ServiceLink id="VTR:ServiceLink:2972336_1_2972337_1" version="1">
              <Distance>0</Distance>
              <FromPointRef ref="VTR:ScheduledStopPoint:2972336" version="1"/>
              <ToPointRef ref="VTR:ScheduledStopPoint:2972337" version="1"/>
            </ServiceLink>
            <ServiceLink id="VTR:ServiceLink:2972363_1_2972364_1" version="1">
              <Distance>0</Distance>
              <FromPointRef ref="VTR:ScheduledStopPoint:2972363" version="1"/>
              <ToPointRef ref="VTR:ScheduledStopPoint:2972364" version="1"/>
            </ServiceLink>
            <ServiceLink id="VTR:ServiceLink:2972364_1_2972365_1" version="1">
              <Distance>0</Distance>
              <FromPointRef ref="VTR:ScheduledStopPoint:2972364" version="1"/>
              <ToPointRef ref="VTR:ScheduledStopPoint:2972365" version="1"/>
            </ServiceLink>
            <ServiceLink id="VTR:ServiceLink:2972365_1_2972366_1" version="1">
              <Distance>0</Distance>
              <FromPointRef ref="VTR:ScheduledStopPoint:2972365" version="1"/>
              <ToPointRef ref="VTR:ScheduledStopPoint:2972366" version="1"/>
            </ServiceLink>
            <ServiceLink id="VTR:ServiceLink:2972357_1_2972358_1" version="1">
              <Distance>0</Distance>
              <FromPointRef ref="VTR:ScheduledStopPoint:2972357" version="1"/>
              <ToPointRef ref="VTR:ScheduledStopPoint:2972358" version="1"/>
            </ServiceLink>
            <ServiceLink id="VTR:ServiceLink:2972334_1_2972335_1" version="1">
              <Distance>0</Distance>
              <FromPointRef ref="VTR:ScheduledStopPoint:2972334" version="1"/>
              <ToPointRef ref="VTR:ScheduledStopPoint:2972335" version="1"/>
            </ServiceLink>
            <ServiceLink id="VTR:ServiceLink:2972355_1_2972356_1" version="1">
              <Distance>0</Distance>
              <FromPointRef ref="VTR:ScheduledStopPoint:2972355" version="1"/>
              <ToPointRef ref="VTR:ScheduledStopPoint:2972356" version="1"/>
            </ServiceLink>
            <ServiceLink id="VTR:ServiceLink:2972346_1_2972347_1" version="1">
              <Distance>0</Distance>
              <FromPointRef ref="VTR:ScheduledStopPoint:2972346" version="1"/>
              <ToPointRef ref="VTR:ScheduledStopPoint:2972347" version="1"/>
            </ServiceLink>
          </serviceLinks>
          <stopAssignments>
            <PassengerStopAssignment order="2477400001" id="VTR:PassengerStopAssignment:2972351" version="1">
              <ScheduledStopPointRef ref="VTR:ScheduledStopPoint:2972351" version="1"/>
              <QuayRef ref="VTR:Quay:60"/>
            </PassengerStopAssignment>
            <PassengerStopAssignment order="2477400002" id="VTR:PassengerStopAssignment:2972352" version="1">
              <ScheduledStopPointRef ref="VTR:ScheduledStopPoint:2972352" version="1"/>
              <QuayRef ref="VTR:Quay:61"/>
            </PassengerStopAssignment>
            <PassengerStopAssignment order="2477400003" id="VTR:PassengerStopAssignment:2972353" version="1">
              <ScheduledStopPointRef ref="VTR:ScheduledStopPoint:2972353" version="1"/>
              <QuayRef ref="VTR:Quay:21432"/>
            </PassengerStopAssignment>
            <PassengerStopAssignment order="2477400004" id="VTR:PassengerStopAssignment:2972354" version="1">
              <ScheduledStopPointRef ref="VTR:ScheduledStopPoint:2972354" version="1"/>
              <QuayRef ref="VTR:Quay:36"/>
            </PassengerStopAssignment>
            <PassengerStopAssignment order="2477400005" id="VTR:PassengerStopAssignment:2972355" version="1">
              <ScheduledStopPointRef ref="VTR:ScheduledStopPoint:2972355" version="1"/>
              <QuayRef ref="VTR:Quay:35"/>
            </PassengerStopAssignment>
            <PassengerStopAssignment order="2477400006" id="VTR:PassengerStopAssignment:2972356" version="1">
              <ScheduledStopPointRef ref="VTR:ScheduledStopPoint:2972356" version="1"/>
              <QuayRef ref="VTR:Quay:64"/>
            </PassengerStopAssignment>
            <PassengerStopAssignment order="2477400007" id="VTR:PassengerStopAssignment:2972357" version="1">
              <ScheduledStopPointRef ref="VTR:ScheduledStopPoint:2972357" version="1"/>
              <QuayRef ref="VTR:Quay:75"/>
            </PassengerStopAssignment>
            <PassengerStopAssignment order="2477400008" id="VTR:PassengerStopAssignment:2972358" version="1">
              <ScheduledStopPointRef ref="VTR:ScheduledStopPoint:2972358" version="1"/>
              <QuayRef ref="VTR:Quay:59"/>
            </PassengerStopAssignment>
            <PassengerStopAssignment order="2477400009" id="VTR:PassengerStopAssignment:2972359" version="1">
              <ScheduledStopPointRef ref="VTR:ScheduledStopPoint:2972359" version="1"/>
              <QuayRef ref="VTR:Quay:43"/>
            </PassengerStopAssignment>
            <PassengerStopAssignment order="2477400010" id="VTR:PassengerStopAssignment:2972360" version="1">
              <ScheduledStopPointRef ref="VTR:ScheduledStopPoint:2972360" version="1"/>
              <QuayRef ref="VTR:Quay:45"/>
            </PassengerStopAssignment>
            <PassengerStopAssignment order="2477400011" id="VTR:PassengerStopAssignment:2972361" version="1">
              <ScheduledStopPointRef ref="VTR:ScheduledStopPoint:2972361" version="1"/>
              <QuayRef ref="VTR:Quay:46"/>
            </PassengerStopAssignment>
            <PassengerStopAssignment order="2477400012" id="VTR:PassengerStopAssignment:2972362" version="1">
              <ScheduledStopPointRef ref="VTR:ScheduledStopPoint:2972362" version="1"/>
              <QuayRef ref="VTR:Quay:47"/>
            </PassengerStopAssignment>
            <PassengerStopAssignment order="2477400013" id="VTR:PassengerStopAssignment:2972363" version="1">
              <ScheduledStopPointRef ref="VTR:ScheduledStopPoint:2972363" version="1"/>
              <QuayRef ref="VTR:Quay:94"/>
            </PassengerStopAssignment>
            <PassengerStopAssignment order="2477400014" id="VTR:PassengerStopAssignment:2972364" version="1">
              <ScheduledStopPointRef ref="VTR:ScheduledStopPoint:2972364" version="1"/>
              <QuayRef ref="VTR:Quay:93"/>
            </PassengerStopAssignment>
            <PassengerStopAssignment order="2477400015" id="VTR:PassengerStopAssignment:2972365" version="1">
              <ScheduledStopPointRef ref="VTR:ScheduledStopPoint:2972365" version="1"/>
              <QuayRef ref="VTR:Quay:91"/>
            </PassengerStopAssignment>
            <PassengerStopAssignment order="2477400016" id="VTR:PassengerStopAssignment:2972366" version="1">
              <ScheduledStopPointRef ref="VTR:ScheduledStopPoint:2972366" version="1"/>
              <QuayRef ref="VTR:Quay:90"/>
            </PassengerStopAssignment>
            <PassengerStopAssignment order="2477400017" id="VTR:PassengerStopAssignment:2972367" version="1">
              <ScheduledStopPointRef ref="VTR:ScheduledStopPoint:2972367" version="1"/>
              <QuayRef ref="VTR:Quay:44195"/>
            </PassengerStopAssignment>
            <PassengerStopAssignment order="2477400018" id="VTR:PassengerStopAssignment:2972368" version="1">
              <ScheduledStopPointRef ref="VTR:ScheduledStopPoint:2972368" version="1"/>
              <QuayRef ref="VTR:Quay:70"/>
            </PassengerStopAssignment>
            <PassengerStopAssignment order="2477500001" id="VTR:PassengerStopAssignment:2972333" version="1">
              <ScheduledStopPointRef ref="VTR:ScheduledStopPoint:2972333" version="1"/>
              <QuayRef ref="VTR:Quay:70"/>
            </PassengerStopAssignment>
            <PassengerStopAssignment order="2477500002" id="VTR:PassengerStopAssignment:2972334" version="1">
              <ScheduledStopPointRef ref="VTR:ScheduledStopPoint:2972334" version="1"/>
              <QuayRef ref="VTR:Quay:44197"/>
            </PassengerStopAssignment>
            <PassengerStopAssignment order="2477500003" id="VTR:PassengerStopAssignment:2972335" version="1">
              <ScheduledStopPointRef ref="VTR:ScheduledStopPoint:2972335" version="1"/>
              <QuayRef ref="VTR:Quay:90"/>
            </PassengerStopAssignment>
            <PassengerStopAssignment order="2477500004" id="VTR:PassengerStopAssignment:2972336" version="1">
              <ScheduledStopPointRef ref="VTR:ScheduledStopPoint:2972336" version="1"/>
              <QuayRef ref="VTR:Quay:120"/>
            </PassengerStopAssignment>
            <PassengerStopAssignment order="2477500005" id="VTR:PassengerStopAssignment:2972337" version="1">
              <ScheduledStopPointRef ref="VTR:ScheduledStopPoint:2972337" version="1"/>
              <QuayRef ref="VTR:Quay:92"/>
            </PassengerStopAssignment>
            <PassengerStopAssignment order="2477500006" id="VTR:PassengerStopAssignment:2972338" version="1">
              <ScheduledStopPointRef ref="VTR:ScheduledStopPoint:2972338" version="1"/>
              <QuayRef ref="VTR:Quay:32"/>
            </PassengerStopAssignment>
            <PassengerStopAssignment order="2477500007" id="VTR:PassengerStopAssignment:2972339" version="1">
              <ScheduledStopPointRef ref="VTR:ScheduledStopPoint:2972339" version="1"/>
              <QuayRef ref="VTR:Quay:31"/>
            </PassengerStopAssignment>
            <PassengerStopAssignment order="2477500008" id="VTR:PassengerStopAssignment:2972340" version="1">
              <ScheduledStopPointRef ref="VTR:ScheduledStopPoint:2972340" version="1"/>
              <QuayRef ref="VTR:Quay:79"/>
            </PassengerStopAssignment>
            <PassengerStopAssignment order="2477500009" id="VTR:PassengerStopAssignment:2972341" version="1">
              <ScheduledStopPointRef ref="VTR:ScheduledStopPoint:2972341" version="1"/>
              <QuayRef ref="VTR:Quay:59"/>
            </PassengerStopAssignment>
            <PassengerStopAssignment order="2477500010" id="VTR:PassengerStopAssignment:2972342" version="1">
              <ScheduledStopPointRef ref="VTR:ScheduledStopPoint:2972342" version="1"/>
              <QuayRef ref="VTR:Quay:43"/>
            </PassengerStopAssignment>
            <PassengerStopAssignment order="2477500011" id="VTR:PassengerStopAssignment:2972343" version="1">
              <ScheduledStopPointRef ref="VTR:ScheduledStopPoint:2972343" version="1"/>
              <QuayRef ref="VTR:Quay:45"/>
            </PassengerStopAssignment>
            <PassengerStopAssignment order="2477500012" id="VTR:PassengerStopAssignment:2972344" version="1">
              <ScheduledStopPointRef ref="VTR:ScheduledStopPoint:2972344" version="1"/>
              <QuayRef ref="VTR:Quay:76"/>
            </PassengerStopAssignment>
            <PassengerStopAssignment order="2477500013" id="VTR:PassengerStopAssignment:2972345" version="1">
              <ScheduledStopPointRef ref="VTR:ScheduledStopPoint:2972345" version="1"/>
              <QuayRef ref="VTR:Quay:65"/>
            </PassengerStopAssignment>
            <PassengerStopAssignment order="2477500014" id="VTR:PassengerStopAssignment:2972346" version="1">
              <ScheduledStopPointRef ref="VTR:ScheduledStopPoint:2972346" version="1"/>
              <QuayRef ref="VTR:Quay:51"/>
            </PassengerStopAssignment>
            <PassengerStopAssignment order="2477500015" id="VTR:PassengerStopAssignment:2972347" version="1">
              <ScheduledStopPointRef ref="VTR:ScheduledStopPoint:2972347" version="1"/>
              <QuayRef ref="VTR:Quay:52"/>
            </PassengerStopAssignment>
            <PassengerStopAssignment order="2477500016" id="VTR:PassengerStopAssignment:2972348" version="1">
              <ScheduledStopPointRef ref="VTR:ScheduledStopPoint:2972348" version="1"/>
              <QuayRef ref="VTR:Quay:63"/>
            </PassengerStopAssignment>
            <PassengerStopAssignment order="2477500017" id="VTR:PassengerStopAssignment:2972349" version="1">
              <ScheduledStopPointRef ref="VTR:ScheduledStopPoint:2972349" version="1"/>
              <QuayRef ref="VTR:Quay:62"/>
            </PassengerStopAssignment>
            <PassengerStopAssignment order="2477500018" id="VTR:PassengerStopAssignment:2972350" version="1">
              <ScheduledStopPointRef ref="VTR:ScheduledStopPoint:2972350" version="1"/>
              <QuayRef ref="VTR:Quay:60"/>
            </PassengerStopAssignment>
          </stopAssignments>
          <journeyPatterns>
            <JourneyPattern id="VTR:JourneyPattern:6224832" version="6228352">
              <RouteRef ref="VTR:Route:24775" version="1"/>
              <pointsInSequence>
                <StopPointInJourneyPattern id="VTR:StopPointInJourneyPattern:216218244" version="6228352" order="1">
                  <ScheduledStopPointRef ref="VTR:ScheduledStopPoint:2972333"/>
                  <DestinationDisplayRef ref="VTR:DestinationDisplay:1"/>
                </StopPointInJourneyPattern>
                <StopPointInJourneyPattern id="VTR:StopPointInJourneyPattern:216218245" version="6228352" order="2">
                  <ScheduledStopPointRef ref="VTR:ScheduledStopPoint:2972334"/>
                  <DestinationDisplayRef ref="VTR:DestinationDisplay:1"/>
                </StopPointInJourneyPattern>
                <StopPointInJourneyPattern id="VTR:StopPointInJourneyPattern:216218246" version="6228352" order="3">
                  <ScheduledStopPointRef ref="VTR:ScheduledStopPoint:2972335"/>
                  <DestinationDisplayRef ref="VTR:DestinationDisplay:1"/>
                </StopPointInJourneyPattern>
                <StopPointInJourneyPattern id="VTR:StopPointInJourneyPattern:216218247" version="6228352" order="4">
                  <ScheduledStopPointRef ref="VTR:ScheduledStopPoint:2972336"/>
                  <DestinationDisplayRef ref="VTR:DestinationDisplay:1"/>
                </StopPointInJourneyPattern>
                <StopPointInJourneyPattern id="VTR:StopPointInJourneyPattern:216218248" version="6228352" order="5">
                  <ScheduledStopPointRef ref="VTR:ScheduledStopPoint:2972337"/>
                  <DestinationDisplayRef ref="VTR:DestinationDisplay:1"/>
                </StopPointInJourneyPattern>
                <StopPointInJourneyPattern id="VTR:StopPointInJourneyPattern:216218249" version="6228352" order="6">
                  <ScheduledStopPointRef ref="VTR:ScheduledStopPoint:2972338"/>
                  <DestinationDisplayRef ref="VTR:DestinationDisplay:1"/>
                </StopPointInJourneyPattern>
                <StopPointInJourneyPattern id="VTR:StopPointInJourneyPattern:216218250" version="6228352" order="7">
                  <ScheduledStopPointRef ref="VTR:ScheduledStopPoint:2972339"/>
                  <DestinationDisplayRef ref="VTR:DestinationDisplay:1"/>
                </StopPointInJourneyPattern>
                <StopPointInJourneyPattern id="VTR:StopPointInJourneyPattern:216218251" version="6228352" order="8">
                  <ScheduledStopPointRef ref="VTR:ScheduledStopPoint:2972340"/>
                  <DestinationDisplayRef ref="VTR:DestinationDisplay:1"/>
                </StopPointInJourneyPattern>
                <StopPointInJourneyPattern id="VTR:StopPointInJourneyPattern:216218252" version="6228352" order="9">
                  <ScheduledStopPointRef ref="VTR:ScheduledStopPoint:2972341"/>
                  <DestinationDisplayRef ref="VTR:DestinationDisplay:1"/>
                </StopPointInJourneyPattern>
                <StopPointInJourneyPattern id="VTR:StopPointInJourneyPattern:216218253" version="6228352" order="10">
                  <ScheduledStopPointRef ref="VTR:ScheduledStopPoint:2972342"/>
                  <DestinationDisplayRef ref="VTR:DestinationDisplay:1"/>
                </StopPointInJourneyPattern>
                <StopPointInJourneyPattern id="VTR:StopPointInJourneyPattern:216218254" version="6228352" order="11">
                  <ScheduledStopPointRef ref="VTR:ScheduledStopPoint:2972343"/>
                  <DestinationDisplayRef ref="VTR:DestinationDisplay:1"/>
                </StopPointInJourneyPattern>
                <StopPointInJourneyPattern id="VTR:StopPointInJourneyPattern:216218255" version="6228352" order="12">
                  <ScheduledStopPointRef ref="VTR:ScheduledStopPoint:2972344"/>
                  <DestinationDisplayRef ref="VTR:DestinationDisplay:1"/>
                </StopPointInJourneyPattern>
                <StopPointInJourneyPattern id="VTR:StopPointInJourneyPattern:216218256" version="6228352" order="13">
                  <ScheduledStopPointRef ref="VTR:ScheduledStopPoint:2972345"/>
                  <DestinationDisplayRef ref="VTR:DestinationDisplay:1"/>
                </StopPointInJourneyPattern>
                <StopPointInJourneyPattern id="VTR:StopPointInJourneyPattern:216218257" version="6228352" order="14">
                  <ScheduledStopPointRef ref="VTR:ScheduledStopPoint:2972346"/>
                  <DestinationDisplayRef ref="VTR:DestinationDisplay:1"/>
                </StopPointInJourneyPattern>
                <StopPointInJourneyPattern id="VTR:StopPointInJourneyPattern:216218258" version="6228352" order="15">
                  <ScheduledStopPointRef ref="VTR:ScheduledStopPoint:2972347"/>
                  <DestinationDisplayRef ref="VTR:DestinationDisplay:1"/>
                </StopPointInJourneyPattern>
                <StopPointInJourneyPattern id="VTR:StopPointInJourneyPattern:216218259" version="6228352" order="16">
                  <ScheduledStopPointRef ref="VTR:ScheduledStopPoint:2972348"/>
                  <DestinationDisplayRef ref="VTR:DestinationDisplay:1"/>
                </StopPointInJourneyPattern>
                <StopPointInJourneyPattern id="VTR:StopPointInJourneyPattern:216218260" version="6228352" order="17">
                  <ScheduledStopPointRef ref="VTR:ScheduledStopPoint:2972349"/>
                  <DestinationDisplayRef ref="VTR:DestinationDisplay:1"/>
                </StopPointInJourneyPattern>
                <StopPointInJourneyPattern id="VTR:StopPointInJourneyPattern:216218261" version="6228352" order="18">
                  <ScheduledStopPointRef ref="VTR:ScheduledStopPoint:2972350"/>
                  <DestinationDisplayRef ref="VTR:DestinationDisplay:1"/>
                </StopPointInJourneyPattern>
              </pointsInSequence>
            </JourneyPattern>
            <JourneyPattern id="VTR:JourneyPattern:6224829" version="6228349">
              <RouteRef ref="VTR:Route:24774" version="1"/>
              <pointsInSequence>
                <StopPointInJourneyPattern id="VTR:StopPointInJourneyPattern:216218262" version="6228349" order="1">
                  <ScheduledStopPointRef ref="VTR:ScheduledStopPoint:2972351"/>
                  <DestinationDisplayRef ref="VTR:DestinationDisplay:1"/>
                </StopPointInJourneyPattern>
                <StopPointInJourneyPattern id="VTR:StopPointInJourneyPattern:216218263" version="6228349" order="2">
                  <ScheduledStopPointRef ref="VTR:ScheduledStopPoint:2972352"/>
                  <DestinationDisplayRef ref="VTR:DestinationDisplay:1"/>
                </StopPointInJourneyPattern>
                <StopPointInJourneyPattern id="VTR:StopPointInJourneyPattern:216218264" version="6228349" order="3">
                  <ScheduledStopPointRef ref="VTR:ScheduledStopPoint:2972353"/>
                  <DestinationDisplayRef ref="VTR:DestinationDisplay:1"/>
                </StopPointInJourneyPattern>
                <StopPointInJourneyPattern id="VTR:StopPointInJourneyPattern:216218265" version="6228349" order="4">
                  <ScheduledStopPointRef ref="VTR:ScheduledStopPoint:2972354"/>
                  <DestinationDisplayRef ref="VTR:DestinationDisplay:1"/>
                </StopPointInJourneyPattern>
                <StopPointInJourneyPattern id="VTR:StopPointInJourneyPattern:216218266" version="6228349" order="5">
                  <ScheduledStopPointRef ref="VTR:ScheduledStopPoint:2972355"/>
                  <DestinationDisplayRef ref="VTR:DestinationDisplay:1"/>
                </StopPointInJourneyPattern>
                <StopPointInJourneyPattern id="VTR:StopPointInJourneyPattern:216218267" version="6228349" order="6">
                  <ScheduledStopPointRef ref="VTR:ScheduledStopPoint:2972356"/>
                  <DestinationDisplayRef ref="VTR:DestinationDisplay:1"/>
                </StopPointInJourneyPattern>
                <StopPointInJourneyPattern id="VTR:StopPointInJourneyPattern:216218268" version="6228349" order="7">
                  <ScheduledStopPointRef ref="VTR:ScheduledStopPoint:2972357"/>
                  <DestinationDisplayRef ref="VTR:DestinationDisplay:1"/>
                </StopPointInJourneyPattern>
                <StopPointInJourneyPattern id="VTR:StopPointInJourneyPattern:216218269" version="6228349" order="8">
                  <ScheduledStopPointRef ref="VTR:ScheduledStopPoint:2972358"/>
                  <DestinationDisplayRef ref="VTR:DestinationDisplay:1"/>
                </StopPointInJourneyPattern>
                <StopPointInJourneyPattern id="VTR:StopPointInJourneyPattern:216218270" version="6228349" order="9">
                  <ScheduledStopPointRef ref="VTR:ScheduledStopPoint:2972359"/>
                  <DestinationDisplayRef ref="VTR:DestinationDisplay:1"/>
                </StopPointInJourneyPattern>
                <StopPointInJourneyPattern id="VTR:StopPointInJourneyPattern:216218271" version="6228349" order="10">
                  <ScheduledStopPointRef ref="VTR:ScheduledStopPoint:2972360"/>
                  <DestinationDisplayRef ref="VTR:DestinationDisplay:1"/>
                </StopPointInJourneyPattern>
                <StopPointInJourneyPattern id="VTR:StopPointInJourneyPattern:216218272" version="6228349" order="11">
                  <ScheduledStopPointRef ref="VTR:ScheduledStopPoint:2972361"/>
                  <DestinationDisplayRef ref="VTR:DestinationDisplay:1"/>
                </StopPointInJourneyPattern>
                <StopPointInJourneyPattern id="VTR:StopPointInJourneyPattern:216218273" version="6228349" order="12">
                  <ScheduledStopPointRef ref="VTR:ScheduledStopPoint:2972362"/>
                  <DestinationDisplayRef ref="VTR:DestinationDisplay:1"/>
                </StopPointInJourneyPattern>
                <StopPointInJourneyPattern id="VTR:StopPointInJourneyPattern:216218274" version="6228349" order="13">
                  <ScheduledStopPointRef ref="VTR:ScheduledStopPoint:2972363"/>
                  <DestinationDisplayRef ref="VTR:DestinationDisplay:1"/>
                </StopPointInJourneyPattern>
                <StopPointInJourneyPattern id="VTR:StopPointInJourneyPattern:216218275" version="6228349" order="14">
                  <ScheduledStopPointRef ref="VTR:ScheduledStopPoint:2972364"/>
                  <DestinationDisplayRef ref="VTR:DestinationDisplay:1"/>
                </StopPointInJourneyPattern>
                <StopPointInJourneyPattern id="VTR:StopPointInJourneyPattern:216218276" version="6228349" order="15">
                  <ScheduledStopPointRef ref="VTR:ScheduledStopPoint:2972365"/>
                  <DestinationDisplayRef ref="VTR:DestinationDisplay:1"/>
                </StopPointInJourneyPattern>
                <StopPointInJourneyPattern id="VTR:StopPointInJourneyPattern:216218277" version="6228349" order="16">
                  <ScheduledStopPointRef ref="VTR:ScheduledStopPoint:2972366"/>
                  <DestinationDisplayRef ref="VTR:DestinationDisplay:1"/>
                </StopPointInJourneyPattern>
                <StopPointInJourneyPattern id="VTR:StopPointInJourneyPattern:216218278" version="6228349" order="17">
                  <ScheduledStopPointRef ref="VTR:ScheduledStopPoint:2972367"/>
                  <DestinationDisplayRef ref="VTR:DestinationDisplay:1"/>
                </StopPointInJourneyPattern>
                <StopPointInJourneyPattern id="VTR:StopPointInJourneyPattern:216218279" version="6228349" order="18">
                  <ScheduledStopPointRef ref="VTR:ScheduledStopPoint:2972368"/>
                  <DestinationDisplayRef ref="VTR:DestinationDisplay:1"/>
                </StopPointInJourneyPattern>
              </pointsInSequence>
            </JourneyPattern>
          </journeyPatterns>
        </ServiceFrame>
        <TimetableFrame version="1" id="VTR:TimetableFrame:1144">
          <vehicleJourneys>
            <ServiceJourney version="6228349" id="VTR:ServiceJourney:6224829">
              <Name>druskininkai_bus_4E_b-a2</Name>
              <dayTypes>
                <DayTypeRef ref="VTR:DayType:36464"/>
              </dayTypes>
              <JourneyPatternRef version="6228349" ref="VTR:JourneyPattern:6224829"/>
              <OperatorRef ref="VTR:Operator:81"/>
              <LineRef ref="VTR:Line:8862" version="11645"/>
              <passingTimes>
                <TimetabledPassingTime version="6228349" id="VTR:TimetabledPassingTime:6224829_216218262_1">
                  <StopPointInJourneyPatternRef ref="VTR:StopPointInJourneyPattern:216218262" version="6228349"/>
                  <DepartureTime>06:47:00</DepartureTime>
                  <DepartureDayOffset>0</DepartureDayOffset>
                </TimetabledPassingTime>
                <TimetabledPassingTime version="6228349" id="VTR:TimetabledPassingTime:6224829_216218263_2">
                  <StopPointInJourneyPatternRef ref="VTR:StopPointInJourneyPattern:216218263" version="6228349"/>
                  <DepartureTime>06:48:00</DepartureTime>
                  <DepartureDayOffset>0</DepartureDayOffset>
                </TimetabledPassingTime>
                <TimetabledPassingTime version="6228349" id="VTR:TimetabledPassingTime:6224829_216218264_3">
                  <StopPointInJourneyPatternRef ref="VTR:StopPointInJourneyPattern:216218264" version="6228349"/>
                  <DepartureTime>06:50:00</DepartureTime>
                  <DepartureDayOffset>0</DepartureDayOffset>
                </TimetabledPassingTime>
                <TimetabledPassingTime version="6228349" id="VTR:TimetabledPassingTime:6224829_216218265_4">
                  <StopPointInJourneyPatternRef ref="VTR:StopPointInJourneyPattern:216218265" version="6228349"/>
                  <DepartureTime>06:52:00</DepartureTime>
                  <DepartureDayOffset>0</DepartureDayOffset>
                </TimetabledPassingTime>
                <TimetabledPassingTime version="6228349" id="VTR:TimetabledPassingTime:6224829_216218266_5">
                  <StopPointInJourneyPatternRef ref="VTR:StopPointInJourneyPattern:216218266" version="6228349"/>
                  <DepartureTime>06:53:00</DepartureTime>
                  <DepartureDayOffset>0</DepartureDayOffset>
                </TimetabledPassingTime>
                <TimetabledPassingTime version="6228349" id="VTR:TimetabledPassingTime:6224829_216218267_6">
                  <StopPointInJourneyPatternRef ref="VTR:StopPointInJourneyPattern:216218267" version="6228349"/>
                  <DepartureTime>06:54:00</DepartureTime>
                  <DepartureDayOffset>0</DepartureDayOffset>
                </TimetabledPassingTime>
                <TimetabledPassingTime version="6228349" id="VTR:TimetabledPassingTime:6224829_216218268_7">
                  <StopPointInJourneyPatternRef ref="VTR:StopPointInJourneyPattern:216218268" version="6228349"/>
                  <DepartureTime>06:55:00</DepartureTime>
                  <DepartureDayOffset>0</DepartureDayOffset>
                </TimetabledPassingTime>
                <TimetabledPassingTime version="6228349" id="VTR:TimetabledPassingTime:6224829_216218269_8">
                  <StopPointInJourneyPatternRef ref="VTR:StopPointInJourneyPattern:216218269" version="6228349"/>
                  <DepartureTime>06:57:00</DepartureTime>
                  <DepartureDayOffset>0</DepartureDayOffset>
                </TimetabledPassingTime>
                <TimetabledPassingTime version="6228349" id="VTR:TimetabledPassingTime:6224829_216218270_9">
                  <StopPointInJourneyPatternRef ref="VTR:StopPointInJourneyPattern:216218270" version="6228349"/>
                  <DepartureTime>06:58:00</DepartureTime>
                  <DepartureDayOffset>0</DepartureDayOffset>
                </TimetabledPassingTime>
                <TimetabledPassingTime version="6228349" id="VTR:TimetabledPassingTime:6224829_216218271_10">
                  <StopPointInJourneyPatternRef ref="VTR:StopPointInJourneyPattern:216218271" version="6228349"/>
                  <DepartureTime>07:00:00</DepartureTime>
                  <DepartureDayOffset>0</DepartureDayOffset>
                </TimetabledPassingTime>
                <TimetabledPassingTime version="6228349" id="VTR:TimetabledPassingTime:6224829_216218272_11">
                  <StopPointInJourneyPatternRef ref="VTR:StopPointInJourneyPattern:216218272" version="6228349"/>
                  <DepartureTime>07:02:00</DepartureTime>
                  <DepartureDayOffset>0</DepartureDayOffset>
                </TimetabledPassingTime>
                <TimetabledPassingTime version="6228349" id="VTR:TimetabledPassingTime:6224829_216218273_12">
                  <StopPointInJourneyPatternRef ref="VTR:StopPointInJourneyPattern:216218273" version="6228349"/>
                  <DepartureTime>07:04:00</DepartureTime>
                  <DepartureDayOffset>0</DepartureDayOffset>
                </TimetabledPassingTime>
                <TimetabledPassingTime version="6228349" id="VTR:TimetabledPassingTime:6224829_216218274_13">
                  <StopPointInJourneyPatternRef ref="VTR:StopPointInJourneyPattern:216218274" version="6228349"/>
                  <DepartureTime>07:06:00</DepartureTime>
                  <DepartureDayOffset>0</DepartureDayOffset>
                </TimetabledPassingTime>
                <TimetabledPassingTime version="6228349" id="VTR:TimetabledPassingTime:6224829_216218275_14">
                  <StopPointInJourneyPatternRef ref="VTR:StopPointInJourneyPattern:216218275" version="6228349"/>
                  <DepartureTime>07:08:00</DepartureTime>
                  <DepartureDayOffset>0</DepartureDayOffset>
                </TimetabledPassingTime>
                <TimetabledPassingTime version="6228349" id="VTR:TimetabledPassingTime:6224829_216218276_15">
                  <StopPointInJourneyPatternRef ref="VTR:StopPointInJourneyPattern:216218276" version="6228349"/>
                  <DepartureTime>07:10:00</DepartureTime>
                  <DepartureDayOffset>0</DepartureDayOffset>
                </TimetabledPassingTime>
                <TimetabledPassingTime version="6228349" id="VTR:TimetabledPassingTime:6224829_216218277_16">
                  <StopPointInJourneyPatternRef ref="VTR:StopPointInJourneyPattern:216218277" version="6228349"/>
                  <DepartureTime>07:11:00</DepartureTime>
                  <DepartureDayOffset>0</DepartureDayOffset>
                </TimetabledPassingTime>
                <TimetabledPassingTime version="6228349" id="VTR:TimetabledPassingTime:6224829_216218278_17">
                  <StopPointInJourneyPatternRef ref="VTR:StopPointInJourneyPattern:216218278" version="6228349"/>
                  <DepartureTime>07:15:00</DepartureTime>
                  <DepartureDayOffset>0</DepartureDayOffset>
                </TimetabledPassingTime>
                <TimetabledPassingTime version="6228349" id="VTR:TimetabledPassingTime:6224829_216218279_18">
                  <StopPointInJourneyPatternRef ref="VTR:StopPointInJourneyPattern:216218279" version="6228349"/>
                  <DepartureTime>07:16:00</DepartureTime>
                  <DepartureDayOffset>0</DepartureDayOffset>
                </TimetabledPassingTime>
              </passingTimes>
            </ServiceJourney>
            <ServiceJourney version="6228352" id="VTR:ServiceJourney:6224832">
              <Name>druskininkai_bus_4E_a2-b</Name>
              <dayTypes>
                <DayTypeRef ref="VTR:DayType:36464"/>
              </dayTypes>
              <JourneyPatternRef version="6228352" ref="VTR:JourneyPattern:6224832"/>
              <OperatorRef ref="VTR:Operator:81"/>
              <LineRef ref="VTR:Line:8862" version="11645"/>
              <passingTimes>
                <TimetabledPassingTime version="6228352" id="VTR:TimetabledPassingTime:6224832_216218244_1">
                  <StopPointInJourneyPatternRef ref="VTR:StopPointInJourneyPattern:216218244" version="6228352"/>
                  <DepartureTime>15:22:00</DepartureTime>
                  <DepartureDayOffset>0</DepartureDayOffset>
                </TimetabledPassingTime>
                <TimetabledPassingTime version="6228352" id="VTR:TimetabledPassingTime:6224832_216218245_2">
                  <StopPointInJourneyPatternRef ref="VTR:StopPointInJourneyPattern:216218245" version="6228352"/>
                  <DepartureTime>15:23:00</DepartureTime>
                  <DepartureDayOffset>0</DepartureDayOffset>
                </TimetabledPassingTime>
                <TimetabledPassingTime version="6228352" id="VTR:TimetabledPassingTime:6224832_216218246_3">
                  <StopPointInJourneyPatternRef ref="VTR:StopPointInJourneyPattern:216218246" version="6228352"/>
                  <DepartureTime>15:26:00</DepartureTime>
                  <DepartureDayOffset>0</DepartureDayOffset>
                </TimetabledPassingTime>
                <TimetabledPassingTime version="6228352" id="VTR:TimetabledPassingTime:6224832_216218247_4">
                  <StopPointInJourneyPatternRef ref="VTR:StopPointInJourneyPattern:216218247" version="6228352"/>
                  <DepartureTime>15:27:00</DepartureTime>
                  <DepartureDayOffset>0</DepartureDayOffset>
                </TimetabledPassingTime>
                <TimetabledPassingTime version="6228352" id="VTR:TimetabledPassingTime:6224832_216218248_5">
                  <StopPointInJourneyPatternRef ref="VTR:StopPointInJourneyPattern:216218248" version="6228352"/>
                  <DepartureTime>15:29:00</DepartureTime>
                  <DepartureDayOffset>0</DepartureDayOffset>
                </TimetabledPassingTime>
                <TimetabledPassingTime version="6228352" id="VTR:TimetabledPassingTime:6224832_216218249_6">
                  <StopPointInJourneyPatternRef ref="VTR:StopPointInJourneyPattern:216218249" version="6228352"/>
                  <DepartureTime>15:31:00</DepartureTime>
                  <DepartureDayOffset>0</DepartureDayOffset>
                </TimetabledPassingTime>
                <TimetabledPassingTime version="6228352" id="VTR:TimetabledPassingTime:6224832_216218250_7">
                  <StopPointInJourneyPatternRef ref="VTR:StopPointInJourneyPattern:216218250" version="6228352"/>
                  <DepartureTime>15:32:00</DepartureTime>
                  <DepartureDayOffset>0</DepartureDayOffset>
                </TimetabledPassingTime>
                <TimetabledPassingTime version="6228352" id="VTR:TimetabledPassingTime:6224832_216218251_8">
                  <StopPointInJourneyPatternRef ref="VTR:StopPointInJourneyPattern:216218251" version="6228352"/>
                  <DepartureTime>15:34:00</DepartureTime>
                  <DepartureDayOffset>0</DepartureDayOffset>
                </TimetabledPassingTime>
                <TimetabledPassingTime version="6228352" id="VTR:TimetabledPassingTime:6224832_216218252_9">
                  <StopPointInJourneyPatternRef ref="VTR:StopPointInJourneyPattern:216218252" version="6228352"/>
                  <DepartureTime>15:36:00</DepartureTime>
                  <DepartureDayOffset>0</DepartureDayOffset>
                </TimetabledPassingTime>
                <TimetabledPassingTime version="6228352" id="VTR:TimetabledPassingTime:6224832_216218253_10">
                  <StopPointInJourneyPatternRef ref="VTR:StopPointInJourneyPattern:216218253" version="6228352"/>
                  <DepartureTime>15:38:00</DepartureTime>
                  <DepartureDayOffset>0</DepartureDayOffset>
                </TimetabledPassingTime>
                <TimetabledPassingTime version="6228352" id="VTR:TimetabledPassingTime:6224832_216218254_11">
                  <StopPointInJourneyPatternRef ref="VTR:StopPointInJourneyPattern:216218254" version="6228352"/>
                  <DepartureTime>15:40:00</DepartureTime>
                  <DepartureDayOffset>0</DepartureDayOffset>
                </TimetabledPassingTime>
                <TimetabledPassingTime version="6228352" id="VTR:TimetabledPassingTime:6224832_216218255_12">
                  <StopPointInJourneyPatternRef ref="VTR:StopPointInJourneyPattern:216218255" version="6228352"/>
                  <DepartureTime>15:42:00</DepartureTime>
                  <DepartureDayOffset>0</DepartureDayOffset>
                </TimetabledPassingTime>
                <TimetabledPassingTime version="6228352" id="VTR:TimetabledPassingTime:6224832_216218256_13">
                  <StopPointInJourneyPatternRef ref="VTR:StopPointInJourneyPattern:216218256" version="6228352"/>
                  <DepartureTime>15:44:00</DepartureTime>
                  <DepartureDayOffset>0</DepartureDayOffset>
                </TimetabledPassingTime>
                <TimetabledPassingTime version="6228352" id="VTR:TimetabledPassingTime:6224832_216218257_14">
                  <StopPointInJourneyPatternRef ref="VTR:StopPointInJourneyPattern:216218257" version="6228352"/>
                  <DepartureTime>15:46:00</DepartureTime>
                  <DepartureDayOffset>0</DepartureDayOffset>
                </TimetabledPassingTime>
                <TimetabledPassingTime version="6228352" id="VTR:TimetabledPassingTime:6224832_216218258_15">
                  <StopPointInJourneyPatternRef ref="VTR:StopPointInJourneyPattern:216218258" version="6228352"/>
                  <DepartureTime>15:48:00</DepartureTime>
                  <DepartureDayOffset>0</DepartureDayOffset>
                </TimetabledPassingTime>
                <TimetabledPassingTime version="6228352" id="VTR:TimetabledPassingTime:6224832_216218259_16">
                  <StopPointInJourneyPatternRef ref="VTR:StopPointInJourneyPattern:216218259" version="6228352"/>
                  <DepartureTime>15:50:00</DepartureTime>
                  <DepartureDayOffset>0</DepartureDayOffset>
                </TimetabledPassingTime>
                <TimetabledPassingTime version="6228352" id="VTR:TimetabledPassingTime:6224832_216218260_17">
                  <StopPointInJourneyPatternRef ref="VTR:StopPointInJourneyPattern:216218260" version="6228352"/>
                  <DepartureTime>15:52:00</DepartureTime>
                  <DepartureDayOffset>0</DepartureDayOffset>
                </TimetabledPassingTime>
                <TimetabledPassingTime version="6228352" id="VTR:TimetabledPassingTime:6224832_216218261_18">
                  <StopPointInJourneyPatternRef ref="VTR:StopPointInJourneyPattern:216218261" version="6228352"/>
                  <DepartureTime>15:54:00</DepartureTime>
                  <DepartureDayOffset>0</DepartureDayOffset>
                </TimetabledPassingTime>
              </passingTimes>
            </ServiceJourney>
          </vehicleJourneys>
        </TimetableFrame>
        <ResourceFrame version="1" id="VTR:ResourceFrame:1144">
          <organisations>
            <Authority version="1" id="VTR:Authority:60">
              <CompanyNumber>15</CompanyNumber>
              <Name>Druskininkų sav.</Name>
              <LegalName>Druskininkų sav.</LegalName>
              <ContactDetails>
                <Email>info@druskininkai.lt</Email>
                <Phone>831355355</Phone>
                <Url>www.druskininkai.lt</Url>
              </ContactDetails>
              <OrganisationType>authority</OrganisationType>
            </Authority>
          </organisations>
        </ResourceFrame>
        <FareFrame id="VTR:FareFrame:8862" version="1">
          <FrameDefaults>
            <DefaultCurrency>EUR</DefaultCurrency>
          </FrameDefaults>
          <usageParameters>
            <RoundTrip id="VTR:RoundTrip:single" version="1">
              <Name>Single</Name>
              <TripType>single</TripType>
            </RoundTrip>
            <FrequencyOfUse id="VTR:FrequencyOfUse:once" version="1">
              <Name>Once</Name>
              <MaximalFrequency>1</MaximalFrequency>
            </FrequencyOfUse>
          </usageParameters>
          <priceGroups>
            <PriceGroup id="VTR:PriceGroup:PG01" version="1">
              <Name>Flat Fare Products - Standard</Name>
              <members>
                <FareProductPrice id="VTR:FareProductPrice:standard" version="1">
                  <Name>Single fare</Name>
                  <Amount>0.6</Amount>
                  <Currency>EUR</Currency>
                </FareProductPrice>
              </members>
            </PriceGroup>
          </priceGroups>
        </FareFrame>
      </frames>
    </CompositeFrame>
  </dataObjects>
</PublicationDelivery>
