<?xml version="1.0" encoding="UTF-8"?><PublicationDelivery xmlns="http://www.netex.org.uk/netex" xmlns:gis="http://www.opengis.net/gml/3.2" xmlns:ns2="http://www.opengis.net/gml/3.2" xmlns:ns3="http://www.siri.org.uk/siri" xmlns:xsi="http://www.w3.org/2001/XMLSchema-instance" version="1" xsi:schemaLocation="">
  <PublicationTimestamp>2022-05-07T01:45:00.309</PublicationTimestamp>
  <ParticipantRef>VTR</ParticipantRef>
  <Description>1</Description>
  <dataObjects>
    <CompositeFrame created="2022-05-07T01:45:00.309" version="1" id="VTR:CompositeFrame:1362">
      <validityConditions>
        <AvailabilityCondition version="1" id="VTR:AvailabilityCondition:1362">
          <FromDate>2015-08-12T14:24:15</FromDate>
          <ToDate>2027-12-30T00:00:00</ToDate>
        </AvailabilityCondition>
      </validityConditions>
      <codespaces>
        <Codespace id="vtr">
          <Xmlns>VTR</Xmlns>
          <XmlnsUrl>http://www.visimarsrutai.lt/</XmlnsUrl>
        </Codespace>
      </codespaces>
      <FrameDefaults>
        <DefaultLocale>
          <TimeZone>Europe/Vilnius</TimeZone>
        </DefaultLocale>
        <DefaultLocationSystem>WGS84</DefaultLocationSystem>
      </FrameDefaults>
      <frames>
        <ServiceCalendarFrame version="1" id="VTR:ServiceCalendarFrame:1362">
          <dayTypes>
            <DayType id="VTR:DayType:1234" version="1">
              <properties>
                <PropertyOfDay>
                  <DaysOfWeek>Monday Tuesday Wednesday Thursday</DaysOfWeek>
                </PropertyOfDay>
              </properties>
            </DayType>
            <DayType id="VTR:DayType:1327" version="1">
              <properties>
                <PropertyOfDay>
                  <DaysOfWeek>Monday Tuesday Thursday</DaysOfWeek>
                </PropertyOfDay>
              </properties>
            </DayType>
          </dayTypes>
          <operatingPeriods>
            <OperatingPeriod version="1" id="VTR:OperatingPeriod:1234">
              <FromDate>2018-09-01T00:00:00</FromDate>
              <ToDate>2020-06-30T00:00:00</ToDate>
            </OperatingPeriod>
            <OperatingPeriod version="1" id="VTR:OperatingPeriod:1327">
              <FromDate>2018-09-01T00:00:00</FromDate>
              <ToDate>2020-06-30T00:00:00</ToDate>
            </OperatingPeriod>
          </operatingPeriods>
          <dayTypeAssignments>
            <DayTypeAssignment id="VTR:DayTypeAssignment:1234_0" version="1" order="1200">
              <OperatingPeriodRef ref="VTR:OperatingPeriod:1234" version="1"/>
              <DayTypeRef ref="VTR:DayType:1234" version="1"/>
            </DayTypeAssignment>
            <DayTypeAssignment id="VTR:DayTypeAssignment:1327_0" version="1" order="1303">
              <OperatingPeriodRef ref="VTR:OperatingPeriod:1327" version="1"/>
              <DayTypeRef ref="VTR:DayType:1327" version="1"/>
            </DayTypeAssignment>
          </dayTypeAssignments>
        </ServiceCalendarFrame>
        <ServiceFrame id="VTR:ServiceFrame:1362" version="1">
          <Network version="0" id="VTR:Network:25"/>
          <routePoints>
            <RoutePoint version="1" id="VTR:RoutePoint:1573949">
              <projections>
                <PointProjection version="1" id="VTR:PointProjection:70031">
                  <ProjectedPointRef ref="VTR:ScheduledStopPoint:1573949" version="1"/>
                </PointProjection>
              </projections>
            </RoutePoint>
            <RoutePoint version="1" id="VTR:RoutePoint:1573950">
              <projections>
                <PointProjection version="1" id="VTR:PointProjection:70032">
                  <ProjectedPointRef ref="VTR:ScheduledStopPoint:1573950" version="1"/>
                </PointProjection>
              </projections>
            </RoutePoint>
            <RoutePoint version="1" id="VTR:RoutePoint:1573951">
              <projections>
                <PointProjection version="1" id="VTR:PointProjection:70033">
                  <ProjectedPointRef ref="VTR:ScheduledStopPoint:1573951" version="1"/>
                </PointProjection>
              </projections>
            </RoutePoint>
            <RoutePoint version="1" id="VTR:RoutePoint:1573952">
              <projections>
                <PointProjection version="1" id="VTR:PointProjection:70034">
                  <ProjectedPointRef ref="VTR:ScheduledStopPoint:1573952" version="1"/>
                </PointProjection>
              </projections>
            </RoutePoint>
            <RoutePoint version="1" id="VTR:RoutePoint:1573953">
              <projections>
                <PointProjection version="1" id="VTR:PointProjection:70035">
                  <ProjectedPointRef ref="VTR:ScheduledStopPoint:1573953" version="1"/>
                </PointProjection>
              </projections>
            </RoutePoint>
            <RoutePoint version="1" id="VTR:RoutePoint:1573954">
              <projections>
                <PointProjection version="1" id="VTR:PointProjection:70036">
                  <ProjectedPointRef ref="VTR:ScheduledStopPoint:1573954" version="1"/>
                </PointProjection>
              </projections>
            </RoutePoint>
            <RoutePoint version="1" id="VTR:RoutePoint:1573955">
              <projections>
                <PointProjection version="1" id="VTR:PointProjection:70037">
                  <ProjectedPointRef ref="VTR:ScheduledStopPoint:1573955" version="1"/>
                </PointProjection>
              </projections>
            </RoutePoint>
            <RoutePoint version="1" id="VTR:RoutePoint:1573956">
              <projections>
                <PointProjection version="1" id="VTR:PointProjection:70038">
                  <ProjectedPointRef ref="VTR:ScheduledStopPoint:1573956" version="1"/>
                </PointProjection>
              </projections>
            </RoutePoint>
            <RoutePoint version="1" id="VTR:RoutePoint:1573957">
              <projections>
                <PointProjection version="1" id="VTR:PointProjection:70039">
                  <ProjectedPointRef ref="VTR:ScheduledStopPoint:1573957" version="1"/>
                </PointProjection>
              </projections>
            </RoutePoint>
            <RoutePoint version="1" id="VTR:RoutePoint:1573958">
              <projections>
                <PointProjection version="1" id="VTR:PointProjection:70040">
                  <ProjectedPointRef ref="VTR:ScheduledStopPoint:1573958" version="1"/>
                </PointProjection>
              </projections>
            </RoutePoint>
            <RoutePoint version="1" id="VTR:RoutePoint:1573959">
              <projections>
                <PointProjection version="1" id="VTR:PointProjection:70041">
                  <ProjectedPointRef ref="VTR:ScheduledStopPoint:1573959" version="1"/>
                </PointProjection>
              </projections>
            </RoutePoint>
            <RoutePoint version="1" id="VTR:RoutePoint:1573960">
              <projections>
                <PointProjection version="1" id="VTR:PointProjection:70042">
                  <ProjectedPointRef ref="VTR:ScheduledStopPoint:1573960" version="1"/>
                </PointProjection>
              </projections>
            </RoutePoint>
            <RoutePoint version="1" id="VTR:RoutePoint:1573961">
              <projections>
                <PointProjection version="1" id="VTR:PointProjection:70114">
                  <ProjectedPointRef ref="VTR:ScheduledStopPoint:1573961" version="1"/>
                </PointProjection>
              </projections>
            </RoutePoint>
            <RoutePoint version="1" id="VTR:RoutePoint:1573962">
              <projections>
                <PointProjection version="1" id="VTR:PointProjection:70570">
                  <ProjectedPointRef ref="VTR:ScheduledStopPoint:1573962" version="1"/>
                </PointProjection>
              </projections>
            </RoutePoint>
            <RoutePoint version="1" id="VTR:RoutePoint:1573963">
              <projections>
                <PointProjection version="1" id="VTR:PointProjection:70571">
                  <ProjectedPointRef ref="VTR:ScheduledStopPoint:1573963" version="1"/>
                </PointProjection>
              </projections>
            </RoutePoint>
            <RoutePoint version="1" id="VTR:RoutePoint:1573964">
              <projections>
                <PointProjection version="1" id="VTR:PointProjection:70572">
                  <ProjectedPointRef ref="VTR:ScheduledStopPoint:1573964" version="1"/>
                </PointProjection>
              </projections>
            </RoutePoint>
            <RoutePoint version="1" id="VTR:RoutePoint:1573965">
              <projections>
                <PointProjection version="1" id="VTR:PointProjection:70573">
                  <ProjectedPointRef ref="VTR:ScheduledStopPoint:1573965" version="1"/>
                </PointProjection>
              </projections>
            </RoutePoint>
            <RoutePoint version="1" id="VTR:RoutePoint:1573966">
              <projections>
                <PointProjection version="1" id="VTR:PointProjection:70574">
                  <ProjectedPointRef ref="VTR:ScheduledStopPoint:1573966" version="1"/>
                </PointProjection>
              </projections>
            </RoutePoint>
            <RoutePoint version="1" id="VTR:RoutePoint:1573967">
              <projections>
                <PointProjection version="1" id="VTR:PointProjection:70575">
                  <ProjectedPointRef ref="VTR:ScheduledStopPoint:1573967" version="1"/>
                </PointProjection>
              </projections>
            </RoutePoint>
            <RoutePoint version="1" id="VTR:RoutePoint:1573968">
              <projections>
                <PointProjection version="1" id="VTR:PointProjection:70576">
                  <ProjectedPointRef ref="VTR:ScheduledStopPoint:1573968" version="1"/>
                </PointProjection>
              </projections>
            </RoutePoint>
            <RoutePoint version="1" id="VTR:RoutePoint:1573969">
              <projections>
                <PointProjection version="1" id="VTR:PointProjection:70577">
                  <ProjectedPointRef ref="VTR:ScheduledStopPoint:1573969" version="1"/>
                </PointProjection>
              </projections>
            </RoutePoint>
            <RoutePoint version="1" id="VTR:RoutePoint:1573970">
              <projections>
                <PointProjection version="1" id="VTR:PointProjection:70578">
                  <ProjectedPointRef ref="VTR:ScheduledStopPoint:1573970" version="1"/>
                </PointProjection>
              </projections>
            </RoutePoint>
            <RoutePoint version="1" id="VTR:RoutePoint:1573971">
              <projections>
                <PointProjection version="1" id="VTR:PointProjection:70579">
                  <ProjectedPointRef ref="VTR:ScheduledStopPoint:1573971" version="1"/>
                </PointProjection>
              </projections>
            </RoutePoint>
            <RoutePoint version="1" id="VTR:RoutePoint:1573972">
              <projections>
                <PointProjection version="1" id="VTR:PointProjection:70580">
                  <ProjectedPointRef ref="VTR:ScheduledStopPoint:1573972" version="1"/>
                </PointProjection>
              </projections>
            </RoutePoint>
          </routePoints>
          <routes>
            <Route version="1" id="VTR:Route:18837">
              <Name>Pasvalys-Gulbinėnai</Name>
              <ShortName>Pasvalys-Gulbinėnai</ShortName>
              <LineRef ref="VTR:Line:1849" version="8526"/>
              <DirectionType>outbound</DirectionType>
              <pointsInSequence>
                <PointOnRoute version="1" id="VTR:PointOnRoute:1573968" order="1">
                  <RoutePointRef ref="VTR:RoutePoint:1573968"/>
                </PointOnRoute>
                <PointOnRoute version="1" id="VTR:PointOnRoute:1573969" order="2">
                  <RoutePointRef ref="VTR:RoutePoint:1573969"/>
                </PointOnRoute>
                <PointOnRoute version="1" id="VTR:PointOnRoute:1573970" order="3">
                  <RoutePointRef ref="VTR:RoutePoint:1573970"/>
                </PointOnRoute>
                <PointOnRoute version="1" id="VTR:PointOnRoute:1573971" order="4">
                  <RoutePointRef ref="VTR:RoutePoint:1573971"/>
                </PointOnRoute>
                <PointOnRoute version="1" id="VTR:PointOnRoute:1573972" order="5">
                  <RoutePointRef ref="VTR:RoutePoint:1573972"/>
                </PointOnRoute>
                <PointOnRoute version="1" id="VTR:PointOnRoute:1573962" order="6">
                  <RoutePointRef ref="VTR:RoutePoint:1573962"/>
                </PointOnRoute>
                <PointOnRoute version="1" id="VTR:PointOnRoute:1573963" order="7">
                  <RoutePointRef ref="VTR:RoutePoint:1573963"/>
                </PointOnRoute>
                <PointOnRoute version="1" id="VTR:PointOnRoute:1573964" order="8">
                  <RoutePointRef ref="VTR:RoutePoint:1573964"/>
                </PointOnRoute>
                <PointOnRoute version="1" id="VTR:PointOnRoute:1573965" order="9">
                  <RoutePointRef ref="VTR:RoutePoint:1573965"/>
                </PointOnRoute>
                <PointOnRoute version="1" id="VTR:PointOnRoute:1573967" order="10">
                  <RoutePointRef ref="VTR:RoutePoint:1573967"/>
                </PointOnRoute>
                <PointOnRoute version="1" id="VTR:PointOnRoute:1573961" order="11">
                  <RoutePointRef ref="VTR:RoutePoint:1573961"/>
                </PointOnRoute>
                <PointOnRoute version="1" id="VTR:PointOnRoute:1573966" order="12">
                  <RoutePointRef ref="VTR:RoutePoint:1573966"/>
                </PointOnRoute>
              </pointsInSequence>
            </Route>
            <Route version="1" id="VTR:Route:18836">
              <Name>Gulbinėnai-Pasvalys</Name>
              <ShortName>Gulbinėnai-Pasvalys</ShortName>
              <LineRef ref="VTR:Line:1849" version="8526"/>
              <DirectionType>inbound</DirectionType>
              <pointsInSequence>
                <PointOnRoute version="1" id="VTR:PointOnRoute:1573954" order="1">
                  <RoutePointRef ref="VTR:RoutePoint:1573954"/>
                </PointOnRoute>
                <PointOnRoute version="1" id="VTR:PointOnRoute:1573955" order="2">
                  <RoutePointRef ref="VTR:RoutePoint:1573955"/>
                </PointOnRoute>
                <PointOnRoute version="1" id="VTR:PointOnRoute:1573956" order="3">
                  <RoutePointRef ref="VTR:RoutePoint:1573956"/>
                </PointOnRoute>
                <PointOnRoute version="1" id="VTR:PointOnRoute:1573957" order="4">
                  <RoutePointRef ref="VTR:RoutePoint:1573957"/>
                </PointOnRoute>
                <PointOnRoute version="1" id="VTR:PointOnRoute:1573953" order="5">
                  <RoutePointRef ref="VTR:RoutePoint:1573953"/>
                </PointOnRoute>
                <PointOnRoute version="1" id="VTR:PointOnRoute:1573958" order="6">
                  <RoutePointRef ref="VTR:RoutePoint:1573958"/>
                </PointOnRoute>
                <PointOnRoute version="1" id="VTR:PointOnRoute:1573959" order="7">
                  <RoutePointRef ref="VTR:RoutePoint:1573959"/>
                </PointOnRoute>
                <PointOnRoute version="1" id="VTR:PointOnRoute:1573960" order="8">
                  <RoutePointRef ref="VTR:RoutePoint:1573960"/>
                </PointOnRoute>
                <PointOnRoute version="1" id="VTR:PointOnRoute:1573952" order="9">
                  <RoutePointRef ref="VTR:RoutePoint:1573952"/>
                </PointOnRoute>
                <PointOnRoute version="1" id="VTR:PointOnRoute:1573951" order="10">
                  <RoutePointRef ref="VTR:RoutePoint:1573951"/>
                </PointOnRoute>
                <PointOnRoute version="1" id="VTR:PointOnRoute:1573950" order="11">
                  <RoutePointRef ref="VTR:RoutePoint:1573950"/>
                </PointOnRoute>
                <PointOnRoute version="1" id="VTR:PointOnRoute:1573949" order="12">
                  <RoutePointRef ref="VTR:RoutePoint:1573949"/>
                </PointOnRoute>
              </pointsInSequence>
            </Route>
          </routes>
          <lines>
            <Line version="8526" id="VTR:Line:1849">
              <Name>Pasvalys-Gulbinėnai</Name>
              <TransportMode>bus</TransportMode>
              <TransportSubmode>
                <BusSubmode>regionalBus</BusSubmode>
              </TransportSubmode>
              <PublicCode>59</PublicCode>
              <OperatorRef ref="VTR:Operator:25"/>
            </Line>
          </lines>
          <scheduledStopPoints>
            <ScheduledStopPoint version="1" id="VTR:ScheduledStopPoint:1573949">
              <Name>Pasvalio autobusų stotis</Name>
            </ScheduledStopPoint>
            <ScheduledStopPoint version="1" id="VTR:ScheduledStopPoint:1573950">
              <Name>Vaikų d.</Name>
            </ScheduledStopPoint>
            <ScheduledStopPoint version="1" id="VTR:ScheduledStopPoint:1573951">
              <Name>VMĮ</Name>
            </ScheduledStopPoint>
            <ScheduledStopPoint version="1" id="VTR:ScheduledStopPoint:1573952">
              <Name>Kiemelių kr.</Name>
            </ScheduledStopPoint>
            <ScheduledStopPoint version="1" id="VTR:ScheduledStopPoint:1573953">
              <Name>Krinčinas</Name>
            </ScheduledStopPoint>
            <ScheduledStopPoint version="1" id="VTR:ScheduledStopPoint:1573954">
              <Name>Gulbinėnai</Name>
            </ScheduledStopPoint>
            <ScheduledStopPoint version="1" id="VTR:ScheduledStopPoint:1573955">
              <Name>Jutiškiai</Name>
            </ScheduledStopPoint>
            <ScheduledStopPoint version="1" id="VTR:ScheduledStopPoint:1573956">
              <Name>Berklainėliai</Name>
            </ScheduledStopPoint>
            <ScheduledStopPoint version="1" id="VTR:ScheduledStopPoint:1573957">
              <Name>Berklainiai</Name>
            </ScheduledStopPoint>
            <ScheduledStopPoint version="1" id="VTR:ScheduledStopPoint:1573958">
              <Name>Vidubala</Name>
            </ScheduledStopPoint>
            <ScheduledStopPoint version="1" id="VTR:ScheduledStopPoint:1573959">
              <Name>Papyvesiai</Name>
            </ScheduledStopPoint>
            <ScheduledStopPoint version="1" id="VTR:ScheduledStopPoint:1573960">
              <Name>Kiemeliai</Name>
            </ScheduledStopPoint>
            <ScheduledStopPoint version="1" id="VTR:ScheduledStopPoint:1573961">
              <Name>Jutiškiai</Name>
            </ScheduledStopPoint>
            <ScheduledStopPoint version="1" id="VTR:ScheduledStopPoint:1573962">
              <Name>Papyvesiai</Name>
            </ScheduledStopPoint>
            <ScheduledStopPoint version="1" id="VTR:ScheduledStopPoint:1573963">
              <Name>Vidubala</Name>
            </ScheduledStopPoint>
            <ScheduledStopPoint version="1" id="VTR:ScheduledStopPoint:1573964">
              <Name>Krinčinas</Name>
            </ScheduledStopPoint>
            <ScheduledStopPoint version="1" id="VTR:ScheduledStopPoint:1573965">
              <Name>Berklainiai</Name>
            </ScheduledStopPoint>
            <ScheduledStopPoint version="1" id="VTR:ScheduledStopPoint:1573966">
              <Name>Gulbinėnai</Name>
            </ScheduledStopPoint>
            <ScheduledStopPoint version="1" id="VTR:ScheduledStopPoint:1573967">
              <Name>Berklainėliai</Name>
            </ScheduledStopPoint>
            <ScheduledStopPoint version="1" id="VTR:ScheduledStopPoint:1573968">
              <Name>Pasvalio autobusų stotis</Name>
            </ScheduledStopPoint>
            <ScheduledStopPoint version="1" id="VTR:ScheduledStopPoint:1573969">
              <Name>Vaikų d.</Name>
            </ScheduledStopPoint>
            <ScheduledStopPoint version="1" id="VTR:ScheduledStopPoint:1573970">
              <Name>VMĮ</Name>
            </ScheduledStopPoint>
            <ScheduledStopPoint version="1" id="VTR:ScheduledStopPoint:1573971">
              <Name>Kiemelių kr.</Name>
            </ScheduledStopPoint>
            <ScheduledStopPoint version="1" id="VTR:ScheduledStopPoint:1573972">
              <Name>Kiemeliai</Name>
            </ScheduledStopPoint>
          </scheduledStopPoints>
          <serviceLinks>
            <ServiceLink id="VTR:ServiceLink:1573968_1_1573969_1" version="1">
              <Distance>0</Distance>
              <FromPointRef ref="VTR:ScheduledStopPoint:1573968" version="1"/>
              <ToPointRef ref="VTR:ScheduledStopPoint:1573969" version="1"/>
            </ServiceLink>
            <ServiceLink id="VTR:ServiceLink:1573959_1_1573960_1" version="1">
              <Distance>1</Distance>
              <FromPointRef ref="VTR:ScheduledStopPoint:1573959" version="1"/>
              <ToPointRef ref="VTR:ScheduledStopPoint:1573960" version="1"/>
            </ServiceLink>
            <ServiceLink id="VTR:ServiceLink:1573967_1_1573961_1" version="1">
              <Distance>1</Distance>
              <FromPointRef ref="VTR:ScheduledStopPoint:1573967" version="1"/>
              <ToPointRef ref="VTR:ScheduledStopPoint:1573961" version="1"/>
            </ServiceLink>
            <ServiceLink id="VTR:ServiceLink:1573965_1_1573967_1" version="1">
              <Distance>1</Distance>
              <FromPointRef ref="VTR:ScheduledStopPoint:1573965" version="1"/>
              <ToPointRef ref="VTR:ScheduledStopPoint:1573967" version="1"/>
            </ServiceLink>
            <ServiceLink id="VTR:ServiceLink:1573971_1_1573972_1" version="1">
              <Distance>0</Distance>
              <FromPointRef ref="VTR:ScheduledStopPoint:1573971" version="1"/>
              <ToPointRef ref="VTR:ScheduledStopPoint:1573972" version="1"/>
            </ServiceLink>
            <ServiceLink id="VTR:ServiceLink:1573961_1_1573966_1" version="1">
              <Distance>2</Distance>
              <FromPointRef ref="VTR:ScheduledStopPoint:1573961" version="1"/>
              <ToPointRef ref="VTR:ScheduledStopPoint:1573966" version="1"/>
            </ServiceLink>
            <ServiceLink id="VTR:ServiceLink:1573958_1_1573959_1" version="1">
              <Distance>2</Distance>
              <FromPointRef ref="VTR:ScheduledStopPoint:1573958" version="1"/>
              <ToPointRef ref="VTR:ScheduledStopPoint:1573959" version="1"/>
            </ServiceLink>
            <ServiceLink id="VTR:ServiceLink:1573951_1_1573950_1" version="1">
              <Distance>0</Distance>
              <FromPointRef ref="VTR:ScheduledStopPoint:1573951" version="1"/>
              <ToPointRef ref="VTR:ScheduledStopPoint:1573950" version="1"/>
            </ServiceLink>
            <ServiceLink id="VTR:ServiceLink:1573964_1_1573965_1" version="1">
              <Distance>3</Distance>
              <FromPointRef ref="VTR:ScheduledStopPoint:1573964" version="1"/>
              <ToPointRef ref="VTR:ScheduledStopPoint:1573965" version="1"/>
            </ServiceLink>
            <ServiceLink id="VTR:ServiceLink:1573962_1_1573963_1" version="1">
              <Distance>3</Distance>
              <FromPointRef ref="VTR:ScheduledStopPoint:1573962" version="1"/>
              <ToPointRef ref="VTR:ScheduledStopPoint:1573963" version="1"/>
            </ServiceLink>
            <ServiceLink id="VTR:ServiceLink:1573972_1_1573962_1" version="1">
              <Distance>2</Distance>
              <FromPointRef ref="VTR:ScheduledStopPoint:1573972" version="1"/>
              <ToPointRef ref="VTR:ScheduledStopPoint:1573962" version="1"/>
            </ServiceLink>
            <ServiceLink id="VTR:ServiceLink:1573960_1_1573952_1" version="1">
              <Distance>0</Distance>
              <FromPointRef ref="VTR:ScheduledStopPoint:1573960" version="1"/>
              <ToPointRef ref="VTR:ScheduledStopPoint:1573952" version="1"/>
            </ServiceLink>
            <ServiceLink id="VTR:ServiceLink:1573952_1_1573951_1" version="1">
              <Distance>1</Distance>
              <FromPointRef ref="VTR:ScheduledStopPoint:1573952" version="1"/>
              <ToPointRef ref="VTR:ScheduledStopPoint:1573951" version="1"/>
            </ServiceLink>
            <ServiceLink id="VTR:ServiceLink:1573963_1_1573964_1" version="1">
              <Distance>2</Distance>
              <FromPointRef ref="VTR:ScheduledStopPoint:1573963" version="1"/>
              <ToPointRef ref="VTR:ScheduledStopPoint:1573964" version="1"/>
            </ServiceLink>
            <ServiceLink id="VTR:ServiceLink:1573970_1_1573971_1" version="1">
              <Distance>1</Distance>
              <FromPointRef ref="VTR:ScheduledStopPoint:1573970" version="1"/>
              <ToPointRef ref="VTR:ScheduledStopPoint:1573971" version="1"/>
            </ServiceLink>
            <ServiceLink id="VTR:ServiceLink:1573950_1_1573949_1" version="1">
              <Distance>0</Distance>
              <FromPointRef ref="VTR:ScheduledStopPoint:1573950" version="1"/>
              <ToPointRef ref="VTR:ScheduledStopPoint:1573949" version="1"/>
            </ServiceLink>
            <ServiceLink id="VTR:ServiceLink:1573954_1_1573955_1" version="1">
              <Distance>2</Distance>
              <FromPointRef ref="VTR:ScheduledStopPoint:1573954" version="1"/>
              <ToPointRef ref="VTR:ScheduledStopPoint:1573955" version="1"/>
            </ServiceLink>
            <ServiceLink id="VTR:ServiceLink:1573956_1_1573957_1" version="1">
              <Distance>1</Distance>
              <FromPointRef ref="VTR:ScheduledStopPoint:1573956" version="1"/>
              <ToPointRef ref="VTR:ScheduledStopPoint:1573957" version="1"/>
            </ServiceLink>
            <ServiceLink id="VTR:ServiceLink:1573969_1_1573970_1" version="1">
              <Distance>0</Distance>
              <FromPointRef ref="VTR:ScheduledStopPoint:1573969" version="1"/>
              <ToPointRef ref="VTR:ScheduledStopPoint:1573970" version="1"/>
            </ServiceLink>
            <ServiceLink id="VTR:ServiceLink:1573953_1_1573958_1" version="1">
              <Distance>2</Distance>
              <FromPointRef ref="VTR:ScheduledStopPoint:1573953" version="1"/>
              <ToPointRef ref="VTR:ScheduledStopPoint:1573958" version="1"/>
            </ServiceLink>
            <ServiceLink id="VTR:ServiceLink:1573957_1_1573953_1" version="1">
              <Distance>3</Distance>
              <FromPointRef ref="VTR:ScheduledStopPoint:1573957" version="1"/>
              <ToPointRef ref="VTR:ScheduledStopPoint:1573953" version="1"/>
            </ServiceLink>
            <ServiceLink id="VTR:ServiceLink:1573955_1_1573956_1" version="1">
              <Distance>1</Distance>
              <FromPointRef ref="VTR:ScheduledStopPoint:1573955" version="1"/>
              <ToPointRef ref="VTR:ScheduledStopPoint:1573956" version="1"/>
            </ServiceLink>
          </serviceLinks>
          <stopAssignments>
            <PassengerStopAssignment order="1883600000" id="VTR:PassengerStopAssignment:1573954" version="1">
              <ScheduledStopPointRef ref="VTR:ScheduledStopPoint:1573954" version="1"/>
              <QuayRef ref="VTR:Quay:16070"/>
            </PassengerStopAssignment>
            <PassengerStopAssignment order="1883600001" id="VTR:PassengerStopAssignment:1573955" version="1">
              <ScheduledStopPointRef ref="VTR:ScheduledStopPoint:1573955" version="1"/>
              <QuayRef ref="VTR:Quay:8931"/>
            </PassengerStopAssignment>
            <PassengerStopAssignment order="1883600002" id="VTR:PassengerStopAssignment:1573956" version="1">
              <ScheduledStopPointRef ref="VTR:ScheduledStopPoint:1573956" version="1"/>
              <QuayRef ref="VTR:Quay:6137"/>
            </PassengerStopAssignment>
            <PassengerStopAssignment order="1883600003" id="VTR:PassengerStopAssignment:1573957" version="1">
              <ScheduledStopPointRef ref="VTR:ScheduledStopPoint:1573957" version="1"/>
              <QuayRef ref="VTR:Quay:12890"/>
            </PassengerStopAssignment>
            <PassengerStopAssignment order="1883600004" id="VTR:PassengerStopAssignment:1573953" version="1">
              <ScheduledStopPointRef ref="VTR:ScheduledStopPoint:1573953" version="1"/>
              <QuayRef ref="VTR:Quay:21799"/>
            </PassengerStopAssignment>
            <PassengerStopAssignment order="1883600005" id="VTR:PassengerStopAssignment:1573958" version="1">
              <ScheduledStopPointRef ref="VTR:ScheduledStopPoint:1573958" version="1"/>
              <QuayRef ref="VTR:Quay:10085"/>
            </PassengerStopAssignment>
            <PassengerStopAssignment order="1883600006" id="VTR:PassengerStopAssignment:1573959" version="1">
              <ScheduledStopPointRef ref="VTR:ScheduledStopPoint:1573959" version="1"/>
              <QuayRef ref="VTR:Quay:11640"/>
            </PassengerStopAssignment>
            <PassengerStopAssignment order="1883600007" id="VTR:PassengerStopAssignment:1573960" version="1">
              <ScheduledStopPointRef ref="VTR:ScheduledStopPoint:1573960" version="1"/>
              <QuayRef ref="VTR:Quay:7659"/>
            </PassengerStopAssignment>
            <PassengerStopAssignment order="1883600008" id="VTR:PassengerStopAssignment:1573952" version="1">
              <ScheduledStopPointRef ref="VTR:ScheduledStopPoint:1573952" version="1"/>
              <QuayRef ref="VTR:Quay:21796"/>
            </PassengerStopAssignment>
            <PassengerStopAssignment order="1883600009" id="VTR:PassengerStopAssignment:1573951" version="1">
              <ScheduledStopPointRef ref="VTR:ScheduledStopPoint:1573951" version="1"/>
              <QuayRef ref="VTR:Quay:21777"/>
            </PassengerStopAssignment>
            <PassengerStopAssignment order="1883600010" id="VTR:PassengerStopAssignment:1573950" version="1">
              <ScheduledStopPointRef ref="VTR:ScheduledStopPoint:1573950" version="1"/>
              <QuayRef ref="VTR:Quay:21781"/>
            </PassengerStopAssignment>
            <PassengerStopAssignment order="1883600011" id="VTR:PassengerStopAssignment:1573949" version="1">
              <ScheduledStopPointRef ref="VTR:ScheduledStopPoint:1573949" version="1"/>
              <QuayRef ref="VTR:Quay:19487"/>
            </PassengerStopAssignment>
            <PassengerStopAssignment order="1883700000" id="VTR:PassengerStopAssignment:1573968" version="1">
              <ScheduledStopPointRef ref="VTR:ScheduledStopPoint:1573968" version="1"/>
              <QuayRef ref="VTR:Quay:19487"/>
            </PassengerStopAssignment>
            <PassengerStopAssignment order="1883700001" id="VTR:PassengerStopAssignment:1573969" version="1">
              <ScheduledStopPointRef ref="VTR:ScheduledStopPoint:1573969" version="1"/>
              <QuayRef ref="VTR:Quay:21781"/>
            </PassengerStopAssignment>
            <PassengerStopAssignment order="1883700002" id="VTR:PassengerStopAssignment:1573970" version="1">
              <ScheduledStopPointRef ref="VTR:ScheduledStopPoint:1573970" version="1"/>
              <QuayRef ref="VTR:Quay:21777"/>
            </PassengerStopAssignment>
            <PassengerStopAssignment order="1883700003" id="VTR:PassengerStopAssignment:1573971" version="1">
              <ScheduledStopPointRef ref="VTR:ScheduledStopPoint:1573971" version="1"/>
              <QuayRef ref="VTR:Quay:21796"/>
            </PassengerStopAssignment>
            <PassengerStopAssignment order="1883700004" id="VTR:PassengerStopAssignment:1573972" version="1">
              <ScheduledStopPointRef ref="VTR:ScheduledStopPoint:1573972" version="1"/>
              <QuayRef ref="VTR:Quay:9506"/>
            </PassengerStopAssignment>
            <PassengerStopAssignment order="1883700005" id="VTR:PassengerStopAssignment:1573962" version="1">
              <ScheduledStopPointRef ref="VTR:ScheduledStopPoint:1573962" version="1"/>
              <QuayRef ref="VTR:Quay:4635"/>
            </PassengerStopAssignment>
            <PassengerStopAssignment order="1883700006" id="VTR:PassengerStopAssignment:1573963" version="1">
              <ScheduledStopPointRef ref="VTR:ScheduledStopPoint:1573963" version="1"/>
              <QuayRef ref="VTR:Quay:15220"/>
            </PassengerStopAssignment>
            <PassengerStopAssignment order="1883700007" id="VTR:PassengerStopAssignment:1573964" version="1">
              <ScheduledStopPointRef ref="VTR:ScheduledStopPoint:1573964" version="1"/>
              <QuayRef ref="VTR:Quay:21799"/>
            </PassengerStopAssignment>
            <PassengerStopAssignment order="1883700008" id="VTR:PassengerStopAssignment:1573965" version="1">
              <ScheduledStopPointRef ref="VTR:ScheduledStopPoint:1573965" version="1"/>
              <QuayRef ref="VTR:Quay:7910"/>
            </PassengerStopAssignment>
            <PassengerStopAssignment order="1883700009" id="VTR:PassengerStopAssignment:1573967" version="1">
              <ScheduledStopPointRef ref="VTR:ScheduledStopPoint:1573967" version="1"/>
              <QuayRef ref="VTR:Quay:7901"/>
            </PassengerStopAssignment>
            <PassengerStopAssignment order="1883700010" id="VTR:PassengerStopAssignment:1573961" version="1">
              <ScheduledStopPointRef ref="VTR:ScheduledStopPoint:1573961" version="1"/>
              <QuayRef ref="VTR:Quay:14919"/>
            </PassengerStopAssignment>
            <PassengerStopAssignment order="1883700011" id="VTR:PassengerStopAssignment:1573966" version="1">
              <ScheduledStopPointRef ref="VTR:ScheduledStopPoint:1573966" version="1"/>
              <QuayRef ref="VTR:Quay:16070"/>
            </PassengerStopAssignment>
          </stopAssignments>
          <journeyPatterns>
            <JourneyPattern id="VTR:JourneyPattern:3305904" version="3308129">
              <Name>2</Name>
              <RouteRef ref="VTR:Route:18836" version="1"/>
              <pointsInSequence>
                <StopPointInJourneyPattern id="VTR:StopPointInJourneyPattern:113583628" version="3308129" order="1">
                  <ScheduledStopPointRef ref="VTR:ScheduledStopPoint:1573954"/>
                  <DestinationDisplayRef ref="VTR:DestinationDisplay:1"/>
                </StopPointInJourneyPattern>
                <StopPointInJourneyPattern id="VTR:StopPointInJourneyPattern:113583629" version="3308129" order="2">
                  <ScheduledStopPointRef ref="VTR:ScheduledStopPoint:1573955"/>
                  <DestinationDisplayRef ref="VTR:DestinationDisplay:1"/>
                </StopPointInJourneyPattern>
                <StopPointInJourneyPattern id="VTR:StopPointInJourneyPattern:113583630" version="3308129" order="3">
                  <ScheduledStopPointRef ref="VTR:ScheduledStopPoint:1573956"/>
                  <DestinationDisplayRef ref="VTR:DestinationDisplay:1"/>
                </StopPointInJourneyPattern>
                <StopPointInJourneyPattern id="VTR:StopPointInJourneyPattern:113583631" version="3308129" order="4">
                  <ScheduledStopPointRef ref="VTR:ScheduledStopPoint:1573957"/>
                  <DestinationDisplayRef ref="VTR:DestinationDisplay:1"/>
                </StopPointInJourneyPattern>
                <StopPointInJourneyPattern id="VTR:StopPointInJourneyPattern:113583632" version="3308129" order="5">
                  <ScheduledStopPointRef ref="VTR:ScheduledStopPoint:1573953"/>
                  <DestinationDisplayRef ref="VTR:DestinationDisplay:1"/>
                </StopPointInJourneyPattern>
                <StopPointInJourneyPattern id="VTR:StopPointInJourneyPattern:113583633" version="3308129" order="6">
                  <ScheduledStopPointRef ref="VTR:ScheduledStopPoint:1573958"/>
                  <DestinationDisplayRef ref="VTR:DestinationDisplay:1"/>
                </StopPointInJourneyPattern>
                <StopPointInJourneyPattern id="VTR:StopPointInJourneyPattern:113583634" version="3308129" order="7">
                  <ScheduledStopPointRef ref="VTR:ScheduledStopPoint:1573959"/>
                  <DestinationDisplayRef ref="VTR:DestinationDisplay:1"/>
                </StopPointInJourneyPattern>
                <StopPointInJourneyPattern id="VTR:StopPointInJourneyPattern:113583635" version="3308129" order="8">
                  <ScheduledStopPointRef ref="VTR:ScheduledStopPoint:1573960"/>
                  <DestinationDisplayRef ref="VTR:DestinationDisplay:1"/>
                </StopPointInJourneyPattern>
                <StopPointInJourneyPattern id="VTR:StopPointInJourneyPattern:113583636" version="3308129" order="9">
                  <ScheduledStopPointRef ref="VTR:ScheduledStopPoint:1573952"/>
                  <DestinationDisplayRef ref="VTR:DestinationDisplay:1"/>
                </StopPointInJourneyPattern>
                <StopPointInJourneyPattern id="VTR:StopPointInJourneyPattern:113583637" version="3308129" order="10">
                  <ScheduledStopPointRef ref="VTR:ScheduledStopPoint:1573951"/>
                  <DestinationDisplayRef ref="VTR:DestinationDisplay:1"/>
                </StopPointInJourneyPattern>
                <StopPointInJourneyPattern id="VTR:StopPointInJourneyPattern:113583638" version="3308129" order="11">
                  <ScheduledStopPointRef ref="VTR:ScheduledStopPoint:1573950"/>
                  <DestinationDisplayRef ref="VTR:DestinationDisplay:1"/>
                </StopPointInJourneyPattern>
                <StopPointInJourneyPattern id="VTR:StopPointInJourneyPattern:113583639" version="3308129" order="12">
                  <ScheduledStopPointRef ref="VTR:ScheduledStopPoint:1573949"/>
                  <DestinationDisplayRef ref="VTR:DestinationDisplay:1"/>
                </StopPointInJourneyPattern>
              </pointsInSequence>
            </JourneyPattern>
            <JourneyPattern id="VTR:JourneyPattern:3305907" version="3308132">
              <Name>1</Name>
              <RouteRef ref="VTR:Route:18837" version="1"/>
              <pointsInSequence>
                <StopPointInJourneyPattern id="VTR:StopPointInJourneyPattern:113583664" version="3308132" order="1">
                  <ScheduledStopPointRef ref="VTR:ScheduledStopPoint:1573968"/>
                  <DestinationDisplayRef ref="VTR:DestinationDisplay:1"/>
                </StopPointInJourneyPattern>
                <StopPointInJourneyPattern id="VTR:StopPointInJourneyPattern:113583665" version="3308132" order="2">
                  <ScheduledStopPointRef ref="VTR:ScheduledStopPoint:1573969"/>
                  <DestinationDisplayRef ref="VTR:DestinationDisplay:1"/>
                </StopPointInJourneyPattern>
                <StopPointInJourneyPattern id="VTR:StopPointInJourneyPattern:113583666" version="3308132" order="3">
                  <ScheduledStopPointRef ref="VTR:ScheduledStopPoint:1573970"/>
                  <DestinationDisplayRef ref="VTR:DestinationDisplay:1"/>
                </StopPointInJourneyPattern>
                <StopPointInJourneyPattern id="VTR:StopPointInJourneyPattern:113583667" version="3308132" order="4">
                  <ScheduledStopPointRef ref="VTR:ScheduledStopPoint:1573971"/>
                  <DestinationDisplayRef ref="VTR:DestinationDisplay:1"/>
                </StopPointInJourneyPattern>
                <StopPointInJourneyPattern id="VTR:StopPointInJourneyPattern:113583668" version="3308132" order="5">
                  <ScheduledStopPointRef ref="VTR:ScheduledStopPoint:1573972"/>
                  <DestinationDisplayRef ref="VTR:DestinationDisplay:1"/>
                </StopPointInJourneyPattern>
                <StopPointInJourneyPattern id="VTR:StopPointInJourneyPattern:113583669" version="3308132" order="6">
                  <ScheduledStopPointRef ref="VTR:ScheduledStopPoint:1573962"/>
                  <DestinationDisplayRef ref="VTR:DestinationDisplay:1"/>
                </StopPointInJourneyPattern>
                <StopPointInJourneyPattern id="VTR:StopPointInJourneyPattern:113583670" version="3308132" order="7">
                  <ScheduledStopPointRef ref="VTR:ScheduledStopPoint:1573963"/>
                  <DestinationDisplayRef ref="VTR:DestinationDisplay:1"/>
                </StopPointInJourneyPattern>
                <StopPointInJourneyPattern id="VTR:StopPointInJourneyPattern:113583671" version="3308132" order="8">
                  <ScheduledStopPointRef ref="VTR:ScheduledStopPoint:1573964"/>
                  <DestinationDisplayRef ref="VTR:DestinationDisplay:1"/>
                </StopPointInJourneyPattern>
                <StopPointInJourneyPattern id="VTR:StopPointInJourneyPattern:113583672" version="3308132" order="9">
                  <ScheduledStopPointRef ref="VTR:ScheduledStopPoint:1573965"/>
                  <DestinationDisplayRef ref="VTR:DestinationDisplay:1"/>
                </StopPointInJourneyPattern>
                <StopPointInJourneyPattern id="VTR:StopPointInJourneyPattern:113583673" version="3308132" order="10">
                  <ScheduledStopPointRef ref="VTR:ScheduledStopPoint:1573967"/>
                  <DestinationDisplayRef ref="VTR:DestinationDisplay:1"/>
                </StopPointInJourneyPattern>
                <StopPointInJourneyPattern id="VTR:StopPointInJourneyPattern:113583674" version="3308132" order="11">
                  <ScheduledStopPointRef ref="VTR:ScheduledStopPoint:1573961"/>
                  <DestinationDisplayRef ref="VTR:DestinationDisplay:1"/>
                </StopPointInJourneyPattern>
                <StopPointInJourneyPattern id="VTR:StopPointInJourneyPattern:113583675" version="3308132" order="12">
                  <ScheduledStopPointRef ref="VTR:ScheduledStopPoint:1573966"/>
                  <DestinationDisplayRef ref="VTR:DestinationDisplay:1"/>
                </StopPointInJourneyPattern>
              </pointsInSequence>
            </JourneyPattern>
            <JourneyPattern id="VTR:JourneyPattern:3305906" version="3308131">
              <Name>6</Name>
              <RouteRef ref="VTR:Route:18836" version="1"/>
              <pointsInSequence>
                <StopPointInJourneyPattern id="VTR:StopPointInJourneyPattern:113583652" version="3308131" order="1">
                  <ScheduledStopPointRef ref="VTR:ScheduledStopPoint:1573954"/>
                  <DestinationDisplayRef ref="VTR:DestinationDisplay:1"/>
                </StopPointInJourneyPattern>
                <StopPointInJourneyPattern id="VTR:StopPointInJourneyPattern:113583653" version="3308131" order="2">
                  <ScheduledStopPointRef ref="VTR:ScheduledStopPoint:1573955"/>
                  <DestinationDisplayRef ref="VTR:DestinationDisplay:1"/>
                </StopPointInJourneyPattern>
                <StopPointInJourneyPattern id="VTR:StopPointInJourneyPattern:113583654" version="3308131" order="3">
                  <ScheduledStopPointRef ref="VTR:ScheduledStopPoint:1573956"/>
                  <DestinationDisplayRef ref="VTR:DestinationDisplay:1"/>
                </StopPointInJourneyPattern>
                <StopPointInJourneyPattern id="VTR:StopPointInJourneyPattern:113583655" version="3308131" order="4">
                  <ScheduledStopPointRef ref="VTR:ScheduledStopPoint:1573957"/>
                  <DestinationDisplayRef ref="VTR:DestinationDisplay:1"/>
                </StopPointInJourneyPattern>
                <StopPointInJourneyPattern id="VTR:StopPointInJourneyPattern:113583656" version="3308131" order="5">
                  <ScheduledStopPointRef ref="VTR:ScheduledStopPoint:1573953"/>
                  <DestinationDisplayRef ref="VTR:DestinationDisplay:1"/>
                </StopPointInJourneyPattern>
                <StopPointInJourneyPattern id="VTR:StopPointInJourneyPattern:113583657" version="3308131" order="6">
                  <ScheduledStopPointRef ref="VTR:ScheduledStopPoint:1573958"/>
                  <DestinationDisplayRef ref="VTR:DestinationDisplay:1"/>
                </StopPointInJourneyPattern>
                <StopPointInJourneyPattern id="VTR:StopPointInJourneyPattern:113583658" version="3308131" order="7">
                  <ScheduledStopPointRef ref="VTR:ScheduledStopPoint:1573959"/>
                  <DestinationDisplayRef ref="VTR:DestinationDisplay:1"/>
                </StopPointInJourneyPattern>
                <StopPointInJourneyPattern id="VTR:StopPointInJourneyPattern:113583659" version="3308131" order="8">
                  <ScheduledStopPointRef ref="VTR:ScheduledStopPoint:1573960"/>
                  <DestinationDisplayRef ref="VTR:DestinationDisplay:1"/>
                </StopPointInJourneyPattern>
                <StopPointInJourneyPattern id="VTR:StopPointInJourneyPattern:113583660" version="3308131" order="9">
                  <ScheduledStopPointRef ref="VTR:ScheduledStopPoint:1573952"/>
                  <DestinationDisplayRef ref="VTR:DestinationDisplay:1"/>
                </StopPointInJourneyPattern>
                <StopPointInJourneyPattern id="VTR:StopPointInJourneyPattern:113583661" version="3308131" order="10">
                  <ScheduledStopPointRef ref="VTR:ScheduledStopPoint:1573951"/>
                  <DestinationDisplayRef ref="VTR:DestinationDisplay:1"/>
                </StopPointInJourneyPattern>
                <StopPointInJourneyPattern id="VTR:StopPointInJourneyPattern:113583662" version="3308131" order="11">
                  <ScheduledStopPointRef ref="VTR:ScheduledStopPoint:1573950"/>
                  <DestinationDisplayRef ref="VTR:DestinationDisplay:1"/>
                </StopPointInJourneyPattern>
                <StopPointInJourneyPattern id="VTR:StopPointInJourneyPattern:113583663" version="3308131" order="12">
                  <ScheduledStopPointRef ref="VTR:ScheduledStopPoint:1573949"/>
                  <DestinationDisplayRef ref="VTR:DestinationDisplay:1"/>
                </StopPointInJourneyPattern>
              </pointsInSequence>
            </JourneyPattern>
            <JourneyPattern id="VTR:JourneyPattern:3305908" version="3308133">
              <Name>3</Name>
              <RouteRef ref="VTR:Route:18837" version="1"/>
              <pointsInSequence>
                <StopPointInJourneyPattern id="VTR:StopPointInJourneyPattern:113583676" version="3308133" order="1">
                  <ScheduledStopPointRef ref="VTR:ScheduledStopPoint:1573968"/>
                  <DestinationDisplayRef ref="VTR:DestinationDisplay:1"/>
                </StopPointInJourneyPattern>
                <StopPointInJourneyPattern id="VTR:StopPointInJourneyPattern:113583677" version="3308133" order="2">
                  <ScheduledStopPointRef ref="VTR:ScheduledStopPoint:1573969"/>
                  <DestinationDisplayRef ref="VTR:DestinationDisplay:1"/>
                </StopPointInJourneyPattern>
                <StopPointInJourneyPattern id="VTR:StopPointInJourneyPattern:113583678" version="3308133" order="3">
                  <ScheduledStopPointRef ref="VTR:ScheduledStopPoint:1573970"/>
                  <DestinationDisplayRef ref="VTR:DestinationDisplay:1"/>
                </StopPointInJourneyPattern>
                <StopPointInJourneyPattern id="VTR:StopPointInJourneyPattern:113583679" version="3308133" order="4">
                  <ScheduledStopPointRef ref="VTR:ScheduledStopPoint:1573971"/>
                  <DestinationDisplayRef ref="VTR:DestinationDisplay:1"/>
                </StopPointInJourneyPattern>
                <StopPointInJourneyPattern id="VTR:StopPointInJourneyPattern:113583680" version="3308133" order="5">
                  <ScheduledStopPointRef ref="VTR:ScheduledStopPoint:1573972"/>
                  <DestinationDisplayRef ref="VTR:DestinationDisplay:1"/>
                </StopPointInJourneyPattern>
                <StopPointInJourneyPattern id="VTR:StopPointInJourneyPattern:113583681" version="3308133" order="6">
                  <ScheduledStopPointRef ref="VTR:ScheduledStopPoint:1573962"/>
                  <DestinationDisplayRef ref="VTR:DestinationDisplay:1"/>
                </StopPointInJourneyPattern>
                <StopPointInJourneyPattern id="VTR:StopPointInJourneyPattern:113583682" version="3308133" order="7">
                  <ScheduledStopPointRef ref="VTR:ScheduledStopPoint:1573963"/>
                  <DestinationDisplayRef ref="VTR:DestinationDisplay:1"/>
                </StopPointInJourneyPattern>
                <StopPointInJourneyPattern id="VTR:StopPointInJourneyPattern:113583683" version="3308133" order="8">
                  <ScheduledStopPointRef ref="VTR:ScheduledStopPoint:1573964"/>
                  <DestinationDisplayRef ref="VTR:DestinationDisplay:1"/>
                </StopPointInJourneyPattern>
                <StopPointInJourneyPattern id="VTR:StopPointInJourneyPattern:113583684" version="3308133" order="9">
                  <ScheduledStopPointRef ref="VTR:ScheduledStopPoint:1573965"/>
                  <DestinationDisplayRef ref="VTR:DestinationDisplay:1"/>
                </StopPointInJourneyPattern>
                <StopPointInJourneyPattern id="VTR:StopPointInJourneyPattern:113583685" version="3308133" order="10">
                  <ScheduledStopPointRef ref="VTR:ScheduledStopPoint:1573967"/>
                  <DestinationDisplayRef ref="VTR:DestinationDisplay:1"/>
                </StopPointInJourneyPattern>
                <StopPointInJourneyPattern id="VTR:StopPointInJourneyPattern:113583686" version="3308133" order="11">
                  <ScheduledStopPointRef ref="VTR:ScheduledStopPoint:1573961"/>
                  <DestinationDisplayRef ref="VTR:DestinationDisplay:1"/>
                </StopPointInJourneyPattern>
                <StopPointInJourneyPattern id="VTR:StopPointInJourneyPattern:113583687" version="3308133" order="12">
                  <ScheduledStopPointRef ref="VTR:ScheduledStopPoint:1573966"/>
                  <DestinationDisplayRef ref="VTR:DestinationDisplay:1"/>
                </StopPointInJourneyPattern>
              </pointsInSequence>
            </JourneyPattern>
            <JourneyPattern id="VTR:JourneyPattern:3305905" version="3308130">
              <Name>4</Name>
              <RouteRef ref="VTR:Route:18836" version="1"/>
              <pointsInSequence>
                <StopPointInJourneyPattern id="VTR:StopPointInJourneyPattern:113583640" version="3308130" order="1">
                  <ScheduledStopPointRef ref="VTR:ScheduledStopPoint:1573954"/>
                  <DestinationDisplayRef ref="VTR:DestinationDisplay:1"/>
                </StopPointInJourneyPattern>
                <StopPointInJourneyPattern id="VTR:StopPointInJourneyPattern:113583641" version="3308130" order="2">
                  <ScheduledStopPointRef ref="VTR:ScheduledStopPoint:1573955"/>
                  <DestinationDisplayRef ref="VTR:DestinationDisplay:1"/>
                </StopPointInJourneyPattern>
                <StopPointInJourneyPattern id="VTR:StopPointInJourneyPattern:113583642" version="3308130" order="3">
                  <ScheduledStopPointRef ref="VTR:ScheduledStopPoint:1573956"/>
                  <DestinationDisplayRef ref="VTR:DestinationDisplay:1"/>
                </StopPointInJourneyPattern>
                <StopPointInJourneyPattern id="VTR:StopPointInJourneyPattern:113583643" version="3308130" order="4">
                  <ScheduledStopPointRef ref="VTR:ScheduledStopPoint:1573957"/>
                  <DestinationDisplayRef ref="VTR:DestinationDisplay:1"/>
                </StopPointInJourneyPattern>
                <StopPointInJourneyPattern id="VTR:StopPointInJourneyPattern:113583644" version="3308130" order="5">
                  <ScheduledStopPointRef ref="VTR:ScheduledStopPoint:1573953"/>
                  <DestinationDisplayRef ref="VTR:DestinationDisplay:1"/>
                </StopPointInJourneyPattern>
                <StopPointInJourneyPattern id="VTR:StopPointInJourneyPattern:113583645" version="3308130" order="6">
                  <ScheduledStopPointRef ref="VTR:ScheduledStopPoint:1573958"/>
                  <DestinationDisplayRef ref="VTR:DestinationDisplay:1"/>
                </StopPointInJourneyPattern>
                <StopPointInJourneyPattern id="VTR:StopPointInJourneyPattern:113583646" version="3308130" order="7">
                  <ScheduledStopPointRef ref="VTR:ScheduledStopPoint:1573959"/>
                  <DestinationDisplayRef ref="VTR:DestinationDisplay:1"/>
                </StopPointInJourneyPattern>
                <StopPointInJourneyPattern id="VTR:StopPointInJourneyPattern:113583647" version="3308130" order="8">
                  <ScheduledStopPointRef ref="VTR:ScheduledStopPoint:1573960"/>
                  <DestinationDisplayRef ref="VTR:DestinationDisplay:1"/>
                </StopPointInJourneyPattern>
                <StopPointInJourneyPattern id="VTR:StopPointInJourneyPattern:113583648" version="3308130" order="9">
                  <ScheduledStopPointRef ref="VTR:ScheduledStopPoint:1573952"/>
                  <DestinationDisplayRef ref="VTR:DestinationDisplay:1"/>
                </StopPointInJourneyPattern>
                <StopPointInJourneyPattern id="VTR:StopPointInJourneyPattern:113583649" version="3308130" order="10">
                  <ScheduledStopPointRef ref="VTR:ScheduledStopPoint:1573951"/>
                  <DestinationDisplayRef ref="VTR:DestinationDisplay:1"/>
                </StopPointInJourneyPattern>
                <StopPointInJourneyPattern id="VTR:StopPointInJourneyPattern:113583650" version="3308130" order="11">
                  <ScheduledStopPointRef ref="VTR:ScheduledStopPoint:1573950"/>
                  <DestinationDisplayRef ref="VTR:DestinationDisplay:1"/>
                </StopPointInJourneyPattern>
                <StopPointInJourneyPattern id="VTR:StopPointInJourneyPattern:113583651" version="3308130" order="12">
                  <ScheduledStopPointRef ref="VTR:ScheduledStopPoint:1573949"/>
                  <DestinationDisplayRef ref="VTR:DestinationDisplay:1"/>
                </StopPointInJourneyPattern>
              </pointsInSequence>
            </JourneyPattern>
            <JourneyPattern id="VTR:JourneyPattern:3305909" version="3308134">
              <Name>5</Name>
              <RouteRef ref="VTR:Route:18837" version="1"/>
              <pointsInSequence>
                <StopPointInJourneyPattern id="VTR:StopPointInJourneyPattern:113583688" version="3308134" order="1">
                  <ScheduledStopPointRef ref="VTR:ScheduledStopPoint:1573968"/>
                  <DestinationDisplayRef ref="VTR:DestinationDisplay:1"/>
                </StopPointInJourneyPattern>
                <StopPointInJourneyPattern id="VTR:StopPointInJourneyPattern:113583689" version="3308134" order="2">
                  <ScheduledStopPointRef ref="VTR:ScheduledStopPoint:1573969"/>
                  <DestinationDisplayRef ref="VTR:DestinationDisplay:1"/>
                </StopPointInJourneyPattern>
                <StopPointInJourneyPattern id="VTR:StopPointInJourneyPattern:113583690" version="3308134" order="3">
                  <ScheduledStopPointRef ref="VTR:ScheduledStopPoint:1573970"/>
                  <DestinationDisplayRef ref="VTR:DestinationDisplay:1"/>
                </StopPointInJourneyPattern>
                <StopPointInJourneyPattern id="VTR:StopPointInJourneyPattern:113583691" version="3308134" order="4">
                  <ScheduledStopPointRef ref="VTR:ScheduledStopPoint:1573971"/>
                  <DestinationDisplayRef ref="VTR:DestinationDisplay:1"/>
                </StopPointInJourneyPattern>
                <StopPointInJourneyPattern id="VTR:StopPointInJourneyPattern:113583692" version="3308134" order="5">
                  <ScheduledStopPointRef ref="VTR:ScheduledStopPoint:1573972"/>
                  <DestinationDisplayRef ref="VTR:DestinationDisplay:1"/>
                </StopPointInJourneyPattern>
                <StopPointInJourneyPattern id="VTR:StopPointInJourneyPattern:113583693" version="3308134" order="6">
                  <ScheduledStopPointRef ref="VTR:ScheduledStopPoint:1573962"/>
                  <DestinationDisplayRef ref="VTR:DestinationDisplay:1"/>
                </StopPointInJourneyPattern>
                <StopPointInJourneyPattern id="VTR:StopPointInJourneyPattern:113583694" version="3308134" order="7">
                  <ScheduledStopPointRef ref="VTR:ScheduledStopPoint:1573963"/>
                  <DestinationDisplayRef ref="VTR:DestinationDisplay:1"/>
                </StopPointInJourneyPattern>
                <StopPointInJourneyPattern id="VTR:StopPointInJourneyPattern:113583695" version="3308134" order="8">
                  <ScheduledStopPointRef ref="VTR:ScheduledStopPoint:1573964"/>
                  <DestinationDisplayRef ref="VTR:DestinationDisplay:1"/>
                </StopPointInJourneyPattern>
                <StopPointInJourneyPattern id="VTR:StopPointInJourneyPattern:113583696" version="3308134" order="9">
                  <ScheduledStopPointRef ref="VTR:ScheduledStopPoint:1573965"/>
                  <DestinationDisplayRef ref="VTR:DestinationDisplay:1"/>
                </StopPointInJourneyPattern>
                <StopPointInJourneyPattern id="VTR:StopPointInJourneyPattern:113583697" version="3308134" order="10">
                  <ScheduledStopPointRef ref="VTR:ScheduledStopPoint:1573967"/>
                  <DestinationDisplayRef ref="VTR:DestinationDisplay:1"/>
                </StopPointInJourneyPattern>
                <StopPointInJourneyPattern id="VTR:StopPointInJourneyPattern:113583698" version="3308134" order="11">
                  <ScheduledStopPointRef ref="VTR:ScheduledStopPoint:1573961"/>
                  <DestinationDisplayRef ref="VTR:DestinationDisplay:1"/>
                </StopPointInJourneyPattern>
                <StopPointInJourneyPattern id="VTR:StopPointInJourneyPattern:113583699" version="3308134" order="12">
                  <ScheduledStopPointRef ref="VTR:ScheduledStopPoint:1573966"/>
                  <DestinationDisplayRef ref="VTR:DestinationDisplay:1"/>
                </StopPointInJourneyPattern>
              </pointsInSequence>
            </JourneyPattern>
          </journeyPatterns>
        </ServiceFrame>
        <TimetableFrame version="1" id="VTR:TimetableFrame:1362">
          <vehicleJourneys>
            <ServiceJourney version="3308134" id="VTR:ServiceJourney:3305909">
              <Name>Pasvalys-Gulbinėnai</Name>
              <PrivateCode>5</PrivateCode>
              <dayTypes>
                <DayTypeRef ref="VTR:DayType:1234"/>
              </dayTypes>
              <JourneyPatternRef version="3308134" ref="VTR:JourneyPattern:3305909"/>
              <OperatorRef ref="VTR:Operator:371"/>
              <LineRef ref="VTR:Line:1849" version="8526"/>
              <passingTimes>
                <TimetabledPassingTime version="3308134" id="VTR:TimetabledPassingTime:3305909_113583688_1">
                  <StopPointInJourneyPatternRef ref="VTR:StopPointInJourneyPattern:113583688" version="3308134"/>
                  <DepartureTime>17:20:00</DepartureTime>
                  <DepartureDayOffset>0</DepartureDayOffset>
                </TimetabledPassingTime>
                <TimetabledPassingTime version="3308134" id="VTR:TimetabledPassingTime:3305909_113583689_2">
                  <StopPointInJourneyPatternRef ref="VTR:StopPointInJourneyPattern:113583689" version="3308134"/>
                  <DepartureTime>17:21:00</DepartureTime>
                  <DepartureDayOffset>0</DepartureDayOffset>
                </TimetabledPassingTime>
                <TimetabledPassingTime version="3308134" id="VTR:TimetabledPassingTime:3305909_113583690_3">
                  <StopPointInJourneyPatternRef ref="VTR:StopPointInJourneyPattern:113583690" version="3308134"/>
                  <DepartureTime>17:22:00</DepartureTime>
                  <DepartureDayOffset>0</DepartureDayOffset>
                </TimetabledPassingTime>
                <TimetabledPassingTime version="3308134" id="VTR:TimetabledPassingTime:3305909_113583691_4">
                  <StopPointInJourneyPatternRef ref="VTR:StopPointInJourneyPattern:113583691" version="3308134"/>
                  <DepartureTime>17:25:00</DepartureTime>
                  <DepartureDayOffset>0</DepartureDayOffset>
                </TimetabledPassingTime>
                <TimetabledPassingTime version="3308134" id="VTR:TimetabledPassingTime:3305909_113583692_5">
                  <StopPointInJourneyPatternRef ref="VTR:StopPointInJourneyPattern:113583692" version="3308134"/>
                  <DepartureTime>17:26:00</DepartureTime>
                  <DepartureDayOffset>0</DepartureDayOffset>
                </TimetabledPassingTime>
                <TimetabledPassingTime version="3308134" id="VTR:TimetabledPassingTime:3305909_113583693_6">
                  <StopPointInJourneyPatternRef ref="VTR:StopPointInJourneyPattern:113583693" version="3308134"/>
                  <DepartureTime>17:29:00</DepartureTime>
                  <DepartureDayOffset>0</DepartureDayOffset>
                </TimetabledPassingTime>
                <TimetabledPassingTime version="3308134" id="VTR:TimetabledPassingTime:3305909_113583694_7">
                  <StopPointInJourneyPatternRef ref="VTR:StopPointInJourneyPattern:113583694" version="3308134"/>
                  <DepartureTime>17:34:00</DepartureTime>
                  <DepartureDayOffset>0</DepartureDayOffset>
                </TimetabledPassingTime>
                <TimetabledPassingTime version="3308134" id="VTR:TimetabledPassingTime:3305909_113583695_8">
                  <StopPointInJourneyPatternRef ref="VTR:StopPointInJourneyPattern:113583695" version="3308134"/>
                  <DepartureTime>17:38:00</DepartureTime>
                  <DepartureDayOffset>0</DepartureDayOffset>
                </TimetabledPassingTime>
                <TimetabledPassingTime version="3308134" id="VTR:TimetabledPassingTime:3305909_113583696_9">
                  <StopPointInJourneyPatternRef ref="VTR:StopPointInJourneyPattern:113583696" version="3308134"/>
                  <DepartureTime>17:45:00</DepartureTime>
                  <DepartureDayOffset>0</DepartureDayOffset>
                </TimetabledPassingTime>
                <TimetabledPassingTime version="3308134" id="VTR:TimetabledPassingTime:3305909_113583697_10">
                  <StopPointInJourneyPatternRef ref="VTR:StopPointInJourneyPattern:113583697" version="3308134"/>
                  <DepartureTime>17:48:00</DepartureTime>
                  <DepartureDayOffset>0</DepartureDayOffset>
                </TimetabledPassingTime>
                <TimetabledPassingTime version="3308134" id="VTR:TimetabledPassingTime:3305909_113583698_11">
                  <StopPointInJourneyPatternRef ref="VTR:StopPointInJourneyPattern:113583698" version="3308134"/>
                  <DepartureTime>17:50:00</DepartureTime>
                  <DepartureDayOffset>0</DepartureDayOffset>
                </TimetabledPassingTime>
                <TimetabledPassingTime version="3308134" id="VTR:TimetabledPassingTime:3305909_113583699_12">
                  <StopPointInJourneyPatternRef ref="VTR:StopPointInJourneyPattern:113583699" version="3308134"/>
                  <DepartureTime>17:55:00</DepartureTime>
                  <DepartureDayOffset>0</DepartureDayOffset>
                </TimetabledPassingTime>
              </passingTimes>
            </ServiceJourney>
            <ServiceJourney version="3308133" id="VTR:ServiceJourney:3305908">
              <Name>Pasvalys-Gulbinėnai</Name>
              <PrivateCode>3</PrivateCode>
              <dayTypes>
                <DayTypeRef ref="VTR:DayType:1327"/>
              </dayTypes>
              <JourneyPatternRef version="3308133" ref="VTR:JourneyPattern:3305908"/>
              <OperatorRef ref="VTR:Operator:371"/>
              <LineRef ref="VTR:Line:1849" version="8526"/>
              <passingTimes>
                <TimetabledPassingTime version="3308133" id="VTR:TimetabledPassingTime:3305908_113583676_1">
                  <StopPointInJourneyPatternRef ref="VTR:StopPointInJourneyPattern:113583676" version="3308133"/>
                  <DepartureTime>14:20:00</DepartureTime>
                  <DepartureDayOffset>0</DepartureDayOffset>
                </TimetabledPassingTime>
                <TimetabledPassingTime version="3308133" id="VTR:TimetabledPassingTime:3305908_113583677_2">
                  <StopPointInJourneyPatternRef ref="VTR:StopPointInJourneyPattern:113583677" version="3308133"/>
                  <DepartureTime>14:21:00</DepartureTime>
                  <DepartureDayOffset>0</DepartureDayOffset>
                </TimetabledPassingTime>
                <TimetabledPassingTime version="3308133" id="VTR:TimetabledPassingTime:3305908_113583678_3">
                  <StopPointInJourneyPatternRef ref="VTR:StopPointInJourneyPattern:113583678" version="3308133"/>
                  <DepartureTime>14:22:00</DepartureTime>
                  <DepartureDayOffset>0</DepartureDayOffset>
                </TimetabledPassingTime>
                <TimetabledPassingTime version="3308133" id="VTR:TimetabledPassingTime:3305908_113583679_4">
                  <StopPointInJourneyPatternRef ref="VTR:StopPointInJourneyPattern:113583679" version="3308133"/>
                  <DepartureTime>14:25:00</DepartureTime>
                  <DepartureDayOffset>0</DepartureDayOffset>
                </TimetabledPassingTime>
                <TimetabledPassingTime version="3308133" id="VTR:TimetabledPassingTime:3305908_113583680_5">
                  <StopPointInJourneyPatternRef ref="VTR:StopPointInJourneyPattern:113583680" version="3308133"/>
                  <DepartureTime>14:25:00</DepartureTime>
                  <DepartureDayOffset>0</DepartureDayOffset>
                </TimetabledPassingTime>
                <TimetabledPassingTime version="3308133" id="VTR:TimetabledPassingTime:3305908_113583681_6">
                  <StopPointInJourneyPatternRef ref="VTR:StopPointInJourneyPattern:113583681" version="3308133"/>
                  <DepartureTime>14:29:00</DepartureTime>
                  <DepartureDayOffset>0</DepartureDayOffset>
                </TimetabledPassingTime>
                <TimetabledPassingTime version="3308133" id="VTR:TimetabledPassingTime:3305908_113583682_7">
                  <StopPointInJourneyPatternRef ref="VTR:StopPointInJourneyPattern:113583682" version="3308133"/>
                  <DepartureTime>14:34:00</DepartureTime>
                  <DepartureDayOffset>0</DepartureDayOffset>
                </TimetabledPassingTime>
                <TimetabledPassingTime version="3308133" id="VTR:TimetabledPassingTime:3305908_113583683_8">
                  <StopPointInJourneyPatternRef ref="VTR:StopPointInJourneyPattern:113583683" version="3308133"/>
                  <DepartureTime>14:38:00</DepartureTime>
                  <DepartureDayOffset>0</DepartureDayOffset>
                </TimetabledPassingTime>
                <TimetabledPassingTime version="3308133" id="VTR:TimetabledPassingTime:3305908_113583684_9">
                  <StopPointInJourneyPatternRef ref="VTR:StopPointInJourneyPattern:113583684" version="3308133"/>
                  <DepartureTime>14:45:00</DepartureTime>
                  <DepartureDayOffset>0</DepartureDayOffset>
                </TimetabledPassingTime>
                <TimetabledPassingTime version="3308133" id="VTR:TimetabledPassingTime:3305908_113583685_10">
                  <StopPointInJourneyPatternRef ref="VTR:StopPointInJourneyPattern:113583685" version="3308133"/>
                  <DepartureTime>14:48:00</DepartureTime>
                  <DepartureDayOffset>0</DepartureDayOffset>
                </TimetabledPassingTime>
                <TimetabledPassingTime version="3308133" id="VTR:TimetabledPassingTime:3305908_113583686_11">
                  <StopPointInJourneyPatternRef ref="VTR:StopPointInJourneyPattern:113583686" version="3308133"/>
                  <DepartureTime>14:50:00</DepartureTime>
                  <DepartureDayOffset>0</DepartureDayOffset>
                </TimetabledPassingTime>
                <TimetabledPassingTime version="3308133" id="VTR:TimetabledPassingTime:3305908_113583687_12">
                  <StopPointInJourneyPatternRef ref="VTR:StopPointInJourneyPattern:113583687" version="3308133"/>
                  <DepartureTime>14:55:00</DepartureTime>
                  <DepartureDayOffset>0</DepartureDayOffset>
                </TimetabledPassingTime>
              </passingTimes>
            </ServiceJourney>
            <ServiceJourney version="3308131" id="VTR:ServiceJourney:3305906">
              <Name>Gulbinėnai-Pasvalys</Name>
              <PrivateCode>6</PrivateCode>
              <dayTypes>
                <DayTypeRef ref="VTR:DayType:1234"/>
              </dayTypes>
              <JourneyPatternRef version="3308131" ref="VTR:JourneyPattern:3305906"/>
              <OperatorRef ref="VTR:Operator:371"/>
              <LineRef ref="VTR:Line:1849" version="8526"/>
              <passingTimes>
                <TimetabledPassingTime version="3308131" id="VTR:TimetabledPassingTime:3305906_113583652_1">
                  <StopPointInJourneyPatternRef ref="VTR:StopPointInJourneyPattern:113583652" version="3308131"/>
                  <DepartureTime>17:57:00</DepartureTime>
                  <DepartureDayOffset>0</DepartureDayOffset>
                </TimetabledPassingTime>
                <TimetabledPassingTime version="3308131" id="VTR:TimetabledPassingTime:3305906_113583653_2">
                  <StopPointInJourneyPatternRef ref="VTR:StopPointInJourneyPattern:113583653" version="3308131"/>
                  <DepartureTime>18:02:00</DepartureTime>
                  <DepartureDayOffset>0</DepartureDayOffset>
                </TimetabledPassingTime>
                <TimetabledPassingTime version="3308131" id="VTR:TimetabledPassingTime:3305906_113583654_3">
                  <StopPointInJourneyPatternRef ref="VTR:StopPointInJourneyPattern:113583654" version="3308131"/>
                  <DepartureTime>18:04:00</DepartureTime>
                  <DepartureDayOffset>0</DepartureDayOffset>
                </TimetabledPassingTime>
                <TimetabledPassingTime version="3308131" id="VTR:TimetabledPassingTime:3305906_113583655_4">
                  <StopPointInJourneyPatternRef ref="VTR:StopPointInJourneyPattern:113583655" version="3308131"/>
                  <DepartureTime>18:07:00</DepartureTime>
                  <DepartureDayOffset>0</DepartureDayOffset>
                </TimetabledPassingTime>
                <TimetabledPassingTime version="3308131" id="VTR:TimetabledPassingTime:3305906_113583656_5">
                  <StopPointInJourneyPatternRef ref="VTR:StopPointInJourneyPattern:113583656" version="3308131"/>
                  <DepartureTime>18:12:00</DepartureTime>
                  <DepartureDayOffset>0</DepartureDayOffset>
                </TimetabledPassingTime>
                <TimetabledPassingTime version="3308131" id="VTR:TimetabledPassingTime:3305906_113583657_6">
                  <StopPointInJourneyPatternRef ref="VTR:StopPointInJourneyPattern:113583657" version="3308131"/>
                  <DepartureTime>18:18:00</DepartureTime>
                  <DepartureDayOffset>0</DepartureDayOffset>
                </TimetabledPassingTime>
                <TimetabledPassingTime version="3308131" id="VTR:TimetabledPassingTime:3305906_113583658_7">
                  <StopPointInJourneyPatternRef ref="VTR:StopPointInJourneyPattern:113583658" version="3308131"/>
                  <DepartureTime>18:21:00</DepartureTime>
                  <DepartureDayOffset>0</DepartureDayOffset>
                </TimetabledPassingTime>
                <TimetabledPassingTime version="3308131" id="VTR:TimetabledPassingTime:3305906_113583659_8">
                  <StopPointInJourneyPatternRef ref="VTR:StopPointInJourneyPattern:113583659" version="3308131"/>
                  <DepartureTime>18:25:00</DepartureTime>
                  <DepartureDayOffset>0</DepartureDayOffset>
                </TimetabledPassingTime>
                <TimetabledPassingTime version="3308131" id="VTR:TimetabledPassingTime:3305906_113583660_9">
                  <StopPointInJourneyPatternRef ref="VTR:StopPointInJourneyPattern:113583660" version="3308131"/>
                  <DepartureTime>18:26:00</DepartureTime>
                  <DepartureDayOffset>0</DepartureDayOffset>
                </TimetabledPassingTime>
                <TimetabledPassingTime version="3308131" id="VTR:TimetabledPassingTime:3305906_113583661_10">
                  <StopPointInJourneyPatternRef ref="VTR:StopPointInJourneyPattern:113583661" version="3308131"/>
                  <DepartureTime>18:28:00</DepartureTime>
                  <DepartureDayOffset>0</DepartureDayOffset>
                </TimetabledPassingTime>
                <TimetabledPassingTime version="3308131" id="VTR:TimetabledPassingTime:3305906_113583662_11">
                  <StopPointInJourneyPatternRef ref="VTR:StopPointInJourneyPattern:113583662" version="3308131"/>
                  <DepartureTime>18:29:00</DepartureTime>
                  <DepartureDayOffset>0</DepartureDayOffset>
                </TimetabledPassingTime>
                <TimetabledPassingTime version="3308131" id="VTR:TimetabledPassingTime:3305906_113583663_12">
                  <StopPointInJourneyPatternRef ref="VTR:StopPointInJourneyPattern:113583663" version="3308131"/>
                  <DepartureTime>18:30:00</DepartureTime>
                  <DepartureDayOffset>0</DepartureDayOffset>
                </TimetabledPassingTime>
              </passingTimes>
            </ServiceJourney>
            <ServiceJourney version="3308129" id="VTR:ServiceJourney:3305904">
              <Name>Gulbinėnai-Pasvalys</Name>
              <PrivateCode>2</PrivateCode>
              <dayTypes>
                <DayTypeRef ref="VTR:DayType:1327"/>
              </dayTypes>
              <JourneyPatternRef version="3308129" ref="VTR:JourneyPattern:3305904"/>
              <OperatorRef ref="VTR:Operator:371"/>
              <LineRef ref="VTR:Line:1849" version="8526"/>
              <passingTimes>
                <TimetabledPassingTime version="3308129" id="VTR:TimetabledPassingTime:3305904_113583628_1">
                  <StopPointInJourneyPatternRef ref="VTR:StopPointInJourneyPattern:113583628" version="3308129"/>
                  <DepartureTime>07:15:00</DepartureTime>
                  <DepartureDayOffset>0</DepartureDayOffset>
                </TimetabledPassingTime>
                <TimetabledPassingTime version="3308129" id="VTR:TimetabledPassingTime:3305904_113583629_2">
                  <StopPointInJourneyPatternRef ref="VTR:StopPointInJourneyPattern:113583629" version="3308129"/>
                  <DepartureTime>07:20:00</DepartureTime>
                  <DepartureDayOffset>0</DepartureDayOffset>
                </TimetabledPassingTime>
                <TimetabledPassingTime version="3308129" id="VTR:TimetabledPassingTime:3305904_113583630_3">
                  <StopPointInJourneyPatternRef ref="VTR:StopPointInJourneyPattern:113583630" version="3308129"/>
                  <DepartureTime>07:22:00</DepartureTime>
                  <DepartureDayOffset>0</DepartureDayOffset>
                </TimetabledPassingTime>
                <TimetabledPassingTime version="3308129" id="VTR:TimetabledPassingTime:3305904_113583631_4">
                  <StopPointInJourneyPatternRef ref="VTR:StopPointInJourneyPattern:113583631" version="3308129"/>
                  <DepartureTime>07:25:00</DepartureTime>
                  <DepartureDayOffset>0</DepartureDayOffset>
                </TimetabledPassingTime>
                <TimetabledPassingTime version="3308129" id="VTR:TimetabledPassingTime:3305904_113583632_5">
                  <StopPointInJourneyPatternRef ref="VTR:StopPointInJourneyPattern:113583632" version="3308129"/>
                  <DepartureTime>07:31:00</DepartureTime>
                  <DepartureDayOffset>0</DepartureDayOffset>
                </TimetabledPassingTime>
                <TimetabledPassingTime version="3308129" id="VTR:TimetabledPassingTime:3305904_113583633_6">
                  <StopPointInJourneyPatternRef ref="VTR:StopPointInJourneyPattern:113583633" version="3308129"/>
                  <DepartureTime>07:35:00</DepartureTime>
                  <DepartureDayOffset>0</DepartureDayOffset>
                </TimetabledPassingTime>
                <TimetabledPassingTime version="3308129" id="VTR:TimetabledPassingTime:3305904_113583634_7">
                  <StopPointInJourneyPatternRef ref="VTR:StopPointInJourneyPattern:113583634" version="3308129"/>
                  <DepartureTime>07:38:00</DepartureTime>
                  <DepartureDayOffset>0</DepartureDayOffset>
                </TimetabledPassingTime>
                <TimetabledPassingTime version="3308129" id="VTR:TimetabledPassingTime:3305904_113583635_8">
                  <StopPointInJourneyPatternRef ref="VTR:StopPointInJourneyPattern:113583635" version="3308129"/>
                  <DepartureTime>07:43:00</DepartureTime>
                  <DepartureDayOffset>0</DepartureDayOffset>
                </TimetabledPassingTime>
                <TimetabledPassingTime version="3308129" id="VTR:TimetabledPassingTime:3305904_113583636_9">
                  <StopPointInJourneyPatternRef ref="VTR:StopPointInJourneyPattern:113583636" version="3308129"/>
                  <DepartureTime>07:46:00</DepartureTime>
                  <DepartureDayOffset>0</DepartureDayOffset>
                </TimetabledPassingTime>
                <TimetabledPassingTime version="3308129" id="VTR:TimetabledPassingTime:3305904_113583637_10">
                  <StopPointInJourneyPatternRef ref="VTR:StopPointInJourneyPattern:113583637" version="3308129"/>
                  <DepartureTime>07:48:00</DepartureTime>
                  <DepartureDayOffset>0</DepartureDayOffset>
                </TimetabledPassingTime>
                <TimetabledPassingTime version="3308129" id="VTR:TimetabledPassingTime:3305904_113583638_11">
                  <StopPointInJourneyPatternRef ref="VTR:StopPointInJourneyPattern:113583638" version="3308129"/>
                  <DepartureTime>07:49:00</DepartureTime>
                  <DepartureDayOffset>0</DepartureDayOffset>
                </TimetabledPassingTime>
                <TimetabledPassingTime version="3308129" id="VTR:TimetabledPassingTime:3305904_113583639_12">
                  <StopPointInJourneyPatternRef ref="VTR:StopPointInJourneyPattern:113583639" version="3308129"/>
                  <DepartureTime>07:50:00</DepartureTime>
                  <DepartureDayOffset>0</DepartureDayOffset>
                </TimetabledPassingTime>
              </passingTimes>
            </ServiceJourney>
            <ServiceJourney version="3308130" id="VTR:ServiceJourney:3305905">
              <Name>Gulbinėnai-Pasvalys</Name>
              <PrivateCode>4</PrivateCode>
              <dayTypes>
                <DayTypeRef ref="VTR:DayType:1327"/>
              </dayTypes>
              <JourneyPatternRef version="3308130" ref="VTR:JourneyPattern:3305905"/>
              <OperatorRef ref="VTR:Operator:371"/>
              <LineRef ref="VTR:Line:1849" version="8526"/>
              <passingTimes>
                <TimetabledPassingTime version="3308130" id="VTR:TimetabledPassingTime:3305905_113583640_1">
                  <StopPointInJourneyPatternRef ref="VTR:StopPointInJourneyPattern:113583640" version="3308130"/>
                  <DepartureTime>15:00:00</DepartureTime>
                  <DepartureDayOffset>0</DepartureDayOffset>
                </TimetabledPassingTime>
                <TimetabledPassingTime version="3308130" id="VTR:TimetabledPassingTime:3305905_113583641_2">
                  <StopPointInJourneyPatternRef ref="VTR:StopPointInJourneyPattern:113583641" version="3308130"/>
                  <DepartureTime>15:05:00</DepartureTime>
                  <DepartureDayOffset>0</DepartureDayOffset>
                </TimetabledPassingTime>
                <TimetabledPassingTime version="3308130" id="VTR:TimetabledPassingTime:3305905_113583642_3">
                  <StopPointInJourneyPatternRef ref="VTR:StopPointInJourneyPattern:113583642" version="3308130"/>
                  <DepartureTime>15:07:00</DepartureTime>
                  <DepartureDayOffset>0</DepartureDayOffset>
                </TimetabledPassingTime>
                <TimetabledPassingTime version="3308130" id="VTR:TimetabledPassingTime:3305905_113583643_4">
                  <StopPointInJourneyPatternRef ref="VTR:StopPointInJourneyPattern:113583643" version="3308130"/>
                  <DepartureTime>15:10:00</DepartureTime>
                  <DepartureDayOffset>0</DepartureDayOffset>
                </TimetabledPassingTime>
                <TimetabledPassingTime version="3308130" id="VTR:TimetabledPassingTime:3305905_113583644_5">
                  <StopPointInJourneyPatternRef ref="VTR:StopPointInJourneyPattern:113583644" version="3308130"/>
                  <DepartureTime>15:17:00</DepartureTime>
                  <DepartureDayOffset>0</DepartureDayOffset>
                </TimetabledPassingTime>
                <TimetabledPassingTime version="3308130" id="VTR:TimetabledPassingTime:3305905_113583645_6">
                  <StopPointInJourneyPatternRef ref="VTR:StopPointInJourneyPattern:113583645" version="3308130"/>
                  <DepartureTime>15:22:00</DepartureTime>
                  <DepartureDayOffset>0</DepartureDayOffset>
                </TimetabledPassingTime>
                <TimetabledPassingTime version="3308130" id="VTR:TimetabledPassingTime:3305905_113583646_7">
                  <StopPointInJourneyPatternRef ref="VTR:StopPointInJourneyPattern:113583646" version="3308130"/>
                  <DepartureTime>15:25:00</DepartureTime>
                  <DepartureDayOffset>0</DepartureDayOffset>
                </TimetabledPassingTime>
                <TimetabledPassingTime version="3308130" id="VTR:TimetabledPassingTime:3305905_113583647_8">
                  <StopPointInJourneyPatternRef ref="VTR:StopPointInJourneyPattern:113583647" version="3308130"/>
                  <DepartureTime>15:28:00</DepartureTime>
                  <DepartureDayOffset>0</DepartureDayOffset>
                </TimetabledPassingTime>
                <TimetabledPassingTime version="3308130" id="VTR:TimetabledPassingTime:3305905_113583648_9">
                  <StopPointInJourneyPatternRef ref="VTR:StopPointInJourneyPattern:113583648" version="3308130"/>
                  <DepartureTime>15:30:00</DepartureTime>
                  <DepartureDayOffset>0</DepartureDayOffset>
                </TimetabledPassingTime>
                <TimetabledPassingTime version="3308130" id="VTR:TimetabledPassingTime:3305905_113583649_10">
                  <StopPointInJourneyPatternRef ref="VTR:StopPointInJourneyPattern:113583649" version="3308130"/>
                  <DepartureTime>15:32:00</DepartureTime>
                  <DepartureDayOffset>0</DepartureDayOffset>
                </TimetabledPassingTime>
                <TimetabledPassingTime version="3308130" id="VTR:TimetabledPassingTime:3305905_113583650_11">
                  <StopPointInJourneyPatternRef ref="VTR:StopPointInJourneyPattern:113583650" version="3308130"/>
                  <DepartureTime>15:34:00</DepartureTime>
                  <DepartureDayOffset>0</DepartureDayOffset>
                </TimetabledPassingTime>
                <TimetabledPassingTime version="3308130" id="VTR:TimetabledPassingTime:3305905_113583651_12">
                  <StopPointInJourneyPatternRef ref="VTR:StopPointInJourneyPattern:113583651" version="3308130"/>
                  <DepartureTime>15:35:00</DepartureTime>
                  <DepartureDayOffset>0</DepartureDayOffset>
                </TimetabledPassingTime>
              </passingTimes>
            </ServiceJourney>
            <ServiceJourney version="3308132" id="VTR:ServiceJourney:3305907">
              <Name>Pasvalys-Gulbinėnai</Name>
              <PrivateCode>1</PrivateCode>
              <dayTypes>
                <DayTypeRef ref="VTR:DayType:1327"/>
              </dayTypes>
              <JourneyPatternRef version="3308132" ref="VTR:JourneyPattern:3305907"/>
              <OperatorRef ref="VTR:Operator:371"/>
              <LineRef ref="VTR:Line:1849" version="8526"/>
              <passingTimes>
                <TimetabledPassingTime version="3308132" id="VTR:TimetabledPassingTime:3305907_113583664_1">
                  <StopPointInJourneyPatternRef ref="VTR:StopPointInJourneyPattern:113583664" version="3308132"/>
                  <DepartureTime>06:40:00</DepartureTime>
                  <DepartureDayOffset>0</DepartureDayOffset>
                </TimetabledPassingTime>
                <TimetabledPassingTime version="3308132" id="VTR:TimetabledPassingTime:3305907_113583665_2">
                  <StopPointInJourneyPatternRef ref="VTR:StopPointInJourneyPattern:113583665" version="3308132"/>
                  <DepartureTime>06:41:00</DepartureTime>
                  <DepartureDayOffset>0</DepartureDayOffset>
                </TimetabledPassingTime>
                <TimetabledPassingTime version="3308132" id="VTR:TimetabledPassingTime:3305907_113583666_3">
                  <StopPointInJourneyPatternRef ref="VTR:StopPointInJourneyPattern:113583666" version="3308132"/>
                  <DepartureTime>06:42:00</DepartureTime>
                  <DepartureDayOffset>0</DepartureDayOffset>
                </TimetabledPassingTime>
                <TimetabledPassingTime version="3308132" id="VTR:TimetabledPassingTime:3305907_113583667_4">
                  <StopPointInJourneyPatternRef ref="VTR:StopPointInJourneyPattern:113583667" version="3308132"/>
                  <DepartureTime>06:44:00</DepartureTime>
                  <DepartureDayOffset>0</DepartureDayOffset>
                </TimetabledPassingTime>
                <TimetabledPassingTime version="3308132" id="VTR:TimetabledPassingTime:3305907_113583668_5">
                  <StopPointInJourneyPatternRef ref="VTR:StopPointInJourneyPattern:113583668" version="3308132"/>
                  <DepartureTime>06:44:00</DepartureTime>
                  <DepartureDayOffset>0</DepartureDayOffset>
                </TimetabledPassingTime>
                <TimetabledPassingTime version="3308132" id="VTR:TimetabledPassingTime:3305907_113583669_6">
                  <StopPointInJourneyPatternRef ref="VTR:StopPointInJourneyPattern:113583669" version="3308132"/>
                  <DepartureTime>06:47:00</DepartureTime>
                  <DepartureDayOffset>0</DepartureDayOffset>
                </TimetabledPassingTime>
                <TimetabledPassingTime version="3308132" id="VTR:TimetabledPassingTime:3305907_113583670_7">
                  <StopPointInJourneyPatternRef ref="VTR:StopPointInJourneyPattern:113583670" version="3308132"/>
                  <DepartureTime>06:51:00</DepartureTime>
                  <DepartureDayOffset>0</DepartureDayOffset>
                </TimetabledPassingTime>
                <TimetabledPassingTime version="3308132" id="VTR:TimetabledPassingTime:3305907_113583671_8">
                  <StopPointInJourneyPatternRef ref="VTR:StopPointInJourneyPattern:113583671" version="3308132"/>
                  <DepartureTime>06:55:00</DepartureTime>
                  <DepartureDayOffset>0</DepartureDayOffset>
                </TimetabledPassingTime>
                <TimetabledPassingTime version="3308132" id="VTR:TimetabledPassingTime:3305907_113583672_9">
                  <StopPointInJourneyPatternRef ref="VTR:StopPointInJourneyPattern:113583672" version="3308132"/>
                  <DepartureTime>07:01:00</DepartureTime>
                  <DepartureDayOffset>0</DepartureDayOffset>
                </TimetabledPassingTime>
                <TimetabledPassingTime version="3308132" id="VTR:TimetabledPassingTime:3305907_113583673_10">
                  <StopPointInJourneyPatternRef ref="VTR:StopPointInJourneyPattern:113583673" version="3308132"/>
                  <DepartureTime>07:03:00</DepartureTime>
                  <DepartureDayOffset>0</DepartureDayOffset>
                </TimetabledPassingTime>
                <TimetabledPassingTime version="3308132" id="VTR:TimetabledPassingTime:3305907_113583674_11">
                  <StopPointInJourneyPatternRef ref="VTR:StopPointInJourneyPattern:113583674" version="3308132"/>
                  <DepartureTime>07:05:00</DepartureTime>
                  <DepartureDayOffset>0</DepartureDayOffset>
                </TimetabledPassingTime>
                <TimetabledPassingTime version="3308132" id="VTR:TimetabledPassingTime:3305907_113583675_12">
                  <StopPointInJourneyPatternRef ref="VTR:StopPointInJourneyPattern:113583675" version="3308132"/>
                  <DepartureTime>07:10:00</DepartureTime>
                  <DepartureDayOffset>0</DepartureDayOffset>
                </TimetabledPassingTime>
              </passingTimes>
            </ServiceJourney>
          </vehicleJourneys>
        </TimetableFrame>
        <ResourceFrame version="1" id="VTR:ResourceFrame:1362">
          <organisations>
            <Authority version="1" id="VTR:Authority:25">
              <CompanyNumber>67</CompanyNumber>
              <Name>Pasvalio r. sav.</Name>
              <LegalName>Pasvalio r. sav.</LegalName>
              <ContactDetails>
                <Email>rastine@pasvalys.lt</Email>
                <Phone>845154101</Phone>
                <Url>www.pasvalys.lt</Url>
              </ContactDetails>
              <OrganisationType>authority</OrganisationType>
            </Authority>
          </organisations>
        </ResourceFrame>
        <FareFrame id="VTR:FareFrame:1849" version="1">
          <FrameDefaults>
            <DefaultCurrency>EUR</DefaultCurrency>
          </FrameDefaults>
          <usageParameters>
            <RoundTrip id="VTR:RoundTrip:single" version="1">
              <Name>Single</Name>
              <TripType>single</TripType>
            </RoundTrip>
            <FrequencyOfUse id="VTR:FrequencyOfUse:once" version="1">
              <Name>Once</Name>
              <MaximalFrequency>1</MaximalFrequency>
            </FrequencyOfUse>
          </usageParameters>
          <priceGroups>
            <PriceGroup id="VTR:PriceGroup:PG01" version="1">
              <Name>Flat Fare Products - Standard</Name>
              <members>
                <FareProductPrice id="VTR:FareProductPrice:standard" version="1">
                  <Name>Single fare</Name>
                  <Amount>0.0</Amount>
                  <Currency>EUR</Currency>
                </FareProductPrice>
              </members>
            </PriceGroup>
          </priceGroups>
        </FareFrame>
      </frames>
    </CompositeFrame>
  </dataObjects>
</PublicationDelivery>
