<?xml version="1.0" encoding="UTF-8"?><PublicationDelivery xmlns="http://www.netex.org.uk/netex" xmlns:gis="http://www.opengis.net/gml/3.2" xmlns:ns2="http://www.opengis.net/gml/3.2" xmlns:ns3="http://www.siri.org.uk/siri" xmlns:xsi="http://www.w3.org/2001/XMLSchema-instance" version="1" xsi:schemaLocation="">
  <PublicationTimestamp>2022-05-07T01:45:00.309</PublicationTimestamp>
  <ParticipantRef>VTR</ParticipantRef>
  <Description>1</Description>
  <dataObjects>
    <CompositeFrame created="2022-05-07T01:45:00.309" version="1" id="VTR:CompositeFrame:1362">
      <validityConditions>
        <AvailabilityCondition version="1" id="VTR:AvailabilityCondition:1362">
          <FromDate>2015-09-03T11:38:34</FromDate>
          <ToDate>2027-12-30T00:00:00</ToDate>
        </AvailabilityCondition>
      </validityConditions>
      <codespaces>
        <Codespace id="vtr">
          <Xmlns>VTR</Xmlns>
          <XmlnsUrl>http://www.visimarsrutai.lt/</XmlnsUrl>
        </Codespace>
      </codespaces>
      <FrameDefaults>
        <DefaultLocale>
          <TimeZone>Europe/Vilnius</TimeZone>
        </DefaultLocale>
        <DefaultLocationSystem>WGS84</DefaultLocationSystem>
      </FrameDefaults>
      <frames>
        <ServiceCalendarFrame version="1" id="VTR:ServiceCalendarFrame:1362">
          <dayTypes>
            <DayType id="VTR:DayType:702" version="1">
              <properties>
                <PropertyOfDay>
                  <DaysOfWeek>Monday Tuesday Wednesday Thursday Friday</DaysOfWeek>
                </PropertyOfDay>
              </properties>
            </DayType>
          </dayTypes>
          <operatingPeriods>
            <OperatingPeriod version="1" id="VTR:OperatingPeriod:702">
              <FromDate>2018-09-01T00:00:00</FromDate>
              <ToDate>2020-06-30T00:00:00</ToDate>
            </OperatingPeriod>
          </operatingPeriods>
          <dayTypeAssignments>
            <DayTypeAssignment id="VTR:DayTypeAssignment:702_0" version="1" order="837">
              <OperatingPeriodRef ref="VTR:OperatingPeriod:702" version="1"/>
              <DayTypeRef ref="VTR:DayType:702" version="1"/>
            </DayTypeAssignment>
          </dayTypeAssignments>
        </ServiceCalendarFrame>
        <ServiceFrame id="VTR:ServiceFrame:1362" version="1">
          <Network version="0" id="VTR:Network:25"/>
          <routePoints>
            <RoutePoint version="1" id="VTR:RoutePoint:87077">
              <projections>
                <PointProjection version="1" id="VTR:PointProjection:28040">
                  <ProjectedPointRef ref="VTR:ScheduledStopPoint:87077" version="1"/>
                </PointProjection>
              </projections>
            </RoutePoint>
            <RoutePoint version="1" id="VTR:RoutePoint:87078">
              <projections>
                <PointProjection version="1" id="VTR:PointProjection:28041">
                  <ProjectedPointRef ref="VTR:ScheduledStopPoint:87078" version="1"/>
                </PointProjection>
              </projections>
            </RoutePoint>
            <RoutePoint version="1" id="VTR:RoutePoint:87079">
              <projections>
                <PointProjection version="1" id="VTR:PointProjection:28042">
                  <ProjectedPointRef ref="VTR:ScheduledStopPoint:87079" version="1"/>
                </PointProjection>
              </projections>
            </RoutePoint>
            <RoutePoint version="1" id="VTR:RoutePoint:87080">
              <projections>
                <PointProjection version="1" id="VTR:PointProjection:28043">
                  <ProjectedPointRef ref="VTR:ScheduledStopPoint:87080" version="1"/>
                </PointProjection>
              </projections>
            </RoutePoint>
            <RoutePoint version="1" id="VTR:RoutePoint:87081">
              <projections>
                <PointProjection version="1" id="VTR:PointProjection:28044">
                  <ProjectedPointRef ref="VTR:ScheduledStopPoint:87081" version="1"/>
                </PointProjection>
              </projections>
            </RoutePoint>
          </routePoints>
          <routes>
            <Route version="1" id="VTR:Route:5193">
              <Name>Pasvalio AS-Poliklinika-Pasvalio AS</Name>
              <ShortName>Pasvalio AS-Poliklinika-Pasvalio AS</ShortName>
              <LineRef ref="VTR:Line:2056" version="2072"/>
              <DirectionType>outbound</DirectionType>
              <pointsInSequence>
                <PointOnRoute version="1" id="VTR:PointOnRoute:87077" order="1">
                  <RoutePointRef ref="VTR:RoutePoint:87077"/>
                </PointOnRoute>
                <PointOnRoute version="1" id="VTR:PointOnRoute:87078" order="2">
                  <RoutePointRef ref="VTR:RoutePoint:87078"/>
                </PointOnRoute>
                <PointOnRoute version="1" id="VTR:PointOnRoute:87079" order="3">
                  <RoutePointRef ref="VTR:RoutePoint:87079"/>
                </PointOnRoute>
                <PointOnRoute version="1" id="VTR:PointOnRoute:87080" order="4">
                  <RoutePointRef ref="VTR:RoutePoint:87080"/>
                </PointOnRoute>
                <PointOnRoute version="1" id="VTR:PointOnRoute:87081" order="5">
                  <RoutePointRef ref="VTR:RoutePoint:87081"/>
                </PointOnRoute>
              </pointsInSequence>
            </Route>
          </routes>
          <lines>
            <Line version="2072" id="VTR:Line:2056">
              <Name>Pasvalio AS-Poliklinika-Pasvalio AS</Name>
              <TransportMode>bus</TransportMode>
              <TransportSubmode>
                <BusSubmode>localBus</BusSubmode>
              </TransportSubmode>
              <PublicCode>1</PublicCode>
              <OperatorRef ref="VTR:Operator:25"/>
            </Line>
          </lines>
          <scheduledStopPoints>
            <ScheduledStopPoint version="1" id="VTR:ScheduledStopPoint:87077">
              <Name>Pasvalio autobusų stotis</Name>
            </ScheduledStopPoint>
            <ScheduledStopPoint version="1" id="VTR:ScheduledStopPoint:87078">
              <Name>Centras</Name>
            </ScheduledStopPoint>
            <ScheduledStopPoint version="1" id="VTR:ScheduledStopPoint:87079">
              <Name>Poliklinika</Name>
            </ScheduledStopPoint>
            <ScheduledStopPoint version="1" id="VTR:ScheduledStopPoint:87080">
              <Name>Centras</Name>
            </ScheduledStopPoint>
            <ScheduledStopPoint version="1" id="VTR:ScheduledStopPoint:87081">
              <Name>Pasvalio autobusų stotis</Name>
            </ScheduledStopPoint>
          </scheduledStopPoints>
          <serviceLinks>
            <ServiceLink id="VTR:ServiceLink:87080_1_87081_1" version="1">
              <Distance>0</Distance>
              <FromPointRef ref="VTR:ScheduledStopPoint:87080" version="1"/>
              <ToPointRef ref="VTR:ScheduledStopPoint:87081" version="1"/>
            </ServiceLink>
            <ServiceLink id="VTR:ServiceLink:87079_1_87080_1" version="1">
              <Distance>1</Distance>
              <FromPointRef ref="VTR:ScheduledStopPoint:87079" version="1"/>
              <ToPointRef ref="VTR:ScheduledStopPoint:87080" version="1"/>
            </ServiceLink>
            <ServiceLink id="VTR:ServiceLink:87078_1_87079_1" version="1">
              <Distance>1</Distance>
              <FromPointRef ref="VTR:ScheduledStopPoint:87078" version="1"/>
              <ToPointRef ref="VTR:ScheduledStopPoint:87079" version="1"/>
            </ServiceLink>
            <ServiceLink id="VTR:ServiceLink:87077_1_87078_1" version="1">
              <Distance>0</Distance>
              <FromPointRef ref="VTR:ScheduledStopPoint:87077" version="1"/>
              <ToPointRef ref="VTR:ScheduledStopPoint:87078" version="1"/>
            </ServiceLink>
          </serviceLinks>
          <stopAssignments>
            <PassengerStopAssignment order="519300000" id="VTR:PassengerStopAssignment:87077" version="1">
              <ScheduledStopPointRef ref="VTR:ScheduledStopPoint:87077" version="1"/>
              <QuayRef ref="VTR:Quay:19487"/>
            </PassengerStopAssignment>
            <PassengerStopAssignment order="519300001" id="VTR:PassengerStopAssignment:87078" version="1">
              <ScheduledStopPointRef ref="VTR:ScheduledStopPoint:87078" version="1"/>
              <QuayRef ref="VTR:Quay:22066"/>
            </PassengerStopAssignment>
            <PassengerStopAssignment order="519300002" id="VTR:PassengerStopAssignment:87079" version="1">
              <ScheduledStopPointRef ref="VTR:ScheduledStopPoint:87079" version="1"/>
              <QuayRef ref="VTR:Quay:22067"/>
            </PassengerStopAssignment>
            <PassengerStopAssignment order="519300003" id="VTR:PassengerStopAssignment:87080" version="1">
              <ScheduledStopPointRef ref="VTR:ScheduledStopPoint:87080" version="1"/>
              <QuayRef ref="VTR:Quay:22066"/>
            </PassengerStopAssignment>
            <PassengerStopAssignment order="519300004" id="VTR:PassengerStopAssignment:87081" version="1">
              <ScheduledStopPointRef ref="VTR:ScheduledStopPoint:87081" version="1"/>
              <QuayRef ref="VTR:Quay:19487"/>
            </PassengerStopAssignment>
          </stopAssignments>
          <journeyPatterns>
            <JourneyPattern id="VTR:JourneyPattern:48098" version="48093">
              <Name>3</Name>
              <RouteRef ref="VTR:Route:5193" version="1"/>
              <pointsInSequence>
                <StopPointInJourneyPattern id="VTR:StopPointInJourneyPattern:995688" version="48093" order="1">
                  <ScheduledStopPointRef ref="VTR:ScheduledStopPoint:87077"/>
                  <DestinationDisplayRef ref="VTR:DestinationDisplay:1"/>
                </StopPointInJourneyPattern>
                <StopPointInJourneyPattern id="VTR:StopPointInJourneyPattern:995689" version="48093" order="2">
                  <ScheduledStopPointRef ref="VTR:ScheduledStopPoint:87078"/>
                  <DestinationDisplayRef ref="VTR:DestinationDisplay:1"/>
                </StopPointInJourneyPattern>
                <StopPointInJourneyPattern id="VTR:StopPointInJourneyPattern:995690" version="48093" order="3">
                  <ScheduledStopPointRef ref="VTR:ScheduledStopPoint:87079"/>
                  <DestinationDisplayRef ref="VTR:DestinationDisplay:1"/>
                </StopPointInJourneyPattern>
                <StopPointInJourneyPattern id="VTR:StopPointInJourneyPattern:995691" version="48093" order="4">
                  <ScheduledStopPointRef ref="VTR:ScheduledStopPoint:87080"/>
                  <DestinationDisplayRef ref="VTR:DestinationDisplay:1"/>
                </StopPointInJourneyPattern>
                <StopPointInJourneyPattern id="VTR:StopPointInJourneyPattern:995692" version="48093" order="5">
                  <ScheduledStopPointRef ref="VTR:ScheduledStopPoint:87081"/>
                  <DestinationDisplayRef ref="VTR:DestinationDisplay:1"/>
                </StopPointInJourneyPattern>
              </pointsInSequence>
            </JourneyPattern>
            <JourneyPattern id="VTR:JourneyPattern:48100" version="48095">
              <Name>4</Name>
              <RouteRef ref="VTR:Route:5193" version="1"/>
              <pointsInSequence>
                <StopPointInJourneyPattern id="VTR:StopPointInJourneyPattern:995710" version="48095" order="1">
                  <ScheduledStopPointRef ref="VTR:ScheduledStopPoint:87077"/>
                  <DestinationDisplayRef ref="VTR:DestinationDisplay:1"/>
                </StopPointInJourneyPattern>
                <StopPointInJourneyPattern id="VTR:StopPointInJourneyPattern:995711" version="48095" order="2">
                  <ScheduledStopPointRef ref="VTR:ScheduledStopPoint:87078"/>
                  <DestinationDisplayRef ref="VTR:DestinationDisplay:1"/>
                </StopPointInJourneyPattern>
                <StopPointInJourneyPattern id="VTR:StopPointInJourneyPattern:995712" version="48095" order="3">
                  <ScheduledStopPointRef ref="VTR:ScheduledStopPoint:87079"/>
                  <DestinationDisplayRef ref="VTR:DestinationDisplay:1"/>
                </StopPointInJourneyPattern>
                <StopPointInJourneyPattern id="VTR:StopPointInJourneyPattern:995713" version="48095" order="4">
                  <ScheduledStopPointRef ref="VTR:ScheduledStopPoint:87080"/>
                  <DestinationDisplayRef ref="VTR:DestinationDisplay:1"/>
                </StopPointInJourneyPattern>
                <StopPointInJourneyPattern id="VTR:StopPointInJourneyPattern:995714" version="48095" order="5">
                  <ScheduledStopPointRef ref="VTR:ScheduledStopPoint:87081"/>
                  <DestinationDisplayRef ref="VTR:DestinationDisplay:1"/>
                </StopPointInJourneyPattern>
              </pointsInSequence>
            </JourneyPattern>
            <JourneyPattern id="VTR:JourneyPattern:48104" version="48099">
              <Name>7</Name>
              <RouteRef ref="VTR:Route:5193" version="1"/>
              <pointsInSequence>
                <StopPointInJourneyPattern id="VTR:StopPointInJourneyPattern:995734" version="48099" order="1">
                  <ScheduledStopPointRef ref="VTR:ScheduledStopPoint:87077"/>
                  <DestinationDisplayRef ref="VTR:DestinationDisplay:1"/>
                </StopPointInJourneyPattern>
                <StopPointInJourneyPattern id="VTR:StopPointInJourneyPattern:995735" version="48099" order="2">
                  <ScheduledStopPointRef ref="VTR:ScheduledStopPoint:87078"/>
                  <DestinationDisplayRef ref="VTR:DestinationDisplay:1"/>
                </StopPointInJourneyPattern>
                <StopPointInJourneyPattern id="VTR:StopPointInJourneyPattern:995736" version="48099" order="3">
                  <ScheduledStopPointRef ref="VTR:ScheduledStopPoint:87079"/>
                  <DestinationDisplayRef ref="VTR:DestinationDisplay:1"/>
                </StopPointInJourneyPattern>
                <StopPointInJourneyPattern id="VTR:StopPointInJourneyPattern:995737" version="48099" order="4">
                  <ScheduledStopPointRef ref="VTR:ScheduledStopPoint:87080"/>
                  <DestinationDisplayRef ref="VTR:DestinationDisplay:1"/>
                </StopPointInJourneyPattern>
                <StopPointInJourneyPattern id="VTR:StopPointInJourneyPattern:995738" version="48099" order="5">
                  <ScheduledStopPointRef ref="VTR:ScheduledStopPoint:87081"/>
                  <DestinationDisplayRef ref="VTR:DestinationDisplay:1"/>
                </StopPointInJourneyPattern>
              </pointsInSequence>
            </JourneyPattern>
            <JourneyPattern id="VTR:JourneyPattern:48102" version="48097">
              <Name>5</Name>
              <RouteRef ref="VTR:Route:5193" version="1"/>
              <pointsInSequence>
                <StopPointInJourneyPattern id="VTR:StopPointInJourneyPattern:995724" version="48097" order="1">
                  <ScheduledStopPointRef ref="VTR:ScheduledStopPoint:87077"/>
                  <DestinationDisplayRef ref="VTR:DestinationDisplay:1"/>
                </StopPointInJourneyPattern>
                <StopPointInJourneyPattern id="VTR:StopPointInJourneyPattern:995725" version="48097" order="2">
                  <ScheduledStopPointRef ref="VTR:ScheduledStopPoint:87078"/>
                  <DestinationDisplayRef ref="VTR:DestinationDisplay:1"/>
                </StopPointInJourneyPattern>
                <StopPointInJourneyPattern id="VTR:StopPointInJourneyPattern:995726" version="48097" order="3">
                  <ScheduledStopPointRef ref="VTR:ScheduledStopPoint:87079"/>
                  <DestinationDisplayRef ref="VTR:DestinationDisplay:1"/>
                </StopPointInJourneyPattern>
                <StopPointInJourneyPattern id="VTR:StopPointInJourneyPattern:995727" version="48097" order="4">
                  <ScheduledStopPointRef ref="VTR:ScheduledStopPoint:87080"/>
                  <DestinationDisplayRef ref="VTR:DestinationDisplay:1"/>
                </StopPointInJourneyPattern>
                <StopPointInJourneyPattern id="VTR:StopPointInJourneyPattern:995728" version="48097" order="5">
                  <ScheduledStopPointRef ref="VTR:ScheduledStopPoint:87081"/>
                  <DestinationDisplayRef ref="VTR:DestinationDisplay:1"/>
                </StopPointInJourneyPattern>
              </pointsInSequence>
            </JourneyPattern>
            <JourneyPattern id="VTR:JourneyPattern:48097" version="48092">
              <Name>2</Name>
              <RouteRef ref="VTR:Route:5193" version="1"/>
              <pointsInSequence>
                <StopPointInJourneyPattern id="VTR:StopPointInJourneyPattern:995683" version="48092" order="1">
                  <ScheduledStopPointRef ref="VTR:ScheduledStopPoint:87077"/>
                  <DestinationDisplayRef ref="VTR:DestinationDisplay:1"/>
                </StopPointInJourneyPattern>
                <StopPointInJourneyPattern id="VTR:StopPointInJourneyPattern:995684" version="48092" order="2">
                  <ScheduledStopPointRef ref="VTR:ScheduledStopPoint:87078"/>
                  <DestinationDisplayRef ref="VTR:DestinationDisplay:1"/>
                </StopPointInJourneyPattern>
                <StopPointInJourneyPattern id="VTR:StopPointInJourneyPattern:995685" version="48092" order="3">
                  <ScheduledStopPointRef ref="VTR:ScheduledStopPoint:87079"/>
                  <DestinationDisplayRef ref="VTR:DestinationDisplay:1"/>
                </StopPointInJourneyPattern>
                <StopPointInJourneyPattern id="VTR:StopPointInJourneyPattern:995686" version="48092" order="4">
                  <ScheduledStopPointRef ref="VTR:ScheduledStopPoint:87080"/>
                  <DestinationDisplayRef ref="VTR:DestinationDisplay:1"/>
                </StopPointInJourneyPattern>
                <StopPointInJourneyPattern id="VTR:StopPointInJourneyPattern:995687" version="48092" order="5">
                  <ScheduledStopPointRef ref="VTR:ScheduledStopPoint:87081"/>
                  <DestinationDisplayRef ref="VTR:DestinationDisplay:1"/>
                </StopPointInJourneyPattern>
              </pointsInSequence>
            </JourneyPattern>
            <JourneyPattern id="VTR:JourneyPattern:48096" version="48091">
              <Name>1</Name>
              <RouteRef ref="VTR:Route:5193" version="1"/>
              <pointsInSequence>
                <StopPointInJourneyPattern id="VTR:StopPointInJourneyPattern:995678" version="48091" order="1">
                  <ScheduledStopPointRef ref="VTR:ScheduledStopPoint:87077"/>
                  <DestinationDisplayRef ref="VTR:DestinationDisplay:1"/>
                </StopPointInJourneyPattern>
                <StopPointInJourneyPattern id="VTR:StopPointInJourneyPattern:995679" version="48091" order="2">
                  <ScheduledStopPointRef ref="VTR:ScheduledStopPoint:87078"/>
                  <DestinationDisplayRef ref="VTR:DestinationDisplay:1"/>
                </StopPointInJourneyPattern>
                <StopPointInJourneyPattern id="VTR:StopPointInJourneyPattern:995680" version="48091" order="3">
                  <ScheduledStopPointRef ref="VTR:ScheduledStopPoint:87079"/>
                  <DestinationDisplayRef ref="VTR:DestinationDisplay:1"/>
                </StopPointInJourneyPattern>
                <StopPointInJourneyPattern id="VTR:StopPointInJourneyPattern:995681" version="48091" order="4">
                  <ScheduledStopPointRef ref="VTR:ScheduledStopPoint:87080"/>
                  <DestinationDisplayRef ref="VTR:DestinationDisplay:1"/>
                </StopPointInJourneyPattern>
                <StopPointInJourneyPattern id="VTR:StopPointInJourneyPattern:995682" version="48091" order="5">
                  <ScheduledStopPointRef ref="VTR:ScheduledStopPoint:87081"/>
                  <DestinationDisplayRef ref="VTR:DestinationDisplay:1"/>
                </StopPointInJourneyPattern>
              </pointsInSequence>
            </JourneyPattern>
            <JourneyPattern id="VTR:JourneyPattern:48105" version="48100">
              <Name>8</Name>
              <RouteRef ref="VTR:Route:5193" version="1"/>
              <pointsInSequence>
                <StopPointInJourneyPattern id="VTR:StopPointInJourneyPattern:995739" version="48100" order="1">
                  <ScheduledStopPointRef ref="VTR:ScheduledStopPoint:87077"/>
                  <DestinationDisplayRef ref="VTR:DestinationDisplay:1"/>
                </StopPointInJourneyPattern>
                <StopPointInJourneyPattern id="VTR:StopPointInJourneyPattern:995740" version="48100" order="2">
                  <ScheduledStopPointRef ref="VTR:ScheduledStopPoint:87078"/>
                  <DestinationDisplayRef ref="VTR:DestinationDisplay:1"/>
                </StopPointInJourneyPattern>
                <StopPointInJourneyPattern id="VTR:StopPointInJourneyPattern:995741" version="48100" order="3">
                  <ScheduledStopPointRef ref="VTR:ScheduledStopPoint:87079"/>
                  <DestinationDisplayRef ref="VTR:DestinationDisplay:1"/>
                </StopPointInJourneyPattern>
                <StopPointInJourneyPattern id="VTR:StopPointInJourneyPattern:995742" version="48100" order="4">
                  <ScheduledStopPointRef ref="VTR:ScheduledStopPoint:87080"/>
                  <DestinationDisplayRef ref="VTR:DestinationDisplay:1"/>
                </StopPointInJourneyPattern>
                <StopPointInJourneyPattern id="VTR:StopPointInJourneyPattern:995743" version="48100" order="5">
                  <ScheduledStopPointRef ref="VTR:ScheduledStopPoint:87081"/>
                  <DestinationDisplayRef ref="VTR:DestinationDisplay:1"/>
                </StopPointInJourneyPattern>
              </pointsInSequence>
            </JourneyPattern>
            <JourneyPattern id="VTR:JourneyPattern:48103" version="48098">
              <Name>6</Name>
              <RouteRef ref="VTR:Route:5193" version="1"/>
              <pointsInSequence>
                <StopPointInJourneyPattern id="VTR:StopPointInJourneyPattern:995729" version="48098" order="1">
                  <ScheduledStopPointRef ref="VTR:ScheduledStopPoint:87077"/>
                  <DestinationDisplayRef ref="VTR:DestinationDisplay:1"/>
                </StopPointInJourneyPattern>
                <StopPointInJourneyPattern id="VTR:StopPointInJourneyPattern:995730" version="48098" order="2">
                  <ScheduledStopPointRef ref="VTR:ScheduledStopPoint:87078"/>
                  <DestinationDisplayRef ref="VTR:DestinationDisplay:1"/>
                </StopPointInJourneyPattern>
                <StopPointInJourneyPattern id="VTR:StopPointInJourneyPattern:995731" version="48098" order="3">
                  <ScheduledStopPointRef ref="VTR:ScheduledStopPoint:87079"/>
                  <DestinationDisplayRef ref="VTR:DestinationDisplay:1"/>
                </StopPointInJourneyPattern>
                <StopPointInJourneyPattern id="VTR:StopPointInJourneyPattern:995732" version="48098" order="4">
                  <ScheduledStopPointRef ref="VTR:ScheduledStopPoint:87080"/>
                  <DestinationDisplayRef ref="VTR:DestinationDisplay:1"/>
                </StopPointInJourneyPattern>
                <StopPointInJourneyPattern id="VTR:StopPointInJourneyPattern:995733" version="48098" order="5">
                  <ScheduledStopPointRef ref="VTR:ScheduledStopPoint:87081"/>
                  <DestinationDisplayRef ref="VTR:DestinationDisplay:1"/>
                </StopPointInJourneyPattern>
              </pointsInSequence>
            </JourneyPattern>
          </journeyPatterns>
        </ServiceFrame>
        <TimetableFrame version="1" id="VTR:TimetableFrame:1362">
          <vehicleJourneys>
            <ServiceJourney version="48091" id="VTR:ServiceJourney:48096">
              <Name>Pasvalio AS-Poliklinika-Pasvalio AS</Name>
              <PrivateCode>1</PrivateCode>
              <dayTypes>
                <DayTypeRef ref="VTR:DayType:702"/>
              </dayTypes>
              <JourneyPatternRef version="48091" ref="VTR:JourneyPattern:48096"/>
              <OperatorRef ref="VTR:Operator:371"/>
              <LineRef ref="VTR:Line:2056" version="2072"/>
              <passingTimes>
                <TimetabledPassingTime version="48091" id="VTR:TimetabledPassingTime:48096_995678_1">
                  <StopPointInJourneyPatternRef ref="VTR:StopPointInJourneyPattern:995678" version="48091"/>
                  <DepartureTime>07:40:00</DepartureTime>
                  <DepartureDayOffset>0</DepartureDayOffset>
                </TimetabledPassingTime>
                <TimetabledPassingTime version="48091" id="VTR:TimetabledPassingTime:48096_995679_2">
                  <StopPointInJourneyPatternRef ref="VTR:StopPointInJourneyPattern:995679" version="48091"/>
                  <DepartureTime>07:43:00</DepartureTime>
                  <DepartureDayOffset>0</DepartureDayOffset>
                </TimetabledPassingTime>
                <TimetabledPassingTime version="48091" id="VTR:TimetabledPassingTime:48096_995680_3">
                  <StopPointInJourneyPatternRef ref="VTR:StopPointInJourneyPattern:995680" version="48091"/>
                  <DepartureTime>07:47:00</DepartureTime>
                  <DepartureDayOffset>0</DepartureDayOffset>
                </TimetabledPassingTime>
                <TimetabledPassingTime version="48091" id="VTR:TimetabledPassingTime:48096_995681_4">
                  <StopPointInJourneyPatternRef ref="VTR:StopPointInJourneyPattern:995681" version="48091"/>
                  <DepartureTime>07:50:00</DepartureTime>
                  <DepartureDayOffset>0</DepartureDayOffset>
                </TimetabledPassingTime>
                <TimetabledPassingTime version="48091" id="VTR:TimetabledPassingTime:48096_995682_5">
                  <StopPointInJourneyPatternRef ref="VTR:StopPointInJourneyPattern:995682" version="48091"/>
                  <DepartureTime>07:54:00</DepartureTime>
                  <DepartureDayOffset>0</DepartureDayOffset>
                </TimetabledPassingTime>
              </passingTimes>
            </ServiceJourney>
            <ServiceJourney version="48099" id="VTR:ServiceJourney:48104">
              <Name>Pasvalio AS-Poliklinika-Pasvalio AS</Name>
              <PrivateCode>7</PrivateCode>
              <dayTypes>
                <DayTypeRef ref="VTR:DayType:702"/>
              </dayTypes>
              <JourneyPatternRef version="48099" ref="VTR:JourneyPattern:48104"/>
              <OperatorRef ref="VTR:Operator:371"/>
              <LineRef ref="VTR:Line:2056" version="2072"/>
              <passingTimes>
                <TimetabledPassingTime version="48099" id="VTR:TimetabledPassingTime:48104_995734_1">
                  <StopPointInJourneyPatternRef ref="VTR:StopPointInJourneyPattern:995734" version="48099"/>
                  <DepartureTime>12:00:00</DepartureTime>
                  <DepartureDayOffset>0</DepartureDayOffset>
                </TimetabledPassingTime>
                <TimetabledPassingTime version="48099" id="VTR:TimetabledPassingTime:48104_995735_2">
                  <StopPointInJourneyPatternRef ref="VTR:StopPointInJourneyPattern:995735" version="48099"/>
                  <DepartureTime>12:03:00</DepartureTime>
                  <DepartureDayOffset>0</DepartureDayOffset>
                </TimetabledPassingTime>
                <TimetabledPassingTime version="48099" id="VTR:TimetabledPassingTime:48104_995736_3">
                  <StopPointInJourneyPatternRef ref="VTR:StopPointInJourneyPattern:995736" version="48099"/>
                  <DepartureTime>12:10:00</DepartureTime>
                  <DepartureDayOffset>0</DepartureDayOffset>
                </TimetabledPassingTime>
                <TimetabledPassingTime version="48099" id="VTR:TimetabledPassingTime:48104_995737_4">
                  <StopPointInJourneyPatternRef ref="VTR:StopPointInJourneyPattern:995737" version="48099"/>
                  <DepartureTime>12:15:00</DepartureTime>
                  <DepartureDayOffset>0</DepartureDayOffset>
                </TimetabledPassingTime>
                <TimetabledPassingTime version="48099" id="VTR:TimetabledPassingTime:48104_995738_5">
                  <StopPointInJourneyPatternRef ref="VTR:StopPointInJourneyPattern:995738" version="48099"/>
                  <DepartureTime>12:18:00</DepartureTime>
                  <DepartureDayOffset>0</DepartureDayOffset>
                </TimetabledPassingTime>
              </passingTimes>
            </ServiceJourney>
            <ServiceJourney version="48097" id="VTR:ServiceJourney:48102">
              <Name>Pasvalio AS-Poliklinika-Pasvalio AS</Name>
              <PrivateCode>5</PrivateCode>
              <dayTypes>
                <DayTypeRef ref="VTR:DayType:702"/>
              </dayTypes>
              <JourneyPatternRef version="48097" ref="VTR:JourneyPattern:48102"/>
              <OperatorRef ref="VTR:Operator:371"/>
              <LineRef ref="VTR:Line:2056" version="2072"/>
              <passingTimes>
                <TimetabledPassingTime version="48097" id="VTR:TimetabledPassingTime:48102_995724_1">
                  <StopPointInJourneyPatternRef ref="VTR:StopPointInJourneyPattern:995724" version="48097"/>
                  <DepartureTime>09:30:00</DepartureTime>
                  <DepartureDayOffset>0</DepartureDayOffset>
                </TimetabledPassingTime>
                <TimetabledPassingTime version="48097" id="VTR:TimetabledPassingTime:48102_995725_2">
                  <StopPointInJourneyPatternRef ref="VTR:StopPointInJourneyPattern:995725" version="48097"/>
                  <DepartureTime>09:33:00</DepartureTime>
                  <DepartureDayOffset>0</DepartureDayOffset>
                </TimetabledPassingTime>
                <TimetabledPassingTime version="48097" id="VTR:TimetabledPassingTime:48102_995726_3">
                  <StopPointInJourneyPatternRef ref="VTR:StopPointInJourneyPattern:995726" version="48097"/>
                  <DepartureTime>09:40:00</DepartureTime>
                  <DepartureDayOffset>0</DepartureDayOffset>
                </TimetabledPassingTime>
                <TimetabledPassingTime version="48097" id="VTR:TimetabledPassingTime:48102_995727_4">
                  <StopPointInJourneyPatternRef ref="VTR:StopPointInJourneyPattern:995727" version="48097"/>
                  <DepartureTime>09:45:00</DepartureTime>
                  <DepartureDayOffset>0</DepartureDayOffset>
                </TimetabledPassingTime>
                <TimetabledPassingTime version="48097" id="VTR:TimetabledPassingTime:48102_995728_5">
                  <StopPointInJourneyPatternRef ref="VTR:StopPointInJourneyPattern:995728" version="48097"/>
                  <DepartureTime>09:48:00</DepartureTime>
                  <DepartureDayOffset>0</DepartureDayOffset>
                </TimetabledPassingTime>
              </passingTimes>
            </ServiceJourney>
            <ServiceJourney version="48095" id="VTR:ServiceJourney:48100">
              <Name>Pasvalio AS-Poliklinika-Pasvalio AS</Name>
              <PrivateCode>4</PrivateCode>
              <dayTypes>
                <DayTypeRef ref="VTR:DayType:702"/>
              </dayTypes>
              <JourneyPatternRef version="48095" ref="VTR:JourneyPattern:48100"/>
              <OperatorRef ref="VTR:Operator:371"/>
              <LineRef ref="VTR:Line:2056" version="2072"/>
              <passingTimes>
                <TimetabledPassingTime version="48095" id="VTR:TimetabledPassingTime:48100_995710_1">
                  <StopPointInJourneyPatternRef ref="VTR:StopPointInJourneyPattern:995710" version="48095"/>
                  <DepartureTime>09:00:00</DepartureTime>
                  <DepartureDayOffset>0</DepartureDayOffset>
                </TimetabledPassingTime>
                <TimetabledPassingTime version="48095" id="VTR:TimetabledPassingTime:48100_995711_2">
                  <StopPointInJourneyPatternRef ref="VTR:StopPointInJourneyPattern:995711" version="48095"/>
                  <DepartureTime>09:03:00</DepartureTime>
                  <DepartureDayOffset>0</DepartureDayOffset>
                </TimetabledPassingTime>
                <TimetabledPassingTime version="48095" id="VTR:TimetabledPassingTime:48100_995712_3">
                  <StopPointInJourneyPatternRef ref="VTR:StopPointInJourneyPattern:995712" version="48095"/>
                  <DepartureTime>09:10:00</DepartureTime>
                  <DepartureDayOffset>0</DepartureDayOffset>
                </TimetabledPassingTime>
                <TimetabledPassingTime version="48095" id="VTR:TimetabledPassingTime:48100_995713_4">
                  <StopPointInJourneyPatternRef ref="VTR:StopPointInJourneyPattern:995713" version="48095"/>
                  <DepartureTime>09:15:00</DepartureTime>
                  <DepartureDayOffset>0</DepartureDayOffset>
                </TimetabledPassingTime>
                <TimetabledPassingTime version="48095" id="VTR:TimetabledPassingTime:48100_995714_5">
                  <StopPointInJourneyPatternRef ref="VTR:StopPointInJourneyPattern:995714" version="48095"/>
                  <DepartureTime>09:18:00</DepartureTime>
                  <DepartureDayOffset>0</DepartureDayOffset>
                </TimetabledPassingTime>
              </passingTimes>
            </ServiceJourney>
            <ServiceJourney version="48093" id="VTR:ServiceJourney:48098">
              <Name>Pasvalio AS-Poliklinika-Pasvalio AS</Name>
              <PrivateCode>3</PrivateCode>
              <dayTypes>
                <DayTypeRef ref="VTR:DayType:702"/>
              </dayTypes>
              <JourneyPatternRef version="48093" ref="VTR:JourneyPattern:48098"/>
              <OperatorRef ref="VTR:Operator:371"/>
              <LineRef ref="VTR:Line:2056" version="2072"/>
              <passingTimes>
                <TimetabledPassingTime version="48093" id="VTR:TimetabledPassingTime:48098_995688_1">
                  <StopPointInJourneyPatternRef ref="VTR:StopPointInJourneyPattern:995688" version="48093"/>
                  <DepartureTime>08:30:00</DepartureTime>
                  <DepartureDayOffset>0</DepartureDayOffset>
                </TimetabledPassingTime>
                <TimetabledPassingTime version="48093" id="VTR:TimetabledPassingTime:48098_995689_2">
                  <StopPointInJourneyPatternRef ref="VTR:StopPointInJourneyPattern:995689" version="48093"/>
                  <DepartureTime>08:33:00</DepartureTime>
                  <DepartureDayOffset>0</DepartureDayOffset>
                </TimetabledPassingTime>
                <TimetabledPassingTime version="48093" id="VTR:TimetabledPassingTime:48098_995690_3">
                  <StopPointInJourneyPatternRef ref="VTR:StopPointInJourneyPattern:995690" version="48093"/>
                  <DepartureTime>08:40:00</DepartureTime>
                  <DepartureDayOffset>0</DepartureDayOffset>
                </TimetabledPassingTime>
                <TimetabledPassingTime version="48093" id="VTR:TimetabledPassingTime:48098_995691_4">
                  <StopPointInJourneyPatternRef ref="VTR:StopPointInJourneyPattern:995691" version="48093"/>
                  <DepartureTime>08:45:00</DepartureTime>
                  <DepartureDayOffset>0</DepartureDayOffset>
                </TimetabledPassingTime>
                <TimetabledPassingTime version="48093" id="VTR:TimetabledPassingTime:48098_995692_5">
                  <StopPointInJourneyPatternRef ref="VTR:StopPointInJourneyPattern:995692" version="48093"/>
                  <DepartureTime>08:48:00</DepartureTime>
                  <DepartureDayOffset>0</DepartureDayOffset>
                </TimetabledPassingTime>
              </passingTimes>
            </ServiceJourney>
            <ServiceJourney version="48092" id="VTR:ServiceJourney:48097">
              <Name>Pasvalio AS-Poliklinika-Pasvalio AS</Name>
              <PrivateCode>2</PrivateCode>
              <dayTypes>
                <DayTypeRef ref="VTR:DayType:702"/>
              </dayTypes>
              <JourneyPatternRef version="48092" ref="VTR:JourneyPattern:48097"/>
              <OperatorRef ref="VTR:Operator:371"/>
              <LineRef ref="VTR:Line:2056" version="2072"/>
              <passingTimes>
                <TimetabledPassingTime version="48092" id="VTR:TimetabledPassingTime:48097_995683_1">
                  <StopPointInJourneyPatternRef ref="VTR:StopPointInJourneyPattern:995683" version="48092"/>
                  <DepartureTime>08:00:00</DepartureTime>
                  <DepartureDayOffset>0</DepartureDayOffset>
                </TimetabledPassingTime>
                <TimetabledPassingTime version="48092" id="VTR:TimetabledPassingTime:48097_995684_2">
                  <StopPointInJourneyPatternRef ref="VTR:StopPointInJourneyPattern:995684" version="48092"/>
                  <DepartureTime>08:03:00</DepartureTime>
                  <DepartureDayOffset>0</DepartureDayOffset>
                </TimetabledPassingTime>
                <TimetabledPassingTime version="48092" id="VTR:TimetabledPassingTime:48097_995685_3">
                  <StopPointInJourneyPatternRef ref="VTR:StopPointInJourneyPattern:995685" version="48092"/>
                  <DepartureTime>08:10:00</DepartureTime>
                  <DepartureDayOffset>0</DepartureDayOffset>
                </TimetabledPassingTime>
                <TimetabledPassingTime version="48092" id="VTR:TimetabledPassingTime:48097_995686_4">
                  <StopPointInJourneyPatternRef ref="VTR:StopPointInJourneyPattern:995686" version="48092"/>
                  <DepartureTime>08:15:00</DepartureTime>
                  <DepartureDayOffset>0</DepartureDayOffset>
                </TimetabledPassingTime>
                <TimetabledPassingTime version="48092" id="VTR:TimetabledPassingTime:48097_995687_5">
                  <StopPointInJourneyPatternRef ref="VTR:StopPointInJourneyPattern:995687" version="48092"/>
                  <DepartureTime>08:18:00</DepartureTime>
                  <DepartureDayOffset>0</DepartureDayOffset>
                </TimetabledPassingTime>
              </passingTimes>
            </ServiceJourney>
            <ServiceJourney version="48100" id="VTR:ServiceJourney:48105">
              <Name>Pasvalio AS-Poliklinika-Pasvalio AS</Name>
              <PrivateCode>8</PrivateCode>
              <dayTypes>
                <DayTypeRef ref="VTR:DayType:702"/>
              </dayTypes>
              <JourneyPatternRef version="48100" ref="VTR:JourneyPattern:48105"/>
              <OperatorRef ref="VTR:Operator:371"/>
              <LineRef ref="VTR:Line:2056" version="2072"/>
              <passingTimes>
                <TimetabledPassingTime version="48100" id="VTR:TimetabledPassingTime:48105_995739_1">
                  <StopPointInJourneyPatternRef ref="VTR:StopPointInJourneyPattern:995739" version="48100"/>
                  <DepartureTime>13:00:00</DepartureTime>
                  <DepartureDayOffset>0</DepartureDayOffset>
                </TimetabledPassingTime>
                <TimetabledPassingTime version="48100" id="VTR:TimetabledPassingTime:48105_995740_2">
                  <StopPointInJourneyPatternRef ref="VTR:StopPointInJourneyPattern:995740" version="48100"/>
                  <DepartureTime>13:03:00</DepartureTime>
                  <DepartureDayOffset>0</DepartureDayOffset>
                </TimetabledPassingTime>
                <TimetabledPassingTime version="48100" id="VTR:TimetabledPassingTime:48105_995741_3">
                  <StopPointInJourneyPatternRef ref="VTR:StopPointInJourneyPattern:995741" version="48100"/>
                  <DepartureTime>13:10:00</DepartureTime>
                  <DepartureDayOffset>0</DepartureDayOffset>
                </TimetabledPassingTime>
                <TimetabledPassingTime version="48100" id="VTR:TimetabledPassingTime:48105_995742_4">
                  <StopPointInJourneyPatternRef ref="VTR:StopPointInJourneyPattern:995742" version="48100"/>
                  <DepartureTime>13:15:00</DepartureTime>
                  <DepartureDayOffset>0</DepartureDayOffset>
                </TimetabledPassingTime>
                <TimetabledPassingTime version="48100" id="VTR:TimetabledPassingTime:48105_995743_5">
                  <StopPointInJourneyPatternRef ref="VTR:StopPointInJourneyPattern:995743" version="48100"/>
                  <DepartureTime>13:18:00</DepartureTime>
                  <DepartureDayOffset>0</DepartureDayOffset>
                </TimetabledPassingTime>
              </passingTimes>
            </ServiceJourney>
            <ServiceJourney version="48098" id="VTR:ServiceJourney:48103">
              <Name>Pasvalio AS-Poliklinika-Pasvalio AS</Name>
              <PrivateCode>6</PrivateCode>
              <dayTypes>
                <DayTypeRef ref="VTR:DayType:702"/>
              </dayTypes>
              <JourneyPatternRef version="48098" ref="VTR:JourneyPattern:48103"/>
              <OperatorRef ref="VTR:Operator:371"/>
              <LineRef ref="VTR:Line:2056" version="2072"/>
              <passingTimes>
                <TimetabledPassingTime version="48098" id="VTR:TimetabledPassingTime:48103_995729_1">
                  <StopPointInJourneyPatternRef ref="VTR:StopPointInJourneyPattern:995729" version="48098"/>
                  <DepartureTime>11:00:00</DepartureTime>
                  <DepartureDayOffset>0</DepartureDayOffset>
                </TimetabledPassingTime>
                <TimetabledPassingTime version="48098" id="VTR:TimetabledPassingTime:48103_995730_2">
                  <StopPointInJourneyPatternRef ref="VTR:StopPointInJourneyPattern:995730" version="48098"/>
                  <DepartureTime>11:03:00</DepartureTime>
                  <DepartureDayOffset>0</DepartureDayOffset>
                </TimetabledPassingTime>
                <TimetabledPassingTime version="48098" id="VTR:TimetabledPassingTime:48103_995731_3">
                  <StopPointInJourneyPatternRef ref="VTR:StopPointInJourneyPattern:995731" version="48098"/>
                  <DepartureTime>11:10:00</DepartureTime>
                  <DepartureDayOffset>0</DepartureDayOffset>
                </TimetabledPassingTime>
                <TimetabledPassingTime version="48098" id="VTR:TimetabledPassingTime:48103_995732_4">
                  <StopPointInJourneyPatternRef ref="VTR:StopPointInJourneyPattern:995732" version="48098"/>
                  <DepartureTime>11:15:00</DepartureTime>
                  <DepartureDayOffset>0</DepartureDayOffset>
                </TimetabledPassingTime>
                <TimetabledPassingTime version="48098" id="VTR:TimetabledPassingTime:48103_995733_5">
                  <StopPointInJourneyPatternRef ref="VTR:StopPointInJourneyPattern:995733" version="48098"/>
                  <DepartureTime>11:18:00</DepartureTime>
                  <DepartureDayOffset>0</DepartureDayOffset>
                </TimetabledPassingTime>
              </passingTimes>
            </ServiceJourney>
          </vehicleJourneys>
        </TimetableFrame>
        <ResourceFrame version="1" id="VTR:ResourceFrame:1362">
          <organisations>
            <Authority version="1" id="VTR:Authority:25">
              <CompanyNumber>67</CompanyNumber>
              <Name>Pasvalio r. sav.</Name>
              <LegalName>Pasvalio r. sav.</LegalName>
              <ContactDetails>
                <Email>rastine@pasvalys.lt</Email>
                <Phone>845154101</Phone>
                <Url>www.pasvalys.lt</Url>
              </ContactDetails>
              <OrganisationType>authority</OrganisationType>
            </Authority>
          </organisations>
        </ResourceFrame>
        <FareFrame id="VTR:FareFrame:2056" version="1">
          <FrameDefaults>
            <DefaultCurrency>EUR</DefaultCurrency>
          </FrameDefaults>
          <usageParameters>
            <RoundTrip id="VTR:RoundTrip:single" version="1">
              <Name>Single</Name>
              <TripType>single</TripType>
            </RoundTrip>
            <FrequencyOfUse id="VTR:FrequencyOfUse:once" version="1">
              <Name>Once</Name>
              <MaximalFrequency>1</MaximalFrequency>
            </FrequencyOfUse>
          </usageParameters>
          <priceGroups>
            <PriceGroup id="VTR:PriceGroup:PG01" version="1">
              <Name>Flat Fare Products - Standard</Name>
              <members>
                <FareProductPrice id="VTR:FareProductPrice:standard" version="1">
                  <Name>Single fare</Name>
                  <Amount>0.0</Amount>
                  <Currency>EUR</Currency>
                </FareProductPrice>
              </members>
            </PriceGroup>
          </priceGroups>
        </FareFrame>
      </frames>
    </CompositeFrame>
  </dataObjects>
</PublicationDelivery>
