<?xml version="1.0" encoding="UTF-8"?><PublicationDelivery xmlns="http://www.netex.org.uk/netex" xmlns:gis="http://www.opengis.net/gml/3.2" xmlns:ns2="http://www.opengis.net/gml/3.2" xmlns:ns3="http://www.siri.org.uk/siri" xmlns:xsi="http://www.w3.org/2001/XMLSchema-instance" version="1" xsi:schemaLocation="">
  <PublicationTimestamp>2022-05-07T01:45:00.309</PublicationTimestamp>
  <ParticipantRef>VTR</ParticipantRef>
  <Description>1</Description>
  <dataObjects>
    <CompositeFrame created="2022-05-07T01:45:00.309" version="1" id="VTR:CompositeFrame:1362">
      <validityConditions>
        <AvailabilityCondition version="1" id="VTR:AvailabilityCondition:1362">
          <FromDate>2019-04-27T20:54:29</FromDate>
          <ToDate>2027-12-30T00:00:00</ToDate>
        </AvailabilityCondition>
      </validityConditions>
      <codespaces>
        <Codespace id="vtr">
          <Xmlns>VTR</Xmlns>
          <XmlnsUrl>http://www.visimarsrutai.lt/</XmlnsUrl>
        </Codespace>
      </codespaces>
      <FrameDefaults>
        <DefaultLocale>
          <TimeZone>Europe/Vilnius</TimeZone>
        </DefaultLocale>
        <DefaultLocationSystem>WGS84</DefaultLocationSystem>
      </FrameDefaults>
      <frames>
        <ServiceCalendarFrame version="1" id="VTR:ServiceCalendarFrame:1362">
          <dayTypes>
            <DayType id="VTR:DayType:1359" version="1">
              <properties>
                <PropertyOfDay>
                  <DaysOfWeek>Tuesday Wednesday Thursday Friday</DaysOfWeek>
                </PropertyOfDay>
              </properties>
            </DayType>
          </dayTypes>
          <operatingPeriods>
            <OperatingPeriod version="1" id="VTR:OperatingPeriod:1359">
              <FromDate>2018-09-01T00:00:00</FromDate>
              <ToDate>2020-06-30T00:00:00</ToDate>
            </OperatingPeriod>
          </operatingPeriods>
          <dayTypeAssignments>
            <DayTypeAssignment id="VTR:DayTypeAssignment:1359_0" version="1" order="1348">
              <OperatingPeriodRef ref="VTR:OperatingPeriod:1359" version="1"/>
              <DayTypeRef ref="VTR:DayType:1359" version="1"/>
            </DayTypeAssignment>
          </dayTypeAssignments>
        </ServiceCalendarFrame>
        <ServiceFrame id="VTR:ServiceFrame:1362" version="1">
          <Network version="0" id="VTR:Network:25"/>
          <routePoints>
            <RoutePoint version="1" id="VTR:RoutePoint:1575324">
              <projections>
                <PointProjection version="1" id="VTR:PointProjection:64045">
                  <ProjectedPointRef ref="VTR:ScheduledStopPoint:1575324" version="1"/>
                </PointProjection>
              </projections>
            </RoutePoint>
            <RoutePoint version="1" id="VTR:RoutePoint:1575325">
              <projections>
                <PointProjection version="1" id="VTR:PointProjection:64046">
                  <ProjectedPointRef ref="VTR:ScheduledStopPoint:1575325" version="1"/>
                </PointProjection>
              </projections>
            </RoutePoint>
            <RoutePoint version="1" id="VTR:RoutePoint:1575326">
              <projections>
                <PointProjection version="1" id="VTR:PointProjection:64047">
                  <ProjectedPointRef ref="VTR:ScheduledStopPoint:1575326" version="1"/>
                </PointProjection>
              </projections>
            </RoutePoint>
            <RoutePoint version="1" id="VTR:RoutePoint:1575327">
              <projections>
                <PointProjection version="1" id="VTR:PointProjection:64048">
                  <ProjectedPointRef ref="VTR:ScheduledStopPoint:1575327" version="1"/>
                </PointProjection>
              </projections>
            </RoutePoint>
            <RoutePoint version="1" id="VTR:RoutePoint:1575328">
              <projections>
                <PointProjection version="1" id="VTR:PointProjection:72272">
                  <ProjectedPointRef ref="VTR:ScheduledStopPoint:1575328" version="1"/>
                </PointProjection>
              </projections>
            </RoutePoint>
            <RoutePoint version="1" id="VTR:RoutePoint:1575332">
              <projections>
                <PointProjection version="1" id="VTR:PointProjection:72274">
                  <ProjectedPointRef ref="VTR:ScheduledStopPoint:1575332" version="1"/>
                </PointProjection>
              </projections>
            </RoutePoint>
            <RoutePoint version="1" id="VTR:RoutePoint:1575333">
              <projections>
                <PointProjection version="1" id="VTR:PointProjection:72275">
                  <ProjectedPointRef ref="VTR:ScheduledStopPoint:1575333" version="1"/>
                </PointProjection>
              </projections>
            </RoutePoint>
            <RoutePoint version="1" id="VTR:RoutePoint:1575334">
              <projections>
                <PointProjection version="1" id="VTR:PointProjection:72276">
                  <ProjectedPointRef ref="VTR:ScheduledStopPoint:1575334" version="1"/>
                </PointProjection>
              </projections>
            </RoutePoint>
          </routePoints>
          <routes>
            <Route version="1" id="VTR:Route:18920">
              <Name>Pasvalys-Valakėliai</Name>
              <ShortName>Pasvalys-Valakėliai</ShortName>
              <LineRef ref="VTR:Line:6762" version="8570"/>
              <DirectionType>outbound</DirectionType>
              <pointsInSequence>
                <PointOnRoute version="1" id="VTR:PointOnRoute:1575324" order="1">
                  <RoutePointRef ref="VTR:RoutePoint:1575324"/>
                </PointOnRoute>
                <PointOnRoute version="1" id="VTR:PointOnRoute:1575325" order="2">
                  <RoutePointRef ref="VTR:RoutePoint:1575325"/>
                </PointOnRoute>
                <PointOnRoute version="1" id="VTR:PointOnRoute:1575326" order="3">
                  <RoutePointRef ref="VTR:RoutePoint:1575326"/>
                </PointOnRoute>
                <PointOnRoute version="1" id="VTR:PointOnRoute:1575327" order="4">
                  <RoutePointRef ref="VTR:RoutePoint:1575327"/>
                </PointOnRoute>
              </pointsInSequence>
            </Route>
            <Route version="1" id="VTR:Route:18921">
              <Name>Valakėliai-Pasvalys</Name>
              <ShortName>Valakėliai-Pasvalys</ShortName>
              <LineRef ref="VTR:Line:6762" version="8570"/>
              <DirectionType>inbound</DirectionType>
              <pointsInSequence>
                <PointOnRoute version="1" id="VTR:PointOnRoute:1575332" order="1">
                  <RoutePointRef ref="VTR:RoutePoint:1575332"/>
                </PointOnRoute>
                <PointOnRoute version="1" id="VTR:PointOnRoute:1575333" order="2">
                  <RoutePointRef ref="VTR:RoutePoint:1575333"/>
                </PointOnRoute>
                <PointOnRoute version="1" id="VTR:PointOnRoute:1575334" order="3">
                  <RoutePointRef ref="VTR:RoutePoint:1575334"/>
                </PointOnRoute>
                <PointOnRoute version="1" id="VTR:PointOnRoute:1575328" order="4">
                  <RoutePointRef ref="VTR:RoutePoint:1575328"/>
                </PointOnRoute>
              </pointsInSequence>
            </Route>
          </routes>
          <lines>
            <Line version="8570" id="VTR:Line:6762">
              <Name>Pasvalys-Valakėliai</Name>
              <TransportMode>bus</TransportMode>
              <TransportSubmode>
                <BusSubmode>regionalBus</BusSubmode>
              </TransportSubmode>
              <PublicCode>92</PublicCode>
              <OperatorRef ref="VTR:Operator:25"/>
            </Line>
          </lines>
          <scheduledStopPoints>
            <ScheduledStopPoint version="1" id="VTR:ScheduledStopPoint:1575324">
              <Name>Pasvalio autobusų stotis</Name>
            </ScheduledStopPoint>
            <ScheduledStopPoint version="1" id="VTR:ScheduledStopPoint:1575325">
              <Name>Pasvalio miestas</Name>
            </ScheduledStopPoint>
            <ScheduledStopPoint version="1" id="VTR:ScheduledStopPoint:1575326">
              <Name>Kolekt. sodai</Name>
            </ScheduledStopPoint>
            <ScheduledStopPoint version="1" id="VTR:ScheduledStopPoint:1575327">
              <Name>Valakėliai</Name>
            </ScheduledStopPoint>
            <ScheduledStopPoint version="1" id="VTR:ScheduledStopPoint:1575328">
              <Name>Pasvalio autobusų stotis</Name>
            </ScheduledStopPoint>
            <ScheduledStopPoint version="1" id="VTR:ScheduledStopPoint:1575332">
              <Name>Valakėliai</Name>
            </ScheduledStopPoint>
            <ScheduledStopPoint version="1" id="VTR:ScheduledStopPoint:1575333">
              <Name>Kolekt. sodai</Name>
            </ScheduledStopPoint>
            <ScheduledStopPoint version="1" id="VTR:ScheduledStopPoint:1575334">
              <Name>Pasvalio m.</Name>
            </ScheduledStopPoint>
          </scheduledStopPoints>
          <serviceLinks>
            <ServiceLink id="VTR:ServiceLink:1575332_1_1575333_1" version="1">
              <Distance>2</Distance>
              <FromPointRef ref="VTR:ScheduledStopPoint:1575332" version="1"/>
              <ToPointRef ref="VTR:ScheduledStopPoint:1575333" version="1"/>
            </ServiceLink>
            <ServiceLink id="VTR:ServiceLink:1575333_1_1575334_1" version="1">
              <Distance>1</Distance>
              <FromPointRef ref="VTR:ScheduledStopPoint:1575333" version="1"/>
              <ToPointRef ref="VTR:ScheduledStopPoint:1575334" version="1"/>
            </ServiceLink>
            <ServiceLink id="VTR:ServiceLink:1575324_1_1575325_1" version="1">
              <Distance>0</Distance>
              <FromPointRef ref="VTR:ScheduledStopPoint:1575324" version="1"/>
              <ToPointRef ref="VTR:ScheduledStopPoint:1575325" version="1"/>
            </ServiceLink>
            <ServiceLink id="VTR:ServiceLink:1575334_1_1575328_1" version="1">
              <Distance>0</Distance>
              <FromPointRef ref="VTR:ScheduledStopPoint:1575334" version="1"/>
              <ToPointRef ref="VTR:ScheduledStopPoint:1575328" version="1"/>
            </ServiceLink>
            <ServiceLink id="VTR:ServiceLink:1575325_1_1575326_1" version="1">
              <Distance>1</Distance>
              <FromPointRef ref="VTR:ScheduledStopPoint:1575325" version="1"/>
              <ToPointRef ref="VTR:ScheduledStopPoint:1575326" version="1"/>
            </ServiceLink>
            <ServiceLink id="VTR:ServiceLink:1575326_1_1575327_1" version="1">
              <Distance>2</Distance>
              <FromPointRef ref="VTR:ScheduledStopPoint:1575326" version="1"/>
              <ToPointRef ref="VTR:ScheduledStopPoint:1575327" version="1"/>
            </ServiceLink>
          </serviceLinks>
          <stopAssignments>
            <PassengerStopAssignment order="1892000000" id="VTR:PassengerStopAssignment:1575324" version="1">
              <ScheduledStopPointRef ref="VTR:ScheduledStopPoint:1575324" version="1"/>
              <QuayRef ref="VTR:Quay:19487"/>
            </PassengerStopAssignment>
            <PassengerStopAssignment order="1892000001" id="VTR:PassengerStopAssignment:1575325" version="1">
              <ScheduledStopPointRef ref="VTR:ScheduledStopPoint:1575325" version="1"/>
              <QuayRef ref="VTR:Quay:21983"/>
            </PassengerStopAssignment>
            <PassengerStopAssignment order="1892000002" id="VTR:PassengerStopAssignment:1575326" version="1">
              <ScheduledStopPointRef ref="VTR:ScheduledStopPoint:1575326" version="1"/>
              <QuayRef ref="VTR:Quay:16650"/>
            </PassengerStopAssignment>
            <PassengerStopAssignment order="1892000003" id="VTR:PassengerStopAssignment:1575327" version="1">
              <ScheduledStopPointRef ref="VTR:ScheduledStopPoint:1575327" version="1"/>
              <QuayRef ref="VTR:Quay:6104"/>
            </PassengerStopAssignment>
            <PassengerStopAssignment order="1892100000" id="VTR:PassengerStopAssignment:1575332" version="1">
              <ScheduledStopPointRef ref="VTR:ScheduledStopPoint:1575332" version="1"/>
              <QuayRef ref="VTR:Quay:8997"/>
            </PassengerStopAssignment>
            <PassengerStopAssignment order="1892100001" id="VTR:PassengerStopAssignment:1575333" version="1">
              <ScheduledStopPointRef ref="VTR:ScheduledStopPoint:1575333" version="1"/>
              <QuayRef ref="VTR:Quay:12929"/>
            </PassengerStopAssignment>
            <PassengerStopAssignment order="1892100002" id="VTR:PassengerStopAssignment:1575334" version="1">
              <ScheduledStopPointRef ref="VTR:ScheduledStopPoint:1575334" version="1"/>
              <QuayRef ref="VTR:Quay:20960"/>
            </PassengerStopAssignment>
            <PassengerStopAssignment order="1892100003" id="VTR:PassengerStopAssignment:1575328" version="1">
              <ScheduledStopPointRef ref="VTR:ScheduledStopPoint:1575328" version="1"/>
              <QuayRef ref="VTR:Quay:19487"/>
            </PassengerStopAssignment>
          </stopAssignments>
          <journeyPatterns>
            <JourneyPattern id="VTR:JourneyPattern:3308371" version="3310605">
              <Name>2</Name>
              <RouteRef ref="VTR:Route:18921" version="1"/>
              <pointsInSequence>
                <StopPointInJourneyPattern id="VTR:StopPointInJourneyPattern:114816974" version="3310605" order="1">
                  <ScheduledStopPointRef ref="VTR:ScheduledStopPoint:1575332"/>
                  <DestinationDisplayRef ref="VTR:DestinationDisplay:1"/>
                </StopPointInJourneyPattern>
                <StopPointInJourneyPattern id="VTR:StopPointInJourneyPattern:114816975" version="3310605" order="2">
                  <ScheduledStopPointRef ref="VTR:ScheduledStopPoint:1575333"/>
                  <DestinationDisplayRef ref="VTR:DestinationDisplay:1"/>
                </StopPointInJourneyPattern>
                <StopPointInJourneyPattern id="VTR:StopPointInJourneyPattern:114816976" version="3310605" order="3">
                  <ScheduledStopPointRef ref="VTR:ScheduledStopPoint:1575334"/>
                  <DestinationDisplayRef ref="VTR:DestinationDisplay:1"/>
                </StopPointInJourneyPattern>
                <StopPointInJourneyPattern id="VTR:StopPointInJourneyPattern:114816977" version="3310605" order="4">
                  <ScheduledStopPointRef ref="VTR:ScheduledStopPoint:1575328"/>
                  <DestinationDisplayRef ref="VTR:DestinationDisplay:1"/>
                </StopPointInJourneyPattern>
              </pointsInSequence>
            </JourneyPattern>
            <JourneyPattern id="VTR:JourneyPattern:3308370" version="3310604">
              <Name>1</Name>
              <RouteRef ref="VTR:Route:18920" version="1"/>
              <pointsInSequence>
                <StopPointInJourneyPattern id="VTR:StopPointInJourneyPattern:114816970" version="3310604" order="1">
                  <ScheduledStopPointRef ref="VTR:ScheduledStopPoint:1575324"/>
                  <DestinationDisplayRef ref="VTR:DestinationDisplay:1"/>
                </StopPointInJourneyPattern>
                <StopPointInJourneyPattern id="VTR:StopPointInJourneyPattern:114816971" version="3310604" order="2">
                  <ScheduledStopPointRef ref="VTR:ScheduledStopPoint:1575325"/>
                  <DestinationDisplayRef ref="VTR:DestinationDisplay:1"/>
                </StopPointInJourneyPattern>
                <StopPointInJourneyPattern id="VTR:StopPointInJourneyPattern:114816972" version="3310604" order="3">
                  <ScheduledStopPointRef ref="VTR:ScheduledStopPoint:1575326"/>
                  <DestinationDisplayRef ref="VTR:DestinationDisplay:1"/>
                </StopPointInJourneyPattern>
                <StopPointInJourneyPattern id="VTR:StopPointInJourneyPattern:114816973" version="3310604" order="4">
                  <ScheduledStopPointRef ref="VTR:ScheduledStopPoint:1575327"/>
                  <DestinationDisplayRef ref="VTR:DestinationDisplay:1"/>
                </StopPointInJourneyPattern>
              </pointsInSequence>
            </JourneyPattern>
          </journeyPatterns>
        </ServiceFrame>
        <TimetableFrame version="1" id="VTR:TimetableFrame:1362">
          <vehicleJourneys>
            <ServiceJourney version="3310605" id="VTR:ServiceJourney:3308371">
              <Name>Valakėliai-Pasvalys</Name>
              <PrivateCode>2</PrivateCode>
              <dayTypes>
                <DayTypeRef ref="VTR:DayType:1359"/>
              </dayTypes>
              <JourneyPatternRef version="3310605" ref="VTR:JourneyPattern:3308371"/>
              <OperatorRef ref="VTR:Operator:371"/>
              <LineRef ref="VTR:Line:6762" version="8570"/>
              <passingTimes>
                <TimetabledPassingTime version="3310605" id="VTR:TimetabledPassingTime:3308371_114816974_1">
                  <StopPointInJourneyPatternRef ref="VTR:StopPointInJourneyPattern:114816974" version="3310605"/>
                  <DepartureTime>08:16:00</DepartureTime>
                  <DepartureDayOffset>0</DepartureDayOffset>
                </TimetabledPassingTime>
                <TimetabledPassingTime version="3310605" id="VTR:TimetabledPassingTime:3308371_114816975_2">
                  <StopPointInJourneyPatternRef ref="VTR:StopPointInJourneyPattern:114816975" version="3310605"/>
                  <DepartureTime>08:20:00</DepartureTime>
                  <DepartureDayOffset>0</DepartureDayOffset>
                </TimetabledPassingTime>
                <TimetabledPassingTime version="3310605" id="VTR:TimetabledPassingTime:3308371_114816976_3">
                  <StopPointInJourneyPatternRef ref="VTR:StopPointInJourneyPattern:114816976" version="3310605"/>
                  <DepartureTime>08:22:00</DepartureTime>
                  <DepartureDayOffset>0</DepartureDayOffset>
                </TimetabledPassingTime>
                <TimetabledPassingTime version="3310605" id="VTR:TimetabledPassingTime:3308371_114816977_4">
                  <StopPointInJourneyPatternRef ref="VTR:StopPointInJourneyPattern:114816977" version="3310605"/>
                  <DepartureTime>08:25:00</DepartureTime>
                  <DepartureDayOffset>0</DepartureDayOffset>
                </TimetabledPassingTime>
              </passingTimes>
            </ServiceJourney>
            <ServiceJourney version="3310604" id="VTR:ServiceJourney:3308370">
              <Name>Pasvalys-Valakėliai</Name>
              <PrivateCode>1</PrivateCode>
              <dayTypes>
                <DayTypeRef ref="VTR:DayType:1359"/>
              </dayTypes>
              <JourneyPatternRef version="3310604" ref="VTR:JourneyPattern:3308370"/>
              <OperatorRef ref="VTR:Operator:371"/>
              <LineRef ref="VTR:Line:6762" version="8570"/>
              <passingTimes>
                <TimetabledPassingTime version="3310604" id="VTR:TimetabledPassingTime:3308370_114816970_1">
                  <StopPointInJourneyPatternRef ref="VTR:StopPointInJourneyPattern:114816970" version="3310604"/>
                  <DepartureTime>08:05:00</DepartureTime>
                  <DepartureDayOffset>0</DepartureDayOffset>
                </TimetabledPassingTime>
                <TimetabledPassingTime version="3310604" id="VTR:TimetabledPassingTime:3308370_114816971_2">
                  <StopPointInJourneyPatternRef ref="VTR:StopPointInJourneyPattern:114816971" version="3310604"/>
                  <DepartureTime>08:08:00</DepartureTime>
                  <DepartureDayOffset>0</DepartureDayOffset>
                </TimetabledPassingTime>
                <TimetabledPassingTime version="3310604" id="VTR:TimetabledPassingTime:3308370_114816972_3">
                  <StopPointInJourneyPatternRef ref="VTR:StopPointInJourneyPattern:114816972" version="3310604"/>
                  <DepartureTime>08:11:00</DepartureTime>
                  <DepartureDayOffset>0</DepartureDayOffset>
                </TimetabledPassingTime>
                <TimetabledPassingTime version="3310604" id="VTR:TimetabledPassingTime:3308370_114816973_4">
                  <StopPointInJourneyPatternRef ref="VTR:StopPointInJourneyPattern:114816973" version="3310604"/>
                  <DepartureTime>08:15:00</DepartureTime>
                  <DepartureDayOffset>0</DepartureDayOffset>
                </TimetabledPassingTime>
              </passingTimes>
            </ServiceJourney>
          </vehicleJourneys>
        </TimetableFrame>
        <ResourceFrame version="1" id="VTR:ResourceFrame:1362">
          <organisations>
            <Authority version="1" id="VTR:Authority:25">
              <CompanyNumber>67</CompanyNumber>
              <Name>Pasvalio r. sav.</Name>
              <LegalName>Pasvalio r. sav.</LegalName>
              <ContactDetails>
                <Email>rastine@pasvalys.lt</Email>
                <Phone>845154101</Phone>
                <Url>www.pasvalys.lt</Url>
              </ContactDetails>
              <OrganisationType>authority</OrganisationType>
            </Authority>
          </organisations>
        </ResourceFrame>
        <FareFrame id="VTR:FareFrame:6762" version="1">
          <FrameDefaults>
            <DefaultCurrency>EUR</DefaultCurrency>
          </FrameDefaults>
          <fareStructureElements>
            <FareStructureElement id="VTR:FareStructureElement:pricematrix" version="1">
              <distanceMatrixElements>
                <DistanceMatrixElementRef ref="VTR:DistanceMatrixElement:114816974to114816975" version="1"/>
                <DistanceMatrixElementRef ref="VTR:DistanceMatrixElement:114816976to114816977" version="1"/>
                <DistanceMatrixElementRef ref="VTR:DistanceMatrixElement:114816971to114816972" version="1"/>
                <DistanceMatrixElementRef ref="VTR:DistanceMatrixElement:114816975to114816977" version="1"/>
                <DistanceMatrixElementRef ref="VTR:DistanceMatrixElement:114816970to114816971" version="1"/>
                <DistanceMatrixElementRef ref="VTR:DistanceMatrixElement:114816974to114816976" version="1"/>
                <DistanceMatrixElementRef ref="VTR:DistanceMatrixElement:114816972to114816973" version="1"/>
                <DistanceMatrixElementRef ref="VTR:DistanceMatrixElement:114816974to114816977" version="1"/>
                <DistanceMatrixElementRef ref="VTR:DistanceMatrixElement:114816971to114816973" version="1"/>
                <DistanceMatrixElementRef ref="VTR:DistanceMatrixElement:114816975to114816976" version="1"/>
                <DistanceMatrixElementRef ref="VTR:DistanceMatrixElement:114816970to114816973" version="1"/>
                <DistanceMatrixElementRef ref="VTR:DistanceMatrixElement:114816970to114816972" version="1"/>
              </distanceMatrixElements>
            </FareStructureElement>
          </fareStructureElements>
          <tariffs>
            <Tariff id="VTR:Tariff:pointToPointInSeparateJourney_6762" version="1">
              <Name>Point to point tariff</Name>
              <distanceMatrixElements>
                <DistanceMatrixElement id="VTR:DistanceMatrixElement:114816974to114816975" version="1">
                  <Name>Valakėliai to Kolekt. sodai</Name>
                  <StartStopPointRef ref="VTR:ScheduledStopPoint:1575332" version="1"/>
                  <EndStopPointRef ref="VTR:ScheduledStopPoint:1575333" version="1"/>
                  <prices>
                    <DistanceMatrixElementPrice id="VTR:DistanceMatrixElementPrice:114816974to114816975" version="1">
                      <Amount>0.35</Amount>
                      <DistanceMatrixElementRef ref="VTR:DistanceMatrixElement:114816974to114816975" version="1"/>
                    </DistanceMatrixElementPrice>
                  </prices>
                </DistanceMatrixElement>
                <DistanceMatrixElement id="VTR:DistanceMatrixElement:114816976to114816977" version="1">
                  <Name>Pasvalio m. to Pasvalio autobusų stotis</Name>
                  <StartStopPointRef ref="VTR:ScheduledStopPoint:1575334" version="1"/>
                  <EndStopPointRef ref="VTR:ScheduledStopPoint:1575328" version="1"/>
                  <prices>
                    <DistanceMatrixElementPrice id="VTR:DistanceMatrixElementPrice:114816976to114816977" version="1">
                      <Amount>0.35</Amount>
                      <DistanceMatrixElementRef ref="VTR:DistanceMatrixElement:114816976to114816977" version="1"/>
                    </DistanceMatrixElementPrice>
                  </prices>
                </DistanceMatrixElement>
                <DistanceMatrixElement id="VTR:DistanceMatrixElement:114816971to114816972" version="1">
                  <Name>Pasvalio miestas to Kolekt. sodai</Name>
                  <StartStopPointRef ref="VTR:ScheduledStopPoint:1575325" version="1"/>
                  <EndStopPointRef ref="VTR:ScheduledStopPoint:1575326" version="1"/>
                  <prices>
                    <DistanceMatrixElementPrice id="VTR:DistanceMatrixElementPrice:114816971to114816972" version="1">
                      <Amount>0.35</Amount>
                      <DistanceMatrixElementRef ref="VTR:DistanceMatrixElement:114816971to114816972" version="1"/>
                    </DistanceMatrixElementPrice>
                  </prices>
                </DistanceMatrixElement>
                <DistanceMatrixElement id="VTR:DistanceMatrixElement:114816975to114816977" version="1">
                  <Name>Kolekt. sodai to Pasvalio autobusų stotis</Name>
                  <StartStopPointRef ref="VTR:ScheduledStopPoint:1575333" version="1"/>
                  <EndStopPointRef ref="VTR:ScheduledStopPoint:1575328" version="1"/>
                  <prices>
                    <DistanceMatrixElementPrice id="VTR:DistanceMatrixElementPrice:114816975to114816977" version="1">
                      <Amount>0.35</Amount>
                      <DistanceMatrixElementRef ref="VTR:DistanceMatrixElement:114816975to114816977" version="1"/>
                    </DistanceMatrixElementPrice>
                  </prices>
                </DistanceMatrixElement>
                <DistanceMatrixElement id="VTR:DistanceMatrixElement:114816970to114816971" version="1">
                  <Name>Pasvalio autobusų stotis to Pasvalio miestas</Name>
                  <StartStopPointRef ref="VTR:ScheduledStopPoint:1575324" version="1"/>
                  <EndStopPointRef ref="VTR:ScheduledStopPoint:1575325" version="1"/>
                  <prices>
                    <DistanceMatrixElementPrice id="VTR:DistanceMatrixElementPrice:114816970to114816971" version="1">
                      <Amount>0.35</Amount>
                      <DistanceMatrixElementRef ref="VTR:DistanceMatrixElement:114816970to114816971" version="1"/>
                    </DistanceMatrixElementPrice>
                  </prices>
                </DistanceMatrixElement>
                <DistanceMatrixElement id="VTR:DistanceMatrixElement:114816974to114816976" version="1">
                  <Name>Valakėliai to Pasvalio m.</Name>
                  <StartStopPointRef ref="VTR:ScheduledStopPoint:1575332" version="1"/>
                  <EndStopPointRef ref="VTR:ScheduledStopPoint:1575334" version="1"/>
                  <prices>
                    <DistanceMatrixElementPrice id="VTR:DistanceMatrixElementPrice:114816974to114816976" version="1">
                      <Amount>0.46</Amount>
                      <DistanceMatrixElementRef ref="VTR:DistanceMatrixElement:114816974to114816976" version="1"/>
                    </DistanceMatrixElementPrice>
                  </prices>
                </DistanceMatrixElement>
                <DistanceMatrixElement id="VTR:DistanceMatrixElement:114816972to114816973" version="1">
                  <Name>Kolekt. sodai to Valakėliai</Name>
                  <StartStopPointRef ref="VTR:ScheduledStopPoint:1575326" version="1"/>
                  <EndStopPointRef ref="VTR:ScheduledStopPoint:1575327" version="1"/>
                  <prices>
                    <DistanceMatrixElementPrice id="VTR:DistanceMatrixElementPrice:114816972to114816973" version="1">
                      <Amount>0.35</Amount>
                      <DistanceMatrixElementRef ref="VTR:DistanceMatrixElement:114816972to114816973" version="1"/>
                    </DistanceMatrixElementPrice>
                  </prices>
                </DistanceMatrixElement>
                <DistanceMatrixElement id="VTR:DistanceMatrixElement:114816974to114816977" version="1">
                  <Name>Valakėliai to Pasvalio autobusų stotis</Name>
                  <StartStopPointRef ref="VTR:ScheduledStopPoint:1575332" version="1"/>
                  <EndStopPointRef ref="VTR:ScheduledStopPoint:1575328" version="1"/>
                  <prices>
                    <DistanceMatrixElementPrice id="VTR:DistanceMatrixElementPrice:114816974to114816977" version="1">
                      <Amount>0.46</Amount>
                      <DistanceMatrixElementRef ref="VTR:DistanceMatrixElement:114816974to114816977" version="1"/>
                    </DistanceMatrixElementPrice>
                  </prices>
                </DistanceMatrixElement>
                <DistanceMatrixElement id="VTR:DistanceMatrixElement:114816971to114816973" version="1">
                  <Name>Pasvalio miestas to Valakėliai</Name>
                  <StartStopPointRef ref="VTR:ScheduledStopPoint:1575325" version="1"/>
                  <EndStopPointRef ref="VTR:ScheduledStopPoint:1575327" version="1"/>
                  <prices>
                    <DistanceMatrixElementPrice id="VTR:DistanceMatrixElementPrice:114816971to114816973" version="1">
                      <Amount>0.46</Amount>
                      <DistanceMatrixElementRef ref="VTR:DistanceMatrixElement:114816971to114816973" version="1"/>
                    </DistanceMatrixElementPrice>
                  </prices>
                </DistanceMatrixElement>
                <DistanceMatrixElement id="VTR:DistanceMatrixElement:114816975to114816976" version="1">
                  <Name>Kolekt. sodai to Pasvalio m.</Name>
                  <StartStopPointRef ref="VTR:ScheduledStopPoint:1575333" version="1"/>
                  <EndStopPointRef ref="VTR:ScheduledStopPoint:1575334" version="1"/>
                  <prices>
                    <DistanceMatrixElementPrice id="VTR:DistanceMatrixElementPrice:114816975to114816976" version="1">
                      <Amount>0.35</Amount>
                      <DistanceMatrixElementRef ref="VTR:DistanceMatrixElement:114816975to114816976" version="1"/>
                    </DistanceMatrixElementPrice>
                  </prices>
                </DistanceMatrixElement>
                <DistanceMatrixElement id="VTR:DistanceMatrixElement:114816970to114816973" version="1">
                  <Name>Pasvalio autobusų stotis to Valakėliai</Name>
                  <StartStopPointRef ref="VTR:ScheduledStopPoint:1575324" version="1"/>
                  <EndStopPointRef ref="VTR:ScheduledStopPoint:1575327" version="1"/>
                  <prices>
                    <DistanceMatrixElementPrice id="VTR:DistanceMatrixElementPrice:114816970to114816973" version="1">
                      <Amount>0.46</Amount>
                      <DistanceMatrixElementRef ref="VTR:DistanceMatrixElement:114816970to114816973" version="1"/>
                    </DistanceMatrixElementPrice>
                  </prices>
                </DistanceMatrixElement>
                <DistanceMatrixElement id="VTR:DistanceMatrixElement:114816970to114816972" version="1">
                  <Name>Pasvalio autobusų stotis to Kolekt. sodai</Name>
                  <StartStopPointRef ref="VTR:ScheduledStopPoint:1575324" version="1"/>
                  <EndStopPointRef ref="VTR:ScheduledStopPoint:1575326" version="1"/>
                  <prices>
                    <DistanceMatrixElementPrice id="VTR:DistanceMatrixElementPrice:114816970to114816972" version="1">
                      <Amount>0.35</Amount>
                      <DistanceMatrixElementRef ref="VTR:DistanceMatrixElement:114816970to114816972" version="1"/>
                    </DistanceMatrixElementPrice>
                  </prices>
                </DistanceMatrixElement>
              </distanceMatrixElements>
            </Tariff>
          </tariffs>
          <usageParameters>
            <FrequencyOfUse id="VTR:FrequencyOfUse:oneTrip" version="1">
              <FrequencyOfUseType>unlimited</FrequencyOfUseType>
              <MaximalFrequency>1</MaximalFrequency>
            </FrequencyOfUse>
          </usageParameters>
        </FareFrame>
      </frames>
    </CompositeFrame>
  </dataObjects>
</PublicationDelivery>
