<?xml version="1.0" encoding="UTF-8"?><PublicationDelivery xmlns="http://www.netex.org.uk/netex" xmlns:gis="http://www.opengis.net/gml/3.2" xmlns:ns2="http://www.opengis.net/gml/3.2" xmlns:ns3="http://www.siri.org.uk/siri" xmlns:xsi="http://www.w3.org/2001/XMLSchema-instance" version="1" xsi:schemaLocation="">
  <PublicationTimestamp>2022-05-07T01:45:00.309</PublicationTimestamp>
  <ParticipantRef>VTR</ParticipantRef>
  <Description>1</Description>
  <dataObjects>
    <CompositeFrame created="2022-05-07T01:45:00.309" version="1" id="VTR:CompositeFrame:1362">
      <validityConditions>
        <AvailabilityCondition version="1" id="VTR:AvailabilityCondition:1362">
          <FromDate>2015-08-21T09:23:00</FromDate>
          <ToDate>2027-12-30T00:00:00</ToDate>
        </AvailabilityCondition>
      </validityConditions>
      <codespaces>
        <Codespace id="vtr">
          <Xmlns>VTR</Xmlns>
          <XmlnsUrl>http://www.visimarsrutai.lt/</XmlnsUrl>
        </Codespace>
      </codespaces>
      <FrameDefaults>
        <DefaultLocale>
          <TimeZone>Europe/Vilnius</TimeZone>
        </DefaultLocale>
        <DefaultLocationSystem>WGS84</DefaultLocationSystem>
      </FrameDefaults>
      <frames>
        <ServiceCalendarFrame version="1" id="VTR:ServiceCalendarFrame:1362">
          <dayTypes>
            <DayType id="VTR:DayType:702" version="1">
              <properties>
                <PropertyOfDay>
                  <DaysOfWeek>Monday Tuesday Wednesday Thursday Friday</DaysOfWeek>
                </PropertyOfDay>
              </properties>
            </DayType>
          </dayTypes>
          <operatingPeriods>
            <OperatingPeriod version="1" id="VTR:OperatingPeriod:702">
              <FromDate>2018-09-01T00:00:00</FromDate>
              <ToDate>2020-06-30T00:00:00</ToDate>
            </OperatingPeriod>
          </operatingPeriods>
          <dayTypeAssignments>
            <DayTypeAssignment id="VTR:DayTypeAssignment:702_0" version="1" order="833">
              <OperatingPeriodRef ref="VTR:OperatingPeriod:702" version="1"/>
              <DayTypeRef ref="VTR:DayType:702" version="1"/>
            </DayTypeAssignment>
          </dayTypeAssignments>
        </ServiceCalendarFrame>
        <ServiceFrame id="VTR:ServiceFrame:1362" version="1">
          <Network version="0" id="VTR:Network:25"/>
          <routePoints>
            <RoutePoint version="1" id="VTR:RoutePoint:1573987">
              <projections>
                <PointProjection version="1" id="VTR:PointProjection:71159">
                  <ProjectedPointRef ref="VTR:ScheduledStopPoint:1573987" version="1"/>
                </PointProjection>
              </projections>
            </RoutePoint>
            <RoutePoint version="1" id="VTR:RoutePoint:1573988">
              <projections>
                <PointProjection version="1" id="VTR:PointProjection:71160">
                  <ProjectedPointRef ref="VTR:ScheduledStopPoint:1573988" version="1"/>
                </PointProjection>
              </projections>
            </RoutePoint>
            <RoutePoint version="1" id="VTR:RoutePoint:1573989">
              <projections>
                <PointProjection version="1" id="VTR:PointProjection:71161">
                  <ProjectedPointRef ref="VTR:ScheduledStopPoint:1573989" version="1"/>
                </PointProjection>
              </projections>
            </RoutePoint>
            <RoutePoint version="1" id="VTR:RoutePoint:1573990">
              <projections>
                <PointProjection version="1" id="VTR:PointProjection:71162">
                  <ProjectedPointRef ref="VTR:ScheduledStopPoint:1573990" version="1"/>
                </PointProjection>
              </projections>
            </RoutePoint>
            <RoutePoint version="1" id="VTR:RoutePoint:1573991">
              <projections>
                <PointProjection version="1" id="VTR:PointProjection:71163">
                  <ProjectedPointRef ref="VTR:ScheduledStopPoint:1573991" version="1"/>
                </PointProjection>
              </projections>
            </RoutePoint>
            <RoutePoint version="1" id="VTR:RoutePoint:1573992">
              <projections>
                <PointProjection version="1" id="VTR:PointProjection:71164">
                  <ProjectedPointRef ref="VTR:ScheduledStopPoint:1573992" version="1"/>
                </PointProjection>
              </projections>
            </RoutePoint>
            <RoutePoint version="1" id="VTR:RoutePoint:1573993">
              <projections>
                <PointProjection version="1" id="VTR:PointProjection:71165">
                  <ProjectedPointRef ref="VTR:ScheduledStopPoint:1573993" version="1"/>
                </PointProjection>
              </projections>
            </RoutePoint>
            <RoutePoint version="1" id="VTR:RoutePoint:1573994">
              <projections>
                <PointProjection version="1" id="VTR:PointProjection:71166">
                  <ProjectedPointRef ref="VTR:ScheduledStopPoint:1573994" version="1"/>
                </PointProjection>
              </projections>
            </RoutePoint>
            <RoutePoint version="1" id="VTR:RoutePoint:1573995">
              <projections>
                <PointProjection version="1" id="VTR:PointProjection:71167">
                  <ProjectedPointRef ref="VTR:ScheduledStopPoint:1573995" version="1"/>
                </PointProjection>
              </projections>
            </RoutePoint>
            <RoutePoint version="1" id="VTR:RoutePoint:1573996">
              <projections>
                <PointProjection version="1" id="VTR:PointProjection:71168">
                  <ProjectedPointRef ref="VTR:ScheduledStopPoint:1573996" version="1"/>
                </PointProjection>
              </projections>
            </RoutePoint>
            <RoutePoint version="1" id="VTR:RoutePoint:1573997">
              <projections>
                <PointProjection version="1" id="VTR:PointProjection:71169">
                  <ProjectedPointRef ref="VTR:ScheduledStopPoint:1573997" version="1"/>
                </PointProjection>
              </projections>
            </RoutePoint>
            <RoutePoint version="1" id="VTR:RoutePoint:1573998">
              <projections>
                <PointProjection version="1" id="VTR:PointProjection:71170">
                  <ProjectedPointRef ref="VTR:ScheduledStopPoint:1573998" version="1"/>
                </PointProjection>
              </projections>
            </RoutePoint>
            <RoutePoint version="1" id="VTR:RoutePoint:1573999">
              <projections>
                <PointProjection version="1" id="VTR:PointProjection:71171">
                  <ProjectedPointRef ref="VTR:ScheduledStopPoint:1573999" version="1"/>
                </PointProjection>
              </projections>
            </RoutePoint>
            <RoutePoint version="1" id="VTR:RoutePoint:1574000">
              <projections>
                <PointProjection version="1" id="VTR:PointProjection:71172">
                  <ProjectedPointRef ref="VTR:ScheduledStopPoint:1574000" version="1"/>
                </PointProjection>
              </projections>
            </RoutePoint>
          </routePoints>
          <routes>
            <Route version="1" id="VTR:Route:18841">
              <Name>Krinčinas-Pasvalys</Name>
              <ShortName>Krinčinas-Pasvalys</ShortName>
              <LineRef ref="VTR:Line:1977" version="8528"/>
              <DirectionType>inbound</DirectionType>
              <pointsInSequence>
                <PointOnRoute version="1" id="VTR:PointOnRoute:1573997" order="1">
                  <RoutePointRef ref="VTR:RoutePoint:1573997"/>
                </PointOnRoute>
                <PointOnRoute version="1" id="VTR:PointOnRoute:1573998" order="2">
                  <RoutePointRef ref="VTR:RoutePoint:1573998"/>
                </PointOnRoute>
                <PointOnRoute version="1" id="VTR:PointOnRoute:1573999" order="3">
                  <RoutePointRef ref="VTR:RoutePoint:1573999"/>
                </PointOnRoute>
                <PointOnRoute version="1" id="VTR:PointOnRoute:1574000" order="4">
                  <RoutePointRef ref="VTR:RoutePoint:1574000"/>
                </PointOnRoute>
                <PointOnRoute version="1" id="VTR:PointOnRoute:1573996" order="5">
                  <RoutePointRef ref="VTR:RoutePoint:1573996"/>
                </PointOnRoute>
                <PointOnRoute version="1" id="VTR:PointOnRoute:1573995" order="6">
                  <RoutePointRef ref="VTR:RoutePoint:1573995"/>
                </PointOnRoute>
                <PointOnRoute version="1" id="VTR:PointOnRoute:1573994" order="7">
                  <RoutePointRef ref="VTR:RoutePoint:1573994"/>
                </PointOnRoute>
              </pointsInSequence>
            </Route>
            <Route version="1" id="VTR:Route:18840">
              <Name>Pasvalys-Krinčinas</Name>
              <ShortName>Pasvalys-Krinčinas</ShortName>
              <LineRef ref="VTR:Line:1977" version="8528"/>
              <DirectionType>outbound</DirectionType>
              <pointsInSequence>
                <PointOnRoute version="1" id="VTR:PointOnRoute:1573993" order="1">
                  <RoutePointRef ref="VTR:RoutePoint:1573993"/>
                </PointOnRoute>
                <PointOnRoute version="1" id="VTR:PointOnRoute:1573987" order="2">
                  <RoutePointRef ref="VTR:RoutePoint:1573987"/>
                </PointOnRoute>
                <PointOnRoute version="1" id="VTR:PointOnRoute:1573988" order="3">
                  <RoutePointRef ref="VTR:RoutePoint:1573988"/>
                </PointOnRoute>
                <PointOnRoute version="1" id="VTR:PointOnRoute:1573989" order="4">
                  <RoutePointRef ref="VTR:RoutePoint:1573989"/>
                </PointOnRoute>
                <PointOnRoute version="1" id="VTR:PointOnRoute:1573990" order="5">
                  <RoutePointRef ref="VTR:RoutePoint:1573990"/>
                </PointOnRoute>
                <PointOnRoute version="1" id="VTR:PointOnRoute:1573991" order="6">
                  <RoutePointRef ref="VTR:RoutePoint:1573991"/>
                </PointOnRoute>
                <PointOnRoute version="1" id="VTR:PointOnRoute:1573992" order="7">
                  <RoutePointRef ref="VTR:RoutePoint:1573992"/>
                </PointOnRoute>
              </pointsInSequence>
            </Route>
          </routes>
          <lines>
            <Line version="8528" id="VTR:Line:1977">
              <Name>Pasvalys-Krinčinas</Name>
              <TransportMode>bus</TransportMode>
              <TransportSubmode>
                <BusSubmode>regionalBus</BusSubmode>
              </TransportSubmode>
              <PublicCode>71</PublicCode>
              <OperatorRef ref="VTR:Operator:25"/>
            </Line>
          </lines>
          <scheduledStopPoints>
            <ScheduledStopPoint version="1" id="VTR:ScheduledStopPoint:1573987">
              <Name>Vaikų d.</Name>
            </ScheduledStopPoint>
            <ScheduledStopPoint version="1" id="VTR:ScheduledStopPoint:1573988">
              <Name>VMĮ</Name>
            </ScheduledStopPoint>
            <ScheduledStopPoint version="1" id="VTR:ScheduledStopPoint:1573989">
              <Name>Kiemeliai</Name>
            </ScheduledStopPoint>
            <ScheduledStopPoint version="1" id="VTR:ScheduledStopPoint:1573990">
              <Name>Papyvesiai</Name>
            </ScheduledStopPoint>
            <ScheduledStopPoint version="1" id="VTR:ScheduledStopPoint:1573991">
              <Name>Vidubala</Name>
            </ScheduledStopPoint>
            <ScheduledStopPoint version="1" id="VTR:ScheduledStopPoint:1573992">
              <Name>Krinčinas</Name>
            </ScheduledStopPoint>
            <ScheduledStopPoint version="1" id="VTR:ScheduledStopPoint:1573993">
              <Name>Pasvalio autobusų stotis</Name>
            </ScheduledStopPoint>
            <ScheduledStopPoint version="1" id="VTR:ScheduledStopPoint:1573994">
              <Name>Pasvalio autobusų stotis</Name>
            </ScheduledStopPoint>
            <ScheduledStopPoint version="1" id="VTR:ScheduledStopPoint:1573995">
              <Name>Vaikų d.</Name>
            </ScheduledStopPoint>
            <ScheduledStopPoint version="1" id="VTR:ScheduledStopPoint:1573996">
              <Name>VMĮ</Name>
            </ScheduledStopPoint>
            <ScheduledStopPoint version="1" id="VTR:ScheduledStopPoint:1573997">
              <Name>Krinčinas</Name>
            </ScheduledStopPoint>
            <ScheduledStopPoint version="1" id="VTR:ScheduledStopPoint:1573998">
              <Name>Vidubala</Name>
            </ScheduledStopPoint>
            <ScheduledStopPoint version="1" id="VTR:ScheduledStopPoint:1573999">
              <Name>Papyvesiai</Name>
            </ScheduledStopPoint>
            <ScheduledStopPoint version="1" id="VTR:ScheduledStopPoint:1574000">
              <Name>Kiemeliai</Name>
            </ScheduledStopPoint>
          </scheduledStopPoints>
          <serviceLinks>
            <ServiceLink id="VTR:ServiceLink:1573996_1_1573995_1" version="1">
              <Distance>0</Distance>
              <FromPointRef ref="VTR:ScheduledStopPoint:1573996" version="1"/>
              <ToPointRef ref="VTR:ScheduledStopPoint:1573995" version="1"/>
            </ServiceLink>
            <ServiceLink id="VTR:ServiceLink:1573993_1_1573987_1" version="1">
              <Distance>0</Distance>
              <FromPointRef ref="VTR:ScheduledStopPoint:1573993" version="1"/>
              <ToPointRef ref="VTR:ScheduledStopPoint:1573987" version="1"/>
            </ServiceLink>
            <ServiceLink id="VTR:ServiceLink:1573991_1_1573992_1" version="1">
              <Distance>2</Distance>
              <FromPointRef ref="VTR:ScheduledStopPoint:1573991" version="1"/>
              <ToPointRef ref="VTR:ScheduledStopPoint:1573992" version="1"/>
            </ServiceLink>
            <ServiceLink id="VTR:ServiceLink:1573998_1_1573999_1" version="1">
              <Distance>2</Distance>
              <FromPointRef ref="VTR:ScheduledStopPoint:1573998" version="1"/>
              <ToPointRef ref="VTR:ScheduledStopPoint:1573999" version="1"/>
            </ServiceLink>
            <ServiceLink id="VTR:ServiceLink:1573990_1_1573991_1" version="1">
              <Distance>3</Distance>
              <FromPointRef ref="VTR:ScheduledStopPoint:1573990" version="1"/>
              <ToPointRef ref="VTR:ScheduledStopPoint:1573991" version="1"/>
            </ServiceLink>
            <ServiceLink id="VTR:ServiceLink:1573995_1_1573994_1" version="1">
              <Distance>0</Distance>
              <FromPointRef ref="VTR:ScheduledStopPoint:1573995" version="1"/>
              <ToPointRef ref="VTR:ScheduledStopPoint:1573994" version="1"/>
            </ServiceLink>
            <ServiceLink id="VTR:ServiceLink:1573987_1_1573988_1" version="1">
              <Distance>0</Distance>
              <FromPointRef ref="VTR:ScheduledStopPoint:1573987" version="1"/>
              <ToPointRef ref="VTR:ScheduledStopPoint:1573988" version="1"/>
            </ServiceLink>
            <ServiceLink id="VTR:ServiceLink:1573997_1_1573998_1" version="1">
              <Distance>2</Distance>
              <FromPointRef ref="VTR:ScheduledStopPoint:1573997" version="1"/>
              <ToPointRef ref="VTR:ScheduledStopPoint:1573998" version="1"/>
            </ServiceLink>
            <ServiceLink id="VTR:ServiceLink:1573999_1_1574000_1" version="1">
              <Distance>1</Distance>
              <FromPointRef ref="VTR:ScheduledStopPoint:1573999" version="1"/>
              <ToPointRef ref="VTR:ScheduledStopPoint:1574000" version="1"/>
            </ServiceLink>
            <ServiceLink id="VTR:ServiceLink:1573988_1_1573989_1" version="1">
              <Distance>1</Distance>
              <FromPointRef ref="VTR:ScheduledStopPoint:1573988" version="1"/>
              <ToPointRef ref="VTR:ScheduledStopPoint:1573989" version="1"/>
            </ServiceLink>
            <ServiceLink id="VTR:ServiceLink:1573989_1_1573990_1" version="1">
              <Distance>1</Distance>
              <FromPointRef ref="VTR:ScheduledStopPoint:1573989" version="1"/>
              <ToPointRef ref="VTR:ScheduledStopPoint:1573990" version="1"/>
            </ServiceLink>
            <ServiceLink id="VTR:ServiceLink:1574000_1_1573996_1" version="1">
              <Distance>1</Distance>
              <FromPointRef ref="VTR:ScheduledStopPoint:1574000" version="1"/>
              <ToPointRef ref="VTR:ScheduledStopPoint:1573996" version="1"/>
            </ServiceLink>
          </serviceLinks>
          <stopAssignments>
            <PassengerStopAssignment order="1884000000" id="VTR:PassengerStopAssignment:1573993" version="1">
              <ScheduledStopPointRef ref="VTR:ScheduledStopPoint:1573993" version="1"/>
              <QuayRef ref="VTR:Quay:19487"/>
            </PassengerStopAssignment>
            <PassengerStopAssignment order="1884000001" id="VTR:PassengerStopAssignment:1573987" version="1">
              <ScheduledStopPointRef ref="VTR:ScheduledStopPoint:1573987" version="1"/>
              <QuayRef ref="VTR:Quay:21781"/>
            </PassengerStopAssignment>
            <PassengerStopAssignment order="1884000002" id="VTR:PassengerStopAssignment:1573988" version="1">
              <ScheduledStopPointRef ref="VTR:ScheduledStopPoint:1573988" version="1"/>
              <QuayRef ref="VTR:Quay:21777"/>
            </PassengerStopAssignment>
            <PassengerStopAssignment order="1884000003" id="VTR:PassengerStopAssignment:1573989" version="1">
              <ScheduledStopPointRef ref="VTR:ScheduledStopPoint:1573989" version="1"/>
              <QuayRef ref="VTR:Quay:6646"/>
            </PassengerStopAssignment>
            <PassengerStopAssignment order="1884000004" id="VTR:PassengerStopAssignment:1573990" version="1">
              <ScheduledStopPointRef ref="VTR:ScheduledStopPoint:1573990" version="1"/>
              <QuayRef ref="VTR:Quay:4635"/>
            </PassengerStopAssignment>
            <PassengerStopAssignment order="1884000005" id="VTR:PassengerStopAssignment:1573991" version="1">
              <ScheduledStopPointRef ref="VTR:ScheduledStopPoint:1573991" version="1"/>
              <QuayRef ref="VTR:Quay:15220"/>
            </PassengerStopAssignment>
            <PassengerStopAssignment order="1884000006" id="VTR:PassengerStopAssignment:1573992" version="1">
              <ScheduledStopPointRef ref="VTR:ScheduledStopPoint:1573992" version="1"/>
              <QuayRef ref="VTR:Quay:21799"/>
            </PassengerStopAssignment>
            <PassengerStopAssignment order="1884100000" id="VTR:PassengerStopAssignment:1573997" version="1">
              <ScheduledStopPointRef ref="VTR:ScheduledStopPoint:1573997" version="1"/>
              <QuayRef ref="VTR:Quay:21799"/>
            </PassengerStopAssignment>
            <PassengerStopAssignment order="1884100001" id="VTR:PassengerStopAssignment:1573998" version="1">
              <ScheduledStopPointRef ref="VTR:ScheduledStopPoint:1573998" version="1"/>
              <QuayRef ref="VTR:Quay:10085"/>
            </PassengerStopAssignment>
            <PassengerStopAssignment order="1884100002" id="VTR:PassengerStopAssignment:1573999" version="1">
              <ScheduledStopPointRef ref="VTR:ScheduledStopPoint:1573999" version="1"/>
              <QuayRef ref="VTR:Quay:11640"/>
            </PassengerStopAssignment>
            <PassengerStopAssignment order="1884100003" id="VTR:PassengerStopAssignment:1574000" version="1">
              <ScheduledStopPointRef ref="VTR:ScheduledStopPoint:1574000" version="1"/>
              <QuayRef ref="VTR:Quay:7659"/>
            </PassengerStopAssignment>
            <PassengerStopAssignment order="1884100004" id="VTR:PassengerStopAssignment:1573996" version="1">
              <ScheduledStopPointRef ref="VTR:ScheduledStopPoint:1573996" version="1"/>
              <QuayRef ref="VTR:Quay:21777"/>
            </PassengerStopAssignment>
            <PassengerStopAssignment order="1884100005" id="VTR:PassengerStopAssignment:1573995" version="1">
              <ScheduledStopPointRef ref="VTR:ScheduledStopPoint:1573995" version="1"/>
              <QuayRef ref="VTR:Quay:21781"/>
            </PassengerStopAssignment>
            <PassengerStopAssignment order="1884100006" id="VTR:PassengerStopAssignment:1573994" version="1">
              <ScheduledStopPointRef ref="VTR:ScheduledStopPoint:1573994" version="1"/>
              <QuayRef ref="VTR:Quay:19487"/>
            </PassengerStopAssignment>
          </stopAssignments>
          <journeyPatterns>
            <JourneyPattern id="VTR:JourneyPattern:3305897" version="3308122">
              <Name>2</Name>
              <RouteRef ref="VTR:Route:18841" version="1"/>
              <pointsInSequence>
                <StopPointInJourneyPattern id="VTR:StopPointInJourneyPattern:113583561" version="3308122" order="1">
                  <ScheduledStopPointRef ref="VTR:ScheduledStopPoint:1573997"/>
                  <DestinationDisplayRef ref="VTR:DestinationDisplay:1"/>
                </StopPointInJourneyPattern>
                <StopPointInJourneyPattern id="VTR:StopPointInJourneyPattern:113583562" version="3308122" order="2">
                  <ScheduledStopPointRef ref="VTR:ScheduledStopPoint:1573998"/>
                  <DestinationDisplayRef ref="VTR:DestinationDisplay:1"/>
                </StopPointInJourneyPattern>
                <StopPointInJourneyPattern id="VTR:StopPointInJourneyPattern:113583563" version="3308122" order="3">
                  <ScheduledStopPointRef ref="VTR:ScheduledStopPoint:1573999"/>
                  <DestinationDisplayRef ref="VTR:DestinationDisplay:1"/>
                </StopPointInJourneyPattern>
                <StopPointInJourneyPattern id="VTR:StopPointInJourneyPattern:113583564" version="3308122" order="4">
                  <ScheduledStopPointRef ref="VTR:ScheduledStopPoint:1574000"/>
                  <DestinationDisplayRef ref="VTR:DestinationDisplay:1"/>
                </StopPointInJourneyPattern>
                <StopPointInJourneyPattern id="VTR:StopPointInJourneyPattern:113583565" version="3308122" order="5">
                  <ScheduledStopPointRef ref="VTR:ScheduledStopPoint:1573996"/>
                  <DestinationDisplayRef ref="VTR:DestinationDisplay:1"/>
                </StopPointInJourneyPattern>
                <StopPointInJourneyPattern id="VTR:StopPointInJourneyPattern:113583566" version="3308122" order="6">
                  <ScheduledStopPointRef ref="VTR:ScheduledStopPoint:1573995"/>
                  <DestinationDisplayRef ref="VTR:DestinationDisplay:1"/>
                </StopPointInJourneyPattern>
                <StopPointInJourneyPattern id="VTR:StopPointInJourneyPattern:113583567" version="3308122" order="7">
                  <ScheduledStopPointRef ref="VTR:ScheduledStopPoint:1573994"/>
                  <DestinationDisplayRef ref="VTR:DestinationDisplay:1"/>
                </StopPointInJourneyPattern>
              </pointsInSequence>
            </JourneyPattern>
            <JourneyPattern id="VTR:JourneyPattern:3305896" version="3308121">
              <Name>1</Name>
              <RouteRef ref="VTR:Route:18840" version="1"/>
              <pointsInSequence>
                <StopPointInJourneyPattern id="VTR:StopPointInJourneyPattern:113583554" version="3308121" order="1">
                  <ScheduledStopPointRef ref="VTR:ScheduledStopPoint:1573993"/>
                  <DestinationDisplayRef ref="VTR:DestinationDisplay:1"/>
                </StopPointInJourneyPattern>
                <StopPointInJourneyPattern id="VTR:StopPointInJourneyPattern:113583555" version="3308121" order="2">
                  <ScheduledStopPointRef ref="VTR:ScheduledStopPoint:1573987"/>
                  <DestinationDisplayRef ref="VTR:DestinationDisplay:1"/>
                </StopPointInJourneyPattern>
                <StopPointInJourneyPattern id="VTR:StopPointInJourneyPattern:113583556" version="3308121" order="3">
                  <ScheduledStopPointRef ref="VTR:ScheduledStopPoint:1573988"/>
                  <DestinationDisplayRef ref="VTR:DestinationDisplay:1"/>
                </StopPointInJourneyPattern>
                <StopPointInJourneyPattern id="VTR:StopPointInJourneyPattern:113583557" version="3308121" order="4">
                  <ScheduledStopPointRef ref="VTR:ScheduledStopPoint:1573989"/>
                  <DestinationDisplayRef ref="VTR:DestinationDisplay:1"/>
                </StopPointInJourneyPattern>
                <StopPointInJourneyPattern id="VTR:StopPointInJourneyPattern:113583558" version="3308121" order="5">
                  <ScheduledStopPointRef ref="VTR:ScheduledStopPoint:1573990"/>
                  <DestinationDisplayRef ref="VTR:DestinationDisplay:1"/>
                </StopPointInJourneyPattern>
                <StopPointInJourneyPattern id="VTR:StopPointInJourneyPattern:113583559" version="3308121" order="6">
                  <ScheduledStopPointRef ref="VTR:ScheduledStopPoint:1573991"/>
                  <DestinationDisplayRef ref="VTR:DestinationDisplay:1"/>
                </StopPointInJourneyPattern>
                <StopPointInJourneyPattern id="VTR:StopPointInJourneyPattern:113583560" version="3308121" order="7">
                  <ScheduledStopPointRef ref="VTR:ScheduledStopPoint:1573992"/>
                  <DestinationDisplayRef ref="VTR:DestinationDisplay:1"/>
                </StopPointInJourneyPattern>
              </pointsInSequence>
            </JourneyPattern>
          </journeyPatterns>
        </ServiceFrame>
        <TimetableFrame version="1" id="VTR:TimetableFrame:1362">
          <vehicleJourneys>
            <ServiceJourney version="3308121" id="VTR:ServiceJourney:3305896">
              <Name>Pasvalys-Krinčinas</Name>
              <PrivateCode>1</PrivateCode>
              <dayTypes>
                <DayTypeRef ref="VTR:DayType:702"/>
              </dayTypes>
              <JourneyPatternRef version="3308121" ref="VTR:JourneyPattern:3305896"/>
              <OperatorRef ref="VTR:Operator:371"/>
              <LineRef ref="VTR:Line:1977" version="8528"/>
              <passingTimes>
                <TimetabledPassingTime version="3308121" id="VTR:TimetabledPassingTime:3305896_113583554_1">
                  <StopPointInJourneyPatternRef ref="VTR:StopPointInJourneyPattern:113583554" version="3308121"/>
                  <DepartureTime>07:45:00</DepartureTime>
                  <DepartureDayOffset>0</DepartureDayOffset>
                </TimetabledPassingTime>
                <TimetabledPassingTime version="3308121" id="VTR:TimetabledPassingTime:3305896_113583555_2">
                  <StopPointInJourneyPatternRef ref="VTR:StopPointInJourneyPattern:113583555" version="3308121"/>
                  <DepartureTime>07:46:00</DepartureTime>
                  <DepartureDayOffset>0</DepartureDayOffset>
                </TimetabledPassingTime>
                <TimetabledPassingTime version="3308121" id="VTR:TimetabledPassingTime:3305896_113583556_3">
                  <StopPointInJourneyPatternRef ref="VTR:StopPointInJourneyPattern:113583556" version="3308121"/>
                  <DepartureTime>07:47:00</DepartureTime>
                  <DepartureDayOffset>0</DepartureDayOffset>
                </TimetabledPassingTime>
                <TimetabledPassingTime version="3308121" id="VTR:TimetabledPassingTime:3305896_113583557_4">
                  <StopPointInJourneyPatternRef ref="VTR:StopPointInJourneyPattern:113583557" version="3308121"/>
                  <DepartureTime>07:49:00</DepartureTime>
                  <DepartureDayOffset>0</DepartureDayOffset>
                </TimetabledPassingTime>
                <TimetabledPassingTime version="3308121" id="VTR:TimetabledPassingTime:3305896_113583558_5">
                  <StopPointInJourneyPatternRef ref="VTR:StopPointInJourneyPattern:113583558" version="3308121"/>
                  <DepartureTime>07:51:00</DepartureTime>
                  <DepartureDayOffset>0</DepartureDayOffset>
                </TimetabledPassingTime>
                <TimetabledPassingTime version="3308121" id="VTR:TimetabledPassingTime:3305896_113583559_6">
                  <StopPointInJourneyPatternRef ref="VTR:StopPointInJourneyPattern:113583559" version="3308121"/>
                  <DepartureTime>07:56:00</DepartureTime>
                  <DepartureDayOffset>0</DepartureDayOffset>
                </TimetabledPassingTime>
                <TimetabledPassingTime version="3308121" id="VTR:TimetabledPassingTime:3305896_113583560_7">
                  <StopPointInJourneyPatternRef ref="VTR:StopPointInJourneyPattern:113583560" version="3308121"/>
                  <DepartureTime>08:00:00</DepartureTime>
                  <DepartureDayOffset>0</DepartureDayOffset>
                </TimetabledPassingTime>
              </passingTimes>
            </ServiceJourney>
            <ServiceJourney version="3308122" id="VTR:ServiceJourney:3305897">
              <Name>Krinčinas-Pasvalys</Name>
              <PrivateCode>2</PrivateCode>
              <dayTypes>
                <DayTypeRef ref="VTR:DayType:702"/>
              </dayTypes>
              <JourneyPatternRef version="3308122" ref="VTR:JourneyPattern:3305897"/>
              <OperatorRef ref="VTR:Operator:371"/>
              <LineRef ref="VTR:Line:1977" version="8528"/>
              <passingTimes>
                <TimetabledPassingTime version="3308122" id="VTR:TimetabledPassingTime:3305897_113583561_1">
                  <StopPointInJourneyPatternRef ref="VTR:StopPointInJourneyPattern:113583561" version="3308122"/>
                  <DepartureTime>08:05:00</DepartureTime>
                  <DepartureDayOffset>0</DepartureDayOffset>
                </TimetabledPassingTime>
                <TimetabledPassingTime version="3308122" id="VTR:TimetabledPassingTime:3305897_113583562_2">
                  <StopPointInJourneyPatternRef ref="VTR:StopPointInJourneyPattern:113583562" version="3308122"/>
                  <DepartureTime>08:09:00</DepartureTime>
                  <DepartureDayOffset>0</DepartureDayOffset>
                </TimetabledPassingTime>
                <TimetabledPassingTime version="3308122" id="VTR:TimetabledPassingTime:3305897_113583563_3">
                  <StopPointInJourneyPatternRef ref="VTR:StopPointInJourneyPattern:113583563" version="3308122"/>
                  <DepartureTime>08:14:00</DepartureTime>
                  <DepartureDayOffset>0</DepartureDayOffset>
                </TimetabledPassingTime>
                <TimetabledPassingTime version="3308122" id="VTR:TimetabledPassingTime:3305897_113583564_4">
                  <StopPointInJourneyPatternRef ref="VTR:StopPointInJourneyPattern:113583564" version="3308122"/>
                  <DepartureTime>08:16:00</DepartureTime>
                  <DepartureDayOffset>0</DepartureDayOffset>
                </TimetabledPassingTime>
                <TimetabledPassingTime version="3308122" id="VTR:TimetabledPassingTime:3305897_113583565_5">
                  <StopPointInJourneyPatternRef ref="VTR:StopPointInJourneyPattern:113583565" version="3308122"/>
                  <DepartureTime>08:18:00</DepartureTime>
                  <DepartureDayOffset>0</DepartureDayOffset>
                </TimetabledPassingTime>
                <TimetabledPassingTime version="3308122" id="VTR:TimetabledPassingTime:3305897_113583566_6">
                  <StopPointInJourneyPatternRef ref="VTR:StopPointInJourneyPattern:113583566" version="3308122"/>
                  <DepartureTime>08:19:00</DepartureTime>
                  <DepartureDayOffset>0</DepartureDayOffset>
                </TimetabledPassingTime>
                <TimetabledPassingTime version="3308122" id="VTR:TimetabledPassingTime:3305897_113583567_7">
                  <StopPointInJourneyPatternRef ref="VTR:StopPointInJourneyPattern:113583567" version="3308122"/>
                  <DepartureTime>08:20:00</DepartureTime>
                  <DepartureDayOffset>0</DepartureDayOffset>
                </TimetabledPassingTime>
              </passingTimes>
            </ServiceJourney>
          </vehicleJourneys>
        </TimetableFrame>
        <ResourceFrame version="1" id="VTR:ResourceFrame:1362">
          <organisations>
            <Authority version="1" id="VTR:Authority:25">
              <CompanyNumber>67</CompanyNumber>
              <Name>Pasvalio r. sav.</Name>
              <LegalName>Pasvalio r. sav.</LegalName>
              <ContactDetails>
                <Email>rastine@pasvalys.lt</Email>
                <Phone>845154101</Phone>
                <Url>www.pasvalys.lt</Url>
              </ContactDetails>
              <OrganisationType>authority</OrganisationType>
            </Authority>
          </organisations>
        </ResourceFrame>
        <FareFrame id="VTR:FareFrame:1977" version="1">
          <FrameDefaults>
            <DefaultCurrency>EUR</DefaultCurrency>
          </FrameDefaults>
          <fareStructureElements>
            <FareStructureElement id="VTR:FareStructureElement:pricematrix" version="1">
              <distanceMatrixElements>
                <DistanceMatrixElementRef ref="VTR:DistanceMatrixElement:113583563to113583566" version="1"/>
                <DistanceMatrixElementRef ref="VTR:DistanceMatrixElement:113583558to113583560" version="1"/>
                <DistanceMatrixElementRef ref="VTR:DistanceMatrixElement:113583556to113583557" version="1"/>
                <DistanceMatrixElementRef ref="VTR:DistanceMatrixElement:113583562to113583564" version="1"/>
                <DistanceMatrixElementRef ref="VTR:DistanceMatrixElement:113583563to113583567" version="1"/>
                <DistanceMatrixElementRef ref="VTR:DistanceMatrixElement:113583566to113583567" version="1"/>
                <DistanceMatrixElementRef ref="VTR:DistanceMatrixElement:113583561to113583563" version="1"/>
                <DistanceMatrixElementRef ref="VTR:DistanceMatrixElement:113583561to113583564" version="1"/>
                <DistanceMatrixElementRef ref="VTR:DistanceMatrixElement:113583554to113583559" version="1"/>
                <DistanceMatrixElementRef ref="VTR:DistanceMatrixElement:113583558to113583559" version="1"/>
                <DistanceMatrixElementRef ref="VTR:DistanceMatrixElement:113583562to113583565" version="1"/>
                <DistanceMatrixElementRef ref="VTR:DistanceMatrixElement:113583556to113583559" version="1"/>
                <DistanceMatrixElementRef ref="VTR:DistanceMatrixElement:113583562to113583567" version="1"/>
                <DistanceMatrixElementRef ref="VTR:DistanceMatrixElement:113583554to113583556" version="1"/>
                <DistanceMatrixElementRef ref="VTR:DistanceMatrixElement:113583559to113583560" version="1"/>
                <DistanceMatrixElementRef ref="VTR:DistanceMatrixElement:113583562to113583566" version="1"/>
                <DistanceMatrixElementRef ref="VTR:DistanceMatrixElement:113583565to113583566" version="1"/>
                <DistanceMatrixElementRef ref="VTR:DistanceMatrixElement:113583561to113583565" version="1"/>
                <DistanceMatrixElementRef ref="VTR:DistanceMatrixElement:113583561to113583567" version="1"/>
                <DistanceMatrixElementRef ref="VTR:DistanceMatrixElement:113583555to113583556" version="1"/>
                <DistanceMatrixElementRef ref="VTR:DistanceMatrixElement:113583555to113583557" version="1"/>
                <DistanceMatrixElementRef ref="VTR:DistanceMatrixElement:113583556to113583558" version="1"/>
                <DistanceMatrixElementRef ref="VTR:DistanceMatrixElement:113583562to113583563" version="1"/>
                <DistanceMatrixElementRef ref="VTR:DistanceMatrixElement:113583563to113583564" version="1"/>
                <DistanceMatrixElementRef ref="VTR:DistanceMatrixElement:113583564to113583567" version="1"/>
                <DistanceMatrixElementRef ref="VTR:DistanceMatrixElement:113583561to113583562" version="1"/>
                <DistanceMatrixElementRef ref="VTR:DistanceMatrixElement:113583554to113583555" version="1"/>
                <DistanceMatrixElementRef ref="VTR:DistanceMatrixElement:113583554to113583557" version="1"/>
                <DistanceMatrixElementRef ref="VTR:DistanceMatrixElement:113583554to113583558" version="1"/>
                <DistanceMatrixElementRef ref="VTR:DistanceMatrixElement:113583555to113583558" version="1"/>
                <DistanceMatrixElementRef ref="VTR:DistanceMatrixElement:113583561to113583566" version="1"/>
                <DistanceMatrixElementRef ref="VTR:DistanceMatrixElement:113583554to113583560" version="1"/>
                <DistanceMatrixElementRef ref="VTR:DistanceMatrixElement:113583555to113583559" version="1"/>
                <DistanceMatrixElementRef ref="VTR:DistanceMatrixElement:113583555to113583560" version="1"/>
                <DistanceMatrixElementRef ref="VTR:DistanceMatrixElement:113583556to113583560" version="1"/>
                <DistanceMatrixElementRef ref="VTR:DistanceMatrixElement:113583557to113583558" version="1"/>
                <DistanceMatrixElementRef ref="VTR:DistanceMatrixElement:113583563to113583565" version="1"/>
                <DistanceMatrixElementRef ref="VTR:DistanceMatrixElement:113583564to113583565" version="1"/>
                <DistanceMatrixElementRef ref="VTR:DistanceMatrixElement:113583565to113583567" version="1"/>
                <DistanceMatrixElementRef ref="VTR:DistanceMatrixElement:113583557to113583559" version="1"/>
                <DistanceMatrixElementRef ref="VTR:DistanceMatrixElement:113583557to113583560" version="1"/>
                <DistanceMatrixElementRef ref="VTR:DistanceMatrixElement:113583564to113583566" version="1"/>
              </distanceMatrixElements>
            </FareStructureElement>
          </fareStructureElements>
          <tariffs>
            <Tariff id="VTR:Tariff:pointToPointInSeparateJourney_1977" version="1">
              <Name>Point to point tariff</Name>
              <distanceMatrixElements>
                <DistanceMatrixElement id="VTR:DistanceMatrixElement:113583563to113583566" version="1">
                  <Name>Papyvesiai to Vaikų d.</Name>
                  <StartStopPointRef ref="VTR:ScheduledStopPoint:1573999" version="1"/>
                  <EndStopPointRef ref="VTR:ScheduledStopPoint:1573995" version="1"/>
                  <prices>
                    <DistanceMatrixElementPrice id="VTR:DistanceMatrixElementPrice:113583563to113583566" version="1">
                      <Amount>0.38</Amount>
                      <DistanceMatrixElementRef ref="VTR:DistanceMatrixElement:113583563to113583566" version="1"/>
                    </DistanceMatrixElementPrice>
                  </prices>
                </DistanceMatrixElement>
                <DistanceMatrixElement id="VTR:DistanceMatrixElement:113583558to113583560" version="1">
                  <Name>Papyvesiai to Krinčinas</Name>
                  <StartStopPointRef ref="VTR:ScheduledStopPoint:1573990" version="1"/>
                  <EndStopPointRef ref="VTR:ScheduledStopPoint:1573992" version="1"/>
                  <prices>
                    <DistanceMatrixElementPrice id="VTR:DistanceMatrixElementPrice:113583558to113583560" version="1">
                      <Amount>0.52</Amount>
                      <DistanceMatrixElementRef ref="VTR:DistanceMatrixElement:113583558to113583560" version="1"/>
                    </DistanceMatrixElementPrice>
                  </prices>
                </DistanceMatrixElement>
                <DistanceMatrixElement id="VTR:DistanceMatrixElement:113583556to113583557" version="1">
                  <Name>VMĮ to Kiemeliai</Name>
                  <StartStopPointRef ref="VTR:ScheduledStopPoint:1573988" version="1"/>
                  <EndStopPointRef ref="VTR:ScheduledStopPoint:1573989" version="1"/>
                  <prices>
                    <DistanceMatrixElementPrice id="VTR:DistanceMatrixElementPrice:113583556to113583557" version="1">
                      <Amount>0.35</Amount>
                      <DistanceMatrixElementRef ref="VTR:DistanceMatrixElement:113583556to113583557" version="1"/>
                    </DistanceMatrixElementPrice>
                  </prices>
                </DistanceMatrixElement>
                <DistanceMatrixElement id="VTR:DistanceMatrixElement:113583562to113583564" version="1">
                  <Name>Vidubala to Kiemeliai</Name>
                  <StartStopPointRef ref="VTR:ScheduledStopPoint:1573998" version="1"/>
                  <EndStopPointRef ref="VTR:ScheduledStopPoint:1574000" version="1"/>
                  <prices>
                    <DistanceMatrixElementPrice id="VTR:DistanceMatrixElementPrice:113583562to113583564" version="1">
                      <Amount>0.43</Amount>
                      <DistanceMatrixElementRef ref="VTR:DistanceMatrixElement:113583562to113583564" version="1"/>
                    </DistanceMatrixElementPrice>
                  </prices>
                </DistanceMatrixElement>
                <DistanceMatrixElement id="VTR:DistanceMatrixElement:113583563to113583567" version="1">
                  <Name>Papyvesiai to Pasvalio autobusų stotis</Name>
                  <StartStopPointRef ref="VTR:ScheduledStopPoint:1573999" version="1"/>
                  <EndStopPointRef ref="VTR:ScheduledStopPoint:1573994" version="1"/>
                  <prices>
                    <DistanceMatrixElementPrice id="VTR:DistanceMatrixElementPrice:113583563to113583567" version="1">
                      <Amount>0.38</Amount>
                      <DistanceMatrixElementRef ref="VTR:DistanceMatrixElement:113583563to113583567" version="1"/>
                    </DistanceMatrixElementPrice>
                  </prices>
                </DistanceMatrixElement>
                <DistanceMatrixElement id="VTR:DistanceMatrixElement:113583566to113583567" version="1">
                  <Name>Vaikų d. to Pasvalio autobusų stotis</Name>
                  <StartStopPointRef ref="VTR:ScheduledStopPoint:1573995" version="1"/>
                  <EndStopPointRef ref="VTR:ScheduledStopPoint:1573994" version="1"/>
                  <prices>
                    <DistanceMatrixElementPrice id="VTR:DistanceMatrixElementPrice:113583566to113583567" version="1">
                      <Amount>0.35</Amount>
                      <DistanceMatrixElementRef ref="VTR:DistanceMatrixElement:113583566to113583567" version="1"/>
                    </DistanceMatrixElementPrice>
                  </prices>
                </DistanceMatrixElement>
                <DistanceMatrixElement id="VTR:DistanceMatrixElement:113583561to113583563" version="1">
                  <Name>Krinčinas to Papyvesiai</Name>
                  <StartStopPointRef ref="VTR:ScheduledStopPoint:1573997" version="1"/>
                  <EndStopPointRef ref="VTR:ScheduledStopPoint:1573999" version="1"/>
                  <prices>
                    <DistanceMatrixElementPrice id="VTR:DistanceMatrixElementPrice:113583561to113583563" version="1">
                      <Amount>0.52</Amount>
                      <DistanceMatrixElementRef ref="VTR:DistanceMatrixElement:113583561to113583563" version="1"/>
                    </DistanceMatrixElementPrice>
                  </prices>
                </DistanceMatrixElement>
                <DistanceMatrixElement id="VTR:DistanceMatrixElement:113583561to113583564" version="1">
                  <Name>Krinčinas to Kiemeliai</Name>
                  <StartStopPointRef ref="VTR:ScheduledStopPoint:1573997" version="1"/>
                  <EndStopPointRef ref="VTR:ScheduledStopPoint:1574000" version="1"/>
                  <prices>
                    <DistanceMatrixElementPrice id="VTR:DistanceMatrixElementPrice:113583561to113583564" version="1">
                      <Amount>0.67</Amount>
                      <DistanceMatrixElementRef ref="VTR:DistanceMatrixElement:113583561to113583564" version="1"/>
                    </DistanceMatrixElementPrice>
                  </prices>
                </DistanceMatrixElement>
                <DistanceMatrixElement id="VTR:DistanceMatrixElement:113583554to113583559" version="1">
                  <Name>Pasvalio autobusų stotis to Vidubala</Name>
                  <StartStopPointRef ref="VTR:ScheduledStopPoint:1573993" version="1"/>
                  <EndStopPointRef ref="VTR:ScheduledStopPoint:1573991" version="1"/>
                  <prices>
                    <DistanceMatrixElementPrice id="VTR:DistanceMatrixElementPrice:113583554to113583559" version="1">
                      <Amount>0.67</Amount>
                      <DistanceMatrixElementRef ref="VTR:DistanceMatrixElement:113583554to113583559" version="1"/>
                    </DistanceMatrixElementPrice>
                  </prices>
                </DistanceMatrixElement>
                <DistanceMatrixElement id="VTR:DistanceMatrixElement:113583558to113583559" version="1">
                  <Name>Papyvesiai to Vidubala</Name>
                  <StartStopPointRef ref="VTR:ScheduledStopPoint:1573990" version="1"/>
                  <EndStopPointRef ref="VTR:ScheduledStopPoint:1573991" version="1"/>
                  <prices>
                    <DistanceMatrixElementPrice id="VTR:DistanceMatrixElementPrice:113583558to113583559" version="1">
                      <Amount>0.35</Amount>
                      <DistanceMatrixElementRef ref="VTR:DistanceMatrixElement:113583558to113583559" version="1"/>
                    </DistanceMatrixElementPrice>
                  </prices>
                </DistanceMatrixElement>
                <DistanceMatrixElement id="VTR:DistanceMatrixElement:113583562to113583565" version="1">
                  <Name>Vidubala to VMĮ</Name>
                  <StartStopPointRef ref="VTR:ScheduledStopPoint:1573998" version="1"/>
                  <EndStopPointRef ref="VTR:ScheduledStopPoint:1573996" version="1"/>
                  <prices>
                    <DistanceMatrixElementPrice id="VTR:DistanceMatrixElementPrice:113583562to113583565" version="1">
                      <Amount>0.67</Amount>
                      <DistanceMatrixElementRef ref="VTR:DistanceMatrixElement:113583562to113583565" version="1"/>
                    </DistanceMatrixElementPrice>
                  </prices>
                </DistanceMatrixElement>
                <DistanceMatrixElement id="VTR:DistanceMatrixElement:113583556to113583559" version="1">
                  <Name>VMĮ to Vidubala</Name>
                  <StartStopPointRef ref="VTR:ScheduledStopPoint:1573988" version="1"/>
                  <EndStopPointRef ref="VTR:ScheduledStopPoint:1573991" version="1"/>
                  <prices>
                    <DistanceMatrixElementPrice id="VTR:DistanceMatrixElementPrice:113583556to113583559" version="1">
                      <Amount>0.67</Amount>
                      <DistanceMatrixElementRef ref="VTR:DistanceMatrixElement:113583556to113583559" version="1"/>
                    </DistanceMatrixElementPrice>
                  </prices>
                </DistanceMatrixElement>
                <DistanceMatrixElement id="VTR:DistanceMatrixElement:113583562to113583567" version="1">
                  <Name>Vidubala to Pasvalio autobusų stotis</Name>
                  <StartStopPointRef ref="VTR:ScheduledStopPoint:1573998" version="1"/>
                  <EndStopPointRef ref="VTR:ScheduledStopPoint:1573994" version="1"/>
                  <prices>
                    <DistanceMatrixElementPrice id="VTR:DistanceMatrixElementPrice:113583562to113583567" version="1">
                      <Amount>0.67</Amount>
                      <DistanceMatrixElementRef ref="VTR:DistanceMatrixElement:113583562to113583567" version="1"/>
                    </DistanceMatrixElementPrice>
                  </prices>
                </DistanceMatrixElement>
                <DistanceMatrixElement id="VTR:DistanceMatrixElement:113583554to113583556" version="1">
                  <Name>Pasvalio autobusų stotis to VMĮ</Name>
                  <StartStopPointRef ref="VTR:ScheduledStopPoint:1573993" version="1"/>
                  <EndStopPointRef ref="VTR:ScheduledStopPoint:1573988" version="1"/>
                  <prices>
                    <DistanceMatrixElementPrice id="VTR:DistanceMatrixElementPrice:113583554to113583556" version="1">
                      <Amount>0.35</Amount>
                      <DistanceMatrixElementRef ref="VTR:DistanceMatrixElement:113583554to113583556" version="1"/>
                    </DistanceMatrixElementPrice>
                  </prices>
                </DistanceMatrixElement>
                <DistanceMatrixElement id="VTR:DistanceMatrixElement:113583559to113583560" version="1">
                  <Name>Vidubala to Krinčinas</Name>
                  <StartStopPointRef ref="VTR:ScheduledStopPoint:1573991" version="1"/>
                  <EndStopPointRef ref="VTR:ScheduledStopPoint:1573992" version="1"/>
                  <prices>
                    <DistanceMatrixElementPrice id="VTR:DistanceMatrixElementPrice:113583559to113583560" version="1">
                      <Amount>0.35</Amount>
                      <DistanceMatrixElementRef ref="VTR:DistanceMatrixElement:113583559to113583560" version="1"/>
                    </DistanceMatrixElementPrice>
                  </prices>
                </DistanceMatrixElement>
                <DistanceMatrixElement id="VTR:DistanceMatrixElement:113583562to113583566" version="1">
                  <Name>Vidubala to Vaikų d.</Name>
                  <StartStopPointRef ref="VTR:ScheduledStopPoint:1573998" version="1"/>
                  <EndStopPointRef ref="VTR:ScheduledStopPoint:1573995" version="1"/>
                  <prices>
                    <DistanceMatrixElementPrice id="VTR:DistanceMatrixElementPrice:113583562to113583566" version="1">
                      <Amount>0.67</Amount>
                      <DistanceMatrixElementRef ref="VTR:DistanceMatrixElement:113583562to113583566" version="1"/>
                    </DistanceMatrixElementPrice>
                  </prices>
                </DistanceMatrixElement>
                <DistanceMatrixElement id="VTR:DistanceMatrixElement:113583565to113583566" version="1">
                  <Name>VMĮ to Vaikų d.</Name>
                  <StartStopPointRef ref="VTR:ScheduledStopPoint:1573996" version="1"/>
                  <EndStopPointRef ref="VTR:ScheduledStopPoint:1573995" version="1"/>
                  <prices>
                    <DistanceMatrixElementPrice id="VTR:DistanceMatrixElementPrice:113583565to113583566" version="1">
                      <Amount>0.35</Amount>
                      <DistanceMatrixElementRef ref="VTR:DistanceMatrixElement:113583565to113583566" version="1"/>
                    </DistanceMatrixElementPrice>
                  </prices>
                </DistanceMatrixElement>
                <DistanceMatrixElement id="VTR:DistanceMatrixElement:113583561to113583565" version="1">
                  <Name>Krinčinas to VMĮ</Name>
                  <StartStopPointRef ref="VTR:ScheduledStopPoint:1573997" version="1"/>
                  <EndStopPointRef ref="VTR:ScheduledStopPoint:1573996" version="1"/>
                  <prices>
                    <DistanceMatrixElementPrice id="VTR:DistanceMatrixElementPrice:113583561to113583565" version="1">
                      <Amount>0.93</Amount>
                      <DistanceMatrixElementRef ref="VTR:DistanceMatrixElement:113583561to113583565" version="1"/>
                    </DistanceMatrixElementPrice>
                  </prices>
                </DistanceMatrixElement>
                <DistanceMatrixElement id="VTR:DistanceMatrixElement:113583561to113583567" version="1">
                  <Name>Krinčinas to Pasvalio autobusų stotis</Name>
                  <StartStopPointRef ref="VTR:ScheduledStopPoint:1573997" version="1"/>
                  <EndStopPointRef ref="VTR:ScheduledStopPoint:1573994" version="1"/>
                  <prices>
                    <DistanceMatrixElementPrice id="VTR:DistanceMatrixElementPrice:113583561to113583567" version="1">
                      <Amount>0.93</Amount>
                      <DistanceMatrixElementRef ref="VTR:DistanceMatrixElement:113583561to113583567" version="1"/>
                    </DistanceMatrixElementPrice>
                  </prices>
                </DistanceMatrixElement>
                <DistanceMatrixElement id="VTR:DistanceMatrixElement:113583555to113583556" version="1">
                  <Name>Vaikų d. to VMĮ</Name>
                  <StartStopPointRef ref="VTR:ScheduledStopPoint:1573987" version="1"/>
                  <EndStopPointRef ref="VTR:ScheduledStopPoint:1573988" version="1"/>
                  <prices>
                    <DistanceMatrixElementPrice id="VTR:DistanceMatrixElementPrice:113583555to113583556" version="1">
                      <Amount>0.35</Amount>
                      <DistanceMatrixElementRef ref="VTR:DistanceMatrixElement:113583555to113583556" version="1"/>
                    </DistanceMatrixElementPrice>
                  </prices>
                </DistanceMatrixElement>
                <DistanceMatrixElement id="VTR:DistanceMatrixElement:113583555to113583557" version="1">
                  <Name>Vaikų d. to Kiemeliai</Name>
                  <StartStopPointRef ref="VTR:ScheduledStopPoint:1573987" version="1"/>
                  <EndStopPointRef ref="VTR:ScheduledStopPoint:1573989" version="1"/>
                  <prices>
                    <DistanceMatrixElementPrice id="VTR:DistanceMatrixElementPrice:113583555to113583557" version="1">
                      <Amount>0.35</Amount>
                      <DistanceMatrixElementRef ref="VTR:DistanceMatrixElement:113583555to113583557" version="1"/>
                    </DistanceMatrixElementPrice>
                  </prices>
                </DistanceMatrixElement>
                <DistanceMatrixElement id="VTR:DistanceMatrixElement:113583556to113583558" version="1">
                  <Name>VMĮ to Papyvesiai</Name>
                  <StartStopPointRef ref="VTR:ScheduledStopPoint:1573988" version="1"/>
                  <EndStopPointRef ref="VTR:ScheduledStopPoint:1573990" version="1"/>
                  <prices>
                    <DistanceMatrixElementPrice id="VTR:DistanceMatrixElementPrice:113583556to113583558" version="1">
                      <Amount>0.38</Amount>
                      <DistanceMatrixElementRef ref="VTR:DistanceMatrixElement:113583556to113583558" version="1"/>
                    </DistanceMatrixElementPrice>
                  </prices>
                </DistanceMatrixElement>
                <DistanceMatrixElement id="VTR:DistanceMatrixElement:113583562to113583563" version="1">
                  <Name>Vidubala to Papyvesiai</Name>
                  <StartStopPointRef ref="VTR:ScheduledStopPoint:1573998" version="1"/>
                  <EndStopPointRef ref="VTR:ScheduledStopPoint:1573999" version="1"/>
                  <prices>
                    <DistanceMatrixElementPrice id="VTR:DistanceMatrixElementPrice:113583562to113583563" version="1">
                      <Amount>0.35</Amount>
                      <DistanceMatrixElementRef ref="VTR:DistanceMatrixElement:113583562to113583563" version="1"/>
                    </DistanceMatrixElementPrice>
                  </prices>
                </DistanceMatrixElement>
                <DistanceMatrixElement id="VTR:DistanceMatrixElement:113583563to113583564" version="1">
                  <Name>Papyvesiai to Kiemeliai</Name>
                  <StartStopPointRef ref="VTR:ScheduledStopPoint:1573999" version="1"/>
                  <EndStopPointRef ref="VTR:ScheduledStopPoint:1574000" version="1"/>
                  <prices>
                    <DistanceMatrixElementPrice id="VTR:DistanceMatrixElementPrice:113583563to113583564" version="1">
                      <Amount>0.35</Amount>
                      <DistanceMatrixElementRef ref="VTR:DistanceMatrixElement:113583563to113583564" version="1"/>
                    </DistanceMatrixElementPrice>
                  </prices>
                </DistanceMatrixElement>
                <DistanceMatrixElement id="VTR:DistanceMatrixElement:113583564to113583567" version="1">
                  <Name>Kiemeliai to Pasvalio autobusų stotis</Name>
                  <StartStopPointRef ref="VTR:ScheduledStopPoint:1574000" version="1"/>
                  <EndStopPointRef ref="VTR:ScheduledStopPoint:1573994" version="1"/>
                  <prices>
                    <DistanceMatrixElementPrice id="VTR:DistanceMatrixElementPrice:113583564to113583567" version="1">
                      <Amount>0.35</Amount>
                      <DistanceMatrixElementRef ref="VTR:DistanceMatrixElement:113583564to113583567" version="1"/>
                    </DistanceMatrixElementPrice>
                  </prices>
                </DistanceMatrixElement>
                <DistanceMatrixElement id="VTR:DistanceMatrixElement:113583561to113583562" version="1">
                  <Name>Krinčinas to Vidubala</Name>
                  <StartStopPointRef ref="VTR:ScheduledStopPoint:1573997" version="1"/>
                  <EndStopPointRef ref="VTR:ScheduledStopPoint:1573998" version="1"/>
                  <prices>
                    <DistanceMatrixElementPrice id="VTR:DistanceMatrixElementPrice:113583561to113583562" version="1">
                      <Amount>0.35</Amount>
                      <DistanceMatrixElementRef ref="VTR:DistanceMatrixElement:113583561to113583562" version="1"/>
                    </DistanceMatrixElementPrice>
                  </prices>
                </DistanceMatrixElement>
                <DistanceMatrixElement id="VTR:DistanceMatrixElement:113583554to113583555" version="1">
                  <Name>Pasvalio autobusų stotis to Vaikų d.</Name>
                  <StartStopPointRef ref="VTR:ScheduledStopPoint:1573993" version="1"/>
                  <EndStopPointRef ref="VTR:ScheduledStopPoint:1573987" version="1"/>
                  <prices>
                    <DistanceMatrixElementPrice id="VTR:DistanceMatrixElementPrice:113583554to113583555" version="1">
                      <Amount>0.35</Amount>
                      <DistanceMatrixElementRef ref="VTR:DistanceMatrixElement:113583554to113583555" version="1"/>
                    </DistanceMatrixElementPrice>
                  </prices>
                </DistanceMatrixElement>
                <DistanceMatrixElement id="VTR:DistanceMatrixElement:113583554to113583557" version="1">
                  <Name>Pasvalio autobusų stotis to Kiemeliai</Name>
                  <StartStopPointRef ref="VTR:ScheduledStopPoint:1573993" version="1"/>
                  <EndStopPointRef ref="VTR:ScheduledStopPoint:1573989" version="1"/>
                  <prices>
                    <DistanceMatrixElementPrice id="VTR:DistanceMatrixElementPrice:113583554to113583557" version="1">
                      <Amount>0.35</Amount>
                      <DistanceMatrixElementRef ref="VTR:DistanceMatrixElement:113583554to113583557" version="1"/>
                    </DistanceMatrixElementPrice>
                  </prices>
                </DistanceMatrixElement>
                <DistanceMatrixElement id="VTR:DistanceMatrixElement:113583554to113583558" version="1">
                  <Name>Pasvalio autobusų stotis to Papyvesiai</Name>
                  <StartStopPointRef ref="VTR:ScheduledStopPoint:1573993" version="1"/>
                  <EndStopPointRef ref="VTR:ScheduledStopPoint:1573990" version="1"/>
                  <prices>
                    <DistanceMatrixElementPrice id="VTR:DistanceMatrixElementPrice:113583554to113583558" version="1">
                      <Amount>0.38</Amount>
                      <DistanceMatrixElementRef ref="VTR:DistanceMatrixElement:113583554to113583558" version="1"/>
                    </DistanceMatrixElementPrice>
                  </prices>
                </DistanceMatrixElement>
                <DistanceMatrixElement id="VTR:DistanceMatrixElement:113583555to113583558" version="1">
                  <Name>Vaikų d. to Papyvesiai</Name>
                  <StartStopPointRef ref="VTR:ScheduledStopPoint:1573987" version="1"/>
                  <EndStopPointRef ref="VTR:ScheduledStopPoint:1573990" version="1"/>
                  <prices>
                    <DistanceMatrixElementPrice id="VTR:DistanceMatrixElementPrice:113583555to113583558" version="1">
                      <Amount>0.38</Amount>
                      <DistanceMatrixElementRef ref="VTR:DistanceMatrixElement:113583555to113583558" version="1"/>
                    </DistanceMatrixElementPrice>
                  </prices>
                </DistanceMatrixElement>
                <DistanceMatrixElement id="VTR:DistanceMatrixElement:113583561to113583566" version="1">
                  <Name>Krinčinas to Vaikų d.</Name>
                  <StartStopPointRef ref="VTR:ScheduledStopPoint:1573997" version="1"/>
                  <EndStopPointRef ref="VTR:ScheduledStopPoint:1573995" version="1"/>
                  <prices>
                    <DistanceMatrixElementPrice id="VTR:DistanceMatrixElementPrice:113583561to113583566" version="1">
                      <Amount>0.93</Amount>
                      <DistanceMatrixElementRef ref="VTR:DistanceMatrixElement:113583561to113583566" version="1"/>
                    </DistanceMatrixElementPrice>
                  </prices>
                </DistanceMatrixElement>
                <DistanceMatrixElement id="VTR:DistanceMatrixElement:113583554to113583560" version="1">
                  <Name>Pasvalio autobusų stotis to Krinčinas</Name>
                  <StartStopPointRef ref="VTR:ScheduledStopPoint:1573993" version="1"/>
                  <EndStopPointRef ref="VTR:ScheduledStopPoint:1573992" version="1"/>
                  <prices>
                    <DistanceMatrixElementPrice id="VTR:DistanceMatrixElementPrice:113583554to113583560" version="1">
                      <Amount>0.93</Amount>
                      <DistanceMatrixElementRef ref="VTR:DistanceMatrixElement:113583554to113583560" version="1"/>
                    </DistanceMatrixElementPrice>
                  </prices>
                </DistanceMatrixElement>
                <DistanceMatrixElement id="VTR:DistanceMatrixElement:113583555to113583559" version="1">
                  <Name>Vaikų d. to Vidubala</Name>
                  <StartStopPointRef ref="VTR:ScheduledStopPoint:1573987" version="1"/>
                  <EndStopPointRef ref="VTR:ScheduledStopPoint:1573991" version="1"/>
                  <prices>
                    <DistanceMatrixElementPrice id="VTR:DistanceMatrixElementPrice:113583555to113583559" version="1">
                      <Amount>0.67</Amount>
                      <DistanceMatrixElementRef ref="VTR:DistanceMatrixElement:113583555to113583559" version="1"/>
                    </DistanceMatrixElementPrice>
                  </prices>
                </DistanceMatrixElement>
                <DistanceMatrixElement id="VTR:DistanceMatrixElement:113583555to113583560" version="1">
                  <Name>Vaikų d. to Krinčinas</Name>
                  <StartStopPointRef ref="VTR:ScheduledStopPoint:1573987" version="1"/>
                  <EndStopPointRef ref="VTR:ScheduledStopPoint:1573992" version="1"/>
                  <prices>
                    <DistanceMatrixElementPrice id="VTR:DistanceMatrixElementPrice:113583555to113583560" version="1">
                      <Amount>0.93</Amount>
                      <DistanceMatrixElementRef ref="VTR:DistanceMatrixElement:113583555to113583560" version="1"/>
                    </DistanceMatrixElementPrice>
                  </prices>
                </DistanceMatrixElement>
                <DistanceMatrixElement id="VTR:DistanceMatrixElement:113583556to113583560" version="1">
                  <Name>VMĮ to Krinčinas</Name>
                  <StartStopPointRef ref="VTR:ScheduledStopPoint:1573988" version="1"/>
                  <EndStopPointRef ref="VTR:ScheduledStopPoint:1573992" version="1"/>
                  <prices>
                    <DistanceMatrixElementPrice id="VTR:DistanceMatrixElementPrice:113583556to113583560" version="1">
                      <Amount>0.93</Amount>
                      <DistanceMatrixElementRef ref="VTR:DistanceMatrixElement:113583556to113583560" version="1"/>
                    </DistanceMatrixElementPrice>
                  </prices>
                </DistanceMatrixElement>
                <DistanceMatrixElement id="VTR:DistanceMatrixElement:113583557to113583558" version="1">
                  <Name>Kiemeliai to Papyvesiai</Name>
                  <StartStopPointRef ref="VTR:ScheduledStopPoint:1573989" version="1"/>
                  <EndStopPointRef ref="VTR:ScheduledStopPoint:1573990" version="1"/>
                  <prices>
                    <DistanceMatrixElementPrice id="VTR:DistanceMatrixElementPrice:113583557to113583558" version="1">
                      <Amount>0.35</Amount>
                      <DistanceMatrixElementRef ref="VTR:DistanceMatrixElement:113583557to113583558" version="1"/>
                    </DistanceMatrixElementPrice>
                  </prices>
                </DistanceMatrixElement>
                <DistanceMatrixElement id="VTR:DistanceMatrixElement:113583563to113583565" version="1">
                  <Name>Papyvesiai to VMĮ</Name>
                  <StartStopPointRef ref="VTR:ScheduledStopPoint:1573999" version="1"/>
                  <EndStopPointRef ref="VTR:ScheduledStopPoint:1573996" version="1"/>
                  <prices>
                    <DistanceMatrixElementPrice id="VTR:DistanceMatrixElementPrice:113583563to113583565" version="1">
                      <Amount>0.38</Amount>
                      <DistanceMatrixElementRef ref="VTR:DistanceMatrixElement:113583563to113583565" version="1"/>
                    </DistanceMatrixElementPrice>
                  </prices>
                </DistanceMatrixElement>
                <DistanceMatrixElement id="VTR:DistanceMatrixElement:113583564to113583565" version="1">
                  <Name>Kiemeliai to VMĮ</Name>
                  <StartStopPointRef ref="VTR:ScheduledStopPoint:1574000" version="1"/>
                  <EndStopPointRef ref="VTR:ScheduledStopPoint:1573996" version="1"/>
                  <prices>
                    <DistanceMatrixElementPrice id="VTR:DistanceMatrixElementPrice:113583564to113583565" version="1">
                      <Amount>0.35</Amount>
                      <DistanceMatrixElementRef ref="VTR:DistanceMatrixElement:113583564to113583565" version="1"/>
                    </DistanceMatrixElementPrice>
                  </prices>
                </DistanceMatrixElement>
                <DistanceMatrixElement id="VTR:DistanceMatrixElement:113583565to113583567" version="1">
                  <Name>VMĮ to Pasvalio autobusų stotis</Name>
                  <StartStopPointRef ref="VTR:ScheduledStopPoint:1573996" version="1"/>
                  <EndStopPointRef ref="VTR:ScheduledStopPoint:1573994" version="1"/>
                  <prices>
                    <DistanceMatrixElementPrice id="VTR:DistanceMatrixElementPrice:113583565to113583567" version="1">
                      <Amount>0.35</Amount>
                      <DistanceMatrixElementRef ref="VTR:DistanceMatrixElement:113583565to113583567" version="1"/>
                    </DistanceMatrixElementPrice>
                  </prices>
                </DistanceMatrixElement>
                <DistanceMatrixElement id="VTR:DistanceMatrixElement:113583557to113583559" version="1">
                  <Name>Kiemeliai to Vidubala</Name>
                  <StartStopPointRef ref="VTR:ScheduledStopPoint:1573989" version="1"/>
                  <EndStopPointRef ref="VTR:ScheduledStopPoint:1573991" version="1"/>
                  <prices>
                    <DistanceMatrixElementPrice id="VTR:DistanceMatrixElementPrice:113583557to113583559" version="1">
                      <Amount>0.43</Amount>
                      <DistanceMatrixElementRef ref="VTR:DistanceMatrixElement:113583557to113583559" version="1"/>
                    </DistanceMatrixElementPrice>
                  </prices>
                </DistanceMatrixElement>
                <DistanceMatrixElement id="VTR:DistanceMatrixElement:113583557to113583560" version="1">
                  <Name>Kiemeliai to Krinčinas</Name>
                  <StartStopPointRef ref="VTR:ScheduledStopPoint:1573989" version="1"/>
                  <EndStopPointRef ref="VTR:ScheduledStopPoint:1573992" version="1"/>
                  <prices>
                    <DistanceMatrixElementPrice id="VTR:DistanceMatrixElementPrice:113583557to113583560" version="1">
                      <Amount>0.67</Amount>
                      <DistanceMatrixElementRef ref="VTR:DistanceMatrixElement:113583557to113583560" version="1"/>
                    </DistanceMatrixElementPrice>
                  </prices>
                </DistanceMatrixElement>
                <DistanceMatrixElement id="VTR:DistanceMatrixElement:113583564to113583566" version="1">
                  <Name>Kiemeliai to Vaikų d.</Name>
                  <StartStopPointRef ref="VTR:ScheduledStopPoint:1574000" version="1"/>
                  <EndStopPointRef ref="VTR:ScheduledStopPoint:1573995" version="1"/>
                  <prices>
                    <DistanceMatrixElementPrice id="VTR:DistanceMatrixElementPrice:113583564to113583566" version="1">
                      <Amount>0.35</Amount>
                      <DistanceMatrixElementRef ref="VTR:DistanceMatrixElement:113583564to113583566" version="1"/>
                    </DistanceMatrixElementPrice>
                  </prices>
                </DistanceMatrixElement>
              </distanceMatrixElements>
            </Tariff>
          </tariffs>
          <usageParameters>
            <FrequencyOfUse id="VTR:FrequencyOfUse:oneTrip" version="1">
              <FrequencyOfUseType>unlimited</FrequencyOfUseType>
              <MaximalFrequency>1</MaximalFrequency>
            </FrequencyOfUse>
          </usageParameters>
        </FareFrame>
      </frames>
    </CompositeFrame>
  </dataObjects>
</PublicationDelivery>
