<?xml version="1.0" encoding="UTF-8"?><PublicationDelivery xmlns="http://www.netex.org.uk/netex" xmlns:ns2="http://www.opengis.net/gml/3.2" xmlns:ns3="http://www.siri.org.uk/siri" xmlns:xsi="http://www.w3.org/2001/XMLSchema-instance" version="1" xsi:schemaLocation="">
  <PublicationTimestamp>2022-05-07T02:30:01.202</PublicationTimestamp>
  <ParticipantRef>VTR</ParticipantRef>
  <dataObjects>
    <SiteFrame modification="new" version="1" id="VTR:SiteFrame:1371">
      <FrameDefaults>
        <DefaultLocale>
          <TimeZone>Europe/Vilnius</TimeZone>
        </DefaultLocale>
        <DefaultLocationSystem>WGS84</DefaultLocationSystem>
      </FrameDefaults>
      <stopPlaces>
        <StopPlace created="2015-05-25T16:56:27" changed="2020-11-04T02:22:22" modification="revise" version="12370" id="VTR:StopPlaceElement:12370">
          <ValidBetween>
            <FromDate>2020-11-04T02:22:22</FromDate>
          </ValidBetween>
          <keyList>
            <KeyValue>
              <Key>DATA_SOURCE_TYPE</Key>
              <Value>LAKIS</Value>
            </KeyValue>
          </keyList>
          <Name lang="lt">Ramybės</Name>
          <Centroid>
            <Location>
              <Longitude>26.40145</Longitude>
              <Latitude>55.582798</Latitude>
            </Location>
          </Centroid>
          <TransportMode>bus</TransportMode>
          <StopPlaceType>onstreetBus</StopPlaceType>
          <Weighting>interchangeAllowed</Weighting>
          <quays>
            <Quay modification="new" version="12370" id="VTR:Quay:12370">
              <Centroid>
                <Location>
                  <Longitude>26.40145</Longitude>
                  <Latitude>55.582798</Latitude>
                </Location>
              </Centroid>
            </Quay>
          </quays>
        </StopPlace>
        <StopPlace created="2015-09-14T23:17:02" changed="2015-09-20T09:03:04" modification="revise" version="22452" id="VTR:StopPlaceElement:22469">
          <ValidBetween>
            <FromDate>2015-09-20T09:03:04</FromDate>
          </ValidBetween>
          <keyList>
            <KeyValue>
              <Key>DATA_SOURCE_TYPE</Key>
              <Value>VINTRA</Value>
            </KeyValue>
          </keyList>
          <Name lang="lt">Geležinkelio stotis</Name>
          <Centroid>
            <Location>
              <Longitude>26.417698</Longitude>
              <Latitude>55.613688</Latitude>
            </Location>
          </Centroid>
          <TransportMode>bus</TransportMode>
          <StopPlaceType>onstreetBus</StopPlaceType>
          <Weighting>interchangeAllowed</Weighting>
          <quays>
            <Quay modification="revise" version="22452" id="VTR:Quay:22469">
              <Centroid>
                <Location>
                  <Longitude>26.417698</Longitude>
                  <Latitude>55.613688</Latitude>
                </Location>
              </Centroid>
            </Quay>
          </quays>
        </StopPlace>
        <StopPlace created="2015-09-14T23:27:08" changed="2015-09-20T09:03:04" modification="revise" version="22453" id="VTR:StopPlaceElement:22470">
          <ValidBetween>
            <FromDate>2015-09-20T09:03:04</FromDate>
          </ValidBetween>
          <keyList>
            <KeyValue>
              <Key>DATA_SOURCE_TYPE</Key>
              <Value>VINTRA</Value>
            </KeyValue>
          </keyList>
          <Name lang="lt">Ligoninė</Name>
          <Centroid>
            <Location>
              <Longitude>26.431165</Longitude>
              <Latitude>55.605113</Latitude>
            </Location>
          </Centroid>
          <TransportMode>bus</TransportMode>
          <StopPlaceType>onstreetBus</StopPlaceType>
          <Weighting>interchangeAllowed</Weighting>
          <quays>
            <Quay modification="revise" version="22453" id="VTR:Quay:22470">
              <Centroid>
                <Location>
                  <Longitude>26.431165</Longitude>
                  <Latitude>55.605113</Latitude>
                </Location>
              </Centroid>
            </Quay>
          </quays>
        </StopPlace>
        <StopPlace created="2015-09-15T00:03:09" changed="2015-09-20T09:03:04" modification="revise" version="22454" id="VTR:StopPlaceElement:22471">
          <ValidBetween>
            <FromDate>2015-09-20T09:03:04</FromDate>
          </ValidBetween>
          <keyList>
            <KeyValue>
              <Key>DATA_SOURCE_TYPE</Key>
              <Value>VINTRA</Value>
            </KeyValue>
          </keyList>
          <Name lang="lt">Biblioteka</Name>
          <Centroid>
            <Location>
              <Longitude>26.440183</Longitude>
              <Latitude>55.600719</Latitude>
            </Location>
          </Centroid>
          <TransportMode>bus</TransportMode>
          <StopPlaceType>onstreetBus</StopPlaceType>
          <Weighting>interchangeAllowed</Weighting>
          <quays>
            <Quay modification="revise" version="22454" id="VTR:Quay:22471">
              <Centroid>
                <Location>
                  <Longitude>26.440183</Longitude>
                  <Latitude>55.600719</Latitude>
                </Location>
              </Centroid>
            </Quay>
          </quays>
        </StopPlace>
        <StopPlace created="2015-09-15T00:09:16" changed="2015-09-20T09:03:04" modification="revise" version="22455" id="VTR:StopPlaceElement:22472">
          <ValidBetween>
            <FromDate>2015-09-20T09:03:04</FromDate>
          </ValidBetween>
          <keyList>
            <KeyValue>
              <Key>DATA_SOURCE_TYPE</Key>
              <Value>VINTRA</Value>
            </KeyValue>
          </keyList>
          <Name lang="lt">Statybininkų</Name>
          <Centroid>
            <Location>
              <Longitude>26.446634</Longitude>
              <Latitude>55.597623</Latitude>
            </Location>
          </Centroid>
          <TransportMode>bus</TransportMode>
          <StopPlaceType>onstreetBus</StopPlaceType>
          <Weighting>interchangeAllowed</Weighting>
          <quays>
            <Quay modification="revise" version="22455" id="VTR:Quay:22472">
              <Centroid>
                <Location>
                  <Longitude>26.446634</Longitude>
                  <Latitude>55.597623</Latitude>
                </Location>
              </Centroid>
            </Quay>
          </quays>
        </StopPlace>
        <StopPlace created="2015-09-16T21:46:39" changed="2018-10-31T20:09:39" modification="revise" version="23510" id="VTR:StopPlaceElement:23510">
          <ValidBetween>
            <FromDate>2018-10-31T20:09:39</FromDate>
          </ValidBetween>
          <keyList>
            <KeyValue>
              <Key>DATA_SOURCE_TYPE</Key>
              <Value>VINTRA</Value>
            </KeyValue>
          </keyList>
          <Name lang="lt">Vilkaragis</Name>
          <Centroid>
            <Location>
              <Longitude>26.451378</Longitude>
              <Latitude>55.595405</Latitude>
            </Location>
          </Centroid>
          <TransportMode>bus</TransportMode>
          <StopPlaceType>onstreetBus</StopPlaceType>
          <Weighting>interchangeAllowed</Weighting>
          <quays>
            <Quay modification="new" version="23510" id="VTR:Quay:23510">
              <Centroid>
                <Location>
                  <Longitude>26.451378</Longitude>
                  <Latitude>55.595405</Latitude>
                </Location>
              </Centroid>
            </Quay>
          </quays>
        </StopPlace>
        <StopPlace created="2015-09-16T21:52:15" changed="2015-09-20T09:03:04" modification="revise" version="23511" id="VTR:StopPlaceElement:23511">
          <ValidBetween>
            <FromDate>2015-09-20T09:03:04</FromDate>
          </ValidBetween>
          <keyList>
            <KeyValue>
              <Key>DATA_SOURCE_TYPE</Key>
              <Value>VINTRA</Value>
            </KeyValue>
          </keyList>
          <Name lang="lt">Energetikų</Name>
          <Centroid>
            <Location>
              <Longitude>26.454013</Longitude>
              <Latitude>55.593484</Latitude>
            </Location>
          </Centroid>
          <TransportMode>bus</TransportMode>
          <StopPlaceType>onstreetBus</StopPlaceType>
          <Weighting>interchangeAllowed</Weighting>
          <quays>
            <Quay modification="new" version="23511" id="VTR:Quay:23511">
              <Centroid>
                <Location>
                  <Longitude>26.454013</Longitude>
                  <Latitude>55.593484</Latitude>
                </Location>
              </Centroid>
            </Quay>
          </quays>
        </StopPlace>
        <StopPlace created="2015-09-16T21:57:55" changed="2015-09-20T09:03:04" modification="revise" version="23512" id="VTR:StopPlaceElement:23512">
          <ValidBetween>
            <FromDate>2015-09-20T09:03:04</FromDate>
          </ValidBetween>
          <keyList>
            <KeyValue>
              <Key>DATA_SOURCE_TYPE</Key>
              <Value>VINTRA</Value>
            </KeyValue>
          </keyList>
          <Name lang="lt">Draugystės</Name>
          <Centroid>
            <Location>
              <Longitude>26.450964</Longitude>
              <Latitude>55.590111</Latitude>
            </Location>
          </Centroid>
          <TransportMode>bus</TransportMode>
          <StopPlaceType>onstreetBus</StopPlaceType>
          <Weighting>interchangeAllowed</Weighting>
          <quays>
            <Quay modification="new" version="23512" id="VTR:Quay:23512">
              <Centroid>
                <Location>
                  <Longitude>26.450964</Longitude>
                  <Latitude>55.590111</Latitude>
                </Location>
              </Centroid>
            </Quay>
          </quays>
        </StopPlace>
        <StopPlace created="2015-09-16T22:01:58" changed="2015-09-20T09:03:04" modification="revise" version="23513" id="VTR:StopPlaceElement:23513">
          <ValidBetween>
            <FromDate>2015-09-20T09:03:04</FromDate>
          </ValidBetween>
          <keyList>
            <KeyValue>
              <Key>DATA_SOURCE_TYPE</Key>
              <Value>VINTRA</Value>
            </KeyValue>
          </keyList>
          <Name lang="lt">Žalioji</Name>
          <Centroid>
            <Location>
              <Longitude>26.446631</Longitude>
              <Latitude>55.586194</Latitude>
            </Location>
          </Centroid>
          <TransportMode>bus</TransportMode>
          <StopPlaceType>onstreetBus</StopPlaceType>
          <Weighting>interchangeAllowed</Weighting>
          <quays>
            <Quay modification="new" version="23513" id="VTR:Quay:23513">
              <Centroid>
                <Location>
                  <Longitude>26.446631</Longitude>
                  <Latitude>55.586194</Latitude>
                </Location>
              </Centroid>
            </Quay>
          </quays>
        </StopPlace>
        <StopPlace created="2015-09-16T22:07:32" changed="2015-09-20T09:03:04" modification="revise" version="23514" id="VTR:StopPlaceElement:23514">
          <ValidBetween>
            <FromDate>2015-09-20T09:03:04</FromDate>
          </ValidBetween>
          <keyList>
            <KeyValue>
              <Key>DATA_SOURCE_TYPE</Key>
              <Value>VINTRA</Value>
            </KeyValue>
          </keyList>
          <Name lang="lt">Jaunystės</Name>
          <Centroid>
            <Location>
              <Longitude>26.441849</Longitude>
              <Latitude>55.589499</Latitude>
            </Location>
          </Centroid>
          <TransportMode>bus</TransportMode>
          <StopPlaceType>onstreetBus</StopPlaceType>
          <Weighting>interchangeAllowed</Weighting>
          <quays>
            <Quay modification="new" version="23514" id="VTR:Quay:23514">
              <Centroid>
                <Location>
                  <Longitude>26.441849</Longitude>
                  <Latitude>55.589499</Latitude>
                </Location>
              </Centroid>
            </Quay>
          </quays>
        </StopPlace>
        <StopPlace created="2015-09-16T22:12:13" changed="2015-09-20T09:03:04" modification="revise" version="23515" id="VTR:StopPlaceElement:23515">
          <ValidBetween>
            <FromDate>2015-09-20T09:03:04</FromDate>
          </ValidBetween>
          <keyList>
            <KeyValue>
              <Key>DATA_SOURCE_TYPE</Key>
              <Value>VINTRA</Value>
            </KeyValue>
          </keyList>
          <Name lang="lt">Santarvės</Name>
          <Centroid>
            <Location>
              <Longitude>26.438481</Longitude>
              <Latitude>55.594088</Latitude>
            </Location>
          </Centroid>
          <TransportMode>bus</TransportMode>
          <StopPlaceType>onstreetBus</StopPlaceType>
          <Weighting>interchangeAllowed</Weighting>
          <quays>
            <Quay modification="new" version="23515" id="VTR:Quay:23515">
              <Centroid>
                <Location>
                  <Longitude>26.438481</Longitude>
                  <Latitude>55.594088</Latitude>
                </Location>
              </Centroid>
            </Quay>
          </quays>
        </StopPlace>
        <StopPlace created="2015-09-16T22:16:02" changed="2015-09-20T09:03:04" modification="revise" version="23516" id="VTR:StopPlaceElement:23516">
          <ValidBetween>
            <FromDate>2015-09-20T09:03:04</FromDate>
          </ValidBetween>
          <keyList>
            <KeyValue>
              <Key>DATA_SOURCE_TYPE</Key>
              <Value>VINTRA</Value>
            </KeyValue>
          </keyList>
          <Name lang="lt">Parko</Name>
          <Centroid>
            <Location>
              <Longitude>26.431454</Longitude>
              <Latitude>55.596839</Latitude>
            </Location>
          </Centroid>
          <TransportMode>bus</TransportMode>
          <StopPlaceType>onstreetBus</StopPlaceType>
          <Weighting>interchangeAllowed</Weighting>
          <quays>
            <Quay modification="new" version="23516" id="VTR:Quay:23516">
              <Centroid>
                <Location>
                  <Longitude>26.431454</Longitude>
                  <Latitude>55.596839</Latitude>
                </Location>
              </Centroid>
            </Quay>
          </quays>
        </StopPlace>
        <StopPlace created="2015-09-16T22:21:44" changed="2015-09-20T09:03:04" modification="revise" version="23517" id="VTR:StopPlaceElement:23517">
          <ValidBetween>
            <FromDate>2015-09-20T09:03:04</FromDate>
          </ValidBetween>
          <keyList>
            <KeyValue>
              <Key>DATA_SOURCE_TYPE</Key>
              <Value>VINTRA</Value>
            </KeyValue>
          </keyList>
          <Name lang="lt">Ežerynas</Name>
          <Centroid>
            <Location>
              <Longitude>26.423355</Longitude>
              <Latitude>55.597879</Latitude>
            </Location>
          </Centroid>
          <TransportMode>bus</TransportMode>
          <StopPlaceType>onstreetBus</StopPlaceType>
          <Weighting>interchangeAllowed</Weighting>
          <quays>
            <Quay modification="new" version="23517" id="VTR:Quay:23517">
              <Centroid>
                <Location>
                  <Longitude>26.423355</Longitude>
                  <Latitude>55.597879</Latitude>
                </Location>
              </Centroid>
            </Quay>
          </quays>
        </StopPlace>
        <StopPlace created="2015-09-16T22:25:31" changed="2015-09-20T09:03:04" modification="revise" version="23518" id="VTR:StopPlaceElement:23518">
          <ValidBetween>
            <FromDate>2015-09-20T09:03:04</FromDate>
          </ValidBetween>
          <keyList>
            <KeyValue>
              <Key>DATA_SOURCE_TYPE</Key>
              <Value>VINTRA</Value>
            </KeyValue>
          </keyList>
          <Name lang="lt">Turgus</Name>
          <Centroid>
            <Location>
              <Longitude>26.423549</Longitude>
              <Latitude>55.601023</Latitude>
            </Location>
          </Centroid>
          <TransportMode>bus</TransportMode>
          <StopPlaceType>onstreetBus</StopPlaceType>
          <Weighting>interchangeAllowed</Weighting>
          <quays>
            <Quay modification="new" version="23518" id="VTR:Quay:23518">
              <Centroid>
                <Location>
                  <Longitude>26.423549</Longitude>
                  <Latitude>55.601023</Latitude>
                </Location>
              </Centroid>
            </Quay>
          </quays>
        </StopPlace>
        <StopPlace created="2015-09-16T22:29:30" changed="2015-09-20T09:03:04" modification="revise" version="23519" id="VTR:StopPlaceElement:23519">
          <ValidBetween>
            <FromDate>2015-09-20T09:03:04</FromDate>
          </ValidBetween>
          <keyList>
            <KeyValue>
              <Key>DATA_SOURCE_TYPE</Key>
              <Value>VINTRA</Value>
            </KeyValue>
          </keyList>
          <Name lang="lt">Kosmoso</Name>
          <Centroid>
            <Location>
              <Longitude>26.424114</Longitude>
              <Latitude>55.605011</Latitude>
            </Location>
          </Centroid>
          <TransportMode>bus</TransportMode>
          <StopPlaceType>onstreetBus</StopPlaceType>
          <Weighting>interchangeAllowed</Weighting>
          <quays>
            <Quay modification="new" version="23519" id="VTR:Quay:23519">
              <Centroid>
                <Location>
                  <Longitude>26.424114</Longitude>
                  <Latitude>55.605011</Latitude>
                </Location>
              </Centroid>
            </Quay>
          </quays>
        </StopPlace>
        <StopPlace created="2020-08-01T08:16:16" changed="2020-08-01T08:53:04" modification="revise" version="41526" id="VTR:StopPlaceElement:41061">
          <ValidBetween>
            <FromDate>2020-08-01T08:53:04</FromDate>
          </ValidBetween>
          <keyList>
            <KeyValue>
              <Key>DATA_SOURCE_TYPE</Key>
              <Value>VINTRA</Value>
            </KeyValue>
          </keyList>
          <Name lang="lt">Lapušiškė</Name>
          <Centroid>
            <Location>
              <Longitude>26.42275</Longitude>
              <Latitude>55.569597</Latitude>
            </Location>
          </Centroid>
          <TransportMode>bus</TransportMode>
          <StopPlaceType>onstreetBus</StopPlaceType>
          <Weighting>interchangeAllowed</Weighting>
          <quays>
            <Quay modification="revise" version="41526" id="VTR:Quay:41061">
              <Centroid>
                <Location>
                  <Longitude>26.42275</Longitude>
                  <Latitude>55.569597</Latitude>
                </Location>
              </Centroid>
            </Quay>
          </quays>
        </StopPlace>
        <StopPlace created="2015-05-25T16:11:10" changed="2020-11-04T02:20:37" modification="revise" version="9395" id="VTR:StopPlaceElement:9395">
          <ValidBetween>
            <FromDate>2020-11-04T02:20:37</FromDate>
          </ValidBetween>
          <keyList>
            <KeyValue>
              <Key>DATA_SOURCE_TYPE</Key>
              <Value>LAKIS</Value>
            </KeyValue>
          </keyList>
          <Name lang="lt">Ramybės</Name>
          <Centroid>
            <Location>
              <Longitude>26.401982</Longitude>
              <Latitude>55.581879</Latitude>
            </Location>
          </Centroid>
          <TransportMode>bus</TransportMode>
          <StopPlaceType>onstreetBus</StopPlaceType>
          <Weighting>interchangeAllowed</Weighting>
          <quays>
            <Quay modification="new" version="9395" id="VTR:Quay:9395">
              <Centroid>
                <Location>
                  <Longitude>26.401982</Longitude>
                  <Latitude>55.581879</Latitude>
                </Location>
              </Centroid>
            </Quay>
          </quays>
        </StopPlace>
      </stopPlaces>
    </SiteFrame>
  </dataObjects>
</PublicationDelivery>
