<?xml version="1.0" encoding="UTF-8"?><PublicationDelivery xmlns="http://www.netex.org.uk/netex" xmlns:gis="http://www.opengis.net/gml/3.2" xmlns:ns2="http://www.opengis.net/gml/3.2" xmlns:ns3="http://www.siri.org.uk/siri" xmlns:xsi="http://www.w3.org/2001/XMLSchema-instance" version="1" xsi:schemaLocation="">
  <PublicationTimestamp>2022-05-07T02:40:00.630</PublicationTimestamp>
  <ParticipantRef>VTR</ParticipantRef>
  <Description>1</Description>
  <dataObjects>
    <CompositeFrame created="2022-05-07T02:40:00.630" version="1" id="VTR:CompositeFrame:1373">
      <validityConditions>
        <AvailabilityCondition version="1" id="VTR:AvailabilityCondition:1373">
          <FromDate>1900-01-01T00:00:00</FromDate>
          <ToDate>2999-12-31T00:00:00</ToDate>
        </AvailabilityCondition>
      </validityConditions>
      <codespaces>
        <Codespace id="vtr">
          <Xmlns>VTR</Xmlns>
          <XmlnsUrl>http://www.visimarsrutai.lt/</XmlnsUrl>
        </Codespace>
      </codespaces>
      <FrameDefaults>
        <DefaultLocale>
          <TimeZone>Europe/Vilnius</TimeZone>
        </DefaultLocale>
        <DefaultLocationSystem>WGS84</DefaultLocationSystem>
      </FrameDefaults>
      <frames>
        <ServiceCalendarFrame version="1" id="VTR:ServiceCalendarFrame:1373">
          <dayTypes>
            <DayType id="VTR:DayType:352" version="1">
              <properties>
                <PropertyOfDay>
                  <DaysOfWeek>Monday Tuesday Wednesday Thursday Friday</DaysOfWeek>
                </PropertyOfDay>
              </properties>
            </DayType>
            <DayType id="VTR:DayType:353" version="1">
              <properties>
                <PropertyOfDay>
                  <DaysOfWeek>Monday Tuesday Wednesday Thursday Friday</DaysOfWeek>
                </PropertyOfDay>
              </properties>
            </DayType>
          </dayTypes>
          <operatingPeriods>
            <OperatingPeriod version="1" id="VTR:OperatingPeriod:352">
              <FromDate>2015-01-01T00:00:00</FromDate>
              <ToDate>2020-01-01T00:00:00</ToDate>
            </OperatingPeriod>
            <OperatingPeriod version="1" id="VTR:OperatingPeriod:353">
              <FromDate>2015-01-01T00:00:00</FromDate>
              <ToDate>2020-01-01T00:00:00</ToDate>
            </OperatingPeriod>
          </operatingPeriods>
          <dayTypeAssignments>
            <DayTypeAssignment id="VTR:DayTypeAssignment:352_0" version="1" order="374">
              <OperatingPeriodRef ref="VTR:OperatingPeriod:352" version="1"/>
              <DayTypeRef ref="VTR:DayType:352" version="1"/>
            </DayTypeAssignment>
            <DayTypeAssignment id="VTR:DayTypeAssignment:353_0" version="1" order="375">
              <OperatingPeriodRef ref="VTR:OperatingPeriod:353" version="1"/>
              <DayTypeRef ref="VTR:DayType:353" version="1"/>
            </DayTypeAssignment>
          </dayTypeAssignments>
        </ServiceCalendarFrame>
        <ServiceFrame id="VTR:ServiceFrame:1373" version="1">
          <Network version="0" id="VTR:Network:17"/>
          <routePoints>
            <RoutePoint version="1" id="VTR:RoutePoint:1127070">
              <projections>
                <PointProjection version="1" id="VTR:PointProjection:53994">
                  <ProjectedPointRef ref="VTR:ScheduledStopPoint:1127070" version="1"/>
                </PointProjection>
              </projections>
            </RoutePoint>
            <RoutePoint version="1" id="VTR:RoutePoint:1127071">
              <projections>
                <PointProjection version="1" id="VTR:PointProjection:53995">
                  <ProjectedPointRef ref="VTR:ScheduledStopPoint:1127071" version="1"/>
                </PointProjection>
              </projections>
            </RoutePoint>
            <RoutePoint version="1" id="VTR:RoutePoint:1127072">
              <projections>
                <PointProjection version="1" id="VTR:PointProjection:53996">
                  <ProjectedPointRef ref="VTR:ScheduledStopPoint:1127072" version="1"/>
                </PointProjection>
              </projections>
            </RoutePoint>
            <RoutePoint version="1" id="VTR:RoutePoint:1127073">
              <projections>
                <PointProjection version="1" id="VTR:PointProjection:53997">
                  <ProjectedPointRef ref="VTR:ScheduledStopPoint:1127073" version="1"/>
                </PointProjection>
              </projections>
            </RoutePoint>
            <RoutePoint version="1" id="VTR:RoutePoint:1127074">
              <projections>
                <PointProjection version="1" id="VTR:PointProjection:53998">
                  <ProjectedPointRef ref="VTR:ScheduledStopPoint:1127074" version="1"/>
                </PointProjection>
              </projections>
            </RoutePoint>
            <RoutePoint version="1" id="VTR:RoutePoint:1127075">
              <projections>
                <PointProjection version="1" id="VTR:PointProjection:53999">
                  <ProjectedPointRef ref="VTR:ScheduledStopPoint:1127075" version="1"/>
                </PointProjection>
              </projections>
            </RoutePoint>
            <RoutePoint version="1" id="VTR:RoutePoint:1127076">
              <projections>
                <PointProjection version="1" id="VTR:PointProjection:54000">
                  <ProjectedPointRef ref="VTR:ScheduledStopPoint:1127076" version="1"/>
                </PointProjection>
              </projections>
            </RoutePoint>
            <RoutePoint version="1" id="VTR:RoutePoint:1127077">
              <projections>
                <PointProjection version="1" id="VTR:PointProjection:54001">
                  <ProjectedPointRef ref="VTR:ScheduledStopPoint:1127077" version="1"/>
                </PointProjection>
              </projections>
            </RoutePoint>
            <RoutePoint version="1" id="VTR:RoutePoint:1127078">
              <projections>
                <PointProjection version="1" id="VTR:PointProjection:54002">
                  <ProjectedPointRef ref="VTR:ScheduledStopPoint:1127078" version="1"/>
                </PointProjection>
              </projections>
            </RoutePoint>
            <RoutePoint version="1" id="VTR:RoutePoint:1127079">
              <projections>
                <PointProjection version="1" id="VTR:PointProjection:54003">
                  <ProjectedPointRef ref="VTR:ScheduledStopPoint:1127079" version="1"/>
                </PointProjection>
              </projections>
            </RoutePoint>
            <RoutePoint version="1" id="VTR:RoutePoint:1127080">
              <projections>
                <PointProjection version="1" id="VTR:PointProjection:54004">
                  <ProjectedPointRef ref="VTR:ScheduledStopPoint:1127080" version="1"/>
                </PointProjection>
              </projections>
            </RoutePoint>
            <RoutePoint version="1" id="VTR:RoutePoint:1127081">
              <projections>
                <PointProjection version="1" id="VTR:PointProjection:54005">
                  <ProjectedPointRef ref="VTR:ScheduledStopPoint:1127081" version="1"/>
                </PointProjection>
              </projections>
            </RoutePoint>
            <RoutePoint version="1" id="VTR:RoutePoint:1127082">
              <projections>
                <PointProjection version="1" id="VTR:PointProjection:54006">
                  <ProjectedPointRef ref="VTR:ScheduledStopPoint:1127082" version="1"/>
                </PointProjection>
              </projections>
            </RoutePoint>
            <RoutePoint version="1" id="VTR:RoutePoint:1127083">
              <projections>
                <PointProjection version="1" id="VTR:PointProjection:54144">
                  <ProjectedPointRef ref="VTR:ScheduledStopPoint:1127083" version="1"/>
                </PointProjection>
              </projections>
            </RoutePoint>
          </routePoints>
          <routes>
            <Route version="1" id="VTR:Route:15694">
              <Name>Gargždai-Baičiai</Name>
              <ShortName>Gargždai-Baičiai</ShortName>
              <LineRef ref="VTR:Line:930" version="6992"/>
              <DirectionType>outbound</DirectionType>
              <pointsInSequence>
                <PointOnRoute version="1" id="VTR:PointOnRoute:1127070" order="1">
                  <RoutePointRef ref="VTR:RoutePoint:1127070"/>
                </PointOnRoute>
                <PointOnRoute version="1" id="VTR:PointOnRoute:1127071" order="2">
                  <RoutePointRef ref="VTR:RoutePoint:1127071"/>
                </PointOnRoute>
                <PointOnRoute version="1" id="VTR:PointOnRoute:1127072" order="3">
                  <RoutePointRef ref="VTR:RoutePoint:1127072"/>
                </PointOnRoute>
                <PointOnRoute version="1" id="VTR:PointOnRoute:1127073" order="4">
                  <RoutePointRef ref="VTR:RoutePoint:1127073"/>
                </PointOnRoute>
                <PointOnRoute version="1" id="VTR:PointOnRoute:1127074" order="5">
                  <RoutePointRef ref="VTR:RoutePoint:1127074"/>
                </PointOnRoute>
                <PointOnRoute version="1" id="VTR:PointOnRoute:1127075" order="6">
                  <RoutePointRef ref="VTR:RoutePoint:1127075"/>
                </PointOnRoute>
                <PointOnRoute version="1" id="VTR:PointOnRoute:1127076" order="7">
                  <RoutePointRef ref="VTR:RoutePoint:1127076"/>
                </PointOnRoute>
              </pointsInSequence>
            </Route>
            <Route version="1" id="VTR:Route:15695">
              <Name>Baičiai-Gargždai</Name>
              <ShortName>Baičiai-Gargždai</ShortName>
              <LineRef ref="VTR:Line:930" version="6992"/>
              <DirectionType>inbound</DirectionType>
              <pointsInSequence>
                <PointOnRoute version="1" id="VTR:PointOnRoute:1127077" order="1">
                  <RoutePointRef ref="VTR:RoutePoint:1127077"/>
                </PointOnRoute>
                <PointOnRoute version="1" id="VTR:PointOnRoute:1127078" order="2">
                  <RoutePointRef ref="VTR:RoutePoint:1127078"/>
                </PointOnRoute>
                <PointOnRoute version="1" id="VTR:PointOnRoute:1127079" order="3">
                  <RoutePointRef ref="VTR:RoutePoint:1127079"/>
                </PointOnRoute>
                <PointOnRoute version="1" id="VTR:PointOnRoute:1127080" order="4">
                  <RoutePointRef ref="VTR:RoutePoint:1127080"/>
                </PointOnRoute>
                <PointOnRoute version="1" id="VTR:PointOnRoute:1127081" order="5">
                  <RoutePointRef ref="VTR:RoutePoint:1127081"/>
                </PointOnRoute>
                <PointOnRoute version="1" id="VTR:PointOnRoute:1127082" order="6">
                  <RoutePointRef ref="VTR:RoutePoint:1127082"/>
                </PointOnRoute>
                <PointOnRoute version="1" id="VTR:PointOnRoute:1127083" order="7">
                  <RoutePointRef ref="VTR:RoutePoint:1127083"/>
                </PointOnRoute>
              </pointsInSequence>
            </Route>
          </routes>
          <lines>
            <Line version="6992" id="VTR:Line:930">
              <Name>Gargždai-Baičiai</Name>
              <TransportMode>bus</TransportMode>
              <TransportSubmode>
                <BusSubmode>regionalBus</BusSubmode>
              </TransportSubmode>
              <PublicCode>18</PublicCode>
              <OperatorRef ref="VTR:Operator:17"/>
            </Line>
          </lines>
          <scheduledStopPoints>
            <ScheduledStopPoint version="1" id="VTR:ScheduledStopPoint:1127070">
              <Name>Gargždų autobusų stotis</Name>
            </ScheduledStopPoint>
            <ScheduledStopPoint version="1" id="VTR:ScheduledStopPoint:1127071">
              <Name>Laugaliai</Name>
            </ScheduledStopPoint>
            <ScheduledStopPoint version="1" id="VTR:ScheduledStopPoint:1127072">
              <Name>Geologija</Name>
            </ScheduledStopPoint>
            <ScheduledStopPoint version="1" id="VTR:ScheduledStopPoint:1127073">
              <Name>RSO</Name>
            </ScheduledStopPoint>
            <ScheduledStopPoint version="1" id="VTR:ScheduledStopPoint:1127074">
              <Name>Hidrostatyba</Name>
            </ScheduledStopPoint>
            <ScheduledStopPoint version="1" id="VTR:ScheduledStopPoint:1127075">
              <Name>Dovilai</Name>
            </ScheduledStopPoint>
            <ScheduledStopPoint version="1" id="VTR:ScheduledStopPoint:1127076">
              <Name>Baičiai</Name>
            </ScheduledStopPoint>
            <ScheduledStopPoint version="1" id="VTR:ScheduledStopPoint:1127077">
              <Name>Baičiai</Name>
            </ScheduledStopPoint>
            <ScheduledStopPoint version="1" id="VTR:ScheduledStopPoint:1127078">
              <Name>Dovilai</Name>
            </ScheduledStopPoint>
            <ScheduledStopPoint version="1" id="VTR:ScheduledStopPoint:1127079">
              <Name>Hidrostatyba</Name>
            </ScheduledStopPoint>
            <ScheduledStopPoint version="1" id="VTR:ScheduledStopPoint:1127080">
              <Name>RSO</Name>
            </ScheduledStopPoint>
            <ScheduledStopPoint version="1" id="VTR:ScheduledStopPoint:1127081">
              <Name>Geologija</Name>
            </ScheduledStopPoint>
            <ScheduledStopPoint version="1" id="VTR:ScheduledStopPoint:1127082">
              <Name>Laugaliai</Name>
            </ScheduledStopPoint>
            <ScheduledStopPoint version="1" id="VTR:ScheduledStopPoint:1127083">
              <Name>Gargždų autobusų stotis</Name>
            </ScheduledStopPoint>
          </scheduledStopPoints>
          <serviceLinks>
            <ServiceLink id="VTR:ServiceLink:1127079_1_1127080_1" version="1">
              <Distance>0</Distance>
              <FromPointRef ref="VTR:ScheduledStopPoint:1127079" version="1"/>
              <ToPointRef ref="VTR:ScheduledStopPoint:1127080" version="1"/>
            </ServiceLink>
            <ServiceLink id="VTR:ServiceLink:1127078_1_1127079_1" version="1">
              <Distance>2</Distance>
              <FromPointRef ref="VTR:ScheduledStopPoint:1127078" version="1"/>
              <ToPointRef ref="VTR:ScheduledStopPoint:1127079" version="1"/>
            </ServiceLink>
            <ServiceLink id="VTR:ServiceLink:1127071_1_1127072_1" version="1">
              <Distance>1</Distance>
              <FromPointRef ref="VTR:ScheduledStopPoint:1127071" version="1"/>
              <ToPointRef ref="VTR:ScheduledStopPoint:1127072" version="1"/>
            </ServiceLink>
            <ServiceLink id="VTR:ServiceLink:1127080_1_1127081_1" version="1">
              <Distance>0</Distance>
              <FromPointRef ref="VTR:ScheduledStopPoint:1127080" version="1"/>
              <ToPointRef ref="VTR:ScheduledStopPoint:1127081" version="1"/>
            </ServiceLink>
            <ServiceLink id="VTR:ServiceLink:1127072_1_1127073_1" version="1">
              <Distance>0</Distance>
              <FromPointRef ref="VTR:ScheduledStopPoint:1127072" version="1"/>
              <ToPointRef ref="VTR:ScheduledStopPoint:1127073" version="1"/>
            </ServiceLink>
            <ServiceLink id="VTR:ServiceLink:1127075_1_1127076_1" version="1">
              <Distance>1</Distance>
              <FromPointRef ref="VTR:ScheduledStopPoint:1127075" version="1"/>
              <ToPointRef ref="VTR:ScheduledStopPoint:1127076" version="1"/>
            </ServiceLink>
            <ServiceLink id="VTR:ServiceLink:1127077_1_1127078_1" version="1">
              <Distance>1</Distance>
              <FromPointRef ref="VTR:ScheduledStopPoint:1127077" version="1"/>
              <ToPointRef ref="VTR:ScheduledStopPoint:1127078" version="1"/>
            </ServiceLink>
            <ServiceLink id="VTR:ServiceLink:1127073_1_1127074_1" version="1">
              <Distance>0</Distance>
              <FromPointRef ref="VTR:ScheduledStopPoint:1127073" version="1"/>
              <ToPointRef ref="VTR:ScheduledStopPoint:1127074" version="1"/>
            </ServiceLink>
            <ServiceLink id="VTR:ServiceLink:1127082_1_1127083_1" version="1">
              <Distance>1</Distance>
              <FromPointRef ref="VTR:ScheduledStopPoint:1127082" version="1"/>
              <ToPointRef ref="VTR:ScheduledStopPoint:1127083" version="1"/>
            </ServiceLink>
            <ServiceLink id="VTR:ServiceLink:1127070_1_1127071_1" version="1">
              <Distance>1</Distance>
              <FromPointRef ref="VTR:ScheduledStopPoint:1127070" version="1"/>
              <ToPointRef ref="VTR:ScheduledStopPoint:1127071" version="1"/>
            </ServiceLink>
            <ServiceLink id="VTR:ServiceLink:1127074_1_1127075_1" version="1">
              <Distance>2</Distance>
              <FromPointRef ref="VTR:ScheduledStopPoint:1127074" version="1"/>
              <ToPointRef ref="VTR:ScheduledStopPoint:1127075" version="1"/>
            </ServiceLink>
            <ServiceLink id="VTR:ServiceLink:1127081_1_1127082_1" version="1">
              <Distance>1</Distance>
              <FromPointRef ref="VTR:ScheduledStopPoint:1127081" version="1"/>
              <ToPointRef ref="VTR:ScheduledStopPoint:1127082" version="1"/>
            </ServiceLink>
          </serviceLinks>
          <stopAssignments>
            <PassengerStopAssignment order="1569400000" id="VTR:PassengerStopAssignment:1127070" version="1">
              <ScheduledStopPointRef ref="VTR:ScheduledStopPoint:1127070" version="1"/>
              <QuayRef ref="VTR:Quay:19781"/>
            </PassengerStopAssignment>
            <PassengerStopAssignment order="1569400001" id="VTR:PassengerStopAssignment:1127071" version="1">
              <ScheduledStopPointRef ref="VTR:ScheduledStopPoint:1127071" version="1"/>
              <QuayRef ref="VTR:Quay:11029"/>
            </PassengerStopAssignment>
            <PassengerStopAssignment order="1569400002" id="VTR:PassengerStopAssignment:1127072" version="1">
              <ScheduledStopPointRef ref="VTR:ScheduledStopPoint:1127072" version="1"/>
              <QuayRef ref="VTR:Quay:13966"/>
            </PassengerStopAssignment>
            <PassengerStopAssignment order="1569400003" id="VTR:PassengerStopAssignment:1127073" version="1">
              <ScheduledStopPointRef ref="VTR:ScheduledStopPoint:1127073" version="1"/>
              <QuayRef ref="VTR:Quay:9198"/>
            </PassengerStopAssignment>
            <PassengerStopAssignment order="1569400004" id="VTR:PassengerStopAssignment:1127074" version="1">
              <ScheduledStopPointRef ref="VTR:ScheduledStopPoint:1127074" version="1"/>
              <QuayRef ref="VTR:Quay:16622"/>
            </PassengerStopAssignment>
            <PassengerStopAssignment order="1569400005" id="VTR:PassengerStopAssignment:1127075" version="1">
              <ScheduledStopPointRef ref="VTR:ScheduledStopPoint:1127075" version="1"/>
              <QuayRef ref="VTR:Quay:16026"/>
            </PassengerStopAssignment>
            <PassengerStopAssignment order="1569400006" id="VTR:PassengerStopAssignment:1127076" version="1">
              <ScheduledStopPointRef ref="VTR:ScheduledStopPoint:1127076" version="1"/>
              <QuayRef ref="VTR:Quay:4174"/>
            </PassengerStopAssignment>
            <PassengerStopAssignment order="1569500000" id="VTR:PassengerStopAssignment:1127077" version="1">
              <ScheduledStopPointRef ref="VTR:ScheduledStopPoint:1127077" version="1"/>
              <QuayRef ref="VTR:Quay:4174"/>
            </PassengerStopAssignment>
            <PassengerStopAssignment order="1569500001" id="VTR:PassengerStopAssignment:1127078" version="1">
              <ScheduledStopPointRef ref="VTR:ScheduledStopPoint:1127078" version="1"/>
              <QuayRef ref="VTR:Quay:16026"/>
            </PassengerStopAssignment>
            <PassengerStopAssignment order="1569500002" id="VTR:PassengerStopAssignment:1127079" version="1">
              <ScheduledStopPointRef ref="VTR:ScheduledStopPoint:1127079" version="1"/>
              <QuayRef ref="VTR:Quay:16622"/>
            </PassengerStopAssignment>
            <PassengerStopAssignment order="1569500003" id="VTR:PassengerStopAssignment:1127080" version="1">
              <ScheduledStopPointRef ref="VTR:ScheduledStopPoint:1127080" version="1"/>
              <QuayRef ref="VTR:Quay:9198"/>
            </PassengerStopAssignment>
            <PassengerStopAssignment order="1569500004" id="VTR:PassengerStopAssignment:1127081" version="1">
              <ScheduledStopPointRef ref="VTR:ScheduledStopPoint:1127081" version="1"/>
              <QuayRef ref="VTR:Quay:13966"/>
            </PassengerStopAssignment>
            <PassengerStopAssignment order="1569500005" id="VTR:PassengerStopAssignment:1127082" version="1">
              <ScheduledStopPointRef ref="VTR:ScheduledStopPoint:1127082" version="1"/>
              <QuayRef ref="VTR:Quay:11029"/>
            </PassengerStopAssignment>
            <PassengerStopAssignment order="1569500006" id="VTR:PassengerStopAssignment:1127083" version="1">
              <ScheduledStopPointRef ref="VTR:ScheduledStopPoint:1127083" version="1"/>
              <QuayRef ref="VTR:Quay:19781"/>
            </PassengerStopAssignment>
          </stopAssignments>
          <journeyPatterns>
            <JourneyPattern id="VTR:JourneyPattern:2209290" version="2210541">
              <Name>1a</Name>
              <RouteRef ref="VTR:Route:15695" version="1"/>
              <pointsInSequence>
                <StopPointInJourneyPattern id="VTR:StopPointInJourneyPattern:76795693" version="2210541" order="1">
                  <ScheduledStopPointRef ref="VTR:ScheduledStopPoint:1127077"/>
                  <DestinationDisplayRef ref="VTR:DestinationDisplay:1"/>
                </StopPointInJourneyPattern>
                <StopPointInJourneyPattern id="VTR:StopPointInJourneyPattern:76795694" version="2210541" order="2">
                  <ScheduledStopPointRef ref="VTR:ScheduledStopPoint:1127078"/>
                  <DestinationDisplayRef ref="VTR:DestinationDisplay:1"/>
                </StopPointInJourneyPattern>
                <StopPointInJourneyPattern id="VTR:StopPointInJourneyPattern:76795695" version="2210541" order="3">
                  <ScheduledStopPointRef ref="VTR:ScheduledStopPoint:1127079"/>
                  <DestinationDisplayRef ref="VTR:DestinationDisplay:1"/>
                </StopPointInJourneyPattern>
                <StopPointInJourneyPattern id="VTR:StopPointInJourneyPattern:76795696" version="2210541" order="4">
                  <ScheduledStopPointRef ref="VTR:ScheduledStopPoint:1127080"/>
                  <DestinationDisplayRef ref="VTR:DestinationDisplay:1"/>
                </StopPointInJourneyPattern>
                <StopPointInJourneyPattern id="VTR:StopPointInJourneyPattern:76795697" version="2210541" order="5">
                  <ScheduledStopPointRef ref="VTR:ScheduledStopPoint:1127081"/>
                  <DestinationDisplayRef ref="VTR:DestinationDisplay:1"/>
                </StopPointInJourneyPattern>
                <StopPointInJourneyPattern id="VTR:StopPointInJourneyPattern:76795698" version="2210541" order="6">
                  <ScheduledStopPointRef ref="VTR:ScheduledStopPoint:1127082"/>
                  <DestinationDisplayRef ref="VTR:DestinationDisplay:1"/>
                </StopPointInJourneyPattern>
                <StopPointInJourneyPattern id="VTR:StopPointInJourneyPattern:76795699" version="2210541" order="7">
                  <ScheduledStopPointRef ref="VTR:ScheduledStopPoint:1127083"/>
                  <DestinationDisplayRef ref="VTR:DestinationDisplay:1"/>
                </StopPointInJourneyPattern>
              </pointsInSequence>
            </JourneyPattern>
            <JourneyPattern id="VTR:JourneyPattern:2209286" version="2210537">
              <Name>1</Name>
              <RouteRef ref="VTR:Route:15694" version="1"/>
              <pointsInSequence>
                <StopPointInJourneyPattern id="VTR:StopPointInJourneyPattern:76795623" version="2210537" order="1">
                  <ScheduledStopPointRef ref="VTR:ScheduledStopPoint:1127070"/>
                  <DestinationDisplayRef ref="VTR:DestinationDisplay:1"/>
                </StopPointInJourneyPattern>
                <StopPointInJourneyPattern id="VTR:StopPointInJourneyPattern:76795624" version="2210537" order="2">
                  <ScheduledStopPointRef ref="VTR:ScheduledStopPoint:1127071"/>
                  <DestinationDisplayRef ref="VTR:DestinationDisplay:1"/>
                </StopPointInJourneyPattern>
                <StopPointInJourneyPattern id="VTR:StopPointInJourneyPattern:76795625" version="2210537" order="3">
                  <ScheduledStopPointRef ref="VTR:ScheduledStopPoint:1127072"/>
                  <DestinationDisplayRef ref="VTR:DestinationDisplay:1"/>
                </StopPointInJourneyPattern>
                <StopPointInJourneyPattern id="VTR:StopPointInJourneyPattern:76795626" version="2210537" order="4">
                  <ScheduledStopPointRef ref="VTR:ScheduledStopPoint:1127073"/>
                  <DestinationDisplayRef ref="VTR:DestinationDisplay:1"/>
                </StopPointInJourneyPattern>
                <StopPointInJourneyPattern id="VTR:StopPointInJourneyPattern:76795627" version="2210537" order="5">
                  <ScheduledStopPointRef ref="VTR:ScheduledStopPoint:1127074"/>
                  <DestinationDisplayRef ref="VTR:DestinationDisplay:1"/>
                </StopPointInJourneyPattern>
                <StopPointInJourneyPattern id="VTR:StopPointInJourneyPattern:76795632" version="2210537" order="6">
                  <ScheduledStopPointRef ref="VTR:ScheduledStopPoint:1127075"/>
                  <DestinationDisplayRef ref="VTR:DestinationDisplay:1"/>
                </StopPointInJourneyPattern>
                <StopPointInJourneyPattern id="VTR:StopPointInJourneyPattern:76795642" version="2210537" order="7">
                  <ScheduledStopPointRef ref="VTR:ScheduledStopPoint:1127076"/>
                  <DestinationDisplayRef ref="VTR:DestinationDisplay:1"/>
                </StopPointInJourneyPattern>
              </pointsInSequence>
            </JourneyPattern>
            <JourneyPattern id="VTR:JourneyPattern:2209286" version="2210543">
              <Name>1</Name>
              <RouteRef ref="VTR:Route:15694" version="1"/>
              <pointsInSequence>
                <StopPointInJourneyPattern id="VTR:StopPointInJourneyPattern:76795706" version="2210543" order="1">
                  <ScheduledStopPointRef ref="VTR:ScheduledStopPoint:1127070"/>
                  <DestinationDisplayRef ref="VTR:DestinationDisplay:1"/>
                </StopPointInJourneyPattern>
                <StopPointInJourneyPattern id="VTR:StopPointInJourneyPattern:76795707" version="2210543" order="2">
                  <ScheduledStopPointRef ref="VTR:ScheduledStopPoint:1127071"/>
                  <DestinationDisplayRef ref="VTR:DestinationDisplay:1"/>
                </StopPointInJourneyPattern>
                <StopPointInJourneyPattern id="VTR:StopPointInJourneyPattern:76795708" version="2210543" order="3">
                  <ScheduledStopPointRef ref="VTR:ScheduledStopPoint:1127072"/>
                  <DestinationDisplayRef ref="VTR:DestinationDisplay:1"/>
                </StopPointInJourneyPattern>
                <StopPointInJourneyPattern id="VTR:StopPointInJourneyPattern:76795709" version="2210543" order="4">
                  <ScheduledStopPointRef ref="VTR:ScheduledStopPoint:1127073"/>
                  <DestinationDisplayRef ref="VTR:DestinationDisplay:1"/>
                </StopPointInJourneyPattern>
                <StopPointInJourneyPattern id="VTR:StopPointInJourneyPattern:76795710" version="2210543" order="5">
                  <ScheduledStopPointRef ref="VTR:ScheduledStopPoint:1127074"/>
                  <DestinationDisplayRef ref="VTR:DestinationDisplay:1"/>
                </StopPointInJourneyPattern>
                <StopPointInJourneyPattern id="VTR:StopPointInJourneyPattern:76795711" version="2210543" order="6">
                  <ScheduledStopPointRef ref="VTR:ScheduledStopPoint:1127075"/>
                  <DestinationDisplayRef ref="VTR:DestinationDisplay:1"/>
                </StopPointInJourneyPattern>
                <StopPointInJourneyPattern id="VTR:StopPointInJourneyPattern:76795712" version="2210543" order="7">
                  <ScheduledStopPointRef ref="VTR:ScheduledStopPoint:1127076"/>
                  <DestinationDisplayRef ref="VTR:DestinationDisplay:1"/>
                </StopPointInJourneyPattern>
              </pointsInSequence>
            </JourneyPattern>
          </journeyPatterns>
        </ServiceFrame>
        <TimetableFrame version="1" id="VTR:TimetableFrame:1373">
          <vehicleJourneys>
            <ServiceJourney version="2210537" id="VTR:ServiceJourney:2209286">
              <Name>Gargždai-Baičiai</Name>
              <PrivateCode>1</PrivateCode>
              <dayTypes>
                <DayTypeRef ref="VTR:DayType:352"/>
              </dayTypes>
              <JourneyPatternRef version="2210537" ref="VTR:JourneyPattern:2209286"/>
              <OperatorRef ref="VTR:Operator:77950"/>
              <LineRef ref="VTR:Line:930" version="6992"/>
              <passingTimes>
                <TimetabledPassingTime version="2210537" id="VTR:TimetabledPassingTime:2209286_76795706_1">
                  <StopPointInJourneyPatternRef ref="VTR:StopPointInJourneyPattern:76795706" version="2210537"/>
                  <DepartureTime>16:10:00</DepartureTime>
                  <DepartureDayOffset>0</DepartureDayOffset>
                </TimetabledPassingTime>
                <TimetabledPassingTime version="2210537" id="VTR:TimetabledPassingTime:2209286_76795623_1">
                  <StopPointInJourneyPatternRef ref="VTR:StopPointInJourneyPattern:76795623" version="2210537"/>
                  <DepartureTime>16:10:00</DepartureTime>
                  <DepartureDayOffset>0</DepartureDayOffset>
                </TimetabledPassingTime>
                <TimetabledPassingTime version="2210537" id="VTR:TimetabledPassingTime:2209286_76795624_2">
                  <StopPointInJourneyPatternRef ref="VTR:StopPointInJourneyPattern:76795624" version="2210537"/>
                  <DepartureTime>16:12:00</DepartureTime>
                  <DepartureDayOffset>0</DepartureDayOffset>
                </TimetabledPassingTime>
                <TimetabledPassingTime version="2210537" id="VTR:TimetabledPassingTime:2209286_76795707_2">
                  <StopPointInJourneyPatternRef ref="VTR:StopPointInJourneyPattern:76795707" version="2210537"/>
                  <DepartureTime>16:12:00</DepartureTime>
                  <DepartureDayOffset>0</DepartureDayOffset>
                </TimetabledPassingTime>
                <TimetabledPassingTime version="2210537" id="VTR:TimetabledPassingTime:2209286_76795708_3">
                  <StopPointInJourneyPatternRef ref="VTR:StopPointInJourneyPattern:76795708" version="2210537"/>
                  <DepartureTime>16:13:00</DepartureTime>
                  <DepartureDayOffset>0</DepartureDayOffset>
                </TimetabledPassingTime>
                <TimetabledPassingTime version="2210537" id="VTR:TimetabledPassingTime:2209286_76795625_3">
                  <StopPointInJourneyPatternRef ref="VTR:StopPointInJourneyPattern:76795625" version="2210537"/>
                  <DepartureTime>16:13:00</DepartureTime>
                  <DepartureDayOffset>0</DepartureDayOffset>
                </TimetabledPassingTime>
                <TimetabledPassingTime version="2210537" id="VTR:TimetabledPassingTime:2209286_76795709_4">
                  <StopPointInJourneyPatternRef ref="VTR:StopPointInJourneyPattern:76795709" version="2210537"/>
                  <DepartureTime>16:14:00</DepartureTime>
                  <DepartureDayOffset>0</DepartureDayOffset>
                </TimetabledPassingTime>
                <TimetabledPassingTime version="2210537" id="VTR:TimetabledPassingTime:2209286_76795626_4">
                  <StopPointInJourneyPatternRef ref="VTR:StopPointInJourneyPattern:76795626" version="2210537"/>
                  <DepartureTime>16:14:00</DepartureTime>
                  <DepartureDayOffset>0</DepartureDayOffset>
                </TimetabledPassingTime>
                <TimetabledPassingTime version="2210537" id="VTR:TimetabledPassingTime:2209286_76795627_5">
                  <StopPointInJourneyPatternRef ref="VTR:StopPointInJourneyPattern:76795627" version="2210537"/>
                  <DepartureTime>16:14:00</DepartureTime>
                  <DepartureDayOffset>0</DepartureDayOffset>
                </TimetabledPassingTime>
                <TimetabledPassingTime version="2210537" id="VTR:TimetabledPassingTime:2209286_76795710_5">
                  <StopPointInJourneyPatternRef ref="VTR:StopPointInJourneyPattern:76795710" version="2210537"/>
                  <DepartureTime>16:15:00</DepartureTime>
                  <DepartureDayOffset>0</DepartureDayOffset>
                </TimetabledPassingTime>
                <TimetabledPassingTime version="2210537" id="VTR:TimetabledPassingTime:2209286_76795711_6">
                  <StopPointInJourneyPatternRef ref="VTR:StopPointInJourneyPattern:76795711" version="2210537"/>
                  <DepartureTime>16:18:00</DepartureTime>
                  <DepartureDayOffset>0</DepartureDayOffset>
                </TimetabledPassingTime>
                <TimetabledPassingTime version="2210537" id="VTR:TimetabledPassingTime:2209286_76795632_6">
                  <StopPointInJourneyPatternRef ref="VTR:StopPointInJourneyPattern:76795632" version="2210537"/>
                  <DepartureTime>16:16:00</DepartureTime>
                  <DepartureDayOffset>0</DepartureDayOffset>
                </TimetabledPassingTime>
                <TimetabledPassingTime version="2210537" id="VTR:TimetabledPassingTime:2209286_76795712_7">
                  <StopPointInJourneyPatternRef ref="VTR:StopPointInJourneyPattern:76795712" version="2210537"/>
                  <DepartureTime>16:20:00</DepartureTime>
                  <DepartureDayOffset>0</DepartureDayOffset>
                </TimetabledPassingTime>
                <TimetabledPassingTime version="2210537" id="VTR:TimetabledPassingTime:2209286_76795642_7">
                  <StopPointInJourneyPatternRef ref="VTR:StopPointInJourneyPattern:76795642" version="2210537"/>
                  <DepartureTime>16:18:00</DepartureTime>
                  <DepartureDayOffset>0</DepartureDayOffset>
                </TimetabledPassingTime>
              </passingTimes>
            </ServiceJourney>
            <ServiceJourney version="2210541" id="VTR:ServiceJourney:2209290">
              <Name>Baičiai-Gargždai</Name>
              <PrivateCode>1a</PrivateCode>
              <dayTypes>
                <DayTypeRef ref="VTR:DayType:352"/>
              </dayTypes>
              <JourneyPatternRef version="2210541" ref="VTR:JourneyPattern:2209290"/>
              <OperatorRef ref="VTR:Operator:77950"/>
              <LineRef ref="VTR:Line:930" version="6992"/>
              <passingTimes>
                <TimetabledPassingTime version="2210541" id="VTR:TimetabledPassingTime:2209290_76795693_1">
                  <StopPointInJourneyPatternRef ref="VTR:StopPointInJourneyPattern:76795693" version="2210541"/>
                  <DepartureTime>16:21:00</DepartureTime>
                  <DepartureDayOffset>0</DepartureDayOffset>
                </TimetabledPassingTime>
                <TimetabledPassingTime version="2210541" id="VTR:TimetabledPassingTime:2209290_76795694_2">
                  <StopPointInJourneyPatternRef ref="VTR:StopPointInJourneyPattern:76795694" version="2210541"/>
                  <DepartureTime>16:22:00</DepartureTime>
                  <DepartureDayOffset>0</DepartureDayOffset>
                </TimetabledPassingTime>
                <TimetabledPassingTime version="2210541" id="VTR:TimetabledPassingTime:2209290_76795695_3">
                  <StopPointInJourneyPatternRef ref="VTR:StopPointInJourneyPattern:76795695" version="2210541"/>
                  <DepartureTime>16:24:00</DepartureTime>
                  <DepartureDayOffset>0</DepartureDayOffset>
                </TimetabledPassingTime>
                <TimetabledPassingTime version="2210541" id="VTR:TimetabledPassingTime:2209290_76795696_4">
                  <StopPointInJourneyPatternRef ref="VTR:StopPointInJourneyPattern:76795696" version="2210541"/>
                  <DepartureTime>16:25:00</DepartureTime>
                  <DepartureDayOffset>0</DepartureDayOffset>
                </TimetabledPassingTime>
                <TimetabledPassingTime version="2210541" id="VTR:TimetabledPassingTime:2209290_76795697_5">
                  <StopPointInJourneyPatternRef ref="VTR:StopPointInJourneyPattern:76795697" version="2210541"/>
                  <DepartureTime>16:26:00</DepartureTime>
                  <DepartureDayOffset>0</DepartureDayOffset>
                </TimetabledPassingTime>
                <TimetabledPassingTime version="2210541" id="VTR:TimetabledPassingTime:2209290_76795698_6">
                  <StopPointInJourneyPatternRef ref="VTR:StopPointInJourneyPattern:76795698" version="2210541"/>
                  <DepartureTime>16:27:00</DepartureTime>
                  <DepartureDayOffset>0</DepartureDayOffset>
                </TimetabledPassingTime>
                <TimetabledPassingTime version="2210541" id="VTR:TimetabledPassingTime:2209290_76795699_7">
                  <StopPointInJourneyPatternRef ref="VTR:StopPointInJourneyPattern:76795699" version="2210541"/>
                  <DepartureTime>16:30:00</DepartureTime>
                  <DepartureDayOffset>0</DepartureDayOffset>
                </TimetabledPassingTime>
              </passingTimes>
            </ServiceJourney>
            <ServiceJourney version="2210543" id="VTR:ServiceJourney:2209286">
              <Name>Gargždai-Baičiai</Name>
              <PrivateCode>1</PrivateCode>
              <dayTypes>
                <DayTypeRef ref="VTR:DayType:352"/>
              </dayTypes>
              <JourneyPatternRef version="2210543" ref="VTR:JourneyPattern:2209286"/>
              <OperatorRef ref="VTR:Operator:77950"/>
              <LineRef ref="VTR:Line:930" version="6992"/>
              <passingTimes>
                <TimetabledPassingTime version="2210543" id="VTR:TimetabledPassingTime:2209286_76795706_1">
                  <StopPointInJourneyPatternRef ref="VTR:StopPointInJourneyPattern:76795706" version="2210543"/>
                  <DepartureTime>16:10:00</DepartureTime>
                  <DepartureDayOffset>0</DepartureDayOffset>
                </TimetabledPassingTime>
                <TimetabledPassingTime version="2210543" id="VTR:TimetabledPassingTime:2209286_76795623_1">
                  <StopPointInJourneyPatternRef ref="VTR:StopPointInJourneyPattern:76795623" version="2210543"/>
                  <DepartureTime>16:10:00</DepartureTime>
                  <DepartureDayOffset>0</DepartureDayOffset>
                </TimetabledPassingTime>
                <TimetabledPassingTime version="2210543" id="VTR:TimetabledPassingTime:2209286_76795624_2">
                  <StopPointInJourneyPatternRef ref="VTR:StopPointInJourneyPattern:76795624" version="2210543"/>
                  <DepartureTime>16:12:00</DepartureTime>
                  <DepartureDayOffset>0</DepartureDayOffset>
                </TimetabledPassingTime>
                <TimetabledPassingTime version="2210543" id="VTR:TimetabledPassingTime:2209286_76795707_2">
                  <StopPointInJourneyPatternRef ref="VTR:StopPointInJourneyPattern:76795707" version="2210543"/>
                  <DepartureTime>16:12:00</DepartureTime>
                  <DepartureDayOffset>0</DepartureDayOffset>
                </TimetabledPassingTime>
                <TimetabledPassingTime version="2210543" id="VTR:TimetabledPassingTime:2209286_76795708_3">
                  <StopPointInJourneyPatternRef ref="VTR:StopPointInJourneyPattern:76795708" version="2210543"/>
                  <DepartureTime>16:13:00</DepartureTime>
                  <DepartureDayOffset>0</DepartureDayOffset>
                </TimetabledPassingTime>
                <TimetabledPassingTime version="2210543" id="VTR:TimetabledPassingTime:2209286_76795625_3">
                  <StopPointInJourneyPatternRef ref="VTR:StopPointInJourneyPattern:76795625" version="2210543"/>
                  <DepartureTime>16:13:00</DepartureTime>
                  <DepartureDayOffset>0</DepartureDayOffset>
                </TimetabledPassingTime>
                <TimetabledPassingTime version="2210543" id="VTR:TimetabledPassingTime:2209286_76795626_4">
                  <StopPointInJourneyPatternRef ref="VTR:StopPointInJourneyPattern:76795626" version="2210543"/>
                  <DepartureTime>16:14:00</DepartureTime>
                  <DepartureDayOffset>0</DepartureDayOffset>
                </TimetabledPassingTime>
                <TimetabledPassingTime version="2210543" id="VTR:TimetabledPassingTime:2209286_76795709_4">
                  <StopPointInJourneyPatternRef ref="VTR:StopPointInJourneyPattern:76795709" version="2210543"/>
                  <DepartureTime>16:14:00</DepartureTime>
                  <DepartureDayOffset>0</DepartureDayOffset>
                </TimetabledPassingTime>
                <TimetabledPassingTime version="2210543" id="VTR:TimetabledPassingTime:2209286_76795710_5">
                  <StopPointInJourneyPatternRef ref="VTR:StopPointInJourneyPattern:76795710" version="2210543"/>
                  <DepartureTime>16:15:00</DepartureTime>
                  <DepartureDayOffset>0</DepartureDayOffset>
                </TimetabledPassingTime>
                <TimetabledPassingTime version="2210543" id="VTR:TimetabledPassingTime:2209286_76795627_5">
                  <StopPointInJourneyPatternRef ref="VTR:StopPointInJourneyPattern:76795627" version="2210543"/>
                  <DepartureTime>16:14:00</DepartureTime>
                  <DepartureDayOffset>0</DepartureDayOffset>
                </TimetabledPassingTime>
                <TimetabledPassingTime version="2210543" id="VTR:TimetabledPassingTime:2209286_76795632_6">
                  <StopPointInJourneyPatternRef ref="VTR:StopPointInJourneyPattern:76795632" version="2210543"/>
                  <DepartureTime>16:16:00</DepartureTime>
                  <DepartureDayOffset>0</DepartureDayOffset>
                </TimetabledPassingTime>
                <TimetabledPassingTime version="2210543" id="VTR:TimetabledPassingTime:2209286_76795711_6">
                  <StopPointInJourneyPatternRef ref="VTR:StopPointInJourneyPattern:76795711" version="2210543"/>
                  <DepartureTime>16:18:00</DepartureTime>
                  <DepartureDayOffset>0</DepartureDayOffset>
                </TimetabledPassingTime>
                <TimetabledPassingTime version="2210543" id="VTR:TimetabledPassingTime:2209286_76795712_7">
                  <StopPointInJourneyPatternRef ref="VTR:StopPointInJourneyPattern:76795712" version="2210543"/>
                  <DepartureTime>16:20:00</DepartureTime>
                  <DepartureDayOffset>0</DepartureDayOffset>
                </TimetabledPassingTime>
                <TimetabledPassingTime version="2210543" id="VTR:TimetabledPassingTime:2209286_76795642_7">
                  <StopPointInJourneyPatternRef ref="VTR:StopPointInJourneyPattern:76795642" version="2210543"/>
                  <DepartureTime>16:18:00</DepartureTime>
                  <DepartureDayOffset>0</DepartureDayOffset>
                </TimetabledPassingTime>
              </passingTimes>
            </ServiceJourney>
          </vehicleJourneys>
        </TimetableFrame>
        <ResourceFrame version="1" id="VTR:ResourceFrame:1373">
          <organisations>
            <Authority version="1" id="VTR:Authority:17">
              <CompanyNumber>55</CompanyNumber>
              <Name>Klaipėdos r. sav.</Name>
              <LegalName>Klaipėdos r. sav.</LegalName>
              <ContactDetails>
                <Email>savivaldybe@klaipedos-r.lt</Email>
                <Phone>8464720 25</Phone>
                <Url>www.klaipedos-r.lt</Url>
              </ContactDetails>
              <OrganisationType>authority</OrganisationType>
            </Authority>
          </organisations>
        </ResourceFrame>
      </frames>
    </CompositeFrame>
  </dataObjects>
</PublicationDelivery>
