<?xml version="1.0" encoding="UTF-8"?><PublicationDelivery xmlns="http://www.netex.org.uk/netex" xmlns:gis="http://www.opengis.net/gml/3.2" xmlns:ns2="http://www.opengis.net/gml/3.2" xmlns:ns3="http://www.siri.org.uk/siri" xmlns:xsi="http://www.w3.org/2001/XMLSchema-instance" version="1" xsi:schemaLocation="">
  <PublicationTimestamp>2022-05-07T02:15:00.272</PublicationTimestamp>
  <ParticipantRef>VTR</ParticipantRef>
  <Description>1</Description>
  <dataObjects>
    <CompositeFrame created="2022-05-07T02:15:00.272" version="1" id="VTR:CompositeFrame:1368">
      <validityConditions>
        <AvailabilityCondition version="1" id="VTR:AvailabilityCondition:1368">
          <FromDate>2015-07-14T13:51:38</FromDate>
          <ToDate>2027-12-30T00:00:00</ToDate>
        </AvailabilityCondition>
      </validityConditions>
      <codespaces>
        <Codespace id="vtr">
          <Xmlns>VTR</Xmlns>
          <XmlnsUrl>http://www.visimarsrutai.lt/</XmlnsUrl>
        </Codespace>
      </codespaces>
      <FrameDefaults>
        <DefaultLocale>
          <TimeZone>Europe/Vilnius</TimeZone>
        </DefaultLocale>
        <DefaultLocationSystem>WGS84</DefaultLocationSystem>
      </FrameDefaults>
      <frames>
        <ServiceCalendarFrame version="1" id="VTR:ServiceCalendarFrame:1368">
          <dayTypes>
            <DayType id="VTR:DayType:32811" version="1">
              <properties>
                <PropertyOfDay>
                  <DaysOfWeek>Monday Tuesday Wednesday Thursday Friday</DaysOfWeek>
                </PropertyOfDay>
              </properties>
            </DayType>
            <DayType id="VTR:DayType:458" version="1">
              <properties>
                <PropertyOfDay>
                  <DaysOfWeek>Tuesday</DaysOfWeek>
                </PropertyOfDay>
              </properties>
            </DayType>
          </dayTypes>
          <operatingPeriods>
            <OperatingPeriod version="1" id="VTR:OperatingPeriod:32811">
              <FromDate>2020-09-01T00:00:00</FromDate>
              <ToDate>2022-11-11T00:00:00</ToDate>
            </OperatingPeriod>
            <OperatingPeriod version="1" id="VTR:OperatingPeriod:458">
              <FromDate>2020-09-01T00:00:00</FromDate>
              <ToDate>2022-11-11T00:00:00</ToDate>
            </OperatingPeriod>
          </operatingPeriods>
          <dayTypeAssignments>
            <DayTypeAssignment id="VTR:DayTypeAssignment:458_0" version="1" order="458">
              <OperatingPeriodRef ref="VTR:OperatingPeriod:458" version="1"/>
              <DayTypeRef ref="VTR:DayType:458" version="1"/>
            </DayTypeAssignment>
            <DayTypeAssignment id="VTR:DayTypeAssignment:458_902994" version="1" order="631">
              <Date>2022-07-17</Date>
              <DayTypeRef ref="VTR:DayType:458" version="1"/>
            </DayTypeAssignment>
            <DayTypeAssignment id="VTR:DayTypeAssignment:458_902978" version="1" order="632">
              <Date>2022-07-27</Date>
              <DayTypeRef ref="VTR:DayType:458" version="1"/>
            </DayTypeAssignment>
            <DayTypeAssignment id="VTR:DayTypeAssignment:458_902975" version="1" order="633">
              <Date>2022-07-26</Date>
              <DayTypeRef ref="VTR:DayType:458" version="1"/>
            </DayTypeAssignment>
            <DayTypeAssignment id="VTR:DayTypeAssignment:458_902972" version="1" order="634">
              <Date>2022-07-12</Date>
              <DayTypeRef ref="VTR:DayType:458" version="1"/>
            </DayTypeAssignment>
            <DayTypeAssignment id="VTR:DayTypeAssignment:458_926673" version="1" order="635">
              <Date>2022-11-04</Date>
              <DayTypeRef ref="VTR:DayType:458" version="1"/>
            </DayTypeAssignment>
            <DayTypeAssignment id="VTR:DayTypeAssignment:458_896509" version="1" order="636">
              <Date>2022-06-30</Date>
              <DayTypeRef ref="VTR:DayType:458" version="1"/>
            </DayTypeAssignment>
            <DayTypeAssignment id="VTR:DayTypeAssignment:458_918422" version="1" order="637">
              <Date>2022-06-23</Date>
              <DayTypeRef ref="VTR:DayType:458" version="1"/>
            </DayTypeAssignment>
            <DayTypeAssignment id="VTR:DayTypeAssignment:458_918417" version="1" order="638">
              <Date>2022-06-15</Date>
              <DayTypeRef ref="VTR:DayType:458" version="1"/>
            </DayTypeAssignment>
            <DayTypeAssignment id="VTR:DayTypeAssignment:458_909957" version="1" order="639">
              <Date>2022-08-27</Date>
              <DayTypeRef ref="VTR:DayType:458" version="1"/>
            </DayTypeAssignment>
            <DayTypeAssignment id="VTR:DayTypeAssignment:458_909945" version="1" order="640">
              <Date>2022-08-24</Date>
              <DayTypeRef ref="VTR:DayType:458" version="1"/>
            </DayTypeAssignment>
            <DayTypeAssignment id="VTR:DayTypeAssignment:458_909938" version="1" order="641">
              <Date>2022-08-16</Date>
              <DayTypeRef ref="VTR:DayType:458" version="1"/>
            </DayTypeAssignment>
            <DayTypeAssignment id="VTR:DayTypeAssignment:458_909935" version="1" order="642">
              <Date>2022-08-02</Date>
              <DayTypeRef ref="VTR:DayType:458" version="1"/>
            </DayTypeAssignment>
            <DayTypeAssignment id="VTR:DayTypeAssignment:458_909932" version="1" order="643">
              <Date>2022-08-08</Date>
              <DayTypeRef ref="VTR:DayType:458" version="1"/>
            </DayTypeAssignment>
            <DayTypeAssignment id="VTR:DayTypeAssignment:458_954505" version="1" order="669">
              <Date>2023-04-21</Date>
              <DayTypeRef ref="VTR:DayType:458" version="1"/>
            </DayTypeAssignment>
            <DayTypeAssignment id="VTR:DayTypeAssignment:458_909931" version="1" order="716">
              <Date>2022-08-28</Date>
              <DayTypeRef ref="VTR:DayType:458" version="1"/>
            </DayTypeAssignment>
            <DayTypeAssignment id="VTR:DayTypeAssignment:458_954503" version="1" order="717">
              <Date>2023-04-19</Date>
              <DayTypeRef ref="VTR:DayType:458" version="1"/>
            </DayTypeAssignment>
            <DayTypeAssignment id="VTR:DayTypeAssignment:458_943114" version="1" order="718">
              <Date>2023-02-17</Date>
              <DayTypeRef ref="VTR:DayType:458" version="1"/>
            </DayTypeAssignment>
            <DayTypeAssignment id="VTR:DayTypeAssignment:458_943113" version="1" order="719">
              <Date>2023-02-16</Date>
              <DayTypeRef ref="VTR:DayType:458" version="1"/>
            </DayTypeAssignment>
            <DayTypeAssignment id="VTR:DayTypeAssignment:458_936491" version="1" order="720">
              <Date>2023-01-03</Date>
              <DayTypeRef ref="VTR:DayType:458" version="1"/>
            </DayTypeAssignment>
            <DayTypeAssignment id="VTR:DayTypeAssignment:458_902986" version="1" order="830">
              <Date>2022-07-02</Date>
              <DayTypeRef ref="VTR:DayType:458" version="1"/>
            </DayTypeAssignment>
            <DayTypeAssignment id="VTR:DayTypeAssignment:458_902985" version="1" order="831">
              <Date>2022-07-22</Date>
              <DayTypeRef ref="VTR:DayType:458" version="1"/>
            </DayTypeAssignment>
            <DayTypeAssignment id="VTR:DayTypeAssignment:458_902970" version="1" order="832">
              <Date>2022-07-25</Date>
              <DayTypeRef ref="VTR:DayType:458" version="1"/>
            </DayTypeAssignment>
            <DayTypeAssignment id="VTR:DayTypeAssignment:458_896513" version="1" order="833">
              <Date>2022-06-26</Date>
              <DayTypeRef ref="VTR:DayType:458" version="1"/>
            </DayTypeAssignment>
            <DayTypeAssignment id="VTR:DayTypeAssignment:458_896510" version="1" order="834">
              <Date>2022-06-24</Date>
              <DayTypeRef ref="VTR:DayType:458" version="1"/>
            </DayTypeAssignment>
            <DayTypeAssignment id="VTR:DayTypeAssignment:458_918427" version="1" order="835">
              <Date>2022-06-11</Date>
              <DayTypeRef ref="VTR:DayType:458" version="1"/>
            </DayTypeAssignment>
            <DayTypeAssignment id="VTR:DayTypeAssignment:458_918424" version="1" order="836">
              <Date>2022-06-10</Date>
              <DayTypeRef ref="VTR:DayType:458" version="1"/>
            </DayTypeAssignment>
            <DayTypeAssignment id="VTR:DayTypeAssignment:458_932354" version="1" order="837">
              <Date>2022-12-27</Date>
              <DayTypeRef ref="VTR:DayType:458" version="1"/>
            </DayTypeAssignment>
            <DayTypeAssignment id="VTR:DayTypeAssignment:458_932353" version="1" order="838">
              <Date>2022-12-31</Date>
              <DayTypeRef ref="VTR:DayType:458" version="1"/>
            </DayTypeAssignment>
            <DayTypeAssignment id="VTR:DayTypeAssignment:458_909958" version="1" order="839">
              <Date>2022-08-07</Date>
              <DayTypeRef ref="VTR:DayType:458" version="1"/>
            </DayTypeAssignment>
            <DayTypeAssignment id="VTR:DayTypeAssignment:458_909955" version="1" order="840">
              <Date>2022-08-13</Date>
              <DayTypeRef ref="VTR:DayType:458" version="1"/>
            </DayTypeAssignment>
            <DayTypeAssignment id="VTR:DayTypeAssignment:458_909953" version="1" order="841">
              <Date>2022-08-06</Date>
              <DayTypeRef ref="VTR:DayType:458" version="1"/>
            </DayTypeAssignment>
            <DayTypeAssignment id="VTR:DayTypeAssignment:458_909950" version="1" order="842">
              <Date>2022-08-05</Date>
              <DayTypeRef ref="VTR:DayType:458" version="1"/>
            </DayTypeAssignment>
            <DayTypeAssignment id="VTR:DayTypeAssignment:458_909934" version="1" order="843">
              <Date>2022-08-22</Date>
              <DayTypeRef ref="VTR:DayType:458" version="1"/>
            </DayTypeAssignment>
            <DayTypeAssignment id="VTR:DayTypeAssignment:458_902998" version="1" order="864">
              <Date>2022-07-31</Date>
              <DayTypeRef ref="VTR:DayType:458" version="1"/>
            </DayTypeAssignment>
            <DayTypeAssignment id="VTR:DayTypeAssignment:458_902987" version="1" order="865">
              <Date>2022-07-29</Date>
              <DayTypeRef ref="VTR:DayType:458" version="1"/>
            </DayTypeAssignment>
            <DayTypeAssignment id="VTR:DayTypeAssignment:458_902984" version="1" order="866">
              <Date>2022-07-15</Date>
              <DayTypeRef ref="VTR:DayType:458" version="1"/>
            </DayTypeAssignment>
            <DayTypeAssignment id="VTR:DayTypeAssignment:458_902977" version="1" order="867">
              <Date>2022-07-20</Date>
              <DayTypeRef ref="VTR:DayType:458" version="1"/>
            </DayTypeAssignment>
            <DayTypeAssignment id="VTR:DayTypeAssignment:458_926675" version="1" order="868">
              <Date>2022-11-03</Date>
              <DayTypeRef ref="VTR:DayType:458" version="1"/>
            </DayTypeAssignment>
            <DayTypeAssignment id="VTR:DayTypeAssignment:458_896514" version="1" order="869">
              <Date>2022-06-27</Date>
              <DayTypeRef ref="VTR:DayType:458" version="1"/>
            </DayTypeAssignment>
            <DayTypeAssignment id="VTR:DayTypeAssignment:458_918435" version="1" order="870">
              <Date>2022-06-13</Date>
              <DayTypeRef ref="VTR:DayType:458" version="1"/>
            </DayTypeAssignment>
            <DayTypeAssignment id="VTR:DayTypeAssignment:458_909954" version="1" order="871">
              <Date>2022-08-26</Date>
              <DayTypeRef ref="VTR:DayType:458" version="1"/>
            </DayTypeAssignment>
            <DayTypeAssignment id="VTR:DayTypeAssignment:458_909951" version="1" order="872">
              <Date>2022-08-12</Date>
              <DayTypeRef ref="VTR:DayType:458" version="1"/>
            </DayTypeAssignment>
            <DayTypeAssignment id="VTR:DayTypeAssignment:458_943115" version="1" order="873">
              <Date>2023-02-18</Date>
              <DayTypeRef ref="VTR:DayType:458" version="1"/>
            </DayTypeAssignment>
            <DayTypeAssignment id="VTR:DayTypeAssignment:458_943112" version="1" order="874">
              <Date>2023-02-15</Date>
              <DayTypeRef ref="VTR:DayType:458" version="1"/>
            </DayTypeAssignment>
            <DayTypeAssignment id="VTR:DayTypeAssignment:458_936489" version="1" order="875">
              <Date>2023-01-01</Date>
              <DayTypeRef ref="VTR:DayType:458" version="1"/>
            </DayTypeAssignment>
            <DayTypeAssignment id="VTR:DayTypeAssignment:458_936488" version="1" order="876">
              <Date>2023-01-07</Date>
              <DayTypeRef ref="VTR:DayType:458" version="1"/>
            </DayTypeAssignment>
            <DayTypeAssignment id="VTR:DayTypeAssignment:458_902997" version="1" order="1084">
              <Date>2022-07-11</Date>
              <DayTypeRef ref="VTR:DayType:458" version="1"/>
            </DayTypeAssignment>
            <DayTypeAssignment id="VTR:DayTypeAssignment:458_902971" version="1" order="1085">
              <Date>2022-07-05</Date>
              <DayTypeRef ref="VTR:DayType:458" version="1"/>
            </DayTypeAssignment>
            <DayTypeAssignment id="VTR:DayTypeAssignment:458_896511" version="1" order="1086">
              <Date>2022-07-01</Date>
              <DayTypeRef ref="VTR:DayType:458" version="1"/>
            </DayTypeAssignment>
            <DayTypeAssignment id="VTR:DayTypeAssignment:458_918439" version="1" order="1087">
              <Date>2022-06-14</Date>
              <DayTypeRef ref="VTR:DayType:458" version="1"/>
            </DayTypeAssignment>
            <DayTypeAssignment id="VTR:DayTypeAssignment:458_918428" version="1" order="1088">
              <Date>2022-06-18</Date>
              <DayTypeRef ref="VTR:DayType:458" version="1"/>
            </DayTypeAssignment>
            <DayTypeAssignment id="VTR:DayTypeAssignment:458_918425" version="1" order="1089">
              <Date>2022-06-17</Date>
              <DayTypeRef ref="VTR:DayType:458" version="1"/>
            </DayTypeAssignment>
            <DayTypeAssignment id="VTR:DayTypeAssignment:458_909952" version="1" order="1090">
              <Date>2022-08-19</Date>
              <DayTypeRef ref="VTR:DayType:458" version="1"/>
            </DayTypeAssignment>
            <DayTypeAssignment id="VTR:DayTypeAssignment:458_909939" version="1" order="1091">
              <Date>2022-08-23</Date>
              <DayTypeRef ref="VTR:DayType:458" version="1"/>
            </DayTypeAssignment>
            <DayTypeAssignment id="VTR:DayTypeAssignment:458_909937" version="1" order="1092">
              <Date>2022-08-29</Date>
              <DayTypeRef ref="VTR:DayType:458" version="1"/>
            </DayTypeAssignment>
            <DayTypeAssignment id="VTR:DayTypeAssignment:458_909928" version="1" order="1093">
              <Date>2022-08-14</Date>
              <DayTypeRef ref="VTR:DayType:458" version="1"/>
            </DayTypeAssignment>
            <DayTypeAssignment id="VTR:DayTypeAssignment:458_943111" version="1" order="1094">
              <Date>2023-02-14</Date>
              <DayTypeRef ref="VTR:DayType:458" version="1"/>
            </DayTypeAssignment>
            <DayTypeAssignment id="VTR:DayTypeAssignment:458_909936" version="1" order="1100">
              <Date>2022-08-09</Date>
              <DayTypeRef ref="VTR:DayType:458" version="1"/>
            </DayTypeAssignment>
            <DayTypeAssignment id="VTR:DayTypeAssignment:458_936485" version="1" order="1101">
              <Date>2023-01-04</Date>
              <DayTypeRef ref="VTR:DayType:458" version="1"/>
            </DayTypeAssignment>
            <DayTypeAssignment id="VTR:DayTypeAssignment:458_902999" version="1" order="1183">
              <Date>2022-07-18</Date>
              <DayTypeRef ref="VTR:DayType:458" version="1"/>
            </DayTypeAssignment>
            <DayTypeAssignment id="VTR:DayTypeAssignment:458_902995" version="1" order="1184">
              <Date>2022-07-04</Date>
              <DayTypeRef ref="VTR:DayType:458" version="1"/>
            </DayTypeAssignment>
            <DayTypeAssignment id="VTR:DayTypeAssignment:458_902991" version="1" order="1216">
              <Date>2022-07-23</Date>
              <DayTypeRef ref="VTR:DayType:458" version="1"/>
            </DayTypeAssignment>
            <DayTypeAssignment id="VTR:DayTypeAssignment:458_902989" version="1" order="1217">
              <Date>2022-07-16</Date>
              <DayTypeRef ref="VTR:DayType:458" version="1"/>
            </DayTypeAssignment>
            <DayTypeAssignment id="VTR:DayTypeAssignment:458_902988" version="1" order="1218">
              <Date>2022-07-09</Date>
              <DayTypeRef ref="VTR:DayType:458" version="1"/>
            </DayTypeAssignment>
            <DayTypeAssignment id="VTR:DayTypeAssignment:458_902981" version="1" order="1219">
              <Date>2022-07-21</Date>
              <DayTypeRef ref="VTR:DayType:458" version="1"/>
            </DayTypeAssignment>
            <DayTypeAssignment id="VTR:DayTypeAssignment:458_926674" version="1" order="1220">
              <Date>2022-11-05</Date>
              <DayTypeRef ref="VTR:DayType:458" version="1"/>
            </DayTypeAssignment>
            <DayTypeAssignment id="VTR:DayTypeAssignment:458_896515" version="1" order="1221">
              <Date>2022-06-28</Date>
              <DayTypeRef ref="VTR:DayType:458" version="1"/>
            </DayTypeAssignment>
            <DayTypeAssignment id="VTR:DayTypeAssignment:458_918436" version="1" order="1222">
              <Date>2022-06-20</Date>
              <DayTypeRef ref="VTR:DayType:458" version="1"/>
            </DayTypeAssignment>
            <DayTypeAssignment id="VTR:DayTypeAssignment:458_918420" version="1" order="1223">
              <Date>2022-06-09</Date>
              <DayTypeRef ref="VTR:DayType:458" version="1"/>
            </DayTypeAssignment>
            <DayTypeAssignment id="VTR:DayTypeAssignment:458_932352" version="1" order="1224">
              <Date>2022-12-30</Date>
              <DayTypeRef ref="VTR:DayType:458" version="1"/>
            </DayTypeAssignment>
            <DayTypeAssignment id="VTR:DayTypeAssignment:458_909949" version="1" order="1225">
              <Date>2022-08-25</Date>
              <DayTypeRef ref="VTR:DayType:458" version="1"/>
            </DayTypeAssignment>
            <DayTypeAssignment id="VTR:DayTypeAssignment:458_909948" version="1" order="1226">
              <Date>2022-08-18</Date>
              <DayTypeRef ref="VTR:DayType:458" version="1"/>
            </DayTypeAssignment>
            <DayTypeAssignment id="VTR:DayTypeAssignment:458_909942" version="1" order="1227">
              <Date>2022-08-10</Date>
              <DayTypeRef ref="VTR:DayType:458" version="1"/>
            </DayTypeAssignment>
            <DayTypeAssignment id="VTR:DayTypeAssignment:458_902990" version="1" order="1328">
              <Date>2022-07-03</Date>
              <DayTypeRef ref="VTR:DayType:458" version="1"/>
            </DayTypeAssignment>
            <DayTypeAssignment id="VTR:DayTypeAssignment:458_902983" version="1" order="1329">
              <Date>2022-07-28</Date>
              <DayTypeRef ref="VTR:DayType:458" version="1"/>
            </DayTypeAssignment>
            <DayTypeAssignment id="VTR:DayTypeAssignment:458_902976" version="1" order="1330">
              <Date>2022-07-13</Date>
              <DayTypeRef ref="VTR:DayType:458" version="1"/>
            </DayTypeAssignment>
            <DayTypeAssignment id="VTR:DayTypeAssignment:458_902973" version="1" order="1331">
              <Date>2022-07-19</Date>
              <DayTypeRef ref="VTR:DayType:458" version="1"/>
            </DayTypeAssignment>
            <DayTypeAssignment id="VTR:DayTypeAssignment:458_918431" version="1" order="1332">
              <Date>2022-06-12</Date>
              <DayTypeRef ref="VTR:DayType:458" version="1"/>
            </DayTypeAssignment>
            <DayTypeAssignment id="VTR:DayTypeAssignment:458_932350" version="1" order="1333">
              <Date>2022-12-28</Date>
              <DayTypeRef ref="VTR:DayType:458" version="1"/>
            </DayTypeAssignment>
            <DayTypeAssignment id="VTR:DayTypeAssignment:458_909947" version="1" order="1334">
              <Date>2022-08-31</Date>
              <DayTypeRef ref="VTR:DayType:458" version="1"/>
            </DayTypeAssignment>
            <DayTypeAssignment id="VTR:DayTypeAssignment:458_909944" version="1" order="1335">
              <Date>2022-08-04</Date>
              <DayTypeRef ref="VTR:DayType:458" version="1"/>
            </DayTypeAssignment>
            <DayTypeAssignment id="VTR:DayTypeAssignment:458_909943" version="1" order="1336">
              <Date>2022-08-17</Date>
              <DayTypeRef ref="VTR:DayType:458" version="1"/>
            </DayTypeAssignment>
            <DayTypeAssignment id="VTR:DayTypeAssignment:458_909933" version="1" order="1337">
              <Date>2022-08-15</Date>
              <DayTypeRef ref="VTR:DayType:458" version="1"/>
            </DayTypeAssignment>
            <DayTypeAssignment id="VTR:DayTypeAssignment:458_909930" version="1" order="1338">
              <Date>2022-08-01</Date>
              <DayTypeRef ref="VTR:DayType:458" version="1"/>
            </DayTypeAssignment>
            <DayTypeAssignment id="VTR:DayTypeAssignment:458_902982" version="1" order="1405">
              <Date>2022-07-08</Date>
              <DayTypeRef ref="VTR:DayType:458" version="1"/>
            </DayTypeAssignment>
            <DayTypeAssignment id="VTR:DayTypeAssignment:458_902979" version="1" order="1406">
              <Date>2022-07-07</Date>
              <DayTypeRef ref="VTR:DayType:458" version="1"/>
            </DayTypeAssignment>
            <DayTypeAssignment id="VTR:DayTypeAssignment:458_902974" version="1" order="1407">
              <Date>2022-07-06</Date>
              <DayTypeRef ref="VTR:DayType:458" version="1"/>
            </DayTypeAssignment>
            <DayTypeAssignment id="VTR:DayTypeAssignment:458_896508" version="1" order="1408">
              <Date>2022-06-29</Date>
              <DayTypeRef ref="VTR:DayType:458" version="1"/>
            </DayTypeAssignment>
            <DayTypeAssignment id="VTR:DayTypeAssignment:458_918432" version="1" order="1409">
              <Date>2022-06-19</Date>
              <DayTypeRef ref="VTR:DayType:458" version="1"/>
            </DayTypeAssignment>
            <DayTypeAssignment id="VTR:DayTypeAssignment:458_918421" version="1" order="1410">
              <Date>2022-06-16</Date>
              <DayTypeRef ref="VTR:DayType:458" version="1"/>
            </DayTypeAssignment>
            <DayTypeAssignment id="VTR:DayTypeAssignment:458_909946" version="1" order="1411">
              <Date>2022-08-11</Date>
              <DayTypeRef ref="VTR:DayType:458" version="1"/>
            </DayTypeAssignment>
            <DayTypeAssignment id="VTR:DayTypeAssignment:458_909941" version="1" order="1412">
              <Date>2022-08-30</Date>
              <DayTypeRef ref="VTR:DayType:458" version="1"/>
            </DayTypeAssignment>
            <DayTypeAssignment id="VTR:DayTypeAssignment:458_954504" version="1" order="1413">
              <Date>2023-04-20</Date>
              <DayTypeRef ref="VTR:DayType:458" version="1"/>
            </DayTypeAssignment>
            <DayTypeAssignment id="VTR:DayTypeAssignment:458_936490" version="1" order="1414">
              <Date>2023-01-02</Date>
              <DayTypeRef ref="VTR:DayType:458" version="1"/>
            </DayTypeAssignment>
            <DayTypeAssignment id="VTR:DayTypeAssignment:458_954506" version="1" order="1420">
              <Date>2023-04-22</Date>
              <DayTypeRef ref="VTR:DayType:458" version="1"/>
            </DayTypeAssignment>
            <DayTypeAssignment id="VTR:DayTypeAssignment:458_936487" version="1" order="1421">
              <Date>2023-01-06</Date>
              <DayTypeRef ref="VTR:DayType:458" version="1"/>
            </DayTypeAssignment>
            <DayTypeAssignment id="VTR:DayTypeAssignment:458_936486" version="1" order="1422">
              <Date>2023-01-05</Date>
              <DayTypeRef ref="VTR:DayType:458" version="1"/>
            </DayTypeAssignment>
            <DayTypeAssignment id="VTR:DayTypeAssignment:458_902996" version="1" order="1537">
              <Date>2022-07-24</Date>
              <DayTypeRef ref="VTR:DayType:458" version="1"/>
            </DayTypeAssignment>
            <DayTypeAssignment id="VTR:DayTypeAssignment:458_902993" version="1" order="1538">
              <Date>2022-07-10</Date>
              <DayTypeRef ref="VTR:DayType:458" version="1"/>
            </DayTypeAssignment>
            <DayTypeAssignment id="VTR:DayTypeAssignment:458_902992" version="1" order="1539">
              <Date>2022-07-30</Date>
              <DayTypeRef ref="VTR:DayType:458" version="1"/>
            </DayTypeAssignment>
            <DayTypeAssignment id="VTR:DayTypeAssignment:458_902980" version="1" order="1540">
              <Date>2022-07-14</Date>
              <DayTypeRef ref="VTR:DayType:458" version="1"/>
            </DayTypeAssignment>
            <DayTypeAssignment id="VTR:DayTypeAssignment:458_896512" version="1" order="1541">
              <Date>2022-06-25</Date>
              <DayTypeRef ref="VTR:DayType:458" version="1"/>
            </DayTypeAssignment>
            <DayTypeAssignment id="VTR:DayTypeAssignment:458_918440" version="1" order="1542">
              <Date>2022-06-21</Date>
              <DayTypeRef ref="VTR:DayType:458" version="1"/>
            </DayTypeAssignment>
            <DayTypeAssignment id="VTR:DayTypeAssignment:458_918418" version="1" order="1543">
              <Date>2022-06-22</Date>
              <DayTypeRef ref="VTR:DayType:458" version="1"/>
            </DayTypeAssignment>
            <DayTypeAssignment id="VTR:DayTypeAssignment:458_932351" version="1" order="1544">
              <Date>2022-12-29</Date>
              <DayTypeRef ref="VTR:DayType:458" version="1"/>
            </DayTypeAssignment>
            <DayTypeAssignment id="VTR:DayTypeAssignment:458_909956" version="1" order="1545">
              <Date>2022-08-20</Date>
              <DayTypeRef ref="VTR:DayType:458" version="1"/>
            </DayTypeAssignment>
            <DayTypeAssignment id="VTR:DayTypeAssignment:458_909940" version="1" order="1546">
              <Date>2022-08-03</Date>
              <DayTypeRef ref="VTR:DayType:458" version="1"/>
            </DayTypeAssignment>
            <DayTypeAssignment id="VTR:DayTypeAssignment:458_909929" version="1" order="1547">
              <Date>2022-08-21</Date>
              <DayTypeRef ref="VTR:DayType:458" version="1"/>
            </DayTypeAssignment>
            <DayTypeAssignment id="VTR:DayTypeAssignment:32811_0" version="1" order="4409">
              <OperatingPeriodRef ref="VTR:OperatingPeriod:32811" version="1"/>
              <DayTypeRef ref="VTR:DayType:32811" version="1"/>
            </DayTypeAssignment>
            <DayTypeAssignment id="VTR:DayTypeAssignment:32811_900741" version="1" order="39034">
              <Date>2022-07-18</Date>
              <DayTypeRef ref="VTR:DayType:32811" version="1"/>
            </DayTypeAssignment>
            <DayTypeAssignment id="VTR:DayTypeAssignment:32811_900726" version="1" order="39035">
              <Date>2022-07-15</Date>
              <DayTypeRef ref="VTR:DayType:32811" version="1"/>
            </DayTypeAssignment>
            <DayTypeAssignment id="VTR:DayTypeAssignment:32811_894949" version="1" order="39036">
              <Date>2022-06-27</Date>
              <DayTypeRef ref="VTR:DayType:32811" version="1"/>
            </DayTypeAssignment>
            <DayTypeAssignment id="VTR:DayTypeAssignment:32811_894946" version="1" order="39037">
              <Date>2022-07-01</Date>
              <DayTypeRef ref="VTR:DayType:32811" version="1"/>
            </DayTypeAssignment>
            <DayTypeAssignment id="VTR:DayTypeAssignment:32811_918774" version="1" order="39038">
              <Date>2022-06-13</Date>
              <DayTypeRef ref="VTR:DayType:32811" version="1"/>
            </DayTypeAssignment>
            <DayTypeAssignment id="VTR:DayTypeAssignment:32811_918764" version="1" order="39039">
              <Date>2022-06-17</Date>
              <DayTypeRef ref="VTR:DayType:32811" version="1"/>
            </DayTypeAssignment>
            <DayTypeAssignment id="VTR:DayTypeAssignment:32811_907698" version="1" order="39040">
              <Date>2022-08-29</Date>
              <DayTypeRef ref="VTR:DayType:32811" version="1"/>
            </DayTypeAssignment>
            <DayTypeAssignment id="VTR:DayTypeAssignment:32811_932129" version="1" order="39041">
              <Date>2022-12-28</Date>
              <DayTypeRef ref="VTR:DayType:32811" version="1"/>
            </DayTypeAssignment>
            <DayTypeAssignment id="VTR:DayTypeAssignment:32811_926485" version="1" order="39055">
              <Date>2022-11-04</Date>
              <DayTypeRef ref="VTR:DayType:32811" version="1"/>
            </DayTypeAssignment>
            <DayTypeAssignment id="VTR:DayTypeAssignment:32811_894944" version="1" order="39056">
              <Date>2022-06-30</Date>
              <DayTypeRef ref="VTR:DayType:32811" version="1"/>
            </DayTypeAssignment>
            <DayTypeAssignment id="VTR:DayTypeAssignment:32811_907719" version="1" order="39057">
              <Date>2022-08-07</Date>
              <DayTypeRef ref="VTR:DayType:32811" version="1"/>
            </DayTypeAssignment>
            <DayTypeAssignment id="VTR:DayTypeAssignment:32811_907714" version="1" order="39058">
              <Date>2022-08-06</Date>
              <DayTypeRef ref="VTR:DayType:32811" version="1"/>
            </DayTypeAssignment>
            <DayTypeAssignment id="VTR:DayTypeAssignment:32811_907710" version="1" order="39059">
              <Date>2022-08-25</Date>
              <DayTypeRef ref="VTR:DayType:32811" version="1"/>
            </DayTypeAssignment>
            <DayTypeAssignment id="VTR:DayTypeAssignment:32811_900728" version="1" order="39066">
              <Date>2022-07-02</Date>
              <DayTypeRef ref="VTR:DayType:32811" version="1"/>
            </DayTypeAssignment>
            <DayTypeAssignment id="VTR:DayTypeAssignment:32811_918779" version="1" order="39067">
              <Date>2022-06-21</Date>
              <DayTypeRef ref="VTR:DayType:32811" version="1"/>
            </DayTypeAssignment>
            <DayTypeAssignment id="VTR:DayTypeAssignment:32811_918775" version="1" order="39068">
              <Date>2022-06-20</Date>
              <DayTypeRef ref="VTR:DayType:32811" version="1"/>
            </DayTypeAssignment>
            <DayTypeAssignment id="VTR:DayTypeAssignment:32811_918761" version="1" order="39069">
              <Date>2022-06-23</Date>
              <DayTypeRef ref="VTR:DayType:32811" version="1"/>
            </DayTypeAssignment>
            <DayTypeAssignment id="VTR:DayTypeAssignment:32811_918760" version="1" order="39070">
              <Date>2022-06-16</Date>
              <DayTypeRef ref="VTR:DayType:32811" version="1"/>
            </DayTypeAssignment>
            <DayTypeAssignment id="VTR:DayTypeAssignment:32811_918756" version="1" order="39071">
              <Date>2022-06-15</Date>
              <DayTypeRef ref="VTR:DayType:32811" version="1"/>
            </DayTypeAssignment>
            <DayTypeAssignment id="VTR:DayTypeAssignment:32811_907717" version="1" order="39072">
              <Date>2022-08-20</Date>
              <DayTypeRef ref="VTR:DayType:32811" version="1"/>
            </DayTypeAssignment>
            <DayTypeAssignment id="VTR:DayTypeAssignment:32811_907712" version="1" order="39073">
              <Date>2022-08-12</Date>
              <DayTypeRef ref="VTR:DayType:32811" version="1"/>
            </DayTypeAssignment>
            <DayTypeAssignment id="VTR:DayTypeAssignment:32811_907695" version="1" order="39074">
              <Date>2022-08-22</Date>
              <DayTypeRef ref="VTR:DayType:32811" version="1"/>
            </DayTypeAssignment>
            <DayTypeAssignment id="VTR:DayTypeAssignment:32811_907692" version="1" order="39075">
              <Date>2022-08-28</Date>
              <DayTypeRef ref="VTR:DayType:32811" version="1"/>
            </DayTypeAssignment>
            <DayTypeAssignment id="VTR:DayTypeAssignment:32811_932131" version="1" order="39076">
              <Date>2022-12-30</Date>
              <DayTypeRef ref="VTR:DayType:32811" version="1"/>
            </DayTypeAssignment>
            <DayTypeAssignment id="VTR:DayTypeAssignment:32811_936263" version="1" order="39077">
              <Date>2023-01-03</Date>
              <DayTypeRef ref="VTR:DayType:32811" version="1"/>
            </DayTypeAssignment>
            <DayTypeAssignment id="VTR:DayTypeAssignment:32811_936262" version="1" order="39078">
              <Date>2023-01-02</Date>
              <DayTypeRef ref="VTR:DayType:32811" version="1"/>
            </DayTypeAssignment>
            <DayTypeAssignment id="VTR:DayTypeAssignment:32811_907700" version="1" order="39087">
              <Date>2022-08-23</Date>
              <DayTypeRef ref="VTR:DayType:32811" version="1"/>
            </DayTypeAssignment>
            <DayTypeAssignment id="VTR:DayTypeAssignment:32811_907691" version="1" order="39088">
              <Date>2022-08-01</Date>
              <DayTypeRef ref="VTR:DayType:32811" version="1"/>
            </DayTypeAssignment>
            <DayTypeAssignment id="VTR:DayTypeAssignment:32811_900740" version="1" order="39123">
              <Date>2022-07-31</Date>
              <DayTypeRef ref="VTR:DayType:32811" version="1"/>
            </DayTypeAssignment>
            <DayTypeAssignment id="VTR:DayTypeAssignment:32811_900736" version="1" order="39124">
              <Date>2022-07-17</Date>
              <DayTypeRef ref="VTR:DayType:32811" version="1"/>
            </DayTypeAssignment>
            <DayTypeAssignment id="VTR:DayTypeAssignment:32811_900733" version="1" order="39125">
              <Date>2022-07-23</Date>
              <DayTypeRef ref="VTR:DayType:32811" version="1"/>
            </DayTypeAssignment>
            <DayTypeAssignment id="VTR:DayTypeAssignment:32811_900722" version="1" order="39126">
              <Date>2022-07-14</Date>
              <DayTypeRef ref="VTR:DayType:32811" version="1"/>
            </DayTypeAssignment>
            <DayTypeAssignment id="VTR:DayTypeAssignment:32811_900729" version="1" order="39141">
              <Date>2022-07-29</Date>
              <DayTypeRef ref="VTR:DayType:32811" version="1"/>
            </DayTypeAssignment>
            <DayTypeAssignment id="VTR:DayTypeAssignment:32811_926486" version="1" order="39142">
              <Date>2022-11-05</Date>
              <DayTypeRef ref="VTR:DayType:32811" version="1"/>
            </DayTypeAssignment>
            <DayTypeAssignment id="VTR:DayTypeAssignment:32811_918778" version="1" order="39143">
              <Date>2022-06-14</Date>
              <DayTypeRef ref="VTR:DayType:32811" version="1"/>
            </DayTypeAssignment>
            <DayTypeAssignment id="VTR:DayTypeAssignment:32811_907718" version="1" order="39144">
              <Date>2022-08-27</Date>
              <DayTypeRef ref="VTR:DayType:32811" version="1"/>
            </DayTypeAssignment>
            <DayTypeAssignment id="VTR:DayTypeAssignment:32811_907716" version="1" order="39145">
              <Date>2022-08-13</Date>
              <DayTypeRef ref="VTR:DayType:32811" version="1"/>
            </DayTypeAssignment>
            <DayTypeAssignment id="VTR:DayTypeAssignment:32811_907709" version="1" order="39146">
              <Date>2022-08-18</Date>
              <DayTypeRef ref="VTR:DayType:32811" version="1"/>
            </DayTypeAssignment>
            <DayTypeAssignment id="VTR:DayTypeAssignment:32811_907706" version="1" order="39147">
              <Date>2022-08-24</Date>
              <DayTypeRef ref="VTR:DayType:32811" version="1"/>
            </DayTypeAssignment>
            <DayTypeAssignment id="VTR:DayTypeAssignment:32811_907696" version="1" order="39148">
              <Date>2022-08-02</Date>
              <DayTypeRef ref="VTR:DayType:32811" version="1"/>
            </DayTypeAssignment>
            <DayTypeAssignment id="VTR:DayTypeAssignment:32811_954330" version="1" order="39149">
              <Date>2023-04-20</Date>
              <DayTypeRef ref="VTR:DayType:32811" version="1"/>
            </DayTypeAssignment>
            <DayTypeAssignment id="VTR:DayTypeAssignment:32811_942894" version="1" order="39150">
              <Date>2023-02-16</Date>
              <DayTypeRef ref="VTR:DayType:32811" version="1"/>
            </DayTypeAssignment>
            <DayTypeAssignment id="VTR:DayTypeAssignment:32811_942893" version="1" order="39151">
              <Date>2023-02-15</Date>
              <DayTypeRef ref="VTR:DayType:32811" version="1"/>
            </DayTypeAssignment>
            <DayTypeAssignment id="VTR:DayTypeAssignment:32811_942892" version="1" order="39152">
              <Date>2023-02-14</Date>
              <DayTypeRef ref="VTR:DayType:32811" version="1"/>
            </DayTypeAssignment>
            <DayTypeAssignment id="VTR:DayTypeAssignment:32811_900737" version="1" order="39179">
              <Date>2022-07-04</Date>
              <DayTypeRef ref="VTR:DayType:32811" version="1"/>
            </DayTypeAssignment>
            <DayTypeAssignment id="VTR:DayTypeAssignment:32811_900730" version="1" order="39180">
              <Date>2022-07-09</Date>
              <DayTypeRef ref="VTR:DayType:32811" version="1"/>
            </DayTypeAssignment>
            <DayTypeAssignment id="VTR:DayTypeAssignment:32811_900727" version="1" order="39181">
              <Date>2022-07-22</Date>
              <DayTypeRef ref="VTR:DayType:32811" version="1"/>
            </DayTypeAssignment>
            <DayTypeAssignment id="VTR:DayTypeAssignment:32811_900724" version="1" order="39182">
              <Date>2022-07-08</Date>
              <DayTypeRef ref="VTR:DayType:32811" version="1"/>
            </DayTypeAssignment>
            <DayTypeAssignment id="VTR:DayTypeAssignment:32811_900715" version="1" order="39183">
              <Date>2022-07-19</Date>
              <DayTypeRef ref="VTR:DayType:32811" version="1"/>
            </DayTypeAssignment>
            <DayTypeAssignment id="VTR:DayTypeAssignment:32811_900713" version="1" order="39184">
              <Date>2022-07-05</Date>
              <DayTypeRef ref="VTR:DayType:32811" version="1"/>
            </DayTypeAssignment>
            <DayTypeAssignment id="VTR:DayTypeAssignment:32811_926487" version="1" order="39185">
              <Date>2022-11-03</Date>
              <DayTypeRef ref="VTR:DayType:32811" version="1"/>
            </DayTypeAssignment>
            <DayTypeAssignment id="VTR:DayTypeAssignment:32811_894945" version="1" order="39186">
              <Date>2022-06-24</Date>
              <DayTypeRef ref="VTR:DayType:32811" version="1"/>
            </DayTypeAssignment>
            <DayTypeAssignment id="VTR:DayTypeAssignment:32811_918757" version="1" order="39187">
              <Date>2022-06-22</Date>
              <DayTypeRef ref="VTR:DayType:32811" version="1"/>
            </DayTypeAssignment>
            <DayTypeAssignment id="VTR:DayTypeAssignment:32811_907713" version="1" order="39188">
              <Date>2022-08-19</Date>
              <DayTypeRef ref="VTR:DayType:32811" version="1"/>
            </DayTypeAssignment>
            <DayTypeAssignment id="VTR:DayTypeAssignment:32811_907704" version="1" order="39189">
              <Date>2022-08-17</Date>
              <DayTypeRef ref="VTR:DayType:32811" version="1"/>
            </DayTypeAssignment>
            <DayTypeAssignment id="VTR:DayTypeAssignment:32811_907693" version="1" order="39190">
              <Date>2022-08-08</Date>
              <DayTypeRef ref="VTR:DayType:32811" version="1"/>
            </DayTypeAssignment>
            <DayTypeAssignment id="VTR:DayTypeAssignment:32811_907690" version="1" order="39191">
              <Date>2022-08-21</Date>
              <DayTypeRef ref="VTR:DayType:32811" version="1"/>
            </DayTypeAssignment>
            <DayTypeAssignment id="VTR:DayTypeAssignment:32811_907689" version="1" order="39192">
              <Date>2022-08-14</Date>
              <DayTypeRef ref="VTR:DayType:32811" version="1"/>
            </DayTypeAssignment>
            <DayTypeAssignment id="VTR:DayTypeAssignment:32811_932130" version="1" order="39193">
              <Date>2022-12-29</Date>
              <DayTypeRef ref="VTR:DayType:32811" version="1"/>
            </DayTypeAssignment>
            <DayTypeAssignment id="VTR:DayTypeAssignment:32811_954331" version="1" order="39194">
              <Date>2023-04-21</Date>
              <DayTypeRef ref="VTR:DayType:32811" version="1"/>
            </DayTypeAssignment>
            <DayTypeAssignment id="VTR:DayTypeAssignment:32811_942891" version="1" order="39195">
              <Date>2023-02-19</Date>
              <DayTypeRef ref="VTR:DayType:32811" version="1"/>
            </DayTypeAssignment>
            <DayTypeAssignment id="VTR:DayTypeAssignment:32811_900739" version="1" order="39226">
              <Date>2022-07-11</Date>
              <DayTypeRef ref="VTR:DayType:32811" version="1"/>
            </DayTypeAssignment>
            <DayTypeAssignment id="VTR:DayTypeAssignment:32811_900735" version="1" order="39227">
              <Date>2022-07-10</Date>
              <DayTypeRef ref="VTR:DayType:32811" version="1"/>
            </DayTypeAssignment>
            <DayTypeAssignment id="VTR:DayTypeAssignment:32811_900723" version="1" order="39228">
              <Date>2022-07-21</Date>
              <DayTypeRef ref="VTR:DayType:32811" version="1"/>
            </DayTypeAssignment>
            <DayTypeAssignment id="VTR:DayTypeAssignment:32811_900714" version="1" order="39229">
              <Date>2022-07-12</Date>
              <DayTypeRef ref="VTR:DayType:32811" version="1"/>
            </DayTypeAssignment>
            <DayTypeAssignment id="VTR:DayTypeAssignment:32811_894948" version="1" order="39230">
              <Date>2022-06-26</Date>
              <DayTypeRef ref="VTR:DayType:32811" version="1"/>
            </DayTypeAssignment>
            <DayTypeAssignment id="VTR:DayTypeAssignment:32811_918770" version="1" order="39231">
              <Date>2022-06-12</Date>
              <DayTypeRef ref="VTR:DayType:32811" version="1"/>
            </DayTypeAssignment>
            <DayTypeAssignment id="VTR:DayTypeAssignment:32811_918766" version="1" order="39232">
              <Date>2022-06-11</Date>
              <DayTypeRef ref="VTR:DayType:32811" version="1"/>
            </DayTypeAssignment>
            <DayTypeAssignment id="VTR:DayTypeAssignment:32811_907715" version="1" order="39233">
              <Date>2022-08-26</Date>
              <DayTypeRef ref="VTR:DayType:32811" version="1"/>
            </DayTypeAssignment>
            <DayTypeAssignment id="VTR:DayTypeAssignment:32811_907711" version="1" order="39234">
              <Date>2022-08-05</Date>
              <DayTypeRef ref="VTR:DayType:32811" version="1"/>
            </DayTypeAssignment>
            <DayTypeAssignment id="VTR:DayTypeAssignment:32811_907699" version="1" order="39235">
              <Date>2022-08-16</Date>
              <DayTypeRef ref="VTR:DayType:32811" version="1"/>
            </DayTypeAssignment>
            <DayTypeAssignment id="VTR:DayTypeAssignment:32811_900732" version="1" order="39243">
              <Date>2022-07-03</Date>
              <DayTypeRef ref="VTR:DayType:32811" version="1"/>
            </DayTypeAssignment>
            <DayTypeAssignment id="VTR:DayTypeAssignment:32811_900725" version="1" order="39244">
              <Date>2022-07-28</Date>
              <DayTypeRef ref="VTR:DayType:32811" version="1"/>
            </DayTypeAssignment>
            <DayTypeAssignment id="VTR:DayTypeAssignment:32811_900719" version="1" order="39245">
              <Date>2022-07-20</Date>
              <DayTypeRef ref="VTR:DayType:32811" version="1"/>
            </DayTypeAssignment>
            <DayTypeAssignment id="VTR:DayTypeAssignment:32811_900718" version="1" order="39246">
              <Date>2022-07-13</Date>
              <DayTypeRef ref="VTR:DayType:32811" version="1"/>
            </DayTypeAssignment>
            <DayTypeAssignment id="VTR:DayTypeAssignment:32811_900717" version="1" order="39247">
              <Date>2022-07-26</Date>
              <DayTypeRef ref="VTR:DayType:32811" version="1"/>
            </DayTypeAssignment>
            <DayTypeAssignment id="VTR:DayTypeAssignment:32811_900712" version="1" order="39248">
              <Date>2022-07-25</Date>
              <DayTypeRef ref="VTR:DayType:32811" version="1"/>
            </DayTypeAssignment>
            <DayTypeAssignment id="VTR:DayTypeAssignment:32811_894950" version="1" order="39249">
              <Date>2022-06-28</Date>
              <DayTypeRef ref="VTR:DayType:32811" version="1"/>
            </DayTypeAssignment>
            <DayTypeAssignment id="VTR:DayTypeAssignment:32811_918771" version="1" order="39250">
              <Date>2022-06-19</Date>
              <DayTypeRef ref="VTR:DayType:32811" version="1"/>
            </DayTypeAssignment>
            <DayTypeAssignment id="VTR:DayTypeAssignment:32811_918767" version="1" order="39251">
              <Date>2022-06-18</Date>
              <DayTypeRef ref="VTR:DayType:32811" version="1"/>
            </DayTypeAssignment>
            <DayTypeAssignment id="VTR:DayTypeAssignment:32811_918763" version="1" order="39252">
              <Date>2022-06-10</Date>
              <DayTypeRef ref="VTR:DayType:32811" version="1"/>
            </DayTypeAssignment>
            <DayTypeAssignment id="VTR:DayTypeAssignment:32811_918759" version="1" order="39253">
              <Date>2022-06-09</Date>
              <DayTypeRef ref="VTR:DayType:32811" version="1"/>
            </DayTypeAssignment>
            <DayTypeAssignment id="VTR:DayTypeAssignment:32811_907707" version="1" order="39254">
              <Date>2022-08-11</Date>
              <DayTypeRef ref="VTR:DayType:32811" version="1"/>
            </DayTypeAssignment>
            <DayTypeAssignment id="VTR:DayTypeAssignment:32811_907705" version="1" order="39255">
              <Date>2022-08-04</Date>
              <DayTypeRef ref="VTR:DayType:32811" version="1"/>
            </DayTypeAssignment>
            <DayTypeAssignment id="VTR:DayTypeAssignment:32811_907702" version="1" order="39256">
              <Date>2022-08-30</Date>
              <DayTypeRef ref="VTR:DayType:32811" version="1"/>
            </DayTypeAssignment>
            <DayTypeAssignment id="VTR:DayTypeAssignment:32811_907701" version="1" order="39257">
              <Date>2022-08-03</Date>
              <DayTypeRef ref="VTR:DayType:32811" version="1"/>
            </DayTypeAssignment>
            <DayTypeAssignment id="VTR:DayTypeAssignment:32811_907694" version="1" order="39258">
              <Date>2022-08-15</Date>
              <DayTypeRef ref="VTR:DayType:32811" version="1"/>
            </DayTypeAssignment>
            <DayTypeAssignment id="VTR:DayTypeAssignment:32811_936261" version="1" order="39259">
              <Date>2023-01-01</Date>
              <DayTypeRef ref="VTR:DayType:32811" version="1"/>
            </DayTypeAssignment>
            <DayTypeAssignment id="VTR:DayTypeAssignment:32811_936257" version="1" order="39260">
              <Date>2023-01-04</Date>
              <DayTypeRef ref="VTR:DayType:32811" version="1"/>
            </DayTypeAssignment>
            <DayTypeAssignment id="VTR:DayTypeAssignment:32811_907697" version="1" order="39273">
              <Date>2022-08-09</Date>
              <DayTypeRef ref="VTR:DayType:32811" version="1"/>
            </DayTypeAssignment>
            <DayTypeAssignment id="VTR:DayTypeAssignment:32811_942896" version="1" order="39274">
              <Date>2023-02-18</Date>
              <DayTypeRef ref="VTR:DayType:32811" version="1"/>
            </DayTypeAssignment>
            <DayTypeAssignment id="VTR:DayTypeAssignment:32811_936260" version="1" order="39275">
              <Date>2023-01-07</Date>
              <DayTypeRef ref="VTR:DayType:32811" version="1"/>
            </DayTypeAssignment>
            <DayTypeAssignment id="VTR:DayTypeAssignment:32811_936259" version="1" order="39276">
              <Date>2023-01-06</Date>
              <DayTypeRef ref="VTR:DayType:32811" version="1"/>
            </DayTypeAssignment>
            <DayTypeAssignment id="VTR:DayTypeAssignment:32811_936258" version="1" order="39277">
              <Date>2023-01-05</Date>
              <DayTypeRef ref="VTR:DayType:32811" version="1"/>
            </DayTypeAssignment>
            <DayTypeAssignment id="VTR:DayTypeAssignment:32811_900738" version="1" order="39315">
              <Date>2022-07-24</Date>
              <DayTypeRef ref="VTR:DayType:32811" version="1"/>
            </DayTypeAssignment>
            <DayTypeAssignment id="VTR:DayTypeAssignment:32811_900734" version="1" order="39316">
              <Date>2022-07-30</Date>
              <DayTypeRef ref="VTR:DayType:32811" version="1"/>
            </DayTypeAssignment>
            <DayTypeAssignment id="VTR:DayTypeAssignment:32811_900731" version="1" order="39317">
              <Date>2022-07-16</Date>
              <DayTypeRef ref="VTR:DayType:32811" version="1"/>
            </DayTypeAssignment>
            <DayTypeAssignment id="VTR:DayTypeAssignment:32811_900721" version="1" order="39318">
              <Date>2022-07-07</Date>
              <DayTypeRef ref="VTR:DayType:32811" version="1"/>
            </DayTypeAssignment>
            <DayTypeAssignment id="VTR:DayTypeAssignment:32811_900720" version="1" order="39319">
              <Date>2022-07-27</Date>
              <DayTypeRef ref="VTR:DayType:32811" version="1"/>
            </DayTypeAssignment>
            <DayTypeAssignment id="VTR:DayTypeAssignment:32811_900716" version="1" order="39320">
              <Date>2022-07-06</Date>
              <DayTypeRef ref="VTR:DayType:32811" version="1"/>
            </DayTypeAssignment>
            <DayTypeAssignment id="VTR:DayTypeAssignment:32811_894947" version="1" order="39321">
              <Date>2022-06-25</Date>
              <DayTypeRef ref="VTR:DayType:32811" version="1"/>
            </DayTypeAssignment>
            <DayTypeAssignment id="VTR:DayTypeAssignment:32811_894943" version="1" order="39322">
              <Date>2022-06-29</Date>
              <DayTypeRef ref="VTR:DayType:32811" version="1"/>
            </DayTypeAssignment>
            <DayTypeAssignment id="VTR:DayTypeAssignment:32811_907708" version="1" order="39323">
              <Date>2022-08-31</Date>
              <DayTypeRef ref="VTR:DayType:32811" version="1"/>
            </DayTypeAssignment>
            <DayTypeAssignment id="VTR:DayTypeAssignment:32811_907703" version="1" order="39324">
              <Date>2022-08-10</Date>
              <DayTypeRef ref="VTR:DayType:32811" version="1"/>
            </DayTypeAssignment>
            <DayTypeAssignment id="VTR:DayTypeAssignment:32811_932133" version="1" order="39325">
              <Date>2022-12-27</Date>
              <DayTypeRef ref="VTR:DayType:32811" version="1"/>
            </DayTypeAssignment>
            <DayTypeAssignment id="VTR:DayTypeAssignment:32811_932132" version="1" order="39326">
              <Date>2022-12-31</Date>
              <DayTypeRef ref="VTR:DayType:32811" version="1"/>
            </DayTypeAssignment>
            <DayTypeAssignment id="VTR:DayTypeAssignment:32811_954332" version="1" order="39327">
              <Date>2023-04-22</Date>
              <DayTypeRef ref="VTR:DayType:32811" version="1"/>
            </DayTypeAssignment>
            <DayTypeAssignment id="VTR:DayTypeAssignment:32811_954329" version="1" order="39328">
              <Date>2023-04-19</Date>
              <DayTypeRef ref="VTR:DayType:32811" version="1"/>
            </DayTypeAssignment>
            <DayTypeAssignment id="VTR:DayTypeAssignment:32811_942895" version="1" order="39329">
              <Date>2023-02-17</Date>
              <DayTypeRef ref="VTR:DayType:32811" version="1"/>
            </DayTypeAssignment>
          </dayTypeAssignments>
        </ServiceCalendarFrame>
        <ServiceFrame id="VTR:ServiceFrame:1368" version="1">
          <Network version="0" id="VTR:Network:34"/>
          <routePoints>
            <RoutePoint version="1" id="VTR:RoutePoint:804262">
              <projections>
                <PointProjection version="1" id="VTR:PointProjection:2567">
                  <ProjectedPointRef ref="VTR:ScheduledStopPoint:804262" version="1"/>
                </PointProjection>
              </projections>
            </RoutePoint>
            <RoutePoint version="1" id="VTR:RoutePoint:804263">
              <projections>
                <PointProjection version="1" id="VTR:PointProjection:7021">
                  <ProjectedPointRef ref="VTR:ScheduledStopPoint:804263" version="1"/>
                </PointProjection>
              </projections>
            </RoutePoint>
            <RoutePoint version="1" id="VTR:RoutePoint:804264">
              <projections>
                <PointProjection version="1" id="VTR:PointProjection:6317">
                  <ProjectedPointRef ref="VTR:ScheduledStopPoint:804264" version="1"/>
                </PointProjection>
              </projections>
            </RoutePoint>
            <RoutePoint version="1" id="VTR:RoutePoint:804265">
              <projections>
                <PointProjection version="1" id="VTR:PointProjection:19106">
                  <ProjectedPointRef ref="VTR:ScheduledStopPoint:804265" version="1"/>
                </PointProjection>
              </projections>
            </RoutePoint>
            <RoutePoint version="1" id="VTR:RoutePoint:804266">
              <projections>
                <PointProjection version="1" id="VTR:PointProjection:50921">
                  <ProjectedPointRef ref="VTR:ScheduledStopPoint:804266" version="1"/>
                </PointProjection>
              </projections>
            </RoutePoint>
            <RoutePoint version="1" id="VTR:RoutePoint:804267">
              <projections>
                <PointProjection version="1" id="VTR:PointProjection:50922">
                  <ProjectedPointRef ref="VTR:ScheduledStopPoint:804267" version="1"/>
                </PointProjection>
              </projections>
            </RoutePoint>
            <RoutePoint version="1" id="VTR:RoutePoint:804268">
              <projections>
                <PointProjection version="1" id="VTR:PointProjection:50923">
                  <ProjectedPointRef ref="VTR:ScheduledStopPoint:804268" version="1"/>
                </PointProjection>
              </projections>
            </RoutePoint>
            <RoutePoint version="1" id="VTR:RoutePoint:804269">
              <projections>
                <PointProjection version="1" id="VTR:PointProjection:50924">
                  <ProjectedPointRef ref="VTR:ScheduledStopPoint:804269" version="1"/>
                </PointProjection>
              </projections>
            </RoutePoint>
            <RoutePoint version="1" id="VTR:RoutePoint:804270">
              <projections>
                <PointProjection version="1" id="VTR:PointProjection:50925">
                  <ProjectedPointRef ref="VTR:ScheduledStopPoint:804270" version="1"/>
                </PointProjection>
              </projections>
            </RoutePoint>
            <RoutePoint version="1" id="VTR:RoutePoint:804271">
              <projections>
                <PointProjection version="1" id="VTR:PointProjection:50926">
                  <ProjectedPointRef ref="VTR:ScheduledStopPoint:804271" version="1"/>
                </PointProjection>
              </projections>
            </RoutePoint>
            <RoutePoint version="1" id="VTR:RoutePoint:804272">
              <projections>
                <PointProjection version="1" id="VTR:PointProjection:50927">
                  <ProjectedPointRef ref="VTR:ScheduledStopPoint:804272" version="1"/>
                </PointProjection>
              </projections>
            </RoutePoint>
          </routePoints>
          <routes>
            <Route version="1" id="VTR:Route:14248">
              <Name>Utena - Kvykliai per Krylius</Name>
              <ShortName>Utena - Kvykliai per Krylius</ShortName>
              <LineRef ref="VTR:Line:1110" version="6039"/>
              <DirectionType>outbound</DirectionType>
              <pointsInSequence>
                <PointOnRoute version="1" id="VTR:PointOnRoute:804262" order="1">
                  <RoutePointRef ref="VTR:RoutePoint:804262"/>
                </PointOnRoute>
                <PointOnRoute version="1" id="VTR:PointOnRoute:804270" order="2">
                  <RoutePointRef ref="VTR:RoutePoint:804270"/>
                </PointOnRoute>
                <PointOnRoute version="1" id="VTR:PointOnRoute:804263" order="3">
                  <RoutePointRef ref="VTR:RoutePoint:804263"/>
                </PointOnRoute>
                <PointOnRoute version="1" id="VTR:PointOnRoute:804264" order="4">
                  <RoutePointRef ref="VTR:RoutePoint:804264"/>
                </PointOnRoute>
                <PointOnRoute version="1" id="VTR:PointOnRoute:804265" order="5">
                  <RoutePointRef ref="VTR:RoutePoint:804265"/>
                </PointOnRoute>
                <PointOnRoute version="1" id="VTR:PointOnRoute:804266" order="6">
                  <RoutePointRef ref="VTR:RoutePoint:804266"/>
                </PointOnRoute>
                <PointOnRoute version="1" id="VTR:PointOnRoute:804271" order="7">
                  <RoutePointRef ref="VTR:RoutePoint:804271"/>
                </PointOnRoute>
                <PointOnRoute version="1" id="VTR:PointOnRoute:804272" order="8">
                  <RoutePointRef ref="VTR:RoutePoint:804272"/>
                </PointOnRoute>
                <PointOnRoute version="1" id="VTR:PointOnRoute:804267" order="9">
                  <RoutePointRef ref="VTR:RoutePoint:804267"/>
                </PointOnRoute>
                <PointOnRoute version="1" id="VTR:PointOnRoute:804268" order="10">
                  <RoutePointRef ref="VTR:RoutePoint:804268"/>
                </PointOnRoute>
                <PointOnRoute version="1" id="VTR:PointOnRoute:804269" order="11">
                  <RoutePointRef ref="VTR:RoutePoint:804269"/>
                </PointOnRoute>
              </pointsInSequence>
            </Route>
          </routes>
          <lines>
            <Line version="6039" id="VTR:Line:1110">
              <Name>Utena - Kvykliai per Krylius</Name>
              <TransportMode>bus</TransportMode>
              <TransportSubmode>
                <BusSubmode>regionalBus</BusSubmode>
              </TransportSubmode>
              <PublicCode>52</PublicCode>
              <OperatorRef ref="VTR:Operator:34"/>
            </Line>
          </lines>
          <scheduledStopPoints>
            <ScheduledStopPoint version="1" id="VTR:ScheduledStopPoint:804262">
              <Name>Utenos autobusų stotis</Name>
            </ScheduledStopPoint>
            <ScheduledStopPoint version="1" id="VTR:ScheduledStopPoint:804263">
              <Name>Narkūnai</Name>
            </ScheduledStopPoint>
            <ScheduledStopPoint version="1" id="VTR:ScheduledStopPoint:804264">
              <Name>Viskėnai</Name>
            </ScheduledStopPoint>
            <ScheduledStopPoint version="1" id="VTR:ScheduledStopPoint:804265">
              <Name>Deguliai</Name>
            </ScheduledStopPoint>
            <ScheduledStopPoint version="1" id="VTR:ScheduledStopPoint:804266">
              <Name>Bulinskiai</Name>
            </ScheduledStopPoint>
            <ScheduledStopPoint version="1" id="VTR:ScheduledStopPoint:804267">
              <Name>Velbiškis</Name>
            </ScheduledStopPoint>
            <ScheduledStopPoint version="1" id="VTR:ScheduledStopPoint:804268">
              <Name>Papiškis</Name>
            </ScheduledStopPoint>
            <ScheduledStopPoint version="1" id="VTR:ScheduledStopPoint:804269">
              <Name>Kvykliai</Name>
            </ScheduledStopPoint>
            <ScheduledStopPoint version="1" id="VTR:ScheduledStopPoint:804270">
              <Name>Joneliškis</Name>
            </ScheduledStopPoint>
            <ScheduledStopPoint version="1" id="VTR:ScheduledStopPoint:804271">
              <Name>Kryliai</Name>
            </ScheduledStopPoint>
            <ScheduledStopPoint version="1" id="VTR:ScheduledStopPoint:804272">
              <Name>Bulinskiai</Name>
            </ScheduledStopPoint>
          </scheduledStopPoints>
          <serviceLinks>
            <ServiceLink id="VTR:ServiceLink:804262_1_804270_1" version="1">
              <Distance>3</Distance>
              <FromPointRef ref="VTR:ScheduledStopPoint:804262" version="1"/>
              <ToPointRef ref="VTR:ScheduledStopPoint:804270" version="1"/>
            </ServiceLink>
            <ServiceLink id="VTR:ServiceLink:804266_1_804271_1" version="1">
              <Distance>0</Distance>
              <FromPointRef ref="VTR:ScheduledStopPoint:804266" version="1"/>
              <ToPointRef ref="VTR:ScheduledStopPoint:804271" version="1"/>
            </ServiceLink>
            <ServiceLink id="VTR:ServiceLink:804264_1_804265_1" version="1">
              <Distance>1</Distance>
              <FromPointRef ref="VTR:ScheduledStopPoint:804264" version="1"/>
              <ToPointRef ref="VTR:ScheduledStopPoint:804265" version="1"/>
            </ServiceLink>
            <ServiceLink id="VTR:ServiceLink:804265_1_804266_1" version="1">
              <Distance>2</Distance>
              <FromPointRef ref="VTR:ScheduledStopPoint:804265" version="1"/>
              <ToPointRef ref="VTR:ScheduledStopPoint:804266" version="1"/>
            </ServiceLink>
            <ServiceLink id="VTR:ServiceLink:804270_1_804263_1" version="1">
              <Distance>3</Distance>
              <FromPointRef ref="VTR:ScheduledStopPoint:804270" version="1"/>
              <ToPointRef ref="VTR:ScheduledStopPoint:804263" version="1"/>
            </ServiceLink>
            <ServiceLink id="VTR:ServiceLink:804263_1_804264_1" version="1">
              <Distance>2</Distance>
              <FromPointRef ref="VTR:ScheduledStopPoint:804263" version="1"/>
              <ToPointRef ref="VTR:ScheduledStopPoint:804264" version="1"/>
            </ServiceLink>
            <ServiceLink id="VTR:ServiceLink:804272_1_804267_1" version="1">
              <Distance>0</Distance>
              <FromPointRef ref="VTR:ScheduledStopPoint:804272" version="1"/>
              <ToPointRef ref="VTR:ScheduledStopPoint:804267" version="1"/>
            </ServiceLink>
            <ServiceLink id="VTR:ServiceLink:804271_1_804272_1" version="1">
              <Distance>0</Distance>
              <FromPointRef ref="VTR:ScheduledStopPoint:804271" version="1"/>
              <ToPointRef ref="VTR:ScheduledStopPoint:804272" version="1"/>
            </ServiceLink>
            <ServiceLink id="VTR:ServiceLink:804267_1_804268_1" version="1">
              <Distance>1</Distance>
              <FromPointRef ref="VTR:ScheduledStopPoint:804267" version="1"/>
              <ToPointRef ref="VTR:ScheduledStopPoint:804268" version="1"/>
            </ServiceLink>
            <ServiceLink id="VTR:ServiceLink:804268_1_804269_1" version="1">
              <Distance>2</Distance>
              <FromPointRef ref="VTR:ScheduledStopPoint:804268" version="1"/>
              <ToPointRef ref="VTR:ScheduledStopPoint:804269" version="1"/>
            </ServiceLink>
          </serviceLinks>
          <stopAssignments>
            <PassengerStopAssignment order="1424800000" id="VTR:PassengerStopAssignment:804262" version="1">
              <ScheduledStopPointRef ref="VTR:ScheduledStopPoint:804262" version="1"/>
              <QuayRef ref="VTR:Quay:19480"/>
            </PassengerStopAssignment>
            <PassengerStopAssignment order="1424800001" id="VTR:PassengerStopAssignment:804270" version="1">
              <ScheduledStopPointRef ref="VTR:ScheduledStopPoint:804270" version="1"/>
              <QuayRef ref="VTR:Quay:21301"/>
            </PassengerStopAssignment>
            <PassengerStopAssignment order="1424800002" id="VTR:PassengerStopAssignment:804263" version="1">
              <ScheduledStopPointRef ref="VTR:ScheduledStopPoint:804263" version="1"/>
              <QuayRef ref="VTR:Quay:5420"/>
            </PassengerStopAssignment>
            <PassengerStopAssignment order="1424800003" id="VTR:PassengerStopAssignment:804264" version="1">
              <ScheduledStopPointRef ref="VTR:ScheduledStopPoint:804264" version="1"/>
              <QuayRef ref="VTR:Quay:7381"/>
            </PassengerStopAssignment>
            <PassengerStopAssignment order="1424800004" id="VTR:PassengerStopAssignment:804265" version="1">
              <ScheduledStopPointRef ref="VTR:ScheduledStopPoint:804265" version="1"/>
              <QuayRef ref="VTR:Quay:14435"/>
            </PassengerStopAssignment>
            <PassengerStopAssignment order="1424800005" id="VTR:PassengerStopAssignment:804266" version="1">
              <ScheduledStopPointRef ref="VTR:ScheduledStopPoint:804266" version="1"/>
              <QuayRef ref="VTR:Quay:15359"/>
            </PassengerStopAssignment>
            <PassengerStopAssignment order="1424800006" id="VTR:PassengerStopAssignment:804271" version="1">
              <ScheduledStopPointRef ref="VTR:ScheduledStopPoint:804271" version="1"/>
              <QuayRef ref="VTR:Quay:21302"/>
            </PassengerStopAssignment>
            <PassengerStopAssignment order="1424800007" id="VTR:PassengerStopAssignment:804272" version="1">
              <ScheduledStopPointRef ref="VTR:ScheduledStopPoint:804272" version="1"/>
              <QuayRef ref="VTR:Quay:12355"/>
            </PassengerStopAssignment>
            <PassengerStopAssignment order="1424800008" id="VTR:PassengerStopAssignment:804267" version="1">
              <ScheduledStopPointRef ref="VTR:ScheduledStopPoint:804267" version="1"/>
              <QuayRef ref="VTR:Quay:13300"/>
            </PassengerStopAssignment>
            <PassengerStopAssignment order="1424800009" id="VTR:PassengerStopAssignment:804268" version="1">
              <ScheduledStopPointRef ref="VTR:ScheduledStopPoint:804268" version="1"/>
              <QuayRef ref="VTR:Quay:10499"/>
            </PassengerStopAssignment>
            <PassengerStopAssignment order="1424800010" id="VTR:PassengerStopAssignment:804269" version="1">
              <ScheduledStopPointRef ref="VTR:ScheduledStopPoint:804269" version="1"/>
              <QuayRef ref="VTR:Quay:19988"/>
            </PassengerStopAssignment>
          </stopAssignments>
          <journeyPatterns>
            <JourneyPattern id="VTR:JourneyPattern:4936314" version="4939583">
              <Name>2</Name>
              <RouteRef ref="VTR:Route:14248" version="1"/>
              <pointsInSequence>
                <StopPointInJourneyPattern id="VTR:StopPointInJourneyPattern:172561259" version="4939583" order="1">
                  <ScheduledStopPointRef ref="VTR:ScheduledStopPoint:804262"/>
                  <DestinationDisplayRef ref="VTR:DestinationDisplay:1"/>
                </StopPointInJourneyPattern>
                <StopPointInJourneyPattern id="VTR:StopPointInJourneyPattern:172561260" version="4939583" order="2">
                  <ScheduledStopPointRef ref="VTR:ScheduledStopPoint:804270"/>
                  <DestinationDisplayRef ref="VTR:DestinationDisplay:1"/>
                </StopPointInJourneyPattern>
                <StopPointInJourneyPattern id="VTR:StopPointInJourneyPattern:172561261" version="4939583" order="3">
                  <ScheduledStopPointRef ref="VTR:ScheduledStopPoint:804263"/>
                  <DestinationDisplayRef ref="VTR:DestinationDisplay:1"/>
                </StopPointInJourneyPattern>
                <StopPointInJourneyPattern id="VTR:StopPointInJourneyPattern:172561262" version="4939583" order="4">
                  <ScheduledStopPointRef ref="VTR:ScheduledStopPoint:804264"/>
                  <DestinationDisplayRef ref="VTR:DestinationDisplay:1"/>
                </StopPointInJourneyPattern>
                <StopPointInJourneyPattern id="VTR:StopPointInJourneyPattern:172561263" version="4939583" order="5">
                  <ScheduledStopPointRef ref="VTR:ScheduledStopPoint:804265"/>
                  <DestinationDisplayRef ref="VTR:DestinationDisplay:1"/>
                </StopPointInJourneyPattern>
                <StopPointInJourneyPattern id="VTR:StopPointInJourneyPattern:172561264" version="4939583" order="6">
                  <ScheduledStopPointRef ref="VTR:ScheduledStopPoint:804266"/>
                  <DestinationDisplayRef ref="VTR:DestinationDisplay:1"/>
                </StopPointInJourneyPattern>
                <StopPointInJourneyPattern id="VTR:StopPointInJourneyPattern:172561265" version="4939583" order="7">
                  <ScheduledStopPointRef ref="VTR:ScheduledStopPoint:804271"/>
                  <DestinationDisplayRef ref="VTR:DestinationDisplay:1"/>
                </StopPointInJourneyPattern>
                <StopPointInJourneyPattern id="VTR:StopPointInJourneyPattern:172561266" version="4939583" order="8">
                  <ScheduledStopPointRef ref="VTR:ScheduledStopPoint:804272"/>
                  <DestinationDisplayRef ref="VTR:DestinationDisplay:1"/>
                </StopPointInJourneyPattern>
                <StopPointInJourneyPattern id="VTR:StopPointInJourneyPattern:172561267" version="4939583" order="9">
                  <ScheduledStopPointRef ref="VTR:ScheduledStopPoint:804267"/>
                  <DestinationDisplayRef ref="VTR:DestinationDisplay:1"/>
                </StopPointInJourneyPattern>
                <StopPointInJourneyPattern id="VTR:StopPointInJourneyPattern:172561268" version="4939583" order="10">
                  <ScheduledStopPointRef ref="VTR:ScheduledStopPoint:804268"/>
                  <DestinationDisplayRef ref="VTR:DestinationDisplay:1"/>
                </StopPointInJourneyPattern>
                <StopPointInJourneyPattern id="VTR:StopPointInJourneyPattern:172561269" version="4939583" order="11">
                  <ScheduledStopPointRef ref="VTR:ScheduledStopPoint:804269"/>
                  <DestinationDisplayRef ref="VTR:DestinationDisplay:1"/>
                </StopPointInJourneyPattern>
              </pointsInSequence>
            </JourneyPattern>
          </journeyPatterns>
        </ServiceFrame>
        <TimetableFrame version="1" id="VTR:TimetableFrame:1368">
          <vehicleJourneys>
            <ServiceJourney version="4939583" id="VTR:ServiceJourney:4936314">
              <Name>Utena - Kvykliai per Krylius</Name>
              <PrivateCode>2</PrivateCode>
              <dayTypes>
                <DayTypeRef ref="VTR:DayType:32811"/>
              </dayTypes>
              <JourneyPatternRef version="4939583" ref="VTR:JourneyPattern:4936314"/>
              <OperatorRef ref="VTR:Operator:534"/>
              <LineRef ref="VTR:Line:1110" version="6039"/>
              <passingTimes>
                <TimetabledPassingTime version="4939583" id="VTR:TimetabledPassingTime:4936314_172561259_1">
                  <StopPointInJourneyPatternRef ref="VTR:StopPointInJourneyPattern:172561259" version="4939583"/>
                  <DepartureTime>06:51:00</DepartureTime>
                  <DepartureDayOffset>0</DepartureDayOffset>
                </TimetabledPassingTime>
                <TimetabledPassingTime version="4939583" id="VTR:TimetabledPassingTime:4936314_172561260_2">
                  <StopPointInJourneyPatternRef ref="VTR:StopPointInJourneyPattern:172561260" version="4939583"/>
                  <DepartureTime>06:58:00</DepartureTime>
                  <DepartureDayOffset>0</DepartureDayOffset>
                </TimetabledPassingTime>
                <TimetabledPassingTime version="4939583" id="VTR:TimetabledPassingTime:4936314_172561261_3">
                  <StopPointInJourneyPatternRef ref="VTR:StopPointInJourneyPattern:172561261" version="4939583"/>
                  <DepartureTime>07:04:00</DepartureTime>
                  <DepartureDayOffset>0</DepartureDayOffset>
                </TimetabledPassingTime>
                <TimetabledPassingTime version="4939583" id="VTR:TimetabledPassingTime:4936314_172561262_4">
                  <StopPointInJourneyPatternRef ref="VTR:StopPointInJourneyPattern:172561262" version="4939583"/>
                  <DepartureTime>07:08:00</DepartureTime>
                  <DepartureDayOffset>0</DepartureDayOffset>
                </TimetabledPassingTime>
                <TimetabledPassingTime version="4939583" id="VTR:TimetabledPassingTime:4936314_172561263_5">
                  <StopPointInJourneyPatternRef ref="VTR:StopPointInJourneyPattern:172561263" version="4939583"/>
                  <DepartureTime>07:10:00</DepartureTime>
                  <DepartureDayOffset>0</DepartureDayOffset>
                </TimetabledPassingTime>
                <TimetabledPassingTime version="4939583" id="VTR:TimetabledPassingTime:4936314_172561264_6">
                  <StopPointInJourneyPatternRef ref="VTR:StopPointInJourneyPattern:172561264" version="4939583"/>
                  <DepartureTime>07:14:00</DepartureTime>
                  <DepartureDayOffset>0</DepartureDayOffset>
                </TimetabledPassingTime>
                <TimetabledPassingTime version="4939583" id="VTR:TimetabledPassingTime:4936314_172561265_7">
                  <StopPointInJourneyPatternRef ref="VTR:StopPointInJourneyPattern:172561265" version="4939583"/>
                  <DepartureTime>07:17:00</DepartureTime>
                  <DepartureDayOffset>0</DepartureDayOffset>
                </TimetabledPassingTime>
                <TimetabledPassingTime version="4939583" id="VTR:TimetabledPassingTime:4936314_172561266_8">
                  <StopPointInJourneyPatternRef ref="VTR:StopPointInJourneyPattern:172561266" version="4939583"/>
                  <DepartureTime>07:20:00</DepartureTime>
                  <DepartureDayOffset>0</DepartureDayOffset>
                </TimetabledPassingTime>
                <TimetabledPassingTime version="4939583" id="VTR:TimetabledPassingTime:4936314_172561267_9">
                  <StopPointInJourneyPatternRef ref="VTR:StopPointInJourneyPattern:172561267" version="4939583"/>
                  <DepartureTime>07:21:00</DepartureTime>
                  <DepartureDayOffset>0</DepartureDayOffset>
                </TimetabledPassingTime>
                <TimetabledPassingTime version="4939583" id="VTR:TimetabledPassingTime:4936314_172561268_10">
                  <StopPointInJourneyPatternRef ref="VTR:StopPointInJourneyPattern:172561268" version="4939583"/>
                  <DepartureTime>07:24:00</DepartureTime>
                  <DepartureDayOffset>0</DepartureDayOffset>
                </TimetabledPassingTime>
                <TimetabledPassingTime version="4939583" id="VTR:TimetabledPassingTime:4936314_172561269_11">
                  <StopPointInJourneyPatternRef ref="VTR:StopPointInJourneyPattern:172561269" version="4939583"/>
                  <DepartureTime>07:28:00</DepartureTime>
                  <DepartureDayOffset>0</DepartureDayOffset>
                </TimetabledPassingTime>
              </passingTimes>
            </ServiceJourney>
          </vehicleJourneys>
        </TimetableFrame>
        <ResourceFrame version="1" id="VTR:ResourceFrame:1368">
          <organisations>
            <Authority version="1" id="VTR:Authority:34">
              <CompanyNumber>82</CompanyNumber>
              <Name>Utenos r. sav.</Name>
              <LegalName>Utenos r. sav.</LegalName>
              <ContactDetails>
                <Email>info@utena.lt</Email>
                <Phone>838961620</Phone>
                <Url>www.utena.lt</Url>
              </ContactDetails>
              <OrganisationType>authority</OrganisationType>
            </Authority>
          </organisations>
        </ResourceFrame>
        <FareFrame id="VTR:FareFrame:1110" version="1">
          <FrameDefaults>
            <DefaultCurrency>EUR</DefaultCurrency>
          </FrameDefaults>
          <timeUnits>
            <TimeUnit id="VTR:TimeUnit:tu1" version="1">
              <Name>Time unit of 1 hour</Name>
            </TimeUnit>
          </timeUnits>
          <tariffs>
            <Tariff id="VTR:Tariff:timeInterval_1110" version="1">
              <Name>Time based fare</Name>
              <TimeUnitRef ref="VTR:TimeUnit:tu1" version="1"/>
              <timeIntervals>
                <TimeInterval id="VTR:TimeInterval:ti_0.4h" version="1">
                  <Name>0.4 Hour</Name>
                  <Duration>PT24M</Duration>
                  <timeStructureFactors>
                    <TimeStructureFactor id="VTR:TimeStructureFactor:tsf_0.4h" version="1">
                      <Name>0.4 hour use</Name>
                      <TimeUnitRef ref="VTR:TimeUnit:tu1" version="1"/>
                    </TimeStructureFactor>
                  </timeStructureFactors>
                </TimeInterval>
              </timeIntervals>
              <fareStructureElements>
                <FareStructureElement id="VTR:FareStructureElement:periods" version="1">
                  <Name>Allowed uses use of a public transport</Name>
                  <timeStructureFactors>
                    <TimeStructureFactorRef ref="VTR:TimeStructureFactor:tsf_0.4h" version="1"/>
                  </timeStructureFactors>
                </FareStructureElement>
              </fareStructureElements>
            </Tariff>
          </tariffs>
          <usageParameters>
            <FrequencyOfUse id="VTR:FrequencyOfUse:unlimited" version="1">
              <Name>transfers</Name>
              <FrequencyOfUseType>unlimited</FrequencyOfUseType>
            </FrequencyOfUse>
            <UsageValidityPeriod id="VTR:UsageValidityPeriod:0.4h" version="1">
              <Name>0.4 hour use</Name>
              <UsageEnd>standardDuration</UsageEnd>
              <StandardDuration>PT24M</StandardDuration>
            </UsageValidityPeriod>
          </usageParameters>
          <priceGroups>
            <PriceGroup id="VTR:PriceGroup:PG01" version="1">
              <Name>Prices for Time Interval Fare Products - Standard</Name>
              <members>
                <TimeIntervalPrice id="VTR:TimeIntervalPrice:tip_0.4h" version="1">
                  <Amount>0.6</Amount>
                  <TimeIntervalRef ref="VTR:TimeInterval:ti_0.4h" version="1"/>
                </TimeIntervalPrice>
              </members>
            </PriceGroup>
          </priceGroups>
        </FareFrame>
      </frames>
    </CompositeFrame>
  </dataObjects>
</PublicationDelivery>
