<?xml version="1.0" encoding="UTF-8"?><PublicationDelivery xmlns="http://www.netex.org.uk/netex" xmlns:gis="http://www.opengis.net/gml/3.2" xmlns:ns2="http://www.opengis.net/gml/3.2" xmlns:ns3="http://www.siri.org.uk/siri" xmlns:xsi="http://www.w3.org/2001/XMLSchema-instance" version="1" xsi:schemaLocation="">
  <PublicationTimestamp>2022-05-07T02:15:00.272</PublicationTimestamp>
  <ParticipantRef>VTR</ParticipantRef>
  <Description>1</Description>
  <dataObjects>
    <CompositeFrame created="2022-05-07T02:15:00.272" version="1" id="VTR:CompositeFrame:1368">
      <validityConditions>
        <AvailabilityCondition version="1" id="VTR:AvailabilityCondition:1368">
          <FromDate>2018-12-12T02:00:00</FromDate>
          <ToDate>2023-03-01T00:00:00</ToDate>
        </AvailabilityCondition>
      </validityConditions>
      <codespaces>
        <Codespace id="vtr">
          <Xmlns>VTR</Xmlns>
          <XmlnsUrl>http://www.visimarsrutai.lt/</XmlnsUrl>
        </Codespace>
      </codespaces>
      <FrameDefaults>
        <DefaultLocale>
          <TimeZone>Europe/Vilnius</TimeZone>
        </DefaultLocale>
        <DefaultLocationSystem>WGS84</DefaultLocationSystem>
      </FrameDefaults>
      <frames>
        <ServiceCalendarFrame version="1" id="VTR:ServiceCalendarFrame:1368">
          <dayTypes>
            <DayType id="VTR:DayType:2602" version="1">
              <properties>
                <PropertyOfDay>
                  <DaysOfWeek>Monday Tuesday Wednesday Thursday Friday</DaysOfWeek>
                </PropertyOfDay>
              </properties>
            </DayType>
          </dayTypes>
          <operatingPeriods>
            <OperatingPeriod version="1" id="VTR:OperatingPeriod:2602">
              <FromDate>2017-10-01T00:00:00</FromDate>
              <ToDate>2033-03-03T00:00:00</ToDate>
            </OperatingPeriod>
          </operatingPeriods>
          <dayTypeAssignments>
            <DayTypeAssignment id="VTR:DayTypeAssignment:2602_0" version="1" order="2114">
              <OperatingPeriodRef ref="VTR:OperatingPeriod:2602" version="1"/>
              <DayTypeRef ref="VTR:DayType:2602" version="1"/>
            </DayTypeAssignment>
          </dayTypeAssignments>
        </ServiceCalendarFrame>
        <ServiceFrame id="VTR:ServiceFrame:1368" version="1">
          <Network version="0" id="VTR:Network:34"/>
          <routePoints>
            <RoutePoint version="1" id="VTR:RoutePoint:1468242">
              <projections>
                <PointProjection version="1" id="VTR:PointProjection:1599">
                  <ProjectedPointRef ref="VTR:ScheduledStopPoint:1468242" version="1"/>
                </PointProjection>
              </projections>
            </RoutePoint>
            <RoutePoint version="1" id="VTR:RoutePoint:1468243">
              <projections>
                <PointProjection version="1" id="VTR:PointProjection:1856">
                  <ProjectedPointRef ref="VTR:ScheduledStopPoint:1468243" version="1"/>
                </PointProjection>
              </projections>
            </RoutePoint>
            <RoutePoint version="1" id="VTR:RoutePoint:1468244">
              <projections>
                <PointProjection version="1" id="VTR:PointProjection:2194">
                  <ProjectedPointRef ref="VTR:ScheduledStopPoint:1468244" version="1"/>
                </PointProjection>
              </projections>
            </RoutePoint>
            <RoutePoint version="1" id="VTR:RoutePoint:1468245">
              <projections>
                <PointProjection version="1" id="VTR:PointProjection:195">
                  <ProjectedPointRef ref="VTR:ScheduledStopPoint:1468245" version="1"/>
                </PointProjection>
              </projections>
            </RoutePoint>
            <RoutePoint version="1" id="VTR:RoutePoint:1468246">
              <projections>
                <PointProjection version="1" id="VTR:PointProjection:58496">
                  <ProjectedPointRef ref="VTR:ScheduledStopPoint:1468246" version="1"/>
                </PointProjection>
              </projections>
            </RoutePoint>
            <RoutePoint version="1" id="VTR:RoutePoint:1468247">
              <projections>
                <PointProjection version="1" id="VTR:PointProjection:63913">
                  <ProjectedPointRef ref="VTR:ScheduledStopPoint:1468247" version="1"/>
                </PointProjection>
              </projections>
            </RoutePoint>
            <RoutePoint version="1" id="VTR:RoutePoint:1468248">
              <projections>
                <PointProjection version="1" id="VTR:PointProjection:63914">
                  <ProjectedPointRef ref="VTR:ScheduledStopPoint:1468248" version="1"/>
                </PointProjection>
              </projections>
            </RoutePoint>
            <RoutePoint version="1" id="VTR:RoutePoint:1468249">
              <projections>
                <PointProjection version="1" id="VTR:PointProjection:63915">
                  <ProjectedPointRef ref="VTR:ScheduledStopPoint:1468249" version="1"/>
                </PointProjection>
              </projections>
            </RoutePoint>
            <RoutePoint version="1" id="VTR:RoutePoint:1468250">
              <projections>
                <PointProjection version="1" id="VTR:PointProjection:63916">
                  <ProjectedPointRef ref="VTR:ScheduledStopPoint:1468250" version="1"/>
                </PointProjection>
              </projections>
            </RoutePoint>
            <RoutePoint version="1" id="VTR:RoutePoint:1468251">
              <projections>
                <PointProjection version="1" id="VTR:PointProjection:63917">
                  <ProjectedPointRef ref="VTR:ScheduledStopPoint:1468251" version="1"/>
                </PointProjection>
              </projections>
            </RoutePoint>
            <RoutePoint version="1" id="VTR:RoutePoint:1468252">
              <projections>
                <PointProjection version="1" id="VTR:PointProjection:63918">
                  <ProjectedPointRef ref="VTR:ScheduledStopPoint:1468252" version="1"/>
                </PointProjection>
              </projections>
            </RoutePoint>
            <RoutePoint version="1" id="VTR:RoutePoint:1468253">
              <projections>
                <PointProjection version="1" id="VTR:PointProjection:63919">
                  <ProjectedPointRef ref="VTR:ScheduledStopPoint:1468253" version="1"/>
                </PointProjection>
              </projections>
            </RoutePoint>
            <RoutePoint version="1" id="VTR:RoutePoint:1468254">
              <projections>
                <PointProjection version="1" id="VTR:PointProjection:63948">
                  <ProjectedPointRef ref="VTR:ScheduledStopPoint:1468254" version="1"/>
                </PointProjection>
              </projections>
            </RoutePoint>
            <RoutePoint version="1" id="VTR:RoutePoint:1468255">
              <projections>
                <PointProjection version="1" id="VTR:PointProjection:64013">
                  <ProjectedPointRef ref="VTR:ScheduledStopPoint:1468255" version="1"/>
                </PointProjection>
              </projections>
            </RoutePoint>
            <RoutePoint version="1" id="VTR:RoutePoint:1468256">
              <projections>
                <PointProjection version="1" id="VTR:PointProjection:64014">
                  <ProjectedPointRef ref="VTR:ScheduledStopPoint:1468256" version="1"/>
                </PointProjection>
              </projections>
            </RoutePoint>
            <RoutePoint version="1" id="VTR:RoutePoint:1468257">
              <projections>
                <PointProjection version="1" id="VTR:PointProjection:64015">
                  <ProjectedPointRef ref="VTR:ScheduledStopPoint:1468257" version="1"/>
                </PointProjection>
              </projections>
            </RoutePoint>
            <RoutePoint version="1" id="VTR:RoutePoint:1468258">
              <projections>
                <PointProjection version="1" id="VTR:PointProjection:68901">
                  <ProjectedPointRef ref="VTR:ScheduledStopPoint:1468258" version="1"/>
                </PointProjection>
              </projections>
            </RoutePoint>
            <RoutePoint version="1" id="VTR:RoutePoint:1468259">
              <projections>
                <PointProjection version="1" id="VTR:PointProjection:68902">
                  <ProjectedPointRef ref="VTR:ScheduledStopPoint:1468259" version="1"/>
                </PointProjection>
              </projections>
            </RoutePoint>
            <RoutePoint version="1" id="VTR:RoutePoint:1468260">
              <projections>
                <PointProjection version="1" id="VTR:PointProjection:68903">
                  <ProjectedPointRef ref="VTR:ScheduledStopPoint:1468260" version="1"/>
                </PointProjection>
              </projections>
            </RoutePoint>
            <RoutePoint version="1" id="VTR:RoutePoint:1468261">
              <projections>
                <PointProjection version="1" id="VTR:PointProjection:68904">
                  <ProjectedPointRef ref="VTR:ScheduledStopPoint:1468261" version="1"/>
                </PointProjection>
              </projections>
            </RoutePoint>
            <RoutePoint version="1" id="VTR:RoutePoint:1468262">
              <projections>
                <PointProjection version="1" id="VTR:PointProjection:68905">
                  <ProjectedPointRef ref="VTR:ScheduledStopPoint:1468262" version="1"/>
                </PointProjection>
              </projections>
            </RoutePoint>
            <RoutePoint version="1" id="VTR:RoutePoint:1468263">
              <projections>
                <PointProjection version="1" id="VTR:PointProjection:68906">
                  <ProjectedPointRef ref="VTR:ScheduledStopPoint:1468263" version="1"/>
                </PointProjection>
              </projections>
            </RoutePoint>
            <RoutePoint version="1" id="VTR:RoutePoint:1468264">
              <projections>
                <PointProjection version="1" id="VTR:PointProjection:68907">
                  <ProjectedPointRef ref="VTR:ScheduledStopPoint:1468264" version="1"/>
                </PointProjection>
              </projections>
            </RoutePoint>
            <RoutePoint version="1" id="VTR:RoutePoint:1468265">
              <projections>
                <PointProjection version="1" id="VTR:PointProjection:68908">
                  <ProjectedPointRef ref="VTR:ScheduledStopPoint:1468265" version="1"/>
                </PointProjection>
              </projections>
            </RoutePoint>
            <RoutePoint version="1" id="VTR:RoutePoint:1468266">
              <projections>
                <PointProjection version="1" id="VTR:PointProjection:68909">
                  <ProjectedPointRef ref="VTR:ScheduledStopPoint:1468266" version="1"/>
                </PointProjection>
              </projections>
            </RoutePoint>
            <RoutePoint version="1" id="VTR:RoutePoint:1468267">
              <projections>
                <PointProjection version="1" id="VTR:PointProjection:68910">
                  <ProjectedPointRef ref="VTR:ScheduledStopPoint:1468267" version="1"/>
                </PointProjection>
              </projections>
            </RoutePoint>
            <RoutePoint version="1" id="VTR:RoutePoint:1468268">
              <projections>
                <PointProjection version="1" id="VTR:PointProjection:68911">
                  <ProjectedPointRef ref="VTR:ScheduledStopPoint:1468268" version="1"/>
                </PointProjection>
              </projections>
            </RoutePoint>
            <RoutePoint version="1" id="VTR:RoutePoint:1468269">
              <projections>
                <PointProjection version="1" id="VTR:PointProjection:68912">
                  <ProjectedPointRef ref="VTR:ScheduledStopPoint:1468269" version="1"/>
                </PointProjection>
              </projections>
            </RoutePoint>
            <RoutePoint version="1" id="VTR:RoutePoint:1468270">
              <projections>
                <PointProjection version="1" id="VTR:PointProjection:68913">
                  <ProjectedPointRef ref="VTR:ScheduledStopPoint:1468270" version="1"/>
                </PointProjection>
              </projections>
            </RoutePoint>
            <RoutePoint version="1" id="VTR:RoutePoint:1468271">
              <projections>
                <PointProjection version="1" id="VTR:PointProjection:68914">
                  <ProjectedPointRef ref="VTR:ScheduledStopPoint:1468271" version="1"/>
                </PointProjection>
              </projections>
            </RoutePoint>
            <RoutePoint version="1" id="VTR:RoutePoint:1468272">
              <projections>
                <PointProjection version="1" id="VTR:PointProjection:68915">
                  <ProjectedPointRef ref="VTR:ScheduledStopPoint:1468272" version="1"/>
                </PointProjection>
              </projections>
            </RoutePoint>
            <RoutePoint version="1" id="VTR:RoutePoint:1468273">
              <projections>
                <PointProjection version="1" id="VTR:PointProjection:68916">
                  <ProjectedPointRef ref="VTR:ScheduledStopPoint:1468273" version="1"/>
                </PointProjection>
              </projections>
            </RoutePoint>
          </routePoints>
          <routes>
            <Route version="1" id="VTR:Route:18301">
              <Name>UAB „STRAPA“ -  AUKŠTAKALNIS</Name>
              <ShortName>UAB „STRAPA“ -  AUKŠTAKALNIS</ShortName>
              <LineRef ref="VTR:Line:6459" version="8145"/>
              <DirectionType>inbound</DirectionType>
              <pointsInSequence>
                <PointOnRoute version="1" id="VTR:PointOnRoute:1468258" order="1">
                  <RoutePointRef ref="VTR:RoutePoint:1468258"/>
                </PointOnRoute>
                <PointOnRoute version="1" id="VTR:PointOnRoute:1468259" order="2">
                  <RoutePointRef ref="VTR:RoutePoint:1468259"/>
                </PointOnRoute>
                <PointOnRoute version="1" id="VTR:PointOnRoute:1468260" order="3">
                  <RoutePointRef ref="VTR:RoutePoint:1468260"/>
                </PointOnRoute>
                <PointOnRoute version="1" id="VTR:PointOnRoute:1468261" order="4">
                  <RoutePointRef ref="VTR:RoutePoint:1468261"/>
                </PointOnRoute>
                <PointOnRoute version="1" id="VTR:PointOnRoute:1468262" order="5">
                  <RoutePointRef ref="VTR:RoutePoint:1468262"/>
                </PointOnRoute>
                <PointOnRoute version="1" id="VTR:PointOnRoute:1468263" order="6">
                  <RoutePointRef ref="VTR:RoutePoint:1468263"/>
                </PointOnRoute>
                <PointOnRoute version="1" id="VTR:PointOnRoute:1468264" order="7">
                  <RoutePointRef ref="VTR:RoutePoint:1468264"/>
                </PointOnRoute>
                <PointOnRoute version="1" id="VTR:PointOnRoute:1468265" order="8">
                  <RoutePointRef ref="VTR:RoutePoint:1468265"/>
                </PointOnRoute>
                <PointOnRoute version="1" id="VTR:PointOnRoute:1468266" order="9">
                  <RoutePointRef ref="VTR:RoutePoint:1468266"/>
                </PointOnRoute>
                <PointOnRoute version="1" id="VTR:PointOnRoute:1468267" order="10">
                  <RoutePointRef ref="VTR:RoutePoint:1468267"/>
                </PointOnRoute>
                <PointOnRoute version="1" id="VTR:PointOnRoute:1468268" order="11">
                  <RoutePointRef ref="VTR:RoutePoint:1468268"/>
                </PointOnRoute>
                <PointOnRoute version="1" id="VTR:PointOnRoute:1468269" order="12">
                  <RoutePointRef ref="VTR:RoutePoint:1468269"/>
                </PointOnRoute>
                <PointOnRoute version="1" id="VTR:PointOnRoute:1468270" order="13">
                  <RoutePointRef ref="VTR:RoutePoint:1468270"/>
                </PointOnRoute>
                <PointOnRoute version="1" id="VTR:PointOnRoute:1468271" order="14">
                  <RoutePointRef ref="VTR:RoutePoint:1468271"/>
                </PointOnRoute>
                <PointOnRoute version="1" id="VTR:PointOnRoute:1468272" order="15">
                  <RoutePointRef ref="VTR:RoutePoint:1468272"/>
                </PointOnRoute>
                <PointOnRoute version="1" id="VTR:PointOnRoute:1468273" order="16">
                  <RoutePointRef ref="VTR:RoutePoint:1468273"/>
                </PointOnRoute>
              </pointsInSequence>
            </Route>
            <Route version="1" id="VTR:Route:18300">
              <Name>AUKŠTAKALNIS-UAB „STRAPA“</Name>
              <ShortName>AUKŠTAKALNIS-UAB „STRAPA“</ShortName>
              <LineRef ref="VTR:Line:6459" version="8145"/>
              <DirectionType>outbound</DirectionType>
              <pointsInSequence>
                <PointOnRoute version="1" id="VTR:PointOnRoute:1468242" order="1">
                  <RoutePointRef ref="VTR:RoutePoint:1468242"/>
                </PointOnRoute>
                <PointOnRoute version="1" id="VTR:PointOnRoute:1468243" order="2">
                  <RoutePointRef ref="VTR:RoutePoint:1468243"/>
                </PointOnRoute>
                <PointOnRoute version="1" id="VTR:PointOnRoute:1468244" order="3">
                  <RoutePointRef ref="VTR:RoutePoint:1468244"/>
                </PointOnRoute>
                <PointOnRoute version="1" id="VTR:PointOnRoute:1468245" order="4">
                  <RoutePointRef ref="VTR:RoutePoint:1468245"/>
                </PointOnRoute>
                <PointOnRoute version="1" id="VTR:PointOnRoute:1468246" order="5">
                  <RoutePointRef ref="VTR:RoutePoint:1468246"/>
                </PointOnRoute>
                <PointOnRoute version="1" id="VTR:PointOnRoute:1468247" order="6">
                  <RoutePointRef ref="VTR:RoutePoint:1468247"/>
                </PointOnRoute>
                <PointOnRoute version="1" id="VTR:PointOnRoute:1468248" order="7">
                  <RoutePointRef ref="VTR:RoutePoint:1468248"/>
                </PointOnRoute>
                <PointOnRoute version="1" id="VTR:PointOnRoute:1468249" order="8">
                  <RoutePointRef ref="VTR:RoutePoint:1468249"/>
                </PointOnRoute>
                <PointOnRoute version="1" id="VTR:PointOnRoute:1468250" order="9">
                  <RoutePointRef ref="VTR:RoutePoint:1468250"/>
                </PointOnRoute>
                <PointOnRoute version="1" id="VTR:PointOnRoute:1468251" order="10">
                  <RoutePointRef ref="VTR:RoutePoint:1468251"/>
                </PointOnRoute>
                <PointOnRoute version="1" id="VTR:PointOnRoute:1468252" order="11">
                  <RoutePointRef ref="VTR:RoutePoint:1468252"/>
                </PointOnRoute>
                <PointOnRoute version="1" id="VTR:PointOnRoute:1468253" order="12">
                  <RoutePointRef ref="VTR:RoutePoint:1468253"/>
                </PointOnRoute>
                <PointOnRoute version="1" id="VTR:PointOnRoute:1468254" order="13">
                  <RoutePointRef ref="VTR:RoutePoint:1468254"/>
                </PointOnRoute>
                <PointOnRoute version="1" id="VTR:PointOnRoute:1468255" order="14">
                  <RoutePointRef ref="VTR:RoutePoint:1468255"/>
                </PointOnRoute>
                <PointOnRoute version="1" id="VTR:PointOnRoute:1468256" order="15">
                  <RoutePointRef ref="VTR:RoutePoint:1468256"/>
                </PointOnRoute>
                <PointOnRoute version="1" id="VTR:PointOnRoute:1468257" order="16">
                  <RoutePointRef ref="VTR:RoutePoint:1468257"/>
                </PointOnRoute>
              </pointsInSequence>
            </Route>
          </routes>
          <lines>
            <Line version="8145" id="VTR:Line:6459">
              <Name>AUKŠTAKALNIS-UAB „STRAPA“</Name>
              <TransportMode>bus</TransportMode>
              <TransportSubmode>
                <BusSubmode>localBus</BusSubmode>
              </TransportSubmode>
              <PublicCode>8A</PublicCode>
              <OperatorRef ref="VTR:Operator:34"/>
            </Line>
          </lines>
          <scheduledStopPoints>
            <ScheduledStopPoint version="1" id="VTR:ScheduledStopPoint:1468242">
              <Name>Aukštakalnio ž.</Name>
            </ScheduledStopPoint>
            <ScheduledStopPoint version="1" id="VTR:ScheduledStopPoint:1468243">
              <Name>Taikos</Name>
            </ScheduledStopPoint>
            <ScheduledStopPoint version="1" id="VTR:ScheduledStopPoint:1468244">
              <Name>Ligoninė</Name>
            </ScheduledStopPoint>
            <ScheduledStopPoint version="1" id="VTR:ScheduledStopPoint:1468245">
              <Name>Dauniškis</Name>
            </ScheduledStopPoint>
            <ScheduledStopPoint version="1" id="VTR:ScheduledStopPoint:1468246">
              <Name>Kultūros centras</Name>
            </ScheduledStopPoint>
            <ScheduledStopPoint version="1" id="VTR:ScheduledStopPoint:1468247">
              <Name>Dauniškio ežeras</Name>
            </ScheduledStopPoint>
            <ScheduledStopPoint version="1" id="VTR:ScheduledStopPoint:1468248">
              <Name>Dariaus ir Girėno</Name>
            </ScheduledStopPoint>
            <ScheduledStopPoint version="1" id="VTR:ScheduledStopPoint:1468249">
              <Name>Turgus</Name>
            </ScheduledStopPoint>
            <ScheduledStopPoint version="1" id="VTR:ScheduledStopPoint:1468250">
              <Name>Norfa</Name>
            </ScheduledStopPoint>
            <ScheduledStopPoint version="1" id="VTR:ScheduledStopPoint:1468251">
              <Name>AB"Utenos trikot."</Name>
            </ScheduledStopPoint>
            <ScheduledStopPoint version="1" id="VTR:ScheduledStopPoint:1468252">
              <Name>Mėsa</Name>
            </ScheduledStopPoint>
            <ScheduledStopPoint version="1" id="VTR:ScheduledStopPoint:1468253">
              <Name>Umega</Name>
            </ScheduledStopPoint>
            <ScheduledStopPoint version="1" id="VTR:ScheduledStopPoint:1468254">
              <Name>Metalo</Name>
            </ScheduledStopPoint>
            <ScheduledStopPoint version="1" id="VTR:ScheduledStopPoint:1468255">
              <Name>Vajalis</Name>
            </ScheduledStopPoint>
            <ScheduledStopPoint version="1" id="VTR:ScheduledStopPoint:1468256">
              <Name>Aukštaičių</Name>
            </ScheduledStopPoint>
            <ScheduledStopPoint version="1" id="VTR:ScheduledStopPoint:1468257">
              <Name>Strapa</Name>
            </ScheduledStopPoint>
            <ScheduledStopPoint version="1" id="VTR:ScheduledStopPoint:1468258">
              <Name>Strapa</Name>
            </ScheduledStopPoint>
            <ScheduledStopPoint version="1" id="VTR:ScheduledStopPoint:1468259">
              <Name>Aukštaičių</Name>
            </ScheduledStopPoint>
            <ScheduledStopPoint version="1" id="VTR:ScheduledStopPoint:1468260">
              <Name>Vajalis</Name>
            </ScheduledStopPoint>
            <ScheduledStopPoint version="1" id="VTR:ScheduledStopPoint:1468261">
              <Name>Metalo</Name>
            </ScheduledStopPoint>
            <ScheduledStopPoint version="1" id="VTR:ScheduledStopPoint:1468262">
              <Name>Umega</Name>
            </ScheduledStopPoint>
            <ScheduledStopPoint version="1" id="VTR:ScheduledStopPoint:1468263">
              <Name>Mėsa</Name>
            </ScheduledStopPoint>
            <ScheduledStopPoint version="1" id="VTR:ScheduledStopPoint:1468264">
              <Name>Utenos trikotažas</Name>
            </ScheduledStopPoint>
            <ScheduledStopPoint version="1" id="VTR:ScheduledStopPoint:1468265">
              <Name>Norfa</Name>
            </ScheduledStopPoint>
            <ScheduledStopPoint version="1" id="VTR:ScheduledStopPoint:1468266">
              <Name>Turgus</Name>
            </ScheduledStopPoint>
            <ScheduledStopPoint version="1" id="VTR:ScheduledStopPoint:1468267">
              <Name>Dariaus ir Girėno</Name>
            </ScheduledStopPoint>
            <ScheduledStopPoint version="1" id="VTR:ScheduledStopPoint:1468268">
              <Name>Dauniškio ežeras</Name>
            </ScheduledStopPoint>
            <ScheduledStopPoint version="1" id="VTR:ScheduledStopPoint:1468269">
              <Name>Kultūros centras</Name>
            </ScheduledStopPoint>
            <ScheduledStopPoint version="1" id="VTR:ScheduledStopPoint:1468270">
              <Name>Dauniškis</Name>
            </ScheduledStopPoint>
            <ScheduledStopPoint version="1" id="VTR:ScheduledStopPoint:1468271">
              <Name>Ligoninė</Name>
            </ScheduledStopPoint>
            <ScheduledStopPoint version="1" id="VTR:ScheduledStopPoint:1468272">
              <Name>Taikos</Name>
            </ScheduledStopPoint>
            <ScheduledStopPoint version="1" id="VTR:ScheduledStopPoint:1468273">
              <Name>Aukštakalnio ž.</Name>
            </ScheduledStopPoint>
          </scheduledStopPoints>
          <serviceLinks>
            <ServiceLink id="VTR:ServiceLink:1468245_1_1468246_1" version="1">
              <Distance>0</Distance>
              <FromPointRef ref="VTR:ScheduledStopPoint:1468245" version="1"/>
              <ToPointRef ref="VTR:ScheduledStopPoint:1468246" version="1"/>
            </ServiceLink>
            <ServiceLink id="VTR:ServiceLink:1468256_1_1468257_1" version="1">
              <Distance>0</Distance>
              <FromPointRef ref="VTR:ScheduledStopPoint:1468256" version="1"/>
              <ToPointRef ref="VTR:ScheduledStopPoint:1468257" version="1"/>
            </ServiceLink>
            <ServiceLink id="VTR:ServiceLink:1468266_1_1468267_1" version="1">
              <Distance>0</Distance>
              <FromPointRef ref="VTR:ScheduledStopPoint:1468266" version="1"/>
              <ToPointRef ref="VTR:ScheduledStopPoint:1468267" version="1"/>
            </ServiceLink>
            <ServiceLink id="VTR:ServiceLink:1468250_1_1468251_1" version="1">
              <Distance>0</Distance>
              <FromPointRef ref="VTR:ScheduledStopPoint:1468250" version="1"/>
              <ToPointRef ref="VTR:ScheduledStopPoint:1468251" version="1"/>
            </ServiceLink>
            <ServiceLink id="VTR:ServiceLink:1468246_1_1468247_1" version="1">
              <Distance>0</Distance>
              <FromPointRef ref="VTR:ScheduledStopPoint:1468246" version="1"/>
              <ToPointRef ref="VTR:ScheduledStopPoint:1468247" version="1"/>
            </ServiceLink>
            <ServiceLink id="VTR:ServiceLink:1468244_1_1468245_1" version="1">
              <Distance>0</Distance>
              <FromPointRef ref="VTR:ScheduledStopPoint:1468244" version="1"/>
              <ToPointRef ref="VTR:ScheduledStopPoint:1468245" version="1"/>
            </ServiceLink>
            <ServiceLink id="VTR:ServiceLink:1468258_1_1468259_1" version="1">
              <Distance>0</Distance>
              <FromPointRef ref="VTR:ScheduledStopPoint:1468258" version="1"/>
              <ToPointRef ref="VTR:ScheduledStopPoint:1468259" version="1"/>
            </ServiceLink>
            <ServiceLink id="VTR:ServiceLink:1468271_1_1468272_1" version="1">
              <Distance>0</Distance>
              <FromPointRef ref="VTR:ScheduledStopPoint:1468271" version="1"/>
              <ToPointRef ref="VTR:ScheduledStopPoint:1468272" version="1"/>
            </ServiceLink>
            <ServiceLink id="VTR:ServiceLink:1468259_1_1468260_1" version="1">
              <Distance>0</Distance>
              <FromPointRef ref="VTR:ScheduledStopPoint:1468259" version="1"/>
              <ToPointRef ref="VTR:ScheduledStopPoint:1468260" version="1"/>
            </ServiceLink>
            <ServiceLink id="VTR:ServiceLink:1468269_1_1468270_1" version="1">
              <Distance>0</Distance>
              <FromPointRef ref="VTR:ScheduledStopPoint:1468269" version="1"/>
              <ToPointRef ref="VTR:ScheduledStopPoint:1468270" version="1"/>
            </ServiceLink>
            <ServiceLink id="VTR:ServiceLink:1468272_1_1468273_1" version="1">
              <Distance>0</Distance>
              <FromPointRef ref="VTR:ScheduledStopPoint:1468272" version="1"/>
              <ToPointRef ref="VTR:ScheduledStopPoint:1468273" version="1"/>
            </ServiceLink>
            <ServiceLink id="VTR:ServiceLink:1468268_1_1468269_1" version="1">
              <Distance>0</Distance>
              <FromPointRef ref="VTR:ScheduledStopPoint:1468268" version="1"/>
              <ToPointRef ref="VTR:ScheduledStopPoint:1468269" version="1"/>
            </ServiceLink>
            <ServiceLink id="VTR:ServiceLink:1468242_1_1468243_1" version="1">
              <Distance>0</Distance>
              <FromPointRef ref="VTR:ScheduledStopPoint:1468242" version="1"/>
              <ToPointRef ref="VTR:ScheduledStopPoint:1468243" version="1"/>
            </ServiceLink>
            <ServiceLink id="VTR:ServiceLink:1468262_1_1468263_1" version="1">
              <Distance>0</Distance>
              <FromPointRef ref="VTR:ScheduledStopPoint:1468262" version="1"/>
              <ToPointRef ref="VTR:ScheduledStopPoint:1468263" version="1"/>
            </ServiceLink>
            <ServiceLink id="VTR:ServiceLink:1468252_1_1468253_1" version="1">
              <Distance>0</Distance>
              <FromPointRef ref="VTR:ScheduledStopPoint:1468252" version="1"/>
              <ToPointRef ref="VTR:ScheduledStopPoint:1468253" version="1"/>
            </ServiceLink>
            <ServiceLink id="VTR:ServiceLink:1468251_1_1468252_1" version="1">
              <Distance>0</Distance>
              <FromPointRef ref="VTR:ScheduledStopPoint:1468251" version="1"/>
              <ToPointRef ref="VTR:ScheduledStopPoint:1468252" version="1"/>
            </ServiceLink>
            <ServiceLink id="VTR:ServiceLink:1468253_1_1468254_1" version="1">
              <Distance>0</Distance>
              <FromPointRef ref="VTR:ScheduledStopPoint:1468253" version="1"/>
              <ToPointRef ref="VTR:ScheduledStopPoint:1468254" version="1"/>
            </ServiceLink>
            <ServiceLink id="VTR:ServiceLink:1468243_1_1468244_1" version="1">
              <Distance>0</Distance>
              <FromPointRef ref="VTR:ScheduledStopPoint:1468243" version="1"/>
              <ToPointRef ref="VTR:ScheduledStopPoint:1468244" version="1"/>
            </ServiceLink>
            <ServiceLink id="VTR:ServiceLink:1468261_1_1468262_1" version="1">
              <Distance>0</Distance>
              <FromPointRef ref="VTR:ScheduledStopPoint:1468261" version="1"/>
              <ToPointRef ref="VTR:ScheduledStopPoint:1468262" version="1"/>
            </ServiceLink>
            <ServiceLink id="VTR:ServiceLink:1468265_1_1468266_1" version="1">
              <Distance>0</Distance>
              <FromPointRef ref="VTR:ScheduledStopPoint:1468265" version="1"/>
              <ToPointRef ref="VTR:ScheduledStopPoint:1468266" version="1"/>
            </ServiceLink>
            <ServiceLink id="VTR:ServiceLink:1468264_1_1468265_1" version="1">
              <Distance>0</Distance>
              <FromPointRef ref="VTR:ScheduledStopPoint:1468264" version="1"/>
              <ToPointRef ref="VTR:ScheduledStopPoint:1468265" version="1"/>
            </ServiceLink>
            <ServiceLink id="VTR:ServiceLink:1468255_1_1468256_1" version="1">
              <Distance>0</Distance>
              <FromPointRef ref="VTR:ScheduledStopPoint:1468255" version="1"/>
              <ToPointRef ref="VTR:ScheduledStopPoint:1468256" version="1"/>
            </ServiceLink>
            <ServiceLink id="VTR:ServiceLink:1468270_1_1468271_1" version="1">
              <Distance>0</Distance>
              <FromPointRef ref="VTR:ScheduledStopPoint:1468270" version="1"/>
              <ToPointRef ref="VTR:ScheduledStopPoint:1468271" version="1"/>
            </ServiceLink>
            <ServiceLink id="VTR:ServiceLink:1468263_1_1468264_1" version="1">
              <Distance>0</Distance>
              <FromPointRef ref="VTR:ScheduledStopPoint:1468263" version="1"/>
              <ToPointRef ref="VTR:ScheduledStopPoint:1468264" version="1"/>
            </ServiceLink>
            <ServiceLink id="VTR:ServiceLink:1468247_1_1468248_1" version="1">
              <Distance>0</Distance>
              <FromPointRef ref="VTR:ScheduledStopPoint:1468247" version="1"/>
              <ToPointRef ref="VTR:ScheduledStopPoint:1468248" version="1"/>
            </ServiceLink>
            <ServiceLink id="VTR:ServiceLink:1468267_1_1468268_1" version="1">
              <Distance>0</Distance>
              <FromPointRef ref="VTR:ScheduledStopPoint:1468267" version="1"/>
              <ToPointRef ref="VTR:ScheduledStopPoint:1468268" version="1"/>
            </ServiceLink>
            <ServiceLink id="VTR:ServiceLink:1468249_1_1468250_1" version="1">
              <Distance>0</Distance>
              <FromPointRef ref="VTR:ScheduledStopPoint:1468249" version="1"/>
              <ToPointRef ref="VTR:ScheduledStopPoint:1468250" version="1"/>
            </ServiceLink>
            <ServiceLink id="VTR:ServiceLink:1468254_1_1468255_1" version="1">
              <Distance>0</Distance>
              <FromPointRef ref="VTR:ScheduledStopPoint:1468254" version="1"/>
              <ToPointRef ref="VTR:ScheduledStopPoint:1468255" version="1"/>
            </ServiceLink>
            <ServiceLink id="VTR:ServiceLink:1468260_1_1468261_1" version="1">
              <Distance>0</Distance>
              <FromPointRef ref="VTR:ScheduledStopPoint:1468260" version="1"/>
              <ToPointRef ref="VTR:ScheduledStopPoint:1468261" version="1"/>
            </ServiceLink>
            <ServiceLink id="VTR:ServiceLink:1468248_1_1468249_1" version="1">
              <Distance>0</Distance>
              <FromPointRef ref="VTR:ScheduledStopPoint:1468248" version="1"/>
              <ToPointRef ref="VTR:ScheduledStopPoint:1468249" version="1"/>
            </ServiceLink>
          </serviceLinks>
          <stopAssignments>
            <PassengerStopAssignment order="1830000000" id="VTR:PassengerStopAssignment:1468242" version="1">
              <ScheduledStopPointRef ref="VTR:ScheduledStopPoint:1468242" version="1"/>
              <QuayRef ref="VTR:Quay:21173"/>
            </PassengerStopAssignment>
            <PassengerStopAssignment order="1830000001" id="VTR:PassengerStopAssignment:1468243" version="1">
              <ScheduledStopPointRef ref="VTR:ScheduledStopPoint:1468243" version="1"/>
              <QuayRef ref="VTR:Quay:21174"/>
            </PassengerStopAssignment>
            <PassengerStopAssignment order="1830000002" id="VTR:PassengerStopAssignment:1468244" version="1">
              <ScheduledStopPointRef ref="VTR:ScheduledStopPoint:1468244" version="1"/>
              <QuayRef ref="VTR:Quay:21175"/>
            </PassengerStopAssignment>
            <PassengerStopAssignment order="1830000003" id="VTR:PassengerStopAssignment:1468245" version="1">
              <ScheduledStopPointRef ref="VTR:ScheduledStopPoint:1468245" version="1"/>
              <QuayRef ref="VTR:Quay:21176"/>
            </PassengerStopAssignment>
            <PassengerStopAssignment order="1830000004" id="VTR:PassengerStopAssignment:1468246" version="1">
              <ScheduledStopPointRef ref="VTR:ScheduledStopPoint:1468246" version="1"/>
              <QuayRef ref="VTR:Quay:21177"/>
            </PassengerStopAssignment>
            <PassengerStopAssignment order="1830000005" id="VTR:PassengerStopAssignment:1468247" version="1">
              <ScheduledStopPointRef ref="VTR:ScheduledStopPoint:1468247" version="1"/>
              <QuayRef ref="VTR:Quay:21178"/>
            </PassengerStopAssignment>
            <PassengerStopAssignment order="1830000006" id="VTR:PassengerStopAssignment:1468248" version="1">
              <ScheduledStopPointRef ref="VTR:ScheduledStopPoint:1468248" version="1"/>
              <QuayRef ref="VTR:Quay:21179"/>
            </PassengerStopAssignment>
            <PassengerStopAssignment order="1830000007" id="VTR:PassengerStopAssignment:1468249" version="1">
              <ScheduledStopPointRef ref="VTR:ScheduledStopPoint:1468249" version="1"/>
              <QuayRef ref="VTR:Quay:20065"/>
            </PassengerStopAssignment>
            <PassengerStopAssignment order="1830000008" id="VTR:PassengerStopAssignment:1468250" version="1">
              <ScheduledStopPointRef ref="VTR:ScheduledStopPoint:1468250" version="1"/>
              <QuayRef ref="VTR:Quay:21180"/>
            </PassengerStopAssignment>
            <PassengerStopAssignment order="1830000009" id="VTR:PassengerStopAssignment:1468251" version="1">
              <ScheduledStopPointRef ref="VTR:ScheduledStopPoint:1468251" version="1"/>
              <QuayRef ref="VTR:Quay:21181"/>
            </PassengerStopAssignment>
            <PassengerStopAssignment order="1830000010" id="VTR:PassengerStopAssignment:1468252" version="1">
              <ScheduledStopPointRef ref="VTR:ScheduledStopPoint:1468252" version="1"/>
              <QuayRef ref="VTR:Quay:21182"/>
            </PassengerStopAssignment>
            <PassengerStopAssignment order="1830000011" id="VTR:PassengerStopAssignment:1468253" version="1">
              <ScheduledStopPointRef ref="VTR:ScheduledStopPoint:1468253" version="1"/>
              <QuayRef ref="VTR:Quay:24406"/>
            </PassengerStopAssignment>
            <PassengerStopAssignment order="1830000012" id="VTR:PassengerStopAssignment:1468254" version="1">
              <ScheduledStopPointRef ref="VTR:ScheduledStopPoint:1468254" version="1"/>
              <QuayRef ref="VTR:Quay:24404"/>
            </PassengerStopAssignment>
            <PassengerStopAssignment order="1830000013" id="VTR:PassengerStopAssignment:1468255" version="1">
              <ScheduledStopPointRef ref="VTR:ScheduledStopPoint:1468255" version="1"/>
              <QuayRef ref="VTR:Quay:24403"/>
            </PassengerStopAssignment>
            <PassengerStopAssignment order="1830000014" id="VTR:PassengerStopAssignment:1468256" version="1">
              <ScheduledStopPointRef ref="VTR:ScheduledStopPoint:1468256" version="1"/>
              <QuayRef ref="VTR:Quay:24401"/>
            </PassengerStopAssignment>
            <PassengerStopAssignment order="1830000015" id="VTR:PassengerStopAssignment:1468257" version="1">
              <ScheduledStopPointRef ref="VTR:ScheduledStopPoint:1468257" version="1"/>
              <QuayRef ref="VTR:Quay:35952"/>
            </PassengerStopAssignment>
            <PassengerStopAssignment order="1830100000" id="VTR:PassengerStopAssignment:1468258" version="1">
              <ScheduledStopPointRef ref="VTR:ScheduledStopPoint:1468258" version="1"/>
              <QuayRef ref="VTR:Quay:35951"/>
            </PassengerStopAssignment>
            <PassengerStopAssignment order="1830100001" id="VTR:PassengerStopAssignment:1468259" version="1">
              <ScheduledStopPointRef ref="VTR:ScheduledStopPoint:1468259" version="1"/>
              <QuayRef ref="VTR:Quay:24401"/>
            </PassengerStopAssignment>
            <PassengerStopAssignment order="1830100002" id="VTR:PassengerStopAssignment:1468260" version="1">
              <ScheduledStopPointRef ref="VTR:ScheduledStopPoint:1468260" version="1"/>
              <QuayRef ref="VTR:Quay:24408"/>
            </PassengerStopAssignment>
            <PassengerStopAssignment order="1830100003" id="VTR:PassengerStopAssignment:1468261" version="1">
              <ScheduledStopPointRef ref="VTR:ScheduledStopPoint:1468261" version="1"/>
              <QuayRef ref="VTR:Quay:24404"/>
            </PassengerStopAssignment>
            <PassengerStopAssignment order="1830100004" id="VTR:PassengerStopAssignment:1468262" version="1">
              <ScheduledStopPointRef ref="VTR:ScheduledStopPoint:1468262" version="1"/>
              <QuayRef ref="VTR:Quay:24407"/>
            </PassengerStopAssignment>
            <PassengerStopAssignment order="1830100005" id="VTR:PassengerStopAssignment:1468263" version="1">
              <ScheduledStopPointRef ref="VTR:ScheduledStopPoint:1468263" version="1"/>
              <QuayRef ref="VTR:Quay:21195"/>
            </PassengerStopAssignment>
            <PassengerStopAssignment order="1830100006" id="VTR:PassengerStopAssignment:1468264" version="1">
              <ScheduledStopPointRef ref="VTR:ScheduledStopPoint:1468264" version="1"/>
              <QuayRef ref="VTR:Quay:21194"/>
            </PassengerStopAssignment>
            <PassengerStopAssignment order="1830100007" id="VTR:PassengerStopAssignment:1468265" version="1">
              <ScheduledStopPointRef ref="VTR:ScheduledStopPoint:1468265" version="1"/>
              <QuayRef ref="VTR:Quay:21192"/>
            </PassengerStopAssignment>
            <PassengerStopAssignment order="1830100008" id="VTR:PassengerStopAssignment:1468266" version="1">
              <ScheduledStopPointRef ref="VTR:ScheduledStopPoint:1468266" version="1"/>
              <QuayRef ref="VTR:Quay:20064"/>
            </PassengerStopAssignment>
            <PassengerStopAssignment order="1830100009" id="VTR:PassengerStopAssignment:1468267" version="1">
              <ScheduledStopPointRef ref="VTR:ScheduledStopPoint:1468267" version="1"/>
              <QuayRef ref="VTR:Quay:21191"/>
            </PassengerStopAssignment>
            <PassengerStopAssignment order="1830100010" id="VTR:PassengerStopAssignment:1468268" version="1">
              <ScheduledStopPointRef ref="VTR:ScheduledStopPoint:1468268" version="1"/>
              <QuayRef ref="VTR:Quay:21190"/>
            </PassengerStopAssignment>
            <PassengerStopAssignment order="1830100011" id="VTR:PassengerStopAssignment:1468269" version="1">
              <ScheduledStopPointRef ref="VTR:ScheduledStopPoint:1468269" version="1"/>
              <QuayRef ref="VTR:Quay:21177"/>
            </PassengerStopAssignment>
            <PassengerStopAssignment order="1830100012" id="VTR:PassengerStopAssignment:1468270" version="1">
              <ScheduledStopPointRef ref="VTR:ScheduledStopPoint:1468270" version="1"/>
              <QuayRef ref="VTR:Quay:21188"/>
            </PassengerStopAssignment>
            <PassengerStopAssignment order="1830100013" id="VTR:PassengerStopAssignment:1468271" version="1">
              <ScheduledStopPointRef ref="VTR:ScheduledStopPoint:1468271" version="1"/>
              <QuayRef ref="VTR:Quay:21187"/>
            </PassengerStopAssignment>
            <PassengerStopAssignment order="1830100014" id="VTR:PassengerStopAssignment:1468272" version="1">
              <ScheduledStopPointRef ref="VTR:ScheduledStopPoint:1468272" version="1"/>
              <QuayRef ref="VTR:Quay:21186"/>
            </PassengerStopAssignment>
            <PassengerStopAssignment order="1830100015" id="VTR:PassengerStopAssignment:1468273" version="1">
              <ScheduledStopPointRef ref="VTR:ScheduledStopPoint:1468273" version="1"/>
              <QuayRef ref="VTR:Quay:21173"/>
            </PassengerStopAssignment>
          </stopAssignments>
          <journeyPatterns>
            <JourneyPattern id="VTR:JourneyPattern:3003729" version="3005870">
              <Name>2</Name>
              <RouteRef ref="VTR:Route:18301" version="1"/>
              <pointsInSequence>
                <StopPointInJourneyPattern id="VTR:StopPointInJourneyPattern:104169455" version="3005870" order="1">
                  <ScheduledStopPointRef ref="VTR:ScheduledStopPoint:1468258"/>
                  <DestinationDisplayRef ref="VTR:DestinationDisplay:1"/>
                </StopPointInJourneyPattern>
                <StopPointInJourneyPattern id="VTR:StopPointInJourneyPattern:104169456" version="3005870" order="2">
                  <ScheduledStopPointRef ref="VTR:ScheduledStopPoint:1468259"/>
                  <DestinationDisplayRef ref="VTR:DestinationDisplay:1"/>
                </StopPointInJourneyPattern>
                <StopPointInJourneyPattern id="VTR:StopPointInJourneyPattern:104169457" version="3005870" order="3">
                  <ScheduledStopPointRef ref="VTR:ScheduledStopPoint:1468260"/>
                  <DestinationDisplayRef ref="VTR:DestinationDisplay:1"/>
                </StopPointInJourneyPattern>
                <StopPointInJourneyPattern id="VTR:StopPointInJourneyPattern:104169458" version="3005870" order="4">
                  <ScheduledStopPointRef ref="VTR:ScheduledStopPoint:1468261"/>
                  <DestinationDisplayRef ref="VTR:DestinationDisplay:1"/>
                </StopPointInJourneyPattern>
                <StopPointInJourneyPattern id="VTR:StopPointInJourneyPattern:104169459" version="3005870" order="5">
                  <ScheduledStopPointRef ref="VTR:ScheduledStopPoint:1468262"/>
                  <DestinationDisplayRef ref="VTR:DestinationDisplay:1"/>
                </StopPointInJourneyPattern>
                <StopPointInJourneyPattern id="VTR:StopPointInJourneyPattern:104169460" version="3005870" order="6">
                  <ScheduledStopPointRef ref="VTR:ScheduledStopPoint:1468263"/>
                  <DestinationDisplayRef ref="VTR:DestinationDisplay:1"/>
                </StopPointInJourneyPattern>
                <StopPointInJourneyPattern id="VTR:StopPointInJourneyPattern:104169461" version="3005870" order="7">
                  <ScheduledStopPointRef ref="VTR:ScheduledStopPoint:1468264"/>
                  <DestinationDisplayRef ref="VTR:DestinationDisplay:1"/>
                </StopPointInJourneyPattern>
                <StopPointInJourneyPattern id="VTR:StopPointInJourneyPattern:104169462" version="3005870" order="8">
                  <ScheduledStopPointRef ref="VTR:ScheduledStopPoint:1468265"/>
                  <DestinationDisplayRef ref="VTR:DestinationDisplay:1"/>
                </StopPointInJourneyPattern>
                <StopPointInJourneyPattern id="VTR:StopPointInJourneyPattern:104169463" version="3005870" order="9">
                  <ScheduledStopPointRef ref="VTR:ScheduledStopPoint:1468266"/>
                  <DestinationDisplayRef ref="VTR:DestinationDisplay:1"/>
                </StopPointInJourneyPattern>
                <StopPointInJourneyPattern id="VTR:StopPointInJourneyPattern:104169464" version="3005870" order="10">
                  <ScheduledStopPointRef ref="VTR:ScheduledStopPoint:1468267"/>
                  <DestinationDisplayRef ref="VTR:DestinationDisplay:1"/>
                </StopPointInJourneyPattern>
                <StopPointInJourneyPattern id="VTR:StopPointInJourneyPattern:104169465" version="3005870" order="11">
                  <ScheduledStopPointRef ref="VTR:ScheduledStopPoint:1468268"/>
                  <DestinationDisplayRef ref="VTR:DestinationDisplay:1"/>
                </StopPointInJourneyPattern>
                <StopPointInJourneyPattern id="VTR:StopPointInJourneyPattern:104169466" version="3005870" order="12">
                  <ScheduledStopPointRef ref="VTR:ScheduledStopPoint:1468269"/>
                  <DestinationDisplayRef ref="VTR:DestinationDisplay:1"/>
                </StopPointInJourneyPattern>
                <StopPointInJourneyPattern id="VTR:StopPointInJourneyPattern:104169467" version="3005870" order="13">
                  <ScheduledStopPointRef ref="VTR:ScheduledStopPoint:1468270"/>
                  <DestinationDisplayRef ref="VTR:DestinationDisplay:1"/>
                </StopPointInJourneyPattern>
                <StopPointInJourneyPattern id="VTR:StopPointInJourneyPattern:104169468" version="3005870" order="14">
                  <ScheduledStopPointRef ref="VTR:ScheduledStopPoint:1468271"/>
                  <DestinationDisplayRef ref="VTR:DestinationDisplay:1"/>
                </StopPointInJourneyPattern>
                <StopPointInJourneyPattern id="VTR:StopPointInJourneyPattern:104169469" version="3005870" order="15">
                  <ScheduledStopPointRef ref="VTR:ScheduledStopPoint:1468272"/>
                  <DestinationDisplayRef ref="VTR:DestinationDisplay:1"/>
                </StopPointInJourneyPattern>
                <StopPointInJourneyPattern id="VTR:StopPointInJourneyPattern:104169470" version="3005870" order="16">
                  <ScheduledStopPointRef ref="VTR:ScheduledStopPoint:1468273"/>
                  <DestinationDisplayRef ref="VTR:DestinationDisplay:1"/>
                </StopPointInJourneyPattern>
              </pointsInSequence>
            </JourneyPattern>
            <JourneyPattern id="VTR:JourneyPattern:3003727" version="3005868">
              <Name>8A</Name>
              <RouteRef ref="VTR:Route:18300" version="1"/>
              <pointsInSequence>
                <StopPointInJourneyPattern id="VTR:StopPointInJourneyPattern:104169423" version="3005868" order="1">
                  <ScheduledStopPointRef ref="VTR:ScheduledStopPoint:1468242"/>
                  <DestinationDisplayRef ref="VTR:DestinationDisplay:1"/>
                </StopPointInJourneyPattern>
                <StopPointInJourneyPattern id="VTR:StopPointInJourneyPattern:104169424" version="3005868" order="2">
                  <ScheduledStopPointRef ref="VTR:ScheduledStopPoint:1468243"/>
                  <DestinationDisplayRef ref="VTR:DestinationDisplay:1"/>
                </StopPointInJourneyPattern>
                <StopPointInJourneyPattern id="VTR:StopPointInJourneyPattern:104169425" version="3005868" order="3">
                  <ScheduledStopPointRef ref="VTR:ScheduledStopPoint:1468244"/>
                  <DestinationDisplayRef ref="VTR:DestinationDisplay:1"/>
                </StopPointInJourneyPattern>
                <StopPointInJourneyPattern id="VTR:StopPointInJourneyPattern:104169426" version="3005868" order="4">
                  <ScheduledStopPointRef ref="VTR:ScheduledStopPoint:1468245"/>
                  <DestinationDisplayRef ref="VTR:DestinationDisplay:1"/>
                </StopPointInJourneyPattern>
                <StopPointInJourneyPattern id="VTR:StopPointInJourneyPattern:104169427" version="3005868" order="5">
                  <ScheduledStopPointRef ref="VTR:ScheduledStopPoint:1468246"/>
                  <DestinationDisplayRef ref="VTR:DestinationDisplay:1"/>
                </StopPointInJourneyPattern>
                <StopPointInJourneyPattern id="VTR:StopPointInJourneyPattern:104169428" version="3005868" order="6">
                  <ScheduledStopPointRef ref="VTR:ScheduledStopPoint:1468247"/>
                  <DestinationDisplayRef ref="VTR:DestinationDisplay:1"/>
                </StopPointInJourneyPattern>
                <StopPointInJourneyPattern id="VTR:StopPointInJourneyPattern:104169429" version="3005868" order="7">
                  <ScheduledStopPointRef ref="VTR:ScheduledStopPoint:1468248"/>
                  <DestinationDisplayRef ref="VTR:DestinationDisplay:1"/>
                </StopPointInJourneyPattern>
                <StopPointInJourneyPattern id="VTR:StopPointInJourneyPattern:104169430" version="3005868" order="8">
                  <ScheduledStopPointRef ref="VTR:ScheduledStopPoint:1468249"/>
                  <DestinationDisplayRef ref="VTR:DestinationDisplay:1"/>
                </StopPointInJourneyPattern>
                <StopPointInJourneyPattern id="VTR:StopPointInJourneyPattern:104169431" version="3005868" order="9">
                  <ScheduledStopPointRef ref="VTR:ScheduledStopPoint:1468250"/>
                  <DestinationDisplayRef ref="VTR:DestinationDisplay:1"/>
                </StopPointInJourneyPattern>
                <StopPointInJourneyPattern id="VTR:StopPointInJourneyPattern:104169432" version="3005868" order="10">
                  <ScheduledStopPointRef ref="VTR:ScheduledStopPoint:1468251"/>
                  <DestinationDisplayRef ref="VTR:DestinationDisplay:1"/>
                </StopPointInJourneyPattern>
                <StopPointInJourneyPattern id="VTR:StopPointInJourneyPattern:104169433" version="3005868" order="11">
                  <ScheduledStopPointRef ref="VTR:ScheduledStopPoint:1468252"/>
                  <DestinationDisplayRef ref="VTR:DestinationDisplay:1"/>
                </StopPointInJourneyPattern>
                <StopPointInJourneyPattern id="VTR:StopPointInJourneyPattern:104169434" version="3005868" order="12">
                  <ScheduledStopPointRef ref="VTR:ScheduledStopPoint:1468253"/>
                  <DestinationDisplayRef ref="VTR:DestinationDisplay:1"/>
                </StopPointInJourneyPattern>
                <StopPointInJourneyPattern id="VTR:StopPointInJourneyPattern:104169435" version="3005868" order="13">
                  <ScheduledStopPointRef ref="VTR:ScheduledStopPoint:1468254"/>
                  <DestinationDisplayRef ref="VTR:DestinationDisplay:1"/>
                </StopPointInJourneyPattern>
                <StopPointInJourneyPattern id="VTR:StopPointInJourneyPattern:104169436" version="3005868" order="14">
                  <ScheduledStopPointRef ref="VTR:ScheduledStopPoint:1468255"/>
                  <DestinationDisplayRef ref="VTR:DestinationDisplay:1"/>
                </StopPointInJourneyPattern>
                <StopPointInJourneyPattern id="VTR:StopPointInJourneyPattern:104169437" version="3005868" order="15">
                  <ScheduledStopPointRef ref="VTR:ScheduledStopPoint:1468256"/>
                  <DestinationDisplayRef ref="VTR:DestinationDisplay:1"/>
                </StopPointInJourneyPattern>
                <StopPointInJourneyPattern id="VTR:StopPointInJourneyPattern:104169438" version="3005868" order="16">
                  <ScheduledStopPointRef ref="VTR:ScheduledStopPoint:1468257"/>
                  <DestinationDisplayRef ref="VTR:DestinationDisplay:1"/>
                </StopPointInJourneyPattern>
              </pointsInSequence>
            </JourneyPattern>
          </journeyPatterns>
        </ServiceFrame>
        <TimetableFrame version="1" id="VTR:TimetableFrame:1368">
          <vehicleJourneys>
            <ServiceJourney version="3005870" id="VTR:ServiceJourney:3003729">
              <Name>UAB „STRAPA“ -  AUKŠTAKALNIS</Name>
              <PrivateCode>2</PrivateCode>
              <dayTypes>
                <DayTypeRef ref="VTR:DayType:2602"/>
              </dayTypes>
              <JourneyPatternRef version="3005870" ref="VTR:JourneyPattern:3003729"/>
              <OperatorRef ref="VTR:Operator:534"/>
              <LineRef ref="VTR:Line:6459" version="8145"/>
              <passingTimes>
                <TimetabledPassingTime version="3005870" id="VTR:TimetabledPassingTime:3003729_104169455_1">
                  <StopPointInJourneyPatternRef ref="VTR:StopPointInJourneyPattern:104169455" version="3005870"/>
                  <DepartureTime>16:47:00</DepartureTime>
                  <DepartureDayOffset>0</DepartureDayOffset>
                </TimetabledPassingTime>
                <TimetabledPassingTime version="3005870" id="VTR:TimetabledPassingTime:3003729_104169456_2">
                  <StopPointInJourneyPatternRef ref="VTR:StopPointInJourneyPattern:104169456" version="3005870"/>
                  <DepartureTime>16:50:00</DepartureTime>
                  <DepartureDayOffset>0</DepartureDayOffset>
                </TimetabledPassingTime>
                <TimetabledPassingTime version="3005870" id="VTR:TimetabledPassingTime:3003729_104169457_3">
                  <StopPointInJourneyPatternRef ref="VTR:StopPointInJourneyPattern:104169457" version="3005870"/>
                  <DepartureTime>16:53:00</DepartureTime>
                  <DepartureDayOffset>0</DepartureDayOffset>
                </TimetabledPassingTime>
                <TimetabledPassingTime version="3005870" id="VTR:TimetabledPassingTime:3003729_104169458_4">
                  <StopPointInJourneyPatternRef ref="VTR:StopPointInJourneyPattern:104169458" version="3005870"/>
                  <DepartureTime>16:54:00</DepartureTime>
                  <DepartureDayOffset>0</DepartureDayOffset>
                </TimetabledPassingTime>
                <TimetabledPassingTime version="3005870" id="VTR:TimetabledPassingTime:3003729_104169459_5">
                  <StopPointInJourneyPatternRef ref="VTR:StopPointInJourneyPattern:104169459" version="3005870"/>
                  <DepartureTime>16:55:00</DepartureTime>
                  <DepartureDayOffset>0</DepartureDayOffset>
                </TimetabledPassingTime>
                <TimetabledPassingTime version="3005870" id="VTR:TimetabledPassingTime:3003729_104169460_6">
                  <StopPointInJourneyPatternRef ref="VTR:StopPointInJourneyPattern:104169460" version="3005870"/>
                  <DepartureTime>16:57:00</DepartureTime>
                  <DepartureDayOffset>0</DepartureDayOffset>
                </TimetabledPassingTime>
                <TimetabledPassingTime version="3005870" id="VTR:TimetabledPassingTime:3003729_104169461_7">
                  <StopPointInJourneyPatternRef ref="VTR:StopPointInJourneyPattern:104169461" version="3005870"/>
                  <DepartureTime>16:58:00</DepartureTime>
                  <DepartureDayOffset>0</DepartureDayOffset>
                </TimetabledPassingTime>
                <TimetabledPassingTime version="3005870" id="VTR:TimetabledPassingTime:3003729_104169462_8">
                  <StopPointInJourneyPatternRef ref="VTR:StopPointInJourneyPattern:104169462" version="3005870"/>
                  <DepartureTime>16:59:00</DepartureTime>
                  <DepartureDayOffset>0</DepartureDayOffset>
                </TimetabledPassingTime>
                <TimetabledPassingTime version="3005870" id="VTR:TimetabledPassingTime:3003729_104169463_9">
                  <StopPointInJourneyPatternRef ref="VTR:StopPointInJourneyPattern:104169463" version="3005870"/>
                  <DepartureTime>17:00:00</DepartureTime>
                  <DepartureDayOffset>0</DepartureDayOffset>
                </TimetabledPassingTime>
                <TimetabledPassingTime version="3005870" id="VTR:TimetabledPassingTime:3003729_104169464_10">
                  <StopPointInJourneyPatternRef ref="VTR:StopPointInJourneyPattern:104169464" version="3005870"/>
                  <DepartureTime>17:01:00</DepartureTime>
                  <DepartureDayOffset>0</DepartureDayOffset>
                </TimetabledPassingTime>
                <TimetabledPassingTime version="3005870" id="VTR:TimetabledPassingTime:3003729_104169465_11">
                  <StopPointInJourneyPatternRef ref="VTR:StopPointInJourneyPattern:104169465" version="3005870"/>
                  <DepartureTime>17:03:00</DepartureTime>
                  <DepartureDayOffset>0</DepartureDayOffset>
                </TimetabledPassingTime>
                <TimetabledPassingTime version="3005870" id="VTR:TimetabledPassingTime:3003729_104169466_12">
                  <StopPointInJourneyPatternRef ref="VTR:StopPointInJourneyPattern:104169466" version="3005870"/>
                  <DepartureTime>17:04:00</DepartureTime>
                  <DepartureDayOffset>0</DepartureDayOffset>
                </TimetabledPassingTime>
                <TimetabledPassingTime version="3005870" id="VTR:TimetabledPassingTime:3003729_104169467_13">
                  <StopPointInJourneyPatternRef ref="VTR:StopPointInJourneyPattern:104169467" version="3005870"/>
                  <DepartureTime>17:05:00</DepartureTime>
                  <DepartureDayOffset>0</DepartureDayOffset>
                </TimetabledPassingTime>
                <TimetabledPassingTime version="3005870" id="VTR:TimetabledPassingTime:3003729_104169468_14">
                  <StopPointInJourneyPatternRef ref="VTR:StopPointInJourneyPattern:104169468" version="3005870"/>
                  <DepartureTime>17:08:00</DepartureTime>
                  <DepartureDayOffset>0</DepartureDayOffset>
                </TimetabledPassingTime>
                <TimetabledPassingTime version="3005870" id="VTR:TimetabledPassingTime:3003729_104169469_15">
                  <StopPointInJourneyPatternRef ref="VTR:StopPointInJourneyPattern:104169469" version="3005870"/>
                  <DepartureTime>17:10:00</DepartureTime>
                  <DepartureDayOffset>0</DepartureDayOffset>
                </TimetabledPassingTime>
                <TimetabledPassingTime version="3005870" id="VTR:TimetabledPassingTime:3003729_104169470_16">
                  <StopPointInJourneyPatternRef ref="VTR:StopPointInJourneyPattern:104169470" version="3005870"/>
                  <DepartureTime>17:14:00</DepartureTime>
                  <DepartureDayOffset>0</DepartureDayOffset>
                </TimetabledPassingTime>
              </passingTimes>
            </ServiceJourney>
            <ServiceJourney version="3005868" id="VTR:ServiceJourney:3003727">
              <Name>AUKŠTAKALNIS-UAB „STRAPA“</Name>
              <PrivateCode>8A</PrivateCode>
              <dayTypes>
                <DayTypeRef ref="VTR:DayType:2602"/>
              </dayTypes>
              <JourneyPatternRef version="3005868" ref="VTR:JourneyPattern:3003727"/>
              <OperatorRef ref="VTR:Operator:534"/>
              <LineRef ref="VTR:Line:6459" version="8145"/>
              <passingTimes>
                <TimetabledPassingTime version="3005868" id="VTR:TimetabledPassingTime:3003727_104169423_1">
                  <StopPointInJourneyPatternRef ref="VTR:StopPointInJourneyPattern:104169423" version="3005868"/>
                  <DepartureTime>07:25:00</DepartureTime>
                  <DepartureDayOffset>0</DepartureDayOffset>
                </TimetabledPassingTime>
                <TimetabledPassingTime version="3005868" id="VTR:TimetabledPassingTime:3003727_104169424_2">
                  <StopPointInJourneyPatternRef ref="VTR:StopPointInJourneyPattern:104169424" version="3005868"/>
                  <DepartureTime>07:28:00</DepartureTime>
                  <DepartureDayOffset>0</DepartureDayOffset>
                </TimetabledPassingTime>
                <TimetabledPassingTime version="3005868" id="VTR:TimetabledPassingTime:3003727_104169425_3">
                  <StopPointInJourneyPatternRef ref="VTR:StopPointInJourneyPattern:104169425" version="3005868"/>
                  <DepartureTime>07:31:00</DepartureTime>
                  <DepartureDayOffset>0</DepartureDayOffset>
                </TimetabledPassingTime>
                <TimetabledPassingTime version="3005868" id="VTR:TimetabledPassingTime:3003727_104169426_4">
                  <StopPointInJourneyPatternRef ref="VTR:StopPointInJourneyPattern:104169426" version="3005868"/>
                  <DepartureTime>07:34:00</DepartureTime>
                  <DepartureDayOffset>0</DepartureDayOffset>
                </TimetabledPassingTime>
                <TimetabledPassingTime version="3005868" id="VTR:TimetabledPassingTime:3003727_104169427_5">
                  <StopPointInJourneyPatternRef ref="VTR:StopPointInJourneyPattern:104169427" version="3005868"/>
                  <DepartureTime>07:35:00</DepartureTime>
                  <DepartureDayOffset>0</DepartureDayOffset>
                </TimetabledPassingTime>
                <TimetabledPassingTime version="3005868" id="VTR:TimetabledPassingTime:3003727_104169428_6">
                  <StopPointInJourneyPatternRef ref="VTR:StopPointInJourneyPattern:104169428" version="3005868"/>
                  <DepartureTime>07:37:00</DepartureTime>
                  <DepartureDayOffset>0</DepartureDayOffset>
                </TimetabledPassingTime>
                <TimetabledPassingTime version="3005868" id="VTR:TimetabledPassingTime:3003727_104169429_7">
                  <StopPointInJourneyPatternRef ref="VTR:StopPointInJourneyPattern:104169429" version="3005868"/>
                  <DepartureTime>07:38:00</DepartureTime>
                  <DepartureDayOffset>0</DepartureDayOffset>
                </TimetabledPassingTime>
                <TimetabledPassingTime version="3005868" id="VTR:TimetabledPassingTime:3003727_104169430_8">
                  <StopPointInJourneyPatternRef ref="VTR:StopPointInJourneyPattern:104169430" version="3005868"/>
                  <DepartureTime>07:39:00</DepartureTime>
                  <DepartureDayOffset>0</DepartureDayOffset>
                </TimetabledPassingTime>
                <TimetabledPassingTime version="3005868" id="VTR:TimetabledPassingTime:3003727_104169431_9">
                  <StopPointInJourneyPatternRef ref="VTR:StopPointInJourneyPattern:104169431" version="3005868"/>
                  <DepartureTime>07:40:00</DepartureTime>
                  <DepartureDayOffset>0</DepartureDayOffset>
                </TimetabledPassingTime>
                <TimetabledPassingTime version="3005868" id="VTR:TimetabledPassingTime:3003727_104169432_10">
                  <StopPointInJourneyPatternRef ref="VTR:StopPointInJourneyPattern:104169432" version="3005868"/>
                  <DepartureTime>07:41:00</DepartureTime>
                  <DepartureDayOffset>0</DepartureDayOffset>
                </TimetabledPassingTime>
                <TimetabledPassingTime version="3005868" id="VTR:TimetabledPassingTime:3003727_104169433_11">
                  <StopPointInJourneyPatternRef ref="VTR:StopPointInJourneyPattern:104169433" version="3005868"/>
                  <DepartureTime>07:42:00</DepartureTime>
                  <DepartureDayOffset>0</DepartureDayOffset>
                </TimetabledPassingTime>
                <TimetabledPassingTime version="3005868" id="VTR:TimetabledPassingTime:3003727_104169434_12">
                  <StopPointInJourneyPatternRef ref="VTR:StopPointInJourneyPattern:104169434" version="3005868"/>
                  <DepartureTime>07:44:00</DepartureTime>
                  <DepartureDayOffset>0</DepartureDayOffset>
                </TimetabledPassingTime>
                <TimetabledPassingTime version="3005868" id="VTR:TimetabledPassingTime:3003727_104169435_13">
                  <StopPointInJourneyPatternRef ref="VTR:StopPointInJourneyPattern:104169435" version="3005868"/>
                  <DepartureTime>07:45:00</DepartureTime>
                  <DepartureDayOffset>0</DepartureDayOffset>
                </TimetabledPassingTime>
                <TimetabledPassingTime version="3005868" id="VTR:TimetabledPassingTime:3003727_104169436_14">
                  <StopPointInJourneyPatternRef ref="VTR:StopPointInJourneyPattern:104169436" version="3005868"/>
                  <DepartureTime>07:47:00</DepartureTime>
                  <DepartureDayOffset>0</DepartureDayOffset>
                </TimetabledPassingTime>
                <TimetabledPassingTime version="3005868" id="VTR:TimetabledPassingTime:3003727_104169437_15">
                  <StopPointInJourneyPatternRef ref="VTR:StopPointInJourneyPattern:104169437" version="3005868"/>
                  <DepartureTime>07:49:00</DepartureTime>
                  <DepartureDayOffset>0</DepartureDayOffset>
                </TimetabledPassingTime>
                <TimetabledPassingTime version="3005868" id="VTR:TimetabledPassingTime:3003727_104169438_16">
                  <StopPointInJourneyPatternRef ref="VTR:StopPointInJourneyPattern:104169438" version="3005868"/>
                  <DepartureTime>07:52:00</DepartureTime>
                  <DepartureDayOffset>0</DepartureDayOffset>
                </TimetabledPassingTime>
              </passingTimes>
            </ServiceJourney>
          </vehicleJourneys>
        </TimetableFrame>
        <ResourceFrame version="1" id="VTR:ResourceFrame:1368">
          <organisations>
            <Authority version="1" id="VTR:Authority:34">
              <CompanyNumber>82</CompanyNumber>
              <Name>Utenos r. sav.</Name>
              <LegalName>Utenos r. sav.</LegalName>
              <ContactDetails>
                <Email>info@utena.lt</Email>
                <Phone>838961620</Phone>
                <Url>www.utena.lt</Url>
              </ContactDetails>
              <OrganisationType>authority</OrganisationType>
            </Authority>
          </organisations>
        </ResourceFrame>
        <FareFrame id="VTR:FareFrame:6459" version="1">
          <FrameDefaults>
            <DefaultCurrency>EUR</DefaultCurrency>
          </FrameDefaults>
          <timeUnits>
            <TimeUnit id="VTR:TimeUnit:tu1" version="1">
              <Name>Time unit of 1 hour</Name>
            </TimeUnit>
          </timeUnits>
          <tariffs>
            <Tariff id="VTR:Tariff:timeInterval_6459" version="1">
              <Name>Time based fare</Name>
              <TimeUnitRef ref="VTR:TimeUnit:tu1" version="1"/>
              <timeIntervals>
                <TimeInterval id="VTR:TimeInterval:ti_0.4h" version="1">
                  <Name>0.4 Hour</Name>
                  <Duration>PT24M</Duration>
                  <timeStructureFactors>
                    <TimeStructureFactor id="VTR:TimeStructureFactor:tsf_0.4h" version="1">
                      <Name>0.4 hour use</Name>
                      <TimeUnitRef ref="VTR:TimeUnit:tu1" version="1"/>
                    </TimeStructureFactor>
                  </timeStructureFactors>
                </TimeInterval>
              </timeIntervals>
              <fareStructureElements>
                <FareStructureElement id="VTR:FareStructureElement:periods" version="1">
                  <Name>Allowed uses use of a public transport</Name>
                  <timeStructureFactors>
                    <TimeStructureFactorRef ref="VTR:TimeStructureFactor:tsf_0.4h" version="1"/>
                  </timeStructureFactors>
                </FareStructureElement>
              </fareStructureElements>
            </Tariff>
          </tariffs>
          <usageParameters>
            <FrequencyOfUse id="VTR:FrequencyOfUse:unlimited" version="1">
              <Name>transfers</Name>
              <FrequencyOfUseType>unlimited</FrequencyOfUseType>
            </FrequencyOfUse>
            <UsageValidityPeriod id="VTR:UsageValidityPeriod:0.4h" version="1">
              <Name>0.4 hour use</Name>
              <UsageEnd>standardDuration</UsageEnd>
              <StandardDuration>PT24M</StandardDuration>
            </UsageValidityPeriod>
          </usageParameters>
          <priceGroups>
            <PriceGroup id="VTR:PriceGroup:PG01" version="1">
              <Name>Prices for Time Interval Fare Products - Standard</Name>
              <members>
                <TimeIntervalPrice id="VTR:TimeIntervalPrice:tip_0.4h" version="1">
                  <Amount>0.6</Amount>
                  <TimeIntervalRef ref="VTR:TimeInterval:ti_0.4h" version="1"/>
                </TimeIntervalPrice>
              </members>
            </PriceGroup>
          </priceGroups>
        </FareFrame>
      </frames>
    </CompositeFrame>
  </dataObjects>
</PublicationDelivery>
