<?xml version="1.0" encoding="UTF-8"?><PublicationDelivery xmlns="http://www.netex.org.uk/netex" xmlns:ns2="http://www.opengis.net/gml/3.2" xmlns:ns3="http://www.siri.org.uk/siri" xmlns:xsi="http://www.w3.org/2001/XMLSchema-instance" version="1" xsi:schemaLocation="">
  <PublicationTimestamp>2022-05-07T03:55:00.191</PublicationTimestamp>
  <ParticipantRef>VTR</ParticipantRef>
  <dataObjects>
    <SiteFrame modification="new" version="1" id="VTR:SiteFrame:1387">
      <FrameDefaults>
        <DefaultLocale>
          <TimeZone>Europe/Vilnius</TimeZone>
        </DefaultLocale>
        <DefaultLocationSystem>WGS84</DefaultLocationSystem>
      </FrameDefaults>
      <stopPlaces>
        <StopPlace created="2015-05-25T16:22:56" changed="2019-03-22T02:16:16" modification="revise" version="10257" id="VTR:StopPlaceElement:10257">
          <ValidBetween>
            <FromDate>2019-03-22T02:16:16</FromDate>
          </ValidBetween>
          <keyList>
            <KeyValue>
              <Key>DATA_SOURCE_TYPE</Key>
              <Value>LAKIS</Value>
            </KeyValue>
          </keyList>
          <Name lang="lt">Buteliūnai</Name>
          <Centroid>
            <Location>
              <Longitude>23.68265</Longitude>
              <Latitude>54.191455</Latitude>
            </Location>
          </Centroid>
          <TransportMode>bus</TransportMode>
          <StopPlaceType>onstreetBus</StopPlaceType>
          <Weighting>interchangeAllowed</Weighting>
          <quays>
            <Quay modification="new" version="10257" id="VTR:Quay:10257">
              <Centroid>
                <Location>
                  <Longitude>23.68265</Longitude>
                  <Latitude>54.191455</Latitude>
                </Location>
              </Centroid>
            </Quay>
          </quays>
        </StopPlace>
        <StopPlace created="2015-05-25T16:22:58" changed="2019-03-16T02:16:25" modification="revise" version="10259" id="VTR:StopPlaceElement:10259">
          <ValidBetween>
            <FromDate>2019-03-16T02:16:25</FromDate>
          </ValidBetween>
          <keyList>
            <KeyValue>
              <Key>DATA_SOURCE_TYPE</Key>
              <Value>LAKIS</Value>
            </KeyValue>
          </keyList>
          <Name lang="lt">Petroškai II</Name>
          <Centroid>
            <Location>
              <Longitude>23.648364</Longitude>
              <Latitude>54.099143</Latitude>
            </Location>
          </Centroid>
          <TransportMode>bus</TransportMode>
          <StopPlaceType>onstreetBus</StopPlaceType>
          <Weighting>interchangeAllowed</Weighting>
          <quays>
            <Quay modification="new" version="10259" id="VTR:Quay:10259">
              <Centroid>
                <Location>
                  <Longitude>23.648364</Longitude>
                  <Latitude>54.099143</Latitude>
                </Location>
              </Centroid>
            </Quay>
          </quays>
        </StopPlace>
        <StopPlace created="2015-05-25T16:23:54" changed="2019-03-16T02:16:27" modification="revise" version="10324" id="VTR:StopPlaceElement:10324">
          <ValidBetween>
            <FromDate>2019-03-16T02:16:27</FromDate>
          </ValidBetween>
          <keyList>
            <KeyValue>
              <Key>DATA_SOURCE_TYPE</Key>
              <Value>LAKIS</Value>
            </KeyValue>
          </keyList>
          <Name lang="lt">Palazdijai II</Name>
          <Centroid>
            <Location>
              <Longitude>23.511155</Longitude>
              <Latitude>54.189221</Latitude>
            </Location>
          </Centroid>
          <TransportMode>bus</TransportMode>
          <StopPlaceType>onstreetBus</StopPlaceType>
          <Weighting>interchangeAllowed</Weighting>
          <quays>
            <Quay modification="new" version="10324" id="VTR:Quay:10324">
              <Centroid>
                <Location>
                  <Longitude>23.511155</Longitude>
                  <Latitude>54.189221</Latitude>
                </Location>
              </Centroid>
            </Quay>
          </quays>
        </StopPlace>
        <StopPlace created="2015-05-25T16:29:10" changed="2019-03-15T02:15:58" modification="revise" version="10687" id="VTR:StopPlaceElement:10687">
          <ValidBetween>
            <FromDate>2019-03-15T02:15:58</FromDate>
          </ValidBetween>
          <keyList>
            <KeyValue>
              <Key>DATA_SOURCE_TYPE</Key>
              <Value>LAKIS</Value>
            </KeyValue>
          </keyList>
          <Name lang="lt">Pryga</Name>
          <Centroid>
            <Location>
              <Longitude>23.627755</Longitude>
              <Latitude>54.305678</Latitude>
            </Location>
          </Centroid>
          <TransportMode>bus</TransportMode>
          <StopPlaceType>onstreetBus</StopPlaceType>
          <Weighting>interchangeAllowed</Weighting>
          <quays>
            <Quay modification="new" version="10687" id="VTR:Quay:10687">
              <Centroid>
                <Location>
                  <Longitude>23.627755</Longitude>
                  <Latitude>54.305678</Latitude>
                </Location>
              </Centroid>
            </Quay>
          </quays>
        </StopPlace>
        <StopPlace created="2015-05-25T16:32:30" changed="2019-03-15T02:15:52" modification="revise" version="10910" id="VTR:StopPlaceElement:10910">
          <ValidBetween>
            <FromDate>2019-03-15T02:15:52</FromDate>
          </ValidBetween>
          <keyList>
            <KeyValue>
              <Key>DATA_SOURCE_TYPE</Key>
              <Value>LAKIS</Value>
            </KeyValue>
          </keyList>
          <Name lang="lt">Avižieniai</Name>
          <Centroid>
            <Location>
              <Longitude>23.724758</Longitude>
              <Latitude>54.184505</Latitude>
            </Location>
          </Centroid>
          <TransportMode>bus</TransportMode>
          <StopPlaceType>onstreetBus</StopPlaceType>
          <Weighting>interchangeAllowed</Weighting>
          <quays>
            <Quay modification="new" version="10910" id="VTR:Quay:10910">
              <Centroid>
                <Location>
                  <Longitude>23.724758</Longitude>
                  <Latitude>54.184505</Latitude>
                </Location>
              </Centroid>
            </Quay>
          </quays>
        </StopPlace>
        <StopPlace created="2015-05-25T16:32:36" changed="2019-03-22T02:15:59" modification="revise" version="10917" id="VTR:StopPlaceElement:10917">
          <ValidBetween>
            <FromDate>2019-03-22T02:15:59</FromDate>
          </ValidBetween>
          <keyList>
            <KeyValue>
              <Key>DATA_SOURCE_TYPE</Key>
              <Value>LAKIS</Value>
            </KeyValue>
          </keyList>
          <Name lang="lt">Varnėnai</Name>
          <Centroid>
            <Location>
              <Longitude>23.802584</Longitude>
              <Latitude>54.080777</Latitude>
            </Location>
          </Centroid>
          <TransportMode>bus</TransportMode>
          <StopPlaceType>onstreetBus</StopPlaceType>
          <Weighting>interchangeAllowed</Weighting>
          <quays>
            <Quay modification="new" version="10917" id="VTR:Quay:10917">
              <Centroid>
                <Location>
                  <Longitude>23.802584</Longitude>
                  <Latitude>54.080777</Latitude>
                </Location>
              </Centroid>
            </Quay>
          </quays>
        </StopPlace>
        <StopPlace created="2015-05-25T16:38:35" changed="2019-03-15T02:15:40" modification="revise" version="11299" id="VTR:StopPlaceElement:11299">
          <ValidBetween>
            <FromDate>2019-03-15T02:15:40</FromDate>
          </ValidBetween>
          <keyList>
            <KeyValue>
              <Key>DATA_SOURCE_TYPE</Key>
              <Value>LAKIS</Value>
            </KeyValue>
          </keyList>
          <Name lang="lt">Mikyčiai</Name>
          <Centroid>
            <Location>
              <Longitude>23.647947</Longitude>
              <Latitude>54.205639</Latitude>
            </Location>
          </Centroid>
          <TransportMode>bus</TransportMode>
          <StopPlaceType>onstreetBus</StopPlaceType>
          <Weighting>interchangeAllowed</Weighting>
          <quays>
            <Quay modification="new" version="11299" id="VTR:Quay:11299">
              <Centroid>
                <Location>
                  <Longitude>23.647947</Longitude>
                  <Latitude>54.205639</Latitude>
                </Location>
              </Centroid>
            </Quay>
          </quays>
        </StopPlace>
        <StopPlace created="2015-05-25T16:38:47" changed="2019-03-16T02:16:24" modification="revise" version="11311" id="VTR:StopPlaceElement:11311">
          <ValidBetween>
            <FromDate>2019-03-16T02:16:24</FromDate>
          </ValidBetween>
          <keyList>
            <KeyValue>
              <Key>DATA_SOURCE_TYPE</Key>
              <Value>LAKIS</Value>
            </KeyValue>
          </keyList>
          <Name lang="lt">Palazdijai I</Name>
          <Centroid>
            <Location>
              <Longitude>23.510628</Longitude>
              <Latitude>54.197497</Latitude>
            </Location>
          </Centroid>
          <TransportMode>bus</TransportMode>
          <StopPlaceType>onstreetBus</StopPlaceType>
          <Weighting>interchangeAllowed</Weighting>
          <quays>
            <Quay modification="new" version="11311" id="VTR:Quay:11311">
              <Centroid>
                <Location>
                  <Longitude>23.510628</Longitude>
                  <Latitude>54.197497</Latitude>
                </Location>
              </Centroid>
            </Quay>
          </quays>
        </StopPlace>
        <StopPlace created="2015-05-25T16:39:59" changed="2019-03-16T02:16:27" modification="revise" version="11385" id="VTR:StopPlaceElement:11385">
          <ValidBetween>
            <FromDate>2019-03-16T02:16:27</FromDate>
          </ValidBetween>
          <keyList>
            <KeyValue>
              <Key>DATA_SOURCE_TYPE</Key>
              <Value>LAKIS</Value>
            </KeyValue>
          </keyList>
          <Name lang="lt">Gaisrinė</Name>
          <Centroid>
            <Location>
              <Longitude>23.508695</Longitude>
              <Latitude>54.211881</Latitude>
            </Location>
          </Centroid>
          <TransportMode>bus</TransportMode>
          <StopPlaceType>onstreetBus</StopPlaceType>
          <Weighting>interchangeAllowed</Weighting>
          <quays>
            <Quay modification="new" version="11385" id="VTR:Quay:11385">
              <Centroid>
                <Location>
                  <Longitude>23.508695</Longitude>
                  <Latitude>54.211881</Latitude>
                </Location>
              </Centroid>
            </Quay>
          </quays>
        </StopPlace>
        <StopPlace created="2015-05-25T16:47:27" changed="2018-12-22T02:16:40" modification="revise" version="11841" id="VTR:StopPlaceElement:11841">
          <ValidBetween>
            <FromDate>2018-12-22T02:16:40</FromDate>
          </ValidBetween>
          <keyList>
            <KeyValue>
              <Key>DATA_SOURCE_TYPE</Key>
              <Value>LAKIS</Value>
            </KeyValue>
          </keyList>
          <Name lang="lt">Gudeliai</Name>
          <Centroid>
            <Location>
              <Longitude>23.614447</Longitude>
              <Latitude>54.152654</Latitude>
            </Location>
          </Centroid>
          <TransportMode>bus</TransportMode>
          <StopPlaceType>onstreetBus</StopPlaceType>
          <Weighting>interchangeAllowed</Weighting>
          <quays>
            <Quay modification="new" version="11841" id="VTR:Quay:11841">
              <Centroid>
                <Location>
                  <Longitude>23.614447</Longitude>
                  <Latitude>54.152654</Latitude>
                </Location>
              </Centroid>
            </Quay>
          </quays>
        </StopPlace>
        <StopPlace created="2015-05-25T16:48:04" changed="2018-12-22T02:16:34" modification="revise" version="11879" id="VTR:StopPlaceElement:11879">
          <ValidBetween>
            <FromDate>2018-12-22T02:16:34</FromDate>
          </ValidBetween>
          <keyList>
            <KeyValue>
              <Key>DATA_SOURCE_TYPE</Key>
              <Value>LAKIS</Value>
            </KeyValue>
          </keyList>
          <Name lang="lt">Čivonys</Name>
          <Centroid>
            <Location>
              <Longitude>23.631909</Longitude>
              <Latitude>54.129061</Latitude>
            </Location>
          </Centroid>
          <TransportMode>bus</TransportMode>
          <StopPlaceType>onstreetBus</StopPlaceType>
          <Weighting>interchangeAllowed</Weighting>
          <quays>
            <Quay modification="new" version="11879" id="VTR:Quay:11879">
              <Centroid>
                <Location>
                  <Longitude>23.631909</Longitude>
                  <Latitude>54.129061</Latitude>
                </Location>
              </Centroid>
            </Quay>
          </quays>
        </StopPlace>
        <StopPlace created="2015-05-25T16:48:10" changed="2019-01-22T07:58:07" modification="revise" version="11885" id="VTR:StopPlaceElement:11885">
          <ValidBetween>
            <FromDate>2019-01-22T07:58:07</FromDate>
          </ValidBetween>
          <keyList>
            <KeyValue>
              <Key>DATA_SOURCE_TYPE</Key>
              <Value>LAKIS</Value>
            </KeyValue>
          </keyList>
          <Name lang="lt">Nemajūnai</Name>
          <Centroid>
            <Location>
              <Longitude>23.577251</Longitude>
              <Latitude>54.232929</Latitude>
            </Location>
          </Centroid>
          <TransportMode>bus</TransportMode>
          <StopPlaceType>onstreetBus</StopPlaceType>
          <Weighting>interchangeAllowed</Weighting>
          <quays>
            <Quay modification="new" version="11885" id="VTR:Quay:11885">
              <Centroid>
                <Location>
                  <Longitude>23.577251</Longitude>
                  <Latitude>54.232929</Latitude>
                </Location>
              </Centroid>
            </Quay>
          </quays>
        </StopPlace>
        <StopPlace created="2015-05-25T16:48:51" changed="2018-12-22T02:16:19" modification="revise" version="11926" id="VTR:StopPlaceElement:11926">
          <ValidBetween>
            <FromDate>2018-12-22T02:16:19</FromDate>
          </ValidBetween>
          <keyList>
            <KeyValue>
              <Key>DATA_SOURCE_TYPE</Key>
              <Value>LAKIS</Value>
            </KeyValue>
          </keyList>
          <Name lang="lt">Gudeliai</Name>
          <Centroid>
            <Location>
              <Longitude>23.613993</Longitude>
              <Latitude>54.153155</Latitude>
            </Location>
          </Centroid>
          <TransportMode>bus</TransportMode>
          <StopPlaceType>onstreetBus</StopPlaceType>
          <Weighting>interchangeAllowed</Weighting>
          <quays>
            <Quay modification="new" version="11926" id="VTR:Quay:11926">
              <Centroid>
                <Location>
                  <Longitude>23.613993</Longitude>
                  <Latitude>54.153155</Latitude>
                </Location>
              </Centroid>
            </Quay>
          </quays>
        </StopPlace>
        <StopPlace created="2015-05-25T16:49:29" changed="2019-03-15T02:15:54" modification="revise" version="11962" id="VTR:StopPlaceElement:11962">
          <ValidBetween>
            <FromDate>2019-03-15T02:15:54</FromDate>
          </ValidBetween>
          <keyList>
            <KeyValue>
              <Key>DATA_SOURCE_TYPE</Key>
              <Value>LAKIS</Value>
            </KeyValue>
          </keyList>
          <Name lang="lt">Spartai</Name>
          <Centroid>
            <Location>
              <Longitude>23.663139</Longitude>
              <Latitude>54.166897</Latitude>
            </Location>
          </Centroid>
          <TransportMode>bus</TransportMode>
          <StopPlaceType>onstreetBus</StopPlaceType>
          <Weighting>interchangeAllowed</Weighting>
          <quays>
            <Quay modification="new" version="11962" id="VTR:Quay:11962">
              <Centroid>
                <Location>
                  <Longitude>23.663139</Longitude>
                  <Latitude>54.166897</Latitude>
                </Location>
              </Centroid>
            </Quay>
          </quays>
        </StopPlace>
        <StopPlace created="2015-05-25T16:56:41" changed="2019-03-15T02:15:48" modification="revise" version="12383" id="VTR:StopPlaceElement:12383">
          <ValidBetween>
            <FromDate>2019-03-15T02:15:48</FromDate>
          </ValidBetween>
          <keyList>
            <KeyValue>
              <Key>DATA_SOURCE_TYPE</Key>
              <Value>LAKIS</Value>
            </KeyValue>
          </keyList>
          <Name lang="lt">Lazdijai</Name>
          <Centroid>
            <Location>
              <Longitude>23.512106</Longitude>
              <Latitude>54.220484</Latitude>
            </Location>
          </Centroid>
          <TransportMode>bus</TransportMode>
          <StopPlaceType>onstreetBus</StopPlaceType>
          <Weighting>interchangeAllowed</Weighting>
          <quays>
            <Quay modification="new" version="12383" id="VTR:Quay:12383">
              <Centroid>
                <Location>
                  <Longitude>23.512106</Longitude>
                  <Latitude>54.220484</Latitude>
                </Location>
              </Centroid>
            </Quay>
          </quays>
        </StopPlace>
        <StopPlace created="2015-05-25T16:57:30" changed="2019-03-16T02:16:24" modification="revise" version="12431" id="VTR:StopPlaceElement:12431">
          <ValidBetween>
            <FromDate>2019-03-16T02:16:24</FromDate>
          </ValidBetween>
          <keyList>
            <KeyValue>
              <Key>DATA_SOURCE_TYPE</Key>
              <Value>LAKIS</Value>
            </KeyValue>
          </keyList>
          <Name lang="lt">Palazdijai II</Name>
          <Centroid>
            <Location>
              <Longitude>23.511654</Longitude>
              <Latitude>54.188529</Latitude>
            </Location>
          </Centroid>
          <TransportMode>bus</TransportMode>
          <StopPlaceType>onstreetBus</StopPlaceType>
          <Weighting>interchangeAllowed</Weighting>
          <quays>
            <Quay modification="new" version="12431" id="VTR:Quay:12431">
              <Centroid>
                <Location>
                  <Longitude>23.511654</Longitude>
                  <Latitude>54.188529</Latitude>
                </Location>
              </Centroid>
            </Quay>
          </quays>
        </StopPlace>
        <StopPlace created="2015-05-25T16:57:42" changed="2019-03-16T02:16:26" modification="revise" version="12442" id="VTR:StopPlaceElement:12442">
          <ValidBetween>
            <FromDate>2019-03-16T02:16:26</FromDate>
          </ValidBetween>
          <keyList>
            <KeyValue>
              <Key>DATA_SOURCE_TYPE</Key>
              <Value>LAKIS</Value>
            </KeyValue>
          </keyList>
          <Name lang="lt">Petroškai II</Name>
          <Centroid>
            <Location>
              <Longitude>23.64728</Longitude>
              <Latitude>54.09869</Latitude>
            </Location>
          </Centroid>
          <TransportMode>bus</TransportMode>
          <StopPlaceType>onstreetBus</StopPlaceType>
          <Weighting>interchangeAllowed</Weighting>
          <quays>
            <Quay modification="new" version="12442" id="VTR:Quay:12442">
              <Centroid>
                <Location>
                  <Longitude>23.64728</Longitude>
                  <Latitude>54.09869</Latitude>
                </Location>
              </Centroid>
            </Quay>
          </quays>
        </StopPlace>
        <StopPlace created="2015-05-25T16:58:01" changed="2019-03-15T02:15:42" modification="revise" version="12460" id="VTR:StopPlaceElement:12460">
          <ValidBetween>
            <FromDate>2019-03-15T02:15:42</FromDate>
          </ValidBetween>
          <keyList>
            <KeyValue>
              <Key>DATA_SOURCE_TYPE</Key>
              <Value>LAKIS</Value>
            </KeyValue>
          </keyList>
          <Name lang="lt">Mikyčiai</Name>
          <Centroid>
            <Location>
              <Longitude>23.644553</Longitude>
              <Latitude>54.196092</Latitude>
            </Location>
          </Centroid>
          <TransportMode>bus</TransportMode>
          <StopPlaceType>onstreetBus</StopPlaceType>
          <Weighting>interchangeAllowed</Weighting>
          <quays>
            <Quay modification="new" version="12460" id="VTR:Quay:12460">
              <Centroid>
                <Location>
                  <Longitude>23.644553</Longitude>
                  <Latitude>54.196092</Latitude>
                </Location>
              </Centroid>
            </Quay>
          </quays>
        </StopPlace>
        <StopPlace created="2015-05-25T17:06:58" changed="2019-03-15T02:15:51" modification="revise" version="12948" id="VTR:StopPlaceElement:12948">
          <ValidBetween>
            <FromDate>2019-03-15T02:15:50</FromDate>
          </ValidBetween>
          <keyList>
            <KeyValue>
              <Key>DATA_SOURCE_TYPE</Key>
              <Value>LAKIS</Value>
            </KeyValue>
          </keyList>
          <Name lang="lt">Teizai I</Name>
          <Centroid>
            <Location>
              <Longitude>23.630975</Longitude>
              <Latitude>54.267426</Latitude>
            </Location>
          </Centroid>
          <TransportMode>bus</TransportMode>
          <StopPlaceType>onstreetBus</StopPlaceType>
          <Weighting>interchangeAllowed</Weighting>
          <quays>
            <Quay modification="new" version="12948" id="VTR:Quay:12948">
              <Centroid>
                <Location>
                  <Longitude>23.630975</Longitude>
                  <Latitude>54.267426</Latitude>
                </Location>
              </Centroid>
            </Quay>
          </quays>
        </StopPlace>
        <StopPlace created="2015-05-25T17:07:16" changed="2019-01-22T07:59:14" modification="revise" version="12963" id="VTR:StopPlaceElement:12963">
          <ValidBetween>
            <FromDate>2019-01-22T07:59:14</FromDate>
          </ValidBetween>
          <keyList>
            <KeyValue>
              <Key>DATA_SOURCE_TYPE</Key>
              <Value>LAKIS</Value>
            </KeyValue>
          </keyList>
          <Name lang="lt">Agariniai</Name>
          <Centroid>
            <Location>
              <Longitude>23.609998</Longitude>
              <Latitude>54.235892</Latitude>
            </Location>
          </Centroid>
          <TransportMode>bus</TransportMode>
          <StopPlaceType>onstreetBus</StopPlaceType>
          <Weighting>interchangeAllowed</Weighting>
          <quays>
            <Quay modification="new" version="12963" id="VTR:Quay:12963">
              <Centroid>
                <Location>
                  <Longitude>23.609998</Longitude>
                  <Latitude>54.235892</Latitude>
                </Location>
              </Centroid>
            </Quay>
          </quays>
        </StopPlace>
        <StopPlace created="2015-05-25T17:14:59" changed="2019-03-15T02:15:41" modification="revise" version="13376" id="VTR:StopPlaceElement:13376">
          <ValidBetween>
            <FromDate>2019-03-15T02:15:41</FromDate>
          </ValidBetween>
          <keyList>
            <KeyValue>
              <Key>DATA_SOURCE_TYPE</Key>
              <Value>LAKIS</Value>
            </KeyValue>
          </keyList>
          <Name lang="lt">Ežerėliai</Name>
          <Centroid>
            <Location>
              <Longitude>23.644985</Longitude>
              <Latitude>54.224739</Latitude>
            </Location>
          </Centroid>
          <TransportMode>bus</TransportMode>
          <StopPlaceType>onstreetBus</StopPlaceType>
          <Weighting>interchangeAllowed</Weighting>
          <quays>
            <Quay modification="new" version="13376" id="VTR:Quay:13376">
              <Centroid>
                <Location>
                  <Longitude>23.644985</Longitude>
                  <Latitude>54.224739</Latitude>
                </Location>
              </Centroid>
            </Quay>
          </quays>
        </StopPlace>
        <StopPlace created="2015-05-25T17:15:00" changed="2019-03-15T02:15:42" modification="revise" version="13377" id="VTR:StopPlaceElement:13377">
          <ValidBetween>
            <FromDate>2019-03-15T02:15:42</FromDate>
          </ValidBetween>
          <keyList>
            <KeyValue>
              <Key>DATA_SOURCE_TYPE</Key>
              <Value>LAKIS</Value>
            </KeyValue>
          </keyList>
          <Name lang="lt">Ežerėliai</Name>
          <Centroid>
            <Location>
              <Longitude>23.645262</Longitude>
              <Latitude>54.224515</Latitude>
            </Location>
          </Centroid>
          <TransportMode>bus</TransportMode>
          <StopPlaceType>onstreetBus</StopPlaceType>
          <Weighting>interchangeAllowed</Weighting>
          <quays>
            <Quay modification="new" version="13377" id="VTR:Quay:13377">
              <Centroid>
                <Location>
                  <Longitude>23.645262</Longitude>
                  <Latitude>54.224515</Latitude>
                </Location>
              </Centroid>
            </Quay>
          </quays>
        </StopPlace>
        <StopPlace created="2015-05-25T17:20:07" changed="2019-03-15T02:15:48" modification="revise" version="13646" id="VTR:StopPlaceElement:13646">
          <ValidBetween>
            <FromDate>2019-03-15T02:15:48</FromDate>
          </ValidBetween>
          <keyList>
            <KeyValue>
              <Key>DATA_SOURCE_TYPE</Key>
              <Value>LAKIS</Value>
            </KeyValue>
          </keyList>
          <Name lang="lt">Teizai II</Name>
          <Centroid>
            <Location>
              <Longitude>23.623808</Longitude>
              <Latitude>54.277349</Latitude>
            </Location>
          </Centroid>
          <TransportMode>bus</TransportMode>
          <StopPlaceType>onstreetBus</StopPlaceType>
          <Weighting>interchangeAllowed</Weighting>
          <quays>
            <Quay modification="new" version="13646" id="VTR:Quay:13646">
              <Centroid>
                <Location>
                  <Longitude>23.623808</Longitude>
                  <Latitude>54.277349</Latitude>
                </Location>
              </Centroid>
            </Quay>
          </quays>
        </StopPlace>
        <StopPlace created="2015-05-25T17:24:36" changed="2019-03-16T02:15:55" modification="revise" version="13877" id="VTR:StopPlaceElement:13877">
          <ValidBetween>
            <FromDate>2019-03-16T02:15:55</FromDate>
          </ValidBetween>
          <keyList>
            <KeyValue>
              <Key>DATA_SOURCE_TYPE</Key>
              <Value>LAKIS</Value>
            </KeyValue>
          </keyList>
          <Name lang="lt">Kučiūnai</Name>
          <Centroid>
            <Location>
              <Longitude>23.518495</Longitude>
              <Latitude>54.126021</Latitude>
            </Location>
          </Centroid>
          <TransportMode>bus</TransportMode>
          <StopPlaceType>onstreetBus</StopPlaceType>
          <Weighting>interchangeAllowed</Weighting>
          <quays>
            <Quay modification="new" version="13877" id="VTR:Quay:13877">
              <Centroid>
                <Location>
                  <Longitude>23.518495</Longitude>
                  <Latitude>54.126021</Latitude>
                </Location>
              </Centroid>
            </Quay>
          </quays>
        </StopPlace>
        <StopPlace created="2015-05-25T17:25:04" changed="2018-12-22T02:16:20" modification="revise" version="13900" id="VTR:StopPlaceElement:13900">
          <ValidBetween>
            <FromDate>2018-12-22T02:16:20</FromDate>
          </ValidBetween>
          <keyList>
            <KeyValue>
              <Key>DATA_SOURCE_TYPE</Key>
              <Value>LAKIS</Value>
            </KeyValue>
          </keyList>
          <Name lang="lt">Šadžiūnai</Name>
          <Centroid>
            <Location>
              <Longitude>23.775964</Longitude>
              <Latitude>54.103415</Latitude>
            </Location>
          </Centroid>
          <TransportMode>bus</TransportMode>
          <StopPlaceType>onstreetBus</StopPlaceType>
          <Weighting>interchangeAllowed</Weighting>
          <quays>
            <Quay modification="new" version="13900" id="VTR:Quay:13900">
              <Centroid>
                <Location>
                  <Longitude>23.775964</Longitude>
                  <Latitude>54.103415</Latitude>
                </Location>
              </Centroid>
            </Quay>
          </quays>
        </StopPlace>
        <StopPlace created="2015-05-25T17:32:34" changed="2019-03-16T02:16:25" modification="revise" version="14279" id="VTR:StopPlaceElement:14279">
          <ValidBetween>
            <FromDate>2019-03-16T02:16:25</FromDate>
          </ValidBetween>
          <keyList>
            <KeyValue>
              <Key>DATA_SOURCE_TYPE</Key>
              <Value>LAKIS</Value>
            </KeyValue>
          </keyList>
          <Name lang="lt">Lazdijai</Name>
          <Centroid>
            <Location>
              <Longitude>23.511807</Longitude>
              <Latitude>54.219871</Latitude>
            </Location>
          </Centroid>
          <TransportMode>bus</TransportMode>
          <StopPlaceType>onstreetBus</StopPlaceType>
          <Weighting>interchangeAllowed</Weighting>
          <quays>
            <Quay modification="new" version="14279" id="VTR:Quay:14279">
              <Centroid>
                <Location>
                  <Longitude>23.511807</Longitude>
                  <Latitude>54.219871</Latitude>
                </Location>
              </Centroid>
            </Quay>
          </quays>
        </StopPlace>
        <StopPlace created="2015-05-25T17:33:39" changed="2019-03-16T02:16:28" modification="revise" version="14332" id="VTR:StopPlaceElement:14332">
          <ValidBetween>
            <FromDate>2019-03-16T02:16:28</FromDate>
          </ValidBetween>
          <keyList>
            <KeyValue>
              <Key>DATA_SOURCE_TYPE</Key>
              <Value>LAKIS</Value>
            </KeyValue>
          </keyList>
          <Name lang="lt">Šulneliai</Name>
          <Centroid>
            <Location>
              <Longitude>23.53122</Longitude>
              <Latitude>54.17425</Latitude>
            </Location>
          </Centroid>
          <TransportMode>bus</TransportMode>
          <StopPlaceType>onstreetBus</StopPlaceType>
          <Weighting>interchangeAllowed</Weighting>
          <quays>
            <Quay modification="new" version="14332" id="VTR:Quay:14332">
              <Centroid>
                <Location>
                  <Longitude>23.53122</Longitude>
                  <Latitude>54.17425</Latitude>
                </Location>
              </Centroid>
            </Quay>
          </quays>
        </StopPlace>
        <StopPlace created="2015-05-25T17:46:21" changed="2019-03-15T02:15:52" modification="revise" version="14948" id="VTR:StopPlaceElement:14948">
          <ValidBetween>
            <FromDate>2019-03-15T02:15:51</FromDate>
          </ValidBetween>
          <keyList>
            <KeyValue>
              <Key>DATA_SOURCE_TYPE</Key>
              <Value>LAKIS</Value>
            </KeyValue>
          </keyList>
          <Name lang="lt">Avižieniai</Name>
          <Centroid>
            <Location>
              <Longitude>23.723414</Longitude>
              <Latitude>54.184288</Latitude>
            </Location>
          </Centroid>
          <TransportMode>bus</TransportMode>
          <StopPlaceType>onstreetBus</StopPlaceType>
          <Weighting>interchangeAllowed</Weighting>
          <quays>
            <Quay modification="new" version="14948" id="VTR:Quay:14948">
              <Centroid>
                <Location>
                  <Longitude>23.723414</Longitude>
                  <Latitude>54.184288</Latitude>
                </Location>
              </Centroid>
            </Quay>
          </quays>
        </StopPlace>
        <StopPlace created="2015-05-25T17:46:31" changed="2018-12-22T02:16:39" modification="revise" version="14956" id="VTR:StopPlaceElement:14956">
          <ValidBetween>
            <FromDate>2018-12-22T02:16:39</FromDate>
          </ValidBetween>
          <keyList>
            <KeyValue>
              <Key>DATA_SOURCE_TYPE</Key>
              <Value>LAKIS</Value>
            </KeyValue>
          </keyList>
          <Name lang="lt">Kukliai</Name>
          <Centroid>
            <Location>
              <Longitude>23.557828</Longitude>
              <Latitude>54.206462</Latitude>
            </Location>
          </Centroid>
          <TransportMode>bus</TransportMode>
          <StopPlaceType>onstreetBus</StopPlaceType>
          <Weighting>interchangeAllowed</Weighting>
          <quays>
            <Quay modification="new" version="14956" id="VTR:Quay:14956">
              <Centroid>
                <Location>
                  <Longitude>23.557828</Longitude>
                  <Latitude>54.206462</Latitude>
                </Location>
              </Centroid>
            </Quay>
          </quays>
        </StopPlace>
        <StopPlace created="2015-05-25T17:46:32" changed="2018-12-22T02:16:32" modification="revise" version="14957" id="VTR:StopPlaceElement:14957">
          <ValidBetween>
            <FromDate>2018-12-22T02:16:32</FromDate>
          </ValidBetween>
          <keyList>
            <KeyValue>
              <Key>DATA_SOURCE_TYPE</Key>
              <Value>LAKIS</Value>
            </KeyValue>
          </keyList>
          <Name lang="lt">Petroškų kr.</Name>
          <Centroid>
            <Location>
              <Longitude>23.651242</Longitude>
              <Latitude>54.117849</Latitude>
            </Location>
          </Centroid>
          <TransportMode>bus</TransportMode>
          <StopPlaceType>onstreetBus</StopPlaceType>
          <Weighting>interchangeAllowed</Weighting>
          <quays>
            <Quay modification="new" version="14957" id="VTR:Quay:14957">
              <Centroid>
                <Location>
                  <Longitude>23.651242</Longitude>
                  <Latitude>54.117849</Latitude>
                </Location>
              </Centroid>
            </Quay>
          </quays>
        </StopPlace>
        <StopPlace created="2015-05-25T17:46:36" changed="2018-12-22T02:15:28" modification="revise" version="14960" id="VTR:StopPlaceElement:14960">
          <ValidBetween>
            <FromDate>2018-12-22T02:15:28</FromDate>
          </ValidBetween>
          <keyList>
            <KeyValue>
              <Key>DATA_SOURCE_TYPE</Key>
              <Value>LAKIS</Value>
            </KeyValue>
          </keyList>
          <Name lang="lt">Druskininkėliai</Name>
          <Centroid>
            <Location>
              <Longitude>23.844628</Longitude>
              <Latitude>54.093369</Latitude>
            </Location>
          </Centroid>
          <TransportMode>bus</TransportMode>
          <StopPlaceType>onstreetBus</StopPlaceType>
          <Weighting>interchangeAllowed</Weighting>
          <quays>
            <Quay modification="new" version="14960" id="VTR:Quay:14960">
              <Centroid>
                <Location>
                  <Longitude>23.844628</Longitude>
                  <Latitude>54.093369</Latitude>
                </Location>
              </Centroid>
            </Quay>
          </quays>
        </StopPlace>
        <StopPlace created="2015-05-25T17:46:37" changed="2018-12-22T02:16:19" modification="revise" version="14961" id="VTR:StopPlaceElement:14961">
          <ValidBetween>
            <FromDate>2018-12-22T02:16:19</FromDate>
          </ValidBetween>
          <keyList>
            <KeyValue>
              <Key>DATA_SOURCE_TYPE</Key>
              <Value>LAKIS</Value>
            </KeyValue>
          </keyList>
          <Name lang="lt">Kalveliai</Name>
          <Centroid>
            <Location>
              <Longitude>23.651317</Longitude>
              <Latitude>54.117863</Latitude>
            </Location>
          </Centroid>
          <TransportMode>bus</TransportMode>
          <StopPlaceType>onstreetBus</StopPlaceType>
          <Weighting>interchangeAllowed</Weighting>
          <quays>
            <Quay modification="new" version="14961" id="VTR:Quay:14961">
              <Centroid>
                <Location>
                  <Longitude>23.651317</Longitude>
                  <Latitude>54.117863</Latitude>
                </Location>
              </Centroid>
            </Quay>
          </quays>
        </StopPlace>
        <StopPlace created="2015-05-25T17:47:08" changed="2019-03-16T02:15:55" modification="revise" version="14984" id="VTR:StopPlaceElement:14984">
          <ValidBetween>
            <FromDate>2019-03-16T02:15:55</FromDate>
          </ValidBetween>
          <keyList>
            <KeyValue>
              <Key>DATA_SOURCE_TYPE</Key>
              <Value>LAKIS</Value>
            </KeyValue>
          </keyList>
          <Name lang="lt">Šilelio g -ja</Name>
          <Centroid>
            <Location>
              <Longitude>23.584087</Longitude>
              <Latitude>54.090275</Latitude>
            </Location>
          </Centroid>
          <TransportMode>bus</TransportMode>
          <StopPlaceType>onstreetBus</StopPlaceType>
          <Weighting>interchangeAllowed</Weighting>
          <quays>
            <Quay modification="new" version="14984" id="VTR:Quay:14984">
              <Centroid>
                <Location>
                  <Longitude>23.584087</Longitude>
                  <Latitude>54.090275</Latitude>
                </Location>
              </Centroid>
            </Quay>
          </quays>
        </StopPlace>
        <StopPlace created="2015-05-25T17:47:28" changed="2018-12-22T02:16:21" modification="revise" version="15000" id="VTR:StopPlaceElement:15000">
          <ValidBetween>
            <FromDate>2018-12-22T02:16:21</FromDate>
          </ValidBetween>
          <keyList>
            <KeyValue>
              <Key>DATA_SOURCE_TYPE</Key>
              <Value>LAKIS</Value>
            </KeyValue>
          </keyList>
          <Name lang="lt">Miškų ūk.</Name>
          <Centroid>
            <Location>
              <Longitude>23.677825</Longitude>
              <Latitude>54.104191</Latitude>
            </Location>
          </Centroid>
          <TransportMode>bus</TransportMode>
          <StopPlaceType>onstreetBus</StopPlaceType>
          <Weighting>interchangeAllowed</Weighting>
          <quays>
            <Quay modification="new" version="15000" id="VTR:Quay:15000">
              <Centroid>
                <Location>
                  <Longitude>23.677825</Longitude>
                  <Latitude>54.104191</Latitude>
                </Location>
              </Centroid>
            </Quay>
          </quays>
        </StopPlace>
        <StopPlace created="2015-05-25T17:48:16" changed="2018-12-22T02:16:36" modification="revise" version="15037" id="VTR:StopPlaceElement:15037">
          <ValidBetween>
            <FromDate>2018-12-22T02:16:36</FromDate>
          </ValidBetween>
          <keyList>
            <KeyValue>
              <Key>DATA_SOURCE_TYPE</Key>
              <Value>LAKIS</Value>
            </KeyValue>
          </keyList>
          <Name lang="lt">Kukliai</Name>
          <Centroid>
            <Location>
              <Longitude>23.556398</Longitude>
              <Latitude>54.207039</Latitude>
            </Location>
          </Centroid>
          <TransportMode>bus</TransportMode>
          <StopPlaceType>onstreetBus</StopPlaceType>
          <Weighting>interchangeAllowed</Weighting>
          <quays>
            <Quay modification="new" version="15037" id="VTR:Quay:15037">
              <Centroid>
                <Location>
                  <Longitude>23.556398</Longitude>
                  <Latitude>54.207039</Latitude>
                </Location>
              </Centroid>
            </Quay>
          </quays>
        </StopPlace>
        <StopPlace created="2015-05-25T17:48:32" changed="2018-12-22T02:16:18" modification="revise" version="15050" id="VTR:StopPlaceElement:15050">
          <ValidBetween>
            <FromDate>2018-12-22T02:16:18</FromDate>
          </ValidBetween>
          <keyList>
            <KeyValue>
              <Key>DATA_SOURCE_TYPE</Key>
              <Value>LAKIS</Value>
            </KeyValue>
          </keyList>
          <Name lang="lt">Petroškų kr.</Name>
          <Centroid>
            <Location>
              <Longitude>23.664515</Longitude>
              <Latitude>54.1082</Latitude>
            </Location>
          </Centroid>
          <TransportMode>bus</TransportMode>
          <StopPlaceType>onstreetBus</StopPlaceType>
          <Weighting>interchangeAllowed</Weighting>
          <quays>
            <Quay modification="new" version="15050" id="VTR:Quay:15050">
              <Centroid>
                <Location>
                  <Longitude>23.664515</Longitude>
                  <Latitude>54.1082</Latitude>
                </Location>
              </Centroid>
            </Quay>
          </quays>
        </StopPlace>
        <StopPlace created="2015-05-25T17:48:40" changed="2018-12-22T02:15:35" modification="revise" version="15056" id="VTR:StopPlaceElement:15056">
          <ValidBetween>
            <FromDate>2018-12-22T02:15:35</FromDate>
          </ValidBetween>
          <keyList>
            <KeyValue>
              <Key>DATA_SOURCE_TYPE</Key>
              <Value>LAKIS</Value>
            </KeyValue>
          </keyList>
          <Name lang="lt">Neravai</Name>
          <Centroid>
            <Location>
              <Longitude>23.583896</Longitude>
              <Latitude>54.18958</Latitude>
            </Location>
          </Centroid>
          <TransportMode>bus</TransportMode>
          <StopPlaceType>onstreetBus</StopPlaceType>
          <Weighting>interchangeAllowed</Weighting>
          <quays>
            <Quay modification="new" version="15056" id="VTR:Quay:15056">
              <Centroid>
                <Location>
                  <Longitude>23.583896</Longitude>
                  <Latitude>54.18958</Latitude>
                </Location>
              </Centroid>
            </Quay>
          </quays>
        </StopPlace>
        <StopPlace created="2015-05-25T17:48:49" changed="2019-03-15T02:15:53" modification="revise" version="15061" id="VTR:StopPlaceElement:15061">
          <ValidBetween>
            <FromDate>2019-03-15T02:15:53</FromDate>
          </ValidBetween>
          <keyList>
            <KeyValue>
              <Key>DATA_SOURCE_TYPE</Key>
              <Value>LAKIS</Value>
            </KeyValue>
          </keyList>
          <Name lang="lt">Buteliūnai</Name>
          <Centroid>
            <Location>
              <Longitude>23.691306</Longitude>
              <Latitude>54.177019</Latitude>
            </Location>
          </Centroid>
          <TransportMode>bus</TransportMode>
          <StopPlaceType>onstreetBus</StopPlaceType>
          <Weighting>interchangeAllowed</Weighting>
          <quays>
            <Quay modification="new" version="15061" id="VTR:Quay:15061">
              <Centroid>
                <Location>
                  <Longitude>23.691306</Longitude>
                  <Latitude>54.177019</Latitude>
                </Location>
              </Centroid>
            </Quay>
          </quays>
        </StopPlace>
        <StopPlace created="2015-05-25T17:48:51" changed="2019-01-22T07:59:16" modification="revise" version="15063" id="VTR:StopPlaceElement:15063">
          <ValidBetween>
            <FromDate>2019-01-22T07:59:16</FromDate>
          </ValidBetween>
          <keyList>
            <KeyValue>
              <Key>DATA_SOURCE_TYPE</Key>
              <Value>LAKIS</Value>
            </KeyValue>
          </keyList>
          <Name lang="lt">Švenežeris</Name>
          <Centroid>
            <Location>
              <Longitude>23.639928</Longitude>
              <Latitude>54.239256</Latitude>
            </Location>
          </Centroid>
          <TransportMode>bus</TransportMode>
          <StopPlaceType>onstreetBus</StopPlaceType>
          <Weighting>interchangeAllowed</Weighting>
          <quays>
            <Quay modification="new" version="15063" id="VTR:Quay:15063">
              <Centroid>
                <Location>
                  <Longitude>23.639928</Longitude>
                  <Latitude>54.239256</Latitude>
                </Location>
              </Centroid>
            </Quay>
          </quays>
        </StopPlace>
        <StopPlace created="2015-05-25T17:49:23" changed="2019-03-16T02:15:57" modification="revise" version="15088" id="VTR:StopPlaceElement:15088">
          <ValidBetween>
            <FromDate>2019-03-16T02:15:57</FromDate>
          </ValidBetween>
          <keyList>
            <KeyValue>
              <Key>DATA_SOURCE_TYPE</Key>
              <Value>LAKIS</Value>
            </KeyValue>
          </keyList>
          <Name lang="lt">Miškiniai</Name>
          <Centroid>
            <Location>
              <Longitude>23.537556</Longitude>
              <Latitude>54.156699</Latitude>
            </Location>
          </Centroid>
          <TransportMode>bus</TransportMode>
          <StopPlaceType>onstreetBus</StopPlaceType>
          <Weighting>interchangeAllowed</Weighting>
          <quays>
            <Quay modification="new" version="15088" id="VTR:Quay:15088">
              <Centroid>
                <Location>
                  <Longitude>23.537556</Longitude>
                  <Latitude>54.156699</Latitude>
                </Location>
              </Centroid>
            </Quay>
          </quays>
        </StopPlace>
        <StopPlace created="2015-05-25T18:03:32" changed="2019-03-15T02:15:50" modification="revise" version="15732" id="VTR:StopPlaceElement:15732">
          <ValidBetween>
            <FromDate>2019-03-15T02:15:50</FromDate>
          </ValidBetween>
          <keyList>
            <KeyValue>
              <Key>DATA_SOURCE_TYPE</Key>
              <Value>LAKIS</Value>
            </KeyValue>
          </keyList>
          <Name lang="lt">Teizai II</Name>
          <Centroid>
            <Location>
              <Longitude>23.624284</Longitude>
              <Latitude>54.276907</Latitude>
            </Location>
          </Centroid>
          <TransportMode>bus</TransportMode>
          <StopPlaceType>onstreetBus</StopPlaceType>
          <Weighting>interchangeAllowed</Weighting>
          <quays>
            <Quay modification="new" version="15732" id="VTR:Quay:15732">
              <Centroid>
                <Location>
                  <Longitude>23.624284</Longitude>
                  <Latitude>54.276907</Latitude>
                </Location>
              </Centroid>
            </Quay>
          </quays>
        </StopPlace>
        <StopPlace created="2015-05-25T18:08:16" changed="2019-03-15T02:15:51" modification="revise" version="15939" id="VTR:StopPlaceElement:15939">
          <ValidBetween>
            <FromDate>2019-03-15T02:15:51</FromDate>
          </ValidBetween>
          <keyList>
            <KeyValue>
              <Key>DATA_SOURCE_TYPE</Key>
              <Value>LAKIS</Value>
            </KeyValue>
          </keyList>
          <Name lang="lt">Spartai</Name>
          <Centroid>
            <Location>
              <Longitude>23.663937</Longitude>
              <Latitude>54.167838</Latitude>
            </Location>
          </Centroid>
          <TransportMode>bus</TransportMode>
          <StopPlaceType>onstreetBus</StopPlaceType>
          <Weighting>interchangeAllowed</Weighting>
          <quays>
            <Quay modification="new" version="15939" id="VTR:Quay:15939">
              <Centroid>
                <Location>
                  <Longitude>23.663937</Longitude>
                  <Latitude>54.167838</Latitude>
                </Location>
              </Centroid>
            </Quay>
          </quays>
        </StopPlace>
        <StopPlace created="2015-05-25T18:17:14" changed="2019-03-16T02:16:26" modification="revise" version="16341" id="VTR:StopPlaceElement:16341">
          <ValidBetween>
            <FromDate>2019-03-16T02:16:26</FromDate>
          </ValidBetween>
          <keyList>
            <KeyValue>
              <Key>DATA_SOURCE_TYPE</Key>
              <Value>LAKIS</Value>
            </KeyValue>
          </keyList>
          <Name lang="lt">Petroškai I</Name>
          <Centroid>
            <Location>
              <Longitude>23.631472</Longitude>
              <Latitude>54.093279</Latitude>
            </Location>
          </Centroid>
          <TransportMode>bus</TransportMode>
          <StopPlaceType>onstreetBus</StopPlaceType>
          <Weighting>interchangeAllowed</Weighting>
          <quays>
            <Quay modification="new" version="16341" id="VTR:Quay:16341">
              <Centroid>
                <Location>
                  <Longitude>23.631472</Longitude>
                  <Latitude>54.093279</Latitude>
                </Location>
              </Centroid>
            </Quay>
          </quays>
        </StopPlace>
        <StopPlace created="2015-05-25T18:18:24" changed="2019-03-16T02:16:28" modification="revise" version="16392" id="VTR:StopPlaceElement:16392">
          <ValidBetween>
            <FromDate>2019-03-16T02:16:28</FromDate>
          </ValidBetween>
          <keyList>
            <KeyValue>
              <Key>DATA_SOURCE_TYPE</Key>
              <Value>LAKIS</Value>
            </KeyValue>
          </keyList>
          <Name lang="lt">Šulneliai</Name>
          <Centroid>
            <Location>
              <Longitude>23.531089</Longitude>
              <Latitude>54.17331</Latitude>
            </Location>
          </Centroid>
          <TransportMode>bus</TransportMode>
          <StopPlaceType>onstreetBus</StopPlaceType>
          <Weighting>interchangeAllowed</Weighting>
          <quays>
            <Quay modification="new" version="16392" id="VTR:Quay:16392">
              <Centroid>
                <Location>
                  <Longitude>23.531089</Longitude>
                  <Latitude>54.17331</Latitude>
                </Location>
              </Centroid>
            </Quay>
          </quays>
        </StopPlace>
        <StopPlace created="2015-06-05T17:44:51" changed="2019-01-22T09:06:24" modification="revise" version="19473" id="VTR:StopPlaceElement:19457">
          <ValidBetween>
            <FromDate>2019-01-22T09:06:24</FromDate>
          </ValidBetween>
          <keyList>
            <KeyValue>
              <Key>DATA_SOURCE_TYPE</Key>
              <Value>LAKIS</Value>
            </KeyValue>
          </keyList>
          <Name lang="lt">Lazdijų autobusų stotis</Name>
          <Centroid>
            <Location>
              <Longitude>23.525861</Longitude>
              <Latitude>54.231443</Latitude>
            </Location>
          </Centroid>
          <TransportMode>bus</TransportMode>
          <StopPlaceType>busStation</StopPlaceType>
          <Weighting>interchangeAllowed</Weighting>
          <quays>
            <Quay modification="revise" version="19473" id="VTR:Quay:19457">
              <Centroid>
                <Location>
                  <Longitude>23.525861</Longitude>
                  <Latitude>54.231443</Latitude>
                </Location>
              </Centroid>
            </Quay>
          </quays>
        </StopPlace>
        <StopPlace created="2015-06-29T14:42:35" changed="2015-08-10T14:19:20" modification="revise" version="20205" id="VTR:StopPlaceElement:20208">
          <ValidBetween>
            <FromDate>2015-08-10T14:19:20</FromDate>
          </ValidBetween>
          <keyList>
            <KeyValue>
              <Key>DATA_SOURCE_TYPE</Key>
              <Value>VINTRA</Value>
            </KeyValue>
          </keyList>
          <Name lang="lt">Veisiejai</Name>
          <Centroid>
            <Location>
              <Longitude>23.695575</Longitude>
              <Latitude>54.101004</Latitude>
            </Location>
          </Centroid>
          <TransportMode>bus</TransportMode>
          <StopPlaceType>onstreetBus</StopPlaceType>
          <Weighting>interchangeAllowed</Weighting>
          <quays>
            <Quay modification="revise" version="20205" id="VTR:Quay:20208">
              <Centroid>
                <Location>
                  <Longitude>23.695575</Longitude>
                  <Latitude>54.101004</Latitude>
                </Location>
              </Centroid>
            </Quay>
          </quays>
        </StopPlace>
        <StopPlace created="2015-09-18T09:27:20" changed="2015-09-30T21:36:07" modification="revise" version="23549" id="VTR:StopPlaceElement:23562">
          <ValidBetween>
            <FromDate>2015-09-30T21:36:07</FromDate>
          </ValidBetween>
          <keyList>
            <KeyValue>
              <Key>DATA_SOURCE_TYPE</Key>
              <Value>VINTRA</Value>
            </KeyValue>
          </keyList>
          <Name lang="lt">Duonos kepykla</Name>
          <Centroid>
            <Location>
              <Longitude>23.540208</Longitude>
              <Latitude>54.232081</Latitude>
            </Location>
          </Centroid>
          <TransportMode>bus</TransportMode>
          <StopPlaceType>onstreetBus</StopPlaceType>
          <Weighting>interchangeAllowed</Weighting>
          <quays>
            <Quay modification="revise" version="23549" id="VTR:Quay:23562">
              <Centroid>
                <Location>
                  <Longitude>23.540208</Longitude>
                  <Latitude>54.232081</Latitude>
                </Location>
              </Centroid>
            </Quay>
          </quays>
        </StopPlace>
        <StopPlace created="2015-09-21T11:36:15" changed="2015-09-30T23:09:50" modification="revise" version="23587" id="VTR:StopPlaceElement:23600">
          <ValidBetween>
            <FromDate>2015-09-30T23:09:50</FromDate>
          </ValidBetween>
          <keyList>
            <KeyValue>
              <Key>DATA_SOURCE_TYPE</Key>
              <Value>VINTRA</Value>
            </KeyValue>
          </keyList>
          <Name lang="lt">Stebuliai</Name>
          <Centroid>
            <Location>
              <Longitude>23.625337</Longitude>
              <Latitude>54.327091</Latitude>
            </Location>
          </Centroid>
          <TransportMode>bus</TransportMode>
          <StopPlaceType>onstreetBus</StopPlaceType>
          <Weighting>interchangeAllowed</Weighting>
          <quays>
            <Quay modification="revise" version="23587" id="VTR:Quay:23600">
              <Centroid>
                <Location>
                  <Longitude>23.625337</Longitude>
                  <Latitude>54.327091</Latitude>
                </Location>
              </Centroid>
            </Quay>
          </quays>
        </StopPlace>
        <StopPlace created="2015-09-21T16:04:17" changed="2015-09-30T23:09:50" modification="revise" version="23596" id="VTR:StopPlaceElement:23609">
          <ValidBetween>
            <FromDate>2015-09-30T23:09:50</FromDate>
          </ValidBetween>
          <keyList>
            <KeyValue>
              <Key>DATA_SOURCE_TYPE</Key>
              <Value>VINTRA</Value>
            </KeyValue>
          </keyList>
          <Name lang="lt">Barčiai</Name>
          <Centroid>
            <Location>
              <Longitude>23.654083</Longitude>
              <Latitude>54.290649</Latitude>
            </Location>
          </Centroid>
          <TransportMode>bus</TransportMode>
          <StopPlaceType>onstreetBus</StopPlaceType>
          <Weighting>interchangeAllowed</Weighting>
          <quays>
            <Quay modification="revise" version="23596" id="VTR:Quay:23609">
              <Centroid>
                <Location>
                  <Longitude>23.654083</Longitude>
                  <Latitude>54.290649</Latitude>
                </Location>
              </Centroid>
            </Quay>
          </quays>
        </StopPlace>
        <StopPlace created="2015-05-25T15:28:21" changed="2019-03-15T02:15:49" modification="revise" version="4792" id="VTR:StopPlaceElement:4792">
          <ValidBetween>
            <FromDate>2019-03-15T02:15:49</FromDate>
          </ValidBetween>
          <keyList>
            <KeyValue>
              <Key>DATA_SOURCE_TYPE</Key>
              <Value>LAKIS</Value>
            </KeyValue>
          </keyList>
          <Name lang="lt">Teizininkai</Name>
          <Centroid>
            <Location>
              <Longitude>23.626671</Longitude>
              <Latitude>54.292378</Latitude>
            </Location>
          </Centroid>
          <TransportMode>bus</TransportMode>
          <StopPlaceType>onstreetBus</StopPlaceType>
          <Weighting>interchangeAllowed</Weighting>
          <quays>
            <Quay modification="new" version="4792" id="VTR:Quay:4792">
              <Centroid>
                <Location>
                  <Longitude>23.626671</Longitude>
                  <Latitude>54.292378</Latitude>
                </Location>
              </Centroid>
            </Quay>
          </quays>
        </StopPlace>
        <StopPlace created="2015-05-25T15:30:27" changed="2018-12-22T02:16:22" modification="revise" version="5153" id="VTR:StopPlaceElement:5153">
          <ValidBetween>
            <FromDate>2018-12-22T02:16:22</FromDate>
          </ValidBetween>
          <keyList>
            <KeyValue>
              <Key>DATA_SOURCE_TYPE</Key>
              <Value>LAKIS</Value>
            </KeyValue>
          </keyList>
          <Name lang="lt">Pateriai</Name>
          <Centroid>
            <Location>
              <Longitude>23.747809</Longitude>
              <Latitude>54.098577</Latitude>
            </Location>
          </Centroid>
          <TransportMode>bus</TransportMode>
          <StopPlaceType>onstreetBus</StopPlaceType>
          <Weighting>interchangeAllowed</Weighting>
          <quays>
            <Quay modification="new" version="5153" id="VTR:Quay:5153">
              <Centroid>
                <Location>
                  <Longitude>23.747809</Longitude>
                  <Latitude>54.098577</Latitude>
                </Location>
              </Centroid>
            </Quay>
          </quays>
        </StopPlace>
        <StopPlace created="2015-05-25T15:30:29" changed="2019-03-16T02:15:56" modification="revise" version="5158" id="VTR:StopPlaceElement:5158">
          <ValidBetween>
            <FromDate>2019-03-16T02:15:56</FromDate>
          </ValidBetween>
          <keyList>
            <KeyValue>
              <Key>DATA_SOURCE_TYPE</Key>
              <Value>LAKIS</Value>
            </KeyValue>
          </keyList>
          <Name lang="lt">Gaisrinė</Name>
          <Centroid>
            <Location>
              <Longitude>23.508988</Longitude>
              <Latitude>54.212139</Latitude>
            </Location>
          </Centroid>
          <TransportMode>bus</TransportMode>
          <StopPlaceType>onstreetBus</StopPlaceType>
          <Weighting>interchangeAllowed</Weighting>
          <quays>
            <Quay modification="new" version="5158" id="VTR:Quay:5158">
              <Centroid>
                <Location>
                  <Longitude>23.508988</Longitude>
                  <Latitude>54.212139</Latitude>
                </Location>
              </Centroid>
            </Quay>
          </quays>
        </StopPlace>
        <StopPlace created="2015-05-25T15:30:31" changed="2019-05-30T02:15:59" modification="revise" version="5163" id="VTR:StopPlaceElement:5163">
          <ValidBetween>
            <FromDate>2019-05-30T02:15:59</FromDate>
          </ValidBetween>
          <keyList>
            <KeyValue>
              <Key>DATA_SOURCE_TYPE</Key>
              <Value>LAKIS</Value>
            </KeyValue>
          </keyList>
          <Name lang="lt">Šadžiūnai</Name>
          <Centroid>
            <Location>
              <Longitude>23.774774</Longitude>
              <Latitude>54.103154</Latitude>
            </Location>
          </Centroid>
          <TransportMode>bus</TransportMode>
          <StopPlaceType>onstreetBus</StopPlaceType>
          <Weighting>interchangeAllowed</Weighting>
          <quays>
            <Quay modification="new" version="5163" id="VTR:Quay:5163">
              <Centroid>
                <Location>
                  <Longitude>23.774774</Longitude>
                  <Latitude>54.103154</Latitude>
                </Location>
              </Centroid>
            </Quay>
          </quays>
        </StopPlace>
        <StopPlace created="2015-05-25T15:30:38" changed="2018-12-22T02:15:33" modification="revise" version="5181" id="VTR:StopPlaceElement:5181">
          <ValidBetween>
            <FromDate>2018-12-22T02:15:33</FromDate>
          </ValidBetween>
          <keyList>
            <KeyValue>
              <Key>DATA_SOURCE_TYPE</Key>
              <Value>LAKIS</Value>
            </KeyValue>
          </keyList>
          <Name lang="lt">Miškų ūk.</Name>
          <Centroid>
            <Location>
              <Longitude>23.677506</Longitude>
              <Latitude>54.104423</Latitude>
            </Location>
          </Centroid>
          <TransportMode>bus</TransportMode>
          <StopPlaceType>onstreetBus</StopPlaceType>
          <Weighting>interchangeAllowed</Weighting>
          <quays>
            <Quay modification="new" version="5181" id="VTR:Quay:5181">
              <Centroid>
                <Location>
                  <Longitude>23.677506</Longitude>
                  <Latitude>54.104423</Latitude>
                </Location>
              </Centroid>
            </Quay>
          </quays>
        </StopPlace>
        <StopPlace created="2015-05-25T15:37:47" changed="2018-12-22T02:16:29" modification="revise" version="6159" id="VTR:StopPlaceElement:6159">
          <ValidBetween>
            <FromDate>2018-12-22T02:16:29</FromDate>
          </ValidBetween>
          <keyList>
            <KeyValue>
              <Key>DATA_SOURCE_TYPE</Key>
              <Value>LAKIS</Value>
            </KeyValue>
          </keyList>
          <Name lang="lt">Druskininkėliai</Name>
          <Centroid>
            <Location>
              <Longitude>23.843696</Longitude>
              <Latitude>54.093772</Latitude>
            </Location>
          </Centroid>
          <TransportMode>bus</TransportMode>
          <StopPlaceType>onstreetBus</StopPlaceType>
          <Weighting>interchangeAllowed</Weighting>
          <quays>
            <Quay modification="new" version="6159" id="VTR:Quay:6159">
              <Centroid>
                <Location>
                  <Longitude>23.843696</Longitude>
                  <Latitude>54.093772</Latitude>
                </Location>
              </Centroid>
            </Quay>
          </quays>
        </StopPlace>
        <StopPlace created="2015-05-25T15:42:13" changed="2019-05-30T02:16:05" modification="revise" version="6706" id="VTR:StopPlaceElement:6706">
          <ValidBetween>
            <FromDate>2019-05-30T02:16:05</FromDate>
          </ValidBetween>
          <keyList>
            <KeyValue>
              <Key>DATA_SOURCE_TYPE</Key>
              <Value>LAKIS</Value>
            </KeyValue>
          </keyList>
          <Name lang="lt">Leipalingis</Name>
          <Centroid>
            <Location>
              <Longitude>23.860647</Longitude>
              <Latitude>54.09159</Latitude>
            </Location>
          </Centroid>
          <TransportMode>bus</TransportMode>
          <StopPlaceType>onstreetBus</StopPlaceType>
          <Weighting>interchangeAllowed</Weighting>
          <quays>
            <Quay modification="new" version="6706" id="VTR:Quay:6706">
              <Centroid>
                <Location>
                  <Longitude>23.860647</Longitude>
                  <Latitude>54.09159</Latitude>
                </Location>
              </Centroid>
            </Quay>
          </quays>
        </StopPlace>
        <StopPlace created="2015-05-25T15:43:56" changed="2018-12-22T02:16:35" modification="revise" version="6904" id="VTR:StopPlaceElement:6904">
          <ValidBetween>
            <FromDate>2018-12-22T02:16:35</FromDate>
          </ValidBetween>
          <keyList>
            <KeyValue>
              <Key>DATA_SOURCE_TYPE</Key>
              <Value>LAKIS</Value>
            </KeyValue>
          </keyList>
          <Name lang="lt">Laibagaliai</Name>
          <Centroid>
            <Location>
              <Longitude>23.599677</Longitude>
              <Latitude>54.164831</Latitude>
            </Location>
          </Centroid>
          <TransportMode>bus</TransportMode>
          <StopPlaceType>onstreetBus</StopPlaceType>
          <Weighting>interchangeAllowed</Weighting>
          <quays>
            <Quay modification="new" version="6904" id="VTR:Quay:6904">
              <Centroid>
                <Location>
                  <Longitude>23.599677</Longitude>
                  <Latitude>54.164831</Latitude>
                </Location>
              </Centroid>
            </Quay>
          </quays>
        </StopPlace>
        <StopPlace created="2015-05-25T15:44:03" changed="2018-12-22T02:16:35" modification="revise" version="6916" id="VTR:StopPlaceElement:6916">
          <ValidBetween>
            <FromDate>2018-12-22T02:16:35</FromDate>
          </ValidBetween>
          <keyList>
            <KeyValue>
              <Key>DATA_SOURCE_TYPE</Key>
              <Value>LAKIS</Value>
            </KeyValue>
          </keyList>
          <Name lang="lt">Saltoniškė</Name>
          <Centroid>
            <Location>
              <Longitude>23.821078</Longitude>
              <Latitude>54.099844</Latitude>
            </Location>
          </Centroid>
          <TransportMode>bus</TransportMode>
          <StopPlaceType>onstreetBus</StopPlaceType>
          <Weighting>interchangeAllowed</Weighting>
          <quays>
            <Quay modification="new" version="6916" id="VTR:Quay:6916">
              <Centroid>
                <Location>
                  <Longitude>23.821078</Longitude>
                  <Latitude>54.099844</Latitude>
                </Location>
              </Centroid>
            </Quay>
          </quays>
        </StopPlace>
        <StopPlace created="2015-05-25T15:44:08" changed="2019-03-15T02:15:40" modification="revise" version="6925" id="VTR:StopPlaceElement:6925">
          <ValidBetween>
            <FromDate>2019-03-15T02:15:40</FromDate>
          </ValidBetween>
          <keyList>
            <KeyValue>
              <Key>DATA_SOURCE_TYPE</Key>
              <Value>LAKIS</Value>
            </KeyValue>
          </keyList>
          <Name lang="lt">Mikyčiai I</Name>
          <Centroid>
            <Location>
              <Longitude>23.653126</Longitude>
              <Latitude>54.185937</Latitude>
            </Location>
          </Centroid>
          <TransportMode>bus</TransportMode>
          <StopPlaceType>onstreetBus</StopPlaceType>
          <Weighting>interchangeAllowed</Weighting>
          <quays>
            <Quay modification="new" version="6925" id="VTR:Quay:6925">
              <Centroid>
                <Location>
                  <Longitude>23.653126</Longitude>
                  <Latitude>54.185937</Latitude>
                </Location>
              </Centroid>
            </Quay>
          </quays>
        </StopPlace>
        <StopPlace created="2015-05-25T15:44:27" changed="2019-05-30T02:15:32" modification="revise" version="6960" id="VTR:StopPlaceElement:6960">
          <ValidBetween>
            <FromDate>2019-05-30T02:15:31</FromDate>
          </ValidBetween>
          <keyList>
            <KeyValue>
              <Key>DATA_SOURCE_TYPE</Key>
              <Value>LAKIS</Value>
            </KeyValue>
          </keyList>
          <Name lang="lt">Saltoniškė</Name>
          <Centroid>
            <Location>
              <Longitude>23.819964</Longitude>
              <Latitude>54.099917</Latitude>
            </Location>
          </Centroid>
          <TransportMode>bus</TransportMode>
          <StopPlaceType>onstreetBus</StopPlaceType>
          <Weighting>interchangeAllowed</Weighting>
          <quays>
            <Quay modification="new" version="6960" id="VTR:Quay:6960">
              <Centroid>
                <Location>
                  <Longitude>23.819964</Longitude>
                  <Latitude>54.099917</Latitude>
                </Location>
              </Centroid>
            </Quay>
          </quays>
        </StopPlace>
        <StopPlace created="2015-05-25T15:44:28" changed="2018-12-22T02:16:18" modification="revise" version="6961" id="VTR:StopPlaceElement:6961">
          <ValidBetween>
            <FromDate>2018-12-22T02:16:18</FromDate>
          </ValidBetween>
          <keyList>
            <KeyValue>
              <Key>DATA_SOURCE_TYPE</Key>
              <Value>LAKIS</Value>
            </KeyValue>
          </keyList>
          <Name lang="lt">Čivonys</Name>
          <Centroid>
            <Location>
              <Longitude>23.631086</Longitude>
              <Latitude>54.130405</Latitude>
            </Location>
          </Centroid>
          <TransportMode>bus</TransportMode>
          <StopPlaceType>onstreetBus</StopPlaceType>
          <Weighting>interchangeAllowed</Weighting>
          <quays>
            <Quay modification="new" version="6961" id="VTR:Quay:6961">
              <Centroid>
                <Location>
                  <Longitude>23.631086</Longitude>
                  <Latitude>54.130405</Latitude>
                </Location>
              </Centroid>
            </Quay>
          </quays>
        </StopPlace>
        <StopPlace created="2015-05-25T15:44:42" changed="2018-12-22T02:15:31" modification="revise" version="6987" id="VTR:StopPlaceElement:6987">
          <ValidBetween>
            <FromDate>2018-12-22T02:15:31</FromDate>
          </ValidBetween>
          <keyList>
            <KeyValue>
              <Key>DATA_SOURCE_TYPE</Key>
              <Value>LAKIS</Value>
            </KeyValue>
          </keyList>
          <Name lang="lt">Pateriai</Name>
          <Centroid>
            <Location>
              <Longitude>23.745964</Longitude>
              <Latitude>54.098793</Latitude>
            </Location>
          </Centroid>
          <TransportMode>bus</TransportMode>
          <StopPlaceType>onstreetBus</StopPlaceType>
          <Weighting>interchangeAllowed</Weighting>
          <quays>
            <Quay modification="new" version="6987" id="VTR:Quay:6987">
              <Centroid>
                <Location>
                  <Longitude>23.745964</Longitude>
                  <Latitude>54.098793</Latitude>
                </Location>
              </Centroid>
            </Quay>
          </quays>
        </StopPlace>
        <StopPlace created="2015-05-25T15:44:44" changed="2019-03-22T02:16:15" modification="revise" version="6989" id="VTR:StopPlaceElement:6989">
          <ValidBetween>
            <FromDate>2019-03-22T02:16:15</FromDate>
          </ValidBetween>
          <keyList>
            <KeyValue>
              <Key>DATA_SOURCE_TYPE</Key>
              <Value>LAKIS</Value>
            </KeyValue>
          </keyList>
          <Name lang="lt">Avižieniai</Name>
          <Centroid>
            <Location>
              <Longitude>23.727875</Longitude>
              <Latitude>54.173443</Latitude>
            </Location>
          </Centroid>
          <TransportMode>bus</TransportMode>
          <StopPlaceType>onstreetBus</StopPlaceType>
          <Weighting>interchangeAllowed</Weighting>
          <quays>
            <Quay modification="new" version="6989" id="VTR:Quay:6989">
              <Centroid>
                <Location>
                  <Longitude>23.727875</Longitude>
                  <Latitude>54.173443</Latitude>
                </Location>
              </Centroid>
            </Quay>
          </quays>
        </StopPlace>
        <StopPlace created="2015-05-25T15:44:47" changed="2019-03-16T02:15:56" modification="revise" version="6995" id="VTR:StopPlaceElement:6995">
          <ValidBetween>
            <FromDate>2019-03-16T02:15:56</FromDate>
          </ValidBetween>
          <keyList>
            <KeyValue>
              <Key>DATA_SOURCE_TYPE</Key>
              <Value>LAKIS</Value>
            </KeyValue>
          </keyList>
          <Name lang="lt">Kučiūnai</Name>
          <Centroid>
            <Location>
              <Longitude>23.519084</Longitude>
              <Latitude>54.126946</Latitude>
            </Location>
          </Centroid>
          <TransportMode>bus</TransportMode>
          <StopPlaceType>onstreetBus</StopPlaceType>
          <Weighting>interchangeAllowed</Weighting>
          <quays>
            <Quay modification="new" version="6995" id="VTR:Quay:6995">
              <Centroid>
                <Location>
                  <Longitude>23.519084</Longitude>
                  <Latitude>54.126946</Latitude>
                </Location>
              </Centroid>
            </Quay>
          </quays>
        </StopPlace>
        <StopPlace created="2015-05-25T15:45:04" changed="2019-03-22T02:15:59" modification="revise" version="7025" id="VTR:StopPlaceElement:7025">
          <ValidBetween>
            <FromDate>2019-03-22T02:15:59</FromDate>
          </ValidBetween>
          <keyList>
            <KeyValue>
              <Key>DATA_SOURCE_TYPE</Key>
              <Value>LAKIS</Value>
            </KeyValue>
          </keyList>
          <Name lang="lt">Babrai</Name>
          <Centroid>
            <Location>
              <Longitude>23.69993</Longitude>
              <Latitude>54.158445</Latitude>
            </Location>
          </Centroid>
          <TransportMode>bus</TransportMode>
          <StopPlaceType>onstreetBus</StopPlaceType>
          <Weighting>interchangeAllowed</Weighting>
          <quays>
            <Quay modification="new" version="7025" id="VTR:Quay:7025">
              <Centroid>
                <Location>
                  <Longitude>23.69993</Longitude>
                  <Latitude>54.158445</Latitude>
                </Location>
              </Centroid>
            </Quay>
          </quays>
        </StopPlace>
        <StopPlace created="2015-05-25T15:52:29" changed="2019-01-22T07:58:06" modification="revise" version="7791" id="VTR:StopPlaceElement:7791">
          <ValidBetween>
            <FromDate>2019-01-22T07:58:06</FromDate>
          </ValidBetween>
          <keyList>
            <KeyValue>
              <Key>DATA_SOURCE_TYPE</Key>
              <Value>LAKIS</Value>
            </KeyValue>
          </keyList>
          <Name lang="lt">Duonos kom</Name>
          <Centroid>
            <Location>
              <Longitude>23.539445</Longitude>
              <Latitude>54.232218</Latitude>
            </Location>
          </Centroid>
          <TransportMode>bus</TransportMode>
          <StopPlaceType>onstreetBus</StopPlaceType>
          <Weighting>interchangeAllowed</Weighting>
          <quays>
            <Quay modification="new" version="7791" id="VTR:Quay:7791">
              <Centroid>
                <Location>
                  <Longitude>23.539445</Longitude>
                  <Latitude>54.232218</Latitude>
                </Location>
              </Centroid>
            </Quay>
          </quays>
        </StopPlace>
        <StopPlace created="2015-05-25T15:53:52" changed="2019-03-16T02:15:54" modification="revise" version="7924" id="VTR:StopPlaceElement:7924">
          <ValidBetween>
            <FromDate>2019-03-16T02:15:54</FromDate>
          </ValidBetween>
          <keyList>
            <KeyValue>
              <Key>DATA_SOURCE_TYPE</Key>
              <Value>LAKIS</Value>
            </KeyValue>
          </keyList>
          <Name lang="lt">Paveisiejai</Name>
          <Centroid>
            <Location>
              <Longitude>23.612185</Longitude>
              <Latitude>54.090127</Latitude>
            </Location>
          </Centroid>
          <TransportMode>bus</TransportMode>
          <StopPlaceType>onstreetBus</StopPlaceType>
          <Weighting>interchangeAllowed</Weighting>
          <quays>
            <Quay modification="new" version="7924" id="VTR:Quay:7924">
              <Centroid>
                <Location>
                  <Longitude>23.612185</Longitude>
                  <Latitude>54.090127</Latitude>
                </Location>
              </Centroid>
            </Quay>
          </quays>
        </StopPlace>
        <StopPlace created="2015-05-25T15:54:23" changed="2019-03-15T02:15:58" modification="revise" version="7971" id="VTR:StopPlaceElement:7971">
          <ValidBetween>
            <FromDate>2019-03-15T02:15:58</FromDate>
          </ValidBetween>
          <keyList>
            <KeyValue>
              <Key>DATA_SOURCE_TYPE</Key>
              <Value>LAKIS</Value>
            </KeyValue>
          </keyList>
          <Name lang="lt">Šlavantai</Name>
          <Centroid>
            <Location>
              <Longitude>23.642953</Longitude>
              <Latitude>54.162491</Latitude>
            </Location>
          </Centroid>
          <TransportMode>bus</TransportMode>
          <StopPlaceType>onstreetBus</StopPlaceType>
          <Weighting>interchangeAllowed</Weighting>
          <quays>
            <Quay modification="new" version="7971" id="VTR:Quay:7971">
              <Centroid>
                <Location>
                  <Longitude>23.642953</Longitude>
                  <Latitude>54.162491</Latitude>
                </Location>
              </Centroid>
            </Quay>
          </quays>
        </StopPlace>
        <StopPlace created="2015-05-25T15:54:40" changed="2018-12-22T02:15:33" modification="revise" version="7998" id="VTR:StopPlaceElement:7998">
          <ValidBetween>
            <FromDate>2018-12-22T02:15:33</FromDate>
          </ValidBetween>
          <keyList>
            <KeyValue>
              <Key>DATA_SOURCE_TYPE</Key>
              <Value>LAKIS</Value>
            </KeyValue>
          </keyList>
          <Name lang="lt">Kalveliai</Name>
          <Centroid>
            <Location>
              <Longitude>23.648893</Longitude>
              <Latitude>54.119043</Latitude>
            </Location>
          </Centroid>
          <TransportMode>bus</TransportMode>
          <StopPlaceType>onstreetBus</StopPlaceType>
          <Weighting>interchangeAllowed</Weighting>
          <quays>
            <Quay modification="new" version="7998" id="VTR:Quay:7998">
              <Centroid>
                <Location>
                  <Longitude>23.648893</Longitude>
                  <Latitude>54.119043</Latitude>
                </Location>
              </Centroid>
            </Quay>
          </quays>
        </StopPlace>
        <StopPlace created="2015-05-25T15:54:49" changed="2019-01-22T07:59:15" modification="revise" version="8012" id="VTR:StopPlaceElement:8012">
          <ValidBetween>
            <FromDate>2019-01-22T07:59:15</FromDate>
          </ValidBetween>
          <keyList>
            <KeyValue>
              <Key>DATA_SOURCE_TYPE</Key>
              <Value>LAKIS</Value>
            </KeyValue>
          </keyList>
          <Name lang="lt">Agariniai</Name>
          <Centroid>
            <Location>
              <Longitude>23.606348</Longitude>
              <Latitude>54.236031</Latitude>
            </Location>
          </Centroid>
          <TransportMode>bus</TransportMode>
          <StopPlaceType>onstreetBus</StopPlaceType>
          <Weighting>interchangeAllowed</Weighting>
          <quays>
            <Quay modification="new" version="8012" id="VTR:Quay:8012">
              <Centroid>
                <Location>
                  <Longitude>23.606348</Longitude>
                  <Latitude>54.236031</Latitude>
                </Location>
              </Centroid>
            </Quay>
          </quays>
        </StopPlace>
        <StopPlace created="2015-05-25T15:55:00" changed="2018-12-22T02:16:37" modification="revise" version="8030" id="VTR:StopPlaceElement:8030">
          <ValidBetween>
            <FromDate>2018-12-22T02:16:37</FromDate>
          </ValidBetween>
          <keyList>
            <KeyValue>
              <Key>DATA_SOURCE_TYPE</Key>
              <Value>LAKIS</Value>
            </KeyValue>
          </keyList>
          <Name lang="lt">Laibagaliai</Name>
          <Centroid>
            <Location>
              <Longitude>23.599315</Longitude>
              <Latitude>54.165603</Latitude>
            </Location>
          </Centroid>
          <TransportMode>bus</TransportMode>
          <StopPlaceType>onstreetBus</StopPlaceType>
          <Weighting>interchangeAllowed</Weighting>
          <quays>
            <Quay modification="new" version="8030" id="VTR:Quay:8030">
              <Centroid>
                <Location>
                  <Longitude>23.599315</Longitude>
                  <Latitude>54.165603</Latitude>
                </Location>
              </Centroid>
            </Quay>
          </quays>
        </StopPlace>
        <StopPlace created="2015-05-25T15:58:53" changed="2019-03-16T02:16:23" modification="revise" version="8373" id="VTR:StopPlaceElement:8373">
          <ValidBetween>
            <FromDate>2019-03-16T02:16:23</FromDate>
          </ValidBetween>
          <keyList>
            <KeyValue>
              <Key>DATA_SOURCE_TYPE</Key>
              <Value>LAKIS</Value>
            </KeyValue>
          </keyList>
          <Name lang="lt">Palazdijai I</Name>
          <Centroid>
            <Location>
              <Longitude>23.511054</Longitude>
              <Latitude>54.198448</Latitude>
            </Location>
          </Centroid>
          <TransportMode>bus</TransportMode>
          <StopPlaceType>onstreetBus</StopPlaceType>
          <Weighting>interchangeAllowed</Weighting>
          <quays>
            <Quay modification="new" version="8373" id="VTR:Quay:8373">
              <Centroid>
                <Location>
                  <Longitude>23.511054</Longitude>
                  <Latitude>54.198448</Latitude>
                </Location>
              </Centroid>
            </Quay>
          </quays>
        </StopPlace>
        <StopPlace created="2015-05-25T16:00:36" changed="2019-03-15T02:15:41" modification="revise" version="8521" id="VTR:StopPlaceElement:8521">
          <ValidBetween>
            <FromDate>2019-03-15T02:15:41</FromDate>
          </ValidBetween>
          <keyList>
            <KeyValue>
              <Key>DATA_SOURCE_TYPE</Key>
              <Value>LAKIS</Value>
            </KeyValue>
          </keyList>
          <Name lang="lt">Mikyčiai</Name>
          <Centroid>
            <Location>
              <Longitude>23.644521</Longitude>
              <Latitude>54.195651</Latitude>
            </Location>
          </Centroid>
          <TransportMode>bus</TransportMode>
          <StopPlaceType>onstreetBus</StopPlaceType>
          <Weighting>interchangeAllowed</Weighting>
          <quays>
            <Quay modification="new" version="8521" id="VTR:Quay:8521">
              <Centroid>
                <Location>
                  <Longitude>23.644521</Longitude>
                  <Latitude>54.195651</Latitude>
                </Location>
              </Centroid>
            </Quay>
          </quays>
        </StopPlace>
        <StopPlace created="2015-05-25T16:02:51" changed="2019-03-15T02:15:49" modification="revise" version="8718" id="VTR:StopPlaceElement:8718">
          <ValidBetween>
            <FromDate>2019-03-15T02:15:49</FromDate>
          </ValidBetween>
          <keyList>
            <KeyValue>
              <Key>DATA_SOURCE_TYPE</Key>
              <Value>LAKIS</Value>
            </KeyValue>
          </keyList>
          <Name lang="lt">Teizininkai</Name>
          <Centroid>
            <Location>
              <Longitude>23.627002</Longitude>
              <Latitude>54.29169</Latitude>
            </Location>
          </Centroid>
          <TransportMode>bus</TransportMode>
          <StopPlaceType>onstreetBus</StopPlaceType>
          <Weighting>interchangeAllowed</Weighting>
          <quays>
            <Quay modification="new" version="8718" id="VTR:Quay:8718">
              <Centroid>
                <Location>
                  <Longitude>23.627002</Longitude>
                  <Latitude>54.29169</Latitude>
                </Location>
              </Centroid>
            </Quay>
          </quays>
        </StopPlace>
        <StopPlace created="2015-05-25T16:03:01" changed="2019-03-15T02:15:50" modification="revise" version="8732" id="VTR:StopPlaceElement:8732">
          <ValidBetween>
            <FromDate>2019-03-15T02:15:50</FromDate>
          </ValidBetween>
          <keyList>
            <KeyValue>
              <Key>DATA_SOURCE_TYPE</Key>
              <Value>LAKIS</Value>
            </KeyValue>
          </keyList>
          <Name lang="lt">Pryga</Name>
          <Centroid>
            <Location>
              <Longitude>23.62784</Longitude>
              <Latitude>54.307147</Latitude>
            </Location>
          </Centroid>
          <TransportMode>bus</TransportMode>
          <StopPlaceType>onstreetBus</StopPlaceType>
          <Weighting>interchangeAllowed</Weighting>
          <quays>
            <Quay modification="new" version="8732" id="VTR:Quay:8732">
              <Centroid>
                <Location>
                  <Longitude>23.62784</Longitude>
                  <Latitude>54.307147</Latitude>
                </Location>
              </Centroid>
            </Quay>
          </quays>
        </StopPlace>
        <StopPlace created="2015-05-25T16:06:35" changed="2019-03-16T02:15:54" modification="revise" version="9026" id="VTR:StopPlaceElement:9026">
          <ValidBetween>
            <FromDate>2019-03-16T02:15:54</FromDate>
          </ValidBetween>
          <keyList>
            <KeyValue>
              <Key>DATA_SOURCE_TYPE</Key>
              <Value>LAKIS</Value>
            </KeyValue>
          </keyList>
          <Name lang="lt">Pazapsiai</Name>
          <Centroid>
            <Location>
              <Longitude>23.553759</Longitude>
              <Latitude>54.095184</Latitude>
            </Location>
          </Centroid>
          <TransportMode>bus</TransportMode>
          <StopPlaceType>onstreetBus</StopPlaceType>
          <Weighting>interchangeAllowed</Weighting>
          <quays>
            <Quay modification="new" version="9026" id="VTR:Quay:9026">
              <Centroid>
                <Location>
                  <Longitude>23.553759</Longitude>
                  <Latitude>54.095184</Latitude>
                </Location>
              </Centroid>
            </Quay>
          </quays>
        </StopPlace>
        <StopPlace created="2015-05-25T16:06:39" changed="2018-12-22T02:16:33" modification="revise" version="9032" id="VTR:StopPlaceElement:9032">
          <ValidBetween>
            <FromDate>2018-12-22T02:16:33</FromDate>
          </ValidBetween>
          <keyList>
            <KeyValue>
              <Key>DATA_SOURCE_TYPE</Key>
              <Value>LAKIS</Value>
            </KeyValue>
          </keyList>
          <Name lang="lt">Neravai</Name>
          <Centroid>
            <Location>
              <Longitude>23.584954</Longitude>
              <Latitude>54.189156</Latitude>
            </Location>
          </Centroid>
          <TransportMode>bus</TransportMode>
          <StopPlaceType>onstreetBus</StopPlaceType>
          <Weighting>interchangeAllowed</Weighting>
          <quays>
            <Quay modification="new" version="9032" id="VTR:Quay:9032">
              <Centroid>
                <Location>
                  <Longitude>23.584954</Longitude>
                  <Latitude>54.189156</Latitude>
                </Location>
              </Centroid>
            </Quay>
          </quays>
        </StopPlace>
        <StopPlace created="2015-05-25T16:06:48" changed="2019-03-15T02:15:43" modification="revise" version="9044" id="VTR:StopPlaceElement:9044">
          <ValidBetween>
            <FromDate>2019-03-15T02:15:43</FromDate>
          </ValidBetween>
          <keyList>
            <KeyValue>
              <Key>DATA_SOURCE_TYPE</Key>
              <Value>LAKIS</Value>
            </KeyValue>
          </keyList>
          <Name lang="lt">Buteliūnai</Name>
          <Centroid>
            <Location>
              <Longitude>23.689944</Longitude>
              <Latitude>54.17712</Latitude>
            </Location>
          </Centroid>
          <TransportMode>bus</TransportMode>
          <StopPlaceType>onstreetBus</StopPlaceType>
          <Weighting>interchangeAllowed</Weighting>
          <quays>
            <Quay modification="new" version="9044" id="VTR:Quay:9044">
              <Centroid>
                <Location>
                  <Longitude>23.689944</Longitude>
                  <Latitude>54.17712</Latitude>
                </Location>
              </Centroid>
            </Quay>
          </quays>
        </StopPlace>
        <StopPlace created="2015-05-25T16:12:00" changed="2019-03-16T02:16:29" modification="revise" version="9458" id="VTR:StopPlaceElement:9458">
          <ValidBetween>
            <FromDate>2019-03-16T02:16:29</FromDate>
          </ValidBetween>
          <keyList>
            <KeyValue>
              <Key>DATA_SOURCE_TYPE</Key>
              <Value>LAKIS</Value>
            </KeyValue>
          </keyList>
          <Name lang="lt">Petroškai I</Name>
          <Centroid>
            <Location>
              <Longitude>23.630637</Longitude>
              <Latitude>54.093037</Latitude>
            </Location>
          </Centroid>
          <TransportMode>bus</TransportMode>
          <StopPlaceType>onstreetBus</StopPlaceType>
          <Weighting>interchangeAllowed</Weighting>
          <quays>
            <Quay modification="new" version="9458" id="VTR:Quay:9458">
              <Centroid>
                <Location>
                  <Longitude>23.630637</Longitude>
                  <Latitude>54.093037</Latitude>
                </Location>
              </Centroid>
            </Quay>
          </quays>
        </StopPlace>
        <StopPlace created="2015-05-25T16:12:01" changed="2019-03-15T02:15:43" modification="revise" version="9460" id="VTR:StopPlaceElement:9460">
          <ValidBetween>
            <FromDate>2019-03-15T02:15:43</FromDate>
          </ValidBetween>
          <keyList>
            <KeyValue>
              <Key>DATA_SOURCE_TYPE</Key>
              <Value>LAKIS</Value>
            </KeyValue>
          </keyList>
          <Name lang="lt">Mikyčiai</Name>
          <Centroid>
            <Location>
              <Longitude>23.647667</Longitude>
              <Latitude>54.205181</Latitude>
            </Location>
          </Centroid>
          <TransportMode>bus</TransportMode>
          <StopPlaceType>onstreetBus</StopPlaceType>
          <Weighting>interchangeAllowed</Weighting>
          <quays>
            <Quay modification="new" version="9460" id="VTR:Quay:9460">
              <Centroid>
                <Location>
                  <Longitude>23.647667</Longitude>
                  <Latitude>54.205181</Latitude>
                </Location>
              </Centroid>
            </Quay>
          </quays>
        </StopPlace>
        <StopPlace created="2015-05-25T16:17:17" changed="2019-03-15T02:15:39" modification="revise" version="9853" id="VTR:StopPlaceElement:9853">
          <ValidBetween>
            <FromDate>2019-03-15T02:15:39</FromDate>
          </ValidBetween>
          <keyList>
            <KeyValue>
              <Key>DATA_SOURCE_TYPE</Key>
              <Value>LAKIS</Value>
            </KeyValue>
          </keyList>
          <Name lang="lt">Mikyčiai I</Name>
          <Centroid>
            <Location>
              <Longitude>23.65325</Longitude>
              <Latitude>54.185237</Latitude>
            </Location>
          </Centroid>
          <TransportMode>bus</TransportMode>
          <StopPlaceType>onstreetBus</StopPlaceType>
          <Weighting>interchangeAllowed</Weighting>
          <quays>
            <Quay modification="new" version="9853" id="VTR:Quay:9853">
              <Centroid>
                <Location>
                  <Longitude>23.65325</Longitude>
                  <Latitude>54.185237</Latitude>
                </Location>
              </Centroid>
            </Quay>
          </quays>
        </StopPlace>
        <StopPlace created="2015-05-25T16:17:19" changed="2019-03-22T02:15:58" modification="revise" version="9855" id="VTR:StopPlaceElement:9855">
          <ValidBetween>
            <FromDate>2019-03-22T02:15:58</FromDate>
          </ValidBetween>
          <keyList>
            <KeyValue>
              <Key>DATA_SOURCE_TYPE</Key>
              <Value>LAKIS</Value>
            </KeyValue>
          </keyList>
          <Name lang="lt">Rūda</Name>
          <Centroid>
            <Location>
              <Longitude>23.690925</Longitude>
              <Latitude>54.113104</Latitude>
            </Location>
          </Centroid>
          <TransportMode>bus</TransportMode>
          <StopPlaceType>onstreetBus</StopPlaceType>
          <Weighting>interchangeAllowed</Weighting>
          <quays>
            <Quay modification="new" version="9855" id="VTR:Quay:9855">
              <Centroid>
                <Location>
                  <Longitude>23.690925</Longitude>
                  <Latitude>54.113104</Latitude>
                </Location>
              </Centroid>
            </Quay>
          </quays>
        </StopPlace>
        <StopPlace created="2015-05-25T16:17:43" changed="2019-01-22T07:59:03" modification="revise" version="9883" id="VTR:StopPlaceElement:9883">
          <ValidBetween>
            <FromDate>2019-01-22T07:59:02</FromDate>
          </ValidBetween>
          <keyList>
            <KeyValue>
              <Key>DATA_SOURCE_TYPE</Key>
              <Value>LAKIS</Value>
            </KeyValue>
          </keyList>
          <Name lang="lt">Nemajūnai</Name>
          <Centroid>
            <Location>
              <Longitude>23.578494</Longitude>
              <Latitude>54.232827</Latitude>
            </Location>
          </Centroid>
          <TransportMode>bus</TransportMode>
          <StopPlaceType>onstreetBus</StopPlaceType>
          <Weighting>interchangeAllowed</Weighting>
          <quays>
            <Quay modification="new" version="9883" id="VTR:Quay:9883">
              <Centroid>
                <Location>
                  <Longitude>23.578494</Longitude>
                  <Latitude>54.232827</Latitude>
                </Location>
              </Centroid>
            </Quay>
          </quays>
        </StopPlace>
      </stopPlaces>
    </SiteFrame>
  </dataObjects>
</PublicationDelivery>
