<?xml version="1.0" encoding="UTF-8"?><PublicationDelivery xmlns="http://www.netex.org.uk/netex" xmlns:gis="http://www.opengis.net/gml/3.2" xmlns:ns2="http://www.opengis.net/gml/3.2" xmlns:ns3="http://www.siri.org.uk/siri" xmlns:xsi="http://www.w3.org/2001/XMLSchema-instance" version="1" xsi:schemaLocation="">
  <PublicationTimestamp>2022-05-07T04:50:00.248</PublicationTimestamp>
  <ParticipantRef>VTR</ParticipantRef>
  <Description>1</Description>
  <dataObjects>
    <CompositeFrame created="2022-05-07T04:50:00.248" version="1" id="VTR:CompositeFrame:1398">
      <validityConditions>
        <AvailabilityCondition version="1" id="VTR:AvailabilityCondition:1398">
          <FromDate>2019-10-28T08:31:24</FromDate>
          <ToDate>2027-12-30T00:00:00</ToDate>
        </AvailabilityCondition>
      </validityConditions>
      <codespaces>
        <Codespace id="vtr">
          <Xmlns>VTR</Xmlns>
          <XmlnsUrl>http://www.visimarsrutai.lt/</XmlnsUrl>
        </Codespace>
      </codespaces>
      <FrameDefaults>
        <DefaultLocale>
          <TimeZone>Europe/Vilnius</TimeZone>
        </DefaultLocale>
        <DefaultLocationSystem>WGS84</DefaultLocationSystem>
      </FrameDefaults>
      <frames>
        <ServiceCalendarFrame version="1" id="VTR:ServiceCalendarFrame:1398">
          <dayTypes>
            <DayType id="VTR:DayType:439" version="1">
              <properties>
                <PropertyOfDay>
                  <DaysOfWeek>Monday Tuesday Wednesday Thursday Friday</DaysOfWeek>
                </PropertyOfDay>
              </properties>
            </DayType>
          </dayTypes>
          <operatingPeriods>
            <OperatingPeriod version="1" id="VTR:OperatingPeriod:439">
              <FromDate>2015-06-08T00:00:00</FromDate>
              <ToDate>2021-01-01T00:00:00</ToDate>
            </OperatingPeriod>
          </operatingPeriods>
          <dayTypeAssignments>
            <DayTypeAssignment id="VTR:DayTypeAssignment:439_0" version="1" order="443">
              <OperatingPeriodRef ref="VTR:OperatingPeriod:439" version="1"/>
              <DayTypeRef ref="VTR:DayType:439" version="1"/>
            </DayTypeAssignment>
          </dayTypeAssignments>
        </ServiceCalendarFrame>
        <ServiceFrame id="VTR:ServiceFrame:1398" version="1">
          <Network version="0" id="VTR:Network:29"/>
          <routePoints>
            <RoutePoint version="1" id="VTR:RoutePoint:1768486">
              <projections>
                <PointProjection version="1" id="VTR:PointProjection:2550">
                  <ProjectedPointRef ref="VTR:ScheduledStopPoint:1768486" version="1"/>
                </PointProjection>
              </projections>
            </RoutePoint>
            <RoutePoint version="1" id="VTR:RoutePoint:1768487">
              <projections>
                <PointProjection version="1" id="VTR:PointProjection:2551">
                  <ProjectedPointRef ref="VTR:ScheduledStopPoint:1768487" version="1"/>
                </PointProjection>
              </projections>
            </RoutePoint>
            <RoutePoint version="1" id="VTR:RoutePoint:1768488">
              <projections>
                <PointProjection version="1" id="VTR:PointProjection:2552">
                  <ProjectedPointRef ref="VTR:ScheduledStopPoint:1768488" version="1"/>
                </PointProjection>
              </projections>
            </RoutePoint>
            <RoutePoint version="1" id="VTR:RoutePoint:1768489">
              <projections>
                <PointProjection version="1" id="VTR:PointProjection:2553">
                  <ProjectedPointRef ref="VTR:ScheduledStopPoint:1768489" version="1"/>
                </PointProjection>
              </projections>
            </RoutePoint>
            <RoutePoint version="1" id="VTR:RoutePoint:1768490">
              <projections>
                <PointProjection version="1" id="VTR:PointProjection:2554">
                  <ProjectedPointRef ref="VTR:ScheduledStopPoint:1768490" version="1"/>
                </PointProjection>
              </projections>
            </RoutePoint>
            <RoutePoint version="1" id="VTR:RoutePoint:1768491">
              <projections>
                <PointProjection version="1" id="VTR:PointProjection:2654">
                  <ProjectedPointRef ref="VTR:ScheduledStopPoint:1768491" version="1"/>
                </PointProjection>
              </projections>
            </RoutePoint>
            <RoutePoint version="1" id="VTR:RoutePoint:1768492">
              <projections>
                <PointProjection version="1" id="VTR:PointProjection:2833">
                  <ProjectedPointRef ref="VTR:ScheduledStopPoint:1768492" version="1"/>
                </PointProjection>
              </projections>
            </RoutePoint>
            <RoutePoint version="1" id="VTR:RoutePoint:1768493">
              <projections>
                <PointProjection version="1" id="VTR:PointProjection:2834">
                  <ProjectedPointRef ref="VTR:ScheduledStopPoint:1768493" version="1"/>
                </PointProjection>
              </projections>
            </RoutePoint>
            <RoutePoint version="1" id="VTR:RoutePoint:1768494">
              <projections>
                <PointProjection version="1" id="VTR:PointProjection:2836">
                  <ProjectedPointRef ref="VTR:ScheduledStopPoint:1768494" version="1"/>
                </PointProjection>
              </projections>
            </RoutePoint>
            <RoutePoint version="1" id="VTR:RoutePoint:1768500">
              <projections>
                <PointProjection version="1" id="VTR:PointProjection:2291">
                  <ProjectedPointRef ref="VTR:ScheduledStopPoint:1768500" version="1"/>
                </PointProjection>
              </projections>
            </RoutePoint>
            <RoutePoint version="1" id="VTR:RoutePoint:1768504">
              <projections>
                <PointProjection version="1" id="VTR:PointProjection:39163">
                  <ProjectedPointRef ref="VTR:ScheduledStopPoint:1768504" version="1"/>
                </PointProjection>
              </projections>
            </RoutePoint>
            <RoutePoint version="1" id="VTR:RoutePoint:1768505">
              <projections>
                <PointProjection version="1" id="VTR:PointProjection:39164">
                  <ProjectedPointRef ref="VTR:ScheduledStopPoint:1768505" version="1"/>
                </PointProjection>
              </projections>
            </RoutePoint>
            <RoutePoint version="1" id="VTR:RoutePoint:1768506">
              <projections>
                <PointProjection version="1" id="VTR:PointProjection:39165">
                  <ProjectedPointRef ref="VTR:ScheduledStopPoint:1768506" version="1"/>
                </PointProjection>
              </projections>
            </RoutePoint>
            <RoutePoint version="1" id="VTR:RoutePoint:1768507">
              <projections>
                <PointProjection version="1" id="VTR:PointProjection:39166">
                  <ProjectedPointRef ref="VTR:ScheduledStopPoint:1768507" version="1"/>
                </PointProjection>
              </projections>
            </RoutePoint>
            <RoutePoint version="1" id="VTR:RoutePoint:1768508">
              <projections>
                <PointProjection version="1" id="VTR:PointProjection:39167">
                  <ProjectedPointRef ref="VTR:ScheduledStopPoint:1768508" version="1"/>
                </PointProjection>
              </projections>
            </RoutePoint>
            <RoutePoint version="1" id="VTR:RoutePoint:1768509">
              <projections>
                <PointProjection version="1" id="VTR:PointProjection:39168">
                  <ProjectedPointRef ref="VTR:ScheduledStopPoint:1768509" version="1"/>
                </PointProjection>
              </projections>
            </RoutePoint>
            <RoutePoint version="1" id="VTR:RoutePoint:1768510">
              <projections>
                <PointProjection version="1" id="VTR:PointProjection:1789">
                  <ProjectedPointRef ref="VTR:ScheduledStopPoint:1768510" version="1"/>
                </PointProjection>
              </projections>
            </RoutePoint>
            <RoutePoint version="1" id="VTR:RoutePoint:1768514">
              <projections>
                <PointProjection version="1" id="VTR:PointProjection:2837">
                  <ProjectedPointRef ref="VTR:ScheduledStopPoint:1768514" version="1"/>
                </PointProjection>
              </projections>
            </RoutePoint>
          </routePoints>
          <routes>
            <Route version="1" id="VTR:Route:20599">
              <Name>Nausėdai-Skuodas</Name>
              <ShortName>Nausėdai-Skuodas</ShortName>
              <LineRef ref="VTR:Line:7301" version="9442"/>
              <DirectionType>inbound</DirectionType>
              <pointsInSequence>
                <PointOnRoute version="1" id="VTR:PointOnRoute:1768504" order="1">
                  <RoutePointRef ref="VTR:RoutePoint:1768504"/>
                </PointOnRoute>
                <PointOnRoute version="1" id="VTR:PointOnRoute:1768505" order="2">
                  <RoutePointRef ref="VTR:RoutePoint:1768505"/>
                </PointOnRoute>
                <PointOnRoute version="1" id="VTR:PointOnRoute:1768506" order="3">
                  <RoutePointRef ref="VTR:RoutePoint:1768506"/>
                </PointOnRoute>
                <PointOnRoute version="1" id="VTR:PointOnRoute:1768500" order="4">
                  <RoutePointRef ref="VTR:RoutePoint:1768500"/>
                </PointOnRoute>
                <PointOnRoute version="1" id="VTR:PointOnRoute:1768507" order="5">
                  <RoutePointRef ref="VTR:RoutePoint:1768507"/>
                </PointOnRoute>
                <PointOnRoute version="1" id="VTR:PointOnRoute:1768509" order="6">
                  <RoutePointRef ref="VTR:RoutePoint:1768509"/>
                </PointOnRoute>
                <PointOnRoute version="1" id="VTR:PointOnRoute:1768508" order="7">
                  <RoutePointRef ref="VTR:RoutePoint:1768508"/>
                </PointOnRoute>
                <PointOnRoute version="1" id="VTR:PointOnRoute:1768510" order="8">
                  <RoutePointRef ref="VTR:RoutePoint:1768510"/>
                </PointOnRoute>
                <PointOnRoute version="1" id="VTR:PointOnRoute:1768514" order="9">
                  <RoutePointRef ref="VTR:RoutePoint:1768514"/>
                </PointOnRoute>
              </pointsInSequence>
            </Route>
            <Route version="1" id="VTR:Route:20598">
              <Name>Skuodas-Nausėdai</Name>
              <ShortName>Skuodas-Nausėdai</ShortName>
              <LineRef ref="VTR:Line:7301" version="9442"/>
              <DirectionType>outbound</DirectionType>
              <pointsInSequence>
                <PointOnRoute version="1" id="VTR:PointOnRoute:1768486" order="1">
                  <RoutePointRef ref="VTR:RoutePoint:1768486"/>
                </PointOnRoute>
                <PointOnRoute version="1" id="VTR:PointOnRoute:1768487" order="2">
                  <RoutePointRef ref="VTR:RoutePoint:1768487"/>
                </PointOnRoute>
                <PointOnRoute version="1" id="VTR:PointOnRoute:1768488" order="3">
                  <RoutePointRef ref="VTR:RoutePoint:1768488"/>
                </PointOnRoute>
                <PointOnRoute version="1" id="VTR:PointOnRoute:1768489" order="4">
                  <RoutePointRef ref="VTR:RoutePoint:1768489"/>
                </PointOnRoute>
                <PointOnRoute version="1" id="VTR:PointOnRoute:1768490" order="5">
                  <RoutePointRef ref="VTR:RoutePoint:1768490"/>
                </PointOnRoute>
                <PointOnRoute version="1" id="VTR:PointOnRoute:1768491" order="6">
                  <RoutePointRef ref="VTR:RoutePoint:1768491"/>
                </PointOnRoute>
                <PointOnRoute version="1" id="VTR:PointOnRoute:1768492" order="7">
                  <RoutePointRef ref="VTR:RoutePoint:1768492"/>
                </PointOnRoute>
                <PointOnRoute version="1" id="VTR:PointOnRoute:1768493" order="8">
                  <RoutePointRef ref="VTR:RoutePoint:1768493"/>
                </PointOnRoute>
                <PointOnRoute version="1" id="VTR:PointOnRoute:1768494" order="9">
                  <RoutePointRef ref="VTR:RoutePoint:1768494"/>
                </PointOnRoute>
              </pointsInSequence>
            </Route>
          </routes>
          <lines>
            <Line version="9442" id="VTR:Line:7301">
              <Name>Skuodas-Nausėdai-Skuodas</Name>
              <TransportMode>bus</TransportMode>
              <TransportSubmode>
                <BusSubmode>regionalBus</BusSubmode>
              </TransportSubmode>
              <PublicCode>7</PublicCode>
              <OperatorRef ref="VTR:Operator:29"/>
            </Line>
          </lines>
          <scheduledStopPoints>
            <ScheduledStopPoint version="1" id="VTR:ScheduledStopPoint:1768486">
              <Name>Skuodas</Name>
            </ScheduledStopPoint>
            <ScheduledStopPoint version="1" id="VTR:ScheduledStopPoint:1768487">
              <Name>Rūšupiai</Name>
            </ScheduledStopPoint>
            <ScheduledStopPoint version="1" id="VTR:ScheduledStopPoint:1768488">
              <Name>Šarkė</Name>
            </ScheduledStopPoint>
            <ScheduledStopPoint version="1" id="VTR:ScheduledStopPoint:1768489">
              <Name>Šarkė</Name>
            </ScheduledStopPoint>
            <ScheduledStopPoint version="1" id="VTR:ScheduledStopPoint:1768490">
              <Name>Apuolė</Name>
            </ScheduledStopPoint>
            <ScheduledStopPoint version="1" id="VTR:ScheduledStopPoint:1768491">
              <Name>Kaukolikai</Name>
            </ScheduledStopPoint>
            <ScheduledStopPoint version="1" id="VTR:ScheduledStopPoint:1768492">
              <Name>Baltrimai I</Name>
            </ScheduledStopPoint>
            <ScheduledStopPoint version="1" id="VTR:ScheduledStopPoint:1768493">
              <Name>Baltrimai II</Name>
            </ScheduledStopPoint>
            <ScheduledStopPoint version="1" id="VTR:ScheduledStopPoint:1768494">
              <Name>Nausėdai</Name>
            </ScheduledStopPoint>
            <ScheduledStopPoint version="1" id="VTR:ScheduledStopPoint:1768500">
              <Name>Kaukolikai</Name>
            </ScheduledStopPoint>
            <ScheduledStopPoint version="1" id="VTR:ScheduledStopPoint:1768504">
              <Name>Nausėdai</Name>
            </ScheduledStopPoint>
            <ScheduledStopPoint version="1" id="VTR:ScheduledStopPoint:1768505">
              <Name>Baltrimai II</Name>
            </ScheduledStopPoint>
            <ScheduledStopPoint version="1" id="VTR:ScheduledStopPoint:1768506">
              <Name>Baltrimai I</Name>
            </ScheduledStopPoint>
            <ScheduledStopPoint version="1" id="VTR:ScheduledStopPoint:1768507">
              <Name>Apuolė</Name>
            </ScheduledStopPoint>
            <ScheduledStopPoint version="1" id="VTR:ScheduledStopPoint:1768508">
              <Name>Šarkė</Name>
            </ScheduledStopPoint>
            <ScheduledStopPoint version="1" id="VTR:ScheduledStopPoint:1768509">
              <Name>Šarkė</Name>
            </ScheduledStopPoint>
            <ScheduledStopPoint version="1" id="VTR:ScheduledStopPoint:1768510">
              <Name>Rūšupiai</Name>
            </ScheduledStopPoint>
            <ScheduledStopPoint version="1" id="VTR:ScheduledStopPoint:1768514">
              <Name>Skuodo autobusų stotis</Name>
            </ScheduledStopPoint>
          </scheduledStopPoints>
          <serviceLinks>
            <ServiceLink id="VTR:ServiceLink:1768506_1_1768500_1" version="1">
              <Distance>2</Distance>
              <FromPointRef ref="VTR:ScheduledStopPoint:1768506" version="1"/>
              <ToPointRef ref="VTR:ScheduledStopPoint:1768500" version="1"/>
            </ServiceLink>
            <ServiceLink id="VTR:ServiceLink:1768508_1_1768510_1" version="1">
              <Distance>2</Distance>
              <FromPointRef ref="VTR:ScheduledStopPoint:1768508" version="1"/>
              <ToPointRef ref="VTR:ScheduledStopPoint:1768510" version="1"/>
            </ServiceLink>
            <ServiceLink id="VTR:ServiceLink:1768493_1_1768494_1" version="1">
              <Distance>2</Distance>
              <FromPointRef ref="VTR:ScheduledStopPoint:1768493" version="1"/>
              <ToPointRef ref="VTR:ScheduledStopPoint:1768494" version="1"/>
            </ServiceLink>
            <ServiceLink id="VTR:ServiceLink:1768504_1_1768505_1" version="1">
              <Distance>2</Distance>
              <FromPointRef ref="VTR:ScheduledStopPoint:1768504" version="1"/>
              <ToPointRef ref="VTR:ScheduledStopPoint:1768505" version="1"/>
            </ServiceLink>
            <ServiceLink id="VTR:ServiceLink:1768500_1_1768507_1" version="1">
              <Distance>3</Distance>
              <FromPointRef ref="VTR:ScheduledStopPoint:1768500" version="1"/>
              <ToPointRef ref="VTR:ScheduledStopPoint:1768507" version="1"/>
            </ServiceLink>
            <ServiceLink id="VTR:ServiceLink:1768491_1_1768492_1" version="1">
              <Distance>2</Distance>
              <FromPointRef ref="VTR:ScheduledStopPoint:1768491" version="1"/>
              <ToPointRef ref="VTR:ScheduledStopPoint:1768492" version="1"/>
            </ServiceLink>
            <ServiceLink id="VTR:ServiceLink:1768489_1_1768490_1" version="1">
              <Distance>3</Distance>
              <FromPointRef ref="VTR:ScheduledStopPoint:1768489" version="1"/>
              <ToPointRef ref="VTR:ScheduledStopPoint:1768490" version="1"/>
            </ServiceLink>
            <ServiceLink id="VTR:ServiceLink:1768486_1_1768487_1" version="1">
              <Distance>3</Distance>
              <FromPointRef ref="VTR:ScheduledStopPoint:1768486" version="1"/>
              <ToPointRef ref="VTR:ScheduledStopPoint:1768487" version="1"/>
            </ServiceLink>
            <ServiceLink id="VTR:ServiceLink:1768490_1_1768491_1" version="1">
              <Distance>3</Distance>
              <FromPointRef ref="VTR:ScheduledStopPoint:1768490" version="1"/>
              <ToPointRef ref="VTR:ScheduledStopPoint:1768491" version="1"/>
            </ServiceLink>
            <ServiceLink id="VTR:ServiceLink:1768492_1_1768493_1" version="1">
              <Distance>2</Distance>
              <FromPointRef ref="VTR:ScheduledStopPoint:1768492" version="1"/>
              <ToPointRef ref="VTR:ScheduledStopPoint:1768493" version="1"/>
            </ServiceLink>
            <ServiceLink id="VTR:ServiceLink:1768509_1_1768508_1" version="1">
              <Distance>1</Distance>
              <FromPointRef ref="VTR:ScheduledStopPoint:1768509" version="1"/>
              <ToPointRef ref="VTR:ScheduledStopPoint:1768508" version="1"/>
            </ServiceLink>
            <ServiceLink id="VTR:ServiceLink:1768507_1_1768509_1" version="1">
              <Distance>2</Distance>
              <FromPointRef ref="VTR:ScheduledStopPoint:1768507" version="1"/>
              <ToPointRef ref="VTR:ScheduledStopPoint:1768509" version="1"/>
            </ServiceLink>
            <ServiceLink id="VTR:ServiceLink:1768487_1_1768488_1" version="1">
              <Distance>4</Distance>
              <FromPointRef ref="VTR:ScheduledStopPoint:1768487" version="1"/>
              <ToPointRef ref="VTR:ScheduledStopPoint:1768488" version="1"/>
            </ServiceLink>
            <ServiceLink id="VTR:ServiceLink:1768488_1_1768489_1" version="1">
              <Distance>1</Distance>
              <FromPointRef ref="VTR:ScheduledStopPoint:1768488" version="1"/>
              <ToPointRef ref="VTR:ScheduledStopPoint:1768489" version="1"/>
            </ServiceLink>
            <ServiceLink id="VTR:ServiceLink:1768510_1_1768514_1" version="1">
              <Distance>3</Distance>
              <FromPointRef ref="VTR:ScheduledStopPoint:1768510" version="1"/>
              <ToPointRef ref="VTR:ScheduledStopPoint:1768514" version="1"/>
            </ServiceLink>
            <ServiceLink id="VTR:ServiceLink:1768505_1_1768506_1" version="1">
              <Distance>2</Distance>
              <FromPointRef ref="VTR:ScheduledStopPoint:1768505" version="1"/>
              <ToPointRef ref="VTR:ScheduledStopPoint:1768506" version="1"/>
            </ServiceLink>
          </serviceLinks>
          <stopAssignments>
            <PassengerStopAssignment order="2059800000" id="VTR:PassengerStopAssignment:1768486" version="1">
              <ScheduledStopPointRef ref="VTR:ScheduledStopPoint:1768486" version="1"/>
              <QuayRef ref="VTR:Quay:6233"/>
            </PassengerStopAssignment>
            <PassengerStopAssignment order="2059800001" id="VTR:PassengerStopAssignment:1768487" version="1">
              <ScheduledStopPointRef ref="VTR:ScheduledStopPoint:1768487" version="1"/>
              <QuayRef ref="VTR:Quay:10997"/>
            </PassengerStopAssignment>
            <PassengerStopAssignment order="2059800002" id="VTR:PassengerStopAssignment:1768488" version="1">
              <ScheduledStopPointRef ref="VTR:ScheduledStopPoint:1768488" version="1"/>
              <QuayRef ref="VTR:Quay:4321"/>
            </PassengerStopAssignment>
            <PassengerStopAssignment order="2059800003" id="VTR:PassengerStopAssignment:1768489" version="1">
              <ScheduledStopPointRef ref="VTR:ScheduledStopPoint:1768489" version="1"/>
              <QuayRef ref="VTR:Quay:5251"/>
            </PassengerStopAssignment>
            <PassengerStopAssignment order="2059800004" id="VTR:PassengerStopAssignment:1768490" version="1">
              <ScheduledStopPointRef ref="VTR:ScheduledStopPoint:1768490" version="1"/>
              <QuayRef ref="VTR:Quay:4464"/>
            </PassengerStopAssignment>
            <PassengerStopAssignment order="2059800005" id="VTR:PassengerStopAssignment:1768491" version="1">
              <ScheduledStopPointRef ref="VTR:ScheduledStopPoint:1768491" version="1"/>
              <QuayRef ref="VTR:Quay:4527"/>
            </PassengerStopAssignment>
            <PassengerStopAssignment order="2059800006" id="VTR:PassengerStopAssignment:1768492" version="1">
              <ScheduledStopPointRef ref="VTR:ScheduledStopPoint:1768492" version="1"/>
              <QuayRef ref="VTR:Quay:19774"/>
            </PassengerStopAssignment>
            <PassengerStopAssignment order="2059800007" id="VTR:PassengerStopAssignment:1768493" version="1">
              <ScheduledStopPointRef ref="VTR:ScheduledStopPoint:1768493" version="1"/>
              <QuayRef ref="VTR:Quay:19776"/>
            </PassengerStopAssignment>
            <PassengerStopAssignment order="2059800008" id="VTR:PassengerStopAssignment:1768494" version="1">
              <ScheduledStopPointRef ref="VTR:ScheduledStopPoint:1768494" version="1"/>
              <QuayRef ref="VTR:Quay:4577"/>
            </PassengerStopAssignment>
            <PassengerStopAssignment order="2059900000" id="VTR:PassengerStopAssignment:1768504" version="1">
              <ScheduledStopPointRef ref="VTR:ScheduledStopPoint:1768504" version="1"/>
              <QuayRef ref="VTR:Quay:11593"/>
            </PassengerStopAssignment>
            <PassengerStopAssignment order="2059900001" id="VTR:PassengerStopAssignment:1768505" version="1">
              <ScheduledStopPointRef ref="VTR:ScheduledStopPoint:1768505" version="1"/>
              <QuayRef ref="VTR:Quay:19777"/>
            </PassengerStopAssignment>
            <PassengerStopAssignment order="2059900002" id="VTR:PassengerStopAssignment:1768506" version="1">
              <ScheduledStopPointRef ref="VTR:ScheduledStopPoint:1768506" version="1"/>
              <QuayRef ref="VTR:Quay:19775"/>
            </PassengerStopAssignment>
            <PassengerStopAssignment order="2059900003" id="VTR:PassengerStopAssignment:1768500" version="1">
              <ScheduledStopPointRef ref="VTR:ScheduledStopPoint:1768500" version="1"/>
              <QuayRef ref="VTR:Quay:4527"/>
            </PassengerStopAssignment>
            <PassengerStopAssignment order="2059900004" id="VTR:PassengerStopAssignment:1768507" version="1">
              <ScheduledStopPointRef ref="VTR:ScheduledStopPoint:1768507" version="1"/>
              <QuayRef ref="VTR:Quay:4588"/>
            </PassengerStopAssignment>
            <PassengerStopAssignment order="2059900005" id="VTR:PassengerStopAssignment:1768509" version="1">
              <ScheduledStopPointRef ref="VTR:ScheduledStopPoint:1768509" version="1"/>
              <QuayRef ref="VTR:Quay:4418"/>
            </PassengerStopAssignment>
            <PassengerStopAssignment order="2059900006" id="VTR:PassengerStopAssignment:1768508" version="1">
              <ScheduledStopPointRef ref="VTR:ScheduledStopPoint:1768508" version="1"/>
              <QuayRef ref="VTR:Quay:12031"/>
            </PassengerStopAssignment>
            <PassengerStopAssignment order="2059900007" id="VTR:PassengerStopAssignment:1768510" version="1">
              <ScheduledStopPointRef ref="VTR:ScheduledStopPoint:1768510" version="1"/>
              <QuayRef ref="VTR:Quay:10954"/>
            </PassengerStopAssignment>
            <PassengerStopAssignment order="2059900008" id="VTR:PassengerStopAssignment:1768514" version="1">
              <ScheduledStopPointRef ref="VTR:ScheduledStopPoint:1768514" version="1"/>
              <QuayRef ref="VTR:Quay:19456"/>
            </PassengerStopAssignment>
          </stopAssignments>
          <journeyPatterns>
            <JourneyPattern id="VTR:JourneyPattern:3803885" version="3806491">
              <Name>2.2</Name>
              <RouteRef ref="VTR:Route:20599" version="1"/>
              <pointsInSequence>
                <StopPointInJourneyPattern id="VTR:StopPointInJourneyPattern:130532999" version="3806491" order="1">
                  <ScheduledStopPointRef ref="VTR:ScheduledStopPoint:1768504"/>
                  <DestinationDisplayRef ref="VTR:DestinationDisplay:1"/>
                </StopPointInJourneyPattern>
                <StopPointInJourneyPattern id="VTR:StopPointInJourneyPattern:130533000" version="3806491" order="2">
                  <ScheduledStopPointRef ref="VTR:ScheduledStopPoint:1768505"/>
                  <DestinationDisplayRef ref="VTR:DestinationDisplay:1"/>
                </StopPointInJourneyPattern>
                <StopPointInJourneyPattern id="VTR:StopPointInJourneyPattern:130533001" version="3806491" order="3">
                  <ScheduledStopPointRef ref="VTR:ScheduledStopPoint:1768506"/>
                  <DestinationDisplayRef ref="VTR:DestinationDisplay:1"/>
                </StopPointInJourneyPattern>
                <StopPointInJourneyPattern id="VTR:StopPointInJourneyPattern:130533002" version="3806491" order="4">
                  <ScheduledStopPointRef ref="VTR:ScheduledStopPoint:1768500"/>
                  <DestinationDisplayRef ref="VTR:DestinationDisplay:1"/>
                </StopPointInJourneyPattern>
                <StopPointInJourneyPattern id="VTR:StopPointInJourneyPattern:130533003" version="3806491" order="5">
                  <ScheduledStopPointRef ref="VTR:ScheduledStopPoint:1768507"/>
                  <DestinationDisplayRef ref="VTR:DestinationDisplay:1"/>
                </StopPointInJourneyPattern>
                <StopPointInJourneyPattern id="VTR:StopPointInJourneyPattern:130533004" version="3806491" order="6">
                  <ScheduledStopPointRef ref="VTR:ScheduledStopPoint:1768509"/>
                  <DestinationDisplayRef ref="VTR:DestinationDisplay:1"/>
                </StopPointInJourneyPattern>
                <StopPointInJourneyPattern id="VTR:StopPointInJourneyPattern:130533005" version="3806491" order="7">
                  <ScheduledStopPointRef ref="VTR:ScheduledStopPoint:1768508"/>
                  <DestinationDisplayRef ref="VTR:DestinationDisplay:1"/>
                </StopPointInJourneyPattern>
                <StopPointInJourneyPattern id="VTR:StopPointInJourneyPattern:130533006" version="3806491" order="8">
                  <ScheduledStopPointRef ref="VTR:ScheduledStopPoint:1768510"/>
                  <DestinationDisplayRef ref="VTR:DestinationDisplay:1"/>
                </StopPointInJourneyPattern>
                <StopPointInJourneyPattern id="VTR:StopPointInJourneyPattern:130533010" version="3806491" order="9">
                  <ScheduledStopPointRef ref="VTR:ScheduledStopPoint:1768514"/>
                  <DestinationDisplayRef ref="VTR:DestinationDisplay:1"/>
                </StopPointInJourneyPattern>
              </pointsInSequence>
            </JourneyPattern>
            <JourneyPattern id="VTR:JourneyPattern:3803883" version="3806489">
              <Name>2</Name>
              <RouteRef ref="VTR:Route:20598" version="1"/>
              <pointsInSequence>
                <StopPointInJourneyPattern id="VTR:StopPointInJourneyPattern:130532977" version="3806489" order="1">
                  <ScheduledStopPointRef ref="VTR:ScheduledStopPoint:1768486"/>
                  <DestinationDisplayRef ref="VTR:DestinationDisplay:1"/>
                </StopPointInJourneyPattern>
                <StopPointInJourneyPattern id="VTR:StopPointInJourneyPattern:130532978" version="3806489" order="2">
                  <ScheduledStopPointRef ref="VTR:ScheduledStopPoint:1768487"/>
                  <DestinationDisplayRef ref="VTR:DestinationDisplay:1"/>
                </StopPointInJourneyPattern>
                <StopPointInJourneyPattern id="VTR:StopPointInJourneyPattern:130532979" version="3806489" order="3">
                  <ScheduledStopPointRef ref="VTR:ScheduledStopPoint:1768488"/>
                  <DestinationDisplayRef ref="VTR:DestinationDisplay:1"/>
                </StopPointInJourneyPattern>
                <StopPointInJourneyPattern id="VTR:StopPointInJourneyPattern:130532980" version="3806489" order="4">
                  <ScheduledStopPointRef ref="VTR:ScheduledStopPoint:1768489"/>
                  <DestinationDisplayRef ref="VTR:DestinationDisplay:1"/>
                </StopPointInJourneyPattern>
                <StopPointInJourneyPattern id="VTR:StopPointInJourneyPattern:130532981" version="3806489" order="5">
                  <ScheduledStopPointRef ref="VTR:ScheduledStopPoint:1768490"/>
                  <DestinationDisplayRef ref="VTR:DestinationDisplay:1"/>
                </StopPointInJourneyPattern>
                <StopPointInJourneyPattern id="VTR:StopPointInJourneyPattern:130532982" version="3806489" order="6">
                  <ScheduledStopPointRef ref="VTR:ScheduledStopPoint:1768491"/>
                  <DestinationDisplayRef ref="VTR:DestinationDisplay:1"/>
                </StopPointInJourneyPattern>
                <StopPointInJourneyPattern id="VTR:StopPointInJourneyPattern:130532983" version="3806489" order="7">
                  <ScheduledStopPointRef ref="VTR:ScheduledStopPoint:1768492"/>
                  <DestinationDisplayRef ref="VTR:DestinationDisplay:1"/>
                </StopPointInJourneyPattern>
                <StopPointInJourneyPattern id="VTR:StopPointInJourneyPattern:130532984" version="3806489" order="8">
                  <ScheduledStopPointRef ref="VTR:ScheduledStopPoint:1768493"/>
                  <DestinationDisplayRef ref="VTR:DestinationDisplay:1"/>
                </StopPointInJourneyPattern>
                <StopPointInJourneyPattern id="VTR:StopPointInJourneyPattern:130532985" version="3806489" order="9">
                  <ScheduledStopPointRef ref="VTR:ScheduledStopPoint:1768494"/>
                  <DestinationDisplayRef ref="VTR:DestinationDisplay:1"/>
                </StopPointInJourneyPattern>
              </pointsInSequence>
            </JourneyPattern>
            <JourneyPattern id="VTR:JourneyPattern:3803884" version="3806610">
              <Name>1</Name>
              <RouteRef ref="VTR:Route:20599" version="1"/>
              <pointsInSequence>
                <StopPointInJourneyPattern id="VTR:StopPointInJourneyPattern:130534127" version="3806610" order="1">
                  <ScheduledStopPointRef ref="VTR:ScheduledStopPoint:1768504"/>
                  <DestinationDisplayRef ref="VTR:DestinationDisplay:1"/>
                </StopPointInJourneyPattern>
                <StopPointInJourneyPattern id="VTR:StopPointInJourneyPattern:130534128" version="3806610" order="2">
                  <ScheduledStopPointRef ref="VTR:ScheduledStopPoint:1768505"/>
                  <DestinationDisplayRef ref="VTR:DestinationDisplay:1"/>
                </StopPointInJourneyPattern>
                <StopPointInJourneyPattern id="VTR:StopPointInJourneyPattern:130534129" version="3806610" order="3">
                  <ScheduledStopPointRef ref="VTR:ScheduledStopPoint:1768506"/>
                  <DestinationDisplayRef ref="VTR:DestinationDisplay:1"/>
                </StopPointInJourneyPattern>
                <StopPointInJourneyPattern id="VTR:StopPointInJourneyPattern:130534130" version="3806610" order="4">
                  <ScheduledStopPointRef ref="VTR:ScheduledStopPoint:1768500"/>
                  <DestinationDisplayRef ref="VTR:DestinationDisplay:1"/>
                </StopPointInJourneyPattern>
                <StopPointInJourneyPattern id="VTR:StopPointInJourneyPattern:130534131" version="3806610" order="5">
                  <ScheduledStopPointRef ref="VTR:ScheduledStopPoint:1768507"/>
                  <DestinationDisplayRef ref="VTR:DestinationDisplay:1"/>
                </StopPointInJourneyPattern>
                <StopPointInJourneyPattern id="VTR:StopPointInJourneyPattern:130534132" version="3806610" order="6">
                  <ScheduledStopPointRef ref="VTR:ScheduledStopPoint:1768509"/>
                  <DestinationDisplayRef ref="VTR:DestinationDisplay:1"/>
                </StopPointInJourneyPattern>
                <StopPointInJourneyPattern id="VTR:StopPointInJourneyPattern:130534133" version="3806610" order="7">
                  <ScheduledStopPointRef ref="VTR:ScheduledStopPoint:1768508"/>
                  <DestinationDisplayRef ref="VTR:DestinationDisplay:1"/>
                </StopPointInJourneyPattern>
                <StopPointInJourneyPattern id="VTR:StopPointInJourneyPattern:130534134" version="3806610" order="8">
                  <ScheduledStopPointRef ref="VTR:ScheduledStopPoint:1768510"/>
                  <DestinationDisplayRef ref="VTR:DestinationDisplay:1"/>
                </StopPointInJourneyPattern>
                <StopPointInJourneyPattern id="VTR:StopPointInJourneyPattern:130534135" version="3806610" order="9">
                  <ScheduledStopPointRef ref="VTR:ScheduledStopPoint:1768514"/>
                  <DestinationDisplayRef ref="VTR:DestinationDisplay:1"/>
                </StopPointInJourneyPattern>
              </pointsInSequence>
            </JourneyPattern>
            <JourneyPattern id="VTR:JourneyPattern:3803885" version="3806611">
              <Name>2</Name>
              <RouteRef ref="VTR:Route:20599" version="1"/>
              <pointsInSequence>
                <StopPointInJourneyPattern id="VTR:StopPointInJourneyPattern:130534136" version="3806611" order="1">
                  <ScheduledStopPointRef ref="VTR:ScheduledStopPoint:1768504"/>
                  <DestinationDisplayRef ref="VTR:DestinationDisplay:1"/>
                </StopPointInJourneyPattern>
                <StopPointInJourneyPattern id="VTR:StopPointInJourneyPattern:130534137" version="3806611" order="2">
                  <ScheduledStopPointRef ref="VTR:ScheduledStopPoint:1768505"/>
                  <DestinationDisplayRef ref="VTR:DestinationDisplay:1"/>
                </StopPointInJourneyPattern>
                <StopPointInJourneyPattern id="VTR:StopPointInJourneyPattern:130534138" version="3806611" order="3">
                  <ScheduledStopPointRef ref="VTR:ScheduledStopPoint:1768506"/>
                  <DestinationDisplayRef ref="VTR:DestinationDisplay:1"/>
                </StopPointInJourneyPattern>
                <StopPointInJourneyPattern id="VTR:StopPointInJourneyPattern:130534139" version="3806611" order="4">
                  <ScheduledStopPointRef ref="VTR:ScheduledStopPoint:1768500"/>
                  <DestinationDisplayRef ref="VTR:DestinationDisplay:1"/>
                </StopPointInJourneyPattern>
                <StopPointInJourneyPattern id="VTR:StopPointInJourneyPattern:130534140" version="3806611" order="5">
                  <ScheduledStopPointRef ref="VTR:ScheduledStopPoint:1768507"/>
                  <DestinationDisplayRef ref="VTR:DestinationDisplay:1"/>
                </StopPointInJourneyPattern>
                <StopPointInJourneyPattern id="VTR:StopPointInJourneyPattern:130534141" version="3806611" order="6">
                  <ScheduledStopPointRef ref="VTR:ScheduledStopPoint:1768509"/>
                  <DestinationDisplayRef ref="VTR:DestinationDisplay:1"/>
                </StopPointInJourneyPattern>
                <StopPointInJourneyPattern id="VTR:StopPointInJourneyPattern:130534142" version="3806611" order="7">
                  <ScheduledStopPointRef ref="VTR:ScheduledStopPoint:1768508"/>
                  <DestinationDisplayRef ref="VTR:DestinationDisplay:1"/>
                </StopPointInJourneyPattern>
                <StopPointInJourneyPattern id="VTR:StopPointInJourneyPattern:130534143" version="3806611" order="8">
                  <ScheduledStopPointRef ref="VTR:ScheduledStopPoint:1768510"/>
                  <DestinationDisplayRef ref="VTR:DestinationDisplay:1"/>
                </StopPointInJourneyPattern>
                <StopPointInJourneyPattern id="VTR:StopPointInJourneyPattern:130534144" version="3806611" order="9">
                  <ScheduledStopPointRef ref="VTR:ScheduledStopPoint:1768514"/>
                  <DestinationDisplayRef ref="VTR:DestinationDisplay:1"/>
                </StopPointInJourneyPattern>
              </pointsInSequence>
            </JourneyPattern>
            <JourneyPattern id="VTR:JourneyPattern:3803882" version="3806488">
              <Name>1</Name>
              <RouteRef ref="VTR:Route:20598" version="1"/>
              <pointsInSequence>
                <StopPointInJourneyPattern id="VTR:StopPointInJourneyPattern:130532968" version="3806488" order="1">
                  <ScheduledStopPointRef ref="VTR:ScheduledStopPoint:1768486"/>
                  <DestinationDisplayRef ref="VTR:DestinationDisplay:1"/>
                </StopPointInJourneyPattern>
                <StopPointInJourneyPattern id="VTR:StopPointInJourneyPattern:130532969" version="3806488" order="2">
                  <ScheduledStopPointRef ref="VTR:ScheduledStopPoint:1768487"/>
                  <DestinationDisplayRef ref="VTR:DestinationDisplay:1"/>
                </StopPointInJourneyPattern>
                <StopPointInJourneyPattern id="VTR:StopPointInJourneyPattern:130532970" version="3806488" order="3">
                  <ScheduledStopPointRef ref="VTR:ScheduledStopPoint:1768488"/>
                  <DestinationDisplayRef ref="VTR:DestinationDisplay:1"/>
                </StopPointInJourneyPattern>
                <StopPointInJourneyPattern id="VTR:StopPointInJourneyPattern:130532971" version="3806488" order="4">
                  <ScheduledStopPointRef ref="VTR:ScheduledStopPoint:1768489"/>
                  <DestinationDisplayRef ref="VTR:DestinationDisplay:1"/>
                </StopPointInJourneyPattern>
                <StopPointInJourneyPattern id="VTR:StopPointInJourneyPattern:130532972" version="3806488" order="5">
                  <ScheduledStopPointRef ref="VTR:ScheduledStopPoint:1768490"/>
                  <DestinationDisplayRef ref="VTR:DestinationDisplay:1"/>
                </StopPointInJourneyPattern>
                <StopPointInJourneyPattern id="VTR:StopPointInJourneyPattern:130532973" version="3806488" order="6">
                  <ScheduledStopPointRef ref="VTR:ScheduledStopPoint:1768491"/>
                  <DestinationDisplayRef ref="VTR:DestinationDisplay:1"/>
                </StopPointInJourneyPattern>
                <StopPointInJourneyPattern id="VTR:StopPointInJourneyPattern:130532974" version="3806488" order="7">
                  <ScheduledStopPointRef ref="VTR:ScheduledStopPoint:1768492"/>
                  <DestinationDisplayRef ref="VTR:DestinationDisplay:1"/>
                </StopPointInJourneyPattern>
                <StopPointInJourneyPattern id="VTR:StopPointInJourneyPattern:130532975" version="3806488" order="8">
                  <ScheduledStopPointRef ref="VTR:ScheduledStopPoint:1768493"/>
                  <DestinationDisplayRef ref="VTR:DestinationDisplay:1"/>
                </StopPointInJourneyPattern>
                <StopPointInJourneyPattern id="VTR:StopPointInJourneyPattern:130532976" version="3806488" order="9">
                  <ScheduledStopPointRef ref="VTR:ScheduledStopPoint:1768494"/>
                  <DestinationDisplayRef ref="VTR:DestinationDisplay:1"/>
                </StopPointInJourneyPattern>
              </pointsInSequence>
            </JourneyPattern>
            <JourneyPattern id="VTR:JourneyPattern:3803884" version="3806490">
              <Name>1.1</Name>
              <RouteRef ref="VTR:Route:20599" version="1"/>
              <pointsInSequence>
                <StopPointInJourneyPattern id="VTR:StopPointInJourneyPattern:130532986" version="3806490" order="1">
                  <ScheduledStopPointRef ref="VTR:ScheduledStopPoint:1768504"/>
                  <DestinationDisplayRef ref="VTR:DestinationDisplay:1"/>
                </StopPointInJourneyPattern>
                <StopPointInJourneyPattern id="VTR:StopPointInJourneyPattern:130532987" version="3806490" order="2">
                  <ScheduledStopPointRef ref="VTR:ScheduledStopPoint:1768505"/>
                  <DestinationDisplayRef ref="VTR:DestinationDisplay:1"/>
                </StopPointInJourneyPattern>
                <StopPointInJourneyPattern id="VTR:StopPointInJourneyPattern:130532988" version="3806490" order="3">
                  <ScheduledStopPointRef ref="VTR:ScheduledStopPoint:1768506"/>
                  <DestinationDisplayRef ref="VTR:DestinationDisplay:1"/>
                </StopPointInJourneyPattern>
                <StopPointInJourneyPattern id="VTR:StopPointInJourneyPattern:130532989" version="3806490" order="4">
                  <ScheduledStopPointRef ref="VTR:ScheduledStopPoint:1768500"/>
                  <DestinationDisplayRef ref="VTR:DestinationDisplay:1"/>
                </StopPointInJourneyPattern>
                <StopPointInJourneyPattern id="VTR:StopPointInJourneyPattern:130532990" version="3806490" order="5">
                  <ScheduledStopPointRef ref="VTR:ScheduledStopPoint:1768507"/>
                  <DestinationDisplayRef ref="VTR:DestinationDisplay:1"/>
                </StopPointInJourneyPattern>
                <StopPointInJourneyPattern id="VTR:StopPointInJourneyPattern:130532995" version="3806490" order="6">
                  <ScheduledStopPointRef ref="VTR:ScheduledStopPoint:1768509"/>
                  <DestinationDisplayRef ref="VTR:DestinationDisplay:1"/>
                </StopPointInJourneyPattern>
                <StopPointInJourneyPattern id="VTR:StopPointInJourneyPattern:130532996" version="3806490" order="7">
                  <ScheduledStopPointRef ref="VTR:ScheduledStopPoint:1768508"/>
                  <DestinationDisplayRef ref="VTR:DestinationDisplay:1"/>
                </StopPointInJourneyPattern>
                <StopPointInJourneyPattern id="VTR:StopPointInJourneyPattern:130532997" version="3806490" order="8">
                  <ScheduledStopPointRef ref="VTR:ScheduledStopPoint:1768510"/>
                  <DestinationDisplayRef ref="VTR:DestinationDisplay:1"/>
                </StopPointInJourneyPattern>
                <StopPointInJourneyPattern id="VTR:StopPointInJourneyPattern:130533009" version="3806490" order="9">
                  <ScheduledStopPointRef ref="VTR:ScheduledStopPoint:1768514"/>
                  <DestinationDisplayRef ref="VTR:DestinationDisplay:1"/>
                </StopPointInJourneyPattern>
              </pointsInSequence>
            </JourneyPattern>
          </journeyPatterns>
        </ServiceFrame>
        <TimetableFrame version="1" id="VTR:TimetableFrame:1398">
          <vehicleJourneys>
            <ServiceJourney version="3806488" id="VTR:ServiceJourney:3803882">
              <Name>Skuodas-Nausėdai</Name>
              <PrivateCode>1</PrivateCode>
              <dayTypes>
                <DayTypeRef ref="VTR:DayType:439"/>
              </dayTypes>
              <JourneyPatternRef version="3806488" ref="VTR:JourneyPattern:3803882"/>
              <OperatorRef ref="VTR:Operator:513"/>
              <LineRef ref="VTR:Line:7301" version="9442"/>
              <passingTimes>
                <TimetabledPassingTime version="3806488" id="VTR:TimetabledPassingTime:3803882_130532968_1">
                  <StopPointInJourneyPatternRef ref="VTR:StopPointInJourneyPattern:130532968" version="3806488"/>
                  <DepartureTime>06:40:00</DepartureTime>
                  <DepartureDayOffset>0</DepartureDayOffset>
                </TimetabledPassingTime>
                <TimetabledPassingTime version="3806488" id="VTR:TimetabledPassingTime:3803882_130532969_2">
                  <StopPointInJourneyPatternRef ref="VTR:StopPointInJourneyPattern:130532969" version="3806488"/>
                  <DepartureTime>06:44:00</DepartureTime>
                  <DepartureDayOffset>0</DepartureDayOffset>
                </TimetabledPassingTime>
                <TimetabledPassingTime version="3806488" id="VTR:TimetabledPassingTime:3803882_130532970_3">
                  <StopPointInJourneyPatternRef ref="VTR:StopPointInJourneyPattern:130532970" version="3806488"/>
                  <DepartureTime>06:48:00</DepartureTime>
                  <DepartureDayOffset>0</DepartureDayOffset>
                </TimetabledPassingTime>
                <TimetabledPassingTime version="3806488" id="VTR:TimetabledPassingTime:3803882_130532971_4">
                  <StopPointInJourneyPatternRef ref="VTR:StopPointInJourneyPattern:130532971" version="3806488"/>
                  <DepartureTime>06:50:00</DepartureTime>
                  <DepartureDayOffset>0</DepartureDayOffset>
                </TimetabledPassingTime>
                <TimetabledPassingTime version="3806488" id="VTR:TimetabledPassingTime:3803882_130532972_5">
                  <StopPointInJourneyPatternRef ref="VTR:StopPointInJourneyPattern:130532972" version="3806488"/>
                  <DepartureTime>06:54:00</DepartureTime>
                  <DepartureDayOffset>0</DepartureDayOffset>
                </TimetabledPassingTime>
                <TimetabledPassingTime version="3806488" id="VTR:TimetabledPassingTime:3803882_130532973_6">
                  <StopPointInJourneyPatternRef ref="VTR:StopPointInJourneyPattern:130532973" version="3806488"/>
                  <DepartureTime>07:00:00</DepartureTime>
                  <DepartureDayOffset>0</DepartureDayOffset>
                </TimetabledPassingTime>
                <TimetabledPassingTime version="3806488" id="VTR:TimetabledPassingTime:3803882_130532974_7">
                  <StopPointInJourneyPatternRef ref="VTR:StopPointInJourneyPattern:130532974" version="3806488"/>
                  <DepartureTime>07:03:00</DepartureTime>
                  <DepartureDayOffset>0</DepartureDayOffset>
                </TimetabledPassingTime>
                <TimetabledPassingTime version="3806488" id="VTR:TimetabledPassingTime:3803882_130532975_8">
                  <StopPointInJourneyPatternRef ref="VTR:StopPointInJourneyPattern:130532975" version="3806488"/>
                  <DepartureTime>07:06:00</DepartureTime>
                  <DepartureDayOffset>0</DepartureDayOffset>
                </TimetabledPassingTime>
                <TimetabledPassingTime version="3806488" id="VTR:TimetabledPassingTime:3803882_130532976_9">
                  <StopPointInJourneyPatternRef ref="VTR:StopPointInJourneyPattern:130532976" version="3806488"/>
                  <DepartureTime>07:10:00</DepartureTime>
                  <DepartureDayOffset>0</DepartureDayOffset>
                </TimetabledPassingTime>
              </passingTimes>
            </ServiceJourney>
            <ServiceJourney version="3806610" id="VTR:ServiceJourney:3803884">
              <Name>Nausėdai-Skuodas</Name>
              <PrivateCode>1</PrivateCode>
              <dayTypes>
                <DayTypeRef ref="VTR:DayType:439"/>
              </dayTypes>
              <JourneyPatternRef version="3806610" ref="VTR:JourneyPattern:3803884"/>
              <OperatorRef ref="VTR:Operator:513"/>
              <LineRef ref="VTR:Line:7301" version="9442"/>
              <passingTimes>
                <TimetabledPassingTime version="3806610" id="VTR:TimetabledPassingTime:3803884_130532986_1">
                  <StopPointInJourneyPatternRef ref="VTR:StopPointInJourneyPattern:130532986" version="3806610"/>
                  <DepartureTime>07:10:00</DepartureTime>
                  <DepartureDayOffset>0</DepartureDayOffset>
                </TimetabledPassingTime>
                <TimetabledPassingTime version="3806610" id="VTR:TimetabledPassingTime:3803884_130534127_1">
                  <StopPointInJourneyPatternRef ref="VTR:StopPointInJourneyPattern:130534127" version="3806610"/>
                  <DepartureTime>07:10:00</DepartureTime>
                  <DepartureDayOffset>0</DepartureDayOffset>
                </TimetabledPassingTime>
                <TimetabledPassingTime version="3806610" id="VTR:TimetabledPassingTime:3803884_130534128_2">
                  <StopPointInJourneyPatternRef ref="VTR:StopPointInJourneyPattern:130534128" version="3806610"/>
                  <DepartureTime>07:14:00</DepartureTime>
                  <DepartureDayOffset>0</DepartureDayOffset>
                </TimetabledPassingTime>
                <TimetabledPassingTime version="3806610" id="VTR:TimetabledPassingTime:3803884_130532987_2">
                  <StopPointInJourneyPatternRef ref="VTR:StopPointInJourneyPattern:130532987" version="3806610"/>
                  <DepartureTime>07:14:00</DepartureTime>
                  <DepartureDayOffset>0</DepartureDayOffset>
                </TimetabledPassingTime>
                <TimetabledPassingTime version="3806610" id="VTR:TimetabledPassingTime:3803884_130534129_3">
                  <StopPointInJourneyPatternRef ref="VTR:StopPointInJourneyPattern:130534129" version="3806610"/>
                  <DepartureTime>07:17:00</DepartureTime>
                  <DepartureDayOffset>0</DepartureDayOffset>
                </TimetabledPassingTime>
                <TimetabledPassingTime version="3806610" id="VTR:TimetabledPassingTime:3803884_130532988_3">
                  <StopPointInJourneyPatternRef ref="VTR:StopPointInJourneyPattern:130532988" version="3806610"/>
                  <DepartureTime>07:17:00</DepartureTime>
                  <DepartureDayOffset>0</DepartureDayOffset>
                </TimetabledPassingTime>
                <TimetabledPassingTime version="3806610" id="VTR:TimetabledPassingTime:3803884_130534130_4">
                  <StopPointInJourneyPatternRef ref="VTR:StopPointInJourneyPattern:130534130" version="3806610"/>
                  <DepartureTime>07:20:00</DepartureTime>
                  <DepartureDayOffset>0</DepartureDayOffset>
                </TimetabledPassingTime>
                <TimetabledPassingTime version="3806610" id="VTR:TimetabledPassingTime:3803884_130532989_4">
                  <StopPointInJourneyPatternRef ref="VTR:StopPointInJourneyPattern:130532989" version="3806610"/>
                  <DepartureTime>07:20:00</DepartureTime>
                  <DepartureDayOffset>0</DepartureDayOffset>
                </TimetabledPassingTime>
                <TimetabledPassingTime version="3806610" id="VTR:TimetabledPassingTime:3803884_130532990_5">
                  <StopPointInJourneyPatternRef ref="VTR:StopPointInJourneyPattern:130532990" version="3806610"/>
                  <DepartureTime>07:26:00</DepartureTime>
                  <DepartureDayOffset>0</DepartureDayOffset>
                </TimetabledPassingTime>
                <TimetabledPassingTime version="3806610" id="VTR:TimetabledPassingTime:3803884_130534131_5">
                  <StopPointInJourneyPatternRef ref="VTR:StopPointInJourneyPattern:130534131" version="3806610"/>
                  <DepartureTime>07:26:00</DepartureTime>
                  <DepartureDayOffset>0</DepartureDayOffset>
                </TimetabledPassingTime>
                <TimetabledPassingTime version="3806610" id="VTR:TimetabledPassingTime:3803884_130532995_6">
                  <StopPointInJourneyPatternRef ref="VTR:StopPointInJourneyPattern:130532995" version="3806610"/>
                  <DepartureTime>07:30:00</DepartureTime>
                  <DepartureDayOffset>0</DepartureDayOffset>
                </TimetabledPassingTime>
                <TimetabledPassingTime version="3806610" id="VTR:TimetabledPassingTime:3803884_130534132_6">
                  <StopPointInJourneyPatternRef ref="VTR:StopPointInJourneyPattern:130534132" version="3806610"/>
                  <DepartureTime>07:30:00</DepartureTime>
                  <DepartureDayOffset>0</DepartureDayOffset>
                </TimetabledPassingTime>
                <TimetabledPassingTime version="3806610" id="VTR:TimetabledPassingTime:3803884_130534133_7">
                  <StopPointInJourneyPatternRef ref="VTR:StopPointInJourneyPattern:130534133" version="3806610"/>
                  <DepartureTime>07:32:00</DepartureTime>
                  <DepartureDayOffset>0</DepartureDayOffset>
                </TimetabledPassingTime>
                <TimetabledPassingTime version="3806610" id="VTR:TimetabledPassingTime:3803884_130532996_7">
                  <StopPointInJourneyPatternRef ref="VTR:StopPointInJourneyPattern:130532996" version="3806610"/>
                  <DepartureTime>07:32:00</DepartureTime>
                  <DepartureDayOffset>0</DepartureDayOffset>
                </TimetabledPassingTime>
                <TimetabledPassingTime version="3806610" id="VTR:TimetabledPassingTime:3803884_130532997_8">
                  <StopPointInJourneyPatternRef ref="VTR:StopPointInJourneyPattern:130532997" version="3806610"/>
                  <DepartureTime>07:36:00</DepartureTime>
                  <DepartureDayOffset>0</DepartureDayOffset>
                </TimetabledPassingTime>
                <TimetabledPassingTime version="3806610" id="VTR:TimetabledPassingTime:3803884_130534134_8">
                  <StopPointInJourneyPatternRef ref="VTR:StopPointInJourneyPattern:130534134" version="3806610"/>
                  <DepartureTime>07:36:00</DepartureTime>
                  <DepartureDayOffset>0</DepartureDayOffset>
                </TimetabledPassingTime>
                <TimetabledPassingTime version="3806610" id="VTR:TimetabledPassingTime:3803884_130534135_9">
                  <StopPointInJourneyPatternRef ref="VTR:StopPointInJourneyPattern:130534135" version="3806610"/>
                  <DepartureTime>07:40:00</DepartureTime>
                  <DepartureDayOffset>0</DepartureDayOffset>
                </TimetabledPassingTime>
                <TimetabledPassingTime version="3806610" id="VTR:TimetabledPassingTime:3803884_130533009_9">
                  <StopPointInJourneyPatternRef ref="VTR:StopPointInJourneyPattern:130533009" version="3806610"/>
                  <DepartureTime>07:40:00</DepartureTime>
                  <DepartureDayOffset>0</DepartureDayOffset>
                </TimetabledPassingTime>
              </passingTimes>
            </ServiceJourney>
            <ServiceJourney version="3806491" id="VTR:ServiceJourney:3803885">
              <Name>Nausėdai-Skuodas</Name>
              <PrivateCode>2.2</PrivateCode>
              <dayTypes>
                <DayTypeRef ref="VTR:DayType:439"/>
              </dayTypes>
              <JourneyPatternRef version="3806491" ref="VTR:JourneyPattern:3803885"/>
              <OperatorRef ref="VTR:Operator:513"/>
              <LineRef ref="VTR:Line:7301" version="9442"/>
              <passingTimes>
                <TimetabledPassingTime version="3806491" id="VTR:TimetabledPassingTime:3803885_130532999_1">
                  <StopPointInJourneyPatternRef ref="VTR:StopPointInJourneyPattern:130532999" version="3806491"/>
                  <DepartureTime>15:35:00</DepartureTime>
                  <DepartureDayOffset>0</DepartureDayOffset>
                </TimetabledPassingTime>
                <TimetabledPassingTime version="3806491" id="VTR:TimetabledPassingTime:3803885_130534136_1">
                  <StopPointInJourneyPatternRef ref="VTR:StopPointInJourneyPattern:130534136" version="3806491"/>
                  <DepartureTime>15:35:00</DepartureTime>
                  <DepartureDayOffset>0</DepartureDayOffset>
                </TimetabledPassingTime>
                <TimetabledPassingTime version="3806491" id="VTR:TimetabledPassingTime:3803885_130533000_2">
                  <StopPointInJourneyPatternRef ref="VTR:StopPointInJourneyPattern:130533000" version="3806491"/>
                  <DepartureTime>15:39:00</DepartureTime>
                  <DepartureDayOffset>0</DepartureDayOffset>
                </TimetabledPassingTime>
                <TimetabledPassingTime version="3806491" id="VTR:TimetabledPassingTime:3803885_130534137_2">
                  <StopPointInJourneyPatternRef ref="VTR:StopPointInJourneyPattern:130534137" version="3806491"/>
                  <DepartureTime>15:39:00</DepartureTime>
                  <DepartureDayOffset>0</DepartureDayOffset>
                </TimetabledPassingTime>
                <TimetabledPassingTime version="3806491" id="VTR:TimetabledPassingTime:3803885_130533001_3">
                  <StopPointInJourneyPatternRef ref="VTR:StopPointInJourneyPattern:130533001" version="3806491"/>
                  <DepartureTime>15:42:00</DepartureTime>
                  <DepartureDayOffset>0</DepartureDayOffset>
                </TimetabledPassingTime>
                <TimetabledPassingTime version="3806491" id="VTR:TimetabledPassingTime:3803885_130534138_3">
                  <StopPointInJourneyPatternRef ref="VTR:StopPointInJourneyPattern:130534138" version="3806491"/>
                  <DepartureTime>15:42:00</DepartureTime>
                  <DepartureDayOffset>0</DepartureDayOffset>
                </TimetabledPassingTime>
                <TimetabledPassingTime version="3806491" id="VTR:TimetabledPassingTime:3803885_130534139_4">
                  <StopPointInJourneyPatternRef ref="VTR:StopPointInJourneyPattern:130534139" version="3806491"/>
                  <DepartureTime>15:45:00</DepartureTime>
                  <DepartureDayOffset>0</DepartureDayOffset>
                </TimetabledPassingTime>
                <TimetabledPassingTime version="3806491" id="VTR:TimetabledPassingTime:3803885_130533002_4">
                  <StopPointInJourneyPatternRef ref="VTR:StopPointInJourneyPattern:130533002" version="3806491"/>
                  <DepartureTime>15:45:00</DepartureTime>
                  <DepartureDayOffset>0</DepartureDayOffset>
                </TimetabledPassingTime>
                <TimetabledPassingTime version="3806491" id="VTR:TimetabledPassingTime:3803885_130533003_5">
                  <StopPointInJourneyPatternRef ref="VTR:StopPointInJourneyPattern:130533003" version="3806491"/>
                  <DepartureTime>15:51:00</DepartureTime>
                  <DepartureDayOffset>0</DepartureDayOffset>
                </TimetabledPassingTime>
                <TimetabledPassingTime version="3806491" id="VTR:TimetabledPassingTime:3803885_130534140_5">
                  <StopPointInJourneyPatternRef ref="VTR:StopPointInJourneyPattern:130534140" version="3806491"/>
                  <DepartureTime>15:51:00</DepartureTime>
                  <DepartureDayOffset>0</DepartureDayOffset>
                </TimetabledPassingTime>
                <TimetabledPassingTime version="3806491" id="VTR:TimetabledPassingTime:3803885_130533004_6">
                  <StopPointInJourneyPatternRef ref="VTR:StopPointInJourneyPattern:130533004" version="3806491"/>
                  <DepartureTime>15:55:00</DepartureTime>
                  <DepartureDayOffset>0</DepartureDayOffset>
                </TimetabledPassingTime>
                <TimetabledPassingTime version="3806491" id="VTR:TimetabledPassingTime:3803885_130534141_6">
                  <StopPointInJourneyPatternRef ref="VTR:StopPointInJourneyPattern:130534141" version="3806491"/>
                  <DepartureTime>15:55:00</DepartureTime>
                  <DepartureDayOffset>0</DepartureDayOffset>
                </TimetabledPassingTime>
                <TimetabledPassingTime version="3806491" id="VTR:TimetabledPassingTime:3803885_130533005_7">
                  <StopPointInJourneyPatternRef ref="VTR:StopPointInJourneyPattern:130533005" version="3806491"/>
                  <DepartureTime>15:57:00</DepartureTime>
                  <DepartureDayOffset>0</DepartureDayOffset>
                </TimetabledPassingTime>
                <TimetabledPassingTime version="3806491" id="VTR:TimetabledPassingTime:3803885_130534142_7">
                  <StopPointInJourneyPatternRef ref="VTR:StopPointInJourneyPattern:130534142" version="3806491"/>
                  <DepartureTime>15:57:00</DepartureTime>
                  <DepartureDayOffset>0</DepartureDayOffset>
                </TimetabledPassingTime>
                <TimetabledPassingTime version="3806491" id="VTR:TimetabledPassingTime:3803885_130534143_8">
                  <StopPointInJourneyPatternRef ref="VTR:StopPointInJourneyPattern:130534143" version="3806491"/>
                  <DepartureTime>16:01:00</DepartureTime>
                  <DepartureDayOffset>0</DepartureDayOffset>
                </TimetabledPassingTime>
                <TimetabledPassingTime version="3806491" id="VTR:TimetabledPassingTime:3803885_130533006_8">
                  <StopPointInJourneyPatternRef ref="VTR:StopPointInJourneyPattern:130533006" version="3806491"/>
                  <DepartureTime>16:01:00</DepartureTime>
                  <DepartureDayOffset>0</DepartureDayOffset>
                </TimetabledPassingTime>
                <TimetabledPassingTime version="3806491" id="VTR:TimetabledPassingTime:3803885_130534144_9">
                  <StopPointInJourneyPatternRef ref="VTR:StopPointInJourneyPattern:130534144" version="3806491"/>
                  <DepartureTime>16:05:00</DepartureTime>
                  <DepartureDayOffset>0</DepartureDayOffset>
                </TimetabledPassingTime>
                <TimetabledPassingTime version="3806491" id="VTR:TimetabledPassingTime:3803885_130533010_9">
                  <StopPointInJourneyPatternRef ref="VTR:StopPointInJourneyPattern:130533010" version="3806491"/>
                  <DepartureTime>16:05:00</DepartureTime>
                  <DepartureDayOffset>0</DepartureDayOffset>
                </TimetabledPassingTime>
              </passingTimes>
            </ServiceJourney>
            <ServiceJourney version="3806611" id="VTR:ServiceJourney:3803885">
              <Name>Nausėdai-Skuodas</Name>
              <PrivateCode>2</PrivateCode>
              <dayTypes>
                <DayTypeRef ref="VTR:DayType:439"/>
              </dayTypes>
              <JourneyPatternRef version="3806611" ref="VTR:JourneyPattern:3803885"/>
              <OperatorRef ref="VTR:Operator:513"/>
              <LineRef ref="VTR:Line:7301" version="9442"/>
              <passingTimes>
                <TimetabledPassingTime version="3806611" id="VTR:TimetabledPassingTime:3803885_130532999_1">
                  <StopPointInJourneyPatternRef ref="VTR:StopPointInJourneyPattern:130532999" version="3806611"/>
                  <DepartureTime>15:35:00</DepartureTime>
                  <DepartureDayOffset>0</DepartureDayOffset>
                </TimetabledPassingTime>
                <TimetabledPassingTime version="3806611" id="VTR:TimetabledPassingTime:3803885_130534136_1">
                  <StopPointInJourneyPatternRef ref="VTR:StopPointInJourneyPattern:130534136" version="3806611"/>
                  <DepartureTime>15:35:00</DepartureTime>
                  <DepartureDayOffset>0</DepartureDayOffset>
                </TimetabledPassingTime>
                <TimetabledPassingTime version="3806611" id="VTR:TimetabledPassingTime:3803885_130534137_2">
                  <StopPointInJourneyPatternRef ref="VTR:StopPointInJourneyPattern:130534137" version="3806611"/>
                  <DepartureTime>15:39:00</DepartureTime>
                  <DepartureDayOffset>0</DepartureDayOffset>
                </TimetabledPassingTime>
                <TimetabledPassingTime version="3806611" id="VTR:TimetabledPassingTime:3803885_130533000_2">
                  <StopPointInJourneyPatternRef ref="VTR:StopPointInJourneyPattern:130533000" version="3806611"/>
                  <DepartureTime>15:39:00</DepartureTime>
                  <DepartureDayOffset>0</DepartureDayOffset>
                </TimetabledPassingTime>
                <TimetabledPassingTime version="3806611" id="VTR:TimetabledPassingTime:3803885_130533001_3">
                  <StopPointInJourneyPatternRef ref="VTR:StopPointInJourneyPattern:130533001" version="3806611"/>
                  <DepartureTime>15:42:00</DepartureTime>
                  <DepartureDayOffset>0</DepartureDayOffset>
                </TimetabledPassingTime>
                <TimetabledPassingTime version="3806611" id="VTR:TimetabledPassingTime:3803885_130534138_3">
                  <StopPointInJourneyPatternRef ref="VTR:StopPointInJourneyPattern:130534138" version="3806611"/>
                  <DepartureTime>15:42:00</DepartureTime>
                  <DepartureDayOffset>0</DepartureDayOffset>
                </TimetabledPassingTime>
                <TimetabledPassingTime version="3806611" id="VTR:TimetabledPassingTime:3803885_130534139_4">
                  <StopPointInJourneyPatternRef ref="VTR:StopPointInJourneyPattern:130534139" version="3806611"/>
                  <DepartureTime>15:45:00</DepartureTime>
                  <DepartureDayOffset>0</DepartureDayOffset>
                </TimetabledPassingTime>
                <TimetabledPassingTime version="3806611" id="VTR:TimetabledPassingTime:3803885_130533002_4">
                  <StopPointInJourneyPatternRef ref="VTR:StopPointInJourneyPattern:130533002" version="3806611"/>
                  <DepartureTime>15:45:00</DepartureTime>
                  <DepartureDayOffset>0</DepartureDayOffset>
                </TimetabledPassingTime>
                <TimetabledPassingTime version="3806611" id="VTR:TimetabledPassingTime:3803885_130534140_5">
                  <StopPointInJourneyPatternRef ref="VTR:StopPointInJourneyPattern:130534140" version="3806611"/>
                  <DepartureTime>15:51:00</DepartureTime>
                  <DepartureDayOffset>0</DepartureDayOffset>
                </TimetabledPassingTime>
                <TimetabledPassingTime version="3806611" id="VTR:TimetabledPassingTime:3803885_130533003_5">
                  <StopPointInJourneyPatternRef ref="VTR:StopPointInJourneyPattern:130533003" version="3806611"/>
                  <DepartureTime>15:51:00</DepartureTime>
                  <DepartureDayOffset>0</DepartureDayOffset>
                </TimetabledPassingTime>
                <TimetabledPassingTime version="3806611" id="VTR:TimetabledPassingTime:3803885_130533004_6">
                  <StopPointInJourneyPatternRef ref="VTR:StopPointInJourneyPattern:130533004" version="3806611"/>
                  <DepartureTime>15:55:00</DepartureTime>
                  <DepartureDayOffset>0</DepartureDayOffset>
                </TimetabledPassingTime>
                <TimetabledPassingTime version="3806611" id="VTR:TimetabledPassingTime:3803885_130534141_6">
                  <StopPointInJourneyPatternRef ref="VTR:StopPointInJourneyPattern:130534141" version="3806611"/>
                  <DepartureTime>15:55:00</DepartureTime>
                  <DepartureDayOffset>0</DepartureDayOffset>
                </TimetabledPassingTime>
                <TimetabledPassingTime version="3806611" id="VTR:TimetabledPassingTime:3803885_130534142_7">
                  <StopPointInJourneyPatternRef ref="VTR:StopPointInJourneyPattern:130534142" version="3806611"/>
                  <DepartureTime>15:57:00</DepartureTime>
                  <DepartureDayOffset>0</DepartureDayOffset>
                </TimetabledPassingTime>
                <TimetabledPassingTime version="3806611" id="VTR:TimetabledPassingTime:3803885_130533005_7">
                  <StopPointInJourneyPatternRef ref="VTR:StopPointInJourneyPattern:130533005" version="3806611"/>
                  <DepartureTime>15:57:00</DepartureTime>
                  <DepartureDayOffset>0</DepartureDayOffset>
                </TimetabledPassingTime>
                <TimetabledPassingTime version="3806611" id="VTR:TimetabledPassingTime:3803885_130533006_8">
                  <StopPointInJourneyPatternRef ref="VTR:StopPointInJourneyPattern:130533006" version="3806611"/>
                  <DepartureTime>16:01:00</DepartureTime>
                  <DepartureDayOffset>0</DepartureDayOffset>
                </TimetabledPassingTime>
                <TimetabledPassingTime version="3806611" id="VTR:TimetabledPassingTime:3803885_130534143_8">
                  <StopPointInJourneyPatternRef ref="VTR:StopPointInJourneyPattern:130534143" version="3806611"/>
                  <DepartureTime>16:01:00</DepartureTime>
                  <DepartureDayOffset>0</DepartureDayOffset>
                </TimetabledPassingTime>
                <TimetabledPassingTime version="3806611" id="VTR:TimetabledPassingTime:3803885_130534144_9">
                  <StopPointInJourneyPatternRef ref="VTR:StopPointInJourneyPattern:130534144" version="3806611"/>
                  <DepartureTime>16:05:00</DepartureTime>
                  <DepartureDayOffset>0</DepartureDayOffset>
                </TimetabledPassingTime>
                <TimetabledPassingTime version="3806611" id="VTR:TimetabledPassingTime:3803885_130533010_9">
                  <StopPointInJourneyPatternRef ref="VTR:StopPointInJourneyPattern:130533010" version="3806611"/>
                  <DepartureTime>16:05:00</DepartureTime>
                  <DepartureDayOffset>0</DepartureDayOffset>
                </TimetabledPassingTime>
              </passingTimes>
            </ServiceJourney>
            <ServiceJourney version="3806490" id="VTR:ServiceJourney:3803884">
              <Name>Nausėdai-Skuodas</Name>
              <PrivateCode>1.1</PrivateCode>
              <dayTypes>
                <DayTypeRef ref="VTR:DayType:439"/>
              </dayTypes>
              <JourneyPatternRef version="3806490" ref="VTR:JourneyPattern:3803884"/>
              <OperatorRef ref="VTR:Operator:513"/>
              <LineRef ref="VTR:Line:7301" version="9442"/>
              <passingTimes>
                <TimetabledPassingTime version="3806490" id="VTR:TimetabledPassingTime:3803884_130532986_1">
                  <StopPointInJourneyPatternRef ref="VTR:StopPointInJourneyPattern:130532986" version="3806490"/>
                  <DepartureTime>07:10:00</DepartureTime>
                  <DepartureDayOffset>0</DepartureDayOffset>
                </TimetabledPassingTime>
                <TimetabledPassingTime version="3806490" id="VTR:TimetabledPassingTime:3803884_130534127_1">
                  <StopPointInJourneyPatternRef ref="VTR:StopPointInJourneyPattern:130534127" version="3806490"/>
                  <DepartureTime>07:10:00</DepartureTime>
                  <DepartureDayOffset>0</DepartureDayOffset>
                </TimetabledPassingTime>
                <TimetabledPassingTime version="3806490" id="VTR:TimetabledPassingTime:3803884_130534128_2">
                  <StopPointInJourneyPatternRef ref="VTR:StopPointInJourneyPattern:130534128" version="3806490"/>
                  <DepartureTime>07:14:00</DepartureTime>
                  <DepartureDayOffset>0</DepartureDayOffset>
                </TimetabledPassingTime>
                <TimetabledPassingTime version="3806490" id="VTR:TimetabledPassingTime:3803884_130532987_2">
                  <StopPointInJourneyPatternRef ref="VTR:StopPointInJourneyPattern:130532987" version="3806490"/>
                  <DepartureTime>07:14:00</DepartureTime>
                  <DepartureDayOffset>0</DepartureDayOffset>
                </TimetabledPassingTime>
                <TimetabledPassingTime version="3806490" id="VTR:TimetabledPassingTime:3803884_130532988_3">
                  <StopPointInJourneyPatternRef ref="VTR:StopPointInJourneyPattern:130532988" version="3806490"/>
                  <DepartureTime>07:17:00</DepartureTime>
                  <DepartureDayOffset>0</DepartureDayOffset>
                </TimetabledPassingTime>
                <TimetabledPassingTime version="3806490" id="VTR:TimetabledPassingTime:3803884_130534129_3">
                  <StopPointInJourneyPatternRef ref="VTR:StopPointInJourneyPattern:130534129" version="3806490"/>
                  <DepartureTime>07:17:00</DepartureTime>
                  <DepartureDayOffset>0</DepartureDayOffset>
                </TimetabledPassingTime>
                <TimetabledPassingTime version="3806490" id="VTR:TimetabledPassingTime:3803884_130532989_4">
                  <StopPointInJourneyPatternRef ref="VTR:StopPointInJourneyPattern:130532989" version="3806490"/>
                  <DepartureTime>07:20:00</DepartureTime>
                  <DepartureDayOffset>0</DepartureDayOffset>
                </TimetabledPassingTime>
                <TimetabledPassingTime version="3806490" id="VTR:TimetabledPassingTime:3803884_130534130_4">
                  <StopPointInJourneyPatternRef ref="VTR:StopPointInJourneyPattern:130534130" version="3806490"/>
                  <DepartureTime>07:20:00</DepartureTime>
                  <DepartureDayOffset>0</DepartureDayOffset>
                </TimetabledPassingTime>
                <TimetabledPassingTime version="3806490" id="VTR:TimetabledPassingTime:3803884_130532990_5">
                  <StopPointInJourneyPatternRef ref="VTR:StopPointInJourneyPattern:130532990" version="3806490"/>
                  <DepartureTime>07:26:00</DepartureTime>
                  <DepartureDayOffset>0</DepartureDayOffset>
                </TimetabledPassingTime>
                <TimetabledPassingTime version="3806490" id="VTR:TimetabledPassingTime:3803884_130534131_5">
                  <StopPointInJourneyPatternRef ref="VTR:StopPointInJourneyPattern:130534131" version="3806490"/>
                  <DepartureTime>07:26:00</DepartureTime>
                  <DepartureDayOffset>0</DepartureDayOffset>
                </TimetabledPassingTime>
                <TimetabledPassingTime version="3806490" id="VTR:TimetabledPassingTime:3803884_130532995_6">
                  <StopPointInJourneyPatternRef ref="VTR:StopPointInJourneyPattern:130532995" version="3806490"/>
                  <DepartureTime>07:30:00</DepartureTime>
                  <DepartureDayOffset>0</DepartureDayOffset>
                </TimetabledPassingTime>
                <TimetabledPassingTime version="3806490" id="VTR:TimetabledPassingTime:3803884_130534132_6">
                  <StopPointInJourneyPatternRef ref="VTR:StopPointInJourneyPattern:130534132" version="3806490"/>
                  <DepartureTime>07:30:00</DepartureTime>
                  <DepartureDayOffset>0</DepartureDayOffset>
                </TimetabledPassingTime>
                <TimetabledPassingTime version="3806490" id="VTR:TimetabledPassingTime:3803884_130532996_7">
                  <StopPointInJourneyPatternRef ref="VTR:StopPointInJourneyPattern:130532996" version="3806490"/>
                  <DepartureTime>07:32:00</DepartureTime>
                  <DepartureDayOffset>0</DepartureDayOffset>
                </TimetabledPassingTime>
                <TimetabledPassingTime version="3806490" id="VTR:TimetabledPassingTime:3803884_130534133_7">
                  <StopPointInJourneyPatternRef ref="VTR:StopPointInJourneyPattern:130534133" version="3806490"/>
                  <DepartureTime>07:32:00</DepartureTime>
                  <DepartureDayOffset>0</DepartureDayOffset>
                </TimetabledPassingTime>
                <TimetabledPassingTime version="3806490" id="VTR:TimetabledPassingTime:3803884_130534134_8">
                  <StopPointInJourneyPatternRef ref="VTR:StopPointInJourneyPattern:130534134" version="3806490"/>
                  <DepartureTime>07:36:00</DepartureTime>
                  <DepartureDayOffset>0</DepartureDayOffset>
                </TimetabledPassingTime>
                <TimetabledPassingTime version="3806490" id="VTR:TimetabledPassingTime:3803884_130532997_8">
                  <StopPointInJourneyPatternRef ref="VTR:StopPointInJourneyPattern:130532997" version="3806490"/>
                  <DepartureTime>07:36:00</DepartureTime>
                  <DepartureDayOffset>0</DepartureDayOffset>
                </TimetabledPassingTime>
                <TimetabledPassingTime version="3806490" id="VTR:TimetabledPassingTime:3803884_130534135_9">
                  <StopPointInJourneyPatternRef ref="VTR:StopPointInJourneyPattern:130534135" version="3806490"/>
                  <DepartureTime>07:40:00</DepartureTime>
                  <DepartureDayOffset>0</DepartureDayOffset>
                </TimetabledPassingTime>
                <TimetabledPassingTime version="3806490" id="VTR:TimetabledPassingTime:3803884_130533009_9">
                  <StopPointInJourneyPatternRef ref="VTR:StopPointInJourneyPattern:130533009" version="3806490"/>
                  <DepartureTime>07:40:00</DepartureTime>
                  <DepartureDayOffset>0</DepartureDayOffset>
                </TimetabledPassingTime>
              </passingTimes>
            </ServiceJourney>
            <ServiceJourney version="3806489" id="VTR:ServiceJourney:3803883">
              <Name>Skuodas-Nausėdai</Name>
              <PrivateCode>2</PrivateCode>
              <dayTypes>
                <DayTypeRef ref="VTR:DayType:439"/>
              </dayTypes>
              <JourneyPatternRef version="3806489" ref="VTR:JourneyPattern:3803883"/>
              <OperatorRef ref="VTR:Operator:513"/>
              <LineRef ref="VTR:Line:7301" version="9442"/>
              <passingTimes>
                <TimetabledPassingTime version="3806489" id="VTR:TimetabledPassingTime:3803883_130532977_1">
                  <StopPointInJourneyPatternRef ref="VTR:StopPointInJourneyPattern:130532977" version="3806489"/>
                  <DepartureTime>15:05:00</DepartureTime>
                  <DepartureDayOffset>0</DepartureDayOffset>
                </TimetabledPassingTime>
                <TimetabledPassingTime version="3806489" id="VTR:TimetabledPassingTime:3803883_130532978_2">
                  <StopPointInJourneyPatternRef ref="VTR:StopPointInJourneyPattern:130532978" version="3806489"/>
                  <DepartureTime>15:09:00</DepartureTime>
                  <DepartureDayOffset>0</DepartureDayOffset>
                </TimetabledPassingTime>
                <TimetabledPassingTime version="3806489" id="VTR:TimetabledPassingTime:3803883_130532979_3">
                  <StopPointInJourneyPatternRef ref="VTR:StopPointInJourneyPattern:130532979" version="3806489"/>
                  <DepartureTime>15:13:00</DepartureTime>
                  <DepartureDayOffset>0</DepartureDayOffset>
                </TimetabledPassingTime>
                <TimetabledPassingTime version="3806489" id="VTR:TimetabledPassingTime:3803883_130532980_4">
                  <StopPointInJourneyPatternRef ref="VTR:StopPointInJourneyPattern:130532980" version="3806489"/>
                  <DepartureTime>15:15:00</DepartureTime>
                  <DepartureDayOffset>0</DepartureDayOffset>
                </TimetabledPassingTime>
                <TimetabledPassingTime version="3806489" id="VTR:TimetabledPassingTime:3803883_130532981_5">
                  <StopPointInJourneyPatternRef ref="VTR:StopPointInJourneyPattern:130532981" version="3806489"/>
                  <DepartureTime>15:19:00</DepartureTime>
                  <DepartureDayOffset>0</DepartureDayOffset>
                </TimetabledPassingTime>
                <TimetabledPassingTime version="3806489" id="VTR:TimetabledPassingTime:3803883_130532982_6">
                  <StopPointInJourneyPatternRef ref="VTR:StopPointInJourneyPattern:130532982" version="3806489"/>
                  <DepartureTime>15:25:00</DepartureTime>
                  <DepartureDayOffset>0</DepartureDayOffset>
                </TimetabledPassingTime>
                <TimetabledPassingTime version="3806489" id="VTR:TimetabledPassingTime:3803883_130532983_7">
                  <StopPointInJourneyPatternRef ref="VTR:StopPointInJourneyPattern:130532983" version="3806489"/>
                  <DepartureTime>15:28:00</DepartureTime>
                  <DepartureDayOffset>0</DepartureDayOffset>
                </TimetabledPassingTime>
                <TimetabledPassingTime version="3806489" id="VTR:TimetabledPassingTime:3803883_130532984_8">
                  <StopPointInJourneyPatternRef ref="VTR:StopPointInJourneyPattern:130532984" version="3806489"/>
                  <DepartureTime>15:31:00</DepartureTime>
                  <DepartureDayOffset>0</DepartureDayOffset>
                </TimetabledPassingTime>
                <TimetabledPassingTime version="3806489" id="VTR:TimetabledPassingTime:3803883_130532985_9">
                  <StopPointInJourneyPatternRef ref="VTR:StopPointInJourneyPattern:130532985" version="3806489"/>
                  <DepartureTime>15:35:00</DepartureTime>
                  <DepartureDayOffset>0</DepartureDayOffset>
                </TimetabledPassingTime>
              </passingTimes>
            </ServiceJourney>
          </vehicleJourneys>
        </TimetableFrame>
        <ResourceFrame version="1" id="VTR:ResourceFrame:1398">
          <organisations>
            <Authority version="1" id="VTR:Authority:29">
              <CompanyNumber>75</CompanyNumber>
              <Name>Skuodo r. sav.</Name>
              <LegalName>Skuodo r. sav.</LegalName>
              <ContactDetails>
                <Email>savivaldybe@skuodas.lt</Email>
                <Phone>8 440 73932</Phone>
                <Url>www.skuodas.lt</Url>
              </ContactDetails>
              <OrganisationType>authority</OrganisationType>
            </Authority>
          </organisations>
        </ResourceFrame>
      </frames>
    </CompositeFrame>
  </dataObjects>
</PublicationDelivery>
