<?xml version="1.0" encoding="UTF-8"?><PublicationDelivery xmlns="http://www.netex.org.uk/netex" xmlns:gis="http://www.opengis.net/gml/3.2" xmlns:ns2="http://www.opengis.net/gml/3.2" xmlns:ns3="http://www.siri.org.uk/siri" xmlns:xsi="http://www.w3.org/2001/XMLSchema-instance" version="1" xsi:schemaLocation="">
  <PublicationTimestamp>2022-05-07T04:50:00.248</PublicationTimestamp>
  <ParticipantRef>VTR</ParticipantRef>
  <Description>1</Description>
  <dataObjects>
    <CompositeFrame created="2022-05-07T04:50:00.248" version="1" id="VTR:CompositeFrame:1398">
      <validityConditions>
        <AvailabilityCondition version="1" id="VTR:AvailabilityCondition:1398">
          <FromDate>2019-10-28T09:15:51</FromDate>
          <ToDate>2027-12-30T00:00:00</ToDate>
        </AvailabilityCondition>
      </validityConditions>
      <codespaces>
        <Codespace id="vtr">
          <Xmlns>VTR</Xmlns>
          <XmlnsUrl>http://www.visimarsrutai.lt/</XmlnsUrl>
        </Codespace>
      </codespaces>
      <FrameDefaults>
        <DefaultLocale>
          <TimeZone>Europe/Vilnius</TimeZone>
        </DefaultLocale>
        <DefaultLocationSystem>WGS84</DefaultLocationSystem>
      </FrameDefaults>
      <frames>
        <ServiceCalendarFrame version="1" id="VTR:ServiceCalendarFrame:1398">
          <dayTypes>
            <DayType id="VTR:DayType:439" version="1">
              <properties>
                <PropertyOfDay>
                  <DaysOfWeek>Monday Tuesday Wednesday Thursday Friday</DaysOfWeek>
                </PropertyOfDay>
              </properties>
            </DayType>
          </dayTypes>
          <operatingPeriods>
            <OperatingPeriod version="1" id="VTR:OperatingPeriod:439">
              <FromDate>2015-06-08T00:00:00</FromDate>
              <ToDate>2021-01-01T00:00:00</ToDate>
            </OperatingPeriod>
          </operatingPeriods>
          <dayTypeAssignments>
            <DayTypeAssignment id="VTR:DayTypeAssignment:439_0" version="1" order="437">
              <OperatingPeriodRef ref="VTR:OperatingPeriod:439" version="1"/>
              <DayTypeRef ref="VTR:DayType:439" version="1"/>
            </DayTypeAssignment>
          </dayTypeAssignments>
        </ServiceCalendarFrame>
        <ServiceFrame id="VTR:ServiceFrame:1398" version="1">
          <Network version="0" id="VTR:Network:29"/>
          <routePoints>
            <RoutePoint version="1" id="VTR:RoutePoint:1768515">
              <projections>
                <PointProjection version="1" id="VTR:PointProjection:40115">
                  <ProjectedPointRef ref="VTR:ScheduledStopPoint:1768515" version="1"/>
                </PointProjection>
              </projections>
            </RoutePoint>
            <RoutePoint version="1" id="VTR:RoutePoint:1768516">
              <projections>
                <PointProjection version="1" id="VTR:PointProjection:39966">
                  <ProjectedPointRef ref="VTR:ScheduledStopPoint:1768516" version="1"/>
                </PointProjection>
              </projections>
            </RoutePoint>
            <RoutePoint version="1" id="VTR:RoutePoint:1768522">
              <projections>
                <PointProjection version="1" id="VTR:PointProjection:2215">
                  <ProjectedPointRef ref="VTR:ScheduledStopPoint:1768522" version="1"/>
                </PointProjection>
              </projections>
            </RoutePoint>
            <RoutePoint version="1" id="VTR:RoutePoint:1768523">
              <projections>
                <PointProjection version="1" id="VTR:PointProjection:2290">
                  <ProjectedPointRef ref="VTR:ScheduledStopPoint:1768523" version="1"/>
                </PointProjection>
              </projections>
            </RoutePoint>
            <RoutePoint version="1" id="VTR:RoutePoint:1768535">
              <projections>
                <PointProjection version="1" id="VTR:PointProjection:1874">
                  <ProjectedPointRef ref="VTR:ScheduledStopPoint:1768535" version="1"/>
                </PointProjection>
              </projections>
            </RoutePoint>
            <RoutePoint version="1" id="VTR:RoutePoint:1768536">
              <projections>
                <PointProjection version="1" id="VTR:PointProjection:39956">
                  <ProjectedPointRef ref="VTR:ScheduledStopPoint:1768536" version="1"/>
                </PointProjection>
              </projections>
            </RoutePoint>
            <RoutePoint version="1" id="VTR:RoutePoint:1768537">
              <projections>
                <PointProjection version="1" id="VTR:PointProjection:39967">
                  <ProjectedPointRef ref="VTR:ScheduledStopPoint:1768537" version="1"/>
                </PointProjection>
              </projections>
            </RoutePoint>
            <RoutePoint version="1" id="VTR:RoutePoint:1768539">
              <projections>
                <PointProjection version="1" id="VTR:PointProjection:1793">
                  <ProjectedPointRef ref="VTR:ScheduledStopPoint:1768539" version="1"/>
                </PointProjection>
              </projections>
            </RoutePoint>
            <RoutePoint version="1" id="VTR:RoutePoint:1768540">
              <projections>
                <PointProjection version="1" id="VTR:PointProjection:1875">
                  <ProjectedPointRef ref="VTR:ScheduledStopPoint:1768540" version="1"/>
                </PointProjection>
              </projections>
            </RoutePoint>
            <RoutePoint version="1" id="VTR:RoutePoint:1768541">
              <projections>
                <PointProjection version="1" id="VTR:PointProjection:1876">
                  <ProjectedPointRef ref="VTR:ScheduledStopPoint:1768541" version="1"/>
                </PointProjection>
              </projections>
            </RoutePoint>
            <RoutePoint version="1" id="VTR:RoutePoint:1768542">
              <projections>
                <PointProjection version="1" id="VTR:PointProjection:1956">
                  <ProjectedPointRef ref="VTR:ScheduledStopPoint:1768542" version="1"/>
                </PointProjection>
              </projections>
            </RoutePoint>
          </routePoints>
          <routes>
            <Route version="1" id="VTR:Route:20602">
              <Name>Mosėdis-Skuodas</Name>
              <ShortName>Mosėdis-Skuodas</ShortName>
              <LineRef ref="VTR:Line:7302" version="9443"/>
              <DirectionType>inbound</DirectionType>
              <pointsInSequence>
                <PointOnRoute version="1" id="VTR:PointOnRoute:1768537" order="1">
                  <RoutePointRef ref="VTR:RoutePoint:1768537"/>
                </PointOnRoute>
                <PointOnRoute version="1" id="VTR:PointOnRoute:1768539" order="2">
                  <RoutePointRef ref="VTR:RoutePoint:1768539"/>
                </PointOnRoute>
                <PointOnRoute version="1" id="VTR:PointOnRoute:1768540" order="3">
                  <RoutePointRef ref="VTR:RoutePoint:1768540"/>
                </PointOnRoute>
                <PointOnRoute version="1" id="VTR:PointOnRoute:1768541" order="4">
                  <RoutePointRef ref="VTR:RoutePoint:1768541"/>
                </PointOnRoute>
                <PointOnRoute version="1" id="VTR:PointOnRoute:1768542" order="5">
                  <RoutePointRef ref="VTR:RoutePoint:1768542"/>
                </PointOnRoute>
              </pointsInSequence>
            </Route>
            <Route version="1" id="VTR:Route:20600">
              <Name>Skuodas-Mosėdis</Name>
              <ShortName>Skuodas-Mosėdis</ShortName>
              <LineRef ref="VTR:Line:7302" version="9443"/>
              <DirectionType>outbound</DirectionType>
              <pointsInSequence>
                <PointOnRoute version="1" id="VTR:PointOnRoute:1768515" order="1">
                  <RoutePointRef ref="VTR:RoutePoint:1768515"/>
                </PointOnRoute>
                <PointOnRoute version="1" id="VTR:PointOnRoute:1768536" order="2">
                  <RoutePointRef ref="VTR:RoutePoint:1768536"/>
                </PointOnRoute>
                <PointOnRoute version="1" id="VTR:PointOnRoute:1768516" order="3">
                  <RoutePointRef ref="VTR:RoutePoint:1768516"/>
                </PointOnRoute>
                <PointOnRoute version="1" id="VTR:PointOnRoute:1768535" order="4">
                  <RoutePointRef ref="VTR:RoutePoint:1768535"/>
                </PointOnRoute>
                <PointOnRoute version="1" id="VTR:PointOnRoute:1768522" order="5">
                  <RoutePointRef ref="VTR:RoutePoint:1768522"/>
                </PointOnRoute>
                <PointOnRoute version="1" id="VTR:PointOnRoute:1768523" order="6">
                  <RoutePointRef ref="VTR:RoutePoint:1768523"/>
                </PointOnRoute>
              </pointsInSequence>
            </Route>
          </routes>
          <lines>
            <Line version="9443" id="VTR:Line:7302">
              <Name>Skuodas-Mosėdis-Skuodas</Name>
              <TransportMode>bus</TransportMode>
              <TransportSubmode>
                <BusSubmode>regionalBus</BusSubmode>
              </TransportSubmode>
              <PublicCode>11</PublicCode>
              <OperatorRef ref="VTR:Operator:29"/>
            </Line>
          </lines>
          <scheduledStopPoints>
            <ScheduledStopPoint version="1" id="VTR:ScheduledStopPoint:1768515">
              <Name>Skuodo autobusų stotis</Name>
            </ScheduledStopPoint>
            <ScheduledStopPoint version="1" id="VTR:ScheduledStopPoint:1768516">
              <Name>Puodkaliai</Name>
            </ScheduledStopPoint>
            <ScheduledStopPoint version="1" id="VTR:ScheduledStopPoint:1768522">
              <Name>Mosėdis</Name>
            </ScheduledStopPoint>
            <ScheduledStopPoint version="1" id="VTR:ScheduledStopPoint:1768523">
              <Name>Mosėdis</Name>
            </ScheduledStopPoint>
            <ScheduledStopPoint version="1" id="VTR:ScheduledStopPoint:1768535">
              <Name>Udraliai</Name>
            </ScheduledStopPoint>
            <ScheduledStopPoint version="1" id="VTR:ScheduledStopPoint:1768536">
              <Name>Be pavadinimo</Name>
            </ScheduledStopPoint>
            <ScheduledStopPoint version="1" id="VTR:ScheduledStopPoint:1768537">
              <Name>Skuodo autobusų stotis</Name>
            </ScheduledStopPoint>
            <ScheduledStopPoint version="1" id="VTR:ScheduledStopPoint:1768539">
              <Name>Puodkaliai</Name>
            </ScheduledStopPoint>
            <ScheduledStopPoint version="1" id="VTR:ScheduledStopPoint:1768540">
              <Name>Udraliai</Name>
            </ScheduledStopPoint>
            <ScheduledStopPoint version="1" id="VTR:ScheduledStopPoint:1768541">
              <Name>Mosėdis</Name>
            </ScheduledStopPoint>
            <ScheduledStopPoint version="1" id="VTR:ScheduledStopPoint:1768542">
              <Name>Mosėdis</Name>
            </ScheduledStopPoint>
          </scheduledStopPoints>
          <serviceLinks>
            <ServiceLink id="VTR:ServiceLink:1768516_1_1768535_1" version="1">
              <Distance>4</Distance>
              <FromPointRef ref="VTR:ScheduledStopPoint:1768516" version="1"/>
              <ToPointRef ref="VTR:ScheduledStopPoint:1768535" version="1"/>
            </ServiceLink>
            <ServiceLink id="VTR:ServiceLink:1768541_1_1768542_1" version="1">
              <Distance>1</Distance>
              <FromPointRef ref="VTR:ScheduledStopPoint:1768541" version="1"/>
              <ToPointRef ref="VTR:ScheduledStopPoint:1768542" version="1"/>
            </ServiceLink>
            <ServiceLink id="VTR:ServiceLink:1768535_1_1768522_1" version="1">
              <Distance>4</Distance>
              <FromPointRef ref="VTR:ScheduledStopPoint:1768535" version="1"/>
              <ToPointRef ref="VTR:ScheduledStopPoint:1768522" version="1"/>
            </ServiceLink>
            <ServiceLink id="VTR:ServiceLink:1768536_1_1768516_1" version="1">
              <Distance>3</Distance>
              <FromPointRef ref="VTR:ScheduledStopPoint:1768536" version="1"/>
              <ToPointRef ref="VTR:ScheduledStopPoint:1768516" version="1"/>
            </ServiceLink>
            <ServiceLink id="VTR:ServiceLink:1768522_1_1768523_1" version="1">
              <Distance>1</Distance>
              <FromPointRef ref="VTR:ScheduledStopPoint:1768522" version="1"/>
              <ToPointRef ref="VTR:ScheduledStopPoint:1768523" version="1"/>
            </ServiceLink>
            <ServiceLink id="VTR:ServiceLink:1768537_1_1768539_1" version="1">
              <Distance>3</Distance>
              <FromPointRef ref="VTR:ScheduledStopPoint:1768537" version="1"/>
              <ToPointRef ref="VTR:ScheduledStopPoint:1768539" version="1"/>
            </ServiceLink>
            <ServiceLink id="VTR:ServiceLink:1768540_1_1768541_1" version="1">
              <Distance>4</Distance>
              <FromPointRef ref="VTR:ScheduledStopPoint:1768540" version="1"/>
              <ToPointRef ref="VTR:ScheduledStopPoint:1768541" version="1"/>
            </ServiceLink>
            <ServiceLink id="VTR:ServiceLink:1768539_1_1768540_1" version="1">
              <Distance>4</Distance>
              <FromPointRef ref="VTR:ScheduledStopPoint:1768539" version="1"/>
              <ToPointRef ref="VTR:ScheduledStopPoint:1768540" version="1"/>
            </ServiceLink>
            <ServiceLink id="VTR:ServiceLink:1768515_1_1768536_1" version="1">
              <Distance>0</Distance>
              <FromPointRef ref="VTR:ScheduledStopPoint:1768515" version="1"/>
              <ToPointRef ref="VTR:ScheduledStopPoint:1768536" version="1"/>
            </ServiceLink>
          </serviceLinks>
          <stopAssignments>
            <PassengerStopAssignment order="2060000000" id="VTR:PassengerStopAssignment:1768515" version="1">
              <ScheduledStopPointRef ref="VTR:ScheduledStopPoint:1768515" version="1"/>
              <QuayRef ref="VTR:Quay:19456"/>
            </PassengerStopAssignment>
            <PassengerStopAssignment order="2060000001" id="VTR:PassengerStopAssignment:1768536" version="1">
              <ScheduledStopPointRef ref="VTR:ScheduledStopPoint:1768536" version="1"/>
              <QuayRef ref="VTR:Quay:12013"/>
            </PassengerStopAssignment>
            <PassengerStopAssignment order="2060000002" id="VTR:PassengerStopAssignment:1768516" version="1">
              <ScheduledStopPointRef ref="VTR:ScheduledStopPoint:1768516" version="1"/>
              <QuayRef ref="VTR:Quay:13932"/>
            </PassengerStopAssignment>
            <PassengerStopAssignment order="2060000003" id="VTR:PassengerStopAssignment:1768535" version="1">
              <ScheduledStopPointRef ref="VTR:ScheduledStopPoint:1768535" version="1"/>
              <QuayRef ref="VTR:Quay:7178"/>
            </PassengerStopAssignment>
            <PassengerStopAssignment order="2060000004" id="VTR:PassengerStopAssignment:1768522" version="1">
              <ScheduledStopPointRef ref="VTR:ScheduledStopPoint:1768522" version="1"/>
              <QuayRef ref="VTR:Quay:9110"/>
            </PassengerStopAssignment>
            <PassengerStopAssignment order="2060000005" id="VTR:PassengerStopAssignment:1768523" version="1">
              <ScheduledStopPointRef ref="VTR:ScheduledStopPoint:1768523" version="1"/>
              <QuayRef ref="VTR:Quay:9769"/>
            </PassengerStopAssignment>
            <PassengerStopAssignment order="2060200000" id="VTR:PassengerStopAssignment:1768537" version="1">
              <ScheduledStopPointRef ref="VTR:ScheduledStopPoint:1768537" version="1"/>
              <QuayRef ref="VTR:Quay:19456"/>
            </PassengerStopAssignment>
            <PassengerStopAssignment order="2060200001" id="VTR:PassengerStopAssignment:1768539" version="1">
              <ScheduledStopPointRef ref="VTR:ScheduledStopPoint:1768539" version="1"/>
              <QuayRef ref="VTR:Quay:13932"/>
            </PassengerStopAssignment>
            <PassengerStopAssignment order="2060200002" id="VTR:PassengerStopAssignment:1768540" version="1">
              <ScheduledStopPointRef ref="VTR:ScheduledStopPoint:1768540" version="1"/>
              <QuayRef ref="VTR:Quay:7178"/>
            </PassengerStopAssignment>
            <PassengerStopAssignment order="2060200003" id="VTR:PassengerStopAssignment:1768541" version="1">
              <ScheduledStopPointRef ref="VTR:ScheduledStopPoint:1768541" version="1"/>
              <QuayRef ref="VTR:Quay:9110"/>
            </PassengerStopAssignment>
            <PassengerStopAssignment order="2060200004" id="VTR:PassengerStopAssignment:1768542" version="1">
              <ScheduledStopPointRef ref="VTR:ScheduledStopPoint:1768542" version="1"/>
              <QuayRef ref="VTR:Quay:9769"/>
            </PassengerStopAssignment>
          </stopAssignments>
          <journeyPatterns>
            <JourneyPattern id="VTR:JourneyPattern:3803888" version="3806494">
              <Name>1</Name>
              <RouteRef ref="VTR:Route:20600" version="1"/>
              <pointsInSequence>
                <StopPointInJourneyPattern id="VTR:StopPointInJourneyPattern:130533031" version="3806494" order="1">
                  <ScheduledStopPointRef ref="VTR:ScheduledStopPoint:1768515"/>
                  <DestinationDisplayRef ref="VTR:DestinationDisplay:1"/>
                </StopPointInJourneyPattern>
                <StopPointInJourneyPattern id="VTR:StopPointInJourneyPattern:130533063" version="3806494" order="2">
                  <ScheduledStopPointRef ref="VTR:ScheduledStopPoint:1768536"/>
                  <DestinationDisplayRef ref="VTR:DestinationDisplay:1"/>
                </StopPointInJourneyPattern>
                <StopPointInJourneyPattern id="VTR:StopPointInJourneyPattern:130533064" version="3806494" order="3">
                  <ScheduledStopPointRef ref="VTR:ScheduledStopPoint:1768516"/>
                  <DestinationDisplayRef ref="VTR:DestinationDisplay:1"/>
                </StopPointInJourneyPattern>
                <StopPointInJourneyPattern id="VTR:StopPointInJourneyPattern:130533065" version="3806494" order="4">
                  <ScheduledStopPointRef ref="VTR:ScheduledStopPoint:1768535"/>
                  <DestinationDisplayRef ref="VTR:DestinationDisplay:1"/>
                </StopPointInJourneyPattern>
                <StopPointInJourneyPattern id="VTR:StopPointInJourneyPattern:130533066" version="3806494" order="5">
                  <ScheduledStopPointRef ref="VTR:ScheduledStopPoint:1768522"/>
                  <DestinationDisplayRef ref="VTR:DestinationDisplay:1"/>
                </StopPointInJourneyPattern>
                <StopPointInJourneyPattern id="VTR:StopPointInJourneyPattern:130533067" version="3806494" order="6">
                  <ScheduledStopPointRef ref="VTR:ScheduledStopPoint:1768523"/>
                  <DestinationDisplayRef ref="VTR:DestinationDisplay:1"/>
                </StopPointInJourneyPattern>
              </pointsInSequence>
            </JourneyPattern>
            <JourneyPattern id="VTR:JourneyPattern:3803891" version="3806497">
              <Name>2</Name>
              <RouteRef ref="VTR:Route:20602" version="1"/>
              <pointsInSequence>
                <StopPointInJourneyPattern id="VTR:StopPointInJourneyPattern:130533068" version="3806497" order="1">
                  <ScheduledStopPointRef ref="VTR:ScheduledStopPoint:1768537"/>
                  <DestinationDisplayRef ref="VTR:DestinationDisplay:1"/>
                </StopPointInJourneyPattern>
                <StopPointInJourneyPattern id="VTR:StopPointInJourneyPattern:130533070" version="3806497" order="2">
                  <ScheduledStopPointRef ref="VTR:ScheduledStopPoint:1768539"/>
                  <DestinationDisplayRef ref="VTR:DestinationDisplay:1"/>
                </StopPointInJourneyPattern>
                <StopPointInJourneyPattern id="VTR:StopPointInJourneyPattern:130533074" version="3806497" order="3">
                  <ScheduledStopPointRef ref="VTR:ScheduledStopPoint:1768540"/>
                  <DestinationDisplayRef ref="VTR:DestinationDisplay:1"/>
                </StopPointInJourneyPattern>
                <StopPointInJourneyPattern id="VTR:StopPointInJourneyPattern:130533075" version="3806497" order="4">
                  <ScheduledStopPointRef ref="VTR:ScheduledStopPoint:1768541"/>
                  <DestinationDisplayRef ref="VTR:DestinationDisplay:1"/>
                </StopPointInJourneyPattern>
                <StopPointInJourneyPattern id="VTR:StopPointInJourneyPattern:130533076" version="3806497" order="5">
                  <ScheduledStopPointRef ref="VTR:ScheduledStopPoint:1768542"/>
                  <DestinationDisplayRef ref="VTR:DestinationDisplay:1"/>
                </StopPointInJourneyPattern>
              </pointsInSequence>
            </JourneyPattern>
          </journeyPatterns>
        </ServiceFrame>
        <TimetableFrame version="1" id="VTR:TimetableFrame:1398">
          <vehicleJourneys>
            <ServiceJourney version="3806497" id="VTR:ServiceJourney:3803891">
              <Name>Mosėdis-Skuodas</Name>
              <PrivateCode>2</PrivateCode>
              <dayTypes>
                <DayTypeRef ref="VTR:DayType:439"/>
              </dayTypes>
              <JourneyPatternRef version="3806497" ref="VTR:JourneyPattern:3803891"/>
              <OperatorRef ref="VTR:Operator:513"/>
              <LineRef ref="VTR:Line:7302" version="9443"/>
              <passingTimes>
                <TimetabledPassingTime version="3806497" id="VTR:TimetabledPassingTime:3803891_130533068_1">
                  <StopPointInJourneyPatternRef ref="VTR:StopPointInJourneyPattern:130533068" version="3806497"/>
                  <DepartureTime>17:30:00</DepartureTime>
                  <DepartureDayOffset>0</DepartureDayOffset>
                </TimetabledPassingTime>
                <TimetabledPassingTime version="3806497" id="VTR:TimetabledPassingTime:3803891_130533070_2">
                  <StopPointInJourneyPatternRef ref="VTR:StopPointInJourneyPattern:130533070" version="3806497"/>
                  <DepartureTime>17:33:00</DepartureTime>
                  <DepartureDayOffset>0</DepartureDayOffset>
                </TimetabledPassingTime>
                <TimetabledPassingTime version="3806497" id="VTR:TimetabledPassingTime:3803891_130533074_3">
                  <StopPointInJourneyPatternRef ref="VTR:StopPointInJourneyPattern:130533074" version="3806497"/>
                  <DepartureTime>17:37:00</DepartureTime>
                  <DepartureDayOffset>0</DepartureDayOffset>
                </TimetabledPassingTime>
                <TimetabledPassingTime version="3806497" id="VTR:TimetabledPassingTime:3803891_130533075_4">
                  <StopPointInJourneyPatternRef ref="VTR:StopPointInJourneyPattern:130533075" version="3806497"/>
                  <DepartureTime>17:43:00</DepartureTime>
                  <DepartureDayOffset>0</DepartureDayOffset>
                </TimetabledPassingTime>
                <TimetabledPassingTime version="3806497" id="VTR:TimetabledPassingTime:3803891_130533076_5">
                  <StopPointInJourneyPatternRef ref="VTR:StopPointInJourneyPattern:130533076" version="3806497"/>
                  <DepartureTime>17:50:00</DepartureTime>
                  <DepartureDayOffset>0</DepartureDayOffset>
                </TimetabledPassingTime>
              </passingTimes>
            </ServiceJourney>
            <ServiceJourney version="3806494" id="VTR:ServiceJourney:3803888">
              <Name>Skuodas-Mosėdis</Name>
              <PrivateCode>1</PrivateCode>
              <dayTypes>
                <DayTypeRef ref="VTR:DayType:439"/>
              </dayTypes>
              <JourneyPatternRef version="3806494" ref="VTR:JourneyPattern:3803888"/>
              <OperatorRef ref="VTR:Operator:513"/>
              <LineRef ref="VTR:Line:7302" version="9443"/>
              <passingTimes>
                <TimetabledPassingTime version="3806494" id="VTR:TimetabledPassingTime:3803888_130533031_1">
                  <StopPointInJourneyPatternRef ref="VTR:StopPointInJourneyPattern:130533031" version="3806494"/>
                  <DepartureTime>17:10:00</DepartureTime>
                  <DepartureDayOffset>0</DepartureDayOffset>
                </TimetabledPassingTime>
                <TimetabledPassingTime version="3806494" id="VTR:TimetabledPassingTime:3803888_130533063_2">
                  <StopPointInJourneyPatternRef ref="VTR:StopPointInJourneyPattern:130533063" version="3806494"/>
                  <DepartureTime>17:12:00</DepartureTime>
                  <DepartureDayOffset>0</DepartureDayOffset>
                </TimetabledPassingTime>
                <TimetabledPassingTime version="3806494" id="VTR:TimetabledPassingTime:3803888_130533064_3">
                  <StopPointInJourneyPatternRef ref="VTR:StopPointInJourneyPattern:130533064" version="3806494"/>
                  <DepartureTime>17:15:00</DepartureTime>
                  <DepartureDayOffset>0</DepartureDayOffset>
                </TimetabledPassingTime>
                <TimetabledPassingTime version="3806494" id="VTR:TimetabledPassingTime:3803888_130533065_4">
                  <StopPointInJourneyPatternRef ref="VTR:StopPointInJourneyPattern:130533065" version="3806494"/>
                  <DepartureTime>17:21:00</DepartureTime>
                  <DepartureDayOffset>0</DepartureDayOffset>
                </TimetabledPassingTime>
                <TimetabledPassingTime version="3806494" id="VTR:TimetabledPassingTime:3803888_130533066_5">
                  <StopPointInJourneyPatternRef ref="VTR:StopPointInJourneyPattern:130533066" version="3806494"/>
                  <DepartureTime>17:25:00</DepartureTime>
                  <DepartureDayOffset>0</DepartureDayOffset>
                </TimetabledPassingTime>
                <TimetabledPassingTime version="3806494" id="VTR:TimetabledPassingTime:3803888_130533067_6">
                  <StopPointInJourneyPatternRef ref="VTR:StopPointInJourneyPattern:130533067" version="3806494"/>
                  <DepartureTime>17:28:00</DepartureTime>
                  <DepartureDayOffset>0</DepartureDayOffset>
                </TimetabledPassingTime>
              </passingTimes>
            </ServiceJourney>
          </vehicleJourneys>
        </TimetableFrame>
        <ResourceFrame version="1" id="VTR:ResourceFrame:1398">
          <organisations>
            <Authority version="1" id="VTR:Authority:29">
              <CompanyNumber>75</CompanyNumber>
              <Name>Skuodo r. sav.</Name>
              <LegalName>Skuodo r. sav.</LegalName>
              <ContactDetails>
                <Email>savivaldybe@skuodas.lt</Email>
                <Phone>8 440 73932</Phone>
                <Url>www.skuodas.lt</Url>
              </ContactDetails>
              <OrganisationType>authority</OrganisationType>
            </Authority>
          </organisations>
        </ResourceFrame>
      </frames>
    </CompositeFrame>
  </dataObjects>
</PublicationDelivery>
