<?xml version="1.0" encoding="UTF-8"?><PublicationDelivery xmlns="http://www.netex.org.uk/netex" xmlns:gis="http://www.opengis.net/gml/3.2" xmlns:ns2="http://www.opengis.net/gml/3.2" xmlns:ns3="http://www.siri.org.uk/siri" xmlns:xsi="http://www.w3.org/2001/XMLSchema-instance" version="1" xsi:schemaLocation="">
  <PublicationTimestamp>2022-05-07T04:50:00.248</PublicationTimestamp>
  <ParticipantRef>VTR</ParticipantRef>
  <Description>1</Description>
  <dataObjects>
    <CompositeFrame created="2022-05-07T04:50:00.248" version="1" id="VTR:CompositeFrame:1398">
      <validityConditions>
        <AvailabilityCondition version="1" id="VTR:AvailabilityCondition:1398">
          <FromDate>2019-10-25T10:13:31</FromDate>
          <ToDate>2027-12-30T00:00:00</ToDate>
        </AvailabilityCondition>
      </validityConditions>
      <codespaces>
        <Codespace id="vtr">
          <Xmlns>VTR</Xmlns>
          <XmlnsUrl>http://www.visimarsrutai.lt/</XmlnsUrl>
        </Codespace>
      </codespaces>
      <FrameDefaults>
        <DefaultLocale>
          <TimeZone>Europe/Vilnius</TimeZone>
        </DefaultLocale>
        <DefaultLocationSystem>WGS84</DefaultLocationSystem>
      </FrameDefaults>
      <frames>
        <ServiceCalendarFrame version="1" id="VTR:ServiceCalendarFrame:1398">
          <dayTypes>
            <DayType id="VTR:DayType:255" version="1">
              <properties>
                <PropertyOfDay>
                  <DaysOfWeek>Saturday</DaysOfWeek>
                </PropertyOfDay>
              </properties>
            </DayType>
          </dayTypes>
          <operatingPeriods>
            <OperatingPeriod version="1" id="VTR:OperatingPeriod:255">
              <FromDate>2015-06-08T00:00:00</FromDate>
              <ToDate>2020-02-01T00:00:00</ToDate>
            </OperatingPeriod>
          </operatingPeriods>
          <dayTypeAssignments>
            <DayTypeAssignment id="VTR:DayTypeAssignment:255_0" version="1" order="317">
              <OperatingPeriodRef ref="VTR:OperatingPeriod:255" version="1"/>
              <DayTypeRef ref="VTR:DayType:255" version="1"/>
            </DayTypeAssignment>
          </dayTypeAssignments>
        </ServiceCalendarFrame>
        <ServiceFrame id="VTR:ServiceFrame:1398" version="1">
          <Network version="0" id="VTR:Network:29"/>
          <routePoints>
            <RoutePoint version="1" id="VTR:RoutePoint:1768043">
              <projections>
                <PointProjection version="1" id="VTR:PointProjection:52857">
                  <ProjectedPointRef ref="VTR:ScheduledStopPoint:1768043" version="1"/>
                </PointProjection>
              </projections>
            </RoutePoint>
            <RoutePoint version="1" id="VTR:RoutePoint:1768044">
              <projections>
                <PointProjection version="1" id="VTR:PointProjection:52858">
                  <ProjectedPointRef ref="VTR:ScheduledStopPoint:1768044" version="1"/>
                </PointProjection>
              </projections>
            </RoutePoint>
            <RoutePoint version="1" id="VTR:RoutePoint:1768045">
              <projections>
                <PointProjection version="1" id="VTR:PointProjection:52859">
                  <ProjectedPointRef ref="VTR:ScheduledStopPoint:1768045" version="1"/>
                </PointProjection>
              </projections>
            </RoutePoint>
            <RoutePoint version="1" id="VTR:RoutePoint:1768046">
              <projections>
                <PointProjection version="1" id="VTR:PointProjection:52860">
                  <ProjectedPointRef ref="VTR:ScheduledStopPoint:1768046" version="1"/>
                </PointProjection>
              </projections>
            </RoutePoint>
            <RoutePoint version="1" id="VTR:RoutePoint:1768047">
              <projections>
                <PointProjection version="1" id="VTR:PointProjection:52861">
                  <ProjectedPointRef ref="VTR:ScheduledStopPoint:1768047" version="1"/>
                </PointProjection>
              </projections>
            </RoutePoint>
            <RoutePoint version="1" id="VTR:RoutePoint:1768048">
              <projections>
                <PointProjection version="1" id="VTR:PointProjection:52862">
                  <ProjectedPointRef ref="VTR:ScheduledStopPoint:1768048" version="1"/>
                </PointProjection>
              </projections>
            </RoutePoint>
            <RoutePoint version="1" id="VTR:RoutePoint:1768049">
              <projections>
                <PointProjection version="1" id="VTR:PointProjection:52863">
                  <ProjectedPointRef ref="VTR:ScheduledStopPoint:1768049" version="1"/>
                </PointProjection>
              </projections>
            </RoutePoint>
            <RoutePoint version="1" id="VTR:RoutePoint:1768050">
              <projections>
                <PointProjection version="1" id="VTR:PointProjection:52864">
                  <ProjectedPointRef ref="VTR:ScheduledStopPoint:1768050" version="1"/>
                </PointProjection>
              </projections>
            </RoutePoint>
            <RoutePoint version="1" id="VTR:RoutePoint:1768051">
              <projections>
                <PointProjection version="1" id="VTR:PointProjection:52865">
                  <ProjectedPointRef ref="VTR:ScheduledStopPoint:1768051" version="1"/>
                </PointProjection>
              </projections>
            </RoutePoint>
            <RoutePoint version="1" id="VTR:RoutePoint:1768052">
              <projections>
                <PointProjection version="1" id="VTR:PointProjection:55070">
                  <ProjectedPointRef ref="VTR:ScheduledStopPoint:1768052" version="1"/>
                </PointProjection>
              </projections>
            </RoutePoint>
            <RoutePoint version="1" id="VTR:RoutePoint:1768053">
              <projections>
                <PointProjection version="1" id="VTR:PointProjection:66896">
                  <ProjectedPointRef ref="VTR:ScheduledStopPoint:1768053" version="1"/>
                </PointProjection>
              </projections>
            </RoutePoint>
            <RoutePoint version="1" id="VTR:RoutePoint:1768054">
              <projections>
                <PointProjection version="1" id="VTR:PointProjection:74971">
                  <ProjectedPointRef ref="VTR:ScheduledStopPoint:1768054" version="1"/>
                </PointProjection>
              </projections>
            </RoutePoint>
            <RoutePoint version="1" id="VTR:RoutePoint:1768055">
              <projections>
                <PointProjection version="1" id="VTR:PointProjection:74946">
                  <ProjectedPointRef ref="VTR:ScheduledStopPoint:1768055" version="1"/>
                </PointProjection>
              </projections>
            </RoutePoint>
            <RoutePoint version="1" id="VTR:RoutePoint:1768056">
              <projections>
                <PointProjection version="1" id="VTR:PointProjection:74947">
                  <ProjectedPointRef ref="VTR:ScheduledStopPoint:1768056" version="1"/>
                </PointProjection>
              </projections>
            </RoutePoint>
            <RoutePoint version="1" id="VTR:RoutePoint:1768057">
              <projections>
                <PointProjection version="1" id="VTR:PointProjection:74948">
                  <ProjectedPointRef ref="VTR:ScheduledStopPoint:1768057" version="1"/>
                </PointProjection>
              </projections>
            </RoutePoint>
            <RoutePoint version="1" id="VTR:RoutePoint:1768058">
              <projections>
                <PointProjection version="1" id="VTR:PointProjection:74949">
                  <ProjectedPointRef ref="VTR:ScheduledStopPoint:1768058" version="1"/>
                </PointProjection>
              </projections>
            </RoutePoint>
          </routePoints>
          <routes>
            <Route version="1" id="VTR:Route:20529">
              <Name>Šaukliai-Skuodas</Name>
              <ShortName>Šaukliai-Skuodas</ShortName>
              <LineRef ref="VTR:Line:7285" version="9414"/>
              <DirectionType>inbound</DirectionType>
              <pointsInSequence>
                <PointOnRoute version="1" id="VTR:PointOnRoute:1768051" order="1">
                  <RoutePointRef ref="VTR:RoutePoint:1768051"/>
                </PointOnRoute>
                <PointOnRoute version="1" id="VTR:PointOnRoute:1768052" order="2">
                  <RoutePointRef ref="VTR:RoutePoint:1768052"/>
                </PointOnRoute>
                <PointOnRoute version="1" id="VTR:PointOnRoute:1768053" order="3">
                  <RoutePointRef ref="VTR:RoutePoint:1768053"/>
                </PointOnRoute>
                <PointOnRoute version="1" id="VTR:PointOnRoute:1768054" order="4">
                  <RoutePointRef ref="VTR:RoutePoint:1768054"/>
                </PointOnRoute>
                <PointOnRoute version="1" id="VTR:PointOnRoute:1768055" order="5">
                  <RoutePointRef ref="VTR:RoutePoint:1768055"/>
                </PointOnRoute>
                <PointOnRoute version="1" id="VTR:PointOnRoute:1768056" order="6">
                  <RoutePointRef ref="VTR:RoutePoint:1768056"/>
                </PointOnRoute>
                <PointOnRoute version="1" id="VTR:PointOnRoute:1768057" order="7">
                  <RoutePointRef ref="VTR:RoutePoint:1768057"/>
                </PointOnRoute>
                <PointOnRoute version="1" id="VTR:PointOnRoute:1768058" order="8">
                  <RoutePointRef ref="VTR:RoutePoint:1768058"/>
                </PointOnRoute>
              </pointsInSequence>
            </Route>
            <Route version="1" id="VTR:Route:20528">
              <Name>Skuodas-Šaukliai</Name>
              <ShortName>Skuodas-Šaukliai</ShortName>
              <LineRef ref="VTR:Line:7285" version="9414"/>
              <DirectionType>outbound</DirectionType>
              <pointsInSequence>
                <PointOnRoute version="1" id="VTR:PointOnRoute:1768043" order="1">
                  <RoutePointRef ref="VTR:RoutePoint:1768043"/>
                </PointOnRoute>
                <PointOnRoute version="1" id="VTR:PointOnRoute:1768044" order="2">
                  <RoutePointRef ref="VTR:RoutePoint:1768044"/>
                </PointOnRoute>
                <PointOnRoute version="1" id="VTR:PointOnRoute:1768050" order="3">
                  <RoutePointRef ref="VTR:RoutePoint:1768050"/>
                </PointOnRoute>
                <PointOnRoute version="1" id="VTR:PointOnRoute:1768045" order="4">
                  <RoutePointRef ref="VTR:RoutePoint:1768045"/>
                </PointOnRoute>
                <PointOnRoute version="1" id="VTR:PointOnRoute:1768046" order="5">
                  <RoutePointRef ref="VTR:RoutePoint:1768046"/>
                </PointOnRoute>
                <PointOnRoute version="1" id="VTR:PointOnRoute:1768047" order="6">
                  <RoutePointRef ref="VTR:RoutePoint:1768047"/>
                </PointOnRoute>
                <PointOnRoute version="1" id="VTR:PointOnRoute:1768048" order="7">
                  <RoutePointRef ref="VTR:RoutePoint:1768048"/>
                </PointOnRoute>
                <PointOnRoute version="1" id="VTR:PointOnRoute:1768049" order="8">
                  <RoutePointRef ref="VTR:RoutePoint:1768049"/>
                </PointOnRoute>
              </pointsInSequence>
            </Route>
          </routes>
          <lines>
            <Line version="9414" id="VTR:Line:7285">
              <Name>Skuodas-Šaukliai</Name>
              <TransportMode>bus</TransportMode>
              <TransportSubmode>
                <BusSubmode>regionalBus</BusSubmode>
              </TransportSubmode>
              <PublicCode>14</PublicCode>
              <OperatorRef ref="VTR:Operator:29"/>
            </Line>
          </lines>
          <scheduledStopPoints>
            <ScheduledStopPoint version="1" id="VTR:ScheduledStopPoint:1768043">
              <Name>Skuodo autobusų stotis</Name>
            </ScheduledStopPoint>
            <ScheduledStopPoint version="1" id="VTR:ScheduledStopPoint:1768044">
              <Name>Užluobė</Name>
            </ScheduledStopPoint>
            <ScheduledStopPoint version="1" id="VTR:ScheduledStopPoint:1768045">
              <Name>Tėveliai</Name>
            </ScheduledStopPoint>
            <ScheduledStopPoint version="1" id="VTR:ScheduledStopPoint:1768046">
              <Name>Krakės</Name>
            </ScheduledStopPoint>
            <ScheduledStopPoint version="1" id="VTR:ScheduledStopPoint:1768047">
              <Name>Mosėdis</Name>
            </ScheduledStopPoint>
            <ScheduledStopPoint version="1" id="VTR:ScheduledStopPoint:1768048">
              <Name>Naujokai</Name>
            </ScheduledStopPoint>
            <ScheduledStopPoint version="1" id="VTR:ScheduledStopPoint:1768049">
              <Name>Šaukliai</Name>
            </ScheduledStopPoint>
            <ScheduledStopPoint version="1" id="VTR:ScheduledStopPoint:1768050">
              <Name>Virbalai</Name>
            </ScheduledStopPoint>
            <ScheduledStopPoint version="1" id="VTR:ScheduledStopPoint:1768051">
              <Name>Šaukliai</Name>
            </ScheduledStopPoint>
            <ScheduledStopPoint version="1" id="VTR:ScheduledStopPoint:1768052">
              <Name>Naujokai</Name>
            </ScheduledStopPoint>
            <ScheduledStopPoint version="1" id="VTR:ScheduledStopPoint:1768053">
              <Name>Mosėdis</Name>
            </ScheduledStopPoint>
            <ScheduledStopPoint version="1" id="VTR:ScheduledStopPoint:1768054">
              <Name>Krakės</Name>
            </ScheduledStopPoint>
            <ScheduledStopPoint version="1" id="VTR:ScheduledStopPoint:1768055">
              <Name>Tėveliai</Name>
            </ScheduledStopPoint>
            <ScheduledStopPoint version="1" id="VTR:ScheduledStopPoint:1768056">
              <Name>Virbalai</Name>
            </ScheduledStopPoint>
            <ScheduledStopPoint version="1" id="VTR:ScheduledStopPoint:1768057">
              <Name>Užluobė</Name>
            </ScheduledStopPoint>
            <ScheduledStopPoint version="1" id="VTR:ScheduledStopPoint:1768058">
              <Name>Skuodo autobusų stotis</Name>
            </ScheduledStopPoint>
          </scheduledStopPoints>
          <serviceLinks>
            <ServiceLink id="VTR:ServiceLink:1768051_1_1768052_1" version="1">
              <Distance>3</Distance>
              <FromPointRef ref="VTR:ScheduledStopPoint:1768051" version="1"/>
              <ToPointRef ref="VTR:ScheduledStopPoint:1768052" version="1"/>
            </ServiceLink>
            <ServiceLink id="VTR:ServiceLink:1768044_1_1768050_1" version="1">
              <Distance>1</Distance>
              <FromPointRef ref="VTR:ScheduledStopPoint:1768044" version="1"/>
              <ToPointRef ref="VTR:ScheduledStopPoint:1768050" version="1"/>
            </ServiceLink>
            <ServiceLink id="VTR:ServiceLink:1768052_1_1768053_1" version="1">
              <Distance>2</Distance>
              <FromPointRef ref="VTR:ScheduledStopPoint:1768052" version="1"/>
              <ToPointRef ref="VTR:ScheduledStopPoint:1768053" version="1"/>
            </ServiceLink>
            <ServiceLink id="VTR:ServiceLink:1768057_1_1768058_1" version="1">
              <Distance>3</Distance>
              <FromPointRef ref="VTR:ScheduledStopPoint:1768057" version="1"/>
              <ToPointRef ref="VTR:ScheduledStopPoint:1768058" version="1"/>
            </ServiceLink>
            <ServiceLink id="VTR:ServiceLink:1768048_1_1768049_1" version="1">
              <Distance>3</Distance>
              <FromPointRef ref="VTR:ScheduledStopPoint:1768048" version="1"/>
              <ToPointRef ref="VTR:ScheduledStopPoint:1768049" version="1"/>
            </ServiceLink>
            <ServiceLink id="VTR:ServiceLink:1768043_1_1768044_1" version="1">
              <Distance>3</Distance>
              <FromPointRef ref="VTR:ScheduledStopPoint:1768043" version="1"/>
              <ToPointRef ref="VTR:ScheduledStopPoint:1768044" version="1"/>
            </ServiceLink>
            <ServiceLink id="VTR:ServiceLink:1768055_1_1768056_1" version="1">
              <Distance>1</Distance>
              <FromPointRef ref="VTR:ScheduledStopPoint:1768055" version="1"/>
              <ToPointRef ref="VTR:ScheduledStopPoint:1768056" version="1"/>
            </ServiceLink>
            <ServiceLink id="VTR:ServiceLink:1768047_1_1768048_1" version="1">
              <Distance>1</Distance>
              <FromPointRef ref="VTR:ScheduledStopPoint:1768047" version="1"/>
              <ToPointRef ref="VTR:ScheduledStopPoint:1768048" version="1"/>
            </ServiceLink>
            <ServiceLink id="VTR:ServiceLink:1768046_1_1768047_1" version="1">
              <Distance>4</Distance>
              <FromPointRef ref="VTR:ScheduledStopPoint:1768046" version="1"/>
              <ToPointRef ref="VTR:ScheduledStopPoint:1768047" version="1"/>
            </ServiceLink>
            <ServiceLink id="VTR:ServiceLink:1768045_1_1768046_1" version="1">
              <Distance>2</Distance>
              <FromPointRef ref="VTR:ScheduledStopPoint:1768045" version="1"/>
              <ToPointRef ref="VTR:ScheduledStopPoint:1768046" version="1"/>
            </ServiceLink>
            <ServiceLink id="VTR:ServiceLink:1768053_1_1768054_1" version="1">
              <Distance>3</Distance>
              <FromPointRef ref="VTR:ScheduledStopPoint:1768053" version="1"/>
              <ToPointRef ref="VTR:ScheduledStopPoint:1768054" version="1"/>
            </ServiceLink>
            <ServiceLink id="VTR:ServiceLink:1768054_1_1768055_1" version="1">
              <Distance>2</Distance>
              <FromPointRef ref="VTR:ScheduledStopPoint:1768054" version="1"/>
              <ToPointRef ref="VTR:ScheduledStopPoint:1768055" version="1"/>
            </ServiceLink>
            <ServiceLink id="VTR:ServiceLink:1768050_1_1768045_1" version="1">
              <Distance>1</Distance>
              <FromPointRef ref="VTR:ScheduledStopPoint:1768050" version="1"/>
              <ToPointRef ref="VTR:ScheduledStopPoint:1768045" version="1"/>
            </ServiceLink>
            <ServiceLink id="VTR:ServiceLink:1768056_1_1768057_1" version="1">
              <Distance>1</Distance>
              <FromPointRef ref="VTR:ScheduledStopPoint:1768056" version="1"/>
              <ToPointRef ref="VTR:ScheduledStopPoint:1768057" version="1"/>
            </ServiceLink>
          </serviceLinks>
          <stopAssignments>
            <PassengerStopAssignment order="2052800000" id="VTR:PassengerStopAssignment:1768043" version="1">
              <ScheduledStopPointRef ref="VTR:ScheduledStopPoint:1768043" version="1"/>
              <QuayRef ref="VTR:Quay:19456"/>
            </PassengerStopAssignment>
            <PassengerStopAssignment order="2052800001" id="VTR:PassengerStopAssignment:1768044" version="1">
              <ScheduledStopPointRef ref="VTR:ScheduledStopPoint:1768044" version="1"/>
              <QuayRef ref="VTR:Quay:12494"/>
            </PassengerStopAssignment>
            <PassengerStopAssignment order="2052800002" id="VTR:PassengerStopAssignment:1768050" version="1">
              <ScheduledStopPointRef ref="VTR:ScheduledStopPoint:1768050" version="1"/>
              <QuayRef ref="VTR:Quay:19761"/>
            </PassengerStopAssignment>
            <PassengerStopAssignment order="2052800003" id="VTR:PassengerStopAssignment:1768045" version="1">
              <ScheduledStopPointRef ref="VTR:ScheduledStopPoint:1768045" version="1"/>
              <QuayRef ref="VTR:Quay:13436"/>
            </PassengerStopAssignment>
            <PassengerStopAssignment order="2052800004" id="VTR:PassengerStopAssignment:1768046" version="1">
              <ScheduledStopPointRef ref="VTR:ScheduledStopPoint:1768046" version="1"/>
              <QuayRef ref="VTR:Quay:5578"/>
            </PassengerStopAssignment>
            <PassengerStopAssignment order="2052800005" id="VTR:PassengerStopAssignment:1768047" version="1">
              <ScheduledStopPointRef ref="VTR:ScheduledStopPoint:1768047" version="1"/>
              <QuayRef ref="VTR:Quay:3583"/>
            </PassengerStopAssignment>
            <PassengerStopAssignment order="2052800006" id="VTR:PassengerStopAssignment:1768048" version="1">
              <ScheduledStopPointRef ref="VTR:ScheduledStopPoint:1768048" version="1"/>
              <QuayRef ref="VTR:Quay:19960"/>
            </PassengerStopAssignment>
            <PassengerStopAssignment order="2052800007" id="VTR:PassengerStopAssignment:1768049" version="1">
              <ScheduledStopPointRef ref="VTR:ScheduledStopPoint:1768049" version="1"/>
              <QuayRef ref="VTR:Quay:14849"/>
            </PassengerStopAssignment>
            <PassengerStopAssignment order="2052900000" id="VTR:PassengerStopAssignment:1768051" version="1">
              <ScheduledStopPointRef ref="VTR:ScheduledStopPoint:1768051" version="1"/>
              <QuayRef ref="VTR:Quay:10990"/>
            </PassengerStopAssignment>
            <PassengerStopAssignment order="2052900001" id="VTR:PassengerStopAssignment:1768052" version="1">
              <ScheduledStopPointRef ref="VTR:ScheduledStopPoint:1768052" version="1"/>
              <QuayRef ref="VTR:Quay:19961"/>
            </PassengerStopAssignment>
            <PassengerStopAssignment order="2052900002" id="VTR:PassengerStopAssignment:1768053" version="1">
              <ScheduledStopPointRef ref="VTR:ScheduledStopPoint:1768053" version="1"/>
              <QuayRef ref="VTR:Quay:9769"/>
            </PassengerStopAssignment>
            <PassengerStopAssignment order="2052900003" id="VTR:PassengerStopAssignment:1768054" version="1">
              <ScheduledStopPointRef ref="VTR:ScheduledStopPoint:1768054" version="1"/>
              <QuayRef ref="VTR:Quay:5597"/>
            </PassengerStopAssignment>
            <PassengerStopAssignment order="2052900004" id="VTR:PassengerStopAssignment:1768055" version="1">
              <ScheduledStopPointRef ref="VTR:ScheduledStopPoint:1768055" version="1"/>
              <QuayRef ref="VTR:Quay:14356"/>
            </PassengerStopAssignment>
            <PassengerStopAssignment order="2052900005" id="VTR:PassengerStopAssignment:1768056" version="1">
              <ScheduledStopPointRef ref="VTR:ScheduledStopPoint:1768056" version="1"/>
              <QuayRef ref="VTR:Quay:19762"/>
            </PassengerStopAssignment>
            <PassengerStopAssignment order="2052900006" id="VTR:PassengerStopAssignment:1768057" version="1">
              <ScheduledStopPointRef ref="VTR:ScheduledStopPoint:1768057" version="1"/>
              <QuayRef ref="VTR:Quay:14364"/>
            </PassengerStopAssignment>
            <PassengerStopAssignment order="2052900007" id="VTR:PassengerStopAssignment:1768058" version="1">
              <ScheduledStopPointRef ref="VTR:ScheduledStopPoint:1768058" version="1"/>
              <QuayRef ref="VTR:Quay:19456"/>
            </PassengerStopAssignment>
          </stopAssignments>
          <journeyPatterns>
            <JourneyPattern id="VTR:JourneyPattern:3779709" version="3782304">
              <Name>2.</Name>
              <RouteRef ref="VTR:Route:20529" version="1"/>
              <pointsInSequence>
                <StopPointInJourneyPattern id="VTR:StopPointInJourneyPattern:130378050" version="3782304" order="1">
                  <ScheduledStopPointRef ref="VTR:ScheduledStopPoint:1768051"/>
                  <DestinationDisplayRef ref="VTR:DestinationDisplay:1"/>
                </StopPointInJourneyPattern>
                <StopPointInJourneyPattern id="VTR:StopPointInJourneyPattern:130378051" version="3782304" order="2">
                  <ScheduledStopPointRef ref="VTR:ScheduledStopPoint:1768052"/>
                  <DestinationDisplayRef ref="VTR:DestinationDisplay:1"/>
                </StopPointInJourneyPattern>
                <StopPointInJourneyPattern id="VTR:StopPointInJourneyPattern:130378052" version="3782304" order="3">
                  <ScheduledStopPointRef ref="VTR:ScheduledStopPoint:1768053"/>
                  <DestinationDisplayRef ref="VTR:DestinationDisplay:1"/>
                </StopPointInJourneyPattern>
                <StopPointInJourneyPattern id="VTR:StopPointInJourneyPattern:130378053" version="3782304" order="4">
                  <ScheduledStopPointRef ref="VTR:ScheduledStopPoint:1768054"/>
                  <DestinationDisplayRef ref="VTR:DestinationDisplay:1"/>
                </StopPointInJourneyPattern>
                <StopPointInJourneyPattern id="VTR:StopPointInJourneyPattern:130378054" version="3782304" order="5">
                  <ScheduledStopPointRef ref="VTR:ScheduledStopPoint:1768055"/>
                  <DestinationDisplayRef ref="VTR:DestinationDisplay:1"/>
                </StopPointInJourneyPattern>
                <StopPointInJourneyPattern id="VTR:StopPointInJourneyPattern:130378055" version="3782304" order="6">
                  <ScheduledStopPointRef ref="VTR:ScheduledStopPoint:1768056"/>
                  <DestinationDisplayRef ref="VTR:DestinationDisplay:1"/>
                </StopPointInJourneyPattern>
                <StopPointInJourneyPattern id="VTR:StopPointInJourneyPattern:130378056" version="3782304" order="7">
                  <ScheduledStopPointRef ref="VTR:ScheduledStopPoint:1768057"/>
                  <DestinationDisplayRef ref="VTR:DestinationDisplay:1"/>
                </StopPointInJourneyPattern>
                <StopPointInJourneyPattern id="VTR:StopPointInJourneyPattern:130378057" version="3782304" order="8">
                  <ScheduledStopPointRef ref="VTR:ScheduledStopPoint:1768058"/>
                  <DestinationDisplayRef ref="VTR:DestinationDisplay:1"/>
                </StopPointInJourneyPattern>
              </pointsInSequence>
            </JourneyPattern>
            <JourneyPattern id="VTR:JourneyPattern:3779708" version="3782303">
              <Name>1</Name>
              <RouteRef ref="VTR:Route:20528" version="1"/>
              <pointsInSequence>
                <StopPointInJourneyPattern id="VTR:StopPointInJourneyPattern:130378042" version="3782303" order="1">
                  <ScheduledStopPointRef ref="VTR:ScheduledStopPoint:1768043"/>
                  <DestinationDisplayRef ref="VTR:DestinationDisplay:1"/>
                </StopPointInJourneyPattern>
                <StopPointInJourneyPattern id="VTR:StopPointInJourneyPattern:130378043" version="3782303" order="2">
                  <ScheduledStopPointRef ref="VTR:ScheduledStopPoint:1768044"/>
                  <DestinationDisplayRef ref="VTR:DestinationDisplay:1"/>
                </StopPointInJourneyPattern>
                <StopPointInJourneyPattern id="VTR:StopPointInJourneyPattern:130378044" version="3782303" order="3">
                  <ScheduledStopPointRef ref="VTR:ScheduledStopPoint:1768050"/>
                  <DestinationDisplayRef ref="VTR:DestinationDisplay:1"/>
                </StopPointInJourneyPattern>
                <StopPointInJourneyPattern id="VTR:StopPointInJourneyPattern:130378045" version="3782303" order="4">
                  <ScheduledStopPointRef ref="VTR:ScheduledStopPoint:1768045"/>
                  <DestinationDisplayRef ref="VTR:DestinationDisplay:1"/>
                </StopPointInJourneyPattern>
                <StopPointInJourneyPattern id="VTR:StopPointInJourneyPattern:130378046" version="3782303" order="5">
                  <ScheduledStopPointRef ref="VTR:ScheduledStopPoint:1768046"/>
                  <DestinationDisplayRef ref="VTR:DestinationDisplay:1"/>
                </StopPointInJourneyPattern>
                <StopPointInJourneyPattern id="VTR:StopPointInJourneyPattern:130378047" version="3782303" order="6">
                  <ScheduledStopPointRef ref="VTR:ScheduledStopPoint:1768047"/>
                  <DestinationDisplayRef ref="VTR:DestinationDisplay:1"/>
                </StopPointInJourneyPattern>
                <StopPointInJourneyPattern id="VTR:StopPointInJourneyPattern:130378048" version="3782303" order="7">
                  <ScheduledStopPointRef ref="VTR:ScheduledStopPoint:1768048"/>
                  <DestinationDisplayRef ref="VTR:DestinationDisplay:1"/>
                </StopPointInJourneyPattern>
                <StopPointInJourneyPattern id="VTR:StopPointInJourneyPattern:130378049" version="3782303" order="8">
                  <ScheduledStopPointRef ref="VTR:ScheduledStopPoint:1768049"/>
                  <DestinationDisplayRef ref="VTR:DestinationDisplay:1"/>
                </StopPointInJourneyPattern>
              </pointsInSequence>
            </JourneyPattern>
          </journeyPatterns>
        </ServiceFrame>
        <TimetableFrame version="1" id="VTR:TimetableFrame:1398">
          <vehicleJourneys>
            <ServiceJourney version="3782304" id="VTR:ServiceJourney:3779709">
              <Name>Šaukliai-Skuodas</Name>
              <PrivateCode>2.</PrivateCode>
              <dayTypes>
                <DayTypeRef ref="VTR:DayType:255"/>
              </dayTypes>
              <JourneyPatternRef version="3782304" ref="VTR:JourneyPattern:3779709"/>
              <OperatorRef ref="VTR:Operator:513"/>
              <LineRef ref="VTR:Line:7285" version="9414"/>
              <passingTimes>
                <TimetabledPassingTime version="3782304" id="VTR:TimetabledPassingTime:3779709_130378050_1">
                  <StopPointInJourneyPatternRef ref="VTR:StopPointInJourneyPattern:130378050" version="3782304"/>
                  <DepartureTime>07:50:00</DepartureTime>
                  <DepartureDayOffset>0</DepartureDayOffset>
                </TimetabledPassingTime>
                <TimetabledPassingTime version="3782304" id="VTR:TimetabledPassingTime:3779709_130378051_2">
                  <StopPointInJourneyPatternRef ref="VTR:StopPointInJourneyPattern:130378051" version="3782304"/>
                  <DepartureTime>07:55:00</DepartureTime>
                  <DepartureDayOffset>0</DepartureDayOffset>
                </TimetabledPassingTime>
                <TimetabledPassingTime version="3782304" id="VTR:TimetabledPassingTime:3779709_130378052_3">
                  <StopPointInJourneyPatternRef ref="VTR:StopPointInJourneyPattern:130378052" version="3782304"/>
                  <DepartureTime>07:59:00</DepartureTime>
                  <DepartureDayOffset>0</DepartureDayOffset>
                </TimetabledPassingTime>
                <TimetabledPassingTime version="3782304" id="VTR:TimetabledPassingTime:3779709_130378053_4">
                  <StopPointInJourneyPatternRef ref="VTR:StopPointInJourneyPattern:130378053" version="3782304"/>
                  <DepartureTime>08:05:00</DepartureTime>
                  <DepartureDayOffset>0</DepartureDayOffset>
                </TimetabledPassingTime>
                <TimetabledPassingTime version="3782304" id="VTR:TimetabledPassingTime:3779709_130378054_5">
                  <StopPointInJourneyPatternRef ref="VTR:StopPointInJourneyPattern:130378054" version="3782304"/>
                  <DepartureTime>08:09:00</DepartureTime>
                  <DepartureDayOffset>0</DepartureDayOffset>
                </TimetabledPassingTime>
                <TimetabledPassingTime version="3782304" id="VTR:TimetabledPassingTime:3779709_130378055_6">
                  <StopPointInJourneyPatternRef ref="VTR:StopPointInJourneyPattern:130378055" version="3782304"/>
                  <DepartureTime>08:11:00</DepartureTime>
                  <DepartureDayOffset>0</DepartureDayOffset>
                </TimetabledPassingTime>
                <TimetabledPassingTime version="3782304" id="VTR:TimetabledPassingTime:3779709_130378056_7">
                  <StopPointInJourneyPatternRef ref="VTR:StopPointInJourneyPattern:130378056" version="3782304"/>
                  <DepartureTime>08:14:00</DepartureTime>
                  <DepartureDayOffset>0</DepartureDayOffset>
                </TimetabledPassingTime>
                <TimetabledPassingTime version="3782304" id="VTR:TimetabledPassingTime:3779709_130378057_8">
                  <StopPointInJourneyPatternRef ref="VTR:StopPointInJourneyPattern:130378057" version="3782304"/>
                  <DepartureTime>08:20:00</DepartureTime>
                  <DepartureDayOffset>0</DepartureDayOffset>
                </TimetabledPassingTime>
              </passingTimes>
            </ServiceJourney>
            <ServiceJourney version="3782303" id="VTR:ServiceJourney:3779708">
              <Name>Skuodas-Šaukliai</Name>
              <PrivateCode>1</PrivateCode>
              <dayTypes>
                <DayTypeRef ref="VTR:DayType:255"/>
              </dayTypes>
              <JourneyPatternRef version="3782303" ref="VTR:JourneyPattern:3779708"/>
              <OperatorRef ref="VTR:Operator:513"/>
              <LineRef ref="VTR:Line:7285" version="9414"/>
              <passingTimes>
                <TimetabledPassingTime version="3782303" id="VTR:TimetabledPassingTime:3779708_130378042_1">
                  <StopPointInJourneyPatternRef ref="VTR:StopPointInJourneyPattern:130378042" version="3782303"/>
                  <DepartureTime>11:10:00</DepartureTime>
                  <DepartureDayOffset>0</DepartureDayOffset>
                </TimetabledPassingTime>
                <TimetabledPassingTime version="3782303" id="VTR:TimetabledPassingTime:3779708_130378043_2">
                  <StopPointInJourneyPatternRef ref="VTR:StopPointInJourneyPattern:130378043" version="3782303"/>
                  <DepartureTime>11:16:00</DepartureTime>
                  <DepartureDayOffset>0</DepartureDayOffset>
                </TimetabledPassingTime>
                <TimetabledPassingTime version="3782303" id="VTR:TimetabledPassingTime:3779708_130378044_3">
                  <StopPointInJourneyPatternRef ref="VTR:StopPointInJourneyPattern:130378044" version="3782303"/>
                  <DepartureTime>11:19:00</DepartureTime>
                  <DepartureDayOffset>0</DepartureDayOffset>
                </TimetabledPassingTime>
                <TimetabledPassingTime version="3782303" id="VTR:TimetabledPassingTime:3779708_130378045_4">
                  <StopPointInJourneyPatternRef ref="VTR:StopPointInJourneyPattern:130378045" version="3782303"/>
                  <DepartureTime>11:21:00</DepartureTime>
                  <DepartureDayOffset>0</DepartureDayOffset>
                </TimetabledPassingTime>
                <TimetabledPassingTime version="3782303" id="VTR:TimetabledPassingTime:3779708_130378046_5">
                  <StopPointInJourneyPatternRef ref="VTR:StopPointInJourneyPattern:130378046" version="3782303"/>
                  <DepartureTime>11:25:00</DepartureTime>
                  <DepartureDayOffset>0</DepartureDayOffset>
                </TimetabledPassingTime>
                <TimetabledPassingTime version="3782303" id="VTR:TimetabledPassingTime:3779708_130378047_6">
                  <StopPointInJourneyPatternRef ref="VTR:StopPointInJourneyPattern:130378047" version="3782303"/>
                  <DepartureTime>11:31:00</DepartureTime>
                  <DepartureDayOffset>0</DepartureDayOffset>
                </TimetabledPassingTime>
                <TimetabledPassingTime version="3782303" id="VTR:TimetabledPassingTime:3779708_130378048_7">
                  <StopPointInJourneyPatternRef ref="VTR:StopPointInJourneyPattern:130378048" version="3782303"/>
                  <DepartureTime>11:35:00</DepartureTime>
                  <DepartureDayOffset>0</DepartureDayOffset>
                </TimetabledPassingTime>
                <TimetabledPassingTime version="3782303" id="VTR:TimetabledPassingTime:3779708_130378049_8">
                  <StopPointInJourneyPatternRef ref="VTR:StopPointInJourneyPattern:130378049" version="3782303"/>
                  <DepartureTime>11:40:00</DepartureTime>
                  <DepartureDayOffset>0</DepartureDayOffset>
                </TimetabledPassingTime>
              </passingTimes>
            </ServiceJourney>
          </vehicleJourneys>
        </TimetableFrame>
        <ResourceFrame version="1" id="VTR:ResourceFrame:1398">
          <organisations>
            <Authority version="1" id="VTR:Authority:29">
              <CompanyNumber>75</CompanyNumber>
              <Name>Skuodo r. sav.</Name>
              <LegalName>Skuodo r. sav.</LegalName>
              <ContactDetails>
                <Email>savivaldybe@skuodas.lt</Email>
                <Phone>8 440 73932</Phone>
                <Url>www.skuodas.lt</Url>
              </ContactDetails>
              <OrganisationType>authority</OrganisationType>
            </Authority>
          </organisations>
        </ResourceFrame>
      </frames>
    </CompositeFrame>
  </dataObjects>
</PublicationDelivery>
