<?xml version="1.0" encoding="UTF-8"?><PublicationDelivery xmlns="http://www.netex.org.uk/netex" xmlns:gis="http://www.opengis.net/gml/3.2" xmlns:ns2="http://www.opengis.net/gml/3.2" xmlns:ns3="http://www.siri.org.uk/siri" xmlns:xsi="http://www.w3.org/2001/XMLSchema-instance" version="1" xsi:schemaLocation="">
  <PublicationTimestamp>2022-05-07T04:50:00.248</PublicationTimestamp>
  <ParticipantRef>VTR</ParticipantRef>
  <Description>1</Description>
  <dataObjects>
    <CompositeFrame created="2022-05-07T04:50:00.248" version="1" id="VTR:CompositeFrame:1398">
      <validityConditions>
        <AvailabilityCondition version="1" id="VTR:AvailabilityCondition:1398">
          <FromDate>2019-10-29T08:53:07</FromDate>
          <ToDate>2027-12-30T00:00:00</ToDate>
        </AvailabilityCondition>
      </validityConditions>
      <codespaces>
        <Codespace id="vtr">
          <Xmlns>VTR</Xmlns>
          <XmlnsUrl>http://www.visimarsrutai.lt/</XmlnsUrl>
        </Codespace>
      </codespaces>
      <FrameDefaults>
        <DefaultLocale>
          <TimeZone>Europe/Vilnius</TimeZone>
        </DefaultLocale>
        <DefaultLocationSystem>WGS84</DefaultLocationSystem>
      </FrameDefaults>
      <frames>
        <ServiceCalendarFrame version="1" id="VTR:ServiceCalendarFrame:1398">
          <dayTypes>
            <DayType id="VTR:DayType:254" version="1">
              <properties>
                <PropertyOfDay>
                  <DaysOfWeek>Monday Tuesday Wednesday Thursday Friday</DaysOfWeek>
                </PropertyOfDay>
              </properties>
            </DayType>
            <DayType id="VTR:DayType:439" version="1">
              <properties>
                <PropertyOfDay>
                  <DaysOfWeek>Monday Tuesday Wednesday Thursday Friday</DaysOfWeek>
                </PropertyOfDay>
              </properties>
            </DayType>
          </dayTypes>
          <operatingPeriods>
            <OperatingPeriod version="1" id="VTR:OperatingPeriod:254">
              <FromDate>2015-06-08T00:00:00</FromDate>
              <ToDate>2021-01-01T00:00:00</ToDate>
            </OperatingPeriod>
            <OperatingPeriod version="1" id="VTR:OperatingPeriod:439">
              <FromDate>2015-06-08T00:00:00</FromDate>
              <ToDate>2021-01-01T00:00:00</ToDate>
            </OperatingPeriod>
          </operatingPeriods>
          <dayTypeAssignments>
            <DayTypeAssignment id="VTR:DayTypeAssignment:254_0" version="1" order="311">
              <OperatingPeriodRef ref="VTR:OperatingPeriod:254" version="1"/>
              <DayTypeRef ref="VTR:DayType:254" version="1"/>
            </DayTypeAssignment>
            <DayTypeAssignment id="VTR:DayTypeAssignment:439_0" version="1" order="438">
              <OperatingPeriodRef ref="VTR:OperatingPeriod:439" version="1"/>
              <DayTypeRef ref="VTR:DayType:439" version="1"/>
            </DayTypeAssignment>
          </dayTypeAssignments>
        </ServiceCalendarFrame>
        <ServiceFrame id="VTR:ServiceFrame:1398" version="1">
          <Network version="0" id="VTR:Network:29"/>
          <routePoints>
            <RoutePoint version="1" id="VTR:RoutePoint:1769033">
              <projections>
                <PointProjection version="1" id="VTR:PointProjection:66347">
                  <ProjectedPointRef ref="VTR:ScheduledStopPoint:1769033" version="1"/>
                </PointProjection>
              </projections>
            </RoutePoint>
            <RoutePoint version="1" id="VTR:RoutePoint:1769034">
              <projections>
                <PointProjection version="1" id="VTR:PointProjection:66348">
                  <ProjectedPointRef ref="VTR:ScheduledStopPoint:1769034" version="1"/>
                </PointProjection>
              </projections>
            </RoutePoint>
            <RoutePoint version="1" id="VTR:RoutePoint:1769035">
              <projections>
                <PointProjection version="1" id="VTR:PointProjection:66349">
                  <ProjectedPointRef ref="VTR:ScheduledStopPoint:1769035" version="1"/>
                </PointProjection>
              </projections>
            </RoutePoint>
            <RoutePoint version="1" id="VTR:RoutePoint:1769036">
              <projections>
                <PointProjection version="1" id="VTR:PointProjection:66350">
                  <ProjectedPointRef ref="VTR:ScheduledStopPoint:1769036" version="1"/>
                </PointProjection>
              </projections>
            </RoutePoint>
            <RoutePoint version="1" id="VTR:RoutePoint:1769037">
              <projections>
                <PointProjection version="1" id="VTR:PointProjection:66351">
                  <ProjectedPointRef ref="VTR:ScheduledStopPoint:1769037" version="1"/>
                </PointProjection>
              </projections>
            </RoutePoint>
            <RoutePoint version="1" id="VTR:RoutePoint:1769038">
              <projections>
                <PointProjection version="1" id="VTR:PointProjection:66352">
                  <ProjectedPointRef ref="VTR:ScheduledStopPoint:1769038" version="1"/>
                </PointProjection>
              </projections>
            </RoutePoint>
            <RoutePoint version="1" id="VTR:RoutePoint:1769039">
              <projections>
                <PointProjection version="1" id="VTR:PointProjection:66353">
                  <ProjectedPointRef ref="VTR:ScheduledStopPoint:1769039" version="1"/>
                </PointProjection>
              </projections>
            </RoutePoint>
            <RoutePoint version="1" id="VTR:RoutePoint:1769040">
              <projections>
                <PointProjection version="1" id="VTR:PointProjection:66345">
                  <ProjectedPointRef ref="VTR:ScheduledStopPoint:1769040" version="1"/>
                </PointProjection>
              </projections>
            </RoutePoint>
            <RoutePoint version="1" id="VTR:RoutePoint:1769041">
              <projections>
                <PointProjection version="1" id="VTR:PointProjection:66346">
                  <ProjectedPointRef ref="VTR:ScheduledStopPoint:1769041" version="1"/>
                </PointProjection>
              </projections>
            </RoutePoint>
            <RoutePoint version="1" id="VTR:RoutePoint:1769042">
              <projections>
                <PointProjection version="1" id="VTR:PointProjection:66283">
                  <ProjectedPointRef ref="VTR:ScheduledStopPoint:1769042" version="1"/>
                </PointProjection>
              </projections>
            </RoutePoint>
            <RoutePoint version="1" id="VTR:RoutePoint:1769043">
              <projections>
                <PointProjection version="1" id="VTR:PointProjection:66284">
                  <ProjectedPointRef ref="VTR:ScheduledStopPoint:1769043" version="1"/>
                </PointProjection>
              </projections>
            </RoutePoint>
            <RoutePoint version="1" id="VTR:RoutePoint:1769044">
              <projections>
                <PointProjection version="1" id="VTR:PointProjection:66285">
                  <ProjectedPointRef ref="VTR:ScheduledStopPoint:1769044" version="1"/>
                </PointProjection>
              </projections>
            </RoutePoint>
          </routePoints>
          <routes>
            <Route version="1" id="VTR:Route:20658">
              <Name>Mosėdis-Skuodas (per Tėvelius)</Name>
              <ShortName>Mosėdis-Skuodas (per Tėvelius)</ShortName>
              <LineRef ref="VTR:Line:7304" version="9461"/>
              <DirectionType>inbound</DirectionType>
              <pointsInSequence>
                <PointOnRoute version="1" id="VTR:PointOnRoute:1769039" order="1">
                  <RoutePointRef ref="VTR:RoutePoint:1769039"/>
                </PointOnRoute>
                <PointOnRoute version="1" id="VTR:PointOnRoute:1769040" order="2">
                  <RoutePointRef ref="VTR:RoutePoint:1769040"/>
                </PointOnRoute>
                <PointOnRoute version="1" id="VTR:PointOnRoute:1769041" order="3">
                  <RoutePointRef ref="VTR:RoutePoint:1769041"/>
                </PointOnRoute>
                <PointOnRoute version="1" id="VTR:PointOnRoute:1769042" order="4">
                  <RoutePointRef ref="VTR:RoutePoint:1769042"/>
                </PointOnRoute>
                <PointOnRoute version="1" id="VTR:PointOnRoute:1769043" order="5">
                  <RoutePointRef ref="VTR:RoutePoint:1769043"/>
                </PointOnRoute>
                <PointOnRoute version="1" id="VTR:PointOnRoute:1769044" order="6">
                  <RoutePointRef ref="VTR:RoutePoint:1769044"/>
                </PointOnRoute>
              </pointsInSequence>
            </Route>
            <Route version="1" id="VTR:Route:20657">
              <Name>Skuodas-Mosėdis (per Tėvelius)</Name>
              <ShortName>Skuodas-Mosėdis (per Tėvelius)</ShortName>
              <LineRef ref="VTR:Line:7304" version="9461"/>
              <DirectionType>outbound</DirectionType>
              <pointsInSequence>
                <PointOnRoute version="1" id="VTR:PointOnRoute:1769033" order="1">
                  <RoutePointRef ref="VTR:RoutePoint:1769033"/>
                </PointOnRoute>
                <PointOnRoute version="1" id="VTR:PointOnRoute:1769034" order="2">
                  <RoutePointRef ref="VTR:RoutePoint:1769034"/>
                </PointOnRoute>
                <PointOnRoute version="1" id="VTR:PointOnRoute:1769035" order="3">
                  <RoutePointRef ref="VTR:RoutePoint:1769035"/>
                </PointOnRoute>
                <PointOnRoute version="1" id="VTR:PointOnRoute:1769036" order="4">
                  <RoutePointRef ref="VTR:RoutePoint:1769036"/>
                </PointOnRoute>
                <PointOnRoute version="1" id="VTR:PointOnRoute:1769037" order="5">
                  <RoutePointRef ref="VTR:RoutePoint:1769037"/>
                </PointOnRoute>
                <PointOnRoute version="1" id="VTR:PointOnRoute:1769038" order="6">
                  <RoutePointRef ref="VTR:RoutePoint:1769038"/>
                </PointOnRoute>
              </pointsInSequence>
            </Route>
          </routes>
          <lines>
            <Line version="9461" id="VTR:Line:7304">
              <Name>Skuodas-Mosėdis-Skuodas</Name>
              <TransportMode>bus</TransportMode>
              <TransportSubmode>
                <BusSubmode>regionalBus</BusSubmode>
              </TransportSubmode>
              <PublicCode>4</PublicCode>
              <OperatorRef ref="VTR:Operator:29"/>
            </Line>
          </lines>
          <scheduledStopPoints>
            <ScheduledStopPoint version="1" id="VTR:ScheduledStopPoint:1769033">
              <Name>Skuodas</Name>
            </ScheduledStopPoint>
            <ScheduledStopPoint version="1" id="VTR:ScheduledStopPoint:1769034">
              <Name>Užluobė</Name>
            </ScheduledStopPoint>
            <ScheduledStopPoint version="1" id="VTR:ScheduledStopPoint:1769035">
              <Name>Virbalai</Name>
            </ScheduledStopPoint>
            <ScheduledStopPoint version="1" id="VTR:ScheduledStopPoint:1769036">
              <Name>Tėveliai</Name>
            </ScheduledStopPoint>
            <ScheduledStopPoint version="1" id="VTR:ScheduledStopPoint:1769037">
              <Name>Krakės</Name>
            </ScheduledStopPoint>
            <ScheduledStopPoint version="1" id="VTR:ScheduledStopPoint:1769038">
              <Name>Mosėdis</Name>
            </ScheduledStopPoint>
            <ScheduledStopPoint version="1" id="VTR:ScheduledStopPoint:1769039">
              <Name>Mosėdis</Name>
            </ScheduledStopPoint>
            <ScheduledStopPoint version="1" id="VTR:ScheduledStopPoint:1769040">
              <Name>Krakės</Name>
            </ScheduledStopPoint>
            <ScheduledStopPoint version="1" id="VTR:ScheduledStopPoint:1769041">
              <Name>Tėveliai</Name>
            </ScheduledStopPoint>
            <ScheduledStopPoint version="1" id="VTR:ScheduledStopPoint:1769042">
              <Name>Virbalai</Name>
            </ScheduledStopPoint>
            <ScheduledStopPoint version="1" id="VTR:ScheduledStopPoint:1769043">
              <Name>Užluobė</Name>
            </ScheduledStopPoint>
            <ScheduledStopPoint version="1" id="VTR:ScheduledStopPoint:1769044">
              <Name>Skuodas</Name>
            </ScheduledStopPoint>
          </scheduledStopPoints>
          <serviceLinks>
            <ServiceLink id="VTR:ServiceLink:1769041_1_1769042_1" version="1">
              <Distance>1</Distance>
              <FromPointRef ref="VTR:ScheduledStopPoint:1769041" version="1"/>
              <ToPointRef ref="VTR:ScheduledStopPoint:1769042" version="1"/>
            </ServiceLink>
            <ServiceLink id="VTR:ServiceLink:1769036_1_1769037_1" version="1">
              <Distance>2</Distance>
              <FromPointRef ref="VTR:ScheduledStopPoint:1769036" version="1"/>
              <ToPointRef ref="VTR:ScheduledStopPoint:1769037" version="1"/>
            </ServiceLink>
            <ServiceLink id="VTR:ServiceLink:1769035_1_1769036_1" version="1">
              <Distance>1</Distance>
              <FromPointRef ref="VTR:ScheduledStopPoint:1769035" version="1"/>
              <ToPointRef ref="VTR:ScheduledStopPoint:1769036" version="1"/>
            </ServiceLink>
            <ServiceLink id="VTR:ServiceLink:1769043_1_1769044_1" version="1">
              <Distance>3</Distance>
              <FromPointRef ref="VTR:ScheduledStopPoint:1769043" version="1"/>
              <ToPointRef ref="VTR:ScheduledStopPoint:1769044" version="1"/>
            </ServiceLink>
            <ServiceLink id="VTR:ServiceLink:1769039_1_1769040_1" version="1">
              <Distance>4</Distance>
              <FromPointRef ref="VTR:ScheduledStopPoint:1769039" version="1"/>
              <ToPointRef ref="VTR:ScheduledStopPoint:1769040" version="1"/>
            </ServiceLink>
            <ServiceLink id="VTR:ServiceLink:1769033_1_1769034_1" version="1">
              <Distance>3</Distance>
              <FromPointRef ref="VTR:ScheduledStopPoint:1769033" version="1"/>
              <ToPointRef ref="VTR:ScheduledStopPoint:1769034" version="1"/>
            </ServiceLink>
            <ServiceLink id="VTR:ServiceLink:1769037_1_1769038_1" version="1">
              <Distance>4</Distance>
              <FromPointRef ref="VTR:ScheduledStopPoint:1769037" version="1"/>
              <ToPointRef ref="VTR:ScheduledStopPoint:1769038" version="1"/>
            </ServiceLink>
            <ServiceLink id="VTR:ServiceLink:1769040_1_1769041_1" version="1">
              <Distance>2</Distance>
              <FromPointRef ref="VTR:ScheduledStopPoint:1769040" version="1"/>
              <ToPointRef ref="VTR:ScheduledStopPoint:1769041" version="1"/>
            </ServiceLink>
            <ServiceLink id="VTR:ServiceLink:1769034_1_1769035_1" version="1">
              <Distance>1</Distance>
              <FromPointRef ref="VTR:ScheduledStopPoint:1769034" version="1"/>
              <ToPointRef ref="VTR:ScheduledStopPoint:1769035" version="1"/>
            </ServiceLink>
            <ServiceLink id="VTR:ServiceLink:1769042_1_1769043_1" version="1">
              <Distance>1</Distance>
              <FromPointRef ref="VTR:ScheduledStopPoint:1769042" version="1"/>
              <ToPointRef ref="VTR:ScheduledStopPoint:1769043" version="1"/>
            </ServiceLink>
          </serviceLinks>
          <stopAssignments>
            <PassengerStopAssignment order="2065700000" id="VTR:PassengerStopAssignment:1769033" version="1">
              <ScheduledStopPointRef ref="VTR:ScheduledStopPoint:1769033" version="1"/>
              <QuayRef ref="VTR:Quay:6233"/>
            </PassengerStopAssignment>
            <PassengerStopAssignment order="2065700001" id="VTR:PassengerStopAssignment:1769034" version="1">
              <ScheduledStopPointRef ref="VTR:ScheduledStopPoint:1769034" version="1"/>
              <QuayRef ref="VTR:Quay:12494"/>
            </PassengerStopAssignment>
            <PassengerStopAssignment order="2065700002" id="VTR:PassengerStopAssignment:1769035" version="1">
              <ScheduledStopPointRef ref="VTR:ScheduledStopPoint:1769035" version="1"/>
              <QuayRef ref="VTR:Quay:19761"/>
            </PassengerStopAssignment>
            <PassengerStopAssignment order="2065700003" id="VTR:PassengerStopAssignment:1769036" version="1">
              <ScheduledStopPointRef ref="VTR:ScheduledStopPoint:1769036" version="1"/>
              <QuayRef ref="VTR:Quay:14356"/>
            </PassengerStopAssignment>
            <PassengerStopAssignment order="2065700004" id="VTR:PassengerStopAssignment:1769037" version="1">
              <ScheduledStopPointRef ref="VTR:ScheduledStopPoint:1769037" version="1"/>
              <QuayRef ref="VTR:Quay:5578"/>
            </PassengerStopAssignment>
            <PassengerStopAssignment order="2065700005" id="VTR:PassengerStopAssignment:1769038" version="1">
              <ScheduledStopPointRef ref="VTR:ScheduledStopPoint:1769038" version="1"/>
              <QuayRef ref="VTR:Quay:3583"/>
            </PassengerStopAssignment>
            <PassengerStopAssignment order="2065800000" id="VTR:PassengerStopAssignment:1769039" version="1">
              <ScheduledStopPointRef ref="VTR:ScheduledStopPoint:1769039" version="1"/>
              <QuayRef ref="VTR:Quay:3583"/>
            </PassengerStopAssignment>
            <PassengerStopAssignment order="2065800001" id="VTR:PassengerStopAssignment:1769040" version="1">
              <ScheduledStopPointRef ref="VTR:ScheduledStopPoint:1769040" version="1"/>
              <QuayRef ref="VTR:Quay:5597"/>
            </PassengerStopAssignment>
            <PassengerStopAssignment order="2065800002" id="VTR:PassengerStopAssignment:1769041" version="1">
              <ScheduledStopPointRef ref="VTR:ScheduledStopPoint:1769041" version="1"/>
              <QuayRef ref="VTR:Quay:13436"/>
            </PassengerStopAssignment>
            <PassengerStopAssignment order="2065800003" id="VTR:PassengerStopAssignment:1769042" version="1">
              <ScheduledStopPointRef ref="VTR:ScheduledStopPoint:1769042" version="1"/>
              <QuayRef ref="VTR:Quay:19762"/>
            </PassengerStopAssignment>
            <PassengerStopAssignment order="2065800004" id="VTR:PassengerStopAssignment:1769043" version="1">
              <ScheduledStopPointRef ref="VTR:ScheduledStopPoint:1769043" version="1"/>
              <QuayRef ref="VTR:Quay:14364"/>
            </PassengerStopAssignment>
            <PassengerStopAssignment order="2065800005" id="VTR:PassengerStopAssignment:1769044" version="1">
              <ScheduledStopPointRef ref="VTR:ScheduledStopPoint:1769044" version="1"/>
              <QuayRef ref="VTR:Quay:6233"/>
            </PassengerStopAssignment>
          </stopAssignments>
          <journeyPatterns>
            <JourneyPattern id="VTR:JourneyPattern:3803957" version="3806567">
              <Name>2</Name>
              <RouteRef ref="VTR:Route:20657" version="1"/>
              <pointsInSequence>
                <StopPointInJourneyPattern id="VTR:StopPointInJourneyPattern:130533664" version="3806567" order="1">
                  <ScheduledStopPointRef ref="VTR:ScheduledStopPoint:1769033"/>
                  <DestinationDisplayRef ref="VTR:DestinationDisplay:1"/>
                </StopPointInJourneyPattern>
                <StopPointInJourneyPattern id="VTR:StopPointInJourneyPattern:130533665" version="3806567" order="2">
                  <ScheduledStopPointRef ref="VTR:ScheduledStopPoint:1769034"/>
                  <DestinationDisplayRef ref="VTR:DestinationDisplay:1"/>
                </StopPointInJourneyPattern>
                <StopPointInJourneyPattern id="VTR:StopPointInJourneyPattern:130533666" version="3806567" order="3">
                  <ScheduledStopPointRef ref="VTR:ScheduledStopPoint:1769035"/>
                  <DestinationDisplayRef ref="VTR:DestinationDisplay:1"/>
                </StopPointInJourneyPattern>
                <StopPointInJourneyPattern id="VTR:StopPointInJourneyPattern:130533667" version="3806567" order="4">
                  <ScheduledStopPointRef ref="VTR:ScheduledStopPoint:1769036"/>
                  <DestinationDisplayRef ref="VTR:DestinationDisplay:1"/>
                </StopPointInJourneyPattern>
                <StopPointInJourneyPattern id="VTR:StopPointInJourneyPattern:130533668" version="3806567" order="5">
                  <ScheduledStopPointRef ref="VTR:ScheduledStopPoint:1769037"/>
                  <DestinationDisplayRef ref="VTR:DestinationDisplay:1"/>
                </StopPointInJourneyPattern>
                <StopPointInJourneyPattern id="VTR:StopPointInJourneyPattern:130533669" version="3806567" order="6">
                  <ScheduledStopPointRef ref="VTR:ScheduledStopPoint:1769038"/>
                  <DestinationDisplayRef ref="VTR:DestinationDisplay:1"/>
                </StopPointInJourneyPattern>
              </pointsInSequence>
            </JourneyPattern>
            <JourneyPattern id="VTR:JourneyPattern:3803963" version="3806573">
              <Name>2.1</Name>
              <RouteRef ref="VTR:Route:20658" version="1"/>
              <pointsInSequence>
                <StopPointInJourneyPattern id="VTR:StopPointInJourneyPattern:130533700" version="3806573" order="1">
                  <ScheduledStopPointRef ref="VTR:ScheduledStopPoint:1769039"/>
                  <DestinationDisplayRef ref="VTR:DestinationDisplay:1"/>
                </StopPointInJourneyPattern>
                <StopPointInJourneyPattern id="VTR:StopPointInJourneyPattern:130533701" version="3806573" order="2">
                  <ScheduledStopPointRef ref="VTR:ScheduledStopPoint:1769040"/>
                  <DestinationDisplayRef ref="VTR:DestinationDisplay:1"/>
                </StopPointInJourneyPattern>
                <StopPointInJourneyPattern id="VTR:StopPointInJourneyPattern:130533702" version="3806573" order="3">
                  <ScheduledStopPointRef ref="VTR:ScheduledStopPoint:1769041"/>
                  <DestinationDisplayRef ref="VTR:DestinationDisplay:1"/>
                </StopPointInJourneyPattern>
                <StopPointInJourneyPattern id="VTR:StopPointInJourneyPattern:130533703" version="3806573" order="4">
                  <ScheduledStopPointRef ref="VTR:ScheduledStopPoint:1769042"/>
                  <DestinationDisplayRef ref="VTR:DestinationDisplay:1"/>
                </StopPointInJourneyPattern>
                <StopPointInJourneyPattern id="VTR:StopPointInJourneyPattern:130533704" version="3806573" order="5">
                  <ScheduledStopPointRef ref="VTR:ScheduledStopPoint:1769043"/>
                  <DestinationDisplayRef ref="VTR:DestinationDisplay:1"/>
                </StopPointInJourneyPattern>
                <StopPointInJourneyPattern id="VTR:StopPointInJourneyPattern:130533705" version="3806573" order="6">
                  <ScheduledStopPointRef ref="VTR:ScheduledStopPoint:1769044"/>
                  <DestinationDisplayRef ref="VTR:DestinationDisplay:1"/>
                </StopPointInJourneyPattern>
              </pointsInSequence>
            </JourneyPattern>
            <JourneyPattern id="VTR:JourneyPattern:3803958" version="3806568">
              <Name>1</Name>
              <RouteRef ref="VTR:Route:20657" version="1"/>
              <pointsInSequence>
                <StopPointInJourneyPattern id="VTR:StopPointInJourneyPattern:130533670" version="3806568" order="1">
                  <ScheduledStopPointRef ref="VTR:ScheduledStopPoint:1769033"/>
                  <DestinationDisplayRef ref="VTR:DestinationDisplay:1"/>
                </StopPointInJourneyPattern>
                <StopPointInJourneyPattern id="VTR:StopPointInJourneyPattern:130533671" version="3806568" order="2">
                  <ScheduledStopPointRef ref="VTR:ScheduledStopPoint:1769034"/>
                  <DestinationDisplayRef ref="VTR:DestinationDisplay:1"/>
                </StopPointInJourneyPattern>
                <StopPointInJourneyPattern id="VTR:StopPointInJourneyPattern:130533672" version="3806568" order="3">
                  <ScheduledStopPointRef ref="VTR:ScheduledStopPoint:1769035"/>
                  <DestinationDisplayRef ref="VTR:DestinationDisplay:1"/>
                </StopPointInJourneyPattern>
                <StopPointInJourneyPattern id="VTR:StopPointInJourneyPattern:130533673" version="3806568" order="4">
                  <ScheduledStopPointRef ref="VTR:ScheduledStopPoint:1769036"/>
                  <DestinationDisplayRef ref="VTR:DestinationDisplay:1"/>
                </StopPointInJourneyPattern>
                <StopPointInJourneyPattern id="VTR:StopPointInJourneyPattern:130533674" version="3806568" order="5">
                  <ScheduledStopPointRef ref="VTR:ScheduledStopPoint:1769037"/>
                  <DestinationDisplayRef ref="VTR:DestinationDisplay:1"/>
                </StopPointInJourneyPattern>
                <StopPointInJourneyPattern id="VTR:StopPointInJourneyPattern:130533675" version="3806568" order="6">
                  <ScheduledStopPointRef ref="VTR:ScheduledStopPoint:1769038"/>
                  <DestinationDisplayRef ref="VTR:DestinationDisplay:1"/>
                </StopPointInJourneyPattern>
              </pointsInSequence>
            </JourneyPattern>
            <JourneyPattern id="VTR:JourneyPattern:3803963" version="3806608">
              <Name>2</Name>
              <RouteRef ref="VTR:Route:20658" version="1"/>
              <pointsInSequence>
                <StopPointInJourneyPattern id="VTR:StopPointInJourneyPattern:130534112" version="3806608" order="1">
                  <ScheduledStopPointRef ref="VTR:ScheduledStopPoint:1769039"/>
                  <DestinationDisplayRef ref="VTR:DestinationDisplay:1"/>
                </StopPointInJourneyPattern>
                <StopPointInJourneyPattern id="VTR:StopPointInJourneyPattern:130534113" version="3806608" order="2">
                  <ScheduledStopPointRef ref="VTR:ScheduledStopPoint:1769040"/>
                  <DestinationDisplayRef ref="VTR:DestinationDisplay:1"/>
                </StopPointInJourneyPattern>
                <StopPointInJourneyPattern id="VTR:StopPointInJourneyPattern:130534114" version="3806608" order="3">
                  <ScheduledStopPointRef ref="VTR:ScheduledStopPoint:1769041"/>
                  <DestinationDisplayRef ref="VTR:DestinationDisplay:1"/>
                </StopPointInJourneyPattern>
                <StopPointInJourneyPattern id="VTR:StopPointInJourneyPattern:130534115" version="3806608" order="4">
                  <ScheduledStopPointRef ref="VTR:ScheduledStopPoint:1769042"/>
                  <DestinationDisplayRef ref="VTR:DestinationDisplay:1"/>
                </StopPointInJourneyPattern>
                <StopPointInJourneyPattern id="VTR:StopPointInJourneyPattern:130534116" version="3806608" order="5">
                  <ScheduledStopPointRef ref="VTR:ScheduledStopPoint:1769043"/>
                  <DestinationDisplayRef ref="VTR:DestinationDisplay:1"/>
                </StopPointInJourneyPattern>
                <StopPointInJourneyPattern id="VTR:StopPointInJourneyPattern:130534117" version="3806608" order="6">
                  <ScheduledStopPointRef ref="VTR:ScheduledStopPoint:1769044"/>
                  <DestinationDisplayRef ref="VTR:DestinationDisplay:1"/>
                </StopPointInJourneyPattern>
              </pointsInSequence>
            </JourneyPattern>
            <JourneyPattern id="VTR:JourneyPattern:3803960" version="3806607">
              <Name>1</Name>
              <RouteRef ref="VTR:Route:20658" version="1"/>
              <pointsInSequence>
                <StopPointInJourneyPattern id="VTR:StopPointInJourneyPattern:130534106" version="3806607" order="1">
                  <ScheduledStopPointRef ref="VTR:ScheduledStopPoint:1769039"/>
                  <DestinationDisplayRef ref="VTR:DestinationDisplay:1"/>
                </StopPointInJourneyPattern>
                <StopPointInJourneyPattern id="VTR:StopPointInJourneyPattern:130534107" version="3806607" order="2">
                  <ScheduledStopPointRef ref="VTR:ScheduledStopPoint:1769040"/>
                  <DestinationDisplayRef ref="VTR:DestinationDisplay:1"/>
                </StopPointInJourneyPattern>
                <StopPointInJourneyPattern id="VTR:StopPointInJourneyPattern:130534108" version="3806607" order="3">
                  <ScheduledStopPointRef ref="VTR:ScheduledStopPoint:1769041"/>
                  <DestinationDisplayRef ref="VTR:DestinationDisplay:1"/>
                </StopPointInJourneyPattern>
                <StopPointInJourneyPattern id="VTR:StopPointInJourneyPattern:130534109" version="3806607" order="4">
                  <ScheduledStopPointRef ref="VTR:ScheduledStopPoint:1769042"/>
                  <DestinationDisplayRef ref="VTR:DestinationDisplay:1"/>
                </StopPointInJourneyPattern>
                <StopPointInJourneyPattern id="VTR:StopPointInJourneyPattern:130534110" version="3806607" order="5">
                  <ScheduledStopPointRef ref="VTR:ScheduledStopPoint:1769043"/>
                  <DestinationDisplayRef ref="VTR:DestinationDisplay:1"/>
                </StopPointInJourneyPattern>
                <StopPointInJourneyPattern id="VTR:StopPointInJourneyPattern:130534111" version="3806607" order="6">
                  <ScheduledStopPointRef ref="VTR:ScheduledStopPoint:1769044"/>
                  <DestinationDisplayRef ref="VTR:DestinationDisplay:1"/>
                </StopPointInJourneyPattern>
              </pointsInSequence>
            </JourneyPattern>
            <JourneyPattern id="VTR:JourneyPattern:3803960" version="3806570">
              <Name>1.1</Name>
              <RouteRef ref="VTR:Route:20658" version="1"/>
              <pointsInSequence>
                <StopPointInJourneyPattern id="VTR:StopPointInJourneyPattern:130533682" version="3806570" order="1">
                  <ScheduledStopPointRef ref="VTR:ScheduledStopPoint:1769039"/>
                  <DestinationDisplayRef ref="VTR:DestinationDisplay:1"/>
                </StopPointInJourneyPattern>
                <StopPointInJourneyPattern id="VTR:StopPointInJourneyPattern:130533683" version="3806570" order="2">
                  <ScheduledStopPointRef ref="VTR:ScheduledStopPoint:1769040"/>
                  <DestinationDisplayRef ref="VTR:DestinationDisplay:1"/>
                </StopPointInJourneyPattern>
                <StopPointInJourneyPattern id="VTR:StopPointInJourneyPattern:130533684" version="3806570" order="3">
                  <ScheduledStopPointRef ref="VTR:ScheduledStopPoint:1769041"/>
                  <DestinationDisplayRef ref="VTR:DestinationDisplay:1"/>
                </StopPointInJourneyPattern>
                <StopPointInJourneyPattern id="VTR:StopPointInJourneyPattern:130533685" version="3806570" order="4">
                  <ScheduledStopPointRef ref="VTR:ScheduledStopPoint:1769042"/>
                  <DestinationDisplayRef ref="VTR:DestinationDisplay:1"/>
                </StopPointInJourneyPattern>
                <StopPointInJourneyPattern id="VTR:StopPointInJourneyPattern:130533686" version="3806570" order="5">
                  <ScheduledStopPointRef ref="VTR:ScheduledStopPoint:1769043"/>
                  <DestinationDisplayRef ref="VTR:DestinationDisplay:1"/>
                </StopPointInJourneyPattern>
                <StopPointInJourneyPattern id="VTR:StopPointInJourneyPattern:130533687" version="3806570" order="6">
                  <ScheduledStopPointRef ref="VTR:ScheduledStopPoint:1769044"/>
                  <DestinationDisplayRef ref="VTR:DestinationDisplay:1"/>
                </StopPointInJourneyPattern>
              </pointsInSequence>
            </JourneyPattern>
          </journeyPatterns>
        </ServiceFrame>
        <TimetableFrame version="1" id="VTR:TimetableFrame:1398">
          <vehicleJourneys>
            <ServiceJourney version="3806573" id="VTR:ServiceJourney:3803963">
              <Name>Mosėdis-Skuodas (per Tėvelius)</Name>
              <PrivateCode>2.1</PrivateCode>
              <dayTypes>
                <DayTypeRef ref="VTR:DayType:439"/>
              </dayTypes>
              <JourneyPatternRef version="3806573" ref="VTR:JourneyPattern:3803963"/>
              <OperatorRef ref="VTR:Operator:513"/>
              <LineRef ref="VTR:Line:7304" version="9461"/>
              <passingTimes>
                <TimetabledPassingTime version="3806573" id="VTR:TimetabledPassingTime:3803963_130534112_1">
                  <StopPointInJourneyPatternRef ref="VTR:StopPointInJourneyPattern:130534112" version="3806573"/>
                  <DepartureTime>15:15:00</DepartureTime>
                  <DepartureDayOffset>0</DepartureDayOffset>
                </TimetabledPassingTime>
                <TimetabledPassingTime version="3806573" id="VTR:TimetabledPassingTime:3803963_130533700_1">
                  <StopPointInJourneyPatternRef ref="VTR:StopPointInJourneyPattern:130533700" version="3806573"/>
                  <DepartureTime>15:15:00</DepartureTime>
                  <DepartureDayOffset>0</DepartureDayOffset>
                </TimetabledPassingTime>
                <TimetabledPassingTime version="3806573" id="VTR:TimetabledPassingTime:3803963_130534113_2">
                  <StopPointInJourneyPatternRef ref="VTR:StopPointInJourneyPattern:130534113" version="3806573"/>
                  <DepartureTime>15:21:00</DepartureTime>
                  <DepartureDayOffset>0</DepartureDayOffset>
                </TimetabledPassingTime>
                <TimetabledPassingTime version="3806573" id="VTR:TimetabledPassingTime:3803963_130533701_2">
                  <StopPointInJourneyPatternRef ref="VTR:StopPointInJourneyPattern:130533701" version="3806573"/>
                  <DepartureTime>15:21:00</DepartureTime>
                  <DepartureDayOffset>0</DepartureDayOffset>
                </TimetabledPassingTime>
                <TimetabledPassingTime version="3806573" id="VTR:TimetabledPassingTime:3803963_130533702_3">
                  <StopPointInJourneyPatternRef ref="VTR:StopPointInJourneyPattern:130533702" version="3806573"/>
                  <DepartureTime>15:26:00</DepartureTime>
                  <DepartureDayOffset>0</DepartureDayOffset>
                </TimetabledPassingTime>
                <TimetabledPassingTime version="3806573" id="VTR:TimetabledPassingTime:3803963_130534114_3">
                  <StopPointInJourneyPatternRef ref="VTR:StopPointInJourneyPattern:130534114" version="3806573"/>
                  <DepartureTime>15:26:00</DepartureTime>
                  <DepartureDayOffset>0</DepartureDayOffset>
                </TimetabledPassingTime>
                <TimetabledPassingTime version="3806573" id="VTR:TimetabledPassingTime:3803963_130534115_4">
                  <StopPointInJourneyPatternRef ref="VTR:StopPointInJourneyPattern:130534115" version="3806573"/>
                  <DepartureTime>15:29:00</DepartureTime>
                  <DepartureDayOffset>0</DepartureDayOffset>
                </TimetabledPassingTime>
                <TimetabledPassingTime version="3806573" id="VTR:TimetabledPassingTime:3803963_130533703_4">
                  <StopPointInJourneyPatternRef ref="VTR:StopPointInJourneyPattern:130533703" version="3806573"/>
                  <DepartureTime>15:29:00</DepartureTime>
                  <DepartureDayOffset>0</DepartureDayOffset>
                </TimetabledPassingTime>
                <TimetabledPassingTime version="3806573" id="VTR:TimetabledPassingTime:3803963_130533704_5">
                  <StopPointInJourneyPatternRef ref="VTR:StopPointInJourneyPattern:130533704" version="3806573"/>
                  <DepartureTime>15:33:00</DepartureTime>
                  <DepartureDayOffset>0</DepartureDayOffset>
                </TimetabledPassingTime>
                <TimetabledPassingTime version="3806573" id="VTR:TimetabledPassingTime:3803963_130534116_5">
                  <StopPointInJourneyPatternRef ref="VTR:StopPointInJourneyPattern:130534116" version="3806573"/>
                  <DepartureTime>15:33:00</DepartureTime>
                  <DepartureDayOffset>0</DepartureDayOffset>
                </TimetabledPassingTime>
                <TimetabledPassingTime version="3806573" id="VTR:TimetabledPassingTime:3803963_130534117_6">
                  <StopPointInJourneyPatternRef ref="VTR:StopPointInJourneyPattern:130534117" version="3806573"/>
                  <DepartureTime>15:40:00</DepartureTime>
                  <DepartureDayOffset>0</DepartureDayOffset>
                </TimetabledPassingTime>
                <TimetabledPassingTime version="3806573" id="VTR:TimetabledPassingTime:3803963_130533705_6">
                  <StopPointInJourneyPatternRef ref="VTR:StopPointInJourneyPattern:130533705" version="3806573"/>
                  <DepartureTime>15:40:00</DepartureTime>
                  <DepartureDayOffset>0</DepartureDayOffset>
                </TimetabledPassingTime>
              </passingTimes>
            </ServiceJourney>
            <ServiceJourney version="3806568" id="VTR:ServiceJourney:3803958">
              <Name>Skuodas-Mosėdis (per Tėvelius)</Name>
              <PrivateCode>1</PrivateCode>
              <dayTypes>
                <DayTypeRef ref="VTR:DayType:439"/>
              </dayTypes>
              <JourneyPatternRef version="3806568" ref="VTR:JourneyPattern:3803958"/>
              <OperatorRef ref="VTR:Operator:513"/>
              <LineRef ref="VTR:Line:7304" version="9461"/>
              <passingTimes>
                <TimetabledPassingTime version="3806568" id="VTR:TimetabledPassingTime:3803958_130533670_1">
                  <StopPointInJourneyPatternRef ref="VTR:StopPointInJourneyPattern:130533670" version="3806568"/>
                  <DepartureTime>06:50:00</DepartureTime>
                  <DepartureDayOffset>0</DepartureDayOffset>
                </TimetabledPassingTime>
                <TimetabledPassingTime version="3806568" id="VTR:TimetabledPassingTime:3803958_130533671_2">
                  <StopPointInJourneyPatternRef ref="VTR:StopPointInJourneyPattern:130533671" version="3806568"/>
                  <DepartureTime>06:57:00</DepartureTime>
                  <DepartureDayOffset>0</DepartureDayOffset>
                </TimetabledPassingTime>
                <TimetabledPassingTime version="3806568" id="VTR:TimetabledPassingTime:3803958_130533672_3">
                  <StopPointInJourneyPatternRef ref="VTR:StopPointInJourneyPattern:130533672" version="3806568"/>
                  <DepartureTime>07:01:00</DepartureTime>
                  <DepartureDayOffset>0</DepartureDayOffset>
                </TimetabledPassingTime>
                <TimetabledPassingTime version="3806568" id="VTR:TimetabledPassingTime:3803958_130533673_4">
                  <StopPointInJourneyPatternRef ref="VTR:StopPointInJourneyPattern:130533673" version="3806568"/>
                  <DepartureTime>07:04:00</DepartureTime>
                  <DepartureDayOffset>0</DepartureDayOffset>
                </TimetabledPassingTime>
                <TimetabledPassingTime version="3806568" id="VTR:TimetabledPassingTime:3803958_130533674_5">
                  <StopPointInJourneyPatternRef ref="VTR:StopPointInJourneyPattern:130533674" version="3806568"/>
                  <DepartureTime>07:09:00</DepartureTime>
                  <DepartureDayOffset>0</DepartureDayOffset>
                </TimetabledPassingTime>
                <TimetabledPassingTime version="3806568" id="VTR:TimetabledPassingTime:3803958_130533675_6">
                  <StopPointInJourneyPatternRef ref="VTR:StopPointInJourneyPattern:130533675" version="3806568"/>
                  <DepartureTime>07:15:00</DepartureTime>
                  <DepartureDayOffset>0</DepartureDayOffset>
                </TimetabledPassingTime>
              </passingTimes>
            </ServiceJourney>
            <ServiceJourney version="3806567" id="VTR:ServiceJourney:3803957">
              <Name>Skuodas-Mosėdis (per Tėvelius)</Name>
              <PrivateCode>2</PrivateCode>
              <dayTypes>
                <DayTypeRef ref="VTR:DayType:439"/>
              </dayTypes>
              <JourneyPatternRef version="3806567" ref="VTR:JourneyPattern:3803957"/>
              <OperatorRef ref="VTR:Operator:513"/>
              <LineRef ref="VTR:Line:7304" version="9461"/>
              <passingTimes>
                <TimetabledPassingTime version="3806567" id="VTR:TimetabledPassingTime:3803957_130533664_1">
                  <StopPointInJourneyPatternRef ref="VTR:StopPointInJourneyPattern:130533664" version="3806567"/>
                  <DepartureTime>14:50:00</DepartureTime>
                  <DepartureDayOffset>0</DepartureDayOffset>
                </TimetabledPassingTime>
                <TimetabledPassingTime version="3806567" id="VTR:TimetabledPassingTime:3803957_130533665_2">
                  <StopPointInJourneyPatternRef ref="VTR:StopPointInJourneyPattern:130533665" version="3806567"/>
                  <DepartureTime>14:57:00</DepartureTime>
                  <DepartureDayOffset>0</DepartureDayOffset>
                </TimetabledPassingTime>
                <TimetabledPassingTime version="3806567" id="VTR:TimetabledPassingTime:3803957_130533666_3">
                  <StopPointInJourneyPatternRef ref="VTR:StopPointInJourneyPattern:130533666" version="3806567"/>
                  <DepartureTime>15:01:00</DepartureTime>
                  <DepartureDayOffset>0</DepartureDayOffset>
                </TimetabledPassingTime>
                <TimetabledPassingTime version="3806567" id="VTR:TimetabledPassingTime:3803957_130533667_4">
                  <StopPointInJourneyPatternRef ref="VTR:StopPointInJourneyPattern:130533667" version="3806567"/>
                  <DepartureTime>15:04:00</DepartureTime>
                  <DepartureDayOffset>0</DepartureDayOffset>
                </TimetabledPassingTime>
                <TimetabledPassingTime version="3806567" id="VTR:TimetabledPassingTime:3803957_130533668_5">
                  <StopPointInJourneyPatternRef ref="VTR:StopPointInJourneyPattern:130533668" version="3806567"/>
                  <DepartureTime>15:09:00</DepartureTime>
                  <DepartureDayOffset>0</DepartureDayOffset>
                </TimetabledPassingTime>
                <TimetabledPassingTime version="3806567" id="VTR:TimetabledPassingTime:3803957_130533669_6">
                  <StopPointInJourneyPatternRef ref="VTR:StopPointInJourneyPattern:130533669" version="3806567"/>
                  <DepartureTime>15:15:00</DepartureTime>
                  <DepartureDayOffset>0</DepartureDayOffset>
                </TimetabledPassingTime>
              </passingTimes>
            </ServiceJourney>
            <ServiceJourney version="3806608" id="VTR:ServiceJourney:3803963">
              <Name>Mosėdis-Skuodas (per Tėvelius)</Name>
              <PrivateCode>2</PrivateCode>
              <dayTypes>
                <DayTypeRef ref="VTR:DayType:439"/>
              </dayTypes>
              <JourneyPatternRef version="3806608" ref="VTR:JourneyPattern:3803963"/>
              <OperatorRef ref="VTR:Operator:513"/>
              <LineRef ref="VTR:Line:7304" version="9461"/>
              <passingTimes>
                <TimetabledPassingTime version="3806608" id="VTR:TimetabledPassingTime:3803963_130533700_1">
                  <StopPointInJourneyPatternRef ref="VTR:StopPointInJourneyPattern:130533700" version="3806608"/>
                  <DepartureTime>15:15:00</DepartureTime>
                  <DepartureDayOffset>0</DepartureDayOffset>
                </TimetabledPassingTime>
                <TimetabledPassingTime version="3806608" id="VTR:TimetabledPassingTime:3803963_130534112_1">
                  <StopPointInJourneyPatternRef ref="VTR:StopPointInJourneyPattern:130534112" version="3806608"/>
                  <DepartureTime>15:15:00</DepartureTime>
                  <DepartureDayOffset>0</DepartureDayOffset>
                </TimetabledPassingTime>
                <TimetabledPassingTime version="3806608" id="VTR:TimetabledPassingTime:3803963_130534113_2">
                  <StopPointInJourneyPatternRef ref="VTR:StopPointInJourneyPattern:130534113" version="3806608"/>
                  <DepartureTime>15:21:00</DepartureTime>
                  <DepartureDayOffset>0</DepartureDayOffset>
                </TimetabledPassingTime>
                <TimetabledPassingTime version="3806608" id="VTR:TimetabledPassingTime:3803963_130533701_2">
                  <StopPointInJourneyPatternRef ref="VTR:StopPointInJourneyPattern:130533701" version="3806608"/>
                  <DepartureTime>15:21:00</DepartureTime>
                  <DepartureDayOffset>0</DepartureDayOffset>
                </TimetabledPassingTime>
                <TimetabledPassingTime version="3806608" id="VTR:TimetabledPassingTime:3803963_130534114_3">
                  <StopPointInJourneyPatternRef ref="VTR:StopPointInJourneyPattern:130534114" version="3806608"/>
                  <DepartureTime>15:26:00</DepartureTime>
                  <DepartureDayOffset>0</DepartureDayOffset>
                </TimetabledPassingTime>
                <TimetabledPassingTime version="3806608" id="VTR:TimetabledPassingTime:3803963_130533702_3">
                  <StopPointInJourneyPatternRef ref="VTR:StopPointInJourneyPattern:130533702" version="3806608"/>
                  <DepartureTime>15:26:00</DepartureTime>
                  <DepartureDayOffset>0</DepartureDayOffset>
                </TimetabledPassingTime>
                <TimetabledPassingTime version="3806608" id="VTR:TimetabledPassingTime:3803963_130533703_4">
                  <StopPointInJourneyPatternRef ref="VTR:StopPointInJourneyPattern:130533703" version="3806608"/>
                  <DepartureTime>15:29:00</DepartureTime>
                  <DepartureDayOffset>0</DepartureDayOffset>
                </TimetabledPassingTime>
                <TimetabledPassingTime version="3806608" id="VTR:TimetabledPassingTime:3803963_130534115_4">
                  <StopPointInJourneyPatternRef ref="VTR:StopPointInJourneyPattern:130534115" version="3806608"/>
                  <DepartureTime>15:29:00</DepartureTime>
                  <DepartureDayOffset>0</DepartureDayOffset>
                </TimetabledPassingTime>
                <TimetabledPassingTime version="3806608" id="VTR:TimetabledPassingTime:3803963_130534116_5">
                  <StopPointInJourneyPatternRef ref="VTR:StopPointInJourneyPattern:130534116" version="3806608"/>
                  <DepartureTime>15:33:00</DepartureTime>
                  <DepartureDayOffset>0</DepartureDayOffset>
                </TimetabledPassingTime>
                <TimetabledPassingTime version="3806608" id="VTR:TimetabledPassingTime:3803963_130533704_5">
                  <StopPointInJourneyPatternRef ref="VTR:StopPointInJourneyPattern:130533704" version="3806608"/>
                  <DepartureTime>15:33:00</DepartureTime>
                  <DepartureDayOffset>0</DepartureDayOffset>
                </TimetabledPassingTime>
                <TimetabledPassingTime version="3806608" id="VTR:TimetabledPassingTime:3803963_130534117_6">
                  <StopPointInJourneyPatternRef ref="VTR:StopPointInJourneyPattern:130534117" version="3806608"/>
                  <DepartureTime>15:40:00</DepartureTime>
                  <DepartureDayOffset>0</DepartureDayOffset>
                </TimetabledPassingTime>
                <TimetabledPassingTime version="3806608" id="VTR:TimetabledPassingTime:3803963_130533705_6">
                  <StopPointInJourneyPatternRef ref="VTR:StopPointInJourneyPattern:130533705" version="3806608"/>
                  <DepartureTime>15:40:00</DepartureTime>
                  <DepartureDayOffset>0</DepartureDayOffset>
                </TimetabledPassingTime>
              </passingTimes>
            </ServiceJourney>
            <ServiceJourney version="3806607" id="VTR:ServiceJourney:3803960">
              <Name>Mosėdis-Skuodas (per Tėvelius)</Name>
              <PrivateCode>1</PrivateCode>
              <dayTypes>
                <DayTypeRef ref="VTR:DayType:254"/>
              </dayTypes>
              <JourneyPatternRef version="3806607" ref="VTR:JourneyPattern:3803960"/>
              <OperatorRef ref="VTR:Operator:513"/>
              <LineRef ref="VTR:Line:7304" version="9461"/>
              <passingTimes>
                <TimetabledPassingTime version="3806607" id="VTR:TimetabledPassingTime:3803960_130533682_1">
                  <StopPointInJourneyPatternRef ref="VTR:StopPointInJourneyPattern:130533682" version="3806607"/>
                  <DepartureTime>07:16:00</DepartureTime>
                  <DepartureDayOffset>0</DepartureDayOffset>
                </TimetabledPassingTime>
                <TimetabledPassingTime version="3806607" id="VTR:TimetabledPassingTime:3803960_130534106_1">
                  <StopPointInJourneyPatternRef ref="VTR:StopPointInJourneyPattern:130534106" version="3806607"/>
                  <DepartureTime>07:16:00</DepartureTime>
                  <DepartureDayOffset>0</DepartureDayOffset>
                </TimetabledPassingTime>
                <TimetabledPassingTime version="3806607" id="VTR:TimetabledPassingTime:3803960_130533683_2">
                  <StopPointInJourneyPatternRef ref="VTR:StopPointInJourneyPattern:130533683" version="3806607"/>
                  <DepartureTime>07:21:00</DepartureTime>
                  <DepartureDayOffset>0</DepartureDayOffset>
                </TimetabledPassingTime>
                <TimetabledPassingTime version="3806607" id="VTR:TimetabledPassingTime:3803960_130534107_2">
                  <StopPointInJourneyPatternRef ref="VTR:StopPointInJourneyPattern:130534107" version="3806607"/>
                  <DepartureTime>07:21:00</DepartureTime>
                  <DepartureDayOffset>0</DepartureDayOffset>
                </TimetabledPassingTime>
                <TimetabledPassingTime version="3806607" id="VTR:TimetabledPassingTime:3803960_130534108_3">
                  <StopPointInJourneyPatternRef ref="VTR:StopPointInJourneyPattern:130534108" version="3806607"/>
                  <DepartureTime>07:26:00</DepartureTime>
                  <DepartureDayOffset>0</DepartureDayOffset>
                </TimetabledPassingTime>
                <TimetabledPassingTime version="3806607" id="VTR:TimetabledPassingTime:3803960_130533684_3">
                  <StopPointInJourneyPatternRef ref="VTR:StopPointInJourneyPattern:130533684" version="3806607"/>
                  <DepartureTime>07:26:00</DepartureTime>
                  <DepartureDayOffset>0</DepartureDayOffset>
                </TimetabledPassingTime>
                <TimetabledPassingTime version="3806607" id="VTR:TimetabledPassingTime:3803960_130534109_4">
                  <StopPointInJourneyPatternRef ref="VTR:StopPointInJourneyPattern:130534109" version="3806607"/>
                  <DepartureTime>07:29:00</DepartureTime>
                  <DepartureDayOffset>0</DepartureDayOffset>
                </TimetabledPassingTime>
                <TimetabledPassingTime version="3806607" id="VTR:TimetabledPassingTime:3803960_130533685_4">
                  <StopPointInJourneyPatternRef ref="VTR:StopPointInJourneyPattern:130533685" version="3806607"/>
                  <DepartureTime>07:29:00</DepartureTime>
                  <DepartureDayOffset>0</DepartureDayOffset>
                </TimetabledPassingTime>
                <TimetabledPassingTime version="3806607" id="VTR:TimetabledPassingTime:3803960_130533686_5">
                  <StopPointInJourneyPatternRef ref="VTR:StopPointInJourneyPattern:130533686" version="3806607"/>
                  <DepartureTime>07:33:00</DepartureTime>
                  <DepartureDayOffset>0</DepartureDayOffset>
                </TimetabledPassingTime>
                <TimetabledPassingTime version="3806607" id="VTR:TimetabledPassingTime:3803960_130534110_5">
                  <StopPointInJourneyPatternRef ref="VTR:StopPointInJourneyPattern:130534110" version="3806607"/>
                  <DepartureTime>07:33:00</DepartureTime>
                  <DepartureDayOffset>0</DepartureDayOffset>
                </TimetabledPassingTime>
                <TimetabledPassingTime version="3806607" id="VTR:TimetabledPassingTime:3803960_130534111_6">
                  <StopPointInJourneyPatternRef ref="VTR:StopPointInJourneyPattern:130534111" version="3806607"/>
                  <DepartureTime>07:40:00</DepartureTime>
                  <DepartureDayOffset>0</DepartureDayOffset>
                </TimetabledPassingTime>
                <TimetabledPassingTime version="3806607" id="VTR:TimetabledPassingTime:3803960_130533687_6">
                  <StopPointInJourneyPatternRef ref="VTR:StopPointInJourneyPattern:130533687" version="3806607"/>
                  <DepartureTime>07:40:00</DepartureTime>
                  <DepartureDayOffset>0</DepartureDayOffset>
                </TimetabledPassingTime>
              </passingTimes>
            </ServiceJourney>
            <ServiceJourney version="3806570" id="VTR:ServiceJourney:3803960">
              <Name>Mosėdis-Skuodas (per Tėvelius)</Name>
              <PrivateCode>1.1</PrivateCode>
              <dayTypes>
                <DayTypeRef ref="VTR:DayType:254"/>
              </dayTypes>
              <JourneyPatternRef version="3806570" ref="VTR:JourneyPattern:3803960"/>
              <OperatorRef ref="VTR:Operator:513"/>
              <LineRef ref="VTR:Line:7304" version="9461"/>
              <passingTimes>
                <TimetabledPassingTime version="3806570" id="VTR:TimetabledPassingTime:3803960_130533682_1">
                  <StopPointInJourneyPatternRef ref="VTR:StopPointInJourneyPattern:130533682" version="3806570"/>
                  <DepartureTime>07:16:00</DepartureTime>
                  <DepartureDayOffset>0</DepartureDayOffset>
                </TimetabledPassingTime>
                <TimetabledPassingTime version="3806570" id="VTR:TimetabledPassingTime:3803960_130534106_1">
                  <StopPointInJourneyPatternRef ref="VTR:StopPointInJourneyPattern:130534106" version="3806570"/>
                  <DepartureTime>07:16:00</DepartureTime>
                  <DepartureDayOffset>0</DepartureDayOffset>
                </TimetabledPassingTime>
                <TimetabledPassingTime version="3806570" id="VTR:TimetabledPassingTime:3803960_130533683_2">
                  <StopPointInJourneyPatternRef ref="VTR:StopPointInJourneyPattern:130533683" version="3806570"/>
                  <DepartureTime>07:21:00</DepartureTime>
                  <DepartureDayOffset>0</DepartureDayOffset>
                </TimetabledPassingTime>
                <TimetabledPassingTime version="3806570" id="VTR:TimetabledPassingTime:3803960_130534107_2">
                  <StopPointInJourneyPatternRef ref="VTR:StopPointInJourneyPattern:130534107" version="3806570"/>
                  <DepartureTime>07:21:00</DepartureTime>
                  <DepartureDayOffset>0</DepartureDayOffset>
                </TimetabledPassingTime>
                <TimetabledPassingTime version="3806570" id="VTR:TimetabledPassingTime:3803960_130533684_3">
                  <StopPointInJourneyPatternRef ref="VTR:StopPointInJourneyPattern:130533684" version="3806570"/>
                  <DepartureTime>07:26:00</DepartureTime>
                  <DepartureDayOffset>0</DepartureDayOffset>
                </TimetabledPassingTime>
                <TimetabledPassingTime version="3806570" id="VTR:TimetabledPassingTime:3803960_130534108_3">
                  <StopPointInJourneyPatternRef ref="VTR:StopPointInJourneyPattern:130534108" version="3806570"/>
                  <DepartureTime>07:26:00</DepartureTime>
                  <DepartureDayOffset>0</DepartureDayOffset>
                </TimetabledPassingTime>
                <TimetabledPassingTime version="3806570" id="VTR:TimetabledPassingTime:3803960_130533685_4">
                  <StopPointInJourneyPatternRef ref="VTR:StopPointInJourneyPattern:130533685" version="3806570"/>
                  <DepartureTime>07:29:00</DepartureTime>
                  <DepartureDayOffset>0</DepartureDayOffset>
                </TimetabledPassingTime>
                <TimetabledPassingTime version="3806570" id="VTR:TimetabledPassingTime:3803960_130534109_4">
                  <StopPointInJourneyPatternRef ref="VTR:StopPointInJourneyPattern:130534109" version="3806570"/>
                  <DepartureTime>07:29:00</DepartureTime>
                  <DepartureDayOffset>0</DepartureDayOffset>
                </TimetabledPassingTime>
                <TimetabledPassingTime version="3806570" id="VTR:TimetabledPassingTime:3803960_130534110_5">
                  <StopPointInJourneyPatternRef ref="VTR:StopPointInJourneyPattern:130534110" version="3806570"/>
                  <DepartureTime>07:33:00</DepartureTime>
                  <DepartureDayOffset>0</DepartureDayOffset>
                </TimetabledPassingTime>
                <TimetabledPassingTime version="3806570" id="VTR:TimetabledPassingTime:3803960_130533686_5">
                  <StopPointInJourneyPatternRef ref="VTR:StopPointInJourneyPattern:130533686" version="3806570"/>
                  <DepartureTime>07:33:00</DepartureTime>
                  <DepartureDayOffset>0</DepartureDayOffset>
                </TimetabledPassingTime>
                <TimetabledPassingTime version="3806570" id="VTR:TimetabledPassingTime:3803960_130534111_6">
                  <StopPointInJourneyPatternRef ref="VTR:StopPointInJourneyPattern:130534111" version="3806570"/>
                  <DepartureTime>07:40:00</DepartureTime>
                  <DepartureDayOffset>0</DepartureDayOffset>
                </TimetabledPassingTime>
                <TimetabledPassingTime version="3806570" id="VTR:TimetabledPassingTime:3803960_130533687_6">
                  <StopPointInJourneyPatternRef ref="VTR:StopPointInJourneyPattern:130533687" version="3806570"/>
                  <DepartureTime>07:40:00</DepartureTime>
                  <DepartureDayOffset>0</DepartureDayOffset>
                </TimetabledPassingTime>
              </passingTimes>
            </ServiceJourney>
          </vehicleJourneys>
        </TimetableFrame>
        <ResourceFrame version="1" id="VTR:ResourceFrame:1398">
          <organisations>
            <Authority version="1" id="VTR:Authority:29">
              <CompanyNumber>75</CompanyNumber>
              <Name>Skuodo r. sav.</Name>
              <LegalName>Skuodo r. sav.</LegalName>
              <ContactDetails>
                <Email>savivaldybe@skuodas.lt</Email>
                <Phone>8 440 73932</Phone>
                <Url>www.skuodas.lt</Url>
              </ContactDetails>
              <OrganisationType>authority</OrganisationType>
            </Authority>
          </organisations>
        </ResourceFrame>
      </frames>
    </CompositeFrame>
  </dataObjects>
</PublicationDelivery>
