<?xml version="1.0" encoding="UTF-8"?><PublicationDelivery xmlns="http://www.netex.org.uk/netex" xmlns:gis="http://www.opengis.net/gml/3.2" xmlns:ns2="http://www.opengis.net/gml/3.2" xmlns:ns3="http://www.siri.org.uk/siri" xmlns:xsi="http://www.w3.org/2001/XMLSchema-instance" version="1" xsi:schemaLocation="">
  <PublicationTimestamp>2022-05-07T04:50:00.248</PublicationTimestamp>
  <ParticipantRef>VTR</ParticipantRef>
  <Description>1</Description>
  <dataObjects>
    <CompositeFrame created="2022-05-07T04:50:00.248" version="1" id="VTR:CompositeFrame:1398">
      <validityConditions>
        <AvailabilityCondition version="1" id="VTR:AvailabilityCondition:1398">
          <FromDate>2016-10-13T08:40:20</FromDate>
          <ToDate>2027-12-30T00:00:00</ToDate>
        </AvailabilityCondition>
      </validityConditions>
      <codespaces>
        <Codespace id="vtr">
          <Xmlns>VTR</Xmlns>
          <XmlnsUrl>http://www.visimarsrutai.lt/</XmlnsUrl>
        </Codespace>
      </codespaces>
      <FrameDefaults>
        <DefaultLocale>
          <TimeZone>Europe/Vilnius</TimeZone>
        </DefaultLocale>
        <DefaultLocationSystem>WGS84</DefaultLocationSystem>
      </FrameDefaults>
      <frames>
        <ServiceCalendarFrame version="1" id="VTR:ServiceCalendarFrame:1398">
          <dayTypes>
            <DayType id="VTR:DayType:439" version="1">
              <properties>
                <PropertyOfDay>
                  <DaysOfWeek>Monday Tuesday Wednesday Thursday Friday</DaysOfWeek>
                </PropertyOfDay>
              </properties>
            </DayType>
          </dayTypes>
          <operatingPeriods>
            <OperatingPeriod version="1" id="VTR:OperatingPeriod:439">
              <FromDate>2015-06-08T00:00:00</FromDate>
              <ToDate>2021-01-01T00:00:00</ToDate>
            </OperatingPeriod>
          </operatingPeriods>
          <dayTypeAssignments>
            <DayTypeAssignment id="VTR:DayTypeAssignment:439_0" version="1" order="433">
              <OperatingPeriodRef ref="VTR:OperatingPeriod:439" version="1"/>
              <DayTypeRef ref="VTR:DayType:439" version="1"/>
            </DayTypeAssignment>
          </dayTypeAssignments>
        </ServiceCalendarFrame>
        <ServiceFrame id="VTR:ServiceFrame:1398" version="1">
          <Network version="0" id="VTR:Network:29"/>
          <routePoints>
            <RoutePoint version="1" id="VTR:RoutePoint:1768340">
              <projections>
                <PointProjection version="1" id="VTR:PointProjection:77571">
                  <ProjectedPointRef ref="VTR:ScheduledStopPoint:1768340" version="1"/>
                </PointProjection>
              </projections>
            </RoutePoint>
            <RoutePoint version="1" id="VTR:RoutePoint:1768341">
              <projections>
                <PointProjection version="1" id="VTR:PointProjection:77572">
                  <ProjectedPointRef ref="VTR:ScheduledStopPoint:1768341" version="1"/>
                </PointProjection>
              </projections>
            </RoutePoint>
            <RoutePoint version="1" id="VTR:RoutePoint:1768342">
              <projections>
                <PointProjection version="1" id="VTR:PointProjection:77573">
                  <ProjectedPointRef ref="VTR:ScheduledStopPoint:1768342" version="1"/>
                </PointProjection>
              </projections>
            </RoutePoint>
            <RoutePoint version="1" id="VTR:RoutePoint:1768343">
              <projections>
                <PointProjection version="1" id="VTR:PointProjection:77574">
                  <ProjectedPointRef ref="VTR:ScheduledStopPoint:1768343" version="1"/>
                </PointProjection>
              </projections>
            </RoutePoint>
            <RoutePoint version="1" id="VTR:RoutePoint:1768344">
              <projections>
                <PointProjection version="1" id="VTR:PointProjection:77575">
                  <ProjectedPointRef ref="VTR:ScheduledStopPoint:1768344" version="1"/>
                </PointProjection>
              </projections>
            </RoutePoint>
            <RoutePoint version="1" id="VTR:RoutePoint:1768345">
              <projections>
                <PointProjection version="1" id="VTR:PointProjection:77651">
                  <ProjectedPointRef ref="VTR:ScheduledStopPoint:1768345" version="1"/>
                </PointProjection>
              </projections>
            </RoutePoint>
            <RoutePoint version="1" id="VTR:RoutePoint:1768346">
              <projections>
                <PointProjection version="1" id="VTR:PointProjection:77652">
                  <ProjectedPointRef ref="VTR:ScheduledStopPoint:1768346" version="1"/>
                </PointProjection>
              </projections>
            </RoutePoint>
            <RoutePoint version="1" id="VTR:RoutePoint:1768347">
              <projections>
                <PointProjection version="1" id="VTR:PointProjection:77653">
                  <ProjectedPointRef ref="VTR:ScheduledStopPoint:1768347" version="1"/>
                </PointProjection>
              </projections>
            </RoutePoint>
            <RoutePoint version="1" id="VTR:RoutePoint:1768348">
              <projections>
                <PointProjection version="1" id="VTR:PointProjection:77654">
                  <ProjectedPointRef ref="VTR:ScheduledStopPoint:1768348" version="1"/>
                </PointProjection>
              </projections>
            </RoutePoint>
            <RoutePoint version="1" id="VTR:RoutePoint:1768349">
              <projections>
                <PointProjection version="1" id="VTR:PointProjection:77655">
                  <ProjectedPointRef ref="VTR:ScheduledStopPoint:1768349" version="1"/>
                </PointProjection>
              </projections>
            </RoutePoint>
            <RoutePoint version="1" id="VTR:RoutePoint:1768350">
              <projections>
                <PointProjection version="1" id="VTR:PointProjection:77656">
                  <ProjectedPointRef ref="VTR:ScheduledStopPoint:1768350" version="1"/>
                </PointProjection>
              </projections>
            </RoutePoint>
            <RoutePoint version="1" id="VTR:RoutePoint:1768351">
              <projections>
                <PointProjection version="1" id="VTR:PointProjection:77657">
                  <ProjectedPointRef ref="VTR:ScheduledStopPoint:1768351" version="1"/>
                </PointProjection>
              </projections>
            </RoutePoint>
          </routePoints>
          <routes>
            <Route version="1" id="VTR:Route:20565">
              <Name>Ersla - Mosėdis</Name>
              <ShortName>Ersla - Mosėdis</ShortName>
              <LineRef ref="VTR:Line:4383" version="9425"/>
              <DirectionType>inbound</DirectionType>
              <pointsInSequence>
                <PointOnRoute version="1" id="VTR:PointOnRoute:1768340" order="1">
                  <RoutePointRef ref="VTR:RoutePoint:1768340"/>
                </PointOnRoute>
                <PointOnRoute version="1" id="VTR:PointOnRoute:1768341" order="2">
                  <RoutePointRef ref="VTR:RoutePoint:1768341"/>
                </PointOnRoute>
                <PointOnRoute version="1" id="VTR:PointOnRoute:1768342" order="3">
                  <RoutePointRef ref="VTR:RoutePoint:1768342"/>
                </PointOnRoute>
                <PointOnRoute version="1" id="VTR:PointOnRoute:1768343" order="4">
                  <RoutePointRef ref="VTR:RoutePoint:1768343"/>
                </PointOnRoute>
                <PointOnRoute version="1" id="VTR:PointOnRoute:1768344" order="5">
                  <RoutePointRef ref="VTR:RoutePoint:1768344"/>
                </PointOnRoute>
                <PointOnRoute version="1" id="VTR:PointOnRoute:1768345" order="6">
                  <RoutePointRef ref="VTR:RoutePoint:1768345"/>
                </PointOnRoute>
              </pointsInSequence>
            </Route>
            <Route version="1" id="VTR:Route:20566">
              <Name>Mosėdis-Ersla</Name>
              <ShortName>Mosėdis-Ersla</ShortName>
              <LineRef ref="VTR:Line:4383" version="9425"/>
              <DirectionType>outbound</DirectionType>
              <pointsInSequence>
                <PointOnRoute version="1" id="VTR:PointOnRoute:1768346" order="1">
                  <RoutePointRef ref="VTR:RoutePoint:1768346"/>
                </PointOnRoute>
                <PointOnRoute version="1" id="VTR:PointOnRoute:1768347" order="2">
                  <RoutePointRef ref="VTR:RoutePoint:1768347"/>
                </PointOnRoute>
                <PointOnRoute version="1" id="VTR:PointOnRoute:1768348" order="3">
                  <RoutePointRef ref="VTR:RoutePoint:1768348"/>
                </PointOnRoute>
                <PointOnRoute version="1" id="VTR:PointOnRoute:1768349" order="4">
                  <RoutePointRef ref="VTR:RoutePoint:1768349"/>
                </PointOnRoute>
                <PointOnRoute version="1" id="VTR:PointOnRoute:1768350" order="5">
                  <RoutePointRef ref="VTR:RoutePoint:1768350"/>
                </PointOnRoute>
                <PointOnRoute version="1" id="VTR:PointOnRoute:1768351" order="6">
                  <RoutePointRef ref="VTR:RoutePoint:1768351"/>
                </PointOnRoute>
              </pointsInSequence>
            </Route>
          </routes>
          <lines>
            <Line version="9425" id="VTR:Line:4383">
              <Name>Mosėdis-Ersla-Mosėdis</Name>
              <TransportMode>bus</TransportMode>
              <TransportSubmode>
                <BusSubmode>regionalBus</BusSubmode>
              </TransportSubmode>
              <PublicCode>33</PublicCode>
              <OperatorRef ref="VTR:Operator:29"/>
            </Line>
          </lines>
          <scheduledStopPoints>
            <ScheduledStopPoint version="1" id="VTR:ScheduledStopPoint:1768340">
              <Name>Ersla</Name>
            </ScheduledStopPoint>
            <ScheduledStopPoint version="1" id="VTR:ScheduledStopPoint:1768341">
              <Name>Ferma</Name>
            </ScheduledStopPoint>
            <ScheduledStopPoint version="1" id="VTR:ScheduledStopPoint:1768342">
              <Name>Rukai</Name>
            </ScheduledStopPoint>
            <ScheduledStopPoint version="1" id="VTR:ScheduledStopPoint:1768343">
              <Name>Žebrokai</Name>
            </ScheduledStopPoint>
            <ScheduledStopPoint version="1" id="VTR:ScheduledStopPoint:1768344">
              <Name>Prialgava I</Name>
            </ScheduledStopPoint>
            <ScheduledStopPoint version="1" id="VTR:ScheduledStopPoint:1768345">
              <Name>Mosėdis</Name>
            </ScheduledStopPoint>
            <ScheduledStopPoint version="1" id="VTR:ScheduledStopPoint:1768346">
              <Name>Mosėdis</Name>
            </ScheduledStopPoint>
            <ScheduledStopPoint version="1" id="VTR:ScheduledStopPoint:1768347">
              <Name>Šerkšniai</Name>
            </ScheduledStopPoint>
            <ScheduledStopPoint version="1" id="VTR:ScheduledStopPoint:1768348">
              <Name>Žebrokai</Name>
            </ScheduledStopPoint>
            <ScheduledStopPoint version="1" id="VTR:ScheduledStopPoint:1768349">
              <Name>Rukai</Name>
            </ScheduledStopPoint>
            <ScheduledStopPoint version="1" id="VTR:ScheduledStopPoint:1768350">
              <Name>Ferma</Name>
            </ScheduledStopPoint>
            <ScheduledStopPoint version="1" id="VTR:ScheduledStopPoint:1768351">
              <Name>Ersla</Name>
            </ScheduledStopPoint>
          </scheduledStopPoints>
          <serviceLinks>
            <ServiceLink id="VTR:ServiceLink:1768341_1_1768342_1" version="1">
              <Distance>1</Distance>
              <FromPointRef ref="VTR:ScheduledStopPoint:1768341" version="1"/>
              <ToPointRef ref="VTR:ScheduledStopPoint:1768342" version="1"/>
            </ServiceLink>
            <ServiceLink id="VTR:ServiceLink:1768349_1_1768350_1" version="1">
              <Distance>0</Distance>
              <FromPointRef ref="VTR:ScheduledStopPoint:1768349" version="1"/>
              <ToPointRef ref="VTR:ScheduledStopPoint:1768350" version="1"/>
            </ServiceLink>
            <ServiceLink id="VTR:ServiceLink:1768350_1_1768351_1" version="1">
              <Distance>0</Distance>
              <FromPointRef ref="VTR:ScheduledStopPoint:1768350" version="1"/>
              <ToPointRef ref="VTR:ScheduledStopPoint:1768351" version="1"/>
            </ServiceLink>
            <ServiceLink id="VTR:ServiceLink:1768342_1_1768343_1" version="1">
              <Distance>1</Distance>
              <FromPointRef ref="VTR:ScheduledStopPoint:1768342" version="1"/>
              <ToPointRef ref="VTR:ScheduledStopPoint:1768343" version="1"/>
            </ServiceLink>
            <ServiceLink id="VTR:ServiceLink:1768346_1_1768347_1" version="1">
              <Distance>2</Distance>
              <FromPointRef ref="VTR:ScheduledStopPoint:1768346" version="1"/>
              <ToPointRef ref="VTR:ScheduledStopPoint:1768347" version="1"/>
            </ServiceLink>
            <ServiceLink id="VTR:ServiceLink:1768340_1_1768341_1" version="1">
              <Distance>0</Distance>
              <FromPointRef ref="VTR:ScheduledStopPoint:1768340" version="1"/>
              <ToPointRef ref="VTR:ScheduledStopPoint:1768341" version="1"/>
            </ServiceLink>
            <ServiceLink id="VTR:ServiceLink:1768347_1_1768348_1" version="1">
              <Distance>1</Distance>
              <FromPointRef ref="VTR:ScheduledStopPoint:1768347" version="1"/>
              <ToPointRef ref="VTR:ScheduledStopPoint:1768348" version="1"/>
            </ServiceLink>
            <ServiceLink id="VTR:ServiceLink:1768344_1_1768345_1" version="1">
              <Distance>2</Distance>
              <FromPointRef ref="VTR:ScheduledStopPoint:1768344" version="1"/>
              <ToPointRef ref="VTR:ScheduledStopPoint:1768345" version="1"/>
            </ServiceLink>
            <ServiceLink id="VTR:ServiceLink:1768343_1_1768344_1" version="1">
              <Distance>2</Distance>
              <FromPointRef ref="VTR:ScheduledStopPoint:1768343" version="1"/>
              <ToPointRef ref="VTR:ScheduledStopPoint:1768344" version="1"/>
            </ServiceLink>
            <ServiceLink id="VTR:ServiceLink:1768348_1_1768349_1" version="1">
              <Distance>1</Distance>
              <FromPointRef ref="VTR:ScheduledStopPoint:1768348" version="1"/>
              <ToPointRef ref="VTR:ScheduledStopPoint:1768349" version="1"/>
            </ServiceLink>
          </serviceLinks>
          <stopAssignments>
            <PassengerStopAssignment order="2056500000" id="VTR:PassengerStopAssignment:1768340" version="1">
              <ScheduledStopPointRef ref="VTR:ScheduledStopPoint:1768340" version="1"/>
              <QuayRef ref="VTR:Quay:6471"/>
            </PassengerStopAssignment>
            <PassengerStopAssignment order="2056500001" id="VTR:PassengerStopAssignment:1768341" version="1">
              <ScheduledStopPointRef ref="VTR:ScheduledStopPoint:1768341" version="1"/>
              <QuayRef ref="VTR:Quay:19981"/>
            </PassengerStopAssignment>
            <PassengerStopAssignment order="2056500002" id="VTR:PassengerStopAssignment:1768342" version="1">
              <ScheduledStopPointRef ref="VTR:ScheduledStopPoint:1768342" version="1"/>
              <QuayRef ref="VTR:Quay:4320"/>
            </PassengerStopAssignment>
            <PassengerStopAssignment order="2056500003" id="VTR:PassengerStopAssignment:1768343" version="1">
              <ScheduledStopPointRef ref="VTR:ScheduledStopPoint:1768343" version="1"/>
              <QuayRef ref="VTR:Quay:14380"/>
            </PassengerStopAssignment>
            <PassengerStopAssignment order="2056500004" id="VTR:PassengerStopAssignment:1768344" version="1">
              <ScheduledStopPointRef ref="VTR:ScheduledStopPoint:1768344" version="1"/>
              <QuayRef ref="VTR:Quay:7604"/>
            </PassengerStopAssignment>
            <PassengerStopAssignment order="2056500005" id="VTR:PassengerStopAssignment:1768345" version="1">
              <ScheduledStopPointRef ref="VTR:ScheduledStopPoint:1768345" version="1"/>
              <QuayRef ref="VTR:Quay:3583"/>
            </PassengerStopAssignment>
            <PassengerStopAssignment order="2056600000" id="VTR:PassengerStopAssignment:1768346" version="1">
              <ScheduledStopPointRef ref="VTR:ScheduledStopPoint:1768346" version="1"/>
              <QuayRef ref="VTR:Quay:9769"/>
            </PassengerStopAssignment>
            <PassengerStopAssignment order="2056600001" id="VTR:PassengerStopAssignment:1768347" version="1">
              <ScheduledStopPointRef ref="VTR:ScheduledStopPoint:1768347" version="1"/>
              <QuayRef ref="VTR:Quay:19964"/>
            </PassengerStopAssignment>
            <PassengerStopAssignment order="2056600002" id="VTR:PassengerStopAssignment:1768348" version="1">
              <ScheduledStopPointRef ref="VTR:ScheduledStopPoint:1768348" version="1"/>
              <QuayRef ref="VTR:Quay:4632"/>
            </PassengerStopAssignment>
            <PassengerStopAssignment order="2056600003" id="VTR:PassengerStopAssignment:1768349" version="1">
              <ScheduledStopPointRef ref="VTR:ScheduledStopPoint:1768349" version="1"/>
              <QuayRef ref="VTR:Quay:4288"/>
            </PassengerStopAssignment>
            <PassengerStopAssignment order="2056600004" id="VTR:PassengerStopAssignment:1768350" version="1">
              <ScheduledStopPointRef ref="VTR:ScheduledStopPoint:1768350" version="1"/>
              <QuayRef ref="VTR:Quay:19979"/>
            </PassengerStopAssignment>
            <PassengerStopAssignment order="2056600005" id="VTR:PassengerStopAssignment:1768351" version="1">
              <ScheduledStopPointRef ref="VTR:ScheduledStopPoint:1768351" version="1"/>
              <QuayRef ref="VTR:Quay:6471"/>
            </PassengerStopAssignment>
          </stopAssignments>
          <journeyPatterns>
            <JourneyPattern id="VTR:JourneyPattern:3779765" version="3782361">
              <Name>1.</Name>
              <RouteRef ref="VTR:Route:20566" version="1"/>
              <pointsInSequence>
                <StopPointInJourneyPattern id="VTR:StopPointInJourneyPattern:130378523" version="3782361" order="1">
                  <ScheduledStopPointRef ref="VTR:ScheduledStopPoint:1768346"/>
                  <DestinationDisplayRef ref="VTR:DestinationDisplay:1"/>
                </StopPointInJourneyPattern>
                <StopPointInJourneyPattern id="VTR:StopPointInJourneyPattern:130378524" version="3782361" order="2">
                  <ScheduledStopPointRef ref="VTR:ScheduledStopPoint:1768347"/>
                  <DestinationDisplayRef ref="VTR:DestinationDisplay:1"/>
                </StopPointInJourneyPattern>
                <StopPointInJourneyPattern id="VTR:StopPointInJourneyPattern:130378525" version="3782361" order="3">
                  <ScheduledStopPointRef ref="VTR:ScheduledStopPoint:1768348"/>
                  <DestinationDisplayRef ref="VTR:DestinationDisplay:1"/>
                </StopPointInJourneyPattern>
                <StopPointInJourneyPattern id="VTR:StopPointInJourneyPattern:130378526" version="3782361" order="4">
                  <ScheduledStopPointRef ref="VTR:ScheduledStopPoint:1768349"/>
                  <DestinationDisplayRef ref="VTR:DestinationDisplay:1"/>
                </StopPointInJourneyPattern>
                <StopPointInJourneyPattern id="VTR:StopPointInJourneyPattern:130378527" version="3782361" order="5">
                  <ScheduledStopPointRef ref="VTR:ScheduledStopPoint:1768350"/>
                  <DestinationDisplayRef ref="VTR:DestinationDisplay:1"/>
                </StopPointInJourneyPattern>
                <StopPointInJourneyPattern id="VTR:StopPointInJourneyPattern:130378528" version="3782361" order="6">
                  <ScheduledStopPointRef ref="VTR:ScheduledStopPoint:1768351"/>
                  <DestinationDisplayRef ref="VTR:DestinationDisplay:1"/>
                </StopPointInJourneyPattern>
              </pointsInSequence>
            </JourneyPattern>
            <JourneyPattern id="VTR:JourneyPattern:3779759" version="3782355">
              <Name>2</Name>
              <RouteRef ref="VTR:Route:20565" version="1"/>
              <pointsInSequence>
                <StopPointInJourneyPattern id="VTR:StopPointInJourneyPattern:130378487" version="3782355" order="1">
                  <ScheduledStopPointRef ref="VTR:ScheduledStopPoint:1768340"/>
                  <DestinationDisplayRef ref="VTR:DestinationDisplay:1"/>
                </StopPointInJourneyPattern>
                <StopPointInJourneyPattern id="VTR:StopPointInJourneyPattern:130378488" version="3782355" order="2">
                  <ScheduledStopPointRef ref="VTR:ScheduledStopPoint:1768341"/>
                  <DestinationDisplayRef ref="VTR:DestinationDisplay:1"/>
                </StopPointInJourneyPattern>
                <StopPointInJourneyPattern id="VTR:StopPointInJourneyPattern:130378489" version="3782355" order="3">
                  <ScheduledStopPointRef ref="VTR:ScheduledStopPoint:1768342"/>
                  <DestinationDisplayRef ref="VTR:DestinationDisplay:1"/>
                </StopPointInJourneyPattern>
                <StopPointInJourneyPattern id="VTR:StopPointInJourneyPattern:130378490" version="3782355" order="4">
                  <ScheduledStopPointRef ref="VTR:ScheduledStopPoint:1768343"/>
                  <DestinationDisplayRef ref="VTR:DestinationDisplay:1"/>
                </StopPointInJourneyPattern>
                <StopPointInJourneyPattern id="VTR:StopPointInJourneyPattern:130378491" version="3782355" order="5">
                  <ScheduledStopPointRef ref="VTR:ScheduledStopPoint:1768344"/>
                  <DestinationDisplayRef ref="VTR:DestinationDisplay:1"/>
                </StopPointInJourneyPattern>
                <StopPointInJourneyPattern id="VTR:StopPointInJourneyPattern:130378492" version="3782355" order="6">
                  <ScheduledStopPointRef ref="VTR:ScheduledStopPoint:1768345"/>
                  <DestinationDisplayRef ref="VTR:DestinationDisplay:1"/>
                </StopPointInJourneyPattern>
              </pointsInSequence>
            </JourneyPattern>
            <JourneyPattern id="VTR:JourneyPattern:3779760" version="3782356">
              <Name>2</Name>
              <RouteRef ref="VTR:Route:20566" version="1"/>
              <pointsInSequence>
                <StopPointInJourneyPattern id="VTR:StopPointInJourneyPattern:130378493" version="3782356" order="1">
                  <ScheduledStopPointRef ref="VTR:ScheduledStopPoint:1768346"/>
                  <DestinationDisplayRef ref="VTR:DestinationDisplay:1"/>
                </StopPointInJourneyPattern>
                <StopPointInJourneyPattern id="VTR:StopPointInJourneyPattern:130378494" version="3782356" order="2">
                  <ScheduledStopPointRef ref="VTR:ScheduledStopPoint:1768347"/>
                  <DestinationDisplayRef ref="VTR:DestinationDisplay:1"/>
                </StopPointInJourneyPattern>
                <StopPointInJourneyPattern id="VTR:StopPointInJourneyPattern:130378495" version="3782356" order="3">
                  <ScheduledStopPointRef ref="VTR:ScheduledStopPoint:1768348"/>
                  <DestinationDisplayRef ref="VTR:DestinationDisplay:1"/>
                </StopPointInJourneyPattern>
                <StopPointInJourneyPattern id="VTR:StopPointInJourneyPattern:130378496" version="3782356" order="4">
                  <ScheduledStopPointRef ref="VTR:ScheduledStopPoint:1768349"/>
                  <DestinationDisplayRef ref="VTR:DestinationDisplay:1"/>
                </StopPointInJourneyPattern>
                <StopPointInJourneyPattern id="VTR:StopPointInJourneyPattern:130378497" version="3782356" order="5">
                  <ScheduledStopPointRef ref="VTR:ScheduledStopPoint:1768350"/>
                  <DestinationDisplayRef ref="VTR:DestinationDisplay:1"/>
                </StopPointInJourneyPattern>
                <StopPointInJourneyPattern id="VTR:StopPointInJourneyPattern:130378498" version="3782356" order="6">
                  <ScheduledStopPointRef ref="VTR:ScheduledStopPoint:1768351"/>
                  <DestinationDisplayRef ref="VTR:DestinationDisplay:1"/>
                </StopPointInJourneyPattern>
              </pointsInSequence>
            </JourneyPattern>
            <JourneyPattern id="VTR:JourneyPattern:3779766" version="3782362">
              <Name>1 .</Name>
              <RouteRef ref="VTR:Route:20565" version="1"/>
              <pointsInSequence>
                <StopPointInJourneyPattern id="VTR:StopPointInJourneyPattern:130378529" version="3782362" order="1">
                  <ScheduledStopPointRef ref="VTR:ScheduledStopPoint:1768340"/>
                  <DestinationDisplayRef ref="VTR:DestinationDisplay:1"/>
                </StopPointInJourneyPattern>
                <StopPointInJourneyPattern id="VTR:StopPointInJourneyPattern:130378530" version="3782362" order="2">
                  <ScheduledStopPointRef ref="VTR:ScheduledStopPoint:1768341"/>
                  <DestinationDisplayRef ref="VTR:DestinationDisplay:1"/>
                </StopPointInJourneyPattern>
                <StopPointInJourneyPattern id="VTR:StopPointInJourneyPattern:130378531" version="3782362" order="3">
                  <ScheduledStopPointRef ref="VTR:ScheduledStopPoint:1768342"/>
                  <DestinationDisplayRef ref="VTR:DestinationDisplay:1"/>
                </StopPointInJourneyPattern>
                <StopPointInJourneyPattern id="VTR:StopPointInJourneyPattern:130378532" version="3782362" order="4">
                  <ScheduledStopPointRef ref="VTR:ScheduledStopPoint:1768343"/>
                  <DestinationDisplayRef ref="VTR:DestinationDisplay:1"/>
                </StopPointInJourneyPattern>
                <StopPointInJourneyPattern id="VTR:StopPointInJourneyPattern:130378533" version="3782362" order="5">
                  <ScheduledStopPointRef ref="VTR:ScheduledStopPoint:1768344"/>
                  <DestinationDisplayRef ref="VTR:DestinationDisplay:1"/>
                </StopPointInJourneyPattern>
                <StopPointInJourneyPattern id="VTR:StopPointInJourneyPattern:130378534" version="3782362" order="6">
                  <ScheduledStopPointRef ref="VTR:ScheduledStopPoint:1768345"/>
                  <DestinationDisplayRef ref="VTR:DestinationDisplay:1"/>
                </StopPointInJourneyPattern>
              </pointsInSequence>
            </JourneyPattern>
          </journeyPatterns>
        </ServiceFrame>
        <TimetableFrame version="1" id="VTR:TimetableFrame:1398">
          <vehicleJourneys>
            <ServiceJourney version="3782356" id="VTR:ServiceJourney:3779760">
              <Name>Mosėdis-Ersla</Name>
              <PrivateCode>2</PrivateCode>
              <dayTypes>
                <DayTypeRef ref="VTR:DayType:439"/>
              </dayTypes>
              <JourneyPatternRef version="3782356" ref="VTR:JourneyPattern:3779760"/>
              <OperatorRef ref="VTR:Operator:513"/>
              <LineRef ref="VTR:Line:4383" version="9425"/>
              <passingTimes>
                <TimetabledPassingTime version="3782356" id="VTR:TimetabledPassingTime:3779760_130378493_1">
                  <StopPointInJourneyPatternRef ref="VTR:StopPointInJourneyPattern:130378493" version="3782356"/>
                  <DepartureTime>15:15:00</DepartureTime>
                  <DepartureDayOffset>0</DepartureDayOffset>
                </TimetabledPassingTime>
                <TimetabledPassingTime version="3782356" id="VTR:TimetabledPassingTime:3779760_130378494_2">
                  <StopPointInJourneyPatternRef ref="VTR:StopPointInJourneyPattern:130378494" version="3782356"/>
                  <DepartureTime>15:19:00</DepartureTime>
                  <DepartureDayOffset>0</DepartureDayOffset>
                </TimetabledPassingTime>
                <TimetabledPassingTime version="3782356" id="VTR:TimetabledPassingTime:3779760_130378495_3">
                  <StopPointInJourneyPatternRef ref="VTR:StopPointInJourneyPattern:130378495" version="3782356"/>
                  <DepartureTime>15:23:00</DepartureTime>
                  <DepartureDayOffset>0</DepartureDayOffset>
                </TimetabledPassingTime>
                <TimetabledPassingTime version="3782356" id="VTR:TimetabledPassingTime:3779760_130378496_4">
                  <StopPointInJourneyPatternRef ref="VTR:StopPointInJourneyPattern:130378496" version="3782356"/>
                  <DepartureTime>15:26:00</DepartureTime>
                  <DepartureDayOffset>0</DepartureDayOffset>
                </TimetabledPassingTime>
                <TimetabledPassingTime version="3782356" id="VTR:TimetabledPassingTime:3779760_130378497_5">
                  <StopPointInJourneyPatternRef ref="VTR:StopPointInJourneyPattern:130378497" version="3782356"/>
                  <DepartureTime>15:29:00</DepartureTime>
                  <DepartureDayOffset>0</DepartureDayOffset>
                </TimetabledPassingTime>
                <TimetabledPassingTime version="3782356" id="VTR:TimetabledPassingTime:3779760_130378498_6">
                  <StopPointInJourneyPatternRef ref="VTR:StopPointInJourneyPattern:130378498" version="3782356"/>
                  <DepartureTime>15:33:00</DepartureTime>
                  <DepartureDayOffset>0</DepartureDayOffset>
                </TimetabledPassingTime>
              </passingTimes>
            </ServiceJourney>
            <ServiceJourney version="3782361" id="VTR:ServiceJourney:3779765">
              <Name>Mosėdis-Ersla</Name>
              <PrivateCode>1.</PrivateCode>
              <dayTypes>
                <DayTypeRef ref="VTR:DayType:439"/>
              </dayTypes>
              <JourneyPatternRef version="3782361" ref="VTR:JourneyPattern:3779765"/>
              <OperatorRef ref="VTR:Operator:513"/>
              <LineRef ref="VTR:Line:4383" version="9425"/>
              <passingTimes>
                <TimetabledPassingTime version="3782361" id="VTR:TimetabledPassingTime:3779765_130378523_1">
                  <StopPointInJourneyPatternRef ref="VTR:StopPointInJourneyPattern:130378523" version="3782361"/>
                  <DepartureTime>06:55:00</DepartureTime>
                  <DepartureDayOffset>0</DepartureDayOffset>
                </TimetabledPassingTime>
                <TimetabledPassingTime version="3782361" id="VTR:TimetabledPassingTime:3779765_130378524_2">
                  <StopPointInJourneyPatternRef ref="VTR:StopPointInJourneyPattern:130378524" version="3782361"/>
                  <DepartureTime>06:59:00</DepartureTime>
                  <DepartureDayOffset>0</DepartureDayOffset>
                </TimetabledPassingTime>
                <TimetabledPassingTime version="3782361" id="VTR:TimetabledPassingTime:3779765_130378525_3">
                  <StopPointInJourneyPatternRef ref="VTR:StopPointInJourneyPattern:130378525" version="3782361"/>
                  <DepartureTime>07:03:00</DepartureTime>
                  <DepartureDayOffset>0</DepartureDayOffset>
                </TimetabledPassingTime>
                <TimetabledPassingTime version="3782361" id="VTR:TimetabledPassingTime:3779765_130378526_4">
                  <StopPointInJourneyPatternRef ref="VTR:StopPointInJourneyPattern:130378526" version="3782361"/>
                  <DepartureTime>07:06:00</DepartureTime>
                  <DepartureDayOffset>0</DepartureDayOffset>
                </TimetabledPassingTime>
                <TimetabledPassingTime version="3782361" id="VTR:TimetabledPassingTime:3779765_130378527_5">
                  <StopPointInJourneyPatternRef ref="VTR:StopPointInJourneyPattern:130378527" version="3782361"/>
                  <DepartureTime>07:09:00</DepartureTime>
                  <DepartureDayOffset>0</DepartureDayOffset>
                </TimetabledPassingTime>
                <TimetabledPassingTime version="3782361" id="VTR:TimetabledPassingTime:3779765_130378528_6">
                  <StopPointInJourneyPatternRef ref="VTR:StopPointInJourneyPattern:130378528" version="3782361"/>
                  <DepartureTime>07:16:00</DepartureTime>
                  <DepartureDayOffset>0</DepartureDayOffset>
                </TimetabledPassingTime>
              </passingTimes>
            </ServiceJourney>
            <ServiceJourney version="3782355" id="VTR:ServiceJourney:3779759">
              <Name>Ersla - Mosėdis</Name>
              <PrivateCode>2</PrivateCode>
              <dayTypes>
                <DayTypeRef ref="VTR:DayType:439"/>
              </dayTypes>
              <JourneyPatternRef version="3782355" ref="VTR:JourneyPattern:3779759"/>
              <OperatorRef ref="VTR:Operator:513"/>
              <LineRef ref="VTR:Line:4383" version="9425"/>
              <passingTimes>
                <TimetabledPassingTime version="3782355" id="VTR:TimetabledPassingTime:3779759_130378487_1">
                  <StopPointInJourneyPatternRef ref="VTR:StopPointInJourneyPattern:130378487" version="3782355"/>
                  <DepartureTime>15:33:00</DepartureTime>
                  <DepartureDayOffset>0</DepartureDayOffset>
                </TimetabledPassingTime>
                <TimetabledPassingTime version="3782355" id="VTR:TimetabledPassingTime:3779759_130378488_2">
                  <StopPointInJourneyPatternRef ref="VTR:StopPointInJourneyPattern:130378488" version="3782355"/>
                  <DepartureTime>15:37:00</DepartureTime>
                  <DepartureDayOffset>0</DepartureDayOffset>
                </TimetabledPassingTime>
                <TimetabledPassingTime version="3782355" id="VTR:TimetabledPassingTime:3779759_130378489_3">
                  <StopPointInJourneyPatternRef ref="VTR:StopPointInJourneyPattern:130378489" version="3782355"/>
                  <DepartureTime>15:40:00</DepartureTime>
                  <DepartureDayOffset>0</DepartureDayOffset>
                </TimetabledPassingTime>
                <TimetabledPassingTime version="3782355" id="VTR:TimetabledPassingTime:3779759_130378490_4">
                  <StopPointInJourneyPatternRef ref="VTR:StopPointInJourneyPattern:130378490" version="3782355"/>
                  <DepartureTime>15:43:00</DepartureTime>
                  <DepartureDayOffset>0</DepartureDayOffset>
                </TimetabledPassingTime>
                <TimetabledPassingTime version="3782355" id="VTR:TimetabledPassingTime:3779759_130378491_5">
                  <StopPointInJourneyPatternRef ref="VTR:StopPointInJourneyPattern:130378491" version="3782355"/>
                  <DepartureTime>15:46:00</DepartureTime>
                  <DepartureDayOffset>0</DepartureDayOffset>
                </TimetabledPassingTime>
                <TimetabledPassingTime version="3782355" id="VTR:TimetabledPassingTime:3779759_130378492_6">
                  <StopPointInJourneyPatternRef ref="VTR:StopPointInJourneyPattern:130378492" version="3782355"/>
                  <DepartureTime>15:50:00</DepartureTime>
                  <DepartureDayOffset>0</DepartureDayOffset>
                </TimetabledPassingTime>
              </passingTimes>
            </ServiceJourney>
            <ServiceJourney version="3782362" id="VTR:ServiceJourney:3779766">
              <Name>Ersla - Mosėdis</Name>
              <PrivateCode>1 .</PrivateCode>
              <dayTypes>
                <DayTypeRef ref="VTR:DayType:439"/>
              </dayTypes>
              <JourneyPatternRef version="3782362" ref="VTR:JourneyPattern:3779766"/>
              <OperatorRef ref="VTR:Operator:513"/>
              <LineRef ref="VTR:Line:4383" version="9425"/>
              <passingTimes>
                <TimetabledPassingTime version="3782362" id="VTR:TimetabledPassingTime:3779766_130378529_1">
                  <StopPointInJourneyPatternRef ref="VTR:StopPointInJourneyPattern:130378529" version="3782362"/>
                  <DepartureTime>07:13:00</DepartureTime>
                  <DepartureDayOffset>0</DepartureDayOffset>
                </TimetabledPassingTime>
                <TimetabledPassingTime version="3782362" id="VTR:TimetabledPassingTime:3779766_130378530_2">
                  <StopPointInJourneyPatternRef ref="VTR:StopPointInJourneyPattern:130378530" version="3782362"/>
                  <DepartureTime>07:17:00</DepartureTime>
                  <DepartureDayOffset>0</DepartureDayOffset>
                </TimetabledPassingTime>
                <TimetabledPassingTime version="3782362" id="VTR:TimetabledPassingTime:3779766_130378531_3">
                  <StopPointInJourneyPatternRef ref="VTR:StopPointInJourneyPattern:130378531" version="3782362"/>
                  <DepartureTime>07:20:00</DepartureTime>
                  <DepartureDayOffset>0</DepartureDayOffset>
                </TimetabledPassingTime>
                <TimetabledPassingTime version="3782362" id="VTR:TimetabledPassingTime:3779766_130378532_4">
                  <StopPointInJourneyPatternRef ref="VTR:StopPointInJourneyPattern:130378532" version="3782362"/>
                  <DepartureTime>07:23:00</DepartureTime>
                  <DepartureDayOffset>0</DepartureDayOffset>
                </TimetabledPassingTime>
                <TimetabledPassingTime version="3782362" id="VTR:TimetabledPassingTime:3779766_130378533_5">
                  <StopPointInJourneyPatternRef ref="VTR:StopPointInJourneyPattern:130378533" version="3782362"/>
                  <DepartureTime>07:26:00</DepartureTime>
                  <DepartureDayOffset>0</DepartureDayOffset>
                </TimetabledPassingTime>
                <TimetabledPassingTime version="3782362" id="VTR:TimetabledPassingTime:3779766_130378534_6">
                  <StopPointInJourneyPatternRef ref="VTR:StopPointInJourneyPattern:130378534" version="3782362"/>
                  <DepartureTime>07:33:00</DepartureTime>
                  <DepartureDayOffset>0</DepartureDayOffset>
                </TimetabledPassingTime>
              </passingTimes>
            </ServiceJourney>
          </vehicleJourneys>
        </TimetableFrame>
        <ResourceFrame version="1" id="VTR:ResourceFrame:1398">
          <organisations>
            <Authority version="1" id="VTR:Authority:29">
              <CompanyNumber>75</CompanyNumber>
              <Name>Skuodo r. sav.</Name>
              <LegalName>Skuodo r. sav.</LegalName>
              <ContactDetails>
                <Email>savivaldybe@skuodas.lt</Email>
                <Phone>8 440 73932</Phone>
                <Url>www.skuodas.lt</Url>
              </ContactDetails>
              <OrganisationType>authority</OrganisationType>
            </Authority>
          </organisations>
        </ResourceFrame>
      </frames>
    </CompositeFrame>
  </dataObjects>
</PublicationDelivery>
