<?xml version="1.0" encoding="UTF-8"?><PublicationDelivery xmlns="http://www.netex.org.uk/netex" xmlns:gis="http://www.opengis.net/gml/3.2" xmlns:ns2="http://www.opengis.net/gml/3.2" xmlns:ns3="http://www.siri.org.uk/siri" xmlns:xsi="http://www.w3.org/2001/XMLSchema-instance" version="1" xsi:schemaLocation="">
  <PublicationTimestamp>2022-05-07T04:50:00.248</PublicationTimestamp>
  <ParticipantRef>VTR</ParticipantRef>
  <Description>1</Description>
  <dataObjects>
    <CompositeFrame created="2022-05-07T04:50:00.248" version="1" id="VTR:CompositeFrame:1398">
      <validityConditions>
        <AvailabilityCondition version="1" id="VTR:AvailabilityCondition:1398">
          <FromDate>2019-10-28T11:40:00</FromDate>
          <ToDate>2027-12-30T00:00:00</ToDate>
        </AvailabilityCondition>
      </validityConditions>
      <codespaces>
        <Codespace id="vtr">
          <Xmlns>VTR</Xmlns>
          <XmlnsUrl>http://www.visimarsrutai.lt/</XmlnsUrl>
        </Codespace>
      </codespaces>
      <FrameDefaults>
        <DefaultLocale>
          <TimeZone>Europe/Vilnius</TimeZone>
        </DefaultLocale>
        <DefaultLocationSystem>WGS84</DefaultLocationSystem>
      </FrameDefaults>
      <frames>
        <ServiceCalendarFrame version="1" id="VTR:ServiceCalendarFrame:1398">
          <dayTypes>
            <DayType id="VTR:DayType:439" version="1">
              <properties>
                <PropertyOfDay>
                  <DaysOfWeek>Monday Tuesday Wednesday Thursday Friday</DaysOfWeek>
                </PropertyOfDay>
              </properties>
            </DayType>
          </dayTypes>
          <operatingPeriods>
            <OperatingPeriod version="1" id="VTR:OperatingPeriod:439">
              <FromDate>2015-06-08T00:00:00</FromDate>
              <ToDate>2021-01-01T00:00:00</ToDate>
            </OperatingPeriod>
          </operatingPeriods>
          <dayTypeAssignments>
            <DayTypeAssignment id="VTR:DayTypeAssignment:439_0" version="1" order="445">
              <OperatingPeriodRef ref="VTR:OperatingPeriod:439" version="1"/>
              <DayTypeRef ref="VTR:DayType:439" version="1"/>
            </DayTypeAssignment>
          </dayTypeAssignments>
        </ServiceCalendarFrame>
        <ServiceFrame id="VTR:ServiceFrame:1398" version="1">
          <Network version="0" id="VTR:Network:29"/>
          <routePoints>
            <RoutePoint version="1" id="VTR:RoutePoint:1768680">
              <projections>
                <PointProjection version="1" id="VTR:PointProjection:4197">
                  <ProjectedPointRef ref="VTR:ScheduledStopPoint:1768680" version="1"/>
                </PointProjection>
              </projections>
            </RoutePoint>
            <RoutePoint version="1" id="VTR:RoutePoint:1768681">
              <projections>
                <PointProjection version="1" id="VTR:PointProjection:4198">
                  <ProjectedPointRef ref="VTR:ScheduledStopPoint:1768681" version="1"/>
                </PointProjection>
              </projections>
            </RoutePoint>
            <RoutePoint version="1" id="VTR:RoutePoint:1768682">
              <projections>
                <PointProjection version="1" id="VTR:PointProjection:4199">
                  <ProjectedPointRef ref="VTR:ScheduledStopPoint:1768682" version="1"/>
                </PointProjection>
              </projections>
            </RoutePoint>
            <RoutePoint version="1" id="VTR:RoutePoint:1768683">
              <projections>
                <PointProjection version="1" id="VTR:PointProjection:4200">
                  <ProjectedPointRef ref="VTR:ScheduledStopPoint:1768683" version="1"/>
                </PointProjection>
              </projections>
            </RoutePoint>
            <RoutePoint version="1" id="VTR:RoutePoint:1768684">
              <projections>
                <PointProjection version="1" id="VTR:PointProjection:4201">
                  <ProjectedPointRef ref="VTR:ScheduledStopPoint:1768684" version="1"/>
                </PointProjection>
              </projections>
            </RoutePoint>
            <RoutePoint version="1" id="VTR:RoutePoint:1768685">
              <projections>
                <PointProjection version="1" id="VTR:PointProjection:4202">
                  <ProjectedPointRef ref="VTR:ScheduledStopPoint:1768685" version="1"/>
                </PointProjection>
              </projections>
            </RoutePoint>
            <RoutePoint version="1" id="VTR:RoutePoint:1768686">
              <projections>
                <PointProjection version="1" id="VTR:PointProjection:4873">
                  <ProjectedPointRef ref="VTR:ScheduledStopPoint:1768686" version="1"/>
                </PointProjection>
              </projections>
            </RoutePoint>
            <RoutePoint version="1" id="VTR:RoutePoint:1768687">
              <projections>
                <PointProjection version="1" id="VTR:PointProjection:4870">
                  <ProjectedPointRef ref="VTR:ScheduledStopPoint:1768687" version="1"/>
                </PointProjection>
              </projections>
            </RoutePoint>
            <RoutePoint version="1" id="VTR:RoutePoint:1768688">
              <projections>
                <PointProjection version="1" id="VTR:PointProjection:4871">
                  <ProjectedPointRef ref="VTR:ScheduledStopPoint:1768688" version="1"/>
                </PointProjection>
              </projections>
            </RoutePoint>
            <RoutePoint version="1" id="VTR:RoutePoint:1768689">
              <projections>
                <PointProjection version="1" id="VTR:PointProjection:4872">
                  <ProjectedPointRef ref="VTR:ScheduledStopPoint:1768689" version="1"/>
                </PointProjection>
              </projections>
            </RoutePoint>
            <RoutePoint version="1" id="VTR:RoutePoint:1768690">
              <projections>
                <PointProjection version="1" id="VTR:PointProjection:5082">
                  <ProjectedPointRef ref="VTR:ScheduledStopPoint:1768690" version="1"/>
                </PointProjection>
              </projections>
            </RoutePoint>
            <RoutePoint version="1" id="VTR:RoutePoint:1768691">
              <projections>
                <PointProjection version="1" id="VTR:PointProjection:5078">
                  <ProjectedPointRef ref="VTR:ScheduledStopPoint:1768691" version="1"/>
                </PointProjection>
              </projections>
            </RoutePoint>
            <RoutePoint version="1" id="VTR:RoutePoint:1768692">
              <projections>
                <PointProjection version="1" id="VTR:PointProjection:5079">
                  <ProjectedPointRef ref="VTR:ScheduledStopPoint:1768692" version="1"/>
                </PointProjection>
              </projections>
            </RoutePoint>
            <RoutePoint version="1" id="VTR:RoutePoint:1768701">
              <projections>
                <PointProjection version="1" id="VTR:PointProjection:19117">
                  <ProjectedPointRef ref="VTR:ScheduledStopPoint:1768701" version="1"/>
                </PointProjection>
              </projections>
            </RoutePoint>
            <RoutePoint version="1" id="VTR:RoutePoint:1768706">
              <projections>
                <PointProjection version="1" id="VTR:PointProjection:52217">
                  <ProjectedPointRef ref="VTR:ScheduledStopPoint:1768706" version="1"/>
                </PointProjection>
              </projections>
            </RoutePoint>
            <RoutePoint version="1" id="VTR:RoutePoint:1768707">
              <projections>
                <PointProjection version="1" id="VTR:PointProjection:52218">
                  <ProjectedPointRef ref="VTR:ScheduledStopPoint:1768707" version="1"/>
                </PointProjection>
              </projections>
            </RoutePoint>
            <RoutePoint version="1" id="VTR:RoutePoint:1768708">
              <projections>
                <PointProjection version="1" id="VTR:PointProjection:52219">
                  <ProjectedPointRef ref="VTR:ScheduledStopPoint:1768708" version="1"/>
                </PointProjection>
              </projections>
            </RoutePoint>
            <RoutePoint version="1" id="VTR:RoutePoint:1768709">
              <projections>
                <PointProjection version="1" id="VTR:PointProjection:52407">
                  <ProjectedPointRef ref="VTR:ScheduledStopPoint:1768709" version="1"/>
                </PointProjection>
              </projections>
            </RoutePoint>
            <RoutePoint version="1" id="VTR:RoutePoint:1768710">
              <projections>
                <PointProjection version="1" id="VTR:PointProjection:52409">
                  <ProjectedPointRef ref="VTR:ScheduledStopPoint:1768710" version="1"/>
                </PointProjection>
              </projections>
            </RoutePoint>
            <RoutePoint version="1" id="VTR:RoutePoint:1768711">
              <projections>
                <PointProjection version="1" id="VTR:PointProjection:54607">
                  <ProjectedPointRef ref="VTR:ScheduledStopPoint:1768711" version="1"/>
                </PointProjection>
              </projections>
            </RoutePoint>
            <RoutePoint version="1" id="VTR:RoutePoint:1768712">
              <projections>
                <PointProjection version="1" id="VTR:PointProjection:54608">
                  <ProjectedPointRef ref="VTR:ScheduledStopPoint:1768712" version="1"/>
                </PointProjection>
              </projections>
            </RoutePoint>
            <RoutePoint version="1" id="VTR:RoutePoint:1768713">
              <projections>
                <PointProjection version="1" id="VTR:PointProjection:54609">
                  <ProjectedPointRef ref="VTR:ScheduledStopPoint:1768713" version="1"/>
                </PointProjection>
              </projections>
            </RoutePoint>
            <RoutePoint version="1" id="VTR:RoutePoint:1768714">
              <projections>
                <PointProjection version="1" id="VTR:PointProjection:55252">
                  <ProjectedPointRef ref="VTR:ScheduledStopPoint:1768714" version="1"/>
                </PointProjection>
              </projections>
            </RoutePoint>
            <RoutePoint version="1" id="VTR:RoutePoint:1768715">
              <projections>
                <PointProjection version="1" id="VTR:PointProjection:55073">
                  <ProjectedPointRef ref="VTR:ScheduledStopPoint:1768715" version="1"/>
                </PointProjection>
              </projections>
            </RoutePoint>
            <RoutePoint version="1" id="VTR:RoutePoint:1768716">
              <projections>
                <PointProjection version="1" id="VTR:PointProjection:55074">
                  <ProjectedPointRef ref="VTR:ScheduledStopPoint:1768716" version="1"/>
                </PointProjection>
              </projections>
            </RoutePoint>
            <RoutePoint version="1" id="VTR:RoutePoint:1768718">
              <projections>
                <PointProjection version="1" id="VTR:PointProjection:6035">
                  <ProjectedPointRef ref="VTR:ScheduledStopPoint:1768718" version="1"/>
                </PointProjection>
              </projections>
            </RoutePoint>
          </routePoints>
          <routes>
            <Route version="1" id="VTR:Route:20620">
              <Name>Luoba-Skuodas</Name>
              <ShortName>Luoba-Skuodas</ShortName>
              <LineRef ref="VTR:Line:7303" version="9446"/>
              <DirectionType>inbound</DirectionType>
              <pointsInSequence>
                <PointOnRoute version="1" id="VTR:PointOnRoute:1768706" order="1">
                  <RoutePointRef ref="VTR:RoutePoint:1768706"/>
                </PointOnRoute>
                <PointOnRoute version="1" id="VTR:PointOnRoute:1768707" order="2">
                  <RoutePointRef ref="VTR:RoutePoint:1768707"/>
                </PointOnRoute>
                <PointOnRoute version="1" id="VTR:PointOnRoute:1768708" order="3">
                  <RoutePointRef ref="VTR:RoutePoint:1768708"/>
                </PointOnRoute>
                <PointOnRoute version="1" id="VTR:PointOnRoute:1768709" order="4">
                  <RoutePointRef ref="VTR:RoutePoint:1768709"/>
                </PointOnRoute>
                <PointOnRoute version="1" id="VTR:PointOnRoute:1768701" order="5">
                  <RoutePointRef ref="VTR:RoutePoint:1768701"/>
                </PointOnRoute>
                <PointOnRoute version="1" id="VTR:PointOnRoute:1768710" order="6">
                  <RoutePointRef ref="VTR:RoutePoint:1768710"/>
                </PointOnRoute>
                <PointOnRoute version="1" id="VTR:PointOnRoute:1768711" order="7">
                  <RoutePointRef ref="VTR:RoutePoint:1768711"/>
                </PointOnRoute>
                <PointOnRoute version="1" id="VTR:PointOnRoute:1768712" order="8">
                  <RoutePointRef ref="VTR:RoutePoint:1768712"/>
                </PointOnRoute>
                <PointOnRoute version="1" id="VTR:PointOnRoute:1768713" order="9">
                  <RoutePointRef ref="VTR:RoutePoint:1768713"/>
                </PointOnRoute>
                <PointOnRoute version="1" id="VTR:PointOnRoute:1768714" order="10">
                  <RoutePointRef ref="VTR:RoutePoint:1768714"/>
                </PointOnRoute>
                <PointOnRoute version="1" id="VTR:PointOnRoute:1768715" order="11">
                  <RoutePointRef ref="VTR:RoutePoint:1768715"/>
                </PointOnRoute>
                <PointOnRoute version="1" id="VTR:PointOnRoute:1768716" order="12">
                  <RoutePointRef ref="VTR:RoutePoint:1768716"/>
                </PointOnRoute>
                <PointOnRoute version="1" id="VTR:PointOnRoute:1768718" order="13">
                  <RoutePointRef ref="VTR:RoutePoint:1768718"/>
                </PointOnRoute>
              </pointsInSequence>
            </Route>
            <Route version="1" id="VTR:Route:20618">
              <Name>Skuodas-Luoba</Name>
              <ShortName>Skuodas-Luoba</ShortName>
              <LineRef ref="VTR:Line:7303" version="9446"/>
              <DirectionType>outbound</DirectionType>
              <pointsInSequence>
                <PointOnRoute version="1" id="VTR:PointOnRoute:1768680" order="1">
                  <RoutePointRef ref="VTR:RoutePoint:1768680"/>
                </PointOnRoute>
                <PointOnRoute version="1" id="VTR:PointOnRoute:1768681" order="2">
                  <RoutePointRef ref="VTR:RoutePoint:1768681"/>
                </PointOnRoute>
                <PointOnRoute version="1" id="VTR:PointOnRoute:1768682" order="3">
                  <RoutePointRef ref="VTR:RoutePoint:1768682"/>
                </PointOnRoute>
                <PointOnRoute version="1" id="VTR:PointOnRoute:1768691" order="4">
                  <RoutePointRef ref="VTR:RoutePoint:1768691"/>
                </PointOnRoute>
                <PointOnRoute version="1" id="VTR:PointOnRoute:1768683" order="5">
                  <RoutePointRef ref="VTR:RoutePoint:1768683"/>
                </PointOnRoute>
                <PointOnRoute version="1" id="VTR:PointOnRoute:1768684" order="6">
                  <RoutePointRef ref="VTR:RoutePoint:1768684"/>
                </PointOnRoute>
                <PointOnRoute version="1" id="VTR:PointOnRoute:1768685" order="7">
                  <RoutePointRef ref="VTR:RoutePoint:1768685"/>
                </PointOnRoute>
                <PointOnRoute version="1" id="VTR:PointOnRoute:1768686" order="8">
                  <RoutePointRef ref="VTR:RoutePoint:1768686"/>
                </PointOnRoute>
                <PointOnRoute version="1" id="VTR:PointOnRoute:1768687" order="9">
                  <RoutePointRef ref="VTR:RoutePoint:1768687"/>
                </PointOnRoute>
                <PointOnRoute version="1" id="VTR:PointOnRoute:1768688" order="10">
                  <RoutePointRef ref="VTR:RoutePoint:1768688"/>
                </PointOnRoute>
                <PointOnRoute version="1" id="VTR:PointOnRoute:1768689" order="11">
                  <RoutePointRef ref="VTR:RoutePoint:1768689"/>
                </PointOnRoute>
                <PointOnRoute version="1" id="VTR:PointOnRoute:1768690" order="12">
                  <RoutePointRef ref="VTR:RoutePoint:1768690"/>
                </PointOnRoute>
                <PointOnRoute version="1" id="VTR:PointOnRoute:1768692" order="13">
                  <RoutePointRef ref="VTR:RoutePoint:1768692"/>
                </PointOnRoute>
              </pointsInSequence>
            </Route>
          </routes>
          <lines>
            <Line version="9446" id="VTR:Line:7303">
              <Name>Skuodas-Luoba-Skuodas</Name>
              <TransportMode>bus</TransportMode>
              <TransportSubmode>
                <BusSubmode>regionalBus</BusSubmode>
              </TransportSubmode>
              <PublicCode>36</PublicCode>
              <OperatorRef ref="VTR:Operator:29"/>
            </Line>
          </lines>
          <scheduledStopPoints>
            <ScheduledStopPoint version="1" id="VTR:ScheduledStopPoint:1768680">
              <Name>Skuodas</Name>
            </ScheduledStopPoint>
            <ScheduledStopPoint version="1" id="VTR:ScheduledStopPoint:1768681">
              <Name>Rūšupiai</Name>
            </ScheduledStopPoint>
            <ScheduledStopPoint version="1" id="VTR:ScheduledStopPoint:1768682">
              <Name>Šarkė</Name>
            </ScheduledStopPoint>
            <ScheduledStopPoint version="1" id="VTR:ScheduledStopPoint:1768683">
              <Name>Aleksandrija</Name>
            </ScheduledStopPoint>
            <ScheduledStopPoint version="1" id="VTR:ScheduledStopPoint:1768684">
              <Name>Klauseikiai</Name>
            </ScheduledStopPoint>
            <ScheduledStopPoint version="1" id="VTR:ScheduledStopPoint:1768685">
              <Name>Gintalaičiai</Name>
            </ScheduledStopPoint>
            <ScheduledStopPoint version="1" id="VTR:ScheduledStopPoint:1768686">
              <Name>Stripiniai</Name>
            </ScheduledStopPoint>
            <ScheduledStopPoint version="1" id="VTR:ScheduledStopPoint:1768687">
              <Name>Ylakiai</Name>
            </ScheduledStopPoint>
            <ScheduledStopPoint version="1" id="VTR:ScheduledStopPoint:1768688">
              <Name>Ylakaičiai</Name>
            </ScheduledStopPoint>
            <ScheduledStopPoint version="1" id="VTR:ScheduledStopPoint:1768689">
              <Name>Gricaičiai</Name>
            </ScheduledStopPoint>
            <ScheduledStopPoint version="1" id="VTR:ScheduledStopPoint:1768690">
              <Name>Pašilė</Name>
            </ScheduledStopPoint>
            <ScheduledStopPoint version="1" id="VTR:ScheduledStopPoint:1768691">
              <Name>Truikiniai</Name>
            </ScheduledStopPoint>
            <ScheduledStopPoint version="1" id="VTR:ScheduledStopPoint:1768692">
              <Name>Luoba</Name>
            </ScheduledStopPoint>
            <ScheduledStopPoint version="1" id="VTR:ScheduledStopPoint:1768701">
              <Name>Ylakiai</Name>
            </ScheduledStopPoint>
            <ScheduledStopPoint version="1" id="VTR:ScheduledStopPoint:1768706">
              <Name>Luoba</Name>
            </ScheduledStopPoint>
            <ScheduledStopPoint version="1" id="VTR:ScheduledStopPoint:1768707">
              <Name>Pašilė</Name>
            </ScheduledStopPoint>
            <ScheduledStopPoint version="1" id="VTR:ScheduledStopPoint:1768708">
              <Name>Pašilė</Name>
            </ScheduledStopPoint>
            <ScheduledStopPoint version="1" id="VTR:ScheduledStopPoint:1768709">
              <Name>Ylakaičiai</Name>
            </ScheduledStopPoint>
            <ScheduledStopPoint version="1" id="VTR:ScheduledStopPoint:1768710">
              <Name>Stripiniai</Name>
            </ScheduledStopPoint>
            <ScheduledStopPoint version="1" id="VTR:ScheduledStopPoint:1768711">
              <Name>Gintalaičiai</Name>
            </ScheduledStopPoint>
            <ScheduledStopPoint version="1" id="VTR:ScheduledStopPoint:1768712">
              <Name>Klauseikiai</Name>
            </ScheduledStopPoint>
            <ScheduledStopPoint version="1" id="VTR:ScheduledStopPoint:1768713">
              <Name>Aleksandrija</Name>
            </ScheduledStopPoint>
            <ScheduledStopPoint version="1" id="VTR:ScheduledStopPoint:1768714">
              <Name>Truikiniai</Name>
            </ScheduledStopPoint>
            <ScheduledStopPoint version="1" id="VTR:ScheduledStopPoint:1768715">
              <Name>Šarkė</Name>
            </ScheduledStopPoint>
            <ScheduledStopPoint version="1" id="VTR:ScheduledStopPoint:1768716">
              <Name>Rūšupiai</Name>
            </ScheduledStopPoint>
            <ScheduledStopPoint version="1" id="VTR:ScheduledStopPoint:1768718">
              <Name>Skuodo autobusų stotis</Name>
            </ScheduledStopPoint>
          </scheduledStopPoints>
          <serviceLinks>
            <ServiceLink id="VTR:ServiceLink:1768681_1_1768682_1" version="1">
              <Distance>2</Distance>
              <FromPointRef ref="VTR:ScheduledStopPoint:1768681" version="1"/>
              <ToPointRef ref="VTR:ScheduledStopPoint:1768682" version="1"/>
            </ServiceLink>
            <ServiceLink id="VTR:ServiceLink:1768688_1_1768689_1" version="1">
              <Distance>1</Distance>
              <FromPointRef ref="VTR:ScheduledStopPoint:1768688" version="1"/>
              <ToPointRef ref="VTR:ScheduledStopPoint:1768689" version="1"/>
            </ServiceLink>
            <ServiceLink id="VTR:ServiceLink:1768716_1_1768718_1" version="1">
              <Distance>3</Distance>
              <FromPointRef ref="VTR:ScheduledStopPoint:1768716" version="1"/>
              <ToPointRef ref="VTR:ScheduledStopPoint:1768718" version="1"/>
            </ServiceLink>
            <ServiceLink id="VTR:ServiceLink:1768701_1_1768710_1" version="1">
              <Distance>3</Distance>
              <FromPointRef ref="VTR:ScheduledStopPoint:1768701" version="1"/>
              <ToPointRef ref="VTR:ScheduledStopPoint:1768710" version="1"/>
            </ServiceLink>
            <ServiceLink id="VTR:ServiceLink:1768710_1_1768711_1" version="1">
              <Distance>2</Distance>
              <FromPointRef ref="VTR:ScheduledStopPoint:1768710" version="1"/>
              <ToPointRef ref="VTR:ScheduledStopPoint:1768711" version="1"/>
            </ServiceLink>
            <ServiceLink id="VTR:ServiceLink:1768708_1_1768709_1" version="1">
              <Distance>1</Distance>
              <FromPointRef ref="VTR:ScheduledStopPoint:1768708" version="1"/>
              <ToPointRef ref="VTR:ScheduledStopPoint:1768709" version="1"/>
            </ServiceLink>
            <ServiceLink id="VTR:ServiceLink:1768706_1_1768707_1" version="1">
              <Distance>3</Distance>
              <FromPointRef ref="VTR:ScheduledStopPoint:1768706" version="1"/>
              <ToPointRef ref="VTR:ScheduledStopPoint:1768707" version="1"/>
            </ServiceLink>
            <ServiceLink id="VTR:ServiceLink:1768680_1_1768681_1" version="1">
              <Distance>3</Distance>
              <FromPointRef ref="VTR:ScheduledStopPoint:1768680" version="1"/>
              <ToPointRef ref="VTR:ScheduledStopPoint:1768681" version="1"/>
            </ServiceLink>
            <ServiceLink id="VTR:ServiceLink:1768684_1_1768685_1" version="1">
              <Distance>1</Distance>
              <FromPointRef ref="VTR:ScheduledStopPoint:1768684" version="1"/>
              <ToPointRef ref="VTR:ScheduledStopPoint:1768685" version="1"/>
            </ServiceLink>
            <ServiceLink id="VTR:ServiceLink:1768712_1_1768713_1" version="1">
              <Distance>3</Distance>
              <FromPointRef ref="VTR:ScheduledStopPoint:1768712" version="1"/>
              <ToPointRef ref="VTR:ScheduledStopPoint:1768713" version="1"/>
            </ServiceLink>
            <ServiceLink id="VTR:ServiceLink:1768715_1_1768716_1" version="1">
              <Distance>2</Distance>
              <FromPointRef ref="VTR:ScheduledStopPoint:1768715" version="1"/>
              <ToPointRef ref="VTR:ScheduledStopPoint:1768716" version="1"/>
            </ServiceLink>
            <ServiceLink id="VTR:ServiceLink:1768711_1_1768712_1" version="1">
              <Distance>1</Distance>
              <FromPointRef ref="VTR:ScheduledStopPoint:1768711" version="1"/>
              <ToPointRef ref="VTR:ScheduledStopPoint:1768712" version="1"/>
            </ServiceLink>
            <ServiceLink id="VTR:ServiceLink:1768687_1_1768688_1" version="1">
              <Distance>3</Distance>
              <FromPointRef ref="VTR:ScheduledStopPoint:1768687" version="1"/>
              <ToPointRef ref="VTR:ScheduledStopPoint:1768688" version="1"/>
            </ServiceLink>
            <ServiceLink id="VTR:ServiceLink:1768691_1_1768683_1" version="1">
              <Distance>2</Distance>
              <FromPointRef ref="VTR:ScheduledStopPoint:1768691" version="1"/>
              <ToPointRef ref="VTR:ScheduledStopPoint:1768683" version="1"/>
            </ServiceLink>
            <ServiceLink id="VTR:ServiceLink:1768682_1_1768691_1" version="1">
              <Distance>1</Distance>
              <FromPointRef ref="VTR:ScheduledStopPoint:1768682" version="1"/>
              <ToPointRef ref="VTR:ScheduledStopPoint:1768691" version="1"/>
            </ServiceLink>
            <ServiceLink id="VTR:ServiceLink:1768707_1_1768708_1" version="1">
              <Distance>1</Distance>
              <FromPointRef ref="VTR:ScheduledStopPoint:1768707" version="1"/>
              <ToPointRef ref="VTR:ScheduledStopPoint:1768708" version="1"/>
            </ServiceLink>
            <ServiceLink id="VTR:ServiceLink:1768713_1_1768714_1" version="1">
              <Distance>1</Distance>
              <FromPointRef ref="VTR:ScheduledStopPoint:1768713" version="1"/>
              <ToPointRef ref="VTR:ScheduledStopPoint:1768714" version="1"/>
            </ServiceLink>
            <ServiceLink id="VTR:ServiceLink:1768714_1_1768715_1" version="1">
              <Distance>1</Distance>
              <FromPointRef ref="VTR:ScheduledStopPoint:1768714" version="1"/>
              <ToPointRef ref="VTR:ScheduledStopPoint:1768715" version="1"/>
            </ServiceLink>
            <ServiceLink id="VTR:ServiceLink:1768690_1_1768692_1" version="1">
              <Distance>3</Distance>
              <FromPointRef ref="VTR:ScheduledStopPoint:1768690" version="1"/>
              <ToPointRef ref="VTR:ScheduledStopPoint:1768692" version="1"/>
            </ServiceLink>
            <ServiceLink id="VTR:ServiceLink:1768686_1_1768687_1" version="1">
              <Distance>2</Distance>
              <FromPointRef ref="VTR:ScheduledStopPoint:1768686" version="1"/>
              <ToPointRef ref="VTR:ScheduledStopPoint:1768687" version="1"/>
            </ServiceLink>
            <ServiceLink id="VTR:ServiceLink:1768689_1_1768690_1" version="1">
              <Distance>1</Distance>
              <FromPointRef ref="VTR:ScheduledStopPoint:1768689" version="1"/>
              <ToPointRef ref="VTR:ScheduledStopPoint:1768690" version="1"/>
            </ServiceLink>
            <ServiceLink id="VTR:ServiceLink:1768709_1_1768701_1" version="1">
              <Distance>3</Distance>
              <FromPointRef ref="VTR:ScheduledStopPoint:1768709" version="1"/>
              <ToPointRef ref="VTR:ScheduledStopPoint:1768701" version="1"/>
            </ServiceLink>
            <ServiceLink id="VTR:ServiceLink:1768685_1_1768686_1" version="1">
              <Distance>2</Distance>
              <FromPointRef ref="VTR:ScheduledStopPoint:1768685" version="1"/>
              <ToPointRef ref="VTR:ScheduledStopPoint:1768686" version="1"/>
            </ServiceLink>
            <ServiceLink id="VTR:ServiceLink:1768683_1_1768684_1" version="1">
              <Distance>3</Distance>
              <FromPointRef ref="VTR:ScheduledStopPoint:1768683" version="1"/>
              <ToPointRef ref="VTR:ScheduledStopPoint:1768684" version="1"/>
            </ServiceLink>
          </serviceLinks>
          <stopAssignments>
            <PassengerStopAssignment order="2061800000" id="VTR:PassengerStopAssignment:1768680" version="1">
              <ScheduledStopPointRef ref="VTR:ScheduledStopPoint:1768680" version="1"/>
              <QuayRef ref="VTR:Quay:6233"/>
            </PassengerStopAssignment>
            <PassengerStopAssignment order="2061800001" id="VTR:PassengerStopAssignment:1768681" version="1">
              <ScheduledStopPointRef ref="VTR:ScheduledStopPoint:1768681" version="1"/>
              <QuayRef ref="VTR:Quay:10954"/>
            </PassengerStopAssignment>
            <PassengerStopAssignment order="2061800002" id="VTR:PassengerStopAssignment:1768682" version="1">
              <ScheduledStopPointRef ref="VTR:ScheduledStopPoint:1768682" version="1"/>
              <QuayRef ref="VTR:Quay:12031"/>
            </PassengerStopAssignment>
            <PassengerStopAssignment order="2061800003" id="VTR:PassengerStopAssignment:1768691" version="1">
              <ScheduledStopPointRef ref="VTR:ScheduledStopPoint:1768691" version="1"/>
              <QuayRef ref="VTR:Quay:9200"/>
            </PassengerStopAssignment>
            <PassengerStopAssignment order="2061800004" id="VTR:PassengerStopAssignment:1768683" version="1">
              <ScheduledStopPointRef ref="VTR:ScheduledStopPoint:1768683" version="1"/>
              <QuayRef ref="VTR:Quay:11025"/>
            </PassengerStopAssignment>
            <PassengerStopAssignment order="2061800005" id="VTR:PassengerStopAssignment:1768684" version="1">
              <ScheduledStopPointRef ref="VTR:ScheduledStopPoint:1768684" version="1"/>
              <QuayRef ref="VTR:Quay:12145"/>
            </PassengerStopAssignment>
            <PassengerStopAssignment order="2061800006" id="VTR:PassengerStopAssignment:1768685" version="1">
              <ScheduledStopPointRef ref="VTR:ScheduledStopPoint:1768685" version="1"/>
              <QuayRef ref="VTR:Quay:9202"/>
            </PassengerStopAssignment>
            <PassengerStopAssignment order="2061800007" id="VTR:PassengerStopAssignment:1768686" version="1">
              <ScheduledStopPointRef ref="VTR:ScheduledStopPoint:1768686" version="1"/>
              <QuayRef ref="VTR:Quay:8112"/>
            </PassengerStopAssignment>
            <PassengerStopAssignment order="2061800008" id="VTR:PassengerStopAssignment:1768687" version="1">
              <ScheduledStopPointRef ref="VTR:ScheduledStopPoint:1768687" version="1"/>
              <QuayRef ref="VTR:Quay:4196"/>
            </PassengerStopAssignment>
            <PassengerStopAssignment order="2061800009" id="VTR:PassengerStopAssignment:1768688" version="1">
              <ScheduledStopPointRef ref="VTR:ScheduledStopPoint:1768688" version="1"/>
              <QuayRef ref="VTR:Quay:4579"/>
            </PassengerStopAssignment>
            <PassengerStopAssignment order="2061800010" id="VTR:PassengerStopAssignment:1768689" version="1">
              <ScheduledStopPointRef ref="VTR:ScheduledStopPoint:1768689" version="1"/>
              <QuayRef ref="VTR:Quay:20020"/>
            </PassengerStopAssignment>
            <PassengerStopAssignment order="2061800011" id="VTR:PassengerStopAssignment:1768690" version="1">
              <ScheduledStopPointRef ref="VTR:ScheduledStopPoint:1768690" version="1"/>
              <QuayRef ref="VTR:Quay:4198"/>
            </PassengerStopAssignment>
            <PassengerStopAssignment order="2061800012" id="VTR:PassengerStopAssignment:1768692" version="1">
              <ScheduledStopPointRef ref="VTR:ScheduledStopPoint:1768692" version="1"/>
              <QuayRef ref="VTR:Quay:13975"/>
            </PassengerStopAssignment>
            <PassengerStopAssignment order="2062000000" id="VTR:PassengerStopAssignment:1768706" version="1">
              <ScheduledStopPointRef ref="VTR:ScheduledStopPoint:1768706" version="1"/>
              <QuayRef ref="VTR:Quay:11006"/>
            </PassengerStopAssignment>
            <PassengerStopAssignment order="2062000001" id="VTR:PassengerStopAssignment:1768707" version="1">
              <ScheduledStopPointRef ref="VTR:ScheduledStopPoint:1768707" version="1"/>
              <QuayRef ref="VTR:Quay:6598"/>
            </PassengerStopAssignment>
            <PassengerStopAssignment order="2062000002" id="VTR:PassengerStopAssignment:1768708" version="1">
              <ScheduledStopPointRef ref="VTR:ScheduledStopPoint:1768708" version="1"/>
              <QuayRef ref="VTR:Quay:4223"/>
            </PassengerStopAssignment>
            <PassengerStopAssignment order="2062000003" id="VTR:PassengerStopAssignment:1768709" version="1">
              <ScheduledStopPointRef ref="VTR:ScheduledStopPoint:1768709" version="1"/>
              <QuayRef ref="VTR:Quay:4240"/>
            </PassengerStopAssignment>
            <PassengerStopAssignment order="2062000004" id="VTR:PassengerStopAssignment:1768701" version="1">
              <ScheduledStopPointRef ref="VTR:ScheduledStopPoint:1768701" version="1"/>
              <QuayRef ref="VTR:Quay:4196"/>
            </PassengerStopAssignment>
            <PassengerStopAssignment order="2062000005" id="VTR:PassengerStopAssignment:1768710" version="1">
              <ScheduledStopPointRef ref="VTR:ScheduledStopPoint:1768710" version="1"/>
              <QuayRef ref="VTR:Quay:8198"/>
            </PassengerStopAssignment>
            <PassengerStopAssignment order="2062000006" id="VTR:PassengerStopAssignment:1768711" version="1">
              <ScheduledStopPointRef ref="VTR:ScheduledStopPoint:1768711" version="1"/>
              <QuayRef ref="VTR:Quay:13958"/>
            </PassengerStopAssignment>
            <PassengerStopAssignment order="2062000007" id="VTR:PassengerStopAssignment:1768712" version="1">
              <ScheduledStopPointRef ref="VTR:ScheduledStopPoint:1768712" version="1"/>
              <QuayRef ref="VTR:Quay:16052"/>
            </PassengerStopAssignment>
            <PassengerStopAssignment order="2062000008" id="VTR:PassengerStopAssignment:1768713" version="1">
              <ScheduledStopPointRef ref="VTR:ScheduledStopPoint:1768713" version="1"/>
              <QuayRef ref="VTR:Quay:8196"/>
            </PassengerStopAssignment>
            <PassengerStopAssignment order="2062000009" id="VTR:PassengerStopAssignment:1768714" version="1">
              <ScheduledStopPointRef ref="VTR:ScheduledStopPoint:1768714" version="1"/>
              <QuayRef ref="VTR:Quay:6274"/>
            </PassengerStopAssignment>
            <PassengerStopAssignment order="2062000010" id="VTR:PassengerStopAssignment:1768715" version="1">
              <ScheduledStopPointRef ref="VTR:ScheduledStopPoint:1768715" version="1"/>
              <QuayRef ref="VTR:Quay:5251"/>
            </PassengerStopAssignment>
            <PassengerStopAssignment order="2062000011" id="VTR:PassengerStopAssignment:1768716" version="1">
              <ScheduledStopPointRef ref="VTR:ScheduledStopPoint:1768716" version="1"/>
              <QuayRef ref="VTR:Quay:10997"/>
            </PassengerStopAssignment>
            <PassengerStopAssignment order="2062000012" id="VTR:PassengerStopAssignment:1768718" version="1">
              <ScheduledStopPointRef ref="VTR:ScheduledStopPoint:1768718" version="1"/>
              <QuayRef ref="VTR:Quay:19456"/>
            </PassengerStopAssignment>
          </stopAssignments>
          <journeyPatterns>
            <JourneyPattern id="VTR:JourneyPattern:3803909" version="3806515">
              <Name>1.1</Name>
              <RouteRef ref="VTR:Route:20620" version="1"/>
              <pointsInSequence>
                <StopPointInJourneyPattern id="VTR:StopPointInJourneyPattern:130533236" version="3806515" order="1">
                  <ScheduledStopPointRef ref="VTR:ScheduledStopPoint:1768706"/>
                  <DestinationDisplayRef ref="VTR:DestinationDisplay:1"/>
                </StopPointInJourneyPattern>
                <StopPointInJourneyPattern id="VTR:StopPointInJourneyPattern:130533237" version="3806515" order="2">
                  <ScheduledStopPointRef ref="VTR:ScheduledStopPoint:1768707"/>
                  <DestinationDisplayRef ref="VTR:DestinationDisplay:1"/>
                </StopPointInJourneyPattern>
                <StopPointInJourneyPattern id="VTR:StopPointInJourneyPattern:130533238" version="3806515" order="3">
                  <ScheduledStopPointRef ref="VTR:ScheduledStopPoint:1768708"/>
                  <DestinationDisplayRef ref="VTR:DestinationDisplay:1"/>
                </StopPointInJourneyPattern>
                <StopPointInJourneyPattern id="VTR:StopPointInJourneyPattern:130533239" version="3806515" order="4">
                  <ScheduledStopPointRef ref="VTR:ScheduledStopPoint:1768709"/>
                  <DestinationDisplayRef ref="VTR:DestinationDisplay:1"/>
                </StopPointInJourneyPattern>
                <StopPointInJourneyPattern id="VTR:StopPointInJourneyPattern:130533240" version="3806515" order="5">
                  <ScheduledStopPointRef ref="VTR:ScheduledStopPoint:1768701"/>
                  <DestinationDisplayRef ref="VTR:DestinationDisplay:1"/>
                </StopPointInJourneyPattern>
                <StopPointInJourneyPattern id="VTR:StopPointInJourneyPattern:130533241" version="3806515" order="6">
                  <ScheduledStopPointRef ref="VTR:ScheduledStopPoint:1768710"/>
                  <DestinationDisplayRef ref="VTR:DestinationDisplay:1"/>
                </StopPointInJourneyPattern>
                <StopPointInJourneyPattern id="VTR:StopPointInJourneyPattern:130533242" version="3806515" order="7">
                  <ScheduledStopPointRef ref="VTR:ScheduledStopPoint:1768711"/>
                  <DestinationDisplayRef ref="VTR:DestinationDisplay:1"/>
                </StopPointInJourneyPattern>
                <StopPointInJourneyPattern id="VTR:StopPointInJourneyPattern:130533243" version="3806515" order="8">
                  <ScheduledStopPointRef ref="VTR:ScheduledStopPoint:1768712"/>
                  <DestinationDisplayRef ref="VTR:DestinationDisplay:1"/>
                </StopPointInJourneyPattern>
                <StopPointInJourneyPattern id="VTR:StopPointInJourneyPattern:130533244" version="3806515" order="9">
                  <ScheduledStopPointRef ref="VTR:ScheduledStopPoint:1768713"/>
                  <DestinationDisplayRef ref="VTR:DestinationDisplay:1"/>
                </StopPointInJourneyPattern>
                <StopPointInJourneyPattern id="VTR:StopPointInJourneyPattern:130533245" version="3806515" order="10">
                  <ScheduledStopPointRef ref="VTR:ScheduledStopPoint:1768714"/>
                  <DestinationDisplayRef ref="VTR:DestinationDisplay:1"/>
                </StopPointInJourneyPattern>
                <StopPointInJourneyPattern id="VTR:StopPointInJourneyPattern:130533246" version="3806515" order="11">
                  <ScheduledStopPointRef ref="VTR:ScheduledStopPoint:1768715"/>
                  <DestinationDisplayRef ref="VTR:DestinationDisplay:1"/>
                </StopPointInJourneyPattern>
                <StopPointInJourneyPattern id="VTR:StopPointInJourneyPattern:130533247" version="3806515" order="12">
                  <ScheduledStopPointRef ref="VTR:ScheduledStopPoint:1768716"/>
                  <DestinationDisplayRef ref="VTR:DestinationDisplay:1"/>
                </StopPointInJourneyPattern>
                <StopPointInJourneyPattern id="VTR:StopPointInJourneyPattern:130533248" version="3806515" order="13">
                  <ScheduledStopPointRef ref="VTR:ScheduledStopPoint:1768718"/>
                  <DestinationDisplayRef ref="VTR:DestinationDisplay:1"/>
                </StopPointInJourneyPattern>
              </pointsInSequence>
            </JourneyPattern>
            <JourneyPattern id="VTR:JourneyPattern:3803909" version="3806636">
              <Name>1</Name>
              <RouteRef ref="VTR:Route:20620" version="1"/>
              <pointsInSequence>
                <StopPointInJourneyPattern id="VTR:StopPointInJourneyPattern:131058914" version="3806636" order="1">
                  <ScheduledStopPointRef ref="VTR:ScheduledStopPoint:1768706"/>
                  <DestinationDisplayRef ref="VTR:DestinationDisplay:1"/>
                </StopPointInJourneyPattern>
                <StopPointInJourneyPattern id="VTR:StopPointInJourneyPattern:131058915" version="3806636" order="2">
                  <ScheduledStopPointRef ref="VTR:ScheduledStopPoint:1768707"/>
                  <DestinationDisplayRef ref="VTR:DestinationDisplay:1"/>
                </StopPointInJourneyPattern>
                <StopPointInJourneyPattern id="VTR:StopPointInJourneyPattern:131058916" version="3806636" order="3">
                  <ScheduledStopPointRef ref="VTR:ScheduledStopPoint:1768708"/>
                  <DestinationDisplayRef ref="VTR:DestinationDisplay:1"/>
                </StopPointInJourneyPattern>
                <StopPointInJourneyPattern id="VTR:StopPointInJourneyPattern:131058917" version="3806636" order="4">
                  <ScheduledStopPointRef ref="VTR:ScheduledStopPoint:1768709"/>
                  <DestinationDisplayRef ref="VTR:DestinationDisplay:1"/>
                </StopPointInJourneyPattern>
                <StopPointInJourneyPattern id="VTR:StopPointInJourneyPattern:131058918" version="3806636" order="5">
                  <ScheduledStopPointRef ref="VTR:ScheduledStopPoint:1768701"/>
                  <DestinationDisplayRef ref="VTR:DestinationDisplay:1"/>
                </StopPointInJourneyPattern>
                <StopPointInJourneyPattern id="VTR:StopPointInJourneyPattern:131058919" version="3806636" order="6">
                  <ScheduledStopPointRef ref="VTR:ScheduledStopPoint:1768710"/>
                  <DestinationDisplayRef ref="VTR:DestinationDisplay:1"/>
                </StopPointInJourneyPattern>
                <StopPointInJourneyPattern id="VTR:StopPointInJourneyPattern:131058920" version="3806636" order="7">
                  <ScheduledStopPointRef ref="VTR:ScheduledStopPoint:1768711"/>
                  <DestinationDisplayRef ref="VTR:DestinationDisplay:1"/>
                </StopPointInJourneyPattern>
                <StopPointInJourneyPattern id="VTR:StopPointInJourneyPattern:131058921" version="3806636" order="8">
                  <ScheduledStopPointRef ref="VTR:ScheduledStopPoint:1768712"/>
                  <DestinationDisplayRef ref="VTR:DestinationDisplay:1"/>
                </StopPointInJourneyPattern>
                <StopPointInJourneyPattern id="VTR:StopPointInJourneyPattern:131058922" version="3806636" order="9">
                  <ScheduledStopPointRef ref="VTR:ScheduledStopPoint:1768713"/>
                  <DestinationDisplayRef ref="VTR:DestinationDisplay:1"/>
                </StopPointInJourneyPattern>
                <StopPointInJourneyPattern id="VTR:StopPointInJourneyPattern:131058923" version="3806636" order="10">
                  <ScheduledStopPointRef ref="VTR:ScheduledStopPoint:1768714"/>
                  <DestinationDisplayRef ref="VTR:DestinationDisplay:1"/>
                </StopPointInJourneyPattern>
                <StopPointInJourneyPattern id="VTR:StopPointInJourneyPattern:131058924" version="3806636" order="11">
                  <ScheduledStopPointRef ref="VTR:ScheduledStopPoint:1768715"/>
                  <DestinationDisplayRef ref="VTR:DestinationDisplay:1"/>
                </StopPointInJourneyPattern>
                <StopPointInJourneyPattern id="VTR:StopPointInJourneyPattern:131058925" version="3806636" order="12">
                  <ScheduledStopPointRef ref="VTR:ScheduledStopPoint:1768716"/>
                  <DestinationDisplayRef ref="VTR:DestinationDisplay:1"/>
                </StopPointInJourneyPattern>
                <StopPointInJourneyPattern id="VTR:StopPointInJourneyPattern:131058926" version="3806636" order="13">
                  <ScheduledStopPointRef ref="VTR:ScheduledStopPoint:1768718"/>
                  <DestinationDisplayRef ref="VTR:DestinationDisplay:1"/>
                </StopPointInJourneyPattern>
              </pointsInSequence>
            </JourneyPattern>
            <JourneyPattern id="VTR:JourneyPattern:3803908" version="3806637">
              <Name>1</Name>
              <RouteRef ref="VTR:Route:20618" version="1"/>
              <pointsInSequence>
                <StopPointInJourneyPattern id="VTR:StopPointInJourneyPattern:131058927" version="3806637" order="1">
                  <ScheduledStopPointRef ref="VTR:ScheduledStopPoint:1768680"/>
                  <DestinationDisplayRef ref="VTR:DestinationDisplay:1"/>
                </StopPointInJourneyPattern>
                <StopPointInJourneyPattern id="VTR:StopPointInJourneyPattern:131058928" version="3806637" order="2">
                  <ScheduledStopPointRef ref="VTR:ScheduledStopPoint:1768681"/>
                  <DestinationDisplayRef ref="VTR:DestinationDisplay:1"/>
                </StopPointInJourneyPattern>
                <StopPointInJourneyPattern id="VTR:StopPointInJourneyPattern:131058929" version="3806637" order="3">
                  <ScheduledStopPointRef ref="VTR:ScheduledStopPoint:1768682"/>
                  <DestinationDisplayRef ref="VTR:DestinationDisplay:1"/>
                </StopPointInJourneyPattern>
                <StopPointInJourneyPattern id="VTR:StopPointInJourneyPattern:131058930" version="3806637" order="4">
                  <ScheduledStopPointRef ref="VTR:ScheduledStopPoint:1768691"/>
                  <DestinationDisplayRef ref="VTR:DestinationDisplay:1"/>
                </StopPointInJourneyPattern>
                <StopPointInJourneyPattern id="VTR:StopPointInJourneyPattern:131058931" version="3806637" order="5">
                  <ScheduledStopPointRef ref="VTR:ScheduledStopPoint:1768683"/>
                  <DestinationDisplayRef ref="VTR:DestinationDisplay:1"/>
                </StopPointInJourneyPattern>
                <StopPointInJourneyPattern id="VTR:StopPointInJourneyPattern:131058932" version="3806637" order="6">
                  <ScheduledStopPointRef ref="VTR:ScheduledStopPoint:1768684"/>
                  <DestinationDisplayRef ref="VTR:DestinationDisplay:1"/>
                </StopPointInJourneyPattern>
                <StopPointInJourneyPattern id="VTR:StopPointInJourneyPattern:131058933" version="3806637" order="7">
                  <ScheduledStopPointRef ref="VTR:ScheduledStopPoint:1768685"/>
                  <DestinationDisplayRef ref="VTR:DestinationDisplay:1"/>
                </StopPointInJourneyPattern>
                <StopPointInJourneyPattern id="VTR:StopPointInJourneyPattern:131058934" version="3806637" order="8">
                  <ScheduledStopPointRef ref="VTR:ScheduledStopPoint:1768686"/>
                  <DestinationDisplayRef ref="VTR:DestinationDisplay:1"/>
                </StopPointInJourneyPattern>
                <StopPointInJourneyPattern id="VTR:StopPointInJourneyPattern:131058935" version="3806637" order="9">
                  <ScheduledStopPointRef ref="VTR:ScheduledStopPoint:1768687"/>
                  <DestinationDisplayRef ref="VTR:DestinationDisplay:1"/>
                </StopPointInJourneyPattern>
                <StopPointInJourneyPattern id="VTR:StopPointInJourneyPattern:131058936" version="3806637" order="10">
                  <ScheduledStopPointRef ref="VTR:ScheduledStopPoint:1768688"/>
                  <DestinationDisplayRef ref="VTR:DestinationDisplay:1"/>
                </StopPointInJourneyPattern>
                <StopPointInJourneyPattern id="VTR:StopPointInJourneyPattern:131058937" version="3806637" order="11">
                  <ScheduledStopPointRef ref="VTR:ScheduledStopPoint:1768689"/>
                  <DestinationDisplayRef ref="VTR:DestinationDisplay:1"/>
                </StopPointInJourneyPattern>
                <StopPointInJourneyPattern id="VTR:StopPointInJourneyPattern:131058938" version="3806637" order="12">
                  <ScheduledStopPointRef ref="VTR:ScheduledStopPoint:1768690"/>
                  <DestinationDisplayRef ref="VTR:DestinationDisplay:1"/>
                </StopPointInJourneyPattern>
                <StopPointInJourneyPattern id="VTR:StopPointInJourneyPattern:131058939" version="3806637" order="13">
                  <ScheduledStopPointRef ref="VTR:ScheduledStopPoint:1768692"/>
                  <DestinationDisplayRef ref="VTR:DestinationDisplay:1"/>
                </StopPointInJourneyPattern>
              </pointsInSequence>
            </JourneyPattern>
            <JourneyPattern id="VTR:JourneyPattern:3803908" version="3806514">
              <Name>1.</Name>
              <RouteRef ref="VTR:Route:20618" version="1"/>
              <pointsInSequence>
                <StopPointInJourneyPattern id="VTR:StopPointInJourneyPattern:130533223" version="3806514" order="1">
                  <ScheduledStopPointRef ref="VTR:ScheduledStopPoint:1768680"/>
                  <DestinationDisplayRef ref="VTR:DestinationDisplay:1"/>
                </StopPointInJourneyPattern>
                <StopPointInJourneyPattern id="VTR:StopPointInJourneyPattern:130533224" version="3806514" order="2">
                  <ScheduledStopPointRef ref="VTR:ScheduledStopPoint:1768681"/>
                  <DestinationDisplayRef ref="VTR:DestinationDisplay:1"/>
                </StopPointInJourneyPattern>
                <StopPointInJourneyPattern id="VTR:StopPointInJourneyPattern:130533225" version="3806514" order="3">
                  <ScheduledStopPointRef ref="VTR:ScheduledStopPoint:1768682"/>
                  <DestinationDisplayRef ref="VTR:DestinationDisplay:1"/>
                </StopPointInJourneyPattern>
                <StopPointInJourneyPattern id="VTR:StopPointInJourneyPattern:130533226" version="3806514" order="4">
                  <ScheduledStopPointRef ref="VTR:ScheduledStopPoint:1768691"/>
                  <DestinationDisplayRef ref="VTR:DestinationDisplay:1"/>
                </StopPointInJourneyPattern>
                <StopPointInJourneyPattern id="VTR:StopPointInJourneyPattern:130533227" version="3806514" order="5">
                  <ScheduledStopPointRef ref="VTR:ScheduledStopPoint:1768683"/>
                  <DestinationDisplayRef ref="VTR:DestinationDisplay:1"/>
                </StopPointInJourneyPattern>
                <StopPointInJourneyPattern id="VTR:StopPointInJourneyPattern:130533228" version="3806514" order="6">
                  <ScheduledStopPointRef ref="VTR:ScheduledStopPoint:1768684"/>
                  <DestinationDisplayRef ref="VTR:DestinationDisplay:1"/>
                </StopPointInJourneyPattern>
                <StopPointInJourneyPattern id="VTR:StopPointInJourneyPattern:130533229" version="3806514" order="7">
                  <ScheduledStopPointRef ref="VTR:ScheduledStopPoint:1768685"/>
                  <DestinationDisplayRef ref="VTR:DestinationDisplay:1"/>
                </StopPointInJourneyPattern>
                <StopPointInJourneyPattern id="VTR:StopPointInJourneyPattern:130533230" version="3806514" order="8">
                  <ScheduledStopPointRef ref="VTR:ScheduledStopPoint:1768686"/>
                  <DestinationDisplayRef ref="VTR:DestinationDisplay:1"/>
                </StopPointInJourneyPattern>
                <StopPointInJourneyPattern id="VTR:StopPointInJourneyPattern:130533231" version="3806514" order="9">
                  <ScheduledStopPointRef ref="VTR:ScheduledStopPoint:1768687"/>
                  <DestinationDisplayRef ref="VTR:DestinationDisplay:1"/>
                </StopPointInJourneyPattern>
                <StopPointInJourneyPattern id="VTR:StopPointInJourneyPattern:130533232" version="3806514" order="10">
                  <ScheduledStopPointRef ref="VTR:ScheduledStopPoint:1768688"/>
                  <DestinationDisplayRef ref="VTR:DestinationDisplay:1"/>
                </StopPointInJourneyPattern>
                <StopPointInJourneyPattern id="VTR:StopPointInJourneyPattern:130533233" version="3806514" order="11">
                  <ScheduledStopPointRef ref="VTR:ScheduledStopPoint:1768689"/>
                  <DestinationDisplayRef ref="VTR:DestinationDisplay:1"/>
                </StopPointInJourneyPattern>
                <StopPointInJourneyPattern id="VTR:StopPointInJourneyPattern:130533234" version="3806514" order="12">
                  <ScheduledStopPointRef ref="VTR:ScheduledStopPoint:1768690"/>
                  <DestinationDisplayRef ref="VTR:DestinationDisplay:1"/>
                </StopPointInJourneyPattern>
                <StopPointInJourneyPattern id="VTR:StopPointInJourneyPattern:130533235" version="3806514" order="13">
                  <ScheduledStopPointRef ref="VTR:ScheduledStopPoint:1768692"/>
                  <DestinationDisplayRef ref="VTR:DestinationDisplay:1"/>
                </StopPointInJourneyPattern>
              </pointsInSequence>
            </JourneyPattern>
          </journeyPatterns>
        </ServiceFrame>
        <TimetableFrame version="1" id="VTR:TimetableFrame:1398">
          <vehicleJourneys>
            <ServiceJourney version="3806637" id="VTR:ServiceJourney:3803908">
              <Name>Skuodas-Luoba</Name>
              <PrivateCode>1</PrivateCode>
              <dayTypes>
                <DayTypeRef ref="VTR:DayType:439"/>
              </dayTypes>
              <JourneyPatternRef version="3806637" ref="VTR:JourneyPattern:3803908"/>
              <OperatorRef ref="VTR:Operator:513"/>
              <LineRef ref="VTR:Line:7303" version="9446"/>
              <passingTimes>
                <TimetabledPassingTime version="3806637" id="VTR:TimetabledPassingTime:3803908_130533223_1">
                  <StopPointInJourneyPatternRef ref="VTR:StopPointInJourneyPattern:130533223" version="3806637"/>
                  <DepartureTime>13:10:00</DepartureTime>
                  <DepartureDayOffset>0</DepartureDayOffset>
                </TimetabledPassingTime>
                <TimetabledPassingTime version="3806637" id="VTR:TimetabledPassingTime:3803908_131058927_1">
                  <StopPointInJourneyPatternRef ref="VTR:StopPointInJourneyPattern:131058927" version="3806637"/>
                  <DepartureTime>13:10:00</DepartureTime>
                  <DepartureDayOffset>0</DepartureDayOffset>
                </TimetabledPassingTime>
                <TimetabledPassingTime version="3806637" id="VTR:TimetabledPassingTime:3803908_131058928_2">
                  <StopPointInJourneyPatternRef ref="VTR:StopPointInJourneyPattern:131058928" version="3806637"/>
                  <DepartureTime>13:15:00</DepartureTime>
                  <DepartureDayOffset>0</DepartureDayOffset>
                </TimetabledPassingTime>
                <TimetabledPassingTime version="3806637" id="VTR:TimetabledPassingTime:3803908_130533224_2">
                  <StopPointInJourneyPatternRef ref="VTR:StopPointInJourneyPattern:130533224" version="3806637"/>
                  <DepartureTime>13:15:00</DepartureTime>
                  <DepartureDayOffset>0</DepartureDayOffset>
                </TimetabledPassingTime>
                <TimetabledPassingTime version="3806637" id="VTR:TimetabledPassingTime:3803908_131058929_3">
                  <StopPointInJourneyPatternRef ref="VTR:StopPointInJourneyPattern:131058929" version="3806637"/>
                  <DepartureTime>13:20:00</DepartureTime>
                  <DepartureDayOffset>0</DepartureDayOffset>
                </TimetabledPassingTime>
                <TimetabledPassingTime version="3806637" id="VTR:TimetabledPassingTime:3803908_130533225_3">
                  <StopPointInJourneyPatternRef ref="VTR:StopPointInJourneyPattern:130533225" version="3806637"/>
                  <DepartureTime>13:20:00</DepartureTime>
                  <DepartureDayOffset>0</DepartureDayOffset>
                </TimetabledPassingTime>
                <TimetabledPassingTime version="3806637" id="VTR:TimetabledPassingTime:3803908_131058930_4">
                  <StopPointInJourneyPatternRef ref="VTR:StopPointInJourneyPattern:131058930" version="3806637"/>
                  <DepartureTime>13:22:00</DepartureTime>
                  <DepartureDayOffset>0</DepartureDayOffset>
                </TimetabledPassingTime>
                <TimetabledPassingTime version="3806637" id="VTR:TimetabledPassingTime:3803908_130533226_4">
                  <StopPointInJourneyPatternRef ref="VTR:StopPointInJourneyPattern:130533226" version="3806637"/>
                  <DepartureTime>13:22:00</DepartureTime>
                  <DepartureDayOffset>0</DepartureDayOffset>
                </TimetabledPassingTime>
                <TimetabledPassingTime version="3806637" id="VTR:TimetabledPassingTime:3803908_131058931_5">
                  <StopPointInJourneyPatternRef ref="VTR:StopPointInJourneyPattern:131058931" version="3806637"/>
                  <DepartureTime>13:25:00</DepartureTime>
                  <DepartureDayOffset>0</DepartureDayOffset>
                </TimetabledPassingTime>
                <TimetabledPassingTime version="3806637" id="VTR:TimetabledPassingTime:3803908_130533227_5">
                  <StopPointInJourneyPatternRef ref="VTR:StopPointInJourneyPattern:130533227" version="3806637"/>
                  <DepartureTime>13:25:00</DepartureTime>
                  <DepartureDayOffset>0</DepartureDayOffset>
                </TimetabledPassingTime>
                <TimetabledPassingTime version="3806637" id="VTR:TimetabledPassingTime:3803908_130533228_6">
                  <StopPointInJourneyPatternRef ref="VTR:StopPointInJourneyPattern:130533228" version="3806637"/>
                  <DepartureTime>13:29:00</DepartureTime>
                  <DepartureDayOffset>0</DepartureDayOffset>
                </TimetabledPassingTime>
                <TimetabledPassingTime version="3806637" id="VTR:TimetabledPassingTime:3803908_131058932_6">
                  <StopPointInJourneyPatternRef ref="VTR:StopPointInJourneyPattern:131058932" version="3806637"/>
                  <DepartureTime>13:29:00</DepartureTime>
                  <DepartureDayOffset>0</DepartureDayOffset>
                </TimetabledPassingTime>
                <TimetabledPassingTime version="3806637" id="VTR:TimetabledPassingTime:3803908_130533229_7">
                  <StopPointInJourneyPatternRef ref="VTR:StopPointInJourneyPattern:130533229" version="3806637"/>
                  <DepartureTime>13:31:00</DepartureTime>
                  <DepartureDayOffset>0</DepartureDayOffset>
                </TimetabledPassingTime>
                <TimetabledPassingTime version="3806637" id="VTR:TimetabledPassingTime:3803908_131058933_7">
                  <StopPointInJourneyPatternRef ref="VTR:StopPointInJourneyPattern:131058933" version="3806637"/>
                  <DepartureTime>13:31:00</DepartureTime>
                  <DepartureDayOffset>0</DepartureDayOffset>
                </TimetabledPassingTime>
                <TimetabledPassingTime version="3806637" id="VTR:TimetabledPassingTime:3803908_131058934_8">
                  <StopPointInJourneyPatternRef ref="VTR:StopPointInJourneyPattern:131058934" version="3806637"/>
                  <DepartureTime>13:34:00</DepartureTime>
                  <DepartureDayOffset>0</DepartureDayOffset>
                </TimetabledPassingTime>
                <TimetabledPassingTime version="3806637" id="VTR:TimetabledPassingTime:3803908_130533230_8">
                  <StopPointInJourneyPatternRef ref="VTR:StopPointInJourneyPattern:130533230" version="3806637"/>
                  <DepartureTime>13:34:00</DepartureTime>
                  <DepartureDayOffset>0</DepartureDayOffset>
                </TimetabledPassingTime>
                <TimetabledPassingTime version="3806637" id="VTR:TimetabledPassingTime:3803908_130533231_9">
                  <StopPointInJourneyPatternRef ref="VTR:StopPointInJourneyPattern:130533231" version="3806637"/>
                  <DepartureTime>13:37:00</DepartureTime>
                  <DepartureDayOffset>0</DepartureDayOffset>
                </TimetabledPassingTime>
                <TimetabledPassingTime version="3806637" id="VTR:TimetabledPassingTime:3803908_131058935_9">
                  <StopPointInJourneyPatternRef ref="VTR:StopPointInJourneyPattern:131058935" version="3806637"/>
                  <DepartureTime>13:37:00</DepartureTime>
                  <DepartureDayOffset>0</DepartureDayOffset>
                </TimetabledPassingTime>
                <TimetabledPassingTime version="3806637" id="VTR:TimetabledPassingTime:3803908_131058936_10">
                  <StopPointInJourneyPatternRef ref="VTR:StopPointInJourneyPattern:131058936" version="3806637"/>
                  <DepartureTime>13:42:00</DepartureTime>
                  <DepartureDayOffset>0</DepartureDayOffset>
                </TimetabledPassingTime>
                <TimetabledPassingTime version="3806637" id="VTR:TimetabledPassingTime:3803908_130533232_10">
                  <StopPointInJourneyPatternRef ref="VTR:StopPointInJourneyPattern:130533232" version="3806637"/>
                  <DepartureTime>13:42:00</DepartureTime>
                  <DepartureDayOffset>0</DepartureDayOffset>
                </TimetabledPassingTime>
                <TimetabledPassingTime version="3806637" id="VTR:TimetabledPassingTime:3803908_130533233_11">
                  <StopPointInJourneyPatternRef ref="VTR:StopPointInJourneyPattern:130533233" version="3806637"/>
                  <DepartureTime>13:45:00</DepartureTime>
                  <DepartureDayOffset>0</DepartureDayOffset>
                </TimetabledPassingTime>
                <TimetabledPassingTime version="3806637" id="VTR:TimetabledPassingTime:3803908_131058937_11">
                  <StopPointInJourneyPatternRef ref="VTR:StopPointInJourneyPattern:131058937" version="3806637"/>
                  <DepartureTime>13:45:00</DepartureTime>
                  <DepartureDayOffset>0</DepartureDayOffset>
                </TimetabledPassingTime>
                <TimetabledPassingTime version="3806637" id="VTR:TimetabledPassingTime:3803908_130533234_12">
                  <StopPointInJourneyPatternRef ref="VTR:StopPointInJourneyPattern:130533234" version="3806637"/>
                  <DepartureTime>13:48:00</DepartureTime>
                  <DepartureDayOffset>0</DepartureDayOffset>
                </TimetabledPassingTime>
                <TimetabledPassingTime version="3806637" id="VTR:TimetabledPassingTime:3803908_131058938_12">
                  <StopPointInJourneyPatternRef ref="VTR:StopPointInJourneyPattern:131058938" version="3806637"/>
                  <DepartureTime>13:48:00</DepartureTime>
                  <DepartureDayOffset>0</DepartureDayOffset>
                </TimetabledPassingTime>
                <TimetabledPassingTime version="3806637" id="VTR:TimetabledPassingTime:3803908_131058939_13">
                  <StopPointInJourneyPatternRef ref="VTR:StopPointInJourneyPattern:131058939" version="3806637"/>
                  <DepartureTime>13:55:00</DepartureTime>
                  <DepartureDayOffset>0</DepartureDayOffset>
                </TimetabledPassingTime>
                <TimetabledPassingTime version="3806637" id="VTR:TimetabledPassingTime:3803908_130533235_13">
                  <StopPointInJourneyPatternRef ref="VTR:StopPointInJourneyPattern:130533235" version="3806637"/>
                  <DepartureTime>13:55:00</DepartureTime>
                  <DepartureDayOffset>0</DepartureDayOffset>
                </TimetabledPassingTime>
              </passingTimes>
            </ServiceJourney>
            <ServiceJourney version="3806515" id="VTR:ServiceJourney:3803909">
              <Name>Luoba-Skuodas</Name>
              <PrivateCode>1.1</PrivateCode>
              <dayTypes>
                <DayTypeRef ref="VTR:DayType:439"/>
              </dayTypes>
              <JourneyPatternRef version="3806515" ref="VTR:JourneyPattern:3803909"/>
              <OperatorRef ref="VTR:Operator:513"/>
              <LineRef ref="VTR:Line:7303" version="9446"/>
              <passingTimes>
                <TimetabledPassingTime version="3806515" id="VTR:TimetabledPassingTime:3803909_130533236_1">
                  <StopPointInJourneyPatternRef ref="VTR:StopPointInJourneyPattern:130533236" version="3806515"/>
                  <DepartureTime>13:55:00</DepartureTime>
                  <DepartureDayOffset>0</DepartureDayOffset>
                </TimetabledPassingTime>
                <TimetabledPassingTime version="3806515" id="VTR:TimetabledPassingTime:3803909_131058914_1">
                  <StopPointInJourneyPatternRef ref="VTR:StopPointInJourneyPattern:131058914" version="3806515"/>
                  <DepartureTime>13:55:00</DepartureTime>
                  <DepartureDayOffset>0</DepartureDayOffset>
                </TimetabledPassingTime>
                <TimetabledPassingTime version="3806515" id="VTR:TimetabledPassingTime:3803909_131058915_2">
                  <StopPointInJourneyPatternRef ref="VTR:StopPointInJourneyPattern:131058915" version="3806515"/>
                  <DepartureTime>14:02:00</DepartureTime>
                  <DepartureDayOffset>0</DepartureDayOffset>
                </TimetabledPassingTime>
                <TimetabledPassingTime version="3806515" id="VTR:TimetabledPassingTime:3803909_130533237_2">
                  <StopPointInJourneyPatternRef ref="VTR:StopPointInJourneyPattern:130533237" version="3806515"/>
                  <DepartureTime>14:02:00</DepartureTime>
                  <DepartureDayOffset>0</DepartureDayOffset>
                </TimetabledPassingTime>
                <TimetabledPassingTime version="3806515" id="VTR:TimetabledPassingTime:3803909_131058916_3">
                  <StopPointInJourneyPatternRef ref="VTR:StopPointInJourneyPattern:131058916" version="3806515"/>
                  <DepartureTime>14:05:00</DepartureTime>
                  <DepartureDayOffset>0</DepartureDayOffset>
                </TimetabledPassingTime>
                <TimetabledPassingTime version="3806515" id="VTR:TimetabledPassingTime:3803909_130533238_3">
                  <StopPointInJourneyPatternRef ref="VTR:StopPointInJourneyPattern:130533238" version="3806515"/>
                  <DepartureTime>14:05:00</DepartureTime>
                  <DepartureDayOffset>0</DepartureDayOffset>
                </TimetabledPassingTime>
                <TimetabledPassingTime version="3806515" id="VTR:TimetabledPassingTime:3803909_131058917_4">
                  <StopPointInJourneyPatternRef ref="VTR:StopPointInJourneyPattern:131058917" version="3806515"/>
                  <DepartureTime>14:08:00</DepartureTime>
                  <DepartureDayOffset>0</DepartureDayOffset>
                </TimetabledPassingTime>
                <TimetabledPassingTime version="3806515" id="VTR:TimetabledPassingTime:3803909_130533239_4">
                  <StopPointInJourneyPatternRef ref="VTR:StopPointInJourneyPattern:130533239" version="3806515"/>
                  <DepartureTime>14:08:00</DepartureTime>
                  <DepartureDayOffset>0</DepartureDayOffset>
                </TimetabledPassingTime>
                <TimetabledPassingTime version="3806515" id="VTR:TimetabledPassingTime:3803909_131058918_5">
                  <StopPointInJourneyPatternRef ref="VTR:StopPointInJourneyPattern:131058918" version="3806515"/>
                  <DepartureTime>14:13:00</DepartureTime>
                  <DepartureDayOffset>0</DepartureDayOffset>
                </TimetabledPassingTime>
                <TimetabledPassingTime version="3806515" id="VTR:TimetabledPassingTime:3803909_130533240_5">
                  <StopPointInJourneyPatternRef ref="VTR:StopPointInJourneyPattern:130533240" version="3806515"/>
                  <DepartureTime>14:13:00</DepartureTime>
                  <DepartureDayOffset>0</DepartureDayOffset>
                </TimetabledPassingTime>
                <TimetabledPassingTime version="3806515" id="VTR:TimetabledPassingTime:3803909_131058919_6">
                  <StopPointInJourneyPatternRef ref="VTR:StopPointInJourneyPattern:131058919" version="3806515"/>
                  <DepartureTime>14:16:00</DepartureTime>
                  <DepartureDayOffset>0</DepartureDayOffset>
                </TimetabledPassingTime>
                <TimetabledPassingTime version="3806515" id="VTR:TimetabledPassingTime:3803909_130533241_6">
                  <StopPointInJourneyPatternRef ref="VTR:StopPointInJourneyPattern:130533241" version="3806515"/>
                  <DepartureTime>14:16:00</DepartureTime>
                  <DepartureDayOffset>0</DepartureDayOffset>
                </TimetabledPassingTime>
                <TimetabledPassingTime version="3806515" id="VTR:TimetabledPassingTime:3803909_130533242_7">
                  <StopPointInJourneyPatternRef ref="VTR:StopPointInJourneyPattern:130533242" version="3806515"/>
                  <DepartureTime>14:19:00</DepartureTime>
                  <DepartureDayOffset>0</DepartureDayOffset>
                </TimetabledPassingTime>
                <TimetabledPassingTime version="3806515" id="VTR:TimetabledPassingTime:3803909_131058920_7">
                  <StopPointInJourneyPatternRef ref="VTR:StopPointInJourneyPattern:131058920" version="3806515"/>
                  <DepartureTime>14:19:00</DepartureTime>
                  <DepartureDayOffset>0</DepartureDayOffset>
                </TimetabledPassingTime>
                <TimetabledPassingTime version="3806515" id="VTR:TimetabledPassingTime:3803909_130533243_8">
                  <StopPointInJourneyPatternRef ref="VTR:StopPointInJourneyPattern:130533243" version="3806515"/>
                  <DepartureTime>14:21:00</DepartureTime>
                  <DepartureDayOffset>0</DepartureDayOffset>
                </TimetabledPassingTime>
                <TimetabledPassingTime version="3806515" id="VTR:TimetabledPassingTime:3803909_131058921_8">
                  <StopPointInJourneyPatternRef ref="VTR:StopPointInJourneyPattern:131058921" version="3806515"/>
                  <DepartureTime>14:21:00</DepartureTime>
                  <DepartureDayOffset>0</DepartureDayOffset>
                </TimetabledPassingTime>
                <TimetabledPassingTime version="3806515" id="VTR:TimetabledPassingTime:3803909_130533244_9">
                  <StopPointInJourneyPatternRef ref="VTR:StopPointInJourneyPattern:130533244" version="3806515"/>
                  <DepartureTime>14:25:00</DepartureTime>
                  <DepartureDayOffset>0</DepartureDayOffset>
                </TimetabledPassingTime>
                <TimetabledPassingTime version="3806515" id="VTR:TimetabledPassingTime:3803909_131058922_9">
                  <StopPointInJourneyPatternRef ref="VTR:StopPointInJourneyPattern:131058922" version="3806515"/>
                  <DepartureTime>14:25:00</DepartureTime>
                  <DepartureDayOffset>0</DepartureDayOffset>
                </TimetabledPassingTime>
                <TimetabledPassingTime version="3806515" id="VTR:TimetabledPassingTime:3803909_130533245_10">
                  <StopPointInJourneyPatternRef ref="VTR:StopPointInJourneyPattern:130533245" version="3806515"/>
                  <DepartureTime>14:28:00</DepartureTime>
                  <DepartureDayOffset>0</DepartureDayOffset>
                </TimetabledPassingTime>
                <TimetabledPassingTime version="3806515" id="VTR:TimetabledPassingTime:3803909_131058923_10">
                  <StopPointInJourneyPatternRef ref="VTR:StopPointInJourneyPattern:131058923" version="3806515"/>
                  <DepartureTime>14:28:00</DepartureTime>
                  <DepartureDayOffset>0</DepartureDayOffset>
                </TimetabledPassingTime>
                <TimetabledPassingTime version="3806515" id="VTR:TimetabledPassingTime:3803909_130533246_11">
                  <StopPointInJourneyPatternRef ref="VTR:StopPointInJourneyPattern:130533246" version="3806515"/>
                  <DepartureTime>14:30:00</DepartureTime>
                  <DepartureDayOffset>0</DepartureDayOffset>
                </TimetabledPassingTime>
                <TimetabledPassingTime version="3806515" id="VTR:TimetabledPassingTime:3803909_131058924_11">
                  <StopPointInJourneyPatternRef ref="VTR:StopPointInJourneyPattern:131058924" version="3806515"/>
                  <DepartureTime>14:30:00</DepartureTime>
                  <DepartureDayOffset>0</DepartureDayOffset>
                </TimetabledPassingTime>
                <TimetabledPassingTime version="3806515" id="VTR:TimetabledPassingTime:3803909_130533247_12">
                  <StopPointInJourneyPatternRef ref="VTR:StopPointInJourneyPattern:130533247" version="3806515"/>
                  <DepartureTime>14:35:00</DepartureTime>
                  <DepartureDayOffset>0</DepartureDayOffset>
                </TimetabledPassingTime>
                <TimetabledPassingTime version="3806515" id="VTR:TimetabledPassingTime:3803909_131058925_12">
                  <StopPointInJourneyPatternRef ref="VTR:StopPointInJourneyPattern:131058925" version="3806515"/>
                  <DepartureTime>14:35:00</DepartureTime>
                  <DepartureDayOffset>0</DepartureDayOffset>
                </TimetabledPassingTime>
                <TimetabledPassingTime version="3806515" id="VTR:TimetabledPassingTime:3803909_131058926_13">
                  <StopPointInJourneyPatternRef ref="VTR:StopPointInJourneyPattern:131058926" version="3806515"/>
                  <DepartureTime>14:40:00</DepartureTime>
                  <DepartureDayOffset>0</DepartureDayOffset>
                </TimetabledPassingTime>
                <TimetabledPassingTime version="3806515" id="VTR:TimetabledPassingTime:3803909_130533248_13">
                  <StopPointInJourneyPatternRef ref="VTR:StopPointInJourneyPattern:130533248" version="3806515"/>
                  <DepartureTime>14:40:00</DepartureTime>
                  <DepartureDayOffset>0</DepartureDayOffset>
                </TimetabledPassingTime>
              </passingTimes>
            </ServiceJourney>
            <ServiceJourney version="3806636" id="VTR:ServiceJourney:3803909">
              <Name>Luoba-Skuodas</Name>
              <PrivateCode>1</PrivateCode>
              <dayTypes>
                <DayTypeRef ref="VTR:DayType:439"/>
              </dayTypes>
              <JourneyPatternRef version="3806636" ref="VTR:JourneyPattern:3803909"/>
              <OperatorRef ref="VTR:Operator:513"/>
              <LineRef ref="VTR:Line:7303" version="9446"/>
              <passingTimes>
                <TimetabledPassingTime version="3806636" id="VTR:TimetabledPassingTime:3803909_130533236_1">
                  <StopPointInJourneyPatternRef ref="VTR:StopPointInJourneyPattern:130533236" version="3806636"/>
                  <DepartureTime>13:55:00</DepartureTime>
                  <DepartureDayOffset>0</DepartureDayOffset>
                </TimetabledPassingTime>
                <TimetabledPassingTime version="3806636" id="VTR:TimetabledPassingTime:3803909_131058914_1">
                  <StopPointInJourneyPatternRef ref="VTR:StopPointInJourneyPattern:131058914" version="3806636"/>
                  <DepartureTime>13:55:00</DepartureTime>
                  <DepartureDayOffset>0</DepartureDayOffset>
                </TimetabledPassingTime>
                <TimetabledPassingTime version="3806636" id="VTR:TimetabledPassingTime:3803909_131058915_2">
                  <StopPointInJourneyPatternRef ref="VTR:StopPointInJourneyPattern:131058915" version="3806636"/>
                  <DepartureTime>14:02:00</DepartureTime>
                  <DepartureDayOffset>0</DepartureDayOffset>
                </TimetabledPassingTime>
                <TimetabledPassingTime version="3806636" id="VTR:TimetabledPassingTime:3803909_130533237_2">
                  <StopPointInJourneyPatternRef ref="VTR:StopPointInJourneyPattern:130533237" version="3806636"/>
                  <DepartureTime>14:02:00</DepartureTime>
                  <DepartureDayOffset>0</DepartureDayOffset>
                </TimetabledPassingTime>
                <TimetabledPassingTime version="3806636" id="VTR:TimetabledPassingTime:3803909_130533238_3">
                  <StopPointInJourneyPatternRef ref="VTR:StopPointInJourneyPattern:130533238" version="3806636"/>
                  <DepartureTime>14:05:00</DepartureTime>
                  <DepartureDayOffset>0</DepartureDayOffset>
                </TimetabledPassingTime>
                <TimetabledPassingTime version="3806636" id="VTR:TimetabledPassingTime:3803909_131058916_3">
                  <StopPointInJourneyPatternRef ref="VTR:StopPointInJourneyPattern:131058916" version="3806636"/>
                  <DepartureTime>14:05:00</DepartureTime>
                  <DepartureDayOffset>0</DepartureDayOffset>
                </TimetabledPassingTime>
                <TimetabledPassingTime version="3806636" id="VTR:TimetabledPassingTime:3803909_130533239_4">
                  <StopPointInJourneyPatternRef ref="VTR:StopPointInJourneyPattern:130533239" version="3806636"/>
                  <DepartureTime>14:08:00</DepartureTime>
                  <DepartureDayOffset>0</DepartureDayOffset>
                </TimetabledPassingTime>
                <TimetabledPassingTime version="3806636" id="VTR:TimetabledPassingTime:3803909_131058917_4">
                  <StopPointInJourneyPatternRef ref="VTR:StopPointInJourneyPattern:131058917" version="3806636"/>
                  <DepartureTime>14:08:00</DepartureTime>
                  <DepartureDayOffset>0</DepartureDayOffset>
                </TimetabledPassingTime>
                <TimetabledPassingTime version="3806636" id="VTR:TimetabledPassingTime:3803909_131058918_5">
                  <StopPointInJourneyPatternRef ref="VTR:StopPointInJourneyPattern:131058918" version="3806636"/>
                  <DepartureTime>14:13:00</DepartureTime>
                  <DepartureDayOffset>0</DepartureDayOffset>
                </TimetabledPassingTime>
                <TimetabledPassingTime version="3806636" id="VTR:TimetabledPassingTime:3803909_130533240_5">
                  <StopPointInJourneyPatternRef ref="VTR:StopPointInJourneyPattern:130533240" version="3806636"/>
                  <DepartureTime>14:13:00</DepartureTime>
                  <DepartureDayOffset>0</DepartureDayOffset>
                </TimetabledPassingTime>
                <TimetabledPassingTime version="3806636" id="VTR:TimetabledPassingTime:3803909_130533241_6">
                  <StopPointInJourneyPatternRef ref="VTR:StopPointInJourneyPattern:130533241" version="3806636"/>
                  <DepartureTime>14:16:00</DepartureTime>
                  <DepartureDayOffset>0</DepartureDayOffset>
                </TimetabledPassingTime>
                <TimetabledPassingTime version="3806636" id="VTR:TimetabledPassingTime:3803909_131058919_6">
                  <StopPointInJourneyPatternRef ref="VTR:StopPointInJourneyPattern:131058919" version="3806636"/>
                  <DepartureTime>14:16:00</DepartureTime>
                  <DepartureDayOffset>0</DepartureDayOffset>
                </TimetabledPassingTime>
                <TimetabledPassingTime version="3806636" id="VTR:TimetabledPassingTime:3803909_131058920_7">
                  <StopPointInJourneyPatternRef ref="VTR:StopPointInJourneyPattern:131058920" version="3806636"/>
                  <DepartureTime>14:19:00</DepartureTime>
                  <DepartureDayOffset>0</DepartureDayOffset>
                </TimetabledPassingTime>
                <TimetabledPassingTime version="3806636" id="VTR:TimetabledPassingTime:3803909_130533242_7">
                  <StopPointInJourneyPatternRef ref="VTR:StopPointInJourneyPattern:130533242" version="3806636"/>
                  <DepartureTime>14:19:00</DepartureTime>
                  <DepartureDayOffset>0</DepartureDayOffset>
                </TimetabledPassingTime>
                <TimetabledPassingTime version="3806636" id="VTR:TimetabledPassingTime:3803909_130533243_8">
                  <StopPointInJourneyPatternRef ref="VTR:StopPointInJourneyPattern:130533243" version="3806636"/>
                  <DepartureTime>14:21:00</DepartureTime>
                  <DepartureDayOffset>0</DepartureDayOffset>
                </TimetabledPassingTime>
                <TimetabledPassingTime version="3806636" id="VTR:TimetabledPassingTime:3803909_131058921_8">
                  <StopPointInJourneyPatternRef ref="VTR:StopPointInJourneyPattern:131058921" version="3806636"/>
                  <DepartureTime>14:21:00</DepartureTime>
                  <DepartureDayOffset>0</DepartureDayOffset>
                </TimetabledPassingTime>
                <TimetabledPassingTime version="3806636" id="VTR:TimetabledPassingTime:3803909_130533244_9">
                  <StopPointInJourneyPatternRef ref="VTR:StopPointInJourneyPattern:130533244" version="3806636"/>
                  <DepartureTime>14:25:00</DepartureTime>
                  <DepartureDayOffset>0</DepartureDayOffset>
                </TimetabledPassingTime>
                <TimetabledPassingTime version="3806636" id="VTR:TimetabledPassingTime:3803909_131058922_9">
                  <StopPointInJourneyPatternRef ref="VTR:StopPointInJourneyPattern:131058922" version="3806636"/>
                  <DepartureTime>14:25:00</DepartureTime>
                  <DepartureDayOffset>0</DepartureDayOffset>
                </TimetabledPassingTime>
                <TimetabledPassingTime version="3806636" id="VTR:TimetabledPassingTime:3803909_130533245_10">
                  <StopPointInJourneyPatternRef ref="VTR:StopPointInJourneyPattern:130533245" version="3806636"/>
                  <DepartureTime>14:28:00</DepartureTime>
                  <DepartureDayOffset>0</DepartureDayOffset>
                </TimetabledPassingTime>
                <TimetabledPassingTime version="3806636" id="VTR:TimetabledPassingTime:3803909_131058923_10">
                  <StopPointInJourneyPatternRef ref="VTR:StopPointInJourneyPattern:131058923" version="3806636"/>
                  <DepartureTime>14:28:00</DepartureTime>
                  <DepartureDayOffset>0</DepartureDayOffset>
                </TimetabledPassingTime>
                <TimetabledPassingTime version="3806636" id="VTR:TimetabledPassingTime:3803909_131058924_11">
                  <StopPointInJourneyPatternRef ref="VTR:StopPointInJourneyPattern:131058924" version="3806636"/>
                  <DepartureTime>14:30:00</DepartureTime>
                  <DepartureDayOffset>0</DepartureDayOffset>
                </TimetabledPassingTime>
                <TimetabledPassingTime version="3806636" id="VTR:TimetabledPassingTime:3803909_130533246_11">
                  <StopPointInJourneyPatternRef ref="VTR:StopPointInJourneyPattern:130533246" version="3806636"/>
                  <DepartureTime>14:30:00</DepartureTime>
                  <DepartureDayOffset>0</DepartureDayOffset>
                </TimetabledPassingTime>
                <TimetabledPassingTime version="3806636" id="VTR:TimetabledPassingTime:3803909_131058925_12">
                  <StopPointInJourneyPatternRef ref="VTR:StopPointInJourneyPattern:131058925" version="3806636"/>
                  <DepartureTime>14:35:00</DepartureTime>
                  <DepartureDayOffset>0</DepartureDayOffset>
                </TimetabledPassingTime>
                <TimetabledPassingTime version="3806636" id="VTR:TimetabledPassingTime:3803909_130533247_12">
                  <StopPointInJourneyPatternRef ref="VTR:StopPointInJourneyPattern:130533247" version="3806636"/>
                  <DepartureTime>14:35:00</DepartureTime>
                  <DepartureDayOffset>0</DepartureDayOffset>
                </TimetabledPassingTime>
                <TimetabledPassingTime version="3806636" id="VTR:TimetabledPassingTime:3803909_131058926_13">
                  <StopPointInJourneyPatternRef ref="VTR:StopPointInJourneyPattern:131058926" version="3806636"/>
                  <DepartureTime>14:40:00</DepartureTime>
                  <DepartureDayOffset>0</DepartureDayOffset>
                </TimetabledPassingTime>
                <TimetabledPassingTime version="3806636" id="VTR:TimetabledPassingTime:3803909_130533248_13">
                  <StopPointInJourneyPatternRef ref="VTR:StopPointInJourneyPattern:130533248" version="3806636"/>
                  <DepartureTime>14:40:00</DepartureTime>
                  <DepartureDayOffset>0</DepartureDayOffset>
                </TimetabledPassingTime>
              </passingTimes>
            </ServiceJourney>
            <ServiceJourney version="3806514" id="VTR:ServiceJourney:3803908">
              <Name>Skuodas-Luoba</Name>
              <PrivateCode>1.</PrivateCode>
              <dayTypes>
                <DayTypeRef ref="VTR:DayType:439"/>
              </dayTypes>
              <JourneyPatternRef version="3806514" ref="VTR:JourneyPattern:3803908"/>
              <OperatorRef ref="VTR:Operator:513"/>
              <LineRef ref="VTR:Line:7303" version="9446"/>
              <passingTimes>
                <TimetabledPassingTime version="3806514" id="VTR:TimetabledPassingTime:3803908_130533223_1">
                  <StopPointInJourneyPatternRef ref="VTR:StopPointInJourneyPattern:130533223" version="3806514"/>
                  <DepartureTime>13:10:00</DepartureTime>
                  <DepartureDayOffset>0</DepartureDayOffset>
                </TimetabledPassingTime>
                <TimetabledPassingTime version="3806514" id="VTR:TimetabledPassingTime:3803908_131058927_1">
                  <StopPointInJourneyPatternRef ref="VTR:StopPointInJourneyPattern:131058927" version="3806514"/>
                  <DepartureTime>13:10:00</DepartureTime>
                  <DepartureDayOffset>0</DepartureDayOffset>
                </TimetabledPassingTime>
                <TimetabledPassingTime version="3806514" id="VTR:TimetabledPassingTime:3803908_130533224_2">
                  <StopPointInJourneyPatternRef ref="VTR:StopPointInJourneyPattern:130533224" version="3806514"/>
                  <DepartureTime>13:15:00</DepartureTime>
                  <DepartureDayOffset>0</DepartureDayOffset>
                </TimetabledPassingTime>
                <TimetabledPassingTime version="3806514" id="VTR:TimetabledPassingTime:3803908_131058928_2">
                  <StopPointInJourneyPatternRef ref="VTR:StopPointInJourneyPattern:131058928" version="3806514"/>
                  <DepartureTime>13:15:00</DepartureTime>
                  <DepartureDayOffset>0</DepartureDayOffset>
                </TimetabledPassingTime>
                <TimetabledPassingTime version="3806514" id="VTR:TimetabledPassingTime:3803908_130533225_3">
                  <StopPointInJourneyPatternRef ref="VTR:StopPointInJourneyPattern:130533225" version="3806514"/>
                  <DepartureTime>13:20:00</DepartureTime>
                  <DepartureDayOffset>0</DepartureDayOffset>
                </TimetabledPassingTime>
                <TimetabledPassingTime version="3806514" id="VTR:TimetabledPassingTime:3803908_131058929_3">
                  <StopPointInJourneyPatternRef ref="VTR:StopPointInJourneyPattern:131058929" version="3806514"/>
                  <DepartureTime>13:20:00</DepartureTime>
                  <DepartureDayOffset>0</DepartureDayOffset>
                </TimetabledPassingTime>
                <TimetabledPassingTime version="3806514" id="VTR:TimetabledPassingTime:3803908_130533226_4">
                  <StopPointInJourneyPatternRef ref="VTR:StopPointInJourneyPattern:130533226" version="3806514"/>
                  <DepartureTime>13:22:00</DepartureTime>
                  <DepartureDayOffset>0</DepartureDayOffset>
                </TimetabledPassingTime>
                <TimetabledPassingTime version="3806514" id="VTR:TimetabledPassingTime:3803908_131058930_4">
                  <StopPointInJourneyPatternRef ref="VTR:StopPointInJourneyPattern:131058930" version="3806514"/>
                  <DepartureTime>13:22:00</DepartureTime>
                  <DepartureDayOffset>0</DepartureDayOffset>
                </TimetabledPassingTime>
                <TimetabledPassingTime version="3806514" id="VTR:TimetabledPassingTime:3803908_131058931_5">
                  <StopPointInJourneyPatternRef ref="VTR:StopPointInJourneyPattern:131058931" version="3806514"/>
                  <DepartureTime>13:25:00</DepartureTime>
                  <DepartureDayOffset>0</DepartureDayOffset>
                </TimetabledPassingTime>
                <TimetabledPassingTime version="3806514" id="VTR:TimetabledPassingTime:3803908_130533227_5">
                  <StopPointInJourneyPatternRef ref="VTR:StopPointInJourneyPattern:130533227" version="3806514"/>
                  <DepartureTime>13:25:00</DepartureTime>
                  <DepartureDayOffset>0</DepartureDayOffset>
                </TimetabledPassingTime>
                <TimetabledPassingTime version="3806514" id="VTR:TimetabledPassingTime:3803908_130533228_6">
                  <StopPointInJourneyPatternRef ref="VTR:StopPointInJourneyPattern:130533228" version="3806514"/>
                  <DepartureTime>13:29:00</DepartureTime>
                  <DepartureDayOffset>0</DepartureDayOffset>
                </TimetabledPassingTime>
                <TimetabledPassingTime version="3806514" id="VTR:TimetabledPassingTime:3803908_131058932_6">
                  <StopPointInJourneyPatternRef ref="VTR:StopPointInJourneyPattern:131058932" version="3806514"/>
                  <DepartureTime>13:29:00</DepartureTime>
                  <DepartureDayOffset>0</DepartureDayOffset>
                </TimetabledPassingTime>
                <TimetabledPassingTime version="3806514" id="VTR:TimetabledPassingTime:3803908_131058933_7">
                  <StopPointInJourneyPatternRef ref="VTR:StopPointInJourneyPattern:131058933" version="3806514"/>
                  <DepartureTime>13:31:00</DepartureTime>
                  <DepartureDayOffset>0</DepartureDayOffset>
                </TimetabledPassingTime>
                <TimetabledPassingTime version="3806514" id="VTR:TimetabledPassingTime:3803908_130533229_7">
                  <StopPointInJourneyPatternRef ref="VTR:StopPointInJourneyPattern:130533229" version="3806514"/>
                  <DepartureTime>13:31:00</DepartureTime>
                  <DepartureDayOffset>0</DepartureDayOffset>
                </TimetabledPassingTime>
                <TimetabledPassingTime version="3806514" id="VTR:TimetabledPassingTime:3803908_131058934_8">
                  <StopPointInJourneyPatternRef ref="VTR:StopPointInJourneyPattern:131058934" version="3806514"/>
                  <DepartureTime>13:34:00</DepartureTime>
                  <DepartureDayOffset>0</DepartureDayOffset>
                </TimetabledPassingTime>
                <TimetabledPassingTime version="3806514" id="VTR:TimetabledPassingTime:3803908_130533230_8">
                  <StopPointInJourneyPatternRef ref="VTR:StopPointInJourneyPattern:130533230" version="3806514"/>
                  <DepartureTime>13:34:00</DepartureTime>
                  <DepartureDayOffset>0</DepartureDayOffset>
                </TimetabledPassingTime>
                <TimetabledPassingTime version="3806514" id="VTR:TimetabledPassingTime:3803908_131058935_9">
                  <StopPointInJourneyPatternRef ref="VTR:StopPointInJourneyPattern:131058935" version="3806514"/>
                  <DepartureTime>13:37:00</DepartureTime>
                  <DepartureDayOffset>0</DepartureDayOffset>
                </TimetabledPassingTime>
                <TimetabledPassingTime version="3806514" id="VTR:TimetabledPassingTime:3803908_130533231_9">
                  <StopPointInJourneyPatternRef ref="VTR:StopPointInJourneyPattern:130533231" version="3806514"/>
                  <DepartureTime>13:37:00</DepartureTime>
                  <DepartureDayOffset>0</DepartureDayOffset>
                </TimetabledPassingTime>
                <TimetabledPassingTime version="3806514" id="VTR:TimetabledPassingTime:3803908_131058936_10">
                  <StopPointInJourneyPatternRef ref="VTR:StopPointInJourneyPattern:131058936" version="3806514"/>
                  <DepartureTime>13:42:00</DepartureTime>
                  <DepartureDayOffset>0</DepartureDayOffset>
                </TimetabledPassingTime>
                <TimetabledPassingTime version="3806514" id="VTR:TimetabledPassingTime:3803908_130533232_10">
                  <StopPointInJourneyPatternRef ref="VTR:StopPointInJourneyPattern:130533232" version="3806514"/>
                  <DepartureTime>13:42:00</DepartureTime>
                  <DepartureDayOffset>0</DepartureDayOffset>
                </TimetabledPassingTime>
                <TimetabledPassingTime version="3806514" id="VTR:TimetabledPassingTime:3803908_130533233_11">
                  <StopPointInJourneyPatternRef ref="VTR:StopPointInJourneyPattern:130533233" version="3806514"/>
                  <DepartureTime>13:45:00</DepartureTime>
                  <DepartureDayOffset>0</DepartureDayOffset>
                </TimetabledPassingTime>
                <TimetabledPassingTime version="3806514" id="VTR:TimetabledPassingTime:3803908_131058937_11">
                  <StopPointInJourneyPatternRef ref="VTR:StopPointInJourneyPattern:131058937" version="3806514"/>
                  <DepartureTime>13:45:00</DepartureTime>
                  <DepartureDayOffset>0</DepartureDayOffset>
                </TimetabledPassingTime>
                <TimetabledPassingTime version="3806514" id="VTR:TimetabledPassingTime:3803908_131058938_12">
                  <StopPointInJourneyPatternRef ref="VTR:StopPointInJourneyPattern:131058938" version="3806514"/>
                  <DepartureTime>13:48:00</DepartureTime>
                  <DepartureDayOffset>0</DepartureDayOffset>
                </TimetabledPassingTime>
                <TimetabledPassingTime version="3806514" id="VTR:TimetabledPassingTime:3803908_130533234_12">
                  <StopPointInJourneyPatternRef ref="VTR:StopPointInJourneyPattern:130533234" version="3806514"/>
                  <DepartureTime>13:48:00</DepartureTime>
                  <DepartureDayOffset>0</DepartureDayOffset>
                </TimetabledPassingTime>
                <TimetabledPassingTime version="3806514" id="VTR:TimetabledPassingTime:3803908_131058939_13">
                  <StopPointInJourneyPatternRef ref="VTR:StopPointInJourneyPattern:131058939" version="3806514"/>
                  <DepartureTime>13:55:00</DepartureTime>
                  <DepartureDayOffset>0</DepartureDayOffset>
                </TimetabledPassingTime>
                <TimetabledPassingTime version="3806514" id="VTR:TimetabledPassingTime:3803908_130533235_13">
                  <StopPointInJourneyPatternRef ref="VTR:StopPointInJourneyPattern:130533235" version="3806514"/>
                  <DepartureTime>13:55:00</DepartureTime>
                  <DepartureDayOffset>0</DepartureDayOffset>
                </TimetabledPassingTime>
              </passingTimes>
            </ServiceJourney>
          </vehicleJourneys>
        </TimetableFrame>
        <ResourceFrame version="1" id="VTR:ResourceFrame:1398">
          <organisations>
            <Authority version="1" id="VTR:Authority:29">
              <CompanyNumber>75</CompanyNumber>
              <Name>Skuodo r. sav.</Name>
              <LegalName>Skuodo r. sav.</LegalName>
              <ContactDetails>
                <Email>savivaldybe@skuodas.lt</Email>
                <Phone>8 440 73932</Phone>
                <Url>www.skuodas.lt</Url>
              </ContactDetails>
              <OrganisationType>authority</OrganisationType>
            </Authority>
          </organisations>
        </ResourceFrame>
      </frames>
    </CompositeFrame>
  </dataObjects>
</PublicationDelivery>
