<?xml version="1.0" encoding="UTF-8"?><PublicationDelivery xmlns="http://www.netex.org.uk/netex" xmlns:gis="http://www.opengis.net/gml/3.2" xmlns:ns2="http://www.opengis.net/gml/3.2" xmlns:ns3="http://www.siri.org.uk/siri" xmlns:xsi="http://www.w3.org/2001/XMLSchema-instance" version="1" xsi:schemaLocation="">
  <PublicationTimestamp>2022-05-07T04:50:00.248</PublicationTimestamp>
  <ParticipantRef>VTR</ParticipantRef>
  <Description>1</Description>
  <dataObjects>
    <CompositeFrame created="2022-05-07T04:50:00.248" version="1" id="VTR:CompositeFrame:1398">
      <validityConditions>
        <AvailabilityCondition version="1" id="VTR:AvailabilityCondition:1398">
          <FromDate>2017-03-01T00:00:00</FromDate>
          <ToDate>2027-12-30T00:00:00</ToDate>
        </AvailabilityCondition>
      </validityConditions>
      <codespaces>
        <Codespace id="vtr">
          <Xmlns>VTR</Xmlns>
          <XmlnsUrl>http://www.visimarsrutai.lt/</XmlnsUrl>
        </Codespace>
      </codespaces>
      <FrameDefaults>
        <DefaultLocale>
          <TimeZone>Europe/Vilnius</TimeZone>
        </DefaultLocale>
        <DefaultLocationSystem>WGS84</DefaultLocationSystem>
      </FrameDefaults>
      <frames>
        <ServiceCalendarFrame version="1" id="VTR:ServiceCalendarFrame:1398">
          <dayTypes>
            <DayType id="VTR:DayType:254" version="1">
              <properties>
                <PropertyOfDay>
                  <DaysOfWeek>Monday Tuesday Wednesday Thursday Friday</DaysOfWeek>
                </PropertyOfDay>
              </properties>
            </DayType>
            <DayType id="VTR:DayType:26014" version="1">
              <properties>
                <PropertyOfDay>
                  <DaysOfWeek>Monday Tuesday Wednesday Thursday</DaysOfWeek>
                </PropertyOfDay>
              </properties>
            </DayType>
            <DayType id="VTR:DayType:26015" version="1">
              <properties>
                <PropertyOfDay>
                  <DaysOfWeek>Friday</DaysOfWeek>
                </PropertyOfDay>
              </properties>
            </DayType>
          </dayTypes>
          <operatingPeriods>
            <OperatingPeriod version="1" id="VTR:OperatingPeriod:254">
              <FromDate>2015-06-08T00:00:00</FromDate>
              <ToDate>2021-01-01T00:00:00</ToDate>
            </OperatingPeriod>
            <OperatingPeriod version="1" id="VTR:OperatingPeriod:26014">
              <FromDate>2019-08-21T00:00:00</FromDate>
              <ToDate>2021-01-01T00:00:00</ToDate>
            </OperatingPeriod>
            <OperatingPeriod version="1" id="VTR:OperatingPeriod:26015">
              <FromDate>2019-09-01T00:00:00</FromDate>
              <ToDate>2021-01-01T00:00:00</ToDate>
            </OperatingPeriod>
          </operatingPeriods>
          <dayTypeAssignments>
            <DayTypeAssignment id="VTR:DayTypeAssignment:254_0" version="1" order="314">
              <OperatingPeriodRef ref="VTR:OperatingPeriod:254" version="1"/>
              <DayTypeRef ref="VTR:DayType:254" version="1"/>
            </DayTypeAssignment>
            <DayTypeAssignment id="VTR:DayTypeAssignment:26014_0" version="1" order="4251">
              <OperatingPeriodRef ref="VTR:OperatingPeriod:26014" version="1"/>
              <DayTypeRef ref="VTR:DayType:26014" version="1"/>
            </DayTypeAssignment>
            <DayTypeAssignment id="VTR:DayTypeAssignment:26015_0" version="1" order="4253">
              <OperatingPeriodRef ref="VTR:OperatingPeriod:26015" version="1"/>
              <DayTypeRef ref="VTR:DayType:26015" version="1"/>
            </DayTypeAssignment>
          </dayTypeAssignments>
        </ServiceCalendarFrame>
        <ServiceFrame id="VTR:ServiceFrame:1398" version="1">
          <Network version="0" id="VTR:Network:29"/>
          <routePoints>
            <RoutePoint version="1" id="VTR:RoutePoint:1768592">
              <projections>
                <PointProjection version="1" id="VTR:PointProjection:1686">
                  <ProjectedPointRef ref="VTR:ScheduledStopPoint:1768592" version="1"/>
                </PointProjection>
              </projections>
            </RoutePoint>
            <RoutePoint version="1" id="VTR:RoutePoint:1768593">
              <projections>
                <PointProjection version="1" id="VTR:PointProjection:1679">
                  <ProjectedPointRef ref="VTR:ScheduledStopPoint:1768593" version="1"/>
                </PointProjection>
              </projections>
            </RoutePoint>
            <RoutePoint version="1" id="VTR:RoutePoint:1768594">
              <projections>
                <PointProjection version="1" id="VTR:PointProjection:1680">
                  <ProjectedPointRef ref="VTR:ScheduledStopPoint:1768594" version="1"/>
                </PointProjection>
              </projections>
            </RoutePoint>
            <RoutePoint version="1" id="VTR:RoutePoint:1768595">
              <projections>
                <PointProjection version="1" id="VTR:PointProjection:1683">
                  <ProjectedPointRef ref="VTR:ScheduledStopPoint:1768595" version="1"/>
                </PointProjection>
              </projections>
            </RoutePoint>
            <RoutePoint version="1" id="VTR:RoutePoint:1768596">
              <projections>
                <PointProjection version="1" id="VTR:PointProjection:1685">
                  <ProjectedPointRef ref="VTR:ScheduledStopPoint:1768596" version="1"/>
                </PointProjection>
              </projections>
            </RoutePoint>
            <RoutePoint version="1" id="VTR:RoutePoint:1768597">
              <projections>
                <PointProjection version="1" id="VTR:PointProjection:4580">
                  <ProjectedPointRef ref="VTR:ScheduledStopPoint:1768597" version="1"/>
                </PointProjection>
              </projections>
            </RoutePoint>
            <RoutePoint version="1" id="VTR:RoutePoint:1768598">
              <projections>
                <PointProjection version="1" id="VTR:PointProjection:4581">
                  <ProjectedPointRef ref="VTR:ScheduledStopPoint:1768598" version="1"/>
                </PointProjection>
              </projections>
            </RoutePoint>
            <RoutePoint version="1" id="VTR:RoutePoint:1768599">
              <projections>
                <PointProjection version="1" id="VTR:PointProjection:4582">
                  <ProjectedPointRef ref="VTR:ScheduledStopPoint:1768599" version="1"/>
                </PointProjection>
              </projections>
            </RoutePoint>
            <RoutePoint version="1" id="VTR:RoutePoint:1768600">
              <projections>
                <PointProjection version="1" id="VTR:PointProjection:4583">
                  <ProjectedPointRef ref="VTR:ScheduledStopPoint:1768600" version="1"/>
                </PointProjection>
              </projections>
            </RoutePoint>
            <RoutePoint version="1" id="VTR:RoutePoint:1768601">
              <projections>
                <PointProjection version="1" id="VTR:PointProjection:4584">
                  <ProjectedPointRef ref="VTR:ScheduledStopPoint:1768601" version="1"/>
                </PointProjection>
              </projections>
            </RoutePoint>
            <RoutePoint version="1" id="VTR:RoutePoint:1768602">
              <projections>
                <PointProjection version="1" id="VTR:PointProjection:4585">
                  <ProjectedPointRef ref="VTR:ScheduledStopPoint:1768602" version="1"/>
                </PointProjection>
              </projections>
            </RoutePoint>
            <RoutePoint version="1" id="VTR:RoutePoint:1768603">
              <projections>
                <PointProjection version="1" id="VTR:PointProjection:4586">
                  <ProjectedPointRef ref="VTR:ScheduledStopPoint:1768603" version="1"/>
                </PointProjection>
              </projections>
            </RoutePoint>
            <RoutePoint version="1" id="VTR:RoutePoint:1768604">
              <projections>
                <PointProjection version="1" id="VTR:PointProjection:4587">
                  <ProjectedPointRef ref="VTR:ScheduledStopPoint:1768604" version="1"/>
                </PointProjection>
              </projections>
            </RoutePoint>
          </routePoints>
          <routes>
            <Route version="1" id="VTR:Route:20610">
              <Name>Skuodas-Luknės</Name>
              <ShortName>Skuodas-Luknės</ShortName>
              <LineRef ref="VTR:Line:4821" version="9445"/>
              <DirectionType>outbound</DirectionType>
              <pointsInSequence>
                <PointOnRoute version="1" id="VTR:PointOnRoute:1768604" order="1">
                  <RoutePointRef ref="VTR:RoutePoint:1768604"/>
                </PointOnRoute>
                <PointOnRoute version="1" id="VTR:PointOnRoute:1768600" order="2">
                  <RoutePointRef ref="VTR:RoutePoint:1768600"/>
                </PointOnRoute>
                <PointOnRoute version="1" id="VTR:PointOnRoute:1768601" order="3">
                  <RoutePointRef ref="VTR:RoutePoint:1768601"/>
                </PointOnRoute>
                <PointOnRoute version="1" id="VTR:PointOnRoute:1768602" order="4">
                  <RoutePointRef ref="VTR:RoutePoint:1768602"/>
                </PointOnRoute>
                <PointOnRoute version="1" id="VTR:PointOnRoute:1768603" order="5">
                  <RoutePointRef ref="VTR:RoutePoint:1768603"/>
                </PointOnRoute>
              </pointsInSequence>
            </Route>
            <Route version="1" id="VTR:Route:20609">
              <Name>Luknės-Skuodas</Name>
              <ShortName>Luknės-Skuodas</ShortName>
              <LineRef ref="VTR:Line:4821" version="9445"/>
              <DirectionType>inbound</DirectionType>
              <pointsInSequence>
                <PointOnRoute version="1" id="VTR:PointOnRoute:1768596" order="1">
                  <RoutePointRef ref="VTR:RoutePoint:1768596"/>
                </PointOnRoute>
                <PointOnRoute version="1" id="VTR:PointOnRoute:1768597" order="2">
                  <RoutePointRef ref="VTR:RoutePoint:1768597"/>
                </PointOnRoute>
                <PointOnRoute version="1" id="VTR:PointOnRoute:1768598" order="3">
                  <RoutePointRef ref="VTR:RoutePoint:1768598"/>
                </PointOnRoute>
                <PointOnRoute version="1" id="VTR:PointOnRoute:1768599" order="4">
                  <RoutePointRef ref="VTR:RoutePoint:1768599"/>
                </PointOnRoute>
              </pointsInSequence>
            </Route>
            <Route version="1" id="VTR:Route:20608">
              <Name>Skuodas-Luknės</Name>
              <ShortName>Skuodas-Luknės</ShortName>
              <LineRef ref="VTR:Line:4821" version="9445"/>
              <DirectionType>outbound</DirectionType>
              <pointsInSequence>
                <PointOnRoute version="1" id="VTR:PointOnRoute:1768592" order="1">
                  <RoutePointRef ref="VTR:RoutePoint:1768592"/>
                </PointOnRoute>
                <PointOnRoute version="1" id="VTR:PointOnRoute:1768593" order="2">
                  <RoutePointRef ref="VTR:RoutePoint:1768593"/>
                </PointOnRoute>
                <PointOnRoute version="1" id="VTR:PointOnRoute:1768594" order="3">
                  <RoutePointRef ref="VTR:RoutePoint:1768594"/>
                </PointOnRoute>
                <PointOnRoute version="1" id="VTR:PointOnRoute:1768595" order="4">
                  <RoutePointRef ref="VTR:RoutePoint:1768595"/>
                </PointOnRoute>
              </pointsInSequence>
            </Route>
          </routes>
          <lines>
            <Line version="9445" id="VTR:Line:4821">
              <Name>Skuodas-Luknės-Skuodas</Name>
              <TransportMode>bus</TransportMode>
              <TransportSubmode>
                <BusSubmode>regionalBus</BusSubmode>
              </TransportSubmode>
              <PublicCode>13</PublicCode>
              <OperatorRef ref="VTR:Operator:29"/>
            </Line>
          </lines>
          <scheduledStopPoints>
            <ScheduledStopPoint version="1" id="VTR:ScheduledStopPoint:1768592">
              <Name>Skuodas</Name>
            </ScheduledStopPoint>
            <ScheduledStopPoint version="1" id="VTR:ScheduledStopPoint:1768593">
              <Name>Krantinė</Name>
            </ScheduledStopPoint>
            <ScheduledStopPoint version="1" id="VTR:ScheduledStopPoint:1768594">
              <Name>Paluknė</Name>
            </ScheduledStopPoint>
            <ScheduledStopPoint version="1" id="VTR:ScheduledStopPoint:1768595">
              <Name>Luknės</Name>
            </ScheduledStopPoint>
            <ScheduledStopPoint version="1" id="VTR:ScheduledStopPoint:1768596">
              <Name>Luknės</Name>
            </ScheduledStopPoint>
            <ScheduledStopPoint version="1" id="VTR:ScheduledStopPoint:1768597">
              <Name>Paluknė</Name>
            </ScheduledStopPoint>
            <ScheduledStopPoint version="1" id="VTR:ScheduledStopPoint:1768598">
              <Name>Krantinė</Name>
            </ScheduledStopPoint>
            <ScheduledStopPoint version="1" id="VTR:ScheduledStopPoint:1768599">
              <Name>Skuodas</Name>
            </ScheduledStopPoint>
            <ScheduledStopPoint version="1" id="VTR:ScheduledStopPoint:1768600">
              <Name>Skuodas</Name>
            </ScheduledStopPoint>
            <ScheduledStopPoint version="1" id="VTR:ScheduledStopPoint:1768601">
              <Name>Krantinė</Name>
            </ScheduledStopPoint>
            <ScheduledStopPoint version="1" id="VTR:ScheduledStopPoint:1768602">
              <Name>Paluknė</Name>
            </ScheduledStopPoint>
            <ScheduledStopPoint version="1" id="VTR:ScheduledStopPoint:1768603">
              <Name>Luknės</Name>
            </ScheduledStopPoint>
            <ScheduledStopPoint version="1" id="VTR:ScheduledStopPoint:1768604">
              <Name>Bartuvos prog.</Name>
            </ScheduledStopPoint>
          </scheduledStopPoints>
          <serviceLinks>
            <ServiceLink id="VTR:ServiceLink:1768594_1_1768595_1" version="1">
              <Distance>1</Distance>
              <FromPointRef ref="VTR:ScheduledStopPoint:1768594" version="1"/>
              <ToPointRef ref="VTR:ScheduledStopPoint:1768595" version="1"/>
            </ServiceLink>
            <ServiceLink id="VTR:ServiceLink:1768596_1_1768597_1" version="1">
              <Distance>1</Distance>
              <FromPointRef ref="VTR:ScheduledStopPoint:1768596" version="1"/>
              <ToPointRef ref="VTR:ScheduledStopPoint:1768597" version="1"/>
            </ServiceLink>
            <ServiceLink id="VTR:ServiceLink:1768600_1_1768601_1" version="1">
              <Distance>2</Distance>
              <FromPointRef ref="VTR:ScheduledStopPoint:1768600" version="1"/>
              <ToPointRef ref="VTR:ScheduledStopPoint:1768601" version="1"/>
            </ServiceLink>
            <ServiceLink id="VTR:ServiceLink:1768604_1_1768600_1" version="1">
              <Distance>1</Distance>
              <FromPointRef ref="VTR:ScheduledStopPoint:1768604" version="1"/>
              <ToPointRef ref="VTR:ScheduledStopPoint:1768600" version="1"/>
            </ServiceLink>
            <ServiceLink id="VTR:ServiceLink:1768592_1_1768593_1" version="1">
              <Distance>2</Distance>
              <FromPointRef ref="VTR:ScheduledStopPoint:1768592" version="1"/>
              <ToPointRef ref="VTR:ScheduledStopPoint:1768593" version="1"/>
            </ServiceLink>
            <ServiceLink id="VTR:ServiceLink:1768593_1_1768594_1" version="1">
              <Distance>4</Distance>
              <FromPointRef ref="VTR:ScheduledStopPoint:1768593" version="1"/>
              <ToPointRef ref="VTR:ScheduledStopPoint:1768594" version="1"/>
            </ServiceLink>
            <ServiceLink id="VTR:ServiceLink:1768601_1_1768602_1" version="1">
              <Distance>4</Distance>
              <FromPointRef ref="VTR:ScheduledStopPoint:1768601" version="1"/>
              <ToPointRef ref="VTR:ScheduledStopPoint:1768602" version="1"/>
            </ServiceLink>
            <ServiceLink id="VTR:ServiceLink:1768602_1_1768603_1" version="1">
              <Distance>1</Distance>
              <FromPointRef ref="VTR:ScheduledStopPoint:1768602" version="1"/>
              <ToPointRef ref="VTR:ScheduledStopPoint:1768603" version="1"/>
            </ServiceLink>
            <ServiceLink id="VTR:ServiceLink:1768597_1_1768598_1" version="1">
              <Distance>3</Distance>
              <FromPointRef ref="VTR:ScheduledStopPoint:1768597" version="1"/>
              <ToPointRef ref="VTR:ScheduledStopPoint:1768598" version="1"/>
            </ServiceLink>
            <ServiceLink id="VTR:ServiceLink:1768598_1_1768599_1" version="1">
              <Distance>2</Distance>
              <FromPointRef ref="VTR:ScheduledStopPoint:1768598" version="1"/>
              <ToPointRef ref="VTR:ScheduledStopPoint:1768599" version="1"/>
            </ServiceLink>
          </serviceLinks>
          <stopAssignments>
            <PassengerStopAssignment order="2060800000" id="VTR:PassengerStopAssignment:1768592" version="1">
              <ScheduledStopPointRef ref="VTR:ScheduledStopPoint:1768592" version="1"/>
              <QuayRef ref="VTR:Quay:6233"/>
            </PassengerStopAssignment>
            <PassengerStopAssignment order="2060800001" id="VTR:PassengerStopAssignment:1768593" version="1">
              <ScheduledStopPointRef ref="VTR:ScheduledStopPoint:1768593" version="1"/>
              <QuayRef ref="VTR:Quay:6991"/>
            </PassengerStopAssignment>
            <PassengerStopAssignment order="2060800002" id="VTR:PassengerStopAssignment:1768594" version="1">
              <ScheduledStopPointRef ref="VTR:ScheduledStopPoint:1768594" version="1"/>
              <QuayRef ref="VTR:Quay:13912"/>
            </PassengerStopAssignment>
            <PassengerStopAssignment order="2060800003" id="VTR:PassengerStopAssignment:1768595" version="1">
              <ScheduledStopPointRef ref="VTR:ScheduledStopPoint:1768595" version="1"/>
              <QuayRef ref="VTR:Quay:6277"/>
            </PassengerStopAssignment>
            <PassengerStopAssignment order="2060900000" id="VTR:PassengerStopAssignment:1768596" version="1">
              <ScheduledStopPointRef ref="VTR:ScheduledStopPoint:1768596" version="1"/>
              <QuayRef ref="VTR:Quay:6277"/>
            </PassengerStopAssignment>
            <PassengerStopAssignment order="2060900001" id="VTR:PassengerStopAssignment:1768597" version="1">
              <ScheduledStopPointRef ref="VTR:ScheduledStopPoint:1768597" version="1"/>
              <QuayRef ref="VTR:Quay:15198"/>
            </PassengerStopAssignment>
            <PassengerStopAssignment order="2060900002" id="VTR:PassengerStopAssignment:1768598" version="1">
              <ScheduledStopPointRef ref="VTR:ScheduledStopPoint:1768598" version="1"/>
              <QuayRef ref="VTR:Quay:6991"/>
            </PassengerStopAssignment>
            <PassengerStopAssignment order="2060900003" id="VTR:PassengerStopAssignment:1768599" version="1">
              <ScheduledStopPointRef ref="VTR:ScheduledStopPoint:1768599" version="1"/>
              <QuayRef ref="VTR:Quay:6233"/>
            </PassengerStopAssignment>
            <PassengerStopAssignment order="2061000000" id="VTR:PassengerStopAssignment:1768604" version="1">
              <ScheduledStopPointRef ref="VTR:ScheduledStopPoint:1768604" version="1"/>
              <QuayRef ref="VTR:Quay:39324"/>
            </PassengerStopAssignment>
            <PassengerStopAssignment order="2061000001" id="VTR:PassengerStopAssignment:1768600" version="1">
              <ScheduledStopPointRef ref="VTR:ScheduledStopPoint:1768600" version="1"/>
              <QuayRef ref="VTR:Quay:6233"/>
            </PassengerStopAssignment>
            <PassengerStopAssignment order="2061000002" id="VTR:PassengerStopAssignment:1768601" version="1">
              <ScheduledStopPointRef ref="VTR:ScheduledStopPoint:1768601" version="1"/>
              <QuayRef ref="VTR:Quay:6991"/>
            </PassengerStopAssignment>
            <PassengerStopAssignment order="2061000003" id="VTR:PassengerStopAssignment:1768602" version="1">
              <ScheduledStopPointRef ref="VTR:ScheduledStopPoint:1768602" version="1"/>
              <QuayRef ref="VTR:Quay:13912"/>
            </PassengerStopAssignment>
            <PassengerStopAssignment order="2061000004" id="VTR:PassengerStopAssignment:1768603" version="1">
              <ScheduledStopPointRef ref="VTR:ScheduledStopPoint:1768603" version="1"/>
              <QuayRef ref="VTR:Quay:6277"/>
            </PassengerStopAssignment>
          </stopAssignments>
          <journeyPatterns>
            <JourneyPattern id="VTR:JourneyPattern:3803901" version="3806507">
              <Name>2.</Name>
              <RouteRef ref="VTR:Route:20609" version="1"/>
              <pointsInSequence>
                <StopPointInJourneyPattern id="VTR:StopPointInJourneyPattern:130533149" version="3806507" order="1">
                  <ScheduledStopPointRef ref="VTR:ScheduledStopPoint:1768596"/>
                  <DestinationDisplayRef ref="VTR:DestinationDisplay:1"/>
                </StopPointInJourneyPattern>
                <StopPointInJourneyPattern id="VTR:StopPointInJourneyPattern:130533150" version="3806507" order="2">
                  <ScheduledStopPointRef ref="VTR:ScheduledStopPoint:1768597"/>
                  <DestinationDisplayRef ref="VTR:DestinationDisplay:1"/>
                </StopPointInJourneyPattern>
                <StopPointInJourneyPattern id="VTR:StopPointInJourneyPattern:130533151" version="3806507" order="3">
                  <ScheduledStopPointRef ref="VTR:ScheduledStopPoint:1768598"/>
                  <DestinationDisplayRef ref="VTR:DestinationDisplay:1"/>
                </StopPointInJourneyPattern>
                <StopPointInJourneyPattern id="VTR:StopPointInJourneyPattern:130533152" version="3806507" order="4">
                  <ScheduledStopPointRef ref="VTR:ScheduledStopPoint:1768599"/>
                  <DestinationDisplayRef ref="VTR:DestinationDisplay:1"/>
                </StopPointInJourneyPattern>
              </pointsInSequence>
            </JourneyPattern>
            <JourneyPattern id="VTR:JourneyPattern:3803896" version="3806502">
              <Name>2.2</Name>
              <RouteRef ref="VTR:Route:20608" version="1"/>
              <pointsInSequence>
                <StopPointInJourneyPattern id="VTR:StopPointInJourneyPattern:130533128" version="3806502" order="1">
                  <ScheduledStopPointRef ref="VTR:ScheduledStopPoint:1768592"/>
                  <DestinationDisplayRef ref="VTR:DestinationDisplay:1"/>
                </StopPointInJourneyPattern>
                <StopPointInJourneyPattern id="VTR:StopPointInJourneyPattern:130533129" version="3806502" order="2">
                  <ScheduledStopPointRef ref="VTR:ScheduledStopPoint:1768593"/>
                  <DestinationDisplayRef ref="VTR:DestinationDisplay:1"/>
                </StopPointInJourneyPattern>
                <StopPointInJourneyPattern id="VTR:StopPointInJourneyPattern:130533130" version="3806502" order="3">
                  <ScheduledStopPointRef ref="VTR:ScheduledStopPoint:1768594"/>
                  <DestinationDisplayRef ref="VTR:DestinationDisplay:1"/>
                </StopPointInJourneyPattern>
                <StopPointInJourneyPattern id="VTR:StopPointInJourneyPattern:130533131" version="3806502" order="4">
                  <ScheduledStopPointRef ref="VTR:ScheduledStopPoint:1768595"/>
                  <DestinationDisplayRef ref="VTR:DestinationDisplay:1"/>
                </StopPointInJourneyPattern>
              </pointsInSequence>
            </JourneyPattern>
            <JourneyPattern id="VTR:JourneyPattern:3803900" version="3806506">
              <Name>2</Name>
              <RouteRef ref="VTR:Route:20610" version="1"/>
              <pointsInSequence>
                <StopPointInJourneyPattern id="VTR:StopPointInJourneyPattern:130533144" version="3806506" order="1">
                  <ScheduledStopPointRef ref="VTR:ScheduledStopPoint:1768604"/>
                  <DestinationDisplayRef ref="VTR:DestinationDisplay:1"/>
                </StopPointInJourneyPattern>
                <StopPointInJourneyPattern id="VTR:StopPointInJourneyPattern:130533145" version="3806506" order="2">
                  <ScheduledStopPointRef ref="VTR:ScheduledStopPoint:1768600"/>
                  <DestinationDisplayRef ref="VTR:DestinationDisplay:1"/>
                </StopPointInJourneyPattern>
                <StopPointInJourneyPattern id="VTR:StopPointInJourneyPattern:130533146" version="3806506" order="3">
                  <ScheduledStopPointRef ref="VTR:ScheduledStopPoint:1768601"/>
                  <DestinationDisplayRef ref="VTR:DestinationDisplay:1"/>
                </StopPointInJourneyPattern>
                <StopPointInJourneyPattern id="VTR:StopPointInJourneyPattern:130533147" version="3806506" order="4">
                  <ScheduledStopPointRef ref="VTR:ScheduledStopPoint:1768602"/>
                  <DestinationDisplayRef ref="VTR:DestinationDisplay:1"/>
                </StopPointInJourneyPattern>
                <StopPointInJourneyPattern id="VTR:StopPointInJourneyPattern:130533148" version="3806506" order="5">
                  <ScheduledStopPointRef ref="VTR:ScheduledStopPoint:1768603"/>
                  <DestinationDisplayRef ref="VTR:DestinationDisplay:1"/>
                </StopPointInJourneyPattern>
              </pointsInSequence>
            </JourneyPattern>
            <JourneyPattern id="VTR:JourneyPattern:3803897" version="3806503">
              <Name>1</Name>
              <RouteRef ref="VTR:Route:20608" version="1"/>
              <pointsInSequence>
                <StopPointInJourneyPattern id="VTR:StopPointInJourneyPattern:130533132" version="3806503" order="1">
                  <ScheduledStopPointRef ref="VTR:ScheduledStopPoint:1768592"/>
                  <DestinationDisplayRef ref="VTR:DestinationDisplay:1"/>
                </StopPointInJourneyPattern>
                <StopPointInJourneyPattern id="VTR:StopPointInJourneyPattern:130533133" version="3806503" order="2">
                  <ScheduledStopPointRef ref="VTR:ScheduledStopPoint:1768593"/>
                  <DestinationDisplayRef ref="VTR:DestinationDisplay:1"/>
                </StopPointInJourneyPattern>
                <StopPointInJourneyPattern id="VTR:StopPointInJourneyPattern:130533134" version="3806503" order="3">
                  <ScheduledStopPointRef ref="VTR:ScheduledStopPoint:1768594"/>
                  <DestinationDisplayRef ref="VTR:DestinationDisplay:1"/>
                </StopPointInJourneyPattern>
                <StopPointInJourneyPattern id="VTR:StopPointInJourneyPattern:130533135" version="3806503" order="4">
                  <ScheduledStopPointRef ref="VTR:ScheduledStopPoint:1768595"/>
                  <DestinationDisplayRef ref="VTR:DestinationDisplay:1"/>
                </StopPointInJourneyPattern>
              </pointsInSequence>
            </JourneyPattern>
            <JourneyPattern id="VTR:JourneyPattern:3803899" version="3806505">
              <Name>2.2</Name>
              <RouteRef ref="VTR:Route:20609" version="1"/>
              <pointsInSequence>
                <StopPointInJourneyPattern id="VTR:StopPointInJourneyPattern:130533140" version="3806505" order="1">
                  <ScheduledStopPointRef ref="VTR:ScheduledStopPoint:1768596"/>
                  <DestinationDisplayRef ref="VTR:DestinationDisplay:1"/>
                </StopPointInJourneyPattern>
                <StopPointInJourneyPattern id="VTR:StopPointInJourneyPattern:130533141" version="3806505" order="2">
                  <ScheduledStopPointRef ref="VTR:ScheduledStopPoint:1768597"/>
                  <DestinationDisplayRef ref="VTR:DestinationDisplay:1"/>
                </StopPointInJourneyPattern>
                <StopPointInJourneyPattern id="VTR:StopPointInJourneyPattern:130533142" version="3806505" order="3">
                  <ScheduledStopPointRef ref="VTR:ScheduledStopPoint:1768598"/>
                  <DestinationDisplayRef ref="VTR:DestinationDisplay:1"/>
                </StopPointInJourneyPattern>
                <StopPointInJourneyPattern id="VTR:StopPointInJourneyPattern:130533143" version="3806505" order="4">
                  <ScheduledStopPointRef ref="VTR:ScheduledStopPoint:1768599"/>
                  <DestinationDisplayRef ref="VTR:DestinationDisplay:1"/>
                </StopPointInJourneyPattern>
              </pointsInSequence>
            </JourneyPattern>
            <JourneyPattern id="VTR:JourneyPattern:3803898" version="3806504">
              <Name>1</Name>
              <RouteRef ref="VTR:Route:20609" version="1"/>
              <pointsInSequence>
                <StopPointInJourneyPattern id="VTR:StopPointInJourneyPattern:130533136" version="3806504" order="1">
                  <ScheduledStopPointRef ref="VTR:ScheduledStopPoint:1768596"/>
                  <DestinationDisplayRef ref="VTR:DestinationDisplay:1"/>
                </StopPointInJourneyPattern>
                <StopPointInJourneyPattern id="VTR:StopPointInJourneyPattern:130533137" version="3806504" order="2">
                  <ScheduledStopPointRef ref="VTR:ScheduledStopPoint:1768597"/>
                  <DestinationDisplayRef ref="VTR:DestinationDisplay:1"/>
                </StopPointInJourneyPattern>
                <StopPointInJourneyPattern id="VTR:StopPointInJourneyPattern:130533138" version="3806504" order="3">
                  <ScheduledStopPointRef ref="VTR:ScheduledStopPoint:1768598"/>
                  <DestinationDisplayRef ref="VTR:DestinationDisplay:1"/>
                </StopPointInJourneyPattern>
                <StopPointInJourneyPattern id="VTR:StopPointInJourneyPattern:130533139" version="3806504" order="4">
                  <ScheduledStopPointRef ref="VTR:ScheduledStopPoint:1768599"/>
                  <DestinationDisplayRef ref="VTR:DestinationDisplay:1"/>
                </StopPointInJourneyPattern>
              </pointsInSequence>
            </JourneyPattern>
          </journeyPatterns>
        </ServiceFrame>
        <TimetableFrame version="1" id="VTR:TimetableFrame:1398">
          <vehicleJourneys>
            <ServiceJourney version="3806505" id="VTR:ServiceJourney:3803899">
              <Name>Luknės-Skuodas</Name>
              <PrivateCode>2.2</PrivateCode>
              <dayTypes>
                <DayTypeRef ref="VTR:DayType:26015"/>
              </dayTypes>
              <JourneyPatternRef version="3806505" ref="VTR:JourneyPattern:3803899"/>
              <OperatorRef ref="VTR:Operator:513"/>
              <LineRef ref="VTR:Line:4821" version="9445"/>
              <passingTimes>
                <TimetabledPassingTime version="3806505" id="VTR:TimetabledPassingTime:3803899_130533140_1">
                  <StopPointInJourneyPatternRef ref="VTR:StopPointInJourneyPattern:130533140" version="3806505"/>
                  <DepartureTime>14:15:00</DepartureTime>
                  <DepartureDayOffset>0</DepartureDayOffset>
                </TimetabledPassingTime>
                <TimetabledPassingTime version="3806505" id="VTR:TimetabledPassingTime:3803899_130533141_2">
                  <StopPointInJourneyPatternRef ref="VTR:StopPointInJourneyPattern:130533141" version="3806505"/>
                  <DepartureTime>14:20:00</DepartureTime>
                  <DepartureDayOffset>0</DepartureDayOffset>
                </TimetabledPassingTime>
                <TimetabledPassingTime version="3806505" id="VTR:TimetabledPassingTime:3803899_130533142_3">
                  <StopPointInJourneyPatternRef ref="VTR:StopPointInJourneyPattern:130533142" version="3806505"/>
                  <DepartureTime>14:25:00</DepartureTime>
                  <DepartureDayOffset>0</DepartureDayOffset>
                </TimetabledPassingTime>
                <TimetabledPassingTime version="3806505" id="VTR:TimetabledPassingTime:3803899_130533143_4">
                  <StopPointInJourneyPatternRef ref="VTR:StopPointInJourneyPattern:130533143" version="3806505"/>
                  <DepartureTime>14:30:00</DepartureTime>
                  <DepartureDayOffset>0</DepartureDayOffset>
                </TimetabledPassingTime>
              </passingTimes>
            </ServiceJourney>
            <ServiceJourney version="3806506" id="VTR:ServiceJourney:3803900">
              <Name>Skuodas-Luknės</Name>
              <PrivateCode>2</PrivateCode>
              <dayTypes>
                <DayTypeRef ref="VTR:DayType:26014"/>
              </dayTypes>
              <JourneyPatternRef version="3806506" ref="VTR:JourneyPattern:3803900"/>
              <OperatorRef ref="VTR:Operator:513"/>
              <LineRef ref="VTR:Line:4821" version="9445"/>
              <passingTimes>
                <TimetabledPassingTime version="3806506" id="VTR:TimetabledPassingTime:3803900_130533144_1">
                  <StopPointInJourneyPatternRef ref="VTR:StopPointInJourneyPattern:130533144" version="3806506"/>
                  <DepartureTime>13:50:00</DepartureTime>
                  <DepartureDayOffset>0</DepartureDayOffset>
                </TimetabledPassingTime>
                <TimetabledPassingTime version="3806506" id="VTR:TimetabledPassingTime:3803900_130533145_2">
                  <StopPointInJourneyPatternRef ref="VTR:StopPointInJourneyPattern:130533145" version="3806506"/>
                  <DepartureTime>14:00:00</DepartureTime>
                  <DepartureDayOffset>0</DepartureDayOffset>
                </TimetabledPassingTime>
                <TimetabledPassingTime version="3806506" id="VTR:TimetabledPassingTime:3803900_130533146_3">
                  <StopPointInJourneyPatternRef ref="VTR:StopPointInJourneyPattern:130533146" version="3806506"/>
                  <DepartureTime>14:05:00</DepartureTime>
                  <DepartureDayOffset>0</DepartureDayOffset>
                </TimetabledPassingTime>
                <TimetabledPassingTime version="3806506" id="VTR:TimetabledPassingTime:3803900_130533147_4">
                  <StopPointInJourneyPatternRef ref="VTR:StopPointInJourneyPattern:130533147" version="3806506"/>
                  <DepartureTime>14:10:00</DepartureTime>
                  <DepartureDayOffset>0</DepartureDayOffset>
                </TimetabledPassingTime>
                <TimetabledPassingTime version="3806506" id="VTR:TimetabledPassingTime:3803900_130533148_5">
                  <StopPointInJourneyPatternRef ref="VTR:StopPointInJourneyPattern:130533148" version="3806506"/>
                  <DepartureTime>14:15:00</DepartureTime>
                  <DepartureDayOffset>0</DepartureDayOffset>
                </TimetabledPassingTime>
              </passingTimes>
            </ServiceJourney>
            <ServiceJourney version="3806504" id="VTR:ServiceJourney:3803898">
              <Name>Luknės-Skuodas</Name>
              <PrivateCode>1</PrivateCode>
              <dayTypes>
                <DayTypeRef ref="VTR:DayType:254"/>
              </dayTypes>
              <JourneyPatternRef version="3806504" ref="VTR:JourneyPattern:3803898"/>
              <OperatorRef ref="VTR:Operator:513"/>
              <LineRef ref="VTR:Line:4821" version="9445"/>
              <passingTimes>
                <TimetabledPassingTime version="3806504" id="VTR:TimetabledPassingTime:3803898_130533136_1">
                  <StopPointInJourneyPatternRef ref="VTR:StopPointInJourneyPattern:130533136" version="3806504"/>
                  <DepartureTime>07:05:00</DepartureTime>
                  <DepartureDayOffset>0</DepartureDayOffset>
                </TimetabledPassingTime>
                <TimetabledPassingTime version="3806504" id="VTR:TimetabledPassingTime:3803898_130533137_2">
                  <StopPointInJourneyPatternRef ref="VTR:StopPointInJourneyPattern:130533137" version="3806504"/>
                  <DepartureTime>07:10:00</DepartureTime>
                  <DepartureDayOffset>0</DepartureDayOffset>
                </TimetabledPassingTime>
                <TimetabledPassingTime version="3806504" id="VTR:TimetabledPassingTime:3803898_130533138_3">
                  <StopPointInJourneyPatternRef ref="VTR:StopPointInJourneyPattern:130533138" version="3806504"/>
                  <DepartureTime>07:15:00</DepartureTime>
                  <DepartureDayOffset>0</DepartureDayOffset>
                </TimetabledPassingTime>
                <TimetabledPassingTime version="3806504" id="VTR:TimetabledPassingTime:3803898_130533139_4">
                  <StopPointInJourneyPatternRef ref="VTR:StopPointInJourneyPattern:130533139" version="3806504"/>
                  <DepartureTime>07:20:00</DepartureTime>
                  <DepartureDayOffset>0</DepartureDayOffset>
                </TimetabledPassingTime>
              </passingTimes>
            </ServiceJourney>
            <ServiceJourney version="3806502" id="VTR:ServiceJourney:3803896">
              <Name>Skuodas-Luknės</Name>
              <PrivateCode>2.2</PrivateCode>
              <dayTypes>
                <DayTypeRef ref="VTR:DayType:26015"/>
              </dayTypes>
              <JourneyPatternRef version="3806502" ref="VTR:JourneyPattern:3803896"/>
              <OperatorRef ref="VTR:Operator:513"/>
              <LineRef ref="VTR:Line:4821" version="9445"/>
              <passingTimes>
                <TimetabledPassingTime version="3806502" id="VTR:TimetabledPassingTime:3803896_130533128_1">
                  <StopPointInJourneyPatternRef ref="VTR:StopPointInJourneyPattern:130533128" version="3806502"/>
                  <DepartureTime>14:00:00</DepartureTime>
                  <DepartureDayOffset>0</DepartureDayOffset>
                </TimetabledPassingTime>
                <TimetabledPassingTime version="3806502" id="VTR:TimetabledPassingTime:3803896_130533129_2">
                  <StopPointInJourneyPatternRef ref="VTR:StopPointInJourneyPattern:130533129" version="3806502"/>
                  <DepartureTime>14:06:00</DepartureTime>
                  <DepartureDayOffset>0</DepartureDayOffset>
                </TimetabledPassingTime>
                <TimetabledPassingTime version="3806502" id="VTR:TimetabledPassingTime:3803896_130533130_3">
                  <StopPointInJourneyPatternRef ref="VTR:StopPointInJourneyPattern:130533130" version="3806502"/>
                  <DepartureTime>14:11:00</DepartureTime>
                  <DepartureDayOffset>0</DepartureDayOffset>
                </TimetabledPassingTime>
                <TimetabledPassingTime version="3806502" id="VTR:TimetabledPassingTime:3803896_130533131_4">
                  <StopPointInJourneyPatternRef ref="VTR:StopPointInJourneyPattern:130533131" version="3806502"/>
                  <DepartureTime>14:15:00</DepartureTime>
                  <DepartureDayOffset>0</DepartureDayOffset>
                </TimetabledPassingTime>
              </passingTimes>
            </ServiceJourney>
            <ServiceJourney version="3806503" id="VTR:ServiceJourney:3803897">
              <Name>Skuodas-Luknės</Name>
              <PrivateCode>1</PrivateCode>
              <dayTypes>
                <DayTypeRef ref="VTR:DayType:254"/>
              </dayTypes>
              <JourneyPatternRef version="3806503" ref="VTR:JourneyPattern:3803897"/>
              <OperatorRef ref="VTR:Operator:513"/>
              <LineRef ref="VTR:Line:4821" version="9445"/>
              <passingTimes>
                <TimetabledPassingTime version="3806503" id="VTR:TimetabledPassingTime:3803897_130533132_1">
                  <StopPointInJourneyPatternRef ref="VTR:StopPointInJourneyPattern:130533132" version="3806503"/>
                  <DepartureTime>06:50:00</DepartureTime>
                  <DepartureDayOffset>0</DepartureDayOffset>
                </TimetabledPassingTime>
                <TimetabledPassingTime version="3806503" id="VTR:TimetabledPassingTime:3803897_130533133_2">
                  <StopPointInJourneyPatternRef ref="VTR:StopPointInJourneyPattern:130533133" version="3806503"/>
                  <DepartureTime>06:56:00</DepartureTime>
                  <DepartureDayOffset>0</DepartureDayOffset>
                </TimetabledPassingTime>
                <TimetabledPassingTime version="3806503" id="VTR:TimetabledPassingTime:3803897_130533134_3">
                  <StopPointInJourneyPatternRef ref="VTR:StopPointInJourneyPattern:130533134" version="3806503"/>
                  <DepartureTime>07:01:00</DepartureTime>
                  <DepartureDayOffset>0</DepartureDayOffset>
                </TimetabledPassingTime>
                <TimetabledPassingTime version="3806503" id="VTR:TimetabledPassingTime:3803897_130533135_4">
                  <StopPointInJourneyPatternRef ref="VTR:StopPointInJourneyPattern:130533135" version="3806503"/>
                  <DepartureTime>07:05:00</DepartureTime>
                  <DepartureDayOffset>0</DepartureDayOffset>
                </TimetabledPassingTime>
              </passingTimes>
            </ServiceJourney>
            <ServiceJourney version="3806507" id="VTR:ServiceJourney:3803901">
              <Name>Luknės-Skuodas</Name>
              <PrivateCode>2.</PrivateCode>
              <dayTypes>
                <DayTypeRef ref="VTR:DayType:26014"/>
              </dayTypes>
              <JourneyPatternRef version="3806507" ref="VTR:JourneyPattern:3803901"/>
              <OperatorRef ref="VTR:Operator:513"/>
              <LineRef ref="VTR:Line:4821" version="9445"/>
              <passingTimes>
                <TimetabledPassingTime version="3806507" id="VTR:TimetabledPassingTime:3803901_130533149_1">
                  <StopPointInJourneyPatternRef ref="VTR:StopPointInJourneyPattern:130533149" version="3806507"/>
                  <DepartureTime>14:25:00</DepartureTime>
                  <DepartureDayOffset>0</DepartureDayOffset>
                </TimetabledPassingTime>
                <TimetabledPassingTime version="3806507" id="VTR:TimetabledPassingTime:3803901_130533150_2">
                  <StopPointInJourneyPatternRef ref="VTR:StopPointInJourneyPattern:130533150" version="3806507"/>
                  <DepartureTime>14:30:00</DepartureTime>
                  <DepartureDayOffset>0</DepartureDayOffset>
                </TimetabledPassingTime>
                <TimetabledPassingTime version="3806507" id="VTR:TimetabledPassingTime:3803901_130533151_3">
                  <StopPointInJourneyPatternRef ref="VTR:StopPointInJourneyPattern:130533151" version="3806507"/>
                  <DepartureTime>14:35:00</DepartureTime>
                  <DepartureDayOffset>0</DepartureDayOffset>
                </TimetabledPassingTime>
                <TimetabledPassingTime version="3806507" id="VTR:TimetabledPassingTime:3803901_130533152_4">
                  <StopPointInJourneyPatternRef ref="VTR:StopPointInJourneyPattern:130533152" version="3806507"/>
                  <DepartureTime>14:40:00</DepartureTime>
                  <DepartureDayOffset>0</DepartureDayOffset>
                </TimetabledPassingTime>
              </passingTimes>
            </ServiceJourney>
          </vehicleJourneys>
        </TimetableFrame>
        <ResourceFrame version="1" id="VTR:ResourceFrame:1398">
          <organisations>
            <Authority version="1" id="VTR:Authority:29">
              <CompanyNumber>75</CompanyNumber>
              <Name>Skuodo r. sav.</Name>
              <LegalName>Skuodo r. sav.</LegalName>
              <ContactDetails>
                <Email>savivaldybe@skuodas.lt</Email>
                <Phone>8 440 73932</Phone>
                <Url>www.skuodas.lt</Url>
              </ContactDetails>
              <OrganisationType>authority</OrganisationType>
            </Authority>
          </organisations>
        </ResourceFrame>
      </frames>
    </CompositeFrame>
  </dataObjects>
</PublicationDelivery>
