<?xml version="1.0" encoding="UTF-8"?><PublicationDelivery xmlns="http://www.netex.org.uk/netex" xmlns:gis="http://www.opengis.net/gml/3.2" xmlns:ns2="http://www.opengis.net/gml/3.2" xmlns:ns3="http://www.siri.org.uk/siri" xmlns:xsi="http://www.w3.org/2001/XMLSchema-instance" version="1" xsi:schemaLocation="">
  <PublicationTimestamp>2022-05-07T03:45:00.262</PublicationTimestamp>
  <ParticipantRef>VTR</ParticipantRef>
  <Description>1</Description>
  <dataObjects>
    <CompositeFrame created="2022-05-07T03:45:00.262" version="1" id="VTR:CompositeFrame:1385">
      <validityConditions>
        <AvailabilityCondition version="1" id="VTR:AvailabilityCondition:1385">
          <FromDate>2015-07-29T14:50:24</FromDate>
          <ToDate>2027-12-30T00:00:00</ToDate>
        </AvailabilityCondition>
      </validityConditions>
      <codespaces>
        <Codespace id="vtr">
          <Xmlns>VTR</Xmlns>
          <XmlnsUrl>http://www.visimarsrutai.lt/</XmlnsUrl>
        </Codespace>
      </codespaces>
      <FrameDefaults>
        <DefaultLocale>
          <TimeZone>Europe/Vilnius</TimeZone>
        </DefaultLocale>
        <DefaultLocationSystem>WGS84</DefaultLocationSystem>
      </FrameDefaults>
      <frames>
        <ServiceCalendarFrame version="1" id="VTR:ServiceCalendarFrame:1385">
          <dayTypes>
            <DayType id="VTR:DayType:1343" version="1">
              <properties>
                <PropertyOfDay>
                  <DaysOfWeek>Monday Tuesday Wednesday Thursday Friday</DaysOfWeek>
                </PropertyOfDay>
              </properties>
            </DayType>
          </dayTypes>
          <operatingPeriods>
            <OperatingPeriod version="1" id="VTR:OperatingPeriod:1343">
              <FromDate>2015-08-14T00:00:00</FromDate>
              <ToDate>2020-12-31T00:00:00</ToDate>
            </OperatingPeriod>
          </operatingPeriods>
          <dayTypeAssignments>
            <DayTypeAssignment id="VTR:DayTypeAssignment:1343_0" version="1" order="1325">
              <OperatingPeriodRef ref="VTR:OperatingPeriod:1343" version="1"/>
              <DayTypeRef ref="VTR:DayType:1343" version="1"/>
            </DayTypeAssignment>
          </dayTypeAssignments>
        </ServiceCalendarFrame>
        <ServiceFrame id="VTR:ServiceFrame:1385" version="1">
          <Network version="0" id="VTR:Network:18"/>
          <routePoints>
            <RoutePoint version="1" id="VTR:RoutePoint:63424">
              <projections>
                <PointProjection version="1" id="VTR:PointProjection:20123">
                  <ProjectedPointRef ref="VTR:ScheduledStopPoint:63424" version="1"/>
                </PointProjection>
              </projections>
            </RoutePoint>
            <RoutePoint version="1" id="VTR:RoutePoint:63425">
              <projections>
                <PointProjection version="1" id="VTR:PointProjection:20124">
                  <ProjectedPointRef ref="VTR:ScheduledStopPoint:63425" version="1"/>
                </PointProjection>
              </projections>
            </RoutePoint>
            <RoutePoint version="1" id="VTR:RoutePoint:63426">
              <projections>
                <PointProjection version="1" id="VTR:PointProjection:20125">
                  <ProjectedPointRef ref="VTR:ScheduledStopPoint:63426" version="1"/>
                </PointProjection>
              </projections>
            </RoutePoint>
            <RoutePoint version="1" id="VTR:RoutePoint:63427">
              <projections>
                <PointProjection version="1" id="VTR:PointProjection:20126">
                  <ProjectedPointRef ref="VTR:ScheduledStopPoint:63427" version="1"/>
                </PointProjection>
              </projections>
            </RoutePoint>
            <RoutePoint version="1" id="VTR:RoutePoint:63428">
              <projections>
                <PointProjection version="1" id="VTR:PointProjection:20127">
                  <ProjectedPointRef ref="VTR:ScheduledStopPoint:63428" version="1"/>
                </PointProjection>
              </projections>
            </RoutePoint>
            <RoutePoint version="1" id="VTR:RoutePoint:63429">
              <projections>
                <PointProjection version="1" id="VTR:PointProjection:20128">
                  <ProjectedPointRef ref="VTR:ScheduledStopPoint:63429" version="1"/>
                </PointProjection>
              </projections>
            </RoutePoint>
            <RoutePoint version="1" id="VTR:RoutePoint:63430">
              <projections>
                <PointProjection version="1" id="VTR:PointProjection:20129">
                  <ProjectedPointRef ref="VTR:ScheduledStopPoint:63430" version="1"/>
                </PointProjection>
              </projections>
            </RoutePoint>
            <RoutePoint version="1" id="VTR:RoutePoint:63431">
              <projections>
                <PointProjection version="1" id="VTR:PointProjection:20130">
                  <ProjectedPointRef ref="VTR:ScheduledStopPoint:63431" version="1"/>
                </PointProjection>
              </projections>
            </RoutePoint>
            <RoutePoint version="1" id="VTR:RoutePoint:63432">
              <projections>
                <PointProjection version="1" id="VTR:PointProjection:20131">
                  <ProjectedPointRef ref="VTR:ScheduledStopPoint:63432" version="1"/>
                </PointProjection>
              </projections>
            </RoutePoint>
            <RoutePoint version="1" id="VTR:RoutePoint:63433">
              <projections>
                <PointProjection version="1" id="VTR:PointProjection:20132">
                  <ProjectedPointRef ref="VTR:ScheduledStopPoint:63433" version="1"/>
                </PointProjection>
              </projections>
            </RoutePoint>
          </routePoints>
          <routes>
            <Route version="1" id="VTR:Route:3778">
              <Name>Vaiteliai-Kretinga</Name>
              <ShortName>Vaiteliai-Kretinga</ShortName>
              <LineRef ref="VTR:Line:1554" version="1534"/>
              <DirectionType>inbound</DirectionType>
              <pointsInSequence>
                <PointOnRoute version="1" id="VTR:PointOnRoute:63424" order="1">
                  <RoutePointRef ref="VTR:RoutePoint:63424"/>
                </PointOnRoute>
                <PointOnRoute version="1" id="VTR:PointOnRoute:63425" order="2">
                  <RoutePointRef ref="VTR:RoutePoint:63425"/>
                </PointOnRoute>
                <PointOnRoute version="1" id="VTR:PointOnRoute:63426" order="3">
                  <RoutePointRef ref="VTR:RoutePoint:63426"/>
                </PointOnRoute>
                <PointOnRoute version="1" id="VTR:PointOnRoute:63427" order="4">
                  <RoutePointRef ref="VTR:RoutePoint:63427"/>
                </PointOnRoute>
                <PointOnRoute version="1" id="VTR:PointOnRoute:63428" order="5">
                  <RoutePointRef ref="VTR:RoutePoint:63428"/>
                </PointOnRoute>
                <PointOnRoute version="1" id="VTR:PointOnRoute:63429" order="6">
                  <RoutePointRef ref="VTR:RoutePoint:63429"/>
                </PointOnRoute>
                <PointOnRoute version="1" id="VTR:PointOnRoute:63430" order="7">
                  <RoutePointRef ref="VTR:RoutePoint:63430"/>
                </PointOnRoute>
                <PointOnRoute version="1" id="VTR:PointOnRoute:63431" order="8">
                  <RoutePointRef ref="VTR:RoutePoint:63431"/>
                </PointOnRoute>
                <PointOnRoute version="1" id="VTR:PointOnRoute:63432" order="9">
                  <RoutePointRef ref="VTR:RoutePoint:63432"/>
                </PointOnRoute>
                <PointOnRoute version="1" id="VTR:PointOnRoute:63433" order="10">
                  <RoutePointRef ref="VTR:RoutePoint:63433"/>
                </PointOnRoute>
              </pointsInSequence>
            </Route>
          </routes>
          <lines>
            <Line version="1534" id="VTR:Line:1554">
              <Name>Vaiteliai-Kretinga</Name>
              <TransportMode>bus</TransportMode>
              <TransportSubmode>
                <BusSubmode>regionalBus</BusSubmode>
              </TransportSubmode>
              <PublicCode>10A</PublicCode>
              <OperatorRef ref="VTR:Operator:18"/>
            </Line>
          </lines>
          <scheduledStopPoints>
            <ScheduledStopPoint version="1" id="VTR:ScheduledStopPoint:63424">
              <Name>Vaiteliai</Name>
            </ScheduledStopPoint>
            <ScheduledStopPoint version="1" id="VTR:ScheduledStopPoint:63425">
              <Name>Šašaičiai</Name>
            </ScheduledStopPoint>
            <ScheduledStopPoint version="1" id="VTR:ScheduledStopPoint:63426">
              <Name>Jokūbavas</Name>
            </ScheduledStopPoint>
            <ScheduledStopPoint version="1" id="VTR:ScheduledStopPoint:63427">
              <Name>Petrikaičiai</Name>
            </ScheduledStopPoint>
            <ScheduledStopPoint version="1" id="VTR:ScheduledStopPoint:63428">
              <Name>Petreikiai</Name>
            </ScheduledStopPoint>
            <ScheduledStopPoint version="1" id="VTR:ScheduledStopPoint:63429">
              <Name>Medelynas</Name>
            </ScheduledStopPoint>
            <ScheduledStopPoint version="1" id="VTR:ScheduledStopPoint:63430">
              <Name>Vytauto g.</Name>
            </ScheduledStopPoint>
            <ScheduledStopPoint version="1" id="VTR:ScheduledStopPoint:63431">
              <Name>Pranciškonų gimnazija</Name>
            </ScheduledStopPoint>
            <ScheduledStopPoint version="1" id="VTR:ScheduledStopPoint:63432">
              <Name>Daujoto vid. m-kla</Name>
            </ScheduledStopPoint>
            <ScheduledStopPoint version="1" id="VTR:ScheduledStopPoint:63433">
              <Name>Kretingos autobusų stotis</Name>
            </ScheduledStopPoint>
          </scheduledStopPoints>
          <serviceLinks>
            <ServiceLink id="VTR:ServiceLink:63429_1_63430_1" version="1">
              <Distance>2</Distance>
              <FromPointRef ref="VTR:ScheduledStopPoint:63429" version="1"/>
              <ToPointRef ref="VTR:ScheduledStopPoint:63430" version="1"/>
            </ServiceLink>
            <ServiceLink id="VTR:ServiceLink:63425_1_63426_1" version="1">
              <Distance>1</Distance>
              <FromPointRef ref="VTR:ScheduledStopPoint:63425" version="1"/>
              <ToPointRef ref="VTR:ScheduledStopPoint:63426" version="1"/>
            </ServiceLink>
            <ServiceLink id="VTR:ServiceLink:63426_1_63427_1" version="1">
              <Distance>2</Distance>
              <FromPointRef ref="VTR:ScheduledStopPoint:63426" version="1"/>
              <ToPointRef ref="VTR:ScheduledStopPoint:63427" version="1"/>
            </ServiceLink>
            <ServiceLink id="VTR:ServiceLink:63430_1_63431_1" version="1">
              <Distance>1</Distance>
              <FromPointRef ref="VTR:ScheduledStopPoint:63430" version="1"/>
              <ToPointRef ref="VTR:ScheduledStopPoint:63431" version="1"/>
            </ServiceLink>
            <ServiceLink id="VTR:ServiceLink:63427_1_63428_1" version="1">
              <Distance>1</Distance>
              <FromPointRef ref="VTR:ScheduledStopPoint:63427" version="1"/>
              <ToPointRef ref="VTR:ScheduledStopPoint:63428" version="1"/>
            </ServiceLink>
            <ServiceLink id="VTR:ServiceLink:63428_1_63429_1" version="1">
              <Distance>2</Distance>
              <FromPointRef ref="VTR:ScheduledStopPoint:63428" version="1"/>
              <ToPointRef ref="VTR:ScheduledStopPoint:63429" version="1"/>
            </ServiceLink>
            <ServiceLink id="VTR:ServiceLink:63424_1_63425_1" version="1">
              <Distance>2</Distance>
              <FromPointRef ref="VTR:ScheduledStopPoint:63424" version="1"/>
              <ToPointRef ref="VTR:ScheduledStopPoint:63425" version="1"/>
            </ServiceLink>
            <ServiceLink id="VTR:ServiceLink:63431_1_63432_1" version="1">
              <Distance>0</Distance>
              <FromPointRef ref="VTR:ScheduledStopPoint:63431" version="1"/>
              <ToPointRef ref="VTR:ScheduledStopPoint:63432" version="1"/>
            </ServiceLink>
            <ServiceLink id="VTR:ServiceLink:63432_1_63433_1" version="1">
              <Distance>1</Distance>
              <FromPointRef ref="VTR:ScheduledStopPoint:63432" version="1"/>
              <ToPointRef ref="VTR:ScheduledStopPoint:63433" version="1"/>
            </ServiceLink>
          </serviceLinks>
          <stopAssignments>
            <PassengerStopAssignment order="377800000" id="VTR:PassengerStopAssignment:63424" version="1">
              <ScheduledStopPointRef ref="VTR:ScheduledStopPoint:63424" version="1"/>
              <QuayRef ref="VTR:Quay:13049"/>
            </PassengerStopAssignment>
            <PassengerStopAssignment order="377800001" id="VTR:PassengerStopAssignment:63425" version="1">
              <ScheduledStopPointRef ref="VTR:ScheduledStopPoint:63425" version="1"/>
              <QuayRef ref="VTR:Quay:6314"/>
            </PassengerStopAssignment>
            <PassengerStopAssignment order="377800002" id="VTR:PassengerStopAssignment:63426" version="1">
              <ScheduledStopPointRef ref="VTR:ScheduledStopPoint:63426" version="1"/>
              <QuayRef ref="VTR:Quay:13956"/>
            </PassengerStopAssignment>
            <PassengerStopAssignment order="377800003" id="VTR:PassengerStopAssignment:63427" version="1">
              <ScheduledStopPointRef ref="VTR:ScheduledStopPoint:63427" version="1"/>
              <QuayRef ref="VTR:Quay:4605"/>
            </PassengerStopAssignment>
            <PassengerStopAssignment order="377800004" id="VTR:PassengerStopAssignment:63428" version="1">
              <ScheduledStopPointRef ref="VTR:ScheduledStopPoint:63428" version="1"/>
              <QuayRef ref="VTR:Quay:4603"/>
            </PassengerStopAssignment>
            <PassengerStopAssignment order="377800005" id="VTR:PassengerStopAssignment:63429" version="1">
              <ScheduledStopPointRef ref="VTR:ScheduledStopPoint:63429" version="1"/>
              <QuayRef ref="VTR:Quay:5588"/>
            </PassengerStopAssignment>
            <PassengerStopAssignment order="377800006" id="VTR:PassengerStopAssignment:63430" version="1">
              <ScheduledStopPointRef ref="VTR:ScheduledStopPoint:63430" version="1"/>
              <QuayRef ref="VTR:Quay:21278"/>
            </PassengerStopAssignment>
            <PassengerStopAssignment order="377800007" id="VTR:PassengerStopAssignment:63431" version="1">
              <ScheduledStopPointRef ref="VTR:ScheduledStopPoint:63431" version="1"/>
              <QuayRef ref="VTR:Quay:21275"/>
            </PassengerStopAssignment>
            <PassengerStopAssignment order="377800008" id="VTR:PassengerStopAssignment:63432" version="1">
              <ScheduledStopPointRef ref="VTR:ScheduledStopPoint:63432" version="1"/>
              <QuayRef ref="VTR:Quay:3596"/>
            </PassengerStopAssignment>
            <PassengerStopAssignment order="377800009" id="VTR:PassengerStopAssignment:63433" version="1">
              <ScheduledStopPointRef ref="VTR:ScheduledStopPoint:63433" version="1"/>
              <QuayRef ref="VTR:Quay:19494"/>
            </PassengerStopAssignment>
          </stopAssignments>
          <journeyPatterns>
            <JourneyPattern id="VTR:JourneyPattern:47079" version="47063">
              <Name>1A</Name>
              <RouteRef ref="VTR:Route:3778" version="1"/>
              <pointsInSequence>
                <StopPointInJourneyPattern id="VTR:StopPointInJourneyPattern:979863" version="47063" order="1">
                  <ScheduledStopPointRef ref="VTR:ScheduledStopPoint:63424"/>
                  <DestinationDisplayRef ref="VTR:DestinationDisplay:1"/>
                </StopPointInJourneyPattern>
                <StopPointInJourneyPattern id="VTR:StopPointInJourneyPattern:979864" version="47063" order="2">
                  <ScheduledStopPointRef ref="VTR:ScheduledStopPoint:63425"/>
                  <DestinationDisplayRef ref="VTR:DestinationDisplay:1"/>
                </StopPointInJourneyPattern>
                <StopPointInJourneyPattern id="VTR:StopPointInJourneyPattern:979865" version="47063" order="3">
                  <ScheduledStopPointRef ref="VTR:ScheduledStopPoint:63426"/>
                  <DestinationDisplayRef ref="VTR:DestinationDisplay:1"/>
                </StopPointInJourneyPattern>
                <StopPointInJourneyPattern id="VTR:StopPointInJourneyPattern:979866" version="47063" order="4">
                  <ScheduledStopPointRef ref="VTR:ScheduledStopPoint:63427"/>
                  <DestinationDisplayRef ref="VTR:DestinationDisplay:1"/>
                </StopPointInJourneyPattern>
                <StopPointInJourneyPattern id="VTR:StopPointInJourneyPattern:979867" version="47063" order="5">
                  <ScheduledStopPointRef ref="VTR:ScheduledStopPoint:63428"/>
                  <DestinationDisplayRef ref="VTR:DestinationDisplay:1"/>
                </StopPointInJourneyPattern>
                <StopPointInJourneyPattern id="VTR:StopPointInJourneyPattern:979868" version="47063" order="6">
                  <ScheduledStopPointRef ref="VTR:ScheduledStopPoint:63429"/>
                  <DestinationDisplayRef ref="VTR:DestinationDisplay:1"/>
                </StopPointInJourneyPattern>
                <StopPointInJourneyPattern id="VTR:StopPointInJourneyPattern:979869" version="47063" order="7">
                  <ScheduledStopPointRef ref="VTR:ScheduledStopPoint:63430"/>
                  <DestinationDisplayRef ref="VTR:DestinationDisplay:1"/>
                </StopPointInJourneyPattern>
                <StopPointInJourneyPattern id="VTR:StopPointInJourneyPattern:979870" version="47063" order="8">
                  <ScheduledStopPointRef ref="VTR:ScheduledStopPoint:63431"/>
                  <DestinationDisplayRef ref="VTR:DestinationDisplay:1"/>
                </StopPointInJourneyPattern>
                <StopPointInJourneyPattern id="VTR:StopPointInJourneyPattern:979871" version="47063" order="9">
                  <ScheduledStopPointRef ref="VTR:ScheduledStopPoint:63432"/>
                  <DestinationDisplayRef ref="VTR:DestinationDisplay:1"/>
                </StopPointInJourneyPattern>
                <StopPointInJourneyPattern id="VTR:StopPointInJourneyPattern:979872" version="47063" order="10">
                  <ScheduledStopPointRef ref="VTR:ScheduledStopPoint:63433"/>
                  <DestinationDisplayRef ref="VTR:DestinationDisplay:1"/>
                </StopPointInJourneyPattern>
              </pointsInSequence>
            </JourneyPattern>
            <JourneyPattern id="VTR:JourneyPattern:47080" version="47064">
              <Name>2A</Name>
              <RouteRef ref="VTR:Route:3778" version="1"/>
              <pointsInSequence>
                <StopPointInJourneyPattern id="VTR:StopPointInJourneyPattern:979873" version="47064" order="1">
                  <ScheduledStopPointRef ref="VTR:ScheduledStopPoint:63424"/>
                  <DestinationDisplayRef ref="VTR:DestinationDisplay:1"/>
                </StopPointInJourneyPattern>
                <StopPointInJourneyPattern id="VTR:StopPointInJourneyPattern:979874" version="47064" order="2">
                  <ScheduledStopPointRef ref="VTR:ScheduledStopPoint:63425"/>
                  <DestinationDisplayRef ref="VTR:DestinationDisplay:1"/>
                </StopPointInJourneyPattern>
                <StopPointInJourneyPattern id="VTR:StopPointInJourneyPattern:979875" version="47064" order="3">
                  <ScheduledStopPointRef ref="VTR:ScheduledStopPoint:63426"/>
                  <DestinationDisplayRef ref="VTR:DestinationDisplay:1"/>
                </StopPointInJourneyPattern>
                <StopPointInJourneyPattern id="VTR:StopPointInJourneyPattern:979876" version="47064" order="4">
                  <ScheduledStopPointRef ref="VTR:ScheduledStopPoint:63427"/>
                  <DestinationDisplayRef ref="VTR:DestinationDisplay:1"/>
                </StopPointInJourneyPattern>
                <StopPointInJourneyPattern id="VTR:StopPointInJourneyPattern:979877" version="47064" order="5">
                  <ScheduledStopPointRef ref="VTR:ScheduledStopPoint:63428"/>
                  <DestinationDisplayRef ref="VTR:DestinationDisplay:1"/>
                </StopPointInJourneyPattern>
                <StopPointInJourneyPattern id="VTR:StopPointInJourneyPattern:979878" version="47064" order="6">
                  <ScheduledStopPointRef ref="VTR:ScheduledStopPoint:63429"/>
                  <DestinationDisplayRef ref="VTR:DestinationDisplay:1"/>
                </StopPointInJourneyPattern>
                <StopPointInJourneyPattern id="VTR:StopPointInJourneyPattern:979879" version="47064" order="7">
                  <ScheduledStopPointRef ref="VTR:ScheduledStopPoint:63430"/>
                  <DestinationDisplayRef ref="VTR:DestinationDisplay:1"/>
                </StopPointInJourneyPattern>
                <StopPointInJourneyPattern id="VTR:StopPointInJourneyPattern:979880" version="47064" order="8">
                  <ScheduledStopPointRef ref="VTR:ScheduledStopPoint:63431"/>
                  <DestinationDisplayRef ref="VTR:DestinationDisplay:1"/>
                </StopPointInJourneyPattern>
                <StopPointInJourneyPattern id="VTR:StopPointInJourneyPattern:979881" version="47064" order="9">
                  <ScheduledStopPointRef ref="VTR:ScheduledStopPoint:63432"/>
                  <DestinationDisplayRef ref="VTR:DestinationDisplay:1"/>
                </StopPointInJourneyPattern>
                <StopPointInJourneyPattern id="VTR:StopPointInJourneyPattern:979882" version="47064" order="10">
                  <ScheduledStopPointRef ref="VTR:ScheduledStopPoint:63433"/>
                  <DestinationDisplayRef ref="VTR:DestinationDisplay:1"/>
                </StopPointInJourneyPattern>
              </pointsInSequence>
            </JourneyPattern>
          </journeyPatterns>
        </ServiceFrame>
        <TimetableFrame version="1" id="VTR:TimetableFrame:1385">
          <vehicleJourneys>
            <ServiceJourney version="47064" id="VTR:ServiceJourney:47080">
              <Name>Vaiteliai-Kretinga</Name>
              <PrivateCode>2A</PrivateCode>
              <dayTypes>
                <DayTypeRef ref="VTR:DayType:1343"/>
              </dayTypes>
              <JourneyPatternRef version="47064" ref="VTR:JourneyPattern:47080"/>
              <OperatorRef ref="VTR:Operator:482"/>
              <LineRef ref="VTR:Line:1554" version="1534"/>
              <passingTimes>
                <TimetabledPassingTime version="47064" id="VTR:TimetabledPassingTime:47080_979873_1">
                  <StopPointInJourneyPatternRef ref="VTR:StopPointInJourneyPattern:979873" version="47064"/>
                  <DepartureTime>15:50:00</DepartureTime>
                  <DepartureDayOffset>0</DepartureDayOffset>
                </TimetabledPassingTime>
                <TimetabledPassingTime version="47064" id="VTR:TimetabledPassingTime:47080_979874_2">
                  <StopPointInJourneyPatternRef ref="VTR:StopPointInJourneyPattern:979874" version="47064"/>
                  <DepartureTime>15:55:00</DepartureTime>
                  <DepartureDayOffset>0</DepartureDayOffset>
                </TimetabledPassingTime>
                <TimetabledPassingTime version="47064" id="VTR:TimetabledPassingTime:47080_979875_3">
                  <StopPointInJourneyPatternRef ref="VTR:StopPointInJourneyPattern:979875" version="47064"/>
                  <DepartureTime>16:00:00</DepartureTime>
                  <DepartureDayOffset>0</DepartureDayOffset>
                </TimetabledPassingTime>
                <TimetabledPassingTime version="47064" id="VTR:TimetabledPassingTime:47080_979876_4">
                  <StopPointInJourneyPatternRef ref="VTR:StopPointInJourneyPattern:979876" version="47064"/>
                  <DepartureTime>16:04:00</DepartureTime>
                  <DepartureDayOffset>0</DepartureDayOffset>
                </TimetabledPassingTime>
                <TimetabledPassingTime version="47064" id="VTR:TimetabledPassingTime:47080_979877_5">
                  <StopPointInJourneyPatternRef ref="VTR:StopPointInJourneyPattern:979877" version="47064"/>
                  <DepartureTime>16:06:00</DepartureTime>
                  <DepartureDayOffset>0</DepartureDayOffset>
                </TimetabledPassingTime>
                <TimetabledPassingTime version="47064" id="VTR:TimetabledPassingTime:47080_979878_6">
                  <StopPointInJourneyPatternRef ref="VTR:StopPointInJourneyPattern:979878" version="47064"/>
                  <DepartureTime>16:08:00</DepartureTime>
                  <DepartureDayOffset>0</DepartureDayOffset>
                </TimetabledPassingTime>
                <TimetabledPassingTime version="47064" id="VTR:TimetabledPassingTime:47080_979879_7">
                  <StopPointInJourneyPatternRef ref="VTR:StopPointInJourneyPattern:979879" version="47064"/>
                  <DepartureTime>16:10:00</DepartureTime>
                  <DepartureDayOffset>0</DepartureDayOffset>
                </TimetabledPassingTime>
                <TimetabledPassingTime version="47064" id="VTR:TimetabledPassingTime:47080_979880_8">
                  <StopPointInJourneyPatternRef ref="VTR:StopPointInJourneyPattern:979880" version="47064"/>
                  <DepartureTime>16:13:00</DepartureTime>
                  <DepartureDayOffset>0</DepartureDayOffset>
                </TimetabledPassingTime>
                <TimetabledPassingTime version="47064" id="VTR:TimetabledPassingTime:47080_979881_9">
                  <StopPointInJourneyPatternRef ref="VTR:StopPointInJourneyPattern:979881" version="47064"/>
                  <DepartureTime>16:14:00</DepartureTime>
                  <DepartureDayOffset>0</DepartureDayOffset>
                </TimetabledPassingTime>
                <TimetabledPassingTime version="47064" id="VTR:TimetabledPassingTime:47080_979882_10">
                  <StopPointInJourneyPatternRef ref="VTR:StopPointInJourneyPattern:979882" version="47064"/>
                  <DepartureTime>16:25:00</DepartureTime>
                  <DepartureDayOffset>0</DepartureDayOffset>
                </TimetabledPassingTime>
              </passingTimes>
            </ServiceJourney>
            <ServiceJourney version="47063" id="VTR:ServiceJourney:47079">
              <Name>Vaiteliai-Kretinga</Name>
              <PrivateCode>1A</PrivateCode>
              <dayTypes>
                <DayTypeRef ref="VTR:DayType:1343"/>
              </dayTypes>
              <JourneyPatternRef version="47063" ref="VTR:JourneyPattern:47079"/>
              <OperatorRef ref="VTR:Operator:482"/>
              <LineRef ref="VTR:Line:1554" version="1534"/>
              <passingTimes>
                <TimetabledPassingTime version="47063" id="VTR:TimetabledPassingTime:47079_979863_1">
                  <StopPointInJourneyPatternRef ref="VTR:StopPointInJourneyPattern:979863" version="47063"/>
                  <DepartureTime>07:25:00</DepartureTime>
                  <DepartureDayOffset>0</DepartureDayOffset>
                </TimetabledPassingTime>
                <TimetabledPassingTime version="47063" id="VTR:TimetabledPassingTime:47079_979864_2">
                  <StopPointInJourneyPatternRef ref="VTR:StopPointInJourneyPattern:979864" version="47063"/>
                  <DepartureTime>07:30:00</DepartureTime>
                  <DepartureDayOffset>0</DepartureDayOffset>
                </TimetabledPassingTime>
                <TimetabledPassingTime version="47063" id="VTR:TimetabledPassingTime:47079_979865_3">
                  <StopPointInJourneyPatternRef ref="VTR:StopPointInJourneyPattern:979865" version="47063"/>
                  <DepartureTime>07:35:00</DepartureTime>
                  <DepartureDayOffset>0</DepartureDayOffset>
                </TimetabledPassingTime>
                <TimetabledPassingTime version="47063" id="VTR:TimetabledPassingTime:47079_979866_4">
                  <StopPointInJourneyPatternRef ref="VTR:StopPointInJourneyPattern:979866" version="47063"/>
                  <DepartureTime>07:39:00</DepartureTime>
                  <DepartureDayOffset>0</DepartureDayOffset>
                </TimetabledPassingTime>
                <TimetabledPassingTime version="47063" id="VTR:TimetabledPassingTime:47079_979867_5">
                  <StopPointInJourneyPatternRef ref="VTR:StopPointInJourneyPattern:979867" version="47063"/>
                  <DepartureTime>07:41:00</DepartureTime>
                  <DepartureDayOffset>0</DepartureDayOffset>
                </TimetabledPassingTime>
                <TimetabledPassingTime version="47063" id="VTR:TimetabledPassingTime:47079_979868_6">
                  <StopPointInJourneyPatternRef ref="VTR:StopPointInJourneyPattern:979868" version="47063"/>
                  <DepartureTime>07:43:00</DepartureTime>
                  <DepartureDayOffset>0</DepartureDayOffset>
                </TimetabledPassingTime>
                <TimetabledPassingTime version="47063" id="VTR:TimetabledPassingTime:47079_979869_7">
                  <StopPointInJourneyPatternRef ref="VTR:StopPointInJourneyPattern:979869" version="47063"/>
                  <DepartureTime>07:45:00</DepartureTime>
                  <DepartureDayOffset>0</DepartureDayOffset>
                </TimetabledPassingTime>
                <TimetabledPassingTime version="47063" id="VTR:TimetabledPassingTime:47079_979870_8">
                  <StopPointInJourneyPatternRef ref="VTR:StopPointInJourneyPattern:979870" version="47063"/>
                  <DepartureTime>07:48:00</DepartureTime>
                  <DepartureDayOffset>0</DepartureDayOffset>
                </TimetabledPassingTime>
                <TimetabledPassingTime version="47063" id="VTR:TimetabledPassingTime:47079_979871_9">
                  <StopPointInJourneyPatternRef ref="VTR:StopPointInJourneyPattern:979871" version="47063"/>
                  <DepartureTime>07:49:00</DepartureTime>
                  <DepartureDayOffset>0</DepartureDayOffset>
                </TimetabledPassingTime>
                <TimetabledPassingTime version="47063" id="VTR:TimetabledPassingTime:47079_979872_10">
                  <StopPointInJourneyPatternRef ref="VTR:StopPointInJourneyPattern:979872" version="47063"/>
                  <DepartureTime>08:00:00</DepartureTime>
                  <DepartureDayOffset>0</DepartureDayOffset>
                </TimetabledPassingTime>
              </passingTimes>
            </ServiceJourney>
          </vehicleJourneys>
        </TimetableFrame>
        <ResourceFrame version="1" id="VTR:ResourceFrame:1385">
          <organisations>
            <Authority version="1" id="VTR:Authority:18">
              <CompanyNumber>56</CompanyNumber>
              <Name>Kretingos r. sav.</Name>
              <LegalName>Kretingos r. sav.</LegalName>
              <ContactDetails>
                <Email>savivaldybe@kretinga.lt</Email>
                <Phone>844553141</Phone>
                <Url>www.kretinga.lt</Url>
              </ContactDetails>
              <OrganisationType>authority</OrganisationType>
            </Authority>
          </organisations>
        </ResourceFrame>
      </frames>
    </CompositeFrame>
  </dataObjects>
</PublicationDelivery>
