<?xml version="1.0" encoding="UTF-8"?><PublicationDelivery xmlns="http://www.netex.org.uk/netex" xmlns:gis="http://www.opengis.net/gml/3.2" xmlns:ns2="http://www.opengis.net/gml/3.2" xmlns:ns3="http://www.siri.org.uk/siri" xmlns:xsi="http://www.w3.org/2001/XMLSchema-instance" version="1" xsi:schemaLocation="">
  <PublicationTimestamp>2022-05-07T03:45:00.262</PublicationTimestamp>
  <ParticipantRef>VTR</ParticipantRef>
  <Description>1</Description>
  <dataObjects>
    <CompositeFrame created="2022-05-07T03:45:00.262" version="1" id="VTR:CompositeFrame:1385">
      <validityConditions>
        <AvailabilityCondition version="1" id="VTR:AvailabilityCondition:1385">
          <FromDate>2015-08-06T15:22:05</FromDate>
          <ToDate>2027-12-30T00:00:00</ToDate>
        </AvailabilityCondition>
      </validityConditions>
      <codespaces>
        <Codespace id="vtr">
          <Xmlns>VTR</Xmlns>
          <XmlnsUrl>http://www.visimarsrutai.lt/</XmlnsUrl>
        </Codespace>
      </codespaces>
      <FrameDefaults>
        <DefaultLocale>
          <TimeZone>Europe/Vilnius</TimeZone>
        </DefaultLocale>
        <DefaultLocationSystem>WGS84</DefaultLocationSystem>
      </FrameDefaults>
      <frames>
        <ServiceCalendarFrame version="1" id="VTR:ServiceCalendarFrame:1385">
          <dayTypes>
            <DayType id="VTR:DayType:1449" version="1">
              <properties>
                <PropertyOfDay>
                  <DaysOfWeek>Monday Tuesday Wednesday Thursday Friday</DaysOfWeek>
                </PropertyOfDay>
              </properties>
            </DayType>
          </dayTypes>
          <operatingPeriods>
            <OperatingPeriod version="1" id="VTR:OperatingPeriod:1449">
              <FromDate>2015-08-21T00:00:00</FromDate>
              <ToDate>2020-12-31T00:00:00</ToDate>
            </OperatingPeriod>
          </operatingPeriods>
          <dayTypeAssignments>
            <DayTypeAssignment id="VTR:DayTypeAssignment:1449_0" version="1" order="1447">
              <OperatingPeriodRef ref="VTR:OperatingPeriod:1449" version="1"/>
              <DayTypeRef ref="VTR:DayType:1449" version="1"/>
            </DayTypeAssignment>
          </dayTypeAssignments>
        </ServiceCalendarFrame>
        <ServiceFrame id="VTR:ServiceFrame:1385" version="1">
          <Network version="0" id="VTR:Network:18"/>
          <routePoints>
            <RoutePoint version="1" id="VTR:RoutePoint:71942">
              <projections>
                <PointProjection version="1" id="VTR:PointProjection:23361">
                  <ProjectedPointRef ref="VTR:ScheduledStopPoint:71942" version="1"/>
                </PointProjection>
              </projections>
            </RoutePoint>
            <RoutePoint version="1" id="VTR:RoutePoint:71944">
              <projections>
                <PointProjection version="1" id="VTR:PointProjection:23362">
                  <ProjectedPointRef ref="VTR:ScheduledStopPoint:71944" version="1"/>
                </PointProjection>
              </projections>
            </RoutePoint>
            <RoutePoint version="1" id="VTR:RoutePoint:71945">
              <projections>
                <PointProjection version="1" id="VTR:PointProjection:23363">
                  <ProjectedPointRef ref="VTR:ScheduledStopPoint:71945" version="1"/>
                </PointProjection>
              </projections>
            </RoutePoint>
            <RoutePoint version="1" id="VTR:RoutePoint:71947">
              <projections>
                <PointProjection version="1" id="VTR:PointProjection:23364">
                  <ProjectedPointRef ref="VTR:ScheduledStopPoint:71947" version="1"/>
                </PointProjection>
              </projections>
            </RoutePoint>
            <RoutePoint version="1" id="VTR:RoutePoint:71948">
              <projections>
                <PointProjection version="1" id="VTR:PointProjection:23365">
                  <ProjectedPointRef ref="VTR:ScheduledStopPoint:71948" version="1"/>
                </PointProjection>
              </projections>
            </RoutePoint>
            <RoutePoint version="1" id="VTR:RoutePoint:71949">
              <projections>
                <PointProjection version="1" id="VTR:PointProjection:23366">
                  <ProjectedPointRef ref="VTR:ScheduledStopPoint:71949" version="1"/>
                </PointProjection>
              </projections>
            </RoutePoint>
            <RoutePoint version="1" id="VTR:RoutePoint:71950">
              <projections>
                <PointProjection version="1" id="VTR:PointProjection:23367">
                  <ProjectedPointRef ref="VTR:ScheduledStopPoint:71950" version="1"/>
                </PointProjection>
              </projections>
            </RoutePoint>
            <RoutePoint version="1" id="VTR:RoutePoint:71951">
              <projections>
                <PointProjection version="1" id="VTR:PointProjection:23368">
                  <ProjectedPointRef ref="VTR:ScheduledStopPoint:71951" version="1"/>
                </PointProjection>
              </projections>
            </RoutePoint>
            <RoutePoint version="1" id="VTR:RoutePoint:71952">
              <projections>
                <PointProjection version="1" id="VTR:PointProjection:23369">
                  <ProjectedPointRef ref="VTR:ScheduledStopPoint:71952" version="1"/>
                </PointProjection>
              </projections>
            </RoutePoint>
            <RoutePoint version="1" id="VTR:RoutePoint:71953">
              <projections>
                <PointProjection version="1" id="VTR:PointProjection:23370">
                  <ProjectedPointRef ref="VTR:ScheduledStopPoint:71953" version="1"/>
                </PointProjection>
              </projections>
            </RoutePoint>
            <RoutePoint version="1" id="VTR:RoutePoint:71954">
              <projections>
                <PointProjection version="1" id="VTR:PointProjection:23396">
                  <ProjectedPointRef ref="VTR:ScheduledStopPoint:71954" version="1"/>
                </PointProjection>
              </projections>
            </RoutePoint>
            <RoutePoint version="1" id="VTR:RoutePoint:71955">
              <projections>
                <PointProjection version="1" id="VTR:PointProjection:23397">
                  <ProjectedPointRef ref="VTR:ScheduledStopPoint:71955" version="1"/>
                </PointProjection>
              </projections>
            </RoutePoint>
            <RoutePoint version="1" id="VTR:RoutePoint:71956">
              <projections>
                <PointProjection version="1" id="VTR:PointProjection:23398">
                  <ProjectedPointRef ref="VTR:ScheduledStopPoint:71956" version="1"/>
                </PointProjection>
              </projections>
            </RoutePoint>
            <RoutePoint version="1" id="VTR:RoutePoint:71958">
              <projections>
                <PointProjection version="1" id="VTR:PointProjection:23399">
                  <ProjectedPointRef ref="VTR:ScheduledStopPoint:71958" version="1"/>
                </PointProjection>
              </projections>
            </RoutePoint>
          </routePoints>
          <routes>
            <Route version="1" id="VTR:Route:4314">
              <Name>Kretinga-Budriai</Name>
              <ShortName>Kretinga-Budriai</ShortName>
              <LineRef ref="VTR:Line:1789" version="1770"/>
              <DirectionType>outbound</DirectionType>
              <pointsInSequence>
                <PointOnRoute version="1" id="VTR:PointOnRoute:71942" order="1">
                  <RoutePointRef ref="VTR:RoutePoint:71942"/>
                </PointOnRoute>
                <PointOnRoute version="1" id="VTR:PointOnRoute:71944" order="3">
                  <RoutePointRef ref="VTR:RoutePoint:71944"/>
                </PointOnRoute>
                <PointOnRoute version="1" id="VTR:PointOnRoute:71945" order="4">
                  <RoutePointRef ref="VTR:RoutePoint:71945"/>
                </PointOnRoute>
                <PointOnRoute version="1" id="VTR:PointOnRoute:71947" order="6">
                  <RoutePointRef ref="VTR:RoutePoint:71947"/>
                </PointOnRoute>
                <PointOnRoute version="1" id="VTR:PointOnRoute:71948" order="7">
                  <RoutePointRef ref="VTR:RoutePoint:71948"/>
                </PointOnRoute>
                <PointOnRoute version="1" id="VTR:PointOnRoute:71949" order="8">
                  <RoutePointRef ref="VTR:RoutePoint:71949"/>
                </PointOnRoute>
                <PointOnRoute version="1" id="VTR:PointOnRoute:71950" order="9">
                  <RoutePointRef ref="VTR:RoutePoint:71950"/>
                </PointOnRoute>
                <PointOnRoute version="1" id="VTR:PointOnRoute:71951" order="10">
                  <RoutePointRef ref="VTR:RoutePoint:71951"/>
                </PointOnRoute>
                <PointOnRoute version="1" id="VTR:PointOnRoute:71952" order="11">
                  <RoutePointRef ref="VTR:RoutePoint:71952"/>
                </PointOnRoute>
                <PointOnRoute version="1" id="VTR:PointOnRoute:71953" order="12">
                  <RoutePointRef ref="VTR:RoutePoint:71953"/>
                </PointOnRoute>
                <PointOnRoute version="1" id="VTR:PointOnRoute:71954" order="13">
                  <RoutePointRef ref="VTR:RoutePoint:71954"/>
                </PointOnRoute>
                <PointOnRoute version="1" id="VTR:PointOnRoute:71955" order="14">
                  <RoutePointRef ref="VTR:RoutePoint:71955"/>
                </PointOnRoute>
                <PointOnRoute version="1" id="VTR:PointOnRoute:71956" order="15">
                  <RoutePointRef ref="VTR:RoutePoint:71956"/>
                </PointOnRoute>
                <PointOnRoute version="1" id="VTR:PointOnRoute:71958" order="17">
                  <RoutePointRef ref="VTR:RoutePoint:71958"/>
                </PointOnRoute>
              </pointsInSequence>
            </Route>
          </routes>
          <lines>
            <Line version="1770" id="VTR:Line:1789">
              <Name>Kretinga-Budriai</Name>
              <TransportMode>bus</TransportMode>
              <TransportSubmode>
                <BusSubmode>regionalBus</BusSubmode>
              </TransportSubmode>
              <PublicCode>20</PublicCode>
              <OperatorRef ref="VTR:Operator:18"/>
            </Line>
          </lines>
          <scheduledStopPoints>
            <ScheduledStopPoint version="1" id="VTR:ScheduledStopPoint:71942">
              <Name>Kretingos autobusų stotis</Name>
            </ScheduledStopPoint>
            <ScheduledStopPoint version="1" id="VTR:ScheduledStopPoint:71944">
              <Name>Daujoto vid. m-kla</Name>
            </ScheduledStopPoint>
            <ScheduledStopPoint version="1" id="VTR:ScheduledStopPoint:71945">
              <Name>Rotušės aikštė</Name>
            </ScheduledStopPoint>
            <ScheduledStopPoint version="1" id="VTR:ScheduledStopPoint:71947">
              <Name>Vytauto g.</Name>
            </ScheduledStopPoint>
            <ScheduledStopPoint version="1" id="VTR:ScheduledStopPoint:71948">
              <Name>Dupulčiai</Name>
            </ScheduledStopPoint>
            <ScheduledStopPoint version="1" id="VTR:ScheduledStopPoint:71949">
              <Name>Žalgiris</Name>
            </ScheduledStopPoint>
            <ScheduledStopPoint version="1" id="VTR:ScheduledStopPoint:71950">
              <Name>Laumaliai</Name>
            </ScheduledStopPoint>
            <ScheduledStopPoint version="1" id="VTR:ScheduledStopPoint:71951">
              <Name>Mokykla</Name>
            </ScheduledStopPoint>
            <ScheduledStopPoint version="1" id="VTR:ScheduledStopPoint:71952">
              <Name>Raguviškiai</Name>
            </ScheduledStopPoint>
            <ScheduledStopPoint version="1" id="VTR:ScheduledStopPoint:71953">
              <Name>Minijos tiltas</Name>
            </ScheduledStopPoint>
            <ScheduledStopPoint version="1" id="VTR:ScheduledStopPoint:71954">
              <Name>Nausodis</Name>
            </ScheduledStopPoint>
            <ScheduledStopPoint version="1" id="VTR:ScheduledStopPoint:71955">
              <Name>Mišučiai</Name>
            </ScheduledStopPoint>
            <ScheduledStopPoint version="1" id="VTR:ScheduledStopPoint:71956">
              <Name>Budriai</Name>
            </ScheduledStopPoint>
            <ScheduledStopPoint version="1" id="VTR:ScheduledStopPoint:71958">
              <Name>Budrių centras</Name>
            </ScheduledStopPoint>
          </scheduledStopPoints>
          <serviceLinks>
            <ServiceLink id="VTR:ServiceLink:71950_1_71951_1" version="1">
              <Distance>1</Distance>
              <FromPointRef ref="VTR:ScheduledStopPoint:71950" version="1"/>
              <ToPointRef ref="VTR:ScheduledStopPoint:71951" version="1"/>
            </ServiceLink>
            <ServiceLink id="VTR:ServiceLink:71955_1_71956_1" version="1">
              <Distance>1</Distance>
              <FromPointRef ref="VTR:ScheduledStopPoint:71955" version="1"/>
              <ToPointRef ref="VTR:ScheduledStopPoint:71956" version="1"/>
            </ServiceLink>
            <ServiceLink id="VTR:ServiceLink:71948_1_71949_1" version="1">
              <Distance>1</Distance>
              <FromPointRef ref="VTR:ScheduledStopPoint:71948" version="1"/>
              <ToPointRef ref="VTR:ScheduledStopPoint:71949" version="1"/>
            </ServiceLink>
            <ServiceLink id="VTR:ServiceLink:71949_1_71950_1" version="1">
              <Distance>1</Distance>
              <FromPointRef ref="VTR:ScheduledStopPoint:71949" version="1"/>
              <ToPointRef ref="VTR:ScheduledStopPoint:71950" version="1"/>
            </ServiceLink>
            <ServiceLink id="VTR:ServiceLink:71947_1_71948_1" version="1">
              <Distance>3</Distance>
              <FromPointRef ref="VTR:ScheduledStopPoint:71947" version="1"/>
              <ToPointRef ref="VTR:ScheduledStopPoint:71948" version="1"/>
            </ServiceLink>
            <ServiceLink id="VTR:ServiceLink:71951_1_71952_1" version="1">
              <Distance>0</Distance>
              <FromPointRef ref="VTR:ScheduledStopPoint:71951" version="1"/>
              <ToPointRef ref="VTR:ScheduledStopPoint:71952" version="1"/>
            </ServiceLink>
            <ServiceLink id="VTR:ServiceLink:71944_1_71945_1" version="1">
              <Distance>0</Distance>
              <FromPointRef ref="VTR:ScheduledStopPoint:71944" version="1"/>
              <ToPointRef ref="VTR:ScheduledStopPoint:71945" version="1"/>
            </ServiceLink>
            <ServiceLink id="VTR:ServiceLink:71952_1_71953_1" version="1">
              <Distance>1</Distance>
              <FromPointRef ref="VTR:ScheduledStopPoint:71952" version="1"/>
              <ToPointRef ref="VTR:ScheduledStopPoint:71953" version="1"/>
            </ServiceLink>
            <ServiceLink id="VTR:ServiceLink:71953_1_71954_1" version="1">
              <Distance>3</Distance>
              <FromPointRef ref="VTR:ScheduledStopPoint:71953" version="1"/>
              <ToPointRef ref="VTR:ScheduledStopPoint:71954" version="1"/>
            </ServiceLink>
            <ServiceLink id="VTR:ServiceLink:71954_1_71955_1" version="1">
              <Distance>1</Distance>
              <FromPointRef ref="VTR:ScheduledStopPoint:71954" version="1"/>
              <ToPointRef ref="VTR:ScheduledStopPoint:71955" version="1"/>
            </ServiceLink>
          </serviceLinks>
          <stopAssignments>
            <PassengerStopAssignment order="431400000" id="VTR:PassengerStopAssignment:71942" version="1">
              <ScheduledStopPointRef ref="VTR:ScheduledStopPoint:71942" version="1"/>
              <QuayRef ref="VTR:Quay:21202"/>
            </PassengerStopAssignment>
            <PassengerStopAssignment order="431400002" id="VTR:PassengerStopAssignment:71944" version="1">
              <ScheduledStopPointRef ref="VTR:ScheduledStopPoint:71944" version="1"/>
              <QuayRef ref="VTR:Quay:3679"/>
            </PassengerStopAssignment>
            <PassengerStopAssignment order="431400003" id="VTR:PassengerStopAssignment:71945" version="1">
              <ScheduledStopPointRef ref="VTR:ScheduledStopPoint:71945" version="1"/>
              <QuayRef ref="VTR:Quay:21210"/>
            </PassengerStopAssignment>
            <PassengerStopAssignment order="431400005" id="VTR:PassengerStopAssignment:71947" version="1">
              <ScheduledStopPointRef ref="VTR:ScheduledStopPoint:71947" version="1"/>
              <QuayRef ref="VTR:Quay:21212"/>
            </PassengerStopAssignment>
            <PassengerStopAssignment order="431400006" id="VTR:PassengerStopAssignment:71948" version="1">
              <ScheduledStopPointRef ref="VTR:ScheduledStopPoint:71948" version="1"/>
              <QuayRef ref="VTR:Quay:4206"/>
            </PassengerStopAssignment>
            <PassengerStopAssignment order="431400007" id="VTR:PassengerStopAssignment:71949" version="1">
              <ScheduledStopPointRef ref="VTR:ScheduledStopPoint:71949" version="1"/>
              <QuayRef ref="VTR:Quay:4180"/>
            </PassengerStopAssignment>
            <PassengerStopAssignment order="431400008" id="VTR:PassengerStopAssignment:71950" version="1">
              <ScheduledStopPointRef ref="VTR:ScheduledStopPoint:71950" version="1"/>
              <QuayRef ref="VTR:Quay:4230"/>
            </PassengerStopAssignment>
            <PassengerStopAssignment order="431400009" id="VTR:PassengerStopAssignment:71951" version="1">
              <ScheduledStopPointRef ref="VTR:ScheduledStopPoint:71951" version="1"/>
              <QuayRef ref="VTR:Quay:4241"/>
            </PassengerStopAssignment>
            <PassengerStopAssignment order="431400010" id="VTR:PassengerStopAssignment:71952" version="1">
              <ScheduledStopPointRef ref="VTR:ScheduledStopPoint:71952" version="1"/>
              <QuayRef ref="VTR:Quay:14585"/>
            </PassengerStopAssignment>
            <PassengerStopAssignment order="431400011" id="VTR:PassengerStopAssignment:71953" version="1">
              <ScheduledStopPointRef ref="VTR:ScheduledStopPoint:71953" version="1"/>
              <QuayRef ref="VTR:Quay:4175"/>
            </PassengerStopAssignment>
            <PassengerStopAssignment order="431400012" id="VTR:PassengerStopAssignment:71954" version="1">
              <ScheduledStopPointRef ref="VTR:ScheduledStopPoint:71954" version="1"/>
              <QuayRef ref="VTR:Quay:5598"/>
            </PassengerStopAssignment>
            <PassengerStopAssignment order="431400013" id="VTR:PassengerStopAssignment:71955" version="1">
              <ScheduledStopPointRef ref="VTR:ScheduledStopPoint:71955" version="1"/>
              <QuayRef ref="VTR:Quay:15461"/>
            </PassengerStopAssignment>
            <PassengerStopAssignment order="431400014" id="VTR:PassengerStopAssignment:71956" version="1">
              <ScheduledStopPointRef ref="VTR:ScheduledStopPoint:71956" version="1"/>
              <QuayRef ref="VTR:Quay:14851"/>
            </PassengerStopAssignment>
            <PassengerStopAssignment order="431400016" id="VTR:PassengerStopAssignment:71958" version="1">
              <ScheduledStopPointRef ref="VTR:ScheduledStopPoint:71958" version="1"/>
              <QuayRef ref="VTR:Quay:21637"/>
            </PassengerStopAssignment>
          </stopAssignments>
          <journeyPatterns>
            <JourneyPattern id="VTR:JourneyPattern:58633" version="58696">
              <Name>1</Name>
              <RouteRef ref="VTR:Route:4314" version="1"/>
              <pointsInSequence>
                <StopPointInJourneyPattern id="VTR:StopPointInJourneyPattern:1177676" version="58696" order="1">
                  <ScheduledStopPointRef ref="VTR:ScheduledStopPoint:71942"/>
                  <DestinationDisplayRef ref="VTR:DestinationDisplay:1"/>
                </StopPointInJourneyPattern>
                <StopPointInJourneyPattern id="VTR:StopPointInJourneyPattern:1177677" version="58696" order="3">
                  <ScheduledStopPointRef ref="VTR:ScheduledStopPoint:71944"/>
                  <DestinationDisplayRef ref="VTR:DestinationDisplay:1"/>
                </StopPointInJourneyPattern>
                <StopPointInJourneyPattern id="VTR:StopPointInJourneyPattern:1177678" version="58696" order="4">
                  <ScheduledStopPointRef ref="VTR:ScheduledStopPoint:71945"/>
                  <DestinationDisplayRef ref="VTR:DestinationDisplay:1"/>
                </StopPointInJourneyPattern>
                <StopPointInJourneyPattern id="VTR:StopPointInJourneyPattern:1177679" version="58696" order="6">
                  <ScheduledStopPointRef ref="VTR:ScheduledStopPoint:71947"/>
                  <DestinationDisplayRef ref="VTR:DestinationDisplay:1"/>
                </StopPointInJourneyPattern>
                <StopPointInJourneyPattern id="VTR:StopPointInJourneyPattern:1177680" version="58696" order="7">
                  <ScheduledStopPointRef ref="VTR:ScheduledStopPoint:71948"/>
                  <DestinationDisplayRef ref="VTR:DestinationDisplay:1"/>
                </StopPointInJourneyPattern>
                <StopPointInJourneyPattern id="VTR:StopPointInJourneyPattern:1177681" version="58696" order="8">
                  <ScheduledStopPointRef ref="VTR:ScheduledStopPoint:71949"/>
                  <DestinationDisplayRef ref="VTR:DestinationDisplay:1"/>
                </StopPointInJourneyPattern>
                <StopPointInJourneyPattern id="VTR:StopPointInJourneyPattern:1177682" version="58696" order="9">
                  <ScheduledStopPointRef ref="VTR:ScheduledStopPoint:71950"/>
                  <DestinationDisplayRef ref="VTR:DestinationDisplay:1"/>
                </StopPointInJourneyPattern>
                <StopPointInJourneyPattern id="VTR:StopPointInJourneyPattern:1177683" version="58696" order="10">
                  <ScheduledStopPointRef ref="VTR:ScheduledStopPoint:71951"/>
                  <DestinationDisplayRef ref="VTR:DestinationDisplay:1"/>
                </StopPointInJourneyPattern>
                <StopPointInJourneyPattern id="VTR:StopPointInJourneyPattern:1177684" version="58696" order="11">
                  <ScheduledStopPointRef ref="VTR:ScheduledStopPoint:71952"/>
                  <DestinationDisplayRef ref="VTR:DestinationDisplay:1"/>
                </StopPointInJourneyPattern>
                <StopPointInJourneyPattern id="VTR:StopPointInJourneyPattern:1177685" version="58696" order="12">
                  <ScheduledStopPointRef ref="VTR:ScheduledStopPoint:71953"/>
                  <DestinationDisplayRef ref="VTR:DestinationDisplay:1"/>
                </StopPointInJourneyPattern>
                <StopPointInJourneyPattern id="VTR:StopPointInJourneyPattern:1177686" version="58696" order="13">
                  <ScheduledStopPointRef ref="VTR:ScheduledStopPoint:71954"/>
                  <DestinationDisplayRef ref="VTR:DestinationDisplay:1"/>
                </StopPointInJourneyPattern>
                <StopPointInJourneyPattern id="VTR:StopPointInJourneyPattern:1177687" version="58696" order="14">
                  <ScheduledStopPointRef ref="VTR:ScheduledStopPoint:71955"/>
                  <DestinationDisplayRef ref="VTR:DestinationDisplay:1"/>
                </StopPointInJourneyPattern>
                <StopPointInJourneyPattern id="VTR:StopPointInJourneyPattern:1177688" version="58696" order="15">
                  <ScheduledStopPointRef ref="VTR:ScheduledStopPoint:71956"/>
                  <DestinationDisplayRef ref="VTR:DestinationDisplay:1"/>
                </StopPointInJourneyPattern>
                <StopPointInJourneyPattern id="VTR:StopPointInJourneyPattern:1177689" version="58696" order="17">
                  <ScheduledStopPointRef ref="VTR:ScheduledStopPoint:71958"/>
                  <DestinationDisplayRef ref="VTR:DestinationDisplay:1"/>
                </StopPointInJourneyPattern>
              </pointsInSequence>
            </JourneyPattern>
          </journeyPatterns>
        </ServiceFrame>
        <TimetableFrame version="1" id="VTR:TimetableFrame:1385">
          <vehicleJourneys>
            <ServiceJourney version="58696" id="VTR:ServiceJourney:58633">
              <Name>Kretinga-Budriai</Name>
              <PrivateCode>1</PrivateCode>
              <dayTypes>
                <DayTypeRef ref="VTR:DayType:1449"/>
              </dayTypes>
              <JourneyPatternRef version="58696" ref="VTR:JourneyPattern:58633"/>
              <OperatorRef ref="VTR:Operator:"/>
              <LineRef ref="VTR:Line:1789" version="1770"/>
              <passingTimes>
                <TimetabledPassingTime version="58696" id="VTR:TimetabledPassingTime:58633_1177676_1">
                  <StopPointInJourneyPatternRef ref="VTR:StopPointInJourneyPattern:1177676" version="58696"/>
                  <DepartureTime>06:10:00</DepartureTime>
                  <DepartureDayOffset>0</DepartureDayOffset>
                </TimetabledPassingTime>
                <TimetabledPassingTime version="58696" id="VTR:TimetabledPassingTime:58633_1177677_3">
                  <StopPointInJourneyPatternRef ref="VTR:StopPointInJourneyPattern:1177677" version="58696"/>
                  <DepartureTime>06:11:00</DepartureTime>
                  <DepartureDayOffset>0</DepartureDayOffset>
                </TimetabledPassingTime>
                <TimetabledPassingTime version="58696" id="VTR:TimetabledPassingTime:58633_1177678_4">
                  <StopPointInJourneyPatternRef ref="VTR:StopPointInJourneyPattern:1177678" version="58696"/>
                  <DepartureTime>06:13:00</DepartureTime>
                  <DepartureDayOffset>0</DepartureDayOffset>
                </TimetabledPassingTime>
                <TimetabledPassingTime version="58696" id="VTR:TimetabledPassingTime:58633_1177679_6">
                  <StopPointInJourneyPatternRef ref="VTR:StopPointInJourneyPattern:1177679" version="58696"/>
                  <DepartureTime>06:17:00</DepartureTime>
                  <DepartureDayOffset>0</DepartureDayOffset>
                </TimetabledPassingTime>
                <TimetabledPassingTime version="58696" id="VTR:TimetabledPassingTime:58633_1177680_7">
                  <StopPointInJourneyPatternRef ref="VTR:StopPointInJourneyPattern:1177680" version="58696"/>
                  <DepartureTime>06:22:00</DepartureTime>
                  <DepartureDayOffset>0</DepartureDayOffset>
                </TimetabledPassingTime>
                <TimetabledPassingTime version="58696" id="VTR:TimetabledPassingTime:58633_1177681_8">
                  <StopPointInJourneyPatternRef ref="VTR:StopPointInJourneyPattern:1177681" version="58696"/>
                  <DepartureTime>06:25:00</DepartureTime>
                  <DepartureDayOffset>0</DepartureDayOffset>
                </TimetabledPassingTime>
                <TimetabledPassingTime version="58696" id="VTR:TimetabledPassingTime:58633_1177682_9">
                  <StopPointInJourneyPatternRef ref="VTR:StopPointInJourneyPattern:1177682" version="58696"/>
                  <DepartureTime>06:28:00</DepartureTime>
                  <DepartureDayOffset>0</DepartureDayOffset>
                </TimetabledPassingTime>
                <TimetabledPassingTime version="58696" id="VTR:TimetabledPassingTime:58633_1177683_10">
                  <StopPointInJourneyPatternRef ref="VTR:StopPointInJourneyPattern:1177683" version="58696"/>
                  <DepartureTime>06:31:00</DepartureTime>
                  <DepartureDayOffset>0</DepartureDayOffset>
                </TimetabledPassingTime>
                <TimetabledPassingTime version="58696" id="VTR:TimetabledPassingTime:58633_1177684_11">
                  <StopPointInJourneyPatternRef ref="VTR:StopPointInJourneyPattern:1177684" version="58696"/>
                  <DepartureTime>06:33:00</DepartureTime>
                  <DepartureDayOffset>0</DepartureDayOffset>
                </TimetabledPassingTime>
                <TimetabledPassingTime version="58696" id="VTR:TimetabledPassingTime:58633_1177685_12">
                  <StopPointInJourneyPatternRef ref="VTR:StopPointInJourneyPattern:1177685" version="58696"/>
                  <DepartureTime>06:35:00</DepartureTime>
                  <DepartureDayOffset>0</DepartureDayOffset>
                </TimetabledPassingTime>
                <TimetabledPassingTime version="58696" id="VTR:TimetabledPassingTime:58633_1177686_13">
                  <StopPointInJourneyPatternRef ref="VTR:StopPointInJourneyPattern:1177686" version="58696"/>
                  <DepartureTime>06:39:00</DepartureTime>
                  <DepartureDayOffset>0</DepartureDayOffset>
                </TimetabledPassingTime>
                <TimetabledPassingTime version="58696" id="VTR:TimetabledPassingTime:58633_1177687_14">
                  <StopPointInJourneyPatternRef ref="VTR:StopPointInJourneyPattern:1177687" version="58696"/>
                  <DepartureTime>06:42:00</DepartureTime>
                  <DepartureDayOffset>0</DepartureDayOffset>
                </TimetabledPassingTime>
                <TimetabledPassingTime version="58696" id="VTR:TimetabledPassingTime:58633_1177688_15">
                  <StopPointInJourneyPatternRef ref="VTR:StopPointInJourneyPattern:1177688" version="58696"/>
                  <DepartureTime>06:46:00</DepartureTime>
                  <DepartureDayOffset>0</DepartureDayOffset>
                </TimetabledPassingTime>
                <TimetabledPassingTime version="58696" id="VTR:TimetabledPassingTime:58633_1177689_17">
                  <StopPointInJourneyPatternRef ref="VTR:StopPointInJourneyPattern:1177689" version="58696"/>
                  <DepartureTime>06:48:00</DepartureTime>
                  <DepartureDayOffset>0</DepartureDayOffset>
                </TimetabledPassingTime>
              </passingTimes>
            </ServiceJourney>
          </vehicleJourneys>
        </TimetableFrame>
        <ResourceFrame version="1" id="VTR:ResourceFrame:1385">
          <organisations>
            <Authority version="1" id="VTR:Authority:18">
              <CompanyNumber>56</CompanyNumber>
              <Name>Kretingos r. sav.</Name>
              <LegalName>Kretingos r. sav.</LegalName>
              <ContactDetails>
                <Email>savivaldybe@kretinga.lt</Email>
                <Phone>844553141</Phone>
                <Url>www.kretinga.lt</Url>
              </ContactDetails>
              <OrganisationType>authority</OrganisationType>
            </Authority>
          </organisations>
        </ResourceFrame>
      </frames>
    </CompositeFrame>
  </dataObjects>
</PublicationDelivery>
