<?xml version="1.0" encoding="UTF-8"?><PublicationDelivery xmlns="http://www.netex.org.uk/netex" xmlns:gis="http://www.opengis.net/gml/3.2" xmlns:ns2="http://www.opengis.net/gml/3.2" xmlns:ns3="http://www.siri.org.uk/siri" xmlns:xsi="http://www.w3.org/2001/XMLSchema-instance" version="1" xsi:schemaLocation="">
  <PublicationTimestamp>2022-05-07T03:45:00.262</PublicationTimestamp>
  <ParticipantRef>VTR</ParticipantRef>
  <Description>1</Description>
  <dataObjects>
    <CompositeFrame created="2022-05-07T03:45:00.262" version="1" id="VTR:CompositeFrame:1385">
      <validityConditions>
        <AvailabilityCondition version="1" id="VTR:AvailabilityCondition:1385">
          <FromDate>2015-07-30T09:34:16</FromDate>
          <ToDate>2027-12-30T00:00:00</ToDate>
        </AvailabilityCondition>
      </validityConditions>
      <codespaces>
        <Codespace id="vtr">
          <Xmlns>VTR</Xmlns>
          <XmlnsUrl>http://www.visimarsrutai.lt/</XmlnsUrl>
        </Codespace>
      </codespaces>
      <FrameDefaults>
        <DefaultLocale>
          <TimeZone>Europe/Vilnius</TimeZone>
        </DefaultLocale>
        <DefaultLocationSystem>WGS84</DefaultLocationSystem>
      </FrameDefaults>
      <frames>
        <ServiceCalendarFrame version="1" id="VTR:ServiceCalendarFrame:1385">
          <dayTypes>
            <DayType id="VTR:DayType:1341" version="1">
              <properties>
                <PropertyOfDay>
                  <DaysOfWeek>Saturday</DaysOfWeek>
                </PropertyOfDay>
              </properties>
            </DayType>
            <DayType id="VTR:DayType:2313" version="1">
              <properties>
                <PropertyOfDay>
                  <DaysOfWeek>Weekend</DaysOfWeek>
                </PropertyOfDay>
              </properties>
            </DayType>
          </dayTypes>
          <operatingPeriods>
            <OperatingPeriod version="1" id="VTR:OperatingPeriod:1341">
              <FromDate>2015-08-14T00:00:00</FromDate>
              <ToDate>2020-12-31T00:00:00</ToDate>
            </OperatingPeriod>
            <OperatingPeriod version="1" id="VTR:OperatingPeriod:2313">
              <FromDate>2015-10-05T00:00:00</FromDate>
              <ToDate>2020-12-31T00:00:00</ToDate>
            </OperatingPeriod>
          </operatingPeriods>
          <dayTypeAssignments>
            <DayTypeAssignment id="VTR:DayTypeAssignment:1341_0" version="1" order="1322">
              <OperatingPeriodRef ref="VTR:OperatingPeriod:1341" version="1"/>
              <DayTypeRef ref="VTR:DayType:1341" version="1"/>
            </DayTypeAssignment>
            <DayTypeAssignment id="VTR:DayTypeAssignment:2313_0" version="1" order="1973">
              <OperatingPeriodRef ref="VTR:OperatingPeriod:2313" version="1"/>
              <DayTypeRef ref="VTR:DayType:2313" version="1"/>
            </DayTypeAssignment>
          </dayTypeAssignments>
        </ServiceCalendarFrame>
        <ServiceFrame id="VTR:ServiceFrame:1385" version="1">
          <Network version="0" id="VTR:Network:18"/>
          <routePoints>
            <RoutePoint version="1" id="VTR:RoutePoint:431013">
              <projections>
                <PointProjection version="1" id="VTR:PointProjection:5100">
                  <ProjectedPointRef ref="VTR:ScheduledStopPoint:431013" version="1"/>
                </PointProjection>
              </projections>
            </RoutePoint>
            <RoutePoint version="1" id="VTR:RoutePoint:431014">
              <projections>
                <PointProjection version="1" id="VTR:PointProjection:5101">
                  <ProjectedPointRef ref="VTR:ScheduledStopPoint:431014" version="1"/>
                </PointProjection>
              </projections>
            </RoutePoint>
            <RoutePoint version="1" id="VTR:RoutePoint:431015">
              <projections>
                <PointProjection version="1" id="VTR:PointProjection:5102">
                  <ProjectedPointRef ref="VTR:ScheduledStopPoint:431015" version="1"/>
                </PointProjection>
              </projections>
            </RoutePoint>
            <RoutePoint version="1" id="VTR:RoutePoint:431016">
              <projections>
                <PointProjection version="1" id="VTR:PointProjection:5103">
                  <ProjectedPointRef ref="VTR:ScheduledStopPoint:431016" version="1"/>
                </PointProjection>
              </projections>
            </RoutePoint>
            <RoutePoint version="1" id="VTR:RoutePoint:431017">
              <projections>
                <PointProjection version="1" id="VTR:PointProjection:5104">
                  <ProjectedPointRef ref="VTR:ScheduledStopPoint:431017" version="1"/>
                </PointProjection>
              </projections>
            </RoutePoint>
            <RoutePoint version="1" id="VTR:RoutePoint:431018">
              <projections>
                <PointProjection version="1" id="VTR:PointProjection:5105">
                  <ProjectedPointRef ref="VTR:ScheduledStopPoint:431018" version="1"/>
                </PointProjection>
              </projections>
            </RoutePoint>
            <RoutePoint version="1" id="VTR:RoutePoint:431019">
              <projections>
                <PointProjection version="1" id="VTR:PointProjection:5106">
                  <ProjectedPointRef ref="VTR:ScheduledStopPoint:431019" version="1"/>
                </PointProjection>
              </projections>
            </RoutePoint>
            <RoutePoint version="1" id="VTR:RoutePoint:431020">
              <projections>
                <PointProjection version="1" id="VTR:PointProjection:5107">
                  <ProjectedPointRef ref="VTR:ScheduledStopPoint:431020" version="1"/>
                </PointProjection>
              </projections>
            </RoutePoint>
            <RoutePoint version="1" id="VTR:RoutePoint:431021">
              <projections>
                <PointProjection version="1" id="VTR:PointProjection:5108">
                  <ProjectedPointRef ref="VTR:ScheduledStopPoint:431021" version="1"/>
                </PointProjection>
              </projections>
            </RoutePoint>
            <RoutePoint version="1" id="VTR:RoutePoint:431022">
              <projections>
                <PointProjection version="1" id="VTR:PointProjection:5109">
                  <ProjectedPointRef ref="VTR:ScheduledStopPoint:431022" version="1"/>
                </PointProjection>
              </projections>
            </RoutePoint>
            <RoutePoint version="1" id="VTR:RoutePoint:431023">
              <projections>
                <PointProjection version="1" id="VTR:PointProjection:5329">
                  <ProjectedPointRef ref="VTR:ScheduledStopPoint:431023" version="1"/>
                </PointProjection>
              </projections>
            </RoutePoint>
          </routePoints>
          <routes>
            <Route version="1" id="VTR:Route:11767">
              <Name>Autobusų parkas-Briedžio g.</Name>
              <ShortName>Autobusų parkas-Briedžio g.</ShortName>
              <LineRef ref="VTR:Line:1593" version="4910"/>
              <DirectionType>outbound</DirectionType>
              <pointsInSequence>
                <PointOnRoute version="1" id="VTR:PointOnRoute:431017" order="1">
                  <RoutePointRef ref="VTR:RoutePoint:431017"/>
                </PointOnRoute>
                <PointOnRoute version="1" id="VTR:PointOnRoute:431013" order="2">
                  <RoutePointRef ref="VTR:RoutePoint:431013"/>
                </PointOnRoute>
                <PointOnRoute version="1" id="VTR:PointOnRoute:431014" order="3">
                  <RoutePointRef ref="VTR:RoutePoint:431014"/>
                </PointOnRoute>
                <PointOnRoute version="1" id="VTR:PointOnRoute:431015" order="4">
                  <RoutePointRef ref="VTR:RoutePoint:431015"/>
                </PointOnRoute>
                <PointOnRoute version="1" id="VTR:PointOnRoute:431014" order="4">
                  <RoutePointRef ref="VTR:RoutePoint:431014"/>
                </PointOnRoute>
                <PointOnRoute version="1" id="VTR:PointOnRoute:431016" order="5">
                  <RoutePointRef ref="VTR:RoutePoint:431016"/>
                </PointOnRoute>
                <PointOnRoute version="1" id="VTR:PointOnRoute:431015" order="5">
                  <RoutePointRef ref="VTR:RoutePoint:431015"/>
                </PointOnRoute>
                <PointOnRoute version="1" id="VTR:PointOnRoute:431016" order="6">
                  <RoutePointRef ref="VTR:RoutePoint:431016"/>
                </PointOnRoute>
                <PointOnRoute version="1" id="VTR:PointOnRoute:431018" order="6">
                  <RoutePointRef ref="VTR:RoutePoint:431018"/>
                </PointOnRoute>
                <PointOnRoute version="1" id="VTR:PointOnRoute:431018" order="7">
                  <RoutePointRef ref="VTR:RoutePoint:431018"/>
                </PointOnRoute>
                <PointOnRoute version="1" id="VTR:PointOnRoute:431019" order="7">
                  <RoutePointRef ref="VTR:RoutePoint:431019"/>
                </PointOnRoute>
                <PointOnRoute version="1" id="VTR:PointOnRoute:431019" order="8">
                  <RoutePointRef ref="VTR:RoutePoint:431019"/>
                </PointOnRoute>
                <PointOnRoute version="1" id="VTR:PointOnRoute:431020" order="8">
                  <RoutePointRef ref="VTR:RoutePoint:431020"/>
                </PointOnRoute>
                <PointOnRoute version="1" id="VTR:PointOnRoute:431021" order="9">
                  <RoutePointRef ref="VTR:RoutePoint:431021"/>
                </PointOnRoute>
                <PointOnRoute version="1" id="VTR:PointOnRoute:431020" order="9">
                  <RoutePointRef ref="VTR:RoutePoint:431020"/>
                </PointOnRoute>
                <PointOnRoute version="1" id="VTR:PointOnRoute:431022" order="10">
                  <RoutePointRef ref="VTR:RoutePoint:431022"/>
                </PointOnRoute>
                <PointOnRoute version="1" id="VTR:PointOnRoute:431021" order="10">
                  <RoutePointRef ref="VTR:RoutePoint:431021"/>
                </PointOnRoute>
                <PointOnRoute version="1" id="VTR:PointOnRoute:431022" order="11">
                  <RoutePointRef ref="VTR:RoutePoint:431022"/>
                </PointOnRoute>
                <PointOnRoute version="1" id="VTR:PointOnRoute:431023" order="11">
                  <RoutePointRef ref="VTR:RoutePoint:431023"/>
                </PointOnRoute>
                <PointOnRoute version="1" id="VTR:PointOnRoute:431023" order="12">
                  <RoutePointRef ref="VTR:RoutePoint:431023"/>
                </PointOnRoute>
              </pointsInSequence>
            </Route>
          </routes>
          <lines>
            <Line version="4910" id="VTR:Line:1593">
              <Name>Autobusų parkas-Briedžio g.</Name>
              <TransportMode>bus</TransportMode>
              <TransportSubmode>
                <BusSubmode>localBus</BusSubmode>
              </TransportSubmode>
              <PublicCode>Ž2</PublicCode>
              <OperatorRef ref="VTR:Operator:18"/>
            </Line>
          </lines>
          <scheduledStopPoints>
            <ScheduledStopPoint version="1" id="VTR:ScheduledStopPoint:431013">
              <Name>Melioratorių g.</Name>
            </ScheduledStopPoint>
            <ScheduledStopPoint version="1" id="VTR:ScheduledStopPoint:431014">
              <Name>Tuopa</Name>
            </ScheduledStopPoint>
            <ScheduledStopPoint version="1" id="VTR:ScheduledStopPoint:431015">
              <Name>Ligoninė</Name>
            </ScheduledStopPoint>
            <ScheduledStopPoint version="1" id="VTR:ScheduledStopPoint:431016">
              <Name>Daujoto vid. m-kla</Name>
            </ScheduledStopPoint>
            <ScheduledStopPoint version="1" id="VTR:ScheduledStopPoint:431017">
              <Name>Autobusų parkas</Name>
            </ScheduledStopPoint>
            <ScheduledStopPoint version="1" id="VTR:ScheduledStopPoint:431018">
              <Name>Rotušės aikštė</Name>
            </ScheduledStopPoint>
            <ScheduledStopPoint version="1" id="VTR:ScheduledStopPoint:431019">
              <Name>Autobusų stotis</Name>
            </ScheduledStopPoint>
            <ScheduledStopPoint version="1" id="VTR:ScheduledStopPoint:431020">
              <Name>Žvejų g.</Name>
            </ScheduledStopPoint>
            <ScheduledStopPoint version="1" id="VTR:ScheduledStopPoint:431021">
              <Name>Malūno g.</Name>
            </ScheduledStopPoint>
            <ScheduledStopPoint version="1" id="VTR:ScheduledStopPoint:431022">
              <Name>Laisvė</Name>
            </ScheduledStopPoint>
            <ScheduledStopPoint version="1" id="VTR:ScheduledStopPoint:431023">
              <Name>Briedžių g.</Name>
            </ScheduledStopPoint>
          </scheduledStopPoints>
          <serviceLinks>
            <ServiceLink id="VTR:ServiceLink:431016_1_431018_1" version="1">
              <Distance>0</Distance>
              <FromPointRef ref="VTR:ScheduledStopPoint:431016" version="1"/>
              <ToPointRef ref="VTR:ScheduledStopPoint:431018" version="1"/>
            </ServiceLink>
            <ServiceLink id="VTR:ServiceLink:431017_1_431013_1" version="1">
              <Distance>0</Distance>
              <FromPointRef ref="VTR:ScheduledStopPoint:431017" version="1"/>
              <ToPointRef ref="VTR:ScheduledStopPoint:431013" version="1"/>
            </ServiceLink>
            <ServiceLink id="VTR:ServiceLink:431015_1_431016_1" version="1">
              <Distance>0</Distance>
              <FromPointRef ref="VTR:ScheduledStopPoint:431015" version="1"/>
              <ToPointRef ref="VTR:ScheduledStopPoint:431016" version="1"/>
            </ServiceLink>
            <ServiceLink id="VTR:ServiceLink:431018_1_431019_1" version="1">
              <Distance>1</Distance>
              <FromPointRef ref="VTR:ScheduledStopPoint:431018" version="1"/>
              <ToPointRef ref="VTR:ScheduledStopPoint:431019" version="1"/>
            </ServiceLink>
            <ServiceLink id="VTR:ServiceLink:431022_1_431023_1" version="1">
              <Distance>0</Distance>
              <FromPointRef ref="VTR:ScheduledStopPoint:431022" version="1"/>
              <ToPointRef ref="VTR:ScheduledStopPoint:431023" version="1"/>
            </ServiceLink>
            <ServiceLink id="VTR:ServiceLink:431014_1_431015_1" version="1">
              <Distance>0</Distance>
              <FromPointRef ref="VTR:ScheduledStopPoint:431014" version="1"/>
              <ToPointRef ref="VTR:ScheduledStopPoint:431015" version="1"/>
            </ServiceLink>
            <ServiceLink id="VTR:ServiceLink:431020_1_431021_1" version="1">
              <Distance>0</Distance>
              <FromPointRef ref="VTR:ScheduledStopPoint:431020" version="1"/>
              <ToPointRef ref="VTR:ScheduledStopPoint:431021" version="1"/>
            </ServiceLink>
            <ServiceLink id="VTR:ServiceLink:431021_1_431022_1" version="1">
              <Distance>0</Distance>
              <FromPointRef ref="VTR:ScheduledStopPoint:431021" version="1"/>
              <ToPointRef ref="VTR:ScheduledStopPoint:431022" version="1"/>
            </ServiceLink>
            <ServiceLink id="VTR:ServiceLink:431019_1_431020_1" version="1">
              <Distance>0</Distance>
              <FromPointRef ref="VTR:ScheduledStopPoint:431019" version="1"/>
              <ToPointRef ref="VTR:ScheduledStopPoint:431020" version="1"/>
            </ServiceLink>
          </serviceLinks>
          <stopAssignments>
            <PassengerStopAssignment order="1176700000" id="VTR:PassengerStopAssignment:431017" version="1">
              <ScheduledStopPointRef ref="VTR:ScheduledStopPoint:431017" version="1"/>
              <QuayRef ref="VTR:Quay:21255"/>
            </PassengerStopAssignment>
            <PassengerStopAssignment order="1176700001" id="VTR:PassengerStopAssignment:431013" version="1">
              <ScheduledStopPointRef ref="VTR:ScheduledStopPoint:431013" version="1"/>
              <QuayRef ref="VTR:Quay:11970"/>
            </PassengerStopAssignment>
            <PassengerStopAssignment order="1176700003" id="VTR:PassengerStopAssignment:431014" version="1">
              <ScheduledStopPointRef ref="VTR:ScheduledStopPoint:431014" version="1"/>
              <QuayRef ref="VTR:Quay:21207"/>
            </PassengerStopAssignment>
            <PassengerStopAssignment order="1176700004" id="VTR:PassengerStopAssignment:431015" version="1">
              <ScheduledStopPointRef ref="VTR:ScheduledStopPoint:431015" version="1"/>
              <QuayRef ref="VTR:Quay:4299"/>
            </PassengerStopAssignment>
            <PassengerStopAssignment order="1176700005" id="VTR:PassengerStopAssignment:431016" version="1">
              <ScheduledStopPointRef ref="VTR:ScheduledStopPoint:431016" version="1"/>
              <QuayRef ref="VTR:Quay:3679"/>
            </PassengerStopAssignment>
            <PassengerStopAssignment order="1176700006" id="VTR:PassengerStopAssignment:431018" version="1">
              <ScheduledStopPointRef ref="VTR:ScheduledStopPoint:431018" version="1"/>
              <QuayRef ref="VTR:Quay:21210"/>
            </PassengerStopAssignment>
            <PassengerStopAssignment order="1176700007" id="VTR:PassengerStopAssignment:431019" version="1">
              <ScheduledStopPointRef ref="VTR:ScheduledStopPoint:431019" version="1"/>
              <QuayRef ref="VTR:Quay:15563"/>
            </PassengerStopAssignment>
            <PassengerStopAssignment order="1176700008" id="VTR:PassengerStopAssignment:431020" version="1">
              <ScheduledStopPointRef ref="VTR:ScheduledStopPoint:431020" version="1"/>
              <QuayRef ref="VTR:Quay:4489"/>
            </PassengerStopAssignment>
            <PassengerStopAssignment order="1176700009" id="VTR:PassengerStopAssignment:431021" version="1">
              <ScheduledStopPointRef ref="VTR:ScheduledStopPoint:431021" version="1"/>
              <QuayRef ref="VTR:Quay:4251"/>
            </PassengerStopAssignment>
            <PassengerStopAssignment order="1176700010" id="VTR:PassengerStopAssignment:431022" version="1">
              <ScheduledStopPointRef ref="VTR:ScheduledStopPoint:431022" version="1"/>
              <QuayRef ref="VTR:Quay:4237"/>
            </PassengerStopAssignment>
            <PassengerStopAssignment order="1176700011" id="VTR:PassengerStopAssignment:431023" version="1">
              <ScheduledStopPointRef ref="VTR:ScheduledStopPoint:431023" version="1"/>
              <QuayRef ref="VTR:Quay:4252"/>
            </PassengerStopAssignment>
          </stopAssignments>
          <journeyPatterns>
            <JourneyPattern id="VTR:JourneyPattern:775547" version="775755">
              <Name>1</Name>
              <RouteRef ref="VTR:Route:11767" version="1"/>
              <pointsInSequence>
                <StopPointInJourneyPattern id="VTR:StopPointInJourneyPattern:19847272" version="775755" order="1">
                  <ScheduledStopPointRef ref="VTR:ScheduledStopPoint:431017"/>
                  <DestinationDisplayRef ref="VTR:DestinationDisplay:1"/>
                </StopPointInJourneyPattern>
                <StopPointInJourneyPattern id="VTR:StopPointInJourneyPattern:19847273" version="775755" order="2">
                  <ScheduledStopPointRef ref="VTR:ScheduledStopPoint:431013"/>
                  <DestinationDisplayRef ref="VTR:DestinationDisplay:1"/>
                </StopPointInJourneyPattern>
                <StopPointInJourneyPattern id="VTR:StopPointInJourneyPattern:19847274" version="775755" order="4">
                  <ScheduledStopPointRef ref="VTR:ScheduledStopPoint:431014"/>
                  <DestinationDisplayRef ref="VTR:DestinationDisplay:1"/>
                </StopPointInJourneyPattern>
                <StopPointInJourneyPattern id="VTR:StopPointInJourneyPattern:19847275" version="775755" order="5">
                  <ScheduledStopPointRef ref="VTR:ScheduledStopPoint:431015"/>
                  <DestinationDisplayRef ref="VTR:DestinationDisplay:1"/>
                </StopPointInJourneyPattern>
                <StopPointInJourneyPattern id="VTR:StopPointInJourneyPattern:19847276" version="775755" order="6">
                  <ScheduledStopPointRef ref="VTR:ScheduledStopPoint:431016"/>
                  <DestinationDisplayRef ref="VTR:DestinationDisplay:1"/>
                </StopPointInJourneyPattern>
                <StopPointInJourneyPattern id="VTR:StopPointInJourneyPattern:19847277" version="775755" order="7">
                  <ScheduledStopPointRef ref="VTR:ScheduledStopPoint:431018"/>
                  <DestinationDisplayRef ref="VTR:DestinationDisplay:1"/>
                </StopPointInJourneyPattern>
                <StopPointInJourneyPattern id="VTR:StopPointInJourneyPattern:19847278" version="775755" order="8">
                  <ScheduledStopPointRef ref="VTR:ScheduledStopPoint:431019"/>
                  <DestinationDisplayRef ref="VTR:DestinationDisplay:1"/>
                </StopPointInJourneyPattern>
                <StopPointInJourneyPattern id="VTR:StopPointInJourneyPattern:19847279" version="775755" order="9">
                  <ScheduledStopPointRef ref="VTR:ScheduledStopPoint:431020"/>
                  <DestinationDisplayRef ref="VTR:DestinationDisplay:1"/>
                </StopPointInJourneyPattern>
                <StopPointInJourneyPattern id="VTR:StopPointInJourneyPattern:19847280" version="775755" order="10">
                  <ScheduledStopPointRef ref="VTR:ScheduledStopPoint:431021"/>
                  <DestinationDisplayRef ref="VTR:DestinationDisplay:1"/>
                </StopPointInJourneyPattern>
                <StopPointInJourneyPattern id="VTR:StopPointInJourneyPattern:19847281" version="775755" order="11">
                  <ScheduledStopPointRef ref="VTR:ScheduledStopPoint:431022"/>
                  <DestinationDisplayRef ref="VTR:DestinationDisplay:1"/>
                </StopPointInJourneyPattern>
                <StopPointInJourneyPattern id="VTR:StopPointInJourneyPattern:19847282" version="775755" order="12">
                  <ScheduledStopPointRef ref="VTR:ScheduledStopPoint:431023"/>
                  <DestinationDisplayRef ref="VTR:DestinationDisplay:1"/>
                </StopPointInJourneyPattern>
              </pointsInSequence>
            </JourneyPattern>
            <JourneyPattern id="VTR:JourneyPattern:775542" version="775750">
              <Name>6</Name>
              <RouteRef ref="VTR:Route:11767" version="1"/>
              <pointsInSequence>
                <StopPointInJourneyPattern id="VTR:StopPointInJourneyPattern:19847217" version="775750" order="1">
                  <ScheduledStopPointRef ref="VTR:ScheduledStopPoint:431017"/>
                  <DestinationDisplayRef ref="VTR:DestinationDisplay:1"/>
                </StopPointInJourneyPattern>
                <StopPointInJourneyPattern id="VTR:StopPointInJourneyPattern:19847218" version="775750" order="2">
                  <ScheduledStopPointRef ref="VTR:ScheduledStopPoint:431013"/>
                  <DestinationDisplayRef ref="VTR:DestinationDisplay:1"/>
                </StopPointInJourneyPattern>
                <StopPointInJourneyPattern id="VTR:StopPointInJourneyPattern:19847219" version="775750" order="4">
                  <ScheduledStopPointRef ref="VTR:ScheduledStopPoint:431014"/>
                  <DestinationDisplayRef ref="VTR:DestinationDisplay:1"/>
                </StopPointInJourneyPattern>
                <StopPointInJourneyPattern id="VTR:StopPointInJourneyPattern:19847220" version="775750" order="5">
                  <ScheduledStopPointRef ref="VTR:ScheduledStopPoint:431015"/>
                  <DestinationDisplayRef ref="VTR:DestinationDisplay:1"/>
                </StopPointInJourneyPattern>
                <StopPointInJourneyPattern id="VTR:StopPointInJourneyPattern:19847221" version="775750" order="6">
                  <ScheduledStopPointRef ref="VTR:ScheduledStopPoint:431016"/>
                  <DestinationDisplayRef ref="VTR:DestinationDisplay:1"/>
                </StopPointInJourneyPattern>
                <StopPointInJourneyPattern id="VTR:StopPointInJourneyPattern:19847222" version="775750" order="7">
                  <ScheduledStopPointRef ref="VTR:ScheduledStopPoint:431018"/>
                  <DestinationDisplayRef ref="VTR:DestinationDisplay:1"/>
                </StopPointInJourneyPattern>
                <StopPointInJourneyPattern id="VTR:StopPointInJourneyPattern:19847223" version="775750" order="8">
                  <ScheduledStopPointRef ref="VTR:ScheduledStopPoint:431019"/>
                  <DestinationDisplayRef ref="VTR:DestinationDisplay:1"/>
                </StopPointInJourneyPattern>
                <StopPointInJourneyPattern id="VTR:StopPointInJourneyPattern:19847224" version="775750" order="9">
                  <ScheduledStopPointRef ref="VTR:ScheduledStopPoint:431020"/>
                  <DestinationDisplayRef ref="VTR:DestinationDisplay:1"/>
                </StopPointInJourneyPattern>
                <StopPointInJourneyPattern id="VTR:StopPointInJourneyPattern:19847225" version="775750" order="10">
                  <ScheduledStopPointRef ref="VTR:ScheduledStopPoint:431021"/>
                  <DestinationDisplayRef ref="VTR:DestinationDisplay:1"/>
                </StopPointInJourneyPattern>
                <StopPointInJourneyPattern id="VTR:StopPointInJourneyPattern:19847226" version="775750" order="11">
                  <ScheduledStopPointRef ref="VTR:ScheduledStopPoint:431022"/>
                  <DestinationDisplayRef ref="VTR:DestinationDisplay:1"/>
                </StopPointInJourneyPattern>
                <StopPointInJourneyPattern id="VTR:StopPointInJourneyPattern:19847227" version="775750" order="12">
                  <ScheduledStopPointRef ref="VTR:ScheduledStopPoint:431023"/>
                  <DestinationDisplayRef ref="VTR:DestinationDisplay:1"/>
                </StopPointInJourneyPattern>
              </pointsInSequence>
            </JourneyPattern>
            <JourneyPattern id="VTR:JourneyPattern:775543" version="775751">
              <Name>5</Name>
              <RouteRef ref="VTR:Route:11767" version="1"/>
              <pointsInSequence>
                <StopPointInJourneyPattern id="VTR:StopPointInJourneyPattern:19847228" version="775751" order="1">
                  <ScheduledStopPointRef ref="VTR:ScheduledStopPoint:431017"/>
                  <DestinationDisplayRef ref="VTR:DestinationDisplay:1"/>
                </StopPointInJourneyPattern>
                <StopPointInJourneyPattern id="VTR:StopPointInJourneyPattern:19847229" version="775751" order="2">
                  <ScheduledStopPointRef ref="VTR:ScheduledStopPoint:431013"/>
                  <DestinationDisplayRef ref="VTR:DestinationDisplay:1"/>
                </StopPointInJourneyPattern>
                <StopPointInJourneyPattern id="VTR:StopPointInJourneyPattern:19847230" version="775751" order="4">
                  <ScheduledStopPointRef ref="VTR:ScheduledStopPoint:431014"/>
                  <DestinationDisplayRef ref="VTR:DestinationDisplay:1"/>
                </StopPointInJourneyPattern>
                <StopPointInJourneyPattern id="VTR:StopPointInJourneyPattern:19847231" version="775751" order="5">
                  <ScheduledStopPointRef ref="VTR:ScheduledStopPoint:431015"/>
                  <DestinationDisplayRef ref="VTR:DestinationDisplay:1"/>
                </StopPointInJourneyPattern>
                <StopPointInJourneyPattern id="VTR:StopPointInJourneyPattern:19847232" version="775751" order="6">
                  <ScheduledStopPointRef ref="VTR:ScheduledStopPoint:431016"/>
                  <DestinationDisplayRef ref="VTR:DestinationDisplay:1"/>
                </StopPointInJourneyPattern>
                <StopPointInJourneyPattern id="VTR:StopPointInJourneyPattern:19847233" version="775751" order="7">
                  <ScheduledStopPointRef ref="VTR:ScheduledStopPoint:431018"/>
                  <DestinationDisplayRef ref="VTR:DestinationDisplay:1"/>
                </StopPointInJourneyPattern>
                <StopPointInJourneyPattern id="VTR:StopPointInJourneyPattern:19847234" version="775751" order="8">
                  <ScheduledStopPointRef ref="VTR:ScheduledStopPoint:431019"/>
                  <DestinationDisplayRef ref="VTR:DestinationDisplay:1"/>
                </StopPointInJourneyPattern>
                <StopPointInJourneyPattern id="VTR:StopPointInJourneyPattern:19847235" version="775751" order="9">
                  <ScheduledStopPointRef ref="VTR:ScheduledStopPoint:431020"/>
                  <DestinationDisplayRef ref="VTR:DestinationDisplay:1"/>
                </StopPointInJourneyPattern>
                <StopPointInJourneyPattern id="VTR:StopPointInJourneyPattern:19847236" version="775751" order="10">
                  <ScheduledStopPointRef ref="VTR:ScheduledStopPoint:431021"/>
                  <DestinationDisplayRef ref="VTR:DestinationDisplay:1"/>
                </StopPointInJourneyPattern>
                <StopPointInJourneyPattern id="VTR:StopPointInJourneyPattern:19847237" version="775751" order="11">
                  <ScheduledStopPointRef ref="VTR:ScheduledStopPoint:431022"/>
                  <DestinationDisplayRef ref="VTR:DestinationDisplay:1"/>
                </StopPointInJourneyPattern>
                <StopPointInJourneyPattern id="VTR:StopPointInJourneyPattern:19847238" version="775751" order="12">
                  <ScheduledStopPointRef ref="VTR:ScheduledStopPoint:431023"/>
                  <DestinationDisplayRef ref="VTR:DestinationDisplay:1"/>
                </StopPointInJourneyPattern>
              </pointsInSequence>
            </JourneyPattern>
            <JourneyPattern id="VTR:JourneyPattern:775546" version="775754">
              <Name>3</Name>
              <RouteRef ref="VTR:Route:11767" version="1"/>
              <pointsInSequence>
                <StopPointInJourneyPattern id="VTR:StopPointInJourneyPattern:19847261" version="775754" order="1">
                  <ScheduledStopPointRef ref="VTR:ScheduledStopPoint:431017"/>
                  <DestinationDisplayRef ref="VTR:DestinationDisplay:1"/>
                </StopPointInJourneyPattern>
                <StopPointInJourneyPattern id="VTR:StopPointInJourneyPattern:19847262" version="775754" order="2">
                  <ScheduledStopPointRef ref="VTR:ScheduledStopPoint:431013"/>
                  <DestinationDisplayRef ref="VTR:DestinationDisplay:1"/>
                </StopPointInJourneyPattern>
                <StopPointInJourneyPattern id="VTR:StopPointInJourneyPattern:19847263" version="775754" order="4">
                  <ScheduledStopPointRef ref="VTR:ScheduledStopPoint:431014"/>
                  <DestinationDisplayRef ref="VTR:DestinationDisplay:1"/>
                </StopPointInJourneyPattern>
                <StopPointInJourneyPattern id="VTR:StopPointInJourneyPattern:19847264" version="775754" order="5">
                  <ScheduledStopPointRef ref="VTR:ScheduledStopPoint:431015"/>
                  <DestinationDisplayRef ref="VTR:DestinationDisplay:1"/>
                </StopPointInJourneyPattern>
                <StopPointInJourneyPattern id="VTR:StopPointInJourneyPattern:19847265" version="775754" order="6">
                  <ScheduledStopPointRef ref="VTR:ScheduledStopPoint:431016"/>
                  <DestinationDisplayRef ref="VTR:DestinationDisplay:1"/>
                </StopPointInJourneyPattern>
                <StopPointInJourneyPattern id="VTR:StopPointInJourneyPattern:19847266" version="775754" order="7">
                  <ScheduledStopPointRef ref="VTR:ScheduledStopPoint:431018"/>
                  <DestinationDisplayRef ref="VTR:DestinationDisplay:1"/>
                </StopPointInJourneyPattern>
                <StopPointInJourneyPattern id="VTR:StopPointInJourneyPattern:19847267" version="775754" order="8">
                  <ScheduledStopPointRef ref="VTR:ScheduledStopPoint:431019"/>
                  <DestinationDisplayRef ref="VTR:DestinationDisplay:1"/>
                </StopPointInJourneyPattern>
                <StopPointInJourneyPattern id="VTR:StopPointInJourneyPattern:19847268" version="775754" order="9">
                  <ScheduledStopPointRef ref="VTR:ScheduledStopPoint:431020"/>
                  <DestinationDisplayRef ref="VTR:DestinationDisplay:1"/>
                </StopPointInJourneyPattern>
                <StopPointInJourneyPattern id="VTR:StopPointInJourneyPattern:19847269" version="775754" order="10">
                  <ScheduledStopPointRef ref="VTR:ScheduledStopPoint:431021"/>
                  <DestinationDisplayRef ref="VTR:DestinationDisplay:1"/>
                </StopPointInJourneyPattern>
                <StopPointInJourneyPattern id="VTR:StopPointInJourneyPattern:19847270" version="775754" order="11">
                  <ScheduledStopPointRef ref="VTR:ScheduledStopPoint:431022"/>
                  <DestinationDisplayRef ref="VTR:DestinationDisplay:1"/>
                </StopPointInJourneyPattern>
                <StopPointInJourneyPattern id="VTR:StopPointInJourneyPattern:19847271" version="775754" order="12">
                  <ScheduledStopPointRef ref="VTR:ScheduledStopPoint:431023"/>
                  <DestinationDisplayRef ref="VTR:DestinationDisplay:1"/>
                </StopPointInJourneyPattern>
              </pointsInSequence>
            </JourneyPattern>
            <JourneyPattern id="VTR:JourneyPattern:775544" version="775752">
              <Name>2</Name>
              <RouteRef ref="VTR:Route:11767" version="1"/>
              <pointsInSequence>
                <StopPointInJourneyPattern id="VTR:StopPointInJourneyPattern:19847239" version="775752" order="1">
                  <ScheduledStopPointRef ref="VTR:ScheduledStopPoint:431017"/>
                  <DestinationDisplayRef ref="VTR:DestinationDisplay:1"/>
                </StopPointInJourneyPattern>
                <StopPointInJourneyPattern id="VTR:StopPointInJourneyPattern:19847240" version="775752" order="2">
                  <ScheduledStopPointRef ref="VTR:ScheduledStopPoint:431013"/>
                  <DestinationDisplayRef ref="VTR:DestinationDisplay:1"/>
                </StopPointInJourneyPattern>
                <StopPointInJourneyPattern id="VTR:StopPointInJourneyPattern:19847241" version="775752" order="3">
                  <ScheduledStopPointRef ref="VTR:ScheduledStopPoint:431014"/>
                  <DestinationDisplayRef ref="VTR:DestinationDisplay:1"/>
                </StopPointInJourneyPattern>
                <StopPointInJourneyPattern id="VTR:StopPointInJourneyPattern:19847242" version="775752" order="4">
                  <ScheduledStopPointRef ref="VTR:ScheduledStopPoint:431015"/>
                  <DestinationDisplayRef ref="VTR:DestinationDisplay:1"/>
                </StopPointInJourneyPattern>
                <StopPointInJourneyPattern id="VTR:StopPointInJourneyPattern:19847243" version="775752" order="5">
                  <ScheduledStopPointRef ref="VTR:ScheduledStopPoint:431016"/>
                  <DestinationDisplayRef ref="VTR:DestinationDisplay:1"/>
                </StopPointInJourneyPattern>
                <StopPointInJourneyPattern id="VTR:StopPointInJourneyPattern:19847244" version="775752" order="6">
                  <ScheduledStopPointRef ref="VTR:ScheduledStopPoint:431018"/>
                  <DestinationDisplayRef ref="VTR:DestinationDisplay:1"/>
                </StopPointInJourneyPattern>
                <StopPointInJourneyPattern id="VTR:StopPointInJourneyPattern:19847245" version="775752" order="7">
                  <ScheduledStopPointRef ref="VTR:ScheduledStopPoint:431019"/>
                  <DestinationDisplayRef ref="VTR:DestinationDisplay:1"/>
                </StopPointInJourneyPattern>
                <StopPointInJourneyPattern id="VTR:StopPointInJourneyPattern:19847246" version="775752" order="8">
                  <ScheduledStopPointRef ref="VTR:ScheduledStopPoint:431020"/>
                  <DestinationDisplayRef ref="VTR:DestinationDisplay:1"/>
                </StopPointInJourneyPattern>
                <StopPointInJourneyPattern id="VTR:StopPointInJourneyPattern:19847247" version="775752" order="9">
                  <ScheduledStopPointRef ref="VTR:ScheduledStopPoint:431021"/>
                  <DestinationDisplayRef ref="VTR:DestinationDisplay:1"/>
                </StopPointInJourneyPattern>
                <StopPointInJourneyPattern id="VTR:StopPointInJourneyPattern:19847248" version="775752" order="10">
                  <ScheduledStopPointRef ref="VTR:ScheduledStopPoint:431022"/>
                  <DestinationDisplayRef ref="VTR:DestinationDisplay:1"/>
                </StopPointInJourneyPattern>
                <StopPointInJourneyPattern id="VTR:StopPointInJourneyPattern:19847249" version="775752" order="11">
                  <ScheduledStopPointRef ref="VTR:ScheduledStopPoint:431023"/>
                  <DestinationDisplayRef ref="VTR:DestinationDisplay:1"/>
                </StopPointInJourneyPattern>
              </pointsInSequence>
            </JourneyPattern>
            <JourneyPattern id="VTR:JourneyPattern:775545" version="775753">
              <Name>4</Name>
              <RouteRef ref="VTR:Route:11767" version="1"/>
              <pointsInSequence>
                <StopPointInJourneyPattern id="VTR:StopPointInJourneyPattern:19847250" version="775753" order="1">
                  <ScheduledStopPointRef ref="VTR:ScheduledStopPoint:431017"/>
                  <DestinationDisplayRef ref="VTR:DestinationDisplay:1"/>
                </StopPointInJourneyPattern>
                <StopPointInJourneyPattern id="VTR:StopPointInJourneyPattern:19847251" version="775753" order="2">
                  <ScheduledStopPointRef ref="VTR:ScheduledStopPoint:431013"/>
                  <DestinationDisplayRef ref="VTR:DestinationDisplay:1"/>
                </StopPointInJourneyPattern>
                <StopPointInJourneyPattern id="VTR:StopPointInJourneyPattern:19847252" version="775753" order="4">
                  <ScheduledStopPointRef ref="VTR:ScheduledStopPoint:431014"/>
                  <DestinationDisplayRef ref="VTR:DestinationDisplay:1"/>
                </StopPointInJourneyPattern>
                <StopPointInJourneyPattern id="VTR:StopPointInJourneyPattern:19847253" version="775753" order="5">
                  <ScheduledStopPointRef ref="VTR:ScheduledStopPoint:431015"/>
                  <DestinationDisplayRef ref="VTR:DestinationDisplay:1"/>
                </StopPointInJourneyPattern>
                <StopPointInJourneyPattern id="VTR:StopPointInJourneyPattern:19847254" version="775753" order="6">
                  <ScheduledStopPointRef ref="VTR:ScheduledStopPoint:431016"/>
                  <DestinationDisplayRef ref="VTR:DestinationDisplay:1"/>
                </StopPointInJourneyPattern>
                <StopPointInJourneyPattern id="VTR:StopPointInJourneyPattern:19847255" version="775753" order="7">
                  <ScheduledStopPointRef ref="VTR:ScheduledStopPoint:431018"/>
                  <DestinationDisplayRef ref="VTR:DestinationDisplay:1"/>
                </StopPointInJourneyPattern>
                <StopPointInJourneyPattern id="VTR:StopPointInJourneyPattern:19847256" version="775753" order="8">
                  <ScheduledStopPointRef ref="VTR:ScheduledStopPoint:431019"/>
                  <DestinationDisplayRef ref="VTR:DestinationDisplay:1"/>
                </StopPointInJourneyPattern>
                <StopPointInJourneyPattern id="VTR:StopPointInJourneyPattern:19847257" version="775753" order="9">
                  <ScheduledStopPointRef ref="VTR:ScheduledStopPoint:431020"/>
                  <DestinationDisplayRef ref="VTR:DestinationDisplay:1"/>
                </StopPointInJourneyPattern>
                <StopPointInJourneyPattern id="VTR:StopPointInJourneyPattern:19847258" version="775753" order="10">
                  <ScheduledStopPointRef ref="VTR:ScheduledStopPoint:431021"/>
                  <DestinationDisplayRef ref="VTR:DestinationDisplay:1"/>
                </StopPointInJourneyPattern>
                <StopPointInJourneyPattern id="VTR:StopPointInJourneyPattern:19847259" version="775753" order="11">
                  <ScheduledStopPointRef ref="VTR:ScheduledStopPoint:431022"/>
                  <DestinationDisplayRef ref="VTR:DestinationDisplay:1"/>
                </StopPointInJourneyPattern>
                <StopPointInJourneyPattern id="VTR:StopPointInJourneyPattern:19847260" version="775753" order="12">
                  <ScheduledStopPointRef ref="VTR:ScheduledStopPoint:431023"/>
                  <DestinationDisplayRef ref="VTR:DestinationDisplay:1"/>
                </StopPointInJourneyPattern>
              </pointsInSequence>
            </JourneyPattern>
          </journeyPatterns>
        </ServiceFrame>
        <TimetableFrame version="1" id="VTR:TimetableFrame:1385">
          <vehicleJourneys>
            <ServiceJourney version="775754" id="VTR:ServiceJourney:775546">
              <Name>Autobusų parkas-Briedžio g.</Name>
              <PrivateCode>3</PrivateCode>
              <dayTypes>
                <DayTypeRef ref="VTR:DayType:2313"/>
              </dayTypes>
              <JourneyPatternRef version="775754" ref="VTR:JourneyPattern:775546"/>
              <OperatorRef ref="VTR:Operator:482"/>
              <LineRef ref="VTR:Line:1593" version="4910"/>
              <passingTimes>
                <TimetabledPassingTime version="775754" id="VTR:TimetabledPassingTime:775546_19847261_1">
                  <StopPointInJourneyPatternRef ref="VTR:StopPointInJourneyPattern:19847261" version="775754"/>
                  <DepartureTime>12:45:00</DepartureTime>
                  <DepartureDayOffset>0</DepartureDayOffset>
                </TimetabledPassingTime>
                <TimetabledPassingTime version="775754" id="VTR:TimetabledPassingTime:775546_19847262_2">
                  <StopPointInJourneyPatternRef ref="VTR:StopPointInJourneyPattern:19847262" version="775754"/>
                  <DepartureTime>12:46:00</DepartureTime>
                  <DepartureDayOffset>0</DepartureDayOffset>
                </TimetabledPassingTime>
                <TimetabledPassingTime version="775754" id="VTR:TimetabledPassingTime:775546_19847263_4">
                  <StopPointInJourneyPatternRef ref="VTR:StopPointInJourneyPattern:19847263" version="775754"/>
                  <DepartureTime>12:49:00</DepartureTime>
                  <DepartureDayOffset>0</DepartureDayOffset>
                </TimetabledPassingTime>
                <TimetabledPassingTime version="775754" id="VTR:TimetabledPassingTime:775546_19847264_5">
                  <StopPointInJourneyPatternRef ref="VTR:StopPointInJourneyPattern:19847264" version="775754"/>
                  <DepartureTime>12:51:00</DepartureTime>
                  <DepartureDayOffset>0</DepartureDayOffset>
                </TimetabledPassingTime>
                <TimetabledPassingTime version="775754" id="VTR:TimetabledPassingTime:775546_19847265_6">
                  <StopPointInJourneyPatternRef ref="VTR:StopPointInJourneyPattern:19847265" version="775754"/>
                  <DepartureTime>12:52:00</DepartureTime>
                  <DepartureDayOffset>0</DepartureDayOffset>
                </TimetabledPassingTime>
                <TimetabledPassingTime version="775754" id="VTR:TimetabledPassingTime:775546_19847266_7">
                  <StopPointInJourneyPatternRef ref="VTR:StopPointInJourneyPattern:19847266" version="775754"/>
                  <DepartureTime>12:54:00</DepartureTime>
                  <DepartureDayOffset>0</DepartureDayOffset>
                </TimetabledPassingTime>
                <TimetabledPassingTime version="775754" id="VTR:TimetabledPassingTime:775546_19847267_8">
                  <StopPointInJourneyPatternRef ref="VTR:StopPointInJourneyPattern:19847267" version="775754"/>
                  <DepartureTime>12:57:00</DepartureTime>
                  <DepartureDayOffset>0</DepartureDayOffset>
                </TimetabledPassingTime>
                <TimetabledPassingTime version="775754" id="VTR:TimetabledPassingTime:775546_19847268_9">
                  <StopPointInJourneyPatternRef ref="VTR:StopPointInJourneyPattern:19847268" version="775754"/>
                  <DepartureTime>12:58:00</DepartureTime>
                  <DepartureDayOffset>0</DepartureDayOffset>
                </TimetabledPassingTime>
                <TimetabledPassingTime version="775754" id="VTR:TimetabledPassingTime:775546_19847269_10">
                  <StopPointInJourneyPatternRef ref="VTR:StopPointInJourneyPattern:19847269" version="775754"/>
                  <DepartureTime>13:01:00</DepartureTime>
                  <DepartureDayOffset>0</DepartureDayOffset>
                </TimetabledPassingTime>
                <TimetabledPassingTime version="775754" id="VTR:TimetabledPassingTime:775546_19847270_11">
                  <StopPointInJourneyPatternRef ref="VTR:StopPointInJourneyPattern:19847270" version="775754"/>
                  <DepartureTime>13:03:00</DepartureTime>
                  <DepartureDayOffset>0</DepartureDayOffset>
                </TimetabledPassingTime>
                <TimetabledPassingTime version="775754" id="VTR:TimetabledPassingTime:775546_19847271_12">
                  <StopPointInJourneyPatternRef ref="VTR:StopPointInJourneyPattern:19847271" version="775754"/>
                  <DepartureTime>13:05:00</DepartureTime>
                  <DepartureDayOffset>0</DepartureDayOffset>
                </TimetabledPassingTime>
              </passingTimes>
            </ServiceJourney>
            <ServiceJourney version="775753" id="VTR:ServiceJourney:775545">
              <Name>Autobusų parkas-Briedžio g.</Name>
              <PrivateCode>4</PrivateCode>
              <dayTypes>
                <DayTypeRef ref="VTR:DayType:2313"/>
              </dayTypes>
              <JourneyPatternRef version="775753" ref="VTR:JourneyPattern:775545"/>
              <OperatorRef ref="VTR:Operator:482"/>
              <LineRef ref="VTR:Line:1593" version="4910"/>
              <passingTimes>
                <TimetabledPassingTime version="775753" id="VTR:TimetabledPassingTime:775545_19847250_1">
                  <StopPointInJourneyPatternRef ref="VTR:StopPointInJourneyPattern:19847250" version="775753"/>
                  <DepartureTime>14:30:00</DepartureTime>
                  <DepartureDayOffset>0</DepartureDayOffset>
                </TimetabledPassingTime>
                <TimetabledPassingTime version="775753" id="VTR:TimetabledPassingTime:775545_19847251_2">
                  <StopPointInJourneyPatternRef ref="VTR:StopPointInJourneyPattern:19847251" version="775753"/>
                  <DepartureTime>14:31:00</DepartureTime>
                  <DepartureDayOffset>0</DepartureDayOffset>
                </TimetabledPassingTime>
                <TimetabledPassingTime version="775753" id="VTR:TimetabledPassingTime:775545_19847252_4">
                  <StopPointInJourneyPatternRef ref="VTR:StopPointInJourneyPattern:19847252" version="775753"/>
                  <DepartureTime>14:34:00</DepartureTime>
                  <DepartureDayOffset>0</DepartureDayOffset>
                </TimetabledPassingTime>
                <TimetabledPassingTime version="775753" id="VTR:TimetabledPassingTime:775545_19847253_5">
                  <StopPointInJourneyPatternRef ref="VTR:StopPointInJourneyPattern:19847253" version="775753"/>
                  <DepartureTime>14:36:00</DepartureTime>
                  <DepartureDayOffset>0</DepartureDayOffset>
                </TimetabledPassingTime>
                <TimetabledPassingTime version="775753" id="VTR:TimetabledPassingTime:775545_19847254_6">
                  <StopPointInJourneyPatternRef ref="VTR:StopPointInJourneyPattern:19847254" version="775753"/>
                  <DepartureTime>14:37:00</DepartureTime>
                  <DepartureDayOffset>0</DepartureDayOffset>
                </TimetabledPassingTime>
                <TimetabledPassingTime version="775753" id="VTR:TimetabledPassingTime:775545_19847255_7">
                  <StopPointInJourneyPatternRef ref="VTR:StopPointInJourneyPattern:19847255" version="775753"/>
                  <DepartureTime>14:39:00</DepartureTime>
                  <DepartureDayOffset>0</DepartureDayOffset>
                </TimetabledPassingTime>
                <TimetabledPassingTime version="775753" id="VTR:TimetabledPassingTime:775545_19847256_8">
                  <StopPointInJourneyPatternRef ref="VTR:StopPointInJourneyPattern:19847256" version="775753"/>
                  <DepartureTime>14:42:00</DepartureTime>
                  <DepartureDayOffset>0</DepartureDayOffset>
                </TimetabledPassingTime>
                <TimetabledPassingTime version="775753" id="VTR:TimetabledPassingTime:775545_19847257_9">
                  <StopPointInJourneyPatternRef ref="VTR:StopPointInJourneyPattern:19847257" version="775753"/>
                  <DepartureTime>14:43:00</DepartureTime>
                  <DepartureDayOffset>0</DepartureDayOffset>
                </TimetabledPassingTime>
                <TimetabledPassingTime version="775753" id="VTR:TimetabledPassingTime:775545_19847258_10">
                  <StopPointInJourneyPatternRef ref="VTR:StopPointInJourneyPattern:19847258" version="775753"/>
                  <DepartureTime>14:46:00</DepartureTime>
                  <DepartureDayOffset>0</DepartureDayOffset>
                </TimetabledPassingTime>
                <TimetabledPassingTime version="775753" id="VTR:TimetabledPassingTime:775545_19847259_11">
                  <StopPointInJourneyPatternRef ref="VTR:StopPointInJourneyPattern:19847259" version="775753"/>
                  <DepartureTime>14:48:00</DepartureTime>
                  <DepartureDayOffset>0</DepartureDayOffset>
                </TimetabledPassingTime>
                <TimetabledPassingTime version="775753" id="VTR:TimetabledPassingTime:775545_19847260_12">
                  <StopPointInJourneyPatternRef ref="VTR:StopPointInJourneyPattern:19847260" version="775753"/>
                  <DepartureTime>14:50:00</DepartureTime>
                  <DepartureDayOffset>0</DepartureDayOffset>
                </TimetabledPassingTime>
              </passingTimes>
            </ServiceJourney>
            <ServiceJourney version="775755" id="VTR:ServiceJourney:775547">
              <Name>Autobusų parkas-Briedžio g.</Name>
              <PrivateCode>1</PrivateCode>
              <dayTypes>
                <DayTypeRef ref="VTR:DayType:1341"/>
              </dayTypes>
              <JourneyPatternRef version="775755" ref="VTR:JourneyPattern:775547"/>
              <OperatorRef ref="VTR:Operator:482"/>
              <LineRef ref="VTR:Line:1593" version="4910"/>
              <passingTimes>
                <TimetabledPassingTime version="775755" id="VTR:TimetabledPassingTime:775547_19847272_1">
                  <StopPointInJourneyPatternRef ref="VTR:StopPointInJourneyPattern:19847272" version="775755"/>
                  <DepartureTime>08:30:00</DepartureTime>
                  <DepartureDayOffset>0</DepartureDayOffset>
                </TimetabledPassingTime>
                <TimetabledPassingTime version="775755" id="VTR:TimetabledPassingTime:775547_19847273_2">
                  <StopPointInJourneyPatternRef ref="VTR:StopPointInJourneyPattern:19847273" version="775755"/>
                  <DepartureTime>08:31:00</DepartureTime>
                  <DepartureDayOffset>0</DepartureDayOffset>
                </TimetabledPassingTime>
                <TimetabledPassingTime version="775755" id="VTR:TimetabledPassingTime:775547_19847274_4">
                  <StopPointInJourneyPatternRef ref="VTR:StopPointInJourneyPattern:19847274" version="775755"/>
                  <DepartureTime>08:34:00</DepartureTime>
                  <DepartureDayOffset>0</DepartureDayOffset>
                </TimetabledPassingTime>
                <TimetabledPassingTime version="775755" id="VTR:TimetabledPassingTime:775547_19847275_5">
                  <StopPointInJourneyPatternRef ref="VTR:StopPointInJourneyPattern:19847275" version="775755"/>
                  <DepartureTime>08:36:00</DepartureTime>
                  <DepartureDayOffset>0</DepartureDayOffset>
                </TimetabledPassingTime>
                <TimetabledPassingTime version="775755" id="VTR:TimetabledPassingTime:775547_19847276_6">
                  <StopPointInJourneyPatternRef ref="VTR:StopPointInJourneyPattern:19847276" version="775755"/>
                  <DepartureTime>08:37:00</DepartureTime>
                  <DepartureDayOffset>0</DepartureDayOffset>
                </TimetabledPassingTime>
                <TimetabledPassingTime version="775755" id="VTR:TimetabledPassingTime:775547_19847277_7">
                  <StopPointInJourneyPatternRef ref="VTR:StopPointInJourneyPattern:19847277" version="775755"/>
                  <DepartureTime>08:39:00</DepartureTime>
                  <DepartureDayOffset>0</DepartureDayOffset>
                </TimetabledPassingTime>
                <TimetabledPassingTime version="775755" id="VTR:TimetabledPassingTime:775547_19847278_8">
                  <StopPointInJourneyPatternRef ref="VTR:StopPointInJourneyPattern:19847278" version="775755"/>
                  <DepartureTime>08:42:00</DepartureTime>
                  <DepartureDayOffset>0</DepartureDayOffset>
                </TimetabledPassingTime>
                <TimetabledPassingTime version="775755" id="VTR:TimetabledPassingTime:775547_19847279_9">
                  <StopPointInJourneyPatternRef ref="VTR:StopPointInJourneyPattern:19847279" version="775755"/>
                  <DepartureTime>08:43:00</DepartureTime>
                  <DepartureDayOffset>0</DepartureDayOffset>
                </TimetabledPassingTime>
                <TimetabledPassingTime version="775755" id="VTR:TimetabledPassingTime:775547_19847280_10">
                  <StopPointInJourneyPatternRef ref="VTR:StopPointInJourneyPattern:19847280" version="775755"/>
                  <DepartureTime>08:46:00</DepartureTime>
                  <DepartureDayOffset>0</DepartureDayOffset>
                </TimetabledPassingTime>
                <TimetabledPassingTime version="775755" id="VTR:TimetabledPassingTime:775547_19847281_11">
                  <StopPointInJourneyPatternRef ref="VTR:StopPointInJourneyPattern:19847281" version="775755"/>
                  <DepartureTime>08:48:00</DepartureTime>
                  <DepartureDayOffset>0</DepartureDayOffset>
                </TimetabledPassingTime>
                <TimetabledPassingTime version="775755" id="VTR:TimetabledPassingTime:775547_19847282_12">
                  <StopPointInJourneyPatternRef ref="VTR:StopPointInJourneyPattern:19847282" version="775755"/>
                  <DepartureTime>08:50:00</DepartureTime>
                  <DepartureDayOffset>0</DepartureDayOffset>
                </TimetabledPassingTime>
              </passingTimes>
            </ServiceJourney>
            <ServiceJourney version="775750" id="VTR:ServiceJourney:775542">
              <Name>Autobusų parkas-Briedžio g.</Name>
              <PrivateCode>6</PrivateCode>
              <dayTypes>
                <DayTypeRef ref="VTR:DayType:2313"/>
              </dayTypes>
              <JourneyPatternRef version="775750" ref="VTR:JourneyPattern:775542"/>
              <OperatorRef ref="VTR:Operator:482"/>
              <LineRef ref="VTR:Line:1593" version="4910"/>
              <passingTimes>
                <TimetabledPassingTime version="775750" id="VTR:TimetabledPassingTime:775542_19847217_1">
                  <StopPointInJourneyPatternRef ref="VTR:StopPointInJourneyPattern:19847217" version="775750"/>
                  <DepartureTime>18:35:00</DepartureTime>
                  <DepartureDayOffset>0</DepartureDayOffset>
                </TimetabledPassingTime>
                <TimetabledPassingTime version="775750" id="VTR:TimetabledPassingTime:775542_19847218_2">
                  <StopPointInJourneyPatternRef ref="VTR:StopPointInJourneyPattern:19847218" version="775750"/>
                  <DepartureTime>18:36:00</DepartureTime>
                  <DepartureDayOffset>0</DepartureDayOffset>
                </TimetabledPassingTime>
                <TimetabledPassingTime version="775750" id="VTR:TimetabledPassingTime:775542_19847219_4">
                  <StopPointInJourneyPatternRef ref="VTR:StopPointInJourneyPattern:19847219" version="775750"/>
                  <DepartureTime>18:39:00</DepartureTime>
                  <DepartureDayOffset>0</DepartureDayOffset>
                </TimetabledPassingTime>
                <TimetabledPassingTime version="775750" id="VTR:TimetabledPassingTime:775542_19847220_5">
                  <StopPointInJourneyPatternRef ref="VTR:StopPointInJourneyPattern:19847220" version="775750"/>
                  <DepartureTime>18:41:00</DepartureTime>
                  <DepartureDayOffset>0</DepartureDayOffset>
                </TimetabledPassingTime>
                <TimetabledPassingTime version="775750" id="VTR:TimetabledPassingTime:775542_19847221_6">
                  <StopPointInJourneyPatternRef ref="VTR:StopPointInJourneyPattern:19847221" version="775750"/>
                  <DepartureTime>18:42:00</DepartureTime>
                  <DepartureDayOffset>0</DepartureDayOffset>
                </TimetabledPassingTime>
                <TimetabledPassingTime version="775750" id="VTR:TimetabledPassingTime:775542_19847222_7">
                  <StopPointInJourneyPatternRef ref="VTR:StopPointInJourneyPattern:19847222" version="775750"/>
                  <DepartureTime>18:44:00</DepartureTime>
                  <DepartureDayOffset>0</DepartureDayOffset>
                </TimetabledPassingTime>
                <TimetabledPassingTime version="775750" id="VTR:TimetabledPassingTime:775542_19847223_8">
                  <StopPointInJourneyPatternRef ref="VTR:StopPointInJourneyPattern:19847223" version="775750"/>
                  <DepartureTime>18:47:00</DepartureTime>
                  <DepartureDayOffset>0</DepartureDayOffset>
                </TimetabledPassingTime>
                <TimetabledPassingTime version="775750" id="VTR:TimetabledPassingTime:775542_19847224_9">
                  <StopPointInJourneyPatternRef ref="VTR:StopPointInJourneyPattern:19847224" version="775750"/>
                  <DepartureTime>18:48:00</DepartureTime>
                  <DepartureDayOffset>0</DepartureDayOffset>
                </TimetabledPassingTime>
                <TimetabledPassingTime version="775750" id="VTR:TimetabledPassingTime:775542_19847225_10">
                  <StopPointInJourneyPatternRef ref="VTR:StopPointInJourneyPattern:19847225" version="775750"/>
                  <DepartureTime>18:51:00</DepartureTime>
                  <DepartureDayOffset>0</DepartureDayOffset>
                </TimetabledPassingTime>
                <TimetabledPassingTime version="775750" id="VTR:TimetabledPassingTime:775542_19847226_11">
                  <StopPointInJourneyPatternRef ref="VTR:StopPointInJourneyPattern:19847226" version="775750"/>
                  <DepartureTime>18:53:00</DepartureTime>
                  <DepartureDayOffset>0</DepartureDayOffset>
                </TimetabledPassingTime>
                <TimetabledPassingTime version="775750" id="VTR:TimetabledPassingTime:775542_19847227_12">
                  <StopPointInJourneyPatternRef ref="VTR:StopPointInJourneyPattern:19847227" version="775750"/>
                  <DepartureTime>18:55:00</DepartureTime>
                  <DepartureDayOffset>0</DepartureDayOffset>
                </TimetabledPassingTime>
              </passingTimes>
            </ServiceJourney>
            <ServiceJourney version="775752" id="VTR:ServiceJourney:775544">
              <Name>Autobusų parkas-Briedžio g.</Name>
              <PrivateCode>2</PrivateCode>
              <dayTypes>
                <DayTypeRef ref="VTR:DayType:2313"/>
              </dayTypes>
              <JourneyPatternRef version="775752" ref="VTR:JourneyPattern:775544"/>
              <OperatorRef ref="VTR:Operator:482"/>
              <LineRef ref="VTR:Line:1593" version="4910"/>
              <passingTimes>
                <TimetabledPassingTime version="775752" id="VTR:TimetabledPassingTime:775544_19847239_1">
                  <StopPointInJourneyPatternRef ref="VTR:StopPointInJourneyPattern:19847239" version="775752"/>
                  <DepartureTime>10:15:00</DepartureTime>
                  <DepartureDayOffset>0</DepartureDayOffset>
                </TimetabledPassingTime>
                <TimetabledPassingTime version="775752" id="VTR:TimetabledPassingTime:775544_19847240_2">
                  <StopPointInJourneyPatternRef ref="VTR:StopPointInJourneyPattern:19847240" version="775752"/>
                  <DepartureTime>10:16:00</DepartureTime>
                  <DepartureDayOffset>0</DepartureDayOffset>
                </TimetabledPassingTime>
                <TimetabledPassingTime version="775752" id="VTR:TimetabledPassingTime:775544_19847241_3">
                  <StopPointInJourneyPatternRef ref="VTR:StopPointInJourneyPattern:19847241" version="775752"/>
                  <DepartureTime>10:19:00</DepartureTime>
                  <DepartureDayOffset>0</DepartureDayOffset>
                </TimetabledPassingTime>
                <TimetabledPassingTime version="775752" id="VTR:TimetabledPassingTime:775544_19847242_4">
                  <StopPointInJourneyPatternRef ref="VTR:StopPointInJourneyPattern:19847242" version="775752"/>
                  <DepartureTime>10:21:00</DepartureTime>
                  <DepartureDayOffset>0</DepartureDayOffset>
                </TimetabledPassingTime>
                <TimetabledPassingTime version="775752" id="VTR:TimetabledPassingTime:775544_19847243_5">
                  <StopPointInJourneyPatternRef ref="VTR:StopPointInJourneyPattern:19847243" version="775752"/>
                  <DepartureTime>10:22:00</DepartureTime>
                  <DepartureDayOffset>0</DepartureDayOffset>
                </TimetabledPassingTime>
                <TimetabledPassingTime version="775752" id="VTR:TimetabledPassingTime:775544_19847244_6">
                  <StopPointInJourneyPatternRef ref="VTR:StopPointInJourneyPattern:19847244" version="775752"/>
                  <DepartureTime>10:24:00</DepartureTime>
                  <DepartureDayOffset>0</DepartureDayOffset>
                </TimetabledPassingTime>
                <TimetabledPassingTime version="775752" id="VTR:TimetabledPassingTime:775544_19847245_7">
                  <StopPointInJourneyPatternRef ref="VTR:StopPointInJourneyPattern:19847245" version="775752"/>
                  <DepartureTime>10:27:00</DepartureTime>
                  <DepartureDayOffset>0</DepartureDayOffset>
                </TimetabledPassingTime>
                <TimetabledPassingTime version="775752" id="VTR:TimetabledPassingTime:775544_19847246_8">
                  <StopPointInJourneyPatternRef ref="VTR:StopPointInJourneyPattern:19847246" version="775752"/>
                  <DepartureTime>10:28:00</DepartureTime>
                  <DepartureDayOffset>0</DepartureDayOffset>
                </TimetabledPassingTime>
                <TimetabledPassingTime version="775752" id="VTR:TimetabledPassingTime:775544_19847247_9">
                  <StopPointInJourneyPatternRef ref="VTR:StopPointInJourneyPattern:19847247" version="775752"/>
                  <DepartureTime>10:31:00</DepartureTime>
                  <DepartureDayOffset>0</DepartureDayOffset>
                </TimetabledPassingTime>
                <TimetabledPassingTime version="775752" id="VTR:TimetabledPassingTime:775544_19847248_10">
                  <StopPointInJourneyPatternRef ref="VTR:StopPointInJourneyPattern:19847248" version="775752"/>
                  <DepartureTime>10:33:00</DepartureTime>
                  <DepartureDayOffset>0</DepartureDayOffset>
                </TimetabledPassingTime>
                <TimetabledPassingTime version="775752" id="VTR:TimetabledPassingTime:775544_19847249_11">
                  <StopPointInJourneyPatternRef ref="VTR:StopPointInJourneyPattern:19847249" version="775752"/>
                  <DepartureTime>10:35:00</DepartureTime>
                  <DepartureDayOffset>0</DepartureDayOffset>
                </TimetabledPassingTime>
              </passingTimes>
            </ServiceJourney>
            <ServiceJourney version="775751" id="VTR:ServiceJourney:775543">
              <Name>Autobusų parkas-Briedžio g.</Name>
              <PrivateCode>5</PrivateCode>
              <dayTypes>
                <DayTypeRef ref="VTR:DayType:2313"/>
              </dayTypes>
              <JourneyPatternRef version="775751" ref="VTR:JourneyPattern:775543"/>
              <OperatorRef ref="VTR:Operator:482"/>
              <LineRef ref="VTR:Line:1593" version="4910"/>
              <passingTimes>
                <TimetabledPassingTime version="775751" id="VTR:TimetabledPassingTime:775543_19847228_1">
                  <StopPointInJourneyPatternRef ref="VTR:StopPointInJourneyPattern:19847228" version="775751"/>
                  <DepartureTime>16:10:00</DepartureTime>
                  <DepartureDayOffset>0</DepartureDayOffset>
                </TimetabledPassingTime>
                <TimetabledPassingTime version="775751" id="VTR:TimetabledPassingTime:775543_19847229_2">
                  <StopPointInJourneyPatternRef ref="VTR:StopPointInJourneyPattern:19847229" version="775751"/>
                  <DepartureTime>16:11:00</DepartureTime>
                  <DepartureDayOffset>0</DepartureDayOffset>
                </TimetabledPassingTime>
                <TimetabledPassingTime version="775751" id="VTR:TimetabledPassingTime:775543_19847230_4">
                  <StopPointInJourneyPatternRef ref="VTR:StopPointInJourneyPattern:19847230" version="775751"/>
                  <DepartureTime>16:14:00</DepartureTime>
                  <DepartureDayOffset>0</DepartureDayOffset>
                </TimetabledPassingTime>
                <TimetabledPassingTime version="775751" id="VTR:TimetabledPassingTime:775543_19847231_5">
                  <StopPointInJourneyPatternRef ref="VTR:StopPointInJourneyPattern:19847231" version="775751"/>
                  <DepartureTime>16:16:00</DepartureTime>
                  <DepartureDayOffset>0</DepartureDayOffset>
                </TimetabledPassingTime>
                <TimetabledPassingTime version="775751" id="VTR:TimetabledPassingTime:775543_19847232_6">
                  <StopPointInJourneyPatternRef ref="VTR:StopPointInJourneyPattern:19847232" version="775751"/>
                  <DepartureTime>16:17:00</DepartureTime>
                  <DepartureDayOffset>0</DepartureDayOffset>
                </TimetabledPassingTime>
                <TimetabledPassingTime version="775751" id="VTR:TimetabledPassingTime:775543_19847233_7">
                  <StopPointInJourneyPatternRef ref="VTR:StopPointInJourneyPattern:19847233" version="775751"/>
                  <DepartureTime>16:19:00</DepartureTime>
                  <DepartureDayOffset>0</DepartureDayOffset>
                </TimetabledPassingTime>
                <TimetabledPassingTime version="775751" id="VTR:TimetabledPassingTime:775543_19847234_8">
                  <StopPointInJourneyPatternRef ref="VTR:StopPointInJourneyPattern:19847234" version="775751"/>
                  <DepartureTime>16:22:00</DepartureTime>
                  <DepartureDayOffset>0</DepartureDayOffset>
                </TimetabledPassingTime>
                <TimetabledPassingTime version="775751" id="VTR:TimetabledPassingTime:775543_19847235_9">
                  <StopPointInJourneyPatternRef ref="VTR:StopPointInJourneyPattern:19847235" version="775751"/>
                  <DepartureTime>16:23:00</DepartureTime>
                  <DepartureDayOffset>0</DepartureDayOffset>
                </TimetabledPassingTime>
                <TimetabledPassingTime version="775751" id="VTR:TimetabledPassingTime:775543_19847236_10">
                  <StopPointInJourneyPatternRef ref="VTR:StopPointInJourneyPattern:19847236" version="775751"/>
                  <DepartureTime>16:26:00</DepartureTime>
                  <DepartureDayOffset>0</DepartureDayOffset>
                </TimetabledPassingTime>
                <TimetabledPassingTime version="775751" id="VTR:TimetabledPassingTime:775543_19847237_11">
                  <StopPointInJourneyPatternRef ref="VTR:StopPointInJourneyPattern:19847237" version="775751"/>
                  <DepartureTime>16:28:00</DepartureTime>
                  <DepartureDayOffset>0</DepartureDayOffset>
                </TimetabledPassingTime>
                <TimetabledPassingTime version="775751" id="VTR:TimetabledPassingTime:775543_19847238_12">
                  <StopPointInJourneyPatternRef ref="VTR:StopPointInJourneyPattern:19847238" version="775751"/>
                  <DepartureTime>16:30:00</DepartureTime>
                  <DepartureDayOffset>0</DepartureDayOffset>
                </TimetabledPassingTime>
              </passingTimes>
            </ServiceJourney>
          </vehicleJourneys>
        </TimetableFrame>
        <ResourceFrame version="1" id="VTR:ResourceFrame:1385">
          <organisations>
            <Authority version="1" id="VTR:Authority:18">
              <CompanyNumber>56</CompanyNumber>
              <Name>Kretingos r. sav.</Name>
              <LegalName>Kretingos r. sav.</LegalName>
              <ContactDetails>
                <Email>savivaldybe@kretinga.lt</Email>
                <Phone>844553141</Phone>
                <Url>www.kretinga.lt</Url>
              </ContactDetails>
              <OrganisationType>authority</OrganisationType>
            </Authority>
          </organisations>
        </ResourceFrame>
      </frames>
    </CompositeFrame>
  </dataObjects>
</PublicationDelivery>
