<?xml version="1.0" encoding="UTF-8"?><PublicationDelivery xmlns="http://www.netex.org.uk/netex" xmlns:gis="http://www.opengis.net/gml/3.2" xmlns:ns2="http://www.opengis.net/gml/3.2" xmlns:ns3="http://www.siri.org.uk/siri" xmlns:xsi="http://www.w3.org/2001/XMLSchema-instance" version="1" xsi:schemaLocation="">
  <PublicationTimestamp>2022-05-07T03:45:00.262</PublicationTimestamp>
  <ParticipantRef>VTR</ParticipantRef>
  <Description>1</Description>
  <dataObjects>
    <CompositeFrame created="2022-05-07T03:45:00.262" version="1" id="VTR:CompositeFrame:1385">
      <validityConditions>
        <AvailabilityCondition version="1" id="VTR:AvailabilityCondition:1385">
          <FromDate>2015-07-31T11:13:55</FromDate>
          <ToDate>2027-12-30T00:00:00</ToDate>
        </AvailabilityCondition>
      </validityConditions>
      <codespaces>
        <Codespace id="vtr">
          <Xmlns>VTR</Xmlns>
          <XmlnsUrl>http://www.visimarsrutai.lt/</XmlnsUrl>
        </Codespace>
      </codespaces>
      <FrameDefaults>
        <DefaultLocale>
          <TimeZone>Europe/Vilnius</TimeZone>
        </DefaultLocale>
        <DefaultLocationSystem>WGS84</DefaultLocationSystem>
      </FrameDefaults>
      <frames>
        <ServiceCalendarFrame version="1" id="VTR:ServiceCalendarFrame:1385">
          <dayTypes>
            <DayType id="VTR:DayType:1331" version="1">
              <properties>
                <PropertyOfDay>
                  <DaysOfWeek>Weekdays</DaysOfWeek>
                </PropertyOfDay>
              </properties>
            </DayType>
            <DayType id="VTR:DayType:1332" version="1">
              <properties>
                <PropertyOfDay>
                  <DaysOfWeek>Monday Tuesday Wednesday Thursday Friday</DaysOfWeek>
                </PropertyOfDay>
              </properties>
            </DayType>
          </dayTypes>
          <operatingPeriods>
            <OperatingPeriod version="1" id="VTR:OperatingPeriod:1331">
              <FromDate>2015-08-13T00:00:00</FromDate>
              <ToDate>2020-12-31T00:00:00</ToDate>
            </OperatingPeriod>
            <OperatingPeriod version="1" id="VTR:OperatingPeriod:1332">
              <FromDate>2015-08-13T00:00:00</FromDate>
              <ToDate>2020-12-31T00:00:00</ToDate>
            </OperatingPeriod>
          </operatingPeriods>
          <dayTypeAssignments>
            <DayTypeAssignment id="VTR:DayTypeAssignment:1331_0" version="1" order="1311">
              <OperatingPeriodRef ref="VTR:OperatingPeriod:1331" version="1"/>
              <DayTypeRef ref="VTR:DayType:1331" version="1"/>
            </DayTypeAssignment>
            <DayTypeAssignment id="VTR:DayTypeAssignment:1332_0" version="1" order="1313">
              <OperatingPeriodRef ref="VTR:OperatingPeriod:1332" version="1"/>
              <DayTypeRef ref="VTR:DayType:1332" version="1"/>
            </DayTypeAssignment>
          </dayTypeAssignments>
        </ServiceCalendarFrame>
        <ServiceFrame id="VTR:ServiceFrame:1385" version="1">
          <Network version="0" id="VTR:Network:18"/>
          <routePoints>
            <RoutePoint version="1" id="VTR:RoutePoint:112909">
              <projections>
                <PointProjection version="1" id="VTR:PointProjection:33127">
                  <ProjectedPointRef ref="VTR:ScheduledStopPoint:112909" version="1"/>
                </PointProjection>
              </projections>
            </RoutePoint>
            <RoutePoint version="1" id="VTR:RoutePoint:112939">
              <projections>
                <PointProjection version="1" id="VTR:PointProjection:33385">
                  <ProjectedPointRef ref="VTR:ScheduledStopPoint:112939" version="1"/>
                </PointProjection>
              </projections>
            </RoutePoint>
            <RoutePoint version="1" id="VTR:RoutePoint:66319">
              <projections>
                <PointProjection version="1" id="VTR:PointProjection:21077">
                  <ProjectedPointRef ref="VTR:ScheduledStopPoint:66319" version="1"/>
                </PointProjection>
              </projections>
            </RoutePoint>
            <RoutePoint version="1" id="VTR:RoutePoint:66321">
              <projections>
                <PointProjection version="1" id="VTR:PointProjection:21078">
                  <ProjectedPointRef ref="VTR:ScheduledStopPoint:66321" version="1"/>
                </PointProjection>
              </projections>
            </RoutePoint>
            <RoutePoint version="1" id="VTR:RoutePoint:66322">
              <projections>
                <PointProjection version="1" id="VTR:PointProjection:21079">
                  <ProjectedPointRef ref="VTR:ScheduledStopPoint:66322" version="1"/>
                </PointProjection>
              </projections>
            </RoutePoint>
            <RoutePoint version="1" id="VTR:RoutePoint:66323">
              <projections>
                <PointProjection version="1" id="VTR:PointProjection:21080">
                  <ProjectedPointRef ref="VTR:ScheduledStopPoint:66323" version="1"/>
                </PointProjection>
              </projections>
            </RoutePoint>
            <RoutePoint version="1" id="VTR:RoutePoint:66324">
              <projections>
                <PointProjection version="1" id="VTR:PointProjection:21081">
                  <ProjectedPointRef ref="VTR:ScheduledStopPoint:66324" version="1"/>
                </PointProjection>
              </projections>
            </RoutePoint>
            <RoutePoint version="1" id="VTR:RoutePoint:66325">
              <projections>
                <PointProjection version="1" id="VTR:PointProjection:21082">
                  <ProjectedPointRef ref="VTR:ScheduledStopPoint:66325" version="1"/>
                </PointProjection>
              </projections>
            </RoutePoint>
            <RoutePoint version="1" id="VTR:RoutePoint:66326">
              <projections>
                <PointProjection version="1" id="VTR:PointProjection:21083">
                  <ProjectedPointRef ref="VTR:ScheduledStopPoint:66326" version="1"/>
                </PointProjection>
              </projections>
            </RoutePoint>
            <RoutePoint version="1" id="VTR:RoutePoint:66327">
              <projections>
                <PointProjection version="1" id="VTR:PointProjection:21084">
                  <ProjectedPointRef ref="VTR:ScheduledStopPoint:66327" version="1"/>
                </PointProjection>
              </projections>
            </RoutePoint>
            <RoutePoint version="1" id="VTR:RoutePoint:66328">
              <projections>
                <PointProjection version="1" id="VTR:PointProjection:21085">
                  <ProjectedPointRef ref="VTR:ScheduledStopPoint:66328" version="1"/>
                </PointProjection>
              </projections>
            </RoutePoint>
            <RoutePoint version="1" id="VTR:RoutePoint:66329">
              <projections>
                <PointProjection version="1" id="VTR:PointProjection:21086">
                  <ProjectedPointRef ref="VTR:ScheduledStopPoint:66329" version="1"/>
                </PointProjection>
              </projections>
            </RoutePoint>
            <RoutePoint version="1" id="VTR:RoutePoint:66330">
              <projections>
                <PointProjection version="1" id="VTR:PointProjection:21087">
                  <ProjectedPointRef ref="VTR:ScheduledStopPoint:66330" version="1"/>
                </PointProjection>
              </projections>
            </RoutePoint>
            <RoutePoint version="1" id="VTR:RoutePoint:66331">
              <projections>
                <PointProjection version="1" id="VTR:PointProjection:21088">
                  <ProjectedPointRef ref="VTR:ScheduledStopPoint:66331" version="1"/>
                </PointProjection>
              </projections>
            </RoutePoint>
          </routePoints>
          <routes>
            <Route version="1" id="VTR:Route:4014">
              <Name>Kretinga-Pryšmančiai-Palanga</Name>
              <ShortName>Kretinga-Pryšmančiai-Palanga</ShortName>
              <LineRef ref="VTR:Line:1642" version="1622"/>
              <DirectionType>outbound</DirectionType>
              <pointsInSequence>
                <PointOnRoute version="1" id="VTR:PointOnRoute:66319" order="1">
                  <RoutePointRef ref="VTR:RoutePoint:66319"/>
                </PointOnRoute>
                <PointOnRoute version="1" id="VTR:PointOnRoute:112909" order="2">
                  <RoutePointRef ref="VTR:RoutePoint:112909"/>
                </PointOnRoute>
                <PointOnRoute version="1" id="VTR:PointOnRoute:66321" order="4">
                  <RoutePointRef ref="VTR:RoutePoint:66321"/>
                </PointOnRoute>
                <PointOnRoute version="1" id="VTR:PointOnRoute:66322" order="5">
                  <RoutePointRef ref="VTR:RoutePoint:66322"/>
                </PointOnRoute>
                <PointOnRoute version="1" id="VTR:PointOnRoute:66323" order="6">
                  <RoutePointRef ref="VTR:RoutePoint:66323"/>
                </PointOnRoute>
                <PointOnRoute version="1" id="VTR:PointOnRoute:66324" order="7">
                  <RoutePointRef ref="VTR:RoutePoint:66324"/>
                </PointOnRoute>
                <PointOnRoute version="1" id="VTR:PointOnRoute:66325" order="8">
                  <RoutePointRef ref="VTR:RoutePoint:66325"/>
                </PointOnRoute>
                <PointOnRoute version="1" id="VTR:PointOnRoute:112939" order="9">
                  <RoutePointRef ref="VTR:RoutePoint:112939"/>
                </PointOnRoute>
                <PointOnRoute version="1" id="VTR:PointOnRoute:66326" order="10">
                  <RoutePointRef ref="VTR:RoutePoint:66326"/>
                </PointOnRoute>
                <PointOnRoute version="1" id="VTR:PointOnRoute:66327" order="11">
                  <RoutePointRef ref="VTR:RoutePoint:66327"/>
                </PointOnRoute>
                <PointOnRoute version="1" id="VTR:PointOnRoute:66328" order="12">
                  <RoutePointRef ref="VTR:RoutePoint:66328"/>
                </PointOnRoute>
                <PointOnRoute version="1" id="VTR:PointOnRoute:66329" order="13">
                  <RoutePointRef ref="VTR:RoutePoint:66329"/>
                </PointOnRoute>
                <PointOnRoute version="1" id="VTR:PointOnRoute:66330" order="14">
                  <RoutePointRef ref="VTR:RoutePoint:66330"/>
                </PointOnRoute>
                <PointOnRoute version="1" id="VTR:PointOnRoute:66331" order="15">
                  <RoutePointRef ref="VTR:RoutePoint:66331"/>
                </PointOnRoute>
              </pointsInSequence>
            </Route>
          </routes>
          <lines>
            <Line version="1622" id="VTR:Line:1642">
              <Name>Kretinga-Pryšmančiai-Palanga</Name>
              <TransportMode>bus</TransportMode>
              <TransportSubmode>
                <BusSubmode>regionalBus</BusSubmode>
              </TransportSubmode>
              <PublicCode>60</PublicCode>
              <OperatorRef ref="VTR:Operator:18"/>
            </Line>
          </lines>
          <scheduledStopPoints>
            <ScheduledStopPoint version="1" id="VTR:ScheduledStopPoint:112909">
              <Name>Melioratorių g.</Name>
            </ScheduledStopPoint>
            <ScheduledStopPoint version="1" id="VTR:ScheduledStopPoint:112939">
              <Name>Technologijos ir verslo mokykla I</Name>
            </ScheduledStopPoint>
            <ScheduledStopPoint version="1" id="VTR:ScheduledStopPoint:66319">
              <Name>Autobusų parkas</Name>
            </ScheduledStopPoint>
            <ScheduledStopPoint version="1" id="VTR:ScheduledStopPoint:66321">
              <Name>Tuopa</Name>
            </ScheduledStopPoint>
            <ScheduledStopPoint version="1" id="VTR:ScheduledStopPoint:66322">
              <Name>Ligoninė</Name>
            </ScheduledStopPoint>
            <ScheduledStopPoint version="1" id="VTR:ScheduledStopPoint:66323">
              <Name>Daujoto vid. m-kla</Name>
            </ScheduledStopPoint>
            <ScheduledStopPoint version="1" id="VTR:ScheduledStopPoint:66324">
              <Name>Rotušės aikštė</Name>
            </ScheduledStopPoint>
            <ScheduledStopPoint version="1" id="VTR:ScheduledStopPoint:66325">
              <Name>Kretingos autobusų stotis</Name>
            </ScheduledStopPoint>
            <ScheduledStopPoint version="1" id="VTR:ScheduledStopPoint:66326">
              <Name>Žvėrininkystės ūkis</Name>
            </ScheduledStopPoint>
            <ScheduledStopPoint version="1" id="VTR:ScheduledStopPoint:66327">
              <Name>Geštautai</Name>
            </ScheduledStopPoint>
            <ScheduledStopPoint version="1" id="VTR:ScheduledStopPoint:66328">
              <Name>Pryšmančiai</Name>
            </ScheduledStopPoint>
            <ScheduledStopPoint version="1" id="VTR:ScheduledStopPoint:66329">
              <Name>Žaislų cechas</Name>
            </ScheduledStopPoint>
            <ScheduledStopPoint version="1" id="VTR:ScheduledStopPoint:66330">
              <Name>Vydmantai</Name>
            </ScheduledStopPoint>
            <ScheduledStopPoint version="1" id="VTR:ScheduledStopPoint:66331">
              <Name>Palangos autobusų stotis</Name>
            </ScheduledStopPoint>
          </scheduledStopPoints>
          <serviceLinks>
            <ServiceLink id="VTR:ServiceLink:66324_1_66325_1" version="1">
              <Distance>1</Distance>
              <FromPointRef ref="VTR:ScheduledStopPoint:66324" version="1"/>
              <ToPointRef ref="VTR:ScheduledStopPoint:66325" version="1"/>
            </ServiceLink>
            <ServiceLink id="VTR:ServiceLink:66325_1_112939_1" version="1">
              <Distance>2</Distance>
              <FromPointRef ref="VTR:ScheduledStopPoint:66325" version="1"/>
              <ToPointRef ref="VTR:ScheduledStopPoint:112939" version="1"/>
            </ServiceLink>
            <ServiceLink id="VTR:ServiceLink:66322_1_66323_1" version="1">
              <Distance>0</Distance>
              <FromPointRef ref="VTR:ScheduledStopPoint:66322" version="1"/>
              <ToPointRef ref="VTR:ScheduledStopPoint:66323" version="1"/>
            </ServiceLink>
            <ServiceLink id="VTR:ServiceLink:66329_1_66330_1" version="1">
              <Distance>1</Distance>
              <FromPointRef ref="VTR:ScheduledStopPoint:66329" version="1"/>
              <ToPointRef ref="VTR:ScheduledStopPoint:66330" version="1"/>
            </ServiceLink>
            <ServiceLink id="VTR:ServiceLink:66330_1_66331_1" version="1">
              <Distance>3</Distance>
              <FromPointRef ref="VTR:ScheduledStopPoint:66330" version="1"/>
              <ToPointRef ref="VTR:ScheduledStopPoint:66331" version="1"/>
            </ServiceLink>
            <ServiceLink id="VTR:ServiceLink:66319_1_112909_1" version="1">
              <Distance>0</Distance>
              <FromPointRef ref="VTR:ScheduledStopPoint:66319" version="1"/>
              <ToPointRef ref="VTR:ScheduledStopPoint:112909" version="1"/>
            </ServiceLink>
            <ServiceLink id="VTR:ServiceLink:66327_1_66328_1" version="1">
              <Distance>2</Distance>
              <FromPointRef ref="VTR:ScheduledStopPoint:66327" version="1"/>
              <ToPointRef ref="VTR:ScheduledStopPoint:66328" version="1"/>
            </ServiceLink>
            <ServiceLink id="VTR:ServiceLink:66328_1_66329_1" version="1">
              <Distance>0</Distance>
              <FromPointRef ref="VTR:ScheduledStopPoint:66328" version="1"/>
              <ToPointRef ref="VTR:ScheduledStopPoint:66329" version="1"/>
            </ServiceLink>
            <ServiceLink id="VTR:ServiceLink:66323_1_66324_1" version="1">
              <Distance>0</Distance>
              <FromPointRef ref="VTR:ScheduledStopPoint:66323" version="1"/>
              <ToPointRef ref="VTR:ScheduledStopPoint:66324" version="1"/>
            </ServiceLink>
            <ServiceLink id="VTR:ServiceLink:66321_1_66322_1" version="1">
              <Distance>0</Distance>
              <FromPointRef ref="VTR:ScheduledStopPoint:66321" version="1"/>
              <ToPointRef ref="VTR:ScheduledStopPoint:66322" version="1"/>
            </ServiceLink>
            <ServiceLink id="VTR:ServiceLink:66326_1_66327_1" version="1">
              <Distance>1</Distance>
              <FromPointRef ref="VTR:ScheduledStopPoint:66326" version="1"/>
              <ToPointRef ref="VTR:ScheduledStopPoint:66327" version="1"/>
            </ServiceLink>
            <ServiceLink id="VTR:ServiceLink:112939_1_66326_1" version="1">
              <Distance>0</Distance>
              <FromPointRef ref="VTR:ScheduledStopPoint:112939" version="1"/>
              <ToPointRef ref="VTR:ScheduledStopPoint:66326" version="1"/>
            </ServiceLink>
          </serviceLinks>
          <stopAssignments>
            <PassengerStopAssignment order="401400000" id="VTR:PassengerStopAssignment:66319" version="1">
              <ScheduledStopPointRef ref="VTR:ScheduledStopPoint:66319" version="1"/>
              <QuayRef ref="VTR:Quay:21255"/>
            </PassengerStopAssignment>
            <PassengerStopAssignment order="401400001" id="VTR:PassengerStopAssignment:112909" version="1">
              <ScheduledStopPointRef ref="VTR:ScheduledStopPoint:112909" version="1"/>
              <QuayRef ref="VTR:Quay:11970"/>
            </PassengerStopAssignment>
            <PassengerStopAssignment order="401400003" id="VTR:PassengerStopAssignment:66321" version="1">
              <ScheduledStopPointRef ref="VTR:ScheduledStopPoint:66321" version="1"/>
              <QuayRef ref="VTR:Quay:21207"/>
            </PassengerStopAssignment>
            <PassengerStopAssignment order="401400004" id="VTR:PassengerStopAssignment:66322" version="1">
              <ScheduledStopPointRef ref="VTR:ScheduledStopPoint:66322" version="1"/>
              <QuayRef ref="VTR:Quay:4299"/>
            </PassengerStopAssignment>
            <PassengerStopAssignment order="401400005" id="VTR:PassengerStopAssignment:66323" version="1">
              <ScheduledStopPointRef ref="VTR:ScheduledStopPoint:66323" version="1"/>
              <QuayRef ref="VTR:Quay:3679"/>
            </PassengerStopAssignment>
            <PassengerStopAssignment order="401400006" id="VTR:PassengerStopAssignment:66324" version="1">
              <ScheduledStopPointRef ref="VTR:ScheduledStopPoint:66324" version="1"/>
              <QuayRef ref="VTR:Quay:21210"/>
            </PassengerStopAssignment>
            <PassengerStopAssignment order="401400007" id="VTR:PassengerStopAssignment:66325" version="1">
              <ScheduledStopPointRef ref="VTR:ScheduledStopPoint:66325" version="1"/>
              <QuayRef ref="VTR:Quay:21202"/>
            </PassengerStopAssignment>
            <PassengerStopAssignment order="401400008" id="VTR:PassengerStopAssignment:112939" version="1">
              <ScheduledStopPointRef ref="VTR:ScheduledStopPoint:112939" version="1"/>
              <QuayRef ref="VTR:Quay:24231"/>
            </PassengerStopAssignment>
            <PassengerStopAssignment order="401400009" id="VTR:PassengerStopAssignment:66326" version="1">
              <ScheduledStopPointRef ref="VTR:ScheduledStopPoint:66326" version="1"/>
              <QuayRef ref="VTR:Quay:21409"/>
            </PassengerStopAssignment>
            <PassengerStopAssignment order="401400010" id="VTR:PassengerStopAssignment:66327" version="1">
              <ScheduledStopPointRef ref="VTR:ScheduledStopPoint:66327" version="1"/>
              <QuayRef ref="VTR:Quay:21411"/>
            </PassengerStopAssignment>
            <PassengerStopAssignment order="401400011" id="VTR:PassengerStopAssignment:66328" version="1">
              <ScheduledStopPointRef ref="VTR:ScheduledStopPoint:66328" version="1"/>
              <QuayRef ref="VTR:Quay:4606"/>
            </PassengerStopAssignment>
            <PassengerStopAssignment order="401400012" id="VTR:PassengerStopAssignment:66329" version="1">
              <ScheduledStopPointRef ref="VTR:ScheduledStopPoint:66329" version="1"/>
              <QuayRef ref="VTR:Quay:4600"/>
            </PassengerStopAssignment>
            <PassengerStopAssignment order="401400013" id="VTR:PassengerStopAssignment:66330" version="1">
              <ScheduledStopPointRef ref="VTR:ScheduledStopPoint:66330" version="1"/>
              <QuayRef ref="VTR:Quay:4557"/>
            </PassengerStopAssignment>
            <PassengerStopAssignment order="401400014" id="VTR:PassengerStopAssignment:66331" version="1">
              <ScheduledStopPointRef ref="VTR:ScheduledStopPoint:66331" version="1"/>
              <QuayRef ref="VTR:Quay:19446"/>
            </PassengerStopAssignment>
          </stopAssignments>
          <journeyPatterns>
            <JourneyPattern id="VTR:JourneyPattern:55347" version="55383">
              <Name>3</Name>
              <RouteRef ref="VTR:Route:4014" version="1"/>
              <pointsInSequence>
                <StopPointInJourneyPattern id="VTR:StopPointInJourneyPattern:1125873" version="55383" order="1">
                  <ScheduledStopPointRef ref="VTR:ScheduledStopPoint:66319"/>
                  <DestinationDisplayRef ref="VTR:DestinationDisplay:1"/>
                </StopPointInJourneyPattern>
                <StopPointInJourneyPattern id="VTR:StopPointInJourneyPattern:1125874" version="55383" order="2">
                  <ScheduledStopPointRef ref="VTR:ScheduledStopPoint:112909"/>
                  <DestinationDisplayRef ref="VTR:DestinationDisplay:1"/>
                </StopPointInJourneyPattern>
                <StopPointInJourneyPattern id="VTR:StopPointInJourneyPattern:1125875" version="55383" order="4">
                  <ScheduledStopPointRef ref="VTR:ScheduledStopPoint:66321"/>
                  <DestinationDisplayRef ref="VTR:DestinationDisplay:1"/>
                </StopPointInJourneyPattern>
                <StopPointInJourneyPattern id="VTR:StopPointInJourneyPattern:1125876" version="55383" order="5">
                  <ScheduledStopPointRef ref="VTR:ScheduledStopPoint:66322"/>
                  <DestinationDisplayRef ref="VTR:DestinationDisplay:1"/>
                </StopPointInJourneyPattern>
                <StopPointInJourneyPattern id="VTR:StopPointInJourneyPattern:1125877" version="55383" order="6">
                  <ScheduledStopPointRef ref="VTR:ScheduledStopPoint:66323"/>
                  <DestinationDisplayRef ref="VTR:DestinationDisplay:1"/>
                </StopPointInJourneyPattern>
                <StopPointInJourneyPattern id="VTR:StopPointInJourneyPattern:1125878" version="55383" order="7">
                  <ScheduledStopPointRef ref="VTR:ScheduledStopPoint:66324"/>
                  <DestinationDisplayRef ref="VTR:DestinationDisplay:1"/>
                </StopPointInJourneyPattern>
                <StopPointInJourneyPattern id="VTR:StopPointInJourneyPattern:1125879" version="55383" order="8">
                  <ScheduledStopPointRef ref="VTR:ScheduledStopPoint:66325"/>
                  <DestinationDisplayRef ref="VTR:DestinationDisplay:1"/>
                </StopPointInJourneyPattern>
                <StopPointInJourneyPattern id="VTR:StopPointInJourneyPattern:1125880" version="55383" order="9">
                  <ScheduledStopPointRef ref="VTR:ScheduledStopPoint:112939"/>
                  <DestinationDisplayRef ref="VTR:DestinationDisplay:1"/>
                </StopPointInJourneyPattern>
                <StopPointInJourneyPattern id="VTR:StopPointInJourneyPattern:1125881" version="55383" order="10">
                  <ScheduledStopPointRef ref="VTR:ScheduledStopPoint:66326"/>
                  <DestinationDisplayRef ref="VTR:DestinationDisplay:1"/>
                </StopPointInJourneyPattern>
                <StopPointInJourneyPattern id="VTR:StopPointInJourneyPattern:1125882" version="55383" order="11">
                  <ScheduledStopPointRef ref="VTR:ScheduledStopPoint:66327"/>
                  <DestinationDisplayRef ref="VTR:DestinationDisplay:1"/>
                </StopPointInJourneyPattern>
                <StopPointInJourneyPattern id="VTR:StopPointInJourneyPattern:1125883" version="55383" order="12">
                  <ScheduledStopPointRef ref="VTR:ScheduledStopPoint:66328"/>
                  <DestinationDisplayRef ref="VTR:DestinationDisplay:1"/>
                </StopPointInJourneyPattern>
                <StopPointInJourneyPattern id="VTR:StopPointInJourneyPattern:1125884" version="55383" order="13">
                  <ScheduledStopPointRef ref="VTR:ScheduledStopPoint:66329"/>
                  <DestinationDisplayRef ref="VTR:DestinationDisplay:1"/>
                </StopPointInJourneyPattern>
                <StopPointInJourneyPattern id="VTR:StopPointInJourneyPattern:1125885" version="55383" order="14">
                  <ScheduledStopPointRef ref="VTR:ScheduledStopPoint:66330"/>
                  <DestinationDisplayRef ref="VTR:DestinationDisplay:1"/>
                </StopPointInJourneyPattern>
                <StopPointInJourneyPattern id="VTR:StopPointInJourneyPattern:1125886" version="55383" order="15">
                  <ScheduledStopPointRef ref="VTR:ScheduledStopPoint:66331"/>
                  <DestinationDisplayRef ref="VTR:DestinationDisplay:1"/>
                </StopPointInJourneyPattern>
              </pointsInSequence>
            </JourneyPattern>
            <JourneyPattern id="VTR:JourneyPattern:55346" version="55382">
              <Name>1</Name>
              <RouteRef ref="VTR:Route:4014" version="1"/>
              <pointsInSequence>
                <StopPointInJourneyPattern id="VTR:StopPointInJourneyPattern:1125859" version="55382" order="1">
                  <ScheduledStopPointRef ref="VTR:ScheduledStopPoint:66319"/>
                  <DestinationDisplayRef ref="VTR:DestinationDisplay:1"/>
                </StopPointInJourneyPattern>
                <StopPointInJourneyPattern id="VTR:StopPointInJourneyPattern:1125860" version="55382" order="2">
                  <ScheduledStopPointRef ref="VTR:ScheduledStopPoint:112909"/>
                  <DestinationDisplayRef ref="VTR:DestinationDisplay:1"/>
                </StopPointInJourneyPattern>
                <StopPointInJourneyPattern id="VTR:StopPointInJourneyPattern:1125861" version="55382" order="4">
                  <ScheduledStopPointRef ref="VTR:ScheduledStopPoint:66321"/>
                  <DestinationDisplayRef ref="VTR:DestinationDisplay:1"/>
                </StopPointInJourneyPattern>
                <StopPointInJourneyPattern id="VTR:StopPointInJourneyPattern:1125862" version="55382" order="5">
                  <ScheduledStopPointRef ref="VTR:ScheduledStopPoint:66322"/>
                  <DestinationDisplayRef ref="VTR:DestinationDisplay:1"/>
                </StopPointInJourneyPattern>
                <StopPointInJourneyPattern id="VTR:StopPointInJourneyPattern:1125863" version="55382" order="6">
                  <ScheduledStopPointRef ref="VTR:ScheduledStopPoint:66323"/>
                  <DestinationDisplayRef ref="VTR:DestinationDisplay:1"/>
                </StopPointInJourneyPattern>
                <StopPointInJourneyPattern id="VTR:StopPointInJourneyPattern:1125864" version="55382" order="7">
                  <ScheduledStopPointRef ref="VTR:ScheduledStopPoint:66324"/>
                  <DestinationDisplayRef ref="VTR:DestinationDisplay:1"/>
                </StopPointInJourneyPattern>
                <StopPointInJourneyPattern id="VTR:StopPointInJourneyPattern:1125865" version="55382" order="8">
                  <ScheduledStopPointRef ref="VTR:ScheduledStopPoint:66325"/>
                  <DestinationDisplayRef ref="VTR:DestinationDisplay:1"/>
                </StopPointInJourneyPattern>
                <StopPointInJourneyPattern id="VTR:StopPointInJourneyPattern:1125866" version="55382" order="9">
                  <ScheduledStopPointRef ref="VTR:ScheduledStopPoint:112939"/>
                  <DestinationDisplayRef ref="VTR:DestinationDisplay:1"/>
                </StopPointInJourneyPattern>
                <StopPointInJourneyPattern id="VTR:StopPointInJourneyPattern:1125867" version="55382" order="10">
                  <ScheduledStopPointRef ref="VTR:ScheduledStopPoint:66326"/>
                  <DestinationDisplayRef ref="VTR:DestinationDisplay:1"/>
                </StopPointInJourneyPattern>
                <StopPointInJourneyPattern id="VTR:StopPointInJourneyPattern:1125868" version="55382" order="11">
                  <ScheduledStopPointRef ref="VTR:ScheduledStopPoint:66327"/>
                  <DestinationDisplayRef ref="VTR:DestinationDisplay:1"/>
                </StopPointInJourneyPattern>
                <StopPointInJourneyPattern id="VTR:StopPointInJourneyPattern:1125869" version="55382" order="12">
                  <ScheduledStopPointRef ref="VTR:ScheduledStopPoint:66328"/>
                  <DestinationDisplayRef ref="VTR:DestinationDisplay:1"/>
                </StopPointInJourneyPattern>
                <StopPointInJourneyPattern id="VTR:StopPointInJourneyPattern:1125870" version="55382" order="13">
                  <ScheduledStopPointRef ref="VTR:ScheduledStopPoint:66329"/>
                  <DestinationDisplayRef ref="VTR:DestinationDisplay:1"/>
                </StopPointInJourneyPattern>
                <StopPointInJourneyPattern id="VTR:StopPointInJourneyPattern:1125871" version="55382" order="14">
                  <ScheduledStopPointRef ref="VTR:ScheduledStopPoint:66330"/>
                  <DestinationDisplayRef ref="VTR:DestinationDisplay:1"/>
                </StopPointInJourneyPattern>
                <StopPointInJourneyPattern id="VTR:StopPointInJourneyPattern:1125872" version="55382" order="15">
                  <ScheduledStopPointRef ref="VTR:ScheduledStopPoint:66331"/>
                  <DestinationDisplayRef ref="VTR:DestinationDisplay:1"/>
                </StopPointInJourneyPattern>
              </pointsInSequence>
            </JourneyPattern>
            <JourneyPattern id="VTR:JourneyPattern:55349" version="55385">
              <Name>2</Name>
              <RouteRef ref="VTR:Route:4014" version="1"/>
              <pointsInSequence>
                <StopPointInJourneyPattern id="VTR:StopPointInJourneyPattern:1125901" version="55385" order="1">
                  <ScheduledStopPointRef ref="VTR:ScheduledStopPoint:66319"/>
                  <DestinationDisplayRef ref="VTR:DestinationDisplay:1"/>
                </StopPointInJourneyPattern>
                <StopPointInJourneyPattern id="VTR:StopPointInJourneyPattern:1125902" version="55385" order="2">
                  <ScheduledStopPointRef ref="VTR:ScheduledStopPoint:112909"/>
                  <DestinationDisplayRef ref="VTR:DestinationDisplay:1"/>
                </StopPointInJourneyPattern>
                <StopPointInJourneyPattern id="VTR:StopPointInJourneyPattern:1125903" version="55385" order="4">
                  <ScheduledStopPointRef ref="VTR:ScheduledStopPoint:66321"/>
                  <DestinationDisplayRef ref="VTR:DestinationDisplay:1"/>
                </StopPointInJourneyPattern>
                <StopPointInJourneyPattern id="VTR:StopPointInJourneyPattern:1125904" version="55385" order="5">
                  <ScheduledStopPointRef ref="VTR:ScheduledStopPoint:66322"/>
                  <DestinationDisplayRef ref="VTR:DestinationDisplay:1"/>
                </StopPointInJourneyPattern>
                <StopPointInJourneyPattern id="VTR:StopPointInJourneyPattern:1125905" version="55385" order="6">
                  <ScheduledStopPointRef ref="VTR:ScheduledStopPoint:66323"/>
                  <DestinationDisplayRef ref="VTR:DestinationDisplay:1"/>
                </StopPointInJourneyPattern>
                <StopPointInJourneyPattern id="VTR:StopPointInJourneyPattern:1125906" version="55385" order="7">
                  <ScheduledStopPointRef ref="VTR:ScheduledStopPoint:66324"/>
                  <DestinationDisplayRef ref="VTR:DestinationDisplay:1"/>
                </StopPointInJourneyPattern>
                <StopPointInJourneyPattern id="VTR:StopPointInJourneyPattern:1125907" version="55385" order="8">
                  <ScheduledStopPointRef ref="VTR:ScheduledStopPoint:66325"/>
                  <DestinationDisplayRef ref="VTR:DestinationDisplay:1"/>
                </StopPointInJourneyPattern>
                <StopPointInJourneyPattern id="VTR:StopPointInJourneyPattern:1125908" version="55385" order="9">
                  <ScheduledStopPointRef ref="VTR:ScheduledStopPoint:112939"/>
                  <DestinationDisplayRef ref="VTR:DestinationDisplay:1"/>
                </StopPointInJourneyPattern>
                <StopPointInJourneyPattern id="VTR:StopPointInJourneyPattern:1125909" version="55385" order="10">
                  <ScheduledStopPointRef ref="VTR:ScheduledStopPoint:66326"/>
                  <DestinationDisplayRef ref="VTR:DestinationDisplay:1"/>
                </StopPointInJourneyPattern>
                <StopPointInJourneyPattern id="VTR:StopPointInJourneyPattern:1125910" version="55385" order="11">
                  <ScheduledStopPointRef ref="VTR:ScheduledStopPoint:66327"/>
                  <DestinationDisplayRef ref="VTR:DestinationDisplay:1"/>
                </StopPointInJourneyPattern>
                <StopPointInJourneyPattern id="VTR:StopPointInJourneyPattern:1125911" version="55385" order="12">
                  <ScheduledStopPointRef ref="VTR:ScheduledStopPoint:66328"/>
                  <DestinationDisplayRef ref="VTR:DestinationDisplay:1"/>
                </StopPointInJourneyPattern>
                <StopPointInJourneyPattern id="VTR:StopPointInJourneyPattern:1125912" version="55385" order="13">
                  <ScheduledStopPointRef ref="VTR:ScheduledStopPoint:66329"/>
                  <DestinationDisplayRef ref="VTR:DestinationDisplay:1"/>
                </StopPointInJourneyPattern>
                <StopPointInJourneyPattern id="VTR:StopPointInJourneyPattern:1125913" version="55385" order="14">
                  <ScheduledStopPointRef ref="VTR:ScheduledStopPoint:66330"/>
                  <DestinationDisplayRef ref="VTR:DestinationDisplay:1"/>
                </StopPointInJourneyPattern>
                <StopPointInJourneyPattern id="VTR:StopPointInJourneyPattern:1125914" version="55385" order="15">
                  <ScheduledStopPointRef ref="VTR:ScheduledStopPoint:66331"/>
                  <DestinationDisplayRef ref="VTR:DestinationDisplay:1"/>
                </StopPointInJourneyPattern>
              </pointsInSequence>
            </JourneyPattern>
            <JourneyPattern id="VTR:JourneyPattern:55348" version="55384">
              <Name>4</Name>
              <RouteRef ref="VTR:Route:4014" version="1"/>
              <pointsInSequence>
                <StopPointInJourneyPattern id="VTR:StopPointInJourneyPattern:1125887" version="55384" order="1">
                  <ScheduledStopPointRef ref="VTR:ScheduledStopPoint:66319"/>
                  <DestinationDisplayRef ref="VTR:DestinationDisplay:1"/>
                </StopPointInJourneyPattern>
                <StopPointInJourneyPattern id="VTR:StopPointInJourneyPattern:1125888" version="55384" order="2">
                  <ScheduledStopPointRef ref="VTR:ScheduledStopPoint:112909"/>
                  <DestinationDisplayRef ref="VTR:DestinationDisplay:1"/>
                </StopPointInJourneyPattern>
                <StopPointInJourneyPattern id="VTR:StopPointInJourneyPattern:1125889" version="55384" order="4">
                  <ScheduledStopPointRef ref="VTR:ScheduledStopPoint:66321"/>
                  <DestinationDisplayRef ref="VTR:DestinationDisplay:1"/>
                </StopPointInJourneyPattern>
                <StopPointInJourneyPattern id="VTR:StopPointInJourneyPattern:1125890" version="55384" order="5">
                  <ScheduledStopPointRef ref="VTR:ScheduledStopPoint:66322"/>
                  <DestinationDisplayRef ref="VTR:DestinationDisplay:1"/>
                </StopPointInJourneyPattern>
                <StopPointInJourneyPattern id="VTR:StopPointInJourneyPattern:1125891" version="55384" order="6">
                  <ScheduledStopPointRef ref="VTR:ScheduledStopPoint:66323"/>
                  <DestinationDisplayRef ref="VTR:DestinationDisplay:1"/>
                </StopPointInJourneyPattern>
                <StopPointInJourneyPattern id="VTR:StopPointInJourneyPattern:1125892" version="55384" order="7">
                  <ScheduledStopPointRef ref="VTR:ScheduledStopPoint:66324"/>
                  <DestinationDisplayRef ref="VTR:DestinationDisplay:1"/>
                </StopPointInJourneyPattern>
                <StopPointInJourneyPattern id="VTR:StopPointInJourneyPattern:1125893" version="55384" order="8">
                  <ScheduledStopPointRef ref="VTR:ScheduledStopPoint:66325"/>
                  <DestinationDisplayRef ref="VTR:DestinationDisplay:1"/>
                </StopPointInJourneyPattern>
                <StopPointInJourneyPattern id="VTR:StopPointInJourneyPattern:1125894" version="55384" order="9">
                  <ScheduledStopPointRef ref="VTR:ScheduledStopPoint:112939"/>
                  <DestinationDisplayRef ref="VTR:DestinationDisplay:1"/>
                </StopPointInJourneyPattern>
                <StopPointInJourneyPattern id="VTR:StopPointInJourneyPattern:1125895" version="55384" order="10">
                  <ScheduledStopPointRef ref="VTR:ScheduledStopPoint:66326"/>
                  <DestinationDisplayRef ref="VTR:DestinationDisplay:1"/>
                </StopPointInJourneyPattern>
                <StopPointInJourneyPattern id="VTR:StopPointInJourneyPattern:1125896" version="55384" order="11">
                  <ScheduledStopPointRef ref="VTR:ScheduledStopPoint:66327"/>
                  <DestinationDisplayRef ref="VTR:DestinationDisplay:1"/>
                </StopPointInJourneyPattern>
                <StopPointInJourneyPattern id="VTR:StopPointInJourneyPattern:1125897" version="55384" order="12">
                  <ScheduledStopPointRef ref="VTR:ScheduledStopPoint:66328"/>
                  <DestinationDisplayRef ref="VTR:DestinationDisplay:1"/>
                </StopPointInJourneyPattern>
                <StopPointInJourneyPattern id="VTR:StopPointInJourneyPattern:1125898" version="55384" order="13">
                  <ScheduledStopPointRef ref="VTR:ScheduledStopPoint:66329"/>
                  <DestinationDisplayRef ref="VTR:DestinationDisplay:1"/>
                </StopPointInJourneyPattern>
                <StopPointInJourneyPattern id="VTR:StopPointInJourneyPattern:1125899" version="55384" order="14">
                  <ScheduledStopPointRef ref="VTR:ScheduledStopPoint:66330"/>
                  <DestinationDisplayRef ref="VTR:DestinationDisplay:1"/>
                </StopPointInJourneyPattern>
                <StopPointInJourneyPattern id="VTR:StopPointInJourneyPattern:1125900" version="55384" order="15">
                  <ScheduledStopPointRef ref="VTR:ScheduledStopPoint:66331"/>
                  <DestinationDisplayRef ref="VTR:DestinationDisplay:1"/>
                </StopPointInJourneyPattern>
              </pointsInSequence>
            </JourneyPattern>
          </journeyPatterns>
        </ServiceFrame>
        <TimetableFrame version="1" id="VTR:TimetableFrame:1385">
          <vehicleJourneys>
            <ServiceJourney version="55384" id="VTR:ServiceJourney:55348">
              <Name>Kretinga-Pryšmančiai-Palanga</Name>
              <PrivateCode>4</PrivateCode>
              <dayTypes>
                <DayTypeRef ref="VTR:DayType:1331"/>
              </dayTypes>
              <JourneyPatternRef version="55384" ref="VTR:JourneyPattern:55348"/>
              <OperatorRef ref="VTR:Operator:482"/>
              <LineRef ref="VTR:Line:1642" version="1622"/>
              <passingTimes>
                <TimetabledPassingTime version="55384" id="VTR:TimetabledPassingTime:55348_1125887_1">
                  <StopPointInJourneyPatternRef ref="VTR:StopPointInJourneyPattern:1125887" version="55384"/>
                  <DepartureTime>16:25:00</DepartureTime>
                  <DepartureDayOffset>0</DepartureDayOffset>
                </TimetabledPassingTime>
                <TimetabledPassingTime version="55384" id="VTR:TimetabledPassingTime:55348_1125888_2">
                  <StopPointInJourneyPatternRef ref="VTR:StopPointInJourneyPattern:1125888" version="55384"/>
                  <DepartureTime>16:26:00</DepartureTime>
                  <DepartureDayOffset>0</DepartureDayOffset>
                </TimetabledPassingTime>
                <TimetabledPassingTime version="55384" id="VTR:TimetabledPassingTime:55348_1125889_4">
                  <StopPointInJourneyPatternRef ref="VTR:StopPointInJourneyPattern:1125889" version="55384"/>
                  <DepartureTime>16:30:00</DepartureTime>
                  <DepartureDayOffset>0</DepartureDayOffset>
                </TimetabledPassingTime>
                <TimetabledPassingTime version="55384" id="VTR:TimetabledPassingTime:55348_1125890_5">
                  <StopPointInJourneyPatternRef ref="VTR:StopPointInJourneyPattern:1125890" version="55384"/>
                  <DepartureTime>16:31:00</DepartureTime>
                  <DepartureDayOffset>0</DepartureDayOffset>
                </TimetabledPassingTime>
                <TimetabledPassingTime version="55384" id="VTR:TimetabledPassingTime:55348_1125891_6">
                  <StopPointInJourneyPatternRef ref="VTR:StopPointInJourneyPattern:1125891" version="55384"/>
                  <DepartureTime>16:33:00</DepartureTime>
                  <DepartureDayOffset>0</DepartureDayOffset>
                </TimetabledPassingTime>
                <TimetabledPassingTime version="55384" id="VTR:TimetabledPassingTime:55348_1125892_7">
                  <StopPointInJourneyPatternRef ref="VTR:StopPointInJourneyPattern:1125892" version="55384"/>
                  <DepartureTime>16:34:00</DepartureTime>
                  <DepartureDayOffset>0</DepartureDayOffset>
                </TimetabledPassingTime>
                <TimetabledPassingTime version="55384" id="VTR:TimetabledPassingTime:55348_1125893_8">
                  <StopPointInJourneyPatternRef ref="VTR:StopPointInJourneyPattern:1125893" version="55384"/>
                  <DepartureTime>16:40:00</DepartureTime>
                  <DepartureDayOffset>0</DepartureDayOffset>
                </TimetabledPassingTime>
                <TimetabledPassingTime version="55384" id="VTR:TimetabledPassingTime:55348_1125894_9">
                  <StopPointInJourneyPatternRef ref="VTR:StopPointInJourneyPattern:1125894" version="55384"/>
                  <DepartureTime>16:44:00</DepartureTime>
                  <DepartureDayOffset>0</DepartureDayOffset>
                </TimetabledPassingTime>
                <TimetabledPassingTime version="55384" id="VTR:TimetabledPassingTime:55348_1125895_10">
                  <StopPointInJourneyPatternRef ref="VTR:StopPointInJourneyPattern:1125895" version="55384"/>
                  <DepartureTime>16:45:00</DepartureTime>
                  <DepartureDayOffset>0</DepartureDayOffset>
                </TimetabledPassingTime>
                <TimetabledPassingTime version="55384" id="VTR:TimetabledPassingTime:55348_1125896_11">
                  <StopPointInJourneyPatternRef ref="VTR:StopPointInJourneyPattern:1125896" version="55384"/>
                  <DepartureTime>16:47:00</DepartureTime>
                  <DepartureDayOffset>0</DepartureDayOffset>
                </TimetabledPassingTime>
                <TimetabledPassingTime version="55384" id="VTR:TimetabledPassingTime:55348_1125897_12">
                  <StopPointInJourneyPatternRef ref="VTR:StopPointInJourneyPattern:1125897" version="55384"/>
                  <DepartureTime>16:51:00</DepartureTime>
                  <DepartureDayOffset>0</DepartureDayOffset>
                </TimetabledPassingTime>
                <TimetabledPassingTime version="55384" id="VTR:TimetabledPassingTime:55348_1125898_13">
                  <StopPointInJourneyPatternRef ref="VTR:StopPointInJourneyPattern:1125898" version="55384"/>
                  <DepartureTime>16:53:00</DepartureTime>
                  <DepartureDayOffset>0</DepartureDayOffset>
                </TimetabledPassingTime>
                <TimetabledPassingTime version="55384" id="VTR:TimetabledPassingTime:55348_1125899_14">
                  <StopPointInJourneyPatternRef ref="VTR:StopPointInJourneyPattern:1125899" version="55384"/>
                  <DepartureTime>16:56:00</DepartureTime>
                  <DepartureDayOffset>0</DepartureDayOffset>
                </TimetabledPassingTime>
                <TimetabledPassingTime version="55384" id="VTR:TimetabledPassingTime:55348_1125900_15">
                  <StopPointInJourneyPatternRef ref="VTR:StopPointInJourneyPattern:1125900" version="55384"/>
                  <DepartureTime>17:15:00</DepartureTime>
                  <DepartureDayOffset>0</DepartureDayOffset>
                </TimetabledPassingTime>
              </passingTimes>
            </ServiceJourney>
            <ServiceJourney version="55385" id="VTR:ServiceJourney:55349">
              <Name>Kretinga-Pryšmančiai-Palanga</Name>
              <PrivateCode>2</PrivateCode>
              <dayTypes>
                <DayTypeRef ref="VTR:DayType:1332"/>
              </dayTypes>
              <JourneyPatternRef version="55385" ref="VTR:JourneyPattern:55349"/>
              <OperatorRef ref="VTR:Operator:482"/>
              <LineRef ref="VTR:Line:1642" version="1622"/>
              <passingTimes>
                <TimetabledPassingTime version="55385" id="VTR:TimetabledPassingTime:55349_1125901_1">
                  <StopPointInJourneyPatternRef ref="VTR:StopPointInJourneyPattern:1125901" version="55385"/>
                  <DepartureTime>07:05:00</DepartureTime>
                  <DepartureDayOffset>0</DepartureDayOffset>
                </TimetabledPassingTime>
                <TimetabledPassingTime version="55385" id="VTR:TimetabledPassingTime:55349_1125902_2">
                  <StopPointInJourneyPatternRef ref="VTR:StopPointInJourneyPattern:1125902" version="55385"/>
                  <DepartureTime>07:06:00</DepartureTime>
                  <DepartureDayOffset>0</DepartureDayOffset>
                </TimetabledPassingTime>
                <TimetabledPassingTime version="55385" id="VTR:TimetabledPassingTime:55349_1125903_4">
                  <StopPointInJourneyPatternRef ref="VTR:StopPointInJourneyPattern:1125903" version="55385"/>
                  <DepartureTime>07:10:00</DepartureTime>
                  <DepartureDayOffset>0</DepartureDayOffset>
                </TimetabledPassingTime>
                <TimetabledPassingTime version="55385" id="VTR:TimetabledPassingTime:55349_1125904_5">
                  <StopPointInJourneyPatternRef ref="VTR:StopPointInJourneyPattern:1125904" version="55385"/>
                  <DepartureTime>07:11:00</DepartureTime>
                  <DepartureDayOffset>0</DepartureDayOffset>
                </TimetabledPassingTime>
                <TimetabledPassingTime version="55385" id="VTR:TimetabledPassingTime:55349_1125905_6">
                  <StopPointInJourneyPatternRef ref="VTR:StopPointInJourneyPattern:1125905" version="55385"/>
                  <DepartureTime>07:13:00</DepartureTime>
                  <DepartureDayOffset>0</DepartureDayOffset>
                </TimetabledPassingTime>
                <TimetabledPassingTime version="55385" id="VTR:TimetabledPassingTime:55349_1125906_7">
                  <StopPointInJourneyPatternRef ref="VTR:StopPointInJourneyPattern:1125906" version="55385"/>
                  <DepartureTime>07:14:00</DepartureTime>
                  <DepartureDayOffset>0</DepartureDayOffset>
                </TimetabledPassingTime>
                <TimetabledPassingTime version="55385" id="VTR:TimetabledPassingTime:55349_1125907_8">
                  <StopPointInJourneyPatternRef ref="VTR:StopPointInJourneyPattern:1125907" version="55385"/>
                  <DepartureTime>07:20:00</DepartureTime>
                  <DepartureDayOffset>0</DepartureDayOffset>
                </TimetabledPassingTime>
                <TimetabledPassingTime version="55385" id="VTR:TimetabledPassingTime:55349_1125908_9">
                  <StopPointInJourneyPatternRef ref="VTR:StopPointInJourneyPattern:1125908" version="55385"/>
                  <DepartureTime>07:26:00</DepartureTime>
                  <DepartureDayOffset>0</DepartureDayOffset>
                </TimetabledPassingTime>
                <TimetabledPassingTime version="55385" id="VTR:TimetabledPassingTime:55349_1125909_10">
                  <StopPointInJourneyPatternRef ref="VTR:StopPointInJourneyPattern:1125909" version="55385"/>
                  <DepartureTime>07:28:00</DepartureTime>
                  <DepartureDayOffset>0</DepartureDayOffset>
                </TimetabledPassingTime>
                <TimetabledPassingTime version="55385" id="VTR:TimetabledPassingTime:55349_1125910_11">
                  <StopPointInJourneyPatternRef ref="VTR:StopPointInJourneyPattern:1125910" version="55385"/>
                  <DepartureTime>07:31:00</DepartureTime>
                  <DepartureDayOffset>0</DepartureDayOffset>
                </TimetabledPassingTime>
                <TimetabledPassingTime version="55385" id="VTR:TimetabledPassingTime:55349_1125911_12">
                  <StopPointInJourneyPatternRef ref="VTR:StopPointInJourneyPattern:1125911" version="55385"/>
                  <DepartureTime>07:35:00</DepartureTime>
                  <DepartureDayOffset>0</DepartureDayOffset>
                </TimetabledPassingTime>
                <TimetabledPassingTime version="55385" id="VTR:TimetabledPassingTime:55349_1125912_13">
                  <StopPointInJourneyPatternRef ref="VTR:StopPointInJourneyPattern:1125912" version="55385"/>
                  <DepartureTime>07:37:00</DepartureTime>
                  <DepartureDayOffset>0</DepartureDayOffset>
                </TimetabledPassingTime>
                <TimetabledPassingTime version="55385" id="VTR:TimetabledPassingTime:55349_1125913_14">
                  <StopPointInJourneyPatternRef ref="VTR:StopPointInJourneyPattern:1125913" version="55385"/>
                  <DepartureTime>07:40:00</DepartureTime>
                  <DepartureDayOffset>0</DepartureDayOffset>
                </TimetabledPassingTime>
                <TimetabledPassingTime version="55385" id="VTR:TimetabledPassingTime:55349_1125914_15">
                  <StopPointInJourneyPatternRef ref="VTR:StopPointInJourneyPattern:1125914" version="55385"/>
                  <DepartureTime>08:00:00</DepartureTime>
                  <DepartureDayOffset>0</DepartureDayOffset>
                </TimetabledPassingTime>
              </passingTimes>
            </ServiceJourney>
            <ServiceJourney version="55383" id="VTR:ServiceJourney:55347">
              <Name>Kretinga-Pryšmančiai-Palanga</Name>
              <PrivateCode>3</PrivateCode>
              <dayTypes>
                <DayTypeRef ref="VTR:DayType:1331"/>
              </dayTypes>
              <JourneyPatternRef version="55383" ref="VTR:JourneyPattern:55347"/>
              <OperatorRef ref="VTR:Operator:482"/>
              <LineRef ref="VTR:Line:1642" version="1622"/>
              <passingTimes>
                <TimetabledPassingTime version="55383" id="VTR:TimetabledPassingTime:55347_1125873_1">
                  <StopPointInJourneyPatternRef ref="VTR:StopPointInJourneyPattern:1125873" version="55383"/>
                  <DepartureTime>12:20:00</DepartureTime>
                  <DepartureDayOffset>0</DepartureDayOffset>
                </TimetabledPassingTime>
                <TimetabledPassingTime version="55383" id="VTR:TimetabledPassingTime:55347_1125874_2">
                  <StopPointInJourneyPatternRef ref="VTR:StopPointInJourneyPattern:1125874" version="55383"/>
                  <DepartureTime>12:21:00</DepartureTime>
                  <DepartureDayOffset>0</DepartureDayOffset>
                </TimetabledPassingTime>
                <TimetabledPassingTime version="55383" id="VTR:TimetabledPassingTime:55347_1125875_4">
                  <StopPointInJourneyPatternRef ref="VTR:StopPointInJourneyPattern:1125875" version="55383"/>
                  <DepartureTime>12:25:00</DepartureTime>
                  <DepartureDayOffset>0</DepartureDayOffset>
                </TimetabledPassingTime>
                <TimetabledPassingTime version="55383" id="VTR:TimetabledPassingTime:55347_1125876_5">
                  <StopPointInJourneyPatternRef ref="VTR:StopPointInJourneyPattern:1125876" version="55383"/>
                  <DepartureTime>12:26:00</DepartureTime>
                  <DepartureDayOffset>0</DepartureDayOffset>
                </TimetabledPassingTime>
                <TimetabledPassingTime version="55383" id="VTR:TimetabledPassingTime:55347_1125877_6">
                  <StopPointInJourneyPatternRef ref="VTR:StopPointInJourneyPattern:1125877" version="55383"/>
                  <DepartureTime>12:28:00</DepartureTime>
                  <DepartureDayOffset>0</DepartureDayOffset>
                </TimetabledPassingTime>
                <TimetabledPassingTime version="55383" id="VTR:TimetabledPassingTime:55347_1125878_7">
                  <StopPointInJourneyPatternRef ref="VTR:StopPointInJourneyPattern:1125878" version="55383"/>
                  <DepartureTime>12:29:00</DepartureTime>
                  <DepartureDayOffset>0</DepartureDayOffset>
                </TimetabledPassingTime>
                <TimetabledPassingTime version="55383" id="VTR:TimetabledPassingTime:55347_1125879_8">
                  <StopPointInJourneyPatternRef ref="VTR:StopPointInJourneyPattern:1125879" version="55383"/>
                  <DepartureTime>12:35:00</DepartureTime>
                  <DepartureDayOffset>0</DepartureDayOffset>
                </TimetabledPassingTime>
                <TimetabledPassingTime version="55383" id="VTR:TimetabledPassingTime:55347_1125880_9">
                  <StopPointInJourneyPatternRef ref="VTR:StopPointInJourneyPattern:1125880" version="55383"/>
                  <DepartureTime>12:39:00</DepartureTime>
                  <DepartureDayOffset>0</DepartureDayOffset>
                </TimetabledPassingTime>
                <TimetabledPassingTime version="55383" id="VTR:TimetabledPassingTime:55347_1125881_10">
                  <StopPointInJourneyPatternRef ref="VTR:StopPointInJourneyPattern:1125881" version="55383"/>
                  <DepartureTime>12:40:00</DepartureTime>
                  <DepartureDayOffset>0</DepartureDayOffset>
                </TimetabledPassingTime>
                <TimetabledPassingTime version="55383" id="VTR:TimetabledPassingTime:55347_1125882_11">
                  <StopPointInJourneyPatternRef ref="VTR:StopPointInJourneyPattern:1125882" version="55383"/>
                  <DepartureTime>12:42:00</DepartureTime>
                  <DepartureDayOffset>0</DepartureDayOffset>
                </TimetabledPassingTime>
                <TimetabledPassingTime version="55383" id="VTR:TimetabledPassingTime:55347_1125883_12">
                  <StopPointInJourneyPatternRef ref="VTR:StopPointInJourneyPattern:1125883" version="55383"/>
                  <DepartureTime>12:46:00</DepartureTime>
                  <DepartureDayOffset>0</DepartureDayOffset>
                </TimetabledPassingTime>
                <TimetabledPassingTime version="55383" id="VTR:TimetabledPassingTime:55347_1125884_13">
                  <StopPointInJourneyPatternRef ref="VTR:StopPointInJourneyPattern:1125884" version="55383"/>
                  <DepartureTime>12:48:00</DepartureTime>
                  <DepartureDayOffset>0</DepartureDayOffset>
                </TimetabledPassingTime>
                <TimetabledPassingTime version="55383" id="VTR:TimetabledPassingTime:55347_1125885_14">
                  <StopPointInJourneyPatternRef ref="VTR:StopPointInJourneyPattern:1125885" version="55383"/>
                  <DepartureTime>12:51:00</DepartureTime>
                  <DepartureDayOffset>0</DepartureDayOffset>
                </TimetabledPassingTime>
                <TimetabledPassingTime version="55383" id="VTR:TimetabledPassingTime:55347_1125886_15">
                  <StopPointInJourneyPatternRef ref="VTR:StopPointInJourneyPattern:1125886" version="55383"/>
                  <DepartureTime>13:10:00</DepartureTime>
                  <DepartureDayOffset>0</DepartureDayOffset>
                </TimetabledPassingTime>
              </passingTimes>
            </ServiceJourney>
            <ServiceJourney version="55382" id="VTR:ServiceJourney:55346">
              <Name>Kretinga-Pryšmančiai-Palanga</Name>
              <PrivateCode>1</PrivateCode>
              <dayTypes>
                <DayTypeRef ref="VTR:DayType:1331"/>
              </dayTypes>
              <JourneyPatternRef version="55382" ref="VTR:JourneyPattern:55346"/>
              <OperatorRef ref="VTR:Operator:482"/>
              <LineRef ref="VTR:Line:1642" version="1622"/>
              <passingTimes>
                <TimetabledPassingTime version="55382" id="VTR:TimetabledPassingTime:55346_1125859_1">
                  <StopPointInJourneyPatternRef ref="VTR:StopPointInJourneyPattern:1125859" version="55382"/>
                  <DepartureTime>06:15:00</DepartureTime>
                  <DepartureDayOffset>0</DepartureDayOffset>
                </TimetabledPassingTime>
                <TimetabledPassingTime version="55382" id="VTR:TimetabledPassingTime:55346_1125860_2">
                  <StopPointInJourneyPatternRef ref="VTR:StopPointInJourneyPattern:1125860" version="55382"/>
                  <DepartureTime>06:16:00</DepartureTime>
                  <DepartureDayOffset>0</DepartureDayOffset>
                </TimetabledPassingTime>
                <TimetabledPassingTime version="55382" id="VTR:TimetabledPassingTime:55346_1125861_4">
                  <StopPointInJourneyPatternRef ref="VTR:StopPointInJourneyPattern:1125861" version="55382"/>
                  <DepartureTime>06:20:00</DepartureTime>
                  <DepartureDayOffset>0</DepartureDayOffset>
                </TimetabledPassingTime>
                <TimetabledPassingTime version="55382" id="VTR:TimetabledPassingTime:55346_1125862_5">
                  <StopPointInJourneyPatternRef ref="VTR:StopPointInJourneyPattern:1125862" version="55382"/>
                  <DepartureTime>06:21:00</DepartureTime>
                  <DepartureDayOffset>0</DepartureDayOffset>
                </TimetabledPassingTime>
                <TimetabledPassingTime version="55382" id="VTR:TimetabledPassingTime:55346_1125863_6">
                  <StopPointInJourneyPatternRef ref="VTR:StopPointInJourneyPattern:1125863" version="55382"/>
                  <DepartureTime>06:23:00</DepartureTime>
                  <DepartureDayOffset>0</DepartureDayOffset>
                </TimetabledPassingTime>
                <TimetabledPassingTime version="55382" id="VTR:TimetabledPassingTime:55346_1125864_7">
                  <StopPointInJourneyPatternRef ref="VTR:StopPointInJourneyPattern:1125864" version="55382"/>
                  <DepartureTime>06:24:00</DepartureTime>
                  <DepartureDayOffset>0</DepartureDayOffset>
                </TimetabledPassingTime>
                <TimetabledPassingTime version="55382" id="VTR:TimetabledPassingTime:55346_1125865_8">
                  <StopPointInJourneyPatternRef ref="VTR:StopPointInJourneyPattern:1125865" version="55382"/>
                  <DepartureTime>06:30:00</DepartureTime>
                  <DepartureDayOffset>0</DepartureDayOffset>
                </TimetabledPassingTime>
                <TimetabledPassingTime version="55382" id="VTR:TimetabledPassingTime:55346_1125866_9">
                  <StopPointInJourneyPatternRef ref="VTR:StopPointInJourneyPattern:1125866" version="55382"/>
                  <DepartureTime>06:34:00</DepartureTime>
                  <DepartureDayOffset>0</DepartureDayOffset>
                </TimetabledPassingTime>
                <TimetabledPassingTime version="55382" id="VTR:TimetabledPassingTime:55346_1125867_10">
                  <StopPointInJourneyPatternRef ref="VTR:StopPointInJourneyPattern:1125867" version="55382"/>
                  <DepartureTime>06:35:00</DepartureTime>
                  <DepartureDayOffset>0</DepartureDayOffset>
                </TimetabledPassingTime>
                <TimetabledPassingTime version="55382" id="VTR:TimetabledPassingTime:55346_1125868_11">
                  <StopPointInJourneyPatternRef ref="VTR:StopPointInJourneyPattern:1125868" version="55382"/>
                  <DepartureTime>06:37:00</DepartureTime>
                  <DepartureDayOffset>0</DepartureDayOffset>
                </TimetabledPassingTime>
                <TimetabledPassingTime version="55382" id="VTR:TimetabledPassingTime:55346_1125869_12">
                  <StopPointInJourneyPatternRef ref="VTR:StopPointInJourneyPattern:1125869" version="55382"/>
                  <DepartureTime>06:41:00</DepartureTime>
                  <DepartureDayOffset>0</DepartureDayOffset>
                </TimetabledPassingTime>
                <TimetabledPassingTime version="55382" id="VTR:TimetabledPassingTime:55346_1125870_13">
                  <StopPointInJourneyPatternRef ref="VTR:StopPointInJourneyPattern:1125870" version="55382"/>
                  <DepartureTime>06:43:00</DepartureTime>
                  <DepartureDayOffset>0</DepartureDayOffset>
                </TimetabledPassingTime>
                <TimetabledPassingTime version="55382" id="VTR:TimetabledPassingTime:55346_1125871_14">
                  <StopPointInJourneyPatternRef ref="VTR:StopPointInJourneyPattern:1125871" version="55382"/>
                  <DepartureTime>06:46:00</DepartureTime>
                  <DepartureDayOffset>0</DepartureDayOffset>
                </TimetabledPassingTime>
                <TimetabledPassingTime version="55382" id="VTR:TimetabledPassingTime:55346_1125872_15">
                  <StopPointInJourneyPatternRef ref="VTR:StopPointInJourneyPattern:1125872" version="55382"/>
                  <DepartureTime>07:05:00</DepartureTime>
                  <DepartureDayOffset>0</DepartureDayOffset>
                </TimetabledPassingTime>
              </passingTimes>
            </ServiceJourney>
          </vehicleJourneys>
        </TimetableFrame>
        <ResourceFrame version="1" id="VTR:ResourceFrame:1385">
          <organisations>
            <Authority version="1" id="VTR:Authority:18">
              <CompanyNumber>56</CompanyNumber>
              <Name>Kretingos r. sav.</Name>
              <LegalName>Kretingos r. sav.</LegalName>
              <ContactDetails>
                <Email>savivaldybe@kretinga.lt</Email>
                <Phone>844553141</Phone>
                <Url>www.kretinga.lt</Url>
              </ContactDetails>
              <OrganisationType>authority</OrganisationType>
            </Authority>
          </organisations>
        </ResourceFrame>
      </frames>
    </CompositeFrame>
  </dataObjects>
</PublicationDelivery>
