<?xml version="1.0" encoding="UTF-8"?><PublicationDelivery xmlns="http://www.netex.org.uk/netex" xmlns:gis="http://www.opengis.net/gml/3.2" xmlns:ns2="http://www.opengis.net/gml/3.2" xmlns:ns3="http://www.siri.org.uk/siri" xmlns:xsi="http://www.w3.org/2001/XMLSchema-instance" version="1" xsi:schemaLocation="">
  <PublicationTimestamp>2022-05-07T03:45:00.262</PublicationTimestamp>
  <ParticipantRef>VTR</ParticipantRef>
  <Description>1</Description>
  <dataObjects>
    <CompositeFrame created="2022-05-07T03:45:00.262" version="1" id="VTR:CompositeFrame:1385">
      <validityConditions>
        <AvailabilityCondition version="1" id="VTR:AvailabilityCondition:1385">
          <FromDate>2015-07-30T14:10:51</FromDate>
          <ToDate>2027-12-30T00:00:00</ToDate>
        </AvailabilityCondition>
      </validityConditions>
      <codespaces>
        <Codespace id="vtr">
          <Xmlns>VTR</Xmlns>
          <XmlnsUrl>http://www.visimarsrutai.lt/</XmlnsUrl>
        </Codespace>
      </codespaces>
      <FrameDefaults>
        <DefaultLocale>
          <TimeZone>Europe/Vilnius</TimeZone>
        </DefaultLocale>
        <DefaultLocationSystem>WGS84</DefaultLocationSystem>
      </FrameDefaults>
      <frames>
        <ServiceCalendarFrame version="1" id="VTR:ServiceCalendarFrame:1385">
          <dayTypes>
            <DayType id="VTR:DayType:2314" version="1">
              <properties>
                <PropertyOfDay>
                  <DaysOfWeek>Monday Tuesday Wednesday Thursday Friday</DaysOfWeek>
                </PropertyOfDay>
              </properties>
            </DayType>
          </dayTypes>
          <operatingPeriods>
            <OperatingPeriod version="1" id="VTR:OperatingPeriod:2314">
              <FromDate>2015-10-05T00:00:00</FromDate>
              <ToDate>2020-12-31T00:00:00</ToDate>
            </OperatingPeriod>
          </operatingPeriods>
          <dayTypeAssignments>
            <DayTypeAssignment id="VTR:DayTypeAssignment:2314_0" version="1" order="1978">
              <OperatingPeriodRef ref="VTR:OperatingPeriod:2314" version="1"/>
              <DayTypeRef ref="VTR:DayType:2314" version="1"/>
            </DayTypeAssignment>
          </dayTypeAssignments>
        </ServiceCalendarFrame>
        <ServiceFrame id="VTR:ServiceFrame:1385" version="1">
          <Network version="0" id="VTR:Network:18"/>
          <routePoints>
            <RoutePoint version="1" id="VTR:RoutePoint:431147">
              <projections>
                <PointProjection version="1" id="VTR:PointProjection:5629">
                  <ProjectedPointRef ref="VTR:ScheduledStopPoint:431147" version="1"/>
                </PointProjection>
              </projections>
            </RoutePoint>
            <RoutePoint version="1" id="VTR:RoutePoint:431148">
              <projections>
                <PointProjection version="1" id="VTR:PointProjection:5630">
                  <ProjectedPointRef ref="VTR:ScheduledStopPoint:431148" version="1"/>
                </PointProjection>
              </projections>
            </RoutePoint>
            <RoutePoint version="1" id="VTR:RoutePoint:431149">
              <projections>
                <PointProjection version="1" id="VTR:PointProjection:5631">
                  <ProjectedPointRef ref="VTR:ScheduledStopPoint:431149" version="1"/>
                </PointProjection>
              </projections>
            </RoutePoint>
            <RoutePoint version="1" id="VTR:RoutePoint:431150">
              <projections>
                <PointProjection version="1" id="VTR:PointProjection:5632">
                  <ProjectedPointRef ref="VTR:ScheduledStopPoint:431150" version="1"/>
                </PointProjection>
              </projections>
            </RoutePoint>
            <RoutePoint version="1" id="VTR:RoutePoint:431151">
              <projections>
                <PointProjection version="1" id="VTR:PointProjection:5633">
                  <ProjectedPointRef ref="VTR:ScheduledStopPoint:431151" version="1"/>
                </PointProjection>
              </projections>
            </RoutePoint>
            <RoutePoint version="1" id="VTR:RoutePoint:431152">
              <projections>
                <PointProjection version="1" id="VTR:PointProjection:5634">
                  <ProjectedPointRef ref="VTR:ScheduledStopPoint:431152" version="1"/>
                </PointProjection>
              </projections>
            </RoutePoint>
            <RoutePoint version="1" id="VTR:RoutePoint:431153">
              <projections>
                <PointProjection version="1" id="VTR:PointProjection:4985">
                  <ProjectedPointRef ref="VTR:ScheduledStopPoint:431153" version="1"/>
                </PointProjection>
              </projections>
            </RoutePoint>
            <RoutePoint version="1" id="VTR:RoutePoint:431155">
              <projections>
                <PointProjection version="1" id="VTR:PointProjection:4986">
                  <ProjectedPointRef ref="VTR:ScheduledStopPoint:431155" version="1"/>
                </PointProjection>
              </projections>
            </RoutePoint>
            <RoutePoint version="1" id="VTR:RoutePoint:431156">
              <projections>
                <PointProjection version="1" id="VTR:PointProjection:4987">
                  <ProjectedPointRef ref="VTR:ScheduledStopPoint:431156" version="1"/>
                </PointProjection>
              </projections>
            </RoutePoint>
            <RoutePoint version="1" id="VTR:RoutePoint:431157">
              <projections>
                <PointProjection version="1" id="VTR:PointProjection:4988">
                  <ProjectedPointRef ref="VTR:ScheduledStopPoint:431157" version="1"/>
                </PointProjection>
              </projections>
            </RoutePoint>
            <RoutePoint version="1" id="VTR:RoutePoint:431158">
              <projections>
                <PointProjection version="1" id="VTR:PointProjection:4989">
                  <ProjectedPointRef ref="VTR:ScheduledStopPoint:431158" version="1"/>
                </PointProjection>
              </projections>
            </RoutePoint>
            <RoutePoint version="1" id="VTR:RoutePoint:431159">
              <projections>
                <PointProjection version="1" id="VTR:PointProjection:4990">
                  <ProjectedPointRef ref="VTR:ScheduledStopPoint:431159" version="1"/>
                </PointProjection>
              </projections>
            </RoutePoint>
            <RoutePoint version="1" id="VTR:RoutePoint:431160">
              <projections>
                <PointProjection version="1" id="VTR:PointProjection:4991">
                  <ProjectedPointRef ref="VTR:ScheduledStopPoint:431160" version="1"/>
                </PointProjection>
              </projections>
            </RoutePoint>
            <RoutePoint version="1" id="VTR:RoutePoint:431161">
              <projections>
                <PointProjection version="1" id="VTR:PointProjection:4992">
                  <ProjectedPointRef ref="VTR:ScheduledStopPoint:431161" version="1"/>
                </PointProjection>
              </projections>
            </RoutePoint>
            <RoutePoint version="1" id="VTR:RoutePoint:431163">
              <projections>
                <PointProjection version="1" id="VTR:PointProjection:4993">
                  <ProjectedPointRef ref="VTR:ScheduledStopPoint:431163" version="1"/>
                </PointProjection>
              </projections>
            </RoutePoint>
            <RoutePoint version="1" id="VTR:RoutePoint:431164">
              <projections>
                <PointProjection version="1" id="VTR:PointProjection:4994">
                  <ProjectedPointRef ref="VTR:ScheduledStopPoint:431164" version="1"/>
                </PointProjection>
              </projections>
            </RoutePoint>
            <RoutePoint version="1" id="VTR:RoutePoint:431165">
              <projections>
                <PointProjection version="1" id="VTR:PointProjection:4995">
                  <ProjectedPointRef ref="VTR:ScheduledStopPoint:431165" version="1"/>
                </PointProjection>
              </projections>
            </RoutePoint>
            <RoutePoint version="1" id="VTR:RoutePoint:431167">
              <projections>
                <PointProjection version="1" id="VTR:PointProjection:4996">
                  <ProjectedPointRef ref="VTR:ScheduledStopPoint:431167" version="1"/>
                </PointProjection>
              </projections>
            </RoutePoint>
            <RoutePoint version="1" id="VTR:RoutePoint:431168">
              <projections>
                <PointProjection version="1" id="VTR:PointProjection:4997">
                  <ProjectedPointRef ref="VTR:ScheduledStopPoint:431168" version="1"/>
                </PointProjection>
              </projections>
            </RoutePoint>
            <RoutePoint version="1" id="VTR:RoutePoint:431169">
              <projections>
                <PointProjection version="1" id="VTR:PointProjection:4998">
                  <ProjectedPointRef ref="VTR:ScheduledStopPoint:431169" version="1"/>
                </PointProjection>
              </projections>
            </RoutePoint>
            <RoutePoint version="1" id="VTR:RoutePoint:431170">
              <projections>
                <PointProjection version="1" id="VTR:PointProjection:4999">
                  <ProjectedPointRef ref="VTR:ScheduledStopPoint:431170" version="1"/>
                </PointProjection>
              </projections>
            </RoutePoint>
            <RoutePoint version="1" id="VTR:RoutePoint:431171">
              <projections>
                <PointProjection version="1" id="VTR:PointProjection:5000">
                  <ProjectedPointRef ref="VTR:ScheduledStopPoint:431171" version="1"/>
                </PointProjection>
              </projections>
            </RoutePoint>
            <RoutePoint version="1" id="VTR:RoutePoint:431172">
              <projections>
                <PointProjection version="1" id="VTR:PointProjection:5001">
                  <ProjectedPointRef ref="VTR:ScheduledStopPoint:431172" version="1"/>
                </PointProjection>
              </projections>
            </RoutePoint>
            <RoutePoint version="1" id="VTR:RoutePoint:431173">
              <projections>
                <PointProjection version="1" id="VTR:PointProjection:5002">
                  <ProjectedPointRef ref="VTR:ScheduledStopPoint:431173" version="1"/>
                </PointProjection>
              </projections>
            </RoutePoint>
          </routePoints>
          <routes>
            <Route version="1" id="VTR:Route:11777">
              <Name>Ž3A S. Daukanto mokykla-Autobusų parkas</Name>
              <ShortName>Ž3A S. Daukanto mokykla-Autobusų parkas</ShortName>
              <LineRef ref="VTR:Line:1610" version="4915"/>
              <DirectionType>inbound</DirectionType>
              <pointsInSequence>
                <PointOnRoute version="1" id="VTR:PointOnRoute:431147" order="1">
                  <RoutePointRef ref="VTR:RoutePoint:431147"/>
                </PointOnRoute>
                <PointOnRoute version="1" id="VTR:PointOnRoute:431148" order="2">
                  <RoutePointRef ref="VTR:RoutePoint:431148"/>
                </PointOnRoute>
                <PointOnRoute version="1" id="VTR:PointOnRoute:431149" order="3">
                  <RoutePointRef ref="VTR:RoutePoint:431149"/>
                </PointOnRoute>
                <PointOnRoute version="1" id="VTR:PointOnRoute:431150" order="4">
                  <RoutePointRef ref="VTR:RoutePoint:431150"/>
                </PointOnRoute>
                <PointOnRoute version="1" id="VTR:PointOnRoute:431151" order="5">
                  <RoutePointRef ref="VTR:RoutePoint:431151"/>
                </PointOnRoute>
                <PointOnRoute version="1" id="VTR:PointOnRoute:431152" order="6">
                  <RoutePointRef ref="VTR:RoutePoint:431152"/>
                </PointOnRoute>
                <PointOnRoute version="1" id="VTR:PointOnRoute:431153" order="7">
                  <RoutePointRef ref="VTR:RoutePoint:431153"/>
                </PointOnRoute>
                <PointOnRoute version="1" id="VTR:PointOnRoute:431155" order="9">
                  <RoutePointRef ref="VTR:RoutePoint:431155"/>
                </PointOnRoute>
                <PointOnRoute version="1" id="VTR:PointOnRoute:431156" order="10">
                  <RoutePointRef ref="VTR:RoutePoint:431156"/>
                </PointOnRoute>
              </pointsInSequence>
            </Route>
            <Route version="1" id="VTR:Route:11778">
              <Name>Ž3A-1 S.Daukanto mokykla-Autobusų parkas</Name>
              <ShortName>Ž3A-1 S.Daukanto mokykla-Autobusų parkas</ShortName>
              <LineRef ref="VTR:Line:1610" version="4915"/>
              <DirectionType>inbound</DirectionType>
              <pointsInSequence>
                <PointOnRoute version="1" id="VTR:PointOnRoute:431157" order="1">
                  <RoutePointRef ref="VTR:RoutePoint:431157"/>
                </PointOnRoute>
                <PointOnRoute version="1" id="VTR:PointOnRoute:431165" order="2">
                  <RoutePointRef ref="VTR:RoutePoint:431165"/>
                </PointOnRoute>
                <PointOnRoute version="1" id="VTR:PointOnRoute:431167" order="4">
                  <RoutePointRef ref="VTR:RoutePoint:431167"/>
                </PointOnRoute>
                <PointOnRoute version="1" id="VTR:PointOnRoute:431168" order="5">
                  <RoutePointRef ref="VTR:RoutePoint:431168"/>
                </PointOnRoute>
                <PointOnRoute version="1" id="VTR:PointOnRoute:431169" order="6">
                  <RoutePointRef ref="VTR:RoutePoint:431169"/>
                </PointOnRoute>
                <PointOnRoute version="1" id="VTR:PointOnRoute:431170" order="7">
                  <RoutePointRef ref="VTR:RoutePoint:431170"/>
                </PointOnRoute>
                <PointOnRoute version="1" id="VTR:PointOnRoute:431171" order="8">
                  <RoutePointRef ref="VTR:RoutePoint:431171"/>
                </PointOnRoute>
                <PointOnRoute version="1" id="VTR:PointOnRoute:431172" order="9">
                  <RoutePointRef ref="VTR:RoutePoint:431172"/>
                </PointOnRoute>
                <PointOnRoute version="1" id="VTR:PointOnRoute:431173" order="10">
                  <RoutePointRef ref="VTR:RoutePoint:431173"/>
                </PointOnRoute>
                <PointOnRoute version="1" id="VTR:PointOnRoute:431158" order="11">
                  <RoutePointRef ref="VTR:RoutePoint:431158"/>
                </PointOnRoute>
                <PointOnRoute version="1" id="VTR:PointOnRoute:431159" order="12">
                  <RoutePointRef ref="VTR:RoutePoint:431159"/>
                </PointOnRoute>
                <PointOnRoute version="1" id="VTR:PointOnRoute:431160" order="13">
                  <RoutePointRef ref="VTR:RoutePoint:431160"/>
                </PointOnRoute>
                <PointOnRoute version="1" id="VTR:PointOnRoute:431161" order="14">
                  <RoutePointRef ref="VTR:RoutePoint:431161"/>
                </PointOnRoute>
                <PointOnRoute version="1" id="VTR:PointOnRoute:431163" order="16">
                  <RoutePointRef ref="VTR:RoutePoint:431163"/>
                </PointOnRoute>
                <PointOnRoute version="1" id="VTR:PointOnRoute:431164" order="17">
                  <RoutePointRef ref="VTR:RoutePoint:431164"/>
                </PointOnRoute>
              </pointsInSequence>
            </Route>
          </routes>
          <lines>
            <Line version="4915" id="VTR:Line:1610">
              <Name>S. Daukanto mokykla-Autobusų parkas</Name>
              <TransportMode>bus</TransportMode>
              <TransportSubmode>
                <BusSubmode>localBus</BusSubmode>
              </TransportSubmode>
              <PublicCode>Ž3A</PublicCode>
              <OperatorRef ref="VTR:Operator:18"/>
            </Line>
          </lines>
          <scheduledStopPoints>
            <ScheduledStopPoint version="1" id="VTR:ScheduledStopPoint:431147">
              <Name>S. Daukanto mokykla</Name>
            </ScheduledStopPoint>
            <ScheduledStopPoint version="1" id="VTR:ScheduledStopPoint:431148">
              <Name>Šventosios gatvė</Name>
            </ScheduledStopPoint>
            <ScheduledStopPoint version="1" id="VTR:ScheduledStopPoint:431149">
              <Name>Autobusų stotis</Name>
            </ScheduledStopPoint>
            <ScheduledStopPoint version="1" id="VTR:ScheduledStopPoint:431150">
              <Name>Rotušės a.</Name>
            </ScheduledStopPoint>
            <ScheduledStopPoint version="1" id="VTR:ScheduledStopPoint:431151">
              <Name>Daujoto vid. m-kla</Name>
            </ScheduledStopPoint>
            <ScheduledStopPoint version="1" id="VTR:ScheduledStopPoint:431152">
              <Name>Ligoninė</Name>
            </ScheduledStopPoint>
            <ScheduledStopPoint version="1" id="VTR:ScheduledStopPoint:431153">
              <Name>Tuopa</Name>
            </ScheduledStopPoint>
            <ScheduledStopPoint version="1" id="VTR:ScheduledStopPoint:431155">
              <Name>Melioratorių g.</Name>
            </ScheduledStopPoint>
            <ScheduledStopPoint version="1" id="VTR:ScheduledStopPoint:431156">
              <Name>Autobusų parkas</Name>
            </ScheduledStopPoint>
            <ScheduledStopPoint version="1" id="VTR:ScheduledStopPoint:431157">
              <Name>S. Daukanto mokykla</Name>
            </ScheduledStopPoint>
            <ScheduledStopPoint version="1" id="VTR:ScheduledStopPoint:431158">
              <Name>Rotušės a.</Name>
            </ScheduledStopPoint>
            <ScheduledStopPoint version="1" id="VTR:ScheduledStopPoint:431159">
              <Name>Daujoto vid. m-kla</Name>
            </ScheduledStopPoint>
            <ScheduledStopPoint version="1" id="VTR:ScheduledStopPoint:431160">
              <Name>Ligoninė</Name>
            </ScheduledStopPoint>
            <ScheduledStopPoint version="1" id="VTR:ScheduledStopPoint:431161">
              <Name>Tuopa</Name>
            </ScheduledStopPoint>
            <ScheduledStopPoint version="1" id="VTR:ScheduledStopPoint:431163">
              <Name>Melioratorių g.</Name>
            </ScheduledStopPoint>
            <ScheduledStopPoint version="1" id="VTR:ScheduledStopPoint:431164">
              <Name>Autobusų parkas</Name>
            </ScheduledStopPoint>
            <ScheduledStopPoint version="1" id="VTR:ScheduledStopPoint:431165">
              <Name>Dienos veiklos centras</Name>
            </ScheduledStopPoint>
            <ScheduledStopPoint version="1" id="VTR:ScheduledStopPoint:431167">
              <Name>Žuvies perdirbimo įmonė</Name>
            </ScheduledStopPoint>
            <ScheduledStopPoint version="1" id="VTR:ScheduledStopPoint:431168">
              <Name>AB Kretingos grūdai</Name>
            </ScheduledStopPoint>
            <ScheduledStopPoint version="1" id="VTR:ScheduledStopPoint:431169">
              <Name>Briedžio g. I</Name>
            </ScheduledStopPoint>
            <ScheduledStopPoint version="1" id="VTR:ScheduledStopPoint:431170">
              <Name>Laisvė</Name>
            </ScheduledStopPoint>
            <ScheduledStopPoint version="1" id="VTR:ScheduledStopPoint:431171">
              <Name>Malūno g.</Name>
            </ScheduledStopPoint>
            <ScheduledStopPoint version="1" id="VTR:ScheduledStopPoint:431172">
              <Name>Žvejų g.</Name>
            </ScheduledStopPoint>
            <ScheduledStopPoint version="1" id="VTR:ScheduledStopPoint:431173">
              <Name>Neringos g.</Name>
            </ScheduledStopPoint>
          </scheduledStopPoints>
          <serviceLinks>
            <ServiceLink id="VTR:ServiceLink:431148_1_431149_1" version="1">
              <Distance>1</Distance>
              <FromPointRef ref="VTR:ScheduledStopPoint:431148" version="1"/>
              <ToPointRef ref="VTR:ScheduledStopPoint:431149" version="1"/>
            </ServiceLink>
            <ServiceLink id="VTR:ServiceLink:431149_1_431150_1" version="1">
              <Distance>1</Distance>
              <FromPointRef ref="VTR:ScheduledStopPoint:431149" version="1"/>
              <ToPointRef ref="VTR:ScheduledStopPoint:431150" version="1"/>
            </ServiceLink>
            <ServiceLink id="VTR:ServiceLink:431167_1_431168_1" version="1">
              <Distance>0</Distance>
              <FromPointRef ref="VTR:ScheduledStopPoint:431167" version="1"/>
              <ToPointRef ref="VTR:ScheduledStopPoint:431168" version="1"/>
            </ServiceLink>
            <ServiceLink id="VTR:ServiceLink:431170_1_431171_1" version="1">
              <Distance>0</Distance>
              <FromPointRef ref="VTR:ScheduledStopPoint:431170" version="1"/>
              <ToPointRef ref="VTR:ScheduledStopPoint:431171" version="1"/>
            </ServiceLink>
            <ServiceLink id="VTR:ServiceLink:431151_1_431152_1" version="1">
              <Distance>0</Distance>
              <FromPointRef ref="VTR:ScheduledStopPoint:431151" version="1"/>
              <ToPointRef ref="VTR:ScheduledStopPoint:431152" version="1"/>
            </ServiceLink>
            <ServiceLink id="VTR:ServiceLink:431172_1_431173_1" version="1">
              <Distance>0</Distance>
              <FromPointRef ref="VTR:ScheduledStopPoint:431172" version="1"/>
              <ToPointRef ref="VTR:ScheduledStopPoint:431173" version="1"/>
            </ServiceLink>
            <ServiceLink id="VTR:ServiceLink:431171_1_431172_1" version="1">
              <Distance>0</Distance>
              <FromPointRef ref="VTR:ScheduledStopPoint:431171" version="1"/>
              <ToPointRef ref="VTR:ScheduledStopPoint:431172" version="1"/>
            </ServiceLink>
            <ServiceLink id="VTR:ServiceLink:431147_1_431148_1" version="1">
              <Distance>1</Distance>
              <FromPointRef ref="VTR:ScheduledStopPoint:431147" version="1"/>
              <ToPointRef ref="VTR:ScheduledStopPoint:431148" version="1"/>
            </ServiceLink>
            <ServiceLink id="VTR:ServiceLink:431158_1_431159_1" version="1">
              <Distance>0</Distance>
              <FromPointRef ref="VTR:ScheduledStopPoint:431158" version="1"/>
              <ToPointRef ref="VTR:ScheduledStopPoint:431159" version="1"/>
            </ServiceLink>
            <ServiceLink id="VTR:ServiceLink:431168_1_431169_1" version="1">
              <Distance>0</Distance>
              <FromPointRef ref="VTR:ScheduledStopPoint:431168" version="1"/>
              <ToPointRef ref="VTR:ScheduledStopPoint:431169" version="1"/>
            </ServiceLink>
            <ServiceLink id="VTR:ServiceLink:431160_1_431161_1" version="1">
              <Distance>0</Distance>
              <FromPointRef ref="VTR:ScheduledStopPoint:431160" version="1"/>
              <ToPointRef ref="VTR:ScheduledStopPoint:431161" version="1"/>
            </ServiceLink>
            <ServiceLink id="VTR:ServiceLink:431157_1_431165_1" version="1">
              <Distance>0</Distance>
              <FromPointRef ref="VTR:ScheduledStopPoint:431157" version="1"/>
              <ToPointRef ref="VTR:ScheduledStopPoint:431165" version="1"/>
            </ServiceLink>
            <ServiceLink id="VTR:ServiceLink:431159_1_431160_1" version="1">
              <Distance>0</Distance>
              <FromPointRef ref="VTR:ScheduledStopPoint:431159" version="1"/>
              <ToPointRef ref="VTR:ScheduledStopPoint:431160" version="1"/>
            </ServiceLink>
            <ServiceLink id="VTR:ServiceLink:431150_1_431151_1" version="1">
              <Distance>0</Distance>
              <FromPointRef ref="VTR:ScheduledStopPoint:431150" version="1"/>
              <ToPointRef ref="VTR:ScheduledStopPoint:431151" version="1"/>
            </ServiceLink>
            <ServiceLink id="VTR:ServiceLink:431173_1_431158_1" version="1">
              <Distance>1</Distance>
              <FromPointRef ref="VTR:ScheduledStopPoint:431173" version="1"/>
              <ToPointRef ref="VTR:ScheduledStopPoint:431158" version="1"/>
            </ServiceLink>
            <ServiceLink id="VTR:ServiceLink:431163_1_431164_1" version="1">
              <Distance>0</Distance>
              <FromPointRef ref="VTR:ScheduledStopPoint:431163" version="1"/>
              <ToPointRef ref="VTR:ScheduledStopPoint:431164" version="1"/>
            </ServiceLink>
            <ServiceLink id="VTR:ServiceLink:431152_1_431153_1" version="1">
              <Distance>0</Distance>
              <FromPointRef ref="VTR:ScheduledStopPoint:431152" version="1"/>
              <ToPointRef ref="VTR:ScheduledStopPoint:431153" version="1"/>
            </ServiceLink>
            <ServiceLink id="VTR:ServiceLink:431155_1_431156_1" version="1">
              <Distance>0</Distance>
              <FromPointRef ref="VTR:ScheduledStopPoint:431155" version="1"/>
              <ToPointRef ref="VTR:ScheduledStopPoint:431156" version="1"/>
            </ServiceLink>
            <ServiceLink id="VTR:ServiceLink:431169_1_431170_1" version="1">
              <Distance>0</Distance>
              <FromPointRef ref="VTR:ScheduledStopPoint:431169" version="1"/>
              <ToPointRef ref="VTR:ScheduledStopPoint:431170" version="1"/>
            </ServiceLink>
          </serviceLinks>
          <stopAssignments>
            <PassengerStopAssignment order="1177700000" id="VTR:PassengerStopAssignment:431147" version="1">
              <ScheduledStopPointRef ref="VTR:ScheduledStopPoint:431147" version="1"/>
              <QuayRef ref="VTR:Quay:21385"/>
            </PassengerStopAssignment>
            <PassengerStopAssignment order="1177700001" id="VTR:PassengerStopAssignment:431148" version="1">
              <ScheduledStopPointRef ref="VTR:ScheduledStopPoint:431148" version="1"/>
              <QuayRef ref="VTR:Quay:7572"/>
            </PassengerStopAssignment>
            <PassengerStopAssignment order="1177700002" id="VTR:PassengerStopAssignment:431149" version="1">
              <ScheduledStopPointRef ref="VTR:ScheduledStopPoint:431149" version="1"/>
              <QuayRef ref="VTR:Quay:15563"/>
            </PassengerStopAssignment>
            <PassengerStopAssignment order="1177700003" id="VTR:PassengerStopAssignment:431150" version="1">
              <ScheduledStopPointRef ref="VTR:ScheduledStopPoint:431150" version="1"/>
              <QuayRef ref="VTR:Quay:21250"/>
            </PassengerStopAssignment>
            <PassengerStopAssignment order="1177700004" id="VTR:PassengerStopAssignment:431151" version="1">
              <ScheduledStopPointRef ref="VTR:ScheduledStopPoint:431151" version="1"/>
              <QuayRef ref="VTR:Quay:3596"/>
            </PassengerStopAssignment>
            <PassengerStopAssignment order="1177700005" id="VTR:PassengerStopAssignment:431152" version="1">
              <ScheduledStopPointRef ref="VTR:ScheduledStopPoint:431152" version="1"/>
              <QuayRef ref="VTR:Quay:4372"/>
            </PassengerStopAssignment>
            <PassengerStopAssignment order="1177700006" id="VTR:PassengerStopAssignment:431153" version="1">
              <ScheduledStopPointRef ref="VTR:ScheduledStopPoint:431153" version="1"/>
              <QuayRef ref="VTR:Quay:21251"/>
            </PassengerStopAssignment>
            <PassengerStopAssignment order="1177700008" id="VTR:PassengerStopAssignment:431155" version="1">
              <ScheduledStopPointRef ref="VTR:ScheduledStopPoint:431155" version="1"/>
              <QuayRef ref="VTR:Quay:5166"/>
            </PassengerStopAssignment>
            <PassengerStopAssignment order="1177700009" id="VTR:PassengerStopAssignment:431156" version="1">
              <ScheduledStopPointRef ref="VTR:ScheduledStopPoint:431156" version="1"/>
              <QuayRef ref="VTR:Quay:21204"/>
            </PassengerStopAssignment>
            <PassengerStopAssignment order="1177800000" id="VTR:PassengerStopAssignment:431157" version="1">
              <ScheduledStopPointRef ref="VTR:ScheduledStopPoint:431157" version="1"/>
              <QuayRef ref="VTR:Quay:21385"/>
            </PassengerStopAssignment>
            <PassengerStopAssignment order="1177800001" id="VTR:PassengerStopAssignment:431165" version="1">
              <ScheduledStopPointRef ref="VTR:ScheduledStopPoint:431165" version="1"/>
              <QuayRef ref="VTR:Quay:21373"/>
            </PassengerStopAssignment>
            <PassengerStopAssignment order="1177800003" id="VTR:PassengerStopAssignment:431167" version="1">
              <ScheduledStopPointRef ref="VTR:ScheduledStopPoint:431167" version="1"/>
              <QuayRef ref="VTR:Quay:21372"/>
            </PassengerStopAssignment>
            <PassengerStopAssignment order="1177800004" id="VTR:PassengerStopAssignment:431168" version="1">
              <ScheduledStopPointRef ref="VTR:ScheduledStopPoint:431168" version="1"/>
              <QuayRef ref="VTR:Quay:21371"/>
            </PassengerStopAssignment>
            <PassengerStopAssignment order="1177800005" id="VTR:PassengerStopAssignment:431169" version="1">
              <ScheduledStopPointRef ref="VTR:ScheduledStopPoint:431169" version="1"/>
              <QuayRef ref="VTR:Quay:24269"/>
            </PassengerStopAssignment>
            <PassengerStopAssignment order="1177800006" id="VTR:PassengerStopAssignment:431170" version="1">
              <ScheduledStopPointRef ref="VTR:ScheduledStopPoint:431170" version="1"/>
              <QuayRef ref="VTR:Quay:4503"/>
            </PassengerStopAssignment>
            <PassengerStopAssignment order="1177800007" id="VTR:PassengerStopAssignment:431171" version="1">
              <ScheduledStopPointRef ref="VTR:ScheduledStopPoint:431171" version="1"/>
              <QuayRef ref="VTR:Quay:4571"/>
            </PassengerStopAssignment>
            <PassengerStopAssignment order="1177800008" id="VTR:PassengerStopAssignment:431172" version="1">
              <ScheduledStopPointRef ref="VTR:ScheduledStopPoint:431172" version="1"/>
              <QuayRef ref="VTR:Quay:4265"/>
            </PassengerStopAssignment>
            <PassengerStopAssignment order="1177800009" id="VTR:PassengerStopAssignment:431173" version="1">
              <ScheduledStopPointRef ref="VTR:ScheduledStopPoint:431173" version="1"/>
              <QuayRef ref="VTR:Quay:21374"/>
            </PassengerStopAssignment>
            <PassengerStopAssignment order="1177800010" id="VTR:PassengerStopAssignment:431158" version="1">
              <ScheduledStopPointRef ref="VTR:ScheduledStopPoint:431158" version="1"/>
              <QuayRef ref="VTR:Quay:21250"/>
            </PassengerStopAssignment>
            <PassengerStopAssignment order="1177800011" id="VTR:PassengerStopAssignment:431159" version="1">
              <ScheduledStopPointRef ref="VTR:ScheduledStopPoint:431159" version="1"/>
              <QuayRef ref="VTR:Quay:3596"/>
            </PassengerStopAssignment>
            <PassengerStopAssignment order="1177800012" id="VTR:PassengerStopAssignment:431160" version="1">
              <ScheduledStopPointRef ref="VTR:ScheduledStopPoint:431160" version="1"/>
              <QuayRef ref="VTR:Quay:4372"/>
            </PassengerStopAssignment>
            <PassengerStopAssignment order="1177800013" id="VTR:PassengerStopAssignment:431161" version="1">
              <ScheduledStopPointRef ref="VTR:ScheduledStopPoint:431161" version="1"/>
              <QuayRef ref="VTR:Quay:21251"/>
            </PassengerStopAssignment>
            <PassengerStopAssignment order="1177800015" id="VTR:PassengerStopAssignment:431163" version="1">
              <ScheduledStopPointRef ref="VTR:ScheduledStopPoint:431163" version="1"/>
              <QuayRef ref="VTR:Quay:5166"/>
            </PassengerStopAssignment>
            <PassengerStopAssignment order="1177800016" id="VTR:PassengerStopAssignment:431164" version="1">
              <ScheduledStopPointRef ref="VTR:ScheduledStopPoint:431164" version="1"/>
              <QuayRef ref="VTR:Quay:21204"/>
            </PassengerStopAssignment>
          </stopAssignments>
          <journeyPatterns>
            <JourneyPattern id="VTR:JourneyPattern:775575" version="775783">
              <Name>4</Name>
              <RouteRef ref="VTR:Route:11777" version="1"/>
              <pointsInSequence>
                <StopPointInJourneyPattern id="VTR:StopPointInJourneyPattern:19847598" version="775783" order="1">
                  <ScheduledStopPointRef ref="VTR:ScheduledStopPoint:431147"/>
                  <DestinationDisplayRef ref="VTR:DestinationDisplay:1"/>
                </StopPointInJourneyPattern>
                <StopPointInJourneyPattern id="VTR:StopPointInJourneyPattern:19847599" version="775783" order="2">
                  <ScheduledStopPointRef ref="VTR:ScheduledStopPoint:431148"/>
                  <DestinationDisplayRef ref="VTR:DestinationDisplay:1"/>
                </StopPointInJourneyPattern>
                <StopPointInJourneyPattern id="VTR:StopPointInJourneyPattern:19847600" version="775783" order="3">
                  <ScheduledStopPointRef ref="VTR:ScheduledStopPoint:431149"/>
                  <DestinationDisplayRef ref="VTR:DestinationDisplay:1"/>
                </StopPointInJourneyPattern>
                <StopPointInJourneyPattern id="VTR:StopPointInJourneyPattern:19847601" version="775783" order="4">
                  <ScheduledStopPointRef ref="VTR:ScheduledStopPoint:431150"/>
                  <DestinationDisplayRef ref="VTR:DestinationDisplay:1"/>
                </StopPointInJourneyPattern>
                <StopPointInJourneyPattern id="VTR:StopPointInJourneyPattern:19847602" version="775783" order="5">
                  <ScheduledStopPointRef ref="VTR:ScheduledStopPoint:431151"/>
                  <DestinationDisplayRef ref="VTR:DestinationDisplay:1"/>
                </StopPointInJourneyPattern>
                <StopPointInJourneyPattern id="VTR:StopPointInJourneyPattern:19847603" version="775783" order="6">
                  <ScheduledStopPointRef ref="VTR:ScheduledStopPoint:431152"/>
                  <DestinationDisplayRef ref="VTR:DestinationDisplay:1"/>
                </StopPointInJourneyPattern>
                <StopPointInJourneyPattern id="VTR:StopPointInJourneyPattern:19847604" version="775783" order="7">
                  <ScheduledStopPointRef ref="VTR:ScheduledStopPoint:431153"/>
                  <DestinationDisplayRef ref="VTR:DestinationDisplay:1"/>
                </StopPointInJourneyPattern>
                <StopPointInJourneyPattern id="VTR:StopPointInJourneyPattern:19847605" version="775783" order="9">
                  <ScheduledStopPointRef ref="VTR:ScheduledStopPoint:431155"/>
                  <DestinationDisplayRef ref="VTR:DestinationDisplay:1"/>
                </StopPointInJourneyPattern>
                <StopPointInJourneyPattern id="VTR:StopPointInJourneyPattern:19847606" version="775783" order="10">
                  <ScheduledStopPointRef ref="VTR:ScheduledStopPoint:431156"/>
                  <DestinationDisplayRef ref="VTR:DestinationDisplay:1"/>
                </StopPointInJourneyPattern>
              </pointsInSequence>
            </JourneyPattern>
            <JourneyPattern id="VTR:JourneyPattern:775576" version="775784">
              <Name>6</Name>
              <RouteRef ref="VTR:Route:11777" version="1"/>
              <pointsInSequence>
                <StopPointInJourneyPattern id="VTR:StopPointInJourneyPattern:19847607" version="775784" order="1">
                  <ScheduledStopPointRef ref="VTR:ScheduledStopPoint:431147"/>
                  <DestinationDisplayRef ref="VTR:DestinationDisplay:1"/>
                </StopPointInJourneyPattern>
                <StopPointInJourneyPattern id="VTR:StopPointInJourneyPattern:19847608" version="775784" order="2">
                  <ScheduledStopPointRef ref="VTR:ScheduledStopPoint:431148"/>
                  <DestinationDisplayRef ref="VTR:DestinationDisplay:1"/>
                </StopPointInJourneyPattern>
                <StopPointInJourneyPattern id="VTR:StopPointInJourneyPattern:19847609" version="775784" order="3">
                  <ScheduledStopPointRef ref="VTR:ScheduledStopPoint:431149"/>
                  <DestinationDisplayRef ref="VTR:DestinationDisplay:1"/>
                </StopPointInJourneyPattern>
                <StopPointInJourneyPattern id="VTR:StopPointInJourneyPattern:19847610" version="775784" order="4">
                  <ScheduledStopPointRef ref="VTR:ScheduledStopPoint:431150"/>
                  <DestinationDisplayRef ref="VTR:DestinationDisplay:1"/>
                </StopPointInJourneyPattern>
                <StopPointInJourneyPattern id="VTR:StopPointInJourneyPattern:19847611" version="775784" order="5">
                  <ScheduledStopPointRef ref="VTR:ScheduledStopPoint:431151"/>
                  <DestinationDisplayRef ref="VTR:DestinationDisplay:1"/>
                </StopPointInJourneyPattern>
                <StopPointInJourneyPattern id="VTR:StopPointInJourneyPattern:19847612" version="775784" order="6">
                  <ScheduledStopPointRef ref="VTR:ScheduledStopPoint:431152"/>
                  <DestinationDisplayRef ref="VTR:DestinationDisplay:1"/>
                </StopPointInJourneyPattern>
                <StopPointInJourneyPattern id="VTR:StopPointInJourneyPattern:19847613" version="775784" order="7">
                  <ScheduledStopPointRef ref="VTR:ScheduledStopPoint:431153"/>
                  <DestinationDisplayRef ref="VTR:DestinationDisplay:1"/>
                </StopPointInJourneyPattern>
                <StopPointInJourneyPattern id="VTR:StopPointInJourneyPattern:19847614" version="775784" order="9">
                  <ScheduledStopPointRef ref="VTR:ScheduledStopPoint:431155"/>
                  <DestinationDisplayRef ref="VTR:DestinationDisplay:1"/>
                </StopPointInJourneyPattern>
                <StopPointInJourneyPattern id="VTR:StopPointInJourneyPattern:19847615" version="775784" order="10">
                  <ScheduledStopPointRef ref="VTR:ScheduledStopPoint:431156"/>
                  <DestinationDisplayRef ref="VTR:DestinationDisplay:1"/>
                </StopPointInJourneyPattern>
              </pointsInSequence>
            </JourneyPattern>
            <JourneyPattern id="VTR:JourneyPattern:775577" version="775785">
              <Name>5</Name>
              <RouteRef ref="VTR:Route:11778" version="1"/>
              <pointsInSequence>
                <StopPointInJourneyPattern id="VTR:StopPointInJourneyPattern:19847616" version="775785" order="1">
                  <ScheduledStopPointRef ref="VTR:ScheduledStopPoint:431157"/>
                  <DestinationDisplayRef ref="VTR:DestinationDisplay:1"/>
                </StopPointInJourneyPattern>
                <StopPointInJourneyPattern id="VTR:StopPointInJourneyPattern:19847617" version="775785" order="2">
                  <ScheduledStopPointRef ref="VTR:ScheduledStopPoint:431165"/>
                  <DestinationDisplayRef ref="VTR:DestinationDisplay:1"/>
                </StopPointInJourneyPattern>
                <StopPointInJourneyPattern id="VTR:StopPointInJourneyPattern:19847618" version="775785" order="4">
                  <ScheduledStopPointRef ref="VTR:ScheduledStopPoint:431167"/>
                  <DestinationDisplayRef ref="VTR:DestinationDisplay:1"/>
                </StopPointInJourneyPattern>
                <StopPointInJourneyPattern id="VTR:StopPointInJourneyPattern:19847619" version="775785" order="5">
                  <ScheduledStopPointRef ref="VTR:ScheduledStopPoint:431168"/>
                  <DestinationDisplayRef ref="VTR:DestinationDisplay:1"/>
                </StopPointInJourneyPattern>
                <StopPointInJourneyPattern id="VTR:StopPointInJourneyPattern:19847620" version="775785" order="6">
                  <ScheduledStopPointRef ref="VTR:ScheduledStopPoint:431169"/>
                  <DestinationDisplayRef ref="VTR:DestinationDisplay:1"/>
                </StopPointInJourneyPattern>
                <StopPointInJourneyPattern id="VTR:StopPointInJourneyPattern:19847621" version="775785" order="7">
                  <ScheduledStopPointRef ref="VTR:ScheduledStopPoint:431170"/>
                  <DestinationDisplayRef ref="VTR:DestinationDisplay:1"/>
                </StopPointInJourneyPattern>
                <StopPointInJourneyPattern id="VTR:StopPointInJourneyPattern:19847622" version="775785" order="8">
                  <ScheduledStopPointRef ref="VTR:ScheduledStopPoint:431171"/>
                  <DestinationDisplayRef ref="VTR:DestinationDisplay:1"/>
                </StopPointInJourneyPattern>
                <StopPointInJourneyPattern id="VTR:StopPointInJourneyPattern:19847623" version="775785" order="9">
                  <ScheduledStopPointRef ref="VTR:ScheduledStopPoint:431172"/>
                  <DestinationDisplayRef ref="VTR:DestinationDisplay:1"/>
                </StopPointInJourneyPattern>
                <StopPointInJourneyPattern id="VTR:StopPointInJourneyPattern:19847624" version="775785" order="10">
                  <ScheduledStopPointRef ref="VTR:ScheduledStopPoint:431173"/>
                  <DestinationDisplayRef ref="VTR:DestinationDisplay:1"/>
                </StopPointInJourneyPattern>
                <StopPointInJourneyPattern id="VTR:StopPointInJourneyPattern:19847625" version="775785" order="11">
                  <ScheduledStopPointRef ref="VTR:ScheduledStopPoint:431158"/>
                  <DestinationDisplayRef ref="VTR:DestinationDisplay:1"/>
                </StopPointInJourneyPattern>
                <StopPointInJourneyPattern id="VTR:StopPointInJourneyPattern:19847626" version="775785" order="12">
                  <ScheduledStopPointRef ref="VTR:ScheduledStopPoint:431159"/>
                  <DestinationDisplayRef ref="VTR:DestinationDisplay:1"/>
                </StopPointInJourneyPattern>
                <StopPointInJourneyPattern id="VTR:StopPointInJourneyPattern:19847627" version="775785" order="13">
                  <ScheduledStopPointRef ref="VTR:ScheduledStopPoint:431160"/>
                  <DestinationDisplayRef ref="VTR:DestinationDisplay:1"/>
                </StopPointInJourneyPattern>
                <StopPointInJourneyPattern id="VTR:StopPointInJourneyPattern:19847628" version="775785" order="14">
                  <ScheduledStopPointRef ref="VTR:ScheduledStopPoint:431161"/>
                  <DestinationDisplayRef ref="VTR:DestinationDisplay:1"/>
                </StopPointInJourneyPattern>
                <StopPointInJourneyPattern id="VTR:StopPointInJourneyPattern:19847629" version="775785" order="16">
                  <ScheduledStopPointRef ref="VTR:ScheduledStopPoint:431163"/>
                  <DestinationDisplayRef ref="VTR:DestinationDisplay:1"/>
                </StopPointInJourneyPattern>
                <StopPointInJourneyPattern id="VTR:StopPointInJourneyPattern:19847630" version="775785" order="17">
                  <ScheduledStopPointRef ref="VTR:ScheduledStopPoint:431164"/>
                  <DestinationDisplayRef ref="VTR:DestinationDisplay:1"/>
                </StopPointInJourneyPattern>
              </pointsInSequence>
            </JourneyPattern>
          </journeyPatterns>
        </ServiceFrame>
        <TimetableFrame version="1" id="VTR:TimetableFrame:1385">
          <vehicleJourneys>
            <ServiceJourney version="775785" id="VTR:ServiceJourney:775577">
              <Name>Ž3A-1 S.Daukanto mokykla-Autobusų parkas</Name>
              <PrivateCode>5</PrivateCode>
              <dayTypes>
                <DayTypeRef ref="VTR:DayType:2314"/>
              </dayTypes>
              <JourneyPatternRef version="775785" ref="VTR:JourneyPattern:775577"/>
              <OperatorRef ref="VTR:Operator:482"/>
              <LineRef ref="VTR:Line:1610" version="4915"/>
              <passingTimes>
                <TimetabledPassingTime version="775785" id="VTR:TimetabledPassingTime:775577_19847616_1">
                  <StopPointInJourneyPatternRef ref="VTR:StopPointInJourneyPattern:19847616" version="775785"/>
                  <DepartureTime>12:48:00</DepartureTime>
                  <DepartureDayOffset>0</DepartureDayOffset>
                </TimetabledPassingTime>
                <TimetabledPassingTime version="775785" id="VTR:TimetabledPassingTime:775577_19847617_2">
                  <StopPointInJourneyPatternRef ref="VTR:StopPointInJourneyPattern:19847617" version="775785"/>
                  <DepartureTime>12:50:00</DepartureTime>
                  <DepartureDayOffset>0</DepartureDayOffset>
                </TimetabledPassingTime>
                <TimetabledPassingTime version="775785" id="VTR:TimetabledPassingTime:775577_19847618_4">
                  <StopPointInJourneyPatternRef ref="VTR:StopPointInJourneyPattern:19847618" version="775785"/>
                  <DepartureTime>12:51:00</DepartureTime>
                  <DepartureDayOffset>0</DepartureDayOffset>
                </TimetabledPassingTime>
                <TimetabledPassingTime version="775785" id="VTR:TimetabledPassingTime:775577_19847619_5">
                  <StopPointInJourneyPatternRef ref="VTR:StopPointInJourneyPattern:19847619" version="775785"/>
                  <DepartureTime>12:52:00</DepartureTime>
                  <DepartureDayOffset>0</DepartureDayOffset>
                </TimetabledPassingTime>
                <TimetabledPassingTime version="775785" id="VTR:TimetabledPassingTime:775577_19847620_6">
                  <StopPointInJourneyPatternRef ref="VTR:StopPointInJourneyPattern:19847620" version="775785"/>
                  <DepartureTime>12:55:00</DepartureTime>
                  <DepartureDayOffset>0</DepartureDayOffset>
                </TimetabledPassingTime>
                <TimetabledPassingTime version="775785" id="VTR:TimetabledPassingTime:775577_19847621_7">
                  <StopPointInJourneyPatternRef ref="VTR:StopPointInJourneyPattern:19847621" version="775785"/>
                  <DepartureTime>12:57:00</DepartureTime>
                  <DepartureDayOffset>0</DepartureDayOffset>
                </TimetabledPassingTime>
                <TimetabledPassingTime version="775785" id="VTR:TimetabledPassingTime:775577_19847622_8">
                  <StopPointInJourneyPatternRef ref="VTR:StopPointInJourneyPattern:19847622" version="775785"/>
                  <DepartureTime>12:59:00</DepartureTime>
                  <DepartureDayOffset>0</DepartureDayOffset>
                </TimetabledPassingTime>
                <TimetabledPassingTime version="775785" id="VTR:TimetabledPassingTime:775577_19847623_9">
                  <StopPointInJourneyPatternRef ref="VTR:StopPointInJourneyPattern:19847623" version="775785"/>
                  <DepartureTime>13:02:00</DepartureTime>
                  <DepartureDayOffset>0</DepartureDayOffset>
                </TimetabledPassingTime>
                <TimetabledPassingTime version="775785" id="VTR:TimetabledPassingTime:775577_19847624_10">
                  <StopPointInJourneyPatternRef ref="VTR:StopPointInJourneyPattern:19847624" version="775785"/>
                  <DepartureTime>13:03:00</DepartureTime>
                  <DepartureDayOffset>0</DepartureDayOffset>
                </TimetabledPassingTime>
                <TimetabledPassingTime version="775785" id="VTR:TimetabledPassingTime:775577_19847625_11">
                  <StopPointInJourneyPatternRef ref="VTR:StopPointInJourneyPattern:19847625" version="775785"/>
                  <DepartureTime>13:06:00</DepartureTime>
                  <DepartureDayOffset>0</DepartureDayOffset>
                </TimetabledPassingTime>
                <TimetabledPassingTime version="775785" id="VTR:TimetabledPassingTime:775577_19847626_12">
                  <StopPointInJourneyPatternRef ref="VTR:StopPointInJourneyPattern:19847626" version="775785"/>
                  <DepartureTime>13:08:00</DepartureTime>
                  <DepartureDayOffset>0</DepartureDayOffset>
                </TimetabledPassingTime>
                <TimetabledPassingTime version="775785" id="VTR:TimetabledPassingTime:775577_19847627_13">
                  <StopPointInJourneyPatternRef ref="VTR:StopPointInJourneyPattern:19847627" version="775785"/>
                  <DepartureTime>13:10:00</DepartureTime>
                  <DepartureDayOffset>0</DepartureDayOffset>
                </TimetabledPassingTime>
                <TimetabledPassingTime version="775785" id="VTR:TimetabledPassingTime:775577_19847628_14">
                  <StopPointInJourneyPatternRef ref="VTR:StopPointInJourneyPattern:19847628" version="775785"/>
                  <DepartureTime>13:11:00</DepartureTime>
                  <DepartureDayOffset>0</DepartureDayOffset>
                </TimetabledPassingTime>
                <TimetabledPassingTime version="775785" id="VTR:TimetabledPassingTime:775577_19847629_16">
                  <StopPointInJourneyPatternRef ref="VTR:StopPointInJourneyPattern:19847629" version="775785"/>
                  <DepartureTime>13:14:00</DepartureTime>
                  <DepartureDayOffset>0</DepartureDayOffset>
                </TimetabledPassingTime>
                <TimetabledPassingTime version="775785" id="VTR:TimetabledPassingTime:775577_19847630_17">
                  <StopPointInJourneyPatternRef ref="VTR:StopPointInJourneyPattern:19847630" version="775785"/>
                  <DepartureTime>13:15:00</DepartureTime>
                  <DepartureDayOffset>0</DepartureDayOffset>
                </TimetabledPassingTime>
              </passingTimes>
            </ServiceJourney>
            <ServiceJourney version="775784" id="VTR:ServiceJourney:775576">
              <Name>Ž3A S. Daukanto mokykla-Autobusų parkas</Name>
              <PrivateCode>6</PrivateCode>
              <dayTypes>
                <DayTypeRef ref="VTR:DayType:2314"/>
              </dayTypes>
              <JourneyPatternRef version="775784" ref="VTR:JourneyPattern:775576"/>
              <OperatorRef ref="VTR:Operator:482"/>
              <LineRef ref="VTR:Line:1610" version="4915"/>
              <passingTimes>
                <TimetabledPassingTime version="775784" id="VTR:TimetabledPassingTime:775576_19847607_1">
                  <StopPointInJourneyPatternRef ref="VTR:StopPointInJourneyPattern:19847607" version="775784"/>
                  <DepartureTime>15:51:00</DepartureTime>
                  <DepartureDayOffset>0</DepartureDayOffset>
                </TimetabledPassingTime>
                <TimetabledPassingTime version="775784" id="VTR:TimetabledPassingTime:775576_19847608_2">
                  <StopPointInJourneyPatternRef ref="VTR:StopPointInJourneyPattern:19847608" version="775784"/>
                  <DepartureTime>15:55:00</DepartureTime>
                  <DepartureDayOffset>0</DepartureDayOffset>
                </TimetabledPassingTime>
                <TimetabledPassingTime version="775784" id="VTR:TimetabledPassingTime:775576_19847609_3">
                  <StopPointInJourneyPatternRef ref="VTR:StopPointInJourneyPattern:19847609" version="775784"/>
                  <DepartureTime>15:58:00</DepartureTime>
                  <DepartureDayOffset>0</DepartureDayOffset>
                </TimetabledPassingTime>
                <TimetabledPassingTime version="775784" id="VTR:TimetabledPassingTime:775576_19847610_4">
                  <StopPointInJourneyPatternRef ref="VTR:StopPointInJourneyPattern:19847610" version="775784"/>
                  <DepartureTime>16:01:00</DepartureTime>
                  <DepartureDayOffset>0</DepartureDayOffset>
                </TimetabledPassingTime>
                <TimetabledPassingTime version="775784" id="VTR:TimetabledPassingTime:775576_19847611_5">
                  <StopPointInJourneyPatternRef ref="VTR:StopPointInJourneyPattern:19847611" version="775784"/>
                  <DepartureTime>16:03:00</DepartureTime>
                  <DepartureDayOffset>0</DepartureDayOffset>
                </TimetabledPassingTime>
                <TimetabledPassingTime version="775784" id="VTR:TimetabledPassingTime:775576_19847612_6">
                  <StopPointInJourneyPatternRef ref="VTR:StopPointInJourneyPattern:19847612" version="775784"/>
                  <DepartureTime>16:05:00</DepartureTime>
                  <DepartureDayOffset>0</DepartureDayOffset>
                </TimetabledPassingTime>
                <TimetabledPassingTime version="775784" id="VTR:TimetabledPassingTime:775576_19847613_7">
                  <StopPointInJourneyPatternRef ref="VTR:StopPointInJourneyPattern:19847613" version="775784"/>
                  <DepartureTime>16:06:00</DepartureTime>
                  <DepartureDayOffset>0</DepartureDayOffset>
                </TimetabledPassingTime>
                <TimetabledPassingTime version="775784" id="VTR:TimetabledPassingTime:775576_19847614_9">
                  <StopPointInJourneyPatternRef ref="VTR:StopPointInJourneyPattern:19847614" version="775784"/>
                  <DepartureTime>16:09:00</DepartureTime>
                  <DepartureDayOffset>0</DepartureDayOffset>
                </TimetabledPassingTime>
                <TimetabledPassingTime version="775784" id="VTR:TimetabledPassingTime:775576_19847615_10">
                  <StopPointInJourneyPatternRef ref="VTR:StopPointInJourneyPattern:19847615" version="775784"/>
                  <DepartureTime>16:10:00</DepartureTime>
                  <DepartureDayOffset>0</DepartureDayOffset>
                </TimetabledPassingTime>
              </passingTimes>
            </ServiceJourney>
            <ServiceJourney version="775783" id="VTR:ServiceJourney:775575">
              <Name>Ž3A S. Daukanto mokykla-Autobusų parkas</Name>
              <PrivateCode>4</PrivateCode>
              <dayTypes>
                <DayTypeRef ref="VTR:DayType:2314"/>
              </dayTypes>
              <JourneyPatternRef version="775783" ref="VTR:JourneyPattern:775575"/>
              <OperatorRef ref="VTR:Operator:482"/>
              <LineRef ref="VTR:Line:1610" version="4915"/>
              <passingTimes>
                <TimetabledPassingTime version="775783" id="VTR:TimetabledPassingTime:775575_19847598_1">
                  <StopPointInJourneyPatternRef ref="VTR:StopPointInJourneyPattern:19847598" version="775783"/>
                  <DepartureTime>07:32:00</DepartureTime>
                  <DepartureDayOffset>0</DepartureDayOffset>
                </TimetabledPassingTime>
                <TimetabledPassingTime version="775783" id="VTR:TimetabledPassingTime:775575_19847599_2">
                  <StopPointInJourneyPatternRef ref="VTR:StopPointInJourneyPattern:19847599" version="775783"/>
                  <DepartureTime>07:36:00</DepartureTime>
                  <DepartureDayOffset>0</DepartureDayOffset>
                </TimetabledPassingTime>
                <TimetabledPassingTime version="775783" id="VTR:TimetabledPassingTime:775575_19847600_3">
                  <StopPointInJourneyPatternRef ref="VTR:StopPointInJourneyPattern:19847600" version="775783"/>
                  <DepartureTime>07:38:00</DepartureTime>
                  <DepartureDayOffset>0</DepartureDayOffset>
                </TimetabledPassingTime>
                <TimetabledPassingTime version="775783" id="VTR:TimetabledPassingTime:775575_19847601_4">
                  <StopPointInJourneyPatternRef ref="VTR:StopPointInJourneyPattern:19847601" version="775783"/>
                  <DepartureTime>07:41:00</DepartureTime>
                  <DepartureDayOffset>0</DepartureDayOffset>
                </TimetabledPassingTime>
                <TimetabledPassingTime version="775783" id="VTR:TimetabledPassingTime:775575_19847602_5">
                  <StopPointInJourneyPatternRef ref="VTR:StopPointInJourneyPattern:19847602" version="775783"/>
                  <DepartureTime>07:43:00</DepartureTime>
                  <DepartureDayOffset>0</DepartureDayOffset>
                </TimetabledPassingTime>
                <TimetabledPassingTime version="775783" id="VTR:TimetabledPassingTime:775575_19847603_6">
                  <StopPointInJourneyPatternRef ref="VTR:StopPointInJourneyPattern:19847603" version="775783"/>
                  <DepartureTime>07:45:00</DepartureTime>
                  <DepartureDayOffset>0</DepartureDayOffset>
                </TimetabledPassingTime>
                <TimetabledPassingTime version="775783" id="VTR:TimetabledPassingTime:775575_19847604_7">
                  <StopPointInJourneyPatternRef ref="VTR:StopPointInJourneyPattern:19847604" version="775783"/>
                  <DepartureTime>07:46:00</DepartureTime>
                  <DepartureDayOffset>0</DepartureDayOffset>
                </TimetabledPassingTime>
                <TimetabledPassingTime version="775783" id="VTR:TimetabledPassingTime:775575_19847605_9">
                  <StopPointInJourneyPatternRef ref="VTR:StopPointInJourneyPattern:19847605" version="775783"/>
                  <DepartureTime>07:49:00</DepartureTime>
                  <DepartureDayOffset>0</DepartureDayOffset>
                </TimetabledPassingTime>
                <TimetabledPassingTime version="775783" id="VTR:TimetabledPassingTime:775575_19847606_10">
                  <StopPointInJourneyPatternRef ref="VTR:StopPointInJourneyPattern:19847606" version="775783"/>
                  <DepartureTime>07:50:00</DepartureTime>
                  <DepartureDayOffset>0</DepartureDayOffset>
                </TimetabledPassingTime>
              </passingTimes>
            </ServiceJourney>
          </vehicleJourneys>
        </TimetableFrame>
        <ResourceFrame version="1" id="VTR:ResourceFrame:1385">
          <organisations>
            <Authority version="1" id="VTR:Authority:18">
              <CompanyNumber>56</CompanyNumber>
              <Name>Kretingos r. sav.</Name>
              <LegalName>Kretingos r. sav.</LegalName>
              <ContactDetails>
                <Email>savivaldybe@kretinga.lt</Email>
                <Phone>844553141</Phone>
                <Url>www.kretinga.lt</Url>
              </ContactDetails>
              <OrganisationType>authority</OrganisationType>
            </Authority>
          </organisations>
        </ResourceFrame>
      </frames>
    </CompositeFrame>
  </dataObjects>
</PublicationDelivery>
