<?xml version="1.0" encoding="UTF-8"?><PublicationDelivery xmlns="http://www.netex.org.uk/netex" xmlns:gis="http://www.opengis.net/gml/3.2" xmlns:ns2="http://www.opengis.net/gml/3.2" xmlns:ns3="http://www.siri.org.uk/siri" xmlns:xsi="http://www.w3.org/2001/XMLSchema-instance" version="1" xsi:schemaLocation="">
  <PublicationTimestamp>2022-05-07T03:45:00.262</PublicationTimestamp>
  <ParticipantRef>VTR</ParticipantRef>
  <Description>1</Description>
  <dataObjects>
    <CompositeFrame created="2022-05-07T03:45:00.262" version="1" id="VTR:CompositeFrame:1385">
      <validityConditions>
        <AvailabilityCondition version="1" id="VTR:AvailabilityCondition:1385">
          <FromDate>2015-08-03T08:56:51</FromDate>
          <ToDate>2027-12-30T00:00:00</ToDate>
        </AvailabilityCondition>
      </validityConditions>
      <codespaces>
        <Codespace id="vtr">
          <Xmlns>VTR</Xmlns>
          <XmlnsUrl>http://www.visimarsrutai.lt/</XmlnsUrl>
        </Codespace>
      </codespaces>
      <FrameDefaults>
        <DefaultLocale>
          <TimeZone>Europe/Vilnius</TimeZone>
        </DefaultLocale>
        <DefaultLocationSystem>WGS84</DefaultLocationSystem>
      </FrameDefaults>
      <frames>
        <ServiceCalendarFrame version="1" id="VTR:ServiceCalendarFrame:1385">
          <dayTypes>
            <DayType id="VTR:DayType:2294" version="1">
              <properties>
                <PropertyOfDay>
                  <DaysOfWeek>Monday Tuesday Wednesday Thursday Friday Saturday</DaysOfWeek>
                </PropertyOfDay>
              </properties>
            </DayType>
          </dayTypes>
          <operatingPeriods>
            <OperatingPeriod version="1" id="VTR:OperatingPeriod:2294">
              <FromDate>2015-10-02T00:00:00</FromDate>
              <ToDate>2020-12-31T00:00:00</ToDate>
            </OperatingPeriod>
          </operatingPeriods>
          <dayTypeAssignments>
            <DayTypeAssignment id="VTR:DayTypeAssignment:2294_0" version="1" order="1968">
              <OperatingPeriodRef ref="VTR:OperatingPeriod:2294" version="1"/>
              <DayTypeRef ref="VTR:DayType:2294" version="1"/>
            </DayTypeAssignment>
          </dayTypeAssignments>
        </ServiceCalendarFrame>
        <ServiceFrame id="VTR:ServiceFrame:1385" version="1">
          <Network version="0" id="VTR:Network:18"/>
          <routePoints>
            <RoutePoint version="1" id="VTR:RoutePoint:113270">
              <projections>
                <PointProjection version="1" id="VTR:PointProjection:33025">
                  <ProjectedPointRef ref="VTR:ScheduledStopPoint:113270" version="1"/>
                </PointProjection>
              </projections>
            </RoutePoint>
            <RoutePoint version="1" id="VTR:RoutePoint:67187">
              <projections>
                <PointProjection version="1" id="VTR:PointProjection:20749">
                  <ProjectedPointRef ref="VTR:ScheduledStopPoint:67187" version="1"/>
                </PointProjection>
              </projections>
            </RoutePoint>
            <RoutePoint version="1" id="VTR:RoutePoint:67189">
              <projections>
                <PointProjection version="1" id="VTR:PointProjection:20750">
                  <ProjectedPointRef ref="VTR:ScheduledStopPoint:67189" version="1"/>
                </PointProjection>
              </projections>
            </RoutePoint>
            <RoutePoint version="1" id="VTR:RoutePoint:67191">
              <projections>
                <PointProjection version="1" id="VTR:PointProjection:20798">
                  <ProjectedPointRef ref="VTR:ScheduledStopPoint:67191" version="1"/>
                </PointProjection>
              </projections>
            </RoutePoint>
            <RoutePoint version="1" id="VTR:RoutePoint:67193">
              <projections>
                <PointProjection version="1" id="VTR:PointProjection:20799">
                  <ProjectedPointRef ref="VTR:ScheduledStopPoint:67193" version="1"/>
                </PointProjection>
              </projections>
            </RoutePoint>
            <RoutePoint version="1" id="VTR:RoutePoint:67194">
              <projections>
                <PointProjection version="1" id="VTR:PointProjection:20800">
                  <ProjectedPointRef ref="VTR:ScheduledStopPoint:67194" version="1"/>
                </PointProjection>
              </projections>
            </RoutePoint>
            <RoutePoint version="1" id="VTR:RoutePoint:67195">
              <projections>
                <PointProjection version="1" id="VTR:PointProjection:20801">
                  <ProjectedPointRef ref="VTR:ScheduledStopPoint:67195" version="1"/>
                </PointProjection>
              </projections>
            </RoutePoint>
          </routePoints>
          <routes>
            <Route version="1" id="VTR:Route:4030">
              <Name>Kretinga-Palanga (ekspresas)</Name>
              <ShortName>Kretinga-Palanga (ekspresas)</ShortName>
              <LineRef ref="VTR:Line:1647" version="1627"/>
              <DirectionType>outbound</DirectionType>
              <pointsInSequence>
                <PointOnRoute version="1" id="VTR:PointOnRoute:67187" order="1">
                  <RoutePointRef ref="VTR:RoutePoint:67187"/>
                </PointOnRoute>
                <PointOnRoute version="1" id="VTR:PointOnRoute:113270" order="2">
                  <RoutePointRef ref="VTR:RoutePoint:113270"/>
                </PointOnRoute>
                <PointOnRoute version="1" id="VTR:PointOnRoute:67189" order="4">
                  <RoutePointRef ref="VTR:RoutePoint:67189"/>
                </PointOnRoute>
                <PointOnRoute version="1" id="VTR:PointOnRoute:67191" order="6">
                  <RoutePointRef ref="VTR:RoutePoint:67191"/>
                </PointOnRoute>
                <PointOnRoute version="1" id="VTR:PointOnRoute:67193" order="8">
                  <RoutePointRef ref="VTR:RoutePoint:67193"/>
                </PointOnRoute>
                <PointOnRoute version="1" id="VTR:PointOnRoute:67194" order="9">
                  <RoutePointRef ref="VTR:RoutePoint:67194"/>
                </PointOnRoute>
                <PointOnRoute version="1" id="VTR:PointOnRoute:67195" order="10">
                  <RoutePointRef ref="VTR:RoutePoint:67195"/>
                </PointOnRoute>
              </pointsInSequence>
            </Route>
          </routes>
          <lines>
            <Line version="1627" id="VTR:Line:1647">
              <Name>Kretinga-Palanga (ekspresas)</Name>
              <TransportMode>bus</TransportMode>
              <TransportSubmode>
                <BusSubmode>regionalBus</BusSubmode>
              </TransportSubmode>
              <PublicCode>63</PublicCode>
              <OperatorRef ref="VTR:Operator:18"/>
            </Line>
          </lines>
          <scheduledStopPoints>
            <ScheduledStopPoint version="1" id="VTR:ScheduledStopPoint:113270">
              <Name>Melioratorių g.</Name>
            </ScheduledStopPoint>
            <ScheduledStopPoint version="1" id="VTR:ScheduledStopPoint:67187">
              <Name>Autobusų parkas</Name>
            </ScheduledStopPoint>
            <ScheduledStopPoint version="1" id="VTR:ScheduledStopPoint:67189">
              <Name>Tuopa</Name>
            </ScheduledStopPoint>
            <ScheduledStopPoint version="1" id="VTR:ScheduledStopPoint:67191">
              <Name>Rotušės aikštė</Name>
            </ScheduledStopPoint>
            <ScheduledStopPoint version="1" id="VTR:ScheduledStopPoint:67193">
              <Name>Žemės ūkio mokykla</Name>
            </ScheduledStopPoint>
            <ScheduledStopPoint version="1" id="VTR:ScheduledStopPoint:67194">
              <Name>Vydmantai</Name>
            </ScheduledStopPoint>
            <ScheduledStopPoint version="1" id="VTR:ScheduledStopPoint:67195">
              <Name>Palangos autobusų stotis</Name>
            </ScheduledStopPoint>
          </scheduledStopPoints>
          <serviceLinks>
            <ServiceLink id="VTR:ServiceLink:67193_1_67194_1" version="1">
              <Distance>5</Distance>
              <FromPointRef ref="VTR:ScheduledStopPoint:67193" version="1"/>
              <ToPointRef ref="VTR:ScheduledStopPoint:67194" version="1"/>
            </ServiceLink>
            <ServiceLink id="VTR:ServiceLink:67194_1_67195_1" version="1">
              <Distance>3</Distance>
              <FromPointRef ref="VTR:ScheduledStopPoint:67194" version="1"/>
              <ToPointRef ref="VTR:ScheduledStopPoint:67195" version="1"/>
            </ServiceLink>
            <ServiceLink id="VTR:ServiceLink:67187_1_113270_1" version="1">
              <Distance>0</Distance>
              <FromPointRef ref="VTR:ScheduledStopPoint:67187" version="1"/>
              <ToPointRef ref="VTR:ScheduledStopPoint:113270" version="1"/>
            </ServiceLink>
          </serviceLinks>
          <stopAssignments>
            <PassengerStopAssignment order="403000000" id="VTR:PassengerStopAssignment:67187" version="1">
              <ScheduledStopPointRef ref="VTR:ScheduledStopPoint:67187" version="1"/>
              <QuayRef ref="VTR:Quay:21204"/>
            </PassengerStopAssignment>
            <PassengerStopAssignment order="403000001" id="VTR:PassengerStopAssignment:113270" version="1">
              <ScheduledStopPointRef ref="VTR:ScheduledStopPoint:113270" version="1"/>
              <QuayRef ref="VTR:Quay:11970"/>
            </PassengerStopAssignment>
            <PassengerStopAssignment order="403000003" id="VTR:PassengerStopAssignment:67189" version="1">
              <ScheduledStopPointRef ref="VTR:ScheduledStopPoint:67189" version="1"/>
              <QuayRef ref="VTR:Quay:21207"/>
            </PassengerStopAssignment>
            <PassengerStopAssignment order="403000005" id="VTR:PassengerStopAssignment:67191" version="1">
              <ScheduledStopPointRef ref="VTR:ScheduledStopPoint:67191" version="1"/>
              <QuayRef ref="VTR:Quay:21210"/>
            </PassengerStopAssignment>
            <PassengerStopAssignment order="403000007" id="VTR:PassengerStopAssignment:67193" version="1">
              <ScheduledStopPointRef ref="VTR:ScheduledStopPoint:67193" version="1"/>
              <QuayRef ref="VTR:Quay:4465"/>
            </PassengerStopAssignment>
            <PassengerStopAssignment order="403000008" id="VTR:PassengerStopAssignment:67194" version="1">
              <ScheduledStopPointRef ref="VTR:ScheduledStopPoint:67194" version="1"/>
              <QuayRef ref="VTR:Quay:4557"/>
            </PassengerStopAssignment>
            <PassengerStopAssignment order="403000009" id="VTR:PassengerStopAssignment:67195" version="1">
              <ScheduledStopPointRef ref="VTR:ScheduledStopPoint:67195" version="1"/>
              <QuayRef ref="VTR:Quay:19446"/>
            </PassengerStopAssignment>
          </stopAssignments>
          <journeyPatterns>
            <JourneyPattern id="VTR:JourneyPattern:55511" version="55547">
              <Name>1</Name>
              <RouteRef ref="VTR:Route:4030" version="1"/>
              <pointsInSequence>
                <StopPointInJourneyPattern id="VTR:StopPointInJourneyPattern:1128287" version="55547" order="1">
                  <ScheduledStopPointRef ref="VTR:ScheduledStopPoint:67187"/>
                  <DestinationDisplayRef ref="VTR:DestinationDisplay:1"/>
                </StopPointInJourneyPattern>
                <StopPointInJourneyPattern id="VTR:StopPointInJourneyPattern:1128288" version="55547" order="2">
                  <ScheduledStopPointRef ref="VTR:ScheduledStopPoint:113270"/>
                  <DestinationDisplayRef ref="VTR:DestinationDisplay:1"/>
                </StopPointInJourneyPattern>
                <StopPointInJourneyPattern id="VTR:StopPointInJourneyPattern:1128289" version="55547" order="4">
                  <ScheduledStopPointRef ref="VTR:ScheduledStopPoint:67189"/>
                  <DestinationDisplayRef ref="VTR:DestinationDisplay:1"/>
                </StopPointInJourneyPattern>
                <StopPointInJourneyPattern id="VTR:StopPointInJourneyPattern:1128290" version="55547" order="6">
                  <ScheduledStopPointRef ref="VTR:ScheduledStopPoint:67191"/>
                  <DestinationDisplayRef ref="VTR:DestinationDisplay:1"/>
                </StopPointInJourneyPattern>
                <StopPointInJourneyPattern id="VTR:StopPointInJourneyPattern:1128291" version="55547" order="8">
                  <ScheduledStopPointRef ref="VTR:ScheduledStopPoint:67193"/>
                  <DestinationDisplayRef ref="VTR:DestinationDisplay:1"/>
                </StopPointInJourneyPattern>
                <StopPointInJourneyPattern id="VTR:StopPointInJourneyPattern:1128292" version="55547" order="9">
                  <ScheduledStopPointRef ref="VTR:ScheduledStopPoint:67194"/>
                  <DestinationDisplayRef ref="VTR:DestinationDisplay:1"/>
                </StopPointInJourneyPattern>
                <StopPointInJourneyPattern id="VTR:StopPointInJourneyPattern:1128293" version="55547" order="10">
                  <ScheduledStopPointRef ref="VTR:ScheduledStopPoint:67195"/>
                  <DestinationDisplayRef ref="VTR:DestinationDisplay:1"/>
                </StopPointInJourneyPattern>
              </pointsInSequence>
            </JourneyPattern>
          </journeyPatterns>
        </ServiceFrame>
        <TimetableFrame version="1" id="VTR:TimetableFrame:1385">
          <vehicleJourneys>
            <ServiceJourney version="55547" id="VTR:ServiceJourney:55511">
              <Name>Kretinga-Palanga (ekspresas)</Name>
              <PrivateCode>1</PrivateCode>
              <dayTypes>
                <DayTypeRef ref="VTR:DayType:2294"/>
              </dayTypes>
              <JourneyPatternRef version="55547" ref="VTR:JourneyPattern:55511"/>
              <OperatorRef ref="VTR:Operator:"/>
              <LineRef ref="VTR:Line:1647" version="1627"/>
              <passingTimes>
                <TimetabledPassingTime version="55547" id="VTR:TimetabledPassingTime:55511_1128287_1">
                  <StopPointInJourneyPatternRef ref="VTR:StopPointInJourneyPattern:1128287" version="55547"/>
                  <DepartureTime>11:05:00</DepartureTime>
                  <DepartureDayOffset>0</DepartureDayOffset>
                </TimetabledPassingTime>
                <TimetabledPassingTime version="55547" id="VTR:TimetabledPassingTime:55511_1128288_2">
                  <StopPointInJourneyPatternRef ref="VTR:StopPointInJourneyPattern:1128288" version="55547"/>
                  <DepartureTime>11:06:00</DepartureTime>
                  <DepartureDayOffset>0</DepartureDayOffset>
                </TimetabledPassingTime>
                <TimetabledPassingTime version="55547" id="VTR:TimetabledPassingTime:55511_1128289_4">
                  <StopPointInJourneyPatternRef ref="VTR:StopPointInJourneyPattern:1128289" version="55547"/>
                  <DepartureTime>11:10:00</DepartureTime>
                  <DepartureDayOffset>0</DepartureDayOffset>
                </TimetabledPassingTime>
                <TimetabledPassingTime version="55547" id="VTR:TimetabledPassingTime:55511_1128290_6">
                  <StopPointInJourneyPatternRef ref="VTR:StopPointInJourneyPattern:1128290" version="55547"/>
                  <DepartureTime>11:15:00</DepartureTime>
                  <DepartureDayOffset>0</DepartureDayOffset>
                </TimetabledPassingTime>
                <TimetabledPassingTime version="55547" id="VTR:TimetabledPassingTime:55511_1128291_8">
                  <StopPointInJourneyPatternRef ref="VTR:StopPointInJourneyPattern:1128291" version="55547"/>
                  <DepartureTime>11:20:00</DepartureTime>
                  <DepartureDayOffset>0</DepartureDayOffset>
                </TimetabledPassingTime>
                <TimetabledPassingTime version="55547" id="VTR:TimetabledPassingTime:55511_1128292_9">
                  <StopPointInJourneyPatternRef ref="VTR:StopPointInJourneyPattern:1128292" version="55547"/>
                  <DepartureTime>11:25:00</DepartureTime>
                  <DepartureDayOffset>0</DepartureDayOffset>
                </TimetabledPassingTime>
                <TimetabledPassingTime version="55547" id="VTR:TimetabledPassingTime:55511_1128293_10">
                  <StopPointInJourneyPatternRef ref="VTR:StopPointInJourneyPattern:1128293" version="55547"/>
                  <DepartureTime>11:42:00</DepartureTime>
                  <DepartureDayOffset>0</DepartureDayOffset>
                </TimetabledPassingTime>
              </passingTimes>
            </ServiceJourney>
          </vehicleJourneys>
        </TimetableFrame>
        <ResourceFrame version="1" id="VTR:ResourceFrame:1385">
          <organisations>
            <Authority version="1" id="VTR:Authority:18">
              <CompanyNumber>56</CompanyNumber>
              <Name>Kretingos r. sav.</Name>
              <LegalName>Kretingos r. sav.</LegalName>
              <ContactDetails>
                <Email>savivaldybe@kretinga.lt</Email>
                <Phone>844553141</Phone>
                <Url>www.kretinga.lt</Url>
              </ContactDetails>
              <OrganisationType>authority</OrganisationType>
            </Authority>
          </organisations>
        </ResourceFrame>
      </frames>
    </CompositeFrame>
  </dataObjects>
</PublicationDelivery>
