<?xml version="1.0" encoding="UTF-8"?><PublicationDelivery xmlns="http://www.netex.org.uk/netex" xmlns:gis="http://www.opengis.net/gml/3.2" xmlns:ns2="http://www.opengis.net/gml/3.2" xmlns:ns3="http://www.siri.org.uk/siri" xmlns:xsi="http://www.w3.org/2001/XMLSchema-instance" version="1" xsi:schemaLocation="">
  <PublicationTimestamp>2022-05-07T03:45:00.262</PublicationTimestamp>
  <ParticipantRef>VTR</ParticipantRef>
  <Description>1</Description>
  <dataObjects>
    <CompositeFrame created="2022-05-07T03:45:00.262" version="1" id="VTR:CompositeFrame:1385">
      <validityConditions>
        <AvailabilityCondition version="1" id="VTR:AvailabilityCondition:1385">
          <FromDate>2015-08-06T14:47:24</FromDate>
          <ToDate>2027-12-30T00:00:00</ToDate>
        </AvailabilityCondition>
      </validityConditions>
      <codespaces>
        <Codespace id="vtr">
          <Xmlns>VTR</Xmlns>
          <XmlnsUrl>http://www.visimarsrutai.lt/</XmlnsUrl>
        </Codespace>
      </codespaces>
      <FrameDefaults>
        <DefaultLocale>
          <TimeZone>Europe/Vilnius</TimeZone>
        </DefaultLocale>
        <DefaultLocationSystem>WGS84</DefaultLocationSystem>
      </FrameDefaults>
      <frames>
        <ServiceCalendarFrame version="1" id="VTR:ServiceCalendarFrame:1385">
          <dayTypes>
            <DayType id="VTR:DayType:1522" version="1">
              <properties>
                <PropertyOfDay>
                  <DaysOfWeek>Sunday</DaysOfWeek>
                </PropertyOfDay>
              </properties>
            </DayType>
          </dayTypes>
          <operatingPeriods>
            <OperatingPeriod version="1" id="VTR:OperatingPeriod:1522">
              <FromDate>2015-08-31T00:00:00</FromDate>
              <ToDate>2020-12-31T00:00:00</ToDate>
            </OperatingPeriod>
          </operatingPeriods>
          <dayTypeAssignments>
            <DayTypeAssignment id="VTR:DayTypeAssignment:1522_0" version="1" order="1515">
              <OperatingPeriodRef ref="VTR:OperatingPeriod:1522" version="1"/>
              <DayTypeRef ref="VTR:DayType:1522" version="1"/>
            </DayTypeAssignment>
          </dayTypeAssignments>
        </ServiceCalendarFrame>
        <ServiceFrame id="VTR:ServiceFrame:1385" version="1">
          <Network version="0" id="VTR:Network:18"/>
          <routePoints>
            <RoutePoint version="1" id="VTR:RoutePoint:71882">
              <projections>
                <PointProjection version="1" id="VTR:PointProjection:21893">
                  <ProjectedPointRef ref="VTR:ScheduledStopPoint:71882" version="1"/>
                </PointProjection>
              </projections>
            </RoutePoint>
            <RoutePoint version="1" id="VTR:RoutePoint:71883">
              <projections>
                <PointProjection version="1" id="VTR:PointProjection:21894">
                  <ProjectedPointRef ref="VTR:ScheduledStopPoint:71883" version="1"/>
                </PointProjection>
              </projections>
            </RoutePoint>
            <RoutePoint version="1" id="VTR:RoutePoint:71884">
              <projections>
                <PointProjection version="1" id="VTR:PointProjection:21895">
                  <ProjectedPointRef ref="VTR:ScheduledStopPoint:71884" version="1"/>
                </PointProjection>
              </projections>
            </RoutePoint>
            <RoutePoint version="1" id="VTR:RoutePoint:71885">
              <projections>
                <PointProjection version="1" id="VTR:PointProjection:21896">
                  <ProjectedPointRef ref="VTR:ScheduledStopPoint:71885" version="1"/>
                </PointProjection>
              </projections>
            </RoutePoint>
            <RoutePoint version="1" id="VTR:RoutePoint:71886">
              <projections>
                <PointProjection version="1" id="VTR:PointProjection:21897">
                  <ProjectedPointRef ref="VTR:ScheduledStopPoint:71886" version="1"/>
                </PointProjection>
              </projections>
            </RoutePoint>
            <RoutePoint version="1" id="VTR:RoutePoint:71887">
              <projections>
                <PointProjection version="1" id="VTR:PointProjection:21898">
                  <ProjectedPointRef ref="VTR:ScheduledStopPoint:71887" version="1"/>
                </PointProjection>
              </projections>
            </RoutePoint>
            <RoutePoint version="1" id="VTR:RoutePoint:71888">
              <projections>
                <PointProjection version="1" id="VTR:PointProjection:21899">
                  <ProjectedPointRef ref="VTR:ScheduledStopPoint:71888" version="1"/>
                </PointProjection>
              </projections>
            </RoutePoint>
          </routePoints>
          <routes>
            <Route version="1" id="VTR:Route:4313">
              <Name>Naujoji Įpiltis-Laukžemė</Name>
              <ShortName>Naujoji Įpiltis-Laukžemė</ShortName>
              <LineRef ref="VTR:Line:1788" version="1769"/>
              <DirectionType>inbound</DirectionType>
              <pointsInSequence>
                <PointOnRoute version="1" id="VTR:PointOnRoute:71882" order="1">
                  <RoutePointRef ref="VTR:RoutePoint:71882"/>
                </PointOnRoute>
                <PointOnRoute version="1" id="VTR:PointOnRoute:71883" order="2">
                  <RoutePointRef ref="VTR:RoutePoint:71883"/>
                </PointOnRoute>
                <PointOnRoute version="1" id="VTR:PointOnRoute:71884" order="3">
                  <RoutePointRef ref="VTR:RoutePoint:71884"/>
                </PointOnRoute>
                <PointOnRoute version="1" id="VTR:PointOnRoute:71885" order="4">
                  <RoutePointRef ref="VTR:RoutePoint:71885"/>
                </PointOnRoute>
                <PointOnRoute version="1" id="VTR:PointOnRoute:71886" order="5">
                  <RoutePointRef ref="VTR:RoutePoint:71886"/>
                </PointOnRoute>
                <PointOnRoute version="1" id="VTR:PointOnRoute:71887" order="6">
                  <RoutePointRef ref="VTR:RoutePoint:71887"/>
                </PointOnRoute>
                <PointOnRoute version="1" id="VTR:PointOnRoute:71888" order="7">
                  <RoutePointRef ref="VTR:RoutePoint:71888"/>
                </PointOnRoute>
              </pointsInSequence>
            </Route>
          </routes>
          <lines>
            <Line version="1769" id="VTR:Line:1788">
              <Name>Naujoji Įpiltis-Laukžemė</Name>
              <TransportMode>bus</TransportMode>
              <TransportSubmode>
                <BusSubmode>regionalBus</BusSubmode>
              </TransportSubmode>
              <PublicCode>82A</PublicCode>
              <OperatorRef ref="VTR:Operator:18"/>
            </Line>
          </lines>
          <scheduledStopPoints>
            <ScheduledStopPoint version="1" id="VTR:ScheduledStopPoint:71882">
              <Name>Naujoji Įpiltis</Name>
            </ScheduledStopPoint>
            <ScheduledStopPoint version="1" id="VTR:ScheduledStopPoint:71883">
              <Name>Kiaupiškė</Name>
            </ScheduledStopPoint>
            <ScheduledStopPoint version="1" id="VTR:ScheduledStopPoint:71884">
              <Name>Benaičiai</Name>
            </ScheduledStopPoint>
            <ScheduledStopPoint version="1" id="VTR:ScheduledStopPoint:71885">
              <Name>S. Įpiltis</Name>
            </ScheduledStopPoint>
            <ScheduledStopPoint version="1" id="VTR:ScheduledStopPoint:71886">
              <Name>Benaičiai</Name>
            </ScheduledStopPoint>
            <ScheduledStopPoint version="1" id="VTR:ScheduledStopPoint:71887">
              <Name>Sūdėnai</Name>
            </ScheduledStopPoint>
            <ScheduledStopPoint version="1" id="VTR:ScheduledStopPoint:71888">
              <Name>Laukžemė</Name>
            </ScheduledStopPoint>
          </scheduledStopPoints>
          <serviceLinks>
            <ServiceLink id="VTR:ServiceLink:71883_1_71884_1" version="1">
              <Distance>2</Distance>
              <FromPointRef ref="VTR:ScheduledStopPoint:71883" version="1"/>
              <ToPointRef ref="VTR:ScheduledStopPoint:71884" version="1"/>
            </ServiceLink>
            <ServiceLink id="VTR:ServiceLink:71884_1_71885_1" version="1">
              <Distance>2</Distance>
              <FromPointRef ref="VTR:ScheduledStopPoint:71884" version="1"/>
              <ToPointRef ref="VTR:ScheduledStopPoint:71885" version="1"/>
            </ServiceLink>
            <ServiceLink id="VTR:ServiceLink:71882_1_71883_1" version="1">
              <Distance>1</Distance>
              <FromPointRef ref="VTR:ScheduledStopPoint:71882" version="1"/>
              <ToPointRef ref="VTR:ScheduledStopPoint:71883" version="1"/>
            </ServiceLink>
            <ServiceLink id="VTR:ServiceLink:71886_1_71887_1" version="1">
              <Distance>2</Distance>
              <FromPointRef ref="VTR:ScheduledStopPoint:71886" version="1"/>
              <ToPointRef ref="VTR:ScheduledStopPoint:71887" version="1"/>
            </ServiceLink>
            <ServiceLink id="VTR:ServiceLink:71885_1_71886_1" version="1">
              <Distance>1</Distance>
              <FromPointRef ref="VTR:ScheduledStopPoint:71885" version="1"/>
              <ToPointRef ref="VTR:ScheduledStopPoint:71886" version="1"/>
            </ServiceLink>
            <ServiceLink id="VTR:ServiceLink:71887_1_71888_1" version="1">
              <Distance>2</Distance>
              <FromPointRef ref="VTR:ScheduledStopPoint:71887" version="1"/>
              <ToPointRef ref="VTR:ScheduledStopPoint:71888" version="1"/>
            </ServiceLink>
          </serviceLinks>
          <stopAssignments>
            <PassengerStopAssignment order="431300000" id="VTR:PassengerStopAssignment:71882" version="1">
              <ScheduledStopPointRef ref="VTR:ScheduledStopPoint:71882" version="1"/>
              <QuayRef ref="VTR:Quay:10366"/>
            </PassengerStopAssignment>
            <PassengerStopAssignment order="431300001" id="VTR:PassengerStopAssignment:71883" version="1">
              <ScheduledStopPointRef ref="VTR:ScheduledStopPoint:71883" version="1"/>
              <QuayRef ref="VTR:Quay:21629"/>
            </PassengerStopAssignment>
            <PassengerStopAssignment order="431300002" id="VTR:PassengerStopAssignment:71884" version="1">
              <ScheduledStopPointRef ref="VTR:ScheduledStopPoint:71884" version="1"/>
              <QuayRef ref="VTR:Quay:9214"/>
            </PassengerStopAssignment>
            <PassengerStopAssignment order="431300003" id="VTR:PassengerStopAssignment:71885" version="1">
              <ScheduledStopPointRef ref="VTR:ScheduledStopPoint:71885" version="1"/>
              <QuayRef ref="VTR:Quay:5631"/>
            </PassengerStopAssignment>
            <PassengerStopAssignment order="431300004" id="VTR:PassengerStopAssignment:71886" version="1">
              <ScheduledStopPointRef ref="VTR:ScheduledStopPoint:71886" version="1"/>
              <QuayRef ref="VTR:Quay:14404"/>
            </PassengerStopAssignment>
            <PassengerStopAssignment order="431300005" id="VTR:PassengerStopAssignment:71887" version="1">
              <ScheduledStopPointRef ref="VTR:ScheduledStopPoint:71887" version="1"/>
              <QuayRef ref="VTR:Quay:9195"/>
            </PassengerStopAssignment>
            <PassengerStopAssignment order="431300006" id="VTR:PassengerStopAssignment:71888" version="1">
              <ScheduledStopPointRef ref="VTR:ScheduledStopPoint:71888" version="1"/>
              <QuayRef ref="VTR:Quay:9197"/>
            </PassengerStopAssignment>
          </stopAssignments>
          <journeyPatterns>
            <JourneyPattern id="VTR:JourneyPattern:55259" version="55295">
              <Name>6</Name>
              <RouteRef ref="VTR:Route:4313" version="1"/>
              <pointsInSequence>
                <StopPointInJourneyPattern id="VTR:StopPointInJourneyPattern:1124740" version="55295" order="1">
                  <ScheduledStopPointRef ref="VTR:ScheduledStopPoint:71882"/>
                  <DestinationDisplayRef ref="VTR:DestinationDisplay:1"/>
                </StopPointInJourneyPattern>
                <StopPointInJourneyPattern id="VTR:StopPointInJourneyPattern:1124741" version="55295" order="2">
                  <ScheduledStopPointRef ref="VTR:ScheduledStopPoint:71883"/>
                  <DestinationDisplayRef ref="VTR:DestinationDisplay:1"/>
                </StopPointInJourneyPattern>
                <StopPointInJourneyPattern id="VTR:StopPointInJourneyPattern:1124742" version="55295" order="3">
                  <ScheduledStopPointRef ref="VTR:ScheduledStopPoint:71884"/>
                  <DestinationDisplayRef ref="VTR:DestinationDisplay:1"/>
                </StopPointInJourneyPattern>
                <StopPointInJourneyPattern id="VTR:StopPointInJourneyPattern:1124743" version="55295" order="4">
                  <ScheduledStopPointRef ref="VTR:ScheduledStopPoint:71885"/>
                  <DestinationDisplayRef ref="VTR:DestinationDisplay:1"/>
                </StopPointInJourneyPattern>
                <StopPointInJourneyPattern id="VTR:StopPointInJourneyPattern:1124744" version="55295" order="5">
                  <ScheduledStopPointRef ref="VTR:ScheduledStopPoint:71886"/>
                  <DestinationDisplayRef ref="VTR:DestinationDisplay:1"/>
                </StopPointInJourneyPattern>
                <StopPointInJourneyPattern id="VTR:StopPointInJourneyPattern:1124745" version="55295" order="6">
                  <ScheduledStopPointRef ref="VTR:ScheduledStopPoint:71887"/>
                  <DestinationDisplayRef ref="VTR:DestinationDisplay:1"/>
                </StopPointInJourneyPattern>
                <StopPointInJourneyPattern id="VTR:StopPointInJourneyPattern:1124746" version="55295" order="7">
                  <ScheduledStopPointRef ref="VTR:ScheduledStopPoint:71888"/>
                  <DestinationDisplayRef ref="VTR:DestinationDisplay:1"/>
                </StopPointInJourneyPattern>
              </pointsInSequence>
            </JourneyPattern>
          </journeyPatterns>
        </ServiceFrame>
        <TimetableFrame version="1" id="VTR:TimetableFrame:1385">
          <vehicleJourneys>
            <ServiceJourney version="55295" id="VTR:ServiceJourney:55259">
              <Name>Naujoji Įpiltis-Laukžemė</Name>
              <PrivateCode>6</PrivateCode>
              <dayTypes>
                <DayTypeRef ref="VTR:DayType:1522"/>
              </dayTypes>
              <JourneyPatternRef version="55295" ref="VTR:JourneyPattern:55259"/>
              <OperatorRef ref="VTR:Operator:"/>
              <LineRef ref="VTR:Line:1788" version="1769"/>
              <passingTimes>
                <TimetabledPassingTime version="55295" id="VTR:TimetabledPassingTime:55259_1124740_1">
                  <StopPointInJourneyPatternRef ref="VTR:StopPointInJourneyPattern:1124740" version="55295"/>
                  <DepartureTime>11:55:00</DepartureTime>
                  <DepartureDayOffset>0</DepartureDayOffset>
                </TimetabledPassingTime>
                <TimetabledPassingTime version="55295" id="VTR:TimetabledPassingTime:55259_1124741_2">
                  <StopPointInJourneyPatternRef ref="VTR:StopPointInJourneyPattern:1124741" version="55295"/>
                  <DepartureTime>11:57:00</DepartureTime>
                  <DepartureDayOffset>0</DepartureDayOffset>
                </TimetabledPassingTime>
                <TimetabledPassingTime version="55295" id="VTR:TimetabledPassingTime:55259_1124742_3">
                  <StopPointInJourneyPatternRef ref="VTR:StopPointInJourneyPattern:1124742" version="55295"/>
                  <DepartureTime>12:00:00</DepartureTime>
                  <DepartureDayOffset>0</DepartureDayOffset>
                </TimetabledPassingTime>
                <TimetabledPassingTime version="55295" id="VTR:TimetabledPassingTime:55259_1124743_4">
                  <StopPointInJourneyPatternRef ref="VTR:StopPointInJourneyPattern:1124743" version="55295"/>
                  <DepartureTime>12:04:00</DepartureTime>
                  <DepartureDayOffset>0</DepartureDayOffset>
                </TimetabledPassingTime>
                <TimetabledPassingTime version="55295" id="VTR:TimetabledPassingTime:55259_1124744_5">
                  <StopPointInJourneyPatternRef ref="VTR:StopPointInJourneyPattern:1124744" version="55295"/>
                  <DepartureTime>12:07:00</DepartureTime>
                  <DepartureDayOffset>0</DepartureDayOffset>
                </TimetabledPassingTime>
                <TimetabledPassingTime version="55295" id="VTR:TimetabledPassingTime:55259_1124745_6">
                  <StopPointInJourneyPatternRef ref="VTR:StopPointInJourneyPattern:1124745" version="55295"/>
                  <DepartureTime>12:13:00</DepartureTime>
                  <DepartureDayOffset>0</DepartureDayOffset>
                </TimetabledPassingTime>
                <TimetabledPassingTime version="55295" id="VTR:TimetabledPassingTime:55259_1124746_7">
                  <StopPointInJourneyPatternRef ref="VTR:StopPointInJourneyPattern:1124746" version="55295"/>
                  <DepartureTime>12:15:00</DepartureTime>
                  <DepartureDayOffset>0</DepartureDayOffset>
                </TimetabledPassingTime>
              </passingTimes>
            </ServiceJourney>
          </vehicleJourneys>
        </TimetableFrame>
        <ResourceFrame version="1" id="VTR:ResourceFrame:1385">
          <organisations>
            <Authority version="1" id="VTR:Authority:18">
              <CompanyNumber>56</CompanyNumber>
              <Name>Kretingos r. sav.</Name>
              <LegalName>Kretingos r. sav.</LegalName>
              <ContactDetails>
                <Email>savivaldybe@kretinga.lt</Email>
                <Phone>844553141</Phone>
                <Url>www.kretinga.lt</Url>
              </ContactDetails>
              <OrganisationType>authority</OrganisationType>
            </Authority>
          </organisations>
        </ResourceFrame>
      </frames>
    </CompositeFrame>
  </dataObjects>
</PublicationDelivery>
