<?xml version="1.0" encoding="UTF-8"?><PublicationDelivery xmlns="http://www.netex.org.uk/netex" xmlns:gis="http://www.opengis.net/gml/3.2" xmlns:ns2="http://www.opengis.net/gml/3.2" xmlns:ns3="http://www.siri.org.uk/siri" xmlns:xsi="http://www.w3.org/2001/XMLSchema-instance" version="1" xsi:schemaLocation="">
  <PublicationTimestamp>2022-05-07T03:45:00.262</PublicationTimestamp>
  <ParticipantRef>VTR</ParticipantRef>
  <Description>1</Description>
  <dataObjects>
    <CompositeFrame created="2022-05-07T03:45:00.262" version="1" id="VTR:CompositeFrame:1385">
      <validityConditions>
        <AvailabilityCondition version="1" id="VTR:AvailabilityCondition:1385">
          <FromDate>2015-08-06T09:07:58</FromDate>
          <ToDate>2027-12-30T00:00:00</ToDate>
        </AvailabilityCondition>
      </validityConditions>
      <codespaces>
        <Codespace id="vtr">
          <Xmlns>VTR</Xmlns>
          <XmlnsUrl>http://www.visimarsrutai.lt/</XmlnsUrl>
        </Codespace>
      </codespaces>
      <FrameDefaults>
        <DefaultLocale>
          <TimeZone>Europe/Vilnius</TimeZone>
        </DefaultLocale>
        <DefaultLocationSystem>WGS84</DefaultLocationSystem>
      </FrameDefaults>
      <frames>
        <ServiceCalendarFrame version="1" id="VTR:ServiceCalendarFrame:1385">
          <dayTypes>
            <DayType id="VTR:DayType:2202" version="1">
              <properties>
                <PropertyOfDay>
                  <DaysOfWeek>Monday Tuesday Wednesday Thursday</DaysOfWeek>
                </PropertyOfDay>
              </properties>
            </DayType>
          </dayTypes>
          <operatingPeriods>
            <OperatingPeriod version="1" id="VTR:OperatingPeriod:2202">
              <FromDate>2015-09-29T00:00:00</FromDate>
              <ToDate>2020-12-31T00:00:00</ToDate>
            </OperatingPeriod>
          </operatingPeriods>
          <dayTypeAssignments>
            <DayTypeAssignment id="VTR:DayTypeAssignment:2202_0" version="1" order="1936">
              <OperatingPeriodRef ref="VTR:OperatingPeriod:2202" version="1"/>
              <DayTypeRef ref="VTR:DayType:2202" version="1"/>
            </DayTypeAssignment>
          </dayTypeAssignments>
        </ServiceCalendarFrame>
        <ServiceFrame id="VTR:ServiceFrame:1385" version="1">
          <Network version="0" id="VTR:Network:18"/>
          <routePoints>
            <RoutePoint version="1" id="VTR:RoutePoint:107890">
              <projections>
                <PointProjection version="1" id="VTR:PointProjection:30678">
                  <ProjectedPointRef ref="VTR:ScheduledStopPoint:107890" version="1"/>
                </PointProjection>
              </projections>
            </RoutePoint>
            <RoutePoint version="1" id="VTR:RoutePoint:107891">
              <projections>
                <PointProjection version="1" id="VTR:PointProjection:30679">
                  <ProjectedPointRef ref="VTR:ScheduledStopPoint:107891" version="1"/>
                </PointProjection>
              </projections>
            </RoutePoint>
            <RoutePoint version="1" id="VTR:RoutePoint:71421">
              <projections>
                <PointProjection version="1" id="VTR:PointProjection:23508">
                  <ProjectedPointRef ref="VTR:ScheduledStopPoint:71421" version="1"/>
                </PointProjection>
              </projections>
            </RoutePoint>
            <RoutePoint version="1" id="VTR:RoutePoint:71422">
              <projections>
                <PointProjection version="1" id="VTR:PointProjection:23509">
                  <ProjectedPointRef ref="VTR:ScheduledStopPoint:71422" version="1"/>
                </PointProjection>
              </projections>
            </RoutePoint>
            <RoutePoint version="1" id="VTR:RoutePoint:71423">
              <projections>
                <PointProjection version="1" id="VTR:PointProjection:23510">
                  <ProjectedPointRef ref="VTR:ScheduledStopPoint:71423" version="1"/>
                </PointProjection>
              </projections>
            </RoutePoint>
            <RoutePoint version="1" id="VTR:RoutePoint:71424">
              <projections>
                <PointProjection version="1" id="VTR:PointProjection:23511">
                  <ProjectedPointRef ref="VTR:ScheduledStopPoint:71424" version="1"/>
                </PointProjection>
              </projections>
            </RoutePoint>
            <RoutePoint version="1" id="VTR:RoutePoint:71425">
              <projections>
                <PointProjection version="1" id="VTR:PointProjection:23512">
                  <ProjectedPointRef ref="VTR:ScheduledStopPoint:71425" version="1"/>
                </PointProjection>
              </projections>
            </RoutePoint>
            <RoutePoint version="1" id="VTR:RoutePoint:71426">
              <projections>
                <PointProjection version="1" id="VTR:PointProjection:23513">
                  <ProjectedPointRef ref="VTR:ScheduledStopPoint:71426" version="1"/>
                </PointProjection>
              </projections>
            </RoutePoint>
            <RoutePoint version="1" id="VTR:RoutePoint:71427">
              <projections>
                <PointProjection version="1" id="VTR:PointProjection:23516">
                  <ProjectedPointRef ref="VTR:ScheduledStopPoint:71427" version="1"/>
                </PointProjection>
              </projections>
            </RoutePoint>
            <RoutePoint version="1" id="VTR:RoutePoint:71428">
              <projections>
                <PointProjection version="1" id="VTR:PointProjection:23517">
                  <ProjectedPointRef ref="VTR:ScheduledStopPoint:71428" version="1"/>
                </PointProjection>
              </projections>
            </RoutePoint>
            <RoutePoint version="1" id="VTR:RoutePoint:71429">
              <projections>
                <PointProjection version="1" id="VTR:PointProjection:23519">
                  <ProjectedPointRef ref="VTR:ScheduledStopPoint:71429" version="1"/>
                </PointProjection>
              </projections>
            </RoutePoint>
            <RoutePoint version="1" id="VTR:RoutePoint:71431">
              <projections>
                <PointProjection version="1" id="VTR:PointProjection:23569">
                  <ProjectedPointRef ref="VTR:ScheduledStopPoint:71431" version="1"/>
                </PointProjection>
              </projections>
            </RoutePoint>
            <RoutePoint version="1" id="VTR:RoutePoint:71432">
              <projections>
                <PointProjection version="1" id="VTR:PointProjection:23570">
                  <ProjectedPointRef ref="VTR:ScheduledStopPoint:71432" version="1"/>
                </PointProjection>
              </projections>
            </RoutePoint>
            <RoutePoint version="1" id="VTR:RoutePoint:71433">
              <projections>
                <PointProjection version="1" id="VTR:PointProjection:23572">
                  <ProjectedPointRef ref="VTR:ScheduledStopPoint:71433" version="1"/>
                </PointProjection>
              </projections>
            </RoutePoint>
            <RoutePoint version="1" id="VTR:RoutePoint:71434">
              <projections>
                <PointProjection version="1" id="VTR:PointProjection:23573">
                  <ProjectedPointRef ref="VTR:ScheduledStopPoint:71434" version="1"/>
                </PointProjection>
              </projections>
            </RoutePoint>
            <RoutePoint version="1" id="VTR:RoutePoint:71435">
              <projections>
                <PointProjection version="1" id="VTR:PointProjection:23574">
                  <ProjectedPointRef ref="VTR:ScheduledStopPoint:71435" version="1"/>
                </PointProjection>
              </projections>
            </RoutePoint>
            <RoutePoint version="1" id="VTR:RoutePoint:71436">
              <projections>
                <PointProjection version="1" id="VTR:PointProjection:23575">
                  <ProjectedPointRef ref="VTR:ScheduledStopPoint:71436" version="1"/>
                </PointProjection>
              </projections>
            </RoutePoint>
            <RoutePoint version="1" id="VTR:RoutePoint:71437">
              <projections>
                <PointProjection version="1" id="VTR:PointProjection:23576">
                  <ProjectedPointRef ref="VTR:ScheduledStopPoint:71437" version="1"/>
                </PointProjection>
              </projections>
            </RoutePoint>
            <RoutePoint version="1" id="VTR:RoutePoint:71438">
              <projections>
                <PointProjection version="1" id="VTR:PointProjection:23577">
                  <ProjectedPointRef ref="VTR:ScheduledStopPoint:71438" version="1"/>
                </PointProjection>
              </projections>
            </RoutePoint>
            <RoutePoint version="1" id="VTR:RoutePoint:71439">
              <projections>
                <PointProjection version="1" id="VTR:PointProjection:23578">
                  <ProjectedPointRef ref="VTR:ScheduledStopPoint:71439" version="1"/>
                </PointProjection>
              </projections>
            </RoutePoint>
            <RoutePoint version="1" id="VTR:RoutePoint:71440">
              <projections>
                <PointProjection version="1" id="VTR:PointProjection:23579">
                  <ProjectedPointRef ref="VTR:ScheduledStopPoint:71440" version="1"/>
                </PointProjection>
              </projections>
            </RoutePoint>
            <RoutePoint version="1" id="VTR:RoutePoint:71441">
              <projections>
                <PointProjection version="1" id="VTR:PointProjection:23580">
                  <ProjectedPointRef ref="VTR:ScheduledStopPoint:71441" version="1"/>
                </PointProjection>
              </projections>
            </RoutePoint>
          </routePoints>
          <routes>
            <Route version="1" id="VTR:Route:4275">
              <Name>Grūšlaukė-Šukė-Kretinga</Name>
              <ShortName>Grūšlaukė-Šukė-Kretinga</ShortName>
              <LineRef ref="VTR:Line:1770" version="1751"/>
              <DirectionType>inbound</DirectionType>
              <pointsInSequence>
                <PointOnRoute version="1" id="VTR:PointOnRoute:71421" order="1">
                  <RoutePointRef ref="VTR:RoutePoint:71421"/>
                </PointOnRoute>
                <PointOnRoute version="1" id="VTR:PointOnRoute:71422" order="2">
                  <RoutePointRef ref="VTR:RoutePoint:71422"/>
                </PointOnRoute>
                <PointOnRoute version="1" id="VTR:PointOnRoute:71423" order="3">
                  <RoutePointRef ref="VTR:RoutePoint:71423"/>
                </PointOnRoute>
                <PointOnRoute version="1" id="VTR:PointOnRoute:71424" order="4">
                  <RoutePointRef ref="VTR:RoutePoint:71424"/>
                </PointOnRoute>
                <PointOnRoute version="1" id="VTR:PointOnRoute:71425" order="5">
                  <RoutePointRef ref="VTR:RoutePoint:71425"/>
                </PointOnRoute>
                <PointOnRoute version="1" id="VTR:PointOnRoute:71426" order="6">
                  <RoutePointRef ref="VTR:RoutePoint:71426"/>
                </PointOnRoute>
                <PointOnRoute version="1" id="VTR:PointOnRoute:71427" order="7">
                  <RoutePointRef ref="VTR:RoutePoint:71427"/>
                </PointOnRoute>
                <PointOnRoute version="1" id="VTR:PointOnRoute:71428" order="8">
                  <RoutePointRef ref="VTR:RoutePoint:71428"/>
                </PointOnRoute>
                <PointOnRoute version="1" id="VTR:PointOnRoute:71429" order="9">
                  <RoutePointRef ref="VTR:RoutePoint:71429"/>
                </PointOnRoute>
                <PointOnRoute version="1" id="VTR:PointOnRoute:107890" order="10">
                  <RoutePointRef ref="VTR:RoutePoint:107890"/>
                </PointOnRoute>
                <PointOnRoute version="1" id="VTR:PointOnRoute:107891" order="11">
                  <RoutePointRef ref="VTR:RoutePoint:107891"/>
                </PointOnRoute>
                <PointOnRoute version="1" id="VTR:PointOnRoute:71431" order="12">
                  <RoutePointRef ref="VTR:RoutePoint:71431"/>
                </PointOnRoute>
                <PointOnRoute version="1" id="VTR:PointOnRoute:71432" order="13">
                  <RoutePointRef ref="VTR:RoutePoint:71432"/>
                </PointOnRoute>
                <PointOnRoute version="1" id="VTR:PointOnRoute:71433" order="14">
                  <RoutePointRef ref="VTR:RoutePoint:71433"/>
                </PointOnRoute>
                <PointOnRoute version="1" id="VTR:PointOnRoute:71434" order="15">
                  <RoutePointRef ref="VTR:RoutePoint:71434"/>
                </PointOnRoute>
                <PointOnRoute version="1" id="VTR:PointOnRoute:71435" order="16">
                  <RoutePointRef ref="VTR:RoutePoint:71435"/>
                </PointOnRoute>
                <PointOnRoute version="1" id="VTR:PointOnRoute:71436" order="17">
                  <RoutePointRef ref="VTR:RoutePoint:71436"/>
                </PointOnRoute>
                <PointOnRoute version="1" id="VTR:PointOnRoute:71437" order="18">
                  <RoutePointRef ref="VTR:RoutePoint:71437"/>
                </PointOnRoute>
                <PointOnRoute version="1" id="VTR:PointOnRoute:71438" order="19">
                  <RoutePointRef ref="VTR:RoutePoint:71438"/>
                </PointOnRoute>
                <PointOnRoute version="1" id="VTR:PointOnRoute:71439" order="20">
                  <RoutePointRef ref="VTR:RoutePoint:71439"/>
                </PointOnRoute>
                <PointOnRoute version="1" id="VTR:PointOnRoute:71440" order="21">
                  <RoutePointRef ref="VTR:RoutePoint:71440"/>
                </PointOnRoute>
                <PointOnRoute version="1" id="VTR:PointOnRoute:71441" order="22">
                  <RoutePointRef ref="VTR:RoutePoint:71441"/>
                </PointOnRoute>
              </pointsInSequence>
            </Route>
          </routes>
          <lines>
            <Line version="1751" id="VTR:Line:1770">
              <Name>Grūšlaukė-Šukė-Kretinga</Name>
              <TransportMode>bus</TransportMode>
              <TransportSubmode>
                <BusSubmode>regionalBus</BusSubmode>
              </TransportSubmode>
              <PublicCode>70A</PublicCode>
              <OperatorRef ref="VTR:Operator:18"/>
            </Line>
          </lines>
          <scheduledStopPoints>
            <ScheduledStopPoint version="1" id="VTR:ScheduledStopPoint:107890">
              <Name>Kryžkelė I</Name>
            </ScheduledStopPoint>
            <ScheduledStopPoint version="1" id="VTR:ScheduledStopPoint:107891">
              <Name>Durpynas</Name>
            </ScheduledStopPoint>
            <ScheduledStopPoint version="1" id="VTR:ScheduledStopPoint:71421">
              <Name>Grūšlaukė</Name>
            </ScheduledStopPoint>
            <ScheduledStopPoint version="1" id="VTR:ScheduledStopPoint:71422">
              <Name>Kryžkelė</Name>
            </ScheduledStopPoint>
            <ScheduledStopPoint version="1" id="VTR:ScheduledStopPoint:71423">
              <Name>Latveliai</Name>
            </ScheduledStopPoint>
            <ScheduledStopPoint version="1" id="VTR:ScheduledStopPoint:71424">
              <Name>Kumpikų centras</Name>
            </ScheduledStopPoint>
            <ScheduledStopPoint version="1" id="VTR:ScheduledStopPoint:71425">
              <Name>Akmenalės</Name>
            </ScheduledStopPoint>
            <ScheduledStopPoint version="1" id="VTR:ScheduledStopPoint:71426">
              <Name>Vaineikiai</Name>
            </ScheduledStopPoint>
            <ScheduledStopPoint version="1" id="VTR:ScheduledStopPoint:71427">
              <Name>Šukės centras</Name>
            </ScheduledStopPoint>
            <ScheduledStopPoint version="1" id="VTR:ScheduledStopPoint:71428">
              <Name>Šukė</Name>
            </ScheduledStopPoint>
            <ScheduledStopPoint version="1" id="VTR:ScheduledStopPoint:71429">
              <Name>Kašučiai</Name>
            </ScheduledStopPoint>
            <ScheduledStopPoint version="1" id="VTR:ScheduledStopPoint:71431">
              <Name>Kašučių g.</Name>
            </ScheduledStopPoint>
            <ScheduledStopPoint version="1" id="VTR:ScheduledStopPoint:71432">
              <Name>Darbėnai</Name>
            </ScheduledStopPoint>
            <ScheduledStopPoint version="1" id="VTR:ScheduledStopPoint:71433">
              <Name>Pasertupis</Name>
            </ScheduledStopPoint>
            <ScheduledStopPoint version="1" id="VTR:ScheduledStopPoint:71434">
              <Name>Daubėnai</Name>
            </ScheduledStopPoint>
            <ScheduledStopPoint version="1" id="VTR:ScheduledStopPoint:71435">
              <Name>Tūbausiai</Name>
            </ScheduledStopPoint>
            <ScheduledStopPoint version="1" id="VTR:ScheduledStopPoint:71436">
              <Name>Senkai</Name>
            </ScheduledStopPoint>
            <ScheduledStopPoint version="1" id="VTR:ScheduledStopPoint:71437">
              <Name>Kurmaičiai</Name>
            </ScheduledStopPoint>
            <ScheduledStopPoint version="1" id="VTR:ScheduledStopPoint:71438">
              <Name>Laidojimo namai ,,Rimtis"</Name>
            </ScheduledStopPoint>
            <ScheduledStopPoint version="1" id="VTR:ScheduledStopPoint:71439">
              <Name>Daujoto vid. m-kla</Name>
            </ScheduledStopPoint>
            <ScheduledStopPoint version="1" id="VTR:ScheduledStopPoint:71440">
              <Name>Rotušės aikštė</Name>
            </ScheduledStopPoint>
            <ScheduledStopPoint version="1" id="VTR:ScheduledStopPoint:71441">
              <Name>Kretingos autobusų stotis</Name>
            </ScheduledStopPoint>
          </scheduledStopPoints>
          <serviceLinks>
            <ServiceLink id="VTR:ServiceLink:71429_1_107890_1" version="1">
              <Distance>0</Distance>
              <FromPointRef ref="VTR:ScheduledStopPoint:71429" version="1"/>
              <ToPointRef ref="VTR:ScheduledStopPoint:107890" version="1"/>
            </ServiceLink>
            <ServiceLink id="VTR:ServiceLink:71422_1_71423_1" version="1">
              <Distance>2</Distance>
              <FromPointRef ref="VTR:ScheduledStopPoint:71422" version="1"/>
              <ToPointRef ref="VTR:ScheduledStopPoint:71423" version="1"/>
            </ServiceLink>
            <ServiceLink id="VTR:ServiceLink:71428_1_71429_1" version="1">
              <Distance>1</Distance>
              <FromPointRef ref="VTR:ScheduledStopPoint:71428" version="1"/>
              <ToPointRef ref="VTR:ScheduledStopPoint:71429" version="1"/>
            </ServiceLink>
            <ServiceLink id="VTR:ServiceLink:71421_1_71422_1" version="1">
              <Distance>2</Distance>
              <FromPointRef ref="VTR:ScheduledStopPoint:71421" version="1"/>
              <ToPointRef ref="VTR:ScheduledStopPoint:71422" version="1"/>
            </ServiceLink>
            <ServiceLink id="VTR:ServiceLink:107891_1_71431_1" version="1">
              <Distance>1</Distance>
              <FromPointRef ref="VTR:ScheduledStopPoint:107891" version="1"/>
              <ToPointRef ref="VTR:ScheduledStopPoint:71431" version="1"/>
            </ServiceLink>
            <ServiceLink id="VTR:ServiceLink:71437_1_71438_1" version="1">
              <Distance>3</Distance>
              <FromPointRef ref="VTR:ScheduledStopPoint:71437" version="1"/>
              <ToPointRef ref="VTR:ScheduledStopPoint:71438" version="1"/>
            </ServiceLink>
            <ServiceLink id="VTR:ServiceLink:71440_1_71441_1" version="1">
              <Distance>1</Distance>
              <FromPointRef ref="VTR:ScheduledStopPoint:71440" version="1"/>
              <ToPointRef ref="VTR:ScheduledStopPoint:71441" version="1"/>
            </ServiceLink>
            <ServiceLink id="VTR:ServiceLink:71423_1_71424_1" version="1">
              <Distance>1</Distance>
              <FromPointRef ref="VTR:ScheduledStopPoint:71423" version="1"/>
              <ToPointRef ref="VTR:ScheduledStopPoint:71424" version="1"/>
            </ServiceLink>
            <ServiceLink id="VTR:ServiceLink:71426_1_71427_1" version="1">
              <Distance>4</Distance>
              <FromPointRef ref="VTR:ScheduledStopPoint:71426" version="1"/>
              <ToPointRef ref="VTR:ScheduledStopPoint:71427" version="1"/>
            </ServiceLink>
            <ServiceLink id="VTR:ServiceLink:71425_1_71426_1" version="1">
              <Distance>4</Distance>
              <FromPointRef ref="VTR:ScheduledStopPoint:71425" version="1"/>
              <ToPointRef ref="VTR:ScheduledStopPoint:71426" version="1"/>
            </ServiceLink>
            <ServiceLink id="VTR:ServiceLink:71436_1_71437_1" version="1">
              <Distance>1</Distance>
              <FromPointRef ref="VTR:ScheduledStopPoint:71436" version="1"/>
              <ToPointRef ref="VTR:ScheduledStopPoint:71437" version="1"/>
            </ServiceLink>
            <ServiceLink id="VTR:ServiceLink:71438_1_71439_1" version="1">
              <Distance>1</Distance>
              <FromPointRef ref="VTR:ScheduledStopPoint:71438" version="1"/>
              <ToPointRef ref="VTR:ScheduledStopPoint:71439" version="1"/>
            </ServiceLink>
            <ServiceLink id="VTR:ServiceLink:71434_1_71435_1" version="1">
              <Distance>2</Distance>
              <FromPointRef ref="VTR:ScheduledStopPoint:71434" version="1"/>
              <ToPointRef ref="VTR:ScheduledStopPoint:71435" version="1"/>
            </ServiceLink>
            <ServiceLink id="VTR:ServiceLink:71433_1_71434_1" version="1">
              <Distance>2</Distance>
              <FromPointRef ref="VTR:ScheduledStopPoint:71433" version="1"/>
              <ToPointRef ref="VTR:ScheduledStopPoint:71434" version="1"/>
            </ServiceLink>
            <ServiceLink id="VTR:ServiceLink:71439_1_71440_1" version="1">
              <Distance>0</Distance>
              <FromPointRef ref="VTR:ScheduledStopPoint:71439" version="1"/>
              <ToPointRef ref="VTR:ScheduledStopPoint:71440" version="1"/>
            </ServiceLink>
            <ServiceLink id="VTR:ServiceLink:71431_1_71432_1" version="1">
              <Distance>1</Distance>
              <FromPointRef ref="VTR:ScheduledStopPoint:71431" version="1"/>
              <ToPointRef ref="VTR:ScheduledStopPoint:71432" version="1"/>
            </ServiceLink>
            <ServiceLink id="VTR:ServiceLink:107890_1_107891_1" version="1">
              <Distance>1</Distance>
              <FromPointRef ref="VTR:ScheduledStopPoint:107890" version="1"/>
              <ToPointRef ref="VTR:ScheduledStopPoint:107891" version="1"/>
            </ServiceLink>
            <ServiceLink id="VTR:ServiceLink:71427_1_71428_1" version="1">
              <Distance>2</Distance>
              <FromPointRef ref="VTR:ScheduledStopPoint:71427" version="1"/>
              <ToPointRef ref="VTR:ScheduledStopPoint:71428" version="1"/>
            </ServiceLink>
            <ServiceLink id="VTR:ServiceLink:71432_1_71433_1" version="1">
              <Distance>1</Distance>
              <FromPointRef ref="VTR:ScheduledStopPoint:71432" version="1"/>
              <ToPointRef ref="VTR:ScheduledStopPoint:71433" version="1"/>
            </ServiceLink>
            <ServiceLink id="VTR:ServiceLink:71424_1_71425_1" version="1">
              <Distance>3</Distance>
              <FromPointRef ref="VTR:ScheduledStopPoint:71424" version="1"/>
              <ToPointRef ref="VTR:ScheduledStopPoint:71425" version="1"/>
            </ServiceLink>
            <ServiceLink id="VTR:ServiceLink:71435_1_71436_1" version="1">
              <Distance>1</Distance>
              <FromPointRef ref="VTR:ScheduledStopPoint:71435" version="1"/>
              <ToPointRef ref="VTR:ScheduledStopPoint:71436" version="1"/>
            </ServiceLink>
          </serviceLinks>
          <stopAssignments>
            <PassengerStopAssignment order="427500000" id="VTR:PassengerStopAssignment:71421" version="1">
              <ScheduledStopPointRef ref="VTR:ScheduledStopPoint:71421" version="1"/>
              <QuayRef ref="VTR:Quay:4422"/>
            </PassengerStopAssignment>
            <PassengerStopAssignment order="427500001" id="VTR:PassengerStopAssignment:71422" version="1">
              <ScheduledStopPointRef ref="VTR:ScheduledStopPoint:71422" version="1"/>
              <QuayRef ref="VTR:Quay:15577"/>
            </PassengerStopAssignment>
            <PassengerStopAssignment order="427500002" id="VTR:PassengerStopAssignment:71423" version="1">
              <ScheduledStopPointRef ref="VTR:ScheduledStopPoint:71423" version="1"/>
              <QuayRef ref="VTR:Quay:10595"/>
            </PassengerStopAssignment>
            <PassengerStopAssignment order="427500003" id="VTR:PassengerStopAssignment:71424" version="1">
              <ScheduledStopPointRef ref="VTR:ScheduledStopPoint:71424" version="1"/>
              <QuayRef ref="VTR:Quay:21603"/>
            </PassengerStopAssignment>
            <PassengerStopAssignment order="427500004" id="VTR:PassengerStopAssignment:71425" version="1">
              <ScheduledStopPointRef ref="VTR:ScheduledStopPoint:71425" version="1"/>
              <QuayRef ref="VTR:Quay:8543"/>
            </PassengerStopAssignment>
            <PassengerStopAssignment order="427500005" id="VTR:PassengerStopAssignment:71426" version="1">
              <ScheduledStopPointRef ref="VTR:ScheduledStopPoint:71426" version="1"/>
              <QuayRef ref="VTR:Quay:4176"/>
            </PassengerStopAssignment>
            <PassengerStopAssignment order="427500006" id="VTR:PassengerStopAssignment:71427" version="1">
              <ScheduledStopPointRef ref="VTR:ScheduledStopPoint:71427" version="1"/>
              <QuayRef ref="VTR:Quay:21602"/>
            </PassengerStopAssignment>
            <PassengerStopAssignment order="427500007" id="VTR:PassengerStopAssignment:71428" version="1">
              <ScheduledStopPointRef ref="VTR:ScheduledStopPoint:71428" version="1"/>
              <QuayRef ref="VTR:Quay:9484"/>
            </PassengerStopAssignment>
            <PassengerStopAssignment order="427500008" id="VTR:PassengerStopAssignment:71429" version="1">
              <ScheduledStopPointRef ref="VTR:ScheduledStopPoint:71429" version="1"/>
              <QuayRef ref="VTR:Quay:12486"/>
            </PassengerStopAssignment>
            <PassengerStopAssignment order="427500009" id="VTR:PassengerStopAssignment:107890" version="1">
              <ScheduledStopPointRef ref="VTR:ScheduledStopPoint:107890" version="1"/>
              <QuayRef ref="VTR:Quay:24059"/>
            </PassengerStopAssignment>
            <PassengerStopAssignment order="427500010" id="VTR:PassengerStopAssignment:107891" version="1">
              <ScheduledStopPointRef ref="VTR:ScheduledStopPoint:107891" version="1"/>
              <QuayRef ref="VTR:Quay:24047"/>
            </PassengerStopAssignment>
            <PassengerStopAssignment order="427500011" id="VTR:PassengerStopAssignment:71431" version="1">
              <ScheduledStopPointRef ref="VTR:ScheduledStopPoint:71431" version="1"/>
              <QuayRef ref="VTR:Quay:13032"/>
            </PassengerStopAssignment>
            <PassengerStopAssignment order="427500012" id="VTR:PassengerStopAssignment:71432" version="1">
              <ScheduledStopPointRef ref="VTR:ScheduledStopPoint:71432" version="1"/>
              <QuayRef ref="VTR:Quay:12981"/>
            </PassengerStopAssignment>
            <PassengerStopAssignment order="427500013" id="VTR:PassengerStopAssignment:71433" version="1">
              <ScheduledStopPointRef ref="VTR:ScheduledStopPoint:71433" version="1"/>
              <QuayRef ref="VTR:Quay:16615"/>
            </PassengerStopAssignment>
            <PassengerStopAssignment order="427500014" id="VTR:PassengerStopAssignment:71434" version="1">
              <ScheduledStopPointRef ref="VTR:ScheduledStopPoint:71434" version="1"/>
              <QuayRef ref="VTR:Quay:15206"/>
            </PassengerStopAssignment>
            <PassengerStopAssignment order="427500015" id="VTR:PassengerStopAssignment:71435" version="1">
              <ScheduledStopPointRef ref="VTR:ScheduledStopPoint:71435" version="1"/>
              <QuayRef ref="VTR:Quay:7183"/>
            </PassengerStopAssignment>
            <PassengerStopAssignment order="427500016" id="VTR:PassengerStopAssignment:71436" version="1">
              <ScheduledStopPointRef ref="VTR:ScheduledStopPoint:71436" version="1"/>
              <QuayRef ref="VTR:Quay:16038"/>
            </PassengerStopAssignment>
            <PassengerStopAssignment order="427500017" id="VTR:PassengerStopAssignment:71437" version="1">
              <ScheduledStopPointRef ref="VTR:ScheduledStopPoint:71437" version="1"/>
              <QuayRef ref="VTR:Quay:7128"/>
            </PassengerStopAssignment>
            <PassengerStopAssignment order="427500018" id="VTR:PassengerStopAssignment:71438" version="1">
              <ScheduledStopPointRef ref="VTR:ScheduledStopPoint:71438" version="1"/>
              <QuayRef ref="VTR:Quay:21390"/>
            </PassengerStopAssignment>
            <PassengerStopAssignment order="427500019" id="VTR:PassengerStopAssignment:71439" version="1">
              <ScheduledStopPointRef ref="VTR:ScheduledStopPoint:71439" version="1"/>
              <QuayRef ref="VTR:Quay:3679"/>
            </PassengerStopAssignment>
            <PassengerStopAssignment order="427500020" id="VTR:PassengerStopAssignment:71440" version="1">
              <ScheduledStopPointRef ref="VTR:ScheduledStopPoint:71440" version="1"/>
              <QuayRef ref="VTR:Quay:21210"/>
            </PassengerStopAssignment>
            <PassengerStopAssignment order="427500021" id="VTR:PassengerStopAssignment:71441" version="1">
              <ScheduledStopPointRef ref="VTR:ScheduledStopPoint:71441" version="1"/>
              <QuayRef ref="VTR:Quay:21202"/>
            </PassengerStopAssignment>
          </stopAssignments>
          <journeyPatterns>
            <JourneyPattern id="VTR:JourneyPattern:54315" version="54351">
              <Name>4</Name>
              <RouteRef ref="VTR:Route:4275" version="1"/>
              <pointsInSequence>
                <StopPointInJourneyPattern id="VTR:StopPointInJourneyPattern:1108338" version="54351" order="1">
                  <ScheduledStopPointRef ref="VTR:ScheduledStopPoint:71421"/>
                  <DestinationDisplayRef ref="VTR:DestinationDisplay:1"/>
                </StopPointInJourneyPattern>
                <StopPointInJourneyPattern id="VTR:StopPointInJourneyPattern:1108339" version="54351" order="2">
                  <ScheduledStopPointRef ref="VTR:ScheduledStopPoint:71422"/>
                  <DestinationDisplayRef ref="VTR:DestinationDisplay:1"/>
                </StopPointInJourneyPattern>
                <StopPointInJourneyPattern id="VTR:StopPointInJourneyPattern:1108340" version="54351" order="3">
                  <ScheduledStopPointRef ref="VTR:ScheduledStopPoint:71423"/>
                  <DestinationDisplayRef ref="VTR:DestinationDisplay:1"/>
                </StopPointInJourneyPattern>
                <StopPointInJourneyPattern id="VTR:StopPointInJourneyPattern:1108341" version="54351" order="4">
                  <ScheduledStopPointRef ref="VTR:ScheduledStopPoint:71424"/>
                  <DestinationDisplayRef ref="VTR:DestinationDisplay:1"/>
                </StopPointInJourneyPattern>
                <StopPointInJourneyPattern id="VTR:StopPointInJourneyPattern:1108342" version="54351" order="5">
                  <ScheduledStopPointRef ref="VTR:ScheduledStopPoint:71425"/>
                  <DestinationDisplayRef ref="VTR:DestinationDisplay:1"/>
                </StopPointInJourneyPattern>
                <StopPointInJourneyPattern id="VTR:StopPointInJourneyPattern:1108343" version="54351" order="6">
                  <ScheduledStopPointRef ref="VTR:ScheduledStopPoint:71426"/>
                  <DestinationDisplayRef ref="VTR:DestinationDisplay:1"/>
                </StopPointInJourneyPattern>
                <StopPointInJourneyPattern id="VTR:StopPointInJourneyPattern:1108344" version="54351" order="7">
                  <ScheduledStopPointRef ref="VTR:ScheduledStopPoint:71427"/>
                  <DestinationDisplayRef ref="VTR:DestinationDisplay:1"/>
                </StopPointInJourneyPattern>
                <StopPointInJourneyPattern id="VTR:StopPointInJourneyPattern:1108345" version="54351" order="8">
                  <ScheduledStopPointRef ref="VTR:ScheduledStopPoint:71428"/>
                  <DestinationDisplayRef ref="VTR:DestinationDisplay:1"/>
                </StopPointInJourneyPattern>
                <StopPointInJourneyPattern id="VTR:StopPointInJourneyPattern:1108346" version="54351" order="9">
                  <ScheduledStopPointRef ref="VTR:ScheduledStopPoint:71429"/>
                  <DestinationDisplayRef ref="VTR:DestinationDisplay:1"/>
                </StopPointInJourneyPattern>
                <StopPointInJourneyPattern id="VTR:StopPointInJourneyPattern:1108347" version="54351" order="10">
                  <ScheduledStopPointRef ref="VTR:ScheduledStopPoint:107890"/>
                  <DestinationDisplayRef ref="VTR:DestinationDisplay:1"/>
                </StopPointInJourneyPattern>
                <StopPointInJourneyPattern id="VTR:StopPointInJourneyPattern:1108348" version="54351" order="11">
                  <ScheduledStopPointRef ref="VTR:ScheduledStopPoint:107891"/>
                  <DestinationDisplayRef ref="VTR:DestinationDisplay:1"/>
                </StopPointInJourneyPattern>
                <StopPointInJourneyPattern id="VTR:StopPointInJourneyPattern:1108349" version="54351" order="12">
                  <ScheduledStopPointRef ref="VTR:ScheduledStopPoint:71431"/>
                  <DestinationDisplayRef ref="VTR:DestinationDisplay:1"/>
                </StopPointInJourneyPattern>
                <StopPointInJourneyPattern id="VTR:StopPointInJourneyPattern:1108350" version="54351" order="13">
                  <ScheduledStopPointRef ref="VTR:ScheduledStopPoint:71432"/>
                  <DestinationDisplayRef ref="VTR:DestinationDisplay:1"/>
                </StopPointInJourneyPattern>
                <StopPointInJourneyPattern id="VTR:StopPointInJourneyPattern:1108351" version="54351" order="14">
                  <ScheduledStopPointRef ref="VTR:ScheduledStopPoint:71433"/>
                  <DestinationDisplayRef ref="VTR:DestinationDisplay:1"/>
                </StopPointInJourneyPattern>
                <StopPointInJourneyPattern id="VTR:StopPointInJourneyPattern:1108352" version="54351" order="15">
                  <ScheduledStopPointRef ref="VTR:ScheduledStopPoint:71434"/>
                  <DestinationDisplayRef ref="VTR:DestinationDisplay:1"/>
                </StopPointInJourneyPattern>
                <StopPointInJourneyPattern id="VTR:StopPointInJourneyPattern:1108353" version="54351" order="16">
                  <ScheduledStopPointRef ref="VTR:ScheduledStopPoint:71435"/>
                  <DestinationDisplayRef ref="VTR:DestinationDisplay:1"/>
                </StopPointInJourneyPattern>
                <StopPointInJourneyPattern id="VTR:StopPointInJourneyPattern:1108354" version="54351" order="17">
                  <ScheduledStopPointRef ref="VTR:ScheduledStopPoint:71436"/>
                  <DestinationDisplayRef ref="VTR:DestinationDisplay:1"/>
                </StopPointInJourneyPattern>
                <StopPointInJourneyPattern id="VTR:StopPointInJourneyPattern:1108355" version="54351" order="18">
                  <ScheduledStopPointRef ref="VTR:ScheduledStopPoint:71437"/>
                  <DestinationDisplayRef ref="VTR:DestinationDisplay:1"/>
                </StopPointInJourneyPattern>
                <StopPointInJourneyPattern id="VTR:StopPointInJourneyPattern:1108356" version="54351" order="19">
                  <ScheduledStopPointRef ref="VTR:ScheduledStopPoint:71438"/>
                  <DestinationDisplayRef ref="VTR:DestinationDisplay:1"/>
                </StopPointInJourneyPattern>
                <StopPointInJourneyPattern id="VTR:StopPointInJourneyPattern:1108357" version="54351" order="20">
                  <ScheduledStopPointRef ref="VTR:ScheduledStopPoint:71439"/>
                  <DestinationDisplayRef ref="VTR:DestinationDisplay:1"/>
                </StopPointInJourneyPattern>
                <StopPointInJourneyPattern id="VTR:StopPointInJourneyPattern:1108358" version="54351" order="21">
                  <ScheduledStopPointRef ref="VTR:ScheduledStopPoint:71440"/>
                  <DestinationDisplayRef ref="VTR:DestinationDisplay:1"/>
                </StopPointInJourneyPattern>
                <StopPointInJourneyPattern id="VTR:StopPointInJourneyPattern:1108359" version="54351" order="22">
                  <ScheduledStopPointRef ref="VTR:ScheduledStopPoint:71441"/>
                  <DestinationDisplayRef ref="VTR:DestinationDisplay:1"/>
                </StopPointInJourneyPattern>
              </pointsInSequence>
            </JourneyPattern>
            <JourneyPattern id="VTR:JourneyPattern:54312" version="54348">
              <Name>3</Name>
              <RouteRef ref="VTR:Route:4275" version="1"/>
              <pointsInSequence>
                <StopPointInJourneyPattern id="VTR:StopPointInJourneyPattern:1108279" version="54348" order="1">
                  <ScheduledStopPointRef ref="VTR:ScheduledStopPoint:71421"/>
                  <DestinationDisplayRef ref="VTR:DestinationDisplay:1"/>
                </StopPointInJourneyPattern>
                <StopPointInJourneyPattern id="VTR:StopPointInJourneyPattern:1108280" version="54348" order="2">
                  <ScheduledStopPointRef ref="VTR:ScheduledStopPoint:71422"/>
                  <DestinationDisplayRef ref="VTR:DestinationDisplay:1"/>
                </StopPointInJourneyPattern>
                <StopPointInJourneyPattern id="VTR:StopPointInJourneyPattern:1108281" version="54348" order="3">
                  <ScheduledStopPointRef ref="VTR:ScheduledStopPoint:71423"/>
                  <DestinationDisplayRef ref="VTR:DestinationDisplay:1"/>
                </StopPointInJourneyPattern>
                <StopPointInJourneyPattern id="VTR:StopPointInJourneyPattern:1108282" version="54348" order="4">
                  <ScheduledStopPointRef ref="VTR:ScheduledStopPoint:71424"/>
                  <DestinationDisplayRef ref="VTR:DestinationDisplay:1"/>
                </StopPointInJourneyPattern>
                <StopPointInJourneyPattern id="VTR:StopPointInJourneyPattern:1108283" version="54348" order="5">
                  <ScheduledStopPointRef ref="VTR:ScheduledStopPoint:71425"/>
                  <DestinationDisplayRef ref="VTR:DestinationDisplay:1"/>
                </StopPointInJourneyPattern>
                <StopPointInJourneyPattern id="VTR:StopPointInJourneyPattern:1108284" version="54348" order="6">
                  <ScheduledStopPointRef ref="VTR:ScheduledStopPoint:71426"/>
                  <DestinationDisplayRef ref="VTR:DestinationDisplay:1"/>
                </StopPointInJourneyPattern>
                <StopPointInJourneyPattern id="VTR:StopPointInJourneyPattern:1108285" version="54348" order="7">
                  <ScheduledStopPointRef ref="VTR:ScheduledStopPoint:71427"/>
                  <DestinationDisplayRef ref="VTR:DestinationDisplay:1"/>
                </StopPointInJourneyPattern>
                <StopPointInJourneyPattern id="VTR:StopPointInJourneyPattern:1108286" version="54348" order="8">
                  <ScheduledStopPointRef ref="VTR:ScheduledStopPoint:71428"/>
                  <DestinationDisplayRef ref="VTR:DestinationDisplay:1"/>
                </StopPointInJourneyPattern>
                <StopPointInJourneyPattern id="VTR:StopPointInJourneyPattern:1108287" version="54348" order="9">
                  <ScheduledStopPointRef ref="VTR:ScheduledStopPoint:71429"/>
                  <DestinationDisplayRef ref="VTR:DestinationDisplay:1"/>
                </StopPointInJourneyPattern>
                <StopPointInJourneyPattern id="VTR:StopPointInJourneyPattern:1108288" version="54348" order="10">
                  <ScheduledStopPointRef ref="VTR:ScheduledStopPoint:107890"/>
                  <DestinationDisplayRef ref="VTR:DestinationDisplay:1"/>
                </StopPointInJourneyPattern>
                <StopPointInJourneyPattern id="VTR:StopPointInJourneyPattern:1108289" version="54348" order="11">
                  <ScheduledStopPointRef ref="VTR:ScheduledStopPoint:107891"/>
                  <DestinationDisplayRef ref="VTR:DestinationDisplay:1"/>
                </StopPointInJourneyPattern>
                <StopPointInJourneyPattern id="VTR:StopPointInJourneyPattern:1108290" version="54348" order="12">
                  <ScheduledStopPointRef ref="VTR:ScheduledStopPoint:71431"/>
                  <DestinationDisplayRef ref="VTR:DestinationDisplay:1"/>
                </StopPointInJourneyPattern>
                <StopPointInJourneyPattern id="VTR:StopPointInJourneyPattern:1108291" version="54348" order="13">
                  <ScheduledStopPointRef ref="VTR:ScheduledStopPoint:71432"/>
                  <DestinationDisplayRef ref="VTR:DestinationDisplay:1"/>
                </StopPointInJourneyPattern>
                <StopPointInJourneyPattern id="VTR:StopPointInJourneyPattern:1108292" version="54348" order="14">
                  <ScheduledStopPointRef ref="VTR:ScheduledStopPoint:71433"/>
                  <DestinationDisplayRef ref="VTR:DestinationDisplay:1"/>
                </StopPointInJourneyPattern>
                <StopPointInJourneyPattern id="VTR:StopPointInJourneyPattern:1108293" version="54348" order="15">
                  <ScheduledStopPointRef ref="VTR:ScheduledStopPoint:71434"/>
                  <DestinationDisplayRef ref="VTR:DestinationDisplay:1"/>
                </StopPointInJourneyPattern>
                <StopPointInJourneyPattern id="VTR:StopPointInJourneyPattern:1108294" version="54348" order="16">
                  <ScheduledStopPointRef ref="VTR:ScheduledStopPoint:71435"/>
                  <DestinationDisplayRef ref="VTR:DestinationDisplay:1"/>
                </StopPointInJourneyPattern>
                <StopPointInJourneyPattern id="VTR:StopPointInJourneyPattern:1108295" version="54348" order="17">
                  <ScheduledStopPointRef ref="VTR:ScheduledStopPoint:71436"/>
                  <DestinationDisplayRef ref="VTR:DestinationDisplay:1"/>
                </StopPointInJourneyPattern>
                <StopPointInJourneyPattern id="VTR:StopPointInJourneyPattern:1108296" version="54348" order="18">
                  <ScheduledStopPointRef ref="VTR:ScheduledStopPoint:71437"/>
                  <DestinationDisplayRef ref="VTR:DestinationDisplay:1"/>
                </StopPointInJourneyPattern>
                <StopPointInJourneyPattern id="VTR:StopPointInJourneyPattern:1108297" version="54348" order="19">
                  <ScheduledStopPointRef ref="VTR:ScheduledStopPoint:71438"/>
                  <DestinationDisplayRef ref="VTR:DestinationDisplay:1"/>
                </StopPointInJourneyPattern>
                <StopPointInJourneyPattern id="VTR:StopPointInJourneyPattern:1108298" version="54348" order="20">
                  <ScheduledStopPointRef ref="VTR:ScheduledStopPoint:71439"/>
                  <DestinationDisplayRef ref="VTR:DestinationDisplay:1"/>
                </StopPointInJourneyPattern>
                <StopPointInJourneyPattern id="VTR:StopPointInJourneyPattern:1108299" version="54348" order="21">
                  <ScheduledStopPointRef ref="VTR:ScheduledStopPoint:71440"/>
                  <DestinationDisplayRef ref="VTR:DestinationDisplay:1"/>
                </StopPointInJourneyPattern>
                <StopPointInJourneyPattern id="VTR:StopPointInJourneyPattern:1108300" version="54348" order="22">
                  <ScheduledStopPointRef ref="VTR:ScheduledStopPoint:71441"/>
                  <DestinationDisplayRef ref="VTR:DestinationDisplay:1"/>
                </StopPointInJourneyPattern>
              </pointsInSequence>
            </JourneyPattern>
          </journeyPatterns>
        </ServiceFrame>
        <TimetableFrame version="1" id="VTR:TimetableFrame:1385">
          <vehicleJourneys>
            <ServiceJourney version="54348" id="VTR:ServiceJourney:54312">
              <Name>Grūšlaukė-Šukė-Kretinga</Name>
              <PrivateCode>3</PrivateCode>
              <dayTypes>
                <DayTypeRef ref="VTR:DayType:2202"/>
              </dayTypes>
              <JourneyPatternRef version="54348" ref="VTR:JourneyPattern:54312"/>
              <OperatorRef ref="VTR:Operator:"/>
              <LineRef ref="VTR:Line:1770" version="1751"/>
              <passingTimes>
                <TimetabledPassingTime version="54348" id="VTR:TimetabledPassingTime:54312_1108279_1">
                  <StopPointInJourneyPatternRef ref="VTR:StopPointInJourneyPattern:1108279" version="54348"/>
                  <DepartureTime>06:30:00</DepartureTime>
                  <DepartureDayOffset>0</DepartureDayOffset>
                </TimetabledPassingTime>
                <TimetabledPassingTime version="54348" id="VTR:TimetabledPassingTime:54312_1108280_2">
                  <StopPointInJourneyPatternRef ref="VTR:StopPointInJourneyPattern:1108280" version="54348"/>
                  <DepartureTime>06:33:00</DepartureTime>
                  <DepartureDayOffset>0</DepartureDayOffset>
                </TimetabledPassingTime>
                <TimetabledPassingTime version="54348" id="VTR:TimetabledPassingTime:54312_1108281_3">
                  <StopPointInJourneyPatternRef ref="VTR:StopPointInJourneyPattern:1108281" version="54348"/>
                  <DepartureTime>06:37:00</DepartureTime>
                  <DepartureDayOffset>0</DepartureDayOffset>
                </TimetabledPassingTime>
                <TimetabledPassingTime version="54348" id="VTR:TimetabledPassingTime:54312_1108282_4">
                  <StopPointInJourneyPatternRef ref="VTR:StopPointInJourneyPattern:1108282" version="54348"/>
                  <DepartureTime>06:40:00</DepartureTime>
                  <DepartureDayOffset>0</DepartureDayOffset>
                </TimetabledPassingTime>
                <TimetabledPassingTime version="54348" id="VTR:TimetabledPassingTime:54312_1108283_5">
                  <StopPointInJourneyPatternRef ref="VTR:StopPointInJourneyPattern:1108283" version="54348"/>
                  <DepartureTime>06:50:00</DepartureTime>
                  <DepartureDayOffset>0</DepartureDayOffset>
                </TimetabledPassingTime>
                <TimetabledPassingTime version="54348" id="VTR:TimetabledPassingTime:54312_1108284_6">
                  <StopPointInJourneyPatternRef ref="VTR:StopPointInJourneyPattern:1108284" version="54348"/>
                  <DepartureTime>06:56:00</DepartureTime>
                  <DepartureDayOffset>0</DepartureDayOffset>
                </TimetabledPassingTime>
                <TimetabledPassingTime version="54348" id="VTR:TimetabledPassingTime:54312_1108285_7">
                  <StopPointInJourneyPatternRef ref="VTR:StopPointInJourneyPattern:1108285" version="54348"/>
                  <DepartureTime>07:10:00</DepartureTime>
                  <DepartureDayOffset>0</DepartureDayOffset>
                </TimetabledPassingTime>
                <TimetabledPassingTime version="54348" id="VTR:TimetabledPassingTime:54312_1108286_8">
                  <StopPointInJourneyPatternRef ref="VTR:StopPointInJourneyPattern:1108286" version="54348"/>
                  <DepartureTime>07:15:00</DepartureTime>
                  <DepartureDayOffset>0</DepartureDayOffset>
                </TimetabledPassingTime>
                <TimetabledPassingTime version="54348" id="VTR:TimetabledPassingTime:54312_1108287_9">
                  <StopPointInJourneyPatternRef ref="VTR:StopPointInJourneyPattern:1108287" version="54348"/>
                  <DepartureTime>07:18:00</DepartureTime>
                  <DepartureDayOffset>0</DepartureDayOffset>
                </TimetabledPassingTime>
                <TimetabledPassingTime version="54348" id="VTR:TimetabledPassingTime:54312_1108288_10">
                  <StopPointInJourneyPatternRef ref="VTR:StopPointInJourneyPattern:1108288" version="54348"/>
                  <DepartureTime>07:20:00</DepartureTime>
                  <DepartureDayOffset>0</DepartureDayOffset>
                </TimetabledPassingTime>
                <TimetabledPassingTime version="54348" id="VTR:TimetabledPassingTime:54312_1108289_11">
                  <StopPointInJourneyPatternRef ref="VTR:StopPointInJourneyPattern:1108289" version="54348"/>
                  <DepartureTime>07:24:00</DepartureTime>
                  <DepartureDayOffset>0</DepartureDayOffset>
                </TimetabledPassingTime>
                <TimetabledPassingTime version="54348" id="VTR:TimetabledPassingTime:54312_1108290_12">
                  <StopPointInJourneyPatternRef ref="VTR:StopPointInJourneyPattern:1108290" version="54348"/>
                  <DepartureTime>07:27:00</DepartureTime>
                  <DepartureDayOffset>0</DepartureDayOffset>
                </TimetabledPassingTime>
                <TimetabledPassingTime version="54348" id="VTR:TimetabledPassingTime:54312_1108291_13">
                  <StopPointInJourneyPatternRef ref="VTR:StopPointInJourneyPattern:1108291" version="54348"/>
                  <DepartureTime>07:30:00</DepartureTime>
                  <DepartureDayOffset>0</DepartureDayOffset>
                </TimetabledPassingTime>
                <TimetabledPassingTime version="54348" id="VTR:TimetabledPassingTime:54312_1108292_14">
                  <StopPointInJourneyPatternRef ref="VTR:StopPointInJourneyPattern:1108292" version="54348"/>
                  <DepartureTime>07:33:00</DepartureTime>
                  <DepartureDayOffset>0</DepartureDayOffset>
                </TimetabledPassingTime>
                <TimetabledPassingTime version="54348" id="VTR:TimetabledPassingTime:54312_1108293_15">
                  <StopPointInJourneyPatternRef ref="VTR:StopPointInJourneyPattern:1108293" version="54348"/>
                  <DepartureTime>07:37:00</DepartureTime>
                  <DepartureDayOffset>0</DepartureDayOffset>
                </TimetabledPassingTime>
                <TimetabledPassingTime version="54348" id="VTR:TimetabledPassingTime:54312_1108294_16">
                  <StopPointInJourneyPatternRef ref="VTR:StopPointInJourneyPattern:1108294" version="54348"/>
                  <DepartureTime>07:41:00</DepartureTime>
                  <DepartureDayOffset>0</DepartureDayOffset>
                </TimetabledPassingTime>
                <TimetabledPassingTime version="54348" id="VTR:TimetabledPassingTime:54312_1108295_17">
                  <StopPointInJourneyPatternRef ref="VTR:StopPointInJourneyPattern:1108295" version="54348"/>
                  <DepartureTime>07:43:00</DepartureTime>
                  <DepartureDayOffset>0</DepartureDayOffset>
                </TimetabledPassingTime>
                <TimetabledPassingTime version="54348" id="VTR:TimetabledPassingTime:54312_1108296_18">
                  <StopPointInJourneyPatternRef ref="VTR:StopPointInJourneyPattern:1108296" version="54348"/>
                  <DepartureTime>07:47:00</DepartureTime>
                  <DepartureDayOffset>0</DepartureDayOffset>
                </TimetabledPassingTime>
                <TimetabledPassingTime version="54348" id="VTR:TimetabledPassingTime:54312_1108297_19">
                  <StopPointInJourneyPatternRef ref="VTR:StopPointInJourneyPattern:1108297" version="54348"/>
                  <DepartureTime>07:52:00</DepartureTime>
                  <DepartureDayOffset>0</DepartureDayOffset>
                </TimetabledPassingTime>
                <TimetabledPassingTime version="54348" id="VTR:TimetabledPassingTime:54312_1108298_20">
                  <StopPointInJourneyPatternRef ref="VTR:StopPointInJourneyPattern:1108298" version="54348"/>
                  <DepartureTime>07:56:00</DepartureTime>
                  <DepartureDayOffset>0</DepartureDayOffset>
                </TimetabledPassingTime>
                <TimetabledPassingTime version="54348" id="VTR:TimetabledPassingTime:54312_1108299_21">
                  <StopPointInJourneyPatternRef ref="VTR:StopPointInJourneyPattern:1108299" version="54348"/>
                  <DepartureTime>07:58:00</DepartureTime>
                  <DepartureDayOffset>0</DepartureDayOffset>
                </TimetabledPassingTime>
                <TimetabledPassingTime version="54348" id="VTR:TimetabledPassingTime:54312_1108300_22">
                  <StopPointInJourneyPatternRef ref="VTR:StopPointInJourneyPattern:1108300" version="54348"/>
                  <DepartureTime>08:10:00</DepartureTime>
                  <DepartureDayOffset>0</DepartureDayOffset>
                </TimetabledPassingTime>
              </passingTimes>
            </ServiceJourney>
            <ServiceJourney version="54351" id="VTR:ServiceJourney:54315">
              <Name>Grūšlaukė-Šukė-Kretinga</Name>
              <PrivateCode>4</PrivateCode>
              <dayTypes>
                <DayTypeRef ref="VTR:DayType:2202"/>
              </dayTypes>
              <JourneyPatternRef version="54351" ref="VTR:JourneyPattern:54315"/>
              <OperatorRef ref="VTR:Operator:"/>
              <LineRef ref="VTR:Line:1770" version="1751"/>
              <passingTimes>
                <TimetabledPassingTime version="54351" id="VTR:TimetabledPassingTime:54315_1108338_1">
                  <StopPointInJourneyPatternRef ref="VTR:StopPointInJourneyPattern:1108338" version="54351"/>
                  <DepartureTime>16:10:00</DepartureTime>
                  <DepartureDayOffset>0</DepartureDayOffset>
                </TimetabledPassingTime>
                <TimetabledPassingTime version="54351" id="VTR:TimetabledPassingTime:54315_1108339_2">
                  <StopPointInJourneyPatternRef ref="VTR:StopPointInJourneyPattern:1108339" version="54351"/>
                  <DepartureTime>16:13:00</DepartureTime>
                  <DepartureDayOffset>0</DepartureDayOffset>
                </TimetabledPassingTime>
                <TimetabledPassingTime version="54351" id="VTR:TimetabledPassingTime:54315_1108340_3">
                  <StopPointInJourneyPatternRef ref="VTR:StopPointInJourneyPattern:1108340" version="54351"/>
                  <DepartureTime>16:17:00</DepartureTime>
                  <DepartureDayOffset>0</DepartureDayOffset>
                </TimetabledPassingTime>
                <TimetabledPassingTime version="54351" id="VTR:TimetabledPassingTime:54315_1108341_4">
                  <StopPointInJourneyPatternRef ref="VTR:StopPointInJourneyPattern:1108341" version="54351"/>
                  <DepartureTime>16:20:00</DepartureTime>
                  <DepartureDayOffset>0</DepartureDayOffset>
                </TimetabledPassingTime>
                <TimetabledPassingTime version="54351" id="VTR:TimetabledPassingTime:54315_1108342_5">
                  <StopPointInJourneyPatternRef ref="VTR:StopPointInJourneyPattern:1108342" version="54351"/>
                  <DepartureTime>16:30:00</DepartureTime>
                  <DepartureDayOffset>0</DepartureDayOffset>
                </TimetabledPassingTime>
                <TimetabledPassingTime version="54351" id="VTR:TimetabledPassingTime:54315_1108343_6">
                  <StopPointInJourneyPatternRef ref="VTR:StopPointInJourneyPattern:1108343" version="54351"/>
                  <DepartureTime>16:36:00</DepartureTime>
                  <DepartureDayOffset>0</DepartureDayOffset>
                </TimetabledPassingTime>
                <TimetabledPassingTime version="54351" id="VTR:TimetabledPassingTime:54315_1108344_7">
                  <StopPointInJourneyPatternRef ref="VTR:StopPointInJourneyPattern:1108344" version="54351"/>
                  <DepartureTime>16:44:00</DepartureTime>
                  <DepartureDayOffset>0</DepartureDayOffset>
                </TimetabledPassingTime>
                <TimetabledPassingTime version="54351" id="VTR:TimetabledPassingTime:54315_1108345_8">
                  <StopPointInJourneyPatternRef ref="VTR:StopPointInJourneyPattern:1108345" version="54351"/>
                  <DepartureTime>16:48:00</DepartureTime>
                  <DepartureDayOffset>0</DepartureDayOffset>
                </TimetabledPassingTime>
                <TimetabledPassingTime version="54351" id="VTR:TimetabledPassingTime:54315_1108346_9">
                  <StopPointInJourneyPatternRef ref="VTR:StopPointInJourneyPattern:1108346" version="54351"/>
                  <DepartureTime>16:51:00</DepartureTime>
                  <DepartureDayOffset>0</DepartureDayOffset>
                </TimetabledPassingTime>
                <TimetabledPassingTime version="54351" id="VTR:TimetabledPassingTime:54315_1108347_10">
                  <StopPointInJourneyPatternRef ref="VTR:StopPointInJourneyPattern:1108347" version="54351"/>
                  <DepartureTime>16:53:00</DepartureTime>
                  <DepartureDayOffset>0</DepartureDayOffset>
                </TimetabledPassingTime>
                <TimetabledPassingTime version="54351" id="VTR:TimetabledPassingTime:54315_1108348_11">
                  <StopPointInJourneyPatternRef ref="VTR:StopPointInJourneyPattern:1108348" version="54351"/>
                  <DepartureTime>16:55:00</DepartureTime>
                  <DepartureDayOffset>0</DepartureDayOffset>
                </TimetabledPassingTime>
                <TimetabledPassingTime version="54351" id="VTR:TimetabledPassingTime:54315_1108349_12">
                  <StopPointInJourneyPatternRef ref="VTR:StopPointInJourneyPattern:1108349" version="54351"/>
                  <DepartureTime>17:01:00</DepartureTime>
                  <DepartureDayOffset>0</DepartureDayOffset>
                </TimetabledPassingTime>
                <TimetabledPassingTime version="54351" id="VTR:TimetabledPassingTime:54315_1108350_13">
                  <StopPointInJourneyPatternRef ref="VTR:StopPointInJourneyPattern:1108350" version="54351"/>
                  <DepartureTime>17:05:00</DepartureTime>
                  <DepartureDayOffset>0</DepartureDayOffset>
                </TimetabledPassingTime>
                <TimetabledPassingTime version="54351" id="VTR:TimetabledPassingTime:54315_1108351_14">
                  <StopPointInJourneyPatternRef ref="VTR:StopPointInJourneyPattern:1108351" version="54351"/>
                  <DepartureTime>17:08:00</DepartureTime>
                  <DepartureDayOffset>0</DepartureDayOffset>
                </TimetabledPassingTime>
                <TimetabledPassingTime version="54351" id="VTR:TimetabledPassingTime:54315_1108352_15">
                  <StopPointInJourneyPatternRef ref="VTR:StopPointInJourneyPattern:1108352" version="54351"/>
                  <DepartureTime>17:12:00</DepartureTime>
                  <DepartureDayOffset>0</DepartureDayOffset>
                </TimetabledPassingTime>
                <TimetabledPassingTime version="54351" id="VTR:TimetabledPassingTime:54315_1108353_16">
                  <StopPointInJourneyPatternRef ref="VTR:StopPointInJourneyPattern:1108353" version="54351"/>
                  <DepartureTime>17:16:00</DepartureTime>
                  <DepartureDayOffset>0</DepartureDayOffset>
                </TimetabledPassingTime>
                <TimetabledPassingTime version="54351" id="VTR:TimetabledPassingTime:54315_1108354_17">
                  <StopPointInJourneyPatternRef ref="VTR:StopPointInJourneyPattern:1108354" version="54351"/>
                  <DepartureTime>17:18:00</DepartureTime>
                  <DepartureDayOffset>0</DepartureDayOffset>
                </TimetabledPassingTime>
                <TimetabledPassingTime version="54351" id="VTR:TimetabledPassingTime:54315_1108355_18">
                  <StopPointInJourneyPatternRef ref="VTR:StopPointInJourneyPattern:1108355" version="54351"/>
                  <DepartureTime>17:22:00</DepartureTime>
                  <DepartureDayOffset>0</DepartureDayOffset>
                </TimetabledPassingTime>
                <TimetabledPassingTime version="54351" id="VTR:TimetabledPassingTime:54315_1108356_19">
                  <StopPointInJourneyPatternRef ref="VTR:StopPointInJourneyPattern:1108356" version="54351"/>
                  <DepartureTime>17:27:00</DepartureTime>
                  <DepartureDayOffset>0</DepartureDayOffset>
                </TimetabledPassingTime>
                <TimetabledPassingTime version="54351" id="VTR:TimetabledPassingTime:54315_1108357_20">
                  <StopPointInJourneyPatternRef ref="VTR:StopPointInJourneyPattern:1108357" version="54351"/>
                  <DepartureTime>17:31:00</DepartureTime>
                  <DepartureDayOffset>0</DepartureDayOffset>
                </TimetabledPassingTime>
                <TimetabledPassingTime version="54351" id="VTR:TimetabledPassingTime:54315_1108358_21">
                  <StopPointInJourneyPatternRef ref="VTR:StopPointInJourneyPattern:1108358" version="54351"/>
                  <DepartureTime>17:33:00</DepartureTime>
                  <DepartureDayOffset>0</DepartureDayOffset>
                </TimetabledPassingTime>
                <TimetabledPassingTime version="54351" id="VTR:TimetabledPassingTime:54315_1108359_22">
                  <StopPointInJourneyPatternRef ref="VTR:StopPointInJourneyPattern:1108359" version="54351"/>
                  <DepartureTime>17:45:00</DepartureTime>
                  <DepartureDayOffset>0</DepartureDayOffset>
                </TimetabledPassingTime>
              </passingTimes>
            </ServiceJourney>
          </vehicleJourneys>
        </TimetableFrame>
        <ResourceFrame version="1" id="VTR:ResourceFrame:1385">
          <organisations>
            <Authority version="1" id="VTR:Authority:18">
              <CompanyNumber>56</CompanyNumber>
              <Name>Kretingos r. sav.</Name>
              <LegalName>Kretingos r. sav.</LegalName>
              <ContactDetails>
                <Email>savivaldybe@kretinga.lt</Email>
                <Phone>844553141</Phone>
                <Url>www.kretinga.lt</Url>
              </ContactDetails>
              <OrganisationType>authority</OrganisationType>
            </Authority>
          </organisations>
        </ResourceFrame>
      </frames>
    </CompositeFrame>
  </dataObjects>
</PublicationDelivery>
