<?xml version="1.0" encoding="UTF-8"?><PublicationDelivery xmlns="http://www.netex.org.uk/netex" xmlns:gis="http://www.opengis.net/gml/3.2" xmlns:ns2="http://www.opengis.net/gml/3.2" xmlns:ns3="http://www.siri.org.uk/siri" xmlns:xsi="http://www.w3.org/2001/XMLSchema-instance" version="1" xsi:schemaLocation="">
  <PublicationTimestamp>2022-05-07T03:45:00.262</PublicationTimestamp>
  <ParticipantRef>VTR</ParticipantRef>
  <Description>1</Description>
  <dataObjects>
    <CompositeFrame created="2022-05-07T03:45:00.262" version="1" id="VTR:CompositeFrame:1385">
      <validityConditions>
        <AvailabilityCondition version="1" id="VTR:AvailabilityCondition:1385">
          <FromDate>2015-12-07T11:49:33</FromDate>
          <ToDate>2027-12-30T00:00:00</ToDate>
        </AvailabilityCondition>
      </validityConditions>
      <codespaces>
        <Codespace id="vtr">
          <Xmlns>VTR</Xmlns>
          <XmlnsUrl>http://www.visimarsrutai.lt/</XmlnsUrl>
        </Codespace>
      </codespaces>
      <FrameDefaults>
        <DefaultLocale>
          <TimeZone>Europe/Vilnius</TimeZone>
        </DefaultLocale>
        <DefaultLocationSystem>WGS84</DefaultLocationSystem>
      </FrameDefaults>
      <frames>
        <ServiceCalendarFrame version="1" id="VTR:ServiceCalendarFrame:1385">
          <dayTypes>
            <DayType id="VTR:DayType:1449" version="1">
              <properties>
                <PropertyOfDay>
                  <DaysOfWeek>Monday Tuesday Wednesday Thursday Friday</DaysOfWeek>
                </PropertyOfDay>
              </properties>
            </DayType>
          </dayTypes>
          <operatingPeriods>
            <OperatingPeriod version="1" id="VTR:OperatingPeriod:1449">
              <FromDate>2015-08-21T00:00:00</FromDate>
              <ToDate>2020-12-31T00:00:00</ToDate>
            </OperatingPeriod>
          </operatingPeriods>
          <dayTypeAssignments>
            <DayTypeAssignment id="VTR:DayTypeAssignment:1449_0" version="1" order="1433">
              <OperatingPeriodRef ref="VTR:OperatingPeriod:1449" version="1"/>
              <DayTypeRef ref="VTR:DayType:1449" version="1"/>
            </DayTypeAssignment>
          </dayTypeAssignments>
        </ServiceCalendarFrame>
        <ServiceFrame id="VTR:ServiceFrame:1385" version="1">
          <Network version="0" id="VTR:Network:18"/>
          <routePoints>
            <RoutePoint version="1" id="VTR:RoutePoint:128025">
              <projections>
                <PointProjection version="1" id="VTR:PointProjection:23400">
                  <ProjectedPointRef ref="VTR:ScheduledStopPoint:128025" version="1"/>
                </PointProjection>
              </projections>
            </RoutePoint>
            <RoutePoint version="1" id="VTR:RoutePoint:128027">
              <projections>
                <PointProjection version="1" id="VTR:PointProjection:23401">
                  <ProjectedPointRef ref="VTR:ScheduledStopPoint:128027" version="1"/>
                </PointProjection>
              </projections>
            </RoutePoint>
            <RoutePoint version="1" id="VTR:RoutePoint:128028">
              <projections>
                <PointProjection version="1" id="VTR:PointProjection:23402">
                  <ProjectedPointRef ref="VTR:ScheduledStopPoint:128028" version="1"/>
                </PointProjection>
              </projections>
            </RoutePoint>
            <RoutePoint version="1" id="VTR:RoutePoint:128029">
              <projections>
                <PointProjection version="1" id="VTR:PointProjection:23403">
                  <ProjectedPointRef ref="VTR:ScheduledStopPoint:128029" version="1"/>
                </PointProjection>
              </projections>
            </RoutePoint>
            <RoutePoint version="1" id="VTR:RoutePoint:128030">
              <projections>
                <PointProjection version="1" id="VTR:PointProjection:23404">
                  <ProjectedPointRef ref="VTR:ScheduledStopPoint:128030" version="1"/>
                </PointProjection>
              </projections>
            </RoutePoint>
            <RoutePoint version="1" id="VTR:RoutePoint:128031">
              <projections>
                <PointProjection version="1" id="VTR:PointProjection:23405">
                  <ProjectedPointRef ref="VTR:ScheduledStopPoint:128031" version="1"/>
                </PointProjection>
              </projections>
            </RoutePoint>
            <RoutePoint version="1" id="VTR:RoutePoint:128032">
              <projections>
                <PointProjection version="1" id="VTR:PointProjection:23406">
                  <ProjectedPointRef ref="VTR:ScheduledStopPoint:128032" version="1"/>
                </PointProjection>
              </projections>
            </RoutePoint>
            <RoutePoint version="1" id="VTR:RoutePoint:128033">
              <projections>
                <PointProjection version="1" id="VTR:PointProjection:23407">
                  <ProjectedPointRef ref="VTR:ScheduledStopPoint:128033" version="1"/>
                </PointProjection>
              </projections>
            </RoutePoint>
            <RoutePoint version="1" id="VTR:RoutePoint:128034">
              <projections>
                <PointProjection version="1" id="VTR:PointProjection:23408">
                  <ProjectedPointRef ref="VTR:ScheduledStopPoint:128034" version="1"/>
                </PointProjection>
              </projections>
            </RoutePoint>
            <RoutePoint version="1" id="VTR:RoutePoint:128035">
              <projections>
                <PointProjection version="1" id="VTR:PointProjection:23409">
                  <ProjectedPointRef ref="VTR:ScheduledStopPoint:128035" version="1"/>
                </PointProjection>
              </projections>
            </RoutePoint>
            <RoutePoint version="1" id="VTR:RoutePoint:128036">
              <projections>
                <PointProjection version="1" id="VTR:PointProjection:23410">
                  <ProjectedPointRef ref="VTR:ScheduledStopPoint:128036" version="1"/>
                </PointProjection>
              </projections>
            </RoutePoint>
            <RoutePoint version="1" id="VTR:RoutePoint:128037">
              <projections>
                <PointProjection version="1" id="VTR:PointProjection:23412">
                  <ProjectedPointRef ref="VTR:ScheduledStopPoint:128037" version="1"/>
                </PointProjection>
              </projections>
            </RoutePoint>
            <RoutePoint version="1" id="VTR:RoutePoint:128038">
              <projections>
                <PointProjection version="1" id="VTR:PointProjection:23413">
                  <ProjectedPointRef ref="VTR:ScheduledStopPoint:128038" version="1"/>
                </PointProjection>
              </projections>
            </RoutePoint>
            <RoutePoint version="1" id="VTR:RoutePoint:128039">
              <projections>
                <PointProjection version="1" id="VTR:PointProjection:23414">
                  <ProjectedPointRef ref="VTR:ScheduledStopPoint:128039" version="1"/>
                </PointProjection>
              </projections>
            </RoutePoint>
            <RoutePoint version="1" id="VTR:RoutePoint:128040">
              <projections>
                <PointProjection version="1" id="VTR:PointProjection:23415">
                  <ProjectedPointRef ref="VTR:ScheduledStopPoint:128040" version="1"/>
                </PointProjection>
              </projections>
            </RoutePoint>
          </routePoints>
          <routes>
            <Route version="1" id="VTR:Route:7641">
              <Name>Budriai-Baubliai-Kretinga</Name>
              <ShortName>Budriai-Baubliai-Kretinga</ShortName>
              <LineRef ref="VTR:Line:2922" version="3001"/>
              <DirectionType>inbound</DirectionType>
              <pointsInSequence>
                <PointOnRoute version="1" id="VTR:PointOnRoute:128025" order="1">
                  <RoutePointRef ref="VTR:RoutePoint:128025"/>
                </PointOnRoute>
                <PointOnRoute version="1" id="VTR:PointOnRoute:128027" order="3">
                  <RoutePointRef ref="VTR:RoutePoint:128027"/>
                </PointOnRoute>
                <PointOnRoute version="1" id="VTR:PointOnRoute:128028" order="4">
                  <RoutePointRef ref="VTR:RoutePoint:128028"/>
                </PointOnRoute>
                <PointOnRoute version="1" id="VTR:PointOnRoute:128029" order="5">
                  <RoutePointRef ref="VTR:RoutePoint:128029"/>
                </PointOnRoute>
                <PointOnRoute version="1" id="VTR:PointOnRoute:128030" order="6">
                  <RoutePointRef ref="VTR:RoutePoint:128030"/>
                </PointOnRoute>
                <PointOnRoute version="1" id="VTR:PointOnRoute:128031" order="7">
                  <RoutePointRef ref="VTR:RoutePoint:128031"/>
                </PointOnRoute>
                <PointOnRoute version="1" id="VTR:PointOnRoute:128032" order="8">
                  <RoutePointRef ref="VTR:RoutePoint:128032"/>
                </PointOnRoute>
                <PointOnRoute version="1" id="VTR:PointOnRoute:128033" order="9">
                  <RoutePointRef ref="VTR:RoutePoint:128033"/>
                </PointOnRoute>
                <PointOnRoute version="1" id="VTR:PointOnRoute:128034" order="10">
                  <RoutePointRef ref="VTR:RoutePoint:128034"/>
                </PointOnRoute>
                <PointOnRoute version="1" id="VTR:PointOnRoute:128035" order="11">
                  <RoutePointRef ref="VTR:RoutePoint:128035"/>
                </PointOnRoute>
                <PointOnRoute version="1" id="VTR:PointOnRoute:128036" order="12">
                  <RoutePointRef ref="VTR:RoutePoint:128036"/>
                </PointOnRoute>
                <PointOnRoute version="1" id="VTR:PointOnRoute:128037" order="13">
                  <RoutePointRef ref="VTR:RoutePoint:128037"/>
                </PointOnRoute>
                <PointOnRoute version="1" id="VTR:PointOnRoute:128038" order="14">
                  <RoutePointRef ref="VTR:RoutePoint:128038"/>
                </PointOnRoute>
                <PointOnRoute version="1" id="VTR:PointOnRoute:128039" order="15">
                  <RoutePointRef ref="VTR:RoutePoint:128039"/>
                </PointOnRoute>
                <PointOnRoute version="1" id="VTR:PointOnRoute:128040" order="16">
                  <RoutePointRef ref="VTR:RoutePoint:128040"/>
                </PointOnRoute>
              </pointsInSequence>
            </Route>
          </routes>
          <lines>
            <Line version="3001" id="VTR:Line:2922">
              <Name>Budriai-Baubliai-Kretinga</Name>
              <TransportMode>bus</TransportMode>
              <TransportSubmode>
                <BusSubmode>regionalBus</BusSubmode>
              </TransportSubmode>
              <PublicCode>21A</PublicCode>
              <OperatorRef ref="VTR:Operator:18"/>
            </Line>
          </lines>
          <scheduledStopPoints>
            <ScheduledStopPoint version="1" id="VTR:ScheduledStopPoint:128025">
              <Name>Budrių centras</Name>
            </ScheduledStopPoint>
            <ScheduledStopPoint version="1" id="VTR:ScheduledStopPoint:128027">
              <Name>Budriai</Name>
            </ScheduledStopPoint>
            <ScheduledStopPoint version="1" id="VTR:ScheduledStopPoint:128028">
              <Name>Mišučiai</Name>
            </ScheduledStopPoint>
            <ScheduledStopPoint version="1" id="VTR:ScheduledStopPoint:128029">
              <Name>Minijos tiltas II</Name>
            </ScheduledStopPoint>
            <ScheduledStopPoint version="1" id="VTR:ScheduledStopPoint:128030">
              <Name>Baubliai</Name>
            </ScheduledStopPoint>
            <ScheduledStopPoint version="1" id="VTR:ScheduledStopPoint:128031">
              <Name>Minijos tiltas</Name>
            </ScheduledStopPoint>
            <ScheduledStopPoint version="1" id="VTR:ScheduledStopPoint:128032">
              <Name>Raguviškiai</Name>
            </ScheduledStopPoint>
            <ScheduledStopPoint version="1" id="VTR:ScheduledStopPoint:128033">
              <Name>Mokykla</Name>
            </ScheduledStopPoint>
            <ScheduledStopPoint version="1" id="VTR:ScheduledStopPoint:128034">
              <Name>Laumaliai</Name>
            </ScheduledStopPoint>
            <ScheduledStopPoint version="1" id="VTR:ScheduledStopPoint:128035">
              <Name>Žalgiris</Name>
            </ScheduledStopPoint>
            <ScheduledStopPoint version="1" id="VTR:ScheduledStopPoint:128036">
              <Name>Dupulčiai</Name>
            </ScheduledStopPoint>
            <ScheduledStopPoint version="1" id="VTR:ScheduledStopPoint:128037">
              <Name>Vytauto g.</Name>
            </ScheduledStopPoint>
            <ScheduledStopPoint version="1" id="VTR:ScheduledStopPoint:128038">
              <Name>Pranciškonų gimnazija</Name>
            </ScheduledStopPoint>
            <ScheduledStopPoint version="1" id="VTR:ScheduledStopPoint:128039">
              <Name>Daujoto vid. m-kla</Name>
            </ScheduledStopPoint>
            <ScheduledStopPoint version="1" id="VTR:ScheduledStopPoint:128040">
              <Name>Kretingos autobusų stotis</Name>
            </ScheduledStopPoint>
          </scheduledStopPoints>
          <serviceLinks>
            <ServiceLink id="VTR:ServiceLink:128029_1_128030_1" version="1">
              <Distance>2</Distance>
              <FromPointRef ref="VTR:ScheduledStopPoint:128029" version="1"/>
              <ToPointRef ref="VTR:ScheduledStopPoint:128030" version="1"/>
            </ServiceLink>
            <ServiceLink id="VTR:ServiceLink:128031_1_128032_1" version="1">
              <Distance>1</Distance>
              <FromPointRef ref="VTR:ScheduledStopPoint:128031" version="1"/>
              <ToPointRef ref="VTR:ScheduledStopPoint:128032" version="1"/>
            </ServiceLink>
            <ServiceLink id="VTR:ServiceLink:128027_1_128028_1" version="1">
              <Distance>1</Distance>
              <FromPointRef ref="VTR:ScheduledStopPoint:128027" version="1"/>
              <ToPointRef ref="VTR:ScheduledStopPoint:128028" version="1"/>
            </ServiceLink>
            <ServiceLink id="VTR:ServiceLink:128033_1_128034_1" version="1">
              <Distance>1</Distance>
              <FromPointRef ref="VTR:ScheduledStopPoint:128033" version="1"/>
              <ToPointRef ref="VTR:ScheduledStopPoint:128034" version="1"/>
            </ServiceLink>
            <ServiceLink id="VTR:ServiceLink:128032_1_128033_1" version="1">
              <Distance>1</Distance>
              <FromPointRef ref="VTR:ScheduledStopPoint:128032" version="1"/>
              <ToPointRef ref="VTR:ScheduledStopPoint:128033" version="1"/>
            </ServiceLink>
            <ServiceLink id="VTR:ServiceLink:128030_1_128031_1" version="1">
              <Distance>3</Distance>
              <FromPointRef ref="VTR:ScheduledStopPoint:128030" version="1"/>
              <ToPointRef ref="VTR:ScheduledStopPoint:128031" version="1"/>
            </ServiceLink>
            <ServiceLink id="VTR:ServiceLink:128039_1_128040_1" version="1">
              <Distance>1</Distance>
              <FromPointRef ref="VTR:ScheduledStopPoint:128039" version="1"/>
              <ToPointRef ref="VTR:ScheduledStopPoint:128040" version="1"/>
            </ServiceLink>
            <ServiceLink id="VTR:ServiceLink:128038_1_128039_1" version="1">
              <Distance>0</Distance>
              <FromPointRef ref="VTR:ScheduledStopPoint:128038" version="1"/>
              <ToPointRef ref="VTR:ScheduledStopPoint:128039" version="1"/>
            </ServiceLink>
            <ServiceLink id="VTR:ServiceLink:128036_1_128037_1" version="1">
              <Distance>3</Distance>
              <FromPointRef ref="VTR:ScheduledStopPoint:128036" version="1"/>
              <ToPointRef ref="VTR:ScheduledStopPoint:128037" version="1"/>
            </ServiceLink>
            <ServiceLink id="VTR:ServiceLink:128034_1_128035_1" version="1">
              <Distance>1</Distance>
              <FromPointRef ref="VTR:ScheduledStopPoint:128034" version="1"/>
              <ToPointRef ref="VTR:ScheduledStopPoint:128035" version="1"/>
            </ServiceLink>
            <ServiceLink id="VTR:ServiceLink:128037_1_128038_1" version="1">
              <Distance>1</Distance>
              <FromPointRef ref="VTR:ScheduledStopPoint:128037" version="1"/>
              <ToPointRef ref="VTR:ScheduledStopPoint:128038" version="1"/>
            </ServiceLink>
            <ServiceLink id="VTR:ServiceLink:128035_1_128036_1" version="1">
              <Distance>1</Distance>
              <FromPointRef ref="VTR:ScheduledStopPoint:128035" version="1"/>
              <ToPointRef ref="VTR:ScheduledStopPoint:128036" version="1"/>
            </ServiceLink>
            <ServiceLink id="VTR:ServiceLink:128028_1_128029_1" version="1">
              <Distance>2</Distance>
              <FromPointRef ref="VTR:ScheduledStopPoint:128028" version="1"/>
              <ToPointRef ref="VTR:ScheduledStopPoint:128029" version="1"/>
            </ServiceLink>
          </serviceLinks>
          <stopAssignments>
            <PassengerStopAssignment order="764100000" id="VTR:PassengerStopAssignment:128025" version="1">
              <ScheduledStopPointRef ref="VTR:ScheduledStopPoint:128025" version="1"/>
              <QuayRef ref="VTR:Quay:21637"/>
            </PassengerStopAssignment>
            <PassengerStopAssignment order="764100002" id="VTR:PassengerStopAssignment:128027" version="1">
              <ScheduledStopPointRef ref="VTR:ScheduledStopPoint:128027" version="1"/>
              <QuayRef ref="VTR:Quay:14851"/>
            </PassengerStopAssignment>
            <PassengerStopAssignment order="764100003" id="VTR:PassengerStopAssignment:128028" version="1">
              <ScheduledStopPointRef ref="VTR:ScheduledStopPoint:128028" version="1"/>
              <QuayRef ref="VTR:Quay:15461"/>
            </PassengerStopAssignment>
            <PassengerStopAssignment order="764100004" id="VTR:PassengerStopAssignment:128029" version="1">
              <ScheduledStopPointRef ref="VTR:ScheduledStopPoint:128029" version="1"/>
              <QuayRef ref="VTR:Quay:21636"/>
            </PassengerStopAssignment>
            <PassengerStopAssignment order="764100005" id="VTR:PassengerStopAssignment:128030" version="1">
              <ScheduledStopPointRef ref="VTR:ScheduledStopPoint:128030" version="1"/>
              <QuayRef ref="VTR:Quay:4170"/>
            </PassengerStopAssignment>
            <PassengerStopAssignment order="764100006" id="VTR:PassengerStopAssignment:128031" version="1">
              <ScheduledStopPointRef ref="VTR:ScheduledStopPoint:128031" version="1"/>
              <QuayRef ref="VTR:Quay:4604"/>
            </PassengerStopAssignment>
            <PassengerStopAssignment order="764100007" id="VTR:PassengerStopAssignment:128032" version="1">
              <ScheduledStopPointRef ref="VTR:ScheduledStopPoint:128032" version="1"/>
              <QuayRef ref="VTR:Quay:14585"/>
            </PassengerStopAssignment>
            <PassengerStopAssignment order="764100008" id="VTR:PassengerStopAssignment:128033" version="1">
              <ScheduledStopPointRef ref="VTR:ScheduledStopPoint:128033" version="1"/>
              <QuayRef ref="VTR:Quay:15595"/>
            </PassengerStopAssignment>
            <PassengerStopAssignment order="764100009" id="VTR:PassengerStopAssignment:128034" version="1">
              <ScheduledStopPointRef ref="VTR:ScheduledStopPoint:128034" version="1"/>
              <QuayRef ref="VTR:Quay:4633"/>
            </PassengerStopAssignment>
            <PassengerStopAssignment order="764100010" id="VTR:PassengerStopAssignment:128035" version="1">
              <ScheduledStopPointRef ref="VTR:ScheduledStopPoint:128035" version="1"/>
              <QuayRef ref="VTR:Quay:14582"/>
            </PassengerStopAssignment>
            <PassengerStopAssignment order="764100011" id="VTR:PassengerStopAssignment:128036" version="1">
              <ScheduledStopPointRef ref="VTR:ScheduledStopPoint:128036" version="1"/>
              <QuayRef ref="VTR:Quay:15585"/>
            </PassengerStopAssignment>
            <PassengerStopAssignment order="764100012" id="VTR:PassengerStopAssignment:128037" version="1">
              <ScheduledStopPointRef ref="VTR:ScheduledStopPoint:128037" version="1"/>
              <QuayRef ref="VTR:Quay:21278"/>
            </PassengerStopAssignment>
            <PassengerStopAssignment order="764100013" id="VTR:PassengerStopAssignment:128038" version="1">
              <ScheduledStopPointRef ref="VTR:ScheduledStopPoint:128038" version="1"/>
              <QuayRef ref="VTR:Quay:21275"/>
            </PassengerStopAssignment>
            <PassengerStopAssignment order="764100014" id="VTR:PassengerStopAssignment:128039" version="1">
              <ScheduledStopPointRef ref="VTR:ScheduledStopPoint:128039" version="1"/>
              <QuayRef ref="VTR:Quay:3596"/>
            </PassengerStopAssignment>
            <PassengerStopAssignment order="764100015" id="VTR:PassengerStopAssignment:128040" version="1">
              <ScheduledStopPointRef ref="VTR:ScheduledStopPoint:128040" version="1"/>
              <QuayRef ref="VTR:Quay:21202"/>
            </PassengerStopAssignment>
          </stopAssignments>
          <journeyPatterns>
            <JourneyPattern id="VTR:JourneyPattern:58636" version="58699">
              <Name>2A</Name>
              <RouteRef ref="VTR:Route:7641" version="1"/>
              <pointsInSequence>
                <StopPointInJourneyPattern id="VTR:StopPointInJourneyPattern:1177720" version="58699" order="1">
                  <ScheduledStopPointRef ref="VTR:ScheduledStopPoint:128025"/>
                  <DestinationDisplayRef ref="VTR:DestinationDisplay:1"/>
                </StopPointInJourneyPattern>
                <StopPointInJourneyPattern id="VTR:StopPointInJourneyPattern:1177721" version="58699" order="3">
                  <ScheduledStopPointRef ref="VTR:ScheduledStopPoint:128027"/>
                  <DestinationDisplayRef ref="VTR:DestinationDisplay:1"/>
                </StopPointInJourneyPattern>
                <StopPointInJourneyPattern id="VTR:StopPointInJourneyPattern:1177722" version="58699" order="4">
                  <ScheduledStopPointRef ref="VTR:ScheduledStopPoint:128028"/>
                  <DestinationDisplayRef ref="VTR:DestinationDisplay:1"/>
                </StopPointInJourneyPattern>
                <StopPointInJourneyPattern id="VTR:StopPointInJourneyPattern:1177723" version="58699" order="5">
                  <ScheduledStopPointRef ref="VTR:ScheduledStopPoint:128029"/>
                  <DestinationDisplayRef ref="VTR:DestinationDisplay:1"/>
                </StopPointInJourneyPattern>
                <StopPointInJourneyPattern id="VTR:StopPointInJourneyPattern:1177724" version="58699" order="6">
                  <ScheduledStopPointRef ref="VTR:ScheduledStopPoint:128030"/>
                  <DestinationDisplayRef ref="VTR:DestinationDisplay:1"/>
                </StopPointInJourneyPattern>
                <StopPointInJourneyPattern id="VTR:StopPointInJourneyPattern:1177725" version="58699" order="7">
                  <ScheduledStopPointRef ref="VTR:ScheduledStopPoint:128031"/>
                  <DestinationDisplayRef ref="VTR:DestinationDisplay:1"/>
                </StopPointInJourneyPattern>
                <StopPointInJourneyPattern id="VTR:StopPointInJourneyPattern:1177726" version="58699" order="8">
                  <ScheduledStopPointRef ref="VTR:ScheduledStopPoint:128032"/>
                  <DestinationDisplayRef ref="VTR:DestinationDisplay:1"/>
                </StopPointInJourneyPattern>
                <StopPointInJourneyPattern id="VTR:StopPointInJourneyPattern:1177727" version="58699" order="9">
                  <ScheduledStopPointRef ref="VTR:ScheduledStopPoint:128033"/>
                  <DestinationDisplayRef ref="VTR:DestinationDisplay:1"/>
                </StopPointInJourneyPattern>
                <StopPointInJourneyPattern id="VTR:StopPointInJourneyPattern:1177728" version="58699" order="10">
                  <ScheduledStopPointRef ref="VTR:ScheduledStopPoint:128034"/>
                  <DestinationDisplayRef ref="VTR:DestinationDisplay:1"/>
                </StopPointInJourneyPattern>
                <StopPointInJourneyPattern id="VTR:StopPointInJourneyPattern:1177729" version="58699" order="11">
                  <ScheduledStopPointRef ref="VTR:ScheduledStopPoint:128035"/>
                  <DestinationDisplayRef ref="VTR:DestinationDisplay:1"/>
                </StopPointInJourneyPattern>
                <StopPointInJourneyPattern id="VTR:StopPointInJourneyPattern:1177730" version="58699" order="12">
                  <ScheduledStopPointRef ref="VTR:ScheduledStopPoint:128036"/>
                  <DestinationDisplayRef ref="VTR:DestinationDisplay:1"/>
                </StopPointInJourneyPattern>
                <StopPointInJourneyPattern id="VTR:StopPointInJourneyPattern:1177731" version="58699" order="13">
                  <ScheduledStopPointRef ref="VTR:ScheduledStopPoint:128037"/>
                  <DestinationDisplayRef ref="VTR:DestinationDisplay:1"/>
                </StopPointInJourneyPattern>
                <StopPointInJourneyPattern id="VTR:StopPointInJourneyPattern:1177732" version="58699" order="14">
                  <ScheduledStopPointRef ref="VTR:ScheduledStopPoint:128038"/>
                  <DestinationDisplayRef ref="VTR:DestinationDisplay:1"/>
                </StopPointInJourneyPattern>
                <StopPointInJourneyPattern id="VTR:StopPointInJourneyPattern:1177733" version="58699" order="15">
                  <ScheduledStopPointRef ref="VTR:ScheduledStopPoint:128039"/>
                  <DestinationDisplayRef ref="VTR:DestinationDisplay:1"/>
                </StopPointInJourneyPattern>
                <StopPointInJourneyPattern id="VTR:StopPointInJourneyPattern:1177734" version="58699" order="16">
                  <ScheduledStopPointRef ref="VTR:ScheduledStopPoint:128040"/>
                  <DestinationDisplayRef ref="VTR:DestinationDisplay:1"/>
                </StopPointInJourneyPattern>
              </pointsInSequence>
            </JourneyPattern>
          </journeyPatterns>
        </ServiceFrame>
        <TimetableFrame version="1" id="VTR:TimetableFrame:1385">
          <vehicleJourneys>
            <ServiceJourney version="58699" id="VTR:ServiceJourney:58636">
              <Name>Budriai-Baubliai-Kretinga</Name>
              <PrivateCode>2A</PrivateCode>
              <dayTypes>
                <DayTypeRef ref="VTR:DayType:1449"/>
              </dayTypes>
              <JourneyPatternRef version="58699" ref="VTR:JourneyPattern:58636"/>
              <OperatorRef ref="VTR:Operator:"/>
              <LineRef ref="VTR:Line:2922" version="3001"/>
              <passingTimes>
                <TimetabledPassingTime version="58699" id="VTR:TimetabledPassingTime:58636_1177720_1">
                  <StopPointInJourneyPatternRef ref="VTR:StopPointInJourneyPattern:1177720" version="58699"/>
                  <DepartureTime>16:15:00</DepartureTime>
                  <DepartureDayOffset>0</DepartureDayOffset>
                </TimetabledPassingTime>
                <TimetabledPassingTime version="58699" id="VTR:TimetabledPassingTime:58636_1177721_3">
                  <StopPointInJourneyPatternRef ref="VTR:StopPointInJourneyPattern:1177721" version="58699"/>
                  <DepartureTime>16:16:00</DepartureTime>
                  <DepartureDayOffset>0</DepartureDayOffset>
                </TimetabledPassingTime>
                <TimetabledPassingTime version="58699" id="VTR:TimetabledPassingTime:58636_1177722_4">
                  <StopPointInJourneyPatternRef ref="VTR:StopPointInJourneyPattern:1177722" version="58699"/>
                  <DepartureTime>16:23:00</DepartureTime>
                  <DepartureDayOffset>0</DepartureDayOffset>
                </TimetabledPassingTime>
                <TimetabledPassingTime version="58699" id="VTR:TimetabledPassingTime:58636_1177723_5">
                  <StopPointInJourneyPatternRef ref="VTR:StopPointInJourneyPattern:1177723" version="58699"/>
                  <DepartureTime>16:27:00</DepartureTime>
                  <DepartureDayOffset>0</DepartureDayOffset>
                </TimetabledPassingTime>
                <TimetabledPassingTime version="58699" id="VTR:TimetabledPassingTime:58636_1177724_6">
                  <StopPointInJourneyPatternRef ref="VTR:StopPointInJourneyPattern:1177724" version="58699"/>
                  <DepartureTime>16:34:00</DepartureTime>
                  <DepartureDayOffset>0</DepartureDayOffset>
                </TimetabledPassingTime>
                <TimetabledPassingTime version="58699" id="VTR:TimetabledPassingTime:58636_1177725_7">
                  <StopPointInJourneyPatternRef ref="VTR:StopPointInJourneyPattern:1177725" version="58699"/>
                  <DepartureTime>16:39:00</DepartureTime>
                  <DepartureDayOffset>0</DepartureDayOffset>
                </TimetabledPassingTime>
                <TimetabledPassingTime version="58699" id="VTR:TimetabledPassingTime:58636_1177726_8">
                  <StopPointInJourneyPatternRef ref="VTR:StopPointInJourneyPattern:1177726" version="58699"/>
                  <DepartureTime>16:43:00</DepartureTime>
                  <DepartureDayOffset>0</DepartureDayOffset>
                </TimetabledPassingTime>
                <TimetabledPassingTime version="58699" id="VTR:TimetabledPassingTime:58636_1177727_9">
                  <StopPointInJourneyPatternRef ref="VTR:StopPointInJourneyPattern:1177727" version="58699"/>
                  <DepartureTime>16:44:00</DepartureTime>
                  <DepartureDayOffset>0</DepartureDayOffset>
                </TimetabledPassingTime>
                <TimetabledPassingTime version="58699" id="VTR:TimetabledPassingTime:58636_1177728_10">
                  <StopPointInJourneyPatternRef ref="VTR:StopPointInJourneyPattern:1177728" version="58699"/>
                  <DepartureTime>16:47:00</DepartureTime>
                  <DepartureDayOffset>0</DepartureDayOffset>
                </TimetabledPassingTime>
                <TimetabledPassingTime version="58699" id="VTR:TimetabledPassingTime:58636_1177729_11">
                  <StopPointInJourneyPatternRef ref="VTR:StopPointInJourneyPattern:1177729" version="58699"/>
                  <DepartureTime>16:50:00</DepartureTime>
                  <DepartureDayOffset>0</DepartureDayOffset>
                </TimetabledPassingTime>
                <TimetabledPassingTime version="58699" id="VTR:TimetabledPassingTime:58636_1177730_12">
                  <StopPointInJourneyPatternRef ref="VTR:StopPointInJourneyPattern:1177730" version="58699"/>
                  <DepartureTime>16:53:00</DepartureTime>
                  <DepartureDayOffset>0</DepartureDayOffset>
                </TimetabledPassingTime>
                <TimetabledPassingTime version="58699" id="VTR:TimetabledPassingTime:58636_1177731_13">
                  <StopPointInJourneyPatternRef ref="VTR:StopPointInJourneyPattern:1177731" version="58699"/>
                  <DepartureTime>17:02:00</DepartureTime>
                  <DepartureDayOffset>0</DepartureDayOffset>
                </TimetabledPassingTime>
                <TimetabledPassingTime version="58699" id="VTR:TimetabledPassingTime:58636_1177732_14">
                  <StopPointInJourneyPatternRef ref="VTR:StopPointInJourneyPattern:1177732" version="58699"/>
                  <DepartureTime>17:07:00</DepartureTime>
                  <DepartureDayOffset>0</DepartureDayOffset>
                </TimetabledPassingTime>
                <TimetabledPassingTime version="58699" id="VTR:TimetabledPassingTime:58636_1177733_15">
                  <StopPointInJourneyPatternRef ref="VTR:StopPointInJourneyPattern:1177733" version="58699"/>
                  <DepartureTime>17:08:00</DepartureTime>
                  <DepartureDayOffset>0</DepartureDayOffset>
                </TimetabledPassingTime>
                <TimetabledPassingTime version="58699" id="VTR:TimetabledPassingTime:58636_1177734_16">
                  <StopPointInJourneyPatternRef ref="VTR:StopPointInJourneyPattern:1177734" version="58699"/>
                  <DepartureTime>17:30:00</DepartureTime>
                  <DepartureDayOffset>0</DepartureDayOffset>
                </TimetabledPassingTime>
              </passingTimes>
            </ServiceJourney>
          </vehicleJourneys>
        </TimetableFrame>
        <ResourceFrame version="1" id="VTR:ResourceFrame:1385">
          <organisations>
            <Authority version="1" id="VTR:Authority:18">
              <CompanyNumber>56</CompanyNumber>
              <Name>Kretingos r. sav.</Name>
              <LegalName>Kretingos r. sav.</LegalName>
              <ContactDetails>
                <Email>savivaldybe@kretinga.lt</Email>
                <Phone>844553141</Phone>
                <Url>www.kretinga.lt</Url>
              </ContactDetails>
              <OrganisationType>authority</OrganisationType>
            </Authority>
          </organisations>
        </ResourceFrame>
      </frames>
    </CompositeFrame>
  </dataObjects>
</PublicationDelivery>
