<?xml version="1.0" encoding="UTF-8"?><PublicationDelivery xmlns="http://www.netex.org.uk/netex" xmlns:gis="http://www.opengis.net/gml/3.2" xmlns:ns2="http://www.opengis.net/gml/3.2" xmlns:ns3="http://www.siri.org.uk/siri" xmlns:xsi="http://www.w3.org/2001/XMLSchema-instance" version="1" xsi:schemaLocation="">
  <PublicationTimestamp>2022-05-07T03:45:00.262</PublicationTimestamp>
  <ParticipantRef>VTR</ParticipantRef>
  <Description>1</Description>
  <dataObjects>
    <CompositeFrame created="2022-05-07T03:45:00.262" version="1" id="VTR:CompositeFrame:1385">
      <validityConditions>
        <AvailabilityCondition version="1" id="VTR:AvailabilityCondition:1385">
          <FromDate>2015-08-06T16:27:50</FromDate>
          <ToDate>2027-12-30T00:00:00</ToDate>
        </AvailabilityCondition>
      </validityConditions>
      <codespaces>
        <Codespace id="vtr">
          <Xmlns>VTR</Xmlns>
          <XmlnsUrl>http://www.visimarsrutai.lt/</XmlnsUrl>
        </Codespace>
      </codespaces>
      <FrameDefaults>
        <DefaultLocale>
          <TimeZone>Europe/Vilnius</TimeZone>
        </DefaultLocale>
        <DefaultLocationSystem>WGS84</DefaultLocationSystem>
      </FrameDefaults>
      <frames>
        <ServiceCalendarFrame version="1" id="VTR:ServiceCalendarFrame:1385">
          <dayTypes>
            <DayType id="VTR:DayType:1449" version="1">
              <properties>
                <PropertyOfDay>
                  <DaysOfWeek>Monday Tuesday Wednesday Thursday Friday</DaysOfWeek>
                </PropertyOfDay>
              </properties>
            </DayType>
          </dayTypes>
          <operatingPeriods>
            <OperatingPeriod version="1" id="VTR:OperatingPeriod:1449">
              <FromDate>2015-08-21T00:00:00</FromDate>
              <ToDate>2020-12-31T00:00:00</ToDate>
            </OperatingPeriod>
          </operatingPeriods>
          <dayTypeAssignments>
            <DayTypeAssignment id="VTR:DayTypeAssignment:1449_0" version="1" order="1455">
              <OperatingPeriodRef ref="VTR:OperatingPeriod:1449" version="1"/>
              <DayTypeRef ref="VTR:DayType:1449" version="1"/>
            </DayTypeAssignment>
          </dayTypeAssignments>
        </ServiceCalendarFrame>
        <ServiceFrame id="VTR:ServiceFrame:1385" version="1">
          <Network version="0" id="VTR:Network:18"/>
          <routePoints>
            <RoutePoint version="1" id="VTR:RoutePoint:72064">
              <projections>
                <PointProjection version="1" id="VTR:PointProjection:23445">
                  <ProjectedPointRef ref="VTR:ScheduledStopPoint:72064" version="1"/>
                </PointProjection>
              </projections>
            </RoutePoint>
            <RoutePoint version="1" id="VTR:RoutePoint:72066">
              <projections>
                <PointProjection version="1" id="VTR:PointProjection:23446">
                  <ProjectedPointRef ref="VTR:ScheduledStopPoint:72066" version="1"/>
                </PointProjection>
              </projections>
            </RoutePoint>
            <RoutePoint version="1" id="VTR:RoutePoint:72067">
              <projections>
                <PointProjection version="1" id="VTR:PointProjection:23447">
                  <ProjectedPointRef ref="VTR:ScheduledStopPoint:72067" version="1"/>
                </PointProjection>
              </projections>
            </RoutePoint>
            <RoutePoint version="1" id="VTR:RoutePoint:72068">
              <projections>
                <PointProjection version="1" id="VTR:PointProjection:23448">
                  <ProjectedPointRef ref="VTR:ScheduledStopPoint:72068" version="1"/>
                </PointProjection>
              </projections>
            </RoutePoint>
            <RoutePoint version="1" id="VTR:RoutePoint:72069">
              <projections>
                <PointProjection version="1" id="VTR:PointProjection:23449">
                  <ProjectedPointRef ref="VTR:ScheduledStopPoint:72069" version="1"/>
                </PointProjection>
              </projections>
            </RoutePoint>
            <RoutePoint version="1" id="VTR:RoutePoint:72070">
              <projections>
                <PointProjection version="1" id="VTR:PointProjection:23450">
                  <ProjectedPointRef ref="VTR:ScheduledStopPoint:72070" version="1"/>
                </PointProjection>
              </projections>
            </RoutePoint>
            <RoutePoint version="1" id="VTR:RoutePoint:72071">
              <projections>
                <PointProjection version="1" id="VTR:PointProjection:23451">
                  <ProjectedPointRef ref="VTR:ScheduledStopPoint:72071" version="1"/>
                </PointProjection>
              </projections>
            </RoutePoint>
            <RoutePoint version="1" id="VTR:RoutePoint:72072">
              <projections>
                <PointProjection version="1" id="VTR:PointProjection:23452">
                  <ProjectedPointRef ref="VTR:ScheduledStopPoint:72072" version="1"/>
                </PointProjection>
              </projections>
            </RoutePoint>
            <RoutePoint version="1" id="VTR:RoutePoint:72073">
              <projections>
                <PointProjection version="1" id="VTR:PointProjection:23453">
                  <ProjectedPointRef ref="VTR:ScheduledStopPoint:72073" version="1"/>
                </PointProjection>
              </projections>
            </RoutePoint>
            <RoutePoint version="1" id="VTR:RoutePoint:72074">
              <projections>
                <PointProjection version="1" id="VTR:PointProjection:23454">
                  <ProjectedPointRef ref="VTR:ScheduledStopPoint:72074" version="1"/>
                </PointProjection>
              </projections>
            </RoutePoint>
            <RoutePoint version="1" id="VTR:RoutePoint:72075">
              <projections>
                <PointProjection version="1" id="VTR:PointProjection:23455">
                  <ProjectedPointRef ref="VTR:ScheduledStopPoint:72075" version="1"/>
                </PointProjection>
              </projections>
            </RoutePoint>
            <RoutePoint version="1" id="VTR:RoutePoint:72076">
              <projections>
                <PointProjection version="1" id="VTR:PointProjection:23456">
                  <ProjectedPointRef ref="VTR:ScheduledStopPoint:72076" version="1"/>
                </PointProjection>
              </projections>
            </RoutePoint>
            <RoutePoint version="1" id="VTR:RoutePoint:72077">
              <projections>
                <PointProjection version="1" id="VTR:PointProjection:23457">
                  <ProjectedPointRef ref="VTR:ScheduledStopPoint:72077" version="1"/>
                </PointProjection>
              </projections>
            </RoutePoint>
            <RoutePoint version="1" id="VTR:RoutePoint:72078">
              <projections>
                <PointProjection version="1" id="VTR:PointProjection:23458">
                  <ProjectedPointRef ref="VTR:ScheduledStopPoint:72078" version="1"/>
                </PointProjection>
              </projections>
            </RoutePoint>
            <RoutePoint version="1" id="VTR:RoutePoint:72079">
              <projections>
                <PointProjection version="1" id="VTR:PointProjection:23459">
                  <ProjectedPointRef ref="VTR:ScheduledStopPoint:72079" version="1"/>
                </PointProjection>
              </projections>
            </RoutePoint>
            <RoutePoint version="1" id="VTR:RoutePoint:72080">
              <projections>
                <PointProjection version="1" id="VTR:PointProjection:23460">
                  <ProjectedPointRef ref="VTR:ScheduledStopPoint:72080" version="1"/>
                </PointProjection>
              </projections>
            </RoutePoint>
          </routePoints>
          <routes>
            <Route version="1" id="VTR:Route:4326">
              <Name>Budriai-Baubliai-Kretinga</Name>
              <ShortName>Budriai-Baubliai-Kretinga</ShortName>
              <LineRef ref="VTR:Line:1797" version="1778"/>
              <DirectionType>inbound</DirectionType>
              <pointsInSequence>
                <PointOnRoute version="1" id="VTR:PointOnRoute:72064" order="1">
                  <RoutePointRef ref="VTR:RoutePoint:72064"/>
                </PointOnRoute>
                <PointOnRoute version="1" id="VTR:PointOnRoute:72066" order="3">
                  <RoutePointRef ref="VTR:RoutePoint:72066"/>
                </PointOnRoute>
                <PointOnRoute version="1" id="VTR:PointOnRoute:72067" order="4">
                  <RoutePointRef ref="VTR:RoutePoint:72067"/>
                </PointOnRoute>
                <PointOnRoute version="1" id="VTR:PointOnRoute:72068" order="5">
                  <RoutePointRef ref="VTR:RoutePoint:72068"/>
                </PointOnRoute>
                <PointOnRoute version="1" id="VTR:PointOnRoute:72069" order="6">
                  <RoutePointRef ref="VTR:RoutePoint:72069"/>
                </PointOnRoute>
                <PointOnRoute version="1" id="VTR:PointOnRoute:72070" order="7">
                  <RoutePointRef ref="VTR:RoutePoint:72070"/>
                </PointOnRoute>
                <PointOnRoute version="1" id="VTR:PointOnRoute:72071" order="8">
                  <RoutePointRef ref="VTR:RoutePoint:72071"/>
                </PointOnRoute>
                <PointOnRoute version="1" id="VTR:PointOnRoute:72072" order="9">
                  <RoutePointRef ref="VTR:RoutePoint:72072"/>
                </PointOnRoute>
                <PointOnRoute version="1" id="VTR:PointOnRoute:72073" order="10">
                  <RoutePointRef ref="VTR:RoutePoint:72073"/>
                </PointOnRoute>
                <PointOnRoute version="1" id="VTR:PointOnRoute:72074" order="11">
                  <RoutePointRef ref="VTR:RoutePoint:72074"/>
                </PointOnRoute>
                <PointOnRoute version="1" id="VTR:PointOnRoute:72075" order="12">
                  <RoutePointRef ref="VTR:RoutePoint:72075"/>
                </PointOnRoute>
                <PointOnRoute version="1" id="VTR:PointOnRoute:72076" order="13">
                  <RoutePointRef ref="VTR:RoutePoint:72076"/>
                </PointOnRoute>
                <PointOnRoute version="1" id="VTR:PointOnRoute:72077" order="14">
                  <RoutePointRef ref="VTR:RoutePoint:72077"/>
                </PointOnRoute>
                <PointOnRoute version="1" id="VTR:PointOnRoute:72078" order="15">
                  <RoutePointRef ref="VTR:RoutePoint:72078"/>
                </PointOnRoute>
                <PointOnRoute version="1" id="VTR:PointOnRoute:72079" order="16">
                  <RoutePointRef ref="VTR:RoutePoint:72079"/>
                </PointOnRoute>
                <PointOnRoute version="1" id="VTR:PointOnRoute:72080" order="17">
                  <RoutePointRef ref="VTR:RoutePoint:72080"/>
                </PointOnRoute>
              </pointsInSequence>
            </Route>
          </routes>
          <lines>
            <Line version="1778" id="VTR:Line:1797">
              <Name>Budriai-Baubliai-Kretinga</Name>
              <TransportMode>bus</TransportMode>
              <TransportSubmode>
                <BusSubmode>regionalBus</BusSubmode>
              </TransportSubmode>
              <PublicCode>22A</PublicCode>
              <OperatorRef ref="VTR:Operator:18"/>
            </Line>
          </lines>
          <scheduledStopPoints>
            <ScheduledStopPoint version="1" id="VTR:ScheduledStopPoint:72064">
              <Name>Budrių centras</Name>
            </ScheduledStopPoint>
            <ScheduledStopPoint version="1" id="VTR:ScheduledStopPoint:72066">
              <Name>Budriai</Name>
            </ScheduledStopPoint>
            <ScheduledStopPoint version="1" id="VTR:ScheduledStopPoint:72067">
              <Name>Mišučiai</Name>
            </ScheduledStopPoint>
            <ScheduledStopPoint version="1" id="VTR:ScheduledStopPoint:72068">
              <Name>Nausodis</Name>
            </ScheduledStopPoint>
            <ScheduledStopPoint version="1" id="VTR:ScheduledStopPoint:72069">
              <Name>Minijos tiltas II</Name>
            </ScheduledStopPoint>
            <ScheduledStopPoint version="1" id="VTR:ScheduledStopPoint:72070">
              <Name>Baubliai</Name>
            </ScheduledStopPoint>
            <ScheduledStopPoint version="1" id="VTR:ScheduledStopPoint:72071">
              <Name>Minijos tiltas</Name>
            </ScheduledStopPoint>
            <ScheduledStopPoint version="1" id="VTR:ScheduledStopPoint:72072">
              <Name>Raguviškiai</Name>
            </ScheduledStopPoint>
            <ScheduledStopPoint version="1" id="VTR:ScheduledStopPoint:72073">
              <Name>Mokykla</Name>
            </ScheduledStopPoint>
            <ScheduledStopPoint version="1" id="VTR:ScheduledStopPoint:72074">
              <Name>Laumaliai</Name>
            </ScheduledStopPoint>
            <ScheduledStopPoint version="1" id="VTR:ScheduledStopPoint:72075">
              <Name>Žalgiris</Name>
            </ScheduledStopPoint>
            <ScheduledStopPoint version="1" id="VTR:ScheduledStopPoint:72076">
              <Name>Dupulčiai</Name>
            </ScheduledStopPoint>
            <ScheduledStopPoint version="1" id="VTR:ScheduledStopPoint:72077">
              <Name>Vytauto g.</Name>
            </ScheduledStopPoint>
            <ScheduledStopPoint version="1" id="VTR:ScheduledStopPoint:72078">
              <Name>Pranciškonų gimnazija</Name>
            </ScheduledStopPoint>
            <ScheduledStopPoint version="1" id="VTR:ScheduledStopPoint:72079">
              <Name>Daujoto vid. m-kla</Name>
            </ScheduledStopPoint>
            <ScheduledStopPoint version="1" id="VTR:ScheduledStopPoint:72080">
              <Name>Kretingos autobusų stotis</Name>
            </ScheduledStopPoint>
          </scheduledStopPoints>
          <serviceLinks>
            <ServiceLink id="VTR:ServiceLink:72066_1_72067_1" version="1">
              <Distance>1</Distance>
              <FromPointRef ref="VTR:ScheduledStopPoint:72066" version="1"/>
              <ToPointRef ref="VTR:ScheduledStopPoint:72067" version="1"/>
            </ServiceLink>
            <ServiceLink id="VTR:ServiceLink:72072_1_72073_1" version="1">
              <Distance>1</Distance>
              <FromPointRef ref="VTR:ScheduledStopPoint:72072" version="1"/>
              <ToPointRef ref="VTR:ScheduledStopPoint:72073" version="1"/>
            </ServiceLink>
            <ServiceLink id="VTR:ServiceLink:72074_1_72075_1" version="1">
              <Distance>1</Distance>
              <FromPointRef ref="VTR:ScheduledStopPoint:72074" version="1"/>
              <ToPointRef ref="VTR:ScheduledStopPoint:72075" version="1"/>
            </ServiceLink>
            <ServiceLink id="VTR:ServiceLink:72067_1_72068_1" version="1">
              <Distance>1</Distance>
              <FromPointRef ref="VTR:ScheduledStopPoint:72067" version="1"/>
              <ToPointRef ref="VTR:ScheduledStopPoint:72068" version="1"/>
            </ServiceLink>
            <ServiceLink id="VTR:ServiceLink:72069_1_72070_1" version="1">
              <Distance>2</Distance>
              <FromPointRef ref="VTR:ScheduledStopPoint:72069" version="1"/>
              <ToPointRef ref="VTR:ScheduledStopPoint:72070" version="1"/>
            </ServiceLink>
            <ServiceLink id="VTR:ServiceLink:72071_1_72072_1" version="1">
              <Distance>1</Distance>
              <FromPointRef ref="VTR:ScheduledStopPoint:72071" version="1"/>
              <ToPointRef ref="VTR:ScheduledStopPoint:72072" version="1"/>
            </ServiceLink>
            <ServiceLink id="VTR:ServiceLink:72068_1_72069_1" version="1">
              <Distance>3</Distance>
              <FromPointRef ref="VTR:ScheduledStopPoint:72068" version="1"/>
              <ToPointRef ref="VTR:ScheduledStopPoint:72069" version="1"/>
            </ServiceLink>
            <ServiceLink id="VTR:ServiceLink:72073_1_72074_1" version="1">
              <Distance>1</Distance>
              <FromPointRef ref="VTR:ScheduledStopPoint:72073" version="1"/>
              <ToPointRef ref="VTR:ScheduledStopPoint:72074" version="1"/>
            </ServiceLink>
            <ServiceLink id="VTR:ServiceLink:72075_1_72076_1" version="1">
              <Distance>1</Distance>
              <FromPointRef ref="VTR:ScheduledStopPoint:72075" version="1"/>
              <ToPointRef ref="VTR:ScheduledStopPoint:72076" version="1"/>
            </ServiceLink>
            <ServiceLink id="VTR:ServiceLink:72078_1_72079_1" version="1">
              <Distance>0</Distance>
              <FromPointRef ref="VTR:ScheduledStopPoint:72078" version="1"/>
              <ToPointRef ref="VTR:ScheduledStopPoint:72079" version="1"/>
            </ServiceLink>
            <ServiceLink id="VTR:ServiceLink:72076_1_72077_1" version="1">
              <Distance>3</Distance>
              <FromPointRef ref="VTR:ScheduledStopPoint:72076" version="1"/>
              <ToPointRef ref="VTR:ScheduledStopPoint:72077" version="1"/>
            </ServiceLink>
            <ServiceLink id="VTR:ServiceLink:72079_1_72080_1" version="1">
              <Distance>1</Distance>
              <FromPointRef ref="VTR:ScheduledStopPoint:72079" version="1"/>
              <ToPointRef ref="VTR:ScheduledStopPoint:72080" version="1"/>
            </ServiceLink>
            <ServiceLink id="VTR:ServiceLink:72070_1_72071_1" version="1">
              <Distance>3</Distance>
              <FromPointRef ref="VTR:ScheduledStopPoint:72070" version="1"/>
              <ToPointRef ref="VTR:ScheduledStopPoint:72071" version="1"/>
            </ServiceLink>
            <ServiceLink id="VTR:ServiceLink:72077_1_72078_1" version="1">
              <Distance>1</Distance>
              <FromPointRef ref="VTR:ScheduledStopPoint:72077" version="1"/>
              <ToPointRef ref="VTR:ScheduledStopPoint:72078" version="1"/>
            </ServiceLink>
          </serviceLinks>
          <stopAssignments>
            <PassengerStopAssignment order="432600000" id="VTR:PassengerStopAssignment:72064" version="1">
              <ScheduledStopPointRef ref="VTR:ScheduledStopPoint:72064" version="1"/>
              <QuayRef ref="VTR:Quay:21637"/>
            </PassengerStopAssignment>
            <PassengerStopAssignment order="432600002" id="VTR:PassengerStopAssignment:72066" version="1">
              <ScheduledStopPointRef ref="VTR:ScheduledStopPoint:72066" version="1"/>
              <QuayRef ref="VTR:Quay:14851"/>
            </PassengerStopAssignment>
            <PassengerStopAssignment order="432600003" id="VTR:PassengerStopAssignment:72067" version="1">
              <ScheduledStopPointRef ref="VTR:ScheduledStopPoint:72067" version="1"/>
              <QuayRef ref="VTR:Quay:15461"/>
            </PassengerStopAssignment>
            <PassengerStopAssignment order="432600004" id="VTR:PassengerStopAssignment:72068" version="1">
              <ScheduledStopPointRef ref="VTR:ScheduledStopPoint:72068" version="1"/>
              <QuayRef ref="VTR:Quay:5598"/>
            </PassengerStopAssignment>
            <PassengerStopAssignment order="432600005" id="VTR:PassengerStopAssignment:72069" version="1">
              <ScheduledStopPointRef ref="VTR:ScheduledStopPoint:72069" version="1"/>
              <QuayRef ref="VTR:Quay:21636"/>
            </PassengerStopAssignment>
            <PassengerStopAssignment order="432600006" id="VTR:PassengerStopAssignment:72070" version="1">
              <ScheduledStopPointRef ref="VTR:ScheduledStopPoint:72070" version="1"/>
              <QuayRef ref="VTR:Quay:4170"/>
            </PassengerStopAssignment>
            <PassengerStopAssignment order="432600007" id="VTR:PassengerStopAssignment:72071" version="1">
              <ScheduledStopPointRef ref="VTR:ScheduledStopPoint:72071" version="1"/>
              <QuayRef ref="VTR:Quay:4604"/>
            </PassengerStopAssignment>
            <PassengerStopAssignment order="432600008" id="VTR:PassengerStopAssignment:72072" version="1">
              <ScheduledStopPointRef ref="VTR:ScheduledStopPoint:72072" version="1"/>
              <QuayRef ref="VTR:Quay:14585"/>
            </PassengerStopAssignment>
            <PassengerStopAssignment order="432600009" id="VTR:PassengerStopAssignment:72073" version="1">
              <ScheduledStopPointRef ref="VTR:ScheduledStopPoint:72073" version="1"/>
              <QuayRef ref="VTR:Quay:15595"/>
            </PassengerStopAssignment>
            <PassengerStopAssignment order="432600010" id="VTR:PassengerStopAssignment:72074" version="1">
              <ScheduledStopPointRef ref="VTR:ScheduledStopPoint:72074" version="1"/>
              <QuayRef ref="VTR:Quay:4633"/>
            </PassengerStopAssignment>
            <PassengerStopAssignment order="432600011" id="VTR:PassengerStopAssignment:72075" version="1">
              <ScheduledStopPointRef ref="VTR:ScheduledStopPoint:72075" version="1"/>
              <QuayRef ref="VTR:Quay:14582"/>
            </PassengerStopAssignment>
            <PassengerStopAssignment order="432600012" id="VTR:PassengerStopAssignment:72076" version="1">
              <ScheduledStopPointRef ref="VTR:ScheduledStopPoint:72076" version="1"/>
              <QuayRef ref="VTR:Quay:15585"/>
            </PassengerStopAssignment>
            <PassengerStopAssignment order="432600013" id="VTR:PassengerStopAssignment:72077" version="1">
              <ScheduledStopPointRef ref="VTR:ScheduledStopPoint:72077" version="1"/>
              <QuayRef ref="VTR:Quay:21278"/>
            </PassengerStopAssignment>
            <PassengerStopAssignment order="432600014" id="VTR:PassengerStopAssignment:72078" version="1">
              <ScheduledStopPointRef ref="VTR:ScheduledStopPoint:72078" version="1"/>
              <QuayRef ref="VTR:Quay:21275"/>
            </PassengerStopAssignment>
            <PassengerStopAssignment order="432600015" id="VTR:PassengerStopAssignment:72079" version="1">
              <ScheduledStopPointRef ref="VTR:ScheduledStopPoint:72079" version="1"/>
              <QuayRef ref="VTR:Quay:3596"/>
            </PassengerStopAssignment>
            <PassengerStopAssignment order="432600016" id="VTR:PassengerStopAssignment:72080" version="1">
              <ScheduledStopPointRef ref="VTR:ScheduledStopPoint:72080" version="1"/>
              <QuayRef ref="VTR:Quay:21202"/>
            </PassengerStopAssignment>
          </stopAssignments>
          <journeyPatterns>
            <JourneyPattern id="VTR:JourneyPattern:58642" version="58705">
              <Name>1A</Name>
              <RouteRef ref="VTR:Route:4326" version="1"/>
              <pointsInSequence>
                <StopPointInJourneyPattern id="VTR:StopPointInJourneyPattern:1177829" version="58705" order="1">
                  <ScheduledStopPointRef ref="VTR:ScheduledStopPoint:72064"/>
                  <DestinationDisplayRef ref="VTR:DestinationDisplay:1"/>
                </StopPointInJourneyPattern>
                <StopPointInJourneyPattern id="VTR:StopPointInJourneyPattern:1177830" version="58705" order="3">
                  <ScheduledStopPointRef ref="VTR:ScheduledStopPoint:72066"/>
                  <DestinationDisplayRef ref="VTR:DestinationDisplay:1"/>
                </StopPointInJourneyPattern>
                <StopPointInJourneyPattern id="VTR:StopPointInJourneyPattern:1177831" version="58705" order="4">
                  <ScheduledStopPointRef ref="VTR:ScheduledStopPoint:72067"/>
                  <DestinationDisplayRef ref="VTR:DestinationDisplay:1"/>
                </StopPointInJourneyPattern>
                <StopPointInJourneyPattern id="VTR:StopPointInJourneyPattern:1177832" version="58705" order="5">
                  <ScheduledStopPointRef ref="VTR:ScheduledStopPoint:72068"/>
                  <DestinationDisplayRef ref="VTR:DestinationDisplay:1"/>
                </StopPointInJourneyPattern>
                <StopPointInJourneyPattern id="VTR:StopPointInJourneyPattern:1177833" version="58705" order="6">
                  <ScheduledStopPointRef ref="VTR:ScheduledStopPoint:72069"/>
                  <DestinationDisplayRef ref="VTR:DestinationDisplay:1"/>
                </StopPointInJourneyPattern>
                <StopPointInJourneyPattern id="VTR:StopPointInJourneyPattern:1177834" version="58705" order="7">
                  <ScheduledStopPointRef ref="VTR:ScheduledStopPoint:72070"/>
                  <DestinationDisplayRef ref="VTR:DestinationDisplay:1"/>
                </StopPointInJourneyPattern>
                <StopPointInJourneyPattern id="VTR:StopPointInJourneyPattern:1177835" version="58705" order="8">
                  <ScheduledStopPointRef ref="VTR:ScheduledStopPoint:72071"/>
                  <DestinationDisplayRef ref="VTR:DestinationDisplay:1"/>
                </StopPointInJourneyPattern>
                <StopPointInJourneyPattern id="VTR:StopPointInJourneyPattern:1177836" version="58705" order="9">
                  <ScheduledStopPointRef ref="VTR:ScheduledStopPoint:72072"/>
                  <DestinationDisplayRef ref="VTR:DestinationDisplay:1"/>
                </StopPointInJourneyPattern>
                <StopPointInJourneyPattern id="VTR:StopPointInJourneyPattern:1177837" version="58705" order="10">
                  <ScheduledStopPointRef ref="VTR:ScheduledStopPoint:72073"/>
                  <DestinationDisplayRef ref="VTR:DestinationDisplay:1"/>
                </StopPointInJourneyPattern>
                <StopPointInJourneyPattern id="VTR:StopPointInJourneyPattern:1177838" version="58705" order="11">
                  <ScheduledStopPointRef ref="VTR:ScheduledStopPoint:72074"/>
                  <DestinationDisplayRef ref="VTR:DestinationDisplay:1"/>
                </StopPointInJourneyPattern>
                <StopPointInJourneyPattern id="VTR:StopPointInJourneyPattern:1177839" version="58705" order="12">
                  <ScheduledStopPointRef ref="VTR:ScheduledStopPoint:72075"/>
                  <DestinationDisplayRef ref="VTR:DestinationDisplay:1"/>
                </StopPointInJourneyPattern>
                <StopPointInJourneyPattern id="VTR:StopPointInJourneyPattern:1177840" version="58705" order="13">
                  <ScheduledStopPointRef ref="VTR:ScheduledStopPoint:72076"/>
                  <DestinationDisplayRef ref="VTR:DestinationDisplay:1"/>
                </StopPointInJourneyPattern>
                <StopPointInJourneyPattern id="VTR:StopPointInJourneyPattern:1177841" version="58705" order="14">
                  <ScheduledStopPointRef ref="VTR:ScheduledStopPoint:72077"/>
                  <DestinationDisplayRef ref="VTR:DestinationDisplay:1"/>
                </StopPointInJourneyPattern>
                <StopPointInJourneyPattern id="VTR:StopPointInJourneyPattern:1177842" version="58705" order="15">
                  <ScheduledStopPointRef ref="VTR:ScheduledStopPoint:72078"/>
                  <DestinationDisplayRef ref="VTR:DestinationDisplay:1"/>
                </StopPointInJourneyPattern>
                <StopPointInJourneyPattern id="VTR:StopPointInJourneyPattern:1177843" version="58705" order="16">
                  <ScheduledStopPointRef ref="VTR:ScheduledStopPoint:72079"/>
                  <DestinationDisplayRef ref="VTR:DestinationDisplay:1"/>
                </StopPointInJourneyPattern>
                <StopPointInJourneyPattern id="VTR:StopPointInJourneyPattern:1177844" version="58705" order="17">
                  <ScheduledStopPointRef ref="VTR:ScheduledStopPoint:72080"/>
                  <DestinationDisplayRef ref="VTR:DestinationDisplay:1"/>
                </StopPointInJourneyPattern>
              </pointsInSequence>
            </JourneyPattern>
          </journeyPatterns>
        </ServiceFrame>
        <TimetableFrame version="1" id="VTR:TimetableFrame:1385">
          <vehicleJourneys>
            <ServiceJourney version="58705" id="VTR:ServiceJourney:58642">
              <Name>Budriai-Baubliai-Kretinga</Name>
              <PrivateCode>1A</PrivateCode>
              <dayTypes>
                <DayTypeRef ref="VTR:DayType:1449"/>
              </dayTypes>
              <JourneyPatternRef version="58705" ref="VTR:JourneyPattern:58642"/>
              <OperatorRef ref="VTR:Operator:"/>
              <LineRef ref="VTR:Line:1797" version="1778"/>
              <passingTimes>
                <TimetabledPassingTime version="58705" id="VTR:TimetabledPassingTime:58642_1177829_1">
                  <StopPointInJourneyPatternRef ref="VTR:StopPointInJourneyPattern:1177829" version="58705"/>
                  <DepartureTime>06:50:00</DepartureTime>
                  <DepartureDayOffset>0</DepartureDayOffset>
                </TimetabledPassingTime>
                <TimetabledPassingTime version="58705" id="VTR:TimetabledPassingTime:58642_1177830_3">
                  <StopPointInJourneyPatternRef ref="VTR:StopPointInJourneyPattern:1177830" version="58705"/>
                  <DepartureTime>06:53:00</DepartureTime>
                  <DepartureDayOffset>0</DepartureDayOffset>
                </TimetabledPassingTime>
                <TimetabledPassingTime version="58705" id="VTR:TimetabledPassingTime:58642_1177831_4">
                  <StopPointInJourneyPatternRef ref="VTR:StopPointInJourneyPattern:1177831" version="58705"/>
                  <DepartureTime>06:57:00</DepartureTime>
                  <DepartureDayOffset>0</DepartureDayOffset>
                </TimetabledPassingTime>
                <TimetabledPassingTime version="58705" id="VTR:TimetabledPassingTime:58642_1177832_5">
                  <StopPointInJourneyPatternRef ref="VTR:StopPointInJourneyPattern:1177832" version="58705"/>
                  <DepartureTime>07:02:00</DepartureTime>
                  <DepartureDayOffset>0</DepartureDayOffset>
                </TimetabledPassingTime>
                <TimetabledPassingTime version="58705" id="VTR:TimetabledPassingTime:58642_1177833_6">
                  <StopPointInJourneyPatternRef ref="VTR:StopPointInJourneyPattern:1177833" version="58705"/>
                  <DepartureTime>07:06:00</DepartureTime>
                  <DepartureDayOffset>0</DepartureDayOffset>
                </TimetabledPassingTime>
                <TimetabledPassingTime version="58705" id="VTR:TimetabledPassingTime:58642_1177834_7">
                  <StopPointInJourneyPatternRef ref="VTR:StopPointInJourneyPattern:1177834" version="58705"/>
                  <DepartureTime>07:10:00</DepartureTime>
                  <DepartureDayOffset>0</DepartureDayOffset>
                </TimetabledPassingTime>
                <TimetabledPassingTime version="58705" id="VTR:TimetabledPassingTime:58642_1177835_8">
                  <StopPointInJourneyPatternRef ref="VTR:StopPointInJourneyPattern:1177835" version="58705"/>
                  <DepartureTime>07:14:00</DepartureTime>
                  <DepartureDayOffset>0</DepartureDayOffset>
                </TimetabledPassingTime>
                <TimetabledPassingTime version="58705" id="VTR:TimetabledPassingTime:58642_1177836_9">
                  <StopPointInJourneyPatternRef ref="VTR:StopPointInJourneyPattern:1177836" version="58705"/>
                  <DepartureTime>07:18:00</DepartureTime>
                  <DepartureDayOffset>0</DepartureDayOffset>
                </TimetabledPassingTime>
                <TimetabledPassingTime version="58705" id="VTR:TimetabledPassingTime:58642_1177837_10">
                  <StopPointInJourneyPatternRef ref="VTR:StopPointInJourneyPattern:1177837" version="58705"/>
                  <DepartureTime>07:20:00</DepartureTime>
                  <DepartureDayOffset>0</DepartureDayOffset>
                </TimetabledPassingTime>
                <TimetabledPassingTime version="58705" id="VTR:TimetabledPassingTime:58642_1177838_11">
                  <StopPointInJourneyPatternRef ref="VTR:StopPointInJourneyPattern:1177838" version="58705"/>
                  <DepartureTime>07:22:00</DepartureTime>
                  <DepartureDayOffset>0</DepartureDayOffset>
                </TimetabledPassingTime>
                <TimetabledPassingTime version="58705" id="VTR:TimetabledPassingTime:58642_1177839_12">
                  <StopPointInJourneyPatternRef ref="VTR:StopPointInJourneyPattern:1177839" version="58705"/>
                  <DepartureTime>07:24:00</DepartureTime>
                  <DepartureDayOffset>0</DepartureDayOffset>
                </TimetabledPassingTime>
                <TimetabledPassingTime version="58705" id="VTR:TimetabledPassingTime:58642_1177840_13">
                  <StopPointInJourneyPatternRef ref="VTR:StopPointInJourneyPattern:1177840" version="58705"/>
                  <DepartureTime>07:26:00</DepartureTime>
                  <DepartureDayOffset>0</DepartureDayOffset>
                </TimetabledPassingTime>
                <TimetabledPassingTime version="58705" id="VTR:TimetabledPassingTime:58642_1177841_14">
                  <StopPointInJourneyPatternRef ref="VTR:StopPointInJourneyPattern:1177841" version="58705"/>
                  <DepartureTime>07:33:00</DepartureTime>
                  <DepartureDayOffset>0</DepartureDayOffset>
                </TimetabledPassingTime>
                <TimetabledPassingTime version="58705" id="VTR:TimetabledPassingTime:58642_1177842_15">
                  <StopPointInJourneyPatternRef ref="VTR:StopPointInJourneyPattern:1177842" version="58705"/>
                  <DepartureTime>07:37:00</DepartureTime>
                  <DepartureDayOffset>0</DepartureDayOffset>
                </TimetabledPassingTime>
                <TimetabledPassingTime version="58705" id="VTR:TimetabledPassingTime:58642_1177843_16">
                  <StopPointInJourneyPatternRef ref="VTR:StopPointInJourneyPattern:1177843" version="58705"/>
                  <DepartureTime>07:45:00</DepartureTime>
                  <DepartureDayOffset>0</DepartureDayOffset>
                </TimetabledPassingTime>
                <TimetabledPassingTime version="58705" id="VTR:TimetabledPassingTime:58642_1177844_17">
                  <StopPointInJourneyPatternRef ref="VTR:StopPointInJourneyPattern:1177844" version="58705"/>
                  <DepartureTime>08:00:00</DepartureTime>
                  <DepartureDayOffset>0</DepartureDayOffset>
                </TimetabledPassingTime>
              </passingTimes>
            </ServiceJourney>
          </vehicleJourneys>
        </TimetableFrame>
        <ResourceFrame version="1" id="VTR:ResourceFrame:1385">
          <organisations>
            <Authority version="1" id="VTR:Authority:18">
              <CompanyNumber>56</CompanyNumber>
              <Name>Kretingos r. sav.</Name>
              <LegalName>Kretingos r. sav.</LegalName>
              <ContactDetails>
                <Email>savivaldybe@kretinga.lt</Email>
                <Phone>844553141</Phone>
                <Url>www.kretinga.lt</Url>
              </ContactDetails>
              <OrganisationType>authority</OrganisationType>
            </Authority>
          </organisations>
        </ResourceFrame>
      </frames>
    </CompositeFrame>
  </dataObjects>
</PublicationDelivery>
