<?xml version="1.0" encoding="UTF-8"?><PublicationDelivery xmlns="http://www.netex.org.uk/netex" xmlns:gis="http://www.opengis.net/gml/3.2" xmlns:ns2="http://www.opengis.net/gml/3.2" xmlns:ns3="http://www.siri.org.uk/siri" xmlns:xsi="http://www.w3.org/2001/XMLSchema-instance" version="1" xsi:schemaLocation="">
  <PublicationTimestamp>2022-05-07T03:45:00.262</PublicationTimestamp>
  <ParticipantRef>VTR</ParticipantRef>
  <Description>1</Description>
  <dataObjects>
    <CompositeFrame created="2022-05-07T03:45:00.262" version="1" id="VTR:CompositeFrame:1385">
      <validityConditions>
        <AvailabilityCondition version="1" id="VTR:AvailabilityCondition:1385">
          <FromDate>2015-08-04T14:49:30</FromDate>
          <ToDate>2027-12-30T00:00:00</ToDate>
        </AvailabilityCondition>
      </validityConditions>
      <codespaces>
        <Codespace id="vtr">
          <Xmlns>VTR</Xmlns>
          <XmlnsUrl>http://www.visimarsrutai.lt/</XmlnsUrl>
        </Codespace>
      </codespaces>
      <FrameDefaults>
        <DefaultLocale>
          <TimeZone>Europe/Vilnius</TimeZone>
        </DefaultLocale>
        <DefaultLocationSystem>WGS84</DefaultLocationSystem>
      </FrameDefaults>
      <frames>
        <ServiceCalendarFrame version="1" id="VTR:ServiceCalendarFrame:1385">
          <dayTypes>
            <DayType id="VTR:DayType:1449" version="1">
              <properties>
                <PropertyOfDay>
                  <DaysOfWeek>Monday Tuesday Wednesday Thursday Friday</DaysOfWeek>
                </PropertyOfDay>
              </properties>
            </DayType>
          </dayTypes>
          <operatingPeriods>
            <OperatingPeriod version="1" id="VTR:OperatingPeriod:1449">
              <FromDate>2015-08-21T00:00:00</FromDate>
              <ToDate>2020-12-31T00:00:00</ToDate>
            </OperatingPeriod>
          </operatingPeriods>
          <dayTypeAssignments>
            <DayTypeAssignment id="VTR:DayTypeAssignment:1449_0" version="1" order="1435">
              <OperatingPeriodRef ref="VTR:OperatingPeriod:1449" version="1"/>
              <DayTypeRef ref="VTR:DayType:1449" version="1"/>
            </DayTypeAssignment>
          </dayTypeAssignments>
        </ServiceCalendarFrame>
        <ServiceFrame id="VTR:ServiceFrame:1385" version="1">
          <Network version="0" id="VTR:Network:18"/>
          <routePoints>
            <RoutePoint version="1" id="VTR:RoutePoint:69632">
              <projections>
                <PointProjection version="1" id="VTR:PointProjection:23266">
                  <ProjectedPointRef ref="VTR:ScheduledStopPoint:69632" version="1"/>
                </PointProjection>
              </projections>
            </RoutePoint>
            <RoutePoint version="1" id="VTR:RoutePoint:69633">
              <projections>
                <PointProjection version="1" id="VTR:PointProjection:23267">
                  <ProjectedPointRef ref="VTR:ScheduledStopPoint:69633" version="1"/>
                </PointProjection>
              </projections>
            </RoutePoint>
            <RoutePoint version="1" id="VTR:RoutePoint:69634">
              <projections>
                <PointProjection version="1" id="VTR:PointProjection:23268">
                  <ProjectedPointRef ref="VTR:ScheduledStopPoint:69634" version="1"/>
                </PointProjection>
              </projections>
            </RoutePoint>
            <RoutePoint version="1" id="VTR:RoutePoint:69635">
              <projections>
                <PointProjection version="1" id="VTR:PointProjection:23269">
                  <ProjectedPointRef ref="VTR:ScheduledStopPoint:69635" version="1"/>
                </PointProjection>
              </projections>
            </RoutePoint>
            <RoutePoint version="1" id="VTR:RoutePoint:69636">
              <projections>
                <PointProjection version="1" id="VTR:PointProjection:23270">
                  <ProjectedPointRef ref="VTR:ScheduledStopPoint:69636" version="1"/>
                </PointProjection>
              </projections>
            </RoutePoint>
            <RoutePoint version="1" id="VTR:RoutePoint:69637">
              <projections>
                <PointProjection version="1" id="VTR:PointProjection:23271">
                  <ProjectedPointRef ref="VTR:ScheduledStopPoint:69637" version="1"/>
                </PointProjection>
              </projections>
            </RoutePoint>
          </routePoints>
          <routes>
            <Route version="1" id="VTR:Route:4180">
              <Name>Voveraičiai-Kretinga</Name>
              <ShortName>Voveraičiai-Kretinga</ShortName>
              <LineRef ref="VTR:Line:1719" version="1699"/>
              <DirectionType>inbound</DirectionType>
              <pointsInSequence>
                <PointOnRoute version="1" id="VTR:PointOnRoute:69632" order="1">
                  <RoutePointRef ref="VTR:RoutePoint:69632"/>
                </PointOnRoute>
                <PointOnRoute version="1" id="VTR:PointOnRoute:69633" order="2">
                  <RoutePointRef ref="VTR:RoutePoint:69633"/>
                </PointOnRoute>
                <PointOnRoute version="1" id="VTR:PointOnRoute:69634" order="3">
                  <RoutePointRef ref="VTR:RoutePoint:69634"/>
                </PointOnRoute>
                <PointOnRoute version="1" id="VTR:PointOnRoute:69635" order="4">
                  <RoutePointRef ref="VTR:RoutePoint:69635"/>
                </PointOnRoute>
                <PointOnRoute version="1" id="VTR:PointOnRoute:69636" order="5">
                  <RoutePointRef ref="VTR:RoutePoint:69636"/>
                </PointOnRoute>
                <PointOnRoute version="1" id="VTR:PointOnRoute:69637" order="6">
                  <RoutePointRef ref="VTR:RoutePoint:69637"/>
                </PointOnRoute>
              </pointsInSequence>
            </Route>
          </routes>
          <lines>
            <Line version="1699" id="VTR:Line:1719">
              <Name>Voveraičiai-Kretinga</Name>
              <TransportMode>bus</TransportMode>
              <TransportSubmode>
                <BusSubmode>regionalBus</BusSubmode>
              </TransportSubmode>
              <PublicCode>43A</PublicCode>
              <OperatorRef ref="VTR:Operator:18"/>
            </Line>
          </lines>
          <scheduledStopPoints>
            <ScheduledStopPoint version="1" id="VTR:ScheduledStopPoint:69632">
              <Name>Voveraičiai</Name>
            </ScheduledStopPoint>
            <ScheduledStopPoint version="1" id="VTR:ScheduledStopPoint:69633">
              <Name>Klibiai</Name>
            </ScheduledStopPoint>
            <ScheduledStopPoint version="1" id="VTR:ScheduledStopPoint:69634">
              <Name>Padvariai</Name>
            </ScheduledStopPoint>
            <ScheduledStopPoint version="1" id="VTR:ScheduledStopPoint:69635">
              <Name>Daujoto vid. m-kla</Name>
            </ScheduledStopPoint>
            <ScheduledStopPoint version="1" id="VTR:ScheduledStopPoint:69636">
              <Name>Rotušės aikštė</Name>
            </ScheduledStopPoint>
            <ScheduledStopPoint version="1" id="VTR:ScheduledStopPoint:69637">
              <Name>Kretingos autobusų stotis</Name>
            </ScheduledStopPoint>
          </scheduledStopPoints>
          <serviceLinks>
            <ServiceLink id="VTR:ServiceLink:69633_1_69634_1" version="1">
              <Distance>1</Distance>
              <FromPointRef ref="VTR:ScheduledStopPoint:69633" version="1"/>
              <ToPointRef ref="VTR:ScheduledStopPoint:69634" version="1"/>
            </ServiceLink>
            <ServiceLink id="VTR:ServiceLink:69632_1_69633_1" version="1">
              <Distance>2</Distance>
              <FromPointRef ref="VTR:ScheduledStopPoint:69632" version="1"/>
              <ToPointRef ref="VTR:ScheduledStopPoint:69633" version="1"/>
            </ServiceLink>
            <ServiceLink id="VTR:ServiceLink:69636_1_69637_1" version="1">
              <Distance>1</Distance>
              <FromPointRef ref="VTR:ScheduledStopPoint:69636" version="1"/>
              <ToPointRef ref="VTR:ScheduledStopPoint:69637" version="1"/>
            </ServiceLink>
            <ServiceLink id="VTR:ServiceLink:69634_1_69635_1" version="1">
              <Distance>2</Distance>
              <FromPointRef ref="VTR:ScheduledStopPoint:69634" version="1"/>
              <ToPointRef ref="VTR:ScheduledStopPoint:69635" version="1"/>
            </ServiceLink>
            <ServiceLink id="VTR:ServiceLink:69635_1_69636_1" version="1">
              <Distance>0</Distance>
              <FromPointRef ref="VTR:ScheduledStopPoint:69635" version="1"/>
              <ToPointRef ref="VTR:ScheduledStopPoint:69636" version="1"/>
            </ServiceLink>
          </serviceLinks>
          <stopAssignments>
            <PassengerStopAssignment order="418000000" id="VTR:PassengerStopAssignment:69632" version="1">
              <ScheduledStopPointRef ref="VTR:ScheduledStopPoint:69632" version="1"/>
              <QuayRef ref="VTR:Quay:7587"/>
            </PassengerStopAssignment>
            <PassengerStopAssignment order="418000001" id="VTR:PassengerStopAssignment:69633" version="1">
              <ScheduledStopPointRef ref="VTR:ScheduledStopPoint:69633" version="1"/>
              <QuayRef ref="VTR:Quay:4043"/>
            </PassengerStopAssignment>
            <PassengerStopAssignment order="418000002" id="VTR:PassengerStopAssignment:69634" version="1">
              <ScheduledStopPointRef ref="VTR:ScheduledStopPoint:69634" version="1"/>
              <QuayRef ref="VTR:Quay:10572"/>
            </PassengerStopAssignment>
            <PassengerStopAssignment order="418000003" id="VTR:PassengerStopAssignment:69635" version="1">
              <ScheduledStopPointRef ref="VTR:ScheduledStopPoint:69635" version="1"/>
              <QuayRef ref="VTR:Quay:3679"/>
            </PassengerStopAssignment>
            <PassengerStopAssignment order="418000004" id="VTR:PassengerStopAssignment:69636" version="1">
              <ScheduledStopPointRef ref="VTR:ScheduledStopPoint:69636" version="1"/>
              <QuayRef ref="VTR:Quay:21210"/>
            </PassengerStopAssignment>
            <PassengerStopAssignment order="418000005" id="VTR:PassengerStopAssignment:69637" version="1">
              <ScheduledStopPointRef ref="VTR:ScheduledStopPoint:69637" version="1"/>
              <QuayRef ref="VTR:Quay:21202"/>
            </PassengerStopAssignment>
          </stopAssignments>
          <journeyPatterns>
            <JourneyPattern id="VTR:JourneyPattern:53367" version="53401">
              <Name>43A</Name>
              <RouteRef ref="VTR:Route:4180" version="1"/>
              <pointsInSequence>
                <StopPointInJourneyPattern id="VTR:StopPointInJourneyPattern:1093552" version="53401" order="1">
                  <ScheduledStopPointRef ref="VTR:ScheduledStopPoint:69632"/>
                  <DestinationDisplayRef ref="VTR:DestinationDisplay:1"/>
                </StopPointInJourneyPattern>
                <StopPointInJourneyPattern id="VTR:StopPointInJourneyPattern:1093553" version="53401" order="2">
                  <ScheduledStopPointRef ref="VTR:ScheduledStopPoint:69633"/>
                  <DestinationDisplayRef ref="VTR:DestinationDisplay:1"/>
                </StopPointInJourneyPattern>
                <StopPointInJourneyPattern id="VTR:StopPointInJourneyPattern:1093554" version="53401" order="3">
                  <ScheduledStopPointRef ref="VTR:ScheduledStopPoint:69634"/>
                  <DestinationDisplayRef ref="VTR:DestinationDisplay:1"/>
                </StopPointInJourneyPattern>
                <StopPointInJourneyPattern id="VTR:StopPointInJourneyPattern:1093555" version="53401" order="4">
                  <ScheduledStopPointRef ref="VTR:ScheduledStopPoint:69635"/>
                  <DestinationDisplayRef ref="VTR:DestinationDisplay:1"/>
                </StopPointInJourneyPattern>
                <StopPointInJourneyPattern id="VTR:StopPointInJourneyPattern:1093556" version="53401" order="5">
                  <ScheduledStopPointRef ref="VTR:ScheduledStopPoint:69636"/>
                  <DestinationDisplayRef ref="VTR:DestinationDisplay:1"/>
                </StopPointInJourneyPattern>
                <StopPointInJourneyPattern id="VTR:StopPointInJourneyPattern:1093557" version="53401" order="6">
                  <ScheduledStopPointRef ref="VTR:ScheduledStopPoint:69637"/>
                  <DestinationDisplayRef ref="VTR:DestinationDisplay:1"/>
                </StopPointInJourneyPattern>
              </pointsInSequence>
            </JourneyPattern>
          </journeyPatterns>
        </ServiceFrame>
        <TimetableFrame version="1" id="VTR:TimetableFrame:1385">
          <vehicleJourneys>
            <ServiceJourney version="53401" id="VTR:ServiceJourney:53367">
              <Name>Voveraičiai-Kretinga</Name>
              <PrivateCode>43A</PrivateCode>
              <dayTypes>
                <DayTypeRef ref="VTR:DayType:1449"/>
              </dayTypes>
              <JourneyPatternRef version="53401" ref="VTR:JourneyPattern:53367"/>
              <OperatorRef ref="VTR:Operator:"/>
              <LineRef ref="VTR:Line:1719" version="1699"/>
              <passingTimes>
                <TimetabledPassingTime version="53401" id="VTR:TimetabledPassingTime:53367_1093552_1">
                  <StopPointInJourneyPatternRef ref="VTR:StopPointInJourneyPattern:1093552" version="53401"/>
                  <DepartureTime>07:25:00</DepartureTime>
                  <DepartureDayOffset>0</DepartureDayOffset>
                </TimetabledPassingTime>
                <TimetabledPassingTime version="53401" id="VTR:TimetabledPassingTime:53367_1093553_2">
                  <StopPointInJourneyPatternRef ref="VTR:StopPointInJourneyPattern:1093553" version="53401"/>
                  <DepartureTime>07:29:00</DepartureTime>
                  <DepartureDayOffset>0</DepartureDayOffset>
                </TimetabledPassingTime>
                <TimetabledPassingTime version="53401" id="VTR:TimetabledPassingTime:53367_1093554_3">
                  <StopPointInJourneyPatternRef ref="VTR:StopPointInJourneyPattern:1093554" version="53401"/>
                  <DepartureTime>07:32:00</DepartureTime>
                  <DepartureDayOffset>0</DepartureDayOffset>
                </TimetabledPassingTime>
                <TimetabledPassingTime version="53401" id="VTR:TimetabledPassingTime:53367_1093555_4">
                  <StopPointInJourneyPatternRef ref="VTR:StopPointInJourneyPattern:1093555" version="53401"/>
                  <DepartureTime>07:39:00</DepartureTime>
                  <DepartureDayOffset>0</DepartureDayOffset>
                </TimetabledPassingTime>
                <TimetabledPassingTime version="53401" id="VTR:TimetabledPassingTime:53367_1093556_5">
                  <StopPointInJourneyPatternRef ref="VTR:StopPointInJourneyPattern:1093556" version="53401"/>
                  <DepartureTime>07:42:00</DepartureTime>
                  <DepartureDayOffset>0</DepartureDayOffset>
                </TimetabledPassingTime>
                <TimetabledPassingTime version="53401" id="VTR:TimetabledPassingTime:53367_1093557_6">
                  <StopPointInJourneyPatternRef ref="VTR:StopPointInJourneyPattern:1093557" version="53401"/>
                  <DepartureTime>07:55:00</DepartureTime>
                  <DepartureDayOffset>0</DepartureDayOffset>
                </TimetabledPassingTime>
              </passingTimes>
            </ServiceJourney>
          </vehicleJourneys>
        </TimetableFrame>
        <ResourceFrame version="1" id="VTR:ResourceFrame:1385">
          <organisations>
            <Authority version="1" id="VTR:Authority:18">
              <CompanyNumber>56</CompanyNumber>
              <Name>Kretingos r. sav.</Name>
              <LegalName>Kretingos r. sav.</LegalName>
              <ContactDetails>
                <Email>savivaldybe@kretinga.lt</Email>
                <Phone>844553141</Phone>
                <Url>www.kretinga.lt</Url>
              </ContactDetails>
              <OrganisationType>authority</OrganisationType>
            </Authority>
          </organisations>
        </ResourceFrame>
      </frames>
    </CompositeFrame>
  </dataObjects>
</PublicationDelivery>
