<?xml version="1.0" encoding="UTF-8"?><PublicationDelivery xmlns="http://www.netex.org.uk/netex" xmlns:gis="http://www.opengis.net/gml/3.2" xmlns:ns2="http://www.opengis.net/gml/3.2" xmlns:ns3="http://www.siri.org.uk/siri" xmlns:xsi="http://www.w3.org/2001/XMLSchema-instance" version="1" xsi:schemaLocation="">
  <PublicationTimestamp>2022-05-07T03:45:00.262</PublicationTimestamp>
  <ParticipantRef>VTR</ParticipantRef>
  <Description>1</Description>
  <dataObjects>
    <CompositeFrame created="2022-05-07T03:45:00.262" version="1" id="VTR:CompositeFrame:1385">
      <validityConditions>
        <AvailabilityCondition version="1" id="VTR:AvailabilityCondition:1385">
          <FromDate>2015-08-03T14:34:41</FromDate>
          <ToDate>2027-12-30T00:00:00</ToDate>
        </AvailabilityCondition>
      </validityConditions>
      <codespaces>
        <Codespace id="vtr">
          <Xmlns>VTR</Xmlns>
          <XmlnsUrl>http://www.visimarsrutai.lt/</XmlnsUrl>
        </Codespace>
      </codespaces>
      <FrameDefaults>
        <DefaultLocale>
          <TimeZone>Europe/Vilnius</TimeZone>
        </DefaultLocale>
        <DefaultLocationSystem>WGS84</DefaultLocationSystem>
      </FrameDefaults>
      <frames>
        <ServiceCalendarFrame version="1" id="VTR:ServiceCalendarFrame:1385">
          <dayTypes>
            <DayType id="VTR:DayType:2294" version="1">
              <properties>
                <PropertyOfDay>
                  <DaysOfWeek>Monday Tuesday Wednesday Thursday Friday Saturday</DaysOfWeek>
                </PropertyOfDay>
              </properties>
            </DayType>
          </dayTypes>
          <operatingPeriods>
            <OperatingPeriod version="1" id="VTR:OperatingPeriod:2294">
              <FromDate>2015-10-02T00:00:00</FromDate>
              <ToDate>2020-12-31T00:00:00</ToDate>
            </OperatingPeriod>
          </operatingPeriods>
          <dayTypeAssignments>
            <DayTypeAssignment id="VTR:DayTypeAssignment:2294_0" version="1" order="1965">
              <OperatingPeriodRef ref="VTR:OperatingPeriod:2294" version="1"/>
              <DayTypeRef ref="VTR:DayType:2294" version="1"/>
            </DayTypeAssignment>
          </dayTypeAssignments>
        </ServiceCalendarFrame>
        <ServiceFrame id="VTR:ServiceFrame:1385" version="1">
          <Network version="0" id="VTR:Network:18"/>
          <routePoints>
            <RoutePoint version="1" id="VTR:RoutePoint:113271">
              <projections>
                <PointProjection version="1" id="VTR:PointProjection:34205">
                  <ProjectedPointRef ref="VTR:ScheduledStopPoint:113271" version="1"/>
                </PointProjection>
              </projections>
            </RoutePoint>
            <RoutePoint version="1" id="VTR:RoutePoint:113272">
              <projections>
                <PointProjection version="1" id="VTR:PointProjection:34202">
                  <ProjectedPointRef ref="VTR:ScheduledStopPoint:113272" version="1"/>
                </PointProjection>
              </projections>
            </RoutePoint>
            <RoutePoint version="1" id="VTR:RoutePoint:68073">
              <projections>
                <PointProjection version="1" id="VTR:PointProjection:20823">
                  <ProjectedPointRef ref="VTR:ScheduledStopPoint:68073" version="1"/>
                </PointProjection>
              </projections>
            </RoutePoint>
            <RoutePoint version="1" id="VTR:RoutePoint:68074">
              <projections>
                <PointProjection version="1" id="VTR:PointProjection:20824">
                  <ProjectedPointRef ref="VTR:ScheduledStopPoint:68074" version="1"/>
                </PointProjection>
              </projections>
            </RoutePoint>
            <RoutePoint version="1" id="VTR:RoutePoint:68075">
              <projections>
                <PointProjection version="1" id="VTR:PointProjection:20825">
                  <ProjectedPointRef ref="VTR:ScheduledStopPoint:68075" version="1"/>
                </PointProjection>
              </projections>
            </RoutePoint>
            <RoutePoint version="1" id="VTR:RoutePoint:68076">
              <projections>
                <PointProjection version="1" id="VTR:PointProjection:20826">
                  <ProjectedPointRef ref="VTR:ScheduledStopPoint:68076" version="1"/>
                </PointProjection>
              </projections>
            </RoutePoint>
            <RoutePoint version="1" id="VTR:RoutePoint:68077">
              <projections>
                <PointProjection version="1" id="VTR:PointProjection:20827">
                  <ProjectedPointRef ref="VTR:ScheduledStopPoint:68077" version="1"/>
                </PointProjection>
              </projections>
            </RoutePoint>
            <RoutePoint version="1" id="VTR:RoutePoint:68078">
              <projections>
                <PointProjection version="1" id="VTR:PointProjection:20828">
                  <ProjectedPointRef ref="VTR:ScheduledStopPoint:68078" version="1"/>
                </PointProjection>
              </projections>
            </RoutePoint>
            <RoutePoint version="1" id="VTR:RoutePoint:68079">
              <projections>
                <PointProjection version="1" id="VTR:PointProjection:20829">
                  <ProjectedPointRef ref="VTR:ScheduledStopPoint:68079" version="1"/>
                </PointProjection>
              </projections>
            </RoutePoint>
            <RoutePoint version="1" id="VTR:RoutePoint:68081">
              <projections>
                <PointProjection version="1" id="VTR:PointProjection:20830">
                  <ProjectedPointRef ref="VTR:ScheduledStopPoint:68081" version="1"/>
                </PointProjection>
              </projections>
            </RoutePoint>
          </routePoints>
          <routes>
            <Route version="1" id="VTR:Route:4083">
              <Name>Palanga-Kretinga (ekspresas)</Name>
              <ShortName>Palanga-Kretinga (ekspresas)</ShortName>
              <LineRef ref="VTR:Line:1662" version="1642"/>
              <DirectionType>inbound</DirectionType>
              <pointsInSequence>
                <PointOnRoute version="1" id="VTR:PointOnRoute:68073" order="1">
                  <RoutePointRef ref="VTR:RoutePoint:68073"/>
                </PointOnRoute>
                <PointOnRoute version="1" id="VTR:PointOnRoute:68074" order="2">
                  <RoutePointRef ref="VTR:RoutePoint:68074"/>
                </PointOnRoute>
                <PointOnRoute version="1" id="VTR:PointOnRoute:68075" order="3">
                  <RoutePointRef ref="VTR:RoutePoint:68075"/>
                </PointOnRoute>
                <PointOnRoute version="1" id="VTR:PointOnRoute:68076" order="4">
                  <RoutePointRef ref="VTR:RoutePoint:68076"/>
                </PointOnRoute>
                <PointOnRoute version="1" id="VTR:PointOnRoute:68077" order="5">
                  <RoutePointRef ref="VTR:RoutePoint:68077"/>
                </PointOnRoute>
                <PointOnRoute version="1" id="VTR:PointOnRoute:113271" order="6">
                  <RoutePointRef ref="VTR:RoutePoint:113271"/>
                </PointOnRoute>
                <PointOnRoute version="1" id="VTR:PointOnRoute:68078" order="7">
                  <RoutePointRef ref="VTR:RoutePoint:68078"/>
                </PointOnRoute>
                <PointOnRoute version="1" id="VTR:PointOnRoute:68079" order="8">
                  <RoutePointRef ref="VTR:RoutePoint:68079"/>
                </PointOnRoute>
                <PointOnRoute version="1" id="VTR:PointOnRoute:113272" order="10">
                  <RoutePointRef ref="VTR:RoutePoint:113272"/>
                </PointOnRoute>
                <PointOnRoute version="1" id="VTR:PointOnRoute:68081" order="11">
                  <RoutePointRef ref="VTR:RoutePoint:68081"/>
                </PointOnRoute>
              </pointsInSequence>
            </Route>
          </routes>
          <lines>
            <Line version="1642" id="VTR:Line:1662">
              <Name>Palanga-Kretinga (ekspresas)</Name>
              <TransportMode>bus</TransportMode>
              <TransportSubmode>
                <BusSubmode>regionalBus</BusSubmode>
              </TransportSubmode>
              <PublicCode>62</PublicCode>
              <OperatorRef ref="VTR:Operator:18"/>
            </Line>
          </lines>
          <scheduledStopPoints>
            <ScheduledStopPoint version="1" id="VTR:ScheduledStopPoint:113271">
              <Name>Daujoto vid. m-kla</Name>
            </ScheduledStopPoint>
            <ScheduledStopPoint version="1" id="VTR:ScheduledStopPoint:113272">
              <Name>Melioratorių g.</Name>
            </ScheduledStopPoint>
            <ScheduledStopPoint version="1" id="VTR:ScheduledStopPoint:68073">
              <Name>Palangos autobusų stotis</Name>
            </ScheduledStopPoint>
            <ScheduledStopPoint version="1" id="VTR:ScheduledStopPoint:68074">
              <Name>Vydmantai</Name>
            </ScheduledStopPoint>
            <ScheduledStopPoint version="1" id="VTR:ScheduledStopPoint:68075">
              <Name>Žemės ūkio mokykla</Name>
            </ScheduledStopPoint>
            <ScheduledStopPoint version="1" id="VTR:ScheduledStopPoint:68076">
              <Name>Autobusų stotis</Name>
            </ScheduledStopPoint>
            <ScheduledStopPoint version="1" id="VTR:ScheduledStopPoint:68077">
              <Name>Rotušės a.</Name>
            </ScheduledStopPoint>
            <ScheduledStopPoint version="1" id="VTR:ScheduledStopPoint:68078">
              <Name>Ligoninė</Name>
            </ScheduledStopPoint>
            <ScheduledStopPoint version="1" id="VTR:ScheduledStopPoint:68079">
              <Name>Tuopa</Name>
            </ScheduledStopPoint>
            <ScheduledStopPoint version="1" id="VTR:ScheduledStopPoint:68081">
              <Name>Autobusų parkas</Name>
            </ScheduledStopPoint>
          </scheduledStopPoints>
          <serviceLinks>
            <ServiceLink id="VTR:ServiceLink:68076_1_68077_1" version="1">
              <Distance>1</Distance>
              <FromPointRef ref="VTR:ScheduledStopPoint:68076" version="1"/>
              <ToPointRef ref="VTR:ScheduledStopPoint:68077" version="1"/>
            </ServiceLink>
            <ServiceLink id="VTR:ServiceLink:68075_1_68076_1" version="1">
              <Distance>2</Distance>
              <FromPointRef ref="VTR:ScheduledStopPoint:68075" version="1"/>
              <ToPointRef ref="VTR:ScheduledStopPoint:68076" version="1"/>
            </ServiceLink>
            <ServiceLink id="VTR:ServiceLink:68077_1_113271_1" version="1">
              <Distance>0</Distance>
              <FromPointRef ref="VTR:ScheduledStopPoint:68077" version="1"/>
              <ToPointRef ref="VTR:ScheduledStopPoint:113271" version="1"/>
            </ServiceLink>
            <ServiceLink id="VTR:ServiceLink:68078_1_68079_1" version="1">
              <Distance>0</Distance>
              <FromPointRef ref="VTR:ScheduledStopPoint:68078" version="1"/>
              <ToPointRef ref="VTR:ScheduledStopPoint:68079" version="1"/>
            </ServiceLink>
            <ServiceLink id="VTR:ServiceLink:68073_1_68074_1" version="1">
              <Distance>4</Distance>
              <FromPointRef ref="VTR:ScheduledStopPoint:68073" version="1"/>
              <ToPointRef ref="VTR:ScheduledStopPoint:68074" version="1"/>
            </ServiceLink>
            <ServiceLink id="VTR:ServiceLink:68074_1_68075_1" version="1">
              <Distance>5</Distance>
              <FromPointRef ref="VTR:ScheduledStopPoint:68074" version="1"/>
              <ToPointRef ref="VTR:ScheduledStopPoint:68075" version="1"/>
            </ServiceLink>
            <ServiceLink id="VTR:ServiceLink:113271_1_68078_1" version="1">
              <Distance>0</Distance>
              <FromPointRef ref="VTR:ScheduledStopPoint:113271" version="1"/>
              <ToPointRef ref="VTR:ScheduledStopPoint:68078" version="1"/>
            </ServiceLink>
            <ServiceLink id="VTR:ServiceLink:113272_1_68081_1" version="1">
              <Distance>0</Distance>
              <FromPointRef ref="VTR:ScheduledStopPoint:113272" version="1"/>
              <ToPointRef ref="VTR:ScheduledStopPoint:68081" version="1"/>
            </ServiceLink>
          </serviceLinks>
          <stopAssignments>
            <PassengerStopAssignment order="408300000" id="VTR:PassengerStopAssignment:68073" version="1">
              <ScheduledStopPointRef ref="VTR:ScheduledStopPoint:68073" version="1"/>
              <QuayRef ref="VTR:Quay:19446"/>
            </PassengerStopAssignment>
            <PassengerStopAssignment order="408300001" id="VTR:PassengerStopAssignment:68074" version="1">
              <ScheduledStopPointRef ref="VTR:ScheduledStopPoint:68074" version="1"/>
              <QuayRef ref="VTR:Quay:4417"/>
            </PassengerStopAssignment>
            <PassengerStopAssignment order="408300002" id="VTR:PassengerStopAssignment:68075" version="1">
              <ScheduledStopPointRef ref="VTR:ScheduledStopPoint:68075" version="1"/>
              <QuayRef ref="VTR:Quay:4322"/>
            </PassengerStopAssignment>
            <PassengerStopAssignment order="408300003" id="VTR:PassengerStopAssignment:68076" version="1">
              <ScheduledStopPointRef ref="VTR:ScheduledStopPoint:68076" version="1"/>
              <QuayRef ref="VTR:Quay:15563"/>
            </PassengerStopAssignment>
            <PassengerStopAssignment order="408300004" id="VTR:PassengerStopAssignment:68077" version="1">
              <ScheduledStopPointRef ref="VTR:ScheduledStopPoint:68077" version="1"/>
              <QuayRef ref="VTR:Quay:21250"/>
            </PassengerStopAssignment>
            <PassengerStopAssignment order="408300005" id="VTR:PassengerStopAssignment:113271" version="1">
              <ScheduledStopPointRef ref="VTR:ScheduledStopPoint:113271" version="1"/>
              <QuayRef ref="VTR:Quay:3596"/>
            </PassengerStopAssignment>
            <PassengerStopAssignment order="408300006" id="VTR:PassengerStopAssignment:68078" version="1">
              <ScheduledStopPointRef ref="VTR:ScheduledStopPoint:68078" version="1"/>
              <QuayRef ref="VTR:Quay:4372"/>
            </PassengerStopAssignment>
            <PassengerStopAssignment order="408300007" id="VTR:PassengerStopAssignment:68079" version="1">
              <ScheduledStopPointRef ref="VTR:ScheduledStopPoint:68079" version="1"/>
              <QuayRef ref="VTR:Quay:21251"/>
            </PassengerStopAssignment>
            <PassengerStopAssignment order="408300009" id="VTR:PassengerStopAssignment:113272" version="1">
              <ScheduledStopPointRef ref="VTR:ScheduledStopPoint:113272" version="1"/>
              <QuayRef ref="VTR:Quay:5166"/>
            </PassengerStopAssignment>
            <PassengerStopAssignment order="408300010" id="VTR:PassengerStopAssignment:68081" version="1">
              <ScheduledStopPointRef ref="VTR:ScheduledStopPoint:68081" version="1"/>
              <QuayRef ref="VTR:Quay:21204"/>
            </PassengerStopAssignment>
          </stopAssignments>
          <journeyPatterns>
            <JourneyPattern id="VTR:JourneyPattern:55516" version="55552">
              <Name>1</Name>
              <RouteRef ref="VTR:Route:4083" version="1"/>
              <pointsInSequence>
                <StopPointInJourneyPattern id="VTR:StopPointInJourneyPattern:1128354" version="55552" order="1">
                  <ScheduledStopPointRef ref="VTR:ScheduledStopPoint:68073"/>
                  <DestinationDisplayRef ref="VTR:DestinationDisplay:1"/>
                </StopPointInJourneyPattern>
                <StopPointInJourneyPattern id="VTR:StopPointInJourneyPattern:1128355" version="55552" order="2">
                  <ScheduledStopPointRef ref="VTR:ScheduledStopPoint:68074"/>
                  <DestinationDisplayRef ref="VTR:DestinationDisplay:1"/>
                </StopPointInJourneyPattern>
                <StopPointInJourneyPattern id="VTR:StopPointInJourneyPattern:1128356" version="55552" order="3">
                  <ScheduledStopPointRef ref="VTR:ScheduledStopPoint:68075"/>
                  <DestinationDisplayRef ref="VTR:DestinationDisplay:1"/>
                </StopPointInJourneyPattern>
                <StopPointInJourneyPattern id="VTR:StopPointInJourneyPattern:1128357" version="55552" order="4">
                  <ScheduledStopPointRef ref="VTR:ScheduledStopPoint:68076"/>
                  <DestinationDisplayRef ref="VTR:DestinationDisplay:1"/>
                </StopPointInJourneyPattern>
                <StopPointInJourneyPattern id="VTR:StopPointInJourneyPattern:1128358" version="55552" order="5">
                  <ScheduledStopPointRef ref="VTR:ScheduledStopPoint:68077"/>
                  <DestinationDisplayRef ref="VTR:DestinationDisplay:1"/>
                </StopPointInJourneyPattern>
                <StopPointInJourneyPattern id="VTR:StopPointInJourneyPattern:1128359" version="55552" order="6">
                  <ScheduledStopPointRef ref="VTR:ScheduledStopPoint:113271"/>
                  <DestinationDisplayRef ref="VTR:DestinationDisplay:1"/>
                </StopPointInJourneyPattern>
                <StopPointInJourneyPattern id="VTR:StopPointInJourneyPattern:1128360" version="55552" order="7">
                  <ScheduledStopPointRef ref="VTR:ScheduledStopPoint:68078"/>
                  <DestinationDisplayRef ref="VTR:DestinationDisplay:1"/>
                </StopPointInJourneyPattern>
                <StopPointInJourneyPattern id="VTR:StopPointInJourneyPattern:1128361" version="55552" order="8">
                  <ScheduledStopPointRef ref="VTR:ScheduledStopPoint:68079"/>
                  <DestinationDisplayRef ref="VTR:DestinationDisplay:1"/>
                </StopPointInJourneyPattern>
                <StopPointInJourneyPattern id="VTR:StopPointInJourneyPattern:1128362" version="55552" order="10">
                  <ScheduledStopPointRef ref="VTR:ScheduledStopPoint:113272"/>
                  <DestinationDisplayRef ref="VTR:DestinationDisplay:1"/>
                </StopPointInJourneyPattern>
                <StopPointInJourneyPattern id="VTR:StopPointInJourneyPattern:1128363" version="55552" order="11">
                  <ScheduledStopPointRef ref="VTR:ScheduledStopPoint:68081"/>
                  <DestinationDisplayRef ref="VTR:DestinationDisplay:1"/>
                </StopPointInJourneyPattern>
              </pointsInSequence>
            </JourneyPattern>
          </journeyPatterns>
        </ServiceFrame>
        <TimetableFrame version="1" id="VTR:TimetableFrame:1385">
          <vehicleJourneys>
            <ServiceJourney version="55552" id="VTR:ServiceJourney:55516">
              <Name>Palanga-Kretinga (ekspresas)</Name>
              <PrivateCode>1</PrivateCode>
              <dayTypes>
                <DayTypeRef ref="VTR:DayType:2294"/>
              </dayTypes>
              <JourneyPatternRef version="55552" ref="VTR:JourneyPattern:55516"/>
              <OperatorRef ref="VTR:Operator:"/>
              <LineRef ref="VTR:Line:1662" version="1642"/>
              <passingTimes>
                <TimetabledPassingTime version="55552" id="VTR:TimetabledPassingTime:55516_1128354_1">
                  <StopPointInJourneyPatternRef ref="VTR:StopPointInJourneyPattern:1128354" version="55552"/>
                  <DepartureTime>11:40:00</DepartureTime>
                  <DepartureDayOffset>0</DepartureDayOffset>
                </TimetabledPassingTime>
                <TimetabledPassingTime version="55552" id="VTR:TimetabledPassingTime:55516_1128355_2">
                  <StopPointInJourneyPatternRef ref="VTR:StopPointInJourneyPattern:1128355" version="55552"/>
                  <DepartureTime>11:45:00</DepartureTime>
                  <DepartureDayOffset>0</DepartureDayOffset>
                </TimetabledPassingTime>
                <TimetabledPassingTime version="55552" id="VTR:TimetabledPassingTime:55516_1128356_3">
                  <StopPointInJourneyPatternRef ref="VTR:StopPointInJourneyPattern:1128356" version="55552"/>
                  <DepartureTime>11:52:00</DepartureTime>
                  <DepartureDayOffset>0</DepartureDayOffset>
                </TimetabledPassingTime>
                <TimetabledPassingTime version="55552" id="VTR:TimetabledPassingTime:55516_1128357_4">
                  <StopPointInJourneyPatternRef ref="VTR:StopPointInJourneyPattern:1128357" version="55552"/>
                  <DepartureTime>11:55:00</DepartureTime>
                  <DepartureDayOffset>0</DepartureDayOffset>
                </TimetabledPassingTime>
                <TimetabledPassingTime version="55552" id="VTR:TimetabledPassingTime:55516_1128358_5">
                  <StopPointInJourneyPatternRef ref="VTR:StopPointInJourneyPattern:1128358" version="55552"/>
                  <DepartureTime>11:57:00</DepartureTime>
                  <DepartureDayOffset>0</DepartureDayOffset>
                </TimetabledPassingTime>
                <TimetabledPassingTime version="55552" id="VTR:TimetabledPassingTime:55516_1128359_6">
                  <StopPointInJourneyPatternRef ref="VTR:StopPointInJourneyPattern:1128359" version="55552"/>
                  <DepartureTime>12:00:00</DepartureTime>
                  <DepartureDayOffset>0</DepartureDayOffset>
                </TimetabledPassingTime>
                <TimetabledPassingTime version="55552" id="VTR:TimetabledPassingTime:55516_1128360_7">
                  <StopPointInJourneyPatternRef ref="VTR:StopPointInJourneyPattern:1128360" version="55552"/>
                  <DepartureTime>12:02:00</DepartureTime>
                  <DepartureDayOffset>0</DepartureDayOffset>
                </TimetabledPassingTime>
                <TimetabledPassingTime version="55552" id="VTR:TimetabledPassingTime:55516_1128361_8">
                  <StopPointInJourneyPatternRef ref="VTR:StopPointInJourneyPattern:1128361" version="55552"/>
                  <DepartureTime>12:05:00</DepartureTime>
                  <DepartureDayOffset>0</DepartureDayOffset>
                </TimetabledPassingTime>
                <TimetabledPassingTime version="55552" id="VTR:TimetabledPassingTime:55516_1128362_10">
                  <StopPointInJourneyPatternRef ref="VTR:StopPointInJourneyPattern:1128362" version="55552"/>
                  <DepartureTime>12:09:00</DepartureTime>
                  <DepartureDayOffset>0</DepartureDayOffset>
                </TimetabledPassingTime>
                <TimetabledPassingTime version="55552" id="VTR:TimetabledPassingTime:55516_1128363_11">
                  <StopPointInJourneyPatternRef ref="VTR:StopPointInJourneyPattern:1128363" version="55552"/>
                  <DepartureTime>12:10:00</DepartureTime>
                  <DepartureDayOffset>0</DepartureDayOffset>
                </TimetabledPassingTime>
              </passingTimes>
            </ServiceJourney>
          </vehicleJourneys>
        </TimetableFrame>
        <ResourceFrame version="1" id="VTR:ResourceFrame:1385">
          <organisations>
            <Authority version="1" id="VTR:Authority:18">
              <CompanyNumber>56</CompanyNumber>
              <Name>Kretingos r. sav.</Name>
              <LegalName>Kretingos r. sav.</LegalName>
              <ContactDetails>
                <Email>savivaldybe@kretinga.lt</Email>
                <Phone>844553141</Phone>
                <Url>www.kretinga.lt</Url>
              </ContactDetails>
              <OrganisationType>authority</OrganisationType>
            </Authority>
          </organisations>
        </ResourceFrame>
      </frames>
    </CompositeFrame>
  </dataObjects>
</PublicationDelivery>
