<?xml version="1.0" encoding="UTF-8"?><PublicationDelivery xmlns="http://www.netex.org.uk/netex" xmlns:gis="http://www.opengis.net/gml/3.2" xmlns:ns2="http://www.opengis.net/gml/3.2" xmlns:ns3="http://www.siri.org.uk/siri" xmlns:xsi="http://www.w3.org/2001/XMLSchema-instance" version="1" xsi:schemaLocation="">
  <PublicationTimestamp>2022-05-07T03:45:00.262</PublicationTimestamp>
  <ParticipantRef>VTR</ParticipantRef>
  <Description>1</Description>
  <dataObjects>
    <CompositeFrame created="2022-05-07T03:45:00.262" version="1" id="VTR:CompositeFrame:1385">
      <validityConditions>
        <AvailabilityCondition version="1" id="VTR:AvailabilityCondition:1385">
          <FromDate>2015-08-06T08:16:10</FromDate>
          <ToDate>2027-12-30T00:00:00</ToDate>
        </AvailabilityCondition>
      </validityConditions>
      <codespaces>
        <Codespace id="vtr">
          <Xmlns>VTR</Xmlns>
          <XmlnsUrl>http://www.visimarsrutai.lt/</XmlnsUrl>
        </Codespace>
      </codespaces>
      <FrameDefaults>
        <DefaultLocale>
          <TimeZone>Europe/Vilnius</TimeZone>
        </DefaultLocale>
        <DefaultLocationSystem>WGS84</DefaultLocationSystem>
      </FrameDefaults>
      <frames>
        <ServiceCalendarFrame version="1" id="VTR:ServiceCalendarFrame:1385">
          <dayTypes>
            <DayType id="VTR:DayType:2202" version="1">
              <properties>
                <PropertyOfDay>
                  <DaysOfWeek>Monday Tuesday Wednesday Thursday</DaysOfWeek>
                </PropertyOfDay>
              </properties>
            </DayType>
          </dayTypes>
          <operatingPeriods>
            <OperatingPeriod version="1" id="VTR:OperatingPeriod:2202">
              <FromDate>2015-09-29T00:00:00</FromDate>
              <ToDate>2020-12-31T00:00:00</ToDate>
            </OperatingPeriod>
          </operatingPeriods>
          <dayTypeAssignments>
            <DayTypeAssignment id="VTR:DayTypeAssignment:2202_0" version="1" order="1934">
              <OperatingPeriodRef ref="VTR:OperatingPeriod:2202" version="1"/>
              <DayTypeRef ref="VTR:DayType:2202" version="1"/>
            </DayTypeAssignment>
          </dayTypeAssignments>
        </ServiceCalendarFrame>
        <ServiceFrame id="VTR:ServiceFrame:1385" version="1">
          <Network version="0" id="VTR:Network:18"/>
          <routePoints>
            <RoutePoint version="1" id="VTR:RoutePoint:107887">
              <projections>
                <PointProjection version="1" id="VTR:PointProjection:30836">
                  <ProjectedPointRef ref="VTR:ScheduledStopPoint:107887" version="1"/>
                </PointProjection>
              </projections>
            </RoutePoint>
            <RoutePoint version="1" id="VTR:RoutePoint:107888">
              <projections>
                <PointProjection version="1" id="VTR:PointProjection:30837">
                  <ProjectedPointRef ref="VTR:ScheduledStopPoint:107888" version="1"/>
                </PointProjection>
              </projections>
            </RoutePoint>
            <RoutePoint version="1" id="VTR:RoutePoint:107889">
              <projections>
                <PointProjection version="1" id="VTR:PointProjection:30838">
                  <ProjectedPointRef ref="VTR:ScheduledStopPoint:107889" version="1"/>
                </PointProjection>
              </projections>
            </RoutePoint>
            <RoutePoint version="1" id="VTR:RoutePoint:71329">
              <projections>
                <PointProjection version="1" id="VTR:PointProjection:23159">
                  <ProjectedPointRef ref="VTR:ScheduledStopPoint:71329" version="1"/>
                </PointProjection>
              </projections>
            </RoutePoint>
            <RoutePoint version="1" id="VTR:RoutePoint:71330">
              <projections>
                <PointProjection version="1" id="VTR:PointProjection:23160">
                  <ProjectedPointRef ref="VTR:ScheduledStopPoint:71330" version="1"/>
                </PointProjection>
              </projections>
            </RoutePoint>
            <RoutePoint version="1" id="VTR:RoutePoint:71331">
              <projections>
                <PointProjection version="1" id="VTR:PointProjection:23162">
                  <ProjectedPointRef ref="VTR:ScheduledStopPoint:71331" version="1"/>
                </PointProjection>
              </projections>
            </RoutePoint>
            <RoutePoint version="1" id="VTR:RoutePoint:71332">
              <projections>
                <PointProjection version="1" id="VTR:PointProjection:23163">
                  <ProjectedPointRef ref="VTR:ScheduledStopPoint:71332" version="1"/>
                </PointProjection>
              </projections>
            </RoutePoint>
            <RoutePoint version="1" id="VTR:RoutePoint:71333">
              <projections>
                <PointProjection version="1" id="VTR:PointProjection:23164">
                  <ProjectedPointRef ref="VTR:ScheduledStopPoint:71333" version="1"/>
                </PointProjection>
              </projections>
            </RoutePoint>
            <RoutePoint version="1" id="VTR:RoutePoint:71334">
              <projections>
                <PointProjection version="1" id="VTR:PointProjection:23165">
                  <ProjectedPointRef ref="VTR:ScheduledStopPoint:71334" version="1"/>
                </PointProjection>
              </projections>
            </RoutePoint>
            <RoutePoint version="1" id="VTR:RoutePoint:71335">
              <projections>
                <PointProjection version="1" id="VTR:PointProjection:23166">
                  <ProjectedPointRef ref="VTR:ScheduledStopPoint:71335" version="1"/>
                </PointProjection>
              </projections>
            </RoutePoint>
            <RoutePoint version="1" id="VTR:RoutePoint:71336">
              <projections>
                <PointProjection version="1" id="VTR:PointProjection:23167">
                  <ProjectedPointRef ref="VTR:ScheduledStopPoint:71336" version="1"/>
                </PointProjection>
              </projections>
            </RoutePoint>
            <RoutePoint version="1" id="VTR:RoutePoint:71337">
              <projections>
                <PointProjection version="1" id="VTR:PointProjection:23168">
                  <ProjectedPointRef ref="VTR:ScheduledStopPoint:71337" version="1"/>
                </PointProjection>
              </projections>
            </RoutePoint>
            <RoutePoint version="1" id="VTR:RoutePoint:71338">
              <projections>
                <PointProjection version="1" id="VTR:PointProjection:23169">
                  <ProjectedPointRef ref="VTR:ScheduledStopPoint:71338" version="1"/>
                </PointProjection>
              </projections>
            </RoutePoint>
            <RoutePoint version="1" id="VTR:RoutePoint:71339">
              <projections>
                <PointProjection version="1" id="VTR:PointProjection:23170">
                  <ProjectedPointRef ref="VTR:ScheduledStopPoint:71339" version="1"/>
                </PointProjection>
              </projections>
            </RoutePoint>
            <RoutePoint version="1" id="VTR:RoutePoint:71340">
              <projections>
                <PointProjection version="1" id="VTR:PointProjection:23171">
                  <ProjectedPointRef ref="VTR:ScheduledStopPoint:71340" version="1"/>
                </PointProjection>
              </projections>
            </RoutePoint>
            <RoutePoint version="1" id="VTR:RoutePoint:71341">
              <projections>
                <PointProjection version="1" id="VTR:PointProjection:23172">
                  <ProjectedPointRef ref="VTR:ScheduledStopPoint:71341" version="1"/>
                </PointProjection>
              </projections>
            </RoutePoint>
            <RoutePoint version="1" id="VTR:RoutePoint:71342">
              <projections>
                <PointProjection version="1" id="VTR:PointProjection:23173">
                  <ProjectedPointRef ref="VTR:ScheduledStopPoint:71342" version="1"/>
                </PointProjection>
              </projections>
            </RoutePoint>
            <RoutePoint version="1" id="VTR:RoutePoint:71344">
              <projections>
                <PointProjection version="1" id="VTR:PointProjection:23174">
                  <ProjectedPointRef ref="VTR:ScheduledStopPoint:71344" version="1"/>
                </PointProjection>
              </projections>
            </RoutePoint>
            <RoutePoint version="1" id="VTR:RoutePoint:71345">
              <projections>
                <PointProjection version="1" id="VTR:PointProjection:23175">
                  <ProjectedPointRef ref="VTR:ScheduledStopPoint:71345" version="1"/>
                </PointProjection>
              </projections>
            </RoutePoint>
            <RoutePoint version="1" id="VTR:RoutePoint:71346">
              <projections>
                <PointProjection version="1" id="VTR:PointProjection:23176">
                  <ProjectedPointRef ref="VTR:ScheduledStopPoint:71346" version="1"/>
                </PointProjection>
              </projections>
            </RoutePoint>
            <RoutePoint version="1" id="VTR:RoutePoint:71410">
              <projections>
                <PointProjection version="1" id="VTR:PointProjection:23505">
                  <ProjectedPointRef ref="VTR:ScheduledStopPoint:71410" version="1"/>
                </PointProjection>
              </projections>
            </RoutePoint>
            <RoutePoint version="1" id="VTR:RoutePoint:71411">
              <projections>
                <PointProjection version="1" id="VTR:PointProjection:23506">
                  <ProjectedPointRef ref="VTR:ScheduledStopPoint:71411" version="1"/>
                </PointProjection>
              </projections>
            </RoutePoint>
          </routePoints>
          <routes>
            <Route version="1" id="VTR:Route:4270">
              <Name>Kretinga-Šukė-Grūšlaukė</Name>
              <ShortName>Kretinga-Šukė-Grūšlaukė</ShortName>
              <LineRef ref="VTR:Line:1768" version="1749"/>
              <DirectionType>outbound</DirectionType>
              <pointsInSequence>
                <PointOnRoute version="1" id="VTR:PointOnRoute:71329" order="1">
                  <RoutePointRef ref="VTR:RoutePoint:71329"/>
                </PointOnRoute>
                <PointOnRoute version="1" id="VTR:PointOnRoute:71330" order="2">
                  <RoutePointRef ref="VTR:RoutePoint:71330"/>
                </PointOnRoute>
                <PointOnRoute version="1" id="VTR:PointOnRoute:107887" order="3">
                  <RoutePointRef ref="VTR:RoutePoint:107887"/>
                </PointOnRoute>
                <PointOnRoute version="1" id="VTR:PointOnRoute:71331" order="4">
                  <RoutePointRef ref="VTR:RoutePoint:71331"/>
                </PointOnRoute>
                <PointOnRoute version="1" id="VTR:PointOnRoute:71332" order="5">
                  <RoutePointRef ref="VTR:RoutePoint:71332"/>
                </PointOnRoute>
                <PointOnRoute version="1" id="VTR:PointOnRoute:71333" order="6">
                  <RoutePointRef ref="VTR:RoutePoint:71333"/>
                </PointOnRoute>
                <PointOnRoute version="1" id="VTR:PointOnRoute:71334" order="7">
                  <RoutePointRef ref="VTR:RoutePoint:71334"/>
                </PointOnRoute>
                <PointOnRoute version="1" id="VTR:PointOnRoute:71335" order="8">
                  <RoutePointRef ref="VTR:RoutePoint:71335"/>
                </PointOnRoute>
                <PointOnRoute version="1" id="VTR:PointOnRoute:71336" order="9">
                  <RoutePointRef ref="VTR:RoutePoint:71336"/>
                </PointOnRoute>
                <PointOnRoute version="1" id="VTR:PointOnRoute:71337" order="10">
                  <RoutePointRef ref="VTR:RoutePoint:71337"/>
                </PointOnRoute>
                <PointOnRoute version="1" id="VTR:PointOnRoute:71338" order="11">
                  <RoutePointRef ref="VTR:RoutePoint:71338"/>
                </PointOnRoute>
                <PointOnRoute version="1" id="VTR:PointOnRoute:107888" order="12">
                  <RoutePointRef ref="VTR:RoutePoint:107888"/>
                </PointOnRoute>
                <PointOnRoute version="1" id="VTR:PointOnRoute:107889" order="13">
                  <RoutePointRef ref="VTR:RoutePoint:107889"/>
                </PointOnRoute>
                <PointOnRoute version="1" id="VTR:PointOnRoute:71339" order="14">
                  <RoutePointRef ref="VTR:RoutePoint:71339"/>
                </PointOnRoute>
                <PointOnRoute version="1" id="VTR:PointOnRoute:71340" order="15">
                  <RoutePointRef ref="VTR:RoutePoint:71340"/>
                </PointOnRoute>
                <PointOnRoute version="1" id="VTR:PointOnRoute:71410" order="16">
                  <RoutePointRef ref="VTR:RoutePoint:71410"/>
                </PointOnRoute>
                <PointOnRoute version="1" id="VTR:PointOnRoute:71341" order="17">
                  <RoutePointRef ref="VTR:RoutePoint:71341"/>
                </PointOnRoute>
                <PointOnRoute version="1" id="VTR:PointOnRoute:71342" order="18">
                  <RoutePointRef ref="VTR:RoutePoint:71342"/>
                </PointOnRoute>
                <PointOnRoute version="1" id="VTR:PointOnRoute:71411" order="19">
                  <RoutePointRef ref="VTR:RoutePoint:71411"/>
                </PointOnRoute>
                <PointOnRoute version="1" id="VTR:PointOnRoute:71344" order="21">
                  <RoutePointRef ref="VTR:RoutePoint:71344"/>
                </PointOnRoute>
                <PointOnRoute version="1" id="VTR:PointOnRoute:71345" order="22">
                  <RoutePointRef ref="VTR:RoutePoint:71345"/>
                </PointOnRoute>
                <PointOnRoute version="1" id="VTR:PointOnRoute:71346" order="23">
                  <RoutePointRef ref="VTR:RoutePoint:71346"/>
                </PointOnRoute>
              </pointsInSequence>
            </Route>
          </routes>
          <lines>
            <Line version="1749" id="VTR:Line:1768">
              <Name>Kretinga-Šukė-Grūšlaukė</Name>
              <TransportMode>bus</TransportMode>
              <TransportSubmode>
                <BusSubmode>regionalBus</BusSubmode>
              </TransportSubmode>
              <PublicCode>70</PublicCode>
              <OperatorRef ref="VTR:Operator:18"/>
            </Line>
          </lines>
          <scheduledStopPoints>
            <ScheduledStopPoint version="1" id="VTR:ScheduledStopPoint:107887">
              <Name>Daujoto vid. m-kla</Name>
            </ScheduledStopPoint>
            <ScheduledStopPoint version="1" id="VTR:ScheduledStopPoint:107888">
              <Name>Durpynas</Name>
            </ScheduledStopPoint>
            <ScheduledStopPoint version="1" id="VTR:ScheduledStopPoint:107889">
              <Name>Kryžkelė I</Name>
            </ScheduledStopPoint>
            <ScheduledStopPoint version="1" id="VTR:ScheduledStopPoint:71329">
              <Name>Kretingos autobusų stotis</Name>
            </ScheduledStopPoint>
            <ScheduledStopPoint version="1" id="VTR:ScheduledStopPoint:71330">
              <Name>Rotušės a.</Name>
            </ScheduledStopPoint>
            <ScheduledStopPoint version="1" id="VTR:ScheduledStopPoint:71331">
              <Name>Laidojimo namai ,,Rimtis"</Name>
            </ScheduledStopPoint>
            <ScheduledStopPoint version="1" id="VTR:ScheduledStopPoint:71332">
              <Name>Kurmaičiai</Name>
            </ScheduledStopPoint>
            <ScheduledStopPoint version="1" id="VTR:ScheduledStopPoint:71333">
              <Name>Senkai</Name>
            </ScheduledStopPoint>
            <ScheduledStopPoint version="1" id="VTR:ScheduledStopPoint:71334">
              <Name>Tūbausiai</Name>
            </ScheduledStopPoint>
            <ScheduledStopPoint version="1" id="VTR:ScheduledStopPoint:71335">
              <Name>Daubėnai</Name>
            </ScheduledStopPoint>
            <ScheduledStopPoint version="1" id="VTR:ScheduledStopPoint:71336">
              <Name>Pasertupis</Name>
            </ScheduledStopPoint>
            <ScheduledStopPoint version="1" id="VTR:ScheduledStopPoint:71337">
              <Name>Darbėnai</Name>
            </ScheduledStopPoint>
            <ScheduledStopPoint version="1" id="VTR:ScheduledStopPoint:71338">
              <Name>Kašučių g.</Name>
            </ScheduledStopPoint>
            <ScheduledStopPoint version="1" id="VTR:ScheduledStopPoint:71339">
              <Name>Kašučiai</Name>
            </ScheduledStopPoint>
            <ScheduledStopPoint version="1" id="VTR:ScheduledStopPoint:71340">
              <Name>Šukė</Name>
            </ScheduledStopPoint>
            <ScheduledStopPoint version="1" id="VTR:ScheduledStopPoint:71341">
              <Name>Vaineikiai</Name>
            </ScheduledStopPoint>
            <ScheduledStopPoint version="1" id="VTR:ScheduledStopPoint:71342">
              <Name>Akmenalės</Name>
            </ScheduledStopPoint>
            <ScheduledStopPoint version="1" id="VTR:ScheduledStopPoint:71344">
              <Name>Latveliai</Name>
            </ScheduledStopPoint>
            <ScheduledStopPoint version="1" id="VTR:ScheduledStopPoint:71345">
              <Name>Kryžkelė</Name>
            </ScheduledStopPoint>
            <ScheduledStopPoint version="1" id="VTR:ScheduledStopPoint:71346">
              <Name>Grūšlaukė</Name>
            </ScheduledStopPoint>
            <ScheduledStopPoint version="1" id="VTR:ScheduledStopPoint:71410">
              <Name>Šukės centras</Name>
            </ScheduledStopPoint>
            <ScheduledStopPoint version="1" id="VTR:ScheduledStopPoint:71411">
              <Name>Kumpikų centras</Name>
            </ScheduledStopPoint>
          </scheduledStopPoints>
          <serviceLinks>
            <ServiceLink id="VTR:ServiceLink:71331_1_71332_1" version="1">
              <Distance>3</Distance>
              <FromPointRef ref="VTR:ScheduledStopPoint:71331" version="1"/>
              <ToPointRef ref="VTR:ScheduledStopPoint:71332" version="1"/>
            </ServiceLink>
            <ServiceLink id="VTR:ServiceLink:107889_1_71339_1" version="1">
              <Distance>0</Distance>
              <FromPointRef ref="VTR:ScheduledStopPoint:107889" version="1"/>
              <ToPointRef ref="VTR:ScheduledStopPoint:71339" version="1"/>
            </ServiceLink>
            <ServiceLink id="VTR:ServiceLink:107887_1_71331_1" version="1">
              <Distance>1</Distance>
              <FromPointRef ref="VTR:ScheduledStopPoint:107887" version="1"/>
              <ToPointRef ref="VTR:ScheduledStopPoint:71331" version="1"/>
            </ServiceLink>
            <ServiceLink id="VTR:ServiceLink:71410_1_71341_1" version="1">
              <Distance>4</Distance>
              <FromPointRef ref="VTR:ScheduledStopPoint:71410" version="1"/>
              <ToPointRef ref="VTR:ScheduledStopPoint:71341" version="1"/>
            </ServiceLink>
            <ServiceLink id="VTR:ServiceLink:71330_1_107887_1" version="1">
              <Distance>0</Distance>
              <FromPointRef ref="VTR:ScheduledStopPoint:71330" version="1"/>
              <ToPointRef ref="VTR:ScheduledStopPoint:107887" version="1"/>
            </ServiceLink>
            <ServiceLink id="VTR:ServiceLink:71338_1_107888_1" version="1">
              <Distance>1</Distance>
              <FromPointRef ref="VTR:ScheduledStopPoint:71338" version="1"/>
              <ToPointRef ref="VTR:ScheduledStopPoint:107888" version="1"/>
            </ServiceLink>
            <ServiceLink id="VTR:ServiceLink:71335_1_71336_1" version="1">
              <Distance>2</Distance>
              <FromPointRef ref="VTR:ScheduledStopPoint:71335" version="1"/>
              <ToPointRef ref="VTR:ScheduledStopPoint:71336" version="1"/>
            </ServiceLink>
            <ServiceLink id="VTR:ServiceLink:71329_1_71330_1" version="1">
              <Distance>1</Distance>
              <FromPointRef ref="VTR:ScheduledStopPoint:71329" version="1"/>
              <ToPointRef ref="VTR:ScheduledStopPoint:71330" version="1"/>
            </ServiceLink>
            <ServiceLink id="VTR:ServiceLink:71339_1_71340_1" version="1">
              <Distance>1</Distance>
              <FromPointRef ref="VTR:ScheduledStopPoint:71339" version="1"/>
              <ToPointRef ref="VTR:ScheduledStopPoint:71340" version="1"/>
            </ServiceLink>
            <ServiceLink id="VTR:ServiceLink:71333_1_71334_1" version="1">
              <Distance>1</Distance>
              <FromPointRef ref="VTR:ScheduledStopPoint:71333" version="1"/>
              <ToPointRef ref="VTR:ScheduledStopPoint:71334" version="1"/>
            </ServiceLink>
            <ServiceLink id="VTR:ServiceLink:71336_1_71337_1" version="1">
              <Distance>2</Distance>
              <FromPointRef ref="VTR:ScheduledStopPoint:71336" version="1"/>
              <ToPointRef ref="VTR:ScheduledStopPoint:71337" version="1"/>
            </ServiceLink>
            <ServiceLink id="VTR:ServiceLink:71345_1_71346_1" version="1">
              <Distance>1</Distance>
              <FromPointRef ref="VTR:ScheduledStopPoint:71345" version="1"/>
              <ToPointRef ref="VTR:ScheduledStopPoint:71346" version="1"/>
            </ServiceLink>
            <ServiceLink id="VTR:ServiceLink:71340_1_71410_1" version="1">
              <Distance>1</Distance>
              <FromPointRef ref="VTR:ScheduledStopPoint:71340" version="1"/>
              <ToPointRef ref="VTR:ScheduledStopPoint:71410" version="1"/>
            </ServiceLink>
            <ServiceLink id="VTR:ServiceLink:71332_1_71333_1" version="1">
              <Distance>1</Distance>
              <FromPointRef ref="VTR:ScheduledStopPoint:71332" version="1"/>
              <ToPointRef ref="VTR:ScheduledStopPoint:71333" version="1"/>
            </ServiceLink>
            <ServiceLink id="VTR:ServiceLink:71334_1_71335_1" version="1">
              <Distance>2</Distance>
              <FromPointRef ref="VTR:ScheduledStopPoint:71334" version="1"/>
              <ToPointRef ref="VTR:ScheduledStopPoint:71335" version="1"/>
            </ServiceLink>
            <ServiceLink id="VTR:ServiceLink:71337_1_71338_1" version="1">
              <Distance>1</Distance>
              <FromPointRef ref="VTR:ScheduledStopPoint:71337" version="1"/>
              <ToPointRef ref="VTR:ScheduledStopPoint:71338" version="1"/>
            </ServiceLink>
            <ServiceLink id="VTR:ServiceLink:71342_1_71411_1" version="1">
              <Distance>4</Distance>
              <FromPointRef ref="VTR:ScheduledStopPoint:71342" version="1"/>
              <ToPointRef ref="VTR:ScheduledStopPoint:71411" version="1"/>
            </ServiceLink>
            <ServiceLink id="VTR:ServiceLink:71344_1_71345_1" version="1">
              <Distance>2</Distance>
              <FromPointRef ref="VTR:ScheduledStopPoint:71344" version="1"/>
              <ToPointRef ref="VTR:ScheduledStopPoint:71345" version="1"/>
            </ServiceLink>
            <ServiceLink id="VTR:ServiceLink:71341_1_71342_1" version="1">
              <Distance>3</Distance>
              <FromPointRef ref="VTR:ScheduledStopPoint:71341" version="1"/>
              <ToPointRef ref="VTR:ScheduledStopPoint:71342" version="1"/>
            </ServiceLink>
            <ServiceLink id="VTR:ServiceLink:107888_1_107889_1" version="1">
              <Distance>1</Distance>
              <FromPointRef ref="VTR:ScheduledStopPoint:107888" version="1"/>
              <ToPointRef ref="VTR:ScheduledStopPoint:107889" version="1"/>
            </ServiceLink>
          </serviceLinks>
          <stopAssignments>
            <PassengerStopAssignment order="427000000" id="VTR:PassengerStopAssignment:71329" version="1">
              <ScheduledStopPointRef ref="VTR:ScheduledStopPoint:71329" version="1"/>
              <QuayRef ref="VTR:Quay:21202"/>
            </PassengerStopAssignment>
            <PassengerStopAssignment order="427000001" id="VTR:PassengerStopAssignment:71330" version="1">
              <ScheduledStopPointRef ref="VTR:ScheduledStopPoint:71330" version="1"/>
              <QuayRef ref="VTR:Quay:21250"/>
            </PassengerStopAssignment>
            <PassengerStopAssignment order="427000002" id="VTR:PassengerStopAssignment:107887" version="1">
              <ScheduledStopPointRef ref="VTR:ScheduledStopPoint:107887" version="1"/>
              <QuayRef ref="VTR:Quay:3596"/>
            </PassengerStopAssignment>
            <PassengerStopAssignment order="427000003" id="VTR:PassengerStopAssignment:71331" version="1">
              <ScheduledStopPointRef ref="VTR:ScheduledStopPoint:71331" version="1"/>
              <QuayRef ref="VTR:Quay:21390"/>
            </PassengerStopAssignment>
            <PassengerStopAssignment order="427000004" id="VTR:PassengerStopAssignment:71332" version="1">
              <ScheduledStopPointRef ref="VTR:ScheduledStopPoint:71332" version="1"/>
              <QuayRef ref="VTR:Quay:9207"/>
            </PassengerStopAssignment>
            <PassengerStopAssignment order="427000005" id="VTR:PassengerStopAssignment:71333" version="1">
              <ScheduledStopPointRef ref="VTR:ScheduledStopPoint:71333" version="1"/>
              <QuayRef ref="VTR:Quay:13937"/>
            </PassengerStopAssignment>
            <PassengerStopAssignment order="427000006" id="VTR:PassengerStopAssignment:71334" version="1">
              <ScheduledStopPointRef ref="VTR:ScheduledStopPoint:71334" version="1"/>
              <QuayRef ref="VTR:Quay:12144"/>
            </PassengerStopAssignment>
            <PassengerStopAssignment order="427000007" id="VTR:PassengerStopAssignment:71335" version="1">
              <ScheduledStopPointRef ref="VTR:ScheduledStopPoint:71335" version="1"/>
              <QuayRef ref="VTR:Quay:16029"/>
            </PassengerStopAssignment>
            <PassengerStopAssignment order="427000008" id="VTR:PassengerStopAssignment:71336" version="1">
              <ScheduledStopPointRef ref="VTR:ScheduledStopPoint:71336" version="1"/>
              <QuayRef ref="VTR:Quay:5253"/>
            </PassengerStopAssignment>
            <PassengerStopAssignment order="427000009" id="VTR:PassengerStopAssignment:71337" version="1">
              <ScheduledStopPointRef ref="VTR:ScheduledStopPoint:71337" version="1"/>
              <QuayRef ref="VTR:Quay:12981"/>
            </PassengerStopAssignment>
            <PassengerStopAssignment order="427000010" id="VTR:PassengerStopAssignment:71338" version="1">
              <ScheduledStopPointRef ref="VTR:ScheduledStopPoint:71338" version="1"/>
              <QuayRef ref="VTR:Quay:13032"/>
            </PassengerStopAssignment>
            <PassengerStopAssignment order="427000011" id="VTR:PassengerStopAssignment:107888" version="1">
              <ScheduledStopPointRef ref="VTR:ScheduledStopPoint:107888" version="1"/>
              <QuayRef ref="VTR:Quay:24047"/>
            </PassengerStopAssignment>
            <PassengerStopAssignment order="427000012" id="VTR:PassengerStopAssignment:107889" version="1">
              <ScheduledStopPointRef ref="VTR:ScheduledStopPoint:107889" version="1"/>
              <QuayRef ref="VTR:Quay:24059"/>
            </PassengerStopAssignment>
            <PassengerStopAssignment order="427000013" id="VTR:PassengerStopAssignment:71339" version="1">
              <ScheduledStopPointRef ref="VTR:ScheduledStopPoint:71339" version="1"/>
              <QuayRef ref="VTR:Quay:12486"/>
            </PassengerStopAssignment>
            <PassengerStopAssignment order="427000014" id="VTR:PassengerStopAssignment:71340" version="1">
              <ScheduledStopPointRef ref="VTR:ScheduledStopPoint:71340" version="1"/>
              <QuayRef ref="VTR:Quay:9484"/>
            </PassengerStopAssignment>
            <PassengerStopAssignment order="427000015" id="VTR:PassengerStopAssignment:71410" version="1">
              <ScheduledStopPointRef ref="VTR:ScheduledStopPoint:71410" version="1"/>
              <QuayRef ref="VTR:Quay:21602"/>
            </PassengerStopAssignment>
            <PassengerStopAssignment order="427000016" id="VTR:PassengerStopAssignment:71341" version="1">
              <ScheduledStopPointRef ref="VTR:ScheduledStopPoint:71341" version="1"/>
              <QuayRef ref="VTR:Quay:4176"/>
            </PassengerStopAssignment>
            <PassengerStopAssignment order="427000017" id="VTR:PassengerStopAssignment:71342" version="1">
              <ScheduledStopPointRef ref="VTR:ScheduledStopPoint:71342" version="1"/>
              <QuayRef ref="VTR:Quay:14381"/>
            </PassengerStopAssignment>
            <PassengerStopAssignment order="427000018" id="VTR:PassengerStopAssignment:71411" version="1">
              <ScheduledStopPointRef ref="VTR:ScheduledStopPoint:71411" version="1"/>
              <QuayRef ref="VTR:Quay:21603"/>
            </PassengerStopAssignment>
            <PassengerStopAssignment order="427000020" id="VTR:PassengerStopAssignment:71344" version="1">
              <ScheduledStopPointRef ref="VTR:ScheduledStopPoint:71344" version="1"/>
              <QuayRef ref="VTR:Quay:4164"/>
            </PassengerStopAssignment>
            <PassengerStopAssignment order="427000021" id="VTR:PassengerStopAssignment:71345" version="1">
              <ScheduledStopPointRef ref="VTR:ScheduledStopPoint:71345" version="1"/>
              <QuayRef ref="VTR:Quay:4188"/>
            </PassengerStopAssignment>
            <PassengerStopAssignment order="427000022" id="VTR:PassengerStopAssignment:71346" version="1">
              <ScheduledStopPointRef ref="VTR:ScheduledStopPoint:71346" version="1"/>
              <QuayRef ref="VTR:Quay:4422"/>
            </PassengerStopAssignment>
          </stopAssignments>
          <journeyPatterns>
            <JourneyPattern id="VTR:JourneyPattern:54283" version="54319">
              <Name>2</Name>
              <RouteRef ref="VTR:Route:4270" version="1"/>
              <pointsInSequence>
                <StopPointInJourneyPattern id="VTR:StopPointInJourneyPattern:1107876" version="54319" order="1">
                  <ScheduledStopPointRef ref="VTR:ScheduledStopPoint:71329"/>
                  <DestinationDisplayRef ref="VTR:DestinationDisplay:1"/>
                </StopPointInJourneyPattern>
                <StopPointInJourneyPattern id="VTR:StopPointInJourneyPattern:1107877" version="54319" order="2">
                  <ScheduledStopPointRef ref="VTR:ScheduledStopPoint:71330"/>
                  <DestinationDisplayRef ref="VTR:DestinationDisplay:1"/>
                </StopPointInJourneyPattern>
                <StopPointInJourneyPattern id="VTR:StopPointInJourneyPattern:1107878" version="54319" order="3">
                  <ScheduledStopPointRef ref="VTR:ScheduledStopPoint:107887"/>
                  <DestinationDisplayRef ref="VTR:DestinationDisplay:1"/>
                </StopPointInJourneyPattern>
                <StopPointInJourneyPattern id="VTR:StopPointInJourneyPattern:1107879" version="54319" order="4">
                  <ScheduledStopPointRef ref="VTR:ScheduledStopPoint:71331"/>
                  <DestinationDisplayRef ref="VTR:DestinationDisplay:1"/>
                </StopPointInJourneyPattern>
                <StopPointInJourneyPattern id="VTR:StopPointInJourneyPattern:1107880" version="54319" order="5">
                  <ScheduledStopPointRef ref="VTR:ScheduledStopPoint:71332"/>
                  <DestinationDisplayRef ref="VTR:DestinationDisplay:1"/>
                </StopPointInJourneyPattern>
                <StopPointInJourneyPattern id="VTR:StopPointInJourneyPattern:1107881" version="54319" order="6">
                  <ScheduledStopPointRef ref="VTR:ScheduledStopPoint:71333"/>
                  <DestinationDisplayRef ref="VTR:DestinationDisplay:1"/>
                </StopPointInJourneyPattern>
                <StopPointInJourneyPattern id="VTR:StopPointInJourneyPattern:1107882" version="54319" order="7">
                  <ScheduledStopPointRef ref="VTR:ScheduledStopPoint:71334"/>
                  <DestinationDisplayRef ref="VTR:DestinationDisplay:1"/>
                </StopPointInJourneyPattern>
                <StopPointInJourneyPattern id="VTR:StopPointInJourneyPattern:1107883" version="54319" order="8">
                  <ScheduledStopPointRef ref="VTR:ScheduledStopPoint:71335"/>
                  <DestinationDisplayRef ref="VTR:DestinationDisplay:1"/>
                </StopPointInJourneyPattern>
                <StopPointInJourneyPattern id="VTR:StopPointInJourneyPattern:1107884" version="54319" order="9">
                  <ScheduledStopPointRef ref="VTR:ScheduledStopPoint:71336"/>
                  <DestinationDisplayRef ref="VTR:DestinationDisplay:1"/>
                </StopPointInJourneyPattern>
                <StopPointInJourneyPattern id="VTR:StopPointInJourneyPattern:1107885" version="54319" order="10">
                  <ScheduledStopPointRef ref="VTR:ScheduledStopPoint:71337"/>
                  <DestinationDisplayRef ref="VTR:DestinationDisplay:1"/>
                </StopPointInJourneyPattern>
                <StopPointInJourneyPattern id="VTR:StopPointInJourneyPattern:1107886" version="54319" order="11">
                  <ScheduledStopPointRef ref="VTR:ScheduledStopPoint:71338"/>
                  <DestinationDisplayRef ref="VTR:DestinationDisplay:1"/>
                </StopPointInJourneyPattern>
                <StopPointInJourneyPattern id="VTR:StopPointInJourneyPattern:1107887" version="54319" order="12">
                  <ScheduledStopPointRef ref="VTR:ScheduledStopPoint:107888"/>
                  <DestinationDisplayRef ref="VTR:DestinationDisplay:1"/>
                </StopPointInJourneyPattern>
                <StopPointInJourneyPattern id="VTR:StopPointInJourneyPattern:1107888" version="54319" order="13">
                  <ScheduledStopPointRef ref="VTR:ScheduledStopPoint:107889"/>
                  <DestinationDisplayRef ref="VTR:DestinationDisplay:1"/>
                </StopPointInJourneyPattern>
                <StopPointInJourneyPattern id="VTR:StopPointInJourneyPattern:1107889" version="54319" order="14">
                  <ScheduledStopPointRef ref="VTR:ScheduledStopPoint:71339"/>
                  <DestinationDisplayRef ref="VTR:DestinationDisplay:1"/>
                </StopPointInJourneyPattern>
                <StopPointInJourneyPattern id="VTR:StopPointInJourneyPattern:1107890" version="54319" order="15">
                  <ScheduledStopPointRef ref="VTR:ScheduledStopPoint:71340"/>
                  <DestinationDisplayRef ref="VTR:DestinationDisplay:1"/>
                </StopPointInJourneyPattern>
                <StopPointInJourneyPattern id="VTR:StopPointInJourneyPattern:1107891" version="54319" order="16">
                  <ScheduledStopPointRef ref="VTR:ScheduledStopPoint:71410"/>
                  <DestinationDisplayRef ref="VTR:DestinationDisplay:1"/>
                </StopPointInJourneyPattern>
                <StopPointInJourneyPattern id="VTR:StopPointInJourneyPattern:1107892" version="54319" order="17">
                  <ScheduledStopPointRef ref="VTR:ScheduledStopPoint:71341"/>
                  <DestinationDisplayRef ref="VTR:DestinationDisplay:1"/>
                </StopPointInJourneyPattern>
                <StopPointInJourneyPattern id="VTR:StopPointInJourneyPattern:1107893" version="54319" order="18">
                  <ScheduledStopPointRef ref="VTR:ScheduledStopPoint:71342"/>
                  <DestinationDisplayRef ref="VTR:DestinationDisplay:1"/>
                </StopPointInJourneyPattern>
                <StopPointInJourneyPattern id="VTR:StopPointInJourneyPattern:1107894" version="54319" order="19">
                  <ScheduledStopPointRef ref="VTR:ScheduledStopPoint:71411"/>
                  <DestinationDisplayRef ref="VTR:DestinationDisplay:1"/>
                </StopPointInJourneyPattern>
                <StopPointInJourneyPattern id="VTR:StopPointInJourneyPattern:1107895" version="54319" order="21">
                  <ScheduledStopPointRef ref="VTR:ScheduledStopPoint:71344"/>
                  <DestinationDisplayRef ref="VTR:DestinationDisplay:1"/>
                </StopPointInJourneyPattern>
                <StopPointInJourneyPattern id="VTR:StopPointInJourneyPattern:1107896" version="54319" order="22">
                  <ScheduledStopPointRef ref="VTR:ScheduledStopPoint:71345"/>
                  <DestinationDisplayRef ref="VTR:DestinationDisplay:1"/>
                </StopPointInJourneyPattern>
                <StopPointInJourneyPattern id="VTR:StopPointInJourneyPattern:1107897" version="54319" order="23">
                  <ScheduledStopPointRef ref="VTR:ScheduledStopPoint:71346"/>
                  <DestinationDisplayRef ref="VTR:DestinationDisplay:1"/>
                </StopPointInJourneyPattern>
              </pointsInSequence>
            </JourneyPattern>
          </journeyPatterns>
        </ServiceFrame>
        <TimetableFrame version="1" id="VTR:TimetableFrame:1385">
          <vehicleJourneys>
            <ServiceJourney version="54319" id="VTR:ServiceJourney:54283">
              <Name>Kretinga-Šukė-Grūšlaukė</Name>
              <PrivateCode>2</PrivateCode>
              <dayTypes>
                <DayTypeRef ref="VTR:DayType:2202"/>
              </dayTypes>
              <JourneyPatternRef version="54319" ref="VTR:JourneyPattern:54283"/>
              <OperatorRef ref="VTR:Operator:"/>
              <LineRef ref="VTR:Line:1768" version="1749"/>
              <passingTimes>
                <TimetabledPassingTime version="54319" id="VTR:TimetabledPassingTime:54283_1107876_1">
                  <StopPointInJourneyPatternRef ref="VTR:StopPointInJourneyPattern:1107876" version="54319"/>
                  <DepartureTime>14:50:00</DepartureTime>
                  <DepartureDayOffset>0</DepartureDayOffset>
                </TimetabledPassingTime>
                <TimetabledPassingTime version="54319" id="VTR:TimetabledPassingTime:54283_1107877_2">
                  <StopPointInJourneyPatternRef ref="VTR:StopPointInJourneyPattern:1107877" version="54319"/>
                  <DepartureTime>14:53:00</DepartureTime>
                  <DepartureDayOffset>0</DepartureDayOffset>
                </TimetabledPassingTime>
                <TimetabledPassingTime version="54319" id="VTR:TimetabledPassingTime:54283_1107878_3">
                  <StopPointInJourneyPatternRef ref="VTR:StopPointInJourneyPattern:1107878" version="54319"/>
                  <DepartureTime>14:54:00</DepartureTime>
                  <DepartureDayOffset>0</DepartureDayOffset>
                </TimetabledPassingTime>
                <TimetabledPassingTime version="54319" id="VTR:TimetabledPassingTime:54283_1107879_4">
                  <StopPointInJourneyPatternRef ref="VTR:StopPointInJourneyPattern:1107879" version="54319"/>
                  <DepartureTime>14:58:00</DepartureTime>
                  <DepartureDayOffset>0</DepartureDayOffset>
                </TimetabledPassingTime>
                <TimetabledPassingTime version="54319" id="VTR:TimetabledPassingTime:54283_1107880_5">
                  <StopPointInJourneyPatternRef ref="VTR:StopPointInJourneyPattern:1107880" version="54319"/>
                  <DepartureTime>15:02:00</DepartureTime>
                  <DepartureDayOffset>0</DepartureDayOffset>
                </TimetabledPassingTime>
                <TimetabledPassingTime version="54319" id="VTR:TimetabledPassingTime:54283_1107881_6">
                  <StopPointInJourneyPatternRef ref="VTR:StopPointInJourneyPattern:1107881" version="54319"/>
                  <DepartureTime>15:05:00</DepartureTime>
                  <DepartureDayOffset>0</DepartureDayOffset>
                </TimetabledPassingTime>
                <TimetabledPassingTime version="54319" id="VTR:TimetabledPassingTime:54283_1107882_7">
                  <StopPointInJourneyPatternRef ref="VTR:StopPointInJourneyPattern:1107882" version="54319"/>
                  <DepartureTime>15:07:00</DepartureTime>
                  <DepartureDayOffset>0</DepartureDayOffset>
                </TimetabledPassingTime>
                <TimetabledPassingTime version="54319" id="VTR:TimetabledPassingTime:54283_1107883_8">
                  <StopPointInJourneyPatternRef ref="VTR:StopPointInJourneyPattern:1107883" version="54319"/>
                  <DepartureTime>15:11:00</DepartureTime>
                  <DepartureDayOffset>0</DepartureDayOffset>
                </TimetabledPassingTime>
                <TimetabledPassingTime version="54319" id="VTR:TimetabledPassingTime:54283_1107884_9">
                  <StopPointInJourneyPatternRef ref="VTR:StopPointInJourneyPattern:1107884" version="54319"/>
                  <DepartureTime>15:15:00</DepartureTime>
                  <DepartureDayOffset>0</DepartureDayOffset>
                </TimetabledPassingTime>
                <TimetabledPassingTime version="54319" id="VTR:TimetabledPassingTime:54283_1107885_10">
                  <StopPointInJourneyPatternRef ref="VTR:StopPointInJourneyPattern:1107885" version="54319"/>
                  <DepartureTime>15:20:00</DepartureTime>
                  <DepartureDayOffset>0</DepartureDayOffset>
                </TimetabledPassingTime>
                <TimetabledPassingTime version="54319" id="VTR:TimetabledPassingTime:54283_1107886_11">
                  <StopPointInJourneyPatternRef ref="VTR:StopPointInJourneyPattern:1107886" version="54319"/>
                  <DepartureTime>15:23:00</DepartureTime>
                  <DepartureDayOffset>0</DepartureDayOffset>
                </TimetabledPassingTime>
                <TimetabledPassingTime version="54319" id="VTR:TimetabledPassingTime:54283_1107887_12">
                  <StopPointInJourneyPatternRef ref="VTR:StopPointInJourneyPattern:1107887" version="54319"/>
                  <DepartureTime>15:29:00</DepartureTime>
                  <DepartureDayOffset>0</DepartureDayOffset>
                </TimetabledPassingTime>
                <TimetabledPassingTime version="54319" id="VTR:TimetabledPassingTime:54283_1107888_13">
                  <StopPointInJourneyPatternRef ref="VTR:StopPointInJourneyPattern:1107888" version="54319"/>
                  <DepartureTime>15:31:00</DepartureTime>
                  <DepartureDayOffset>0</DepartureDayOffset>
                </TimetabledPassingTime>
                <TimetabledPassingTime version="54319" id="VTR:TimetabledPassingTime:54283_1107889_14">
                  <StopPointInJourneyPatternRef ref="VTR:StopPointInJourneyPattern:1107889" version="54319"/>
                  <DepartureTime>15:33:00</DepartureTime>
                  <DepartureDayOffset>0</DepartureDayOffset>
                </TimetabledPassingTime>
                <TimetabledPassingTime version="54319" id="VTR:TimetabledPassingTime:54283_1107890_15">
                  <StopPointInJourneyPatternRef ref="VTR:StopPointInJourneyPattern:1107890" version="54319"/>
                  <DepartureTime>15:36:00</DepartureTime>
                  <DepartureDayOffset>0</DepartureDayOffset>
                </TimetabledPassingTime>
                <TimetabledPassingTime version="54319" id="VTR:TimetabledPassingTime:54283_1107891_16">
                  <StopPointInJourneyPatternRef ref="VTR:StopPointInJourneyPattern:1107891" version="54319"/>
                  <DepartureTime>15:40:00</DepartureTime>
                  <DepartureDayOffset>0</DepartureDayOffset>
                </TimetabledPassingTime>
                <TimetabledPassingTime version="54319" id="VTR:TimetabledPassingTime:54283_1107892_17">
                  <StopPointInJourneyPatternRef ref="VTR:StopPointInJourneyPattern:1107892" version="54319"/>
                  <DepartureTime>15:45:00</DepartureTime>
                  <DepartureDayOffset>0</DepartureDayOffset>
                </TimetabledPassingTime>
                <TimetabledPassingTime version="54319" id="VTR:TimetabledPassingTime:54283_1107893_18">
                  <StopPointInJourneyPatternRef ref="VTR:StopPointInJourneyPattern:1107893" version="54319"/>
                  <DepartureTime>15:50:00</DepartureTime>
                  <DepartureDayOffset>0</DepartureDayOffset>
                </TimetabledPassingTime>
                <TimetabledPassingTime version="54319" id="VTR:TimetabledPassingTime:54283_1107894_19">
                  <StopPointInJourneyPatternRef ref="VTR:StopPointInJourneyPattern:1107894" version="54319"/>
                  <DepartureTime>15:58:00</DepartureTime>
                  <DepartureDayOffset>0</DepartureDayOffset>
                </TimetabledPassingTime>
                <TimetabledPassingTime version="54319" id="VTR:TimetabledPassingTime:54283_1107895_21">
                  <StopPointInJourneyPatternRef ref="VTR:StopPointInJourneyPattern:1107895" version="54319"/>
                  <DepartureTime>16:00:00</DepartureTime>
                  <DepartureDayOffset>0</DepartureDayOffset>
                </TimetabledPassingTime>
                <TimetabledPassingTime version="54319" id="VTR:TimetabledPassingTime:54283_1107896_22">
                  <StopPointInJourneyPatternRef ref="VTR:StopPointInJourneyPattern:1107896" version="54319"/>
                  <DepartureTime>16:03:00</DepartureTime>
                  <DepartureDayOffset>0</DepartureDayOffset>
                </TimetabledPassingTime>
                <TimetabledPassingTime version="54319" id="VTR:TimetabledPassingTime:54283_1107897_23">
                  <StopPointInJourneyPatternRef ref="VTR:StopPointInJourneyPattern:1107897" version="54319"/>
                  <DepartureTime>16:05:00</DepartureTime>
                  <DepartureDayOffset>0</DepartureDayOffset>
                </TimetabledPassingTime>
              </passingTimes>
            </ServiceJourney>
          </vehicleJourneys>
        </TimetableFrame>
        <ResourceFrame version="1" id="VTR:ResourceFrame:1385">
          <organisations>
            <Authority version="1" id="VTR:Authority:18">
              <CompanyNumber>56</CompanyNumber>
              <Name>Kretingos r. sav.</Name>
              <LegalName>Kretingos r. sav.</LegalName>
              <ContactDetails>
                <Email>savivaldybe@kretinga.lt</Email>
                <Phone>844553141</Phone>
                <Url>www.kretinga.lt</Url>
              </ContactDetails>
              <OrganisationType>authority</OrganisationType>
            </Authority>
          </organisations>
        </ResourceFrame>
      </frames>
    </CompositeFrame>
  </dataObjects>
</PublicationDelivery>
