<?xml version="1.0" encoding="UTF-8"?><PublicationDelivery xmlns="http://www.netex.org.uk/netex" xmlns:gis="http://www.opengis.net/gml/3.2" xmlns:ns2="http://www.opengis.net/gml/3.2" xmlns:ns3="http://www.siri.org.uk/siri" xmlns:xsi="http://www.w3.org/2001/XMLSchema-instance" version="1" xsi:schemaLocation="">
  <PublicationTimestamp>2022-05-07T03:45:00.262</PublicationTimestamp>
  <ParticipantRef>VTR</ParticipantRef>
  <Description>1</Description>
  <dataObjects>
    <CompositeFrame created="2022-05-07T03:45:00.262" version="1" id="VTR:CompositeFrame:1385">
      <validityConditions>
        <AvailabilityCondition version="1" id="VTR:AvailabilityCondition:1385">
          <FromDate>2015-09-28T14:39:57</FromDate>
          <ToDate>2027-12-30T00:00:00</ToDate>
        </AvailabilityCondition>
      </validityConditions>
      <codespaces>
        <Codespace id="vtr">
          <Xmlns>VTR</Xmlns>
          <XmlnsUrl>http://www.visimarsrutai.lt/</XmlnsUrl>
        </Codespace>
      </codespaces>
      <FrameDefaults>
        <DefaultLocale>
          <TimeZone>Europe/Vilnius</TimeZone>
        </DefaultLocale>
        <DefaultLocationSystem>WGS84</DefaultLocationSystem>
      </FrameDefaults>
      <frames>
        <ServiceCalendarFrame version="1" id="VTR:ServiceCalendarFrame:1385">
          <dayTypes>
            <DayType id="VTR:DayType:2099" version="1">
              <properties>
                <PropertyOfDay>
                  <DaysOfWeek>Friday</DaysOfWeek>
                </PropertyOfDay>
              </properties>
            </DayType>
          </dayTypes>
          <operatingPeriods>
            <OperatingPeriod version="1" id="VTR:OperatingPeriod:2099">
              <FromDate>2015-09-25T00:00:00</FromDate>
              <ToDate>2020-12-31T00:00:00</ToDate>
            </OperatingPeriod>
          </operatingPeriods>
          <dayTypeAssignments>
            <DayTypeAssignment id="VTR:DayTypeAssignment:2099_0" version="1" order="1872">
              <OperatingPeriodRef ref="VTR:OperatingPeriod:2099" version="1"/>
              <DayTypeRef ref="VTR:DayType:2099" version="1"/>
            </DayTypeAssignment>
          </dayTypeAssignments>
        </ServiceCalendarFrame>
        <ServiceFrame id="VTR:ServiceFrame:1385" version="1">
          <Network version="0" id="VTR:Network:18"/>
          <routePoints>
            <RoutePoint version="1" id="VTR:RoutePoint:107046">
              <projections>
                <PointProjection version="1" id="VTR:PointProjection:32275">
                  <ProjectedPointRef ref="VTR:ScheduledStopPoint:107046" version="1"/>
                </PointProjection>
              </projections>
            </RoutePoint>
            <RoutePoint version="1" id="VTR:RoutePoint:107047">
              <projections>
                <PointProjection version="1" id="VTR:PointProjection:32439">
                  <ProjectedPointRef ref="VTR:ScheduledStopPoint:107047" version="1"/>
                </PointProjection>
              </projections>
            </RoutePoint>
            <RoutePoint version="1" id="VTR:RoutePoint:107048">
              <projections>
                <PointProjection version="1" id="VTR:PointProjection:32440">
                  <ProjectedPointRef ref="VTR:ScheduledStopPoint:107048" version="1"/>
                </PointProjection>
              </projections>
            </RoutePoint>
            <RoutePoint version="1" id="VTR:RoutePoint:107049">
              <projections>
                <PointProjection version="1" id="VTR:PointProjection:32441">
                  <ProjectedPointRef ref="VTR:ScheduledStopPoint:107049" version="1"/>
                </PointProjection>
              </projections>
            </RoutePoint>
            <RoutePoint version="1" id="VTR:RoutePoint:107050">
              <projections>
                <PointProjection version="1" id="VTR:PointProjection:32442">
                  <ProjectedPointRef ref="VTR:ScheduledStopPoint:107050" version="1"/>
                </PointProjection>
              </projections>
            </RoutePoint>
            <RoutePoint version="1" id="VTR:RoutePoint:107051">
              <projections>
                <PointProjection version="1" id="VTR:PointProjection:32443">
                  <ProjectedPointRef ref="VTR:ScheduledStopPoint:107051" version="1"/>
                </PointProjection>
              </projections>
            </RoutePoint>
            <RoutePoint version="1" id="VTR:RoutePoint:107052">
              <projections>
                <PointProjection version="1" id="VTR:PointProjection:32444">
                  <ProjectedPointRef ref="VTR:ScheduledStopPoint:107052" version="1"/>
                </PointProjection>
              </projections>
            </RoutePoint>
            <RoutePoint version="1" id="VTR:RoutePoint:107053">
              <projections>
                <PointProjection version="1" id="VTR:PointProjection:32445">
                  <ProjectedPointRef ref="VTR:ScheduledStopPoint:107053" version="1"/>
                </PointProjection>
              </projections>
            </RoutePoint>
            <RoutePoint version="1" id="VTR:RoutePoint:107054">
              <projections>
                <PointProjection version="1" id="VTR:PointProjection:32446">
                  <ProjectedPointRef ref="VTR:ScheduledStopPoint:107054" version="1"/>
                </PointProjection>
              </projections>
            </RoutePoint>
            <RoutePoint version="1" id="VTR:RoutePoint:107055">
              <projections>
                <PointProjection version="1" id="VTR:PointProjection:32447">
                  <ProjectedPointRef ref="VTR:ScheduledStopPoint:107055" version="1"/>
                </PointProjection>
              </projections>
            </RoutePoint>
            <RoutePoint version="1" id="VTR:RoutePoint:107056">
              <projections>
                <PointProjection version="1" id="VTR:PointProjection:32448">
                  <ProjectedPointRef ref="VTR:ScheduledStopPoint:107056" version="1"/>
                </PointProjection>
              </projections>
            </RoutePoint>
            <RoutePoint version="1" id="VTR:RoutePoint:107057">
              <projections>
                <PointProjection version="1" id="VTR:PointProjection:32449">
                  <ProjectedPointRef ref="VTR:ScheduledStopPoint:107057" version="1"/>
                </PointProjection>
              </projections>
            </RoutePoint>
            <RoutePoint version="1" id="VTR:RoutePoint:107058">
              <projections>
                <PointProjection version="1" id="VTR:PointProjection:32450">
                  <ProjectedPointRef ref="VTR:ScheduledStopPoint:107058" version="1"/>
                </PointProjection>
              </projections>
            </RoutePoint>
          </routePoints>
          <routes>
            <Route version="1" id="VTR:Route:6392">
              <Name>Kretinga-Grūšlaukė-Peldžiai</Name>
              <ShortName>Kretinga-Grūšlaukė-Peldžiai</ShortName>
              <LineRef ref="VTR:Line:2515" version="2567"/>
              <DirectionType>outbound</DirectionType>
              <pointsInSequence>
                <PointOnRoute version="1" id="VTR:PointOnRoute:107046" order="1">
                  <RoutePointRef ref="VTR:RoutePoint:107046"/>
                </PointOnRoute>
                <PointOnRoute version="1" id="VTR:PointOnRoute:107047" order="2">
                  <RoutePointRef ref="VTR:RoutePoint:107047"/>
                </PointOnRoute>
                <PointOnRoute version="1" id="VTR:PointOnRoute:107048" order="3">
                  <RoutePointRef ref="VTR:RoutePoint:107048"/>
                </PointOnRoute>
                <PointOnRoute version="1" id="VTR:PointOnRoute:107049" order="4">
                  <RoutePointRef ref="VTR:RoutePoint:107049"/>
                </PointOnRoute>
                <PointOnRoute version="1" id="VTR:PointOnRoute:107050" order="5">
                  <RoutePointRef ref="VTR:RoutePoint:107050"/>
                </PointOnRoute>
                <PointOnRoute version="1" id="VTR:PointOnRoute:107051" order="6">
                  <RoutePointRef ref="VTR:RoutePoint:107051"/>
                </PointOnRoute>
                <PointOnRoute version="1" id="VTR:PointOnRoute:107052" order="7">
                  <RoutePointRef ref="VTR:RoutePoint:107052"/>
                </PointOnRoute>
                <PointOnRoute version="1" id="VTR:PointOnRoute:107053" order="8">
                  <RoutePointRef ref="VTR:RoutePoint:107053"/>
                </PointOnRoute>
                <PointOnRoute version="1" id="VTR:PointOnRoute:107054" order="9">
                  <RoutePointRef ref="VTR:RoutePoint:107054"/>
                </PointOnRoute>
                <PointOnRoute version="1" id="VTR:PointOnRoute:107055" order="10">
                  <RoutePointRef ref="VTR:RoutePoint:107055"/>
                </PointOnRoute>
                <PointOnRoute version="1" id="VTR:PointOnRoute:107056" order="11">
                  <RoutePointRef ref="VTR:RoutePoint:107056"/>
                </PointOnRoute>
                <PointOnRoute version="1" id="VTR:PointOnRoute:107057" order="12">
                  <RoutePointRef ref="VTR:RoutePoint:107057"/>
                </PointOnRoute>
                <PointOnRoute version="1" id="VTR:PointOnRoute:107058" order="13">
                  <RoutePointRef ref="VTR:RoutePoint:107058"/>
                </PointOnRoute>
              </pointsInSequence>
            </Route>
          </routes>
          <lines>
            <Line version="2567" id="VTR:Line:2515">
              <Name>Kretinga-Grūšlaukė-Peldžiai</Name>
              <TransportMode>bus</TransportMode>
              <TransportSubmode>
                <BusSubmode>regionalBus</BusSubmode>
              </TransportSubmode>
              <PublicCode>73</PublicCode>
              <OperatorRef ref="VTR:Operator:18"/>
            </Line>
          </lines>
          <scheduledStopPoints>
            <ScheduledStopPoint version="1" id="VTR:ScheduledStopPoint:107046">
              <Name>Kretingos autobusų stotis</Name>
            </ScheduledStopPoint>
            <ScheduledStopPoint version="1" id="VTR:ScheduledStopPoint:107047">
              <Name>Rotušės a.</Name>
            </ScheduledStopPoint>
            <ScheduledStopPoint version="1" id="VTR:ScheduledStopPoint:107048">
              <Name>Daujoto vid. m-kla</Name>
            </ScheduledStopPoint>
            <ScheduledStopPoint version="1" id="VTR:ScheduledStopPoint:107049">
              <Name>Laidojimo namai ,,Rimtis"</Name>
            </ScheduledStopPoint>
            <ScheduledStopPoint version="1" id="VTR:ScheduledStopPoint:107050">
              <Name>Kurmaičiai</Name>
            </ScheduledStopPoint>
            <ScheduledStopPoint version="1" id="VTR:ScheduledStopPoint:107051">
              <Name>Senkai</Name>
            </ScheduledStopPoint>
            <ScheduledStopPoint version="1" id="VTR:ScheduledStopPoint:107052">
              <Name>Tūbausiai</Name>
            </ScheduledStopPoint>
            <ScheduledStopPoint version="1" id="VTR:ScheduledStopPoint:107053">
              <Name>Daubėnai</Name>
            </ScheduledStopPoint>
            <ScheduledStopPoint version="1" id="VTR:ScheduledStopPoint:107054">
              <Name>Pasertupis</Name>
            </ScheduledStopPoint>
            <ScheduledStopPoint version="1" id="VTR:ScheduledStopPoint:107055">
              <Name>Darbėnai</Name>
            </ScheduledStopPoint>
            <ScheduledStopPoint version="1" id="VTR:ScheduledStopPoint:107056">
              <Name>Grūšlaukė</Name>
            </ScheduledStopPoint>
            <ScheduledStopPoint version="1" id="VTR:ScheduledStopPoint:107057">
              <Name>Mažonai</Name>
            </ScheduledStopPoint>
            <ScheduledStopPoint version="1" id="VTR:ScheduledStopPoint:107058">
              <Name>Peldžiai</Name>
            </ScheduledStopPoint>
          </scheduledStopPoints>
          <serviceLinks>
            <ServiceLink id="VTR:ServiceLink:107049_1_107050_1" version="1">
              <Distance>3</Distance>
              <FromPointRef ref="VTR:ScheduledStopPoint:107049" version="1"/>
              <ToPointRef ref="VTR:ScheduledStopPoint:107050" version="1"/>
            </ServiceLink>
            <ServiceLink id="VTR:ServiceLink:107055_1_107056_1" version="1">
              <Distance>11</Distance>
              <FromPointRef ref="VTR:ScheduledStopPoint:107055" version="1"/>
              <ToPointRef ref="VTR:ScheduledStopPoint:107056" version="1"/>
            </ServiceLink>
            <ServiceLink id="VTR:ServiceLink:107047_1_107048_1" version="1">
              <Distance>0</Distance>
              <FromPointRef ref="VTR:ScheduledStopPoint:107047" version="1"/>
              <ToPointRef ref="VTR:ScheduledStopPoint:107048" version="1"/>
            </ServiceLink>
            <ServiceLink id="VTR:ServiceLink:107046_1_107047_1" version="1">
              <Distance>1</Distance>
              <FromPointRef ref="VTR:ScheduledStopPoint:107046" version="1"/>
              <ToPointRef ref="VTR:ScheduledStopPoint:107047" version="1"/>
            </ServiceLink>
            <ServiceLink id="VTR:ServiceLink:107054_1_107055_1" version="1">
              <Distance>2</Distance>
              <FromPointRef ref="VTR:ScheduledStopPoint:107054" version="1"/>
              <ToPointRef ref="VTR:ScheduledStopPoint:107055" version="1"/>
            </ServiceLink>
            <ServiceLink id="VTR:ServiceLink:107052_1_107053_1" version="1">
              <Distance>2</Distance>
              <FromPointRef ref="VTR:ScheduledStopPoint:107052" version="1"/>
              <ToPointRef ref="VTR:ScheduledStopPoint:107053" version="1"/>
            </ServiceLink>
            <ServiceLink id="VTR:ServiceLink:107056_1_107057_1" version="1">
              <Distance>3</Distance>
              <FromPointRef ref="VTR:ScheduledStopPoint:107056" version="1"/>
              <ToPointRef ref="VTR:ScheduledStopPoint:107057" version="1"/>
            </ServiceLink>
            <ServiceLink id="VTR:ServiceLink:107050_1_107051_1" version="1">
              <Distance>1</Distance>
              <FromPointRef ref="VTR:ScheduledStopPoint:107050" version="1"/>
              <ToPointRef ref="VTR:ScheduledStopPoint:107051" version="1"/>
            </ServiceLink>
            <ServiceLink id="VTR:ServiceLink:107051_1_107052_1" version="1">
              <Distance>1</Distance>
              <FromPointRef ref="VTR:ScheduledStopPoint:107051" version="1"/>
              <ToPointRef ref="VTR:ScheduledStopPoint:107052" version="1"/>
            </ServiceLink>
            <ServiceLink id="VTR:ServiceLink:107053_1_107054_1" version="1">
              <Distance>2</Distance>
              <FromPointRef ref="VTR:ScheduledStopPoint:107053" version="1"/>
              <ToPointRef ref="VTR:ScheduledStopPoint:107054" version="1"/>
            </ServiceLink>
            <ServiceLink id="VTR:ServiceLink:107048_1_107049_1" version="1">
              <Distance>1</Distance>
              <FromPointRef ref="VTR:ScheduledStopPoint:107048" version="1"/>
              <ToPointRef ref="VTR:ScheduledStopPoint:107049" version="1"/>
            </ServiceLink>
            <ServiceLink id="VTR:ServiceLink:107057_1_107058_1" version="1">
              <Distance>1</Distance>
              <FromPointRef ref="VTR:ScheduledStopPoint:107057" version="1"/>
              <ToPointRef ref="VTR:ScheduledStopPoint:107058" version="1"/>
            </ServiceLink>
          </serviceLinks>
          <stopAssignments>
            <PassengerStopAssignment order="639200000" id="VTR:PassengerStopAssignment:107046" version="1">
              <ScheduledStopPointRef ref="VTR:ScheduledStopPoint:107046" version="1"/>
              <QuayRef ref="VTR:Quay:21202"/>
            </PassengerStopAssignment>
            <PassengerStopAssignment order="639200001" id="VTR:PassengerStopAssignment:107047" version="1">
              <ScheduledStopPointRef ref="VTR:ScheduledStopPoint:107047" version="1"/>
              <QuayRef ref="VTR:Quay:21250"/>
            </PassengerStopAssignment>
            <PassengerStopAssignment order="639200002" id="VTR:PassengerStopAssignment:107048" version="1">
              <ScheduledStopPointRef ref="VTR:ScheduledStopPoint:107048" version="1"/>
              <QuayRef ref="VTR:Quay:3596"/>
            </PassengerStopAssignment>
            <PassengerStopAssignment order="639200003" id="VTR:PassengerStopAssignment:107049" version="1">
              <ScheduledStopPointRef ref="VTR:ScheduledStopPoint:107049" version="1"/>
              <QuayRef ref="VTR:Quay:21390"/>
            </PassengerStopAssignment>
            <PassengerStopAssignment order="639200004" id="VTR:PassengerStopAssignment:107050" version="1">
              <ScheduledStopPointRef ref="VTR:ScheduledStopPoint:107050" version="1"/>
              <QuayRef ref="VTR:Quay:9207"/>
            </PassengerStopAssignment>
            <PassengerStopAssignment order="639200005" id="VTR:PassengerStopAssignment:107051" version="1">
              <ScheduledStopPointRef ref="VTR:ScheduledStopPoint:107051" version="1"/>
              <QuayRef ref="VTR:Quay:13937"/>
            </PassengerStopAssignment>
            <PassengerStopAssignment order="639200006" id="VTR:PassengerStopAssignment:107052" version="1">
              <ScheduledStopPointRef ref="VTR:ScheduledStopPoint:107052" version="1"/>
              <QuayRef ref="VTR:Quay:12144"/>
            </PassengerStopAssignment>
            <PassengerStopAssignment order="639200007" id="VTR:PassengerStopAssignment:107053" version="1">
              <ScheduledStopPointRef ref="VTR:ScheduledStopPoint:107053" version="1"/>
              <QuayRef ref="VTR:Quay:16029"/>
            </PassengerStopAssignment>
            <PassengerStopAssignment order="639200008" id="VTR:PassengerStopAssignment:107054" version="1">
              <ScheduledStopPointRef ref="VTR:ScheduledStopPoint:107054" version="1"/>
              <QuayRef ref="VTR:Quay:5253"/>
            </PassengerStopAssignment>
            <PassengerStopAssignment order="639200009" id="VTR:PassengerStopAssignment:107055" version="1">
              <ScheduledStopPointRef ref="VTR:ScheduledStopPoint:107055" version="1"/>
              <QuayRef ref="VTR:Quay:12981"/>
            </PassengerStopAssignment>
            <PassengerStopAssignment order="639200010" id="VTR:PassengerStopAssignment:107056" version="1">
              <ScheduledStopPointRef ref="VTR:ScheduledStopPoint:107056" version="1"/>
              <QuayRef ref="VTR:Quay:4422"/>
            </PassengerStopAssignment>
            <PassengerStopAssignment order="639200011" id="VTR:PassengerStopAssignment:107057" version="1">
              <ScheduledStopPointRef ref="VTR:ScheduledStopPoint:107057" version="1"/>
              <QuayRef ref="VTR:Quay:5466"/>
            </PassengerStopAssignment>
            <PassengerStopAssignment order="639200012" id="VTR:PassengerStopAssignment:107058" version="1">
              <ScheduledStopPointRef ref="VTR:ScheduledStopPoint:107058" version="1"/>
              <QuayRef ref="VTR:Quay:14405"/>
            </PassengerStopAssignment>
          </stopAssignments>
          <journeyPatterns>
            <JourneyPattern id="VTR:JourneyPattern:54141" version="54177">
              <Name>1</Name>
              <RouteRef ref="VTR:Route:6392" version="1"/>
              <pointsInSequence>
                <StopPointInJourneyPattern id="VTR:StopPointInJourneyPattern:1105783" version="54177" order="1">
                  <ScheduledStopPointRef ref="VTR:ScheduledStopPoint:107046"/>
                  <DestinationDisplayRef ref="VTR:DestinationDisplay:1"/>
                </StopPointInJourneyPattern>
                <StopPointInJourneyPattern id="VTR:StopPointInJourneyPattern:1105784" version="54177" order="2">
                  <ScheduledStopPointRef ref="VTR:ScheduledStopPoint:107047"/>
                  <DestinationDisplayRef ref="VTR:DestinationDisplay:1"/>
                </StopPointInJourneyPattern>
                <StopPointInJourneyPattern id="VTR:StopPointInJourneyPattern:1105785" version="54177" order="3">
                  <ScheduledStopPointRef ref="VTR:ScheduledStopPoint:107048"/>
                  <DestinationDisplayRef ref="VTR:DestinationDisplay:1"/>
                </StopPointInJourneyPattern>
                <StopPointInJourneyPattern id="VTR:StopPointInJourneyPattern:1105786" version="54177" order="4">
                  <ScheduledStopPointRef ref="VTR:ScheduledStopPoint:107049"/>
                  <DestinationDisplayRef ref="VTR:DestinationDisplay:1"/>
                </StopPointInJourneyPattern>
                <StopPointInJourneyPattern id="VTR:StopPointInJourneyPattern:1105787" version="54177" order="5">
                  <ScheduledStopPointRef ref="VTR:ScheduledStopPoint:107050"/>
                  <DestinationDisplayRef ref="VTR:DestinationDisplay:1"/>
                </StopPointInJourneyPattern>
                <StopPointInJourneyPattern id="VTR:StopPointInJourneyPattern:1105788" version="54177" order="6">
                  <ScheduledStopPointRef ref="VTR:ScheduledStopPoint:107051"/>
                  <DestinationDisplayRef ref="VTR:DestinationDisplay:1"/>
                </StopPointInJourneyPattern>
                <StopPointInJourneyPattern id="VTR:StopPointInJourneyPattern:1105789" version="54177" order="7">
                  <ScheduledStopPointRef ref="VTR:ScheduledStopPoint:107052"/>
                  <DestinationDisplayRef ref="VTR:DestinationDisplay:1"/>
                </StopPointInJourneyPattern>
                <StopPointInJourneyPattern id="VTR:StopPointInJourneyPattern:1105790" version="54177" order="8">
                  <ScheduledStopPointRef ref="VTR:ScheduledStopPoint:107053"/>
                  <DestinationDisplayRef ref="VTR:DestinationDisplay:1"/>
                </StopPointInJourneyPattern>
                <StopPointInJourneyPattern id="VTR:StopPointInJourneyPattern:1105791" version="54177" order="9">
                  <ScheduledStopPointRef ref="VTR:ScheduledStopPoint:107054"/>
                  <DestinationDisplayRef ref="VTR:DestinationDisplay:1"/>
                </StopPointInJourneyPattern>
                <StopPointInJourneyPattern id="VTR:StopPointInJourneyPattern:1105792" version="54177" order="10">
                  <ScheduledStopPointRef ref="VTR:ScheduledStopPoint:107055"/>
                  <DestinationDisplayRef ref="VTR:DestinationDisplay:1"/>
                </StopPointInJourneyPattern>
                <StopPointInJourneyPattern id="VTR:StopPointInJourneyPattern:1105793" version="54177" order="11">
                  <ScheduledStopPointRef ref="VTR:ScheduledStopPoint:107056"/>
                  <DestinationDisplayRef ref="VTR:DestinationDisplay:1"/>
                </StopPointInJourneyPattern>
                <StopPointInJourneyPattern id="VTR:StopPointInJourneyPattern:1105794" version="54177" order="12">
                  <ScheduledStopPointRef ref="VTR:ScheduledStopPoint:107057"/>
                  <DestinationDisplayRef ref="VTR:DestinationDisplay:1"/>
                </StopPointInJourneyPattern>
                <StopPointInJourneyPattern id="VTR:StopPointInJourneyPattern:1105795" version="54177" order="13">
                  <ScheduledStopPointRef ref="VTR:ScheduledStopPoint:107058"/>
                  <DestinationDisplayRef ref="VTR:DestinationDisplay:1"/>
                </StopPointInJourneyPattern>
              </pointsInSequence>
            </JourneyPattern>
          </journeyPatterns>
        </ServiceFrame>
        <TimetableFrame version="1" id="VTR:TimetableFrame:1385">
          <vehicleJourneys>
            <ServiceJourney version="54177" id="VTR:ServiceJourney:54141">
              <Name>Kretinga-Grūšlaukė-Peldžiai</Name>
              <PrivateCode>1</PrivateCode>
              <dayTypes>
                <DayTypeRef ref="VTR:DayType:2099"/>
              </dayTypes>
              <JourneyPatternRef version="54177" ref="VTR:JourneyPattern:54141"/>
              <OperatorRef ref="VTR:Operator:482"/>
              <LineRef ref="VTR:Line:2515" version="2567"/>
              <passingTimes>
                <TimetabledPassingTime version="54177" id="VTR:TimetabledPassingTime:54141_1105783_1">
                  <StopPointInJourneyPatternRef ref="VTR:StopPointInJourneyPattern:1105783" version="54177"/>
                  <DepartureTime>05:05:00</DepartureTime>
                  <DepartureDayOffset>0</DepartureDayOffset>
                </TimetabledPassingTime>
                <TimetabledPassingTime version="54177" id="VTR:TimetabledPassingTime:54141_1105784_2">
                  <StopPointInJourneyPatternRef ref="VTR:StopPointInJourneyPattern:1105784" version="54177"/>
                  <DepartureTime>05:07:00</DepartureTime>
                  <DepartureDayOffset>0</DepartureDayOffset>
                </TimetabledPassingTime>
                <TimetabledPassingTime version="54177" id="VTR:TimetabledPassingTime:54141_1105785_3">
                  <StopPointInJourneyPatternRef ref="VTR:StopPointInJourneyPattern:1105785" version="54177"/>
                  <DepartureTime>05:08:00</DepartureTime>
                  <DepartureDayOffset>0</DepartureDayOffset>
                </TimetabledPassingTime>
                <TimetabledPassingTime version="54177" id="VTR:TimetabledPassingTime:54141_1105786_4">
                  <StopPointInJourneyPatternRef ref="VTR:StopPointInJourneyPattern:1105786" version="54177"/>
                  <DepartureTime>05:10:00</DepartureTime>
                  <DepartureDayOffset>0</DepartureDayOffset>
                </TimetabledPassingTime>
                <TimetabledPassingTime version="54177" id="VTR:TimetabledPassingTime:54141_1105787_5">
                  <StopPointInJourneyPatternRef ref="VTR:StopPointInJourneyPattern:1105787" version="54177"/>
                  <DepartureTime>05:14:00</DepartureTime>
                  <DepartureDayOffset>0</DepartureDayOffset>
                </TimetabledPassingTime>
                <TimetabledPassingTime version="54177" id="VTR:TimetabledPassingTime:54141_1105788_6">
                  <StopPointInJourneyPatternRef ref="VTR:StopPointInJourneyPattern:1105788" version="54177"/>
                  <DepartureTime>05:17:00</DepartureTime>
                  <DepartureDayOffset>0</DepartureDayOffset>
                </TimetabledPassingTime>
                <TimetabledPassingTime version="54177" id="VTR:TimetabledPassingTime:54141_1105789_7">
                  <StopPointInJourneyPatternRef ref="VTR:StopPointInJourneyPattern:1105789" version="54177"/>
                  <DepartureTime>05:19:00</DepartureTime>
                  <DepartureDayOffset>0</DepartureDayOffset>
                </TimetabledPassingTime>
                <TimetabledPassingTime version="54177" id="VTR:TimetabledPassingTime:54141_1105790_8">
                  <StopPointInJourneyPatternRef ref="VTR:StopPointInJourneyPattern:1105790" version="54177"/>
                  <DepartureTime>05:23:00</DepartureTime>
                  <DepartureDayOffset>0</DepartureDayOffset>
                </TimetabledPassingTime>
                <TimetabledPassingTime version="54177" id="VTR:TimetabledPassingTime:54141_1105791_9">
                  <StopPointInJourneyPatternRef ref="VTR:StopPointInJourneyPattern:1105791" version="54177"/>
                  <DepartureTime>05:27:00</DepartureTime>
                  <DepartureDayOffset>0</DepartureDayOffset>
                </TimetabledPassingTime>
                <TimetabledPassingTime version="54177" id="VTR:TimetabledPassingTime:54141_1105792_10">
                  <StopPointInJourneyPatternRef ref="VTR:StopPointInJourneyPattern:1105792" version="54177"/>
                  <DepartureTime>05:30:00</DepartureTime>
                  <DepartureDayOffset>0</DepartureDayOffset>
                </TimetabledPassingTime>
                <TimetabledPassingTime version="54177" id="VTR:TimetabledPassingTime:54141_1105793_11">
                  <StopPointInJourneyPatternRef ref="VTR:StopPointInJourneyPattern:1105793" version="54177"/>
                  <DepartureTime>05:45:00</DepartureTime>
                  <DepartureDayOffset>0</DepartureDayOffset>
                </TimetabledPassingTime>
                <TimetabledPassingTime version="54177" id="VTR:TimetabledPassingTime:54141_1105794_12">
                  <StopPointInJourneyPatternRef ref="VTR:StopPointInJourneyPattern:1105794" version="54177"/>
                  <DepartureTime>05:53:00</DepartureTime>
                  <DepartureDayOffset>0</DepartureDayOffset>
                </TimetabledPassingTime>
                <TimetabledPassingTime version="54177" id="VTR:TimetabledPassingTime:54141_1105795_13">
                  <StopPointInJourneyPatternRef ref="VTR:StopPointInJourneyPattern:1105795" version="54177"/>
                  <DepartureTime>06:00:00</DepartureTime>
                  <DepartureDayOffset>0</DepartureDayOffset>
                </TimetabledPassingTime>
              </passingTimes>
            </ServiceJourney>
          </vehicleJourneys>
        </TimetableFrame>
        <ResourceFrame version="1" id="VTR:ResourceFrame:1385">
          <organisations>
            <Authority version="1" id="VTR:Authority:18">
              <CompanyNumber>56</CompanyNumber>
              <Name>Kretingos r. sav.</Name>
              <LegalName>Kretingos r. sav.</LegalName>
              <ContactDetails>
                <Email>savivaldybe@kretinga.lt</Email>
                <Phone>844553141</Phone>
                <Url>www.kretinga.lt</Url>
              </ContactDetails>
              <OrganisationType>authority</OrganisationType>
            </Authority>
          </organisations>
        </ResourceFrame>
      </frames>
    </CompositeFrame>
  </dataObjects>
</PublicationDelivery>
