<?xml version="1.0" encoding="UTF-8"?><PublicationDelivery xmlns="http://www.netex.org.uk/netex" xmlns:gis="http://www.opengis.net/gml/3.2" xmlns:ns2="http://www.opengis.net/gml/3.2" xmlns:ns3="http://www.siri.org.uk/siri" xmlns:xsi="http://www.w3.org/2001/XMLSchema-instance" version="1" xsi:schemaLocation="">
  <PublicationTimestamp>2022-05-07T03:45:00.262</PublicationTimestamp>
  <ParticipantRef>VTR</ParticipantRef>
  <Description>1</Description>
  <dataObjects>
    <CompositeFrame created="2022-05-07T03:45:00.262" version="1" id="VTR:CompositeFrame:1385">
      <validityConditions>
        <AvailabilityCondition version="1" id="VTR:AvailabilityCondition:1385">
          <FromDate>2015-08-05T10:54:46</FromDate>
          <ToDate>2027-12-30T00:00:00</ToDate>
        </AvailabilityCondition>
      </validityConditions>
      <codespaces>
        <Codespace id="vtr">
          <Xmlns>VTR</Xmlns>
          <XmlnsUrl>http://www.visimarsrutai.lt/</XmlnsUrl>
        </Codespace>
      </codespaces>
      <FrameDefaults>
        <DefaultLocale>
          <TimeZone>Europe/Vilnius</TimeZone>
        </DefaultLocale>
        <DefaultLocationSystem>WGS84</DefaultLocationSystem>
      </FrameDefaults>
      <frames>
        <ServiceCalendarFrame version="1" id="VTR:ServiceCalendarFrame:1385">
          <dayTypes>
            <DayType id="VTR:DayType:1449" version="1">
              <properties>
                <PropertyOfDay>
                  <DaysOfWeek>Monday Tuesday Wednesday Thursday Friday</DaysOfWeek>
                </PropertyOfDay>
              </properties>
            </DayType>
          </dayTypes>
          <operatingPeriods>
            <OperatingPeriod version="1" id="VTR:OperatingPeriod:1449">
              <FromDate>2015-08-21T00:00:00</FromDate>
              <ToDate>2020-12-31T00:00:00</ToDate>
            </OperatingPeriod>
          </operatingPeriods>
          <dayTypeAssignments>
            <DayTypeAssignment id="VTR:DayTypeAssignment:1449_0" version="1" order="1431">
              <OperatingPeriodRef ref="VTR:OperatingPeriod:1449" version="1"/>
              <DayTypeRef ref="VTR:DayType:1449" version="1"/>
            </DayTypeAssignment>
          </dayTypeAssignments>
        </ServiceCalendarFrame>
        <ServiceFrame id="VTR:ServiceFrame:1385" version="1">
          <Network version="0" id="VTR:Network:18"/>
          <routePoints>
            <RoutePoint version="1" id="VTR:RoutePoint:70548">
              <projections>
                <PointProjection version="1" id="VTR:PointProjection:24061">
                  <ProjectedPointRef ref="VTR:ScheduledStopPoint:70548" version="1"/>
                </PointProjection>
              </projections>
            </RoutePoint>
            <RoutePoint version="1" id="VTR:RoutePoint:70549">
              <projections>
                <PointProjection version="1" id="VTR:PointProjection:24062">
                  <ProjectedPointRef ref="VTR:ScheduledStopPoint:70549" version="1"/>
                </PointProjection>
              </projections>
            </RoutePoint>
            <RoutePoint version="1" id="VTR:RoutePoint:70550">
              <projections>
                <PointProjection version="1" id="VTR:PointProjection:24063">
                  <ProjectedPointRef ref="VTR:ScheduledStopPoint:70550" version="1"/>
                </PointProjection>
              </projections>
            </RoutePoint>
            <RoutePoint version="1" id="VTR:RoutePoint:70551">
              <projections>
                <PointProjection version="1" id="VTR:PointProjection:24064">
                  <ProjectedPointRef ref="VTR:ScheduledStopPoint:70551" version="1"/>
                </PointProjection>
              </projections>
            </RoutePoint>
            <RoutePoint version="1" id="VTR:RoutePoint:70552">
              <projections>
                <PointProjection version="1" id="VTR:PointProjection:24065">
                  <ProjectedPointRef ref="VTR:ScheduledStopPoint:70552" version="1"/>
                </PointProjection>
              </projections>
            </RoutePoint>
            <RoutePoint version="1" id="VTR:RoutePoint:70553">
              <projections>
                <PointProjection version="1" id="VTR:PointProjection:24066">
                  <ProjectedPointRef ref="VTR:ScheduledStopPoint:70553" version="1"/>
                </PointProjection>
              </projections>
            </RoutePoint>
            <RoutePoint version="1" id="VTR:RoutePoint:70554">
              <projections>
                <PointProjection version="1" id="VTR:PointProjection:24067">
                  <ProjectedPointRef ref="VTR:ScheduledStopPoint:70554" version="1"/>
                </PointProjection>
              </projections>
            </RoutePoint>
            <RoutePoint version="1" id="VTR:RoutePoint:70555">
              <projections>
                <PointProjection version="1" id="VTR:PointProjection:24068">
                  <ProjectedPointRef ref="VTR:ScheduledStopPoint:70555" version="1"/>
                </PointProjection>
              </projections>
            </RoutePoint>
            <RoutePoint version="1" id="VTR:RoutePoint:70556">
              <projections>
                <PointProjection version="1" id="VTR:PointProjection:24110">
                  <ProjectedPointRef ref="VTR:ScheduledStopPoint:70556" version="1"/>
                </PointProjection>
              </projections>
            </RoutePoint>
            <RoutePoint version="1" id="VTR:RoutePoint:70557">
              <projections>
                <PointProjection version="1" id="VTR:PointProjection:24111">
                  <ProjectedPointRef ref="VTR:ScheduledStopPoint:70557" version="1"/>
                </PointProjection>
              </projections>
            </RoutePoint>
            <RoutePoint version="1" id="VTR:RoutePoint:70558">
              <projections>
                <PointProjection version="1" id="VTR:PointProjection:24112">
                  <ProjectedPointRef ref="VTR:ScheduledStopPoint:70558" version="1"/>
                </PointProjection>
              </projections>
            </RoutePoint>
          </routePoints>
          <routes>
            <Route version="1" id="VTR:Route:4247">
              <Name>Genčai-Kretinga</Name>
              <ShortName>Genčai-Kretinga</ShortName>
              <LineRef ref="VTR:Line:1759" version="1739"/>
              <DirectionType>inbound</DirectionType>
              <pointsInSequence>
                <PointOnRoute version="1" id="VTR:PointOnRoute:70548" order="1">
                  <RoutePointRef ref="VTR:RoutePoint:70548"/>
                </PointOnRoute>
                <PointOnRoute version="1" id="VTR:PointOnRoute:70549" order="2">
                  <RoutePointRef ref="VTR:RoutePoint:70549"/>
                </PointOnRoute>
                <PointOnRoute version="1" id="VTR:PointOnRoute:70550" order="3">
                  <RoutePointRef ref="VTR:RoutePoint:70550"/>
                </PointOnRoute>
                <PointOnRoute version="1" id="VTR:PointOnRoute:70551" order="4">
                  <RoutePointRef ref="VTR:RoutePoint:70551"/>
                </PointOnRoute>
                <PointOnRoute version="1" id="VTR:PointOnRoute:70552" order="5">
                  <RoutePointRef ref="VTR:RoutePoint:70552"/>
                </PointOnRoute>
                <PointOnRoute version="1" id="VTR:PointOnRoute:70553" order="6">
                  <RoutePointRef ref="VTR:RoutePoint:70553"/>
                </PointOnRoute>
                <PointOnRoute version="1" id="VTR:PointOnRoute:70554" order="7">
                  <RoutePointRef ref="VTR:RoutePoint:70554"/>
                </PointOnRoute>
                <PointOnRoute version="1" id="VTR:PointOnRoute:70555" order="8">
                  <RoutePointRef ref="VTR:RoutePoint:70555"/>
                </PointOnRoute>
                <PointOnRoute version="1" id="VTR:PointOnRoute:70556" order="9">
                  <RoutePointRef ref="VTR:RoutePoint:70556"/>
                </PointOnRoute>
                <PointOnRoute version="1" id="VTR:PointOnRoute:70557" order="10">
                  <RoutePointRef ref="VTR:RoutePoint:70557"/>
                </PointOnRoute>
                <PointOnRoute version="1" id="VTR:PointOnRoute:70558" order="11">
                  <RoutePointRef ref="VTR:RoutePoint:70558"/>
                </PointOnRoute>
              </pointsInSequence>
            </Route>
          </routes>
          <lines>
            <Line version="1739" id="VTR:Line:1759">
              <Name>Genčai-Kretinga</Name>
              <TransportMode>bus</TransportMode>
              <TransportSubmode>
                <BusSubmode>regionalBus</BusSubmode>
              </TransportSubmode>
              <PublicCode>94A</PublicCode>
              <OperatorRef ref="VTR:Operator:18"/>
            </Line>
          </lines>
          <scheduledStopPoints>
            <ScheduledStopPoint version="1" id="VTR:ScheduledStopPoint:70548">
              <Name>Genčai</Name>
            </ScheduledStopPoint>
            <ScheduledStopPoint version="1" id="VTR:ScheduledStopPoint:70549">
              <Name>Tūbausiai II</Name>
            </ScheduledStopPoint>
            <ScheduledStopPoint version="1" id="VTR:ScheduledStopPoint:70550">
              <Name>Tūbausiai</Name>
            </ScheduledStopPoint>
            <ScheduledStopPoint version="1" id="VTR:ScheduledStopPoint:70551">
              <Name>Mokykla</Name>
            </ScheduledStopPoint>
            <ScheduledStopPoint version="1" id="VTR:ScheduledStopPoint:70552">
              <Name>Kurmaičiai</Name>
            </ScheduledStopPoint>
            <ScheduledStopPoint version="1" id="VTR:ScheduledStopPoint:70553">
              <Name>Kurmaičiai</Name>
            </ScheduledStopPoint>
            <ScheduledStopPoint version="1" id="VTR:ScheduledStopPoint:70554">
              <Name>Kurmaičiai</Name>
            </ScheduledStopPoint>
            <ScheduledStopPoint version="1" id="VTR:ScheduledStopPoint:70555">
              <Name>Laidojimo namai ,,Rimtis"</Name>
            </ScheduledStopPoint>
            <ScheduledStopPoint version="1" id="VTR:ScheduledStopPoint:70556">
              <Name>Daujoto vid. m-kla</Name>
            </ScheduledStopPoint>
            <ScheduledStopPoint version="1" id="VTR:ScheduledStopPoint:70557">
              <Name>Rotušės aikštė</Name>
            </ScheduledStopPoint>
            <ScheduledStopPoint version="1" id="VTR:ScheduledStopPoint:70558">
              <Name>Kretingos autobusų stotis</Name>
            </ScheduledStopPoint>
          </scheduledStopPoints>
          <serviceLinks>
            <ServiceLink id="VTR:ServiceLink:70557_1_70558_1" version="1">
              <Distance>1</Distance>
              <FromPointRef ref="VTR:ScheduledStopPoint:70557" version="1"/>
              <ToPointRef ref="VTR:ScheduledStopPoint:70558" version="1"/>
            </ServiceLink>
            <ServiceLink id="VTR:ServiceLink:70550_1_70551_1" version="1">
              <Distance>0</Distance>
              <FromPointRef ref="VTR:ScheduledStopPoint:70550" version="1"/>
              <ToPointRef ref="VTR:ScheduledStopPoint:70551" version="1"/>
            </ServiceLink>
            <ServiceLink id="VTR:ServiceLink:70554_1_70555_1" version="1">
              <Distance>3</Distance>
              <FromPointRef ref="VTR:ScheduledStopPoint:70554" version="1"/>
              <ToPointRef ref="VTR:ScheduledStopPoint:70555" version="1"/>
            </ServiceLink>
            <ServiceLink id="VTR:ServiceLink:70555_1_70556_1" version="1">
              <Distance>1</Distance>
              <FromPointRef ref="VTR:ScheduledStopPoint:70555" version="1"/>
              <ToPointRef ref="VTR:ScheduledStopPoint:70556" version="1"/>
            </ServiceLink>
            <ServiceLink id="VTR:ServiceLink:70551_1_70552_1" version="1">
              <Distance>1</Distance>
              <FromPointRef ref="VTR:ScheduledStopPoint:70551" version="1"/>
              <ToPointRef ref="VTR:ScheduledStopPoint:70552" version="1"/>
            </ServiceLink>
            <ServiceLink id="VTR:ServiceLink:70549_1_70550_1" version="1">
              <Distance>0</Distance>
              <FromPointRef ref="VTR:ScheduledStopPoint:70549" version="1"/>
              <ToPointRef ref="VTR:ScheduledStopPoint:70550" version="1"/>
            </ServiceLink>
            <ServiceLink id="VTR:ServiceLink:70553_1_70554_1" version="1">
              <Distance>1</Distance>
              <FromPointRef ref="VTR:ScheduledStopPoint:70553" version="1"/>
              <ToPointRef ref="VTR:ScheduledStopPoint:70554" version="1"/>
            </ServiceLink>
            <ServiceLink id="VTR:ServiceLink:70548_1_70549_1" version="1">
              <Distance>1</Distance>
              <FromPointRef ref="VTR:ScheduledStopPoint:70548" version="1"/>
              <ToPointRef ref="VTR:ScheduledStopPoint:70549" version="1"/>
            </ServiceLink>
            <ServiceLink id="VTR:ServiceLink:70552_1_70553_1" version="1">
              <Distance>0</Distance>
              <FromPointRef ref="VTR:ScheduledStopPoint:70552" version="1"/>
              <ToPointRef ref="VTR:ScheduledStopPoint:70553" version="1"/>
            </ServiceLink>
            <ServiceLink id="VTR:ServiceLink:70556_1_70557_1" version="1">
              <Distance>0</Distance>
              <FromPointRef ref="VTR:ScheduledStopPoint:70556" version="1"/>
              <ToPointRef ref="VTR:ScheduledStopPoint:70557" version="1"/>
            </ServiceLink>
          </serviceLinks>
          <stopAssignments>
            <PassengerStopAssignment order="424700000" id="VTR:PassengerStopAssignment:70548" version="1">
              <ScheduledStopPointRef ref="VTR:ScheduledStopPoint:70548" version="1"/>
              <QuayRef ref="VTR:Quay:21567"/>
            </PassengerStopAssignment>
            <PassengerStopAssignment order="424700001" id="VTR:PassengerStopAssignment:70549" version="1">
              <ScheduledStopPointRef ref="VTR:ScheduledStopPoint:70549" version="1"/>
              <QuayRef ref="VTR:Quay:21566"/>
            </PassengerStopAssignment>
            <PassengerStopAssignment order="424700002" id="VTR:PassengerStopAssignment:70550" version="1">
              <ScheduledStopPointRef ref="VTR:ScheduledStopPoint:70550" version="1"/>
              <QuayRef ref="VTR:Quay:21564"/>
            </PassengerStopAssignment>
            <PassengerStopAssignment order="424700003" id="VTR:PassengerStopAssignment:70551" version="1">
              <ScheduledStopPointRef ref="VTR:ScheduledStopPoint:70551" version="1"/>
              <QuayRef ref="VTR:Quay:21563"/>
            </PassengerStopAssignment>
            <PassengerStopAssignment order="424700004" id="VTR:PassengerStopAssignment:70552" version="1">
              <ScheduledStopPointRef ref="VTR:ScheduledStopPoint:70552" version="1"/>
              <QuayRef ref="VTR:Quay:7793"/>
            </PassengerStopAssignment>
            <PassengerStopAssignment order="424700005" id="VTR:PassengerStopAssignment:70553" version="1">
              <ScheduledStopPointRef ref="VTR:ScheduledStopPoint:70553" version="1"/>
              <QuayRef ref="VTR:Quay:12820"/>
            </PassengerStopAssignment>
            <PassengerStopAssignment order="424700006" id="VTR:PassengerStopAssignment:70554" version="1">
              <ScheduledStopPointRef ref="VTR:ScheduledStopPoint:70554" version="1"/>
              <QuayRef ref="VTR:Quay:7128"/>
            </PassengerStopAssignment>
            <PassengerStopAssignment order="424700007" id="VTR:PassengerStopAssignment:70555" version="1">
              <ScheduledStopPointRef ref="VTR:ScheduledStopPoint:70555" version="1"/>
              <QuayRef ref="VTR:Quay:21390"/>
            </PassengerStopAssignment>
            <PassengerStopAssignment order="424700008" id="VTR:PassengerStopAssignment:70556" version="1">
              <ScheduledStopPointRef ref="VTR:ScheduledStopPoint:70556" version="1"/>
              <QuayRef ref="VTR:Quay:3596"/>
            </PassengerStopAssignment>
            <PassengerStopAssignment order="424700009" id="VTR:PassengerStopAssignment:70557" version="1">
              <ScheduledStopPointRef ref="VTR:ScheduledStopPoint:70557" version="1"/>
              <QuayRef ref="VTR:Quay:21210"/>
            </PassengerStopAssignment>
            <PassengerStopAssignment order="424700010" id="VTR:PassengerStopAssignment:70558" version="1">
              <ScheduledStopPointRef ref="VTR:ScheduledStopPoint:70558" version="1"/>
              <QuayRef ref="VTR:Quay:19494"/>
            </PassengerStopAssignment>
          </stopAssignments>
          <journeyPatterns>
            <JourneyPattern id="VTR:JourneyPattern:53491" version="53525">
              <Name>3</Name>
              <RouteRef ref="VTR:Route:4247" version="1"/>
              <pointsInSequence>
                <StopPointInJourneyPattern id="VTR:StopPointInJourneyPattern:1095172" version="53525" order="1">
                  <ScheduledStopPointRef ref="VTR:ScheduledStopPoint:70548"/>
                  <DestinationDisplayRef ref="VTR:DestinationDisplay:1"/>
                </StopPointInJourneyPattern>
                <StopPointInJourneyPattern id="VTR:StopPointInJourneyPattern:1095173" version="53525" order="2">
                  <ScheduledStopPointRef ref="VTR:ScheduledStopPoint:70549"/>
                  <DestinationDisplayRef ref="VTR:DestinationDisplay:1"/>
                </StopPointInJourneyPattern>
                <StopPointInJourneyPattern id="VTR:StopPointInJourneyPattern:1095174" version="53525" order="3">
                  <ScheduledStopPointRef ref="VTR:ScheduledStopPoint:70550"/>
                  <DestinationDisplayRef ref="VTR:DestinationDisplay:1"/>
                </StopPointInJourneyPattern>
                <StopPointInJourneyPattern id="VTR:StopPointInJourneyPattern:1095175" version="53525" order="4">
                  <ScheduledStopPointRef ref="VTR:ScheduledStopPoint:70551"/>
                  <DestinationDisplayRef ref="VTR:DestinationDisplay:1"/>
                </StopPointInJourneyPattern>
                <StopPointInJourneyPattern id="VTR:StopPointInJourneyPattern:1095176" version="53525" order="5">
                  <ScheduledStopPointRef ref="VTR:ScheduledStopPoint:70552"/>
                  <DestinationDisplayRef ref="VTR:DestinationDisplay:1"/>
                </StopPointInJourneyPattern>
                <StopPointInJourneyPattern id="VTR:StopPointInJourneyPattern:1095177" version="53525" order="6">
                  <ScheduledStopPointRef ref="VTR:ScheduledStopPoint:70553"/>
                  <DestinationDisplayRef ref="VTR:DestinationDisplay:1"/>
                </StopPointInJourneyPattern>
                <StopPointInJourneyPattern id="VTR:StopPointInJourneyPattern:1095178" version="53525" order="7">
                  <ScheduledStopPointRef ref="VTR:ScheduledStopPoint:70554"/>
                  <DestinationDisplayRef ref="VTR:DestinationDisplay:1"/>
                </StopPointInJourneyPattern>
                <StopPointInJourneyPattern id="VTR:StopPointInJourneyPattern:1095179" version="53525" order="8">
                  <ScheduledStopPointRef ref="VTR:ScheduledStopPoint:70555"/>
                  <DestinationDisplayRef ref="VTR:DestinationDisplay:1"/>
                </StopPointInJourneyPattern>
                <StopPointInJourneyPattern id="VTR:StopPointInJourneyPattern:1095180" version="53525" order="9">
                  <ScheduledStopPointRef ref="VTR:ScheduledStopPoint:70556"/>
                  <DestinationDisplayRef ref="VTR:DestinationDisplay:1"/>
                </StopPointInJourneyPattern>
                <StopPointInJourneyPattern id="VTR:StopPointInJourneyPattern:1095181" version="53525" order="10">
                  <ScheduledStopPointRef ref="VTR:ScheduledStopPoint:70557"/>
                  <DestinationDisplayRef ref="VTR:DestinationDisplay:1"/>
                </StopPointInJourneyPattern>
                <StopPointInJourneyPattern id="VTR:StopPointInJourneyPattern:1095182" version="53525" order="11">
                  <ScheduledStopPointRef ref="VTR:ScheduledStopPoint:70558"/>
                  <DestinationDisplayRef ref="VTR:DestinationDisplay:1"/>
                </StopPointInJourneyPattern>
              </pointsInSequence>
            </JourneyPattern>
            <JourneyPattern id="VTR:JourneyPattern:53494" version="53528">
              <Name>4</Name>
              <RouteRef ref="VTR:Route:4247" version="1"/>
              <pointsInSequence>
                <StopPointInJourneyPattern id="VTR:StopPointInJourneyPattern:1095223" version="53528" order="1">
                  <ScheduledStopPointRef ref="VTR:ScheduledStopPoint:70548"/>
                  <DestinationDisplayRef ref="VTR:DestinationDisplay:1"/>
                </StopPointInJourneyPattern>
                <StopPointInJourneyPattern id="VTR:StopPointInJourneyPattern:1095224" version="53528" order="2">
                  <ScheduledStopPointRef ref="VTR:ScheduledStopPoint:70549"/>
                  <DestinationDisplayRef ref="VTR:DestinationDisplay:1"/>
                </StopPointInJourneyPattern>
                <StopPointInJourneyPattern id="VTR:StopPointInJourneyPattern:1095225" version="53528" order="3">
                  <ScheduledStopPointRef ref="VTR:ScheduledStopPoint:70550"/>
                  <DestinationDisplayRef ref="VTR:DestinationDisplay:1"/>
                </StopPointInJourneyPattern>
                <StopPointInJourneyPattern id="VTR:StopPointInJourneyPattern:1095226" version="53528" order="4">
                  <ScheduledStopPointRef ref="VTR:ScheduledStopPoint:70551"/>
                  <DestinationDisplayRef ref="VTR:DestinationDisplay:1"/>
                </StopPointInJourneyPattern>
                <StopPointInJourneyPattern id="VTR:StopPointInJourneyPattern:1095227" version="53528" order="5">
                  <ScheduledStopPointRef ref="VTR:ScheduledStopPoint:70552"/>
                  <DestinationDisplayRef ref="VTR:DestinationDisplay:1"/>
                </StopPointInJourneyPattern>
                <StopPointInJourneyPattern id="VTR:StopPointInJourneyPattern:1095228" version="53528" order="6">
                  <ScheduledStopPointRef ref="VTR:ScheduledStopPoint:70553"/>
                  <DestinationDisplayRef ref="VTR:DestinationDisplay:1"/>
                </StopPointInJourneyPattern>
                <StopPointInJourneyPattern id="VTR:StopPointInJourneyPattern:1095229" version="53528" order="7">
                  <ScheduledStopPointRef ref="VTR:ScheduledStopPoint:70554"/>
                  <DestinationDisplayRef ref="VTR:DestinationDisplay:1"/>
                </StopPointInJourneyPattern>
                <StopPointInJourneyPattern id="VTR:StopPointInJourneyPattern:1095230" version="53528" order="8">
                  <ScheduledStopPointRef ref="VTR:ScheduledStopPoint:70555"/>
                  <DestinationDisplayRef ref="VTR:DestinationDisplay:1"/>
                </StopPointInJourneyPattern>
                <StopPointInJourneyPattern id="VTR:StopPointInJourneyPattern:1095231" version="53528" order="9">
                  <ScheduledStopPointRef ref="VTR:ScheduledStopPoint:70556"/>
                  <DestinationDisplayRef ref="VTR:DestinationDisplay:1"/>
                </StopPointInJourneyPattern>
                <StopPointInJourneyPattern id="VTR:StopPointInJourneyPattern:1095232" version="53528" order="10">
                  <ScheduledStopPointRef ref="VTR:ScheduledStopPoint:70557"/>
                  <DestinationDisplayRef ref="VTR:DestinationDisplay:1"/>
                </StopPointInJourneyPattern>
                <StopPointInJourneyPattern id="VTR:StopPointInJourneyPattern:1095233" version="53528" order="11">
                  <ScheduledStopPointRef ref="VTR:ScheduledStopPoint:70558"/>
                  <DestinationDisplayRef ref="VTR:DestinationDisplay:1"/>
                </StopPointInJourneyPattern>
              </pointsInSequence>
            </JourneyPattern>
          </journeyPatterns>
        </ServiceFrame>
        <TimetableFrame version="1" id="VTR:TimetableFrame:1385">
          <vehicleJourneys>
            <ServiceJourney version="53525" id="VTR:ServiceJourney:53491">
              <Name>Genčai-Kretinga</Name>
              <PrivateCode>3</PrivateCode>
              <dayTypes>
                <DayTypeRef ref="VTR:DayType:1449"/>
              </dayTypes>
              <JourneyPatternRef version="53525" ref="VTR:JourneyPattern:53491"/>
              <OperatorRef ref="VTR:Operator:"/>
              <LineRef ref="VTR:Line:1759" version="1739"/>
              <passingTimes>
                <TimetabledPassingTime version="53525" id="VTR:TimetabledPassingTime:53491_1095172_1">
                  <StopPointInJourneyPatternRef ref="VTR:StopPointInJourneyPattern:1095172" version="53525"/>
                  <DepartureTime>07:15:00</DepartureTime>
                  <DepartureDayOffset>0</DepartureDayOffset>
                </TimetabledPassingTime>
                <TimetabledPassingTime version="53525" id="VTR:TimetabledPassingTime:53491_1095173_2">
                  <StopPointInJourneyPatternRef ref="VTR:StopPointInJourneyPattern:1095173" version="53525"/>
                  <DepartureTime>07:19:00</DepartureTime>
                  <DepartureDayOffset>0</DepartureDayOffset>
                </TimetabledPassingTime>
                <TimetabledPassingTime version="53525" id="VTR:TimetabledPassingTime:53491_1095174_3">
                  <StopPointInJourneyPatternRef ref="VTR:StopPointInJourneyPattern:1095174" version="53525"/>
                  <DepartureTime>07:21:00</DepartureTime>
                  <DepartureDayOffset>0</DepartureDayOffset>
                </TimetabledPassingTime>
                <TimetabledPassingTime version="53525" id="VTR:TimetabledPassingTime:53491_1095175_4">
                  <StopPointInJourneyPatternRef ref="VTR:StopPointInJourneyPattern:1095175" version="53525"/>
                  <DepartureTime>07:25:00</DepartureTime>
                  <DepartureDayOffset>0</DepartureDayOffset>
                </TimetabledPassingTime>
                <TimetabledPassingTime version="53525" id="VTR:TimetabledPassingTime:53491_1095176_5">
                  <StopPointInJourneyPatternRef ref="VTR:StopPointInJourneyPattern:1095176" version="53525"/>
                  <DepartureTime>07:28:00</DepartureTime>
                  <DepartureDayOffset>0</DepartureDayOffset>
                </TimetabledPassingTime>
                <TimetabledPassingTime version="53525" id="VTR:TimetabledPassingTime:53491_1095177_6">
                  <StopPointInJourneyPatternRef ref="VTR:StopPointInJourneyPattern:1095177" version="53525"/>
                  <DepartureTime>07:31:00</DepartureTime>
                  <DepartureDayOffset>0</DepartureDayOffset>
                </TimetabledPassingTime>
                <TimetabledPassingTime version="53525" id="VTR:TimetabledPassingTime:53491_1095178_7">
                  <StopPointInJourneyPatternRef ref="VTR:StopPointInJourneyPattern:1095178" version="53525"/>
                  <DepartureTime>07:35:00</DepartureTime>
                  <DepartureDayOffset>0</DepartureDayOffset>
                </TimetabledPassingTime>
                <TimetabledPassingTime version="53525" id="VTR:TimetabledPassingTime:53491_1095179_8">
                  <StopPointInJourneyPatternRef ref="VTR:StopPointInJourneyPattern:1095179" version="53525"/>
                  <DepartureTime>07:37:00</DepartureTime>
                  <DepartureDayOffset>0</DepartureDayOffset>
                </TimetabledPassingTime>
                <TimetabledPassingTime version="53525" id="VTR:TimetabledPassingTime:53491_1095180_9">
                  <StopPointInJourneyPatternRef ref="VTR:StopPointInJourneyPattern:1095180" version="53525"/>
                  <DepartureTime>07:40:00</DepartureTime>
                  <DepartureDayOffset>0</DepartureDayOffset>
                </TimetabledPassingTime>
                <TimetabledPassingTime version="53525" id="VTR:TimetabledPassingTime:53491_1095181_10">
                  <StopPointInJourneyPatternRef ref="VTR:StopPointInJourneyPattern:1095181" version="53525"/>
                  <DepartureTime>07:42:00</DepartureTime>
                  <DepartureDayOffset>0</DepartureDayOffset>
                </TimetabledPassingTime>
                <TimetabledPassingTime version="53525" id="VTR:TimetabledPassingTime:53491_1095182_11">
                  <StopPointInJourneyPatternRef ref="VTR:StopPointInJourneyPattern:1095182" version="53525"/>
                  <DepartureTime>07:55:00</DepartureTime>
                  <DepartureDayOffset>0</DepartureDayOffset>
                </TimetabledPassingTime>
              </passingTimes>
            </ServiceJourney>
            <ServiceJourney version="53528" id="VTR:ServiceJourney:53494">
              <Name>Genčai-Kretinga</Name>
              <PrivateCode>4</PrivateCode>
              <dayTypes>
                <DayTypeRef ref="VTR:DayType:1449"/>
              </dayTypes>
              <JourneyPatternRef version="53528" ref="VTR:JourneyPattern:53494"/>
              <OperatorRef ref="VTR:Operator:"/>
              <LineRef ref="VTR:Line:1759" version="1739"/>
              <passingTimes>
                <TimetabledPassingTime version="53528" id="VTR:TimetabledPassingTime:53494_1095223_1">
                  <StopPointInJourneyPatternRef ref="VTR:StopPointInJourneyPattern:1095223" version="53528"/>
                  <DepartureTime>14:40:00</DepartureTime>
                  <DepartureDayOffset>0</DepartureDayOffset>
                </TimetabledPassingTime>
                <TimetabledPassingTime version="53528" id="VTR:TimetabledPassingTime:53494_1095224_2">
                  <StopPointInJourneyPatternRef ref="VTR:StopPointInJourneyPattern:1095224" version="53528"/>
                  <DepartureTime>14:42:00</DepartureTime>
                  <DepartureDayOffset>0</DepartureDayOffset>
                </TimetabledPassingTime>
                <TimetabledPassingTime version="53528" id="VTR:TimetabledPassingTime:53494_1095225_3">
                  <StopPointInJourneyPatternRef ref="VTR:StopPointInJourneyPattern:1095225" version="53528"/>
                  <DepartureTime>14:44:00</DepartureTime>
                  <DepartureDayOffset>0</DepartureDayOffset>
                </TimetabledPassingTime>
                <TimetabledPassingTime version="53528" id="VTR:TimetabledPassingTime:53494_1095226_4">
                  <StopPointInJourneyPatternRef ref="VTR:StopPointInJourneyPattern:1095226" version="53528"/>
                  <DepartureTime>14:46:00</DepartureTime>
                  <DepartureDayOffset>0</DepartureDayOffset>
                </TimetabledPassingTime>
                <TimetabledPassingTime version="53528" id="VTR:TimetabledPassingTime:53494_1095227_5">
                  <StopPointInJourneyPatternRef ref="VTR:StopPointInJourneyPattern:1095227" version="53528"/>
                  <DepartureTime>14:48:00</DepartureTime>
                  <DepartureDayOffset>0</DepartureDayOffset>
                </TimetabledPassingTime>
                <TimetabledPassingTime version="53528" id="VTR:TimetabledPassingTime:53494_1095228_6">
                  <StopPointInJourneyPatternRef ref="VTR:StopPointInJourneyPattern:1095228" version="53528"/>
                  <DepartureTime>14:50:00</DepartureTime>
                  <DepartureDayOffset>0</DepartureDayOffset>
                </TimetabledPassingTime>
                <TimetabledPassingTime version="53528" id="VTR:TimetabledPassingTime:53494_1095229_7">
                  <StopPointInJourneyPatternRef ref="VTR:StopPointInJourneyPattern:1095229" version="53528"/>
                  <DepartureTime>14:53:00</DepartureTime>
                  <DepartureDayOffset>0</DepartureDayOffset>
                </TimetabledPassingTime>
                <TimetabledPassingTime version="53528" id="VTR:TimetabledPassingTime:53494_1095230_8">
                  <StopPointInJourneyPatternRef ref="VTR:StopPointInJourneyPattern:1095230" version="53528"/>
                  <DepartureTime>14:57:00</DepartureTime>
                  <DepartureDayOffset>0</DepartureDayOffset>
                </TimetabledPassingTime>
                <TimetabledPassingTime version="53528" id="VTR:TimetabledPassingTime:53494_1095231_9">
                  <StopPointInJourneyPatternRef ref="VTR:StopPointInJourneyPattern:1095231" version="53528"/>
                  <DepartureTime>15:00:00</DepartureTime>
                  <DepartureDayOffset>0</DepartureDayOffset>
                </TimetabledPassingTime>
                <TimetabledPassingTime version="53528" id="VTR:TimetabledPassingTime:53494_1095232_10">
                  <StopPointInJourneyPatternRef ref="VTR:StopPointInJourneyPattern:1095232" version="53528"/>
                  <DepartureTime>15:02:00</DepartureTime>
                  <DepartureDayOffset>0</DepartureDayOffset>
                </TimetabledPassingTime>
                <TimetabledPassingTime version="53528" id="VTR:TimetabledPassingTime:53494_1095233_11">
                  <StopPointInJourneyPatternRef ref="VTR:StopPointInJourneyPattern:1095233" version="53528"/>
                  <DepartureTime>15:15:00</DepartureTime>
                  <DepartureDayOffset>0</DepartureDayOffset>
                </TimetabledPassingTime>
              </passingTimes>
            </ServiceJourney>
          </vehicleJourneys>
        </TimetableFrame>
        <ResourceFrame version="1" id="VTR:ResourceFrame:1385">
          <organisations>
            <Authority version="1" id="VTR:Authority:18">
              <CompanyNumber>56</CompanyNumber>
              <Name>Kretingos r. sav.</Name>
              <LegalName>Kretingos r. sav.</LegalName>
              <ContactDetails>
                <Email>savivaldybe@kretinga.lt</Email>
                <Phone>844553141</Phone>
                <Url>www.kretinga.lt</Url>
              </ContactDetails>
              <OrganisationType>authority</OrganisationType>
            </Authority>
          </organisations>
        </ResourceFrame>
      </frames>
    </CompositeFrame>
  </dataObjects>
</PublicationDelivery>
