<?xml version="1.0" encoding="UTF-8"?><PublicationDelivery xmlns="http://www.netex.org.uk/netex" xmlns:gis="http://www.opengis.net/gml/3.2" xmlns:ns2="http://www.opengis.net/gml/3.2" xmlns:ns3="http://www.siri.org.uk/siri" xmlns:xsi="http://www.w3.org/2001/XMLSchema-instance" version="1" xsi:schemaLocation="">
  <PublicationTimestamp>2022-05-07T03:45:00.262</PublicationTimestamp>
  <ParticipantRef>VTR</ParticipantRef>
  <Description>1</Description>
  <dataObjects>
    <CompositeFrame created="2022-05-07T03:45:00.262" version="1" id="VTR:CompositeFrame:1385">
      <validityConditions>
        <AvailabilityCondition version="1" id="VTR:AvailabilityCondition:1385">
          <FromDate>2015-08-06T11:23:00</FromDate>
          <ToDate>2027-12-30T00:00:00</ToDate>
        </AvailabilityCondition>
      </validityConditions>
      <codespaces>
        <Codespace id="vtr">
          <Xmlns>VTR</Xmlns>
          <XmlnsUrl>http://www.visimarsrutai.lt/</XmlnsUrl>
        </Codespace>
      </codespaces>
      <FrameDefaults>
        <DefaultLocale>
          <TimeZone>Europe/Vilnius</TimeZone>
        </DefaultLocale>
        <DefaultLocationSystem>WGS84</DefaultLocationSystem>
      </FrameDefaults>
      <frames>
        <ServiceCalendarFrame version="1" id="VTR:ServiceCalendarFrame:1385">
          <dayTypes>
            <DayType id="VTR:DayType:1522" version="1">
              <properties>
                <PropertyOfDay>
                  <DaysOfWeek>Sunday</DaysOfWeek>
                </PropertyOfDay>
              </properties>
            </DayType>
          </dayTypes>
          <operatingPeriods>
            <OperatingPeriod version="1" id="VTR:OperatingPeriod:1522">
              <FromDate>2015-08-31T00:00:00</FromDate>
              <ToDate>2020-12-31T00:00:00</ToDate>
            </OperatingPeriod>
          </operatingPeriods>
          <dayTypeAssignments>
            <DayTypeAssignment id="VTR:DayTypeAssignment:1522_0" version="1" order="1513">
              <OperatingPeriodRef ref="VTR:OperatingPeriod:1522" version="1"/>
              <DayTypeRef ref="VTR:DayType:1522" version="1"/>
            </DayTypeAssignment>
          </dayTypeAssignments>
        </ServiceCalendarFrame>
        <ServiceFrame id="VTR:ServiceFrame:1385" version="1">
          <Network version="0" id="VTR:Network:18"/>
          <routePoints>
            <RoutePoint version="1" id="VTR:RoutePoint:107072">
              <projections>
                <PointProjection version="1" id="VTR:PointProjection:32504">
                  <ProjectedPointRef ref="VTR:ScheduledStopPoint:107072" version="1"/>
                </PointProjection>
              </projections>
            </RoutePoint>
            <RoutePoint version="1" id="VTR:RoutePoint:107073">
              <projections>
                <PointProjection version="1" id="VTR:PointProjection:32505">
                  <ProjectedPointRef ref="VTR:ScheduledStopPoint:107073" version="1"/>
                </PointProjection>
              </projections>
            </RoutePoint>
            <RoutePoint version="1" id="VTR:RoutePoint:107074">
              <projections>
                <PointProjection version="1" id="VTR:PointProjection:32506">
                  <ProjectedPointRef ref="VTR:ScheduledStopPoint:107074" version="1"/>
                </PointProjection>
              </projections>
            </RoutePoint>
            <RoutePoint version="1" id="VTR:RoutePoint:71640">
              <projections>
                <PointProjection version="1" id="VTR:PointProjection:23217">
                  <ProjectedPointRef ref="VTR:ScheduledStopPoint:71640" version="1"/>
                </PointProjection>
              </projections>
            </RoutePoint>
            <RoutePoint version="1" id="VTR:RoutePoint:71641">
              <projections>
                <PointProjection version="1" id="VTR:PointProjection:23236">
                  <ProjectedPointRef ref="VTR:ScheduledStopPoint:71641" version="1"/>
                </PointProjection>
              </projections>
            </RoutePoint>
            <RoutePoint version="1" id="VTR:RoutePoint:71642">
              <projections>
                <PointProjection version="1" id="VTR:PointProjection:23237">
                  <ProjectedPointRef ref="VTR:ScheduledStopPoint:71642" version="1"/>
                </PointProjection>
              </projections>
            </RoutePoint>
            <RoutePoint version="1" id="VTR:RoutePoint:71643">
              <projections>
                <PointProjection version="1" id="VTR:PointProjection:23238">
                  <ProjectedPointRef ref="VTR:ScheduledStopPoint:71643" version="1"/>
                </PointProjection>
              </projections>
            </RoutePoint>
          </routePoints>
          <routes>
            <Route version="1" id="VTR:Route:4290">
              <Name>Grūšlaukė-Peldžiai</Name>
              <ShortName>Grūšlaukė-Peldžiai</ShortName>
              <LineRef ref="VTR:Line:1775" version="1756"/>
              <DirectionType>outbound</DirectionType>
              <pointsInSequence>
                <PointOnRoute version="1" id="VTR:PointOnRoute:71640" order="1">
                  <RoutePointRef ref="VTR:RoutePoint:71640"/>
                </PointOnRoute>
                <PointOnRoute version="1" id="VTR:PointOnRoute:107072" order="2">
                  <RoutePointRef ref="VTR:RoutePoint:107072"/>
                </PointOnRoute>
                <PointOnRoute version="1" id="VTR:PointOnRoute:107073" order="3">
                  <RoutePointRef ref="VTR:RoutePoint:107073"/>
                </PointOnRoute>
                <PointOnRoute version="1" id="VTR:PointOnRoute:71641" order="4">
                  <RoutePointRef ref="VTR:RoutePoint:71641"/>
                </PointOnRoute>
                <PointOnRoute version="1" id="VTR:PointOnRoute:107074" order="5">
                  <RoutePointRef ref="VTR:RoutePoint:107074"/>
                </PointOnRoute>
                <PointOnRoute version="1" id="VTR:PointOnRoute:71642" order="6">
                  <RoutePointRef ref="VTR:RoutePoint:71642"/>
                </PointOnRoute>
                <PointOnRoute version="1" id="VTR:PointOnRoute:71643" order="7">
                  <RoutePointRef ref="VTR:RoutePoint:71643"/>
                </PointOnRoute>
              </pointsInSequence>
            </Route>
          </routes>
          <lines>
            <Line version="1756" id="VTR:Line:1775">
              <Name>Grūšlaukė-Peldžiai</Name>
              <TransportMode>bus</TransportMode>
              <TransportSubmode>
                <BusSubmode>regionalBus</BusSubmode>
              </TransportSubmode>
              <PublicCode>74</PublicCode>
              <OperatorRef ref="VTR:Operator:18"/>
            </Line>
          </lines>
          <scheduledStopPoints>
            <ScheduledStopPoint version="1" id="VTR:ScheduledStopPoint:107072">
              <Name>Kyžkelė III</Name>
            </ScheduledStopPoint>
            <ScheduledStopPoint version="1" id="VTR:ScheduledStopPoint:107073">
              <Name>Mončių</Name>
            </ScheduledStopPoint>
            <ScheduledStopPoint version="1" id="VTR:ScheduledStopPoint:107074">
              <Name>Petraičiai</Name>
            </ScheduledStopPoint>
            <ScheduledStopPoint version="1" id="VTR:ScheduledStopPoint:71640">
              <Name>Grūšlaukė</Name>
            </ScheduledStopPoint>
            <ScheduledStopPoint version="1" id="VTR:ScheduledStopPoint:71641">
              <Name>Plokščiai</Name>
            </ScheduledStopPoint>
            <ScheduledStopPoint version="1" id="VTR:ScheduledStopPoint:71642">
              <Name>Mažonai</Name>
            </ScheduledStopPoint>
            <ScheduledStopPoint version="1" id="VTR:ScheduledStopPoint:71643">
              <Name>Peldžiai</Name>
            </ScheduledStopPoint>
          </scheduledStopPoints>
          <serviceLinks>
            <ServiceLink id="VTR:ServiceLink:71642_1_71643_1" version="1">
              <Distance>1</Distance>
              <FromPointRef ref="VTR:ScheduledStopPoint:71642" version="1"/>
              <ToPointRef ref="VTR:ScheduledStopPoint:71643" version="1"/>
            </ServiceLink>
            <ServiceLink id="VTR:ServiceLink:107074_1_71642_1" version="1">
              <Distance>1</Distance>
              <FromPointRef ref="VTR:ScheduledStopPoint:107074" version="1"/>
              <ToPointRef ref="VTR:ScheduledStopPoint:71642" version="1"/>
            </ServiceLink>
            <ServiceLink id="VTR:ServiceLink:71641_1_107074_1" version="1">
              <Distance>2</Distance>
              <FromPointRef ref="VTR:ScheduledStopPoint:71641" version="1"/>
              <ToPointRef ref="VTR:ScheduledStopPoint:107074" version="1"/>
            </ServiceLink>
            <ServiceLink id="VTR:ServiceLink:107073_1_71641_1" version="1">
              <Distance>1</Distance>
              <FromPointRef ref="VTR:ScheduledStopPoint:107073" version="1"/>
              <ToPointRef ref="VTR:ScheduledStopPoint:71641" version="1"/>
            </ServiceLink>
            <ServiceLink id="VTR:ServiceLink:71640_1_107072_1" version="1">
              <Distance>1</Distance>
              <FromPointRef ref="VTR:ScheduledStopPoint:71640" version="1"/>
              <ToPointRef ref="VTR:ScheduledStopPoint:107072" version="1"/>
            </ServiceLink>
            <ServiceLink id="VTR:ServiceLink:107072_1_107073_1" version="1">
              <Distance>3</Distance>
              <FromPointRef ref="VTR:ScheduledStopPoint:107072" version="1"/>
              <ToPointRef ref="VTR:ScheduledStopPoint:107073" version="1"/>
            </ServiceLink>
          </serviceLinks>
          <stopAssignments>
            <PassengerStopAssignment order="429000000" id="VTR:PassengerStopAssignment:71640" version="1">
              <ScheduledStopPointRef ref="VTR:ScheduledStopPoint:71640" version="1"/>
              <QuayRef ref="VTR:Quay:4422"/>
            </PassengerStopAssignment>
            <PassengerStopAssignment order="429000001" id="VTR:PassengerStopAssignment:107072" version="1">
              <ScheduledStopPointRef ref="VTR:ScheduledStopPoint:107072" version="1"/>
              <QuayRef ref="VTR:Quay:24063"/>
            </PassengerStopAssignment>
            <PassengerStopAssignment order="429000002" id="VTR:PassengerStopAssignment:107073" version="1">
              <ScheduledStopPointRef ref="VTR:ScheduledStopPoint:107073" version="1"/>
              <QuayRef ref="VTR:Quay:8016"/>
            </PassengerStopAssignment>
            <PassengerStopAssignment order="429000003" id="VTR:PassengerStopAssignment:71641" version="1">
              <ScheduledStopPointRef ref="VTR:ScheduledStopPoint:71641" version="1"/>
              <QuayRef ref="VTR:Quay:21609"/>
            </PassengerStopAssignment>
            <PassengerStopAssignment order="429000004" id="VTR:PassengerStopAssignment:107074" version="1">
              <ScheduledStopPointRef ref="VTR:ScheduledStopPoint:107074" version="1"/>
              <QuayRef ref="VTR:Quay:24050"/>
            </PassengerStopAssignment>
            <PassengerStopAssignment order="429000005" id="VTR:PassengerStopAssignment:71642" version="1">
              <ScheduledStopPointRef ref="VTR:ScheduledStopPoint:71642" version="1"/>
              <QuayRef ref="VTR:Quay:5466"/>
            </PassengerStopAssignment>
            <PassengerStopAssignment order="429000006" id="VTR:PassengerStopAssignment:71643" version="1">
              <ScheduledStopPointRef ref="VTR:ScheduledStopPoint:71643" version="1"/>
              <QuayRef ref="VTR:Quay:14405"/>
            </PassengerStopAssignment>
          </stopAssignments>
          <journeyPatterns>
            <JourneyPattern id="VTR:JourneyPattern:54160" version="54196">
              <Name>6</Name>
              <RouteRef ref="VTR:Route:4290" version="1"/>
              <pointsInSequence>
                <StopPointInJourneyPattern id="VTR:StopPointInJourneyPattern:1106047" version="54196" order="1">
                  <ScheduledStopPointRef ref="VTR:ScheduledStopPoint:71640"/>
                  <DestinationDisplayRef ref="VTR:DestinationDisplay:1"/>
                </StopPointInJourneyPattern>
                <StopPointInJourneyPattern id="VTR:StopPointInJourneyPattern:1106048" version="54196" order="2">
                  <ScheduledStopPointRef ref="VTR:ScheduledStopPoint:107072"/>
                  <DestinationDisplayRef ref="VTR:DestinationDisplay:1"/>
                </StopPointInJourneyPattern>
                <StopPointInJourneyPattern id="VTR:StopPointInJourneyPattern:1106049" version="54196" order="3">
                  <ScheduledStopPointRef ref="VTR:ScheduledStopPoint:107073"/>
                  <DestinationDisplayRef ref="VTR:DestinationDisplay:1"/>
                </StopPointInJourneyPattern>
                <StopPointInJourneyPattern id="VTR:StopPointInJourneyPattern:1106050" version="54196" order="4">
                  <ScheduledStopPointRef ref="VTR:ScheduledStopPoint:71641"/>
                  <DestinationDisplayRef ref="VTR:DestinationDisplay:1"/>
                </StopPointInJourneyPattern>
                <StopPointInJourneyPattern id="VTR:StopPointInJourneyPattern:1106051" version="54196" order="5">
                  <ScheduledStopPointRef ref="VTR:ScheduledStopPoint:107074"/>
                  <DestinationDisplayRef ref="VTR:DestinationDisplay:1"/>
                </StopPointInJourneyPattern>
                <StopPointInJourneyPattern id="VTR:StopPointInJourneyPattern:1106052" version="54196" order="6">
                  <ScheduledStopPointRef ref="VTR:ScheduledStopPoint:71642"/>
                  <DestinationDisplayRef ref="VTR:DestinationDisplay:1"/>
                </StopPointInJourneyPattern>
                <StopPointInJourneyPattern id="VTR:StopPointInJourneyPattern:1106053" version="54196" order="7">
                  <ScheduledStopPointRef ref="VTR:ScheduledStopPoint:71643"/>
                  <DestinationDisplayRef ref="VTR:DestinationDisplay:1"/>
                </StopPointInJourneyPattern>
              </pointsInSequence>
            </JourneyPattern>
          </journeyPatterns>
        </ServiceFrame>
        <TimetableFrame version="1" id="VTR:TimetableFrame:1385">
          <vehicleJourneys>
            <ServiceJourney version="54196" id="VTR:ServiceJourney:54160">
              <Name>Grūšlaukė-Peldžiai</Name>
              <PrivateCode>6</PrivateCode>
              <dayTypes>
                <DayTypeRef ref="VTR:DayType:1522"/>
              </dayTypes>
              <JourneyPatternRef version="54196" ref="VTR:JourneyPattern:54160"/>
              <OperatorRef ref="VTR:Operator:482"/>
              <LineRef ref="VTR:Line:1775" version="1756"/>
              <passingTimes>
                <TimetabledPassingTime version="54196" id="VTR:TimetabledPassingTime:54160_1106047_1">
                  <StopPointInJourneyPatternRef ref="VTR:StopPointInJourneyPattern:1106047" version="54196"/>
                  <DepartureTime>12:30:00</DepartureTime>
                  <DepartureDayOffset>0</DepartureDayOffset>
                </TimetabledPassingTime>
                <TimetabledPassingTime version="54196" id="VTR:TimetabledPassingTime:54160_1106048_2">
                  <StopPointInJourneyPatternRef ref="VTR:StopPointInJourneyPattern:1106048" version="54196"/>
                  <DepartureTime>12:33:00</DepartureTime>
                  <DepartureDayOffset>0</DepartureDayOffset>
                </TimetabledPassingTime>
                <TimetabledPassingTime version="54196" id="VTR:TimetabledPassingTime:54160_1106049_3">
                  <StopPointInJourneyPatternRef ref="VTR:StopPointInJourneyPattern:1106049" version="54196"/>
                  <DepartureTime>12:38:00</DepartureTime>
                  <DepartureDayOffset>0</DepartureDayOffset>
                </TimetabledPassingTime>
                <TimetabledPassingTime version="54196" id="VTR:TimetabledPassingTime:54160_1106050_4">
                  <StopPointInJourneyPatternRef ref="VTR:StopPointInJourneyPattern:1106050" version="54196"/>
                  <DepartureTime>12:41:00</DepartureTime>
                  <DepartureDayOffset>0</DepartureDayOffset>
                </TimetabledPassingTime>
                <TimetabledPassingTime version="54196" id="VTR:TimetabledPassingTime:54160_1106051_5">
                  <StopPointInJourneyPatternRef ref="VTR:StopPointInJourneyPattern:1106051" version="54196"/>
                  <DepartureTime>12:45:00</DepartureTime>
                  <DepartureDayOffset>0</DepartureDayOffset>
                </TimetabledPassingTime>
                <TimetabledPassingTime version="54196" id="VTR:TimetabledPassingTime:54160_1106052_6">
                  <StopPointInJourneyPatternRef ref="VTR:StopPointInJourneyPattern:1106052" version="54196"/>
                  <DepartureTime>12:48:00</DepartureTime>
                  <DepartureDayOffset>0</DepartureDayOffset>
                </TimetabledPassingTime>
                <TimetabledPassingTime version="54196" id="VTR:TimetabledPassingTime:54160_1106053_7">
                  <StopPointInJourneyPatternRef ref="VTR:StopPointInJourneyPattern:1106053" version="54196"/>
                  <DepartureTime>12:50:00</DepartureTime>
                  <DepartureDayOffset>0</DepartureDayOffset>
                </TimetabledPassingTime>
              </passingTimes>
            </ServiceJourney>
          </vehicleJourneys>
        </TimetableFrame>
        <ResourceFrame version="1" id="VTR:ResourceFrame:1385">
          <organisations>
            <Authority version="1" id="VTR:Authority:18">
              <CompanyNumber>56</CompanyNumber>
              <Name>Kretingos r. sav.</Name>
              <LegalName>Kretingos r. sav.</LegalName>
              <ContactDetails>
                <Email>savivaldybe@kretinga.lt</Email>
                <Phone>844553141</Phone>
                <Url>www.kretinga.lt</Url>
              </ContactDetails>
              <OrganisationType>authority</OrganisationType>
            </Authority>
          </organisations>
        </ResourceFrame>
      </frames>
    </CompositeFrame>
  </dataObjects>
</PublicationDelivery>
