<?xml version="1.0" encoding="UTF-8"?><PublicationDelivery xmlns="http://www.netex.org.uk/netex" xmlns:gis="http://www.opengis.net/gml/3.2" xmlns:ns2="http://www.opengis.net/gml/3.2" xmlns:ns3="http://www.siri.org.uk/siri" xmlns:xsi="http://www.w3.org/2001/XMLSchema-instance" version="1" xsi:schemaLocation="">
  <PublicationTimestamp>2022-05-07T03:45:00.262</PublicationTimestamp>
  <ParticipantRef>VTR</ParticipantRef>
  <Description>1</Description>
  <dataObjects>
    <CompositeFrame created="2022-05-07T03:45:00.262" version="1" id="VTR:CompositeFrame:1385">
      <validityConditions>
        <AvailabilityCondition version="1" id="VTR:AvailabilityCondition:1385">
          <FromDate>2015-08-06T14:16:23</FromDate>
          <ToDate>2027-12-30T00:00:00</ToDate>
        </AvailabilityCondition>
      </validityConditions>
      <codespaces>
        <Codespace id="vtr">
          <Xmlns>VTR</Xmlns>
          <XmlnsUrl>http://www.visimarsrutai.lt/</XmlnsUrl>
        </Codespace>
      </codespaces>
      <FrameDefaults>
        <DefaultLocale>
          <TimeZone>Europe/Vilnius</TimeZone>
        </DefaultLocale>
        <DefaultLocationSystem>WGS84</DefaultLocationSystem>
      </FrameDefaults>
      <frames>
        <ServiceCalendarFrame version="1" id="VTR:ServiceCalendarFrame:1385">
          <dayTypes>
            <DayType id="VTR:DayType:1449" version="1">
              <properties>
                <PropertyOfDay>
                  <DaysOfWeek>Monday Tuesday Wednesday Thursday Friday</DaysOfWeek>
                </PropertyOfDay>
              </properties>
            </DayType>
          </dayTypes>
          <operatingPeriods>
            <OperatingPeriod version="1" id="VTR:OperatingPeriod:1449">
              <FromDate>2015-08-21T00:00:00</FromDate>
              <ToDate>2020-12-31T00:00:00</ToDate>
            </OperatingPeriod>
          </operatingPeriods>
          <dayTypeAssignments>
            <DayTypeAssignment id="VTR:DayTypeAssignment:1449_0" version="1" order="1454">
              <OperatingPeriodRef ref="VTR:OperatingPeriod:1449" version="1"/>
              <DayTypeRef ref="VTR:DayType:1449" version="1"/>
            </DayTypeAssignment>
          </dayTypeAssignments>
        </ServiceCalendarFrame>
        <ServiceFrame id="VTR:ServiceFrame:1385" version="1">
          <Network version="0" id="VTR:Network:18"/>
          <routePoints>
            <RoutePoint version="1" id="VTR:RoutePoint:71824">
              <projections>
                <PointProjection version="1" id="VTR:PointProjection:23918">
                  <ProjectedPointRef ref="VTR:ScheduledStopPoint:71824" version="1"/>
                </PointProjection>
              </projections>
            </RoutePoint>
            <RoutePoint version="1" id="VTR:RoutePoint:71825">
              <projections>
                <PointProjection version="1" id="VTR:PointProjection:23930">
                  <ProjectedPointRef ref="VTR:ScheduledStopPoint:71825" version="1"/>
                </PointProjection>
              </projections>
            </RoutePoint>
            <RoutePoint version="1" id="VTR:RoutePoint:71826">
              <projections>
                <PointProjection version="1" id="VTR:PointProjection:23931">
                  <ProjectedPointRef ref="VTR:ScheduledStopPoint:71826" version="1"/>
                </PointProjection>
              </projections>
            </RoutePoint>
            <RoutePoint version="1" id="VTR:RoutePoint:71827">
              <projections>
                <PointProjection version="1" id="VTR:PointProjection:23932">
                  <ProjectedPointRef ref="VTR:ScheduledStopPoint:71827" version="1"/>
                </PointProjection>
              </projections>
            </RoutePoint>
            <RoutePoint version="1" id="VTR:RoutePoint:71828">
              <projections>
                <PointProjection version="1" id="VTR:PointProjection:23933">
                  <ProjectedPointRef ref="VTR:ScheduledStopPoint:71828" version="1"/>
                </PointProjection>
              </projections>
            </RoutePoint>
            <RoutePoint version="1" id="VTR:RoutePoint:71829">
              <projections>
                <PointProjection version="1" id="VTR:PointProjection:23934">
                  <ProjectedPointRef ref="VTR:ScheduledStopPoint:71829" version="1"/>
                </PointProjection>
              </projections>
            </RoutePoint>
            <RoutePoint version="1" id="VTR:RoutePoint:71830">
              <projections>
                <PointProjection version="1" id="VTR:PointProjection:23935">
                  <ProjectedPointRef ref="VTR:ScheduledStopPoint:71830" version="1"/>
                </PointProjection>
              </projections>
            </RoutePoint>
            <RoutePoint version="1" id="VTR:RoutePoint:71831">
              <projections>
                <PointProjection version="1" id="VTR:PointProjection:23936">
                  <ProjectedPointRef ref="VTR:ScheduledStopPoint:71831" version="1"/>
                </PointProjection>
              </projections>
            </RoutePoint>
            <RoutePoint version="1" id="VTR:RoutePoint:71832">
              <projections>
                <PointProjection version="1" id="VTR:PointProjection:23919">
                  <ProjectedPointRef ref="VTR:ScheduledStopPoint:71832" version="1"/>
                </PointProjection>
              </projections>
            </RoutePoint>
            <RoutePoint version="1" id="VTR:RoutePoint:71833">
              <projections>
                <PointProjection version="1" id="VTR:PointProjection:23920">
                  <ProjectedPointRef ref="VTR:ScheduledStopPoint:71833" version="1"/>
                </PointProjection>
              </projections>
            </RoutePoint>
            <RoutePoint version="1" id="VTR:RoutePoint:71834">
              <projections>
                <PointProjection version="1" id="VTR:PointProjection:23921">
                  <ProjectedPointRef ref="VTR:ScheduledStopPoint:71834" version="1"/>
                </PointProjection>
              </projections>
            </RoutePoint>
            <RoutePoint version="1" id="VTR:RoutePoint:71835">
              <projections>
                <PointProjection version="1" id="VTR:PointProjection:23922">
                  <ProjectedPointRef ref="VTR:ScheduledStopPoint:71835" version="1"/>
                </PointProjection>
              </projections>
            </RoutePoint>
            <RoutePoint version="1" id="VTR:RoutePoint:71836">
              <projections>
                <PointProjection version="1" id="VTR:PointProjection:23923">
                  <ProjectedPointRef ref="VTR:ScheduledStopPoint:71836" version="1"/>
                </PointProjection>
              </projections>
            </RoutePoint>
            <RoutePoint version="1" id="VTR:RoutePoint:71837">
              <projections>
                <PointProjection version="1" id="VTR:PointProjection:23924">
                  <ProjectedPointRef ref="VTR:ScheduledStopPoint:71837" version="1"/>
                </PointProjection>
              </projections>
            </RoutePoint>
            <RoutePoint version="1" id="VTR:RoutePoint:71838">
              <projections>
                <PointProjection version="1" id="VTR:PointProjection:23925">
                  <ProjectedPointRef ref="VTR:ScheduledStopPoint:71838" version="1"/>
                </PointProjection>
              </projections>
            </RoutePoint>
          </routePoints>
          <routes>
            <Route version="1" id="VTR:Route:4301">
              <Name>Kretinga-Naujoji Įpiltis</Name>
              <ShortName>Kretinga-Naujoji Įpiltis</ShortName>
              <LineRef ref="VTR:Line:1781" version="1762"/>
              <DirectionType>outbound</DirectionType>
              <pointsInSequence>
                <PointOnRoute version="1" id="VTR:PointOnRoute:71824" order="1">
                  <RoutePointRef ref="VTR:RoutePoint:71824"/>
                </PointOnRoute>
                <PointOnRoute version="1" id="VTR:PointOnRoute:71825" order="2">
                  <RoutePointRef ref="VTR:RoutePoint:71825"/>
                </PointOnRoute>
                <PointOnRoute version="1" id="VTR:PointOnRoute:71826" order="3">
                  <RoutePointRef ref="VTR:RoutePoint:71826"/>
                </PointOnRoute>
                <PointOnRoute version="1" id="VTR:PointOnRoute:71827" order="4">
                  <RoutePointRef ref="VTR:RoutePoint:71827"/>
                </PointOnRoute>
                <PointOnRoute version="1" id="VTR:PointOnRoute:71828" order="5">
                  <RoutePointRef ref="VTR:RoutePoint:71828"/>
                </PointOnRoute>
                <PointOnRoute version="1" id="VTR:PointOnRoute:71829" order="6">
                  <RoutePointRef ref="VTR:RoutePoint:71829"/>
                </PointOnRoute>
                <PointOnRoute version="1" id="VTR:PointOnRoute:71830" order="7">
                  <RoutePointRef ref="VTR:RoutePoint:71830"/>
                </PointOnRoute>
                <PointOnRoute version="1" id="VTR:PointOnRoute:71831" order="8">
                  <RoutePointRef ref="VTR:RoutePoint:71831"/>
                </PointOnRoute>
                <PointOnRoute version="1" id="VTR:PointOnRoute:71832" order="9">
                  <RoutePointRef ref="VTR:RoutePoint:71832"/>
                </PointOnRoute>
                <PointOnRoute version="1" id="VTR:PointOnRoute:71833" order="10">
                  <RoutePointRef ref="VTR:RoutePoint:71833"/>
                </PointOnRoute>
                <PointOnRoute version="1" id="VTR:PointOnRoute:71834" order="11">
                  <RoutePointRef ref="VTR:RoutePoint:71834"/>
                </PointOnRoute>
                <PointOnRoute version="1" id="VTR:PointOnRoute:71835" order="12">
                  <RoutePointRef ref="VTR:RoutePoint:71835"/>
                </PointOnRoute>
                <PointOnRoute version="1" id="VTR:PointOnRoute:71836" order="13">
                  <RoutePointRef ref="VTR:RoutePoint:71836"/>
                </PointOnRoute>
                <PointOnRoute version="1" id="VTR:PointOnRoute:71837" order="14">
                  <RoutePointRef ref="VTR:RoutePoint:71837"/>
                </PointOnRoute>
                <PointOnRoute version="1" id="VTR:PointOnRoute:71838" order="15">
                  <RoutePointRef ref="VTR:RoutePoint:71838"/>
                </PointOnRoute>
              </pointsInSequence>
            </Route>
          </routes>
          <lines>
            <Line version="1762" id="VTR:Line:1781">
              <Name>Kretinga-Naujoji Įpiltis</Name>
              <TransportMode>bus</TransportMode>
              <TransportSubmode>
                <BusSubmode>regionalBus</BusSubmode>
              </TransportSubmode>
              <PublicCode>81</PublicCode>
              <OperatorRef ref="VTR:Operator:18"/>
            </Line>
          </lines>
          <scheduledStopPoints>
            <ScheduledStopPoint version="1" id="VTR:ScheduledStopPoint:71824">
              <Name>Kretingos autobusų stotis</Name>
            </ScheduledStopPoint>
            <ScheduledStopPoint version="1" id="VTR:ScheduledStopPoint:71825">
              <Name>Rotušės a.</Name>
            </ScheduledStopPoint>
            <ScheduledStopPoint version="1" id="VTR:ScheduledStopPoint:71826">
              <Name>Daujoto vid. m-kla</Name>
            </ScheduledStopPoint>
            <ScheduledStopPoint version="1" id="VTR:ScheduledStopPoint:71827">
              <Name>Laidojimo namai ,,Rimtis"</Name>
            </ScheduledStopPoint>
            <ScheduledStopPoint version="1" id="VTR:ScheduledStopPoint:71828">
              <Name>Kurmaičiai</Name>
            </ScheduledStopPoint>
            <ScheduledStopPoint version="1" id="VTR:ScheduledStopPoint:71829">
              <Name>Senkai</Name>
            </ScheduledStopPoint>
            <ScheduledStopPoint version="1" id="VTR:ScheduledStopPoint:71830">
              <Name>Tūbausiai</Name>
            </ScheduledStopPoint>
            <ScheduledStopPoint version="1" id="VTR:ScheduledStopPoint:71831">
              <Name>Daubėnai</Name>
            </ScheduledStopPoint>
            <ScheduledStopPoint version="1" id="VTR:ScheduledStopPoint:71832">
              <Name>Pasertupis</Name>
            </ScheduledStopPoint>
            <ScheduledStopPoint version="1" id="VTR:ScheduledStopPoint:71833">
              <Name>Darbėnai</Name>
            </ScheduledStopPoint>
            <ScheduledStopPoint version="1" id="VTR:ScheduledStopPoint:71834">
              <Name>Auksūdys</Name>
            </ScheduledStopPoint>
            <ScheduledStopPoint version="1" id="VTR:ScheduledStopPoint:71835">
              <Name>Nausėdai</Name>
            </ScheduledStopPoint>
            <ScheduledStopPoint version="1" id="VTR:ScheduledStopPoint:71836">
              <Name>Benaičiai</Name>
            </ScheduledStopPoint>
            <ScheduledStopPoint version="1" id="VTR:ScheduledStopPoint:71837">
              <Name>Kiaupiškė</Name>
            </ScheduledStopPoint>
            <ScheduledStopPoint version="1" id="VTR:ScheduledStopPoint:71838">
              <Name>Naujoji Įpiltis</Name>
            </ScheduledStopPoint>
          </scheduledStopPoints>
          <serviceLinks>
            <ServiceLink id="VTR:ServiceLink:71826_1_71827_1" version="1">
              <Distance>1</Distance>
              <FromPointRef ref="VTR:ScheduledStopPoint:71826" version="1"/>
              <ToPointRef ref="VTR:ScheduledStopPoint:71827" version="1"/>
            </ServiceLink>
            <ServiceLink id="VTR:ServiceLink:71825_1_71826_1" version="1">
              <Distance>0</Distance>
              <FromPointRef ref="VTR:ScheduledStopPoint:71825" version="1"/>
              <ToPointRef ref="VTR:ScheduledStopPoint:71826" version="1"/>
            </ServiceLink>
            <ServiceLink id="VTR:ServiceLink:71834_1_71835_1" version="1">
              <Distance>2</Distance>
              <FromPointRef ref="VTR:ScheduledStopPoint:71834" version="1"/>
              <ToPointRef ref="VTR:ScheduledStopPoint:71835" version="1"/>
            </ServiceLink>
            <ServiceLink id="VTR:ServiceLink:71835_1_71836_1" version="1">
              <Distance>3</Distance>
              <FromPointRef ref="VTR:ScheduledStopPoint:71835" version="1"/>
              <ToPointRef ref="VTR:ScheduledStopPoint:71836" version="1"/>
            </ServiceLink>
            <ServiceLink id="VTR:ServiceLink:71831_1_71832_1" version="1">
              <Distance>2</Distance>
              <FromPointRef ref="VTR:ScheduledStopPoint:71831" version="1"/>
              <ToPointRef ref="VTR:ScheduledStopPoint:71832" version="1"/>
            </ServiceLink>
            <ServiceLink id="VTR:ServiceLink:71828_1_71829_1" version="1">
              <Distance>1</Distance>
              <FromPointRef ref="VTR:ScheduledStopPoint:71828" version="1"/>
              <ToPointRef ref="VTR:ScheduledStopPoint:71829" version="1"/>
            </ServiceLink>
            <ServiceLink id="VTR:ServiceLink:71836_1_71837_1" version="1">
              <Distance>2</Distance>
              <FromPointRef ref="VTR:ScheduledStopPoint:71836" version="1"/>
              <ToPointRef ref="VTR:ScheduledStopPoint:71837" version="1"/>
            </ServiceLink>
            <ServiceLink id="VTR:ServiceLink:71832_1_71833_1" version="1">
              <Distance>2</Distance>
              <FromPointRef ref="VTR:ScheduledStopPoint:71832" version="1"/>
              <ToPointRef ref="VTR:ScheduledStopPoint:71833" version="1"/>
            </ServiceLink>
            <ServiceLink id="VTR:ServiceLink:71833_1_71834_1" version="1">
              <Distance>3</Distance>
              <FromPointRef ref="VTR:ScheduledStopPoint:71833" version="1"/>
              <ToPointRef ref="VTR:ScheduledStopPoint:71834" version="1"/>
            </ServiceLink>
            <ServiceLink id="VTR:ServiceLink:71837_1_71838_1" version="1">
              <Distance>1</Distance>
              <FromPointRef ref="VTR:ScheduledStopPoint:71837" version="1"/>
              <ToPointRef ref="VTR:ScheduledStopPoint:71838" version="1"/>
            </ServiceLink>
            <ServiceLink id="VTR:ServiceLink:71824_1_71825_1" version="1">
              <Distance>1</Distance>
              <FromPointRef ref="VTR:ScheduledStopPoint:71824" version="1"/>
              <ToPointRef ref="VTR:ScheduledStopPoint:71825" version="1"/>
            </ServiceLink>
            <ServiceLink id="VTR:ServiceLink:71827_1_71828_1" version="1">
              <Distance>3</Distance>
              <FromPointRef ref="VTR:ScheduledStopPoint:71827" version="1"/>
              <ToPointRef ref="VTR:ScheduledStopPoint:71828" version="1"/>
            </ServiceLink>
            <ServiceLink id="VTR:ServiceLink:71830_1_71831_1" version="1">
              <Distance>2</Distance>
              <FromPointRef ref="VTR:ScheduledStopPoint:71830" version="1"/>
              <ToPointRef ref="VTR:ScheduledStopPoint:71831" version="1"/>
            </ServiceLink>
            <ServiceLink id="VTR:ServiceLink:71829_1_71830_1" version="1">
              <Distance>1</Distance>
              <FromPointRef ref="VTR:ScheduledStopPoint:71829" version="1"/>
              <ToPointRef ref="VTR:ScheduledStopPoint:71830" version="1"/>
            </ServiceLink>
          </serviceLinks>
          <stopAssignments>
            <PassengerStopAssignment order="430100000" id="VTR:PassengerStopAssignment:71824" version="1">
              <ScheduledStopPointRef ref="VTR:ScheduledStopPoint:71824" version="1"/>
              <QuayRef ref="VTR:Quay:21202"/>
            </PassengerStopAssignment>
            <PassengerStopAssignment order="430100001" id="VTR:PassengerStopAssignment:71825" version="1">
              <ScheduledStopPointRef ref="VTR:ScheduledStopPoint:71825" version="1"/>
              <QuayRef ref="VTR:Quay:21250"/>
            </PassengerStopAssignment>
            <PassengerStopAssignment order="430100002" id="VTR:PassengerStopAssignment:71826" version="1">
              <ScheduledStopPointRef ref="VTR:ScheduledStopPoint:71826" version="1"/>
              <QuayRef ref="VTR:Quay:3596"/>
            </PassengerStopAssignment>
            <PassengerStopAssignment order="430100003" id="VTR:PassengerStopAssignment:71827" version="1">
              <ScheduledStopPointRef ref="VTR:ScheduledStopPoint:71827" version="1"/>
              <QuayRef ref="VTR:Quay:21390"/>
            </PassengerStopAssignment>
            <PassengerStopAssignment order="430100004" id="VTR:PassengerStopAssignment:71828" version="1">
              <ScheduledStopPointRef ref="VTR:ScheduledStopPoint:71828" version="1"/>
              <QuayRef ref="VTR:Quay:9207"/>
            </PassengerStopAssignment>
            <PassengerStopAssignment order="430100005" id="VTR:PassengerStopAssignment:71829" version="1">
              <ScheduledStopPointRef ref="VTR:ScheduledStopPoint:71829" version="1"/>
              <QuayRef ref="VTR:Quay:13937"/>
            </PassengerStopAssignment>
            <PassengerStopAssignment order="430100006" id="VTR:PassengerStopAssignment:71830" version="1">
              <ScheduledStopPointRef ref="VTR:ScheduledStopPoint:71830" version="1"/>
              <QuayRef ref="VTR:Quay:12144"/>
            </PassengerStopAssignment>
            <PassengerStopAssignment order="430100007" id="VTR:PassengerStopAssignment:71831" version="1">
              <ScheduledStopPointRef ref="VTR:ScheduledStopPoint:71831" version="1"/>
              <QuayRef ref="VTR:Quay:16029"/>
            </PassengerStopAssignment>
            <PassengerStopAssignment order="430100008" id="VTR:PassengerStopAssignment:71832" version="1">
              <ScheduledStopPointRef ref="VTR:ScheduledStopPoint:71832" version="1"/>
              <QuayRef ref="VTR:Quay:5253"/>
            </PassengerStopAssignment>
            <PassengerStopAssignment order="430100009" id="VTR:PassengerStopAssignment:71833" version="1">
              <ScheduledStopPointRef ref="VTR:ScheduledStopPoint:71833" version="1"/>
              <QuayRef ref="VTR:Quay:12981"/>
            </PassengerStopAssignment>
            <PassengerStopAssignment order="430100010" id="VTR:PassengerStopAssignment:71834" version="1">
              <ScheduledStopPointRef ref="VTR:ScheduledStopPoint:71834" version="1"/>
              <QuayRef ref="VTR:Quay:11599"/>
            </PassengerStopAssignment>
            <PassengerStopAssignment order="430100011" id="VTR:PassengerStopAssignment:71835" version="1">
              <ScheduledStopPointRef ref="VTR:ScheduledStopPoint:71835" version="1"/>
              <QuayRef ref="VTR:Quay:15576"/>
            </PassengerStopAssignment>
            <PassengerStopAssignment order="430100012" id="VTR:PassengerStopAssignment:71836" version="1">
              <ScheduledStopPointRef ref="VTR:ScheduledStopPoint:71836" version="1"/>
              <QuayRef ref="VTR:Quay:9214"/>
            </PassengerStopAssignment>
            <PassengerStopAssignment order="430100013" id="VTR:PassengerStopAssignment:71837" version="1">
              <ScheduledStopPointRef ref="VTR:ScheduledStopPoint:71837" version="1"/>
              <QuayRef ref="VTR:Quay:21629"/>
            </PassengerStopAssignment>
            <PassengerStopAssignment order="430100014" id="VTR:PassengerStopAssignment:71838" version="1">
              <ScheduledStopPointRef ref="VTR:ScheduledStopPoint:71838" version="1"/>
              <QuayRef ref="VTR:Quay:10366"/>
            </PassengerStopAssignment>
          </stopAssignments>
          <journeyPatterns>
            <JourneyPattern id="VTR:JourneyPattern:55234" version="55270">
              <Name>1</Name>
              <RouteRef ref="VTR:Route:4301" version="1"/>
              <pointsInSequence>
                <StopPointInJourneyPattern id="VTR:StopPointInJourneyPattern:1124417" version="55270" order="1">
                  <ScheduledStopPointRef ref="VTR:ScheduledStopPoint:71824"/>
                  <DestinationDisplayRef ref="VTR:DestinationDisplay:1"/>
                </StopPointInJourneyPattern>
                <StopPointInJourneyPattern id="VTR:StopPointInJourneyPattern:1124418" version="55270" order="2">
                  <ScheduledStopPointRef ref="VTR:ScheduledStopPoint:71825"/>
                  <DestinationDisplayRef ref="VTR:DestinationDisplay:1"/>
                </StopPointInJourneyPattern>
                <StopPointInJourneyPattern id="VTR:StopPointInJourneyPattern:1124419" version="55270" order="3">
                  <ScheduledStopPointRef ref="VTR:ScheduledStopPoint:71826"/>
                  <DestinationDisplayRef ref="VTR:DestinationDisplay:1"/>
                </StopPointInJourneyPattern>
                <StopPointInJourneyPattern id="VTR:StopPointInJourneyPattern:1124420" version="55270" order="4">
                  <ScheduledStopPointRef ref="VTR:ScheduledStopPoint:71827"/>
                  <DestinationDisplayRef ref="VTR:DestinationDisplay:1"/>
                </StopPointInJourneyPattern>
                <StopPointInJourneyPattern id="VTR:StopPointInJourneyPattern:1124421" version="55270" order="5">
                  <ScheduledStopPointRef ref="VTR:ScheduledStopPoint:71828"/>
                  <DestinationDisplayRef ref="VTR:DestinationDisplay:1"/>
                </StopPointInJourneyPattern>
                <StopPointInJourneyPattern id="VTR:StopPointInJourneyPattern:1124422" version="55270" order="6">
                  <ScheduledStopPointRef ref="VTR:ScheduledStopPoint:71829"/>
                  <DestinationDisplayRef ref="VTR:DestinationDisplay:1"/>
                </StopPointInJourneyPattern>
                <StopPointInJourneyPattern id="VTR:StopPointInJourneyPattern:1124423" version="55270" order="7">
                  <ScheduledStopPointRef ref="VTR:ScheduledStopPoint:71830"/>
                  <DestinationDisplayRef ref="VTR:DestinationDisplay:1"/>
                </StopPointInJourneyPattern>
                <StopPointInJourneyPattern id="VTR:StopPointInJourneyPattern:1124424" version="55270" order="8">
                  <ScheduledStopPointRef ref="VTR:ScheduledStopPoint:71831"/>
                  <DestinationDisplayRef ref="VTR:DestinationDisplay:1"/>
                </StopPointInJourneyPattern>
                <StopPointInJourneyPattern id="VTR:StopPointInJourneyPattern:1124425" version="55270" order="9">
                  <ScheduledStopPointRef ref="VTR:ScheduledStopPoint:71832"/>
                  <DestinationDisplayRef ref="VTR:DestinationDisplay:1"/>
                </StopPointInJourneyPattern>
                <StopPointInJourneyPattern id="VTR:StopPointInJourneyPattern:1124426" version="55270" order="10">
                  <ScheduledStopPointRef ref="VTR:ScheduledStopPoint:71833"/>
                  <DestinationDisplayRef ref="VTR:DestinationDisplay:1"/>
                </StopPointInJourneyPattern>
                <StopPointInJourneyPattern id="VTR:StopPointInJourneyPattern:1124427" version="55270" order="11">
                  <ScheduledStopPointRef ref="VTR:ScheduledStopPoint:71834"/>
                  <DestinationDisplayRef ref="VTR:DestinationDisplay:1"/>
                </StopPointInJourneyPattern>
                <StopPointInJourneyPattern id="VTR:StopPointInJourneyPattern:1124428" version="55270" order="12">
                  <ScheduledStopPointRef ref="VTR:ScheduledStopPoint:71835"/>
                  <DestinationDisplayRef ref="VTR:DestinationDisplay:1"/>
                </StopPointInJourneyPattern>
                <StopPointInJourneyPattern id="VTR:StopPointInJourneyPattern:1124429" version="55270" order="13">
                  <ScheduledStopPointRef ref="VTR:ScheduledStopPoint:71836"/>
                  <DestinationDisplayRef ref="VTR:DestinationDisplay:1"/>
                </StopPointInJourneyPattern>
                <StopPointInJourneyPattern id="VTR:StopPointInJourneyPattern:1124430" version="55270" order="14">
                  <ScheduledStopPointRef ref="VTR:ScheduledStopPoint:71837"/>
                  <DestinationDisplayRef ref="VTR:DestinationDisplay:1"/>
                </StopPointInJourneyPattern>
                <StopPointInJourneyPattern id="VTR:StopPointInJourneyPattern:1124431" version="55270" order="15">
                  <ScheduledStopPointRef ref="VTR:ScheduledStopPoint:71838"/>
                  <DestinationDisplayRef ref="VTR:DestinationDisplay:1"/>
                </StopPointInJourneyPattern>
              </pointsInSequence>
            </JourneyPattern>
          </journeyPatterns>
        </ServiceFrame>
        <TimetableFrame version="1" id="VTR:TimetableFrame:1385">
          <vehicleJourneys>
            <ServiceJourney version="55270" id="VTR:ServiceJourney:55234">
              <Name>Kretinga-Naujoji Įpiltis</Name>
              <PrivateCode>1</PrivateCode>
              <dayTypes>
                <DayTypeRef ref="VTR:DayType:1449"/>
              </dayTypes>
              <JourneyPatternRef version="55270" ref="VTR:JourneyPattern:55234"/>
              <OperatorRef ref="VTR:Operator:482"/>
              <LineRef ref="VTR:Line:1781" version="1762"/>
              <passingTimes>
                <TimetabledPassingTime version="55270" id="VTR:TimetabledPassingTime:55234_1124417_1">
                  <StopPointInJourneyPatternRef ref="VTR:StopPointInJourneyPattern:1124417" version="55270"/>
                  <DepartureTime>06:25:00</DepartureTime>
                  <DepartureDayOffset>0</DepartureDayOffset>
                </TimetabledPassingTime>
                <TimetabledPassingTime version="55270" id="VTR:TimetabledPassingTime:55234_1124418_2">
                  <StopPointInJourneyPatternRef ref="VTR:StopPointInJourneyPattern:1124418" version="55270"/>
                  <DepartureTime>06:27:00</DepartureTime>
                  <DepartureDayOffset>0</DepartureDayOffset>
                </TimetabledPassingTime>
                <TimetabledPassingTime version="55270" id="VTR:TimetabledPassingTime:55234_1124419_3">
                  <StopPointInJourneyPatternRef ref="VTR:StopPointInJourneyPattern:1124419" version="55270"/>
                  <DepartureTime>06:28:00</DepartureTime>
                  <DepartureDayOffset>0</DepartureDayOffset>
                </TimetabledPassingTime>
                <TimetabledPassingTime version="55270" id="VTR:TimetabledPassingTime:55234_1124420_4">
                  <StopPointInJourneyPatternRef ref="VTR:StopPointInJourneyPattern:1124420" version="55270"/>
                  <DepartureTime>06:32:00</DepartureTime>
                  <DepartureDayOffset>0</DepartureDayOffset>
                </TimetabledPassingTime>
                <TimetabledPassingTime version="55270" id="VTR:TimetabledPassingTime:55234_1124421_5">
                  <StopPointInJourneyPatternRef ref="VTR:StopPointInJourneyPattern:1124421" version="55270"/>
                  <DepartureTime>06:36:00</DepartureTime>
                  <DepartureDayOffset>0</DepartureDayOffset>
                </TimetabledPassingTime>
                <TimetabledPassingTime version="55270" id="VTR:TimetabledPassingTime:55234_1124422_6">
                  <StopPointInJourneyPatternRef ref="VTR:StopPointInJourneyPattern:1124422" version="55270"/>
                  <DepartureTime>06:39:00</DepartureTime>
                  <DepartureDayOffset>0</DepartureDayOffset>
                </TimetabledPassingTime>
                <TimetabledPassingTime version="55270" id="VTR:TimetabledPassingTime:55234_1124423_7">
                  <StopPointInJourneyPatternRef ref="VTR:StopPointInJourneyPattern:1124423" version="55270"/>
                  <DepartureTime>06:41:00</DepartureTime>
                  <DepartureDayOffset>0</DepartureDayOffset>
                </TimetabledPassingTime>
                <TimetabledPassingTime version="55270" id="VTR:TimetabledPassingTime:55234_1124424_8">
                  <StopPointInJourneyPatternRef ref="VTR:StopPointInJourneyPattern:1124424" version="55270"/>
                  <DepartureTime>06:45:00</DepartureTime>
                  <DepartureDayOffset>0</DepartureDayOffset>
                </TimetabledPassingTime>
                <TimetabledPassingTime version="55270" id="VTR:TimetabledPassingTime:55234_1124425_9">
                  <StopPointInJourneyPatternRef ref="VTR:StopPointInJourneyPattern:1124425" version="55270"/>
                  <DepartureTime>06:48:00</DepartureTime>
                  <DepartureDayOffset>0</DepartureDayOffset>
                </TimetabledPassingTime>
                <TimetabledPassingTime version="55270" id="VTR:TimetabledPassingTime:55234_1124426_10">
                  <StopPointInJourneyPatternRef ref="VTR:StopPointInJourneyPattern:1124426" version="55270"/>
                  <DepartureTime>06:52:00</DepartureTime>
                  <DepartureDayOffset>0</DepartureDayOffset>
                </TimetabledPassingTime>
                <TimetabledPassingTime version="55270" id="VTR:TimetabledPassingTime:55234_1124427_11">
                  <StopPointInJourneyPatternRef ref="VTR:StopPointInJourneyPattern:1124427" version="55270"/>
                  <DepartureTime>06:58:00</DepartureTime>
                  <DepartureDayOffset>0</DepartureDayOffset>
                </TimetabledPassingTime>
                <TimetabledPassingTime version="55270" id="VTR:TimetabledPassingTime:55234_1124428_12">
                  <StopPointInJourneyPatternRef ref="VTR:StopPointInJourneyPattern:1124428" version="55270"/>
                  <DepartureTime>07:04:00</DepartureTime>
                  <DepartureDayOffset>0</DepartureDayOffset>
                </TimetabledPassingTime>
                <TimetabledPassingTime version="55270" id="VTR:TimetabledPassingTime:55234_1124429_13">
                  <StopPointInJourneyPatternRef ref="VTR:StopPointInJourneyPattern:1124429" version="55270"/>
                  <DepartureTime>07:10:00</DepartureTime>
                  <DepartureDayOffset>0</DepartureDayOffset>
                </TimetabledPassingTime>
                <TimetabledPassingTime version="55270" id="VTR:TimetabledPassingTime:55234_1124430_14">
                  <StopPointInJourneyPatternRef ref="VTR:StopPointInJourneyPattern:1124430" version="55270"/>
                  <DepartureTime>07:12:00</DepartureTime>
                  <DepartureDayOffset>0</DepartureDayOffset>
                </TimetabledPassingTime>
                <TimetabledPassingTime version="55270" id="VTR:TimetabledPassingTime:55234_1124431_15">
                  <StopPointInJourneyPatternRef ref="VTR:StopPointInJourneyPattern:1124431" version="55270"/>
                  <DepartureTime>07:15:00</DepartureTime>
                  <DepartureDayOffset>0</DepartureDayOffset>
                </TimetabledPassingTime>
              </passingTimes>
            </ServiceJourney>
          </vehicleJourneys>
        </TimetableFrame>
        <ResourceFrame version="1" id="VTR:ResourceFrame:1385">
          <organisations>
            <Authority version="1" id="VTR:Authority:18">
              <CompanyNumber>56</CompanyNumber>
              <Name>Kretingos r. sav.</Name>
              <LegalName>Kretingos r. sav.</LegalName>
              <ContactDetails>
                <Email>savivaldybe@kretinga.lt</Email>
                <Phone>844553141</Phone>
                <Url>www.kretinga.lt</Url>
              </ContactDetails>
              <OrganisationType>authority</OrganisationType>
            </Authority>
          </organisations>
        </ResourceFrame>
      </frames>
    </CompositeFrame>
  </dataObjects>
</PublicationDelivery>
