<?xml version="1.0" encoding="UTF-8"?><PublicationDelivery xmlns="http://www.netex.org.uk/netex" xmlns:gis="http://www.opengis.net/gml/3.2" xmlns:ns2="http://www.opengis.net/gml/3.2" xmlns:ns3="http://www.siri.org.uk/siri" xmlns:xsi="http://www.w3.org/2001/XMLSchema-instance" version="1" xsi:schemaLocation="">
  <PublicationTimestamp>2022-05-07T03:45:00.262</PublicationTimestamp>
  <ParticipantRef>VTR</ParticipantRef>
  <Description>1</Description>
  <dataObjects>
    <CompositeFrame created="2022-05-07T03:45:00.262" version="1" id="VTR:CompositeFrame:1385">
      <validityConditions>
        <AvailabilityCondition version="1" id="VTR:AvailabilityCondition:1385">
          <FromDate>2015-08-06T13:42:29</FromDate>
          <ToDate>2027-12-30T00:00:00</ToDate>
        </AvailabilityCondition>
      </validityConditions>
      <codespaces>
        <Codespace id="vtr">
          <Xmlns>VTR</Xmlns>
          <XmlnsUrl>http://www.visimarsrutai.lt/</XmlnsUrl>
        </Codespace>
      </codespaces>
      <FrameDefaults>
        <DefaultLocale>
          <TimeZone>Europe/Vilnius</TimeZone>
        </DefaultLocale>
        <DefaultLocationSystem>WGS84</DefaultLocationSystem>
      </FrameDefaults>
      <frames>
        <ServiceCalendarFrame version="1" id="VTR:ServiceCalendarFrame:1385">
          <dayTypes>
            <DayType id="VTR:DayType:1449" version="1">
              <properties>
                <PropertyOfDay>
                  <DaysOfWeek>Monday Tuesday Wednesday Thursday Friday</DaysOfWeek>
                </PropertyOfDay>
              </properties>
            </DayType>
            <DayType id="VTR:DayType:1522" version="1">
              <properties>
                <PropertyOfDay>
                  <DaysOfWeek>Sunday</DaysOfWeek>
                </PropertyOfDay>
              </properties>
            </DayType>
          </dayTypes>
          <operatingPeriods>
            <OperatingPeriod version="1" id="VTR:OperatingPeriod:1449">
              <FromDate>2015-08-21T00:00:00</FromDate>
              <ToDate>2020-12-31T00:00:00</ToDate>
            </OperatingPeriod>
            <OperatingPeriod version="1" id="VTR:OperatingPeriod:1522">
              <FromDate>2015-08-31T00:00:00</FromDate>
              <ToDate>2020-12-31T00:00:00</ToDate>
            </OperatingPeriod>
          </operatingPeriods>
          <dayTypeAssignments>
            <DayTypeAssignment id="VTR:DayTypeAssignment:1449_0" version="1" order="1450">
              <OperatingPeriodRef ref="VTR:OperatingPeriod:1449" version="1"/>
              <DayTypeRef ref="VTR:DayType:1449" version="1"/>
            </DayTypeAssignment>
            <DayTypeAssignment id="VTR:DayTypeAssignment:1522_0" version="1" order="1501">
              <OperatingPeriodRef ref="VTR:OperatingPeriod:1522" version="1"/>
              <DayTypeRef ref="VTR:DayType:1522" version="1"/>
            </DayTypeAssignment>
          </dayTypeAssignments>
        </ServiceCalendarFrame>
        <ServiceFrame id="VTR:ServiceFrame:1385" version="1">
          <Network version="0" id="VTR:Network:18"/>
          <routePoints>
            <RoutePoint version="1" id="VTR:RoutePoint:112789">
              <projections>
                <PointProjection version="1" id="VTR:PointProjection:33591">
                  <ProjectedPointRef ref="VTR:ScheduledStopPoint:112789" version="1"/>
                </PointProjection>
              </projections>
            </RoutePoint>
            <RoutePoint version="1" id="VTR:RoutePoint:71732">
              <projections>
                <PointProjection version="1" id="VTR:PointProjection:23243">
                  <ProjectedPointRef ref="VTR:ScheduledStopPoint:71732" version="1"/>
                </PointProjection>
              </projections>
            </RoutePoint>
            <RoutePoint version="1" id="VTR:RoutePoint:71733">
              <projections>
                <PointProjection version="1" id="VTR:PointProjection:23244">
                  <ProjectedPointRef ref="VTR:ScheduledStopPoint:71733" version="1"/>
                </PointProjection>
              </projections>
            </RoutePoint>
            <RoutePoint version="1" id="VTR:RoutePoint:71734">
              <projections>
                <PointProjection version="1" id="VTR:PointProjection:23245">
                  <ProjectedPointRef ref="VTR:ScheduledStopPoint:71734" version="1"/>
                </PointProjection>
              </projections>
            </RoutePoint>
            <RoutePoint version="1" id="VTR:RoutePoint:71735">
              <projections>
                <PointProjection version="1" id="VTR:PointProjection:23246">
                  <ProjectedPointRef ref="VTR:ScheduledStopPoint:71735" version="1"/>
                </PointProjection>
              </projections>
            </RoutePoint>
            <RoutePoint version="1" id="VTR:RoutePoint:71736">
              <projections>
                <PointProjection version="1" id="VTR:PointProjection:23247">
                  <ProjectedPointRef ref="VTR:ScheduledStopPoint:71736" version="1"/>
                </PointProjection>
              </projections>
            </RoutePoint>
            <RoutePoint version="1" id="VTR:RoutePoint:71737">
              <projections>
                <PointProjection version="1" id="VTR:PointProjection:23287">
                  <ProjectedPointRef ref="VTR:ScheduledStopPoint:71737" version="1"/>
                </PointProjection>
              </projections>
            </RoutePoint>
            <RoutePoint version="1" id="VTR:RoutePoint:71738">
              <projections>
                <PointProjection version="1" id="VTR:PointProjection:23288">
                  <ProjectedPointRef ref="VTR:ScheduledStopPoint:71738" version="1"/>
                </PointProjection>
              </projections>
            </RoutePoint>
            <RoutePoint version="1" id="VTR:RoutePoint:71739">
              <projections>
                <PointProjection version="1" id="VTR:PointProjection:23289">
                  <ProjectedPointRef ref="VTR:ScheduledStopPoint:71739" version="1"/>
                </PointProjection>
              </projections>
            </RoutePoint>
            <RoutePoint version="1" id="VTR:RoutePoint:71740">
              <projections>
                <PointProjection version="1" id="VTR:PointProjection:23290">
                  <ProjectedPointRef ref="VTR:ScheduledStopPoint:71740" version="1"/>
                </PointProjection>
              </projections>
            </RoutePoint>
            <RoutePoint version="1" id="VTR:RoutePoint:71741">
              <projections>
                <PointProjection version="1" id="VTR:PointProjection:23291">
                  <ProjectedPointRef ref="VTR:ScheduledStopPoint:71741" version="1"/>
                </PointProjection>
              </projections>
            </RoutePoint>
            <RoutePoint version="1" id="VTR:RoutePoint:71742">
              <projections>
                <PointProjection version="1" id="VTR:PointProjection:23292">
                  <ProjectedPointRef ref="VTR:ScheduledStopPoint:71742" version="1"/>
                </PointProjection>
              </projections>
            </RoutePoint>
            <RoutePoint version="1" id="VTR:RoutePoint:71743">
              <projections>
                <PointProjection version="1" id="VTR:PointProjection:23293">
                  <ProjectedPointRef ref="VTR:ScheduledStopPoint:71743" version="1"/>
                </PointProjection>
              </projections>
            </RoutePoint>
            <RoutePoint version="1" id="VTR:RoutePoint:71744">
              <projections>
                <PointProjection version="1" id="VTR:PointProjection:23294">
                  <ProjectedPointRef ref="VTR:ScheduledStopPoint:71744" version="1"/>
                </PointProjection>
              </projections>
            </RoutePoint>
            <RoutePoint version="1" id="VTR:RoutePoint:71745">
              <projections>
                <PointProjection version="1" id="VTR:PointProjection:23295">
                  <ProjectedPointRef ref="VTR:ScheduledStopPoint:71745" version="1"/>
                </PointProjection>
              </projections>
            </RoutePoint>
            <RoutePoint version="1" id="VTR:RoutePoint:71746">
              <projections>
                <PointProjection version="1" id="VTR:PointProjection:23296">
                  <ProjectedPointRef ref="VTR:ScheduledStopPoint:71746" version="1"/>
                </PointProjection>
              </projections>
            </RoutePoint>
            <RoutePoint version="1" id="VTR:RoutePoint:71747">
              <projections>
                <PointProjection version="1" id="VTR:PointProjection:23297">
                  <ProjectedPointRef ref="VTR:ScheduledStopPoint:71747" version="1"/>
                </PointProjection>
              </projections>
            </RoutePoint>
            <RoutePoint version="1" id="VTR:RoutePoint:71748">
              <projections>
                <PointProjection version="1" id="VTR:PointProjection:23298">
                  <ProjectedPointRef ref="VTR:ScheduledStopPoint:71748" version="1"/>
                </PointProjection>
              </projections>
            </RoutePoint>
            <RoutePoint version="1" id="VTR:RoutePoint:71749">
              <projections>
                <PointProjection version="1" id="VTR:PointProjection:23299">
                  <ProjectedPointRef ref="VTR:ScheduledStopPoint:71749" version="1"/>
                </PointProjection>
              </projections>
            </RoutePoint>
          </routePoints>
          <routes>
            <Route version="1" id="VTR:Route:4296">
              <Name>N.Įpiltis-Laukžemė-Kretinga</Name>
              <ShortName>N.Įpiltis-Laukžemė-Kretinga</ShortName>
              <LineRef ref="VTR:Line:1779" version="1760"/>
              <DirectionType>inbound</DirectionType>
              <pointsInSequence>
                <PointOnRoute version="1" id="VTR:PointOnRoute:71732" order="1">
                  <RoutePointRef ref="VTR:RoutePoint:71732"/>
                </PointOnRoute>
                <PointOnRoute version="1" id="VTR:PointOnRoute:71733" order="2">
                  <RoutePointRef ref="VTR:RoutePoint:71733"/>
                </PointOnRoute>
                <PointOnRoute version="1" id="VTR:PointOnRoute:71734" order="3">
                  <RoutePointRef ref="VTR:RoutePoint:71734"/>
                </PointOnRoute>
                <PointOnRoute version="1" id="VTR:PointOnRoute:71735" order="4">
                  <RoutePointRef ref="VTR:RoutePoint:71735"/>
                </PointOnRoute>
                <PointOnRoute version="1" id="VTR:PointOnRoute:71736" order="5">
                  <RoutePointRef ref="VTR:RoutePoint:71736"/>
                </PointOnRoute>
                <PointOnRoute version="1" id="VTR:PointOnRoute:71737" order="6">
                  <RoutePointRef ref="VTR:RoutePoint:71737"/>
                </PointOnRoute>
                <PointOnRoute version="1" id="VTR:PointOnRoute:71738" order="7">
                  <RoutePointRef ref="VTR:RoutePoint:71738"/>
                </PointOnRoute>
                <PointOnRoute version="1" id="VTR:PointOnRoute:112789" order="8">
                  <RoutePointRef ref="VTR:RoutePoint:112789"/>
                </PointOnRoute>
                <PointOnRoute version="1" id="VTR:PointOnRoute:71739" order="9">
                  <RoutePointRef ref="VTR:RoutePoint:71739"/>
                </PointOnRoute>
                <PointOnRoute version="1" id="VTR:PointOnRoute:71740" order="10">
                  <RoutePointRef ref="VTR:RoutePoint:71740"/>
                </PointOnRoute>
                <PointOnRoute version="1" id="VTR:PointOnRoute:71741" order="11">
                  <RoutePointRef ref="VTR:RoutePoint:71741"/>
                </PointOnRoute>
                <PointOnRoute version="1" id="VTR:PointOnRoute:71742" order="12">
                  <RoutePointRef ref="VTR:RoutePoint:71742"/>
                </PointOnRoute>
                <PointOnRoute version="1" id="VTR:PointOnRoute:71743" order="13">
                  <RoutePointRef ref="VTR:RoutePoint:71743"/>
                </PointOnRoute>
                <PointOnRoute version="1" id="VTR:PointOnRoute:71744" order="14">
                  <RoutePointRef ref="VTR:RoutePoint:71744"/>
                </PointOnRoute>
                <PointOnRoute version="1" id="VTR:PointOnRoute:71745" order="15">
                  <RoutePointRef ref="VTR:RoutePoint:71745"/>
                </PointOnRoute>
                <PointOnRoute version="1" id="VTR:PointOnRoute:71746" order="16">
                  <RoutePointRef ref="VTR:RoutePoint:71746"/>
                </PointOnRoute>
                <PointOnRoute version="1" id="VTR:PointOnRoute:71747" order="17">
                  <RoutePointRef ref="VTR:RoutePoint:71747"/>
                </PointOnRoute>
                <PointOnRoute version="1" id="VTR:PointOnRoute:71748" order="18">
                  <RoutePointRef ref="VTR:RoutePoint:71748"/>
                </PointOnRoute>
                <PointOnRoute version="1" id="VTR:PointOnRoute:71749" order="19">
                  <RoutePointRef ref="VTR:RoutePoint:71749"/>
                </PointOnRoute>
              </pointsInSequence>
            </Route>
          </routes>
          <lines>
            <Line version="1760" id="VTR:Line:1779">
              <Name>N.Įpiltis-Laukžemė-Kretinga</Name>
              <TransportMode>bus</TransportMode>
              <TransportSubmode>
                <BusSubmode>regionalBus</BusSubmode>
              </TransportSubmode>
              <PublicCode>80A</PublicCode>
              <OperatorRef ref="VTR:Operator:18"/>
            </Line>
          </lines>
          <scheduledStopPoints>
            <ScheduledStopPoint version="1" id="VTR:ScheduledStopPoint:112789">
              <Name>Medomiškė</Name>
            </ScheduledStopPoint>
            <ScheduledStopPoint version="1" id="VTR:ScheduledStopPoint:71732">
              <Name>Naujoji Įpiltis</Name>
            </ScheduledStopPoint>
            <ScheduledStopPoint version="1" id="VTR:ScheduledStopPoint:71733">
              <Name>Kiaupiškė</Name>
            </ScheduledStopPoint>
            <ScheduledStopPoint version="1" id="VTR:ScheduledStopPoint:71734">
              <Name>Benaičiai</Name>
            </ScheduledStopPoint>
            <ScheduledStopPoint version="1" id="VTR:ScheduledStopPoint:71735">
              <Name>Senoji Įpiltis</Name>
            </ScheduledStopPoint>
            <ScheduledStopPoint version="1" id="VTR:ScheduledStopPoint:71736">
              <Name>Benaičiai</Name>
            </ScheduledStopPoint>
            <ScheduledStopPoint version="1" id="VTR:ScheduledStopPoint:71737">
              <Name>Sūdėnai</Name>
            </ScheduledStopPoint>
            <ScheduledStopPoint version="1" id="VTR:ScheduledStopPoint:71738">
              <Name>Laukžemė</Name>
            </ScheduledStopPoint>
            <ScheduledStopPoint version="1" id="VTR:ScheduledStopPoint:71739">
              <Name>Medšarkiai</Name>
            </ScheduledStopPoint>
            <ScheduledStopPoint version="1" id="VTR:ScheduledStopPoint:71740">
              <Name>Darbėnai</Name>
            </ScheduledStopPoint>
            <ScheduledStopPoint version="1" id="VTR:ScheduledStopPoint:71741">
              <Name>Pasertupis</Name>
            </ScheduledStopPoint>
            <ScheduledStopPoint version="1" id="VTR:ScheduledStopPoint:71742">
              <Name>Daubėnai</Name>
            </ScheduledStopPoint>
            <ScheduledStopPoint version="1" id="VTR:ScheduledStopPoint:71743">
              <Name>Tūbausiai</Name>
            </ScheduledStopPoint>
            <ScheduledStopPoint version="1" id="VTR:ScheduledStopPoint:71744">
              <Name>Senkai</Name>
            </ScheduledStopPoint>
            <ScheduledStopPoint version="1" id="VTR:ScheduledStopPoint:71745">
              <Name>Kurmaičiai</Name>
            </ScheduledStopPoint>
            <ScheduledStopPoint version="1" id="VTR:ScheduledStopPoint:71746">
              <Name>Laidojimo namai ,,Rimtis"</Name>
            </ScheduledStopPoint>
            <ScheduledStopPoint version="1" id="VTR:ScheduledStopPoint:71747">
              <Name>Daujoto vid. m-kla</Name>
            </ScheduledStopPoint>
            <ScheduledStopPoint version="1" id="VTR:ScheduledStopPoint:71748">
              <Name>Rotušės aikštė</Name>
            </ScheduledStopPoint>
            <ScheduledStopPoint version="1" id="VTR:ScheduledStopPoint:71749">
              <Name>Kretingos autobusų stotis</Name>
            </ScheduledStopPoint>
          </scheduledStopPoints>
          <serviceLinks>
            <ServiceLink id="VTR:ServiceLink:112789_1_71739_1" version="1">
              <Distance>0</Distance>
              <FromPointRef ref="VTR:ScheduledStopPoint:112789" version="1"/>
              <ToPointRef ref="VTR:ScheduledStopPoint:71739" version="1"/>
            </ServiceLink>
            <ServiceLink id="VTR:ServiceLink:71740_1_71741_1" version="1">
              <Distance>1</Distance>
              <FromPointRef ref="VTR:ScheduledStopPoint:71740" version="1"/>
              <ToPointRef ref="VTR:ScheduledStopPoint:71741" version="1"/>
            </ServiceLink>
            <ServiceLink id="VTR:ServiceLink:71744_1_71745_1" version="1">
              <Distance>1</Distance>
              <FromPointRef ref="VTR:ScheduledStopPoint:71744" version="1"/>
              <ToPointRef ref="VTR:ScheduledStopPoint:71745" version="1"/>
            </ServiceLink>
            <ServiceLink id="VTR:ServiceLink:71745_1_71746_1" version="1">
              <Distance>3</Distance>
              <FromPointRef ref="VTR:ScheduledStopPoint:71745" version="1"/>
              <ToPointRef ref="VTR:ScheduledStopPoint:71746" version="1"/>
            </ServiceLink>
            <ServiceLink id="VTR:ServiceLink:71746_1_71747_1" version="1">
              <Distance>1</Distance>
              <FromPointRef ref="VTR:ScheduledStopPoint:71746" version="1"/>
              <ToPointRef ref="VTR:ScheduledStopPoint:71747" version="1"/>
            </ServiceLink>
            <ServiceLink id="VTR:ServiceLink:71736_1_71737_1" version="1">
              <Distance>2</Distance>
              <FromPointRef ref="VTR:ScheduledStopPoint:71736" version="1"/>
              <ToPointRef ref="VTR:ScheduledStopPoint:71737" version="1"/>
            </ServiceLink>
            <ServiceLink id="VTR:ServiceLink:71733_1_71734_1" version="1">
              <Distance>2</Distance>
              <FromPointRef ref="VTR:ScheduledStopPoint:71733" version="1"/>
              <ToPointRef ref="VTR:ScheduledStopPoint:71734" version="1"/>
            </ServiceLink>
            <ServiceLink id="VTR:ServiceLink:71748_1_71749_1" version="1">
              <Distance>1</Distance>
              <FromPointRef ref="VTR:ScheduledStopPoint:71748" version="1"/>
              <ToPointRef ref="VTR:ScheduledStopPoint:71749" version="1"/>
            </ServiceLink>
            <ServiceLink id="VTR:ServiceLink:71738_1_112789_1" version="1">
              <Distance>2</Distance>
              <FromPointRef ref="VTR:ScheduledStopPoint:71738" version="1"/>
              <ToPointRef ref="VTR:ScheduledStopPoint:112789" version="1"/>
            </ServiceLink>
            <ServiceLink id="VTR:ServiceLink:71742_1_71743_1" version="1">
              <Distance>2</Distance>
              <FromPointRef ref="VTR:ScheduledStopPoint:71742" version="1"/>
              <ToPointRef ref="VTR:ScheduledStopPoint:71743" version="1"/>
            </ServiceLink>
            <ServiceLink id="VTR:ServiceLink:71737_1_71738_1" version="1">
              <Distance>2</Distance>
              <FromPointRef ref="VTR:ScheduledStopPoint:71737" version="1"/>
              <ToPointRef ref="VTR:ScheduledStopPoint:71738" version="1"/>
            </ServiceLink>
            <ServiceLink id="VTR:ServiceLink:71735_1_71736_1" version="1">
              <Distance>3</Distance>
              <FromPointRef ref="VTR:ScheduledStopPoint:71735" version="1"/>
              <ToPointRef ref="VTR:ScheduledStopPoint:71736" version="1"/>
            </ServiceLink>
            <ServiceLink id="VTR:ServiceLink:71739_1_71740_1" version="1">
              <Distance>3</Distance>
              <FromPointRef ref="VTR:ScheduledStopPoint:71739" version="1"/>
              <ToPointRef ref="VTR:ScheduledStopPoint:71740" version="1"/>
            </ServiceLink>
            <ServiceLink id="VTR:ServiceLink:71743_1_71744_1" version="1">
              <Distance>1</Distance>
              <FromPointRef ref="VTR:ScheduledStopPoint:71743" version="1"/>
              <ToPointRef ref="VTR:ScheduledStopPoint:71744" version="1"/>
            </ServiceLink>
            <ServiceLink id="VTR:ServiceLink:71747_1_71748_1" version="1">
              <Distance>0</Distance>
              <FromPointRef ref="VTR:ScheduledStopPoint:71747" version="1"/>
              <ToPointRef ref="VTR:ScheduledStopPoint:71748" version="1"/>
            </ServiceLink>
            <ServiceLink id="VTR:ServiceLink:71732_1_71733_1" version="1">
              <Distance>1</Distance>
              <FromPointRef ref="VTR:ScheduledStopPoint:71732" version="1"/>
              <ToPointRef ref="VTR:ScheduledStopPoint:71733" version="1"/>
            </ServiceLink>
            <ServiceLink id="VTR:ServiceLink:71741_1_71742_1" version="1">
              <Distance>2</Distance>
              <FromPointRef ref="VTR:ScheduledStopPoint:71741" version="1"/>
              <ToPointRef ref="VTR:ScheduledStopPoint:71742" version="1"/>
            </ServiceLink>
            <ServiceLink id="VTR:ServiceLink:71734_1_71735_1" version="1">
              <Distance>2</Distance>
              <FromPointRef ref="VTR:ScheduledStopPoint:71734" version="1"/>
              <ToPointRef ref="VTR:ScheduledStopPoint:71735" version="1"/>
            </ServiceLink>
          </serviceLinks>
          <stopAssignments>
            <PassengerStopAssignment order="429600000" id="VTR:PassengerStopAssignment:71732" version="1">
              <ScheduledStopPointRef ref="VTR:ScheduledStopPoint:71732" version="1"/>
              <QuayRef ref="VTR:Quay:10366"/>
            </PassengerStopAssignment>
            <PassengerStopAssignment order="429600001" id="VTR:PassengerStopAssignment:71733" version="1">
              <ScheduledStopPointRef ref="VTR:ScheduledStopPoint:71733" version="1"/>
              <QuayRef ref="VTR:Quay:21629"/>
            </PassengerStopAssignment>
            <PassengerStopAssignment order="429600002" id="VTR:PassengerStopAssignment:71734" version="1">
              <ScheduledStopPointRef ref="VTR:ScheduledStopPoint:71734" version="1"/>
              <QuayRef ref="VTR:Quay:6308"/>
            </PassengerStopAssignment>
            <PassengerStopAssignment order="429600003" id="VTR:PassengerStopAssignment:71735" version="1">
              <ScheduledStopPointRef ref="VTR:ScheduledStopPoint:71735" version="1"/>
              <QuayRef ref="VTR:Quay:12147"/>
            </PassengerStopAssignment>
            <PassengerStopAssignment order="429600004" id="VTR:PassengerStopAssignment:71736" version="1">
              <ScheduledStopPointRef ref="VTR:ScheduledStopPoint:71736" version="1"/>
              <QuayRef ref="VTR:Quay:14404"/>
            </PassengerStopAssignment>
            <PassengerStopAssignment order="429600005" id="VTR:PassengerStopAssignment:71737" version="1">
              <ScheduledStopPointRef ref="VTR:ScheduledStopPoint:71737" version="1"/>
              <QuayRef ref="VTR:Quay:9195"/>
            </PassengerStopAssignment>
            <PassengerStopAssignment order="429600006" id="VTR:PassengerStopAssignment:71738" version="1">
              <ScheduledStopPointRef ref="VTR:ScheduledStopPoint:71738" version="1"/>
              <QuayRef ref="VTR:Quay:9197"/>
            </PassengerStopAssignment>
            <PassengerStopAssignment order="429600007" id="VTR:PassengerStopAssignment:112789" version="1">
              <ScheduledStopPointRef ref="VTR:ScheduledStopPoint:112789" version="1"/>
              <QuayRef ref="VTR:Quay:21632"/>
            </PassengerStopAssignment>
            <PassengerStopAssignment order="429600008" id="VTR:PassengerStopAssignment:71739" version="1">
              <ScheduledStopPointRef ref="VTR:ScheduledStopPoint:71739" version="1"/>
              <QuayRef ref="VTR:Quay:7598"/>
            </PassengerStopAssignment>
            <PassengerStopAssignment order="429600009" id="VTR:PassengerStopAssignment:71740" version="1">
              <ScheduledStopPointRef ref="VTR:ScheduledStopPoint:71740" version="1"/>
              <QuayRef ref="VTR:Quay:12981"/>
            </PassengerStopAssignment>
            <PassengerStopAssignment order="429600010" id="VTR:PassengerStopAssignment:71741" version="1">
              <ScheduledStopPointRef ref="VTR:ScheduledStopPoint:71741" version="1"/>
              <QuayRef ref="VTR:Quay:16615"/>
            </PassengerStopAssignment>
            <PassengerStopAssignment order="429600011" id="VTR:PassengerStopAssignment:71742" version="1">
              <ScheduledStopPointRef ref="VTR:ScheduledStopPoint:71742" version="1"/>
              <QuayRef ref="VTR:Quay:15206"/>
            </PassengerStopAssignment>
            <PassengerStopAssignment order="429600012" id="VTR:PassengerStopAssignment:71743" version="1">
              <ScheduledStopPointRef ref="VTR:ScheduledStopPoint:71743" version="1"/>
              <QuayRef ref="VTR:Quay:7183"/>
            </PassengerStopAssignment>
            <PassengerStopAssignment order="429600013" id="VTR:PassengerStopAssignment:71744" version="1">
              <ScheduledStopPointRef ref="VTR:ScheduledStopPoint:71744" version="1"/>
              <QuayRef ref="VTR:Quay:16038"/>
            </PassengerStopAssignment>
            <PassengerStopAssignment order="429600014" id="VTR:PassengerStopAssignment:71745" version="1">
              <ScheduledStopPointRef ref="VTR:ScheduledStopPoint:71745" version="1"/>
              <QuayRef ref="VTR:Quay:7128"/>
            </PassengerStopAssignment>
            <PassengerStopAssignment order="429600015" id="VTR:PassengerStopAssignment:71746" version="1">
              <ScheduledStopPointRef ref="VTR:ScheduledStopPoint:71746" version="1"/>
              <QuayRef ref="VTR:Quay:21390"/>
            </PassengerStopAssignment>
            <PassengerStopAssignment order="429600016" id="VTR:PassengerStopAssignment:71747" version="1">
              <ScheduledStopPointRef ref="VTR:ScheduledStopPoint:71747" version="1"/>
              <QuayRef ref="VTR:Quay:3679"/>
            </PassengerStopAssignment>
            <PassengerStopAssignment order="429600017" id="VTR:PassengerStopAssignment:71748" version="1">
              <ScheduledStopPointRef ref="VTR:ScheduledStopPoint:71748" version="1"/>
              <QuayRef ref="VTR:Quay:21210"/>
            </PassengerStopAssignment>
            <PassengerStopAssignment order="429600018" id="VTR:PassengerStopAssignment:71749" version="1">
              <ScheduledStopPointRef ref="VTR:ScheduledStopPoint:71749" version="1"/>
              <QuayRef ref="VTR:Quay:19494"/>
            </PassengerStopAssignment>
          </stopAssignments>
          <journeyPatterns>
            <JourneyPattern id="VTR:JourneyPattern:55265" version="55301">
              <Name>7</Name>
              <RouteRef ref="VTR:Route:4296" version="1"/>
              <pointsInSequence>
                <StopPointInJourneyPattern id="VTR:StopPointInJourneyPattern:1124850" version="55301" order="1">
                  <ScheduledStopPointRef ref="VTR:ScheduledStopPoint:71732"/>
                  <DestinationDisplayRef ref="VTR:DestinationDisplay:1"/>
                </StopPointInJourneyPattern>
                <StopPointInJourneyPattern id="VTR:StopPointInJourneyPattern:1124851" version="55301" order="2">
                  <ScheduledStopPointRef ref="VTR:ScheduledStopPoint:71733"/>
                  <DestinationDisplayRef ref="VTR:DestinationDisplay:1"/>
                </StopPointInJourneyPattern>
                <StopPointInJourneyPattern id="VTR:StopPointInJourneyPattern:1124852" version="55301" order="3">
                  <ScheduledStopPointRef ref="VTR:ScheduledStopPoint:71734"/>
                  <DestinationDisplayRef ref="VTR:DestinationDisplay:1"/>
                </StopPointInJourneyPattern>
                <StopPointInJourneyPattern id="VTR:StopPointInJourneyPattern:1124853" version="55301" order="4">
                  <ScheduledStopPointRef ref="VTR:ScheduledStopPoint:71735"/>
                  <DestinationDisplayRef ref="VTR:DestinationDisplay:1"/>
                </StopPointInJourneyPattern>
                <StopPointInJourneyPattern id="VTR:StopPointInJourneyPattern:1124854" version="55301" order="5">
                  <ScheduledStopPointRef ref="VTR:ScheduledStopPoint:71736"/>
                  <DestinationDisplayRef ref="VTR:DestinationDisplay:1"/>
                </StopPointInJourneyPattern>
                <StopPointInJourneyPattern id="VTR:StopPointInJourneyPattern:1124855" version="55301" order="6">
                  <ScheduledStopPointRef ref="VTR:ScheduledStopPoint:71737"/>
                  <DestinationDisplayRef ref="VTR:DestinationDisplay:1"/>
                </StopPointInJourneyPattern>
                <StopPointInJourneyPattern id="VTR:StopPointInJourneyPattern:1124856" version="55301" order="7">
                  <ScheduledStopPointRef ref="VTR:ScheduledStopPoint:71738"/>
                  <DestinationDisplayRef ref="VTR:DestinationDisplay:1"/>
                </StopPointInJourneyPattern>
                <StopPointInJourneyPattern id="VTR:StopPointInJourneyPattern:1124857" version="55301" order="8">
                  <ScheduledStopPointRef ref="VTR:ScheduledStopPoint:112789"/>
                  <DestinationDisplayRef ref="VTR:DestinationDisplay:1"/>
                </StopPointInJourneyPattern>
                <StopPointInJourneyPattern id="VTR:StopPointInJourneyPattern:1124858" version="55301" order="9">
                  <ScheduledStopPointRef ref="VTR:ScheduledStopPoint:71739"/>
                  <DestinationDisplayRef ref="VTR:DestinationDisplay:1"/>
                </StopPointInJourneyPattern>
                <StopPointInJourneyPattern id="VTR:StopPointInJourneyPattern:1124859" version="55301" order="10">
                  <ScheduledStopPointRef ref="VTR:ScheduledStopPoint:71740"/>
                  <DestinationDisplayRef ref="VTR:DestinationDisplay:1"/>
                </StopPointInJourneyPattern>
                <StopPointInJourneyPattern id="VTR:StopPointInJourneyPattern:1124860" version="55301" order="11">
                  <ScheduledStopPointRef ref="VTR:ScheduledStopPoint:71741"/>
                  <DestinationDisplayRef ref="VTR:DestinationDisplay:1"/>
                </StopPointInJourneyPattern>
                <StopPointInJourneyPattern id="VTR:StopPointInJourneyPattern:1124861" version="55301" order="12">
                  <ScheduledStopPointRef ref="VTR:ScheduledStopPoint:71742"/>
                  <DestinationDisplayRef ref="VTR:DestinationDisplay:1"/>
                </StopPointInJourneyPattern>
                <StopPointInJourneyPattern id="VTR:StopPointInJourneyPattern:1124862" version="55301" order="13">
                  <ScheduledStopPointRef ref="VTR:ScheduledStopPoint:71743"/>
                  <DestinationDisplayRef ref="VTR:DestinationDisplay:1"/>
                </StopPointInJourneyPattern>
                <StopPointInJourneyPattern id="VTR:StopPointInJourneyPattern:1124863" version="55301" order="14">
                  <ScheduledStopPointRef ref="VTR:ScheduledStopPoint:71744"/>
                  <DestinationDisplayRef ref="VTR:DestinationDisplay:1"/>
                </StopPointInJourneyPattern>
                <StopPointInJourneyPattern id="VTR:StopPointInJourneyPattern:1124864" version="55301" order="15">
                  <ScheduledStopPointRef ref="VTR:ScheduledStopPoint:71745"/>
                  <DestinationDisplayRef ref="VTR:DestinationDisplay:1"/>
                </StopPointInJourneyPattern>
                <StopPointInJourneyPattern id="VTR:StopPointInJourneyPattern:1124865" version="55301" order="16">
                  <ScheduledStopPointRef ref="VTR:ScheduledStopPoint:71746"/>
                  <DestinationDisplayRef ref="VTR:DestinationDisplay:1"/>
                </StopPointInJourneyPattern>
                <StopPointInJourneyPattern id="VTR:StopPointInJourneyPattern:1124866" version="55301" order="17">
                  <ScheduledStopPointRef ref="VTR:ScheduledStopPoint:71747"/>
                  <DestinationDisplayRef ref="VTR:DestinationDisplay:1"/>
                </StopPointInJourneyPattern>
                <StopPointInJourneyPattern id="VTR:StopPointInJourneyPattern:1124867" version="55301" order="18">
                  <ScheduledStopPointRef ref="VTR:ScheduledStopPoint:71748"/>
                  <DestinationDisplayRef ref="VTR:DestinationDisplay:1"/>
                </StopPointInJourneyPattern>
                <StopPointInJourneyPattern id="VTR:StopPointInJourneyPattern:1124868" version="55301" order="19">
                  <ScheduledStopPointRef ref="VTR:ScheduledStopPoint:71749"/>
                  <DestinationDisplayRef ref="VTR:DestinationDisplay:1"/>
                </StopPointInJourneyPattern>
              </pointsInSequence>
            </JourneyPattern>
            <JourneyPattern id="VTR:JourneyPattern:55263" version="55299">
              <Name>5</Name>
              <RouteRef ref="VTR:Route:4296" version="1"/>
              <pointsInSequence>
                <StopPointInJourneyPattern id="VTR:StopPointInJourneyPattern:1124811" version="55299" order="1">
                  <ScheduledStopPointRef ref="VTR:ScheduledStopPoint:71732"/>
                  <DestinationDisplayRef ref="VTR:DestinationDisplay:1"/>
                </StopPointInJourneyPattern>
                <StopPointInJourneyPattern id="VTR:StopPointInJourneyPattern:1124812" version="55299" order="2">
                  <ScheduledStopPointRef ref="VTR:ScheduledStopPoint:71733"/>
                  <DestinationDisplayRef ref="VTR:DestinationDisplay:1"/>
                </StopPointInJourneyPattern>
                <StopPointInJourneyPattern id="VTR:StopPointInJourneyPattern:1124813" version="55299" order="3">
                  <ScheduledStopPointRef ref="VTR:ScheduledStopPoint:71734"/>
                  <DestinationDisplayRef ref="VTR:DestinationDisplay:1"/>
                </StopPointInJourneyPattern>
                <StopPointInJourneyPattern id="VTR:StopPointInJourneyPattern:1124814" version="55299" order="4">
                  <ScheduledStopPointRef ref="VTR:ScheduledStopPoint:71735"/>
                  <DestinationDisplayRef ref="VTR:DestinationDisplay:1"/>
                </StopPointInJourneyPattern>
                <StopPointInJourneyPattern id="VTR:StopPointInJourneyPattern:1124815" version="55299" order="5">
                  <ScheduledStopPointRef ref="VTR:ScheduledStopPoint:71736"/>
                  <DestinationDisplayRef ref="VTR:DestinationDisplay:1"/>
                </StopPointInJourneyPattern>
                <StopPointInJourneyPattern id="VTR:StopPointInJourneyPattern:1124816" version="55299" order="6">
                  <ScheduledStopPointRef ref="VTR:ScheduledStopPoint:71737"/>
                  <DestinationDisplayRef ref="VTR:DestinationDisplay:1"/>
                </StopPointInJourneyPattern>
                <StopPointInJourneyPattern id="VTR:StopPointInJourneyPattern:1124817" version="55299" order="7">
                  <ScheduledStopPointRef ref="VTR:ScheduledStopPoint:71738"/>
                  <DestinationDisplayRef ref="VTR:DestinationDisplay:1"/>
                </StopPointInJourneyPattern>
                <StopPointInJourneyPattern id="VTR:StopPointInJourneyPattern:1124818" version="55299" order="8">
                  <ScheduledStopPointRef ref="VTR:ScheduledStopPoint:112789"/>
                  <DestinationDisplayRef ref="VTR:DestinationDisplay:1"/>
                </StopPointInJourneyPattern>
                <StopPointInJourneyPattern id="VTR:StopPointInJourneyPattern:1124819" version="55299" order="9">
                  <ScheduledStopPointRef ref="VTR:ScheduledStopPoint:71739"/>
                  <DestinationDisplayRef ref="VTR:DestinationDisplay:1"/>
                </StopPointInJourneyPattern>
                <StopPointInJourneyPattern id="VTR:StopPointInJourneyPattern:1124820" version="55299" order="10">
                  <ScheduledStopPointRef ref="VTR:ScheduledStopPoint:71740"/>
                  <DestinationDisplayRef ref="VTR:DestinationDisplay:1"/>
                </StopPointInJourneyPattern>
                <StopPointInJourneyPattern id="VTR:StopPointInJourneyPattern:1124821" version="55299" order="11">
                  <ScheduledStopPointRef ref="VTR:ScheduledStopPoint:71741"/>
                  <DestinationDisplayRef ref="VTR:DestinationDisplay:1"/>
                </StopPointInJourneyPattern>
                <StopPointInJourneyPattern id="VTR:StopPointInJourneyPattern:1124822" version="55299" order="12">
                  <ScheduledStopPointRef ref="VTR:ScheduledStopPoint:71742"/>
                  <DestinationDisplayRef ref="VTR:DestinationDisplay:1"/>
                </StopPointInJourneyPattern>
                <StopPointInJourneyPattern id="VTR:StopPointInJourneyPattern:1124823" version="55299" order="13">
                  <ScheduledStopPointRef ref="VTR:ScheduledStopPoint:71743"/>
                  <DestinationDisplayRef ref="VTR:DestinationDisplay:1"/>
                </StopPointInJourneyPattern>
                <StopPointInJourneyPattern id="VTR:StopPointInJourneyPattern:1124824" version="55299" order="14">
                  <ScheduledStopPointRef ref="VTR:ScheduledStopPoint:71744"/>
                  <DestinationDisplayRef ref="VTR:DestinationDisplay:1"/>
                </StopPointInJourneyPattern>
                <StopPointInJourneyPattern id="VTR:StopPointInJourneyPattern:1124825" version="55299" order="15">
                  <ScheduledStopPointRef ref="VTR:ScheduledStopPoint:71745"/>
                  <DestinationDisplayRef ref="VTR:DestinationDisplay:1"/>
                </StopPointInJourneyPattern>
                <StopPointInJourneyPattern id="VTR:StopPointInJourneyPattern:1124826" version="55299" order="16">
                  <ScheduledStopPointRef ref="VTR:ScheduledStopPoint:71746"/>
                  <DestinationDisplayRef ref="VTR:DestinationDisplay:1"/>
                </StopPointInJourneyPattern>
                <StopPointInJourneyPattern id="VTR:StopPointInJourneyPattern:1124827" version="55299" order="17">
                  <ScheduledStopPointRef ref="VTR:ScheduledStopPoint:71747"/>
                  <DestinationDisplayRef ref="VTR:DestinationDisplay:1"/>
                </StopPointInJourneyPattern>
                <StopPointInJourneyPattern id="VTR:StopPointInJourneyPattern:1124828" version="55299" order="18">
                  <ScheduledStopPointRef ref="VTR:ScheduledStopPoint:71748"/>
                  <DestinationDisplayRef ref="VTR:DestinationDisplay:1"/>
                </StopPointInJourneyPattern>
                <StopPointInJourneyPattern id="VTR:StopPointInJourneyPattern:1124829" version="55299" order="19">
                  <ScheduledStopPointRef ref="VTR:ScheduledStopPoint:71749"/>
                  <DestinationDisplayRef ref="VTR:DestinationDisplay:1"/>
                </StopPointInJourneyPattern>
              </pointsInSequence>
            </JourneyPattern>
            <JourneyPattern id="VTR:JourneyPattern:55264" version="55300">
              <Name>8</Name>
              <RouteRef ref="VTR:Route:4296" version="1"/>
              <pointsInSequence>
                <StopPointInJourneyPattern id="VTR:StopPointInJourneyPattern:1124831" version="55300" order="1">
                  <ScheduledStopPointRef ref="VTR:ScheduledStopPoint:71732"/>
                  <DestinationDisplayRef ref="VTR:DestinationDisplay:1"/>
                </StopPointInJourneyPattern>
                <StopPointInJourneyPattern id="VTR:StopPointInJourneyPattern:1124832" version="55300" order="2">
                  <ScheduledStopPointRef ref="VTR:ScheduledStopPoint:71733"/>
                  <DestinationDisplayRef ref="VTR:DestinationDisplay:1"/>
                </StopPointInJourneyPattern>
                <StopPointInJourneyPattern id="VTR:StopPointInJourneyPattern:1124833" version="55300" order="3">
                  <ScheduledStopPointRef ref="VTR:ScheduledStopPoint:71734"/>
                  <DestinationDisplayRef ref="VTR:DestinationDisplay:1"/>
                </StopPointInJourneyPattern>
                <StopPointInJourneyPattern id="VTR:StopPointInJourneyPattern:1124834" version="55300" order="4">
                  <ScheduledStopPointRef ref="VTR:ScheduledStopPoint:71735"/>
                  <DestinationDisplayRef ref="VTR:DestinationDisplay:1"/>
                </StopPointInJourneyPattern>
                <StopPointInJourneyPattern id="VTR:StopPointInJourneyPattern:1124835" version="55300" order="5">
                  <ScheduledStopPointRef ref="VTR:ScheduledStopPoint:71736"/>
                  <DestinationDisplayRef ref="VTR:DestinationDisplay:1"/>
                </StopPointInJourneyPattern>
                <StopPointInJourneyPattern id="VTR:StopPointInJourneyPattern:1124836" version="55300" order="6">
                  <ScheduledStopPointRef ref="VTR:ScheduledStopPoint:71737"/>
                  <DestinationDisplayRef ref="VTR:DestinationDisplay:1"/>
                </StopPointInJourneyPattern>
                <StopPointInJourneyPattern id="VTR:StopPointInJourneyPattern:1124837" version="55300" order="7">
                  <ScheduledStopPointRef ref="VTR:ScheduledStopPoint:71738"/>
                  <DestinationDisplayRef ref="VTR:DestinationDisplay:1"/>
                </StopPointInJourneyPattern>
                <StopPointInJourneyPattern id="VTR:StopPointInJourneyPattern:1124838" version="55300" order="8">
                  <ScheduledStopPointRef ref="VTR:ScheduledStopPoint:112789"/>
                  <DestinationDisplayRef ref="VTR:DestinationDisplay:1"/>
                </StopPointInJourneyPattern>
                <StopPointInJourneyPattern id="VTR:StopPointInJourneyPattern:1124839" version="55300" order="9">
                  <ScheduledStopPointRef ref="VTR:ScheduledStopPoint:71739"/>
                  <DestinationDisplayRef ref="VTR:DestinationDisplay:1"/>
                </StopPointInJourneyPattern>
                <StopPointInJourneyPattern id="VTR:StopPointInJourneyPattern:1124840" version="55300" order="10">
                  <ScheduledStopPointRef ref="VTR:ScheduledStopPoint:71740"/>
                  <DestinationDisplayRef ref="VTR:DestinationDisplay:1"/>
                </StopPointInJourneyPattern>
                <StopPointInJourneyPattern id="VTR:StopPointInJourneyPattern:1124841" version="55300" order="11">
                  <ScheduledStopPointRef ref="VTR:ScheduledStopPoint:71741"/>
                  <DestinationDisplayRef ref="VTR:DestinationDisplay:1"/>
                </StopPointInJourneyPattern>
                <StopPointInJourneyPattern id="VTR:StopPointInJourneyPattern:1124842" version="55300" order="12">
                  <ScheduledStopPointRef ref="VTR:ScheduledStopPoint:71742"/>
                  <DestinationDisplayRef ref="VTR:DestinationDisplay:1"/>
                </StopPointInJourneyPattern>
                <StopPointInJourneyPattern id="VTR:StopPointInJourneyPattern:1124843" version="55300" order="13">
                  <ScheduledStopPointRef ref="VTR:ScheduledStopPoint:71743"/>
                  <DestinationDisplayRef ref="VTR:DestinationDisplay:1"/>
                </StopPointInJourneyPattern>
                <StopPointInJourneyPattern id="VTR:StopPointInJourneyPattern:1124844" version="55300" order="14">
                  <ScheduledStopPointRef ref="VTR:ScheduledStopPoint:71744"/>
                  <DestinationDisplayRef ref="VTR:DestinationDisplay:1"/>
                </StopPointInJourneyPattern>
                <StopPointInJourneyPattern id="VTR:StopPointInJourneyPattern:1124845" version="55300" order="15">
                  <ScheduledStopPointRef ref="VTR:ScheduledStopPoint:71745"/>
                  <DestinationDisplayRef ref="VTR:DestinationDisplay:1"/>
                </StopPointInJourneyPattern>
                <StopPointInJourneyPattern id="VTR:StopPointInJourneyPattern:1124846" version="55300" order="16">
                  <ScheduledStopPointRef ref="VTR:ScheduledStopPoint:71746"/>
                  <DestinationDisplayRef ref="VTR:DestinationDisplay:1"/>
                </StopPointInJourneyPattern>
                <StopPointInJourneyPattern id="VTR:StopPointInJourneyPattern:1124847" version="55300" order="17">
                  <ScheduledStopPointRef ref="VTR:ScheduledStopPoint:71747"/>
                  <DestinationDisplayRef ref="VTR:DestinationDisplay:1"/>
                </StopPointInJourneyPattern>
                <StopPointInJourneyPattern id="VTR:StopPointInJourneyPattern:1124848" version="55300" order="18">
                  <ScheduledStopPointRef ref="VTR:ScheduledStopPoint:71748"/>
                  <DestinationDisplayRef ref="VTR:DestinationDisplay:1"/>
                </StopPointInJourneyPattern>
                <StopPointInJourneyPattern id="VTR:StopPointInJourneyPattern:1124849" version="55300" order="19">
                  <ScheduledStopPointRef ref="VTR:ScheduledStopPoint:71749"/>
                  <DestinationDisplayRef ref="VTR:DestinationDisplay:1"/>
                </StopPointInJourneyPattern>
              </pointsInSequence>
            </JourneyPattern>
          </journeyPatterns>
        </ServiceFrame>
        <TimetableFrame version="1" id="VTR:TimetableFrame:1385">
          <vehicleJourneys>
            <ServiceJourney version="55301" id="VTR:ServiceJourney:55265">
              <Name>N.Įpiltis-Laukžemė-Kretinga</Name>
              <PrivateCode>7</PrivateCode>
              <dayTypes>
                <DayTypeRef ref="VTR:DayType:1522"/>
              </dayTypes>
              <JourneyPatternRef version="55301" ref="VTR:JourneyPattern:55265"/>
              <OperatorRef ref="VTR:Operator:"/>
              <LineRef ref="VTR:Line:1779" version="1760"/>
              <passingTimes>
                <TimetabledPassingTime version="55301" id="VTR:TimetabledPassingTime:55265_1124850_1">
                  <StopPointInJourneyPatternRef ref="VTR:StopPointInJourneyPattern:1124850" version="55301"/>
                  <DepartureTime>14:50:00</DepartureTime>
                  <DepartureDayOffset>0</DepartureDayOffset>
                </TimetabledPassingTime>
                <TimetabledPassingTime version="55301" id="VTR:TimetabledPassingTime:55265_1124851_2">
                  <StopPointInJourneyPatternRef ref="VTR:StopPointInJourneyPattern:1124851" version="55301"/>
                  <DepartureTime>14:52:00</DepartureTime>
                  <DepartureDayOffset>0</DepartureDayOffset>
                </TimetabledPassingTime>
                <TimetabledPassingTime version="55301" id="VTR:TimetabledPassingTime:55265_1124852_3">
                  <StopPointInJourneyPatternRef ref="VTR:StopPointInJourneyPattern:1124852" version="55301"/>
                  <DepartureTime>14:55:00</DepartureTime>
                  <DepartureDayOffset>0</DepartureDayOffset>
                </TimetabledPassingTime>
                <TimetabledPassingTime version="55301" id="VTR:TimetabledPassingTime:55265_1124853_4">
                  <StopPointInJourneyPatternRef ref="VTR:StopPointInJourneyPattern:1124853" version="55301"/>
                  <DepartureTime>14:59:00</DepartureTime>
                  <DepartureDayOffset>0</DepartureDayOffset>
                </TimetabledPassingTime>
                <TimetabledPassingTime version="55301" id="VTR:TimetabledPassingTime:55265_1124854_5">
                  <StopPointInJourneyPatternRef ref="VTR:StopPointInJourneyPattern:1124854" version="55301"/>
                  <DepartureTime>15:02:00</DepartureTime>
                  <DepartureDayOffset>0</DepartureDayOffset>
                </TimetabledPassingTime>
                <TimetabledPassingTime version="55301" id="VTR:TimetabledPassingTime:55265_1124855_6">
                  <StopPointInJourneyPatternRef ref="VTR:StopPointInJourneyPattern:1124855" version="55301"/>
                  <DepartureTime>15:08:00</DepartureTime>
                  <DepartureDayOffset>0</DepartureDayOffset>
                </TimetabledPassingTime>
                <TimetabledPassingTime version="55301" id="VTR:TimetabledPassingTime:55265_1124856_7">
                  <StopPointInJourneyPatternRef ref="VTR:StopPointInJourneyPattern:1124856" version="55301"/>
                  <DepartureTime>15:10:00</DepartureTime>
                  <DepartureDayOffset>0</DepartureDayOffset>
                </TimetabledPassingTime>
                <TimetabledPassingTime version="55301" id="VTR:TimetabledPassingTime:55265_1124857_8">
                  <StopPointInJourneyPatternRef ref="VTR:StopPointInJourneyPattern:1124857" version="55301"/>
                  <DepartureTime>15:13:00</DepartureTime>
                  <DepartureDayOffset>0</DepartureDayOffset>
                </TimetabledPassingTime>
                <TimetabledPassingTime version="55301" id="VTR:TimetabledPassingTime:55265_1124858_9">
                  <StopPointInJourneyPatternRef ref="VTR:StopPointInJourneyPattern:1124858" version="55301"/>
                  <DepartureTime>15:15:00</DepartureTime>
                  <DepartureDayOffset>0</DepartureDayOffset>
                </TimetabledPassingTime>
                <TimetabledPassingTime version="55301" id="VTR:TimetabledPassingTime:55265_1124859_10">
                  <StopPointInJourneyPatternRef ref="VTR:StopPointInJourneyPattern:1124859" version="55301"/>
                  <DepartureTime>15:20:00</DepartureTime>
                  <DepartureDayOffset>0</DepartureDayOffset>
                </TimetabledPassingTime>
                <TimetabledPassingTime version="55301" id="VTR:TimetabledPassingTime:55265_1124860_11">
                  <StopPointInJourneyPatternRef ref="VTR:StopPointInJourneyPattern:1124860" version="55301"/>
                  <DepartureTime>15:24:00</DepartureTime>
                  <DepartureDayOffset>0</DepartureDayOffset>
                </TimetabledPassingTime>
                <TimetabledPassingTime version="55301" id="VTR:TimetabledPassingTime:55265_1124861_12">
                  <StopPointInJourneyPatternRef ref="VTR:StopPointInJourneyPattern:1124861" version="55301"/>
                  <DepartureTime>15:28:00</DepartureTime>
                  <DepartureDayOffset>0</DepartureDayOffset>
                </TimetabledPassingTime>
                <TimetabledPassingTime version="55301" id="VTR:TimetabledPassingTime:55265_1124862_13">
                  <StopPointInJourneyPatternRef ref="VTR:StopPointInJourneyPattern:1124862" version="55301"/>
                  <DepartureTime>15:32:00</DepartureTime>
                  <DepartureDayOffset>0</DepartureDayOffset>
                </TimetabledPassingTime>
                <TimetabledPassingTime version="55301" id="VTR:TimetabledPassingTime:55265_1124863_14">
                  <StopPointInJourneyPatternRef ref="VTR:StopPointInJourneyPattern:1124863" version="55301"/>
                  <DepartureTime>15:36:00</DepartureTime>
                  <DepartureDayOffset>0</DepartureDayOffset>
                </TimetabledPassingTime>
                <TimetabledPassingTime version="55301" id="VTR:TimetabledPassingTime:55265_1124864_15">
                  <StopPointInJourneyPatternRef ref="VTR:StopPointInJourneyPattern:1124864" version="55301"/>
                  <DepartureTime>15:38:00</DepartureTime>
                  <DepartureDayOffset>0</DepartureDayOffset>
                </TimetabledPassingTime>
                <TimetabledPassingTime version="55301" id="VTR:TimetabledPassingTime:55265_1124865_16">
                  <StopPointInJourneyPatternRef ref="VTR:StopPointInJourneyPattern:1124865" version="55301"/>
                  <DepartureTime>15:42:00</DepartureTime>
                  <DepartureDayOffset>0</DepartureDayOffset>
                </TimetabledPassingTime>
                <TimetabledPassingTime version="55301" id="VTR:TimetabledPassingTime:55265_1124866_17">
                  <StopPointInJourneyPatternRef ref="VTR:StopPointInJourneyPattern:1124866" version="55301"/>
                  <DepartureTime>15:46:00</DepartureTime>
                  <DepartureDayOffset>0</DepartureDayOffset>
                </TimetabledPassingTime>
                <TimetabledPassingTime version="55301" id="VTR:TimetabledPassingTime:55265_1124867_18">
                  <StopPointInJourneyPatternRef ref="VTR:StopPointInJourneyPattern:1124867" version="55301"/>
                  <DepartureTime>15:48:00</DepartureTime>
                  <DepartureDayOffset>0</DepartureDayOffset>
                </TimetabledPassingTime>
                <TimetabledPassingTime version="55301" id="VTR:TimetabledPassingTime:55265_1124868_19">
                  <StopPointInJourneyPatternRef ref="VTR:StopPointInJourneyPattern:1124868" version="55301"/>
                  <DepartureTime>16:00:00</DepartureTime>
                  <DepartureDayOffset>0</DepartureDayOffset>
                </TimetabledPassingTime>
              </passingTimes>
            </ServiceJourney>
            <ServiceJourney version="55299" id="VTR:ServiceJourney:55263">
              <Name>N.Įpiltis-Laukžemė-Kretinga</Name>
              <PrivateCode>5</PrivateCode>
              <dayTypes>
                <DayTypeRef ref="VTR:DayType:1449"/>
              </dayTypes>
              <JourneyPatternRef version="55299" ref="VTR:JourneyPattern:55263"/>
              <OperatorRef ref="VTR:Operator:"/>
              <LineRef ref="VTR:Line:1779" version="1760"/>
              <passingTimes>
                <TimetabledPassingTime version="55299" id="VTR:TimetabledPassingTime:55263_1124811_1">
                  <StopPointInJourneyPatternRef ref="VTR:StopPointInJourneyPattern:1124811" version="55299"/>
                  <DepartureTime>07:20:00</DepartureTime>
                  <DepartureDayOffset>0</DepartureDayOffset>
                </TimetabledPassingTime>
                <TimetabledPassingTime version="55299" id="VTR:TimetabledPassingTime:55263_1124812_2">
                  <StopPointInJourneyPatternRef ref="VTR:StopPointInJourneyPattern:1124812" version="55299"/>
                  <DepartureTime>07:22:00</DepartureTime>
                  <DepartureDayOffset>0</DepartureDayOffset>
                </TimetabledPassingTime>
                <TimetabledPassingTime version="55299" id="VTR:TimetabledPassingTime:55263_1124813_3">
                  <StopPointInJourneyPatternRef ref="VTR:StopPointInJourneyPattern:1124813" version="55299"/>
                  <DepartureTime>07:25:00</DepartureTime>
                  <DepartureDayOffset>0</DepartureDayOffset>
                </TimetabledPassingTime>
                <TimetabledPassingTime version="55299" id="VTR:TimetabledPassingTime:55263_1124814_4">
                  <StopPointInJourneyPatternRef ref="VTR:StopPointInJourneyPattern:1124814" version="55299"/>
                  <DepartureTime>07:29:00</DepartureTime>
                  <DepartureDayOffset>0</DepartureDayOffset>
                </TimetabledPassingTime>
                <TimetabledPassingTime version="55299" id="VTR:TimetabledPassingTime:55263_1124815_5">
                  <StopPointInJourneyPatternRef ref="VTR:StopPointInJourneyPattern:1124815" version="55299"/>
                  <DepartureTime>07:32:00</DepartureTime>
                  <DepartureDayOffset>0</DepartureDayOffset>
                </TimetabledPassingTime>
                <TimetabledPassingTime version="55299" id="VTR:TimetabledPassingTime:55263_1124816_6">
                  <StopPointInJourneyPatternRef ref="VTR:StopPointInJourneyPattern:1124816" version="55299"/>
                  <DepartureTime>07:38:00</DepartureTime>
                  <DepartureDayOffset>0</DepartureDayOffset>
                </TimetabledPassingTime>
                <TimetabledPassingTime version="55299" id="VTR:TimetabledPassingTime:55263_1124817_7">
                  <StopPointInJourneyPatternRef ref="VTR:StopPointInJourneyPattern:1124817" version="55299"/>
                  <DepartureTime>07:40:00</DepartureTime>
                  <DepartureDayOffset>0</DepartureDayOffset>
                </TimetabledPassingTime>
                <TimetabledPassingTime version="55299" id="VTR:TimetabledPassingTime:55263_1124818_8">
                  <StopPointInJourneyPatternRef ref="VTR:StopPointInJourneyPattern:1124818" version="55299"/>
                  <DepartureTime>07:43:00</DepartureTime>
                  <DepartureDayOffset>0</DepartureDayOffset>
                </TimetabledPassingTime>
                <TimetabledPassingTime version="55299" id="VTR:TimetabledPassingTime:55263_1124819_9">
                  <StopPointInJourneyPatternRef ref="VTR:StopPointInJourneyPattern:1124819" version="55299"/>
                  <DepartureTime>07:45:00</DepartureTime>
                  <DepartureDayOffset>0</DepartureDayOffset>
                </TimetabledPassingTime>
                <TimetabledPassingTime version="55299" id="VTR:TimetabledPassingTime:55263_1124820_10">
                  <StopPointInJourneyPatternRef ref="VTR:StopPointInJourneyPattern:1124820" version="55299"/>
                  <DepartureTime>07:50:00</DepartureTime>
                  <DepartureDayOffset>0</DepartureDayOffset>
                </TimetabledPassingTime>
                <TimetabledPassingTime version="55299" id="VTR:TimetabledPassingTime:55263_1124821_11">
                  <StopPointInJourneyPatternRef ref="VTR:StopPointInJourneyPattern:1124821" version="55299"/>
                  <DepartureTime>07:54:00</DepartureTime>
                  <DepartureDayOffset>0</DepartureDayOffset>
                </TimetabledPassingTime>
                <TimetabledPassingTime version="55299" id="VTR:TimetabledPassingTime:55263_1124822_12">
                  <StopPointInJourneyPatternRef ref="VTR:StopPointInJourneyPattern:1124822" version="55299"/>
                  <DepartureTime>07:58:00</DepartureTime>
                  <DepartureDayOffset>0</DepartureDayOffset>
                </TimetabledPassingTime>
                <TimetabledPassingTime version="55299" id="VTR:TimetabledPassingTime:55263_1124823_13">
                  <StopPointInJourneyPatternRef ref="VTR:StopPointInJourneyPattern:1124823" version="55299"/>
                  <DepartureTime>08:02:00</DepartureTime>
                  <DepartureDayOffset>0</DepartureDayOffset>
                </TimetabledPassingTime>
                <TimetabledPassingTime version="55299" id="VTR:TimetabledPassingTime:55263_1124824_14">
                  <StopPointInJourneyPatternRef ref="VTR:StopPointInJourneyPattern:1124824" version="55299"/>
                  <DepartureTime>08:06:00</DepartureTime>
                  <DepartureDayOffset>0</DepartureDayOffset>
                </TimetabledPassingTime>
                <TimetabledPassingTime version="55299" id="VTR:TimetabledPassingTime:55263_1124825_15">
                  <StopPointInJourneyPatternRef ref="VTR:StopPointInJourneyPattern:1124825" version="55299"/>
                  <DepartureTime>08:08:00</DepartureTime>
                  <DepartureDayOffset>0</DepartureDayOffset>
                </TimetabledPassingTime>
                <TimetabledPassingTime version="55299" id="VTR:TimetabledPassingTime:55263_1124826_16">
                  <StopPointInJourneyPatternRef ref="VTR:StopPointInJourneyPattern:1124826" version="55299"/>
                  <DepartureTime>08:12:00</DepartureTime>
                  <DepartureDayOffset>0</DepartureDayOffset>
                </TimetabledPassingTime>
                <TimetabledPassingTime version="55299" id="VTR:TimetabledPassingTime:55263_1124827_17">
                  <StopPointInJourneyPatternRef ref="VTR:StopPointInJourneyPattern:1124827" version="55299"/>
                  <DepartureTime>08:16:00</DepartureTime>
                  <DepartureDayOffset>0</DepartureDayOffset>
                </TimetabledPassingTime>
                <TimetabledPassingTime version="55299" id="VTR:TimetabledPassingTime:55263_1124828_18">
                  <StopPointInJourneyPatternRef ref="VTR:StopPointInJourneyPattern:1124828" version="55299"/>
                  <DepartureTime>08:18:00</DepartureTime>
                  <DepartureDayOffset>0</DepartureDayOffset>
                </TimetabledPassingTime>
                <TimetabledPassingTime version="55299" id="VTR:TimetabledPassingTime:55263_1124829_19">
                  <StopPointInJourneyPatternRef ref="VTR:StopPointInJourneyPattern:1124829" version="55299"/>
                  <DepartureTime>08:30:00</DepartureTime>
                  <DepartureDayOffset>0</DepartureDayOffset>
                </TimetabledPassingTime>
              </passingTimes>
            </ServiceJourney>
            <ServiceJourney version="55300" id="VTR:ServiceJourney:55264">
              <Name>N.Įpiltis-Laukžemė-Kretinga</Name>
              <PrivateCode>8</PrivateCode>
              <dayTypes>
                <DayTypeRef ref="VTR:DayType:1449"/>
              </dayTypes>
              <JourneyPatternRef version="55300" ref="VTR:JourneyPattern:55264"/>
              <OperatorRef ref="VTR:Operator:"/>
              <LineRef ref="VTR:Line:1779" version="1760"/>
              <passingTimes>
                <TimetabledPassingTime version="55300" id="VTR:TimetabledPassingTime:55264_1124831_1">
                  <StopPointInJourneyPatternRef ref="VTR:StopPointInJourneyPattern:1124831" version="55300"/>
                  <DepartureTime>16:05:00</DepartureTime>
                  <DepartureDayOffset>0</DepartureDayOffset>
                </TimetabledPassingTime>
                <TimetabledPassingTime version="55300" id="VTR:TimetabledPassingTime:55264_1124832_2">
                  <StopPointInJourneyPatternRef ref="VTR:StopPointInJourneyPattern:1124832" version="55300"/>
                  <DepartureTime>16:07:00</DepartureTime>
                  <DepartureDayOffset>0</DepartureDayOffset>
                </TimetabledPassingTime>
                <TimetabledPassingTime version="55300" id="VTR:TimetabledPassingTime:55264_1124833_3">
                  <StopPointInJourneyPatternRef ref="VTR:StopPointInJourneyPattern:1124833" version="55300"/>
                  <DepartureTime>16:10:00</DepartureTime>
                  <DepartureDayOffset>0</DepartureDayOffset>
                </TimetabledPassingTime>
                <TimetabledPassingTime version="55300" id="VTR:TimetabledPassingTime:55264_1124834_4">
                  <StopPointInJourneyPatternRef ref="VTR:StopPointInJourneyPattern:1124834" version="55300"/>
                  <DepartureTime>16:14:00</DepartureTime>
                  <DepartureDayOffset>0</DepartureDayOffset>
                </TimetabledPassingTime>
                <TimetabledPassingTime version="55300" id="VTR:TimetabledPassingTime:55264_1124835_5">
                  <StopPointInJourneyPatternRef ref="VTR:StopPointInJourneyPattern:1124835" version="55300"/>
                  <DepartureTime>16:17:00</DepartureTime>
                  <DepartureDayOffset>0</DepartureDayOffset>
                </TimetabledPassingTime>
                <TimetabledPassingTime version="55300" id="VTR:TimetabledPassingTime:55264_1124836_6">
                  <StopPointInJourneyPatternRef ref="VTR:StopPointInJourneyPattern:1124836" version="55300"/>
                  <DepartureTime>16:23:00</DepartureTime>
                  <DepartureDayOffset>0</DepartureDayOffset>
                </TimetabledPassingTime>
                <TimetabledPassingTime version="55300" id="VTR:TimetabledPassingTime:55264_1124837_7">
                  <StopPointInJourneyPatternRef ref="VTR:StopPointInJourneyPattern:1124837" version="55300"/>
                  <DepartureTime>16:25:00</DepartureTime>
                  <DepartureDayOffset>0</DepartureDayOffset>
                </TimetabledPassingTime>
                <TimetabledPassingTime version="55300" id="VTR:TimetabledPassingTime:55264_1124838_8">
                  <StopPointInJourneyPatternRef ref="VTR:StopPointInJourneyPattern:1124838" version="55300"/>
                  <DepartureTime>16:28:00</DepartureTime>
                  <DepartureDayOffset>0</DepartureDayOffset>
                </TimetabledPassingTime>
                <TimetabledPassingTime version="55300" id="VTR:TimetabledPassingTime:55264_1124839_9">
                  <StopPointInJourneyPatternRef ref="VTR:StopPointInJourneyPattern:1124839" version="55300"/>
                  <DepartureTime>16:30:00</DepartureTime>
                  <DepartureDayOffset>0</DepartureDayOffset>
                </TimetabledPassingTime>
                <TimetabledPassingTime version="55300" id="VTR:TimetabledPassingTime:55264_1124840_10">
                  <StopPointInJourneyPatternRef ref="VTR:StopPointInJourneyPattern:1124840" version="55300"/>
                  <DepartureTime>16:35:00</DepartureTime>
                  <DepartureDayOffset>0</DepartureDayOffset>
                </TimetabledPassingTime>
                <TimetabledPassingTime version="55300" id="VTR:TimetabledPassingTime:55264_1124841_11">
                  <StopPointInJourneyPatternRef ref="VTR:StopPointInJourneyPattern:1124841" version="55300"/>
                  <DepartureTime>16:39:00</DepartureTime>
                  <DepartureDayOffset>0</DepartureDayOffset>
                </TimetabledPassingTime>
                <TimetabledPassingTime version="55300" id="VTR:TimetabledPassingTime:55264_1124842_12">
                  <StopPointInJourneyPatternRef ref="VTR:StopPointInJourneyPattern:1124842" version="55300"/>
                  <DepartureTime>16:43:00</DepartureTime>
                  <DepartureDayOffset>0</DepartureDayOffset>
                </TimetabledPassingTime>
                <TimetabledPassingTime version="55300" id="VTR:TimetabledPassingTime:55264_1124843_13">
                  <StopPointInJourneyPatternRef ref="VTR:StopPointInJourneyPattern:1124843" version="55300"/>
                  <DepartureTime>16:47:00</DepartureTime>
                  <DepartureDayOffset>0</DepartureDayOffset>
                </TimetabledPassingTime>
                <TimetabledPassingTime version="55300" id="VTR:TimetabledPassingTime:55264_1124844_14">
                  <StopPointInJourneyPatternRef ref="VTR:StopPointInJourneyPattern:1124844" version="55300"/>
                  <DepartureTime>16:51:00</DepartureTime>
                  <DepartureDayOffset>0</DepartureDayOffset>
                </TimetabledPassingTime>
                <TimetabledPassingTime version="55300" id="VTR:TimetabledPassingTime:55264_1124845_15">
                  <StopPointInJourneyPatternRef ref="VTR:StopPointInJourneyPattern:1124845" version="55300"/>
                  <DepartureTime>16:53:00</DepartureTime>
                  <DepartureDayOffset>0</DepartureDayOffset>
                </TimetabledPassingTime>
                <TimetabledPassingTime version="55300" id="VTR:TimetabledPassingTime:55264_1124846_16">
                  <StopPointInJourneyPatternRef ref="VTR:StopPointInJourneyPattern:1124846" version="55300"/>
                  <DepartureTime>16:57:00</DepartureTime>
                  <DepartureDayOffset>0</DepartureDayOffset>
                </TimetabledPassingTime>
                <TimetabledPassingTime version="55300" id="VTR:TimetabledPassingTime:55264_1124847_17">
                  <StopPointInJourneyPatternRef ref="VTR:StopPointInJourneyPattern:1124847" version="55300"/>
                  <DepartureTime>17:01:00</DepartureTime>
                  <DepartureDayOffset>0</DepartureDayOffset>
                </TimetabledPassingTime>
                <TimetabledPassingTime version="55300" id="VTR:TimetabledPassingTime:55264_1124848_18">
                  <StopPointInJourneyPatternRef ref="VTR:StopPointInJourneyPattern:1124848" version="55300"/>
                  <DepartureTime>17:03:00</DepartureTime>
                  <DepartureDayOffset>0</DepartureDayOffset>
                </TimetabledPassingTime>
                <TimetabledPassingTime version="55300" id="VTR:TimetabledPassingTime:55264_1124849_19">
                  <StopPointInJourneyPatternRef ref="VTR:StopPointInJourneyPattern:1124849" version="55300"/>
                  <DepartureTime>17:15:00</DepartureTime>
                  <DepartureDayOffset>0</DepartureDayOffset>
                </TimetabledPassingTime>
              </passingTimes>
            </ServiceJourney>
          </vehicleJourneys>
        </TimetableFrame>
        <ResourceFrame version="1" id="VTR:ResourceFrame:1385">
          <organisations>
            <Authority version="1" id="VTR:Authority:18">
              <CompanyNumber>56</CompanyNumber>
              <Name>Kretingos r. sav.</Name>
              <LegalName>Kretingos r. sav.</LegalName>
              <ContactDetails>
                <Email>savivaldybe@kretinga.lt</Email>
                <Phone>844553141</Phone>
                <Url>www.kretinga.lt</Url>
              </ContactDetails>
              <OrganisationType>authority</OrganisationType>
            </Authority>
          </organisations>
        </ResourceFrame>
      </frames>
    </CompositeFrame>
  </dataObjects>
</PublicationDelivery>
