<?xml version="1.0" encoding="UTF-8"?><PublicationDelivery xmlns="http://www.netex.org.uk/netex" xmlns:gis="http://www.opengis.net/gml/3.2" xmlns:ns2="http://www.opengis.net/gml/3.2" xmlns:ns3="http://www.siri.org.uk/siri" xmlns:xsi="http://www.w3.org/2001/XMLSchema-instance" version="1" xsi:schemaLocation="">
  <PublicationTimestamp>2022-05-07T03:45:00.262</PublicationTimestamp>
  <ParticipantRef>VTR</ParticipantRef>
  <Description>1</Description>
  <dataObjects>
    <CompositeFrame created="2022-05-07T03:45:00.262" version="1" id="VTR:CompositeFrame:1385">
      <validityConditions>
        <AvailabilityCondition version="1" id="VTR:AvailabilityCondition:1385">
          <FromDate>2015-08-03T15:00:31</FromDate>
          <ToDate>2027-12-30T00:00:00</ToDate>
        </AvailabilityCondition>
      </validityConditions>
      <codespaces>
        <Codespace id="vtr">
          <Xmlns>VTR</Xmlns>
          <XmlnsUrl>http://www.visimarsrutai.lt/</XmlnsUrl>
        </Codespace>
      </codespaces>
      <FrameDefaults>
        <DefaultLocale>
          <TimeZone>Europe/Vilnius</TimeZone>
        </DefaultLocale>
        <DefaultLocationSystem>WGS84</DefaultLocationSystem>
      </FrameDefaults>
      <frames>
        <ServiceCalendarFrame version="1" id="VTR:ServiceCalendarFrame:1385">
          <dayTypes>
            <DayType id="VTR:DayType:1343" version="1">
              <properties>
                <PropertyOfDay>
                  <DaysOfWeek>Monday Tuesday Wednesday Thursday Friday</DaysOfWeek>
                </PropertyOfDay>
              </properties>
            </DayType>
            <DayType id="VTR:DayType:1449" version="1">
              <properties>
                <PropertyOfDay>
                  <DaysOfWeek>Monday Tuesday Wednesday Thursday Friday</DaysOfWeek>
                </PropertyOfDay>
              </properties>
            </DayType>
            <DayType id="VTR:DayType:1522" version="1">
              <properties>
                <PropertyOfDay>
                  <DaysOfWeek>Sunday</DaysOfWeek>
                </PropertyOfDay>
              </properties>
            </DayType>
          </dayTypes>
          <operatingPeriods>
            <OperatingPeriod version="1" id="VTR:OperatingPeriod:1343">
              <FromDate>2015-08-14T00:00:00</FromDate>
              <ToDate>2020-12-31T00:00:00</ToDate>
            </OperatingPeriod>
            <OperatingPeriod version="1" id="VTR:OperatingPeriod:1449">
              <FromDate>2015-08-21T00:00:00</FromDate>
              <ToDate>2020-12-31T00:00:00</ToDate>
            </OperatingPeriod>
            <OperatingPeriod version="1" id="VTR:OperatingPeriod:1522">
              <FromDate>2015-08-31T00:00:00</FromDate>
              <ToDate>2020-12-31T00:00:00</ToDate>
            </OperatingPeriod>
          </operatingPeriods>
          <dayTypeAssignments>
            <DayTypeAssignment id="VTR:DayTypeAssignment:1343_0" version="1" order="1328">
              <OperatingPeriodRef ref="VTR:OperatingPeriod:1343" version="1"/>
              <DayTypeRef ref="VTR:DayType:1343" version="1"/>
            </DayTypeAssignment>
            <DayTypeAssignment id="VTR:DayTypeAssignment:1449_0" version="1" order="1434">
              <OperatingPeriodRef ref="VTR:OperatingPeriod:1449" version="1"/>
              <DayTypeRef ref="VTR:DayType:1449" version="1"/>
            </DayTypeAssignment>
            <DayTypeAssignment id="VTR:DayTypeAssignment:1522_0" version="1" order="1510">
              <OperatingPeriodRef ref="VTR:OperatingPeriod:1522" version="1"/>
              <DayTypeRef ref="VTR:DayType:1522" version="1"/>
            </DayTypeAssignment>
          </dayTypeAssignments>
        </ServiceCalendarFrame>
        <ServiceFrame id="VTR:ServiceFrame:1385" version="1">
          <Network version="0" id="VTR:Network:18"/>
          <routePoints>
            <RoutePoint version="1" id="VTR:RoutePoint:68173">
              <projections>
                <PointProjection version="1" id="VTR:PointProjection:21090">
                  <ProjectedPointRef ref="VTR:ScheduledStopPoint:68173" version="1"/>
                </PointProjection>
              </projections>
            </RoutePoint>
            <RoutePoint version="1" id="VTR:RoutePoint:68175">
              <projections>
                <PointProjection version="1" id="VTR:PointProjection:21091">
                  <ProjectedPointRef ref="VTR:ScheduledStopPoint:68175" version="1"/>
                </PointProjection>
              </projections>
            </RoutePoint>
            <RoutePoint version="1" id="VTR:RoutePoint:68176">
              <projections>
                <PointProjection version="1" id="VTR:PointProjection:21092">
                  <ProjectedPointRef ref="VTR:ScheduledStopPoint:68176" version="1"/>
                </PointProjection>
              </projections>
            </RoutePoint>
            <RoutePoint version="1" id="VTR:RoutePoint:68179">
              <projections>
                <PointProjection version="1" id="VTR:PointProjection:21093">
                  <ProjectedPointRef ref="VTR:ScheduledStopPoint:68179" version="1"/>
                </PointProjection>
              </projections>
            </RoutePoint>
            <RoutePoint version="1" id="VTR:RoutePoint:68181">
              <projections>
                <PointProjection version="1" id="VTR:PointProjection:21094">
                  <ProjectedPointRef ref="VTR:ScheduledStopPoint:68181" version="1"/>
                </PointProjection>
              </projections>
            </RoutePoint>
            <RoutePoint version="1" id="VTR:RoutePoint:68182">
              <projections>
                <PointProjection version="1" id="VTR:PointProjection:21095">
                  <ProjectedPointRef ref="VTR:ScheduledStopPoint:68182" version="1"/>
                </PointProjection>
              </projections>
            </RoutePoint>
            <RoutePoint version="1" id="VTR:RoutePoint:68183">
              <projections>
                <PointProjection version="1" id="VTR:PointProjection:21096">
                  <ProjectedPointRef ref="VTR:ScheduledStopPoint:68183" version="1"/>
                </PointProjection>
              </projections>
            </RoutePoint>
            <RoutePoint version="1" id="VTR:RoutePoint:68184">
              <projections>
                <PointProjection version="1" id="VTR:PointProjection:21097">
                  <ProjectedPointRef ref="VTR:ScheduledStopPoint:68184" version="1"/>
                </PointProjection>
              </projections>
            </RoutePoint>
            <RoutePoint version="1" id="VTR:RoutePoint:68185">
              <projections>
                <PointProjection version="1" id="VTR:PointProjection:21098">
                  <ProjectedPointRef ref="VTR:ScheduledStopPoint:68185" version="1"/>
                </PointProjection>
              </projections>
            </RoutePoint>
            <RoutePoint version="1" id="VTR:RoutePoint:68186">
              <projections>
                <PointProjection version="1" id="VTR:PointProjection:21099">
                  <ProjectedPointRef ref="VTR:ScheduledStopPoint:68186" version="1"/>
                </PointProjection>
              </projections>
            </RoutePoint>
            <RoutePoint version="1" id="VTR:RoutePoint:68187">
              <projections>
                <PointProjection version="1" id="VTR:PointProjection:21100">
                  <ProjectedPointRef ref="VTR:ScheduledStopPoint:68187" version="1"/>
                </PointProjection>
              </projections>
            </RoutePoint>
            <RoutePoint version="1" id="VTR:RoutePoint:68188">
              <projections>
                <PointProjection version="1" id="VTR:PointProjection:21089">
                  <ProjectedPointRef ref="VTR:ScheduledStopPoint:68188" version="1"/>
                </PointProjection>
              </projections>
            </RoutePoint>
            <RoutePoint version="1" id="VTR:RoutePoint:68189">
              <projections>
                <PointProjection version="1" id="VTR:PointProjection:21183">
                  <ProjectedPointRef ref="VTR:ScheduledStopPoint:68189" version="1"/>
                </PointProjection>
              </projections>
            </RoutePoint>
            <RoutePoint version="1" id="VTR:RoutePoint:68190">
              <projections>
                <PointProjection version="1" id="VTR:PointProjection:21184">
                  <ProjectedPointRef ref="VTR:ScheduledStopPoint:68190" version="1"/>
                </PointProjection>
              </projections>
            </RoutePoint>
            <RoutePoint version="1" id="VTR:RoutePoint:68191">
              <projections>
                <PointProjection version="1" id="VTR:PointProjection:21185">
                  <ProjectedPointRef ref="VTR:ScheduledStopPoint:68191" version="1"/>
                </PointProjection>
              </projections>
            </RoutePoint>
            <RoutePoint version="1" id="VTR:RoutePoint:68192">
              <projections>
                <PointProjection version="1" id="VTR:PointProjection:21186">
                  <ProjectedPointRef ref="VTR:ScheduledStopPoint:68192" version="1"/>
                </PointProjection>
              </projections>
            </RoutePoint>
          </routePoints>
          <routes>
            <Route version="1" id="VTR:Route:4088">
              <Name>Kretinga-Kalniškiai</Name>
              <ShortName>Kretinga-Kalniškiai</ShortName>
              <LineRef ref="VTR:Line:1665" version="1645"/>
              <DirectionType>outbound</DirectionType>
              <pointsInSequence>
                <PointOnRoute version="1" id="VTR:PointOnRoute:68173" order="1">
                  <RoutePointRef ref="VTR:RoutePoint:68173"/>
                </PointOnRoute>
                <PointOnRoute version="1" id="VTR:PointOnRoute:68175" order="2">
                  <RoutePointRef ref="VTR:RoutePoint:68175"/>
                </PointOnRoute>
                <PointOnRoute version="1" id="VTR:PointOnRoute:68175" order="3">
                  <RoutePointRef ref="VTR:RoutePoint:68175"/>
                </PointOnRoute>
                <PointOnRoute version="1" id="VTR:PointOnRoute:68176" order="3">
                  <RoutePointRef ref="VTR:RoutePoint:68176"/>
                </PointOnRoute>
                <PointOnRoute version="1" id="VTR:PointOnRoute:68179" order="4">
                  <RoutePointRef ref="VTR:RoutePoint:68179"/>
                </PointOnRoute>
                <PointOnRoute version="1" id="VTR:PointOnRoute:68176" order="4">
                  <RoutePointRef ref="VTR:RoutePoint:68176"/>
                </PointOnRoute>
                <PointOnRoute version="1" id="VTR:PointOnRoute:68181" order="5">
                  <RoutePointRef ref="VTR:RoutePoint:68181"/>
                </PointOnRoute>
                <PointOnRoute version="1" id="VTR:PointOnRoute:68182" order="6">
                  <RoutePointRef ref="VTR:RoutePoint:68182"/>
                </PointOnRoute>
                <PointOnRoute version="1" id="VTR:PointOnRoute:68179" order="7">
                  <RoutePointRef ref="VTR:RoutePoint:68179"/>
                </PointOnRoute>
                <PointOnRoute version="1" id="VTR:PointOnRoute:68183" order="7">
                  <RoutePointRef ref="VTR:RoutePoint:68183"/>
                </PointOnRoute>
                <PointOnRoute version="1" id="VTR:PointOnRoute:68184" order="8">
                  <RoutePointRef ref="VTR:RoutePoint:68184"/>
                </PointOnRoute>
                <PointOnRoute version="1" id="VTR:PointOnRoute:68185" order="9">
                  <RoutePointRef ref="VTR:RoutePoint:68185"/>
                </PointOnRoute>
                <PointOnRoute version="1" id="VTR:PointOnRoute:68181" order="9">
                  <RoutePointRef ref="VTR:RoutePoint:68181"/>
                </PointOnRoute>
                <PointOnRoute version="1" id="VTR:PointOnRoute:68182" order="10">
                  <RoutePointRef ref="VTR:RoutePoint:68182"/>
                </PointOnRoute>
                <PointOnRoute version="1" id="VTR:PointOnRoute:68186" order="10">
                  <RoutePointRef ref="VTR:RoutePoint:68186"/>
                </PointOnRoute>
                <PointOnRoute version="1" id="VTR:PointOnRoute:68183" order="11">
                  <RoutePointRef ref="VTR:RoutePoint:68183"/>
                </PointOnRoute>
                <PointOnRoute version="1" id="VTR:PointOnRoute:68187" order="11">
                  <RoutePointRef ref="VTR:RoutePoint:68187"/>
                </PointOnRoute>
                <PointOnRoute version="1" id="VTR:PointOnRoute:68188" order="12">
                  <RoutePointRef ref="VTR:RoutePoint:68188"/>
                </PointOnRoute>
                <PointOnRoute version="1" id="VTR:PointOnRoute:68184" order="12">
                  <RoutePointRef ref="VTR:RoutePoint:68184"/>
                </PointOnRoute>
                <PointOnRoute version="1" id="VTR:PointOnRoute:68185" order="13">
                  <RoutePointRef ref="VTR:RoutePoint:68185"/>
                </PointOnRoute>
                <PointOnRoute version="1" id="VTR:PointOnRoute:68189" order="13">
                  <RoutePointRef ref="VTR:RoutePoint:68189"/>
                </PointOnRoute>
                <PointOnRoute version="1" id="VTR:PointOnRoute:68190" order="14">
                  <RoutePointRef ref="VTR:RoutePoint:68190"/>
                </PointOnRoute>
                <PointOnRoute version="1" id="VTR:PointOnRoute:68186" order="14">
                  <RoutePointRef ref="VTR:RoutePoint:68186"/>
                </PointOnRoute>
                <PointOnRoute version="1" id="VTR:PointOnRoute:68187" order="15">
                  <RoutePointRef ref="VTR:RoutePoint:68187"/>
                </PointOnRoute>
                <PointOnRoute version="1" id="VTR:PointOnRoute:68191" order="15">
                  <RoutePointRef ref="VTR:RoutePoint:68191"/>
                </PointOnRoute>
                <PointOnRoute version="1" id="VTR:PointOnRoute:68188" order="16">
                  <RoutePointRef ref="VTR:RoutePoint:68188"/>
                </PointOnRoute>
                <PointOnRoute version="1" id="VTR:PointOnRoute:68192" order="16">
                  <RoutePointRef ref="VTR:RoutePoint:68192"/>
                </PointOnRoute>
                <PointOnRoute version="1" id="VTR:PointOnRoute:68189" order="17">
                  <RoutePointRef ref="VTR:RoutePoint:68189"/>
                </PointOnRoute>
                <PointOnRoute version="1" id="VTR:PointOnRoute:68190" order="18">
                  <RoutePointRef ref="VTR:RoutePoint:68190"/>
                </PointOnRoute>
                <PointOnRoute version="1" id="VTR:PointOnRoute:68191" order="19">
                  <RoutePointRef ref="VTR:RoutePoint:68191"/>
                </PointOnRoute>
                <PointOnRoute version="1" id="VTR:PointOnRoute:68192" order="20">
                  <RoutePointRef ref="VTR:RoutePoint:68192"/>
                </PointOnRoute>
              </pointsInSequence>
            </Route>
          </routes>
          <lines>
            <Line version="1645" id="VTR:Line:1665">
              <Name>Kretinga-Kalniškiai</Name>
              <TransportMode>bus</TransportMode>
              <TransportSubmode>
                <BusSubmode>regionalBus</BusSubmode>
              </TransportSubmode>
              <PublicCode>30</PublicCode>
              <OperatorRef ref="VTR:Operator:18"/>
            </Line>
          </lines>
          <scheduledStopPoints>
            <ScheduledStopPoint version="1" id="VTR:ScheduledStopPoint:68173">
              <Name>Kretingos autobusų stotis</Name>
            </ScheduledStopPoint>
            <ScheduledStopPoint version="1" id="VTR:ScheduledStopPoint:68175">
              <Name>Daujoto vid. m-kla</Name>
            </ScheduledStopPoint>
            <ScheduledStopPoint version="1" id="VTR:ScheduledStopPoint:68176">
              <Name>Rotušės aikštė</Name>
            </ScheduledStopPoint>
            <ScheduledStopPoint version="1" id="VTR:ScheduledStopPoint:68179">
              <Name>Autobusų parkas</Name>
            </ScheduledStopPoint>
            <ScheduledStopPoint version="1" id="VTR:ScheduledStopPoint:68181">
              <Name>Slučkai</Name>
            </ScheduledStopPoint>
            <ScheduledStopPoint version="1" id="VTR:ScheduledStopPoint:68182">
              <Name>Kolektyviniai sodai</Name>
            </ScheduledStopPoint>
            <ScheduledStopPoint version="1" id="VTR:ScheduledStopPoint:68183">
              <Name>Raguviškiai</Name>
            </ScheduledStopPoint>
            <ScheduledStopPoint version="1" id="VTR:ScheduledStopPoint:68184">
              <Name>Rubuliai</Name>
            </ScheduledStopPoint>
            <ScheduledStopPoint version="1" id="VTR:ScheduledStopPoint:68185">
              <Name>Žadeikiai</Name>
            </ScheduledStopPoint>
            <ScheduledStopPoint version="1" id="VTR:ScheduledStopPoint:68186">
              <Name>Veterinarija</Name>
            </ScheduledStopPoint>
            <ScheduledStopPoint version="1" id="VTR:ScheduledStopPoint:68187">
              <Name>Kartena</Name>
            </ScheduledStopPoint>
            <ScheduledStopPoint version="1" id="VTR:ScheduledStopPoint:68188">
              <Name>Gintarai</Name>
            </ScheduledStopPoint>
            <ScheduledStopPoint version="1" id="VTR:ScheduledStopPoint:68189">
              <Name>Gaudučiai</Name>
            </ScheduledStopPoint>
            <ScheduledStopPoint version="1" id="VTR:ScheduledStopPoint:68190">
              <Name>Kupšiai</Name>
            </ScheduledStopPoint>
            <ScheduledStopPoint version="1" id="VTR:ScheduledStopPoint:68191">
              <Name>Lubiai</Name>
            </ScheduledStopPoint>
            <ScheduledStopPoint version="1" id="VTR:ScheduledStopPoint:68192">
              <Name>Kalniškiai</Name>
            </ScheduledStopPoint>
          </scheduledStopPoints>
          <serviceLinks>
            <ServiceLink id="VTR:ServiceLink:68183_1_68184_1" version="1">
              <Distance>1</Distance>
              <FromPointRef ref="VTR:ScheduledStopPoint:68183" version="1"/>
              <ToPointRef ref="VTR:ScheduledStopPoint:68184" version="1"/>
            </ServiceLink>
            <ServiceLink id="VTR:ServiceLink:68185_1_68186_1" version="1">
              <Distance>1</Distance>
              <FromPointRef ref="VTR:ScheduledStopPoint:68185" version="1"/>
              <ToPointRef ref="VTR:ScheduledStopPoint:68186" version="1"/>
            </ServiceLink>
            <ServiceLink id="VTR:ServiceLink:68188_1_68189_1" version="1">
              <Distance>2</Distance>
              <FromPointRef ref="VTR:ScheduledStopPoint:68188" version="1"/>
              <ToPointRef ref="VTR:ScheduledStopPoint:68189" version="1"/>
            </ServiceLink>
            <ServiceLink id="VTR:ServiceLink:68189_1_68190_1" version="1">
              <Distance>3</Distance>
              <FromPointRef ref="VTR:ScheduledStopPoint:68189" version="1"/>
              <ToPointRef ref="VTR:ScheduledStopPoint:68190" version="1"/>
            </ServiceLink>
            <ServiceLink id="VTR:ServiceLink:68187_1_68188_1" version="1">
              <Distance>2</Distance>
              <FromPointRef ref="VTR:ScheduledStopPoint:68187" version="1"/>
              <ToPointRef ref="VTR:ScheduledStopPoint:68188" version="1"/>
            </ServiceLink>
            <ServiceLink id="VTR:ServiceLink:68191_1_68192_1" version="1">
              <Distance>1</Distance>
              <FromPointRef ref="VTR:ScheduledStopPoint:68191" version="1"/>
              <ToPointRef ref="VTR:ScheduledStopPoint:68192" version="1"/>
            </ServiceLink>
            <ServiceLink id="VTR:ServiceLink:68186_1_68187_1" version="1">
              <Distance>2</Distance>
              <FromPointRef ref="VTR:ScheduledStopPoint:68186" version="1"/>
              <ToPointRef ref="VTR:ScheduledStopPoint:68187" version="1"/>
            </ServiceLink>
            <ServiceLink id="VTR:ServiceLink:68181_1_68182_1" version="1">
              <Distance>3</Distance>
              <FromPointRef ref="VTR:ScheduledStopPoint:68181" version="1"/>
              <ToPointRef ref="VTR:ScheduledStopPoint:68182" version="1"/>
            </ServiceLink>
            <ServiceLink id="VTR:ServiceLink:68182_1_68183_1" version="1">
              <Distance>0</Distance>
              <FromPointRef ref="VTR:ScheduledStopPoint:68182" version="1"/>
              <ToPointRef ref="VTR:ScheduledStopPoint:68183" version="1"/>
            </ServiceLink>
            <ServiceLink id="VTR:ServiceLink:68184_1_68185_1" version="1">
              <Distance>1</Distance>
              <FromPointRef ref="VTR:ScheduledStopPoint:68184" version="1"/>
              <ToPointRef ref="VTR:ScheduledStopPoint:68185" version="1"/>
            </ServiceLink>
            <ServiceLink id="VTR:ServiceLink:68190_1_68191_1" version="1">
              <Distance>2</Distance>
              <FromPointRef ref="VTR:ScheduledStopPoint:68190" version="1"/>
              <ToPointRef ref="VTR:ScheduledStopPoint:68191" version="1"/>
            </ServiceLink>
            <ServiceLink id="VTR:ServiceLink:68175_1_68176_1" version="1">
              <Distance>0</Distance>
              <FromPointRef ref="VTR:ScheduledStopPoint:68175" version="1"/>
              <ToPointRef ref="VTR:ScheduledStopPoint:68176" version="1"/>
            </ServiceLink>
          </serviceLinks>
          <stopAssignments>
            <PassengerStopAssignment order="408800000" id="VTR:PassengerStopAssignment:68173" version="1">
              <ScheduledStopPointRef ref="VTR:ScheduledStopPoint:68173" version="1"/>
              <QuayRef ref="VTR:Quay:21202"/>
            </PassengerStopAssignment>
            <PassengerStopAssignment order="408800002" id="VTR:PassengerStopAssignment:68175" version="1">
              <ScheduledStopPointRef ref="VTR:ScheduledStopPoint:68175" version="1"/>
              <QuayRef ref="VTR:Quay:3679"/>
            </PassengerStopAssignment>
            <PassengerStopAssignment order="408800003" id="VTR:PassengerStopAssignment:68176" version="1">
              <ScheduledStopPointRef ref="VTR:ScheduledStopPoint:68176" version="1"/>
              <QuayRef ref="VTR:Quay:21210"/>
            </PassengerStopAssignment>
            <PassengerStopAssignment order="408800006" id="VTR:PassengerStopAssignment:68179" version="1">
              <ScheduledStopPointRef ref="VTR:ScheduledStopPoint:68179" version="1"/>
              <QuayRef ref="VTR:Quay:21204"/>
            </PassengerStopAssignment>
            <PassengerStopAssignment order="408800008" id="VTR:PassengerStopAssignment:68181" version="1">
              <ScheduledStopPointRef ref="VTR:ScheduledStopPoint:68181" version="1"/>
              <QuayRef ref="VTR:Quay:4539"/>
            </PassengerStopAssignment>
            <PassengerStopAssignment order="408800009" id="VTR:PassengerStopAssignment:68182" version="1">
              <ScheduledStopPointRef ref="VTR:ScheduledStopPoint:68182" version="1"/>
              <QuayRef ref="VTR:Quay:4443"/>
            </PassengerStopAssignment>
            <PassengerStopAssignment order="408800010" id="VTR:PassengerStopAssignment:68183" version="1">
              <ScheduledStopPointRef ref="VTR:ScheduledStopPoint:68183" version="1"/>
              <QuayRef ref="VTR:Quay:4373"/>
            </PassengerStopAssignment>
            <PassengerStopAssignment order="408800011" id="VTR:PassengerStopAssignment:68184" version="1">
              <ScheduledStopPointRef ref="VTR:ScheduledStopPoint:68184" version="1"/>
              <QuayRef ref="VTR:Quay:4348"/>
            </PassengerStopAssignment>
            <PassengerStopAssignment order="408800012" id="VTR:PassengerStopAssignment:68185" version="1">
              <ScheduledStopPointRef ref="VTR:ScheduledStopPoint:68185" version="1"/>
              <QuayRef ref="VTR:Quay:4514"/>
            </PassengerStopAssignment>
            <PassengerStopAssignment order="408800013" id="VTR:PassengerStopAssignment:68186" version="1">
              <ScheduledStopPointRef ref="VTR:ScheduledStopPoint:68186" version="1"/>
              <QuayRef ref="VTR:Quay:4560"/>
            </PassengerStopAssignment>
            <PassengerStopAssignment order="408800014" id="VTR:PassengerStopAssignment:68187" version="1">
              <ScheduledStopPointRef ref="VTR:ScheduledStopPoint:68187" version="1"/>
              <QuayRef ref="VTR:Quay:4369"/>
            </PassengerStopAssignment>
            <PassengerStopAssignment order="408800015" id="VTR:PassengerStopAssignment:68188" version="1">
              <ScheduledStopPointRef ref="VTR:ScheduledStopPoint:68188" version="1"/>
              <QuayRef ref="VTR:Quay:13572"/>
            </PassengerStopAssignment>
            <PassengerStopAssignment order="408800016" id="VTR:PassengerStopAssignment:68189" version="1">
              <ScheduledStopPointRef ref="VTR:ScheduledStopPoint:68189" version="1"/>
              <QuayRef ref="VTR:Quay:4277"/>
            </PassengerStopAssignment>
            <PassengerStopAssignment order="408800017" id="VTR:PassengerStopAssignment:68190" version="1">
              <ScheduledStopPointRef ref="VTR:ScheduledStopPoint:68190" version="1"/>
              <QuayRef ref="VTR:Quay:16407"/>
            </PassengerStopAssignment>
            <PassengerStopAssignment order="408800018" id="VTR:PassengerStopAssignment:68191" version="1">
              <ScheduledStopPointRef ref="VTR:ScheduledStopPoint:68191" version="1"/>
              <QuayRef ref="VTR:Quay:16044"/>
            </PassengerStopAssignment>
            <PassengerStopAssignment order="408800019" id="VTR:PassengerStopAssignment:68192" version="1">
              <ScheduledStopPointRef ref="VTR:ScheduledStopPoint:68192" version="1"/>
              <QuayRef ref="VTR:Quay:7189"/>
            </PassengerStopAssignment>
          </stopAssignments>
          <journeyPatterns>
            <JourneyPattern id="VTR:JourneyPattern:47972" version="47967">
              <Name>4</Name>
              <RouteRef ref="VTR:Route:4088" version="1"/>
              <pointsInSequence>
                <StopPointInJourneyPattern id="VTR:StopPointInJourneyPattern:993718" version="47967" order="1">
                  <ScheduledStopPointRef ref="VTR:ScheduledStopPoint:68173"/>
                  <DestinationDisplayRef ref="VTR:DestinationDisplay:1"/>
                </StopPointInJourneyPattern>
                <StopPointInJourneyPattern id="VTR:StopPointInJourneyPattern:993719" version="47967" order="3">
                  <ScheduledStopPointRef ref="VTR:ScheduledStopPoint:68175"/>
                  <DestinationDisplayRef ref="VTR:DestinationDisplay:1"/>
                </StopPointInJourneyPattern>
                <StopPointInJourneyPattern id="VTR:StopPointInJourneyPattern:993720" version="47967" order="4">
                  <ScheduledStopPointRef ref="VTR:ScheduledStopPoint:68176"/>
                  <DestinationDisplayRef ref="VTR:DestinationDisplay:1"/>
                </StopPointInJourneyPattern>
                <StopPointInJourneyPattern id="VTR:StopPointInJourneyPattern:993721" version="47967" order="7">
                  <ScheduledStopPointRef ref="VTR:ScheduledStopPoint:68179"/>
                  <DestinationDisplayRef ref="VTR:DestinationDisplay:1"/>
                </StopPointInJourneyPattern>
                <StopPointInJourneyPattern id="VTR:StopPointInJourneyPattern:993722" version="47967" order="9">
                  <ScheduledStopPointRef ref="VTR:ScheduledStopPoint:68181"/>
                  <DestinationDisplayRef ref="VTR:DestinationDisplay:1"/>
                </StopPointInJourneyPattern>
                <StopPointInJourneyPattern id="VTR:StopPointInJourneyPattern:993723" version="47967" order="10">
                  <ScheduledStopPointRef ref="VTR:ScheduledStopPoint:68182"/>
                  <DestinationDisplayRef ref="VTR:DestinationDisplay:1"/>
                </StopPointInJourneyPattern>
                <StopPointInJourneyPattern id="VTR:StopPointInJourneyPattern:993724" version="47967" order="11">
                  <ScheduledStopPointRef ref="VTR:ScheduledStopPoint:68183"/>
                  <DestinationDisplayRef ref="VTR:DestinationDisplay:1"/>
                </StopPointInJourneyPattern>
                <StopPointInJourneyPattern id="VTR:StopPointInJourneyPattern:993725" version="47967" order="12">
                  <ScheduledStopPointRef ref="VTR:ScheduledStopPoint:68184"/>
                  <DestinationDisplayRef ref="VTR:DestinationDisplay:1"/>
                </StopPointInJourneyPattern>
                <StopPointInJourneyPattern id="VTR:StopPointInJourneyPattern:993726" version="47967" order="13">
                  <ScheduledStopPointRef ref="VTR:ScheduledStopPoint:68185"/>
                  <DestinationDisplayRef ref="VTR:DestinationDisplay:1"/>
                </StopPointInJourneyPattern>
                <StopPointInJourneyPattern id="VTR:StopPointInJourneyPattern:993727" version="47967" order="14">
                  <ScheduledStopPointRef ref="VTR:ScheduledStopPoint:68186"/>
                  <DestinationDisplayRef ref="VTR:DestinationDisplay:1"/>
                </StopPointInJourneyPattern>
                <StopPointInJourneyPattern id="VTR:StopPointInJourneyPattern:993728" version="47967" order="15">
                  <ScheduledStopPointRef ref="VTR:ScheduledStopPoint:68187"/>
                  <DestinationDisplayRef ref="VTR:DestinationDisplay:1"/>
                </StopPointInJourneyPattern>
                <StopPointInJourneyPattern id="VTR:StopPointInJourneyPattern:993729" version="47967" order="16">
                  <ScheduledStopPointRef ref="VTR:ScheduledStopPoint:68188"/>
                  <DestinationDisplayRef ref="VTR:DestinationDisplay:1"/>
                </StopPointInJourneyPattern>
                <StopPointInJourneyPattern id="VTR:StopPointInJourneyPattern:993730" version="47967" order="17">
                  <ScheduledStopPointRef ref="VTR:ScheduledStopPoint:68189"/>
                  <DestinationDisplayRef ref="VTR:DestinationDisplay:1"/>
                </StopPointInJourneyPattern>
                <StopPointInJourneyPattern id="VTR:StopPointInJourneyPattern:993731" version="47967" order="18">
                  <ScheduledStopPointRef ref="VTR:ScheduledStopPoint:68190"/>
                  <DestinationDisplayRef ref="VTR:DestinationDisplay:1"/>
                </StopPointInJourneyPattern>
                <StopPointInJourneyPattern id="VTR:StopPointInJourneyPattern:993732" version="47967" order="19">
                  <ScheduledStopPointRef ref="VTR:ScheduledStopPoint:68191"/>
                  <DestinationDisplayRef ref="VTR:DestinationDisplay:1"/>
                </StopPointInJourneyPattern>
                <StopPointInJourneyPattern id="VTR:StopPointInJourneyPattern:993733" version="47967" order="20">
                  <ScheduledStopPointRef ref="VTR:ScheduledStopPoint:68192"/>
                  <DestinationDisplayRef ref="VTR:DestinationDisplay:1"/>
                </StopPointInJourneyPattern>
              </pointsInSequence>
            </JourneyPattern>
            <JourneyPattern id="VTR:JourneyPattern:47965" version="47960">
              <Name>1</Name>
              <RouteRef ref="VTR:Route:4088" version="1"/>
              <pointsInSequence>
                <StopPointInJourneyPattern id="VTR:StopPointInJourneyPattern:993622" version="47960" order="1">
                  <ScheduledStopPointRef ref="VTR:ScheduledStopPoint:68173"/>
                  <DestinationDisplayRef ref="VTR:DestinationDisplay:1"/>
                </StopPointInJourneyPattern>
                <StopPointInJourneyPattern id="VTR:StopPointInJourneyPattern:993623" version="47960" order="2">
                  <ScheduledStopPointRef ref="VTR:ScheduledStopPoint:68175"/>
                  <DestinationDisplayRef ref="VTR:DestinationDisplay:1"/>
                </StopPointInJourneyPattern>
                <StopPointInJourneyPattern id="VTR:StopPointInJourneyPattern:993624" version="47960" order="3">
                  <ScheduledStopPointRef ref="VTR:ScheduledStopPoint:68176"/>
                  <DestinationDisplayRef ref="VTR:DestinationDisplay:1"/>
                </StopPointInJourneyPattern>
                <StopPointInJourneyPattern id="VTR:StopPointInJourneyPattern:993625" version="47960" order="4">
                  <ScheduledStopPointRef ref="VTR:ScheduledStopPoint:68179"/>
                  <DestinationDisplayRef ref="VTR:DestinationDisplay:1"/>
                </StopPointInJourneyPattern>
                <StopPointInJourneyPattern id="VTR:StopPointInJourneyPattern:993626" version="47960" order="5">
                  <ScheduledStopPointRef ref="VTR:ScheduledStopPoint:68181"/>
                  <DestinationDisplayRef ref="VTR:DestinationDisplay:1"/>
                </StopPointInJourneyPattern>
                <StopPointInJourneyPattern id="VTR:StopPointInJourneyPattern:993627" version="47960" order="6">
                  <ScheduledStopPointRef ref="VTR:ScheduledStopPoint:68182"/>
                  <DestinationDisplayRef ref="VTR:DestinationDisplay:1"/>
                </StopPointInJourneyPattern>
                <StopPointInJourneyPattern id="VTR:StopPointInJourneyPattern:993628" version="47960" order="7">
                  <ScheduledStopPointRef ref="VTR:ScheduledStopPoint:68183"/>
                  <DestinationDisplayRef ref="VTR:DestinationDisplay:1"/>
                </StopPointInJourneyPattern>
                <StopPointInJourneyPattern id="VTR:StopPointInJourneyPattern:993629" version="47960" order="8">
                  <ScheduledStopPointRef ref="VTR:ScheduledStopPoint:68184"/>
                  <DestinationDisplayRef ref="VTR:DestinationDisplay:1"/>
                </StopPointInJourneyPattern>
                <StopPointInJourneyPattern id="VTR:StopPointInJourneyPattern:993630" version="47960" order="9">
                  <ScheduledStopPointRef ref="VTR:ScheduledStopPoint:68185"/>
                  <DestinationDisplayRef ref="VTR:DestinationDisplay:1"/>
                </StopPointInJourneyPattern>
                <StopPointInJourneyPattern id="VTR:StopPointInJourneyPattern:993631" version="47960" order="10">
                  <ScheduledStopPointRef ref="VTR:ScheduledStopPoint:68186"/>
                  <DestinationDisplayRef ref="VTR:DestinationDisplay:1"/>
                </StopPointInJourneyPattern>
                <StopPointInJourneyPattern id="VTR:StopPointInJourneyPattern:993632" version="47960" order="11">
                  <ScheduledStopPointRef ref="VTR:ScheduledStopPoint:68187"/>
                  <DestinationDisplayRef ref="VTR:DestinationDisplay:1"/>
                </StopPointInJourneyPattern>
                <StopPointInJourneyPattern id="VTR:StopPointInJourneyPattern:993633" version="47960" order="12">
                  <ScheduledStopPointRef ref="VTR:ScheduledStopPoint:68188"/>
                  <DestinationDisplayRef ref="VTR:DestinationDisplay:1"/>
                </StopPointInJourneyPattern>
                <StopPointInJourneyPattern id="VTR:StopPointInJourneyPattern:993634" version="47960" order="13">
                  <ScheduledStopPointRef ref="VTR:ScheduledStopPoint:68189"/>
                  <DestinationDisplayRef ref="VTR:DestinationDisplay:1"/>
                </StopPointInJourneyPattern>
                <StopPointInJourneyPattern id="VTR:StopPointInJourneyPattern:993635" version="47960" order="14">
                  <ScheduledStopPointRef ref="VTR:ScheduledStopPoint:68190"/>
                  <DestinationDisplayRef ref="VTR:DestinationDisplay:1"/>
                </StopPointInJourneyPattern>
                <StopPointInJourneyPattern id="VTR:StopPointInJourneyPattern:993636" version="47960" order="15">
                  <ScheduledStopPointRef ref="VTR:ScheduledStopPoint:68191"/>
                  <DestinationDisplayRef ref="VTR:DestinationDisplay:1"/>
                </StopPointInJourneyPattern>
                <StopPointInJourneyPattern id="VTR:StopPointInJourneyPattern:993637" version="47960" order="16">
                  <ScheduledStopPointRef ref="VTR:ScheduledStopPoint:68192"/>
                  <DestinationDisplayRef ref="VTR:DestinationDisplay:1"/>
                </StopPointInJourneyPattern>
              </pointsInSequence>
            </JourneyPattern>
            <JourneyPattern id="VTR:JourneyPattern:47969" version="47964">
              <Name>3</Name>
              <RouteRef ref="VTR:Route:4088" version="1"/>
              <pointsInSequence>
                <StopPointInJourneyPattern id="VTR:StopPointInJourneyPattern:993674" version="47964" order="1">
                  <ScheduledStopPointRef ref="VTR:ScheduledStopPoint:68173"/>
                  <DestinationDisplayRef ref="VTR:DestinationDisplay:1"/>
                </StopPointInJourneyPattern>
                <StopPointInJourneyPattern id="VTR:StopPointInJourneyPattern:993675" version="47964" order="3">
                  <ScheduledStopPointRef ref="VTR:ScheduledStopPoint:68175"/>
                  <DestinationDisplayRef ref="VTR:DestinationDisplay:1"/>
                </StopPointInJourneyPattern>
                <StopPointInJourneyPattern id="VTR:StopPointInJourneyPattern:993676" version="47964" order="4">
                  <ScheduledStopPointRef ref="VTR:ScheduledStopPoint:68176"/>
                  <DestinationDisplayRef ref="VTR:DestinationDisplay:1"/>
                </StopPointInJourneyPattern>
                <StopPointInJourneyPattern id="VTR:StopPointInJourneyPattern:993677" version="47964" order="7">
                  <ScheduledStopPointRef ref="VTR:ScheduledStopPoint:68179"/>
                  <DestinationDisplayRef ref="VTR:DestinationDisplay:1"/>
                </StopPointInJourneyPattern>
                <StopPointInJourneyPattern id="VTR:StopPointInJourneyPattern:993678" version="47964" order="9">
                  <ScheduledStopPointRef ref="VTR:ScheduledStopPoint:68181"/>
                  <DestinationDisplayRef ref="VTR:DestinationDisplay:1"/>
                </StopPointInJourneyPattern>
                <StopPointInJourneyPattern id="VTR:StopPointInJourneyPattern:993679" version="47964" order="10">
                  <ScheduledStopPointRef ref="VTR:ScheduledStopPoint:68182"/>
                  <DestinationDisplayRef ref="VTR:DestinationDisplay:1"/>
                </StopPointInJourneyPattern>
                <StopPointInJourneyPattern id="VTR:StopPointInJourneyPattern:993680" version="47964" order="11">
                  <ScheduledStopPointRef ref="VTR:ScheduledStopPoint:68183"/>
                  <DestinationDisplayRef ref="VTR:DestinationDisplay:1"/>
                </StopPointInJourneyPattern>
                <StopPointInJourneyPattern id="VTR:StopPointInJourneyPattern:993681" version="47964" order="12">
                  <ScheduledStopPointRef ref="VTR:ScheduledStopPoint:68184"/>
                  <DestinationDisplayRef ref="VTR:DestinationDisplay:1"/>
                </StopPointInJourneyPattern>
                <StopPointInJourneyPattern id="VTR:StopPointInJourneyPattern:993682" version="47964" order="13">
                  <ScheduledStopPointRef ref="VTR:ScheduledStopPoint:68185"/>
                  <DestinationDisplayRef ref="VTR:DestinationDisplay:1"/>
                </StopPointInJourneyPattern>
                <StopPointInJourneyPattern id="VTR:StopPointInJourneyPattern:993683" version="47964" order="14">
                  <ScheduledStopPointRef ref="VTR:ScheduledStopPoint:68186"/>
                  <DestinationDisplayRef ref="VTR:DestinationDisplay:1"/>
                </StopPointInJourneyPattern>
                <StopPointInJourneyPattern id="VTR:StopPointInJourneyPattern:993684" version="47964" order="15">
                  <ScheduledStopPointRef ref="VTR:ScheduledStopPoint:68187"/>
                  <DestinationDisplayRef ref="VTR:DestinationDisplay:1"/>
                </StopPointInJourneyPattern>
                <StopPointInJourneyPattern id="VTR:StopPointInJourneyPattern:993685" version="47964" order="16">
                  <ScheduledStopPointRef ref="VTR:ScheduledStopPoint:68188"/>
                  <DestinationDisplayRef ref="VTR:DestinationDisplay:1"/>
                </StopPointInJourneyPattern>
                <StopPointInJourneyPattern id="VTR:StopPointInJourneyPattern:993686" version="47964" order="17">
                  <ScheduledStopPointRef ref="VTR:ScheduledStopPoint:68189"/>
                  <DestinationDisplayRef ref="VTR:DestinationDisplay:1"/>
                </StopPointInJourneyPattern>
                <StopPointInJourneyPattern id="VTR:StopPointInJourneyPattern:993687" version="47964" order="18">
                  <ScheduledStopPointRef ref="VTR:ScheduledStopPoint:68190"/>
                  <DestinationDisplayRef ref="VTR:DestinationDisplay:1"/>
                </StopPointInJourneyPattern>
                <StopPointInJourneyPattern id="VTR:StopPointInJourneyPattern:993688" version="47964" order="19">
                  <ScheduledStopPointRef ref="VTR:ScheduledStopPoint:68191"/>
                  <DestinationDisplayRef ref="VTR:DestinationDisplay:1"/>
                </StopPointInJourneyPattern>
                <StopPointInJourneyPattern id="VTR:StopPointInJourneyPattern:993689" version="47964" order="20">
                  <ScheduledStopPointRef ref="VTR:ScheduledStopPoint:68192"/>
                  <DestinationDisplayRef ref="VTR:DestinationDisplay:1"/>
                </StopPointInJourneyPattern>
              </pointsInSequence>
            </JourneyPattern>
            <JourneyPattern id="VTR:JourneyPattern:47956" version="47951">
              <Name>2</Name>
              <RouteRef ref="VTR:Route:4088" version="1"/>
              <pointsInSequence>
                <StopPointInJourneyPattern id="VTR:StopPointInJourneyPattern:993498" version="47951" order="1">
                  <ScheduledStopPointRef ref="VTR:ScheduledStopPoint:68173"/>
                  <DestinationDisplayRef ref="VTR:DestinationDisplay:1"/>
                </StopPointInJourneyPattern>
                <StopPointInJourneyPattern id="VTR:StopPointInJourneyPattern:993499" version="47951" order="3">
                  <ScheduledStopPointRef ref="VTR:ScheduledStopPoint:68175"/>
                  <DestinationDisplayRef ref="VTR:DestinationDisplay:1"/>
                </StopPointInJourneyPattern>
                <StopPointInJourneyPattern id="VTR:StopPointInJourneyPattern:993500" version="47951" order="4">
                  <ScheduledStopPointRef ref="VTR:ScheduledStopPoint:68176"/>
                  <DestinationDisplayRef ref="VTR:DestinationDisplay:1"/>
                </StopPointInJourneyPattern>
                <StopPointInJourneyPattern id="VTR:StopPointInJourneyPattern:993501" version="47951" order="7">
                  <ScheduledStopPointRef ref="VTR:ScheduledStopPoint:68179"/>
                  <DestinationDisplayRef ref="VTR:DestinationDisplay:1"/>
                </StopPointInJourneyPattern>
                <StopPointInJourneyPattern id="VTR:StopPointInJourneyPattern:993502" version="47951" order="9">
                  <ScheduledStopPointRef ref="VTR:ScheduledStopPoint:68181"/>
                  <DestinationDisplayRef ref="VTR:DestinationDisplay:1"/>
                </StopPointInJourneyPattern>
                <StopPointInJourneyPattern id="VTR:StopPointInJourneyPattern:993503" version="47951" order="10">
                  <ScheduledStopPointRef ref="VTR:ScheduledStopPoint:68182"/>
                  <DestinationDisplayRef ref="VTR:DestinationDisplay:1"/>
                </StopPointInJourneyPattern>
                <StopPointInJourneyPattern id="VTR:StopPointInJourneyPattern:993504" version="47951" order="11">
                  <ScheduledStopPointRef ref="VTR:ScheduledStopPoint:68183"/>
                  <DestinationDisplayRef ref="VTR:DestinationDisplay:1"/>
                </StopPointInJourneyPattern>
                <StopPointInJourneyPattern id="VTR:StopPointInJourneyPattern:993505" version="47951" order="12">
                  <ScheduledStopPointRef ref="VTR:ScheduledStopPoint:68184"/>
                  <DestinationDisplayRef ref="VTR:DestinationDisplay:1"/>
                </StopPointInJourneyPattern>
                <StopPointInJourneyPattern id="VTR:StopPointInJourneyPattern:993506" version="47951" order="13">
                  <ScheduledStopPointRef ref="VTR:ScheduledStopPoint:68185"/>
                  <DestinationDisplayRef ref="VTR:DestinationDisplay:1"/>
                </StopPointInJourneyPattern>
                <StopPointInJourneyPattern id="VTR:StopPointInJourneyPattern:993507" version="47951" order="14">
                  <ScheduledStopPointRef ref="VTR:ScheduledStopPoint:68186"/>
                  <DestinationDisplayRef ref="VTR:DestinationDisplay:1"/>
                </StopPointInJourneyPattern>
                <StopPointInJourneyPattern id="VTR:StopPointInJourneyPattern:993508" version="47951" order="15">
                  <ScheduledStopPointRef ref="VTR:ScheduledStopPoint:68187"/>
                  <DestinationDisplayRef ref="VTR:DestinationDisplay:1"/>
                </StopPointInJourneyPattern>
                <StopPointInJourneyPattern id="VTR:StopPointInJourneyPattern:993509" version="47951" order="16">
                  <ScheduledStopPointRef ref="VTR:ScheduledStopPoint:68188"/>
                  <DestinationDisplayRef ref="VTR:DestinationDisplay:1"/>
                </StopPointInJourneyPattern>
                <StopPointInJourneyPattern id="VTR:StopPointInJourneyPattern:993510" version="47951" order="17">
                  <ScheduledStopPointRef ref="VTR:ScheduledStopPoint:68189"/>
                  <DestinationDisplayRef ref="VTR:DestinationDisplay:1"/>
                </StopPointInJourneyPattern>
                <StopPointInJourneyPattern id="VTR:StopPointInJourneyPattern:993511" version="47951" order="18">
                  <ScheduledStopPointRef ref="VTR:ScheduledStopPoint:68190"/>
                  <DestinationDisplayRef ref="VTR:DestinationDisplay:1"/>
                </StopPointInJourneyPattern>
                <StopPointInJourneyPattern id="VTR:StopPointInJourneyPattern:993512" version="47951" order="19">
                  <ScheduledStopPointRef ref="VTR:ScheduledStopPoint:68191"/>
                  <DestinationDisplayRef ref="VTR:DestinationDisplay:1"/>
                </StopPointInJourneyPattern>
                <StopPointInJourneyPattern id="VTR:StopPointInJourneyPattern:993513" version="47951" order="20">
                  <ScheduledStopPointRef ref="VTR:ScheduledStopPoint:68192"/>
                  <DestinationDisplayRef ref="VTR:DestinationDisplay:1"/>
                </StopPointInJourneyPattern>
              </pointsInSequence>
            </JourneyPattern>
          </journeyPatterns>
        </ServiceFrame>
        <TimetableFrame version="1" id="VTR:TimetableFrame:1385">
          <vehicleJourneys>
            <ServiceJourney version="47964" id="VTR:ServiceJourney:47969">
              <Name>Kretinga-Kalniškiai</Name>
              <PrivateCode>3</PrivateCode>
              <dayTypes>
                <DayTypeRef ref="VTR:DayType:1343"/>
              </dayTypes>
              <JourneyPatternRef version="47964" ref="VTR:JourneyPattern:47969"/>
              <OperatorRef ref="VTR:Operator:"/>
              <LineRef ref="VTR:Line:1665" version="1645"/>
              <passingTimes>
                <TimetabledPassingTime version="47964" id="VTR:TimetabledPassingTime:47969_993674_1">
                  <StopPointInJourneyPatternRef ref="VTR:StopPointInJourneyPattern:993674" version="47964"/>
                  <DepartureTime>13:15:00</DepartureTime>
                  <DepartureDayOffset>0</DepartureDayOffset>
                </TimetabledPassingTime>
                <TimetabledPassingTime version="47964" id="VTR:TimetabledPassingTime:47969_993675_3">
                  <StopPointInJourneyPatternRef ref="VTR:StopPointInJourneyPattern:993675" version="47964"/>
                  <DepartureTime>13:17:00</DepartureTime>
                  <DepartureDayOffset>0</DepartureDayOffset>
                </TimetabledPassingTime>
                <TimetabledPassingTime version="47964" id="VTR:TimetabledPassingTime:47969_993676_4">
                  <StopPointInJourneyPatternRef ref="VTR:StopPointInJourneyPattern:993676" version="47964"/>
                  <DepartureTime>13:19:00</DepartureTime>
                  <DepartureDayOffset>0</DepartureDayOffset>
                </TimetabledPassingTime>
                <TimetabledPassingTime version="47964" id="VTR:TimetabledPassingTime:47969_993677_7">
                  <StopPointInJourneyPatternRef ref="VTR:StopPointInJourneyPattern:993677" version="47964"/>
                  <DepartureTime>13:24:00</DepartureTime>
                  <DepartureDayOffset>0</DepartureDayOffset>
                </TimetabledPassingTime>
                <TimetabledPassingTime version="47964" id="VTR:TimetabledPassingTime:47969_993678_9">
                  <StopPointInJourneyPatternRef ref="VTR:StopPointInJourneyPattern:993678" version="47964"/>
                  <DepartureTime>13:28:00</DepartureTime>
                  <DepartureDayOffset>0</DepartureDayOffset>
                </TimetabledPassingTime>
                <TimetabledPassingTime version="47964" id="VTR:TimetabledPassingTime:47969_993679_10">
                  <StopPointInJourneyPatternRef ref="VTR:StopPointInJourneyPattern:993679" version="47964"/>
                  <DepartureTime>13:33:00</DepartureTime>
                  <DepartureDayOffset>0</DepartureDayOffset>
                </TimetabledPassingTime>
                <TimetabledPassingTime version="47964" id="VTR:TimetabledPassingTime:47969_993680_11">
                  <StopPointInJourneyPatternRef ref="VTR:StopPointInJourneyPattern:993680" version="47964"/>
                  <DepartureTime>13:34:00</DepartureTime>
                  <DepartureDayOffset>0</DepartureDayOffset>
                </TimetabledPassingTime>
                <TimetabledPassingTime version="47964" id="VTR:TimetabledPassingTime:47969_993681_12">
                  <StopPointInJourneyPatternRef ref="VTR:StopPointInJourneyPattern:993681" version="47964"/>
                  <DepartureTime>13:36:00</DepartureTime>
                  <DepartureDayOffset>0</DepartureDayOffset>
                </TimetabledPassingTime>
                <TimetabledPassingTime version="47964" id="VTR:TimetabledPassingTime:47969_993682_13">
                  <StopPointInJourneyPatternRef ref="VTR:StopPointInJourneyPattern:993682" version="47964"/>
                  <DepartureTime>13:39:00</DepartureTime>
                  <DepartureDayOffset>0</DepartureDayOffset>
                </TimetabledPassingTime>
                <TimetabledPassingTime version="47964" id="VTR:TimetabledPassingTime:47969_993683_14">
                  <StopPointInJourneyPatternRef ref="VTR:StopPointInJourneyPattern:993683" version="47964"/>
                  <DepartureTime>13:41:00</DepartureTime>
                  <DepartureDayOffset>0</DepartureDayOffset>
                </TimetabledPassingTime>
                <TimetabledPassingTime version="47964" id="VTR:TimetabledPassingTime:47969_993684_15">
                  <StopPointInJourneyPatternRef ref="VTR:StopPointInJourneyPattern:993684" version="47964"/>
                  <DepartureTime>13:55:00</DepartureTime>
                  <DepartureDayOffset>0</DepartureDayOffset>
                </TimetabledPassingTime>
                <TimetabledPassingTime version="47964" id="VTR:TimetabledPassingTime:47969_993685_16">
                  <StopPointInJourneyPatternRef ref="VTR:StopPointInJourneyPattern:993685" version="47964"/>
                  <DepartureTime>13:58:00</DepartureTime>
                  <DepartureDayOffset>0</DepartureDayOffset>
                </TimetabledPassingTime>
                <TimetabledPassingTime version="47964" id="VTR:TimetabledPassingTime:47969_993686_17">
                  <StopPointInJourneyPatternRef ref="VTR:StopPointInJourneyPattern:993686" version="47964"/>
                  <DepartureTime>14:00:00</DepartureTime>
                  <DepartureDayOffset>0</DepartureDayOffset>
                </TimetabledPassingTime>
                <TimetabledPassingTime version="47964" id="VTR:TimetabledPassingTime:47969_993687_18">
                  <StopPointInJourneyPatternRef ref="VTR:StopPointInJourneyPattern:993687" version="47964"/>
                  <DepartureTime>14:05:00</DepartureTime>
                  <DepartureDayOffset>0</DepartureDayOffset>
                </TimetabledPassingTime>
                <TimetabledPassingTime version="47964" id="VTR:TimetabledPassingTime:47969_993688_19">
                  <StopPointInJourneyPatternRef ref="VTR:StopPointInJourneyPattern:993688" version="47964"/>
                  <DepartureTime>14:08:00</DepartureTime>
                  <DepartureDayOffset>0</DepartureDayOffset>
                </TimetabledPassingTime>
                <TimetabledPassingTime version="47964" id="VTR:TimetabledPassingTime:47969_993689_20">
                  <StopPointInJourneyPatternRef ref="VTR:StopPointInJourneyPattern:993689" version="47964"/>
                  <DepartureTime>14:10:00</DepartureTime>
                  <DepartureDayOffset>0</DepartureDayOffset>
                </TimetabledPassingTime>
              </passingTimes>
            </ServiceJourney>
            <ServiceJourney version="47960" id="VTR:ServiceJourney:47965">
              <Name>Kretinga-Kalniškiai</Name>
              <PrivateCode>1</PrivateCode>
              <dayTypes>
                <DayTypeRef ref="VTR:DayType:1449"/>
              </dayTypes>
              <JourneyPatternRef version="47960" ref="VTR:JourneyPattern:47965"/>
              <OperatorRef ref="VTR:Operator:"/>
              <LineRef ref="VTR:Line:1665" version="1645"/>
              <passingTimes>
                <TimetabledPassingTime version="47960" id="VTR:TimetabledPassingTime:47965_993622_1">
                  <StopPointInJourneyPatternRef ref="VTR:StopPointInJourneyPattern:993622" version="47960"/>
                  <DepartureTime>06:25:00</DepartureTime>
                  <DepartureDayOffset>0</DepartureDayOffset>
                </TimetabledPassingTime>
                <TimetabledPassingTime version="47960" id="VTR:TimetabledPassingTime:47965_993623_2">
                  <StopPointInJourneyPatternRef ref="VTR:StopPointInJourneyPattern:993623" version="47960"/>
                  <DepartureTime>06:27:00</DepartureTime>
                  <DepartureDayOffset>0</DepartureDayOffset>
                </TimetabledPassingTime>
                <TimetabledPassingTime version="47960" id="VTR:TimetabledPassingTime:47965_993624_3">
                  <StopPointInJourneyPatternRef ref="VTR:StopPointInJourneyPattern:993624" version="47960"/>
                  <DepartureTime>06:28:00</DepartureTime>
                  <DepartureDayOffset>0</DepartureDayOffset>
                </TimetabledPassingTime>
                <TimetabledPassingTime version="47960" id="VTR:TimetabledPassingTime:47965_993625_4">
                  <StopPointInJourneyPatternRef ref="VTR:StopPointInJourneyPattern:993625" version="47960"/>
                  <DepartureTime>06:31:00</DepartureTime>
                  <DepartureDayOffset>0</DepartureDayOffset>
                </TimetabledPassingTime>
                <TimetabledPassingTime version="47960" id="VTR:TimetabledPassingTime:47965_993626_5">
                  <StopPointInJourneyPatternRef ref="VTR:StopPointInJourneyPattern:993626" version="47960"/>
                  <DepartureTime>06:34:00</DepartureTime>
                  <DepartureDayOffset>0</DepartureDayOffset>
                </TimetabledPassingTime>
                <TimetabledPassingTime version="47960" id="VTR:TimetabledPassingTime:47965_993627_6">
                  <StopPointInJourneyPatternRef ref="VTR:StopPointInJourneyPattern:993627" version="47960"/>
                  <DepartureTime>06:37:00</DepartureTime>
                  <DepartureDayOffset>0</DepartureDayOffset>
                </TimetabledPassingTime>
                <TimetabledPassingTime version="47960" id="VTR:TimetabledPassingTime:47965_993628_7">
                  <StopPointInJourneyPatternRef ref="VTR:StopPointInJourneyPattern:993628" version="47960"/>
                  <DepartureTime>06:38:00</DepartureTime>
                  <DepartureDayOffset>0</DepartureDayOffset>
                </TimetabledPassingTime>
                <TimetabledPassingTime version="47960" id="VTR:TimetabledPassingTime:47965_993629_8">
                  <StopPointInJourneyPatternRef ref="VTR:StopPointInJourneyPattern:993629" version="47960"/>
                  <DepartureTime>06:40:00</DepartureTime>
                  <DepartureDayOffset>0</DepartureDayOffset>
                </TimetabledPassingTime>
                <TimetabledPassingTime version="47960" id="VTR:TimetabledPassingTime:47965_993630_9">
                  <StopPointInJourneyPatternRef ref="VTR:StopPointInJourneyPattern:993630" version="47960"/>
                  <DepartureTime>06:42:00</DepartureTime>
                  <DepartureDayOffset>0</DepartureDayOffset>
                </TimetabledPassingTime>
                <TimetabledPassingTime version="47960" id="VTR:TimetabledPassingTime:47965_993631_10">
                  <StopPointInJourneyPatternRef ref="VTR:StopPointInJourneyPattern:993631" version="47960"/>
                  <DepartureTime>06:44:00</DepartureTime>
                  <DepartureDayOffset>0</DepartureDayOffset>
                </TimetabledPassingTime>
                <TimetabledPassingTime version="47960" id="VTR:TimetabledPassingTime:47965_993632_11">
                  <StopPointInJourneyPatternRef ref="VTR:StopPointInJourneyPattern:993632" version="47960"/>
                  <DepartureTime>06:47:00</DepartureTime>
                  <DepartureDayOffset>0</DepartureDayOffset>
                </TimetabledPassingTime>
                <TimetabledPassingTime version="47960" id="VTR:TimetabledPassingTime:47965_993633_12">
                  <StopPointInJourneyPatternRef ref="VTR:StopPointInJourneyPattern:993633" version="47960"/>
                  <DepartureTime>06:49:00</DepartureTime>
                  <DepartureDayOffset>0</DepartureDayOffset>
                </TimetabledPassingTime>
                <TimetabledPassingTime version="47960" id="VTR:TimetabledPassingTime:47965_993634_13">
                  <StopPointInJourneyPatternRef ref="VTR:StopPointInJourneyPattern:993634" version="47960"/>
                  <DepartureTime>06:52:00</DepartureTime>
                  <DepartureDayOffset>0</DepartureDayOffset>
                </TimetabledPassingTime>
                <TimetabledPassingTime version="47960" id="VTR:TimetabledPassingTime:47965_993635_14">
                  <StopPointInJourneyPatternRef ref="VTR:StopPointInJourneyPattern:993635" version="47960"/>
                  <DepartureTime>06:55:00</DepartureTime>
                  <DepartureDayOffset>0</DepartureDayOffset>
                </TimetabledPassingTime>
                <TimetabledPassingTime version="47960" id="VTR:TimetabledPassingTime:47965_993636_15">
                  <StopPointInJourneyPatternRef ref="VTR:StopPointInJourneyPattern:993636" version="47960"/>
                  <DepartureTime>06:58:00</DepartureTime>
                  <DepartureDayOffset>0</DepartureDayOffset>
                </TimetabledPassingTime>
                <TimetabledPassingTime version="47960" id="VTR:TimetabledPassingTime:47965_993637_16">
                  <StopPointInJourneyPatternRef ref="VTR:StopPointInJourneyPattern:993637" version="47960"/>
                  <DepartureTime>07:00:00</DepartureTime>
                  <DepartureDayOffset>0</DepartureDayOffset>
                </TimetabledPassingTime>
              </passingTimes>
            </ServiceJourney>
            <ServiceJourney version="47967" id="VTR:ServiceJourney:47972">
              <Name>Kretinga-Kalniškiai</Name>
              <PrivateCode>4</PrivateCode>
              <dayTypes>
                <DayTypeRef ref="VTR:DayType:1449"/>
              </dayTypes>
              <JourneyPatternRef version="47967" ref="VTR:JourneyPattern:47972"/>
              <OperatorRef ref="VTR:Operator:"/>
              <LineRef ref="VTR:Line:1665" version="1645"/>
              <passingTimes>
                <TimetabledPassingTime version="47967" id="VTR:TimetabledPassingTime:47972_993718_1">
                  <StopPointInJourneyPatternRef ref="VTR:StopPointInJourneyPattern:993718" version="47967"/>
                  <DepartureTime>15:15:00</DepartureTime>
                  <DepartureDayOffset>0</DepartureDayOffset>
                </TimetabledPassingTime>
                <TimetabledPassingTime version="47967" id="VTR:TimetabledPassingTime:47972_993719_3">
                  <StopPointInJourneyPatternRef ref="VTR:StopPointInJourneyPattern:993719" version="47967"/>
                  <DepartureTime>15:17:00</DepartureTime>
                  <DepartureDayOffset>0</DepartureDayOffset>
                </TimetabledPassingTime>
                <TimetabledPassingTime version="47967" id="VTR:TimetabledPassingTime:47972_993720_4">
                  <StopPointInJourneyPatternRef ref="VTR:StopPointInJourneyPattern:993720" version="47967"/>
                  <DepartureTime>15:19:00</DepartureTime>
                  <DepartureDayOffset>0</DepartureDayOffset>
                </TimetabledPassingTime>
                <TimetabledPassingTime version="47967" id="VTR:TimetabledPassingTime:47972_993721_7">
                  <StopPointInJourneyPatternRef ref="VTR:StopPointInJourneyPattern:993721" version="47967"/>
                  <DepartureTime>15:24:00</DepartureTime>
                  <DepartureDayOffset>0</DepartureDayOffset>
                </TimetabledPassingTime>
                <TimetabledPassingTime version="47967" id="VTR:TimetabledPassingTime:47972_993722_9">
                  <StopPointInJourneyPatternRef ref="VTR:StopPointInJourneyPattern:993722" version="47967"/>
                  <DepartureTime>15:28:00</DepartureTime>
                  <DepartureDayOffset>0</DepartureDayOffset>
                </TimetabledPassingTime>
                <TimetabledPassingTime version="47967" id="VTR:TimetabledPassingTime:47972_993723_10">
                  <StopPointInJourneyPatternRef ref="VTR:StopPointInJourneyPattern:993723" version="47967"/>
                  <DepartureTime>15:33:00</DepartureTime>
                  <DepartureDayOffset>0</DepartureDayOffset>
                </TimetabledPassingTime>
                <TimetabledPassingTime version="47967" id="VTR:TimetabledPassingTime:47972_993724_11">
                  <StopPointInJourneyPatternRef ref="VTR:StopPointInJourneyPattern:993724" version="47967"/>
                  <DepartureTime>15:34:00</DepartureTime>
                  <DepartureDayOffset>0</DepartureDayOffset>
                </TimetabledPassingTime>
                <TimetabledPassingTime version="47967" id="VTR:TimetabledPassingTime:47972_993725_12">
                  <StopPointInJourneyPatternRef ref="VTR:StopPointInJourneyPattern:993725" version="47967"/>
                  <DepartureTime>15:36:00</DepartureTime>
                  <DepartureDayOffset>0</DepartureDayOffset>
                </TimetabledPassingTime>
                <TimetabledPassingTime version="47967" id="VTR:TimetabledPassingTime:47972_993726_13">
                  <StopPointInJourneyPatternRef ref="VTR:StopPointInJourneyPattern:993726" version="47967"/>
                  <DepartureTime>15:39:00</DepartureTime>
                  <DepartureDayOffset>0</DepartureDayOffset>
                </TimetabledPassingTime>
                <TimetabledPassingTime version="47967" id="VTR:TimetabledPassingTime:47972_993727_14">
                  <StopPointInJourneyPatternRef ref="VTR:StopPointInJourneyPattern:993727" version="47967"/>
                  <DepartureTime>15:41:00</DepartureTime>
                  <DepartureDayOffset>0</DepartureDayOffset>
                </TimetabledPassingTime>
                <TimetabledPassingTime version="47967" id="VTR:TimetabledPassingTime:47972_993728_15">
                  <StopPointInJourneyPatternRef ref="VTR:StopPointInJourneyPattern:993728" version="47967"/>
                  <DepartureTime>15:45:00</DepartureTime>
                  <DepartureDayOffset>0</DepartureDayOffset>
                </TimetabledPassingTime>
                <TimetabledPassingTime version="47967" id="VTR:TimetabledPassingTime:47972_993729_16">
                  <StopPointInJourneyPatternRef ref="VTR:StopPointInJourneyPattern:993729" version="47967"/>
                  <DepartureTime>15:48:00</DepartureTime>
                  <DepartureDayOffset>0</DepartureDayOffset>
                </TimetabledPassingTime>
                <TimetabledPassingTime version="47967" id="VTR:TimetabledPassingTime:47972_993730_17">
                  <StopPointInJourneyPatternRef ref="VTR:StopPointInJourneyPattern:993730" version="47967"/>
                  <DepartureTime>15:50:00</DepartureTime>
                  <DepartureDayOffset>0</DepartureDayOffset>
                </TimetabledPassingTime>
                <TimetabledPassingTime version="47967" id="VTR:TimetabledPassingTime:47972_993731_18">
                  <StopPointInJourneyPatternRef ref="VTR:StopPointInJourneyPattern:993731" version="47967"/>
                  <DepartureTime>15:55:00</DepartureTime>
                  <DepartureDayOffset>0</DepartureDayOffset>
                </TimetabledPassingTime>
                <TimetabledPassingTime version="47967" id="VTR:TimetabledPassingTime:47972_993732_19">
                  <StopPointInJourneyPatternRef ref="VTR:StopPointInJourneyPattern:993732" version="47967"/>
                  <DepartureTime>15:58:00</DepartureTime>
                  <DepartureDayOffset>0</DepartureDayOffset>
                </TimetabledPassingTime>
                <TimetabledPassingTime version="47967" id="VTR:TimetabledPassingTime:47972_993733_20">
                  <StopPointInJourneyPatternRef ref="VTR:StopPointInJourneyPattern:993733" version="47967"/>
                  <DepartureTime>16:00:00</DepartureTime>
                  <DepartureDayOffset>0</DepartureDayOffset>
                </TimetabledPassingTime>
              </passingTimes>
            </ServiceJourney>
            <ServiceJourney version="47951" id="VTR:ServiceJourney:47956">
              <Name>Kretinga-Kalniškiai</Name>
              <PrivateCode>2</PrivateCode>
              <dayTypes>
                <DayTypeRef ref="VTR:DayType:1522"/>
              </dayTypes>
              <JourneyPatternRef version="47951" ref="VTR:JourneyPattern:47956"/>
              <OperatorRef ref="VTR:Operator:"/>
              <LineRef ref="VTR:Line:1665" version="1645"/>
              <passingTimes>
                <TimetabledPassingTime version="47951" id="VTR:TimetabledPassingTime:47956_993498_1">
                  <StopPointInJourneyPatternRef ref="VTR:StopPointInJourneyPattern:993498" version="47951"/>
                  <DepartureTime>10:35:00</DepartureTime>
                  <DepartureDayOffset>0</DepartureDayOffset>
                </TimetabledPassingTime>
                <TimetabledPassingTime version="47951" id="VTR:TimetabledPassingTime:47956_993499_3">
                  <StopPointInJourneyPatternRef ref="VTR:StopPointInJourneyPattern:993499" version="47951"/>
                  <DepartureTime>10:37:00</DepartureTime>
                  <DepartureDayOffset>0</DepartureDayOffset>
                </TimetabledPassingTime>
                <TimetabledPassingTime version="47951" id="VTR:TimetabledPassingTime:47956_993500_4">
                  <StopPointInJourneyPatternRef ref="VTR:StopPointInJourneyPattern:993500" version="47951"/>
                  <DepartureTime>10:38:00</DepartureTime>
                  <DepartureDayOffset>0</DepartureDayOffset>
                </TimetabledPassingTime>
                <TimetabledPassingTime version="47951" id="VTR:TimetabledPassingTime:47956_993501_7">
                  <StopPointInJourneyPatternRef ref="VTR:StopPointInJourneyPattern:993501" version="47951"/>
                  <DepartureTime>10:42:00</DepartureTime>
                  <DepartureDayOffset>0</DepartureDayOffset>
                </TimetabledPassingTime>
                <TimetabledPassingTime version="47951" id="VTR:TimetabledPassingTime:47956_993502_9">
                  <StopPointInJourneyPatternRef ref="VTR:StopPointInJourneyPattern:993502" version="47951"/>
                  <DepartureTime>10:46:00</DepartureTime>
                  <DepartureDayOffset>0</DepartureDayOffset>
                </TimetabledPassingTime>
                <TimetabledPassingTime version="47951" id="VTR:TimetabledPassingTime:47956_993503_10">
                  <StopPointInJourneyPatternRef ref="VTR:StopPointInJourneyPattern:993503" version="47951"/>
                  <DepartureTime>10:50:00</DepartureTime>
                  <DepartureDayOffset>0</DepartureDayOffset>
                </TimetabledPassingTime>
                <TimetabledPassingTime version="47951" id="VTR:TimetabledPassingTime:47956_993504_11">
                  <StopPointInJourneyPatternRef ref="VTR:StopPointInJourneyPattern:993504" version="47951"/>
                  <DepartureTime>10:51:00</DepartureTime>
                  <DepartureDayOffset>0</DepartureDayOffset>
                </TimetabledPassingTime>
                <TimetabledPassingTime version="47951" id="VTR:TimetabledPassingTime:47956_993505_12">
                  <StopPointInJourneyPatternRef ref="VTR:StopPointInJourneyPattern:993505" version="47951"/>
                  <DepartureTime>10:53:00</DepartureTime>
                  <DepartureDayOffset>0</DepartureDayOffset>
                </TimetabledPassingTime>
                <TimetabledPassingTime version="47951" id="VTR:TimetabledPassingTime:47956_993506_13">
                  <StopPointInJourneyPatternRef ref="VTR:StopPointInJourneyPattern:993506" version="47951"/>
                  <DepartureTime>10:56:00</DepartureTime>
                  <DepartureDayOffset>0</DepartureDayOffset>
                </TimetabledPassingTime>
                <TimetabledPassingTime version="47951" id="VTR:TimetabledPassingTime:47956_993507_14">
                  <StopPointInJourneyPatternRef ref="VTR:StopPointInJourneyPattern:993507" version="47951"/>
                  <DepartureTime>11:01:00</DepartureTime>
                  <DepartureDayOffset>0</DepartureDayOffset>
                </TimetabledPassingTime>
                <TimetabledPassingTime version="47951" id="VTR:TimetabledPassingTime:47956_993508_15">
                  <StopPointInJourneyPatternRef ref="VTR:StopPointInJourneyPattern:993508" version="47951"/>
                  <DepartureTime>11:04:00</DepartureTime>
                  <DepartureDayOffset>0</DepartureDayOffset>
                </TimetabledPassingTime>
                <TimetabledPassingTime version="47951" id="VTR:TimetabledPassingTime:47956_993509_16">
                  <StopPointInJourneyPatternRef ref="VTR:StopPointInJourneyPattern:993509" version="47951"/>
                  <DepartureTime>11:06:00</DepartureTime>
                  <DepartureDayOffset>0</DepartureDayOffset>
                </TimetabledPassingTime>
                <TimetabledPassingTime version="47951" id="VTR:TimetabledPassingTime:47956_993510_17">
                  <StopPointInJourneyPatternRef ref="VTR:StopPointInJourneyPattern:993510" version="47951"/>
                  <DepartureTime>11:09:00</DepartureTime>
                  <DepartureDayOffset>0</DepartureDayOffset>
                </TimetabledPassingTime>
                <TimetabledPassingTime version="47951" id="VTR:TimetabledPassingTime:47956_993511_18">
                  <StopPointInJourneyPatternRef ref="VTR:StopPointInJourneyPattern:993511" version="47951"/>
                  <DepartureTime>11:14:00</DepartureTime>
                  <DepartureDayOffset>0</DepartureDayOffset>
                </TimetabledPassingTime>
                <TimetabledPassingTime version="47951" id="VTR:TimetabledPassingTime:47956_993512_19">
                  <StopPointInJourneyPatternRef ref="VTR:StopPointInJourneyPattern:993512" version="47951"/>
                  <DepartureTime>11:17:00</DepartureTime>
                  <DepartureDayOffset>0</DepartureDayOffset>
                </TimetabledPassingTime>
                <TimetabledPassingTime version="47951" id="VTR:TimetabledPassingTime:47956_993513_20">
                  <StopPointInJourneyPatternRef ref="VTR:StopPointInJourneyPattern:993513" version="47951"/>
                  <DepartureTime>11:20:00</DepartureTime>
                  <DepartureDayOffset>0</DepartureDayOffset>
                </TimetabledPassingTime>
              </passingTimes>
            </ServiceJourney>
          </vehicleJourneys>
        </TimetableFrame>
        <ResourceFrame version="1" id="VTR:ResourceFrame:1385">
          <organisations>
            <Authority version="1" id="VTR:Authority:18">
              <CompanyNumber>56</CompanyNumber>
              <Name>Kretingos r. sav.</Name>
              <LegalName>Kretingos r. sav.</LegalName>
              <ContactDetails>
                <Email>savivaldybe@kretinga.lt</Email>
                <Phone>844553141</Phone>
                <Url>www.kretinga.lt</Url>
              </ContactDetails>
              <OrganisationType>authority</OrganisationType>
            </Authority>
          </organisations>
        </ResourceFrame>
      </frames>
    </CompositeFrame>
  </dataObjects>
</PublicationDelivery>
