<?xml version="1.0" encoding="UTF-8"?><PublicationDelivery xmlns="http://www.netex.org.uk/netex" xmlns:gis="http://www.opengis.net/gml/3.2" xmlns:ns2="http://www.opengis.net/gml/3.2" xmlns:ns3="http://www.siri.org.uk/siri" xmlns:xsi="http://www.w3.org/2001/XMLSchema-instance" version="1" xsi:schemaLocation="">
  <PublicationTimestamp>2022-05-07T03:45:00.262</PublicationTimestamp>
  <ParticipantRef>VTR</ParticipantRef>
  <Description>1</Description>
  <dataObjects>
    <CompositeFrame created="2022-05-07T03:45:00.262" version="1" id="VTR:CompositeFrame:1385">
      <validityConditions>
        <AvailabilityCondition version="1" id="VTR:AvailabilityCondition:1385">
          <FromDate>2015-08-03T16:25:22</FromDate>
          <ToDate>2027-12-30T00:00:00</ToDate>
        </AvailabilityCondition>
      </validityConditions>
      <codespaces>
        <Codespace id="vtr">
          <Xmlns>VTR</Xmlns>
          <XmlnsUrl>http://www.visimarsrutai.lt/</XmlnsUrl>
        </Codespace>
      </codespaces>
      <FrameDefaults>
        <DefaultLocale>
          <TimeZone>Europe/Vilnius</TimeZone>
        </DefaultLocale>
        <DefaultLocationSystem>WGS84</DefaultLocationSystem>
      </FrameDefaults>
      <frames>
        <ServiceCalendarFrame version="1" id="VTR:ServiceCalendarFrame:1385">
          <dayTypes>
            <DayType id="VTR:DayType:1449" version="1">
              <properties>
                <PropertyOfDay>
                  <DaysOfWeek>Monday Tuesday Wednesday Thursday Friday</DaysOfWeek>
                </PropertyOfDay>
              </properties>
            </DayType>
          </dayTypes>
          <operatingPeriods>
            <OperatingPeriod version="1" id="VTR:OperatingPeriod:1449">
              <FromDate>2015-08-21T00:00:00</FromDate>
              <ToDate>2020-12-31T00:00:00</ToDate>
            </OperatingPeriod>
          </operatingPeriods>
          <dayTypeAssignments>
            <DayTypeAssignment id="VTR:DayTypeAssignment:1449_0" version="1" order="1451">
              <OperatingPeriodRef ref="VTR:OperatingPeriod:1449" version="1"/>
              <DayTypeRef ref="VTR:DayType:1449" version="1"/>
            </DayTypeAssignment>
          </dayTypeAssignments>
        </ServiceCalendarFrame>
        <ServiceFrame id="VTR:ServiceFrame:1385" version="1">
          <Network version="0" id="VTR:Network:18"/>
          <routePoints>
            <RoutePoint version="1" id="VTR:RoutePoint:68474">
              <projections>
                <PointProjection version="1" id="VTR:PointProjection:22066">
                  <ProjectedPointRef ref="VTR:ScheduledStopPoint:68474" version="1"/>
                </PointProjection>
              </projections>
            </RoutePoint>
            <RoutePoint version="1" id="VTR:RoutePoint:68475">
              <projections>
                <PointProjection version="1" id="VTR:PointProjection:22067">
                  <ProjectedPointRef ref="VTR:ScheduledStopPoint:68475" version="1"/>
                </PointProjection>
              </projections>
            </RoutePoint>
            <RoutePoint version="1" id="VTR:RoutePoint:68476">
              <projections>
                <PointProjection version="1" id="VTR:PointProjection:22068">
                  <ProjectedPointRef ref="VTR:ScheduledStopPoint:68476" version="1"/>
                </PointProjection>
              </projections>
            </RoutePoint>
            <RoutePoint version="1" id="VTR:RoutePoint:68477">
              <projections>
                <PointProjection version="1" id="VTR:PointProjection:22069">
                  <ProjectedPointRef ref="VTR:ScheduledStopPoint:68477" version="1"/>
                </PointProjection>
              </projections>
            </RoutePoint>
            <RoutePoint version="1" id="VTR:RoutePoint:68478">
              <projections>
                <PointProjection version="1" id="VTR:PointProjection:22070">
                  <ProjectedPointRef ref="VTR:ScheduledStopPoint:68478" version="1"/>
                </PointProjection>
              </projections>
            </RoutePoint>
            <RoutePoint version="1" id="VTR:RoutePoint:68479">
              <projections>
                <PointProjection version="1" id="VTR:PointProjection:22071">
                  <ProjectedPointRef ref="VTR:ScheduledStopPoint:68479" version="1"/>
                </PointProjection>
              </projections>
            </RoutePoint>
            <RoutePoint version="1" id="VTR:RoutePoint:68480">
              <projections>
                <PointProjection version="1" id="VTR:PointProjection:22072">
                  <ProjectedPointRef ref="VTR:ScheduledStopPoint:68480" version="1"/>
                </PointProjection>
              </projections>
            </RoutePoint>
            <RoutePoint version="1" id="VTR:RoutePoint:68726">
              <projections>
                <PointProjection version="1" id="VTR:PointProjection:22161">
                  <ProjectedPointRef ref="VTR:ScheduledStopPoint:68726" version="1"/>
                </PointProjection>
              </projections>
            </RoutePoint>
            <RoutePoint version="1" id="VTR:RoutePoint:68728">
              <projections>
                <PointProjection version="1" id="VTR:PointProjection:22162">
                  <ProjectedPointRef ref="VTR:ScheduledStopPoint:68728" version="1"/>
                </PointProjection>
              </projections>
            </RoutePoint>
          </routePoints>
          <routes>
            <Route version="1" id="VTR:Route:4111">
              <Name>Kretinga-Kūlupėnai</Name>
              <ShortName>Kretinga-Kūlupėnai</ShortName>
              <LineRef ref="VTR:Line:1679" version="1659"/>
              <DirectionType>outbound</DirectionType>
              <pointsInSequence>
                <PointOnRoute version="1" id="VTR:PointOnRoute:68474" order="1">
                  <RoutePointRef ref="VTR:RoutePoint:68474"/>
                </PointOnRoute>
                <PointOnRoute version="1" id="VTR:PointOnRoute:68475" order="2">
                  <RoutePointRef ref="VTR:RoutePoint:68475"/>
                </PointOnRoute>
                <PointOnRoute version="1" id="VTR:PointOnRoute:68476" order="3">
                  <RoutePointRef ref="VTR:RoutePoint:68476"/>
                </PointOnRoute>
                <PointOnRoute version="1" id="VTR:PointOnRoute:68477" order="4">
                  <RoutePointRef ref="VTR:RoutePoint:68477"/>
                </PointOnRoute>
                <PointOnRoute version="1" id="VTR:PointOnRoute:68478" order="5">
                  <RoutePointRef ref="VTR:RoutePoint:68478"/>
                </PointOnRoute>
                <PointOnRoute version="1" id="VTR:PointOnRoute:68479" order="6">
                  <RoutePointRef ref="VTR:RoutePoint:68479"/>
                </PointOnRoute>
                <PointOnRoute version="1" id="VTR:PointOnRoute:68480" order="7">
                  <RoutePointRef ref="VTR:RoutePoint:68480"/>
                </PointOnRoute>
                <PointOnRoute version="1" id="VTR:PointOnRoute:68726" order="8">
                  <RoutePointRef ref="VTR:RoutePoint:68726"/>
                </PointOnRoute>
                <PointOnRoute version="1" id="VTR:PointOnRoute:68728" order="10">
                  <RoutePointRef ref="VTR:RoutePoint:68728"/>
                </PointOnRoute>
              </pointsInSequence>
            </Route>
          </routes>
          <lines>
            <Line version="1659" id="VTR:Line:1679">
              <Name>Kretinga-Kūlupėnai</Name>
              <TransportMode>bus</TransportMode>
              <TransportSubmode>
                <BusSubmode>regionalBus</BusSubmode>
              </TransportSubmode>
              <PublicCode>102</PublicCode>
              <OperatorRef ref="VTR:Operator:18"/>
            </Line>
          </lines>
          <scheduledStopPoints>
            <ScheduledStopPoint version="1" id="VTR:ScheduledStopPoint:68474">
              <Name>Kretingos autobusų stotis</Name>
            </ScheduledStopPoint>
            <ScheduledStopPoint version="1" id="VTR:ScheduledStopPoint:68475">
              <Name>Rotušės a.</Name>
            </ScheduledStopPoint>
            <ScheduledStopPoint version="1" id="VTR:ScheduledStopPoint:68476">
              <Name>Padvariai</Name>
            </ScheduledStopPoint>
            <ScheduledStopPoint version="1" id="VTR:ScheduledStopPoint:68477">
              <Name>Klibiai</Name>
            </ScheduledStopPoint>
            <ScheduledStopPoint version="1" id="VTR:ScheduledStopPoint:68478">
              <Name>Voveraičiai</Name>
            </ScheduledStopPoint>
            <ScheduledStopPoint version="1" id="VTR:ScheduledStopPoint:68479">
              <Name>Aukštkalviai</Name>
            </ScheduledStopPoint>
            <ScheduledStopPoint version="1" id="VTR:ScheduledStopPoint:68480">
              <Name>Kūlupėnai</Name>
            </ScheduledStopPoint>
            <ScheduledStopPoint version="1" id="VTR:ScheduledStopPoint:68726">
              <Name>Kūlupėnai II</Name>
            </ScheduledStopPoint>
            <ScheduledStopPoint version="1" id="VTR:ScheduledStopPoint:68728">
              <Name>Kūlupėnai III</Name>
            </ScheduledStopPoint>
          </scheduledStopPoints>
          <serviceLinks>
            <ServiceLink id="VTR:ServiceLink:68475_1_68476_1" version="1">
              <Distance>3</Distance>
              <FromPointRef ref="VTR:ScheduledStopPoint:68475" version="1"/>
              <ToPointRef ref="VTR:ScheduledStopPoint:68476" version="1"/>
            </ServiceLink>
            <ServiceLink id="VTR:ServiceLink:68480_1_68726_1" version="1">
              <Distance>1</Distance>
              <FromPointRef ref="VTR:ScheduledStopPoint:68480" version="1"/>
              <ToPointRef ref="VTR:ScheduledStopPoint:68726" version="1"/>
            </ServiceLink>
            <ServiceLink id="VTR:ServiceLink:68474_1_68475_1" version="1">
              <Distance>1</Distance>
              <FromPointRef ref="VTR:ScheduledStopPoint:68474" version="1"/>
              <ToPointRef ref="VTR:ScheduledStopPoint:68475" version="1"/>
            </ServiceLink>
            <ServiceLink id="VTR:ServiceLink:68477_1_68478_1" version="1">
              <Distance>2</Distance>
              <FromPointRef ref="VTR:ScheduledStopPoint:68477" version="1"/>
              <ToPointRef ref="VTR:ScheduledStopPoint:68478" version="1"/>
            </ServiceLink>
            <ServiceLink id="VTR:ServiceLink:68476_1_68477_1" version="1">
              <Distance>1</Distance>
              <FromPointRef ref="VTR:ScheduledStopPoint:68476" version="1"/>
              <ToPointRef ref="VTR:ScheduledStopPoint:68477" version="1"/>
            </ServiceLink>
            <ServiceLink id="VTR:ServiceLink:68479_1_68480_1" version="1">
              <Distance>3</Distance>
              <FromPointRef ref="VTR:ScheduledStopPoint:68479" version="1"/>
              <ToPointRef ref="VTR:ScheduledStopPoint:68480" version="1"/>
            </ServiceLink>
            <ServiceLink id="VTR:ServiceLink:68478_1_68479_1" version="1">
              <Distance>6</Distance>
              <FromPointRef ref="VTR:ScheduledStopPoint:68478" version="1"/>
              <ToPointRef ref="VTR:ScheduledStopPoint:68479" version="1"/>
            </ServiceLink>
          </serviceLinks>
          <stopAssignments>
            <PassengerStopAssignment order="411100000" id="VTR:PassengerStopAssignment:68474" version="1">
              <ScheduledStopPointRef ref="VTR:ScheduledStopPoint:68474" version="1"/>
              <QuayRef ref="VTR:Quay:21202"/>
            </PassengerStopAssignment>
            <PassengerStopAssignment order="411100001" id="VTR:PassengerStopAssignment:68475" version="1">
              <ScheduledStopPointRef ref="VTR:ScheduledStopPoint:68475" version="1"/>
              <QuayRef ref="VTR:Quay:21250"/>
            </PassengerStopAssignment>
            <PassengerStopAssignment order="411100002" id="VTR:PassengerStopAssignment:68476" version="1">
              <ScheduledStopPointRef ref="VTR:ScheduledStopPoint:68476" version="1"/>
              <QuayRef ref="VTR:Quay:4009"/>
            </PassengerStopAssignment>
            <PassengerStopAssignment order="411100003" id="VTR:PassengerStopAssignment:68477" version="1">
              <ScheduledStopPointRef ref="VTR:ScheduledStopPoint:68477" version="1"/>
              <QuayRef ref="VTR:Quay:4149"/>
            </PassengerStopAssignment>
            <PassengerStopAssignment order="411100004" id="VTR:PassengerStopAssignment:68478" version="1">
              <ScheduledStopPointRef ref="VTR:ScheduledStopPoint:68478" version="1"/>
              <QuayRef ref="VTR:Quay:4169"/>
            </PassengerStopAssignment>
            <PassengerStopAssignment order="411100005" id="VTR:PassengerStopAssignment:68479" version="1">
              <ScheduledStopPointRef ref="VTR:ScheduledStopPoint:68479" version="1"/>
              <QuayRef ref="VTR:Quay:3976"/>
            </PassengerStopAssignment>
            <PassengerStopAssignment order="411100006" id="VTR:PassengerStopAssignment:68480" version="1">
              <ScheduledStopPointRef ref="VTR:ScheduledStopPoint:68480" version="1"/>
              <QuayRef ref="VTR:Quay:12146"/>
            </PassengerStopAssignment>
            <PassengerStopAssignment order="411100007" id="VTR:PassengerStopAssignment:68726" version="1">
              <ScheduledStopPointRef ref="VTR:ScheduledStopPoint:68726" version="1"/>
              <QuayRef ref="VTR:Quay:9210"/>
            </PassengerStopAssignment>
            <PassengerStopAssignment order="411100009" id="VTR:PassengerStopAssignment:68728" version="1">
              <ScheduledStopPointRef ref="VTR:ScheduledStopPoint:68728" version="1"/>
              <QuayRef ref="VTR:Quay:21493"/>
            </PassengerStopAssignment>
          </stopAssignments>
          <journeyPatterns>
            <JourneyPattern id="VTR:JourneyPattern:53423" version="53457">
              <Name>102</Name>
              <RouteRef ref="VTR:Route:4111" version="1"/>
              <pointsInSequence>
                <StopPointInJourneyPattern id="VTR:StopPointInJourneyPattern:1094263" version="53457" order="1">
                  <ScheduledStopPointRef ref="VTR:ScheduledStopPoint:68474"/>
                  <DestinationDisplayRef ref="VTR:DestinationDisplay:1"/>
                </StopPointInJourneyPattern>
                <StopPointInJourneyPattern id="VTR:StopPointInJourneyPattern:1094264" version="53457" order="2">
                  <ScheduledStopPointRef ref="VTR:ScheduledStopPoint:68475"/>
                  <DestinationDisplayRef ref="VTR:DestinationDisplay:1"/>
                </StopPointInJourneyPattern>
                <StopPointInJourneyPattern id="VTR:StopPointInJourneyPattern:1094265" version="53457" order="3">
                  <ScheduledStopPointRef ref="VTR:ScheduledStopPoint:68476"/>
                  <DestinationDisplayRef ref="VTR:DestinationDisplay:1"/>
                </StopPointInJourneyPattern>
                <StopPointInJourneyPattern id="VTR:StopPointInJourneyPattern:1094266" version="53457" order="4">
                  <ScheduledStopPointRef ref="VTR:ScheduledStopPoint:68477"/>
                  <DestinationDisplayRef ref="VTR:DestinationDisplay:1"/>
                </StopPointInJourneyPattern>
                <StopPointInJourneyPattern id="VTR:StopPointInJourneyPattern:1094267" version="53457" order="5">
                  <ScheduledStopPointRef ref="VTR:ScheduledStopPoint:68478"/>
                  <DestinationDisplayRef ref="VTR:DestinationDisplay:1"/>
                </StopPointInJourneyPattern>
                <StopPointInJourneyPattern id="VTR:StopPointInJourneyPattern:1094268" version="53457" order="6">
                  <ScheduledStopPointRef ref="VTR:ScheduledStopPoint:68479"/>
                  <DestinationDisplayRef ref="VTR:DestinationDisplay:1"/>
                </StopPointInJourneyPattern>
                <StopPointInJourneyPattern id="VTR:StopPointInJourneyPattern:1094269" version="53457" order="7">
                  <ScheduledStopPointRef ref="VTR:ScheduledStopPoint:68480"/>
                  <DestinationDisplayRef ref="VTR:DestinationDisplay:1"/>
                </StopPointInJourneyPattern>
                <StopPointInJourneyPattern id="VTR:StopPointInJourneyPattern:1094270" version="53457" order="8">
                  <ScheduledStopPointRef ref="VTR:ScheduledStopPoint:68726"/>
                  <DestinationDisplayRef ref="VTR:DestinationDisplay:1"/>
                </StopPointInJourneyPattern>
                <StopPointInJourneyPattern id="VTR:StopPointInJourneyPattern:1094271" version="53457" order="10">
                  <ScheduledStopPointRef ref="VTR:ScheduledStopPoint:68728"/>
                  <DestinationDisplayRef ref="VTR:DestinationDisplay:1"/>
                </StopPointInJourneyPattern>
              </pointsInSequence>
            </JourneyPattern>
          </journeyPatterns>
        </ServiceFrame>
        <TimetableFrame version="1" id="VTR:TimetableFrame:1385">
          <vehicleJourneys>
            <ServiceJourney version="53457" id="VTR:ServiceJourney:53423">
              <Name>Kretinga-Kūlupėnai</Name>
              <PrivateCode>102</PrivateCode>
              <dayTypes>
                <DayTypeRef ref="VTR:DayType:1449"/>
              </dayTypes>
              <JourneyPatternRef version="53457" ref="VTR:JourneyPattern:53423"/>
              <OperatorRef ref="VTR:Operator:"/>
              <LineRef ref="VTR:Line:1679" version="1659"/>
              <passingTimes>
                <TimetabledPassingTime version="53457" id="VTR:TimetabledPassingTime:53423_1094263_1">
                  <StopPointInJourneyPatternRef ref="VTR:StopPointInJourneyPattern:1094263" version="53457"/>
                  <DepartureTime>06:25:00</DepartureTime>
                  <DepartureDayOffset>0</DepartureDayOffset>
                </TimetabledPassingTime>
                <TimetabledPassingTime version="53457" id="VTR:TimetabledPassingTime:53423_1094264_2">
                  <StopPointInJourneyPatternRef ref="VTR:StopPointInJourneyPattern:1094264" version="53457"/>
                  <DepartureTime>06:27:00</DepartureTime>
                  <DepartureDayOffset>0</DepartureDayOffset>
                </TimetabledPassingTime>
                <TimetabledPassingTime version="53457" id="VTR:TimetabledPassingTime:53423_1094265_3">
                  <StopPointInJourneyPatternRef ref="VTR:StopPointInJourneyPattern:1094265" version="53457"/>
                  <DepartureTime>06:32:00</DepartureTime>
                  <DepartureDayOffset>0</DepartureDayOffset>
                </TimetabledPassingTime>
                <TimetabledPassingTime version="53457" id="VTR:TimetabledPassingTime:53423_1094266_4">
                  <StopPointInJourneyPatternRef ref="VTR:StopPointInJourneyPattern:1094266" version="53457"/>
                  <DepartureTime>06:34:00</DepartureTime>
                  <DepartureDayOffset>0</DepartureDayOffset>
                </TimetabledPassingTime>
                <TimetabledPassingTime version="53457" id="VTR:TimetabledPassingTime:53423_1094267_5">
                  <StopPointInJourneyPatternRef ref="VTR:StopPointInJourneyPattern:1094267" version="53457"/>
                  <DepartureTime>06:37:00</DepartureTime>
                  <DepartureDayOffset>0</DepartureDayOffset>
                </TimetabledPassingTime>
                <TimetabledPassingTime version="53457" id="VTR:TimetabledPassingTime:53423_1094268_6">
                  <StopPointInJourneyPatternRef ref="VTR:StopPointInJourneyPattern:1094268" version="53457"/>
                  <DepartureTime>06:46:00</DepartureTime>
                  <DepartureDayOffset>0</DepartureDayOffset>
                </TimetabledPassingTime>
                <TimetabledPassingTime version="53457" id="VTR:TimetabledPassingTime:53423_1094269_7">
                  <StopPointInJourneyPatternRef ref="VTR:StopPointInJourneyPattern:1094269" version="53457"/>
                  <DepartureTime>06:50:00</DepartureTime>
                  <DepartureDayOffset>0</DepartureDayOffset>
                </TimetabledPassingTime>
                <TimetabledPassingTime version="53457" id="VTR:TimetabledPassingTime:53423_1094270_8">
                  <StopPointInJourneyPatternRef ref="VTR:StopPointInJourneyPattern:1094270" version="53457"/>
                  <DepartureTime>06:57:00</DepartureTime>
                  <DepartureDayOffset>0</DepartureDayOffset>
                </TimetabledPassingTime>
                <TimetabledPassingTime version="53457" id="VTR:TimetabledPassingTime:53423_1094271_10">
                  <StopPointInJourneyPatternRef ref="VTR:StopPointInJourneyPattern:1094271" version="53457"/>
                  <DepartureTime>07:20:00</DepartureTime>
                  <DepartureDayOffset>0</DepartureDayOffset>
                </TimetabledPassingTime>
              </passingTimes>
            </ServiceJourney>
          </vehicleJourneys>
        </TimetableFrame>
        <ResourceFrame version="1" id="VTR:ResourceFrame:1385">
          <organisations>
            <Authority version="1" id="VTR:Authority:18">
              <CompanyNumber>56</CompanyNumber>
              <Name>Kretingos r. sav.</Name>
              <LegalName>Kretingos r. sav.</LegalName>
              <ContactDetails>
                <Email>savivaldybe@kretinga.lt</Email>
                <Phone>844553141</Phone>
                <Url>www.kretinga.lt</Url>
              </ContactDetails>
              <OrganisationType>authority</OrganisationType>
            </Authority>
          </organisations>
        </ResourceFrame>
      </frames>
    </CompositeFrame>
  </dataObjects>
</PublicationDelivery>
