<?xml version="1.0" encoding="UTF-8"?><PublicationDelivery xmlns="http://www.netex.org.uk/netex" xmlns:gis="http://www.opengis.net/gml/3.2" xmlns:ns2="http://www.opengis.net/gml/3.2" xmlns:ns3="http://www.siri.org.uk/siri" xmlns:xsi="http://www.w3.org/2001/XMLSchema-instance" version="1" xsi:schemaLocation="">
  <PublicationTimestamp>2022-05-07T03:45:00.262</PublicationTimestamp>
  <ParticipantRef>VTR</ParticipantRef>
  <Description>1</Description>
  <dataObjects>
    <CompositeFrame created="2022-05-07T03:45:00.262" version="1" id="VTR:CompositeFrame:1385">
      <validityConditions>
        <AvailabilityCondition version="1" id="VTR:AvailabilityCondition:1385">
          <FromDate>2015-08-03T15:20:08</FromDate>
          <ToDate>2027-12-30T00:00:00</ToDate>
        </AvailabilityCondition>
      </validityConditions>
      <codespaces>
        <Codespace id="vtr">
          <Xmlns>VTR</Xmlns>
          <XmlnsUrl>http://www.visimarsrutai.lt/</XmlnsUrl>
        </Codespace>
      </codespaces>
      <FrameDefaults>
        <DefaultLocale>
          <TimeZone>Europe/Vilnius</TimeZone>
        </DefaultLocale>
        <DefaultLocationSystem>WGS84</DefaultLocationSystem>
      </FrameDefaults>
      <frames>
        <ServiceCalendarFrame version="1" id="VTR:ServiceCalendarFrame:1385">
          <dayTypes>
            <DayType id="VTR:DayType:1343" version="1">
              <properties>
                <PropertyOfDay>
                  <DaysOfWeek>Monday Tuesday Wednesday Thursday Friday</DaysOfWeek>
                </PropertyOfDay>
              </properties>
            </DayType>
            <DayType id="VTR:DayType:1449" version="1">
              <properties>
                <PropertyOfDay>
                  <DaysOfWeek>Monday Tuesday Wednesday Thursday Friday</DaysOfWeek>
                </PropertyOfDay>
              </properties>
            </DayType>
            <DayType id="VTR:DayType:1522" version="1">
              <properties>
                <PropertyOfDay>
                  <DaysOfWeek>Sunday</DaysOfWeek>
                </PropertyOfDay>
              </properties>
            </DayType>
          </dayTypes>
          <operatingPeriods>
            <OperatingPeriod version="1" id="VTR:OperatingPeriod:1343">
              <FromDate>2015-08-14T00:00:00</FromDate>
              <ToDate>2020-12-31T00:00:00</ToDate>
            </OperatingPeriod>
            <OperatingPeriod version="1" id="VTR:OperatingPeriod:1449">
              <FromDate>2015-08-21T00:00:00</FromDate>
              <ToDate>2020-12-31T00:00:00</ToDate>
            </OperatingPeriod>
            <OperatingPeriod version="1" id="VTR:OperatingPeriod:1522">
              <FromDate>2015-08-31T00:00:00</FromDate>
              <ToDate>2020-12-31T00:00:00</ToDate>
            </OperatingPeriod>
          </operatingPeriods>
          <dayTypeAssignments>
            <DayTypeAssignment id="VTR:DayTypeAssignment:1343_0" version="1" order="1326">
              <OperatingPeriodRef ref="VTR:OperatingPeriod:1343" version="1"/>
              <DayTypeRef ref="VTR:DayType:1343" version="1"/>
            </DayTypeAssignment>
            <DayTypeAssignment id="VTR:DayTypeAssignment:1449_0" version="1" order="1437">
              <OperatingPeriodRef ref="VTR:OperatingPeriod:1449" version="1"/>
              <DayTypeRef ref="VTR:DayType:1449" version="1"/>
            </DayTypeAssignment>
            <DayTypeAssignment id="VTR:DayTypeAssignment:1522_0" version="1" order="1508">
              <OperatingPeriodRef ref="VTR:OperatingPeriod:1522" version="1"/>
              <DayTypeRef ref="VTR:DayType:1522" version="1"/>
            </DayTypeAssignment>
          </dayTypeAssignments>
        </ServiceCalendarFrame>
        <ServiceFrame id="VTR:ServiceFrame:1385" version="1">
          <Network version="0" id="VTR:Network:18"/>
          <routePoints>
            <RoutePoint version="1" id="VTR:RoutePoint:68238">
              <projections>
                <PointProjection version="1" id="VTR:PointProjection:21823">
                  <ProjectedPointRef ref="VTR:ScheduledStopPoint:68238" version="1"/>
                </PointProjection>
              </projections>
            </RoutePoint>
            <RoutePoint version="1" id="VTR:RoutePoint:68239">
              <projections>
                <PointProjection version="1" id="VTR:PointProjection:21824">
                  <ProjectedPointRef ref="VTR:ScheduledStopPoint:68239" version="1"/>
                </PointProjection>
              </projections>
            </RoutePoint>
            <RoutePoint version="1" id="VTR:RoutePoint:68240">
              <projections>
                <PointProjection version="1" id="VTR:PointProjection:21825">
                  <ProjectedPointRef ref="VTR:ScheduledStopPoint:68240" version="1"/>
                </PointProjection>
              </projections>
            </RoutePoint>
            <RoutePoint version="1" id="VTR:RoutePoint:68241">
              <projections>
                <PointProjection version="1" id="VTR:PointProjection:21826">
                  <ProjectedPointRef ref="VTR:ScheduledStopPoint:68241" version="1"/>
                </PointProjection>
              </projections>
            </RoutePoint>
            <RoutePoint version="1" id="VTR:RoutePoint:68242">
              <projections>
                <PointProjection version="1" id="VTR:PointProjection:21827">
                  <ProjectedPointRef ref="VTR:ScheduledStopPoint:68242" version="1"/>
                </PointProjection>
              </projections>
            </RoutePoint>
            <RoutePoint version="1" id="VTR:RoutePoint:68243">
              <projections>
                <PointProjection version="1" id="VTR:PointProjection:21828">
                  <ProjectedPointRef ref="VTR:ScheduledStopPoint:68243" version="1"/>
                </PointProjection>
              </projections>
            </RoutePoint>
            <RoutePoint version="1" id="VTR:RoutePoint:68244">
              <projections>
                <PointProjection version="1" id="VTR:PointProjection:21829">
                  <ProjectedPointRef ref="VTR:ScheduledStopPoint:68244" version="1"/>
                </PointProjection>
              </projections>
            </RoutePoint>
            <RoutePoint version="1" id="VTR:RoutePoint:68245">
              <projections>
                <PointProjection version="1" id="VTR:PointProjection:21830">
                  <ProjectedPointRef ref="VTR:ScheduledStopPoint:68245" version="1"/>
                </PointProjection>
              </projections>
            </RoutePoint>
            <RoutePoint version="1" id="VTR:RoutePoint:68246">
              <projections>
                <PointProjection version="1" id="VTR:PointProjection:21831">
                  <ProjectedPointRef ref="VTR:ScheduledStopPoint:68246" version="1"/>
                </PointProjection>
              </projections>
            </RoutePoint>
            <RoutePoint version="1" id="VTR:RoutePoint:68247">
              <projections>
                <PointProjection version="1" id="VTR:PointProjection:21832">
                  <ProjectedPointRef ref="VTR:ScheduledStopPoint:68247" version="1"/>
                </PointProjection>
              </projections>
            </RoutePoint>
            <RoutePoint version="1" id="VTR:RoutePoint:68248">
              <projections>
                <PointProjection version="1" id="VTR:PointProjection:21833">
                  <ProjectedPointRef ref="VTR:ScheduledStopPoint:68248" version="1"/>
                </PointProjection>
              </projections>
            </RoutePoint>
            <RoutePoint version="1" id="VTR:RoutePoint:68249">
              <projections>
                <PointProjection version="1" id="VTR:PointProjection:21834">
                  <ProjectedPointRef ref="VTR:ScheduledStopPoint:68249" version="1"/>
                </PointProjection>
              </projections>
            </RoutePoint>
            <RoutePoint version="1" id="VTR:RoutePoint:68250">
              <projections>
                <PointProjection version="1" id="VTR:PointProjection:21835">
                  <ProjectedPointRef ref="VTR:ScheduledStopPoint:68250" version="1"/>
                </PointProjection>
              </projections>
            </RoutePoint>
            <RoutePoint version="1" id="VTR:RoutePoint:68252">
              <projections>
                <PointProjection version="1" id="VTR:PointProjection:21836">
                  <ProjectedPointRef ref="VTR:ScheduledStopPoint:68252" version="1"/>
                </PointProjection>
              </projections>
            </RoutePoint>
            <RoutePoint version="1" id="VTR:RoutePoint:68253">
              <projections>
                <PointProjection version="1" id="VTR:PointProjection:21837">
                  <ProjectedPointRef ref="VTR:ScheduledStopPoint:68253" version="1"/>
                </PointProjection>
              </projections>
            </RoutePoint>
            <RoutePoint version="1" id="VTR:RoutePoint:68254">
              <projections>
                <PointProjection version="1" id="VTR:PointProjection:21838">
                  <ProjectedPointRef ref="VTR:ScheduledStopPoint:68254" version="1"/>
                </PointProjection>
              </projections>
            </RoutePoint>
          </routePoints>
          <routes>
            <Route version="1" id="VTR:Route:4095">
              <Name>Kalniškiai-Kretinga</Name>
              <ShortName>Kalniškiai-Kretinga</ShortName>
              <LineRef ref="VTR:Line:1669" version="1649"/>
              <DirectionType>inbound</DirectionType>
              <pointsInSequence>
                <PointOnRoute version="1" id="VTR:PointOnRoute:68238" order="1">
                  <RoutePointRef ref="VTR:RoutePoint:68238"/>
                </PointOnRoute>
                <PointOnRoute version="1" id="VTR:PointOnRoute:68239" order="2">
                  <RoutePointRef ref="VTR:RoutePoint:68239"/>
                </PointOnRoute>
                <PointOnRoute version="1" id="VTR:PointOnRoute:68240" order="3">
                  <RoutePointRef ref="VTR:RoutePoint:68240"/>
                </PointOnRoute>
                <PointOnRoute version="1" id="VTR:PointOnRoute:68241" order="4">
                  <RoutePointRef ref="VTR:RoutePoint:68241"/>
                </PointOnRoute>
                <PointOnRoute version="1" id="VTR:PointOnRoute:68242" order="5">
                  <RoutePointRef ref="VTR:RoutePoint:68242"/>
                </PointOnRoute>
                <PointOnRoute version="1" id="VTR:PointOnRoute:68243" order="6">
                  <RoutePointRef ref="VTR:RoutePoint:68243"/>
                </PointOnRoute>
                <PointOnRoute version="1" id="VTR:PointOnRoute:68244" order="7">
                  <RoutePointRef ref="VTR:RoutePoint:68244"/>
                </PointOnRoute>
                <PointOnRoute version="1" id="VTR:PointOnRoute:68245" order="8">
                  <RoutePointRef ref="VTR:RoutePoint:68245"/>
                </PointOnRoute>
                <PointOnRoute version="1" id="VTR:PointOnRoute:68246" order="9">
                  <RoutePointRef ref="VTR:RoutePoint:68246"/>
                </PointOnRoute>
                <PointOnRoute version="1" id="VTR:PointOnRoute:68247" order="10">
                  <RoutePointRef ref="VTR:RoutePoint:68247"/>
                </PointOnRoute>
                <PointOnRoute version="1" id="VTR:PointOnRoute:68248" order="11">
                  <RoutePointRef ref="VTR:RoutePoint:68248"/>
                </PointOnRoute>
                <PointOnRoute version="1" id="VTR:PointOnRoute:68249" order="12">
                  <RoutePointRef ref="VTR:RoutePoint:68249"/>
                </PointOnRoute>
                <PointOnRoute version="1" id="VTR:PointOnRoute:68250" order="13">
                  <RoutePointRef ref="VTR:RoutePoint:68250"/>
                </PointOnRoute>
                <PointOnRoute version="1" id="VTR:PointOnRoute:68252" order="15">
                  <RoutePointRef ref="VTR:RoutePoint:68252"/>
                </PointOnRoute>
                <PointOnRoute version="1" id="VTR:PointOnRoute:68253" order="16">
                  <RoutePointRef ref="VTR:RoutePoint:68253"/>
                </PointOnRoute>
                <PointOnRoute version="1" id="VTR:PointOnRoute:68254" order="17">
                  <RoutePointRef ref="VTR:RoutePoint:68254"/>
                </PointOnRoute>
              </pointsInSequence>
            </Route>
          </routes>
          <lines>
            <Line version="1649" id="VTR:Line:1669">
              <Name>Kalniškiai-Kretinga</Name>
              <TransportMode>bus</TransportMode>
              <TransportSubmode>
                <BusSubmode>regionalBus</BusSubmode>
              </TransportSubmode>
              <PublicCode>30A</PublicCode>
              <OperatorRef ref="VTR:Operator:18"/>
            </Line>
          </lines>
          <scheduledStopPoints>
            <ScheduledStopPoint version="1" id="VTR:ScheduledStopPoint:68238">
              <Name>Kalniškiai</Name>
            </ScheduledStopPoint>
            <ScheduledStopPoint version="1" id="VTR:ScheduledStopPoint:68239">
              <Name>Lubiai</Name>
            </ScheduledStopPoint>
            <ScheduledStopPoint version="1" id="VTR:ScheduledStopPoint:68240">
              <Name>Kupšiai</Name>
            </ScheduledStopPoint>
            <ScheduledStopPoint version="1" id="VTR:ScheduledStopPoint:68241">
              <Name>Gaudučiai</Name>
            </ScheduledStopPoint>
            <ScheduledStopPoint version="1" id="VTR:ScheduledStopPoint:68242">
              <Name>Gintarai</Name>
            </ScheduledStopPoint>
            <ScheduledStopPoint version="1" id="VTR:ScheduledStopPoint:68243">
              <Name>Kartena</Name>
            </ScheduledStopPoint>
            <ScheduledStopPoint version="1" id="VTR:ScheduledStopPoint:68244">
              <Name>Žadeikiai</Name>
            </ScheduledStopPoint>
            <ScheduledStopPoint version="1" id="VTR:ScheduledStopPoint:68245">
              <Name>Žadeikiai</Name>
            </ScheduledStopPoint>
            <ScheduledStopPoint version="1" id="VTR:ScheduledStopPoint:68246">
              <Name>Rubuliai</Name>
            </ScheduledStopPoint>
            <ScheduledStopPoint version="1" id="VTR:ScheduledStopPoint:68247">
              <Name>Raguviškiai</Name>
            </ScheduledStopPoint>
            <ScheduledStopPoint version="1" id="VTR:ScheduledStopPoint:68248">
              <Name>Kolektyviniai sodai</Name>
            </ScheduledStopPoint>
            <ScheduledStopPoint version="1" id="VTR:ScheduledStopPoint:68249">
              <Name>Slučkai</Name>
            </ScheduledStopPoint>
            <ScheduledStopPoint version="1" id="VTR:ScheduledStopPoint:68250">
              <Name>Autobusų parkas</Name>
            </ScheduledStopPoint>
            <ScheduledStopPoint version="1" id="VTR:ScheduledStopPoint:68252">
              <Name>Pranciškonų gimnazija</Name>
            </ScheduledStopPoint>
            <ScheduledStopPoint version="1" id="VTR:ScheduledStopPoint:68253">
              <Name>Daujoto vid. m-kla</Name>
            </ScheduledStopPoint>
            <ScheduledStopPoint version="1" id="VTR:ScheduledStopPoint:68254">
              <Name>Kretingos autobusų stotis</Name>
            </ScheduledStopPoint>
          </scheduledStopPoints>
          <serviceLinks>
            <ServiceLink id="VTR:ServiceLink:68249_1_68250_1" version="1">
              <Distance>2</Distance>
              <FromPointRef ref="VTR:ScheduledStopPoint:68249" version="1"/>
              <ToPointRef ref="VTR:ScheduledStopPoint:68250" version="1"/>
            </ServiceLink>
            <ServiceLink id="VTR:ServiceLink:68248_1_68249_1" version="1">
              <Distance>2</Distance>
              <FromPointRef ref="VTR:ScheduledStopPoint:68248" version="1"/>
              <ToPointRef ref="VTR:ScheduledStopPoint:68249" version="1"/>
            </ServiceLink>
            <ServiceLink id="VTR:ServiceLink:68241_1_68242_1" version="1">
              <Distance>2</Distance>
              <FromPointRef ref="VTR:ScheduledStopPoint:68241" version="1"/>
              <ToPointRef ref="VTR:ScheduledStopPoint:68242" version="1"/>
            </ServiceLink>
            <ServiceLink id="VTR:ServiceLink:68239_1_68240_1" version="1">
              <Distance>2</Distance>
              <FromPointRef ref="VTR:ScheduledStopPoint:68239" version="1"/>
              <ToPointRef ref="VTR:ScheduledStopPoint:68240" version="1"/>
            </ServiceLink>
            <ServiceLink id="VTR:ServiceLink:68242_1_68243_1" version="1">
              <Distance>1</Distance>
              <FromPointRef ref="VTR:ScheduledStopPoint:68242" version="1"/>
              <ToPointRef ref="VTR:ScheduledStopPoint:68243" version="1"/>
            </ServiceLink>
            <ServiceLink id="VTR:ServiceLink:68246_1_68247_1" version="1">
              <Distance>1</Distance>
              <FromPointRef ref="VTR:ScheduledStopPoint:68246" version="1"/>
              <ToPointRef ref="VTR:ScheduledStopPoint:68247" version="1"/>
            </ServiceLink>
            <ServiceLink id="VTR:ServiceLink:68244_1_68245_1" version="1">
              <Distance>1</Distance>
              <FromPointRef ref="VTR:ScheduledStopPoint:68244" version="1"/>
              <ToPointRef ref="VTR:ScheduledStopPoint:68245" version="1"/>
            </ServiceLink>
            <ServiceLink id="VTR:ServiceLink:68245_1_68246_1" version="1">
              <Distance>2</Distance>
              <FromPointRef ref="VTR:ScheduledStopPoint:68245" version="1"/>
              <ToPointRef ref="VTR:ScheduledStopPoint:68246" version="1"/>
            </ServiceLink>
            <ServiceLink id="VTR:ServiceLink:68240_1_68241_1" version="1">
              <Distance>3</Distance>
              <FromPointRef ref="VTR:ScheduledStopPoint:68240" version="1"/>
              <ToPointRef ref="VTR:ScheduledStopPoint:68241" version="1"/>
            </ServiceLink>
            <ServiceLink id="VTR:ServiceLink:68253_1_68254_1" version="1">
              <Distance>1</Distance>
              <FromPointRef ref="VTR:ScheduledStopPoint:68253" version="1"/>
              <ToPointRef ref="VTR:ScheduledStopPoint:68254" version="1"/>
            </ServiceLink>
            <ServiceLink id="VTR:ServiceLink:68243_1_68244_1" version="1">
              <Distance>2</Distance>
              <FromPointRef ref="VTR:ScheduledStopPoint:68243" version="1"/>
              <ToPointRef ref="VTR:ScheduledStopPoint:68244" version="1"/>
            </ServiceLink>
            <ServiceLink id="VTR:ServiceLink:68247_1_68248_1" version="1">
              <Distance>0</Distance>
              <FromPointRef ref="VTR:ScheduledStopPoint:68247" version="1"/>
              <ToPointRef ref="VTR:ScheduledStopPoint:68248" version="1"/>
            </ServiceLink>
            <ServiceLink id="VTR:ServiceLink:68238_1_68239_1" version="1">
              <Distance>0</Distance>
              <FromPointRef ref="VTR:ScheduledStopPoint:68238" version="1"/>
              <ToPointRef ref="VTR:ScheduledStopPoint:68239" version="1"/>
            </ServiceLink>
            <ServiceLink id="VTR:ServiceLink:68252_1_68253_1" version="1">
              <Distance>0</Distance>
              <FromPointRef ref="VTR:ScheduledStopPoint:68252" version="1"/>
              <ToPointRef ref="VTR:ScheduledStopPoint:68253" version="1"/>
            </ServiceLink>
          </serviceLinks>
          <stopAssignments>
            <PassengerStopAssignment order="409500000" id="VTR:PassengerStopAssignment:68238" version="1">
              <ScheduledStopPointRef ref="VTR:ScheduledStopPoint:68238" version="1"/>
              <QuayRef ref="VTR:Quay:7189"/>
            </PassengerStopAssignment>
            <PassengerStopAssignment order="409500001" id="VTR:PassengerStopAssignment:68239" version="1">
              <ScheduledStopPointRef ref="VTR:ScheduledStopPoint:68239" version="1"/>
              <QuayRef ref="VTR:Quay:16044"/>
            </PassengerStopAssignment>
            <PassengerStopAssignment order="409500002" id="VTR:PassengerStopAssignment:68240" version="1">
              <ScheduledStopPointRef ref="VTR:ScheduledStopPoint:68240" version="1"/>
              <QuayRef ref="VTR:Quay:10380"/>
            </PassengerStopAssignment>
            <PassengerStopAssignment order="409500003" id="VTR:PassengerStopAssignment:68241" version="1">
              <ScheduledStopPointRef ref="VTR:ScheduledStopPoint:68241" version="1"/>
              <QuayRef ref="VTR:Quay:10573"/>
            </PassengerStopAssignment>
            <PassengerStopAssignment order="409500004" id="VTR:PassengerStopAssignment:68242" version="1">
              <ScheduledStopPointRef ref="VTR:ScheduledStopPoint:68242" version="1"/>
              <QuayRef ref="VTR:Quay:4535"/>
            </PassengerStopAssignment>
            <PassengerStopAssignment order="409500005" id="VTR:PassengerStopAssignment:68243" version="1">
              <ScheduledStopPointRef ref="VTR:ScheduledStopPoint:68243" version="1"/>
              <QuayRef ref="VTR:Quay:4369"/>
            </PassengerStopAssignment>
            <PassengerStopAssignment order="409500006" id="VTR:PassengerStopAssignment:68244" version="1">
              <ScheduledStopPointRef ref="VTR:ScheduledStopPoint:68244" version="1"/>
              <QuayRef ref="VTR:Quay:4298"/>
            </PassengerStopAssignment>
            <PassengerStopAssignment order="409500007" id="VTR:PassengerStopAssignment:68245" version="1">
              <ScheduledStopPointRef ref="VTR:ScheduledStopPoint:68245" version="1"/>
              <QuayRef ref="VTR:Quay:4394"/>
            </PassengerStopAssignment>
            <PassengerStopAssignment order="409500008" id="VTR:PassengerStopAssignment:68246" version="1">
              <ScheduledStopPointRef ref="VTR:ScheduledStopPoint:68246" version="1"/>
              <QuayRef ref="VTR:Quay:4510"/>
            </PassengerStopAssignment>
            <PassengerStopAssignment order="409500009" id="VTR:PassengerStopAssignment:68247" version="1">
              <ScheduledStopPointRef ref="VTR:ScheduledStopPoint:68247" version="1"/>
              <QuayRef ref="VTR:Quay:4344"/>
            </PassengerStopAssignment>
            <PassengerStopAssignment order="409500010" id="VTR:PassengerStopAssignment:68248" version="1">
              <ScheduledStopPointRef ref="VTR:ScheduledStopPoint:68248" version="1"/>
              <QuayRef ref="VTR:Quay:4576"/>
            </PassengerStopAssignment>
            <PassengerStopAssignment order="409500011" id="VTR:PassengerStopAssignment:68249" version="1">
              <ScheduledStopPointRef ref="VTR:ScheduledStopPoint:68249" version="1"/>
              <QuayRef ref="VTR:Quay:4440"/>
            </PassengerStopAssignment>
            <PassengerStopAssignment order="409500012" id="VTR:PassengerStopAssignment:68250" version="1">
              <ScheduledStopPointRef ref="VTR:ScheduledStopPoint:68250" version="1"/>
              <QuayRef ref="VTR:Quay:21255"/>
            </PassengerStopAssignment>
            <PassengerStopAssignment order="409500014" id="VTR:PassengerStopAssignment:68252" version="1">
              <ScheduledStopPointRef ref="VTR:ScheduledStopPoint:68252" version="1"/>
              <QuayRef ref="VTR:Quay:21275"/>
            </PassengerStopAssignment>
            <PassengerStopAssignment order="409500015" id="VTR:PassengerStopAssignment:68253" version="1">
              <ScheduledStopPointRef ref="VTR:ScheduledStopPoint:68253" version="1"/>
              <QuayRef ref="VTR:Quay:3596"/>
            </PassengerStopAssignment>
            <PassengerStopAssignment order="409500016" id="VTR:PassengerStopAssignment:68254" version="1">
              <ScheduledStopPointRef ref="VTR:ScheduledStopPoint:68254" version="1"/>
              <QuayRef ref="VTR:Quay:21202"/>
            </PassengerStopAssignment>
          </stopAssignments>
          <journeyPatterns>
            <JourneyPattern id="VTR:JourneyPattern:47975" version="47970">
              <Name>1A</Name>
              <RouteRef ref="VTR:Route:4095" version="1"/>
              <pointsInSequence>
                <StopPointInJourneyPattern id="VTR:StopPointInJourneyPattern:993766" version="47970" order="1">
                  <ScheduledStopPointRef ref="VTR:ScheduledStopPoint:68238"/>
                  <DestinationDisplayRef ref="VTR:DestinationDisplay:1"/>
                </StopPointInJourneyPattern>
                <StopPointInJourneyPattern id="VTR:StopPointInJourneyPattern:993767" version="47970" order="2">
                  <ScheduledStopPointRef ref="VTR:ScheduledStopPoint:68239"/>
                  <DestinationDisplayRef ref="VTR:DestinationDisplay:1"/>
                </StopPointInJourneyPattern>
                <StopPointInJourneyPattern id="VTR:StopPointInJourneyPattern:993768" version="47970" order="3">
                  <ScheduledStopPointRef ref="VTR:ScheduledStopPoint:68240"/>
                  <DestinationDisplayRef ref="VTR:DestinationDisplay:1"/>
                </StopPointInJourneyPattern>
                <StopPointInJourneyPattern id="VTR:StopPointInJourneyPattern:993769" version="47970" order="4">
                  <ScheduledStopPointRef ref="VTR:ScheduledStopPoint:68241"/>
                  <DestinationDisplayRef ref="VTR:DestinationDisplay:1"/>
                </StopPointInJourneyPattern>
                <StopPointInJourneyPattern id="VTR:StopPointInJourneyPattern:993770" version="47970" order="5">
                  <ScheduledStopPointRef ref="VTR:ScheduledStopPoint:68242"/>
                  <DestinationDisplayRef ref="VTR:DestinationDisplay:1"/>
                </StopPointInJourneyPattern>
                <StopPointInJourneyPattern id="VTR:StopPointInJourneyPattern:993771" version="47970" order="6">
                  <ScheduledStopPointRef ref="VTR:ScheduledStopPoint:68243"/>
                  <DestinationDisplayRef ref="VTR:DestinationDisplay:1"/>
                </StopPointInJourneyPattern>
                <StopPointInJourneyPattern id="VTR:StopPointInJourneyPattern:993772" version="47970" order="7">
                  <ScheduledStopPointRef ref="VTR:ScheduledStopPoint:68244"/>
                  <DestinationDisplayRef ref="VTR:DestinationDisplay:1"/>
                </StopPointInJourneyPattern>
                <StopPointInJourneyPattern id="VTR:StopPointInJourneyPattern:993773" version="47970" order="8">
                  <ScheduledStopPointRef ref="VTR:ScheduledStopPoint:68245"/>
                  <DestinationDisplayRef ref="VTR:DestinationDisplay:1"/>
                </StopPointInJourneyPattern>
                <StopPointInJourneyPattern id="VTR:StopPointInJourneyPattern:993774" version="47970" order="9">
                  <ScheduledStopPointRef ref="VTR:ScheduledStopPoint:68246"/>
                  <DestinationDisplayRef ref="VTR:DestinationDisplay:1"/>
                </StopPointInJourneyPattern>
                <StopPointInJourneyPattern id="VTR:StopPointInJourneyPattern:993775" version="47970" order="10">
                  <ScheduledStopPointRef ref="VTR:ScheduledStopPoint:68247"/>
                  <DestinationDisplayRef ref="VTR:DestinationDisplay:1"/>
                </StopPointInJourneyPattern>
                <StopPointInJourneyPattern id="VTR:StopPointInJourneyPattern:993776" version="47970" order="11">
                  <ScheduledStopPointRef ref="VTR:ScheduledStopPoint:68248"/>
                  <DestinationDisplayRef ref="VTR:DestinationDisplay:1"/>
                </StopPointInJourneyPattern>
                <StopPointInJourneyPattern id="VTR:StopPointInJourneyPattern:993777" version="47970" order="12">
                  <ScheduledStopPointRef ref="VTR:ScheduledStopPoint:68249"/>
                  <DestinationDisplayRef ref="VTR:DestinationDisplay:1"/>
                </StopPointInJourneyPattern>
                <StopPointInJourneyPattern id="VTR:StopPointInJourneyPattern:993778" version="47970" order="13">
                  <ScheduledStopPointRef ref="VTR:ScheduledStopPoint:68250"/>
                  <DestinationDisplayRef ref="VTR:DestinationDisplay:1"/>
                </StopPointInJourneyPattern>
                <StopPointInJourneyPattern id="VTR:StopPointInJourneyPattern:993779" version="47970" order="15">
                  <ScheduledStopPointRef ref="VTR:ScheduledStopPoint:68252"/>
                  <DestinationDisplayRef ref="VTR:DestinationDisplay:1"/>
                </StopPointInJourneyPattern>
                <StopPointInJourneyPattern id="VTR:StopPointInJourneyPattern:993780" version="47970" order="16">
                  <ScheduledStopPointRef ref="VTR:ScheduledStopPoint:68253"/>
                  <DestinationDisplayRef ref="VTR:DestinationDisplay:1"/>
                </StopPointInJourneyPattern>
                <StopPointInJourneyPattern id="VTR:StopPointInJourneyPattern:993781" version="47970" order="17">
                  <ScheduledStopPointRef ref="VTR:ScheduledStopPoint:68254"/>
                  <DestinationDisplayRef ref="VTR:DestinationDisplay:1"/>
                </StopPointInJourneyPattern>
              </pointsInSequence>
            </JourneyPattern>
            <JourneyPattern id="VTR:JourneyPattern:47974" version="47969">
              <Name>3A</Name>
              <RouteRef ref="VTR:Route:4095" version="1"/>
              <pointsInSequence>
                <StopPointInJourneyPattern id="VTR:StopPointInJourneyPattern:993750" version="47969" order="1">
                  <ScheduledStopPointRef ref="VTR:ScheduledStopPoint:68238"/>
                  <DestinationDisplayRef ref="VTR:DestinationDisplay:1"/>
                </StopPointInJourneyPattern>
                <StopPointInJourneyPattern id="VTR:StopPointInJourneyPattern:993751" version="47969" order="2">
                  <ScheduledStopPointRef ref="VTR:ScheduledStopPoint:68239"/>
                  <DestinationDisplayRef ref="VTR:DestinationDisplay:1"/>
                </StopPointInJourneyPattern>
                <StopPointInJourneyPattern id="VTR:StopPointInJourneyPattern:993752" version="47969" order="3">
                  <ScheduledStopPointRef ref="VTR:ScheduledStopPoint:68240"/>
                  <DestinationDisplayRef ref="VTR:DestinationDisplay:1"/>
                </StopPointInJourneyPattern>
                <StopPointInJourneyPattern id="VTR:StopPointInJourneyPattern:993753" version="47969" order="4">
                  <ScheduledStopPointRef ref="VTR:ScheduledStopPoint:68241"/>
                  <DestinationDisplayRef ref="VTR:DestinationDisplay:1"/>
                </StopPointInJourneyPattern>
                <StopPointInJourneyPattern id="VTR:StopPointInJourneyPattern:993754" version="47969" order="5">
                  <ScheduledStopPointRef ref="VTR:ScheduledStopPoint:68242"/>
                  <DestinationDisplayRef ref="VTR:DestinationDisplay:1"/>
                </StopPointInJourneyPattern>
                <StopPointInJourneyPattern id="VTR:StopPointInJourneyPattern:993755" version="47969" order="6">
                  <ScheduledStopPointRef ref="VTR:ScheduledStopPoint:68243"/>
                  <DestinationDisplayRef ref="VTR:DestinationDisplay:1"/>
                </StopPointInJourneyPattern>
                <StopPointInJourneyPattern id="VTR:StopPointInJourneyPattern:993756" version="47969" order="7">
                  <ScheduledStopPointRef ref="VTR:ScheduledStopPoint:68244"/>
                  <DestinationDisplayRef ref="VTR:DestinationDisplay:1"/>
                </StopPointInJourneyPattern>
                <StopPointInJourneyPattern id="VTR:StopPointInJourneyPattern:993757" version="47969" order="8">
                  <ScheduledStopPointRef ref="VTR:ScheduledStopPoint:68245"/>
                  <DestinationDisplayRef ref="VTR:DestinationDisplay:1"/>
                </StopPointInJourneyPattern>
                <StopPointInJourneyPattern id="VTR:StopPointInJourneyPattern:993758" version="47969" order="9">
                  <ScheduledStopPointRef ref="VTR:ScheduledStopPoint:68246"/>
                  <DestinationDisplayRef ref="VTR:DestinationDisplay:1"/>
                </StopPointInJourneyPattern>
                <StopPointInJourneyPattern id="VTR:StopPointInJourneyPattern:993759" version="47969" order="10">
                  <ScheduledStopPointRef ref="VTR:ScheduledStopPoint:68247"/>
                  <DestinationDisplayRef ref="VTR:DestinationDisplay:1"/>
                </StopPointInJourneyPattern>
                <StopPointInJourneyPattern id="VTR:StopPointInJourneyPattern:993760" version="47969" order="11">
                  <ScheduledStopPointRef ref="VTR:ScheduledStopPoint:68248"/>
                  <DestinationDisplayRef ref="VTR:DestinationDisplay:1"/>
                </StopPointInJourneyPattern>
                <StopPointInJourneyPattern id="VTR:StopPointInJourneyPattern:993761" version="47969" order="12">
                  <ScheduledStopPointRef ref="VTR:ScheduledStopPoint:68249"/>
                  <DestinationDisplayRef ref="VTR:DestinationDisplay:1"/>
                </StopPointInJourneyPattern>
                <StopPointInJourneyPattern id="VTR:StopPointInJourneyPattern:993762" version="47969" order="13">
                  <ScheduledStopPointRef ref="VTR:ScheduledStopPoint:68250"/>
                  <DestinationDisplayRef ref="VTR:DestinationDisplay:1"/>
                </StopPointInJourneyPattern>
                <StopPointInJourneyPattern id="VTR:StopPointInJourneyPattern:993763" version="47969" order="15">
                  <ScheduledStopPointRef ref="VTR:ScheduledStopPoint:68252"/>
                  <DestinationDisplayRef ref="VTR:DestinationDisplay:1"/>
                </StopPointInJourneyPattern>
                <StopPointInJourneyPattern id="VTR:StopPointInJourneyPattern:993764" version="47969" order="16">
                  <ScheduledStopPointRef ref="VTR:ScheduledStopPoint:68253"/>
                  <DestinationDisplayRef ref="VTR:DestinationDisplay:1"/>
                </StopPointInJourneyPattern>
                <StopPointInJourneyPattern id="VTR:StopPointInJourneyPattern:993765" version="47969" order="17">
                  <ScheduledStopPointRef ref="VTR:ScheduledStopPoint:68254"/>
                  <DestinationDisplayRef ref="VTR:DestinationDisplay:1"/>
                </StopPointInJourneyPattern>
              </pointsInSequence>
            </JourneyPattern>
            <JourneyPattern id="VTR:JourneyPattern:47962" version="47957">
              <Name>2A</Name>
              <RouteRef ref="VTR:Route:4095" version="1"/>
              <pointsInSequence>
                <StopPointInJourneyPattern id="VTR:StopPointInJourneyPattern:993574" version="47957" order="1">
                  <ScheduledStopPointRef ref="VTR:ScheduledStopPoint:68238"/>
                  <DestinationDisplayRef ref="VTR:DestinationDisplay:1"/>
                </StopPointInJourneyPattern>
                <StopPointInJourneyPattern id="VTR:StopPointInJourneyPattern:993575" version="47957" order="2">
                  <ScheduledStopPointRef ref="VTR:ScheduledStopPoint:68239"/>
                  <DestinationDisplayRef ref="VTR:DestinationDisplay:1"/>
                </StopPointInJourneyPattern>
                <StopPointInJourneyPattern id="VTR:StopPointInJourneyPattern:993576" version="47957" order="3">
                  <ScheduledStopPointRef ref="VTR:ScheduledStopPoint:68240"/>
                  <DestinationDisplayRef ref="VTR:DestinationDisplay:1"/>
                </StopPointInJourneyPattern>
                <StopPointInJourneyPattern id="VTR:StopPointInJourneyPattern:993577" version="47957" order="4">
                  <ScheduledStopPointRef ref="VTR:ScheduledStopPoint:68241"/>
                  <DestinationDisplayRef ref="VTR:DestinationDisplay:1"/>
                </StopPointInJourneyPattern>
                <StopPointInJourneyPattern id="VTR:StopPointInJourneyPattern:993578" version="47957" order="5">
                  <ScheduledStopPointRef ref="VTR:ScheduledStopPoint:68242"/>
                  <DestinationDisplayRef ref="VTR:DestinationDisplay:1"/>
                </StopPointInJourneyPattern>
                <StopPointInJourneyPattern id="VTR:StopPointInJourneyPattern:993579" version="47957" order="6">
                  <ScheduledStopPointRef ref="VTR:ScheduledStopPoint:68243"/>
                  <DestinationDisplayRef ref="VTR:DestinationDisplay:1"/>
                </StopPointInJourneyPattern>
                <StopPointInJourneyPattern id="VTR:StopPointInJourneyPattern:993580" version="47957" order="7">
                  <ScheduledStopPointRef ref="VTR:ScheduledStopPoint:68244"/>
                  <DestinationDisplayRef ref="VTR:DestinationDisplay:1"/>
                </StopPointInJourneyPattern>
                <StopPointInJourneyPattern id="VTR:StopPointInJourneyPattern:993581" version="47957" order="8">
                  <ScheduledStopPointRef ref="VTR:ScheduledStopPoint:68245"/>
                  <DestinationDisplayRef ref="VTR:DestinationDisplay:1"/>
                </StopPointInJourneyPattern>
                <StopPointInJourneyPattern id="VTR:StopPointInJourneyPattern:993582" version="47957" order="9">
                  <ScheduledStopPointRef ref="VTR:ScheduledStopPoint:68246"/>
                  <DestinationDisplayRef ref="VTR:DestinationDisplay:1"/>
                </StopPointInJourneyPattern>
                <StopPointInJourneyPattern id="VTR:StopPointInJourneyPattern:993583" version="47957" order="10">
                  <ScheduledStopPointRef ref="VTR:ScheduledStopPoint:68247"/>
                  <DestinationDisplayRef ref="VTR:DestinationDisplay:1"/>
                </StopPointInJourneyPattern>
                <StopPointInJourneyPattern id="VTR:StopPointInJourneyPattern:993584" version="47957" order="11">
                  <ScheduledStopPointRef ref="VTR:ScheduledStopPoint:68248"/>
                  <DestinationDisplayRef ref="VTR:DestinationDisplay:1"/>
                </StopPointInJourneyPattern>
                <StopPointInJourneyPattern id="VTR:StopPointInJourneyPattern:993585" version="47957" order="12">
                  <ScheduledStopPointRef ref="VTR:ScheduledStopPoint:68249"/>
                  <DestinationDisplayRef ref="VTR:DestinationDisplay:1"/>
                </StopPointInJourneyPattern>
                <StopPointInJourneyPattern id="VTR:StopPointInJourneyPattern:993586" version="47957" order="13">
                  <ScheduledStopPointRef ref="VTR:ScheduledStopPoint:68250"/>
                  <DestinationDisplayRef ref="VTR:DestinationDisplay:1"/>
                </StopPointInJourneyPattern>
                <StopPointInJourneyPattern id="VTR:StopPointInJourneyPattern:993587" version="47957" order="15">
                  <ScheduledStopPointRef ref="VTR:ScheduledStopPoint:68252"/>
                  <DestinationDisplayRef ref="VTR:DestinationDisplay:1"/>
                </StopPointInJourneyPattern>
                <StopPointInJourneyPattern id="VTR:StopPointInJourneyPattern:993588" version="47957" order="16">
                  <ScheduledStopPointRef ref="VTR:ScheduledStopPoint:68253"/>
                  <DestinationDisplayRef ref="VTR:DestinationDisplay:1"/>
                </StopPointInJourneyPattern>
                <StopPointInJourneyPattern id="VTR:StopPointInJourneyPattern:993589" version="47957" order="17">
                  <ScheduledStopPointRef ref="VTR:ScheduledStopPoint:68254"/>
                  <DestinationDisplayRef ref="VTR:DestinationDisplay:1"/>
                </StopPointInJourneyPattern>
              </pointsInSequence>
            </JourneyPattern>
            <JourneyPattern id="VTR:JourneyPattern:47973" version="47968">
              <Name>4A</Name>
              <RouteRef ref="VTR:Route:4095" version="1"/>
              <pointsInSequence>
                <StopPointInJourneyPattern id="VTR:StopPointInJourneyPattern:993734" version="47968" order="1">
                  <ScheduledStopPointRef ref="VTR:ScheduledStopPoint:68238"/>
                  <DestinationDisplayRef ref="VTR:DestinationDisplay:1"/>
                </StopPointInJourneyPattern>
                <StopPointInJourneyPattern id="VTR:StopPointInJourneyPattern:993735" version="47968" order="2">
                  <ScheduledStopPointRef ref="VTR:ScheduledStopPoint:68239"/>
                  <DestinationDisplayRef ref="VTR:DestinationDisplay:1"/>
                </StopPointInJourneyPattern>
                <StopPointInJourneyPattern id="VTR:StopPointInJourneyPattern:993736" version="47968" order="3">
                  <ScheduledStopPointRef ref="VTR:ScheduledStopPoint:68240"/>
                  <DestinationDisplayRef ref="VTR:DestinationDisplay:1"/>
                </StopPointInJourneyPattern>
                <StopPointInJourneyPattern id="VTR:StopPointInJourneyPattern:993737" version="47968" order="4">
                  <ScheduledStopPointRef ref="VTR:ScheduledStopPoint:68241"/>
                  <DestinationDisplayRef ref="VTR:DestinationDisplay:1"/>
                </StopPointInJourneyPattern>
                <StopPointInJourneyPattern id="VTR:StopPointInJourneyPattern:993738" version="47968" order="5">
                  <ScheduledStopPointRef ref="VTR:ScheduledStopPoint:68242"/>
                  <DestinationDisplayRef ref="VTR:DestinationDisplay:1"/>
                </StopPointInJourneyPattern>
                <StopPointInJourneyPattern id="VTR:StopPointInJourneyPattern:993739" version="47968" order="6">
                  <ScheduledStopPointRef ref="VTR:ScheduledStopPoint:68243"/>
                  <DestinationDisplayRef ref="VTR:DestinationDisplay:1"/>
                </StopPointInJourneyPattern>
                <StopPointInJourneyPattern id="VTR:StopPointInJourneyPattern:993740" version="47968" order="7">
                  <ScheduledStopPointRef ref="VTR:ScheduledStopPoint:68244"/>
                  <DestinationDisplayRef ref="VTR:DestinationDisplay:1"/>
                </StopPointInJourneyPattern>
                <StopPointInJourneyPattern id="VTR:StopPointInJourneyPattern:993741" version="47968" order="8">
                  <ScheduledStopPointRef ref="VTR:ScheduledStopPoint:68245"/>
                  <DestinationDisplayRef ref="VTR:DestinationDisplay:1"/>
                </StopPointInJourneyPattern>
                <StopPointInJourneyPattern id="VTR:StopPointInJourneyPattern:993742" version="47968" order="9">
                  <ScheduledStopPointRef ref="VTR:ScheduledStopPoint:68246"/>
                  <DestinationDisplayRef ref="VTR:DestinationDisplay:1"/>
                </StopPointInJourneyPattern>
                <StopPointInJourneyPattern id="VTR:StopPointInJourneyPattern:993743" version="47968" order="10">
                  <ScheduledStopPointRef ref="VTR:ScheduledStopPoint:68247"/>
                  <DestinationDisplayRef ref="VTR:DestinationDisplay:1"/>
                </StopPointInJourneyPattern>
                <StopPointInJourneyPattern id="VTR:StopPointInJourneyPattern:993744" version="47968" order="11">
                  <ScheduledStopPointRef ref="VTR:ScheduledStopPoint:68248"/>
                  <DestinationDisplayRef ref="VTR:DestinationDisplay:1"/>
                </StopPointInJourneyPattern>
                <StopPointInJourneyPattern id="VTR:StopPointInJourneyPattern:993745" version="47968" order="12">
                  <ScheduledStopPointRef ref="VTR:ScheduledStopPoint:68249"/>
                  <DestinationDisplayRef ref="VTR:DestinationDisplay:1"/>
                </StopPointInJourneyPattern>
                <StopPointInJourneyPattern id="VTR:StopPointInJourneyPattern:993746" version="47968" order="13">
                  <ScheduledStopPointRef ref="VTR:ScheduledStopPoint:68250"/>
                  <DestinationDisplayRef ref="VTR:DestinationDisplay:1"/>
                </StopPointInJourneyPattern>
                <StopPointInJourneyPattern id="VTR:StopPointInJourneyPattern:993747" version="47968" order="15">
                  <ScheduledStopPointRef ref="VTR:ScheduledStopPoint:68252"/>
                  <DestinationDisplayRef ref="VTR:DestinationDisplay:1"/>
                </StopPointInJourneyPattern>
                <StopPointInJourneyPattern id="VTR:StopPointInJourneyPattern:993748" version="47968" order="16">
                  <ScheduledStopPointRef ref="VTR:ScheduledStopPoint:68253"/>
                  <DestinationDisplayRef ref="VTR:DestinationDisplay:1"/>
                </StopPointInJourneyPattern>
                <StopPointInJourneyPattern id="VTR:StopPointInJourneyPattern:993749" version="47968" order="17">
                  <ScheduledStopPointRef ref="VTR:ScheduledStopPoint:68254"/>
                  <DestinationDisplayRef ref="VTR:DestinationDisplay:1"/>
                </StopPointInJourneyPattern>
              </pointsInSequence>
            </JourneyPattern>
          </journeyPatterns>
        </ServiceFrame>
        <TimetableFrame version="1" id="VTR:TimetableFrame:1385">
          <vehicleJourneys>
            <ServiceJourney version="47969" id="VTR:ServiceJourney:47974">
              <Name>Kalniškiai-Kretinga</Name>
              <PrivateCode>3A</PrivateCode>
              <dayTypes>
                <DayTypeRef ref="VTR:DayType:1343"/>
              </dayTypes>
              <JourneyPatternRef version="47969" ref="VTR:JourneyPattern:47974"/>
              <OperatorRef ref="VTR:Operator:"/>
              <LineRef ref="VTR:Line:1669" version="1649"/>
              <passingTimes>
                <TimetabledPassingTime version="47969" id="VTR:TimetabledPassingTime:47974_993750_1">
                  <StopPointInJourneyPatternRef ref="VTR:StopPointInJourneyPattern:993750" version="47969"/>
                  <DepartureTime>14:15:00</DepartureTime>
                  <DepartureDayOffset>0</DepartureDayOffset>
                </TimetabledPassingTime>
                <TimetabledPassingTime version="47969" id="VTR:TimetabledPassingTime:47974_993751_2">
                  <StopPointInJourneyPatternRef ref="VTR:StopPointInJourneyPattern:993751" version="47969"/>
                  <DepartureTime>14:18:00</DepartureTime>
                  <DepartureDayOffset>0</DepartureDayOffset>
                </TimetabledPassingTime>
                <TimetabledPassingTime version="47969" id="VTR:TimetabledPassingTime:47974_993752_3">
                  <StopPointInJourneyPatternRef ref="VTR:StopPointInJourneyPattern:993752" version="47969"/>
                  <DepartureTime>14:23:00</DepartureTime>
                  <DepartureDayOffset>0</DepartureDayOffset>
                </TimetabledPassingTime>
                <TimetabledPassingTime version="47969" id="VTR:TimetabledPassingTime:47974_993753_4">
                  <StopPointInJourneyPatternRef ref="VTR:StopPointInJourneyPattern:993753" version="47969"/>
                  <DepartureTime>14:30:00</DepartureTime>
                  <DepartureDayOffset>0</DepartureDayOffset>
                </TimetabledPassingTime>
                <TimetabledPassingTime version="47969" id="VTR:TimetabledPassingTime:47974_993754_5">
                  <StopPointInJourneyPatternRef ref="VTR:StopPointInJourneyPattern:993754" version="47969"/>
                  <DepartureTime>14:33:00</DepartureTime>
                  <DepartureDayOffset>0</DepartureDayOffset>
                </TimetabledPassingTime>
                <TimetabledPassingTime version="47969" id="VTR:TimetabledPassingTime:47974_993755_6">
                  <StopPointInJourneyPatternRef ref="VTR:StopPointInJourneyPattern:993755" version="47969"/>
                  <DepartureTime>14:35:00</DepartureTime>
                  <DepartureDayOffset>0</DepartureDayOffset>
                </TimetabledPassingTime>
                <TimetabledPassingTime version="47969" id="VTR:TimetabledPassingTime:47974_993756_7">
                  <StopPointInJourneyPatternRef ref="VTR:StopPointInJourneyPattern:993756" version="47969"/>
                  <DepartureTime>14:38:00</DepartureTime>
                  <DepartureDayOffset>0</DepartureDayOffset>
                </TimetabledPassingTime>
                <TimetabledPassingTime version="47969" id="VTR:TimetabledPassingTime:47974_993757_8">
                  <StopPointInJourneyPatternRef ref="VTR:StopPointInJourneyPattern:993757" version="47969"/>
                  <DepartureTime>14:40:00</DepartureTime>
                  <DepartureDayOffset>0</DepartureDayOffset>
                </TimetabledPassingTime>
                <TimetabledPassingTime version="47969" id="VTR:TimetabledPassingTime:47974_993758_9">
                  <StopPointInJourneyPatternRef ref="VTR:StopPointInJourneyPattern:993758" version="47969"/>
                  <DepartureTime>14:43:00</DepartureTime>
                  <DepartureDayOffset>0</DepartureDayOffset>
                </TimetabledPassingTime>
                <TimetabledPassingTime version="47969" id="VTR:TimetabledPassingTime:47974_993759_10">
                  <StopPointInJourneyPatternRef ref="VTR:StopPointInJourneyPattern:993759" version="47969"/>
                  <DepartureTime>14:44:00</DepartureTime>
                  <DepartureDayOffset>0</DepartureDayOffset>
                </TimetabledPassingTime>
                <TimetabledPassingTime version="47969" id="VTR:TimetabledPassingTime:47974_993760_11">
                  <StopPointInJourneyPatternRef ref="VTR:StopPointInJourneyPattern:993760" version="47969"/>
                  <DepartureTime>14:46:00</DepartureTime>
                  <DepartureDayOffset>0</DepartureDayOffset>
                </TimetabledPassingTime>
                <TimetabledPassingTime version="47969" id="VTR:TimetabledPassingTime:47974_993761_12">
                  <StopPointInJourneyPatternRef ref="VTR:StopPointInJourneyPattern:993761" version="47969"/>
                  <DepartureTime>14:49:00</DepartureTime>
                  <DepartureDayOffset>0</DepartureDayOffset>
                </TimetabledPassingTime>
                <TimetabledPassingTime version="47969" id="VTR:TimetabledPassingTime:47974_993762_13">
                  <StopPointInJourneyPatternRef ref="VTR:StopPointInJourneyPattern:993762" version="47969"/>
                  <DepartureTime>14:52:00</DepartureTime>
                  <DepartureDayOffset>0</DepartureDayOffset>
                </TimetabledPassingTime>
                <TimetabledPassingTime version="47969" id="VTR:TimetabledPassingTime:47974_993763_15">
                  <StopPointInJourneyPatternRef ref="VTR:StopPointInJourneyPattern:993763" version="47969"/>
                  <DepartureTime>14:58:00</DepartureTime>
                  <DepartureDayOffset>0</DepartureDayOffset>
                </TimetabledPassingTime>
                <TimetabledPassingTime version="47969" id="VTR:TimetabledPassingTime:47974_993764_16">
                  <StopPointInJourneyPatternRef ref="VTR:StopPointInJourneyPattern:993764" version="47969"/>
                  <DepartureTime>15:01:00</DepartureTime>
                  <DepartureDayOffset>0</DepartureDayOffset>
                </TimetabledPassingTime>
                <TimetabledPassingTime version="47969" id="VTR:TimetabledPassingTime:47974_993765_17">
                  <StopPointInJourneyPatternRef ref="VTR:StopPointInJourneyPattern:993765" version="47969"/>
                  <DepartureTime>15:15:00</DepartureTime>
                  <DepartureDayOffset>0</DepartureDayOffset>
                </TimetabledPassingTime>
              </passingTimes>
            </ServiceJourney>
            <ServiceJourney version="47970" id="VTR:ServiceJourney:47975">
              <Name>Kalniškiai-Kretinga</Name>
              <PrivateCode>1A</PrivateCode>
              <dayTypes>
                <DayTypeRef ref="VTR:DayType:1449"/>
              </dayTypes>
              <JourneyPatternRef version="47970" ref="VTR:JourneyPattern:47975"/>
              <OperatorRef ref="VTR:Operator:"/>
              <LineRef ref="VTR:Line:1669" version="1649"/>
              <passingTimes>
                <TimetabledPassingTime version="47970" id="VTR:TimetabledPassingTime:47975_993766_1">
                  <StopPointInJourneyPatternRef ref="VTR:StopPointInJourneyPattern:993766" version="47970"/>
                  <DepartureTime>07:05:00</DepartureTime>
                  <DepartureDayOffset>0</DepartureDayOffset>
                </TimetabledPassingTime>
                <TimetabledPassingTime version="47970" id="VTR:TimetabledPassingTime:47975_993767_2">
                  <StopPointInJourneyPatternRef ref="VTR:StopPointInJourneyPattern:993767" version="47970"/>
                  <DepartureTime>07:08:00</DepartureTime>
                  <DepartureDayOffset>0</DepartureDayOffset>
                </TimetabledPassingTime>
                <TimetabledPassingTime version="47970" id="VTR:TimetabledPassingTime:47975_993768_3">
                  <StopPointInJourneyPatternRef ref="VTR:StopPointInJourneyPattern:993768" version="47970"/>
                  <DepartureTime>07:13:00</DepartureTime>
                  <DepartureDayOffset>0</DepartureDayOffset>
                </TimetabledPassingTime>
                <TimetabledPassingTime version="47970" id="VTR:TimetabledPassingTime:47975_993769_4">
                  <StopPointInJourneyPatternRef ref="VTR:StopPointInJourneyPattern:993769" version="47970"/>
                  <DepartureTime>07:20:00</DepartureTime>
                  <DepartureDayOffset>0</DepartureDayOffset>
                </TimetabledPassingTime>
                <TimetabledPassingTime version="47970" id="VTR:TimetabledPassingTime:47975_993770_5">
                  <StopPointInJourneyPatternRef ref="VTR:StopPointInJourneyPattern:993770" version="47970"/>
                  <DepartureTime>07:23:00</DepartureTime>
                  <DepartureDayOffset>0</DepartureDayOffset>
                </TimetabledPassingTime>
                <TimetabledPassingTime version="47970" id="VTR:TimetabledPassingTime:47975_993771_6">
                  <StopPointInJourneyPatternRef ref="VTR:StopPointInJourneyPattern:993771" version="47970"/>
                  <DepartureTime>07:25:00</DepartureTime>
                  <DepartureDayOffset>0</DepartureDayOffset>
                </TimetabledPassingTime>
                <TimetabledPassingTime version="47970" id="VTR:TimetabledPassingTime:47975_993772_7">
                  <StopPointInJourneyPatternRef ref="VTR:StopPointInJourneyPattern:993772" version="47970"/>
                  <DepartureTime>07:28:00</DepartureTime>
                  <DepartureDayOffset>0</DepartureDayOffset>
                </TimetabledPassingTime>
                <TimetabledPassingTime version="47970" id="VTR:TimetabledPassingTime:47975_993773_8">
                  <StopPointInJourneyPatternRef ref="VTR:StopPointInJourneyPattern:993773" version="47970"/>
                  <DepartureTime>07:30:00</DepartureTime>
                  <DepartureDayOffset>0</DepartureDayOffset>
                </TimetabledPassingTime>
                <TimetabledPassingTime version="47970" id="VTR:TimetabledPassingTime:47975_993774_9">
                  <StopPointInJourneyPatternRef ref="VTR:StopPointInJourneyPattern:993774" version="47970"/>
                  <DepartureTime>07:33:00</DepartureTime>
                  <DepartureDayOffset>0</DepartureDayOffset>
                </TimetabledPassingTime>
                <TimetabledPassingTime version="47970" id="VTR:TimetabledPassingTime:47975_993775_10">
                  <StopPointInJourneyPatternRef ref="VTR:StopPointInJourneyPattern:993775" version="47970"/>
                  <DepartureTime>07:34:00</DepartureTime>
                  <DepartureDayOffset>0</DepartureDayOffset>
                </TimetabledPassingTime>
                <TimetabledPassingTime version="47970" id="VTR:TimetabledPassingTime:47975_993776_11">
                  <StopPointInJourneyPatternRef ref="VTR:StopPointInJourneyPattern:993776" version="47970"/>
                  <DepartureTime>07:36:00</DepartureTime>
                  <DepartureDayOffset>0</DepartureDayOffset>
                </TimetabledPassingTime>
                <TimetabledPassingTime version="47970" id="VTR:TimetabledPassingTime:47975_993777_12">
                  <StopPointInJourneyPatternRef ref="VTR:StopPointInJourneyPattern:993777" version="47970"/>
                  <DepartureTime>07:39:00</DepartureTime>
                  <DepartureDayOffset>0</DepartureDayOffset>
                </TimetabledPassingTime>
                <TimetabledPassingTime version="47970" id="VTR:TimetabledPassingTime:47975_993778_13">
                  <StopPointInJourneyPatternRef ref="VTR:StopPointInJourneyPattern:993778" version="47970"/>
                  <DepartureTime>07:42:00</DepartureTime>
                  <DepartureDayOffset>0</DepartureDayOffset>
                </TimetabledPassingTime>
                <TimetabledPassingTime version="47970" id="VTR:TimetabledPassingTime:47975_993779_15">
                  <StopPointInJourneyPatternRef ref="VTR:StopPointInJourneyPattern:993779" version="47970"/>
                  <DepartureTime>07:47:00</DepartureTime>
                  <DepartureDayOffset>0</DepartureDayOffset>
                </TimetabledPassingTime>
                <TimetabledPassingTime version="47970" id="VTR:TimetabledPassingTime:47975_993780_16">
                  <StopPointInJourneyPatternRef ref="VTR:StopPointInJourneyPattern:993780" version="47970"/>
                  <DepartureTime>07:50:00</DepartureTime>
                  <DepartureDayOffset>0</DepartureDayOffset>
                </TimetabledPassingTime>
                <TimetabledPassingTime version="47970" id="VTR:TimetabledPassingTime:47975_993781_17">
                  <StopPointInJourneyPatternRef ref="VTR:StopPointInJourneyPattern:993781" version="47970"/>
                  <DepartureTime>08:05:00</DepartureTime>
                  <DepartureDayOffset>0</DepartureDayOffset>
                </TimetabledPassingTime>
              </passingTimes>
            </ServiceJourney>
            <ServiceJourney version="47957" id="VTR:ServiceJourney:47962">
              <Name>Kalniškiai-Kretinga</Name>
              <PrivateCode>2A</PrivateCode>
              <dayTypes>
                <DayTypeRef ref="VTR:DayType:1522"/>
              </dayTypes>
              <JourneyPatternRef version="47957" ref="VTR:JourneyPattern:47962"/>
              <OperatorRef ref="VTR:Operator:"/>
              <LineRef ref="VTR:Line:1669" version="1649"/>
              <passingTimes>
                <TimetabledPassingTime version="47957" id="VTR:TimetabledPassingTime:47962_993574_1">
                  <StopPointInJourneyPatternRef ref="VTR:StopPointInJourneyPattern:993574" version="47957"/>
                  <DepartureTime>13:35:00</DepartureTime>
                  <DepartureDayOffset>0</DepartureDayOffset>
                </TimetabledPassingTime>
                <TimetabledPassingTime version="47957" id="VTR:TimetabledPassingTime:47962_993575_2">
                  <StopPointInJourneyPatternRef ref="VTR:StopPointInJourneyPattern:993575" version="47957"/>
                  <DepartureTime>13:38:00</DepartureTime>
                  <DepartureDayOffset>0</DepartureDayOffset>
                </TimetabledPassingTime>
                <TimetabledPassingTime version="47957" id="VTR:TimetabledPassingTime:47962_993576_3">
                  <StopPointInJourneyPatternRef ref="VTR:StopPointInJourneyPattern:993576" version="47957"/>
                  <DepartureTime>13:42:00</DepartureTime>
                  <DepartureDayOffset>0</DepartureDayOffset>
                </TimetabledPassingTime>
                <TimetabledPassingTime version="47957" id="VTR:TimetabledPassingTime:47962_993577_4">
                  <StopPointInJourneyPatternRef ref="VTR:StopPointInJourneyPattern:993577" version="47957"/>
                  <DepartureTime>13:48:00</DepartureTime>
                  <DepartureDayOffset>0</DepartureDayOffset>
                </TimetabledPassingTime>
                <TimetabledPassingTime version="47957" id="VTR:TimetabledPassingTime:47962_993578_5">
                  <StopPointInJourneyPatternRef ref="VTR:StopPointInJourneyPattern:993578" version="47957"/>
                  <DepartureTime>13:51:00</DepartureTime>
                  <DepartureDayOffset>0</DepartureDayOffset>
                </TimetabledPassingTime>
                <TimetabledPassingTime version="47957" id="VTR:TimetabledPassingTime:47962_993579_6">
                  <StopPointInJourneyPatternRef ref="VTR:StopPointInJourneyPattern:993579" version="47957"/>
                  <DepartureTime>13:53:00</DepartureTime>
                  <DepartureDayOffset>0</DepartureDayOffset>
                </TimetabledPassingTime>
                <TimetabledPassingTime version="47957" id="VTR:TimetabledPassingTime:47962_993580_7">
                  <StopPointInJourneyPatternRef ref="VTR:StopPointInJourneyPattern:993580" version="47957"/>
                  <DepartureTime>13:58:00</DepartureTime>
                  <DepartureDayOffset>0</DepartureDayOffset>
                </TimetabledPassingTime>
                <TimetabledPassingTime version="47957" id="VTR:TimetabledPassingTime:47962_993581_8">
                  <StopPointInJourneyPatternRef ref="VTR:StopPointInJourneyPattern:993581" version="47957"/>
                  <DepartureTime>14:00:00</DepartureTime>
                  <DepartureDayOffset>0</DepartureDayOffset>
                </TimetabledPassingTime>
                <TimetabledPassingTime version="47957" id="VTR:TimetabledPassingTime:47962_993582_9">
                  <StopPointInJourneyPatternRef ref="VTR:StopPointInJourneyPattern:993582" version="47957"/>
                  <DepartureTime>14:03:00</DepartureTime>
                  <DepartureDayOffset>0</DepartureDayOffset>
                </TimetabledPassingTime>
                <TimetabledPassingTime version="47957" id="VTR:TimetabledPassingTime:47962_993583_10">
                  <StopPointInJourneyPatternRef ref="VTR:StopPointInJourneyPattern:993583" version="47957"/>
                  <DepartureTime>14:05:00</DepartureTime>
                  <DepartureDayOffset>0</DepartureDayOffset>
                </TimetabledPassingTime>
                <TimetabledPassingTime version="47957" id="VTR:TimetabledPassingTime:47962_993584_11">
                  <StopPointInJourneyPatternRef ref="VTR:StopPointInJourneyPattern:993584" version="47957"/>
                  <DepartureTime>14:07:00</DepartureTime>
                  <DepartureDayOffset>0</DepartureDayOffset>
                </TimetabledPassingTime>
                <TimetabledPassingTime version="47957" id="VTR:TimetabledPassingTime:47962_993585_12">
                  <StopPointInJourneyPatternRef ref="VTR:StopPointInJourneyPattern:993585" version="47957"/>
                  <DepartureTime>14:10:00</DepartureTime>
                  <DepartureDayOffset>0</DepartureDayOffset>
                </TimetabledPassingTime>
                <TimetabledPassingTime version="47957" id="VTR:TimetabledPassingTime:47962_993586_13">
                  <StopPointInJourneyPatternRef ref="VTR:StopPointInJourneyPattern:993586" version="47957"/>
                  <DepartureTime>14:13:00</DepartureTime>
                  <DepartureDayOffset>0</DepartureDayOffset>
                </TimetabledPassingTime>
                <TimetabledPassingTime version="47957" id="VTR:TimetabledPassingTime:47962_993587_15">
                  <StopPointInJourneyPatternRef ref="VTR:StopPointInJourneyPattern:993587" version="47957"/>
                  <DepartureTime>14:18:00</DepartureTime>
                  <DepartureDayOffset>0</DepartureDayOffset>
                </TimetabledPassingTime>
                <TimetabledPassingTime version="47957" id="VTR:TimetabledPassingTime:47962_993588_16">
                  <StopPointInJourneyPatternRef ref="VTR:StopPointInJourneyPattern:993588" version="47957"/>
                  <DepartureTime>14:21:00</DepartureTime>
                  <DepartureDayOffset>0</DepartureDayOffset>
                </TimetabledPassingTime>
                <TimetabledPassingTime version="47957" id="VTR:TimetabledPassingTime:47962_993589_17">
                  <StopPointInJourneyPatternRef ref="VTR:StopPointInJourneyPattern:993589" version="47957"/>
                  <DepartureTime>14:35:00</DepartureTime>
                  <DepartureDayOffset>0</DepartureDayOffset>
                </TimetabledPassingTime>
              </passingTimes>
            </ServiceJourney>
            <ServiceJourney version="47968" id="VTR:ServiceJourney:47973">
              <Name>Kalniškiai-Kretinga</Name>
              <PrivateCode>4A</PrivateCode>
              <dayTypes>
                <DayTypeRef ref="VTR:DayType:1449"/>
              </dayTypes>
              <JourneyPatternRef version="47968" ref="VTR:JourneyPattern:47973"/>
              <OperatorRef ref="VTR:Operator:"/>
              <LineRef ref="VTR:Line:1669" version="1649"/>
              <passingTimes>
                <TimetabledPassingTime version="47968" id="VTR:TimetabledPassingTime:47973_993734_1">
                  <StopPointInJourneyPatternRef ref="VTR:StopPointInJourneyPattern:993734" version="47968"/>
                  <DepartureTime>16:05:00</DepartureTime>
                  <DepartureDayOffset>0</DepartureDayOffset>
                </TimetabledPassingTime>
                <TimetabledPassingTime version="47968" id="VTR:TimetabledPassingTime:47973_993735_2">
                  <StopPointInJourneyPatternRef ref="VTR:StopPointInJourneyPattern:993735" version="47968"/>
                  <DepartureTime>16:08:00</DepartureTime>
                  <DepartureDayOffset>0</DepartureDayOffset>
                </TimetabledPassingTime>
                <TimetabledPassingTime version="47968" id="VTR:TimetabledPassingTime:47973_993736_3">
                  <StopPointInJourneyPatternRef ref="VTR:StopPointInJourneyPattern:993736" version="47968"/>
                  <DepartureTime>16:13:00</DepartureTime>
                  <DepartureDayOffset>0</DepartureDayOffset>
                </TimetabledPassingTime>
                <TimetabledPassingTime version="47968" id="VTR:TimetabledPassingTime:47973_993737_4">
                  <StopPointInJourneyPatternRef ref="VTR:StopPointInJourneyPattern:993737" version="47968"/>
                  <DepartureTime>16:20:00</DepartureTime>
                  <DepartureDayOffset>0</DepartureDayOffset>
                </TimetabledPassingTime>
                <TimetabledPassingTime version="47968" id="VTR:TimetabledPassingTime:47973_993738_5">
                  <StopPointInJourneyPatternRef ref="VTR:StopPointInJourneyPattern:993738" version="47968"/>
                  <DepartureTime>16:23:00</DepartureTime>
                  <DepartureDayOffset>0</DepartureDayOffset>
                </TimetabledPassingTime>
                <TimetabledPassingTime version="47968" id="VTR:TimetabledPassingTime:47973_993739_6">
                  <StopPointInJourneyPatternRef ref="VTR:StopPointInJourneyPattern:993739" version="47968"/>
                  <DepartureTime>16:25:00</DepartureTime>
                  <DepartureDayOffset>0</DepartureDayOffset>
                </TimetabledPassingTime>
                <TimetabledPassingTime version="47968" id="VTR:TimetabledPassingTime:47973_993740_7">
                  <StopPointInJourneyPatternRef ref="VTR:StopPointInJourneyPattern:993740" version="47968"/>
                  <DepartureTime>16:28:00</DepartureTime>
                  <DepartureDayOffset>0</DepartureDayOffset>
                </TimetabledPassingTime>
                <TimetabledPassingTime version="47968" id="VTR:TimetabledPassingTime:47973_993741_8">
                  <StopPointInJourneyPatternRef ref="VTR:StopPointInJourneyPattern:993741" version="47968"/>
                  <DepartureTime>16:30:00</DepartureTime>
                  <DepartureDayOffset>0</DepartureDayOffset>
                </TimetabledPassingTime>
                <TimetabledPassingTime version="47968" id="VTR:TimetabledPassingTime:47973_993742_9">
                  <StopPointInJourneyPatternRef ref="VTR:StopPointInJourneyPattern:993742" version="47968"/>
                  <DepartureTime>16:33:00</DepartureTime>
                  <DepartureDayOffset>0</DepartureDayOffset>
                </TimetabledPassingTime>
                <TimetabledPassingTime version="47968" id="VTR:TimetabledPassingTime:47973_993743_10">
                  <StopPointInJourneyPatternRef ref="VTR:StopPointInJourneyPattern:993743" version="47968"/>
                  <DepartureTime>16:34:00</DepartureTime>
                  <DepartureDayOffset>0</DepartureDayOffset>
                </TimetabledPassingTime>
                <TimetabledPassingTime version="47968" id="VTR:TimetabledPassingTime:47973_993744_11">
                  <StopPointInJourneyPatternRef ref="VTR:StopPointInJourneyPattern:993744" version="47968"/>
                  <DepartureTime>16:36:00</DepartureTime>
                  <DepartureDayOffset>0</DepartureDayOffset>
                </TimetabledPassingTime>
                <TimetabledPassingTime version="47968" id="VTR:TimetabledPassingTime:47973_993745_12">
                  <StopPointInJourneyPatternRef ref="VTR:StopPointInJourneyPattern:993745" version="47968"/>
                  <DepartureTime>16:39:00</DepartureTime>
                  <DepartureDayOffset>0</DepartureDayOffset>
                </TimetabledPassingTime>
                <TimetabledPassingTime version="47968" id="VTR:TimetabledPassingTime:47973_993746_13">
                  <StopPointInJourneyPatternRef ref="VTR:StopPointInJourneyPattern:993746" version="47968"/>
                  <DepartureTime>16:42:00</DepartureTime>
                  <DepartureDayOffset>0</DepartureDayOffset>
                </TimetabledPassingTime>
                <TimetabledPassingTime version="47968" id="VTR:TimetabledPassingTime:47973_993747_15">
                  <StopPointInJourneyPatternRef ref="VTR:StopPointInJourneyPattern:993747" version="47968"/>
                  <DepartureTime>16:48:00</DepartureTime>
                  <DepartureDayOffset>0</DepartureDayOffset>
                </TimetabledPassingTime>
                <TimetabledPassingTime version="47968" id="VTR:TimetabledPassingTime:47973_993748_16">
                  <StopPointInJourneyPatternRef ref="VTR:StopPointInJourneyPattern:993748" version="47968"/>
                  <DepartureTime>16:51:00</DepartureTime>
                  <DepartureDayOffset>0</DepartureDayOffset>
                </TimetabledPassingTime>
                <TimetabledPassingTime version="47968" id="VTR:TimetabledPassingTime:47973_993749_17">
                  <StopPointInJourneyPatternRef ref="VTR:StopPointInJourneyPattern:993749" version="47968"/>
                  <DepartureTime>17:05:00</DepartureTime>
                  <DepartureDayOffset>0</DepartureDayOffset>
                </TimetabledPassingTime>
              </passingTimes>
            </ServiceJourney>
          </vehicleJourneys>
        </TimetableFrame>
        <ResourceFrame version="1" id="VTR:ResourceFrame:1385">
          <organisations>
            <Authority version="1" id="VTR:Authority:18">
              <CompanyNumber>56</CompanyNumber>
              <Name>Kretingos r. sav.</Name>
              <LegalName>Kretingos r. sav.</LegalName>
              <ContactDetails>
                <Email>savivaldybe@kretinga.lt</Email>
                <Phone>844553141</Phone>
                <Url>www.kretinga.lt</Url>
              </ContactDetails>
              <OrganisationType>authority</OrganisationType>
            </Authority>
          </organisations>
        </ResourceFrame>
      </frames>
    </CompositeFrame>
  </dataObjects>
</PublicationDelivery>
