<?xml version="1.0" encoding="UTF-8"?><PublicationDelivery xmlns="http://www.netex.org.uk/netex" xmlns:gis="http://www.opengis.net/gml/3.2" xmlns:ns2="http://www.opengis.net/gml/3.2" xmlns:ns3="http://www.siri.org.uk/siri" xmlns:xsi="http://www.w3.org/2001/XMLSchema-instance" version="1" xsi:schemaLocation="">
  <PublicationTimestamp>2022-05-07T03:45:00.262</PublicationTimestamp>
  <ParticipantRef>VTR</ParticipantRef>
  <Description>1</Description>
  <dataObjects>
    <CompositeFrame created="2022-05-07T03:45:00.262" version="1" id="VTR:CompositeFrame:1385">
      <validityConditions>
        <AvailabilityCondition version="1" id="VTR:AvailabilityCondition:1385">
          <FromDate>2015-07-30T08:18:07</FromDate>
          <ToDate>2027-12-30T00:00:00</ToDate>
        </AvailabilityCondition>
      </validityConditions>
      <codespaces>
        <Codespace id="vtr">
          <Xmlns>VTR</Xmlns>
          <XmlnsUrl>http://www.visimarsrutai.lt/</XmlnsUrl>
        </Codespace>
      </codespaces>
      <FrameDefaults>
        <DefaultLocale>
          <TimeZone>Europe/Vilnius</TimeZone>
        </DefaultLocale>
        <DefaultLocationSystem>WGS84</DefaultLocationSystem>
      </FrameDefaults>
      <frames>
        <ServiceCalendarFrame version="1" id="VTR:ServiceCalendarFrame:1385">
          <dayTypes>
            <DayType id="VTR:DayType:1341" version="1">
              <properties>
                <PropertyOfDay>
                  <DaysOfWeek>Saturday</DaysOfWeek>
                </PropertyOfDay>
              </properties>
            </DayType>
          </dayTypes>
          <operatingPeriods>
            <OperatingPeriod version="1" id="VTR:OperatingPeriod:1341">
              <FromDate>2015-08-14T00:00:00</FromDate>
              <ToDate>2020-12-31T00:00:00</ToDate>
            </OperatingPeriod>
          </operatingPeriods>
          <dayTypeAssignments>
            <DayTypeAssignment id="VTR:DayTypeAssignment:1341_0" version="1" order="1321">
              <OperatingPeriodRef ref="VTR:OperatingPeriod:1341" version="1"/>
              <DayTypeRef ref="VTR:DayType:1341" version="1"/>
            </DayTypeAssignment>
          </dayTypeAssignments>
        </ServiceCalendarFrame>
        <ServiceFrame id="VTR:ServiceFrame:1385" version="1">
          <Network version="0" id="VTR:Network:18"/>
          <routePoints>
            <RoutePoint version="1" id="VTR:RoutePoint:431003">
              <projections>
                <PointProjection version="1" id="VTR:PointProjection:42377">
                  <ProjectedPointRef ref="VTR:ScheduledStopPoint:431003" version="1"/>
                </PointProjection>
              </projections>
            </RoutePoint>
            <RoutePoint version="1" id="VTR:RoutePoint:431005">
              <projections>
                <PointProjection version="1" id="VTR:PointProjection:42378">
                  <ProjectedPointRef ref="VTR:ScheduledStopPoint:431005" version="1"/>
                </PointProjection>
              </projections>
            </RoutePoint>
            <RoutePoint version="1" id="VTR:RoutePoint:431006">
              <projections>
                <PointProjection version="1" id="VTR:PointProjection:42379">
                  <ProjectedPointRef ref="VTR:ScheduledStopPoint:431006" version="1"/>
                </PointProjection>
              </projections>
            </RoutePoint>
            <RoutePoint version="1" id="VTR:RoutePoint:431007">
              <projections>
                <PointProjection version="1" id="VTR:PointProjection:4897">
                  <ProjectedPointRef ref="VTR:ScheduledStopPoint:431007" version="1"/>
                </PointProjection>
              </projections>
            </RoutePoint>
            <RoutePoint version="1" id="VTR:RoutePoint:431008">
              <projections>
                <PointProjection version="1" id="VTR:PointProjection:4898">
                  <ProjectedPointRef ref="VTR:ScheduledStopPoint:431008" version="1"/>
                </PointProjection>
              </projections>
            </RoutePoint>
            <RoutePoint version="1" id="VTR:RoutePoint:431009">
              <projections>
                <PointProjection version="1" id="VTR:PointProjection:4899">
                  <ProjectedPointRef ref="VTR:ScheduledStopPoint:431009" version="1"/>
                </PointProjection>
              </projections>
            </RoutePoint>
            <RoutePoint version="1" id="VTR:RoutePoint:431010">
              <projections>
                <PointProjection version="1" id="VTR:PointProjection:4900">
                  <ProjectedPointRef ref="VTR:ScheduledStopPoint:431010" version="1"/>
                </PointProjection>
              </projections>
            </RoutePoint>
            <RoutePoint version="1" id="VTR:RoutePoint:431011">
              <projections>
                <PointProjection version="1" id="VTR:PointProjection:4901">
                  <ProjectedPointRef ref="VTR:ScheduledStopPoint:431011" version="1"/>
                </PointProjection>
              </projections>
            </RoutePoint>
          </routePoints>
          <routes>
            <Route version="1" id="VTR:Route:11766">
              <Name>Kretinga-Jokūbavas</Name>
              <ShortName>Kretinga-Jokūbavas</ShortName>
              <LineRef ref="VTR:Line:1591" version="4909"/>
              <DirectionType>outbound</DirectionType>
              <pointsInSequence>
                <PointOnRoute version="1" id="VTR:PointOnRoute:431003" order="1">
                  <RoutePointRef ref="VTR:RoutePoint:431003"/>
                </PointOnRoute>
                <PointOnRoute version="1" id="VTR:PointOnRoute:431005" order="3">
                  <RoutePointRef ref="VTR:RoutePoint:431005"/>
                </PointOnRoute>
                <PointOnRoute version="1" id="VTR:PointOnRoute:431006" order="4">
                  <RoutePointRef ref="VTR:RoutePoint:431006"/>
                </PointOnRoute>
                <PointOnRoute version="1" id="VTR:PointOnRoute:431007" order="5">
                  <RoutePointRef ref="VTR:RoutePoint:431007"/>
                </PointOnRoute>
                <PointOnRoute version="1" id="VTR:PointOnRoute:431008" order="6">
                  <RoutePointRef ref="VTR:RoutePoint:431008"/>
                </PointOnRoute>
                <PointOnRoute version="1" id="VTR:PointOnRoute:431009" order="7">
                  <RoutePointRef ref="VTR:RoutePoint:431009"/>
                </PointOnRoute>
                <PointOnRoute version="1" id="VTR:PointOnRoute:431010" order="8">
                  <RoutePointRef ref="VTR:RoutePoint:431010"/>
                </PointOnRoute>
                <PointOnRoute version="1" id="VTR:PointOnRoute:431011" order="9">
                  <RoutePointRef ref="VTR:RoutePoint:431011"/>
                </PointOnRoute>
              </pointsInSequence>
            </Route>
          </routes>
          <lines>
            <Line version="4909" id="VTR:Line:1591">
              <Name>Kretinga-Jokūbavas</Name>
              <TransportMode>bus</TransportMode>
              <TransportSubmode>
                <BusSubmode>regionalBus</BusSubmode>
              </TransportSubmode>
              <PublicCode>11</PublicCode>
              <OperatorRef ref="VTR:Operator:18"/>
            </Line>
          </lines>
          <scheduledStopPoints>
            <ScheduledStopPoint version="1" id="VTR:ScheduledStopPoint:431003">
              <Name>Kretingos autobusų stotis</Name>
            </ScheduledStopPoint>
            <ScheduledStopPoint version="1" id="VTR:ScheduledStopPoint:431005">
              <Name>Daujoto vid. m-kla</Name>
            </ScheduledStopPoint>
            <ScheduledStopPoint version="1" id="VTR:ScheduledStopPoint:431006">
              <Name>Rotušės aikštė</Name>
            </ScheduledStopPoint>
            <ScheduledStopPoint version="1" id="VTR:ScheduledStopPoint:431007">
              <Name>Vytauto g.</Name>
            </ScheduledStopPoint>
            <ScheduledStopPoint version="1" id="VTR:ScheduledStopPoint:431008">
              <Name>Medelynas</Name>
            </ScheduledStopPoint>
            <ScheduledStopPoint version="1" id="VTR:ScheduledStopPoint:431009">
              <Name>Petreikiai</Name>
            </ScheduledStopPoint>
            <ScheduledStopPoint version="1" id="VTR:ScheduledStopPoint:431010">
              <Name>Petrikaičiai</Name>
            </ScheduledStopPoint>
            <ScheduledStopPoint version="1" id="VTR:ScheduledStopPoint:431011">
              <Name>Jokūbavas</Name>
            </ScheduledStopPoint>
          </scheduledStopPoints>
          <serviceLinks>
            <ServiceLink id="VTR:ServiceLink:431007_1_431008_1" version="1">
              <Distance>3</Distance>
              <FromPointRef ref="VTR:ScheduledStopPoint:431007" version="1"/>
              <ToPointRef ref="VTR:ScheduledStopPoint:431008" version="1"/>
            </ServiceLink>
            <ServiceLink id="VTR:ServiceLink:431010_1_431011_1" version="1">
              <Distance>2</Distance>
              <FromPointRef ref="VTR:ScheduledStopPoint:431010" version="1"/>
              <ToPointRef ref="VTR:ScheduledStopPoint:431011" version="1"/>
            </ServiceLink>
            <ServiceLink id="VTR:ServiceLink:431005_1_431006_1" version="1">
              <Distance>0</Distance>
              <FromPointRef ref="VTR:ScheduledStopPoint:431005" version="1"/>
              <ToPointRef ref="VTR:ScheduledStopPoint:431006" version="1"/>
            </ServiceLink>
            <ServiceLink id="VTR:ServiceLink:431009_1_431010_1" version="1">
              <Distance>1</Distance>
              <FromPointRef ref="VTR:ScheduledStopPoint:431009" version="1"/>
              <ToPointRef ref="VTR:ScheduledStopPoint:431010" version="1"/>
            </ServiceLink>
            <ServiceLink id="VTR:ServiceLink:431006_1_431007_1" version="1">
              <Distance>1</Distance>
              <FromPointRef ref="VTR:ScheduledStopPoint:431006" version="1"/>
              <ToPointRef ref="VTR:ScheduledStopPoint:431007" version="1"/>
            </ServiceLink>
            <ServiceLink id="VTR:ServiceLink:431008_1_431009_1" version="1">
              <Distance>1</Distance>
              <FromPointRef ref="VTR:ScheduledStopPoint:431008" version="1"/>
              <ToPointRef ref="VTR:ScheduledStopPoint:431009" version="1"/>
            </ServiceLink>
          </serviceLinks>
          <stopAssignments>
            <PassengerStopAssignment order="1176600000" id="VTR:PassengerStopAssignment:431003" version="1">
              <ScheduledStopPointRef ref="VTR:ScheduledStopPoint:431003" version="1"/>
              <QuayRef ref="VTR:Quay:21202"/>
            </PassengerStopAssignment>
            <PassengerStopAssignment order="1176600002" id="VTR:PassengerStopAssignment:431005" version="1">
              <ScheduledStopPointRef ref="VTR:ScheduledStopPoint:431005" version="1"/>
              <QuayRef ref="VTR:Quay:3596"/>
            </PassengerStopAssignment>
            <PassengerStopAssignment order="1176600003" id="VTR:PassengerStopAssignment:431006" version="1">
              <ScheduledStopPointRef ref="VTR:ScheduledStopPoint:431006" version="1"/>
              <QuayRef ref="VTR:Quay:21210"/>
            </PassengerStopAssignment>
            <PassengerStopAssignment order="1176600004" id="VTR:PassengerStopAssignment:431007" version="1">
              <ScheduledStopPointRef ref="VTR:ScheduledStopPoint:431007" version="1"/>
              <QuayRef ref="VTR:Quay:21212"/>
            </PassengerStopAssignment>
            <PassengerStopAssignment order="1176600005" id="VTR:PassengerStopAssignment:431008" version="1">
              <ScheduledStopPointRef ref="VTR:ScheduledStopPoint:431008" version="1"/>
              <QuayRef ref="VTR:Quay:4221"/>
            </PassengerStopAssignment>
            <PassengerStopAssignment order="1176600006" id="VTR:PassengerStopAssignment:431009" version="1">
              <ScheduledStopPointRef ref="VTR:ScheduledStopPoint:431009" version="1"/>
              <QuayRef ref="VTR:Quay:4227"/>
            </PassengerStopAssignment>
            <PassengerStopAssignment order="1176600007" id="VTR:PassengerStopAssignment:431010" version="1">
              <ScheduledStopPointRef ref="VTR:ScheduledStopPoint:431010" version="1"/>
              <QuayRef ref="VTR:Quay:11582"/>
            </PassengerStopAssignment>
            <PassengerStopAssignment order="1176600008" id="VTR:PassengerStopAssignment:431011" version="1">
              <ScheduledStopPointRef ref="VTR:ScheduledStopPoint:431011" version="1"/>
              <QuayRef ref="VTR:Quay:13956"/>
            </PassengerStopAssignment>
          </stopAssignments>
          <journeyPatterns>
            <JourneyPattern id="VTR:JourneyPattern:775539" version="775747">
              <Name>1</Name>
              <RouteRef ref="VTR:Route:11766" version="1"/>
              <pointsInSequence>
                <StopPointInJourneyPattern id="VTR:StopPointInJourneyPattern:19847189" version="775747" order="1">
                  <ScheduledStopPointRef ref="VTR:ScheduledStopPoint:431003"/>
                  <DestinationDisplayRef ref="VTR:DestinationDisplay:1"/>
                </StopPointInJourneyPattern>
                <StopPointInJourneyPattern id="VTR:StopPointInJourneyPattern:19847190" version="775747" order="3">
                  <ScheduledStopPointRef ref="VTR:ScheduledStopPoint:431005"/>
                  <DestinationDisplayRef ref="VTR:DestinationDisplay:1"/>
                </StopPointInJourneyPattern>
                <StopPointInJourneyPattern id="VTR:StopPointInJourneyPattern:19847191" version="775747" order="4">
                  <ScheduledStopPointRef ref="VTR:ScheduledStopPoint:431006"/>
                  <DestinationDisplayRef ref="VTR:DestinationDisplay:1"/>
                </StopPointInJourneyPattern>
                <StopPointInJourneyPattern id="VTR:StopPointInJourneyPattern:19847192" version="775747" order="5">
                  <ScheduledStopPointRef ref="VTR:ScheduledStopPoint:431007"/>
                  <DestinationDisplayRef ref="VTR:DestinationDisplay:1"/>
                </StopPointInJourneyPattern>
                <StopPointInJourneyPattern id="VTR:StopPointInJourneyPattern:19847193" version="775747" order="6">
                  <ScheduledStopPointRef ref="VTR:ScheduledStopPoint:431008"/>
                  <DestinationDisplayRef ref="VTR:DestinationDisplay:1"/>
                </StopPointInJourneyPattern>
                <StopPointInJourneyPattern id="VTR:StopPointInJourneyPattern:19847194" version="775747" order="7">
                  <ScheduledStopPointRef ref="VTR:ScheduledStopPoint:431009"/>
                  <DestinationDisplayRef ref="VTR:DestinationDisplay:1"/>
                </StopPointInJourneyPattern>
                <StopPointInJourneyPattern id="VTR:StopPointInJourneyPattern:19847195" version="775747" order="8">
                  <ScheduledStopPointRef ref="VTR:ScheduledStopPoint:431010"/>
                  <DestinationDisplayRef ref="VTR:DestinationDisplay:1"/>
                </StopPointInJourneyPattern>
                <StopPointInJourneyPattern id="VTR:StopPointInJourneyPattern:19847196" version="775747" order="9">
                  <ScheduledStopPointRef ref="VTR:ScheduledStopPoint:431011"/>
                  <DestinationDisplayRef ref="VTR:DestinationDisplay:1"/>
                </StopPointInJourneyPattern>
              </pointsInSequence>
            </JourneyPattern>
            <JourneyPattern id="VTR:JourneyPattern:775538" version="775746">
              <Name>2</Name>
              <RouteRef ref="VTR:Route:11766" version="1"/>
              <pointsInSequence>
                <StopPointInJourneyPattern id="VTR:StopPointInJourneyPattern:19847181" version="775746" order="1">
                  <ScheduledStopPointRef ref="VTR:ScheduledStopPoint:431003"/>
                  <DestinationDisplayRef ref="VTR:DestinationDisplay:1"/>
                </StopPointInJourneyPattern>
                <StopPointInJourneyPattern id="VTR:StopPointInJourneyPattern:19847182" version="775746" order="3">
                  <ScheduledStopPointRef ref="VTR:ScheduledStopPoint:431005"/>
                  <DestinationDisplayRef ref="VTR:DestinationDisplay:1"/>
                </StopPointInJourneyPattern>
                <StopPointInJourneyPattern id="VTR:StopPointInJourneyPattern:19847183" version="775746" order="4">
                  <ScheduledStopPointRef ref="VTR:ScheduledStopPoint:431006"/>
                  <DestinationDisplayRef ref="VTR:DestinationDisplay:1"/>
                </StopPointInJourneyPattern>
                <StopPointInJourneyPattern id="VTR:StopPointInJourneyPattern:19847184" version="775746" order="5">
                  <ScheduledStopPointRef ref="VTR:ScheduledStopPoint:431007"/>
                  <DestinationDisplayRef ref="VTR:DestinationDisplay:1"/>
                </StopPointInJourneyPattern>
                <StopPointInJourneyPattern id="VTR:StopPointInJourneyPattern:19847185" version="775746" order="6">
                  <ScheduledStopPointRef ref="VTR:ScheduledStopPoint:431008"/>
                  <DestinationDisplayRef ref="VTR:DestinationDisplay:1"/>
                </StopPointInJourneyPattern>
                <StopPointInJourneyPattern id="VTR:StopPointInJourneyPattern:19847186" version="775746" order="7">
                  <ScheduledStopPointRef ref="VTR:ScheduledStopPoint:431009"/>
                  <DestinationDisplayRef ref="VTR:DestinationDisplay:1"/>
                </StopPointInJourneyPattern>
                <StopPointInJourneyPattern id="VTR:StopPointInJourneyPattern:19847187" version="775746" order="8">
                  <ScheduledStopPointRef ref="VTR:ScheduledStopPoint:431010"/>
                  <DestinationDisplayRef ref="VTR:DestinationDisplay:1"/>
                </StopPointInJourneyPattern>
                <StopPointInJourneyPattern id="VTR:StopPointInJourneyPattern:19847188" version="775746" order="9">
                  <ScheduledStopPointRef ref="VTR:ScheduledStopPoint:431011"/>
                  <DestinationDisplayRef ref="VTR:DestinationDisplay:1"/>
                </StopPointInJourneyPattern>
              </pointsInSequence>
            </JourneyPattern>
          </journeyPatterns>
        </ServiceFrame>
        <TimetableFrame version="1" id="VTR:TimetableFrame:1385">
          <vehicleJourneys>
            <ServiceJourney version="775747" id="VTR:ServiceJourney:775539">
              <Name>Kretinga-Jokūbavas</Name>
              <PrivateCode>1</PrivateCode>
              <dayTypes>
                <DayTypeRef ref="VTR:DayType:1341"/>
              </dayTypes>
              <JourneyPatternRef version="775747" ref="VTR:JourneyPattern:775539"/>
              <OperatorRef ref="VTR:Operator:482"/>
              <LineRef ref="VTR:Line:1591" version="4909"/>
              <passingTimes>
                <TimetabledPassingTime version="775747" id="VTR:TimetabledPassingTime:775539_19847189_1">
                  <StopPointInJourneyPatternRef ref="VTR:StopPointInJourneyPattern:19847189" version="775747"/>
                  <DepartureTime>08:10:00</DepartureTime>
                  <DepartureDayOffset>0</DepartureDayOffset>
                </TimetabledPassingTime>
                <TimetabledPassingTime version="775747" id="VTR:TimetabledPassingTime:775539_19847190_3">
                  <StopPointInJourneyPatternRef ref="VTR:StopPointInJourneyPattern:19847190" version="775747"/>
                  <DepartureTime>08:11:00</DepartureTime>
                  <DepartureDayOffset>0</DepartureDayOffset>
                </TimetabledPassingTime>
                <TimetabledPassingTime version="775747" id="VTR:TimetabledPassingTime:775539_19847191_4">
                  <StopPointInJourneyPatternRef ref="VTR:StopPointInJourneyPattern:19847191" version="775747"/>
                  <DepartureTime>08:12:00</DepartureTime>
                  <DepartureDayOffset>0</DepartureDayOffset>
                </TimetabledPassingTime>
                <TimetabledPassingTime version="775747" id="VTR:TimetabledPassingTime:775539_19847192_5">
                  <StopPointInJourneyPatternRef ref="VTR:StopPointInJourneyPattern:19847192" version="775747"/>
                  <DepartureTime>08:15:00</DepartureTime>
                  <DepartureDayOffset>0</DepartureDayOffset>
                </TimetabledPassingTime>
                <TimetabledPassingTime version="775747" id="VTR:TimetabledPassingTime:775539_19847193_6">
                  <StopPointInJourneyPatternRef ref="VTR:StopPointInJourneyPattern:19847193" version="775747"/>
                  <DepartureTime>08:17:00</DepartureTime>
                  <DepartureDayOffset>0</DepartureDayOffset>
                </TimetabledPassingTime>
                <TimetabledPassingTime version="775747" id="VTR:TimetabledPassingTime:775539_19847194_7">
                  <StopPointInJourneyPatternRef ref="VTR:StopPointInJourneyPattern:19847194" version="775747"/>
                  <DepartureTime>08:19:00</DepartureTime>
                  <DepartureDayOffset>0</DepartureDayOffset>
                </TimetabledPassingTime>
                <TimetabledPassingTime version="775747" id="VTR:TimetabledPassingTime:775539_19847195_8">
                  <StopPointInJourneyPatternRef ref="VTR:StopPointInJourneyPattern:19847195" version="775747"/>
                  <DepartureTime>08:21:00</DepartureTime>
                  <DepartureDayOffset>0</DepartureDayOffset>
                </TimetabledPassingTime>
                <TimetabledPassingTime version="775747" id="VTR:TimetabledPassingTime:775539_19847196_9">
                  <StopPointInJourneyPatternRef ref="VTR:StopPointInJourneyPattern:19847196" version="775747"/>
                  <DepartureTime>08:25:00</DepartureTime>
                  <DepartureDayOffset>0</DepartureDayOffset>
                </TimetabledPassingTime>
              </passingTimes>
            </ServiceJourney>
            <ServiceJourney version="775746" id="VTR:ServiceJourney:775538">
              <Name>Kretinga-Jokūbavas</Name>
              <PrivateCode>2</PrivateCode>
              <dayTypes>
                <DayTypeRef ref="VTR:DayType:1341"/>
              </dayTypes>
              <JourneyPatternRef version="775746" ref="VTR:JourneyPattern:775538"/>
              <OperatorRef ref="VTR:Operator:482"/>
              <LineRef ref="VTR:Line:1591" version="4909"/>
              <passingTimes>
                <TimetabledPassingTime version="775746" id="VTR:TimetabledPassingTime:775538_19847181_1">
                  <StopPointInJourneyPatternRef ref="VTR:StopPointInJourneyPattern:19847181" version="775746"/>
                  <DepartureTime>13:10:00</DepartureTime>
                  <DepartureDayOffset>0</DepartureDayOffset>
                </TimetabledPassingTime>
                <TimetabledPassingTime version="775746" id="VTR:TimetabledPassingTime:775538_19847182_3">
                  <StopPointInJourneyPatternRef ref="VTR:StopPointInJourneyPattern:19847182" version="775746"/>
                  <DepartureTime>13:11:00</DepartureTime>
                  <DepartureDayOffset>0</DepartureDayOffset>
                </TimetabledPassingTime>
                <TimetabledPassingTime version="775746" id="VTR:TimetabledPassingTime:775538_19847183_4">
                  <StopPointInJourneyPatternRef ref="VTR:StopPointInJourneyPattern:19847183" version="775746"/>
                  <DepartureTime>13:12:00</DepartureTime>
                  <DepartureDayOffset>0</DepartureDayOffset>
                </TimetabledPassingTime>
                <TimetabledPassingTime version="775746" id="VTR:TimetabledPassingTime:775538_19847184_5">
                  <StopPointInJourneyPatternRef ref="VTR:StopPointInJourneyPattern:19847184" version="775746"/>
                  <DepartureTime>13:15:00</DepartureTime>
                  <DepartureDayOffset>0</DepartureDayOffset>
                </TimetabledPassingTime>
                <TimetabledPassingTime version="775746" id="VTR:TimetabledPassingTime:775538_19847185_6">
                  <StopPointInJourneyPatternRef ref="VTR:StopPointInJourneyPattern:19847185" version="775746"/>
                  <DepartureTime>13:17:00</DepartureTime>
                  <DepartureDayOffset>0</DepartureDayOffset>
                </TimetabledPassingTime>
                <TimetabledPassingTime version="775746" id="VTR:TimetabledPassingTime:775538_19847186_7">
                  <StopPointInJourneyPatternRef ref="VTR:StopPointInJourneyPattern:19847186" version="775746"/>
                  <DepartureTime>13:19:00</DepartureTime>
                  <DepartureDayOffset>0</DepartureDayOffset>
                </TimetabledPassingTime>
                <TimetabledPassingTime version="775746" id="VTR:TimetabledPassingTime:775538_19847187_8">
                  <StopPointInJourneyPatternRef ref="VTR:StopPointInJourneyPattern:19847187" version="775746"/>
                  <DepartureTime>13:21:00</DepartureTime>
                  <DepartureDayOffset>0</DepartureDayOffset>
                </TimetabledPassingTime>
                <TimetabledPassingTime version="775746" id="VTR:TimetabledPassingTime:775538_19847188_9">
                  <StopPointInJourneyPatternRef ref="VTR:StopPointInJourneyPattern:19847188" version="775746"/>
                  <DepartureTime>13:25:00</DepartureTime>
                  <DepartureDayOffset>0</DepartureDayOffset>
                </TimetabledPassingTime>
              </passingTimes>
            </ServiceJourney>
          </vehicleJourneys>
        </TimetableFrame>
        <ResourceFrame version="1" id="VTR:ResourceFrame:1385">
          <organisations>
            <Authority version="1" id="VTR:Authority:18">
              <CompanyNumber>56</CompanyNumber>
              <Name>Kretingos r. sav.</Name>
              <LegalName>Kretingos r. sav.</LegalName>
              <ContactDetails>
                <Email>savivaldybe@kretinga.lt</Email>
                <Phone>844553141</Phone>
                <Url>www.kretinga.lt</Url>
              </ContactDetails>
              <OrganisationType>authority</OrganisationType>
            </Authority>
          </organisations>
        </ResourceFrame>
      </frames>
    </CompositeFrame>
  </dataObjects>
</PublicationDelivery>
