<?xml version="1.0" encoding="UTF-8"?><PublicationDelivery xmlns="http://www.netex.org.uk/netex" xmlns:gis="http://www.opengis.net/gml/3.2" xmlns:ns2="http://www.opengis.net/gml/3.2" xmlns:ns3="http://www.siri.org.uk/siri" xmlns:xsi="http://www.w3.org/2001/XMLSchema-instance" version="1" xsi:schemaLocation="">
  <PublicationTimestamp>2022-05-07T01:00:00.526</PublicationTimestamp>
  <ParticipantRef>VTR</ParticipantRef>
  <Description>1</Description>
  <dataObjects>
    <CompositeFrame created="2022-05-07T01:00:00.526" version="1" id="VTR:CompositeFrame:1353">
      <validityConditions>
        <AvailabilityCondition version="1" id="VTR:AvailabilityCondition:1353">
          <FromDate>2015-07-30T16:38:29</FromDate>
          <ToDate>2022-09-07T00:00:00</ToDate>
        </AvailabilityCondition>
      </validityConditions>
      <codespaces>
        <Codespace id="vtr">
          <Xmlns>VTR</Xmlns>
          <XmlnsUrl>http://www.visimarsrutai.lt/</XmlnsUrl>
        </Codespace>
      </codespaces>
      <FrameDefaults>
        <DefaultLocale>
          <TimeZone>Europe/Vilnius</TimeZone>
        </DefaultLocale>
        <DefaultLocationSystem>WGS84</DefaultLocationSystem>
      </FrameDefaults>
      <frames>
        <ServiceCalendarFrame version="1" id="VTR:ServiceCalendarFrame:1353">
          <dayTypes>
            <DayType id="VTR:DayType:843" version="1">
              <properties>
                <PropertyOfDay>
                  <DaysOfWeek>Monday Tuesday Wednesday Thursday Friday</DaysOfWeek>
                </PropertyOfDay>
              </properties>
            </DayType>
          </dayTypes>
          <operatingPeriods>
            <OperatingPeriod version="1" id="VTR:OperatingPeriod:843">
              <FromDate>2016-07-02T00:00:00</FromDate>
              <ToDate>2022-09-07T00:00:00</ToDate>
            </OperatingPeriod>
          </operatingPeriods>
          <dayTypeAssignments>
            <DayTypeAssignment id="VTR:DayTypeAssignment:843_0" version="1" order="1003">
              <OperatingPeriodRef ref="VTR:OperatingPeriod:843" version="1"/>
              <DayTypeRef ref="VTR:DayType:843" version="1"/>
            </DayTypeAssignment>
            <DayTypeAssignment id="VTR:DayTypeAssignment:843_902549" version="1" order="11328">
              <Date>2022-07-28</Date>
              <DayTypeRef ref="VTR:DayType:843" version="1"/>
            </DayTypeAssignment>
            <DayTypeAssignment id="VTR:DayTypeAssignment:843_902546" version="1" order="11329">
              <Date>2022-07-21</Date>
              <DayTypeRef ref="VTR:DayType:843" version="1"/>
            </DayTypeAssignment>
            <DayTypeAssignment id="VTR:DayTypeAssignment:843_902534" version="1" order="11330">
              <Date>2022-07-23</Date>
              <DayTypeRef ref="VTR:DayType:843" version="1"/>
            </DayTypeAssignment>
            <DayTypeAssignment id="VTR:DayTypeAssignment:843_902533" version="1" order="11331">
              <Date>2022-07-13</Date>
              <DayTypeRef ref="VTR:DayType:843" version="1"/>
            </DayTypeAssignment>
            <DayTypeAssignment id="VTR:DayTypeAssignment:843_902529" version="1" order="11332">
              <Date>2022-07-06</Date>
              <DayTypeRef ref="VTR:DayType:843" version="1"/>
            </DayTypeAssignment>
            <DayTypeAssignment id="VTR:DayTypeAssignment:843_928497" version="1" order="11333">
              <Date>2022-08-03</Date>
              <DayTypeRef ref="VTR:DayType:843" version="1"/>
            </DayTypeAssignment>
            <DayTypeAssignment id="VTR:DayTypeAssignment:843_928474" version="1" order="11334">
              <Date>2022-08-14</Date>
              <DayTypeRef ref="VTR:DayType:843" version="1"/>
            </DayTypeAssignment>
            <DayTypeAssignment id="VTR:DayTypeAssignment:843_928473" version="1" order="11335">
              <Date>2022-08-04</Date>
              <DayTypeRef ref="VTR:DayType:843" version="1"/>
            </DayTypeAssignment>
            <DayTypeAssignment id="VTR:DayTypeAssignment:843_902543" version="1" order="11634">
              <Date>2022-07-24</Date>
              <DayTypeRef ref="VTR:DayType:843" version="1"/>
            </DayTypeAssignment>
            <DayTypeAssignment id="VTR:DayTypeAssignment:843_902520" version="1" order="11635">
              <Date>2022-07-25</Date>
              <DayTypeRef ref="VTR:DayType:843" version="1"/>
            </DayTypeAssignment>
            <DayTypeAssignment id="VTR:DayTypeAssignment:843_928503" version="1" order="11636">
              <Date>2022-08-27</Date>
              <DayTypeRef ref="VTR:DayType:843" version="1"/>
            </DayTypeAssignment>
            <DayTypeAssignment id="VTR:DayTypeAssignment:843_928502" version="1" order="11637">
              <Date>2022-08-17</Date>
              <DayTypeRef ref="VTR:DayType:843" version="1"/>
            </DayTypeAssignment>
            <DayTypeAssignment id="VTR:DayTypeAssignment:843_928501" version="1" order="11638">
              <Date>2022-08-10</Date>
              <DayTypeRef ref="VTR:DayType:843" version="1"/>
            </DayTypeAssignment>
            <DayTypeAssignment id="VTR:DayTypeAssignment:843_928494" version="1" order="11639">
              <Date>2022-08-16</Date>
              <DayTypeRef ref="VTR:DayType:843" version="1"/>
            </DayTypeAssignment>
            <DayTypeAssignment id="VTR:DayTypeAssignment:843_947400" version="1" order="11640">
              <Date>2023-03-11</Date>
              <DayTypeRef ref="VTR:DayType:843" version="1"/>
            </DayTypeAssignment>
            <DayTypeAssignment id="VTR:DayTypeAssignment:843_902536" version="1" order="11733">
              <Date>2022-07-30</Date>
              <DayTypeRef ref="VTR:DayType:843" version="1"/>
            </DayTypeAssignment>
            <DayTypeAssignment id="VTR:DayTypeAssignment:843_902531" version="1" order="11734">
              <Date>2022-07-16</Date>
              <DayTypeRef ref="VTR:DayType:843" version="1"/>
            </DayTypeAssignment>
            <DayTypeAssignment id="VTR:DayTypeAssignment:843_902527" version="1" order="11735">
              <Date>2022-07-09</Date>
              <DayTypeRef ref="VTR:DayType:843" version="1"/>
            </DayTypeAssignment>
            <DayTypeAssignment id="VTR:DayTypeAssignment:843_902523" version="1" order="11736">
              <Date>2022-07-22</Date>
              <DayTypeRef ref="VTR:DayType:843" version="1"/>
            </DayTypeAssignment>
            <DayTypeAssignment id="VTR:DayTypeAssignment:843_902522" version="1" order="11737">
              <Date>2022-07-15</Date>
              <DayTypeRef ref="VTR:DayType:843" version="1"/>
            </DayTypeAssignment>
            <DayTypeAssignment id="VTR:DayTypeAssignment:843_928498" version="1" order="11738">
              <Date>2022-08-13</Date>
              <DayTypeRef ref="VTR:DayType:843" version="1"/>
            </DayTypeAssignment>
            <DayTypeAssignment id="VTR:DayTypeAssignment:843_928476" version="1" order="11739">
              <Date>2022-11-01</Date>
              <DayTypeRef ref="VTR:DayType:843" version="1"/>
            </DayTypeAssignment>
            <DayTypeAssignment id="VTR:DayTypeAssignment:843_954525" version="1" order="11740">
              <Date>2023-05-01</Date>
              <DayTypeRef ref="VTR:DayType:843" version="1"/>
            </DayTypeAssignment>
            <DayTypeAssignment id="VTR:DayTypeAssignment:843_902539" version="1" order="11903">
              <Date>2022-07-27</Date>
              <DayTypeRef ref="VTR:DayType:843" version="1"/>
            </DayTypeAssignment>
            <DayTypeAssignment id="VTR:DayTypeAssignment:843_928491" version="1" order="11904">
              <Date>2022-08-19</Date>
              <DayTypeRef ref="VTR:DayType:843" version="1"/>
            </DayTypeAssignment>
            <DayTypeAssignment id="VTR:DayTypeAssignment:843_928490" version="1" order="11905">
              <Date>2022-08-09</Date>
              <DayTypeRef ref="VTR:DayType:843" version="1"/>
            </DayTypeAssignment>
            <DayTypeAssignment id="VTR:DayTypeAssignment:843_928479" version="1" order="11906">
              <Date>2022-08-01</Date>
              <DayTypeRef ref="VTR:DayType:843" version="1"/>
            </DayTypeAssignment>
            <DayTypeAssignment id="VTR:DayTypeAssignment:843_902548" version="1" order="12208">
              <Date>2022-07-18</Date>
              <DayTypeRef ref="VTR:DayType:843" version="1"/>
            </DayTypeAssignment>
            <DayTypeAssignment id="VTR:DayTypeAssignment:843_902541" version="1" order="12209">
              <Date>2022-07-04</Date>
              <DayTypeRef ref="VTR:DayType:843" version="1"/>
            </DayTypeAssignment>
            <DayTypeAssignment id="VTR:DayTypeAssignment:843_902538" version="1" order="12210">
              <Date>2022-07-17</Date>
              <DayTypeRef ref="VTR:DayType:843" version="1"/>
            </DayTypeAssignment>
            <DayTypeAssignment id="VTR:DayTypeAssignment:843_902528" version="1" order="12211">
              <Date>2022-07-19</Date>
              <DayTypeRef ref="VTR:DayType:843" version="1"/>
            </DayTypeAssignment>
            <DayTypeAssignment id="VTR:DayTypeAssignment:843_902526" version="1" order="12212">
              <Date>2022-07-29</Date>
              <DayTypeRef ref="VTR:DayType:843" version="1"/>
            </DayTypeAssignment>
            <DayTypeAssignment id="VTR:DayTypeAssignment:843_902524" version="1" order="12213">
              <Date>2022-07-12</Date>
              <DayTypeRef ref="VTR:DayType:843" version="1"/>
            </DayTypeAssignment>
            <DayTypeAssignment id="VTR:DayTypeAssignment:843_896187" version="1" order="12214">
              <Date>2022-07-01</Date>
              <DayTypeRef ref="VTR:DayType:843" version="1"/>
            </DayTypeAssignment>
            <DayTypeAssignment id="VTR:DayTypeAssignment:843_928496" version="1" order="12215">
              <Date>2022-08-23</Date>
              <DayTypeRef ref="VTR:DayType:843" version="1"/>
            </DayTypeAssignment>
            <DayTypeAssignment id="VTR:DayTypeAssignment:843_928493" version="1" order="12216">
              <Date>2022-08-06</Date>
              <DayTypeRef ref="VTR:DayType:843" version="1"/>
            </DayTypeAssignment>
            <DayTypeAssignment id="VTR:DayTypeAssignment:843_928485" version="1" order="12217">
              <Date>2022-08-05</Date>
              <DayTypeRef ref="VTR:DayType:843" version="1"/>
            </DayTypeAssignment>
            <DayTypeAssignment id="VTR:DayTypeAssignment:843_928483" version="1" order="12218">
              <Date>2022-08-18</Date>
              <DayTypeRef ref="VTR:DayType:843" version="1"/>
            </DayTypeAssignment>
            <DayTypeAssignment id="VTR:DayTypeAssignment:843_928475" version="1" order="12219">
              <Date>2022-08-24</Date>
              <DayTypeRef ref="VTR:DayType:843" version="1"/>
            </DayTypeAssignment>
            <DayTypeAssignment id="VTR:DayTypeAssignment:843_902544" version="1" order="12318">
              <Date>2022-07-11</Date>
              <DayTypeRef ref="VTR:DayType:843" version="1"/>
            </DayTypeAssignment>
            <DayTypeAssignment id="VTR:DayTypeAssignment:843_902540" version="1" order="12319">
              <Date>2022-07-07</Date>
              <DayTypeRef ref="VTR:DayType:843" version="1"/>
            </DayTypeAssignment>
            <DayTypeAssignment id="VTR:DayTypeAssignment:843_902532" version="1" order="12320">
              <Date>2022-07-03</Date>
              <DayTypeRef ref="VTR:DayType:843" version="1"/>
            </DayTypeAssignment>
            <DayTypeAssignment id="VTR:DayTypeAssignment:843_902530" version="1" order="12321">
              <Date>2022-07-26</Date>
              <DayTypeRef ref="VTR:DayType:843" version="1"/>
            </DayTypeAssignment>
            <DayTypeAssignment id="VTR:DayTypeAssignment:843_902525" version="1" order="12322">
              <Date>2022-07-02</Date>
              <DayTypeRef ref="VTR:DayType:843" version="1"/>
            </DayTypeAssignment>
            <DayTypeAssignment id="VTR:DayTypeAssignment:843_902521" version="1" order="12323">
              <Date>2022-07-05</Date>
              <DayTypeRef ref="VTR:DayType:843" version="1"/>
            </DayTypeAssignment>
            <DayTypeAssignment id="VTR:DayTypeAssignment:843_928487" version="1" order="12324">
              <Date>2022-08-12</Date>
              <DayTypeRef ref="VTR:DayType:843" version="1"/>
            </DayTypeAssignment>
            <DayTypeAssignment id="VTR:DayTypeAssignment:843_928484" version="1" order="12325">
              <Date>2022-08-25</Date>
              <DayTypeRef ref="VTR:DayType:843" version="1"/>
            </DayTypeAssignment>
            <DayTypeAssignment id="VTR:DayTypeAssignment:843_928481" version="1" order="12326">
              <Date>2022-08-28</Date>
              <DayTypeRef ref="VTR:DayType:843" version="1"/>
            </DayTypeAssignment>
            <DayTypeAssignment id="VTR:DayTypeAssignment:843_928480" version="1" order="12327">
              <Date>2022-08-31</Date>
              <DayTypeRef ref="VTR:DayType:843" version="1"/>
            </DayTypeAssignment>
            <DayTypeAssignment id="VTR:DayTypeAssignment:843_902547" version="1" order="12515">
              <Date>2022-07-08</Date>
              <DayTypeRef ref="VTR:DayType:843" version="1"/>
            </DayTypeAssignment>
            <DayTypeAssignment id="VTR:DayTypeAssignment:843_902545" version="1" order="12516">
              <Date>2022-07-31</Date>
              <DayTypeRef ref="VTR:DayType:843" version="1"/>
            </DayTypeAssignment>
            <DayTypeAssignment id="VTR:DayTypeAssignment:843_928500" version="1" order="12517">
              <Date>2022-08-30</Date>
              <DayTypeRef ref="VTR:DayType:843" version="1"/>
            </DayTypeAssignment>
            <DayTypeAssignment id="VTR:DayTypeAssignment:843_928495" version="1" order="12518">
              <Date>2022-08-26</Date>
              <DayTypeRef ref="VTR:DayType:843" version="1"/>
            </DayTypeAssignment>
            <DayTypeAssignment id="VTR:DayTypeAssignment:843_928492" version="1" order="12519">
              <Date>2022-08-29</Date>
              <DayTypeRef ref="VTR:DayType:843" version="1"/>
            </DayTypeAssignment>
            <DayTypeAssignment id="VTR:DayTypeAssignment:843_928488" version="1" order="12520">
              <Date>2022-08-22</Date>
              <DayTypeRef ref="VTR:DayType:843" version="1"/>
            </DayTypeAssignment>
            <DayTypeAssignment id="VTR:DayTypeAssignment:843_928486" version="1" order="12521">
              <Date>2022-08-15</Date>
              <DayTypeRef ref="VTR:DayType:843" version="1"/>
            </DayTypeAssignment>
            <DayTypeAssignment id="VTR:DayTypeAssignment:843_928478" version="1" order="12522">
              <Date>2022-08-21</Date>
              <DayTypeRef ref="VTR:DayType:843" version="1"/>
            </DayTypeAssignment>
            <DayTypeAssignment id="VTR:DayTypeAssignment:843_928477" version="1" order="12523">
              <Date>2022-08-11</Date>
              <DayTypeRef ref="VTR:DayType:843" version="1"/>
            </DayTypeAssignment>
            <DayTypeAssignment id="VTR:DayTypeAssignment:843_928504" version="1" order="12524">
              <Date>2022-08-07</Date>
              <DayTypeRef ref="VTR:DayType:843" version="1"/>
            </DayTypeAssignment>
            <DayTypeAssignment id="VTR:DayTypeAssignment:843_902542" version="1" order="12714">
              <Date>2022-07-14</Date>
              <DayTypeRef ref="VTR:DayType:843" version="1"/>
            </DayTypeAssignment>
            <DayTypeAssignment id="VTR:DayTypeAssignment:843_902537" version="1" order="12715">
              <Date>2022-07-10</Date>
              <DayTypeRef ref="VTR:DayType:843" version="1"/>
            </DayTypeAssignment>
            <DayTypeAssignment id="VTR:DayTypeAssignment:843_902535" version="1" order="12716">
              <Date>2022-07-20</Date>
              <DayTypeRef ref="VTR:DayType:843" version="1"/>
            </DayTypeAssignment>
            <DayTypeAssignment id="VTR:DayTypeAssignment:843_928499" version="1" order="12717">
              <Date>2022-08-20</Date>
              <DayTypeRef ref="VTR:DayType:843" version="1"/>
            </DayTypeAssignment>
            <DayTypeAssignment id="VTR:DayTypeAssignment:843_928489" version="1" order="12718">
              <Date>2022-08-02</Date>
              <DayTypeRef ref="VTR:DayType:843" version="1"/>
            </DayTypeAssignment>
            <DayTypeAssignment id="VTR:DayTypeAssignment:843_928482" version="1" order="12719">
              <Date>2022-08-08</Date>
              <DayTypeRef ref="VTR:DayType:843" version="1"/>
            </DayTypeAssignment>
            <DayTypeAssignment id="VTR:DayTypeAssignment:843_882897" version="1" order="12720">
              <Date>2022-05-01</Date>
              <DayTypeRef ref="VTR:DayType:843" version="1"/>
            </DayTypeAssignment>
          </dayTypeAssignments>
        </ServiceCalendarFrame>
        <ServiceFrame id="VTR:ServiceFrame:1353" version="1">
          <Network version="0" id="VTR:Network:30"/>
          <routePoints>
            <RoutePoint version="1" id="VTR:RoutePoint:66015">
              <projections>
                <PointProjection version="1" id="VTR:PointProjection:22373">
                  <ProjectedPointRef ref="VTR:ScheduledStopPoint:66015" version="1"/>
                </PointProjection>
              </projections>
            </RoutePoint>
            <RoutePoint version="1" id="VTR:RoutePoint:66018">
              <projections>
                <PointProjection version="1" id="VTR:PointProjection:22374">
                  <ProjectedPointRef ref="VTR:ScheduledStopPoint:66018" version="1"/>
                </PointProjection>
              </projections>
            </RoutePoint>
            <RoutePoint version="1" id="VTR:RoutePoint:66019">
              <projections>
                <PointProjection version="1" id="VTR:PointProjection:22375">
                  <ProjectedPointRef ref="VTR:ScheduledStopPoint:66019" version="1"/>
                </PointProjection>
              </projections>
            </RoutePoint>
            <RoutePoint version="1" id="VTR:RoutePoint:66020">
              <projections>
                <PointProjection version="1" id="VTR:PointProjection:22376">
                  <ProjectedPointRef ref="VTR:ScheduledStopPoint:66020" version="1"/>
                </PointProjection>
              </projections>
            </RoutePoint>
            <RoutePoint version="1" id="VTR:RoutePoint:66021">
              <projections>
                <PointProjection version="1" id="VTR:PointProjection:22377">
                  <ProjectedPointRef ref="VTR:ScheduledStopPoint:66021" version="1"/>
                </PointProjection>
              </projections>
            </RoutePoint>
            <RoutePoint version="1" id="VTR:RoutePoint:66505">
              <projections>
                <PointProjection version="1" id="VTR:PointProjection:22111">
                  <ProjectedPointRef ref="VTR:ScheduledStopPoint:66505" version="1"/>
                </PointProjection>
              </projections>
            </RoutePoint>
            <RoutePoint version="1" id="VTR:RoutePoint:66506">
              <projections>
                <PointProjection version="1" id="VTR:PointProjection:22112">
                  <ProjectedPointRef ref="VTR:ScheduledStopPoint:66506" version="1"/>
                </PointProjection>
              </projections>
            </RoutePoint>
            <RoutePoint version="1" id="VTR:RoutePoint:66507">
              <projections>
                <PointProjection version="1" id="VTR:PointProjection:22113">
                  <ProjectedPointRef ref="VTR:ScheduledStopPoint:66507" version="1"/>
                </PointProjection>
              </projections>
            </RoutePoint>
            <RoutePoint version="1" id="VTR:RoutePoint:66508">
              <projections>
                <PointProjection version="1" id="VTR:PointProjection:22114">
                  <ProjectedPointRef ref="VTR:ScheduledStopPoint:66508" version="1"/>
                </PointProjection>
              </projections>
            </RoutePoint>
            <RoutePoint version="1" id="VTR:RoutePoint:66511">
              <projections>
                <PointProjection version="1" id="VTR:PointProjection:22115">
                  <ProjectedPointRef ref="VTR:ScheduledStopPoint:66511" version="1"/>
                </PointProjection>
              </projections>
            </RoutePoint>
          </routePoints>
          <routes>
            <Route version="1" id="VTR:Route:3978">
              <Name>Gaurė-Laukėsa-Baltrušaičiai</Name>
              <ShortName>Gaurė-Laukėsa-Baltrušaičiai</ShortName>
              <LineRef ref="VTR:Line:1628" version="1608"/>
              <DirectionType>outbound</DirectionType>
              <pointsInSequence>
                <PointOnRoute version="1" id="VTR:PointOnRoute:66015" order="1">
                  <RoutePointRef ref="VTR:RoutePoint:66015"/>
                </PointOnRoute>
                <PointOnRoute version="1" id="VTR:PointOnRoute:66018" order="2">
                  <RoutePointRef ref="VTR:RoutePoint:66018"/>
                </PointOnRoute>
                <PointOnRoute version="1" id="VTR:PointOnRoute:66019" order="3">
                  <RoutePointRef ref="VTR:RoutePoint:66019"/>
                </PointOnRoute>
                <PointOnRoute version="1" id="VTR:PointOnRoute:66020" order="4">
                  <RoutePointRef ref="VTR:RoutePoint:66020"/>
                </PointOnRoute>
                <PointOnRoute version="1" id="VTR:PointOnRoute:66021" order="5">
                  <RoutePointRef ref="VTR:RoutePoint:66021"/>
                </PointOnRoute>
                <PointOnRoute version="1" id="VTR:PointOnRoute:66505" order="6">
                  <RoutePointRef ref="VTR:RoutePoint:66505"/>
                </PointOnRoute>
                <PointOnRoute version="1" id="VTR:PointOnRoute:66506" order="7">
                  <RoutePointRef ref="VTR:RoutePoint:66506"/>
                </PointOnRoute>
                <PointOnRoute version="1" id="VTR:PointOnRoute:66507" order="8">
                  <RoutePointRef ref="VTR:RoutePoint:66507"/>
                </PointOnRoute>
                <PointOnRoute version="1" id="VTR:PointOnRoute:66508" order="9">
                  <RoutePointRef ref="VTR:RoutePoint:66508"/>
                </PointOnRoute>
                <PointOnRoute version="1" id="VTR:PointOnRoute:66511" order="10">
                  <RoutePointRef ref="VTR:RoutePoint:66511"/>
                </PointOnRoute>
              </pointsInSequence>
            </Route>
          </routes>
          <lines>
            <Line version="1608" id="VTR:Line:1628">
              <Name>Gaurė (žiedas)</Name>
              <TransportMode>bus</TransportMode>
              <TransportSubmode>
                <BusSubmode>regionalBus</BusSubmode>
              </TransportSubmode>
              <PublicCode>47</PublicCode>
              <OperatorRef ref="VTR:Operator:30"/>
            </Line>
          </lines>
          <scheduledStopPoints>
            <ScheduledStopPoint version="1" id="VTR:ScheduledStopPoint:66015">
              <Name>Gaurė</Name>
            </ScheduledStopPoint>
            <ScheduledStopPoint version="1" id="VTR:ScheduledStopPoint:66018">
              <Name>Laukėsa</Name>
            </ScheduledStopPoint>
            <ScheduledStopPoint version="1" id="VTR:ScheduledStopPoint:66019">
              <Name>Eičiai</Name>
            </ScheduledStopPoint>
            <ScheduledStopPoint version="1" id="VTR:ScheduledStopPoint:66020">
              <Name>Buveiniai</Name>
            </ScheduledStopPoint>
            <ScheduledStopPoint version="1" id="VTR:ScheduledStopPoint:66021">
              <Name>Sakalinė II</Name>
            </ScheduledStopPoint>
            <ScheduledStopPoint version="1" id="VTR:ScheduledStopPoint:66505">
              <Name>Sakalinė</Name>
            </ScheduledStopPoint>
            <ScheduledStopPoint version="1" id="VTR:ScheduledStopPoint:66506">
              <Name>Fermos</Name>
            </ScheduledStopPoint>
            <ScheduledStopPoint version="1" id="VTR:ScheduledStopPoint:66507">
              <Name>Meškai</Name>
            </ScheduledStopPoint>
            <ScheduledStopPoint version="1" id="VTR:ScheduledStopPoint:66508">
              <Name>Baltrušaičiai</Name>
            </ScheduledStopPoint>
            <ScheduledStopPoint version="1" id="VTR:ScheduledStopPoint:66511">
              <Name>Gaurė</Name>
            </ScheduledStopPoint>
          </scheduledStopPoints>
          <serviceLinks>
            <ServiceLink id="VTR:ServiceLink:66507_1_66508_1" version="1">
              <Distance>1</Distance>
              <FromPointRef ref="VTR:ScheduledStopPoint:66507" version="1"/>
              <ToPointRef ref="VTR:ScheduledStopPoint:66508" version="1"/>
            </ServiceLink>
            <ServiceLink id="VTR:ServiceLink:66505_1_66506_1" version="1">
              <Distance>1</Distance>
              <FromPointRef ref="VTR:ScheduledStopPoint:66505" version="1"/>
              <ToPointRef ref="VTR:ScheduledStopPoint:66506" version="1"/>
            </ServiceLink>
            <ServiceLink id="VTR:ServiceLink:66019_1_66020_1" version="1">
              <Distance>1</Distance>
              <FromPointRef ref="VTR:ScheduledStopPoint:66019" version="1"/>
              <ToPointRef ref="VTR:ScheduledStopPoint:66020" version="1"/>
            </ServiceLink>
            <ServiceLink id="VTR:ServiceLink:66020_1_66021_1" version="1">
              <Distance>4</Distance>
              <FromPointRef ref="VTR:ScheduledStopPoint:66020" version="1"/>
              <ToPointRef ref="VTR:ScheduledStopPoint:66021" version="1"/>
            </ServiceLink>
            <ServiceLink id="VTR:ServiceLink:66506_1_66507_1" version="1">
              <Distance>3</Distance>
              <FromPointRef ref="VTR:ScheduledStopPoint:66506" version="1"/>
              <ToPointRef ref="VTR:ScheduledStopPoint:66507" version="1"/>
            </ServiceLink>
            <ServiceLink id="VTR:ServiceLink:66021_1_66505_1" version="1">
              <Distance>0</Distance>
              <FromPointRef ref="VTR:ScheduledStopPoint:66021" version="1"/>
              <ToPointRef ref="VTR:ScheduledStopPoint:66505" version="1"/>
            </ServiceLink>
            <ServiceLink id="VTR:ServiceLink:66018_1_66019_1" version="1">
              <Distance>1</Distance>
              <FromPointRef ref="VTR:ScheduledStopPoint:66018" version="1"/>
              <ToPointRef ref="VTR:ScheduledStopPoint:66019" version="1"/>
            </ServiceLink>
          </serviceLinks>
          <stopAssignments>
            <PassengerStopAssignment order="397800000" id="VTR:PassengerStopAssignment:66015" version="1">
              <ScheduledStopPointRef ref="VTR:ScheduledStopPoint:66015" version="1"/>
              <QuayRef ref="VTR:Quay:10020"/>
            </PassengerStopAssignment>
            <PassengerStopAssignment order="397800003" id="VTR:PassengerStopAssignment:66018" version="1">
              <ScheduledStopPointRef ref="VTR:ScheduledStopPoint:66018" version="1"/>
              <QuayRef ref="VTR:Quay:20436"/>
            </PassengerStopAssignment>
            <PassengerStopAssignment order="397800004" id="VTR:PassengerStopAssignment:66019" version="1">
              <ScheduledStopPointRef ref="VTR:ScheduledStopPoint:66019" version="1"/>
              <QuayRef ref="VTR:Quay:13194"/>
            </PassengerStopAssignment>
            <PassengerStopAssignment order="397800005" id="VTR:PassengerStopAssignment:66020" version="1">
              <ScheduledStopPointRef ref="VTR:ScheduledStopPoint:66020" version="1"/>
              <QuayRef ref="VTR:Quay:9242"/>
            </PassengerStopAssignment>
            <PassengerStopAssignment order="397800006" id="VTR:PassengerStopAssignment:66021" version="1">
              <ScheduledStopPointRef ref="VTR:ScheduledStopPoint:66021" version="1"/>
              <QuayRef ref="VTR:Quay:14148"/>
            </PassengerStopAssignment>
            <PassengerStopAssignment order="397800007" id="VTR:PassengerStopAssignment:66505" version="1">
              <ScheduledStopPointRef ref="VTR:ScheduledStopPoint:66505" version="1"/>
              <QuayRef ref="VTR:Quay:14212"/>
            </PassengerStopAssignment>
            <PassengerStopAssignment order="397800008" id="VTR:PassengerStopAssignment:66506" version="1">
              <ScheduledStopPointRef ref="VTR:ScheduledStopPoint:66506" version="1"/>
              <QuayRef ref="VTR:Quay:6390"/>
            </PassengerStopAssignment>
            <PassengerStopAssignment order="397800009" id="VTR:PassengerStopAssignment:66507" version="1">
              <ScheduledStopPointRef ref="VTR:ScheduledStopPoint:66507" version="1"/>
              <QuayRef ref="VTR:Quay:20449"/>
            </PassengerStopAssignment>
            <PassengerStopAssignment order="397800010" id="VTR:PassengerStopAssignment:66508" version="1">
              <ScheduledStopPointRef ref="VTR:ScheduledStopPoint:66508" version="1"/>
              <QuayRef ref="VTR:Quay:21229"/>
            </PassengerStopAssignment>
            <PassengerStopAssignment order="397800013" id="VTR:PassengerStopAssignment:66511" version="1">
              <ScheduledStopPointRef ref="VTR:ScheduledStopPoint:66511" version="1"/>
              <QuayRef ref="VTR:Quay:10020"/>
            </PassengerStopAssignment>
          </stopAssignments>
          <journeyPatterns>
            <JourneyPattern id="VTR:JourneyPattern:46265" version="46245">
              <Name>1</Name>
              <RouteRef ref="VTR:Route:3978" version="1"/>
              <pointsInSequence>
                <StopPointInJourneyPattern id="VTR:StopPointInJourneyPattern:965036" version="46245" order="1">
                  <ScheduledStopPointRef ref="VTR:ScheduledStopPoint:66015"/>
                  <ForAlighting>false</ForAlighting>
                  <DestinationDisplayRef ref="VTR:DestinationDisplay:1"/>
                </StopPointInJourneyPattern>
                <StopPointInJourneyPattern id="VTR:StopPointInJourneyPattern:965037" version="46245" order="2">
                  <ScheduledStopPointRef ref="VTR:ScheduledStopPoint:66018"/>
                  <DestinationDisplayRef ref="VTR:DestinationDisplay:1"/>
                </StopPointInJourneyPattern>
                <StopPointInJourneyPattern id="VTR:StopPointInJourneyPattern:965038" version="46245" order="3">
                  <ScheduledStopPointRef ref="VTR:ScheduledStopPoint:66019"/>
                  <DestinationDisplayRef ref="VTR:DestinationDisplay:1"/>
                </StopPointInJourneyPattern>
                <StopPointInJourneyPattern id="VTR:StopPointInJourneyPattern:965039" version="46245" order="4">
                  <ScheduledStopPointRef ref="VTR:ScheduledStopPoint:66020"/>
                  <DestinationDisplayRef ref="VTR:DestinationDisplay:1"/>
                </StopPointInJourneyPattern>
                <StopPointInJourneyPattern id="VTR:StopPointInJourneyPattern:965040" version="46245" order="5">
                  <ScheduledStopPointRef ref="VTR:ScheduledStopPoint:66021"/>
                  <DestinationDisplayRef ref="VTR:DestinationDisplay:1"/>
                </StopPointInJourneyPattern>
                <StopPointInJourneyPattern id="VTR:StopPointInJourneyPattern:965041" version="46245" order="6">
                  <ScheduledStopPointRef ref="VTR:ScheduledStopPoint:66505"/>
                  <DestinationDisplayRef ref="VTR:DestinationDisplay:1"/>
                </StopPointInJourneyPattern>
                <StopPointInJourneyPattern id="VTR:StopPointInJourneyPattern:965042" version="46245" order="7">
                  <ScheduledStopPointRef ref="VTR:ScheduledStopPoint:66506"/>
                  <DestinationDisplayRef ref="VTR:DestinationDisplay:1"/>
                </StopPointInJourneyPattern>
                <StopPointInJourneyPattern id="VTR:StopPointInJourneyPattern:965043" version="46245" order="8">
                  <ScheduledStopPointRef ref="VTR:ScheduledStopPoint:66507"/>
                  <DestinationDisplayRef ref="VTR:DestinationDisplay:1"/>
                </StopPointInJourneyPattern>
                <StopPointInJourneyPattern id="VTR:StopPointInJourneyPattern:965044" version="46245" order="9">
                  <ScheduledStopPointRef ref="VTR:ScheduledStopPoint:66508"/>
                  <DestinationDisplayRef ref="VTR:DestinationDisplay:1"/>
                </StopPointInJourneyPattern>
                <StopPointInJourneyPattern id="VTR:StopPointInJourneyPattern:965045" version="46245" order="10">
                  <ScheduledStopPointRef ref="VTR:ScheduledStopPoint:66511"/>
                  <ForBoarding>false</ForBoarding>
                  <DestinationDisplayRef ref="VTR:DestinationDisplay:1"/>
                </StopPointInJourneyPattern>
              </pointsInSequence>
            </JourneyPattern>
          </journeyPatterns>
        </ServiceFrame>
        <TimetableFrame version="1" id="VTR:TimetableFrame:1353">
          <vehicleJourneys>
            <ServiceJourney version="46245" id="VTR:ServiceJourney:46265">
              <Name>Gaurė-Laukėsa-Baltrušaičiai</Name>
              <PrivateCode>1</PrivateCode>
              <dayTypes>
                <DayTypeRef ref="VTR:DayType:843"/>
              </dayTypes>
              <JourneyPatternRef version="46245" ref="VTR:JourneyPattern:46265"/>
              <OperatorRef ref="VTR:Operator:525"/>
              <LineRef ref="VTR:Line:1628" version="1608"/>
              <passingTimes>
                <TimetabledPassingTime version="46245" id="VTR:TimetabledPassingTime:46265_965036_1">
                  <StopPointInJourneyPatternRef ref="VTR:StopPointInJourneyPattern:965036" version="46245"/>
                  <DepartureTime>07:10:00</DepartureTime>
                  <DepartureDayOffset>0</DepartureDayOffset>
                </TimetabledPassingTime>
                <TimetabledPassingTime version="46245" id="VTR:TimetabledPassingTime:46265_965037_2">
                  <StopPointInJourneyPatternRef ref="VTR:StopPointInJourneyPattern:965037" version="46245"/>
                  <DepartureTime>07:25:00</DepartureTime>
                  <DepartureDayOffset>0</DepartureDayOffset>
                </TimetabledPassingTime>
                <TimetabledPassingTime version="46245" id="VTR:TimetabledPassingTime:46265_965038_3">
                  <StopPointInJourneyPatternRef ref="VTR:StopPointInJourneyPattern:965038" version="46245"/>
                  <DepartureTime>07:27:00</DepartureTime>
                  <DepartureDayOffset>0</DepartureDayOffset>
                </TimetabledPassingTime>
                <TimetabledPassingTime version="46245" id="VTR:TimetabledPassingTime:46265_965039_4">
                  <StopPointInJourneyPatternRef ref="VTR:StopPointInJourneyPattern:965039" version="46245"/>
                  <DepartureTime>07:29:00</DepartureTime>
                  <DepartureDayOffset>0</DepartureDayOffset>
                </TimetabledPassingTime>
                <TimetabledPassingTime version="46245" id="VTR:TimetabledPassingTime:46265_965040_5">
                  <StopPointInJourneyPatternRef ref="VTR:StopPointInJourneyPattern:965040" version="46245"/>
                  <DepartureTime>07:35:00</DepartureTime>
                  <DepartureDayOffset>0</DepartureDayOffset>
                </TimetabledPassingTime>
                <TimetabledPassingTime version="46245" id="VTR:TimetabledPassingTime:46265_965041_6">
                  <StopPointInJourneyPatternRef ref="VTR:StopPointInJourneyPattern:965041" version="46245"/>
                  <DepartureTime>07:45:00</DepartureTime>
                  <DepartureDayOffset>0</DepartureDayOffset>
                </TimetabledPassingTime>
                <TimetabledPassingTime version="46245" id="VTR:TimetabledPassingTime:46265_965042_7">
                  <StopPointInJourneyPatternRef ref="VTR:StopPointInJourneyPattern:965042" version="46245"/>
                  <DepartureTime>07:47:00</DepartureTime>
                  <DepartureDayOffset>0</DepartureDayOffset>
                </TimetabledPassingTime>
                <TimetabledPassingTime version="46245" id="VTR:TimetabledPassingTime:46265_965043_8">
                  <StopPointInJourneyPatternRef ref="VTR:StopPointInJourneyPattern:965043" version="46245"/>
                  <DepartureTime>07:55:00</DepartureTime>
                  <DepartureDayOffset>0</DepartureDayOffset>
                </TimetabledPassingTime>
                <TimetabledPassingTime version="46245" id="VTR:TimetabledPassingTime:46265_965044_9">
                  <StopPointInJourneyPatternRef ref="VTR:StopPointInJourneyPattern:965044" version="46245"/>
                  <DepartureTime>08:00:00</DepartureTime>
                  <DepartureDayOffset>0</DepartureDayOffset>
                </TimetabledPassingTime>
                <TimetabledPassingTime version="46245" id="VTR:TimetabledPassingTime:46265_965045_10">
                  <StopPointInJourneyPatternRef ref="VTR:StopPointInJourneyPattern:965045" version="46245"/>
                  <DepartureTime>08:10:00</DepartureTime>
                  <DepartureDayOffset>0</DepartureDayOffset>
                </TimetabledPassingTime>
              </passingTimes>
            </ServiceJourney>
          </vehicleJourneys>
        </TimetableFrame>
        <ResourceFrame version="1" id="VTR:ResourceFrame:1353">
          <organisations>
            <Authority version="1" id="VTR:Authority:30">
              <CompanyNumber>77</CompanyNumber>
              <Name>Tauragės r. sav.</Name>
              <LegalName>Tauragės r. sav.</LegalName>
              <ContactDetails>
                <Email>savivalda@taurage.lt</Email>
                <Phone>844662813</Phone>
                <Url>www.taurage.lt</Url>
              </ContactDetails>
              <OrganisationType>authority</OrganisationType>
            </Authority>
          </organisations>
        </ResourceFrame>
        <FareFrame id="VTR:FareFrame:1628" version="1">
          <FrameDefaults>
            <DefaultCurrency>EUR</DefaultCurrency>
          </FrameDefaults>
          <fareStructureElements>
            <FareStructureElement id="VTR:FareStructureElement:pricematrix" version="1">
              <distanceMatrixElements>
                <DistanceMatrixElementRef ref="VTR:DistanceMatrixElement:965036to965037" version="1"/>
                <DistanceMatrixElementRef ref="VTR:DistanceMatrixElement:965042to965043" version="1"/>
                <DistanceMatrixElementRef ref="VTR:DistanceMatrixElement:965037to965041" version="1"/>
                <DistanceMatrixElementRef ref="VTR:DistanceMatrixElement:965043to965044" version="1"/>
                <DistanceMatrixElementRef ref="VTR:DistanceMatrixElement:965036to965044" version="1"/>
                <DistanceMatrixElementRef ref="VTR:DistanceMatrixElement:965039to965044" version="1"/>
                <DistanceMatrixElementRef ref="VTR:DistanceMatrixElement:965040to965045" version="1"/>
                <DistanceMatrixElementRef ref="VTR:DistanceMatrixElement:965042to965044" version="1"/>
                <DistanceMatrixElementRef ref="VTR:DistanceMatrixElement:965044to965045" version="1"/>
                <DistanceMatrixElementRef ref="VTR:DistanceMatrixElement:965036to965039" version="1"/>
                <DistanceMatrixElementRef ref="VTR:DistanceMatrixElement:965036to965040" version="1"/>
                <DistanceMatrixElementRef ref="VTR:DistanceMatrixElement:965038to965039" version="1"/>
                <DistanceMatrixElementRef ref="VTR:DistanceMatrixElement:965039to965040" version="1"/>
                <DistanceMatrixElementRef ref="VTR:DistanceMatrixElement:965040to965043" version="1"/>
                <DistanceMatrixElementRef ref="VTR:DistanceMatrixElement:965041to965043" version="1"/>
                <DistanceMatrixElementRef ref="VTR:DistanceMatrixElement:965041to965044" version="1"/>
                <DistanceMatrixElementRef ref="VTR:DistanceMatrixElement:965041to965045" version="1"/>
                <DistanceMatrixElementRef ref="VTR:DistanceMatrixElement:965036to965041" version="1"/>
                <DistanceMatrixElementRef ref="VTR:DistanceMatrixElement:965037to965038" version="1"/>
                <DistanceMatrixElementRef ref="VTR:DistanceMatrixElement:965037to965042" version="1"/>
                <DistanceMatrixElementRef ref="VTR:DistanceMatrixElement:965038to965043" version="1"/>
                <DistanceMatrixElementRef ref="VTR:DistanceMatrixElement:965038to965044" version="1"/>
                <DistanceMatrixElementRef ref="VTR:DistanceMatrixElement:965039to965042" version="1"/>
                <DistanceMatrixElementRef ref="VTR:DistanceMatrixElement:965036to965038" version="1"/>
                <DistanceMatrixElementRef ref="VTR:DistanceMatrixElement:965038to965045" version="1"/>
                <DistanceMatrixElementRef ref="VTR:DistanceMatrixElement:965039to965045" version="1"/>
                <DistanceMatrixElementRef ref="VTR:DistanceMatrixElement:965040to965041" version="1"/>
                <DistanceMatrixElementRef ref="VTR:DistanceMatrixElement:965042to965045" version="1"/>
                <DistanceMatrixElementRef ref="VTR:DistanceMatrixElement:965037to965044" version="1"/>
                <DistanceMatrixElementRef ref="VTR:DistanceMatrixElement:965038to965041" version="1"/>
                <DistanceMatrixElementRef ref="VTR:DistanceMatrixElement:965040to965042" version="1"/>
                <DistanceMatrixElementRef ref="VTR:DistanceMatrixElement:965040to965044" version="1"/>
                <DistanceMatrixElementRef ref="VTR:DistanceMatrixElement:965043to965045" version="1"/>
                <DistanceMatrixElementRef ref="VTR:DistanceMatrixElement:965036to965042" version="1"/>
                <DistanceMatrixElementRef ref="VTR:DistanceMatrixElement:965036to965043" version="1"/>
                <DistanceMatrixElementRef ref="VTR:DistanceMatrixElement:965037to965043" version="1"/>
                <DistanceMatrixElementRef ref="VTR:DistanceMatrixElement:965037to965045" version="1"/>
                <DistanceMatrixElementRef ref="VTR:DistanceMatrixElement:965039to965041" version="1"/>
                <DistanceMatrixElementRef ref="VTR:DistanceMatrixElement:965039to965043" version="1"/>
                <DistanceMatrixElementRef ref="VTR:DistanceMatrixElement:965041to965042" version="1"/>
                <DistanceMatrixElementRef ref="VTR:DistanceMatrixElement:965036to965045" version="1"/>
                <DistanceMatrixElementRef ref="VTR:DistanceMatrixElement:965037to965040" version="1"/>
                <DistanceMatrixElementRef ref="VTR:DistanceMatrixElement:965038to965040" version="1"/>
                <DistanceMatrixElementRef ref="VTR:DistanceMatrixElement:965038to965042" version="1"/>
                <DistanceMatrixElementRef ref="VTR:DistanceMatrixElement:965037to965039" version="1"/>
              </distanceMatrixElements>
            </FareStructureElement>
          </fareStructureElements>
          <tariffs>
            <Tariff id="VTR:Tariff:pointToPointInSeparateJourney_1628" version="1">
              <Name>Point to point tariff</Name>
              <distanceMatrixElements>
                <DistanceMatrixElement id="VTR:DistanceMatrixElement:965036to965037" version="1">
                  <Name>Gaurė to Laukėsa</Name>
                  <StartStopPointRef ref="VTR:ScheduledStopPoint:66015" version="1"/>
                  <EndStopPointRef ref="VTR:ScheduledStopPoint:66018" version="1"/>
                  <prices>
                    <DistanceMatrixElementPrice id="VTR:DistanceMatrixElementPrice:965036to965037" version="1">
                      <Amount>1.1</Amount>
                      <DistanceMatrixElementRef ref="VTR:DistanceMatrixElement:965036to965037" version="1"/>
                    </DistanceMatrixElementPrice>
                  </prices>
                </DistanceMatrixElement>
                <DistanceMatrixElement id="VTR:DistanceMatrixElement:965042to965043" version="1">
                  <Name>Fermos to Meškai</Name>
                  <StartStopPointRef ref="VTR:ScheduledStopPoint:66506" version="1"/>
                  <EndStopPointRef ref="VTR:ScheduledStopPoint:66507" version="1"/>
                  <prices>
                    <DistanceMatrixElementPrice id="VTR:DistanceMatrixElementPrice:965042to965043" version="1">
                      <Amount>0.6</Amount>
                      <DistanceMatrixElementRef ref="VTR:DistanceMatrixElement:965042to965043" version="1"/>
                    </DistanceMatrixElementPrice>
                  </prices>
                </DistanceMatrixElement>
                <DistanceMatrixElement id="VTR:DistanceMatrixElement:965037to965041" version="1">
                  <Name>Laukėsa to Sakalinė</Name>
                  <StartStopPointRef ref="VTR:ScheduledStopPoint:66018" version="1"/>
                  <EndStopPointRef ref="VTR:ScheduledStopPoint:66505" version="1"/>
                  <prices>
                    <DistanceMatrixElementPrice id="VTR:DistanceMatrixElementPrice:965037to965041" version="1">
                      <Amount>0.7</Amount>
                      <DistanceMatrixElementRef ref="VTR:DistanceMatrixElement:965037to965041" version="1"/>
                    </DistanceMatrixElementPrice>
                  </prices>
                </DistanceMatrixElement>
                <DistanceMatrixElement id="VTR:DistanceMatrixElement:965043to965044" version="1">
                  <Name>Meškai to Baltrušaičiai</Name>
                  <StartStopPointRef ref="VTR:ScheduledStopPoint:66507" version="1"/>
                  <EndStopPointRef ref="VTR:ScheduledStopPoint:66508" version="1"/>
                  <prices>
                    <DistanceMatrixElementPrice id="VTR:DistanceMatrixElementPrice:965043to965044" version="1">
                      <Amount>0.6</Amount>
                      <DistanceMatrixElementRef ref="VTR:DistanceMatrixElement:965043to965044" version="1"/>
                    </DistanceMatrixElementPrice>
                  </prices>
                </DistanceMatrixElement>
                <DistanceMatrixElement id="VTR:DistanceMatrixElement:965036to965044" version="1">
                  <Name>Gaurė to Baltrušaičiai</Name>
                  <StartStopPointRef ref="VTR:ScheduledStopPoint:66015" version="1"/>
                  <EndStopPointRef ref="VTR:ScheduledStopPoint:66508" version="1"/>
                  <prices>
                    <DistanceMatrixElementPrice id="VTR:DistanceMatrixElementPrice:965036to965044" version="1">
                      <Amount>2.8</Amount>
                      <DistanceMatrixElementRef ref="VTR:DistanceMatrixElement:965036to965044" version="1"/>
                    </DistanceMatrixElementPrice>
                  </prices>
                </DistanceMatrixElement>
                <DistanceMatrixElement id="VTR:DistanceMatrixElement:965039to965044" version="1">
                  <Name>Buveiniai to Baltrušaičiai</Name>
                  <StartStopPointRef ref="VTR:ScheduledStopPoint:66020" version="1"/>
                  <EndStopPointRef ref="VTR:ScheduledStopPoint:66508" version="1"/>
                  <prices>
                    <DistanceMatrixElementPrice id="VTR:DistanceMatrixElementPrice:965039to965044" version="1">
                      <Amount>1.4</Amount>
                      <DistanceMatrixElementRef ref="VTR:DistanceMatrixElement:965039to965044" version="1"/>
                    </DistanceMatrixElementPrice>
                  </prices>
                </DistanceMatrixElement>
                <DistanceMatrixElement id="VTR:DistanceMatrixElement:965040to965045" version="1">
                  <Name>Sakalinė II to Gaurė</Name>
                  <StartStopPointRef ref="VTR:ScheduledStopPoint:66021" version="1"/>
                  <EndStopPointRef ref="VTR:ScheduledStopPoint:66511" version="1"/>
                  <prices>
                    <DistanceMatrixElementPrice id="VTR:DistanceMatrixElementPrice:965040to965045" version="1">
                      <Amount>1.8</Amount>
                      <DistanceMatrixElementRef ref="VTR:DistanceMatrixElement:965040to965045" version="1"/>
                    </DistanceMatrixElementPrice>
                  </prices>
                </DistanceMatrixElement>
                <DistanceMatrixElement id="VTR:DistanceMatrixElement:965042to965044" version="1">
                  <Name>Fermos to Baltrušaičiai</Name>
                  <StartStopPointRef ref="VTR:ScheduledStopPoint:66506" version="1"/>
                  <EndStopPointRef ref="VTR:ScheduledStopPoint:66508" version="1"/>
                  <prices>
                    <DistanceMatrixElementPrice id="VTR:DistanceMatrixElementPrice:965042to965044" version="1">
                      <Amount>0.8</Amount>
                      <DistanceMatrixElementRef ref="VTR:DistanceMatrixElement:965042to965044" version="1"/>
                    </DistanceMatrixElementPrice>
                  </prices>
                </DistanceMatrixElement>
                <DistanceMatrixElement id="VTR:DistanceMatrixElement:965044to965045" version="1">
                  <Name>Baltrušaičiai to Gaurė</Name>
                  <StartStopPointRef ref="VTR:ScheduledStopPoint:66508" version="1"/>
                  <EndStopPointRef ref="VTR:ScheduledStopPoint:66511" version="1"/>
                  <prices>
                    <DistanceMatrixElementPrice id="VTR:DistanceMatrixElementPrice:965044to965045" version="1">
                      <Amount>0.8</Amount>
                      <DistanceMatrixElementRef ref="VTR:DistanceMatrixElement:965044to965045" version="1"/>
                    </DistanceMatrixElementPrice>
                  </prices>
                </DistanceMatrixElement>
                <DistanceMatrixElement id="VTR:DistanceMatrixElement:965036to965039" version="1">
                  <Name>Gaurė to Buveiniai</Name>
                  <StartStopPointRef ref="VTR:ScheduledStopPoint:66015" version="1"/>
                  <EndStopPointRef ref="VTR:ScheduledStopPoint:66020" version="1"/>
                  <prices>
                    <DistanceMatrixElementPrice id="VTR:DistanceMatrixElementPrice:965036to965039" version="1">
                      <Amount>1.4</Amount>
                      <DistanceMatrixElementRef ref="VTR:DistanceMatrixElement:965036to965039" version="1"/>
                    </DistanceMatrixElementPrice>
                  </prices>
                </DistanceMatrixElement>
                <DistanceMatrixElement id="VTR:DistanceMatrixElement:965036to965040" version="1">
                  <Name>Gaurė to Sakalinė II</Name>
                  <StartStopPointRef ref="VTR:ScheduledStopPoint:66015" version="1"/>
                  <EndStopPointRef ref="VTR:ScheduledStopPoint:66021" version="1"/>
                  <prices>
                    <DistanceMatrixElementPrice id="VTR:DistanceMatrixElementPrice:965036to965040" version="1">
                      <Amount>1.8</Amount>
                      <DistanceMatrixElementRef ref="VTR:DistanceMatrixElement:965036to965040" version="1"/>
                    </DistanceMatrixElementPrice>
                  </prices>
                </DistanceMatrixElement>
                <DistanceMatrixElement id="VTR:DistanceMatrixElement:965038to965039" version="1">
                  <Name>Eičiai to Buveiniai</Name>
                  <StartStopPointRef ref="VTR:ScheduledStopPoint:66019" version="1"/>
                  <EndStopPointRef ref="VTR:ScheduledStopPoint:66020" version="1"/>
                  <prices>
                    <DistanceMatrixElementPrice id="VTR:DistanceMatrixElementPrice:965038to965039" version="1">
                      <Amount>0.6</Amount>
                      <DistanceMatrixElementRef ref="VTR:DistanceMatrixElement:965038to965039" version="1"/>
                    </DistanceMatrixElementPrice>
                  </prices>
                </DistanceMatrixElement>
                <DistanceMatrixElement id="VTR:DistanceMatrixElement:965039to965040" version="1">
                  <Name>Buveiniai to Sakalinė II</Name>
                  <StartStopPointRef ref="VTR:ScheduledStopPoint:66020" version="1"/>
                  <EndStopPointRef ref="VTR:ScheduledStopPoint:66021" version="1"/>
                  <prices>
                    <DistanceMatrixElementPrice id="VTR:DistanceMatrixElementPrice:965039to965040" version="1">
                      <Amount>0.6</Amount>
                      <DistanceMatrixElementRef ref="VTR:DistanceMatrixElement:965039to965040" version="1"/>
                    </DistanceMatrixElementPrice>
                  </prices>
                </DistanceMatrixElement>
                <DistanceMatrixElement id="VTR:DistanceMatrixElement:965040to965043" version="1">
                  <Name>Sakalinė II to Meškai</Name>
                  <StartStopPointRef ref="VTR:ScheduledStopPoint:66021" version="1"/>
                  <EndStopPointRef ref="VTR:ScheduledStopPoint:66507" version="1"/>
                  <prices>
                    <DistanceMatrixElementPrice id="VTR:DistanceMatrixElementPrice:965040to965043" version="1">
                      <Amount>0.6</Amount>
                      <DistanceMatrixElementRef ref="VTR:DistanceMatrixElement:965040to965043" version="1"/>
                    </DistanceMatrixElementPrice>
                  </prices>
                </DistanceMatrixElement>
                <DistanceMatrixElement id="VTR:DistanceMatrixElement:965041to965043" version="1">
                  <Name>Sakalinė to Meškai</Name>
                  <StartStopPointRef ref="VTR:ScheduledStopPoint:66505" version="1"/>
                  <EndStopPointRef ref="VTR:ScheduledStopPoint:66507" version="1"/>
                  <prices>
                    <DistanceMatrixElementPrice id="VTR:DistanceMatrixElementPrice:965041to965043" version="1">
                      <Amount>0.6</Amount>
                      <DistanceMatrixElementRef ref="VTR:DistanceMatrixElement:965041to965043" version="1"/>
                    </DistanceMatrixElementPrice>
                  </prices>
                </DistanceMatrixElement>
                <DistanceMatrixElement id="VTR:DistanceMatrixElement:965041to965044" version="1">
                  <Name>Sakalinė to Baltrušaičiai</Name>
                  <StartStopPointRef ref="VTR:ScheduledStopPoint:66505" version="1"/>
                  <EndStopPointRef ref="VTR:ScheduledStopPoint:66508" version="1"/>
                  <prices>
                    <DistanceMatrixElementPrice id="VTR:DistanceMatrixElementPrice:965041to965044" version="1">
                      <Amount>1.0</Amount>
                      <DistanceMatrixElementRef ref="VTR:DistanceMatrixElement:965041to965044" version="1"/>
                    </DistanceMatrixElementPrice>
                  </prices>
                </DistanceMatrixElement>
                <DistanceMatrixElement id="VTR:DistanceMatrixElement:965041to965045" version="1">
                  <Name>Sakalinė to Gaurė</Name>
                  <StartStopPointRef ref="VTR:ScheduledStopPoint:66505" version="1"/>
                  <EndStopPointRef ref="VTR:ScheduledStopPoint:66511" version="1"/>
                  <prices>
                    <DistanceMatrixElementPrice id="VTR:DistanceMatrixElementPrice:965041to965045" version="1">
                      <Amount>1.8</Amount>
                      <DistanceMatrixElementRef ref="VTR:DistanceMatrixElement:965041to965045" version="1"/>
                    </DistanceMatrixElementPrice>
                  </prices>
                </DistanceMatrixElement>
                <DistanceMatrixElement id="VTR:DistanceMatrixElement:965036to965041" version="1">
                  <Name>Gaurė to Sakalinė</Name>
                  <StartStopPointRef ref="VTR:ScheduledStopPoint:66015" version="1"/>
                  <EndStopPointRef ref="VTR:ScheduledStopPoint:66505" version="1"/>
                  <prices>
                    <DistanceMatrixElementPrice id="VTR:DistanceMatrixElementPrice:965036to965041" version="1">
                      <Amount>1.8</Amount>
                      <DistanceMatrixElementRef ref="VTR:DistanceMatrixElement:965036to965041" version="1"/>
                    </DistanceMatrixElementPrice>
                  </prices>
                </DistanceMatrixElement>
                <DistanceMatrixElement id="VTR:DistanceMatrixElement:965037to965038" version="1">
                  <Name>Laukėsa to Eičiai</Name>
                  <StartStopPointRef ref="VTR:ScheduledStopPoint:66018" version="1"/>
                  <EndStopPointRef ref="VTR:ScheduledStopPoint:66019" version="1"/>
                  <prices>
                    <DistanceMatrixElementPrice id="VTR:DistanceMatrixElementPrice:965037to965038" version="1">
                      <Amount>0.6</Amount>
                      <DistanceMatrixElementRef ref="VTR:DistanceMatrixElement:965037to965038" version="1"/>
                    </DistanceMatrixElementPrice>
                  </prices>
                </DistanceMatrixElement>
                <DistanceMatrixElement id="VTR:DistanceMatrixElement:965037to965042" version="1">
                  <Name>Laukėsa to Fermos</Name>
                  <StartStopPointRef ref="VTR:ScheduledStopPoint:66018" version="1"/>
                  <EndStopPointRef ref="VTR:ScheduledStopPoint:66506" version="1"/>
                  <prices>
                    <DistanceMatrixElementPrice id="VTR:DistanceMatrixElementPrice:965037to965042" version="1">
                      <Amount>0.9</Amount>
                      <DistanceMatrixElementRef ref="VTR:DistanceMatrixElement:965037to965042" version="1"/>
                    </DistanceMatrixElementPrice>
                  </prices>
                </DistanceMatrixElement>
                <DistanceMatrixElement id="VTR:DistanceMatrixElement:965038to965043" version="1">
                  <Name>Eičiai to Meškai</Name>
                  <StartStopPointRef ref="VTR:ScheduledStopPoint:66019" version="1"/>
                  <EndStopPointRef ref="VTR:ScheduledStopPoint:66507" version="1"/>
                  <prices>
                    <DistanceMatrixElementPrice id="VTR:DistanceMatrixElementPrice:965038to965043" version="1">
                      <Amount>1.3</Amount>
                      <DistanceMatrixElementRef ref="VTR:DistanceMatrixElement:965038to965043" version="1"/>
                    </DistanceMatrixElementPrice>
                  </prices>
                </DistanceMatrixElement>
                <DistanceMatrixElement id="VTR:DistanceMatrixElement:965038to965044" version="1">
                  <Name>Eičiai to Baltrušaičiai</Name>
                  <StartStopPointRef ref="VTR:ScheduledStopPoint:66019" version="1"/>
                  <EndStopPointRef ref="VTR:ScheduledStopPoint:66508" version="1"/>
                  <prices>
                    <DistanceMatrixElementPrice id="VTR:DistanceMatrixElementPrice:965038to965044" version="1">
                      <Amount>1.6</Amount>
                      <DistanceMatrixElementRef ref="VTR:DistanceMatrixElement:965038to965044" version="1"/>
                    </DistanceMatrixElementPrice>
                  </prices>
                </DistanceMatrixElement>
                <DistanceMatrixElement id="VTR:DistanceMatrixElement:965039to965042" version="1">
                  <Name>Buveiniai to Fermos</Name>
                  <StartStopPointRef ref="VTR:ScheduledStopPoint:66020" version="1"/>
                  <EndStopPointRef ref="VTR:ScheduledStopPoint:66506" version="1"/>
                  <prices>
                    <DistanceMatrixElementPrice id="VTR:DistanceMatrixElementPrice:965039to965042" version="1">
                      <Amount>0.6</Amount>
                      <DistanceMatrixElementRef ref="VTR:DistanceMatrixElement:965039to965042" version="1"/>
                    </DistanceMatrixElementPrice>
                  </prices>
                </DistanceMatrixElement>
                <DistanceMatrixElement id="VTR:DistanceMatrixElement:965036to965038" version="1">
                  <Name>Gaurė to Eičiai</Name>
                  <StartStopPointRef ref="VTR:ScheduledStopPoint:66015" version="1"/>
                  <EndStopPointRef ref="VTR:ScheduledStopPoint:66019" version="1"/>
                  <prices>
                    <DistanceMatrixElementPrice id="VTR:DistanceMatrixElementPrice:965036to965038" version="1">
                      <Amount>1.2</Amount>
                      <DistanceMatrixElementRef ref="VTR:DistanceMatrixElement:965036to965038" version="1"/>
                    </DistanceMatrixElementPrice>
                  </prices>
                </DistanceMatrixElement>
                <DistanceMatrixElement id="VTR:DistanceMatrixElement:965038to965045" version="1">
                  <Name>Eičiai to Gaurė</Name>
                  <StartStopPointRef ref="VTR:ScheduledStopPoint:66019" version="1"/>
                  <EndStopPointRef ref="VTR:ScheduledStopPoint:66511" version="1"/>
                  <prices>
                    <DistanceMatrixElementPrice id="VTR:DistanceMatrixElementPrice:965038to965045" version="1">
                      <Amount>2.4</Amount>
                      <DistanceMatrixElementRef ref="VTR:DistanceMatrixElement:965038to965045" version="1"/>
                    </DistanceMatrixElementPrice>
                  </prices>
                </DistanceMatrixElement>
                <DistanceMatrixElement id="VTR:DistanceMatrixElement:965039to965045" version="1">
                  <Name>Buveiniai to Gaurė</Name>
                  <StartStopPointRef ref="VTR:ScheduledStopPoint:66020" version="1"/>
                  <EndStopPointRef ref="VTR:ScheduledStopPoint:66511" version="1"/>
                  <prices>
                    <DistanceMatrixElementPrice id="VTR:DistanceMatrixElementPrice:965039to965045" version="1">
                      <Amount>2.2</Amount>
                      <DistanceMatrixElementRef ref="VTR:DistanceMatrixElement:965039to965045" version="1"/>
                    </DistanceMatrixElementPrice>
                  </prices>
                </DistanceMatrixElement>
                <DistanceMatrixElement id="VTR:DistanceMatrixElement:965040to965041" version="1">
                  <Name>Sakalinė II to Sakalinė</Name>
                  <StartStopPointRef ref="VTR:ScheduledStopPoint:66021" version="1"/>
                  <EndStopPointRef ref="VTR:ScheduledStopPoint:66505" version="1"/>
                  <prices>
                    <DistanceMatrixElementPrice id="VTR:DistanceMatrixElementPrice:965040to965041" version="1">
                      <Amount>0.6</Amount>
                      <DistanceMatrixElementRef ref="VTR:DistanceMatrixElement:965040to965041" version="1"/>
                    </DistanceMatrixElementPrice>
                  </prices>
                </DistanceMatrixElement>
                <DistanceMatrixElement id="VTR:DistanceMatrixElement:965042to965045" version="1">
                  <Name>Fermos to Gaurė</Name>
                  <StartStopPointRef ref="VTR:ScheduledStopPoint:66506" version="1"/>
                  <EndStopPointRef ref="VTR:ScheduledStopPoint:66511" version="1"/>
                  <prices>
                    <DistanceMatrixElementPrice id="VTR:DistanceMatrixElementPrice:965042to965045" version="1">
                      <Amount>1.6</Amount>
                      <DistanceMatrixElementRef ref="VTR:DistanceMatrixElement:965042to965045" version="1"/>
                    </DistanceMatrixElementPrice>
                  </prices>
                </DistanceMatrixElement>
                <DistanceMatrixElement id="VTR:DistanceMatrixElement:965037to965044" version="1">
                  <Name>Laukėsa to Baltrušaičiai</Name>
                  <StartStopPointRef ref="VTR:ScheduledStopPoint:66018" version="1"/>
                  <EndStopPointRef ref="VTR:ScheduledStopPoint:66508" version="1"/>
                  <prices>
                    <DistanceMatrixElementPrice id="VTR:DistanceMatrixElementPrice:965037to965044" version="1">
                      <Amount>1.7</Amount>
                      <DistanceMatrixElementRef ref="VTR:DistanceMatrixElement:965037to965044" version="1"/>
                    </DistanceMatrixElementPrice>
                  </prices>
                </DistanceMatrixElement>
                <DistanceMatrixElement id="VTR:DistanceMatrixElement:965038to965041" version="1">
                  <Name>Eičiai to Sakalinė</Name>
                  <StartStopPointRef ref="VTR:ScheduledStopPoint:66019" version="1"/>
                  <EndStopPointRef ref="VTR:ScheduledStopPoint:66505" version="1"/>
                  <prices>
                    <DistanceMatrixElementPrice id="VTR:DistanceMatrixElementPrice:965038to965041" version="1">
                      <Amount>0.6</Amount>
                      <DistanceMatrixElementRef ref="VTR:DistanceMatrixElement:965038to965041" version="1"/>
                    </DistanceMatrixElementPrice>
                  </prices>
                </DistanceMatrixElement>
                <DistanceMatrixElement id="VTR:DistanceMatrixElement:965040to965042" version="1">
                  <Name>Sakalinė II to Fermos</Name>
                  <StartStopPointRef ref="VTR:ScheduledStopPoint:66021" version="1"/>
                  <EndStopPointRef ref="VTR:ScheduledStopPoint:66506" version="1"/>
                  <prices>
                    <DistanceMatrixElementPrice id="VTR:DistanceMatrixElementPrice:965040to965042" version="1">
                      <Amount>0.6</Amount>
                      <DistanceMatrixElementRef ref="VTR:DistanceMatrixElement:965040to965042" version="1"/>
                    </DistanceMatrixElementPrice>
                  </prices>
                </DistanceMatrixElement>
                <DistanceMatrixElement id="VTR:DistanceMatrixElement:965040to965044" version="1">
                  <Name>Sakalinė II to Baltrušaičiai</Name>
                  <StartStopPointRef ref="VTR:ScheduledStopPoint:66021" version="1"/>
                  <EndStopPointRef ref="VTR:ScheduledStopPoint:66508" version="1"/>
                  <prices>
                    <DistanceMatrixElementPrice id="VTR:DistanceMatrixElementPrice:965040to965044" version="1">
                      <Amount>1.0</Amount>
                      <DistanceMatrixElementRef ref="VTR:DistanceMatrixElement:965040to965044" version="1"/>
                    </DistanceMatrixElementPrice>
                  </prices>
                </DistanceMatrixElement>
                <DistanceMatrixElement id="VTR:DistanceMatrixElement:965043to965045" version="1">
                  <Name>Meškai to Gaurė</Name>
                  <StartStopPointRef ref="VTR:ScheduledStopPoint:66507" version="1"/>
                  <EndStopPointRef ref="VTR:ScheduledStopPoint:66511" version="1"/>
                  <prices>
                    <DistanceMatrixElementPrice id="VTR:DistanceMatrixElementPrice:965043to965045" version="1">
                      <Amount>1.2</Amount>
                      <DistanceMatrixElementRef ref="VTR:DistanceMatrixElement:965043to965045" version="1"/>
                    </DistanceMatrixElementPrice>
                  </prices>
                </DistanceMatrixElement>
                <DistanceMatrixElement id="VTR:DistanceMatrixElement:965036to965042" version="1">
                  <Name>Gaurė to Fermos</Name>
                  <StartStopPointRef ref="VTR:ScheduledStopPoint:66015" version="1"/>
                  <EndStopPointRef ref="VTR:ScheduledStopPoint:66506" version="1"/>
                  <prices>
                    <DistanceMatrixElementPrice id="VTR:DistanceMatrixElementPrice:965036to965042" version="1">
                      <Amount>2.0</Amount>
                      <DistanceMatrixElementRef ref="VTR:DistanceMatrixElement:965036to965042" version="1"/>
                    </DistanceMatrixElementPrice>
                  </prices>
                </DistanceMatrixElement>
                <DistanceMatrixElement id="VTR:DistanceMatrixElement:965036to965043" version="1">
                  <Name>Gaurė to Meškai</Name>
                  <StartStopPointRef ref="VTR:ScheduledStopPoint:66015" version="1"/>
                  <EndStopPointRef ref="VTR:ScheduledStopPoint:66507" version="1"/>
                  <prices>
                    <DistanceMatrixElementPrice id="VTR:DistanceMatrixElementPrice:965036to965043" version="1">
                      <Amount>2.4</Amount>
                      <DistanceMatrixElementRef ref="VTR:DistanceMatrixElement:965036to965043" version="1"/>
                    </DistanceMatrixElementPrice>
                  </prices>
                </DistanceMatrixElement>
                <DistanceMatrixElement id="VTR:DistanceMatrixElement:965037to965043" version="1">
                  <Name>Laukėsa to Meškai</Name>
                  <StartStopPointRef ref="VTR:ScheduledStopPoint:66018" version="1"/>
                  <EndStopPointRef ref="VTR:ScheduledStopPoint:66507" version="1"/>
                  <prices>
                    <DistanceMatrixElementPrice id="VTR:DistanceMatrixElementPrice:965037to965043" version="1">
                      <Amount>1.4</Amount>
                      <DistanceMatrixElementRef ref="VTR:DistanceMatrixElement:965037to965043" version="1"/>
                    </DistanceMatrixElementPrice>
                  </prices>
                </DistanceMatrixElement>
                <DistanceMatrixElement id="VTR:DistanceMatrixElement:965037to965045" version="1">
                  <Name>Laukėsa to Gaurė</Name>
                  <StartStopPointRef ref="VTR:ScheduledStopPoint:66018" version="1"/>
                  <EndStopPointRef ref="VTR:ScheduledStopPoint:66511" version="1"/>
                  <prices>
                    <DistanceMatrixElementPrice id="VTR:DistanceMatrixElementPrice:965037to965045" version="1">
                      <Amount>2.5</Amount>
                      <DistanceMatrixElementRef ref="VTR:DistanceMatrixElement:965037to965045" version="1"/>
                    </DistanceMatrixElementPrice>
                  </prices>
                </DistanceMatrixElement>
                <DistanceMatrixElement id="VTR:DistanceMatrixElement:965039to965041" version="1">
                  <Name>Buveiniai to Sakalinė</Name>
                  <StartStopPointRef ref="VTR:ScheduledStopPoint:66020" version="1"/>
                  <EndStopPointRef ref="VTR:ScheduledStopPoint:66505" version="1"/>
                  <prices>
                    <DistanceMatrixElementPrice id="VTR:DistanceMatrixElementPrice:965039to965041" version="1">
                      <Amount>0.6</Amount>
                      <DistanceMatrixElementRef ref="VTR:DistanceMatrixElement:965039to965041" version="1"/>
                    </DistanceMatrixElementPrice>
                  </prices>
                </DistanceMatrixElement>
                <DistanceMatrixElement id="VTR:DistanceMatrixElement:965039to965043" version="1">
                  <Name>Buveiniai to Meškai</Name>
                  <StartStopPointRef ref="VTR:ScheduledStopPoint:66020" version="1"/>
                  <EndStopPointRef ref="VTR:ScheduledStopPoint:66507" version="1"/>
                  <prices>
                    <DistanceMatrixElementPrice id="VTR:DistanceMatrixElementPrice:965039to965043" version="1">
                      <Amount>1.1</Amount>
                      <DistanceMatrixElementRef ref="VTR:DistanceMatrixElement:965039to965043" version="1"/>
                    </DistanceMatrixElementPrice>
                  </prices>
                </DistanceMatrixElement>
                <DistanceMatrixElement id="VTR:DistanceMatrixElement:965041to965042" version="1">
                  <Name>Sakalinė to Fermos</Name>
                  <StartStopPointRef ref="VTR:ScheduledStopPoint:66505" version="1"/>
                  <EndStopPointRef ref="VTR:ScheduledStopPoint:66506" version="1"/>
                  <prices>
                    <DistanceMatrixElementPrice id="VTR:DistanceMatrixElementPrice:965041to965042" version="1">
                      <Amount>0.6</Amount>
                      <DistanceMatrixElementRef ref="VTR:DistanceMatrixElement:965041to965042" version="1"/>
                    </DistanceMatrixElementPrice>
                  </prices>
                </DistanceMatrixElement>
                <DistanceMatrixElement id="VTR:DistanceMatrixElement:965036to965045" version="1">
                  <Name>Gaurė to Gaurė</Name>
                  <StartStopPointRef ref="VTR:ScheduledStopPoint:66015" version="1"/>
                  <EndStopPointRef ref="VTR:ScheduledStopPoint:66511" version="1"/>
                  <prices>
                    <DistanceMatrixElementPrice id="VTR:DistanceMatrixElementPrice:965036to965045" version="1">
                      <Amount>3.5</Amount>
                      <DistanceMatrixElementRef ref="VTR:DistanceMatrixElement:965036to965045" version="1"/>
                    </DistanceMatrixElementPrice>
                  </prices>
                </DistanceMatrixElement>
                <DistanceMatrixElement id="VTR:DistanceMatrixElement:965037to965040" version="1">
                  <Name>Laukėsa to Sakalinė II</Name>
                  <StartStopPointRef ref="VTR:ScheduledStopPoint:66018" version="1"/>
                  <EndStopPointRef ref="VTR:ScheduledStopPoint:66021" version="1"/>
                  <prices>
                    <DistanceMatrixElementPrice id="VTR:DistanceMatrixElementPrice:965037to965040" version="1">
                      <Amount>0.7</Amount>
                      <DistanceMatrixElementRef ref="VTR:DistanceMatrixElement:965037to965040" version="1"/>
                    </DistanceMatrixElementPrice>
                  </prices>
                </DistanceMatrixElement>
                <DistanceMatrixElement id="VTR:DistanceMatrixElement:965038to965040" version="1">
                  <Name>Eičiai to Sakalinė II</Name>
                  <StartStopPointRef ref="VTR:ScheduledStopPoint:66019" version="1"/>
                  <EndStopPointRef ref="VTR:ScheduledStopPoint:66021" version="1"/>
                  <prices>
                    <DistanceMatrixElementPrice id="VTR:DistanceMatrixElementPrice:965038to965040" version="1">
                      <Amount>0.6</Amount>
                      <DistanceMatrixElementRef ref="VTR:DistanceMatrixElement:965038to965040" version="1"/>
                    </DistanceMatrixElementPrice>
                  </prices>
                </DistanceMatrixElement>
                <DistanceMatrixElement id="VTR:DistanceMatrixElement:965038to965042" version="1">
                  <Name>Eičiai to Fermos</Name>
                  <StartStopPointRef ref="VTR:ScheduledStopPoint:66019" version="1"/>
                  <EndStopPointRef ref="VTR:ScheduledStopPoint:66506" version="1"/>
                  <prices>
                    <DistanceMatrixElementPrice id="VTR:DistanceMatrixElementPrice:965038to965042" version="1">
                      <Amount>0.8</Amount>
                      <DistanceMatrixElementRef ref="VTR:DistanceMatrixElement:965038to965042" version="1"/>
                    </DistanceMatrixElementPrice>
                  </prices>
                </DistanceMatrixElement>
                <DistanceMatrixElement id="VTR:DistanceMatrixElement:965037to965039" version="1">
                  <Name>Laukėsa to Buveiniai</Name>
                  <StartStopPointRef ref="VTR:ScheduledStopPoint:66018" version="1"/>
                  <EndStopPointRef ref="VTR:ScheduledStopPoint:66020" version="1"/>
                  <prices>
                    <DistanceMatrixElementPrice id="VTR:DistanceMatrixElementPrice:965037to965039" version="1">
                      <Amount>0.6</Amount>
                      <DistanceMatrixElementRef ref="VTR:DistanceMatrixElement:965037to965039" version="1"/>
                    </DistanceMatrixElementPrice>
                  </prices>
                </DistanceMatrixElement>
              </distanceMatrixElements>
            </Tariff>
          </tariffs>
          <usageParameters>
            <FrequencyOfUse id="VTR:FrequencyOfUse:oneTrip" version="1">
              <FrequencyOfUseType>unlimited</FrequencyOfUseType>
              <MaximalFrequency>1</MaximalFrequency>
            </FrequencyOfUse>
          </usageParameters>
        </FareFrame>
      </frames>
    </CompositeFrame>
  </dataObjects>
</PublicationDelivery>
