<?xml version="1.0" encoding="UTF-8"?><PublicationDelivery xmlns="http://www.netex.org.uk/netex" xmlns:gis="http://www.opengis.net/gml/3.2" xmlns:ns2="http://www.opengis.net/gml/3.2" xmlns:ns3="http://www.siri.org.uk/siri" xmlns:xsi="http://www.w3.org/2001/XMLSchema-instance" version="1" xsi:schemaLocation="">
  <PublicationTimestamp>2022-05-07T01:00:00.526</PublicationTimestamp>
  <ParticipantRef>VTR</ParticipantRef>
  <Description>1</Description>
  <dataObjects>
    <CompositeFrame created="2022-05-07T01:00:00.526" version="1" id="VTR:CompositeFrame:1353">
      <validityConditions>
        <AvailabilityCondition version="1" id="VTR:AvailabilityCondition:1353">
          <FromDate>2015-07-24T17:42:48</FromDate>
          <ToDate>2022-09-07T00:00:00</ToDate>
        </AvailabilityCondition>
      </validityConditions>
      <codespaces>
        <Codespace id="vtr">
          <Xmlns>VTR</Xmlns>
          <XmlnsUrl>http://www.visimarsrutai.lt/</XmlnsUrl>
        </Codespace>
      </codespaces>
      <FrameDefaults>
        <DefaultLocale>
          <TimeZone>Europe/Vilnius</TimeZone>
        </DefaultLocale>
        <DefaultLocationSystem>WGS84</DefaultLocationSystem>
      </FrameDefaults>
      <frames>
        <ServiceCalendarFrame version="1" id="VTR:ServiceCalendarFrame:1353">
          <dayTypes>
            <DayType id="VTR:DayType:840" version="1">
              <properties>
                <PropertyOfDay>
                  <DaysOfWeek>Monday Tuesday Wednesday Thursday Friday</DaysOfWeek>
                </PropertyOfDay>
              </properties>
            </DayType>
          </dayTypes>
          <operatingPeriods>
            <OperatingPeriod version="1" id="VTR:OperatingPeriod:840">
              <FromDate>2016-07-02T00:00:00</FromDate>
              <ToDate>2022-09-07T00:00:00</ToDate>
            </OperatingPeriod>
          </operatingPeriods>
          <dayTypeAssignments>
            <DayTypeAssignment id="VTR:DayTypeAssignment:840_0" version="1" order="994">
              <OperatingPeriodRef ref="VTR:OperatingPeriod:840" version="1"/>
              <DayTypeRef ref="VTR:DayType:840" version="1"/>
            </DayTypeAssignment>
            <DayTypeAssignment id="VTR:DayTypeAssignment:840_928441" version="1" order="11116">
              <Date>2022-08-15</Date>
              <DayTypeRef ref="VTR:DayType:840" version="1"/>
            </DayTypeAssignment>
            <DayTypeAssignment id="VTR:DayTypeAssignment:840_931017" version="1" order="11117">
              <Date>2022-12-26</Date>
              <DayTypeRef ref="VTR:DayType:840" version="1"/>
            </DayTypeAssignment>
            <DayTypeAssignment id="VTR:DayTypeAssignment:840_941841" version="1" order="11118">
              <Date>2023-02-16</Date>
              <DayTypeRef ref="VTR:DayType:840" version="1"/>
            </DayTypeAssignment>
            <DayTypeAssignment id="VTR:DayTypeAssignment:840_901229" version="1" order="11133">
              <Date>2022-07-06</Date>
              <DayTypeRef ref="VTR:DayType:840" version="1"/>
            </DayTypeAssignment>
            <DayTypeAssignment id="VTR:DayTypeAssignment:840_931016" version="1" order="11134">
              <Date>2022-12-24</Date>
              <DayTypeRef ref="VTR:DayType:840" version="1"/>
            </DayTypeAssignment>
            <DayTypeAssignment id="VTR:DayTypeAssignment:840_935212" version="1" order="11135">
              <Date>2023-01-01</Date>
              <DayTypeRef ref="VTR:DayType:840" version="1"/>
            </DayTypeAssignment>
            <DayTypeAssignment id="VTR:DayTypeAssignment:840_931015" version="1" order="11150">
              <Date>2022-12-25</Date>
              <DayTypeRef ref="VTR:DayType:840" version="1"/>
            </DayTypeAssignment>
            <DayTypeAssignment id="VTR:DayTypeAssignment:840_946272" version="1" order="11166">
              <Date>2023-03-11</Date>
              <DayTypeRef ref="VTR:DayType:840" version="1"/>
            </DayTypeAssignment>
            <DayTypeAssignment id="VTR:DayTypeAssignment:840_882377" version="1" order="11167">
              <Date>2022-05-01</Date>
              <DayTypeRef ref="VTR:DayType:840" version="1"/>
            </DayTypeAssignment>
            <DayTypeAssignment id="VTR:DayTypeAssignment:840_928440" version="1" order="11181">
              <Date>2022-11-01</Date>
              <DayTypeRef ref="VTR:DayType:840" version="1"/>
            </DayTypeAssignment>
            <DayTypeAssignment id="VTR:DayTypeAssignment:840_953414" version="1" order="11200">
              <Date>2023-05-01</Date>
              <DayTypeRef ref="VTR:DayType:840" version="1"/>
            </DayTypeAssignment>
            <DayTypeAssignment id="VTR:DayTypeAssignment:840_895249" version="1" order="11201">
              <Date>2022-06-24</Date>
              <DayTypeRef ref="VTR:DayType:840" version="1"/>
            </DayTypeAssignment>
          </dayTypeAssignments>
        </ServiceCalendarFrame>
        <ServiceFrame id="VTR:ServiceFrame:1353" version="1">
          <Network version="0" id="VTR:Network:30"/>
          <routePoints>
            <RoutePoint version="1" id="VTR:RoutePoint:527547">
              <projections>
                <PointProjection version="1" id="VTR:PointProjection:7154">
                  <ProjectedPointRef ref="VTR:ScheduledStopPoint:527547" version="1"/>
                </PointProjection>
              </projections>
            </RoutePoint>
            <RoutePoint version="1" id="VTR:RoutePoint:527548">
              <projections>
                <PointProjection version="1" id="VTR:PointProjection:7155">
                  <ProjectedPointRef ref="VTR:ScheduledStopPoint:527548" version="1"/>
                </PointProjection>
              </projections>
            </RoutePoint>
            <RoutePoint version="1" id="VTR:RoutePoint:527549">
              <projections>
                <PointProjection version="1" id="VTR:PointProjection:7156">
                  <ProjectedPointRef ref="VTR:ScheduledStopPoint:527549" version="1"/>
                </PointProjection>
              </projections>
            </RoutePoint>
            <RoutePoint version="1" id="VTR:RoutePoint:527550">
              <projections>
                <PointProjection version="1" id="VTR:PointProjection:7157">
                  <ProjectedPointRef ref="VTR:ScheduledStopPoint:527550" version="1"/>
                </PointProjection>
              </projections>
            </RoutePoint>
            <RoutePoint version="1" id="VTR:RoutePoint:527551">
              <projections>
                <PointProjection version="1" id="VTR:PointProjection:7158">
                  <ProjectedPointRef ref="VTR:ScheduledStopPoint:527551" version="1"/>
                </PointProjection>
              </projections>
            </RoutePoint>
            <RoutePoint version="1" id="VTR:RoutePoint:527552">
              <projections>
                <PointProjection version="1" id="VTR:PointProjection:7159">
                  <ProjectedPointRef ref="VTR:ScheduledStopPoint:527552" version="1"/>
                </PointProjection>
              </projections>
            </RoutePoint>
            <RoutePoint version="1" id="VTR:RoutePoint:527553">
              <projections>
                <PointProjection version="1" id="VTR:PointProjection:7160">
                  <ProjectedPointRef ref="VTR:ScheduledStopPoint:527553" version="1"/>
                </PointProjection>
              </projections>
            </RoutePoint>
            <RoutePoint version="1" id="VTR:RoutePoint:527554">
              <projections>
                <PointProjection version="1" id="VTR:PointProjection:7161">
                  <ProjectedPointRef ref="VTR:ScheduledStopPoint:527554" version="1"/>
                </PointProjection>
              </projections>
            </RoutePoint>
            <RoutePoint version="1" id="VTR:RoutePoint:527555">
              <projections>
                <PointProjection version="1" id="VTR:PointProjection:7162">
                  <ProjectedPointRef ref="VTR:ScheduledStopPoint:527555" version="1"/>
                </PointProjection>
              </projections>
            </RoutePoint>
            <RoutePoint version="1" id="VTR:RoutePoint:527556">
              <projections>
                <PointProjection version="1" id="VTR:PointProjection:7163">
                  <ProjectedPointRef ref="VTR:ScheduledStopPoint:527556" version="1"/>
                </PointProjection>
              </projections>
            </RoutePoint>
            <RoutePoint version="1" id="VTR:RoutePoint:527557">
              <projections>
                <PointProjection version="1" id="VTR:PointProjection:7164">
                  <ProjectedPointRef ref="VTR:ScheduledStopPoint:527557" version="1"/>
                </PointProjection>
              </projections>
            </RoutePoint>
            <RoutePoint version="1" id="VTR:RoutePoint:527558">
              <projections>
                <PointProjection version="1" id="VTR:PointProjection:5955">
                  <ProjectedPointRef ref="VTR:ScheduledStopPoint:527558" version="1"/>
                </PointProjection>
              </projections>
            </RoutePoint>
            <RoutePoint version="1" id="VTR:RoutePoint:527559">
              <projections>
                <PointProjection version="1" id="VTR:PointProjection:6646">
                  <ProjectedPointRef ref="VTR:ScheduledStopPoint:527559" version="1"/>
                </PointProjection>
              </projections>
            </RoutePoint>
            <RoutePoint version="1" id="VTR:RoutePoint:527560">
              <projections>
                <PointProjection version="1" id="VTR:PointProjection:6647">
                  <ProjectedPointRef ref="VTR:ScheduledStopPoint:527560" version="1"/>
                </PointProjection>
              </projections>
            </RoutePoint>
          </routePoints>
          <routes>
            <Route version="1" id="VTR:Route:12184">
              <Name>AS-AP</Name>
              <ShortName>AS-AP</ShortName>
              <LineRef ref="VTR:Line:1384" version="5104"/>
              <DirectionType>outbound</DirectionType>
              <pointsInSequence>
                <PointOnRoute version="1" id="VTR:PointOnRoute:527560" order="1">
                  <RoutePointRef ref="VTR:RoutePoint:527560"/>
                </PointOnRoute>
                <PointOnRoute version="1" id="VTR:PointOnRoute:527553" order="2">
                  <RoutePointRef ref="VTR:RoutePoint:527553"/>
                </PointOnRoute>
                <PointOnRoute version="1" id="VTR:PointOnRoute:527554" order="3">
                  <RoutePointRef ref="VTR:RoutePoint:527554"/>
                </PointOnRoute>
                <PointOnRoute version="1" id="VTR:PointOnRoute:527555" order="4">
                  <RoutePointRef ref="VTR:RoutePoint:527555"/>
                </PointOnRoute>
                <PointOnRoute version="1" id="VTR:PointOnRoute:527556" order="5">
                  <RoutePointRef ref="VTR:RoutePoint:527556"/>
                </PointOnRoute>
                <PointOnRoute version="1" id="VTR:PointOnRoute:527557" order="6">
                  <RoutePointRef ref="VTR:RoutePoint:527557"/>
                </PointOnRoute>
                <PointOnRoute version="1" id="VTR:PointOnRoute:527558" order="7">
                  <RoutePointRef ref="VTR:RoutePoint:527558"/>
                </PointOnRoute>
                <PointOnRoute version="1" id="VTR:PointOnRoute:527559" order="8">
                  <RoutePointRef ref="VTR:RoutePoint:527559"/>
                </PointOnRoute>
              </pointsInSequence>
            </Route>
            <Route version="1" id="VTR:Route:12183">
              <Name>AP-AS</Name>
              <ShortName>AP-AS</ShortName>
              <LineRef ref="VTR:Line:1384" version="5104"/>
              <DirectionType>inbound</DirectionType>
              <pointsInSequence>
                <PointOnRoute version="1" id="VTR:PointOnRoute:527547" order="1">
                  <RoutePointRef ref="VTR:RoutePoint:527547"/>
                </PointOnRoute>
                <PointOnRoute version="1" id="VTR:PointOnRoute:527548" order="2">
                  <RoutePointRef ref="VTR:RoutePoint:527548"/>
                </PointOnRoute>
                <PointOnRoute version="1" id="VTR:PointOnRoute:527549" order="3">
                  <RoutePointRef ref="VTR:RoutePoint:527549"/>
                </PointOnRoute>
                <PointOnRoute version="1" id="VTR:PointOnRoute:527550" order="4">
                  <RoutePointRef ref="VTR:RoutePoint:527550"/>
                </PointOnRoute>
                <PointOnRoute version="1" id="VTR:PointOnRoute:527551" order="5">
                  <RoutePointRef ref="VTR:RoutePoint:527551"/>
                </PointOnRoute>
                <PointOnRoute version="1" id="VTR:PointOnRoute:527552" order="6">
                  <RoutePointRef ref="VTR:RoutePoint:527552"/>
                </PointOnRoute>
              </pointsInSequence>
            </Route>
          </routes>
          <lines>
            <Line version="5104" id="VTR:Line:1384">
              <Name>Mikrorajonas-Pramonės g.</Name>
              <TransportMode>bus</TransportMode>
              <TransportSubmode>
                <BusSubmode>localBus</BusSubmode>
              </TransportSubmode>
              <PublicCode>2</PublicCode>
              <OperatorRef ref="VTR:Operator:30"/>
            </Line>
          </lines>
          <scheduledStopPoints>
            <ScheduledStopPoint version="1" id="VTR:ScheduledStopPoint:527547">
              <Name>Autobusų parkas</Name>
            </ScheduledStopPoint>
            <ScheduledStopPoint version="1" id="VTR:ScheduledStopPoint:527548">
              <Name>Grūdai</Name>
            </ScheduledStopPoint>
            <ScheduledStopPoint version="1" id="VTR:ScheduledStopPoint:527549">
              <Name>Pieninė (Senukai)</Name>
            </ScheduledStopPoint>
            <ScheduledStopPoint version="1" id="VTR:ScheduledStopPoint:527550">
              <Name>Mikrorajonas</Name>
            </ScheduledStopPoint>
            <ScheduledStopPoint version="1" id="VTR:ScheduledStopPoint:527551">
              <Name>IKI</Name>
            </ScheduledStopPoint>
            <ScheduledStopPoint version="1" id="VTR:ScheduledStopPoint:527552">
              <Name>Autobusų stotis</Name>
            </ScheduledStopPoint>
            <ScheduledStopPoint version="1" id="VTR:ScheduledStopPoint:527553">
              <Name>Maxima</Name>
            </ScheduledStopPoint>
            <ScheduledStopPoint version="1" id="VTR:ScheduledStopPoint:527554">
              <Name>Mikrorajonas</Name>
            </ScheduledStopPoint>
            <ScheduledStopPoint version="1" id="VTR:ScheduledStopPoint:527555">
              <Name>Pieninė (Senukai)</Name>
            </ScheduledStopPoint>
            <ScheduledStopPoint version="1" id="VTR:ScheduledStopPoint:527556">
              <Name>Susivienijimas</Name>
            </ScheduledStopPoint>
            <ScheduledStopPoint version="1" id="VTR:ScheduledStopPoint:527557">
              <Name>Grūdai</Name>
            </ScheduledStopPoint>
            <ScheduledStopPoint version="1" id="VTR:ScheduledStopPoint:527558">
              <Name>Bazės</Name>
            </ScheduledStopPoint>
            <ScheduledStopPoint version="1" id="VTR:ScheduledStopPoint:527559">
              <Name>Autobusų parkas</Name>
            </ScheduledStopPoint>
            <ScheduledStopPoint version="1" id="VTR:ScheduledStopPoint:527560">
              <Name>Autobusų stotis</Name>
            </ScheduledStopPoint>
          </scheduledStopPoints>
          <serviceLinks>
            <ServiceLink id="VTR:ServiceLink:527548_1_527549_1" version="1">
              <Distance>1</Distance>
              <FromPointRef ref="VTR:ScheduledStopPoint:527548" version="1"/>
              <ToPointRef ref="VTR:ScheduledStopPoint:527549" version="1"/>
            </ServiceLink>
            <ServiceLink id="VTR:ServiceLink:527550_1_527551_1" version="1">
              <Distance>0</Distance>
              <FromPointRef ref="VTR:ScheduledStopPoint:527550" version="1"/>
              <ToPointRef ref="VTR:ScheduledStopPoint:527551" version="1"/>
            </ServiceLink>
            <ServiceLink id="VTR:ServiceLink:527556_1_527557_1" version="1">
              <Distance>0</Distance>
              <FromPointRef ref="VTR:ScheduledStopPoint:527556" version="1"/>
              <ToPointRef ref="VTR:ScheduledStopPoint:527557" version="1"/>
            </ServiceLink>
            <ServiceLink id="VTR:ServiceLink:527557_1_527558_1" version="1">
              <Distance>0</Distance>
              <FromPointRef ref="VTR:ScheduledStopPoint:527557" version="1"/>
              <ToPointRef ref="VTR:ScheduledStopPoint:527558" version="1"/>
            </ServiceLink>
            <ServiceLink id="VTR:ServiceLink:527549_1_527550_1" version="1">
              <Distance>0</Distance>
              <FromPointRef ref="VTR:ScheduledStopPoint:527549" version="1"/>
              <ToPointRef ref="VTR:ScheduledStopPoint:527550" version="1"/>
            </ServiceLink>
            <ServiceLink id="VTR:ServiceLink:527554_1_527555_1" version="1">
              <Distance>0</Distance>
              <FromPointRef ref="VTR:ScheduledStopPoint:527554" version="1"/>
              <ToPointRef ref="VTR:ScheduledStopPoint:527555" version="1"/>
            </ServiceLink>
            <ServiceLink id="VTR:ServiceLink:527547_1_527548_1" version="1">
              <Distance>0</Distance>
              <FromPointRef ref="VTR:ScheduledStopPoint:527547" version="1"/>
              <ToPointRef ref="VTR:ScheduledStopPoint:527548" version="1"/>
            </ServiceLink>
            <ServiceLink id="VTR:ServiceLink:527553_1_527554_1" version="1">
              <Distance>0</Distance>
              <FromPointRef ref="VTR:ScheduledStopPoint:527553" version="1"/>
              <ToPointRef ref="VTR:ScheduledStopPoint:527554" version="1"/>
            </ServiceLink>
            <ServiceLink id="VTR:ServiceLink:527560_1_527553_1" version="1">
              <Distance>0</Distance>
              <FromPointRef ref="VTR:ScheduledStopPoint:527560" version="1"/>
              <ToPointRef ref="VTR:ScheduledStopPoint:527553" version="1"/>
            </ServiceLink>
            <ServiceLink id="VTR:ServiceLink:527558_1_527559_1" version="1">
              <Distance>0</Distance>
              <FromPointRef ref="VTR:ScheduledStopPoint:527558" version="1"/>
              <ToPointRef ref="VTR:ScheduledStopPoint:527559" version="1"/>
            </ServiceLink>
            <ServiceLink id="VTR:ServiceLink:527555_1_527556_1" version="1">
              <Distance>1</Distance>
              <FromPointRef ref="VTR:ScheduledStopPoint:527555" version="1"/>
              <ToPointRef ref="VTR:ScheduledStopPoint:527556" version="1"/>
            </ServiceLink>
            <ServiceLink id="VTR:ServiceLink:527551_1_527552_1" version="1">
              <Distance>0</Distance>
              <FromPointRef ref="VTR:ScheduledStopPoint:527551" version="1"/>
              <ToPointRef ref="VTR:ScheduledStopPoint:527552" version="1"/>
            </ServiceLink>
          </serviceLinks>
          <stopAssignments>
            <PassengerStopAssignment order="1218300000" id="VTR:PassengerStopAssignment:527547" version="1">
              <ScheduledStopPointRef ref="VTR:ScheduledStopPoint:527547" version="1"/>
              <QuayRef ref="VTR:Quay:20534"/>
            </PassengerStopAssignment>
            <PassengerStopAssignment order="1218300001" id="VTR:PassengerStopAssignment:527548" version="1">
              <ScheduledStopPointRef ref="VTR:ScheduledStopPoint:527548" version="1"/>
              <QuayRef ref="VTR:Quay:20530"/>
            </PassengerStopAssignment>
            <PassengerStopAssignment order="1218300002" id="VTR:PassengerStopAssignment:527549" version="1">
              <ScheduledStopPointRef ref="VTR:ScheduledStopPoint:527549" version="1"/>
              <QuayRef ref="VTR:Quay:20491"/>
            </PassengerStopAssignment>
            <PassengerStopAssignment order="1218300003" id="VTR:PassengerStopAssignment:527550" version="1">
              <ScheduledStopPointRef ref="VTR:ScheduledStopPoint:527550" version="1"/>
              <QuayRef ref="VTR:Quay:19570"/>
            </PassengerStopAssignment>
            <PassengerStopAssignment order="1218300004" id="VTR:PassengerStopAssignment:527551" version="1">
              <ScheduledStopPointRef ref="VTR:ScheduledStopPoint:527551" version="1"/>
              <QuayRef ref="VTR:Quay:20505"/>
            </PassengerStopAssignment>
            <PassengerStopAssignment order="1218300005" id="VTR:PassengerStopAssignment:527552" version="1">
              <ScheduledStopPointRef ref="VTR:ScheduledStopPoint:527552" version="1"/>
              <QuayRef ref="VTR:Quay:19571"/>
            </PassengerStopAssignment>
            <PassengerStopAssignment order="1218400000" id="VTR:PassengerStopAssignment:527560" version="1">
              <ScheduledStopPointRef ref="VTR:ScheduledStopPoint:527560" version="1"/>
              <QuayRef ref="VTR:Quay:20155"/>
            </PassengerStopAssignment>
            <PassengerStopAssignment order="1218400001" id="VTR:PassengerStopAssignment:527553" version="1">
              <ScheduledStopPointRef ref="VTR:ScheduledStopPoint:527553" version="1"/>
              <QuayRef ref="VTR:Quay:20504"/>
            </PassengerStopAssignment>
            <PassengerStopAssignment order="1218400002" id="VTR:PassengerStopAssignment:527554" version="1">
              <ScheduledStopPointRef ref="VTR:ScheduledStopPoint:527554" version="1"/>
              <QuayRef ref="VTR:Quay:19570"/>
            </PassengerStopAssignment>
            <PassengerStopAssignment order="1218400003" id="VTR:PassengerStopAssignment:527555" version="1">
              <ScheduledStopPointRef ref="VTR:ScheduledStopPoint:527555" version="1"/>
              <QuayRef ref="VTR:Quay:20490"/>
            </PassengerStopAssignment>
            <PassengerStopAssignment order="1218400004" id="VTR:PassengerStopAssignment:527556" version="1">
              <ScheduledStopPointRef ref="VTR:ScheduledStopPoint:527556" version="1"/>
              <QuayRef ref="VTR:Quay:20528"/>
            </PassengerStopAssignment>
            <PassengerStopAssignment order="1218400005" id="VTR:PassengerStopAssignment:527557" version="1">
              <ScheduledStopPointRef ref="VTR:ScheduledStopPoint:527557" version="1"/>
              <QuayRef ref="VTR:Quay:20529"/>
            </PassengerStopAssignment>
            <PassengerStopAssignment order="1218400006" id="VTR:PassengerStopAssignment:527558" version="1">
              <ScheduledStopPointRef ref="VTR:ScheduledStopPoint:527558" version="1"/>
              <QuayRef ref="VTR:Quay:20531"/>
            </PassengerStopAssignment>
            <PassengerStopAssignment order="1218400007" id="VTR:PassengerStopAssignment:527559" version="1">
              <ScheduledStopPointRef ref="VTR:ScheduledStopPoint:527559" version="1"/>
              <QuayRef ref="VTR:Quay:20534"/>
            </PassengerStopAssignment>
          </stopAssignments>
          <journeyPatterns>
            <JourneyPattern id="VTR:JourneyPattern:951776" version="952227">
              <Name>1</Name>
              <RouteRef ref="VTR:Route:12184" version="1"/>
              <pointsInSequence>
                <StopPointInJourneyPattern id="VTR:StopPointInJourneyPattern:25623948" version="952227" order="1">
                  <ScheduledStopPointRef ref="VTR:ScheduledStopPoint:527560"/>
                  <ForAlighting>false</ForAlighting>
                  <DestinationDisplayRef ref="VTR:DestinationDisplay:1"/>
                </StopPointInJourneyPattern>
                <StopPointInJourneyPattern id="VTR:StopPointInJourneyPattern:25623949" version="952227" order="2">
                  <ScheduledStopPointRef ref="VTR:ScheduledStopPoint:527553"/>
                  <DestinationDisplayRef ref="VTR:DestinationDisplay:1"/>
                </StopPointInJourneyPattern>
                <StopPointInJourneyPattern id="VTR:StopPointInJourneyPattern:25623950" version="952227" order="3">
                  <ScheduledStopPointRef ref="VTR:ScheduledStopPoint:527554"/>
                  <DestinationDisplayRef ref="VTR:DestinationDisplay:1"/>
                </StopPointInJourneyPattern>
                <StopPointInJourneyPattern id="VTR:StopPointInJourneyPattern:25623951" version="952227" order="4">
                  <ScheduledStopPointRef ref="VTR:ScheduledStopPoint:527555"/>
                  <DestinationDisplayRef ref="VTR:DestinationDisplay:1"/>
                </StopPointInJourneyPattern>
                <StopPointInJourneyPattern id="VTR:StopPointInJourneyPattern:25623952" version="952227" order="5">
                  <ScheduledStopPointRef ref="VTR:ScheduledStopPoint:527556"/>
                  <DestinationDisplayRef ref="VTR:DestinationDisplay:1"/>
                </StopPointInJourneyPattern>
                <StopPointInJourneyPattern id="VTR:StopPointInJourneyPattern:25623953" version="952227" order="6">
                  <ScheduledStopPointRef ref="VTR:ScheduledStopPoint:527557"/>
                  <DestinationDisplayRef ref="VTR:DestinationDisplay:1"/>
                </StopPointInJourneyPattern>
                <StopPointInJourneyPattern id="VTR:StopPointInJourneyPattern:25623954" version="952227" order="7">
                  <ScheduledStopPointRef ref="VTR:ScheduledStopPoint:527558"/>
                  <DestinationDisplayRef ref="VTR:DestinationDisplay:1"/>
                </StopPointInJourneyPattern>
                <StopPointInJourneyPattern id="VTR:StopPointInJourneyPattern:25623955" version="952227" order="8">
                  <ScheduledStopPointRef ref="VTR:ScheduledStopPoint:527559"/>
                  <ForBoarding>false</ForBoarding>
                  <DestinationDisplayRef ref="VTR:DestinationDisplay:1"/>
                </StopPointInJourneyPattern>
              </pointsInSequence>
            </JourneyPattern>
            <JourneyPattern id="VTR:JourneyPattern:951775" version="952226">
              <Name>2</Name>
              <RouteRef ref="VTR:Route:12183" version="1"/>
              <pointsInSequence>
                <StopPointInJourneyPattern id="VTR:StopPointInJourneyPattern:25623942" version="952226" order="1">
                  <ScheduledStopPointRef ref="VTR:ScheduledStopPoint:527547"/>
                  <ForAlighting>false</ForAlighting>
                  <DestinationDisplayRef ref="VTR:DestinationDisplay:1"/>
                </StopPointInJourneyPattern>
                <StopPointInJourneyPattern id="VTR:StopPointInJourneyPattern:25623943" version="952226" order="2">
                  <ScheduledStopPointRef ref="VTR:ScheduledStopPoint:527548"/>
                  <DestinationDisplayRef ref="VTR:DestinationDisplay:1"/>
                </StopPointInJourneyPattern>
                <StopPointInJourneyPattern id="VTR:StopPointInJourneyPattern:25623944" version="952226" order="3">
                  <ScheduledStopPointRef ref="VTR:ScheduledStopPoint:527549"/>
                  <DestinationDisplayRef ref="VTR:DestinationDisplay:1"/>
                </StopPointInJourneyPattern>
                <StopPointInJourneyPattern id="VTR:StopPointInJourneyPattern:25623945" version="952226" order="4">
                  <ScheduledStopPointRef ref="VTR:ScheduledStopPoint:527550"/>
                  <DestinationDisplayRef ref="VTR:DestinationDisplay:1"/>
                </StopPointInJourneyPattern>
                <StopPointInJourneyPattern id="VTR:StopPointInJourneyPattern:25623946" version="952226" order="5">
                  <ScheduledStopPointRef ref="VTR:ScheduledStopPoint:527551"/>
                  <DestinationDisplayRef ref="VTR:DestinationDisplay:1"/>
                </StopPointInJourneyPattern>
                <StopPointInJourneyPattern id="VTR:StopPointInJourneyPattern:25623947" version="952226" order="6">
                  <ScheduledStopPointRef ref="VTR:ScheduledStopPoint:527552"/>
                  <ForBoarding>false</ForBoarding>
                  <DestinationDisplayRef ref="VTR:DestinationDisplay:1"/>
                </StopPointInJourneyPattern>
              </pointsInSequence>
            </JourneyPattern>
          </journeyPatterns>
        </ServiceFrame>
        <TimetableFrame version="1" id="VTR:TimetableFrame:1353">
          <vehicleJourneys>
            <ServiceJourney version="952227" id="VTR:ServiceJourney:951776">
              <Name>AS-AP</Name>
              <PrivateCode>1</PrivateCode>
              <dayTypes>
                <DayTypeRef ref="VTR:DayType:840"/>
              </dayTypes>
              <JourneyPatternRef version="952227" ref="VTR:JourneyPattern:951776"/>
              <OperatorRef ref="VTR:Operator:525"/>
              <LineRef ref="VTR:Line:1384" version="5104"/>
              <passingTimes>
                <TimetabledPassingTime version="952227" id="VTR:TimetabledPassingTime:951776_25623948_1">
                  <StopPointInJourneyPatternRef ref="VTR:StopPointInJourneyPattern:25623948" version="952227"/>
                  <DepartureTime>07:45:00</DepartureTime>
                  <DepartureDayOffset>0</DepartureDayOffset>
                </TimetabledPassingTime>
                <TimetabledPassingTime version="952227" id="VTR:TimetabledPassingTime:951776_25623949_2">
                  <StopPointInJourneyPatternRef ref="VTR:StopPointInJourneyPattern:25623949" version="952227"/>
                  <DepartureTime>07:47:00</DepartureTime>
                  <DepartureDayOffset>0</DepartureDayOffset>
                </TimetabledPassingTime>
                <TimetabledPassingTime version="952227" id="VTR:TimetabledPassingTime:951776_25623950_3">
                  <StopPointInJourneyPatternRef ref="VTR:StopPointInJourneyPattern:25623950" version="952227"/>
                  <DepartureTime>07:47:00</DepartureTime>
                  <DepartureDayOffset>0</DepartureDayOffset>
                </TimetabledPassingTime>
                <TimetabledPassingTime version="952227" id="VTR:TimetabledPassingTime:951776_25623951_4">
                  <StopPointInJourneyPatternRef ref="VTR:StopPointInJourneyPattern:25623951" version="952227"/>
                  <DepartureTime>07:48:00</DepartureTime>
                  <DepartureDayOffset>0</DepartureDayOffset>
                </TimetabledPassingTime>
                <TimetabledPassingTime version="952227" id="VTR:TimetabledPassingTime:951776_25623952_5">
                  <StopPointInJourneyPatternRef ref="VTR:StopPointInJourneyPattern:25623952" version="952227"/>
                  <DepartureTime>07:50:00</DepartureTime>
                  <DepartureDayOffset>0</DepartureDayOffset>
                </TimetabledPassingTime>
                <TimetabledPassingTime version="952227" id="VTR:TimetabledPassingTime:951776_25623953_6">
                  <StopPointInJourneyPatternRef ref="VTR:StopPointInJourneyPattern:25623953" version="952227"/>
                  <DepartureTime>07:51:00</DepartureTime>
                  <DepartureDayOffset>0</DepartureDayOffset>
                </TimetabledPassingTime>
                <TimetabledPassingTime version="952227" id="VTR:TimetabledPassingTime:951776_25623954_7">
                  <StopPointInJourneyPatternRef ref="VTR:StopPointInJourneyPattern:25623954" version="952227"/>
                  <DepartureTime>07:52:00</DepartureTime>
                  <DepartureDayOffset>0</DepartureDayOffset>
                </TimetabledPassingTime>
                <TimetabledPassingTime version="952227" id="VTR:TimetabledPassingTime:951776_25623955_8">
                  <StopPointInJourneyPatternRef ref="VTR:StopPointInJourneyPattern:25623955" version="952227"/>
                  <DepartureTime>07:54:00</DepartureTime>
                  <DepartureDayOffset>0</DepartureDayOffset>
                </TimetabledPassingTime>
              </passingTimes>
            </ServiceJourney>
            <ServiceJourney version="952226" id="VTR:ServiceJourney:951775">
              <Name>AP-AS</Name>
              <PrivateCode>2</PrivateCode>
              <dayTypes>
                <DayTypeRef ref="VTR:DayType:840"/>
              </dayTypes>
              <JourneyPatternRef version="952226" ref="VTR:JourneyPattern:951775"/>
              <OperatorRef ref="VTR:Operator:525"/>
              <LineRef ref="VTR:Line:1384" version="5104"/>
              <passingTimes>
                <TimetabledPassingTime version="952226" id="VTR:TimetabledPassingTime:951775_25623942_1">
                  <StopPointInJourneyPatternRef ref="VTR:StopPointInJourneyPattern:25623942" version="952226"/>
                  <DepartureTime>08:00:00</DepartureTime>
                  <DepartureDayOffset>0</DepartureDayOffset>
                </TimetabledPassingTime>
                <TimetabledPassingTime version="952226" id="VTR:TimetabledPassingTime:951775_25623943_2">
                  <StopPointInJourneyPatternRef ref="VTR:StopPointInJourneyPattern:25623943" version="952226"/>
                  <DepartureTime>08:04:00</DepartureTime>
                  <DepartureDayOffset>0</DepartureDayOffset>
                </TimetabledPassingTime>
                <TimetabledPassingTime version="952226" id="VTR:TimetabledPassingTime:951775_25623944_3">
                  <StopPointInJourneyPatternRef ref="VTR:StopPointInJourneyPattern:25623944" version="952226"/>
                  <DepartureTime>08:07:00</DepartureTime>
                  <DepartureDayOffset>0</DepartureDayOffset>
                </TimetabledPassingTime>
                <TimetabledPassingTime version="952226" id="VTR:TimetabledPassingTime:951775_25623945_4">
                  <StopPointInJourneyPatternRef ref="VTR:StopPointInJourneyPattern:25623945" version="952226"/>
                  <DepartureTime>08:09:00</DepartureTime>
                  <DepartureDayOffset>0</DepartureDayOffset>
                </TimetabledPassingTime>
                <TimetabledPassingTime version="952226" id="VTR:TimetabledPassingTime:951775_25623946_5">
                  <StopPointInJourneyPatternRef ref="VTR:StopPointInJourneyPattern:25623946" version="952226"/>
                  <DepartureTime>08:12:00</DepartureTime>
                  <DepartureDayOffset>0</DepartureDayOffset>
                </TimetabledPassingTime>
                <TimetabledPassingTime version="952226" id="VTR:TimetabledPassingTime:951775_25623947_6">
                  <StopPointInJourneyPatternRef ref="VTR:StopPointInJourneyPattern:25623947" version="952226"/>
                  <DepartureTime>08:15:00</DepartureTime>
                  <DepartureDayOffset>0</DepartureDayOffset>
                </TimetabledPassingTime>
              </passingTimes>
            </ServiceJourney>
          </vehicleJourneys>
        </TimetableFrame>
        <ResourceFrame version="1" id="VTR:ResourceFrame:1353">
          <organisations>
            <Authority version="1" id="VTR:Authority:30">
              <CompanyNumber>77</CompanyNumber>
              <Name>Tauragės r. sav.</Name>
              <LegalName>Tauragės r. sav.</LegalName>
              <ContactDetails>
                <Email>savivalda@taurage.lt</Email>
                <Phone>844662813</Phone>
                <Url>www.taurage.lt</Url>
              </ContactDetails>
              <OrganisationType>authority</OrganisationType>
            </Authority>
          </organisations>
        </ResourceFrame>
        <FareFrame id="VTR:FareFrame:1384" version="1">
          <FrameDefaults>
            <DefaultCurrency>EUR</DefaultCurrency>
          </FrameDefaults>
          <usageParameters>
            <RoundTrip id="VTR:RoundTrip:single" version="1">
              <Name>Single</Name>
              <TripType>single</TripType>
            </RoundTrip>
            <FrequencyOfUse id="VTR:FrequencyOfUse:once" version="1">
              <Name>Once</Name>
              <MaximalFrequency>1</MaximalFrequency>
            </FrequencyOfUse>
          </usageParameters>
          <priceGroups>
            <PriceGroup id="VTR:PriceGroup:PG01" version="1">
              <Name>Flat Fare Products - Standard</Name>
              <members>
                <FareProductPrice id="VTR:FareProductPrice:standard" version="1">
                  <Name>Single fare</Name>
                  <Amount>0.5</Amount>
                  <Currency>EUR</Currency>
                </FareProductPrice>
              </members>
            </PriceGroup>
          </priceGroups>
        </FareFrame>
      </frames>
    </CompositeFrame>
  </dataObjects>
</PublicationDelivery>
