<?xml version="1.0" encoding="UTF-8"?><PublicationDelivery xmlns="http://www.netex.org.uk/netex" xmlns:gis="http://www.opengis.net/gml/3.2" xmlns:ns2="http://www.opengis.net/gml/3.2" xmlns:ns3="http://www.siri.org.uk/siri" xmlns:xsi="http://www.w3.org/2001/XMLSchema-instance" version="1" xsi:schemaLocation="">
  <PublicationTimestamp>2022-05-07T01:00:00.526</PublicationTimestamp>
  <ParticipantRef>VTR</ParticipantRef>
  <Description>1</Description>
  <dataObjects>
    <CompositeFrame created="2022-05-07T01:00:00.526" version="1" id="VTR:CompositeFrame:1353">
      <validityConditions>
        <AvailabilityCondition version="1" id="VTR:AvailabilityCondition:1353">
          <FromDate>2015-07-29T10:28:50</FromDate>
          <ToDate>2022-09-07T00:00:00</ToDate>
        </AvailabilityCondition>
      </validityConditions>
      <codespaces>
        <Codespace id="vtr">
          <Xmlns>VTR</Xmlns>
          <XmlnsUrl>http://www.visimarsrutai.lt/</XmlnsUrl>
        </Codespace>
      </codespaces>
      <FrameDefaults>
        <DefaultLocale>
          <TimeZone>Europe/Vilnius</TimeZone>
        </DefaultLocale>
        <DefaultLocationSystem>WGS84</DefaultLocationSystem>
      </FrameDefaults>
      <frames>
        <ServiceCalendarFrame version="1" id="VTR:ServiceCalendarFrame:1353">
          <dayTypes>
            <DayType id="VTR:DayType:846" version="1">
              <properties>
                <PropertyOfDay>
                  <DaysOfWeek>Thursday</DaysOfWeek>
                </PropertyOfDay>
              </properties>
            </DayType>
          </dayTypes>
          <operatingPeriods>
            <OperatingPeriod version="1" id="VTR:OperatingPeriod:846">
              <FromDate>2016-07-02T00:00:00</FromDate>
              <ToDate>2022-09-07T00:00:00</ToDate>
            </OperatingPeriod>
          </operatingPeriods>
          <dayTypeAssignments>
            <DayTypeAssignment id="VTR:DayTypeAssignment:846_0" version="1" order="1025">
              <OperatingPeriodRef ref="VTR:OperatingPeriod:846" version="1"/>
              <DayTypeRef ref="VTR:DayType:846" version="1"/>
            </DayTypeAssignment>
            <DayTypeAssignment id="VTR:DayTypeAssignment:846_947111" version="1" order="12897">
              <Date>2023-03-13</Date>
              <DayTypeRef ref="VTR:DayType:846" version="1"/>
            </DayTypeAssignment>
            <DayTypeAssignment id="VTR:DayTypeAssignment:846_947100" version="1" order="12898">
              <Date>2023-03-15</Date>
              <DayTypeRef ref="VTR:DayType:846" version="1"/>
            </DayTypeAssignment>
            <DayTypeAssignment id="VTR:DayTypeAssignment:846_936190" version="1" order="12899">
              <Date>2023-01-07</Date>
              <DayTypeRef ref="VTR:DayType:846" version="1"/>
            </DayTypeAssignment>
            <DayTypeAssignment id="VTR:DayTypeAssignment:846_936187" version="1" order="12900">
              <Date>2023-01-25</Date>
              <DayTypeRef ref="VTR:DayType:846" version="1"/>
            </DayTypeAssignment>
            <DayTypeAssignment id="VTR:DayTypeAssignment:846_936186" version="1" order="12901">
              <Date>2023-01-18</Date>
              <DayTypeRef ref="VTR:DayType:846" version="1"/>
            </DayTypeAssignment>
            <DayTypeAssignment id="VTR:DayTypeAssignment:846_936182" version="1" order="12902">
              <Date>2023-01-03</Date>
              <DayTypeRef ref="VTR:DayType:846" version="1"/>
            </DayTypeAssignment>
            <DayTypeAssignment id="VTR:DayTypeAssignment:846_936181" version="1" order="12903">
              <Date>2023-01-29</Date>
              <DayTypeRef ref="VTR:DayType:846" version="1"/>
            </DayTypeAssignment>
            <DayTypeAssignment id="VTR:DayTypeAssignment:846_936178" version="1" order="12904">
              <Date>2023-01-08</Date>
              <DayTypeRef ref="VTR:DayType:846" version="1"/>
            </DayTypeAssignment>
            <DayTypeAssignment id="VTR:DayTypeAssignment:846_929040" version="1" order="12905">
              <Date>2022-11-02</Date>
              <DayTypeRef ref="VTR:DayType:846" version="1"/>
            </DayTypeAssignment>
            <DayTypeAssignment id="VTR:DayTypeAssignment:846_929036" version="1" order="12906">
              <Date>2022-11-14</Date>
              <DayTypeRef ref="VTR:DayType:846" version="1"/>
            </DayTypeAssignment>
            <DayTypeAssignment id="VTR:DayTypeAssignment:846_929034" version="1" order="12907">
              <Date>2022-11-20</Date>
              <DayTypeRef ref="VTR:DayType:846" version="1"/>
            </DayTypeAssignment>
            <DayTypeAssignment id="VTR:DayTypeAssignment:846_932059" version="1" order="12908">
              <Date>2022-12-23</Date>
              <DayTypeRef ref="VTR:DayType:846" version="1"/>
            </DayTypeAssignment>
            <DayTypeAssignment id="VTR:DayTypeAssignment:846_932058" version="1" order="12909">
              <Date>2022-12-16</Date>
              <DayTypeRef ref="VTR:DayType:846" version="1"/>
            </DayTypeAssignment>
            <DayTypeAssignment id="VTR:DayTypeAssignment:846_932048" version="1" order="12910">
              <Date>2022-12-11</Date>
              <DayTypeRef ref="VTR:DayType:846" version="1"/>
            </DayTypeAssignment>
            <DayTypeAssignment id="VTR:DayTypeAssignment:846_929023" version="1" order="12911">
              <Date>2022-11-03</Date>
              <DayTypeRef ref="VTR:DayType:846" version="1"/>
            </DayTypeAssignment>
            <DayTypeAssignment id="VTR:DayTypeAssignment:846_942828" version="1" order="12912">
              <Date>2023-02-18</Date>
              <DayTypeRef ref="VTR:DayType:846" version="1"/>
            </DayTypeAssignment>
            <DayTypeAssignment id="VTR:DayTypeAssignment:846_942822" version="1" order="12913">
              <Date>2023-02-09</Date>
              <DayTypeRef ref="VTR:DayType:846" version="1"/>
            </DayTypeAssignment>
            <DayTypeAssignment id="VTR:DayTypeAssignment:846_942812" version="1" order="12914">
              <Date>2023-02-05</Date>
              <DayTypeRef ref="VTR:DayType:846" version="1"/>
            </DayTypeAssignment>
            <DayTypeAssignment id="VTR:DayTypeAssignment:846_947119" version="1" order="12915">
              <Date>2023-03-04</Date>
              <DayTypeRef ref="VTR:DayType:846" version="1"/>
            </DayTypeAssignment>
            <DayTypeAssignment id="VTR:DayTypeAssignment:846_947117" version="1" order="12916">
              <Date>2023-03-23</Date>
              <DayTypeRef ref="VTR:DayType:846" version="1"/>
            </DayTypeAssignment>
            <DayTypeAssignment id="VTR:DayTypeAssignment:846_947106" version="1" order="12917">
              <Date>2023-03-29</Date>
              <DayTypeRef ref="VTR:DayType:846" version="1"/>
            </DayTypeAssignment>
            <DayTypeAssignment id="VTR:DayTypeAssignment:846_936194" version="1" order="12918">
              <Date>2023-01-02</Date>
              <DayTypeRef ref="VTR:DayType:846" version="1"/>
            </DayTypeAssignment>
            <DayTypeAssignment id="VTR:DayTypeAssignment:846_936191" version="1" order="12919">
              <Date>2023-01-14</Date>
              <DayTypeRef ref="VTR:DayType:846" version="1"/>
            </DayTypeAssignment>
            <DayTypeAssignment id="VTR:DayTypeAssignment:846_932046" version="1" order="12920">
              <Date>2022-12-10</Date>
              <DayTypeRef ref="VTR:DayType:846" version="1"/>
            </DayTypeAssignment>
            <DayTypeAssignment id="VTR:DayTypeAssignment:846_929030" version="1" order="12921">
              <Date>2022-08-15</Date>
              <DayTypeRef ref="VTR:DayType:846" version="1"/>
            </DayTypeAssignment>
            <DayTypeAssignment id="VTR:DayTypeAssignment:846_929020" version="1" order="12922">
              <Date>2022-11-22</Date>
              <DayTypeRef ref="VTR:DayType:846" version="1"/>
            </DayTypeAssignment>
            <DayTypeAssignment id="VTR:DayTypeAssignment:846_929017" version="1" order="12923">
              <Date>2022-12-04</Date>
              <DayTypeRef ref="VTR:DayType:846" version="1"/>
            </DayTypeAssignment>
            <DayTypeAssignment id="VTR:DayTypeAssignment:846_929011" version="1" order="12924">
              <Date>2022-11-05</Date>
              <DayTypeRef ref="VTR:DayType:846" version="1"/>
            </DayTypeAssignment>
            <DayTypeAssignment id="VTR:DayTypeAssignment:846_929008" version="1" order="12925">
              <Date>2022-11-24</Date>
              <DayTypeRef ref="VTR:DayType:846" version="1"/>
            </DayTypeAssignment>
            <DayTypeAssignment id="VTR:DayTypeAssignment:846_947116" version="1" order="12926">
              <Date>2023-03-16</Date>
              <DayTypeRef ref="VTR:DayType:846" version="1"/>
            </DayTypeAssignment>
            <DayTypeAssignment id="VTR:DayTypeAssignment:846_947109" version="1" order="12927">
              <Date>2023-03-25</Date>
              <DayTypeRef ref="VTR:DayType:846" version="1"/>
            </DayTypeAssignment>
            <DayTypeAssignment id="VTR:DayTypeAssignment:846_947103" version="1" order="12928">
              <Date>2023-03-10</Date>
              <DayTypeRef ref="VTR:DayType:846" version="1"/>
            </DayTypeAssignment>
            <DayTypeAssignment id="VTR:DayTypeAssignment:846_947098" version="1" order="12929">
              <Date>2023-03-14</Date>
              <DayTypeRef ref="VTR:DayType:846" version="1"/>
            </DayTypeAssignment>
            <DayTypeAssignment id="VTR:DayTypeAssignment:846_947093" version="1" order="12930">
              <Date>2023-03-30</Date>
              <DayTypeRef ref="VTR:DayType:846" version="1"/>
            </DayTypeAssignment>
            <DayTypeAssignment id="VTR:DayTypeAssignment:846_936173" version="1" order="12931">
              <Date>2023-01-19</Date>
              <DayTypeRef ref="VTR:DayType:846" version="1"/>
            </DayTypeAssignment>
            <DayTypeAssignment id="VTR:DayTypeAssignment:846_936170" version="1" order="12932">
              <Date>2023-01-31</Date>
              <DayTypeRef ref="VTR:DayType:846" version="1"/>
            </DayTypeAssignment>
            <DayTypeAssignment id="VTR:DayTypeAssignment:846_936169" version="1" order="12933">
              <Date>2023-01-24</Date>
              <DayTypeRef ref="VTR:DayType:846" version="1"/>
            </DayTypeAssignment>
            <DayTypeAssignment id="VTR:DayTypeAssignment:846_901230" version="1" order="12934">
              <Date>2022-07-06</Date>
              <DayTypeRef ref="VTR:DayType:846" version="1"/>
            </DayTypeAssignment>
            <DayTypeAssignment id="VTR:DayTypeAssignment:846_932055" version="1" order="12935">
              <Date>2022-12-21</Date>
              <DayTypeRef ref="VTR:DayType:846" version="1"/>
            </DayTypeAssignment>
            <DayTypeAssignment id="VTR:DayTypeAssignment:846_932052" version="1" order="12936">
              <Date>2022-12-20</Date>
              <DayTypeRef ref="VTR:DayType:846" version="1"/>
            </DayTypeAssignment>
            <DayTypeAssignment id="VTR:DayTypeAssignment:846_932049" version="1" order="12937">
              <Date>2022-12-18</Date>
              <DayTypeRef ref="VTR:DayType:846" version="1"/>
            </DayTypeAssignment>
            <DayTypeAssignment id="VTR:DayTypeAssignment:846_936172" version="1" order="12938">
              <Date>2023-01-12</Date>
              <DayTypeRef ref="VTR:DayType:846" version="1"/>
            </DayTypeAssignment>
            <DayTypeAssignment id="VTR:DayTypeAssignment:846_882381" version="1" order="12939">
              <Date>2022-05-01</Date>
              <DayTypeRef ref="VTR:DayType:846" version="1"/>
            </DayTypeAssignment>
            <DayTypeAssignment id="VTR:DayTypeAssignment:846_936197" version="1" order="12940">
              <Date>2023-01-23</Date>
              <DayTypeRef ref="VTR:DayType:846" version="1"/>
            </DayTypeAssignment>
            <DayTypeAssignment id="VTR:DayTypeAssignment:846_936196" version="1" order="12941">
              <Date>2023-01-16</Date>
              <DayTypeRef ref="VTR:DayType:846" version="1"/>
            </DayTypeAssignment>
            <DayTypeAssignment id="VTR:DayTypeAssignment:846_936195" version="1" order="12942">
              <Date>2023-01-09</Date>
              <DayTypeRef ref="VTR:DayType:846" version="1"/>
            </DayTypeAssignment>
            <DayTypeAssignment id="VTR:DayTypeAssignment:846_936193" version="1" order="12943">
              <Date>2023-01-28</Date>
              <DayTypeRef ref="VTR:DayType:846" version="1"/>
            </DayTypeAssignment>
            <DayTypeAssignment id="VTR:DayTypeAssignment:846_936188" version="1" order="12944">
              <Date>2023-01-06</Date>
              <DayTypeRef ref="VTR:DayType:846" version="1"/>
            </DayTypeAssignment>
            <DayTypeAssignment id="VTR:DayTypeAssignment:846_936171" version="1" order="12945">
              <Date>2023-01-05</Date>
              <DayTypeRef ref="VTR:DayType:846" version="1"/>
            </DayTypeAssignment>
            <DayTypeAssignment id="VTR:DayTypeAssignment:846_929041" version="1" order="12946">
              <Date>2022-11-09</Date>
              <DayTypeRef ref="VTR:DayType:846" version="1"/>
            </DayTypeAssignment>
            <DayTypeAssignment id="VTR:DayTypeAssignment:846_932057" version="1" order="12947">
              <Date>2022-12-09</Date>
              <DayTypeRef ref="VTR:DayType:846" version="1"/>
            </DayTypeAssignment>
            <DayTypeAssignment id="VTR:DayTypeAssignment:846_932053" version="1" order="12948">
              <Date>2022-12-27</Date>
              <DayTypeRef ref="VTR:DayType:846" version="1"/>
            </DayTypeAssignment>
            <DayTypeAssignment id="VTR:DayTypeAssignment:846_929033" version="1" order="12949">
              <Date>2022-11-13</Date>
              <DayTypeRef ref="VTR:DayType:846" version="1"/>
            </DayTypeAssignment>
            <DayTypeAssignment id="VTR:DayTypeAssignment:846_929028" version="1" order="12950">
              <Date>2022-11-18</Date>
              <DayTypeRef ref="VTR:DayType:846" version="1"/>
            </DayTypeAssignment>
            <DayTypeAssignment id="VTR:DayTypeAssignment:846_929027" version="1" order="12951">
              <Date>2022-11-11</Date>
              <DayTypeRef ref="VTR:DayType:846" version="1"/>
            </DayTypeAssignment>
            <DayTypeAssignment id="VTR:DayTypeAssignment:846_929014" version="1" order="12952">
              <Date>2022-11-26</Date>
              <DayTypeRef ref="VTR:DayType:846" version="1"/>
            </DayTypeAssignment>
            <DayTypeAssignment id="VTR:DayTypeAssignment:846_929010" version="1" order="12953">
              <Date>2022-12-08</Date>
              <DayTypeRef ref="VTR:DayType:846" version="1"/>
            </DayTypeAssignment>
            <DayTypeAssignment id="VTR:DayTypeAssignment:846_954265" version="1" order="12954">
              <Date>2023-04-03</Date>
              <DayTypeRef ref="VTR:DayType:846" version="1"/>
            </DayTypeAssignment>
            <DayTypeAssignment id="VTR:DayTypeAssignment:846_954258" version="1" order="12955">
              <Date>2023-04-13</Date>
              <DayTypeRef ref="VTR:DayType:846" version="1"/>
            </DayTypeAssignment>
            <DayTypeAssignment id="VTR:DayTypeAssignment:846_954255" version="1" order="12956">
              <Date>2023-04-05</Date>
              <DayTypeRef ref="VTR:DayType:846" version="1"/>
            </DayTypeAssignment>
            <DayTypeAssignment id="VTR:DayTypeAssignment:846_942818" version="1" order="12957">
              <Date>2023-02-01</Date>
              <DayTypeRef ref="VTR:DayType:846" version="1"/>
            </DayTypeAssignment>
            <DayTypeAssignment id="VTR:DayTypeAssignment:846_942810" version="1" order="12958">
              <Date>2023-02-24</Date>
              <DayTypeRef ref="VTR:DayType:846" version="1"/>
            </DayTypeAssignment>
            <DayTypeAssignment id="VTR:DayTypeAssignment:846_942802" version="1" order="12959">
              <Date>2023-02-14</Date>
              <DayTypeRef ref="VTR:DayType:846" version="1"/>
            </DayTypeAssignment>
            <DayTypeAssignment id="VTR:DayTypeAssignment:846_947099" version="1" order="12960">
              <Date>2023-03-08</Date>
              <DayTypeRef ref="VTR:DayType:846" version="1"/>
            </DayTypeAssignment>
            <DayTypeAssignment id="VTR:DayTypeAssignment:846_947097" version="1" order="12961">
              <Date>2023-03-07</Date>
              <DayTypeRef ref="VTR:DayType:846" version="1"/>
            </DayTypeAssignment>
            <DayTypeAssignment id="VTR:DayTypeAssignment:846_936179" version="1" order="12962">
              <Date>2023-01-15</Date>
              <DayTypeRef ref="VTR:DayType:846" version="1"/>
            </DayTypeAssignment>
            <DayTypeAssignment id="VTR:DayTypeAssignment:846_936168" version="1" order="12963">
              <Date>2023-01-17</Date>
              <DayTypeRef ref="VTR:DayType:846" version="1"/>
            </DayTypeAssignment>
            <DayTypeAssignment id="VTR:DayTypeAssignment:846_936167" version="1" order="12964">
              <Date>2023-01-10</Date>
              <DayTypeRef ref="VTR:DayType:846" version="1"/>
            </DayTypeAssignment>
            <DayTypeAssignment id="VTR:DayTypeAssignment:846_895250" version="1" order="12965">
              <Date>2022-06-24</Date>
              <DayTypeRef ref="VTR:DayType:846" version="1"/>
            </DayTypeAssignment>
            <DayTypeAssignment id="VTR:DayTypeAssignment:846_929045" version="1" order="12966">
              <Date>2022-12-07</Date>
              <DayTypeRef ref="VTR:DayType:846" version="1"/>
            </DayTypeAssignment>
            <DayTypeAssignment id="VTR:DayTypeAssignment:846_929043" version="1" order="12967">
              <Date>2022-11-23</Date>
              <DayTypeRef ref="VTR:DayType:846" version="1"/>
            </DayTypeAssignment>
            <DayTypeAssignment id="VTR:DayTypeAssignment:846_929042" version="1" order="12968">
              <Date>2022-11-16</Date>
              <DayTypeRef ref="VTR:DayType:846" version="1"/>
            </DayTypeAssignment>
            <DayTypeAssignment id="VTR:DayTypeAssignment:846_929039" version="1" order="12969">
              <Date>2022-12-05</Date>
              <DayTypeRef ref="VTR:DayType:846" version="1"/>
            </DayTypeAssignment>
            <DayTypeAssignment id="VTR:DayTypeAssignment:846_932063" version="1" order="12970">
              <Date>2022-12-12</Date>
              <DayTypeRef ref="VTR:DayType:846" version="1"/>
            </DayTypeAssignment>
            <DayTypeAssignment id="VTR:DayTypeAssignment:846_932056" version="1" order="12971">
              <Date>2022-12-28</Date>
              <DayTypeRef ref="VTR:DayType:846" version="1"/>
            </DayTypeAssignment>
            <DayTypeAssignment id="VTR:DayTypeAssignment:846_932051" version="1" order="12972">
              <Date>2022-12-13</Date>
              <DayTypeRef ref="VTR:DayType:846" version="1"/>
            </DayTypeAssignment>
            <DayTypeAssignment id="VTR:DayTypeAssignment:846_932047" version="1" order="12973">
              <Date>2022-12-17</Date>
              <DayTypeRef ref="VTR:DayType:846" version="1"/>
            </DayTypeAssignment>
            <DayTypeAssignment id="VTR:DayTypeAssignment:846_932045" version="1" order="12974">
              <Date>2022-12-29</Date>
              <DayTypeRef ref="VTR:DayType:846" version="1"/>
            </DayTypeAssignment>
            <DayTypeAssignment id="VTR:DayTypeAssignment:846_929032" version="1" order="12975">
              <Date>2022-11-06</Date>
              <DayTypeRef ref="VTR:DayType:846" version="1"/>
            </DayTypeAssignment>
            <DayTypeAssignment id="VTR:DayTypeAssignment:846_929029" version="1" order="12976">
              <Date>2022-11-25</Date>
              <DayTypeRef ref="VTR:DayType:846" version="1"/>
            </DayTypeAssignment>
            <DayTypeAssignment id="VTR:DayTypeAssignment:846_929018" version="1" order="12977">
              <Date>2022-11-08</Date>
              <DayTypeRef ref="VTR:DayType:846" version="1"/>
            </DayTypeAssignment>
            <DayTypeAssignment id="VTR:DayTypeAssignment:846_929013" version="1" order="12978">
              <Date>2022-11-19</Date>
              <DayTypeRef ref="VTR:DayType:846" version="1"/>
            </DayTypeAssignment>
            <DayTypeAssignment id="VTR:DayTypeAssignment:846_954269" version="1" order="12979">
              <Date>2023-05-01</Date>
              <DayTypeRef ref="VTR:DayType:846" version="1"/>
            </DayTypeAssignment>
            <DayTypeAssignment id="VTR:DayTypeAssignment:846_954264" version="1" order="12980">
              <Date>2023-04-09</Date>
              <DayTypeRef ref="VTR:DayType:846" version="1"/>
            </DayTypeAssignment>
            <DayTypeAssignment id="VTR:DayTypeAssignment:846_942826" version="1" order="12981">
              <Date>2023-02-04</Date>
              <DayTypeRef ref="VTR:DayType:846" version="1"/>
            </DayTypeAssignment>
            <DayTypeAssignment id="VTR:DayTypeAssignment:846_942825" version="1" order="12982">
              <Date>2023-03-02</Date>
              <DayTypeRef ref="VTR:DayType:846" version="1"/>
            </DayTypeAssignment>
            <DayTypeAssignment id="VTR:DayTypeAssignment:846_942816" version="1" order="12983">
              <Date>2023-02-20</Date>
              <DayTypeRef ref="VTR:DayType:846" version="1"/>
            </DayTypeAssignment>
            <DayTypeAssignment id="VTR:DayTypeAssignment:846_942815" version="1" order="12984">
              <Date>2023-02-13</Date>
              <DayTypeRef ref="VTR:DayType:846" version="1"/>
            </DayTypeAssignment>
            <DayTypeAssignment id="VTR:DayTypeAssignment:846_942807" version="1" order="12985">
              <Date>2023-02-03</Date>
              <DayTypeRef ref="VTR:DayType:846" version="1"/>
            </DayTypeAssignment>
            <DayTypeAssignment id="VTR:DayTypeAssignment:846_942799" version="1" order="12986">
              <Date>2023-02-19</Date>
              <DayTypeRef ref="VTR:DayType:846" version="1"/>
            </DayTypeAssignment>
            <DayTypeAssignment id="VTR:DayTypeAssignment:846_947105" version="1" order="12987">
              <Date>2023-03-24</Date>
              <DayTypeRef ref="VTR:DayType:846" version="1"/>
            </DayTypeAssignment>
            <DayTypeAssignment id="VTR:DayTypeAssignment:846_947101" version="1" order="12988">
              <Date>2023-03-22</Date>
              <DayTypeRef ref="VTR:DayType:846" version="1"/>
            </DayTypeAssignment>
            <DayTypeAssignment id="VTR:DayTypeAssignment:846_947092" version="1" order="12989">
              <Date>2023-03-05</Date>
              <DayTypeRef ref="VTR:DayType:846" version="1"/>
            </DayTypeAssignment>
            <DayTypeAssignment id="VTR:DayTypeAssignment:846_936184" version="1" order="12990">
              <Date>2023-01-04</Date>
              <DayTypeRef ref="VTR:DayType:846" version="1"/>
            </DayTypeAssignment>
            <DayTypeAssignment id="VTR:DayTypeAssignment:846_932044" version="1" order="12991">
              <Date>2022-12-22</Date>
              <DayTypeRef ref="VTR:DayType:846" version="1"/>
            </DayTypeAssignment>
            <DayTypeAssignment id="VTR:DayTypeAssignment:846_929025" version="1" order="12992">
              <Date>2022-11-17</Date>
              <DayTypeRef ref="VTR:DayType:846" version="1"/>
            </DayTypeAssignment>
            <DayTypeAssignment id="VTR:DayTypeAssignment:846_929024" version="1" order="12993">
              <Date>2022-11-10</Date>
              <DayTypeRef ref="VTR:DayType:846" version="1"/>
            </DayTypeAssignment>
            <DayTypeAssignment id="VTR:DayTypeAssignment:846_929021" version="1" order="12994">
              <Date>2022-11-29</Date>
              <DayTypeRef ref="VTR:DayType:846" version="1"/>
            </DayTypeAssignment>
            <DayTypeAssignment id="VTR:DayTypeAssignment:846_954263" version="1" order="12995">
              <Date>2023-04-02</Date>
              <DayTypeRef ref="VTR:DayType:846" version="1"/>
            </DayTypeAssignment>
            <DayTypeAssignment id="VTR:DayTypeAssignment:846_942824" version="1" order="12996">
              <Date>2023-02-23</Date>
              <DayTypeRef ref="VTR:DayType:846" version="1"/>
            </DayTypeAssignment>
            <DayTypeAssignment id="VTR:DayTypeAssignment:846_942821" version="1" order="12997">
              <Date>2023-02-22</Date>
              <DayTypeRef ref="VTR:DayType:846" version="1"/>
            </DayTypeAssignment>
            <DayTypeAssignment id="VTR:DayTypeAssignment:846_942811" version="1" order="12998">
              <Date>2023-03-03</Date>
              <DayTypeRef ref="VTR:DayType:846" version="1"/>
            </DayTypeAssignment>
            <DayTypeAssignment id="VTR:DayTypeAssignment:846_942808" version="1" order="12999">
              <Date>2023-02-10</Date>
              <DayTypeRef ref="VTR:DayType:846" version="1"/>
            </DayTypeAssignment>
            <DayTypeAssignment id="VTR:DayTypeAssignment:846_947113" version="1" order="13000">
              <Date>2023-03-20</Date>
              <DayTypeRef ref="VTR:DayType:846" version="1"/>
            </DayTypeAssignment>
            <DayTypeAssignment id="VTR:DayTypeAssignment:846_947112" version="1" order="13001">
              <Date>2023-03-31</Date>
              <DayTypeRef ref="VTR:DayType:846" version="1"/>
            </DayTypeAssignment>
            <DayTypeAssignment id="VTR:DayTypeAssignment:846_929037" version="1" order="13002">
              <Date>2022-11-21</Date>
              <DayTypeRef ref="VTR:DayType:846" version="1"/>
            </DayTypeAssignment>
            <DayTypeAssignment id="VTR:DayTypeAssignment:846_932050" version="1" order="13003">
              <Date>2022-12-25</Date>
              <DayTypeRef ref="VTR:DayType:846" version="1"/>
            </DayTypeAssignment>
            <DayTypeAssignment id="VTR:DayTypeAssignment:846_929022" version="1" order="13004">
              <Date>2022-12-06</Date>
              <DayTypeRef ref="VTR:DayType:846" version="1"/>
            </DayTypeAssignment>
            <DayTypeAssignment id="VTR:DayTypeAssignment:846_929019" version="1" order="13005">
              <Date>2022-11-15</Date>
              <DayTypeRef ref="VTR:DayType:846" version="1"/>
            </DayTypeAssignment>
            <DayTypeAssignment id="VTR:DayTypeAssignment:846_929015" version="1" order="13006">
              <Date>2022-12-03</Date>
              <DayTypeRef ref="VTR:DayType:846" version="1"/>
            </DayTypeAssignment>
            <DayTypeAssignment id="VTR:DayTypeAssignment:846_929012" version="1" order="13007">
              <Date>2022-11-12</Date>
              <DayTypeRef ref="VTR:DayType:846" version="1"/>
            </DayTypeAssignment>
            <DayTypeAssignment id="VTR:DayTypeAssignment:846_954268" version="1" order="13008">
              <Date>2023-04-11</Date>
              <DayTypeRef ref="VTR:DayType:846" version="1"/>
            </DayTypeAssignment>
            <DayTypeAssignment id="VTR:DayTypeAssignment:846_954260" version="1" order="13009">
              <Date>2023-04-14</Date>
              <DayTypeRef ref="VTR:DayType:846" version="1"/>
            </DayTypeAssignment>
            <DayTypeAssignment id="VTR:DayTypeAssignment:846_954256" version="1" order="13010">
              <Date>2023-04-12</Date>
              <DayTypeRef ref="VTR:DayType:846" version="1"/>
            </DayTypeAssignment>
            <DayTypeAssignment id="VTR:DayTypeAssignment:846_942823" version="1" order="13011">
              <Date>2023-02-16</Date>
              <DayTypeRef ref="VTR:DayType:846" version="1"/>
            </DayTypeAssignment>
            <DayTypeAssignment id="VTR:DayTypeAssignment:846_942813" version="1" order="13012">
              <Date>2023-02-12</Date>
              <DayTypeRef ref="VTR:DayType:846" version="1"/>
            </DayTypeAssignment>
            <DayTypeAssignment id="VTR:DayTypeAssignment:846_942806" version="1" order="13013">
              <Date>2023-03-01</Date>
              <DayTypeRef ref="VTR:DayType:846" version="1"/>
            </DayTypeAssignment>
            <DayTypeAssignment id="VTR:DayTypeAssignment:846_947118" version="1" order="13014">
              <Date>2023-03-28</Date>
              <DayTypeRef ref="VTR:DayType:846" version="1"/>
            </DayTypeAssignment>
            <DayTypeAssignment id="VTR:DayTypeAssignment:846_947107" version="1" order="13015">
              <Date>2023-03-11</Date>
              <DayTypeRef ref="VTR:DayType:846" version="1"/>
            </DayTypeAssignment>
            <DayTypeAssignment id="VTR:DayTypeAssignment:846_947115" version="1" order="13016">
              <Date>2023-03-09</Date>
              <DayTypeRef ref="VTR:DayType:846" version="1"/>
            </DayTypeAssignment>
            <DayTypeAssignment id="VTR:DayTypeAssignment:846_947110" version="1" order="13017">
              <Date>2023-03-06</Date>
              <DayTypeRef ref="VTR:DayType:846" version="1"/>
            </DayTypeAssignment>
            <DayTypeAssignment id="VTR:DayTypeAssignment:846_947108" version="1" order="13018">
              <Date>2023-03-18</Date>
              <DayTypeRef ref="VTR:DayType:846" version="1"/>
            </DayTypeAssignment>
            <DayTypeAssignment id="VTR:DayTypeAssignment:846_947102" version="1" order="13019">
              <Date>2023-03-27</Date>
              <DayTypeRef ref="VTR:DayType:846" version="1"/>
            </DayTypeAssignment>
            <DayTypeAssignment id="VTR:DayTypeAssignment:846_947095" version="1" order="13020">
              <Date>2023-03-19</Date>
              <DayTypeRef ref="VTR:DayType:846" version="1"/>
            </DayTypeAssignment>
            <DayTypeAssignment id="VTR:DayTypeAssignment:846_947094" version="1" order="13021">
              <Date>2023-03-12</Date>
              <DayTypeRef ref="VTR:DayType:846" version="1"/>
            </DayTypeAssignment>
            <DayTypeAssignment id="VTR:DayTypeAssignment:846_936192" version="1" order="13022">
              <Date>2023-01-21</Date>
              <DayTypeRef ref="VTR:DayType:846" version="1"/>
            </DayTypeAssignment>
            <DayTypeAssignment id="VTR:DayTypeAssignment:846_936183" version="1" order="13023">
              <Date>2023-01-30</Date>
              <DayTypeRef ref="VTR:DayType:846" version="1"/>
            </DayTypeAssignment>
            <DayTypeAssignment id="VTR:DayTypeAssignment:846_936177" version="1" order="13024">
              <Date>2023-01-01</Date>
              <DayTypeRef ref="VTR:DayType:846" version="1"/>
            </DayTypeAssignment>
            <DayTypeAssignment id="VTR:DayTypeAssignment:846_929044" version="1" order="13025">
              <Date>2022-11-30</Date>
              <DayTypeRef ref="VTR:DayType:846" version="1"/>
            </DayTypeAssignment>
            <DayTypeAssignment id="VTR:DayTypeAssignment:846_929035" version="1" order="13026">
              <Date>2022-11-27</Date>
              <DayTypeRef ref="VTR:DayType:846" version="1"/>
            </DayTypeAssignment>
            <DayTypeAssignment id="VTR:DayTypeAssignment:846_932061" version="1" order="13027">
              <Date>2022-12-24</Date>
              <DayTypeRef ref="VTR:DayType:846" version="1"/>
            </DayTypeAssignment>
            <DayTypeAssignment id="VTR:DayTypeAssignment:846_932060" version="1" order="13028">
              <Date>2022-12-30</Date>
              <DayTypeRef ref="VTR:DayType:846" version="1"/>
            </DayTypeAssignment>
            <DayTypeAssignment id="VTR:DayTypeAssignment:846_932043" version="1" order="13029">
              <Date>2022-12-15</Date>
              <DayTypeRef ref="VTR:DayType:846" version="1"/>
            </DayTypeAssignment>
            <DayTypeAssignment id="VTR:DayTypeAssignment:846_932065" version="1" order="13030">
              <Date>2022-12-26</Date>
              <DayTypeRef ref="VTR:DayType:846" version="1"/>
            </DayTypeAssignment>
            <DayTypeAssignment id="VTR:DayTypeAssignment:846_932064" version="1" order="13031">
              <Date>2022-12-19</Date>
              <DayTypeRef ref="VTR:DayType:846" version="1"/>
            </DayTypeAssignment>
            <DayTypeAssignment id="VTR:DayTypeAssignment:846_929016" version="1" order="13032">
              <Date>2022-11-07</Date>
              <DayTypeRef ref="VTR:DayType:846" version="1"/>
            </DayTypeAssignment>
            <DayTypeAssignment id="VTR:DayTypeAssignment:846_929009" version="1" order="13033">
              <Date>2022-12-01</Date>
              <DayTypeRef ref="VTR:DayType:846" version="1"/>
            </DayTypeAssignment>
            <DayTypeAssignment id="VTR:DayTypeAssignment:846_954267" version="1" order="13034">
              <Date>2023-04-04</Date>
              <DayTypeRef ref="VTR:DayType:846" version="1"/>
            </DayTypeAssignment>
            <DayTypeAssignment id="VTR:DayTypeAssignment:846_954262" version="1" order="13035">
              <Date>2023-04-08</Date>
              <DayTypeRef ref="VTR:DayType:846" version="1"/>
            </DayTypeAssignment>
            <DayTypeAssignment id="VTR:DayTypeAssignment:846_954261" version="1" order="13036">
              <Date>2023-04-01</Date>
              <DayTypeRef ref="VTR:DayType:846" version="1"/>
            </DayTypeAssignment>
            <DayTypeAssignment id="VTR:DayTypeAssignment:846_942829" version="1" order="13037">
              <Date>2023-02-25</Date>
              <DayTypeRef ref="VTR:DayType:846" version="1"/>
            </DayTypeAssignment>
            <DayTypeAssignment id="VTR:DayTypeAssignment:846_942820" version="1" order="13038">
              <Date>2023-02-15</Date>
              <DayTypeRef ref="VTR:DayType:846" version="1"/>
            </DayTypeAssignment>
            <DayTypeAssignment id="VTR:DayTypeAssignment:846_942819" version="1" order="13039">
              <Date>2023-02-08</Date>
              <DayTypeRef ref="VTR:DayType:846" version="1"/>
            </DayTypeAssignment>
            <DayTypeAssignment id="VTR:DayTypeAssignment:846_942817" version="1" order="13040">
              <Date>2023-02-27</Date>
              <DayTypeRef ref="VTR:DayType:846" version="1"/>
            </DayTypeAssignment>
            <DayTypeAssignment id="VTR:DayTypeAssignment:846_942804" version="1" order="13041">
              <Date>2023-02-28</Date>
              <DayTypeRef ref="VTR:DayType:846" version="1"/>
            </DayTypeAssignment>
            <DayTypeAssignment id="VTR:DayTypeAssignment:846_936180" version="1" order="13042">
              <Date>2023-01-22</Date>
              <DayTypeRef ref="VTR:DayType:846" version="1"/>
            </DayTypeAssignment>
            <DayTypeAssignment id="VTR:DayTypeAssignment:846_936176" version="1" order="13043">
              <Date>2023-01-27</Date>
              <DayTypeRef ref="VTR:DayType:846" version="1"/>
            </DayTypeAssignment>
            <DayTypeAssignment id="VTR:DayTypeAssignment:846_936175" version="1" order="13044">
              <Date>2023-01-20</Date>
              <DayTypeRef ref="VTR:DayType:846" version="1"/>
            </DayTypeAssignment>
            <DayTypeAssignment id="VTR:DayTypeAssignment:846_929038" version="1" order="13045">
              <Date>2022-11-28</Date>
              <DayTypeRef ref="VTR:DayType:846" version="1"/>
            </DayTypeAssignment>
            <DayTypeAssignment id="VTR:DayTypeAssignment:846_932062" version="1" order="13046">
              <Date>2022-12-31</Date>
              <DayTypeRef ref="VTR:DayType:846" version="1"/>
            </DayTypeAssignment>
            <DayTypeAssignment id="VTR:DayTypeAssignment:846_932054" version="1" order="13047">
              <Date>2022-12-14</Date>
              <DayTypeRef ref="VTR:DayType:846" version="1"/>
            </DayTypeAssignment>
            <DayTypeAssignment id="VTR:DayTypeAssignment:846_929031" version="1" order="13048">
              <Date>2022-12-02</Date>
              <DayTypeRef ref="VTR:DayType:846" version="1"/>
            </DayTypeAssignment>
            <DayTypeAssignment id="VTR:DayTypeAssignment:846_929026" version="1" order="13049">
              <Date>2022-11-04</Date>
              <DayTypeRef ref="VTR:DayType:846" version="1"/>
            </DayTypeAssignment>
            <DayTypeAssignment id="VTR:DayTypeAssignment:846_954266" version="1" order="13050">
              <Date>2023-04-10</Date>
              <DayTypeRef ref="VTR:DayType:846" version="1"/>
            </DayTypeAssignment>
            <DayTypeAssignment id="VTR:DayTypeAssignment:846_954259" version="1" order="13051">
              <Date>2023-04-07</Date>
              <DayTypeRef ref="VTR:DayType:846" version="1"/>
            </DayTypeAssignment>
            <DayTypeAssignment id="VTR:DayTypeAssignment:846_954257" version="1" order="13052">
              <Date>2023-04-06</Date>
              <DayTypeRef ref="VTR:DayType:846" version="1"/>
            </DayTypeAssignment>
            <DayTypeAssignment id="VTR:DayTypeAssignment:846_942827" version="1" order="13053">
              <Date>2023-02-11</Date>
              <DayTypeRef ref="VTR:DayType:846" version="1"/>
            </DayTypeAssignment>
            <DayTypeAssignment id="VTR:DayTypeAssignment:846_942814" version="1" order="13054">
              <Date>2023-02-06</Date>
              <DayTypeRef ref="VTR:DayType:846" version="1"/>
            </DayTypeAssignment>
            <DayTypeAssignment id="VTR:DayTypeAssignment:846_942809" version="1" order="13055">
              <Date>2023-02-17</Date>
              <DayTypeRef ref="VTR:DayType:846" version="1"/>
            </DayTypeAssignment>
            <DayTypeAssignment id="VTR:DayTypeAssignment:846_942805" version="1" order="13056">
              <Date>2023-02-02</Date>
              <DayTypeRef ref="VTR:DayType:846" version="1"/>
            </DayTypeAssignment>
            <DayTypeAssignment id="VTR:DayTypeAssignment:846_942803" version="1" order="13057">
              <Date>2023-02-21</Date>
              <DayTypeRef ref="VTR:DayType:846" version="1"/>
            </DayTypeAssignment>
            <DayTypeAssignment id="VTR:DayTypeAssignment:846_942801" version="1" order="13058">
              <Date>2023-02-07</Date>
              <DayTypeRef ref="VTR:DayType:846" version="1"/>
            </DayTypeAssignment>
            <DayTypeAssignment id="VTR:DayTypeAssignment:846_942800" version="1" order="13059">
              <Date>2023-02-26</Date>
              <DayTypeRef ref="VTR:DayType:846" version="1"/>
            </DayTypeAssignment>
            <DayTypeAssignment id="VTR:DayTypeAssignment:846_947114" version="1" order="13060">
              <Date>2023-03-21</Date>
              <DayTypeRef ref="VTR:DayType:846" version="1"/>
            </DayTypeAssignment>
            <DayTypeAssignment id="VTR:DayTypeAssignment:846_947104" version="1" order="13061">
              <Date>2023-03-17</Date>
              <DayTypeRef ref="VTR:DayType:846" version="1"/>
            </DayTypeAssignment>
            <DayTypeAssignment id="VTR:DayTypeAssignment:846_947096" version="1" order="13062">
              <Date>2023-03-26</Date>
              <DayTypeRef ref="VTR:DayType:846" version="1"/>
            </DayTypeAssignment>
            <DayTypeAssignment id="VTR:DayTypeAssignment:846_936189" version="1" order="13063">
              <Date>2023-01-13</Date>
              <DayTypeRef ref="VTR:DayType:846" version="1"/>
            </DayTypeAssignment>
            <DayTypeAssignment id="VTR:DayTypeAssignment:846_936185" version="1" order="13064">
              <Date>2023-01-11</Date>
              <DayTypeRef ref="VTR:DayType:846" version="1"/>
            </DayTypeAssignment>
            <DayTypeAssignment id="VTR:DayTypeAssignment:846_936174" version="1" order="13065">
              <Date>2023-01-26</Date>
              <DayTypeRef ref="VTR:DayType:846" version="1"/>
            </DayTypeAssignment>
          </dayTypeAssignments>
        </ServiceCalendarFrame>
        <ServiceFrame id="VTR:ServiceFrame:1353" version="1">
          <Network version="0" id="VTR:Network:30"/>
          <routePoints>
            <RoutePoint version="1" id="VTR:RoutePoint:62418">
              <projections>
                <PointProjection version="1" id="VTR:PointProjection:21593">
                  <ProjectedPointRef ref="VTR:ScheduledStopPoint:62418" version="1"/>
                </PointProjection>
              </projections>
            </RoutePoint>
            <RoutePoint version="1" id="VTR:RoutePoint:62419">
              <projections>
                <PointProjection version="1" id="VTR:PointProjection:21594">
                  <ProjectedPointRef ref="VTR:ScheduledStopPoint:62419" version="1"/>
                </PointProjection>
              </projections>
            </RoutePoint>
            <RoutePoint version="1" id="VTR:RoutePoint:62420">
              <projections>
                <PointProjection version="1" id="VTR:PointProjection:21595">
                  <ProjectedPointRef ref="VTR:ScheduledStopPoint:62420" version="1"/>
                </PointProjection>
              </projections>
            </RoutePoint>
            <RoutePoint version="1" id="VTR:RoutePoint:62433">
              <projections>
                <PointProjection version="1" id="VTR:PointProjection:21681">
                  <ProjectedPointRef ref="VTR:ScheduledStopPoint:62433" version="1"/>
                </PointProjection>
              </projections>
            </RoutePoint>
            <RoutePoint version="1" id="VTR:RoutePoint:62434">
              <projections>
                <PointProjection version="1" id="VTR:PointProjection:21682">
                  <ProjectedPointRef ref="VTR:ScheduledStopPoint:62434" version="1"/>
                </PointProjection>
              </projections>
            </RoutePoint>
            <RoutePoint version="1" id="VTR:RoutePoint:62435">
              <projections>
                <PointProjection version="1" id="VTR:PointProjection:21683">
                  <ProjectedPointRef ref="VTR:ScheduledStopPoint:62435" version="1"/>
                </PointProjection>
              </projections>
            </RoutePoint>
          </routePoints>
          <routes>
            <Route version="1" id="VTR:Route:3698">
              <Name>Joniškės kap.-Tauragė</Name>
              <ShortName>Joniškės kap.-Tauragė</ShortName>
              <LineRef ref="VTR:Line:1529" version="1509"/>
              <DirectionType>inbound</DirectionType>
              <pointsInSequence>
                <PointOnRoute version="1" id="VTR:PointOnRoute:62433" order="1">
                  <RoutePointRef ref="VTR:RoutePoint:62433"/>
                </PointOnRoute>
                <PointOnRoute version="1" id="VTR:PointOnRoute:62434" order="2">
                  <RoutePointRef ref="VTR:RoutePoint:62434"/>
                </PointOnRoute>
                <PointOnRoute version="1" id="VTR:PointOnRoute:62435" order="3">
                  <RoutePointRef ref="VTR:RoutePoint:62435"/>
                </PointOnRoute>
              </pointsInSequence>
            </Route>
            <Route version="1" id="VTR:Route:3697">
              <Name>Tauragė-Joniškės kap.</Name>
              <ShortName>Tauragė-Joniškės kap.</ShortName>
              <LineRef ref="VTR:Line:1529" version="1509"/>
              <DirectionType>outbound</DirectionType>
              <pointsInSequence>
                <PointOnRoute version="1" id="VTR:PointOnRoute:62418" order="1">
                  <RoutePointRef ref="VTR:RoutePoint:62418"/>
                </PointOnRoute>
                <PointOnRoute version="1" id="VTR:PointOnRoute:62419" order="2">
                  <RoutePointRef ref="VTR:RoutePoint:62419"/>
                </PointOnRoute>
                <PointOnRoute version="1" id="VTR:PointOnRoute:62420" order="3">
                  <RoutePointRef ref="VTR:RoutePoint:62420"/>
                </PointOnRoute>
              </pointsInSequence>
            </Route>
          </routes>
          <lines>
            <Line version="1509" id="VTR:Line:1529">
              <Name>Tauragė-Joniškės kapinės</Name>
              <TransportMode>bus</TransportMode>
              <TransportSubmode>
                <BusSubmode>regionalBus</BusSubmode>
              </TransportSubmode>
              <PublicCode>73</PublicCode>
              <OperatorRef ref="VTR:Operator:30"/>
            </Line>
          </lines>
          <scheduledStopPoints>
            <ScheduledStopPoint version="1" id="VTR:ScheduledStopPoint:62418">
              <Name>Tauragės autobusų stotis</Name>
            </ScheduledStopPoint>
            <ScheduledStopPoint version="1" id="VTR:ScheduledStopPoint:62419">
              <Name>Straguvė</Name>
            </ScheduledStopPoint>
            <ScheduledStopPoint version="1" id="VTR:ScheduledStopPoint:62420">
              <Name>Joniškės kapinės</Name>
            </ScheduledStopPoint>
            <ScheduledStopPoint version="1" id="VTR:ScheduledStopPoint:62433">
              <Name>Joniškės kapinės</Name>
            </ScheduledStopPoint>
            <ScheduledStopPoint version="1" id="VTR:ScheduledStopPoint:62434">
              <Name>Straguvė</Name>
            </ScheduledStopPoint>
            <ScheduledStopPoint version="1" id="VTR:ScheduledStopPoint:62435">
              <Name>Tauragės autobusų stotis</Name>
            </ScheduledStopPoint>
          </scheduledStopPoints>
          <serviceLinks>
            <ServiceLink id="VTR:ServiceLink:62433_1_62434_1" version="1">
              <Distance>4</Distance>
              <FromPointRef ref="VTR:ScheduledStopPoint:62433" version="1"/>
              <ToPointRef ref="VTR:ScheduledStopPoint:62434" version="1"/>
            </ServiceLink>
            <ServiceLink id="VTR:ServiceLink:62418_1_62419_1" version="1">
              <Distance>4</Distance>
              <FromPointRef ref="VTR:ScheduledStopPoint:62418" version="1"/>
              <ToPointRef ref="VTR:ScheduledStopPoint:62419" version="1"/>
            </ServiceLink>
            <ServiceLink id="VTR:ServiceLink:62434_1_62435_1" version="1">
              <Distance>4</Distance>
              <FromPointRef ref="VTR:ScheduledStopPoint:62434" version="1"/>
              <ToPointRef ref="VTR:ScheduledStopPoint:62435" version="1"/>
            </ServiceLink>
            <ServiceLink id="VTR:ServiceLink:62419_1_62420_1" version="1">
              <Distance>4</Distance>
              <FromPointRef ref="VTR:ScheduledStopPoint:62419" version="1"/>
              <ToPointRef ref="VTR:ScheduledStopPoint:62420" version="1"/>
            </ServiceLink>
          </serviceLinks>
          <stopAssignments>
            <PassengerStopAssignment order="369700000" id="VTR:PassengerStopAssignment:62418" version="1">
              <ScheduledStopPointRef ref="VTR:ScheduledStopPoint:62418" version="1"/>
              <QuayRef ref="VTR:Quay:19474"/>
            </PassengerStopAssignment>
            <PassengerStopAssignment order="369700001" id="VTR:PassengerStopAssignment:62419" version="1">
              <ScheduledStopPointRef ref="VTR:ScheduledStopPoint:62419" version="1"/>
              <QuayRef ref="VTR:Quay:10169"/>
            </PassengerStopAssignment>
            <PassengerStopAssignment order="369700002" id="VTR:PassengerStopAssignment:62420" version="1">
              <ScheduledStopPointRef ref="VTR:ScheduledStopPoint:62420" version="1"/>
              <QuayRef ref="VTR:Quay:20423"/>
            </PassengerStopAssignment>
            <PassengerStopAssignment order="369800000" id="VTR:PassengerStopAssignment:62433" version="1">
              <ScheduledStopPointRef ref="VTR:ScheduledStopPoint:62433" version="1"/>
              <QuayRef ref="VTR:Quay:20423"/>
            </PassengerStopAssignment>
            <PassengerStopAssignment order="369800001" id="VTR:PassengerStopAssignment:62434" version="1">
              <ScheduledStopPointRef ref="VTR:ScheduledStopPoint:62434" version="1"/>
              <QuayRef ref="VTR:Quay:11177"/>
            </PassengerStopAssignment>
            <PassengerStopAssignment order="369800002" id="VTR:PassengerStopAssignment:62435" version="1">
              <ScheduledStopPointRef ref="VTR:ScheduledStopPoint:62435" version="1"/>
              <QuayRef ref="VTR:Quay:19474"/>
            </PassengerStopAssignment>
          </stopAssignments>
          <journeyPatterns>
            <JourneyPattern id="VTR:JourneyPattern:45833" version="45812">
              <Name>2</Name>
              <RouteRef ref="VTR:Route:3698" version="1"/>
              <pointsInSequence>
                <StopPointInJourneyPattern id="VTR:StopPointInJourneyPattern:959554" version="45812" order="1">
                  <ScheduledStopPointRef ref="VTR:ScheduledStopPoint:62433"/>
                  <ForAlighting>false</ForAlighting>
                  <DestinationDisplayRef ref="VTR:DestinationDisplay:1"/>
                </StopPointInJourneyPattern>
                <StopPointInJourneyPattern id="VTR:StopPointInJourneyPattern:959555" version="45812" order="2">
                  <ScheduledStopPointRef ref="VTR:ScheduledStopPoint:62434"/>
                  <DestinationDisplayRef ref="VTR:DestinationDisplay:1"/>
                </StopPointInJourneyPattern>
                <StopPointInJourneyPattern id="VTR:StopPointInJourneyPattern:959556" version="45812" order="3">
                  <ScheduledStopPointRef ref="VTR:ScheduledStopPoint:62435"/>
                  <ForBoarding>false</ForBoarding>
                  <DestinationDisplayRef ref="VTR:DestinationDisplay:1"/>
                </StopPointInJourneyPattern>
              </pointsInSequence>
            </JourneyPattern>
            <JourneyPattern id="VTR:JourneyPattern:45832" version="45811">
              <Name>1</Name>
              <RouteRef ref="VTR:Route:3697" version="1"/>
              <pointsInSequence>
                <StopPointInJourneyPattern id="VTR:StopPointInJourneyPattern:959551" version="45811" order="1">
                  <ScheduledStopPointRef ref="VTR:ScheduledStopPoint:62418"/>
                  <ForAlighting>false</ForAlighting>
                  <DestinationDisplayRef ref="VTR:DestinationDisplay:1"/>
                </StopPointInJourneyPattern>
                <StopPointInJourneyPattern id="VTR:StopPointInJourneyPattern:959552" version="45811" order="2">
                  <ScheduledStopPointRef ref="VTR:ScheduledStopPoint:62419"/>
                  <DestinationDisplayRef ref="VTR:DestinationDisplay:1"/>
                </StopPointInJourneyPattern>
                <StopPointInJourneyPattern id="VTR:StopPointInJourneyPattern:959553" version="45811" order="3">
                  <ScheduledStopPointRef ref="VTR:ScheduledStopPoint:62420"/>
                  <ForBoarding>false</ForBoarding>
                  <DestinationDisplayRef ref="VTR:DestinationDisplay:1"/>
                </StopPointInJourneyPattern>
              </pointsInSequence>
            </JourneyPattern>
          </journeyPatterns>
        </ServiceFrame>
        <TimetableFrame version="1" id="VTR:TimetableFrame:1353">
          <vehicleJourneys>
            <ServiceJourney version="45812" id="VTR:ServiceJourney:45833">
              <Name>Joniškės kap.-Tauragė</Name>
              <PrivateCode>2</PrivateCode>
              <dayTypes>
                <DayTypeRef ref="VTR:DayType:846"/>
              </dayTypes>
              <JourneyPatternRef version="45812" ref="VTR:JourneyPattern:45833"/>
              <OperatorRef ref="VTR:Operator:525"/>
              <LineRef ref="VTR:Line:1529" version="1509"/>
              <passingTimes>
                <TimetabledPassingTime version="45812" id="VTR:TimetabledPassingTime:45833_959554_1">
                  <StopPointInJourneyPatternRef ref="VTR:StopPointInJourneyPattern:959554" version="45812"/>
                  <DepartureTime>13:20:00</DepartureTime>
                  <DepartureDayOffset>0</DepartureDayOffset>
                </TimetabledPassingTime>
                <TimetabledPassingTime version="45812" id="VTR:TimetabledPassingTime:45833_959555_2">
                  <StopPointInJourneyPatternRef ref="VTR:StopPointInJourneyPattern:959555" version="45812"/>
                  <DepartureTime>13:27:00</DepartureTime>
                  <DepartureDayOffset>0</DepartureDayOffset>
                </TimetabledPassingTime>
                <TimetabledPassingTime version="45812" id="VTR:TimetabledPassingTime:45833_959556_3">
                  <StopPointInJourneyPatternRef ref="VTR:StopPointInJourneyPattern:959556" version="45812"/>
                  <DepartureTime>13:35:00</DepartureTime>
                  <DepartureDayOffset>0</DepartureDayOffset>
                </TimetabledPassingTime>
              </passingTimes>
            </ServiceJourney>
            <ServiceJourney version="45811" id="VTR:ServiceJourney:45832">
              <Name>Tauragė-Joniškės kap.</Name>
              <PrivateCode>1</PrivateCode>
              <dayTypes>
                <DayTypeRef ref="VTR:DayType:846"/>
              </dayTypes>
              <JourneyPatternRef version="45811" ref="VTR:JourneyPattern:45832"/>
              <OperatorRef ref="VTR:Operator:525"/>
              <LineRef ref="VTR:Line:1529" version="1509"/>
              <passingTimes>
                <TimetabledPassingTime version="45811" id="VTR:TimetabledPassingTime:45832_959551_1">
                  <StopPointInJourneyPatternRef ref="VTR:StopPointInJourneyPattern:959551" version="45811"/>
                  <DepartureTime>11:00:00</DepartureTime>
                  <DepartureDayOffset>0</DepartureDayOffset>
                </TimetabledPassingTime>
                <TimetabledPassingTime version="45811" id="VTR:TimetabledPassingTime:45832_959552_2">
                  <StopPointInJourneyPatternRef ref="VTR:StopPointInJourneyPattern:959552" version="45811"/>
                  <DepartureTime>11:08:00</DepartureTime>
                  <DepartureDayOffset>0</DepartureDayOffset>
                </TimetabledPassingTime>
                <TimetabledPassingTime version="45811" id="VTR:TimetabledPassingTime:45832_959553_3">
                  <StopPointInJourneyPatternRef ref="VTR:StopPointInJourneyPattern:959553" version="45811"/>
                  <DepartureTime>11:15:00</DepartureTime>
                  <DepartureDayOffset>0</DepartureDayOffset>
                </TimetabledPassingTime>
              </passingTimes>
            </ServiceJourney>
          </vehicleJourneys>
        </TimetableFrame>
        <ResourceFrame version="1" id="VTR:ResourceFrame:1353">
          <organisations>
            <Authority version="1" id="VTR:Authority:30">
              <CompanyNumber>77</CompanyNumber>
              <Name>Tauragės r. sav.</Name>
              <LegalName>Tauragės r. sav.</LegalName>
              <ContactDetails>
                <Email>savivalda@taurage.lt</Email>
                <Phone>844662813</Phone>
                <Url>www.taurage.lt</Url>
              </ContactDetails>
              <OrganisationType>authority</OrganisationType>
            </Authority>
          </organisations>
        </ResourceFrame>
        <FareFrame id="VTR:FareFrame:1529" version="1">
          <FrameDefaults>
            <DefaultCurrency>EUR</DefaultCurrency>
          </FrameDefaults>
          <fareStructureElements>
            <FareStructureElement id="VTR:FareStructureElement:pricematrix" version="1">
              <distanceMatrixElements>
                <DistanceMatrixElementRef ref="VTR:DistanceMatrixElement:959551to959553" version="1"/>
                <DistanceMatrixElementRef ref="VTR:DistanceMatrixElement:959551to959552" version="1"/>
                <DistanceMatrixElementRef ref="VTR:DistanceMatrixElement:959554to959556" version="1"/>
                <DistanceMatrixElementRef ref="VTR:DistanceMatrixElement:959554to959555" version="1"/>
                <DistanceMatrixElementRef ref="VTR:DistanceMatrixElement:959552to959553" version="1"/>
                <DistanceMatrixElementRef ref="VTR:DistanceMatrixElement:959555to959556" version="1"/>
              </distanceMatrixElements>
            </FareStructureElement>
          </fareStructureElements>
          <tariffs>
            <Tariff id="VTR:Tariff:pointToPointInSeparateJourney_1529" version="1">
              <Name>Point to point tariff</Name>
              <distanceMatrixElements>
                <DistanceMatrixElement id="VTR:DistanceMatrixElement:959551to959553" version="1">
                  <Name>Tauragės autobusų stotis to Joniškės kapinės</Name>
                  <StartStopPointRef ref="VTR:ScheduledStopPoint:62418" version="1"/>
                  <EndStopPointRef ref="VTR:ScheduledStopPoint:62420" version="1"/>
                  <prices>
                    <DistanceMatrixElementPrice id="VTR:DistanceMatrixElementPrice:959551to959553" version="1">
                      <Amount>0.9</Amount>
                      <DistanceMatrixElementRef ref="VTR:DistanceMatrixElement:959551to959553" version="1"/>
                    </DistanceMatrixElementPrice>
                  </prices>
                </DistanceMatrixElement>
                <DistanceMatrixElement id="VTR:DistanceMatrixElement:959551to959552" version="1">
                  <Name>Tauragės autobusų stotis to Straguvė</Name>
                  <StartStopPointRef ref="VTR:ScheduledStopPoint:62418" version="1"/>
                  <EndStopPointRef ref="VTR:ScheduledStopPoint:62419" version="1"/>
                  <prices>
                    <DistanceMatrixElementPrice id="VTR:DistanceMatrixElementPrice:959551to959552" version="1">
                      <Amount>0.6</Amount>
                      <DistanceMatrixElementRef ref="VTR:DistanceMatrixElement:959551to959552" version="1"/>
                    </DistanceMatrixElementPrice>
                  </prices>
                </DistanceMatrixElement>
                <DistanceMatrixElement id="VTR:DistanceMatrixElement:959554to959556" version="1">
                  <Name>Joniškės kapinės to Tauragės autobusų stotis</Name>
                  <StartStopPointRef ref="VTR:ScheduledStopPoint:62433" version="1"/>
                  <EndStopPointRef ref="VTR:ScheduledStopPoint:62435" version="1"/>
                  <prices>
                    <DistanceMatrixElementPrice id="VTR:DistanceMatrixElementPrice:959554to959556" version="1">
                      <Amount>0.9</Amount>
                      <DistanceMatrixElementRef ref="VTR:DistanceMatrixElement:959554to959556" version="1"/>
                    </DistanceMatrixElementPrice>
                  </prices>
                </DistanceMatrixElement>
                <DistanceMatrixElement id="VTR:DistanceMatrixElement:959554to959555" version="1">
                  <Name>Joniškės kapinės to Straguvė</Name>
                  <StartStopPointRef ref="VTR:ScheduledStopPoint:62433" version="1"/>
                  <EndStopPointRef ref="VTR:ScheduledStopPoint:62434" version="1"/>
                  <prices>
                    <DistanceMatrixElementPrice id="VTR:DistanceMatrixElementPrice:959554to959555" version="1">
                      <Amount>0.6</Amount>
                      <DistanceMatrixElementRef ref="VTR:DistanceMatrixElement:959554to959555" version="1"/>
                    </DistanceMatrixElementPrice>
                  </prices>
                </DistanceMatrixElement>
                <DistanceMatrixElement id="VTR:DistanceMatrixElement:959552to959553" version="1">
                  <Name>Straguvė to Joniškės kapinės</Name>
                  <StartStopPointRef ref="VTR:ScheduledStopPoint:62419" version="1"/>
                  <EndStopPointRef ref="VTR:ScheduledStopPoint:62420" version="1"/>
                  <prices>
                    <DistanceMatrixElementPrice id="VTR:DistanceMatrixElementPrice:959552to959553" version="1">
                      <Amount>0.6</Amount>
                      <DistanceMatrixElementRef ref="VTR:DistanceMatrixElement:959552to959553" version="1"/>
                    </DistanceMatrixElementPrice>
                  </prices>
                </DistanceMatrixElement>
                <DistanceMatrixElement id="VTR:DistanceMatrixElement:959555to959556" version="1">
                  <Name>Straguvė to Tauragės autobusų stotis</Name>
                  <StartStopPointRef ref="VTR:ScheduledStopPoint:62434" version="1"/>
                  <EndStopPointRef ref="VTR:ScheduledStopPoint:62435" version="1"/>
                  <prices>
                    <DistanceMatrixElementPrice id="VTR:DistanceMatrixElementPrice:959555to959556" version="1">
                      <Amount>0.6</Amount>
                      <DistanceMatrixElementRef ref="VTR:DistanceMatrixElement:959555to959556" version="1"/>
                    </DistanceMatrixElementPrice>
                  </prices>
                </DistanceMatrixElement>
              </distanceMatrixElements>
            </Tariff>
          </tariffs>
          <usageParameters>
            <FrequencyOfUse id="VTR:FrequencyOfUse:oneTrip" version="1">
              <FrequencyOfUseType>unlimited</FrequencyOfUseType>
              <MaximalFrequency>1</MaximalFrequency>
            </FrequencyOfUse>
          </usageParameters>
        </FareFrame>
      </frames>
    </CompositeFrame>
  </dataObjects>
</PublicationDelivery>
