<?xml version="1.0" encoding="UTF-8"?><PublicationDelivery xmlns="http://www.netex.org.uk/netex" xmlns:gis="http://www.opengis.net/gml/3.2" xmlns:ns2="http://www.opengis.net/gml/3.2" xmlns:ns3="http://www.siri.org.uk/siri" xmlns:xsi="http://www.w3.org/2001/XMLSchema-instance" version="1" xsi:schemaLocation="">
  <PublicationTimestamp>2022-05-07T05:00:00.232</PublicationTimestamp>
  <ParticipantRef>VTR</ParticipantRef>
  <Description>1</Description>
  <dataObjects>
    <CompositeFrame created="2022-05-07T05:00:00.232" version="1" id="VTR:CompositeFrame:1400">
      <validityConditions>
        <AvailabilityCondition version="1" id="VTR:AvailabilityCondition:1400">
          <FromDate>2015-09-07T10:48:25</FromDate>
          <ToDate>2027-12-30T00:00:00</ToDate>
        </AvailabilityCondition>
      </validityConditions>
      <codespaces>
        <Codespace id="vtr">
          <Xmlns>VTR</Xmlns>
          <XmlnsUrl>http://www.visimarsrutai.lt/</XmlnsUrl>
        </Codespace>
      </codespaces>
      <FrameDefaults>
        <DefaultLocale>
          <TimeZone>Europe/Vilnius</TimeZone>
        </DefaultLocale>
        <DefaultLocationSystem>WGS84</DefaultLocationSystem>
      </FrameDefaults>
      <frames>
        <ServiceCalendarFrame version="1" id="VTR:ServiceCalendarFrame:1400">
          <dayTypes>
            <DayType id="VTR:DayType:1602" version="1">
              <properties>
                <PropertyOfDay>
                  <DaysOfWeek>Monday Wednesday Saturday</DaysOfWeek>
                </PropertyOfDay>
              </properties>
            </DayType>
          </dayTypes>
          <operatingPeriods>
            <OperatingPeriod version="1" id="VTR:OperatingPeriod:1602">
              <FromDate>2015-05-01T00:00:00</FromDate>
              <ToDate>2020-10-15T00:00:00</ToDate>
            </OperatingPeriod>
          </operatingPeriods>
          <dayTypeAssignments>
            <DayTypeAssignment id="VTR:DayTypeAssignment:1602_0" version="1" order="1528">
              <OperatingPeriodRef ref="VTR:OperatingPeriod:1602" version="1"/>
              <DayTypeRef ref="VTR:DayType:1602" version="1"/>
            </DayTypeAssignment>
          </dayTypeAssignments>
        </ServiceCalendarFrame>
        <ServiceFrame id="VTR:ServiceFrame:1400" version="1">
          <Network version="0" id="VTR:Network:32"/>
          <routePoints>
            <RoutePoint version="1" id="VTR:RoutePoint:88124">
              <projections>
                <PointProjection version="1" id="VTR:PointProjection:27663">
                  <ProjectedPointRef ref="VTR:ScheduledStopPoint:88124" version="1"/>
                </PointProjection>
              </projections>
            </RoutePoint>
            <RoutePoint version="1" id="VTR:RoutePoint:88125">
              <projections>
                <PointProjection version="1" id="VTR:PointProjection:27664">
                  <ProjectedPointRef ref="VTR:ScheduledStopPoint:88125" version="1"/>
                </PointProjection>
              </projections>
            </RoutePoint>
            <RoutePoint version="1" id="VTR:RoutePoint:88127">
              <projections>
                <PointProjection version="1" id="VTR:PointProjection:27665">
                  <ProjectedPointRef ref="VTR:ScheduledStopPoint:88127" version="1"/>
                </PointProjection>
              </projections>
            </RoutePoint>
            <RoutePoint version="1" id="VTR:RoutePoint:88128">
              <projections>
                <PointProjection version="1" id="VTR:PointProjection:27666">
                  <ProjectedPointRef ref="VTR:ScheduledStopPoint:88128" version="1"/>
                </PointProjection>
              </projections>
            </RoutePoint>
            <RoutePoint version="1" id="VTR:RoutePoint:88129">
              <projections>
                <PointProjection version="1" id="VTR:PointProjection:27667">
                  <ProjectedPointRef ref="VTR:ScheduledStopPoint:88129" version="1"/>
                </PointProjection>
              </projections>
            </RoutePoint>
            <RoutePoint version="1" id="VTR:RoutePoint:88130">
              <projections>
                <PointProjection version="1" id="VTR:PointProjection:27668">
                  <ProjectedPointRef ref="VTR:ScheduledStopPoint:88130" version="1"/>
                </PointProjection>
              </projections>
            </RoutePoint>
            <RoutePoint version="1" id="VTR:RoutePoint:88131">
              <projections>
                <PointProjection version="1" id="VTR:PointProjection:27669">
                  <ProjectedPointRef ref="VTR:ScheduledStopPoint:88131" version="1"/>
                </PointProjection>
              </projections>
            </RoutePoint>
            <RoutePoint version="1" id="VTR:RoutePoint:88132">
              <projections>
                <PointProjection version="1" id="VTR:PointProjection:27670">
                  <ProjectedPointRef ref="VTR:ScheduledStopPoint:88132" version="1"/>
                </PointProjection>
              </projections>
            </RoutePoint>
            <RoutePoint version="1" id="VTR:RoutePoint:88133">
              <projections>
                <PointProjection version="1" id="VTR:PointProjection:27671">
                  <ProjectedPointRef ref="VTR:ScheduledStopPoint:88133" version="1"/>
                </PointProjection>
              </projections>
            </RoutePoint>
            <RoutePoint version="1" id="VTR:RoutePoint:88134">
              <projections>
                <PointProjection version="1" id="VTR:PointProjection:27672">
                  <ProjectedPointRef ref="VTR:ScheduledStopPoint:88134" version="1"/>
                </PointProjection>
              </projections>
            </RoutePoint>
          </routePoints>
          <routes>
            <Route version="1" id="VTR:Route:5271">
              <Name>Trakai - "Gilušio" sodai</Name>
              <ShortName>Trakai - "Gilušio" sodai</ShortName>
              <LineRef ref="VTR:Line:2078" version="2099"/>
              <DirectionType>outbound</DirectionType>
              <pointsInSequence>
                <PointOnRoute version="1" id="VTR:PointOnRoute:88124" order="1">
                  <RoutePointRef ref="VTR:RoutePoint:88124"/>
                </PointOnRoute>
                <PointOnRoute version="1" id="VTR:PointOnRoute:88125" order="2">
                  <RoutePointRef ref="VTR:RoutePoint:88125"/>
                </PointOnRoute>
                <PointOnRoute version="1" id="VTR:PointOnRoute:88127" order="3">
                  <RoutePointRef ref="VTR:RoutePoint:88127"/>
                </PointOnRoute>
                <PointOnRoute version="1" id="VTR:PointOnRoute:88128" order="4">
                  <RoutePointRef ref="VTR:RoutePoint:88128"/>
                </PointOnRoute>
                <PointOnRoute version="1" id="VTR:PointOnRoute:88129" order="5">
                  <RoutePointRef ref="VTR:RoutePoint:88129"/>
                </PointOnRoute>
              </pointsInSequence>
            </Route>
            <Route version="1" id="VTR:Route:5272">
              <Name>"Gilušio" sodai - Trakai</Name>
              <ShortName>"Gilušio" sodai - Trakai</ShortName>
              <LineRef ref="VTR:Line:2078" version="2099"/>
              <DirectionType>inbound</DirectionType>
              <pointsInSequence>
                <PointOnRoute version="1" id="VTR:PointOnRoute:88130" order="1">
                  <RoutePointRef ref="VTR:RoutePoint:88130"/>
                </PointOnRoute>
                <PointOnRoute version="1" id="VTR:PointOnRoute:88131" order="2">
                  <RoutePointRef ref="VTR:RoutePoint:88131"/>
                </PointOnRoute>
                <PointOnRoute version="1" id="VTR:PointOnRoute:88132" order="3">
                  <RoutePointRef ref="VTR:RoutePoint:88132"/>
                </PointOnRoute>
                <PointOnRoute version="1" id="VTR:PointOnRoute:88133" order="4">
                  <RoutePointRef ref="VTR:RoutePoint:88133"/>
                </PointOnRoute>
                <PointOnRoute version="1" id="VTR:PointOnRoute:88134" order="5">
                  <RoutePointRef ref="VTR:RoutePoint:88134"/>
                </PointOnRoute>
              </pointsInSequence>
            </Route>
          </routes>
          <lines>
            <Line version="2099" id="VTR:Line:2078">
              <Name>Trakai - "Gilušio" sodai</Name>
              <TransportMode>bus</TransportMode>
              <TransportSubmode>
                <BusSubmode>regionalBus</BusSubmode>
              </TransportSubmode>
              <PublicCode>254</PublicCode>
              <OperatorRef ref="VTR:Operator:32"/>
            </Line>
          </lines>
          <scheduledStopPoints>
            <ScheduledStopPoint version="1" id="VTR:ScheduledStopPoint:88124">
              <Name>Trakų autobusų stotis</Name>
            </ScheduledStopPoint>
            <ScheduledStopPoint version="1" id="VTR:ScheduledStopPoint:88125">
              <Name>Rėkalnis</Name>
            </ScheduledStopPoint>
            <ScheduledStopPoint version="1" id="VTR:ScheduledStopPoint:88127">
              <Name>Bražuolė</Name>
            </ScheduledStopPoint>
            <ScheduledStopPoint version="1" id="VTR:ScheduledStopPoint:88128">
              <Name>Bražuolė</Name>
            </ScheduledStopPoint>
            <ScheduledStopPoint version="1" id="VTR:ScheduledStopPoint:88129">
              <Name>"Gilušio" sodai</Name>
            </ScheduledStopPoint>
            <ScheduledStopPoint version="1" id="VTR:ScheduledStopPoint:88130">
              <Name>"Gilušio" sodai</Name>
            </ScheduledStopPoint>
            <ScheduledStopPoint version="1" id="VTR:ScheduledStopPoint:88131">
              <Name>Bražuolė</Name>
            </ScheduledStopPoint>
            <ScheduledStopPoint version="1" id="VTR:ScheduledStopPoint:88132">
              <Name>Bražuolė</Name>
            </ScheduledStopPoint>
            <ScheduledStopPoint version="1" id="VTR:ScheduledStopPoint:88133">
              <Name>Rėkalnis</Name>
            </ScheduledStopPoint>
            <ScheduledStopPoint version="1" id="VTR:ScheduledStopPoint:88134">
              <Name>Trakų autobusų stotis</Name>
            </ScheduledStopPoint>
          </scheduledStopPoints>
          <serviceLinks>
            <ServiceLink id="VTR:ServiceLink:88132_1_88133_1" version="1">
              <Distance>2</Distance>
              <FromPointRef ref="VTR:ScheduledStopPoint:88132" version="1"/>
              <ToPointRef ref="VTR:ScheduledStopPoint:88133" version="1"/>
            </ServiceLink>
            <ServiceLink id="VTR:ServiceLink:88130_1_88131_1" version="1">
              <Distance>1</Distance>
              <FromPointRef ref="VTR:ScheduledStopPoint:88130" version="1"/>
              <ToPointRef ref="VTR:ScheduledStopPoint:88131" version="1"/>
            </ServiceLink>
            <ServiceLink id="VTR:ServiceLink:88131_1_88132_1" version="1">
              <Distance>1</Distance>
              <FromPointRef ref="VTR:ScheduledStopPoint:88131" version="1"/>
              <ToPointRef ref="VTR:ScheduledStopPoint:88132" version="1"/>
            </ServiceLink>
            <ServiceLink id="VTR:ServiceLink:88125_1_88127_1" version="1">
              <Distance>3</Distance>
              <FromPointRef ref="VTR:ScheduledStopPoint:88125" version="1"/>
              <ToPointRef ref="VTR:ScheduledStopPoint:88127" version="1"/>
            </ServiceLink>
            <ServiceLink id="VTR:ServiceLink:88124_1_88125_1" version="1">
              <Distance>3</Distance>
              <FromPointRef ref="VTR:ScheduledStopPoint:88124" version="1"/>
              <ToPointRef ref="VTR:ScheduledStopPoint:88125" version="1"/>
            </ServiceLink>
            <ServiceLink id="VTR:ServiceLink:88128_1_88129_1" version="1">
              <Distance>1</Distance>
              <FromPointRef ref="VTR:ScheduledStopPoint:88128" version="1"/>
              <ToPointRef ref="VTR:ScheduledStopPoint:88129" version="1"/>
            </ServiceLink>
            <ServiceLink id="VTR:ServiceLink:88127_1_88128_1" version="1">
              <Distance>1</Distance>
              <FromPointRef ref="VTR:ScheduledStopPoint:88127" version="1"/>
              <ToPointRef ref="VTR:ScheduledStopPoint:88128" version="1"/>
            </ServiceLink>
            <ServiceLink id="VTR:ServiceLink:88133_1_88134_1" version="1">
              <Distance>3</Distance>
              <FromPointRef ref="VTR:ScheduledStopPoint:88133" version="1"/>
              <ToPointRef ref="VTR:ScheduledStopPoint:88134" version="1"/>
            </ServiceLink>
          </serviceLinks>
          <stopAssignments>
            <PassengerStopAssignment order="527100000" id="VTR:PassengerStopAssignment:88124" version="1">
              <ScheduledStopPointRef ref="VTR:ScheduledStopPoint:88124" version="1"/>
              <QuayRef ref="VTR:Quay:19455"/>
            </PassengerStopAssignment>
            <PassengerStopAssignment order="527100001" id="VTR:PassengerStopAssignment:88125" version="1">
              <ScheduledStopPointRef ref="VTR:ScheduledStopPoint:88125" version="1"/>
              <QuayRef ref="VTR:Quay:6157"/>
            </PassengerStopAssignment>
            <PassengerStopAssignment order="527100002" id="VTR:PassengerStopAssignment:88127" version="1">
              <ScheduledStopPointRef ref="VTR:ScheduledStopPoint:88127" version="1"/>
              <QuayRef ref="VTR:Quay:3961"/>
            </PassengerStopAssignment>
            <PassengerStopAssignment order="527100003" id="VTR:PassengerStopAssignment:88128" version="1">
              <ScheduledStopPointRef ref="VTR:ScheduledStopPoint:88128" version="1"/>
              <QuayRef ref="VTR:Quay:13664"/>
            </PassengerStopAssignment>
            <PassengerStopAssignment order="527100004" id="VTR:PassengerStopAssignment:88129" version="1">
              <ScheduledStopPointRef ref="VTR:ScheduledStopPoint:88129" version="1"/>
              <QuayRef ref="VTR:Quay:22095"/>
            </PassengerStopAssignment>
            <PassengerStopAssignment order="527200000" id="VTR:PassengerStopAssignment:88130" version="1">
              <ScheduledStopPointRef ref="VTR:ScheduledStopPoint:88130" version="1"/>
              <QuayRef ref="VTR:Quay:22095"/>
            </PassengerStopAssignment>
            <PassengerStopAssignment order="527200001" id="VTR:PassengerStopAssignment:88131" version="1">
              <ScheduledStopPointRef ref="VTR:ScheduledStopPoint:88131" version="1"/>
              <QuayRef ref="VTR:Quay:5961"/>
            </PassengerStopAssignment>
            <PassengerStopAssignment order="527200002" id="VTR:PassengerStopAssignment:88132" version="1">
              <ScheduledStopPointRef ref="VTR:ScheduledStopPoint:88132" version="1"/>
              <QuayRef ref="VTR:Quay:14792"/>
            </PassengerStopAssignment>
            <PassengerStopAssignment order="527200003" id="VTR:PassengerStopAssignment:88133" version="1">
              <ScheduledStopPointRef ref="VTR:ScheduledStopPoint:88133" version="1"/>
              <QuayRef ref="VTR:Quay:6889"/>
            </PassengerStopAssignment>
            <PassengerStopAssignment order="527200004" id="VTR:PassengerStopAssignment:88134" version="1">
              <ScheduledStopPointRef ref="VTR:ScheduledStopPoint:88134" version="1"/>
              <QuayRef ref="VTR:Quay:19455"/>
            </PassengerStopAssignment>
          </stopAssignments>
          <journeyPatterns>
            <JourneyPattern id="VTR:JourneyPattern:48422" version="48425">
              <Name>254</Name>
              <RouteRef ref="VTR:Route:5271" version="1"/>
              <pointsInSequence>
                <StopPointInJourneyPattern id="VTR:StopPointInJourneyPattern:999577" version="48425" order="1">
                  <ScheduledStopPointRef ref="VTR:ScheduledStopPoint:88124"/>
                  <DestinationDisplayRef ref="VTR:DestinationDisplay:1"/>
                </StopPointInJourneyPattern>
                <StopPointInJourneyPattern id="VTR:StopPointInJourneyPattern:999578" version="48425" order="2">
                  <ScheduledStopPointRef ref="VTR:ScheduledStopPoint:88125"/>
                  <DestinationDisplayRef ref="VTR:DestinationDisplay:1"/>
                </StopPointInJourneyPattern>
                <StopPointInJourneyPattern id="VTR:StopPointInJourneyPattern:999579" version="48425" order="3">
                  <ScheduledStopPointRef ref="VTR:ScheduledStopPoint:88127"/>
                  <DestinationDisplayRef ref="VTR:DestinationDisplay:1"/>
                </StopPointInJourneyPattern>
                <StopPointInJourneyPattern id="VTR:StopPointInJourneyPattern:999580" version="48425" order="4">
                  <ScheduledStopPointRef ref="VTR:ScheduledStopPoint:88128"/>
                  <DestinationDisplayRef ref="VTR:DestinationDisplay:1"/>
                </StopPointInJourneyPattern>
                <StopPointInJourneyPattern id="VTR:StopPointInJourneyPattern:999581" version="48425" order="5">
                  <ScheduledStopPointRef ref="VTR:ScheduledStopPoint:88129"/>
                  <DestinationDisplayRef ref="VTR:DestinationDisplay:1"/>
                </StopPointInJourneyPattern>
              </pointsInSequence>
            </JourneyPattern>
            <JourneyPattern id="VTR:JourneyPattern:48425" version="48428">
              <Name>254_3</Name>
              <RouteRef ref="VTR:Route:5272" version="1"/>
              <pointsInSequence>
                <StopPointInJourneyPattern id="VTR:StopPointInJourneyPattern:999592" version="48428" order="1">
                  <ScheduledStopPointRef ref="VTR:ScheduledStopPoint:88130"/>
                  <DestinationDisplayRef ref="VTR:DestinationDisplay:1"/>
                </StopPointInJourneyPattern>
                <StopPointInJourneyPattern id="VTR:StopPointInJourneyPattern:999593" version="48428" order="2">
                  <ScheduledStopPointRef ref="VTR:ScheduledStopPoint:88131"/>
                  <DestinationDisplayRef ref="VTR:DestinationDisplay:1"/>
                </StopPointInJourneyPattern>
                <StopPointInJourneyPattern id="VTR:StopPointInJourneyPattern:999594" version="48428" order="3">
                  <ScheduledStopPointRef ref="VTR:ScheduledStopPoint:88132"/>
                  <DestinationDisplayRef ref="VTR:DestinationDisplay:1"/>
                </StopPointInJourneyPattern>
                <StopPointInJourneyPattern id="VTR:StopPointInJourneyPattern:999595" version="48428" order="4">
                  <ScheduledStopPointRef ref="VTR:ScheduledStopPoint:88133"/>
                  <DestinationDisplayRef ref="VTR:DestinationDisplay:1"/>
                </StopPointInJourneyPattern>
                <StopPointInJourneyPattern id="VTR:StopPointInJourneyPattern:999596" version="48428" order="5">
                  <ScheduledStopPointRef ref="VTR:ScheduledStopPoint:88134"/>
                  <DestinationDisplayRef ref="VTR:DestinationDisplay:1"/>
                </StopPointInJourneyPattern>
              </pointsInSequence>
            </JourneyPattern>
            <JourneyPattern id="VTR:JourneyPattern:48423" version="48426">
              <Name>254_1</Name>
              <RouteRef ref="VTR:Route:5271" version="1"/>
              <pointsInSequence>
                <StopPointInJourneyPattern id="VTR:StopPointInJourneyPattern:999582" version="48426" order="1">
                  <ScheduledStopPointRef ref="VTR:ScheduledStopPoint:88124"/>
                  <DestinationDisplayRef ref="VTR:DestinationDisplay:1"/>
                </StopPointInJourneyPattern>
                <StopPointInJourneyPattern id="VTR:StopPointInJourneyPattern:999583" version="48426" order="2">
                  <ScheduledStopPointRef ref="VTR:ScheduledStopPoint:88125"/>
                  <DestinationDisplayRef ref="VTR:DestinationDisplay:1"/>
                </StopPointInJourneyPattern>
                <StopPointInJourneyPattern id="VTR:StopPointInJourneyPattern:999584" version="48426" order="3">
                  <ScheduledStopPointRef ref="VTR:ScheduledStopPoint:88127"/>
                  <DestinationDisplayRef ref="VTR:DestinationDisplay:1"/>
                </StopPointInJourneyPattern>
                <StopPointInJourneyPattern id="VTR:StopPointInJourneyPattern:999585" version="48426" order="4">
                  <ScheduledStopPointRef ref="VTR:ScheduledStopPoint:88128"/>
                  <DestinationDisplayRef ref="VTR:DestinationDisplay:1"/>
                </StopPointInJourneyPattern>
                <StopPointInJourneyPattern id="VTR:StopPointInJourneyPattern:999586" version="48426" order="5">
                  <ScheduledStopPointRef ref="VTR:ScheduledStopPoint:88129"/>
                  <DestinationDisplayRef ref="VTR:DestinationDisplay:1"/>
                </StopPointInJourneyPattern>
              </pointsInSequence>
            </JourneyPattern>
            <JourneyPattern id="VTR:JourneyPattern:48424" version="48427">
              <Name>254_2</Name>
              <RouteRef ref="VTR:Route:5272" version="1"/>
              <pointsInSequence>
                <StopPointInJourneyPattern id="VTR:StopPointInJourneyPattern:999587" version="48427" order="1">
                  <ScheduledStopPointRef ref="VTR:ScheduledStopPoint:88130"/>
                  <DestinationDisplayRef ref="VTR:DestinationDisplay:1"/>
                </StopPointInJourneyPattern>
                <StopPointInJourneyPattern id="VTR:StopPointInJourneyPattern:999588" version="48427" order="2">
                  <ScheduledStopPointRef ref="VTR:ScheduledStopPoint:88131"/>
                  <DestinationDisplayRef ref="VTR:DestinationDisplay:1"/>
                </StopPointInJourneyPattern>
                <StopPointInJourneyPattern id="VTR:StopPointInJourneyPattern:999589" version="48427" order="3">
                  <ScheduledStopPointRef ref="VTR:ScheduledStopPoint:88132"/>
                  <DestinationDisplayRef ref="VTR:DestinationDisplay:1"/>
                </StopPointInJourneyPattern>
                <StopPointInJourneyPattern id="VTR:StopPointInJourneyPattern:999590" version="48427" order="4">
                  <ScheduledStopPointRef ref="VTR:ScheduledStopPoint:88133"/>
                  <DestinationDisplayRef ref="VTR:DestinationDisplay:1"/>
                </StopPointInJourneyPattern>
                <StopPointInJourneyPattern id="VTR:StopPointInJourneyPattern:999591" version="48427" order="5">
                  <ScheduledStopPointRef ref="VTR:ScheduledStopPoint:88134"/>
                  <DestinationDisplayRef ref="VTR:DestinationDisplay:1"/>
                </StopPointInJourneyPattern>
              </pointsInSequence>
            </JourneyPattern>
          </journeyPatterns>
        </ServiceFrame>
        <TimetableFrame version="1" id="VTR:TimetableFrame:1400">
          <vehicleJourneys>
            <ServiceJourney version="48426" id="VTR:ServiceJourney:48423">
              <Name>Trakai - "Gilušio" sodai</Name>
              <PrivateCode>254_1</PrivateCode>
              <dayTypes>
                <DayTypeRef ref="VTR:DayType:1602"/>
              </dayTypes>
              <JourneyPatternRef version="48426" ref="VTR:JourneyPattern:48423"/>
              <OperatorRef ref="VTR:Operator:"/>
              <LineRef ref="VTR:Line:2078" version="2099"/>
              <passingTimes>
                <TimetabledPassingTime version="48426" id="VTR:TimetabledPassingTime:48423_999582_1">
                  <StopPointInJourneyPatternRef ref="VTR:StopPointInJourneyPattern:999582" version="48426"/>
                  <DepartureTime>18:20:00</DepartureTime>
                  <DepartureDayOffset>0</DepartureDayOffset>
                </TimetabledPassingTime>
                <TimetabledPassingTime version="48426" id="VTR:TimetabledPassingTime:48423_999583_2">
                  <StopPointInJourneyPatternRef ref="VTR:StopPointInJourneyPattern:999583" version="48426"/>
                  <DepartureTime>18:24:00</DepartureTime>
                  <DepartureDayOffset>0</DepartureDayOffset>
                </TimetabledPassingTime>
                <TimetabledPassingTime version="48426" id="VTR:TimetabledPassingTime:48423_999584_3">
                  <StopPointInJourneyPatternRef ref="VTR:StopPointInJourneyPattern:999584" version="48426"/>
                  <DepartureTime>18:27:00</DepartureTime>
                  <DepartureDayOffset>0</DepartureDayOffset>
                </TimetabledPassingTime>
                <TimetabledPassingTime version="48426" id="VTR:TimetabledPassingTime:48423_999585_4">
                  <StopPointInJourneyPatternRef ref="VTR:StopPointInJourneyPattern:999585" version="48426"/>
                  <DepartureTime>18:29:00</DepartureTime>
                  <DepartureDayOffset>0</DepartureDayOffset>
                </TimetabledPassingTime>
                <TimetabledPassingTime version="48426" id="VTR:TimetabledPassingTime:48423_999586_5">
                  <StopPointInJourneyPatternRef ref="VTR:StopPointInJourneyPattern:999586" version="48426"/>
                  <DepartureTime>18:35:00</DepartureTime>
                  <DepartureDayOffset>0</DepartureDayOffset>
                </TimetabledPassingTime>
              </passingTimes>
            </ServiceJourney>
            <ServiceJourney version="48428" id="VTR:ServiceJourney:48425">
              <Name>"Gilušio" sodai - Trakai</Name>
              <PrivateCode>254_3</PrivateCode>
              <dayTypes>
                <DayTypeRef ref="VTR:DayType:1602"/>
              </dayTypes>
              <JourneyPatternRef version="48428" ref="VTR:JourneyPattern:48425"/>
              <OperatorRef ref="VTR:Operator:"/>
              <LineRef ref="VTR:Line:2078" version="2099"/>
              <passingTimes>
                <TimetabledPassingTime version="48428" id="VTR:TimetabledPassingTime:48425_999592_1">
                  <StopPointInJourneyPatternRef ref="VTR:StopPointInJourneyPattern:999592" version="48428"/>
                  <DepartureTime>18:37:00</DepartureTime>
                  <DepartureDayOffset>0</DepartureDayOffset>
                </TimetabledPassingTime>
                <TimetabledPassingTime version="48428" id="VTR:TimetabledPassingTime:48425_999593_2">
                  <StopPointInJourneyPatternRef ref="VTR:StopPointInJourneyPattern:999593" version="48428"/>
                  <DepartureTime>18:42:00</DepartureTime>
                  <DepartureDayOffset>0</DepartureDayOffset>
                </TimetabledPassingTime>
                <TimetabledPassingTime version="48428" id="VTR:TimetabledPassingTime:48425_999594_3">
                  <StopPointInJourneyPatternRef ref="VTR:StopPointInJourneyPattern:999594" version="48428"/>
                  <DepartureTime>18:44:00</DepartureTime>
                  <DepartureDayOffset>0</DepartureDayOffset>
                </TimetabledPassingTime>
                <TimetabledPassingTime version="48428" id="VTR:TimetabledPassingTime:48425_999595_4">
                  <StopPointInJourneyPatternRef ref="VTR:StopPointInJourneyPattern:999595" version="48428"/>
                  <DepartureTime>18:46:00</DepartureTime>
                  <DepartureDayOffset>0</DepartureDayOffset>
                </TimetabledPassingTime>
                <TimetabledPassingTime version="48428" id="VTR:TimetabledPassingTime:48425_999596_5">
                  <StopPointInJourneyPatternRef ref="VTR:StopPointInJourneyPattern:999596" version="48428"/>
                  <DepartureTime>18:50:00</DepartureTime>
                  <DepartureDayOffset>0</DepartureDayOffset>
                </TimetabledPassingTime>
              </passingTimes>
            </ServiceJourney>
            <ServiceJourney version="48427" id="VTR:ServiceJourney:48424">
              <Name>"Gilušio" sodai - Trakai</Name>
              <PrivateCode>254_2</PrivateCode>
              <dayTypes>
                <DayTypeRef ref="VTR:DayType:1602"/>
              </dayTypes>
              <JourneyPatternRef version="48427" ref="VTR:JourneyPattern:48424"/>
              <OperatorRef ref="VTR:Operator:"/>
              <LineRef ref="VTR:Line:2078" version="2099"/>
              <passingTimes>
                <TimetabledPassingTime version="48427" id="VTR:TimetabledPassingTime:48424_999587_1">
                  <StopPointInJourneyPatternRef ref="VTR:StopPointInJourneyPattern:999587" version="48427"/>
                  <DepartureTime>09:20:00</DepartureTime>
                  <DepartureDayOffset>0</DepartureDayOffset>
                </TimetabledPassingTime>
                <TimetabledPassingTime version="48427" id="VTR:TimetabledPassingTime:48424_999588_2">
                  <StopPointInJourneyPatternRef ref="VTR:StopPointInJourneyPattern:999588" version="48427"/>
                  <DepartureTime>09:26:00</DepartureTime>
                  <DepartureDayOffset>0</DepartureDayOffset>
                </TimetabledPassingTime>
                <TimetabledPassingTime version="48427" id="VTR:TimetabledPassingTime:48424_999589_3">
                  <StopPointInJourneyPatternRef ref="VTR:StopPointInJourneyPattern:999589" version="48427"/>
                  <DepartureTime>09:28:00</DepartureTime>
                  <DepartureDayOffset>0</DepartureDayOffset>
                </TimetabledPassingTime>
                <TimetabledPassingTime version="48427" id="VTR:TimetabledPassingTime:48424_999590_4">
                  <StopPointInJourneyPatternRef ref="VTR:StopPointInJourneyPattern:999590" version="48427"/>
                  <DepartureTime>09:31:00</DepartureTime>
                  <DepartureDayOffset>0</DepartureDayOffset>
                </TimetabledPassingTime>
                <TimetabledPassingTime version="48427" id="VTR:TimetabledPassingTime:48424_999591_5">
                  <StopPointInJourneyPatternRef ref="VTR:StopPointInJourneyPattern:999591" version="48427"/>
                  <DepartureTime>09:35:00</DepartureTime>
                  <DepartureDayOffset>0</DepartureDayOffset>
                </TimetabledPassingTime>
              </passingTimes>
            </ServiceJourney>
            <ServiceJourney version="48425" id="VTR:ServiceJourney:48422">
              <Name>Trakai - "Gilušio" sodai</Name>
              <PrivateCode>254</PrivateCode>
              <dayTypes>
                <DayTypeRef ref="VTR:DayType:1602"/>
              </dayTypes>
              <JourneyPatternRef version="48425" ref="VTR:JourneyPattern:48422"/>
              <OperatorRef ref="VTR:Operator:"/>
              <LineRef ref="VTR:Line:2078" version="2099"/>
              <passingTimes>
                <TimetabledPassingTime version="48425" id="VTR:TimetabledPassingTime:48422_999577_1">
                  <StopPointInJourneyPatternRef ref="VTR:StopPointInJourneyPattern:999577" version="48425"/>
                  <DepartureTime>09:00:00</DepartureTime>
                  <DepartureDayOffset>0</DepartureDayOffset>
                </TimetabledPassingTime>
                <TimetabledPassingTime version="48425" id="VTR:TimetabledPassingTime:48422_999578_2">
                  <StopPointInJourneyPatternRef ref="VTR:StopPointInJourneyPattern:999578" version="48425"/>
                  <DepartureTime>09:04:00</DepartureTime>
                  <DepartureDayOffset>0</DepartureDayOffset>
                </TimetabledPassingTime>
                <TimetabledPassingTime version="48425" id="VTR:TimetabledPassingTime:48422_999579_3">
                  <StopPointInJourneyPatternRef ref="VTR:StopPointInJourneyPattern:999579" version="48425"/>
                  <DepartureTime>09:07:00</DepartureTime>
                  <DepartureDayOffset>0</DepartureDayOffset>
                </TimetabledPassingTime>
                <TimetabledPassingTime version="48425" id="VTR:TimetabledPassingTime:48422_999580_4">
                  <StopPointInJourneyPatternRef ref="VTR:StopPointInJourneyPattern:999580" version="48425"/>
                  <DepartureTime>09:09:00</DepartureTime>
                  <DepartureDayOffset>0</DepartureDayOffset>
                </TimetabledPassingTime>
                <TimetabledPassingTime version="48425" id="VTR:TimetabledPassingTime:48422_999581_5">
                  <StopPointInJourneyPatternRef ref="VTR:StopPointInJourneyPattern:999581" version="48425"/>
                  <DepartureTime>09:15:00</DepartureTime>
                  <DepartureDayOffset>0</DepartureDayOffset>
                </TimetabledPassingTime>
              </passingTimes>
            </ServiceJourney>
          </vehicleJourneys>
        </TimetableFrame>
        <ResourceFrame version="1" id="VTR:ResourceFrame:1400">
          <organisations>
            <Authority version="1" id="VTR:Authority:32">
              <CompanyNumber>79</CompanyNumber>
              <Name>Trakų r. sav.</Name>
              <LegalName>Trakų r. sav.</LegalName>
              <ContactDetails>
                <Email>info@trakai.lt</Email>
                <Phone>852855486</Phone>
                <Url>www.trakai.lt</Url>
              </ContactDetails>
              <OrganisationType>authority</OrganisationType>
            </Authority>
          </organisations>
        </ResourceFrame>
        <FareFrame id="VTR:FareFrame:2078" version="1">
          <FrameDefaults>
            <DefaultCurrency>EUR</DefaultCurrency>
          </FrameDefaults>
          <fareStructureElements>
            <FareStructureElement id="VTR:FareStructureElement:pricematrix" version="1">
              <distanceMatrixElements>
                <DistanceMatrixElementRef ref="VTR:DistanceMatrixElement:999582to999584" version="1"/>
                <DistanceMatrixElementRef ref="VTR:DistanceMatrixElement:999594to999596" version="1"/>
                <DistanceMatrixElementRef ref="VTR:DistanceMatrixElement:999592to999595" version="1"/>
                <DistanceMatrixElementRef ref="VTR:DistanceMatrixElement:999587to999589" version="1"/>
                <DistanceMatrixElementRef ref="VTR:DistanceMatrixElement:999583to999586" version="1"/>
                <DistanceMatrixElementRef ref="VTR:DistanceMatrixElement:999579to999580" version="1"/>
                <DistanceMatrixElementRef ref="VTR:DistanceMatrixElement:999580to999581" version="1"/>
                <DistanceMatrixElementRef ref="VTR:DistanceMatrixElement:999588to999590" version="1"/>
                <DistanceMatrixElementRef ref="VTR:DistanceMatrixElement:999588to999591" version="1"/>
                <DistanceMatrixElementRef ref="VTR:DistanceMatrixElement:999582to999585" version="1"/>
                <DistanceMatrixElementRef ref="VTR:DistanceMatrixElement:999592to999596" version="1"/>
                <DistanceMatrixElementRef ref="VTR:DistanceMatrixElement:999593to999594" version="1"/>
                <DistanceMatrixElementRef ref="VTR:DistanceMatrixElement:999593to999595" version="1"/>
                <DistanceMatrixElementRef ref="VTR:DistanceMatrixElement:999589to999591" version="1"/>
                <DistanceMatrixElementRef ref="VTR:DistanceMatrixElement:999584to999586" version="1"/>
                <DistanceMatrixElementRef ref="VTR:DistanceMatrixElement:999577to999578" version="1"/>
                <DistanceMatrixElementRef ref="VTR:DistanceMatrixElement:999577to999579" version="1"/>
                <DistanceMatrixElementRef ref="VTR:DistanceMatrixElement:999578to999581" version="1"/>
                <DistanceMatrixElementRef ref="VTR:DistanceMatrixElement:999592to999594" version="1"/>
                <DistanceMatrixElementRef ref="VTR:DistanceMatrixElement:999587to999591" version="1"/>
                <DistanceMatrixElementRef ref="VTR:DistanceMatrixElement:999590to999591" version="1"/>
                <DistanceMatrixElementRef ref="VTR:DistanceMatrixElement:999578to999580" version="1"/>
                <DistanceMatrixElementRef ref="VTR:DistanceMatrixElement:999594to999595" version="1"/>
                <DistanceMatrixElementRef ref="VTR:DistanceMatrixElement:999587to999590" version="1"/>
                <DistanceMatrixElementRef ref="VTR:DistanceMatrixElement:999588to999589" version="1"/>
                <DistanceMatrixElementRef ref="VTR:DistanceMatrixElement:999589to999590" version="1"/>
                <DistanceMatrixElementRef ref="VTR:DistanceMatrixElement:999584to999585" version="1"/>
                <DistanceMatrixElementRef ref="VTR:DistanceMatrixElement:999577to999580" version="1"/>
                <DistanceMatrixElementRef ref="VTR:DistanceMatrixElement:999592to999593" version="1"/>
                <DistanceMatrixElementRef ref="VTR:DistanceMatrixElement:999582to999583" version="1"/>
                <DistanceMatrixElementRef ref="VTR:DistanceMatrixElement:999577to999581" version="1"/>
                <DistanceMatrixElementRef ref="VTR:DistanceMatrixElement:999593to999596" version="1"/>
                <DistanceMatrixElementRef ref="VTR:DistanceMatrixElement:999595to999596" version="1"/>
                <DistanceMatrixElementRef ref="VTR:DistanceMatrixElement:999587to999588" version="1"/>
                <DistanceMatrixElementRef ref="VTR:DistanceMatrixElement:999582to999586" version="1"/>
                <DistanceMatrixElementRef ref="VTR:DistanceMatrixElement:999583to999585" version="1"/>
                <DistanceMatrixElementRef ref="VTR:DistanceMatrixElement:999585to999586" version="1"/>
                <DistanceMatrixElementRef ref="VTR:DistanceMatrixElement:999578to999579" version="1"/>
                <DistanceMatrixElementRef ref="VTR:DistanceMatrixElement:999579to999581" version="1"/>
                <DistanceMatrixElementRef ref="VTR:DistanceMatrixElement:999583to999584" version="1"/>
              </distanceMatrixElements>
            </FareStructureElement>
          </fareStructureElements>
          <tariffs>
            <Tariff id="VTR:Tariff:pointToPointInSeparateJourney_2078" version="1">
              <Name>Point to point tariff</Name>
              <distanceMatrixElements>
                <DistanceMatrixElement id="VTR:DistanceMatrixElement:999582to999584" version="1">
                  <Name>Trakų autobusų stotis to Bražuolė</Name>
                  <StartStopPointRef ref="VTR:ScheduledStopPoint:88124" version="1"/>
                  <EndStopPointRef ref="VTR:ScheduledStopPoint:88127" version="1"/>
                  <prices>
                    <DistanceMatrixElementPrice id="VTR:DistanceMatrixElementPrice:999582to999584" version="1">
                      <Amount>0.52</Amount>
                      <DistanceMatrixElementRef ref="VTR:DistanceMatrixElement:999582to999584" version="1"/>
                    </DistanceMatrixElementPrice>
                  </prices>
                </DistanceMatrixElement>
                <DistanceMatrixElement id="VTR:DistanceMatrixElement:999594to999596" version="1">
                  <Name>Bražuolė to Trakų autobusų stotis</Name>
                  <StartStopPointRef ref="VTR:ScheduledStopPoint:88132" version="1"/>
                  <EndStopPointRef ref="VTR:ScheduledStopPoint:88134" version="1"/>
                  <prices>
                    <DistanceMatrixElementPrice id="VTR:DistanceMatrixElementPrice:999594to999596" version="1">
                      <Amount>0.52</Amount>
                      <DistanceMatrixElementRef ref="VTR:DistanceMatrixElement:999594to999596" version="1"/>
                    </DistanceMatrixElementPrice>
                  </prices>
                </DistanceMatrixElement>
                <DistanceMatrixElement id="VTR:DistanceMatrixElement:999592to999595" version="1">
                  <Name>"Gilušio" sodai to Rėkalnis</Name>
                  <StartStopPointRef ref="VTR:ScheduledStopPoint:88130" version="1"/>
                  <EndStopPointRef ref="VTR:ScheduledStopPoint:88133" version="1"/>
                  <prices>
                    <DistanceMatrixElementPrice id="VTR:DistanceMatrixElementPrice:999592to999595" version="1">
                      <Amount>0.61</Amount>
                      <DistanceMatrixElementRef ref="VTR:DistanceMatrixElement:999592to999595" version="1"/>
                    </DistanceMatrixElementPrice>
                  </prices>
                </DistanceMatrixElement>
                <DistanceMatrixElement id="VTR:DistanceMatrixElement:999587to999589" version="1">
                  <Name>"Gilušio" sodai to Bražuolė</Name>
                  <StartStopPointRef ref="VTR:ScheduledStopPoint:88130" version="1"/>
                  <EndStopPointRef ref="VTR:ScheduledStopPoint:88132" version="1"/>
                  <prices>
                    <DistanceMatrixElementPrice id="VTR:DistanceMatrixElementPrice:999587to999589" version="1">
                      <Amount>0.38</Amount>
                      <DistanceMatrixElementRef ref="VTR:DistanceMatrixElement:999587to999589" version="1"/>
                    </DistanceMatrixElementPrice>
                  </prices>
                </DistanceMatrixElement>
                <DistanceMatrixElement id="VTR:DistanceMatrixElement:999583to999586" version="1">
                  <Name>Rėkalnis to "Gilušio" sodai</Name>
                  <StartStopPointRef ref="VTR:ScheduledStopPoint:88125" version="1"/>
                  <EndStopPointRef ref="VTR:ScheduledStopPoint:88129" version="1"/>
                  <prices>
                    <DistanceMatrixElementPrice id="VTR:DistanceMatrixElementPrice:999583to999586" version="1">
                      <Amount>0.61</Amount>
                      <DistanceMatrixElementRef ref="VTR:DistanceMatrixElement:999583to999586" version="1"/>
                    </DistanceMatrixElementPrice>
                  </prices>
                </DistanceMatrixElement>
                <DistanceMatrixElement id="VTR:DistanceMatrixElement:999579to999580" version="1">
                  <Name>Bražuolė to Bražuolė</Name>
                  <StartStopPointRef ref="VTR:ScheduledStopPoint:88127" version="1"/>
                  <EndStopPointRef ref="VTR:ScheduledStopPoint:88128" version="1"/>
                  <prices>
                    <DistanceMatrixElementPrice id="VTR:DistanceMatrixElementPrice:999579to999580" version="1">
                      <Amount>0.17</Amount>
                      <DistanceMatrixElementRef ref="VTR:DistanceMatrixElement:999579to999580" version="1"/>
                    </DistanceMatrixElementPrice>
                  </prices>
                </DistanceMatrixElement>
                <DistanceMatrixElement id="VTR:DistanceMatrixElement:999580to999581" version="1">
                  <Name>Bražuolė to "Gilušio" sodai</Name>
                  <StartStopPointRef ref="VTR:ScheduledStopPoint:88128" version="1"/>
                  <EndStopPointRef ref="VTR:ScheduledStopPoint:88129" version="1"/>
                  <prices>
                    <DistanceMatrixElementPrice id="VTR:DistanceMatrixElementPrice:999580to999581" version="1">
                      <Amount>0.29</Amount>
                      <DistanceMatrixElementRef ref="VTR:DistanceMatrixElement:999580to999581" version="1"/>
                    </DistanceMatrixElementPrice>
                  </prices>
                </DistanceMatrixElement>
                <DistanceMatrixElement id="VTR:DistanceMatrixElement:999588to999590" version="1">
                  <Name>Bražuolė to Rėkalnis</Name>
                  <StartStopPointRef ref="VTR:ScheduledStopPoint:88131" version="1"/>
                  <EndStopPointRef ref="VTR:ScheduledStopPoint:88133" version="1"/>
                  <prices>
                    <DistanceMatrixElementPrice id="VTR:DistanceMatrixElementPrice:999588to999590" version="1">
                      <Amount>0.29</Amount>
                      <DistanceMatrixElementRef ref="VTR:DistanceMatrixElement:999588to999590" version="1"/>
                    </DistanceMatrixElementPrice>
                  </prices>
                </DistanceMatrixElement>
                <DistanceMatrixElement id="VTR:DistanceMatrixElement:999588to999591" version="1">
                  <Name>Bražuolė to Trakų autobusų stotis</Name>
                  <StartStopPointRef ref="VTR:ScheduledStopPoint:88131" version="1"/>
                  <EndStopPointRef ref="VTR:ScheduledStopPoint:88134" version="1"/>
                  <prices>
                    <DistanceMatrixElementPrice id="VTR:DistanceMatrixElementPrice:999588to999591" version="1">
                      <Amount>0.58</Amount>
                      <DistanceMatrixElementRef ref="VTR:DistanceMatrixElement:999588to999591" version="1"/>
                    </DistanceMatrixElementPrice>
                  </prices>
                </DistanceMatrixElement>
                <DistanceMatrixElement id="VTR:DistanceMatrixElement:999582to999585" version="1">
                  <Name>Trakų autobusų stotis to Bražuolė</Name>
                  <StartStopPointRef ref="VTR:ScheduledStopPoint:88124" version="1"/>
                  <EndStopPointRef ref="VTR:ScheduledStopPoint:88128" version="1"/>
                  <prices>
                    <DistanceMatrixElementPrice id="VTR:DistanceMatrixElementPrice:999582to999585" version="1">
                      <Amount>0.58</Amount>
                      <DistanceMatrixElementRef ref="VTR:DistanceMatrixElement:999582to999585" version="1"/>
                    </DistanceMatrixElementPrice>
                  </prices>
                </DistanceMatrixElement>
                <DistanceMatrixElement id="VTR:DistanceMatrixElement:999592to999596" version="1">
                  <Name>"Gilušio" sodai to Trakų autobusų stotis</Name>
                  <StartStopPointRef ref="VTR:ScheduledStopPoint:88130" version="1"/>
                  <EndStopPointRef ref="VTR:ScheduledStopPoint:88134" version="1"/>
                  <prices>
                    <DistanceMatrixElementPrice id="VTR:DistanceMatrixElementPrice:999592to999596" version="1">
                      <Amount>0.9</Amount>
                      <DistanceMatrixElementRef ref="VTR:DistanceMatrixElement:999592to999596" version="1"/>
                    </DistanceMatrixElementPrice>
                  </prices>
                </DistanceMatrixElement>
                <DistanceMatrixElement id="VTR:DistanceMatrixElement:999593to999594" version="1">
                  <Name>Bražuolė to Bražuolė</Name>
                  <StartStopPointRef ref="VTR:ScheduledStopPoint:88131" version="1"/>
                  <EndStopPointRef ref="VTR:ScheduledStopPoint:88132" version="1"/>
                  <prices>
                    <DistanceMatrixElementPrice id="VTR:DistanceMatrixElementPrice:999593to999594" version="1">
                      <Amount>0.17</Amount>
                      <DistanceMatrixElementRef ref="VTR:DistanceMatrixElement:999593to999594" version="1"/>
                    </DistanceMatrixElementPrice>
                  </prices>
                </DistanceMatrixElement>
                <DistanceMatrixElement id="VTR:DistanceMatrixElement:999593to999595" version="1">
                  <Name>Bražuolė to Rėkalnis</Name>
                  <StartStopPointRef ref="VTR:ScheduledStopPoint:88131" version="1"/>
                  <EndStopPointRef ref="VTR:ScheduledStopPoint:88133" version="1"/>
                  <prices>
                    <DistanceMatrixElementPrice id="VTR:DistanceMatrixElementPrice:999593to999595" version="1">
                      <Amount>0.29</Amount>
                      <DistanceMatrixElementRef ref="VTR:DistanceMatrixElement:999593to999595" version="1"/>
                    </DistanceMatrixElementPrice>
                  </prices>
                </DistanceMatrixElement>
                <DistanceMatrixElement id="VTR:DistanceMatrixElement:999589to999591" version="1">
                  <Name>Bražuolė to Trakų autobusų stotis</Name>
                  <StartStopPointRef ref="VTR:ScheduledStopPoint:88132" version="1"/>
                  <EndStopPointRef ref="VTR:ScheduledStopPoint:88134" version="1"/>
                  <prices>
                    <DistanceMatrixElementPrice id="VTR:DistanceMatrixElementPrice:999589to999591" version="1">
                      <Amount>0.52</Amount>
                      <DistanceMatrixElementRef ref="VTR:DistanceMatrixElement:999589to999591" version="1"/>
                    </DistanceMatrixElementPrice>
                  </prices>
                </DistanceMatrixElement>
                <DistanceMatrixElement id="VTR:DistanceMatrixElement:999584to999586" version="1">
                  <Name>Bražuolė to "Gilušio" sodai</Name>
                  <StartStopPointRef ref="VTR:ScheduledStopPoint:88127" version="1"/>
                  <EndStopPointRef ref="VTR:ScheduledStopPoint:88129" version="1"/>
                  <prices>
                    <DistanceMatrixElementPrice id="VTR:DistanceMatrixElementPrice:999584to999586" version="1">
                      <Amount>0.38</Amount>
                      <DistanceMatrixElementRef ref="VTR:DistanceMatrixElement:999584to999586" version="1"/>
                    </DistanceMatrixElementPrice>
                  </prices>
                </DistanceMatrixElement>
                <DistanceMatrixElement id="VTR:DistanceMatrixElement:999577to999578" version="1">
                  <Name>Trakų autobusų stotis to Rėkalnis</Name>
                  <StartStopPointRef ref="VTR:ScheduledStopPoint:88124" version="1"/>
                  <EndStopPointRef ref="VTR:ScheduledStopPoint:88125" version="1"/>
                  <prices>
                    <DistanceMatrixElementPrice id="VTR:DistanceMatrixElementPrice:999577to999578" version="1">
                      <Amount>0.32</Amount>
                      <DistanceMatrixElementRef ref="VTR:DistanceMatrixElement:999577to999578" version="1"/>
                    </DistanceMatrixElementPrice>
                  </prices>
                </DistanceMatrixElement>
                <DistanceMatrixElement id="VTR:DistanceMatrixElement:999577to999579" version="1">
                  <Name>Trakų autobusų stotis to Bražuolė</Name>
                  <StartStopPointRef ref="VTR:ScheduledStopPoint:88124" version="1"/>
                  <EndStopPointRef ref="VTR:ScheduledStopPoint:88127" version="1"/>
                  <prices>
                    <DistanceMatrixElementPrice id="VTR:DistanceMatrixElementPrice:999577to999579" version="1">
                      <Amount>0.52</Amount>
                      <DistanceMatrixElementRef ref="VTR:DistanceMatrixElement:999577to999579" version="1"/>
                    </DistanceMatrixElementPrice>
                  </prices>
                </DistanceMatrixElement>
                <DistanceMatrixElement id="VTR:DistanceMatrixElement:999578to999581" version="1">
                  <Name>Rėkalnis to "Gilušio" sodai</Name>
                  <StartStopPointRef ref="VTR:ScheduledStopPoint:88125" version="1"/>
                  <EndStopPointRef ref="VTR:ScheduledStopPoint:88129" version="1"/>
                  <prices>
                    <DistanceMatrixElementPrice id="VTR:DistanceMatrixElementPrice:999578to999581" version="1">
                      <Amount>0.61</Amount>
                      <DistanceMatrixElementRef ref="VTR:DistanceMatrixElement:999578to999581" version="1"/>
                    </DistanceMatrixElementPrice>
                  </prices>
                </DistanceMatrixElement>
                <DistanceMatrixElement id="VTR:DistanceMatrixElement:999592to999594" version="1">
                  <Name>"Gilušio" sodai to Bražuolė</Name>
                  <StartStopPointRef ref="VTR:ScheduledStopPoint:88130" version="1"/>
                  <EndStopPointRef ref="VTR:ScheduledStopPoint:88132" version="1"/>
                  <prices>
                    <DistanceMatrixElementPrice id="VTR:DistanceMatrixElementPrice:999592to999594" version="1">
                      <Amount>0.38</Amount>
                      <DistanceMatrixElementRef ref="VTR:DistanceMatrixElement:999592to999594" version="1"/>
                    </DistanceMatrixElementPrice>
                  </prices>
                </DistanceMatrixElement>
                <DistanceMatrixElement id="VTR:DistanceMatrixElement:999587to999591" version="1">
                  <Name>"Gilušio" sodai to Trakų autobusų stotis</Name>
                  <StartStopPointRef ref="VTR:ScheduledStopPoint:88130" version="1"/>
                  <EndStopPointRef ref="VTR:ScheduledStopPoint:88134" version="1"/>
                  <prices>
                    <DistanceMatrixElementPrice id="VTR:DistanceMatrixElementPrice:999587to999591" version="1">
                      <Amount>0.9</Amount>
                      <DistanceMatrixElementRef ref="VTR:DistanceMatrixElement:999587to999591" version="1"/>
                    </DistanceMatrixElementPrice>
                  </prices>
                </DistanceMatrixElement>
                <DistanceMatrixElement id="VTR:DistanceMatrixElement:999590to999591" version="1">
                  <Name>Rėkalnis to Trakų autobusų stotis</Name>
                  <StartStopPointRef ref="VTR:ScheduledStopPoint:88133" version="1"/>
                  <EndStopPointRef ref="VTR:ScheduledStopPoint:88134" version="1"/>
                  <prices>
                    <DistanceMatrixElementPrice id="VTR:DistanceMatrixElementPrice:999590to999591" version="1">
                      <Amount>0.32</Amount>
                      <DistanceMatrixElementRef ref="VTR:DistanceMatrixElement:999590to999591" version="1"/>
                    </DistanceMatrixElementPrice>
                  </prices>
                </DistanceMatrixElement>
                <DistanceMatrixElement id="VTR:DistanceMatrixElement:999578to999580" version="1">
                  <Name>Rėkalnis to Bražuolė</Name>
                  <StartStopPointRef ref="VTR:ScheduledStopPoint:88125" version="1"/>
                  <EndStopPointRef ref="VTR:ScheduledStopPoint:88128" version="1"/>
                  <prices>
                    <DistanceMatrixElementPrice id="VTR:DistanceMatrixElementPrice:999578to999580" version="1">
                      <Amount>0.29</Amount>
                      <DistanceMatrixElementRef ref="VTR:DistanceMatrixElement:999578to999580" version="1"/>
                    </DistanceMatrixElementPrice>
                  </prices>
                </DistanceMatrixElement>
                <DistanceMatrixElement id="VTR:DistanceMatrixElement:999594to999595" version="1">
                  <Name>Bražuolė to Rėkalnis</Name>
                  <StartStopPointRef ref="VTR:ScheduledStopPoint:88132" version="1"/>
                  <EndStopPointRef ref="VTR:ScheduledStopPoint:88133" version="1"/>
                  <prices>
                    <DistanceMatrixElementPrice id="VTR:DistanceMatrixElementPrice:999594to999595" version="1">
                      <Amount>0.23</Amount>
                      <DistanceMatrixElementRef ref="VTR:DistanceMatrixElement:999594to999595" version="1"/>
                    </DistanceMatrixElementPrice>
                  </prices>
                </DistanceMatrixElement>
                <DistanceMatrixElement id="VTR:DistanceMatrixElement:999587to999590" version="1">
                  <Name>"Gilušio" sodai to Rėkalnis</Name>
                  <StartStopPointRef ref="VTR:ScheduledStopPoint:88130" version="1"/>
                  <EndStopPointRef ref="VTR:ScheduledStopPoint:88133" version="1"/>
                  <prices>
                    <DistanceMatrixElementPrice id="VTR:DistanceMatrixElementPrice:999587to999590" version="1">
                      <Amount>0.61</Amount>
                      <DistanceMatrixElementRef ref="VTR:DistanceMatrixElement:999587to999590" version="1"/>
                    </DistanceMatrixElementPrice>
                  </prices>
                </DistanceMatrixElement>
                <DistanceMatrixElement id="VTR:DistanceMatrixElement:999588to999589" version="1">
                  <Name>Bražuolė to Bražuolė</Name>
                  <StartStopPointRef ref="VTR:ScheduledStopPoint:88131" version="1"/>
                  <EndStopPointRef ref="VTR:ScheduledStopPoint:88132" version="1"/>
                  <prices>
                    <DistanceMatrixElementPrice id="VTR:DistanceMatrixElementPrice:999588to999589" version="1">
                      <Amount>0.17</Amount>
                      <DistanceMatrixElementRef ref="VTR:DistanceMatrixElement:999588to999589" version="1"/>
                    </DistanceMatrixElementPrice>
                  </prices>
                </DistanceMatrixElement>
                <DistanceMatrixElement id="VTR:DistanceMatrixElement:999589to999590" version="1">
                  <Name>Bražuolė to Rėkalnis</Name>
                  <StartStopPointRef ref="VTR:ScheduledStopPoint:88132" version="1"/>
                  <EndStopPointRef ref="VTR:ScheduledStopPoint:88133" version="1"/>
                  <prices>
                    <DistanceMatrixElementPrice id="VTR:DistanceMatrixElementPrice:999589to999590" version="1">
                      <Amount>0.23</Amount>
                      <DistanceMatrixElementRef ref="VTR:DistanceMatrixElement:999589to999590" version="1"/>
                    </DistanceMatrixElementPrice>
                  </prices>
                </DistanceMatrixElement>
                <DistanceMatrixElement id="VTR:DistanceMatrixElement:999584to999585" version="1">
                  <Name>Bražuolė to Bražuolė</Name>
                  <StartStopPointRef ref="VTR:ScheduledStopPoint:88127" version="1"/>
                  <EndStopPointRef ref="VTR:ScheduledStopPoint:88128" version="1"/>
                  <prices>
                    <DistanceMatrixElementPrice id="VTR:DistanceMatrixElementPrice:999584to999585" version="1">
                      <Amount>0.17</Amount>
                      <DistanceMatrixElementRef ref="VTR:DistanceMatrixElement:999584to999585" version="1"/>
                    </DistanceMatrixElementPrice>
                  </prices>
                </DistanceMatrixElement>
                <DistanceMatrixElement id="VTR:DistanceMatrixElement:999577to999580" version="1">
                  <Name>Trakų autobusų stotis to Bražuolė</Name>
                  <StartStopPointRef ref="VTR:ScheduledStopPoint:88124" version="1"/>
                  <EndStopPointRef ref="VTR:ScheduledStopPoint:88128" version="1"/>
                  <prices>
                    <DistanceMatrixElementPrice id="VTR:DistanceMatrixElementPrice:999577to999580" version="1">
                      <Amount>0.58</Amount>
                      <DistanceMatrixElementRef ref="VTR:DistanceMatrixElement:999577to999580" version="1"/>
                    </DistanceMatrixElementPrice>
                  </prices>
                </DistanceMatrixElement>
                <DistanceMatrixElement id="VTR:DistanceMatrixElement:999592to999593" version="1">
                  <Name>"Gilušio" sodai to Bražuolė</Name>
                  <StartStopPointRef ref="VTR:ScheduledStopPoint:88130" version="1"/>
                  <EndStopPointRef ref="VTR:ScheduledStopPoint:88131" version="1"/>
                  <prices>
                    <DistanceMatrixElementPrice id="VTR:DistanceMatrixElementPrice:999592to999593" version="1">
                      <Amount>0.29</Amount>
                      <DistanceMatrixElementRef ref="VTR:DistanceMatrixElement:999592to999593" version="1"/>
                    </DistanceMatrixElementPrice>
                  </prices>
                </DistanceMatrixElement>
                <DistanceMatrixElement id="VTR:DistanceMatrixElement:999582to999583" version="1">
                  <Name>Trakų autobusų stotis to Rėkalnis</Name>
                  <StartStopPointRef ref="VTR:ScheduledStopPoint:88124" version="1"/>
                  <EndStopPointRef ref="VTR:ScheduledStopPoint:88125" version="1"/>
                  <prices>
                    <DistanceMatrixElementPrice id="VTR:DistanceMatrixElementPrice:999582to999583" version="1">
                      <Amount>0.32</Amount>
                      <DistanceMatrixElementRef ref="VTR:DistanceMatrixElement:999582to999583" version="1"/>
                    </DistanceMatrixElementPrice>
                  </prices>
                </DistanceMatrixElement>
                <DistanceMatrixElement id="VTR:DistanceMatrixElement:999577to999581" version="1">
                  <Name>Trakų autobusų stotis to "Gilušio" sodai</Name>
                  <StartStopPointRef ref="VTR:ScheduledStopPoint:88124" version="1"/>
                  <EndStopPointRef ref="VTR:ScheduledStopPoint:88129" version="1"/>
                  <prices>
                    <DistanceMatrixElementPrice id="VTR:DistanceMatrixElementPrice:999577to999581" version="1">
                      <Amount>0.9</Amount>
                      <DistanceMatrixElementRef ref="VTR:DistanceMatrixElement:999577to999581" version="1"/>
                    </DistanceMatrixElementPrice>
                  </prices>
                </DistanceMatrixElement>
                <DistanceMatrixElement id="VTR:DistanceMatrixElement:999593to999596" version="1">
                  <Name>Bražuolė to Trakų autobusų stotis</Name>
                  <StartStopPointRef ref="VTR:ScheduledStopPoint:88131" version="1"/>
                  <EndStopPointRef ref="VTR:ScheduledStopPoint:88134" version="1"/>
                  <prices>
                    <DistanceMatrixElementPrice id="VTR:DistanceMatrixElementPrice:999593to999596" version="1">
                      <Amount>0.58</Amount>
                      <DistanceMatrixElementRef ref="VTR:DistanceMatrixElement:999593to999596" version="1"/>
                    </DistanceMatrixElementPrice>
                  </prices>
                </DistanceMatrixElement>
                <DistanceMatrixElement id="VTR:DistanceMatrixElement:999595to999596" version="1">
                  <Name>Rėkalnis to Trakų autobusų stotis</Name>
                  <StartStopPointRef ref="VTR:ScheduledStopPoint:88133" version="1"/>
                  <EndStopPointRef ref="VTR:ScheduledStopPoint:88134" version="1"/>
                  <prices>
                    <DistanceMatrixElementPrice id="VTR:DistanceMatrixElementPrice:999595to999596" version="1">
                      <Amount>0.32</Amount>
                      <DistanceMatrixElementRef ref="VTR:DistanceMatrixElement:999595to999596" version="1"/>
                    </DistanceMatrixElementPrice>
                  </prices>
                </DistanceMatrixElement>
                <DistanceMatrixElement id="VTR:DistanceMatrixElement:999587to999588" version="1">
                  <Name>"Gilušio" sodai to Bražuolė</Name>
                  <StartStopPointRef ref="VTR:ScheduledStopPoint:88130" version="1"/>
                  <EndStopPointRef ref="VTR:ScheduledStopPoint:88131" version="1"/>
                  <prices>
                    <DistanceMatrixElementPrice id="VTR:DistanceMatrixElementPrice:999587to999588" version="1">
                      <Amount>0.29</Amount>
                      <DistanceMatrixElementRef ref="VTR:DistanceMatrixElement:999587to999588" version="1"/>
                    </DistanceMatrixElementPrice>
                  </prices>
                </DistanceMatrixElement>
                <DistanceMatrixElement id="VTR:DistanceMatrixElement:999582to999586" version="1">
                  <Name>Trakų autobusų stotis to "Gilušio" sodai</Name>
                  <StartStopPointRef ref="VTR:ScheduledStopPoint:88124" version="1"/>
                  <EndStopPointRef ref="VTR:ScheduledStopPoint:88129" version="1"/>
                  <prices>
                    <DistanceMatrixElementPrice id="VTR:DistanceMatrixElementPrice:999582to999586" version="1">
                      <Amount>0.9</Amount>
                      <DistanceMatrixElementRef ref="VTR:DistanceMatrixElement:999582to999586" version="1"/>
                    </DistanceMatrixElementPrice>
                  </prices>
                </DistanceMatrixElement>
                <DistanceMatrixElement id="VTR:DistanceMatrixElement:999583to999585" version="1">
                  <Name>Rėkalnis to Bražuolė</Name>
                  <StartStopPointRef ref="VTR:ScheduledStopPoint:88125" version="1"/>
                  <EndStopPointRef ref="VTR:ScheduledStopPoint:88128" version="1"/>
                  <prices>
                    <DistanceMatrixElementPrice id="VTR:DistanceMatrixElementPrice:999583to999585" version="1">
                      <Amount>0.29</Amount>
                      <DistanceMatrixElementRef ref="VTR:DistanceMatrixElement:999583to999585" version="1"/>
                    </DistanceMatrixElementPrice>
                  </prices>
                </DistanceMatrixElement>
                <DistanceMatrixElement id="VTR:DistanceMatrixElement:999585to999586" version="1">
                  <Name>Bražuolė to "Gilušio" sodai</Name>
                  <StartStopPointRef ref="VTR:ScheduledStopPoint:88128" version="1"/>
                  <EndStopPointRef ref="VTR:ScheduledStopPoint:88129" version="1"/>
                  <prices>
                    <DistanceMatrixElementPrice id="VTR:DistanceMatrixElementPrice:999585to999586" version="1">
                      <Amount>0.29</Amount>
                      <DistanceMatrixElementRef ref="VTR:DistanceMatrixElement:999585to999586" version="1"/>
                    </DistanceMatrixElementPrice>
                  </prices>
                </DistanceMatrixElement>
                <DistanceMatrixElement id="VTR:DistanceMatrixElement:999578to999579" version="1">
                  <Name>Rėkalnis to Bražuolė</Name>
                  <StartStopPointRef ref="VTR:ScheduledStopPoint:88125" version="1"/>
                  <EndStopPointRef ref="VTR:ScheduledStopPoint:88127" version="1"/>
                  <prices>
                    <DistanceMatrixElementPrice id="VTR:DistanceMatrixElementPrice:999578to999579" version="1">
                      <Amount>0.23</Amount>
                      <DistanceMatrixElementRef ref="VTR:DistanceMatrixElement:999578to999579" version="1"/>
                    </DistanceMatrixElementPrice>
                  </prices>
                </DistanceMatrixElement>
                <DistanceMatrixElement id="VTR:DistanceMatrixElement:999579to999581" version="1">
                  <Name>Bražuolė to "Gilušio" sodai</Name>
                  <StartStopPointRef ref="VTR:ScheduledStopPoint:88127" version="1"/>
                  <EndStopPointRef ref="VTR:ScheduledStopPoint:88129" version="1"/>
                  <prices>
                    <DistanceMatrixElementPrice id="VTR:DistanceMatrixElementPrice:999579to999581" version="1">
                      <Amount>0.38</Amount>
                      <DistanceMatrixElementRef ref="VTR:DistanceMatrixElement:999579to999581" version="1"/>
                    </DistanceMatrixElementPrice>
                  </prices>
                </DistanceMatrixElement>
                <DistanceMatrixElement id="VTR:DistanceMatrixElement:999583to999584" version="1">
                  <Name>Rėkalnis to Bražuolė</Name>
                  <StartStopPointRef ref="VTR:ScheduledStopPoint:88125" version="1"/>
                  <EndStopPointRef ref="VTR:ScheduledStopPoint:88127" version="1"/>
                  <prices>
                    <DistanceMatrixElementPrice id="VTR:DistanceMatrixElementPrice:999583to999584" version="1">
                      <Amount>0.23</Amount>
                      <DistanceMatrixElementRef ref="VTR:DistanceMatrixElement:999583to999584" version="1"/>
                    </DistanceMatrixElementPrice>
                  </prices>
                </DistanceMatrixElement>
              </distanceMatrixElements>
            </Tariff>
          </tariffs>
          <usageParameters>
            <FrequencyOfUse id="VTR:FrequencyOfUse:oneTrip" version="1">
              <FrequencyOfUseType>unlimited</FrequencyOfUseType>
              <MaximalFrequency>1</MaximalFrequency>
            </FrequencyOfUse>
          </usageParameters>
        </FareFrame>
      </frames>
    </CompositeFrame>
  </dataObjects>
</PublicationDelivery>
