<?xml version="1.0" encoding="UTF-8"?><PublicationDelivery xmlns="http://www.netex.org.uk/netex" xmlns:gis="http://www.opengis.net/gml/3.2" xmlns:ns2="http://www.opengis.net/gml/3.2" xmlns:ns3="http://www.siri.org.uk/siri" xmlns:xsi="http://www.w3.org/2001/XMLSchema-instance" version="1" xsi:schemaLocation="">
  <PublicationTimestamp>2022-05-07T05:00:00.232</PublicationTimestamp>
  <ParticipantRef>VTR</ParticipantRef>
  <Description>1</Description>
  <dataObjects>
    <CompositeFrame created="2022-05-07T05:00:00.232" version="1" id="VTR:CompositeFrame:1400">
      <validityConditions>
        <AvailabilityCondition version="1" id="VTR:AvailabilityCondition:1400">
          <FromDate>2015-08-18T09:45:19</FromDate>
          <ToDate>2027-12-30T00:00:00</ToDate>
        </AvailabilityCondition>
      </validityConditions>
      <codespaces>
        <Codespace id="vtr">
          <Xmlns>VTR</Xmlns>
          <XmlnsUrl>http://www.visimarsrutai.lt/</XmlnsUrl>
        </Codespace>
      </codespaces>
      <FrameDefaults>
        <DefaultLocale>
          <TimeZone>Europe/Vilnius</TimeZone>
        </DefaultLocale>
        <DefaultLocationSystem>WGS84</DefaultLocationSystem>
      </FrameDefaults>
      <frames>
        <ServiceCalendarFrame version="1" id="VTR:ServiceCalendarFrame:1400">
          <dayTypes>
            <DayType id="VTR:DayType:1324" version="1">
              <properties>
                <PropertyOfDay>
                  <DaysOfWeek>Monday Tuesday Wednesday Thursday Friday</DaysOfWeek>
                </PropertyOfDay>
              </properties>
            </DayType>
          </dayTypes>
          <operatingPeriods>
            <OperatingPeriod version="1" id="VTR:OperatingPeriod:1324">
              <FromDate>2015-01-01T00:00:00</FromDate>
              <ToDate>2020-12-31T00:00:00</ToDate>
            </OperatingPeriod>
          </operatingPeriods>
          <dayTypeAssignments>
            <DayTypeAssignment id="VTR:DayTypeAssignment:1324_0" version="1" order="1283">
              <OperatingPeriodRef ref="VTR:OperatingPeriod:1324" version="1"/>
              <DayTypeRef ref="VTR:DayType:1324" version="1"/>
            </DayTypeAssignment>
          </dayTypeAssignments>
        </ServiceCalendarFrame>
        <ServiceFrame id="VTR:ServiceFrame:1400" version="1">
          <Network version="0" id="VTR:Network:32"/>
          <routePoints>
            <RoutePoint version="1" id="VTR:RoutePoint:88135">
              <projections>
                <PointProjection version="1" id="VTR:PointProjection:27897">
                  <ProjectedPointRef ref="VTR:ScheduledStopPoint:88135" version="1"/>
                </PointProjection>
              </projections>
            </RoutePoint>
            <RoutePoint version="1" id="VTR:RoutePoint:88136">
              <projections>
                <PointProjection version="1" id="VTR:PointProjection:27898">
                  <ProjectedPointRef ref="VTR:ScheduledStopPoint:88136" version="1"/>
                </PointProjection>
              </projections>
            </RoutePoint>
            <RoutePoint version="1" id="VTR:RoutePoint:88137">
              <projections>
                <PointProjection version="1" id="VTR:PointProjection:27899">
                  <ProjectedPointRef ref="VTR:ScheduledStopPoint:88137" version="1"/>
                </PointProjection>
              </projections>
            </RoutePoint>
            <RoutePoint version="1" id="VTR:RoutePoint:88138">
              <projections>
                <PointProjection version="1" id="VTR:PointProjection:27900">
                  <ProjectedPointRef ref="VTR:ScheduledStopPoint:88138" version="1"/>
                </PointProjection>
              </projections>
            </RoutePoint>
            <RoutePoint version="1" id="VTR:RoutePoint:88139">
              <projections>
                <PointProjection version="1" id="VTR:PointProjection:27901">
                  <ProjectedPointRef ref="VTR:ScheduledStopPoint:88139" version="1"/>
                </PointProjection>
              </projections>
            </RoutePoint>
            <RoutePoint version="1" id="VTR:RoutePoint:88140">
              <projections>
                <PointProjection version="1" id="VTR:PointProjection:27902">
                  <ProjectedPointRef ref="VTR:ScheduledStopPoint:88140" version="1"/>
                </PointProjection>
              </projections>
            </RoutePoint>
            <RoutePoint version="1" id="VTR:RoutePoint:88141">
              <projections>
                <PointProjection version="1" id="VTR:PointProjection:27903">
                  <ProjectedPointRef ref="VTR:ScheduledStopPoint:88141" version="1"/>
                </PointProjection>
              </projections>
            </RoutePoint>
            <RoutePoint version="1" id="VTR:RoutePoint:88142">
              <projections>
                <PointProjection version="1" id="VTR:PointProjection:27904">
                  <ProjectedPointRef ref="VTR:ScheduledStopPoint:88142" version="1"/>
                </PointProjection>
              </projections>
            </RoutePoint>
          </routePoints>
          <routes>
            <Route version="1" id="VTR:Route:4714">
              <Name>Paluknys - Mamavys</Name>
              <ShortName>Paluknys - Mamavys</ShortName>
              <LineRef ref="VTR:Line:1923" version="1906"/>
              <DirectionType>outbound</DirectionType>
              <pointsInSequence>
                <PointOnRoute version="1" id="VTR:PointOnRoute:88135" order="1">
                  <RoutePointRef ref="VTR:RoutePoint:88135"/>
                </PointOnRoute>
                <PointOnRoute version="1" id="VTR:PointOnRoute:88136" order="2">
                  <RoutePointRef ref="VTR:RoutePoint:88136"/>
                </PointOnRoute>
                <PointOnRoute version="1" id="VTR:PointOnRoute:88137" order="3">
                  <RoutePointRef ref="VTR:RoutePoint:88137"/>
                </PointOnRoute>
                <PointOnRoute version="1" id="VTR:PointOnRoute:88138" order="4">
                  <RoutePointRef ref="VTR:RoutePoint:88138"/>
                </PointOnRoute>
              </pointsInSequence>
            </Route>
            <Route version="1" id="VTR:Route:5273">
              <Name>Mamavys - Paluknys</Name>
              <ShortName>Mamavys - Paluknys</ShortName>
              <LineRef ref="VTR:Line:1923" version="1906"/>
              <DirectionType>inbound</DirectionType>
              <pointsInSequence>
                <PointOnRoute version="1" id="VTR:PointOnRoute:88139" order="1">
                  <RoutePointRef ref="VTR:RoutePoint:88139"/>
                </PointOnRoute>
                <PointOnRoute version="1" id="VTR:PointOnRoute:88140" order="2">
                  <RoutePointRef ref="VTR:RoutePoint:88140"/>
                </PointOnRoute>
                <PointOnRoute version="1" id="VTR:PointOnRoute:88141" order="3">
                  <RoutePointRef ref="VTR:RoutePoint:88141"/>
                </PointOnRoute>
                <PointOnRoute version="1" id="VTR:PointOnRoute:88142" order="4">
                  <RoutePointRef ref="VTR:RoutePoint:88142"/>
                </PointOnRoute>
              </pointsInSequence>
            </Route>
          </routes>
          <lines>
            <Line version="1906" id="VTR:Line:1923">
              <Name>Paluknys - Mamavys</Name>
              <TransportMode>bus</TransportMode>
              <TransportSubmode>
                <BusSubmode>regionalBus</BusSubmode>
              </TransportSubmode>
              <PublicCode>298</PublicCode>
              <OperatorRef ref="VTR:Operator:32"/>
            </Line>
          </lines>
          <scheduledStopPoints>
            <ScheduledStopPoint version="1" id="VTR:ScheduledStopPoint:88135">
              <Name>Paluknys</Name>
            </ScheduledStopPoint>
            <ScheduledStopPoint version="1" id="VTR:ScheduledStopPoint:88136">
              <Name>Paluknys II</Name>
            </ScheduledStopPoint>
            <ScheduledStopPoint version="1" id="VTR:ScheduledStopPoint:88137">
              <Name>Liepynai</Name>
            </ScheduledStopPoint>
            <ScheduledStopPoint version="1" id="VTR:ScheduledStopPoint:88138">
              <Name>Mamavys</Name>
            </ScheduledStopPoint>
            <ScheduledStopPoint version="1" id="VTR:ScheduledStopPoint:88139">
              <Name>Mamavys</Name>
            </ScheduledStopPoint>
            <ScheduledStopPoint version="1" id="VTR:ScheduledStopPoint:88140">
              <Name>Liepynai</Name>
            </ScheduledStopPoint>
            <ScheduledStopPoint version="1" id="VTR:ScheduledStopPoint:88141">
              <Name>Paluknys II</Name>
            </ScheduledStopPoint>
            <ScheduledStopPoint version="1" id="VTR:ScheduledStopPoint:88142">
              <Name>Paluknys</Name>
            </ScheduledStopPoint>
          </scheduledStopPoints>
          <serviceLinks>
            <ServiceLink id="VTR:ServiceLink:88141_1_88142_1" version="1">
              <Distance>0</Distance>
              <FromPointRef ref="VTR:ScheduledStopPoint:88141" version="1"/>
              <ToPointRef ref="VTR:ScheduledStopPoint:88142" version="1"/>
            </ServiceLink>
            <ServiceLink id="VTR:ServiceLink:88136_1_88137_1" version="1">
              <Distance>3</Distance>
              <FromPointRef ref="VTR:ScheduledStopPoint:88136" version="1"/>
              <ToPointRef ref="VTR:ScheduledStopPoint:88137" version="1"/>
            </ServiceLink>
            <ServiceLink id="VTR:ServiceLink:88139_1_88140_1" version="1">
              <Distance>1</Distance>
              <FromPointRef ref="VTR:ScheduledStopPoint:88139" version="1"/>
              <ToPointRef ref="VTR:ScheduledStopPoint:88140" version="1"/>
            </ServiceLink>
            <ServiceLink id="VTR:ServiceLink:88140_1_88141_1" version="1">
              <Distance>3</Distance>
              <FromPointRef ref="VTR:ScheduledStopPoint:88140" version="1"/>
              <ToPointRef ref="VTR:ScheduledStopPoint:88141" version="1"/>
            </ServiceLink>
            <ServiceLink id="VTR:ServiceLink:88135_1_88136_1" version="1">
              <Distance>0</Distance>
              <FromPointRef ref="VTR:ScheduledStopPoint:88135" version="1"/>
              <ToPointRef ref="VTR:ScheduledStopPoint:88136" version="1"/>
            </ServiceLink>
            <ServiceLink id="VTR:ServiceLink:88137_1_88138_1" version="1">
              <Distance>1</Distance>
              <FromPointRef ref="VTR:ScheduledStopPoint:88137" version="1"/>
              <ToPointRef ref="VTR:ScheduledStopPoint:88138" version="1"/>
            </ServiceLink>
          </serviceLinks>
          <stopAssignments>
            <PassengerStopAssignment order="471400000" id="VTR:PassengerStopAssignment:88135" version="1">
              <ScheduledStopPointRef ref="VTR:ScheduledStopPoint:88135" version="1"/>
              <QuayRef ref="VTR:Quay:7001"/>
            </PassengerStopAssignment>
            <PassengerStopAssignment order="471400001" id="VTR:PassengerStopAssignment:88136" version="1">
              <ScheduledStopPointRef ref="VTR:ScheduledStopPoint:88136" version="1"/>
              <QuayRef ref="VTR:Quay:22098"/>
            </PassengerStopAssignment>
            <PassengerStopAssignment order="471400002" id="VTR:PassengerStopAssignment:88137" version="1">
              <ScheduledStopPointRef ref="VTR:ScheduledStopPoint:88137" version="1"/>
              <QuayRef ref="VTR:Quay:22102"/>
            </PassengerStopAssignment>
            <PassengerStopAssignment order="471400003" id="VTR:PassengerStopAssignment:88138" version="1">
              <ScheduledStopPointRef ref="VTR:ScheduledStopPoint:88138" version="1"/>
              <QuayRef ref="VTR:Quay:22103"/>
            </PassengerStopAssignment>
            <PassengerStopAssignment order="527300000" id="VTR:PassengerStopAssignment:88139" version="1">
              <ScheduledStopPointRef ref="VTR:ScheduledStopPoint:88139" version="1"/>
              <QuayRef ref="VTR:Quay:22103"/>
            </PassengerStopAssignment>
            <PassengerStopAssignment order="527300001" id="VTR:PassengerStopAssignment:88140" version="1">
              <ScheduledStopPointRef ref="VTR:ScheduledStopPoint:88140" version="1"/>
              <QuayRef ref="VTR:Quay:22100"/>
            </PassengerStopAssignment>
            <PassengerStopAssignment order="527300002" id="VTR:PassengerStopAssignment:88141" version="1">
              <ScheduledStopPointRef ref="VTR:ScheduledStopPoint:88141" version="1"/>
              <QuayRef ref="VTR:Quay:22098"/>
            </PassengerStopAssignment>
            <PassengerStopAssignment order="527300003" id="VTR:PassengerStopAssignment:88142" version="1">
              <ScheduledStopPointRef ref="VTR:ScheduledStopPoint:88142" version="1"/>
              <QuayRef ref="VTR:Quay:15032"/>
            </PassengerStopAssignment>
          </stopAssignments>
          <journeyPatterns>
            <JourneyPattern id="VTR:JourneyPattern:48427" version="48430">
              <Name>298_1</Name>
              <RouteRef ref="VTR:Route:4714" version="1"/>
              <pointsInSequence>
                <StopPointInJourneyPattern id="VTR:StopPointInJourneyPattern:999601" version="48430" order="1">
                  <ScheduledStopPointRef ref="VTR:ScheduledStopPoint:88135"/>
                  <DestinationDisplayRef ref="VTR:DestinationDisplay:1"/>
                </StopPointInJourneyPattern>
                <StopPointInJourneyPattern id="VTR:StopPointInJourneyPattern:999602" version="48430" order="2">
                  <ScheduledStopPointRef ref="VTR:ScheduledStopPoint:88136"/>
                  <DestinationDisplayRef ref="VTR:DestinationDisplay:1"/>
                </StopPointInJourneyPattern>
                <StopPointInJourneyPattern id="VTR:StopPointInJourneyPattern:999603" version="48430" order="3">
                  <ScheduledStopPointRef ref="VTR:ScheduledStopPoint:88137"/>
                  <DestinationDisplayRef ref="VTR:DestinationDisplay:1"/>
                </StopPointInJourneyPattern>
                <StopPointInJourneyPattern id="VTR:StopPointInJourneyPattern:999604" version="48430" order="4">
                  <ScheduledStopPointRef ref="VTR:ScheduledStopPoint:88138"/>
                  <DestinationDisplayRef ref="VTR:DestinationDisplay:1"/>
                </StopPointInJourneyPattern>
              </pointsInSequence>
            </JourneyPattern>
            <JourneyPattern id="VTR:JourneyPattern:48426" version="48429">
              <Name>298</Name>
              <RouteRef ref="VTR:Route:4714" version="1"/>
              <pointsInSequence>
                <StopPointInJourneyPattern id="VTR:StopPointInJourneyPattern:999597" version="48429" order="1">
                  <ScheduledStopPointRef ref="VTR:ScheduledStopPoint:88135"/>
                  <DestinationDisplayRef ref="VTR:DestinationDisplay:1"/>
                </StopPointInJourneyPattern>
                <StopPointInJourneyPattern id="VTR:StopPointInJourneyPattern:999598" version="48429" order="2">
                  <ScheduledStopPointRef ref="VTR:ScheduledStopPoint:88136"/>
                  <DestinationDisplayRef ref="VTR:DestinationDisplay:1"/>
                </StopPointInJourneyPattern>
                <StopPointInJourneyPattern id="VTR:StopPointInJourneyPattern:999599" version="48429" order="3">
                  <ScheduledStopPointRef ref="VTR:ScheduledStopPoint:88137"/>
                  <DestinationDisplayRef ref="VTR:DestinationDisplay:1"/>
                </StopPointInJourneyPattern>
                <StopPointInJourneyPattern id="VTR:StopPointInJourneyPattern:999600" version="48429" order="4">
                  <ScheduledStopPointRef ref="VTR:ScheduledStopPoint:88138"/>
                  <DestinationDisplayRef ref="VTR:DestinationDisplay:1"/>
                </StopPointInJourneyPattern>
              </pointsInSequence>
            </JourneyPattern>
            <JourneyPattern id="VTR:JourneyPattern:48428" version="48431">
              <Name>298_2</Name>
              <RouteRef ref="VTR:Route:5273" version="1"/>
              <pointsInSequence>
                <StopPointInJourneyPattern id="VTR:StopPointInJourneyPattern:999605" version="48431" order="1">
                  <ScheduledStopPointRef ref="VTR:ScheduledStopPoint:88139"/>
                  <DestinationDisplayRef ref="VTR:DestinationDisplay:1"/>
                </StopPointInJourneyPattern>
                <StopPointInJourneyPattern id="VTR:StopPointInJourneyPattern:999606" version="48431" order="2">
                  <ScheduledStopPointRef ref="VTR:ScheduledStopPoint:88140"/>
                  <DestinationDisplayRef ref="VTR:DestinationDisplay:1"/>
                </StopPointInJourneyPattern>
                <StopPointInJourneyPattern id="VTR:StopPointInJourneyPattern:999607" version="48431" order="3">
                  <ScheduledStopPointRef ref="VTR:ScheduledStopPoint:88141"/>
                  <DestinationDisplayRef ref="VTR:DestinationDisplay:1"/>
                </StopPointInJourneyPattern>
                <StopPointInJourneyPattern id="VTR:StopPointInJourneyPattern:999608" version="48431" order="4">
                  <ScheduledStopPointRef ref="VTR:ScheduledStopPoint:88142"/>
                  <DestinationDisplayRef ref="VTR:DestinationDisplay:1"/>
                </StopPointInJourneyPattern>
              </pointsInSequence>
            </JourneyPattern>
            <JourneyPattern id="VTR:JourneyPattern:48429" version="48432">
              <Name>298_3</Name>
              <RouteRef ref="VTR:Route:5273" version="1"/>
              <pointsInSequence>
                <StopPointInJourneyPattern id="VTR:StopPointInJourneyPattern:999609" version="48432" order="1">
                  <ScheduledStopPointRef ref="VTR:ScheduledStopPoint:88139"/>
                  <DestinationDisplayRef ref="VTR:DestinationDisplay:1"/>
                </StopPointInJourneyPattern>
                <StopPointInJourneyPattern id="VTR:StopPointInJourneyPattern:999610" version="48432" order="2">
                  <ScheduledStopPointRef ref="VTR:ScheduledStopPoint:88140"/>
                  <DestinationDisplayRef ref="VTR:DestinationDisplay:1"/>
                </StopPointInJourneyPattern>
                <StopPointInJourneyPattern id="VTR:StopPointInJourneyPattern:999611" version="48432" order="3">
                  <ScheduledStopPointRef ref="VTR:ScheduledStopPoint:88141"/>
                  <DestinationDisplayRef ref="VTR:DestinationDisplay:1"/>
                </StopPointInJourneyPattern>
                <StopPointInJourneyPattern id="VTR:StopPointInJourneyPattern:999612" version="48432" order="4">
                  <ScheduledStopPointRef ref="VTR:ScheduledStopPoint:88142"/>
                  <DestinationDisplayRef ref="VTR:DestinationDisplay:1"/>
                </StopPointInJourneyPattern>
              </pointsInSequence>
            </JourneyPattern>
          </journeyPatterns>
        </ServiceFrame>
        <TimetableFrame version="1" id="VTR:TimetableFrame:1400">
          <vehicleJourneys>
            <ServiceJourney version="48431" id="VTR:ServiceJourney:48428">
              <Name>Mamavys - Paluknys</Name>
              <PrivateCode>298_2</PrivateCode>
              <dayTypes>
                <DayTypeRef ref="VTR:DayType:1324"/>
              </dayTypes>
              <JourneyPatternRef version="48431" ref="VTR:JourneyPattern:48428"/>
              <OperatorRef ref="VTR:Operator:529"/>
              <LineRef ref="VTR:Line:1923" version="1906"/>
              <passingTimes>
                <TimetabledPassingTime version="48431" id="VTR:TimetabledPassingTime:48428_999605_1">
                  <StopPointInJourneyPatternRef ref="VTR:StopPointInJourneyPattern:999605" version="48431"/>
                  <DepartureTime>07:44:00</DepartureTime>
                  <DepartureDayOffset>0</DepartureDayOffset>
                </TimetabledPassingTime>
                <TimetabledPassingTime version="48431" id="VTR:TimetabledPassingTime:48428_999606_2">
                  <StopPointInJourneyPatternRef ref="VTR:StopPointInJourneyPattern:999606" version="48431"/>
                  <DepartureTime>07:46:00</DepartureTime>
                  <DepartureDayOffset>0</DepartureDayOffset>
                </TimetabledPassingTime>
                <TimetabledPassingTime version="48431" id="VTR:TimetabledPassingTime:48428_999607_3">
                  <StopPointInJourneyPatternRef ref="VTR:StopPointInJourneyPattern:999607" version="48431"/>
                  <DepartureTime>07:49:00</DepartureTime>
                  <DepartureDayOffset>0</DepartureDayOffset>
                </TimetabledPassingTime>
                <TimetabledPassingTime version="48431" id="VTR:TimetabledPassingTime:48428_999608_4">
                  <StopPointInJourneyPatternRef ref="VTR:StopPointInJourneyPattern:999608" version="48431"/>
                  <DepartureTime>07:51:00</DepartureTime>
                  <DepartureDayOffset>0</DepartureDayOffset>
                </TimetabledPassingTime>
              </passingTimes>
            </ServiceJourney>
            <ServiceJourney version="48429" id="VTR:ServiceJourney:48426">
              <Name>Paluknys - Mamavys</Name>
              <PrivateCode>298</PrivateCode>
              <dayTypes>
                <DayTypeRef ref="VTR:DayType:1324"/>
              </dayTypes>
              <JourneyPatternRef version="48429" ref="VTR:JourneyPattern:48426"/>
              <OperatorRef ref="VTR:Operator:529"/>
              <LineRef ref="VTR:Line:1923" version="1906"/>
              <passingTimes>
                <TimetabledPassingTime version="48429" id="VTR:TimetabledPassingTime:48426_999597_1">
                  <StopPointInJourneyPatternRef ref="VTR:StopPointInJourneyPattern:999597" version="48429"/>
                  <DepartureTime>07:35:00</DepartureTime>
                  <DepartureDayOffset>0</DepartureDayOffset>
                </TimetabledPassingTime>
                <TimetabledPassingTime version="48429" id="VTR:TimetabledPassingTime:48426_999598_2">
                  <StopPointInJourneyPatternRef ref="VTR:StopPointInJourneyPattern:999598" version="48429"/>
                  <DepartureTime>07:37:00</DepartureTime>
                  <DepartureDayOffset>0</DepartureDayOffset>
                </TimetabledPassingTime>
                <TimetabledPassingTime version="48429" id="VTR:TimetabledPassingTime:48426_999599_3">
                  <StopPointInJourneyPatternRef ref="VTR:StopPointInJourneyPattern:999599" version="48429"/>
                  <DepartureTime>07:40:00</DepartureTime>
                  <DepartureDayOffset>0</DepartureDayOffset>
                </TimetabledPassingTime>
                <TimetabledPassingTime version="48429" id="VTR:TimetabledPassingTime:48426_999600_4">
                  <StopPointInJourneyPatternRef ref="VTR:StopPointInJourneyPattern:999600" version="48429"/>
                  <DepartureTime>07:42:00</DepartureTime>
                  <DepartureDayOffset>0</DepartureDayOffset>
                </TimetabledPassingTime>
              </passingTimes>
            </ServiceJourney>
            <ServiceJourney version="48432" id="VTR:ServiceJourney:48429">
              <Name>Mamavys - Paluknys</Name>
              <PrivateCode>298_3</PrivateCode>
              <dayTypes>
                <DayTypeRef ref="VTR:DayType:1324"/>
              </dayTypes>
              <JourneyPatternRef version="48432" ref="VTR:JourneyPattern:48429"/>
              <OperatorRef ref="VTR:Operator:529"/>
              <LineRef ref="VTR:Line:1923" version="1906"/>
              <passingTimes>
                <TimetabledPassingTime version="48432" id="VTR:TimetabledPassingTime:48429_999609_1">
                  <StopPointInJourneyPatternRef ref="VTR:StopPointInJourneyPattern:999609" version="48432"/>
                  <DepartureTime>14:40:00</DepartureTime>
                  <DepartureDayOffset>0</DepartureDayOffset>
                </TimetabledPassingTime>
                <TimetabledPassingTime version="48432" id="VTR:TimetabledPassingTime:48429_999610_2">
                  <StopPointInJourneyPatternRef ref="VTR:StopPointInJourneyPattern:999610" version="48432"/>
                  <DepartureTime>14:42:00</DepartureTime>
                  <DepartureDayOffset>0</DepartureDayOffset>
                </TimetabledPassingTime>
                <TimetabledPassingTime version="48432" id="VTR:TimetabledPassingTime:48429_999611_3">
                  <StopPointInJourneyPatternRef ref="VTR:StopPointInJourneyPattern:999611" version="48432"/>
                  <DepartureTime>14:45:00</DepartureTime>
                  <DepartureDayOffset>0</DepartureDayOffset>
                </TimetabledPassingTime>
                <TimetabledPassingTime version="48432" id="VTR:TimetabledPassingTime:48429_999612_4">
                  <StopPointInJourneyPatternRef ref="VTR:StopPointInJourneyPattern:999612" version="48432"/>
                  <DepartureTime>14:47:00</DepartureTime>
                  <DepartureDayOffset>0</DepartureDayOffset>
                </TimetabledPassingTime>
              </passingTimes>
            </ServiceJourney>
            <ServiceJourney version="48430" id="VTR:ServiceJourney:48427">
              <Name>Paluknys - Mamavys</Name>
              <PrivateCode>298_1</PrivateCode>
              <dayTypes>
                <DayTypeRef ref="VTR:DayType:1324"/>
              </dayTypes>
              <JourneyPatternRef version="48430" ref="VTR:JourneyPattern:48427"/>
              <OperatorRef ref="VTR:Operator:529"/>
              <LineRef ref="VTR:Line:1923" version="1906"/>
              <passingTimes>
                <TimetabledPassingTime version="48430" id="VTR:TimetabledPassingTime:48427_999601_1">
                  <StopPointInJourneyPatternRef ref="VTR:StopPointInJourneyPattern:999601" version="48430"/>
                  <DepartureTime>14:30:00</DepartureTime>
                  <DepartureDayOffset>0</DepartureDayOffset>
                </TimetabledPassingTime>
                <TimetabledPassingTime version="48430" id="VTR:TimetabledPassingTime:48427_999602_2">
                  <StopPointInJourneyPatternRef ref="VTR:StopPointInJourneyPattern:999602" version="48430"/>
                  <DepartureTime>14:32:00</DepartureTime>
                  <DepartureDayOffset>0</DepartureDayOffset>
                </TimetabledPassingTime>
                <TimetabledPassingTime version="48430" id="VTR:TimetabledPassingTime:48427_999603_3">
                  <StopPointInJourneyPatternRef ref="VTR:StopPointInJourneyPattern:999603" version="48430"/>
                  <DepartureTime>14:35:00</DepartureTime>
                  <DepartureDayOffset>0</DepartureDayOffset>
                </TimetabledPassingTime>
                <TimetabledPassingTime version="48430" id="VTR:TimetabledPassingTime:48427_999604_4">
                  <StopPointInJourneyPatternRef ref="VTR:StopPointInJourneyPattern:999604" version="48430"/>
                  <DepartureTime>14:37:00</DepartureTime>
                  <DepartureDayOffset>0</DepartureDayOffset>
                </TimetabledPassingTime>
              </passingTimes>
            </ServiceJourney>
          </vehicleJourneys>
        </TimetableFrame>
        <ResourceFrame version="1" id="VTR:ResourceFrame:1400">
          <organisations>
            <Authority version="1" id="VTR:Authority:32">
              <CompanyNumber>79</CompanyNumber>
              <Name>Trakų r. sav.</Name>
              <LegalName>Trakų r. sav.</LegalName>
              <ContactDetails>
                <Email>info@trakai.lt</Email>
                <Phone>852855486</Phone>
                <Url>www.trakai.lt</Url>
              </ContactDetails>
              <OrganisationType>authority</OrganisationType>
            </Authority>
          </organisations>
        </ResourceFrame>
        <FareFrame id="VTR:FareFrame:1923" version="1">
          <FrameDefaults>
            <DefaultCurrency>EUR</DefaultCurrency>
          </FrameDefaults>
          <fareStructureElements>
            <FareStructureElement id="VTR:FareStructureElement:pricematrix" version="1">
              <distanceMatrixElements>
                <DistanceMatrixElementRef ref="VTR:DistanceMatrixElement:999606to999608" version="1"/>
                <DistanceMatrixElementRef ref="VTR:DistanceMatrixElement:999602to999604" version="1"/>
                <DistanceMatrixElementRef ref="VTR:DistanceMatrixElement:999598to999600" version="1"/>
                <DistanceMatrixElementRef ref="VTR:DistanceMatrixElement:999605to999606" version="1"/>
                <DistanceMatrixElementRef ref="VTR:DistanceMatrixElement:999609to999611" version="1"/>
                <DistanceMatrixElementRef ref="VTR:DistanceMatrixElement:999611to999612" version="1"/>
                <DistanceMatrixElementRef ref="VTR:DistanceMatrixElement:999597to999598" version="1"/>
                <DistanceMatrixElementRef ref="VTR:DistanceMatrixElement:999597to999599" version="1"/>
                <DistanceMatrixElementRef ref="VTR:DistanceMatrixElement:999603to999604" version="1"/>
                <DistanceMatrixElementRef ref="VTR:DistanceMatrixElement:999609to999610" version="1"/>
                <DistanceMatrixElementRef ref="VTR:DistanceMatrixElement:999598to999599" version="1"/>
                <DistanceMatrixElementRef ref="VTR:DistanceMatrixElement:999609to999612" version="1"/>
                <DistanceMatrixElementRef ref="VTR:DistanceMatrixElement:999597to999600" version="1"/>
                <DistanceMatrixElementRef ref="VTR:DistanceMatrixElement:999602to999603" version="1"/>
                <DistanceMatrixElementRef ref="VTR:DistanceMatrixElement:999605to999607" version="1"/>
                <DistanceMatrixElementRef ref="VTR:DistanceMatrixElement:999610to999611" version="1"/>
                <DistanceMatrixElementRef ref="VTR:DistanceMatrixElement:999599to999600" version="1"/>
                <DistanceMatrixElementRef ref="VTR:DistanceMatrixElement:999601to999602" version="1"/>
                <DistanceMatrixElementRef ref="VTR:DistanceMatrixElement:999601to999603" version="1"/>
                <DistanceMatrixElementRef ref="VTR:DistanceMatrixElement:999605to999608" version="1"/>
                <DistanceMatrixElementRef ref="VTR:DistanceMatrixElement:999606to999607" version="1"/>
                <DistanceMatrixElementRef ref="VTR:DistanceMatrixElement:999607to999608" version="1"/>
                <DistanceMatrixElementRef ref="VTR:DistanceMatrixElement:999601to999604" version="1"/>
                <DistanceMatrixElementRef ref="VTR:DistanceMatrixElement:999610to999612" version="1"/>
              </distanceMatrixElements>
            </FareStructureElement>
          </fareStructureElements>
          <tariffs>
            <Tariff id="VTR:Tariff:pointToPointInSeparateJourney_1923" version="1">
              <Name>Point to point tariff</Name>
              <distanceMatrixElements>
                <DistanceMatrixElement id="VTR:DistanceMatrixElement:999606to999608" version="1">
                  <Name>Liepynai to Paluknys</Name>
                  <StartStopPointRef ref="VTR:ScheduledStopPoint:88140" version="1"/>
                  <EndStopPointRef ref="VTR:ScheduledStopPoint:88142" version="1"/>
                  <prices>
                    <DistanceMatrixElementPrice id="VTR:DistanceMatrixElementPrice:999606to999608" version="1">
                      <Amount>0.29</Amount>
                      <DistanceMatrixElementRef ref="VTR:DistanceMatrixElement:999606to999608" version="1"/>
                    </DistanceMatrixElementPrice>
                  </prices>
                </DistanceMatrixElement>
                <DistanceMatrixElement id="VTR:DistanceMatrixElement:999602to999604" version="1">
                  <Name>Paluknys II to Mamavys</Name>
                  <StartStopPointRef ref="VTR:ScheduledStopPoint:88136" version="1"/>
                  <EndStopPointRef ref="VTR:ScheduledStopPoint:88138" version="1"/>
                  <prices>
                    <DistanceMatrixElementPrice id="VTR:DistanceMatrixElementPrice:999602to999604" version="1">
                      <Amount>0.35</Amount>
                      <DistanceMatrixElementRef ref="VTR:DistanceMatrixElement:999602to999604" version="1"/>
                    </DistanceMatrixElementPrice>
                  </prices>
                </DistanceMatrixElement>
                <DistanceMatrixElement id="VTR:DistanceMatrixElement:999598to999600" version="1">
                  <Name>Paluknys II to Mamavys</Name>
                  <StartStopPointRef ref="VTR:ScheduledStopPoint:88136" version="1"/>
                  <EndStopPointRef ref="VTR:ScheduledStopPoint:88138" version="1"/>
                  <prices>
                    <DistanceMatrixElementPrice id="VTR:DistanceMatrixElementPrice:999598to999600" version="1">
                      <Amount>0.35</Amount>
                      <DistanceMatrixElementRef ref="VTR:DistanceMatrixElement:999598to999600" version="1"/>
                    </DistanceMatrixElementPrice>
                  </prices>
                </DistanceMatrixElement>
                <DistanceMatrixElement id="VTR:DistanceMatrixElement:999605to999606" version="1">
                  <Name>Mamavys to Liepynai</Name>
                  <StartStopPointRef ref="VTR:ScheduledStopPoint:88139" version="1"/>
                  <EndStopPointRef ref="VTR:ScheduledStopPoint:88140" version="1"/>
                  <prices>
                    <DistanceMatrixElementPrice id="VTR:DistanceMatrixElementPrice:999605to999606" version="1">
                      <Amount>0.17</Amount>
                      <DistanceMatrixElementRef ref="VTR:DistanceMatrixElement:999605to999606" version="1"/>
                    </DistanceMatrixElementPrice>
                  </prices>
                </DistanceMatrixElement>
                <DistanceMatrixElement id="VTR:DistanceMatrixElement:999609to999611" version="1">
                  <Name>Mamavys to Paluknys II</Name>
                  <StartStopPointRef ref="VTR:ScheduledStopPoint:88139" version="1"/>
                  <EndStopPointRef ref="VTR:ScheduledStopPoint:88141" version="1"/>
                  <prices>
                    <DistanceMatrixElementPrice id="VTR:DistanceMatrixElementPrice:999609to999611" version="1">
                      <Amount>0.35</Amount>
                      <DistanceMatrixElementRef ref="VTR:DistanceMatrixElement:999609to999611" version="1"/>
                    </DistanceMatrixElementPrice>
                  </prices>
                </DistanceMatrixElement>
                <DistanceMatrixElement id="VTR:DistanceMatrixElement:999611to999612" version="1">
                  <Name>Paluknys II to Paluknys</Name>
                  <StartStopPointRef ref="VTR:ScheduledStopPoint:88141" version="1"/>
                  <EndStopPointRef ref="VTR:ScheduledStopPoint:88142" version="1"/>
                  <prices>
                    <DistanceMatrixElementPrice id="VTR:DistanceMatrixElementPrice:999611to999612" version="1">
                      <Amount>0.17</Amount>
                      <DistanceMatrixElementRef ref="VTR:DistanceMatrixElement:999611to999612" version="1"/>
                    </DistanceMatrixElementPrice>
                  </prices>
                </DistanceMatrixElement>
                <DistanceMatrixElement id="VTR:DistanceMatrixElement:999597to999598" version="1">
                  <Name>Paluknys to Paluknys II</Name>
                  <StartStopPointRef ref="VTR:ScheduledStopPoint:88135" version="1"/>
                  <EndStopPointRef ref="VTR:ScheduledStopPoint:88136" version="1"/>
                  <prices>
                    <DistanceMatrixElementPrice id="VTR:DistanceMatrixElementPrice:999597to999598" version="1">
                      <Amount>0.17</Amount>
                      <DistanceMatrixElementRef ref="VTR:DistanceMatrixElement:999597to999598" version="1"/>
                    </DistanceMatrixElementPrice>
                  </prices>
                </DistanceMatrixElement>
                <DistanceMatrixElement id="VTR:DistanceMatrixElement:999597to999599" version="1">
                  <Name>Paluknys to Liepynai</Name>
                  <StartStopPointRef ref="VTR:ScheduledStopPoint:88135" version="1"/>
                  <EndStopPointRef ref="VTR:ScheduledStopPoint:88137" version="1"/>
                  <prices>
                    <DistanceMatrixElementPrice id="VTR:DistanceMatrixElementPrice:999597to999599" version="1">
                      <Amount>0.29</Amount>
                      <DistanceMatrixElementRef ref="VTR:DistanceMatrixElement:999597to999599" version="1"/>
                    </DistanceMatrixElementPrice>
                  </prices>
                </DistanceMatrixElement>
                <DistanceMatrixElement id="VTR:DistanceMatrixElement:999603to999604" version="1">
                  <Name>Liepynai to Mamavys</Name>
                  <StartStopPointRef ref="VTR:ScheduledStopPoint:88137" version="1"/>
                  <EndStopPointRef ref="VTR:ScheduledStopPoint:88138" version="1"/>
                  <prices>
                    <DistanceMatrixElementPrice id="VTR:DistanceMatrixElementPrice:999603to999604" version="1">
                      <Amount>0.17</Amount>
                      <DistanceMatrixElementRef ref="VTR:DistanceMatrixElement:999603to999604" version="1"/>
                    </DistanceMatrixElementPrice>
                  </prices>
                </DistanceMatrixElement>
                <DistanceMatrixElement id="VTR:DistanceMatrixElement:999609to999610" version="1">
                  <Name>Mamavys to Liepynai</Name>
                  <StartStopPointRef ref="VTR:ScheduledStopPoint:88139" version="1"/>
                  <EndStopPointRef ref="VTR:ScheduledStopPoint:88140" version="1"/>
                  <prices>
                    <DistanceMatrixElementPrice id="VTR:DistanceMatrixElementPrice:999609to999610" version="1">
                      <Amount>0.17</Amount>
                      <DistanceMatrixElementRef ref="VTR:DistanceMatrixElement:999609to999610" version="1"/>
                    </DistanceMatrixElementPrice>
                  </prices>
                </DistanceMatrixElement>
                <DistanceMatrixElement id="VTR:DistanceMatrixElement:999598to999599" version="1">
                  <Name>Paluknys II to Liepynai</Name>
                  <StartStopPointRef ref="VTR:ScheduledStopPoint:88136" version="1"/>
                  <EndStopPointRef ref="VTR:ScheduledStopPoint:88137" version="1"/>
                  <prices>
                    <DistanceMatrixElementPrice id="VTR:DistanceMatrixElementPrice:999598to999599" version="1">
                      <Amount>0.2</Amount>
                      <DistanceMatrixElementRef ref="VTR:DistanceMatrixElement:999598to999599" version="1"/>
                    </DistanceMatrixElementPrice>
                  </prices>
                </DistanceMatrixElement>
                <DistanceMatrixElement id="VTR:DistanceMatrixElement:999609to999612" version="1">
                  <Name>Mamavys to Paluknys</Name>
                  <StartStopPointRef ref="VTR:ScheduledStopPoint:88139" version="1"/>
                  <EndStopPointRef ref="VTR:ScheduledStopPoint:88142" version="1"/>
                  <prices>
                    <DistanceMatrixElementPrice id="VTR:DistanceMatrixElementPrice:999609to999612" version="1">
                      <Amount>0.43</Amount>
                      <DistanceMatrixElementRef ref="VTR:DistanceMatrixElement:999609to999612" version="1"/>
                    </DistanceMatrixElementPrice>
                  </prices>
                </DistanceMatrixElement>
                <DistanceMatrixElement id="VTR:DistanceMatrixElement:999597to999600" version="1">
                  <Name>Paluknys to Mamavys</Name>
                  <StartStopPointRef ref="VTR:ScheduledStopPoint:88135" version="1"/>
                  <EndStopPointRef ref="VTR:ScheduledStopPoint:88138" version="1"/>
                  <prices>
                    <DistanceMatrixElementPrice id="VTR:DistanceMatrixElementPrice:999597to999600" version="1">
                      <Amount>0.43</Amount>
                      <DistanceMatrixElementRef ref="VTR:DistanceMatrixElement:999597to999600" version="1"/>
                    </DistanceMatrixElementPrice>
                  </prices>
                </DistanceMatrixElement>
                <DistanceMatrixElement id="VTR:DistanceMatrixElement:999602to999603" version="1">
                  <Name>Paluknys II to Liepynai</Name>
                  <StartStopPointRef ref="VTR:ScheduledStopPoint:88136" version="1"/>
                  <EndStopPointRef ref="VTR:ScheduledStopPoint:88137" version="1"/>
                  <prices>
                    <DistanceMatrixElementPrice id="VTR:DistanceMatrixElementPrice:999602to999603" version="1">
                      <Amount>0.2</Amount>
                      <DistanceMatrixElementRef ref="VTR:DistanceMatrixElement:999602to999603" version="1"/>
                    </DistanceMatrixElementPrice>
                  </prices>
                </DistanceMatrixElement>
                <DistanceMatrixElement id="VTR:DistanceMatrixElement:999605to999607" version="1">
                  <Name>Mamavys to Paluknys II</Name>
                  <StartStopPointRef ref="VTR:ScheduledStopPoint:88139" version="1"/>
                  <EndStopPointRef ref="VTR:ScheduledStopPoint:88141" version="1"/>
                  <prices>
                    <DistanceMatrixElementPrice id="VTR:DistanceMatrixElementPrice:999605to999607" version="1">
                      <Amount>0.35</Amount>
                      <DistanceMatrixElementRef ref="VTR:DistanceMatrixElement:999605to999607" version="1"/>
                    </DistanceMatrixElementPrice>
                  </prices>
                </DistanceMatrixElement>
                <DistanceMatrixElement id="VTR:DistanceMatrixElement:999610to999611" version="1">
                  <Name>Liepynai to Paluknys II</Name>
                  <StartStopPointRef ref="VTR:ScheduledStopPoint:88140" version="1"/>
                  <EndStopPointRef ref="VTR:ScheduledStopPoint:88141" version="1"/>
                  <prices>
                    <DistanceMatrixElementPrice id="VTR:DistanceMatrixElementPrice:999610to999611" version="1">
                      <Amount>0.2</Amount>
                      <DistanceMatrixElementRef ref="VTR:DistanceMatrixElement:999610to999611" version="1"/>
                    </DistanceMatrixElementPrice>
                  </prices>
                </DistanceMatrixElement>
                <DistanceMatrixElement id="VTR:DistanceMatrixElement:999599to999600" version="1">
                  <Name>Liepynai to Mamavys</Name>
                  <StartStopPointRef ref="VTR:ScheduledStopPoint:88137" version="1"/>
                  <EndStopPointRef ref="VTR:ScheduledStopPoint:88138" version="1"/>
                  <prices>
                    <DistanceMatrixElementPrice id="VTR:DistanceMatrixElementPrice:999599to999600" version="1">
                      <Amount>0.17</Amount>
                      <DistanceMatrixElementRef ref="VTR:DistanceMatrixElement:999599to999600" version="1"/>
                    </DistanceMatrixElementPrice>
                  </prices>
                </DistanceMatrixElement>
                <DistanceMatrixElement id="VTR:DistanceMatrixElement:999601to999602" version="1">
                  <Name>Paluknys to Paluknys II</Name>
                  <StartStopPointRef ref="VTR:ScheduledStopPoint:88135" version="1"/>
                  <EndStopPointRef ref="VTR:ScheduledStopPoint:88136" version="1"/>
                  <prices>
                    <DistanceMatrixElementPrice id="VTR:DistanceMatrixElementPrice:999601to999602" version="1">
                      <Amount>0.17</Amount>
                      <DistanceMatrixElementRef ref="VTR:DistanceMatrixElement:999601to999602" version="1"/>
                    </DistanceMatrixElementPrice>
                  </prices>
                </DistanceMatrixElement>
                <DistanceMatrixElement id="VTR:DistanceMatrixElement:999601to999603" version="1">
                  <Name>Paluknys to Liepynai</Name>
                  <StartStopPointRef ref="VTR:ScheduledStopPoint:88135" version="1"/>
                  <EndStopPointRef ref="VTR:ScheduledStopPoint:88137" version="1"/>
                  <prices>
                    <DistanceMatrixElementPrice id="VTR:DistanceMatrixElementPrice:999601to999603" version="1">
                      <Amount>0.29</Amount>
                      <DistanceMatrixElementRef ref="VTR:DistanceMatrixElement:999601to999603" version="1"/>
                    </DistanceMatrixElementPrice>
                  </prices>
                </DistanceMatrixElement>
                <DistanceMatrixElement id="VTR:DistanceMatrixElement:999605to999608" version="1">
                  <Name>Mamavys to Paluknys</Name>
                  <StartStopPointRef ref="VTR:ScheduledStopPoint:88139" version="1"/>
                  <EndStopPointRef ref="VTR:ScheduledStopPoint:88142" version="1"/>
                  <prices>
                    <DistanceMatrixElementPrice id="VTR:DistanceMatrixElementPrice:999605to999608" version="1">
                      <Amount>0.43</Amount>
                      <DistanceMatrixElementRef ref="VTR:DistanceMatrixElement:999605to999608" version="1"/>
                    </DistanceMatrixElementPrice>
                  </prices>
                </DistanceMatrixElement>
                <DistanceMatrixElement id="VTR:DistanceMatrixElement:999606to999607" version="1">
                  <Name>Liepynai to Paluknys II</Name>
                  <StartStopPointRef ref="VTR:ScheduledStopPoint:88140" version="1"/>
                  <EndStopPointRef ref="VTR:ScheduledStopPoint:88141" version="1"/>
                  <prices>
                    <DistanceMatrixElementPrice id="VTR:DistanceMatrixElementPrice:999606to999607" version="1">
                      <Amount>0.2</Amount>
                      <DistanceMatrixElementRef ref="VTR:DistanceMatrixElement:999606to999607" version="1"/>
                    </DistanceMatrixElementPrice>
                  </prices>
                </DistanceMatrixElement>
                <DistanceMatrixElement id="VTR:DistanceMatrixElement:999607to999608" version="1">
                  <Name>Paluknys II to Paluknys</Name>
                  <StartStopPointRef ref="VTR:ScheduledStopPoint:88141" version="1"/>
                  <EndStopPointRef ref="VTR:ScheduledStopPoint:88142" version="1"/>
                  <prices>
                    <DistanceMatrixElementPrice id="VTR:DistanceMatrixElementPrice:999607to999608" version="1">
                      <Amount>0.17</Amount>
                      <DistanceMatrixElementRef ref="VTR:DistanceMatrixElement:999607to999608" version="1"/>
                    </DistanceMatrixElementPrice>
                  </prices>
                </DistanceMatrixElement>
                <DistanceMatrixElement id="VTR:DistanceMatrixElement:999601to999604" version="1">
                  <Name>Paluknys to Mamavys</Name>
                  <StartStopPointRef ref="VTR:ScheduledStopPoint:88135" version="1"/>
                  <EndStopPointRef ref="VTR:ScheduledStopPoint:88138" version="1"/>
                  <prices>
                    <DistanceMatrixElementPrice id="VTR:DistanceMatrixElementPrice:999601to999604" version="1">
                      <Amount>0.43</Amount>
                      <DistanceMatrixElementRef ref="VTR:DistanceMatrixElement:999601to999604" version="1"/>
                    </DistanceMatrixElementPrice>
                  </prices>
                </DistanceMatrixElement>
                <DistanceMatrixElement id="VTR:DistanceMatrixElement:999610to999612" version="1">
                  <Name>Liepynai to Paluknys</Name>
                  <StartStopPointRef ref="VTR:ScheduledStopPoint:88140" version="1"/>
                  <EndStopPointRef ref="VTR:ScheduledStopPoint:88142" version="1"/>
                  <prices>
                    <DistanceMatrixElementPrice id="VTR:DistanceMatrixElementPrice:999610to999612" version="1">
                      <Amount>0.29</Amount>
                      <DistanceMatrixElementRef ref="VTR:DistanceMatrixElement:999610to999612" version="1"/>
                    </DistanceMatrixElementPrice>
                  </prices>
                </DistanceMatrixElement>
              </distanceMatrixElements>
            </Tariff>
          </tariffs>
          <usageParameters>
            <FrequencyOfUse id="VTR:FrequencyOfUse:oneTrip" version="1">
              <FrequencyOfUseType>unlimited</FrequencyOfUseType>
              <MaximalFrequency>1</MaximalFrequency>
            </FrequencyOfUse>
          </usageParameters>
        </FareFrame>
      </frames>
    </CompositeFrame>
  </dataObjects>
</PublicationDelivery>
