<?xml version="1.0" encoding="UTF-8"?><PublicationDelivery xmlns="http://www.netex.org.uk/netex" xmlns:gis="http://www.opengis.net/gml/3.2" xmlns:ns2="http://www.opengis.net/gml/3.2" xmlns:ns3="http://www.siri.org.uk/siri" xmlns:xsi="http://www.w3.org/2001/XMLSchema-instance" version="1" xsi:schemaLocation="">
  <PublicationTimestamp>2022-05-07T05:00:00.232</PublicationTimestamp>
  <ParticipantRef>VTR</ParticipantRef>
  <Description>1</Description>
  <dataObjects>
    <CompositeFrame created="2022-05-07T05:00:00.232" version="1" id="VTR:CompositeFrame:1400">
      <validityConditions>
        <AvailabilityCondition version="1" id="VTR:AvailabilityCondition:1400">
          <FromDate>2015-08-17T01:21:37</FromDate>
          <ToDate>2027-12-30T00:00:00</ToDate>
        </AvailabilityCondition>
      </validityConditions>
      <codespaces>
        <Codespace id="vtr">
          <Xmlns>VTR</Xmlns>
          <XmlnsUrl>http://www.visimarsrutai.lt/</XmlnsUrl>
        </Codespace>
      </codespaces>
      <FrameDefaults>
        <DefaultLocale>
          <TimeZone>Europe/Vilnius</TimeZone>
        </DefaultLocale>
        <DefaultLocationSystem>WGS84</DefaultLocationSystem>
      </FrameDefaults>
      <frames>
        <ServiceCalendarFrame version="1" id="VTR:ServiceCalendarFrame:1400">
          <dayTypes>
            <DayType id="VTR:DayType:1324" version="1">
              <properties>
                <PropertyOfDay>
                  <DaysOfWeek>Monday Tuesday Wednesday Thursday Friday</DaysOfWeek>
                </PropertyOfDay>
              </properties>
            </DayType>
          </dayTypes>
          <operatingPeriods>
            <OperatingPeriod version="1" id="VTR:OperatingPeriod:1324">
              <FromDate>2015-01-01T00:00:00</FromDate>
              <ToDate>2020-12-31T00:00:00</ToDate>
            </OperatingPeriod>
          </operatingPeriods>
          <dayTypeAssignments>
            <DayTypeAssignment id="VTR:DayTypeAssignment:1324_0" version="1" order="1298">
              <OperatingPeriodRef ref="VTR:OperatingPeriod:1324" version="1"/>
              <DayTypeRef ref="VTR:DayType:1324" version="1"/>
            </DayTypeAssignment>
          </dayTypeAssignments>
        </ServiceCalendarFrame>
        <ServiceFrame id="VTR:ServiceFrame:1400" version="1">
          <Network version="0" id="VTR:Network:32"/>
          <routePoints>
            <RoutePoint version="1" id="VTR:RoutePoint:76383">
              <projections>
                <PointProjection version="1" id="VTR:PointProjection:25539">
                  <ProjectedPointRef ref="VTR:ScheduledStopPoint:76383" version="1"/>
                </PointProjection>
              </projections>
            </RoutePoint>
            <RoutePoint version="1" id="VTR:RoutePoint:76384">
              <projections>
                <PointProjection version="1" id="VTR:PointProjection:25540">
                  <ProjectedPointRef ref="VTR:ScheduledStopPoint:76384" version="1"/>
                </PointProjection>
              </projections>
            </RoutePoint>
            <RoutePoint version="1" id="VTR:RoutePoint:76385">
              <projections>
                <PointProjection version="1" id="VTR:PointProjection:25541">
                  <ProjectedPointRef ref="VTR:ScheduledStopPoint:76385" version="1"/>
                </PointProjection>
              </projections>
            </RoutePoint>
            <RoutePoint version="1" id="VTR:RoutePoint:78201">
              <projections>
                <PointProjection version="1" id="VTR:PointProjection:11538">
                  <ProjectedPointRef ref="VTR:ScheduledStopPoint:78201" version="1"/>
                </PointProjection>
              </projections>
            </RoutePoint>
            <RoutePoint version="1" id="VTR:RoutePoint:78203">
              <projections>
                <PointProjection version="1" id="VTR:PointProjection:11539">
                  <ProjectedPointRef ref="VTR:ScheduledStopPoint:78203" version="1"/>
                </PointProjection>
              </projections>
            </RoutePoint>
            <RoutePoint version="1" id="VTR:RoutePoint:78204">
              <projections>
                <PointProjection version="1" id="VTR:PointProjection:11540">
                  <ProjectedPointRef ref="VTR:ScheduledStopPoint:78204" version="1"/>
                </PointProjection>
              </projections>
            </RoutePoint>
            <RoutePoint version="1" id="VTR:RoutePoint:78205">
              <projections>
                <PointProjection version="1" id="VTR:PointProjection:11541">
                  <ProjectedPointRef ref="VTR:ScheduledStopPoint:78205" version="1"/>
                </PointProjection>
              </projections>
            </RoutePoint>
            <RoutePoint version="1" id="VTR:RoutePoint:78206">
              <projections>
                <PointProjection version="1" id="VTR:PointProjection:11542">
                  <ProjectedPointRef ref="VTR:ScheduledStopPoint:78206" version="1"/>
                </PointProjection>
              </projections>
            </RoutePoint>
          </routePoints>
          <routes>
            <Route version="1" id="VTR:Route:4612">
              <Name>Trakai - Kudrionys</Name>
              <ShortName>Trakai - Kudrionys</ShortName>
              <LineRef ref="VTR:Line:1883" version="1866"/>
              <DirectionType>outbound</DirectionType>
              <pointsInSequence>
                <PointOnRoute version="1" id="VTR:PointOnRoute:76383" order="1">
                  <RoutePointRef ref="VTR:RoutePoint:76383"/>
                </PointOnRoute>
                <PointOnRoute version="1" id="VTR:PointOnRoute:76384" order="2">
                  <RoutePointRef ref="VTR:RoutePoint:76384"/>
                </PointOnRoute>
                <PointOnRoute version="1" id="VTR:PointOnRoute:76385" order="3">
                  <RoutePointRef ref="VTR:RoutePoint:76385"/>
                </PointOnRoute>
                <PointOnRoute version="1" id="VTR:PointOnRoute:78201" order="4">
                  <RoutePointRef ref="VTR:RoutePoint:78201"/>
                </PointOnRoute>
              </pointsInSequence>
            </Route>
            <Route version="1" id="VTR:Route:4722">
              <Name>Kudrionys - Trakai</Name>
              <ShortName>Kudrionys - Trakai</ShortName>
              <LineRef ref="VTR:Line:1883" version="1866"/>
              <DirectionType>inbound</DirectionType>
              <pointsInSequence>
                <PointOnRoute version="1" id="VTR:PointOnRoute:78203" order="1">
                  <RoutePointRef ref="VTR:RoutePoint:78203"/>
                </PointOnRoute>
                <PointOnRoute version="1" id="VTR:PointOnRoute:78204" order="2">
                  <RoutePointRef ref="VTR:RoutePoint:78204"/>
                </PointOnRoute>
                <PointOnRoute version="1" id="VTR:PointOnRoute:78205" order="3">
                  <RoutePointRef ref="VTR:RoutePoint:78205"/>
                </PointOnRoute>
                <PointOnRoute version="1" id="VTR:PointOnRoute:78206" order="4">
                  <RoutePointRef ref="VTR:RoutePoint:78206"/>
                </PointOnRoute>
              </pointsInSequence>
            </Route>
          </routes>
          <lines>
            <Line version="1866" id="VTR:Line:1883">
              <Name>Trakai - Kudrionys</Name>
              <TransportMode>bus</TransportMode>
              <TransportSubmode>
                <BusSubmode>regionalBus</BusSubmode>
              </TransportSubmode>
              <PublicCode>266</PublicCode>
              <OperatorRef ref="VTR:Operator:32"/>
            </Line>
          </lines>
          <scheduledStopPoints>
            <ScheduledStopPoint version="1" id="VTR:ScheduledStopPoint:76383">
              <Name>Trakų autobusų stotis</Name>
            </ScheduledStopPoint>
            <ScheduledStopPoint version="1" id="VTR:ScheduledStopPoint:76384">
              <Name>Rėkalnis</Name>
            </ScheduledStopPoint>
            <ScheduledStopPoint version="1" id="VTR:ScheduledStopPoint:76385">
              <Name>Kosciuškos</Name>
            </ScheduledStopPoint>
            <ScheduledStopPoint version="1" id="VTR:ScheduledStopPoint:78201">
              <Name>Kudrionys</Name>
            </ScheduledStopPoint>
            <ScheduledStopPoint version="1" id="VTR:ScheduledStopPoint:78203">
              <Name>Kudrionys</Name>
            </ScheduledStopPoint>
            <ScheduledStopPoint version="1" id="VTR:ScheduledStopPoint:78204">
              <Name>Kosciuškos</Name>
            </ScheduledStopPoint>
            <ScheduledStopPoint version="1" id="VTR:ScheduledStopPoint:78205">
              <Name>Rėkalnis</Name>
            </ScheduledStopPoint>
            <ScheduledStopPoint version="1" id="VTR:ScheduledStopPoint:78206">
              <Name>Trakų autobusų stotis</Name>
            </ScheduledStopPoint>
          </scheduledStopPoints>
          <serviceLinks>
            <ServiceLink id="VTR:ServiceLink:78203_1_78204_1" version="1">
              <Distance>4</Distance>
              <FromPointRef ref="VTR:ScheduledStopPoint:78203" version="1"/>
              <ToPointRef ref="VTR:ScheduledStopPoint:78204" version="1"/>
            </ServiceLink>
            <ServiceLink id="VTR:ServiceLink:76383_1_76384_1" version="1">
              <Distance>3</Distance>
              <FromPointRef ref="VTR:ScheduledStopPoint:76383" version="1"/>
              <ToPointRef ref="VTR:ScheduledStopPoint:76384" version="1"/>
            </ServiceLink>
            <ServiceLink id="VTR:ServiceLink:78205_1_78206_1" version="1">
              <Distance>3</Distance>
              <FromPointRef ref="VTR:ScheduledStopPoint:78205" version="1"/>
              <ToPointRef ref="VTR:ScheduledStopPoint:78206" version="1"/>
            </ServiceLink>
            <ServiceLink id="VTR:ServiceLink:76385_1_78201_1" version="1">
              <Distance>4</Distance>
              <FromPointRef ref="VTR:ScheduledStopPoint:76385" version="1"/>
              <ToPointRef ref="VTR:ScheduledStopPoint:78201" version="1"/>
            </ServiceLink>
            <ServiceLink id="VTR:ServiceLink:76384_1_76385_1" version="1">
              <Distance>4</Distance>
              <FromPointRef ref="VTR:ScheduledStopPoint:76384" version="1"/>
              <ToPointRef ref="VTR:ScheduledStopPoint:76385" version="1"/>
            </ServiceLink>
            <ServiceLink id="VTR:ServiceLink:78204_1_78205_1" version="1">
              <Distance>4</Distance>
              <FromPointRef ref="VTR:ScheduledStopPoint:78204" version="1"/>
              <ToPointRef ref="VTR:ScheduledStopPoint:78205" version="1"/>
            </ServiceLink>
          </serviceLinks>
          <stopAssignments>
            <PassengerStopAssignment order="461200000" id="VTR:PassengerStopAssignment:76383" version="1">
              <ScheduledStopPointRef ref="VTR:ScheduledStopPoint:76383" version="1"/>
              <QuayRef ref="VTR:Quay:19455"/>
            </PassengerStopAssignment>
            <PassengerStopAssignment order="461200001" id="VTR:PassengerStopAssignment:76384" version="1">
              <ScheduledStopPointRef ref="VTR:ScheduledStopPoint:76384" version="1"/>
              <QuayRef ref="VTR:Quay:6157"/>
            </PassengerStopAssignment>
            <PassengerStopAssignment order="461200002" id="VTR:PassengerStopAssignment:76385" version="1">
              <ScheduledStopPointRef ref="VTR:ScheduledStopPoint:76385" version="1"/>
              <QuayRef ref="VTR:Quay:7038"/>
            </PassengerStopAssignment>
            <PassengerStopAssignment order="461200003" id="VTR:PassengerStopAssignment:78201" version="1">
              <ScheduledStopPointRef ref="VTR:ScheduledStopPoint:78201" version="1"/>
              <QuayRef ref="VTR:Quay:21926"/>
            </PassengerStopAssignment>
            <PassengerStopAssignment order="472200000" id="VTR:PassengerStopAssignment:78203" version="1">
              <ScheduledStopPointRef ref="VTR:ScheduledStopPoint:78203" version="1"/>
              <QuayRef ref="VTR:Quay:21926"/>
            </PassengerStopAssignment>
            <PassengerStopAssignment order="472200001" id="VTR:PassengerStopAssignment:78204" version="1">
              <ScheduledStopPointRef ref="VTR:ScheduledStopPoint:78204" version="1"/>
              <QuayRef ref="VTR:Quay:11872"/>
            </PassengerStopAssignment>
            <PassengerStopAssignment order="472200002" id="VTR:PassengerStopAssignment:78205" version="1">
              <ScheduledStopPointRef ref="VTR:ScheduledStopPoint:78205" version="1"/>
              <QuayRef ref="VTR:Quay:6889"/>
            </PassengerStopAssignment>
            <PassengerStopAssignment order="472200003" id="VTR:PassengerStopAssignment:78206" version="1">
              <ScheduledStopPointRef ref="VTR:ScheduledStopPoint:78206" version="1"/>
              <QuayRef ref="VTR:Quay:19455"/>
            </PassengerStopAssignment>
          </stopAssignments>
          <journeyPatterns>
            <JourneyPattern id="VTR:JourneyPattern:47277" version="47262">
              <Name>266_4</Name>
              <RouteRef ref="VTR:Route:4722" version="1"/>
              <pointsInSequence>
                <StopPointInJourneyPattern id="VTR:StopPointInJourneyPattern:983060" version="47262" order="1">
                  <ScheduledStopPointRef ref="VTR:ScheduledStopPoint:78203"/>
                  <DestinationDisplayRef ref="VTR:DestinationDisplay:1"/>
                </StopPointInJourneyPattern>
                <StopPointInJourneyPattern id="VTR:StopPointInJourneyPattern:983061" version="47262" order="2">
                  <ScheduledStopPointRef ref="VTR:ScheduledStopPoint:78204"/>
                  <DestinationDisplayRef ref="VTR:DestinationDisplay:1"/>
                </StopPointInJourneyPattern>
                <StopPointInJourneyPattern id="VTR:StopPointInJourneyPattern:983062" version="47262" order="3">
                  <ScheduledStopPointRef ref="VTR:ScheduledStopPoint:78205"/>
                  <DestinationDisplayRef ref="VTR:DestinationDisplay:1"/>
                </StopPointInJourneyPattern>
                <StopPointInJourneyPattern id="VTR:StopPointInJourneyPattern:983063" version="47262" order="4">
                  <ScheduledStopPointRef ref="VTR:ScheduledStopPoint:78206"/>
                  <DestinationDisplayRef ref="VTR:DestinationDisplay:1"/>
                </StopPointInJourneyPattern>
              </pointsInSequence>
            </JourneyPattern>
            <JourneyPattern id="VTR:JourneyPattern:47275" version="47260">
              <Name>266_1</Name>
              <RouteRef ref="VTR:Route:4612" version="1"/>
              <pointsInSequence>
                <StopPointInJourneyPattern id="VTR:StopPointInJourneyPattern:983052" version="47260" order="1">
                  <ScheduledStopPointRef ref="VTR:ScheduledStopPoint:76383"/>
                  <DestinationDisplayRef ref="VTR:DestinationDisplay:1"/>
                </StopPointInJourneyPattern>
                <StopPointInJourneyPattern id="VTR:StopPointInJourneyPattern:983053" version="47260" order="2">
                  <ScheduledStopPointRef ref="VTR:ScheduledStopPoint:76384"/>
                  <DestinationDisplayRef ref="VTR:DestinationDisplay:1"/>
                </StopPointInJourneyPattern>
                <StopPointInJourneyPattern id="VTR:StopPointInJourneyPattern:983054" version="47260" order="3">
                  <ScheduledStopPointRef ref="VTR:ScheduledStopPoint:76385"/>
                  <DestinationDisplayRef ref="VTR:DestinationDisplay:1"/>
                </StopPointInJourneyPattern>
                <StopPointInJourneyPattern id="VTR:StopPointInJourneyPattern:983055" version="47260" order="4">
                  <ScheduledStopPointRef ref="VTR:ScheduledStopPoint:78201"/>
                  <DestinationDisplayRef ref="VTR:DestinationDisplay:1"/>
                </StopPointInJourneyPattern>
              </pointsInSequence>
            </JourneyPattern>
            <JourneyPattern id="VTR:JourneyPattern:47276" version="47261">
              <Name>266_3</Name>
              <RouteRef ref="VTR:Route:4722" version="1"/>
              <pointsInSequence>
                <StopPointInJourneyPattern id="VTR:StopPointInJourneyPattern:983056" version="47261" order="1">
                  <ScheduledStopPointRef ref="VTR:ScheduledStopPoint:78203"/>
                  <DestinationDisplayRef ref="VTR:DestinationDisplay:1"/>
                </StopPointInJourneyPattern>
                <StopPointInJourneyPattern id="VTR:StopPointInJourneyPattern:983057" version="47261" order="2">
                  <ScheduledStopPointRef ref="VTR:ScheduledStopPoint:78204"/>
                  <DestinationDisplayRef ref="VTR:DestinationDisplay:1"/>
                </StopPointInJourneyPattern>
                <StopPointInJourneyPattern id="VTR:StopPointInJourneyPattern:983058" version="47261" order="3">
                  <ScheduledStopPointRef ref="VTR:ScheduledStopPoint:78205"/>
                  <DestinationDisplayRef ref="VTR:DestinationDisplay:1"/>
                </StopPointInJourneyPattern>
                <StopPointInJourneyPattern id="VTR:StopPointInJourneyPattern:983059" version="47261" order="4">
                  <ScheduledStopPointRef ref="VTR:ScheduledStopPoint:78206"/>
                  <DestinationDisplayRef ref="VTR:DestinationDisplay:1"/>
                </StopPointInJourneyPattern>
              </pointsInSequence>
            </JourneyPattern>
            <JourneyPattern id="VTR:JourneyPattern:47274" version="47259">
              <Name>266</Name>
              <RouteRef ref="VTR:Route:4612" version="1"/>
              <pointsInSequence>
                <StopPointInJourneyPattern id="VTR:StopPointInJourneyPattern:983048" version="47259" order="1">
                  <ScheduledStopPointRef ref="VTR:ScheduledStopPoint:76383"/>
                  <DestinationDisplayRef ref="VTR:DestinationDisplay:1"/>
                </StopPointInJourneyPattern>
                <StopPointInJourneyPattern id="VTR:StopPointInJourneyPattern:983049" version="47259" order="2">
                  <ScheduledStopPointRef ref="VTR:ScheduledStopPoint:76384"/>
                  <DestinationDisplayRef ref="VTR:DestinationDisplay:1"/>
                </StopPointInJourneyPattern>
                <StopPointInJourneyPattern id="VTR:StopPointInJourneyPattern:983050" version="47259" order="3">
                  <ScheduledStopPointRef ref="VTR:ScheduledStopPoint:76385"/>
                  <DestinationDisplayRef ref="VTR:DestinationDisplay:1"/>
                </StopPointInJourneyPattern>
                <StopPointInJourneyPattern id="VTR:StopPointInJourneyPattern:983051" version="47259" order="4">
                  <ScheduledStopPointRef ref="VTR:ScheduledStopPoint:78201"/>
                  <DestinationDisplayRef ref="VTR:DestinationDisplay:1"/>
                </StopPointInJourneyPattern>
              </pointsInSequence>
            </JourneyPattern>
          </journeyPatterns>
        </ServiceFrame>
        <TimetableFrame version="1" id="VTR:TimetableFrame:1400">
          <vehicleJourneys>
            <ServiceJourney version="47259" id="VTR:ServiceJourney:47274">
              <Name>Trakai - Kudrionys</Name>
              <PrivateCode>266</PrivateCode>
              <dayTypes>
                <DayTypeRef ref="VTR:DayType:1324"/>
              </dayTypes>
              <JourneyPatternRef version="47259" ref="VTR:JourneyPattern:47274"/>
              <OperatorRef ref="VTR:Operator:529"/>
              <LineRef ref="VTR:Line:1883" version="1866"/>
              <passingTimes>
                <TimetabledPassingTime version="47259" id="VTR:TimetabledPassingTime:47274_983048_1">
                  <StopPointInJourneyPatternRef ref="VTR:StopPointInJourneyPattern:983048" version="47259"/>
                  <DepartureTime>07:00:00</DepartureTime>
                  <DepartureDayOffset>0</DepartureDayOffset>
                </TimetabledPassingTime>
                <TimetabledPassingTime version="47259" id="VTR:TimetabledPassingTime:47274_983049_2">
                  <StopPointInJourneyPatternRef ref="VTR:StopPointInJourneyPattern:983049" version="47259"/>
                  <DepartureTime>07:03:00</DepartureTime>
                  <DepartureDayOffset>0</DepartureDayOffset>
                </TimetabledPassingTime>
                <TimetabledPassingTime version="47259" id="VTR:TimetabledPassingTime:47274_983050_3">
                  <StopPointInJourneyPatternRef ref="VTR:StopPointInJourneyPattern:983050" version="47259"/>
                  <DepartureTime>07:06:00</DepartureTime>
                  <DepartureDayOffset>0</DepartureDayOffset>
                </TimetabledPassingTime>
                <TimetabledPassingTime version="47259" id="VTR:TimetabledPassingTime:47274_983051_4">
                  <StopPointInJourneyPatternRef ref="VTR:StopPointInJourneyPattern:983051" version="47259"/>
                  <DepartureTime>07:13:00</DepartureTime>
                  <DepartureDayOffset>0</DepartureDayOffset>
                </TimetabledPassingTime>
              </passingTimes>
            </ServiceJourney>
            <ServiceJourney version="47260" id="VTR:ServiceJourney:47275">
              <Name>Trakai - Kudrionys</Name>
              <PrivateCode>266_1</PrivateCode>
              <dayTypes>
                <DayTypeRef ref="VTR:DayType:1324"/>
              </dayTypes>
              <JourneyPatternRef version="47260" ref="VTR:JourneyPattern:47275"/>
              <OperatorRef ref="VTR:Operator:529"/>
              <LineRef ref="VTR:Line:1883" version="1866"/>
              <passingTimes>
                <TimetabledPassingTime version="47260" id="VTR:TimetabledPassingTime:47275_983052_1">
                  <StopPointInJourneyPatternRef ref="VTR:StopPointInJourneyPattern:983052" version="47260"/>
                  <DepartureTime>14:40:00</DepartureTime>
                  <DepartureDayOffset>0</DepartureDayOffset>
                </TimetabledPassingTime>
                <TimetabledPassingTime version="47260" id="VTR:TimetabledPassingTime:47275_983053_2">
                  <StopPointInJourneyPatternRef ref="VTR:StopPointInJourneyPattern:983053" version="47260"/>
                  <DepartureTime>14:43:00</DepartureTime>
                  <DepartureDayOffset>0</DepartureDayOffset>
                </TimetabledPassingTime>
                <TimetabledPassingTime version="47260" id="VTR:TimetabledPassingTime:47275_983054_3">
                  <StopPointInJourneyPatternRef ref="VTR:StopPointInJourneyPattern:983054" version="47260"/>
                  <DepartureTime>14:46:00</DepartureTime>
                  <DepartureDayOffset>0</DepartureDayOffset>
                </TimetabledPassingTime>
                <TimetabledPassingTime version="47260" id="VTR:TimetabledPassingTime:47275_983055_4">
                  <StopPointInJourneyPatternRef ref="VTR:StopPointInJourneyPattern:983055" version="47260"/>
                  <DepartureTime>14:53:00</DepartureTime>
                  <DepartureDayOffset>0</DepartureDayOffset>
                </TimetabledPassingTime>
              </passingTimes>
            </ServiceJourney>
            <ServiceJourney version="47261" id="VTR:ServiceJourney:47276">
              <Name>Kudrionys - Trakai</Name>
              <PrivateCode>266_3</PrivateCode>
              <dayTypes>
                <DayTypeRef ref="VTR:DayType:1324"/>
              </dayTypes>
              <JourneyPatternRef version="47261" ref="VTR:JourneyPattern:47276"/>
              <OperatorRef ref="VTR:Operator:529"/>
              <LineRef ref="VTR:Line:1883" version="1866"/>
              <passingTimes>
                <TimetabledPassingTime version="47261" id="VTR:TimetabledPassingTime:47276_983056_1">
                  <StopPointInJourneyPatternRef ref="VTR:StopPointInJourneyPattern:983056" version="47261"/>
                  <DepartureTime>07:15:00</DepartureTime>
                  <DepartureDayOffset>0</DepartureDayOffset>
                </TimetabledPassingTime>
                <TimetabledPassingTime version="47261" id="VTR:TimetabledPassingTime:47276_983057_2">
                  <StopPointInJourneyPatternRef ref="VTR:StopPointInJourneyPattern:983057" version="47261"/>
                  <DepartureTime>07:21:00</DepartureTime>
                  <DepartureDayOffset>0</DepartureDayOffset>
                </TimetabledPassingTime>
                <TimetabledPassingTime version="47261" id="VTR:TimetabledPassingTime:47276_983058_3">
                  <StopPointInJourneyPatternRef ref="VTR:StopPointInJourneyPattern:983058" version="47261"/>
                  <DepartureTime>07:23:00</DepartureTime>
                  <DepartureDayOffset>0</DepartureDayOffset>
                </TimetabledPassingTime>
                <TimetabledPassingTime version="47261" id="VTR:TimetabledPassingTime:47276_983059_4">
                  <StopPointInJourneyPatternRef ref="VTR:StopPointInJourneyPattern:983059" version="47261"/>
                  <DepartureTime>07:27:00</DepartureTime>
                  <DepartureDayOffset>0</DepartureDayOffset>
                </TimetabledPassingTime>
              </passingTimes>
            </ServiceJourney>
            <ServiceJourney version="47262" id="VTR:ServiceJourney:47277">
              <Name>Kudrionys - Trakai</Name>
              <PrivateCode>266_4</PrivateCode>
              <dayTypes>
                <DayTypeRef ref="VTR:DayType:1324"/>
              </dayTypes>
              <JourneyPatternRef version="47262" ref="VTR:JourneyPattern:47277"/>
              <OperatorRef ref="VTR:Operator:529"/>
              <LineRef ref="VTR:Line:1883" version="1866"/>
              <passingTimes>
                <TimetabledPassingTime version="47262" id="VTR:TimetabledPassingTime:47277_983060_1">
                  <StopPointInJourneyPatternRef ref="VTR:StopPointInJourneyPattern:983060" version="47262"/>
                  <DepartureTime>14:53:00</DepartureTime>
                  <DepartureDayOffset>0</DepartureDayOffset>
                </TimetabledPassingTime>
                <TimetabledPassingTime version="47262" id="VTR:TimetabledPassingTime:47277_983061_2">
                  <StopPointInJourneyPatternRef ref="VTR:StopPointInJourneyPattern:983061" version="47262"/>
                  <DepartureTime>14:59:00</DepartureTime>
                  <DepartureDayOffset>0</DepartureDayOffset>
                </TimetabledPassingTime>
                <TimetabledPassingTime version="47262" id="VTR:TimetabledPassingTime:47277_983062_3">
                  <StopPointInJourneyPatternRef ref="VTR:StopPointInJourneyPattern:983062" version="47262"/>
                  <DepartureTime>15:01:00</DepartureTime>
                  <DepartureDayOffset>0</DepartureDayOffset>
                </TimetabledPassingTime>
                <TimetabledPassingTime version="47262" id="VTR:TimetabledPassingTime:47277_983063_4">
                  <StopPointInJourneyPatternRef ref="VTR:StopPointInJourneyPattern:983063" version="47262"/>
                  <DepartureTime>15:05:00</DepartureTime>
                  <DepartureDayOffset>0</DepartureDayOffset>
                </TimetabledPassingTime>
              </passingTimes>
            </ServiceJourney>
          </vehicleJourneys>
        </TimetableFrame>
        <ResourceFrame version="1" id="VTR:ResourceFrame:1400">
          <organisations>
            <Authority version="1" id="VTR:Authority:32">
              <CompanyNumber>79</CompanyNumber>
              <Name>Trakų r. sav.</Name>
              <LegalName>Trakų r. sav.</LegalName>
              <ContactDetails>
                <Email>info@trakai.lt</Email>
                <Phone>852855486</Phone>
                <Url>www.trakai.lt</Url>
              </ContactDetails>
              <OrganisationType>authority</OrganisationType>
            </Authority>
          </organisations>
        </ResourceFrame>
        <FareFrame id="VTR:FareFrame:1883" version="1">
          <FrameDefaults>
            <DefaultCurrency>EUR</DefaultCurrency>
          </FrameDefaults>
          <fareStructureElements>
            <FareStructureElement id="VTR:FareStructureElement:pricematrix" version="1">
              <distanceMatrixElements>
                <DistanceMatrixElementRef ref="VTR:DistanceMatrixElement:983054to983055" version="1"/>
                <DistanceMatrixElementRef ref="VTR:DistanceMatrixElement:983060to983061" version="1"/>
                <DistanceMatrixElementRef ref="VTR:DistanceMatrixElement:983060to983062" version="1"/>
                <DistanceMatrixElementRef ref="VTR:DistanceMatrixElement:983048to983050" version="1"/>
                <DistanceMatrixElementRef ref="VTR:DistanceMatrixElement:983048to983051" version="1"/>
                <DistanceMatrixElementRef ref="VTR:DistanceMatrixElement:983052to983054" version="1"/>
                <DistanceMatrixElementRef ref="VTR:DistanceMatrixElement:983056to983057" version="1"/>
                <DistanceMatrixElementRef ref="VTR:DistanceMatrixElement:983056to983059" version="1"/>
                <DistanceMatrixElementRef ref="VTR:DistanceMatrixElement:983057to983058" version="1"/>
                <DistanceMatrixElementRef ref="VTR:DistanceMatrixElement:983057to983059" version="1"/>
                <DistanceMatrixElementRef ref="VTR:DistanceMatrixElement:983058to983059" version="1"/>
                <DistanceMatrixElementRef ref="VTR:DistanceMatrixElement:983049to983050" version="1"/>
                <DistanceMatrixElementRef ref="VTR:DistanceMatrixElement:983050to983051" version="1"/>
                <DistanceMatrixElementRef ref="VTR:DistanceMatrixElement:983060to983063" version="1"/>
                <DistanceMatrixElementRef ref="VTR:DistanceMatrixElement:983053to983054" version="1"/>
                <DistanceMatrixElementRef ref="VTR:DistanceMatrixElement:983061to983063" version="1"/>
                <DistanceMatrixElementRef ref="VTR:DistanceMatrixElement:983052to983053" version="1"/>
                <DistanceMatrixElementRef ref="VTR:DistanceMatrixElement:983048to983049" version="1"/>
                <DistanceMatrixElementRef ref="VTR:DistanceMatrixElement:983049to983051" version="1"/>
                <DistanceMatrixElementRef ref="VTR:DistanceMatrixElement:983052to983055" version="1"/>
                <DistanceMatrixElementRef ref="VTR:DistanceMatrixElement:983053to983055" version="1"/>
                <DistanceMatrixElementRef ref="VTR:DistanceMatrixElement:983061to983062" version="1"/>
                <DistanceMatrixElementRef ref="VTR:DistanceMatrixElement:983062to983063" version="1"/>
                <DistanceMatrixElementRef ref="VTR:DistanceMatrixElement:983056to983058" version="1"/>
              </distanceMatrixElements>
            </FareStructureElement>
          </fareStructureElements>
          <tariffs>
            <Tariff id="VTR:Tariff:pointToPointInSeparateJourney_1883" version="1">
              <Name>Point to point tariff</Name>
              <distanceMatrixElements>
                <DistanceMatrixElement id="VTR:DistanceMatrixElement:983054to983055" version="1">
                  <Name>Kosciuškos to Kudrionys</Name>
                  <StartStopPointRef ref="VTR:ScheduledStopPoint:76385" version="1"/>
                  <EndStopPointRef ref="VTR:ScheduledStopPoint:78201" version="1"/>
                  <prices>
                    <DistanceMatrixElementPrice id="VTR:DistanceMatrixElementPrice:983054to983055" version="1">
                      <Amount>0.17</Amount>
                      <DistanceMatrixElementRef ref="VTR:DistanceMatrixElement:983054to983055" version="1"/>
                    </DistanceMatrixElementPrice>
                  </prices>
                </DistanceMatrixElement>
                <DistanceMatrixElement id="VTR:DistanceMatrixElement:983060to983061" version="1">
                  <Name>Kudrionys to Kosciuškos</Name>
                  <StartStopPointRef ref="VTR:ScheduledStopPoint:78203" version="1"/>
                  <EndStopPointRef ref="VTR:ScheduledStopPoint:78204" version="1"/>
                  <prices>
                    <DistanceMatrixElementPrice id="VTR:DistanceMatrixElementPrice:983060to983061" version="1">
                      <Amount>0.17</Amount>
                      <DistanceMatrixElementRef ref="VTR:DistanceMatrixElement:983060to983061" version="1"/>
                    </DistanceMatrixElementPrice>
                  </prices>
                </DistanceMatrixElement>
                <DistanceMatrixElement id="VTR:DistanceMatrixElement:983060to983062" version="1">
                  <Name>Kudrionys to Rėkalnis</Name>
                  <StartStopPointRef ref="VTR:ScheduledStopPoint:78203" version="1"/>
                  <EndStopPointRef ref="VTR:ScheduledStopPoint:78205" version="1"/>
                  <prices>
                    <DistanceMatrixElementPrice id="VTR:DistanceMatrixElementPrice:983060to983062" version="1">
                      <Amount>0.35</Amount>
                      <DistanceMatrixElementRef ref="VTR:DistanceMatrixElement:983060to983062" version="1"/>
                    </DistanceMatrixElementPrice>
                  </prices>
                </DistanceMatrixElement>
                <DistanceMatrixElement id="VTR:DistanceMatrixElement:983048to983050" version="1">
                  <Name>Trakų autobusų stotis to Kosciuškos</Name>
                  <StartStopPointRef ref="VTR:ScheduledStopPoint:76383" version="1"/>
                  <EndStopPointRef ref="VTR:ScheduledStopPoint:76385" version="1"/>
                  <prices>
                    <DistanceMatrixElementPrice id="VTR:DistanceMatrixElementPrice:983048to983050" version="1">
                      <Amount>0.52</Amount>
                      <DistanceMatrixElementRef ref="VTR:DistanceMatrixElement:983048to983050" version="1"/>
                    </DistanceMatrixElementPrice>
                  </prices>
                </DistanceMatrixElement>
                <DistanceMatrixElement id="VTR:DistanceMatrixElement:983048to983051" version="1">
                  <Name>Trakų autobusų stotis to Kudrionys</Name>
                  <StartStopPointRef ref="VTR:ScheduledStopPoint:76383" version="1"/>
                  <EndStopPointRef ref="VTR:ScheduledStopPoint:78201" version="1"/>
                  <prices>
                    <DistanceMatrixElementPrice id="VTR:DistanceMatrixElementPrice:983048to983051" version="1">
                      <Amount>0.64</Amount>
                      <DistanceMatrixElementRef ref="VTR:DistanceMatrixElement:983048to983051" version="1"/>
                    </DistanceMatrixElementPrice>
                  </prices>
                </DistanceMatrixElement>
                <DistanceMatrixElement id="VTR:DistanceMatrixElement:983052to983054" version="1">
                  <Name>Trakų autobusų stotis to Kosciuškos</Name>
                  <StartStopPointRef ref="VTR:ScheduledStopPoint:76383" version="1"/>
                  <EndStopPointRef ref="VTR:ScheduledStopPoint:76385" version="1"/>
                  <prices>
                    <DistanceMatrixElementPrice id="VTR:DistanceMatrixElementPrice:983052to983054" version="1">
                      <Amount>0.52</Amount>
                      <DistanceMatrixElementRef ref="VTR:DistanceMatrixElement:983052to983054" version="1"/>
                    </DistanceMatrixElementPrice>
                  </prices>
                </DistanceMatrixElement>
                <DistanceMatrixElement id="VTR:DistanceMatrixElement:983056to983057" version="1">
                  <Name>Kudrionys to Kosciuškos</Name>
                  <StartStopPointRef ref="VTR:ScheduledStopPoint:78203" version="1"/>
                  <EndStopPointRef ref="VTR:ScheduledStopPoint:78204" version="1"/>
                  <prices>
                    <DistanceMatrixElementPrice id="VTR:DistanceMatrixElementPrice:983056to983057" version="1">
                      <Amount>0.17</Amount>
                      <DistanceMatrixElementRef ref="VTR:DistanceMatrixElement:983056to983057" version="1"/>
                    </DistanceMatrixElementPrice>
                  </prices>
                </DistanceMatrixElement>
                <DistanceMatrixElement id="VTR:DistanceMatrixElement:983056to983059" version="1">
                  <Name>Kudrionys to Trakų autobusų stotis</Name>
                  <StartStopPointRef ref="VTR:ScheduledStopPoint:78203" version="1"/>
                  <EndStopPointRef ref="VTR:ScheduledStopPoint:78206" version="1"/>
                  <prices>
                    <DistanceMatrixElementPrice id="VTR:DistanceMatrixElementPrice:983056to983059" version="1">
                      <Amount>0.64</Amount>
                      <DistanceMatrixElementRef ref="VTR:DistanceMatrixElement:983056to983059" version="1"/>
                    </DistanceMatrixElementPrice>
                  </prices>
                </DistanceMatrixElement>
                <DistanceMatrixElement id="VTR:DistanceMatrixElement:983057to983058" version="1">
                  <Name>Kosciuškos to Rėkalnis</Name>
                  <StartStopPointRef ref="VTR:ScheduledStopPoint:78204" version="1"/>
                  <EndStopPointRef ref="VTR:ScheduledStopPoint:78205" version="1"/>
                  <prices>
                    <DistanceMatrixElementPrice id="VTR:DistanceMatrixElementPrice:983057to983058" version="1">
                      <Amount>0.23</Amount>
                      <DistanceMatrixElementRef ref="VTR:DistanceMatrixElement:983057to983058" version="1"/>
                    </DistanceMatrixElementPrice>
                  </prices>
                </DistanceMatrixElement>
                <DistanceMatrixElement id="VTR:DistanceMatrixElement:983057to983059" version="1">
                  <Name>Kosciuškos to Trakų autobusų stotis</Name>
                  <StartStopPointRef ref="VTR:ScheduledStopPoint:78204" version="1"/>
                  <EndStopPointRef ref="VTR:ScheduledStopPoint:78206" version="1"/>
                  <prices>
                    <DistanceMatrixElementPrice id="VTR:DistanceMatrixElementPrice:983057to983059" version="1">
                      <Amount>0.52</Amount>
                      <DistanceMatrixElementRef ref="VTR:DistanceMatrixElement:983057to983059" version="1"/>
                    </DistanceMatrixElementPrice>
                  </prices>
                </DistanceMatrixElement>
                <DistanceMatrixElement id="VTR:DistanceMatrixElement:983058to983059" version="1">
                  <Name>Rėkalnis to Trakų autobusų stotis</Name>
                  <StartStopPointRef ref="VTR:ScheduledStopPoint:78205" version="1"/>
                  <EndStopPointRef ref="VTR:ScheduledStopPoint:78206" version="1"/>
                  <prices>
                    <DistanceMatrixElementPrice id="VTR:DistanceMatrixElementPrice:983058to983059" version="1">
                      <Amount>0.32</Amount>
                      <DistanceMatrixElementRef ref="VTR:DistanceMatrixElement:983058to983059" version="1"/>
                    </DistanceMatrixElementPrice>
                  </prices>
                </DistanceMatrixElement>
                <DistanceMatrixElement id="VTR:DistanceMatrixElement:983049to983050" version="1">
                  <Name>Rėkalnis to Kosciuškos</Name>
                  <StartStopPointRef ref="VTR:ScheduledStopPoint:76384" version="1"/>
                  <EndStopPointRef ref="VTR:ScheduledStopPoint:76385" version="1"/>
                  <prices>
                    <DistanceMatrixElementPrice id="VTR:DistanceMatrixElementPrice:983049to983050" version="1">
                      <Amount>0.23</Amount>
                      <DistanceMatrixElementRef ref="VTR:DistanceMatrixElement:983049to983050" version="1"/>
                    </DistanceMatrixElementPrice>
                  </prices>
                </DistanceMatrixElement>
                <DistanceMatrixElement id="VTR:DistanceMatrixElement:983050to983051" version="1">
                  <Name>Kosciuškos to Kudrionys</Name>
                  <StartStopPointRef ref="VTR:ScheduledStopPoint:76385" version="1"/>
                  <EndStopPointRef ref="VTR:ScheduledStopPoint:78201" version="1"/>
                  <prices>
                    <DistanceMatrixElementPrice id="VTR:DistanceMatrixElementPrice:983050to983051" version="1">
                      <Amount>0.17</Amount>
                      <DistanceMatrixElementRef ref="VTR:DistanceMatrixElement:983050to983051" version="1"/>
                    </DistanceMatrixElementPrice>
                  </prices>
                </DistanceMatrixElement>
                <DistanceMatrixElement id="VTR:DistanceMatrixElement:983060to983063" version="1">
                  <Name>Kudrionys to Trakų autobusų stotis</Name>
                  <StartStopPointRef ref="VTR:ScheduledStopPoint:78203" version="1"/>
                  <EndStopPointRef ref="VTR:ScheduledStopPoint:78206" version="1"/>
                  <prices>
                    <DistanceMatrixElementPrice id="VTR:DistanceMatrixElementPrice:983060to983063" version="1">
                      <Amount>0.64</Amount>
                      <DistanceMatrixElementRef ref="VTR:DistanceMatrixElement:983060to983063" version="1"/>
                    </DistanceMatrixElementPrice>
                  </prices>
                </DistanceMatrixElement>
                <DistanceMatrixElement id="VTR:DistanceMatrixElement:983053to983054" version="1">
                  <Name>Rėkalnis to Kosciuškos</Name>
                  <StartStopPointRef ref="VTR:ScheduledStopPoint:76384" version="1"/>
                  <EndStopPointRef ref="VTR:ScheduledStopPoint:76385" version="1"/>
                  <prices>
                    <DistanceMatrixElementPrice id="VTR:DistanceMatrixElementPrice:983053to983054" version="1">
                      <Amount>0.23</Amount>
                      <DistanceMatrixElementRef ref="VTR:DistanceMatrixElement:983053to983054" version="1"/>
                    </DistanceMatrixElementPrice>
                  </prices>
                </DistanceMatrixElement>
                <DistanceMatrixElement id="VTR:DistanceMatrixElement:983061to983063" version="1">
                  <Name>Kosciuškos to Trakų autobusų stotis</Name>
                  <StartStopPointRef ref="VTR:ScheduledStopPoint:78204" version="1"/>
                  <EndStopPointRef ref="VTR:ScheduledStopPoint:78206" version="1"/>
                  <prices>
                    <DistanceMatrixElementPrice id="VTR:DistanceMatrixElementPrice:983061to983063" version="1">
                      <Amount>0.52</Amount>
                      <DistanceMatrixElementRef ref="VTR:DistanceMatrixElement:983061to983063" version="1"/>
                    </DistanceMatrixElementPrice>
                  </prices>
                </DistanceMatrixElement>
                <DistanceMatrixElement id="VTR:DistanceMatrixElement:983052to983053" version="1">
                  <Name>Trakų autobusų stotis to Rėkalnis</Name>
                  <StartStopPointRef ref="VTR:ScheduledStopPoint:76383" version="1"/>
                  <EndStopPointRef ref="VTR:ScheduledStopPoint:76384" version="1"/>
                  <prices>
                    <DistanceMatrixElementPrice id="VTR:DistanceMatrixElementPrice:983052to983053" version="1">
                      <Amount>0.32</Amount>
                      <DistanceMatrixElementRef ref="VTR:DistanceMatrixElement:983052to983053" version="1"/>
                    </DistanceMatrixElementPrice>
                  </prices>
                </DistanceMatrixElement>
                <DistanceMatrixElement id="VTR:DistanceMatrixElement:983048to983049" version="1">
                  <Name>Trakų autobusų stotis to Rėkalnis</Name>
                  <StartStopPointRef ref="VTR:ScheduledStopPoint:76383" version="1"/>
                  <EndStopPointRef ref="VTR:ScheduledStopPoint:76384" version="1"/>
                  <prices>
                    <DistanceMatrixElementPrice id="VTR:DistanceMatrixElementPrice:983048to983049" version="1">
                      <Amount>0.32</Amount>
                      <DistanceMatrixElementRef ref="VTR:DistanceMatrixElement:983048to983049" version="1"/>
                    </DistanceMatrixElementPrice>
                  </prices>
                </DistanceMatrixElement>
                <DistanceMatrixElement id="VTR:DistanceMatrixElement:983049to983051" version="1">
                  <Name>Rėkalnis to Kudrionys</Name>
                  <StartStopPointRef ref="VTR:ScheduledStopPoint:76384" version="1"/>
                  <EndStopPointRef ref="VTR:ScheduledStopPoint:78201" version="1"/>
                  <prices>
                    <DistanceMatrixElementPrice id="VTR:DistanceMatrixElementPrice:983049to983051" version="1">
                      <Amount>0.35</Amount>
                      <DistanceMatrixElementRef ref="VTR:DistanceMatrixElement:983049to983051" version="1"/>
                    </DistanceMatrixElementPrice>
                  </prices>
                </DistanceMatrixElement>
                <DistanceMatrixElement id="VTR:DistanceMatrixElement:983052to983055" version="1">
                  <Name>Trakų autobusų stotis to Kudrionys</Name>
                  <StartStopPointRef ref="VTR:ScheduledStopPoint:76383" version="1"/>
                  <EndStopPointRef ref="VTR:ScheduledStopPoint:78201" version="1"/>
                  <prices>
                    <DistanceMatrixElementPrice id="VTR:DistanceMatrixElementPrice:983052to983055" version="1">
                      <Amount>0.64</Amount>
                      <DistanceMatrixElementRef ref="VTR:DistanceMatrixElement:983052to983055" version="1"/>
                    </DistanceMatrixElementPrice>
                  </prices>
                </DistanceMatrixElement>
                <DistanceMatrixElement id="VTR:DistanceMatrixElement:983053to983055" version="1">
                  <Name>Rėkalnis to Kudrionys</Name>
                  <StartStopPointRef ref="VTR:ScheduledStopPoint:76384" version="1"/>
                  <EndStopPointRef ref="VTR:ScheduledStopPoint:78201" version="1"/>
                  <prices>
                    <DistanceMatrixElementPrice id="VTR:DistanceMatrixElementPrice:983053to983055" version="1">
                      <Amount>0.35</Amount>
                      <DistanceMatrixElementRef ref="VTR:DistanceMatrixElement:983053to983055" version="1"/>
                    </DistanceMatrixElementPrice>
                  </prices>
                </DistanceMatrixElement>
                <DistanceMatrixElement id="VTR:DistanceMatrixElement:983061to983062" version="1">
                  <Name>Kosciuškos to Rėkalnis</Name>
                  <StartStopPointRef ref="VTR:ScheduledStopPoint:78204" version="1"/>
                  <EndStopPointRef ref="VTR:ScheduledStopPoint:78205" version="1"/>
                  <prices>
                    <DistanceMatrixElementPrice id="VTR:DistanceMatrixElementPrice:983061to983062" version="1">
                      <Amount>0.23</Amount>
                      <DistanceMatrixElementRef ref="VTR:DistanceMatrixElement:983061to983062" version="1"/>
                    </DistanceMatrixElementPrice>
                  </prices>
                </DistanceMatrixElement>
                <DistanceMatrixElement id="VTR:DistanceMatrixElement:983062to983063" version="1">
                  <Name>Rėkalnis to Trakų autobusų stotis</Name>
                  <StartStopPointRef ref="VTR:ScheduledStopPoint:78205" version="1"/>
                  <EndStopPointRef ref="VTR:ScheduledStopPoint:78206" version="1"/>
                  <prices>
                    <DistanceMatrixElementPrice id="VTR:DistanceMatrixElementPrice:983062to983063" version="1">
                      <Amount>0.32</Amount>
                      <DistanceMatrixElementRef ref="VTR:DistanceMatrixElement:983062to983063" version="1"/>
                    </DistanceMatrixElementPrice>
                  </prices>
                </DistanceMatrixElement>
                <DistanceMatrixElement id="VTR:DistanceMatrixElement:983056to983058" version="1">
                  <Name>Kudrionys to Rėkalnis</Name>
                  <StartStopPointRef ref="VTR:ScheduledStopPoint:78203" version="1"/>
                  <EndStopPointRef ref="VTR:ScheduledStopPoint:78205" version="1"/>
                  <prices>
                    <DistanceMatrixElementPrice id="VTR:DistanceMatrixElementPrice:983056to983058" version="1">
                      <Amount>0.35</Amount>
                      <DistanceMatrixElementRef ref="VTR:DistanceMatrixElement:983056to983058" version="1"/>
                    </DistanceMatrixElementPrice>
                  </prices>
                </DistanceMatrixElement>
              </distanceMatrixElements>
            </Tariff>
          </tariffs>
          <usageParameters>
            <FrequencyOfUse id="VTR:FrequencyOfUse:oneTrip" version="1">
              <FrequencyOfUseType>unlimited</FrequencyOfUseType>
              <MaximalFrequency>1</MaximalFrequency>
            </FrequencyOfUse>
          </usageParameters>
        </FareFrame>
      </frames>
    </CompositeFrame>
  </dataObjects>
</PublicationDelivery>
