<?xml version="1.0" encoding="UTF-8"?><PublicationDelivery xmlns="http://www.netex.org.uk/netex" xmlns:gis="http://www.opengis.net/gml/3.2" xmlns:ns2="http://www.opengis.net/gml/3.2" xmlns:ns3="http://www.siri.org.uk/siri" xmlns:xsi="http://www.w3.org/2001/XMLSchema-instance" version="1" xsi:schemaLocation="">
  <PublicationTimestamp>2022-05-07T05:00:00.232</PublicationTimestamp>
  <ParticipantRef>VTR</ParticipantRef>
  <Description>1</Description>
  <dataObjects>
    <CompositeFrame created="2022-05-07T05:00:00.232" version="1" id="VTR:CompositeFrame:1400">
      <validityConditions>
        <AvailabilityCondition version="1" id="VTR:AvailabilityCondition:1400">
          <FromDate>2015-08-17T01:41:43</FromDate>
          <ToDate>2027-12-30T00:00:00</ToDate>
        </AvailabilityCondition>
      </validityConditions>
      <codespaces>
        <Codespace id="vtr">
          <Xmlns>VTR</Xmlns>
          <XmlnsUrl>http://www.visimarsrutai.lt/</XmlnsUrl>
        </Codespace>
      </codespaces>
      <FrameDefaults>
        <DefaultLocale>
          <TimeZone>Europe/Vilnius</TimeZone>
        </DefaultLocale>
        <DefaultLocationSystem>WGS84</DefaultLocationSystem>
      </FrameDefaults>
      <frames>
        <ServiceCalendarFrame version="1" id="VTR:ServiceCalendarFrame:1400">
          <dayTypes>
            <DayType id="VTR:DayType:1324" version="1">
              <properties>
                <PropertyOfDay>
                  <DaysOfWeek>Monday Tuesday Wednesday Thursday Friday</DaysOfWeek>
                </PropertyOfDay>
              </properties>
            </DayType>
            <DayType id="VTR:DayType:479" version="1">
              <properties>
                <PropertyOfDay>
                  <DaysOfWeek>Weekdays</DaysOfWeek>
                </PropertyOfDay>
              </properties>
            </DayType>
          </dayTypes>
          <operatingPeriods>
            <OperatingPeriod version="1" id="VTR:OperatingPeriod:1324">
              <FromDate>2015-01-01T00:00:00</FromDate>
              <ToDate>2020-12-31T00:00:00</ToDate>
            </OperatingPeriod>
            <OperatingPeriod version="1" id="VTR:OperatingPeriod:479">
              <FromDate>2015-01-01T00:00:00</FromDate>
              <ToDate>2020-12-31T00:00:00</ToDate>
            </OperatingPeriod>
          </operatingPeriods>
          <dayTypeAssignments>
            <DayTypeAssignment id="VTR:DayTypeAssignment:479_0" version="1" order="482">
              <OperatingPeriodRef ref="VTR:OperatingPeriod:479" version="1"/>
              <DayTypeRef ref="VTR:DayType:479" version="1"/>
            </DayTypeAssignment>
            <DayTypeAssignment id="VTR:DayTypeAssignment:1324_0" version="1" order="1285">
              <OperatingPeriodRef ref="VTR:OperatingPeriod:1324" version="1"/>
              <DayTypeRef ref="VTR:DayType:1324" version="1"/>
            </DayTypeAssignment>
          </dayTypeAssignments>
        </ServiceCalendarFrame>
        <ServiceFrame id="VTR:ServiceFrame:1400" version="1">
          <Network version="0" id="VTR:Network:32"/>
          <routePoints>
            <RoutePoint version="1" id="VTR:RoutePoint:76396">
              <projections>
                <PointProjection version="1" id="VTR:PointProjection:25566">
                  <ProjectedPointRef ref="VTR:ScheduledStopPoint:76396" version="1"/>
                </PointProjection>
              </projections>
            </RoutePoint>
            <RoutePoint version="1" id="VTR:RoutePoint:76397">
              <projections>
                <PointProjection version="1" id="VTR:PointProjection:25567">
                  <ProjectedPointRef ref="VTR:ScheduledStopPoint:76397" version="1"/>
                </PointProjection>
              </projections>
            </RoutePoint>
            <RoutePoint version="1" id="VTR:RoutePoint:76398">
              <projections>
                <PointProjection version="1" id="VTR:PointProjection:25568">
                  <ProjectedPointRef ref="VTR:ScheduledStopPoint:76398" version="1"/>
                </PointProjection>
              </projections>
            </RoutePoint>
            <RoutePoint version="1" id="VTR:RoutePoint:76399">
              <projections>
                <PointProjection version="1" id="VTR:PointProjection:25569">
                  <ProjectedPointRef ref="VTR:ScheduledStopPoint:76399" version="1"/>
                </PointProjection>
              </projections>
            </RoutePoint>
            <RoutePoint version="1" id="VTR:RoutePoint:76400">
              <projections>
                <PointProjection version="1" id="VTR:PointProjection:25570">
                  <ProjectedPointRef ref="VTR:ScheduledStopPoint:76400" version="1"/>
                </PointProjection>
              </projections>
            </RoutePoint>
            <RoutePoint version="1" id="VTR:RoutePoint:76401">
              <projections>
                <PointProjection version="1" id="VTR:PointProjection:25048">
                  <ProjectedPointRef ref="VTR:ScheduledStopPoint:76401" version="1"/>
                </PointProjection>
              </projections>
            </RoutePoint>
            <RoutePoint version="1" id="VTR:RoutePoint:76402">
              <projections>
                <PointProjection version="1" id="VTR:PointProjection:25049">
                  <ProjectedPointRef ref="VTR:ScheduledStopPoint:76402" version="1"/>
                </PointProjection>
              </projections>
            </RoutePoint>
            <RoutePoint version="1" id="VTR:RoutePoint:76403">
              <projections>
                <PointProjection version="1" id="VTR:PointProjection:25050">
                  <ProjectedPointRef ref="VTR:ScheduledStopPoint:76403" version="1"/>
                </PointProjection>
              </projections>
            </RoutePoint>
            <RoutePoint version="1" id="VTR:RoutePoint:76404">
              <projections>
                <PointProjection version="1" id="VTR:PointProjection:25051">
                  <ProjectedPointRef ref="VTR:ScheduledStopPoint:76404" version="1"/>
                </PointProjection>
              </projections>
            </RoutePoint>
            <RoutePoint version="1" id="VTR:RoutePoint:76405">
              <projections>
                <PointProjection version="1" id="VTR:PointProjection:25052">
                  <ProjectedPointRef ref="VTR:ScheduledStopPoint:76405" version="1"/>
                </PointProjection>
              </projections>
            </RoutePoint>
          </routePoints>
          <routes>
            <Route version="1" id="VTR:Route:4615">
              <Name>Trakai - Senieji Trakai</Name>
              <ShortName>Trakai - Senieji Trakai</ShortName>
              <LineRef ref="VTR:Line:1886" version="1869"/>
              <DirectionType>outbound</DirectionType>
              <pointsInSequence>
                <PointOnRoute version="1" id="VTR:PointOnRoute:76396" order="1">
                  <RoutePointRef ref="VTR:RoutePoint:76396"/>
                </PointOnRoute>
                <PointOnRoute version="1" id="VTR:PointOnRoute:76397" order="2">
                  <RoutePointRef ref="VTR:RoutePoint:76397"/>
                </PointOnRoute>
                <PointOnRoute version="1" id="VTR:PointOnRoute:76398" order="3">
                  <RoutePointRef ref="VTR:RoutePoint:76398"/>
                </PointOnRoute>
                <PointOnRoute version="1" id="VTR:PointOnRoute:76399" order="4">
                  <RoutePointRef ref="VTR:RoutePoint:76399"/>
                </PointOnRoute>
                <PointOnRoute version="1" id="VTR:PointOnRoute:76400" order="5">
                  <RoutePointRef ref="VTR:RoutePoint:76400"/>
                </PointOnRoute>
              </pointsInSequence>
            </Route>
            <Route version="1" id="VTR:Route:4616">
              <Name>Senieji Trakai - Trakai</Name>
              <ShortName>Senieji Trakai - Trakai</ShortName>
              <LineRef ref="VTR:Line:1886" version="1869"/>
              <DirectionType>inbound</DirectionType>
              <pointsInSequence>
                <PointOnRoute version="1" id="VTR:PointOnRoute:76401" order="1">
                  <RoutePointRef ref="VTR:RoutePoint:76401"/>
                </PointOnRoute>
                <PointOnRoute version="1" id="VTR:PointOnRoute:76402" order="2">
                  <RoutePointRef ref="VTR:RoutePoint:76402"/>
                </PointOnRoute>
                <PointOnRoute version="1" id="VTR:PointOnRoute:76403" order="3">
                  <RoutePointRef ref="VTR:RoutePoint:76403"/>
                </PointOnRoute>
                <PointOnRoute version="1" id="VTR:PointOnRoute:76404" order="4">
                  <RoutePointRef ref="VTR:RoutePoint:76404"/>
                </PointOnRoute>
                <PointOnRoute version="1" id="VTR:PointOnRoute:76405" order="5">
                  <RoutePointRef ref="VTR:RoutePoint:76405"/>
                </PointOnRoute>
              </pointsInSequence>
            </Route>
          </routes>
          <lines>
            <Line version="1869" id="VTR:Line:1886">
              <Name>Trakai - Senieji Trakai</Name>
              <TransportMode>bus</TransportMode>
              <TransportSubmode>
                <BusSubmode>regionalBus</BusSubmode>
              </TransportSubmode>
              <PublicCode>271</PublicCode>
              <OperatorRef ref="VTR:Operator:32"/>
            </Line>
          </lines>
          <scheduledStopPoints>
            <ScheduledStopPoint version="1" id="VTR:ScheduledStopPoint:76396">
              <Name>Trakų autobusų stotis</Name>
            </ScheduledStopPoint>
            <ScheduledStopPoint version="1" id="VTR:ScheduledStopPoint:76397">
              <Name>Kaimelis</Name>
            </ScheduledStopPoint>
            <ScheduledStopPoint version="1" id="VTR:ScheduledStopPoint:76398">
              <Name>Tiekimas</Name>
            </ScheduledStopPoint>
            <ScheduledStopPoint version="1" id="VTR:ScheduledStopPoint:76399">
              <Name>Narezkai</Name>
            </ScheduledStopPoint>
            <ScheduledStopPoint version="1" id="VTR:ScheduledStopPoint:76400">
              <Name>Naujasodis</Name>
            </ScheduledStopPoint>
            <ScheduledStopPoint version="1" id="VTR:ScheduledStopPoint:76401">
              <Name>Naujasodis</Name>
            </ScheduledStopPoint>
            <ScheduledStopPoint version="1" id="VTR:ScheduledStopPoint:76402">
              <Name>Narezkai</Name>
            </ScheduledStopPoint>
            <ScheduledStopPoint version="1" id="VTR:ScheduledStopPoint:76403">
              <Name>Tiekimas</Name>
            </ScheduledStopPoint>
            <ScheduledStopPoint version="1" id="VTR:ScheduledStopPoint:76404">
              <Name>Kaimelis</Name>
            </ScheduledStopPoint>
            <ScheduledStopPoint version="1" id="VTR:ScheduledStopPoint:76405">
              <Name>Trakų autobusų stotis</Name>
            </ScheduledStopPoint>
          </scheduledStopPoints>
          <serviceLinks>
            <ServiceLink id="VTR:ServiceLink:76402_1_76403_1" version="1">
              <Distance>1</Distance>
              <FromPointRef ref="VTR:ScheduledStopPoint:76402" version="1"/>
              <ToPointRef ref="VTR:ScheduledStopPoint:76403" version="1"/>
            </ServiceLink>
            <ServiceLink id="VTR:ServiceLink:76398_1_76399_1" version="1">
              <Distance>1</Distance>
              <FromPointRef ref="VTR:ScheduledStopPoint:76398" version="1"/>
              <ToPointRef ref="VTR:ScheduledStopPoint:76399" version="1"/>
            </ServiceLink>
            <ServiceLink id="VTR:ServiceLink:76399_1_76400_1" version="1">
              <Distance>1</Distance>
              <FromPointRef ref="VTR:ScheduledStopPoint:76399" version="1"/>
              <ToPointRef ref="VTR:ScheduledStopPoint:76400" version="1"/>
            </ServiceLink>
            <ServiceLink id="VTR:ServiceLink:76403_1_76404_1" version="1">
              <Distance>1</Distance>
              <FromPointRef ref="VTR:ScheduledStopPoint:76403" version="1"/>
              <ToPointRef ref="VTR:ScheduledStopPoint:76404" version="1"/>
            </ServiceLink>
            <ServiceLink id="VTR:ServiceLink:76401_1_76402_1" version="1">
              <Distance>1</Distance>
              <FromPointRef ref="VTR:ScheduledStopPoint:76401" version="1"/>
              <ToPointRef ref="VTR:ScheduledStopPoint:76402" version="1"/>
            </ServiceLink>
            <ServiceLink id="VTR:ServiceLink:76397_1_76398_1" version="1">
              <Distance>0</Distance>
              <FromPointRef ref="VTR:ScheduledStopPoint:76397" version="1"/>
              <ToPointRef ref="VTR:ScheduledStopPoint:76398" version="1"/>
            </ServiceLink>
            <ServiceLink id="VTR:ServiceLink:76404_1_76405_1" version="1">
              <Distance>0</Distance>
              <FromPointRef ref="VTR:ScheduledStopPoint:76404" version="1"/>
              <ToPointRef ref="VTR:ScheduledStopPoint:76405" version="1"/>
            </ServiceLink>
            <ServiceLink id="VTR:ServiceLink:76396_1_76397_1" version="1">
              <Distance>0</Distance>
              <FromPointRef ref="VTR:ScheduledStopPoint:76396" version="1"/>
              <ToPointRef ref="VTR:ScheduledStopPoint:76397" version="1"/>
            </ServiceLink>
          </serviceLinks>
          <stopAssignments>
            <PassengerStopAssignment order="461500000" id="VTR:PassengerStopAssignment:76396" version="1">
              <ScheduledStopPointRef ref="VTR:ScheduledStopPoint:76396" version="1"/>
              <QuayRef ref="VTR:Quay:19455"/>
            </PassengerStopAssignment>
            <PassengerStopAssignment order="461500001" id="VTR:PassengerStopAssignment:76397" version="1">
              <ScheduledStopPointRef ref="VTR:ScheduledStopPoint:76397" version="1"/>
              <QuayRef ref="VTR:Quay:8723"/>
            </PassengerStopAssignment>
            <PassengerStopAssignment order="461500002" id="VTR:PassengerStopAssignment:76398" version="1">
              <ScheduledStopPointRef ref="VTR:ScheduledStopPoint:76398" version="1"/>
              <QuayRef ref="VTR:Quay:21820"/>
            </PassengerStopAssignment>
            <PassengerStopAssignment order="461500003" id="VTR:PassengerStopAssignment:76399" version="1">
              <ScheduledStopPointRef ref="VTR:ScheduledStopPoint:76399" version="1"/>
              <QuayRef ref="VTR:Quay:3764"/>
            </PassengerStopAssignment>
            <PassengerStopAssignment order="461500004" id="VTR:PassengerStopAssignment:76400" version="1">
              <ScheduledStopPointRef ref="VTR:ScheduledStopPoint:76400" version="1"/>
              <QuayRef ref="VTR:Quay:3825"/>
            </PassengerStopAssignment>
            <PassengerStopAssignment order="461600000" id="VTR:PassengerStopAssignment:76401" version="1">
              <ScheduledStopPointRef ref="VTR:ScheduledStopPoint:76401" version="1"/>
              <QuayRef ref="VTR:Quay:3825"/>
            </PassengerStopAssignment>
            <PassengerStopAssignment order="461600001" id="VTR:PassengerStopAssignment:76402" version="1">
              <ScheduledStopPointRef ref="VTR:ScheduledStopPoint:76402" version="1"/>
              <QuayRef ref="VTR:Quay:9619"/>
            </PassengerStopAssignment>
            <PassengerStopAssignment order="461600002" id="VTR:PassengerStopAssignment:76403" version="1">
              <ScheduledStopPointRef ref="VTR:ScheduledStopPoint:76403" version="1"/>
              <QuayRef ref="VTR:Quay:21821"/>
            </PassengerStopAssignment>
            <PassengerStopAssignment order="461600003" id="VTR:PassengerStopAssignment:76404" version="1">
              <ScheduledStopPointRef ref="VTR:ScheduledStopPoint:76404" version="1"/>
              <QuayRef ref="VTR:Quay:7744"/>
            </PassengerStopAssignment>
            <PassengerStopAssignment order="461600004" id="VTR:PassengerStopAssignment:76405" version="1">
              <ScheduledStopPointRef ref="VTR:ScheduledStopPoint:76405" version="1"/>
              <QuayRef ref="VTR:Quay:19455"/>
            </PassengerStopAssignment>
          </stopAssignments>
          <journeyPatterns>
            <JourneyPattern id="VTR:JourneyPattern:47108" version="47092">
              <Name>271</Name>
              <RouteRef ref="VTR:Route:4615" version="1"/>
              <pointsInSequence>
                <StopPointInJourneyPattern id="VTR:StopPointInJourneyPattern:980267" version="47092" order="1">
                  <ScheduledStopPointRef ref="VTR:ScheduledStopPoint:76396"/>
                  <DestinationDisplayRef ref="VTR:DestinationDisplay:1"/>
                </StopPointInJourneyPattern>
                <StopPointInJourneyPattern id="VTR:StopPointInJourneyPattern:980268" version="47092" order="2">
                  <ScheduledStopPointRef ref="VTR:ScheduledStopPoint:76397"/>
                  <DestinationDisplayRef ref="VTR:DestinationDisplay:1"/>
                </StopPointInJourneyPattern>
                <StopPointInJourneyPattern id="VTR:StopPointInJourneyPattern:980269" version="47092" order="3">
                  <ScheduledStopPointRef ref="VTR:ScheduledStopPoint:76398"/>
                  <DestinationDisplayRef ref="VTR:DestinationDisplay:1"/>
                </StopPointInJourneyPattern>
                <StopPointInJourneyPattern id="VTR:StopPointInJourneyPattern:980270" version="47092" order="4">
                  <ScheduledStopPointRef ref="VTR:ScheduledStopPoint:76399"/>
                  <DestinationDisplayRef ref="VTR:DestinationDisplay:1"/>
                </StopPointInJourneyPattern>
                <StopPointInJourneyPattern id="VTR:StopPointInJourneyPattern:980271" version="47092" order="5">
                  <ScheduledStopPointRef ref="VTR:ScheduledStopPoint:76400"/>
                  <DestinationDisplayRef ref="VTR:DestinationDisplay:1"/>
                </StopPointInJourneyPattern>
              </pointsInSequence>
            </JourneyPattern>
            <JourneyPattern id="VTR:JourneyPattern:47111" version="47095">
              <Name>271_3</Name>
              <RouteRef ref="VTR:Route:4616" version="1"/>
              <pointsInSequence>
                <StopPointInJourneyPattern id="VTR:StopPointInJourneyPattern:980282" version="47095" order="1">
                  <ScheduledStopPointRef ref="VTR:ScheduledStopPoint:76401"/>
                  <DestinationDisplayRef ref="VTR:DestinationDisplay:1"/>
                </StopPointInJourneyPattern>
                <StopPointInJourneyPattern id="VTR:StopPointInJourneyPattern:980283" version="47095" order="2">
                  <ScheduledStopPointRef ref="VTR:ScheduledStopPoint:76402"/>
                  <DestinationDisplayRef ref="VTR:DestinationDisplay:1"/>
                </StopPointInJourneyPattern>
                <StopPointInJourneyPattern id="VTR:StopPointInJourneyPattern:980284" version="47095" order="3">
                  <ScheduledStopPointRef ref="VTR:ScheduledStopPoint:76403"/>
                  <DestinationDisplayRef ref="VTR:DestinationDisplay:1"/>
                </StopPointInJourneyPattern>
                <StopPointInJourneyPattern id="VTR:StopPointInJourneyPattern:980285" version="47095" order="4">
                  <ScheduledStopPointRef ref="VTR:ScheduledStopPoint:76404"/>
                  <DestinationDisplayRef ref="VTR:DestinationDisplay:1"/>
                </StopPointInJourneyPattern>
                <StopPointInJourneyPattern id="VTR:StopPointInJourneyPattern:980286" version="47095" order="5">
                  <ScheduledStopPointRef ref="VTR:ScheduledStopPoint:76405"/>
                  <DestinationDisplayRef ref="VTR:DestinationDisplay:1"/>
                </StopPointInJourneyPattern>
              </pointsInSequence>
            </JourneyPattern>
            <JourneyPattern id="VTR:JourneyPattern:47110" version="47094">
              <Name>271_2</Name>
              <RouteRef ref="VTR:Route:4616" version="1"/>
              <pointsInSequence>
                <StopPointInJourneyPattern id="VTR:StopPointInJourneyPattern:980277" version="47094" order="1">
                  <ScheduledStopPointRef ref="VTR:ScheduledStopPoint:76401"/>
                  <DestinationDisplayRef ref="VTR:DestinationDisplay:1"/>
                </StopPointInJourneyPattern>
                <StopPointInJourneyPattern id="VTR:StopPointInJourneyPattern:980278" version="47094" order="2">
                  <ScheduledStopPointRef ref="VTR:ScheduledStopPoint:76402"/>
                  <DestinationDisplayRef ref="VTR:DestinationDisplay:1"/>
                </StopPointInJourneyPattern>
                <StopPointInJourneyPattern id="VTR:StopPointInJourneyPattern:980279" version="47094" order="3">
                  <ScheduledStopPointRef ref="VTR:ScheduledStopPoint:76403"/>
                  <DestinationDisplayRef ref="VTR:DestinationDisplay:1"/>
                </StopPointInJourneyPattern>
                <StopPointInJourneyPattern id="VTR:StopPointInJourneyPattern:980280" version="47094" order="4">
                  <ScheduledStopPointRef ref="VTR:ScheduledStopPoint:76404"/>
                  <DestinationDisplayRef ref="VTR:DestinationDisplay:1"/>
                </StopPointInJourneyPattern>
                <StopPointInJourneyPattern id="VTR:StopPointInJourneyPattern:980281" version="47094" order="5">
                  <ScheduledStopPointRef ref="VTR:ScheduledStopPoint:76405"/>
                  <DestinationDisplayRef ref="VTR:DestinationDisplay:1"/>
                </StopPointInJourneyPattern>
              </pointsInSequence>
            </JourneyPattern>
            <JourneyPattern id="VTR:JourneyPattern:47109" version="47093">
              <Name>271_1</Name>
              <RouteRef ref="VTR:Route:4615" version="1"/>
              <pointsInSequence>
                <StopPointInJourneyPattern id="VTR:StopPointInJourneyPattern:980272" version="47093" order="1">
                  <ScheduledStopPointRef ref="VTR:ScheduledStopPoint:76396"/>
                  <DestinationDisplayRef ref="VTR:DestinationDisplay:1"/>
                </StopPointInJourneyPattern>
                <StopPointInJourneyPattern id="VTR:StopPointInJourneyPattern:980273" version="47093" order="2">
                  <ScheduledStopPointRef ref="VTR:ScheduledStopPoint:76397"/>
                  <DestinationDisplayRef ref="VTR:DestinationDisplay:1"/>
                </StopPointInJourneyPattern>
                <StopPointInJourneyPattern id="VTR:StopPointInJourneyPattern:980274" version="47093" order="3">
                  <ScheduledStopPointRef ref="VTR:ScheduledStopPoint:76398"/>
                  <DestinationDisplayRef ref="VTR:DestinationDisplay:1"/>
                </StopPointInJourneyPattern>
                <StopPointInJourneyPattern id="VTR:StopPointInJourneyPattern:980275" version="47093" order="4">
                  <ScheduledStopPointRef ref="VTR:ScheduledStopPoint:76399"/>
                  <DestinationDisplayRef ref="VTR:DestinationDisplay:1"/>
                </StopPointInJourneyPattern>
                <StopPointInJourneyPattern id="VTR:StopPointInJourneyPattern:980276" version="47093" order="5">
                  <ScheduledStopPointRef ref="VTR:ScheduledStopPoint:76400"/>
                  <DestinationDisplayRef ref="VTR:DestinationDisplay:1"/>
                </StopPointInJourneyPattern>
              </pointsInSequence>
            </JourneyPattern>
          </journeyPatterns>
        </ServiceFrame>
        <TimetableFrame version="1" id="VTR:TimetableFrame:1400">
          <vehicleJourneys>
            <ServiceJourney version="47092" id="VTR:ServiceJourney:47108">
              <Name>Trakai - Senieji Trakai</Name>
              <PrivateCode>271</PrivateCode>
              <dayTypes>
                <DayTypeRef ref="VTR:DayType:1324"/>
              </dayTypes>
              <JourneyPatternRef version="47092" ref="VTR:JourneyPattern:47108"/>
              <OperatorRef ref="VTR:Operator:529"/>
              <LineRef ref="VTR:Line:1886" version="1869"/>
              <passingTimes>
                <TimetabledPassingTime version="47092" id="VTR:TimetabledPassingTime:47108_980267_1">
                  <StopPointInJourneyPatternRef ref="VTR:StopPointInJourneyPattern:980267" version="47092"/>
                  <DepartureTime>07:50:00</DepartureTime>
                  <DepartureDayOffset>0</DepartureDayOffset>
                </TimetabledPassingTime>
                <TimetabledPassingTime version="47092" id="VTR:TimetabledPassingTime:47108_980268_2">
                  <StopPointInJourneyPatternRef ref="VTR:StopPointInJourneyPattern:980268" version="47092"/>
                  <DepartureTime>07:52:00</DepartureTime>
                  <DepartureDayOffset>0</DepartureDayOffset>
                </TimetabledPassingTime>
                <TimetabledPassingTime version="47092" id="VTR:TimetabledPassingTime:47108_980269_3">
                  <StopPointInJourneyPatternRef ref="VTR:StopPointInJourneyPattern:980269" version="47092"/>
                  <DepartureTime>07:54:00</DepartureTime>
                  <DepartureDayOffset>0</DepartureDayOffset>
                </TimetabledPassingTime>
                <TimetabledPassingTime version="47092" id="VTR:TimetabledPassingTime:47108_980270_4">
                  <StopPointInJourneyPatternRef ref="VTR:StopPointInJourneyPattern:980270" version="47092"/>
                  <DepartureTime>07:57:00</DepartureTime>
                  <DepartureDayOffset>0</DepartureDayOffset>
                </TimetabledPassingTime>
                <TimetabledPassingTime version="47092" id="VTR:TimetabledPassingTime:47108_980271_5">
                  <StopPointInJourneyPatternRef ref="VTR:StopPointInJourneyPattern:980271" version="47092"/>
                  <DepartureTime>08:00:00</DepartureTime>
                  <DepartureDayOffset>0</DepartureDayOffset>
                </TimetabledPassingTime>
              </passingTimes>
            </ServiceJourney>
            <ServiceJourney version="47095" id="VTR:ServiceJourney:47111">
              <Name>Senieji Trakai - Trakai</Name>
              <PrivateCode>271_3</PrivateCode>
              <dayTypes>
                <DayTypeRef ref="VTR:DayType:479"/>
              </dayTypes>
              <JourneyPatternRef version="47095" ref="VTR:JourneyPattern:47111"/>
              <OperatorRef ref="VTR:Operator:529"/>
              <LineRef ref="VTR:Line:1886" version="1869"/>
              <passingTimes>
                <TimetabledPassingTime version="47095" id="VTR:TimetabledPassingTime:47111_980282_1">
                  <StopPointInJourneyPatternRef ref="VTR:StopPointInJourneyPattern:980282" version="47095"/>
                  <DepartureTime>08:45:00</DepartureTime>
                  <DepartureDayOffset>0</DepartureDayOffset>
                </TimetabledPassingTime>
                <TimetabledPassingTime version="47095" id="VTR:TimetabledPassingTime:47111_980283_2">
                  <StopPointInJourneyPatternRef ref="VTR:StopPointInJourneyPattern:980283" version="47095"/>
                  <DepartureTime>08:48:00</DepartureTime>
                  <DepartureDayOffset>0</DepartureDayOffset>
                </TimetabledPassingTime>
                <TimetabledPassingTime version="47095" id="VTR:TimetabledPassingTime:47111_980284_3">
                  <StopPointInJourneyPatternRef ref="VTR:StopPointInJourneyPattern:980284" version="47095"/>
                  <DepartureTime>08:51:00</DepartureTime>
                  <DepartureDayOffset>0</DepartureDayOffset>
                </TimetabledPassingTime>
                <TimetabledPassingTime version="47095" id="VTR:TimetabledPassingTime:47111_980285_4">
                  <StopPointInJourneyPatternRef ref="VTR:StopPointInJourneyPattern:980285" version="47095"/>
                  <DepartureTime>08:53:00</DepartureTime>
                  <DepartureDayOffset>0</DepartureDayOffset>
                </TimetabledPassingTime>
                <TimetabledPassingTime version="47095" id="VTR:TimetabledPassingTime:47111_980286_5">
                  <StopPointInJourneyPatternRef ref="VTR:StopPointInJourneyPattern:980286" version="47095"/>
                  <DepartureTime>08:55:00</DepartureTime>
                  <DepartureDayOffset>0</DepartureDayOffset>
                </TimetabledPassingTime>
              </passingTimes>
            </ServiceJourney>
            <ServiceJourney version="47094" id="VTR:ServiceJourney:47110">
              <Name>Senieji Trakai - Trakai</Name>
              <PrivateCode>271_2</PrivateCode>
              <dayTypes>
                <DayTypeRef ref="VTR:DayType:1324"/>
              </dayTypes>
              <JourneyPatternRef version="47094" ref="VTR:JourneyPattern:47110"/>
              <OperatorRef ref="VTR:Operator:529"/>
              <LineRef ref="VTR:Line:1886" version="1869"/>
              <passingTimes>
                <TimetabledPassingTime version="47094" id="VTR:TimetabledPassingTime:47110_980277_1">
                  <StopPointInJourneyPatternRef ref="VTR:StopPointInJourneyPattern:980277" version="47094"/>
                  <DepartureTime>08:05:00</DepartureTime>
                  <DepartureDayOffset>0</DepartureDayOffset>
                </TimetabledPassingTime>
                <TimetabledPassingTime version="47094" id="VTR:TimetabledPassingTime:47110_980278_2">
                  <StopPointInJourneyPatternRef ref="VTR:StopPointInJourneyPattern:980278" version="47094"/>
                  <DepartureTime>08:08:00</DepartureTime>
                  <DepartureDayOffset>0</DepartureDayOffset>
                </TimetabledPassingTime>
                <TimetabledPassingTime version="47094" id="VTR:TimetabledPassingTime:47110_980279_3">
                  <StopPointInJourneyPatternRef ref="VTR:StopPointInJourneyPattern:980279" version="47094"/>
                  <DepartureTime>08:11:00</DepartureTime>
                  <DepartureDayOffset>0</DepartureDayOffset>
                </TimetabledPassingTime>
                <TimetabledPassingTime version="47094" id="VTR:TimetabledPassingTime:47110_980280_4">
                  <StopPointInJourneyPatternRef ref="VTR:StopPointInJourneyPattern:980280" version="47094"/>
                  <DepartureTime>08:13:00</DepartureTime>
                  <DepartureDayOffset>0</DepartureDayOffset>
                </TimetabledPassingTime>
                <TimetabledPassingTime version="47094" id="VTR:TimetabledPassingTime:47110_980281_5">
                  <StopPointInJourneyPatternRef ref="VTR:StopPointInJourneyPattern:980281" version="47094"/>
                  <DepartureTime>08:15:00</DepartureTime>
                  <DepartureDayOffset>0</DepartureDayOffset>
                </TimetabledPassingTime>
              </passingTimes>
            </ServiceJourney>
            <ServiceJourney version="47093" id="VTR:ServiceJourney:47109">
              <Name>Trakai - Senieji Trakai</Name>
              <PrivateCode>271_1</PrivateCode>
              <dayTypes>
                <DayTypeRef ref="VTR:DayType:479"/>
              </dayTypes>
              <JourneyPatternRef version="47093" ref="VTR:JourneyPattern:47109"/>
              <OperatorRef ref="VTR:Operator:529"/>
              <LineRef ref="VTR:Line:1886" version="1869"/>
              <passingTimes>
                <TimetabledPassingTime version="47093" id="VTR:TimetabledPassingTime:47109_980272_1">
                  <StopPointInJourneyPatternRef ref="VTR:StopPointInJourneyPattern:980272" version="47093"/>
                  <DepartureTime>08:30:00</DepartureTime>
                  <DepartureDayOffset>0</DepartureDayOffset>
                </TimetabledPassingTime>
                <TimetabledPassingTime version="47093" id="VTR:TimetabledPassingTime:47109_980273_2">
                  <StopPointInJourneyPatternRef ref="VTR:StopPointInJourneyPattern:980273" version="47093"/>
                  <DepartureTime>08:32:00</DepartureTime>
                  <DepartureDayOffset>0</DepartureDayOffset>
                </TimetabledPassingTime>
                <TimetabledPassingTime version="47093" id="VTR:TimetabledPassingTime:47109_980274_3">
                  <StopPointInJourneyPatternRef ref="VTR:StopPointInJourneyPattern:980274" version="47093"/>
                  <DepartureTime>08:34:00</DepartureTime>
                  <DepartureDayOffset>0</DepartureDayOffset>
                </TimetabledPassingTime>
                <TimetabledPassingTime version="47093" id="VTR:TimetabledPassingTime:47109_980275_4">
                  <StopPointInJourneyPatternRef ref="VTR:StopPointInJourneyPattern:980275" version="47093"/>
                  <DepartureTime>08:37:00</DepartureTime>
                  <DepartureDayOffset>0</DepartureDayOffset>
                </TimetabledPassingTime>
                <TimetabledPassingTime version="47093" id="VTR:TimetabledPassingTime:47109_980276_5">
                  <StopPointInJourneyPatternRef ref="VTR:StopPointInJourneyPattern:980276" version="47093"/>
                  <DepartureTime>08:40:00</DepartureTime>
                  <DepartureDayOffset>0</DepartureDayOffset>
                </TimetabledPassingTime>
              </passingTimes>
            </ServiceJourney>
          </vehicleJourneys>
        </TimetableFrame>
        <ResourceFrame version="1" id="VTR:ResourceFrame:1400">
          <organisations>
            <Authority version="1" id="VTR:Authority:32">
              <CompanyNumber>79</CompanyNumber>
              <Name>Trakų r. sav.</Name>
              <LegalName>Trakų r. sav.</LegalName>
              <ContactDetails>
                <Email>info@trakai.lt</Email>
                <Phone>852855486</Phone>
                <Url>www.trakai.lt</Url>
              </ContactDetails>
              <OrganisationType>authority</OrganisationType>
            </Authority>
          </organisations>
        </ResourceFrame>
        <FareFrame id="VTR:FareFrame:1886" version="1">
          <FrameDefaults>
            <DefaultCurrency>EUR</DefaultCurrency>
          </FrameDefaults>
          <fareStructureElements>
            <FareStructureElement id="VTR:FareStructureElement:pricematrix" version="1">
              <distanceMatrixElements>
                <DistanceMatrixElementRef ref="VTR:DistanceMatrixElement:980285to980286" version="1"/>
                <DistanceMatrixElementRef ref="VTR:DistanceMatrixElement:980274to980275" version="1"/>
                <DistanceMatrixElementRef ref="VTR:DistanceMatrixElement:980279to980280" version="1"/>
                <DistanceMatrixElementRef ref="VTR:DistanceMatrixElement:980268to980270" version="1"/>
                <DistanceMatrixElementRef ref="VTR:DistanceMatrixElement:980283to980286" version="1"/>
                <DistanceMatrixElementRef ref="VTR:DistanceMatrixElement:980278to980281" version="1"/>
                <DistanceMatrixElementRef ref="VTR:DistanceMatrixElement:980280to980281" version="1"/>
                <DistanceMatrixElementRef ref="VTR:DistanceMatrixElement:980269to980270" version="1"/>
                <DistanceMatrixElementRef ref="VTR:DistanceMatrixElement:980273to980275" version="1"/>
                <DistanceMatrixElementRef ref="VTR:DistanceMatrixElement:980274to980276" version="1"/>
                <DistanceMatrixElementRef ref="VTR:DistanceMatrixElement:980282to980284" version="1"/>
                <DistanceMatrixElementRef ref="VTR:DistanceMatrixElement:980278to980280" version="1"/>
                <DistanceMatrixElementRef ref="VTR:DistanceMatrixElement:980270to980271" version="1"/>
                <DistanceMatrixElementRef ref="VTR:DistanceMatrixElement:980272to980275" version="1"/>
                <DistanceMatrixElementRef ref="VTR:DistanceMatrixElement:980273to980276" version="1"/>
                <DistanceMatrixElementRef ref="VTR:DistanceMatrixElement:980282to980285" version="1"/>
                <DistanceMatrixElementRef ref="VTR:DistanceMatrixElement:980283to980284" version="1"/>
                <DistanceMatrixElementRef ref="VTR:DistanceMatrixElement:980283to980285" version="1"/>
                <DistanceMatrixElementRef ref="VTR:DistanceMatrixElement:980267to980270" version="1"/>
                <DistanceMatrixElementRef ref="VTR:DistanceMatrixElement:980275to980276" version="1"/>
                <DistanceMatrixElementRef ref="VTR:DistanceMatrixElement:980284to980286" version="1"/>
                <DistanceMatrixElementRef ref="VTR:DistanceMatrixElement:980277to980279" version="1"/>
                <DistanceMatrixElementRef ref="VTR:DistanceMatrixElement:980267to980269" version="1"/>
                <DistanceMatrixElementRef ref="VTR:DistanceMatrixElement:980267to980271" version="1"/>
                <DistanceMatrixElementRef ref="VTR:DistanceMatrixElement:980268to980271" version="1"/>
                <DistanceMatrixElementRef ref="VTR:DistanceMatrixElement:980269to980271" version="1"/>
                <DistanceMatrixElementRef ref="VTR:DistanceMatrixElement:980272to980276" version="1"/>
                <DistanceMatrixElementRef ref="VTR:DistanceMatrixElement:980277to980280" version="1"/>
                <DistanceMatrixElementRef ref="VTR:DistanceMatrixElement:980277to980281" version="1"/>
                <DistanceMatrixElementRef ref="VTR:DistanceMatrixElement:980272to980274" version="1"/>
                <DistanceMatrixElementRef ref="VTR:DistanceMatrixElement:980282to980283" version="1"/>
                <DistanceMatrixElementRef ref="VTR:DistanceMatrixElement:980284to980285" version="1"/>
                <DistanceMatrixElementRef ref="VTR:DistanceMatrixElement:980279to980281" version="1"/>
                <DistanceMatrixElementRef ref="VTR:DistanceMatrixElement:980267to980268" version="1"/>
                <DistanceMatrixElementRef ref="VTR:DistanceMatrixElement:980273to980274" version="1"/>
                <DistanceMatrixElementRef ref="VTR:DistanceMatrixElement:980282to980286" version="1"/>
                <DistanceMatrixElementRef ref="VTR:DistanceMatrixElement:980278to980279" version="1"/>
                <DistanceMatrixElementRef ref="VTR:DistanceMatrixElement:980268to980269" version="1"/>
                <DistanceMatrixElementRef ref="VTR:DistanceMatrixElement:980272to980273" version="1"/>
                <DistanceMatrixElementRef ref="VTR:DistanceMatrixElement:980277to980278" version="1"/>
              </distanceMatrixElements>
            </FareStructureElement>
          </fareStructureElements>
          <tariffs>
            <Tariff id="VTR:Tariff:pointToPointInSeparateJourney_1886" version="1">
              <Name>Point to point tariff</Name>
              <distanceMatrixElements>
                <DistanceMatrixElement id="VTR:DistanceMatrixElement:980285to980286" version="1">
                  <Name>Kaimelis to Trakų autobusų stotis</Name>
                  <StartStopPointRef ref="VTR:ScheduledStopPoint:76404" version="1"/>
                  <EndStopPointRef ref="VTR:ScheduledStopPoint:76405" version="1"/>
                  <prices>
                    <DistanceMatrixElementPrice id="VTR:DistanceMatrixElementPrice:980285to980286" version="1">
                      <Amount>0.17</Amount>
                      <DistanceMatrixElementRef ref="VTR:DistanceMatrixElement:980285to980286" version="1"/>
                    </DistanceMatrixElementPrice>
                  </prices>
                </DistanceMatrixElement>
                <DistanceMatrixElement id="VTR:DistanceMatrixElement:980274to980275" version="1">
                  <Name>Tiekimas to Narezkai</Name>
                  <StartStopPointRef ref="VTR:ScheduledStopPoint:76398" version="1"/>
                  <EndStopPointRef ref="VTR:ScheduledStopPoint:76399" version="1"/>
                  <prices>
                    <DistanceMatrixElementPrice id="VTR:DistanceMatrixElementPrice:980274to980275" version="1">
                      <Amount>0.17</Amount>
                      <DistanceMatrixElementRef ref="VTR:DistanceMatrixElement:980274to980275" version="1"/>
                    </DistanceMatrixElementPrice>
                  </prices>
                </DistanceMatrixElement>
                <DistanceMatrixElement id="VTR:DistanceMatrixElement:980279to980280" version="1">
                  <Name>Tiekimas to Kaimelis</Name>
                  <StartStopPointRef ref="VTR:ScheduledStopPoint:76403" version="1"/>
                  <EndStopPointRef ref="VTR:ScheduledStopPoint:76404" version="1"/>
                  <prices>
                    <DistanceMatrixElementPrice id="VTR:DistanceMatrixElementPrice:980279to980280" version="1">
                      <Amount>0.17</Amount>
                      <DistanceMatrixElementRef ref="VTR:DistanceMatrixElement:980279to980280" version="1"/>
                    </DistanceMatrixElementPrice>
                  </prices>
                </DistanceMatrixElement>
                <DistanceMatrixElement id="VTR:DistanceMatrixElement:980268to980270" version="1">
                  <Name>Kaimelis to Narezkai</Name>
                  <StartStopPointRef ref="VTR:ScheduledStopPoint:76397" version="1"/>
                  <EndStopPointRef ref="VTR:ScheduledStopPoint:76399" version="1"/>
                  <prices>
                    <DistanceMatrixElementPrice id="VTR:DistanceMatrixElementPrice:980268to980270" version="1">
                      <Amount>0.17</Amount>
                      <DistanceMatrixElementRef ref="VTR:DistanceMatrixElement:980268to980270" version="1"/>
                    </DistanceMatrixElementPrice>
                  </prices>
                </DistanceMatrixElement>
                <DistanceMatrixElement id="VTR:DistanceMatrixElement:980283to980286" version="1">
                  <Name>Narezkai to Trakų autobusų stotis</Name>
                  <StartStopPointRef ref="VTR:ScheduledStopPoint:76402" version="1"/>
                  <EndStopPointRef ref="VTR:ScheduledStopPoint:76405" version="1"/>
                  <prices>
                    <DistanceMatrixElementPrice id="VTR:DistanceMatrixElementPrice:980283to980286" version="1">
                      <Amount>0.23</Amount>
                      <DistanceMatrixElementRef ref="VTR:DistanceMatrixElement:980283to980286" version="1"/>
                    </DistanceMatrixElementPrice>
                  </prices>
                </DistanceMatrixElement>
                <DistanceMatrixElement id="VTR:DistanceMatrixElement:980278to980281" version="1">
                  <Name>Narezkai to Trakų autobusų stotis</Name>
                  <StartStopPointRef ref="VTR:ScheduledStopPoint:76402" version="1"/>
                  <EndStopPointRef ref="VTR:ScheduledStopPoint:76405" version="1"/>
                  <prices>
                    <DistanceMatrixElementPrice id="VTR:DistanceMatrixElementPrice:980278to980281" version="1">
                      <Amount>0.23</Amount>
                      <DistanceMatrixElementRef ref="VTR:DistanceMatrixElement:980278to980281" version="1"/>
                    </DistanceMatrixElementPrice>
                  </prices>
                </DistanceMatrixElement>
                <DistanceMatrixElement id="VTR:DistanceMatrixElement:980280to980281" version="1">
                  <Name>Kaimelis to Trakų autobusų stotis</Name>
                  <StartStopPointRef ref="VTR:ScheduledStopPoint:76404" version="1"/>
                  <EndStopPointRef ref="VTR:ScheduledStopPoint:76405" version="1"/>
                  <prices>
                    <DistanceMatrixElementPrice id="VTR:DistanceMatrixElementPrice:980280to980281" version="1">
                      <Amount>0.17</Amount>
                      <DistanceMatrixElementRef ref="VTR:DistanceMatrixElement:980280to980281" version="1"/>
                    </DistanceMatrixElementPrice>
                  </prices>
                </DistanceMatrixElement>
                <DistanceMatrixElement id="VTR:DistanceMatrixElement:980269to980270" version="1">
                  <Name>Tiekimas to Narezkai</Name>
                  <StartStopPointRef ref="VTR:ScheduledStopPoint:76398" version="1"/>
                  <EndStopPointRef ref="VTR:ScheduledStopPoint:76399" version="1"/>
                  <prices>
                    <DistanceMatrixElementPrice id="VTR:DistanceMatrixElementPrice:980269to980270" version="1">
                      <Amount>0.17</Amount>
                      <DistanceMatrixElementRef ref="VTR:DistanceMatrixElement:980269to980270" version="1"/>
                    </DistanceMatrixElementPrice>
                  </prices>
                </DistanceMatrixElement>
                <DistanceMatrixElement id="VTR:DistanceMatrixElement:980273to980275" version="1">
                  <Name>Kaimelis to Narezkai</Name>
                  <StartStopPointRef ref="VTR:ScheduledStopPoint:76397" version="1"/>
                  <EndStopPointRef ref="VTR:ScheduledStopPoint:76399" version="1"/>
                  <prices>
                    <DistanceMatrixElementPrice id="VTR:DistanceMatrixElementPrice:980273to980275" version="1">
                      <Amount>0.17</Amount>
                      <DistanceMatrixElementRef ref="VTR:DistanceMatrixElement:980273to980275" version="1"/>
                    </DistanceMatrixElementPrice>
                  </prices>
                </DistanceMatrixElement>
                <DistanceMatrixElement id="VTR:DistanceMatrixElement:980274to980276" version="1">
                  <Name>Tiekimas to Naujasodis</Name>
                  <StartStopPointRef ref="VTR:ScheduledStopPoint:76398" version="1"/>
                  <EndStopPointRef ref="VTR:ScheduledStopPoint:76400" version="1"/>
                  <prices>
                    <DistanceMatrixElementPrice id="VTR:DistanceMatrixElementPrice:980274to980276" version="1">
                      <Amount>0.2</Amount>
                      <DistanceMatrixElementRef ref="VTR:DistanceMatrixElement:980274to980276" version="1"/>
                    </DistanceMatrixElementPrice>
                  </prices>
                </DistanceMatrixElement>
                <DistanceMatrixElement id="VTR:DistanceMatrixElement:980282to980284" version="1">
                  <Name>Naujasodis to Tiekimas</Name>
                  <StartStopPointRef ref="VTR:ScheduledStopPoint:76401" version="1"/>
                  <EndStopPointRef ref="VTR:ScheduledStopPoint:76403" version="1"/>
                  <prices>
                    <DistanceMatrixElementPrice id="VTR:DistanceMatrixElementPrice:980282to980284" version="1">
                      <Amount>0.2</Amount>
                      <DistanceMatrixElementRef ref="VTR:DistanceMatrixElement:980282to980284" version="1"/>
                    </DistanceMatrixElementPrice>
                  </prices>
                </DistanceMatrixElement>
                <DistanceMatrixElement id="VTR:DistanceMatrixElement:980278to980280" version="1">
                  <Name>Narezkai to Kaimelis</Name>
                  <StartStopPointRef ref="VTR:ScheduledStopPoint:76402" version="1"/>
                  <EndStopPointRef ref="VTR:ScheduledStopPoint:76404" version="1"/>
                  <prices>
                    <DistanceMatrixElementPrice id="VTR:DistanceMatrixElementPrice:980278to980280" version="1">
                      <Amount>0.17</Amount>
                      <DistanceMatrixElementRef ref="VTR:DistanceMatrixElement:980278to980280" version="1"/>
                    </DistanceMatrixElementPrice>
                  </prices>
                </DistanceMatrixElement>
                <DistanceMatrixElement id="VTR:DistanceMatrixElement:980270to980271" version="1">
                  <Name>Narezkai to Naujasodis</Name>
                  <StartStopPointRef ref="VTR:ScheduledStopPoint:76399" version="1"/>
                  <EndStopPointRef ref="VTR:ScheduledStopPoint:76400" version="1"/>
                  <prices>
                    <DistanceMatrixElementPrice id="VTR:DistanceMatrixElementPrice:980270to980271" version="1">
                      <Amount>0.17</Amount>
                      <DistanceMatrixElementRef ref="VTR:DistanceMatrixElement:980270to980271" version="1"/>
                    </DistanceMatrixElementPrice>
                  </prices>
                </DistanceMatrixElement>
                <DistanceMatrixElement id="VTR:DistanceMatrixElement:980272to980275" version="1">
                  <Name>Trakų autobusų stotis to Narezkai</Name>
                  <StartStopPointRef ref="VTR:ScheduledStopPoint:76396" version="1"/>
                  <EndStopPointRef ref="VTR:ScheduledStopPoint:76399" version="1"/>
                  <prices>
                    <DistanceMatrixElementPrice id="VTR:DistanceMatrixElementPrice:980272to980275" version="1">
                      <Amount>0.23</Amount>
                      <DistanceMatrixElementRef ref="VTR:DistanceMatrixElement:980272to980275" version="1"/>
                    </DistanceMatrixElementPrice>
                  </prices>
                </DistanceMatrixElement>
                <DistanceMatrixElement id="VTR:DistanceMatrixElement:980273to980276" version="1">
                  <Name>Kaimelis to Naujasodis</Name>
                  <StartStopPointRef ref="VTR:ScheduledStopPoint:76397" version="1"/>
                  <EndStopPointRef ref="VTR:ScheduledStopPoint:76400" version="1"/>
                  <prices>
                    <DistanceMatrixElementPrice id="VTR:DistanceMatrixElementPrice:980273to980276" version="1">
                      <Amount>0.23</Amount>
                      <DistanceMatrixElementRef ref="VTR:DistanceMatrixElement:980273to980276" version="1"/>
                    </DistanceMatrixElementPrice>
                  </prices>
                </DistanceMatrixElement>
                <DistanceMatrixElement id="VTR:DistanceMatrixElement:980282to980285" version="1">
                  <Name>Naujasodis to Kaimelis</Name>
                  <StartStopPointRef ref="VTR:ScheduledStopPoint:76401" version="1"/>
                  <EndStopPointRef ref="VTR:ScheduledStopPoint:76404" version="1"/>
                  <prices>
                    <DistanceMatrixElementPrice id="VTR:DistanceMatrixElementPrice:980282to980285" version="1">
                      <Amount>0.23</Amount>
                      <DistanceMatrixElementRef ref="VTR:DistanceMatrixElement:980282to980285" version="1"/>
                    </DistanceMatrixElementPrice>
                  </prices>
                </DistanceMatrixElement>
                <DistanceMatrixElement id="VTR:DistanceMatrixElement:980283to980284" version="1">
                  <Name>Narezkai to Tiekimas</Name>
                  <StartStopPointRef ref="VTR:ScheduledStopPoint:76402" version="1"/>
                  <EndStopPointRef ref="VTR:ScheduledStopPoint:76403" version="1"/>
                  <prices>
                    <DistanceMatrixElementPrice id="VTR:DistanceMatrixElementPrice:980283to980284" version="1">
                      <Amount>0.17</Amount>
                      <DistanceMatrixElementRef ref="VTR:DistanceMatrixElement:980283to980284" version="1"/>
                    </DistanceMatrixElementPrice>
                  </prices>
                </DistanceMatrixElement>
                <DistanceMatrixElement id="VTR:DistanceMatrixElement:980283to980285" version="1">
                  <Name>Narezkai to Kaimelis</Name>
                  <StartStopPointRef ref="VTR:ScheduledStopPoint:76402" version="1"/>
                  <EndStopPointRef ref="VTR:ScheduledStopPoint:76404" version="1"/>
                  <prices>
                    <DistanceMatrixElementPrice id="VTR:DistanceMatrixElementPrice:980283to980285" version="1">
                      <Amount>0.17</Amount>
                      <DistanceMatrixElementRef ref="VTR:DistanceMatrixElement:980283to980285" version="1"/>
                    </DistanceMatrixElementPrice>
                  </prices>
                </DistanceMatrixElement>
                <DistanceMatrixElement id="VTR:DistanceMatrixElement:980267to980270" version="1">
                  <Name>Trakų autobusų stotis to Narezkai</Name>
                  <StartStopPointRef ref="VTR:ScheduledStopPoint:76396" version="1"/>
                  <EndStopPointRef ref="VTR:ScheduledStopPoint:76399" version="1"/>
                  <prices>
                    <DistanceMatrixElementPrice id="VTR:DistanceMatrixElementPrice:980267to980270" version="1">
                      <Amount>0.23</Amount>
                      <DistanceMatrixElementRef ref="VTR:DistanceMatrixElement:980267to980270" version="1"/>
                    </DistanceMatrixElementPrice>
                  </prices>
                </DistanceMatrixElement>
                <DistanceMatrixElement id="VTR:DistanceMatrixElement:980275to980276" version="1">
                  <Name>Narezkai to Naujasodis</Name>
                  <StartStopPointRef ref="VTR:ScheduledStopPoint:76399" version="1"/>
                  <EndStopPointRef ref="VTR:ScheduledStopPoint:76400" version="1"/>
                  <prices>
                    <DistanceMatrixElementPrice id="VTR:DistanceMatrixElementPrice:980275to980276" version="1">
                      <Amount>0.17</Amount>
                      <DistanceMatrixElementRef ref="VTR:DistanceMatrixElement:980275to980276" version="1"/>
                    </DistanceMatrixElementPrice>
                  </prices>
                </DistanceMatrixElement>
                <DistanceMatrixElement id="VTR:DistanceMatrixElement:980284to980286" version="1">
                  <Name>Tiekimas to Trakų autobusų stotis</Name>
                  <StartStopPointRef ref="VTR:ScheduledStopPoint:76403" version="1"/>
                  <EndStopPointRef ref="VTR:ScheduledStopPoint:76405" version="1"/>
                  <prices>
                    <DistanceMatrixElementPrice id="VTR:DistanceMatrixElementPrice:980284to980286" version="1">
                      <Amount>0.17</Amount>
                      <DistanceMatrixElementRef ref="VTR:DistanceMatrixElement:980284to980286" version="1"/>
                    </DistanceMatrixElementPrice>
                  </prices>
                </DistanceMatrixElement>
                <DistanceMatrixElement id="VTR:DistanceMatrixElement:980277to980279" version="1">
                  <Name>Naujasodis to Tiekimas</Name>
                  <StartStopPointRef ref="VTR:ScheduledStopPoint:76401" version="1"/>
                  <EndStopPointRef ref="VTR:ScheduledStopPoint:76403" version="1"/>
                  <prices>
                    <DistanceMatrixElementPrice id="VTR:DistanceMatrixElementPrice:980277to980279" version="1">
                      <Amount>0.2</Amount>
                      <DistanceMatrixElementRef ref="VTR:DistanceMatrixElement:980277to980279" version="1"/>
                    </DistanceMatrixElementPrice>
                  </prices>
                </DistanceMatrixElement>
                <DistanceMatrixElement id="VTR:DistanceMatrixElement:980267to980269" version="1">
                  <Name>Trakų autobusų stotis to Tiekimas</Name>
                  <StartStopPointRef ref="VTR:ScheduledStopPoint:76396" version="1"/>
                  <EndStopPointRef ref="VTR:ScheduledStopPoint:76398" version="1"/>
                  <prices>
                    <DistanceMatrixElementPrice id="VTR:DistanceMatrixElementPrice:980267to980269" version="1">
                      <Amount>0.17</Amount>
                      <DistanceMatrixElementRef ref="VTR:DistanceMatrixElement:980267to980269" version="1"/>
                    </DistanceMatrixElementPrice>
                  </prices>
                </DistanceMatrixElement>
                <DistanceMatrixElement id="VTR:DistanceMatrixElement:980267to980271" version="1">
                  <Name>Trakų autobusų stotis to Naujasodis</Name>
                  <StartStopPointRef ref="VTR:ScheduledStopPoint:76396" version="1"/>
                  <EndStopPointRef ref="VTR:ScheduledStopPoint:76400" version="1"/>
                  <prices>
                    <DistanceMatrixElementPrice id="VTR:DistanceMatrixElementPrice:980267to980271" version="1">
                      <Amount>0.35</Amount>
                      <DistanceMatrixElementRef ref="VTR:DistanceMatrixElement:980267to980271" version="1"/>
                    </DistanceMatrixElementPrice>
                  </prices>
                </DistanceMatrixElement>
                <DistanceMatrixElement id="VTR:DistanceMatrixElement:980268to980271" version="1">
                  <Name>Kaimelis to Naujasodis</Name>
                  <StartStopPointRef ref="VTR:ScheduledStopPoint:76397" version="1"/>
                  <EndStopPointRef ref="VTR:ScheduledStopPoint:76400" version="1"/>
                  <prices>
                    <DistanceMatrixElementPrice id="VTR:DistanceMatrixElementPrice:980268to980271" version="1">
                      <Amount>0.23</Amount>
                      <DistanceMatrixElementRef ref="VTR:DistanceMatrixElement:980268to980271" version="1"/>
                    </DistanceMatrixElementPrice>
                  </prices>
                </DistanceMatrixElement>
                <DistanceMatrixElement id="VTR:DistanceMatrixElement:980269to980271" version="1">
                  <Name>Tiekimas to Naujasodis</Name>
                  <StartStopPointRef ref="VTR:ScheduledStopPoint:76398" version="1"/>
                  <EndStopPointRef ref="VTR:ScheduledStopPoint:76400" version="1"/>
                  <prices>
                    <DistanceMatrixElementPrice id="VTR:DistanceMatrixElementPrice:980269to980271" version="1">
                      <Amount>0.2</Amount>
                      <DistanceMatrixElementRef ref="VTR:DistanceMatrixElement:980269to980271" version="1"/>
                    </DistanceMatrixElementPrice>
                  </prices>
                </DistanceMatrixElement>
                <DistanceMatrixElement id="VTR:DistanceMatrixElement:980272to980276" version="1">
                  <Name>Trakų autobusų stotis to Naujasodis</Name>
                  <StartStopPointRef ref="VTR:ScheduledStopPoint:76396" version="1"/>
                  <EndStopPointRef ref="VTR:ScheduledStopPoint:76400" version="1"/>
                  <prices>
                    <DistanceMatrixElementPrice id="VTR:DistanceMatrixElementPrice:980272to980276" version="1">
                      <Amount>0.35</Amount>
                      <DistanceMatrixElementRef ref="VTR:DistanceMatrixElement:980272to980276" version="1"/>
                    </DistanceMatrixElementPrice>
                  </prices>
                </DistanceMatrixElement>
                <DistanceMatrixElement id="VTR:DistanceMatrixElement:980277to980280" version="1">
                  <Name>Naujasodis to Kaimelis</Name>
                  <StartStopPointRef ref="VTR:ScheduledStopPoint:76401" version="1"/>
                  <EndStopPointRef ref="VTR:ScheduledStopPoint:76404" version="1"/>
                  <prices>
                    <DistanceMatrixElementPrice id="VTR:DistanceMatrixElementPrice:980277to980280" version="1">
                      <Amount>0.23</Amount>
                      <DistanceMatrixElementRef ref="VTR:DistanceMatrixElement:980277to980280" version="1"/>
                    </DistanceMatrixElementPrice>
                  </prices>
                </DistanceMatrixElement>
                <DistanceMatrixElement id="VTR:DistanceMatrixElement:980277to980281" version="1">
                  <Name>Naujasodis to Trakų autobusų stotis</Name>
                  <StartStopPointRef ref="VTR:ScheduledStopPoint:76401" version="1"/>
                  <EndStopPointRef ref="VTR:ScheduledStopPoint:76405" version="1"/>
                  <prices>
                    <DistanceMatrixElementPrice id="VTR:DistanceMatrixElementPrice:980277to980281" version="1">
                      <Amount>0.35</Amount>
                      <DistanceMatrixElementRef ref="VTR:DistanceMatrixElement:980277to980281" version="1"/>
                    </DistanceMatrixElementPrice>
                  </prices>
                </DistanceMatrixElement>
                <DistanceMatrixElement id="VTR:DistanceMatrixElement:980272to980274" version="1">
                  <Name>Trakų autobusų stotis to Tiekimas</Name>
                  <StartStopPointRef ref="VTR:ScheduledStopPoint:76396" version="1"/>
                  <EndStopPointRef ref="VTR:ScheduledStopPoint:76398" version="1"/>
                  <prices>
                    <DistanceMatrixElementPrice id="VTR:DistanceMatrixElementPrice:980272to980274" version="1">
                      <Amount>0.17</Amount>
                      <DistanceMatrixElementRef ref="VTR:DistanceMatrixElement:980272to980274" version="1"/>
                    </DistanceMatrixElementPrice>
                  </prices>
                </DistanceMatrixElement>
                <DistanceMatrixElement id="VTR:DistanceMatrixElement:980282to980283" version="1">
                  <Name>Naujasodis to Narezkai</Name>
                  <StartStopPointRef ref="VTR:ScheduledStopPoint:76401" version="1"/>
                  <EndStopPointRef ref="VTR:ScheduledStopPoint:76402" version="1"/>
                  <prices>
                    <DistanceMatrixElementPrice id="VTR:DistanceMatrixElementPrice:980282to980283" version="1">
                      <Amount>0.17</Amount>
                      <DistanceMatrixElementRef ref="VTR:DistanceMatrixElement:980282to980283" version="1"/>
                    </DistanceMatrixElementPrice>
                  </prices>
                </DistanceMatrixElement>
                <DistanceMatrixElement id="VTR:DistanceMatrixElement:980284to980285" version="1">
                  <Name>Tiekimas to Kaimelis</Name>
                  <StartStopPointRef ref="VTR:ScheduledStopPoint:76403" version="1"/>
                  <EndStopPointRef ref="VTR:ScheduledStopPoint:76404" version="1"/>
                  <prices>
                    <DistanceMatrixElementPrice id="VTR:DistanceMatrixElementPrice:980284to980285" version="1">
                      <Amount>0.17</Amount>
                      <DistanceMatrixElementRef ref="VTR:DistanceMatrixElement:980284to980285" version="1"/>
                    </DistanceMatrixElementPrice>
                  </prices>
                </DistanceMatrixElement>
                <DistanceMatrixElement id="VTR:DistanceMatrixElement:980279to980281" version="1">
                  <Name>Tiekimas to Trakų autobusų stotis</Name>
                  <StartStopPointRef ref="VTR:ScheduledStopPoint:76403" version="1"/>
                  <EndStopPointRef ref="VTR:ScheduledStopPoint:76405" version="1"/>
                  <prices>
                    <DistanceMatrixElementPrice id="VTR:DistanceMatrixElementPrice:980279to980281" version="1">
                      <Amount>0.17</Amount>
                      <DistanceMatrixElementRef ref="VTR:DistanceMatrixElement:980279to980281" version="1"/>
                    </DistanceMatrixElementPrice>
                  </prices>
                </DistanceMatrixElement>
                <DistanceMatrixElement id="VTR:DistanceMatrixElement:980267to980268" version="1">
                  <Name>Trakų autobusų stotis to Kaimelis</Name>
                  <StartStopPointRef ref="VTR:ScheduledStopPoint:76396" version="1"/>
                  <EndStopPointRef ref="VTR:ScheduledStopPoint:76397" version="1"/>
                  <prices>
                    <DistanceMatrixElementPrice id="VTR:DistanceMatrixElementPrice:980267to980268" version="1">
                      <Amount>0.17</Amount>
                      <DistanceMatrixElementRef ref="VTR:DistanceMatrixElement:980267to980268" version="1"/>
                    </DistanceMatrixElementPrice>
                  </prices>
                </DistanceMatrixElement>
                <DistanceMatrixElement id="VTR:DistanceMatrixElement:980273to980274" version="1">
                  <Name>Kaimelis to Tiekimas</Name>
                  <StartStopPointRef ref="VTR:ScheduledStopPoint:76397" version="1"/>
                  <EndStopPointRef ref="VTR:ScheduledStopPoint:76398" version="1"/>
                  <prices>
                    <DistanceMatrixElementPrice id="VTR:DistanceMatrixElementPrice:980273to980274" version="1">
                      <Amount>0.17</Amount>
                      <DistanceMatrixElementRef ref="VTR:DistanceMatrixElement:980273to980274" version="1"/>
                    </DistanceMatrixElementPrice>
                  </prices>
                </DistanceMatrixElement>
                <DistanceMatrixElement id="VTR:DistanceMatrixElement:980282to980286" version="1">
                  <Name>Naujasodis to Trakų autobusų stotis</Name>
                  <StartStopPointRef ref="VTR:ScheduledStopPoint:76401" version="1"/>
                  <EndStopPointRef ref="VTR:ScheduledStopPoint:76405" version="1"/>
                  <prices>
                    <DistanceMatrixElementPrice id="VTR:DistanceMatrixElementPrice:980282to980286" version="1">
                      <Amount>0.35</Amount>
                      <DistanceMatrixElementRef ref="VTR:DistanceMatrixElement:980282to980286" version="1"/>
                    </DistanceMatrixElementPrice>
                  </prices>
                </DistanceMatrixElement>
                <DistanceMatrixElement id="VTR:DistanceMatrixElement:980278to980279" version="1">
                  <Name>Narezkai to Tiekimas</Name>
                  <StartStopPointRef ref="VTR:ScheduledStopPoint:76402" version="1"/>
                  <EndStopPointRef ref="VTR:ScheduledStopPoint:76403" version="1"/>
                  <prices>
                    <DistanceMatrixElementPrice id="VTR:DistanceMatrixElementPrice:980278to980279" version="1">
                      <Amount>0.17</Amount>
                      <DistanceMatrixElementRef ref="VTR:DistanceMatrixElement:980278to980279" version="1"/>
                    </DistanceMatrixElementPrice>
                  </prices>
                </DistanceMatrixElement>
                <DistanceMatrixElement id="VTR:DistanceMatrixElement:980268to980269" version="1">
                  <Name>Kaimelis to Tiekimas</Name>
                  <StartStopPointRef ref="VTR:ScheduledStopPoint:76397" version="1"/>
                  <EndStopPointRef ref="VTR:ScheduledStopPoint:76398" version="1"/>
                  <prices>
                    <DistanceMatrixElementPrice id="VTR:DistanceMatrixElementPrice:980268to980269" version="1">
                      <Amount>0.17</Amount>
                      <DistanceMatrixElementRef ref="VTR:DistanceMatrixElement:980268to980269" version="1"/>
                    </DistanceMatrixElementPrice>
                  </prices>
                </DistanceMatrixElement>
                <DistanceMatrixElement id="VTR:DistanceMatrixElement:980272to980273" version="1">
                  <Name>Trakų autobusų stotis to Kaimelis</Name>
                  <StartStopPointRef ref="VTR:ScheduledStopPoint:76396" version="1"/>
                  <EndStopPointRef ref="VTR:ScheduledStopPoint:76397" version="1"/>
                  <prices>
                    <DistanceMatrixElementPrice id="VTR:DistanceMatrixElementPrice:980272to980273" version="1">
                      <Amount>0.17</Amount>
                      <DistanceMatrixElementRef ref="VTR:DistanceMatrixElement:980272to980273" version="1"/>
                    </DistanceMatrixElementPrice>
                  </prices>
                </DistanceMatrixElement>
                <DistanceMatrixElement id="VTR:DistanceMatrixElement:980277to980278" version="1">
                  <Name>Naujasodis to Narezkai</Name>
                  <StartStopPointRef ref="VTR:ScheduledStopPoint:76401" version="1"/>
                  <EndStopPointRef ref="VTR:ScheduledStopPoint:76402" version="1"/>
                  <prices>
                    <DistanceMatrixElementPrice id="VTR:DistanceMatrixElementPrice:980277to980278" version="1">
                      <Amount>0.17</Amount>
                      <DistanceMatrixElementRef ref="VTR:DistanceMatrixElement:980277to980278" version="1"/>
                    </DistanceMatrixElementPrice>
                  </prices>
                </DistanceMatrixElement>
              </distanceMatrixElements>
            </Tariff>
          </tariffs>
          <usageParameters>
            <FrequencyOfUse id="VTR:FrequencyOfUse:oneTrip" version="1">
              <FrequencyOfUseType>unlimited</FrequencyOfUseType>
              <MaximalFrequency>1</MaximalFrequency>
            </FrequencyOfUse>
          </usageParameters>
        </FareFrame>
      </frames>
    </CompositeFrame>
  </dataObjects>
</PublicationDelivery>
