<?xml version="1.0" encoding="UTF-8"?><PublicationDelivery xmlns="http://www.netex.org.uk/netex" xmlns:gis="http://www.opengis.net/gml/3.2" xmlns:ns2="http://www.opengis.net/gml/3.2" xmlns:ns3="http://www.siri.org.uk/siri" xmlns:xsi="http://www.w3.org/2001/XMLSchema-instance" version="1" xsi:schemaLocation="">
  <PublicationTimestamp>2022-05-07T02:10:00.337</PublicationTimestamp>
  <ParticipantRef>VTR</ParticipantRef>
  <Description>1</Description>
  <dataObjects>
    <CompositeFrame created="2022-05-07T02:10:00.337" version="1" id="VTR:CompositeFrame:1367">
      <validityConditions>
        <AvailabilityCondition version="1" id="VTR:AvailabilityCondition:1367">
          <FromDate>2011-02-18T00:00:00</FromDate>
          <ToDate>2026-02-18T00:00:00</ToDate>
        </AvailabilityCondition>
      </validityConditions>
      <codespaces>
        <Codespace id="vtr">
          <Xmlns>VTR</Xmlns>
          <XmlnsUrl>http://www.visimarsrutai.lt/</XmlnsUrl>
        </Codespace>
      </codespaces>
      <FrameDefaults>
        <DefaultLocale>
          <TimeZone>Europe/Vilnius</TimeZone>
        </DefaultLocale>
        <DefaultLocationSystem>WGS84</DefaultLocationSystem>
      </FrameDefaults>
      <frames>
        <ServiceCalendarFrame version="1" id="VTR:ServiceCalendarFrame:1367">
          <dayTypes>
            <DayType id="VTR:DayType:5110" version="1">
              <properties>
                <PropertyOfDay>
                  <DaysOfWeek>Wednesday Friday Saturday</DaysOfWeek>
                </PropertyOfDay>
              </properties>
            </DayType>
          </dayTypes>
          <operatingPeriods>
            <OperatingPeriod version="1" id="VTR:OperatingPeriod:5110">
              <FromDate>2015-07-01T00:00:00</FromDate>
              <ToDate>2025-02-20T00:00:00</ToDate>
            </OperatingPeriod>
          </operatingPeriods>
          <dayTypeAssignments>
            <DayTypeAssignment id="VTR:DayTypeAssignment:5110_0" version="1" order="3039">
              <OperatingPeriodRef ref="VTR:OperatingPeriod:5110" version="1"/>
              <DayTypeRef ref="VTR:DayType:5110" version="1"/>
            </DayTypeAssignment>
          </dayTypeAssignments>
        </ServiceCalendarFrame>
        <ServiceFrame id="VTR:ServiceFrame:1367" version="1">
          <Network version="0" id="VTR:Network:33"/>
          <routePoints>
            <RoutePoint version="1" id="VTR:RoutePoint:2309991">
              <projections>
                <PointProjection version="1" id="VTR:PointProjection:85209">
                  <ProjectedPointRef ref="VTR:ScheduledStopPoint:2309991" version="1"/>
                </PointProjection>
              </projections>
            </RoutePoint>
            <RoutePoint version="1" id="VTR:RoutePoint:2309992">
              <projections>
                <PointProjection version="1" id="VTR:PointProjection:85210">
                  <ProjectedPointRef ref="VTR:ScheduledStopPoint:2309992" version="1"/>
                </PointProjection>
              </projections>
            </RoutePoint>
            <RoutePoint version="1" id="VTR:RoutePoint:2309993">
              <projections>
                <PointProjection version="1" id="VTR:PointProjection:85211">
                  <ProjectedPointRef ref="VTR:ScheduledStopPoint:2309993" version="1"/>
                </PointProjection>
              </projections>
            </RoutePoint>
            <RoutePoint version="1" id="VTR:RoutePoint:2309994">
              <projections>
                <PointProjection version="1" id="VTR:PointProjection:85212">
                  <ProjectedPointRef ref="VTR:ScheduledStopPoint:2309994" version="1"/>
                </PointProjection>
              </projections>
            </RoutePoint>
            <RoutePoint version="1" id="VTR:RoutePoint:2309995">
              <projections>
                <PointProjection version="1" id="VTR:PointProjection:85213">
                  <ProjectedPointRef ref="VTR:ScheduledStopPoint:2309995" version="1"/>
                </PointProjection>
              </projections>
            </RoutePoint>
            <RoutePoint version="1" id="VTR:RoutePoint:2309996">
              <projections>
                <PointProjection version="1" id="VTR:PointProjection:85214">
                  <ProjectedPointRef ref="VTR:ScheduledStopPoint:2309996" version="1"/>
                </PointProjection>
              </projections>
            </RoutePoint>
            <RoutePoint version="1" id="VTR:RoutePoint:2309997">
              <projections>
                <PointProjection version="1" id="VTR:PointProjection:85295">
                  <ProjectedPointRef ref="VTR:ScheduledStopPoint:2309997" version="1"/>
                </PointProjection>
              </projections>
            </RoutePoint>
            <RoutePoint version="1" id="VTR:RoutePoint:2309998">
              <projections>
                <PointProjection version="1" id="VTR:PointProjection:85296">
                  <ProjectedPointRef ref="VTR:ScheduledStopPoint:2309998" version="1"/>
                </PointProjection>
              </projections>
            </RoutePoint>
            <RoutePoint version="1" id="VTR:RoutePoint:2309999">
              <projections>
                <PointProjection version="1" id="VTR:PointProjection:85297">
                  <ProjectedPointRef ref="VTR:ScheduledStopPoint:2309999" version="1"/>
                </PointProjection>
              </projections>
            </RoutePoint>
            <RoutePoint version="1" id="VTR:RoutePoint:2310000">
              <projections>
                <PointProjection version="1" id="VTR:PointProjection:85298">
                  <ProjectedPointRef ref="VTR:ScheduledStopPoint:2310000" version="1"/>
                </PointProjection>
              </projections>
            </RoutePoint>
            <RoutePoint version="1" id="VTR:RoutePoint:2310001">
              <projections>
                <PointProjection version="1" id="VTR:PointProjection:85299">
                  <ProjectedPointRef ref="VTR:ScheduledStopPoint:2310001" version="1"/>
                </PointProjection>
              </projections>
            </RoutePoint>
            <RoutePoint version="1" id="VTR:RoutePoint:2310002">
              <projections>
                <PointProjection version="1" id="VTR:PointProjection:85300">
                  <ProjectedPointRef ref="VTR:ScheduledStopPoint:2310002" version="1"/>
                </PointProjection>
              </projections>
            </RoutePoint>
          </routePoints>
          <routes>
            <Route version="1" id="VTR:Route:22873">
              <Name>Jakutiškiai-Ukmergė</Name>
              <ShortName>Jakutiškiai-Ukmergė</ShortName>
              <LineRef ref="VTR:Line:1154" version="10639"/>
              <DirectionType>inbound</DirectionType>
              <pointsInSequence>
                <PointOnRoute version="1" id="VTR:PointOnRoute:2309997" order="1">
                  <RoutePointRef ref="VTR:RoutePoint:2309997"/>
                </PointOnRoute>
                <PointOnRoute version="1" id="VTR:PointOnRoute:2309998" order="2">
                  <RoutePointRef ref="VTR:RoutePoint:2309998"/>
                </PointOnRoute>
                <PointOnRoute version="1" id="VTR:PointOnRoute:2310002" order="3">
                  <RoutePointRef ref="VTR:RoutePoint:2310002"/>
                </PointOnRoute>
                <PointOnRoute version="1" id="VTR:PointOnRoute:2309999" order="4">
                  <RoutePointRef ref="VTR:RoutePoint:2309999"/>
                </PointOnRoute>
                <PointOnRoute version="1" id="VTR:PointOnRoute:2310000" order="5">
                  <RoutePointRef ref="VTR:RoutePoint:2310000"/>
                </PointOnRoute>
                <PointOnRoute version="1" id="VTR:PointOnRoute:2310001" order="6">
                  <RoutePointRef ref="VTR:RoutePoint:2310001"/>
                </PointOnRoute>
              </pointsInSequence>
            </Route>
            <Route version="1" id="VTR:Route:22872">
              <Name>Ukmergė-Jakutiškiai</Name>
              <ShortName>Ukmergė-Jakutiškiai</ShortName>
              <LineRef ref="VTR:Line:1154" version="10639"/>
              <DirectionType>outbound</DirectionType>
              <pointsInSequence>
                <PointOnRoute version="1" id="VTR:PointOnRoute:2309991" order="1">
                  <RoutePointRef ref="VTR:RoutePoint:2309991"/>
                </PointOnRoute>
                <PointOnRoute version="1" id="VTR:PointOnRoute:2309992" order="2">
                  <RoutePointRef ref="VTR:RoutePoint:2309992"/>
                </PointOnRoute>
                <PointOnRoute version="1" id="VTR:PointOnRoute:2309993" order="3">
                  <RoutePointRef ref="VTR:RoutePoint:2309993"/>
                </PointOnRoute>
                <PointOnRoute version="1" id="VTR:PointOnRoute:2309996" order="4">
                  <RoutePointRef ref="VTR:RoutePoint:2309996"/>
                </PointOnRoute>
                <PointOnRoute version="1" id="VTR:PointOnRoute:2309994" order="5">
                  <RoutePointRef ref="VTR:RoutePoint:2309994"/>
                </PointOnRoute>
                <PointOnRoute version="1" id="VTR:PointOnRoute:2309995" order="6">
                  <RoutePointRef ref="VTR:RoutePoint:2309995"/>
                </PointOnRoute>
              </pointsInSequence>
            </Route>
          </routes>
          <lines>
            <Line version="10639" id="VTR:Line:1154">
              <Name>Ukmergė-Jakutiškiai</Name>
              <TransportMode>bus</TransportMode>
              <TransportSubmode>
                <BusSubmode>regionalBus</BusSubmode>
              </TransportSubmode>
              <PublicCode>M81</PublicCode>
              <OperatorRef ref="VTR:Operator:33"/>
            </Line>
          </lines>
          <scheduledStopPoints>
            <ScheduledStopPoint version="1" id="VTR:ScheduledStopPoint:2309991">
              <Name>Ukmergės autobusų stotis</Name>
            </ScheduledStopPoint>
            <ScheduledStopPoint version="1" id="VTR:ScheduledStopPoint:2309992">
              <Name>Statikai</Name>
            </ScheduledStopPoint>
            <ScheduledStopPoint version="1" id="VTR:ScheduledStopPoint:2309993">
              <Name>Sodai</Name>
            </ScheduledStopPoint>
            <ScheduledStopPoint version="1" id="VTR:ScheduledStopPoint:2309994">
              <Name>Kreivių kryžkelė</Name>
            </ScheduledStopPoint>
            <ScheduledStopPoint version="1" id="VTR:ScheduledStopPoint:2309995">
              <Name>Jakutiškiai</Name>
            </ScheduledStopPoint>
            <ScheduledStopPoint version="1" id="VTR:ScheduledStopPoint:2309996">
              <Name>Deltuva</Name>
            </ScheduledStopPoint>
            <ScheduledStopPoint version="1" id="VTR:ScheduledStopPoint:2309997">
              <Name>Jakutiškiai</Name>
            </ScheduledStopPoint>
            <ScheduledStopPoint version="1" id="VTR:ScheduledStopPoint:2309998">
              <Name>Kreivių kryžkelė</Name>
            </ScheduledStopPoint>
            <ScheduledStopPoint version="1" id="VTR:ScheduledStopPoint:2309999">
              <Name>Sodai</Name>
            </ScheduledStopPoint>
            <ScheduledStopPoint version="1" id="VTR:ScheduledStopPoint:2310000">
              <Name>Statikai</Name>
            </ScheduledStopPoint>
            <ScheduledStopPoint version="1" id="VTR:ScheduledStopPoint:2310001">
              <Name>Ukmergės autobusų stotis</Name>
            </ScheduledStopPoint>
            <ScheduledStopPoint version="1" id="VTR:ScheduledStopPoint:2310002">
              <Name>Deltuva</Name>
            </ScheduledStopPoint>
          </scheduledStopPoints>
          <serviceLinks>
            <ServiceLink id="VTR:ServiceLink:2309992_1_2309993_1" version="1">
              <Distance>0</Distance>
              <FromPointRef ref="VTR:ScheduledStopPoint:2309992" version="1"/>
              <ToPointRef ref="VTR:ScheduledStopPoint:2309993" version="1"/>
            </ServiceLink>
            <ServiceLink id="VTR:ServiceLink:2309993_1_2309996_1" version="1">
              <Distance>2</Distance>
              <FromPointRef ref="VTR:ScheduledStopPoint:2309993" version="1"/>
              <ToPointRef ref="VTR:ScheduledStopPoint:2309996" version="1"/>
            </ServiceLink>
            <ServiceLink id="VTR:ServiceLink:2309997_1_2309998_1" version="1">
              <Distance>2</Distance>
              <FromPointRef ref="VTR:ScheduledStopPoint:2309997" version="1"/>
              <ToPointRef ref="VTR:ScheduledStopPoint:2309998" version="1"/>
            </ServiceLink>
            <ServiceLink id="VTR:ServiceLink:2309996_1_2309994_1" version="1">
              <Distance>3</Distance>
              <FromPointRef ref="VTR:ScheduledStopPoint:2309996" version="1"/>
              <ToPointRef ref="VTR:ScheduledStopPoint:2309994" version="1"/>
            </ServiceLink>
            <ServiceLink id="VTR:ServiceLink:2310002_1_2309999_1" version="1">
              <Distance>2</Distance>
              <FromPointRef ref="VTR:ScheduledStopPoint:2310002" version="1"/>
              <ToPointRef ref="VTR:ScheduledStopPoint:2309999" version="1"/>
            </ServiceLink>
            <ServiceLink id="VTR:ServiceLink:2309994_1_2309995_1" version="1">
              <Distance>2</Distance>
              <FromPointRef ref="VTR:ScheduledStopPoint:2309994" version="1"/>
              <ToPointRef ref="VTR:ScheduledStopPoint:2309995" version="1"/>
            </ServiceLink>
            <ServiceLink id="VTR:ServiceLink:2309991_1_2309992_1" version="1">
              <Distance>5</Distance>
              <FromPointRef ref="VTR:ScheduledStopPoint:2309991" version="1"/>
              <ToPointRef ref="VTR:ScheduledStopPoint:2309992" version="1"/>
            </ServiceLink>
            <ServiceLink id="VTR:ServiceLink:2309998_1_2310002_1" version="1">
              <Distance>3</Distance>
              <FromPointRef ref="VTR:ScheduledStopPoint:2309998" version="1"/>
              <ToPointRef ref="VTR:ScheduledStopPoint:2310002" version="1"/>
            </ServiceLink>
            <ServiceLink id="VTR:ServiceLink:2309999_1_2310000_1" version="1">
              <Distance>0</Distance>
              <FromPointRef ref="VTR:ScheduledStopPoint:2309999" version="1"/>
              <ToPointRef ref="VTR:ScheduledStopPoint:2310000" version="1"/>
            </ServiceLink>
            <ServiceLink id="VTR:ServiceLink:2310000_1_2310001_1" version="1">
              <Distance>5</Distance>
              <FromPointRef ref="VTR:ScheduledStopPoint:2310000" version="1"/>
              <ToPointRef ref="VTR:ScheduledStopPoint:2310001" version="1"/>
            </ServiceLink>
          </serviceLinks>
          <stopAssignments>
            <PassengerStopAssignment order="2287200000" id="VTR:PassengerStopAssignment:2309991" version="1">
              <ScheduledStopPointRef ref="VTR:ScheduledStopPoint:2309991" version="1"/>
              <QuayRef ref="VTR:Quay:19468"/>
            </PassengerStopAssignment>
            <PassengerStopAssignment order="2287200001" id="VTR:PassengerStopAssignment:2309992" version="1">
              <ScheduledStopPointRef ref="VTR:ScheduledStopPoint:2309992" version="1"/>
              <QuayRef ref="VTR:Quay:14315"/>
            </PassengerStopAssignment>
            <PassengerStopAssignment order="2287200002" id="VTR:PassengerStopAssignment:2309993" version="1">
              <ScheduledStopPointRef ref="VTR:ScheduledStopPoint:2309993" version="1"/>
              <QuayRef ref="VTR:Quay:16321"/>
            </PassengerStopAssignment>
            <PassengerStopAssignment order="2287200003" id="VTR:PassengerStopAssignment:2309996" version="1">
              <ScheduledStopPointRef ref="VTR:ScheduledStopPoint:2309996" version="1"/>
              <QuayRef ref="VTR:Quay:8700"/>
            </PassengerStopAssignment>
            <PassengerStopAssignment order="2287200004" id="VTR:PassengerStopAssignment:2309994" version="1">
              <ScheduledStopPointRef ref="VTR:ScheduledStopPoint:2309994" version="1"/>
              <QuayRef ref="VTR:Quay:5937"/>
            </PassengerStopAssignment>
            <PassengerStopAssignment order="2287200005" id="VTR:PassengerStopAssignment:2309995" version="1">
              <ScheduledStopPointRef ref="VTR:ScheduledStopPoint:2309995" version="1"/>
              <QuayRef ref="VTR:Quay:4826"/>
            </PassengerStopAssignment>
            <PassengerStopAssignment order="2287300000" id="VTR:PassengerStopAssignment:2309997" version="1">
              <ScheduledStopPointRef ref="VTR:ScheduledStopPoint:2309997" version="1"/>
              <QuayRef ref="VTR:Quay:4826"/>
            </PassengerStopAssignment>
            <PassengerStopAssignment order="2287300001" id="VTR:PassengerStopAssignment:2309998" version="1">
              <ScheduledStopPointRef ref="VTR:ScheduledStopPoint:2309998" version="1"/>
              <QuayRef ref="VTR:Quay:7758"/>
            </PassengerStopAssignment>
            <PassengerStopAssignment order="2287300002" id="VTR:PassengerStopAssignment:2310002" version="1">
              <ScheduledStopPointRef ref="VTR:ScheduledStopPoint:2310002" version="1"/>
              <QuayRef ref="VTR:Quay:8700"/>
            </PassengerStopAssignment>
            <PassengerStopAssignment order="2287300003" id="VTR:PassengerStopAssignment:2309999" version="1">
              <ScheduledStopPointRef ref="VTR:ScheduledStopPoint:2309999" version="1"/>
              <QuayRef ref="VTR:Quay:8486"/>
            </PassengerStopAssignment>
            <PassengerStopAssignment order="2287300004" id="VTR:PassengerStopAssignment:2310000" version="1">
              <ScheduledStopPointRef ref="VTR:ScheduledStopPoint:2310000" version="1"/>
              <QuayRef ref="VTR:Quay:12408"/>
            </PassengerStopAssignment>
            <PassengerStopAssignment order="2287300005" id="VTR:PassengerStopAssignment:2310001" version="1">
              <ScheduledStopPointRef ref="VTR:ScheduledStopPoint:2310001" version="1"/>
              <QuayRef ref="VTR:Quay:19468"/>
            </PassengerStopAssignment>
          </stopAssignments>
          <journeyPatterns>
            <JourneyPattern id="VTR:JourneyPattern:4967460" version="4970757">
              <Name>12:15</Name>
              <RouteRef ref="VTR:Route:22872" version="1"/>
              <pointsInSequence>
                <StopPointInJourneyPattern id="VTR:StopPointInJourneyPattern:173588305" version="4970757" order="1">
                  <ScheduledStopPointRef ref="VTR:ScheduledStopPoint:2309991"/>
                  <DestinationDisplayRef ref="VTR:DestinationDisplay:1"/>
                </StopPointInJourneyPattern>
                <StopPointInJourneyPattern id="VTR:StopPointInJourneyPattern:173588306" version="4970757" order="2">
                  <ScheduledStopPointRef ref="VTR:ScheduledStopPoint:2309992"/>
                  <DestinationDisplayRef ref="VTR:DestinationDisplay:1"/>
                </StopPointInJourneyPattern>
                <StopPointInJourneyPattern id="VTR:StopPointInJourneyPattern:173588307" version="4970757" order="3">
                  <ScheduledStopPointRef ref="VTR:ScheduledStopPoint:2309993"/>
                  <DestinationDisplayRef ref="VTR:DestinationDisplay:1"/>
                </StopPointInJourneyPattern>
                <StopPointInJourneyPattern id="VTR:StopPointInJourneyPattern:173588308" version="4970757" order="4">
                  <ScheduledStopPointRef ref="VTR:ScheduledStopPoint:2309996"/>
                  <DestinationDisplayRef ref="VTR:DestinationDisplay:1"/>
                </StopPointInJourneyPattern>
                <StopPointInJourneyPattern id="VTR:StopPointInJourneyPattern:173588309" version="4970757" order="5">
                  <ScheduledStopPointRef ref="VTR:ScheduledStopPoint:2309994"/>
                  <DestinationDisplayRef ref="VTR:DestinationDisplay:1"/>
                </StopPointInJourneyPattern>
                <StopPointInJourneyPattern id="VTR:StopPointInJourneyPattern:173588310" version="4970757" order="6">
                  <ScheduledStopPointRef ref="VTR:ScheduledStopPoint:2309995"/>
                  <DestinationDisplayRef ref="VTR:DestinationDisplay:1"/>
                </StopPointInJourneyPattern>
              </pointsInSequence>
            </JourneyPattern>
            <JourneyPattern id="VTR:JourneyPattern:4967461" version="4970758">
              <Name>12:50</Name>
              <RouteRef ref="VTR:Route:22873" version="1"/>
              <pointsInSequence>
                <StopPointInJourneyPattern id="VTR:StopPointInJourneyPattern:173588311" version="4970758" order="1">
                  <ScheduledStopPointRef ref="VTR:ScheduledStopPoint:2309997"/>
                  <DestinationDisplayRef ref="VTR:DestinationDisplay:1"/>
                </StopPointInJourneyPattern>
                <StopPointInJourneyPattern id="VTR:StopPointInJourneyPattern:173588312" version="4970758" order="2">
                  <ScheduledStopPointRef ref="VTR:ScheduledStopPoint:2309998"/>
                  <DestinationDisplayRef ref="VTR:DestinationDisplay:1"/>
                </StopPointInJourneyPattern>
                <StopPointInJourneyPattern id="VTR:StopPointInJourneyPattern:173588313" version="4970758" order="3">
                  <ScheduledStopPointRef ref="VTR:ScheduledStopPoint:2310002"/>
                  <DestinationDisplayRef ref="VTR:DestinationDisplay:1"/>
                </StopPointInJourneyPattern>
                <StopPointInJourneyPattern id="VTR:StopPointInJourneyPattern:173588314" version="4970758" order="4">
                  <ScheduledStopPointRef ref="VTR:ScheduledStopPoint:2309999"/>
                  <DestinationDisplayRef ref="VTR:DestinationDisplay:1"/>
                </StopPointInJourneyPattern>
                <StopPointInJourneyPattern id="VTR:StopPointInJourneyPattern:173588315" version="4970758" order="5">
                  <ScheduledStopPointRef ref="VTR:ScheduledStopPoint:2310000"/>
                  <DestinationDisplayRef ref="VTR:DestinationDisplay:1"/>
                </StopPointInJourneyPattern>
                <StopPointInJourneyPattern id="VTR:StopPointInJourneyPattern:173588316" version="4970758" order="6">
                  <ScheduledStopPointRef ref="VTR:ScheduledStopPoint:2310001"/>
                  <DestinationDisplayRef ref="VTR:DestinationDisplay:1"/>
                </StopPointInJourneyPattern>
              </pointsInSequence>
            </JourneyPattern>
          </journeyPatterns>
        </ServiceFrame>
        <TimetableFrame version="1" id="VTR:TimetableFrame:1367">
          <vehicleJourneys>
            <ServiceJourney version="4970757" id="VTR:ServiceJourney:4967460">
              <Name>Ukmergė-Jakutiškiai</Name>
              <PrivateCode>12:15</PrivateCode>
              <dayTypes>
                <DayTypeRef ref="VTR:DayType:5110"/>
              </dayTypes>
              <JourneyPatternRef version="4970757" ref="VTR:JourneyPattern:4967460"/>
              <OperatorRef ref="VTR:Operator:533"/>
              <LineRef ref="VTR:Line:1154" version="10639"/>
              <passingTimes>
                <TimetabledPassingTime version="4970757" id="VTR:TimetabledPassingTime:4967460_173588305_1">
                  <StopPointInJourneyPatternRef ref="VTR:StopPointInJourneyPattern:173588305" version="4970757"/>
                  <DepartureTime>12:15:00</DepartureTime>
                  <DepartureDayOffset>0</DepartureDayOffset>
                </TimetabledPassingTime>
                <TimetabledPassingTime version="4970757" id="VTR:TimetabledPassingTime:4967460_173588306_2">
                  <StopPointInJourneyPatternRef ref="VTR:StopPointInJourneyPattern:173588306" version="4970757"/>
                  <DepartureTime>12:28:00</DepartureTime>
                  <DepartureDayOffset>0</DepartureDayOffset>
                </TimetabledPassingTime>
                <TimetabledPassingTime version="4970757" id="VTR:TimetabledPassingTime:4967460_173588307_3">
                  <StopPointInJourneyPatternRef ref="VTR:StopPointInJourneyPattern:173588307" version="4970757"/>
                  <DepartureTime>12:31:00</DepartureTime>
                  <DepartureDayOffset>0</DepartureDayOffset>
                </TimetabledPassingTime>
                <TimetabledPassingTime version="4970757" id="VTR:TimetabledPassingTime:4967460_173588308_4">
                  <StopPointInJourneyPatternRef ref="VTR:StopPointInJourneyPattern:173588308" version="4970757"/>
                  <DepartureTime>12:36:00</DepartureTime>
                  <DepartureDayOffset>0</DepartureDayOffset>
                </TimetabledPassingTime>
                <TimetabledPassingTime version="4970757" id="VTR:TimetabledPassingTime:4967460_173588309_5">
                  <StopPointInJourneyPatternRef ref="VTR:StopPointInJourneyPattern:173588309" version="4970757"/>
                  <DepartureTime>12:41:00</DepartureTime>
                  <DepartureDayOffset>0</DepartureDayOffset>
                </TimetabledPassingTime>
                <TimetabledPassingTime version="4970757" id="VTR:TimetabledPassingTime:4967460_173588310_6">
                  <StopPointInJourneyPatternRef ref="VTR:StopPointInJourneyPattern:173588310" version="4970757"/>
                  <DepartureTime>12:45:00</DepartureTime>
                  <DepartureDayOffset>0</DepartureDayOffset>
                </TimetabledPassingTime>
              </passingTimes>
            </ServiceJourney>
            <ServiceJourney version="4970758" id="VTR:ServiceJourney:4967461">
              <Name>Jakutiškiai-Ukmergė</Name>
              <PrivateCode>12:50</PrivateCode>
              <dayTypes>
                <DayTypeRef ref="VTR:DayType:5110"/>
              </dayTypes>
              <JourneyPatternRef version="4970758" ref="VTR:JourneyPattern:4967461"/>
              <OperatorRef ref="VTR:Operator:533"/>
              <LineRef ref="VTR:Line:1154" version="10639"/>
              <passingTimes>
                <TimetabledPassingTime version="4970758" id="VTR:TimetabledPassingTime:4967461_173588311_1">
                  <StopPointInJourneyPatternRef ref="VTR:StopPointInJourneyPattern:173588311" version="4970758"/>
                  <DepartureTime>12:50:00</DepartureTime>
                  <DepartureDayOffset>0</DepartureDayOffset>
                </TimetabledPassingTime>
                <TimetabledPassingTime version="4970758" id="VTR:TimetabledPassingTime:4967461_173588312_2">
                  <StopPointInJourneyPatternRef ref="VTR:StopPointInJourneyPattern:173588312" version="4970758"/>
                  <DepartureTime>12:54:00</DepartureTime>
                  <DepartureDayOffset>0</DepartureDayOffset>
                </TimetabledPassingTime>
                <TimetabledPassingTime version="4970758" id="VTR:TimetabledPassingTime:4967461_173588313_3">
                  <StopPointInJourneyPatternRef ref="VTR:StopPointInJourneyPattern:173588313" version="4970758"/>
                  <DepartureTime>12:59:00</DepartureTime>
                  <DepartureDayOffset>0</DepartureDayOffset>
                </TimetabledPassingTime>
                <TimetabledPassingTime version="4970758" id="VTR:TimetabledPassingTime:4967461_173588314_4">
                  <StopPointInJourneyPatternRef ref="VTR:StopPointInJourneyPattern:173588314" version="4970758"/>
                  <DepartureTime>13:04:00</DepartureTime>
                  <DepartureDayOffset>0</DepartureDayOffset>
                </TimetabledPassingTime>
                <TimetabledPassingTime version="4970758" id="VTR:TimetabledPassingTime:4967461_173588315_5">
                  <StopPointInJourneyPatternRef ref="VTR:StopPointInJourneyPattern:173588315" version="4970758"/>
                  <DepartureTime>13:07:00</DepartureTime>
                  <DepartureDayOffset>0</DepartureDayOffset>
                </TimetabledPassingTime>
                <TimetabledPassingTime version="4970758" id="VTR:TimetabledPassingTime:4967461_173588316_6">
                  <StopPointInJourneyPatternRef ref="VTR:StopPointInJourneyPattern:173588316" version="4970758"/>
                  <DepartureTime>13:20:00</DepartureTime>
                  <DepartureDayOffset>0</DepartureDayOffset>
                </TimetabledPassingTime>
              </passingTimes>
            </ServiceJourney>
          </vehicleJourneys>
        </TimetableFrame>
        <ResourceFrame version="1" id="VTR:ResourceFrame:1367">
          <organisations>
            <Authority version="1" id="VTR:Authority:33">
              <CompanyNumber>81</CompanyNumber>
              <Name>Ukmergės r. sav.</Name>
              <LegalName>Ukmergės r. sav.</LegalName>
              <ContactDetails>
                <Email>stasys.jackunas@ukmerg4.lt</Email>
                <Phone>834060333</Phone>
                <Url>www.ukmerge.lt</Url>
              </ContactDetails>
              <OrganisationType>authority</OrganisationType>
            </Authority>
          </organisations>
        </ResourceFrame>
        <FareFrame id="VTR:FareFrame:1154" version="1">
          <FrameDefaults>
            <DefaultCurrency>EUR</DefaultCurrency>
          </FrameDefaults>
          <fareStructureElements>
            <FareStructureElement id="VTR:FareStructureElement:pricematrix" version="1">
              <distanceMatrixElements>
                <DistanceMatrixElementRef ref="VTR:DistanceMatrixElement:173588307to173588308" version="1"/>
                <DistanceMatrixElementRef ref="VTR:DistanceMatrixElement:173588311to173588314" version="1"/>
                <DistanceMatrixElementRef ref="VTR:DistanceMatrixElement:173588312to173588316" version="1"/>
                <DistanceMatrixElementRef ref="VTR:DistanceMatrixElement:173588305to173588307" version="1"/>
                <DistanceMatrixElementRef ref="VTR:DistanceMatrixElement:173588305to173588306" version="1"/>
                <DistanceMatrixElementRef ref="VTR:DistanceMatrixElement:173588306to173588310" version="1"/>
                <DistanceMatrixElementRef ref="VTR:DistanceMatrixElement:173588307to173588310" version="1"/>
                <DistanceMatrixElementRef ref="VTR:DistanceMatrixElement:173588314to173588315" version="1"/>
                <DistanceMatrixElementRef ref="VTR:DistanceMatrixElement:173588314to173588316" version="1"/>
                <DistanceMatrixElementRef ref="VTR:DistanceMatrixElement:173588311to173588316" version="1"/>
                <DistanceMatrixElementRef ref="VTR:DistanceMatrixElement:173588315to173588316" version="1"/>
                <DistanceMatrixElementRef ref="VTR:DistanceMatrixElement:173588312to173588314" version="1"/>
                <DistanceMatrixElementRef ref="VTR:DistanceMatrixElement:173588313to173588316" version="1"/>
                <DistanceMatrixElementRef ref="VTR:DistanceMatrixElement:173588305to173588309" version="1"/>
                <DistanceMatrixElementRef ref="VTR:DistanceMatrixElement:173588307to173588309" version="1"/>
                <DistanceMatrixElementRef ref="VTR:DistanceMatrixElement:173588311to173588315" version="1"/>
                <DistanceMatrixElementRef ref="VTR:DistanceMatrixElement:173588312to173588313" version="1"/>
                <DistanceMatrixElementRef ref="VTR:DistanceMatrixElement:173588312to173588315" version="1"/>
                <DistanceMatrixElementRef ref="VTR:DistanceMatrixElement:173588305to173588308" version="1"/>
                <DistanceMatrixElementRef ref="VTR:DistanceMatrixElement:173588306to173588308" version="1"/>
                <DistanceMatrixElementRef ref="VTR:DistanceMatrixElement:173588306to173588309" version="1"/>
                <DistanceMatrixElementRef ref="VTR:DistanceMatrixElement:173588308to173588310" version="1"/>
                <DistanceMatrixElementRef ref="VTR:DistanceMatrixElement:173588305to173588310" version="1"/>
                <DistanceMatrixElementRef ref="VTR:DistanceMatrixElement:173588306to173588307" version="1"/>
                <DistanceMatrixElementRef ref="VTR:DistanceMatrixElement:173588313to173588314" version="1"/>
                <DistanceMatrixElementRef ref="VTR:DistanceMatrixElement:173588308to173588309" version="1"/>
                <DistanceMatrixElementRef ref="VTR:DistanceMatrixElement:173588311to173588313" version="1"/>
                <DistanceMatrixElementRef ref="VTR:DistanceMatrixElement:173588313to173588315" version="1"/>
                <DistanceMatrixElementRef ref="VTR:DistanceMatrixElement:173588311to173588312" version="1"/>
                <DistanceMatrixElementRef ref="VTR:DistanceMatrixElement:173588309to173588310" version="1"/>
              </distanceMatrixElements>
            </FareStructureElement>
          </fareStructureElements>
          <tariffs>
            <Tariff id="VTR:Tariff:pointToPointInSeparateJourney_1154" version="1">
              <Name>Point to point tariff</Name>
              <distanceMatrixElements>
                <DistanceMatrixElement id="VTR:DistanceMatrixElement:173588307to173588308" version="1">
                  <Name>Sodai to Deltuva</Name>
                  <StartStopPointRef ref="VTR:ScheduledStopPoint:2309993" version="1"/>
                  <EndStopPointRef ref="VTR:ScheduledStopPoint:2309996" version="1"/>
                  <prices>
                    <DistanceMatrixElementPrice id="VTR:DistanceMatrixElementPrice:173588307to173588308" version="1">
                      <Amount>0.55</Amount>
                      <DistanceMatrixElementRef ref="VTR:DistanceMatrixElement:173588307to173588308" version="1"/>
                    </DistanceMatrixElementPrice>
                  </prices>
                </DistanceMatrixElement>
                <DistanceMatrixElement id="VTR:DistanceMatrixElement:173588311to173588314" version="1">
                  <Name>Jakutiškiai to Sodai</Name>
                  <StartStopPointRef ref="VTR:ScheduledStopPoint:2309997" version="1"/>
                  <EndStopPointRef ref="VTR:ScheduledStopPoint:2309999" version="1"/>
                  <prices>
                    <DistanceMatrixElementPrice id="VTR:DistanceMatrixElementPrice:173588311to173588314" version="1">
                      <Amount>0.81</Amount>
                      <DistanceMatrixElementRef ref="VTR:DistanceMatrixElement:173588311to173588314" version="1"/>
                    </DistanceMatrixElementPrice>
                  </prices>
                </DistanceMatrixElement>
                <DistanceMatrixElement id="VTR:DistanceMatrixElement:173588312to173588316" version="1">
                  <Name>Kreivių kryžkelė to Ukmergės autobusų stotis</Name>
                  <StartStopPointRef ref="VTR:ScheduledStopPoint:2309998" version="1"/>
                  <EndStopPointRef ref="VTR:ScheduledStopPoint:2310001" version="1"/>
                  <prices>
                    <DistanceMatrixElementPrice id="VTR:DistanceMatrixElementPrice:173588312to173588316" version="1">
                      <Amount>1.14</Amount>
                      <DistanceMatrixElementRef ref="VTR:DistanceMatrixElement:173588312to173588316" version="1"/>
                    </DistanceMatrixElementPrice>
                  </prices>
                </DistanceMatrixElement>
                <DistanceMatrixElement id="VTR:DistanceMatrixElement:173588305to173588307" version="1">
                  <Name>Ukmergės autobusų stotis to Sodai</Name>
                  <StartStopPointRef ref="VTR:ScheduledStopPoint:2309991" version="1"/>
                  <EndStopPointRef ref="VTR:ScheduledStopPoint:2309993" version="1"/>
                  <prices>
                    <DistanceMatrixElementPrice id="VTR:DistanceMatrixElementPrice:173588305to173588307" version="1">
                      <Amount>0.61</Amount>
                      <DistanceMatrixElementRef ref="VTR:DistanceMatrixElement:173588305to173588307" version="1"/>
                    </DistanceMatrixElementPrice>
                  </prices>
                </DistanceMatrixElement>
                <DistanceMatrixElement id="VTR:DistanceMatrixElement:173588305to173588306" version="1">
                  <Name>Ukmergės autobusų stotis to Statikai</Name>
                  <StartStopPointRef ref="VTR:ScheduledStopPoint:2309991" version="1"/>
                  <EndStopPointRef ref="VTR:ScheduledStopPoint:2309992" version="1"/>
                  <prices>
                    <DistanceMatrixElementPrice id="VTR:DistanceMatrixElementPrice:173588305to173588306" version="1">
                      <Amount>0.55</Amount>
                      <DistanceMatrixElementRef ref="VTR:DistanceMatrixElement:173588305to173588306" version="1"/>
                    </DistanceMatrixElementPrice>
                  </prices>
                </DistanceMatrixElement>
                <DistanceMatrixElement id="VTR:DistanceMatrixElement:173588306to173588310" version="1">
                  <Name>Statikai to Jakutiškiai</Name>
                  <StartStopPointRef ref="VTR:ScheduledStopPoint:2309992" version="1"/>
                  <EndStopPointRef ref="VTR:ScheduledStopPoint:2309995" version="1"/>
                  <prices>
                    <DistanceMatrixElementPrice id="VTR:DistanceMatrixElementPrice:173588306to173588310" version="1">
                      <Amount>0.89</Amount>
                      <DistanceMatrixElementRef ref="VTR:DistanceMatrixElement:173588306to173588310" version="1"/>
                    </DistanceMatrixElementPrice>
                  </prices>
                </DistanceMatrixElement>
                <DistanceMatrixElement id="VTR:DistanceMatrixElement:173588307to173588310" version="1">
                  <Name>Sodai to Jakutiškiai</Name>
                  <StartStopPointRef ref="VTR:ScheduledStopPoint:2309993" version="1"/>
                  <EndStopPointRef ref="VTR:ScheduledStopPoint:2309995" version="1"/>
                  <prices>
                    <DistanceMatrixElementPrice id="VTR:DistanceMatrixElementPrice:173588307to173588310" version="1">
                      <Amount>0.81</Amount>
                      <DistanceMatrixElementRef ref="VTR:DistanceMatrixElement:173588307to173588310" version="1"/>
                    </DistanceMatrixElementPrice>
                  </prices>
                </DistanceMatrixElement>
                <DistanceMatrixElement id="VTR:DistanceMatrixElement:173588314to173588315" version="1">
                  <Name>Sodai to Statikai</Name>
                  <StartStopPointRef ref="VTR:ScheduledStopPoint:2309999" version="1"/>
                  <EndStopPointRef ref="VTR:ScheduledStopPoint:2310000" version="1"/>
                  <prices>
                    <DistanceMatrixElementPrice id="VTR:DistanceMatrixElementPrice:173588314to173588315" version="1">
                      <Amount>0.55</Amount>
                      <DistanceMatrixElementRef ref="VTR:DistanceMatrixElement:173588314to173588315" version="1"/>
                    </DistanceMatrixElementPrice>
                  </prices>
                </DistanceMatrixElement>
                <DistanceMatrixElement id="VTR:DistanceMatrixElement:173588314to173588316" version="1">
                  <Name>Sodai to Ukmergės autobusų stotis</Name>
                  <StartStopPointRef ref="VTR:ScheduledStopPoint:2309999" version="1"/>
                  <EndStopPointRef ref="VTR:ScheduledStopPoint:2310001" version="1"/>
                  <prices>
                    <DistanceMatrixElementPrice id="VTR:DistanceMatrixElementPrice:173588314to173588316" version="1">
                      <Amount>0.61</Amount>
                      <DistanceMatrixElementRef ref="VTR:DistanceMatrixElement:173588314to173588316" version="1"/>
                    </DistanceMatrixElementPrice>
                  </prices>
                </DistanceMatrixElement>
                <DistanceMatrixElement id="VTR:DistanceMatrixElement:173588311to173588316" version="1">
                  <Name>Jakutiškiai to Ukmergės autobusų stotis</Name>
                  <StartStopPointRef ref="VTR:ScheduledStopPoint:2309997" version="1"/>
                  <EndStopPointRef ref="VTR:ScheduledStopPoint:2310001" version="1"/>
                  <prices>
                    <DistanceMatrixElementPrice id="VTR:DistanceMatrixElementPrice:173588311to173588316" version="1">
                      <Amount>1.42</Amount>
                      <DistanceMatrixElementRef ref="VTR:DistanceMatrixElement:173588311to173588316" version="1"/>
                    </DistanceMatrixElementPrice>
                  </prices>
                </DistanceMatrixElement>
                <DistanceMatrixElement id="VTR:DistanceMatrixElement:173588315to173588316" version="1">
                  <Name>Statikai to Ukmergės autobusų stotis</Name>
                  <StartStopPointRef ref="VTR:ScheduledStopPoint:2310000" version="1"/>
                  <EndStopPointRef ref="VTR:ScheduledStopPoint:2310001" version="1"/>
                  <prices>
                    <DistanceMatrixElementPrice id="VTR:DistanceMatrixElementPrice:173588315to173588316" version="1">
                      <Amount>0.55</Amount>
                      <DistanceMatrixElementRef ref="VTR:DistanceMatrixElement:173588315to173588316" version="1"/>
                    </DistanceMatrixElementPrice>
                  </prices>
                </DistanceMatrixElement>
                <DistanceMatrixElement id="VTR:DistanceMatrixElement:173588312to173588314" version="1">
                  <Name>Kreivių kryžkelė to Sodai</Name>
                  <StartStopPointRef ref="VTR:ScheduledStopPoint:2309998" version="1"/>
                  <EndStopPointRef ref="VTR:ScheduledStopPoint:2309999" version="1"/>
                  <prices>
                    <DistanceMatrixElementPrice id="VTR:DistanceMatrixElementPrice:173588312to173588314" version="1">
                      <Amount>0.55</Amount>
                      <DistanceMatrixElementRef ref="VTR:DistanceMatrixElement:173588312to173588314" version="1"/>
                    </DistanceMatrixElementPrice>
                  </prices>
                </DistanceMatrixElement>
                <DistanceMatrixElement id="VTR:DistanceMatrixElement:173588313to173588316" version="1">
                  <Name>Deltuva to Ukmergės autobusų stotis</Name>
                  <StartStopPointRef ref="VTR:ScheduledStopPoint:2310002" version="1"/>
                  <EndStopPointRef ref="VTR:ScheduledStopPoint:2310001" version="1"/>
                  <prices>
                    <DistanceMatrixElementPrice id="VTR:DistanceMatrixElementPrice:173588313to173588316" version="1">
                      <Amount>0.83</Amount>
                      <DistanceMatrixElementRef ref="VTR:DistanceMatrixElement:173588313to173588316" version="1"/>
                    </DistanceMatrixElementPrice>
                  </prices>
                </DistanceMatrixElement>
                <DistanceMatrixElement id="VTR:DistanceMatrixElement:173588305to173588309" version="1">
                  <Name>Ukmergės autobusų stotis to Kreivių kryžkelė</Name>
                  <StartStopPointRef ref="VTR:ScheduledStopPoint:2309991" version="1"/>
                  <EndStopPointRef ref="VTR:ScheduledStopPoint:2309994" version="1"/>
                  <prices>
                    <DistanceMatrixElementPrice id="VTR:DistanceMatrixElementPrice:173588305to173588309" version="1">
                      <Amount>1.14</Amount>
                      <DistanceMatrixElementRef ref="VTR:DistanceMatrixElement:173588305to173588309" version="1"/>
                    </DistanceMatrixElementPrice>
                  </prices>
                </DistanceMatrixElement>
                <DistanceMatrixElement id="VTR:DistanceMatrixElement:173588307to173588309" version="1">
                  <Name>Sodai to Kreivių kryžkelė</Name>
                  <StartStopPointRef ref="VTR:ScheduledStopPoint:2309993" version="1"/>
                  <EndStopPointRef ref="VTR:ScheduledStopPoint:2309994" version="1"/>
                  <prices>
                    <DistanceMatrixElementPrice id="VTR:DistanceMatrixElementPrice:173588307to173588309" version="1">
                      <Amount>0.55</Amount>
                      <DistanceMatrixElementRef ref="VTR:DistanceMatrixElement:173588307to173588309" version="1"/>
                    </DistanceMatrixElementPrice>
                  </prices>
                </DistanceMatrixElement>
                <DistanceMatrixElement id="VTR:DistanceMatrixElement:173588311to173588315" version="1">
                  <Name>Jakutiškiai to Statikai</Name>
                  <StartStopPointRef ref="VTR:ScheduledStopPoint:2309997" version="1"/>
                  <EndStopPointRef ref="VTR:ScheduledStopPoint:2310000" version="1"/>
                  <prices>
                    <DistanceMatrixElementPrice id="VTR:DistanceMatrixElementPrice:173588311to173588315" version="1">
                      <Amount>0.89</Amount>
                      <DistanceMatrixElementRef ref="VTR:DistanceMatrixElement:173588311to173588315" version="1"/>
                    </DistanceMatrixElementPrice>
                  </prices>
                </DistanceMatrixElement>
                <DistanceMatrixElement id="VTR:DistanceMatrixElement:173588312to173588313" version="1">
                  <Name>Kreivių kryžkelė to Deltuva</Name>
                  <StartStopPointRef ref="VTR:ScheduledStopPoint:2309998" version="1"/>
                  <EndStopPointRef ref="VTR:ScheduledStopPoint:2310002" version="1"/>
                  <prices>
                    <DistanceMatrixElementPrice id="VTR:DistanceMatrixElementPrice:173588312to173588313" version="1">
                      <Amount>0.55</Amount>
                      <DistanceMatrixElementRef ref="VTR:DistanceMatrixElement:173588312to173588313" version="1"/>
                    </DistanceMatrixElementPrice>
                  </prices>
                </DistanceMatrixElement>
                <DistanceMatrixElement id="VTR:DistanceMatrixElement:173588312to173588315" version="1">
                  <Name>Kreivių kryžkelė to Statikai</Name>
                  <StartStopPointRef ref="VTR:ScheduledStopPoint:2309998" version="1"/>
                  <EndStopPointRef ref="VTR:ScheduledStopPoint:2310000" version="1"/>
                  <prices>
                    <DistanceMatrixElementPrice id="VTR:DistanceMatrixElementPrice:173588312to173588315" version="1">
                      <Amount>0.61</Amount>
                      <DistanceMatrixElementRef ref="VTR:DistanceMatrixElement:173588312to173588315" version="1"/>
                    </DistanceMatrixElementPrice>
                  </prices>
                </DistanceMatrixElement>
                <DistanceMatrixElement id="VTR:DistanceMatrixElement:173588305to173588308" version="1">
                  <Name>Ukmergės autobusų stotis to Deltuva</Name>
                  <StartStopPointRef ref="VTR:ScheduledStopPoint:2309991" version="1"/>
                  <EndStopPointRef ref="VTR:ScheduledStopPoint:2309996" version="1"/>
                  <prices>
                    <DistanceMatrixElementPrice id="VTR:DistanceMatrixElementPrice:173588305to173588308" version="1">
                      <Amount>0.83</Amount>
                      <DistanceMatrixElementRef ref="VTR:DistanceMatrixElement:173588305to173588308" version="1"/>
                    </DistanceMatrixElementPrice>
                  </prices>
                </DistanceMatrixElement>
                <DistanceMatrixElement id="VTR:DistanceMatrixElement:173588306to173588308" version="1">
                  <Name>Statikai to Deltuva</Name>
                  <StartStopPointRef ref="VTR:ScheduledStopPoint:2309992" version="1"/>
                  <EndStopPointRef ref="VTR:ScheduledStopPoint:2309996" version="1"/>
                  <prices>
                    <DistanceMatrixElementPrice id="VTR:DistanceMatrixElementPrice:173588306to173588308" version="1">
                      <Amount>0.55</Amount>
                      <DistanceMatrixElementRef ref="VTR:DistanceMatrixElement:173588306to173588308" version="1"/>
                    </DistanceMatrixElementPrice>
                  </prices>
                </DistanceMatrixElement>
                <DistanceMatrixElement id="VTR:DistanceMatrixElement:173588306to173588309" version="1">
                  <Name>Statikai to Kreivių kryžkelė</Name>
                  <StartStopPointRef ref="VTR:ScheduledStopPoint:2309992" version="1"/>
                  <EndStopPointRef ref="VTR:ScheduledStopPoint:2309994" version="1"/>
                  <prices>
                    <DistanceMatrixElementPrice id="VTR:DistanceMatrixElementPrice:173588306to173588309" version="1">
                      <Amount>0.61</Amount>
                      <DistanceMatrixElementRef ref="VTR:DistanceMatrixElement:173588306to173588309" version="1"/>
                    </DistanceMatrixElementPrice>
                  </prices>
                </DistanceMatrixElement>
                <DistanceMatrixElement id="VTR:DistanceMatrixElement:173588308to173588310" version="1">
                  <Name>Deltuva to Jakutiškiai</Name>
                  <StartStopPointRef ref="VTR:ScheduledStopPoint:2309996" version="1"/>
                  <EndStopPointRef ref="VTR:ScheduledStopPoint:2309995" version="1"/>
                  <prices>
                    <DistanceMatrixElementPrice id="VTR:DistanceMatrixElementPrice:173588308to173588310" version="1">
                      <Amount>0.59</Amount>
                      <DistanceMatrixElementRef ref="VTR:DistanceMatrixElement:173588308to173588310" version="1"/>
                    </DistanceMatrixElementPrice>
                  </prices>
                </DistanceMatrixElement>
                <DistanceMatrixElement id="VTR:DistanceMatrixElement:173588305to173588310" version="1">
                  <Name>Ukmergės autobusų stotis to Jakutiškiai</Name>
                  <StartStopPointRef ref="VTR:ScheduledStopPoint:2309991" version="1"/>
                  <EndStopPointRef ref="VTR:ScheduledStopPoint:2309995" version="1"/>
                  <prices>
                    <DistanceMatrixElementPrice id="VTR:DistanceMatrixElementPrice:173588305to173588310" version="1">
                      <Amount>1.42</Amount>
                      <DistanceMatrixElementRef ref="VTR:DistanceMatrixElement:173588305to173588310" version="1"/>
                    </DistanceMatrixElementPrice>
                  </prices>
                </DistanceMatrixElement>
                <DistanceMatrixElement id="VTR:DistanceMatrixElement:173588306to173588307" version="1">
                  <Name>Statikai to Sodai</Name>
                  <StartStopPointRef ref="VTR:ScheduledStopPoint:2309992" version="1"/>
                  <EndStopPointRef ref="VTR:ScheduledStopPoint:2309993" version="1"/>
                  <prices>
                    <DistanceMatrixElementPrice id="VTR:DistanceMatrixElementPrice:173588306to173588307" version="1">
                      <Amount>0.55</Amount>
                      <DistanceMatrixElementRef ref="VTR:DistanceMatrixElement:173588306to173588307" version="1"/>
                    </DistanceMatrixElementPrice>
                  </prices>
                </DistanceMatrixElement>
                <DistanceMatrixElement id="VTR:DistanceMatrixElement:173588313to173588314" version="1">
                  <Name>Deltuva to Sodai</Name>
                  <StartStopPointRef ref="VTR:ScheduledStopPoint:2310002" version="1"/>
                  <EndStopPointRef ref="VTR:ScheduledStopPoint:2309999" version="1"/>
                  <prices>
                    <DistanceMatrixElementPrice id="VTR:DistanceMatrixElementPrice:173588313to173588314" version="1">
                      <Amount>0.55</Amount>
                      <DistanceMatrixElementRef ref="VTR:DistanceMatrixElement:173588313to173588314" version="1"/>
                    </DistanceMatrixElementPrice>
                  </prices>
                </DistanceMatrixElement>
                <DistanceMatrixElement id="VTR:DistanceMatrixElement:173588308to173588309" version="1">
                  <Name>Deltuva to Kreivių kryžkelė</Name>
                  <StartStopPointRef ref="VTR:ScheduledStopPoint:2309996" version="1"/>
                  <EndStopPointRef ref="VTR:ScheduledStopPoint:2309994" version="1"/>
                  <prices>
                    <DistanceMatrixElementPrice id="VTR:DistanceMatrixElementPrice:173588308to173588309" version="1">
                      <Amount>0.55</Amount>
                      <DistanceMatrixElementRef ref="VTR:DistanceMatrixElement:173588308to173588309" version="1"/>
                    </DistanceMatrixElementPrice>
                  </prices>
                </DistanceMatrixElement>
                <DistanceMatrixElement id="VTR:DistanceMatrixElement:173588311to173588313" version="1">
                  <Name>Jakutiškiai to Deltuva</Name>
                  <StartStopPointRef ref="VTR:ScheduledStopPoint:2309997" version="1"/>
                  <EndStopPointRef ref="VTR:ScheduledStopPoint:2310002" version="1"/>
                  <prices>
                    <DistanceMatrixElementPrice id="VTR:DistanceMatrixElementPrice:173588311to173588313" version="1">
                      <Amount>0.59</Amount>
                      <DistanceMatrixElementRef ref="VTR:DistanceMatrixElement:173588311to173588313" version="1"/>
                    </DistanceMatrixElementPrice>
                  </prices>
                </DistanceMatrixElement>
                <DistanceMatrixElement id="VTR:DistanceMatrixElement:173588313to173588315" version="1">
                  <Name>Deltuva to Statikai</Name>
                  <StartStopPointRef ref="VTR:ScheduledStopPoint:2310002" version="1"/>
                  <EndStopPointRef ref="VTR:ScheduledStopPoint:2310000" version="1"/>
                  <prices>
                    <DistanceMatrixElementPrice id="VTR:DistanceMatrixElementPrice:173588313to173588315" version="1">
                      <Amount>0.55</Amount>
                      <DistanceMatrixElementRef ref="VTR:DistanceMatrixElement:173588313to173588315" version="1"/>
                    </DistanceMatrixElementPrice>
                  </prices>
                </DistanceMatrixElement>
                <DistanceMatrixElement id="VTR:DistanceMatrixElement:173588311to173588312" version="1">
                  <Name>Jakutiškiai to Kreivių kryžkelė</Name>
                  <StartStopPointRef ref="VTR:ScheduledStopPoint:2309997" version="1"/>
                  <EndStopPointRef ref="VTR:ScheduledStopPoint:2309998" version="1"/>
                  <prices>
                    <DistanceMatrixElementPrice id="VTR:DistanceMatrixElementPrice:173588311to173588312" version="1">
                      <Amount>0.55</Amount>
                      <DistanceMatrixElementRef ref="VTR:DistanceMatrixElement:173588311to173588312" version="1"/>
                    </DistanceMatrixElementPrice>
                  </prices>
                </DistanceMatrixElement>
                <DistanceMatrixElement id="VTR:DistanceMatrixElement:173588309to173588310" version="1">
                  <Name>Kreivių kryžkelė to Jakutiškiai</Name>
                  <StartStopPointRef ref="VTR:ScheduledStopPoint:2309994" version="1"/>
                  <EndStopPointRef ref="VTR:ScheduledStopPoint:2309995" version="1"/>
                  <prices>
                    <DistanceMatrixElementPrice id="VTR:DistanceMatrixElementPrice:173588309to173588310" version="1">
                      <Amount>0.55</Amount>
                      <DistanceMatrixElementRef ref="VTR:DistanceMatrixElement:173588309to173588310" version="1"/>
                    </DistanceMatrixElementPrice>
                  </prices>
                </DistanceMatrixElement>
              </distanceMatrixElements>
            </Tariff>
          </tariffs>
          <usageParameters>
            <FrequencyOfUse id="VTR:FrequencyOfUse:oneTrip" version="1">
              <FrequencyOfUseType>unlimited</FrequencyOfUseType>
              <MaximalFrequency>1</MaximalFrequency>
            </FrequencyOfUse>
          </usageParameters>
        </FareFrame>
      </frames>
    </CompositeFrame>
  </dataObjects>
</PublicationDelivery>
