<?xml version="1.0" encoding="UTF-8"?><PublicationDelivery xmlns="http://www.netex.org.uk/netex" xmlns:gis="http://www.opengis.net/gml/3.2" xmlns:ns2="http://www.opengis.net/gml/3.2" xmlns:ns3="http://www.siri.org.uk/siri" xmlns:xsi="http://www.w3.org/2001/XMLSchema-instance" version="1" xsi:schemaLocation="">
  <PublicationTimestamp>2022-05-07T04:05:00.275</PublicationTimestamp>
  <ParticipantRef>VTR</ParticipantRef>
  <Description>1</Description>
  <dataObjects>
    <CompositeFrame created="2022-05-07T04:05:00.275" version="1" id="VTR:CompositeFrame:1389">
      <validityConditions>
        <AvailabilityCondition version="1" id="VTR:AvailabilityCondition:1389">
          <FromDate>2015-07-09T09:25:29</FromDate>
          <ToDate>2027-12-30T00:00:00</ToDate>
        </AvailabilityCondition>
      </validityConditions>
      <codespaces>
        <Codespace id="vtr">
          <Xmlns>VTR</Xmlns>
          <XmlnsUrl>http://www.visimarsrutai.lt/</XmlnsUrl>
        </Codespace>
      </codespaces>
      <FrameDefaults>
        <DefaultLocale>
          <TimeZone>Europe/Vilnius</TimeZone>
        </DefaultLocale>
        <DefaultLocationSystem>WGS84</DefaultLocationSystem>
      </FrameDefaults>
      <frames>
        <ServiceCalendarFrame version="1" id="VTR:ServiceCalendarFrame:1389">
          <dayTypes>
            <DayType id="VTR:DayType:549" version="1">
              <properties>
                <PropertyOfDay>
                  <DaysOfWeek>Monday Tuesday Wednesday Thursday Friday</DaysOfWeek>
                </PropertyOfDay>
              </properties>
            </DayType>
          </dayTypes>
          <operatingPeriods>
            <OperatingPeriod version="1" id="VTR:OperatingPeriod:549">
              <FromDate>2015-07-01T00:00:00</FromDate>
              <ToDate>2030-08-31T00:00:00</ToDate>
            </OperatingPeriod>
          </operatingPeriods>
          <dayTypeAssignments>
            <DayTypeAssignment id="VTR:DayTypeAssignment:549_0" version="1" order="500">
              <OperatingPeriodRef ref="VTR:OperatingPeriod:549" version="1"/>
              <DayTypeRef ref="VTR:DayType:549" version="1"/>
            </DayTypeAssignment>
            <DayTypeAssignment id="VTR:DayTypeAssignment:549_896173" version="1" order="3274">
              <Date>2022-06-24</Date>
              <DayTypeRef ref="VTR:DayType:549" version="1"/>
            </DayTypeAssignment>
            <DayTypeAssignment id="VTR:DayTypeAssignment:549_947091" version="1" order="3283">
              <Date>2023-03-11</Date>
              <DayTypeRef ref="VTR:DayType:549" version="1"/>
            </DayTypeAssignment>
            <DayTypeAssignment id="VTR:DayTypeAssignment:549_882892" version="1" order="3284">
              <Date>2022-05-01</Date>
              <DayTypeRef ref="VTR:DayType:549" version="1"/>
            </DayTypeAssignment>
            <DayTypeAssignment id="VTR:DayTypeAssignment:549_936166" version="1" order="3297">
              <Date>2023-01-01</Date>
              <DayTypeRef ref="VTR:DayType:549" version="1"/>
            </DayTypeAssignment>
            <DayTypeAssignment id="VTR:DayTypeAssignment:549_932042" version="1" order="3303">
              <Date>2022-12-26</Date>
              <DayTypeRef ref="VTR:DayType:549" version="1"/>
            </DayTypeAssignment>
            <DayTypeAssignment id="VTR:DayTypeAssignment:549_954250" version="1" order="3304">
              <Date>2023-05-01</Date>
              <DayTypeRef ref="VTR:DayType:549" version="1"/>
            </DayTypeAssignment>
            <DayTypeAssignment id="VTR:DayTypeAssignment:549_902489" version="1" order="3314">
              <Date>2022-07-06</Date>
              <DayTypeRef ref="VTR:DayType:549" version="1"/>
            </DayTypeAssignment>
            <DayTypeAssignment id="VTR:DayTypeAssignment:549_942798" version="1" order="3315">
              <Date>2023-02-16</Date>
              <DayTypeRef ref="VTR:DayType:549" version="1"/>
            </DayTypeAssignment>
            <DayTypeAssignment id="VTR:DayTypeAssignment:549_909460" version="1" order="3327">
              <Date>2022-08-15</Date>
              <DayTypeRef ref="VTR:DayType:549" version="1"/>
            </DayTypeAssignment>
            <DayTypeAssignment id="VTR:DayTypeAssignment:549_932041" version="1" order="3328">
              <Date>2022-12-24</Date>
              <DayTypeRef ref="VTR:DayType:549" version="1"/>
            </DayTypeAssignment>
            <DayTypeAssignment id="VTR:DayTypeAssignment:549_932040" version="1" order="3329">
              <Date>2022-12-25</Date>
              <DayTypeRef ref="VTR:DayType:549" version="1"/>
            </DayTypeAssignment>
            <DayTypeAssignment id="VTR:DayTypeAssignment:549_926421" version="1" order="3336">
              <Date>2022-11-01</Date>
              <DayTypeRef ref="VTR:DayType:549" version="1"/>
            </DayTypeAssignment>
          </dayTypeAssignments>
        </ServiceCalendarFrame>
        <ServiceFrame id="VTR:ServiceFrame:1389" version="1">
          <Network version="0" id="VTR:Network:20"/>
          <routePoints>
            <RoutePoint version="1" id="VTR:RoutePoint:40746">
              <projections>
                <PointProjection version="1" id="VTR:PointProjection:14056">
                  <ProjectedPointRef ref="VTR:ScheduledStopPoint:40746" version="1"/>
                </PointProjection>
              </projections>
            </RoutePoint>
            <RoutePoint version="1" id="VTR:RoutePoint:40747">
              <projections>
                <PointProjection version="1" id="VTR:PointProjection:14057">
                  <ProjectedPointRef ref="VTR:ScheduledStopPoint:40747" version="1"/>
                </PointProjection>
              </projections>
            </RoutePoint>
            <RoutePoint version="1" id="VTR:RoutePoint:40748">
              <projections>
                <PointProjection version="1" id="VTR:PointProjection:14065">
                  <ProjectedPointRef ref="VTR:ScheduledStopPoint:40748" version="1"/>
                </PointProjection>
              </projections>
            </RoutePoint>
            <RoutePoint version="1" id="VTR:RoutePoint:40749">
              <projections>
                <PointProjection version="1" id="VTR:PointProjection:14066">
                  <ProjectedPointRef ref="VTR:ScheduledStopPoint:40749" version="1"/>
                </PointProjection>
              </projections>
            </RoutePoint>
            <RoutePoint version="1" id="VTR:RoutePoint:40750">
              <projections>
                <PointProjection version="1" id="VTR:PointProjection:14067">
                  <ProjectedPointRef ref="VTR:ScheduledStopPoint:40750" version="1"/>
                </PointProjection>
              </projections>
            </RoutePoint>
            <RoutePoint version="1" id="VTR:RoutePoint:50694">
              <projections>
                <PointProjection version="1" id="VTR:PointProjection:10457">
                  <ProjectedPointRef ref="VTR:ScheduledStopPoint:50694" version="1"/>
                </PointProjection>
              </projections>
            </RoutePoint>
            <RoutePoint version="1" id="VTR:RoutePoint:50695">
              <projections>
                <PointProjection version="1" id="VTR:PointProjection:10458">
                  <ProjectedPointRef ref="VTR:ScheduledStopPoint:50695" version="1"/>
                </PointProjection>
              </projections>
            </RoutePoint>
            <RoutePoint version="1" id="VTR:RoutePoint:50696">
              <projections>
                <PointProjection version="1" id="VTR:PointProjection:10459">
                  <ProjectedPointRef ref="VTR:ScheduledStopPoint:50696" version="1"/>
                </PointProjection>
              </projections>
            </RoutePoint>
            <RoutePoint version="1" id="VTR:RoutePoint:50697">
              <projections>
                <PointProjection version="1" id="VTR:PointProjection:16235">
                  <ProjectedPointRef ref="VTR:ScheduledStopPoint:50697" version="1"/>
                </PointProjection>
              </projections>
            </RoutePoint>
            <RoutePoint version="1" id="VTR:RoutePoint:50698">
              <projections>
                <PointProjection version="1" id="VTR:PointProjection:17335">
                  <ProjectedPointRef ref="VTR:ScheduledStopPoint:50698" version="1"/>
                </PointProjection>
              </projections>
            </RoutePoint>
          </routePoints>
          <routes>
            <Route version="1" id="VTR:Route:3045">
              <Name>Šiauliai - Pakruojis per Degučius</Name>
              <ShortName>Šiauliai - Pakruojis per Degučius</ShortName>
              <LineRef ref="VTR:Line:1071" version="1035"/>
              <DirectionType>inbound</DirectionType>
              <pointsInSequence>
                <PointOnRoute version="1" id="VTR:PointOnRoute:50694" order="1">
                  <RoutePointRef ref="VTR:RoutePoint:50694"/>
                </PointOnRoute>
                <PointOnRoute version="1" id="VTR:PointOnRoute:50695" order="2">
                  <RoutePointRef ref="VTR:RoutePoint:50695"/>
                </PointOnRoute>
                <PointOnRoute version="1" id="VTR:PointOnRoute:50696" order="3">
                  <RoutePointRef ref="VTR:RoutePoint:50696"/>
                </PointOnRoute>
                <PointOnRoute version="1" id="VTR:PointOnRoute:50697" order="4">
                  <RoutePointRef ref="VTR:RoutePoint:50697"/>
                </PointOnRoute>
                <PointOnRoute version="1" id="VTR:PointOnRoute:50698" order="5">
                  <RoutePointRef ref="VTR:RoutePoint:50698"/>
                </PointOnRoute>
              </pointsInSequence>
            </Route>
            <Route version="1" id="VTR:Route:2676">
              <Name>Pakruojis - Šiauliai per Degučius</Name>
              <ShortName>Pakruojis - Šiauliai per Degučius</ShortName>
              <LineRef ref="VTR:Line:1071" version="1035"/>
              <DirectionType>outbound</DirectionType>
              <pointsInSequence>
                <PointOnRoute version="1" id="VTR:PointOnRoute:40746" order="1">
                  <RoutePointRef ref="VTR:RoutePoint:40746"/>
                </PointOnRoute>
                <PointOnRoute version="1" id="VTR:PointOnRoute:40747" order="2">
                  <RoutePointRef ref="VTR:RoutePoint:40747"/>
                </PointOnRoute>
                <PointOnRoute version="1" id="VTR:PointOnRoute:40748" order="3">
                  <RoutePointRef ref="VTR:RoutePoint:40748"/>
                </PointOnRoute>
                <PointOnRoute version="1" id="VTR:PointOnRoute:40749" order="4">
                  <RoutePointRef ref="VTR:RoutePoint:40749"/>
                </PointOnRoute>
                <PointOnRoute version="1" id="VTR:PointOnRoute:40750" order="5">
                  <RoutePointRef ref="VTR:RoutePoint:40750"/>
                </PointOnRoute>
              </pointsInSequence>
            </Route>
          </routes>
          <lines>
            <Line version="1035" id="VTR:Line:1071">
              <Name>Pakruojis - Šiauliai per Degučius</Name>
              <TransportMode>bus</TransportMode>
              <TransportSubmode>
                <BusSubmode>regionalBus</BusSubmode>
              </TransportSubmode>
              <PublicCode>83</PublicCode>
              <OperatorRef ref="VTR:Operator:20"/>
            </Line>
          </lines>
          <scheduledStopPoints>
            <ScheduledStopPoint version="1" id="VTR:ScheduledStopPoint:40746">
              <Name>Pakruojo autobusų stotis</Name>
            </ScheduledStopPoint>
            <ScheduledStopPoint version="1" id="VTR:ScheduledStopPoint:40747">
              <Name>Poškėčiai</Name>
            </ScheduledStopPoint>
            <ScheduledStopPoint version="1" id="VTR:ScheduledStopPoint:40748">
              <Name>Degučiai</Name>
            </ScheduledStopPoint>
            <ScheduledStopPoint version="1" id="VTR:ScheduledStopPoint:40749">
              <Name>Žeimiai</Name>
            </ScheduledStopPoint>
            <ScheduledStopPoint version="1" id="VTR:ScheduledStopPoint:40750">
              <Name>Šiaulių autobusų stotis</Name>
            </ScheduledStopPoint>
            <ScheduledStopPoint version="1" id="VTR:ScheduledStopPoint:50694">
              <Name>Šiaulių autobusų stotis</Name>
            </ScheduledStopPoint>
            <ScheduledStopPoint version="1" id="VTR:ScheduledStopPoint:50695">
              <Name>Žeimiai</Name>
            </ScheduledStopPoint>
            <ScheduledStopPoint version="1" id="VTR:ScheduledStopPoint:50696">
              <Name>Degučiai</Name>
            </ScheduledStopPoint>
            <ScheduledStopPoint version="1" id="VTR:ScheduledStopPoint:50697">
              <Name>Poškėčiai</Name>
            </ScheduledStopPoint>
            <ScheduledStopPoint version="1" id="VTR:ScheduledStopPoint:50698">
              <Name>Pakruojo autobusų stotis</Name>
            </ScheduledStopPoint>
          </scheduledStopPoints>
          <serviceLinks>
            <ServiceLink id="VTR:ServiceLink:50696_1_50697_1" version="1">
              <Distance>11</Distance>
              <FromPointRef ref="VTR:ScheduledStopPoint:50696" version="1"/>
              <ToPointRef ref="VTR:ScheduledStopPoint:50697" version="1"/>
            </ServiceLink>
            <ServiceLink id="VTR:ServiceLink:50697_1_50698_1" version="1">
              <Distance>6</Distance>
              <FromPointRef ref="VTR:ScheduledStopPoint:50697" version="1"/>
              <ToPointRef ref="VTR:ScheduledStopPoint:50698" version="1"/>
            </ServiceLink>
            <ServiceLink id="VTR:ServiceLink:50695_1_50696_1" version="1">
              <Distance>10</Distance>
              <FromPointRef ref="VTR:ScheduledStopPoint:50695" version="1"/>
              <ToPointRef ref="VTR:ScheduledStopPoint:50696" version="1"/>
            </ServiceLink>
            <ServiceLink id="VTR:ServiceLink:40746_1_40747_1" version="1">
              <Distance>6</Distance>
              <FromPointRef ref="VTR:ScheduledStopPoint:40746" version="1"/>
              <ToPointRef ref="VTR:ScheduledStopPoint:40747" version="1"/>
            </ServiceLink>
            <ServiceLink id="VTR:ServiceLink:50694_1_50695_1" version="1">
              <Distance>10</Distance>
              <FromPointRef ref="VTR:ScheduledStopPoint:50694" version="1"/>
              <ToPointRef ref="VTR:ScheduledStopPoint:50695" version="1"/>
            </ServiceLink>
            <ServiceLink id="VTR:ServiceLink:40747_1_40748_1" version="1">
              <Distance>11</Distance>
              <FromPointRef ref="VTR:ScheduledStopPoint:40747" version="1"/>
              <ToPointRef ref="VTR:ScheduledStopPoint:40748" version="1"/>
            </ServiceLink>
            <ServiceLink id="VTR:ServiceLink:40749_1_40750_1" version="1">
              <Distance>8</Distance>
              <FromPointRef ref="VTR:ScheduledStopPoint:40749" version="1"/>
              <ToPointRef ref="VTR:ScheduledStopPoint:40750" version="1"/>
            </ServiceLink>
            <ServiceLink id="VTR:ServiceLink:40748_1_40749_1" version="1">
              <Distance>11</Distance>
              <FromPointRef ref="VTR:ScheduledStopPoint:40748" version="1"/>
              <ToPointRef ref="VTR:ScheduledStopPoint:40749" version="1"/>
            </ServiceLink>
          </serviceLinks>
          <stopAssignments>
            <PassengerStopAssignment order="267600000" id="VTR:PassengerStopAssignment:40746" version="1">
              <ScheduledStopPointRef ref="VTR:ScheduledStopPoint:40746" version="1"/>
              <QuayRef ref="VTR:Quay:19461"/>
            </PassengerStopAssignment>
            <PassengerStopAssignment order="267600001" id="VTR:PassengerStopAssignment:40747" version="1">
              <ScheduledStopPointRef ref="VTR:ScheduledStopPoint:40747" version="1"/>
              <QuayRef ref="VTR:Quay:7715"/>
            </PassengerStopAssignment>
            <PassengerStopAssignment order="267600002" id="VTR:PassengerStopAssignment:40748" version="1">
              <ScheduledStopPointRef ref="VTR:ScheduledStopPoint:40748" version="1"/>
              <QuayRef ref="VTR:Quay:16588"/>
            </PassengerStopAssignment>
            <PassengerStopAssignment order="267600003" id="VTR:PassengerStopAssignment:40749" version="1">
              <ScheduledStopPointRef ref="VTR:ScheduledStopPoint:40749" version="1"/>
              <QuayRef ref="VTR:Quay:13214"/>
            </PassengerStopAssignment>
            <PassengerStopAssignment order="267600004" id="VTR:PassengerStopAssignment:40750" version="1">
              <ScheduledStopPointRef ref="VTR:ScheduledStopPoint:40750" version="1"/>
              <QuayRef ref="VTR:Quay:19488"/>
            </PassengerStopAssignment>
            <PassengerStopAssignment order="304500000" id="VTR:PassengerStopAssignment:50694" version="1">
              <ScheduledStopPointRef ref="VTR:ScheduledStopPoint:50694" version="1"/>
              <QuayRef ref="VTR:Quay:19488"/>
            </PassengerStopAssignment>
            <PassengerStopAssignment order="304500001" id="VTR:PassengerStopAssignment:50695" version="1">
              <ScheduledStopPointRef ref="VTR:ScheduledStopPoint:50695" version="1"/>
              <QuayRef ref="VTR:Quay:11180"/>
            </PassengerStopAssignment>
            <PassengerStopAssignment order="304500002" id="VTR:PassengerStopAssignment:50696" version="1">
              <ScheduledStopPointRef ref="VTR:ScheduledStopPoint:50696" version="1"/>
              <QuayRef ref="VTR:Quay:15607"/>
            </PassengerStopAssignment>
            <PassengerStopAssignment order="304500003" id="VTR:PassengerStopAssignment:50697" version="1">
              <ScheduledStopPointRef ref="VTR:ScheduledStopPoint:50697" version="1"/>
              <QuayRef ref="VTR:Quay:10599"/>
            </PassengerStopAssignment>
            <PassengerStopAssignment order="304500004" id="VTR:PassengerStopAssignment:50698" version="1">
              <ScheduledStopPointRef ref="VTR:ScheduledStopPoint:50698" version="1"/>
              <QuayRef ref="VTR:Quay:19461"/>
            </PassengerStopAssignment>
          </stopAssignments>
          <journeyPatterns>
            <JourneyPattern id="VTR:JourneyPattern:43734" version="43695">
              <Name>83-2</Name>
              <RouteRef ref="VTR:Route:3045" version="1"/>
              <pointsInSequence>
                <StopPointInJourneyPattern id="VTR:StopPointInJourneyPattern:922764" version="43695" order="1">
                  <ScheduledStopPointRef ref="VTR:ScheduledStopPoint:50694"/>
                  <DestinationDisplayRef ref="VTR:DestinationDisplay:1"/>
                </StopPointInJourneyPattern>
                <StopPointInJourneyPattern id="VTR:StopPointInJourneyPattern:922765" version="43695" order="2">
                  <ScheduledStopPointRef ref="VTR:ScheduledStopPoint:50695"/>
                  <DestinationDisplayRef ref="VTR:DestinationDisplay:1"/>
                </StopPointInJourneyPattern>
                <StopPointInJourneyPattern id="VTR:StopPointInJourneyPattern:922766" version="43695" order="3">
                  <ScheduledStopPointRef ref="VTR:ScheduledStopPoint:50696"/>
                  <DestinationDisplayRef ref="VTR:DestinationDisplay:1"/>
                </StopPointInJourneyPattern>
                <StopPointInJourneyPattern id="VTR:StopPointInJourneyPattern:922767" version="43695" order="4">
                  <ScheduledStopPointRef ref="VTR:ScheduledStopPoint:50697"/>
                  <DestinationDisplayRef ref="VTR:DestinationDisplay:1"/>
                </StopPointInJourneyPattern>
                <StopPointInJourneyPattern id="VTR:StopPointInJourneyPattern:922768" version="43695" order="5">
                  <ScheduledStopPointRef ref="VTR:ScheduledStopPoint:50698"/>
                  <DestinationDisplayRef ref="VTR:DestinationDisplay:1"/>
                </StopPointInJourneyPattern>
              </pointsInSequence>
            </JourneyPattern>
            <JourneyPattern id="VTR:JourneyPattern:43720" version="43681">
              <Name>83-1</Name>
              <RouteRef ref="VTR:Route:2676" version="1"/>
              <pointsInSequence>
                <StopPointInJourneyPattern id="VTR:StopPointInJourneyPattern:922501" version="43681" order="1">
                  <ScheduledStopPointRef ref="VTR:ScheduledStopPoint:40746"/>
                  <DestinationDisplayRef ref="VTR:DestinationDisplay:1"/>
                </StopPointInJourneyPattern>
                <StopPointInJourneyPattern id="VTR:StopPointInJourneyPattern:922502" version="43681" order="2">
                  <ScheduledStopPointRef ref="VTR:ScheduledStopPoint:40747"/>
                  <DestinationDisplayRef ref="VTR:DestinationDisplay:1"/>
                </StopPointInJourneyPattern>
                <StopPointInJourneyPattern id="VTR:StopPointInJourneyPattern:922503" version="43681" order="3">
                  <ScheduledStopPointRef ref="VTR:ScheduledStopPoint:40748"/>
                  <DestinationDisplayRef ref="VTR:DestinationDisplay:1"/>
                </StopPointInJourneyPattern>
                <StopPointInJourneyPattern id="VTR:StopPointInJourneyPattern:922504" version="43681" order="4">
                  <ScheduledStopPointRef ref="VTR:ScheduledStopPoint:40749"/>
                  <DestinationDisplayRef ref="VTR:DestinationDisplay:1"/>
                </StopPointInJourneyPattern>
                <StopPointInJourneyPattern id="VTR:StopPointInJourneyPattern:922505" version="43681" order="5">
                  <ScheduledStopPointRef ref="VTR:ScheduledStopPoint:40750"/>
                  <DestinationDisplayRef ref="VTR:DestinationDisplay:1"/>
                </StopPointInJourneyPattern>
              </pointsInSequence>
            </JourneyPattern>
          </journeyPatterns>
        </ServiceFrame>
        <TimetableFrame version="1" id="VTR:TimetableFrame:1389">
          <vehicleJourneys>
            <ServiceJourney version="43695" id="VTR:ServiceJourney:43734">
              <Name>Šiauliai - Pakruojis per Degučius</Name>
              <PrivateCode>83-2</PrivateCode>
              <dayTypes>
                <DayTypeRef ref="VTR:DayType:549"/>
              </dayTypes>
              <JourneyPatternRef version="43695" ref="VTR:JourneyPattern:43734"/>
              <OperatorRef ref="VTR:Operator:117"/>
              <LineRef ref="VTR:Line:1071" version="1035"/>
              <passingTimes>
                <TimetabledPassingTime version="43695" id="VTR:TimetabledPassingTime:43734_922764_1">
                  <StopPointInJourneyPatternRef ref="VTR:StopPointInJourneyPattern:922764" version="43695"/>
                  <DepartureTime>11:50:00</DepartureTime>
                  <DepartureDayOffset>0</DepartureDayOffset>
                </TimetabledPassingTime>
                <TimetabledPassingTime version="43695" id="VTR:TimetabledPassingTime:43734_922765_2">
                  <StopPointInJourneyPatternRef ref="VTR:StopPointInJourneyPattern:922765" version="43695"/>
                  <DepartureTime>12:04:00</DepartureTime>
                  <DepartureDayOffset>0</DepartureDayOffset>
                </TimetabledPassingTime>
                <TimetabledPassingTime version="43695" id="VTR:TimetabledPassingTime:43734_922766_3">
                  <StopPointInJourneyPatternRef ref="VTR:StopPointInJourneyPattern:922766" version="43695"/>
                  <DepartureTime>12:15:00</DepartureTime>
                  <DepartureDayOffset>0</DepartureDayOffset>
                </TimetabledPassingTime>
                <TimetabledPassingTime version="43695" id="VTR:TimetabledPassingTime:43734_922767_4">
                  <StopPointInJourneyPatternRef ref="VTR:StopPointInJourneyPattern:922767" version="43695"/>
                  <DepartureTime>12:27:00</DepartureTime>
                  <DepartureDayOffset>0</DepartureDayOffset>
                </TimetabledPassingTime>
                <TimetabledPassingTime version="43695" id="VTR:TimetabledPassingTime:43734_922768_5">
                  <StopPointInJourneyPatternRef ref="VTR:StopPointInJourneyPattern:922768" version="43695"/>
                  <DepartureTime>12:35:00</DepartureTime>
                  <DepartureDayOffset>0</DepartureDayOffset>
                </TimetabledPassingTime>
              </passingTimes>
            </ServiceJourney>
            <ServiceJourney version="43681" id="VTR:ServiceJourney:43720">
              <Name>Pakruojis - Šiauliai per Degučius</Name>
              <PrivateCode>83-1</PrivateCode>
              <dayTypes>
                <DayTypeRef ref="VTR:DayType:549"/>
              </dayTypes>
              <JourneyPatternRef version="43681" ref="VTR:JourneyPattern:43720"/>
              <OperatorRef ref="VTR:Operator:117"/>
              <LineRef ref="VTR:Line:1071" version="1035"/>
              <passingTimes>
                <TimetabledPassingTime version="43681" id="VTR:TimetabledPassingTime:43720_922501_1">
                  <StopPointInJourneyPatternRef ref="VTR:StopPointInJourneyPattern:922501" version="43681"/>
                  <DepartureTime>10:30:00</DepartureTime>
                  <DepartureDayOffset>0</DepartureDayOffset>
                </TimetabledPassingTime>
                <TimetabledPassingTime version="43681" id="VTR:TimetabledPassingTime:43720_922502_2">
                  <StopPointInJourneyPatternRef ref="VTR:StopPointInJourneyPattern:922502" version="43681"/>
                  <DepartureTime>10:38:00</DepartureTime>
                  <DepartureDayOffset>0</DepartureDayOffset>
                </TimetabledPassingTime>
                <TimetabledPassingTime version="43681" id="VTR:TimetabledPassingTime:43720_922503_3">
                  <StopPointInJourneyPatternRef ref="VTR:StopPointInJourneyPattern:922503" version="43681"/>
                  <DepartureTime>10:50:00</DepartureTime>
                  <DepartureDayOffset>0</DepartureDayOffset>
                </TimetabledPassingTime>
                <TimetabledPassingTime version="43681" id="VTR:TimetabledPassingTime:43720_922504_4">
                  <StopPointInJourneyPatternRef ref="VTR:StopPointInJourneyPattern:922504" version="43681"/>
                  <DepartureTime>11:01:00</DepartureTime>
                  <DepartureDayOffset>0</DepartureDayOffset>
                </TimetabledPassingTime>
                <TimetabledPassingTime version="43681" id="VTR:TimetabledPassingTime:43720_922505_5">
                  <StopPointInJourneyPatternRef ref="VTR:StopPointInJourneyPattern:922505" version="43681"/>
                  <DepartureTime>11:15:00</DepartureTime>
                  <DepartureDayOffset>0</DepartureDayOffset>
                </TimetabledPassingTime>
              </passingTimes>
            </ServiceJourney>
          </vehicleJourneys>
        </TimetableFrame>
        <ResourceFrame version="1" id="VTR:ResourceFrame:1389">
          <organisations>
            <Authority version="1" id="VTR:Authority:20">
              <CompanyNumber>65</CompanyNumber>
              <Name>Pakruojo r. sav.</Name>
              <LegalName>Pakruojo r. sav.</LegalName>
              <ContactDetails>
                <Email>savivaldybe@pakruojis.lt</Email>
                <Phone>842169090</Phone>
                <Url>www.pakruojis.lt</Url>
              </ContactDetails>
              <OrganisationType>authority</OrganisationType>
            </Authority>
          </organisations>
        </ResourceFrame>
        <FareFrame id="VTR:FareFrame:1071" version="1">
          <FrameDefaults>
            <DefaultCurrency>EUR</DefaultCurrency>
          </FrameDefaults>
          <fareStructureElements>
            <FareStructureElement id="VTR:FareStructureElement:pricematrix" version="1">
              <distanceMatrixElements>
                <DistanceMatrixElementRef ref="VTR:DistanceMatrixElement:922501to922503" version="1"/>
                <DistanceMatrixElementRef ref="VTR:DistanceMatrixElement:922503to922504" version="1"/>
                <DistanceMatrixElementRef ref="VTR:DistanceMatrixElement:922765to922768" version="1"/>
                <DistanceMatrixElementRef ref="VTR:DistanceMatrixElement:922502to922505" version="1"/>
                <DistanceMatrixElementRef ref="VTR:DistanceMatrixElement:922764to922766" version="1"/>
                <DistanceMatrixElementRef ref="VTR:DistanceMatrixElement:922766to922767" version="1"/>
                <DistanceMatrixElementRef ref="VTR:DistanceMatrixElement:922503to922505" version="1"/>
                <DistanceMatrixElementRef ref="VTR:DistanceMatrixElement:922501to922505" version="1"/>
                <DistanceMatrixElementRef ref="VTR:DistanceMatrixElement:922501to922502" version="1"/>
                <DistanceMatrixElementRef ref="VTR:DistanceMatrixElement:922501to922504" version="1"/>
                <DistanceMatrixElementRef ref="VTR:DistanceMatrixElement:922502to922504" version="1"/>
                <DistanceMatrixElementRef ref="VTR:DistanceMatrixElement:922764to922767" version="1"/>
                <DistanceMatrixElementRef ref="VTR:DistanceMatrixElement:922764to922768" version="1"/>
                <DistanceMatrixElementRef ref="VTR:DistanceMatrixElement:922765to922766" version="1"/>
                <DistanceMatrixElementRef ref="VTR:DistanceMatrixElement:922504to922505" version="1"/>
                <DistanceMatrixElementRef ref="VTR:DistanceMatrixElement:922764to922765" version="1"/>
                <DistanceMatrixElementRef ref="VTR:DistanceMatrixElement:922766to922768" version="1"/>
                <DistanceMatrixElementRef ref="VTR:DistanceMatrixElement:922767to922768" version="1"/>
                <DistanceMatrixElementRef ref="VTR:DistanceMatrixElement:922502to922503" version="1"/>
                <DistanceMatrixElementRef ref="VTR:DistanceMatrixElement:922765to922767" version="1"/>
              </distanceMatrixElements>
            </FareStructureElement>
          </fareStructureElements>
          <tariffs>
            <Tariff id="VTR:Tariff:pointToPointInSeparateJourney_1071" version="1">
              <Name>Point to point tariff</Name>
              <distanceMatrixElements>
                <DistanceMatrixElement id="VTR:DistanceMatrixElement:922501to922503" version="1">
                  <Name>Pakruojo autobusų stotis to Degučiai</Name>
                  <StartStopPointRef ref="VTR:ScheduledStopPoint:40746" version="1"/>
                  <EndStopPointRef ref="VTR:ScheduledStopPoint:40748" version="1"/>
                  <prices>
                    <DistanceMatrixElementPrice id="VTR:DistanceMatrixElementPrice:922501to922503" version="1">
                      <Amount>1.12</Amount>
                      <DistanceMatrixElementRef ref="VTR:DistanceMatrixElement:922501to922503" version="1"/>
                    </DistanceMatrixElementPrice>
                  </prices>
                </DistanceMatrixElement>
                <DistanceMatrixElement id="VTR:DistanceMatrixElement:922503to922504" version="1">
                  <Name>Degučiai to Žeimiai</Name>
                  <StartStopPointRef ref="VTR:ScheduledStopPoint:40748" version="1"/>
                  <EndStopPointRef ref="VTR:ScheduledStopPoint:40749" version="1"/>
                  <prices>
                    <DistanceMatrixElementPrice id="VTR:DistanceMatrixElementPrice:922503to922504" version="1">
                      <Amount>0.66</Amount>
                      <DistanceMatrixElementRef ref="VTR:DistanceMatrixElement:922503to922504" version="1"/>
                    </DistanceMatrixElementPrice>
                  </prices>
                </DistanceMatrixElement>
                <DistanceMatrixElement id="VTR:DistanceMatrixElement:922765to922768" version="1">
                  <Name>Žeimiai to Pakruojo autobusų stotis</Name>
                  <StartStopPointRef ref="VTR:ScheduledStopPoint:50695" version="1"/>
                  <EndStopPointRef ref="VTR:ScheduledStopPoint:50698" version="1"/>
                  <prices>
                    <DistanceMatrixElementPrice id="VTR:DistanceMatrixElementPrice:922765to922768" version="1">
                      <Amount>1.78</Amount>
                      <DistanceMatrixElementRef ref="VTR:DistanceMatrixElement:922765to922768" version="1"/>
                    </DistanceMatrixElementPrice>
                  </prices>
                </DistanceMatrixElement>
                <DistanceMatrixElement id="VTR:DistanceMatrixElement:922502to922505" version="1">
                  <Name>Poškėčiai to Šiaulių autobusų stotis</Name>
                  <StartStopPointRef ref="VTR:ScheduledStopPoint:40747" version="1"/>
                  <EndStopPointRef ref="VTR:ScheduledStopPoint:40750" version="1"/>
                  <prices>
                    <DistanceMatrixElementPrice id="VTR:DistanceMatrixElementPrice:922502to922505" version="1">
                      <Amount>1.94</Amount>
                      <DistanceMatrixElementRef ref="VTR:DistanceMatrixElement:922502to922505" version="1"/>
                    </DistanceMatrixElementPrice>
                  </prices>
                </DistanceMatrixElement>
                <DistanceMatrixElement id="VTR:DistanceMatrixElement:922764to922766" version="1">
                  <Name>Šiaulių autobusų stotis to Degučiai</Name>
                  <StartStopPointRef ref="VTR:ScheduledStopPoint:50694" version="1"/>
                  <EndStopPointRef ref="VTR:ScheduledStopPoint:50696" version="1"/>
                  <prices>
                    <DistanceMatrixElementPrice id="VTR:DistanceMatrixElementPrice:922764to922766" version="1">
                      <Amount>1.24</Amount>
                      <DistanceMatrixElementRef ref="VTR:DistanceMatrixElement:922764to922766" version="1"/>
                    </DistanceMatrixElementPrice>
                  </prices>
                </DistanceMatrixElement>
                <DistanceMatrixElement id="VTR:DistanceMatrixElement:922766to922767" version="1">
                  <Name>Degučiai to Poškėčiai</Name>
                  <StartStopPointRef ref="VTR:ScheduledStopPoint:50696" version="1"/>
                  <EndStopPointRef ref="VTR:ScheduledStopPoint:50697" version="1"/>
                  <prices>
                    <DistanceMatrixElementPrice id="VTR:DistanceMatrixElementPrice:922766to922767" version="1">
                      <Amount>0.7</Amount>
                      <DistanceMatrixElementRef ref="VTR:DistanceMatrixElement:922766to922767" version="1"/>
                    </DistanceMatrixElementPrice>
                  </prices>
                </DistanceMatrixElement>
                <DistanceMatrixElement id="VTR:DistanceMatrixElement:922503to922505" version="1">
                  <Name>Degučiai to Šiaulių autobusų stotis</Name>
                  <StartStopPointRef ref="VTR:ScheduledStopPoint:40748" version="1"/>
                  <EndStopPointRef ref="VTR:ScheduledStopPoint:40750" version="1"/>
                  <prices>
                    <DistanceMatrixElementPrice id="VTR:DistanceMatrixElementPrice:922503to922505" version="1">
                      <Amount>1.24</Amount>
                      <DistanceMatrixElementRef ref="VTR:DistanceMatrixElement:922503to922505" version="1"/>
                    </DistanceMatrixElementPrice>
                  </prices>
                </DistanceMatrixElement>
                <DistanceMatrixElement id="VTR:DistanceMatrixElement:922501to922505" version="1">
                  <Name>Pakruojo autobusų stotis to Šiaulių autobusų stotis</Name>
                  <StartStopPointRef ref="VTR:ScheduledStopPoint:40746" version="1"/>
                  <EndStopPointRef ref="VTR:ScheduledStopPoint:40750" version="1"/>
                  <prices>
                    <DistanceMatrixElementPrice id="VTR:DistanceMatrixElementPrice:922501to922505" version="1">
                      <Amount>3.4</Amount>
                      <DistanceMatrixElementRef ref="VTR:DistanceMatrixElement:922501to922505" version="1"/>
                    </DistanceMatrixElementPrice>
                  </prices>
                </DistanceMatrixElement>
                <DistanceMatrixElement id="VTR:DistanceMatrixElement:922501to922502" version="1">
                  <Name>Pakruojo autobusų stotis to Poškėčiai</Name>
                  <StartStopPointRef ref="VTR:ScheduledStopPoint:40746" version="1"/>
                  <EndStopPointRef ref="VTR:ScheduledStopPoint:40747" version="1"/>
                  <prices>
                    <DistanceMatrixElementPrice id="VTR:DistanceMatrixElementPrice:922501to922502" version="1">
                      <Amount>0.44</Amount>
                      <DistanceMatrixElementRef ref="VTR:DistanceMatrixElement:922501to922502" version="1"/>
                    </DistanceMatrixElementPrice>
                  </prices>
                </DistanceMatrixElement>
                <DistanceMatrixElement id="VTR:DistanceMatrixElement:922501to922504" version="1">
                  <Name>Pakruojo autobusų stotis to Žeimiai</Name>
                  <StartStopPointRef ref="VTR:ScheduledStopPoint:40746" version="1"/>
                  <EndStopPointRef ref="VTR:ScheduledStopPoint:40749" version="1"/>
                  <prices>
                    <DistanceMatrixElementPrice id="VTR:DistanceMatrixElementPrice:922501to922504" version="1">
                      <Amount>1.78</Amount>
                      <DistanceMatrixElementRef ref="VTR:DistanceMatrixElement:922501to922504" version="1"/>
                    </DistanceMatrixElementPrice>
                  </prices>
                </DistanceMatrixElement>
                <DistanceMatrixElement id="VTR:DistanceMatrixElement:922502to922504" version="1">
                  <Name>Poškėčiai to Žeimiai</Name>
                  <StartStopPointRef ref="VTR:ScheduledStopPoint:40747" version="1"/>
                  <EndStopPointRef ref="VTR:ScheduledStopPoint:40749" version="1"/>
                  <prices>
                    <DistanceMatrixElementPrice id="VTR:DistanceMatrixElementPrice:922502to922504" version="1">
                      <Amount>1.36</Amount>
                      <DistanceMatrixElementRef ref="VTR:DistanceMatrixElement:922502to922504" version="1"/>
                    </DistanceMatrixElementPrice>
                  </prices>
                </DistanceMatrixElement>
                <DistanceMatrixElement id="VTR:DistanceMatrixElement:922764to922767" version="1">
                  <Name>Šiaulių autobusų stotis to Poškėčiai</Name>
                  <StartStopPointRef ref="VTR:ScheduledStopPoint:50694" version="1"/>
                  <EndStopPointRef ref="VTR:ScheduledStopPoint:50697" version="1"/>
                  <prices>
                    <DistanceMatrixElementPrice id="VTR:DistanceMatrixElementPrice:922764to922767" version="1">
                      <Amount>1.94</Amount>
                      <DistanceMatrixElementRef ref="VTR:DistanceMatrixElement:922764to922767" version="1"/>
                    </DistanceMatrixElementPrice>
                  </prices>
                </DistanceMatrixElement>
                <DistanceMatrixElement id="VTR:DistanceMatrixElement:922764to922768" version="1">
                  <Name>Šiaulių autobusų stotis to Pakruojo autobusų stotis</Name>
                  <StartStopPointRef ref="VTR:ScheduledStopPoint:50694" version="1"/>
                  <EndStopPointRef ref="VTR:ScheduledStopPoint:50698" version="1"/>
                  <prices>
                    <DistanceMatrixElementPrice id="VTR:DistanceMatrixElementPrice:922764to922768" version="1">
                      <Amount>3.4</Amount>
                      <DistanceMatrixElementRef ref="VTR:DistanceMatrixElement:922764to922768" version="1"/>
                    </DistanceMatrixElementPrice>
                  </prices>
                </DistanceMatrixElement>
                <DistanceMatrixElement id="VTR:DistanceMatrixElement:922765to922766" version="1">
                  <Name>Žeimiai to Degučiai</Name>
                  <StartStopPointRef ref="VTR:ScheduledStopPoint:50695" version="1"/>
                  <EndStopPointRef ref="VTR:ScheduledStopPoint:50696" version="1"/>
                  <prices>
                    <DistanceMatrixElementPrice id="VTR:DistanceMatrixElementPrice:922765to922766" version="1">
                      <Amount>0.66</Amount>
                      <DistanceMatrixElementRef ref="VTR:DistanceMatrixElement:922765to922766" version="1"/>
                    </DistanceMatrixElementPrice>
                  </prices>
                </DistanceMatrixElement>
                <DistanceMatrixElement id="VTR:DistanceMatrixElement:922504to922505" version="1">
                  <Name>Žeimiai to Šiaulių autobusų stotis</Name>
                  <StartStopPointRef ref="VTR:ScheduledStopPoint:40749" version="1"/>
                  <EndStopPointRef ref="VTR:ScheduledStopPoint:40750" version="1"/>
                  <prices>
                    <DistanceMatrixElementPrice id="VTR:DistanceMatrixElementPrice:922504to922505" version="1">
                      <Amount>0.6</Amount>
                      <DistanceMatrixElementRef ref="VTR:DistanceMatrixElement:922504to922505" version="1"/>
                    </DistanceMatrixElementPrice>
                  </prices>
                </DistanceMatrixElement>
                <DistanceMatrixElement id="VTR:DistanceMatrixElement:922764to922765" version="1">
                  <Name>Šiaulių autobusų stotis to Žeimiai</Name>
                  <StartStopPointRef ref="VTR:ScheduledStopPoint:50694" version="1"/>
                  <EndStopPointRef ref="VTR:ScheduledStopPoint:50695" version="1"/>
                  <prices>
                    <DistanceMatrixElementPrice id="VTR:DistanceMatrixElementPrice:922764to922765" version="1">
                      <Amount>0.6</Amount>
                      <DistanceMatrixElementRef ref="VTR:DistanceMatrixElement:922764to922765" version="1"/>
                    </DistanceMatrixElementPrice>
                  </prices>
                </DistanceMatrixElement>
                <DistanceMatrixElement id="VTR:DistanceMatrixElement:922766to922768" version="1">
                  <Name>Degučiai to Pakruojo autobusų stotis</Name>
                  <StartStopPointRef ref="VTR:ScheduledStopPoint:50696" version="1"/>
                  <EndStopPointRef ref="VTR:ScheduledStopPoint:50698" version="1"/>
                  <prices>
                    <DistanceMatrixElementPrice id="VTR:DistanceMatrixElementPrice:922766to922768" version="1">
                      <Amount>1.12</Amount>
                      <DistanceMatrixElementRef ref="VTR:DistanceMatrixElement:922766to922768" version="1"/>
                    </DistanceMatrixElementPrice>
                  </prices>
                </DistanceMatrixElement>
                <DistanceMatrixElement id="VTR:DistanceMatrixElement:922767to922768" version="1">
                  <Name>Poškėčiai to Pakruojo autobusų stotis</Name>
                  <StartStopPointRef ref="VTR:ScheduledStopPoint:50697" version="1"/>
                  <EndStopPointRef ref="VTR:ScheduledStopPoint:50698" version="1"/>
                  <prices>
                    <DistanceMatrixElementPrice id="VTR:DistanceMatrixElementPrice:922767to922768" version="1">
                      <Amount>0.44</Amount>
                      <DistanceMatrixElementRef ref="VTR:DistanceMatrixElement:922767to922768" version="1"/>
                    </DistanceMatrixElementPrice>
                  </prices>
                </DistanceMatrixElement>
                <DistanceMatrixElement id="VTR:DistanceMatrixElement:922502to922503" version="1">
                  <Name>Poškėčiai to Degučiai</Name>
                  <StartStopPointRef ref="VTR:ScheduledStopPoint:40747" version="1"/>
                  <EndStopPointRef ref="VTR:ScheduledStopPoint:40748" version="1"/>
                  <prices>
                    <DistanceMatrixElementPrice id="VTR:DistanceMatrixElementPrice:922502to922503" version="1">
                      <Amount>0.7</Amount>
                      <DistanceMatrixElementRef ref="VTR:DistanceMatrixElement:922502to922503" version="1"/>
                    </DistanceMatrixElementPrice>
                  </prices>
                </DistanceMatrixElement>
                <DistanceMatrixElement id="VTR:DistanceMatrixElement:922765to922767" version="1">
                  <Name>Žeimiai to Poškėčiai</Name>
                  <StartStopPointRef ref="VTR:ScheduledStopPoint:50695" version="1"/>
                  <EndStopPointRef ref="VTR:ScheduledStopPoint:50697" version="1"/>
                  <prices>
                    <DistanceMatrixElementPrice id="VTR:DistanceMatrixElementPrice:922765to922767" version="1">
                      <Amount>1.36</Amount>
                      <DistanceMatrixElementRef ref="VTR:DistanceMatrixElement:922765to922767" version="1"/>
                    </DistanceMatrixElementPrice>
                  </prices>
                </DistanceMatrixElement>
              </distanceMatrixElements>
            </Tariff>
          </tariffs>
          <usageParameters>
            <FrequencyOfUse id="VTR:FrequencyOfUse:oneTrip" version="1">
              <FrequencyOfUseType>unlimited</FrequencyOfUseType>
              <MaximalFrequency>1</MaximalFrequency>
            </FrequencyOfUse>
          </usageParameters>
        </FareFrame>
      </frames>
    </CompositeFrame>
  </dataObjects>
</PublicationDelivery>
