<?xml version="1.0" encoding="UTF-8"?><PublicationDelivery xmlns="http://www.netex.org.uk/netex" xmlns:ns2="http://www.opengis.net/gml/3.2" xmlns:ns3="http://www.siri.org.uk/siri" xmlns:xsi="http://www.w3.org/2001/XMLSchema-instance" version="1" xsi:schemaLocation="">
  <PublicationTimestamp>2022-05-07T01:40:00.242</PublicationTimestamp>
  <ParticipantRef>VTR</ParticipantRef>
  <dataObjects>
    <SiteFrame modification="new" version="1" id="VTR:SiteFrame:1361">
      <FrameDefaults>
        <DefaultLocale>
          <TimeZone>Europe/Vilnius</TimeZone>
        </DefaultLocale>
        <DefaultLocationSystem>WGS84</DefaultLocationSystem>
      </FrameDefaults>
      <stopPlaces>
        <StopPlace created="2015-06-05T17:44:52" changed="2017-11-22T16:28:59" modification="revise" version="19476" id="VTR:StopPlaceElement:19460">
          <ValidBetween>
            <FromDate>2017-11-22T16:28:59</FromDate>
          </ValidBetween>
          <keyList>
            <KeyValue>
              <Key>DATA_SOURCE_TYPE</Key>
              <Value>LAKIS</Value>
            </KeyValue>
          </keyList>
          <Name lang="lt">Nidos autobusų stotis</Name>
          <Centroid>
            <Location>
              <Longitude>21.007487</Longitude>
              <Latitude>55.304188</Latitude>
            </Location>
          </Centroid>
          <TransportMode>bus</TransportMode>
          <StopPlaceType>busStation</StopPlaceType>
          <Weighting>interchangeAllowed</Weighting>
          <quays>
            <Quay modification="revise" version="19476" id="VTR:Quay:19460">
              <Centroid>
                <Location>
                  <Longitude>21.007487</Longitude>
                  <Latitude>55.304188</Latitude>
                </Location>
              </Centroid>
            </Quay>
          </quays>
        </StopPlace>
        <StopPlace created="2015-09-09T10:29:28" changed="2015-10-20T11:00:32" modification="revise" version="22229" id="VTR:StopPlaceElement:22246">
          <ValidBetween>
            <FromDate>2015-10-20T11:00:32</FromDate>
          </ValidBetween>
          <keyList>
            <KeyValue>
              <Key>DATA_SOURCE_TYPE</Key>
              <Value>VINTRA</Value>
            </KeyValue>
          </keyList>
          <Name lang="lt">Senoji perkėla (Smiltynė)</Name>
          <Centroid>
            <Location>
              <Longitude>21.113647</Longitude>
              <Latitude>55.705718</Latitude>
            </Location>
          </Centroid>
          <TransportMode>ferry</TransportMode>
          <StopPlaceType>ferryStop</StopPlaceType>
          <Weighting>interchangeAllowed</Weighting>
          <quays>
            <Quay modification="revise" version="22229" id="VTR:Quay:22246">
              <Centroid>
                <Location>
                  <Longitude>21.113647</Longitude>
                  <Latitude>55.705718</Latitude>
                </Location>
              </Centroid>
            </Quay>
          </quays>
        </StopPlace>
        <StopPlace created="2015-09-30T11:38:02" changed="2016-09-23T02:21:29" modification="revise" version="24129" id="VTR:StopPlaceElement:24125">
          <ValidBetween>
            <FromDate>2016-09-23T02:21:29</FromDate>
          </ValidBetween>
          <keyList>
            <KeyValue>
              <Key>DATA_SOURCE_TYPE</Key>
              <Value>VINTRA</Value>
            </KeyValue>
          </keyList>
          <Name lang="lt">G.D.Kuverto gatvės sankryža</Name>
          <Centroid>
            <Location>
              <Longitude>21.006528</Longitude>
              <Latitude>55.307596</Latitude>
            </Location>
          </Centroid>
          <TransportMode>bus</TransportMode>
          <StopPlaceType>onstreetBus</StopPlaceType>
          <Weighting>interchangeAllowed</Weighting>
          <quays>
            <Quay modification="revise" version="24129" id="VTR:Quay:24125">
              <Centroid>
                <Location>
                  <Longitude>21.006528</Longitude>
                  <Latitude>55.307596</Latitude>
                </Location>
              </Centroid>
            </Quay>
          </quays>
        </StopPlace>
        <StopPlace created="2015-09-30T11:43:07" changed="2018-08-10T17:28:55" modification="revise" version="24130" id="VTR:StopPlaceElement:24126">
          <ValidBetween>
            <FromDate>2018-08-10T17:28:55</FromDate>
          </ValidBetween>
          <keyList>
            <KeyValue>
              <Key>DATA_SOURCE_TYPE</Key>
              <Value>VINTRA</Value>
            </KeyValue>
          </keyList>
          <Name lang="lt">Tomo Mano muziejus</Name>
          <Centroid>
            <Location>
              <Longitude>21.009792</Longitude>
              <Latitude>55.311972</Latitude>
            </Location>
          </Centroid>
          <TransportMode>bus</TransportMode>
          <StopPlaceType>onstreetBus</StopPlaceType>
          <Weighting>interchangeAllowed</Weighting>
          <quays>
            <Quay modification="revise" version="24130" id="VTR:Quay:24126">
              <Centroid>
                <Location>
                  <Longitude>21.009792</Longitude>
                  <Latitude>55.311972</Latitude>
                </Location>
              </Centroid>
            </Quay>
          </quays>
        </StopPlace>
        <StopPlace created="2015-09-30T11:48:08" changed="2018-08-10T14:58:40" modification="revise" version="24131" id="VTR:StopPlaceElement:24127">
          <ValidBetween>
            <FromDate>2018-08-10T14:58:40</FromDate>
          </ValidBetween>
          <keyList>
            <KeyValue>
              <Key>DATA_SOURCE_TYPE</Key>
              <Value>VINTRA</Value>
            </KeyValue>
          </keyList>
          <Name lang="lt">Preilos gyvenvietė prie plento</Name>
          <Centroid>
            <Location>
              <Longitude>21.036138</Longitude>
              <Latitude>55.376528</Latitude>
            </Location>
          </Centroid>
          <TransportMode>bus</TransportMode>
          <StopPlaceType>onstreetBus</StopPlaceType>
          <Weighting>interchangeAllowed</Weighting>
          <quays>
            <Quay modification="revise" version="24131" id="VTR:Quay:24127">
              <Centroid>
                <Location>
                  <Longitude>21.036138</Longitude>
                  <Latitude>55.376528</Latitude>
                </Location>
              </Centroid>
            </Quay>
          </quays>
        </StopPlace>
        <StopPlace created="2015-09-30T12:00:17" changed="2018-08-10T14:58:40" modification="revise" version="24134" id="VTR:StopPlaceElement:24130">
          <ValidBetween>
            <FromDate>2018-08-10T14:58:40</FromDate>
          </ValidBetween>
          <keyList>
            <KeyValue>
              <Key>DATA_SOURCE_TYPE</Key>
              <Value>VINTRA</Value>
            </KeyValue>
          </keyList>
          <Name lang="lt">Pervalkos gyvenvietė</Name>
          <Centroid>
            <Location>
              <Longitude>21.096177</Longitude>
              <Latitude>55.414898</Latitude>
            </Location>
          </Centroid>
          <TransportMode>bus</TransportMode>
          <StopPlaceType>onstreetBus</StopPlaceType>
          <Weighting>interchangeAllowed</Weighting>
          <quays>
            <Quay modification="revise" version="24134" id="VTR:Quay:24130">
              <Centroid>
                <Location>
                  <Longitude>21.096177</Longitude>
                  <Latitude>55.414898</Latitude>
                </Location>
              </Centroid>
            </Quay>
          </quays>
        </StopPlace>
        <StopPlace created="2015-10-19T15:45:09" changed="2015-10-20T11:05:41" modification="revise" version="24391" id="VTR:StopPlaceElement:24379">
          <ValidBetween>
            <FromDate>2015-10-20T11:05:41</FromDate>
          </ValidBetween>
          <keyList>
            <KeyValue>
              <Key>DATA_SOURCE_TYPE</Key>
              <Value>VINTRA</Value>
            </KeyValue>
          </keyList>
          <Name lang="lt">Juodkrantė</Name>
          <Centroid>
            <Location>
              <Longitude>21.123011</Longitude>
              <Latitude>55.542088</Latitude>
            </Location>
          </Centroid>
          <TransportMode>ferry</TransportMode>
          <StopPlaceType>ferryStop</StopPlaceType>
          <Weighting>interchangeAllowed</Weighting>
          <quays>
            <Quay modification="revise" version="24391" id="VTR:Quay:24379">
              <Centroid>
                <Location>
                  <Longitude>21.123011</Longitude>
                  <Latitude>55.542088</Latitude>
                </Location>
              </Centroid>
            </Quay>
          </quays>
        </StopPlace>
        <StopPlace created="2015-10-29T13:10:35" changed="2018-08-10T14:58:40" modification="revise" version="24486" id="VTR:StopPlaceElement:24474">
          <ValidBetween>
            <FromDate>2018-08-10T14:58:40</FromDate>
          </ValidBetween>
          <keyList>
            <KeyValue>
              <Key>DATA_SOURCE_TYPE</Key>
              <Value>VINTRA</Value>
            </KeyValue>
          </keyList>
          <Name lang="lt">G.D.Kuverto plento sankryža</Name>
          <Centroid>
            <Location>
              <Longitude>20.990995</Longitude>
              <Latitude>55.312701</Latitude>
            </Location>
          </Centroid>
          <TransportMode>bus</TransportMode>
          <StopPlaceType>onstreetBus</StopPlaceType>
          <Weighting>interchangeAllowed</Weighting>
          <quays>
            <Quay modification="revise" version="24486" id="VTR:Quay:24474">
              <Centroid>
                <Location>
                  <Longitude>20.990995</Longitude>
                  <Latitude>55.312701</Latitude>
                </Location>
              </Centroid>
            </Quay>
          </quays>
        </StopPlace>
        <StopPlace created="2015-10-29T13:13:36" changed="2018-08-10T15:22:59" modification="revise" version="24487" id="VTR:StopPlaceElement:24475">
          <ValidBetween>
            <FromDate>2018-08-10T15:22:59</FromDate>
          </ValidBetween>
          <keyList>
            <KeyValue>
              <Key>DATA_SOURCE_TYPE</Key>
              <Value>VINTRA</Value>
            </KeyValue>
          </keyList>
          <Name lang="lt">T. Mano muziejus</Name>
          <Centroid>
            <Location>
              <Longitude>21.010103</Longitude>
              <Latitude>55.312349</Latitude>
            </Location>
          </Centroid>
          <TransportMode>bus</TransportMode>
          <StopPlaceType>onstreetBus</StopPlaceType>
          <Weighting>interchangeAllowed</Weighting>
          <quays>
            <Quay modification="revise" version="24487" id="VTR:Quay:24475">
              <Centroid>
                <Location>
                  <Longitude>21.010103</Longitude>
                  <Latitude>55.312349</Latitude>
                </Location>
              </Centroid>
            </Quay>
          </quays>
        </StopPlace>
        <StopPlace created="2015-10-29T13:21:20" changed="2018-08-10T14:58:40" modification="revise" version="24492" id="VTR:StopPlaceElement:24480">
          <ValidBetween>
            <FromDate>2018-08-10T14:58:40</FromDate>
          </ValidBetween>
          <keyList>
            <KeyValue>
              <Key>DATA_SOURCE_TYPE</Key>
              <Value>VINTRA</Value>
            </KeyValue>
          </keyList>
          <Name lang="lt">Žvejų kaimelis</Name>
          <Centroid>
            <Location>
              <Longitude>21.117262</Longitude>
              <Latitude>55.530897</Latitude>
            </Location>
          </Centroid>
          <TransportMode>bus</TransportMode>
          <StopPlaceType>onstreetBus</StopPlaceType>
          <Weighting>interchangeAllowed</Weighting>
          <quays>
            <Quay modification="revise" version="24492" id="VTR:Quay:24480">
              <Centroid>
                <Location>
                  <Longitude>21.117262</Longitude>
                  <Latitude>55.530897</Latitude>
                </Location>
              </Centroid>
            </Quay>
          </quays>
        </StopPlace>
        <StopPlace created="2015-10-29T13:22:24" changed="2018-08-10T14:58:40" modification="revise" version="24493" id="VTR:StopPlaceElement:24481">
          <ValidBetween>
            <FromDate>2018-08-10T14:58:40</FromDate>
          </ValidBetween>
          <keyList>
            <KeyValue>
              <Key>DATA_SOURCE_TYPE</Key>
              <Value>VINTRA</Value>
            </KeyValue>
          </keyList>
          <Name lang="lt">Raganų kalnas</Name>
          <Centroid>
            <Location>
              <Longitude>21.117808</Longitude>
              <Latitude>55.536046</Latitude>
            </Location>
          </Centroid>
          <TransportMode>bus</TransportMode>
          <StopPlaceType>onstreetBus</StopPlaceType>
          <Weighting>interchangeAllowed</Weighting>
          <quays>
            <Quay modification="revise" version="24493" id="VTR:Quay:24481">
              <Centroid>
                <Location>
                  <Longitude>21.117808</Longitude>
                  <Latitude>55.536046</Latitude>
                </Location>
              </Centroid>
            </Quay>
          </quays>
        </StopPlace>
        <StopPlace created="2015-10-29T13:32:17" changed="2018-08-10T16:19:49" modification="revise" version="24499" id="VTR:StopPlaceElement:24487">
          <ValidBetween>
            <FromDate>2018-08-10T16:19:49</FromDate>
          </ValidBetween>
          <keyList>
            <KeyValue>
              <Key>DATA_SOURCE_TYPE</Key>
              <Value>VINTRA</Value>
            </KeyValue>
          </keyList>
          <Name lang="lt">Raganų kalnas</Name>
          <Centroid>
            <Location>
              <Longitude>21.117519</Longitude>
              <Latitude>55.535628</Latitude>
            </Location>
          </Centroid>
          <TransportMode>bus</TransportMode>
          <StopPlaceType>onstreetBus</StopPlaceType>
          <Weighting>interchangeAllowed</Weighting>
          <quays>
            <Quay modification="revise" version="24499" id="VTR:Quay:24487">
              <Centroid>
                <Location>
                  <Longitude>21.117519</Longitude>
                  <Latitude>55.535628</Latitude>
                </Location>
              </Centroid>
            </Quay>
          </quays>
        </StopPlace>
        <StopPlace created="2015-10-29T13:33:09" changed="2018-08-10T16:19:49" modification="revise" version="24500" id="VTR:StopPlaceElement:24488">
          <ValidBetween>
            <FromDate>2018-08-10T16:19:49</FromDate>
          </ValidBetween>
          <keyList>
            <KeyValue>
              <Key>DATA_SOURCE_TYPE</Key>
              <Value>VINTRA</Value>
            </KeyValue>
          </keyList>
          <Name lang="lt">Žvejų kaimelis</Name>
          <Centroid>
            <Location>
              <Longitude>21.117006</Longitude>
              <Latitude>55.530722</Latitude>
            </Location>
          </Centroid>
          <TransportMode>bus</TransportMode>
          <StopPlaceType>onstreetBus</StopPlaceType>
          <Weighting>interchangeAllowed</Weighting>
          <quays>
            <Quay modification="revise" version="24500" id="VTR:Quay:24488">
              <Centroid>
                <Location>
                  <Longitude>21.117006</Longitude>
                  <Latitude>55.530722</Latitude>
                </Location>
              </Centroid>
            </Quay>
          </quays>
        </StopPlace>
        <StopPlace created="2015-10-29T13:34:26" changed="2018-08-10T14:58:40" modification="revise" version="24501" id="VTR:StopPlaceElement:24489">
          <ValidBetween>
            <FromDate>2018-08-10T14:58:40</FromDate>
          </ValidBetween>
          <keyList>
            <KeyValue>
              <Key>DATA_SOURCE_TYPE</Key>
              <Value>VINTRA</Value>
            </KeyValue>
          </keyList>
          <Name lang="lt">Pervalkos gyvenvietė prie plento</Name>
          <Centroid>
            <Location>
              <Longitude>21.065186</Longitude>
              <Latitude>55.419376</Latitude>
            </Location>
          </Centroid>
          <TransportMode>bus</TransportMode>
          <StopPlaceType>onstreetBus</StopPlaceType>
          <Weighting>interchangeAllowed</Weighting>
          <quays>
            <Quay modification="revise" version="24501" id="VTR:Quay:24489">
              <Centroid>
                <Location>
                  <Longitude>21.065186</Longitude>
                  <Latitude>55.419376</Latitude>
                </Location>
              </Centroid>
            </Quay>
          </quays>
        </StopPlace>
        <StopPlace created="2015-10-29T13:35:26" changed="2018-08-10T16:19:49" modification="revise" version="24502" id="VTR:StopPlaceElement:24490">
          <ValidBetween>
            <FromDate>2018-08-10T16:19:49</FromDate>
          </ValidBetween>
          <keyList>
            <KeyValue>
              <Key>DATA_SOURCE_TYPE</Key>
              <Value>VINTRA</Value>
            </KeyValue>
          </keyList>
          <Name lang="lt">Preilos gyvenvietė prie plento</Name>
          <Centroid>
            <Location>
              <Longitude>21.035922</Longitude>
              <Latitude>55.376362</Latitude>
            </Location>
          </Centroid>
          <TransportMode>bus</TransportMode>
          <StopPlaceType>onstreetBus</StopPlaceType>
          <Weighting>interchangeAllowed</Weighting>
          <quays>
            <Quay modification="revise" version="24502" id="VTR:Quay:24490">
              <Centroid>
                <Location>
                  <Longitude>21.035922</Longitude>
                  <Latitude>55.376362</Latitude>
                </Location>
              </Centroid>
            </Quay>
          </quays>
        </StopPlace>
        <StopPlace created="2018-08-10T14:47:26" changed="2018-08-10T14:58:40" modification="revise" version="34431" id="VTR:StopPlaceElement:34106">
          <ValidBetween>
            <FromDate>2018-08-10T14:58:40</FromDate>
          </ValidBetween>
          <keyList>
            <KeyValue>
              <Key>DATA_SOURCE_TYPE</Key>
              <Value>VINTRA</Value>
            </KeyValue>
          </keyList>
          <Name lang="lt">Smiltynė</Name>
          <Centroid>
            <Location>
              <Longitude>21.112392</Longitude>
              <Latitude>55.705483</Latitude>
            </Location>
          </Centroid>
          <TransportMode>bus</TransportMode>
          <StopPlaceType>onstreetBus</StopPlaceType>
          <Weighting>interchangeAllowed</Weighting>
          <quays>
            <Quay modification="revise" version="34431" id="VTR:Quay:34106">
              <Centroid>
                <Location>
                  <Longitude>21.112392</Longitude>
                  <Latitude>55.705483</Latitude>
                </Location>
              </Centroid>
            </Quay>
          </quays>
        </StopPlace>
        <StopPlace created="2015-05-25T15:25:40" changed="2021-01-22T02:15:55" modification="revise" version="4243" id="VTR:StopPlaceElement:4243">
          <ValidBetween>
            <FromDate>2021-01-22T02:15:55</FromDate>
          </ValidBetween>
          <keyList>
            <KeyValue>
              <Key>DATA_SOURCE_TYPE</Key>
              <Value>LAKIS</Value>
            </KeyValue>
          </keyList>
          <Name lang="lt">Juodkrantė</Name>
          <Centroid>
            <Location>
              <Longitude>21.121812</Longitude>
              <Latitude>55.542202</Latitude>
            </Location>
          </Centroid>
          <TransportMode>bus</TransportMode>
          <StopPlaceType>onstreetBus</StopPlaceType>
          <Weighting>interchangeAllowed</Weighting>
          <quays>
            <Quay modification="new" version="4243" id="VTR:Quay:4243">
              <Centroid>
                <Location>
                  <Longitude>21.121812</Longitude>
                  <Latitude>55.542202</Latitude>
                </Location>
              </Centroid>
            </Quay>
          </quays>
        </StopPlace>
        <StopPlace created="2015-05-25T15:25:41" changed="2019-01-05T02:16:51" modification="revise" version="4245" id="VTR:StopPlaceElement:4245">
          <ValidBetween>
            <FromDate>2019-01-05T02:16:51</FromDate>
          </ValidBetween>
          <keyList>
            <KeyValue>
              <Key>DATA_SOURCE_TYPE</Key>
              <Value>LAKIS</Value>
            </KeyValue>
          </keyList>
          <Name lang="lt">Gintaro įlanka</Name>
          <Centroid>
            <Location>
              <Longitude>21.125901</Longitude>
              <Latitude>55.552608</Latitude>
            </Location>
          </Centroid>
          <TransportMode>bus</TransportMode>
          <StopPlaceType>onstreetBus</StopPlaceType>
          <Weighting>interchangeAllowed</Weighting>
          <quays>
            <Quay modification="new" version="4245" id="VTR:Quay:4245">
              <Centroid>
                <Location>
                  <Longitude>21.125901</Longitude>
                  <Latitude>55.552608</Latitude>
                </Location>
              </Centroid>
            </Quay>
          </quays>
        </StopPlace>
        <StopPlace created="2015-05-25T15:25:56" changed="2019-01-05T02:16:51" modification="revise" version="4300" id="VTR:StopPlaceElement:4300">
          <ValidBetween>
            <FromDate>2019-01-05T02:16:51</FromDate>
          </ValidBetween>
          <keyList>
            <KeyValue>
              <Key>DATA_SOURCE_TYPE</Key>
              <Value>LAKIS</Value>
            </KeyValue>
          </keyList>
          <Name lang="lt">Pervalka</Name>
          <Centroid>
            <Location>
              <Longitude>21.064992</Longitude>
              <Latitude>55.418954</Latitude>
            </Location>
          </Centroid>
          <TransportMode>bus</TransportMode>
          <StopPlaceType>onstreetBus</StopPlaceType>
          <Weighting>interchangeAllowed</Weighting>
          <quays>
            <Quay modification="new" version="4300" id="VTR:Quay:4300">
              <Centroid>
                <Location>
                  <Longitude>21.064992</Longitude>
                  <Latitude>55.418954</Latitude>
                </Location>
              </Centroid>
            </Quay>
          </quays>
        </StopPlace>
        <StopPlace created="2015-05-25T15:25:57" changed="2019-01-05T02:16:51" modification="revise" version="4305" id="VTR:StopPlaceElement:4305">
          <ValidBetween>
            <FromDate>2019-01-05T02:16:51</FromDate>
          </ValidBetween>
          <keyList>
            <KeyValue>
              <Key>DATA_SOURCE_TYPE</Key>
              <Value>LAKIS</Value>
            </KeyValue>
          </keyList>
          <Name lang="lt">Nida</Name>
          <Centroid>
            <Location>
              <Longitude>20.98009</Longitude>
              <Latitude>55.301452</Latitude>
            </Location>
          </Centroid>
          <TransportMode>bus</TransportMode>
          <StopPlaceType>onstreetBus</StopPlaceType>
          <Weighting>interchangeAllowed</Weighting>
          <quays>
            <Quay modification="new" version="4305" id="VTR:Quay:4305">
              <Centroid>
                <Location>
                  <Longitude>20.98009</Longitude>
                  <Latitude>55.301452</Latitude>
                </Location>
              </Centroid>
            </Quay>
          </quays>
        </StopPlace>
        <StopPlace created="2015-05-25T15:25:58" changed="2021-01-22T02:15:48" modification="revise" version="4310" id="VTR:StopPlaceElement:4310">
          <ValidBetween>
            <FromDate>2021-01-22T02:15:48</FromDate>
          </ValidBetween>
          <keyList>
            <KeyValue>
              <Key>DATA_SOURCE_TYPE</Key>
              <Value>LAKIS</Value>
            </KeyValue>
          </keyList>
          <Name lang="lt">Pervalka</Name>
          <Centroid>
            <Location>
              <Longitude>21.095873</Longitude>
              <Latitude>55.414991</Latitude>
            </Location>
          </Centroid>
          <TransportMode>bus</TransportMode>
          <StopPlaceType>onstreetBus</StopPlaceType>
          <Weighting>interchangeAllowed</Weighting>
          <quays>
            <Quay modification="new" version="4310" id="VTR:Quay:4310">
              <Centroid>
                <Location>
                  <Longitude>21.095873</Longitude>
                  <Latitude>55.414991</Latitude>
                </Location>
              </Centroid>
            </Quay>
          </quays>
        </StopPlace>
        <StopPlace created="2015-05-25T15:26:12" changed="2019-01-05T02:16:52" modification="revise" version="4362" id="VTR:StopPlaceElement:4362">
          <ValidBetween>
            <FromDate>2019-01-05T02:16:52</FromDate>
          </ValidBetween>
          <keyList>
            <KeyValue>
              <Key>DATA_SOURCE_TYPE</Key>
              <Value>LAKIS</Value>
            </KeyValue>
          </keyList>
          <Name lang="lt">Gintaro įlanka</Name>
          <Centroid>
            <Location>
              <Longitude>21.125647</Longitude>
              <Latitude>55.551925</Latitude>
            </Location>
          </Centroid>
          <TransportMode>bus</TransportMode>
          <StopPlaceType>onstreetBus</StopPlaceType>
          <Weighting>interchangeAllowed</Weighting>
          <quays>
            <Quay modification="new" version="4362" id="VTR:Quay:4362">
              <Centroid>
                <Location>
                  <Longitude>21.125647</Longitude>
                  <Latitude>55.551925</Latitude>
                </Location>
              </Centroid>
            </Quay>
          </quays>
        </StopPlace>
        <StopPlace created="2015-05-25T15:26:18" changed="2019-01-05T02:16:24" modification="revise" version="4382" id="VTR:StopPlaceElement:4382">
          <ValidBetween>
            <FromDate>2019-01-05T02:16:24</FromDate>
          </ValidBetween>
          <keyList>
            <KeyValue>
              <Key>DATA_SOURCE_TYPE</Key>
              <Value>LAKIS</Value>
            </KeyValue>
          </keyList>
          <Name lang="lt">Alksnynė</Name>
          <Centroid>
            <Location>
              <Longitude>21.130351</Longitude>
              <Latitude>55.632548</Latitude>
            </Location>
          </Centroid>
          <TransportMode>bus</TransportMode>
          <StopPlaceType>onstreetBus</StopPlaceType>
          <Weighting>interchangeAllowed</Weighting>
          <quays>
            <Quay modification="new" version="4382" id="VTR:Quay:4382">
              <Centroid>
                <Location>
                  <Longitude>21.130351</Longitude>
                  <Latitude>55.632548</Latitude>
                </Location>
              </Centroid>
            </Quay>
          </quays>
        </StopPlace>
        <StopPlace created="2015-05-25T15:26:28" changed="2019-01-05T02:16:52" modification="revise" version="4419" id="VTR:StopPlaceElement:4419">
          <ValidBetween>
            <FromDate>2019-01-05T02:16:52</FromDate>
          </ValidBetween>
          <keyList>
            <KeyValue>
              <Key>DATA_SOURCE_TYPE</Key>
              <Value>LAKIS</Value>
            </KeyValue>
          </keyList>
          <Name lang="lt">Preila I</Name>
          <Centroid>
            <Location>
              <Longitude>21.036379</Longitude>
              <Latitude>55.37712</Latitude>
            </Location>
          </Centroid>
          <TransportMode>bus</TransportMode>
          <StopPlaceType>onstreetBus</StopPlaceType>
          <Weighting>interchangeAllowed</Weighting>
          <quays>
            <Quay modification="new" version="4419" id="VTR:Quay:4419">
              <Centroid>
                <Location>
                  <Longitude>21.036379</Longitude>
                  <Latitude>55.37712</Latitude>
                </Location>
              </Centroid>
            </Quay>
          </quays>
        </StopPlace>
        <StopPlace created="2015-05-25T15:41:05" changed="2019-01-05T02:16:53" modification="revise" version="6575" id="VTR:StopPlaceElement:6575">
          <ValidBetween>
            <FromDate>2019-01-05T02:16:53</FromDate>
          </ValidBetween>
          <keyList>
            <KeyValue>
              <Key>DATA_SOURCE_TYPE</Key>
              <Value>LAKIS</Value>
            </KeyValue>
          </keyList>
          <Name lang="lt">Alksnynė</Name>
          <Centroid>
            <Location>
              <Longitude>21.130353</Longitude>
              <Latitude>55.633453</Latitude>
            </Location>
          </Centroid>
          <TransportMode>bus</TransportMode>
          <StopPlaceType>onstreetBus</StopPlaceType>
          <Weighting>interchangeAllowed</Weighting>
          <quays>
            <Quay modification="new" version="6575" id="VTR:Quay:6575">
              <Centroid>
                <Location>
                  <Longitude>21.130353</Longitude>
                  <Latitude>55.633453</Latitude>
                </Location>
              </Centroid>
            </Quay>
          </quays>
        </StopPlace>
        <StopPlace created="2015-05-25T15:56:56" changed="2021-01-22T02:15:43" modification="revise" version="8204" id="VTR:StopPlaceElement:8204">
          <ValidBetween>
            <FromDate>2021-01-22T02:15:43</FromDate>
          </ValidBetween>
          <keyList>
            <KeyValue>
              <Key>DATA_SOURCE_TYPE</Key>
              <Value>LAKIS</Value>
            </KeyValue>
          </keyList>
          <Name lang="lt">Preila</Name>
          <Centroid>
            <Location>
              <Longitude>21.064105</Longitude>
              <Latitude>55.372927</Latitude>
            </Location>
          </Centroid>
          <TransportMode>bus</TransportMode>
          <StopPlaceType>onstreetBus</StopPlaceType>
          <Weighting>interchangeAllowed</Weighting>
          <quays>
            <Quay modification="new" version="8204" id="VTR:Quay:8204">
              <Centroid>
                <Location>
                  <Longitude>21.064105</Longitude>
                  <Latitude>55.372927</Latitude>
                </Location>
              </Centroid>
            </Quay>
          </quays>
        </StopPlace>
      </stopPlaces>
    </SiteFrame>
  </dataObjects>
</PublicationDelivery>
