<?xml version="1.0" encoding="UTF-8"?><PublicationDelivery xmlns="http://www.netex.org.uk/netex" xmlns:gis="http://www.opengis.net/gml/3.2" xmlns:ns2="http://www.opengis.net/gml/3.2" xmlns:ns3="http://www.siri.org.uk/siri" xmlns:xsi="http://www.w3.org/2001/XMLSchema-instance" version="1" xsi:schemaLocation="">
  <PublicationTimestamp>2022-05-07T00:10:00.413</PublicationTimestamp>
  <ParticipantRef>VTR</ParticipantRef>
  <Description>1</Description>
  <dataObjects>
    <CompositeFrame created="2022-05-07T00:10:00.413" version="1" id="VTR:CompositeFrame:1343">
      <validityConditions>
        <AvailabilityCondition version="1" id="VTR:AvailabilityCondition:1343">
          <FromDate>2016-09-27T14:13:22</FromDate>
          <ToDate>2030-12-31T00:00:00</ToDate>
        </AvailabilityCondition>
      </validityConditions>
      <codespaces>
        <Codespace id="vtr">
          <Xmlns>VTR</Xmlns>
          <XmlnsUrl>http://www.visimarsrutai.lt/</XmlnsUrl>
        </Codespace>
      </codespaces>
      <FrameDefaults>
        <DefaultLocale>
          <TimeZone>Europe/Vilnius</TimeZone>
        </DefaultLocale>
        <DefaultLocationSystem>WGS84</DefaultLocationSystem>
      </FrameDefaults>
      <frames>
        <ServiceCalendarFrame version="1" id="VTR:ServiceCalendarFrame:1343">
          <dayTypes>
            <DayType id="VTR:DayType:7604" version="1">
              <properties>
                <PropertyOfDay>
                  <DaysOfWeek>Tuesday Thursday</DaysOfWeek>
                </PropertyOfDay>
              </properties>
            </DayType>
          </dayTypes>
          <operatingPeriods>
            <OperatingPeriod version="1" id="VTR:OperatingPeriod:7604">
              <FromDate>2016-09-01T00:00:00</FromDate>
              <ToDate>2017-05-31T00:00:00</ToDate>
            </OperatingPeriod>
          </operatingPeriods>
          <dayTypeAssignments>
            <DayTypeAssignment id="VTR:DayTypeAssignment:7604_0" version="1" order="3613">
              <OperatingPeriodRef ref="VTR:OperatingPeriod:7604" version="1"/>
              <DayTypeRef ref="VTR:DayType:7604" version="1"/>
            </DayTypeAssignment>
          </dayTypeAssignments>
        </ServiceCalendarFrame>
        <ServiceFrame id="VTR:ServiceFrame:1343" version="1">
          <Network version="0" id="VTR:Network:56"/>
          <routePoints>
            <RoutePoint version="1" id="VTR:RoutePoint:466892">
              <projections>
                <PointProjection version="1" id="VTR:PointProjection:39608">
                  <ProjectedPointRef ref="VTR:ScheduledStopPoint:466892" version="1"/>
                </PointProjection>
              </projections>
            </RoutePoint>
            <RoutePoint version="1" id="VTR:RoutePoint:466893">
              <projections>
                <PointProjection version="1" id="VTR:PointProjection:39609">
                  <ProjectedPointRef ref="VTR:ScheduledStopPoint:466893" version="1"/>
                </PointProjection>
              </projections>
            </RoutePoint>
            <RoutePoint version="1" id="VTR:RoutePoint:466894">
              <projections>
                <PointProjection version="1" id="VTR:PointProjection:39610">
                  <ProjectedPointRef ref="VTR:ScheduledStopPoint:466894" version="1"/>
                </PointProjection>
              </projections>
            </RoutePoint>
            <RoutePoint version="1" id="VTR:RoutePoint:466895">
              <projections>
                <PointProjection version="1" id="VTR:PointProjection:39611">
                  <ProjectedPointRef ref="VTR:ScheduledStopPoint:466895" version="1"/>
                </PointProjection>
              </projections>
            </RoutePoint>
            <RoutePoint version="1" id="VTR:RoutePoint:466896">
              <projections>
                <PointProjection version="1" id="VTR:PointProjection:39612">
                  <ProjectedPointRef ref="VTR:ScheduledStopPoint:466896" version="1"/>
                </PointProjection>
              </projections>
            </RoutePoint>
            <RoutePoint version="1" id="VTR:RoutePoint:466897">
              <projections>
                <PointProjection version="1" id="VTR:PointProjection:39613">
                  <ProjectedPointRef ref="VTR:ScheduledStopPoint:466897" version="1"/>
                </PointProjection>
              </projections>
            </RoutePoint>
            <RoutePoint version="1" id="VTR:RoutePoint:466908">
              <projections>
                <PointProjection version="1" id="VTR:PointProjection:1865">
                  <ProjectedPointRef ref="VTR:ScheduledStopPoint:466908" version="1"/>
                </PointProjection>
              </projections>
            </RoutePoint>
            <RoutePoint version="1" id="VTR:RoutePoint:466909">
              <projections>
                <PointProjection version="1" id="VTR:PointProjection:39415">
                  <ProjectedPointRef ref="VTR:ScheduledStopPoint:466909" version="1"/>
                </PointProjection>
              </projections>
            </RoutePoint>
            <RoutePoint version="1" id="VTR:RoutePoint:466910">
              <projections>
                <PointProjection version="1" id="VTR:PointProjection:39416">
                  <ProjectedPointRef ref="VTR:ScheduledStopPoint:466910" version="1"/>
                </PointProjection>
              </projections>
            </RoutePoint>
            <RoutePoint version="1" id="VTR:RoutePoint:466911">
              <projections>
                <PointProjection version="1" id="VTR:PointProjection:39417">
                  <ProjectedPointRef ref="VTR:ScheduledStopPoint:466911" version="1"/>
                </PointProjection>
              </projections>
            </RoutePoint>
            <RoutePoint version="1" id="VTR:RoutePoint:466912">
              <projections>
                <PointProjection version="1" id="VTR:PointProjection:39418">
                  <ProjectedPointRef ref="VTR:ScheduledStopPoint:466912" version="1"/>
                </PointProjection>
              </projections>
            </RoutePoint>
            <RoutePoint version="1" id="VTR:RoutePoint:466913">
              <projections>
                <PointProjection version="1" id="VTR:PointProjection:39419">
                  <ProjectedPointRef ref="VTR:ScheduledStopPoint:466913" version="1"/>
                </PointProjection>
              </projections>
            </RoutePoint>
          </routePoints>
          <routes>
            <Route version="1" id="VTR:Route:12027">
              <Name>N. Daugėliškis - Ignalina</Name>
              <ShortName>N. Daugėliškis - Ignalina</ShortName>
              <LineRef ref="VTR:Line:4323" version="4926"/>
              <DirectionType>inbound</DirectionType>
              <pointsInSequence>
                <PointOnRoute version="1" id="VTR:PointOnRoute:466908" order="1">
                  <RoutePointRef ref="VTR:RoutePoint:466908"/>
                </PointOnRoute>
                <PointOnRoute version="1" id="VTR:PointOnRoute:466909" order="2">
                  <RoutePointRef ref="VTR:RoutePoint:466909"/>
                </PointOnRoute>
                <PointOnRoute version="1" id="VTR:PointOnRoute:466910" order="3">
                  <RoutePointRef ref="VTR:RoutePoint:466910"/>
                </PointOnRoute>
                <PointOnRoute version="1" id="VTR:PointOnRoute:466911" order="4">
                  <RoutePointRef ref="VTR:RoutePoint:466911"/>
                </PointOnRoute>
                <PointOnRoute version="1" id="VTR:PointOnRoute:466912" order="5">
                  <RoutePointRef ref="VTR:RoutePoint:466912"/>
                </PointOnRoute>
                <PointOnRoute version="1" id="VTR:PointOnRoute:466913" order="6">
                  <RoutePointRef ref="VTR:RoutePoint:466913"/>
                </PointOnRoute>
              </pointsInSequence>
            </Route>
            <Route version="1" id="VTR:Route:11795">
              <Name>Ignalina - N.Daugėliškis</Name>
              <ShortName>Ignalina - N.Daugėliškis</ShortName>
              <LineRef ref="VTR:Line:4323" version="4926"/>
              <DirectionType>outbound</DirectionType>
              <pointsInSequence>
                <PointOnRoute version="1" id="VTR:PointOnRoute:466892" order="1">
                  <RoutePointRef ref="VTR:RoutePoint:466892"/>
                </PointOnRoute>
                <PointOnRoute version="1" id="VTR:PointOnRoute:466893" order="2">
                  <RoutePointRef ref="VTR:RoutePoint:466893"/>
                </PointOnRoute>
                <PointOnRoute version="1" id="VTR:PointOnRoute:466894" order="3">
                  <RoutePointRef ref="VTR:RoutePoint:466894"/>
                </PointOnRoute>
                <PointOnRoute version="1" id="VTR:PointOnRoute:466895" order="4">
                  <RoutePointRef ref="VTR:RoutePoint:466895"/>
                </PointOnRoute>
                <PointOnRoute version="1" id="VTR:PointOnRoute:466896" order="5">
                  <RoutePointRef ref="VTR:RoutePoint:466896"/>
                </PointOnRoute>
                <PointOnRoute version="1" id="VTR:PointOnRoute:466897" order="6">
                  <RoutePointRef ref="VTR:RoutePoint:466897"/>
                </PointOnRoute>
              </pointsInSequence>
            </Route>
          </routes>
          <lines>
            <Line version="4926" id="VTR:Line:4323">
              <Name>Ignalina - N.Daugėliškis</Name>
              <TransportMode>bus</TransportMode>
              <TransportSubmode>
                <BusSubmode>regionalBus</BusSubmode>
              </TransportSubmode>
              <PublicCode>53</PublicCode>
              <OperatorRef ref="VTR:Operator:56"/>
            </Line>
          </lines>
          <scheduledStopPoints>
            <ScheduledStopPoint version="1" id="VTR:ScheduledStopPoint:466892">
              <Name>Ignalinos autobusų stotis</Name>
            </ScheduledStopPoint>
            <ScheduledStopPoint version="1" id="VTR:ScheduledStopPoint:466893">
              <Name>Ignalina</Name>
            </ScheduledStopPoint>
            <ScheduledStopPoint version="1" id="VTR:ScheduledStopPoint:466894">
              <Name>Vidiškės</Name>
            </ScheduledStopPoint>
            <ScheduledStopPoint version="1" id="VTR:ScheduledStopPoint:466895">
              <Name>Maksimonys</Name>
            </ScheduledStopPoint>
            <ScheduledStopPoint version="1" id="VTR:ScheduledStopPoint:466896">
              <Name>N.Daugėliškio g-ja</Name>
            </ScheduledStopPoint>
            <ScheduledStopPoint version="1" id="VTR:ScheduledStopPoint:466897">
              <Name>N.Daugėliškis</Name>
            </ScheduledStopPoint>
            <ScheduledStopPoint version="1" id="VTR:ScheduledStopPoint:466908">
              <Name>N.Daugėliškis</Name>
            </ScheduledStopPoint>
            <ScheduledStopPoint version="1" id="VTR:ScheduledStopPoint:466909">
              <Name>N.Daugėliškio g-ja</Name>
            </ScheduledStopPoint>
            <ScheduledStopPoint version="1" id="VTR:ScheduledStopPoint:466910">
              <Name>Maksimonys</Name>
            </ScheduledStopPoint>
            <ScheduledStopPoint version="1" id="VTR:ScheduledStopPoint:466911">
              <Name>Vidiškės</Name>
            </ScheduledStopPoint>
            <ScheduledStopPoint version="1" id="VTR:ScheduledStopPoint:466912">
              <Name>Ignalina</Name>
            </ScheduledStopPoint>
            <ScheduledStopPoint version="1" id="VTR:ScheduledStopPoint:466913">
              <Name>Ignalinos autobusų stotis</Name>
            </ScheduledStopPoint>
          </scheduledStopPoints>
          <serviceLinks>
            <ServiceLink id="VTR:ServiceLink:466912_1_466913_1" version="1">
              <Distance>1</Distance>
              <FromPointRef ref="VTR:ScheduledStopPoint:466912" version="1"/>
              <ToPointRef ref="VTR:ScheduledStopPoint:466913" version="1"/>
            </ServiceLink>
            <ServiceLink id="VTR:ServiceLink:466911_1_466912_1" version="1">
              <Distance>4</Distance>
              <FromPointRef ref="VTR:ScheduledStopPoint:466911" version="1"/>
              <ToPointRef ref="VTR:ScheduledStopPoint:466912" version="1"/>
            </ServiceLink>
            <ServiceLink id="VTR:ServiceLink:466892_1_466893_1" version="1">
              <Distance>1</Distance>
              <FromPointRef ref="VTR:ScheduledStopPoint:466892" version="1"/>
              <ToPointRef ref="VTR:ScheduledStopPoint:466893" version="1"/>
            </ServiceLink>
            <ServiceLink id="VTR:ServiceLink:466908_1_466909_1" version="1">
              <Distance>1</Distance>
              <FromPointRef ref="VTR:ScheduledStopPoint:466908" version="1"/>
              <ToPointRef ref="VTR:ScheduledStopPoint:466909" version="1"/>
            </ServiceLink>
            <ServiceLink id="VTR:ServiceLink:466909_1_466910_1" version="1">
              <Distance>3</Distance>
              <FromPointRef ref="VTR:ScheduledStopPoint:466909" version="1"/>
              <ToPointRef ref="VTR:ScheduledStopPoint:466910" version="1"/>
            </ServiceLink>
            <ServiceLink id="VTR:ServiceLink:466896_1_466897_1" version="1">
              <Distance>1</Distance>
              <FromPointRef ref="VTR:ScheduledStopPoint:466896" version="1"/>
              <ToPointRef ref="VTR:ScheduledStopPoint:466897" version="1"/>
            </ServiceLink>
            <ServiceLink id="VTR:ServiceLink:466895_1_466896_1" version="1">
              <Distance>3</Distance>
              <FromPointRef ref="VTR:ScheduledStopPoint:466895" version="1"/>
              <ToPointRef ref="VTR:ScheduledStopPoint:466896" version="1"/>
            </ServiceLink>
            <ServiceLink id="VTR:ServiceLink:466910_1_466911_1" version="1">
              <Distance>2</Distance>
              <FromPointRef ref="VTR:ScheduledStopPoint:466910" version="1"/>
              <ToPointRef ref="VTR:ScheduledStopPoint:466911" version="1"/>
            </ServiceLink>
            <ServiceLink id="VTR:ServiceLink:466894_1_466895_1" version="1">
              <Distance>2</Distance>
              <FromPointRef ref="VTR:ScheduledStopPoint:466894" version="1"/>
              <ToPointRef ref="VTR:ScheduledStopPoint:466895" version="1"/>
            </ServiceLink>
            <ServiceLink id="VTR:ServiceLink:466893_1_466894_1" version="1">
              <Distance>4</Distance>
              <FromPointRef ref="VTR:ScheduledStopPoint:466893" version="1"/>
              <ToPointRef ref="VTR:ScheduledStopPoint:466894" version="1"/>
            </ServiceLink>
          </serviceLinks>
          <stopAssignments>
            <PassengerStopAssignment order="1179500000" id="VTR:PassengerStopAssignment:466892" version="1">
              <ScheduledStopPointRef ref="VTR:ScheduledStopPoint:466892" version="1"/>
              <QuayRef ref="VTR:Quay:19453"/>
            </PassengerStopAssignment>
            <PassengerStopAssignment order="1179500001" id="VTR:PassengerStopAssignment:466893" version="1">
              <ScheduledStopPointRef ref="VTR:ScheduledStopPoint:466893" version="1"/>
              <QuayRef ref="VTR:Quay:7052"/>
            </PassengerStopAssignment>
            <PassengerStopAssignment order="1179500002" id="VTR:PassengerStopAssignment:466894" version="1">
              <ScheduledStopPointRef ref="VTR:ScheduledStopPoint:466894" version="1"/>
              <QuayRef ref="VTR:Quay:15369"/>
            </PassengerStopAssignment>
            <PassengerStopAssignment order="1179500003" id="VTR:PassengerStopAssignment:466895" version="1">
              <ScheduledStopPointRef ref="VTR:ScheduledStopPoint:466895" version="1"/>
              <QuayRef ref="VTR:Quay:11277"/>
            </PassengerStopAssignment>
            <PassengerStopAssignment order="1179500004" id="VTR:PassengerStopAssignment:466896" version="1">
              <ScheduledStopPointRef ref="VTR:ScheduledStopPoint:466896" version="1"/>
              <QuayRef ref="VTR:Quay:6431"/>
            </PassengerStopAssignment>
            <PassengerStopAssignment order="1179500005" id="VTR:PassengerStopAssignment:466897" version="1">
              <ScheduledStopPointRef ref="VTR:ScheduledStopPoint:466897" version="1"/>
              <QuayRef ref="VTR:Quay:13307"/>
            </PassengerStopAssignment>
            <PassengerStopAssignment order="1202700000" id="VTR:PassengerStopAssignment:466908" version="1">
              <ScheduledStopPointRef ref="VTR:ScheduledStopPoint:466908" version="1"/>
              <QuayRef ref="VTR:Quay:13307"/>
            </PassengerStopAssignment>
            <PassengerStopAssignment order="1202700001" id="VTR:PassengerStopAssignment:466909" version="1">
              <ScheduledStopPointRef ref="VTR:ScheduledStopPoint:466909" version="1"/>
              <QuayRef ref="VTR:Quay:7368"/>
            </PassengerStopAssignment>
            <PassengerStopAssignment order="1202700002" id="VTR:PassengerStopAssignment:466910" version="1">
              <ScheduledStopPointRef ref="VTR:ScheduledStopPoint:466910" version="1"/>
              <QuayRef ref="VTR:Quay:7312"/>
            </PassengerStopAssignment>
            <PassengerStopAssignment order="1202700003" id="VTR:PassengerStopAssignment:466911" version="1">
              <ScheduledStopPointRef ref="VTR:ScheduledStopPoint:466911" version="1"/>
              <QuayRef ref="VTR:Quay:14231"/>
            </PassengerStopAssignment>
            <PassengerStopAssignment order="1202700004" id="VTR:PassengerStopAssignment:466912" version="1">
              <ScheduledStopPointRef ref="VTR:ScheduledStopPoint:466912" version="1"/>
              <QuayRef ref="VTR:Quay:15143"/>
            </PassengerStopAssignment>
            <PassengerStopAssignment order="1202700005" id="VTR:PassengerStopAssignment:466913" version="1">
              <ScheduledStopPointRef ref="VTR:ScheduledStopPoint:466913" version="1"/>
              <QuayRef ref="VTR:Quay:19453"/>
            </PassengerStopAssignment>
          </stopAssignments>
          <journeyPatterns>
            <JourneyPattern id="VTR:JourneyPattern:823302" version="823589">
              <Name>53</Name>
              <RouteRef ref="VTR:Route:11795" version="1"/>
              <pointsInSequence>
                <StopPointInJourneyPattern id="VTR:StopPointInJourneyPattern:22250717" version="823589" order="1">
                  <ScheduledStopPointRef ref="VTR:ScheduledStopPoint:466892"/>
                  <DestinationDisplayRef ref="VTR:DestinationDisplay:1"/>
                </StopPointInJourneyPattern>
                <StopPointInJourneyPattern id="VTR:StopPointInJourneyPattern:22250718" version="823589" order="2">
                  <ScheduledStopPointRef ref="VTR:ScheduledStopPoint:466893"/>
                  <DestinationDisplayRef ref="VTR:DestinationDisplay:1"/>
                </StopPointInJourneyPattern>
                <StopPointInJourneyPattern id="VTR:StopPointInJourneyPattern:22250719" version="823589" order="3">
                  <ScheduledStopPointRef ref="VTR:ScheduledStopPoint:466894"/>
                  <DestinationDisplayRef ref="VTR:DestinationDisplay:1"/>
                </StopPointInJourneyPattern>
                <StopPointInJourneyPattern id="VTR:StopPointInJourneyPattern:22250720" version="823589" order="4">
                  <ScheduledStopPointRef ref="VTR:ScheduledStopPoint:466895"/>
                  <DestinationDisplayRef ref="VTR:DestinationDisplay:1"/>
                </StopPointInJourneyPattern>
                <StopPointInJourneyPattern id="VTR:StopPointInJourneyPattern:22250721" version="823589" order="5">
                  <ScheduledStopPointRef ref="VTR:ScheduledStopPoint:466896"/>
                  <DestinationDisplayRef ref="VTR:DestinationDisplay:1"/>
                </StopPointInJourneyPattern>
                <StopPointInJourneyPattern id="VTR:StopPointInJourneyPattern:22250722" version="823589" order="6">
                  <ScheduledStopPointRef ref="VTR:ScheduledStopPoint:466897"/>
                  <DestinationDisplayRef ref="VTR:DestinationDisplay:1"/>
                </StopPointInJourneyPattern>
              </pointsInSequence>
            </JourneyPattern>
            <JourneyPattern id="VTR:JourneyPattern:823305" version="823592">
              <Name>53-</Name>
              <RouteRef ref="VTR:Route:12027" version="1"/>
              <pointsInSequence>
                <StopPointInJourneyPattern id="VTR:StopPointInJourneyPattern:22250742" version="823592" order="1">
                  <ScheduledStopPointRef ref="VTR:ScheduledStopPoint:466908"/>
                  <DestinationDisplayRef ref="VTR:DestinationDisplay:1"/>
                </StopPointInJourneyPattern>
                <StopPointInJourneyPattern id="VTR:StopPointInJourneyPattern:22250743" version="823592" order="2">
                  <ScheduledStopPointRef ref="VTR:ScheduledStopPoint:466909"/>
                  <DestinationDisplayRef ref="VTR:DestinationDisplay:1"/>
                </StopPointInJourneyPattern>
                <StopPointInJourneyPattern id="VTR:StopPointInJourneyPattern:22250744" version="823592" order="3">
                  <ScheduledStopPointRef ref="VTR:ScheduledStopPoint:466910"/>
                  <DestinationDisplayRef ref="VTR:DestinationDisplay:1"/>
                </StopPointInJourneyPattern>
                <StopPointInJourneyPattern id="VTR:StopPointInJourneyPattern:22250745" version="823592" order="4">
                  <ScheduledStopPointRef ref="VTR:ScheduledStopPoint:466911"/>
                  <DestinationDisplayRef ref="VTR:DestinationDisplay:1"/>
                </StopPointInJourneyPattern>
                <StopPointInJourneyPattern id="VTR:StopPointInJourneyPattern:22250746" version="823592" order="5">
                  <ScheduledStopPointRef ref="VTR:ScheduledStopPoint:466912"/>
                  <DestinationDisplayRef ref="VTR:DestinationDisplay:1"/>
                </StopPointInJourneyPattern>
                <StopPointInJourneyPattern id="VTR:StopPointInJourneyPattern:22250747" version="823592" order="6">
                  <ScheduledStopPointRef ref="VTR:ScheduledStopPoint:466913"/>
                  <DestinationDisplayRef ref="VTR:DestinationDisplay:1"/>
                </StopPointInJourneyPattern>
              </pointsInSequence>
            </JourneyPattern>
          </journeyPatterns>
        </ServiceFrame>
        <TimetableFrame version="1" id="VTR:TimetableFrame:1343">
          <vehicleJourneys>
            <ServiceJourney version="823592" id="VTR:ServiceJourney:823305">
              <Name>N. Daugėliškis - Ignalina</Name>
              <PrivateCode>53-</PrivateCode>
              <dayTypes>
                <DayTypeRef ref="VTR:DayType:7604"/>
              </dayTypes>
              <JourneyPatternRef version="823592" ref="VTR:JourneyPattern:823305"/>
              <OperatorRef ref="VTR:Operator:463"/>
              <LineRef ref="VTR:Line:4323" version="4926"/>
              <passingTimes>
                <TimetabledPassingTime version="823592" id="VTR:TimetabledPassingTime:823305_22250742_1">
                  <StopPointInJourneyPatternRef ref="VTR:StopPointInJourneyPattern:22250742" version="823592"/>
                  <DepartureTime>07:55:00</DepartureTime>
                  <DepartureDayOffset>0</DepartureDayOffset>
                </TimetabledPassingTime>
                <TimetabledPassingTime version="823592" id="VTR:TimetabledPassingTime:823305_22250743_2">
                  <StopPointInJourneyPatternRef ref="VTR:StopPointInJourneyPattern:22250743" version="823592"/>
                  <DepartureTime>07:57:00</DepartureTime>
                  <DepartureDayOffset>0</DepartureDayOffset>
                </TimetabledPassingTime>
                <TimetabledPassingTime version="823592" id="VTR:TimetabledPassingTime:823305_22250744_3">
                  <StopPointInJourneyPatternRef ref="VTR:StopPointInJourneyPattern:22250744" version="823592"/>
                  <DepartureTime>08:00:00</DepartureTime>
                  <DepartureDayOffset>0</DepartureDayOffset>
                </TimetabledPassingTime>
                <TimetabledPassingTime version="823592" id="VTR:TimetabledPassingTime:823305_22250745_4">
                  <StopPointInJourneyPatternRef ref="VTR:StopPointInJourneyPattern:22250745" version="823592"/>
                  <DepartureTime>08:05:00</DepartureTime>
                  <DepartureDayOffset>0</DepartureDayOffset>
                </TimetabledPassingTime>
                <TimetabledPassingTime version="823592" id="VTR:TimetabledPassingTime:823305_22250746_5">
                  <StopPointInJourneyPatternRef ref="VTR:StopPointInJourneyPattern:22250746" version="823592"/>
                  <DepartureTime>08:10:00</DepartureTime>
                  <DepartureDayOffset>0</DepartureDayOffset>
                </TimetabledPassingTime>
                <TimetabledPassingTime version="823592" id="VTR:TimetabledPassingTime:823305_22250747_6">
                  <StopPointInJourneyPatternRef ref="VTR:StopPointInJourneyPattern:22250747" version="823592"/>
                  <DepartureTime>08:35:00</DepartureTime>
                  <DepartureDayOffset>0</DepartureDayOffset>
                </TimetabledPassingTime>
              </passingTimes>
            </ServiceJourney>
            <ServiceJourney version="823589" id="VTR:ServiceJourney:823302">
              <Name>Ignalina - N.Daugėliškis</Name>
              <PrivateCode>53</PrivateCode>
              <dayTypes>
                <DayTypeRef ref="VTR:DayType:7604"/>
              </dayTypes>
              <JourneyPatternRef version="823589" ref="VTR:JourneyPattern:823302"/>
              <OperatorRef ref="VTR:Operator:463"/>
              <LineRef ref="VTR:Line:4323" version="4926"/>
              <passingTimes>
                <TimetabledPassingTime version="823589" id="VTR:TimetabledPassingTime:823302_22250717_1">
                  <StopPointInJourneyPatternRef ref="VTR:StopPointInJourneyPattern:22250717" version="823589"/>
                  <DepartureTime>07:30:00</DepartureTime>
                  <DepartureDayOffset>0</DepartureDayOffset>
                </TimetabledPassingTime>
                <TimetabledPassingTime version="823589" id="VTR:TimetabledPassingTime:823302_22250718_2">
                  <StopPointInJourneyPatternRef ref="VTR:StopPointInJourneyPattern:22250718" version="823589"/>
                  <DepartureTime>07:35:00</DepartureTime>
                  <DepartureDayOffset>0</DepartureDayOffset>
                </TimetabledPassingTime>
                <TimetabledPassingTime version="823589" id="VTR:TimetabledPassingTime:823302_22250719_3">
                  <StopPointInJourneyPatternRef ref="VTR:StopPointInJourneyPattern:22250719" version="823589"/>
                  <DepartureTime>07:40:00</DepartureTime>
                  <DepartureDayOffset>0</DepartureDayOffset>
                </TimetabledPassingTime>
                <TimetabledPassingTime version="823589" id="VTR:TimetabledPassingTime:823302_22250720_4">
                  <StopPointInJourneyPatternRef ref="VTR:StopPointInJourneyPattern:22250720" version="823589"/>
                  <DepartureTime>07:43:00</DepartureTime>
                  <DepartureDayOffset>0</DepartureDayOffset>
                </TimetabledPassingTime>
                <TimetabledPassingTime version="823589" id="VTR:TimetabledPassingTime:823302_22250721_5">
                  <StopPointInJourneyPatternRef ref="VTR:StopPointInJourneyPattern:22250721" version="823589"/>
                  <DepartureTime>07:45:00</DepartureTime>
                  <DepartureDayOffset>0</DepartureDayOffset>
                </TimetabledPassingTime>
                <TimetabledPassingTime version="823589" id="VTR:TimetabledPassingTime:823302_22250722_6">
                  <StopPointInJourneyPatternRef ref="VTR:StopPointInJourneyPattern:22250722" version="823589"/>
                  <DepartureTime>07:50:00</DepartureTime>
                  <DepartureDayOffset>0</DepartureDayOffset>
                </TimetabledPassingTime>
              </passingTimes>
            </ServiceJourney>
          </vehicleJourneys>
        </TimetableFrame>
        <ResourceFrame version="1" id="VTR:ResourceFrame:1343">
          <organisations>
            <Authority version="1" id="VTR:Authority:56">
              <CompanyNumber>45</CompanyNumber>
              <Name>Ignalinos r. sav.</Name>
              <LegalName>Ignalinos r. sav.</LegalName>
              <ContactDetails>
                <Email>info@ignalina.lt</Email>
                <Phone>838652096</Phone>
                <Url>www.ignalina.lt</Url>
              </ContactDetails>
              <OrganisationType>authority</OrganisationType>
            </Authority>
          </organisations>
        </ResourceFrame>
        <FareFrame id="VTR:FareFrame:4323" version="1">
          <FrameDefaults>
            <DefaultCurrency>EUR</DefaultCurrency>
          </FrameDefaults>
          <fareStructureElements>
            <FareStructureElement id="VTR:FareStructureElement:pricematrix" version="1">
              <distanceMatrixElements>
                <DistanceMatrixElementRef ref="VTR:DistanceMatrixElement:22250718to22250720" version="1"/>
                <DistanceMatrixElementRef ref="VTR:DistanceMatrixElement:22250742to22250746" version="1"/>
                <DistanceMatrixElementRef ref="VTR:DistanceMatrixElement:22250742to22250747" version="1"/>
                <DistanceMatrixElementRef ref="VTR:DistanceMatrixElement:22250719to22250721" version="1"/>
                <DistanceMatrixElementRef ref="VTR:DistanceMatrixElement:22250745to22250746" version="1"/>
                <DistanceMatrixElementRef ref="VTR:DistanceMatrixElement:22250743to22250744" version="1"/>
                <DistanceMatrixElementRef ref="VTR:DistanceMatrixElement:22250743to22250746" version="1"/>
                <DistanceMatrixElementRef ref="VTR:DistanceMatrixElement:22250743to22250747" version="1"/>
                <DistanceMatrixElementRef ref="VTR:DistanceMatrixElement:22250744to22250747" version="1"/>
                <DistanceMatrixElementRef ref="VTR:DistanceMatrixElement:22250719to22250720" version="1"/>
                <DistanceMatrixElementRef ref="VTR:DistanceMatrixElement:22250717to22250722" version="1"/>
                <DistanceMatrixElementRef ref="VTR:DistanceMatrixElement:22250744to22250746" version="1"/>
                <DistanceMatrixElementRef ref="VTR:DistanceMatrixElement:22250720to22250722" version="1"/>
                <DistanceMatrixElementRef ref="VTR:DistanceMatrixElement:22250718to22250719" version="1"/>
                <DistanceMatrixElementRef ref="VTR:DistanceMatrixElement:22250721to22250722" version="1"/>
                <DistanceMatrixElementRef ref="VTR:DistanceMatrixElement:22250742to22250744" version="1"/>
                <DistanceMatrixElementRef ref="VTR:DistanceMatrixElement:22250718to22250721" version="1"/>
                <DistanceMatrixElementRef ref="VTR:DistanceMatrixElement:22250742to22250743" version="1"/>
                <DistanceMatrixElementRef ref="VTR:DistanceMatrixElement:22250720to22250721" version="1"/>
                <DistanceMatrixElementRef ref="VTR:DistanceMatrixElement:22250718to22250722" version="1"/>
                <DistanceMatrixElementRef ref="VTR:DistanceMatrixElement:22250717to22250719" version="1"/>
                <DistanceMatrixElementRef ref="VTR:DistanceMatrixElement:22250744to22250745" version="1"/>
                <DistanceMatrixElementRef ref="VTR:DistanceMatrixElement:22250719to22250722" version="1"/>
                <DistanceMatrixElementRef ref="VTR:DistanceMatrixElement:22250717to22250718" version="1"/>
                <DistanceMatrixElementRef ref="VTR:DistanceMatrixElement:22250717to22250720" version="1"/>
                <DistanceMatrixElementRef ref="VTR:DistanceMatrixElement:22250745to22250747" version="1"/>
                <DistanceMatrixElementRef ref="VTR:DistanceMatrixElement:22250746to22250747" version="1"/>
                <DistanceMatrixElementRef ref="VTR:DistanceMatrixElement:22250743to22250745" version="1"/>
                <DistanceMatrixElementRef ref="VTR:DistanceMatrixElement:22250742to22250745" version="1"/>
                <DistanceMatrixElementRef ref="VTR:DistanceMatrixElement:22250717to22250721" version="1"/>
              </distanceMatrixElements>
            </FareStructureElement>
          </fareStructureElements>
          <tariffs>
            <Tariff id="VTR:Tariff:pointToPointInSeparateJourney_4323" version="1">
              <Name>Point to point tariff</Name>
              <distanceMatrixElements>
                <DistanceMatrixElement id="VTR:DistanceMatrixElement:22250718to22250720" version="1">
                  <Name>Ignalina to Maksimonys</Name>
                  <StartStopPointRef ref="VTR:ScheduledStopPoint:466893" version="1"/>
                  <EndStopPointRef ref="VTR:ScheduledStopPoint:466895" version="1"/>
                  <prices>
                    <DistanceMatrixElementPrice id="VTR:DistanceMatrixElementPrice:22250718to22250720" version="1">
                      <Amount>0.44</Amount>
                      <DistanceMatrixElementRef ref="VTR:DistanceMatrixElement:22250718to22250720" version="1"/>
                    </DistanceMatrixElementPrice>
                  </prices>
                </DistanceMatrixElement>
                <DistanceMatrixElement id="VTR:DistanceMatrixElement:22250742to22250746" version="1">
                  <Name>N.Daugėliškis to Ignalina</Name>
                  <StartStopPointRef ref="VTR:ScheduledStopPoint:466908" version="1"/>
                  <EndStopPointRef ref="VTR:ScheduledStopPoint:466912" version="1"/>
                  <prices>
                    <DistanceMatrixElementPrice id="VTR:DistanceMatrixElementPrice:22250742to22250746" version="1">
                      <Amount>0.84</Amount>
                      <DistanceMatrixElementRef ref="VTR:DistanceMatrixElement:22250742to22250746" version="1"/>
                    </DistanceMatrixElementPrice>
                  </prices>
                </DistanceMatrixElement>
                <DistanceMatrixElement id="VTR:DistanceMatrixElement:22250742to22250747" version="1">
                  <Name>N.Daugėliškis to Ignalinos autobusų stotis</Name>
                  <StartStopPointRef ref="VTR:ScheduledStopPoint:466908" version="1"/>
                  <EndStopPointRef ref="VTR:ScheduledStopPoint:466913" version="1"/>
                  <prices>
                    <DistanceMatrixElementPrice id="VTR:DistanceMatrixElementPrice:22250742to22250747" version="1">
                      <Amount>1.13</Amount>
                      <DistanceMatrixElementRef ref="VTR:DistanceMatrixElement:22250742to22250747" version="1"/>
                    </DistanceMatrixElementPrice>
                  </prices>
                </DistanceMatrixElement>
                <DistanceMatrixElement id="VTR:DistanceMatrixElement:22250719to22250721" version="1">
                  <Name>Vidiškės to N.Daugėliškio g-ja</Name>
                  <StartStopPointRef ref="VTR:ScheduledStopPoint:466894" version="1"/>
                  <EndStopPointRef ref="VTR:ScheduledStopPoint:466896" version="1"/>
                  <prices>
                    <DistanceMatrixElementPrice id="VTR:DistanceMatrixElementPrice:22250719to22250721" version="1">
                      <Amount>0.52</Amount>
                      <DistanceMatrixElementRef ref="VTR:DistanceMatrixElement:22250719to22250721" version="1"/>
                    </DistanceMatrixElementPrice>
                  </prices>
                </DistanceMatrixElement>
                <DistanceMatrixElement id="VTR:DistanceMatrixElement:22250745to22250746" version="1">
                  <Name>Vidiškės to Ignalina</Name>
                  <StartStopPointRef ref="VTR:ScheduledStopPoint:466911" version="1"/>
                  <EndStopPointRef ref="VTR:ScheduledStopPoint:466912" version="1"/>
                  <prices>
                    <DistanceMatrixElementPrice id="VTR:DistanceMatrixElementPrice:22250745to22250746" version="1">
                      <Amount>0.19</Amount>
                      <DistanceMatrixElementRef ref="VTR:DistanceMatrixElement:22250745to22250746" version="1"/>
                    </DistanceMatrixElementPrice>
                  </prices>
                </DistanceMatrixElement>
                <DistanceMatrixElement id="VTR:DistanceMatrixElement:22250743to22250744" version="1">
                  <Name>N.Daugėliškio g-ja to Maksimonys</Name>
                  <StartStopPointRef ref="VTR:ScheduledStopPoint:466909" version="1"/>
                  <EndStopPointRef ref="VTR:ScheduledStopPoint:466910" version="1"/>
                  <prices>
                    <DistanceMatrixElementPrice id="VTR:DistanceMatrixElementPrice:22250743to22250744" version="1">
                      <Amount>0.27</Amount>
                      <DistanceMatrixElementRef ref="VTR:DistanceMatrixElement:22250743to22250744" version="1"/>
                    </DistanceMatrixElementPrice>
                  </prices>
                </DistanceMatrixElement>
                <DistanceMatrixElement id="VTR:DistanceMatrixElement:22250743to22250746" version="1">
                  <Name>N.Daugėliškio g-ja to Ignalina</Name>
                  <StartStopPointRef ref="VTR:ScheduledStopPoint:466909" version="1"/>
                  <EndStopPointRef ref="VTR:ScheduledStopPoint:466912" version="1"/>
                  <prices>
                    <DistanceMatrixElementPrice id="VTR:DistanceMatrixElementPrice:22250743to22250746" version="1">
                      <Amount>0.71</Amount>
                      <DistanceMatrixElementRef ref="VTR:DistanceMatrixElement:22250743to22250746" version="1"/>
                    </DistanceMatrixElementPrice>
                  </prices>
                </DistanceMatrixElement>
                <DistanceMatrixElement id="VTR:DistanceMatrixElement:22250743to22250747" version="1">
                  <Name>N.Daugėliškio g-ja to Ignalinos autobusų stotis</Name>
                  <StartStopPointRef ref="VTR:ScheduledStopPoint:466909" version="1"/>
                  <EndStopPointRef ref="VTR:ScheduledStopPoint:466913" version="1"/>
                  <prices>
                    <DistanceMatrixElementPrice id="VTR:DistanceMatrixElementPrice:22250743to22250747" version="1">
                      <Amount>0.99</Amount>
                      <DistanceMatrixElementRef ref="VTR:DistanceMatrixElement:22250743to22250747" version="1"/>
                    </DistanceMatrixElementPrice>
                  </prices>
                </DistanceMatrixElement>
                <DistanceMatrixElement id="VTR:DistanceMatrixElement:22250744to22250747" version="1">
                  <Name>Maksimonys to Ignalinos autobusų stotis</Name>
                  <StartStopPointRef ref="VTR:ScheduledStopPoint:466910" version="1"/>
                  <EndStopPointRef ref="VTR:ScheduledStopPoint:466913" version="1"/>
                  <prices>
                    <DistanceMatrixElementPrice id="VTR:DistanceMatrixElementPrice:22250744to22250747" version="1">
                      <Amount>0.72</Amount>
                      <DistanceMatrixElementRef ref="VTR:DistanceMatrixElement:22250744to22250747" version="1"/>
                    </DistanceMatrixElementPrice>
                  </prices>
                </DistanceMatrixElement>
                <DistanceMatrixElement id="VTR:DistanceMatrixElement:22250719to22250720" version="1">
                  <Name>Vidiškės to Maksimonys</Name>
                  <StartStopPointRef ref="VTR:ScheduledStopPoint:466894" version="1"/>
                  <EndStopPointRef ref="VTR:ScheduledStopPoint:466895" version="1"/>
                  <prices>
                    <DistanceMatrixElementPrice id="VTR:DistanceMatrixElementPrice:22250719to22250720" version="1">
                      <Amount>0.25</Amount>
                      <DistanceMatrixElementRef ref="VTR:DistanceMatrixElement:22250719to22250720" version="1"/>
                    </DistanceMatrixElementPrice>
                  </prices>
                </DistanceMatrixElement>
                <DistanceMatrixElement id="VTR:DistanceMatrixElement:22250717to22250722" version="1">
                  <Name>Ignalinos autobusų stotis to N.Daugėliškis</Name>
                  <StartStopPointRef ref="VTR:ScheduledStopPoint:466892" version="1"/>
                  <EndStopPointRef ref="VTR:ScheduledStopPoint:466897" version="1"/>
                  <prices>
                    <DistanceMatrixElementPrice id="VTR:DistanceMatrixElementPrice:22250717to22250722" version="1">
                      <Amount>1.13</Amount>
                      <DistanceMatrixElementRef ref="VTR:DistanceMatrixElement:22250717to22250722" version="1"/>
                    </DistanceMatrixElementPrice>
                  </prices>
                </DistanceMatrixElement>
                <DistanceMatrixElement id="VTR:DistanceMatrixElement:22250744to22250746" version="1">
                  <Name>Maksimonys to Ignalina</Name>
                  <StartStopPointRef ref="VTR:ScheduledStopPoint:466910" version="1"/>
                  <EndStopPointRef ref="VTR:ScheduledStopPoint:466912" version="1"/>
                  <prices>
                    <DistanceMatrixElementPrice id="VTR:DistanceMatrixElementPrice:22250744to22250746" version="1">
                      <Amount>0.44</Amount>
                      <DistanceMatrixElementRef ref="VTR:DistanceMatrixElement:22250744to22250746" version="1"/>
                    </DistanceMatrixElementPrice>
                  </prices>
                </DistanceMatrixElement>
                <DistanceMatrixElement id="VTR:DistanceMatrixElement:22250720to22250722" version="1">
                  <Name>Maksimonys to N.Daugėliškis</Name>
                  <StartStopPointRef ref="VTR:ScheduledStopPoint:466895" version="1"/>
                  <EndStopPointRef ref="VTR:ScheduledStopPoint:466897" version="1"/>
                  <prices>
                    <DistanceMatrixElementPrice id="VTR:DistanceMatrixElementPrice:22250720to22250722" version="1">
                      <Amount>0.41</Amount>
                      <DistanceMatrixElementRef ref="VTR:DistanceMatrixElement:22250720to22250722" version="1"/>
                    </DistanceMatrixElementPrice>
                  </prices>
                </DistanceMatrixElement>
                <DistanceMatrixElement id="VTR:DistanceMatrixElement:22250718to22250719" version="1">
                  <Name>Ignalina to Vidiškės</Name>
                  <StartStopPointRef ref="VTR:ScheduledStopPoint:466893" version="1"/>
                  <EndStopPointRef ref="VTR:ScheduledStopPoint:466894" version="1"/>
                  <prices>
                    <DistanceMatrixElementPrice id="VTR:DistanceMatrixElementPrice:22250718to22250719" version="1">
                      <Amount>0.19</Amount>
                      <DistanceMatrixElementRef ref="VTR:DistanceMatrixElement:22250718to22250719" version="1"/>
                    </DistanceMatrixElementPrice>
                  </prices>
                </DistanceMatrixElement>
                <DistanceMatrixElement id="VTR:DistanceMatrixElement:22250721to22250722" version="1">
                  <Name>N.Daugėliškio g-ja to N.Daugėliškis</Name>
                  <StartStopPointRef ref="VTR:ScheduledStopPoint:466896" version="1"/>
                  <EndStopPointRef ref="VTR:ScheduledStopPoint:466897" version="1"/>
                  <prices>
                    <DistanceMatrixElementPrice id="VTR:DistanceMatrixElementPrice:22250721to22250722" version="1">
                      <Amount>0.14</Amount>
                      <DistanceMatrixElementRef ref="VTR:DistanceMatrixElement:22250721to22250722" version="1"/>
                    </DistanceMatrixElementPrice>
                  </prices>
                </DistanceMatrixElement>
                <DistanceMatrixElement id="VTR:DistanceMatrixElement:22250742to22250744" version="1">
                  <Name>N.Daugėliškis to Maksimonys</Name>
                  <StartStopPointRef ref="VTR:ScheduledStopPoint:466908" version="1"/>
                  <EndStopPointRef ref="VTR:ScheduledStopPoint:466910" version="1"/>
                  <prices>
                    <DistanceMatrixElementPrice id="VTR:DistanceMatrixElementPrice:22250742to22250744" version="1">
                      <Amount>0.41</Amount>
                      <DistanceMatrixElementRef ref="VTR:DistanceMatrixElement:22250742to22250744" version="1"/>
                    </DistanceMatrixElementPrice>
                  </prices>
                </DistanceMatrixElement>
                <DistanceMatrixElement id="VTR:DistanceMatrixElement:22250718to22250721" version="1">
                  <Name>Ignalina to N.Daugėliškio g-ja</Name>
                  <StartStopPointRef ref="VTR:ScheduledStopPoint:466893" version="1"/>
                  <EndStopPointRef ref="VTR:ScheduledStopPoint:466896" version="1"/>
                  <prices>
                    <DistanceMatrixElementPrice id="VTR:DistanceMatrixElementPrice:22250718to22250721" version="1">
                      <Amount>0.71</Amount>
                      <DistanceMatrixElementRef ref="VTR:DistanceMatrixElement:22250718to22250721" version="1"/>
                    </DistanceMatrixElementPrice>
                  </prices>
                </DistanceMatrixElement>
                <DistanceMatrixElement id="VTR:DistanceMatrixElement:22250742to22250743" version="1">
                  <Name>N.Daugėliškis to N.Daugėliškio g-ja</Name>
                  <StartStopPointRef ref="VTR:ScheduledStopPoint:466908" version="1"/>
                  <EndStopPointRef ref="VTR:ScheduledStopPoint:466909" version="1"/>
                  <prices>
                    <DistanceMatrixElementPrice id="VTR:DistanceMatrixElementPrice:22250742to22250743" version="1">
                      <Amount>0.14</Amount>
                      <DistanceMatrixElementRef ref="VTR:DistanceMatrixElement:22250742to22250743" version="1"/>
                    </DistanceMatrixElementPrice>
                  </prices>
                </DistanceMatrixElement>
                <DistanceMatrixElement id="VTR:DistanceMatrixElement:22250720to22250721" version="1">
                  <Name>Maksimonys to N.Daugėliškio g-ja</Name>
                  <StartStopPointRef ref="VTR:ScheduledStopPoint:466895" version="1"/>
                  <EndStopPointRef ref="VTR:ScheduledStopPoint:466896" version="1"/>
                  <prices>
                    <DistanceMatrixElementPrice id="VTR:DistanceMatrixElementPrice:22250720to22250721" version="1">
                      <Amount>0.27</Amount>
                      <DistanceMatrixElementRef ref="VTR:DistanceMatrixElement:22250720to22250721" version="1"/>
                    </DistanceMatrixElementPrice>
                  </prices>
                </DistanceMatrixElement>
                <DistanceMatrixElement id="VTR:DistanceMatrixElement:22250718to22250722" version="1">
                  <Name>Ignalina to N.Daugėliškis</Name>
                  <StartStopPointRef ref="VTR:ScheduledStopPoint:466893" version="1"/>
                  <EndStopPointRef ref="VTR:ScheduledStopPoint:466897" version="1"/>
                  <prices>
                    <DistanceMatrixElementPrice id="VTR:DistanceMatrixElementPrice:22250718to22250722" version="1">
                      <Amount>0.84</Amount>
                      <DistanceMatrixElementRef ref="VTR:DistanceMatrixElement:22250718to22250722" version="1"/>
                    </DistanceMatrixElementPrice>
                  </prices>
                </DistanceMatrixElement>
                <DistanceMatrixElement id="VTR:DistanceMatrixElement:22250717to22250719" version="1">
                  <Name>Ignalinos autobusų stotis to Vidiškės</Name>
                  <StartStopPointRef ref="VTR:ScheduledStopPoint:466892" version="1"/>
                  <EndStopPointRef ref="VTR:ScheduledStopPoint:466894" version="1"/>
                  <prices>
                    <DistanceMatrixElementPrice id="VTR:DistanceMatrixElementPrice:22250717to22250719" version="1">
                      <Amount>0.48</Amount>
                      <DistanceMatrixElementRef ref="VTR:DistanceMatrixElement:22250717to22250719" version="1"/>
                    </DistanceMatrixElementPrice>
                  </prices>
                </DistanceMatrixElement>
                <DistanceMatrixElement id="VTR:DistanceMatrixElement:22250744to22250745" version="1">
                  <Name>Maksimonys to Vidiškės</Name>
                  <StartStopPointRef ref="VTR:ScheduledStopPoint:466910" version="1"/>
                  <EndStopPointRef ref="VTR:ScheduledStopPoint:466911" version="1"/>
                  <prices>
                    <DistanceMatrixElementPrice id="VTR:DistanceMatrixElementPrice:22250744to22250745" version="1">
                      <Amount>0.25</Amount>
                      <DistanceMatrixElementRef ref="VTR:DistanceMatrixElement:22250744to22250745" version="1"/>
                    </DistanceMatrixElementPrice>
                  </prices>
                </DistanceMatrixElement>
                <DistanceMatrixElement id="VTR:DistanceMatrixElement:22250719to22250722" version="1">
                  <Name>Vidiškės to N.Daugėliškis</Name>
                  <StartStopPointRef ref="VTR:ScheduledStopPoint:466894" version="1"/>
                  <EndStopPointRef ref="VTR:ScheduledStopPoint:466897" version="1"/>
                  <prices>
                    <DistanceMatrixElementPrice id="VTR:DistanceMatrixElementPrice:22250719to22250722" version="1">
                      <Amount>0.65</Amount>
                      <DistanceMatrixElementRef ref="VTR:DistanceMatrixElement:22250719to22250722" version="1"/>
                    </DistanceMatrixElementPrice>
                  </prices>
                </DistanceMatrixElement>
                <DistanceMatrixElement id="VTR:DistanceMatrixElement:22250717to22250718" version="1">
                  <Name>Ignalinos autobusų stotis to Ignalina</Name>
                  <StartStopPointRef ref="VTR:ScheduledStopPoint:466892" version="1"/>
                  <EndStopPointRef ref="VTR:ScheduledStopPoint:466893" version="1"/>
                  <prices>
                    <DistanceMatrixElementPrice id="VTR:DistanceMatrixElementPrice:22250717to22250718" version="1">
                      <Amount>0.29</Amount>
                      <DistanceMatrixElementRef ref="VTR:DistanceMatrixElement:22250717to22250718" version="1"/>
                    </DistanceMatrixElementPrice>
                  </prices>
                </DistanceMatrixElement>
                <DistanceMatrixElement id="VTR:DistanceMatrixElement:22250717to22250720" version="1">
                  <Name>Ignalinos autobusų stotis to Maksimonys</Name>
                  <StartStopPointRef ref="VTR:ScheduledStopPoint:466892" version="1"/>
                  <EndStopPointRef ref="VTR:ScheduledStopPoint:466895" version="1"/>
                  <prices>
                    <DistanceMatrixElementPrice id="VTR:DistanceMatrixElementPrice:22250717to22250720" version="1">
                      <Amount>0.72</Amount>
                      <DistanceMatrixElementRef ref="VTR:DistanceMatrixElement:22250717to22250720" version="1"/>
                    </DistanceMatrixElementPrice>
                  </prices>
                </DistanceMatrixElement>
                <DistanceMatrixElement id="VTR:DistanceMatrixElement:22250745to22250747" version="1">
                  <Name>Vidiškės to Ignalinos autobusų stotis</Name>
                  <StartStopPointRef ref="VTR:ScheduledStopPoint:466911" version="1"/>
                  <EndStopPointRef ref="VTR:ScheduledStopPoint:466913" version="1"/>
                  <prices>
                    <DistanceMatrixElementPrice id="VTR:DistanceMatrixElementPrice:22250745to22250747" version="1">
                      <Amount>0.48</Amount>
                      <DistanceMatrixElementRef ref="VTR:DistanceMatrixElement:22250745to22250747" version="1"/>
                    </DistanceMatrixElementPrice>
                  </prices>
                </DistanceMatrixElement>
                <DistanceMatrixElement id="VTR:DistanceMatrixElement:22250746to22250747" version="1">
                  <Name>Ignalina to Ignalinos autobusų stotis</Name>
                  <StartStopPointRef ref="VTR:ScheduledStopPoint:466912" version="1"/>
                  <EndStopPointRef ref="VTR:ScheduledStopPoint:466913" version="1"/>
                  <prices>
                    <DistanceMatrixElementPrice id="VTR:DistanceMatrixElementPrice:22250746to22250747" version="1">
                      <Amount>0.29</Amount>
                      <DistanceMatrixElementRef ref="VTR:DistanceMatrixElement:22250746to22250747" version="1"/>
                    </DistanceMatrixElementPrice>
                  </prices>
                </DistanceMatrixElement>
                <DistanceMatrixElement id="VTR:DistanceMatrixElement:22250743to22250745" version="1">
                  <Name>N.Daugėliškio g-ja to Vidiškės</Name>
                  <StartStopPointRef ref="VTR:ScheduledStopPoint:466909" version="1"/>
                  <EndStopPointRef ref="VTR:ScheduledStopPoint:466911" version="1"/>
                  <prices>
                    <DistanceMatrixElementPrice id="VTR:DistanceMatrixElementPrice:22250743to22250745" version="1">
                      <Amount>0.52</Amount>
                      <DistanceMatrixElementRef ref="VTR:DistanceMatrixElement:22250743to22250745" version="1"/>
                    </DistanceMatrixElementPrice>
                  </prices>
                </DistanceMatrixElement>
                <DistanceMatrixElement id="VTR:DistanceMatrixElement:22250742to22250745" version="1">
                  <Name>N.Daugėliškis to Vidiškės</Name>
                  <StartStopPointRef ref="VTR:ScheduledStopPoint:466908" version="1"/>
                  <EndStopPointRef ref="VTR:ScheduledStopPoint:466911" version="1"/>
                  <prices>
                    <DistanceMatrixElementPrice id="VTR:DistanceMatrixElementPrice:22250742to22250745" version="1">
                      <Amount>0.65</Amount>
                      <DistanceMatrixElementRef ref="VTR:DistanceMatrixElement:22250742to22250745" version="1"/>
                    </DistanceMatrixElementPrice>
                  </prices>
                </DistanceMatrixElement>
                <DistanceMatrixElement id="VTR:DistanceMatrixElement:22250717to22250721" version="1">
                  <Name>Ignalinos autobusų stotis to N.Daugėliškio g-ja</Name>
                  <StartStopPointRef ref="VTR:ScheduledStopPoint:466892" version="1"/>
                  <EndStopPointRef ref="VTR:ScheduledStopPoint:466896" version="1"/>
                  <prices>
                    <DistanceMatrixElementPrice id="VTR:DistanceMatrixElementPrice:22250717to22250721" version="1">
                      <Amount>0.99</Amount>
                      <DistanceMatrixElementRef ref="VTR:DistanceMatrixElement:22250717to22250721" version="1"/>
                    </DistanceMatrixElementPrice>
                  </prices>
                </DistanceMatrixElement>
              </distanceMatrixElements>
            </Tariff>
          </tariffs>
          <usageParameters>
            <FrequencyOfUse id="VTR:FrequencyOfUse:oneTrip" version="1">
              <FrequencyOfUseType>unlimited</FrequencyOfUseType>
              <MaximalFrequency>1</MaximalFrequency>
            </FrequencyOfUse>
          </usageParameters>
        </FareFrame>
      </frames>
    </CompositeFrame>
  </dataObjects>
</PublicationDelivery>
