<?xml version="1.0" encoding="UTF-8"?><PublicationDelivery xmlns="http://www.netex.org.uk/netex" xmlns:gis="http://www.opengis.net/gml/3.2" xmlns:ns2="http://www.opengis.net/gml/3.2" xmlns:ns3="http://www.siri.org.uk/siri" xmlns:xsi="http://www.w3.org/2001/XMLSchema-instance" version="1" xsi:schemaLocation="">
  <PublicationTimestamp>2022-03-19T00:40:00.256</PublicationTimestamp>
  <ParticipantRef>VTR</ParticipantRef>
  <Description>1</Description>
  <dataObjects>
    <CompositeFrame created="2022-03-19T00:40:00.256" version="1" id="VTR:CompositeFrame:1109">
      <validityConditions>
        <AvailabilityCondition version="1" id="VTR:AvailabilityCondition:1109">
          <FromDate>2010-03-08T00:00:00</FromDate>
          <ToDate>2023-03-31T00:00:00</ToDate>
        </AvailabilityCondition>
      </validityConditions>
      <codespaces>
        <Codespace id="vtr">
          <Xmlns>VTR</Xmlns>
          <XmlnsUrl>http://www.visimarsrutai.lt/</XmlnsUrl>
        </Codespace>
      </codespaces>
      <FrameDefaults>
        <DefaultLocale>
          <TimeZone>Europe/Vilnius</TimeZone>
        </DefaultLocale>
        <DefaultLocationSystem>WGS84</DefaultLocationSystem>
      </FrameDefaults>
      <frames>
        <ServiceCalendarFrame version="1" id="VTR:ServiceCalendarFrame:1109">
          <dayTypes>
            <DayType id="VTR:DayType:90" version="1">
              <properties>
                <PropertyOfDay>
                  <DaysOfWeek>Weekdays</DaysOfWeek>
                </PropertyOfDay>
              </properties>
            </DayType>
          </dayTypes>
          <operatingPeriods>
            <OperatingPeriod version="1" id="VTR:OperatingPeriod:90">
              <FromDate>2015-06-02T00:00:00</FromDate>
              <ToDate>2099-12-31T00:00:00</ToDate>
            </OperatingPeriod>
          </operatingPeriods>
          <dayTypeAssignments>
            <DayTypeAssignment id="VTR:DayTypeAssignment:90_0" version="1" order="102">
              <OperatingPeriodRef ref="VTR:OperatingPeriod:90" version="1"/>
              <DayTypeRef ref="VTR:DayType:90" version="1"/>
            </DayTypeAssignment>
          </dayTypeAssignments>
        </ServiceCalendarFrame>
        <ServiceFrame id="VTR:ServiceFrame:1109" version="1">
          <Network version="0" id="VTR:Network:2"/>
          <routePoints>
            <RoutePoint version="1" id="VTR:RoutePoint:62192">
              <projections>
                <PointProjection version="1" id="VTR:PointProjection:12868">
                  <ProjectedPointRef ref="VTR:ScheduledStopPoint:62192" version="1"/>
                </PointProjection>
              </projections>
            </RoutePoint>
            <RoutePoint version="1" id="VTR:RoutePoint:62193">
              <projections>
                <PointProjection version="1" id="VTR:PointProjection:12869">
                  <ProjectedPointRef ref="VTR:ScheduledStopPoint:62193" version="1"/>
                </PointProjection>
              </projections>
            </RoutePoint>
            <RoutePoint version="1" id="VTR:RoutePoint:62194">
              <projections>
                <PointProjection version="1" id="VTR:PointProjection:12870">
                  <ProjectedPointRef ref="VTR:ScheduledStopPoint:62194" version="1"/>
                </PointProjection>
              </projections>
            </RoutePoint>
            <RoutePoint version="1" id="VTR:RoutePoint:62195">
              <projections>
                <PointProjection version="1" id="VTR:PointProjection:12871">
                  <ProjectedPointRef ref="VTR:ScheduledStopPoint:62195" version="1"/>
                </PointProjection>
              </projections>
            </RoutePoint>
            <RoutePoint version="1" id="VTR:RoutePoint:62196">
              <projections>
                <PointProjection version="1" id="VTR:PointProjection:12872">
                  <ProjectedPointRef ref="VTR:ScheduledStopPoint:62196" version="1"/>
                </PointProjection>
              </projections>
            </RoutePoint>
            <RoutePoint version="1" id="VTR:RoutePoint:62197">
              <projections>
                <PointProjection version="1" id="VTR:PointProjection:12873">
                  <ProjectedPointRef ref="VTR:ScheduledStopPoint:62197" version="1"/>
                </PointProjection>
              </projections>
            </RoutePoint>
            <RoutePoint version="1" id="VTR:RoutePoint:62199">
              <projections>
                <PointProjection version="1" id="VTR:PointProjection:12874">
                  <ProjectedPointRef ref="VTR:ScheduledStopPoint:62199" version="1"/>
                </PointProjection>
              </projections>
            </RoutePoint>
            <RoutePoint version="1" id="VTR:RoutePoint:62202">
              <projections>
                <PointProjection version="1" id="VTR:PointProjection:12204">
                  <ProjectedPointRef ref="VTR:ScheduledStopPoint:62202" version="1"/>
                </PointProjection>
              </projections>
            </RoutePoint>
            <RoutePoint version="1" id="VTR:RoutePoint:62203">
              <projections>
                <PointProjection version="1" id="VTR:PointProjection:12205">
                  <ProjectedPointRef ref="VTR:ScheduledStopPoint:62203" version="1"/>
                </PointProjection>
              </projections>
            </RoutePoint>
            <RoutePoint version="1" id="VTR:RoutePoint:62207">
              <projections>
                <PointProjection version="1" id="VTR:PointProjection:12206">
                  <ProjectedPointRef ref="VTR:ScheduledStopPoint:62207" version="1"/>
                </PointProjection>
              </projections>
            </RoutePoint>
            <RoutePoint version="1" id="VTR:RoutePoint:62208">
              <projections>
                <PointProjection version="1" id="VTR:PointProjection:12207">
                  <ProjectedPointRef ref="VTR:ScheduledStopPoint:62208" version="1"/>
                </PointProjection>
              </projections>
            </RoutePoint>
            <RoutePoint version="1" id="VTR:RoutePoint:62209">
              <projections>
                <PointProjection version="1" id="VTR:PointProjection:12208">
                  <ProjectedPointRef ref="VTR:ScheduledStopPoint:62209" version="1"/>
                </PointProjection>
              </projections>
            </RoutePoint>
            <RoutePoint version="1" id="VTR:RoutePoint:62210">
              <projections>
                <PointProjection version="1" id="VTR:PointProjection:12249">
                  <ProjectedPointRef ref="VTR:ScheduledStopPoint:62210" version="1"/>
                </PointProjection>
              </projections>
            </RoutePoint>
            <RoutePoint version="1" id="VTR:RoutePoint:62211">
              <projections>
                <PointProjection version="1" id="VTR:PointProjection:12855">
                  <ProjectedPointRef ref="VTR:ScheduledStopPoint:62211" version="1"/>
                </PointProjection>
              </projections>
            </RoutePoint>
            <RoutePoint version="1" id="VTR:RoutePoint:62212">
              <projections>
                <PointProjection version="1" id="VTR:PointProjection:12852">
                  <ProjectedPointRef ref="VTR:ScheduledStopPoint:62212" version="1"/>
                </PointProjection>
              </projections>
            </RoutePoint>
            <RoutePoint version="1" id="VTR:RoutePoint:62214">
              <projections>
                <PointProjection version="1" id="VTR:PointProjection:12853">
                  <ProjectedPointRef ref="VTR:ScheduledStopPoint:62214" version="1"/>
                </PointProjection>
              </projections>
            </RoutePoint>
            <RoutePoint version="1" id="VTR:RoutePoint:62215">
              <projections>
                <PointProjection version="1" id="VTR:PointProjection:12854">
                  <ProjectedPointRef ref="VTR:ScheduledStopPoint:62215" version="1"/>
                </PointProjection>
              </projections>
            </RoutePoint>
            <RoutePoint version="1" id="VTR:RoutePoint:62216">
              <projections>
                <PointProjection version="1" id="VTR:PointProjection:10069">
                  <ProjectedPointRef ref="VTR:ScheduledStopPoint:62216" version="1"/>
                </PointProjection>
              </projections>
            </RoutePoint>
            <RoutePoint version="1" id="VTR:RoutePoint:62238">
              <projections>
                <PointProjection version="1" id="VTR:PointProjection:10465">
                  <ProjectedPointRef ref="VTR:ScheduledStopPoint:62238" version="1"/>
                </PointProjection>
              </projections>
            </RoutePoint>
            <RoutePoint version="1" id="VTR:RoutePoint:62241">
              <projections>
                <PointProjection version="1" id="VTR:PointProjection:10466">
                  <ProjectedPointRef ref="VTR:ScheduledStopPoint:62241" version="1"/>
                </PointProjection>
              </projections>
            </RoutePoint>
            <RoutePoint version="1" id="VTR:RoutePoint:62242">
              <projections>
                <PointProjection version="1" id="VTR:PointProjection:10467">
                  <ProjectedPointRef ref="VTR:ScheduledStopPoint:62242" version="1"/>
                </PointProjection>
              </projections>
            </RoutePoint>
            <RoutePoint version="1" id="VTR:RoutePoint:62243">
              <projections>
                <PointProjection version="1" id="VTR:PointProjection:10468">
                  <ProjectedPointRef ref="VTR:ScheduledStopPoint:62243" version="1"/>
                </PointProjection>
              </projections>
            </RoutePoint>
            <RoutePoint version="1" id="VTR:RoutePoint:62244">
              <projections>
                <PointProjection version="1" id="VTR:PointProjection:10469">
                  <ProjectedPointRef ref="VTR:ScheduledStopPoint:62244" version="1"/>
                </PointProjection>
              </projections>
            </RoutePoint>
            <RoutePoint version="1" id="VTR:RoutePoint:62245">
              <projections>
                <PointProjection version="1" id="VTR:PointProjection:10470">
                  <ProjectedPointRef ref="VTR:ScheduledStopPoint:62245" version="1"/>
                </PointProjection>
              </projections>
            </RoutePoint>
            <RoutePoint version="1" id="VTR:RoutePoint:62248">
              <projections>
                <PointProjection version="1" id="VTR:PointProjection:10471">
                  <ProjectedPointRef ref="VTR:ScheduledStopPoint:62248" version="1"/>
                </PointProjection>
              </projections>
            </RoutePoint>
            <RoutePoint version="1" id="VTR:RoutePoint:62249">
              <projections>
                <PointProjection version="1" id="VTR:PointProjection:10472">
                  <ProjectedPointRef ref="VTR:ScheduledStopPoint:62249" version="1"/>
                </PointProjection>
              </projections>
            </RoutePoint>
            <RoutePoint version="1" id="VTR:RoutePoint:62252">
              <projections>
                <PointProjection version="1" id="VTR:PointProjection:10473">
                  <ProjectedPointRef ref="VTR:ScheduledStopPoint:62252" version="1"/>
                </PointProjection>
              </projections>
            </RoutePoint>
            <RoutePoint version="1" id="VTR:RoutePoint:62255">
              <projections>
                <PointProjection version="1" id="VTR:PointProjection:10474">
                  <ProjectedPointRef ref="VTR:ScheduledStopPoint:62255" version="1"/>
                </PointProjection>
              </projections>
            </RoutePoint>
            <RoutePoint version="1" id="VTR:RoutePoint:62256">
              <projections>
                <PointProjection version="1" id="VTR:PointProjection:10475">
                  <ProjectedPointRef ref="VTR:ScheduledStopPoint:62256" version="1"/>
                </PointProjection>
              </projections>
            </RoutePoint>
            <RoutePoint version="1" id="VTR:RoutePoint:62257">
              <projections>
                <PointProjection version="1" id="VTR:PointProjection:10476">
                  <ProjectedPointRef ref="VTR:ScheduledStopPoint:62257" version="1"/>
                </PointProjection>
              </projections>
            </RoutePoint>
            <RoutePoint version="1" id="VTR:RoutePoint:62258">
              <projections>
                <PointProjection version="1" id="VTR:PointProjection:10477">
                  <ProjectedPointRef ref="VTR:ScheduledStopPoint:62258" version="1"/>
                </PointProjection>
              </projections>
            </RoutePoint>
            <RoutePoint version="1" id="VTR:RoutePoint:62259">
              <projections>
                <PointProjection version="1" id="VTR:PointProjection:10478">
                  <ProjectedPointRef ref="VTR:ScheduledStopPoint:62259" version="1"/>
                </PointProjection>
              </projections>
            </RoutePoint>
            <RoutePoint version="1" id="VTR:RoutePoint:62260">
              <projections>
                <PointProjection version="1" id="VTR:PointProjection:10479">
                  <ProjectedPointRef ref="VTR:ScheduledStopPoint:62260" version="1"/>
                </PointProjection>
              </projections>
            </RoutePoint>
            <RoutePoint version="1" id="VTR:RoutePoint:62261">
              <projections>
                <PointProjection version="1" id="VTR:PointProjection:10480">
                  <ProjectedPointRef ref="VTR:ScheduledStopPoint:62261" version="1"/>
                </PointProjection>
              </projections>
            </RoutePoint>
          </routePoints>
          <routes>
            <Route version="1" id="VTR:Route:2161">
              <Name>Šiauliai-Klaipėda</Name>
              <ShortName>Šiauliai-Klaipėda</ShortName>
              <LineRef ref="VTR:Line:701" version="686"/>
              <DirectionType>outbound</DirectionType>
              <pointsInSequence>
                <PointOnRoute version="1" id="VTR:PointOnRoute:62192" order="1">
                  <RoutePointRef ref="VTR:RoutePoint:62192"/>
                </PointOnRoute>
                <PointOnRoute version="1" id="VTR:PointOnRoute:62193" order="2">
                  <RoutePointRef ref="VTR:RoutePoint:62193"/>
                </PointOnRoute>
                <PointOnRoute version="1" id="VTR:PointOnRoute:62194" order="3">
                  <RoutePointRef ref="VTR:RoutePoint:62194"/>
                </PointOnRoute>
                <PointOnRoute version="1" id="VTR:PointOnRoute:62195" order="4">
                  <RoutePointRef ref="VTR:RoutePoint:62195"/>
                </PointOnRoute>
                <PointOnRoute version="1" id="VTR:PointOnRoute:62216" order="5">
                  <RoutePointRef ref="VTR:RoutePoint:62216"/>
                </PointOnRoute>
                <PointOnRoute version="1" id="VTR:PointOnRoute:62196" order="6">
                  <RoutePointRef ref="VTR:RoutePoint:62196"/>
                </PointOnRoute>
                <PointOnRoute version="1" id="VTR:PointOnRoute:62197" order="7">
                  <RoutePointRef ref="VTR:RoutePoint:62197"/>
                </PointOnRoute>
                <PointOnRoute version="1" id="VTR:PointOnRoute:62199" order="8">
                  <RoutePointRef ref="VTR:RoutePoint:62199"/>
                </PointOnRoute>
                <PointOnRoute version="1" id="VTR:PointOnRoute:62202" order="9">
                  <RoutePointRef ref="VTR:RoutePoint:62202"/>
                </PointOnRoute>
                <PointOnRoute version="1" id="VTR:PointOnRoute:62203" order="10">
                  <RoutePointRef ref="VTR:RoutePoint:62203"/>
                </PointOnRoute>
                <PointOnRoute version="1" id="VTR:PointOnRoute:62207" order="11">
                  <RoutePointRef ref="VTR:RoutePoint:62207"/>
                </PointOnRoute>
                <PointOnRoute version="1" id="VTR:PointOnRoute:62208" order="12">
                  <RoutePointRef ref="VTR:RoutePoint:62208"/>
                </PointOnRoute>
                <PointOnRoute version="1" id="VTR:PointOnRoute:62209" order="13">
                  <RoutePointRef ref="VTR:RoutePoint:62209"/>
                </PointOnRoute>
                <PointOnRoute version="1" id="VTR:PointOnRoute:62210" order="14">
                  <RoutePointRef ref="VTR:RoutePoint:62210"/>
                </PointOnRoute>
                <PointOnRoute version="1" id="VTR:PointOnRoute:62211" order="15">
                  <RoutePointRef ref="VTR:RoutePoint:62211"/>
                </PointOnRoute>
                <PointOnRoute version="1" id="VTR:PointOnRoute:62212" order="16">
                  <RoutePointRef ref="VTR:RoutePoint:62212"/>
                </PointOnRoute>
                <PointOnRoute version="1" id="VTR:PointOnRoute:62214" order="17">
                  <RoutePointRef ref="VTR:RoutePoint:62214"/>
                </PointOnRoute>
                <PointOnRoute version="1" id="VTR:PointOnRoute:62215" order="18">
                  <RoutePointRef ref="VTR:RoutePoint:62215"/>
                </PointOnRoute>
              </pointsInSequence>
            </Route>
            <Route version="1" id="VTR:Route:2162">
              <Name>Klaipėda-Šiauliai</Name>
              <ShortName>Klaipėda-Šiauliai</ShortName>
              <LineRef ref="VTR:Line:701" version="686"/>
              <DirectionType>inbound</DirectionType>
              <pointsInSequence>
                <PointOnRoute version="1" id="VTR:PointOnRoute:62238" order="1">
                  <RoutePointRef ref="VTR:RoutePoint:62238"/>
                </PointOnRoute>
                <PointOnRoute version="1" id="VTR:PointOnRoute:62241" order="2">
                  <RoutePointRef ref="VTR:RoutePoint:62241"/>
                </PointOnRoute>
                <PointOnRoute version="1" id="VTR:PointOnRoute:62242" order="3">
                  <RoutePointRef ref="VTR:RoutePoint:62242"/>
                </PointOnRoute>
                <PointOnRoute version="1" id="VTR:PointOnRoute:62243" order="4">
                  <RoutePointRef ref="VTR:RoutePoint:62243"/>
                </PointOnRoute>
                <PointOnRoute version="1" id="VTR:PointOnRoute:62244" order="5">
                  <RoutePointRef ref="VTR:RoutePoint:62244"/>
                </PointOnRoute>
                <PointOnRoute version="1" id="VTR:PointOnRoute:62245" order="6">
                  <RoutePointRef ref="VTR:RoutePoint:62245"/>
                </PointOnRoute>
                <PointOnRoute version="1" id="VTR:PointOnRoute:62248" order="7">
                  <RoutePointRef ref="VTR:RoutePoint:62248"/>
                </PointOnRoute>
                <PointOnRoute version="1" id="VTR:PointOnRoute:62249" order="8">
                  <RoutePointRef ref="VTR:RoutePoint:62249"/>
                </PointOnRoute>
                <PointOnRoute version="1" id="VTR:PointOnRoute:62252" order="9">
                  <RoutePointRef ref="VTR:RoutePoint:62252"/>
                </PointOnRoute>
                <PointOnRoute version="1" id="VTR:PointOnRoute:62255" order="10">
                  <RoutePointRef ref="VTR:RoutePoint:62255"/>
                </PointOnRoute>
                <PointOnRoute version="1" id="VTR:PointOnRoute:62256" order="11">
                  <RoutePointRef ref="VTR:RoutePoint:62256"/>
                </PointOnRoute>
                <PointOnRoute version="1" id="VTR:PointOnRoute:62257" order="12">
                  <RoutePointRef ref="VTR:RoutePoint:62257"/>
                </PointOnRoute>
                <PointOnRoute version="1" id="VTR:PointOnRoute:62258" order="13">
                  <RoutePointRef ref="VTR:RoutePoint:62258"/>
                </PointOnRoute>
                <PointOnRoute version="1" id="VTR:PointOnRoute:62259" order="14">
                  <RoutePointRef ref="VTR:RoutePoint:62259"/>
                </PointOnRoute>
                <PointOnRoute version="1" id="VTR:PointOnRoute:62260" order="15">
                  <RoutePointRef ref="VTR:RoutePoint:62260"/>
                </PointOnRoute>
                <PointOnRoute version="1" id="VTR:PointOnRoute:62261" order="16">
                  <RoutePointRef ref="VTR:RoutePoint:62261"/>
                </PointOnRoute>
              </pointsInSequence>
            </Route>
          </routes>
          <lines>
            <Line version="686" id="VTR:Line:701">
              <Name>Šiauliai-Klaipėda</Name>
              <TransportMode>bus</TransportMode>
              <TransportSubmode>
                <CoachSubmode>nationalCoach</CoachSubmode>
              </TransportSubmode>
              <PublicCode>M-715</PublicCode>
              <OperatorRef ref="VTR:Operator:2"/>
            </Line>
          </lines>
          <scheduledStopPoints>
            <ScheduledStopPoint version="1" id="VTR:ScheduledStopPoint:62192">
              <Name>Šiaulių autobusų stotis</Name>
            </ScheduledStopPoint>
            <ScheduledStopPoint version="1" id="VTR:ScheduledStopPoint:62193">
              <Name>Turgus</Name>
            </ScheduledStopPoint>
            <ScheduledStopPoint version="1" id="VTR:ScheduledStopPoint:62194">
              <Name>Kuršėnų autobusų stotis</Name>
            </ScheduledStopPoint>
            <ScheduledStopPoint version="1" id="VTR:ScheduledStopPoint:62195">
              <Name>Raudėnai</Name>
            </ScheduledStopPoint>
            <ScheduledStopPoint version="1" id="VTR:ScheduledStopPoint:62196">
              <Name>Tryškių kelias</Name>
            </ScheduledStopPoint>
            <ScheduledStopPoint version="1" id="VTR:ScheduledStopPoint:62197">
              <Name>Eigirdžiai</Name>
            </ScheduledStopPoint>
            <ScheduledStopPoint version="1" id="VTR:ScheduledStopPoint:62199">
              <Name>Telšių autobusų stotis</Name>
            </ScheduledStopPoint>
            <ScheduledStopPoint version="1" id="VTR:ScheduledStopPoint:62202">
              <Name>Staneliai</Name>
            </ScheduledStopPoint>
            <ScheduledStopPoint version="1" id="VTR:ScheduledStopPoint:62203">
              <Name>Plungės autobusų stotis</Name>
            </ScheduledStopPoint>
            <ScheduledStopPoint version="1" id="VTR:ScheduledStopPoint:62207">
              <Name>Palūkščiai</Name>
            </ScheduledStopPoint>
            <ScheduledStopPoint version="1" id="VTR:ScheduledStopPoint:62208">
              <Name>Aleksandravas</Name>
            </ScheduledStopPoint>
            <ScheduledStopPoint version="1" id="VTR:ScheduledStopPoint:62209">
              <Name>Kartena</Name>
            </ScheduledStopPoint>
            <ScheduledStopPoint version="1" id="VTR:ScheduledStopPoint:62210">
              <Name>Kretingos autobusų stotis</Name>
            </ScheduledStopPoint>
            <ScheduledStopPoint version="1" id="VTR:ScheduledStopPoint:62211">
              <Name>Palangos autobusų stotis</Name>
            </ScheduledStopPoint>
            <ScheduledStopPoint version="1" id="VTR:ScheduledStopPoint:62212">
              <Name>Miesto ligoninė</Name>
            </ScheduledStopPoint>
            <ScheduledStopPoint version="1" id="VTR:ScheduledStopPoint:62214">
              <Name>Universiteto</Name>
            </ScheduledStopPoint>
            <ScheduledStopPoint version="1" id="VTR:ScheduledStopPoint:62215">
              <Name>Klaipėdos autobusų stotis</Name>
            </ScheduledStopPoint>
            <ScheduledStopPoint version="1" id="VTR:ScheduledStopPoint:62216">
              <Name>Vadeikiai</Name>
            </ScheduledStopPoint>
            <ScheduledStopPoint version="1" id="VTR:ScheduledStopPoint:62238">
              <Name>Klaipėdos autobusų stotis</Name>
            </ScheduledStopPoint>
            <ScheduledStopPoint version="1" id="VTR:ScheduledStopPoint:62241">
              <Name>Palangos autobusų stotis</Name>
            </ScheduledStopPoint>
            <ScheduledStopPoint version="1" id="VTR:ScheduledStopPoint:62242">
              <Name>Kretingos autobusų stotis</Name>
            </ScheduledStopPoint>
            <ScheduledStopPoint version="1" id="VTR:ScheduledStopPoint:62243">
              <Name>Kartena</Name>
            </ScheduledStopPoint>
            <ScheduledStopPoint version="1" id="VTR:ScheduledStopPoint:62244">
              <Name>Aleksandravas</Name>
            </ScheduledStopPoint>
            <ScheduledStopPoint version="1" id="VTR:ScheduledStopPoint:62245">
              <Name>Palūkščiai</Name>
            </ScheduledStopPoint>
            <ScheduledStopPoint version="1" id="VTR:ScheduledStopPoint:62248">
              <Name>Plungės autobusų stotis</Name>
            </ScheduledStopPoint>
            <ScheduledStopPoint version="1" id="VTR:ScheduledStopPoint:62249">
              <Name>Staneliai</Name>
            </ScheduledStopPoint>
            <ScheduledStopPoint version="1" id="VTR:ScheduledStopPoint:62252">
              <Name>Telšių autobusų stotis</Name>
            </ScheduledStopPoint>
            <ScheduledStopPoint version="1" id="VTR:ScheduledStopPoint:62255">
              <Name>Eigirdžiai</Name>
            </ScheduledStopPoint>
            <ScheduledStopPoint version="1" id="VTR:ScheduledStopPoint:62256">
              <Name>Tryškių kelias</Name>
            </ScheduledStopPoint>
            <ScheduledStopPoint version="1" id="VTR:ScheduledStopPoint:62257">
              <Name>Vadeikiai</Name>
            </ScheduledStopPoint>
            <ScheduledStopPoint version="1" id="VTR:ScheduledStopPoint:62258">
              <Name>Raudėnai</Name>
            </ScheduledStopPoint>
            <ScheduledStopPoint version="1" id="VTR:ScheduledStopPoint:62259">
              <Name>Kuršėnų autobusų stotis</Name>
            </ScheduledStopPoint>
            <ScheduledStopPoint version="1" id="VTR:ScheduledStopPoint:62260">
              <Name>Turgus</Name>
            </ScheduledStopPoint>
            <ScheduledStopPoint version="1" id="VTR:ScheduledStopPoint:62261">
              <Name>Šiaulių autobusų stotis</Name>
            </ScheduledStopPoint>
          </scheduledStopPoints>
          <serviceLinks>
            <ServiceLink id="VTR:ServiceLink:62216_1_62196_1" version="1">
              <Distance>4</Distance>
              <FromPointRef ref="VTR:ScheduledStopPoint:62216" version="1"/>
              <ToPointRef ref="VTR:ScheduledStopPoint:62196" version="1"/>
            </ServiceLink>
            <ServiceLink id="VTR:ServiceLink:62243_1_62244_1" version="1">
              <Distance>9</Distance>
              <FromPointRef ref="VTR:ScheduledStopPoint:62243" version="1"/>
              <ToPointRef ref="VTR:ScheduledStopPoint:62244" version="1"/>
            </ServiceLink>
            <ServiceLink id="VTR:ServiceLink:62194_1_62195_1" version="1">
              <Distance>14</Distance>
              <FromPointRef ref="VTR:ScheduledStopPoint:62194" version="1"/>
              <ToPointRef ref="VTR:ScheduledStopPoint:62195" version="1"/>
            </ServiceLink>
            <ServiceLink id="VTR:ServiceLink:62241_1_62242_1" version="1">
              <Distance>11</Distance>
              <FromPointRef ref="VTR:ScheduledStopPoint:62241" version="1"/>
              <ToPointRef ref="VTR:ScheduledStopPoint:62242" version="1"/>
            </ServiceLink>
            <ServiceLink id="VTR:ServiceLink:62207_1_62208_1" version="1">
              <Distance>5</Distance>
              <FromPointRef ref="VTR:ScheduledStopPoint:62207" version="1"/>
              <ToPointRef ref="VTR:ScheduledStopPoint:62208" version="1"/>
            </ServiceLink>
            <ServiceLink id="VTR:ServiceLink:62202_1_62203_1" version="1">
              <Distance>7</Distance>
              <FromPointRef ref="VTR:ScheduledStopPoint:62202" version="1"/>
              <ToPointRef ref="VTR:ScheduledStopPoint:62203" version="1"/>
            </ServiceLink>
            <ServiceLink id="VTR:ServiceLink:62208_1_62209_1" version="1">
              <Distance>9</Distance>
              <FromPointRef ref="VTR:ScheduledStopPoint:62208" version="1"/>
              <ToPointRef ref="VTR:ScheduledStopPoint:62209" version="1"/>
            </ServiceLink>
            <ServiceLink id="VTR:ServiceLink:62258_1_62259_1" version="1">
              <Distance>14</Distance>
              <FromPointRef ref="VTR:ScheduledStopPoint:62258" version="1"/>
              <ToPointRef ref="VTR:ScheduledStopPoint:62259" version="1"/>
            </ServiceLink>
            <ServiceLink id="VTR:ServiceLink:62259_1_62260_1" version="1">
              <Distance>23</Distance>
              <FromPointRef ref="VTR:ScheduledStopPoint:62259" version="1"/>
              <ToPointRef ref="VTR:ScheduledStopPoint:62260" version="1"/>
            </ServiceLink>
            <ServiceLink id="VTR:ServiceLink:62260_1_62261_1" version="1">
              <Distance>2</Distance>
              <FromPointRef ref="VTR:ScheduledStopPoint:62260" version="1"/>
              <ToPointRef ref="VTR:ScheduledStopPoint:62261" version="1"/>
            </ServiceLink>
            <ServiceLink id="VTR:ServiceLink:62244_1_62245_1" version="1">
              <Distance>5</Distance>
              <FromPointRef ref="VTR:ScheduledStopPoint:62244" version="1"/>
              <ToPointRef ref="VTR:ScheduledStopPoint:62245" version="1"/>
            </ServiceLink>
            <ServiceLink id="VTR:ServiceLink:62209_1_62210_1" version="1">
              <Distance>16</Distance>
              <FromPointRef ref="VTR:ScheduledStopPoint:62209" version="1"/>
              <ToPointRef ref="VTR:ScheduledStopPoint:62210" version="1"/>
            </ServiceLink>
            <ServiceLink id="VTR:ServiceLink:62192_1_62193_1" version="1">
              <Distance>1</Distance>
              <FromPointRef ref="VTR:ScheduledStopPoint:62192" version="1"/>
              <ToPointRef ref="VTR:ScheduledStopPoint:62193" version="1"/>
            </ServiceLink>
            <ServiceLink id="VTR:ServiceLink:62255_1_62256_1" version="1">
              <Distance>13</Distance>
              <FromPointRef ref="VTR:ScheduledStopPoint:62255" version="1"/>
              <ToPointRef ref="VTR:ScheduledStopPoint:62256" version="1"/>
            </ServiceLink>
            <ServiceLink id="VTR:ServiceLink:62214_1_62215_1" version="1">
              <Distance>1</Distance>
              <FromPointRef ref="VTR:ScheduledStopPoint:62214" version="1"/>
              <ToPointRef ref="VTR:ScheduledStopPoint:62215" version="1"/>
            </ServiceLink>
            <ServiceLink id="VTR:ServiceLink:62193_1_62194_1" version="1">
              <Distance>24</Distance>
              <FromPointRef ref="VTR:ScheduledStopPoint:62193" version="1"/>
              <ToPointRef ref="VTR:ScheduledStopPoint:62194" version="1"/>
            </ServiceLink>
            <ServiceLink id="VTR:ServiceLink:62196_1_62197_1" version="1">
              <Distance>13</Distance>
              <FromPointRef ref="VTR:ScheduledStopPoint:62196" version="1"/>
              <ToPointRef ref="VTR:ScheduledStopPoint:62197" version="1"/>
            </ServiceLink>
            <ServiceLink id="VTR:ServiceLink:62257_1_62258_1" version="1">
              <Distance>4</Distance>
              <FromPointRef ref="VTR:ScheduledStopPoint:62257" version="1"/>
              <ToPointRef ref="VTR:ScheduledStopPoint:62258" version="1"/>
            </ServiceLink>
            <ServiceLink id="VTR:ServiceLink:62210_1_62211_1" version="1">
              <Distance>11</Distance>
              <FromPointRef ref="VTR:ScheduledStopPoint:62210" version="1"/>
              <ToPointRef ref="VTR:ScheduledStopPoint:62211" version="1"/>
            </ServiceLink>
            <ServiceLink id="VTR:ServiceLink:62248_1_62249_1" version="1">
              <Distance>7</Distance>
              <FromPointRef ref="VTR:ScheduledStopPoint:62248" version="1"/>
              <ToPointRef ref="VTR:ScheduledStopPoint:62249" version="1"/>
            </ServiceLink>
            <ServiceLink id="VTR:ServiceLink:62211_1_62212_1" version="1">
              <Distance>20</Distance>
              <FromPointRef ref="VTR:ScheduledStopPoint:62211" version="1"/>
              <ToPointRef ref="VTR:ScheduledStopPoint:62212" version="1"/>
            </ServiceLink>
            <ServiceLink id="VTR:ServiceLink:62195_1_62216_1" version="1">
              <Distance>4</Distance>
              <FromPointRef ref="VTR:ScheduledStopPoint:62195" version="1"/>
              <ToPointRef ref="VTR:ScheduledStopPoint:62216" version="1"/>
            </ServiceLink>
            <ServiceLink id="VTR:ServiceLink:62256_1_62257_1" version="1">
              <Distance>4</Distance>
              <FromPointRef ref="VTR:ScheduledStopPoint:62256" version="1"/>
              <ToPointRef ref="VTR:ScheduledStopPoint:62257" version="1"/>
            </ServiceLink>
            <ServiceLink id="VTR:ServiceLink:62242_1_62243_1" version="1">
              <Distance>16</Distance>
              <FromPointRef ref="VTR:ScheduledStopPoint:62242" version="1"/>
              <ToPointRef ref="VTR:ScheduledStopPoint:62243" version="1"/>
            </ServiceLink>
          </serviceLinks>
          <stopAssignments>
            <PassengerStopAssignment order="216100000" id="VTR:PassengerStopAssignment:62192" version="1">
              <ScheduledStopPointRef ref="VTR:ScheduledStopPoint:62192" version="1"/>
              <QuayRef ref="VTR:Quay:19488"/>
            </PassengerStopAssignment>
            <PassengerStopAssignment order="216100001" id="VTR:PassengerStopAssignment:62193" version="1">
              <ScheduledStopPointRef ref="VTR:ScheduledStopPoint:62193" version="1"/>
              <QuayRef ref="VTR:Quay:20164"/>
            </PassengerStopAssignment>
            <PassengerStopAssignment order="216100002" id="VTR:PassengerStopAssignment:62194" version="1">
              <ScheduledStopPointRef ref="VTR:ScheduledStopPoint:62194" version="1"/>
              <QuayRef ref="VTR:Quay:19458"/>
            </PassengerStopAssignment>
            <PassengerStopAssignment order="216100003" id="VTR:PassengerStopAssignment:62195" version="1">
              <ScheduledStopPointRef ref="VTR:ScheduledStopPoint:62195" version="1"/>
              <QuayRef ref="VTR:Quay:10053"/>
            </PassengerStopAssignment>
            <PassengerStopAssignment order="216100004" id="VTR:PassengerStopAssignment:62216" version="1">
              <ScheduledStopPointRef ref="VTR:ScheduledStopPoint:62216" version="1"/>
              <QuayRef ref="VTR:Quay:13150"/>
            </PassengerStopAssignment>
            <PassengerStopAssignment order="216100005" id="VTR:PassengerStopAssignment:62196" version="1">
              <ScheduledStopPointRef ref="VTR:ScheduledStopPoint:62196" version="1"/>
              <QuayRef ref="VTR:Quay:4720"/>
            </PassengerStopAssignment>
            <PassengerStopAssignment order="216100006" id="VTR:PassengerStopAssignment:62197" version="1">
              <ScheduledStopPointRef ref="VTR:ScheduledStopPoint:62197" version="1"/>
              <QuayRef ref="VTR:Quay:6441"/>
            </PassengerStopAssignment>
            <PassengerStopAssignment order="216100008" id="VTR:PassengerStopAssignment:62199" version="1">
              <ScheduledStopPointRef ref="VTR:ScheduledStopPoint:62199" version="1"/>
              <QuayRef ref="VTR:Quay:19451"/>
            </PassengerStopAssignment>
            <PassengerStopAssignment order="216100011" id="VTR:PassengerStopAssignment:62202" version="1">
              <ScheduledStopPointRef ref="VTR:ScheduledStopPoint:62202" version="1"/>
              <QuayRef ref="VTR:Quay:12646"/>
            </PassengerStopAssignment>
            <PassengerStopAssignment order="216100012" id="VTR:PassengerStopAssignment:62203" version="1">
              <ScheduledStopPointRef ref="VTR:ScheduledStopPoint:62203" version="1"/>
              <QuayRef ref="VTR:Quay:19491"/>
            </PassengerStopAssignment>
            <PassengerStopAssignment order="216100016" id="VTR:PassengerStopAssignment:62207" version="1">
              <ScheduledStopPointRef ref="VTR:ScheduledStopPoint:62207" version="1"/>
              <QuayRef ref="VTR:Quay:11789"/>
            </PassengerStopAssignment>
            <PassengerStopAssignment order="216100017" id="VTR:PassengerStopAssignment:62208" version="1">
              <ScheduledStopPointRef ref="VTR:ScheduledStopPoint:62208" version="1"/>
              <QuayRef ref="VTR:Quay:5706"/>
            </PassengerStopAssignment>
            <PassengerStopAssignment order="216100018" id="VTR:PassengerStopAssignment:62209" version="1">
              <ScheduledStopPointRef ref="VTR:ScheduledStopPoint:62209" version="1"/>
              <QuayRef ref="VTR:Quay:4369"/>
            </PassengerStopAssignment>
            <PassengerStopAssignment order="216100019" id="VTR:PassengerStopAssignment:62210" version="1">
              <ScheduledStopPointRef ref="VTR:ScheduledStopPoint:62210" version="1"/>
              <QuayRef ref="VTR:Quay:19494"/>
            </PassengerStopAssignment>
            <PassengerStopAssignment order="216100020" id="VTR:PassengerStopAssignment:62211" version="1">
              <ScheduledStopPointRef ref="VTR:ScheduledStopPoint:62211" version="1"/>
              <QuayRef ref="VTR:Quay:19446"/>
            </PassengerStopAssignment>
            <PassengerStopAssignment order="216100021" id="VTR:PassengerStopAssignment:62212" version="1">
              <ScheduledStopPointRef ref="VTR:ScheduledStopPoint:62212" version="1"/>
              <QuayRef ref="VTR:Quay:20127"/>
            </PassengerStopAssignment>
            <PassengerStopAssignment order="216100023" id="VTR:PassengerStopAssignment:62214" version="1">
              <ScheduledStopPointRef ref="VTR:ScheduledStopPoint:62214" version="1"/>
              <QuayRef ref="VTR:Quay:20988"/>
            </PassengerStopAssignment>
            <PassengerStopAssignment order="216100024" id="VTR:PassengerStopAssignment:62215" version="1">
              <ScheduledStopPointRef ref="VTR:ScheduledStopPoint:62215" version="1"/>
              <QuayRef ref="VTR:Quay:19471"/>
            </PassengerStopAssignment>
            <PassengerStopAssignment order="216200000" id="VTR:PassengerStopAssignment:62238" version="1">
              <ScheduledStopPointRef ref="VTR:ScheduledStopPoint:62238" version="1"/>
              <QuayRef ref="VTR:Quay:19471"/>
            </PassengerStopAssignment>
            <PassengerStopAssignment order="216200003" id="VTR:PassengerStopAssignment:62241" version="1">
              <ScheduledStopPointRef ref="VTR:ScheduledStopPoint:62241" version="1"/>
              <QuayRef ref="VTR:Quay:19446"/>
            </PassengerStopAssignment>
            <PassengerStopAssignment order="216200004" id="VTR:PassengerStopAssignment:62242" version="1">
              <ScheduledStopPointRef ref="VTR:ScheduledStopPoint:62242" version="1"/>
              <QuayRef ref="VTR:Quay:19494"/>
            </PassengerStopAssignment>
            <PassengerStopAssignment order="216200005" id="VTR:PassengerStopAssignment:62243" version="1">
              <ScheduledStopPointRef ref="VTR:ScheduledStopPoint:62243" version="1"/>
              <QuayRef ref="VTR:Quay:4369"/>
            </PassengerStopAssignment>
            <PassengerStopAssignment order="216200006" id="VTR:PassengerStopAssignment:62244" version="1">
              <ScheduledStopPointRef ref="VTR:ScheduledStopPoint:62244" version="1"/>
              <QuayRef ref="VTR:Quay:11768"/>
            </PassengerStopAssignment>
            <PassengerStopAssignment order="216200007" id="VTR:PassengerStopAssignment:62245" version="1">
              <ScheduledStopPointRef ref="VTR:ScheduledStopPoint:62245" version="1"/>
              <QuayRef ref="VTR:Quay:9593"/>
            </PassengerStopAssignment>
            <PassengerStopAssignment order="216200010" id="VTR:PassengerStopAssignment:62248" version="1">
              <ScheduledStopPointRef ref="VTR:ScheduledStopPoint:62248" version="1"/>
              <QuayRef ref="VTR:Quay:19491"/>
            </PassengerStopAssignment>
            <PassengerStopAssignment order="216200011" id="VTR:PassengerStopAssignment:62249" version="1">
              <ScheduledStopPointRef ref="VTR:ScheduledStopPoint:62249" version="1"/>
              <QuayRef ref="VTR:Quay:11785"/>
            </PassengerStopAssignment>
            <PassengerStopAssignment order="216200014" id="VTR:PassengerStopAssignment:62252" version="1">
              <ScheduledStopPointRef ref="VTR:ScheduledStopPoint:62252" version="1"/>
              <QuayRef ref="VTR:Quay:19451"/>
            </PassengerStopAssignment>
            <PassengerStopAssignment order="216200017" id="VTR:PassengerStopAssignment:62255" version="1">
              <ScheduledStopPointRef ref="VTR:ScheduledStopPoint:62255" version="1"/>
              <QuayRef ref="VTR:Quay:6421"/>
            </PassengerStopAssignment>
            <PassengerStopAssignment order="216200018" id="VTR:PassengerStopAssignment:62256" version="1">
              <ScheduledStopPointRef ref="VTR:ScheduledStopPoint:62256" version="1"/>
              <QuayRef ref="VTR:Quay:5702"/>
            </PassengerStopAssignment>
            <PassengerStopAssignment order="216200019" id="VTR:PassengerStopAssignment:62257" version="1">
              <ScheduledStopPointRef ref="VTR:ScheduledStopPoint:62257" version="1"/>
              <QuayRef ref="VTR:Quay:7215"/>
            </PassengerStopAssignment>
            <PassengerStopAssignment order="216200020" id="VTR:PassengerStopAssignment:62258" version="1">
              <ScheduledStopPointRef ref="VTR:ScheduledStopPoint:62258" version="1"/>
              <QuayRef ref="VTR:Quay:15252"/>
            </PassengerStopAssignment>
            <PassengerStopAssignment order="216200021" id="VTR:PassengerStopAssignment:62259" version="1">
              <ScheduledStopPointRef ref="VTR:ScheduledStopPoint:62259" version="1"/>
              <QuayRef ref="VTR:Quay:19458"/>
            </PassengerStopAssignment>
            <PassengerStopAssignment order="216200022" id="VTR:PassengerStopAssignment:62260" version="1">
              <ScheduledStopPointRef ref="VTR:ScheduledStopPoint:62260" version="1"/>
              <QuayRef ref="VTR:Quay:20165"/>
            </PassengerStopAssignment>
            <PassengerStopAssignment order="216200023" id="VTR:PassengerStopAssignment:62261" version="1">
              <ScheduledStopPointRef ref="VTR:ScheduledStopPoint:62261" version="1"/>
              <QuayRef ref="VTR:Quay:19488"/>
            </PassengerStopAssignment>
          </stopAssignments>
          <journeyPatterns>
            <JourneyPattern id="VTR:JourneyPattern:45869" version="45848">
              <Name>1*</Name>
              <RouteRef ref="VTR:Route:2161" version="1"/>
              <pointsInSequence>
                <StopPointInJourneyPattern id="VTR:StopPointInJourneyPattern:959995" version="45848" order="1">
                  <ScheduledStopPointRef ref="VTR:ScheduledStopPoint:62192"/>
                  <ForAlighting>false</ForAlighting>
                  <DestinationDisplayRef ref="VTR:DestinationDisplay:1"/>
                </StopPointInJourneyPattern>
                <StopPointInJourneyPattern id="VTR:StopPointInJourneyPattern:959996" version="45848" order="2">
                  <ScheduledStopPointRef ref="VTR:ScheduledStopPoint:62193"/>
                  <ForAlighting>false</ForAlighting>
                  <DestinationDisplayRef ref="VTR:DestinationDisplay:1"/>
                </StopPointInJourneyPattern>
                <StopPointInJourneyPattern id="VTR:StopPointInJourneyPattern:959997" version="45848" order="3">
                  <ScheduledStopPointRef ref="VTR:ScheduledStopPoint:62194"/>
                  <DestinationDisplayRef ref="VTR:DestinationDisplay:1"/>
                </StopPointInJourneyPattern>
                <StopPointInJourneyPattern id="VTR:StopPointInJourneyPattern:959998" version="45848" order="4">
                  <ScheduledStopPointRef ref="VTR:ScheduledStopPoint:62195"/>
                  <DestinationDisplayRef ref="VTR:DestinationDisplay:1"/>
                </StopPointInJourneyPattern>
                <StopPointInJourneyPattern id="VTR:StopPointInJourneyPattern:959999" version="45848" order="5">
                  <ScheduledStopPointRef ref="VTR:ScheduledStopPoint:62216"/>
                  <DestinationDisplayRef ref="VTR:DestinationDisplay:1"/>
                </StopPointInJourneyPattern>
                <StopPointInJourneyPattern id="VTR:StopPointInJourneyPattern:960000" version="45848" order="6">
                  <ScheduledStopPointRef ref="VTR:ScheduledStopPoint:62196"/>
                  <DestinationDisplayRef ref="VTR:DestinationDisplay:1"/>
                </StopPointInJourneyPattern>
                <StopPointInJourneyPattern id="VTR:StopPointInJourneyPattern:960001" version="45848" order="7">
                  <ScheduledStopPointRef ref="VTR:ScheduledStopPoint:62197"/>
                  <DestinationDisplayRef ref="VTR:DestinationDisplay:1"/>
                </StopPointInJourneyPattern>
                <StopPointInJourneyPattern id="VTR:StopPointInJourneyPattern:960002" version="45848" order="8">
                  <ScheduledStopPointRef ref="VTR:ScheduledStopPoint:62199"/>
                  <DestinationDisplayRef ref="VTR:DestinationDisplay:1"/>
                </StopPointInJourneyPattern>
                <StopPointInJourneyPattern id="VTR:StopPointInJourneyPattern:960003" version="45848" order="9">
                  <ScheduledStopPointRef ref="VTR:ScheduledStopPoint:62202"/>
                  <DestinationDisplayRef ref="VTR:DestinationDisplay:1"/>
                </StopPointInJourneyPattern>
                <StopPointInJourneyPattern id="VTR:StopPointInJourneyPattern:960004" version="45848" order="10">
                  <ScheduledStopPointRef ref="VTR:ScheduledStopPoint:62203"/>
                  <DestinationDisplayRef ref="VTR:DestinationDisplay:1"/>
                </StopPointInJourneyPattern>
                <StopPointInJourneyPattern id="VTR:StopPointInJourneyPattern:960005" version="45848" order="11">
                  <ScheduledStopPointRef ref="VTR:ScheduledStopPoint:62207"/>
                  <DestinationDisplayRef ref="VTR:DestinationDisplay:1"/>
                </StopPointInJourneyPattern>
                <StopPointInJourneyPattern id="VTR:StopPointInJourneyPattern:960006" version="45848" order="12">
                  <ScheduledStopPointRef ref="VTR:ScheduledStopPoint:62208"/>
                  <DestinationDisplayRef ref="VTR:DestinationDisplay:1"/>
                </StopPointInJourneyPattern>
                <StopPointInJourneyPattern id="VTR:StopPointInJourneyPattern:960007" version="45848" order="13">
                  <ScheduledStopPointRef ref="VTR:ScheduledStopPoint:62209"/>
                  <DestinationDisplayRef ref="VTR:DestinationDisplay:1"/>
                </StopPointInJourneyPattern>
                <StopPointInJourneyPattern id="VTR:StopPointInJourneyPattern:960008" version="45848" order="14">
                  <ScheduledStopPointRef ref="VTR:ScheduledStopPoint:62210"/>
                  <DestinationDisplayRef ref="VTR:DestinationDisplay:1"/>
                </StopPointInJourneyPattern>
                <StopPointInJourneyPattern id="VTR:StopPointInJourneyPattern:960009" version="45848" order="15">
                  <ScheduledStopPointRef ref="VTR:ScheduledStopPoint:62211"/>
                  <DestinationDisplayRef ref="VTR:DestinationDisplay:1"/>
                </StopPointInJourneyPattern>
                <StopPointInJourneyPattern id="VTR:StopPointInJourneyPattern:960010" version="45848" order="16">
                  <ScheduledStopPointRef ref="VTR:ScheduledStopPoint:62212"/>
                  <ForBoarding>false</ForBoarding>
                  <DestinationDisplayRef ref="VTR:DestinationDisplay:1"/>
                </StopPointInJourneyPattern>
                <StopPointInJourneyPattern id="VTR:StopPointInJourneyPattern:960011" version="45848" order="17">
                  <ScheduledStopPointRef ref="VTR:ScheduledStopPoint:62214"/>
                  <ForBoarding>false</ForBoarding>
                  <DestinationDisplayRef ref="VTR:DestinationDisplay:1"/>
                </StopPointInJourneyPattern>
                <StopPointInJourneyPattern id="VTR:StopPointInJourneyPattern:960012" version="45848" order="18">
                  <ScheduledStopPointRef ref="VTR:ScheduledStopPoint:62215"/>
                  <ForBoarding>false</ForBoarding>
                  <DestinationDisplayRef ref="VTR:DestinationDisplay:1"/>
                </StopPointInJourneyPattern>
              </pointsInSequence>
            </JourneyPattern>
            <JourneyPattern id="VTR:JourneyPattern:45889" version="45868">
              <Name>2*</Name>
              <RouteRef ref="VTR:Route:2162" version="1"/>
              <pointsInSequence>
                <StopPointInJourneyPattern id="VTR:StopPointInJourneyPattern:960197" version="45868" order="1">
                  <ScheduledStopPointRef ref="VTR:ScheduledStopPoint:62238"/>
                  <ForAlighting>false</ForAlighting>
                  <DestinationDisplayRef ref="VTR:DestinationDisplay:1"/>
                </StopPointInJourneyPattern>
                <StopPointInJourneyPattern id="VTR:StopPointInJourneyPattern:960198" version="45868" order="2">
                  <ScheduledStopPointRef ref="VTR:ScheduledStopPoint:62241"/>
                  <DestinationDisplayRef ref="VTR:DestinationDisplay:1"/>
                </StopPointInJourneyPattern>
                <StopPointInJourneyPattern id="VTR:StopPointInJourneyPattern:960199" version="45868" order="3">
                  <ScheduledStopPointRef ref="VTR:ScheduledStopPoint:62242"/>
                  <DestinationDisplayRef ref="VTR:DestinationDisplay:1"/>
                </StopPointInJourneyPattern>
                <StopPointInJourneyPattern id="VTR:StopPointInJourneyPattern:960200" version="45868" order="4">
                  <ScheduledStopPointRef ref="VTR:ScheduledStopPoint:62243"/>
                  <DestinationDisplayRef ref="VTR:DestinationDisplay:1"/>
                </StopPointInJourneyPattern>
                <StopPointInJourneyPattern id="VTR:StopPointInJourneyPattern:960201" version="45868" order="5">
                  <ScheduledStopPointRef ref="VTR:ScheduledStopPoint:62244"/>
                  <DestinationDisplayRef ref="VTR:DestinationDisplay:1"/>
                </StopPointInJourneyPattern>
                <StopPointInJourneyPattern id="VTR:StopPointInJourneyPattern:960202" version="45868" order="6">
                  <ScheduledStopPointRef ref="VTR:ScheduledStopPoint:62245"/>
                  <DestinationDisplayRef ref="VTR:DestinationDisplay:1"/>
                </StopPointInJourneyPattern>
                <StopPointInJourneyPattern id="VTR:StopPointInJourneyPattern:960203" version="45868" order="7">
                  <ScheduledStopPointRef ref="VTR:ScheduledStopPoint:62248"/>
                  <DestinationDisplayRef ref="VTR:DestinationDisplay:1"/>
                </StopPointInJourneyPattern>
                <StopPointInJourneyPattern id="VTR:StopPointInJourneyPattern:960204" version="45868" order="8">
                  <ScheduledStopPointRef ref="VTR:ScheduledStopPoint:62249"/>
                  <DestinationDisplayRef ref="VTR:DestinationDisplay:1"/>
                </StopPointInJourneyPattern>
                <StopPointInJourneyPattern id="VTR:StopPointInJourneyPattern:960205" version="45868" order="9">
                  <ScheduledStopPointRef ref="VTR:ScheduledStopPoint:62252"/>
                  <DestinationDisplayRef ref="VTR:DestinationDisplay:1"/>
                </StopPointInJourneyPattern>
                <StopPointInJourneyPattern id="VTR:StopPointInJourneyPattern:960206" version="45868" order="10">
                  <ScheduledStopPointRef ref="VTR:ScheduledStopPoint:62255"/>
                  <DestinationDisplayRef ref="VTR:DestinationDisplay:1"/>
                </StopPointInJourneyPattern>
                <StopPointInJourneyPattern id="VTR:StopPointInJourneyPattern:960207" version="45868" order="11">
                  <ScheduledStopPointRef ref="VTR:ScheduledStopPoint:62256"/>
                  <DestinationDisplayRef ref="VTR:DestinationDisplay:1"/>
                </StopPointInJourneyPattern>
                <StopPointInJourneyPattern id="VTR:StopPointInJourneyPattern:960208" version="45868" order="12">
                  <ScheduledStopPointRef ref="VTR:ScheduledStopPoint:62257"/>
                  <DestinationDisplayRef ref="VTR:DestinationDisplay:1"/>
                </StopPointInJourneyPattern>
                <StopPointInJourneyPattern id="VTR:StopPointInJourneyPattern:960209" version="45868" order="13">
                  <ScheduledStopPointRef ref="VTR:ScheduledStopPoint:62258"/>
                  <DestinationDisplayRef ref="VTR:DestinationDisplay:1"/>
                </StopPointInJourneyPattern>
                <StopPointInJourneyPattern id="VTR:StopPointInJourneyPattern:960210" version="45868" order="14">
                  <ScheduledStopPointRef ref="VTR:ScheduledStopPoint:62259"/>
                  <DestinationDisplayRef ref="VTR:DestinationDisplay:1"/>
                </StopPointInJourneyPattern>
                <StopPointInJourneyPattern id="VTR:StopPointInJourneyPattern:960211" version="45868" order="15">
                  <ScheduledStopPointRef ref="VTR:ScheduledStopPoint:62260"/>
                  <ForBoarding>false</ForBoarding>
                  <DestinationDisplayRef ref="VTR:DestinationDisplay:1"/>
                </StopPointInJourneyPattern>
                <StopPointInJourneyPattern id="VTR:StopPointInJourneyPattern:960212" version="45868" order="16">
                  <ScheduledStopPointRef ref="VTR:ScheduledStopPoint:62261"/>
                  <ForBoarding>false</ForBoarding>
                  <DestinationDisplayRef ref="VTR:DestinationDisplay:1"/>
                </StopPointInJourneyPattern>
              </pointsInSequence>
            </JourneyPattern>
          </journeyPatterns>
        </ServiceFrame>
        <TimetableFrame version="1" id="VTR:TimetableFrame:1109">
          <vehicleJourneys>
            <ServiceJourney version="45868" id="VTR:ServiceJourney:45889">
              <Name>Klaipėda-Šiauliai</Name>
              <PrivateCode>2*</PrivateCode>
              <dayTypes>
                <DayTypeRef ref="VTR:DayType:90"/>
              </dayTypes>
              <JourneyPatternRef version="45868" ref="VTR:JourneyPattern:45889"/>
              <OperatorRef ref="VTR:Operator:448"/>
              <LineRef ref="VTR:Line:701" version="686"/>
              <passingTimes>
                <TimetabledPassingTime version="45868" id="VTR:TimetabledPassingTime:45889_960197_1">
                  <StopPointInJourneyPatternRef ref="VTR:StopPointInJourneyPattern:960197" version="45868"/>
                  <DepartureTime>17:10:00</DepartureTime>
                  <DepartureDayOffset>0</DepartureDayOffset>
                </TimetabledPassingTime>
                <TimetabledPassingTime version="45868" id="VTR:TimetabledPassingTime:45889_960198_2">
                  <StopPointInJourneyPatternRef ref="VTR:StopPointInJourneyPattern:960198" version="45868"/>
                  <DepartureTime>17:45:00</DepartureTime>
                  <DepartureDayOffset>0</DepartureDayOffset>
                </TimetabledPassingTime>
                <TimetabledPassingTime version="45868" id="VTR:TimetabledPassingTime:45889_960199_3">
                  <StopPointInJourneyPatternRef ref="VTR:StopPointInJourneyPattern:960199" version="45868"/>
                  <DepartureTime>18:05:00</DepartureTime>
                  <DepartureDayOffset>0</DepartureDayOffset>
                </TimetabledPassingTime>
                <TimetabledPassingTime version="45868" id="VTR:TimetabledPassingTime:45889_960200_4">
                  <StopPointInJourneyPatternRef ref="VTR:StopPointInJourneyPattern:960200" version="45868"/>
                  <DepartureTime>18:21:00</DepartureTime>
                  <DepartureDayOffset>0</DepartureDayOffset>
                </TimetabledPassingTime>
                <TimetabledPassingTime version="45868" id="VTR:TimetabledPassingTime:45889_960201_5">
                  <StopPointInJourneyPatternRef ref="VTR:StopPointInJourneyPattern:960201" version="45868"/>
                  <DepartureTime>18:28:00</DepartureTime>
                  <DepartureDayOffset>0</DepartureDayOffset>
                </TimetabledPassingTime>
                <TimetabledPassingTime version="45868" id="VTR:TimetabledPassingTime:45889_960202_6">
                  <StopPointInJourneyPatternRef ref="VTR:StopPointInJourneyPattern:960202" version="45868"/>
                  <DepartureTime>18:32:00</DepartureTime>
                  <DepartureDayOffset>0</DepartureDayOffset>
                </TimetabledPassingTime>
                <TimetabledPassingTime version="45868" id="VTR:TimetabledPassingTime:45889_960203_7">
                  <StopPointInJourneyPatternRef ref="VTR:StopPointInJourneyPattern:960203" version="45868"/>
                  <DepartureTime>18:55:00</DepartureTime>
                  <DepartureDayOffset>0</DepartureDayOffset>
                </TimetabledPassingTime>
                <TimetabledPassingTime version="45868" id="VTR:TimetabledPassingTime:45889_960204_8">
                  <StopPointInJourneyPatternRef ref="VTR:StopPointInJourneyPattern:960204" version="45868"/>
                  <DepartureTime>19:01:00</DepartureTime>
                  <DepartureDayOffset>0</DepartureDayOffset>
                </TimetabledPassingTime>
                <TimetabledPassingTime version="45868" id="VTR:TimetabledPassingTime:45889_960205_9">
                  <StopPointInJourneyPatternRef ref="VTR:StopPointInJourneyPattern:960205" version="45868"/>
                  <DepartureTime>19:25:00</DepartureTime>
                  <DepartureDayOffset>0</DepartureDayOffset>
                </TimetabledPassingTime>
                <TimetabledPassingTime version="45868" id="VTR:TimetabledPassingTime:45889_960206_10">
                  <StopPointInJourneyPatternRef ref="VTR:StopPointInJourneyPattern:960206" version="45868"/>
                  <DepartureTime>19:36:00</DepartureTime>
                  <DepartureDayOffset>0</DepartureDayOffset>
                </TimetabledPassingTime>
                <TimetabledPassingTime version="45868" id="VTR:TimetabledPassingTime:45889_960207_11">
                  <StopPointInJourneyPatternRef ref="VTR:StopPointInJourneyPattern:960207" version="45868"/>
                  <DepartureTime>19:49:00</DepartureTime>
                  <DepartureDayOffset>0</DepartureDayOffset>
                </TimetabledPassingTime>
                <TimetabledPassingTime version="45868" id="VTR:TimetabledPassingTime:45889_960208_12">
                  <StopPointInJourneyPatternRef ref="VTR:StopPointInJourneyPattern:960208" version="45868"/>
                  <DepartureTime>19:52:00</DepartureTime>
                  <DepartureDayOffset>0</DepartureDayOffset>
                </TimetabledPassingTime>
                <TimetabledPassingTime version="45868" id="VTR:TimetabledPassingTime:45889_960209_13">
                  <StopPointInJourneyPatternRef ref="VTR:StopPointInJourneyPattern:960209" version="45868"/>
                  <DepartureTime>19:55:00</DepartureTime>
                  <DepartureDayOffset>0</DepartureDayOffset>
                </TimetabledPassingTime>
                <TimetabledPassingTime version="45868" id="VTR:TimetabledPassingTime:45889_960210_14">
                  <StopPointInJourneyPatternRef ref="VTR:StopPointInJourneyPattern:960210" version="45868"/>
                  <DepartureTime>20:09:00</DepartureTime>
                  <DepartureDayOffset>0</DepartureDayOffset>
                </TimetabledPassingTime>
                <TimetabledPassingTime version="45868" id="VTR:TimetabledPassingTime:45889_960211_15">
                  <StopPointInJourneyPatternRef ref="VTR:StopPointInJourneyPattern:960211" version="45868"/>
                  <DepartureTime>20:28:00</DepartureTime>
                  <DepartureDayOffset>0</DepartureDayOffset>
                </TimetabledPassingTime>
                <TimetabledPassingTime version="45868" id="VTR:TimetabledPassingTime:45889_960212_16">
                  <StopPointInJourneyPatternRef ref="VTR:StopPointInJourneyPattern:960212" version="45868"/>
                  <DepartureTime>20:45:00</DepartureTime>
                  <DepartureDayOffset>0</DepartureDayOffset>
                </TimetabledPassingTime>
              </passingTimes>
            </ServiceJourney>
            <ServiceJourney version="45848" id="VTR:ServiceJourney:45869">
              <Name>Šiauliai-Klaipėda</Name>
              <PrivateCode>1*</PrivateCode>
              <dayTypes>
                <DayTypeRef ref="VTR:DayType:90"/>
              </dayTypes>
              <JourneyPatternRef version="45848" ref="VTR:JourneyPattern:45869"/>
              <OperatorRef ref="VTR:Operator:448"/>
              <LineRef ref="VTR:Line:701" version="686"/>
              <passingTimes>
                <TimetabledPassingTime version="45848" id="VTR:TimetabledPassingTime:45869_959995_1">
                  <StopPointInJourneyPatternRef ref="VTR:StopPointInJourneyPattern:959995" version="45848"/>
                  <DepartureTime>12:30:00</DepartureTime>
                  <DepartureDayOffset>0</DepartureDayOffset>
                </TimetabledPassingTime>
                <TimetabledPassingTime version="45848" id="VTR:TimetabledPassingTime:45869_959996_2">
                  <StopPointInJourneyPatternRef ref="VTR:StopPointInJourneyPattern:959996" version="45848"/>
                  <DepartureTime>12:37:00</DepartureTime>
                  <DepartureDayOffset>0</DepartureDayOffset>
                </TimetabledPassingTime>
                <TimetabledPassingTime version="45848" id="VTR:TimetabledPassingTime:45869_959997_3">
                  <StopPointInJourneyPatternRef ref="VTR:StopPointInJourneyPattern:959997" version="45848"/>
                  <DepartureTime>12:56:00</DepartureTime>
                  <DepartureDayOffset>0</DepartureDayOffset>
                </TimetabledPassingTime>
                <TimetabledPassingTime version="45848" id="VTR:TimetabledPassingTime:45869_959998_4">
                  <StopPointInJourneyPatternRef ref="VTR:StopPointInJourneyPattern:959998" version="45848"/>
                  <DepartureTime>13:09:00</DepartureTime>
                  <DepartureDayOffset>0</DepartureDayOffset>
                </TimetabledPassingTime>
                <TimetabledPassingTime version="45848" id="VTR:TimetabledPassingTime:45869_959999_5">
                  <StopPointInJourneyPatternRef ref="VTR:StopPointInJourneyPattern:959999" version="45848"/>
                  <DepartureTime>13:13:00</DepartureTime>
                  <DepartureDayOffset>0</DepartureDayOffset>
                </TimetabledPassingTime>
                <TimetabledPassingTime version="45848" id="VTR:TimetabledPassingTime:45869_960000_6">
                  <StopPointInJourneyPatternRef ref="VTR:StopPointInJourneyPattern:960000" version="45848"/>
                  <DepartureTime>13:16:00</DepartureTime>
                  <DepartureDayOffset>0</DepartureDayOffset>
                </TimetabledPassingTime>
                <TimetabledPassingTime version="45848" id="VTR:TimetabledPassingTime:45869_960001_7">
                  <StopPointInJourneyPatternRef ref="VTR:StopPointInJourneyPattern:960001" version="45848"/>
                  <DepartureTime>13:28:00</DepartureTime>
                  <DepartureDayOffset>0</DepartureDayOffset>
                </TimetabledPassingTime>
                <TimetabledPassingTime version="45848" id="VTR:TimetabledPassingTime:45869_960002_8">
                  <StopPointInJourneyPatternRef ref="VTR:StopPointInJourneyPattern:960002" version="45848"/>
                  <DepartureTime>13:45:00</DepartureTime>
                  <DepartureDayOffset>0</DepartureDayOffset>
                </TimetabledPassingTime>
                <TimetabledPassingTime version="45848" id="VTR:TimetabledPassingTime:45869_960003_9">
                  <StopPointInJourneyPatternRef ref="VTR:StopPointInJourneyPattern:960003" version="45848"/>
                  <DepartureTime>14:07:00</DepartureTime>
                  <DepartureDayOffset>0</DepartureDayOffset>
                </TimetabledPassingTime>
                <TimetabledPassingTime version="45848" id="VTR:TimetabledPassingTime:45869_960004_10">
                  <StopPointInJourneyPatternRef ref="VTR:StopPointInJourneyPattern:960004" version="45848"/>
                  <DepartureTime>14:20:00</DepartureTime>
                  <DepartureDayOffset>0</DepartureDayOffset>
                </TimetabledPassingTime>
                <TimetabledPassingTime version="45848" id="VTR:TimetabledPassingTime:45869_960005_11">
                  <StopPointInJourneyPatternRef ref="VTR:StopPointInJourneyPattern:960005" version="45848"/>
                  <DepartureTime>14:34:00</DepartureTime>
                  <DepartureDayOffset>0</DepartureDayOffset>
                </TimetabledPassingTime>
                <TimetabledPassingTime version="45848" id="VTR:TimetabledPassingTime:45869_960006_12">
                  <StopPointInJourneyPatternRef ref="VTR:StopPointInJourneyPattern:960006" version="45848"/>
                  <DepartureTime>14:38:00</DepartureTime>
                  <DepartureDayOffset>0</DepartureDayOffset>
                </TimetabledPassingTime>
                <TimetabledPassingTime version="45848" id="VTR:TimetabledPassingTime:45869_960007_13">
                  <StopPointInJourneyPatternRef ref="VTR:StopPointInJourneyPattern:960007" version="45848"/>
                  <DepartureTime>14:46:00</DepartureTime>
                  <DepartureDayOffset>0</DepartureDayOffset>
                </TimetabledPassingTime>
                <TimetabledPassingTime version="45848" id="VTR:TimetabledPassingTime:45869_960008_14">
                  <StopPointInJourneyPatternRef ref="VTR:StopPointInJourneyPattern:960008" version="45848"/>
                  <DepartureTime>15:05:00</DepartureTime>
                  <DepartureDayOffset>0</DepartureDayOffset>
                </TimetabledPassingTime>
                <TimetabledPassingTime version="45848" id="VTR:TimetabledPassingTime:45869_960009_15">
                  <StopPointInJourneyPatternRef ref="VTR:StopPointInJourneyPattern:960009" version="45848"/>
                  <DepartureTime>15:25:00</DepartureTime>
                  <DepartureDayOffset>0</DepartureDayOffset>
                </TimetabledPassingTime>
                <TimetabledPassingTime version="45848" id="VTR:TimetabledPassingTime:45869_960010_16">
                  <StopPointInJourneyPatternRef ref="VTR:StopPointInJourneyPattern:960010" version="45848"/>
                  <DepartureTime>15:45:00</DepartureTime>
                  <DepartureDayOffset>0</DepartureDayOffset>
                </TimetabledPassingTime>
                <TimetabledPassingTime version="45848" id="VTR:TimetabledPassingTime:45869_960011_17">
                  <StopPointInJourneyPatternRef ref="VTR:StopPointInJourneyPattern:960011" version="45848"/>
                  <DepartureTime>15:50:00</DepartureTime>
                  <DepartureDayOffset>0</DepartureDayOffset>
                </TimetabledPassingTime>
                <TimetabledPassingTime version="45848" id="VTR:TimetabledPassingTime:45869_960012_18">
                  <StopPointInJourneyPatternRef ref="VTR:StopPointInJourneyPattern:960012" version="45848"/>
                  <DepartureTime>16:05:00</DepartureTime>
                  <DepartureDayOffset>0</DepartureDayOffset>
                </TimetabledPassingTime>
              </passingTimes>
            </ServiceJourney>
          </vehicleJourneys>
        </TimetableFrame>
        <ResourceFrame version="1" id="VTR:ResourceFrame:1109">
          <organisations>
            <Authority version="1" id="VTR:Authority:2">
              <CompanyNumber>188647255</CompanyNumber>
              <Name>LTSA</Name>
              <LegalName>Lietuvos transporto saugos administracija</LegalName>
              <ContactDetails>
                <Email>ltsa@ltsa.lrv.lt</Email>
                <Phone>8 5  278 5602</Phone>
                <Url>www.ltsa.lrv.lt</Url>
              </ContactDetails>
              <OrganisationType>authority</OrganisationType>
            </Authority>
          </organisations>
        </ResourceFrame>
      </frames>
    </CompositeFrame>
  </dataObjects>
</PublicationDelivery>
