<?xml version="1.0" encoding="UTF-8"?><PublicationDelivery xmlns="http://www.netex.org.uk/netex" xmlns:gis="http://www.opengis.net/gml/3.2" xmlns:ns2="http://www.opengis.net/gml/3.2" xmlns:ns3="http://www.siri.org.uk/siri" xmlns:xsi="http://www.w3.org/2001/XMLSchema-instance" version="1" xsi:schemaLocation="">
  <PublicationTimestamp>2022-03-19T00:40:00.256</PublicationTimestamp>
  <ParticipantRef>VTR</ParticipantRef>
  <Description>1</Description>
  <dataObjects>
    <CompositeFrame created="2022-03-19T00:40:00.256" version="1" id="VTR:CompositeFrame:1109">
      <validityConditions>
        <AvailabilityCondition version="1" id="VTR:AvailabilityCondition:1109">
          <FromDate>2010-03-17T00:00:00</FromDate>
          <ToDate>2023-03-31T00:00:00</ToDate>
        </AvailabilityCondition>
      </validityConditions>
      <codespaces>
        <Codespace id="vtr">
          <Xmlns>VTR</Xmlns>
          <XmlnsUrl>http://www.visimarsrutai.lt/</XmlnsUrl>
        </Codespace>
      </codespaces>
      <FrameDefaults>
        <DefaultLocale>
          <TimeZone>Europe/Vilnius</TimeZone>
        </DefaultLocale>
        <DefaultLocationSystem>WGS84</DefaultLocationSystem>
      </FrameDefaults>
      <frames>
        <ServiceCalendarFrame version="1" id="VTR:ServiceCalendarFrame:1109">
          <dayTypes>
            <DayType id="VTR:DayType:91" version="1">
              <properties>
                <PropertyOfDay>
                  <DaysOfWeek>Friday Sunday</DaysOfWeek>
                </PropertyOfDay>
              </properties>
            </DayType>
            <DayType id="VTR:DayType:94" version="1">
              <properties>
                <PropertyOfDay>
                  <DaysOfWeek>Friday</DaysOfWeek>
                </PropertyOfDay>
              </properties>
            </DayType>
          </dayTypes>
          <operatingPeriods>
            <OperatingPeriod version="1" id="VTR:OperatingPeriod:91">
              <FromDate>2015-06-02T00:00:00</FromDate>
              <ToDate>2099-12-31T00:00:00</ToDate>
            </OperatingPeriod>
            <OperatingPeriod version="1" id="VTR:OperatingPeriod:94">
              <FromDate>2015-06-02T00:00:00</FromDate>
              <ToDate>2099-12-31T00:00:00</ToDate>
            </OperatingPeriod>
          </operatingPeriods>
          <dayTypeAssignments>
            <DayTypeAssignment id="VTR:DayTypeAssignment:91_0" version="1" order="225">
              <OperatingPeriodRef ref="VTR:OperatingPeriod:91" version="1"/>
              <DayTypeRef ref="VTR:DayType:91" version="1"/>
            </DayTypeAssignment>
            <DayTypeAssignment id="VTR:DayTypeAssignment:94_0" version="1" order="237">
              <OperatingPeriodRef ref="VTR:OperatingPeriod:94" version="1"/>
              <DayTypeRef ref="VTR:DayType:94" version="1"/>
            </DayTypeAssignment>
          </dayTypeAssignments>
        </ServiceCalendarFrame>
        <ServiceFrame id="VTR:ServiceFrame:1109" version="1">
          <Network version="0" id="VTR:Network:2"/>
          <routePoints>
            <RoutePoint version="1" id="VTR:RoutePoint:55251">
              <projections>
                <PointProjection version="1" id="VTR:PointProjection:1893">
                  <ProjectedPointRef ref="VTR:ScheduledStopPoint:55251" version="1"/>
                </PointProjection>
              </projections>
            </RoutePoint>
            <RoutePoint version="1" id="VTR:RoutePoint:55252">
              <projections>
                <PointProjection version="1" id="VTR:PointProjection:1894">
                  <ProjectedPointRef ref="VTR:ScheduledStopPoint:55252" version="1"/>
                </PointProjection>
              </projections>
            </RoutePoint>
            <RoutePoint version="1" id="VTR:RoutePoint:55260">
              <projections>
                <PointProjection version="1" id="VTR:PointProjection:2083">
                  <ProjectedPointRef ref="VTR:ScheduledStopPoint:55260" version="1"/>
                </PointProjection>
              </projections>
            </RoutePoint>
            <RoutePoint version="1" id="VTR:RoutePoint:55261">
              <projections>
                <PointProjection version="1" id="VTR:PointProjection:2084">
                  <ProjectedPointRef ref="VTR:ScheduledStopPoint:55261" version="1"/>
                </PointProjection>
              </projections>
            </RoutePoint>
            <RoutePoint version="1" id="VTR:RoutePoint:55262">
              <projections>
                <PointProjection version="1" id="VTR:PointProjection:2085">
                  <ProjectedPointRef ref="VTR:ScheduledStopPoint:55262" version="1"/>
                </PointProjection>
              </projections>
            </RoutePoint>
            <RoutePoint version="1" id="VTR:RoutePoint:55263">
              <projections>
                <PointProjection version="1" id="VTR:PointProjection:2086">
                  <ProjectedPointRef ref="VTR:ScheduledStopPoint:55263" version="1"/>
                </PointProjection>
              </projections>
            </RoutePoint>
            <RoutePoint version="1" id="VTR:RoutePoint:55264">
              <projections>
                <PointProjection version="1" id="VTR:PointProjection:2087">
                  <ProjectedPointRef ref="VTR:ScheduledStopPoint:55264" version="1"/>
                </PointProjection>
              </projections>
            </RoutePoint>
            <RoutePoint version="1" id="VTR:RoutePoint:55265">
              <projections>
                <PointProjection version="1" id="VTR:PointProjection:2088">
                  <ProjectedPointRef ref="VTR:ScheduledStopPoint:55265" version="1"/>
                </PointProjection>
              </projections>
            </RoutePoint>
            <RoutePoint version="1" id="VTR:RoutePoint:60759">
              <projections>
                <PointProjection version="1" id="VTR:PointProjection:12189">
                  <ProjectedPointRef ref="VTR:ScheduledStopPoint:60759" version="1"/>
                </PointProjection>
              </projections>
            </RoutePoint>
            <RoutePoint version="1" id="VTR:RoutePoint:60762">
              <projections>
                <PointProjection version="1" id="VTR:PointProjection:12190">
                  <ProjectedPointRef ref="VTR:ScheduledStopPoint:60762" version="1"/>
                </PointProjection>
              </projections>
            </RoutePoint>
          </routePoints>
          <routes>
            <Route version="1" id="VTR:Route:3338">
              <Name>Utena-Vilnius</Name>
              <ShortName>Utena-Vilnius</ShortName>
              <LineRef ref="VTR:Line:1373" version="1354"/>
              <DirectionType>outbound</DirectionType>
              <pointsInSequence>
                <PointOnRoute version="1" id="VTR:PointOnRoute:55261" order="1">
                  <RoutePointRef ref="VTR:RoutePoint:55261"/>
                </PointOnRoute>
                <PointOnRoute version="1" id="VTR:PointOnRoute:55262" order="2">
                  <RoutePointRef ref="VTR:RoutePoint:55262"/>
                </PointOnRoute>
                <PointOnRoute version="1" id="VTR:PointOnRoute:55263" order="3">
                  <RoutePointRef ref="VTR:RoutePoint:55263"/>
                </PointOnRoute>
                <PointOnRoute version="1" id="VTR:PointOnRoute:55264" order="4">
                  <RoutePointRef ref="VTR:RoutePoint:55264"/>
                </PointOnRoute>
                <PointOnRoute version="1" id="VTR:PointOnRoute:55265" order="5">
                  <RoutePointRef ref="VTR:RoutePoint:55265"/>
                </PointOnRoute>
                <PointOnRoute version="1" id="VTR:PointOnRoute:55260" order="6">
                  <RoutePointRef ref="VTR:RoutePoint:55260"/>
                </PointOnRoute>
              </pointsInSequence>
            </Route>
            <Route version="1" id="VTR:Route:3337">
              <Name>Vilnius-Utena</Name>
              <ShortName>Vilnius-Utena</ShortName>
              <LineRef ref="VTR:Line:1373" version="1354"/>
              <DirectionType>inbound</DirectionType>
              <pointsInSequence>
                <PointOnRoute version="1" id="VTR:PointOnRoute:55251" order="1">
                  <RoutePointRef ref="VTR:RoutePoint:55251"/>
                </PointOnRoute>
                <PointOnRoute version="1" id="VTR:PointOnRoute:60759" order="2">
                  <RoutePointRef ref="VTR:RoutePoint:60759"/>
                </PointOnRoute>
                <PointOnRoute version="1" id="VTR:PointOnRoute:60762" order="3">
                  <RoutePointRef ref="VTR:RoutePoint:60762"/>
                </PointOnRoute>
                <PointOnRoute version="1" id="VTR:PointOnRoute:55252" order="4">
                  <RoutePointRef ref="VTR:RoutePoint:55252"/>
                </PointOnRoute>
              </pointsInSequence>
            </Route>
          </routes>
          <lines>
            <Line version="1354" id="VTR:Line:1373">
              <Name>Utena-Vilnius</Name>
              <TransportMode>bus</TransportMode>
              <TransportSubmode>
                <CoachSubmode>nationalCoach</CoachSubmode>
              </TransportSubmode>
              <PublicCode>M-861</PublicCode>
              <OperatorRef ref="VTR:Operator:2"/>
            </Line>
          </lines>
          <scheduledStopPoints>
            <ScheduledStopPoint version="1" id="VTR:ScheduledStopPoint:55251">
              <Name>Vilniaus autobusų stotis</Name>
            </ScheduledStopPoint>
            <ScheduledStopPoint version="1" id="VTR:ScheduledStopPoint:55252">
              <Name>Utenos autobusų stotis</Name>
            </ScheduledStopPoint>
            <ScheduledStopPoint version="1" id="VTR:ScheduledStopPoint:55260">
              <Name>Vilniaus autobusų stotis</Name>
            </ScheduledStopPoint>
            <ScheduledStopPoint version="1" id="VTR:ScheduledStopPoint:55261">
              <Name>Utenos autobusų stotis</Name>
            </ScheduledStopPoint>
            <ScheduledStopPoint version="1" id="VTR:ScheduledStopPoint:55262">
              <Name>Molėtų plentas</Name>
            </ScheduledStopPoint>
            <ScheduledStopPoint version="1" id="VTR:ScheduledStopPoint:55263">
              <Name>Ateities</Name>
            </ScheduledStopPoint>
            <ScheduledStopPoint version="1" id="VTR:ScheduledStopPoint:55264">
              <Name>Gedimino prospektas</Name>
            </ScheduledStopPoint>
            <ScheduledStopPoint version="1" id="VTR:ScheduledStopPoint:55265">
              <Name>Žemaitės</Name>
            </ScheduledStopPoint>
            <ScheduledStopPoint version="1" id="VTR:ScheduledStopPoint:60759">
              <Name>Ateities</Name>
            </ScheduledStopPoint>
            <ScheduledStopPoint version="1" id="VTR:ScheduledStopPoint:60762">
              <Name>Molėtų plentas</Name>
            </ScheduledStopPoint>
          </scheduledStopPoints>
          <serviceLinks>
            <ServiceLink id="VTR:ServiceLink:55265_1_55260_1" version="1">
              <Distance>2</Distance>
              <FromPointRef ref="VTR:ScheduledStopPoint:55265" version="1"/>
              <ToPointRef ref="VTR:ScheduledStopPoint:55260" version="1"/>
            </ServiceLink>
            <ServiceLink id="VTR:ServiceLink:55263_1_55264_1" version="1">
              <Distance>5</Distance>
              <FromPointRef ref="VTR:ScheduledStopPoint:55263" version="1"/>
              <ToPointRef ref="VTR:ScheduledStopPoint:55264" version="1"/>
            </ServiceLink>
            <ServiceLink id="VTR:ServiceLink:55264_1_55265_1" version="1">
              <Distance>2</Distance>
              <FromPointRef ref="VTR:ScheduledStopPoint:55264" version="1"/>
              <ToPointRef ref="VTR:ScheduledStopPoint:55265" version="1"/>
            </ServiceLink>
          </serviceLinks>
          <stopAssignments>
            <PassengerStopAssignment order="333700000" id="VTR:PassengerStopAssignment:55251" version="1">
              <ScheduledStopPointRef ref="VTR:ScheduledStopPoint:55251" version="1"/>
              <QuayRef ref="VTR:Quay:19485"/>
            </PassengerStopAssignment>
            <PassengerStopAssignment order="333700005" id="VTR:PassengerStopAssignment:60759" version="1">
              <ScheduledStopPointRef ref="VTR:ScheduledStopPoint:60759" version="1"/>
              <QuayRef ref="VTR:Quay:20089"/>
            </PassengerStopAssignment>
            <PassengerStopAssignment order="333700008" id="VTR:PassengerStopAssignment:60762" version="1">
              <ScheduledStopPointRef ref="VTR:ScheduledStopPoint:60762" version="1"/>
              <QuayRef ref="VTR:Quay:20092"/>
            </PassengerStopAssignment>
            <PassengerStopAssignment order="333700010" id="VTR:PassengerStopAssignment:55252" version="1">
              <ScheduledStopPointRef ref="VTR:ScheduledStopPoint:55252" version="1"/>
              <QuayRef ref="VTR:Quay:19480"/>
            </PassengerStopAssignment>
            <PassengerStopAssignment order="333800000" id="VTR:PassengerStopAssignment:55261" version="1">
              <ScheduledStopPointRef ref="VTR:ScheduledStopPoint:55261" version="1"/>
              <QuayRef ref="VTR:Quay:19480"/>
            </PassengerStopAssignment>
            <PassengerStopAssignment order="333800003" id="VTR:PassengerStopAssignment:55262" version="1">
              <ScheduledStopPointRef ref="VTR:ScheduledStopPoint:55262" version="1"/>
              <QuayRef ref="VTR:Quay:20091"/>
            </PassengerStopAssignment>
            <PassengerStopAssignment order="333800005" id="VTR:PassengerStopAssignment:55263" version="1">
              <ScheduledStopPointRef ref="VTR:ScheduledStopPoint:55263" version="1"/>
              <QuayRef ref="VTR:Quay:20090"/>
            </PassengerStopAssignment>
            <PassengerStopAssignment order="333800006" id="VTR:PassengerStopAssignment:55264" version="1">
              <ScheduledStopPointRef ref="VTR:ScheduledStopPoint:55264" version="1"/>
              <QuayRef ref="VTR:Quay:21418"/>
            </PassengerStopAssignment>
            <PassengerStopAssignment order="333800007" id="VTR:PassengerStopAssignment:55265" version="1">
              <ScheduledStopPointRef ref="VTR:ScheduledStopPoint:55265" version="1"/>
              <QuayRef ref="VTR:Quay:21417"/>
            </PassengerStopAssignment>
            <PassengerStopAssignment order="333800008" id="VTR:PassengerStopAssignment:55260" version="1">
              <ScheduledStopPointRef ref="VTR:ScheduledStopPoint:55260" version="1"/>
              <QuayRef ref="VTR:Quay:19485"/>
            </PassengerStopAssignment>
          </stopAssignments>
          <journeyPatterns>
            <JourneyPattern id="VTR:JourneyPattern:45772" version="45733">
              <Name>6*X</Name>
              <RouteRef ref="VTR:Route:3337" version="1"/>
              <pointsInSequence>
                <StopPointInJourneyPattern id="VTR:StopPointInJourneyPattern:958277" version="45733" order="1">
                  <ScheduledStopPointRef ref="VTR:ScheduledStopPoint:55251"/>
                  <ForAlighting>false</ForAlighting>
                  <DestinationDisplayRef ref="VTR:DestinationDisplay:1"/>
                </StopPointInJourneyPattern>
                <StopPointInJourneyPattern id="VTR:StopPointInJourneyPattern:958278" version="45733" order="2">
                  <ScheduledStopPointRef ref="VTR:ScheduledStopPoint:60759"/>
                  <ForAlighting>false</ForAlighting>
                  <DestinationDisplayRef ref="VTR:DestinationDisplay:1"/>
                </StopPointInJourneyPattern>
                <StopPointInJourneyPattern id="VTR:StopPointInJourneyPattern:958279" version="45733" order="3">
                  <ScheduledStopPointRef ref="VTR:ScheduledStopPoint:60762"/>
                  <ForAlighting>false</ForAlighting>
                  <DestinationDisplayRef ref="VTR:DestinationDisplay:1"/>
                </StopPointInJourneyPattern>
                <StopPointInJourneyPattern id="VTR:StopPointInJourneyPattern:958280" version="45733" order="4">
                  <ScheduledStopPointRef ref="VTR:ScheduledStopPoint:55252"/>
                  <ForBoarding>false</ForBoarding>
                  <DestinationDisplayRef ref="VTR:DestinationDisplay:1"/>
                </StopPointInJourneyPattern>
              </pointsInSequence>
            </JourneyPattern>
            <JourneyPattern id="VTR:JourneyPattern:45763" version="45724">
              <Name>3*X</Name>
              <RouteRef ref="VTR:Route:3338" version="1"/>
              <pointsInSequence>
                <StopPointInJourneyPattern id="VTR:StopPointInJourneyPattern:958215" version="45724" order="1">
                  <ScheduledStopPointRef ref="VTR:ScheduledStopPoint:55261"/>
                  <ForAlighting>false</ForAlighting>
                  <DestinationDisplayRef ref="VTR:DestinationDisplay:1"/>
                </StopPointInJourneyPattern>
                <StopPointInJourneyPattern id="VTR:StopPointInJourneyPattern:958216" version="45724" order="2">
                  <ScheduledStopPointRef ref="VTR:ScheduledStopPoint:55262"/>
                  <ForBoarding>false</ForBoarding>
                  <DestinationDisplayRef ref="VTR:DestinationDisplay:1"/>
                </StopPointInJourneyPattern>
                <StopPointInJourneyPattern id="VTR:StopPointInJourneyPattern:958217" version="45724" order="3">
                  <ScheduledStopPointRef ref="VTR:ScheduledStopPoint:55263"/>
                  <ForBoarding>false</ForBoarding>
                  <DestinationDisplayRef ref="VTR:DestinationDisplay:1"/>
                </StopPointInJourneyPattern>
                <StopPointInJourneyPattern id="VTR:StopPointInJourneyPattern:958218" version="45724" order="4">
                  <ScheduledStopPointRef ref="VTR:ScheduledStopPoint:55264"/>
                  <ForBoarding>false</ForBoarding>
                  <DestinationDisplayRef ref="VTR:DestinationDisplay:1"/>
                </StopPointInJourneyPattern>
                <StopPointInJourneyPattern id="VTR:StopPointInJourneyPattern:958219" version="45724" order="5">
                  <ScheduledStopPointRef ref="VTR:ScheduledStopPoint:55265"/>
                  <ForBoarding>false</ForBoarding>
                  <DestinationDisplayRef ref="VTR:DestinationDisplay:1"/>
                </StopPointInJourneyPattern>
                <StopPointInJourneyPattern id="VTR:StopPointInJourneyPattern:958220" version="45724" order="6">
                  <ScheduledStopPointRef ref="VTR:ScheduledStopPoint:55260"/>
                  <ForBoarding>false</ForBoarding>
                  <DestinationDisplayRef ref="VTR:DestinationDisplay:1"/>
                </StopPointInJourneyPattern>
              </pointsInSequence>
            </JourneyPattern>
            <JourneyPattern id="VTR:JourneyPattern:45762" version="45723">
              <Name>1*X</Name>
              <RouteRef ref="VTR:Route:3338" version="1"/>
              <pointsInSequence>
                <StopPointInJourneyPattern id="VTR:StopPointInJourneyPattern:958209" version="45723" order="1">
                  <ScheduledStopPointRef ref="VTR:ScheduledStopPoint:55261"/>
                  <ForAlighting>false</ForAlighting>
                  <DestinationDisplayRef ref="VTR:DestinationDisplay:1"/>
                </StopPointInJourneyPattern>
                <StopPointInJourneyPattern id="VTR:StopPointInJourneyPattern:958210" version="45723" order="2">
                  <ScheduledStopPointRef ref="VTR:ScheduledStopPoint:55262"/>
                  <ForBoarding>false</ForBoarding>
                  <DestinationDisplayRef ref="VTR:DestinationDisplay:1"/>
                </StopPointInJourneyPattern>
                <StopPointInJourneyPattern id="VTR:StopPointInJourneyPattern:958211" version="45723" order="3">
                  <ScheduledStopPointRef ref="VTR:ScheduledStopPoint:55263"/>
                  <ForBoarding>false</ForBoarding>
                  <DestinationDisplayRef ref="VTR:DestinationDisplay:1"/>
                </StopPointInJourneyPattern>
                <StopPointInJourneyPattern id="VTR:StopPointInJourneyPattern:958212" version="45723" order="4">
                  <ScheduledStopPointRef ref="VTR:ScheduledStopPoint:55264"/>
                  <ForBoarding>false</ForBoarding>
                  <DestinationDisplayRef ref="VTR:DestinationDisplay:1"/>
                </StopPointInJourneyPattern>
                <StopPointInJourneyPattern id="VTR:StopPointInJourneyPattern:958213" version="45723" order="5">
                  <ScheduledStopPointRef ref="VTR:ScheduledStopPoint:55265"/>
                  <ForBoarding>false</ForBoarding>
                  <DestinationDisplayRef ref="VTR:DestinationDisplay:1"/>
                </StopPointInJourneyPattern>
                <StopPointInJourneyPattern id="VTR:StopPointInJourneyPattern:958214" version="45723" order="6">
                  <ScheduledStopPointRef ref="VTR:ScheduledStopPoint:55260"/>
                  <ForBoarding>false</ForBoarding>
                  <DestinationDisplayRef ref="VTR:DestinationDisplay:1"/>
                </StopPointInJourneyPattern>
              </pointsInSequence>
            </JourneyPattern>
            <JourneyPattern id="VTR:JourneyPattern:45767" version="45728">
              <Name>2*X</Name>
              <RouteRef ref="VTR:Route:3337" version="1"/>
              <pointsInSequence>
                <StopPointInJourneyPattern id="VTR:StopPointInJourneyPattern:958233" version="45728" order="1">
                  <ScheduledStopPointRef ref="VTR:ScheduledStopPoint:55251"/>
                  <ForAlighting>false</ForAlighting>
                  <DestinationDisplayRef ref="VTR:DestinationDisplay:1"/>
                </StopPointInJourneyPattern>
                <StopPointInJourneyPattern id="VTR:StopPointInJourneyPattern:958234" version="45728" order="2">
                  <ScheduledStopPointRef ref="VTR:ScheduledStopPoint:60759"/>
                  <ForAlighting>false</ForAlighting>
                  <DestinationDisplayRef ref="VTR:DestinationDisplay:1"/>
                </StopPointInJourneyPattern>
                <StopPointInJourneyPattern id="VTR:StopPointInJourneyPattern:958235" version="45728" order="3">
                  <ScheduledStopPointRef ref="VTR:ScheduledStopPoint:60762"/>
                  <ForAlighting>false</ForAlighting>
                  <DestinationDisplayRef ref="VTR:DestinationDisplay:1"/>
                </StopPointInJourneyPattern>
                <StopPointInJourneyPattern id="VTR:StopPointInJourneyPattern:958236" version="45728" order="4">
                  <ScheduledStopPointRef ref="VTR:ScheduledStopPoint:55252"/>
                  <ForBoarding>false</ForBoarding>
                  <DestinationDisplayRef ref="VTR:DestinationDisplay:1"/>
                </StopPointInJourneyPattern>
              </pointsInSequence>
            </JourneyPattern>
            <JourneyPattern id="VTR:JourneyPattern:45768" version="45729">
              <Name>4*X</Name>
              <RouteRef ref="VTR:Route:3337" version="1"/>
              <pointsInSequence>
                <StopPointInJourneyPattern id="VTR:StopPointInJourneyPattern:958237" version="45729" order="1">
                  <ScheduledStopPointRef ref="VTR:ScheduledStopPoint:55251"/>
                  <ForAlighting>false</ForAlighting>
                  <DestinationDisplayRef ref="VTR:DestinationDisplay:1"/>
                </StopPointInJourneyPattern>
                <StopPointInJourneyPattern id="VTR:StopPointInJourneyPattern:958238" version="45729" order="2">
                  <ScheduledStopPointRef ref="VTR:ScheduledStopPoint:60759"/>
                  <ForAlighting>false</ForAlighting>
                  <DestinationDisplayRef ref="VTR:DestinationDisplay:1"/>
                </StopPointInJourneyPattern>
                <StopPointInJourneyPattern id="VTR:StopPointInJourneyPattern:958239" version="45729" order="3">
                  <ScheduledStopPointRef ref="VTR:ScheduledStopPoint:60762"/>
                  <ForAlighting>false</ForAlighting>
                  <DestinationDisplayRef ref="VTR:DestinationDisplay:1"/>
                </StopPointInJourneyPattern>
                <StopPointInJourneyPattern id="VTR:StopPointInJourneyPattern:958240" version="45729" order="4">
                  <ScheduledStopPointRef ref="VTR:ScheduledStopPoint:55252"/>
                  <ForBoarding>false</ForBoarding>
                  <DestinationDisplayRef ref="VTR:DestinationDisplay:1"/>
                </StopPointInJourneyPattern>
              </pointsInSequence>
            </JourneyPattern>
            <JourneyPattern id="VTR:JourneyPattern:45764" version="45725">
              <Name>5*X</Name>
              <RouteRef ref="VTR:Route:3338" version="1"/>
              <pointsInSequence>
                <StopPointInJourneyPattern id="VTR:StopPointInJourneyPattern:958221" version="45725" order="1">
                  <ScheduledStopPointRef ref="VTR:ScheduledStopPoint:55261"/>
                  <ForAlighting>false</ForAlighting>
                  <DestinationDisplayRef ref="VTR:DestinationDisplay:1"/>
                </StopPointInJourneyPattern>
                <StopPointInJourneyPattern id="VTR:StopPointInJourneyPattern:958222" version="45725" order="2">
                  <ScheduledStopPointRef ref="VTR:ScheduledStopPoint:55262"/>
                  <ForBoarding>false</ForBoarding>
                  <DestinationDisplayRef ref="VTR:DestinationDisplay:1"/>
                </StopPointInJourneyPattern>
                <StopPointInJourneyPattern id="VTR:StopPointInJourneyPattern:958223" version="45725" order="3">
                  <ScheduledStopPointRef ref="VTR:ScheduledStopPoint:55263"/>
                  <ForBoarding>false</ForBoarding>
                  <DestinationDisplayRef ref="VTR:DestinationDisplay:1"/>
                </StopPointInJourneyPattern>
                <StopPointInJourneyPattern id="VTR:StopPointInJourneyPattern:958224" version="45725" order="4">
                  <ScheduledStopPointRef ref="VTR:ScheduledStopPoint:55264"/>
                  <ForBoarding>false</ForBoarding>
                  <DestinationDisplayRef ref="VTR:DestinationDisplay:1"/>
                </StopPointInJourneyPattern>
                <StopPointInJourneyPattern id="VTR:StopPointInJourneyPattern:958225" version="45725" order="5">
                  <ScheduledStopPointRef ref="VTR:ScheduledStopPoint:55265"/>
                  <ForBoarding>false</ForBoarding>
                  <DestinationDisplayRef ref="VTR:DestinationDisplay:1"/>
                </StopPointInJourneyPattern>
                <StopPointInJourneyPattern id="VTR:StopPointInJourneyPattern:958226" version="45725" order="6">
                  <ScheduledStopPointRef ref="VTR:ScheduledStopPoint:55260"/>
                  <ForBoarding>false</ForBoarding>
                  <DestinationDisplayRef ref="VTR:DestinationDisplay:1"/>
                </StopPointInJourneyPattern>
              </pointsInSequence>
            </JourneyPattern>
          </journeyPatterns>
        </ServiceFrame>
        <TimetableFrame version="1" id="VTR:TimetableFrame:1109">
          <vehicleJourneys>
            <ServiceJourney version="45728" id="VTR:ServiceJourney:45767">
              <Name>Vilnius-Utena</Name>
              <PrivateCode>2*X</PrivateCode>
              <dayTypes>
                <DayTypeRef ref="VTR:DayType:94"/>
              </dayTypes>
              <JourneyPatternRef version="45728" ref="VTR:JourneyPattern:45767"/>
              <OperatorRef ref="VTR:Operator:534"/>
              <LineRef ref="VTR:Line:1373" version="1354"/>
              <passingTimes>
                <TimetabledPassingTime version="45728" id="VTR:TimetabledPassingTime:45767_958233_1">
                  <StopPointInJourneyPatternRef ref="VTR:StopPointInJourneyPattern:958233" version="45728"/>
                  <DepartureTime>12:25:00</DepartureTime>
                  <DepartureDayOffset>0</DepartureDayOffset>
                </TimetabledPassingTime>
                <TimetabledPassingTime version="45728" id="VTR:TimetabledPassingTime:45767_958234_2">
                  <StopPointInJourneyPatternRef ref="VTR:StopPointInJourneyPattern:958234" version="45728"/>
                  <DepartureTime>12:45:00</DepartureTime>
                  <DepartureDayOffset>0</DepartureDayOffset>
                </TimetabledPassingTime>
                <TimetabledPassingTime version="45728" id="VTR:TimetabledPassingTime:45767_958235_3">
                  <StopPointInJourneyPatternRef ref="VTR:StopPointInJourneyPattern:958235" version="45728"/>
                  <DepartureTime>12:50:00</DepartureTime>
                  <DepartureDayOffset>0</DepartureDayOffset>
                </TimetabledPassingTime>
                <TimetabledPassingTime version="45728" id="VTR:TimetabledPassingTime:45767_958236_4">
                  <StopPointInJourneyPatternRef ref="VTR:StopPointInJourneyPattern:958236" version="45728"/>
                  <DepartureTime>13:55:00</DepartureTime>
                  <DepartureDayOffset>0</DepartureDayOffset>
                </TimetabledPassingTime>
              </passingTimes>
            </ServiceJourney>
            <ServiceJourney version="45725" id="VTR:ServiceJourney:45764">
              <Name>Utena-Vilnius</Name>
              <PrivateCode>5*X</PrivateCode>
              <dayTypes>
                <DayTypeRef ref="VTR:DayType:91"/>
              </dayTypes>
              <JourneyPatternRef version="45725" ref="VTR:JourneyPattern:45764"/>
              <OperatorRef ref="VTR:Operator:534"/>
              <LineRef ref="VTR:Line:1373" version="1354"/>
              <passingTimes>
                <TimetabledPassingTime version="45725" id="VTR:TimetabledPassingTime:45764_958221_1">
                  <StopPointInJourneyPatternRef ref="VTR:StopPointInJourneyPattern:958221" version="45725"/>
                  <DepartureTime>15:40:00</DepartureTime>
                  <DepartureDayOffset>0</DepartureDayOffset>
                </TimetabledPassingTime>
                <TimetabledPassingTime version="45725" id="VTR:TimetabledPassingTime:45764_958222_2">
                  <StopPointInJourneyPatternRef ref="VTR:StopPointInJourneyPattern:958222" version="45725"/>
                  <DepartureTime>16:45:00</DepartureTime>
                  <DepartureDayOffset>0</DepartureDayOffset>
                </TimetabledPassingTime>
                <TimetabledPassingTime version="45725" id="VTR:TimetabledPassingTime:45764_958223_3">
                  <StopPointInJourneyPatternRef ref="VTR:StopPointInJourneyPattern:958223" version="45725"/>
                  <DepartureTime>16:50:00</DepartureTime>
                  <DepartureDayOffset>0</DepartureDayOffset>
                </TimetabledPassingTime>
                <TimetabledPassingTime version="45725" id="VTR:TimetabledPassingTime:45764_958224_4">
                  <StopPointInJourneyPatternRef ref="VTR:StopPointInJourneyPattern:958224" version="45725"/>
                  <DepartureTime>16:58:00</DepartureTime>
                  <DepartureDayOffset>0</DepartureDayOffset>
                </TimetabledPassingTime>
                <TimetabledPassingTime version="45725" id="VTR:TimetabledPassingTime:45764_958225_5">
                  <StopPointInJourneyPatternRef ref="VTR:StopPointInJourneyPattern:958225" version="45725"/>
                  <DepartureTime>17:02:00</DepartureTime>
                  <DepartureDayOffset>0</DepartureDayOffset>
                </TimetabledPassingTime>
                <TimetabledPassingTime version="45725" id="VTR:TimetabledPassingTime:45764_958226_6">
                  <StopPointInJourneyPatternRef ref="VTR:StopPointInJourneyPattern:958226" version="45725"/>
                  <DepartureTime>17:10:00</DepartureTime>
                  <DepartureDayOffset>0</DepartureDayOffset>
                </TimetabledPassingTime>
              </passingTimes>
            </ServiceJourney>
            <ServiceJourney version="45724" id="VTR:ServiceJourney:45763">
              <Name>Utena-Vilnius</Name>
              <PrivateCode>3*X</PrivateCode>
              <dayTypes>
                <DayTypeRef ref="VTR:DayType:94"/>
              </dayTypes>
              <JourneyPatternRef version="45724" ref="VTR:JourneyPattern:45763"/>
              <OperatorRef ref="VTR:Operator:534"/>
              <LineRef ref="VTR:Line:1373" version="1354"/>
              <passingTimes>
                <TimetabledPassingTime version="45724" id="VTR:TimetabledPassingTime:45763_958215_1">
                  <StopPointInJourneyPatternRef ref="VTR:StopPointInJourneyPattern:958215" version="45724"/>
                  <DepartureTime>12:50:00</DepartureTime>
                  <DepartureDayOffset>0</DepartureDayOffset>
                </TimetabledPassingTime>
                <TimetabledPassingTime version="45724" id="VTR:TimetabledPassingTime:45763_958216_2">
                  <StopPointInJourneyPatternRef ref="VTR:StopPointInJourneyPattern:958216" version="45724"/>
                  <DepartureTime>13:55:00</DepartureTime>
                  <DepartureDayOffset>0</DepartureDayOffset>
                </TimetabledPassingTime>
                <TimetabledPassingTime version="45724" id="VTR:TimetabledPassingTime:45763_958217_3">
                  <StopPointInJourneyPatternRef ref="VTR:StopPointInJourneyPattern:958217" version="45724"/>
                  <DepartureTime>14:00:00</DepartureTime>
                  <DepartureDayOffset>0</DepartureDayOffset>
                </TimetabledPassingTime>
                <TimetabledPassingTime version="45724" id="VTR:TimetabledPassingTime:45763_958218_4">
                  <StopPointInJourneyPatternRef ref="VTR:StopPointInJourneyPattern:958218" version="45724"/>
                  <DepartureTime>14:08:00</DepartureTime>
                  <DepartureDayOffset>0</DepartureDayOffset>
                </TimetabledPassingTime>
                <TimetabledPassingTime version="45724" id="VTR:TimetabledPassingTime:45763_958219_5">
                  <StopPointInJourneyPatternRef ref="VTR:StopPointInJourneyPattern:958219" version="45724"/>
                  <DepartureTime>14:12:00</DepartureTime>
                  <DepartureDayOffset>0</DepartureDayOffset>
                </TimetabledPassingTime>
                <TimetabledPassingTime version="45724" id="VTR:TimetabledPassingTime:45763_958220_6">
                  <StopPointInJourneyPatternRef ref="VTR:StopPointInJourneyPattern:958220" version="45724"/>
                  <DepartureTime>14:20:00</DepartureTime>
                  <DepartureDayOffset>0</DepartureDayOffset>
                </TimetabledPassingTime>
              </passingTimes>
            </ServiceJourney>
            <ServiceJourney version="45733" id="VTR:ServiceJourney:45772">
              <Name>Vilnius-Utena</Name>
              <PrivateCode>6*X</PrivateCode>
              <dayTypes>
                <DayTypeRef ref="VTR:DayType:91"/>
              </dayTypes>
              <JourneyPatternRef version="45733" ref="VTR:JourneyPattern:45772"/>
              <OperatorRef ref="VTR:Operator:534"/>
              <LineRef ref="VTR:Line:1373" version="1354"/>
              <passingTimes>
                <TimetabledPassingTime version="45733" id="VTR:TimetabledPassingTime:45772_958277_1">
                  <StopPointInJourneyPatternRef ref="VTR:StopPointInJourneyPattern:958277" version="45733"/>
                  <DepartureTime>17:50:00</DepartureTime>
                  <DepartureDayOffset>0</DepartureDayOffset>
                </TimetabledPassingTime>
                <TimetabledPassingTime version="45733" id="VTR:TimetabledPassingTime:45772_958278_2">
                  <StopPointInJourneyPatternRef ref="VTR:StopPointInJourneyPattern:958278" version="45733"/>
                  <DepartureTime>18:10:00</DepartureTime>
                  <DepartureDayOffset>0</DepartureDayOffset>
                </TimetabledPassingTime>
                <TimetabledPassingTime version="45733" id="VTR:TimetabledPassingTime:45772_958279_3">
                  <StopPointInJourneyPatternRef ref="VTR:StopPointInJourneyPattern:958279" version="45733"/>
                  <DepartureTime>18:15:00</DepartureTime>
                  <DepartureDayOffset>0</DepartureDayOffset>
                </TimetabledPassingTime>
                <TimetabledPassingTime version="45733" id="VTR:TimetabledPassingTime:45772_958280_4">
                  <StopPointInJourneyPatternRef ref="VTR:StopPointInJourneyPattern:958280" version="45733"/>
                  <DepartureTime>19:20:00</DepartureTime>
                  <DepartureDayOffset>0</DepartureDayOffset>
                </TimetabledPassingTime>
              </passingTimes>
            </ServiceJourney>
            <ServiceJourney version="45723" id="VTR:ServiceJourney:45762">
              <Name>Utena-Vilnius</Name>
              <PrivateCode>1*X</PrivateCode>
              <dayTypes>
                <DayTypeRef ref="VTR:DayType:94"/>
              </dayTypes>
              <JourneyPatternRef version="45723" ref="VTR:JourneyPattern:45762"/>
              <OperatorRef ref="VTR:Operator:534"/>
              <LineRef ref="VTR:Line:1373" version="1354"/>
              <passingTimes>
                <TimetabledPassingTime version="45723" id="VTR:TimetabledPassingTime:45762_958209_1">
                  <StopPointInJourneyPatternRef ref="VTR:StopPointInJourneyPattern:958209" version="45723"/>
                  <DepartureTime>07:30:00</DepartureTime>
                  <DepartureDayOffset>0</DepartureDayOffset>
                </TimetabledPassingTime>
                <TimetabledPassingTime version="45723" id="VTR:TimetabledPassingTime:45762_958210_2">
                  <StopPointInJourneyPatternRef ref="VTR:StopPointInJourneyPattern:958210" version="45723"/>
                  <DepartureTime>08:35:00</DepartureTime>
                  <DepartureDayOffset>0</DepartureDayOffset>
                </TimetabledPassingTime>
                <TimetabledPassingTime version="45723" id="VTR:TimetabledPassingTime:45762_958211_3">
                  <StopPointInJourneyPatternRef ref="VTR:StopPointInJourneyPattern:958211" version="45723"/>
                  <DepartureTime>08:40:00</DepartureTime>
                  <DepartureDayOffset>0</DepartureDayOffset>
                </TimetabledPassingTime>
                <TimetabledPassingTime version="45723" id="VTR:TimetabledPassingTime:45762_958212_4">
                  <StopPointInJourneyPatternRef ref="VTR:StopPointInJourneyPattern:958212" version="45723"/>
                  <DepartureTime>08:48:00</DepartureTime>
                  <DepartureDayOffset>0</DepartureDayOffset>
                </TimetabledPassingTime>
                <TimetabledPassingTime version="45723" id="VTR:TimetabledPassingTime:45762_958213_5">
                  <StopPointInJourneyPatternRef ref="VTR:StopPointInJourneyPattern:958213" version="45723"/>
                  <DepartureTime>08:52:00</DepartureTime>
                  <DepartureDayOffset>0</DepartureDayOffset>
                </TimetabledPassingTime>
                <TimetabledPassingTime version="45723" id="VTR:TimetabledPassingTime:45762_958214_6">
                  <StopPointInJourneyPatternRef ref="VTR:StopPointInJourneyPattern:958214" version="45723"/>
                  <DepartureTime>09:00:00</DepartureTime>
                  <DepartureDayOffset>0</DepartureDayOffset>
                </TimetabledPassingTime>
              </passingTimes>
            </ServiceJourney>
            <ServiceJourney version="45729" id="VTR:ServiceJourney:45768">
              <Name>Vilnius-Utena</Name>
              <PrivateCode>4*X</PrivateCode>
              <dayTypes>
                <DayTypeRef ref="VTR:DayType:94"/>
              </dayTypes>
              <JourneyPatternRef version="45729" ref="VTR:JourneyPattern:45768"/>
              <OperatorRef ref="VTR:Operator:534"/>
              <LineRef ref="VTR:Line:1373" version="1354"/>
              <passingTimes>
                <TimetabledPassingTime version="45729" id="VTR:TimetabledPassingTime:45768_958237_1">
                  <StopPointInJourneyPatternRef ref="VTR:StopPointInJourneyPattern:958237" version="45729"/>
                  <DepartureTime>16:15:00</DepartureTime>
                  <DepartureDayOffset>0</DepartureDayOffset>
                </TimetabledPassingTime>
                <TimetabledPassingTime version="45729" id="VTR:TimetabledPassingTime:45768_958238_2">
                  <StopPointInJourneyPatternRef ref="VTR:StopPointInJourneyPattern:958238" version="45729"/>
                  <DepartureTime>16:35:00</DepartureTime>
                  <DepartureDayOffset>0</DepartureDayOffset>
                </TimetabledPassingTime>
                <TimetabledPassingTime version="45729" id="VTR:TimetabledPassingTime:45768_958239_3">
                  <StopPointInJourneyPatternRef ref="VTR:StopPointInJourneyPattern:958239" version="45729"/>
                  <DepartureTime>16:40:00</DepartureTime>
                  <DepartureDayOffset>0</DepartureDayOffset>
                </TimetabledPassingTime>
                <TimetabledPassingTime version="45729" id="VTR:TimetabledPassingTime:45768_958240_4">
                  <StopPointInJourneyPatternRef ref="VTR:StopPointInJourneyPattern:958240" version="45729"/>
                  <DepartureTime>17:45:00</DepartureTime>
                  <DepartureDayOffset>0</DepartureDayOffset>
                </TimetabledPassingTime>
              </passingTimes>
            </ServiceJourney>
          </vehicleJourneys>
        </TimetableFrame>
        <ResourceFrame version="1" id="VTR:ResourceFrame:1109">
          <organisations>
            <Authority version="1" id="VTR:Authority:2">
              <CompanyNumber>188647255</CompanyNumber>
              <Name>LTSA</Name>
              <LegalName>Lietuvos transporto saugos administracija</LegalName>
              <ContactDetails>
                <Email>ltsa@ltsa.lrv.lt</Email>
                <Phone>8 5  278 5602</Phone>
                <Url>www.ltsa.lrv.lt</Url>
              </ContactDetails>
              <OrganisationType>authority</OrganisationType>
            </Authority>
          </organisations>
        </ResourceFrame>
        <FareFrame id="VTR:FareFrame:1373" version="1">
          <FrameDefaults>
            <DefaultCurrency>EUR</DefaultCurrency>
          </FrameDefaults>
          <fareStructureElements>
            <FareStructureElement id="VTR:FareStructureElement:pricematrix" version="1">
              <distanceMatrixElements>
                <DistanceMatrixElementRef ref="VTR:DistanceMatrixElement:958237to958238" version="1"/>
                <DistanceMatrixElementRef ref="VTR:DistanceMatrixElement:958221to958223" version="1"/>
                <DistanceMatrixElementRef ref="VTR:DistanceMatrixElement:958209to958211" version="1"/>
                <DistanceMatrixElementRef ref="VTR:DistanceMatrixElement:958209to958214" version="1"/>
                <DistanceMatrixElementRef ref="VTR:DistanceMatrixElement:958210to958213" version="1"/>
                <DistanceMatrixElementRef ref="VTR:DistanceMatrixElement:958211to958213" version="1"/>
                <DistanceMatrixElementRef ref="VTR:DistanceMatrixElement:958221to958226" version="1"/>
                <DistanceMatrixElementRef ref="VTR:DistanceMatrixElement:958224to958225" version="1"/>
                <DistanceMatrixElementRef ref="VTR:DistanceMatrixElement:958237to958240" version="1"/>
                <DistanceMatrixElementRef ref="VTR:DistanceMatrixElement:958238to958240" version="1"/>
                <DistanceMatrixElementRef ref="VTR:DistanceMatrixElement:958235to958236" version="1"/>
                <DistanceMatrixElementRef ref="VTR:DistanceMatrixElement:958218to958219" version="1"/>
                <DistanceMatrixElementRef ref="VTR:DistanceMatrixElement:958215to958218" version="1"/>
                <DistanceMatrixElementRef ref="VTR:DistanceMatrixElement:958215to958220" version="1"/>
                <DistanceMatrixElementRef ref="VTR:DistanceMatrixElement:958212to958214" version="1"/>
                <DistanceMatrixElementRef ref="VTR:DistanceMatrixElement:958278to958280" version="1"/>
                <DistanceMatrixElementRef ref="VTR:DistanceMatrixElement:958234to958236" version="1"/>
                <DistanceMatrixElementRef ref="VTR:DistanceMatrixElement:958217to958218" version="1"/>
                <DistanceMatrixElementRef ref="VTR:DistanceMatrixElement:958219to958220" version="1"/>
                <DistanceMatrixElementRef ref="VTR:DistanceMatrixElement:958215to958216" version="1"/>
                <DistanceMatrixElementRef ref="VTR:DistanceMatrixElement:958215to958217" version="1"/>
                <DistanceMatrixElementRef ref="VTR:DistanceMatrixElement:958215to958219" version="1"/>
                <DistanceMatrixElementRef ref="VTR:DistanceMatrixElement:958209to958212" version="1"/>
                <DistanceMatrixElementRef ref="VTR:DistanceMatrixElement:958209to958213" version="1"/>
                <DistanceMatrixElementRef ref="VTR:DistanceMatrixElement:958221to958224" version="1"/>
                <DistanceMatrixElementRef ref="VTR:DistanceMatrixElement:958223to958226" version="1"/>
                <DistanceMatrixElementRef ref="VTR:DistanceMatrixElement:958216to958218" version="1"/>
                <DistanceMatrixElementRef ref="VTR:DistanceMatrixElement:958211to958214" version="1"/>
                <DistanceMatrixElementRef ref="VTR:DistanceMatrixElement:958213to958214" version="1"/>
                <DistanceMatrixElementRef ref="VTR:DistanceMatrixElement:958221to958225" version="1"/>
                <DistanceMatrixElementRef ref="VTR:DistanceMatrixElement:958222to958223" version="1"/>
                <DistanceMatrixElementRef ref="VTR:DistanceMatrixElement:958223to958224" version="1"/>
                <DistanceMatrixElementRef ref="VTR:DistanceMatrixElement:958279to958280" version="1"/>
                <DistanceMatrixElementRef ref="VTR:DistanceMatrixElement:958237to958239" version="1"/>
                <DistanceMatrixElementRef ref="VTR:DistanceMatrixElement:958239to958240" version="1"/>
                <DistanceMatrixElementRef ref="VTR:DistanceMatrixElement:958216to958217" version="1"/>
                <DistanceMatrixElementRef ref="VTR:DistanceMatrixElement:958222to958226" version="1"/>
                <DistanceMatrixElementRef ref="VTR:DistanceMatrixElement:958277to958278" version="1"/>
                <DistanceMatrixElementRef ref="VTR:DistanceMatrixElement:958277to958280" version="1"/>
                <DistanceMatrixElementRef ref="VTR:DistanceMatrixElement:958238to958239" version="1"/>
                <DistanceMatrixElementRef ref="VTR:DistanceMatrixElement:958233to958235" version="1"/>
                <DistanceMatrixElementRef ref="VTR:DistanceMatrixElement:958216to958220" version="1"/>
                <DistanceMatrixElementRef ref="VTR:DistanceMatrixElement:958210to958211" version="1"/>
                <DistanceMatrixElementRef ref="VTR:DistanceMatrixElement:958211to958212" version="1"/>
                <DistanceMatrixElementRef ref="VTR:DistanceMatrixElement:958212to958213" version="1"/>
                <DistanceMatrixElementRef ref="VTR:DistanceMatrixElement:958221to958222" version="1"/>
                <DistanceMatrixElementRef ref="VTR:DistanceMatrixElement:958224to958226" version="1"/>
                <DistanceMatrixElementRef ref="VTR:DistanceMatrixElement:958277to958279" version="1"/>
                <DistanceMatrixElementRef ref="VTR:DistanceMatrixElement:958217to958219" version="1"/>
                <DistanceMatrixElementRef ref="VTR:DistanceMatrixElement:958218to958220" version="1"/>
                <DistanceMatrixElementRef ref="VTR:DistanceMatrixElement:958210to958212" version="1"/>
                <DistanceMatrixElementRef ref="VTR:DistanceMatrixElement:958210to958214" version="1"/>
                <DistanceMatrixElementRef ref="VTR:DistanceMatrixElement:958222to958224" version="1"/>
                <DistanceMatrixElementRef ref="VTR:DistanceMatrixElement:958222to958225" version="1"/>
                <DistanceMatrixElementRef ref="VTR:DistanceMatrixElement:958223to958225" version="1"/>
                <DistanceMatrixElementRef ref="VTR:DistanceMatrixElement:958225to958226" version="1"/>
                <DistanceMatrixElementRef ref="VTR:DistanceMatrixElement:958278to958279" version="1"/>
                <DistanceMatrixElementRef ref="VTR:DistanceMatrixElement:958233to958234" version="1"/>
                <DistanceMatrixElementRef ref="VTR:DistanceMatrixElement:958233to958236" version="1"/>
                <DistanceMatrixElementRef ref="VTR:DistanceMatrixElement:958234to958235" version="1"/>
                <DistanceMatrixElementRef ref="VTR:DistanceMatrixElement:958216to958219" version="1"/>
                <DistanceMatrixElementRef ref="VTR:DistanceMatrixElement:958209to958210" version="1"/>
                <DistanceMatrixElementRef ref="VTR:DistanceMatrixElement:958217to958220" version="1"/>
              </distanceMatrixElements>
            </FareStructureElement>
          </fareStructureElements>
          <tariffs>
            <Tariff id="VTR:Tariff:pointToPointInSeparateJourney_1373" version="1">
              <Name>Point to point tariff</Name>
              <distanceMatrixElements>
                <DistanceMatrixElement id="VTR:DistanceMatrixElement:958237to958238" version="1">
                  <Name>Vilniaus autobusų stotis to Ateities</Name>
                  <StartStopPointRef ref="VTR:ScheduledStopPoint:55251" version="1"/>
                  <EndStopPointRef ref="VTR:ScheduledStopPoint:60759" version="1"/>
                  <prices>
                    <DistanceMatrixElementPrice id="VTR:DistanceMatrixElementPrice:958237to958238" version="1">
                      <Amount>6.6</Amount>
                      <DistanceMatrixElementRef ref="VTR:DistanceMatrixElement:958237to958238" version="1"/>
                    </DistanceMatrixElementPrice>
                  </prices>
                </DistanceMatrixElement>
                <DistanceMatrixElement id="VTR:DistanceMatrixElement:958221to958223" version="1">
                  <Name>Utenos autobusų stotis to Ateities</Name>
                  <StartStopPointRef ref="VTR:ScheduledStopPoint:55261" version="1"/>
                  <EndStopPointRef ref="VTR:ScheduledStopPoint:55263" version="1"/>
                  <prices>
                    <DistanceMatrixElementPrice id="VTR:DistanceMatrixElementPrice:958221to958223" version="1">
                      <Amount>7.8</Amount>
                      <DistanceMatrixElementRef ref="VTR:DistanceMatrixElement:958221to958223" version="1"/>
                    </DistanceMatrixElementPrice>
                  </prices>
                </DistanceMatrixElement>
                <DistanceMatrixElement id="VTR:DistanceMatrixElement:958209to958211" version="1">
                  <Name>Utenos autobusų stotis to Ateities</Name>
                  <StartStopPointRef ref="VTR:ScheduledStopPoint:55261" version="1"/>
                  <EndStopPointRef ref="VTR:ScheduledStopPoint:55263" version="1"/>
                  <prices>
                    <DistanceMatrixElementPrice id="VTR:DistanceMatrixElementPrice:958209to958211" version="1">
                      <Amount>7.8</Amount>
                      <DistanceMatrixElementRef ref="VTR:DistanceMatrixElement:958209to958211" version="1"/>
                    </DistanceMatrixElementPrice>
                  </prices>
                </DistanceMatrixElement>
                <DistanceMatrixElement id="VTR:DistanceMatrixElement:958209to958214" version="1">
                  <Name>Utenos autobusų stotis to Vilniaus autobusų stotis</Name>
                  <StartStopPointRef ref="VTR:ScheduledStopPoint:55261" version="1"/>
                  <EndStopPointRef ref="VTR:ScheduledStopPoint:55260" version="1"/>
                  <prices>
                    <DistanceMatrixElementPrice id="VTR:DistanceMatrixElementPrice:958209to958214" version="1">
                      <Amount>7.8</Amount>
                      <DistanceMatrixElementRef ref="VTR:DistanceMatrixElement:958209to958214" version="1"/>
                    </DistanceMatrixElementPrice>
                  </prices>
                </DistanceMatrixElement>
                <DistanceMatrixElement id="VTR:DistanceMatrixElement:958210to958213" version="1">
                  <Name>Molėtų plentas to Žemaitės</Name>
                  <StartStopPointRef ref="VTR:ScheduledStopPoint:55262" version="1"/>
                  <EndStopPointRef ref="VTR:ScheduledStopPoint:55265" version="1"/>
                  <prices>
                    <DistanceMatrixElementPrice id="VTR:DistanceMatrixElementPrice:958210to958213" version="1">
                      <Amount>0.0</Amount>
                      <DistanceMatrixElementRef ref="VTR:DistanceMatrixElement:958210to958213" version="1"/>
                    </DistanceMatrixElementPrice>
                  </prices>
                </DistanceMatrixElement>
                <DistanceMatrixElement id="VTR:DistanceMatrixElement:958211to958213" version="1">
                  <Name>Ateities to Žemaitės</Name>
                  <StartStopPointRef ref="VTR:ScheduledStopPoint:55263" version="1"/>
                  <EndStopPointRef ref="VTR:ScheduledStopPoint:55265" version="1"/>
                  <prices>
                    <DistanceMatrixElementPrice id="VTR:DistanceMatrixElementPrice:958211to958213" version="1">
                      <Amount>0.0</Amount>
                      <DistanceMatrixElementRef ref="VTR:DistanceMatrixElement:958211to958213" version="1"/>
                    </DistanceMatrixElementPrice>
                  </prices>
                </DistanceMatrixElement>
                <DistanceMatrixElement id="VTR:DistanceMatrixElement:958221to958226" version="1">
                  <Name>Utenos autobusų stotis to Vilniaus autobusų stotis</Name>
                  <StartStopPointRef ref="VTR:ScheduledStopPoint:55261" version="1"/>
                  <EndStopPointRef ref="VTR:ScheduledStopPoint:55260" version="1"/>
                  <prices>
                    <DistanceMatrixElementPrice id="VTR:DistanceMatrixElementPrice:958221to958226" version="1">
                      <Amount>7.8</Amount>
                      <DistanceMatrixElementRef ref="VTR:DistanceMatrixElement:958221to958226" version="1"/>
                    </DistanceMatrixElementPrice>
                  </prices>
                </DistanceMatrixElement>
                <DistanceMatrixElement id="VTR:DistanceMatrixElement:958224to958225" version="1">
                  <Name>Gedimino prospektas to Žemaitės</Name>
                  <StartStopPointRef ref="VTR:ScheduledStopPoint:55264" version="1"/>
                  <EndStopPointRef ref="VTR:ScheduledStopPoint:55265" version="1"/>
                  <prices>
                    <DistanceMatrixElementPrice id="VTR:DistanceMatrixElementPrice:958224to958225" version="1">
                      <Amount>0.0</Amount>
                      <DistanceMatrixElementRef ref="VTR:DistanceMatrixElement:958224to958225" version="1"/>
                    </DistanceMatrixElementPrice>
                  </prices>
                </DistanceMatrixElement>
                <DistanceMatrixElement id="VTR:DistanceMatrixElement:958237to958240" version="1">
                  <Name>Vilniaus autobusų stotis to Utenos autobusų stotis</Name>
                  <StartStopPointRef ref="VTR:ScheduledStopPoint:55251" version="1"/>
                  <EndStopPointRef ref="VTR:ScheduledStopPoint:55252" version="1"/>
                  <prices>
                    <DistanceMatrixElementPrice id="VTR:DistanceMatrixElementPrice:958237to958240" version="1">
                      <Amount>6.6</Amount>
                      <DistanceMatrixElementRef ref="VTR:DistanceMatrixElement:958237to958240" version="1"/>
                    </DistanceMatrixElementPrice>
                  </prices>
                </DistanceMatrixElement>
                <DistanceMatrixElement id="VTR:DistanceMatrixElement:958238to958240" version="1">
                  <Name>Ateities to Utenos autobusų stotis</Name>
                  <StartStopPointRef ref="VTR:ScheduledStopPoint:60759" version="1"/>
                  <EndStopPointRef ref="VTR:ScheduledStopPoint:55252" version="1"/>
                  <prices>
                    <DistanceMatrixElementPrice id="VTR:DistanceMatrixElementPrice:958238to958240" version="1">
                      <Amount>6.6</Amount>
                      <DistanceMatrixElementRef ref="VTR:DistanceMatrixElement:958238to958240" version="1"/>
                    </DistanceMatrixElementPrice>
                  </prices>
                </DistanceMatrixElement>
                <DistanceMatrixElement id="VTR:DistanceMatrixElement:958235to958236" version="1">
                  <Name>Molėtų plentas to Utenos autobusų stotis</Name>
                  <StartStopPointRef ref="VTR:ScheduledStopPoint:60762" version="1"/>
                  <EndStopPointRef ref="VTR:ScheduledStopPoint:55252" version="1"/>
                  <prices>
                    <DistanceMatrixElementPrice id="VTR:DistanceMatrixElementPrice:958235to958236" version="1">
                      <Amount>6.6</Amount>
                      <DistanceMatrixElementRef ref="VTR:DistanceMatrixElement:958235to958236" version="1"/>
                    </DistanceMatrixElementPrice>
                  </prices>
                </DistanceMatrixElement>
                <DistanceMatrixElement id="VTR:DistanceMatrixElement:958218to958219" version="1">
                  <Name>Gedimino prospektas to Žemaitės</Name>
                  <StartStopPointRef ref="VTR:ScheduledStopPoint:55264" version="1"/>
                  <EndStopPointRef ref="VTR:ScheduledStopPoint:55265" version="1"/>
                  <prices>
                    <DistanceMatrixElementPrice id="VTR:DistanceMatrixElementPrice:958218to958219" version="1">
                      <Amount>0.0</Amount>
                      <DistanceMatrixElementRef ref="VTR:DistanceMatrixElement:958218to958219" version="1"/>
                    </DistanceMatrixElementPrice>
                  </prices>
                </DistanceMatrixElement>
                <DistanceMatrixElement id="VTR:DistanceMatrixElement:958215to958218" version="1">
                  <Name>Utenos autobusų stotis to Gedimino prospektas</Name>
                  <StartStopPointRef ref="VTR:ScheduledStopPoint:55261" version="1"/>
                  <EndStopPointRef ref="VTR:ScheduledStopPoint:55264" version="1"/>
                  <prices>
                    <DistanceMatrixElementPrice id="VTR:DistanceMatrixElementPrice:958215to958218" version="1">
                      <Amount>7.8</Amount>
                      <DistanceMatrixElementRef ref="VTR:DistanceMatrixElement:958215to958218" version="1"/>
                    </DistanceMatrixElementPrice>
                  </prices>
                </DistanceMatrixElement>
                <DistanceMatrixElement id="VTR:DistanceMatrixElement:958215to958220" version="1">
                  <Name>Utenos autobusų stotis to Vilniaus autobusų stotis</Name>
                  <StartStopPointRef ref="VTR:ScheduledStopPoint:55261" version="1"/>
                  <EndStopPointRef ref="VTR:ScheduledStopPoint:55260" version="1"/>
                  <prices>
                    <DistanceMatrixElementPrice id="VTR:DistanceMatrixElementPrice:958215to958220" version="1">
                      <Amount>7.8</Amount>
                      <DistanceMatrixElementRef ref="VTR:DistanceMatrixElement:958215to958220" version="1"/>
                    </DistanceMatrixElementPrice>
                  </prices>
                </DistanceMatrixElement>
                <DistanceMatrixElement id="VTR:DistanceMatrixElement:958212to958214" version="1">
                  <Name>Gedimino prospektas to Vilniaus autobusų stotis</Name>
                  <StartStopPointRef ref="VTR:ScheduledStopPoint:55264" version="1"/>
                  <EndStopPointRef ref="VTR:ScheduledStopPoint:55260" version="1"/>
                  <prices>
                    <DistanceMatrixElementPrice id="VTR:DistanceMatrixElementPrice:958212to958214" version="1">
                      <Amount>0.0</Amount>
                      <DistanceMatrixElementRef ref="VTR:DistanceMatrixElement:958212to958214" version="1"/>
                    </DistanceMatrixElementPrice>
                  </prices>
                </DistanceMatrixElement>
                <DistanceMatrixElement id="VTR:DistanceMatrixElement:958278to958280" version="1">
                  <Name>Ateities to Utenos autobusų stotis</Name>
                  <StartStopPointRef ref="VTR:ScheduledStopPoint:60759" version="1"/>
                  <EndStopPointRef ref="VTR:ScheduledStopPoint:55252" version="1"/>
                  <prices>
                    <DistanceMatrixElementPrice id="VTR:DistanceMatrixElementPrice:958278to958280" version="1">
                      <Amount>6.6</Amount>
                      <DistanceMatrixElementRef ref="VTR:DistanceMatrixElement:958278to958280" version="1"/>
                    </DistanceMatrixElementPrice>
                  </prices>
                </DistanceMatrixElement>
                <DistanceMatrixElement id="VTR:DistanceMatrixElement:958234to958236" version="1">
                  <Name>Ateities to Utenos autobusų stotis</Name>
                  <StartStopPointRef ref="VTR:ScheduledStopPoint:60759" version="1"/>
                  <EndStopPointRef ref="VTR:ScheduledStopPoint:55252" version="1"/>
                  <prices>
                    <DistanceMatrixElementPrice id="VTR:DistanceMatrixElementPrice:958234to958236" version="1">
                      <Amount>6.6</Amount>
                      <DistanceMatrixElementRef ref="VTR:DistanceMatrixElement:958234to958236" version="1"/>
                    </DistanceMatrixElementPrice>
                  </prices>
                </DistanceMatrixElement>
                <DistanceMatrixElement id="VTR:DistanceMatrixElement:958217to958218" version="1">
                  <Name>Ateities to Gedimino prospektas</Name>
                  <StartStopPointRef ref="VTR:ScheduledStopPoint:55263" version="1"/>
                  <EndStopPointRef ref="VTR:ScheduledStopPoint:55264" version="1"/>
                  <prices>
                    <DistanceMatrixElementPrice id="VTR:DistanceMatrixElementPrice:958217to958218" version="1">
                      <Amount>0.0</Amount>
                      <DistanceMatrixElementRef ref="VTR:DistanceMatrixElement:958217to958218" version="1"/>
                    </DistanceMatrixElementPrice>
                  </prices>
                </DistanceMatrixElement>
                <DistanceMatrixElement id="VTR:DistanceMatrixElement:958219to958220" version="1">
                  <Name>Žemaitės to Vilniaus autobusų stotis</Name>
                  <StartStopPointRef ref="VTR:ScheduledStopPoint:55265" version="1"/>
                  <EndStopPointRef ref="VTR:ScheduledStopPoint:55260" version="1"/>
                  <prices>
                    <DistanceMatrixElementPrice id="VTR:DistanceMatrixElementPrice:958219to958220" version="1">
                      <Amount>0.0</Amount>
                      <DistanceMatrixElementRef ref="VTR:DistanceMatrixElement:958219to958220" version="1"/>
                    </DistanceMatrixElementPrice>
                  </prices>
                </DistanceMatrixElement>
                <DistanceMatrixElement id="VTR:DistanceMatrixElement:958215to958216" version="1">
                  <Name>Utenos autobusų stotis to Molėtų plentas</Name>
                  <StartStopPointRef ref="VTR:ScheduledStopPoint:55261" version="1"/>
                  <EndStopPointRef ref="VTR:ScheduledStopPoint:55262" version="1"/>
                  <prices>
                    <DistanceMatrixElementPrice id="VTR:DistanceMatrixElementPrice:958215to958216" version="1">
                      <Amount>2.5</Amount>
                      <DistanceMatrixElementRef ref="VTR:DistanceMatrixElement:958215to958216" version="1"/>
                    </DistanceMatrixElementPrice>
                  </prices>
                </DistanceMatrixElement>
                <DistanceMatrixElement id="VTR:DistanceMatrixElement:958215to958217" version="1">
                  <Name>Utenos autobusų stotis to Ateities</Name>
                  <StartStopPointRef ref="VTR:ScheduledStopPoint:55261" version="1"/>
                  <EndStopPointRef ref="VTR:ScheduledStopPoint:55263" version="1"/>
                  <prices>
                    <DistanceMatrixElementPrice id="VTR:DistanceMatrixElementPrice:958215to958217" version="1">
                      <Amount>7.8</Amount>
                      <DistanceMatrixElementRef ref="VTR:DistanceMatrixElement:958215to958217" version="1"/>
                    </DistanceMatrixElementPrice>
                  </prices>
                </DistanceMatrixElement>
                <DistanceMatrixElement id="VTR:DistanceMatrixElement:958215to958219" version="1">
                  <Name>Utenos autobusų stotis to Žemaitės</Name>
                  <StartStopPointRef ref="VTR:ScheduledStopPoint:55261" version="1"/>
                  <EndStopPointRef ref="VTR:ScheduledStopPoint:55265" version="1"/>
                  <prices>
                    <DistanceMatrixElementPrice id="VTR:DistanceMatrixElementPrice:958215to958219" version="1">
                      <Amount>7.8</Amount>
                      <DistanceMatrixElementRef ref="VTR:DistanceMatrixElement:958215to958219" version="1"/>
                    </DistanceMatrixElementPrice>
                  </prices>
                </DistanceMatrixElement>
                <DistanceMatrixElement id="VTR:DistanceMatrixElement:958209to958212" version="1">
                  <Name>Utenos autobusų stotis to Gedimino prospektas</Name>
                  <StartStopPointRef ref="VTR:ScheduledStopPoint:55261" version="1"/>
                  <EndStopPointRef ref="VTR:ScheduledStopPoint:55264" version="1"/>
                  <prices>
                    <DistanceMatrixElementPrice id="VTR:DistanceMatrixElementPrice:958209to958212" version="1">
                      <Amount>7.8</Amount>
                      <DistanceMatrixElementRef ref="VTR:DistanceMatrixElement:958209to958212" version="1"/>
                    </DistanceMatrixElementPrice>
                  </prices>
                </DistanceMatrixElement>
                <DistanceMatrixElement id="VTR:DistanceMatrixElement:958209to958213" version="1">
                  <Name>Utenos autobusų stotis to Žemaitės</Name>
                  <StartStopPointRef ref="VTR:ScheduledStopPoint:55261" version="1"/>
                  <EndStopPointRef ref="VTR:ScheduledStopPoint:55265" version="1"/>
                  <prices>
                    <DistanceMatrixElementPrice id="VTR:DistanceMatrixElementPrice:958209to958213" version="1">
                      <Amount>7.8</Amount>
                      <DistanceMatrixElementRef ref="VTR:DistanceMatrixElement:958209to958213" version="1"/>
                    </DistanceMatrixElementPrice>
                  </prices>
                </DistanceMatrixElement>
                <DistanceMatrixElement id="VTR:DistanceMatrixElement:958221to958224" version="1">
                  <Name>Utenos autobusų stotis to Gedimino prospektas</Name>
                  <StartStopPointRef ref="VTR:ScheduledStopPoint:55261" version="1"/>
                  <EndStopPointRef ref="VTR:ScheduledStopPoint:55264" version="1"/>
                  <prices>
                    <DistanceMatrixElementPrice id="VTR:DistanceMatrixElementPrice:958221to958224" version="1">
                      <Amount>7.8</Amount>
                      <DistanceMatrixElementRef ref="VTR:DistanceMatrixElement:958221to958224" version="1"/>
                    </DistanceMatrixElementPrice>
                  </prices>
                </DistanceMatrixElement>
                <DistanceMatrixElement id="VTR:DistanceMatrixElement:958223to958226" version="1">
                  <Name>Ateities to Vilniaus autobusų stotis</Name>
                  <StartStopPointRef ref="VTR:ScheduledStopPoint:55263" version="1"/>
                  <EndStopPointRef ref="VTR:ScheduledStopPoint:55260" version="1"/>
                  <prices>
                    <DistanceMatrixElementPrice id="VTR:DistanceMatrixElementPrice:958223to958226" version="1">
                      <Amount>0.0</Amount>
                      <DistanceMatrixElementRef ref="VTR:DistanceMatrixElement:958223to958226" version="1"/>
                    </DistanceMatrixElementPrice>
                  </prices>
                </DistanceMatrixElement>
                <DistanceMatrixElement id="VTR:DistanceMatrixElement:958216to958218" version="1">
                  <Name>Molėtų plentas to Gedimino prospektas</Name>
                  <StartStopPointRef ref="VTR:ScheduledStopPoint:55262" version="1"/>
                  <EndStopPointRef ref="VTR:ScheduledStopPoint:55264" version="1"/>
                  <prices>
                    <DistanceMatrixElementPrice id="VTR:DistanceMatrixElementPrice:958216to958218" version="1">
                      <Amount>0.0</Amount>
                      <DistanceMatrixElementRef ref="VTR:DistanceMatrixElement:958216to958218" version="1"/>
                    </DistanceMatrixElementPrice>
                  </prices>
                </DistanceMatrixElement>
                <DistanceMatrixElement id="VTR:DistanceMatrixElement:958211to958214" version="1">
                  <Name>Ateities to Vilniaus autobusų stotis</Name>
                  <StartStopPointRef ref="VTR:ScheduledStopPoint:55263" version="1"/>
                  <EndStopPointRef ref="VTR:ScheduledStopPoint:55260" version="1"/>
                  <prices>
                    <DistanceMatrixElementPrice id="VTR:DistanceMatrixElementPrice:958211to958214" version="1">
                      <Amount>0.0</Amount>
                      <DistanceMatrixElementRef ref="VTR:DistanceMatrixElement:958211to958214" version="1"/>
                    </DistanceMatrixElementPrice>
                  </prices>
                </DistanceMatrixElement>
                <DistanceMatrixElement id="VTR:DistanceMatrixElement:958213to958214" version="1">
                  <Name>Žemaitės to Vilniaus autobusų stotis</Name>
                  <StartStopPointRef ref="VTR:ScheduledStopPoint:55265" version="1"/>
                  <EndStopPointRef ref="VTR:ScheduledStopPoint:55260" version="1"/>
                  <prices>
                    <DistanceMatrixElementPrice id="VTR:DistanceMatrixElementPrice:958213to958214" version="1">
                      <Amount>0.0</Amount>
                      <DistanceMatrixElementRef ref="VTR:DistanceMatrixElement:958213to958214" version="1"/>
                    </DistanceMatrixElementPrice>
                  </prices>
                </DistanceMatrixElement>
                <DistanceMatrixElement id="VTR:DistanceMatrixElement:958221to958225" version="1">
                  <Name>Utenos autobusų stotis to Žemaitės</Name>
                  <StartStopPointRef ref="VTR:ScheduledStopPoint:55261" version="1"/>
                  <EndStopPointRef ref="VTR:ScheduledStopPoint:55265" version="1"/>
                  <prices>
                    <DistanceMatrixElementPrice id="VTR:DistanceMatrixElementPrice:958221to958225" version="1">
                      <Amount>7.8</Amount>
                      <DistanceMatrixElementRef ref="VTR:DistanceMatrixElement:958221to958225" version="1"/>
                    </DistanceMatrixElementPrice>
                  </prices>
                </DistanceMatrixElement>
                <DistanceMatrixElement id="VTR:DistanceMatrixElement:958222to958223" version="1">
                  <Name>Molėtų plentas to Ateities</Name>
                  <StartStopPointRef ref="VTR:ScheduledStopPoint:55262" version="1"/>
                  <EndStopPointRef ref="VTR:ScheduledStopPoint:55263" version="1"/>
                  <prices>
                    <DistanceMatrixElementPrice id="VTR:DistanceMatrixElementPrice:958222to958223" version="1">
                      <Amount>0.0</Amount>
                      <DistanceMatrixElementRef ref="VTR:DistanceMatrixElement:958222to958223" version="1"/>
                    </DistanceMatrixElementPrice>
                  </prices>
                </DistanceMatrixElement>
                <DistanceMatrixElement id="VTR:DistanceMatrixElement:958223to958224" version="1">
                  <Name>Ateities to Gedimino prospektas</Name>
                  <StartStopPointRef ref="VTR:ScheduledStopPoint:55263" version="1"/>
                  <EndStopPointRef ref="VTR:ScheduledStopPoint:55264" version="1"/>
                  <prices>
                    <DistanceMatrixElementPrice id="VTR:DistanceMatrixElementPrice:958223to958224" version="1">
                      <Amount>0.0</Amount>
                      <DistanceMatrixElementRef ref="VTR:DistanceMatrixElement:958223to958224" version="1"/>
                    </DistanceMatrixElementPrice>
                  </prices>
                </DistanceMatrixElement>
                <DistanceMatrixElement id="VTR:DistanceMatrixElement:958279to958280" version="1">
                  <Name>Molėtų plentas to Utenos autobusų stotis</Name>
                  <StartStopPointRef ref="VTR:ScheduledStopPoint:60762" version="1"/>
                  <EndStopPointRef ref="VTR:ScheduledStopPoint:55252" version="1"/>
                  <prices>
                    <DistanceMatrixElementPrice id="VTR:DistanceMatrixElementPrice:958279to958280" version="1">
                      <Amount>6.6</Amount>
                      <DistanceMatrixElementRef ref="VTR:DistanceMatrixElement:958279to958280" version="1"/>
                    </DistanceMatrixElementPrice>
                  </prices>
                </DistanceMatrixElement>
                <DistanceMatrixElement id="VTR:DistanceMatrixElement:958237to958239" version="1">
                  <Name>Vilniaus autobusų stotis to Molėtų plentas</Name>
                  <StartStopPointRef ref="VTR:ScheduledStopPoint:55251" version="1"/>
                  <EndStopPointRef ref="VTR:ScheduledStopPoint:60762" version="1"/>
                  <prices>
                    <DistanceMatrixElementPrice id="VTR:DistanceMatrixElementPrice:958237to958239" version="1">
                      <Amount>6.6</Amount>
                      <DistanceMatrixElementRef ref="VTR:DistanceMatrixElement:958237to958239" version="1"/>
                    </DistanceMatrixElementPrice>
                  </prices>
                </DistanceMatrixElement>
                <DistanceMatrixElement id="VTR:DistanceMatrixElement:958239to958240" version="1">
                  <Name>Molėtų plentas to Utenos autobusų stotis</Name>
                  <StartStopPointRef ref="VTR:ScheduledStopPoint:60762" version="1"/>
                  <EndStopPointRef ref="VTR:ScheduledStopPoint:55252" version="1"/>
                  <prices>
                    <DistanceMatrixElementPrice id="VTR:DistanceMatrixElementPrice:958239to958240" version="1">
                      <Amount>6.6</Amount>
                      <DistanceMatrixElementRef ref="VTR:DistanceMatrixElement:958239to958240" version="1"/>
                    </DistanceMatrixElementPrice>
                  </prices>
                </DistanceMatrixElement>
                <DistanceMatrixElement id="VTR:DistanceMatrixElement:958216to958217" version="1">
                  <Name>Molėtų plentas to Ateities</Name>
                  <StartStopPointRef ref="VTR:ScheduledStopPoint:55262" version="1"/>
                  <EndStopPointRef ref="VTR:ScheduledStopPoint:55263" version="1"/>
                  <prices>
                    <DistanceMatrixElementPrice id="VTR:DistanceMatrixElementPrice:958216to958217" version="1">
                      <Amount>0.0</Amount>
                      <DistanceMatrixElementRef ref="VTR:DistanceMatrixElement:958216to958217" version="1"/>
                    </DistanceMatrixElementPrice>
                  </prices>
                </DistanceMatrixElement>
                <DistanceMatrixElement id="VTR:DistanceMatrixElement:958222to958226" version="1">
                  <Name>Molėtų plentas to Vilniaus autobusų stotis</Name>
                  <StartStopPointRef ref="VTR:ScheduledStopPoint:55262" version="1"/>
                  <EndStopPointRef ref="VTR:ScheduledStopPoint:55260" version="1"/>
                  <prices>
                    <DistanceMatrixElementPrice id="VTR:DistanceMatrixElementPrice:958222to958226" version="1">
                      <Amount>0.0</Amount>
                      <DistanceMatrixElementRef ref="VTR:DistanceMatrixElement:958222to958226" version="1"/>
                    </DistanceMatrixElementPrice>
                  </prices>
                </DistanceMatrixElement>
                <DistanceMatrixElement id="VTR:DistanceMatrixElement:958277to958278" version="1">
                  <Name>Vilniaus autobusų stotis to Ateities</Name>
                  <StartStopPointRef ref="VTR:ScheduledStopPoint:55251" version="1"/>
                  <EndStopPointRef ref="VTR:ScheduledStopPoint:60759" version="1"/>
                  <prices>
                    <DistanceMatrixElementPrice id="VTR:DistanceMatrixElementPrice:958277to958278" version="1">
                      <Amount>6.6</Amount>
                      <DistanceMatrixElementRef ref="VTR:DistanceMatrixElement:958277to958278" version="1"/>
                    </DistanceMatrixElementPrice>
                  </prices>
                </DistanceMatrixElement>
                <DistanceMatrixElement id="VTR:DistanceMatrixElement:958277to958280" version="1">
                  <Name>Vilniaus autobusų stotis to Utenos autobusų stotis</Name>
                  <StartStopPointRef ref="VTR:ScheduledStopPoint:55251" version="1"/>
                  <EndStopPointRef ref="VTR:ScheduledStopPoint:55252" version="1"/>
                  <prices>
                    <DistanceMatrixElementPrice id="VTR:DistanceMatrixElementPrice:958277to958280" version="1">
                      <Amount>6.6</Amount>
                      <DistanceMatrixElementRef ref="VTR:DistanceMatrixElement:958277to958280" version="1"/>
                    </DistanceMatrixElementPrice>
                  </prices>
                </DistanceMatrixElement>
                <DistanceMatrixElement id="VTR:DistanceMatrixElement:958238to958239" version="1">
                  <Name>Ateities to Molėtų plentas</Name>
                  <StartStopPointRef ref="VTR:ScheduledStopPoint:60759" version="1"/>
                  <EndStopPointRef ref="VTR:ScheduledStopPoint:60762" version="1"/>
                  <prices>
                    <DistanceMatrixElementPrice id="VTR:DistanceMatrixElementPrice:958238to958239" version="1">
                      <Amount>6.6</Amount>
                      <DistanceMatrixElementRef ref="VTR:DistanceMatrixElement:958238to958239" version="1"/>
                    </DistanceMatrixElementPrice>
                  </prices>
                </DistanceMatrixElement>
                <DistanceMatrixElement id="VTR:DistanceMatrixElement:958233to958235" version="1">
                  <Name>Vilniaus autobusų stotis to Molėtų plentas</Name>
                  <StartStopPointRef ref="VTR:ScheduledStopPoint:55251" version="1"/>
                  <EndStopPointRef ref="VTR:ScheduledStopPoint:60762" version="1"/>
                  <prices>
                    <DistanceMatrixElementPrice id="VTR:DistanceMatrixElementPrice:958233to958235" version="1">
                      <Amount>6.6</Amount>
                      <DistanceMatrixElementRef ref="VTR:DistanceMatrixElement:958233to958235" version="1"/>
                    </DistanceMatrixElementPrice>
                  </prices>
                </DistanceMatrixElement>
                <DistanceMatrixElement id="VTR:DistanceMatrixElement:958216to958220" version="1">
                  <Name>Molėtų plentas to Vilniaus autobusų stotis</Name>
                  <StartStopPointRef ref="VTR:ScheduledStopPoint:55262" version="1"/>
                  <EndStopPointRef ref="VTR:ScheduledStopPoint:55260" version="1"/>
                  <prices>
                    <DistanceMatrixElementPrice id="VTR:DistanceMatrixElementPrice:958216to958220" version="1">
                      <Amount>0.0</Amount>
                      <DistanceMatrixElementRef ref="VTR:DistanceMatrixElement:958216to958220" version="1"/>
                    </DistanceMatrixElementPrice>
                  </prices>
                </DistanceMatrixElement>
                <DistanceMatrixElement id="VTR:DistanceMatrixElement:958210to958211" version="1">
                  <Name>Molėtų plentas to Ateities</Name>
                  <StartStopPointRef ref="VTR:ScheduledStopPoint:55262" version="1"/>
                  <EndStopPointRef ref="VTR:ScheduledStopPoint:55263" version="1"/>
                  <prices>
                    <DistanceMatrixElementPrice id="VTR:DistanceMatrixElementPrice:958210to958211" version="1">
                      <Amount>0.0</Amount>
                      <DistanceMatrixElementRef ref="VTR:DistanceMatrixElement:958210to958211" version="1"/>
                    </DistanceMatrixElementPrice>
                  </prices>
                </DistanceMatrixElement>
                <DistanceMatrixElement id="VTR:DistanceMatrixElement:958211to958212" version="1">
                  <Name>Ateities to Gedimino prospektas</Name>
                  <StartStopPointRef ref="VTR:ScheduledStopPoint:55263" version="1"/>
                  <EndStopPointRef ref="VTR:ScheduledStopPoint:55264" version="1"/>
                  <prices>
                    <DistanceMatrixElementPrice id="VTR:DistanceMatrixElementPrice:958211to958212" version="1">
                      <Amount>0.0</Amount>
                      <DistanceMatrixElementRef ref="VTR:DistanceMatrixElement:958211to958212" version="1"/>
                    </DistanceMatrixElementPrice>
                  </prices>
                </DistanceMatrixElement>
                <DistanceMatrixElement id="VTR:DistanceMatrixElement:958212to958213" version="1">
                  <Name>Gedimino prospektas to Žemaitės</Name>
                  <StartStopPointRef ref="VTR:ScheduledStopPoint:55264" version="1"/>
                  <EndStopPointRef ref="VTR:ScheduledStopPoint:55265" version="1"/>
                  <prices>
                    <DistanceMatrixElementPrice id="VTR:DistanceMatrixElementPrice:958212to958213" version="1">
                      <Amount>0.0</Amount>
                      <DistanceMatrixElementRef ref="VTR:DistanceMatrixElement:958212to958213" version="1"/>
                    </DistanceMatrixElementPrice>
                  </prices>
                </DistanceMatrixElement>
                <DistanceMatrixElement id="VTR:DistanceMatrixElement:958221to958222" version="1">
                  <Name>Utenos autobusų stotis to Molėtų plentas</Name>
                  <StartStopPointRef ref="VTR:ScheduledStopPoint:55261" version="1"/>
                  <EndStopPointRef ref="VTR:ScheduledStopPoint:55262" version="1"/>
                  <prices>
                    <DistanceMatrixElementPrice id="VTR:DistanceMatrixElementPrice:958221to958222" version="1">
                      <Amount>2.5</Amount>
                      <DistanceMatrixElementRef ref="VTR:DistanceMatrixElement:958221to958222" version="1"/>
                    </DistanceMatrixElementPrice>
                  </prices>
                </DistanceMatrixElement>
                <DistanceMatrixElement id="VTR:DistanceMatrixElement:958224to958226" version="1">
                  <Name>Gedimino prospektas to Vilniaus autobusų stotis</Name>
                  <StartStopPointRef ref="VTR:ScheduledStopPoint:55264" version="1"/>
                  <EndStopPointRef ref="VTR:ScheduledStopPoint:55260" version="1"/>
                  <prices>
                    <DistanceMatrixElementPrice id="VTR:DistanceMatrixElementPrice:958224to958226" version="1">
                      <Amount>0.0</Amount>
                      <DistanceMatrixElementRef ref="VTR:DistanceMatrixElement:958224to958226" version="1"/>
                    </DistanceMatrixElementPrice>
                  </prices>
                </DistanceMatrixElement>
                <DistanceMatrixElement id="VTR:DistanceMatrixElement:958277to958279" version="1">
                  <Name>Vilniaus autobusų stotis to Molėtų plentas</Name>
                  <StartStopPointRef ref="VTR:ScheduledStopPoint:55251" version="1"/>
                  <EndStopPointRef ref="VTR:ScheduledStopPoint:60762" version="1"/>
                  <prices>
                    <DistanceMatrixElementPrice id="VTR:DistanceMatrixElementPrice:958277to958279" version="1">
                      <Amount>6.6</Amount>
                      <DistanceMatrixElementRef ref="VTR:DistanceMatrixElement:958277to958279" version="1"/>
                    </DistanceMatrixElementPrice>
                  </prices>
                </DistanceMatrixElement>
                <DistanceMatrixElement id="VTR:DistanceMatrixElement:958217to958219" version="1">
                  <Name>Ateities to Žemaitės</Name>
                  <StartStopPointRef ref="VTR:ScheduledStopPoint:55263" version="1"/>
                  <EndStopPointRef ref="VTR:ScheduledStopPoint:55265" version="1"/>
                  <prices>
                    <DistanceMatrixElementPrice id="VTR:DistanceMatrixElementPrice:958217to958219" version="1">
                      <Amount>0.0</Amount>
                      <DistanceMatrixElementRef ref="VTR:DistanceMatrixElement:958217to958219" version="1"/>
                    </DistanceMatrixElementPrice>
                  </prices>
                </DistanceMatrixElement>
                <DistanceMatrixElement id="VTR:DistanceMatrixElement:958218to958220" version="1">
                  <Name>Gedimino prospektas to Vilniaus autobusų stotis</Name>
                  <StartStopPointRef ref="VTR:ScheduledStopPoint:55264" version="1"/>
                  <EndStopPointRef ref="VTR:ScheduledStopPoint:55260" version="1"/>
                  <prices>
                    <DistanceMatrixElementPrice id="VTR:DistanceMatrixElementPrice:958218to958220" version="1">
                      <Amount>0.0</Amount>
                      <DistanceMatrixElementRef ref="VTR:DistanceMatrixElement:958218to958220" version="1"/>
                    </DistanceMatrixElementPrice>
                  </prices>
                </DistanceMatrixElement>
                <DistanceMatrixElement id="VTR:DistanceMatrixElement:958210to958212" version="1">
                  <Name>Molėtų plentas to Gedimino prospektas</Name>
                  <StartStopPointRef ref="VTR:ScheduledStopPoint:55262" version="1"/>
                  <EndStopPointRef ref="VTR:ScheduledStopPoint:55264" version="1"/>
                  <prices>
                    <DistanceMatrixElementPrice id="VTR:DistanceMatrixElementPrice:958210to958212" version="1">
                      <Amount>0.0</Amount>
                      <DistanceMatrixElementRef ref="VTR:DistanceMatrixElement:958210to958212" version="1"/>
                    </DistanceMatrixElementPrice>
                  </prices>
                </DistanceMatrixElement>
                <DistanceMatrixElement id="VTR:DistanceMatrixElement:958210to958214" version="1">
                  <Name>Molėtų plentas to Vilniaus autobusų stotis</Name>
                  <StartStopPointRef ref="VTR:ScheduledStopPoint:55262" version="1"/>
                  <EndStopPointRef ref="VTR:ScheduledStopPoint:55260" version="1"/>
                  <prices>
                    <DistanceMatrixElementPrice id="VTR:DistanceMatrixElementPrice:958210to958214" version="1">
                      <Amount>0.0</Amount>
                      <DistanceMatrixElementRef ref="VTR:DistanceMatrixElement:958210to958214" version="1"/>
                    </DistanceMatrixElementPrice>
                  </prices>
                </DistanceMatrixElement>
                <DistanceMatrixElement id="VTR:DistanceMatrixElement:958222to958224" version="1">
                  <Name>Molėtų plentas to Gedimino prospektas</Name>
                  <StartStopPointRef ref="VTR:ScheduledStopPoint:55262" version="1"/>
                  <EndStopPointRef ref="VTR:ScheduledStopPoint:55264" version="1"/>
                  <prices>
                    <DistanceMatrixElementPrice id="VTR:DistanceMatrixElementPrice:958222to958224" version="1">
                      <Amount>0.0</Amount>
                      <DistanceMatrixElementRef ref="VTR:DistanceMatrixElement:958222to958224" version="1"/>
                    </DistanceMatrixElementPrice>
                  </prices>
                </DistanceMatrixElement>
                <DistanceMatrixElement id="VTR:DistanceMatrixElement:958222to958225" version="1">
                  <Name>Molėtų plentas to Žemaitės</Name>
                  <StartStopPointRef ref="VTR:ScheduledStopPoint:55262" version="1"/>
                  <EndStopPointRef ref="VTR:ScheduledStopPoint:55265" version="1"/>
                  <prices>
                    <DistanceMatrixElementPrice id="VTR:DistanceMatrixElementPrice:958222to958225" version="1">
                      <Amount>0.0</Amount>
                      <DistanceMatrixElementRef ref="VTR:DistanceMatrixElement:958222to958225" version="1"/>
                    </DistanceMatrixElementPrice>
                  </prices>
                </DistanceMatrixElement>
                <DistanceMatrixElement id="VTR:DistanceMatrixElement:958223to958225" version="1">
                  <Name>Ateities to Žemaitės</Name>
                  <StartStopPointRef ref="VTR:ScheduledStopPoint:55263" version="1"/>
                  <EndStopPointRef ref="VTR:ScheduledStopPoint:55265" version="1"/>
                  <prices>
                    <DistanceMatrixElementPrice id="VTR:DistanceMatrixElementPrice:958223to958225" version="1">
                      <Amount>0.0</Amount>
                      <DistanceMatrixElementRef ref="VTR:DistanceMatrixElement:958223to958225" version="1"/>
                    </DistanceMatrixElementPrice>
                  </prices>
                </DistanceMatrixElement>
                <DistanceMatrixElement id="VTR:DistanceMatrixElement:958225to958226" version="1">
                  <Name>Žemaitės to Vilniaus autobusų stotis</Name>
                  <StartStopPointRef ref="VTR:ScheduledStopPoint:55265" version="1"/>
                  <EndStopPointRef ref="VTR:ScheduledStopPoint:55260" version="1"/>
                  <prices>
                    <DistanceMatrixElementPrice id="VTR:DistanceMatrixElementPrice:958225to958226" version="1">
                      <Amount>0.0</Amount>
                      <DistanceMatrixElementRef ref="VTR:DistanceMatrixElement:958225to958226" version="1"/>
                    </DistanceMatrixElementPrice>
                  </prices>
                </DistanceMatrixElement>
                <DistanceMatrixElement id="VTR:DistanceMatrixElement:958278to958279" version="1">
                  <Name>Ateities to Molėtų plentas</Name>
                  <StartStopPointRef ref="VTR:ScheduledStopPoint:60759" version="1"/>
                  <EndStopPointRef ref="VTR:ScheduledStopPoint:60762" version="1"/>
                  <prices>
                    <DistanceMatrixElementPrice id="VTR:DistanceMatrixElementPrice:958278to958279" version="1">
                      <Amount>6.6</Amount>
                      <DistanceMatrixElementRef ref="VTR:DistanceMatrixElement:958278to958279" version="1"/>
                    </DistanceMatrixElementPrice>
                  </prices>
                </DistanceMatrixElement>
                <DistanceMatrixElement id="VTR:DistanceMatrixElement:958233to958234" version="1">
                  <Name>Vilniaus autobusų stotis to Ateities</Name>
                  <StartStopPointRef ref="VTR:ScheduledStopPoint:55251" version="1"/>
                  <EndStopPointRef ref="VTR:ScheduledStopPoint:60759" version="1"/>
                  <prices>
                    <DistanceMatrixElementPrice id="VTR:DistanceMatrixElementPrice:958233to958234" version="1">
                      <Amount>6.6</Amount>
                      <DistanceMatrixElementRef ref="VTR:DistanceMatrixElement:958233to958234" version="1"/>
                    </DistanceMatrixElementPrice>
                  </prices>
                </DistanceMatrixElement>
                <DistanceMatrixElement id="VTR:DistanceMatrixElement:958233to958236" version="1">
                  <Name>Vilniaus autobusų stotis to Utenos autobusų stotis</Name>
                  <StartStopPointRef ref="VTR:ScheduledStopPoint:55251" version="1"/>
                  <EndStopPointRef ref="VTR:ScheduledStopPoint:55252" version="1"/>
                  <prices>
                    <DistanceMatrixElementPrice id="VTR:DistanceMatrixElementPrice:958233to958236" version="1">
                      <Amount>6.6</Amount>
                      <DistanceMatrixElementRef ref="VTR:DistanceMatrixElement:958233to958236" version="1"/>
                    </DistanceMatrixElementPrice>
                  </prices>
                </DistanceMatrixElement>
                <DistanceMatrixElement id="VTR:DistanceMatrixElement:958234to958235" version="1">
                  <Name>Ateities to Molėtų plentas</Name>
                  <StartStopPointRef ref="VTR:ScheduledStopPoint:60759" version="1"/>
                  <EndStopPointRef ref="VTR:ScheduledStopPoint:60762" version="1"/>
                  <prices>
                    <DistanceMatrixElementPrice id="VTR:DistanceMatrixElementPrice:958234to958235" version="1">
                      <Amount>6.6</Amount>
                      <DistanceMatrixElementRef ref="VTR:DistanceMatrixElement:958234to958235" version="1"/>
                    </DistanceMatrixElementPrice>
                  </prices>
                </DistanceMatrixElement>
                <DistanceMatrixElement id="VTR:DistanceMatrixElement:958216to958219" version="1">
                  <Name>Molėtų plentas to Žemaitės</Name>
                  <StartStopPointRef ref="VTR:ScheduledStopPoint:55262" version="1"/>
                  <EndStopPointRef ref="VTR:ScheduledStopPoint:55265" version="1"/>
                  <prices>
                    <DistanceMatrixElementPrice id="VTR:DistanceMatrixElementPrice:958216to958219" version="1">
                      <Amount>0.0</Amount>
                      <DistanceMatrixElementRef ref="VTR:DistanceMatrixElement:958216to958219" version="1"/>
                    </DistanceMatrixElementPrice>
                  </prices>
                </DistanceMatrixElement>
                <DistanceMatrixElement id="VTR:DistanceMatrixElement:958209to958210" version="1">
                  <Name>Utenos autobusų stotis to Molėtų plentas</Name>
                  <StartStopPointRef ref="VTR:ScheduledStopPoint:55261" version="1"/>
                  <EndStopPointRef ref="VTR:ScheduledStopPoint:55262" version="1"/>
                  <prices>
                    <DistanceMatrixElementPrice id="VTR:DistanceMatrixElementPrice:958209to958210" version="1">
                      <Amount>2.5</Amount>
                      <DistanceMatrixElementRef ref="VTR:DistanceMatrixElement:958209to958210" version="1"/>
                    </DistanceMatrixElementPrice>
                  </prices>
                </DistanceMatrixElement>
                <DistanceMatrixElement id="VTR:DistanceMatrixElement:958217to958220" version="1">
                  <Name>Ateities to Vilniaus autobusų stotis</Name>
                  <StartStopPointRef ref="VTR:ScheduledStopPoint:55263" version="1"/>
                  <EndStopPointRef ref="VTR:ScheduledStopPoint:55260" version="1"/>
                  <prices>
                    <DistanceMatrixElementPrice id="VTR:DistanceMatrixElementPrice:958217to958220" version="1">
                      <Amount>0.0</Amount>
                      <DistanceMatrixElementRef ref="VTR:DistanceMatrixElement:958217to958220" version="1"/>
                    </DistanceMatrixElementPrice>
                  </prices>
                </DistanceMatrixElement>
              </distanceMatrixElements>
            </Tariff>
          </tariffs>
          <usageParameters>
            <FrequencyOfUse id="VTR:FrequencyOfUse:oneTrip" version="1">
              <FrequencyOfUseType>unlimited</FrequencyOfUseType>
              <MaximalFrequency>1</MaximalFrequency>
            </FrequencyOfUse>
          </usageParameters>
        </FareFrame>
      </frames>
    </CompositeFrame>
  </dataObjects>
</PublicationDelivery>
