<?xml version="1.0" encoding="UTF-8"?><PublicationDelivery xmlns="http://www.netex.org.uk/netex" xmlns:gis="http://www.opengis.net/gml/3.2" xmlns:ns2="http://www.opengis.net/gml/3.2" xmlns:ns3="http://www.siri.org.uk/siri" xmlns:xsi="http://www.w3.org/2001/XMLSchema-instance" version="1" xsi:schemaLocation="">
  <PublicationTimestamp>2022-03-19T00:40:00.256</PublicationTimestamp>
  <ParticipantRef>VTR</ParticipantRef>
  <Description>1</Description>
  <dataObjects>
    <CompositeFrame created="2022-03-19T00:40:00.256" version="1" id="VTR:CompositeFrame:1109">
      <validityConditions>
        <AvailabilityCondition version="1" id="VTR:AvailabilityCondition:1109">
          <FromDate>2010-03-08T00:00:00</FromDate>
          <ToDate>2023-03-31T00:00:00</ToDate>
        </AvailabilityCondition>
      </validityConditions>
      <codespaces>
        <Codespace id="vtr">
          <Xmlns>VTR</Xmlns>
          <XmlnsUrl>http://www.visimarsrutai.lt/</XmlnsUrl>
        </Codespace>
      </codespaces>
      <FrameDefaults>
        <DefaultLocale>
          <TimeZone>Europe/Vilnius</TimeZone>
        </DefaultLocale>
        <DefaultLocationSystem>WGS84</DefaultLocationSystem>
      </FrameDefaults>
      <frames>
        <ServiceCalendarFrame version="1" id="VTR:ServiceCalendarFrame:1109">
          <dayTypes>
            <DayType id="VTR:DayType:90" version="1">
              <properties>
                <PropertyOfDay>
                  <DaysOfWeek>Weekdays</DaysOfWeek>
                </PropertyOfDay>
              </properties>
            </DayType>
          </dayTypes>
          <operatingPeriods>
            <OperatingPeriod version="1" id="VTR:OperatingPeriod:90">
              <FromDate>2015-06-02T00:00:00</FromDate>
              <ToDate>2099-12-31T00:00:00</ToDate>
            </OperatingPeriod>
          </operatingPeriods>
          <dayTypeAssignments>
            <DayTypeAssignment id="VTR:DayTypeAssignment:90_0" version="1" order="110">
              <OperatingPeriodRef ref="VTR:OperatingPeriod:90" version="1"/>
              <DayTypeRef ref="VTR:DayType:90" version="1"/>
            </DayTypeAssignment>
          </dayTypeAssignments>
        </ServiceCalendarFrame>
        <ServiceFrame id="VTR:ServiceFrame:1109" version="1">
          <Network version="0" id="VTR:Network:2"/>
          <routePoints>
            <RoutePoint version="1" id="VTR:RoutePoint:51159">
              <projections>
                <PointProjection version="1" id="VTR:PointProjection:8982">
                  <ProjectedPointRef ref="VTR:ScheduledStopPoint:51159" version="1"/>
                </PointProjection>
              </projections>
            </RoutePoint>
            <RoutePoint version="1" id="VTR:RoutePoint:51160">
              <projections>
                <PointProjection version="1" id="VTR:PointProjection:8983">
                  <ProjectedPointRef ref="VTR:ScheduledStopPoint:51160" version="1"/>
                </PointProjection>
              </projections>
            </RoutePoint>
            <RoutePoint version="1" id="VTR:RoutePoint:51161">
              <projections>
                <PointProjection version="1" id="VTR:PointProjection:8984">
                  <ProjectedPointRef ref="VTR:ScheduledStopPoint:51161" version="1"/>
                </PointProjection>
              </projections>
            </RoutePoint>
            <RoutePoint version="1" id="VTR:RoutePoint:51162">
              <projections>
                <PointProjection version="1" id="VTR:PointProjection:8985">
                  <ProjectedPointRef ref="VTR:ScheduledStopPoint:51162" version="1"/>
                </PointProjection>
              </projections>
            </RoutePoint>
            <RoutePoint version="1" id="VTR:RoutePoint:51163">
              <projections>
                <PointProjection version="1" id="VTR:PointProjection:8986">
                  <ProjectedPointRef ref="VTR:ScheduledStopPoint:51163" version="1"/>
                </PointProjection>
              </projections>
            </RoutePoint>
            <RoutePoint version="1" id="VTR:RoutePoint:51164">
              <projections>
                <PointProjection version="1" id="VTR:PointProjection:8987">
                  <ProjectedPointRef ref="VTR:ScheduledStopPoint:51164" version="1"/>
                </PointProjection>
              </projections>
            </RoutePoint>
            <RoutePoint version="1" id="VTR:RoutePoint:51165">
              <projections>
                <PointProjection version="1" id="VTR:PointProjection:8988">
                  <ProjectedPointRef ref="VTR:ScheduledStopPoint:51165" version="1"/>
                </PointProjection>
              </projections>
            </RoutePoint>
            <RoutePoint version="1" id="VTR:RoutePoint:51166">
              <projections>
                <PointProjection version="1" id="VTR:PointProjection:8989">
                  <ProjectedPointRef ref="VTR:ScheduledStopPoint:51166" version="1"/>
                </PointProjection>
              </projections>
            </RoutePoint>
            <RoutePoint version="1" id="VTR:RoutePoint:51169">
              <projections>
                <PointProjection version="1" id="VTR:PointProjection:9044">
                  <ProjectedPointRef ref="VTR:ScheduledStopPoint:51169" version="1"/>
                </PointProjection>
              </projections>
            </RoutePoint>
            <RoutePoint version="1" id="VTR:RoutePoint:51170">
              <projections>
                <PointProjection version="1" id="VTR:PointProjection:9045">
                  <ProjectedPointRef ref="VTR:ScheduledStopPoint:51170" version="1"/>
                </PointProjection>
              </projections>
            </RoutePoint>
            <RoutePoint version="1" id="VTR:RoutePoint:51171">
              <projections>
                <PointProjection version="1" id="VTR:PointProjection:9046">
                  <ProjectedPointRef ref="VTR:ScheduledStopPoint:51171" version="1"/>
                </PointProjection>
              </projections>
            </RoutePoint>
            <RoutePoint version="1" id="VTR:RoutePoint:51175">
              <projections>
                <PointProjection version="1" id="VTR:PointProjection:9563">
                  <ProjectedPointRef ref="VTR:ScheduledStopPoint:51175" version="1"/>
                </PointProjection>
              </projections>
            </RoutePoint>
            <RoutePoint version="1" id="VTR:RoutePoint:51176">
              <projections>
                <PointProjection version="1" id="VTR:PointProjection:9564">
                  <ProjectedPointRef ref="VTR:ScheduledStopPoint:51176" version="1"/>
                </PointProjection>
              </projections>
            </RoutePoint>
            <RoutePoint version="1" id="VTR:RoutePoint:51177">
              <projections>
                <PointProjection version="1" id="VTR:PointProjection:9565">
                  <ProjectedPointRef ref="VTR:ScheduledStopPoint:51177" version="1"/>
                </PointProjection>
              </projections>
            </RoutePoint>
            <RoutePoint version="1" id="VTR:RoutePoint:51178">
              <projections>
                <PointProjection version="1" id="VTR:PointProjection:9566">
                  <ProjectedPointRef ref="VTR:ScheduledStopPoint:51178" version="1"/>
                </PointProjection>
              </projections>
            </RoutePoint>
            <RoutePoint version="1" id="VTR:RoutePoint:51179">
              <projections>
                <PointProjection version="1" id="VTR:PointProjection:9567">
                  <ProjectedPointRef ref="VTR:ScheduledStopPoint:51179" version="1"/>
                </PointProjection>
              </projections>
            </RoutePoint>
            <RoutePoint version="1" id="VTR:RoutePoint:51180">
              <projections>
                <PointProjection version="1" id="VTR:PointProjection:9568">
                  <ProjectedPointRef ref="VTR:ScheduledStopPoint:51180" version="1"/>
                </PointProjection>
              </projections>
            </RoutePoint>
            <RoutePoint version="1" id="VTR:RoutePoint:51181">
              <projections>
                <PointProjection version="1" id="VTR:PointProjection:9569">
                  <ProjectedPointRef ref="VTR:ScheduledStopPoint:51181" version="1"/>
                </PointProjection>
              </projections>
            </RoutePoint>
            <RoutePoint version="1" id="VTR:RoutePoint:51182">
              <projections>
                <PointProjection version="1" id="VTR:PointProjection:9560">
                  <ProjectedPointRef ref="VTR:ScheduledStopPoint:51182" version="1"/>
                </PointProjection>
              </projections>
            </RoutePoint>
            <RoutePoint version="1" id="VTR:RoutePoint:51183">
              <projections>
                <PointProjection version="1" id="VTR:PointProjection:9561">
                  <ProjectedPointRef ref="VTR:ScheduledStopPoint:51183" version="1"/>
                </PointProjection>
              </projections>
            </RoutePoint>
            <RoutePoint version="1" id="VTR:RoutePoint:51184">
              <projections>
                <PointProjection version="1" id="VTR:PointProjection:9562">
                  <ProjectedPointRef ref="VTR:ScheduledStopPoint:51184" version="1"/>
                </PointProjection>
              </projections>
            </RoutePoint>
            <RoutePoint version="1" id="VTR:RoutePoint:51277">
              <projections>
                <PointProjection version="1" id="VTR:PointProjection:9429">
                  <ProjectedPointRef ref="VTR:ScheduledStopPoint:51277" version="1"/>
                </PointProjection>
              </projections>
            </RoutePoint>
            <RoutePoint version="1" id="VTR:RoutePoint:51280">
              <projections>
                <PointProjection version="1" id="VTR:PointProjection:9427">
                  <ProjectedPointRef ref="VTR:ScheduledStopPoint:51280" version="1"/>
                </PointProjection>
              </projections>
            </RoutePoint>
            <RoutePoint version="1" id="VTR:RoutePoint:51455">
              <projections>
                <PointProjection version="1" id="VTR:PointProjection:9309">
                  <ProjectedPointRef ref="VTR:ScheduledStopPoint:51455" version="1"/>
                </PointProjection>
              </projections>
            </RoutePoint>
            <RoutePoint version="1" id="VTR:RoutePoint:51456">
              <projections>
                <PointProjection version="1" id="VTR:PointProjection:9310">
                  <ProjectedPointRef ref="VTR:ScheduledStopPoint:51456" version="1"/>
                </PointProjection>
              </projections>
            </RoutePoint>
            <RoutePoint version="1" id="VTR:RoutePoint:51457">
              <projections>
                <PointProjection version="1" id="VTR:PointProjection:9048">
                  <ProjectedPointRef ref="VTR:ScheduledStopPoint:51457" version="1"/>
                </PointProjection>
              </projections>
            </RoutePoint>
          </routePoints>
          <routes>
            <Route version="1" id="VTR:Route:2179">
              <Name>Šiauliai-Vilnius</Name>
              <ShortName>Šiauliai-Vilnius</ShortName>
              <LineRef ref="VTR:Line:712" version="697"/>
              <DirectionType>outbound</DirectionType>
              <pointsInSequence>
                <PointOnRoute version="1" id="VTR:PointOnRoute:51455" order="1">
                  <RoutePointRef ref="VTR:RoutePoint:51455"/>
                </PointOnRoute>
                <PointOnRoute version="1" id="VTR:PointOnRoute:51159" order="2">
                  <RoutePointRef ref="VTR:RoutePoint:51159"/>
                </PointOnRoute>
                <PointOnRoute version="1" id="VTR:PointOnRoute:51160" order="3">
                  <RoutePointRef ref="VTR:RoutePoint:51160"/>
                </PointOnRoute>
                <PointOnRoute version="1" id="VTR:PointOnRoute:51161" order="4">
                  <RoutePointRef ref="VTR:RoutePoint:51161"/>
                </PointOnRoute>
                <PointOnRoute version="1" id="VTR:PointOnRoute:51162" order="5">
                  <RoutePointRef ref="VTR:RoutePoint:51162"/>
                </PointOnRoute>
                <PointOnRoute version="1" id="VTR:PointOnRoute:51163" order="6">
                  <RoutePointRef ref="VTR:RoutePoint:51163"/>
                </PointOnRoute>
                <PointOnRoute version="1" id="VTR:PointOnRoute:51164" order="7">
                  <RoutePointRef ref="VTR:RoutePoint:51164"/>
                </PointOnRoute>
                <PointOnRoute version="1" id="VTR:PointOnRoute:51165" order="8">
                  <RoutePointRef ref="VTR:RoutePoint:51165"/>
                </PointOnRoute>
                <PointOnRoute version="1" id="VTR:PointOnRoute:51166" order="9">
                  <RoutePointRef ref="VTR:RoutePoint:51166"/>
                </PointOnRoute>
                <PointOnRoute version="1" id="VTR:PointOnRoute:51169" order="10">
                  <RoutePointRef ref="VTR:RoutePoint:51169"/>
                </PointOnRoute>
                <PointOnRoute version="1" id="VTR:PointOnRoute:51170" order="11">
                  <RoutePointRef ref="VTR:RoutePoint:51170"/>
                </PointOnRoute>
                <PointOnRoute version="1" id="VTR:PointOnRoute:51171" order="12">
                  <RoutePointRef ref="VTR:RoutePoint:51171"/>
                </PointOnRoute>
                <PointOnRoute version="1" id="VTR:PointOnRoute:51456" order="13">
                  <RoutePointRef ref="VTR:RoutePoint:51456"/>
                </PointOnRoute>
              </pointsInSequence>
            </Route>
            <Route version="1" id="VTR:Route:2180">
              <Name>Vilnius-Šiauliai</Name>
              <ShortName>Vilnius-Šiauliai</ShortName>
              <LineRef ref="VTR:Line:712" version="697"/>
              <DirectionType>inbound</DirectionType>
              <pointsInSequence>
                <PointOnRoute version="1" id="VTR:PointOnRoute:51277" order="1">
                  <RoutePointRef ref="VTR:RoutePoint:51277"/>
                </PointOnRoute>
                <PointOnRoute version="1" id="VTR:PointOnRoute:51280" order="2">
                  <RoutePointRef ref="VTR:RoutePoint:51280"/>
                </PointOnRoute>
                <PointOnRoute version="1" id="VTR:PointOnRoute:51175" order="3">
                  <RoutePointRef ref="VTR:RoutePoint:51175"/>
                </PointOnRoute>
                <PointOnRoute version="1" id="VTR:PointOnRoute:51176" order="4">
                  <RoutePointRef ref="VTR:RoutePoint:51176"/>
                </PointOnRoute>
                <PointOnRoute version="1" id="VTR:PointOnRoute:51177" order="5">
                  <RoutePointRef ref="VTR:RoutePoint:51177"/>
                </PointOnRoute>
                <PointOnRoute version="1" id="VTR:PointOnRoute:51178" order="6">
                  <RoutePointRef ref="VTR:RoutePoint:51178"/>
                </PointOnRoute>
                <PointOnRoute version="1" id="VTR:PointOnRoute:51179" order="7">
                  <RoutePointRef ref="VTR:RoutePoint:51179"/>
                </PointOnRoute>
                <PointOnRoute version="1" id="VTR:PointOnRoute:51180" order="8">
                  <RoutePointRef ref="VTR:RoutePoint:51180"/>
                </PointOnRoute>
                <PointOnRoute version="1" id="VTR:PointOnRoute:51181" order="9">
                  <RoutePointRef ref="VTR:RoutePoint:51181"/>
                </PointOnRoute>
                <PointOnRoute version="1" id="VTR:PointOnRoute:51182" order="10">
                  <RoutePointRef ref="VTR:RoutePoint:51182"/>
                </PointOnRoute>
                <PointOnRoute version="1" id="VTR:PointOnRoute:51183" order="11">
                  <RoutePointRef ref="VTR:RoutePoint:51183"/>
                </PointOnRoute>
                <PointOnRoute version="1" id="VTR:PointOnRoute:51184" order="12">
                  <RoutePointRef ref="VTR:RoutePoint:51184"/>
                </PointOnRoute>
                <PointOnRoute version="1" id="VTR:PointOnRoute:51457" order="13">
                  <RoutePointRef ref="VTR:RoutePoint:51457"/>
                </PointOnRoute>
              </pointsInSequence>
            </Route>
          </routes>
          <lines>
            <Line version="697" id="VTR:Line:712">
              <Name>Šiauliai-Vilnius</Name>
              <TransportMode>bus</TransportMode>
              <TransportSubmode>
                <CoachSubmode>nationalCoach</CoachSubmode>
              </TransportSubmode>
              <PublicCode>M-750</PublicCode>
              <OperatorRef ref="VTR:Operator:2"/>
            </Line>
          </lines>
          <scheduledStopPoints>
            <ScheduledStopPoint version="1" id="VTR:ScheduledStopPoint:51159">
              <Name>Centras</Name>
            </ScheduledStopPoint>
            <ScheduledStopPoint version="1" id="VTR:ScheduledStopPoint:51160">
              <Name>Degučiai</Name>
            </ScheduledStopPoint>
            <ScheduledStopPoint version="1" id="VTR:ScheduledStopPoint:51161">
              <Name>Pakruojo autobusų stotis</Name>
            </ScheduledStopPoint>
            <ScheduledStopPoint version="1" id="VTR:ScheduledStopPoint:51162">
              <Name>Rozalimas</Name>
            </ScheduledStopPoint>
            <ScheduledStopPoint version="1" id="VTR:ScheduledStopPoint:51163">
              <Name>Smilgiai</Name>
            </ScheduledStopPoint>
            <ScheduledStopPoint version="1" id="VTR:ScheduledStopPoint:51164">
              <Name>F. Vaitkaus</Name>
            </ScheduledStopPoint>
            <ScheduledStopPoint version="1" id="VTR:ScheduledStopPoint:51165">
              <Name>Panevėžio autobusų stotis</Name>
            </ScheduledStopPoint>
            <ScheduledStopPoint version="1" id="VTR:ScheduledStopPoint:51166">
              <Name>Autobusų parkas</Name>
            </ScheduledStopPoint>
            <ScheduledStopPoint version="1" id="VTR:ScheduledStopPoint:51169">
              <Name>Fabijoniškės</Name>
            </ScheduledStopPoint>
            <ScheduledStopPoint version="1" id="VTR:ScheduledStopPoint:51170">
              <Name>Gedimino prospektas</Name>
            </ScheduledStopPoint>
            <ScheduledStopPoint version="1" id="VTR:ScheduledStopPoint:51171">
              <Name>Žemaitės</Name>
            </ScheduledStopPoint>
            <ScheduledStopPoint version="1" id="VTR:ScheduledStopPoint:51175">
              <Name>Ukmergės autobusų stotis</Name>
            </ScheduledStopPoint>
            <ScheduledStopPoint version="1" id="VTR:ScheduledStopPoint:51176">
              <Name>Šilai</Name>
            </ScheduledStopPoint>
            <ScheduledStopPoint version="1" id="VTR:ScheduledStopPoint:51177">
              <Name>Autobusų parkas</Name>
            </ScheduledStopPoint>
            <ScheduledStopPoint version="1" id="VTR:ScheduledStopPoint:51178">
              <Name>Panevėžio autobusų stotis</Name>
            </ScheduledStopPoint>
            <ScheduledStopPoint version="1" id="VTR:ScheduledStopPoint:51179">
              <Name>F. Vaitkaus</Name>
            </ScheduledStopPoint>
            <ScheduledStopPoint version="1" id="VTR:ScheduledStopPoint:51180">
              <Name>Smilgiai</Name>
            </ScheduledStopPoint>
            <ScheduledStopPoint version="1" id="VTR:ScheduledStopPoint:51181">
              <Name>Rozalimas</Name>
            </ScheduledStopPoint>
            <ScheduledStopPoint version="1" id="VTR:ScheduledStopPoint:51182">
              <Name>Pakruojo autobusų stotis</Name>
            </ScheduledStopPoint>
            <ScheduledStopPoint version="1" id="VTR:ScheduledStopPoint:51183">
              <Name>Degučiai</Name>
            </ScheduledStopPoint>
            <ScheduledStopPoint version="1" id="VTR:ScheduledStopPoint:51184">
              <Name>Centras</Name>
            </ScheduledStopPoint>
            <ScheduledStopPoint version="1" id="VTR:ScheduledStopPoint:51277">
              <Name>Vilniaus autobusų stotis</Name>
            </ScheduledStopPoint>
            <ScheduledStopPoint version="1" id="VTR:ScheduledStopPoint:51280">
              <Name>Fabijoniškės</Name>
            </ScheduledStopPoint>
            <ScheduledStopPoint version="1" id="VTR:ScheduledStopPoint:51455">
              <Name>Šiaulių autobusų stotis</Name>
            </ScheduledStopPoint>
            <ScheduledStopPoint version="1" id="VTR:ScheduledStopPoint:51456">
              <Name>Vilniaus autobusų stotis</Name>
            </ScheduledStopPoint>
            <ScheduledStopPoint version="1" id="VTR:ScheduledStopPoint:51457">
              <Name>Šiaulių autobusų stotis</Name>
            </ScheduledStopPoint>
          </scheduledStopPoints>
          <serviceLinks>
            <ServiceLink id="VTR:ServiceLink:51180_1_51181_1" version="1">
              <Distance>15</Distance>
              <FromPointRef ref="VTR:ScheduledStopPoint:51180" version="1"/>
              <ToPointRef ref="VTR:ScheduledStopPoint:51181" version="1"/>
            </ServiceLink>
            <ServiceLink id="VTR:ServiceLink:51162_1_51163_1" version="1">
              <Distance>15</Distance>
              <FromPointRef ref="VTR:ScheduledStopPoint:51162" version="1"/>
              <ToPointRef ref="VTR:ScheduledStopPoint:51163" version="1"/>
            </ServiceLink>
            <ServiceLink id="VTR:ServiceLink:51176_1_51177_1" version="1">
              <Distance>30</Distance>
              <FromPointRef ref="VTR:ScheduledStopPoint:51176" version="1"/>
              <ToPointRef ref="VTR:ScheduledStopPoint:51177" version="1"/>
            </ServiceLink>
            <ServiceLink id="VTR:ServiceLink:51165_1_51166_1" version="1">
              <Distance>1</Distance>
              <FromPointRef ref="VTR:ScheduledStopPoint:51165" version="1"/>
              <ToPointRef ref="VTR:ScheduledStopPoint:51166" version="1"/>
            </ServiceLink>
            <ServiceLink id="VTR:ServiceLink:51184_1_51457_1" version="1">
              <Distance>0</Distance>
              <FromPointRef ref="VTR:ScheduledStopPoint:51184" version="1"/>
              <ToPointRef ref="VTR:ScheduledStopPoint:51457" version="1"/>
            </ServiceLink>
            <ServiceLink id="VTR:ServiceLink:51179_1_51180_1" version="1">
              <Distance>21</Distance>
              <FromPointRef ref="VTR:ScheduledStopPoint:51179" version="1"/>
              <ToPointRef ref="VTR:ScheduledStopPoint:51180" version="1"/>
            </ServiceLink>
            <ServiceLink id="VTR:ServiceLink:51161_1_51162_1" version="1">
              <Distance>11</Distance>
              <FromPointRef ref="VTR:ScheduledStopPoint:51161" version="1"/>
              <ToPointRef ref="VTR:ScheduledStopPoint:51162" version="1"/>
            </ServiceLink>
            <ServiceLink id="VTR:ServiceLink:51164_1_51165_1" version="1">
              <Distance>1</Distance>
              <FromPointRef ref="VTR:ScheduledStopPoint:51164" version="1"/>
              <ToPointRef ref="VTR:ScheduledStopPoint:51165" version="1"/>
            </ServiceLink>
            <ServiceLink id="VTR:ServiceLink:51177_1_51178_1" version="1">
              <Distance>1</Distance>
              <FromPointRef ref="VTR:ScheduledStopPoint:51177" version="1"/>
              <ToPointRef ref="VTR:ScheduledStopPoint:51178" version="1"/>
            </ServiceLink>
            <ServiceLink id="VTR:ServiceLink:51181_1_51182_1" version="1">
              <Distance>11</Distance>
              <FromPointRef ref="VTR:ScheduledStopPoint:51181" version="1"/>
              <ToPointRef ref="VTR:ScheduledStopPoint:51182" version="1"/>
            </ServiceLink>
            <ServiceLink id="VTR:ServiceLink:51160_1_51161_1" version="1">
              <Distance>18</Distance>
              <FromPointRef ref="VTR:ScheduledStopPoint:51160" version="1"/>
              <ToPointRef ref="VTR:ScheduledStopPoint:51161" version="1"/>
            </ServiceLink>
            <ServiceLink id="VTR:ServiceLink:51280_1_51175_1" version="1">
              <Distance>70</Distance>
              <FromPointRef ref="VTR:ScheduledStopPoint:51280" version="1"/>
              <ToPointRef ref="VTR:ScheduledStopPoint:51175" version="1"/>
            </ServiceLink>
            <ServiceLink id="VTR:ServiceLink:51163_1_51164_1" version="1">
              <Distance>22</Distance>
              <FromPointRef ref="VTR:ScheduledStopPoint:51163" version="1"/>
              <ToPointRef ref="VTR:ScheduledStopPoint:51164" version="1"/>
            </ServiceLink>
            <ServiceLink id="VTR:ServiceLink:51169_1_51170_1" version="1">
              <Distance>4</Distance>
              <FromPointRef ref="VTR:ScheduledStopPoint:51169" version="1"/>
              <ToPointRef ref="VTR:ScheduledStopPoint:51170" version="1"/>
            </ServiceLink>
            <ServiceLink id="VTR:ServiceLink:51182_1_51183_1" version="1">
              <Distance>18</Distance>
              <FromPointRef ref="VTR:ScheduledStopPoint:51182" version="1"/>
              <ToPointRef ref="VTR:ScheduledStopPoint:51183" version="1"/>
            </ServiceLink>
            <ServiceLink id="VTR:ServiceLink:51159_1_51160_1" version="1">
              <Distance>18</Distance>
              <FromPointRef ref="VTR:ScheduledStopPoint:51159" version="1"/>
              <ToPointRef ref="VTR:ScheduledStopPoint:51160" version="1"/>
            </ServiceLink>
            <ServiceLink id="VTR:ServiceLink:51178_1_51179_1" version="1">
              <Distance>2</Distance>
              <FromPointRef ref="VTR:ScheduledStopPoint:51178" version="1"/>
              <ToPointRef ref="VTR:ScheduledStopPoint:51179" version="1"/>
            </ServiceLink>
            <ServiceLink id="VTR:ServiceLink:51170_1_51171_1" version="1">
              <Distance>2</Distance>
              <FromPointRef ref="VTR:ScheduledStopPoint:51170" version="1"/>
              <ToPointRef ref="VTR:ScheduledStopPoint:51171" version="1"/>
            </ServiceLink>
            <ServiceLink id="VTR:ServiceLink:51183_1_51184_1" version="1">
              <Distance>18</Distance>
              <FromPointRef ref="VTR:ScheduledStopPoint:51183" version="1"/>
              <ToPointRef ref="VTR:ScheduledStopPoint:51184" version="1"/>
            </ServiceLink>
            <ServiceLink id="VTR:ServiceLink:51171_1_51456_1" version="1">
              <Distance>2</Distance>
              <FromPointRef ref="VTR:ScheduledStopPoint:51171" version="1"/>
              <ToPointRef ref="VTR:ScheduledStopPoint:51456" version="1"/>
            </ServiceLink>
            <ServiceLink id="VTR:ServiceLink:51175_1_51176_1" version="1">
              <Distance>31</Distance>
              <FromPointRef ref="VTR:ScheduledStopPoint:51175" version="1"/>
              <ToPointRef ref="VTR:ScheduledStopPoint:51176" version="1"/>
            </ServiceLink>
            <ServiceLink id="VTR:ServiceLink:51166_1_51169_1" version="1">
              <Distance>128</Distance>
              <FromPointRef ref="VTR:ScheduledStopPoint:51166" version="1"/>
              <ToPointRef ref="VTR:ScheduledStopPoint:51169" version="1"/>
            </ServiceLink>
          </serviceLinks>
          <stopAssignments>
            <PassengerStopAssignment order="217900000" id="VTR:PassengerStopAssignment:51455" version="1">
              <ScheduledStopPointRef ref="VTR:ScheduledStopPoint:51455" version="1"/>
              <QuayRef ref="VTR:Quay:19488"/>
            </PassengerStopAssignment>
            <PassengerStopAssignment order="217900004" id="VTR:PassengerStopAssignment:51159" version="1">
              <ScheduledStopPointRef ref="VTR:ScheduledStopPoint:51159" version="1"/>
              <QuayRef ref="VTR:Quay:20162"/>
            </PassengerStopAssignment>
            <PassengerStopAssignment order="217900005" id="VTR:PassengerStopAssignment:51160" version="1">
              <ScheduledStopPointRef ref="VTR:ScheduledStopPoint:51160" version="1"/>
              <QuayRef ref="VTR:Quay:15607"/>
            </PassengerStopAssignment>
            <PassengerStopAssignment order="217900006" id="VTR:PassengerStopAssignment:51161" version="1">
              <ScheduledStopPointRef ref="VTR:ScheduledStopPoint:51161" version="1"/>
              <QuayRef ref="VTR:Quay:19461"/>
            </PassengerStopAssignment>
            <PassengerStopAssignment order="217900007" id="VTR:PassengerStopAssignment:51162" version="1">
              <ScheduledStopPointRef ref="VTR:ScheduledStopPoint:51162" version="1"/>
              <QuayRef ref="VTR:Quay:8618"/>
            </PassengerStopAssignment>
            <PassengerStopAssignment order="217900008" id="VTR:PassengerStopAssignment:51163" version="1">
              <ScheduledStopPointRef ref="VTR:ScheduledStopPoint:51163" version="1"/>
              <QuayRef ref="VTR:Quay:8713"/>
            </PassengerStopAssignment>
            <PassengerStopAssignment order="217900009" id="VTR:PassengerStopAssignment:51164" version="1">
              <ScheduledStopPointRef ref="VTR:ScheduledStopPoint:51164" version="1"/>
              <QuayRef ref="VTR:Quay:20053"/>
            </PassengerStopAssignment>
            <PassengerStopAssignment order="217900010" id="VTR:PassengerStopAssignment:51165" version="1">
              <ScheduledStopPointRef ref="VTR:ScheduledStopPoint:51165" version="1"/>
              <QuayRef ref="VTR:Quay:19459"/>
            </PassengerStopAssignment>
            <PassengerStopAssignment order="217900011" id="VTR:PassengerStopAssignment:51166" version="1">
              <ScheduledStopPointRef ref="VTR:ScheduledStopPoint:51166" version="1"/>
              <QuayRef ref="VTR:Quay:20048"/>
            </PassengerStopAssignment>
            <PassengerStopAssignment order="217900012" id="VTR:PassengerStopAssignment:51169" version="1">
              <ScheduledStopPointRef ref="VTR:ScheduledStopPoint:51169" version="1"/>
              <QuayRef ref="VTR:Quay:20087"/>
            </PassengerStopAssignment>
            <PassengerStopAssignment order="217900013" id="VTR:PassengerStopAssignment:51170" version="1">
              <ScheduledStopPointRef ref="VTR:ScheduledStopPoint:51170" version="1"/>
              <QuayRef ref="VTR:Quay:21418"/>
            </PassengerStopAssignment>
            <PassengerStopAssignment order="217900014" id="VTR:PassengerStopAssignment:51171" version="1">
              <ScheduledStopPointRef ref="VTR:ScheduledStopPoint:51171" version="1"/>
              <QuayRef ref="VTR:Quay:21417"/>
            </PassengerStopAssignment>
            <PassengerStopAssignment order="217900015" id="VTR:PassengerStopAssignment:51456" version="1">
              <ScheduledStopPointRef ref="VTR:ScheduledStopPoint:51456" version="1"/>
              <QuayRef ref="VTR:Quay:19485"/>
            </PassengerStopAssignment>
            <PassengerStopAssignment order="218000000" id="VTR:PassengerStopAssignment:51277" version="1">
              <ScheduledStopPointRef ref="VTR:ScheduledStopPoint:51277" version="1"/>
              <QuayRef ref="VTR:Quay:19485"/>
            </PassengerStopAssignment>
            <PassengerStopAssignment order="218000003" id="VTR:PassengerStopAssignment:51280" version="1">
              <ScheduledStopPointRef ref="VTR:ScheduledStopPoint:51280" version="1"/>
              <QuayRef ref="VTR:Quay:20088"/>
            </PassengerStopAssignment>
            <PassengerStopAssignment order="218000004" id="VTR:PassengerStopAssignment:51175" version="1">
              <ScheduledStopPointRef ref="VTR:ScheduledStopPoint:51175" version="1"/>
              <QuayRef ref="VTR:Quay:19468"/>
            </PassengerStopAssignment>
            <PassengerStopAssignment order="218000005" id="VTR:PassengerStopAssignment:51176" version="1">
              <ScheduledStopPointRef ref="VTR:ScheduledStopPoint:51176" version="1"/>
              <QuayRef ref="VTR:Quay:4845"/>
            </PassengerStopAssignment>
            <PassengerStopAssignment order="218000006" id="VTR:PassengerStopAssignment:51177" version="1">
              <ScheduledStopPointRef ref="VTR:ScheduledStopPoint:51177" version="1"/>
              <QuayRef ref="VTR:Quay:20047"/>
            </PassengerStopAssignment>
            <PassengerStopAssignment order="218000007" id="VTR:PassengerStopAssignment:51178" version="1">
              <ScheduledStopPointRef ref="VTR:ScheduledStopPoint:51178" version="1"/>
              <QuayRef ref="VTR:Quay:19459"/>
            </PassengerStopAssignment>
            <PassengerStopAssignment order="218000008" id="VTR:PassengerStopAssignment:51179" version="1">
              <ScheduledStopPointRef ref="VTR:ScheduledStopPoint:51179" version="1"/>
              <QuayRef ref="VTR:Quay:20052"/>
            </PassengerStopAssignment>
            <PassengerStopAssignment order="218000009" id="VTR:PassengerStopAssignment:51180" version="1">
              <ScheduledStopPointRef ref="VTR:ScheduledStopPoint:51180" version="1"/>
              <QuayRef ref="VTR:Quay:7606"/>
            </PassengerStopAssignment>
            <PassengerStopAssignment order="218000010" id="VTR:PassengerStopAssignment:51181" version="1">
              <ScheduledStopPointRef ref="VTR:ScheduledStopPoint:51181" version="1"/>
              <QuayRef ref="VTR:Quay:8618"/>
            </PassengerStopAssignment>
            <PassengerStopAssignment order="218000011" id="VTR:PassengerStopAssignment:51182" version="1">
              <ScheduledStopPointRef ref="VTR:ScheduledStopPoint:51182" version="1"/>
              <QuayRef ref="VTR:Quay:19461"/>
            </PassengerStopAssignment>
            <PassengerStopAssignment order="218000012" id="VTR:PassengerStopAssignment:51183" version="1">
              <ScheduledStopPointRef ref="VTR:ScheduledStopPoint:51183" version="1"/>
              <QuayRef ref="VTR:Quay:16588"/>
            </PassengerStopAssignment>
            <PassengerStopAssignment order="218000013" id="VTR:PassengerStopAssignment:51184" version="1">
              <ScheduledStopPointRef ref="VTR:ScheduledStopPoint:51184" version="1"/>
              <QuayRef ref="VTR:Quay:20163"/>
            </PassengerStopAssignment>
            <PassengerStopAssignment order="218000014" id="VTR:PassengerStopAssignment:51457" version="1">
              <ScheduledStopPointRef ref="VTR:ScheduledStopPoint:51457" version="1"/>
              <QuayRef ref="VTR:Quay:19488"/>
            </PassengerStopAssignment>
          </stopAssignments>
          <journeyPatterns>
            <JourneyPattern id="VTR:JourneyPattern:44261" version="44222">
              <Name>1*</Name>
              <RouteRef ref="VTR:Route:2179" version="1"/>
              <pointsInSequence>
                <StopPointInJourneyPattern id="VTR:StopPointInJourneyPattern:932564" version="44222" order="1">
                  <ScheduledStopPointRef ref="VTR:ScheduledStopPoint:51455"/>
                  <ForAlighting>false</ForAlighting>
                  <DestinationDisplayRef ref="VTR:DestinationDisplay:1"/>
                </StopPointInJourneyPattern>
                <StopPointInJourneyPattern id="VTR:StopPointInJourneyPattern:932565" version="44222" order="2">
                  <ScheduledStopPointRef ref="VTR:ScheduledStopPoint:51159"/>
                  <ForAlighting>false</ForAlighting>
                  <DestinationDisplayRef ref="VTR:DestinationDisplay:1"/>
                </StopPointInJourneyPattern>
                <StopPointInJourneyPattern id="VTR:StopPointInJourneyPattern:932566" version="44222" order="3">
                  <ScheduledStopPointRef ref="VTR:ScheduledStopPoint:51160"/>
                  <DestinationDisplayRef ref="VTR:DestinationDisplay:1"/>
                </StopPointInJourneyPattern>
                <StopPointInJourneyPattern id="VTR:StopPointInJourneyPattern:932567" version="44222" order="4">
                  <ScheduledStopPointRef ref="VTR:ScheduledStopPoint:51161"/>
                  <DestinationDisplayRef ref="VTR:DestinationDisplay:1"/>
                </StopPointInJourneyPattern>
                <StopPointInJourneyPattern id="VTR:StopPointInJourneyPattern:932568" version="44222" order="5">
                  <ScheduledStopPointRef ref="VTR:ScheduledStopPoint:51162"/>
                  <DestinationDisplayRef ref="VTR:DestinationDisplay:1"/>
                </StopPointInJourneyPattern>
                <StopPointInJourneyPattern id="VTR:StopPointInJourneyPattern:932569" version="44222" order="6">
                  <ScheduledStopPointRef ref="VTR:ScheduledStopPoint:51163"/>
                  <DestinationDisplayRef ref="VTR:DestinationDisplay:1"/>
                </StopPointInJourneyPattern>
                <StopPointInJourneyPattern id="VTR:StopPointInJourneyPattern:932570" version="44222" order="7">
                  <ScheduledStopPointRef ref="VTR:ScheduledStopPoint:51164"/>
                  <ForBoarding>false</ForBoarding>
                  <DestinationDisplayRef ref="VTR:DestinationDisplay:1"/>
                </StopPointInJourneyPattern>
                <StopPointInJourneyPattern id="VTR:StopPointInJourneyPattern:932571" version="44222" order="8">
                  <ScheduledStopPointRef ref="VTR:ScheduledStopPoint:51165"/>
                  <DestinationDisplayRef ref="VTR:DestinationDisplay:1"/>
                </StopPointInJourneyPattern>
                <StopPointInJourneyPattern id="VTR:StopPointInJourneyPattern:932572" version="44222" order="9">
                  <ScheduledStopPointRef ref="VTR:ScheduledStopPoint:51166"/>
                  <ForAlighting>false</ForAlighting>
                  <DestinationDisplayRef ref="VTR:DestinationDisplay:1"/>
                </StopPointInJourneyPattern>
                <StopPointInJourneyPattern id="VTR:StopPointInJourneyPattern:932573" version="44222" order="10">
                  <ScheduledStopPointRef ref="VTR:ScheduledStopPoint:51169"/>
                  <ForBoarding>false</ForBoarding>
                  <DestinationDisplayRef ref="VTR:DestinationDisplay:1"/>
                </StopPointInJourneyPattern>
                <StopPointInJourneyPattern id="VTR:StopPointInJourneyPattern:932574" version="44222" order="11">
                  <ScheduledStopPointRef ref="VTR:ScheduledStopPoint:51170"/>
                  <ForBoarding>false</ForBoarding>
                  <DestinationDisplayRef ref="VTR:DestinationDisplay:1"/>
                </StopPointInJourneyPattern>
                <StopPointInJourneyPattern id="VTR:StopPointInJourneyPattern:932575" version="44222" order="12">
                  <ScheduledStopPointRef ref="VTR:ScheduledStopPoint:51171"/>
                  <ForBoarding>false</ForBoarding>
                  <DestinationDisplayRef ref="VTR:DestinationDisplay:1"/>
                </StopPointInJourneyPattern>
                <StopPointInJourneyPattern id="VTR:StopPointInJourneyPattern:932576" version="44222" order="13">
                  <ScheduledStopPointRef ref="VTR:ScheduledStopPoint:51456"/>
                  <ForBoarding>false</ForBoarding>
                  <DestinationDisplayRef ref="VTR:DestinationDisplay:1"/>
                </StopPointInJourneyPattern>
              </pointsInSequence>
            </JourneyPattern>
            <JourneyPattern id="VTR:JourneyPattern:44277" version="44238">
              <Name>4*</Name>
              <RouteRef ref="VTR:Route:2180" version="1"/>
              <pointsInSequence>
                <StopPointInJourneyPattern id="VTR:StopPointInJourneyPattern:932751" version="44238" order="1">
                  <ScheduledStopPointRef ref="VTR:ScheduledStopPoint:51277"/>
                  <ForAlighting>false</ForAlighting>
                  <DestinationDisplayRef ref="VTR:DestinationDisplay:1"/>
                </StopPointInJourneyPattern>
                <StopPointInJourneyPattern id="VTR:StopPointInJourneyPattern:932752" version="44238" order="2">
                  <ScheduledStopPointRef ref="VTR:ScheduledStopPoint:51280"/>
                  <ForAlighting>false</ForAlighting>
                  <DestinationDisplayRef ref="VTR:DestinationDisplay:1"/>
                </StopPointInJourneyPattern>
                <StopPointInJourneyPattern id="VTR:StopPointInJourneyPattern:932753" version="44238" order="3">
                  <ScheduledStopPointRef ref="VTR:ScheduledStopPoint:51175"/>
                  <DestinationDisplayRef ref="VTR:DestinationDisplay:1"/>
                </StopPointInJourneyPattern>
                <StopPointInJourneyPattern id="VTR:StopPointInJourneyPattern:932754" version="44238" order="4">
                  <ScheduledStopPointRef ref="VTR:ScheduledStopPoint:51176"/>
                  <DestinationDisplayRef ref="VTR:DestinationDisplay:1"/>
                </StopPointInJourneyPattern>
                <StopPointInJourneyPattern id="VTR:StopPointInJourneyPattern:932755" version="44238" order="5">
                  <ScheduledStopPointRef ref="VTR:ScheduledStopPoint:51177"/>
                  <ForBoarding>false</ForBoarding>
                  <DestinationDisplayRef ref="VTR:DestinationDisplay:1"/>
                </StopPointInJourneyPattern>
                <StopPointInJourneyPattern id="VTR:StopPointInJourneyPattern:932756" version="44238" order="6">
                  <ScheduledStopPointRef ref="VTR:ScheduledStopPoint:51178"/>
                  <DestinationDisplayRef ref="VTR:DestinationDisplay:1"/>
                </StopPointInJourneyPattern>
                <StopPointInJourneyPattern id="VTR:StopPointInJourneyPattern:932757" version="44238" order="7">
                  <ScheduledStopPointRef ref="VTR:ScheduledStopPoint:51179"/>
                  <ForAlighting>false</ForAlighting>
                  <DestinationDisplayRef ref="VTR:DestinationDisplay:1"/>
                </StopPointInJourneyPattern>
                <StopPointInJourneyPattern id="VTR:StopPointInJourneyPattern:932758" version="44238" order="8">
                  <ScheduledStopPointRef ref="VTR:ScheduledStopPoint:51180"/>
                  <DestinationDisplayRef ref="VTR:DestinationDisplay:1"/>
                </StopPointInJourneyPattern>
                <StopPointInJourneyPattern id="VTR:StopPointInJourneyPattern:932759" version="44238" order="9">
                  <ScheduledStopPointRef ref="VTR:ScheduledStopPoint:51181"/>
                  <DestinationDisplayRef ref="VTR:DestinationDisplay:1"/>
                </StopPointInJourneyPattern>
                <StopPointInJourneyPattern id="VTR:StopPointInJourneyPattern:932760" version="44238" order="10">
                  <ScheduledStopPointRef ref="VTR:ScheduledStopPoint:51182"/>
                  <DestinationDisplayRef ref="VTR:DestinationDisplay:1"/>
                </StopPointInJourneyPattern>
                <StopPointInJourneyPattern id="VTR:StopPointInJourneyPattern:932761" version="44238" order="11">
                  <ScheduledStopPointRef ref="VTR:ScheduledStopPoint:51183"/>
                  <DestinationDisplayRef ref="VTR:DestinationDisplay:1"/>
                </StopPointInJourneyPattern>
                <StopPointInJourneyPattern id="VTR:StopPointInJourneyPattern:932762" version="44238" order="12">
                  <ScheduledStopPointRef ref="VTR:ScheduledStopPoint:51184"/>
                  <ForBoarding>false</ForBoarding>
                  <DestinationDisplayRef ref="VTR:DestinationDisplay:1"/>
                </StopPointInJourneyPattern>
                <StopPointInJourneyPattern id="VTR:StopPointInJourneyPattern:932763" version="44238" order="13">
                  <ScheduledStopPointRef ref="VTR:ScheduledStopPoint:51457"/>
                  <ForBoarding>false</ForBoarding>
                  <DestinationDisplayRef ref="VTR:DestinationDisplay:1"/>
                </StopPointInJourneyPattern>
              </pointsInSequence>
            </JourneyPattern>
            <JourneyPattern id="VTR:JourneyPattern:44275" version="44236">
              <Name>2*</Name>
              <RouteRef ref="VTR:Route:2180" version="1"/>
              <pointsInSequence>
                <StopPointInJourneyPattern id="VTR:StopPointInJourneyPattern:932723" version="44236" order="1">
                  <ScheduledStopPointRef ref="VTR:ScheduledStopPoint:51277"/>
                  <ForAlighting>false</ForAlighting>
                  <DestinationDisplayRef ref="VTR:DestinationDisplay:1"/>
                </StopPointInJourneyPattern>
                <StopPointInJourneyPattern id="VTR:StopPointInJourneyPattern:932724" version="44236" order="2">
                  <ScheduledStopPointRef ref="VTR:ScheduledStopPoint:51280"/>
                  <ForAlighting>false</ForAlighting>
                  <DestinationDisplayRef ref="VTR:DestinationDisplay:1"/>
                </StopPointInJourneyPattern>
                <StopPointInJourneyPattern id="VTR:StopPointInJourneyPattern:932725" version="44236" order="3">
                  <ScheduledStopPointRef ref="VTR:ScheduledStopPoint:51175"/>
                  <DestinationDisplayRef ref="VTR:DestinationDisplay:1"/>
                </StopPointInJourneyPattern>
                <StopPointInJourneyPattern id="VTR:StopPointInJourneyPattern:932726" version="44236" order="4">
                  <ScheduledStopPointRef ref="VTR:ScheduledStopPoint:51176"/>
                  <DestinationDisplayRef ref="VTR:DestinationDisplay:1"/>
                </StopPointInJourneyPattern>
                <StopPointInJourneyPattern id="VTR:StopPointInJourneyPattern:932727" version="44236" order="5">
                  <ScheduledStopPointRef ref="VTR:ScheduledStopPoint:51177"/>
                  <ForBoarding>false</ForBoarding>
                  <DestinationDisplayRef ref="VTR:DestinationDisplay:1"/>
                </StopPointInJourneyPattern>
                <StopPointInJourneyPattern id="VTR:StopPointInJourneyPattern:932728" version="44236" order="6">
                  <ScheduledStopPointRef ref="VTR:ScheduledStopPoint:51178"/>
                  <DestinationDisplayRef ref="VTR:DestinationDisplay:1"/>
                </StopPointInJourneyPattern>
                <StopPointInJourneyPattern id="VTR:StopPointInJourneyPattern:932729" version="44236" order="7">
                  <ScheduledStopPointRef ref="VTR:ScheduledStopPoint:51179"/>
                  <ForAlighting>false</ForAlighting>
                  <DestinationDisplayRef ref="VTR:DestinationDisplay:1"/>
                </StopPointInJourneyPattern>
                <StopPointInJourneyPattern id="VTR:StopPointInJourneyPattern:932730" version="44236" order="8">
                  <ScheduledStopPointRef ref="VTR:ScheduledStopPoint:51180"/>
                  <DestinationDisplayRef ref="VTR:DestinationDisplay:1"/>
                </StopPointInJourneyPattern>
                <StopPointInJourneyPattern id="VTR:StopPointInJourneyPattern:932731" version="44236" order="9">
                  <ScheduledStopPointRef ref="VTR:ScheduledStopPoint:51181"/>
                  <DestinationDisplayRef ref="VTR:DestinationDisplay:1"/>
                </StopPointInJourneyPattern>
                <StopPointInJourneyPattern id="VTR:StopPointInJourneyPattern:932732" version="44236" order="10">
                  <ScheduledStopPointRef ref="VTR:ScheduledStopPoint:51182"/>
                  <DestinationDisplayRef ref="VTR:DestinationDisplay:1"/>
                </StopPointInJourneyPattern>
                <StopPointInJourneyPattern id="VTR:StopPointInJourneyPattern:932733" version="44236" order="11">
                  <ScheduledStopPointRef ref="VTR:ScheduledStopPoint:51183"/>
                  <DestinationDisplayRef ref="VTR:DestinationDisplay:1"/>
                </StopPointInJourneyPattern>
                <StopPointInJourneyPattern id="VTR:StopPointInJourneyPattern:932734" version="44236" order="12">
                  <ScheduledStopPointRef ref="VTR:ScheduledStopPoint:51184"/>
                  <ForBoarding>false</ForBoarding>
                  <DestinationDisplayRef ref="VTR:DestinationDisplay:1"/>
                </StopPointInJourneyPattern>
                <StopPointInJourneyPattern id="VTR:StopPointInJourneyPattern:932735" version="44236" order="13">
                  <ScheduledStopPointRef ref="VTR:ScheduledStopPoint:51457"/>
                  <ForBoarding>false</ForBoarding>
                  <DestinationDisplayRef ref="VTR:DestinationDisplay:1"/>
                </StopPointInJourneyPattern>
              </pointsInSequence>
            </JourneyPattern>
          </journeyPatterns>
        </ServiceFrame>
        <TimetableFrame version="1" id="VTR:TimetableFrame:1109">
          <vehicleJourneys>
            <ServiceJourney version="44236" id="VTR:ServiceJourney:44275">
              <Name>Vilnius-Šiauliai</Name>
              <PrivateCode>2*</PrivateCode>
              <dayTypes>
                <DayTypeRef ref="VTR:DayType:90"/>
              </dayTypes>
              <JourneyPatternRef version="44236" ref="VTR:JourneyPattern:44275"/>
              <OperatorRef ref="VTR:Operator:448"/>
              <LineRef ref="VTR:Line:712" version="697"/>
              <passingTimes>
                <TimetabledPassingTime version="44236" id="VTR:TimetabledPassingTime:44275_932723_1">
                  <StopPointInJourneyPatternRef ref="VTR:StopPointInJourneyPattern:932723" version="44236"/>
                  <DepartureTime>12:00:00</DepartureTime>
                  <DepartureDayOffset>0</DepartureDayOffset>
                </TimetabledPassingTime>
                <TimetabledPassingTime version="44236" id="VTR:TimetabledPassingTime:44275_932724_2">
                  <StopPointInJourneyPatternRef ref="VTR:StopPointInJourneyPattern:932724" version="44236"/>
                  <DepartureTime>12:20:00</DepartureTime>
                  <DepartureDayOffset>0</DepartureDayOffset>
                </TimetabledPassingTime>
                <TimetabledPassingTime version="44236" id="VTR:TimetabledPassingTime:44275_932725_3">
                  <StopPointInJourneyPatternRef ref="VTR:StopPointInJourneyPattern:932725" version="44236"/>
                  <DepartureTime>13:15:00</DepartureTime>
                  <DepartureDayOffset>0</DepartureDayOffset>
                </TimetabledPassingTime>
                <TimetabledPassingTime version="44236" id="VTR:TimetabledPassingTime:44275_932726_4">
                  <StopPointInJourneyPatternRef ref="VTR:StopPointInJourneyPattern:932726" version="44236"/>
                  <DepartureTime>13:43:00</DepartureTime>
                  <DepartureDayOffset>0</DepartureDayOffset>
                </TimetabledPassingTime>
                <TimetabledPassingTime version="44236" id="VTR:TimetabledPassingTime:44275_932727_5">
                  <StopPointInJourneyPatternRef ref="VTR:StopPointInJourneyPattern:932727" version="44236"/>
                  <DepartureTime>14:00:00</DepartureTime>
                  <DepartureDayOffset>0</DepartureDayOffset>
                </TimetabledPassingTime>
                <TimetabledPassingTime version="44236" id="VTR:TimetabledPassingTime:44275_932728_6">
                  <StopPointInJourneyPatternRef ref="VTR:StopPointInJourneyPattern:932728" version="44236"/>
                  <DepartureTime>14:10:00</DepartureTime>
                  <DepartureDayOffset>0</DepartureDayOffset>
                </TimetabledPassingTime>
                <TimetabledPassingTime version="44236" id="VTR:TimetabledPassingTime:44275_932729_7">
                  <StopPointInJourneyPatternRef ref="VTR:StopPointInJourneyPattern:932729" version="44236"/>
                  <DepartureTime>14:18:00</DepartureTime>
                  <DepartureDayOffset>0</DepartureDayOffset>
                </TimetabledPassingTime>
                <TimetabledPassingTime version="44236" id="VTR:TimetabledPassingTime:44275_932730_8">
                  <StopPointInJourneyPatternRef ref="VTR:StopPointInJourneyPattern:932730" version="44236"/>
                  <DepartureTime>14:34:00</DepartureTime>
                  <DepartureDayOffset>0</DepartureDayOffset>
                </TimetabledPassingTime>
                <TimetabledPassingTime version="44236" id="VTR:TimetabledPassingTime:44275_932731_9">
                  <StopPointInJourneyPatternRef ref="VTR:StopPointInJourneyPattern:932731" version="44236"/>
                  <DepartureTime>14:48:00</DepartureTime>
                  <DepartureDayOffset>0</DepartureDayOffset>
                </TimetabledPassingTime>
                <TimetabledPassingTime version="44236" id="VTR:TimetabledPassingTime:44275_932732_10">
                  <StopPointInJourneyPatternRef ref="VTR:StopPointInJourneyPattern:932732" version="44236"/>
                  <DepartureTime>15:04:00</DepartureTime>
                  <DepartureDayOffset>0</DepartureDayOffset>
                </TimetabledPassingTime>
                <TimetabledPassingTime version="44236" id="VTR:TimetabledPassingTime:44275_932733_11">
                  <StopPointInJourneyPatternRef ref="VTR:StopPointInJourneyPattern:932733" version="44236"/>
                  <DepartureTime>15:22:00</DepartureTime>
                  <DepartureDayOffset>0</DepartureDayOffset>
                </TimetabledPassingTime>
                <TimetabledPassingTime version="44236" id="VTR:TimetabledPassingTime:44275_932734_12">
                  <StopPointInJourneyPatternRef ref="VTR:StopPointInJourneyPattern:932734" version="44236"/>
                  <DepartureTime>15:35:00</DepartureTime>
                  <DepartureDayOffset>0</DepartureDayOffset>
                </TimetabledPassingTime>
                <TimetabledPassingTime version="44236" id="VTR:TimetabledPassingTime:44275_932735_13">
                  <StopPointInJourneyPatternRef ref="VTR:StopPointInJourneyPattern:932735" version="44236"/>
                  <DepartureTime>15:50:00</DepartureTime>
                  <DepartureDayOffset>0</DepartureDayOffset>
                </TimetabledPassingTime>
              </passingTimes>
            </ServiceJourney>
            <ServiceJourney version="44222" id="VTR:ServiceJourney:44261">
              <Name>Šiauliai-Vilnius</Name>
              <PrivateCode>1*</PrivateCode>
              <dayTypes>
                <DayTypeRef ref="VTR:DayType:90"/>
              </dayTypes>
              <JourneyPatternRef version="44222" ref="VTR:JourneyPattern:44261"/>
              <OperatorRef ref="VTR:Operator:448"/>
              <LineRef ref="VTR:Line:712" version="697"/>
              <passingTimes>
                <TimetabledPassingTime version="44222" id="VTR:TimetabledPassingTime:44261_932564_1">
                  <StopPointInJourneyPatternRef ref="VTR:StopPointInJourneyPattern:932564" version="44222"/>
                  <DepartureTime>04:40:00</DepartureTime>
                  <DepartureDayOffset>0</DepartureDayOffset>
                </TimetabledPassingTime>
                <TimetabledPassingTime version="44222" id="VTR:TimetabledPassingTime:44261_932565_2">
                  <StopPointInJourneyPatternRef ref="VTR:StopPointInJourneyPattern:932565" version="44222"/>
                  <DepartureTime>04:45:00</DepartureTime>
                  <DepartureDayOffset>0</DepartureDayOffset>
                </TimetabledPassingTime>
                <TimetabledPassingTime version="44222" id="VTR:TimetabledPassingTime:44261_932566_3">
                  <StopPointInJourneyPatternRef ref="VTR:StopPointInJourneyPattern:932566" version="44222"/>
                  <DepartureTime>04:55:00</DepartureTime>
                  <DepartureDayOffset>0</DepartureDayOffset>
                </TimetabledPassingTime>
                <TimetabledPassingTime version="44222" id="VTR:TimetabledPassingTime:44261_932567_4">
                  <StopPointInJourneyPatternRef ref="VTR:StopPointInJourneyPattern:932567" version="44222"/>
                  <DepartureTime>05:20:00</DepartureTime>
                  <DepartureDayOffset>0</DepartureDayOffset>
                </TimetabledPassingTime>
                <TimetabledPassingTime version="44222" id="VTR:TimetabledPassingTime:44261_932568_5">
                  <StopPointInJourneyPatternRef ref="VTR:StopPointInJourneyPattern:932568" version="44222"/>
                  <DepartureTime>05:29:00</DepartureTime>
                  <DepartureDayOffset>0</DepartureDayOffset>
                </TimetabledPassingTime>
                <TimetabledPassingTime version="44222" id="VTR:TimetabledPassingTime:44261_932569_6">
                  <StopPointInJourneyPatternRef ref="VTR:StopPointInJourneyPattern:932569" version="44222"/>
                  <DepartureTime>05:43:00</DepartureTime>
                  <DepartureDayOffset>0</DepartureDayOffset>
                </TimetabledPassingTime>
                <TimetabledPassingTime version="44222" id="VTR:TimetabledPassingTime:44261_932570_7">
                  <StopPointInJourneyPatternRef ref="VTR:StopPointInJourneyPattern:932570" version="44222"/>
                  <DepartureTime>05:57:00</DepartureTime>
                  <DepartureDayOffset>0</DepartureDayOffset>
                </TimetabledPassingTime>
                <TimetabledPassingTime version="44222" id="VTR:TimetabledPassingTime:44261_932571_8">
                  <StopPointInJourneyPatternRef ref="VTR:StopPointInJourneyPattern:932571" version="44222"/>
                  <DepartureTime>06:15:00</DepartureTime>
                  <DepartureDayOffset>0</DepartureDayOffset>
                </TimetabledPassingTime>
                <TimetabledPassingTime version="44222" id="VTR:TimetabledPassingTime:44261_932572_9">
                  <StopPointInJourneyPatternRef ref="VTR:StopPointInJourneyPattern:932572" version="44222"/>
                  <DepartureTime>06:20:00</DepartureTime>
                  <DepartureDayOffset>0</DepartureDayOffset>
                </TimetabledPassingTime>
                <TimetabledPassingTime version="44222" id="VTR:TimetabledPassingTime:44261_932573_10">
                  <StopPointInJourneyPatternRef ref="VTR:StopPointInJourneyPattern:932573" version="44222"/>
                  <DepartureTime>07:50:00</DepartureTime>
                  <DepartureDayOffset>0</DepartureDayOffset>
                </TimetabledPassingTime>
                <TimetabledPassingTime version="44222" id="VTR:TimetabledPassingTime:44261_932574_11">
                  <StopPointInJourneyPatternRef ref="VTR:StopPointInJourneyPattern:932574" version="44222"/>
                  <DepartureTime>07:58:00</DepartureTime>
                  <DepartureDayOffset>0</DepartureDayOffset>
                </TimetabledPassingTime>
                <TimetabledPassingTime version="44222" id="VTR:TimetabledPassingTime:44261_932575_12">
                  <StopPointInJourneyPatternRef ref="VTR:StopPointInJourneyPattern:932575" version="44222"/>
                  <DepartureTime>08:02:00</DepartureTime>
                  <DepartureDayOffset>0</DepartureDayOffset>
                </TimetabledPassingTime>
                <TimetabledPassingTime version="44222" id="VTR:TimetabledPassingTime:44261_932576_13">
                  <StopPointInJourneyPatternRef ref="VTR:StopPointInJourneyPattern:932576" version="44222"/>
                  <DepartureTime>08:20:00</DepartureTime>
                  <DepartureDayOffset>0</DepartureDayOffset>
                </TimetabledPassingTime>
              </passingTimes>
            </ServiceJourney>
            <ServiceJourney version="44238" id="VTR:ServiceJourney:44277">
              <Name>Vilnius-Šiauliai</Name>
              <PrivateCode>4*</PrivateCode>
              <dayTypes>
                <DayTypeRef ref="VTR:DayType:90"/>
              </dayTypes>
              <JourneyPatternRef version="44238" ref="VTR:JourneyPattern:44277"/>
              <OperatorRef ref="VTR:Operator:448"/>
              <LineRef ref="VTR:Line:712" version="697"/>
              <passingTimes>
                <TimetabledPassingTime version="44238" id="VTR:TimetabledPassingTime:44277_932751_1">
                  <StopPointInJourneyPatternRef ref="VTR:StopPointInJourneyPattern:932751" version="44238"/>
                  <DepartureTime>19:20:00</DepartureTime>
                  <DepartureDayOffset>0</DepartureDayOffset>
                </TimetabledPassingTime>
                <TimetabledPassingTime version="44238" id="VTR:TimetabledPassingTime:44277_932752_2">
                  <StopPointInJourneyPatternRef ref="VTR:StopPointInJourneyPattern:932752" version="44238"/>
                  <DepartureTime>19:40:00</DepartureTime>
                  <DepartureDayOffset>0</DepartureDayOffset>
                </TimetabledPassingTime>
                <TimetabledPassingTime version="44238" id="VTR:TimetabledPassingTime:44277_932753_3">
                  <StopPointInJourneyPatternRef ref="VTR:StopPointInJourneyPattern:932753" version="44238"/>
                  <DepartureTime>20:30:00</DepartureTime>
                  <DepartureDayOffset>0</DepartureDayOffset>
                </TimetabledPassingTime>
                <TimetabledPassingTime version="44238" id="VTR:TimetabledPassingTime:44277_932754_4">
                  <StopPointInJourneyPatternRef ref="VTR:StopPointInJourneyPattern:932754" version="44238"/>
                  <DepartureTime>20:54:00</DepartureTime>
                  <DepartureDayOffset>0</DepartureDayOffset>
                </TimetabledPassingTime>
                <TimetabledPassingTime version="44238" id="VTR:TimetabledPassingTime:44277_932755_5">
                  <StopPointInJourneyPatternRef ref="VTR:StopPointInJourneyPattern:932755" version="44238"/>
                  <DepartureTime>21:09:00</DepartureTime>
                  <DepartureDayOffset>0</DepartureDayOffset>
                </TimetabledPassingTime>
                <TimetabledPassingTime version="44238" id="VTR:TimetabledPassingTime:44277_932756_6">
                  <StopPointInJourneyPatternRef ref="VTR:StopPointInJourneyPattern:932756" version="44238"/>
                  <DepartureTime>21:15:00</DepartureTime>
                  <DepartureDayOffset>0</DepartureDayOffset>
                </TimetabledPassingTime>
                <TimetabledPassingTime version="44238" id="VTR:TimetabledPassingTime:44277_932757_7">
                  <StopPointInJourneyPatternRef ref="VTR:StopPointInJourneyPattern:932757" version="44238"/>
                  <DepartureTime>21:23:00</DepartureTime>
                  <DepartureDayOffset>0</DepartureDayOffset>
                </TimetabledPassingTime>
                <TimetabledPassingTime version="44238" id="VTR:TimetabledPassingTime:44277_932758_8">
                  <StopPointInJourneyPatternRef ref="VTR:StopPointInJourneyPattern:932758" version="44238"/>
                  <DepartureTime>21:38:00</DepartureTime>
                  <DepartureDayOffset>0</DepartureDayOffset>
                </TimetabledPassingTime>
                <TimetabledPassingTime version="44238" id="VTR:TimetabledPassingTime:44277_932759_9">
                  <StopPointInJourneyPatternRef ref="VTR:StopPointInJourneyPattern:932759" version="44238"/>
                  <DepartureTime>21:52:00</DepartureTime>
                  <DepartureDayOffset>0</DepartureDayOffset>
                </TimetabledPassingTime>
                <TimetabledPassingTime version="44238" id="VTR:TimetabledPassingTime:44277_932760_10">
                  <StopPointInJourneyPatternRef ref="VTR:StopPointInJourneyPattern:932760" version="44238"/>
                  <DepartureTime>22:05:00</DepartureTime>
                  <DepartureDayOffset>0</DepartureDayOffset>
                </TimetabledPassingTime>
                <TimetabledPassingTime version="44238" id="VTR:TimetabledPassingTime:44277_932761_11">
                  <StopPointInJourneyPatternRef ref="VTR:StopPointInJourneyPattern:932761" version="44238"/>
                  <DepartureTime>22:22:00</DepartureTime>
                  <DepartureDayOffset>0</DepartureDayOffset>
                </TimetabledPassingTime>
                <TimetabledPassingTime version="44238" id="VTR:TimetabledPassingTime:44277_932762_12">
                  <StopPointInJourneyPatternRef ref="VTR:StopPointInJourneyPattern:932762" version="44238"/>
                  <DepartureTime>22:35:00</DepartureTime>
                  <DepartureDayOffset>0</DepartureDayOffset>
                </TimetabledPassingTime>
                <TimetabledPassingTime version="44238" id="VTR:TimetabledPassingTime:44277_932763_13">
                  <StopPointInJourneyPatternRef ref="VTR:StopPointInJourneyPattern:932763" version="44238"/>
                  <DepartureTime>22:50:00</DepartureTime>
                  <DepartureDayOffset>0</DepartureDayOffset>
                </TimetabledPassingTime>
              </passingTimes>
            </ServiceJourney>
          </vehicleJourneys>
        </TimetableFrame>
        <ResourceFrame version="1" id="VTR:ResourceFrame:1109">
          <organisations>
            <Authority version="1" id="VTR:Authority:2">
              <CompanyNumber>188647255</CompanyNumber>
              <Name>LTSA</Name>
              <LegalName>Lietuvos transporto saugos administracija</LegalName>
              <ContactDetails>
                <Email>ltsa@ltsa.lrv.lt</Email>
                <Phone>8 5  278 5602</Phone>
                <Url>www.ltsa.lrv.lt</Url>
              </ContactDetails>
              <OrganisationType>authority</OrganisationType>
            </Authority>
          </organisations>
        </ResourceFrame>
      </frames>
    </CompositeFrame>
  </dataObjects>
</PublicationDelivery>
