<?xml version="1.0" encoding="UTF-8"?><PublicationDelivery xmlns="http://www.netex.org.uk/netex" xmlns:gis="http://www.opengis.net/gml/3.2" xmlns:ns2="http://www.opengis.net/gml/3.2" xmlns:ns3="http://www.siri.org.uk/siri" xmlns:xsi="http://www.w3.org/2001/XMLSchema-instance" version="1" xsi:schemaLocation="">
  <PublicationTimestamp>2022-03-19T00:40:00.256</PublicationTimestamp>
  <ParticipantRef>VTR</ParticipantRef>
  <Description>1</Description>
  <dataObjects>
    <CompositeFrame created="2022-03-19T00:40:00.256" version="1" id="VTR:CompositeFrame:1109">
      <validityConditions>
        <AvailabilityCondition version="1" id="VTR:AvailabilityCondition:1109">
          <FromDate>2010-03-20T00:00:00</FromDate>
          <ToDate>2023-03-31T00:00:00</ToDate>
        </AvailabilityCondition>
      </validityConditions>
      <codespaces>
        <Codespace id="vtr">
          <Xmlns>VTR</Xmlns>
          <XmlnsUrl>http://www.visimarsrutai.lt/</XmlnsUrl>
        </Codespace>
      </codespaces>
      <FrameDefaults>
        <DefaultLocale>
          <TimeZone>Europe/Vilnius</TimeZone>
        </DefaultLocale>
        <DefaultLocationSystem>WGS84</DefaultLocationSystem>
      </FrameDefaults>
      <frames>
        <ServiceCalendarFrame version="1" id="VTR:ServiceCalendarFrame:1109">
          <dayTypes>
            <DayType id="VTR:DayType:25850" version="1">
              <properties>
                <PropertyOfDay>
                  <DaysOfWeek>Weekdays</DaysOfWeek>
                </PropertyOfDay>
              </properties>
            </DayType>
          </dayTypes>
          <operatingPeriods>
            <OperatingPeriod version="1" id="VTR:OperatingPeriod:25850">
              <FromDate>2019-01-01T00:00:00</FromDate>
              <ToDate>2099-01-01T00:00:00</ToDate>
            </OperatingPeriod>
          </operatingPeriods>
          <dayTypeAssignments>
            <DayTypeAssignment id="VTR:DayTypeAssignment:25850_0" version="1" order="1323">
              <OperatingPeriodRef ref="VTR:OperatingPeriod:25850" version="1"/>
              <DayTypeRef ref="VTR:DayType:25850" version="1"/>
            </DayTypeAssignment>
          </dayTypeAssignments>
        </ServiceCalendarFrame>
        <ServiceFrame id="VTR:ServiceFrame:1109" version="1">
          <Network version="0" id="VTR:Network:2"/>
          <routePoints>
            <RoutePoint version="1" id="VTR:RoutePoint:26163">
              <projections>
                <PointProjection version="1" id="VTR:PointProjection:1910">
                  <ProjectedPointRef ref="VTR:ScheduledStopPoint:26163" version="1"/>
                </PointProjection>
              </projections>
            </RoutePoint>
            <RoutePoint version="1" id="VTR:RoutePoint:26168">
              <projections>
                <PointProjection version="1" id="VTR:PointProjection:1911">
                  <ProjectedPointRef ref="VTR:ScheduledStopPoint:26168" version="1"/>
                </PointProjection>
              </projections>
            </RoutePoint>
            <RoutePoint version="1" id="VTR:RoutePoint:26169">
              <projections>
                <PointProjection version="1" id="VTR:PointProjection:2194">
                  <ProjectedPointRef ref="VTR:ScheduledStopPoint:26169" version="1"/>
                </PointProjection>
              </projections>
            </RoutePoint>
            <RoutePoint version="1" id="VTR:RoutePoint:26173">
              <projections>
                <PointProjection version="1" id="VTR:PointProjection:2195">
                  <ProjectedPointRef ref="VTR:ScheduledStopPoint:26173" version="1"/>
                </PointProjection>
              </projections>
            </RoutePoint>
            <RoutePoint version="1" id="VTR:RoutePoint:55418">
              <projections>
                <PointProjection version="1" id="VTR:PointProjection:10680">
                  <ProjectedPointRef ref="VTR:ScheduledStopPoint:55418" version="1"/>
                </PointProjection>
              </projections>
            </RoutePoint>
            <RoutePoint version="1" id="VTR:RoutePoint:55473">
              <projections>
                <PointProjection version="1" id="VTR:PointProjection:10407">
                  <ProjectedPointRef ref="VTR:ScheduledStopPoint:55473" version="1"/>
                </PointProjection>
              </projections>
            </RoutePoint>
          </routePoints>
          <routes>
            <Route version="1" id="VTR:Route:1754">
              <Name>Kaunas-Marijampolė</Name>
              <ShortName>Kaunas-Marijampolė</ShortName>
              <LineRef ref="VTR:Line:437" version="422"/>
              <DirectionType>inbound</DirectionType>
              <pointsInSequence>
                <PointOnRoute version="1" id="VTR:PointOnRoute:26163" order="1">
                  <RoutePointRef ref="VTR:RoutePoint:26163"/>
                </PointOnRoute>
                <PointOnRoute version="1" id="VTR:PointOnRoute:55473" order="2">
                  <RoutePointRef ref="VTR:RoutePoint:55473"/>
                </PointOnRoute>
                <PointOnRoute version="1" id="VTR:PointOnRoute:26168" order="3">
                  <RoutePointRef ref="VTR:RoutePoint:26168"/>
                </PointOnRoute>
              </pointsInSequence>
            </Route>
            <Route version="1" id="VTR:Route:1753">
              <Name>Marijampolė-Kaunas</Name>
              <ShortName>Marijampolė-Kaunas</ShortName>
              <LineRef ref="VTR:Line:437" version="422"/>
              <DirectionType>outbound</DirectionType>
              <pointsInSequence>
                <PointOnRoute version="1" id="VTR:PointOnRoute:26169" order="1">
                  <RoutePointRef ref="VTR:RoutePoint:26169"/>
                </PointOnRoute>
                <PointOnRoute version="1" id="VTR:PointOnRoute:55418" order="2">
                  <RoutePointRef ref="VTR:RoutePoint:55418"/>
                </PointOnRoute>
                <PointOnRoute version="1" id="VTR:PointOnRoute:26173" order="3">
                  <RoutePointRef ref="VTR:RoutePoint:26173"/>
                </PointOnRoute>
              </pointsInSequence>
            </Route>
          </routes>
          <lines>
            <Line version="422" id="VTR:Line:437">
              <Name>Marijampolė-Kaunas</Name>
              <TransportMode>bus</TransportMode>
              <TransportSubmode>
                <CoachSubmode>nationalCoach</CoachSubmode>
              </TransportSubmode>
              <PublicCode>M-263</PublicCode>
              <OperatorRef ref="VTR:Operator:2"/>
            </Line>
          </lines>
          <scheduledStopPoints>
            <ScheduledStopPoint version="1" id="VTR:ScheduledStopPoint:26163">
              <Name>Kauno autobusų stotis</Name>
            </ScheduledStopPoint>
            <ScheduledStopPoint version="1" id="VTR:ScheduledStopPoint:26168">
              <Name>Marijampolės autobusų stotis</Name>
            </ScheduledStopPoint>
            <ScheduledStopPoint version="1" id="VTR:ScheduledStopPoint:26169">
              <Name>Marijampolės autobusų stotis</Name>
            </ScheduledStopPoint>
            <ScheduledStopPoint version="1" id="VTR:ScheduledStopPoint:26173">
              <Name>Kauno autobusų stotis</Name>
            </ScheduledStopPoint>
            <ScheduledStopPoint version="1" id="VTR:ScheduledStopPoint:55418">
              <Name>Europos pr.</Name>
            </ScheduledStopPoint>
            <ScheduledStopPoint version="1" id="VTR:ScheduledStopPoint:55473">
              <Name>Sūduvos stadionas</Name>
            </ScheduledStopPoint>
          </scheduledStopPoints>
          <stopAssignments>
            <PassengerStopAssignment order="175300000" id="VTR:PassengerStopAssignment:26169" version="1">
              <ScheduledStopPointRef ref="VTR:ScheduledStopPoint:26169" version="1"/>
              <QuayRef ref="VTR:Quay:19462"/>
            </PassengerStopAssignment>
            <PassengerStopAssignment order="175300011" id="VTR:PassengerStopAssignment:55418" version="1">
              <ScheduledStopPointRef ref="VTR:ScheduledStopPoint:55418" version="1"/>
              <QuayRef ref="VTR:Quay:21443"/>
            </PassengerStopAssignment>
            <PassengerStopAssignment order="175300018" id="VTR:PassengerStopAssignment:26173" version="1">
              <ScheduledStopPointRef ref="VTR:ScheduledStopPoint:26173" version="1"/>
              <QuayRef ref="VTR:Quay:19470"/>
            </PassengerStopAssignment>
            <PassengerStopAssignment order="175400000" id="VTR:PassengerStopAssignment:26163" version="1">
              <ScheduledStopPointRef ref="VTR:ScheduledStopPoint:26163" version="1"/>
              <QuayRef ref="VTR:Quay:19470"/>
            </PassengerStopAssignment>
            <PassengerStopAssignment order="175400005" id="VTR:PassengerStopAssignment:55473" version="1">
              <ScheduledStopPointRef ref="VTR:ScheduledStopPoint:55473" version="1"/>
              <QuayRef ref="VTR:Quay:19513"/>
            </PassengerStopAssignment>
            <PassengerStopAssignment order="175400012" id="VTR:PassengerStopAssignment:26168" version="1">
              <ScheduledStopPointRef ref="VTR:ScheduledStopPoint:26168" version="1"/>
              <QuayRef ref="VTR:Quay:19462"/>
            </PassengerStopAssignment>
          </stopAssignments>
          <journeyPatterns>
            <JourneyPattern id="VTR:JourneyPattern:3760403" version="3762982">
              <Name>2</Name>
              <RouteRef ref="VTR:Route:1754" version="1"/>
              <pointsInSequence>
                <StopPointInJourneyPattern id="VTR:StopPointInJourneyPattern:129043831" version="3762982" order="1">
                  <ScheduledStopPointRef ref="VTR:ScheduledStopPoint:26163"/>
                  <ForBoarding>false</ForBoarding>
                  <DestinationDisplayRef ref="VTR:DestinationDisplay:1"/>
                </StopPointInJourneyPattern>
                <StopPointInJourneyPattern id="VTR:StopPointInJourneyPattern:129043832" version="3762982" order="2">
                  <ScheduledStopPointRef ref="VTR:ScheduledStopPoint:55473"/>
                  <ForAlighting>false</ForAlighting>
                  <DestinationDisplayRef ref="VTR:DestinationDisplay:1"/>
                </StopPointInJourneyPattern>
                <StopPointInJourneyPattern id="VTR:StopPointInJourneyPattern:129043833" version="3762982" order="3">
                  <ScheduledStopPointRef ref="VTR:ScheduledStopPoint:26168"/>
                  <ForAlighting>false</ForAlighting>
                  <DestinationDisplayRef ref="VTR:DestinationDisplay:1"/>
                </StopPointInJourneyPattern>
              </pointsInSequence>
            </JourneyPattern>
            <JourneyPattern id="VTR:JourneyPattern:3760404" version="3762983">
              <Name>4</Name>
              <RouteRef ref="VTR:Route:1754" version="1"/>
              <pointsInSequence>
                <StopPointInJourneyPattern id="VTR:StopPointInJourneyPattern:129043834" version="3762983" order="1">
                  <ScheduledStopPointRef ref="VTR:ScheduledStopPoint:26163"/>
                  <ForBoarding>false</ForBoarding>
                  <DestinationDisplayRef ref="VTR:DestinationDisplay:1"/>
                </StopPointInJourneyPattern>
                <StopPointInJourneyPattern id="VTR:StopPointInJourneyPattern:129043835" version="3762983" order="2">
                  <ScheduledStopPointRef ref="VTR:ScheduledStopPoint:55473"/>
                  <ForAlighting>false</ForAlighting>
                  <DestinationDisplayRef ref="VTR:DestinationDisplay:1"/>
                </StopPointInJourneyPattern>
                <StopPointInJourneyPattern id="VTR:StopPointInJourneyPattern:129043836" version="3762983" order="3">
                  <ScheduledStopPointRef ref="VTR:ScheduledStopPoint:26168"/>
                  <ForAlighting>false</ForAlighting>
                  <DestinationDisplayRef ref="VTR:DestinationDisplay:1"/>
                </StopPointInJourneyPattern>
              </pointsInSequence>
            </JourneyPattern>
            <JourneyPattern id="VTR:JourneyPattern:3760401" version="3762979">
              <Name>1</Name>
              <RouteRef ref="VTR:Route:1753" version="1"/>
              <pointsInSequence>
                <StopPointInJourneyPattern id="VTR:StopPointInJourneyPattern:129043822" version="3762979" order="1">
                  <ScheduledStopPointRef ref="VTR:ScheduledStopPoint:26169"/>
                  <ForAlighting>false</ForAlighting>
                  <DestinationDisplayRef ref="VTR:DestinationDisplay:1"/>
                </StopPointInJourneyPattern>
                <StopPointInJourneyPattern id="VTR:StopPointInJourneyPattern:129043823" version="3762979" order="2">
                  <ScheduledStopPointRef ref="VTR:ScheduledStopPoint:55418"/>
                  <ForBoarding>false</ForBoarding>
                  <DestinationDisplayRef ref="VTR:DestinationDisplay:1"/>
                </StopPointInJourneyPattern>
                <StopPointInJourneyPattern id="VTR:StopPointInJourneyPattern:129043824" version="3762979" order="3">
                  <ScheduledStopPointRef ref="VTR:ScheduledStopPoint:26173"/>
                  <ForBoarding>false</ForBoarding>
                  <DestinationDisplayRef ref="VTR:DestinationDisplay:1"/>
                </StopPointInJourneyPattern>
              </pointsInSequence>
            </JourneyPattern>
            <JourneyPattern id="VTR:JourneyPattern:3760402" version="3762981">
              <Name>3</Name>
              <RouteRef ref="VTR:Route:1753" version="1"/>
              <pointsInSequence>
                <StopPointInJourneyPattern id="VTR:StopPointInJourneyPattern:129043828" version="3762981" order="1">
                  <ScheduledStopPointRef ref="VTR:ScheduledStopPoint:26169"/>
                  <ForAlighting>false</ForAlighting>
                  <DestinationDisplayRef ref="VTR:DestinationDisplay:1"/>
                </StopPointInJourneyPattern>
                <StopPointInJourneyPattern id="VTR:StopPointInJourneyPattern:129043829" version="3762981" order="2">
                  <ScheduledStopPointRef ref="VTR:ScheduledStopPoint:55418"/>
                  <ForBoarding>false</ForBoarding>
                  <DestinationDisplayRef ref="VTR:DestinationDisplay:1"/>
                </StopPointInJourneyPattern>
                <StopPointInJourneyPattern id="VTR:StopPointInJourneyPattern:129043830" version="3762981" order="3">
                  <ScheduledStopPointRef ref="VTR:ScheduledStopPoint:26173"/>
                  <ForBoarding>false</ForBoarding>
                  <DestinationDisplayRef ref="VTR:DestinationDisplay:1"/>
                </StopPointInJourneyPattern>
              </pointsInSequence>
            </JourneyPattern>
          </journeyPatterns>
        </ServiceFrame>
        <TimetableFrame version="1" id="VTR:TimetableFrame:1109">
          <vehicleJourneys>
            <ServiceJourney version="3762983" id="VTR:ServiceJourney:3760404">
              <Name>Kaunas-Marijampolė</Name>
              <PrivateCode>4</PrivateCode>
              <dayTypes>
                <DayTypeRef ref="VTR:DayType:25850"/>
              </dayTypes>
              <JourneyPatternRef version="3762983" ref="VTR:JourneyPattern:3760404"/>
              <OperatorRef ref="VTR:Operator:492"/>
              <LineRef ref="VTR:Line:437" version="422"/>
              <passingTimes>
                <TimetabledPassingTime version="3762983" id="VTR:TimetabledPassingTime:3760404_129043834_1">
                  <StopPointInJourneyPatternRef ref="VTR:StopPointInJourneyPattern:129043834" version="3762983"/>
                  <DepartureTime>18:30:00</DepartureTime>
                  <DepartureDayOffset>0</DepartureDayOffset>
                </TimetabledPassingTime>
                <TimetabledPassingTime version="3762983" id="VTR:TimetabledPassingTime:3760404_129043835_2">
                  <StopPointInJourneyPatternRef ref="VTR:StopPointInJourneyPattern:129043835" version="3762983"/>
                  <DepartureTime>19:25:00</DepartureTime>
                  <DepartureDayOffset>0</DepartureDayOffset>
                </TimetabledPassingTime>
                <TimetabledPassingTime version="3762983" id="VTR:TimetabledPassingTime:3760404_129043836_3">
                  <StopPointInJourneyPatternRef ref="VTR:StopPointInJourneyPattern:129043836" version="3762983"/>
                  <DepartureTime>19:30:00</DepartureTime>
                  <DepartureDayOffset>0</DepartureDayOffset>
                </TimetabledPassingTime>
              </passingTimes>
            </ServiceJourney>
            <ServiceJourney version="3762979" id="VTR:ServiceJourney:3760401">
              <Name>Marijampolė-Kaunas</Name>
              <PrivateCode>1</PrivateCode>
              <dayTypes>
                <DayTypeRef ref="VTR:DayType:25850"/>
              </dayTypes>
              <JourneyPatternRef version="3762979" ref="VTR:JourneyPattern:3760401"/>
              <OperatorRef ref="VTR:Operator:492"/>
              <LineRef ref="VTR:Line:437" version="422"/>
              <passingTimes>
                <TimetabledPassingTime version="3762979" id="VTR:TimetabledPassingTime:3760401_129043822_1">
                  <StopPointInJourneyPatternRef ref="VTR:StopPointInJourneyPattern:129043822" version="3762979"/>
                  <DepartureTime>09:50:00</DepartureTime>
                  <DepartureDayOffset>0</DepartureDayOffset>
                </TimetabledPassingTime>
                <TimetabledPassingTime version="3762979" id="VTR:TimetabledPassingTime:3760401_129043823_2">
                  <StopPointInJourneyPatternRef ref="VTR:StopPointInJourneyPattern:129043823" version="3762979"/>
                  <DepartureTime>10:42:00</DepartureTime>
                  <DepartureDayOffset>0</DepartureDayOffset>
                </TimetabledPassingTime>
                <TimetabledPassingTime version="3762979" id="VTR:TimetabledPassingTime:3760401_129043824_3">
                  <StopPointInJourneyPatternRef ref="VTR:StopPointInJourneyPattern:129043824" version="3762979"/>
                  <DepartureTime>10:50:00</DepartureTime>
                  <DepartureDayOffset>0</DepartureDayOffset>
                </TimetabledPassingTime>
              </passingTimes>
            </ServiceJourney>
            <ServiceJourney version="3762982" id="VTR:ServiceJourney:3760403">
              <Name>Kaunas-Marijampolė</Name>
              <PrivateCode>2</PrivateCode>
              <dayTypes>
                <DayTypeRef ref="VTR:DayType:25850"/>
              </dayTypes>
              <JourneyPatternRef version="3762982" ref="VTR:JourneyPattern:3760403"/>
              <OperatorRef ref="VTR:Operator:492"/>
              <LineRef ref="VTR:Line:437" version="422"/>
              <passingTimes>
                <TimetabledPassingTime version="3762982" id="VTR:TimetabledPassingTime:3760403_129043831_1">
                  <StopPointInJourneyPatternRef ref="VTR:StopPointInJourneyPattern:129043831" version="3762982"/>
                  <DepartureTime>11:15:00</DepartureTime>
                  <DepartureDayOffset>0</DepartureDayOffset>
                </TimetabledPassingTime>
                <TimetabledPassingTime version="3762982" id="VTR:TimetabledPassingTime:3760403_129043832_2">
                  <StopPointInJourneyPatternRef ref="VTR:StopPointInJourneyPattern:129043832" version="3762982"/>
                  <DepartureTime>12:10:00</DepartureTime>
                  <DepartureDayOffset>0</DepartureDayOffset>
                </TimetabledPassingTime>
                <TimetabledPassingTime version="3762982" id="VTR:TimetabledPassingTime:3760403_129043833_3">
                  <StopPointInJourneyPatternRef ref="VTR:StopPointInJourneyPattern:129043833" version="3762982"/>
                  <DepartureTime>12:15:00</DepartureTime>
                  <DepartureDayOffset>0</DepartureDayOffset>
                </TimetabledPassingTime>
              </passingTimes>
            </ServiceJourney>
            <ServiceJourney version="3762981" id="VTR:ServiceJourney:3760402">
              <Name>Marijampolė-Kaunas</Name>
              <PrivateCode>3</PrivateCode>
              <dayTypes>
                <DayTypeRef ref="VTR:DayType:25850"/>
              </dayTypes>
              <JourneyPatternRef version="3762981" ref="VTR:JourneyPattern:3760402"/>
              <OperatorRef ref="VTR:Operator:492"/>
              <LineRef ref="VTR:Line:437" version="422"/>
              <passingTimes>
                <TimetabledPassingTime version="3762981" id="VTR:TimetabledPassingTime:3760402_129043828_1">
                  <StopPointInJourneyPatternRef ref="VTR:StopPointInJourneyPattern:129043828" version="3762981"/>
                  <DepartureTime>17:15:00</DepartureTime>
                  <DepartureDayOffset>0</DepartureDayOffset>
                </TimetabledPassingTime>
                <TimetabledPassingTime version="3762981" id="VTR:TimetabledPassingTime:3760402_129043829_2">
                  <StopPointInJourneyPatternRef ref="VTR:StopPointInJourneyPattern:129043829" version="3762981"/>
                  <DepartureTime>18:07:00</DepartureTime>
                  <DepartureDayOffset>0</DepartureDayOffset>
                </TimetabledPassingTime>
                <TimetabledPassingTime version="3762981" id="VTR:TimetabledPassingTime:3760402_129043830_3">
                  <StopPointInJourneyPatternRef ref="VTR:StopPointInJourneyPattern:129043830" version="3762981"/>
                  <DepartureTime>18:15:00</DepartureTime>
                  <DepartureDayOffset>0</DepartureDayOffset>
                </TimetabledPassingTime>
              </passingTimes>
            </ServiceJourney>
          </vehicleJourneys>
        </TimetableFrame>
        <ResourceFrame version="1" id="VTR:ResourceFrame:1109">
          <organisations>
            <Authority version="1" id="VTR:Authority:2">
              <CompanyNumber>188647255</CompanyNumber>
              <Name>LTSA</Name>
              <LegalName>Lietuvos transporto saugos administracija</LegalName>
              <ContactDetails>
                <Email>ltsa@ltsa.lrv.lt</Email>
                <Phone>8 5  278 5602</Phone>
                <Url>www.ltsa.lrv.lt</Url>
              </ContactDetails>
              <OrganisationType>authority</OrganisationType>
            </Authority>
          </organisations>
        </ResourceFrame>
        <FareFrame id="VTR:FareFrame:437" version="1">
          <FrameDefaults>
            <DefaultCurrency>EUR</DefaultCurrency>
          </FrameDefaults>
          <fareStructureElements>
            <FareStructureElement id="VTR:FareStructureElement:pricematrix" version="1">
              <distanceMatrixElements>
                <DistanceMatrixElementRef ref="VTR:DistanceMatrixElement:129043831to129043832" version="1"/>
                <DistanceMatrixElementRef ref="VTR:DistanceMatrixElement:129043831to129043833" version="1"/>
                <DistanceMatrixElementRef ref="VTR:DistanceMatrixElement:129043834to129043835" version="1"/>
                <DistanceMatrixElementRef ref="VTR:DistanceMatrixElement:129043834to129043836" version="1"/>
                <DistanceMatrixElementRef ref="VTR:DistanceMatrixElement:129043828to129043829" version="1"/>
                <DistanceMatrixElementRef ref="VTR:DistanceMatrixElement:129043832to129043833" version="1"/>
                <DistanceMatrixElementRef ref="VTR:DistanceMatrixElement:129043828to129043830" version="1"/>
                <DistanceMatrixElementRef ref="VTR:DistanceMatrixElement:129043823to129043824" version="1"/>
                <DistanceMatrixElementRef ref="VTR:DistanceMatrixElement:129043835to129043836" version="1"/>
                <DistanceMatrixElementRef ref="VTR:DistanceMatrixElement:129043822to129043823" version="1"/>
                <DistanceMatrixElementRef ref="VTR:DistanceMatrixElement:129043822to129043824" version="1"/>
                <DistanceMatrixElementRef ref="VTR:DistanceMatrixElement:129043829to129043830" version="1"/>
              </distanceMatrixElements>
            </FareStructureElement>
          </fareStructureElements>
          <tariffs>
            <Tariff id="VTR:Tariff:pointToPointInSeparateJourney_437" version="1">
              <Name>Point to point tariff</Name>
              <distanceMatrixElements>
                <DistanceMatrixElement id="VTR:DistanceMatrixElement:129043831to129043832" version="1">
                  <Name>Kauno autobusų stotis to Sūduvos stadionas</Name>
                  <StartStopPointRef ref="VTR:ScheduledStopPoint:26163" version="1"/>
                  <EndStopPointRef ref="VTR:ScheduledStopPoint:55473" version="1"/>
                  <prices>
                    <DistanceMatrixElementPrice id="VTR:DistanceMatrixElementPrice:129043831to129043832" version="1">
                      <Amount>5.0</Amount>
                      <DistanceMatrixElementRef ref="VTR:DistanceMatrixElement:129043831to129043832" version="1"/>
                    </DistanceMatrixElementPrice>
                  </prices>
                </DistanceMatrixElement>
                <DistanceMatrixElement id="VTR:DistanceMatrixElement:129043831to129043833" version="1">
                  <Name>Kauno autobusų stotis to Marijampolės autobusų stotis</Name>
                  <StartStopPointRef ref="VTR:ScheduledStopPoint:26163" version="1"/>
                  <EndStopPointRef ref="VTR:ScheduledStopPoint:26168" version="1"/>
                  <prices>
                    <DistanceMatrixElementPrice id="VTR:DistanceMatrixElementPrice:129043831to129043833" version="1">
                      <Amount>5.0</Amount>
                      <DistanceMatrixElementRef ref="VTR:DistanceMatrixElement:129043831to129043833" version="1"/>
                    </DistanceMatrixElementPrice>
                  </prices>
                </DistanceMatrixElement>
                <DistanceMatrixElement id="VTR:DistanceMatrixElement:129043834to129043835" version="1">
                  <Name>Kauno autobusų stotis to Sūduvos stadionas</Name>
                  <StartStopPointRef ref="VTR:ScheduledStopPoint:26163" version="1"/>
                  <EndStopPointRef ref="VTR:ScheduledStopPoint:55473" version="1"/>
                  <prices>
                    <DistanceMatrixElementPrice id="VTR:DistanceMatrixElementPrice:129043834to129043835" version="1">
                      <Amount>5.0</Amount>
                      <DistanceMatrixElementRef ref="VTR:DistanceMatrixElement:129043834to129043835" version="1"/>
                    </DistanceMatrixElementPrice>
                  </prices>
                </DistanceMatrixElement>
                <DistanceMatrixElement id="VTR:DistanceMatrixElement:129043834to129043836" version="1">
                  <Name>Kauno autobusų stotis to Marijampolės autobusų stotis</Name>
                  <StartStopPointRef ref="VTR:ScheduledStopPoint:26163" version="1"/>
                  <EndStopPointRef ref="VTR:ScheduledStopPoint:26168" version="1"/>
                  <prices>
                    <DistanceMatrixElementPrice id="VTR:DistanceMatrixElementPrice:129043834to129043836" version="1">
                      <Amount>5.0</Amount>
                      <DistanceMatrixElementRef ref="VTR:DistanceMatrixElement:129043834to129043836" version="1"/>
                    </DistanceMatrixElementPrice>
                  </prices>
                </DistanceMatrixElement>
                <DistanceMatrixElement id="VTR:DistanceMatrixElement:129043828to129043829" version="1">
                  <Name>Marijampolės autobusų stotis to Europos pr.</Name>
                  <StartStopPointRef ref="VTR:ScheduledStopPoint:26169" version="1"/>
                  <EndStopPointRef ref="VTR:ScheduledStopPoint:55418" version="1"/>
                  <prices>
                    <DistanceMatrixElementPrice id="VTR:DistanceMatrixElementPrice:129043828to129043829" version="1">
                      <Amount>5.0</Amount>
                      <DistanceMatrixElementRef ref="VTR:DistanceMatrixElement:129043828to129043829" version="1"/>
                    </DistanceMatrixElementPrice>
                  </prices>
                </DistanceMatrixElement>
                <DistanceMatrixElement id="VTR:DistanceMatrixElement:129043832to129043833" version="1">
                  <Name>Sūduvos stadionas to Marijampolės autobusų stotis</Name>
                  <StartStopPointRef ref="VTR:ScheduledStopPoint:55473" version="1"/>
                  <EndStopPointRef ref="VTR:ScheduledStopPoint:26168" version="1"/>
                  <prices>
                    <DistanceMatrixElementPrice id="VTR:DistanceMatrixElementPrice:129043832to129043833" version="1">
                      <Amount>5.0</Amount>
                      <DistanceMatrixElementRef ref="VTR:DistanceMatrixElement:129043832to129043833" version="1"/>
                    </DistanceMatrixElementPrice>
                  </prices>
                </DistanceMatrixElement>
                <DistanceMatrixElement id="VTR:DistanceMatrixElement:129043828to129043830" version="1">
                  <Name>Marijampolės autobusų stotis to Kauno autobusų stotis</Name>
                  <StartStopPointRef ref="VTR:ScheduledStopPoint:26169" version="1"/>
                  <EndStopPointRef ref="VTR:ScheduledStopPoint:26173" version="1"/>
                  <prices>
                    <DistanceMatrixElementPrice id="VTR:DistanceMatrixElementPrice:129043828to129043830" version="1">
                      <Amount>5.0</Amount>
                      <DistanceMatrixElementRef ref="VTR:DistanceMatrixElement:129043828to129043830" version="1"/>
                    </DistanceMatrixElementPrice>
                  </prices>
                </DistanceMatrixElement>
                <DistanceMatrixElement id="VTR:DistanceMatrixElement:129043823to129043824" version="1">
                  <Name>Europos pr. to Kauno autobusų stotis</Name>
                  <StartStopPointRef ref="VTR:ScheduledStopPoint:55418" version="1"/>
                  <EndStopPointRef ref="VTR:ScheduledStopPoint:26173" version="1"/>
                  <prices>
                    <DistanceMatrixElementPrice id="VTR:DistanceMatrixElementPrice:129043823to129043824" version="1">
                      <Amount>5.0</Amount>
                      <DistanceMatrixElementRef ref="VTR:DistanceMatrixElement:129043823to129043824" version="1"/>
                    </DistanceMatrixElementPrice>
                  </prices>
                </DistanceMatrixElement>
                <DistanceMatrixElement id="VTR:DistanceMatrixElement:129043835to129043836" version="1">
                  <Name>Sūduvos stadionas to Marijampolės autobusų stotis</Name>
                  <StartStopPointRef ref="VTR:ScheduledStopPoint:55473" version="1"/>
                  <EndStopPointRef ref="VTR:ScheduledStopPoint:26168" version="1"/>
                  <prices>
                    <DistanceMatrixElementPrice id="VTR:DistanceMatrixElementPrice:129043835to129043836" version="1">
                      <Amount>5.0</Amount>
                      <DistanceMatrixElementRef ref="VTR:DistanceMatrixElement:129043835to129043836" version="1"/>
                    </DistanceMatrixElementPrice>
                  </prices>
                </DistanceMatrixElement>
                <DistanceMatrixElement id="VTR:DistanceMatrixElement:129043822to129043823" version="1">
                  <Name>Marijampolės autobusų stotis to Europos pr.</Name>
                  <StartStopPointRef ref="VTR:ScheduledStopPoint:26169" version="1"/>
                  <EndStopPointRef ref="VTR:ScheduledStopPoint:55418" version="1"/>
                  <prices>
                    <DistanceMatrixElementPrice id="VTR:DistanceMatrixElementPrice:129043822to129043823" version="1">
                      <Amount>5.0</Amount>
                      <DistanceMatrixElementRef ref="VTR:DistanceMatrixElement:129043822to129043823" version="1"/>
                    </DistanceMatrixElementPrice>
                  </prices>
                </DistanceMatrixElement>
                <DistanceMatrixElement id="VTR:DistanceMatrixElement:129043822to129043824" version="1">
                  <Name>Marijampolės autobusų stotis to Kauno autobusų stotis</Name>
                  <StartStopPointRef ref="VTR:ScheduledStopPoint:26169" version="1"/>
                  <EndStopPointRef ref="VTR:ScheduledStopPoint:26173" version="1"/>
                  <prices>
                    <DistanceMatrixElementPrice id="VTR:DistanceMatrixElementPrice:129043822to129043824" version="1">
                      <Amount>5.0</Amount>
                      <DistanceMatrixElementRef ref="VTR:DistanceMatrixElement:129043822to129043824" version="1"/>
                    </DistanceMatrixElementPrice>
                  </prices>
                </DistanceMatrixElement>
                <DistanceMatrixElement id="VTR:DistanceMatrixElement:129043829to129043830" version="1">
                  <Name>Europos pr. to Kauno autobusų stotis</Name>
                  <StartStopPointRef ref="VTR:ScheduledStopPoint:55418" version="1"/>
                  <EndStopPointRef ref="VTR:ScheduledStopPoint:26173" version="1"/>
                  <prices>
                    <DistanceMatrixElementPrice id="VTR:DistanceMatrixElementPrice:129043829to129043830" version="1">
                      <Amount>5.0</Amount>
                      <DistanceMatrixElementRef ref="VTR:DistanceMatrixElement:129043829to129043830" version="1"/>
                    </DistanceMatrixElementPrice>
                  </prices>
                </DistanceMatrixElement>
              </distanceMatrixElements>
            </Tariff>
          </tariffs>
          <usageParameters>
            <FrequencyOfUse id="VTR:FrequencyOfUse:oneTrip" version="1">
              <FrequencyOfUseType>unlimited</FrequencyOfUseType>
              <MaximalFrequency>1</MaximalFrequency>
            </FrequencyOfUse>
          </usageParameters>
        </FareFrame>
      </frames>
    </CompositeFrame>
  </dataObjects>
</PublicationDelivery>
