<?xml version="1.0" encoding="UTF-8"?><PublicationDelivery xmlns="http://www.netex.org.uk/netex" xmlns:gis="http://www.opengis.net/gml/3.2" xmlns:ns2="http://www.opengis.net/gml/3.2" xmlns:ns3="http://www.siri.org.uk/siri" xmlns:xsi="http://www.w3.org/2001/XMLSchema-instance" version="1" xsi:schemaLocation="">
  <PublicationTimestamp>2022-03-19T00:40:00.256</PublicationTimestamp>
  <ParticipantRef>VTR</ParticipantRef>
  <Description>1</Description>
  <dataObjects>
    <CompositeFrame created="2022-03-19T00:40:00.256" version="1" id="VTR:CompositeFrame:1109">
      <validityConditions>
        <AvailabilityCondition version="1" id="VTR:AvailabilityCondition:1109">
          <FromDate>2010-03-02T00:00:00</FromDate>
          <ToDate>2023-03-31T00:00:00</ToDate>
        </AvailabilityCondition>
      </validityConditions>
      <codespaces>
        <Codespace id="vtr">
          <Xmlns>VTR</Xmlns>
          <XmlnsUrl>http://www.visimarsrutai.lt/</XmlnsUrl>
        </Codespace>
      </codespaces>
      <FrameDefaults>
        <DefaultLocale>
          <TimeZone>Europe/Vilnius</TimeZone>
        </DefaultLocale>
        <DefaultLocationSystem>WGS84</DefaultLocationSystem>
      </FrameDefaults>
      <frames>
        <ServiceCalendarFrame version="1" id="VTR:ServiceCalendarFrame:1109">
          <dayTypes>
            <DayType id="VTR:DayType:96" version="1">
              <properties>
                <PropertyOfDay>
                  <DaysOfWeek>Sunday</DaysOfWeek>
                </PropertyOfDay>
              </properties>
            </DayType>
          </dayTypes>
          <operatingPeriods>
            <OperatingPeriod version="1" id="VTR:OperatingPeriod:96">
              <FromDate>2015-06-02T00:00:00</FromDate>
              <ToDate>2099-12-31T00:00:00</ToDate>
            </OperatingPeriod>
          </operatingPeriods>
          <dayTypeAssignments>
            <DayTypeAssignment id="VTR:DayTypeAssignment:96_0" version="1" order="254">
              <OperatingPeriodRef ref="VTR:OperatingPeriod:96" version="1"/>
              <DayTypeRef ref="VTR:DayType:96" version="1"/>
            </DayTypeAssignment>
          </dayTypeAssignments>
        </ServiceCalendarFrame>
        <ServiceFrame id="VTR:ServiceFrame:1109" version="1">
          <Network version="0" id="VTR:Network:2"/>
          <routePoints>
            <RoutePoint version="1" id="VTR:RoutePoint:31139">
              <projections>
                <PointProjection version="1" id="VTR:PointProjection:3597">
                  <ProjectedPointRef ref="VTR:ScheduledStopPoint:31139" version="1"/>
                </PointProjection>
              </projections>
            </RoutePoint>
            <RoutePoint version="1" id="VTR:RoutePoint:31141">
              <projections>
                <PointProjection version="1" id="VTR:PointProjection:3594">
                  <ProjectedPointRef ref="VTR:ScheduledStopPoint:31141" version="1"/>
                </PointProjection>
              </projections>
            </RoutePoint>
            <RoutePoint version="1" id="VTR:RoutePoint:32971">
              <projections>
                <PointProjection version="1" id="VTR:PointProjection:3061">
                  <ProjectedPointRef ref="VTR:ScheduledStopPoint:32971" version="1"/>
                </PointProjection>
              </projections>
            </RoutePoint>
          </routePoints>
          <routes>
            <Route version="1" id="VTR:Route:2356">
              <Name>Alytus - Kaunas</Name>
              <ShortName>Alytus - Kaunas</ShortName>
              <LineRef ref="VTR:Line:530" version="515"/>
              <DirectionType>outbound</DirectionType>
              <pointsInSequence>
                <PointOnRoute version="1" id="VTR:PointOnRoute:31139" order="1">
                  <RoutePointRef ref="VTR:RoutePoint:31139"/>
                </PointOnRoute>
                <PointOnRoute version="1" id="VTR:PointOnRoute:32971" order="2">
                  <RoutePointRef ref="VTR:RoutePoint:32971"/>
                </PointOnRoute>
                <PointOnRoute version="1" id="VTR:PointOnRoute:31141" order="3">
                  <RoutePointRef ref="VTR:RoutePoint:31141"/>
                </PointOnRoute>
              </pointsInSequence>
            </Route>
          </routes>
          <lines>
            <Line version="515" id="VTR:Line:530">
              <Name>Alytus-Kaunas</Name>
              <TransportMode>bus</TransportMode>
              <TransportSubmode>
                <CoachSubmode>nationalCoach</CoachSubmode>
              </TransportSubmode>
              <PublicCode>M-109</PublicCode>
              <OperatorRef ref="VTR:Operator:2"/>
            </Line>
          </lines>
          <scheduledStopPoints>
            <ScheduledStopPoint version="1" id="VTR:ScheduledStopPoint:31139">
              <Name>Alytaus autobusų stotis</Name>
            </ScheduledStopPoint>
            <ScheduledStopPoint version="1" id="VTR:ScheduledStopPoint:31141">
              <Name>Kauno autobusų stotis</Name>
            </ScheduledStopPoint>
            <ScheduledStopPoint version="1" id="VTR:ScheduledStopPoint:32971">
              <Name>Europos pr.</Name>
            </ScheduledStopPoint>
          </scheduledStopPoints>
          <serviceLinks>
            <ServiceLink id="VTR:ServiceLink:32971_1_31141_1" version="1">
              <Distance>4</Distance>
              <FromPointRef ref="VTR:ScheduledStopPoint:32971" version="1"/>
              <ToPointRef ref="VTR:ScheduledStopPoint:31141" version="1"/>
            </ServiceLink>
            <ServiceLink id="VTR:ServiceLink:31139_1_32971_1" version="1">
              <Distance>58</Distance>
              <FromPointRef ref="VTR:ScheduledStopPoint:31139" version="1"/>
              <ToPointRef ref="VTR:ScheduledStopPoint:32971" version="1"/>
            </ServiceLink>
          </serviceLinks>
          <stopAssignments>
            <PassengerStopAssignment order="235600000" id="VTR:PassengerStopAssignment:31139" version="1">
              <ScheduledStopPointRef ref="VTR:ScheduledStopPoint:31139" version="1"/>
              <QuayRef ref="VTR:Quay:19450"/>
            </PassengerStopAssignment>
            <PassengerStopAssignment order="235600001" id="VTR:PassengerStopAssignment:32971" version="1">
              <ScheduledStopPointRef ref="VTR:ScheduledStopPoint:32971" version="1"/>
              <QuayRef ref="VTR:Quay:21443"/>
            </PassengerStopAssignment>
            <PassengerStopAssignment order="235600002" id="VTR:PassengerStopAssignment:31141" version="1">
              <ScheduledStopPointRef ref="VTR:ScheduledStopPoint:31141" version="1"/>
              <QuayRef ref="VTR:Quay:19470"/>
            </PassengerStopAssignment>
          </stopAssignments>
          <journeyPatterns>
            <JourneyPattern id="VTR:JourneyPattern:42461" version="42438">
              <Name>1*X</Name>
              <RouteRef ref="VTR:Route:2356" version="1"/>
              <pointsInSequence>
                <StopPointInJourneyPattern id="VTR:StopPointInJourneyPattern:897303" version="42438" order="1">
                  <ScheduledStopPointRef ref="VTR:ScheduledStopPoint:31139"/>
                  <DestinationDisplayRef ref="VTR:DestinationDisplay:1"/>
                </StopPointInJourneyPattern>
                <StopPointInJourneyPattern id="VTR:StopPointInJourneyPattern:897304" version="42438" order="2">
                  <ScheduledStopPointRef ref="VTR:ScheduledStopPoint:32971"/>
                  <DestinationDisplayRef ref="VTR:DestinationDisplay:1"/>
                </StopPointInJourneyPattern>
                <StopPointInJourneyPattern id="VTR:StopPointInJourneyPattern:897305" version="42438" order="3">
                  <ScheduledStopPointRef ref="VTR:ScheduledStopPoint:31141"/>
                  <DestinationDisplayRef ref="VTR:DestinationDisplay:1"/>
                </StopPointInJourneyPattern>
              </pointsInSequence>
            </JourneyPattern>
          </journeyPatterns>
        </ServiceFrame>
        <TimetableFrame version="1" id="VTR:TimetableFrame:1109">
          <vehicleJourneys>
            <ServiceJourney version="42438" id="VTR:ServiceJourney:42461">
              <Name>Alytus - Kaunas</Name>
              <PrivateCode>1*X</PrivateCode>
              <dayTypes>
                <DayTypeRef ref="VTR:DayType:96"/>
              </dayTypes>
              <JourneyPatternRef version="42438" ref="VTR:JourneyPattern:42461"/>
              <OperatorRef ref="VTR:Operator:474"/>
              <LineRef ref="VTR:Line:530" version="515"/>
              <passingTimes>
                <TimetabledPassingTime version="42438" id="VTR:TimetabledPassingTime:42461_897303_1">
                  <StopPointInJourneyPatternRef ref="VTR:StopPointInJourneyPattern:897303" version="42438"/>
                  <DepartureTime>08:50:00</DepartureTime>
                  <DepartureDayOffset>0</DepartureDayOffset>
                </TimetabledPassingTime>
                <TimetabledPassingTime version="42438" id="VTR:TimetabledPassingTime:42461_897304_2">
                  <StopPointInJourneyPatternRef ref="VTR:StopPointInJourneyPattern:897304" version="42438"/>
                  <DepartureTime>09:43:00</DepartureTime>
                  <DepartureDayOffset>0</DepartureDayOffset>
                </TimetabledPassingTime>
                <TimetabledPassingTime version="42438" id="VTR:TimetabledPassingTime:42461_897305_3">
                  <StopPointInJourneyPatternRef ref="VTR:StopPointInJourneyPattern:897305" version="42438"/>
                  <DepartureTime>09:50:00</DepartureTime>
                  <DepartureDayOffset>0</DepartureDayOffset>
                </TimetabledPassingTime>
              </passingTimes>
            </ServiceJourney>
          </vehicleJourneys>
        </TimetableFrame>
        <ResourceFrame version="1" id="VTR:ResourceFrame:1109">
          <organisations>
            <Authority version="1" id="VTR:Authority:2">
              <CompanyNumber>188647255</CompanyNumber>
              <Name>LTSA</Name>
              <LegalName>Lietuvos transporto saugos administracija</LegalName>
              <ContactDetails>
                <Email>ltsa@ltsa.lrv.lt</Email>
                <Phone>8 5  278 5602</Phone>
                <Url>www.ltsa.lrv.lt</Url>
              </ContactDetails>
              <OrganisationType>authority</OrganisationType>
            </Authority>
          </organisations>
        </ResourceFrame>
        <FareFrame id="VTR:FareFrame:530" version="1">
          <FrameDefaults>
            <DefaultCurrency>EUR</DefaultCurrency>
          </FrameDefaults>
          <fareStructureElements>
            <FareStructureElement id="VTR:FareStructureElement:pricematrix" version="1">
              <distanceMatrixElements>
                <DistanceMatrixElementRef ref="VTR:DistanceMatrixElement:897304to897305" version="1"/>
                <DistanceMatrixElementRef ref="VTR:DistanceMatrixElement:897303to897305" version="1"/>
                <DistanceMatrixElementRef ref="VTR:DistanceMatrixElement:897303to897304" version="1"/>
              </distanceMatrixElements>
            </FareStructureElement>
          </fareStructureElements>
          <tariffs>
            <Tariff id="VTR:Tariff:pointToPointInSeparateJourney_530" version="1">
              <Name>Point to point tariff</Name>
              <distanceMatrixElements>
                <DistanceMatrixElement id="VTR:DistanceMatrixElement:897304to897305" version="1">
                  <Name>Europos pr. to Kauno autobusų stotis</Name>
                  <StartStopPointRef ref="VTR:ScheduledStopPoint:32971" version="1"/>
                  <EndStopPointRef ref="VTR:ScheduledStopPoint:31141" version="1"/>
                  <prices>
                    <DistanceMatrixElementPrice id="VTR:DistanceMatrixElementPrice:897304to897305" version="1">
                      <Amount>0.0</Amount>
                      <DistanceMatrixElementRef ref="VTR:DistanceMatrixElement:897304to897305" version="1"/>
                    </DistanceMatrixElementPrice>
                  </prices>
                </DistanceMatrixElement>
                <DistanceMatrixElement id="VTR:DistanceMatrixElement:897303to897305" version="1">
                  <Name>Alytaus autobusų stotis to Kauno autobusų stotis</Name>
                  <StartStopPointRef ref="VTR:ScheduledStopPoint:31139" version="1"/>
                  <EndStopPointRef ref="VTR:ScheduledStopPoint:31141" version="1"/>
                  <prices>
                    <DistanceMatrixElementPrice id="VTR:DistanceMatrixElementPrice:897303to897305" version="1">
                      <Amount>4.6</Amount>
                      <DistanceMatrixElementRef ref="VTR:DistanceMatrixElement:897303to897305" version="1"/>
                    </DistanceMatrixElementPrice>
                  </prices>
                </DistanceMatrixElement>
                <DistanceMatrixElement id="VTR:DistanceMatrixElement:897303to897304" version="1">
                  <Name>Alytaus autobusų stotis to Europos pr.</Name>
                  <StartStopPointRef ref="VTR:ScheduledStopPoint:31139" version="1"/>
                  <EndStopPointRef ref="VTR:ScheduledStopPoint:32971" version="1"/>
                  <prices>
                    <DistanceMatrixElementPrice id="VTR:DistanceMatrixElementPrice:897303to897304" version="1">
                      <Amount>4.6</Amount>
                      <DistanceMatrixElementRef ref="VTR:DistanceMatrixElement:897303to897304" version="1"/>
                    </DistanceMatrixElementPrice>
                  </prices>
                </DistanceMatrixElement>
              </distanceMatrixElements>
            </Tariff>
          </tariffs>
          <usageParameters>
            <FrequencyOfUse id="VTR:FrequencyOfUse:oneTrip" version="1">
              <FrequencyOfUseType>unlimited</FrequencyOfUseType>
              <MaximalFrequency>1</MaximalFrequency>
            </FrequencyOfUse>
          </usageParameters>
        </FareFrame>
      </frames>
    </CompositeFrame>
  </dataObjects>
</PublicationDelivery>
