<?xml version="1.0" encoding="UTF-8"?><PublicationDelivery xmlns="http://www.netex.org.uk/netex" xmlns:gis="http://www.opengis.net/gml/3.2" xmlns:ns2="http://www.opengis.net/gml/3.2" xmlns:ns3="http://www.siri.org.uk/siri" xmlns:xsi="http://www.w3.org/2001/XMLSchema-instance" version="1" xsi:schemaLocation="">
  <PublicationTimestamp>2022-03-19T00:40:00.256</PublicationTimestamp>
  <ParticipantRef>VTR</ParticipantRef>
  <Description>1</Description>
  <dataObjects>
    <CompositeFrame created="2022-03-19T00:40:00.256" version="1" id="VTR:CompositeFrame:1109">
      <validityConditions>
        <AvailabilityCondition version="1" id="VTR:AvailabilityCondition:1109">
          <FromDate>2010-03-02T00:00:00</FromDate>
          <ToDate>2023-03-31T00:00:00</ToDate>
        </AvailabilityCondition>
      </validityConditions>
      <codespaces>
        <Codespace id="vtr">
          <Xmlns>VTR</Xmlns>
          <XmlnsUrl>http://www.visimarsrutai.lt/</XmlnsUrl>
        </Codespace>
      </codespaces>
      <FrameDefaults>
        <DefaultLocale>
          <TimeZone>Europe/Vilnius</TimeZone>
        </DefaultLocale>
        <DefaultLocationSystem>WGS84</DefaultLocationSystem>
      </FrameDefaults>
      <frames>
        <ServiceCalendarFrame version="1" id="VTR:ServiceCalendarFrame:1109">
          <dayTypes>
            <DayType id="VTR:DayType:91" version="1">
              <properties>
                <PropertyOfDay>
                  <DaysOfWeek>Friday Sunday</DaysOfWeek>
                </PropertyOfDay>
              </properties>
            </DayType>
          </dayTypes>
          <operatingPeriods>
            <OperatingPeriod version="1" id="VTR:OperatingPeriod:91">
              <FromDate>2015-06-02T00:00:00</FromDate>
              <ToDate>2099-12-31T00:00:00</ToDate>
            </OperatingPeriod>
          </operatingPeriods>
          <dayTypeAssignments>
            <DayTypeAssignment id="VTR:DayTypeAssignment:91_0" version="1" order="228">
              <OperatingPeriodRef ref="VTR:OperatingPeriod:91" version="1"/>
              <DayTypeRef ref="VTR:DayType:91" version="1"/>
            </DayTypeAssignment>
          </dayTypeAssignments>
        </ServiceCalendarFrame>
        <ServiceFrame id="VTR:ServiceFrame:1109" version="1">
          <Network version="0" id="VTR:Network:2"/>
          <routePoints>
            <RoutePoint version="1" id="VTR:RoutePoint:26227">
              <projections>
                <PointProjection version="1" id="VTR:PointProjection:2159">
                  <ProjectedPointRef ref="VTR:ScheduledStopPoint:26227" version="1"/>
                </PointProjection>
              </projections>
            </RoutePoint>
            <RoutePoint version="1" id="VTR:RoutePoint:26232">
              <projections>
                <PointProjection version="1" id="VTR:PointProjection:2160">
                  <ProjectedPointRef ref="VTR:ScheduledStopPoint:26232" version="1"/>
                </PointProjection>
              </projections>
            </RoutePoint>
            <RoutePoint version="1" id="VTR:RoutePoint:26233">
              <projections>
                <PointProjection version="1" id="VTR:PointProjection:2217">
                  <ProjectedPointRef ref="VTR:ScheduledStopPoint:26233" version="1"/>
                </PointProjection>
              </projections>
            </RoutePoint>
            <RoutePoint version="1" id="VTR:RoutePoint:26242">
              <projections>
                <PointProjection version="1" id="VTR:PointProjection:2218">
                  <ProjectedPointRef ref="VTR:ScheduledStopPoint:26242" version="1"/>
                </PointProjection>
              </projections>
            </RoutePoint>
            <RoutePoint version="1" id="VTR:RoutePoint:54994">
              <projections>
                <PointProjection version="1" id="VTR:PointProjection:10254">
                  <ProjectedPointRef ref="VTR:ScheduledStopPoint:54994" version="1"/>
                </PointProjection>
              </projections>
            </RoutePoint>
            <RoutePoint version="1" id="VTR:RoutePoint:54995">
              <projections>
                <PointProjection version="1" id="VTR:PointProjection:11471">
                  <ProjectedPointRef ref="VTR:ScheduledStopPoint:54995" version="1"/>
                </PointProjection>
              </projections>
            </RoutePoint>
          </routePoints>
          <routes>
            <Route version="1" id="VTR:Route:1761">
              <Name>Kaunas-Marijampolė</Name>
              <ShortName>Kaunas-Marijampolė</ShortName>
              <LineRef ref="VTR:Line:442" version="427"/>
              <DirectionType>outbound</DirectionType>
              <pointsInSequence>
                <PointOnRoute version="1" id="VTR:PointOnRoute:26227" order="1">
                  <RoutePointRef ref="VTR:RoutePoint:26227"/>
                </PointOnRoute>
                <PointOnRoute version="1" id="VTR:PointOnRoute:54994" order="2">
                  <RoutePointRef ref="VTR:RoutePoint:54994"/>
                </PointOnRoute>
                <PointOnRoute version="1" id="VTR:PointOnRoute:26232" order="3">
                  <RoutePointRef ref="VTR:RoutePoint:26232"/>
                </PointOnRoute>
              </pointsInSequence>
            </Route>
            <Route version="1" id="VTR:Route:1762">
              <Name>Marijampolė-Kaunas</Name>
              <ShortName>Marijampolė-Kaunas</ShortName>
              <LineRef ref="VTR:Line:442" version="427"/>
              <DirectionType>inbound</DirectionType>
              <pointsInSequence>
                <PointOnRoute version="1" id="VTR:PointOnRoute:26233" order="1">
                  <RoutePointRef ref="VTR:RoutePoint:26233"/>
                </PointOnRoute>
                <PointOnRoute version="1" id="VTR:PointOnRoute:54995" order="2">
                  <RoutePointRef ref="VTR:RoutePoint:54995"/>
                </PointOnRoute>
                <PointOnRoute version="1" id="VTR:PointOnRoute:26242" order="3">
                  <RoutePointRef ref="VTR:RoutePoint:26242"/>
                </PointOnRoute>
              </pointsInSequence>
            </Route>
          </routes>
          <lines>
            <Line version="427" id="VTR:Line:442">
              <Name>Kaunas-Marijampolė</Name>
              <TransportMode>bus</TransportMode>
              <TransportSubmode>
                <CoachSubmode>nationalCoach</CoachSubmode>
              </TransportSubmode>
              <PublicCode>M-317</PublicCode>
              <OperatorRef ref="VTR:Operator:2"/>
            </Line>
          </lines>
          <scheduledStopPoints>
            <ScheduledStopPoint version="1" id="VTR:ScheduledStopPoint:26227">
              <Name>Kauno autobusų stotis</Name>
            </ScheduledStopPoint>
            <ScheduledStopPoint version="1" id="VTR:ScheduledStopPoint:26232">
              <Name>Marijampolės autobusų stotis</Name>
            </ScheduledStopPoint>
            <ScheduledStopPoint version="1" id="VTR:ScheduledStopPoint:26233">
              <Name>Marijampolės autobusų stotis</Name>
            </ScheduledStopPoint>
            <ScheduledStopPoint version="1" id="VTR:ScheduledStopPoint:26242">
              <Name>Kauno autobusų stotis</Name>
            </ScheduledStopPoint>
            <ScheduledStopPoint version="1" id="VTR:ScheduledStopPoint:54994">
              <Name>Sūduvos stadionas</Name>
            </ScheduledStopPoint>
            <ScheduledStopPoint version="1" id="VTR:ScheduledStopPoint:54995">
              <Name>Europos pr.</Name>
            </ScheduledStopPoint>
          </scheduledStopPoints>
          <serviceLinks>
            <ServiceLink id="VTR:ServiceLink:26227_1_54994_1" version="1">
              <Distance>55</Distance>
              <FromPointRef ref="VTR:ScheduledStopPoint:26227" version="1"/>
              <ToPointRef ref="VTR:ScheduledStopPoint:54994" version="1"/>
            </ServiceLink>
            <ServiceLink id="VTR:ServiceLink:54995_1_26242_1" version="1">
              <Distance>4</Distance>
              <FromPointRef ref="VTR:ScheduledStopPoint:54995" version="1"/>
              <ToPointRef ref="VTR:ScheduledStopPoint:26242" version="1"/>
            </ServiceLink>
          </serviceLinks>
          <stopAssignments>
            <PassengerStopAssignment order="176100000" id="VTR:PassengerStopAssignment:26227" version="1">
              <ScheduledStopPointRef ref="VTR:ScheduledStopPoint:26227" version="1"/>
              <QuayRef ref="VTR:Quay:19470"/>
            </PassengerStopAssignment>
            <PassengerStopAssignment order="176100001" id="VTR:PassengerStopAssignment:54994" version="1">
              <ScheduledStopPointRef ref="VTR:ScheduledStopPoint:54994" version="1"/>
              <QuayRef ref="VTR:Quay:19513"/>
            </PassengerStopAssignment>
            <PassengerStopAssignment order="176100006" id="VTR:PassengerStopAssignment:26232" version="1">
              <ScheduledStopPointRef ref="VTR:ScheduledStopPoint:26232" version="1"/>
              <QuayRef ref="VTR:Quay:19462"/>
            </PassengerStopAssignment>
            <PassengerStopAssignment order="176200000" id="VTR:PassengerStopAssignment:26233" version="1">
              <ScheduledStopPointRef ref="VTR:ScheduledStopPoint:26233" version="1"/>
              <QuayRef ref="VTR:Quay:19462"/>
            </PassengerStopAssignment>
            <PassengerStopAssignment order="176200009" id="VTR:PassengerStopAssignment:54995" version="1">
              <ScheduledStopPointRef ref="VTR:ScheduledStopPoint:54995" version="1"/>
              <QuayRef ref="VTR:Quay:21443"/>
            </PassengerStopAssignment>
            <PassengerStopAssignment order="176200010" id="VTR:PassengerStopAssignment:26242" version="1">
              <ScheduledStopPointRef ref="VTR:ScheduledStopPoint:26242" version="1"/>
              <QuayRef ref="VTR:Quay:19470"/>
            </PassengerStopAssignment>
          </stopAssignments>
          <journeyPatterns>
            <JourneyPattern id="VTR:JourneyPattern:41763" version="41747">
              <Name>1*XR</Name>
              <RouteRef ref="VTR:Route:1761" version="1"/>
              <pointsInSequence>
                <StopPointInJourneyPattern id="VTR:StopPointInJourneyPattern:888215" version="41747" order="1">
                  <ScheduledStopPointRef ref="VTR:ScheduledStopPoint:26227"/>
                  <ForAlighting>false</ForAlighting>
                  <DestinationDisplayRef ref="VTR:DestinationDisplay:1"/>
                </StopPointInJourneyPattern>
                <StopPointInJourneyPattern id="VTR:StopPointInJourneyPattern:944922" version="41747" order="2">
                  <ScheduledStopPointRef ref="VTR:ScheduledStopPoint:54994"/>
                  <ForBoarding>false</ForBoarding>
                  <DestinationDisplayRef ref="VTR:DestinationDisplay:1"/>
                </StopPointInJourneyPattern>
                <StopPointInJourneyPattern id="VTR:StopPointInJourneyPattern:944916" version="41747" order="3">
                  <ScheduledStopPointRef ref="VTR:ScheduledStopPoint:26232"/>
                  <ForBoarding>false</ForBoarding>
                  <DestinationDisplayRef ref="VTR:DestinationDisplay:1"/>
                </StopPointInJourneyPattern>
              </pointsInSequence>
            </JourneyPattern>
            <JourneyPattern id="VTR:JourneyPattern:41764" version="41748">
              <Name>2*XR</Name>
              <RouteRef ref="VTR:Route:1762" version="1"/>
              <pointsInSequence>
                <StopPointInJourneyPattern id="VTR:StopPointInJourneyPattern:888217" version="41748" order="1">
                  <ScheduledStopPointRef ref="VTR:ScheduledStopPoint:26233"/>
                  <ForAlighting>false</ForAlighting>
                  <DestinationDisplayRef ref="VTR:DestinationDisplay:1"/>
                </StopPointInJourneyPattern>
                <StopPointInJourneyPattern id="VTR:StopPointInJourneyPattern:944951" version="41748" order="2">
                  <ScheduledStopPointRef ref="VTR:ScheduledStopPoint:54995"/>
                  <ForBoarding>false</ForBoarding>
                  <DestinationDisplayRef ref="VTR:DestinationDisplay:1"/>
                </StopPointInJourneyPattern>
                <StopPointInJourneyPattern id="VTR:StopPointInJourneyPattern:944950" version="41748" order="3">
                  <ScheduledStopPointRef ref="VTR:ScheduledStopPoint:26242"/>
                  <ForBoarding>false</ForBoarding>
                  <DestinationDisplayRef ref="VTR:DestinationDisplay:1"/>
                </StopPointInJourneyPattern>
              </pointsInSequence>
            </JourneyPattern>
          </journeyPatterns>
        </ServiceFrame>
        <TimetableFrame version="1" id="VTR:TimetableFrame:1109">
          <vehicleJourneys>
            <ServiceJourney version="41747" id="VTR:ServiceJourney:41763">
              <Name>Kaunas-Marijampolė</Name>
              <PrivateCode>1*XR</PrivateCode>
              <dayTypes>
                <DayTypeRef ref="VTR:DayType:91"/>
              </dayTypes>
              <JourneyPatternRef version="41747" ref="VTR:JourneyPattern:41763"/>
              <OperatorRef ref="VTR:Operator:474"/>
              <LineRef ref="VTR:Line:442" version="427"/>
              <passingTimes>
                <TimetabledPassingTime version="41747" id="VTR:TimetabledPassingTime:41763_888215_1">
                  <StopPointInJourneyPatternRef ref="VTR:StopPointInJourneyPattern:888215" version="41747"/>
                  <DepartureTime>16:30:00</DepartureTime>
                  <DepartureDayOffset>0</DepartureDayOffset>
                </TimetabledPassingTime>
                <TimetabledPassingTime version="41747" id="VTR:TimetabledPassingTime:41763_944922_2">
                  <StopPointInJourneyPatternRef ref="VTR:StopPointInJourneyPattern:944922" version="41747"/>
                  <DepartureTime>17:25:00</DepartureTime>
                  <DepartureDayOffset>0</DepartureDayOffset>
                </TimetabledPassingTime>
                <TimetabledPassingTime version="41747" id="VTR:TimetabledPassingTime:41763_944916_3">
                  <StopPointInJourneyPatternRef ref="VTR:StopPointInJourneyPattern:944916" version="41747"/>
                  <DepartureTime>17:30:00</DepartureTime>
                  <DepartureDayOffset>0</DepartureDayOffset>
                </TimetabledPassingTime>
              </passingTimes>
            </ServiceJourney>
            <ServiceJourney version="41748" id="VTR:ServiceJourney:41764">
              <Name>Marijampolė-Kaunas</Name>
              <PrivateCode>2*XR</PrivateCode>
              <dayTypes>
                <DayTypeRef ref="VTR:DayType:91"/>
              </dayTypes>
              <JourneyPatternRef version="41748" ref="VTR:JourneyPattern:41764"/>
              <OperatorRef ref="VTR:Operator:474"/>
              <LineRef ref="VTR:Line:442" version="427"/>
              <passingTimes>
                <TimetabledPassingTime version="41748" id="VTR:TimetabledPassingTime:41764_888217_1">
                  <StopPointInJourneyPatternRef ref="VTR:StopPointInJourneyPattern:888217" version="41748"/>
                  <DepartureTime>19:00:00</DepartureTime>
                  <DepartureDayOffset>0</DepartureDayOffset>
                </TimetabledPassingTime>
                <TimetabledPassingTime version="41748" id="VTR:TimetabledPassingTime:41764_944951_2">
                  <StopPointInJourneyPatternRef ref="VTR:StopPointInJourneyPattern:944951" version="41748"/>
                  <DepartureTime>19:52:00</DepartureTime>
                  <DepartureDayOffset>0</DepartureDayOffset>
                </TimetabledPassingTime>
                <TimetabledPassingTime version="41748" id="VTR:TimetabledPassingTime:41764_944950_3">
                  <StopPointInJourneyPatternRef ref="VTR:StopPointInJourneyPattern:944950" version="41748"/>
                  <DepartureTime>20:00:00</DepartureTime>
                  <DepartureDayOffset>0</DepartureDayOffset>
                </TimetabledPassingTime>
              </passingTimes>
            </ServiceJourney>
          </vehicleJourneys>
        </TimetableFrame>
        <ResourceFrame version="1" id="VTR:ResourceFrame:1109">
          <organisations>
            <Authority version="1" id="VTR:Authority:2">
              <CompanyNumber>188647255</CompanyNumber>
              <Name>LTSA</Name>
              <LegalName>Lietuvos transporto saugos administracija</LegalName>
              <ContactDetails>
                <Email>ltsa@ltsa.lrv.lt</Email>
                <Phone>8 5  278 5602</Phone>
                <Url>www.ltsa.lrv.lt</Url>
              </ContactDetails>
              <OrganisationType>authority</OrganisationType>
            </Authority>
          </organisations>
        </ResourceFrame>
        <FareFrame id="VTR:FareFrame:442" version="1">
          <FrameDefaults>
            <DefaultCurrency>EUR</DefaultCurrency>
          </FrameDefaults>
          <fareStructureElements>
            <FareStructureElement id="VTR:FareStructureElement:pricematrix" version="1">
              <distanceMatrixElements>
                <DistanceMatrixElementRef ref="VTR:DistanceMatrixElement:888217to944951" version="1"/>
                <DistanceMatrixElementRef ref="VTR:DistanceMatrixElement:944922to944916" version="1"/>
                <DistanceMatrixElementRef ref="VTR:DistanceMatrixElement:888215to944916" version="1"/>
                <DistanceMatrixElementRef ref="VTR:DistanceMatrixElement:888215to944922" version="1"/>
                <DistanceMatrixElementRef ref="VTR:DistanceMatrixElement:888217to944950" version="1"/>
                <DistanceMatrixElementRef ref="VTR:DistanceMatrixElement:944951to944950" version="1"/>
              </distanceMatrixElements>
            </FareStructureElement>
          </fareStructureElements>
          <tariffs>
            <Tariff id="VTR:Tariff:pointToPointInSeparateJourney_442" version="1">
              <Name>Point to point tariff</Name>
              <distanceMatrixElements>
                <DistanceMatrixElement id="VTR:DistanceMatrixElement:888217to944951" version="1">
                  <Name>Marijampolės autobusų stotis to Europos pr.</Name>
                  <StartStopPointRef ref="VTR:ScheduledStopPoint:26233" version="1"/>
                  <EndStopPointRef ref="VTR:ScheduledStopPoint:54995" version="1"/>
                  <prices>
                    <DistanceMatrixElementPrice id="VTR:DistanceMatrixElementPrice:888217to944951" version="1">
                      <Amount>4.2</Amount>
                      <DistanceMatrixElementRef ref="VTR:DistanceMatrixElement:888217to944951" version="1"/>
                    </DistanceMatrixElementPrice>
                  </prices>
                </DistanceMatrixElement>
                <DistanceMatrixElement id="VTR:DistanceMatrixElement:944922to944916" version="1">
                  <Name>Sūduvos stadionas to Marijampolės autobusų stotis</Name>
                  <StartStopPointRef ref="VTR:ScheduledStopPoint:54994" version="1"/>
                  <EndStopPointRef ref="VTR:ScheduledStopPoint:26232" version="1"/>
                  <prices>
                    <DistanceMatrixElementPrice id="VTR:DistanceMatrixElementPrice:944922to944916" version="1">
                      <Amount>0.0</Amount>
                      <DistanceMatrixElementRef ref="VTR:DistanceMatrixElement:944922to944916" version="1"/>
                    </DistanceMatrixElementPrice>
                  </prices>
                </DistanceMatrixElement>
                <DistanceMatrixElement id="VTR:DistanceMatrixElement:888215to944916" version="1">
                  <Name>Kauno autobusų stotis to Marijampolės autobusų stotis</Name>
                  <StartStopPointRef ref="VTR:ScheduledStopPoint:26227" version="1"/>
                  <EndStopPointRef ref="VTR:ScheduledStopPoint:26232" version="1"/>
                  <prices>
                    <DistanceMatrixElementPrice id="VTR:DistanceMatrixElementPrice:888215to944916" version="1">
                      <Amount>4.2</Amount>
                      <DistanceMatrixElementRef ref="VTR:DistanceMatrixElement:888215to944916" version="1"/>
                    </DistanceMatrixElementPrice>
                  </prices>
                </DistanceMatrixElement>
                <DistanceMatrixElement id="VTR:DistanceMatrixElement:888215to944922" version="1">
                  <Name>Kauno autobusų stotis to Sūduvos stadionas</Name>
                  <StartStopPointRef ref="VTR:ScheduledStopPoint:26227" version="1"/>
                  <EndStopPointRef ref="VTR:ScheduledStopPoint:54994" version="1"/>
                  <prices>
                    <DistanceMatrixElementPrice id="VTR:DistanceMatrixElementPrice:888215to944922" version="1">
                      <Amount>4.2</Amount>
                      <DistanceMatrixElementRef ref="VTR:DistanceMatrixElement:888215to944922" version="1"/>
                    </DistanceMatrixElementPrice>
                  </prices>
                </DistanceMatrixElement>
                <DistanceMatrixElement id="VTR:DistanceMatrixElement:888217to944950" version="1">
                  <Name>Marijampolės autobusų stotis to Kauno autobusų stotis</Name>
                  <StartStopPointRef ref="VTR:ScheduledStopPoint:26233" version="1"/>
                  <EndStopPointRef ref="VTR:ScheduledStopPoint:26242" version="1"/>
                  <prices>
                    <DistanceMatrixElementPrice id="VTR:DistanceMatrixElementPrice:888217to944950" version="1">
                      <Amount>4.2</Amount>
                      <DistanceMatrixElementRef ref="VTR:DistanceMatrixElement:888217to944950" version="1"/>
                    </DistanceMatrixElementPrice>
                  </prices>
                </DistanceMatrixElement>
                <DistanceMatrixElement id="VTR:DistanceMatrixElement:944951to944950" version="1">
                  <Name>Europos pr. to Kauno autobusų stotis</Name>
                  <StartStopPointRef ref="VTR:ScheduledStopPoint:54995" version="1"/>
                  <EndStopPointRef ref="VTR:ScheduledStopPoint:26242" version="1"/>
                  <prices>
                    <DistanceMatrixElementPrice id="VTR:DistanceMatrixElementPrice:944951to944950" version="1">
                      <Amount>0.0</Amount>
                      <DistanceMatrixElementRef ref="VTR:DistanceMatrixElement:944951to944950" version="1"/>
                    </DistanceMatrixElementPrice>
                  </prices>
                </DistanceMatrixElement>
              </distanceMatrixElements>
            </Tariff>
          </tariffs>
          <usageParameters>
            <FrequencyOfUse id="VTR:FrequencyOfUse:oneTrip" version="1">
              <FrequencyOfUseType>unlimited</FrequencyOfUseType>
              <MaximalFrequency>1</MaximalFrequency>
            </FrequencyOfUse>
          </usageParameters>
        </FareFrame>
      </frames>
    </CompositeFrame>
  </dataObjects>
</PublicationDelivery>
