<?xml version="1.0" encoding="UTF-8"?><PublicationDelivery xmlns="http://www.netex.org.uk/netex" xmlns:gis="http://www.opengis.net/gml/3.2" xmlns:ns2="http://www.opengis.net/gml/3.2" xmlns:ns3="http://www.siri.org.uk/siri" xmlns:xsi="http://www.w3.org/2001/XMLSchema-instance" version="1" xsi:schemaLocation="">
  <PublicationTimestamp>2022-03-19T00:40:00.256</PublicationTimestamp>
  <ParticipantRef>VTR</ParticipantRef>
  <Description>1</Description>
  <dataObjects>
    <CompositeFrame created="2022-03-19T00:40:00.256" version="1" id="VTR:CompositeFrame:1109">
      <validityConditions>
        <AvailabilityCondition version="1" id="VTR:AvailabilityCondition:1109">
          <FromDate>2010-03-23T00:00:00</FromDate>
          <ToDate>2023-03-31T00:00:00</ToDate>
        </AvailabilityCondition>
      </validityConditions>
      <codespaces>
        <Codespace id="vtr">
          <Xmlns>VTR</Xmlns>
          <XmlnsUrl>http://www.visimarsrutai.lt/</XmlnsUrl>
        </Codespace>
      </codespaces>
      <FrameDefaults>
        <DefaultLocale>
          <TimeZone>Europe/Vilnius</TimeZone>
        </DefaultLocale>
        <DefaultLocationSystem>WGS84</DefaultLocationSystem>
      </FrameDefaults>
      <frames>
        <ServiceCalendarFrame version="1" id="VTR:ServiceCalendarFrame:1109">
          <dayTypes>
            <DayType id="VTR:DayType:271" version="1">
              <properties>
                <PropertyOfDay>
                  <DaysOfWeek>Monday Tuesday Wednesday Thursday Friday Saturday</DaysOfWeek>
                </PropertyOfDay>
              </properties>
            </DayType>
          </dayTypes>
          <operatingPeriods>
            <OperatingPeriod version="1" id="VTR:OperatingPeriod:271">
              <FromDate>2015-06-02T00:00:00</FromDate>
              <ToDate>2099-12-31T00:00:00</ToDate>
            </OperatingPeriod>
          </operatingPeriods>
          <dayTypeAssignments>
            <DayTypeAssignment id="VTR:DayTypeAssignment:271_0" version="1" order="318">
              <OperatingPeriodRef ref="VTR:OperatingPeriod:271" version="1"/>
              <DayTypeRef ref="VTR:DayType:271" version="1"/>
            </DayTypeAssignment>
          </dayTypeAssignments>
        </ServiceCalendarFrame>
        <ServiceFrame id="VTR:ServiceFrame:1109" version="1">
          <Network version="0" id="VTR:Network:2"/>
          <routePoints>
            <RoutePoint version="1" id="VTR:RoutePoint:28261">
              <projections>
                <PointProjection version="1" id="VTR:PointProjection:1629">
                  <ProjectedPointRef ref="VTR:ScheduledStopPoint:28261" version="1"/>
                </PointProjection>
              </projections>
            </RoutePoint>
            <RoutePoint version="1" id="VTR:RoutePoint:28262">
              <projections>
                <PointProjection version="1" id="VTR:PointProjection:1630">
                  <ProjectedPointRef ref="VTR:ScheduledStopPoint:28262" version="1"/>
                </PointProjection>
              </projections>
            </RoutePoint>
            <RoutePoint version="1" id="VTR:RoutePoint:28263">
              <projections>
                <PointProjection version="1" id="VTR:PointProjection:1631">
                  <ProjectedPointRef ref="VTR:ScheduledStopPoint:28263" version="1"/>
                </PointProjection>
              </projections>
            </RoutePoint>
            <RoutePoint version="1" id="VTR:RoutePoint:28267">
              <projections>
                <PointProjection version="1" id="VTR:PointProjection:1632">
                  <ProjectedPointRef ref="VTR:ScheduledStopPoint:28267" version="1"/>
                </PointProjection>
              </projections>
            </RoutePoint>
            <RoutePoint version="1" id="VTR:RoutePoint:28268">
              <projections>
                <PointProjection version="1" id="VTR:PointProjection:1868">
                  <ProjectedPointRef ref="VTR:ScheduledStopPoint:28268" version="1"/>
                </PointProjection>
              </projections>
            </RoutePoint>
            <RoutePoint version="1" id="VTR:RoutePoint:59700">
              <projections>
                <PointProjection version="1" id="VTR:PointProjection:10547">
                  <ProjectedPointRef ref="VTR:ScheduledStopPoint:59700" version="1"/>
                </PointProjection>
              </projections>
            </RoutePoint>
            <RoutePoint version="1" id="VTR:RoutePoint:59701">
              <projections>
                <PointProjection version="1" id="VTR:PointProjection:10548">
                  <ProjectedPointRef ref="VTR:ScheduledStopPoint:59701" version="1"/>
                </PointProjection>
              </projections>
            </RoutePoint>
            <RoutePoint version="1" id="VTR:RoutePoint:59702">
              <projections>
                <PointProjection version="1" id="VTR:PointProjection:10549">
                  <ProjectedPointRef ref="VTR:ScheduledStopPoint:59702" version="1"/>
                </PointProjection>
              </projections>
            </RoutePoint>
          </routePoints>
          <routes>
            <Route version="1" id="VTR:Route:2140">
              <Name>Anykščiai-Vilnius</Name>
              <ShortName>Anykščiai-Vilnius</ShortName>
              <LineRef ref="VTR:Line:739" version="724"/>
              <DirectionType>outbound</DirectionType>
              <pointsInSequence>
                <PointOnRoute version="1" id="VTR:PointOnRoute:28261" order="1">
                  <RoutePointRef ref="VTR:RoutePoint:28261"/>
                </PointOnRoute>
                <PointOnRoute version="1" id="VTR:PointOnRoute:28268" order="2">
                  <RoutePointRef ref="VTR:RoutePoint:28268"/>
                </PointOnRoute>
                <PointOnRoute version="1" id="VTR:PointOnRoute:28262" order="3">
                  <RoutePointRef ref="VTR:RoutePoint:28262"/>
                </PointOnRoute>
                <PointOnRoute version="1" id="VTR:PointOnRoute:28263" order="4">
                  <RoutePointRef ref="VTR:RoutePoint:28263"/>
                </PointOnRoute>
                <PointOnRoute version="1" id="VTR:PointOnRoute:59700" order="5">
                  <RoutePointRef ref="VTR:RoutePoint:59700"/>
                </PointOnRoute>
                <PointOnRoute version="1" id="VTR:PointOnRoute:59701" order="6">
                  <RoutePointRef ref="VTR:RoutePoint:59701"/>
                </PointOnRoute>
                <PointOnRoute version="1" id="VTR:PointOnRoute:59702" order="7">
                  <RoutePointRef ref="VTR:RoutePoint:59702"/>
                </PointOnRoute>
                <PointOnRoute version="1" id="VTR:PointOnRoute:28267" order="8">
                  <RoutePointRef ref="VTR:RoutePoint:28267"/>
                </PointOnRoute>
              </pointsInSequence>
            </Route>
          </routes>
          <lines>
            <Line version="724" id="VTR:Line:739">
              <Name>Anykščiai-Vilnius</Name>
              <TransportMode>bus</TransportMode>
              <TransportSubmode>
                <CoachSubmode>nationalCoach</CoachSubmode>
              </TransportSubmode>
              <PublicCode>M-144</PublicCode>
              <OperatorRef ref="VTR:Operator:2"/>
            </Line>
          </lines>
          <scheduledStopPoints>
            <ScheduledStopPoint version="1" id="VTR:ScheduledStopPoint:28261">
              <Name>Anykščių autobusų stotis</Name>
            </ScheduledStopPoint>
            <ScheduledStopPoint version="1" id="VTR:ScheduledStopPoint:28262">
              <Name>Kavarskas</Name>
            </ScheduledStopPoint>
            <ScheduledStopPoint version="1" id="VTR:ScheduledStopPoint:28263">
              <Name>Ukmergės autobusų stotis</Name>
            </ScheduledStopPoint>
            <ScheduledStopPoint version="1" id="VTR:ScheduledStopPoint:28267">
              <Name>Vilniaus autobusų stotis</Name>
            </ScheduledStopPoint>
            <ScheduledStopPoint version="1" id="VTR:ScheduledStopPoint:28268">
              <Name>Ažuožeriai</Name>
            </ScheduledStopPoint>
            <ScheduledStopPoint version="1" id="VTR:ScheduledStopPoint:59700">
              <Name>Fabijoniškės</Name>
            </ScheduledStopPoint>
            <ScheduledStopPoint version="1" id="VTR:ScheduledStopPoint:59701">
              <Name>Gedimino prospektas</Name>
            </ScheduledStopPoint>
            <ScheduledStopPoint version="1" id="VTR:ScheduledStopPoint:59702">
              <Name>Žemaitės</Name>
            </ScheduledStopPoint>
          </scheduledStopPoints>
          <serviceLinks>
            <ServiceLink id="VTR:ServiceLink:28268_1_28262_1" version="1">
              <Distance>10</Distance>
              <FromPointRef ref="VTR:ScheduledStopPoint:28268" version="1"/>
              <ToPointRef ref="VTR:ScheduledStopPoint:28262" version="1"/>
            </ServiceLink>
            <ServiceLink id="VTR:ServiceLink:28263_1_59700_1" version="1">
              <Distance>69</Distance>
              <FromPointRef ref="VTR:ScheduledStopPoint:28263" version="1"/>
              <ToPointRef ref="VTR:ScheduledStopPoint:59700" version="1"/>
            </ServiceLink>
            <ServiceLink id="VTR:ServiceLink:28261_1_28268_1" version="1">
              <Distance>5</Distance>
              <FromPointRef ref="VTR:ScheduledStopPoint:28261" version="1"/>
              <ToPointRef ref="VTR:ScheduledStopPoint:28268" version="1"/>
            </ServiceLink>
            <ServiceLink id="VTR:ServiceLink:59702_1_28267_1" version="1">
              <Distance>2</Distance>
              <FromPointRef ref="VTR:ScheduledStopPoint:59702" version="1"/>
              <ToPointRef ref="VTR:ScheduledStopPoint:28267" version="1"/>
            </ServiceLink>
            <ServiceLink id="VTR:ServiceLink:28262_1_28263_1" version="1">
              <Distance>22</Distance>
              <FromPointRef ref="VTR:ScheduledStopPoint:28262" version="1"/>
              <ToPointRef ref="VTR:ScheduledStopPoint:28263" version="1"/>
            </ServiceLink>
          </serviceLinks>
          <stopAssignments>
            <PassengerStopAssignment order="214000000" id="VTR:PassengerStopAssignment:28261" version="1">
              <ScheduledStopPointRef ref="VTR:ScheduledStopPoint:28261" version="1"/>
              <QuayRef ref="VTR:Quay:19484"/>
            </PassengerStopAssignment>
            <PassengerStopAssignment order="214000001" id="VTR:PassengerStopAssignment:28268" version="1">
              <ScheduledStopPointRef ref="VTR:ScheduledStopPoint:28268" version="1"/>
              <QuayRef ref="VTR:Quay:8401"/>
            </PassengerStopAssignment>
            <PassengerStopAssignment order="214000002" id="VTR:PassengerStopAssignment:28262" version="1">
              <ScheduledStopPointRef ref="VTR:ScheduledStopPoint:28262" version="1"/>
              <QuayRef ref="VTR:Quay:8394"/>
            </PassengerStopAssignment>
            <PassengerStopAssignment order="214000003" id="VTR:PassengerStopAssignment:28263" version="1">
              <ScheduledStopPointRef ref="VTR:ScheduledStopPoint:28263" version="1"/>
              <QuayRef ref="VTR:Quay:19468"/>
            </PassengerStopAssignment>
            <PassengerStopAssignment order="214000004" id="VTR:PassengerStopAssignment:59700" version="1">
              <ScheduledStopPointRef ref="VTR:ScheduledStopPoint:59700" version="1"/>
              <QuayRef ref="VTR:Quay:20087"/>
            </PassengerStopAssignment>
            <PassengerStopAssignment order="214000006" id="VTR:PassengerStopAssignment:59701" version="1">
              <ScheduledStopPointRef ref="VTR:ScheduledStopPoint:59701" version="1"/>
              <QuayRef ref="VTR:Quay:21418"/>
            </PassengerStopAssignment>
            <PassengerStopAssignment order="214000008" id="VTR:PassengerStopAssignment:59702" version="1">
              <ScheduledStopPointRef ref="VTR:ScheduledStopPoint:59702" version="1"/>
              <QuayRef ref="VTR:Quay:21417"/>
            </PassengerStopAssignment>
            <PassengerStopAssignment order="214000009" id="VTR:PassengerStopAssignment:28267" version="1">
              <ScheduledStopPointRef ref="VTR:ScheduledStopPoint:28267" version="1"/>
              <QuayRef ref="VTR:Quay:19485"/>
            </PassengerStopAssignment>
          </stopAssignments>
          <journeyPatterns>
            <JourneyPattern id="VTR:JourneyPattern:45663" version="45624">
              <Name>1*</Name>
              <RouteRef ref="VTR:Route:2140" version="1"/>
              <pointsInSequence>
                <StopPointInJourneyPattern id="VTR:StopPointInJourneyPattern:956858" version="45624" order="1">
                  <ScheduledStopPointRef ref="VTR:ScheduledStopPoint:28261"/>
                  <ForAlighting>false</ForAlighting>
                  <DestinationDisplayRef ref="VTR:DestinationDisplay:1"/>
                </StopPointInJourneyPattern>
                <StopPointInJourneyPattern id="VTR:StopPointInJourneyPattern:956859" version="45624" order="2">
                  <ScheduledStopPointRef ref="VTR:ScheduledStopPoint:28268"/>
                  <DestinationDisplayRef ref="VTR:DestinationDisplay:1"/>
                </StopPointInJourneyPattern>
                <StopPointInJourneyPattern id="VTR:StopPointInJourneyPattern:956860" version="45624" order="3">
                  <ScheduledStopPointRef ref="VTR:ScheduledStopPoint:28262"/>
                  <DestinationDisplayRef ref="VTR:DestinationDisplay:1"/>
                </StopPointInJourneyPattern>
                <StopPointInJourneyPattern id="VTR:StopPointInJourneyPattern:956861" version="45624" order="4">
                  <ScheduledStopPointRef ref="VTR:ScheduledStopPoint:28263"/>
                  <DestinationDisplayRef ref="VTR:DestinationDisplay:1"/>
                </StopPointInJourneyPattern>
                <StopPointInJourneyPattern id="VTR:StopPointInJourneyPattern:956862" version="45624" order="5">
                  <ScheduledStopPointRef ref="VTR:ScheduledStopPoint:59700"/>
                  <ForBoarding>false</ForBoarding>
                  <DestinationDisplayRef ref="VTR:DestinationDisplay:1"/>
                </StopPointInJourneyPattern>
                <StopPointInJourneyPattern id="VTR:StopPointInJourneyPattern:956863" version="45624" order="6">
                  <ScheduledStopPointRef ref="VTR:ScheduledStopPoint:59701"/>
                  <ForBoarding>false</ForBoarding>
                  <DestinationDisplayRef ref="VTR:DestinationDisplay:1"/>
                </StopPointInJourneyPattern>
                <StopPointInJourneyPattern id="VTR:StopPointInJourneyPattern:956864" version="45624" order="7">
                  <ScheduledStopPointRef ref="VTR:ScheduledStopPoint:59702"/>
                  <ForBoarding>false</ForBoarding>
                  <DestinationDisplayRef ref="VTR:DestinationDisplay:1"/>
                </StopPointInJourneyPattern>
                <StopPointInJourneyPattern id="VTR:StopPointInJourneyPattern:956865" version="45624" order="8">
                  <ScheduledStopPointRef ref="VTR:ScheduledStopPoint:28267"/>
                  <ForBoarding>false</ForBoarding>
                  <DestinationDisplayRef ref="VTR:DestinationDisplay:1"/>
                </StopPointInJourneyPattern>
              </pointsInSequence>
            </JourneyPattern>
          </journeyPatterns>
        </ServiceFrame>
        <TimetableFrame version="1" id="VTR:TimetableFrame:1109">
          <vehicleJourneys>
            <ServiceJourney version="45624" id="VTR:ServiceJourney:45663">
              <Name>Anykščiai-Vilnius</Name>
              <PrivateCode>1*</PrivateCode>
              <dayTypes>
                <DayTypeRef ref="VTR:DayType:271"/>
              </dayTypes>
              <JourneyPatternRef version="45624" ref="VTR:JourneyPattern:45663"/>
              <OperatorRef ref="VTR:Operator:466"/>
              <LineRef ref="VTR:Line:739" version="724"/>
              <passingTimes>
                <TimetabledPassingTime version="45624" id="VTR:TimetabledPassingTime:45663_956858_1">
                  <StopPointInJourneyPatternRef ref="VTR:StopPointInJourneyPattern:956858" version="45624"/>
                  <DepartureTime>05:05:00</DepartureTime>
                  <DepartureDayOffset>0</DepartureDayOffset>
                </TimetabledPassingTime>
                <TimetabledPassingTime version="45624" id="VTR:TimetabledPassingTime:45663_956859_2">
                  <StopPointInJourneyPatternRef ref="VTR:StopPointInJourneyPattern:956859" version="45624"/>
                  <DepartureTime>05:11:00</DepartureTime>
                  <DepartureDayOffset>0</DepartureDayOffset>
                </TimetabledPassingTime>
                <TimetabledPassingTime version="45624" id="VTR:TimetabledPassingTime:45663_956860_3">
                  <StopPointInJourneyPatternRef ref="VTR:StopPointInJourneyPattern:956860" version="45624"/>
                  <DepartureTime>05:22:00</DepartureTime>
                  <DepartureDayOffset>0</DepartureDayOffset>
                </TimetabledPassingTime>
                <TimetabledPassingTime version="45624" id="VTR:TimetabledPassingTime:45663_956861_4">
                  <StopPointInJourneyPatternRef ref="VTR:StopPointInJourneyPattern:956861" version="45624"/>
                  <DepartureTime>05:55:00</DepartureTime>
                  <DepartureDayOffset>0</DepartureDayOffset>
                </TimetabledPassingTime>
                <TimetabledPassingTime version="45624" id="VTR:TimetabledPassingTime:45663_956862_5">
                  <StopPointInJourneyPatternRef ref="VTR:StopPointInJourneyPattern:956862" version="45624"/>
                  <DepartureTime>07:00:00</DepartureTime>
                  <DepartureDayOffset>0</DepartureDayOffset>
                </TimetabledPassingTime>
                <TimetabledPassingTime version="45624" id="VTR:TimetabledPassingTime:45663_956863_6">
                  <StopPointInJourneyPatternRef ref="VTR:StopPointInJourneyPattern:956863" version="45624"/>
                  <DepartureTime>07:08:00</DepartureTime>
                  <DepartureDayOffset>0</DepartureDayOffset>
                </TimetabledPassingTime>
                <TimetabledPassingTime version="45624" id="VTR:TimetabledPassingTime:45663_956864_7">
                  <StopPointInJourneyPatternRef ref="VTR:StopPointInJourneyPattern:956864" version="45624"/>
                  <DepartureTime>07:12:00</DepartureTime>
                  <DepartureDayOffset>0</DepartureDayOffset>
                </TimetabledPassingTime>
                <TimetabledPassingTime version="45624" id="VTR:TimetabledPassingTime:45663_956865_8">
                  <StopPointInJourneyPatternRef ref="VTR:StopPointInJourneyPattern:956865" version="45624"/>
                  <DepartureTime>07:20:00</DepartureTime>
                  <DepartureDayOffset>0</DepartureDayOffset>
                </TimetabledPassingTime>
              </passingTimes>
            </ServiceJourney>
          </vehicleJourneys>
        </TimetableFrame>
        <ResourceFrame version="1" id="VTR:ResourceFrame:1109">
          <organisations>
            <Authority version="1" id="VTR:Authority:2">
              <CompanyNumber>188647255</CompanyNumber>
              <Name>LTSA</Name>
              <LegalName>Lietuvos transporto saugos administracija</LegalName>
              <ContactDetails>
                <Email>ltsa@ltsa.lrv.lt</Email>
                <Phone>8 5  278 5602</Phone>
                <Url>www.ltsa.lrv.lt</Url>
              </ContactDetails>
              <OrganisationType>authority</OrganisationType>
            </Authority>
          </organisations>
        </ResourceFrame>
      </frames>
    </CompositeFrame>
  </dataObjects>
</PublicationDelivery>
