<?xml version="1.0" encoding="UTF-8"?><PublicationDelivery xmlns="http://www.netex.org.uk/netex" xmlns:gis="http://www.opengis.net/gml/3.2" xmlns:ns2="http://www.opengis.net/gml/3.2" xmlns:ns3="http://www.siri.org.uk/siri" xmlns:xsi="http://www.w3.org/2001/XMLSchema-instance" version="1" xsi:schemaLocation="">
  <PublicationTimestamp>2022-03-19T00:40:00.256</PublicationTimestamp>
  <ParticipantRef>VTR</ParticipantRef>
  <Description>1</Description>
  <dataObjects>
    <CompositeFrame created="2022-03-19T00:40:00.256" version="1" id="VTR:CompositeFrame:1109">
      <validityConditions>
        <AvailabilityCondition version="1" id="VTR:AvailabilityCondition:1109">
          <FromDate>2010-03-08T00:00:00</FromDate>
          <ToDate>2023-03-31T00:00:00</ToDate>
        </AvailabilityCondition>
      </validityConditions>
      <codespaces>
        <Codespace id="vtr">
          <Xmlns>VTR</Xmlns>
          <XmlnsUrl>http://www.visimarsrutai.lt/</XmlnsUrl>
        </Codespace>
      </codespaces>
      <FrameDefaults>
        <DefaultLocale>
          <TimeZone>Europe/Vilnius</TimeZone>
        </DefaultLocale>
        <DefaultLocationSystem>WGS84</DefaultLocationSystem>
      </FrameDefaults>
      <frames>
        <ServiceCalendarFrame version="1" id="VTR:ServiceCalendarFrame:1109">
          <dayTypes>
            <DayType id="VTR:DayType:90" version="1">
              <properties>
                <PropertyOfDay>
                  <DaysOfWeek>Weekdays</DaysOfWeek>
                </PropertyOfDay>
              </properties>
            </DayType>
          </dayTypes>
          <operatingPeriods>
            <OperatingPeriod version="1" id="VTR:OperatingPeriod:90">
              <FromDate>2015-06-02T00:00:00</FromDate>
              <ToDate>2099-12-31T00:00:00</ToDate>
            </OperatingPeriod>
          </operatingPeriods>
          <dayTypeAssignments>
            <DayTypeAssignment id="VTR:DayTypeAssignment:90_0" version="1" order="177">
              <OperatingPeriodRef ref="VTR:OperatingPeriod:90" version="1"/>
              <DayTypeRef ref="VTR:DayType:90" version="1"/>
            </DayTypeAssignment>
          </dayTypeAssignments>
        </ServiceCalendarFrame>
        <ServiceFrame id="VTR:ServiceFrame:1109" version="1">
          <Network version="0" id="VTR:Network:2"/>
          <routePoints>
            <RoutePoint version="1" id="VTR:RoutePoint:73552">
              <projections>
                <PointProjection version="1" id="VTR:PointProjection:13007">
                  <ProjectedPointRef ref="VTR:ScheduledStopPoint:73552" version="1"/>
                </PointProjection>
              </projections>
            </RoutePoint>
            <RoutePoint version="1" id="VTR:RoutePoint:73553">
              <projections>
                <PointProjection version="1" id="VTR:PointProjection:13008">
                  <ProjectedPointRef ref="VTR:ScheduledStopPoint:73553" version="1"/>
                </PointProjection>
              </projections>
            </RoutePoint>
            <RoutePoint version="1" id="VTR:RoutePoint:73554">
              <projections>
                <PointProjection version="1" id="VTR:PointProjection:13009">
                  <ProjectedPointRef ref="VTR:ScheduledStopPoint:73554" version="1"/>
                </PointProjection>
              </projections>
            </RoutePoint>
            <RoutePoint version="1" id="VTR:RoutePoint:73555">
              <projections>
                <PointProjection version="1" id="VTR:PointProjection:13010">
                  <ProjectedPointRef ref="VTR:ScheduledStopPoint:73555" version="1"/>
                </PointProjection>
              </projections>
            </RoutePoint>
            <RoutePoint version="1" id="VTR:RoutePoint:73556">
              <projections>
                <PointProjection version="1" id="VTR:PointProjection:13011">
                  <ProjectedPointRef ref="VTR:ScheduledStopPoint:73556" version="1"/>
                </PointProjection>
              </projections>
            </RoutePoint>
            <RoutePoint version="1" id="VTR:RoutePoint:73557">
              <projections>
                <PointProjection version="1" id="VTR:PointProjection:13012">
                  <ProjectedPointRef ref="VTR:ScheduledStopPoint:73557" version="1"/>
                </PointProjection>
              </projections>
            </RoutePoint>
            <RoutePoint version="1" id="VTR:RoutePoint:73558">
              <projections>
                <PointProjection version="1" id="VTR:PointProjection:13013">
                  <ProjectedPointRef ref="VTR:ScheduledStopPoint:73558" version="1"/>
                </PointProjection>
              </projections>
            </RoutePoint>
            <RoutePoint version="1" id="VTR:RoutePoint:73559">
              <projections>
                <PointProjection version="1" id="VTR:PointProjection:13014">
                  <ProjectedPointRef ref="VTR:ScheduledStopPoint:73559" version="1"/>
                </PointProjection>
              </projections>
            </RoutePoint>
            <RoutePoint version="1" id="VTR:RoutePoint:73563">
              <projections>
                <PointProjection version="1" id="VTR:PointProjection:13015">
                  <ProjectedPointRef ref="VTR:ScheduledStopPoint:73563" version="1"/>
                </PointProjection>
              </projections>
            </RoutePoint>
            <RoutePoint version="1" id="VTR:RoutePoint:73564">
              <projections>
                <PointProjection version="1" id="VTR:PointProjection:13016">
                  <ProjectedPointRef ref="VTR:ScheduledStopPoint:73564" version="1"/>
                </PointProjection>
              </projections>
            </RoutePoint>
            <RoutePoint version="1" id="VTR:RoutePoint:73565">
              <projections>
                <PointProjection version="1" id="VTR:PointProjection:13017">
                  <ProjectedPointRef ref="VTR:ScheduledStopPoint:73565" version="1"/>
                </PointProjection>
              </projections>
            </RoutePoint>
            <RoutePoint version="1" id="VTR:RoutePoint:73566">
              <projections>
                <PointProjection version="1" id="VTR:PointProjection:13018">
                  <ProjectedPointRef ref="VTR:ScheduledStopPoint:73566" version="1"/>
                </PointProjection>
              </projections>
            </RoutePoint>
            <RoutePoint version="1" id="VTR:RoutePoint:73567">
              <projections>
                <PointProjection version="1" id="VTR:PointProjection:13019">
                  <ProjectedPointRef ref="VTR:ScheduledStopPoint:73567" version="1"/>
                </PointProjection>
              </projections>
            </RoutePoint>
            <RoutePoint version="1" id="VTR:RoutePoint:73568">
              <projections>
                <PointProjection version="1" id="VTR:PointProjection:13020">
                  <ProjectedPointRef ref="VTR:ScheduledStopPoint:73568" version="1"/>
                </PointProjection>
              </projections>
            </RoutePoint>
            <RoutePoint version="1" id="VTR:RoutePoint:73569">
              <projections>
                <PointProjection version="1" id="VTR:PointProjection:13021">
                  <ProjectedPointRef ref="VTR:ScheduledStopPoint:73569" version="1"/>
                </PointProjection>
              </projections>
            </RoutePoint>
            <RoutePoint version="1" id="VTR:RoutePoint:73570">
              <projections>
                <PointProjection version="1" id="VTR:PointProjection:13022">
                  <ProjectedPointRef ref="VTR:ScheduledStopPoint:73570" version="1"/>
                </PointProjection>
              </projections>
            </RoutePoint>
            <RoutePoint version="1" id="VTR:RoutePoint:73571">
              <projections>
                <PointProjection version="1" id="VTR:PointProjection:13023">
                  <ProjectedPointRef ref="VTR:ScheduledStopPoint:73571" version="1"/>
                </PointProjection>
              </projections>
            </RoutePoint>
            <RoutePoint version="1" id="VTR:RoutePoint:73572">
              <projections>
                <PointProjection version="1" id="VTR:PointProjection:13024">
                  <ProjectedPointRef ref="VTR:ScheduledStopPoint:73572" version="1"/>
                </PointProjection>
              </projections>
            </RoutePoint>
            <RoutePoint version="1" id="VTR:RoutePoint:73573">
              <projections>
                <PointProjection version="1" id="VTR:PointProjection:13025">
                  <ProjectedPointRef ref="VTR:ScheduledStopPoint:73573" version="1"/>
                </PointProjection>
              </projections>
            </RoutePoint>
            <RoutePoint version="1" id="VTR:RoutePoint:73574">
              <projections>
                <PointProjection version="1" id="VTR:PointProjection:13026">
                  <ProjectedPointRef ref="VTR:ScheduledStopPoint:73574" version="1"/>
                </PointProjection>
              </projections>
            </RoutePoint>
            <RoutePoint version="1" id="VTR:RoutePoint:73575">
              <projections>
                <PointProjection version="1" id="VTR:PointProjection:13027">
                  <ProjectedPointRef ref="VTR:ScheduledStopPoint:73575" version="1"/>
                </PointProjection>
              </projections>
            </RoutePoint>
            <RoutePoint version="1" id="VTR:RoutePoint:73576">
              <projections>
                <PointProjection version="1" id="VTR:PointProjection:13028">
                  <ProjectedPointRef ref="VTR:ScheduledStopPoint:73576" version="1"/>
                </PointProjection>
              </projections>
            </RoutePoint>
            <RoutePoint version="1" id="VTR:RoutePoint:73577">
              <projections>
                <PointProjection version="1" id="VTR:PointProjection:13029">
                  <ProjectedPointRef ref="VTR:ScheduledStopPoint:73577" version="1"/>
                </PointProjection>
              </projections>
            </RoutePoint>
            <RoutePoint version="1" id="VTR:RoutePoint:73578">
              <projections>
                <PointProjection version="1" id="VTR:PointProjection:13030">
                  <ProjectedPointRef ref="VTR:ScheduledStopPoint:73578" version="1"/>
                </PointProjection>
              </projections>
            </RoutePoint>
            <RoutePoint version="1" id="VTR:RoutePoint:73579">
              <projections>
                <PointProjection version="1" id="VTR:PointProjection:13045">
                  <ProjectedPointRef ref="VTR:ScheduledStopPoint:73579" version="1"/>
                </PointProjection>
              </projections>
            </RoutePoint>
          </routePoints>
          <routes>
            <Route version="1" id="VTR:Route:2175">
              <Name>Vilnius-Šiauliai</Name>
              <ShortName>Vilnius-Šiauliai</ShortName>
              <LineRef ref="VTR:Line:709" version="694"/>
              <DirectionType>inbound</DirectionType>
              <pointsInSequence>
                <PointOnRoute version="1" id="VTR:PointOnRoute:73552" order="1">
                  <RoutePointRef ref="VTR:RoutePoint:73552"/>
                </PointOnRoute>
                <PointOnRoute version="1" id="VTR:PointOnRoute:73553" order="2">
                  <RoutePointRef ref="VTR:RoutePoint:73553"/>
                </PointOnRoute>
                <PointOnRoute version="1" id="VTR:PointOnRoute:73554" order="3">
                  <RoutePointRef ref="VTR:RoutePoint:73554"/>
                </PointOnRoute>
                <PointOnRoute version="1" id="VTR:PointOnRoute:73555" order="4">
                  <RoutePointRef ref="VTR:RoutePoint:73555"/>
                </PointOnRoute>
                <PointOnRoute version="1" id="VTR:PointOnRoute:73556" order="5">
                  <RoutePointRef ref="VTR:RoutePoint:73556"/>
                </PointOnRoute>
                <PointOnRoute version="1" id="VTR:PointOnRoute:73557" order="6">
                  <RoutePointRef ref="VTR:RoutePoint:73557"/>
                </PointOnRoute>
                <PointOnRoute version="1" id="VTR:PointOnRoute:73558" order="7">
                  <RoutePointRef ref="VTR:RoutePoint:73558"/>
                </PointOnRoute>
                <PointOnRoute version="1" id="VTR:PointOnRoute:73559" order="8">
                  <RoutePointRef ref="VTR:RoutePoint:73559"/>
                </PointOnRoute>
                <PointOnRoute version="1" id="VTR:PointOnRoute:73563" order="9">
                  <RoutePointRef ref="VTR:RoutePoint:73563"/>
                </PointOnRoute>
                <PointOnRoute version="1" id="VTR:PointOnRoute:73564" order="10">
                  <RoutePointRef ref="VTR:RoutePoint:73564"/>
                </PointOnRoute>
                <PointOnRoute version="1" id="VTR:PointOnRoute:73565" order="11">
                  <RoutePointRef ref="VTR:RoutePoint:73565"/>
                </PointOnRoute>
                <PointOnRoute version="1" id="VTR:PointOnRoute:73566" order="12">
                  <RoutePointRef ref="VTR:RoutePoint:73566"/>
                </PointOnRoute>
                <PointOnRoute version="1" id="VTR:PointOnRoute:73567" order="13">
                  <RoutePointRef ref="VTR:RoutePoint:73567"/>
                </PointOnRoute>
                <PointOnRoute version="1" id="VTR:PointOnRoute:73568" order="14">
                  <RoutePointRef ref="VTR:RoutePoint:73568"/>
                </PointOnRoute>
                <PointOnRoute version="1" id="VTR:PointOnRoute:73569" order="15">
                  <RoutePointRef ref="VTR:RoutePoint:73569"/>
                </PointOnRoute>
                <PointOnRoute version="1" id="VTR:PointOnRoute:73570" order="16">
                  <RoutePointRef ref="VTR:RoutePoint:73570"/>
                </PointOnRoute>
                <PointOnRoute version="1" id="VTR:PointOnRoute:73571" order="17">
                  <RoutePointRef ref="VTR:RoutePoint:73571"/>
                </PointOnRoute>
                <PointOnRoute version="1" id="VTR:PointOnRoute:73572" order="18">
                  <RoutePointRef ref="VTR:RoutePoint:73572"/>
                </PointOnRoute>
                <PointOnRoute version="1" id="VTR:PointOnRoute:73573" order="19">
                  <RoutePointRef ref="VTR:RoutePoint:73573"/>
                </PointOnRoute>
                <PointOnRoute version="1" id="VTR:PointOnRoute:73574" order="20">
                  <RoutePointRef ref="VTR:RoutePoint:73574"/>
                </PointOnRoute>
                <PointOnRoute version="1" id="VTR:PointOnRoute:73575" order="21">
                  <RoutePointRef ref="VTR:RoutePoint:73575"/>
                </PointOnRoute>
                <PointOnRoute version="1" id="VTR:PointOnRoute:73576" order="22">
                  <RoutePointRef ref="VTR:RoutePoint:73576"/>
                </PointOnRoute>
                <PointOnRoute version="1" id="VTR:PointOnRoute:73577" order="23">
                  <RoutePointRef ref="VTR:RoutePoint:73577"/>
                </PointOnRoute>
                <PointOnRoute version="1" id="VTR:PointOnRoute:73578" order="24">
                  <RoutePointRef ref="VTR:RoutePoint:73578"/>
                </PointOnRoute>
                <PointOnRoute version="1" id="VTR:PointOnRoute:73579" order="25">
                  <RoutePointRef ref="VTR:RoutePoint:73579"/>
                </PointOnRoute>
              </pointsInSequence>
            </Route>
          </routes>
          <lines>
            <Line version="694" id="VTR:Line:709">
              <Name>Šiauliai-Vilnius</Name>
              <TransportMode>bus</TransportMode>
              <TransportSubmode>
                <CoachSubmode>nationalCoach</CoachSubmode>
              </TransportSubmode>
              <PublicCode>M-746</PublicCode>
              <OperatorRef ref="VTR:Operator:2"/>
            </Line>
          </lines>
          <scheduledStopPoints>
            <ScheduledStopPoint version="1" id="VTR:ScheduledStopPoint:73552">
              <Name>Vilniaus autobusų stotis</Name>
            </ScheduledStopPoint>
            <ScheduledStopPoint version="1" id="VTR:ScheduledStopPoint:73553">
              <Name>Gariūnai</Name>
            </ScheduledStopPoint>
            <ScheduledStopPoint version="1" id="VTR:ScheduledStopPoint:73554">
              <Name>Vievis</Name>
            </ScheduledStopPoint>
            <ScheduledStopPoint version="1" id="VTR:ScheduledStopPoint:73555">
              <Name>Elektrėnai</Name>
            </ScheduledStopPoint>
            <ScheduledStopPoint version="1" id="VTR:ScheduledStopPoint:73556">
              <Name>Žiežmariai</Name>
            </ScheduledStopPoint>
            <ScheduledStopPoint version="1" id="VTR:ScheduledStopPoint:73557">
              <Name>Kalniečių poliklinika</Name>
            </ScheduledStopPoint>
            <ScheduledStopPoint version="1" id="VTR:ScheduledStopPoint:73558">
              <Name>K. Petrausko g.</Name>
            </ScheduledStopPoint>
            <ScheduledStopPoint version="1" id="VTR:ScheduledStopPoint:73559">
              <Name>Kauno autobusų stotis</Name>
            </ScheduledStopPoint>
            <ScheduledStopPoint version="1" id="VTR:ScheduledStopPoint:73563">
              <Name>Šilainių poliklinika</Name>
            </ScheduledStopPoint>
            <ScheduledStopPoint version="1" id="VTR:ScheduledStopPoint:73564">
              <Name>Devintas fortas</Name>
            </ScheduledStopPoint>
            <ScheduledStopPoint version="1" id="VTR:ScheduledStopPoint:73565">
              <Name>Babtai</Name>
            </ScheduledStopPoint>
            <ScheduledStopPoint version="1" id="VTR:ScheduledStopPoint:73566">
              <Name>Cinkiškiai</Name>
            </ScheduledStopPoint>
            <ScheduledStopPoint version="1" id="VTR:ScheduledStopPoint:73567">
              <Name>Ariogala</Name>
            </ScheduledStopPoint>
            <ScheduledStopPoint version="1" id="VTR:ScheduledStopPoint:73568">
              <Name>Raseinių autobusų stotis</Name>
            </ScheduledStopPoint>
            <ScheduledStopPoint version="1" id="VTR:ScheduledStopPoint:73569">
              <Name>Katauskiai</Name>
            </ScheduledStopPoint>
            <ScheduledStopPoint version="1" id="VTR:ScheduledStopPoint:73570">
              <Name>Šiluva</Name>
            </ScheduledStopPoint>
            <ScheduledStopPoint version="1" id="VTR:ScheduledStopPoint:73571">
              <Name>Tytuvėnai</Name>
            </ScheduledStopPoint>
            <ScheduledStopPoint version="1" id="VTR:ScheduledStopPoint:73572">
              <Name>Pavydai</Name>
            </ScheduledStopPoint>
            <ScheduledStopPoint version="1" id="VTR:ScheduledStopPoint:73573">
              <Name>Maironiai</Name>
            </ScheduledStopPoint>
            <ScheduledStopPoint version="1" id="VTR:ScheduledStopPoint:73574">
              <Name>Maneikiai</Name>
            </ScheduledStopPoint>
            <ScheduledStopPoint version="1" id="VTR:ScheduledStopPoint:73575">
              <Name>Kelmės autobusų stotis</Name>
            </ScheduledStopPoint>
            <ScheduledStopPoint version="1" id="VTR:ScheduledStopPoint:73576">
              <Name>Posūkis į Kelmę</Name>
            </ScheduledStopPoint>
            <ScheduledStopPoint version="1" id="VTR:ScheduledStopPoint:73577">
              <Name>Bubiai</Name>
            </ScheduledStopPoint>
            <ScheduledStopPoint version="1" id="VTR:ScheduledStopPoint:73578">
              <Name>Tilžės g.</Name>
            </ScheduledStopPoint>
            <ScheduledStopPoint version="1" id="VTR:ScheduledStopPoint:73579">
              <Name>Šiaulių autobusų stotis</Name>
            </ScheduledStopPoint>
          </scheduledStopPoints>
          <serviceLinks>
            <ServiceLink id="VTR:ServiceLink:73553_1_73554_1" version="1">
              <Distance>26</Distance>
              <FromPointRef ref="VTR:ScheduledStopPoint:73553" version="1"/>
              <ToPointRef ref="VTR:ScheduledStopPoint:73554" version="1"/>
            </ServiceLink>
            <ServiceLink id="VTR:ServiceLink:73567_1_73568_1" version="1">
              <Distance>27</Distance>
              <FromPointRef ref="VTR:ScheduledStopPoint:73567" version="1"/>
              <ToPointRef ref="VTR:ScheduledStopPoint:73568" version="1"/>
            </ServiceLink>
            <ServiceLink id="VTR:ServiceLink:73566_1_73567_1" version="1">
              <Distance>21</Distance>
              <FromPointRef ref="VTR:ScheduledStopPoint:73566" version="1"/>
              <ToPointRef ref="VTR:ScheduledStopPoint:73567" version="1"/>
            </ServiceLink>
            <ServiceLink id="VTR:ServiceLink:73556_1_73557_1" version="1">
              <Distance>35</Distance>
              <FromPointRef ref="VTR:ScheduledStopPoint:73556" version="1"/>
              <ToPointRef ref="VTR:ScheduledStopPoint:73557" version="1"/>
            </ServiceLink>
            <ServiceLink id="VTR:ServiceLink:73573_1_73574_1" version="1">
              <Distance>3</Distance>
              <FromPointRef ref="VTR:ScheduledStopPoint:73573" version="1"/>
              <ToPointRef ref="VTR:ScheduledStopPoint:73574" version="1"/>
            </ServiceLink>
            <ServiceLink id="VTR:ServiceLink:73558_1_73559_1" version="1">
              <Distance>2</Distance>
              <FromPointRef ref="VTR:ScheduledStopPoint:73558" version="1"/>
              <ToPointRef ref="VTR:ScheduledStopPoint:73559" version="1"/>
            </ServiceLink>
            <ServiceLink id="VTR:ServiceLink:73568_1_73569_1" version="1">
              <Distance>12</Distance>
              <FromPointRef ref="VTR:ScheduledStopPoint:73568" version="1"/>
              <ToPointRef ref="VTR:ScheduledStopPoint:73569" version="1"/>
            </ServiceLink>
            <ServiceLink id="VTR:ServiceLink:73564_1_73565_1" version="1">
              <Distance>17</Distance>
              <FromPointRef ref="VTR:ScheduledStopPoint:73564" version="1"/>
              <ToPointRef ref="VTR:ScheduledStopPoint:73565" version="1"/>
            </ServiceLink>
            <ServiceLink id="VTR:ServiceLink:73563_1_73564_1" version="1">
              <Distance>2</Distance>
              <FromPointRef ref="VTR:ScheduledStopPoint:73563" version="1"/>
              <ToPointRef ref="VTR:ScheduledStopPoint:73564" version="1"/>
            </ServiceLink>
            <ServiceLink id="VTR:ServiceLink:73557_1_73558_1" version="1">
              <Distance>2</Distance>
              <FromPointRef ref="VTR:ScheduledStopPoint:73557" version="1"/>
              <ToPointRef ref="VTR:ScheduledStopPoint:73558" version="1"/>
            </ServiceLink>
            <ServiceLink id="VTR:ServiceLink:73575_1_73576_1" version="1">
              <Distance>3</Distance>
              <FromPointRef ref="VTR:ScheduledStopPoint:73575" version="1"/>
              <ToPointRef ref="VTR:ScheduledStopPoint:73576" version="1"/>
            </ServiceLink>
            <ServiceLink id="VTR:ServiceLink:73577_1_73578_1" version="1">
              <Distance>9</Distance>
              <FromPointRef ref="VTR:ScheduledStopPoint:73577" version="1"/>
              <ToPointRef ref="VTR:ScheduledStopPoint:73578" version="1"/>
            </ServiceLink>
            <ServiceLink id="VTR:ServiceLink:73571_1_73572_1" version="1">
              <Distance>5</Distance>
              <FromPointRef ref="VTR:ScheduledStopPoint:73571" version="1"/>
              <ToPointRef ref="VTR:ScheduledStopPoint:73572" version="1"/>
            </ServiceLink>
            <ServiceLink id="VTR:ServiceLink:73574_1_73575_1" version="1">
              <Distance>5</Distance>
              <FromPointRef ref="VTR:ScheduledStopPoint:73574" version="1"/>
              <ToPointRef ref="VTR:ScheduledStopPoint:73575" version="1"/>
            </ServiceLink>
            <ServiceLink id="VTR:ServiceLink:73570_1_73571_1" version="1">
              <Distance>8</Distance>
              <FromPointRef ref="VTR:ScheduledStopPoint:73570" version="1"/>
              <ToPointRef ref="VTR:ScheduledStopPoint:73571" version="1"/>
            </ServiceLink>
            <ServiceLink id="VTR:ServiceLink:73569_1_73570_1" version="1">
              <Distance>7</Distance>
              <FromPointRef ref="VTR:ScheduledStopPoint:73569" version="1"/>
              <ToPointRef ref="VTR:ScheduledStopPoint:73570" version="1"/>
            </ServiceLink>
            <ServiceLink id="VTR:ServiceLink:73572_1_73573_1" version="1">
              <Distance>5</Distance>
              <FromPointRef ref="VTR:ScheduledStopPoint:73572" version="1"/>
              <ToPointRef ref="VTR:ScheduledStopPoint:73573" version="1"/>
            </ServiceLink>
            <ServiceLink id="VTR:ServiceLink:73576_1_73577_1" version="1">
              <Distance>25</Distance>
              <FromPointRef ref="VTR:ScheduledStopPoint:73576" version="1"/>
              <ToPointRef ref="VTR:ScheduledStopPoint:73577" version="1"/>
            </ServiceLink>
            <ServiceLink id="VTR:ServiceLink:73565_1_73566_1" version="1">
              <Distance>7</Distance>
              <FromPointRef ref="VTR:ScheduledStopPoint:73565" version="1"/>
              <ToPointRef ref="VTR:ScheduledStopPoint:73566" version="1"/>
            </ServiceLink>
            <ServiceLink id="VTR:ServiceLink:73578_1_73579_1" version="1">
              <Distance>4</Distance>
              <FromPointRef ref="VTR:ScheduledStopPoint:73578" version="1"/>
              <ToPointRef ref="VTR:ScheduledStopPoint:73579" version="1"/>
            </ServiceLink>
            <ServiceLink id="VTR:ServiceLink:73554_1_73555_1" version="1">
              <Distance>10</Distance>
              <FromPointRef ref="VTR:ScheduledStopPoint:73554" version="1"/>
              <ToPointRef ref="VTR:ScheduledStopPoint:73555" version="1"/>
            </ServiceLink>
            <ServiceLink id="VTR:ServiceLink:73555_1_73556_1" version="1">
              <Distance>15</Distance>
              <FromPointRef ref="VTR:ScheduledStopPoint:73555" version="1"/>
              <ToPointRef ref="VTR:ScheduledStopPoint:73556" version="1"/>
            </ServiceLink>
            <ServiceLink id="VTR:ServiceLink:73552_1_73553_1" version="1">
              <Distance>8</Distance>
              <FromPointRef ref="VTR:ScheduledStopPoint:73552" version="1"/>
              <ToPointRef ref="VTR:ScheduledStopPoint:73553" version="1"/>
            </ServiceLink>
          </serviceLinks>
          <stopAssignments>
            <PassengerStopAssignment order="217500000" id="VTR:PassengerStopAssignment:73552" version="1">
              <ScheduledStopPointRef ref="VTR:ScheduledStopPoint:73552" version="1"/>
              <QuayRef ref="VTR:Quay:19485"/>
            </PassengerStopAssignment>
            <PassengerStopAssignment order="217500001" id="VTR:PassengerStopAssignment:73553" version="1">
              <ScheduledStopPointRef ref="VTR:ScheduledStopPoint:73553" version="1"/>
              <QuayRef ref="VTR:Quay:21416"/>
            </PassengerStopAssignment>
            <PassengerStopAssignment order="217500002" id="VTR:PassengerStopAssignment:73554" version="1">
              <ScheduledStopPointRef ref="VTR:ScheduledStopPoint:73554" version="1"/>
              <QuayRef ref="VTR:Quay:12690"/>
            </PassengerStopAssignment>
            <PassengerStopAssignment order="217500003" id="VTR:PassengerStopAssignment:73555" version="1">
              <ScheduledStopPointRef ref="VTR:ScheduledStopPoint:73555" version="1"/>
              <QuayRef ref="VTR:Quay:20202"/>
            </PassengerStopAssignment>
            <PassengerStopAssignment order="217500004" id="VTR:PassengerStopAssignment:73556" version="1">
              <ScheduledStopPointRef ref="VTR:ScheduledStopPoint:73556" version="1"/>
              <QuayRef ref="VTR:Quay:10734"/>
            </PassengerStopAssignment>
            <PassengerStopAssignment order="217500005" id="VTR:PassengerStopAssignment:73557" version="1">
              <ScheduledStopPointRef ref="VTR:ScheduledStopPoint:73557" version="1"/>
              <QuayRef ref="VTR:Quay:21436"/>
            </PassengerStopAssignment>
            <PassengerStopAssignment order="217500006" id="VTR:PassengerStopAssignment:73558" version="1">
              <ScheduledStopPointRef ref="VTR:ScheduledStopPoint:73558" version="1"/>
              <QuayRef ref="VTR:Quay:21438"/>
            </PassengerStopAssignment>
            <PassengerStopAssignment order="217500007" id="VTR:PassengerStopAssignment:73559" version="1">
              <ScheduledStopPointRef ref="VTR:ScheduledStopPoint:73559" version="1"/>
              <QuayRef ref="VTR:Quay:19470"/>
            </PassengerStopAssignment>
            <PassengerStopAssignment order="217500011" id="VTR:PassengerStopAssignment:73563" version="1">
              <ScheduledStopPointRef ref="VTR:ScheduledStopPoint:73563" version="1"/>
              <QuayRef ref="VTR:Quay:21439"/>
            </PassengerStopAssignment>
            <PassengerStopAssignment order="217500012" id="VTR:PassengerStopAssignment:73564" version="1">
              <ScheduledStopPointRef ref="VTR:ScheduledStopPoint:73564" version="1"/>
              <QuayRef ref="VTR:Quay:8704"/>
            </PassengerStopAssignment>
            <PassengerStopAssignment order="217500013" id="VTR:PassengerStopAssignment:73565" version="1">
              <ScheduledStopPointRef ref="VTR:ScheduledStopPoint:73565" version="1"/>
              <QuayRef ref="VTR:Quay:15678"/>
            </PassengerStopAssignment>
            <PassengerStopAssignment order="217500014" id="VTR:PassengerStopAssignment:73566" version="1">
              <ScheduledStopPointRef ref="VTR:ScheduledStopPoint:73566" version="1"/>
              <QuayRef ref="VTR:Quay:8768"/>
            </PassengerStopAssignment>
            <PassengerStopAssignment order="217500015" id="VTR:PassengerStopAssignment:73567" version="1">
              <ScheduledStopPointRef ref="VTR:ScheduledStopPoint:73567" version="1"/>
              <QuayRef ref="VTR:Quay:10943"/>
            </PassengerStopAssignment>
            <PassengerStopAssignment order="217500016" id="VTR:PassengerStopAssignment:73568" version="1">
              <ScheduledStopPointRef ref="VTR:ScheduledStopPoint:73568" version="1"/>
              <QuayRef ref="VTR:Quay:19476"/>
            </PassengerStopAssignment>
            <PassengerStopAssignment order="217500017" id="VTR:PassengerStopAssignment:73569" version="1">
              <ScheduledStopPointRef ref="VTR:ScheduledStopPoint:73569" version="1"/>
              <QuayRef ref="VTR:Quay:15753"/>
            </PassengerStopAssignment>
            <PassengerStopAssignment order="217500018" id="VTR:PassengerStopAssignment:73570" version="1">
              <ScheduledStopPointRef ref="VTR:ScheduledStopPoint:73570" version="1"/>
              <QuayRef ref="VTR:Quay:10744"/>
            </PassengerStopAssignment>
            <PassengerStopAssignment order="217500019" id="VTR:PassengerStopAssignment:73571" version="1">
              <ScheduledStopPointRef ref="VTR:ScheduledStopPoint:73571" version="1"/>
              <QuayRef ref="VTR:Quay:20340"/>
            </PassengerStopAssignment>
            <PassengerStopAssignment order="217500020" id="VTR:PassengerStopAssignment:73572" version="1">
              <ScheduledStopPointRef ref="VTR:ScheduledStopPoint:73572" version="1"/>
              <QuayRef ref="VTR:Quay:8576"/>
            </PassengerStopAssignment>
            <PassengerStopAssignment order="217500021" id="VTR:PassengerStopAssignment:73573" version="1">
              <ScheduledStopPointRef ref="VTR:ScheduledStopPoint:73573" version="1"/>
              <QuayRef ref="VTR:Quay:15637"/>
            </PassengerStopAssignment>
            <PassengerStopAssignment order="217500022" id="VTR:PassengerStopAssignment:73574" version="1">
              <ScheduledStopPointRef ref="VTR:ScheduledStopPoint:73574" version="1"/>
              <QuayRef ref="VTR:Quay:15643"/>
            </PassengerStopAssignment>
            <PassengerStopAssignment order="217500023" id="VTR:PassengerStopAssignment:73575" version="1">
              <ScheduledStopPointRef ref="VTR:ScheduledStopPoint:73575" version="1"/>
              <QuayRef ref="VTR:Quay:19466"/>
            </PassengerStopAssignment>
            <PassengerStopAssignment order="217500024" id="VTR:PassengerStopAssignment:73576" version="1">
              <ScheduledStopPointRef ref="VTR:ScheduledStopPoint:73576" version="1"/>
              <QuayRef ref="VTR:Quay:6601"/>
            </PassengerStopAssignment>
            <PassengerStopAssignment order="217500025" id="VTR:PassengerStopAssignment:73577" version="1">
              <ScheduledStopPointRef ref="VTR:ScheduledStopPoint:73577" version="1"/>
              <QuayRef ref="VTR:Quay:15567"/>
            </PassengerStopAssignment>
            <PassengerStopAssignment order="217500026" id="VTR:PassengerStopAssignment:73578" version="1">
              <ScheduledStopPointRef ref="VTR:ScheduledStopPoint:73578" version="1"/>
              <QuayRef ref="VTR:Quay:20169"/>
            </PassengerStopAssignment>
            <PassengerStopAssignment order="217500027" id="VTR:PassengerStopAssignment:73579" version="1">
              <ScheduledStopPointRef ref="VTR:ScheduledStopPoint:73579" version="1"/>
              <QuayRef ref="VTR:Quay:19488"/>
            </PassengerStopAssignment>
          </stopAssignments>
          <journeyPatterns>
            <JourneyPattern id="VTR:JourneyPattern:46787" version="46771">
              <Name>2*</Name>
              <RouteRef ref="VTR:Route:2175" version="1"/>
              <pointsInSequence>
                <StopPointInJourneyPattern id="VTR:StopPointInJourneyPattern:975030" version="46771" order="1">
                  <ScheduledStopPointRef ref="VTR:ScheduledStopPoint:73552"/>
                  <ForAlighting>false</ForAlighting>
                  <DestinationDisplayRef ref="VTR:DestinationDisplay:1"/>
                </StopPointInJourneyPattern>
                <StopPointInJourneyPattern id="VTR:StopPointInJourneyPattern:975031" version="46771" order="2">
                  <ScheduledStopPointRef ref="VTR:ScheduledStopPoint:73553"/>
                  <ForAlighting>false</ForAlighting>
                  <DestinationDisplayRef ref="VTR:DestinationDisplay:1"/>
                </StopPointInJourneyPattern>
                <StopPointInJourneyPattern id="VTR:StopPointInJourneyPattern:975032" version="46771" order="3">
                  <ScheduledStopPointRef ref="VTR:ScheduledStopPoint:73554"/>
                  <DestinationDisplayRef ref="VTR:DestinationDisplay:1"/>
                </StopPointInJourneyPattern>
                <StopPointInJourneyPattern id="VTR:StopPointInJourneyPattern:975033" version="46771" order="4">
                  <ScheduledStopPointRef ref="VTR:ScheduledStopPoint:73555"/>
                  <DestinationDisplayRef ref="VTR:DestinationDisplay:1"/>
                </StopPointInJourneyPattern>
                <StopPointInJourneyPattern id="VTR:StopPointInJourneyPattern:975034" version="46771" order="5">
                  <ScheduledStopPointRef ref="VTR:ScheduledStopPoint:73556"/>
                  <DestinationDisplayRef ref="VTR:DestinationDisplay:1"/>
                </StopPointInJourneyPattern>
                <StopPointInJourneyPattern id="VTR:StopPointInJourneyPattern:975035" version="46771" order="6">
                  <ScheduledStopPointRef ref="VTR:ScheduledStopPoint:73557"/>
                  <ForBoarding>false</ForBoarding>
                  <DestinationDisplayRef ref="VTR:DestinationDisplay:1"/>
                </StopPointInJourneyPattern>
                <StopPointInJourneyPattern id="VTR:StopPointInJourneyPattern:975036" version="46771" order="7">
                  <ScheduledStopPointRef ref="VTR:ScheduledStopPoint:73558"/>
                  <ForBoarding>false</ForBoarding>
                  <DestinationDisplayRef ref="VTR:DestinationDisplay:1"/>
                </StopPointInJourneyPattern>
                <StopPointInJourneyPattern id="VTR:StopPointInJourneyPattern:975037" version="46771" order="8">
                  <ScheduledStopPointRef ref="VTR:ScheduledStopPoint:73559"/>
                  <DestinationDisplayRef ref="VTR:DestinationDisplay:1"/>
                </StopPointInJourneyPattern>
                <StopPointInJourneyPattern id="VTR:StopPointInJourneyPattern:975038" version="46771" order="9">
                  <ScheduledStopPointRef ref="VTR:ScheduledStopPoint:73563"/>
                  <ForAlighting>false</ForAlighting>
                  <DestinationDisplayRef ref="VTR:DestinationDisplay:1"/>
                </StopPointInJourneyPattern>
                <StopPointInJourneyPattern id="VTR:StopPointInJourneyPattern:975039" version="46771" order="10">
                  <ScheduledStopPointRef ref="VTR:ScheduledStopPoint:73564"/>
                  <DestinationDisplayRef ref="VTR:DestinationDisplay:1"/>
                </StopPointInJourneyPattern>
                <StopPointInJourneyPattern id="VTR:StopPointInJourneyPattern:975040" version="46771" order="11">
                  <ScheduledStopPointRef ref="VTR:ScheduledStopPoint:73565"/>
                  <DestinationDisplayRef ref="VTR:DestinationDisplay:1"/>
                </StopPointInJourneyPattern>
                <StopPointInJourneyPattern id="VTR:StopPointInJourneyPattern:975041" version="46771" order="12">
                  <ScheduledStopPointRef ref="VTR:ScheduledStopPoint:73566"/>
                  <DestinationDisplayRef ref="VTR:DestinationDisplay:1"/>
                </StopPointInJourneyPattern>
                <StopPointInJourneyPattern id="VTR:StopPointInJourneyPattern:975042" version="46771" order="13">
                  <ScheduledStopPointRef ref="VTR:ScheduledStopPoint:73567"/>
                  <DestinationDisplayRef ref="VTR:DestinationDisplay:1"/>
                </StopPointInJourneyPattern>
                <StopPointInJourneyPattern id="VTR:StopPointInJourneyPattern:975043" version="46771" order="14">
                  <ScheduledStopPointRef ref="VTR:ScheduledStopPoint:73568"/>
                  <DestinationDisplayRef ref="VTR:DestinationDisplay:1"/>
                </StopPointInJourneyPattern>
                <StopPointInJourneyPattern id="VTR:StopPointInJourneyPattern:975044" version="46771" order="15">
                  <ScheduledStopPointRef ref="VTR:ScheduledStopPoint:73569"/>
                  <DestinationDisplayRef ref="VTR:DestinationDisplay:1"/>
                </StopPointInJourneyPattern>
                <StopPointInJourneyPattern id="VTR:StopPointInJourneyPattern:975045" version="46771" order="16">
                  <ScheduledStopPointRef ref="VTR:ScheduledStopPoint:73570"/>
                  <DestinationDisplayRef ref="VTR:DestinationDisplay:1"/>
                </StopPointInJourneyPattern>
                <StopPointInJourneyPattern id="VTR:StopPointInJourneyPattern:975046" version="46771" order="17">
                  <ScheduledStopPointRef ref="VTR:ScheduledStopPoint:73571"/>
                  <DestinationDisplayRef ref="VTR:DestinationDisplay:1"/>
                </StopPointInJourneyPattern>
                <StopPointInJourneyPattern id="VTR:StopPointInJourneyPattern:975047" version="46771" order="18">
                  <ScheduledStopPointRef ref="VTR:ScheduledStopPoint:73572"/>
                  <DestinationDisplayRef ref="VTR:DestinationDisplay:1"/>
                </StopPointInJourneyPattern>
                <StopPointInJourneyPattern id="VTR:StopPointInJourneyPattern:975048" version="46771" order="19">
                  <ScheduledStopPointRef ref="VTR:ScheduledStopPoint:73573"/>
                  <DestinationDisplayRef ref="VTR:DestinationDisplay:1"/>
                </StopPointInJourneyPattern>
                <StopPointInJourneyPattern id="VTR:StopPointInJourneyPattern:975049" version="46771" order="20">
                  <ScheduledStopPointRef ref="VTR:ScheduledStopPoint:73574"/>
                  <DestinationDisplayRef ref="VTR:DestinationDisplay:1"/>
                </StopPointInJourneyPattern>
                <StopPointInJourneyPattern id="VTR:StopPointInJourneyPattern:975050" version="46771" order="21">
                  <ScheduledStopPointRef ref="VTR:ScheduledStopPoint:73575"/>
                  <DestinationDisplayRef ref="VTR:DestinationDisplay:1"/>
                </StopPointInJourneyPattern>
                <StopPointInJourneyPattern id="VTR:StopPointInJourneyPattern:975051" version="46771" order="22">
                  <ScheduledStopPointRef ref="VTR:ScheduledStopPoint:73576"/>
                  <DestinationDisplayRef ref="VTR:DestinationDisplay:1"/>
                </StopPointInJourneyPattern>
                <StopPointInJourneyPattern id="VTR:StopPointInJourneyPattern:975052" version="46771" order="23">
                  <ScheduledStopPointRef ref="VTR:ScheduledStopPoint:73577"/>
                  <DestinationDisplayRef ref="VTR:DestinationDisplay:1"/>
                </StopPointInJourneyPattern>
                <StopPointInJourneyPattern id="VTR:StopPointInJourneyPattern:975053" version="46771" order="24">
                  <ScheduledStopPointRef ref="VTR:ScheduledStopPoint:73578"/>
                  <ForBoarding>false</ForBoarding>
                  <DestinationDisplayRef ref="VTR:DestinationDisplay:1"/>
                </StopPointInJourneyPattern>
                <StopPointInJourneyPattern id="VTR:StopPointInJourneyPattern:975054" version="46771" order="25">
                  <ScheduledStopPointRef ref="VTR:ScheduledStopPoint:73579"/>
                  <ForBoarding>false</ForBoarding>
                  <DestinationDisplayRef ref="VTR:DestinationDisplay:1"/>
                </StopPointInJourneyPattern>
              </pointsInSequence>
            </JourneyPattern>
          </journeyPatterns>
        </ServiceFrame>
        <TimetableFrame version="1" id="VTR:TimetableFrame:1109">
          <vehicleJourneys>
            <ServiceJourney version="46771" id="VTR:ServiceJourney:46787">
              <Name>Vilnius-Šiauliai</Name>
              <PrivateCode>2*</PrivateCode>
              <dayTypes>
                <DayTypeRef ref="VTR:DayType:90"/>
              </dayTypes>
              <JourneyPatternRef version="46771" ref="VTR:JourneyPattern:46787"/>
              <OperatorRef ref="VTR:Operator:448"/>
              <LineRef ref="VTR:Line:709" version="694"/>
              <passingTimes>
                <TimetabledPassingTime version="46771" id="VTR:TimetabledPassingTime:46787_975030_1">
                  <StopPointInJourneyPatternRef ref="VTR:StopPointInJourneyPattern:975030" version="46771"/>
                  <DepartureTime>18:20:00</DepartureTime>
                  <DepartureDayOffset>0</DepartureDayOffset>
                </TimetabledPassingTime>
                <TimetabledPassingTime version="46771" id="VTR:TimetabledPassingTime:46787_975031_2">
                  <StopPointInJourneyPatternRef ref="VTR:StopPointInJourneyPattern:975031" version="46771"/>
                  <DepartureTime>18:35:00</DepartureTime>
                  <DepartureDayOffset>0</DepartureDayOffset>
                </TimetabledPassingTime>
                <TimetabledPassingTime version="46771" id="VTR:TimetabledPassingTime:46787_975032_3">
                  <StopPointInJourneyPatternRef ref="VTR:StopPointInJourneyPattern:975032" version="46771"/>
                  <DepartureTime>18:55:00</DepartureTime>
                  <DepartureDayOffset>0</DepartureDayOffset>
                </TimetabledPassingTime>
                <TimetabledPassingTime version="46771" id="VTR:TimetabledPassingTime:46787_975033_4">
                  <StopPointInJourneyPatternRef ref="VTR:StopPointInJourneyPattern:975033" version="46771"/>
                  <DepartureTime>19:02:00</DepartureTime>
                  <DepartureDayOffset>0</DepartureDayOffset>
                </TimetabledPassingTime>
                <TimetabledPassingTime version="46771" id="VTR:TimetabledPassingTime:46787_975034_5">
                  <StopPointInJourneyPatternRef ref="VTR:StopPointInJourneyPattern:975034" version="46771"/>
                  <DepartureTime>19:13:00</DepartureTime>
                  <DepartureDayOffset>0</DepartureDayOffset>
                </TimetabledPassingTime>
                <TimetabledPassingTime version="46771" id="VTR:TimetabledPassingTime:46787_975035_6">
                  <StopPointInJourneyPatternRef ref="VTR:StopPointInJourneyPattern:975035" version="46771"/>
                  <DepartureTime>19:40:00</DepartureTime>
                  <DepartureDayOffset>0</DepartureDayOffset>
                </TimetabledPassingTime>
                <TimetabledPassingTime version="46771" id="VTR:TimetabledPassingTime:46787_975036_7">
                  <StopPointInJourneyPatternRef ref="VTR:StopPointInJourneyPattern:975036" version="46771"/>
                  <DepartureTime>19:47:00</DepartureTime>
                  <DepartureDayOffset>0</DepartureDayOffset>
                </TimetabledPassingTime>
                <TimetabledPassingTime version="46771" id="VTR:TimetabledPassingTime:46787_975037_8">
                  <StopPointInJourneyPatternRef ref="VTR:StopPointInJourneyPattern:975037" version="46771"/>
                  <DepartureTime>20:05:00</DepartureTime>
                  <DepartureDayOffset>0</DepartureDayOffset>
                </TimetabledPassingTime>
                <TimetabledPassingTime version="46771" id="VTR:TimetabledPassingTime:46787_975038_9">
                  <StopPointInJourneyPatternRef ref="VTR:StopPointInJourneyPattern:975038" version="46771"/>
                  <DepartureTime>20:20:00</DepartureTime>
                  <DepartureDayOffset>0</DepartureDayOffset>
                </TimetabledPassingTime>
                <TimetabledPassingTime version="46771" id="VTR:TimetabledPassingTime:46787_975039_10">
                  <StopPointInJourneyPatternRef ref="VTR:StopPointInJourneyPattern:975039" version="46771"/>
                  <DepartureTime>20:23:00</DepartureTime>
                  <DepartureDayOffset>0</DepartureDayOffset>
                </TimetabledPassingTime>
                <TimetabledPassingTime version="46771" id="VTR:TimetabledPassingTime:46787_975040_11">
                  <StopPointInJourneyPatternRef ref="VTR:StopPointInJourneyPattern:975040" version="46771"/>
                  <DepartureTime>20:38:00</DepartureTime>
                  <DepartureDayOffset>0</DepartureDayOffset>
                </TimetabledPassingTime>
                <TimetabledPassingTime version="46771" id="VTR:TimetabledPassingTime:46787_975041_12">
                  <StopPointInJourneyPatternRef ref="VTR:StopPointInJourneyPattern:975041" version="46771"/>
                  <DepartureTime>20:45:00</DepartureTime>
                  <DepartureDayOffset>0</DepartureDayOffset>
                </TimetabledPassingTime>
                <TimetabledPassingTime version="46771" id="VTR:TimetabledPassingTime:46787_975042_13">
                  <StopPointInJourneyPatternRef ref="VTR:StopPointInJourneyPattern:975042" version="46771"/>
                  <DepartureTime>21:05:00</DepartureTime>
                  <DepartureDayOffset>0</DepartureDayOffset>
                </TimetabledPassingTime>
                <TimetabledPassingTime version="46771" id="VTR:TimetabledPassingTime:46787_975043_14">
                  <StopPointInJourneyPatternRef ref="VTR:StopPointInJourneyPattern:975043" version="46771"/>
                  <DepartureTime>21:33:00</DepartureTime>
                  <DepartureDayOffset>0</DepartureDayOffset>
                </TimetabledPassingTime>
                <TimetabledPassingTime version="46771" id="VTR:TimetabledPassingTime:46787_975044_15">
                  <StopPointInJourneyPatternRef ref="VTR:StopPointInJourneyPattern:975044" version="46771"/>
                  <DepartureTime>21:45:00</DepartureTime>
                  <DepartureDayOffset>0</DepartureDayOffset>
                </TimetabledPassingTime>
                <TimetabledPassingTime version="46771" id="VTR:TimetabledPassingTime:46787_975045_16">
                  <StopPointInJourneyPatternRef ref="VTR:StopPointInJourneyPattern:975045" version="46771"/>
                  <DepartureTime>21:52:00</DepartureTime>
                  <DepartureDayOffset>0</DepartureDayOffset>
                </TimetabledPassingTime>
                <TimetabledPassingTime version="46771" id="VTR:TimetabledPassingTime:46787_975046_17">
                  <StopPointInJourneyPatternRef ref="VTR:StopPointInJourneyPattern:975046" version="46771"/>
                  <DepartureTime>22:01:00</DepartureTime>
                  <DepartureDayOffset>0</DepartureDayOffset>
                </TimetabledPassingTime>
                <TimetabledPassingTime version="46771" id="VTR:TimetabledPassingTime:46787_975047_18">
                  <StopPointInJourneyPatternRef ref="VTR:StopPointInJourneyPattern:975047" version="46771"/>
                  <DepartureTime>22:06:00</DepartureTime>
                  <DepartureDayOffset>0</DepartureDayOffset>
                </TimetabledPassingTime>
                <TimetabledPassingTime version="46771" id="VTR:TimetabledPassingTime:46787_975048_19">
                  <StopPointInJourneyPatternRef ref="VTR:StopPointInJourneyPattern:975048" version="46771"/>
                  <DepartureTime>22:11:00</DepartureTime>
                  <DepartureDayOffset>0</DepartureDayOffset>
                </TimetabledPassingTime>
                <TimetabledPassingTime version="46771" id="VTR:TimetabledPassingTime:46787_975049_20">
                  <StopPointInJourneyPatternRef ref="VTR:StopPointInJourneyPattern:975049" version="46771"/>
                  <DepartureTime>22:15:00</DepartureTime>
                  <DepartureDayOffset>0</DepartureDayOffset>
                </TimetabledPassingTime>
                <TimetabledPassingTime version="46771" id="VTR:TimetabledPassingTime:46787_975050_21">
                  <StopPointInJourneyPatternRef ref="VTR:StopPointInJourneyPattern:975050" version="46771"/>
                  <DepartureTime>22:21:00</DepartureTime>
                  <DepartureDayOffset>0</DepartureDayOffset>
                </TimetabledPassingTime>
                <TimetabledPassingTime version="46771" id="VTR:TimetabledPassingTime:46787_975051_22">
                  <StopPointInJourneyPatternRef ref="VTR:StopPointInJourneyPattern:975051" version="46771"/>
                  <DepartureTime>22:26:00</DepartureTime>
                  <DepartureDayOffset>0</DepartureDayOffset>
                </TimetabledPassingTime>
                <TimetabledPassingTime version="46771" id="VTR:TimetabledPassingTime:46787_975052_23">
                  <StopPointInJourneyPatternRef ref="VTR:StopPointInJourneyPattern:975052" version="46771"/>
                  <DepartureTime>22:50:00</DepartureTime>
                  <DepartureDayOffset>0</DepartureDayOffset>
                </TimetabledPassingTime>
                <TimetabledPassingTime version="46771" id="VTR:TimetabledPassingTime:46787_975053_24">
                  <StopPointInJourneyPatternRef ref="VTR:StopPointInJourneyPattern:975053" version="46771"/>
                  <DepartureTime>22:55:00</DepartureTime>
                  <DepartureDayOffset>0</DepartureDayOffset>
                </TimetabledPassingTime>
                <TimetabledPassingTime version="46771" id="VTR:TimetabledPassingTime:46787_975054_25">
                  <StopPointInJourneyPatternRef ref="VTR:StopPointInJourneyPattern:975054" version="46771"/>
                  <DepartureTime>23:05:00</DepartureTime>
                  <DepartureDayOffset>0</DepartureDayOffset>
                </TimetabledPassingTime>
              </passingTimes>
            </ServiceJourney>
          </vehicleJourneys>
        </TimetableFrame>
        <ResourceFrame version="1" id="VTR:ResourceFrame:1109">
          <organisations>
            <Authority version="1" id="VTR:Authority:2">
              <CompanyNumber>188647255</CompanyNumber>
              <Name>LTSA</Name>
              <LegalName>Lietuvos transporto saugos administracija</LegalName>
              <ContactDetails>
                <Email>ltsa@ltsa.lrv.lt</Email>
                <Phone>8 5  278 5602</Phone>
                <Url>www.ltsa.lrv.lt</Url>
              </ContactDetails>
              <OrganisationType>authority</OrganisationType>
            </Authority>
          </organisations>
        </ResourceFrame>
      </frames>
    </CompositeFrame>
  </dataObjects>
</PublicationDelivery>
