<?xml version="1.0" encoding="UTF-8"?><PublicationDelivery xmlns="http://www.netex.org.uk/netex" xmlns:gis="http://www.opengis.net/gml/3.2" xmlns:ns2="http://www.opengis.net/gml/3.2" xmlns:ns3="http://www.siri.org.uk/siri" xmlns:xsi="http://www.w3.org/2001/XMLSchema-instance" version="1" xsi:schemaLocation="">
  <PublicationTimestamp>2022-03-19T00:40:00.256</PublicationTimestamp>
  <ParticipantRef>VTR</ParticipantRef>
  <Description>1</Description>
  <dataObjects>
    <CompositeFrame created="2022-03-19T00:40:00.256" version="1" id="VTR:CompositeFrame:1109">
      <validityConditions>
        <AvailabilityCondition version="1" id="VTR:AvailabilityCondition:1109">
          <FromDate>2010-03-20T00:00:00</FromDate>
          <ToDate>2023-03-31T00:00:00</ToDate>
        </AvailabilityCondition>
      </validityConditions>
      <codespaces>
        <Codespace id="vtr">
          <Xmlns>VTR</Xmlns>
          <XmlnsUrl>http://www.visimarsrutai.lt/</XmlnsUrl>
        </Codespace>
      </codespaces>
      <FrameDefaults>
        <DefaultLocale>
          <TimeZone>Europe/Vilnius</TimeZone>
        </DefaultLocale>
        <DefaultLocationSystem>WGS84</DefaultLocationSystem>
      </FrameDefaults>
      <frames>
        <ServiceCalendarFrame version="1" id="VTR:ServiceCalendarFrame:1109">
          <dayTypes>
            <DayType id="VTR:DayType:90" version="1">
              <properties>
                <PropertyOfDay>
                  <DaysOfWeek>Weekdays</DaysOfWeek>
                </PropertyOfDay>
              </properties>
            </DayType>
          </dayTypes>
          <operatingPeriods>
            <OperatingPeriod version="1" id="VTR:OperatingPeriod:90">
              <FromDate>2015-06-02T00:00:00</FromDate>
              <ToDate>2099-12-31T00:00:00</ToDate>
            </OperatingPeriod>
          </operatingPeriods>
          <dayTypeAssignments>
            <DayTypeAssignment id="VTR:DayTypeAssignment:90_0" version="1" order="46">
              <OperatingPeriodRef ref="VTR:OperatingPeriod:90" version="1"/>
              <DayTypeRef ref="VTR:DayType:90" version="1"/>
            </DayTypeAssignment>
          </dayTypeAssignments>
        </ServiceCalendarFrame>
        <ServiceFrame id="VTR:ServiceFrame:1109" version="1">
          <Network version="0" id="VTR:Network:2"/>
          <routePoints>
            <RoutePoint version="1" id="VTR:RoutePoint:62477">
              <projections>
                <PointProjection version="1" id="VTR:PointProjection:12268">
                  <ProjectedPointRef ref="VTR:ScheduledStopPoint:62477" version="1"/>
                </PointProjection>
              </projections>
            </RoutePoint>
            <RoutePoint version="1" id="VTR:RoutePoint:62478">
              <projections>
                <PointProjection version="1" id="VTR:PointProjection:12269">
                  <ProjectedPointRef ref="VTR:ScheduledStopPoint:62478" version="1"/>
                </PointProjection>
              </projections>
            </RoutePoint>
            <RoutePoint version="1" id="VTR:RoutePoint:62480">
              <projections>
                <PointProjection version="1" id="VTR:PointProjection:12408">
                  <ProjectedPointRef ref="VTR:ScheduledStopPoint:62480" version="1"/>
                </PointProjection>
              </projections>
            </RoutePoint>
            <RoutePoint version="1" id="VTR:RoutePoint:62481">
              <projections>
                <PointProjection version="1" id="VTR:PointProjection:12409">
                  <ProjectedPointRef ref="VTR:ScheduledStopPoint:62481" version="1"/>
                </PointProjection>
              </projections>
            </RoutePoint>
            <RoutePoint version="1" id="VTR:RoutePoint:62482">
              <projections>
                <PointProjection version="1" id="VTR:PointProjection:12410">
                  <ProjectedPointRef ref="VTR:ScheduledStopPoint:62482" version="1"/>
                </PointProjection>
              </projections>
            </RoutePoint>
            <RoutePoint version="1" id="VTR:RoutePoint:62486">
              <projections>
                <PointProjection version="1" id="VTR:PointProjection:12412">
                  <ProjectedPointRef ref="VTR:ScheduledStopPoint:62486" version="1"/>
                </PointProjection>
              </projections>
            </RoutePoint>
          </routePoints>
          <routes>
            <Route version="1" id="VTR:Route:3705">
              <Name>Vilnius-Palanga</Name>
              <ShortName>Vilnius-Palanga</ShortName>
              <LineRef ref="VTR:Line:645" version="630"/>
              <DirectionType>inbound</DirectionType>
              <pointsInSequence>
                <PointOnRoute version="1" id="VTR:PointOnRoute:62477" order="1">
                  <RoutePointRef ref="VTR:RoutePoint:62477"/>
                </PointOnRoute>
                <PointOnRoute version="1" id="VTR:PointOnRoute:62478" order="2">
                  <RoutePointRef ref="VTR:RoutePoint:62478"/>
                </PointOnRoute>
                <PointOnRoute version="1" id="VTR:PointOnRoute:62480" order="3">
                  <RoutePointRef ref="VTR:RoutePoint:62480"/>
                </PointOnRoute>
                <PointOnRoute version="1" id="VTR:PointOnRoute:62481" order="4">
                  <RoutePointRef ref="VTR:RoutePoint:62481"/>
                </PointOnRoute>
                <PointOnRoute version="1" id="VTR:PointOnRoute:62482" order="5">
                  <RoutePointRef ref="VTR:RoutePoint:62482"/>
                </PointOnRoute>
                <PointOnRoute version="1" id="VTR:PointOnRoute:62486" order="6">
                  <RoutePointRef ref="VTR:RoutePoint:62486"/>
                </PointOnRoute>
              </pointsInSequence>
            </Route>
          </routes>
          <lines>
            <Line version="630" id="VTR:Line:645">
              <Name>Palanga-Vilnius</Name>
              <TransportMode>bus</TransportMode>
              <TransportSubmode>
                <CoachSubmode>nationalCoach</CoachSubmode>
              </TransportSubmode>
              <PublicCode>M-519</PublicCode>
              <OperatorRef ref="VTR:Operator:2"/>
            </Line>
          </lines>
          <scheduledStopPoints>
            <ScheduledStopPoint version="1" id="VTR:ScheduledStopPoint:62477">
              <Name>Vilniaus autobusų stotis</Name>
            </ScheduledStopPoint>
            <ScheduledStopPoint version="1" id="VTR:ScheduledStopPoint:62478">
              <Name>Gariūnai</Name>
            </ScheduledStopPoint>
            <ScheduledStopPoint version="1" id="VTR:ScheduledStopPoint:62480">
              <Name>Kryžkalnio autobusų stotis</Name>
            </ScheduledStopPoint>
            <ScheduledStopPoint version="1" id="VTR:ScheduledStopPoint:62481">
              <Name>Mokyklos</Name>
            </ScheduledStopPoint>
            <ScheduledStopPoint version="1" id="VTR:ScheduledStopPoint:62482">
              <Name>Klaipėdos autobusų stotis</Name>
            </ScheduledStopPoint>
            <ScheduledStopPoint version="1" id="VTR:ScheduledStopPoint:62486">
              <Name>Palangos autobusų stotis</Name>
            </ScheduledStopPoint>
          </scheduledStopPoints>
          <serviceLinks>
            <ServiceLink id="VTR:ServiceLink:62480_1_62481_1" version="1">
              <Distance>104</Distance>
              <FromPointRef ref="VTR:ScheduledStopPoint:62480" version="1"/>
              <ToPointRef ref="VTR:ScheduledStopPoint:62481" version="1"/>
            </ServiceLink>
            <ServiceLink id="VTR:ServiceLink:62481_1_62482_1" version="1">
              <Distance>2</Distance>
              <FromPointRef ref="VTR:ScheduledStopPoint:62481" version="1"/>
              <ToPointRef ref="VTR:ScheduledStopPoint:62482" version="1"/>
            </ServiceLink>
            <ServiceLink id="VTR:ServiceLink:62477_1_62478_1" version="1">
              <Distance>8</Distance>
              <FromPointRef ref="VTR:ScheduledStopPoint:62477" version="1"/>
              <ToPointRef ref="VTR:ScheduledStopPoint:62478" version="1"/>
            </ServiceLink>
          </serviceLinks>
          <stopAssignments>
            <PassengerStopAssignment order="370500000" id="VTR:PassengerStopAssignment:62477" version="1">
              <ScheduledStopPointRef ref="VTR:ScheduledStopPoint:62477" version="1"/>
              <QuayRef ref="VTR:Quay:19485"/>
            </PassengerStopAssignment>
            <PassengerStopAssignment order="370500001" id="VTR:PassengerStopAssignment:62478" version="1">
              <ScheduledStopPointRef ref="VTR:ScheduledStopPoint:62478" version="1"/>
              <QuayRef ref="VTR:Quay:20084"/>
            </PassengerStopAssignment>
            <PassengerStopAssignment order="370500003" id="VTR:PassengerStopAssignment:62480" version="1">
              <ScheduledStopPointRef ref="VTR:ScheduledStopPoint:62480" version="1"/>
              <QuayRef ref="VTR:Quay:19493"/>
            </PassengerStopAssignment>
            <PassengerStopAssignment order="370500004" id="VTR:PassengerStopAssignment:62481" version="1">
              <ScheduledStopPointRef ref="VTR:ScheduledStopPoint:62481" version="1"/>
              <QuayRef ref="VTR:Quay:20121"/>
            </PassengerStopAssignment>
            <PassengerStopAssignment order="370500005" id="VTR:PassengerStopAssignment:62482" version="1">
              <ScheduledStopPointRef ref="VTR:ScheduledStopPoint:62482" version="1"/>
              <QuayRef ref="VTR:Quay:19471"/>
            </PassengerStopAssignment>
            <PassengerStopAssignment order="370500008" id="VTR:PassengerStopAssignment:62486" version="1">
              <ScheduledStopPointRef ref="VTR:ScheduledStopPoint:62486" version="1"/>
              <QuayRef ref="VTR:Quay:19446"/>
            </PassengerStopAssignment>
          </stopAssignments>
          <journeyPatterns>
            <JourneyPattern id="VTR:JourneyPattern:45915" version="45894">
              <Name>2*</Name>
              <RouteRef ref="VTR:Route:3705" version="1"/>
              <pointsInSequence>
                <StopPointInJourneyPattern id="VTR:StopPointInJourneyPattern:960505" version="45894" order="1">
                  <ScheduledStopPointRef ref="VTR:ScheduledStopPoint:62477"/>
                  <ForAlighting>false</ForAlighting>
                  <DestinationDisplayRef ref="VTR:DestinationDisplay:1"/>
                </StopPointInJourneyPattern>
                <StopPointInJourneyPattern id="VTR:StopPointInJourneyPattern:960506" version="45894" order="2">
                  <ScheduledStopPointRef ref="VTR:ScheduledStopPoint:62478"/>
                  <ForAlighting>false</ForAlighting>
                  <DestinationDisplayRef ref="VTR:DestinationDisplay:1"/>
                </StopPointInJourneyPattern>
                <StopPointInJourneyPattern id="VTR:StopPointInJourneyPattern:960507" version="45894" order="3">
                  <ScheduledStopPointRef ref="VTR:ScheduledStopPoint:62480"/>
                  <DestinationDisplayRef ref="VTR:DestinationDisplay:1"/>
                </StopPointInJourneyPattern>
                <StopPointInJourneyPattern id="VTR:StopPointInJourneyPattern:960508" version="45894" order="4">
                  <ScheduledStopPointRef ref="VTR:ScheduledStopPoint:62481"/>
                  <ForBoarding>false</ForBoarding>
                  <DestinationDisplayRef ref="VTR:DestinationDisplay:1"/>
                </StopPointInJourneyPattern>
                <StopPointInJourneyPattern id="VTR:StopPointInJourneyPattern:960509" version="45894" order="5">
                  <ScheduledStopPointRef ref="VTR:ScheduledStopPoint:62482"/>
                  <DestinationDisplayRef ref="VTR:DestinationDisplay:1"/>
                </StopPointInJourneyPattern>
                <StopPointInJourneyPattern id="VTR:StopPointInJourneyPattern:960510" version="45894" order="6">
                  <ScheduledStopPointRef ref="VTR:ScheduledStopPoint:62486"/>
                  <ForBoarding>false</ForBoarding>
                  <DestinationDisplayRef ref="VTR:DestinationDisplay:1"/>
                </StopPointInJourneyPattern>
              </pointsInSequence>
            </JourneyPattern>
          </journeyPatterns>
        </ServiceFrame>
        <TimetableFrame version="1" id="VTR:TimetableFrame:1109">
          <vehicleJourneys>
            <ServiceJourney version="45894" id="VTR:ServiceJourney:45915">
              <Name>Vilnius-Palanga</Name>
              <PrivateCode>2*</PrivateCode>
              <dayTypes>
                <DayTypeRef ref="VTR:DayType:90"/>
              </dayTypes>
              <JourneyPatternRef version="45894" ref="VTR:JourneyPattern:45915"/>
              <OperatorRef ref="VTR:Operator:550"/>
              <LineRef ref="VTR:Line:645" version="630"/>
              <passingTimes>
                <TimetabledPassingTime version="45894" id="VTR:TimetabledPassingTime:45915_960505_1">
                  <StopPointInJourneyPatternRef ref="VTR:StopPointInJourneyPattern:960505" version="45894"/>
                  <DepartureTime>16:45:00</DepartureTime>
                  <DepartureDayOffset>0</DepartureDayOffset>
                </TimetabledPassingTime>
                <TimetabledPassingTime version="45894" id="VTR:TimetabledPassingTime:45915_960506_2">
                  <StopPointInJourneyPatternRef ref="VTR:StopPointInJourneyPattern:960506" version="45894"/>
                  <DepartureTime>17:00:00</DepartureTime>
                  <DepartureDayOffset>0</DepartureDayOffset>
                </TimetabledPassingTime>
                <TimetabledPassingTime version="45894" id="VTR:TimetabledPassingTime:45915_960507_3">
                  <StopPointInJourneyPatternRef ref="VTR:StopPointInJourneyPattern:960507" version="45894"/>
                  <DepartureTime>19:10:00</DepartureTime>
                  <DepartureDayOffset>0</DepartureDayOffset>
                </TimetabledPassingTime>
                <TimetabledPassingTime version="45894" id="VTR:TimetabledPassingTime:45915_960508_4">
                  <StopPointInJourneyPatternRef ref="VTR:StopPointInJourneyPattern:960508" version="45894"/>
                  <DepartureTime>20:25:00</DepartureTime>
                  <DepartureDayOffset>0</DepartureDayOffset>
                </TimetabledPassingTime>
                <TimetabledPassingTime version="45894" id="VTR:TimetabledPassingTime:45915_960509_5">
                  <StopPointInJourneyPatternRef ref="VTR:StopPointInJourneyPattern:960509" version="45894"/>
                  <DepartureTime>20:35:00</DepartureTime>
                  <DepartureDayOffset>0</DepartureDayOffset>
                </TimetabledPassingTime>
                <TimetabledPassingTime version="45894" id="VTR:TimetabledPassingTime:45915_960510_6">
                  <StopPointInJourneyPatternRef ref="VTR:StopPointInJourneyPattern:960510" version="45894"/>
                  <DepartureTime>21:10:00</DepartureTime>
                  <DepartureDayOffset>0</DepartureDayOffset>
                </TimetabledPassingTime>
              </passingTimes>
            </ServiceJourney>
          </vehicleJourneys>
        </TimetableFrame>
        <ResourceFrame version="1" id="VTR:ResourceFrame:1109">
          <organisations>
            <Authority version="1" id="VTR:Authority:2">
              <CompanyNumber>188647255</CompanyNumber>
              <Name>LTSA</Name>
              <LegalName>Lietuvos transporto saugos administracija</LegalName>
              <ContactDetails>
                <Email>ltsa@ltsa.lrv.lt</Email>
                <Phone>8 5  278 5602</Phone>
                <Url>www.ltsa.lrv.lt</Url>
              </ContactDetails>
              <OrganisationType>authority</OrganisationType>
            </Authority>
          </organisations>
        </ResourceFrame>
      </frames>
    </CompositeFrame>
  </dataObjects>
</PublicationDelivery>
