<?xml version="1.0" encoding="UTF-8"?><PublicationDelivery xmlns="http://www.netex.org.uk/netex" xmlns:gis="http://www.opengis.net/gml/3.2" xmlns:ns2="http://www.opengis.net/gml/3.2" xmlns:ns3="http://www.siri.org.uk/siri" xmlns:xsi="http://www.w3.org/2001/XMLSchema-instance" version="1" xsi:schemaLocation="">
  <PublicationTimestamp>2022-03-19T00:40:00.256</PublicationTimestamp>
  <ParticipantRef>VTR</ParticipantRef>
  <Description>1</Description>
  <dataObjects>
    <CompositeFrame created="2022-03-19T00:40:00.256" version="1" id="VTR:CompositeFrame:1109">
      <validityConditions>
        <AvailabilityCondition version="1" id="VTR:AvailabilityCondition:1109">
          <FromDate>2010-03-02T00:00:00</FromDate>
          <ToDate>2023-03-31T00:00:00</ToDate>
        </AvailabilityCondition>
      </validityConditions>
      <codespaces>
        <Codespace id="vtr">
          <Xmlns>VTR</Xmlns>
          <XmlnsUrl>http://www.visimarsrutai.lt/</XmlnsUrl>
        </Codespace>
      </codespaces>
      <FrameDefaults>
        <DefaultLocale>
          <TimeZone>Europe/Vilnius</TimeZone>
        </DefaultLocale>
        <DefaultLocationSystem>WGS84</DefaultLocationSystem>
      </FrameDefaults>
      <frames>
        <ServiceCalendarFrame version="1" id="VTR:ServiceCalendarFrame:1109">
          <dayTypes>
            <DayType id="VTR:DayType:96" version="1">
              <properties>
                <PropertyOfDay>
                  <DaysOfWeek>Sunday</DaysOfWeek>
                </PropertyOfDay>
              </properties>
            </DayType>
          </dayTypes>
          <operatingPeriods>
            <OperatingPeriod version="1" id="VTR:OperatingPeriod:96">
              <FromDate>2015-06-02T00:00:00</FromDate>
              <ToDate>2099-12-31T00:00:00</ToDate>
            </OperatingPeriod>
          </operatingPeriods>
          <dayTypeAssignments>
            <DayTypeAssignment id="VTR:DayTypeAssignment:96_0" version="1" order="248">
              <OperatingPeriodRef ref="VTR:OperatingPeriod:96" version="1"/>
              <DayTypeRef ref="VTR:DayType:96" version="1"/>
            </DayTypeAssignment>
          </dayTypeAssignments>
        </ServiceCalendarFrame>
        <ServiceFrame id="VTR:ServiceFrame:1109" version="1">
          <Network version="0" id="VTR:Network:2"/>
          <routePoints>
            <RoutePoint version="1" id="VTR:RoutePoint:27635">
              <projections>
                <PointProjection version="1" id="VTR:PointProjection:1179">
                  <ProjectedPointRef ref="VTR:ScheduledStopPoint:27635" version="1"/>
                </PointProjection>
              </projections>
            </RoutePoint>
            <RoutePoint version="1" id="VTR:RoutePoint:27642">
              <projections>
                <PointProjection version="1" id="VTR:PointProjection:1180">
                  <ProjectedPointRef ref="VTR:ScheduledStopPoint:27642" version="1"/>
                </PointProjection>
              </projections>
            </RoutePoint>
            <RoutePoint version="1" id="VTR:RoutePoint:27643">
              <projections>
                <PointProjection version="1" id="VTR:PointProjection:1181">
                  <ProjectedPointRef ref="VTR:ScheduledStopPoint:27643" version="1"/>
                </PointProjection>
              </projections>
            </RoutePoint>
            <RoutePoint version="1" id="VTR:RoutePoint:27644">
              <projections>
                <PointProjection version="1" id="VTR:PointProjection:1182">
                  <ProjectedPointRef ref="VTR:ScheduledStopPoint:27644" version="1"/>
                </PointProjection>
              </projections>
            </RoutePoint>
            <RoutePoint version="1" id="VTR:RoutePoint:27648">
              <projections>
                <PointProjection version="1" id="VTR:PointProjection:1184">
                  <ProjectedPointRef ref="VTR:ScheduledStopPoint:27648" version="1"/>
                </PointProjection>
              </projections>
            </RoutePoint>
            <RoutePoint version="1" id="VTR:RoutePoint:54941">
              <projections>
                <PointProjection version="1" id="VTR:PointProjection:11566">
                  <ProjectedPointRef ref="VTR:ScheduledStopPoint:54941" version="1"/>
                </PointProjection>
              </projections>
            </RoutePoint>
            <RoutePoint version="1" id="VTR:RoutePoint:54942">
              <projections>
                <PointProjection version="1" id="VTR:PointProjection:11567">
                  <ProjectedPointRef ref="VTR:ScheduledStopPoint:54942" version="1"/>
                </PointProjection>
              </projections>
            </RoutePoint>
          </routePoints>
          <routes>
            <Route version="1" id="VTR:Route:2080">
              <Name>Alytus - Vilnius</Name>
              <ShortName>Alytus - Vilnius</ShortName>
              <LineRef ref="VTR:Line:486" version="471"/>
              <DirectionType>outbound</DirectionType>
              <pointsInSequence>
                <PointOnRoute version="1" id="VTR:PointOnRoute:27635" order="1">
                  <RoutePointRef ref="VTR:RoutePoint:27635"/>
                </PointOnRoute>
                <PointOnRoute version="1" id="VTR:PointOnRoute:54941" order="2">
                  <RoutePointRef ref="VTR:RoutePoint:54941"/>
                </PointOnRoute>
                <PointOnRoute version="1" id="VTR:PointOnRoute:27642" order="3">
                  <RoutePointRef ref="VTR:RoutePoint:27642"/>
                </PointOnRoute>
                <PointOnRoute version="1" id="VTR:PointOnRoute:27643" order="4">
                  <RoutePointRef ref="VTR:RoutePoint:27643"/>
                </PointOnRoute>
                <PointOnRoute version="1" id="VTR:PointOnRoute:27644" order="5">
                  <RoutePointRef ref="VTR:RoutePoint:27644"/>
                </PointOnRoute>
                <PointOnRoute version="1" id="VTR:PointOnRoute:54942" order="6">
                  <RoutePointRef ref="VTR:RoutePoint:54942"/>
                </PointOnRoute>
                <PointOnRoute version="1" id="VTR:PointOnRoute:27648" order="7">
                  <RoutePointRef ref="VTR:RoutePoint:27648"/>
                </PointOnRoute>
              </pointsInSequence>
            </Route>
          </routes>
          <lines>
            <Line version="471" id="VTR:Line:486">
              <Name>Alytus-Vilnius</Name>
              <TransportMode>bus</TransportMode>
              <TransportSubmode>
                <CoachSubmode>nationalCoach</CoachSubmode>
              </TransportSubmode>
              <PublicCode>M-123</PublicCode>
              <OperatorRef ref="VTR:Operator:2"/>
            </Line>
          </lines>
          <scheduledStopPoints>
            <ScheduledStopPoint version="1" id="VTR:ScheduledStopPoint:27635">
              <Name>Alytaus autobusų stotis</Name>
            </ScheduledStopPoint>
            <ScheduledStopPoint version="1" id="VTR:ScheduledStopPoint:27642">
              <Name>Norgeliškės</Name>
            </ScheduledStopPoint>
            <ScheduledStopPoint version="1" id="VTR:ScheduledStopPoint:27643">
              <Name>Punia</Name>
            </ScheduledStopPoint>
            <ScheduledStopPoint version="1" id="VTR:ScheduledStopPoint:27644">
              <Name>Vežionys</Name>
            </ScheduledStopPoint>
            <ScheduledStopPoint version="1" id="VTR:ScheduledStopPoint:27648">
              <Name>Vilniaus autobusų stotis</Name>
            </ScheduledStopPoint>
            <ScheduledStopPoint version="1" id="VTR:ScheduledStopPoint:54941">
              <Name>Pirmojo Alytaus aikštė</Name>
            </ScheduledStopPoint>
            <ScheduledStopPoint version="1" id="VTR:ScheduledStopPoint:54942">
              <Name>Vaduvos</Name>
            </ScheduledStopPoint>
          </scheduledStopPoints>
          <serviceLinks>
            <ServiceLink id="VTR:ServiceLink:27644_1_54942_1" version="1">
              <Distance>73</Distance>
              <FromPointRef ref="VTR:ScheduledStopPoint:27644" version="1"/>
              <ToPointRef ref="VTR:ScheduledStopPoint:54942" version="1"/>
            </ServiceLink>
            <ServiceLink id="VTR:ServiceLink:27643_1_27644_1" version="1">
              <Distance>5</Distance>
              <FromPointRef ref="VTR:ScheduledStopPoint:27643" version="1"/>
              <ToPointRef ref="VTR:ScheduledStopPoint:27644" version="1"/>
            </ServiceLink>
            <ServiceLink id="VTR:ServiceLink:27642_1_27643_1" version="1">
              <Distance>7</Distance>
              <FromPointRef ref="VTR:ScheduledStopPoint:27642" version="1"/>
              <ToPointRef ref="VTR:ScheduledStopPoint:27643" version="1"/>
            </ServiceLink>
          </serviceLinks>
          <stopAssignments>
            <PassengerStopAssignment order="208000000" id="VTR:PassengerStopAssignment:27635" version="1">
              <ScheduledStopPointRef ref="VTR:ScheduledStopPoint:27635" version="1"/>
              <QuayRef ref="VTR:Quay:19450"/>
            </PassengerStopAssignment>
            <PassengerStopAssignment order="208000005" id="VTR:PassengerStopAssignment:54941" version="1">
              <ScheduledStopPointRef ref="VTR:ScheduledStopPoint:54941" version="1"/>
              <QuayRef ref="VTR:Quay:20149"/>
            </PassengerStopAssignment>
            <PassengerStopAssignment order="208000008" id="VTR:PassengerStopAssignment:27642" version="1">
              <ScheduledStopPointRef ref="VTR:ScheduledStopPoint:27642" version="1"/>
              <QuayRef ref="VTR:Quay:7942"/>
            </PassengerStopAssignment>
            <PassengerStopAssignment order="208000009" id="VTR:PassengerStopAssignment:27643" version="1">
              <ScheduledStopPointRef ref="VTR:ScheduledStopPoint:27643" version="1"/>
              <QuayRef ref="VTR:Quay:5943"/>
            </PassengerStopAssignment>
            <PassengerStopAssignment order="208000010" id="VTR:PassengerStopAssignment:27644" version="1">
              <ScheduledStopPointRef ref="VTR:ScheduledStopPoint:27644" version="1"/>
              <QuayRef ref="VTR:Quay:7811"/>
            </PassengerStopAssignment>
            <PassengerStopAssignment order="208000011" id="VTR:PassengerStopAssignment:54942" version="1">
              <ScheduledStopPointRef ref="VTR:ScheduledStopPoint:54942" version="1"/>
              <QuayRef ref="VTR:Quay:20081"/>
            </PassengerStopAssignment>
            <PassengerStopAssignment order="208000014" id="VTR:PassengerStopAssignment:27648" version="1">
              <ScheduledStopPointRef ref="VTR:ScheduledStopPoint:27648" version="1"/>
              <QuayRef ref="VTR:Quay:19485"/>
            </PassengerStopAssignment>
          </stopAssignments>
          <journeyPatterns>
            <JourneyPattern id="VTR:JourneyPattern:42022" version="41999">
              <Name>1*</Name>
              <RouteRef ref="VTR:Route:2080" version="1"/>
              <pointsInSequence>
                <StopPointInJourneyPattern id="VTR:StopPointInJourneyPattern:890694" version="41999" order="1">
                  <ScheduledStopPointRef ref="VTR:ScheduledStopPoint:27635"/>
                  <ForAlighting>false</ForAlighting>
                  <DestinationDisplayRef ref="VTR:DestinationDisplay:1"/>
                </StopPointInJourneyPattern>
                <StopPointInJourneyPattern id="VTR:StopPointInJourneyPattern:944535" version="41999" order="2">
                  <ScheduledStopPointRef ref="VTR:ScheduledStopPoint:54941"/>
                  <ForAlighting>false</ForAlighting>
                  <DestinationDisplayRef ref="VTR:DestinationDisplay:1"/>
                </StopPointInJourneyPattern>
                <StopPointInJourneyPattern id="VTR:StopPointInJourneyPattern:944510" version="41999" order="3">
                  <ScheduledStopPointRef ref="VTR:ScheduledStopPoint:27642"/>
                  <DestinationDisplayRef ref="VTR:DestinationDisplay:1"/>
                </StopPointInJourneyPattern>
                <StopPointInJourneyPattern id="VTR:StopPointInJourneyPattern:944511" version="41999" order="4">
                  <ScheduledStopPointRef ref="VTR:ScheduledStopPoint:27643"/>
                  <DestinationDisplayRef ref="VTR:DestinationDisplay:1"/>
                </StopPointInJourneyPattern>
                <StopPointInJourneyPattern id="VTR:StopPointInJourneyPattern:944512" version="41999" order="5">
                  <ScheduledStopPointRef ref="VTR:ScheduledStopPoint:27644"/>
                  <DestinationDisplayRef ref="VTR:DestinationDisplay:1"/>
                </StopPointInJourneyPattern>
                <StopPointInJourneyPattern id="VTR:StopPointInJourneyPattern:944536" version="41999" order="6">
                  <ScheduledStopPointRef ref="VTR:ScheduledStopPoint:54942"/>
                  <ForBoarding>false</ForBoarding>
                  <DestinationDisplayRef ref="VTR:DestinationDisplay:1"/>
                </StopPointInJourneyPattern>
                <StopPointInJourneyPattern id="VTR:StopPointInJourneyPattern:944513" version="41999" order="7">
                  <ScheduledStopPointRef ref="VTR:ScheduledStopPoint:27648"/>
                  <ForBoarding>false</ForBoarding>
                  <DestinationDisplayRef ref="VTR:DestinationDisplay:1"/>
                </StopPointInJourneyPattern>
              </pointsInSequence>
            </JourneyPattern>
          </journeyPatterns>
        </ServiceFrame>
        <TimetableFrame version="1" id="VTR:TimetableFrame:1109">
          <vehicleJourneys>
            <ServiceJourney version="41999" id="VTR:ServiceJourney:42022">
              <Name>Alytus - Vilnius</Name>
              <PrivateCode>1*</PrivateCode>
              <dayTypes>
                <DayTypeRef ref="VTR:DayType:96"/>
              </dayTypes>
              <JourneyPatternRef version="41999" ref="VTR:JourneyPattern:42022"/>
              <OperatorRef ref="VTR:Operator:474"/>
              <LineRef ref="VTR:Line:486" version="471"/>
              <passingTimes>
                <TimetabledPassingTime version="41999" id="VTR:TimetabledPassingTime:42022_890694_1">
                  <StopPointInJourneyPatternRef ref="VTR:StopPointInJourneyPattern:890694" version="41999"/>
                  <DepartureTime>16:00:00</DepartureTime>
                  <DepartureDayOffset>0</DepartureDayOffset>
                </TimetabledPassingTime>
                <TimetabledPassingTime version="41999" id="VTR:TimetabledPassingTime:42022_944535_2">
                  <StopPointInJourneyPatternRef ref="VTR:StopPointInJourneyPattern:944535" version="41999"/>
                  <DepartureTime>16:07:00</DepartureTime>
                  <DepartureDayOffset>0</DepartureDayOffset>
                </TimetabledPassingTime>
                <TimetabledPassingTime version="41999" id="VTR:TimetabledPassingTime:42022_944510_3">
                  <StopPointInJourneyPatternRef ref="VTR:StopPointInJourneyPattern:944510" version="41999"/>
                  <DepartureTime>16:10:00</DepartureTime>
                  <DepartureDayOffset>0</DepartureDayOffset>
                </TimetabledPassingTime>
                <TimetabledPassingTime version="41999" id="VTR:TimetabledPassingTime:42022_944511_4">
                  <StopPointInJourneyPatternRef ref="VTR:StopPointInJourneyPattern:944511" version="41999"/>
                  <DepartureTime>16:17:00</DepartureTime>
                  <DepartureDayOffset>0</DepartureDayOffset>
                </TimetabledPassingTime>
                <TimetabledPassingTime version="41999" id="VTR:TimetabledPassingTime:42022_944512_5">
                  <StopPointInJourneyPatternRef ref="VTR:StopPointInJourneyPattern:944512" version="41999"/>
                  <DepartureTime>16:23:00</DepartureTime>
                  <DepartureDayOffset>0</DepartureDayOffset>
                </TimetabledPassingTime>
                <TimetabledPassingTime version="41999" id="VTR:TimetabledPassingTime:42022_944536_6">
                  <StopPointInJourneyPatternRef ref="VTR:StopPointInJourneyPattern:944536" version="41999"/>
                  <DepartureTime>17:30:00</DepartureTime>
                  <DepartureDayOffset>0</DepartureDayOffset>
                </TimetabledPassingTime>
                <TimetabledPassingTime version="41999" id="VTR:TimetabledPassingTime:42022_944513_7">
                  <StopPointInJourneyPatternRef ref="VTR:StopPointInJourneyPattern:944513" version="41999"/>
                  <DepartureTime>17:40:00</DepartureTime>
                  <DepartureDayOffset>0</DepartureDayOffset>
                </TimetabledPassingTime>
              </passingTimes>
            </ServiceJourney>
          </vehicleJourneys>
        </TimetableFrame>
        <ResourceFrame version="1" id="VTR:ResourceFrame:1109">
          <organisations>
            <Authority version="1" id="VTR:Authority:2">
              <CompanyNumber>188647255</CompanyNumber>
              <Name>LTSA</Name>
              <LegalName>Lietuvos transporto saugos administracija</LegalName>
              <ContactDetails>
                <Email>ltsa@ltsa.lrv.lt</Email>
                <Phone>8 5  278 5602</Phone>
                <Url>www.ltsa.lrv.lt</Url>
              </ContactDetails>
              <OrganisationType>authority</OrganisationType>
            </Authority>
          </organisations>
        </ResourceFrame>
        <FareFrame id="VTR:FareFrame:486" version="1">
          <FrameDefaults>
            <DefaultCurrency>EUR</DefaultCurrency>
          </FrameDefaults>
          <fareStructureElements>
            <FareStructureElement id="VTR:FareStructureElement:pricematrix" version="1">
              <distanceMatrixElements>
                <DistanceMatrixElementRef ref="VTR:DistanceMatrixElement:890694to944511" version="1"/>
                <DistanceMatrixElementRef ref="VTR:DistanceMatrixElement:944512to944513" version="1"/>
                <DistanceMatrixElementRef ref="VTR:DistanceMatrixElement:944535to944513" version="1"/>
                <DistanceMatrixElementRef ref="VTR:DistanceMatrixElement:944511to944512" version="1"/>
                <DistanceMatrixElementRef ref="VTR:DistanceMatrixElement:890694to944510" version="1"/>
                <DistanceMatrixElementRef ref="VTR:DistanceMatrixElement:890694to944512" version="1"/>
                <DistanceMatrixElementRef ref="VTR:DistanceMatrixElement:944535to944510" version="1"/>
                <DistanceMatrixElementRef ref="VTR:DistanceMatrixElement:944535to944511" version="1"/>
                <DistanceMatrixElementRef ref="VTR:DistanceMatrixElement:944535to944536" version="1"/>
                <DistanceMatrixElementRef ref="VTR:DistanceMatrixElement:890694to944536" version="1"/>
                <DistanceMatrixElementRef ref="VTR:DistanceMatrixElement:944535to944512" version="1"/>
                <DistanceMatrixElementRef ref="VTR:DistanceMatrixElement:944510to944513" version="1"/>
                <DistanceMatrixElementRef ref="VTR:DistanceMatrixElement:944510to944536" version="1"/>
                <DistanceMatrixElementRef ref="VTR:DistanceMatrixElement:944511to944513" version="1"/>
                <DistanceMatrixElementRef ref="VTR:DistanceMatrixElement:944510to944511" version="1"/>
                <DistanceMatrixElementRef ref="VTR:DistanceMatrixElement:944510to944512" version="1"/>
                <DistanceMatrixElementRef ref="VTR:DistanceMatrixElement:944512to944536" version="1"/>
                <DistanceMatrixElementRef ref="VTR:DistanceMatrixElement:944511to944536" version="1"/>
                <DistanceMatrixElementRef ref="VTR:DistanceMatrixElement:890694to944513" version="1"/>
              </distanceMatrixElements>
            </FareStructureElement>
          </fareStructureElements>
          <tariffs>
            <Tariff id="VTR:Tariff:pointToPointInSeparateJourney_486" version="1">
              <Name>Point to point tariff</Name>
              <distanceMatrixElements>
                <DistanceMatrixElement id="VTR:DistanceMatrixElement:890694to944511" version="1">
                  <Name>Alytaus autobusų stotis to Punia</Name>
                  <StartStopPointRef ref="VTR:ScheduledStopPoint:27635" version="1"/>
                  <EndStopPointRef ref="VTR:ScheduledStopPoint:27643" version="1"/>
                  <prices>
                    <DistanceMatrixElementPrice id="VTR:DistanceMatrixElementPrice:890694to944511" version="1">
                      <Amount>1.5</Amount>
                      <DistanceMatrixElementRef ref="VTR:DistanceMatrixElement:890694to944511" version="1"/>
                    </DistanceMatrixElementPrice>
                  </prices>
                </DistanceMatrixElement>
                <DistanceMatrixElement id="VTR:DistanceMatrixElement:944512to944513" version="1">
                  <Name>Vežionys to Vilniaus autobusų stotis</Name>
                  <StartStopPointRef ref="VTR:ScheduledStopPoint:27644" version="1"/>
                  <EndStopPointRef ref="VTR:ScheduledStopPoint:27648" version="1"/>
                  <prices>
                    <DistanceMatrixElementPrice id="VTR:DistanceMatrixElementPrice:944512to944513" version="1">
                      <Amount>5.5</Amount>
                      <DistanceMatrixElementRef ref="VTR:DistanceMatrixElement:944512to944513" version="1"/>
                    </DistanceMatrixElementPrice>
                  </prices>
                </DistanceMatrixElement>
                <DistanceMatrixElement id="VTR:DistanceMatrixElement:944535to944513" version="1">
                  <Name>Pirmojo Alytaus aikštė to Vilniaus autobusų stotis</Name>
                  <StartStopPointRef ref="VTR:ScheduledStopPoint:54941" version="1"/>
                  <EndStopPointRef ref="VTR:ScheduledStopPoint:27648" version="1"/>
                  <prices>
                    <DistanceMatrixElementPrice id="VTR:DistanceMatrixElementPrice:944535to944513" version="1">
                      <Amount>6.8</Amount>
                      <DistanceMatrixElementRef ref="VTR:DistanceMatrixElement:944535to944513" version="1"/>
                    </DistanceMatrixElementPrice>
                  </prices>
                </DistanceMatrixElement>
                <DistanceMatrixElement id="VTR:DistanceMatrixElement:944511to944512" version="1">
                  <Name>Punia to Vežionys</Name>
                  <StartStopPointRef ref="VTR:ScheduledStopPoint:27643" version="1"/>
                  <EndStopPointRef ref="VTR:ScheduledStopPoint:27644" version="1"/>
                  <prices>
                    <DistanceMatrixElementPrice id="VTR:DistanceMatrixElementPrice:944511to944512" version="1">
                      <Amount>0.8</Amount>
                      <DistanceMatrixElementRef ref="VTR:DistanceMatrixElement:944511to944512" version="1"/>
                    </DistanceMatrixElementPrice>
                  </prices>
                </DistanceMatrixElement>
                <DistanceMatrixElement id="VTR:DistanceMatrixElement:890694to944510" version="1">
                  <Name>Alytaus autobusų stotis to Norgeliškės</Name>
                  <StartStopPointRef ref="VTR:ScheduledStopPoint:27635" version="1"/>
                  <EndStopPointRef ref="VTR:ScheduledStopPoint:27642" version="1"/>
                  <prices>
                    <DistanceMatrixElementPrice id="VTR:DistanceMatrixElementPrice:890694to944510" version="1">
                      <Amount>0.9</Amount>
                      <DistanceMatrixElementRef ref="VTR:DistanceMatrixElement:890694to944510" version="1"/>
                    </DistanceMatrixElementPrice>
                  </prices>
                </DistanceMatrixElement>
                <DistanceMatrixElement id="VTR:DistanceMatrixElement:890694to944512" version="1">
                  <Name>Alytaus autobusų stotis to Vežionys</Name>
                  <StartStopPointRef ref="VTR:ScheduledStopPoint:27635" version="1"/>
                  <EndStopPointRef ref="VTR:ScheduledStopPoint:27644" version="1"/>
                  <prices>
                    <DistanceMatrixElementPrice id="VTR:DistanceMatrixElementPrice:890694to944512" version="1">
                      <Amount>2.0</Amount>
                      <DistanceMatrixElementRef ref="VTR:DistanceMatrixElement:890694to944512" version="1"/>
                    </DistanceMatrixElementPrice>
                  </prices>
                </DistanceMatrixElement>
                <DistanceMatrixElement id="VTR:DistanceMatrixElement:944535to944510" version="1">
                  <Name>Pirmojo Alytaus aikštė to Norgeliškės</Name>
                  <StartStopPointRef ref="VTR:ScheduledStopPoint:54941" version="1"/>
                  <EndStopPointRef ref="VTR:ScheduledStopPoint:27642" version="1"/>
                  <prices>
                    <DistanceMatrixElementPrice id="VTR:DistanceMatrixElementPrice:944535to944510" version="1">
                      <Amount>0.9</Amount>
                      <DistanceMatrixElementRef ref="VTR:DistanceMatrixElement:944535to944510" version="1"/>
                    </DistanceMatrixElementPrice>
                  </prices>
                </DistanceMatrixElement>
                <DistanceMatrixElement id="VTR:DistanceMatrixElement:944535to944511" version="1">
                  <Name>Pirmojo Alytaus aikštė to Punia</Name>
                  <StartStopPointRef ref="VTR:ScheduledStopPoint:54941" version="1"/>
                  <EndStopPointRef ref="VTR:ScheduledStopPoint:27643" version="1"/>
                  <prices>
                    <DistanceMatrixElementPrice id="VTR:DistanceMatrixElementPrice:944535to944511" version="1">
                      <Amount>1.5</Amount>
                      <DistanceMatrixElementRef ref="VTR:DistanceMatrixElement:944535to944511" version="1"/>
                    </DistanceMatrixElementPrice>
                  </prices>
                </DistanceMatrixElement>
                <DistanceMatrixElement id="VTR:DistanceMatrixElement:944535to944536" version="1">
                  <Name>Pirmojo Alytaus aikštė to Vaduvos</Name>
                  <StartStopPointRef ref="VTR:ScheduledStopPoint:54941" version="1"/>
                  <EndStopPointRef ref="VTR:ScheduledStopPoint:54942" version="1"/>
                  <prices>
                    <DistanceMatrixElementPrice id="VTR:DistanceMatrixElementPrice:944535to944536" version="1">
                      <Amount>6.8</Amount>
                      <DistanceMatrixElementRef ref="VTR:DistanceMatrixElement:944535to944536" version="1"/>
                    </DistanceMatrixElementPrice>
                  </prices>
                </DistanceMatrixElement>
                <DistanceMatrixElement id="VTR:DistanceMatrixElement:890694to944536" version="1">
                  <Name>Alytaus autobusų stotis to Vaduvos</Name>
                  <StartStopPointRef ref="VTR:ScheduledStopPoint:27635" version="1"/>
                  <EndStopPointRef ref="VTR:ScheduledStopPoint:54942" version="1"/>
                  <prices>
                    <DistanceMatrixElementPrice id="VTR:DistanceMatrixElementPrice:890694to944536" version="1">
                      <Amount>6.8</Amount>
                      <DistanceMatrixElementRef ref="VTR:DistanceMatrixElement:890694to944536" version="1"/>
                    </DistanceMatrixElementPrice>
                  </prices>
                </DistanceMatrixElement>
                <DistanceMatrixElement id="VTR:DistanceMatrixElement:944535to944512" version="1">
                  <Name>Pirmojo Alytaus aikštė to Vežionys</Name>
                  <StartStopPointRef ref="VTR:ScheduledStopPoint:54941" version="1"/>
                  <EndStopPointRef ref="VTR:ScheduledStopPoint:27644" version="1"/>
                  <prices>
                    <DistanceMatrixElementPrice id="VTR:DistanceMatrixElementPrice:944535to944512" version="1">
                      <Amount>2.0</Amount>
                      <DistanceMatrixElementRef ref="VTR:DistanceMatrixElement:944535to944512" version="1"/>
                    </DistanceMatrixElementPrice>
                  </prices>
                </DistanceMatrixElement>
                <DistanceMatrixElement id="VTR:DistanceMatrixElement:944510to944513" version="1">
                  <Name>Norgeliškės to Vilniaus autobusų stotis</Name>
                  <StartStopPointRef ref="VTR:ScheduledStopPoint:27642" version="1"/>
                  <EndStopPointRef ref="VTR:ScheduledStopPoint:27648" version="1"/>
                  <prices>
                    <DistanceMatrixElementPrice id="VTR:DistanceMatrixElementPrice:944510to944513" version="1">
                      <Amount>6.4</Amount>
                      <DistanceMatrixElementRef ref="VTR:DistanceMatrixElement:944510to944513" version="1"/>
                    </DistanceMatrixElementPrice>
                  </prices>
                </DistanceMatrixElement>
                <DistanceMatrixElement id="VTR:DistanceMatrixElement:944510to944536" version="1">
                  <Name>Norgeliškės to Vaduvos</Name>
                  <StartStopPointRef ref="VTR:ScheduledStopPoint:27642" version="1"/>
                  <EndStopPointRef ref="VTR:ScheduledStopPoint:54942" version="1"/>
                  <prices>
                    <DistanceMatrixElementPrice id="VTR:DistanceMatrixElementPrice:944510to944536" version="1">
                      <Amount>6.4</Amount>
                      <DistanceMatrixElementRef ref="VTR:DistanceMatrixElement:944510to944536" version="1"/>
                    </DistanceMatrixElementPrice>
                  </prices>
                </DistanceMatrixElement>
                <DistanceMatrixElement id="VTR:DistanceMatrixElement:944511to944513" version="1">
                  <Name>Punia to Vilniaus autobusų stotis</Name>
                  <StartStopPointRef ref="VTR:ScheduledStopPoint:27643" version="1"/>
                  <EndStopPointRef ref="VTR:ScheduledStopPoint:27648" version="1"/>
                  <prices>
                    <DistanceMatrixElementPrice id="VTR:DistanceMatrixElementPrice:944511to944513" version="1">
                      <Amount>5.9</Amount>
                      <DistanceMatrixElementRef ref="VTR:DistanceMatrixElement:944511to944513" version="1"/>
                    </DistanceMatrixElementPrice>
                  </prices>
                </DistanceMatrixElement>
                <DistanceMatrixElement id="VTR:DistanceMatrixElement:944510to944511" version="1">
                  <Name>Norgeliškės to Punia</Name>
                  <StartStopPointRef ref="VTR:ScheduledStopPoint:27642" version="1"/>
                  <EndStopPointRef ref="VTR:ScheduledStopPoint:27643" version="1"/>
                  <prices>
                    <DistanceMatrixElementPrice id="VTR:DistanceMatrixElementPrice:944510to944511" version="1">
                      <Amount>0.8</Amount>
                      <DistanceMatrixElementRef ref="VTR:DistanceMatrixElement:944510to944511" version="1"/>
                    </DistanceMatrixElementPrice>
                  </prices>
                </DistanceMatrixElement>
                <DistanceMatrixElement id="VTR:DistanceMatrixElement:944510to944512" version="1">
                  <Name>Norgeliškės to Vežionys</Name>
                  <StartStopPointRef ref="VTR:ScheduledStopPoint:27642" version="1"/>
                  <EndStopPointRef ref="VTR:ScheduledStopPoint:27644" version="1"/>
                  <prices>
                    <DistanceMatrixElementPrice id="VTR:DistanceMatrixElementPrice:944510to944512" version="1">
                      <Amount>1.0</Amount>
                      <DistanceMatrixElementRef ref="VTR:DistanceMatrixElement:944510to944512" version="1"/>
                    </DistanceMatrixElementPrice>
                  </prices>
                </DistanceMatrixElement>
                <DistanceMatrixElement id="VTR:DistanceMatrixElement:944512to944536" version="1">
                  <Name>Vežionys to Vaduvos</Name>
                  <StartStopPointRef ref="VTR:ScheduledStopPoint:27644" version="1"/>
                  <EndStopPointRef ref="VTR:ScheduledStopPoint:54942" version="1"/>
                  <prices>
                    <DistanceMatrixElementPrice id="VTR:DistanceMatrixElementPrice:944512to944536" version="1">
                      <Amount>5.5</Amount>
                      <DistanceMatrixElementRef ref="VTR:DistanceMatrixElement:944512to944536" version="1"/>
                    </DistanceMatrixElementPrice>
                  </prices>
                </DistanceMatrixElement>
                <DistanceMatrixElement id="VTR:DistanceMatrixElement:944511to944536" version="1">
                  <Name>Punia to Vaduvos</Name>
                  <StartStopPointRef ref="VTR:ScheduledStopPoint:27643" version="1"/>
                  <EndStopPointRef ref="VTR:ScheduledStopPoint:54942" version="1"/>
                  <prices>
                    <DistanceMatrixElementPrice id="VTR:DistanceMatrixElementPrice:944511to944536" version="1">
                      <Amount>5.9</Amount>
                      <DistanceMatrixElementRef ref="VTR:DistanceMatrixElement:944511to944536" version="1"/>
                    </DistanceMatrixElementPrice>
                  </prices>
                </DistanceMatrixElement>
                <DistanceMatrixElement id="VTR:DistanceMatrixElement:890694to944513" version="1">
                  <Name>Alytaus autobusų stotis to Vilniaus autobusų stotis</Name>
                  <StartStopPointRef ref="VTR:ScheduledStopPoint:27635" version="1"/>
                  <EndStopPointRef ref="VTR:ScheduledStopPoint:27648" version="1"/>
                  <prices>
                    <DistanceMatrixElementPrice id="VTR:DistanceMatrixElementPrice:890694to944513" version="1">
                      <Amount>6.8</Amount>
                      <DistanceMatrixElementRef ref="VTR:DistanceMatrixElement:890694to944513" version="1"/>
                    </DistanceMatrixElementPrice>
                  </prices>
                </DistanceMatrixElement>
              </distanceMatrixElements>
            </Tariff>
          </tariffs>
          <usageParameters>
            <FrequencyOfUse id="VTR:FrequencyOfUse:oneTrip" version="1">
              <FrequencyOfUseType>unlimited</FrequencyOfUseType>
              <MaximalFrequency>1</MaximalFrequency>
            </FrequencyOfUse>
          </usageParameters>
        </FareFrame>
      </frames>
    </CompositeFrame>
  </dataObjects>
</PublicationDelivery>
