<?xml version="1.0" encoding="UTF-8"?><PublicationDelivery xmlns="http://www.netex.org.uk/netex" xmlns:gis="http://www.opengis.net/gml/3.2" xmlns:ns2="http://www.opengis.net/gml/3.2" xmlns:ns3="http://www.siri.org.uk/siri" xmlns:xsi="http://www.w3.org/2001/XMLSchema-instance" version="1" xsi:schemaLocation="">
  <PublicationTimestamp>2022-03-19T00:40:00.256</PublicationTimestamp>
  <ParticipantRef>VTR</ParticipantRef>
  <Description>1</Description>
  <dataObjects>
    <CompositeFrame created="2022-03-19T00:40:00.256" version="1" id="VTR:CompositeFrame:1109">
      <validityConditions>
        <AvailabilityCondition version="1" id="VTR:AvailabilityCondition:1109">
          <FromDate>2013-04-01T00:00:00</FromDate>
          <ToDate>2023-03-31T00:00:00</ToDate>
        </AvailabilityCondition>
      </validityConditions>
      <codespaces>
        <Codespace id="vtr">
          <Xmlns>VTR</Xmlns>
          <XmlnsUrl>http://www.visimarsrutai.lt/</XmlnsUrl>
        </Codespace>
      </codespaces>
      <FrameDefaults>
        <DefaultLocale>
          <TimeZone>Europe/Vilnius</TimeZone>
        </DefaultLocale>
        <DefaultLocationSystem>WGS84</DefaultLocationSystem>
      </FrameDefaults>
      <frames>
        <ServiceCalendarFrame version="1" id="VTR:ServiceCalendarFrame:1109">
          <dayTypes>
            <DayType id="VTR:DayType:1385" version="1">
              <properties>
                <PropertyOfDay>
                  <DaysOfWeek>Weekdays</DaysOfWeek>
                </PropertyOfDay>
              </properties>
            </DayType>
          </dayTypes>
          <operatingPeriods>
            <OperatingPeriod version="1" id="VTR:OperatingPeriod:1385">
              <FromDate>2015-06-02T00:00:00</FromDate>
              <ToDate>2099-12-31T00:00:00</ToDate>
            </OperatingPeriod>
          </operatingPeriods>
          <dayTypeAssignments>
            <DayTypeAssignment id="VTR:DayTypeAssignment:1385_0" version="1" order="657">
              <OperatingPeriodRef ref="VTR:OperatingPeriod:1385" version="1"/>
              <DayTypeRef ref="VTR:DayType:1385" version="1"/>
            </DayTypeAssignment>
          </dayTypeAssignments>
        </ServiceCalendarFrame>
        <ServiceFrame id="VTR:ServiceFrame:1109" version="1">
          <Network version="0" id="VTR:Network:2"/>
          <routePoints>
            <RoutePoint version="1" id="VTR:RoutePoint:84463">
              <projections>
                <PointProjection version="1" id="VTR:PointProjection:14491">
                  <ProjectedPointRef ref="VTR:ScheduledStopPoint:84463" version="1"/>
                </PointProjection>
              </projections>
            </RoutePoint>
            <RoutePoint version="1" id="VTR:RoutePoint:84464">
              <projections>
                <PointProjection version="1" id="VTR:PointProjection:14492">
                  <ProjectedPointRef ref="VTR:ScheduledStopPoint:84464" version="1"/>
                </PointProjection>
              </projections>
            </RoutePoint>
            <RoutePoint version="1" id="VTR:RoutePoint:84465">
              <projections>
                <PointProjection version="1" id="VTR:PointProjection:14306">
                  <ProjectedPointRef ref="VTR:ScheduledStopPoint:84465" version="1"/>
                </PointProjection>
              </projections>
            </RoutePoint>
            <RoutePoint version="1" id="VTR:RoutePoint:84467">
              <projections>
                <PointProjection version="1" id="VTR:PointProjection:14307">
                  <ProjectedPointRef ref="VTR:ScheduledStopPoint:84467" version="1"/>
                </PointProjection>
              </projections>
            </RoutePoint>
            <RoutePoint version="1" id="VTR:RoutePoint:84468">
              <projections>
                <PointProjection version="1" id="VTR:PointProjection:14308">
                  <ProjectedPointRef ref="VTR:ScheduledStopPoint:84468" version="1"/>
                </PointProjection>
              </projections>
            </RoutePoint>
            <RoutePoint version="1" id="VTR:RoutePoint:84469">
              <projections>
                <PointProjection version="1" id="VTR:PointProjection:14309">
                  <ProjectedPointRef ref="VTR:ScheduledStopPoint:84469" version="1"/>
                </PointProjection>
              </projections>
            </RoutePoint>
            <RoutePoint version="1" id="VTR:RoutePoint:84471">
              <projections>
                <PointProjection version="1" id="VTR:PointProjection:14661">
                  <ProjectedPointRef ref="VTR:ScheduledStopPoint:84471" version="1"/>
                </PointProjection>
              </projections>
            </RoutePoint>
            <RoutePoint version="1" id="VTR:RoutePoint:84474">
              <projections>
                <PointProjection version="1" id="VTR:PointProjection:14495">
                  <ProjectedPointRef ref="VTR:ScheduledStopPoint:84474" version="1"/>
                </PointProjection>
              </projections>
            </RoutePoint>
            <RoutePoint version="1" id="VTR:RoutePoint:84510">
              <projections>
                <PointProjection version="1" id="VTR:PointProjection:14496">
                  <ProjectedPointRef ref="VTR:ScheduledStopPoint:84510" version="1"/>
                </PointProjection>
              </projections>
            </RoutePoint>
            <RoutePoint version="1" id="VTR:RoutePoint:84511">
              <projections>
                <PointProjection version="1" id="VTR:PointProjection:14497">
                  <ProjectedPointRef ref="VTR:ScheduledStopPoint:84511" version="1"/>
                </PointProjection>
              </projections>
            </RoutePoint>
            <RoutePoint version="1" id="VTR:RoutePoint:84512">
              <projections>
                <PointProjection version="1" id="VTR:PointProjection:14498">
                  <ProjectedPointRef ref="VTR:ScheduledStopPoint:84512" version="1"/>
                </PointProjection>
              </projections>
            </RoutePoint>
            <RoutePoint version="1" id="VTR:RoutePoint:84513">
              <projections>
                <PointProjection version="1" id="VTR:PointProjection:14499">
                  <ProjectedPointRef ref="VTR:ScheduledStopPoint:84513" version="1"/>
                </PointProjection>
              </projections>
            </RoutePoint>
            <RoutePoint version="1" id="VTR:RoutePoint:84516">
              <projections>
                <PointProjection version="1" id="VTR:PointProjection:14500">
                  <ProjectedPointRef ref="VTR:ScheduledStopPoint:84516" version="1"/>
                </PointProjection>
              </projections>
            </RoutePoint>
            <RoutePoint version="1" id="VTR:RoutePoint:84517">
              <projections>
                <PointProjection version="1" id="VTR:PointProjection:14501">
                  <ProjectedPointRef ref="VTR:ScheduledStopPoint:84517" version="1"/>
                </PointProjection>
              </projections>
            </RoutePoint>
            <RoutePoint version="1" id="VTR:RoutePoint:84518">
              <projections>
                <PointProjection version="1" id="VTR:PointProjection:14502">
                  <ProjectedPointRef ref="VTR:ScheduledStopPoint:84518" version="1"/>
                </PointProjection>
              </projections>
            </RoutePoint>
            <RoutePoint version="1" id="VTR:RoutePoint:84519">
              <projections>
                <PointProjection version="1" id="VTR:PointProjection:14503">
                  <ProjectedPointRef ref="VTR:ScheduledStopPoint:84519" version="1"/>
                </PointProjection>
              </projections>
            </RoutePoint>
            <RoutePoint version="1" id="VTR:RoutePoint:84520">
              <projections>
                <PointProjection version="1" id="VTR:PointProjection:14504">
                  <ProjectedPointRef ref="VTR:ScheduledStopPoint:84520" version="1"/>
                </PointProjection>
              </projections>
            </RoutePoint>
            <RoutePoint version="1" id="VTR:RoutePoint:84553">
              <projections>
                <PointProjection version="1" id="VTR:PointProjection:14662">
                  <ProjectedPointRef ref="VTR:ScheduledStopPoint:84553" version="1"/>
                </PointProjection>
              </projections>
            </RoutePoint>
          </routePoints>
          <routes>
            <Route version="1" id="VTR:Route:5075">
              <Name>Kaunas-Šventoji</Name>
              <ShortName>Kaunas-Šventoji</ShortName>
              <LineRef ref="VTR:Line:2029" version="2012"/>
              <DirectionType>outbound</DirectionType>
              <pointsInSequence>
                <PointOnRoute version="1" id="VTR:PointOnRoute:84463" order="1">
                  <RoutePointRef ref="VTR:RoutePoint:84463"/>
                </PointOnRoute>
                <PointOnRoute version="1" id="VTR:PointOnRoute:84471" order="2">
                  <RoutePointRef ref="VTR:RoutePoint:84471"/>
                </PointOnRoute>
                <PointOnRoute version="1" id="VTR:PointOnRoute:84464" order="3">
                  <RoutePointRef ref="VTR:RoutePoint:84464"/>
                </PointOnRoute>
                <PointOnRoute version="1" id="VTR:PointOnRoute:84474" order="4">
                  <RoutePointRef ref="VTR:RoutePoint:84474"/>
                </PointOnRoute>
                <PointOnRoute version="1" id="VTR:PointOnRoute:84465" order="5">
                  <RoutePointRef ref="VTR:RoutePoint:84465"/>
                </PointOnRoute>
                <PointOnRoute version="1" id="VTR:PointOnRoute:84467" order="6">
                  <RoutePointRef ref="VTR:RoutePoint:84467"/>
                </PointOnRoute>
                <PointOnRoute version="1" id="VTR:PointOnRoute:84468" order="7">
                  <RoutePointRef ref="VTR:RoutePoint:84468"/>
                </PointOnRoute>
                <PointOnRoute version="1" id="VTR:PointOnRoute:84469" order="8">
                  <RoutePointRef ref="VTR:RoutePoint:84469"/>
                </PointOnRoute>
              </pointsInSequence>
            </Route>
            <Route version="1" id="VTR:Route:5076">
              <Name>Šventoji-Kaunas</Name>
              <ShortName>Šventoji-Kaunas</ShortName>
              <LineRef ref="VTR:Line:2029" version="2012"/>
              <DirectionType>inbound</DirectionType>
              <pointsInSequence>
                <PointOnRoute version="1" id="VTR:PointOnRoute:84510" order="1">
                  <RoutePointRef ref="VTR:RoutePoint:84510"/>
                </PointOnRoute>
                <PointOnRoute version="1" id="VTR:PointOnRoute:84511" order="2">
                  <RoutePointRef ref="VTR:RoutePoint:84511"/>
                </PointOnRoute>
                <PointOnRoute version="1" id="VTR:PointOnRoute:84512" order="3">
                  <RoutePointRef ref="VTR:RoutePoint:84512"/>
                </PointOnRoute>
                <PointOnRoute version="1" id="VTR:PointOnRoute:84513" order="4">
                  <RoutePointRef ref="VTR:RoutePoint:84513"/>
                </PointOnRoute>
                <PointOnRoute version="1" id="VTR:PointOnRoute:84553" order="5">
                  <RoutePointRef ref="VTR:RoutePoint:84553"/>
                </PointOnRoute>
                <PointOnRoute version="1" id="VTR:PointOnRoute:84516" order="6">
                  <RoutePointRef ref="VTR:RoutePoint:84516"/>
                </PointOnRoute>
                <PointOnRoute version="1" id="VTR:PointOnRoute:84517" order="7">
                  <RoutePointRef ref="VTR:RoutePoint:84517"/>
                </PointOnRoute>
                <PointOnRoute version="1" id="VTR:PointOnRoute:84518" order="8">
                  <RoutePointRef ref="VTR:RoutePoint:84518"/>
                </PointOnRoute>
                <PointOnRoute version="1" id="VTR:PointOnRoute:84519" order="9">
                  <RoutePointRef ref="VTR:RoutePoint:84519"/>
                </PointOnRoute>
                <PointOnRoute version="1" id="VTR:PointOnRoute:84520" order="10">
                  <RoutePointRef ref="VTR:RoutePoint:84520"/>
                </PointOnRoute>
              </pointsInSequence>
            </Route>
          </routes>
          <lines>
            <Line version="2012" id="VTR:Line:2029">
              <Name>Kaunas-Šventoji</Name>
              <TransportMode>bus</TransportMode>
              <TransportSubmode>
                <CoachSubmode>nationalCoach</CoachSubmode>
              </TransportSubmode>
              <PublicCode>M-355</PublicCode>
              <OperatorRef ref="VTR:Operator:2"/>
            </Line>
          </lines>
          <scheduledStopPoints>
            <ScheduledStopPoint version="1" id="VTR:ScheduledStopPoint:84463">
              <Name>Kauno autobusų stotis</Name>
            </ScheduledStopPoint>
            <ScheduledStopPoint version="1" id="VTR:ScheduledStopPoint:84464">
              <Name>Kryžkalnio autobusų stotis</Name>
            </ScheduledStopPoint>
            <ScheduledStopPoint version="1" id="VTR:ScheduledStopPoint:84465">
              <Name>Klaipėdos autobusų stotis</Name>
            </ScheduledStopPoint>
            <ScheduledStopPoint version="1" id="VTR:ScheduledStopPoint:84467">
              <Name>Palangos autobusų stotis</Name>
            </ScheduledStopPoint>
            <ScheduledStopPoint version="1" id="VTR:ScheduledStopPoint:84468">
              <Name>Aerouostas</Name>
            </ScheduledStopPoint>
            <ScheduledStopPoint version="1" id="VTR:ScheduledStopPoint:84469">
              <Name>Šventoji</Name>
            </ScheduledStopPoint>
            <ScheduledStopPoint version="1" id="VTR:ScheduledStopPoint:84471">
              <Name>Šilainių poliklinika</Name>
            </ScheduledStopPoint>
            <ScheduledStopPoint version="1" id="VTR:ScheduledStopPoint:84474">
              <Name>Mokyklos</Name>
            </ScheduledStopPoint>
            <ScheduledStopPoint version="1" id="VTR:ScheduledStopPoint:84510">
              <Name>Šventoji</Name>
            </ScheduledStopPoint>
            <ScheduledStopPoint version="1" id="VTR:ScheduledStopPoint:84511">
              <Name>Aerouostas</Name>
            </ScheduledStopPoint>
            <ScheduledStopPoint version="1" id="VTR:ScheduledStopPoint:84512">
              <Name>Palangos autobusų stotis</Name>
            </ScheduledStopPoint>
            <ScheduledStopPoint version="1" id="VTR:ScheduledStopPoint:84513">
              <Name>Miesto ligoninė</Name>
            </ScheduledStopPoint>
            <ScheduledStopPoint version="1" id="VTR:ScheduledStopPoint:84516">
              <Name>Klaipėdos autobusų stotis</Name>
            </ScheduledStopPoint>
            <ScheduledStopPoint version="1" id="VTR:ScheduledStopPoint:84517">
              <Name>Kryžkalnio autobusų stotis</Name>
            </ScheduledStopPoint>
            <ScheduledStopPoint version="1" id="VTR:ScheduledStopPoint:84518">
              <Name>Šilainių poliklinika</Name>
            </ScheduledStopPoint>
            <ScheduledStopPoint version="1" id="VTR:ScheduledStopPoint:84519">
              <Name>Kauno pilis</Name>
            </ScheduledStopPoint>
            <ScheduledStopPoint version="1" id="VTR:ScheduledStopPoint:84520">
              <Name>Kauno autobusų stotis</Name>
            </ScheduledStopPoint>
            <ScheduledStopPoint version="1" id="VTR:ScheduledStopPoint:84553">
              <Name>Universiteto</Name>
            </ScheduledStopPoint>
          </scheduledStopPoints>
          <serviceLinks>
            <ServiceLink id="VTR:ServiceLink:84519_1_84520_1" version="1">
              <Distance>3</Distance>
              <FromPointRef ref="VTR:ScheduledStopPoint:84519" version="1"/>
              <ToPointRef ref="VTR:ScheduledStopPoint:84520" version="1"/>
            </ServiceLink>
            <ServiceLink id="VTR:ServiceLink:84511_1_84512_1" version="1">
              <Distance>6</Distance>
              <FromPointRef ref="VTR:ScheduledStopPoint:84511" version="1"/>
              <ToPointRef ref="VTR:ScheduledStopPoint:84512" version="1"/>
            </ServiceLink>
            <ServiceLink id="VTR:ServiceLink:84553_1_84516_1" version="1">
              <Distance>1</Distance>
              <FromPointRef ref="VTR:ScheduledStopPoint:84553" version="1"/>
              <ToPointRef ref="VTR:ScheduledStopPoint:84516" version="1"/>
            </ServiceLink>
            <ServiceLink id="VTR:ServiceLink:84467_1_84468_1" version="1">
              <Distance>6</Distance>
              <FromPointRef ref="VTR:ScheduledStopPoint:84467" version="1"/>
              <ToPointRef ref="VTR:ScheduledStopPoint:84468" version="1"/>
            </ServiceLink>
            <ServiceLink id="VTR:ServiceLink:84518_1_84519_1" version="1">
              <Distance>3</Distance>
              <FromPointRef ref="VTR:ScheduledStopPoint:84518" version="1"/>
              <ToPointRef ref="VTR:ScheduledStopPoint:84519" version="1"/>
            </ServiceLink>
            <ServiceLink id="VTR:ServiceLink:84512_1_84513_1" version="1">
              <Distance>20</Distance>
              <FromPointRef ref="VTR:ScheduledStopPoint:84512" version="1"/>
              <ToPointRef ref="VTR:ScheduledStopPoint:84513" version="1"/>
            </ServiceLink>
            <ServiceLink id="VTR:ServiceLink:84474_1_84465_1" version="1">
              <Distance>2</Distance>
              <FromPointRef ref="VTR:ScheduledStopPoint:84474" version="1"/>
              <ToPointRef ref="VTR:ScheduledStopPoint:84465" version="1"/>
            </ServiceLink>
            <ServiceLink id="VTR:ServiceLink:84464_1_84474_1" version="1">
              <Distance>104</Distance>
              <FromPointRef ref="VTR:ScheduledStopPoint:84464" version="1"/>
              <ToPointRef ref="VTR:ScheduledStopPoint:84474" version="1"/>
            </ServiceLink>
            <ServiceLink id="VTR:ServiceLink:84516_1_84517_1" version="1">
              <Distance>107</Distance>
              <FromPointRef ref="VTR:ScheduledStopPoint:84516" version="1"/>
              <ToPointRef ref="VTR:ScheduledStopPoint:84517" version="1"/>
            </ServiceLink>
            <ServiceLink id="VTR:ServiceLink:84517_1_84518_1" version="1">
              <Distance>105</Distance>
              <FromPointRef ref="VTR:ScheduledStopPoint:84517" version="1"/>
              <ToPointRef ref="VTR:ScheduledStopPoint:84518" version="1"/>
            </ServiceLink>
          </serviceLinks>
          <stopAssignments>
            <PassengerStopAssignment order="507500000" id="VTR:PassengerStopAssignment:84463" version="1">
              <ScheduledStopPointRef ref="VTR:ScheduledStopPoint:84463" version="1"/>
              <QuayRef ref="VTR:Quay:19470"/>
            </PassengerStopAssignment>
            <PassengerStopAssignment order="507500002" id="VTR:PassengerStopAssignment:84471" version="1">
              <ScheduledStopPointRef ref="VTR:ScheduledStopPoint:84471" version="1"/>
              <QuayRef ref="VTR:Quay:21439"/>
            </PassengerStopAssignment>
            <PassengerStopAssignment order="507500004" id="VTR:PassengerStopAssignment:84464" version="1">
              <ScheduledStopPointRef ref="VTR:ScheduledStopPoint:84464" version="1"/>
              <QuayRef ref="VTR:Quay:19493"/>
            </PassengerStopAssignment>
            <PassengerStopAssignment order="507500005" id="VTR:PassengerStopAssignment:84474" version="1">
              <ScheduledStopPointRef ref="VTR:ScheduledStopPoint:84474" version="1"/>
              <QuayRef ref="VTR:Quay:21413"/>
            </PassengerStopAssignment>
            <PassengerStopAssignment order="507500006" id="VTR:PassengerStopAssignment:84465" version="1">
              <ScheduledStopPointRef ref="VTR:ScheduledStopPoint:84465" version="1"/>
              <QuayRef ref="VTR:Quay:19471"/>
            </PassengerStopAssignment>
            <PassengerStopAssignment order="507500009" id="VTR:PassengerStopAssignment:84467" version="1">
              <ScheduledStopPointRef ref="VTR:ScheduledStopPoint:84467" version="1"/>
              <QuayRef ref="VTR:Quay:19446"/>
            </PassengerStopAssignment>
            <PassengerStopAssignment order="507500010" id="VTR:PassengerStopAssignment:84468" version="1">
              <ScheduledStopPointRef ref="VTR:ScheduledStopPoint:84468" version="1"/>
              <QuayRef ref="VTR:Quay:4334"/>
            </PassengerStopAssignment>
            <PassengerStopAssignment order="507500013" id="VTR:PassengerStopAssignment:84469" version="1">
              <ScheduledStopPointRef ref="VTR:ScheduledStopPoint:84469" version="1"/>
              <QuayRef ref="VTR:Quay:21283"/>
            </PassengerStopAssignment>
            <PassengerStopAssignment order="507600000" id="VTR:PassengerStopAssignment:84510" version="1">
              <ScheduledStopPointRef ref="VTR:ScheduledStopPoint:84510" version="1"/>
              <QuayRef ref="VTR:Quay:21283"/>
            </PassengerStopAssignment>
            <PassengerStopAssignment order="507600003" id="VTR:PassengerStopAssignment:84511" version="1">
              <ScheduledStopPointRef ref="VTR:ScheduledStopPoint:84511" version="1"/>
              <QuayRef ref="VTR:Quay:4334"/>
            </PassengerStopAssignment>
            <PassengerStopAssignment order="507600004" id="VTR:PassengerStopAssignment:84512" version="1">
              <ScheduledStopPointRef ref="VTR:ScheduledStopPoint:84512" version="1"/>
              <QuayRef ref="VTR:Quay:19446"/>
            </PassengerStopAssignment>
            <PassengerStopAssignment order="507600005" id="VTR:PassengerStopAssignment:84513" version="1">
              <ScheduledStopPointRef ref="VTR:ScheduledStopPoint:84513" version="1"/>
              <QuayRef ref="VTR:Quay:20127"/>
            </PassengerStopAssignment>
            <PassengerStopAssignment order="507600007" id="VTR:PassengerStopAssignment:84553" version="1">
              <ScheduledStopPointRef ref="VTR:ScheduledStopPoint:84553" version="1"/>
              <QuayRef ref="VTR:Quay:20988"/>
            </PassengerStopAssignment>
            <PassengerStopAssignment order="507600008" id="VTR:PassengerStopAssignment:84516" version="1">
              <ScheduledStopPointRef ref="VTR:ScheduledStopPoint:84516" version="1"/>
              <QuayRef ref="VTR:Quay:19471"/>
            </PassengerStopAssignment>
            <PassengerStopAssignment order="507600009" id="VTR:PassengerStopAssignment:84517" version="1">
              <ScheduledStopPointRef ref="VTR:ScheduledStopPoint:84517" version="1"/>
              <QuayRef ref="VTR:Quay:19493"/>
            </PassengerStopAssignment>
            <PassengerStopAssignment order="507600010" id="VTR:PassengerStopAssignment:84518" version="1">
              <ScheduledStopPointRef ref="VTR:ScheduledStopPoint:84518" version="1"/>
              <QuayRef ref="VTR:Quay:21440"/>
            </PassengerStopAssignment>
            <PassengerStopAssignment order="507600011" id="VTR:PassengerStopAssignment:84519" version="1">
              <ScheduledStopPointRef ref="VTR:ScheduledStopPoint:84519" version="1"/>
              <QuayRef ref="VTR:Quay:21441"/>
            </PassengerStopAssignment>
            <PassengerStopAssignment order="507600012" id="VTR:PassengerStopAssignment:84520" version="1">
              <ScheduledStopPointRef ref="VTR:ScheduledStopPoint:84520" version="1"/>
              <QuayRef ref="VTR:Quay:19470"/>
            </PassengerStopAssignment>
          </stopAssignments>
          <journeyPatterns>
            <JourneyPattern id="VTR:JourneyPattern:47915" version="47910">
              <Name>3*X</Name>
              <RouteRef ref="VTR:Route:5075" version="1"/>
              <pointsInSequence>
                <StopPointInJourneyPattern id="VTR:StopPointInJourneyPattern:992428" version="47910" order="1">
                  <ScheduledStopPointRef ref="VTR:ScheduledStopPoint:84463"/>
                  <ForAlighting>false</ForAlighting>
                  <DestinationDisplayRef ref="VTR:DestinationDisplay:1"/>
                </StopPointInJourneyPattern>
                <StopPointInJourneyPattern id="VTR:StopPointInJourneyPattern:992429" version="47910" order="2">
                  <ScheduledStopPointRef ref="VTR:ScheduledStopPoint:84471"/>
                  <ForAlighting>false</ForAlighting>
                  <DestinationDisplayRef ref="VTR:DestinationDisplay:1"/>
                </StopPointInJourneyPattern>
                <StopPointInJourneyPattern id="VTR:StopPointInJourneyPattern:992430" version="47910" order="3">
                  <ScheduledStopPointRef ref="VTR:ScheduledStopPoint:84464"/>
                  <DestinationDisplayRef ref="VTR:DestinationDisplay:1"/>
                </StopPointInJourneyPattern>
                <StopPointInJourneyPattern id="VTR:StopPointInJourneyPattern:992431" version="47910" order="4">
                  <ScheduledStopPointRef ref="VTR:ScheduledStopPoint:84474"/>
                  <ForBoarding>false</ForBoarding>
                  <DestinationDisplayRef ref="VTR:DestinationDisplay:1"/>
                </StopPointInJourneyPattern>
                <StopPointInJourneyPattern id="VTR:StopPointInJourneyPattern:992432" version="47910" order="5">
                  <ScheduledStopPointRef ref="VTR:ScheduledStopPoint:84465"/>
                  <DestinationDisplayRef ref="VTR:DestinationDisplay:1"/>
                </StopPointInJourneyPattern>
                <StopPointInJourneyPattern id="VTR:StopPointInJourneyPattern:992433" version="47910" order="6">
                  <ScheduledStopPointRef ref="VTR:ScheduledStopPoint:84467"/>
                  <DestinationDisplayRef ref="VTR:DestinationDisplay:1"/>
                </StopPointInJourneyPattern>
                <StopPointInJourneyPattern id="VTR:StopPointInJourneyPattern:992434" version="47910" order="7">
                  <ScheduledStopPointRef ref="VTR:ScheduledStopPoint:84468"/>
                  <DestinationDisplayRef ref="VTR:DestinationDisplay:1"/>
                </StopPointInJourneyPattern>
                <StopPointInJourneyPattern id="VTR:StopPointInJourneyPattern:992435" version="47910" order="8">
                  <ScheduledStopPointRef ref="VTR:ScheduledStopPoint:84469"/>
                  <ForBoarding>false</ForBoarding>
                  <DestinationDisplayRef ref="VTR:DestinationDisplay:1"/>
                </StopPointInJourneyPattern>
              </pointsInSequence>
            </JourneyPattern>
            <JourneyPattern id="VTR:JourneyPattern:47916" version="47911">
              <Name>2*X</Name>
              <RouteRef ref="VTR:Route:5076" version="1"/>
              <pointsInSequence>
                <StopPointInJourneyPattern id="VTR:StopPointInJourneyPattern:992436" version="47911" order="1">
                  <ScheduledStopPointRef ref="VTR:ScheduledStopPoint:84510"/>
                  <ForAlighting>false</ForAlighting>
                  <DestinationDisplayRef ref="VTR:DestinationDisplay:1"/>
                </StopPointInJourneyPattern>
                <StopPointInJourneyPattern id="VTR:StopPointInJourneyPattern:992437" version="47911" order="2">
                  <ScheduledStopPointRef ref="VTR:ScheduledStopPoint:84511"/>
                  <DestinationDisplayRef ref="VTR:DestinationDisplay:1"/>
                </StopPointInJourneyPattern>
                <StopPointInJourneyPattern id="VTR:StopPointInJourneyPattern:992438" version="47911" order="3">
                  <ScheduledStopPointRef ref="VTR:ScheduledStopPoint:84512"/>
                  <DestinationDisplayRef ref="VTR:DestinationDisplay:1"/>
                </StopPointInJourneyPattern>
                <StopPointInJourneyPattern id="VTR:StopPointInJourneyPattern:992439" version="47911" order="4">
                  <ScheduledStopPointRef ref="VTR:ScheduledStopPoint:84513"/>
                  <ForBoarding>false</ForBoarding>
                  <DestinationDisplayRef ref="VTR:DestinationDisplay:1"/>
                </StopPointInJourneyPattern>
                <StopPointInJourneyPattern id="VTR:StopPointInJourneyPattern:992440" version="47911" order="5">
                  <ScheduledStopPointRef ref="VTR:ScheduledStopPoint:84553"/>
                  <ForBoarding>false</ForBoarding>
                  <DestinationDisplayRef ref="VTR:DestinationDisplay:1"/>
                </StopPointInJourneyPattern>
                <StopPointInJourneyPattern id="VTR:StopPointInJourneyPattern:992441" version="47911" order="6">
                  <ScheduledStopPointRef ref="VTR:ScheduledStopPoint:84516"/>
                  <DestinationDisplayRef ref="VTR:DestinationDisplay:1"/>
                </StopPointInJourneyPattern>
                <StopPointInJourneyPattern id="VTR:StopPointInJourneyPattern:992442" version="47911" order="7">
                  <ScheduledStopPointRef ref="VTR:ScheduledStopPoint:84517"/>
                  <DestinationDisplayRef ref="VTR:DestinationDisplay:1"/>
                </StopPointInJourneyPattern>
                <StopPointInJourneyPattern id="VTR:StopPointInJourneyPattern:992443" version="47911" order="8">
                  <ScheduledStopPointRef ref="VTR:ScheduledStopPoint:84518"/>
                  <ForBoarding>false</ForBoarding>
                  <DestinationDisplayRef ref="VTR:DestinationDisplay:1"/>
                </StopPointInJourneyPattern>
                <StopPointInJourneyPattern id="VTR:StopPointInJourneyPattern:992444" version="47911" order="9">
                  <ScheduledStopPointRef ref="VTR:ScheduledStopPoint:84519"/>
                  <ForBoarding>false</ForBoarding>
                  <DestinationDisplayRef ref="VTR:DestinationDisplay:1"/>
                </StopPointInJourneyPattern>
                <StopPointInJourneyPattern id="VTR:StopPointInJourneyPattern:992445" version="47911" order="10">
                  <ScheduledStopPointRef ref="VTR:ScheduledStopPoint:84520"/>
                  <ForBoarding>false</ForBoarding>
                  <DestinationDisplayRef ref="VTR:DestinationDisplay:1"/>
                </StopPointInJourneyPattern>
              </pointsInSequence>
            </JourneyPattern>
            <JourneyPattern id="VTR:JourneyPattern:47914" version="47909">
              <Name>1*X</Name>
              <RouteRef ref="VTR:Route:5075" version="1"/>
              <pointsInSequence>
                <StopPointInJourneyPattern id="VTR:StopPointInJourneyPattern:992420" version="47909" order="1">
                  <ScheduledStopPointRef ref="VTR:ScheduledStopPoint:84463"/>
                  <ForAlighting>false</ForAlighting>
                  <DestinationDisplayRef ref="VTR:DestinationDisplay:1"/>
                </StopPointInJourneyPattern>
                <StopPointInJourneyPattern id="VTR:StopPointInJourneyPattern:992421" version="47909" order="2">
                  <ScheduledStopPointRef ref="VTR:ScheduledStopPoint:84471"/>
                  <ForAlighting>false</ForAlighting>
                  <DestinationDisplayRef ref="VTR:DestinationDisplay:1"/>
                </StopPointInJourneyPattern>
                <StopPointInJourneyPattern id="VTR:StopPointInJourneyPattern:992423" version="47909" order="4">
                  <ScheduledStopPointRef ref="VTR:ScheduledStopPoint:84474"/>
                  <ForBoarding>false</ForBoarding>
                  <DestinationDisplayRef ref="VTR:DestinationDisplay:1"/>
                </StopPointInJourneyPattern>
                <StopPointInJourneyPattern id="VTR:StopPointInJourneyPattern:992424" version="47909" order="5">
                  <ScheduledStopPointRef ref="VTR:ScheduledStopPoint:84465"/>
                  <DestinationDisplayRef ref="VTR:DestinationDisplay:1"/>
                </StopPointInJourneyPattern>
                <StopPointInJourneyPattern id="VTR:StopPointInJourneyPattern:992425" version="47909" order="6">
                  <ScheduledStopPointRef ref="VTR:ScheduledStopPoint:84467"/>
                  <DestinationDisplayRef ref="VTR:DestinationDisplay:1"/>
                </StopPointInJourneyPattern>
                <StopPointInJourneyPattern id="VTR:StopPointInJourneyPattern:992426" version="47909" order="7">
                  <ScheduledStopPointRef ref="VTR:ScheduledStopPoint:84468"/>
                  <DestinationDisplayRef ref="VTR:DestinationDisplay:1"/>
                </StopPointInJourneyPattern>
                <StopPointInJourneyPattern id="VTR:StopPointInJourneyPattern:992427" version="47909" order="8">
                  <ScheduledStopPointRef ref="VTR:ScheduledStopPoint:84469"/>
                  <ForBoarding>false</ForBoarding>
                  <DestinationDisplayRef ref="VTR:DestinationDisplay:1"/>
                </StopPointInJourneyPattern>
              </pointsInSequence>
            </JourneyPattern>
          </journeyPatterns>
        </ServiceFrame>
        <TimetableFrame version="1" id="VTR:TimetableFrame:1109">
          <vehicleJourneys>
            <ServiceJourney version="47911" id="VTR:ServiceJourney:47916">
              <Name>Šventoji-Kaunas</Name>
              <PrivateCode>2*X</PrivateCode>
              <dayTypes>
                <DayTypeRef ref="VTR:DayType:1385"/>
              </dayTypes>
              <JourneyPatternRef version="47911" ref="VTR:JourneyPattern:47916"/>
              <OperatorRef ref="VTR:Operator:474"/>
              <LineRef ref="VTR:Line:2029" version="2012"/>
              <passingTimes>
                <TimetabledPassingTime version="47911" id="VTR:TimetabledPassingTime:47916_992436_1">
                  <StopPointInJourneyPatternRef ref="VTR:StopPointInJourneyPattern:992436" version="47911"/>
                  <DepartureTime>14:35:00</DepartureTime>
                  <DepartureDayOffset>0</DepartureDayOffset>
                </TimetabledPassingTime>
                <TimetabledPassingTime version="47911" id="VTR:TimetabledPassingTime:47916_992437_2">
                  <StopPointInJourneyPatternRef ref="VTR:StopPointInJourneyPattern:992437" version="47911"/>
                  <DepartureTime>14:43:00</DepartureTime>
                  <DepartureDayOffset>0</DepartureDayOffset>
                </TimetabledPassingTime>
                <TimetabledPassingTime version="47911" id="VTR:TimetabledPassingTime:47916_992438_3">
                  <StopPointInJourneyPatternRef ref="VTR:StopPointInJourneyPattern:992438" version="47911"/>
                  <DepartureTime>15:00:00</DepartureTime>
                  <DepartureDayOffset>0</DepartureDayOffset>
                </TimetabledPassingTime>
                <TimetabledPassingTime version="47911" id="VTR:TimetabledPassingTime:47916_992439_4">
                  <StopPointInJourneyPatternRef ref="VTR:StopPointInJourneyPattern:992439" version="47911"/>
                  <DepartureTime>15:15:00</DepartureTime>
                  <DepartureDayOffset>0</DepartureDayOffset>
                </TimetabledPassingTime>
                <TimetabledPassingTime version="47911" id="VTR:TimetabledPassingTime:47916_992440_5">
                  <StopPointInJourneyPatternRef ref="VTR:StopPointInJourneyPattern:992440" version="47911"/>
                  <DepartureTime>15:20:00</DepartureTime>
                  <DepartureDayOffset>0</DepartureDayOffset>
                </TimetabledPassingTime>
                <TimetabledPassingTime version="47911" id="VTR:TimetabledPassingTime:47916_992441_6">
                  <StopPointInJourneyPatternRef ref="VTR:StopPointInJourneyPattern:992441" version="47911"/>
                  <DepartureTime>15:35:00</DepartureTime>
                  <DepartureDayOffset>0</DepartureDayOffset>
                </TimetabledPassingTime>
                <TimetabledPassingTime version="47911" id="VTR:TimetabledPassingTime:47916_992442_7">
                  <StopPointInJourneyPatternRef ref="VTR:StopPointInJourneyPattern:992442" version="47911"/>
                  <DepartureTime>17:00:00</DepartureTime>
                  <DepartureDayOffset>0</DepartureDayOffset>
                </TimetabledPassingTime>
                <TimetabledPassingTime version="47911" id="VTR:TimetabledPassingTime:47916_992443_8">
                  <StopPointInJourneyPatternRef ref="VTR:StopPointInJourneyPattern:992443" version="47911"/>
                  <DepartureTime>18:10:00</DepartureTime>
                  <DepartureDayOffset>0</DepartureDayOffset>
                </TimetabledPassingTime>
                <TimetabledPassingTime version="47911" id="VTR:TimetabledPassingTime:47916_992444_9">
                  <StopPointInJourneyPatternRef ref="VTR:StopPointInJourneyPattern:992444" version="47911"/>
                  <DepartureTime>18:17:00</DepartureTime>
                  <DepartureDayOffset>0</DepartureDayOffset>
                </TimetabledPassingTime>
                <TimetabledPassingTime version="47911" id="VTR:TimetabledPassingTime:47916_992445_10">
                  <StopPointInJourneyPatternRef ref="VTR:StopPointInJourneyPattern:992445" version="47911"/>
                  <DepartureTime>18:25:00</DepartureTime>
                  <DepartureDayOffset>0</DepartureDayOffset>
                </TimetabledPassingTime>
              </passingTimes>
            </ServiceJourney>
            <ServiceJourney version="47910" id="VTR:ServiceJourney:47915">
              <Name>Kaunas-Šventoji</Name>
              <PrivateCode>3*X</PrivateCode>
              <dayTypes>
                <DayTypeRef ref="VTR:DayType:1385"/>
              </dayTypes>
              <JourneyPatternRef version="47910" ref="VTR:JourneyPattern:47915"/>
              <OperatorRef ref="VTR:Operator:474"/>
              <LineRef ref="VTR:Line:2029" version="2012"/>
              <passingTimes>
                <TimetabledPassingTime version="47910" id="VTR:TimetabledPassingTime:47915_992428_1">
                  <StopPointInJourneyPatternRef ref="VTR:StopPointInJourneyPattern:992428" version="47910"/>
                  <DepartureTime>10:30:00</DepartureTime>
                  <DepartureDayOffset>0</DepartureDayOffset>
                </TimetabledPassingTime>
                <TimetabledPassingTime version="47910" id="VTR:TimetabledPassingTime:47915_992429_2">
                  <StopPointInJourneyPatternRef ref="VTR:StopPointInJourneyPattern:992429" version="47910"/>
                  <DepartureTime>10:45:00</DepartureTime>
                  <DepartureDayOffset>0</DepartureDayOffset>
                </TimetabledPassingTime>
                <TimetabledPassingTime version="47910" id="VTR:TimetabledPassingTime:47915_992430_3">
                  <StopPointInJourneyPatternRef ref="VTR:StopPointInJourneyPattern:992430" version="47910"/>
                  <DepartureTime>12:05:00</DepartureTime>
                  <DepartureDayOffset>0</DepartureDayOffset>
                </TimetabledPassingTime>
                <TimetabledPassingTime version="47910" id="VTR:TimetabledPassingTime:47915_992431_4">
                  <StopPointInJourneyPatternRef ref="VTR:StopPointInJourneyPattern:992431" version="47910"/>
                  <DepartureTime>13:15:00</DepartureTime>
                  <DepartureDayOffset>0</DepartureDayOffset>
                </TimetabledPassingTime>
                <TimetabledPassingTime version="47910" id="VTR:TimetabledPassingTime:47915_992432_5">
                  <StopPointInJourneyPatternRef ref="VTR:StopPointInJourneyPattern:992432" version="47910"/>
                  <DepartureTime>13:30:00</DepartureTime>
                  <DepartureDayOffset>0</DepartureDayOffset>
                </TimetabledPassingTime>
                <TimetabledPassingTime version="47910" id="VTR:TimetabledPassingTime:47915_992433_6">
                  <StopPointInJourneyPatternRef ref="VTR:StopPointInJourneyPattern:992433" version="47910"/>
                  <DepartureTime>14:05:00</DepartureTime>
                  <DepartureDayOffset>0</DepartureDayOffset>
                </TimetabledPassingTime>
                <TimetabledPassingTime version="47910" id="VTR:TimetabledPassingTime:47915_992434_7">
                  <StopPointInJourneyPatternRef ref="VTR:StopPointInJourneyPattern:992434" version="47910"/>
                  <DepartureTime>14:12:00</DepartureTime>
                  <DepartureDayOffset>0</DepartureDayOffset>
                </TimetabledPassingTime>
                <TimetabledPassingTime version="47910" id="VTR:TimetabledPassingTime:47915_992435_8">
                  <StopPointInJourneyPatternRef ref="VTR:StopPointInJourneyPattern:992435" version="47910"/>
                  <DepartureTime>14:20:00</DepartureTime>
                  <DepartureDayOffset>0</DepartureDayOffset>
                </TimetabledPassingTime>
              </passingTimes>
            </ServiceJourney>
            <ServiceJourney version="47909" id="VTR:ServiceJourney:47914">
              <Name>Kaunas-Šventoji</Name>
              <PrivateCode>1*X</PrivateCode>
              <dayTypes>
                <DayTypeRef ref="VTR:DayType:1385"/>
              </dayTypes>
              <JourneyPatternRef version="47909" ref="VTR:JourneyPattern:47914"/>
              <OperatorRef ref="VTR:Operator:474"/>
              <LineRef ref="VTR:Line:2029" version="2012"/>
              <passingTimes>
                <TimetabledPassingTime version="47909" id="VTR:TimetabledPassingTime:47914_992420_1">
                  <StopPointInJourneyPatternRef ref="VTR:StopPointInJourneyPattern:992420" version="47909"/>
                  <DepartureTime>08:00:00</DepartureTime>
                  <DepartureDayOffset>0</DepartureDayOffset>
                </TimetabledPassingTime>
                <TimetabledPassingTime version="47909" id="VTR:TimetabledPassingTime:47914_992421_2">
                  <StopPointInJourneyPatternRef ref="VTR:StopPointInJourneyPattern:992421" version="47909"/>
                  <DepartureTime>08:15:00</DepartureTime>
                  <DepartureDayOffset>0</DepartureDayOffset>
                </TimetabledPassingTime>
                <TimetabledPassingTime version="47909" id="VTR:TimetabledPassingTime:47914_992423_4">
                  <StopPointInJourneyPatternRef ref="VTR:StopPointInJourneyPattern:992423" version="47909"/>
                  <DepartureTime>10:30:00</DepartureTime>
                  <DepartureDayOffset>0</DepartureDayOffset>
                </TimetabledPassingTime>
                <TimetabledPassingTime version="47909" id="VTR:TimetabledPassingTime:47914_992424_5">
                  <StopPointInJourneyPatternRef ref="VTR:StopPointInJourneyPattern:992424" version="47909"/>
                  <DepartureTime>10:40:00</DepartureTime>
                  <DepartureDayOffset>0</DepartureDayOffset>
                </TimetabledPassingTime>
                <TimetabledPassingTime version="47909" id="VTR:TimetabledPassingTime:47914_992425_6">
                  <StopPointInJourneyPatternRef ref="VTR:StopPointInJourneyPattern:992425" version="47909"/>
                  <DepartureTime>11:10:00</DepartureTime>
                  <DepartureDayOffset>0</DepartureDayOffset>
                </TimetabledPassingTime>
                <TimetabledPassingTime version="47909" id="VTR:TimetabledPassingTime:47914_992426_7">
                  <StopPointInJourneyPatternRef ref="VTR:StopPointInJourneyPattern:992426" version="47909"/>
                  <DepartureTime>11:17:00</DepartureTime>
                  <DepartureDayOffset>0</DepartureDayOffset>
                </TimetabledPassingTime>
                <TimetabledPassingTime version="47909" id="VTR:TimetabledPassingTime:47914_992427_8">
                  <StopPointInJourneyPatternRef ref="VTR:StopPointInJourneyPattern:992427" version="47909"/>
                  <DepartureTime>11:25:00</DepartureTime>
                  <DepartureDayOffset>0</DepartureDayOffset>
                </TimetabledPassingTime>
              </passingTimes>
            </ServiceJourney>
          </vehicleJourneys>
        </TimetableFrame>
        <ResourceFrame version="1" id="VTR:ResourceFrame:1109">
          <organisations>
            <Authority version="1" id="VTR:Authority:2">
              <CompanyNumber>188647255</CompanyNumber>
              <Name>LTSA</Name>
              <LegalName>Lietuvos transporto saugos administracija</LegalName>
              <ContactDetails>
                <Email>ltsa@ltsa.lrv.lt</Email>
                <Phone>8 5  278 5602</Phone>
                <Url>www.ltsa.lrv.lt</Url>
              </ContactDetails>
              <OrganisationType>authority</OrganisationType>
            </Authority>
          </organisations>
        </ResourceFrame>
        <FareFrame id="VTR:FareFrame:2029" version="1">
          <FrameDefaults>
            <DefaultCurrency>EUR</DefaultCurrency>
          </FrameDefaults>
          <fareStructureElements>
            <FareStructureElement id="VTR:FareStructureElement:pricematrix" version="1">
              <distanceMatrixElements>
                <DistanceMatrixElementRef ref="VTR:DistanceMatrixElement:992420to992426" version="1"/>
                <DistanceMatrixElementRef ref="VTR:DistanceMatrixElement:992423to992426" version="1"/>
                <DistanceMatrixElementRef ref="VTR:DistanceMatrixElement:992421to992427" version="1"/>
                <DistanceMatrixElementRef ref="VTR:DistanceMatrixElement:992424to992425" version="1"/>
                <DistanceMatrixElementRef ref="VTR:DistanceMatrixElement:992425to992426" version="1"/>
                <DistanceMatrixElementRef ref="VTR:DistanceMatrixElement:992420to992425" version="1"/>
                <DistanceMatrixElementRef ref="VTR:DistanceMatrixElement:992424to992426" version="1"/>
                <DistanceMatrixElementRef ref="VTR:DistanceMatrixElement:992424to992427" version="1"/>
                <DistanceMatrixElementRef ref="VTR:DistanceMatrixElement:992425to992427" version="1"/>
                <DistanceMatrixElementRef ref="VTR:DistanceMatrixElement:992423to992424" version="1"/>
                <DistanceMatrixElementRef ref="VTR:DistanceMatrixElement:992423to992425" version="1"/>
                <DistanceMatrixElementRef ref="VTR:DistanceMatrixElement:992420to992421" version="1"/>
                <DistanceMatrixElementRef ref="VTR:DistanceMatrixElement:992421to992424" version="1"/>
                <DistanceMatrixElementRef ref="VTR:DistanceMatrixElement:992421to992426" version="1"/>
                <DistanceMatrixElementRef ref="VTR:DistanceMatrixElement:992420to992424" version="1"/>
                <DistanceMatrixElementRef ref="VTR:DistanceMatrixElement:992420to992423" version="1"/>
                <DistanceMatrixElementRef ref="VTR:DistanceMatrixElement:992423to992427" version="1"/>
                <DistanceMatrixElementRef ref="VTR:DistanceMatrixElement:992426to992427" version="1"/>
                <DistanceMatrixElementRef ref="VTR:DistanceMatrixElement:992420to992427" version="1"/>
                <DistanceMatrixElementRef ref="VTR:DistanceMatrixElement:992421to992423" version="1"/>
                <DistanceMatrixElementRef ref="VTR:DistanceMatrixElement:992421to992425" version="1"/>
              </distanceMatrixElements>
            </FareStructureElement>
          </fareStructureElements>
          <tariffs>
            <Tariff id="VTR:Tariff:pointToPointInSeparateJourney_2029" version="1">
              <Name>Point to point tariff</Name>
              <distanceMatrixElements>
                <DistanceMatrixElement id="VTR:DistanceMatrixElement:992420to992426" version="1">
                  <Name>Kauno autobusų stotis to Aerouostas</Name>
                  <StartStopPointRef ref="VTR:ScheduledStopPoint:84463" version="1"/>
                  <EndStopPointRef ref="VTR:ScheduledStopPoint:84468" version="1"/>
                  <prices>
                    <DistanceMatrixElementPrice id="VTR:DistanceMatrixElementPrice:992420to992426" version="1">
                      <Amount>16.2</Amount>
                      <DistanceMatrixElementRef ref="VTR:DistanceMatrixElement:992420to992426" version="1"/>
                    </DistanceMatrixElementPrice>
                  </prices>
                </DistanceMatrixElement>
                <DistanceMatrixElement id="VTR:DistanceMatrixElement:992423to992426" version="1">
                  <Name>Mokyklos to Aerouostas</Name>
                  <StartStopPointRef ref="VTR:ScheduledStopPoint:84474" version="1"/>
                  <EndStopPointRef ref="VTR:ScheduledStopPoint:84468" version="1"/>
                  <prices>
                    <DistanceMatrixElementPrice id="VTR:DistanceMatrixElementPrice:992423to992426" version="1">
                      <Amount>0.0</Amount>
                      <DistanceMatrixElementRef ref="VTR:DistanceMatrixElement:992423to992426" version="1"/>
                    </DistanceMatrixElementPrice>
                  </prices>
                </DistanceMatrixElement>
                <DistanceMatrixElement id="VTR:DistanceMatrixElement:992421to992427" version="1">
                  <Name>Šilainių poliklinika to Šventoji</Name>
                  <StartStopPointRef ref="VTR:ScheduledStopPoint:84471" version="1"/>
                  <EndStopPointRef ref="VTR:ScheduledStopPoint:84469" version="1"/>
                  <prices>
                    <DistanceMatrixElementPrice id="VTR:DistanceMatrixElementPrice:992421to992427" version="1">
                      <Amount>16.6</Amount>
                      <DistanceMatrixElementRef ref="VTR:DistanceMatrixElement:992421to992427" version="1"/>
                    </DistanceMatrixElementPrice>
                  </prices>
                </DistanceMatrixElement>
                <DistanceMatrixElement id="VTR:DistanceMatrixElement:992424to992425" version="1">
                  <Name>Klaipėdos autobusų stotis to Palangos autobusų stotis</Name>
                  <StartStopPointRef ref="VTR:ScheduledStopPoint:84465" version="1"/>
                  <EndStopPointRef ref="VTR:ScheduledStopPoint:84467" version="1"/>
                  <prices>
                    <DistanceMatrixElementPrice id="VTR:DistanceMatrixElementPrice:992424to992425" version="1">
                      <Amount>1.6</Amount>
                      <DistanceMatrixElementRef ref="VTR:DistanceMatrixElement:992424to992425" version="1"/>
                    </DistanceMatrixElementPrice>
                  </prices>
                </DistanceMatrixElement>
                <DistanceMatrixElement id="VTR:DistanceMatrixElement:992425to992426" version="1">
                  <Name>Palangos autobusų stotis to Aerouostas</Name>
                  <StartStopPointRef ref="VTR:ScheduledStopPoint:84467" version="1"/>
                  <EndStopPointRef ref="VTR:ScheduledStopPoint:84468" version="1"/>
                  <prices>
                    <DistanceMatrixElementPrice id="VTR:DistanceMatrixElementPrice:992425to992426" version="1">
                      <Amount>1.0</Amount>
                      <DistanceMatrixElementRef ref="VTR:DistanceMatrixElement:992425to992426" version="1"/>
                    </DistanceMatrixElementPrice>
                  </prices>
                </DistanceMatrixElement>
                <DistanceMatrixElement id="VTR:DistanceMatrixElement:992420to992425" version="1">
                  <Name>Kauno autobusų stotis to Palangos autobusų stotis</Name>
                  <StartStopPointRef ref="VTR:ScheduledStopPoint:84463" version="1"/>
                  <EndStopPointRef ref="VTR:ScheduledStopPoint:84467" version="1"/>
                  <prices>
                    <DistanceMatrixElementPrice id="VTR:DistanceMatrixElementPrice:992420to992425" version="1">
                      <Amount>16.0</Amount>
                      <DistanceMatrixElementRef ref="VTR:DistanceMatrixElement:992420to992425" version="1"/>
                    </DistanceMatrixElementPrice>
                  </prices>
                </DistanceMatrixElement>
                <DistanceMatrixElement id="VTR:DistanceMatrixElement:992424to992426" version="1">
                  <Name>Klaipėdos autobusų stotis to Aerouostas</Name>
                  <StartStopPointRef ref="VTR:ScheduledStopPoint:84465" version="1"/>
                  <EndStopPointRef ref="VTR:ScheduledStopPoint:84468" version="1"/>
                  <prices>
                    <DistanceMatrixElementPrice id="VTR:DistanceMatrixElementPrice:992424to992426" version="1">
                      <Amount>2.5</Amount>
                      <DistanceMatrixElementRef ref="VTR:DistanceMatrixElement:992424to992426" version="1"/>
                    </DistanceMatrixElementPrice>
                  </prices>
                </DistanceMatrixElement>
                <DistanceMatrixElement id="VTR:DistanceMatrixElement:992424to992427" version="1">
                  <Name>Klaipėdos autobusų stotis to Šventoji</Name>
                  <StartStopPointRef ref="VTR:ScheduledStopPoint:84465" version="1"/>
                  <EndStopPointRef ref="VTR:ScheduledStopPoint:84469" version="1"/>
                  <prices>
                    <DistanceMatrixElementPrice id="VTR:DistanceMatrixElementPrice:992424to992427" version="1">
                      <Amount>3.0</Amount>
                      <DistanceMatrixElementRef ref="VTR:DistanceMatrixElement:992424to992427" version="1"/>
                    </DistanceMatrixElementPrice>
                  </prices>
                </DistanceMatrixElement>
                <DistanceMatrixElement id="VTR:DistanceMatrixElement:992425to992427" version="1">
                  <Name>Palangos autobusų stotis to Šventoji</Name>
                  <StartStopPointRef ref="VTR:ScheduledStopPoint:84467" version="1"/>
                  <EndStopPointRef ref="VTR:ScheduledStopPoint:84469" version="1"/>
                  <prices>
                    <DistanceMatrixElementPrice id="VTR:DistanceMatrixElementPrice:992425to992427" version="1">
                      <Amount>1.2</Amount>
                      <DistanceMatrixElementRef ref="VTR:DistanceMatrixElement:992425to992427" version="1"/>
                    </DistanceMatrixElementPrice>
                  </prices>
                </DistanceMatrixElement>
                <DistanceMatrixElement id="VTR:DistanceMatrixElement:992423to992424" version="1">
                  <Name>Mokyklos to Klaipėdos autobusų stotis</Name>
                  <StartStopPointRef ref="VTR:ScheduledStopPoint:84474" version="1"/>
                  <EndStopPointRef ref="VTR:ScheduledStopPoint:84465" version="1"/>
                  <prices>
                    <DistanceMatrixElementPrice id="VTR:DistanceMatrixElementPrice:992423to992424" version="1">
                      <Amount>0.0</Amount>
                      <DistanceMatrixElementRef ref="VTR:DistanceMatrixElement:992423to992424" version="1"/>
                    </DistanceMatrixElementPrice>
                  </prices>
                </DistanceMatrixElement>
                <DistanceMatrixElement id="VTR:DistanceMatrixElement:992423to992425" version="1">
                  <Name>Mokyklos to Palangos autobusų stotis</Name>
                  <StartStopPointRef ref="VTR:ScheduledStopPoint:84474" version="1"/>
                  <EndStopPointRef ref="VTR:ScheduledStopPoint:84467" version="1"/>
                  <prices>
                    <DistanceMatrixElementPrice id="VTR:DistanceMatrixElementPrice:992423to992425" version="1">
                      <Amount>0.0</Amount>
                      <DistanceMatrixElementRef ref="VTR:DistanceMatrixElement:992423to992425" version="1"/>
                    </DistanceMatrixElementPrice>
                  </prices>
                </DistanceMatrixElement>
                <DistanceMatrixElement id="VTR:DistanceMatrixElement:992420to992421" version="1">
                  <Name>Kauno autobusų stotis to Šilainių poliklinika</Name>
                  <StartStopPointRef ref="VTR:ScheduledStopPoint:84463" version="1"/>
                  <EndStopPointRef ref="VTR:ScheduledStopPoint:84471" version="1"/>
                  <prices>
                    <DistanceMatrixElementPrice id="VTR:DistanceMatrixElementPrice:992420to992421" version="1">
                      <Amount>0.0</Amount>
                      <DistanceMatrixElementRef ref="VTR:DistanceMatrixElement:992420to992421" version="1"/>
                    </DistanceMatrixElementPrice>
                  </prices>
                </DistanceMatrixElement>
                <DistanceMatrixElement id="VTR:DistanceMatrixElement:992421to992424" version="1">
                  <Name>Šilainių poliklinika to Klaipėdos autobusų stotis</Name>
                  <StartStopPointRef ref="VTR:ScheduledStopPoint:84471" version="1"/>
                  <EndStopPointRef ref="VTR:ScheduledStopPoint:84465" version="1"/>
                  <prices>
                    <DistanceMatrixElementPrice id="VTR:DistanceMatrixElementPrice:992421to992424" version="1">
                      <Amount>14.5</Amount>
                      <DistanceMatrixElementRef ref="VTR:DistanceMatrixElement:992421to992424" version="1"/>
                    </DistanceMatrixElementPrice>
                  </prices>
                </DistanceMatrixElement>
                <DistanceMatrixElement id="VTR:DistanceMatrixElement:992421to992426" version="1">
                  <Name>Šilainių poliklinika to Aerouostas</Name>
                  <StartStopPointRef ref="VTR:ScheduledStopPoint:84471" version="1"/>
                  <EndStopPointRef ref="VTR:ScheduledStopPoint:84468" version="1"/>
                  <prices>
                    <DistanceMatrixElementPrice id="VTR:DistanceMatrixElementPrice:992421to992426" version="1">
                      <Amount>16.2</Amount>
                      <DistanceMatrixElementRef ref="VTR:DistanceMatrixElement:992421to992426" version="1"/>
                    </DistanceMatrixElementPrice>
                  </prices>
                </DistanceMatrixElement>
                <DistanceMatrixElement id="VTR:DistanceMatrixElement:992420to992424" version="1">
                  <Name>Kauno autobusų stotis to Klaipėdos autobusų stotis</Name>
                  <StartStopPointRef ref="VTR:ScheduledStopPoint:84463" version="1"/>
                  <EndStopPointRef ref="VTR:ScheduledStopPoint:84465" version="1"/>
                  <prices>
                    <DistanceMatrixElementPrice id="VTR:DistanceMatrixElementPrice:992420to992424" version="1">
                      <Amount>14.5</Amount>
                      <DistanceMatrixElementRef ref="VTR:DistanceMatrixElement:992420to992424" version="1"/>
                    </DistanceMatrixElementPrice>
                  </prices>
                </DistanceMatrixElement>
                <DistanceMatrixElement id="VTR:DistanceMatrixElement:992420to992423" version="1">
                  <Name>Kauno autobusų stotis to Mokyklos</Name>
                  <StartStopPointRef ref="VTR:ScheduledStopPoint:84463" version="1"/>
                  <EndStopPointRef ref="VTR:ScheduledStopPoint:84474" version="1"/>
                  <prices>
                    <DistanceMatrixElementPrice id="VTR:DistanceMatrixElementPrice:992420to992423" version="1">
                      <Amount>14.5</Amount>
                      <DistanceMatrixElementRef ref="VTR:DistanceMatrixElement:992420to992423" version="1"/>
                    </DistanceMatrixElementPrice>
                  </prices>
                </DistanceMatrixElement>
                <DistanceMatrixElement id="VTR:DistanceMatrixElement:992423to992427" version="1">
                  <Name>Mokyklos to Šventoji</Name>
                  <StartStopPointRef ref="VTR:ScheduledStopPoint:84474" version="1"/>
                  <EndStopPointRef ref="VTR:ScheduledStopPoint:84469" version="1"/>
                  <prices>
                    <DistanceMatrixElementPrice id="VTR:DistanceMatrixElementPrice:992423to992427" version="1">
                      <Amount>0.0</Amount>
                      <DistanceMatrixElementRef ref="VTR:DistanceMatrixElement:992423to992427" version="1"/>
                    </DistanceMatrixElementPrice>
                  </prices>
                </DistanceMatrixElement>
                <DistanceMatrixElement id="VTR:DistanceMatrixElement:992426to992427" version="1">
                  <Name>Aerouostas to Šventoji</Name>
                  <StartStopPointRef ref="VTR:ScheduledStopPoint:84468" version="1"/>
                  <EndStopPointRef ref="VTR:ScheduledStopPoint:84469" version="1"/>
                  <prices>
                    <DistanceMatrixElementPrice id="VTR:DistanceMatrixElementPrice:992426to992427" version="1">
                      <Amount>1.0</Amount>
                      <DistanceMatrixElementRef ref="VTR:DistanceMatrixElement:992426to992427" version="1"/>
                    </DistanceMatrixElementPrice>
                  </prices>
                </DistanceMatrixElement>
                <DistanceMatrixElement id="VTR:DistanceMatrixElement:992420to992427" version="1">
                  <Name>Kauno autobusų stotis to Šventoji</Name>
                  <StartStopPointRef ref="VTR:ScheduledStopPoint:84463" version="1"/>
                  <EndStopPointRef ref="VTR:ScheduledStopPoint:84469" version="1"/>
                  <prices>
                    <DistanceMatrixElementPrice id="VTR:DistanceMatrixElementPrice:992420to992427" version="1">
                      <Amount>16.6</Amount>
                      <DistanceMatrixElementRef ref="VTR:DistanceMatrixElement:992420to992427" version="1"/>
                    </DistanceMatrixElementPrice>
                  </prices>
                </DistanceMatrixElement>
                <DistanceMatrixElement id="VTR:DistanceMatrixElement:992421to992423" version="1">
                  <Name>Šilainių poliklinika to Mokyklos</Name>
                  <StartStopPointRef ref="VTR:ScheduledStopPoint:84471" version="1"/>
                  <EndStopPointRef ref="VTR:ScheduledStopPoint:84474" version="1"/>
                  <prices>
                    <DistanceMatrixElementPrice id="VTR:DistanceMatrixElementPrice:992421to992423" version="1">
                      <Amount>14.5</Amount>
                      <DistanceMatrixElementRef ref="VTR:DistanceMatrixElement:992421to992423" version="1"/>
                    </DistanceMatrixElementPrice>
                  </prices>
                </DistanceMatrixElement>
                <DistanceMatrixElement id="VTR:DistanceMatrixElement:992421to992425" version="1">
                  <Name>Šilainių poliklinika to Palangos autobusų stotis</Name>
                  <StartStopPointRef ref="VTR:ScheduledStopPoint:84471" version="1"/>
                  <EndStopPointRef ref="VTR:ScheduledStopPoint:84467" version="1"/>
                  <prices>
                    <DistanceMatrixElementPrice id="VTR:DistanceMatrixElementPrice:992421to992425" version="1">
                      <Amount>16.0</Amount>
                      <DistanceMatrixElementRef ref="VTR:DistanceMatrixElement:992421to992425" version="1"/>
                    </DistanceMatrixElementPrice>
                  </prices>
                </DistanceMatrixElement>
              </distanceMatrixElements>
            </Tariff>
          </tariffs>
          <usageParameters>
            <FrequencyOfUse id="VTR:FrequencyOfUse:oneTrip" version="1">
              <FrequencyOfUseType>unlimited</FrequencyOfUseType>
              <MaximalFrequency>1</MaximalFrequency>
            </FrequencyOfUse>
          </usageParameters>
        </FareFrame>
      </frames>
    </CompositeFrame>
  </dataObjects>
</PublicationDelivery>
