<?xml version="1.0" encoding="UTF-8"?><PublicationDelivery xmlns="http://www.netex.org.uk/netex" xmlns:gis="http://www.opengis.net/gml/3.2" xmlns:ns2="http://www.opengis.net/gml/3.2" xmlns:ns3="http://www.siri.org.uk/siri" xmlns:xsi="http://www.w3.org/2001/XMLSchema-instance" version="1" xsi:schemaLocation="">
  <PublicationTimestamp>2022-03-19T00:40:00.256</PublicationTimestamp>
  <ParticipantRef>VTR</ParticipantRef>
  <Description>1</Description>
  <dataObjects>
    <CompositeFrame created="2022-03-19T00:40:00.256" version="1" id="VTR:CompositeFrame:1109">
      <validityConditions>
        <AvailabilityCondition version="1" id="VTR:AvailabilityCondition:1109">
          <FromDate>2018-03-06T00:00:00</FromDate>
          <ToDate>2023-09-20T00:00:00</ToDate>
        </AvailabilityCondition>
      </validityConditions>
      <codespaces>
        <Codespace id="vtr">
          <Xmlns>VTR</Xmlns>
          <XmlnsUrl>http://www.visimarsrutai.lt/</XmlnsUrl>
        </Codespace>
      </codespaces>
      <FrameDefaults>
        <DefaultLocale>
          <TimeZone>Europe/Vilnius</TimeZone>
        </DefaultLocale>
        <DefaultLocationSystem>WGS84</DefaultLocationSystem>
      </FrameDefaults>
      <frames>
        <ServiceCalendarFrame version="1" id="VTR:ServiceCalendarFrame:1109">
          <dayTypes>
            <DayType id="VTR:DayType:90" version="1">
              <properties>
                <PropertyOfDay>
                  <DaysOfWeek>Weekdays</DaysOfWeek>
                </PropertyOfDay>
              </properties>
            </DayType>
          </dayTypes>
          <operatingPeriods>
            <OperatingPeriod version="1" id="VTR:OperatingPeriod:90">
              <FromDate>2015-06-02T00:00:00</FromDate>
              <ToDate>2099-12-31T00:00:00</ToDate>
            </OperatingPeriod>
          </operatingPeriods>
          <dayTypeAssignments>
            <DayTypeAssignment id="VTR:DayTypeAssignment:90_0" version="1" order="86">
              <OperatingPeriodRef ref="VTR:OperatingPeriod:90" version="1"/>
              <DayTypeRef ref="VTR:DayType:90" version="1"/>
            </DayTypeAssignment>
          </dayTypeAssignments>
        </ServiceCalendarFrame>
        <ServiceFrame id="VTR:ServiceFrame:1109" version="1">
          <Network version="0" id="VTR:Network:2"/>
          <routePoints>
            <RoutePoint version="1" id="VTR:RoutePoint:1141419">
              <projections>
                <PointProjection version="1" id="VTR:PointProjection:779">
                  <ProjectedPointRef ref="VTR:ScheduledStopPoint:1141419" version="1"/>
                </PointProjection>
              </projections>
            </RoutePoint>
            <RoutePoint version="1" id="VTR:RoutePoint:1141420">
              <projections>
                <PointProjection version="1" id="VTR:PointProjection:780">
                  <ProjectedPointRef ref="VTR:ScheduledStopPoint:1141420" version="1"/>
                </PointProjection>
              </projections>
            </RoutePoint>
            <RoutePoint version="1" id="VTR:RoutePoint:1141421">
              <projections>
                <PointProjection version="1" id="VTR:PointProjection:781">
                  <ProjectedPointRef ref="VTR:ScheduledStopPoint:1141421" version="1"/>
                </PointProjection>
              </projections>
            </RoutePoint>
            <RoutePoint version="1" id="VTR:RoutePoint:1141422">
              <projections>
                <PointProjection version="1" id="VTR:PointProjection:782">
                  <ProjectedPointRef ref="VTR:ScheduledStopPoint:1141422" version="1"/>
                </PointProjection>
              </projections>
            </RoutePoint>
            <RoutePoint version="1" id="VTR:RoutePoint:1141423">
              <projections>
                <PointProjection version="1" id="VTR:PointProjection:783">
                  <ProjectedPointRef ref="VTR:ScheduledStopPoint:1141423" version="1"/>
                </PointProjection>
              </projections>
            </RoutePoint>
            <RoutePoint version="1" id="VTR:RoutePoint:1141424">
              <projections>
                <PointProjection version="1" id="VTR:PointProjection:784">
                  <ProjectedPointRef ref="VTR:ScheduledStopPoint:1141424" version="1"/>
                </PointProjection>
              </projections>
            </RoutePoint>
            <RoutePoint version="1" id="VTR:RoutePoint:1141425">
              <projections>
                <PointProjection version="1" id="VTR:PointProjection:785">
                  <ProjectedPointRef ref="VTR:ScheduledStopPoint:1141425" version="1"/>
                </PointProjection>
              </projections>
            </RoutePoint>
            <RoutePoint version="1" id="VTR:RoutePoint:1141426">
              <projections>
                <PointProjection version="1" id="VTR:PointProjection:786">
                  <ProjectedPointRef ref="VTR:ScheduledStopPoint:1141426" version="1"/>
                </PointProjection>
              </projections>
            </RoutePoint>
            <RoutePoint version="1" id="VTR:RoutePoint:1141427">
              <projections>
                <PointProjection version="1" id="VTR:PointProjection:787">
                  <ProjectedPointRef ref="VTR:ScheduledStopPoint:1141427" version="1"/>
                </PointProjection>
              </projections>
            </RoutePoint>
            <RoutePoint version="1" id="VTR:RoutePoint:1141428">
              <projections>
                <PointProjection version="1" id="VTR:PointProjection:788">
                  <ProjectedPointRef ref="VTR:ScheduledStopPoint:1141428" version="1"/>
                </PointProjection>
              </projections>
            </RoutePoint>
            <RoutePoint version="1" id="VTR:RoutePoint:1141429">
              <projections>
                <PointProjection version="1" id="VTR:PointProjection:789">
                  <ProjectedPointRef ref="VTR:ScheduledStopPoint:1141429" version="1"/>
                </PointProjection>
              </projections>
            </RoutePoint>
            <RoutePoint version="1" id="VTR:RoutePoint:1141452">
              <projections>
                <PointProjection version="1" id="VTR:PointProjection:19527">
                  <ProjectedPointRef ref="VTR:ScheduledStopPoint:1141452" version="1"/>
                </PointProjection>
              </projections>
            </RoutePoint>
            <RoutePoint version="1" id="VTR:RoutePoint:1141453">
              <projections>
                <PointProjection version="1" id="VTR:PointProjection:19528">
                  <ProjectedPointRef ref="VTR:ScheduledStopPoint:1141453" version="1"/>
                </PointProjection>
              </projections>
            </RoutePoint>
            <RoutePoint version="1" id="VTR:RoutePoint:1141454">
              <projections>
                <PointProjection version="1" id="VTR:PointProjection:19529">
                  <ProjectedPointRef ref="VTR:ScheduledStopPoint:1141454" version="1"/>
                </PointProjection>
              </projections>
            </RoutePoint>
            <RoutePoint version="1" id="VTR:RoutePoint:1141455">
              <projections>
                <PointProjection version="1" id="VTR:PointProjection:19530">
                  <ProjectedPointRef ref="VTR:ScheduledStopPoint:1141455" version="1"/>
                </PointProjection>
              </projections>
            </RoutePoint>
            <RoutePoint version="1" id="VTR:RoutePoint:1141456">
              <projections>
                <PointProjection version="1" id="VTR:PointProjection:19531">
                  <ProjectedPointRef ref="VTR:ScheduledStopPoint:1141456" version="1"/>
                </PointProjection>
              </projections>
            </RoutePoint>
            <RoutePoint version="1" id="VTR:RoutePoint:1141457">
              <projections>
                <PointProjection version="1" id="VTR:PointProjection:19532">
                  <ProjectedPointRef ref="VTR:ScheduledStopPoint:1141457" version="1"/>
                </PointProjection>
              </projections>
            </RoutePoint>
            <RoutePoint version="1" id="VTR:RoutePoint:1141458">
              <projections>
                <PointProjection version="1" id="VTR:PointProjection:19533">
                  <ProjectedPointRef ref="VTR:ScheduledStopPoint:1141458" version="1"/>
                </PointProjection>
              </projections>
            </RoutePoint>
            <RoutePoint version="1" id="VTR:RoutePoint:1141459">
              <projections>
                <PointProjection version="1" id="VTR:PointProjection:19534">
                  <ProjectedPointRef ref="VTR:ScheduledStopPoint:1141459" version="1"/>
                </PointProjection>
              </projections>
            </RoutePoint>
            <RoutePoint version="1" id="VTR:RoutePoint:1141460">
              <projections>
                <PointProjection version="1" id="VTR:PointProjection:19535">
                  <ProjectedPointRef ref="VTR:ScheduledStopPoint:1141460" version="1"/>
                </PointProjection>
              </projections>
            </RoutePoint>
            <RoutePoint version="1" id="VTR:RoutePoint:1141461">
              <projections>
                <PointProjection version="1" id="VTR:PointProjection:19536">
                  <ProjectedPointRef ref="VTR:ScheduledStopPoint:1141461" version="1"/>
                </PointProjection>
              </projections>
            </RoutePoint>
            <RoutePoint version="1" id="VTR:RoutePoint:1141462">
              <projections>
                <PointProjection version="1" id="VTR:PointProjection:19537">
                  <ProjectedPointRef ref="VTR:ScheduledStopPoint:1141462" version="1"/>
                </PointProjection>
              </projections>
            </RoutePoint>
          </routePoints>
          <routes>
            <Route version="1" id="VTR:Route:16036">
              <Name>Vilnius - Gdanskas</Name>
              <ShortName>Vilnius - Gdanskas</ShortName>
              <LineRef ref="VTR:Line:5804" version="7135"/>
              <DirectionType>outbound</DirectionType>
              <pointsInSequence>
                <PointOnRoute version="1" id="VTR:PointOnRoute:1141419" order="1">
                  <RoutePointRef ref="VTR:RoutePoint:1141419"/>
                </PointOnRoute>
                <PointOnRoute version="1" id="VTR:PointOnRoute:1141420" order="2">
                  <RoutePointRef ref="VTR:RoutePoint:1141420"/>
                </PointOnRoute>
                <PointOnRoute version="1" id="VTR:PointOnRoute:1141421" order="3">
                  <RoutePointRef ref="VTR:RoutePoint:1141421"/>
                </PointOnRoute>
                <PointOnRoute version="1" id="VTR:PointOnRoute:1141422" order="4">
                  <RoutePointRef ref="VTR:RoutePoint:1141422"/>
                </PointOnRoute>
                <PointOnRoute version="1" id="VTR:PointOnRoute:1141423" order="5">
                  <RoutePointRef ref="VTR:RoutePoint:1141423"/>
                </PointOnRoute>
                <PointOnRoute version="1" id="VTR:PointOnRoute:1141424" order="6">
                  <RoutePointRef ref="VTR:RoutePoint:1141424"/>
                </PointOnRoute>
                <PointOnRoute version="1" id="VTR:PointOnRoute:1141425" order="7">
                  <RoutePointRef ref="VTR:RoutePoint:1141425"/>
                </PointOnRoute>
                <PointOnRoute version="1" id="VTR:PointOnRoute:1141426" order="8">
                  <RoutePointRef ref="VTR:RoutePoint:1141426"/>
                </PointOnRoute>
                <PointOnRoute version="1" id="VTR:PointOnRoute:1141427" order="9">
                  <RoutePointRef ref="VTR:RoutePoint:1141427"/>
                </PointOnRoute>
                <PointOnRoute version="1" id="VTR:PointOnRoute:1141428" order="10">
                  <RoutePointRef ref="VTR:RoutePoint:1141428"/>
                </PointOnRoute>
                <PointOnRoute version="1" id="VTR:PointOnRoute:1141429" order="11">
                  <RoutePointRef ref="VTR:RoutePoint:1141429"/>
                </PointOnRoute>
              </pointsInSequence>
            </Route>
            <Route version="1" id="VTR:Route:16037">
              <Name>Gdanskas - Vilnius</Name>
              <ShortName>Gdanskas - Vilnius</ShortName>
              <LineRef ref="VTR:Line:5804" version="7135"/>
              <DirectionType>inbound</DirectionType>
              <pointsInSequence>
                <PointOnRoute version="1" id="VTR:PointOnRoute:1141452" order="1">
                  <RoutePointRef ref="VTR:RoutePoint:1141452"/>
                </PointOnRoute>
                <PointOnRoute version="1" id="VTR:PointOnRoute:1141453" order="2">
                  <RoutePointRef ref="VTR:RoutePoint:1141453"/>
                </PointOnRoute>
                <PointOnRoute version="1" id="VTR:PointOnRoute:1141454" order="3">
                  <RoutePointRef ref="VTR:RoutePoint:1141454"/>
                </PointOnRoute>
                <PointOnRoute version="1" id="VTR:PointOnRoute:1141455" order="4">
                  <RoutePointRef ref="VTR:RoutePoint:1141455"/>
                </PointOnRoute>
                <PointOnRoute version="1" id="VTR:PointOnRoute:1141456" order="5">
                  <RoutePointRef ref="VTR:RoutePoint:1141456"/>
                </PointOnRoute>
                <PointOnRoute version="1" id="VTR:PointOnRoute:1141457" order="6">
                  <RoutePointRef ref="VTR:RoutePoint:1141457"/>
                </PointOnRoute>
                <PointOnRoute version="1" id="VTR:PointOnRoute:1141458" order="7">
                  <RoutePointRef ref="VTR:RoutePoint:1141458"/>
                </PointOnRoute>
                <PointOnRoute version="1" id="VTR:PointOnRoute:1141459" order="8">
                  <RoutePointRef ref="VTR:RoutePoint:1141459"/>
                </PointOnRoute>
                <PointOnRoute version="1" id="VTR:PointOnRoute:1141460" order="9">
                  <RoutePointRef ref="VTR:RoutePoint:1141460"/>
                </PointOnRoute>
                <PointOnRoute version="1" id="VTR:PointOnRoute:1141461" order="10">
                  <RoutePointRef ref="VTR:RoutePoint:1141461"/>
                </PointOnRoute>
                <PointOnRoute version="1" id="VTR:PointOnRoute:1141462" order="11">
                  <RoutePointRef ref="VTR:RoutePoint:1141462"/>
                </PointOnRoute>
              </pointsInSequence>
            </Route>
          </routes>
          <lines>
            <Line version="7135" id="VTR:Line:5804">
              <Name>Vilnius-Gdanskas</Name>
              <TransportMode>bus</TransportMode>
              <TransportSubmode>
                <CoachSubmode>internationalCoach</CoachSubmode>
              </TransportSubmode>
              <PublicCode>2006</PublicCode>
              <OperatorRef ref="VTR:Operator:2"/>
            </Line>
          </lines>
          <scheduledStopPoints>
            <ScheduledStopPoint version="1" id="VTR:ScheduledStopPoint:1141419">
              <Name>Vilniaus autobusų stotis</Name>
            </ScheduledStopPoint>
            <ScheduledStopPoint version="1" id="VTR:ScheduledStopPoint:1141420">
              <Name>Kauno autobusų stotis</Name>
            </ScheduledStopPoint>
            <ScheduledStopPoint version="1" id="VTR:ScheduledStopPoint:1141421">
              <Name>Marijampolės autobusų stotis</Name>
            </ScheduledStopPoint>
            <ScheduledStopPoint version="1" id="VTR:ScheduledStopPoint:1141422">
              <Name>Kalvarijos pasienio punktas</Name>
            </ScheduledStopPoint>
            <ScheduledStopPoint version="1" id="VTR:ScheduledStopPoint:1141423">
              <Name>Budzisko PKP</Name>
            </ScheduledStopPoint>
            <ScheduledStopPoint version="1" id="VTR:ScheduledStopPoint:1141424">
              <Name>Suvalkų autobusų stotis</Name>
            </ScheduledStopPoint>
            <ScheduledStopPoint version="1" id="VTR:ScheduledStopPoint:1141425">
              <Name>Gižicko autobusų stotis</Name>
            </ScheduledStopPoint>
            <ScheduledStopPoint version="1" id="VTR:ScheduledStopPoint:1141426">
              <Name>Mrongovo autobusų stotis</Name>
            </ScheduledStopPoint>
            <ScheduledStopPoint version="1" id="VTR:ScheduledStopPoint:1141427">
              <Name>Olštyno autobusų stotis</Name>
            </ScheduledStopPoint>
            <ScheduledStopPoint version="1" id="VTR:ScheduledStopPoint:1141428">
              <Name>Elbingo autobusų stotis</Name>
            </ScheduledStopPoint>
            <ScheduledStopPoint version="1" id="VTR:ScheduledStopPoint:1141429">
              <Name>Gdansko autobusų stotis</Name>
            </ScheduledStopPoint>
            <ScheduledStopPoint version="1" id="VTR:ScheduledStopPoint:1141452">
              <Name>Gdansko autobusų stotis</Name>
            </ScheduledStopPoint>
            <ScheduledStopPoint version="1" id="VTR:ScheduledStopPoint:1141453">
              <Name>Elbingo autobusų stotis</Name>
            </ScheduledStopPoint>
            <ScheduledStopPoint version="1" id="VTR:ScheduledStopPoint:1141454">
              <Name>Olštyno autobusų stotis</Name>
            </ScheduledStopPoint>
            <ScheduledStopPoint version="1" id="VTR:ScheduledStopPoint:1141455">
              <Name>Mrongovo autobusų stotis</Name>
            </ScheduledStopPoint>
            <ScheduledStopPoint version="1" id="VTR:ScheduledStopPoint:1141456">
              <Name>Gižicko autobusų stotis</Name>
            </ScheduledStopPoint>
            <ScheduledStopPoint version="1" id="VTR:ScheduledStopPoint:1141457">
              <Name>Suvalkų autobusų stotis</Name>
            </ScheduledStopPoint>
            <ScheduledStopPoint version="1" id="VTR:ScheduledStopPoint:1141458">
              <Name>Budzisko PKP</Name>
            </ScheduledStopPoint>
            <ScheduledStopPoint version="1" id="VTR:ScheduledStopPoint:1141459">
              <Name>Kalvarijos pasienio punktas</Name>
            </ScheduledStopPoint>
            <ScheduledStopPoint version="1" id="VTR:ScheduledStopPoint:1141460">
              <Name>Marijampolės autobusų stotis</Name>
            </ScheduledStopPoint>
            <ScheduledStopPoint version="1" id="VTR:ScheduledStopPoint:1141461">
              <Name>Kauno autobusų stotis</Name>
            </ScheduledStopPoint>
            <ScheduledStopPoint version="1" id="VTR:ScheduledStopPoint:1141462">
              <Name>Vilniaus autobusų stotis</Name>
            </ScheduledStopPoint>
          </scheduledStopPoints>
          <serviceLinks>
            <ServiceLink id="VTR:ServiceLink:1141419_1_1141420_1" version="1">
              <Distance>100</Distance>
              <FromPointRef ref="VTR:ScheduledStopPoint:1141419" version="1"/>
              <ToPointRef ref="VTR:ScheduledStopPoint:1141420" version="1"/>
            </ServiceLink>
            <ServiceLink id="VTR:ServiceLink:1141427_1_1141428_1" version="1">
              <Distance>109</Distance>
              <FromPointRef ref="VTR:ScheduledStopPoint:1141427" version="1"/>
              <ToPointRef ref="VTR:ScheduledStopPoint:1141428" version="1"/>
            </ServiceLink>
            <ServiceLink id="VTR:ServiceLink:1141461_1_1141462_1" version="1">
              <Distance>100</Distance>
              <FromPointRef ref="VTR:ScheduledStopPoint:1141461" version="1"/>
              <ToPointRef ref="VTR:ScheduledStopPoint:1141462" version="1"/>
            </ServiceLink>
            <ServiceLink id="VTR:ServiceLink:1141425_1_1141426_1" version="1">
              <Distance>47</Distance>
              <FromPointRef ref="VTR:ScheduledStopPoint:1141425" version="1"/>
              <ToPointRef ref="VTR:ScheduledStopPoint:1141426" version="1"/>
            </ServiceLink>
            <ServiceLink id="VTR:ServiceLink:1141424_1_1141425_1" version="1">
              <Distance>91</Distance>
              <FromPointRef ref="VTR:ScheduledStopPoint:1141424" version="1"/>
              <ToPointRef ref="VTR:ScheduledStopPoint:1141425" version="1"/>
            </ServiceLink>
            <ServiceLink id="VTR:ServiceLink:1141455_1_1141456_1" version="1">
              <Distance>35</Distance>
              <FromPointRef ref="VTR:ScheduledStopPoint:1141455" version="1"/>
              <ToPointRef ref="VTR:ScheduledStopPoint:1141456" version="1"/>
            </ServiceLink>
            <ServiceLink id="VTR:ServiceLink:1141452_1_1141453_1" version="1">
              <Distance>55</Distance>
              <FromPointRef ref="VTR:ScheduledStopPoint:1141452" version="1"/>
              <ToPointRef ref="VTR:ScheduledStopPoint:1141453" version="1"/>
            </ServiceLink>
            <ServiceLink id="VTR:ServiceLink:1141460_1_1141461_1" version="1">
              <Distance>56</Distance>
              <FromPointRef ref="VTR:ScheduledStopPoint:1141460" version="1"/>
              <ToPointRef ref="VTR:ScheduledStopPoint:1141461" version="1"/>
            </ServiceLink>
            <ServiceLink id="VTR:ServiceLink:1141453_1_1141454_1" version="1">
              <Distance>82</Distance>
              <FromPointRef ref="VTR:ScheduledStopPoint:1141453" version="1"/>
              <ToPointRef ref="VTR:ScheduledStopPoint:1141454" version="1"/>
            </ServiceLink>
            <ServiceLink id="VTR:ServiceLink:1141420_1_1141421_1" version="1">
              <Distance>56</Distance>
              <FromPointRef ref="VTR:ScheduledStopPoint:1141420" version="1"/>
              <ToPointRef ref="VTR:ScheduledStopPoint:1141421" version="1"/>
            </ServiceLink>
            <ServiceLink id="VTR:ServiceLink:1141457_1_1141458_1" version="1">
              <Distance>25</Distance>
              <FromPointRef ref="VTR:ScheduledStopPoint:1141457" version="1"/>
              <ToPointRef ref="VTR:ScheduledStopPoint:1141458" version="1"/>
            </ServiceLink>
            <ServiceLink id="VTR:ServiceLink:1141458_1_1141459_1" version="1">
              <Distance>0</Distance>
              <FromPointRef ref="VTR:ScheduledStopPoint:1141458" version="1"/>
              <ToPointRef ref="VTR:ScheduledStopPoint:1141459" version="1"/>
            </ServiceLink>
            <ServiceLink id="VTR:ServiceLink:1141423_1_1141424_1" version="1">
              <Distance>32</Distance>
              <FromPointRef ref="VTR:ScheduledStopPoint:1141423" version="1"/>
              <ToPointRef ref="VTR:ScheduledStopPoint:1141424" version="1"/>
            </ServiceLink>
            <ServiceLink id="VTR:ServiceLink:1141422_1_1141423_1" version="1">
              <Distance>0</Distance>
              <FromPointRef ref="VTR:ScheduledStopPoint:1141422" version="1"/>
              <ToPointRef ref="VTR:ScheduledStopPoint:1141423" version="1"/>
            </ServiceLink>
            <ServiceLink id="VTR:ServiceLink:1141421_1_1141422_1" version="1">
              <Distance>32</Distance>
              <FromPointRef ref="VTR:ScheduledStopPoint:1141421" version="1"/>
              <ToPointRef ref="VTR:ScheduledStopPoint:1141422" version="1"/>
            </ServiceLink>
            <ServiceLink id="VTR:ServiceLink:1141428_1_1141429_1" version="1">
              <Distance>64</Distance>
              <FromPointRef ref="VTR:ScheduledStopPoint:1141428" version="1"/>
              <ToPointRef ref="VTR:ScheduledStopPoint:1141429" version="1"/>
            </ServiceLink>
            <ServiceLink id="VTR:ServiceLink:1141454_1_1141455_1" version="1">
              <Distance>52</Distance>
              <FromPointRef ref="VTR:ScheduledStopPoint:1141454" version="1"/>
              <ToPointRef ref="VTR:ScheduledStopPoint:1141455" version="1"/>
            </ServiceLink>
            <ServiceLink id="VTR:ServiceLink:1141426_1_1141427_1" version="1">
              <Distance>59</Distance>
              <FromPointRef ref="VTR:ScheduledStopPoint:1141426" version="1"/>
              <ToPointRef ref="VTR:ScheduledStopPoint:1141427" version="1"/>
            </ServiceLink>
            <ServiceLink id="VTR:ServiceLink:1141459_1_1141460_1" version="1">
              <Distance>31</Distance>
              <FromPointRef ref="VTR:ScheduledStopPoint:1141459" version="1"/>
              <ToPointRef ref="VTR:ScheduledStopPoint:1141460" version="1"/>
            </ServiceLink>
            <ServiceLink id="VTR:ServiceLink:1141456_1_1141457_1" version="1">
              <Distance>76</Distance>
              <FromPointRef ref="VTR:ScheduledStopPoint:1141456" version="1"/>
              <ToPointRef ref="VTR:ScheduledStopPoint:1141457" version="1"/>
            </ServiceLink>
          </serviceLinks>
          <stopAssignments>
            <PassengerStopAssignment order="1603600000" id="VTR:PassengerStopAssignment:1141419" version="1">
              <ScheduledStopPointRef ref="VTR:ScheduledStopPoint:1141419" version="1"/>
              <QuayRef ref="VTR:Quay:19485"/>
            </PassengerStopAssignment>
            <PassengerStopAssignment order="1603600001" id="VTR:PassengerStopAssignment:1141420" version="1">
              <ScheduledStopPointRef ref="VTR:ScheduledStopPoint:1141420" version="1"/>
              <QuayRef ref="VTR:Quay:19470"/>
            </PassengerStopAssignment>
            <PassengerStopAssignment order="1603600002" id="VTR:PassengerStopAssignment:1141421" version="1">
              <ScheduledStopPointRef ref="VTR:ScheduledStopPoint:1141421" version="1"/>
              <QuayRef ref="VTR:Quay:19462"/>
            </PassengerStopAssignment>
            <PassengerStopAssignment order="1603600003" id="VTR:PassengerStopAssignment:1141422" version="1">
              <ScheduledStopPointRef ref="VTR:ScheduledStopPoint:1141422" version="1"/>
              <QuayRef ref="VTR:Quay:31519"/>
            </PassengerStopAssignment>
            <PassengerStopAssignment order="1603600004" id="VTR:PassengerStopAssignment:1141423" version="1">
              <ScheduledStopPointRef ref="VTR:ScheduledStopPoint:1141423" version="1"/>
              <QuayRef ref="VTR:Quay:31520"/>
            </PassengerStopAssignment>
            <PassengerStopAssignment order="1603600005" id="VTR:PassengerStopAssignment:1141424" version="1">
              <ScheduledStopPointRef ref="VTR:ScheduledStopPoint:1141424" version="1"/>
              <QuayRef ref="VTR:Quay:32330"/>
            </PassengerStopAssignment>
            <PassengerStopAssignment order="1603600006" id="VTR:PassengerStopAssignment:1141425" version="1">
              <ScheduledStopPointRef ref="VTR:ScheduledStopPoint:1141425" version="1"/>
              <QuayRef ref="VTR:Quay:32329"/>
            </PassengerStopAssignment>
            <PassengerStopAssignment order="1603600007" id="VTR:PassengerStopAssignment:1141426" version="1">
              <ScheduledStopPointRef ref="VTR:ScheduledStopPoint:1141426" version="1"/>
              <QuayRef ref="VTR:Quay:32328"/>
            </PassengerStopAssignment>
            <PassengerStopAssignment order="1603600008" id="VTR:PassengerStopAssignment:1141427" version="1">
              <ScheduledStopPointRef ref="VTR:ScheduledStopPoint:1141427" version="1"/>
              <QuayRef ref="VTR:Quay:32327"/>
            </PassengerStopAssignment>
            <PassengerStopAssignment order="1603600009" id="VTR:PassengerStopAssignment:1141428" version="1">
              <ScheduledStopPointRef ref="VTR:ScheduledStopPoint:1141428" version="1"/>
              <QuayRef ref="VTR:Quay:32326"/>
            </PassengerStopAssignment>
            <PassengerStopAssignment order="1603600010" id="VTR:PassengerStopAssignment:1141429" version="1">
              <ScheduledStopPointRef ref="VTR:ScheduledStopPoint:1141429" version="1"/>
              <QuayRef ref="VTR:Quay:32325"/>
            </PassengerStopAssignment>
            <PassengerStopAssignment order="1603700000" id="VTR:PassengerStopAssignment:1141452" version="1">
              <ScheduledStopPointRef ref="VTR:ScheduledStopPoint:1141452" version="1"/>
              <QuayRef ref="VTR:Quay:32325"/>
            </PassengerStopAssignment>
            <PassengerStopAssignment order="1603700001" id="VTR:PassengerStopAssignment:1141453" version="1">
              <ScheduledStopPointRef ref="VTR:ScheduledStopPoint:1141453" version="1"/>
              <QuayRef ref="VTR:Quay:32326"/>
            </PassengerStopAssignment>
            <PassengerStopAssignment order="1603700002" id="VTR:PassengerStopAssignment:1141454" version="1">
              <ScheduledStopPointRef ref="VTR:ScheduledStopPoint:1141454" version="1"/>
              <QuayRef ref="VTR:Quay:32327"/>
            </PassengerStopAssignment>
            <PassengerStopAssignment order="1603700003" id="VTR:PassengerStopAssignment:1141455" version="1">
              <ScheduledStopPointRef ref="VTR:ScheduledStopPoint:1141455" version="1"/>
              <QuayRef ref="VTR:Quay:32328"/>
            </PassengerStopAssignment>
            <PassengerStopAssignment order="1603700004" id="VTR:PassengerStopAssignment:1141456" version="1">
              <ScheduledStopPointRef ref="VTR:ScheduledStopPoint:1141456" version="1"/>
              <QuayRef ref="VTR:Quay:32329"/>
            </PassengerStopAssignment>
            <PassengerStopAssignment order="1603700005" id="VTR:PassengerStopAssignment:1141457" version="1">
              <ScheduledStopPointRef ref="VTR:ScheduledStopPoint:1141457" version="1"/>
              <QuayRef ref="VTR:Quay:32330"/>
            </PassengerStopAssignment>
            <PassengerStopAssignment order="1603700006" id="VTR:PassengerStopAssignment:1141458" version="1">
              <ScheduledStopPointRef ref="VTR:ScheduledStopPoint:1141458" version="1"/>
              <QuayRef ref="VTR:Quay:31520"/>
            </PassengerStopAssignment>
            <PassengerStopAssignment order="1603700007" id="VTR:PassengerStopAssignment:1141459" version="1">
              <ScheduledStopPointRef ref="VTR:ScheduledStopPoint:1141459" version="1"/>
              <QuayRef ref="VTR:Quay:31519"/>
            </PassengerStopAssignment>
            <PassengerStopAssignment order="1603700008" id="VTR:PassengerStopAssignment:1141460" version="1">
              <ScheduledStopPointRef ref="VTR:ScheduledStopPoint:1141460" version="1"/>
              <QuayRef ref="VTR:Quay:19462"/>
            </PassengerStopAssignment>
            <PassengerStopAssignment order="1603700009" id="VTR:PassengerStopAssignment:1141461" version="1">
              <ScheduledStopPointRef ref="VTR:ScheduledStopPoint:1141461" version="1"/>
              <QuayRef ref="VTR:Quay:19470"/>
            </PassengerStopAssignment>
            <PassengerStopAssignment order="1603700010" id="VTR:PassengerStopAssignment:1141462" version="1">
              <ScheduledStopPointRef ref="VTR:ScheduledStopPoint:1141462" version="1"/>
              <QuayRef ref="VTR:Quay:19485"/>
            </PassengerStopAssignment>
          </stopAssignments>
          <journeyPatterns>
            <JourneyPattern id="VTR:JourneyPattern:2229471" version="2230757">
              <Name>2</Name>
              <RouteRef ref="VTR:Route:16037" version="1"/>
              <pointsInSequence>
                <StopPointInJourneyPattern id="VTR:StopPointInJourneyPattern:78939623" version="2230757" order="1">
                  <ScheduledStopPointRef ref="VTR:ScheduledStopPoint:1141452"/>
                  <DestinationDisplayRef ref="VTR:DestinationDisplay:1"/>
                </StopPointInJourneyPattern>
                <StopPointInJourneyPattern id="VTR:StopPointInJourneyPattern:78939624" version="2230757" order="2">
                  <ScheduledStopPointRef ref="VTR:ScheduledStopPoint:1141453"/>
                  <DestinationDisplayRef ref="VTR:DestinationDisplay:1"/>
                </StopPointInJourneyPattern>
                <StopPointInJourneyPattern id="VTR:StopPointInJourneyPattern:78939625" version="2230757" order="3">
                  <ScheduledStopPointRef ref="VTR:ScheduledStopPoint:1141454"/>
                  <DestinationDisplayRef ref="VTR:DestinationDisplay:1"/>
                </StopPointInJourneyPattern>
                <StopPointInJourneyPattern id="VTR:StopPointInJourneyPattern:78939626" version="2230757" order="4">
                  <ScheduledStopPointRef ref="VTR:ScheduledStopPoint:1141455"/>
                  <DestinationDisplayRef ref="VTR:DestinationDisplay:1"/>
                </StopPointInJourneyPattern>
                <StopPointInJourneyPattern id="VTR:StopPointInJourneyPattern:78939627" version="2230757" order="5">
                  <ScheduledStopPointRef ref="VTR:ScheduledStopPoint:1141456"/>
                  <DestinationDisplayRef ref="VTR:DestinationDisplay:1"/>
                </StopPointInJourneyPattern>
                <StopPointInJourneyPattern id="VTR:StopPointInJourneyPattern:78939628" version="2230757" order="6">
                  <ScheduledStopPointRef ref="VTR:ScheduledStopPoint:1141457"/>
                  <DestinationDisplayRef ref="VTR:DestinationDisplay:1"/>
                </StopPointInJourneyPattern>
                <StopPointInJourneyPattern id="VTR:StopPointInJourneyPattern:78939629" version="2230757" order="7">
                  <ScheduledStopPointRef ref="VTR:ScheduledStopPoint:1141458"/>
                  <DestinationDisplayRef ref="VTR:DestinationDisplay:1"/>
                </StopPointInJourneyPattern>
                <StopPointInJourneyPattern id="VTR:StopPointInJourneyPattern:78939630" version="2230757" order="8">
                  <ScheduledStopPointRef ref="VTR:ScheduledStopPoint:1141459"/>
                  <DestinationDisplayRef ref="VTR:DestinationDisplay:1"/>
                </StopPointInJourneyPattern>
                <StopPointInJourneyPattern id="VTR:StopPointInJourneyPattern:78939631" version="2230757" order="9">
                  <ScheduledStopPointRef ref="VTR:ScheduledStopPoint:1141460"/>
                  <DestinationDisplayRef ref="VTR:DestinationDisplay:1"/>
                </StopPointInJourneyPattern>
                <StopPointInJourneyPattern id="VTR:StopPointInJourneyPattern:78939632" version="2230757" order="10">
                  <ScheduledStopPointRef ref="VTR:ScheduledStopPoint:1141461"/>
                  <DestinationDisplayRef ref="VTR:DestinationDisplay:1"/>
                </StopPointInJourneyPattern>
                <StopPointInJourneyPattern id="VTR:StopPointInJourneyPattern:78939633" version="2230757" order="11">
                  <ScheduledStopPointRef ref="VTR:ScheduledStopPoint:1141462"/>
                  <DestinationDisplayRef ref="VTR:DestinationDisplay:1"/>
                </StopPointInJourneyPattern>
              </pointsInSequence>
            </JourneyPattern>
            <JourneyPattern id="VTR:JourneyPattern:2229469" version="2230755">
              <Name>1</Name>
              <RouteRef ref="VTR:Route:16036" version="1"/>
              <pointsInSequence>
                <StopPointInJourneyPattern id="VTR:StopPointInJourneyPattern:78939591" version="2230755" order="1">
                  <ScheduledStopPointRef ref="VTR:ScheduledStopPoint:1141419"/>
                  <DestinationDisplayRef ref="VTR:DestinationDisplay:1"/>
                </StopPointInJourneyPattern>
                <StopPointInJourneyPattern id="VTR:StopPointInJourneyPattern:78939592" version="2230755" order="2">
                  <ScheduledStopPointRef ref="VTR:ScheduledStopPoint:1141420"/>
                  <DestinationDisplayRef ref="VTR:DestinationDisplay:1"/>
                </StopPointInJourneyPattern>
                <StopPointInJourneyPattern id="VTR:StopPointInJourneyPattern:78939593" version="2230755" order="3">
                  <ScheduledStopPointRef ref="VTR:ScheduledStopPoint:1141421"/>
                  <DestinationDisplayRef ref="VTR:DestinationDisplay:1"/>
                </StopPointInJourneyPattern>
                <StopPointInJourneyPattern id="VTR:StopPointInJourneyPattern:78939594" version="2230755" order="4">
                  <ScheduledStopPointRef ref="VTR:ScheduledStopPoint:1141422"/>
                  <DestinationDisplayRef ref="VTR:DestinationDisplay:1"/>
                </StopPointInJourneyPattern>
                <StopPointInJourneyPattern id="VTR:StopPointInJourneyPattern:78939595" version="2230755" order="5">
                  <ScheduledStopPointRef ref="VTR:ScheduledStopPoint:1141423"/>
                  <DestinationDisplayRef ref="VTR:DestinationDisplay:1"/>
                </StopPointInJourneyPattern>
                <StopPointInJourneyPattern id="VTR:StopPointInJourneyPattern:78939596" version="2230755" order="6">
                  <ScheduledStopPointRef ref="VTR:ScheduledStopPoint:1141424"/>
                  <DestinationDisplayRef ref="VTR:DestinationDisplay:1"/>
                </StopPointInJourneyPattern>
                <StopPointInJourneyPattern id="VTR:StopPointInJourneyPattern:78939597" version="2230755" order="7">
                  <ScheduledStopPointRef ref="VTR:ScheduledStopPoint:1141425"/>
                  <DestinationDisplayRef ref="VTR:DestinationDisplay:1"/>
                </StopPointInJourneyPattern>
                <StopPointInJourneyPattern id="VTR:StopPointInJourneyPattern:78939598" version="2230755" order="8">
                  <ScheduledStopPointRef ref="VTR:ScheduledStopPoint:1141426"/>
                  <DestinationDisplayRef ref="VTR:DestinationDisplay:1"/>
                </StopPointInJourneyPattern>
                <StopPointInJourneyPattern id="VTR:StopPointInJourneyPattern:78939599" version="2230755" order="9">
                  <ScheduledStopPointRef ref="VTR:ScheduledStopPoint:1141427"/>
                  <DestinationDisplayRef ref="VTR:DestinationDisplay:1"/>
                </StopPointInJourneyPattern>
                <StopPointInJourneyPattern id="VTR:StopPointInJourneyPattern:78939600" version="2230755" order="10">
                  <ScheduledStopPointRef ref="VTR:ScheduledStopPoint:1141428"/>
                  <DestinationDisplayRef ref="VTR:DestinationDisplay:1"/>
                </StopPointInJourneyPattern>
                <StopPointInJourneyPattern id="VTR:StopPointInJourneyPattern:78939601" version="2230755" order="11">
                  <ScheduledStopPointRef ref="VTR:ScheduledStopPoint:1141429"/>
                  <DestinationDisplayRef ref="VTR:DestinationDisplay:1"/>
                </StopPointInJourneyPattern>
              </pointsInSequence>
            </JourneyPattern>
          </journeyPatterns>
        </ServiceFrame>
        <TimetableFrame version="1" id="VTR:TimetableFrame:1109">
          <vehicleJourneys>
            <ServiceJourney version="2230755" id="VTR:ServiceJourney:2229469">
              <Name>Vilnius - Gdanskas</Name>
              <PrivateCode>1</PrivateCode>
              <dayTypes>
                <DayTypeRef ref="VTR:DayType:90"/>
              </dayTypes>
              <JourneyPatternRef version="2230755" ref="VTR:JourneyPattern:2229469"/>
              <OperatorRef ref="VTR:Operator:528"/>
              <LineRef ref="VTR:Line:5804" version="7135"/>
              <passingTimes>
                <TimetabledPassingTime version="2230755" id="VTR:TimetabledPassingTime:2229469_78939591_1">
                  <StopPointInJourneyPatternRef ref="VTR:StopPointInJourneyPattern:78939591" version="2230755"/>
                  <DepartureTime>21:00:00</DepartureTime>
                  <DepartureDayOffset>0</DepartureDayOffset>
                </TimetabledPassingTime>
                <TimetabledPassingTime version="2230755" id="VTR:TimetabledPassingTime:2229469_78939592_2">
                  <StopPointInJourneyPatternRef ref="VTR:StopPointInJourneyPattern:78939592" version="2230755"/>
                  <DepartureTime>22:40:00</DepartureTime>
                  <DepartureDayOffset>0</DepartureDayOffset>
                </TimetabledPassingTime>
                <TimetabledPassingTime version="2230755" id="VTR:TimetabledPassingTime:2229469_78939593_3">
                  <StopPointInJourneyPatternRef ref="VTR:StopPointInJourneyPattern:78939593" version="2230755"/>
                  <DepartureTime>23:40:00</DepartureTime>
                  <DepartureDayOffset>0</DepartureDayOffset>
                </TimetabledPassingTime>
                <TimetabledPassingTime version="2230755" id="VTR:TimetabledPassingTime:2229469_78939594_4">
                  <StopPointInJourneyPatternRef ref="VTR:StopPointInJourneyPattern:78939594" version="2230755"/>
                  <DepartureTime>00:15:00</DepartureTime>
                  <DepartureDayOffset>1</DepartureDayOffset>
                </TimetabledPassingTime>
                <TimetabledPassingTime version="2230755" id="VTR:TimetabledPassingTime:2229469_78939595_5">
                  <StopPointInJourneyPatternRef ref="VTR:StopPointInJourneyPattern:78939595" version="2230755"/>
                  <DepartureTime>00:15:00</DepartureTime>
                  <DepartureDayOffset>1</DepartureDayOffset>
                </TimetabledPassingTime>
                <TimetabledPassingTime version="2230755" id="VTR:TimetabledPassingTime:2229469_78939596_6">
                  <StopPointInJourneyPatternRef ref="VTR:StopPointInJourneyPattern:78939596" version="2230755"/>
                  <DepartureTime>00:45:00</DepartureTime>
                  <DepartureDayOffset>1</DepartureDayOffset>
                </TimetabledPassingTime>
                <TimetabledPassingTime version="2230755" id="VTR:TimetabledPassingTime:2229469_78939597_7">
                  <StopPointInJourneyPatternRef ref="VTR:StopPointInJourneyPattern:78939597" version="2230755"/>
                  <DepartureTime>02:20:00</DepartureTime>
                  <DepartureDayOffset>1</DepartureDayOffset>
                </TimetabledPassingTime>
                <TimetabledPassingTime version="2230755" id="VTR:TimetabledPassingTime:2229469_78939598_8">
                  <StopPointInJourneyPatternRef ref="VTR:StopPointInJourneyPattern:78939598" version="2230755"/>
                  <DepartureTime>03:10:00</DepartureTime>
                  <DepartureDayOffset>1</DepartureDayOffset>
                </TimetabledPassingTime>
                <TimetabledPassingTime version="2230755" id="VTR:TimetabledPassingTime:2229469_78939599_9">
                  <StopPointInJourneyPatternRef ref="VTR:StopPointInJourneyPattern:78939599" version="2230755"/>
                  <DepartureTime>04:20:00</DepartureTime>
                  <DepartureDayOffset>1</DepartureDayOffset>
                </TimetabledPassingTime>
                <TimetabledPassingTime version="2230755" id="VTR:TimetabledPassingTime:2229469_78939600_10">
                  <StopPointInJourneyPatternRef ref="VTR:StopPointInJourneyPattern:78939600" version="2230755"/>
                  <DepartureTime>06:00:00</DepartureTime>
                  <DepartureDayOffset>1</DepartureDayOffset>
                </TimetabledPassingTime>
                <TimetabledPassingTime version="2230755" id="VTR:TimetabledPassingTime:2229469_78939601_11">
                  <StopPointInJourneyPatternRef ref="VTR:StopPointInJourneyPattern:78939601" version="2230755"/>
                  <DepartureTime>07:30:00</DepartureTime>
                  <DepartureDayOffset>1</DepartureDayOffset>
                </TimetabledPassingTime>
              </passingTimes>
            </ServiceJourney>
            <ServiceJourney version="2230757" id="VTR:ServiceJourney:2229471">
              <Name>Gdanskas - Vilnius</Name>
              <PrivateCode>2</PrivateCode>
              <dayTypes>
                <DayTypeRef ref="VTR:DayType:90"/>
              </dayTypes>
              <JourneyPatternRef version="2230757" ref="VTR:JourneyPattern:2229471"/>
              <OperatorRef ref="VTR:Operator:528"/>
              <LineRef ref="VTR:Line:5804" version="7135"/>
              <passingTimes>
                <TimetabledPassingTime version="2230757" id="VTR:TimetabledPassingTime:2229471_78939623_1">
                  <StopPointInJourneyPatternRef ref="VTR:StopPointInJourneyPattern:78939623" version="2230757"/>
                  <DepartureTime>19:00:00</DepartureTime>
                  <DepartureDayOffset>0</DepartureDayOffset>
                </TimetabledPassingTime>
                <TimetabledPassingTime version="2230757" id="VTR:TimetabledPassingTime:2229471_78939624_2">
                  <StopPointInJourneyPatternRef ref="VTR:StopPointInJourneyPattern:78939624" version="2230757"/>
                  <DepartureTime>20:20:00</DepartureTime>
                  <DepartureDayOffset>0</DepartureDayOffset>
                </TimetabledPassingTime>
                <TimetabledPassingTime version="2230757" id="VTR:TimetabledPassingTime:2229471_78939625_3">
                  <StopPointInJourneyPatternRef ref="VTR:StopPointInJourneyPattern:78939625" version="2230757"/>
                  <DepartureTime>22:10:00</DepartureTime>
                  <DepartureDayOffset>0</DepartureDayOffset>
                </TimetabledPassingTime>
                <TimetabledPassingTime version="2230757" id="VTR:TimetabledPassingTime:2229471_78939626_4">
                  <StopPointInJourneyPatternRef ref="VTR:StopPointInJourneyPattern:78939626" version="2230757"/>
                  <DepartureTime>23:10:00</DepartureTime>
                  <DepartureDayOffset>0</DepartureDayOffset>
                </TimetabledPassingTime>
                <TimetabledPassingTime version="2230757" id="VTR:TimetabledPassingTime:2229471_78939627_5">
                  <StopPointInJourneyPatternRef ref="VTR:StopPointInJourneyPattern:78939627" version="2230757"/>
                  <DepartureTime>00:05:00</DepartureTime>
                  <DepartureDayOffset>1</DepartureDayOffset>
                </TimetabledPassingTime>
                <TimetabledPassingTime version="2230757" id="VTR:TimetabledPassingTime:2229471_78939628_6">
                  <StopPointInJourneyPatternRef ref="VTR:StopPointInJourneyPattern:78939628" version="2230757"/>
                  <DepartureTime>01:45:00</DepartureTime>
                  <DepartureDayOffset>1</DepartureDayOffset>
                </TimetabledPassingTime>
                <TimetabledPassingTime version="2230757" id="VTR:TimetabledPassingTime:2229471_78939629_7">
                  <StopPointInJourneyPatternRef ref="VTR:StopPointInJourneyPattern:78939629" version="2230757"/>
                  <DepartureTime>02:10:00</DepartureTime>
                  <DepartureDayOffset>1</DepartureDayOffset>
                </TimetabledPassingTime>
                <TimetabledPassingTime version="2230757" id="VTR:TimetabledPassingTime:2229471_78939630_8">
                  <StopPointInJourneyPatternRef ref="VTR:StopPointInJourneyPattern:78939630" version="2230757"/>
                  <DepartureTime>02:10:00</DepartureTime>
                  <DepartureDayOffset>1</DepartureDayOffset>
                </TimetabledPassingTime>
                <TimetabledPassingTime version="2230757" id="VTR:TimetabledPassingTime:2229471_78939631_9">
                  <StopPointInJourneyPatternRef ref="VTR:StopPointInJourneyPattern:78939631" version="2230757"/>
                  <DepartureTime>02:50:00</DepartureTime>
                  <DepartureDayOffset>1</DepartureDayOffset>
                </TimetabledPassingTime>
                <TimetabledPassingTime version="2230757" id="VTR:TimetabledPassingTime:2229471_78939632_10">
                  <StopPointInJourneyPatternRef ref="VTR:StopPointInJourneyPattern:78939632" version="2230757"/>
                  <DepartureTime>03:50:00</DepartureTime>
                  <DepartureDayOffset>1</DepartureDayOffset>
                </TimetabledPassingTime>
                <TimetabledPassingTime version="2230757" id="VTR:TimetabledPassingTime:2229471_78939633_11">
                  <StopPointInJourneyPatternRef ref="VTR:StopPointInJourneyPattern:78939633" version="2230757"/>
                  <DepartureTime>05:30:00</DepartureTime>
                  <DepartureDayOffset>1</DepartureDayOffset>
                </TimetabledPassingTime>
              </passingTimes>
            </ServiceJourney>
          </vehicleJourneys>
        </TimetableFrame>
        <ResourceFrame version="1" id="VTR:ResourceFrame:1109">
          <organisations>
            <Authority version="1" id="VTR:Authority:2">
              <CompanyNumber>188647255</CompanyNumber>
              <Name>LTSA</Name>
              <LegalName>Lietuvos transporto saugos administracija</LegalName>
              <ContactDetails>
                <Email>ltsa@ltsa.lrv.lt</Email>
                <Phone>8 5  278 5602</Phone>
                <Url>www.ltsa.lrv.lt</Url>
              </ContactDetails>
              <OrganisationType>authority</OrganisationType>
            </Authority>
          </organisations>
        </ResourceFrame>
      </frames>
    </CompositeFrame>
  </dataObjects>
</PublicationDelivery>
