<?xml version="1.0" encoding="UTF-8"?><PublicationDelivery xmlns="http://www.netex.org.uk/netex" xmlns:gis="http://www.opengis.net/gml/3.2" xmlns:ns2="http://www.opengis.net/gml/3.2" xmlns:ns3="http://www.siri.org.uk/siri" xmlns:xsi="http://www.w3.org/2001/XMLSchema-instance" version="1" xsi:schemaLocation="">
  <PublicationTimestamp>2022-03-19T00:40:00.256</PublicationTimestamp>
  <ParticipantRef>VTR</ParticipantRef>
  <Description>1</Description>
  <dataObjects>
    <CompositeFrame created="2022-03-19T00:40:00.256" version="1" id="VTR:CompositeFrame:1109">
      <validityConditions>
        <AvailabilityCondition version="1" id="VTR:AvailabilityCondition:1109">
          <FromDate>2010-03-04T00:00:00</FromDate>
          <ToDate>2023-03-31T00:00:00</ToDate>
        </AvailabilityCondition>
      </validityConditions>
      <codespaces>
        <Codespace id="vtr">
          <Xmlns>VTR</Xmlns>
          <XmlnsUrl>http://www.visimarsrutai.lt/</XmlnsUrl>
        </Codespace>
      </codespaces>
      <FrameDefaults>
        <DefaultLocale>
          <TimeZone>Europe/Vilnius</TimeZone>
        </DefaultLocale>
        <DefaultLocationSystem>WGS84</DefaultLocationSystem>
      </FrameDefaults>
      <frames>
        <ServiceCalendarFrame version="1" id="VTR:ServiceCalendarFrame:1109">
          <dayTypes>
            <DayType id="VTR:DayType:1043" version="1">
              <properties>
                <PropertyOfDay>
                  <DaysOfWeek>Monday Tuesday Wednesday Thursday Friday Saturday</DaysOfWeek>
                </PropertyOfDay>
              </properties>
            </DayType>
            <DayType id="VTR:DayType:90" version="1">
              <properties>
                <PropertyOfDay>
                  <DaysOfWeek>Weekdays</DaysOfWeek>
                </PropertyOfDay>
              </properties>
            </DayType>
          </dayTypes>
          <operatingPeriods>
            <OperatingPeriod version="1" id="VTR:OperatingPeriod:1043">
              <FromDate>2015-06-02T00:00:00</FromDate>
              <ToDate>2099-12-31T00:00:00</ToDate>
            </OperatingPeriod>
            <OperatingPeriod version="1" id="VTR:OperatingPeriod:90">
              <FromDate>2015-06-02T00:00:00</FromDate>
              <ToDate>2099-12-31T00:00:00</ToDate>
            </OperatingPeriod>
          </operatingPeriods>
          <dayTypeAssignments>
            <DayTypeAssignment id="VTR:DayTypeAssignment:90_0" version="1" order="211">
              <OperatingPeriodRef ref="VTR:OperatingPeriod:90" version="1"/>
              <DayTypeRef ref="VTR:DayType:90" version="1"/>
            </DayTypeAssignment>
            <DayTypeAssignment id="VTR:DayTypeAssignment:1043_0" version="1" order="590">
              <OperatingPeriodRef ref="VTR:OperatingPeriod:1043" version="1"/>
              <DayTypeRef ref="VTR:DayType:1043" version="1"/>
            </DayTypeAssignment>
            <DayTypeAssignment id="VTR:DayTypeAssignment:1043_896267" version="1" order="10658">
              <Date>2022-06-29</Date>
              <DayTypeRef ref="VTR:DayType:1043" version="1"/>
            </DayTypeAssignment>
            <DayTypeAssignment id="VTR:DayTypeAssignment:1043_896287" version="1" order="10659">
              <Date>2022-06-07</Date>
              <DayTypeRef ref="VTR:DayType:1043" version="1"/>
            </DayTypeAssignment>
            <DayTypeAssignment id="VTR:DayTypeAssignment:1043_896291" version="1" order="10660">
              <Date>2022-06-21</Date>
              <DayTypeRef ref="VTR:DayType:1043" version="1"/>
            </DayTypeAssignment>
            <DayTypeAssignment id="VTR:DayTypeAssignment:1043_909601" version="1" order="10661">
              <Date>2022-08-04</Date>
              <DayTypeRef ref="VTR:DayType:1043" version="1"/>
            </DayTypeAssignment>
            <DayTypeAssignment id="VTR:DayTypeAssignment:1043_909602" version="1" order="10662">
              <Date>2022-08-24</Date>
              <DayTypeRef ref="VTR:DayType:1043" version="1"/>
            </DayTypeAssignment>
            <DayTypeAssignment id="VTR:DayTypeAssignment:1043_909603" version="1" order="10663">
              <Date>2022-08-11</Date>
              <DayTypeRef ref="VTR:DayType:1043" version="1"/>
            </DayTypeAssignment>
            <DayTypeAssignment id="VTR:DayTypeAssignment:1043_909604" version="1" order="10664">
              <Date>2022-08-31</Date>
              <DayTypeRef ref="VTR:DayType:1043" version="1"/>
            </DayTypeAssignment>
            <DayTypeAssignment id="VTR:DayTypeAssignment:1043_909609" version="1" order="10665">
              <Date>2022-08-19</Date>
              <DayTypeRef ref="VTR:DayType:1043" version="1"/>
            </DayTypeAssignment>
            <DayTypeAssignment id="VTR:DayTypeAssignment:1043_902667" version="1" order="10666">
              <Date>2022-07-11</Date>
              <DayTypeRef ref="VTR:DayType:1043" version="1"/>
            </DayTypeAssignment>
            <DayTypeAssignment id="VTR:DayTypeAssignment:1043_902656" version="1" order="10667">
              <Date>2022-07-02</Date>
              <DayTypeRef ref="VTR:DayType:1043" version="1"/>
            </DayTypeAssignment>
            <DayTypeAssignment id="VTR:DayTypeAssignment:1043_902661" version="1" order="10668">
              <Date>2022-07-23</Date>
              <DayTypeRef ref="VTR:DayType:1043" version="1"/>
            </DayTypeAssignment>
            <DayTypeAssignment id="VTR:DayTypeAssignment:1043_902663" version="1" order="10669">
              <Date>2022-07-10</Date>
              <DayTypeRef ref="VTR:DayType:1043" version="1"/>
            </DayTypeAssignment>
            <DayTypeAssignment id="VTR:DayTypeAssignment:1043_902668" version="1" order="10670">
              <Date>2022-07-31</Date>
              <DayTypeRef ref="VTR:DayType:1043" version="1"/>
            </DayTypeAssignment>
            <DayTypeAssignment id="VTR:DayTypeAssignment:1043_896286" version="1" order="10671">
              <Date>2022-06-20</Date>
              <DayTypeRef ref="VTR:DayType:1043" version="1"/>
            </DayTypeAssignment>
            <DayTypeAssignment id="VTR:DayTypeAssignment:1043_896289" version="1" order="10672">
              <Date>2022-06-14</Date>
              <DayTypeRef ref="VTR:DayType:1043" version="1"/>
            </DayTypeAssignment>
            <DayTypeAssignment id="VTR:DayTypeAssignment:1043_896290" version="1" order="10673">
              <Date>2022-06-01</Date>
              <DayTypeRef ref="VTR:DayType:1043" version="1"/>
            </DayTypeAssignment>
            <DayTypeAssignment id="VTR:DayTypeAssignment:1043_896293" version="1" order="10674">
              <Date>2022-06-28</Date>
              <DayTypeRef ref="VTR:DayType:1043" version="1"/>
            </DayTypeAssignment>
            <DayTypeAssignment id="VTR:DayTypeAssignment:1043_909591" version="1" order="10675">
              <Date>2022-08-22</Date>
              <DayTypeRef ref="VTR:DayType:1043" version="1"/>
            </DayTypeAssignment>
            <DayTypeAssignment id="VTR:DayTypeAssignment:1043_909592" version="1" order="10676">
              <Date>2022-08-02</Date>
              <DayTypeRef ref="VTR:DayType:1043" version="1"/>
            </DayTypeAssignment>
            <DayTypeAssignment id="VTR:DayTypeAssignment:1043_902641" version="1" order="10677">
              <Date>2022-07-05</Date>
              <DayTypeRef ref="VTR:DayType:1043" version="1"/>
            </DayTypeAssignment>
            <DayTypeAssignment id="VTR:DayTypeAssignment:1043_902645" version="1" order="10678">
              <Date>2022-07-26</Date>
              <DayTypeRef ref="VTR:DayType:1043" version="1"/>
            </DayTypeAssignment>
            <DayTypeAssignment id="VTR:DayTypeAssignment:1043_902648" version="1" order="10679">
              <Date>2022-07-27</Date>
              <DayTypeRef ref="VTR:DayType:1043" version="1"/>
            </DayTypeAssignment>
            <DayTypeAssignment id="VTR:DayTypeAssignment:1043_902650" version="1" order="10680">
              <Date>2022-07-14</Date>
              <DayTypeRef ref="VTR:DayType:1043" version="1"/>
            </DayTypeAssignment>
            <DayTypeAssignment id="VTR:DayTypeAssignment:1043_902654" version="1" order="10681">
              <Date>2022-07-15</Date>
              <DayTypeRef ref="VTR:DayType:1043" version="1"/>
            </DayTypeAssignment>
            <DayTypeAssignment id="VTR:DayTypeAssignment:1043_896263" version="1" order="10682">
              <Date>2022-06-15</Date>
              <DayTypeRef ref="VTR:DayType:1043" version="1"/>
            </DayTypeAssignment>
            <DayTypeAssignment id="VTR:DayTypeAssignment:1043_896276" version="1" order="10683">
              <Date>2022-07-01</Date>
              <DayTypeRef ref="VTR:DayType:1043" version="1"/>
            </DayTypeAssignment>
            <DayTypeAssignment id="VTR:DayTypeAssignment:1043_896282" version="1" order="10684">
              <Date>2022-06-19</Date>
              <DayTypeRef ref="VTR:DayType:1043" version="1"/>
            </DayTypeAssignment>
            <DayTypeAssignment id="VTR:DayTypeAssignment:1043_896284" version="1" order="10685">
              <Date>2022-06-26</Date>
              <DayTypeRef ref="VTR:DayType:1043" version="1"/>
            </DayTypeAssignment>
            <DayTypeAssignment id="VTR:DayTypeAssignment:1043_909587" version="1" order="10686">
              <Date>2022-08-01</Date>
              <DayTypeRef ref="VTR:DayType:1043" version="1"/>
            </DayTypeAssignment>
            <DayTypeAssignment id="VTR:DayTypeAssignment:1043_909588" version="1" order="10687">
              <Date>2022-08-28</Date>
              <DayTypeRef ref="VTR:DayType:1043" version="1"/>
            </DayTypeAssignment>
            <DayTypeAssignment id="VTR:DayTypeAssignment:1043_909593" version="1" order="10688">
              <Date>2022-08-09</Date>
              <DayTypeRef ref="VTR:DayType:1043" version="1"/>
            </DayTypeAssignment>
            <DayTypeAssignment id="VTR:DayTypeAssignment:1043_909595" version="1" order="10689">
              <Date>2022-08-16</Date>
              <DayTypeRef ref="VTR:DayType:1043" version="1"/>
            </DayTypeAssignment>
            <DayTypeAssignment id="VTR:DayTypeAssignment:1043_909598" version="1" order="10690">
              <Date>2022-08-30</Date>
              <DayTypeRef ref="VTR:DayType:1043" version="1"/>
            </DayTypeAssignment>
            <DayTypeAssignment id="VTR:DayTypeAssignment:1043_909600" version="1" order="10691">
              <Date>2022-08-17</Date>
              <DayTypeRef ref="VTR:DayType:1043" version="1"/>
            </DayTypeAssignment>
            <DayTypeAssignment id="VTR:DayTypeAssignment:1043_902642" version="1" order="10692">
              <Date>2022-07-12</Date>
              <DayTypeRef ref="VTR:DayType:1043" version="1"/>
            </DayTypeAssignment>
            <DayTypeAssignment id="VTR:DayTypeAssignment:1043_902655" version="1" order="10693">
              <Date>2022-07-22</Date>
              <DayTypeRef ref="VTR:DayType:1043" version="1"/>
            </DayTypeAssignment>
            <DayTypeAssignment id="VTR:DayTypeAssignment:1043_902665" version="1" order="10694">
              <Date>2022-07-04</Date>
              <DayTypeRef ref="VTR:DayType:1043" version="1"/>
            </DayTypeAssignment>
            <DayTypeAssignment id="VTR:DayTypeAssignment:1043_896268" version="1" order="10695">
              <Date>2022-06-16</Date>
              <DayTypeRef ref="VTR:DayType:1043" version="1"/>
            </DayTypeAssignment>
            <DayTypeAssignment id="VTR:DayTypeAssignment:1043_896273" version="1" order="10696">
              <Date>2022-06-17</Date>
              <DayTypeRef ref="VTR:DayType:1043" version="1"/>
            </DayTypeAssignment>
            <DayTypeAssignment id="VTR:DayTypeAssignment:1043_909607" version="1" order="10697">
              <Date>2022-08-05</Date>
              <DayTypeRef ref="VTR:DayType:1043" version="1"/>
            </DayTypeAssignment>
            <DayTypeAssignment id="VTR:DayTypeAssignment:1043_909614" version="1" order="10698">
              <Date>2022-08-27</Date>
              <DayTypeRef ref="VTR:DayType:1043" version="1"/>
            </DayTypeAssignment>
            <DayTypeAssignment id="VTR:DayTypeAssignment:1043_896264" version="1" order="10699">
              <Date>2022-06-02</Date>
              <DayTypeRef ref="VTR:DayType:1043" version="1"/>
            </DayTypeAssignment>
            <DayTypeAssignment id="VTR:DayTypeAssignment:1043_896271" version="1" order="10700">
              <Date>2022-06-30</Date>
              <DayTypeRef ref="VTR:DayType:1043" version="1"/>
            </DayTypeAssignment>
            <DayTypeAssignment id="VTR:DayTypeAssignment:1043_909613" version="1" order="10701">
              <Date>2022-08-20</Date>
              <DayTypeRef ref="VTR:DayType:1043" version="1"/>
            </DayTypeAssignment>
            <DayTypeAssignment id="VTR:DayTypeAssignment:1043_902669" version="1" order="10702">
              <Date>2022-07-18</Date>
              <DayTypeRef ref="VTR:DayType:1043" version="1"/>
            </DayTypeAssignment>
            <DayTypeAssignment id="VTR:DayTypeAssignment:1043_909586" version="1" order="10703">
              <Date>2022-08-21</Date>
              <DayTypeRef ref="VTR:DayType:1043" version="1"/>
            </DayTypeAssignment>
            <DayTypeAssignment id="VTR:DayTypeAssignment:1043_909599" version="1" order="10704">
              <Date>2022-08-10</Date>
              <DayTypeRef ref="VTR:DayType:1043" version="1"/>
            </DayTypeAssignment>
            <DayTypeAssignment id="VTR:DayTypeAssignment:1043_909605" version="1" order="10705">
              <Date>2022-08-18</Date>
              <DayTypeRef ref="VTR:DayType:1043" version="1"/>
            </DayTypeAssignment>
            <DayTypeAssignment id="VTR:DayTypeAssignment:1043_902640" version="1" order="10706">
              <Date>2022-07-25</Date>
              <DayTypeRef ref="VTR:DayType:1043" version="1"/>
            </DayTypeAssignment>
            <DayTypeAssignment id="VTR:DayTypeAssignment:1043_902649" version="1" order="10707">
              <Date>2022-07-07</Date>
              <DayTypeRef ref="VTR:DayType:1043" version="1"/>
            </DayTypeAssignment>
            <DayTypeAssignment id="VTR:DayTypeAssignment:1043_902652" version="1" order="10708">
              <Date>2022-07-08</Date>
              <DayTypeRef ref="VTR:DayType:1043" version="1"/>
            </DayTypeAssignment>
            <DayTypeAssignment id="VTR:DayTypeAssignment:1043_902662" version="1" order="10709">
              <Date>2022-07-30</Date>
              <DayTypeRef ref="VTR:DayType:1043" version="1"/>
            </DayTypeAssignment>
            <DayTypeAssignment id="VTR:DayTypeAssignment:1043_896285" version="1" order="10710">
              <Date>2022-06-13</Date>
              <DayTypeRef ref="VTR:DayType:1043" version="1"/>
            </DayTypeAssignment>
            <DayTypeAssignment id="VTR:DayTypeAssignment:1043_909594" version="1" order="10711">
              <Date>2022-08-29</Date>
              <DayTypeRef ref="VTR:DayType:1043" version="1"/>
            </DayTypeAssignment>
            <DayTypeAssignment id="VTR:DayTypeAssignment:1043_909610" version="1" order="10712">
              <Date>2022-08-06</Date>
              <DayTypeRef ref="VTR:DayType:1043" version="1"/>
            </DayTypeAssignment>
            <DayTypeAssignment id="VTR:DayTypeAssignment:1043_909611" version="1" order="10713">
              <Date>2022-08-26</Date>
              <DayTypeRef ref="VTR:DayType:1043" version="1"/>
            </DayTypeAssignment>
            <DayTypeAssignment id="VTR:DayTypeAssignment:1043_909615" version="1" order="10714">
              <Date>2022-08-07</Date>
              <DayTypeRef ref="VTR:DayType:1043" version="1"/>
            </DayTypeAssignment>
            <DayTypeAssignment id="VTR:DayTypeAssignment:1043_909590" version="1" order="10715">
              <Date>2022-08-15</Date>
              <DayTypeRef ref="VTR:DayType:1043" version="1"/>
            </DayTypeAssignment>
            <DayTypeAssignment id="VTR:DayTypeAssignment:1043_896274" version="1" order="10716">
              <Date>2022-06-24</Date>
              <DayTypeRef ref="VTR:DayType:1043" version="1"/>
            </DayTypeAssignment>
            <DayTypeAssignment id="VTR:DayTypeAssignment:1043_896279" version="1" order="10717">
              <Date>2022-06-25</Date>
              <DayTypeRef ref="VTR:DayType:1043" version="1"/>
            </DayTypeAssignment>
            <DayTypeAssignment id="VTR:DayTypeAssignment:1043_896280" version="1" order="10718">
              <Date>2022-06-05</Date>
              <DayTypeRef ref="VTR:DayType:1043" version="1"/>
            </DayTypeAssignment>
            <DayTypeAssignment id="VTR:DayTypeAssignment:1043_896281" version="1" order="10719">
              <Date>2022-06-12</Date>
              <DayTypeRef ref="VTR:DayType:1043" version="1"/>
            </DayTypeAssignment>
            <DayTypeAssignment id="VTR:DayTypeAssignment:1043_896283" version="1" order="10720">
              <Date>2022-06-06</Date>
              <DayTypeRef ref="VTR:DayType:1043" version="1"/>
            </DayTypeAssignment>
            <DayTypeAssignment id="VTR:DayTypeAssignment:1043_896265" version="1" order="10721">
              <Date>2022-06-22</Date>
              <DayTypeRef ref="VTR:DayType:1043" version="1"/>
            </DayTypeAssignment>
            <DayTypeAssignment id="VTR:DayTypeAssignment:1043_896269" version="1" order="10722">
              <Date>2022-06-03</Date>
              <DayTypeRef ref="VTR:DayType:1043" version="1"/>
            </DayTypeAssignment>
            <DayTypeAssignment id="VTR:DayTypeAssignment:1043_909585" version="1" order="10723">
              <Date>2022-08-14</Date>
              <DayTypeRef ref="VTR:DayType:1043" version="1"/>
            </DayTypeAssignment>
            <DayTypeAssignment id="VTR:DayTypeAssignment:1043_909589" version="1" order="10724">
              <Date>2022-08-08</Date>
              <DayTypeRef ref="VTR:DayType:1043" version="1"/>
            </DayTypeAssignment>
            <DayTypeAssignment id="VTR:DayTypeAssignment:1043_909596" version="1" order="10725">
              <Date>2022-08-23</Date>
              <DayTypeRef ref="VTR:DayType:1043" version="1"/>
            </DayTypeAssignment>
            <DayTypeAssignment id="VTR:DayTypeAssignment:1043_909612" version="1" order="10726">
              <Date>2022-08-13</Date>
              <DayTypeRef ref="VTR:DayType:1043" version="1"/>
            </DayTypeAssignment>
            <DayTypeAssignment id="VTR:DayTypeAssignment:1043_902658" version="1" order="10727">
              <Date>2022-07-09</Date>
              <DayTypeRef ref="VTR:DayType:1043" version="1"/>
            </DayTypeAssignment>
            <DayTypeAssignment id="VTR:DayTypeAssignment:1043_902659" version="1" order="10728">
              <Date>2022-07-16</Date>
              <DayTypeRef ref="VTR:DayType:1043" version="1"/>
            </DayTypeAssignment>
            <DayTypeAssignment id="VTR:DayTypeAssignment:1043_902660" version="1" order="10729">
              <Date>2022-07-03</Date>
              <DayTypeRef ref="VTR:DayType:1043" version="1"/>
            </DayTypeAssignment>
            <DayTypeAssignment id="VTR:DayTypeAssignment:1043_902664" version="1" order="10730">
              <Date>2022-07-17</Date>
              <DayTypeRef ref="VTR:DayType:1043" version="1"/>
            </DayTypeAssignment>
            <DayTypeAssignment id="VTR:DayTypeAssignment:1043_902643" version="1" order="10731">
              <Date>2022-07-19</Date>
              <DayTypeRef ref="VTR:DayType:1043" version="1"/>
            </DayTypeAssignment>
            <DayTypeAssignment id="VTR:DayTypeAssignment:1043_902646" version="1" order="10732">
              <Date>2022-07-13</Date>
              <DayTypeRef ref="VTR:DayType:1043" version="1"/>
            </DayTypeAssignment>
            <DayTypeAssignment id="VTR:DayTypeAssignment:1043_902647" version="1" order="10733">
              <Date>2022-07-20</Date>
              <DayTypeRef ref="VTR:DayType:1043" version="1"/>
            </DayTypeAssignment>
            <DayTypeAssignment id="VTR:DayTypeAssignment:1043_902651" version="1" order="10734">
              <Date>2022-07-21</Date>
              <DayTypeRef ref="VTR:DayType:1043" version="1"/>
            </DayTypeAssignment>
            <DayTypeAssignment id="VTR:DayTypeAssignment:1043_896270" version="1" order="10735">
              <Date>2022-06-23</Date>
              <DayTypeRef ref="VTR:DayType:1043" version="1"/>
            </DayTypeAssignment>
            <DayTypeAssignment id="VTR:DayTypeAssignment:1043_896275" version="1" order="10736">
              <Date>2022-06-04</Date>
              <DayTypeRef ref="VTR:DayType:1043" version="1"/>
            </DayTypeAssignment>
            <DayTypeAssignment id="VTR:DayTypeAssignment:1043_896278" version="1" order="10737">
              <Date>2022-06-18</Date>
              <DayTypeRef ref="VTR:DayType:1043" version="1"/>
            </DayTypeAssignment>
            <DayTypeAssignment id="VTR:DayTypeAssignment:1043_909597" version="1" order="10738">
              <Date>2022-08-03</Date>
              <DayTypeRef ref="VTR:DayType:1043" version="1"/>
            </DayTypeAssignment>
            <DayTypeAssignment id="VTR:DayTypeAssignment:1043_909606" version="1" order="10739">
              <Date>2022-08-25</Date>
              <DayTypeRef ref="VTR:DayType:1043" version="1"/>
            </DayTypeAssignment>
            <DayTypeAssignment id="VTR:DayTypeAssignment:1043_909608" version="1" order="10740">
              <Date>2022-08-12</Date>
              <DayTypeRef ref="VTR:DayType:1043" version="1"/>
            </DayTypeAssignment>
            <DayTypeAssignment id="VTR:DayTypeAssignment:1043_902644" version="1" order="10741">
              <Date>2022-07-06</Date>
              <DayTypeRef ref="VTR:DayType:1043" version="1"/>
            </DayTypeAssignment>
            <DayTypeAssignment id="VTR:DayTypeAssignment:1043_902653" version="1" order="10742">
              <Date>2022-07-28</Date>
              <DayTypeRef ref="VTR:DayType:1043" version="1"/>
            </DayTypeAssignment>
            <DayTypeAssignment id="VTR:DayTypeAssignment:1043_902657" version="1" order="10743">
              <Date>2022-07-29</Date>
              <DayTypeRef ref="VTR:DayType:1043" version="1"/>
            </DayTypeAssignment>
            <DayTypeAssignment id="VTR:DayTypeAssignment:1043_902666" version="1" order="10744">
              <Date>2022-07-24</Date>
              <DayTypeRef ref="VTR:DayType:1043" version="1"/>
            </DayTypeAssignment>
            <DayTypeAssignment id="VTR:DayTypeAssignment:1043_896272" version="1" order="10745">
              <Date>2022-06-10</Date>
              <DayTypeRef ref="VTR:DayType:1043" version="1"/>
            </DayTypeAssignment>
            <DayTypeAssignment id="VTR:DayTypeAssignment:1043_896277" version="1" order="10746">
              <Date>2022-06-11</Date>
              <DayTypeRef ref="VTR:DayType:1043" version="1"/>
            </DayTypeAssignment>
            <DayTypeAssignment id="VTR:DayTypeAssignment:1043_896288" version="1" order="10747">
              <Date>2022-06-27</Date>
              <DayTypeRef ref="VTR:DayType:1043" version="1"/>
            </DayTypeAssignment>
            <DayTypeAssignment id="VTR:DayTypeAssignment:1043_896292" version="1" order="10748">
              <Date>2022-06-08</Date>
              <DayTypeRef ref="VTR:DayType:1043" version="1"/>
            </DayTypeAssignment>
            <DayTypeAssignment id="VTR:DayTypeAssignment:1043_896266" version="1" order="10749">
              <Date>2022-06-09</Date>
              <DayTypeRef ref="VTR:DayType:1043" version="1"/>
            </DayTypeAssignment>
          </dayTypeAssignments>
        </ServiceCalendarFrame>
        <ServiceFrame id="VTR:ServiceFrame:1109" version="1">
          <Network version="0" id="VTR:Network:2"/>
          <routePoints>
            <RoutePoint version="1" id="VTR:RoutePoint:65200">
              <projections>
                <PointProjection version="1" id="VTR:PointProjection:10940">
                  <ProjectedPointRef ref="VTR:ScheduledStopPoint:65200" version="1"/>
                </PointProjection>
              </projections>
            </RoutePoint>
            <RoutePoint version="1" id="VTR:RoutePoint:65201">
              <projections>
                <PointProjection version="1" id="VTR:PointProjection:10941">
                  <ProjectedPointRef ref="VTR:ScheduledStopPoint:65201" version="1"/>
                </PointProjection>
              </projections>
            </RoutePoint>
            <RoutePoint version="1" id="VTR:RoutePoint:65202">
              <projections>
                <PointProjection version="1" id="VTR:PointProjection:10942">
                  <ProjectedPointRef ref="VTR:ScheduledStopPoint:65202" version="1"/>
                </PointProjection>
              </projections>
            </RoutePoint>
            <RoutePoint version="1" id="VTR:RoutePoint:65204">
              <projections>
                <PointProjection version="1" id="VTR:PointProjection:10943">
                  <ProjectedPointRef ref="VTR:ScheduledStopPoint:65204" version="1"/>
                </PointProjection>
              </projections>
            </RoutePoint>
            <RoutePoint version="1" id="VTR:RoutePoint:65205">
              <projections>
                <PointProjection version="1" id="VTR:PointProjection:10944">
                  <ProjectedPointRef ref="VTR:ScheduledStopPoint:65205" version="1"/>
                </PointProjection>
              </projections>
            </RoutePoint>
            <RoutePoint version="1" id="VTR:RoutePoint:65206">
              <projections>
                <PointProjection version="1" id="VTR:PointProjection:10945">
                  <ProjectedPointRef ref="VTR:ScheduledStopPoint:65206" version="1"/>
                </PointProjection>
              </projections>
            </RoutePoint>
            <RoutePoint version="1" id="VTR:RoutePoint:65209">
              <projections>
                <PointProjection version="1" id="VTR:PointProjection:10946">
                  <ProjectedPointRef ref="VTR:ScheduledStopPoint:65209" version="1"/>
                </PointProjection>
              </projections>
            </RoutePoint>
          </routePoints>
          <routes>
            <Route version="1" id="VTR:Route:3896">
              <Name>Vilnius-Palanga</Name>
              <ShortName>Vilnius-Palanga</ShortName>
              <LineRef ref="VTR:Line:620" version="605"/>
              <DirectionType>inbound</DirectionType>
              <pointsInSequence>
                <PointOnRoute version="1" id="VTR:PointOnRoute:65200" order="1">
                  <RoutePointRef ref="VTR:RoutePoint:65200"/>
                </PointOnRoute>
                <PointOnRoute version="1" id="VTR:PointOnRoute:65201" order="2">
                  <RoutePointRef ref="VTR:RoutePoint:65201"/>
                </PointOnRoute>
                <PointOnRoute version="1" id="VTR:PointOnRoute:65202" order="3">
                  <RoutePointRef ref="VTR:RoutePoint:65202"/>
                </PointOnRoute>
                <PointOnRoute version="1" id="VTR:PointOnRoute:65204" order="4">
                  <RoutePointRef ref="VTR:RoutePoint:65204"/>
                </PointOnRoute>
                <PointOnRoute version="1" id="VTR:PointOnRoute:65205" order="5">
                  <RoutePointRef ref="VTR:RoutePoint:65205"/>
                </PointOnRoute>
                <PointOnRoute version="1" id="VTR:PointOnRoute:65206" order="6">
                  <RoutePointRef ref="VTR:RoutePoint:65206"/>
                </PointOnRoute>
                <PointOnRoute version="1" id="VTR:PointOnRoute:65209" order="7">
                  <RoutePointRef ref="VTR:RoutePoint:65209"/>
                </PointOnRoute>
              </pointsInSequence>
            </Route>
          </routes>
          <lines>
            <Line version="605" id="VTR:Line:620">
              <Name>Palanga-Vilnius</Name>
              <TransportMode>bus</TransportMode>
              <TransportSubmode>
                <CoachSubmode>nationalCoach</CoachSubmode>
              </TransportSubmode>
              <PublicCode>M-428A</PublicCode>
              <OperatorRef ref="VTR:Operator:2"/>
            </Line>
          </lines>
          <scheduledStopPoints>
            <ScheduledStopPoint version="1" id="VTR:ScheduledStopPoint:65200">
              <Name>Vilniaus autobusų stotis</Name>
            </ScheduledStopPoint>
            <ScheduledStopPoint version="1" id="VTR:ScheduledStopPoint:65201">
              <Name>Gariūnai</Name>
            </ScheduledStopPoint>
            <ScheduledStopPoint version="1" id="VTR:ScheduledStopPoint:65202">
              <Name>Devintas fortas</Name>
            </ScheduledStopPoint>
            <ScheduledStopPoint version="1" id="VTR:ScheduledStopPoint:65204">
              <Name>Kryžkalnio autobusų stotis</Name>
            </ScheduledStopPoint>
            <ScheduledStopPoint version="1" id="VTR:ScheduledStopPoint:65205">
              <Name>Mokyklos</Name>
            </ScheduledStopPoint>
            <ScheduledStopPoint version="1" id="VTR:ScheduledStopPoint:65206">
              <Name>Klaipėdos autobusų stotis</Name>
            </ScheduledStopPoint>
            <ScheduledStopPoint version="1" id="VTR:ScheduledStopPoint:65209">
              <Name>Palangos autobusų stotis</Name>
            </ScheduledStopPoint>
          </scheduledStopPoints>
          <serviceLinks>
            <ServiceLink id="VTR:ServiceLink:65204_1_65205_1" version="1">
              <Distance>104</Distance>
              <FromPointRef ref="VTR:ScheduledStopPoint:65204" version="1"/>
              <ToPointRef ref="VTR:ScheduledStopPoint:65205" version="1"/>
            </ServiceLink>
            <ServiceLink id="VTR:ServiceLink:65200_1_65201_1" version="1">
              <Distance>8</Distance>
              <FromPointRef ref="VTR:ScheduledStopPoint:65200" version="1"/>
              <ToPointRef ref="VTR:ScheduledStopPoint:65201" version="1"/>
            </ServiceLink>
            <ServiceLink id="VTR:ServiceLink:65201_1_65202_1" version="1">
              <Distance>90</Distance>
              <FromPointRef ref="VTR:ScheduledStopPoint:65201" version="1"/>
              <ToPointRef ref="VTR:ScheduledStopPoint:65202" version="1"/>
            </ServiceLink>
            <ServiceLink id="VTR:ServiceLink:65205_1_65206_1" version="1">
              <Distance>2</Distance>
              <FromPointRef ref="VTR:ScheduledStopPoint:65205" version="1"/>
              <ToPointRef ref="VTR:ScheduledStopPoint:65206" version="1"/>
            </ServiceLink>
          </serviceLinks>
          <stopAssignments>
            <PassengerStopAssignment order="389600000" id="VTR:PassengerStopAssignment:65200" version="1">
              <ScheduledStopPointRef ref="VTR:ScheduledStopPoint:65200" version="1"/>
              <QuayRef ref="VTR:Quay:19485"/>
            </PassengerStopAssignment>
            <PassengerStopAssignment order="389600001" id="VTR:PassengerStopAssignment:65201" version="1">
              <ScheduledStopPointRef ref="VTR:ScheduledStopPoint:65201" version="1"/>
              <QuayRef ref="VTR:Quay:20084"/>
            </PassengerStopAssignment>
            <PassengerStopAssignment order="389600002" id="VTR:PassengerStopAssignment:65202" version="1">
              <ScheduledStopPointRef ref="VTR:ScheduledStopPoint:65202" version="1"/>
              <QuayRef ref="VTR:Quay:8704"/>
            </PassengerStopAssignment>
            <PassengerStopAssignment order="389600004" id="VTR:PassengerStopAssignment:65204" version="1">
              <ScheduledStopPointRef ref="VTR:ScheduledStopPoint:65204" version="1"/>
              <QuayRef ref="VTR:Quay:19493"/>
            </PassengerStopAssignment>
            <PassengerStopAssignment order="389600005" id="VTR:PassengerStopAssignment:65205" version="1">
              <ScheduledStopPointRef ref="VTR:ScheduledStopPoint:65205" version="1"/>
              <QuayRef ref="VTR:Quay:20121"/>
            </PassengerStopAssignment>
            <PassengerStopAssignment order="389600006" id="VTR:PassengerStopAssignment:65206" version="1">
              <ScheduledStopPointRef ref="VTR:ScheduledStopPoint:65206" version="1"/>
              <QuayRef ref="VTR:Quay:19471"/>
            </PassengerStopAssignment>
            <PassengerStopAssignment order="389600009" id="VTR:PassengerStopAssignment:65209" version="1">
              <ScheduledStopPointRef ref="VTR:ScheduledStopPoint:65209" version="1"/>
              <QuayRef ref="VTR:Quay:19446"/>
            </PassengerStopAssignment>
          </stopAssignments>
          <journeyPatterns>
            <JourneyPattern id="VTR:JourneyPattern:46089" version="46069">
              <Name>2X</Name>
              <RouteRef ref="VTR:Route:3896" version="1"/>
              <pointsInSequence>
                <StopPointInJourneyPattern id="VTR:StopPointInJourneyPattern:963365" version="46069" order="1">
                  <ScheduledStopPointRef ref="VTR:ScheduledStopPoint:65200"/>
                  <ForAlighting>false</ForAlighting>
                  <DestinationDisplayRef ref="VTR:DestinationDisplay:1"/>
                </StopPointInJourneyPattern>
                <StopPointInJourneyPattern id="VTR:StopPointInJourneyPattern:963366" version="46069" order="2">
                  <ScheduledStopPointRef ref="VTR:ScheduledStopPoint:65201"/>
                  <ForAlighting>false</ForAlighting>
                  <DestinationDisplayRef ref="VTR:DestinationDisplay:1"/>
                </StopPointInJourneyPattern>
                <StopPointInJourneyPattern id="VTR:StopPointInJourneyPattern:963367" version="46069" order="3">
                  <ScheduledStopPointRef ref="VTR:ScheduledStopPoint:65202"/>
                  <DestinationDisplayRef ref="VTR:DestinationDisplay:1"/>
                </StopPointInJourneyPattern>
                <StopPointInJourneyPattern id="VTR:StopPointInJourneyPattern:963368" version="46069" order="4">
                  <ScheduledStopPointRef ref="VTR:ScheduledStopPoint:65204"/>
                  <DestinationDisplayRef ref="VTR:DestinationDisplay:1"/>
                </StopPointInJourneyPattern>
                <StopPointInJourneyPattern id="VTR:StopPointInJourneyPattern:963369" version="46069" order="5">
                  <ScheduledStopPointRef ref="VTR:ScheduledStopPoint:65205"/>
                  <ForBoarding>false</ForBoarding>
                  <DestinationDisplayRef ref="VTR:DestinationDisplay:1"/>
                </StopPointInJourneyPattern>
                <StopPointInJourneyPattern id="VTR:StopPointInJourneyPattern:963370" version="46069" order="6">
                  <ScheduledStopPointRef ref="VTR:ScheduledStopPoint:65206"/>
                  <DestinationDisplayRef ref="VTR:DestinationDisplay:1"/>
                </StopPointInJourneyPattern>
                <StopPointInJourneyPattern id="VTR:StopPointInJourneyPattern:963371" version="46069" order="7">
                  <ScheduledStopPointRef ref="VTR:ScheduledStopPoint:65209"/>
                  <ForBoarding>false</ForBoarding>
                  <DestinationDisplayRef ref="VTR:DestinationDisplay:1"/>
                </StopPointInJourneyPattern>
              </pointsInSequence>
            </JourneyPattern>
            <JourneyPattern id="VTR:JourneyPattern:46091" version="46071">
              <Name>4*X</Name>
              <RouteRef ref="VTR:Route:3896" version="1"/>
              <pointsInSequence>
                <StopPointInJourneyPattern id="VTR:StopPointInJourneyPattern:963374" version="46071" order="1">
                  <ScheduledStopPointRef ref="VTR:ScheduledStopPoint:65200"/>
                  <ForAlighting>false</ForAlighting>
                  <DestinationDisplayRef ref="VTR:DestinationDisplay:1"/>
                </StopPointInJourneyPattern>
                <StopPointInJourneyPattern id="VTR:StopPointInJourneyPattern:963375" version="46071" order="2">
                  <ScheduledStopPointRef ref="VTR:ScheduledStopPoint:65201"/>
                  <ForAlighting>false</ForAlighting>
                  <DestinationDisplayRef ref="VTR:DestinationDisplay:1"/>
                </StopPointInJourneyPattern>
                <StopPointInJourneyPattern id="VTR:StopPointInJourneyPattern:963376" version="46071" order="3">
                  <ScheduledStopPointRef ref="VTR:ScheduledStopPoint:65202"/>
                  <DestinationDisplayRef ref="VTR:DestinationDisplay:1"/>
                </StopPointInJourneyPattern>
                <StopPointInJourneyPattern id="VTR:StopPointInJourneyPattern:963377" version="46071" order="4">
                  <ScheduledStopPointRef ref="VTR:ScheduledStopPoint:65204"/>
                  <DestinationDisplayRef ref="VTR:DestinationDisplay:1"/>
                </StopPointInJourneyPattern>
                <StopPointInJourneyPattern id="VTR:StopPointInJourneyPattern:963378" version="46071" order="5">
                  <ScheduledStopPointRef ref="VTR:ScheduledStopPoint:65205"/>
                  <ForBoarding>false</ForBoarding>
                  <DestinationDisplayRef ref="VTR:DestinationDisplay:1"/>
                </StopPointInJourneyPattern>
                <StopPointInJourneyPattern id="VTR:StopPointInJourneyPattern:963379" version="46071" order="6">
                  <ScheduledStopPointRef ref="VTR:ScheduledStopPoint:65206"/>
                  <DestinationDisplayRef ref="VTR:DestinationDisplay:1"/>
                </StopPointInJourneyPattern>
                <StopPointInJourneyPattern id="VTR:StopPointInJourneyPattern:963380" version="46071" order="7">
                  <ScheduledStopPointRef ref="VTR:ScheduledStopPoint:65209"/>
                  <ForBoarding>false</ForBoarding>
                  <DestinationDisplayRef ref="VTR:DestinationDisplay:1"/>
                </StopPointInJourneyPattern>
              </pointsInSequence>
            </JourneyPattern>
          </journeyPatterns>
        </ServiceFrame>
        <TimetableFrame version="1" id="VTR:TimetableFrame:1109">
          <vehicleJourneys>
            <ServiceJourney version="46071" id="VTR:ServiceJourney:46091">
              <Name>Vilnius-Palanga</Name>
              <PrivateCode>4*X</PrivateCode>
              <dayTypes>
                <DayTypeRef ref="VTR:DayType:90"/>
              </dayTypes>
              <JourneyPatternRef version="46071" ref="VTR:JourneyPattern:46091"/>
              <OperatorRef ref="VTR:Operator:480"/>
              <LineRef ref="VTR:Line:620" version="605"/>
              <passingTimes>
                <TimetabledPassingTime version="46071" id="VTR:TimetabledPassingTime:46091_963374_1">
                  <StopPointInJourneyPatternRef ref="VTR:StopPointInJourneyPattern:963374" version="46071"/>
                  <DepartureTime>12:40:00</DepartureTime>
                  <DepartureDayOffset>0</DepartureDayOffset>
                </TimetabledPassingTime>
                <TimetabledPassingTime version="46071" id="VTR:TimetabledPassingTime:46091_963375_2">
                  <StopPointInJourneyPatternRef ref="VTR:StopPointInJourneyPattern:963375" version="46071"/>
                  <DepartureTime>12:55:00</DepartureTime>
                  <DepartureDayOffset>0</DepartureDayOffset>
                </TimetabledPassingTime>
                <TimetabledPassingTime version="46071" id="VTR:TimetabledPassingTime:46091_963376_3">
                  <StopPointInJourneyPatternRef ref="VTR:StopPointInJourneyPattern:963376" version="46071"/>
                  <DepartureTime>14:00:00</DepartureTime>
                  <DepartureDayOffset>0</DepartureDayOffset>
                </TimetabledPassingTime>
                <TimetabledPassingTime version="46071" id="VTR:TimetabledPassingTime:46091_963377_4">
                  <StopPointInJourneyPatternRef ref="VTR:StopPointInJourneyPattern:963377" version="46071"/>
                  <DepartureTime>15:20:00</DepartureTime>
                  <DepartureDayOffset>0</DepartureDayOffset>
                </TimetabledPassingTime>
                <TimetabledPassingTime version="46071" id="VTR:TimetabledPassingTime:46091_963378_5">
                  <StopPointInJourneyPatternRef ref="VTR:StopPointInJourneyPattern:963378" version="46071"/>
                  <DepartureTime>16:30:00</DepartureTime>
                  <DepartureDayOffset>0</DepartureDayOffset>
                </TimetabledPassingTime>
                <TimetabledPassingTime version="46071" id="VTR:TimetabledPassingTime:46091_963379_6">
                  <StopPointInJourneyPatternRef ref="VTR:StopPointInJourneyPattern:963379" version="46071"/>
                  <DepartureTime>16:40:00</DepartureTime>
                  <DepartureDayOffset>0</DepartureDayOffset>
                </TimetabledPassingTime>
                <TimetabledPassingTime version="46071" id="VTR:TimetabledPassingTime:46091_963380_7">
                  <StopPointInJourneyPatternRef ref="VTR:StopPointInJourneyPattern:963380" version="46071"/>
                  <DepartureTime>17:15:00</DepartureTime>
                  <DepartureDayOffset>0</DepartureDayOffset>
                </TimetabledPassingTime>
              </passingTimes>
            </ServiceJourney>
            <ServiceJourney version="46069" id="VTR:ServiceJourney:46089">
              <Name>Vilnius-Palanga</Name>
              <PrivateCode>2X</PrivateCode>
              <dayTypes>
                <DayTypeRef ref="VTR:DayType:1043"/>
              </dayTypes>
              <JourneyPatternRef version="46069" ref="VTR:JourneyPattern:46089"/>
              <OperatorRef ref="VTR:Operator:480"/>
              <LineRef ref="VTR:Line:620" version="605"/>
              <passingTimes>
                <TimetabledPassingTime version="46069" id="VTR:TimetabledPassingTime:46089_963365_1">
                  <StopPointInJourneyPatternRef ref="VTR:StopPointInJourneyPattern:963365" version="46069"/>
                  <DepartureTime>10:35:00</DepartureTime>
                  <DepartureDayOffset>0</DepartureDayOffset>
                </TimetabledPassingTime>
                <TimetabledPassingTime version="46069" id="VTR:TimetabledPassingTime:46089_963366_2">
                  <StopPointInJourneyPatternRef ref="VTR:StopPointInJourneyPattern:963366" version="46069"/>
                  <DepartureTime>10:50:00</DepartureTime>
                  <DepartureDayOffset>0</DepartureDayOffset>
                </TimetabledPassingTime>
                <TimetabledPassingTime version="46069" id="VTR:TimetabledPassingTime:46089_963367_3">
                  <StopPointInJourneyPatternRef ref="VTR:StopPointInJourneyPattern:963367" version="46069"/>
                  <DepartureTime>11:55:00</DepartureTime>
                  <DepartureDayOffset>0</DepartureDayOffset>
                </TimetabledPassingTime>
                <TimetabledPassingTime version="46069" id="VTR:TimetabledPassingTime:46089_963368_4">
                  <StopPointInJourneyPatternRef ref="VTR:StopPointInJourneyPattern:963368" version="46069"/>
                  <DepartureTime>13:15:00</DepartureTime>
                  <DepartureDayOffset>0</DepartureDayOffset>
                </TimetabledPassingTime>
                <TimetabledPassingTime version="46069" id="VTR:TimetabledPassingTime:46089_963369_5">
                  <StopPointInJourneyPatternRef ref="VTR:StopPointInJourneyPattern:963369" version="46069"/>
                  <DepartureTime>14:25:00</DepartureTime>
                  <DepartureDayOffset>0</DepartureDayOffset>
                </TimetabledPassingTime>
                <TimetabledPassingTime version="46069" id="VTR:TimetabledPassingTime:46089_963370_6">
                  <StopPointInJourneyPatternRef ref="VTR:StopPointInJourneyPattern:963370" version="46069"/>
                  <DepartureTime>14:35:00</DepartureTime>
                  <DepartureDayOffset>0</DepartureDayOffset>
                </TimetabledPassingTime>
                <TimetabledPassingTime version="46069" id="VTR:TimetabledPassingTime:46089_963371_7">
                  <StopPointInJourneyPatternRef ref="VTR:StopPointInJourneyPattern:963371" version="46069"/>
                  <DepartureTime>15:10:00</DepartureTime>
                  <DepartureDayOffset>0</DepartureDayOffset>
                </TimetabledPassingTime>
              </passingTimes>
            </ServiceJourney>
          </vehicleJourneys>
        </TimetableFrame>
        <ResourceFrame version="1" id="VTR:ResourceFrame:1109">
          <organisations>
            <Authority version="1" id="VTR:Authority:2">
              <CompanyNumber>188647255</CompanyNumber>
              <Name>LTSA</Name>
              <LegalName>Lietuvos transporto saugos administracija</LegalName>
              <ContactDetails>
                <Email>ltsa@ltsa.lrv.lt</Email>
                <Phone>8 5  278 5602</Phone>
                <Url>www.ltsa.lrv.lt</Url>
              </ContactDetails>
              <OrganisationType>authority</OrganisationType>
            </Authority>
          </organisations>
        </ResourceFrame>
        <FareFrame id="VTR:FareFrame:620" version="1">
          <FrameDefaults>
            <DefaultCurrency>EUR</DefaultCurrency>
          </FrameDefaults>
          <fareStructureElements>
            <FareStructureElement id="VTR:FareStructureElement:pricematrix" version="1">
              <distanceMatrixElements>
                <DistanceMatrixElementRef ref="VTR:DistanceMatrixElement:963374to963380" version="1"/>
                <DistanceMatrixElementRef ref="VTR:DistanceMatrixElement:963368to963369" version="1"/>
                <DistanceMatrixElementRef ref="VTR:DistanceMatrixElement:963367to963370" version="1"/>
                <DistanceMatrixElementRef ref="VTR:DistanceMatrixElement:963374to963378" version="1"/>
                <DistanceMatrixElementRef ref="VTR:DistanceMatrixElement:963376to963377" version="1"/>
                <DistanceMatrixElementRef ref="VTR:DistanceMatrixElement:963376to963379" version="1"/>
                <DistanceMatrixElementRef ref="VTR:DistanceMatrixElement:963376to963380" version="1"/>
                <DistanceMatrixElementRef ref="VTR:DistanceMatrixElement:963377to963380" version="1"/>
                <DistanceMatrixElementRef ref="VTR:DistanceMatrixElement:963378to963379" version="1"/>
                <DistanceMatrixElementRef ref="VTR:DistanceMatrixElement:963365to963366" version="1"/>
                <DistanceMatrixElementRef ref="VTR:DistanceMatrixElement:963365to963371" version="1"/>
                <DistanceMatrixElementRef ref="VTR:DistanceMatrixElement:963368to963371" version="1"/>
                <DistanceMatrixElementRef ref="VTR:DistanceMatrixElement:963375to963378" version="1"/>
                <DistanceMatrixElementRef ref="VTR:DistanceMatrixElement:963377to963379" version="1"/>
                <DistanceMatrixElementRef ref="VTR:DistanceMatrixElement:963379to963380" version="1"/>
                <DistanceMatrixElementRef ref="VTR:DistanceMatrixElement:963366to963367" version="1"/>
                <DistanceMatrixElementRef ref="VTR:DistanceMatrixElement:963367to963368" version="1"/>
                <DistanceMatrixElementRef ref="VTR:DistanceMatrixElement:963375to963379" version="1"/>
                <DistanceMatrixElementRef ref="VTR:DistanceMatrixElement:963365to963370" version="1"/>
                <DistanceMatrixElementRef ref="VTR:DistanceMatrixElement:963366to963371" version="1"/>
                <DistanceMatrixElementRef ref="VTR:DistanceMatrixElement:963367to963371" version="1"/>
                <DistanceMatrixElementRef ref="VTR:DistanceMatrixElement:963369to963370" version="1"/>
                <DistanceMatrixElementRef ref="VTR:DistanceMatrixElement:963365to963368" version="1"/>
                <DistanceMatrixElementRef ref="VTR:DistanceMatrixElement:963366to963370" version="1"/>
                <DistanceMatrixElementRef ref="VTR:DistanceMatrixElement:963374to963375" version="1"/>
                <DistanceMatrixElementRef ref="VTR:DistanceMatrixElement:963374to963377" version="1"/>
                <DistanceMatrixElementRef ref="VTR:DistanceMatrixElement:963376to963378" version="1"/>
                <DistanceMatrixElementRef ref="VTR:DistanceMatrixElement:963377to963378" version="1"/>
                <DistanceMatrixElementRef ref="VTR:DistanceMatrixElement:963366to963368" version="1"/>
                <DistanceMatrixElementRef ref="VTR:DistanceMatrixElement:963367to963369" version="1"/>
                <DistanceMatrixElementRef ref="VTR:DistanceMatrixElement:963368to963370" version="1"/>
                <DistanceMatrixElementRef ref="VTR:DistanceMatrixElement:963369to963371" version="1"/>
                <DistanceMatrixElementRef ref="VTR:DistanceMatrixElement:963374to963376" version="1"/>
                <DistanceMatrixElementRef ref="VTR:DistanceMatrixElement:963374to963379" version="1"/>
                <DistanceMatrixElementRef ref="VTR:DistanceMatrixElement:963375to963376" version="1"/>
                <DistanceMatrixElementRef ref="VTR:DistanceMatrixElement:963375to963377" version="1"/>
                <DistanceMatrixElementRef ref="VTR:DistanceMatrixElement:963365to963369" version="1"/>
                <DistanceMatrixElementRef ref="VTR:DistanceMatrixElement:963370to963371" version="1"/>
                <DistanceMatrixElementRef ref="VTR:DistanceMatrixElement:963375to963380" version="1"/>
                <DistanceMatrixElementRef ref="VTR:DistanceMatrixElement:963378to963380" version="1"/>
                <DistanceMatrixElementRef ref="VTR:DistanceMatrixElement:963366to963369" version="1"/>
                <DistanceMatrixElementRef ref="VTR:DistanceMatrixElement:963365to963367" version="1"/>
              </distanceMatrixElements>
            </FareStructureElement>
          </fareStructureElements>
          <tariffs>
            <Tariff id="VTR:Tariff:pointToPointInSeparateJourney_620" version="1">
              <Name>Point to point tariff</Name>
              <distanceMatrixElements>
                <DistanceMatrixElement id="VTR:DistanceMatrixElement:963374to963380" version="1">
                  <Name>Vilniaus autobusų stotis to Palangos autobusų stotis</Name>
                  <StartStopPointRef ref="VTR:ScheduledStopPoint:65200" version="1"/>
                  <EndStopPointRef ref="VTR:ScheduledStopPoint:65209" version="1"/>
                  <prices>
                    <DistanceMatrixElementPrice id="VTR:DistanceMatrixElementPrice:963374to963380" version="1">
                      <Amount>19.4</Amount>
                      <DistanceMatrixElementRef ref="VTR:DistanceMatrixElement:963374to963380" version="1"/>
                    </DistanceMatrixElementPrice>
                  </prices>
                </DistanceMatrixElement>
                <DistanceMatrixElement id="VTR:DistanceMatrixElement:963368to963369" version="1">
                  <Name>Kryžkalnio autobusų stotis to Mokyklos</Name>
                  <StartStopPointRef ref="VTR:ScheduledStopPoint:65204" version="1"/>
                  <EndStopPointRef ref="VTR:ScheduledStopPoint:65205" version="1"/>
                  <prices>
                    <DistanceMatrixElementPrice id="VTR:DistanceMatrixElementPrice:963368to963369" version="1">
                      <Amount>6.8</Amount>
                      <DistanceMatrixElementRef ref="VTR:DistanceMatrixElement:963368to963369" version="1"/>
                    </DistanceMatrixElementPrice>
                  </prices>
                </DistanceMatrixElement>
                <DistanceMatrixElement id="VTR:DistanceMatrixElement:963367to963370" version="1">
                  <Name>Devintas fortas to Klaipėdos autobusų stotis</Name>
                  <StartStopPointRef ref="VTR:ScheduledStopPoint:65202" version="1"/>
                  <EndStopPointRef ref="VTR:ScheduledStopPoint:65206" version="1"/>
                  <prices>
                    <DistanceMatrixElementPrice id="VTR:DistanceMatrixElementPrice:963367to963370" version="1">
                      <Amount>12.6</Amount>
                      <DistanceMatrixElementRef ref="VTR:DistanceMatrixElement:963367to963370" version="1"/>
                    </DistanceMatrixElementPrice>
                  </prices>
                </DistanceMatrixElement>
                <DistanceMatrixElement id="VTR:DistanceMatrixElement:963374to963378" version="1">
                  <Name>Vilniaus autobusų stotis to Mokyklos</Name>
                  <StartStopPointRef ref="VTR:ScheduledStopPoint:65200" version="1"/>
                  <EndStopPointRef ref="VTR:ScheduledStopPoint:65205" version="1"/>
                  <prices>
                    <DistanceMatrixElementPrice id="VTR:DistanceMatrixElementPrice:963374to963378" version="1">
                      <Amount>18.7</Amount>
                      <DistanceMatrixElementRef ref="VTR:DistanceMatrixElement:963374to963378" version="1"/>
                    </DistanceMatrixElementPrice>
                  </prices>
                </DistanceMatrixElement>
                <DistanceMatrixElement id="VTR:DistanceMatrixElement:963376to963377" version="1">
                  <Name>Devintas fortas to Kryžkalnio autobusų stotis</Name>
                  <StartStopPointRef ref="VTR:ScheduledStopPoint:65202" version="1"/>
                  <EndStopPointRef ref="VTR:ScheduledStopPoint:65204" version="1"/>
                  <prices>
                    <DistanceMatrixElementPrice id="VTR:DistanceMatrixElementPrice:963376to963377" version="1">
                      <Amount>6.8</Amount>
                      <DistanceMatrixElementRef ref="VTR:DistanceMatrixElement:963376to963377" version="1"/>
                    </DistanceMatrixElementPrice>
                  </prices>
                </DistanceMatrixElement>
                <DistanceMatrixElement id="VTR:DistanceMatrixElement:963376to963379" version="1">
                  <Name>Devintas fortas to Klaipėdos autobusų stotis</Name>
                  <StartStopPointRef ref="VTR:ScheduledStopPoint:65202" version="1"/>
                  <EndStopPointRef ref="VTR:ScheduledStopPoint:65206" version="1"/>
                  <prices>
                    <DistanceMatrixElementPrice id="VTR:DistanceMatrixElementPrice:963376to963379" version="1">
                      <Amount>12.6</Amount>
                      <DistanceMatrixElementRef ref="VTR:DistanceMatrixElement:963376to963379" version="1"/>
                    </DistanceMatrixElementPrice>
                  </prices>
                </DistanceMatrixElement>
                <DistanceMatrixElement id="VTR:DistanceMatrixElement:963376to963380" version="1">
                  <Name>Devintas fortas to Palangos autobusų stotis</Name>
                  <StartStopPointRef ref="VTR:ScheduledStopPoint:65202" version="1"/>
                  <EndStopPointRef ref="VTR:ScheduledStopPoint:65209" version="1"/>
                  <prices>
                    <DistanceMatrixElementPrice id="VTR:DistanceMatrixElementPrice:963376to963380" version="1">
                      <Amount>14.1</Amount>
                      <DistanceMatrixElementRef ref="VTR:DistanceMatrixElement:963376to963380" version="1"/>
                    </DistanceMatrixElementPrice>
                  </prices>
                </DistanceMatrixElement>
                <DistanceMatrixElement id="VTR:DistanceMatrixElement:963377to963380" version="1">
                  <Name>Kryžkalnio autobusų stotis to Palangos autobusų stotis</Name>
                  <StartStopPointRef ref="VTR:ScheduledStopPoint:65204" version="1"/>
                  <EndStopPointRef ref="VTR:ScheduledStopPoint:65209" version="1"/>
                  <prices>
                    <DistanceMatrixElementPrice id="VTR:DistanceMatrixElementPrice:963377to963380" version="1">
                      <Amount>8.3</Amount>
                      <DistanceMatrixElementRef ref="VTR:DistanceMatrixElement:963377to963380" version="1"/>
                    </DistanceMatrixElementPrice>
                  </prices>
                </DistanceMatrixElement>
                <DistanceMatrixElement id="VTR:DistanceMatrixElement:963378to963379" version="1">
                  <Name>Mokyklos to Klaipėdos autobusų stotis</Name>
                  <StartStopPointRef ref="VTR:ScheduledStopPoint:65205" version="1"/>
                  <EndStopPointRef ref="VTR:ScheduledStopPoint:65206" version="1"/>
                  <prices>
                    <DistanceMatrixElementPrice id="VTR:DistanceMatrixElementPrice:963378to963379" version="1">
                      <Amount>0.0</Amount>
                      <DistanceMatrixElementRef ref="VTR:DistanceMatrixElement:963378to963379" version="1"/>
                    </DistanceMatrixElementPrice>
                  </prices>
                </DistanceMatrixElement>
                <DistanceMatrixElement id="VTR:DistanceMatrixElement:963365to963366" version="1">
                  <Name>Vilniaus autobusų stotis to Gariūnai</Name>
                  <StartStopPointRef ref="VTR:ScheduledStopPoint:65200" version="1"/>
                  <EndStopPointRef ref="VTR:ScheduledStopPoint:65201" version="1"/>
                  <prices>
                    <DistanceMatrixElementPrice id="VTR:DistanceMatrixElementPrice:963365to963366" version="1">
                      <Amount>0.0</Amount>
                      <DistanceMatrixElementRef ref="VTR:DistanceMatrixElement:963365to963366" version="1"/>
                    </DistanceMatrixElementPrice>
                  </prices>
                </DistanceMatrixElement>
                <DistanceMatrixElement id="VTR:DistanceMatrixElement:963365to963371" version="1">
                  <Name>Vilniaus autobusų stotis to Palangos autobusų stotis</Name>
                  <StartStopPointRef ref="VTR:ScheduledStopPoint:65200" version="1"/>
                  <EndStopPointRef ref="VTR:ScheduledStopPoint:65209" version="1"/>
                  <prices>
                    <DistanceMatrixElementPrice id="VTR:DistanceMatrixElementPrice:963365to963371" version="1">
                      <Amount>19.4</Amount>
                      <DistanceMatrixElementRef ref="VTR:DistanceMatrixElement:963365to963371" version="1"/>
                    </DistanceMatrixElementPrice>
                  </prices>
                </DistanceMatrixElement>
                <DistanceMatrixElement id="VTR:DistanceMatrixElement:963368to963371" version="1">
                  <Name>Kryžkalnio autobusų stotis to Palangos autobusų stotis</Name>
                  <StartStopPointRef ref="VTR:ScheduledStopPoint:65204" version="1"/>
                  <EndStopPointRef ref="VTR:ScheduledStopPoint:65209" version="1"/>
                  <prices>
                    <DistanceMatrixElementPrice id="VTR:DistanceMatrixElementPrice:963368to963371" version="1">
                      <Amount>8.3</Amount>
                      <DistanceMatrixElementRef ref="VTR:DistanceMatrixElement:963368to963371" version="1"/>
                    </DistanceMatrixElementPrice>
                  </prices>
                </DistanceMatrixElement>
                <DistanceMatrixElement id="VTR:DistanceMatrixElement:963375to963378" version="1">
                  <Name>Gariūnai to Mokyklos</Name>
                  <StartStopPointRef ref="VTR:ScheduledStopPoint:65201" version="1"/>
                  <EndStopPointRef ref="VTR:ScheduledStopPoint:65205" version="1"/>
                  <prices>
                    <DistanceMatrixElementPrice id="VTR:DistanceMatrixElementPrice:963375to963378" version="1">
                      <Amount>18.7</Amount>
                      <DistanceMatrixElementRef ref="VTR:DistanceMatrixElement:963375to963378" version="1"/>
                    </DistanceMatrixElementPrice>
                  </prices>
                </DistanceMatrixElement>
                <DistanceMatrixElement id="VTR:DistanceMatrixElement:963377to963379" version="1">
                  <Name>Kryžkalnio autobusų stotis to Klaipėdos autobusų stotis</Name>
                  <StartStopPointRef ref="VTR:ScheduledStopPoint:65204" version="1"/>
                  <EndStopPointRef ref="VTR:ScheduledStopPoint:65206" version="1"/>
                  <prices>
                    <DistanceMatrixElementPrice id="VTR:DistanceMatrixElementPrice:963377to963379" version="1">
                      <Amount>6.8</Amount>
                      <DistanceMatrixElementRef ref="VTR:DistanceMatrixElement:963377to963379" version="1"/>
                    </DistanceMatrixElementPrice>
                  </prices>
                </DistanceMatrixElement>
                <DistanceMatrixElement id="VTR:DistanceMatrixElement:963379to963380" version="1">
                  <Name>Klaipėdos autobusų stotis to Palangos autobusų stotis</Name>
                  <StartStopPointRef ref="VTR:ScheduledStopPoint:65206" version="1"/>
                  <EndStopPointRef ref="VTR:ScheduledStopPoint:65209" version="1"/>
                  <prices>
                    <DistanceMatrixElementPrice id="VTR:DistanceMatrixElementPrice:963379to963380" version="1">
                      <Amount>0.0</Amount>
                      <DistanceMatrixElementRef ref="VTR:DistanceMatrixElement:963379to963380" version="1"/>
                    </DistanceMatrixElementPrice>
                  </prices>
                </DistanceMatrixElement>
                <DistanceMatrixElement id="VTR:DistanceMatrixElement:963366to963367" version="1">
                  <Name>Gariūnai to Devintas fortas</Name>
                  <StartStopPointRef ref="VTR:ScheduledStopPoint:65201" version="1"/>
                  <EndStopPointRef ref="VTR:ScheduledStopPoint:65202" version="1"/>
                  <prices>
                    <DistanceMatrixElementPrice id="VTR:DistanceMatrixElementPrice:963366to963367" version="1">
                      <Amount>6.8</Amount>
                      <DistanceMatrixElementRef ref="VTR:DistanceMatrixElement:963366to963367" version="1"/>
                    </DistanceMatrixElementPrice>
                  </prices>
                </DistanceMatrixElement>
                <DistanceMatrixElement id="VTR:DistanceMatrixElement:963367to963368" version="1">
                  <Name>Devintas fortas to Kryžkalnio autobusų stotis</Name>
                  <StartStopPointRef ref="VTR:ScheduledStopPoint:65202" version="1"/>
                  <EndStopPointRef ref="VTR:ScheduledStopPoint:65204" version="1"/>
                  <prices>
                    <DistanceMatrixElementPrice id="VTR:DistanceMatrixElementPrice:963367to963368" version="1">
                      <Amount>6.8</Amount>
                      <DistanceMatrixElementRef ref="VTR:DistanceMatrixElement:963367to963368" version="1"/>
                    </DistanceMatrixElementPrice>
                  </prices>
                </DistanceMatrixElement>
                <DistanceMatrixElement id="VTR:DistanceMatrixElement:963375to963379" version="1">
                  <Name>Gariūnai to Klaipėdos autobusų stotis</Name>
                  <StartStopPointRef ref="VTR:ScheduledStopPoint:65201" version="1"/>
                  <EndStopPointRef ref="VTR:ScheduledStopPoint:65206" version="1"/>
                  <prices>
                    <DistanceMatrixElementPrice id="VTR:DistanceMatrixElementPrice:963375to963379" version="1">
                      <Amount>18.7</Amount>
                      <DistanceMatrixElementRef ref="VTR:DistanceMatrixElement:963375to963379" version="1"/>
                    </DistanceMatrixElementPrice>
                  </prices>
                </DistanceMatrixElement>
                <DistanceMatrixElement id="VTR:DistanceMatrixElement:963365to963370" version="1">
                  <Name>Vilniaus autobusų stotis to Klaipėdos autobusų stotis</Name>
                  <StartStopPointRef ref="VTR:ScheduledStopPoint:65200" version="1"/>
                  <EndStopPointRef ref="VTR:ScheduledStopPoint:65206" version="1"/>
                  <prices>
                    <DistanceMatrixElementPrice id="VTR:DistanceMatrixElementPrice:963365to963370" version="1">
                      <Amount>18.7</Amount>
                      <DistanceMatrixElementRef ref="VTR:DistanceMatrixElement:963365to963370" version="1"/>
                    </DistanceMatrixElementPrice>
                  </prices>
                </DistanceMatrixElement>
                <DistanceMatrixElement id="VTR:DistanceMatrixElement:963366to963371" version="1">
                  <Name>Gariūnai to Palangos autobusų stotis</Name>
                  <StartStopPointRef ref="VTR:ScheduledStopPoint:65201" version="1"/>
                  <EndStopPointRef ref="VTR:ScheduledStopPoint:65209" version="1"/>
                  <prices>
                    <DistanceMatrixElementPrice id="VTR:DistanceMatrixElementPrice:963366to963371" version="1">
                      <Amount>19.4</Amount>
                      <DistanceMatrixElementRef ref="VTR:DistanceMatrixElement:963366to963371" version="1"/>
                    </DistanceMatrixElementPrice>
                  </prices>
                </DistanceMatrixElement>
                <DistanceMatrixElement id="VTR:DistanceMatrixElement:963367to963371" version="1">
                  <Name>Devintas fortas to Palangos autobusų stotis</Name>
                  <StartStopPointRef ref="VTR:ScheduledStopPoint:65202" version="1"/>
                  <EndStopPointRef ref="VTR:ScheduledStopPoint:65209" version="1"/>
                  <prices>
                    <DistanceMatrixElementPrice id="VTR:DistanceMatrixElementPrice:963367to963371" version="1">
                      <Amount>14.1</Amount>
                      <DistanceMatrixElementRef ref="VTR:DistanceMatrixElement:963367to963371" version="1"/>
                    </DistanceMatrixElementPrice>
                  </prices>
                </DistanceMatrixElement>
                <DistanceMatrixElement id="VTR:DistanceMatrixElement:963369to963370" version="1">
                  <Name>Mokyklos to Klaipėdos autobusų stotis</Name>
                  <StartStopPointRef ref="VTR:ScheduledStopPoint:65205" version="1"/>
                  <EndStopPointRef ref="VTR:ScheduledStopPoint:65206" version="1"/>
                  <prices>
                    <DistanceMatrixElementPrice id="VTR:DistanceMatrixElementPrice:963369to963370" version="1">
                      <Amount>0.0</Amount>
                      <DistanceMatrixElementRef ref="VTR:DistanceMatrixElement:963369to963370" version="1"/>
                    </DistanceMatrixElementPrice>
                  </prices>
                </DistanceMatrixElement>
                <DistanceMatrixElement id="VTR:DistanceMatrixElement:963365to963368" version="1">
                  <Name>Vilniaus autobusų stotis to Kryžkalnio autobusų stotis</Name>
                  <StartStopPointRef ref="VTR:ScheduledStopPoint:65200" version="1"/>
                  <EndStopPointRef ref="VTR:ScheduledStopPoint:65204" version="1"/>
                  <prices>
                    <DistanceMatrixElementPrice id="VTR:DistanceMatrixElementPrice:963365to963368" version="1">
                      <Amount>12.6</Amount>
                      <DistanceMatrixElementRef ref="VTR:DistanceMatrixElement:963365to963368" version="1"/>
                    </DistanceMatrixElementPrice>
                  </prices>
                </DistanceMatrixElement>
                <DistanceMatrixElement id="VTR:DistanceMatrixElement:963366to963370" version="1">
                  <Name>Gariūnai to Klaipėdos autobusų stotis</Name>
                  <StartStopPointRef ref="VTR:ScheduledStopPoint:65201" version="1"/>
                  <EndStopPointRef ref="VTR:ScheduledStopPoint:65206" version="1"/>
                  <prices>
                    <DistanceMatrixElementPrice id="VTR:DistanceMatrixElementPrice:963366to963370" version="1">
                      <Amount>18.7</Amount>
                      <DistanceMatrixElementRef ref="VTR:DistanceMatrixElement:963366to963370" version="1"/>
                    </DistanceMatrixElementPrice>
                  </prices>
                </DistanceMatrixElement>
                <DistanceMatrixElement id="VTR:DistanceMatrixElement:963374to963375" version="1">
                  <Name>Vilniaus autobusų stotis to Gariūnai</Name>
                  <StartStopPointRef ref="VTR:ScheduledStopPoint:65200" version="1"/>
                  <EndStopPointRef ref="VTR:ScheduledStopPoint:65201" version="1"/>
                  <prices>
                    <DistanceMatrixElementPrice id="VTR:DistanceMatrixElementPrice:963374to963375" version="1">
                      <Amount>0.0</Amount>
                      <DistanceMatrixElementRef ref="VTR:DistanceMatrixElement:963374to963375" version="1"/>
                    </DistanceMatrixElementPrice>
                  </prices>
                </DistanceMatrixElement>
                <DistanceMatrixElement id="VTR:DistanceMatrixElement:963374to963377" version="1">
                  <Name>Vilniaus autobusų stotis to Kryžkalnio autobusų stotis</Name>
                  <StartStopPointRef ref="VTR:ScheduledStopPoint:65200" version="1"/>
                  <EndStopPointRef ref="VTR:ScheduledStopPoint:65204" version="1"/>
                  <prices>
                    <DistanceMatrixElementPrice id="VTR:DistanceMatrixElementPrice:963374to963377" version="1">
                      <Amount>12.6</Amount>
                      <DistanceMatrixElementRef ref="VTR:DistanceMatrixElement:963374to963377" version="1"/>
                    </DistanceMatrixElementPrice>
                  </prices>
                </DistanceMatrixElement>
                <DistanceMatrixElement id="VTR:DistanceMatrixElement:963376to963378" version="1">
                  <Name>Devintas fortas to Mokyklos</Name>
                  <StartStopPointRef ref="VTR:ScheduledStopPoint:65202" version="1"/>
                  <EndStopPointRef ref="VTR:ScheduledStopPoint:65205" version="1"/>
                  <prices>
                    <DistanceMatrixElementPrice id="VTR:DistanceMatrixElementPrice:963376to963378" version="1">
                      <Amount>12.6</Amount>
                      <DistanceMatrixElementRef ref="VTR:DistanceMatrixElement:963376to963378" version="1"/>
                    </DistanceMatrixElementPrice>
                  </prices>
                </DistanceMatrixElement>
                <DistanceMatrixElement id="VTR:DistanceMatrixElement:963377to963378" version="1">
                  <Name>Kryžkalnio autobusų stotis to Mokyklos</Name>
                  <StartStopPointRef ref="VTR:ScheduledStopPoint:65204" version="1"/>
                  <EndStopPointRef ref="VTR:ScheduledStopPoint:65205" version="1"/>
                  <prices>
                    <DistanceMatrixElementPrice id="VTR:DistanceMatrixElementPrice:963377to963378" version="1">
                      <Amount>6.8</Amount>
                      <DistanceMatrixElementRef ref="VTR:DistanceMatrixElement:963377to963378" version="1"/>
                    </DistanceMatrixElementPrice>
                  </prices>
                </DistanceMatrixElement>
                <DistanceMatrixElement id="VTR:DistanceMatrixElement:963366to963368" version="1">
                  <Name>Gariūnai to Kryžkalnio autobusų stotis</Name>
                  <StartStopPointRef ref="VTR:ScheduledStopPoint:65201" version="1"/>
                  <EndStopPointRef ref="VTR:ScheduledStopPoint:65204" version="1"/>
                  <prices>
                    <DistanceMatrixElementPrice id="VTR:DistanceMatrixElementPrice:963366to963368" version="1">
                      <Amount>12.6</Amount>
                      <DistanceMatrixElementRef ref="VTR:DistanceMatrixElement:963366to963368" version="1"/>
                    </DistanceMatrixElementPrice>
                  </prices>
                </DistanceMatrixElement>
                <DistanceMatrixElement id="VTR:DistanceMatrixElement:963367to963369" version="1">
                  <Name>Devintas fortas to Mokyklos</Name>
                  <StartStopPointRef ref="VTR:ScheduledStopPoint:65202" version="1"/>
                  <EndStopPointRef ref="VTR:ScheduledStopPoint:65205" version="1"/>
                  <prices>
                    <DistanceMatrixElementPrice id="VTR:DistanceMatrixElementPrice:963367to963369" version="1">
                      <Amount>12.6</Amount>
                      <DistanceMatrixElementRef ref="VTR:DistanceMatrixElement:963367to963369" version="1"/>
                    </DistanceMatrixElementPrice>
                  </prices>
                </DistanceMatrixElement>
                <DistanceMatrixElement id="VTR:DistanceMatrixElement:963368to963370" version="1">
                  <Name>Kryžkalnio autobusų stotis to Klaipėdos autobusų stotis</Name>
                  <StartStopPointRef ref="VTR:ScheduledStopPoint:65204" version="1"/>
                  <EndStopPointRef ref="VTR:ScheduledStopPoint:65206" version="1"/>
                  <prices>
                    <DistanceMatrixElementPrice id="VTR:DistanceMatrixElementPrice:963368to963370" version="1">
                      <Amount>6.8</Amount>
                      <DistanceMatrixElementRef ref="VTR:DistanceMatrixElement:963368to963370" version="1"/>
                    </DistanceMatrixElementPrice>
                  </prices>
                </DistanceMatrixElement>
                <DistanceMatrixElement id="VTR:DistanceMatrixElement:963369to963371" version="1">
                  <Name>Mokyklos to Palangos autobusų stotis</Name>
                  <StartStopPointRef ref="VTR:ScheduledStopPoint:65205" version="1"/>
                  <EndStopPointRef ref="VTR:ScheduledStopPoint:65209" version="1"/>
                  <prices>
                    <DistanceMatrixElementPrice id="VTR:DistanceMatrixElementPrice:963369to963371" version="1">
                      <Amount>0.0</Amount>
                      <DistanceMatrixElementRef ref="VTR:DistanceMatrixElement:963369to963371" version="1"/>
                    </DistanceMatrixElementPrice>
                  </prices>
                </DistanceMatrixElement>
                <DistanceMatrixElement id="VTR:DistanceMatrixElement:963374to963376" version="1">
                  <Name>Vilniaus autobusų stotis to Devintas fortas</Name>
                  <StartStopPointRef ref="VTR:ScheduledStopPoint:65200" version="1"/>
                  <EndStopPointRef ref="VTR:ScheduledStopPoint:65202" version="1"/>
                  <prices>
                    <DistanceMatrixElementPrice id="VTR:DistanceMatrixElementPrice:963374to963376" version="1">
                      <Amount>6.8</Amount>
                      <DistanceMatrixElementRef ref="VTR:DistanceMatrixElement:963374to963376" version="1"/>
                    </DistanceMatrixElementPrice>
                  </prices>
                </DistanceMatrixElement>
                <DistanceMatrixElement id="VTR:DistanceMatrixElement:963374to963379" version="1">
                  <Name>Vilniaus autobusų stotis to Klaipėdos autobusų stotis</Name>
                  <StartStopPointRef ref="VTR:ScheduledStopPoint:65200" version="1"/>
                  <EndStopPointRef ref="VTR:ScheduledStopPoint:65206" version="1"/>
                  <prices>
                    <DistanceMatrixElementPrice id="VTR:DistanceMatrixElementPrice:963374to963379" version="1">
                      <Amount>18.7</Amount>
                      <DistanceMatrixElementRef ref="VTR:DistanceMatrixElement:963374to963379" version="1"/>
                    </DistanceMatrixElementPrice>
                  </prices>
                </DistanceMatrixElement>
                <DistanceMatrixElement id="VTR:DistanceMatrixElement:963375to963376" version="1">
                  <Name>Gariūnai to Devintas fortas</Name>
                  <StartStopPointRef ref="VTR:ScheduledStopPoint:65201" version="1"/>
                  <EndStopPointRef ref="VTR:ScheduledStopPoint:65202" version="1"/>
                  <prices>
                    <DistanceMatrixElementPrice id="VTR:DistanceMatrixElementPrice:963375to963376" version="1">
                      <Amount>6.8</Amount>
                      <DistanceMatrixElementRef ref="VTR:DistanceMatrixElement:963375to963376" version="1"/>
                    </DistanceMatrixElementPrice>
                  </prices>
                </DistanceMatrixElement>
                <DistanceMatrixElement id="VTR:DistanceMatrixElement:963375to963377" version="1">
                  <Name>Gariūnai to Kryžkalnio autobusų stotis</Name>
                  <StartStopPointRef ref="VTR:ScheduledStopPoint:65201" version="1"/>
                  <EndStopPointRef ref="VTR:ScheduledStopPoint:65204" version="1"/>
                  <prices>
                    <DistanceMatrixElementPrice id="VTR:DistanceMatrixElementPrice:963375to963377" version="1">
                      <Amount>12.6</Amount>
                      <DistanceMatrixElementRef ref="VTR:DistanceMatrixElement:963375to963377" version="1"/>
                    </DistanceMatrixElementPrice>
                  </prices>
                </DistanceMatrixElement>
                <DistanceMatrixElement id="VTR:DistanceMatrixElement:963365to963369" version="1">
                  <Name>Vilniaus autobusų stotis to Mokyklos</Name>
                  <StartStopPointRef ref="VTR:ScheduledStopPoint:65200" version="1"/>
                  <EndStopPointRef ref="VTR:ScheduledStopPoint:65205" version="1"/>
                  <prices>
                    <DistanceMatrixElementPrice id="VTR:DistanceMatrixElementPrice:963365to963369" version="1">
                      <Amount>18.7</Amount>
                      <DistanceMatrixElementRef ref="VTR:DistanceMatrixElement:963365to963369" version="1"/>
                    </DistanceMatrixElementPrice>
                  </prices>
                </DistanceMatrixElement>
                <DistanceMatrixElement id="VTR:DistanceMatrixElement:963370to963371" version="1">
                  <Name>Klaipėdos autobusų stotis to Palangos autobusų stotis</Name>
                  <StartStopPointRef ref="VTR:ScheduledStopPoint:65206" version="1"/>
                  <EndStopPointRef ref="VTR:ScheduledStopPoint:65209" version="1"/>
                  <prices>
                    <DistanceMatrixElementPrice id="VTR:DistanceMatrixElementPrice:963370to963371" version="1">
                      <Amount>0.0</Amount>
                      <DistanceMatrixElementRef ref="VTR:DistanceMatrixElement:963370to963371" version="1"/>
                    </DistanceMatrixElementPrice>
                  </prices>
                </DistanceMatrixElement>
                <DistanceMatrixElement id="VTR:DistanceMatrixElement:963375to963380" version="1">
                  <Name>Gariūnai to Palangos autobusų stotis</Name>
                  <StartStopPointRef ref="VTR:ScheduledStopPoint:65201" version="1"/>
                  <EndStopPointRef ref="VTR:ScheduledStopPoint:65209" version="1"/>
                  <prices>
                    <DistanceMatrixElementPrice id="VTR:DistanceMatrixElementPrice:963375to963380" version="1">
                      <Amount>19.4</Amount>
                      <DistanceMatrixElementRef ref="VTR:DistanceMatrixElement:963375to963380" version="1"/>
                    </DistanceMatrixElementPrice>
                  </prices>
                </DistanceMatrixElement>
                <DistanceMatrixElement id="VTR:DistanceMatrixElement:963378to963380" version="1">
                  <Name>Mokyklos to Palangos autobusų stotis</Name>
                  <StartStopPointRef ref="VTR:ScheduledStopPoint:65205" version="1"/>
                  <EndStopPointRef ref="VTR:ScheduledStopPoint:65209" version="1"/>
                  <prices>
                    <DistanceMatrixElementPrice id="VTR:DistanceMatrixElementPrice:963378to963380" version="1">
                      <Amount>0.0</Amount>
                      <DistanceMatrixElementRef ref="VTR:DistanceMatrixElement:963378to963380" version="1"/>
                    </DistanceMatrixElementPrice>
                  </prices>
                </DistanceMatrixElement>
                <DistanceMatrixElement id="VTR:DistanceMatrixElement:963366to963369" version="1">
                  <Name>Gariūnai to Mokyklos</Name>
                  <StartStopPointRef ref="VTR:ScheduledStopPoint:65201" version="1"/>
                  <EndStopPointRef ref="VTR:ScheduledStopPoint:65205" version="1"/>
                  <prices>
                    <DistanceMatrixElementPrice id="VTR:DistanceMatrixElementPrice:963366to963369" version="1">
                      <Amount>18.7</Amount>
                      <DistanceMatrixElementRef ref="VTR:DistanceMatrixElement:963366to963369" version="1"/>
                    </DistanceMatrixElementPrice>
                  </prices>
                </DistanceMatrixElement>
                <DistanceMatrixElement id="VTR:DistanceMatrixElement:963365to963367" version="1">
                  <Name>Vilniaus autobusų stotis to Devintas fortas</Name>
                  <StartStopPointRef ref="VTR:ScheduledStopPoint:65200" version="1"/>
                  <EndStopPointRef ref="VTR:ScheduledStopPoint:65202" version="1"/>
                  <prices>
                    <DistanceMatrixElementPrice id="VTR:DistanceMatrixElementPrice:963365to963367" version="1">
                      <Amount>6.8</Amount>
                      <DistanceMatrixElementRef ref="VTR:DistanceMatrixElement:963365to963367" version="1"/>
                    </DistanceMatrixElementPrice>
                  </prices>
                </DistanceMatrixElement>
              </distanceMatrixElements>
            </Tariff>
          </tariffs>
          <usageParameters>
            <FrequencyOfUse id="VTR:FrequencyOfUse:oneTrip" version="1">
              <FrequencyOfUseType>unlimited</FrequencyOfUseType>
              <MaximalFrequency>1</MaximalFrequency>
            </FrequencyOfUse>
          </usageParameters>
        </FareFrame>
      </frames>
    </CompositeFrame>
  </dataObjects>
</PublicationDelivery>
