<?xml version="1.0" encoding="UTF-8"?><PublicationDelivery xmlns="http://www.netex.org.uk/netex" xmlns:gis="http://www.opengis.net/gml/3.2" xmlns:ns2="http://www.opengis.net/gml/3.2" xmlns:ns3="http://www.siri.org.uk/siri" xmlns:xsi="http://www.w3.org/2001/XMLSchema-instance" version="1" xsi:schemaLocation="">
  <PublicationTimestamp>2022-05-07T05:05:00.281</PublicationTimestamp>
  <ParticipantRef>VTR</ParticipantRef>
  <Description>1</Description>
  <dataObjects>
    <CompositeFrame created="2022-05-07T05:05:00.281" version="1" id="VTR:CompositeFrame:1401">
      <validityConditions>
        <AvailabilityCondition version="1" id="VTR:AvailabilityCondition:1401">
          <FromDate>2015-12-21T14:04:21</FromDate>
          <ToDate>2027-12-30T00:00:00</ToDate>
        </AvailabilityCondition>
      </validityConditions>
      <codespaces>
        <Codespace id="vtr">
          <Xmlns>VTR</Xmlns>
          <XmlnsUrl>http://www.visimarsrutai.lt/</XmlnsUrl>
        </Codespace>
      </codespaces>
      <FrameDefaults>
        <DefaultLocale>
          <TimeZone>Europe/Vilnius</TimeZone>
        </DefaultLocale>
        <DefaultLocationSystem>WGS84</DefaultLocationSystem>
      </FrameDefaults>
      <frames>
        <ServiceCalendarFrame version="1" id="VTR:ServiceCalendarFrame:1401">
          <dayTypes>
            <DayType id="VTR:DayType:2901" version="1">
              <properties>
                <PropertyOfDay>
                  <DaysOfWeek>Monday Tuesday Wednesday Thursday Friday</DaysOfWeek>
                </PropertyOfDay>
              </properties>
            </DayType>
          </dayTypes>
          <operatingPeriods>
            <OperatingPeriod version="1" id="VTR:OperatingPeriod:2901">
              <FromDate>2015-11-12T00:00:00</FromDate>
              <ToDate>2020-12-31T00:00:00</ToDate>
            </OperatingPeriod>
          </operatingPeriods>
          <dayTypeAssignments>
            <DayTypeAssignment id="VTR:DayTypeAssignment:2901_0" version="1" order="2224">
              <OperatingPeriodRef ref="VTR:OperatingPeriod:2901" version="1"/>
              <DayTypeRef ref="VTR:DayType:2901" version="1"/>
            </DayTypeAssignment>
          </dayTypeAssignments>
        </ServiceCalendarFrame>
        <ServiceFrame id="VTR:ServiceFrame:1401" version="1">
          <Network version="0" id="VTR:Network:52"/>
          <routePoints>
            <RoutePoint version="1" id="VTR:RoutePoint:129325">
              <projections>
                <PointProjection version="1" id="VTR:PointProjection:29496">
                  <ProjectedPointRef ref="VTR:ScheduledStopPoint:129325" version="1"/>
                </PointProjection>
              </projections>
            </RoutePoint>
            <RoutePoint version="1" id="VTR:RoutePoint:129326">
              <projections>
                <PointProjection version="1" id="VTR:PointProjection:29497">
                  <ProjectedPointRef ref="VTR:ScheduledStopPoint:129326" version="1"/>
                </PointProjection>
              </projections>
            </RoutePoint>
            <RoutePoint version="1" id="VTR:RoutePoint:129327">
              <projections>
                <PointProjection version="1" id="VTR:PointProjection:29498">
                  <ProjectedPointRef ref="VTR:ScheduledStopPoint:129327" version="1"/>
                </PointProjection>
              </projections>
            </RoutePoint>
            <RoutePoint version="1" id="VTR:RoutePoint:129328">
              <projections>
                <PointProjection version="1" id="VTR:PointProjection:29499">
                  <ProjectedPointRef ref="VTR:ScheduledStopPoint:129328" version="1"/>
                </PointProjection>
              </projections>
            </RoutePoint>
            <RoutePoint version="1" id="VTR:RoutePoint:129329">
              <projections>
                <PointProjection version="1" id="VTR:PointProjection:29500">
                  <ProjectedPointRef ref="VTR:ScheduledStopPoint:129329" version="1"/>
                </PointProjection>
              </projections>
            </RoutePoint>
            <RoutePoint version="1" id="VTR:RoutePoint:129330">
              <projections>
                <PointProjection version="1" id="VTR:PointProjection:29501">
                  <ProjectedPointRef ref="VTR:ScheduledStopPoint:129330" version="1"/>
                </PointProjection>
              </projections>
            </RoutePoint>
            <RoutePoint version="1" id="VTR:RoutePoint:129331">
              <projections>
                <PointProjection version="1" id="VTR:PointProjection:29502">
                  <ProjectedPointRef ref="VTR:ScheduledStopPoint:129331" version="1"/>
                </PointProjection>
              </projections>
            </RoutePoint>
            <RoutePoint version="1" id="VTR:RoutePoint:129332">
              <projections>
                <PointProjection version="1" id="VTR:PointProjection:29505">
                  <ProjectedPointRef ref="VTR:ScheduledStopPoint:129332" version="1"/>
                </PointProjection>
              </projections>
            </RoutePoint>
            <RoutePoint version="1" id="VTR:RoutePoint:129333">
              <projections>
                <PointProjection version="1" id="VTR:PointProjection:37981">
                  <ProjectedPointRef ref="VTR:ScheduledStopPoint:129333" version="1"/>
                </PointProjection>
              </projections>
            </RoutePoint>
            <RoutePoint version="1" id="VTR:RoutePoint:129334">
              <projections>
                <PointProjection version="1" id="VTR:PointProjection:37982">
                  <ProjectedPointRef ref="VTR:ScheduledStopPoint:129334" version="1"/>
                </PointProjection>
              </projections>
            </RoutePoint>
            <RoutePoint version="1" id="VTR:RoutePoint:129335">
              <projections>
                <PointProjection version="1" id="VTR:PointProjection:37983">
                  <ProjectedPointRef ref="VTR:ScheduledStopPoint:129335" version="1"/>
                </PointProjection>
              </projections>
            </RoutePoint>
            <RoutePoint version="1" id="VTR:RoutePoint:129336">
              <projections>
                <PointProjection version="1" id="VTR:PointProjection:37984">
                  <ProjectedPointRef ref="VTR:ScheduledStopPoint:129336" version="1"/>
                </PointProjection>
              </projections>
            </RoutePoint>
            <RoutePoint version="1" id="VTR:RoutePoint:129337">
              <projections>
                <PointProjection version="1" id="VTR:PointProjection:37985">
                  <ProjectedPointRef ref="VTR:ScheduledStopPoint:129337" version="1"/>
                </PointProjection>
              </projections>
            </RoutePoint>
            <RoutePoint version="1" id="VTR:RoutePoint:129338">
              <projections>
                <PointProjection version="1" id="VTR:PointProjection:37986">
                  <ProjectedPointRef ref="VTR:ScheduledStopPoint:129338" version="1"/>
                </PointProjection>
              </projections>
            </RoutePoint>
            <RoutePoint version="1" id="VTR:RoutePoint:129339">
              <projections>
                <PointProjection version="1" id="VTR:PointProjection:37987">
                  <ProjectedPointRef ref="VTR:ScheduledStopPoint:129339" version="1"/>
                </PointProjection>
              </projections>
            </RoutePoint>
            <RoutePoint version="1" id="VTR:RoutePoint:129340">
              <projections>
                <PointProjection version="1" id="VTR:PointProjection:37988">
                  <ProjectedPointRef ref="VTR:ScheduledStopPoint:129340" version="1"/>
                </PointProjection>
              </projections>
            </RoutePoint>
          </routePoints>
          <routes>
            <Route version="1" id="VTR:Route:7880">
              <Name>Vilkaviškis-Patunkiškiai-Čyčkai-Alvitas</Name>
              <ShortName>Vilkaviškis-Patunkiškiai-Čyčkai-Alvitas</ShortName>
              <LineRef ref="VTR:Line:3102" version="3204"/>
              <DirectionType>outbound</DirectionType>
              <pointsInSequence>
                <PointOnRoute version="1" id="VTR:PointOnRoute:129325" order="1">
                  <RoutePointRef ref="VTR:RoutePoint:129325"/>
                </PointOnRoute>
                <PointOnRoute version="1" id="VTR:PointOnRoute:129326" order="2">
                  <RoutePointRef ref="VTR:RoutePoint:129326"/>
                </PointOnRoute>
                <PointOnRoute version="1" id="VTR:PointOnRoute:129327" order="3">
                  <RoutePointRef ref="VTR:RoutePoint:129327"/>
                </PointOnRoute>
                <PointOnRoute version="1" id="VTR:PointOnRoute:129328" order="4">
                  <RoutePointRef ref="VTR:RoutePoint:129328"/>
                </PointOnRoute>
                <PointOnRoute version="1" id="VTR:PointOnRoute:129329" order="5">
                  <RoutePointRef ref="VTR:RoutePoint:129329"/>
                </PointOnRoute>
                <PointOnRoute version="1" id="VTR:PointOnRoute:129330" order="6">
                  <RoutePointRef ref="VTR:RoutePoint:129330"/>
                </PointOnRoute>
                <PointOnRoute version="1" id="VTR:PointOnRoute:129331" order="7">
                  <RoutePointRef ref="VTR:RoutePoint:129331"/>
                </PointOnRoute>
                <PointOnRoute version="1" id="VTR:PointOnRoute:129332" order="8">
                  <RoutePointRef ref="VTR:RoutePoint:129332"/>
                </PointOnRoute>
              </pointsInSequence>
            </Route>
            <Route version="1" id="VTR:Route:7881">
              <Name>Alvitas-Čyčkai-Patunkiškiai-Vilkaviškis</Name>
              <ShortName>Alvitas-Čyčkai-Patunkiškiai-Vilkaviškis</ShortName>
              <LineRef ref="VTR:Line:3102" version="3204"/>
              <DirectionType>inbound</DirectionType>
              <pointsInSequence>
                <PointOnRoute version="1" id="VTR:PointOnRoute:129333" order="1">
                  <RoutePointRef ref="VTR:RoutePoint:129333"/>
                </PointOnRoute>
                <PointOnRoute version="1" id="VTR:PointOnRoute:129334" order="2">
                  <RoutePointRef ref="VTR:RoutePoint:129334"/>
                </PointOnRoute>
                <PointOnRoute version="1" id="VTR:PointOnRoute:129335" order="3">
                  <RoutePointRef ref="VTR:RoutePoint:129335"/>
                </PointOnRoute>
                <PointOnRoute version="1" id="VTR:PointOnRoute:129336" order="4">
                  <RoutePointRef ref="VTR:RoutePoint:129336"/>
                </PointOnRoute>
                <PointOnRoute version="1" id="VTR:PointOnRoute:129337" order="5">
                  <RoutePointRef ref="VTR:RoutePoint:129337"/>
                </PointOnRoute>
                <PointOnRoute version="1" id="VTR:PointOnRoute:129338" order="6">
                  <RoutePointRef ref="VTR:RoutePoint:129338"/>
                </PointOnRoute>
                <PointOnRoute version="1" id="VTR:PointOnRoute:129339" order="7">
                  <RoutePointRef ref="VTR:RoutePoint:129339"/>
                </PointOnRoute>
                <PointOnRoute version="1" id="VTR:PointOnRoute:129340" order="8">
                  <RoutePointRef ref="VTR:RoutePoint:129340"/>
                </PointOnRoute>
              </pointsInSequence>
            </Route>
          </routes>
          <lines>
            <Line version="3204" id="VTR:Line:3102">
              <Name>Vilkaviškis-Patunkiškiai-Čyčkai-Alvitas</Name>
              <TransportMode>bus</TransportMode>
              <TransportSubmode>
                <BusSubmode>regionalBus</BusSubmode>
              </TransportSubmode>
              <PublicCode>15</PublicCode>
              <OperatorRef ref="VTR:Operator:52"/>
            </Line>
          </lines>
          <scheduledStopPoints>
            <ScheduledStopPoint version="1" id="VTR:ScheduledStopPoint:129325">
              <Name>Vilkaviškio autobusų stotis</Name>
            </ScheduledStopPoint>
            <ScheduledStopPoint version="1" id="VTR:ScheduledStopPoint:129326">
              <Name>Kaukakalnis</Name>
            </ScheduledStopPoint>
            <ScheduledStopPoint version="1" id="VTR:ScheduledStopPoint:129327">
              <Name>Čyčkai</Name>
            </ScheduledStopPoint>
            <ScheduledStopPoint version="1" id="VTR:ScheduledStopPoint:129328">
              <Name>Vanaginė</Name>
            </ScheduledStopPoint>
            <ScheduledStopPoint version="1" id="VTR:ScheduledStopPoint:129329">
              <Name>Patunkiškiai</Name>
            </ScheduledStopPoint>
            <ScheduledStopPoint version="1" id="VTR:ScheduledStopPoint:129330">
              <Name>Maldėnai</Name>
            </ScheduledStopPoint>
            <ScheduledStopPoint version="1" id="VTR:ScheduledStopPoint:129331">
              <Name>Paežeriai</Name>
            </ScheduledStopPoint>
            <ScheduledStopPoint version="1" id="VTR:ScheduledStopPoint:129332">
              <Name>Alvitas</Name>
            </ScheduledStopPoint>
            <ScheduledStopPoint version="1" id="VTR:ScheduledStopPoint:129333">
              <Name>Alvitas</Name>
            </ScheduledStopPoint>
            <ScheduledStopPoint version="1" id="VTR:ScheduledStopPoint:129334">
              <Name>Maldėnai</Name>
            </ScheduledStopPoint>
            <ScheduledStopPoint version="1" id="VTR:ScheduledStopPoint:129335">
              <Name>Vanaginė</Name>
            </ScheduledStopPoint>
            <ScheduledStopPoint version="1" id="VTR:ScheduledStopPoint:129336">
              <Name>Patunkiškiai</Name>
            </ScheduledStopPoint>
            <ScheduledStopPoint version="1" id="VTR:ScheduledStopPoint:129337">
              <Name>Čyčkai</Name>
            </ScheduledStopPoint>
            <ScheduledStopPoint version="1" id="VTR:ScheduledStopPoint:129338">
              <Name>Kaukakalnis</Name>
            </ScheduledStopPoint>
            <ScheduledStopPoint version="1" id="VTR:ScheduledStopPoint:129339">
              <Name>Paežeriai</Name>
            </ScheduledStopPoint>
            <ScheduledStopPoint version="1" id="VTR:ScheduledStopPoint:129340">
              <Name>Vilkaviškio autobusų stotis</Name>
            </ScheduledStopPoint>
          </scheduledStopPoints>
          <serviceLinks>
            <ServiceLink id="VTR:ServiceLink:129339_1_129340_1" version="1">
              <Distance>3</Distance>
              <FromPointRef ref="VTR:ScheduledStopPoint:129339" version="1"/>
              <ToPointRef ref="VTR:ScheduledStopPoint:129340" version="1"/>
            </ServiceLink>
            <ServiceLink id="VTR:ServiceLink:129327_1_129328_1" version="1">
              <Distance>4</Distance>
              <FromPointRef ref="VTR:ScheduledStopPoint:129327" version="1"/>
              <ToPointRef ref="VTR:ScheduledStopPoint:129328" version="1"/>
            </ServiceLink>
            <ServiceLink id="VTR:ServiceLink:129335_1_129336_1" version="1">
              <Distance>1</Distance>
              <FromPointRef ref="VTR:ScheduledStopPoint:129335" version="1"/>
              <ToPointRef ref="VTR:ScheduledStopPoint:129336" version="1"/>
            </ServiceLink>
            <ServiceLink id="VTR:ServiceLink:129329_1_129330_1" version="1">
              <Distance>2</Distance>
              <FromPointRef ref="VTR:ScheduledStopPoint:129329" version="1"/>
              <ToPointRef ref="VTR:ScheduledStopPoint:129330" version="1"/>
            </ServiceLink>
            <ServiceLink id="VTR:ServiceLink:129334_1_129335_1" version="1">
              <Distance>2</Distance>
              <FromPointRef ref="VTR:ScheduledStopPoint:129334" version="1"/>
              <ToPointRef ref="VTR:ScheduledStopPoint:129335" version="1"/>
            </ServiceLink>
            <ServiceLink id="VTR:ServiceLink:129333_1_129334_1" version="1">
              <Distance>1</Distance>
              <FromPointRef ref="VTR:ScheduledStopPoint:129333" version="1"/>
              <ToPointRef ref="VTR:ScheduledStopPoint:129334" version="1"/>
            </ServiceLink>
            <ServiceLink id="VTR:ServiceLink:129328_1_129329_1" version="1">
              <Distance>1</Distance>
              <FromPointRef ref="VTR:ScheduledStopPoint:129328" version="1"/>
              <ToPointRef ref="VTR:ScheduledStopPoint:129329" version="1"/>
            </ServiceLink>
            <ServiceLink id="VTR:ServiceLink:129336_1_129337_1" version="1">
              <Distance>4</Distance>
              <FromPointRef ref="VTR:ScheduledStopPoint:129336" version="1"/>
              <ToPointRef ref="VTR:ScheduledStopPoint:129337" version="1"/>
            </ServiceLink>
            <ServiceLink id="VTR:ServiceLink:129326_1_129327_1" version="1">
              <Distance>1</Distance>
              <FromPointRef ref="VTR:ScheduledStopPoint:129326" version="1"/>
              <ToPointRef ref="VTR:ScheduledStopPoint:129327" version="1"/>
            </ServiceLink>
            <ServiceLink id="VTR:ServiceLink:129338_1_129339_1" version="1">
              <Distance>4</Distance>
              <FromPointRef ref="VTR:ScheduledStopPoint:129338" version="1"/>
              <ToPointRef ref="VTR:ScheduledStopPoint:129339" version="1"/>
            </ServiceLink>
            <ServiceLink id="VTR:ServiceLink:129337_1_129338_1" version="1">
              <Distance>1</Distance>
              <FromPointRef ref="VTR:ScheduledStopPoint:129337" version="1"/>
              <ToPointRef ref="VTR:ScheduledStopPoint:129338" version="1"/>
            </ServiceLink>
            <ServiceLink id="VTR:ServiceLink:129325_1_129326_1" version="1">
              <Distance>7</Distance>
              <FromPointRef ref="VTR:ScheduledStopPoint:129325" version="1"/>
              <ToPointRef ref="VTR:ScheduledStopPoint:129326" version="1"/>
            </ServiceLink>
            <ServiceLink id="VTR:ServiceLink:129331_1_129332_1" version="1">
              <Distance>1</Distance>
              <FromPointRef ref="VTR:ScheduledStopPoint:129331" version="1"/>
              <ToPointRef ref="VTR:ScheduledStopPoint:129332" version="1"/>
            </ServiceLink>
            <ServiceLink id="VTR:ServiceLink:129330_1_129331_1" version="1">
              <Distance>0</Distance>
              <FromPointRef ref="VTR:ScheduledStopPoint:129330" version="1"/>
              <ToPointRef ref="VTR:ScheduledStopPoint:129331" version="1"/>
            </ServiceLink>
          </serviceLinks>
          <stopAssignments>
            <PassengerStopAssignment order="788000000" id="VTR:PassengerStopAssignment:129325" version="1">
              <ScheduledStopPointRef ref="VTR:ScheduledStopPoint:129325" version="1"/>
              <QuayRef ref="VTR:Quay:19454"/>
            </PassengerStopAssignment>
            <PassengerStopAssignment order="788000001" id="VTR:PassengerStopAssignment:129326" version="1">
              <ScheduledStopPointRef ref="VTR:ScheduledStopPoint:129326" version="1"/>
              <QuayRef ref="VTR:Quay:20770"/>
            </PassengerStopAssignment>
            <PassengerStopAssignment order="788000002" id="VTR:PassengerStopAssignment:129327" version="1">
              <ScheduledStopPointRef ref="VTR:ScheduledStopPoint:129327" version="1"/>
              <QuayRef ref="VTR:Quay:20769"/>
            </PassengerStopAssignment>
            <PassengerStopAssignment order="788000003" id="VTR:PassengerStopAssignment:129328" version="1">
              <ScheduledStopPointRef ref="VTR:ScheduledStopPoint:129328" version="1"/>
              <QuayRef ref="VTR:Quay:20768"/>
            </PassengerStopAssignment>
            <PassengerStopAssignment order="788000004" id="VTR:PassengerStopAssignment:129329" version="1">
              <ScheduledStopPointRef ref="VTR:ScheduledStopPoint:129329" version="1"/>
              <QuayRef ref="VTR:Quay:20767"/>
            </PassengerStopAssignment>
            <PassengerStopAssignment order="788000005" id="VTR:PassengerStopAssignment:129330" version="1">
              <ScheduledStopPointRef ref="VTR:ScheduledStopPoint:129330" version="1"/>
              <QuayRef ref="VTR:Quay:20566"/>
            </PassengerStopAssignment>
            <PassengerStopAssignment order="788000006" id="VTR:PassengerStopAssignment:129331" version="1">
              <ScheduledStopPointRef ref="VTR:ScheduledStopPoint:129331" version="1"/>
              <QuayRef ref="VTR:Quay:20565"/>
            </PassengerStopAssignment>
            <PassengerStopAssignment order="788000007" id="VTR:PassengerStopAssignment:129332" version="1">
              <ScheduledStopPointRef ref="VTR:ScheduledStopPoint:129332" version="1"/>
              <QuayRef ref="VTR:Quay:6252"/>
            </PassengerStopAssignment>
            <PassengerStopAssignment order="788100000" id="VTR:PassengerStopAssignment:129333" version="1">
              <ScheduledStopPointRef ref="VTR:ScheduledStopPoint:129333" version="1"/>
              <QuayRef ref="VTR:Quay:6252"/>
            </PassengerStopAssignment>
            <PassengerStopAssignment order="788100001" id="VTR:PassengerStopAssignment:129334" version="1">
              <ScheduledStopPointRef ref="VTR:ScheduledStopPoint:129334" version="1"/>
              <QuayRef ref="VTR:Quay:20566"/>
            </PassengerStopAssignment>
            <PassengerStopAssignment order="788100002" id="VTR:PassengerStopAssignment:129335" version="1">
              <ScheduledStopPointRef ref="VTR:ScheduledStopPoint:129335" version="1"/>
              <QuayRef ref="VTR:Quay:20768"/>
            </PassengerStopAssignment>
            <PassengerStopAssignment order="788100003" id="VTR:PassengerStopAssignment:129336" version="1">
              <ScheduledStopPointRef ref="VTR:ScheduledStopPoint:129336" version="1"/>
              <QuayRef ref="VTR:Quay:20767"/>
            </PassengerStopAssignment>
            <PassengerStopAssignment order="788100004" id="VTR:PassengerStopAssignment:129337" version="1">
              <ScheduledStopPointRef ref="VTR:ScheduledStopPoint:129337" version="1"/>
              <QuayRef ref="VTR:Quay:20769"/>
            </PassengerStopAssignment>
            <PassengerStopAssignment order="788100005" id="VTR:PassengerStopAssignment:129338" version="1">
              <ScheduledStopPointRef ref="VTR:ScheduledStopPoint:129338" version="1"/>
              <QuayRef ref="VTR:Quay:20770"/>
            </PassengerStopAssignment>
            <PassengerStopAssignment order="788100006" id="VTR:PassengerStopAssignment:129339" version="1">
              <ScheduledStopPointRef ref="VTR:ScheduledStopPoint:129339" version="1"/>
              <QuayRef ref="VTR:Quay:8192"/>
            </PassengerStopAssignment>
            <PassengerStopAssignment order="788100007" id="VTR:PassengerStopAssignment:129340" version="1">
              <ScheduledStopPointRef ref="VTR:ScheduledStopPoint:129340" version="1"/>
              <QuayRef ref="VTR:Quay:19454"/>
            </PassengerStopAssignment>
          </stopAssignments>
          <journeyPatterns>
            <JourneyPattern id="VTR:JourneyPattern:59381" version="59448">
              <Name>3</Name>
              <RouteRef ref="VTR:Route:7880" version="1"/>
              <pointsInSequence>
                <StopPointInJourneyPattern id="VTR:StopPointInJourneyPattern:1184015" version="59448" order="1">
                  <ScheduledStopPointRef ref="VTR:ScheduledStopPoint:129325"/>
                  <DestinationDisplayRef ref="VTR:DestinationDisplay:1"/>
                </StopPointInJourneyPattern>
                <StopPointInJourneyPattern id="VTR:StopPointInJourneyPattern:1184016" version="59448" order="2">
                  <ScheduledStopPointRef ref="VTR:ScheduledStopPoint:129326"/>
                  <DestinationDisplayRef ref="VTR:DestinationDisplay:1"/>
                </StopPointInJourneyPattern>
                <StopPointInJourneyPattern id="VTR:StopPointInJourneyPattern:1184017" version="59448" order="3">
                  <ScheduledStopPointRef ref="VTR:ScheduledStopPoint:129327"/>
                  <DestinationDisplayRef ref="VTR:DestinationDisplay:1"/>
                </StopPointInJourneyPattern>
                <StopPointInJourneyPattern id="VTR:StopPointInJourneyPattern:1184018" version="59448" order="4">
                  <ScheduledStopPointRef ref="VTR:ScheduledStopPoint:129328"/>
                  <DestinationDisplayRef ref="VTR:DestinationDisplay:1"/>
                </StopPointInJourneyPattern>
                <StopPointInJourneyPattern id="VTR:StopPointInJourneyPattern:1184019" version="59448" order="5">
                  <ScheduledStopPointRef ref="VTR:ScheduledStopPoint:129329"/>
                  <DestinationDisplayRef ref="VTR:DestinationDisplay:1"/>
                </StopPointInJourneyPattern>
                <StopPointInJourneyPattern id="VTR:StopPointInJourneyPattern:1184020" version="59448" order="6">
                  <ScheduledStopPointRef ref="VTR:ScheduledStopPoint:129330"/>
                  <DestinationDisplayRef ref="VTR:DestinationDisplay:1"/>
                </StopPointInJourneyPattern>
                <StopPointInJourneyPattern id="VTR:StopPointInJourneyPattern:1184021" version="59448" order="7">
                  <ScheduledStopPointRef ref="VTR:ScheduledStopPoint:129331"/>
                  <DestinationDisplayRef ref="VTR:DestinationDisplay:1"/>
                </StopPointInJourneyPattern>
                <StopPointInJourneyPattern id="VTR:StopPointInJourneyPattern:1184022" version="59448" order="8">
                  <ScheduledStopPointRef ref="VTR:ScheduledStopPoint:129332"/>
                  <DestinationDisplayRef ref="VTR:DestinationDisplay:1"/>
                </StopPointInJourneyPattern>
              </pointsInSequence>
            </JourneyPattern>
            <JourneyPattern id="VTR:JourneyPattern:59380" version="59447">
              <Name>2</Name>
              <RouteRef ref="VTR:Route:7880" version="1"/>
              <pointsInSequence>
                <StopPointInJourneyPattern id="VTR:StopPointInJourneyPattern:1184007" version="59447" order="1">
                  <ScheduledStopPointRef ref="VTR:ScheduledStopPoint:129325"/>
                  <DestinationDisplayRef ref="VTR:DestinationDisplay:1"/>
                </StopPointInJourneyPattern>
                <StopPointInJourneyPattern id="VTR:StopPointInJourneyPattern:1184008" version="59447" order="2">
                  <ScheduledStopPointRef ref="VTR:ScheduledStopPoint:129326"/>
                  <DestinationDisplayRef ref="VTR:DestinationDisplay:1"/>
                </StopPointInJourneyPattern>
                <StopPointInJourneyPattern id="VTR:StopPointInJourneyPattern:1184009" version="59447" order="3">
                  <ScheduledStopPointRef ref="VTR:ScheduledStopPoint:129327"/>
                  <DestinationDisplayRef ref="VTR:DestinationDisplay:1"/>
                </StopPointInJourneyPattern>
                <StopPointInJourneyPattern id="VTR:StopPointInJourneyPattern:1184010" version="59447" order="4">
                  <ScheduledStopPointRef ref="VTR:ScheduledStopPoint:129328"/>
                  <DestinationDisplayRef ref="VTR:DestinationDisplay:1"/>
                </StopPointInJourneyPattern>
                <StopPointInJourneyPattern id="VTR:StopPointInJourneyPattern:1184011" version="59447" order="5">
                  <ScheduledStopPointRef ref="VTR:ScheduledStopPoint:129329"/>
                  <DestinationDisplayRef ref="VTR:DestinationDisplay:1"/>
                </StopPointInJourneyPattern>
                <StopPointInJourneyPattern id="VTR:StopPointInJourneyPattern:1184012" version="59447" order="6">
                  <ScheduledStopPointRef ref="VTR:ScheduledStopPoint:129330"/>
                  <DestinationDisplayRef ref="VTR:DestinationDisplay:1"/>
                </StopPointInJourneyPattern>
                <StopPointInJourneyPattern id="VTR:StopPointInJourneyPattern:1184013" version="59447" order="7">
                  <ScheduledStopPointRef ref="VTR:ScheduledStopPoint:129331"/>
                  <DestinationDisplayRef ref="VTR:DestinationDisplay:1"/>
                </StopPointInJourneyPattern>
                <StopPointInJourneyPattern id="VTR:StopPointInJourneyPattern:1184014" version="59447" order="8">
                  <ScheduledStopPointRef ref="VTR:ScheduledStopPoint:129332"/>
                  <DestinationDisplayRef ref="VTR:DestinationDisplay:1"/>
                </StopPointInJourneyPattern>
              </pointsInSequence>
            </JourneyPattern>
            <JourneyPattern id="VTR:JourneyPattern:59423" version="59490">
              <Name>2</Name>
              <RouteRef ref="VTR:Route:7881" version="1"/>
              <pointsInSequence>
                <StopPointInJourneyPattern id="VTR:StopPointInJourneyPattern:1184565" version="59490" order="1">
                  <ScheduledStopPointRef ref="VTR:ScheduledStopPoint:129333"/>
                  <DestinationDisplayRef ref="VTR:DestinationDisplay:1"/>
                </StopPointInJourneyPattern>
                <StopPointInJourneyPattern id="VTR:StopPointInJourneyPattern:1184566" version="59490" order="2">
                  <ScheduledStopPointRef ref="VTR:ScheduledStopPoint:129334"/>
                  <DestinationDisplayRef ref="VTR:DestinationDisplay:1"/>
                </StopPointInJourneyPattern>
                <StopPointInJourneyPattern id="VTR:StopPointInJourneyPattern:1184567" version="59490" order="3">
                  <ScheduledStopPointRef ref="VTR:ScheduledStopPoint:129335"/>
                  <DestinationDisplayRef ref="VTR:DestinationDisplay:1"/>
                </StopPointInJourneyPattern>
                <StopPointInJourneyPattern id="VTR:StopPointInJourneyPattern:1184568" version="59490" order="4">
                  <ScheduledStopPointRef ref="VTR:ScheduledStopPoint:129336"/>
                  <DestinationDisplayRef ref="VTR:DestinationDisplay:1"/>
                </StopPointInJourneyPattern>
                <StopPointInJourneyPattern id="VTR:StopPointInJourneyPattern:1184569" version="59490" order="5">
                  <ScheduledStopPointRef ref="VTR:ScheduledStopPoint:129337"/>
                  <DestinationDisplayRef ref="VTR:DestinationDisplay:1"/>
                </StopPointInJourneyPattern>
                <StopPointInJourneyPattern id="VTR:StopPointInJourneyPattern:1184570" version="59490" order="6">
                  <ScheduledStopPointRef ref="VTR:ScheduledStopPoint:129338"/>
                  <DestinationDisplayRef ref="VTR:DestinationDisplay:1"/>
                </StopPointInJourneyPattern>
                <StopPointInJourneyPattern id="VTR:StopPointInJourneyPattern:1184571" version="59490" order="7">
                  <ScheduledStopPointRef ref="VTR:ScheduledStopPoint:129339"/>
                  <DestinationDisplayRef ref="VTR:DestinationDisplay:1"/>
                </StopPointInJourneyPattern>
                <StopPointInJourneyPattern id="VTR:StopPointInJourneyPattern:1184572" version="59490" order="8">
                  <ScheduledStopPointRef ref="VTR:ScheduledStopPoint:129340"/>
                  <DestinationDisplayRef ref="VTR:DestinationDisplay:1"/>
                </StopPointInJourneyPattern>
              </pointsInSequence>
            </JourneyPattern>
            <JourneyPattern id="VTR:JourneyPattern:59379" version="59446">
              <Name>1</Name>
              <RouteRef ref="VTR:Route:7880" version="1"/>
              <pointsInSequence>
                <StopPointInJourneyPattern id="VTR:StopPointInJourneyPattern:1183999" version="59446" order="1">
                  <ScheduledStopPointRef ref="VTR:ScheduledStopPoint:129325"/>
                  <DestinationDisplayRef ref="VTR:DestinationDisplay:1"/>
                </StopPointInJourneyPattern>
                <StopPointInJourneyPattern id="VTR:StopPointInJourneyPattern:1184000" version="59446" order="2">
                  <ScheduledStopPointRef ref="VTR:ScheduledStopPoint:129326"/>
                  <DestinationDisplayRef ref="VTR:DestinationDisplay:1"/>
                </StopPointInJourneyPattern>
                <StopPointInJourneyPattern id="VTR:StopPointInJourneyPattern:1184001" version="59446" order="3">
                  <ScheduledStopPointRef ref="VTR:ScheduledStopPoint:129327"/>
                  <DestinationDisplayRef ref="VTR:DestinationDisplay:1"/>
                </StopPointInJourneyPattern>
                <StopPointInJourneyPattern id="VTR:StopPointInJourneyPattern:1184002" version="59446" order="4">
                  <ScheduledStopPointRef ref="VTR:ScheduledStopPoint:129328"/>
                  <DestinationDisplayRef ref="VTR:DestinationDisplay:1"/>
                </StopPointInJourneyPattern>
                <StopPointInJourneyPattern id="VTR:StopPointInJourneyPattern:1184003" version="59446" order="5">
                  <ScheduledStopPointRef ref="VTR:ScheduledStopPoint:129329"/>
                  <DestinationDisplayRef ref="VTR:DestinationDisplay:1"/>
                </StopPointInJourneyPattern>
                <StopPointInJourneyPattern id="VTR:StopPointInJourneyPattern:1184004" version="59446" order="6">
                  <ScheduledStopPointRef ref="VTR:ScheduledStopPoint:129330"/>
                  <DestinationDisplayRef ref="VTR:DestinationDisplay:1"/>
                </StopPointInJourneyPattern>
                <StopPointInJourneyPattern id="VTR:StopPointInJourneyPattern:1184005" version="59446" order="7">
                  <ScheduledStopPointRef ref="VTR:ScheduledStopPoint:129331"/>
                  <DestinationDisplayRef ref="VTR:DestinationDisplay:1"/>
                </StopPointInJourneyPattern>
                <StopPointInJourneyPattern id="VTR:StopPointInJourneyPattern:1184006" version="59446" order="8">
                  <ScheduledStopPointRef ref="VTR:ScheduledStopPoint:129332"/>
                  <DestinationDisplayRef ref="VTR:DestinationDisplay:1"/>
                </StopPointInJourneyPattern>
              </pointsInSequence>
            </JourneyPattern>
            <JourneyPattern id="VTR:JourneyPattern:59382" version="59449">
              <Name>1</Name>
              <RouteRef ref="VTR:Route:7881" version="1"/>
              <pointsInSequence>
                <StopPointInJourneyPattern id="VTR:StopPointInJourneyPattern:1184023" version="59449" order="1">
                  <ScheduledStopPointRef ref="VTR:ScheduledStopPoint:129333"/>
                  <DestinationDisplayRef ref="VTR:DestinationDisplay:1"/>
                </StopPointInJourneyPattern>
                <StopPointInJourneyPattern id="VTR:StopPointInJourneyPattern:1184024" version="59449" order="2">
                  <ScheduledStopPointRef ref="VTR:ScheduledStopPoint:129334"/>
                  <DestinationDisplayRef ref="VTR:DestinationDisplay:1"/>
                </StopPointInJourneyPattern>
                <StopPointInJourneyPattern id="VTR:StopPointInJourneyPattern:1184025" version="59449" order="3">
                  <ScheduledStopPointRef ref="VTR:ScheduledStopPoint:129335"/>
                  <DestinationDisplayRef ref="VTR:DestinationDisplay:1"/>
                </StopPointInJourneyPattern>
                <StopPointInJourneyPattern id="VTR:StopPointInJourneyPattern:1184026" version="59449" order="4">
                  <ScheduledStopPointRef ref="VTR:ScheduledStopPoint:129336"/>
                  <DestinationDisplayRef ref="VTR:DestinationDisplay:1"/>
                </StopPointInJourneyPattern>
                <StopPointInJourneyPattern id="VTR:StopPointInJourneyPattern:1184027" version="59449" order="5">
                  <ScheduledStopPointRef ref="VTR:ScheduledStopPoint:129337"/>
                  <DestinationDisplayRef ref="VTR:DestinationDisplay:1"/>
                </StopPointInJourneyPattern>
                <StopPointInJourneyPattern id="VTR:StopPointInJourneyPattern:1184028" version="59449" order="6">
                  <ScheduledStopPointRef ref="VTR:ScheduledStopPoint:129338"/>
                  <DestinationDisplayRef ref="VTR:DestinationDisplay:1"/>
                </StopPointInJourneyPattern>
                <StopPointInJourneyPattern id="VTR:StopPointInJourneyPattern:1184029" version="59449" order="7">
                  <ScheduledStopPointRef ref="VTR:ScheduledStopPoint:129339"/>
                  <DestinationDisplayRef ref="VTR:DestinationDisplay:1"/>
                </StopPointInJourneyPattern>
                <StopPointInJourneyPattern id="VTR:StopPointInJourneyPattern:1184030" version="59449" order="8">
                  <ScheduledStopPointRef ref="VTR:ScheduledStopPoint:129340"/>
                  <DestinationDisplayRef ref="VTR:DestinationDisplay:1"/>
                </StopPointInJourneyPattern>
              </pointsInSequence>
            </JourneyPattern>
            <JourneyPattern id="VTR:JourneyPattern:59424" version="59491">
              <Name>3</Name>
              <RouteRef ref="VTR:Route:7881" version="1"/>
              <pointsInSequence>
                <StopPointInJourneyPattern id="VTR:StopPointInJourneyPattern:1184573" version="59491" order="1">
                  <ScheduledStopPointRef ref="VTR:ScheduledStopPoint:129333"/>
                  <DestinationDisplayRef ref="VTR:DestinationDisplay:1"/>
                </StopPointInJourneyPattern>
                <StopPointInJourneyPattern id="VTR:StopPointInJourneyPattern:1184574" version="59491" order="2">
                  <ScheduledStopPointRef ref="VTR:ScheduledStopPoint:129334"/>
                  <DestinationDisplayRef ref="VTR:DestinationDisplay:1"/>
                </StopPointInJourneyPattern>
                <StopPointInJourneyPattern id="VTR:StopPointInJourneyPattern:1184575" version="59491" order="3">
                  <ScheduledStopPointRef ref="VTR:ScheduledStopPoint:129335"/>
                  <DestinationDisplayRef ref="VTR:DestinationDisplay:1"/>
                </StopPointInJourneyPattern>
                <StopPointInJourneyPattern id="VTR:StopPointInJourneyPattern:1184576" version="59491" order="4">
                  <ScheduledStopPointRef ref="VTR:ScheduledStopPoint:129336"/>
                  <DestinationDisplayRef ref="VTR:DestinationDisplay:1"/>
                </StopPointInJourneyPattern>
                <StopPointInJourneyPattern id="VTR:StopPointInJourneyPattern:1184577" version="59491" order="5">
                  <ScheduledStopPointRef ref="VTR:ScheduledStopPoint:129337"/>
                  <DestinationDisplayRef ref="VTR:DestinationDisplay:1"/>
                </StopPointInJourneyPattern>
                <StopPointInJourneyPattern id="VTR:StopPointInJourneyPattern:1184578" version="59491" order="6">
                  <ScheduledStopPointRef ref="VTR:ScheduledStopPoint:129338"/>
                  <DestinationDisplayRef ref="VTR:DestinationDisplay:1"/>
                </StopPointInJourneyPattern>
                <StopPointInJourneyPattern id="VTR:StopPointInJourneyPattern:1184579" version="59491" order="7">
                  <ScheduledStopPointRef ref="VTR:ScheduledStopPoint:129339"/>
                  <DestinationDisplayRef ref="VTR:DestinationDisplay:1"/>
                </StopPointInJourneyPattern>
                <StopPointInJourneyPattern id="VTR:StopPointInJourneyPattern:1184580" version="59491" order="8">
                  <ScheduledStopPointRef ref="VTR:ScheduledStopPoint:129340"/>
                  <DestinationDisplayRef ref="VTR:DestinationDisplay:1"/>
                </StopPointInJourneyPattern>
              </pointsInSequence>
            </JourneyPattern>
          </journeyPatterns>
        </ServiceFrame>
        <TimetableFrame version="1" id="VTR:TimetableFrame:1401">
          <vehicleJourneys>
            <ServiceJourney version="59449" id="VTR:ServiceJourney:59382">
              <Name>Alvitas-Čyčkai-Patunkiškiai-Vilkaviškis</Name>
              <PrivateCode>1</PrivateCode>
              <dayTypes>
                <DayTypeRef ref="VTR:DayType:2901"/>
              </dayTypes>
              <JourneyPatternRef version="59449" ref="VTR:JourneyPattern:59382"/>
              <OperatorRef ref="VTR:Operator:"/>
              <LineRef ref="VTR:Line:3102" version="3204"/>
              <passingTimes>
                <TimetabledPassingTime version="59449" id="VTR:TimetabledPassingTime:59382_1184023_1">
                  <StopPointInJourneyPatternRef ref="VTR:StopPointInJourneyPattern:1184023" version="59449"/>
                  <DepartureTime>14:15:00</DepartureTime>
                  <DepartureDayOffset>0</DepartureDayOffset>
                </TimetabledPassingTime>
                <TimetabledPassingTime version="59449" id="VTR:TimetabledPassingTime:59382_1184024_2">
                  <StopPointInJourneyPatternRef ref="VTR:StopPointInJourneyPattern:1184024" version="59449"/>
                  <DepartureTime>14:31:00</DepartureTime>
                  <DepartureDayOffset>0</DepartureDayOffset>
                </TimetabledPassingTime>
                <TimetabledPassingTime version="59449" id="VTR:TimetabledPassingTime:59382_1184025_3">
                  <StopPointInJourneyPatternRef ref="VTR:StopPointInJourneyPattern:1184025" version="59449"/>
                  <DepartureTime>14:41:00</DepartureTime>
                  <DepartureDayOffset>0</DepartureDayOffset>
                </TimetabledPassingTime>
                <TimetabledPassingTime version="59449" id="VTR:TimetabledPassingTime:59382_1184026_4">
                  <StopPointInJourneyPatternRef ref="VTR:StopPointInJourneyPattern:1184026" version="59449"/>
                  <DepartureTime>14:46:00</DepartureTime>
                  <DepartureDayOffset>0</DepartureDayOffset>
                </TimetabledPassingTime>
                <TimetabledPassingTime version="59449" id="VTR:TimetabledPassingTime:59382_1184027_5">
                  <StopPointInJourneyPatternRef ref="VTR:StopPointInJourneyPattern:1184027" version="59449"/>
                  <DepartureTime>15:01:00</DepartureTime>
                  <DepartureDayOffset>0</DepartureDayOffset>
                </TimetabledPassingTime>
                <TimetabledPassingTime version="59449" id="VTR:TimetabledPassingTime:59382_1184028_6">
                  <StopPointInJourneyPatternRef ref="VTR:StopPointInJourneyPattern:1184028" version="59449"/>
                  <DepartureTime>15:09:00</DepartureTime>
                  <DepartureDayOffset>0</DepartureDayOffset>
                </TimetabledPassingTime>
                <TimetabledPassingTime version="59449" id="VTR:TimetabledPassingTime:59382_1184029_7">
                  <StopPointInJourneyPatternRef ref="VTR:StopPointInJourneyPattern:1184029" version="59449"/>
                  <DepartureTime>15:37:00</DepartureTime>
                  <DepartureDayOffset>0</DepartureDayOffset>
                </TimetabledPassingTime>
                <TimetabledPassingTime version="59449" id="VTR:TimetabledPassingTime:59382_1184030_8">
                  <StopPointInJourneyPatternRef ref="VTR:StopPointInJourneyPattern:1184030" version="59449"/>
                  <DepartureTime>16:01:00</DepartureTime>
                  <DepartureDayOffset>0</DepartureDayOffset>
                </TimetabledPassingTime>
              </passingTimes>
            </ServiceJourney>
            <ServiceJourney version="59491" id="VTR:ServiceJourney:59424">
              <Name>Alvitas-Čyčkai-Patunkiškiai-Vilkaviškis</Name>
              <PrivateCode>3</PrivateCode>
              <dayTypes>
                <DayTypeRef ref="VTR:DayType:2901"/>
              </dayTypes>
              <JourneyPatternRef version="59491" ref="VTR:JourneyPattern:59424"/>
              <OperatorRef ref="VTR:Operator:"/>
              <LineRef ref="VTR:Line:3102" version="3204"/>
              <passingTimes>
                <TimetabledPassingTime version="59491" id="VTR:TimetabledPassingTime:59424_1184573_1">
                  <StopPointInJourneyPatternRef ref="VTR:StopPointInJourneyPattern:1184573" version="59491"/>
                  <DepartureTime>15:15:00</DepartureTime>
                  <DepartureDayOffset>0</DepartureDayOffset>
                </TimetabledPassingTime>
                <TimetabledPassingTime version="59491" id="VTR:TimetabledPassingTime:59424_1184574_2">
                  <StopPointInJourneyPatternRef ref="VTR:StopPointInJourneyPattern:1184574" version="59491"/>
                  <DepartureTime>15:31:00</DepartureTime>
                  <DepartureDayOffset>0</DepartureDayOffset>
                </TimetabledPassingTime>
                <TimetabledPassingTime version="59491" id="VTR:TimetabledPassingTime:59424_1184575_3">
                  <StopPointInJourneyPatternRef ref="VTR:StopPointInJourneyPattern:1184575" version="59491"/>
                  <DepartureTime>15:41:00</DepartureTime>
                  <DepartureDayOffset>0</DepartureDayOffset>
                </TimetabledPassingTime>
                <TimetabledPassingTime version="59491" id="VTR:TimetabledPassingTime:59424_1184576_4">
                  <StopPointInJourneyPatternRef ref="VTR:StopPointInJourneyPattern:1184576" version="59491"/>
                  <DepartureTime>15:46:00</DepartureTime>
                  <DepartureDayOffset>0</DepartureDayOffset>
                </TimetabledPassingTime>
                <TimetabledPassingTime version="59491" id="VTR:TimetabledPassingTime:59424_1184577_5">
                  <StopPointInJourneyPatternRef ref="VTR:StopPointInJourneyPattern:1184577" version="59491"/>
                  <DepartureTime>16:01:00</DepartureTime>
                  <DepartureDayOffset>0</DepartureDayOffset>
                </TimetabledPassingTime>
                <TimetabledPassingTime version="59491" id="VTR:TimetabledPassingTime:59424_1184578_6">
                  <StopPointInJourneyPatternRef ref="VTR:StopPointInJourneyPattern:1184578" version="59491"/>
                  <DepartureTime>16:09:00</DepartureTime>
                  <DepartureDayOffset>0</DepartureDayOffset>
                </TimetabledPassingTime>
                <TimetabledPassingTime version="59491" id="VTR:TimetabledPassingTime:59424_1184579_7">
                  <StopPointInJourneyPatternRef ref="VTR:StopPointInJourneyPattern:1184579" version="59491"/>
                  <DepartureTime>16:37:00</DepartureTime>
                  <DepartureDayOffset>0</DepartureDayOffset>
                </TimetabledPassingTime>
                <TimetabledPassingTime version="59491" id="VTR:TimetabledPassingTime:59424_1184580_8">
                  <StopPointInJourneyPatternRef ref="VTR:StopPointInJourneyPattern:1184580" version="59491"/>
                  <DepartureTime>17:01:00</DepartureTime>
                  <DepartureDayOffset>0</DepartureDayOffset>
                </TimetabledPassingTime>
              </passingTimes>
            </ServiceJourney>
            <ServiceJourney version="59448" id="VTR:ServiceJourney:59381">
              <Name>Vilkaviškis-Patunkiškiai-Čyčkai-Alvitas</Name>
              <PrivateCode>3</PrivateCode>
              <dayTypes>
                <DayTypeRef ref="VTR:DayType:2901"/>
              </dayTypes>
              <JourneyPatternRef version="59448" ref="VTR:JourneyPattern:59381"/>
              <OperatorRef ref="VTR:Operator:"/>
              <LineRef ref="VTR:Line:3102" version="3204"/>
              <passingTimes>
                <TimetabledPassingTime version="59448" id="VTR:TimetabledPassingTime:59381_1184015_1">
                  <StopPointInJourneyPatternRef ref="VTR:StopPointInJourneyPattern:1184015" version="59448"/>
                  <DepartureTime>14:40:00</DepartureTime>
                  <DepartureDayOffset>0</DepartureDayOffset>
                </TimetabledPassingTime>
                <TimetabledPassingTime version="59448" id="VTR:TimetabledPassingTime:59381_1184016_2">
                  <StopPointInJourneyPatternRef ref="VTR:StopPointInJourneyPattern:1184016" version="59448"/>
                  <DepartureTime>15:03:00</DepartureTime>
                  <DepartureDayOffset>0</DepartureDayOffset>
                </TimetabledPassingTime>
                <TimetabledPassingTime version="59448" id="VTR:TimetabledPassingTime:59381_1184017_3">
                  <StopPointInJourneyPatternRef ref="VTR:StopPointInJourneyPattern:1184017" version="59448"/>
                  <DepartureTime>15:11:00</DepartureTime>
                  <DepartureDayOffset>0</DepartureDayOffset>
                </TimetabledPassingTime>
                <TimetabledPassingTime version="59448" id="VTR:TimetabledPassingTime:59381_1184018_4">
                  <StopPointInJourneyPatternRef ref="VTR:StopPointInJourneyPattern:1184018" version="59448"/>
                  <DepartureTime>15:24:00</DepartureTime>
                  <DepartureDayOffset>0</DepartureDayOffset>
                </TimetabledPassingTime>
                <TimetabledPassingTime version="59448" id="VTR:TimetabledPassingTime:59381_1184019_5">
                  <StopPointInJourneyPatternRef ref="VTR:StopPointInJourneyPattern:1184019" version="59448"/>
                  <DepartureTime>15:29:00</DepartureTime>
                  <DepartureDayOffset>0</DepartureDayOffset>
                </TimetabledPassingTime>
                <TimetabledPassingTime version="59448" id="VTR:TimetabledPassingTime:59381_1184020_6">
                  <StopPointInJourneyPatternRef ref="VTR:StopPointInJourneyPattern:1184020" version="59448"/>
                  <DepartureTime>15:37:00</DepartureTime>
                  <DepartureDayOffset>0</DepartureDayOffset>
                </TimetabledPassingTime>
                <TimetabledPassingTime version="59448" id="VTR:TimetabledPassingTime:59381_1184021_7">
                  <StopPointInJourneyPatternRef ref="VTR:StopPointInJourneyPattern:1184021" version="59448"/>
                  <DepartureTime>15:57:00</DepartureTime>
                  <DepartureDayOffset>0</DepartureDayOffset>
                </TimetabledPassingTime>
                <TimetabledPassingTime version="59448" id="VTR:TimetabledPassingTime:59381_1184022_8">
                  <StopPointInJourneyPatternRef ref="VTR:StopPointInJourneyPattern:1184022" version="59448"/>
                  <DepartureTime>16:36:00</DepartureTime>
                  <DepartureDayOffset>0</DepartureDayOffset>
                </TimetabledPassingTime>
              </passingTimes>
            </ServiceJourney>
            <ServiceJourney version="59490" id="VTR:ServiceJourney:59423">
              <Name>Alvitas-Čyčkai-Patunkiškiai-Vilkaviškis</Name>
              <PrivateCode>2</PrivateCode>
              <dayTypes>
                <DayTypeRef ref="VTR:DayType:2901"/>
              </dayTypes>
              <JourneyPatternRef version="59490" ref="VTR:JourneyPattern:59423"/>
              <OperatorRef ref="VTR:Operator:"/>
              <LineRef ref="VTR:Line:3102" version="3204"/>
              <passingTimes>
                <TimetabledPassingTime version="59490" id="VTR:TimetabledPassingTime:59423_1184565_1">
                  <StopPointInJourneyPatternRef ref="VTR:StopPointInJourneyPattern:1184565" version="59490"/>
                  <DepartureTime>07:40:00</DepartureTime>
                  <DepartureDayOffset>0</DepartureDayOffset>
                </TimetabledPassingTime>
                <TimetabledPassingTime version="59490" id="VTR:TimetabledPassingTime:59423_1184566_2">
                  <StopPointInJourneyPatternRef ref="VTR:StopPointInJourneyPattern:1184566" version="59490"/>
                  <DepartureTime>07:56:00</DepartureTime>
                  <DepartureDayOffset>0</DepartureDayOffset>
                </TimetabledPassingTime>
                <TimetabledPassingTime version="59490" id="VTR:TimetabledPassingTime:59423_1184567_3">
                  <StopPointInJourneyPatternRef ref="VTR:StopPointInJourneyPattern:1184567" version="59490"/>
                  <DepartureTime>08:06:00</DepartureTime>
                  <DepartureDayOffset>0</DepartureDayOffset>
                </TimetabledPassingTime>
                <TimetabledPassingTime version="59490" id="VTR:TimetabledPassingTime:59423_1184568_4">
                  <StopPointInJourneyPatternRef ref="VTR:StopPointInJourneyPattern:1184568" version="59490"/>
                  <DepartureTime>08:11:00</DepartureTime>
                  <DepartureDayOffset>0</DepartureDayOffset>
                </TimetabledPassingTime>
                <TimetabledPassingTime version="59490" id="VTR:TimetabledPassingTime:59423_1184569_5">
                  <StopPointInJourneyPatternRef ref="VTR:StopPointInJourneyPattern:1184569" version="59490"/>
                  <DepartureTime>08:26:00</DepartureTime>
                  <DepartureDayOffset>0</DepartureDayOffset>
                </TimetabledPassingTime>
                <TimetabledPassingTime version="59490" id="VTR:TimetabledPassingTime:59423_1184570_6">
                  <StopPointInJourneyPatternRef ref="VTR:StopPointInJourneyPattern:1184570" version="59490"/>
                  <DepartureTime>08:34:00</DepartureTime>
                  <DepartureDayOffset>0</DepartureDayOffset>
                </TimetabledPassingTime>
                <TimetabledPassingTime version="59490" id="VTR:TimetabledPassingTime:59423_1184571_7">
                  <StopPointInJourneyPatternRef ref="VTR:StopPointInJourneyPattern:1184571" version="59490"/>
                  <DepartureTime>09:02:00</DepartureTime>
                  <DepartureDayOffset>0</DepartureDayOffset>
                </TimetabledPassingTime>
                <TimetabledPassingTime version="59490" id="VTR:TimetabledPassingTime:59423_1184572_8">
                  <StopPointInJourneyPatternRef ref="VTR:StopPointInJourneyPattern:1184572" version="59490"/>
                  <DepartureTime>09:26:00</DepartureTime>
                  <DepartureDayOffset>0</DepartureDayOffset>
                </TimetabledPassingTime>
              </passingTimes>
            </ServiceJourney>
            <ServiceJourney version="59447" id="VTR:ServiceJourney:59380">
              <Name>Vilkaviškis-Patunkiškiai-Čyčkai-Alvitas</Name>
              <PrivateCode>2</PrivateCode>
              <dayTypes>
                <DayTypeRef ref="VTR:DayType:2901"/>
              </dayTypes>
              <JourneyPatternRef version="59447" ref="VTR:JourneyPattern:59380"/>
              <OperatorRef ref="VTR:Operator:"/>
              <LineRef ref="VTR:Line:3102" version="3204"/>
              <passingTimes>
                <TimetabledPassingTime version="59447" id="VTR:TimetabledPassingTime:59380_1184007_1">
                  <StopPointInJourneyPatternRef ref="VTR:StopPointInJourneyPattern:1184007" version="59447"/>
                  <DepartureTime>13:40:00</DepartureTime>
                  <DepartureDayOffset>0</DepartureDayOffset>
                </TimetabledPassingTime>
                <TimetabledPassingTime version="59447" id="VTR:TimetabledPassingTime:59380_1184008_2">
                  <StopPointInJourneyPatternRef ref="VTR:StopPointInJourneyPattern:1184008" version="59447"/>
                  <DepartureTime>14:03:00</DepartureTime>
                  <DepartureDayOffset>0</DepartureDayOffset>
                </TimetabledPassingTime>
                <TimetabledPassingTime version="59447" id="VTR:TimetabledPassingTime:59380_1184009_3">
                  <StopPointInJourneyPatternRef ref="VTR:StopPointInJourneyPattern:1184009" version="59447"/>
                  <DepartureTime>14:11:00</DepartureTime>
                  <DepartureDayOffset>0</DepartureDayOffset>
                </TimetabledPassingTime>
                <TimetabledPassingTime version="59447" id="VTR:TimetabledPassingTime:59380_1184010_4">
                  <StopPointInJourneyPatternRef ref="VTR:StopPointInJourneyPattern:1184010" version="59447"/>
                  <DepartureTime>14:24:00</DepartureTime>
                  <DepartureDayOffset>0</DepartureDayOffset>
                </TimetabledPassingTime>
                <TimetabledPassingTime version="59447" id="VTR:TimetabledPassingTime:59380_1184011_5">
                  <StopPointInJourneyPatternRef ref="VTR:StopPointInJourneyPattern:1184011" version="59447"/>
                  <DepartureTime>14:29:00</DepartureTime>
                  <DepartureDayOffset>0</DepartureDayOffset>
                </TimetabledPassingTime>
                <TimetabledPassingTime version="59447" id="VTR:TimetabledPassingTime:59380_1184012_6">
                  <StopPointInJourneyPatternRef ref="VTR:StopPointInJourneyPattern:1184012" version="59447"/>
                  <DepartureTime>14:37:00</DepartureTime>
                  <DepartureDayOffset>0</DepartureDayOffset>
                </TimetabledPassingTime>
                <TimetabledPassingTime version="59447" id="VTR:TimetabledPassingTime:59380_1184013_7">
                  <StopPointInJourneyPatternRef ref="VTR:StopPointInJourneyPattern:1184013" version="59447"/>
                  <DepartureTime>14:57:00</DepartureTime>
                  <DepartureDayOffset>0</DepartureDayOffset>
                </TimetabledPassingTime>
                <TimetabledPassingTime version="59447" id="VTR:TimetabledPassingTime:59380_1184014_8">
                  <StopPointInJourneyPatternRef ref="VTR:StopPointInJourneyPattern:1184014" version="59447"/>
                  <DepartureTime>15:36:00</DepartureTime>
                  <DepartureDayOffset>0</DepartureDayOffset>
                </TimetabledPassingTime>
              </passingTimes>
            </ServiceJourney>
            <ServiceJourney version="59446" id="VTR:ServiceJourney:59379">
              <Name>Vilkaviškis-Patunkiškiai-Čyčkai-Alvitas</Name>
              <PrivateCode>1</PrivateCode>
              <dayTypes>
                <DayTypeRef ref="VTR:DayType:2901"/>
              </dayTypes>
              <JourneyPatternRef version="59446" ref="VTR:JourneyPattern:59379"/>
              <OperatorRef ref="VTR:Operator:"/>
              <LineRef ref="VTR:Line:3102" version="3204"/>
              <passingTimes>
                <TimetabledPassingTime version="59446" id="VTR:TimetabledPassingTime:59379_1183999_1">
                  <StopPointInJourneyPatternRef ref="VTR:StopPointInJourneyPattern:1183999" version="59446"/>
                  <DepartureTime>07:10:00</DepartureTime>
                  <DepartureDayOffset>0</DepartureDayOffset>
                </TimetabledPassingTime>
                <TimetabledPassingTime version="59446" id="VTR:TimetabledPassingTime:59379_1184000_2">
                  <StopPointInJourneyPatternRef ref="VTR:StopPointInJourneyPattern:1184000" version="59446"/>
                  <DepartureTime>07:33:00</DepartureTime>
                  <DepartureDayOffset>0</DepartureDayOffset>
                </TimetabledPassingTime>
                <TimetabledPassingTime version="59446" id="VTR:TimetabledPassingTime:59379_1184001_3">
                  <StopPointInJourneyPatternRef ref="VTR:StopPointInJourneyPattern:1184001" version="59446"/>
                  <DepartureTime>07:41:00</DepartureTime>
                  <DepartureDayOffset>0</DepartureDayOffset>
                </TimetabledPassingTime>
                <TimetabledPassingTime version="59446" id="VTR:TimetabledPassingTime:59379_1184002_4">
                  <StopPointInJourneyPatternRef ref="VTR:StopPointInJourneyPattern:1184002" version="59446"/>
                  <DepartureTime>07:54:00</DepartureTime>
                  <DepartureDayOffset>0</DepartureDayOffset>
                </TimetabledPassingTime>
                <TimetabledPassingTime version="59446" id="VTR:TimetabledPassingTime:59379_1184003_5">
                  <StopPointInJourneyPatternRef ref="VTR:StopPointInJourneyPattern:1184003" version="59446"/>
                  <DepartureTime>07:59:00</DepartureTime>
                  <DepartureDayOffset>0</DepartureDayOffset>
                </TimetabledPassingTime>
                <TimetabledPassingTime version="59446" id="VTR:TimetabledPassingTime:59379_1184004_6">
                  <StopPointInJourneyPatternRef ref="VTR:StopPointInJourneyPattern:1184004" version="59446"/>
                  <DepartureTime>08:07:00</DepartureTime>
                  <DepartureDayOffset>0</DepartureDayOffset>
                </TimetabledPassingTime>
                <TimetabledPassingTime version="59446" id="VTR:TimetabledPassingTime:59379_1184005_7">
                  <StopPointInJourneyPatternRef ref="VTR:StopPointInJourneyPattern:1184005" version="59446"/>
                  <DepartureTime>08:27:00</DepartureTime>
                  <DepartureDayOffset>0</DepartureDayOffset>
                </TimetabledPassingTime>
                <TimetabledPassingTime version="59446" id="VTR:TimetabledPassingTime:59379_1184006_8">
                  <StopPointInJourneyPatternRef ref="VTR:StopPointInJourneyPattern:1184006" version="59446"/>
                  <DepartureTime>09:06:00</DepartureTime>
                  <DepartureDayOffset>0</DepartureDayOffset>
                </TimetabledPassingTime>
              </passingTimes>
            </ServiceJourney>
          </vehicleJourneys>
        </TimetableFrame>
        <ResourceFrame version="1" id="VTR:ResourceFrame:1401">
          <organisations>
            <Authority version="1" id="VTR:Authority:52">
              <CompanyNumber>39</CompanyNumber>
              <Name>Vilkaviškio r. sav.</Name>
              <LegalName>Vilkaviškio r. sav.</LegalName>
              <ContactDetails>
                <Email>savivaldybe@vilkaviskis.lt</Email>
                <Phone>834260062</Phone>
                <Url>www.vilkaviskis.lt</Url>
              </ContactDetails>
              <OrganisationType>authority</OrganisationType>
            </Authority>
          </organisations>
        </ResourceFrame>
        <FareFrame id="VTR:FareFrame:3102" version="1">
          <FrameDefaults>
            <DefaultCurrency>EUR</DefaultCurrency>
          </FrameDefaults>
          <usageParameters>
            <RoundTrip id="VTR:RoundTrip:single" version="1">
              <Name>Single</Name>
              <TripType>single</TripType>
            </RoundTrip>
            <FrequencyOfUse id="VTR:FrequencyOfUse:once" version="1">
              <Name>Once</Name>
              <MaximalFrequency>1</MaximalFrequency>
            </FrequencyOfUse>
          </usageParameters>
          <priceGroups>
            <PriceGroup id="VTR:PriceGroup:PG01" version="1">
              <Name>Flat Fare Products - Standard</Name>
              <members>
                <FareProductPrice id="VTR:FareProductPrice:standard" version="1">
                  <Name>Single fare</Name>
                  <Amount>0.41</Amount>
                  <Currency>EUR</Currency>
                </FareProductPrice>
              </members>
            </PriceGroup>
          </priceGroups>
        </FareFrame>
      </frames>
    </CompositeFrame>
  </dataObjects>
</PublicationDelivery>
