<?xml version="1.0" encoding="UTF-8"?><PublicationDelivery xmlns="http://www.netex.org.uk/netex" xmlns:gis="http://www.opengis.net/gml/3.2" xmlns:ns2="http://www.opengis.net/gml/3.2" xmlns:ns3="http://www.siri.org.uk/siri" xmlns:xsi="http://www.w3.org/2001/XMLSchema-instance" version="1" xsi:schemaLocation="">
  <PublicationTimestamp>2022-05-07T05:05:00.281</PublicationTimestamp>
  <ParticipantRef>VTR</ParticipantRef>
  <Description>1</Description>
  <dataObjects>
    <CompositeFrame created="2022-05-07T05:05:00.281" version="1" id="VTR:CompositeFrame:1401">
      <validityConditions>
        <AvailabilityCondition version="1" id="VTR:AvailabilityCondition:1401">
          <FromDate>2015-07-21T13:53:04</FromDate>
          <ToDate>2027-12-30T00:00:00</ToDate>
        </AvailabilityCondition>
      </validityConditions>
      <codespaces>
        <Codespace id="vtr">
          <Xmlns>VTR</Xmlns>
          <XmlnsUrl>http://www.visimarsrutai.lt/</XmlnsUrl>
        </Codespace>
      </codespaces>
      <FrameDefaults>
        <DefaultLocale>
          <TimeZone>Europe/Vilnius</TimeZone>
        </DefaultLocale>
        <DefaultLocationSystem>WGS84</DefaultLocationSystem>
      </FrameDefaults>
      <frames>
        <ServiceCalendarFrame version="1" id="VTR:ServiceCalendarFrame:1401">
          <dayTypes>
            <DayType id="VTR:DayType:2906" version="1">
              <properties>
                <PropertyOfDay>
                  <DaysOfWeek>Wednesday</DaysOfWeek>
                </PropertyOfDay>
              </properties>
            </DayType>
            <DayType id="VTR:DayType:2909" version="1">
              <properties>
                <PropertyOfDay>
                  <DaysOfWeek>Monday Tuesday Wednesday Thursday</DaysOfWeek>
                </PropertyOfDay>
              </properties>
            </DayType>
          </dayTypes>
          <operatingPeriods>
            <OperatingPeriod version="1" id="VTR:OperatingPeriod:2906">
              <FromDate>2015-11-12T00:00:00</FromDate>
              <ToDate>2020-12-31T00:00:00</ToDate>
            </OperatingPeriod>
            <OperatingPeriod version="1" id="VTR:OperatingPeriod:2909">
              <FromDate>2015-11-12T00:00:00</FromDate>
              <ToDate>2020-12-31T00:00:00</ToDate>
            </OperatingPeriod>
          </operatingPeriods>
          <dayTypeAssignments>
            <DayTypeAssignment id="VTR:DayTypeAssignment:2906_0" version="1" order="2237">
              <OperatingPeriodRef ref="VTR:OperatingPeriod:2906" version="1"/>
              <DayTypeRef ref="VTR:DayType:2906" version="1"/>
            </DayTypeAssignment>
            <DayTypeAssignment id="VTR:DayTypeAssignment:2909_0" version="1" order="2254">
              <OperatingPeriodRef ref="VTR:OperatingPeriod:2909" version="1"/>
              <DayTypeRef ref="VTR:DayType:2909" version="1"/>
            </DayTypeAssignment>
          </dayTypeAssignments>
        </ServiceCalendarFrame>
        <ServiceFrame id="VTR:ServiceFrame:1401" version="1">
          <Network version="0" id="VTR:Network:52"/>
          <routePoints>
            <RoutePoint version="1" id="VTR:RoutePoint:123499">
              <projections>
                <PointProjection version="1" id="VTR:PointProjection:37121">
                  <ProjectedPointRef ref="VTR:ScheduledStopPoint:123499" version="1"/>
                </PointProjection>
              </projections>
            </RoutePoint>
            <RoutePoint version="1" id="VTR:RoutePoint:123500">
              <projections>
                <PointProjection version="1" id="VTR:PointProjection:37122">
                  <ProjectedPointRef ref="VTR:ScheduledStopPoint:123500" version="1"/>
                </PointProjection>
              </projections>
            </RoutePoint>
            <RoutePoint version="1" id="VTR:RoutePoint:123501">
              <projections>
                <PointProjection version="1" id="VTR:PointProjection:37123">
                  <ProjectedPointRef ref="VTR:ScheduledStopPoint:123501" version="1"/>
                </PointProjection>
              </projections>
            </RoutePoint>
            <RoutePoint version="1" id="VTR:RoutePoint:123502">
              <projections>
                <PointProjection version="1" id="VTR:PointProjection:37124">
                  <ProjectedPointRef ref="VTR:ScheduledStopPoint:123502" version="1"/>
                </PointProjection>
              </projections>
            </RoutePoint>
            <RoutePoint version="1" id="VTR:RoutePoint:123503">
              <projections>
                <PointProjection version="1" id="VTR:PointProjection:37125">
                  <ProjectedPointRef ref="VTR:ScheduledStopPoint:123503" version="1"/>
                </PointProjection>
              </projections>
            </RoutePoint>
            <RoutePoint version="1" id="VTR:RoutePoint:123504">
              <projections>
                <PointProjection version="1" id="VTR:PointProjection:37126">
                  <ProjectedPointRef ref="VTR:ScheduledStopPoint:123504" version="1"/>
                </PointProjection>
              </projections>
            </RoutePoint>
            <RoutePoint version="1" id="VTR:RoutePoint:123505">
              <projections>
                <PointProjection version="1" id="VTR:PointProjection:37127">
                  <ProjectedPointRef ref="VTR:ScheduledStopPoint:123505" version="1"/>
                </PointProjection>
              </projections>
            </RoutePoint>
            <RoutePoint version="1" id="VTR:RoutePoint:123506">
              <projections>
                <PointProjection version="1" id="VTR:PointProjection:37128">
                  <ProjectedPointRef ref="VTR:ScheduledStopPoint:123506" version="1"/>
                </PointProjection>
              </projections>
            </RoutePoint>
            <RoutePoint version="1" id="VTR:RoutePoint:123507">
              <projections>
                <PointProjection version="1" id="VTR:PointProjection:37196">
                  <ProjectedPointRef ref="VTR:ScheduledStopPoint:123507" version="1"/>
                </PointProjection>
              </projections>
            </RoutePoint>
            <RoutePoint version="1" id="VTR:RoutePoint:127098">
              <projections>
                <PointProjection version="1" id="VTR:PointProjection:37665">
                  <ProjectedPointRef ref="VTR:ScheduledStopPoint:127098" version="1"/>
                </PointProjection>
              </projections>
            </RoutePoint>
            <RoutePoint version="1" id="VTR:RoutePoint:127099">
              <projections>
                <PointProjection version="1" id="VTR:PointProjection:37666">
                  <ProjectedPointRef ref="VTR:ScheduledStopPoint:127099" version="1"/>
                </PointProjection>
              </projections>
            </RoutePoint>
            <RoutePoint version="1" id="VTR:RoutePoint:127100">
              <projections>
                <PointProjection version="1" id="VTR:PointProjection:37667">
                  <ProjectedPointRef ref="VTR:ScheduledStopPoint:127100" version="1"/>
                </PointProjection>
              </projections>
            </RoutePoint>
            <RoutePoint version="1" id="VTR:RoutePoint:127101">
              <projections>
                <PointProjection version="1" id="VTR:PointProjection:37668">
                  <ProjectedPointRef ref="VTR:ScheduledStopPoint:127101" version="1"/>
                </PointProjection>
              </projections>
            </RoutePoint>
            <RoutePoint version="1" id="VTR:RoutePoint:127102">
              <projections>
                <PointProjection version="1" id="VTR:PointProjection:37669">
                  <ProjectedPointRef ref="VTR:ScheduledStopPoint:127102" version="1"/>
                </PointProjection>
              </projections>
            </RoutePoint>
            <RoutePoint version="1" id="VTR:RoutePoint:127103">
              <projections>
                <PointProjection version="1" id="VTR:PointProjection:37670">
                  <ProjectedPointRef ref="VTR:ScheduledStopPoint:127103" version="1"/>
                </PointProjection>
              </projections>
            </RoutePoint>
            <RoutePoint version="1" id="VTR:RoutePoint:127104">
              <projections>
                <PointProjection version="1" id="VTR:PointProjection:37671">
                  <ProjectedPointRef ref="VTR:ScheduledStopPoint:127104" version="1"/>
                </PointProjection>
              </projections>
            </RoutePoint>
            <RoutePoint version="1" id="VTR:RoutePoint:127105">
              <projections>
                <PointProjection version="1" id="VTR:PointProjection:37672">
                  <ProjectedPointRef ref="VTR:ScheduledStopPoint:127105" version="1"/>
                </PointProjection>
              </projections>
            </RoutePoint>
          </routePoints>
          <routes>
            <Route version="1" id="VTR:Route:7344">
              <Name>Vilkaviškis-Biliūnai per Teiberius</Name>
              <ShortName>Vilkaviškis-Biliūnai per Teiberius</ShortName>
              <LineRef ref="VTR:Line:1264" version="1245"/>
              <DirectionType>outbound</DirectionType>
              <pointsInSequence>
                <PointOnRoute version="1" id="VTR:PointOnRoute:123499" order="1">
                  <RoutePointRef ref="VTR:RoutePoint:123499"/>
                </PointOnRoute>
                <PointOnRoute version="1" id="VTR:PointOnRoute:123500" order="2">
                  <RoutePointRef ref="VTR:RoutePoint:123500"/>
                </PointOnRoute>
                <PointOnRoute version="1" id="VTR:PointOnRoute:123501" order="3">
                  <RoutePointRef ref="VTR:RoutePoint:123501"/>
                </PointOnRoute>
                <PointOnRoute version="1" id="VTR:PointOnRoute:123502" order="4">
                  <RoutePointRef ref="VTR:RoutePoint:123502"/>
                </PointOnRoute>
                <PointOnRoute version="1" id="VTR:PointOnRoute:123503" order="5">
                  <RoutePointRef ref="VTR:RoutePoint:123503"/>
                </PointOnRoute>
                <PointOnRoute version="1" id="VTR:PointOnRoute:123504" order="6">
                  <RoutePointRef ref="VTR:RoutePoint:123504"/>
                </PointOnRoute>
                <PointOnRoute version="1" id="VTR:PointOnRoute:123505" order="7">
                  <RoutePointRef ref="VTR:RoutePoint:123505"/>
                </PointOnRoute>
                <PointOnRoute version="1" id="VTR:PointOnRoute:123506" order="8">
                  <RoutePointRef ref="VTR:RoutePoint:123506"/>
                </PointOnRoute>
                <PointOnRoute version="1" id="VTR:PointOnRoute:123507" order="9">
                  <RoutePointRef ref="VTR:RoutePoint:123507"/>
                </PointOnRoute>
              </pointsInSequence>
            </Route>
            <Route version="1" id="VTR:Route:7572">
              <Name>Biliūnai-Vilkaviškis per Teiberius</Name>
              <ShortName>Biliūnai-Vilkaviškis per Teiberius</ShortName>
              <LineRef ref="VTR:Line:1264" version="1245"/>
              <DirectionType>inbound</DirectionType>
              <pointsInSequence>
                <PointOnRoute version="1" id="VTR:PointOnRoute:127098" order="1">
                  <RoutePointRef ref="VTR:RoutePoint:127098"/>
                </PointOnRoute>
                <PointOnRoute version="1" id="VTR:PointOnRoute:127099" order="2">
                  <RoutePointRef ref="VTR:RoutePoint:127099"/>
                </PointOnRoute>
                <PointOnRoute version="1" id="VTR:PointOnRoute:127100" order="3">
                  <RoutePointRef ref="VTR:RoutePoint:127100"/>
                </PointOnRoute>
                <PointOnRoute version="1" id="VTR:PointOnRoute:127101" order="4">
                  <RoutePointRef ref="VTR:RoutePoint:127101"/>
                </PointOnRoute>
                <PointOnRoute version="1" id="VTR:PointOnRoute:127102" order="5">
                  <RoutePointRef ref="VTR:RoutePoint:127102"/>
                </PointOnRoute>
                <PointOnRoute version="1" id="VTR:PointOnRoute:127103" order="6">
                  <RoutePointRef ref="VTR:RoutePoint:127103"/>
                </PointOnRoute>
                <PointOnRoute version="1" id="VTR:PointOnRoute:127104" order="7">
                  <RoutePointRef ref="VTR:RoutePoint:127104"/>
                </PointOnRoute>
                <PointOnRoute version="1" id="VTR:PointOnRoute:127105" order="8">
                  <RoutePointRef ref="VTR:RoutePoint:127105"/>
                </PointOnRoute>
              </pointsInSequence>
            </Route>
          </routes>
          <lines>
            <Line version="1245" id="VTR:Line:1264">
              <Name>Vilkaviškis - Biliūnai per Teiberius</Name>
              <TransportMode>bus</TransportMode>
              <TransportSubmode>
                <BusSubmode>regionalBus</BusSubmode>
              </TransportSubmode>
              <PublicCode>67</PublicCode>
              <OperatorRef ref="VTR:Operator:52"/>
            </Line>
          </lines>
          <scheduledStopPoints>
            <ScheduledStopPoint version="1" id="VTR:ScheduledStopPoint:123499">
              <Name>Vilkaviškio autobusų stotis</Name>
            </ScheduledStopPoint>
            <ScheduledStopPoint version="1" id="VTR:ScheduledStopPoint:123500">
              <Name>Vilkaviškio rajono savivaldybė</Name>
            </ScheduledStopPoint>
            <ScheduledStopPoint version="1" id="VTR:ScheduledStopPoint:123501">
              <Name>Teiberiai</Name>
            </ScheduledStopPoint>
            <ScheduledStopPoint version="1" id="VTR:ScheduledStopPoint:123502">
              <Name>Geležinkelio pervaža</Name>
            </ScheduledStopPoint>
            <ScheduledStopPoint version="1" id="VTR:ScheduledStopPoint:123503">
              <Name>Rumokai</Name>
            </ScheduledStopPoint>
            <ScheduledStopPoint version="1" id="VTR:ScheduledStopPoint:123504">
              <Name>Rumokai</Name>
            </ScheduledStopPoint>
            <ScheduledStopPoint version="1" id="VTR:ScheduledStopPoint:123505">
              <Name>Klausučiai</Name>
            </ScheduledStopPoint>
            <ScheduledStopPoint version="1" id="VTR:ScheduledStopPoint:123506">
              <Name>Biliūnai</Name>
            </ScheduledStopPoint>
            <ScheduledStopPoint version="1" id="VTR:ScheduledStopPoint:123507">
              <Name>Žalioji</Name>
            </ScheduledStopPoint>
            <ScheduledStopPoint version="1" id="VTR:ScheduledStopPoint:127098">
              <Name>Biliūnai</Name>
            </ScheduledStopPoint>
            <ScheduledStopPoint version="1" id="VTR:ScheduledStopPoint:127099">
              <Name>Žalioji</Name>
            </ScheduledStopPoint>
            <ScheduledStopPoint version="1" id="VTR:ScheduledStopPoint:127100">
              <Name>Klausučiai</Name>
            </ScheduledStopPoint>
            <ScheduledStopPoint version="1" id="VTR:ScheduledStopPoint:127101">
              <Name>Rumokai</Name>
            </ScheduledStopPoint>
            <ScheduledStopPoint version="1" id="VTR:ScheduledStopPoint:127102">
              <Name>Geležinkelio pervaža</Name>
            </ScheduledStopPoint>
            <ScheduledStopPoint version="1" id="VTR:ScheduledStopPoint:127103">
              <Name>Teiberiai</Name>
            </ScheduledStopPoint>
            <ScheduledStopPoint version="1" id="VTR:ScheduledStopPoint:127104">
              <Name>Vilkaviškio rajono savivaldybė</Name>
            </ScheduledStopPoint>
            <ScheduledStopPoint version="1" id="VTR:ScheduledStopPoint:127105">
              <Name>Vilkaviškio autobusų stotis</Name>
            </ScheduledStopPoint>
          </scheduledStopPoints>
          <serviceLinks>
            <ServiceLink id="VTR:ServiceLink:123504_1_123505_1" version="1">
              <Distance>0</Distance>
              <FromPointRef ref="VTR:ScheduledStopPoint:123504" version="1"/>
              <ToPointRef ref="VTR:ScheduledStopPoint:123505" version="1"/>
            </ServiceLink>
            <ServiceLink id="VTR:ServiceLink:123503_1_123504_1" version="1">
              <Distance>0</Distance>
              <FromPointRef ref="VTR:ScheduledStopPoint:123503" version="1"/>
              <ToPointRef ref="VTR:ScheduledStopPoint:123504" version="1"/>
            </ServiceLink>
            <ServiceLink id="VTR:ServiceLink:123501_1_123502_1" version="1">
              <Distance>2</Distance>
              <FromPointRef ref="VTR:ScheduledStopPoint:123501" version="1"/>
              <ToPointRef ref="VTR:ScheduledStopPoint:123502" version="1"/>
            </ServiceLink>
            <ServiceLink id="VTR:ServiceLink:123505_1_123506_1" version="1">
              <Distance>4</Distance>
              <FromPointRef ref="VTR:ScheduledStopPoint:123505" version="1"/>
              <ToPointRef ref="VTR:ScheduledStopPoint:123506" version="1"/>
            </ServiceLink>
            <ServiceLink id="VTR:ServiceLink:123506_1_123507_1" version="1">
              <Distance>4</Distance>
              <FromPointRef ref="VTR:ScheduledStopPoint:123506" version="1"/>
              <ToPointRef ref="VTR:ScheduledStopPoint:123507" version="1"/>
            </ServiceLink>
            <ServiceLink id="VTR:ServiceLink:127098_1_127099_1" version="1">
              <Distance>4</Distance>
              <FromPointRef ref="VTR:ScheduledStopPoint:127098" version="1"/>
              <ToPointRef ref="VTR:ScheduledStopPoint:127099" version="1"/>
            </ServiceLink>
            <ServiceLink id="VTR:ServiceLink:123502_1_123503_1" version="1">
              <Distance>1</Distance>
              <FromPointRef ref="VTR:ScheduledStopPoint:123502" version="1"/>
              <ToPointRef ref="VTR:ScheduledStopPoint:123503" version="1"/>
            </ServiceLink>
            <ServiceLink id="VTR:ServiceLink:127104_1_127105_1" version="1">
              <Distance>0</Distance>
              <FromPointRef ref="VTR:ScheduledStopPoint:127104" version="1"/>
              <ToPointRef ref="VTR:ScheduledStopPoint:127105" version="1"/>
            </ServiceLink>
            <ServiceLink id="VTR:ServiceLink:127100_1_127101_1" version="1">
              <Distance>0</Distance>
              <FromPointRef ref="VTR:ScheduledStopPoint:127100" version="1"/>
              <ToPointRef ref="VTR:ScheduledStopPoint:127101" version="1"/>
            </ServiceLink>
            <ServiceLink id="VTR:ServiceLink:127103_1_127104_1" version="1">
              <Distance>7</Distance>
              <FromPointRef ref="VTR:ScheduledStopPoint:127103" version="1"/>
              <ToPointRef ref="VTR:ScheduledStopPoint:127104" version="1"/>
            </ServiceLink>
            <ServiceLink id="VTR:ServiceLink:127099_1_127100_1" version="1">
              <Distance>2</Distance>
              <FromPointRef ref="VTR:ScheduledStopPoint:127099" version="1"/>
              <ToPointRef ref="VTR:ScheduledStopPoint:127100" version="1"/>
            </ServiceLink>
            <ServiceLink id="VTR:ServiceLink:127101_1_127102_1" version="1">
              <Distance>1</Distance>
              <FromPointRef ref="VTR:ScheduledStopPoint:127101" version="1"/>
              <ToPointRef ref="VTR:ScheduledStopPoint:127102" version="1"/>
            </ServiceLink>
            <ServiceLink id="VTR:ServiceLink:123500_1_123501_1" version="1">
              <Distance>7</Distance>
              <FromPointRef ref="VTR:ScheduledStopPoint:123500" version="1"/>
              <ToPointRef ref="VTR:ScheduledStopPoint:123501" version="1"/>
            </ServiceLink>
            <ServiceLink id="VTR:ServiceLink:127102_1_127103_1" version="1">
              <Distance>2</Distance>
              <FromPointRef ref="VTR:ScheduledStopPoint:127102" version="1"/>
              <ToPointRef ref="VTR:ScheduledStopPoint:127103" version="1"/>
            </ServiceLink>
            <ServiceLink id="VTR:ServiceLink:123499_1_123500_1" version="1">
              <Distance>0</Distance>
              <FromPointRef ref="VTR:ScheduledStopPoint:123499" version="1"/>
              <ToPointRef ref="VTR:ScheduledStopPoint:123500" version="1"/>
            </ServiceLink>
          </serviceLinks>
          <stopAssignments>
            <PassengerStopAssignment order="734400000" id="VTR:PassengerStopAssignment:123499" version="1">
              <ScheduledStopPointRef ref="VTR:ScheduledStopPoint:123499" version="1"/>
              <QuayRef ref="VTR:Quay:19454"/>
            </PassengerStopAssignment>
            <PassengerStopAssignment order="734400001" id="VTR:PassengerStopAssignment:123500" version="1">
              <ScheduledStopPointRef ref="VTR:ScheduledStopPoint:123500" version="1"/>
              <QuayRef ref="VTR:Quay:20624"/>
            </PassengerStopAssignment>
            <PassengerStopAssignment order="734400002" id="VTR:PassengerStopAssignment:123501" version="1">
              <ScheduledStopPointRef ref="VTR:ScheduledStopPoint:123501" version="1"/>
              <QuayRef ref="VTR:Quay:6358"/>
            </PassengerStopAssignment>
            <PassengerStopAssignment order="734400003" id="VTR:PassengerStopAssignment:123502" version="1">
              <ScheduledStopPointRef ref="VTR:ScheduledStopPoint:123502" version="1"/>
              <QuayRef ref="VTR:Quay:20626"/>
            </PassengerStopAssignment>
            <PassengerStopAssignment order="734400004" id="VTR:PassengerStopAssignment:123503" version="1">
              <ScheduledStopPointRef ref="VTR:ScheduledStopPoint:123503" version="1"/>
              <QuayRef ref="VTR:Quay:6199"/>
            </PassengerStopAssignment>
            <PassengerStopAssignment order="734400005" id="VTR:PassengerStopAssignment:123504" version="1">
              <ScheduledStopPointRef ref="VTR:ScheduledStopPoint:123504" version="1"/>
              <QuayRef ref="VTR:Quay:6199"/>
            </PassengerStopAssignment>
            <PassengerStopAssignment order="734400006" id="VTR:PassengerStopAssignment:123505" version="1">
              <ScheduledStopPointRef ref="VTR:ScheduledStopPoint:123505" version="1"/>
              <QuayRef ref="VTR:Quay:11111"/>
            </PassengerStopAssignment>
            <PassengerStopAssignment order="734400007" id="VTR:PassengerStopAssignment:123506" version="1">
              <ScheduledStopPointRef ref="VTR:ScheduledStopPoint:123506" version="1"/>
              <QuayRef ref="VTR:Quay:20631"/>
            </PassengerStopAssignment>
            <PassengerStopAssignment order="734400008" id="VTR:PassengerStopAssignment:123507" version="1">
              <ScheduledStopPointRef ref="VTR:ScheduledStopPoint:123507" version="1"/>
              <QuayRef ref="VTR:Quay:10972"/>
            </PassengerStopAssignment>
            <PassengerStopAssignment order="757200000" id="VTR:PassengerStopAssignment:127098" version="1">
              <ScheduledStopPointRef ref="VTR:ScheduledStopPoint:127098" version="1"/>
              <QuayRef ref="VTR:Quay:20631"/>
            </PassengerStopAssignment>
            <PassengerStopAssignment order="757200001" id="VTR:PassengerStopAssignment:127099" version="1">
              <ScheduledStopPointRef ref="VTR:ScheduledStopPoint:127099" version="1"/>
              <QuayRef ref="VTR:Quay:10972"/>
            </PassengerStopAssignment>
            <PassengerStopAssignment order="757200002" id="VTR:PassengerStopAssignment:127100" version="1">
              <ScheduledStopPointRef ref="VTR:ScheduledStopPoint:127100" version="1"/>
              <QuayRef ref="VTR:Quay:11111"/>
            </PassengerStopAssignment>
            <PassengerStopAssignment order="757200003" id="VTR:PassengerStopAssignment:127101" version="1">
              <ScheduledStopPointRef ref="VTR:ScheduledStopPoint:127101" version="1"/>
              <QuayRef ref="VTR:Quay:6199"/>
            </PassengerStopAssignment>
            <PassengerStopAssignment order="757200004" id="VTR:PassengerStopAssignment:127102" version="1">
              <ScheduledStopPointRef ref="VTR:ScheduledStopPoint:127102" version="1"/>
              <QuayRef ref="VTR:Quay:20626"/>
            </PassengerStopAssignment>
            <PassengerStopAssignment order="757200005" id="VTR:PassengerStopAssignment:127103" version="1">
              <ScheduledStopPointRef ref="VTR:ScheduledStopPoint:127103" version="1"/>
              <QuayRef ref="VTR:Quay:6358"/>
            </PassengerStopAssignment>
            <PassengerStopAssignment order="757200006" id="VTR:PassengerStopAssignment:127104" version="1">
              <ScheduledStopPointRef ref="VTR:ScheduledStopPoint:127104" version="1"/>
              <QuayRef ref="VTR:Quay:20624"/>
            </PassengerStopAssignment>
            <PassengerStopAssignment order="757200007" id="VTR:PassengerStopAssignment:127105" version="1">
              <ScheduledStopPointRef ref="VTR:ScheduledStopPoint:127105" version="1"/>
              <QuayRef ref="VTR:Quay:19454"/>
            </PassengerStopAssignment>
          </stopAssignments>
          <journeyPatterns>
            <JourneyPattern id="VTR:JourneyPattern:58374" version="58437">
              <Name>1</Name>
              <RouteRef ref="VTR:Route:7572" version="1"/>
              <pointsInSequence>
                <StopPointInJourneyPattern id="VTR:StopPointInJourneyPattern:1174180" version="58437" order="1">
                  <ScheduledStopPointRef ref="VTR:ScheduledStopPoint:127098"/>
                  <DestinationDisplayRef ref="VTR:DestinationDisplay:1"/>
                </StopPointInJourneyPattern>
                <StopPointInJourneyPattern id="VTR:StopPointInJourneyPattern:1174181" version="58437" order="2">
                  <ScheduledStopPointRef ref="VTR:ScheduledStopPoint:127099"/>
                  <DestinationDisplayRef ref="VTR:DestinationDisplay:1"/>
                </StopPointInJourneyPattern>
                <StopPointInJourneyPattern id="VTR:StopPointInJourneyPattern:1174182" version="58437" order="3">
                  <ScheduledStopPointRef ref="VTR:ScheduledStopPoint:127100"/>
                  <DestinationDisplayRef ref="VTR:DestinationDisplay:1"/>
                </StopPointInJourneyPattern>
                <StopPointInJourneyPattern id="VTR:StopPointInJourneyPattern:1174183" version="58437" order="4">
                  <ScheduledStopPointRef ref="VTR:ScheduledStopPoint:127101"/>
                  <DestinationDisplayRef ref="VTR:DestinationDisplay:1"/>
                </StopPointInJourneyPattern>
                <StopPointInJourneyPattern id="VTR:StopPointInJourneyPattern:1174184" version="58437" order="5">
                  <ScheduledStopPointRef ref="VTR:ScheduledStopPoint:127102"/>
                  <DestinationDisplayRef ref="VTR:DestinationDisplay:1"/>
                </StopPointInJourneyPattern>
                <StopPointInJourneyPattern id="VTR:StopPointInJourneyPattern:1174185" version="58437" order="6">
                  <ScheduledStopPointRef ref="VTR:ScheduledStopPoint:127103"/>
                  <DestinationDisplayRef ref="VTR:DestinationDisplay:1"/>
                </StopPointInJourneyPattern>
                <StopPointInJourneyPattern id="VTR:StopPointInJourneyPattern:1174186" version="58437" order="7">
                  <ScheduledStopPointRef ref="VTR:ScheduledStopPoint:127104"/>
                  <DestinationDisplayRef ref="VTR:DestinationDisplay:1"/>
                </StopPointInJourneyPattern>
                <StopPointInJourneyPattern id="VTR:StopPointInJourneyPattern:1174187" version="58437" order="8">
                  <ScheduledStopPointRef ref="VTR:ScheduledStopPoint:127105"/>
                  <DestinationDisplayRef ref="VTR:DestinationDisplay:1"/>
                </StopPointInJourneyPattern>
              </pointsInSequence>
            </JourneyPattern>
            <JourneyPattern id="VTR:JourneyPattern:57663" version="57721">
              <Name>67</Name>
              <RouteRef ref="VTR:Route:7344" version="1"/>
              <pointsInSequence>
                <StopPointInJourneyPattern id="VTR:StopPointInJourneyPattern:1162063" version="57721" order="1">
                  <ScheduledStopPointRef ref="VTR:ScheduledStopPoint:123499"/>
                  <DestinationDisplayRef ref="VTR:DestinationDisplay:1"/>
                </StopPointInJourneyPattern>
                <StopPointInJourneyPattern id="VTR:StopPointInJourneyPattern:1162064" version="57721" order="2">
                  <ScheduledStopPointRef ref="VTR:ScheduledStopPoint:123500"/>
                  <DestinationDisplayRef ref="VTR:DestinationDisplay:1"/>
                </StopPointInJourneyPattern>
                <StopPointInJourneyPattern id="VTR:StopPointInJourneyPattern:1162065" version="57721" order="3">
                  <ScheduledStopPointRef ref="VTR:ScheduledStopPoint:123501"/>
                  <DestinationDisplayRef ref="VTR:DestinationDisplay:1"/>
                </StopPointInJourneyPattern>
                <StopPointInJourneyPattern id="VTR:StopPointInJourneyPattern:1162066" version="57721" order="4">
                  <ScheduledStopPointRef ref="VTR:ScheduledStopPoint:123502"/>
                  <DestinationDisplayRef ref="VTR:DestinationDisplay:1"/>
                </StopPointInJourneyPattern>
                <StopPointInJourneyPattern id="VTR:StopPointInJourneyPattern:1162067" version="57721" order="5">
                  <ScheduledStopPointRef ref="VTR:ScheduledStopPoint:123503"/>
                  <DestinationDisplayRef ref="VTR:DestinationDisplay:1"/>
                </StopPointInJourneyPattern>
                <StopPointInJourneyPattern id="VTR:StopPointInJourneyPattern:1162068" version="57721" order="6">
                  <ScheduledStopPointRef ref="VTR:ScheduledStopPoint:123504"/>
                  <DestinationDisplayRef ref="VTR:DestinationDisplay:1"/>
                </StopPointInJourneyPattern>
                <StopPointInJourneyPattern id="VTR:StopPointInJourneyPattern:1162069" version="57721" order="7">
                  <ScheduledStopPointRef ref="VTR:ScheduledStopPoint:123505"/>
                  <DestinationDisplayRef ref="VTR:DestinationDisplay:1"/>
                </StopPointInJourneyPattern>
                <StopPointInJourneyPattern id="VTR:StopPointInJourneyPattern:1162070" version="57721" order="8">
                  <ScheduledStopPointRef ref="VTR:ScheduledStopPoint:123506"/>
                  <DestinationDisplayRef ref="VTR:DestinationDisplay:1"/>
                </StopPointInJourneyPattern>
                <StopPointInJourneyPattern id="VTR:StopPointInJourneyPattern:1162071" version="57721" order="9">
                  <ScheduledStopPointRef ref="VTR:ScheduledStopPoint:123507"/>
                  <DestinationDisplayRef ref="VTR:DestinationDisplay:1"/>
                </StopPointInJourneyPattern>
              </pointsInSequence>
            </JourneyPattern>
          </journeyPatterns>
        </ServiceFrame>
        <TimetableFrame version="1" id="VTR:TimetableFrame:1401">
          <vehicleJourneys>
            <ServiceJourney version="58437" id="VTR:ServiceJourney:58374">
              <Name>Biliūnai-Vilkaviškis per Teiberius</Name>
              <PrivateCode>1</PrivateCode>
              <dayTypes>
                <DayTypeRef ref="VTR:DayType:2909"/>
              </dayTypes>
              <JourneyPatternRef version="58437" ref="VTR:JourneyPattern:58374"/>
              <OperatorRef ref="VTR:Operator:"/>
              <LineRef ref="VTR:Line:1264" version="1245"/>
              <passingTimes>
                <TimetabledPassingTime version="58437" id="VTR:TimetabledPassingTime:58374_1174180_1">
                  <StopPointInJourneyPatternRef ref="VTR:StopPointInJourneyPattern:1174180" version="58437"/>
                  <DepartureTime>13:41:00</DepartureTime>
                  <DepartureDayOffset>0</DepartureDayOffset>
                </TimetabledPassingTime>
                <TimetabledPassingTime version="58437" id="VTR:TimetabledPassingTime:58374_1174181_2">
                  <StopPointInJourneyPatternRef ref="VTR:StopPointInJourneyPattern:1174181" version="58437"/>
                  <DepartureTime>13:53:00</DepartureTime>
                  <DepartureDayOffset>0</DepartureDayOffset>
                </TimetabledPassingTime>
                <TimetabledPassingTime version="58437" id="VTR:TimetabledPassingTime:58374_1174182_3">
                  <StopPointInJourneyPatternRef ref="VTR:StopPointInJourneyPattern:1174182" version="58437"/>
                  <DepartureTime>14:13:00</DepartureTime>
                  <DepartureDayOffset>0</DepartureDayOffset>
                </TimetabledPassingTime>
                <TimetabledPassingTime version="58437" id="VTR:TimetabledPassingTime:58374_1174183_4">
                  <StopPointInJourneyPatternRef ref="VTR:StopPointInJourneyPattern:1174183" version="58437"/>
                  <DepartureTime>14:21:00</DepartureTime>
                  <DepartureDayOffset>0</DepartureDayOffset>
                </TimetabledPassingTime>
                <TimetabledPassingTime version="58437" id="VTR:TimetabledPassingTime:58374_1174184_5">
                  <StopPointInJourneyPatternRef ref="VTR:StopPointInJourneyPattern:1174184" version="58437"/>
                  <DepartureTime>14:26:00</DepartureTime>
                  <DepartureDayOffset>0</DepartureDayOffset>
                </TimetabledPassingTime>
                <TimetabledPassingTime version="58437" id="VTR:TimetabledPassingTime:58374_1174185_6">
                  <StopPointInJourneyPatternRef ref="VTR:StopPointInJourneyPattern:1174185" version="58437"/>
                  <DepartureTime>14:34:00</DepartureTime>
                  <DepartureDayOffset>0</DepartureDayOffset>
                </TimetabledPassingTime>
                <TimetabledPassingTime version="58437" id="VTR:TimetabledPassingTime:58374_1174186_7">
                  <StopPointInJourneyPatternRef ref="VTR:StopPointInJourneyPattern:1174186" version="58437"/>
                  <DepartureTime>14:41:00</DepartureTime>
                  <DepartureDayOffset>0</DepartureDayOffset>
                </TimetabledPassingTime>
                <TimetabledPassingTime version="58437" id="VTR:TimetabledPassingTime:58374_1174187_8">
                  <StopPointInJourneyPatternRef ref="VTR:StopPointInJourneyPattern:1174187" version="58437"/>
                  <DepartureTime>15:07:00</DepartureTime>
                  <DepartureDayOffset>0</DepartureDayOffset>
                </TimetabledPassingTime>
              </passingTimes>
            </ServiceJourney>
            <ServiceJourney version="57721" id="VTR:ServiceJourney:57663">
              <Name>Vilkaviškis-Biliūnai per Teiberius</Name>
              <PrivateCode>67</PrivateCode>
              <dayTypes>
                <DayTypeRef ref="VTR:DayType:2906"/>
              </dayTypes>
              <JourneyPatternRef version="57721" ref="VTR:JourneyPattern:57663"/>
              <OperatorRef ref="VTR:Operator:"/>
              <LineRef ref="VTR:Line:1264" version="1245"/>
              <passingTimes>
                <TimetabledPassingTime version="57721" id="VTR:TimetabledPassingTime:57663_1162063_1">
                  <StopPointInJourneyPatternRef ref="VTR:StopPointInJourneyPattern:1162063" version="57721"/>
                  <DepartureTime>13:20:00</DepartureTime>
                  <DepartureDayOffset>0</DepartureDayOffset>
                </TimetabledPassingTime>
                <TimetabledPassingTime version="57721" id="VTR:TimetabledPassingTime:57663_1162064_2">
                  <StopPointInJourneyPatternRef ref="VTR:StopPointInJourneyPattern:1162064" version="57721"/>
                  <DepartureTime>13:25:00</DepartureTime>
                  <DepartureDayOffset>0</DepartureDayOffset>
                </TimetabledPassingTime>
                <TimetabledPassingTime version="57721" id="VTR:TimetabledPassingTime:57663_1162065_3">
                  <StopPointInJourneyPatternRef ref="VTR:StopPointInJourneyPattern:1162065" version="57721"/>
                  <DepartureTime>13:39:00</DepartureTime>
                  <DepartureDayOffset>0</DepartureDayOffset>
                </TimetabledPassingTime>
                <TimetabledPassingTime version="57721" id="VTR:TimetabledPassingTime:57663_1162066_4">
                  <StopPointInJourneyPatternRef ref="VTR:StopPointInJourneyPattern:1162066" version="57721"/>
                  <DepartureTime>13:49:00</DepartureTime>
                  <DepartureDayOffset>0</DepartureDayOffset>
                </TimetabledPassingTime>
                <TimetabledPassingTime version="57721" id="VTR:TimetabledPassingTime:57663_1162067_5">
                  <StopPointInJourneyPatternRef ref="VTR:StopPointInJourneyPattern:1162067" version="57721"/>
                  <DepartureTime>13:54:00</DepartureTime>
                  <DepartureDayOffset>0</DepartureDayOffset>
                </TimetabledPassingTime>
                <TimetabledPassingTime version="57721" id="VTR:TimetabledPassingTime:57663_1162068_6">
                  <StopPointInJourneyPatternRef ref="VTR:StopPointInJourneyPattern:1162068" version="57721"/>
                  <DepartureTime>13:58:00</DepartureTime>
                  <DepartureDayOffset>0</DepartureDayOffset>
                </TimetabledPassingTime>
                <TimetabledPassingTime version="57721" id="VTR:TimetabledPassingTime:57663_1162069_7">
                  <StopPointInJourneyPatternRef ref="VTR:StopPointInJourneyPattern:1162069" version="57721"/>
                  <DepartureTime>14:03:00</DepartureTime>
                  <DepartureDayOffset>0</DepartureDayOffset>
                </TimetabledPassingTime>
                <TimetabledPassingTime version="57721" id="VTR:TimetabledPassingTime:57663_1162070_8">
                  <StopPointInJourneyPatternRef ref="VTR:StopPointInJourneyPattern:1162070" version="57721"/>
                  <DepartureTime>14:07:00</DepartureTime>
                  <DepartureDayOffset>0</DepartureDayOffset>
                </TimetabledPassingTime>
                <TimetabledPassingTime version="57721" id="VTR:TimetabledPassingTime:57663_1162071_9">
                  <StopPointInJourneyPatternRef ref="VTR:StopPointInJourneyPattern:1162071" version="57721"/>
                  <DepartureTime>14:16:00</DepartureTime>
                  <DepartureDayOffset>0</DepartureDayOffset>
                </TimetabledPassingTime>
              </passingTimes>
            </ServiceJourney>
          </vehicleJourneys>
        </TimetableFrame>
        <ResourceFrame version="1" id="VTR:ResourceFrame:1401">
          <organisations>
            <Authority version="1" id="VTR:Authority:52">
              <CompanyNumber>39</CompanyNumber>
              <Name>Vilkaviškio r. sav.</Name>
              <LegalName>Vilkaviškio r. sav.</LegalName>
              <ContactDetails>
                <Email>savivaldybe@vilkaviskis.lt</Email>
                <Phone>834260062</Phone>
                <Url>www.vilkaviskis.lt</Url>
              </ContactDetails>
              <OrganisationType>authority</OrganisationType>
            </Authority>
          </organisations>
        </ResourceFrame>
        <FareFrame id="VTR:FareFrame:1264" version="1">
          <FrameDefaults>
            <DefaultCurrency>EUR</DefaultCurrency>
          </FrameDefaults>
          <usageParameters>
            <RoundTrip id="VTR:RoundTrip:single" version="1">
              <Name>Single</Name>
              <TripType>single</TripType>
            </RoundTrip>
            <FrequencyOfUse id="VTR:FrequencyOfUse:once" version="1">
              <Name>Once</Name>
              <MaximalFrequency>1</MaximalFrequency>
            </FrequencyOfUse>
          </usageParameters>
          <priceGroups>
            <PriceGroup id="VTR:PriceGroup:PG01" version="1">
              <Name>Flat Fare Products - Standard</Name>
              <members>
                <FareProductPrice id="VTR:FareProductPrice:standard" version="1">
                  <Name>Single fare</Name>
                  <Amount>0.41</Amount>
                  <Currency>EUR</Currency>
                </FareProductPrice>
              </members>
            </PriceGroup>
          </priceGroups>
        </FareFrame>
      </frames>
    </CompositeFrame>
  </dataObjects>
</PublicationDelivery>
