<?xml version="1.0" encoding="UTF-8"?><PublicationDelivery xmlns="http://www.netex.org.uk/netex" xmlns:gis="http://www.opengis.net/gml/3.2" xmlns:ns2="http://www.opengis.net/gml/3.2" xmlns:ns3="http://www.siri.org.uk/siri" xmlns:xsi="http://www.w3.org/2001/XMLSchema-instance" version="1" xsi:schemaLocation="">
  <PublicationTimestamp>2022-05-07T05:05:00.281</PublicationTimestamp>
  <ParticipantRef>VTR</ParticipantRef>
  <Description>1</Description>
  <dataObjects>
    <CompositeFrame created="2022-05-07T05:05:00.281" version="1" id="VTR:CompositeFrame:1401">
      <validityConditions>
        <AvailabilityCondition version="1" id="VTR:AvailabilityCondition:1401">
          <FromDate>2015-07-22T15:30:37</FromDate>
          <ToDate>2027-12-30T00:00:00</ToDate>
        </AvailabilityCondition>
      </validityConditions>
      <codespaces>
        <Codespace id="vtr">
          <Xmlns>VTR</Xmlns>
          <XmlnsUrl>http://www.visimarsrutai.lt/</XmlnsUrl>
        </Codespace>
      </codespaces>
      <FrameDefaults>
        <DefaultLocale>
          <TimeZone>Europe/Vilnius</TimeZone>
        </DefaultLocale>
        <DefaultLocationSystem>WGS84</DefaultLocationSystem>
      </FrameDefaults>
      <frames>
        <ServiceCalendarFrame version="1" id="VTR:ServiceCalendarFrame:1401">
          <dayTypes>
            <DayType id="VTR:DayType:2909" version="1">
              <properties>
                <PropertyOfDay>
                  <DaysOfWeek>Monday Tuesday Wednesday Thursday</DaysOfWeek>
                </PropertyOfDay>
              </properties>
            </DayType>
            <DayType id="VTR:DayType:2940" version="1">
              <properties>
                <PropertyOfDay>
                  <DaysOfWeek>Monday Tuesday Wednesday Thursday Friday</DaysOfWeek>
                </PropertyOfDay>
              </properties>
            </DayType>
          </dayTypes>
          <operatingPeriods>
            <OperatingPeriod version="1" id="VTR:OperatingPeriod:2909">
              <FromDate>2015-11-12T00:00:00</FromDate>
              <ToDate>2020-12-31T00:00:00</ToDate>
            </OperatingPeriod>
            <OperatingPeriod version="1" id="VTR:OperatingPeriod:2940">
              <FromDate>2015-11-12T00:00:00</FromDate>
              <ToDate>2020-12-31T00:00:00</ToDate>
            </OperatingPeriod>
          </operatingPeriods>
          <dayTypeAssignments>
            <DayTypeAssignment id="VTR:DayTypeAssignment:2909_0" version="1" order="2250">
              <OperatingPeriodRef ref="VTR:OperatingPeriod:2909" version="1"/>
              <DayTypeRef ref="VTR:DayType:2909" version="1"/>
            </DayTypeAssignment>
            <DayTypeAssignment id="VTR:DayTypeAssignment:2940_0" version="1" order="2279">
              <OperatingPeriodRef ref="VTR:OperatingPeriod:2940" version="1"/>
              <DayTypeRef ref="VTR:DayType:2940" version="1"/>
            </DayTypeAssignment>
          </dayTypeAssignments>
        </ServiceCalendarFrame>
        <ServiceFrame id="VTR:ServiceFrame:1401" version="1">
          <Network version="0" id="VTR:Network:52"/>
          <routePoints>
            <RoutePoint version="1" id="VTR:RoutePoint:122539">
              <projections>
                <PointProjection version="1" id="VTR:PointProjection:37106">
                  <ProjectedPointRef ref="VTR:ScheduledStopPoint:122539" version="1"/>
                </PointProjection>
              </projections>
            </RoutePoint>
            <RoutePoint version="1" id="VTR:RoutePoint:122540">
              <projections>
                <PointProjection version="1" id="VTR:PointProjection:37107">
                  <ProjectedPointRef ref="VTR:ScheduledStopPoint:122540" version="1"/>
                </PointProjection>
              </projections>
            </RoutePoint>
            <RoutePoint version="1" id="VTR:RoutePoint:122541">
              <projections>
                <PointProjection version="1" id="VTR:PointProjection:37108">
                  <ProjectedPointRef ref="VTR:ScheduledStopPoint:122541" version="1"/>
                </PointProjection>
              </projections>
            </RoutePoint>
            <RoutePoint version="1" id="VTR:RoutePoint:127279">
              <projections>
                <PointProjection version="1" id="VTR:PointProjection:37895">
                  <ProjectedPointRef ref="VTR:ScheduledStopPoint:127279" version="1"/>
                </PointProjection>
              </projections>
            </RoutePoint>
            <RoutePoint version="1" id="VTR:RoutePoint:127280">
              <projections>
                <PointProjection version="1" id="VTR:PointProjection:37896">
                  <ProjectedPointRef ref="VTR:ScheduledStopPoint:127280" version="1"/>
                </PointProjection>
              </projections>
            </RoutePoint>
            <RoutePoint version="1" id="VTR:RoutePoint:127281">
              <projections>
                <PointProjection version="1" id="VTR:PointProjection:37897">
                  <ProjectedPointRef ref="VTR:ScheduledStopPoint:127281" version="1"/>
                </PointProjection>
              </projections>
            </RoutePoint>
          </routePoints>
          <routes>
            <Route version="1" id="VTR:Route:7275">
              <Name>Vilkaviškis-Paežeriai</Name>
              <ShortName>Vilkaviškis-Paežeriai</ShortName>
              <LineRef ref="VTR:Line:1309" version="1290"/>
              <DirectionType>outbound</DirectionType>
              <pointsInSequence>
                <PointOnRoute version="1" id="VTR:PointOnRoute:122539" order="1">
                  <RoutePointRef ref="VTR:RoutePoint:122539"/>
                </PointOnRoute>
                <PointOnRoute version="1" id="VTR:PointOnRoute:122540" order="2">
                  <RoutePointRef ref="VTR:RoutePoint:122540"/>
                </PointOnRoute>
                <PointOnRoute version="1" id="VTR:PointOnRoute:122541" order="3">
                  <RoutePointRef ref="VTR:RoutePoint:122541"/>
                </PointOnRoute>
              </pointsInSequence>
            </Route>
            <Route version="1" id="VTR:Route:7589">
              <Name>Paežeriai-Vilkaviškis</Name>
              <ShortName>Paežeriai-Vilkaviškis</ShortName>
              <LineRef ref="VTR:Line:1309" version="1290"/>
              <DirectionType>inbound</DirectionType>
              <pointsInSequence>
                <PointOnRoute version="1" id="VTR:PointOnRoute:127279" order="1">
                  <RoutePointRef ref="VTR:RoutePoint:127279"/>
                </PointOnRoute>
                <PointOnRoute version="1" id="VTR:PointOnRoute:127280" order="2">
                  <RoutePointRef ref="VTR:RoutePoint:127280"/>
                </PointOnRoute>
                <PointOnRoute version="1" id="VTR:PointOnRoute:127281" order="3">
                  <RoutePointRef ref="VTR:RoutePoint:127281"/>
                </PointOnRoute>
              </pointsInSequence>
            </Route>
          </routes>
          <lines>
            <Line version="1290" id="VTR:Line:1309">
              <Name>Vilkaviškis-Paežeriai</Name>
              <TransportMode>bus</TransportMode>
              <TransportSubmode>
                <BusSubmode>regionalBus</BusSubmode>
              </TransportSubmode>
              <PublicCode>54</PublicCode>
              <OperatorRef ref="VTR:Operator:52"/>
            </Line>
          </lines>
          <scheduledStopPoints>
            <ScheduledStopPoint version="1" id="VTR:ScheduledStopPoint:122539">
              <Name>Vilkaviškio autobusų stotis</Name>
            </ScheduledStopPoint>
            <ScheduledStopPoint version="1" id="VTR:ScheduledStopPoint:122540">
              <Name>Uosiai I</Name>
            </ScheduledStopPoint>
            <ScheduledStopPoint version="1" id="VTR:ScheduledStopPoint:122541">
              <Name>Paežeriai</Name>
            </ScheduledStopPoint>
            <ScheduledStopPoint version="1" id="VTR:ScheduledStopPoint:127279">
              <Name>Paežeriai</Name>
            </ScheduledStopPoint>
            <ScheduledStopPoint version="1" id="VTR:ScheduledStopPoint:127280">
              <Name>Uosiai</Name>
            </ScheduledStopPoint>
            <ScheduledStopPoint version="1" id="VTR:ScheduledStopPoint:127281">
              <Name>Vilkaviškio autobusų stotis</Name>
            </ScheduledStopPoint>
          </scheduledStopPoints>
          <serviceLinks>
            <ServiceLink id="VTR:ServiceLink:122540_1_122541_1" version="1">
              <Distance>1</Distance>
              <FromPointRef ref="VTR:ScheduledStopPoint:122540" version="1"/>
              <ToPointRef ref="VTR:ScheduledStopPoint:122541" version="1"/>
            </ServiceLink>
            <ServiceLink id="VTR:ServiceLink:122539_1_122540_1" version="1">
              <Distance>2</Distance>
              <FromPointRef ref="VTR:ScheduledStopPoint:122539" version="1"/>
              <ToPointRef ref="VTR:ScheduledStopPoint:122540" version="1"/>
            </ServiceLink>
            <ServiceLink id="VTR:ServiceLink:127279_1_127280_1" version="1">
              <Distance>1</Distance>
              <FromPointRef ref="VTR:ScheduledStopPoint:127279" version="1"/>
              <ToPointRef ref="VTR:ScheduledStopPoint:127280" version="1"/>
            </ServiceLink>
            <ServiceLink id="VTR:ServiceLink:127280_1_127281_1" version="1">
              <Distance>2</Distance>
              <FromPointRef ref="VTR:ScheduledStopPoint:127280" version="1"/>
              <ToPointRef ref="VTR:ScheduledStopPoint:127281" version="1"/>
            </ServiceLink>
          </serviceLinks>
          <stopAssignments>
            <PassengerStopAssignment order="727500000" id="VTR:PassengerStopAssignment:122539" version="1">
              <ScheduledStopPointRef ref="VTR:ScheduledStopPoint:122539" version="1"/>
              <QuayRef ref="VTR:Quay:19454"/>
            </PassengerStopAssignment>
            <PassengerStopAssignment order="727500001" id="VTR:PassengerStopAssignment:122540" version="1">
              <ScheduledStopPointRef ref="VTR:ScheduledStopPoint:122540" version="1"/>
              <QuayRef ref="VTR:Quay:6284"/>
            </PassengerStopAssignment>
            <PassengerStopAssignment order="727500002" id="VTR:PassengerStopAssignment:122541" version="1">
              <ScheduledStopPointRef ref="VTR:ScheduledStopPoint:122541" version="1"/>
              <QuayRef ref="VTR:Quay:8192"/>
            </PassengerStopAssignment>
            <PassengerStopAssignment order="758900000" id="VTR:PassengerStopAssignment:127279" version="1">
              <ScheduledStopPointRef ref="VTR:ScheduledStopPoint:127279" version="1"/>
              <QuayRef ref="VTR:Quay:8192"/>
            </PassengerStopAssignment>
            <PassengerStopAssignment order="758900001" id="VTR:PassengerStopAssignment:127280" version="1">
              <ScheduledStopPointRef ref="VTR:ScheduledStopPoint:127280" version="1"/>
              <QuayRef ref="VTR:Quay:12080"/>
            </PassengerStopAssignment>
            <PassengerStopAssignment order="758900002" id="VTR:PassengerStopAssignment:127281" version="1">
              <ScheduledStopPointRef ref="VTR:ScheduledStopPoint:127281" version="1"/>
              <QuayRef ref="VTR:Quay:19454"/>
            </PassengerStopAssignment>
          </stopAssignments>
          <journeyPatterns>
            <JourneyPattern id="VTR:JourneyPattern:57572" version="57628">
              <Name>54</Name>
              <RouteRef ref="VTR:Route:7275" version="1"/>
              <pointsInSequence>
                <StopPointInJourneyPattern id="VTR:StopPointInJourneyPattern:1160530" version="57628" order="1">
                  <ScheduledStopPointRef ref="VTR:ScheduledStopPoint:122539"/>
                  <DestinationDisplayRef ref="VTR:DestinationDisplay:1"/>
                </StopPointInJourneyPattern>
                <StopPointInJourneyPattern id="VTR:StopPointInJourneyPattern:1160531" version="57628" order="2">
                  <ScheduledStopPointRef ref="VTR:ScheduledStopPoint:122540"/>
                  <DestinationDisplayRef ref="VTR:DestinationDisplay:1"/>
                </StopPointInJourneyPattern>
                <StopPointInJourneyPattern id="VTR:StopPointInJourneyPattern:1160532" version="57628" order="3">
                  <ScheduledStopPointRef ref="VTR:ScheduledStopPoint:122541"/>
                  <DestinationDisplayRef ref="VTR:DestinationDisplay:1"/>
                </StopPointInJourneyPattern>
              </pointsInSequence>
            </JourneyPattern>
            <JourneyPattern id="VTR:JourneyPattern:58419" version="58482">
              <Name>1</Name>
              <RouteRef ref="VTR:Route:7589" version="1"/>
              <pointsInSequence>
                <StopPointInJourneyPattern id="VTR:StopPointInJourneyPattern:1174662" version="58482" order="1">
                  <ScheduledStopPointRef ref="VTR:ScheduledStopPoint:127279"/>
                  <DestinationDisplayRef ref="VTR:DestinationDisplay:1"/>
                </StopPointInJourneyPattern>
                <StopPointInJourneyPattern id="VTR:StopPointInJourneyPattern:1174663" version="58482" order="2">
                  <ScheduledStopPointRef ref="VTR:ScheduledStopPoint:127280"/>
                  <DestinationDisplayRef ref="VTR:DestinationDisplay:1"/>
                </StopPointInJourneyPattern>
                <StopPointInJourneyPattern id="VTR:StopPointInJourneyPattern:1174664" version="58482" order="3">
                  <ScheduledStopPointRef ref="VTR:ScheduledStopPoint:127281"/>
                  <DestinationDisplayRef ref="VTR:DestinationDisplay:1"/>
                </StopPointInJourneyPattern>
              </pointsInSequence>
            </JourneyPattern>
          </journeyPatterns>
        </ServiceFrame>
        <TimetableFrame version="1" id="VTR:TimetableFrame:1401">
          <vehicleJourneys>
            <ServiceJourney version="58482" id="VTR:ServiceJourney:58419">
              <Name>Paežeriai-Vilkaviškis</Name>
              <PrivateCode>1</PrivateCode>
              <dayTypes>
                <DayTypeRef ref="VTR:DayType:2940"/>
              </dayTypes>
              <JourneyPatternRef version="58482" ref="VTR:JourneyPattern:58419"/>
              <OperatorRef ref="VTR:Operator:"/>
              <LineRef ref="VTR:Line:1309" version="1290"/>
              <passingTimes>
                <TimetabledPassingTime version="58482" id="VTR:TimetabledPassingTime:58419_1174662_1">
                  <StopPointInJourneyPatternRef ref="VTR:StopPointInJourneyPattern:1174662" version="58482"/>
                  <DepartureTime>07:08:00</DepartureTime>
                  <DepartureDayOffset>0</DepartureDayOffset>
                </TimetabledPassingTime>
                <TimetabledPassingTime version="58482" id="VTR:TimetabledPassingTime:58419_1174663_2">
                  <StopPointInJourneyPatternRef ref="VTR:StopPointInJourneyPattern:1174663" version="58482"/>
                  <DepartureTime>07:17:00</DepartureTime>
                  <DepartureDayOffset>0</DepartureDayOffset>
                </TimetabledPassingTime>
                <TimetabledPassingTime version="58482" id="VTR:TimetabledPassingTime:58419_1174664_3">
                  <StopPointInJourneyPatternRef ref="VTR:StopPointInJourneyPattern:1174664" version="58482"/>
                  <DepartureTime>07:40:00</DepartureTime>
                  <DepartureDayOffset>0</DepartureDayOffset>
                </TimetabledPassingTime>
              </passingTimes>
            </ServiceJourney>
            <ServiceJourney version="57628" id="VTR:ServiceJourney:57572">
              <Name>Vilkaviškis-Paežeriai</Name>
              <PrivateCode>54</PrivateCode>
              <dayTypes>
                <DayTypeRef ref="VTR:DayType:2909"/>
              </dayTypes>
              <JourneyPatternRef version="57628" ref="VTR:JourneyPattern:57572"/>
              <OperatorRef ref="VTR:Operator:"/>
              <LineRef ref="VTR:Line:1309" version="1290"/>
              <passingTimes>
                <TimetabledPassingTime version="57628" id="VTR:TimetabledPassingTime:57572_1160530_1">
                  <StopPointInJourneyPatternRef ref="VTR:StopPointInJourneyPattern:1160530" version="57628"/>
                  <DepartureTime>07:00:00</DepartureTime>
                  <DepartureDayOffset>0</DepartureDayOffset>
                </TimetabledPassingTime>
                <TimetabledPassingTime version="57628" id="VTR:TimetabledPassingTime:57572_1160531_2">
                  <StopPointInJourneyPatternRef ref="VTR:StopPointInJourneyPattern:1160531" version="57628"/>
                  <DepartureTime>07:06:00</DepartureTime>
                  <DepartureDayOffset>0</DepartureDayOffset>
                </TimetabledPassingTime>
                <TimetabledPassingTime version="57628" id="VTR:TimetabledPassingTime:57572_1160532_3">
                  <StopPointInJourneyPatternRef ref="VTR:StopPointInJourneyPattern:1160532" version="57628"/>
                  <DepartureTime>07:14:00</DepartureTime>
                  <DepartureDayOffset>0</DepartureDayOffset>
                </TimetabledPassingTime>
              </passingTimes>
            </ServiceJourney>
          </vehicleJourneys>
        </TimetableFrame>
        <ResourceFrame version="1" id="VTR:ResourceFrame:1401">
          <organisations>
            <Authority version="1" id="VTR:Authority:52">
              <CompanyNumber>39</CompanyNumber>
              <Name>Vilkaviškio r. sav.</Name>
              <LegalName>Vilkaviškio r. sav.</LegalName>
              <ContactDetails>
                <Email>savivaldybe@vilkaviskis.lt</Email>
                <Phone>834260062</Phone>
                <Url>www.vilkaviskis.lt</Url>
              </ContactDetails>
              <OrganisationType>authority</OrganisationType>
            </Authority>
          </organisations>
        </ResourceFrame>
        <FareFrame id="VTR:FareFrame:1309" version="1">
          <FrameDefaults>
            <DefaultCurrency>EUR</DefaultCurrency>
          </FrameDefaults>
          <usageParameters>
            <RoundTrip id="VTR:RoundTrip:single" version="1">
              <Name>Single</Name>
              <TripType>single</TripType>
            </RoundTrip>
            <FrequencyOfUse id="VTR:FrequencyOfUse:once" version="1">
              <Name>Once</Name>
              <MaximalFrequency>1</MaximalFrequency>
            </FrequencyOfUse>
          </usageParameters>
          <priceGroups>
            <PriceGroup id="VTR:PriceGroup:PG01" version="1">
              <Name>Flat Fare Products - Standard</Name>
              <members>
                <FareProductPrice id="VTR:FareProductPrice:standard" version="1">
                  <Name>Single fare</Name>
                  <Amount>0.41</Amount>
                  <Currency>EUR</Currency>
                </FareProductPrice>
              </members>
            </PriceGroup>
          </priceGroups>
        </FareFrame>
      </frames>
    </CompositeFrame>
  </dataObjects>
</PublicationDelivery>
