<?xml version="1.0" encoding="UTF-8"?><PublicationDelivery xmlns="http://www.netex.org.uk/netex" xmlns:gis="http://www.opengis.net/gml/3.2" xmlns:ns2="http://www.opengis.net/gml/3.2" xmlns:ns3="http://www.siri.org.uk/siri" xmlns:xsi="http://www.w3.org/2001/XMLSchema-instance" version="1" xsi:schemaLocation="">
  <PublicationTimestamp>2022-05-07T05:05:00.281</PublicationTimestamp>
  <ParticipantRef>VTR</ParticipantRef>
  <Description>1</Description>
  <dataObjects>
    <CompositeFrame created="2022-05-07T05:05:00.281" version="1" id="VTR:CompositeFrame:1401">
      <validityConditions>
        <AvailabilityCondition version="1" id="VTR:AvailabilityCondition:1401">
          <FromDate>2015-09-21T15:24:59</FromDate>
          <ToDate>2027-12-30T00:00:00</ToDate>
        </AvailabilityCondition>
      </validityConditions>
      <codespaces>
        <Codespace id="vtr">
          <Xmlns>VTR</Xmlns>
          <XmlnsUrl>http://www.visimarsrutai.lt/</XmlnsUrl>
        </Codespace>
      </codespaces>
      <FrameDefaults>
        <DefaultLocale>
          <TimeZone>Europe/Vilnius</TimeZone>
        </DefaultLocale>
        <DefaultLocationSystem>WGS84</DefaultLocationSystem>
      </FrameDefaults>
      <frames>
        <ServiceCalendarFrame version="1" id="VTR:ServiceCalendarFrame:1401">
          <dayTypes>
            <DayType id="VTR:DayType:2971" version="1">
              <properties>
                <PropertyOfDay>
                  <DaysOfWeek>Monday Tuesday Wednesday Thursday Friday Saturday</DaysOfWeek>
                </PropertyOfDay>
              </properties>
            </DayType>
          </dayTypes>
          <operatingPeriods>
            <OperatingPeriod version="1" id="VTR:OperatingPeriod:2971">
              <FromDate>2015-11-12T00:00:00</FromDate>
              <ToDate>2020-12-31T00:00:00</ToDate>
            </OperatingPeriod>
          </operatingPeriods>
          <dayTypeAssignments>
            <DayTypeAssignment id="VTR:DayTypeAssignment:2971_0" version="1" order="2316">
              <OperatingPeriodRef ref="VTR:OperatingPeriod:2971" version="1"/>
              <DayTypeRef ref="VTR:DayType:2971" version="1"/>
            </DayTypeAssignment>
          </dayTypeAssignments>
        </ServiceCalendarFrame>
        <ServiceFrame id="VTR:ServiceFrame:1401" version="1">
          <Network version="0" id="VTR:Network:52"/>
          <routePoints>
            <RoutePoint version="1" id="VTR:RoutePoint:124135">
              <projections>
                <PointProjection version="1" id="VTR:PointProjection:36676">
                  <ProjectedPointRef ref="VTR:ScheduledStopPoint:124135" version="1"/>
                </PointProjection>
              </projections>
            </RoutePoint>
            <RoutePoint version="1" id="VTR:RoutePoint:124136">
              <projections>
                <PointProjection version="1" id="VTR:PointProjection:36677">
                  <ProjectedPointRef ref="VTR:ScheduledStopPoint:124136" version="1"/>
                </PointProjection>
              </projections>
            </RoutePoint>
            <RoutePoint version="1" id="VTR:RoutePoint:124137">
              <projections>
                <PointProjection version="1" id="VTR:PointProjection:36678">
                  <ProjectedPointRef ref="VTR:ScheduledStopPoint:124137" version="1"/>
                </PointProjection>
              </projections>
            </RoutePoint>
            <RoutePoint version="1" id="VTR:RoutePoint:124138">
              <projections>
                <PointProjection version="1" id="VTR:PointProjection:36679">
                  <ProjectedPointRef ref="VTR:ScheduledStopPoint:124138" version="1"/>
                </PointProjection>
              </projections>
            </RoutePoint>
            <RoutePoint version="1" id="VTR:RoutePoint:124139">
              <projections>
                <PointProjection version="1" id="VTR:PointProjection:36680">
                  <ProjectedPointRef ref="VTR:ScheduledStopPoint:124139" version="1"/>
                </PointProjection>
              </projections>
            </RoutePoint>
            <RoutePoint version="1" id="VTR:RoutePoint:124140">
              <projections>
                <PointProjection version="1" id="VTR:PointProjection:36681">
                  <ProjectedPointRef ref="VTR:ScheduledStopPoint:124140" version="1"/>
                </PointProjection>
              </projections>
            </RoutePoint>
            <RoutePoint version="1" id="VTR:RoutePoint:124141">
              <projections>
                <PointProjection version="1" id="VTR:PointProjection:36682">
                  <ProjectedPointRef ref="VTR:ScheduledStopPoint:124141" version="1"/>
                </PointProjection>
              </projections>
            </RoutePoint>
            <RoutePoint version="1" id="VTR:RoutePoint:124142">
              <projections>
                <PointProjection version="1" id="VTR:PointProjection:36683">
                  <ProjectedPointRef ref="VTR:ScheduledStopPoint:124142" version="1"/>
                </PointProjection>
              </projections>
            </RoutePoint>
            <RoutePoint version="1" id="VTR:RoutePoint:124143">
              <projections>
                <PointProjection version="1" id="VTR:PointProjection:36684">
                  <ProjectedPointRef ref="VTR:ScheduledStopPoint:124143" version="1"/>
                </PointProjection>
              </projections>
            </RoutePoint>
            <RoutePoint version="1" id="VTR:RoutePoint:124144">
              <projections>
                <PointProjection version="1" id="VTR:PointProjection:36685">
                  <ProjectedPointRef ref="VTR:ScheduledStopPoint:124144" version="1"/>
                </PointProjection>
              </projections>
            </RoutePoint>
            <RoutePoint version="1" id="VTR:RoutePoint:124145">
              <projections>
                <PointProjection version="1" id="VTR:PointProjection:36686">
                  <ProjectedPointRef ref="VTR:ScheduledStopPoint:124145" version="1"/>
                </PointProjection>
              </projections>
            </RoutePoint>
          </routePoints>
          <routes>
            <Route version="1" id="VTR:Route:7388">
              <Name>Vilkaviškis-Pilviškiai-Vilkaviškis</Name>
              <ShortName>Vilkaviškis-Pilviškiai-Vilkaviškis</ShortName>
              <LineRef ref="VTR:Line:2379" version="2419"/>
              <DirectionType>outbound</DirectionType>
              <pointsInSequence>
                <PointOnRoute version="1" id="VTR:PointOnRoute:124135" order="1">
                  <RoutePointRef ref="VTR:RoutePoint:124135"/>
                </PointOnRoute>
                <PointOnRoute version="1" id="VTR:PointOnRoute:124136" order="2">
                  <RoutePointRef ref="VTR:RoutePoint:124136"/>
                </PointOnRoute>
                <PointOnRoute version="1" id="VTR:PointOnRoute:124137" order="3">
                  <RoutePointRef ref="VTR:RoutePoint:124137"/>
                </PointOnRoute>
                <PointOnRoute version="1" id="VTR:PointOnRoute:124138" order="4">
                  <RoutePointRef ref="VTR:RoutePoint:124138"/>
                </PointOnRoute>
                <PointOnRoute version="1" id="VTR:PointOnRoute:124139" order="5">
                  <RoutePointRef ref="VTR:RoutePoint:124139"/>
                </PointOnRoute>
                <PointOnRoute version="1" id="VTR:PointOnRoute:124140" order="6">
                  <RoutePointRef ref="VTR:RoutePoint:124140"/>
                </PointOnRoute>
                <PointOnRoute version="1" id="VTR:PointOnRoute:124141" order="7">
                  <RoutePointRef ref="VTR:RoutePoint:124141"/>
                </PointOnRoute>
                <PointOnRoute version="1" id="VTR:PointOnRoute:124142" order="8">
                  <RoutePointRef ref="VTR:RoutePoint:124142"/>
                </PointOnRoute>
                <PointOnRoute version="1" id="VTR:PointOnRoute:124143" order="9">
                  <RoutePointRef ref="VTR:RoutePoint:124143"/>
                </PointOnRoute>
                <PointOnRoute version="1" id="VTR:PointOnRoute:124144" order="10">
                  <RoutePointRef ref="VTR:RoutePoint:124144"/>
                </PointOnRoute>
                <PointOnRoute version="1" id="VTR:PointOnRoute:124145" order="11">
                  <RoutePointRef ref="VTR:RoutePoint:124145"/>
                </PointOnRoute>
              </pointsInSequence>
            </Route>
          </routes>
          <lines>
            <Line version="2419" id="VTR:Line:2379">
              <Name>Vilkaviškis-Pilviškiai-Vilkaviškis</Name>
              <TransportMode>bus</TransportMode>
              <TransportSubmode>
                <BusSubmode>regionalBus</BusSubmode>
              </TransportSubmode>
              <PublicCode>5</PublicCode>
              <OperatorRef ref="VTR:Operator:52"/>
            </Line>
          </lines>
          <scheduledStopPoints>
            <ScheduledStopPoint version="1" id="VTR:ScheduledStopPoint:124135">
              <Name>Vilkaviškio autobusų stotis</Name>
            </ScheduledStopPoint>
            <ScheduledStopPoint version="1" id="VTR:ScheduledStopPoint:124136">
              <Name>Centras</Name>
            </ScheduledStopPoint>
            <ScheduledStopPoint version="1" id="VTR:ScheduledStopPoint:124137">
              <Name>Zomčinė</Name>
            </ScheduledStopPoint>
            <ScheduledStopPoint version="1" id="VTR:ScheduledStopPoint:124138">
              <Name>Pagramdai</Name>
            </ScheduledStopPoint>
            <ScheduledStopPoint version="1" id="VTR:ScheduledStopPoint:124139">
              <Name>Opšrūtai II</Name>
            </ScheduledStopPoint>
            <ScheduledStopPoint version="1" id="VTR:ScheduledStopPoint:124140">
              <Name>Opšrūtai</Name>
            </ScheduledStopPoint>
            <ScheduledStopPoint version="1" id="VTR:ScheduledStopPoint:124141">
              <Name>Balčiūnai  II</Name>
            </ScheduledStopPoint>
            <ScheduledStopPoint version="1" id="VTR:ScheduledStopPoint:124142">
              <Name>Gulbiniškiai</Name>
            </ScheduledStopPoint>
            <ScheduledStopPoint version="1" id="VTR:ScheduledStopPoint:124143">
              <Name>Pilviškiai</Name>
            </ScheduledStopPoint>
            <ScheduledStopPoint version="1" id="VTR:ScheduledStopPoint:124144">
              <Name>Pilviškių mokykla</Name>
            </ScheduledStopPoint>
            <ScheduledStopPoint version="1" id="VTR:ScheduledStopPoint:124145">
              <Name>Gel.stotis</Name>
            </ScheduledStopPoint>
          </scheduledStopPoints>
          <serviceLinks>
            <ServiceLink id="VTR:ServiceLink:124142_1_124143_1" version="1">
              <Distance>1</Distance>
              <FromPointRef ref="VTR:ScheduledStopPoint:124142" version="1"/>
              <ToPointRef ref="VTR:ScheduledStopPoint:124143" version="1"/>
            </ServiceLink>
            <ServiceLink id="VTR:ServiceLink:124137_1_124138_1" version="1">
              <Distance>0</Distance>
              <FromPointRef ref="VTR:ScheduledStopPoint:124137" version="1"/>
              <ToPointRef ref="VTR:ScheduledStopPoint:124138" version="1"/>
            </ServiceLink>
            <ServiceLink id="VTR:ServiceLink:124136_1_124137_1" version="1">
              <Distance>3</Distance>
              <FromPointRef ref="VTR:ScheduledStopPoint:124136" version="1"/>
              <ToPointRef ref="VTR:ScheduledStopPoint:124137" version="1"/>
            </ServiceLink>
            <ServiceLink id="VTR:ServiceLink:124144_1_124145_1" version="1">
              <Distance>2</Distance>
              <FromPointRef ref="VTR:ScheduledStopPoint:124144" version="1"/>
              <ToPointRef ref="VTR:ScheduledStopPoint:124145" version="1"/>
            </ServiceLink>
            <ServiceLink id="VTR:ServiceLink:124138_1_124139_1" version="1">
              <Distance>1</Distance>
              <FromPointRef ref="VTR:ScheduledStopPoint:124138" version="1"/>
              <ToPointRef ref="VTR:ScheduledStopPoint:124139" version="1"/>
            </ServiceLink>
            <ServiceLink id="VTR:ServiceLink:124143_1_124144_1" version="1">
              <Distance>0</Distance>
              <FromPointRef ref="VTR:ScheduledStopPoint:124143" version="1"/>
              <ToPointRef ref="VTR:ScheduledStopPoint:124144" version="1"/>
            </ServiceLink>
            <ServiceLink id="VTR:ServiceLink:124140_1_124141_1" version="1">
              <Distance>2</Distance>
              <FromPointRef ref="VTR:ScheduledStopPoint:124140" version="1"/>
              <ToPointRef ref="VTR:ScheduledStopPoint:124141" version="1"/>
            </ServiceLink>
            <ServiceLink id="VTR:ServiceLink:124135_1_124136_1" version="1">
              <Distance>1</Distance>
              <FromPointRef ref="VTR:ScheduledStopPoint:124135" version="1"/>
              <ToPointRef ref="VTR:ScheduledStopPoint:124136" version="1"/>
            </ServiceLink>
            <ServiceLink id="VTR:ServiceLink:124141_1_124142_1" version="1">
              <Distance>2</Distance>
              <FromPointRef ref="VTR:ScheduledStopPoint:124141" version="1"/>
              <ToPointRef ref="VTR:ScheduledStopPoint:124142" version="1"/>
            </ServiceLink>
            <ServiceLink id="VTR:ServiceLink:124139_1_124140_1" version="1">
              <Distance>1</Distance>
              <FromPointRef ref="VTR:ScheduledStopPoint:124139" version="1"/>
              <ToPointRef ref="VTR:ScheduledStopPoint:124140" version="1"/>
            </ServiceLink>
          </serviceLinks>
          <stopAssignments>
            <PassengerStopAssignment order="738800000" id="VTR:PassengerStopAssignment:124135" version="1">
              <ScheduledStopPointRef ref="VTR:ScheduledStopPoint:124135" version="1"/>
              <QuayRef ref="VTR:Quay:19454"/>
            </PassengerStopAssignment>
            <PassengerStopAssignment order="738800001" id="VTR:PassengerStopAssignment:124136" version="1">
              <ScheduledStopPointRef ref="VTR:ScheduledStopPoint:124136" version="1"/>
              <QuayRef ref="VTR:Quay:8875"/>
            </PassengerStopAssignment>
            <PassengerStopAssignment order="738800002" id="VTR:PassengerStopAssignment:124137" version="1">
              <ScheduledStopPointRef ref="VTR:ScheduledStopPoint:124137" version="1"/>
              <QuayRef ref="VTR:Quay:14002"/>
            </PassengerStopAssignment>
            <PassengerStopAssignment order="738800003" id="VTR:PassengerStopAssignment:124138" version="1">
              <ScheduledStopPointRef ref="VTR:ScheduledStopPoint:124138" version="1"/>
              <QuayRef ref="VTR:Quay:12176"/>
            </PassengerStopAssignment>
            <PassengerStopAssignment order="738800004" id="VTR:PassengerStopAssignment:124139" version="1">
              <ScheduledStopPointRef ref="VTR:ScheduledStopPoint:124139" version="1"/>
              <QuayRef ref="VTR:Quay:8539"/>
            </PassengerStopAssignment>
            <PassengerStopAssignment order="738800005" id="VTR:PassengerStopAssignment:124140" version="1">
              <ScheduledStopPointRef ref="VTR:ScheduledStopPoint:124140" version="1"/>
              <QuayRef ref="VTR:Quay:9952"/>
            </PassengerStopAssignment>
            <PassengerStopAssignment order="738800006" id="VTR:PassengerStopAssignment:124141" version="1">
              <ScheduledStopPointRef ref="VTR:ScheduledStopPoint:124141" version="1"/>
              <QuayRef ref="VTR:Quay:9059"/>
            </PassengerStopAssignment>
            <PassengerStopAssignment order="738800007" id="VTR:PassengerStopAssignment:124142" version="1">
              <ScheduledStopPointRef ref="VTR:ScheduledStopPoint:124142" version="1"/>
              <QuayRef ref="VTR:Quay:4670"/>
            </PassengerStopAssignment>
            <PassengerStopAssignment order="738800008" id="VTR:PassengerStopAssignment:124143" version="1">
              <ScheduledStopPointRef ref="VTR:ScheduledStopPoint:124143" version="1"/>
              <QuayRef ref="VTR:Quay:8142"/>
            </PassengerStopAssignment>
            <PassengerStopAssignment order="738800009" id="VTR:PassengerStopAssignment:124144" version="1">
              <ScheduledStopPointRef ref="VTR:ScheduledStopPoint:124144" version="1"/>
              <QuayRef ref="VTR:Quay:20737"/>
            </PassengerStopAssignment>
            <PassengerStopAssignment order="738800010" id="VTR:PassengerStopAssignment:124145" version="1">
              <ScheduledStopPointRef ref="VTR:ScheduledStopPoint:124145" version="1"/>
              <QuayRef ref="VTR:Quay:10000"/>
            </PassengerStopAssignment>
          </stopAssignments>
          <journeyPatterns>
            <JourneyPattern id="VTR:JourneyPattern:57780" version="57838">
              <Name>5</Name>
              <RouteRef ref="VTR:Route:7388" version="1"/>
              <pointsInSequence>
                <StopPointInJourneyPattern id="VTR:StopPointInJourneyPattern:1163942" version="57838" order="1">
                  <ScheduledStopPointRef ref="VTR:ScheduledStopPoint:124135"/>
                  <DestinationDisplayRef ref="VTR:DestinationDisplay:1"/>
                </StopPointInJourneyPattern>
                <StopPointInJourneyPattern id="VTR:StopPointInJourneyPattern:1163943" version="57838" order="2">
                  <ScheduledStopPointRef ref="VTR:ScheduledStopPoint:124136"/>
                  <DestinationDisplayRef ref="VTR:DestinationDisplay:1"/>
                </StopPointInJourneyPattern>
                <StopPointInJourneyPattern id="VTR:StopPointInJourneyPattern:1163944" version="57838" order="3">
                  <ScheduledStopPointRef ref="VTR:ScheduledStopPoint:124137"/>
                  <DestinationDisplayRef ref="VTR:DestinationDisplay:1"/>
                </StopPointInJourneyPattern>
                <StopPointInJourneyPattern id="VTR:StopPointInJourneyPattern:1163945" version="57838" order="4">
                  <ScheduledStopPointRef ref="VTR:ScheduledStopPoint:124138"/>
                  <DestinationDisplayRef ref="VTR:DestinationDisplay:1"/>
                </StopPointInJourneyPattern>
                <StopPointInJourneyPattern id="VTR:StopPointInJourneyPattern:1163946" version="57838" order="5">
                  <ScheduledStopPointRef ref="VTR:ScheduledStopPoint:124139"/>
                  <DestinationDisplayRef ref="VTR:DestinationDisplay:1"/>
                </StopPointInJourneyPattern>
                <StopPointInJourneyPattern id="VTR:StopPointInJourneyPattern:1163947" version="57838" order="6">
                  <ScheduledStopPointRef ref="VTR:ScheduledStopPoint:124140"/>
                  <DestinationDisplayRef ref="VTR:DestinationDisplay:1"/>
                </StopPointInJourneyPattern>
                <StopPointInJourneyPattern id="VTR:StopPointInJourneyPattern:1163948" version="57838" order="7">
                  <ScheduledStopPointRef ref="VTR:ScheduledStopPoint:124141"/>
                  <DestinationDisplayRef ref="VTR:DestinationDisplay:1"/>
                </StopPointInJourneyPattern>
                <StopPointInJourneyPattern id="VTR:StopPointInJourneyPattern:1163949" version="57838" order="8">
                  <ScheduledStopPointRef ref="VTR:ScheduledStopPoint:124142"/>
                  <DestinationDisplayRef ref="VTR:DestinationDisplay:1"/>
                </StopPointInJourneyPattern>
                <StopPointInJourneyPattern id="VTR:StopPointInJourneyPattern:1163950" version="57838" order="9">
                  <ScheduledStopPointRef ref="VTR:ScheduledStopPoint:124143"/>
                  <DestinationDisplayRef ref="VTR:DestinationDisplay:1"/>
                </StopPointInJourneyPattern>
                <StopPointInJourneyPattern id="VTR:StopPointInJourneyPattern:1163951" version="57838" order="10">
                  <ScheduledStopPointRef ref="VTR:ScheduledStopPoint:124144"/>
                  <DestinationDisplayRef ref="VTR:DestinationDisplay:1"/>
                </StopPointInJourneyPattern>
                <StopPointInJourneyPattern id="VTR:StopPointInJourneyPattern:1163952" version="57838" order="11">
                  <ScheduledStopPointRef ref="VTR:ScheduledStopPoint:124145"/>
                  <DestinationDisplayRef ref="VTR:DestinationDisplay:1"/>
                </StopPointInJourneyPattern>
              </pointsInSequence>
            </JourneyPattern>
          </journeyPatterns>
        </ServiceFrame>
        <TimetableFrame version="1" id="VTR:TimetableFrame:1401">
          <vehicleJourneys>
            <ServiceJourney version="57838" id="VTR:ServiceJourney:57780">
              <Name>Vilkaviškis-Pilviškiai-Vilkaviškis</Name>
              <PrivateCode>5</PrivateCode>
              <dayTypes>
                <DayTypeRef ref="VTR:DayType:2971"/>
              </dayTypes>
              <JourneyPatternRef version="57838" ref="VTR:JourneyPattern:57780"/>
              <OperatorRef ref="VTR:Operator:"/>
              <LineRef ref="VTR:Line:2379" version="2419"/>
              <passingTimes>
                <TimetabledPassingTime version="57838" id="VTR:TimetabledPassingTime:57780_1163942_1">
                  <StopPointInJourneyPatternRef ref="VTR:StopPointInJourneyPattern:1163942" version="57838"/>
                  <DepartureTime>07:00:00</DepartureTime>
                  <DepartureDayOffset>0</DepartureDayOffset>
                </TimetabledPassingTime>
                <TimetabledPassingTime version="57838" id="VTR:TimetabledPassingTime:57780_1163943_2">
                  <StopPointInJourneyPatternRef ref="VTR:StopPointInJourneyPattern:1163943" version="57838"/>
                  <DepartureTime>07:05:00</DepartureTime>
                  <DepartureDayOffset>0</DepartureDayOffset>
                </TimetabledPassingTime>
                <TimetabledPassingTime version="57838" id="VTR:TimetabledPassingTime:57780_1163944_3">
                  <StopPointInJourneyPatternRef ref="VTR:StopPointInJourneyPattern:1163944" version="57838"/>
                  <DepartureTime>07:11:00</DepartureTime>
                  <DepartureDayOffset>0</DepartureDayOffset>
                </TimetabledPassingTime>
                <TimetabledPassingTime version="57838" id="VTR:TimetabledPassingTime:57780_1163945_4">
                  <StopPointInJourneyPatternRef ref="VTR:StopPointInJourneyPattern:1163945" version="57838"/>
                  <DepartureTime>07:15:00</DepartureTime>
                  <DepartureDayOffset>0</DepartureDayOffset>
                </TimetabledPassingTime>
                <TimetabledPassingTime version="57838" id="VTR:TimetabledPassingTime:57780_1163946_5">
                  <StopPointInJourneyPatternRef ref="VTR:StopPointInJourneyPattern:1163946" version="57838"/>
                  <DepartureTime>07:19:00</DepartureTime>
                  <DepartureDayOffset>0</DepartureDayOffset>
                </TimetabledPassingTime>
                <TimetabledPassingTime version="57838" id="VTR:TimetabledPassingTime:57780_1163947_6">
                  <StopPointInJourneyPatternRef ref="VTR:StopPointInJourneyPattern:1163947" version="57838"/>
                  <DepartureTime>07:23:00</DepartureTime>
                  <DepartureDayOffset>0</DepartureDayOffset>
                </TimetabledPassingTime>
                <TimetabledPassingTime version="57838" id="VTR:TimetabledPassingTime:57780_1163948_7">
                  <StopPointInJourneyPatternRef ref="VTR:StopPointInJourneyPattern:1163948" version="57838"/>
                  <DepartureTime>07:29:00</DepartureTime>
                  <DepartureDayOffset>0</DepartureDayOffset>
                </TimetabledPassingTime>
                <TimetabledPassingTime version="57838" id="VTR:TimetabledPassingTime:57780_1163949_8">
                  <StopPointInJourneyPatternRef ref="VTR:StopPointInJourneyPattern:1163949" version="57838"/>
                  <DepartureTime>07:35:00</DepartureTime>
                  <DepartureDayOffset>0</DepartureDayOffset>
                </TimetabledPassingTime>
                <TimetabledPassingTime version="57838" id="VTR:TimetabledPassingTime:57780_1163950_9">
                  <StopPointInJourneyPatternRef ref="VTR:StopPointInJourneyPattern:1163950" version="57838"/>
                  <DepartureTime>07:41:00</DepartureTime>
                  <DepartureDayOffset>0</DepartureDayOffset>
                </TimetabledPassingTime>
                <TimetabledPassingTime version="57838" id="VTR:TimetabledPassingTime:57780_1163951_10">
                  <StopPointInJourneyPatternRef ref="VTR:StopPointInJourneyPattern:1163951" version="57838"/>
                  <DepartureTime>07:45:00</DepartureTime>
                  <DepartureDayOffset>0</DepartureDayOffset>
                </TimetabledPassingTime>
                <TimetabledPassingTime version="57838" id="VTR:TimetabledPassingTime:57780_1163952_11">
                  <StopPointInJourneyPatternRef ref="VTR:StopPointInJourneyPattern:1163952" version="57838"/>
                  <DepartureTime>07:50:00</DepartureTime>
                  <DepartureDayOffset>0</DepartureDayOffset>
                </TimetabledPassingTime>
              </passingTimes>
            </ServiceJourney>
          </vehicleJourneys>
        </TimetableFrame>
        <ResourceFrame version="1" id="VTR:ResourceFrame:1401">
          <organisations>
            <Authority version="1" id="VTR:Authority:52">
              <CompanyNumber>39</CompanyNumber>
              <Name>Vilkaviškio r. sav.</Name>
              <LegalName>Vilkaviškio r. sav.</LegalName>
              <ContactDetails>
                <Email>savivaldybe@vilkaviskis.lt</Email>
                <Phone>834260062</Phone>
                <Url>www.vilkaviskis.lt</Url>
              </ContactDetails>
              <OrganisationType>authority</OrganisationType>
            </Authority>
          </organisations>
        </ResourceFrame>
        <FareFrame id="VTR:FareFrame:2379" version="1">
          <FrameDefaults>
            <DefaultCurrency>EUR</DefaultCurrency>
          </FrameDefaults>
          <usageParameters>
            <RoundTrip id="VTR:RoundTrip:single" version="1">
              <Name>Single</Name>
              <TripType>single</TripType>
            </RoundTrip>
            <FrequencyOfUse id="VTR:FrequencyOfUse:once" version="1">
              <Name>Once</Name>
              <MaximalFrequency>1</MaximalFrequency>
            </FrequencyOfUse>
          </usageParameters>
          <priceGroups>
            <PriceGroup id="VTR:PriceGroup:PG01" version="1">
              <Name>Flat Fare Products - Standard</Name>
              <members>
                <FareProductPrice id="VTR:FareProductPrice:standard" version="1">
                  <Name>Single fare</Name>
                  <Amount>0.41</Amount>
                  <Currency>EUR</Currency>
                </FareProductPrice>
              </members>
            </PriceGroup>
          </priceGroups>
        </FareFrame>
      </frames>
    </CompositeFrame>
  </dataObjects>
</PublicationDelivery>
