<?xml version="1.0" encoding="UTF-8"?><PublicationDelivery xmlns="http://www.netex.org.uk/netex" xmlns:gis="http://www.opengis.net/gml/3.2" xmlns:ns2="http://www.opengis.net/gml/3.2" xmlns:ns3="http://www.siri.org.uk/siri" xmlns:xsi="http://www.w3.org/2001/XMLSchema-instance" version="1" xsi:schemaLocation="">
  <PublicationTimestamp>2022-05-07T05:05:00.281</PublicationTimestamp>
  <ParticipantRef>VTR</ParticipantRef>
  <Description>1</Description>
  <dataObjects>
    <CompositeFrame created="2022-05-07T05:05:00.281" version="1" id="VTR:CompositeFrame:1401">
      <validityConditions>
        <AvailabilityCondition version="1" id="VTR:AvailabilityCondition:1401">
          <FromDate>2015-12-23T09:21:52</FromDate>
          <ToDate>2027-12-30T00:00:00</ToDate>
        </AvailabilityCondition>
      </validityConditions>
      <codespaces>
        <Codespace id="vtr">
          <Xmlns>VTR</Xmlns>
          <XmlnsUrl>http://www.visimarsrutai.lt/</XmlnsUrl>
        </Codespace>
      </codespaces>
      <FrameDefaults>
        <DefaultLocale>
          <TimeZone>Europe/Vilnius</TimeZone>
        </DefaultLocale>
        <DefaultLocationSystem>WGS84</DefaultLocationSystem>
      </FrameDefaults>
      <frames>
        <ServiceCalendarFrame version="1" id="VTR:ServiceCalendarFrame:1401">
          <dayTypes>
            <DayType id="VTR:DayType:2901" version="1">
              <properties>
                <PropertyOfDay>
                  <DaysOfWeek>Monday Tuesday Wednesday Thursday Friday</DaysOfWeek>
                </PropertyOfDay>
              </properties>
            </DayType>
          </dayTypes>
          <operatingPeriods>
            <OperatingPeriod version="1" id="VTR:OperatingPeriod:2901">
              <FromDate>2015-11-12T00:00:00</FromDate>
              <ToDate>2020-12-31T00:00:00</ToDate>
            </OperatingPeriod>
          </operatingPeriods>
          <dayTypeAssignments>
            <DayTypeAssignment id="VTR:DayTypeAssignment:2901_0" version="1" order="2229">
              <OperatingPeriodRef ref="VTR:OperatingPeriod:2901" version="1"/>
              <DayTypeRef ref="VTR:DayType:2901" version="1"/>
            </DayTypeAssignment>
          </dayTypeAssignments>
        </ServiceCalendarFrame>
        <ServiceFrame id="VTR:ServiceFrame:1401" version="1">
          <Network version="0" id="VTR:Network:52"/>
          <routePoints>
            <RoutePoint version="1" id="VTR:RoutePoint:129875">
              <projections>
                <PointProjection version="1" id="VTR:PointProjection:38210">
                  <ProjectedPointRef ref="VTR:ScheduledStopPoint:129875" version="1"/>
                </PointProjection>
              </projections>
            </RoutePoint>
            <RoutePoint version="1" id="VTR:RoutePoint:129876">
              <projections>
                <PointProjection version="1" id="VTR:PointProjection:38211">
                  <ProjectedPointRef ref="VTR:ScheduledStopPoint:129876" version="1"/>
                </PointProjection>
              </projections>
            </RoutePoint>
            <RoutePoint version="1" id="VTR:RoutePoint:129877">
              <projections>
                <PointProjection version="1" id="VTR:PointProjection:38218">
                  <ProjectedPointRef ref="VTR:ScheduledStopPoint:129877" version="1"/>
                </PointProjection>
              </projections>
            </RoutePoint>
            <RoutePoint version="1" id="VTR:RoutePoint:129878">
              <projections>
                <PointProjection version="1" id="VTR:PointProjection:38220">
                  <ProjectedPointRef ref="VTR:ScheduledStopPoint:129878" version="1"/>
                </PointProjection>
              </projections>
            </RoutePoint>
            <RoutePoint version="1" id="VTR:RoutePoint:129879">
              <projections>
                <PointProjection version="1" id="VTR:PointProjection:37934">
                  <ProjectedPointRef ref="VTR:ScheduledStopPoint:129879" version="1"/>
                </PointProjection>
              </projections>
            </RoutePoint>
            <RoutePoint version="1" id="VTR:RoutePoint:129880">
              <projections>
                <PointProjection version="1" id="VTR:PointProjection:37935">
                  <ProjectedPointRef ref="VTR:ScheduledStopPoint:129880" version="1"/>
                </PointProjection>
              </projections>
            </RoutePoint>
            <RoutePoint version="1" id="VTR:RoutePoint:129881">
              <projections>
                <PointProjection version="1" id="VTR:PointProjection:37936">
                  <ProjectedPointRef ref="VTR:ScheduledStopPoint:129881" version="1"/>
                </PointProjection>
              </projections>
            </RoutePoint>
            <RoutePoint version="1" id="VTR:RoutePoint:129882">
              <projections>
                <PointProjection version="1" id="VTR:PointProjection:37937">
                  <ProjectedPointRef ref="VTR:ScheduledStopPoint:129882" version="1"/>
                </PointProjection>
              </projections>
            </RoutePoint>
          </routePoints>
          <routes>
            <Route version="1" id="VTR:Route:7913">
              <Name>Kybartai-Matlaukis</Name>
              <ShortName>Kybartai-Matlaukis</ShortName>
              <LineRef ref="VTR:Line:3124" version="3245"/>
              <DirectionType>outbound</DirectionType>
              <pointsInSequence>
                <PointOnRoute version="1" id="VTR:PointOnRoute:129875" order="1">
                  <RoutePointRef ref="VTR:RoutePoint:129875"/>
                </PointOnRoute>
                <PointOnRoute version="1" id="VTR:PointOnRoute:129876" order="2">
                  <RoutePointRef ref="VTR:RoutePoint:129876"/>
                </PointOnRoute>
                <PointOnRoute version="1" id="VTR:PointOnRoute:129877" order="3">
                  <RoutePointRef ref="VTR:RoutePoint:129877"/>
                </PointOnRoute>
                <PointOnRoute version="1" id="VTR:PointOnRoute:129878" order="4">
                  <RoutePointRef ref="VTR:RoutePoint:129878"/>
                </PointOnRoute>
              </pointsInSequence>
            </Route>
            <Route version="1" id="VTR:Route:7914">
              <Name>Matlaukis-Kybartai</Name>
              <ShortName>Matlaukis-Kybartai</ShortName>
              <LineRef ref="VTR:Line:3124" version="3245"/>
              <DirectionType>inbound</DirectionType>
              <pointsInSequence>
                <PointOnRoute version="1" id="VTR:PointOnRoute:129879" order="1">
                  <RoutePointRef ref="VTR:RoutePoint:129879"/>
                </PointOnRoute>
                <PointOnRoute version="1" id="VTR:PointOnRoute:129880" order="2">
                  <RoutePointRef ref="VTR:RoutePoint:129880"/>
                </PointOnRoute>
                <PointOnRoute version="1" id="VTR:PointOnRoute:129881" order="3">
                  <RoutePointRef ref="VTR:RoutePoint:129881"/>
                </PointOnRoute>
                <PointOnRoute version="1" id="VTR:PointOnRoute:129882" order="4">
                  <RoutePointRef ref="VTR:RoutePoint:129882"/>
                </PointOnRoute>
              </pointsInSequence>
            </Route>
          </routes>
          <lines>
            <Line version="3245" id="VTR:Line:3124">
              <Name>Kybartai-Matlaukis</Name>
              <TransportMode>bus</TransportMode>
              <TransportSubmode>
                <BusSubmode>regionalBus</BusSubmode>
              </TransportSubmode>
              <PublicCode>10</PublicCode>
              <OperatorRef ref="VTR:Operator:52"/>
            </Line>
          </lines>
          <scheduledStopPoints>
            <ScheduledStopPoint version="1" id="VTR:ScheduledStopPoint:129875">
              <Name>Kybartų pagrindinė mokykla</Name>
            </ScheduledStopPoint>
            <ScheduledStopPoint version="1" id="VTR:ScheduledStopPoint:129876">
              <Name>AB Vibrantas</Name>
            </ScheduledStopPoint>
            <ScheduledStopPoint version="1" id="VTR:ScheduledStopPoint:129877">
              <Name>Kybeikiai</Name>
            </ScheduledStopPoint>
            <ScheduledStopPoint version="1" id="VTR:ScheduledStopPoint:129878">
              <Name>Matlaukys</Name>
            </ScheduledStopPoint>
            <ScheduledStopPoint version="1" id="VTR:ScheduledStopPoint:129879">
              <Name>Matlaukys</Name>
            </ScheduledStopPoint>
            <ScheduledStopPoint version="1" id="VTR:ScheduledStopPoint:129880">
              <Name>Kybeikiai</Name>
            </ScheduledStopPoint>
            <ScheduledStopPoint version="1" id="VTR:ScheduledStopPoint:129881">
              <Name>AB Vibrantas</Name>
            </ScheduledStopPoint>
            <ScheduledStopPoint version="1" id="VTR:ScheduledStopPoint:129882">
              <Name>Kybartų pagrindinė mokykla</Name>
            </ScheduledStopPoint>
          </scheduledStopPoints>
          <serviceLinks>
            <ServiceLink id="VTR:ServiceLink:129881_1_129882_1" version="1">
              <Distance>1</Distance>
              <FromPointRef ref="VTR:ScheduledStopPoint:129881" version="1"/>
              <ToPointRef ref="VTR:ScheduledStopPoint:129882" version="1"/>
            </ServiceLink>
            <ServiceLink id="VTR:ServiceLink:129877_1_129878_1" version="1">
              <Distance>3</Distance>
              <FromPointRef ref="VTR:ScheduledStopPoint:129877" version="1"/>
              <ToPointRef ref="VTR:ScheduledStopPoint:129878" version="1"/>
            </ServiceLink>
            <ServiceLink id="VTR:ServiceLink:129880_1_129881_1" version="1">
              <Distance>2</Distance>
              <FromPointRef ref="VTR:ScheduledStopPoint:129880" version="1"/>
              <ToPointRef ref="VTR:ScheduledStopPoint:129881" version="1"/>
            </ServiceLink>
            <ServiceLink id="VTR:ServiceLink:129876_1_129877_1" version="1">
              <Distance>2</Distance>
              <FromPointRef ref="VTR:ScheduledStopPoint:129876" version="1"/>
              <ToPointRef ref="VTR:ScheduledStopPoint:129877" version="1"/>
            </ServiceLink>
            <ServiceLink id="VTR:ServiceLink:129875_1_129876_1" version="1">
              <Distance>1</Distance>
              <FromPointRef ref="VTR:ScheduledStopPoint:129875" version="1"/>
              <ToPointRef ref="VTR:ScheduledStopPoint:129876" version="1"/>
            </ServiceLink>
            <ServiceLink id="VTR:ServiceLink:129879_1_129880_1" version="1">
              <Distance>3</Distance>
              <FromPointRef ref="VTR:ScheduledStopPoint:129879" version="1"/>
              <ToPointRef ref="VTR:ScheduledStopPoint:129880" version="1"/>
            </ServiceLink>
          </serviceLinks>
          <stopAssignments>
            <PassengerStopAssignment order="791300000" id="VTR:PassengerStopAssignment:129875" version="1">
              <ScheduledStopPointRef ref="VTR:ScheduledStopPoint:129875" version="1"/>
              <QuayRef ref="VTR:Quay:20774"/>
            </PassengerStopAssignment>
            <PassengerStopAssignment order="791300001" id="VTR:PassengerStopAssignment:129876" version="1">
              <ScheduledStopPointRef ref="VTR:ScheduledStopPoint:129876" version="1"/>
              <QuayRef ref="VTR:Quay:5029"/>
            </PassengerStopAssignment>
            <PassengerStopAssignment order="791300002" id="VTR:PassengerStopAssignment:129877" version="1">
              <ScheduledStopPointRef ref="VTR:ScheduledStopPoint:129877" version="1"/>
              <QuayRef ref="VTR:Quay:10766"/>
            </PassengerStopAssignment>
            <PassengerStopAssignment order="791300003" id="VTR:PassengerStopAssignment:129878" version="1">
              <ScheduledStopPointRef ref="VTR:ScheduledStopPoint:129878" version="1"/>
              <QuayRef ref="VTR:Quay:5595"/>
            </PassengerStopAssignment>
            <PassengerStopAssignment order="791400000" id="VTR:PassengerStopAssignment:129879" version="1">
              <ScheduledStopPointRef ref="VTR:ScheduledStopPoint:129879" version="1"/>
              <QuayRef ref="VTR:Quay:5595"/>
            </PassengerStopAssignment>
            <PassengerStopAssignment order="791400001" id="VTR:PassengerStopAssignment:129880" version="1">
              <ScheduledStopPointRef ref="VTR:ScheduledStopPoint:129880" version="1"/>
              <QuayRef ref="VTR:Quay:10766"/>
            </PassengerStopAssignment>
            <PassengerStopAssignment order="791400002" id="VTR:PassengerStopAssignment:129881" version="1">
              <ScheduledStopPointRef ref="VTR:ScheduledStopPoint:129881" version="1"/>
              <QuayRef ref="VTR:Quay:5029"/>
            </PassengerStopAssignment>
            <PassengerStopAssignment order="791400003" id="VTR:PassengerStopAssignment:129882" version="1">
              <ScheduledStopPointRef ref="VTR:ScheduledStopPoint:129882" version="1"/>
              <QuayRef ref="VTR:Quay:20774"/>
            </PassengerStopAssignment>
          </stopAssignments>
          <journeyPatterns>
            <JourneyPattern id="VTR:JourneyPattern:59592" version="59657">
              <Name>3</Name>
              <RouteRef ref="VTR:Route:7913" version="1"/>
              <pointsInSequence>
                <StopPointInJourneyPattern id="VTR:StopPointInJourneyPattern:1187747" version="59657" order="1">
                  <ScheduledStopPointRef ref="VTR:ScheduledStopPoint:129875"/>
                  <DestinationDisplayRef ref="VTR:DestinationDisplay:1"/>
                </StopPointInJourneyPattern>
                <StopPointInJourneyPattern id="VTR:StopPointInJourneyPattern:1187748" version="59657" order="2">
                  <ScheduledStopPointRef ref="VTR:ScheduledStopPoint:129876"/>
                  <DestinationDisplayRef ref="VTR:DestinationDisplay:1"/>
                </StopPointInJourneyPattern>
                <StopPointInJourneyPattern id="VTR:StopPointInJourneyPattern:1187749" version="59657" order="3">
                  <ScheduledStopPointRef ref="VTR:ScheduledStopPoint:129877"/>
                  <DestinationDisplayRef ref="VTR:DestinationDisplay:1"/>
                </StopPointInJourneyPattern>
                <StopPointInJourneyPattern id="VTR:StopPointInJourneyPattern:1187750" version="59657" order="4">
                  <ScheduledStopPointRef ref="VTR:ScheduledStopPoint:129878"/>
                  <DestinationDisplayRef ref="VTR:DestinationDisplay:1"/>
                </StopPointInJourneyPattern>
              </pointsInSequence>
            </JourneyPattern>
            <JourneyPattern id="VTR:JourneyPattern:59597" version="59662">
              <Name>4</Name>
              <RouteRef ref="VTR:Route:7913" version="1"/>
              <pointsInSequence>
                <StopPointInJourneyPattern id="VTR:StopPointInJourneyPattern:1187767" version="59662" order="1">
                  <ScheduledStopPointRef ref="VTR:ScheduledStopPoint:129875"/>
                  <DestinationDisplayRef ref="VTR:DestinationDisplay:1"/>
                </StopPointInJourneyPattern>
                <StopPointInJourneyPattern id="VTR:StopPointInJourneyPattern:1187768" version="59662" order="2">
                  <ScheduledStopPointRef ref="VTR:ScheduledStopPoint:129876"/>
                  <DestinationDisplayRef ref="VTR:DestinationDisplay:1"/>
                </StopPointInJourneyPattern>
                <StopPointInJourneyPattern id="VTR:StopPointInJourneyPattern:1187769" version="59662" order="3">
                  <ScheduledStopPointRef ref="VTR:ScheduledStopPoint:129877"/>
                  <DestinationDisplayRef ref="VTR:DestinationDisplay:1"/>
                </StopPointInJourneyPattern>
                <StopPointInJourneyPattern id="VTR:StopPointInJourneyPattern:1187770" version="59662" order="4">
                  <ScheduledStopPointRef ref="VTR:ScheduledStopPoint:129878"/>
                  <DestinationDisplayRef ref="VTR:DestinationDisplay:1"/>
                </StopPointInJourneyPattern>
              </pointsInSequence>
            </JourneyPattern>
            <JourneyPattern id="VTR:JourneyPattern:59594" version="59659">
              <Name>63</Name>
              <RouteRef ref="VTR:Route:7914" version="1"/>
              <pointsInSequence>
                <StopPointInJourneyPattern id="VTR:StopPointInJourneyPattern:1187755" version="59659" order="1">
                  <ScheduledStopPointRef ref="VTR:ScheduledStopPoint:129879"/>
                  <DestinationDisplayRef ref="VTR:DestinationDisplay:1"/>
                </StopPointInJourneyPattern>
                <StopPointInJourneyPattern id="VTR:StopPointInJourneyPattern:1187756" version="59659" order="2">
                  <ScheduledStopPointRef ref="VTR:ScheduledStopPoint:129880"/>
                  <DestinationDisplayRef ref="VTR:DestinationDisplay:1"/>
                </StopPointInJourneyPattern>
                <StopPointInJourneyPattern id="VTR:StopPointInJourneyPattern:1187757" version="59659" order="3">
                  <ScheduledStopPointRef ref="VTR:ScheduledStopPoint:129881"/>
                  <DestinationDisplayRef ref="VTR:DestinationDisplay:1"/>
                </StopPointInJourneyPattern>
                <StopPointInJourneyPattern id="VTR:StopPointInJourneyPattern:1187758" version="59659" order="4">
                  <ScheduledStopPointRef ref="VTR:ScheduledStopPoint:129882"/>
                  <DestinationDisplayRef ref="VTR:DestinationDisplay:1"/>
                </StopPointInJourneyPattern>
              </pointsInSequence>
            </JourneyPattern>
            <JourneyPattern id="VTR:JourneyPattern:59595" version="59660">
              <Name>3</Name>
              <RouteRef ref="VTR:Route:7914" version="1"/>
              <pointsInSequence>
                <StopPointInJourneyPattern id="VTR:StopPointInJourneyPattern:1187759" version="59660" order="1">
                  <ScheduledStopPointRef ref="VTR:ScheduledStopPoint:129879"/>
                  <DestinationDisplayRef ref="VTR:DestinationDisplay:1"/>
                </StopPointInJourneyPattern>
                <StopPointInJourneyPattern id="VTR:StopPointInJourneyPattern:1187760" version="59660" order="2">
                  <ScheduledStopPointRef ref="VTR:ScheduledStopPoint:129880"/>
                  <DestinationDisplayRef ref="VTR:DestinationDisplay:1"/>
                </StopPointInJourneyPattern>
                <StopPointInJourneyPattern id="VTR:StopPointInJourneyPattern:1187761" version="59660" order="3">
                  <ScheduledStopPointRef ref="VTR:ScheduledStopPoint:129881"/>
                  <DestinationDisplayRef ref="VTR:DestinationDisplay:1"/>
                </StopPointInJourneyPattern>
                <StopPointInJourneyPattern id="VTR:StopPointInJourneyPattern:1187762" version="59660" order="4">
                  <ScheduledStopPointRef ref="VTR:ScheduledStopPoint:129882"/>
                  <DestinationDisplayRef ref="VTR:DestinationDisplay:1"/>
                </StopPointInJourneyPattern>
              </pointsInSequence>
            </JourneyPattern>
            <JourneyPattern id="VTR:JourneyPattern:59591" version="59656">
              <Name>2</Name>
              <RouteRef ref="VTR:Route:7913" version="1"/>
              <pointsInSequence>
                <StopPointInJourneyPattern id="VTR:StopPointInJourneyPattern:1187743" version="59656" order="1">
                  <ScheduledStopPointRef ref="VTR:ScheduledStopPoint:129875"/>
                  <DestinationDisplayRef ref="VTR:DestinationDisplay:1"/>
                </StopPointInJourneyPattern>
                <StopPointInJourneyPattern id="VTR:StopPointInJourneyPattern:1187744" version="59656" order="2">
                  <ScheduledStopPointRef ref="VTR:ScheduledStopPoint:129876"/>
                  <DestinationDisplayRef ref="VTR:DestinationDisplay:1"/>
                </StopPointInJourneyPattern>
                <StopPointInJourneyPattern id="VTR:StopPointInJourneyPattern:1187745" version="59656" order="3">
                  <ScheduledStopPointRef ref="VTR:ScheduledStopPoint:129877"/>
                  <DestinationDisplayRef ref="VTR:DestinationDisplay:1"/>
                </StopPointInJourneyPattern>
                <StopPointInJourneyPattern id="VTR:StopPointInJourneyPattern:1187746" version="59656" order="4">
                  <ScheduledStopPointRef ref="VTR:ScheduledStopPoint:129878"/>
                  <DestinationDisplayRef ref="VTR:DestinationDisplay:1"/>
                </StopPointInJourneyPattern>
              </pointsInSequence>
            </JourneyPattern>
            <JourneyPattern id="VTR:JourneyPattern:59590" version="59655">
              <Name>1</Name>
              <RouteRef ref="VTR:Route:7913" version="1"/>
              <pointsInSequence>
                <StopPointInJourneyPattern id="VTR:StopPointInJourneyPattern:1187739" version="59655" order="1">
                  <ScheduledStopPointRef ref="VTR:ScheduledStopPoint:129875"/>
                  <DestinationDisplayRef ref="VTR:DestinationDisplay:1"/>
                </StopPointInJourneyPattern>
                <StopPointInJourneyPattern id="VTR:StopPointInJourneyPattern:1187740" version="59655" order="2">
                  <ScheduledStopPointRef ref="VTR:ScheduledStopPoint:129876"/>
                  <DestinationDisplayRef ref="VTR:DestinationDisplay:1"/>
                </StopPointInJourneyPattern>
                <StopPointInJourneyPattern id="VTR:StopPointInJourneyPattern:1187741" version="59655" order="3">
                  <ScheduledStopPointRef ref="VTR:ScheduledStopPoint:129877"/>
                  <DestinationDisplayRef ref="VTR:DestinationDisplay:1"/>
                </StopPointInJourneyPattern>
                <StopPointInJourneyPattern id="VTR:StopPointInJourneyPattern:1187742" version="59655" order="4">
                  <ScheduledStopPointRef ref="VTR:ScheduledStopPoint:129878"/>
                  <DestinationDisplayRef ref="VTR:DestinationDisplay:1"/>
                </StopPointInJourneyPattern>
              </pointsInSequence>
            </JourneyPattern>
            <JourneyPattern id="VTR:JourneyPattern:59596" version="59661">
              <Name>4</Name>
              <RouteRef ref="VTR:Route:7914" version="1"/>
              <pointsInSequence>
                <StopPointInJourneyPattern id="VTR:StopPointInJourneyPattern:1187763" version="59661" order="1">
                  <ScheduledStopPointRef ref="VTR:ScheduledStopPoint:129879"/>
                  <DestinationDisplayRef ref="VTR:DestinationDisplay:1"/>
                </StopPointInJourneyPattern>
                <StopPointInJourneyPattern id="VTR:StopPointInJourneyPattern:1187764" version="59661" order="2">
                  <ScheduledStopPointRef ref="VTR:ScheduledStopPoint:129880"/>
                  <DestinationDisplayRef ref="VTR:DestinationDisplay:1"/>
                </StopPointInJourneyPattern>
                <StopPointInJourneyPattern id="VTR:StopPointInJourneyPattern:1187765" version="59661" order="3">
                  <ScheduledStopPointRef ref="VTR:ScheduledStopPoint:129881"/>
                  <DestinationDisplayRef ref="VTR:DestinationDisplay:1"/>
                </StopPointInJourneyPattern>
                <StopPointInJourneyPattern id="VTR:StopPointInJourneyPattern:1187766" version="59661" order="4">
                  <ScheduledStopPointRef ref="VTR:ScheduledStopPoint:129882"/>
                  <DestinationDisplayRef ref="VTR:DestinationDisplay:1"/>
                </StopPointInJourneyPattern>
              </pointsInSequence>
            </JourneyPattern>
            <JourneyPattern id="VTR:JourneyPattern:59593" version="59658">
              <Name>1</Name>
              <RouteRef ref="VTR:Route:7914" version="1"/>
              <pointsInSequence>
                <StopPointInJourneyPattern id="VTR:StopPointInJourneyPattern:1187751" version="59658" order="1">
                  <ScheduledStopPointRef ref="VTR:ScheduledStopPoint:129879"/>
                  <DestinationDisplayRef ref="VTR:DestinationDisplay:1"/>
                </StopPointInJourneyPattern>
                <StopPointInJourneyPattern id="VTR:StopPointInJourneyPattern:1187752" version="59658" order="2">
                  <ScheduledStopPointRef ref="VTR:ScheduledStopPoint:129880"/>
                  <DestinationDisplayRef ref="VTR:DestinationDisplay:1"/>
                </StopPointInJourneyPattern>
                <StopPointInJourneyPattern id="VTR:StopPointInJourneyPattern:1187753" version="59658" order="3">
                  <ScheduledStopPointRef ref="VTR:ScheduledStopPoint:129881"/>
                  <DestinationDisplayRef ref="VTR:DestinationDisplay:1"/>
                </StopPointInJourneyPattern>
                <StopPointInJourneyPattern id="VTR:StopPointInJourneyPattern:1187754" version="59658" order="4">
                  <ScheduledStopPointRef ref="VTR:ScheduledStopPoint:129882"/>
                  <DestinationDisplayRef ref="VTR:DestinationDisplay:1"/>
                </StopPointInJourneyPattern>
              </pointsInSequence>
            </JourneyPattern>
          </journeyPatterns>
        </ServiceFrame>
        <TimetableFrame version="1" id="VTR:TimetableFrame:1401">
          <vehicleJourneys>
            <ServiceJourney version="59660" id="VTR:ServiceJourney:59595">
              <Name>Matlaukis-Kybartai</Name>
              <PrivateCode>3</PrivateCode>
              <dayTypes>
                <DayTypeRef ref="VTR:DayType:2901"/>
              </dayTypes>
              <JourneyPatternRef version="59660" ref="VTR:JourneyPattern:59595"/>
              <OperatorRef ref="VTR:Operator:"/>
              <LineRef ref="VTR:Line:3124" version="3245"/>
              <passingTimes>
                <TimetabledPassingTime version="59660" id="VTR:TimetabledPassingTime:59595_1187759_1">
                  <StopPointInJourneyPatternRef ref="VTR:StopPointInJourneyPattern:1187759" version="59660"/>
                  <DepartureTime>14:35:00</DepartureTime>
                  <DepartureDayOffset>0</DepartureDayOffset>
                </TimetabledPassingTime>
                <TimetabledPassingTime version="59660" id="VTR:TimetabledPassingTime:59595_1187760_2">
                  <StopPointInJourneyPatternRef ref="VTR:StopPointInJourneyPattern:1187760" version="59660"/>
                  <DepartureTime>14:45:00</DepartureTime>
                  <DepartureDayOffset>0</DepartureDayOffset>
                </TimetabledPassingTime>
                <TimetabledPassingTime version="59660" id="VTR:TimetabledPassingTime:59595_1187761_3">
                  <StopPointInJourneyPatternRef ref="VTR:StopPointInJourneyPattern:1187761" version="59660"/>
                  <DepartureTime>14:53:00</DepartureTime>
                  <DepartureDayOffset>0</DepartureDayOffset>
                </TimetabledPassingTime>
                <TimetabledPassingTime version="59660" id="VTR:TimetabledPassingTime:59595_1187762_4">
                  <StopPointInJourneyPatternRef ref="VTR:StopPointInJourneyPattern:1187762" version="59660"/>
                  <DepartureTime>14:59:00</DepartureTime>
                  <DepartureDayOffset>0</DepartureDayOffset>
                </TimetabledPassingTime>
              </passingTimes>
            </ServiceJourney>
            <ServiceJourney version="59659" id="VTR:ServiceJourney:59594">
              <Name>Matlaukis-Kybartai</Name>
              <PrivateCode>63</PrivateCode>
              <dayTypes>
                <DayTypeRef ref="VTR:DayType:2901"/>
              </dayTypes>
              <JourneyPatternRef version="59659" ref="VTR:JourneyPattern:59594"/>
              <OperatorRef ref="VTR:Operator:"/>
              <LineRef ref="VTR:Line:3124" version="3245"/>
              <passingTimes>
                <TimetabledPassingTime version="59659" id="VTR:TimetabledPassingTime:59594_1187755_1">
                  <StopPointInJourneyPatternRef ref="VTR:StopPointInJourneyPattern:1187755" version="59659"/>
                  <DepartureTime>13:35:00</DepartureTime>
                  <DepartureDayOffset>0</DepartureDayOffset>
                </TimetabledPassingTime>
                <TimetabledPassingTime version="59659" id="VTR:TimetabledPassingTime:59594_1187756_2">
                  <StopPointInJourneyPatternRef ref="VTR:StopPointInJourneyPattern:1187756" version="59659"/>
                  <DepartureTime>13:45:00</DepartureTime>
                  <DepartureDayOffset>0</DepartureDayOffset>
                </TimetabledPassingTime>
                <TimetabledPassingTime version="59659" id="VTR:TimetabledPassingTime:59594_1187757_3">
                  <StopPointInJourneyPatternRef ref="VTR:StopPointInJourneyPattern:1187757" version="59659"/>
                  <DepartureTime>13:53:00</DepartureTime>
                  <DepartureDayOffset>0</DepartureDayOffset>
                </TimetabledPassingTime>
                <TimetabledPassingTime version="59659" id="VTR:TimetabledPassingTime:59594_1187758_4">
                  <StopPointInJourneyPatternRef ref="VTR:StopPointInJourneyPattern:1187758" version="59659"/>
                  <DepartureTime>13:59:00</DepartureTime>
                  <DepartureDayOffset>0</DepartureDayOffset>
                </TimetabledPassingTime>
              </passingTimes>
            </ServiceJourney>
            <ServiceJourney version="59657" id="VTR:ServiceJourney:59592">
              <Name>Kybartai-Matlaukis</Name>
              <PrivateCode>3</PrivateCode>
              <dayTypes>
                <DayTypeRef ref="VTR:DayType:2901"/>
              </dayTypes>
              <JourneyPatternRef version="59657" ref="VTR:JourneyPattern:59592"/>
              <OperatorRef ref="VTR:Operator:"/>
              <LineRef ref="VTR:Line:3124" version="3245"/>
              <passingTimes>
                <TimetabledPassingTime version="59657" id="VTR:TimetabledPassingTime:59592_1187747_1">
                  <StopPointInJourneyPatternRef ref="VTR:StopPointInJourneyPattern:1187747" version="59657"/>
                  <DepartureTime>15:50:00</DepartureTime>
                  <DepartureDayOffset>0</DepartureDayOffset>
                </TimetabledPassingTime>
                <TimetabledPassingTime version="59657" id="VTR:TimetabledPassingTime:59592_1187748_2">
                  <StopPointInJourneyPatternRef ref="VTR:StopPointInJourneyPattern:1187748" version="59657"/>
                  <DepartureTime>15:56:00</DepartureTime>
                  <DepartureDayOffset>0</DepartureDayOffset>
                </TimetabledPassingTime>
                <TimetabledPassingTime version="59657" id="VTR:TimetabledPassingTime:59592_1187749_3">
                  <StopPointInJourneyPatternRef ref="VTR:StopPointInJourneyPattern:1187749" version="59657"/>
                  <DepartureTime>16:04:00</DepartureTime>
                  <DepartureDayOffset>0</DepartureDayOffset>
                </TimetabledPassingTime>
                <TimetabledPassingTime version="59657" id="VTR:TimetabledPassingTime:59592_1187750_4">
                  <StopPointInJourneyPatternRef ref="VTR:StopPointInJourneyPattern:1187750" version="59657"/>
                  <DepartureTime>16:10:00</DepartureTime>
                  <DepartureDayOffset>0</DepartureDayOffset>
                </TimetabledPassingTime>
              </passingTimes>
            </ServiceJourney>
            <ServiceJourney version="59655" id="VTR:ServiceJourney:59590">
              <Name>Kybartai-Matlaukis</Name>
              <PrivateCode>1</PrivateCode>
              <dayTypes>
                <DayTypeRef ref="VTR:DayType:2901"/>
              </dayTypes>
              <JourneyPatternRef version="59655" ref="VTR:JourneyPattern:59590"/>
              <OperatorRef ref="VTR:Operator:"/>
              <LineRef ref="VTR:Line:3124" version="3245"/>
              <passingTimes>
                <TimetabledPassingTime version="59655" id="VTR:TimetabledPassingTime:59590_1187739_1">
                  <StopPointInJourneyPatternRef ref="VTR:StopPointInJourneyPattern:1187739" version="59655"/>
                  <DepartureTime>07:20:00</DepartureTime>
                  <DepartureDayOffset>0</DepartureDayOffset>
                </TimetabledPassingTime>
                <TimetabledPassingTime version="59655" id="VTR:TimetabledPassingTime:59590_1187740_2">
                  <StopPointInJourneyPatternRef ref="VTR:StopPointInJourneyPattern:1187740" version="59655"/>
                  <DepartureTime>07:26:00</DepartureTime>
                  <DepartureDayOffset>0</DepartureDayOffset>
                </TimetabledPassingTime>
                <TimetabledPassingTime version="59655" id="VTR:TimetabledPassingTime:59590_1187741_3">
                  <StopPointInJourneyPatternRef ref="VTR:StopPointInJourneyPattern:1187741" version="59655"/>
                  <DepartureTime>07:34:00</DepartureTime>
                  <DepartureDayOffset>0</DepartureDayOffset>
                </TimetabledPassingTime>
                <TimetabledPassingTime version="59655" id="VTR:TimetabledPassingTime:59590_1187742_4">
                  <StopPointInJourneyPatternRef ref="VTR:StopPointInJourneyPattern:1187742" version="59655"/>
                  <DepartureTime>07:40:00</DepartureTime>
                  <DepartureDayOffset>0</DepartureDayOffset>
                </TimetabledPassingTime>
              </passingTimes>
            </ServiceJourney>
            <ServiceJourney version="59662" id="VTR:ServiceJourney:59597">
              <Name>Kybartai-Matlaukis</Name>
              <PrivateCode>4</PrivateCode>
              <dayTypes>
                <DayTypeRef ref="VTR:DayType:2901"/>
              </dayTypes>
              <JourneyPatternRef version="59662" ref="VTR:JourneyPattern:59597"/>
              <OperatorRef ref="VTR:Operator:"/>
              <LineRef ref="VTR:Line:3124" version="3245"/>
              <passingTimes>
                <TimetabledPassingTime version="59662" id="VTR:TimetabledPassingTime:59597_1187767_1">
                  <StopPointInJourneyPatternRef ref="VTR:StopPointInJourneyPattern:1187767" version="59662"/>
                  <DepartureTime>16:05:00</DepartureTime>
                  <DepartureDayOffset>0</DepartureDayOffset>
                </TimetabledPassingTime>
                <TimetabledPassingTime version="59662" id="VTR:TimetabledPassingTime:59597_1187768_2">
                  <StopPointInJourneyPatternRef ref="VTR:StopPointInJourneyPattern:1187768" version="59662"/>
                  <DepartureTime>16:11:00</DepartureTime>
                  <DepartureDayOffset>0</DepartureDayOffset>
                </TimetabledPassingTime>
                <TimetabledPassingTime version="59662" id="VTR:TimetabledPassingTime:59597_1187769_3">
                  <StopPointInJourneyPatternRef ref="VTR:StopPointInJourneyPattern:1187769" version="59662"/>
                  <DepartureTime>16:19:00</DepartureTime>
                  <DepartureDayOffset>0</DepartureDayOffset>
                </TimetabledPassingTime>
                <TimetabledPassingTime version="59662" id="VTR:TimetabledPassingTime:59597_1187770_4">
                  <StopPointInJourneyPatternRef ref="VTR:StopPointInJourneyPattern:1187770" version="59662"/>
                  <DepartureTime>16:25:00</DepartureTime>
                  <DepartureDayOffset>0</DepartureDayOffset>
                </TimetabledPassingTime>
              </passingTimes>
            </ServiceJourney>
            <ServiceJourney version="59661" id="VTR:ServiceJourney:59596">
              <Name>Matlaukis-Kybartai</Name>
              <PrivateCode>4</PrivateCode>
              <dayTypes>
                <DayTypeRef ref="VTR:DayType:2901"/>
              </dayTypes>
              <JourneyPatternRef version="59661" ref="VTR:JourneyPattern:59596"/>
              <OperatorRef ref="VTR:Operator:"/>
              <LineRef ref="VTR:Line:3124" version="3245"/>
              <passingTimes>
                <TimetabledPassingTime version="59661" id="VTR:TimetabledPassingTime:59596_1187763_1">
                  <StopPointInJourneyPatternRef ref="VTR:StopPointInJourneyPattern:1187763" version="59661"/>
                  <DepartureTime>16:10:00</DepartureTime>
                  <DepartureDayOffset>0</DepartureDayOffset>
                </TimetabledPassingTime>
                <TimetabledPassingTime version="59661" id="VTR:TimetabledPassingTime:59596_1187764_2">
                  <StopPointInJourneyPatternRef ref="VTR:StopPointInJourneyPattern:1187764" version="59661"/>
                  <DepartureTime>16:20:00</DepartureTime>
                  <DepartureDayOffset>0</DepartureDayOffset>
                </TimetabledPassingTime>
                <TimetabledPassingTime version="59661" id="VTR:TimetabledPassingTime:59596_1187765_3">
                  <StopPointInJourneyPatternRef ref="VTR:StopPointInJourneyPattern:1187765" version="59661"/>
                  <DepartureTime>16:28:00</DepartureTime>
                  <DepartureDayOffset>0</DepartureDayOffset>
                </TimetabledPassingTime>
                <TimetabledPassingTime version="59661" id="VTR:TimetabledPassingTime:59596_1187766_4">
                  <StopPointInJourneyPatternRef ref="VTR:StopPointInJourneyPattern:1187766" version="59661"/>
                  <DepartureTime>16:34:00</DepartureTime>
                  <DepartureDayOffset>0</DepartureDayOffset>
                </TimetabledPassingTime>
              </passingTimes>
            </ServiceJourney>
            <ServiceJourney version="59658" id="VTR:ServiceJourney:59593">
              <Name>Matlaukis-Kybartai</Name>
              <PrivateCode>1</PrivateCode>
              <dayTypes>
                <DayTypeRef ref="VTR:DayType:2901"/>
              </dayTypes>
              <JourneyPatternRef version="59658" ref="VTR:JourneyPattern:59593"/>
              <OperatorRef ref="VTR:Operator:"/>
              <LineRef ref="VTR:Line:3124" version="3245"/>
              <passingTimes>
                <TimetabledPassingTime version="59658" id="VTR:TimetabledPassingTime:59593_1187751_1">
                  <StopPointInJourneyPatternRef ref="VTR:StopPointInJourneyPattern:1187751" version="59658"/>
                  <DepartureTime>07:30:00</DepartureTime>
                  <DepartureDayOffset>0</DepartureDayOffset>
                </TimetabledPassingTime>
                <TimetabledPassingTime version="59658" id="VTR:TimetabledPassingTime:59593_1187752_2">
                  <StopPointInJourneyPatternRef ref="VTR:StopPointInJourneyPattern:1187752" version="59658"/>
                  <DepartureTime>07:40:00</DepartureTime>
                  <DepartureDayOffset>0</DepartureDayOffset>
                </TimetabledPassingTime>
                <TimetabledPassingTime version="59658" id="VTR:TimetabledPassingTime:59593_1187753_3">
                  <StopPointInJourneyPatternRef ref="VTR:StopPointInJourneyPattern:1187753" version="59658"/>
                  <DepartureTime>07:48:00</DepartureTime>
                  <DepartureDayOffset>0</DepartureDayOffset>
                </TimetabledPassingTime>
                <TimetabledPassingTime version="59658" id="VTR:TimetabledPassingTime:59593_1187754_4">
                  <StopPointInJourneyPatternRef ref="VTR:StopPointInJourneyPattern:1187754" version="59658"/>
                  <DepartureTime>07:54:00</DepartureTime>
                  <DepartureDayOffset>0</DepartureDayOffset>
                </TimetabledPassingTime>
              </passingTimes>
            </ServiceJourney>
            <ServiceJourney version="59656" id="VTR:ServiceJourney:59591">
              <Name>Kybartai-Matlaukis</Name>
              <PrivateCode>2</PrivateCode>
              <dayTypes>
                <DayTypeRef ref="VTR:DayType:2901"/>
              </dayTypes>
              <JourneyPatternRef version="59656" ref="VTR:JourneyPattern:59591"/>
              <OperatorRef ref="VTR:Operator:"/>
              <LineRef ref="VTR:Line:3124" version="3245"/>
              <passingTimes>
                <TimetabledPassingTime version="59656" id="VTR:TimetabledPassingTime:59591_1187743_1">
                  <StopPointInJourneyPatternRef ref="VTR:StopPointInJourneyPattern:1187743" version="59656"/>
                  <DepartureTime>13:15:00</DepartureTime>
                  <DepartureDayOffset>0</DepartureDayOffset>
                </TimetabledPassingTime>
                <TimetabledPassingTime version="59656" id="VTR:TimetabledPassingTime:59591_1187744_2">
                  <StopPointInJourneyPatternRef ref="VTR:StopPointInJourneyPattern:1187744" version="59656"/>
                  <DepartureTime>13:21:00</DepartureTime>
                  <DepartureDayOffset>0</DepartureDayOffset>
                </TimetabledPassingTime>
                <TimetabledPassingTime version="59656" id="VTR:TimetabledPassingTime:59591_1187745_3">
                  <StopPointInJourneyPatternRef ref="VTR:StopPointInJourneyPattern:1187745" version="59656"/>
                  <DepartureTime>13:29:00</DepartureTime>
                  <DepartureDayOffset>0</DepartureDayOffset>
                </TimetabledPassingTime>
                <TimetabledPassingTime version="59656" id="VTR:TimetabledPassingTime:59591_1187746_4">
                  <StopPointInJourneyPatternRef ref="VTR:StopPointInJourneyPattern:1187746" version="59656"/>
                  <DepartureTime>13:35:00</DepartureTime>
                  <DepartureDayOffset>0</DepartureDayOffset>
                </TimetabledPassingTime>
              </passingTimes>
            </ServiceJourney>
          </vehicleJourneys>
        </TimetableFrame>
        <ResourceFrame version="1" id="VTR:ResourceFrame:1401">
          <organisations>
            <Authority version="1" id="VTR:Authority:52">
              <CompanyNumber>39</CompanyNumber>
              <Name>Vilkaviškio r. sav.</Name>
              <LegalName>Vilkaviškio r. sav.</LegalName>
              <ContactDetails>
                <Email>savivaldybe@vilkaviskis.lt</Email>
                <Phone>834260062</Phone>
                <Url>www.vilkaviskis.lt</Url>
              </ContactDetails>
              <OrganisationType>authority</OrganisationType>
            </Authority>
          </organisations>
        </ResourceFrame>
        <FareFrame id="VTR:FareFrame:3124" version="1">
          <FrameDefaults>
            <DefaultCurrency>EUR</DefaultCurrency>
          </FrameDefaults>
          <usageParameters>
            <RoundTrip id="VTR:RoundTrip:single" version="1">
              <Name>Single</Name>
              <TripType>single</TripType>
            </RoundTrip>
            <FrequencyOfUse id="VTR:FrequencyOfUse:once" version="1">
              <Name>Once</Name>
              <MaximalFrequency>1</MaximalFrequency>
            </FrequencyOfUse>
          </usageParameters>
          <priceGroups>
            <PriceGroup id="VTR:PriceGroup:PG01" version="1">
              <Name>Flat Fare Products - Standard</Name>
              <members>
                <FareProductPrice id="VTR:FareProductPrice:standard" version="1">
                  <Name>Single fare</Name>
                  <Amount>0.41</Amount>
                  <Currency>EUR</Currency>
                </FareProductPrice>
              </members>
            </PriceGroup>
          </priceGroups>
        </FareFrame>
      </frames>
    </CompositeFrame>
  </dataObjects>
</PublicationDelivery>
