<?xml version="1.0" encoding="UTF-8"?><PublicationDelivery xmlns="http://www.netex.org.uk/netex" xmlns:gis="http://www.opengis.net/gml/3.2" xmlns:ns2="http://www.opengis.net/gml/3.2" xmlns:ns3="http://www.siri.org.uk/siri" xmlns:xsi="http://www.w3.org/2001/XMLSchema-instance" version="1" xsi:schemaLocation="">
  <PublicationTimestamp>2022-05-07T05:05:00.281</PublicationTimestamp>
  <ParticipantRef>VTR</ParticipantRef>
  <Description>1</Description>
  <dataObjects>
    <CompositeFrame created="2022-05-07T05:05:00.281" version="1" id="VTR:CompositeFrame:1401">
      <validityConditions>
        <AvailabilityCondition version="1" id="VTR:AvailabilityCondition:1401">
          <FromDate>2015-07-22T16:02:17</FromDate>
          <ToDate>2027-12-30T00:00:00</ToDate>
        </AvailabilityCondition>
      </validityConditions>
      <codespaces>
        <Codespace id="vtr">
          <Xmlns>VTR</Xmlns>
          <XmlnsUrl>http://www.visimarsrutai.lt/</XmlnsUrl>
        </Codespace>
      </codespaces>
      <FrameDefaults>
        <DefaultLocale>
          <TimeZone>Europe/Vilnius</TimeZone>
        </DefaultLocale>
        <DefaultLocationSystem>WGS84</DefaultLocationSystem>
      </FrameDefaults>
      <frames>
        <ServiceCalendarFrame version="1" id="VTR:ServiceCalendarFrame:1401">
          <dayTypes>
            <DayType id="VTR:DayType:2901" version="1">
              <properties>
                <PropertyOfDay>
                  <DaysOfWeek>Monday Tuesday Wednesday Thursday Friday</DaysOfWeek>
                </PropertyOfDay>
              </properties>
            </DayType>
            <DayType id="VTR:DayType:2940" version="1">
              <properties>
                <PropertyOfDay>
                  <DaysOfWeek>Monday Tuesday Wednesday Thursday Friday</DaysOfWeek>
                </PropertyOfDay>
              </properties>
            </DayType>
          </dayTypes>
          <operatingPeriods>
            <OperatingPeriod version="1" id="VTR:OperatingPeriod:2901">
              <FromDate>2015-11-12T00:00:00</FromDate>
              <ToDate>2020-12-31T00:00:00</ToDate>
            </OperatingPeriod>
            <OperatingPeriod version="1" id="VTR:OperatingPeriod:2940">
              <FromDate>2015-11-12T00:00:00</FromDate>
              <ToDate>2020-12-31T00:00:00</ToDate>
            </OperatingPeriod>
          </operatingPeriods>
          <dayTypeAssignments>
            <DayTypeAssignment id="VTR:DayTypeAssignment:2901_0" version="1" order="2225">
              <OperatingPeriodRef ref="VTR:OperatingPeriod:2901" version="1"/>
              <DayTypeRef ref="VTR:DayType:2901" version="1"/>
            </DayTypeAssignment>
            <DayTypeAssignment id="VTR:DayTypeAssignment:2940_0" version="1" order="2280">
              <OperatingPeriodRef ref="VTR:OperatingPeriod:2940" version="1"/>
              <DayTypeRef ref="VTR:DayType:2940" version="1"/>
            </DayTypeAssignment>
          </dayTypeAssignments>
        </ServiceCalendarFrame>
        <ServiceFrame id="VTR:ServiceFrame:1401" version="1">
          <Network version="0" id="VTR:Network:52"/>
          <routePoints>
            <RoutePoint version="1" id="VTR:RoutePoint:121324">
              <projections>
                <PointProjection version="1" id="VTR:PointProjection:35936">
                  <ProjectedPointRef ref="VTR:ScheduledStopPoint:121324" version="1"/>
                </PointProjection>
              </projections>
            </RoutePoint>
            <RoutePoint version="1" id="VTR:RoutePoint:121325">
              <projections>
                <PointProjection version="1" id="VTR:PointProjection:35937">
                  <ProjectedPointRef ref="VTR:ScheduledStopPoint:121325" version="1"/>
                </PointProjection>
              </projections>
            </RoutePoint>
            <RoutePoint version="1" id="VTR:RoutePoint:121326">
              <projections>
                <PointProjection version="1" id="VTR:PointProjection:35938">
                  <ProjectedPointRef ref="VTR:ScheduledStopPoint:121326" version="1"/>
                </PointProjection>
              </projections>
            </RoutePoint>
            <RoutePoint version="1" id="VTR:RoutePoint:121327">
              <projections>
                <PointProjection version="1" id="VTR:PointProjection:35939">
                  <ProjectedPointRef ref="VTR:ScheduledStopPoint:121327" version="1"/>
                </PointProjection>
              </projections>
            </RoutePoint>
            <RoutePoint version="1" id="VTR:RoutePoint:121328">
              <projections>
                <PointProjection version="1" id="VTR:PointProjection:35941">
                  <ProjectedPointRef ref="VTR:ScheduledStopPoint:121328" version="1"/>
                </PointProjection>
              </projections>
            </RoutePoint>
            <RoutePoint version="1" id="VTR:RoutePoint:121329">
              <projections>
                <PointProjection version="1" id="VTR:PointProjection:35942">
                  <ProjectedPointRef ref="VTR:ScheduledStopPoint:121329" version="1"/>
                </PointProjection>
              </projections>
            </RoutePoint>
            <RoutePoint version="1" id="VTR:RoutePoint:121330">
              <projections>
                <PointProjection version="1" id="VTR:PointProjection:35943">
                  <ProjectedPointRef ref="VTR:ScheduledStopPoint:121330" version="1"/>
                </PointProjection>
              </projections>
            </RoutePoint>
            <RoutePoint version="1" id="VTR:RoutePoint:121331">
              <projections>
                <PointProjection version="1" id="VTR:PointProjection:35944">
                  <ProjectedPointRef ref="VTR:ScheduledStopPoint:121331" version="1"/>
                </PointProjection>
              </projections>
            </RoutePoint>
            <RoutePoint version="1" id="VTR:RoutePoint:127616">
              <projections>
                <PointProjection version="1" id="VTR:PointProjection:37903">
                  <ProjectedPointRef ref="VTR:ScheduledStopPoint:127616" version="1"/>
                </PointProjection>
              </projections>
            </RoutePoint>
            <RoutePoint version="1" id="VTR:RoutePoint:127617">
              <projections>
                <PointProjection version="1" id="VTR:PointProjection:37904">
                  <ProjectedPointRef ref="VTR:ScheduledStopPoint:127617" version="1"/>
                </PointProjection>
              </projections>
            </RoutePoint>
            <RoutePoint version="1" id="VTR:RoutePoint:127618">
              <projections>
                <PointProjection version="1" id="VTR:PointProjection:37905">
                  <ProjectedPointRef ref="VTR:ScheduledStopPoint:127618" version="1"/>
                </PointProjection>
              </projections>
            </RoutePoint>
            <RoutePoint version="1" id="VTR:RoutePoint:127619">
              <projections>
                <PointProjection version="1" id="VTR:PointProjection:37906">
                  <ProjectedPointRef ref="VTR:ScheduledStopPoint:127619" version="1"/>
                </PointProjection>
              </projections>
            </RoutePoint>
            <RoutePoint version="1" id="VTR:RoutePoint:127620">
              <projections>
                <PointProjection version="1" id="VTR:PointProjection:37907">
                  <ProjectedPointRef ref="VTR:ScheduledStopPoint:127620" version="1"/>
                </PointProjection>
              </projections>
            </RoutePoint>
          </routePoints>
          <routes>
            <Route version="1" id="VTR:Route:7202">
              <Name>Vilkaviškis-Patilčiai-Keturvalakiai-Vilkaviškis</Name>
              <ShortName>Vilkaviškis-Patilčiai-Keturvalakiai-Vilkaviškis</ShortName>
              <LineRef ref="VTR:Line:1325" version="1306"/>
              <DirectionType>outbound</DirectionType>
              <pointsInSequence>
                <PointOnRoute version="1" id="VTR:PointOnRoute:121324" order="1">
                  <RoutePointRef ref="VTR:RoutePoint:121324"/>
                </PointOnRoute>
                <PointOnRoute version="1" id="VTR:PointOnRoute:121325" order="2">
                  <RoutePointRef ref="VTR:RoutePoint:121325"/>
                </PointOnRoute>
                <PointOnRoute version="1" id="VTR:PointOnRoute:121326" order="3">
                  <RoutePointRef ref="VTR:RoutePoint:121326"/>
                </PointOnRoute>
                <PointOnRoute version="1" id="VTR:PointOnRoute:121327" order="4">
                  <RoutePointRef ref="VTR:RoutePoint:121327"/>
                </PointOnRoute>
                <PointOnRoute version="1" id="VTR:PointOnRoute:121328" order="5">
                  <RoutePointRef ref="VTR:RoutePoint:121328"/>
                </PointOnRoute>
                <PointOnRoute version="1" id="VTR:PointOnRoute:121329" order="6">
                  <RoutePointRef ref="VTR:RoutePoint:121329"/>
                </PointOnRoute>
                <PointOnRoute version="1" id="VTR:PointOnRoute:121330" order="7">
                  <RoutePointRef ref="VTR:RoutePoint:121330"/>
                </PointOnRoute>
                <PointOnRoute version="1" id="VTR:PointOnRoute:121331" order="8">
                  <RoutePointRef ref="VTR:RoutePoint:121331"/>
                </PointOnRoute>
              </pointsInSequence>
            </Route>
            <Route version="1" id="VTR:Route:7614">
              <Name>Keturvalakiai-Patilčiai-Vilkaviškis</Name>
              <ShortName>Keturvalakiai-Patilčiai-Vilkaviškis</ShortName>
              <LineRef ref="VTR:Line:1325" version="1306"/>
              <DirectionType>inbound</DirectionType>
              <pointsInSequence>
                <PointOnRoute version="1" id="VTR:PointOnRoute:127616" order="1">
                  <RoutePointRef ref="VTR:RoutePoint:127616"/>
                </PointOnRoute>
                <PointOnRoute version="1" id="VTR:PointOnRoute:127617" order="2">
                  <RoutePointRef ref="VTR:RoutePoint:127617"/>
                </PointOnRoute>
                <PointOnRoute version="1" id="VTR:PointOnRoute:127618" order="3">
                  <RoutePointRef ref="VTR:RoutePoint:127618"/>
                </PointOnRoute>
                <PointOnRoute version="1" id="VTR:PointOnRoute:127619" order="4">
                  <RoutePointRef ref="VTR:RoutePoint:127619"/>
                </PointOnRoute>
                <PointOnRoute version="1" id="VTR:PointOnRoute:127620" order="5">
                  <RoutePointRef ref="VTR:RoutePoint:127620"/>
                </PointOnRoute>
              </pointsInSequence>
            </Route>
          </routes>
          <lines>
            <Line version="1306" id="VTR:Line:1325">
              <Name>Vilkaviškis-Patilčiai-Keturvalakiai-Vilkaviškis</Name>
              <TransportMode>bus</TransportMode>
              <TransportSubmode>
                <BusSubmode>regionalBus</BusSubmode>
              </TransportSubmode>
              <PublicCode>12</PublicCode>
              <OperatorRef ref="VTR:Operator:52"/>
            </Line>
          </lines>
          <scheduledStopPoints>
            <ScheduledStopPoint version="1" id="VTR:ScheduledStopPoint:121324">
              <Name>Vilkaviškio autobusų stotis</Name>
            </ScheduledStopPoint>
            <ScheduledStopPoint version="1" id="VTR:ScheduledStopPoint:121325">
              <Name>Patilčiai</Name>
            </ScheduledStopPoint>
            <ScheduledStopPoint version="1" id="VTR:ScheduledStopPoint:121326">
              <Name>Degučiai</Name>
            </ScheduledStopPoint>
            <ScheduledStopPoint version="1" id="VTR:ScheduledStopPoint:121327">
              <Name>Karkliniai</Name>
            </ScheduledStopPoint>
            <ScheduledStopPoint version="1" id="VTR:ScheduledStopPoint:121328">
              <Name>Keturvalakiai</Name>
            </ScheduledStopPoint>
            <ScheduledStopPoint version="1" id="VTR:ScheduledStopPoint:121329">
              <Name>Antupiai</Name>
            </ScheduledStopPoint>
            <ScheduledStopPoint version="1" id="VTR:ScheduledStopPoint:121330">
              <Name>Serdokai</Name>
            </ScheduledStopPoint>
            <ScheduledStopPoint version="1" id="VTR:ScheduledStopPoint:121331">
              <Name>Vilkaviškio autobusų stotis</Name>
            </ScheduledStopPoint>
            <ScheduledStopPoint version="1" id="VTR:ScheduledStopPoint:127616">
              <Name>Keturvalakiai</Name>
            </ScheduledStopPoint>
            <ScheduledStopPoint version="1" id="VTR:ScheduledStopPoint:127617">
              <Name>Karkliniai</Name>
            </ScheduledStopPoint>
            <ScheduledStopPoint version="1" id="VTR:ScheduledStopPoint:127618">
              <Name>Degučiai</Name>
            </ScheduledStopPoint>
            <ScheduledStopPoint version="1" id="VTR:ScheduledStopPoint:127619">
              <Name>Patilčiai</Name>
            </ScheduledStopPoint>
            <ScheduledStopPoint version="1" id="VTR:ScheduledStopPoint:127620">
              <Name>Vilkaviškio autobusų stotis</Name>
            </ScheduledStopPoint>
          </scheduledStopPoints>
          <serviceLinks>
            <ServiceLink id="VTR:ServiceLink:127619_1_127620_1" version="1">
              <Distance>20</Distance>
              <FromPointRef ref="VTR:ScheduledStopPoint:127619" version="1"/>
              <ToPointRef ref="VTR:ScheduledStopPoint:127620" version="1"/>
            </ServiceLink>
            <ServiceLink id="VTR:ServiceLink:127617_1_127618_1" version="1">
              <Distance>6</Distance>
              <FromPointRef ref="VTR:ScheduledStopPoint:127617" version="1"/>
              <ToPointRef ref="VTR:ScheduledStopPoint:127618" version="1"/>
            </ServiceLink>
            <ServiceLink id="VTR:ServiceLink:121325_1_121326_1" version="1">
              <Distance>5</Distance>
              <FromPointRef ref="VTR:ScheduledStopPoint:121325" version="1"/>
              <ToPointRef ref="VTR:ScheduledStopPoint:121326" version="1"/>
            </ServiceLink>
            <ServiceLink id="VTR:ServiceLink:121327_1_121328_1" version="1">
              <Distance>4</Distance>
              <FromPointRef ref="VTR:ScheduledStopPoint:121327" version="1"/>
              <ToPointRef ref="VTR:ScheduledStopPoint:121328" version="1"/>
            </ServiceLink>
            <ServiceLink id="VTR:ServiceLink:121324_1_121325_1" version="1">
              <Distance>20</Distance>
              <FromPointRef ref="VTR:ScheduledStopPoint:121324" version="1"/>
              <ToPointRef ref="VTR:ScheduledStopPoint:121325" version="1"/>
            </ServiceLink>
            <ServiceLink id="VTR:ServiceLink:127616_1_127617_1" version="1">
              <Distance>4</Distance>
              <FromPointRef ref="VTR:ScheduledStopPoint:127616" version="1"/>
              <ToPointRef ref="VTR:ScheduledStopPoint:127617" version="1"/>
            </ServiceLink>
            <ServiceLink id="VTR:ServiceLink:127618_1_127619_1" version="1">
              <Distance>5</Distance>
              <FromPointRef ref="VTR:ScheduledStopPoint:127618" version="1"/>
              <ToPointRef ref="VTR:ScheduledStopPoint:127619" version="1"/>
            </ServiceLink>
            <ServiceLink id="VTR:ServiceLink:121326_1_121327_1" version="1">
              <Distance>6</Distance>
              <FromPointRef ref="VTR:ScheduledStopPoint:121326" version="1"/>
              <ToPointRef ref="VTR:ScheduledStopPoint:121327" version="1"/>
            </ServiceLink>
            <ServiceLink id="VTR:ServiceLink:121330_1_121331_1" version="1">
              <Distance>4</Distance>
              <FromPointRef ref="VTR:ScheduledStopPoint:121330" version="1"/>
              <ToPointRef ref="VTR:ScheduledStopPoint:121331" version="1"/>
            </ServiceLink>
            <ServiceLink id="VTR:ServiceLink:121329_1_121330_1" version="1">
              <Distance>4</Distance>
              <FromPointRef ref="VTR:ScheduledStopPoint:121329" version="1"/>
              <ToPointRef ref="VTR:ScheduledStopPoint:121330" version="1"/>
            </ServiceLink>
            <ServiceLink id="VTR:ServiceLink:121328_1_121329_1" version="1">
              <Distance>9</Distance>
              <FromPointRef ref="VTR:ScheduledStopPoint:121328" version="1"/>
              <ToPointRef ref="VTR:ScheduledStopPoint:121329" version="1"/>
            </ServiceLink>
          </serviceLinks>
          <stopAssignments>
            <PassengerStopAssignment order="720200000" id="VTR:PassengerStopAssignment:121324" version="1">
              <ScheduledStopPointRef ref="VTR:ScheduledStopPoint:121324" version="1"/>
              <QuayRef ref="VTR:Quay:19454"/>
            </PassengerStopAssignment>
            <PassengerStopAssignment order="720200001" id="VTR:PassengerStopAssignment:121325" version="1">
              <ScheduledStopPointRef ref="VTR:ScheduledStopPoint:121325" version="1"/>
              <QuayRef ref="VTR:Quay:20733"/>
            </PassengerStopAssignment>
            <PassengerStopAssignment order="720200002" id="VTR:PassengerStopAssignment:121326" version="1">
              <ScheduledStopPointRef ref="VTR:ScheduledStopPoint:121326" version="1"/>
              <QuayRef ref="VTR:Quay:5261"/>
            </PassengerStopAssignment>
            <PassengerStopAssignment order="720200003" id="VTR:PassengerStopAssignment:121327" version="1">
              <ScheduledStopPointRef ref="VTR:ScheduledStopPoint:121327" version="1"/>
              <QuayRef ref="VTR:Quay:5218"/>
            </PassengerStopAssignment>
            <PassengerStopAssignment order="720200004" id="VTR:PassengerStopAssignment:121328" version="1">
              <ScheduledStopPointRef ref="VTR:ScheduledStopPoint:121328" version="1"/>
              <QuayRef ref="VTR:Quay:14114"/>
            </PassengerStopAssignment>
            <PassengerStopAssignment order="720200005" id="VTR:PassengerStopAssignment:121329" version="1">
              <ScheduledStopPointRef ref="VTR:ScheduledStopPoint:121329" version="1"/>
              <QuayRef ref="VTR:Quay:7172"/>
            </PassengerStopAssignment>
            <PassengerStopAssignment order="720200006" id="VTR:PassengerStopAssignment:121330" version="1">
              <ScheduledStopPointRef ref="VTR:ScheduledStopPoint:121330" version="1"/>
              <QuayRef ref="VTR:Quay:16021"/>
            </PassengerStopAssignment>
            <PassengerStopAssignment order="720200007" id="VTR:PassengerStopAssignment:121331" version="1">
              <ScheduledStopPointRef ref="VTR:ScheduledStopPoint:121331" version="1"/>
              <QuayRef ref="VTR:Quay:19454"/>
            </PassengerStopAssignment>
            <PassengerStopAssignment order="761400000" id="VTR:PassengerStopAssignment:127616" version="1">
              <ScheduledStopPointRef ref="VTR:ScheduledStopPoint:127616" version="1"/>
              <QuayRef ref="VTR:Quay:14114"/>
            </PassengerStopAssignment>
            <PassengerStopAssignment order="761400001" id="VTR:PassengerStopAssignment:127617" version="1">
              <ScheduledStopPointRef ref="VTR:ScheduledStopPoint:127617" version="1"/>
              <QuayRef ref="VTR:Quay:5218"/>
            </PassengerStopAssignment>
            <PassengerStopAssignment order="761400002" id="VTR:PassengerStopAssignment:127618" version="1">
              <ScheduledStopPointRef ref="VTR:ScheduledStopPoint:127618" version="1"/>
              <QuayRef ref="VTR:Quay:5261"/>
            </PassengerStopAssignment>
            <PassengerStopAssignment order="761400003" id="VTR:PassengerStopAssignment:127619" version="1">
              <ScheduledStopPointRef ref="VTR:ScheduledStopPoint:127619" version="1"/>
              <QuayRef ref="VTR:Quay:20733"/>
            </PassengerStopAssignment>
            <PassengerStopAssignment order="761400004" id="VTR:PassengerStopAssignment:127620" version="1">
              <ScheduledStopPointRef ref="VTR:ScheduledStopPoint:127620" version="1"/>
              <QuayRef ref="VTR:Quay:19454"/>
            </PassengerStopAssignment>
          </stopAssignments>
          <journeyPatterns>
            <JourneyPattern id="VTR:JourneyPattern:58520" version="58583">
              <Name>3</Name>
              <RouteRef ref="VTR:Route:7614" version="1"/>
              <pointsInSequence>
                <StopPointInJourneyPattern id="VTR:StopPointInJourneyPattern:1175738" version="58583" order="1">
                  <ScheduledStopPointRef ref="VTR:ScheduledStopPoint:127616"/>
                  <DestinationDisplayRef ref="VTR:DestinationDisplay:1"/>
                </StopPointInJourneyPattern>
                <StopPointInJourneyPattern id="VTR:StopPointInJourneyPattern:1175739" version="58583" order="2">
                  <ScheduledStopPointRef ref="VTR:ScheduledStopPoint:127617"/>
                  <DestinationDisplayRef ref="VTR:DestinationDisplay:1"/>
                </StopPointInJourneyPattern>
                <StopPointInJourneyPattern id="VTR:StopPointInJourneyPattern:1175740" version="58583" order="3">
                  <ScheduledStopPointRef ref="VTR:ScheduledStopPoint:127618"/>
                  <DestinationDisplayRef ref="VTR:DestinationDisplay:1"/>
                </StopPointInJourneyPattern>
                <StopPointInJourneyPattern id="VTR:StopPointInJourneyPattern:1175741" version="58583" order="4">
                  <ScheduledStopPointRef ref="VTR:ScheduledStopPoint:127619"/>
                  <DestinationDisplayRef ref="VTR:DestinationDisplay:1"/>
                </StopPointInJourneyPattern>
                <StopPointInJourneyPattern id="VTR:StopPointInJourneyPattern:1175742" version="58583" order="5">
                  <ScheduledStopPointRef ref="VTR:ScheduledStopPoint:127620"/>
                  <DestinationDisplayRef ref="VTR:DestinationDisplay:1"/>
                </StopPointInJourneyPattern>
              </pointsInSequence>
            </JourneyPattern>
            <JourneyPattern id="VTR:JourneyPattern:58519" version="58582">
              <Name>2</Name>
              <RouteRef ref="VTR:Route:7614" version="1"/>
              <pointsInSequence>
                <StopPointInJourneyPattern id="VTR:StopPointInJourneyPattern:1175733" version="58582" order="1">
                  <ScheduledStopPointRef ref="VTR:ScheduledStopPoint:127616"/>
                  <DestinationDisplayRef ref="VTR:DestinationDisplay:1"/>
                </StopPointInJourneyPattern>
                <StopPointInJourneyPattern id="VTR:StopPointInJourneyPattern:1175734" version="58582" order="2">
                  <ScheduledStopPointRef ref="VTR:ScheduledStopPoint:127617"/>
                  <DestinationDisplayRef ref="VTR:DestinationDisplay:1"/>
                </StopPointInJourneyPattern>
                <StopPointInJourneyPattern id="VTR:StopPointInJourneyPattern:1175735" version="58582" order="3">
                  <ScheduledStopPointRef ref="VTR:ScheduledStopPoint:127618"/>
                  <DestinationDisplayRef ref="VTR:DestinationDisplay:1"/>
                </StopPointInJourneyPattern>
                <StopPointInJourneyPattern id="VTR:StopPointInJourneyPattern:1175736" version="58582" order="4">
                  <ScheduledStopPointRef ref="VTR:ScheduledStopPoint:127619"/>
                  <DestinationDisplayRef ref="VTR:DestinationDisplay:1"/>
                </StopPointInJourneyPattern>
                <StopPointInJourneyPattern id="VTR:StopPointInJourneyPattern:1175737" version="58582" order="5">
                  <ScheduledStopPointRef ref="VTR:ScheduledStopPoint:127620"/>
                  <DestinationDisplayRef ref="VTR:DestinationDisplay:1"/>
                </StopPointInJourneyPattern>
              </pointsInSequence>
            </JourneyPattern>
            <JourneyPattern id="VTR:JourneyPattern:57370" version="57426">
              <Name>12</Name>
              <RouteRef ref="VTR:Route:7202" version="1"/>
              <pointsInSequence>
                <StopPointInJourneyPattern id="VTR:StopPointInJourneyPattern:1156812" version="57426" order="1">
                  <ScheduledStopPointRef ref="VTR:ScheduledStopPoint:121324"/>
                  <DestinationDisplayRef ref="VTR:DestinationDisplay:1"/>
                </StopPointInJourneyPattern>
                <StopPointInJourneyPattern id="VTR:StopPointInJourneyPattern:1156813" version="57426" order="2">
                  <ScheduledStopPointRef ref="VTR:ScheduledStopPoint:121325"/>
                  <DestinationDisplayRef ref="VTR:DestinationDisplay:1"/>
                </StopPointInJourneyPattern>
                <StopPointInJourneyPattern id="VTR:StopPointInJourneyPattern:1156814" version="57426" order="3">
                  <ScheduledStopPointRef ref="VTR:ScheduledStopPoint:121326"/>
                  <DestinationDisplayRef ref="VTR:DestinationDisplay:1"/>
                </StopPointInJourneyPattern>
                <StopPointInJourneyPattern id="VTR:StopPointInJourneyPattern:1156815" version="57426" order="4">
                  <ScheduledStopPointRef ref="VTR:ScheduledStopPoint:121327"/>
                  <DestinationDisplayRef ref="VTR:DestinationDisplay:1"/>
                </StopPointInJourneyPattern>
                <StopPointInJourneyPattern id="VTR:StopPointInJourneyPattern:1156816" version="57426" order="5">
                  <ScheduledStopPointRef ref="VTR:ScheduledStopPoint:121328"/>
                  <DestinationDisplayRef ref="VTR:DestinationDisplay:1"/>
                </StopPointInJourneyPattern>
                <StopPointInJourneyPattern id="VTR:StopPointInJourneyPattern:1156817" version="57426" order="6">
                  <ScheduledStopPointRef ref="VTR:ScheduledStopPoint:121329"/>
                  <DestinationDisplayRef ref="VTR:DestinationDisplay:1"/>
                </StopPointInJourneyPattern>
                <StopPointInJourneyPattern id="VTR:StopPointInJourneyPattern:1156818" version="57426" order="7">
                  <ScheduledStopPointRef ref="VTR:ScheduledStopPoint:121330"/>
                  <DestinationDisplayRef ref="VTR:DestinationDisplay:1"/>
                </StopPointInJourneyPattern>
                <StopPointInJourneyPattern id="VTR:StopPointInJourneyPattern:1156819" version="57426" order="8">
                  <ScheduledStopPointRef ref="VTR:ScheduledStopPoint:121331"/>
                  <DestinationDisplayRef ref="VTR:DestinationDisplay:1"/>
                </StopPointInJourneyPattern>
              </pointsInSequence>
            </JourneyPattern>
            <JourneyPattern id="VTR:JourneyPattern:58522" version="58585">
              <Name>3</Name>
              <RouteRef ref="VTR:Route:7202" version="1"/>
              <pointsInSequence>
                <StopPointInJourneyPattern id="VTR:StopPointInJourneyPattern:1175751" version="58585" order="1">
                  <ScheduledStopPointRef ref="VTR:ScheduledStopPoint:121324"/>
                  <DestinationDisplayRef ref="VTR:DestinationDisplay:1"/>
                </StopPointInJourneyPattern>
                <StopPointInJourneyPattern id="VTR:StopPointInJourneyPattern:1175752" version="58585" order="2">
                  <ScheduledStopPointRef ref="VTR:ScheduledStopPoint:121325"/>
                  <DestinationDisplayRef ref="VTR:DestinationDisplay:1"/>
                </StopPointInJourneyPattern>
                <StopPointInJourneyPattern id="VTR:StopPointInJourneyPattern:1175753" version="58585" order="3">
                  <ScheduledStopPointRef ref="VTR:ScheduledStopPoint:121326"/>
                  <DestinationDisplayRef ref="VTR:DestinationDisplay:1"/>
                </StopPointInJourneyPattern>
                <StopPointInJourneyPattern id="VTR:StopPointInJourneyPattern:1175754" version="58585" order="4">
                  <ScheduledStopPointRef ref="VTR:ScheduledStopPoint:121327"/>
                  <DestinationDisplayRef ref="VTR:DestinationDisplay:1"/>
                </StopPointInJourneyPattern>
                <StopPointInJourneyPattern id="VTR:StopPointInJourneyPattern:1175755" version="58585" order="5">
                  <ScheduledStopPointRef ref="VTR:ScheduledStopPoint:121328"/>
                  <DestinationDisplayRef ref="VTR:DestinationDisplay:1"/>
                </StopPointInJourneyPattern>
                <StopPointInJourneyPattern id="VTR:StopPointInJourneyPattern:1175756" version="58585" order="6">
                  <ScheduledStopPointRef ref="VTR:ScheduledStopPoint:121329"/>
                  <DestinationDisplayRef ref="VTR:DestinationDisplay:1"/>
                </StopPointInJourneyPattern>
                <StopPointInJourneyPattern id="VTR:StopPointInJourneyPattern:1175757" version="58585" order="7">
                  <ScheduledStopPointRef ref="VTR:ScheduledStopPoint:121330"/>
                  <DestinationDisplayRef ref="VTR:DestinationDisplay:1"/>
                </StopPointInJourneyPattern>
                <StopPointInJourneyPattern id="VTR:StopPointInJourneyPattern:1175758" version="58585" order="8">
                  <ScheduledStopPointRef ref="VTR:ScheduledStopPoint:121331"/>
                  <DestinationDisplayRef ref="VTR:DestinationDisplay:1"/>
                </StopPointInJourneyPattern>
              </pointsInSequence>
            </JourneyPattern>
            <JourneyPattern id="VTR:JourneyPattern:58521" version="58584">
              <Name>44</Name>
              <RouteRef ref="VTR:Route:7202" version="1"/>
              <pointsInSequence>
                <StopPointInJourneyPattern id="VTR:StopPointInJourneyPattern:1175743" version="58584" order="1">
                  <ScheduledStopPointRef ref="VTR:ScheduledStopPoint:121324"/>
                  <DestinationDisplayRef ref="VTR:DestinationDisplay:1"/>
                </StopPointInJourneyPattern>
                <StopPointInJourneyPattern id="VTR:StopPointInJourneyPattern:1175744" version="58584" order="2">
                  <ScheduledStopPointRef ref="VTR:ScheduledStopPoint:121325"/>
                  <DestinationDisplayRef ref="VTR:DestinationDisplay:1"/>
                </StopPointInJourneyPattern>
                <StopPointInJourneyPattern id="VTR:StopPointInJourneyPattern:1175745" version="58584" order="3">
                  <ScheduledStopPointRef ref="VTR:ScheduledStopPoint:121326"/>
                  <DestinationDisplayRef ref="VTR:DestinationDisplay:1"/>
                </StopPointInJourneyPattern>
                <StopPointInJourneyPattern id="VTR:StopPointInJourneyPattern:1175746" version="58584" order="4">
                  <ScheduledStopPointRef ref="VTR:ScheduledStopPoint:121327"/>
                  <DestinationDisplayRef ref="VTR:DestinationDisplay:1"/>
                </StopPointInJourneyPattern>
                <StopPointInJourneyPattern id="VTR:StopPointInJourneyPattern:1175747" version="58584" order="5">
                  <ScheduledStopPointRef ref="VTR:ScheduledStopPoint:121328"/>
                  <DestinationDisplayRef ref="VTR:DestinationDisplay:1"/>
                </StopPointInJourneyPattern>
                <StopPointInJourneyPattern id="VTR:StopPointInJourneyPattern:1175748" version="58584" order="6">
                  <ScheduledStopPointRef ref="VTR:ScheduledStopPoint:121329"/>
                  <DestinationDisplayRef ref="VTR:DestinationDisplay:1"/>
                </StopPointInJourneyPattern>
                <StopPointInJourneyPattern id="VTR:StopPointInJourneyPattern:1175749" version="58584" order="7">
                  <ScheduledStopPointRef ref="VTR:ScheduledStopPoint:121330"/>
                  <DestinationDisplayRef ref="VTR:DestinationDisplay:1"/>
                </StopPointInJourneyPattern>
                <StopPointInJourneyPattern id="VTR:StopPointInJourneyPattern:1175750" version="58584" order="8">
                  <ScheduledStopPointRef ref="VTR:ScheduledStopPoint:121331"/>
                  <DestinationDisplayRef ref="VTR:DestinationDisplay:1"/>
                </StopPointInJourneyPattern>
              </pointsInSequence>
            </JourneyPattern>
            <JourneyPattern id="VTR:JourneyPattern:58518" version="58581">
              <Name>1</Name>
              <RouteRef ref="VTR:Route:7614" version="1"/>
              <pointsInSequence>
                <StopPointInJourneyPattern id="VTR:StopPointInJourneyPattern:1175728" version="58581" order="1">
                  <ScheduledStopPointRef ref="VTR:ScheduledStopPoint:127616"/>
                  <DestinationDisplayRef ref="VTR:DestinationDisplay:1"/>
                </StopPointInJourneyPattern>
                <StopPointInJourneyPattern id="VTR:StopPointInJourneyPattern:1175729" version="58581" order="2">
                  <ScheduledStopPointRef ref="VTR:ScheduledStopPoint:127617"/>
                  <DestinationDisplayRef ref="VTR:DestinationDisplay:1"/>
                </StopPointInJourneyPattern>
                <StopPointInJourneyPattern id="VTR:StopPointInJourneyPattern:1175730" version="58581" order="3">
                  <ScheduledStopPointRef ref="VTR:ScheduledStopPoint:127618"/>
                  <DestinationDisplayRef ref="VTR:DestinationDisplay:1"/>
                </StopPointInJourneyPattern>
                <StopPointInJourneyPattern id="VTR:StopPointInJourneyPattern:1175731" version="58581" order="4">
                  <ScheduledStopPointRef ref="VTR:ScheduledStopPoint:127619"/>
                  <DestinationDisplayRef ref="VTR:DestinationDisplay:1"/>
                </StopPointInJourneyPattern>
                <StopPointInJourneyPattern id="VTR:StopPointInJourneyPattern:1175732" version="58581" order="5">
                  <ScheduledStopPointRef ref="VTR:ScheduledStopPoint:127620"/>
                  <DestinationDisplayRef ref="VTR:DestinationDisplay:1"/>
                </StopPointInJourneyPattern>
              </pointsInSequence>
            </JourneyPattern>
          </journeyPatterns>
        </ServiceFrame>
        <TimetableFrame version="1" id="VTR:TimetableFrame:1401">
          <vehicleJourneys>
            <ServiceJourney version="58583" id="VTR:ServiceJourney:58520">
              <Name>Keturvalakiai-Patilčiai-Vilkaviškis</Name>
              <PrivateCode>3</PrivateCode>
              <dayTypes>
                <DayTypeRef ref="VTR:DayType:2940"/>
              </dayTypes>
              <JourneyPatternRef version="58583" ref="VTR:JourneyPattern:58520"/>
              <OperatorRef ref="VTR:Operator:"/>
              <LineRef ref="VTR:Line:1325" version="1306"/>
              <passingTimes>
                <TimetabledPassingTime version="58583" id="VTR:TimetabledPassingTime:58520_1175738_1">
                  <StopPointInJourneyPatternRef ref="VTR:StopPointInJourneyPattern:1175738" version="58583"/>
                  <DepartureTime>15:40:00</DepartureTime>
                  <DepartureDayOffset>0</DepartureDayOffset>
                </TimetabledPassingTime>
                <TimetabledPassingTime version="58583" id="VTR:TimetabledPassingTime:58520_1175739_2">
                  <StopPointInJourneyPatternRef ref="VTR:StopPointInJourneyPattern:1175739" version="58583"/>
                  <DepartureTime>15:53:00</DepartureTime>
                  <DepartureDayOffset>0</DepartureDayOffset>
                </TimetabledPassingTime>
                <TimetabledPassingTime version="58583" id="VTR:TimetabledPassingTime:58520_1175740_3">
                  <StopPointInJourneyPatternRef ref="VTR:StopPointInJourneyPattern:1175740" version="58583"/>
                  <DepartureTime>16:06:00</DepartureTime>
                  <DepartureDayOffset>0</DepartureDayOffset>
                </TimetabledPassingTime>
                <TimetabledPassingTime version="58583" id="VTR:TimetabledPassingTime:58520_1175741_4">
                  <StopPointInJourneyPatternRef ref="VTR:StopPointInJourneyPattern:1175741" version="58583"/>
                  <DepartureTime>16:16:00</DepartureTime>
                  <DepartureDayOffset>0</DepartureDayOffset>
                </TimetabledPassingTime>
                <TimetabledPassingTime version="58583" id="VTR:TimetabledPassingTime:58520_1175742_5">
                  <StopPointInJourneyPatternRef ref="VTR:StopPointInJourneyPattern:1175742" version="58583"/>
                  <DepartureTime>16:48:00</DepartureTime>
                  <DepartureDayOffset>0</DepartureDayOffset>
                </TimetabledPassingTime>
              </passingTimes>
            </ServiceJourney>
            <ServiceJourney version="58582" id="VTR:ServiceJourney:58519">
              <Name>Keturvalakiai-Patilčiai-Vilkaviškis</Name>
              <PrivateCode>2</PrivateCode>
              <dayTypes>
                <DayTypeRef ref="VTR:DayType:2940"/>
              </dayTypes>
              <JourneyPatternRef version="58582" ref="VTR:JourneyPattern:58519"/>
              <OperatorRef ref="VTR:Operator:"/>
              <LineRef ref="VTR:Line:1325" version="1306"/>
              <passingTimes>
                <TimetabledPassingTime version="58582" id="VTR:TimetabledPassingTime:58519_1175733_1">
                  <StopPointInJourneyPatternRef ref="VTR:StopPointInJourneyPattern:1175733" version="58582"/>
                  <DepartureTime>13:50:00</DepartureTime>
                  <DepartureDayOffset>0</DepartureDayOffset>
                </TimetabledPassingTime>
                <TimetabledPassingTime version="58582" id="VTR:TimetabledPassingTime:58519_1175734_2">
                  <StopPointInJourneyPatternRef ref="VTR:StopPointInJourneyPattern:1175734" version="58582"/>
                  <DepartureTime>14:03:00</DepartureTime>
                  <DepartureDayOffset>0</DepartureDayOffset>
                </TimetabledPassingTime>
                <TimetabledPassingTime version="58582" id="VTR:TimetabledPassingTime:58519_1175735_3">
                  <StopPointInJourneyPatternRef ref="VTR:StopPointInJourneyPattern:1175735" version="58582"/>
                  <DepartureTime>14:16:00</DepartureTime>
                  <DepartureDayOffset>0</DepartureDayOffset>
                </TimetabledPassingTime>
                <TimetabledPassingTime version="58582" id="VTR:TimetabledPassingTime:58519_1175736_4">
                  <StopPointInJourneyPatternRef ref="VTR:StopPointInJourneyPattern:1175736" version="58582"/>
                  <DepartureTime>14:26:00</DepartureTime>
                  <DepartureDayOffset>0</DepartureDayOffset>
                </TimetabledPassingTime>
                <TimetabledPassingTime version="58582" id="VTR:TimetabledPassingTime:58519_1175737_5">
                  <StopPointInJourneyPatternRef ref="VTR:StopPointInJourneyPattern:1175737" version="58582"/>
                  <DepartureTime>14:58:00</DepartureTime>
                  <DepartureDayOffset>0</DepartureDayOffset>
                </TimetabledPassingTime>
              </passingTimes>
            </ServiceJourney>
            <ServiceJourney version="58585" id="VTR:ServiceJourney:58522">
              <Name>Vilkaviškis-Patilčiai-Keturvalakiai-Vilkaviškis</Name>
              <PrivateCode>3</PrivateCode>
              <dayTypes>
                <DayTypeRef ref="VTR:DayType:2940"/>
              </dayTypes>
              <JourneyPatternRef version="58585" ref="VTR:JourneyPattern:58522"/>
              <OperatorRef ref="VTR:Operator:"/>
              <LineRef ref="VTR:Line:1325" version="1306"/>
              <passingTimes>
                <TimetabledPassingTime version="58585" id="VTR:TimetabledPassingTime:58522_1175751_1">
                  <StopPointInJourneyPatternRef ref="VTR:StopPointInJourneyPattern:1175751" version="58585"/>
                  <DepartureTime>15:00:00</DepartureTime>
                  <DepartureDayOffset>0</DepartureDayOffset>
                </TimetabledPassingTime>
                <TimetabledPassingTime version="58585" id="VTR:TimetabledPassingTime:58522_1175752_2">
                  <StopPointInJourneyPatternRef ref="VTR:StopPointInJourneyPattern:1175752" version="58585"/>
                  <DepartureTime>15:13:00</DepartureTime>
                  <DepartureDayOffset>0</DepartureDayOffset>
                </TimetabledPassingTime>
                <TimetabledPassingTime version="58585" id="VTR:TimetabledPassingTime:58522_1175753_3">
                  <StopPointInJourneyPatternRef ref="VTR:StopPointInJourneyPattern:1175753" version="58585"/>
                  <DepartureTime>15:26:00</DepartureTime>
                  <DepartureDayOffset>0</DepartureDayOffset>
                </TimetabledPassingTime>
                <TimetabledPassingTime version="58585" id="VTR:TimetabledPassingTime:58522_1175754_4">
                  <StopPointInJourneyPatternRef ref="VTR:StopPointInJourneyPattern:1175754" version="58585"/>
                  <DepartureTime>15:39:00</DepartureTime>
                  <DepartureDayOffset>0</DepartureDayOffset>
                </TimetabledPassingTime>
                <TimetabledPassingTime version="58585" id="VTR:TimetabledPassingTime:58522_1175755_5">
                  <StopPointInJourneyPatternRef ref="VTR:StopPointInJourneyPattern:1175755" version="58585"/>
                  <DepartureTime>15:52:00</DepartureTime>
                  <DepartureDayOffset>0</DepartureDayOffset>
                </TimetabledPassingTime>
                <TimetabledPassingTime version="58585" id="VTR:TimetabledPassingTime:58522_1175756_6">
                  <StopPointInJourneyPatternRef ref="VTR:StopPointInJourneyPattern:1175756" version="58585"/>
                  <DepartureTime>16:05:00</DepartureTime>
                  <DepartureDayOffset>0</DepartureDayOffset>
                </TimetabledPassingTime>
                <TimetabledPassingTime version="58585" id="VTR:TimetabledPassingTime:58522_1175757_7">
                  <StopPointInJourneyPatternRef ref="VTR:StopPointInJourneyPattern:1175757" version="58585"/>
                  <DepartureTime>16:13:00</DepartureTime>
                  <DepartureDayOffset>0</DepartureDayOffset>
                </TimetabledPassingTime>
                <TimetabledPassingTime version="58585" id="VTR:TimetabledPassingTime:58522_1175758_8">
                  <StopPointInJourneyPatternRef ref="VTR:StopPointInJourneyPattern:1175758" version="58585"/>
                  <DepartureTime>16:38:00</DepartureTime>
                  <DepartureDayOffset>0</DepartureDayOffset>
                </TimetabledPassingTime>
              </passingTimes>
            </ServiceJourney>
            <ServiceJourney version="57426" id="VTR:ServiceJourney:57370">
              <Name>Vilkaviškis-Patilčiai-Keturvalakiai-Vilkaviškis</Name>
              <PrivateCode>12</PrivateCode>
              <dayTypes>
                <DayTypeRef ref="VTR:DayType:2901"/>
              </dayTypes>
              <JourneyPatternRef version="57426" ref="VTR:JourneyPattern:57370"/>
              <OperatorRef ref="VTR:Operator:"/>
              <LineRef ref="VTR:Line:1325" version="1306"/>
              <passingTimes>
                <TimetabledPassingTime version="57426" id="VTR:TimetabledPassingTime:57370_1156812_1">
                  <StopPointInJourneyPatternRef ref="VTR:StopPointInJourneyPattern:1156812" version="57426"/>
                  <DepartureTime>06:30:00</DepartureTime>
                  <DepartureDayOffset>0</DepartureDayOffset>
                </TimetabledPassingTime>
                <TimetabledPassingTime version="57426" id="VTR:TimetabledPassingTime:57370_1156813_2">
                  <StopPointInJourneyPatternRef ref="VTR:StopPointInJourneyPattern:1156813" version="57426"/>
                  <DepartureTime>06:43:00</DepartureTime>
                  <DepartureDayOffset>0</DepartureDayOffset>
                </TimetabledPassingTime>
                <TimetabledPassingTime version="57426" id="VTR:TimetabledPassingTime:57370_1156814_3">
                  <StopPointInJourneyPatternRef ref="VTR:StopPointInJourneyPattern:1156814" version="57426"/>
                  <DepartureTime>06:56:00</DepartureTime>
                  <DepartureDayOffset>0</DepartureDayOffset>
                </TimetabledPassingTime>
                <TimetabledPassingTime version="57426" id="VTR:TimetabledPassingTime:57370_1156815_4">
                  <StopPointInJourneyPatternRef ref="VTR:StopPointInJourneyPattern:1156815" version="57426"/>
                  <DepartureTime>07:09:00</DepartureTime>
                  <DepartureDayOffset>0</DepartureDayOffset>
                </TimetabledPassingTime>
                <TimetabledPassingTime version="57426" id="VTR:TimetabledPassingTime:57370_1156816_5">
                  <StopPointInJourneyPatternRef ref="VTR:StopPointInJourneyPattern:1156816" version="57426"/>
                  <DepartureTime>07:22:00</DepartureTime>
                  <DepartureDayOffset>0</DepartureDayOffset>
                </TimetabledPassingTime>
                <TimetabledPassingTime version="57426" id="VTR:TimetabledPassingTime:57370_1156817_6">
                  <StopPointInJourneyPatternRef ref="VTR:StopPointInJourneyPattern:1156817" version="57426"/>
                  <DepartureTime>07:35:00</DepartureTime>
                  <DepartureDayOffset>0</DepartureDayOffset>
                </TimetabledPassingTime>
                <TimetabledPassingTime version="57426" id="VTR:TimetabledPassingTime:57370_1156818_7">
                  <StopPointInJourneyPatternRef ref="VTR:StopPointInJourneyPattern:1156818" version="57426"/>
                  <DepartureTime>07:43:00</DepartureTime>
                  <DepartureDayOffset>0</DepartureDayOffset>
                </TimetabledPassingTime>
                <TimetabledPassingTime version="57426" id="VTR:TimetabledPassingTime:57370_1156819_8">
                  <StopPointInJourneyPatternRef ref="VTR:StopPointInJourneyPattern:1156819" version="57426"/>
                  <DepartureTime>08:08:00</DepartureTime>
                  <DepartureDayOffset>0</DepartureDayOffset>
                </TimetabledPassingTime>
              </passingTimes>
            </ServiceJourney>
            <ServiceJourney version="58581" id="VTR:ServiceJourney:58518">
              <Name>Keturvalakiai-Patilčiai-Vilkaviškis</Name>
              <PrivateCode>1</PrivateCode>
              <dayTypes>
                <DayTypeRef ref="VTR:DayType:2940"/>
              </dayTypes>
              <JourneyPatternRef version="58581" ref="VTR:JourneyPattern:58518"/>
              <OperatorRef ref="VTR:Operator:"/>
              <LineRef ref="VTR:Line:1325" version="1306"/>
              <passingTimes>
                <TimetabledPassingTime version="58581" id="VTR:TimetabledPassingTime:58518_1175728_1">
                  <StopPointInJourneyPatternRef ref="VTR:StopPointInJourneyPattern:1175728" version="58581"/>
                  <DepartureTime>08:00:00</DepartureTime>
                  <DepartureDayOffset>0</DepartureDayOffset>
                </TimetabledPassingTime>
                <TimetabledPassingTime version="58581" id="VTR:TimetabledPassingTime:58518_1175729_2">
                  <StopPointInJourneyPatternRef ref="VTR:StopPointInJourneyPattern:1175729" version="58581"/>
                  <DepartureTime>08:13:00</DepartureTime>
                  <DepartureDayOffset>0</DepartureDayOffset>
                </TimetabledPassingTime>
                <TimetabledPassingTime version="58581" id="VTR:TimetabledPassingTime:58518_1175730_3">
                  <StopPointInJourneyPatternRef ref="VTR:StopPointInJourneyPattern:1175730" version="58581"/>
                  <DepartureTime>08:26:00</DepartureTime>
                  <DepartureDayOffset>0</DepartureDayOffset>
                </TimetabledPassingTime>
                <TimetabledPassingTime version="58581" id="VTR:TimetabledPassingTime:58518_1175731_4">
                  <StopPointInJourneyPatternRef ref="VTR:StopPointInJourneyPattern:1175731" version="58581"/>
                  <DepartureTime>08:36:00</DepartureTime>
                  <DepartureDayOffset>0</DepartureDayOffset>
                </TimetabledPassingTime>
                <TimetabledPassingTime version="58581" id="VTR:TimetabledPassingTime:58518_1175732_5">
                  <StopPointInJourneyPatternRef ref="VTR:StopPointInJourneyPattern:1175732" version="58581"/>
                  <DepartureTime>09:08:00</DepartureTime>
                  <DepartureDayOffset>0</DepartureDayOffset>
                </TimetabledPassingTime>
              </passingTimes>
            </ServiceJourney>
            <ServiceJourney version="58584" id="VTR:ServiceJourney:58521">
              <Name>Vilkaviškis-Patilčiai-Keturvalakiai-Vilkaviškis</Name>
              <PrivateCode>44</PrivateCode>
              <dayTypes>
                <DayTypeRef ref="VTR:DayType:2940"/>
              </dayTypes>
              <JourneyPatternRef version="58584" ref="VTR:JourneyPattern:58521"/>
              <OperatorRef ref="VTR:Operator:"/>
              <LineRef ref="VTR:Line:1325" version="1306"/>
              <passingTimes>
                <TimetabledPassingTime version="58584" id="VTR:TimetabledPassingTime:58521_1175743_1">
                  <StopPointInJourneyPatternRef ref="VTR:StopPointInJourneyPattern:1175743" version="58584"/>
                  <DepartureTime>13:10:00</DepartureTime>
                  <DepartureDayOffset>0</DepartureDayOffset>
                </TimetabledPassingTime>
                <TimetabledPassingTime version="58584" id="VTR:TimetabledPassingTime:58521_1175744_2">
                  <StopPointInJourneyPatternRef ref="VTR:StopPointInJourneyPattern:1175744" version="58584"/>
                  <DepartureTime>13:23:00</DepartureTime>
                  <DepartureDayOffset>0</DepartureDayOffset>
                </TimetabledPassingTime>
                <TimetabledPassingTime version="58584" id="VTR:TimetabledPassingTime:58521_1175745_3">
                  <StopPointInJourneyPatternRef ref="VTR:StopPointInJourneyPattern:1175745" version="58584"/>
                  <DepartureTime>13:36:00</DepartureTime>
                  <DepartureDayOffset>0</DepartureDayOffset>
                </TimetabledPassingTime>
                <TimetabledPassingTime version="58584" id="VTR:TimetabledPassingTime:58521_1175746_4">
                  <StopPointInJourneyPatternRef ref="VTR:StopPointInJourneyPattern:1175746" version="58584"/>
                  <DepartureTime>13:49:00</DepartureTime>
                  <DepartureDayOffset>0</DepartureDayOffset>
                </TimetabledPassingTime>
                <TimetabledPassingTime version="58584" id="VTR:TimetabledPassingTime:58521_1175747_5">
                  <StopPointInJourneyPatternRef ref="VTR:StopPointInJourneyPattern:1175747" version="58584"/>
                  <DepartureTime>14:02:00</DepartureTime>
                  <DepartureDayOffset>0</DepartureDayOffset>
                </TimetabledPassingTime>
                <TimetabledPassingTime version="58584" id="VTR:TimetabledPassingTime:58521_1175748_6">
                  <StopPointInJourneyPatternRef ref="VTR:StopPointInJourneyPattern:1175748" version="58584"/>
                  <DepartureTime>14:15:00</DepartureTime>
                  <DepartureDayOffset>0</DepartureDayOffset>
                </TimetabledPassingTime>
                <TimetabledPassingTime version="58584" id="VTR:TimetabledPassingTime:58521_1175749_7">
                  <StopPointInJourneyPatternRef ref="VTR:StopPointInJourneyPattern:1175749" version="58584"/>
                  <DepartureTime>14:23:00</DepartureTime>
                  <DepartureDayOffset>0</DepartureDayOffset>
                </TimetabledPassingTime>
                <TimetabledPassingTime version="58584" id="VTR:TimetabledPassingTime:58521_1175750_8">
                  <StopPointInJourneyPatternRef ref="VTR:StopPointInJourneyPattern:1175750" version="58584"/>
                  <DepartureTime>14:48:00</DepartureTime>
                  <DepartureDayOffset>0</DepartureDayOffset>
                </TimetabledPassingTime>
              </passingTimes>
            </ServiceJourney>
          </vehicleJourneys>
        </TimetableFrame>
        <ResourceFrame version="1" id="VTR:ResourceFrame:1401">
          <organisations>
            <Authority version="1" id="VTR:Authority:52">
              <CompanyNumber>39</CompanyNumber>
              <Name>Vilkaviškio r. sav.</Name>
              <LegalName>Vilkaviškio r. sav.</LegalName>
              <ContactDetails>
                <Email>savivaldybe@vilkaviskis.lt</Email>
                <Phone>834260062</Phone>
                <Url>www.vilkaviskis.lt</Url>
              </ContactDetails>
              <OrganisationType>authority</OrganisationType>
            </Authority>
          </organisations>
        </ResourceFrame>
        <FareFrame id="VTR:FareFrame:1325" version="1">
          <FrameDefaults>
            <DefaultCurrency>EUR</DefaultCurrency>
          </FrameDefaults>
          <usageParameters>
            <RoundTrip id="VTR:RoundTrip:single" version="1">
              <Name>Single</Name>
              <TripType>single</TripType>
            </RoundTrip>
            <FrequencyOfUse id="VTR:FrequencyOfUse:once" version="1">
              <Name>Once</Name>
              <MaximalFrequency>1</MaximalFrequency>
            </FrequencyOfUse>
          </usageParameters>
          <priceGroups>
            <PriceGroup id="VTR:PriceGroup:PG01" version="1">
              <Name>Flat Fare Products - Standard</Name>
              <members>
                <FareProductPrice id="VTR:FareProductPrice:standard" version="1">
                  <Name>Single fare</Name>
                  <Amount>0.41</Amount>
                  <Currency>EUR</Currency>
                </FareProductPrice>
              </members>
            </PriceGroup>
          </priceGroups>
        </FareFrame>
      </frames>
    </CompositeFrame>
  </dataObjects>
</PublicationDelivery>
