<?xml version="1.0" encoding="UTF-8"?><PublicationDelivery xmlns="http://www.netex.org.uk/netex" xmlns:gis="http://www.opengis.net/gml/3.2" xmlns:ns2="http://www.opengis.net/gml/3.2" xmlns:ns3="http://www.siri.org.uk/siri" xmlns:xsi="http://www.w3.org/2001/XMLSchema-instance" version="1" xsi:schemaLocation="">
  <PublicationTimestamp>2022-05-07T05:05:00.281</PublicationTimestamp>
  <ParticipantRef>VTR</ParticipantRef>
  <Description>1</Description>
  <dataObjects>
    <CompositeFrame created="2022-05-07T05:05:00.281" version="1" id="VTR:CompositeFrame:1401">
      <validityConditions>
        <AvailabilityCondition version="1" id="VTR:AvailabilityCondition:1401">
          <FromDate>2015-07-22T15:55:22</FromDate>
          <ToDate>2027-12-30T00:00:00</ToDate>
        </AvailabilityCondition>
      </validityConditions>
      <codespaces>
        <Codespace id="vtr">
          <Xmlns>VTR</Xmlns>
          <XmlnsUrl>http://www.visimarsrutai.lt/</XmlnsUrl>
        </Codespace>
      </codespaces>
      <FrameDefaults>
        <DefaultLocale>
          <TimeZone>Europe/Vilnius</TimeZone>
        </DefaultLocale>
        <DefaultLocationSystem>WGS84</DefaultLocationSystem>
      </FrameDefaults>
      <frames>
        <ServiceCalendarFrame version="1" id="VTR:ServiceCalendarFrame:1401">
          <dayTypes>
            <DayType id="VTR:DayType:2901" version="1">
              <properties>
                <PropertyOfDay>
                  <DaysOfWeek>Monday Tuesday Wednesday Thursday Friday</DaysOfWeek>
                </PropertyOfDay>
              </properties>
            </DayType>
            <DayType id="VTR:DayType:2940" version="1">
              <properties>
                <PropertyOfDay>
                  <DaysOfWeek>Monday Tuesday Wednesday Thursday Friday</DaysOfWeek>
                </PropertyOfDay>
              </properties>
            </DayType>
          </dayTypes>
          <operatingPeriods>
            <OperatingPeriod version="1" id="VTR:OperatingPeriod:2901">
              <FromDate>2015-11-12T00:00:00</FromDate>
              <ToDate>2020-12-31T00:00:00</ToDate>
            </OperatingPeriod>
            <OperatingPeriod version="1" id="VTR:OperatingPeriod:2940">
              <FromDate>2015-11-12T00:00:00</FromDate>
              <ToDate>2020-12-31T00:00:00</ToDate>
            </OperatingPeriod>
          </operatingPeriods>
          <dayTypeAssignments>
            <DayTypeAssignment id="VTR:DayTypeAssignment:2901_0" version="1" order="2226">
              <OperatingPeriodRef ref="VTR:OperatingPeriod:2901" version="1"/>
              <DayTypeRef ref="VTR:DayType:2901" version="1"/>
            </DayTypeAssignment>
            <DayTypeAssignment id="VTR:DayTypeAssignment:2940_0" version="1" order="2286">
              <OperatingPeriodRef ref="VTR:OperatingPeriod:2940" version="1"/>
              <DayTypeRef ref="VTR:DayType:2940" version="1"/>
            </DayTypeAssignment>
          </dayTypeAssignments>
        </ServiceCalendarFrame>
        <ServiceFrame id="VTR:ServiceFrame:1401" version="1">
          <Network version="0" id="VTR:Network:52"/>
          <routePoints>
            <RoutePoint version="1" id="VTR:RoutePoint:121672">
              <projections>
                <PointProjection version="1" id="VTR:PointProjection:35981">
                  <ProjectedPointRef ref="VTR:ScheduledStopPoint:121672" version="1"/>
                </PointProjection>
              </projections>
            </RoutePoint>
            <RoutePoint version="1" id="VTR:RoutePoint:121673">
              <projections>
                <PointProjection version="1" id="VTR:PointProjection:35982">
                  <ProjectedPointRef ref="VTR:ScheduledStopPoint:121673" version="1"/>
                </PointProjection>
              </projections>
            </RoutePoint>
            <RoutePoint version="1" id="VTR:RoutePoint:121674">
              <projections>
                <PointProjection version="1" id="VTR:PointProjection:35983">
                  <ProjectedPointRef ref="VTR:ScheduledStopPoint:121674" version="1"/>
                </PointProjection>
              </projections>
            </RoutePoint>
            <RoutePoint version="1" id="VTR:RoutePoint:121675">
              <projections>
                <PointProjection version="1" id="VTR:PointProjection:35984">
                  <ProjectedPointRef ref="VTR:ScheduledStopPoint:121675" version="1"/>
                </PointProjection>
              </projections>
            </RoutePoint>
            <RoutePoint version="1" id="VTR:RoutePoint:121676">
              <projections>
                <PointProjection version="1" id="VTR:PointProjection:35985">
                  <ProjectedPointRef ref="VTR:ScheduledStopPoint:121676" version="1"/>
                </PointProjection>
              </projections>
            </RoutePoint>
            <RoutePoint version="1" id="VTR:RoutePoint:121677">
              <projections>
                <PointProjection version="1" id="VTR:PointProjection:35986">
                  <ProjectedPointRef ref="VTR:ScheduledStopPoint:121677" version="1"/>
                </PointProjection>
              </projections>
            </RoutePoint>
            <RoutePoint version="1" id="VTR:RoutePoint:127383">
              <projections>
                <PointProjection version="1" id="VTR:PointProjection:38977">
                  <ProjectedPointRef ref="VTR:ScheduledStopPoint:127383" version="1"/>
                </PointProjection>
              </projections>
            </RoutePoint>
            <RoutePoint version="1" id="VTR:RoutePoint:127384">
              <projections>
                <PointProjection version="1" id="VTR:PointProjection:38978">
                  <ProjectedPointRef ref="VTR:ScheduledStopPoint:127384" version="1"/>
                </PointProjection>
              </projections>
            </RoutePoint>
            <RoutePoint version="1" id="VTR:RoutePoint:127385">
              <projections>
                <PointProjection version="1" id="VTR:PointProjection:38979">
                  <ProjectedPointRef ref="VTR:ScheduledStopPoint:127385" version="1"/>
                </PointProjection>
              </projections>
            </RoutePoint>
            <RoutePoint version="1" id="VTR:RoutePoint:127386">
              <projections>
                <PointProjection version="1" id="VTR:PointProjection:38980">
                  <ProjectedPointRef ref="VTR:ScheduledStopPoint:127386" version="1"/>
                </PointProjection>
              </projections>
            </RoutePoint>
            <RoutePoint version="1" id="VTR:RoutePoint:127387">
              <projections>
                <PointProjection version="1" id="VTR:PointProjection:38981">
                  <ProjectedPointRef ref="VTR:ScheduledStopPoint:127387" version="1"/>
                </PointProjection>
              </projections>
            </RoutePoint>
            <RoutePoint version="1" id="VTR:RoutePoint:127388">
              <projections>
                <PointProjection version="1" id="VTR:PointProjection:38983">
                  <ProjectedPointRef ref="VTR:ScheduledStopPoint:127388" version="1"/>
                </PointProjection>
              </projections>
            </RoutePoint>
            <RoutePoint version="1" id="VTR:RoutePoint:127389">
              <projections>
                <PointProjection version="1" id="VTR:PointProjection:39028">
                  <ProjectedPointRef ref="VTR:ScheduledStopPoint:127389" version="1"/>
                </PointProjection>
              </projections>
            </RoutePoint>
          </routePoints>
          <routes>
            <Route version="1" id="VTR:Route:7597">
              <Name>Drebulinė-Vilkaviškis per Biliūnus</Name>
              <ShortName>Drebulinė-Vilkaviškis per Biliūnus</ShortName>
              <LineRef ref="VTR:Line:1319" version="1300"/>
              <DirectionType>inbound</DirectionType>
              <pointsInSequence>
                <PointOnRoute version="1" id="VTR:PointOnRoute:127383" order="1">
                  <RoutePointRef ref="VTR:RoutePoint:127383"/>
                </PointOnRoute>
                <PointOnRoute version="1" id="VTR:PointOnRoute:127384" order="2">
                  <RoutePointRef ref="VTR:RoutePoint:127384"/>
                </PointOnRoute>
                <PointOnRoute version="1" id="VTR:PointOnRoute:127385" order="3">
                  <RoutePointRef ref="VTR:RoutePoint:127385"/>
                </PointOnRoute>
                <PointOnRoute version="1" id="VTR:PointOnRoute:127386" order="4">
                  <RoutePointRef ref="VTR:RoutePoint:127386"/>
                </PointOnRoute>
                <PointOnRoute version="1" id="VTR:PointOnRoute:127387" order="5">
                  <RoutePointRef ref="VTR:RoutePoint:127387"/>
                </PointOnRoute>
                <PointOnRoute version="1" id="VTR:PointOnRoute:127388" order="6">
                  <RoutePointRef ref="VTR:RoutePoint:127388"/>
                </PointOnRoute>
                <PointOnRoute version="1" id="VTR:PointOnRoute:127389" order="7">
                  <RoutePointRef ref="VTR:RoutePoint:127389"/>
                </PointOnRoute>
              </pointsInSequence>
            </Route>
            <Route version="1" id="VTR:Route:7221">
              <Name>Vilkaviškis-Drebulinė per Biliūnus</Name>
              <ShortName>Vilkaviškis-Drebulinė per Biliūnus</ShortName>
              <LineRef ref="VTR:Line:1319" version="1300"/>
              <DirectionType>outbound</DirectionType>
              <pointsInSequence>
                <PointOnRoute version="1" id="VTR:PointOnRoute:121672" order="1">
                  <RoutePointRef ref="VTR:RoutePoint:121672"/>
                </PointOnRoute>
                <PointOnRoute version="1" id="VTR:PointOnRoute:121673" order="2">
                  <RoutePointRef ref="VTR:RoutePoint:121673"/>
                </PointOnRoute>
                <PointOnRoute version="1" id="VTR:PointOnRoute:121674" order="3">
                  <RoutePointRef ref="VTR:RoutePoint:121674"/>
                </PointOnRoute>
                <PointOnRoute version="1" id="VTR:PointOnRoute:121675" order="4">
                  <RoutePointRef ref="VTR:RoutePoint:121675"/>
                </PointOnRoute>
                <PointOnRoute version="1" id="VTR:PointOnRoute:121676" order="5">
                  <RoutePointRef ref="VTR:RoutePoint:121676"/>
                </PointOnRoute>
                <PointOnRoute version="1" id="VTR:PointOnRoute:121677" order="6">
                  <RoutePointRef ref="VTR:RoutePoint:121677"/>
                </PointOnRoute>
              </pointsInSequence>
            </Route>
          </routes>
          <lines>
            <Line version="1300" id="VTR:Line:1319">
              <Name>Vilkaviškis-Drebulinė per Biliūnus</Name>
              <TransportMode>bus</TransportMode>
              <TransportSubmode>
                <BusSubmode>regionalBus</BusSubmode>
              </TransportSubmode>
              <PublicCode>70</PublicCode>
              <OperatorRef ref="VTR:Operator:52"/>
            </Line>
          </lines>
          <scheduledStopPoints>
            <ScheduledStopPoint version="1" id="VTR:ScheduledStopPoint:121672">
              <Name>Vilkaviškio autobusų stotis</Name>
            </ScheduledStopPoint>
            <ScheduledStopPoint version="1" id="VTR:ScheduledStopPoint:121673">
              <Name>Giedriai I</Name>
            </ScheduledStopPoint>
            <ScheduledStopPoint version="1" id="VTR:ScheduledStopPoint:121674">
              <Name>Rumokai</Name>
            </ScheduledStopPoint>
            <ScheduledStopPoint version="1" id="VTR:ScheduledStopPoint:121675">
              <Name>Klausučiai</Name>
            </ScheduledStopPoint>
            <ScheduledStopPoint version="1" id="VTR:ScheduledStopPoint:121676">
              <Name>Biliūnai</Name>
            </ScheduledStopPoint>
            <ScheduledStopPoint version="1" id="VTR:ScheduledStopPoint:121677">
              <Name>Žalioji</Name>
            </ScheduledStopPoint>
            <ScheduledStopPoint version="1" id="VTR:ScheduledStopPoint:127383">
              <Name>Drebulinė</Name>
            </ScheduledStopPoint>
            <ScheduledStopPoint version="1" id="VTR:ScheduledStopPoint:127384">
              <Name>Žalioji</Name>
            </ScheduledStopPoint>
            <ScheduledStopPoint version="1" id="VTR:ScheduledStopPoint:127385">
              <Name>Klausučiai</Name>
            </ScheduledStopPoint>
            <ScheduledStopPoint version="1" id="VTR:ScheduledStopPoint:127386">
              <Name>Rumokai</Name>
            </ScheduledStopPoint>
            <ScheduledStopPoint version="1" id="VTR:ScheduledStopPoint:127387">
              <Name>Geležinkelio pervaža</Name>
            </ScheduledStopPoint>
            <ScheduledStopPoint version="1" id="VTR:ScheduledStopPoint:127388">
              <Name>Vilkaviškio rajono savivaldybė</Name>
            </ScheduledStopPoint>
            <ScheduledStopPoint version="1" id="VTR:ScheduledStopPoint:127389">
              <Name>Vilkaviškio autobusų stotis</Name>
            </ScheduledStopPoint>
          </scheduledStopPoints>
          <serviceLinks>
            <ServiceLink id="VTR:ServiceLink:127386_1_127387_1" version="1">
              <Distance>1</Distance>
              <FromPointRef ref="VTR:ScheduledStopPoint:127386" version="1"/>
              <ToPointRef ref="VTR:ScheduledStopPoint:127387" version="1"/>
            </ServiceLink>
            <ServiceLink id="VTR:ServiceLink:121673_1_121674_1" version="1">
              <Distance>4</Distance>
              <FromPointRef ref="VTR:ScheduledStopPoint:121673" version="1"/>
              <ToPointRef ref="VTR:ScheduledStopPoint:121674" version="1"/>
            </ServiceLink>
            <ServiceLink id="VTR:ServiceLink:127384_1_127385_1" version="1">
              <Distance>2</Distance>
              <FromPointRef ref="VTR:ScheduledStopPoint:127384" version="1"/>
              <ToPointRef ref="VTR:ScheduledStopPoint:127385" version="1"/>
            </ServiceLink>
            <ServiceLink id="VTR:ServiceLink:127388_1_127389_1" version="1">
              <Distance>0</Distance>
              <FromPointRef ref="VTR:ScheduledStopPoint:127388" version="1"/>
              <ToPointRef ref="VTR:ScheduledStopPoint:127389" version="1"/>
            </ServiceLink>
            <ServiceLink id="VTR:ServiceLink:121676_1_121677_1" version="1">
              <Distance>4</Distance>
              <FromPointRef ref="VTR:ScheduledStopPoint:121676" version="1"/>
              <ToPointRef ref="VTR:ScheduledStopPoint:121677" version="1"/>
            </ServiceLink>
            <ServiceLink id="VTR:ServiceLink:127383_1_127384_1" version="1">
              <Distance>4</Distance>
              <FromPointRef ref="VTR:ScheduledStopPoint:127383" version="1"/>
              <ToPointRef ref="VTR:ScheduledStopPoint:127384" version="1"/>
            </ServiceLink>
            <ServiceLink id="VTR:ServiceLink:121675_1_121676_1" version="1">
              <Distance>4</Distance>
              <FromPointRef ref="VTR:ScheduledStopPoint:121675" version="1"/>
              <ToPointRef ref="VTR:ScheduledStopPoint:121676" version="1"/>
            </ServiceLink>
            <ServiceLink id="VTR:ServiceLink:121674_1_121675_1" version="1">
              <Distance>0</Distance>
              <FromPointRef ref="VTR:ScheduledStopPoint:121674" version="1"/>
              <ToPointRef ref="VTR:ScheduledStopPoint:121675" version="1"/>
            </ServiceLink>
            <ServiceLink id="VTR:ServiceLink:127385_1_127386_1" version="1">
              <Distance>0</Distance>
              <FromPointRef ref="VTR:ScheduledStopPoint:127385" version="1"/>
              <ToPointRef ref="VTR:ScheduledStopPoint:127386" version="1"/>
            </ServiceLink>
            <ServiceLink id="VTR:ServiceLink:127387_1_127388_1" version="1">
              <Distance>5</Distance>
              <FromPointRef ref="VTR:ScheduledStopPoint:127387" version="1"/>
              <ToPointRef ref="VTR:ScheduledStopPoint:127388" version="1"/>
            </ServiceLink>
            <ServiceLink id="VTR:ServiceLink:121672_1_121673_1" version="1">
              <Distance>3</Distance>
              <FromPointRef ref="VTR:ScheduledStopPoint:121672" version="1"/>
              <ToPointRef ref="VTR:ScheduledStopPoint:121673" version="1"/>
            </ServiceLink>
          </serviceLinks>
          <stopAssignments>
            <PassengerStopAssignment order="722100000" id="VTR:PassengerStopAssignment:121672" version="1">
              <ScheduledStopPointRef ref="VTR:ScheduledStopPoint:121672" version="1"/>
              <QuayRef ref="VTR:Quay:19454"/>
            </PassengerStopAssignment>
            <PassengerStopAssignment order="722100001" id="VTR:PassengerStopAssignment:121673" version="1">
              <ScheduledStopPointRef ref="VTR:ScheduledStopPoint:121673" version="1"/>
              <QuayRef ref="VTR:Quay:9993"/>
            </PassengerStopAssignment>
            <PassengerStopAssignment order="722100002" id="VTR:PassengerStopAssignment:121674" version="1">
              <ScheduledStopPointRef ref="VTR:ScheduledStopPoint:121674" version="1"/>
              <QuayRef ref="VTR:Quay:6199"/>
            </PassengerStopAssignment>
            <PassengerStopAssignment order="722100003" id="VTR:PassengerStopAssignment:121675" version="1">
              <ScheduledStopPointRef ref="VTR:ScheduledStopPoint:121675" version="1"/>
              <QuayRef ref="VTR:Quay:11111"/>
            </PassengerStopAssignment>
            <PassengerStopAssignment order="722100004" id="VTR:PassengerStopAssignment:121676" version="1">
              <ScheduledStopPointRef ref="VTR:ScheduledStopPoint:121676" version="1"/>
              <QuayRef ref="VTR:Quay:20631"/>
            </PassengerStopAssignment>
            <PassengerStopAssignment order="722100005" id="VTR:PassengerStopAssignment:121677" version="1">
              <ScheduledStopPointRef ref="VTR:ScheduledStopPoint:121677" version="1"/>
              <QuayRef ref="VTR:Quay:10972"/>
            </PassengerStopAssignment>
            <PassengerStopAssignment order="759700000" id="VTR:PassengerStopAssignment:127383" version="1">
              <ScheduledStopPointRef ref="VTR:ScheduledStopPoint:127383" version="1"/>
              <QuayRef ref="VTR:Quay:20717"/>
            </PassengerStopAssignment>
            <PassengerStopAssignment order="759700001" id="VTR:PassengerStopAssignment:127384" version="1">
              <ScheduledStopPointRef ref="VTR:ScheduledStopPoint:127384" version="1"/>
              <QuayRef ref="VTR:Quay:10972"/>
            </PassengerStopAssignment>
            <PassengerStopAssignment order="759700002" id="VTR:PassengerStopAssignment:127385" version="1">
              <ScheduledStopPointRef ref="VTR:ScheduledStopPoint:127385" version="1"/>
              <QuayRef ref="VTR:Quay:11111"/>
            </PassengerStopAssignment>
            <PassengerStopAssignment order="759700003" id="VTR:PassengerStopAssignment:127386" version="1">
              <ScheduledStopPointRef ref="VTR:ScheduledStopPoint:127386" version="1"/>
              <QuayRef ref="VTR:Quay:6199"/>
            </PassengerStopAssignment>
            <PassengerStopAssignment order="759700004" id="VTR:PassengerStopAssignment:127387" version="1">
              <ScheduledStopPointRef ref="VTR:ScheduledStopPoint:127387" version="1"/>
              <QuayRef ref="VTR:Quay:20626"/>
            </PassengerStopAssignment>
            <PassengerStopAssignment order="759700005" id="VTR:PassengerStopAssignment:127388" version="1">
              <ScheduledStopPointRef ref="VTR:ScheduledStopPoint:127388" version="1"/>
              <QuayRef ref="VTR:Quay:20624"/>
            </PassengerStopAssignment>
            <PassengerStopAssignment order="759700006" id="VTR:PassengerStopAssignment:127389" version="1">
              <ScheduledStopPointRef ref="VTR:ScheduledStopPoint:127389" version="1"/>
              <QuayRef ref="VTR:Quay:19454"/>
            </PassengerStopAssignment>
          </stopAssignments>
          <journeyPatterns>
            <JourneyPattern id="VTR:JourneyPattern:58443" version="58506">
              <Name>1</Name>
              <RouteRef ref="VTR:Route:7597" version="1"/>
              <pointsInSequence>
                <StopPointInJourneyPattern id="VTR:StopPointInJourneyPattern:1174946" version="58506" order="1">
                  <ScheduledStopPointRef ref="VTR:ScheduledStopPoint:127383"/>
                  <DestinationDisplayRef ref="VTR:DestinationDisplay:1"/>
                </StopPointInJourneyPattern>
                <StopPointInJourneyPattern id="VTR:StopPointInJourneyPattern:1174947" version="58506" order="2">
                  <ScheduledStopPointRef ref="VTR:ScheduledStopPoint:127384"/>
                  <DestinationDisplayRef ref="VTR:DestinationDisplay:1"/>
                </StopPointInJourneyPattern>
                <StopPointInJourneyPattern id="VTR:StopPointInJourneyPattern:1174948" version="58506" order="3">
                  <ScheduledStopPointRef ref="VTR:ScheduledStopPoint:127385"/>
                  <DestinationDisplayRef ref="VTR:DestinationDisplay:1"/>
                </StopPointInJourneyPattern>
                <StopPointInJourneyPattern id="VTR:StopPointInJourneyPattern:1174949" version="58506" order="4">
                  <ScheduledStopPointRef ref="VTR:ScheduledStopPoint:127386"/>
                  <DestinationDisplayRef ref="VTR:DestinationDisplay:1"/>
                </StopPointInJourneyPattern>
                <StopPointInJourneyPattern id="VTR:StopPointInJourneyPattern:1174950" version="58506" order="5">
                  <ScheduledStopPointRef ref="VTR:ScheduledStopPoint:127387"/>
                  <DestinationDisplayRef ref="VTR:DestinationDisplay:1"/>
                </StopPointInJourneyPattern>
                <StopPointInJourneyPattern id="VTR:StopPointInJourneyPattern:1174951" version="58506" order="6">
                  <ScheduledStopPointRef ref="VTR:ScheduledStopPoint:127388"/>
                  <DestinationDisplayRef ref="VTR:DestinationDisplay:1"/>
                </StopPointInJourneyPattern>
                <StopPointInJourneyPattern id="VTR:StopPointInJourneyPattern:1174952" version="58506" order="7">
                  <ScheduledStopPointRef ref="VTR:ScheduledStopPoint:127389"/>
                  <DestinationDisplayRef ref="VTR:DestinationDisplay:1"/>
                </StopPointInJourneyPattern>
              </pointsInSequence>
            </JourneyPattern>
            <JourneyPattern id="VTR:JourneyPattern:57393" version="57449">
              <Name>70</Name>
              <RouteRef ref="VTR:Route:7221" version="1"/>
              <pointsInSequence>
                <StopPointInJourneyPattern id="VTR:StopPointInJourneyPattern:1157294" version="57449" order="1">
                  <ScheduledStopPointRef ref="VTR:ScheduledStopPoint:121672"/>
                  <DestinationDisplayRef ref="VTR:DestinationDisplay:1"/>
                </StopPointInJourneyPattern>
                <StopPointInJourneyPattern id="VTR:StopPointInJourneyPattern:1157295" version="57449" order="2">
                  <ScheduledStopPointRef ref="VTR:ScheduledStopPoint:121673"/>
                  <DestinationDisplayRef ref="VTR:DestinationDisplay:1"/>
                </StopPointInJourneyPattern>
                <StopPointInJourneyPattern id="VTR:StopPointInJourneyPattern:1157296" version="57449" order="3">
                  <ScheduledStopPointRef ref="VTR:ScheduledStopPoint:121674"/>
                  <DestinationDisplayRef ref="VTR:DestinationDisplay:1"/>
                </StopPointInJourneyPattern>
                <StopPointInJourneyPattern id="VTR:StopPointInJourneyPattern:1157297" version="57449" order="4">
                  <ScheduledStopPointRef ref="VTR:ScheduledStopPoint:121675"/>
                  <DestinationDisplayRef ref="VTR:DestinationDisplay:1"/>
                </StopPointInJourneyPattern>
                <StopPointInJourneyPattern id="VTR:StopPointInJourneyPattern:1157298" version="57449" order="5">
                  <ScheduledStopPointRef ref="VTR:ScheduledStopPoint:121676"/>
                  <DestinationDisplayRef ref="VTR:DestinationDisplay:1"/>
                </StopPointInJourneyPattern>
                <StopPointInJourneyPattern id="VTR:StopPointInJourneyPattern:1157299" version="57449" order="6">
                  <ScheduledStopPointRef ref="VTR:ScheduledStopPoint:121677"/>
                  <DestinationDisplayRef ref="VTR:DestinationDisplay:1"/>
                </StopPointInJourneyPattern>
              </pointsInSequence>
            </JourneyPattern>
          </journeyPatterns>
        </ServiceFrame>
        <TimetableFrame version="1" id="VTR:TimetableFrame:1401">
          <vehicleJourneys>
            <ServiceJourney version="57449" id="VTR:ServiceJourney:57393">
              <Name>Vilkaviškis-Drebulinė per Biliūnus</Name>
              <PrivateCode>70</PrivateCode>
              <dayTypes>
                <DayTypeRef ref="VTR:DayType:2901"/>
              </dayTypes>
              <JourneyPatternRef version="57449" ref="VTR:JourneyPattern:57393"/>
              <OperatorRef ref="VTR:Operator:"/>
              <LineRef ref="VTR:Line:1319" version="1300"/>
              <passingTimes>
                <TimetabledPassingTime version="57449" id="VTR:TimetabledPassingTime:57393_1157294_1">
                  <StopPointInJourneyPatternRef ref="VTR:StopPointInJourneyPattern:1157294" version="57449"/>
                  <DepartureTime>06:35:00</DepartureTime>
                  <DepartureDayOffset>0</DepartureDayOffset>
                </TimetabledPassingTime>
                <TimetabledPassingTime version="57449" id="VTR:TimetabledPassingTime:57393_1157295_2">
                  <StopPointInJourneyPatternRef ref="VTR:StopPointInJourneyPattern:1157295" version="57449"/>
                  <DepartureTime>06:45:00</DepartureTime>
                  <DepartureDayOffset>0</DepartureDayOffset>
                </TimetabledPassingTime>
                <TimetabledPassingTime version="57449" id="VTR:TimetabledPassingTime:57393_1157296_3">
                  <StopPointInJourneyPatternRef ref="VTR:StopPointInJourneyPattern:1157296" version="57449"/>
                  <DepartureTime>06:50:00</DepartureTime>
                  <DepartureDayOffset>0</DepartureDayOffset>
                </TimetabledPassingTime>
                <TimetabledPassingTime version="57449" id="VTR:TimetabledPassingTime:57393_1157297_4">
                  <StopPointInJourneyPatternRef ref="VTR:StopPointInJourneyPattern:1157297" version="57449"/>
                  <DepartureTime>06:56:00</DepartureTime>
                  <DepartureDayOffset>0</DepartureDayOffset>
                </TimetabledPassingTime>
                <TimetabledPassingTime version="57449" id="VTR:TimetabledPassingTime:57393_1157298_5">
                  <StopPointInJourneyPatternRef ref="VTR:StopPointInJourneyPattern:1157298" version="57449"/>
                  <DepartureTime>07:03:00</DepartureTime>
                  <DepartureDayOffset>0</DepartureDayOffset>
                </TimetabledPassingTime>
                <TimetabledPassingTime version="57449" id="VTR:TimetabledPassingTime:57393_1157299_6">
                  <StopPointInJourneyPatternRef ref="VTR:StopPointInJourneyPattern:1157299" version="57449"/>
                  <DepartureTime>07:14:00</DepartureTime>
                  <DepartureDayOffset>0</DepartureDayOffset>
                </TimetabledPassingTime>
              </passingTimes>
            </ServiceJourney>
            <ServiceJourney version="58506" id="VTR:ServiceJourney:58443">
              <Name>Drebulinė-Vilkaviškis per Biliūnus</Name>
              <PrivateCode>1</PrivateCode>
              <dayTypes>
                <DayTypeRef ref="VTR:DayType:2940"/>
              </dayTypes>
              <JourneyPatternRef version="58506" ref="VTR:JourneyPattern:58443"/>
              <OperatorRef ref="VTR:Operator:"/>
              <LineRef ref="VTR:Line:1319" version="1300"/>
              <passingTimes>
                <TimetabledPassingTime version="58506" id="VTR:TimetabledPassingTime:58443_1174946_1">
                  <StopPointInJourneyPatternRef ref="VTR:StopPointInJourneyPattern:1174946" version="58506"/>
                  <DepartureTime>07:07:00</DepartureTime>
                  <DepartureDayOffset>0</DepartureDayOffset>
                </TimetabledPassingTime>
                <TimetabledPassingTime version="58506" id="VTR:TimetabledPassingTime:58443_1174947_2">
                  <StopPointInJourneyPatternRef ref="VTR:StopPointInJourneyPattern:1174947" version="58506"/>
                  <DepartureTime>07:16:00</DepartureTime>
                  <DepartureDayOffset>0</DepartureDayOffset>
                </TimetabledPassingTime>
                <TimetabledPassingTime version="58506" id="VTR:TimetabledPassingTime:58443_1174948_3">
                  <StopPointInJourneyPatternRef ref="VTR:StopPointInJourneyPattern:1174948" version="58506"/>
                  <DepartureTime>07:22:00</DepartureTime>
                  <DepartureDayOffset>0</DepartureDayOffset>
                </TimetabledPassingTime>
                <TimetabledPassingTime version="58506" id="VTR:TimetabledPassingTime:58443_1174949_4">
                  <StopPointInJourneyPatternRef ref="VTR:StopPointInJourneyPattern:1174949" version="58506"/>
                  <DepartureTime>07:27:00</DepartureTime>
                  <DepartureDayOffset>0</DepartureDayOffset>
                </TimetabledPassingTime>
                <TimetabledPassingTime version="58506" id="VTR:TimetabledPassingTime:58443_1174950_5">
                  <StopPointInJourneyPatternRef ref="VTR:StopPointInJourneyPattern:1174950" version="58506"/>
                  <DepartureTime>07:33:00</DepartureTime>
                  <DepartureDayOffset>0</DepartureDayOffset>
                </TimetabledPassingTime>
                <TimetabledPassingTime version="58506" id="VTR:TimetabledPassingTime:58443_1174951_6">
                  <StopPointInJourneyPatternRef ref="VTR:StopPointInJourneyPattern:1174951" version="58506"/>
                  <DepartureTime>07:42:00</DepartureTime>
                  <DepartureDayOffset>0</DepartureDayOffset>
                </TimetabledPassingTime>
                <TimetabledPassingTime version="58506" id="VTR:TimetabledPassingTime:58443_1174952_7">
                  <StopPointInJourneyPatternRef ref="VTR:StopPointInJourneyPattern:1174952" version="58506"/>
                  <DepartureTime>08:04:00</DepartureTime>
                  <DepartureDayOffset>0</DepartureDayOffset>
                </TimetabledPassingTime>
              </passingTimes>
            </ServiceJourney>
          </vehicleJourneys>
        </TimetableFrame>
        <ResourceFrame version="1" id="VTR:ResourceFrame:1401">
          <organisations>
            <Authority version="1" id="VTR:Authority:52">
              <CompanyNumber>39</CompanyNumber>
              <Name>Vilkaviškio r. sav.</Name>
              <LegalName>Vilkaviškio r. sav.</LegalName>
              <ContactDetails>
                <Email>savivaldybe@vilkaviskis.lt</Email>
                <Phone>834260062</Phone>
                <Url>www.vilkaviskis.lt</Url>
              </ContactDetails>
              <OrganisationType>authority</OrganisationType>
            </Authority>
          </organisations>
        </ResourceFrame>
        <FareFrame id="VTR:FareFrame:1319" version="1">
          <FrameDefaults>
            <DefaultCurrency>EUR</DefaultCurrency>
          </FrameDefaults>
          <usageParameters>
            <RoundTrip id="VTR:RoundTrip:single" version="1">
              <Name>Single</Name>
              <TripType>single</TripType>
            </RoundTrip>
            <FrequencyOfUse id="VTR:FrequencyOfUse:once" version="1">
              <Name>Once</Name>
              <MaximalFrequency>1</MaximalFrequency>
            </FrequencyOfUse>
          </usageParameters>
          <priceGroups>
            <PriceGroup id="VTR:PriceGroup:PG01" version="1">
              <Name>Flat Fare Products - Standard</Name>
              <members>
                <FareProductPrice id="VTR:FareProductPrice:standard" version="1">
                  <Name>Single fare</Name>
                  <Amount>0.41</Amount>
                  <Currency>EUR</Currency>
                </FareProductPrice>
              </members>
            </PriceGroup>
          </priceGroups>
        </FareFrame>
      </frames>
    </CompositeFrame>
  </dataObjects>
</PublicationDelivery>
