<?xml version="1.0" encoding="UTF-8"?><PublicationDelivery xmlns="http://www.netex.org.uk/netex" xmlns:gis="http://www.opengis.net/gml/3.2" xmlns:ns2="http://www.opengis.net/gml/3.2" xmlns:ns3="http://www.siri.org.uk/siri" xmlns:xsi="http://www.w3.org/2001/XMLSchema-instance" version="1" xsi:schemaLocation="">
  <PublicationTimestamp>2022-05-07T05:05:00.281</PublicationTimestamp>
  <ParticipantRef>VTR</ParticipantRef>
  <Description>1</Description>
  <dataObjects>
    <CompositeFrame created="2022-05-07T05:05:00.281" version="1" id="VTR:CompositeFrame:1401">
      <validityConditions>
        <AvailabilityCondition version="1" id="VTR:AvailabilityCondition:1401">
          <FromDate>2015-07-22T08:38:38</FromDate>
          <ToDate>2027-12-30T00:00:00</ToDate>
        </AvailabilityCondition>
      </validityConditions>
      <codespaces>
        <Codespace id="vtr">
          <Xmlns>VTR</Xmlns>
          <XmlnsUrl>http://www.visimarsrutai.lt/</XmlnsUrl>
        </Codespace>
      </codespaces>
      <FrameDefaults>
        <DefaultLocale>
          <TimeZone>Europe/Vilnius</TimeZone>
        </DefaultLocale>
        <DefaultLocationSystem>WGS84</DefaultLocationSystem>
      </FrameDefaults>
      <frames>
        <ServiceCalendarFrame version="1" id="VTR:ServiceCalendarFrame:1401">
          <dayTypes>
            <DayType id="VTR:DayType:2908" version="1">
              <properties>
                <PropertyOfDay>
                  <DaysOfWeek>Monday Tuesday Wednesday Thursday Friday Saturday</DaysOfWeek>
                </PropertyOfDay>
              </properties>
            </DayType>
            <DayType id="VTR:DayType:2971" version="1">
              <properties>
                <PropertyOfDay>
                  <DaysOfWeek>Monday Tuesday Wednesday Thursday Friday Saturday</DaysOfWeek>
                </PropertyOfDay>
              </properties>
            </DayType>
          </dayTypes>
          <operatingPeriods>
            <OperatingPeriod version="1" id="VTR:OperatingPeriod:2908">
              <FromDate>2015-11-12T00:00:00</FromDate>
              <ToDate>2020-12-31T00:00:00</ToDate>
            </OperatingPeriod>
            <OperatingPeriod version="1" id="VTR:OperatingPeriod:2971">
              <FromDate>2015-11-12T00:00:00</FromDate>
              <ToDate>2020-12-31T00:00:00</ToDate>
            </OperatingPeriod>
          </operatingPeriods>
          <dayTypeAssignments>
            <DayTypeAssignment id="VTR:DayTypeAssignment:2908_0" version="1" order="2247">
              <OperatingPeriodRef ref="VTR:OperatingPeriod:2908" version="1"/>
              <DayTypeRef ref="VTR:DayType:2908" version="1"/>
            </DayTypeAssignment>
            <DayTypeAssignment id="VTR:DayTypeAssignment:2971_0" version="1" order="2325">
              <OperatingPeriodRef ref="VTR:OperatingPeriod:2971" version="1"/>
              <DayTypeRef ref="VTR:DayType:2971" version="1"/>
            </DayTypeAssignment>
          </dayTypeAssignments>
        </ServiceCalendarFrame>
        <ServiceFrame id="VTR:ServiceFrame:1401" version="1">
          <Network version="0" id="VTR:Network:52"/>
          <routePoints>
            <RoutePoint version="1" id="VTR:RoutePoint:123288">
              <projections>
                <PointProjection version="1" id="VTR:PointProjection:36646">
                  <ProjectedPointRef ref="VTR:ScheduledStopPoint:123288" version="1"/>
                </PointProjection>
              </projections>
            </RoutePoint>
            <RoutePoint version="1" id="VTR:RoutePoint:123289">
              <projections>
                <PointProjection version="1" id="VTR:PointProjection:36647">
                  <ProjectedPointRef ref="VTR:ScheduledStopPoint:123289" version="1"/>
                </PointProjection>
              </projections>
            </RoutePoint>
            <RoutePoint version="1" id="VTR:RoutePoint:123290">
              <projections>
                <PointProjection version="1" id="VTR:PointProjection:37027">
                  <ProjectedPointRef ref="VTR:ScheduledStopPoint:123290" version="1"/>
                </PointProjection>
              </projections>
            </RoutePoint>
            <RoutePoint version="1" id="VTR:RoutePoint:123291">
              <projections>
                <PointProjection version="1" id="VTR:PointProjection:37028">
                  <ProjectedPointRef ref="VTR:ScheduledStopPoint:123291" version="1"/>
                </PointProjection>
              </projections>
            </RoutePoint>
            <RoutePoint version="1" id="VTR:RoutePoint:123292">
              <projections>
                <PointProjection version="1" id="VTR:PointProjection:37029">
                  <ProjectedPointRef ref="VTR:ScheduledStopPoint:123292" version="1"/>
                </PointProjection>
              </projections>
            </RoutePoint>
            <RoutePoint version="1" id="VTR:RoutePoint:123293">
              <projections>
                <PointProjection version="1" id="VTR:PointProjection:37030">
                  <ProjectedPointRef ref="VTR:ScheduledStopPoint:123293" version="1"/>
                </PointProjection>
              </projections>
            </RoutePoint>
            <RoutePoint version="1" id="VTR:RoutePoint:123294">
              <projections>
                <PointProjection version="1" id="VTR:PointProjection:37031">
                  <ProjectedPointRef ref="VTR:ScheduledStopPoint:123294" version="1"/>
                </PointProjection>
              </projections>
            </RoutePoint>
            <RoutePoint version="1" id="VTR:RoutePoint:123295">
              <projections>
                <PointProjection version="1" id="VTR:PointProjection:37032">
                  <ProjectedPointRef ref="VTR:ScheduledStopPoint:123295" version="1"/>
                </PointProjection>
              </projections>
            </RoutePoint>
            <RoutePoint version="1" id="VTR:RoutePoint:123296">
              <projections>
                <PointProjection version="1" id="VTR:PointProjection:37033">
                  <ProjectedPointRef ref="VTR:ScheduledStopPoint:123296" version="1"/>
                </PointProjection>
              </projections>
            </RoutePoint>
            <RoutePoint version="1" id="VTR:RoutePoint:123297">
              <projections>
                <PointProjection version="1" id="VTR:PointProjection:37034">
                  <ProjectedPointRef ref="VTR:ScheduledStopPoint:123297" version="1"/>
                </PointProjection>
              </projections>
            </RoutePoint>
            <RoutePoint version="1" id="VTR:RoutePoint:123298">
              <projections>
                <PointProjection version="1" id="VTR:PointProjection:37035">
                  <ProjectedPointRef ref="VTR:ScheduledStopPoint:123298" version="1"/>
                </PointProjection>
              </projections>
            </RoutePoint>
            <RoutePoint version="1" id="VTR:RoutePoint:123299">
              <projections>
                <PointProjection version="1" id="VTR:PointProjection:37036">
                  <ProjectedPointRef ref="VTR:ScheduledStopPoint:123299" version="1"/>
                </PointProjection>
              </projections>
            </RoutePoint>
            <RoutePoint version="1" id="VTR:RoutePoint:123300">
              <projections>
                <PointProjection version="1" id="VTR:PointProjection:37037">
                  <ProjectedPointRef ref="VTR:ScheduledStopPoint:123300" version="1"/>
                </PointProjection>
              </projections>
            </RoutePoint>
            <RoutePoint version="1" id="VTR:RoutePoint:123301">
              <projections>
                <PointProjection version="1" id="VTR:PointProjection:37038">
                  <ProjectedPointRef ref="VTR:ScheduledStopPoint:123301" version="1"/>
                </PointProjection>
              </projections>
            </RoutePoint>
            <RoutePoint version="1" id="VTR:RoutePoint:123302">
              <projections>
                <PointProjection version="1" id="VTR:PointProjection:37039">
                  <ProjectedPointRef ref="VTR:ScheduledStopPoint:123302" version="1"/>
                </PointProjection>
              </projections>
            </RoutePoint>
            <RoutePoint version="1" id="VTR:RoutePoint:123303">
              <projections>
                <PointProjection version="1" id="VTR:PointProjection:37040">
                  <ProjectedPointRef ref="VTR:ScheduledStopPoint:123303" version="1"/>
                </PointProjection>
              </projections>
            </RoutePoint>
            <RoutePoint version="1" id="VTR:RoutePoint:123304">
              <projections>
                <PointProjection version="1" id="VTR:PointProjection:37041">
                  <ProjectedPointRef ref="VTR:ScheduledStopPoint:123304" version="1"/>
                </PointProjection>
              </projections>
            </RoutePoint>
            <RoutePoint version="1" id="VTR:RoutePoint:123305">
              <projections>
                <PointProjection version="1" id="VTR:PointProjection:37042">
                  <ProjectedPointRef ref="VTR:ScheduledStopPoint:123305" version="1"/>
                </PointProjection>
              </projections>
            </RoutePoint>
            <RoutePoint version="1" id="VTR:RoutePoint:123306">
              <projections>
                <PointProjection version="1" id="VTR:PointProjection:37043">
                  <ProjectedPointRef ref="VTR:ScheduledStopPoint:123306" version="1"/>
                </PointProjection>
              </projections>
            </RoutePoint>
            <RoutePoint version="1" id="VTR:RoutePoint:127170">
              <projections>
                <PointProjection version="1" id="VTR:PointProjection:38796">
                  <ProjectedPointRef ref="VTR:ScheduledStopPoint:127170" version="1"/>
                </PointProjection>
              </projections>
            </RoutePoint>
            <RoutePoint version="1" id="VTR:RoutePoint:127171">
              <projections>
                <PointProjection version="1" id="VTR:PointProjection:38797">
                  <ProjectedPointRef ref="VTR:ScheduledStopPoint:127171" version="1"/>
                </PointProjection>
              </projections>
            </RoutePoint>
            <RoutePoint version="1" id="VTR:RoutePoint:127172">
              <projections>
                <PointProjection version="1" id="VTR:PointProjection:38798">
                  <ProjectedPointRef ref="VTR:ScheduledStopPoint:127172" version="1"/>
                </PointProjection>
              </projections>
            </RoutePoint>
            <RoutePoint version="1" id="VTR:RoutePoint:127173">
              <projections>
                <PointProjection version="1" id="VTR:PointProjection:38799">
                  <ProjectedPointRef ref="VTR:ScheduledStopPoint:127173" version="1"/>
                </PointProjection>
              </projections>
            </RoutePoint>
            <RoutePoint version="1" id="VTR:RoutePoint:127174">
              <projections>
                <PointProjection version="1" id="VTR:PointProjection:38800">
                  <ProjectedPointRef ref="VTR:ScheduledStopPoint:127174" version="1"/>
                </PointProjection>
              </projections>
            </RoutePoint>
            <RoutePoint version="1" id="VTR:RoutePoint:127175">
              <projections>
                <PointProjection version="1" id="VTR:PointProjection:38801">
                  <ProjectedPointRef ref="VTR:ScheduledStopPoint:127175" version="1"/>
                </PointProjection>
              </projections>
            </RoutePoint>
            <RoutePoint version="1" id="VTR:RoutePoint:127176">
              <projections>
                <PointProjection version="1" id="VTR:PointProjection:38802">
                  <ProjectedPointRef ref="VTR:ScheduledStopPoint:127176" version="1"/>
                </PointProjection>
              </projections>
            </RoutePoint>
            <RoutePoint version="1" id="VTR:RoutePoint:127177">
              <projections>
                <PointProjection version="1" id="VTR:PointProjection:38803">
                  <ProjectedPointRef ref="VTR:ScheduledStopPoint:127177" version="1"/>
                </PointProjection>
              </projections>
            </RoutePoint>
            <RoutePoint version="1" id="VTR:RoutePoint:127178">
              <projections>
                <PointProjection version="1" id="VTR:PointProjection:38804">
                  <ProjectedPointRef ref="VTR:ScheduledStopPoint:127178" version="1"/>
                </PointProjection>
              </projections>
            </RoutePoint>
            <RoutePoint version="1" id="VTR:RoutePoint:127179">
              <projections>
                <PointProjection version="1" id="VTR:PointProjection:38805">
                  <ProjectedPointRef ref="VTR:ScheduledStopPoint:127179" version="1"/>
                </PointProjection>
              </projections>
            </RoutePoint>
            <RoutePoint version="1" id="VTR:RoutePoint:127180">
              <projections>
                <PointProjection version="1" id="VTR:PointProjection:38806">
                  <ProjectedPointRef ref="VTR:ScheduledStopPoint:127180" version="1"/>
                </PointProjection>
              </projections>
            </RoutePoint>
            <RoutePoint version="1" id="VTR:RoutePoint:127181">
              <projections>
                <PointProjection version="1" id="VTR:PointProjection:38807">
                  <ProjectedPointRef ref="VTR:ScheduledStopPoint:127181" version="1"/>
                </PointProjection>
              </projections>
            </RoutePoint>
            <RoutePoint version="1" id="VTR:RoutePoint:127182">
              <projections>
                <PointProjection version="1" id="VTR:PointProjection:38808">
                  <ProjectedPointRef ref="VTR:ScheduledStopPoint:127182" version="1"/>
                </PointProjection>
              </projections>
            </RoutePoint>
            <RoutePoint version="1" id="VTR:RoutePoint:127183">
              <projections>
                <PointProjection version="1" id="VTR:PointProjection:38809">
                  <ProjectedPointRef ref="VTR:ScheduledStopPoint:127183" version="1"/>
                </PointProjection>
              </projections>
            </RoutePoint>
            <RoutePoint version="1" id="VTR:RoutePoint:127184">
              <projections>
                <PointProjection version="1" id="VTR:PointProjection:38872">
                  <ProjectedPointRef ref="VTR:ScheduledStopPoint:127184" version="1"/>
                </PointProjection>
              </projections>
            </RoutePoint>
            <RoutePoint version="1" id="VTR:RoutePoint:127185">
              <projections>
                <PointProjection version="1" id="VTR:PointProjection:38873">
                  <ProjectedPointRef ref="VTR:ScheduledStopPoint:127185" version="1"/>
                </PointProjection>
              </projections>
            </RoutePoint>
            <RoutePoint version="1" id="VTR:RoutePoint:127186">
              <projections>
                <PointProjection version="1" id="VTR:PointProjection:38874">
                  <ProjectedPointRef ref="VTR:ScheduledStopPoint:127186" version="1"/>
                </PointProjection>
              </projections>
            </RoutePoint>
            <RoutePoint version="1" id="VTR:RoutePoint:127187">
              <projections>
                <PointProjection version="1" id="VTR:PointProjection:38875">
                  <ProjectedPointRef ref="VTR:ScheduledStopPoint:127187" version="1"/>
                </PointProjection>
              </projections>
            </RoutePoint>
          </routePoints>
          <routes>
            <Route version="1" id="VTR:Route:7579">
              <Name>Vištytis -Vilkaviškis per Kybartus</Name>
              <ShortName>Vištytis -Vilkaviškis per Kybartus</ShortName>
              <LineRef ref="VTR:Line:1283" version="1264"/>
              <DirectionType>inbound</DirectionType>
              <pointsInSequence>
                <PointOnRoute version="1" id="VTR:PointOnRoute:127170" order="1">
                  <RoutePointRef ref="VTR:RoutePoint:127170"/>
                </PointOnRoute>
                <PointOnRoute version="1" id="VTR:PointOnRoute:127171" order="2">
                  <RoutePointRef ref="VTR:RoutePoint:127171"/>
                </PointOnRoute>
                <PointOnRoute version="1" id="VTR:PointOnRoute:127172" order="3">
                  <RoutePointRef ref="VTR:RoutePoint:127172"/>
                </PointOnRoute>
                <PointOnRoute version="1" id="VTR:PointOnRoute:127173" order="4">
                  <RoutePointRef ref="VTR:RoutePoint:127173"/>
                </PointOnRoute>
                <PointOnRoute version="1" id="VTR:PointOnRoute:127174" order="5">
                  <RoutePointRef ref="VTR:RoutePoint:127174"/>
                </PointOnRoute>
                <PointOnRoute version="1" id="VTR:PointOnRoute:127175" order="6">
                  <RoutePointRef ref="VTR:RoutePoint:127175"/>
                </PointOnRoute>
                <PointOnRoute version="1" id="VTR:PointOnRoute:127176" order="7">
                  <RoutePointRef ref="VTR:RoutePoint:127176"/>
                </PointOnRoute>
                <PointOnRoute version="1" id="VTR:PointOnRoute:127177" order="8">
                  <RoutePointRef ref="VTR:RoutePoint:127177"/>
                </PointOnRoute>
                <PointOnRoute version="1" id="VTR:PointOnRoute:127178" order="9">
                  <RoutePointRef ref="VTR:RoutePoint:127178"/>
                </PointOnRoute>
                <PointOnRoute version="1" id="VTR:PointOnRoute:127179" order="10">
                  <RoutePointRef ref="VTR:RoutePoint:127179"/>
                </PointOnRoute>
                <PointOnRoute version="1" id="VTR:PointOnRoute:127180" order="11">
                  <RoutePointRef ref="VTR:RoutePoint:127180"/>
                </PointOnRoute>
                <PointOnRoute version="1" id="VTR:PointOnRoute:127181" order="12">
                  <RoutePointRef ref="VTR:RoutePoint:127181"/>
                </PointOnRoute>
                <PointOnRoute version="1" id="VTR:PointOnRoute:127182" order="13">
                  <RoutePointRef ref="VTR:RoutePoint:127182"/>
                </PointOnRoute>
                <PointOnRoute version="1" id="VTR:PointOnRoute:127183" order="14">
                  <RoutePointRef ref="VTR:RoutePoint:127183"/>
                </PointOnRoute>
                <PointOnRoute version="1" id="VTR:PointOnRoute:127184" order="15">
                  <RoutePointRef ref="VTR:RoutePoint:127184"/>
                </PointOnRoute>
                <PointOnRoute version="1" id="VTR:PointOnRoute:127185" order="16">
                  <RoutePointRef ref="VTR:RoutePoint:127185"/>
                </PointOnRoute>
                <PointOnRoute version="1" id="VTR:PointOnRoute:127186" order="17">
                  <RoutePointRef ref="VTR:RoutePoint:127186"/>
                </PointOnRoute>
                <PointOnRoute version="1" id="VTR:PointOnRoute:127187" order="18">
                  <RoutePointRef ref="VTR:RoutePoint:127187"/>
                </PointOnRoute>
              </pointsInSequence>
            </Route>
            <Route version="1" id="VTR:Route:7320">
              <Name>Vilkaviškis-Vištytis per Kybartus</Name>
              <ShortName>Vilkaviškis-Vištytis per Kybartus</ShortName>
              <LineRef ref="VTR:Line:1283" version="1264"/>
              <DirectionType>outbound</DirectionType>
              <pointsInSequence>
                <PointOnRoute version="1" id="VTR:PointOnRoute:123288" order="1">
                  <RoutePointRef ref="VTR:RoutePoint:123288"/>
                </PointOnRoute>
                <PointOnRoute version="1" id="VTR:PointOnRoute:123289" order="2">
                  <RoutePointRef ref="VTR:RoutePoint:123289"/>
                </PointOnRoute>
                <PointOnRoute version="1" id="VTR:PointOnRoute:123290" order="3">
                  <RoutePointRef ref="VTR:RoutePoint:123290"/>
                </PointOnRoute>
                <PointOnRoute version="1" id="VTR:PointOnRoute:123291" order="4">
                  <RoutePointRef ref="VTR:RoutePoint:123291"/>
                </PointOnRoute>
                <PointOnRoute version="1" id="VTR:PointOnRoute:123292" order="5">
                  <RoutePointRef ref="VTR:RoutePoint:123292"/>
                </PointOnRoute>
                <PointOnRoute version="1" id="VTR:PointOnRoute:123293" order="6">
                  <RoutePointRef ref="VTR:RoutePoint:123293"/>
                </PointOnRoute>
                <PointOnRoute version="1" id="VTR:PointOnRoute:123294" order="7">
                  <RoutePointRef ref="VTR:RoutePoint:123294"/>
                </PointOnRoute>
                <PointOnRoute version="1" id="VTR:PointOnRoute:123295" order="8">
                  <RoutePointRef ref="VTR:RoutePoint:123295"/>
                </PointOnRoute>
                <PointOnRoute version="1" id="VTR:PointOnRoute:123296" order="9">
                  <RoutePointRef ref="VTR:RoutePoint:123296"/>
                </PointOnRoute>
                <PointOnRoute version="1" id="VTR:PointOnRoute:123297" order="10">
                  <RoutePointRef ref="VTR:RoutePoint:123297"/>
                </PointOnRoute>
                <PointOnRoute version="1" id="VTR:PointOnRoute:123298" order="11">
                  <RoutePointRef ref="VTR:RoutePoint:123298"/>
                </PointOnRoute>
                <PointOnRoute version="1" id="VTR:PointOnRoute:123299" order="12">
                  <RoutePointRef ref="VTR:RoutePoint:123299"/>
                </PointOnRoute>
                <PointOnRoute version="1" id="VTR:PointOnRoute:123300" order="13">
                  <RoutePointRef ref="VTR:RoutePoint:123300"/>
                </PointOnRoute>
                <PointOnRoute version="1" id="VTR:PointOnRoute:123301" order="14">
                  <RoutePointRef ref="VTR:RoutePoint:123301"/>
                </PointOnRoute>
                <PointOnRoute version="1" id="VTR:PointOnRoute:123302" order="15">
                  <RoutePointRef ref="VTR:RoutePoint:123302"/>
                </PointOnRoute>
                <PointOnRoute version="1" id="VTR:PointOnRoute:123303" order="16">
                  <RoutePointRef ref="VTR:RoutePoint:123303"/>
                </PointOnRoute>
                <PointOnRoute version="1" id="VTR:PointOnRoute:123304" order="17">
                  <RoutePointRef ref="VTR:RoutePoint:123304"/>
                </PointOnRoute>
                <PointOnRoute version="1" id="VTR:PointOnRoute:123305" order="18">
                  <RoutePointRef ref="VTR:RoutePoint:123305"/>
                </PointOnRoute>
                <PointOnRoute version="1" id="VTR:PointOnRoute:123306" order="19">
                  <RoutePointRef ref="VTR:RoutePoint:123306"/>
                </PointOnRoute>
              </pointsInSequence>
            </Route>
          </routes>
          <lines>
            <Line version="1264" id="VTR:Line:1283">
              <Name>Vilkaviškis-Vištytis per Kybartus</Name>
              <TransportMode>bus</TransportMode>
              <TransportSubmode>
                <BusSubmode>regionalBus</BusSubmode>
              </TransportSubmode>
              <PublicCode>58</PublicCode>
              <OperatorRef ref="VTR:Operator:52"/>
            </Line>
          </lines>
          <scheduledStopPoints>
            <ScheduledStopPoint version="1" id="VTR:ScheduledStopPoint:123288">
              <Name>Vilkaviškio autobusų stotis</Name>
            </ScheduledStopPoint>
            <ScheduledStopPoint version="1" id="VTR:ScheduledStopPoint:123289">
              <Name>Paežeriai</Name>
            </ScheduledStopPoint>
            <ScheduledStopPoint version="1" id="VTR:ScheduledStopPoint:123290">
              <Name>Uosiai II</Name>
            </ScheduledStopPoint>
            <ScheduledStopPoint version="1" id="VTR:ScheduledStopPoint:123291">
              <Name>Paežeriai</Name>
            </ScheduledStopPoint>
            <ScheduledStopPoint version="1" id="VTR:ScheduledStopPoint:123292">
              <Name>Alvitas</Name>
            </ScheduledStopPoint>
            <ScheduledStopPoint version="1" id="VTR:ScheduledStopPoint:123293">
              <Name>Dailučiai</Name>
            </ScheduledStopPoint>
            <ScheduledStopPoint version="1" id="VTR:ScheduledStopPoint:123294">
              <Name>Virbalis</Name>
            </ScheduledStopPoint>
            <ScheduledStopPoint version="1" id="VTR:ScheduledStopPoint:123295">
              <Name>AB Vbrantas</Name>
            </ScheduledStopPoint>
            <ScheduledStopPoint version="1" id="VTR:ScheduledStopPoint:123296">
              <Name>Kybartai</Name>
            </ScheduledStopPoint>
            <ScheduledStopPoint version="1" id="VTR:ScheduledStopPoint:123297">
              <Name>Meteostotis</Name>
            </ScheduledStopPoint>
            <ScheduledStopPoint version="1" id="VTR:ScheduledStopPoint:123298">
              <Name>Kybeikiai</Name>
            </ScheduledStopPoint>
            <ScheduledStopPoint version="1" id="VTR:ScheduledStopPoint:123299">
              <Name>Matlaukys</Name>
            </ScheduledStopPoint>
            <ScheduledStopPoint version="1" id="VTR:ScheduledStopPoint:123300">
              <Name>Kurpikai</Name>
            </ScheduledStopPoint>
            <ScheduledStopPoint version="1" id="VTR:ScheduledStopPoint:123301">
              <Name>Girėnai</Name>
            </ScheduledStopPoint>
            <ScheduledStopPoint version="1" id="VTR:ScheduledStopPoint:123302">
              <Name>Meiliūnai</Name>
            </ScheduledStopPoint>
            <ScheduledStopPoint version="1" id="VTR:ScheduledStopPoint:123303">
              <Name>Liukių mokykla</Name>
            </ScheduledStopPoint>
            <ScheduledStopPoint version="1" id="VTR:ScheduledStopPoint:123304">
              <Name>Rėčiūnai</Name>
            </ScheduledStopPoint>
            <ScheduledStopPoint version="1" id="VTR:ScheduledStopPoint:123305">
              <Name>Mokykla</Name>
            </ScheduledStopPoint>
            <ScheduledStopPoint version="1" id="VTR:ScheduledStopPoint:123306">
              <Name>Vištytis</Name>
            </ScheduledStopPoint>
            <ScheduledStopPoint version="1" id="VTR:ScheduledStopPoint:127170">
              <Name>Vištytis</Name>
            </ScheduledStopPoint>
            <ScheduledStopPoint version="1" id="VTR:ScheduledStopPoint:127171">
              <Name>Mokykla</Name>
            </ScheduledStopPoint>
            <ScheduledStopPoint version="1" id="VTR:ScheduledStopPoint:127172">
              <Name>Rėčiūnai</Name>
            </ScheduledStopPoint>
            <ScheduledStopPoint version="1" id="VTR:ScheduledStopPoint:127173">
              <Name>Liukių mokykla</Name>
            </ScheduledStopPoint>
            <ScheduledStopPoint version="1" id="VTR:ScheduledStopPoint:127174">
              <Name>Meiliūnai</Name>
            </ScheduledStopPoint>
            <ScheduledStopPoint version="1" id="VTR:ScheduledStopPoint:127175">
              <Name>Girėnai</Name>
            </ScheduledStopPoint>
            <ScheduledStopPoint version="1" id="VTR:ScheduledStopPoint:127176">
              <Name>Kurpikai</Name>
            </ScheduledStopPoint>
            <ScheduledStopPoint version="1" id="VTR:ScheduledStopPoint:127177">
              <Name>Matlaukys</Name>
            </ScheduledStopPoint>
            <ScheduledStopPoint version="1" id="VTR:ScheduledStopPoint:127178">
              <Name>Kybeikiai</Name>
            </ScheduledStopPoint>
            <ScheduledStopPoint version="1" id="VTR:ScheduledStopPoint:127179">
              <Name>Gedimino g.</Name>
            </ScheduledStopPoint>
            <ScheduledStopPoint version="1" id="VTR:ScheduledStopPoint:127180">
              <Name>Meteostotis</Name>
            </ScheduledStopPoint>
            <ScheduledStopPoint version="1" id="VTR:ScheduledStopPoint:127181">
              <Name>Virbalis</Name>
            </ScheduledStopPoint>
            <ScheduledStopPoint version="1" id="VTR:ScheduledStopPoint:127182">
              <Name>Dailučiai</Name>
            </ScheduledStopPoint>
            <ScheduledStopPoint version="1" id="VTR:ScheduledStopPoint:127183">
              <Name>Alvitas</Name>
            </ScheduledStopPoint>
            <ScheduledStopPoint version="1" id="VTR:ScheduledStopPoint:127184">
              <Name>Paežeriai</Name>
            </ScheduledStopPoint>
            <ScheduledStopPoint version="1" id="VTR:ScheduledStopPoint:127185">
              <Name>Paežeriai</Name>
            </ScheduledStopPoint>
            <ScheduledStopPoint version="1" id="VTR:ScheduledStopPoint:127186">
              <Name>Uosiai I</Name>
            </ScheduledStopPoint>
            <ScheduledStopPoint version="1" id="VTR:ScheduledStopPoint:127187">
              <Name>Vilkaviškio autobusų stotis</Name>
            </ScheduledStopPoint>
          </scheduledStopPoints>
          <serviceLinks>
            <ServiceLink id="VTR:ServiceLink:123297_1_123298_1" version="1">
              <Distance>2</Distance>
              <FromPointRef ref="VTR:ScheduledStopPoint:123297" version="1"/>
              <ToPointRef ref="VTR:ScheduledStopPoint:123298" version="1"/>
            </ServiceLink>
            <ServiceLink id="VTR:ServiceLink:123294_1_123295_1" version="1">
              <Distance>3</Distance>
              <FromPointRef ref="VTR:ScheduledStopPoint:123294" version="1"/>
              <ToPointRef ref="VTR:ScheduledStopPoint:123295" version="1"/>
            </ServiceLink>
            <ServiceLink id="VTR:ServiceLink:123289_1_123290_1" version="1">
              <Distance>1</Distance>
              <FromPointRef ref="VTR:ScheduledStopPoint:123289" version="1"/>
              <ToPointRef ref="VTR:ScheduledStopPoint:123290" version="1"/>
            </ServiceLink>
            <ServiceLink id="VTR:ServiceLink:123300_1_123301_1" version="1">
              <Distance>4</Distance>
              <FromPointRef ref="VTR:ScheduledStopPoint:123300" version="1"/>
              <ToPointRef ref="VTR:ScheduledStopPoint:123301" version="1"/>
            </ServiceLink>
            <ServiceLink id="VTR:ServiceLink:127181_1_127182_1" version="1">
              <Distance>4</Distance>
              <FromPointRef ref="VTR:ScheduledStopPoint:127181" version="1"/>
              <ToPointRef ref="VTR:ScheduledStopPoint:127182" version="1"/>
            </ServiceLink>
            <ServiceLink id="VTR:ServiceLink:127180_1_127181_1" version="1">
              <Distance>5</Distance>
              <FromPointRef ref="VTR:ScheduledStopPoint:127180" version="1"/>
              <ToPointRef ref="VTR:ScheduledStopPoint:127181" version="1"/>
            </ServiceLink>
            <ServiceLink id="VTR:ServiceLink:127175_1_127176_1" version="1">
              <Distance>4</Distance>
              <FromPointRef ref="VTR:ScheduledStopPoint:127175" version="1"/>
              <ToPointRef ref="VTR:ScheduledStopPoint:127176" version="1"/>
            </ServiceLink>
            <ServiceLink id="VTR:ServiceLink:127183_1_127184_1" version="1">
              <Distance>1</Distance>
              <FromPointRef ref="VTR:ScheduledStopPoint:127183" version="1"/>
              <ToPointRef ref="VTR:ScheduledStopPoint:127184" version="1"/>
            </ServiceLink>
            <ServiceLink id="VTR:ServiceLink:123299_1_123300_1" version="1">
              <Distance>1</Distance>
              <FromPointRef ref="VTR:ScheduledStopPoint:123299" version="1"/>
              <ToPointRef ref="VTR:ScheduledStopPoint:123300" version="1"/>
            </ServiceLink>
            <ServiceLink id="VTR:ServiceLink:123305_1_123306_1" version="1">
              <Distance>0</Distance>
              <FromPointRef ref="VTR:ScheduledStopPoint:123305" version="1"/>
              <ToPointRef ref="VTR:ScheduledStopPoint:123306" version="1"/>
            </ServiceLink>
            <ServiceLink id="VTR:ServiceLink:127172_1_127173_1" version="1">
              <Distance>1</Distance>
              <FromPointRef ref="VTR:ScheduledStopPoint:127172" version="1"/>
              <ToPointRef ref="VTR:ScheduledStopPoint:127173" version="1"/>
            </ServiceLink>
            <ServiceLink id="VTR:ServiceLink:123295_1_123296_1" version="1">
              <Distance>1</Distance>
              <FromPointRef ref="VTR:ScheduledStopPoint:123295" version="1"/>
              <ToPointRef ref="VTR:ScheduledStopPoint:123296" version="1"/>
            </ServiceLink>
            <ServiceLink id="VTR:ServiceLink:123302_1_123303_1" version="1">
              <Distance>2</Distance>
              <FromPointRef ref="VTR:ScheduledStopPoint:123302" version="1"/>
              <ToPointRef ref="VTR:ScheduledStopPoint:123303" version="1"/>
            </ServiceLink>
            <ServiceLink id="VTR:ServiceLink:123304_1_123305_1" version="1">
              <Distance>3</Distance>
              <FromPointRef ref="VTR:ScheduledStopPoint:123304" version="1"/>
              <ToPointRef ref="VTR:ScheduledStopPoint:123305" version="1"/>
            </ServiceLink>
            <ServiceLink id="VTR:ServiceLink:127170_1_127171_1" version="1">
              <Distance>0</Distance>
              <FromPointRef ref="VTR:ScheduledStopPoint:127170" version="1"/>
              <ToPointRef ref="VTR:ScheduledStopPoint:127171" version="1"/>
            </ServiceLink>
            <ServiceLink id="VTR:ServiceLink:123301_1_123302_1" version="1">
              <Distance>2</Distance>
              <FromPointRef ref="VTR:ScheduledStopPoint:123301" version="1"/>
              <ToPointRef ref="VTR:ScheduledStopPoint:123302" version="1"/>
            </ServiceLink>
            <ServiceLink id="VTR:ServiceLink:123296_1_123297_1" version="1">
              <Distance>1</Distance>
              <FromPointRef ref="VTR:ScheduledStopPoint:123296" version="1"/>
              <ToPointRef ref="VTR:ScheduledStopPoint:123297" version="1"/>
            </ServiceLink>
            <ServiceLink id="VTR:ServiceLink:127171_1_127172_1" version="1">
              <Distance>3</Distance>
              <FromPointRef ref="VTR:ScheduledStopPoint:127171" version="1"/>
              <ToPointRef ref="VTR:ScheduledStopPoint:127172" version="1"/>
            </ServiceLink>
            <ServiceLink id="VTR:ServiceLink:127186_1_127187_1" version="1">
              <Distance>2</Distance>
              <FromPointRef ref="VTR:ScheduledStopPoint:127186" version="1"/>
              <ToPointRef ref="VTR:ScheduledStopPoint:127187" version="1"/>
            </ServiceLink>
            <ServiceLink id="VTR:ServiceLink:127185_1_127186_1" version="1">
              <Distance>1</Distance>
              <FromPointRef ref="VTR:ScheduledStopPoint:127185" version="1"/>
              <ToPointRef ref="VTR:ScheduledStopPoint:127186" version="1"/>
            </ServiceLink>
            <ServiceLink id="VTR:ServiceLink:123288_1_123289_1" version="1">
              <Distance>3</Distance>
              <FromPointRef ref="VTR:ScheduledStopPoint:123288" version="1"/>
              <ToPointRef ref="VTR:ScheduledStopPoint:123289" version="1"/>
            </ServiceLink>
            <ServiceLink id="VTR:ServiceLink:123292_1_123293_1" version="1">
              <Distance>2</Distance>
              <FromPointRef ref="VTR:ScheduledStopPoint:123292" version="1"/>
              <ToPointRef ref="VTR:ScheduledStopPoint:123293" version="1"/>
            </ServiceLink>
            <ServiceLink id="VTR:ServiceLink:127178_1_127179_1" version="1">
              <Distance>0</Distance>
              <FromPointRef ref="VTR:ScheduledStopPoint:127178" version="1"/>
              <ToPointRef ref="VTR:ScheduledStopPoint:127179" version="1"/>
            </ServiceLink>
            <ServiceLink id="VTR:ServiceLink:127173_1_127174_1" version="1">
              <Distance>2</Distance>
              <FromPointRef ref="VTR:ScheduledStopPoint:127173" version="1"/>
              <ToPointRef ref="VTR:ScheduledStopPoint:127174" version="1"/>
            </ServiceLink>
            <ServiceLink id="VTR:ServiceLink:127177_1_127178_1" version="1">
              <Distance>3</Distance>
              <FromPointRef ref="VTR:ScheduledStopPoint:127177" version="1"/>
              <ToPointRef ref="VTR:ScheduledStopPoint:127178" version="1"/>
            </ServiceLink>
            <ServiceLink id="VTR:ServiceLink:127179_1_127180_1" version="1">
              <Distance>2</Distance>
              <FromPointRef ref="VTR:ScheduledStopPoint:127179" version="1"/>
              <ToPointRef ref="VTR:ScheduledStopPoint:127180" version="1"/>
            </ServiceLink>
            <ServiceLink id="VTR:ServiceLink:127184_1_127185_1" version="1">
              <Distance>3</Distance>
              <FromPointRef ref="VTR:ScheduledStopPoint:127184" version="1"/>
              <ToPointRef ref="VTR:ScheduledStopPoint:127185" version="1"/>
            </ServiceLink>
            <ServiceLink id="VTR:ServiceLink:123291_1_123292_1" version="1">
              <Distance>1</Distance>
              <FromPointRef ref="VTR:ScheduledStopPoint:123291" version="1"/>
              <ToPointRef ref="VTR:ScheduledStopPoint:123292" version="1"/>
            </ServiceLink>
            <ServiceLink id="VTR:ServiceLink:127174_1_127175_1" version="1">
              <Distance>2</Distance>
              <FromPointRef ref="VTR:ScheduledStopPoint:127174" version="1"/>
              <ToPointRef ref="VTR:ScheduledStopPoint:127175" version="1"/>
            </ServiceLink>
            <ServiceLink id="VTR:ServiceLink:127176_1_127177_1" version="1">
              <Distance>1</Distance>
              <FromPointRef ref="VTR:ScheduledStopPoint:127176" version="1"/>
              <ToPointRef ref="VTR:ScheduledStopPoint:127177" version="1"/>
            </ServiceLink>
            <ServiceLink id="VTR:ServiceLink:123290_1_123291_1" version="1">
              <Distance>1</Distance>
              <FromPointRef ref="VTR:ScheduledStopPoint:123290" version="1"/>
              <ToPointRef ref="VTR:ScheduledStopPoint:123291" version="1"/>
            </ServiceLink>
            <ServiceLink id="VTR:ServiceLink:123293_1_123294_1" version="1">
              <Distance>4</Distance>
              <FromPointRef ref="VTR:ScheduledStopPoint:123293" version="1"/>
              <ToPointRef ref="VTR:ScheduledStopPoint:123294" version="1"/>
            </ServiceLink>
            <ServiceLink id="VTR:ServiceLink:123298_1_123299_1" version="1">
              <Distance>3</Distance>
              <FromPointRef ref="VTR:ScheduledStopPoint:123298" version="1"/>
              <ToPointRef ref="VTR:ScheduledStopPoint:123299" version="1"/>
            </ServiceLink>
            <ServiceLink id="VTR:ServiceLink:127182_1_127183_1" version="1">
              <Distance>2</Distance>
              <FromPointRef ref="VTR:ScheduledStopPoint:127182" version="1"/>
              <ToPointRef ref="VTR:ScheduledStopPoint:127183" version="1"/>
            </ServiceLink>
            <ServiceLink id="VTR:ServiceLink:123303_1_123304_1" version="1">
              <Distance>1</Distance>
              <FromPointRef ref="VTR:ScheduledStopPoint:123303" version="1"/>
              <ToPointRef ref="VTR:ScheduledStopPoint:123304" version="1"/>
            </ServiceLink>
          </serviceLinks>
          <stopAssignments>
            <PassengerStopAssignment order="732000000" id="VTR:PassengerStopAssignment:123288" version="1">
              <ScheduledStopPointRef ref="VTR:ScheduledStopPoint:123288" version="1"/>
              <QuayRef ref="VTR:Quay:19454"/>
            </PassengerStopAssignment>
            <PassengerStopAssignment order="732000001" id="VTR:PassengerStopAssignment:123289" version="1">
              <ScheduledStopPointRef ref="VTR:ScheduledStopPoint:123289" version="1"/>
              <QuayRef ref="VTR:Quay:8192"/>
            </PassengerStopAssignment>
            <PassengerStopAssignment order="732000002" id="VTR:PassengerStopAssignment:123290" version="1">
              <ScheduledStopPointRef ref="VTR:ScheduledStopPoint:123290" version="1"/>
              <QuayRef ref="VTR:Quay:9081"/>
            </PassengerStopAssignment>
            <PassengerStopAssignment order="732000003" id="VTR:PassengerStopAssignment:123291" version="1">
              <ScheduledStopPointRef ref="VTR:ScheduledStopPoint:123291" version="1"/>
              <QuayRef ref="VTR:Quay:20565"/>
            </PassengerStopAssignment>
            <PassengerStopAssignment order="732000004" id="VTR:PassengerStopAssignment:123292" version="1">
              <ScheduledStopPointRef ref="VTR:ScheduledStopPoint:123292" version="1"/>
              <QuayRef ref="VTR:Quay:6252"/>
            </PassengerStopAssignment>
            <PassengerStopAssignment order="732000005" id="VTR:PassengerStopAssignment:123293" version="1">
              <ScheduledStopPointRef ref="VTR:ScheduledStopPoint:123293" version="1"/>
              <QuayRef ref="VTR:Quay:20579"/>
            </PassengerStopAssignment>
            <PassengerStopAssignment order="732000006" id="VTR:PassengerStopAssignment:123294" version="1">
              <ScheduledStopPointRef ref="VTR:ScheduledStopPoint:123294" version="1"/>
              <QuayRef ref="VTR:Quay:11124"/>
            </PassengerStopAssignment>
            <PassengerStopAssignment order="732000007" id="VTR:PassengerStopAssignment:123295" version="1">
              <ScheduledStopPointRef ref="VTR:ScheduledStopPoint:123295" version="1"/>
              <QuayRef ref="VTR:Quay:20773"/>
            </PassengerStopAssignment>
            <PassengerStopAssignment order="732000008" id="VTR:PassengerStopAssignment:123296" version="1">
              <ScheduledStopPointRef ref="VTR:ScheduledStopPoint:123296" version="1"/>
              <QuayRef ref="VTR:Quay:20227"/>
            </PassengerStopAssignment>
            <PassengerStopAssignment order="732000009" id="VTR:PassengerStopAssignment:123297" version="1">
              <ScheduledStopPointRef ref="VTR:ScheduledStopPoint:123297" version="1"/>
              <QuayRef ref="VTR:Quay:20582"/>
            </PassengerStopAssignment>
            <PassengerStopAssignment order="732000010" id="VTR:PassengerStopAssignment:123298" version="1">
              <ScheduledStopPointRef ref="VTR:ScheduledStopPoint:123298" version="1"/>
              <QuayRef ref="VTR:Quay:10766"/>
            </PassengerStopAssignment>
            <PassengerStopAssignment order="732000011" id="VTR:PassengerStopAssignment:123299" version="1">
              <ScheduledStopPointRef ref="VTR:ScheduledStopPoint:123299" version="1"/>
              <QuayRef ref="VTR:Quay:5595"/>
            </PassengerStopAssignment>
            <PassengerStopAssignment order="732000012" id="VTR:PassengerStopAssignment:123300" version="1">
              <ScheduledStopPointRef ref="VTR:ScheduledStopPoint:123300" version="1"/>
              <QuayRef ref="VTR:Quay:8913"/>
            </PassengerStopAssignment>
            <PassengerStopAssignment order="732000013" id="VTR:PassengerStopAssignment:123301" version="1">
              <ScheduledStopPointRef ref="VTR:ScheduledStopPoint:123301" version="1"/>
              <QuayRef ref="VTR:Quay:12859"/>
            </PassengerStopAssignment>
            <PassengerStopAssignment order="732000014" id="VTR:PassengerStopAssignment:123302" version="1">
              <ScheduledStopPointRef ref="VTR:ScheduledStopPoint:123302" version="1"/>
              <QuayRef ref="VTR:Quay:20685"/>
            </PassengerStopAssignment>
            <PassengerStopAssignment order="732000015" id="VTR:PassengerStopAssignment:123303" version="1">
              <ScheduledStopPointRef ref="VTR:ScheduledStopPoint:123303" version="1"/>
              <QuayRef ref="VTR:Quay:20776"/>
            </PassengerStopAssignment>
            <PassengerStopAssignment order="732000016" id="VTR:PassengerStopAssignment:123304" version="1">
              <ScheduledStopPointRef ref="VTR:ScheduledStopPoint:123304" version="1"/>
              <QuayRef ref="VTR:Quay:5038"/>
            </PassengerStopAssignment>
            <PassengerStopAssignment order="732000017" id="VTR:PassengerStopAssignment:123305" version="1">
              <ScheduledStopPointRef ref="VTR:ScheduledStopPoint:123305" version="1"/>
              <QuayRef ref="VTR:Quay:13139"/>
            </PassengerStopAssignment>
            <PassengerStopAssignment order="732000018" id="VTR:PassengerStopAssignment:123306" version="1">
              <ScheduledStopPointRef ref="VTR:ScheduledStopPoint:123306" version="1"/>
              <QuayRef ref="VTR:Quay:20689"/>
            </PassengerStopAssignment>
            <PassengerStopAssignment order="757900000" id="VTR:PassengerStopAssignment:127170" version="1">
              <ScheduledStopPointRef ref="VTR:ScheduledStopPoint:127170" version="1"/>
              <QuayRef ref="VTR:Quay:14081"/>
            </PassengerStopAssignment>
            <PassengerStopAssignment order="757900001" id="VTR:PassengerStopAssignment:127171" version="1">
              <ScheduledStopPointRef ref="VTR:ScheduledStopPoint:127171" version="1"/>
              <QuayRef ref="VTR:Quay:13139"/>
            </PassengerStopAssignment>
            <PassengerStopAssignment order="757900002" id="VTR:PassengerStopAssignment:127172" version="1">
              <ScheduledStopPointRef ref="VTR:ScheduledStopPoint:127172" version="1"/>
              <QuayRef ref="VTR:Quay:5038"/>
            </PassengerStopAssignment>
            <PassengerStopAssignment order="757900003" id="VTR:PassengerStopAssignment:127173" version="1">
              <ScheduledStopPointRef ref="VTR:ScheduledStopPoint:127173" version="1"/>
              <QuayRef ref="VTR:Quay:20776"/>
            </PassengerStopAssignment>
            <PassengerStopAssignment order="757900004" id="VTR:PassengerStopAssignment:127174" version="1">
              <ScheduledStopPointRef ref="VTR:ScheduledStopPoint:127174" version="1"/>
              <QuayRef ref="VTR:Quay:20685"/>
            </PassengerStopAssignment>
            <PassengerStopAssignment order="757900005" id="VTR:PassengerStopAssignment:127175" version="1">
              <ScheduledStopPointRef ref="VTR:ScheduledStopPoint:127175" version="1"/>
              <QuayRef ref="VTR:Quay:12859"/>
            </PassengerStopAssignment>
            <PassengerStopAssignment order="757900006" id="VTR:PassengerStopAssignment:127176" version="1">
              <ScheduledStopPointRef ref="VTR:ScheduledStopPoint:127176" version="1"/>
              <QuayRef ref="VTR:Quay:8913"/>
            </PassengerStopAssignment>
            <PassengerStopAssignment order="757900007" id="VTR:PassengerStopAssignment:127177" version="1">
              <ScheduledStopPointRef ref="VTR:ScheduledStopPoint:127177" version="1"/>
              <QuayRef ref="VTR:Quay:5595"/>
            </PassengerStopAssignment>
            <PassengerStopAssignment order="757900008" id="VTR:PassengerStopAssignment:127178" version="1">
              <ScheduledStopPointRef ref="VTR:ScheduledStopPoint:127178" version="1"/>
              <QuayRef ref="VTR:Quay:10766"/>
            </PassengerStopAssignment>
            <PassengerStopAssignment order="757900009" id="VTR:PassengerStopAssignment:127179" version="1">
              <ScheduledStopPointRef ref="VTR:ScheduledStopPoint:127179" version="1"/>
              <QuayRef ref="VTR:Quay:20583"/>
            </PassengerStopAssignment>
            <PassengerStopAssignment order="757900010" id="VTR:PassengerStopAssignment:127180" version="1">
              <ScheduledStopPointRef ref="VTR:ScheduledStopPoint:127180" version="1"/>
              <QuayRef ref="VTR:Quay:20582"/>
            </PassengerStopAssignment>
            <PassengerStopAssignment order="757900011" id="VTR:PassengerStopAssignment:127181" version="1">
              <ScheduledStopPointRef ref="VTR:ScheduledStopPoint:127181" version="1"/>
              <QuayRef ref="VTR:Quay:11124"/>
            </PassengerStopAssignment>
            <PassengerStopAssignment order="757900012" id="VTR:PassengerStopAssignment:127182" version="1">
              <ScheduledStopPointRef ref="VTR:ScheduledStopPoint:127182" version="1"/>
              <QuayRef ref="VTR:Quay:9084"/>
            </PassengerStopAssignment>
            <PassengerStopAssignment order="757900013" id="VTR:PassengerStopAssignment:127183" version="1">
              <ScheduledStopPointRef ref="VTR:ScheduledStopPoint:127183" version="1"/>
              <QuayRef ref="VTR:Quay:6252"/>
            </PassengerStopAssignment>
            <PassengerStopAssignment order="757900014" id="VTR:PassengerStopAssignment:127184" version="1">
              <ScheduledStopPointRef ref="VTR:ScheduledStopPoint:127184" version="1"/>
              <QuayRef ref="VTR:Quay:20565"/>
            </PassengerStopAssignment>
            <PassengerStopAssignment order="757900015" id="VTR:PassengerStopAssignment:127185" version="1">
              <ScheduledStopPointRef ref="VTR:ScheduledStopPoint:127185" version="1"/>
              <QuayRef ref="VTR:Quay:8192"/>
            </PassengerStopAssignment>
            <PassengerStopAssignment order="757900016" id="VTR:PassengerStopAssignment:127186" version="1">
              <ScheduledStopPointRef ref="VTR:ScheduledStopPoint:127186" version="1"/>
              <QuayRef ref="VTR:Quay:6284"/>
            </PassengerStopAssignment>
            <PassengerStopAssignment order="757900017" id="VTR:PassengerStopAssignment:127187" version="1">
              <ScheduledStopPointRef ref="VTR:ScheduledStopPoint:127187" version="1"/>
              <QuayRef ref="VTR:Quay:19454"/>
            </PassengerStopAssignment>
          </stopAssignments>
          <journeyPatterns>
            <JourneyPattern id="VTR:JourneyPattern:57621" version="57678">
              <Name>58</Name>
              <RouteRef ref="VTR:Route:7320" version="1"/>
              <pointsInSequence>
                <StopPointInJourneyPattern id="VTR:StopPointInJourneyPattern:1161343" version="57678" order="1">
                  <ScheduledStopPointRef ref="VTR:ScheduledStopPoint:123288"/>
                  <DestinationDisplayRef ref="VTR:DestinationDisplay:1"/>
                </StopPointInJourneyPattern>
                <StopPointInJourneyPattern id="VTR:StopPointInJourneyPattern:1161344" version="57678" order="2">
                  <ScheduledStopPointRef ref="VTR:ScheduledStopPoint:123289"/>
                  <DestinationDisplayRef ref="VTR:DestinationDisplay:1"/>
                </StopPointInJourneyPattern>
                <StopPointInJourneyPattern id="VTR:StopPointInJourneyPattern:1161345" version="57678" order="3">
                  <ScheduledStopPointRef ref="VTR:ScheduledStopPoint:123290"/>
                  <DestinationDisplayRef ref="VTR:DestinationDisplay:1"/>
                </StopPointInJourneyPattern>
                <StopPointInJourneyPattern id="VTR:StopPointInJourneyPattern:1161346" version="57678" order="4">
                  <ScheduledStopPointRef ref="VTR:ScheduledStopPoint:123291"/>
                  <DestinationDisplayRef ref="VTR:DestinationDisplay:1"/>
                </StopPointInJourneyPattern>
                <StopPointInJourneyPattern id="VTR:StopPointInJourneyPattern:1161347" version="57678" order="5">
                  <ScheduledStopPointRef ref="VTR:ScheduledStopPoint:123292"/>
                  <DestinationDisplayRef ref="VTR:DestinationDisplay:1"/>
                </StopPointInJourneyPattern>
                <StopPointInJourneyPattern id="VTR:StopPointInJourneyPattern:1161348" version="57678" order="6">
                  <ScheduledStopPointRef ref="VTR:ScheduledStopPoint:123293"/>
                  <DestinationDisplayRef ref="VTR:DestinationDisplay:1"/>
                </StopPointInJourneyPattern>
                <StopPointInJourneyPattern id="VTR:StopPointInJourneyPattern:1161349" version="57678" order="7">
                  <ScheduledStopPointRef ref="VTR:ScheduledStopPoint:123294"/>
                  <DestinationDisplayRef ref="VTR:DestinationDisplay:1"/>
                </StopPointInJourneyPattern>
                <StopPointInJourneyPattern id="VTR:StopPointInJourneyPattern:1161350" version="57678" order="8">
                  <ScheduledStopPointRef ref="VTR:ScheduledStopPoint:123295"/>
                  <DestinationDisplayRef ref="VTR:DestinationDisplay:1"/>
                </StopPointInJourneyPattern>
                <StopPointInJourneyPattern id="VTR:StopPointInJourneyPattern:1161351" version="57678" order="9">
                  <ScheduledStopPointRef ref="VTR:ScheduledStopPoint:123296"/>
                  <DestinationDisplayRef ref="VTR:DestinationDisplay:1"/>
                </StopPointInJourneyPattern>
                <StopPointInJourneyPattern id="VTR:StopPointInJourneyPattern:1161352" version="57678" order="10">
                  <ScheduledStopPointRef ref="VTR:ScheduledStopPoint:123297"/>
                  <DestinationDisplayRef ref="VTR:DestinationDisplay:1"/>
                </StopPointInJourneyPattern>
                <StopPointInJourneyPattern id="VTR:StopPointInJourneyPattern:1161353" version="57678" order="11">
                  <ScheduledStopPointRef ref="VTR:ScheduledStopPoint:123298"/>
                  <DestinationDisplayRef ref="VTR:DestinationDisplay:1"/>
                </StopPointInJourneyPattern>
                <StopPointInJourneyPattern id="VTR:StopPointInJourneyPattern:1161354" version="57678" order="12">
                  <ScheduledStopPointRef ref="VTR:ScheduledStopPoint:123299"/>
                  <DestinationDisplayRef ref="VTR:DestinationDisplay:1"/>
                </StopPointInJourneyPattern>
                <StopPointInJourneyPattern id="VTR:StopPointInJourneyPattern:1161355" version="57678" order="13">
                  <ScheduledStopPointRef ref="VTR:ScheduledStopPoint:123300"/>
                  <DestinationDisplayRef ref="VTR:DestinationDisplay:1"/>
                </StopPointInJourneyPattern>
                <StopPointInJourneyPattern id="VTR:StopPointInJourneyPattern:1161356" version="57678" order="14">
                  <ScheduledStopPointRef ref="VTR:ScheduledStopPoint:123301"/>
                  <DestinationDisplayRef ref="VTR:DestinationDisplay:1"/>
                </StopPointInJourneyPattern>
                <StopPointInJourneyPattern id="VTR:StopPointInJourneyPattern:1161357" version="57678" order="15">
                  <ScheduledStopPointRef ref="VTR:ScheduledStopPoint:123302"/>
                  <DestinationDisplayRef ref="VTR:DestinationDisplay:1"/>
                </StopPointInJourneyPattern>
                <StopPointInJourneyPattern id="VTR:StopPointInJourneyPattern:1161358" version="57678" order="16">
                  <ScheduledStopPointRef ref="VTR:ScheduledStopPoint:123303"/>
                  <DestinationDisplayRef ref="VTR:DestinationDisplay:1"/>
                </StopPointInJourneyPattern>
                <StopPointInJourneyPattern id="VTR:StopPointInJourneyPattern:1161359" version="57678" order="17">
                  <ScheduledStopPointRef ref="VTR:ScheduledStopPoint:123304"/>
                  <DestinationDisplayRef ref="VTR:DestinationDisplay:1"/>
                </StopPointInJourneyPattern>
                <StopPointInJourneyPattern id="VTR:StopPointInJourneyPattern:1161360" version="57678" order="18">
                  <ScheduledStopPointRef ref="VTR:ScheduledStopPoint:123305"/>
                  <DestinationDisplayRef ref="VTR:DestinationDisplay:1"/>
                </StopPointInJourneyPattern>
                <StopPointInJourneyPattern id="VTR:StopPointInJourneyPattern:1161361" version="57678" order="19">
                  <ScheduledStopPointRef ref="VTR:ScheduledStopPoint:123306"/>
                  <DestinationDisplayRef ref="VTR:DestinationDisplay:1"/>
                </StopPointInJourneyPattern>
              </pointsInSequence>
            </JourneyPattern>
            <JourneyPattern id="VTR:JourneyPattern:58386" version="58449">
              <Name>1</Name>
              <RouteRef ref="VTR:Route:7579" version="1"/>
              <pointsInSequence>
                <StopPointInJourneyPattern id="VTR:StopPointInJourneyPattern:1174325" version="58449" order="1">
                  <ScheduledStopPointRef ref="VTR:ScheduledStopPoint:127170"/>
                  <DestinationDisplayRef ref="VTR:DestinationDisplay:1"/>
                </StopPointInJourneyPattern>
                <StopPointInJourneyPattern id="VTR:StopPointInJourneyPattern:1174326" version="58449" order="2">
                  <ScheduledStopPointRef ref="VTR:ScheduledStopPoint:127171"/>
                  <DestinationDisplayRef ref="VTR:DestinationDisplay:1"/>
                </StopPointInJourneyPattern>
                <StopPointInJourneyPattern id="VTR:StopPointInJourneyPattern:1174327" version="58449" order="3">
                  <ScheduledStopPointRef ref="VTR:ScheduledStopPoint:127172"/>
                  <DestinationDisplayRef ref="VTR:DestinationDisplay:1"/>
                </StopPointInJourneyPattern>
                <StopPointInJourneyPattern id="VTR:StopPointInJourneyPattern:1174328" version="58449" order="4">
                  <ScheduledStopPointRef ref="VTR:ScheduledStopPoint:127173"/>
                  <DestinationDisplayRef ref="VTR:DestinationDisplay:1"/>
                </StopPointInJourneyPattern>
                <StopPointInJourneyPattern id="VTR:StopPointInJourneyPattern:1174329" version="58449" order="5">
                  <ScheduledStopPointRef ref="VTR:ScheduledStopPoint:127174"/>
                  <DestinationDisplayRef ref="VTR:DestinationDisplay:1"/>
                </StopPointInJourneyPattern>
                <StopPointInJourneyPattern id="VTR:StopPointInJourneyPattern:1174330" version="58449" order="6">
                  <ScheduledStopPointRef ref="VTR:ScheduledStopPoint:127175"/>
                  <DestinationDisplayRef ref="VTR:DestinationDisplay:1"/>
                </StopPointInJourneyPattern>
                <StopPointInJourneyPattern id="VTR:StopPointInJourneyPattern:1174331" version="58449" order="7">
                  <ScheduledStopPointRef ref="VTR:ScheduledStopPoint:127176"/>
                  <DestinationDisplayRef ref="VTR:DestinationDisplay:1"/>
                </StopPointInJourneyPattern>
                <StopPointInJourneyPattern id="VTR:StopPointInJourneyPattern:1174332" version="58449" order="8">
                  <ScheduledStopPointRef ref="VTR:ScheduledStopPoint:127177"/>
                  <DestinationDisplayRef ref="VTR:DestinationDisplay:1"/>
                </StopPointInJourneyPattern>
                <StopPointInJourneyPattern id="VTR:StopPointInJourneyPattern:1174333" version="58449" order="9">
                  <ScheduledStopPointRef ref="VTR:ScheduledStopPoint:127178"/>
                  <DestinationDisplayRef ref="VTR:DestinationDisplay:1"/>
                </StopPointInJourneyPattern>
                <StopPointInJourneyPattern id="VTR:StopPointInJourneyPattern:1174334" version="58449" order="10">
                  <ScheduledStopPointRef ref="VTR:ScheduledStopPoint:127179"/>
                  <DestinationDisplayRef ref="VTR:DestinationDisplay:1"/>
                </StopPointInJourneyPattern>
                <StopPointInJourneyPattern id="VTR:StopPointInJourneyPattern:1174335" version="58449" order="11">
                  <ScheduledStopPointRef ref="VTR:ScheduledStopPoint:127180"/>
                  <DestinationDisplayRef ref="VTR:DestinationDisplay:1"/>
                </StopPointInJourneyPattern>
                <StopPointInJourneyPattern id="VTR:StopPointInJourneyPattern:1174336" version="58449" order="12">
                  <ScheduledStopPointRef ref="VTR:ScheduledStopPoint:127181"/>
                  <DestinationDisplayRef ref="VTR:DestinationDisplay:1"/>
                </StopPointInJourneyPattern>
                <StopPointInJourneyPattern id="VTR:StopPointInJourneyPattern:1174337" version="58449" order="13">
                  <ScheduledStopPointRef ref="VTR:ScheduledStopPoint:127182"/>
                  <DestinationDisplayRef ref="VTR:DestinationDisplay:1"/>
                </StopPointInJourneyPattern>
                <StopPointInJourneyPattern id="VTR:StopPointInJourneyPattern:1174338" version="58449" order="14">
                  <ScheduledStopPointRef ref="VTR:ScheduledStopPoint:127183"/>
                  <DestinationDisplayRef ref="VTR:DestinationDisplay:1"/>
                </StopPointInJourneyPattern>
                <StopPointInJourneyPattern id="VTR:StopPointInJourneyPattern:1174339" version="58449" order="15">
                  <ScheduledStopPointRef ref="VTR:ScheduledStopPoint:127184"/>
                  <DestinationDisplayRef ref="VTR:DestinationDisplay:1"/>
                </StopPointInJourneyPattern>
                <StopPointInJourneyPattern id="VTR:StopPointInJourneyPattern:1174340" version="58449" order="16">
                  <ScheduledStopPointRef ref="VTR:ScheduledStopPoint:127185"/>
                  <DestinationDisplayRef ref="VTR:DestinationDisplay:1"/>
                </StopPointInJourneyPattern>
                <StopPointInJourneyPattern id="VTR:StopPointInJourneyPattern:1174341" version="58449" order="17">
                  <ScheduledStopPointRef ref="VTR:ScheduledStopPoint:127186"/>
                  <DestinationDisplayRef ref="VTR:DestinationDisplay:1"/>
                </StopPointInJourneyPattern>
                <StopPointInJourneyPattern id="VTR:StopPointInJourneyPattern:1174342" version="58449" order="18">
                  <ScheduledStopPointRef ref="VTR:ScheduledStopPoint:127187"/>
                  <DestinationDisplayRef ref="VTR:DestinationDisplay:1"/>
                </StopPointInJourneyPattern>
              </pointsInSequence>
            </JourneyPattern>
          </journeyPatterns>
        </ServiceFrame>
        <TimetableFrame version="1" id="VTR:TimetableFrame:1401">
          <vehicleJourneys>
            <ServiceJourney version="57678" id="VTR:ServiceJourney:57621">
              <Name>Vilkaviškis-Vištytis per Kybartus</Name>
              <PrivateCode>58</PrivateCode>
              <dayTypes>
                <DayTypeRef ref="VTR:DayType:2908"/>
              </dayTypes>
              <JourneyPatternRef version="57678" ref="VTR:JourneyPattern:57621"/>
              <OperatorRef ref="VTR:Operator:"/>
              <LineRef ref="VTR:Line:1283" version="1264"/>
              <passingTimes>
                <TimetabledPassingTime version="57678" id="VTR:TimetabledPassingTime:57621_1161343_1">
                  <StopPointInJourneyPatternRef ref="VTR:StopPointInJourneyPattern:1161343" version="57678"/>
                  <DepartureTime>12:10:00</DepartureTime>
                  <DepartureDayOffset>0</DepartureDayOffset>
                </TimetabledPassingTime>
                <TimetabledPassingTime version="57678" id="VTR:TimetabledPassingTime:57621_1161344_2">
                  <StopPointInJourneyPatternRef ref="VTR:StopPointInJourneyPattern:1161344" version="57678"/>
                  <DepartureTime>12:20:00</DepartureTime>
                  <DepartureDayOffset>0</DepartureDayOffset>
                </TimetabledPassingTime>
                <TimetabledPassingTime version="57678" id="VTR:TimetabledPassingTime:57621_1161345_3">
                  <StopPointInJourneyPatternRef ref="VTR:StopPointInJourneyPattern:1161345" version="57678"/>
                  <DepartureTime>12:26:00</DepartureTime>
                  <DepartureDayOffset>0</DepartureDayOffset>
                </TimetabledPassingTime>
                <TimetabledPassingTime version="57678" id="VTR:TimetabledPassingTime:57621_1161346_4">
                  <StopPointInJourneyPatternRef ref="VTR:StopPointInJourneyPattern:1161346" version="57678"/>
                  <DepartureTime>12:32:00</DepartureTime>
                  <DepartureDayOffset>0</DepartureDayOffset>
                </TimetabledPassingTime>
                <TimetabledPassingTime version="57678" id="VTR:TimetabledPassingTime:57621_1161347_5">
                  <StopPointInJourneyPatternRef ref="VTR:StopPointInJourneyPattern:1161347" version="57678"/>
                  <DepartureTime>12:41:00</DepartureTime>
                  <DepartureDayOffset>0</DepartureDayOffset>
                </TimetabledPassingTime>
                <TimetabledPassingTime version="57678" id="VTR:TimetabledPassingTime:57621_1161348_6">
                  <StopPointInJourneyPatternRef ref="VTR:StopPointInJourneyPattern:1161348" version="57678"/>
                  <DepartureTime>12:47:00</DepartureTime>
                  <DepartureDayOffset>0</DepartureDayOffset>
                </TimetabledPassingTime>
                <TimetabledPassingTime version="57678" id="VTR:TimetabledPassingTime:57621_1161349_7">
                  <StopPointInJourneyPatternRef ref="VTR:StopPointInJourneyPattern:1161349" version="57678"/>
                  <DepartureTime>12:54:00</DepartureTime>
                  <DepartureDayOffset>0</DepartureDayOffset>
                </TimetabledPassingTime>
                <TimetabledPassingTime version="57678" id="VTR:TimetabledPassingTime:57621_1161350_8">
                  <StopPointInJourneyPatternRef ref="VTR:StopPointInJourneyPattern:1161350" version="57678"/>
                  <DepartureTime>13:07:00</DepartureTime>
                  <DepartureDayOffset>0</DepartureDayOffset>
                </TimetabledPassingTime>
                <TimetabledPassingTime version="57678" id="VTR:TimetabledPassingTime:57621_1161351_9">
                  <StopPointInJourneyPatternRef ref="VTR:StopPointInJourneyPattern:1161351" version="57678"/>
                  <DepartureTime>13:13:00</DepartureTime>
                  <DepartureDayOffset>0</DepartureDayOffset>
                </TimetabledPassingTime>
                <TimetabledPassingTime version="57678" id="VTR:TimetabledPassingTime:57621_1161352_10">
                  <StopPointInJourneyPatternRef ref="VTR:StopPointInJourneyPattern:1161352" version="57678"/>
                  <DepartureTime>13:18:00</DepartureTime>
                  <DepartureDayOffset>0</DepartureDayOffset>
                </TimetabledPassingTime>
                <TimetabledPassingTime version="57678" id="VTR:TimetabledPassingTime:57621_1161353_11">
                  <StopPointInJourneyPatternRef ref="VTR:StopPointInJourneyPattern:1161353" version="57678"/>
                  <DepartureTime>13:23:00</DepartureTime>
                  <DepartureDayOffset>0</DepartureDayOffset>
                </TimetabledPassingTime>
                <TimetabledPassingTime version="57678" id="VTR:TimetabledPassingTime:57621_1161354_12">
                  <StopPointInJourneyPatternRef ref="VTR:StopPointInJourneyPattern:1161354" version="57678"/>
                  <DepartureTime>13:28:00</DepartureTime>
                  <DepartureDayOffset>0</DepartureDayOffset>
                </TimetabledPassingTime>
                <TimetabledPassingTime version="57678" id="VTR:TimetabledPassingTime:57621_1161355_13">
                  <StopPointInJourneyPatternRef ref="VTR:StopPointInJourneyPattern:1161355" version="57678"/>
                  <DepartureTime>13:34:00</DepartureTime>
                  <DepartureDayOffset>0</DepartureDayOffset>
                </TimetabledPassingTime>
                <TimetabledPassingTime version="57678" id="VTR:TimetabledPassingTime:57621_1161356_14">
                  <StopPointInJourneyPatternRef ref="VTR:StopPointInJourneyPattern:1161356" version="57678"/>
                  <DepartureTime>13:40:00</DepartureTime>
                  <DepartureDayOffset>0</DepartureDayOffset>
                </TimetabledPassingTime>
                <TimetabledPassingTime version="57678" id="VTR:TimetabledPassingTime:57621_1161357_15">
                  <StopPointInJourneyPatternRef ref="VTR:StopPointInJourneyPattern:1161357" version="57678"/>
                  <DepartureTime>13:46:00</DepartureTime>
                  <DepartureDayOffset>0</DepartureDayOffset>
                </TimetabledPassingTime>
                <TimetabledPassingTime version="57678" id="VTR:TimetabledPassingTime:57621_1161358_16">
                  <StopPointInJourneyPatternRef ref="VTR:StopPointInJourneyPattern:1161358" version="57678"/>
                  <DepartureTime>13:53:00</DepartureTime>
                  <DepartureDayOffset>0</DepartureDayOffset>
                </TimetabledPassingTime>
                <TimetabledPassingTime version="57678" id="VTR:TimetabledPassingTime:57621_1161359_17">
                  <StopPointInJourneyPatternRef ref="VTR:StopPointInJourneyPattern:1161359" version="57678"/>
                  <DepartureTime>13:59:00</DepartureTime>
                  <DepartureDayOffset>0</DepartureDayOffset>
                </TimetabledPassingTime>
                <TimetabledPassingTime version="57678" id="VTR:TimetabledPassingTime:57621_1161360_18">
                  <StopPointInJourneyPatternRef ref="VTR:StopPointInJourneyPattern:1161360" version="57678"/>
                  <DepartureTime>14:04:00</DepartureTime>
                  <DepartureDayOffset>0</DepartureDayOffset>
                </TimetabledPassingTime>
                <TimetabledPassingTime version="57678" id="VTR:TimetabledPassingTime:57621_1161361_19">
                  <StopPointInJourneyPatternRef ref="VTR:StopPointInJourneyPattern:1161361" version="57678"/>
                  <DepartureTime>14:08:00</DepartureTime>
                  <DepartureDayOffset>0</DepartureDayOffset>
                </TimetabledPassingTime>
              </passingTimes>
            </ServiceJourney>
            <ServiceJourney version="58449" id="VTR:ServiceJourney:58386">
              <Name>Vištytis -Vilkaviškis per Kybartus</Name>
              <PrivateCode>1</PrivateCode>
              <dayTypes>
                <DayTypeRef ref="VTR:DayType:2971"/>
              </dayTypes>
              <JourneyPatternRef version="58449" ref="VTR:JourneyPattern:58386"/>
              <OperatorRef ref="VTR:Operator:"/>
              <LineRef ref="VTR:Line:1283" version="1264"/>
              <passingTimes>
                <TimetabledPassingTime version="58449" id="VTR:TimetabledPassingTime:58386_1174325_1">
                  <StopPointInJourneyPatternRef ref="VTR:StopPointInJourneyPattern:1174325" version="58449"/>
                  <DepartureTime>13:15:00</DepartureTime>
                  <DepartureDayOffset>0</DepartureDayOffset>
                </TimetabledPassingTime>
                <TimetabledPassingTime version="58449" id="VTR:TimetabledPassingTime:58386_1174326_2">
                  <StopPointInJourneyPatternRef ref="VTR:StopPointInJourneyPattern:1174326" version="58449"/>
                  <DepartureTime>13:19:00</DepartureTime>
                  <DepartureDayOffset>0</DepartureDayOffset>
                </TimetabledPassingTime>
                <TimetabledPassingTime version="58449" id="VTR:TimetabledPassingTime:58386_1174327_3">
                  <StopPointInJourneyPatternRef ref="VTR:StopPointInJourneyPattern:1174327" version="58449"/>
                  <DepartureTime>13:26:00</DepartureTime>
                  <DepartureDayOffset>0</DepartureDayOffset>
                </TimetabledPassingTime>
                <TimetabledPassingTime version="58449" id="VTR:TimetabledPassingTime:58386_1174328_4">
                  <StopPointInJourneyPatternRef ref="VTR:StopPointInJourneyPattern:1174328" version="58449"/>
                  <DepartureTime>13:32:00</DepartureTime>
                  <DepartureDayOffset>0</DepartureDayOffset>
                </TimetabledPassingTime>
                <TimetabledPassingTime version="58449" id="VTR:TimetabledPassingTime:58386_1174329_5">
                  <StopPointInJourneyPatternRef ref="VTR:StopPointInJourneyPattern:1174329" version="58449"/>
                  <DepartureTime>13:38:00</DepartureTime>
                  <DepartureDayOffset>0</DepartureDayOffset>
                </TimetabledPassingTime>
                <TimetabledPassingTime version="58449" id="VTR:TimetabledPassingTime:58386_1174330_6">
                  <StopPointInJourneyPatternRef ref="VTR:StopPointInJourneyPattern:1174330" version="58449"/>
                  <DepartureTime>13:43:00</DepartureTime>
                  <DepartureDayOffset>0</DepartureDayOffset>
                </TimetabledPassingTime>
                <TimetabledPassingTime version="58449" id="VTR:TimetabledPassingTime:58386_1174331_7">
                  <StopPointInJourneyPatternRef ref="VTR:StopPointInJourneyPattern:1174331" version="58449"/>
                  <DepartureTime>13:54:00</DepartureTime>
                  <DepartureDayOffset>0</DepartureDayOffset>
                </TimetabledPassingTime>
                <TimetabledPassingTime version="58449" id="VTR:TimetabledPassingTime:58386_1174332_8">
                  <StopPointInJourneyPatternRef ref="VTR:StopPointInJourneyPattern:1174332" version="58449"/>
                  <DepartureTime>14:02:00</DepartureTime>
                  <DepartureDayOffset>0</DepartureDayOffset>
                </TimetabledPassingTime>
                <TimetabledPassingTime version="58449" id="VTR:TimetabledPassingTime:58386_1174333_9">
                  <StopPointInJourneyPatternRef ref="VTR:StopPointInJourneyPattern:1174333" version="58449"/>
                  <DepartureTime>14:14:00</DepartureTime>
                  <DepartureDayOffset>0</DepartureDayOffset>
                </TimetabledPassingTime>
                <TimetabledPassingTime version="58449" id="VTR:TimetabledPassingTime:58386_1174334_10">
                  <StopPointInJourneyPatternRef ref="VTR:StopPointInJourneyPattern:1174334" version="58449"/>
                  <DepartureTime>14:19:00</DepartureTime>
                  <DepartureDayOffset>0</DepartureDayOffset>
                </TimetabledPassingTime>
                <TimetabledPassingTime version="58449" id="VTR:TimetabledPassingTime:58386_1174335_11">
                  <StopPointInJourneyPatternRef ref="VTR:StopPointInJourneyPattern:1174335" version="58449"/>
                  <DepartureTime>14:27:00</DepartureTime>
                  <DepartureDayOffset>0</DepartureDayOffset>
                </TimetabledPassingTime>
                <TimetabledPassingTime version="58449" id="VTR:TimetabledPassingTime:58386_1174336_12">
                  <StopPointInJourneyPatternRef ref="VTR:StopPointInJourneyPattern:1174336" version="58449"/>
                  <DepartureTime>14:34:00</DepartureTime>
                  <DepartureDayOffset>0</DepartureDayOffset>
                </TimetabledPassingTime>
                <TimetabledPassingTime version="58449" id="VTR:TimetabledPassingTime:58386_1174337_13">
                  <StopPointInJourneyPatternRef ref="VTR:StopPointInJourneyPattern:1174337" version="58449"/>
                  <DepartureTime>14:39:00</DepartureTime>
                  <DepartureDayOffset>0</DepartureDayOffset>
                </TimetabledPassingTime>
                <TimetabledPassingTime version="58449" id="VTR:TimetabledPassingTime:58386_1174338_14">
                  <StopPointInJourneyPatternRef ref="VTR:StopPointInJourneyPattern:1174338" version="58449"/>
                  <DepartureTime>14:44:00</DepartureTime>
                  <DepartureDayOffset>0</DepartureDayOffset>
                </TimetabledPassingTime>
                <TimetabledPassingTime version="58449" id="VTR:TimetabledPassingTime:58386_1174339_15">
                  <StopPointInJourneyPatternRef ref="VTR:StopPointInJourneyPattern:1174339" version="58449"/>
                  <DepartureTime>14:50:00</DepartureTime>
                  <DepartureDayOffset>0</DepartureDayOffset>
                </TimetabledPassingTime>
                <TimetabledPassingTime version="58449" id="VTR:TimetabledPassingTime:58386_1174340_16">
                  <StopPointInJourneyPatternRef ref="VTR:StopPointInJourneyPattern:1174340" version="58449"/>
                  <DepartureTime>14:54:00</DepartureTime>
                  <DepartureDayOffset>0</DepartureDayOffset>
                </TimetabledPassingTime>
                <TimetabledPassingTime version="58449" id="VTR:TimetabledPassingTime:58386_1174341_17">
                  <StopPointInJourneyPatternRef ref="VTR:StopPointInJourneyPattern:1174341" version="58449"/>
                  <DepartureTime>14:59:00</DepartureTime>
                  <DepartureDayOffset>0</DepartureDayOffset>
                </TimetabledPassingTime>
                <TimetabledPassingTime version="58449" id="VTR:TimetabledPassingTime:58386_1174342_18">
                  <StopPointInJourneyPatternRef ref="VTR:StopPointInJourneyPattern:1174342" version="58449"/>
                  <DepartureTime>15:23:00</DepartureTime>
                  <DepartureDayOffset>0</DepartureDayOffset>
                </TimetabledPassingTime>
              </passingTimes>
            </ServiceJourney>
          </vehicleJourneys>
        </TimetableFrame>
        <ResourceFrame version="1" id="VTR:ResourceFrame:1401">
          <organisations>
            <Authority version="1" id="VTR:Authority:52">
              <CompanyNumber>39</CompanyNumber>
              <Name>Vilkaviškio r. sav.</Name>
              <LegalName>Vilkaviškio r. sav.</LegalName>
              <ContactDetails>
                <Email>savivaldybe@vilkaviskis.lt</Email>
                <Phone>834260062</Phone>
                <Url>www.vilkaviskis.lt</Url>
              </ContactDetails>
              <OrganisationType>authority</OrganisationType>
            </Authority>
          </organisations>
        </ResourceFrame>
        <FareFrame id="VTR:FareFrame:1283" version="1">
          <FrameDefaults>
            <DefaultCurrency>EUR</DefaultCurrency>
          </FrameDefaults>
          <usageParameters>
            <RoundTrip id="VTR:RoundTrip:single" version="1">
              <Name>Single</Name>
              <TripType>single</TripType>
            </RoundTrip>
            <FrequencyOfUse id="VTR:FrequencyOfUse:once" version="1">
              <Name>Once</Name>
              <MaximalFrequency>1</MaximalFrequency>
            </FrequencyOfUse>
          </usageParameters>
          <priceGroups>
            <PriceGroup id="VTR:PriceGroup:PG01" version="1">
              <Name>Flat Fare Products - Standard</Name>
              <members>
                <FareProductPrice id="VTR:FareProductPrice:standard" version="1">
                  <Name>Single fare</Name>
                  <Amount>0.41</Amount>
                  <Currency>EUR</Currency>
                </FareProductPrice>
              </members>
            </PriceGroup>
          </priceGroups>
        </FareFrame>
      </frames>
    </CompositeFrame>
  </dataObjects>
</PublicationDelivery>
