<?xml version="1.0" encoding="UTF-8"?><PublicationDelivery xmlns="http://www.netex.org.uk/netex" xmlns:gis="http://www.opengis.net/gml/3.2" xmlns:ns2="http://www.opengis.net/gml/3.2" xmlns:ns3="http://www.siri.org.uk/siri" xmlns:xsi="http://www.w3.org/2001/XMLSchema-instance" version="1" xsi:schemaLocation="">
  <PublicationTimestamp>2022-05-07T05:05:00.281</PublicationTimestamp>
  <ParticipantRef>VTR</ParticipantRef>
  <Description>1</Description>
  <dataObjects>
    <CompositeFrame created="2022-05-07T05:05:00.281" version="1" id="VTR:CompositeFrame:1401">
      <validityConditions>
        <AvailabilityCondition version="1" id="VTR:AvailabilityCondition:1401">
          <FromDate>2015-09-21T15:15:16</FromDate>
          <ToDate>2027-12-30T00:00:00</ToDate>
        </AvailabilityCondition>
      </validityConditions>
      <codespaces>
        <Codespace id="vtr">
          <Xmlns>VTR</Xmlns>
          <XmlnsUrl>http://www.visimarsrutai.lt/</XmlnsUrl>
        </Codespace>
      </codespaces>
      <FrameDefaults>
        <DefaultLocale>
          <TimeZone>Europe/Vilnius</TimeZone>
        </DefaultLocale>
        <DefaultLocationSystem>WGS84</DefaultLocationSystem>
      </FrameDefaults>
      <frames>
        <ServiceCalendarFrame version="1" id="VTR:ServiceCalendarFrame:1401">
          <dayTypes>
            <DayType id="VTR:DayType:2901" version="1">
              <properties>
                <PropertyOfDay>
                  <DaysOfWeek>Monday Tuesday Wednesday Thursday Friday</DaysOfWeek>
                </PropertyOfDay>
              </properties>
            </DayType>
            <DayType id="VTR:DayType:2906" version="1">
              <properties>
                <PropertyOfDay>
                  <DaysOfWeek>Wednesday</DaysOfWeek>
                </PropertyOfDay>
              </properties>
            </DayType>
            <DayType id="VTR:DayType:2940" version="1">
              <properties>
                <PropertyOfDay>
                  <DaysOfWeek>Monday Tuesday Wednesday Thursday Friday</DaysOfWeek>
                </PropertyOfDay>
              </properties>
            </DayType>
          </dayTypes>
          <operatingPeriods>
            <OperatingPeriod version="1" id="VTR:OperatingPeriod:2901">
              <FromDate>2015-11-12T00:00:00</FromDate>
              <ToDate>2020-12-31T00:00:00</ToDate>
            </OperatingPeriod>
            <OperatingPeriod version="1" id="VTR:OperatingPeriod:2906">
              <FromDate>2015-11-12T00:00:00</FromDate>
              <ToDate>2020-12-31T00:00:00</ToDate>
            </OperatingPeriod>
            <OperatingPeriod version="1" id="VTR:OperatingPeriod:2940">
              <FromDate>2015-11-12T00:00:00</FromDate>
              <ToDate>2020-12-31T00:00:00</ToDate>
            </OperatingPeriod>
          </operatingPeriods>
          <dayTypeAssignments>
            <DayTypeAssignment id="VTR:DayTypeAssignment:2901_0" version="1" order="2227">
              <OperatingPeriodRef ref="VTR:OperatingPeriod:2901" version="1"/>
              <DayTypeRef ref="VTR:DayType:2901" version="1"/>
            </DayTypeAssignment>
            <DayTypeAssignment id="VTR:DayTypeAssignment:2906_0" version="1" order="2236">
              <OperatingPeriodRef ref="VTR:OperatingPeriod:2906" version="1"/>
              <DayTypeRef ref="VTR:DayType:2906" version="1"/>
            </DayTypeAssignment>
            <DayTypeAssignment id="VTR:DayTypeAssignment:2940_0" version="1" order="2284">
              <OperatingPeriodRef ref="VTR:OperatingPeriod:2940" version="1"/>
              <DayTypeRef ref="VTR:DayType:2940" version="1"/>
            </DayTypeAssignment>
          </dayTypeAssignments>
        </ServiceCalendarFrame>
        <ServiceFrame id="VTR:ServiceFrame:1401" version="1">
          <Network version="0" id="VTR:Network:52"/>
          <routePoints>
            <RoutePoint version="1" id="VTR:RoutePoint:413568">
              <projections>
                <PointProjection version="1" id="VTR:PointProjection:8070">
                  <ProjectedPointRef ref="VTR:ScheduledStopPoint:413568" version="1"/>
                </PointProjection>
              </projections>
            </RoutePoint>
            <RoutePoint version="1" id="VTR:RoutePoint:413569">
              <projections>
                <PointProjection version="1" id="VTR:PointProjection:8071">
                  <ProjectedPointRef ref="VTR:ScheduledStopPoint:413569" version="1"/>
                </PointProjection>
              </projections>
            </RoutePoint>
            <RoutePoint version="1" id="VTR:RoutePoint:413570">
              <projections>
                <PointProjection version="1" id="VTR:PointProjection:8072">
                  <ProjectedPointRef ref="VTR:ScheduledStopPoint:413570" version="1"/>
                </PointProjection>
              </projections>
            </RoutePoint>
            <RoutePoint version="1" id="VTR:RoutePoint:413571">
              <projections>
                <PointProjection version="1" id="VTR:PointProjection:8073">
                  <ProjectedPointRef ref="VTR:ScheduledStopPoint:413571" version="1"/>
                </PointProjection>
              </projections>
            </RoutePoint>
            <RoutePoint version="1" id="VTR:RoutePoint:413572">
              <projections>
                <PointProjection version="1" id="VTR:PointProjection:8074">
                  <ProjectedPointRef ref="VTR:ScheduledStopPoint:413572" version="1"/>
                </PointProjection>
              </projections>
            </RoutePoint>
            <RoutePoint version="1" id="VTR:RoutePoint:413573">
              <projections>
                <PointProjection version="1" id="VTR:PointProjection:8075">
                  <ProjectedPointRef ref="VTR:ScheduledStopPoint:413573" version="1"/>
                </PointProjection>
              </projections>
            </RoutePoint>
            <RoutePoint version="1" id="VTR:RoutePoint:413574">
              <projections>
                <PointProjection version="1" id="VTR:PointProjection:8076">
                  <ProjectedPointRef ref="VTR:ScheduledStopPoint:413574" version="1"/>
                </PointProjection>
              </projections>
            </RoutePoint>
            <RoutePoint version="1" id="VTR:RoutePoint:413575">
              <projections>
                <PointProjection version="1" id="VTR:PointProjection:8077">
                  <ProjectedPointRef ref="VTR:ScheduledStopPoint:413575" version="1"/>
                </PointProjection>
              </projections>
            </RoutePoint>
            <RoutePoint version="1" id="VTR:RoutePoint:413576">
              <projections>
                <PointProjection version="1" id="VTR:PointProjection:8078">
                  <ProjectedPointRef ref="VTR:ScheduledStopPoint:413576" version="1"/>
                </PointProjection>
              </projections>
            </RoutePoint>
            <RoutePoint version="1" id="VTR:RoutePoint:413577">
              <projections>
                <PointProjection version="1" id="VTR:PointProjection:8079">
                  <ProjectedPointRef ref="VTR:ScheduledStopPoint:413577" version="1"/>
                </PointProjection>
              </projections>
            </RoutePoint>
            <RoutePoint version="1" id="VTR:RoutePoint:413578">
              <projections>
                <PointProjection version="1" id="VTR:PointProjection:8080">
                  <ProjectedPointRef ref="VTR:ScheduledStopPoint:413578" version="1"/>
                </PointProjection>
              </projections>
            </RoutePoint>
            <RoutePoint version="1" id="VTR:RoutePoint:413579">
              <projections>
                <PointProjection version="1" id="VTR:PointProjection:8081">
                  <ProjectedPointRef ref="VTR:ScheduledStopPoint:413579" version="1"/>
                </PointProjection>
              </projections>
            </RoutePoint>
            <RoutePoint version="1" id="VTR:RoutePoint:413580">
              <projections>
                <PointProjection version="1" id="VTR:PointProjection:8082">
                  <ProjectedPointRef ref="VTR:ScheduledStopPoint:413580" version="1"/>
                </PointProjection>
              </projections>
            </RoutePoint>
            <RoutePoint version="1" id="VTR:RoutePoint:413581">
              <projections>
                <PointProjection version="1" id="VTR:PointProjection:8083">
                  <ProjectedPointRef ref="VTR:ScheduledStopPoint:413581" version="1"/>
                </PointProjection>
              </projections>
            </RoutePoint>
            <RoutePoint version="1" id="VTR:RoutePoint:413582">
              <projections>
                <PointProjection version="1" id="VTR:PointProjection:8084">
                  <ProjectedPointRef ref="VTR:ScheduledStopPoint:413582" version="1"/>
                </PointProjection>
              </projections>
            </RoutePoint>
            <RoutePoint version="1" id="VTR:RoutePoint:413583">
              <projections>
                <PointProjection version="1" id="VTR:PointProjection:8085">
                  <ProjectedPointRef ref="VTR:ScheduledStopPoint:413583" version="1"/>
                </PointProjection>
              </projections>
            </RoutePoint>
            <RoutePoint version="1" id="VTR:RoutePoint:413584">
              <projections>
                <PointProjection version="1" id="VTR:PointProjection:8086">
                  <ProjectedPointRef ref="VTR:ScheduledStopPoint:413584" version="1"/>
                </PointProjection>
              </projections>
            </RoutePoint>
            <RoutePoint version="1" id="VTR:RoutePoint:413585">
              <projections>
                <PointProjection version="1" id="VTR:PointProjection:8087">
                  <ProjectedPointRef ref="VTR:ScheduledStopPoint:413585" version="1"/>
                </PointProjection>
              </projections>
            </RoutePoint>
            <RoutePoint version="1" id="VTR:RoutePoint:413586">
              <projections>
                <PointProjection version="1" id="VTR:PointProjection:8088">
                  <ProjectedPointRef ref="VTR:ScheduledStopPoint:413586" version="1"/>
                </PointProjection>
              </projections>
            </RoutePoint>
            <RoutePoint version="1" id="VTR:RoutePoint:413587">
              <projections>
                <PointProjection version="1" id="VTR:PointProjection:8089">
                  <ProjectedPointRef ref="VTR:ScheduledStopPoint:413587" version="1"/>
                </PointProjection>
              </projections>
            </RoutePoint>
            <RoutePoint version="1" id="VTR:RoutePoint:413588">
              <projections>
                <PointProjection version="1" id="VTR:PointProjection:8090">
                  <ProjectedPointRef ref="VTR:ScheduledStopPoint:413588" version="1"/>
                </PointProjection>
              </projections>
            </RoutePoint>
            <RoutePoint version="1" id="VTR:RoutePoint:413589">
              <projections>
                <PointProjection version="1" id="VTR:PointProjection:8091">
                  <ProjectedPointRef ref="VTR:ScheduledStopPoint:413589" version="1"/>
                </PointProjection>
              </projections>
            </RoutePoint>
            <RoutePoint version="1" id="VTR:RoutePoint:413590">
              <projections>
                <PointProjection version="1" id="VTR:PointProjection:8092">
                  <ProjectedPointRef ref="VTR:ScheduledStopPoint:413590" version="1"/>
                </PointProjection>
              </projections>
            </RoutePoint>
            <RoutePoint version="1" id="VTR:RoutePoint:413591">
              <projections>
                <PointProjection version="1" id="VTR:PointProjection:8093">
                  <ProjectedPointRef ref="VTR:ScheduledStopPoint:413591" version="1"/>
                </PointProjection>
              </projections>
            </RoutePoint>
            <RoutePoint version="1" id="VTR:RoutePoint:413592">
              <projections>
                <PointProjection version="1" id="VTR:PointProjection:8094">
                  <ProjectedPointRef ref="VTR:ScheduledStopPoint:413592" version="1"/>
                </PointProjection>
              </projections>
            </RoutePoint>
          </routePoints>
          <routes>
            <Route version="1" id="VTR:Route:11703">
              <Name>Piliakalniai-Vilkaviškis</Name>
              <ShortName>Piliakalniai-Vilkaviškis</ShortName>
              <LineRef ref="VTR:Line:2370" version="4866"/>
              <DirectionType>inbound</DirectionType>
              <pointsInSequence>
                <PointOnRoute version="1" id="VTR:PointOnRoute:413568" order="1">
                  <RoutePointRef ref="VTR:RoutePoint:413568"/>
                </PointOnRoute>
                <PointOnRoute version="1" id="VTR:PointOnRoute:413569" order="2">
                  <RoutePointRef ref="VTR:RoutePoint:413569"/>
                </PointOnRoute>
                <PointOnRoute version="1" id="VTR:PointOnRoute:413570" order="3">
                  <RoutePointRef ref="VTR:RoutePoint:413570"/>
                </PointOnRoute>
                <PointOnRoute version="1" id="VTR:PointOnRoute:413571" order="4">
                  <RoutePointRef ref="VTR:RoutePoint:413571"/>
                </PointOnRoute>
                <PointOnRoute version="1" id="VTR:PointOnRoute:413572" order="5">
                  <RoutePointRef ref="VTR:RoutePoint:413572"/>
                </PointOnRoute>
                <PointOnRoute version="1" id="VTR:PointOnRoute:413573" order="6">
                  <RoutePointRef ref="VTR:RoutePoint:413573"/>
                </PointOnRoute>
                <PointOnRoute version="1" id="VTR:PointOnRoute:413574" order="7">
                  <RoutePointRef ref="VTR:RoutePoint:413574"/>
                </PointOnRoute>
                <PointOnRoute version="1" id="VTR:PointOnRoute:413575" order="8">
                  <RoutePointRef ref="VTR:RoutePoint:413575"/>
                </PointOnRoute>
                <PointOnRoute version="1" id="VTR:PointOnRoute:413576" order="9">
                  <RoutePointRef ref="VTR:RoutePoint:413576"/>
                </PointOnRoute>
                <PointOnRoute version="1" id="VTR:PointOnRoute:413577" order="10">
                  <RoutePointRef ref="VTR:RoutePoint:413577"/>
                </PointOnRoute>
                <PointOnRoute version="1" id="VTR:PointOnRoute:413578" order="11">
                  <RoutePointRef ref="VTR:RoutePoint:413578"/>
                </PointOnRoute>
              </pointsInSequence>
            </Route>
            <Route version="1" id="VTR:Route:11704">
              <Name>Vilkaviškis-Piliakalniai-Vilkaviškis</Name>
              <ShortName>Vilkaviškis-Piliakalniai-Vilkaviškis</ShortName>
              <LineRef ref="VTR:Line:2370" version="4866"/>
              <DirectionType>outbound</DirectionType>
              <pointsInSequence>
                <PointOnRoute version="1" id="VTR:PointOnRoute:413579" order="1">
                  <RoutePointRef ref="VTR:RoutePoint:413579"/>
                </PointOnRoute>
                <PointOnRoute version="1" id="VTR:PointOnRoute:413580" order="2">
                  <RoutePointRef ref="VTR:RoutePoint:413580"/>
                </PointOnRoute>
                <PointOnRoute version="1" id="VTR:PointOnRoute:413581" order="3">
                  <RoutePointRef ref="VTR:RoutePoint:413581"/>
                </PointOnRoute>
                <PointOnRoute version="1" id="VTR:PointOnRoute:413582" order="4">
                  <RoutePointRef ref="VTR:RoutePoint:413582"/>
                </PointOnRoute>
                <PointOnRoute version="1" id="VTR:PointOnRoute:413583" order="5">
                  <RoutePointRef ref="VTR:RoutePoint:413583"/>
                </PointOnRoute>
                <PointOnRoute version="1" id="VTR:PointOnRoute:413584" order="6">
                  <RoutePointRef ref="VTR:RoutePoint:413584"/>
                </PointOnRoute>
                <PointOnRoute version="1" id="VTR:PointOnRoute:413585" order="7">
                  <RoutePointRef ref="VTR:RoutePoint:413585"/>
                </PointOnRoute>
                <PointOnRoute version="1" id="VTR:PointOnRoute:413586" order="8">
                  <RoutePointRef ref="VTR:RoutePoint:413586"/>
                </PointOnRoute>
                <PointOnRoute version="1" id="VTR:PointOnRoute:413587" order="9">
                  <RoutePointRef ref="VTR:RoutePoint:413587"/>
                </PointOnRoute>
                <PointOnRoute version="1" id="VTR:PointOnRoute:413588" order="10">
                  <RoutePointRef ref="VTR:RoutePoint:413588"/>
                </PointOnRoute>
                <PointOnRoute version="1" id="VTR:PointOnRoute:413589" order="11">
                  <RoutePointRef ref="VTR:RoutePoint:413589"/>
                </PointOnRoute>
                <PointOnRoute version="1" id="VTR:PointOnRoute:413590" order="12">
                  <RoutePointRef ref="VTR:RoutePoint:413590"/>
                </PointOnRoute>
                <PointOnRoute version="1" id="VTR:PointOnRoute:413591" order="13">
                  <RoutePointRef ref="VTR:RoutePoint:413591"/>
                </PointOnRoute>
                <PointOnRoute version="1" id="VTR:PointOnRoute:413592" order="14">
                  <RoutePointRef ref="VTR:RoutePoint:413592"/>
                </PointOnRoute>
              </pointsInSequence>
            </Route>
          </routes>
          <lines>
            <Line version="4866" id="VTR:Line:2370">
              <Name>Vilkaviškis-Piliakalniai-Vilkaviškis</Name>
              <TransportMode>bus</TransportMode>
              <TransportSubmode>
                <BusSubmode>regionalBus</BusSubmode>
              </TransportSubmode>
              <PublicCode>7</PublicCode>
              <OperatorRef ref="VTR:Operator:52"/>
            </Line>
          </lines>
          <scheduledStopPoints>
            <ScheduledStopPoint version="1" id="VTR:ScheduledStopPoint:413568">
              <Name>Piliakalniai 1</Name>
            </ScheduledStopPoint>
            <ScheduledStopPoint version="1" id="VTR:ScheduledStopPoint:413569">
              <Name>Vartai 2</Name>
            </ScheduledStopPoint>
            <ScheduledStopPoint version="1" id="VTR:ScheduledStopPoint:413570">
              <Name>Vartai 1</Name>
            </ScheduledStopPoint>
            <ScheduledStopPoint version="1" id="VTR:ScheduledStopPoint:413571">
              <Name>Bartninkai</Name>
            </ScheduledStopPoint>
            <ScheduledStopPoint version="1" id="VTR:ScheduledStopPoint:413572">
              <Name>Bartninkų m-la</Name>
            </ScheduledStopPoint>
            <ScheduledStopPoint version="1" id="VTR:ScheduledStopPoint:413573">
              <Name>Geisteriškiai</Name>
            </ScheduledStopPoint>
            <ScheduledStopPoint version="1" id="VTR:ScheduledStopPoint:413574">
              <Name>Auksėnai</Name>
            </ScheduledStopPoint>
            <ScheduledStopPoint version="1" id="VTR:ScheduledStopPoint:413575">
              <Name>Bajorai</Name>
            </ScheduledStopPoint>
            <ScheduledStopPoint version="1" id="VTR:ScheduledStopPoint:413576">
              <Name>Lakštučiai</Name>
            </ScheduledStopPoint>
            <ScheduledStopPoint version="1" id="VTR:ScheduledStopPoint:413577">
              <Name>Kolektyv.sodai</Name>
            </ScheduledStopPoint>
            <ScheduledStopPoint version="1" id="VTR:ScheduledStopPoint:413578">
              <Name>Vilkaviškio autobusų stotis</Name>
            </ScheduledStopPoint>
            <ScheduledStopPoint version="1" id="VTR:ScheduledStopPoint:413579">
              <Name>Vilkaviškio autobusų stotis</Name>
            </ScheduledStopPoint>
            <ScheduledStopPoint version="1" id="VTR:ScheduledStopPoint:413580">
              <Name>Piliakalniai 2</Name>
            </ScheduledStopPoint>
            <ScheduledStopPoint version="1" id="VTR:ScheduledStopPoint:413581">
              <Name>Piliakalniai 1</Name>
            </ScheduledStopPoint>
            <ScheduledStopPoint version="1" id="VTR:ScheduledStopPoint:413582">
              <Name>Piliakalniai 1</Name>
            </ScheduledStopPoint>
            <ScheduledStopPoint version="1" id="VTR:ScheduledStopPoint:413583">
              <Name>Vartai 2</Name>
            </ScheduledStopPoint>
            <ScheduledStopPoint version="1" id="VTR:ScheduledStopPoint:413584">
              <Name>Vartai 1</Name>
            </ScheduledStopPoint>
            <ScheduledStopPoint version="1" id="VTR:ScheduledStopPoint:413585">
              <Name>Bartninkai</Name>
            </ScheduledStopPoint>
            <ScheduledStopPoint version="1" id="VTR:ScheduledStopPoint:413586">
              <Name>Bartninkų m-la</Name>
            </ScheduledStopPoint>
            <ScheduledStopPoint version="1" id="VTR:ScheduledStopPoint:413587">
              <Name>Geisteriškiai</Name>
            </ScheduledStopPoint>
            <ScheduledStopPoint version="1" id="VTR:ScheduledStopPoint:413588">
              <Name>Auksėnai</Name>
            </ScheduledStopPoint>
            <ScheduledStopPoint version="1" id="VTR:ScheduledStopPoint:413589">
              <Name>Bajorai</Name>
            </ScheduledStopPoint>
            <ScheduledStopPoint version="1" id="VTR:ScheduledStopPoint:413590">
              <Name>Lakštučiai</Name>
            </ScheduledStopPoint>
            <ScheduledStopPoint version="1" id="VTR:ScheduledStopPoint:413591">
              <Name>Kolektyv.sodai</Name>
            </ScheduledStopPoint>
            <ScheduledStopPoint version="1" id="VTR:ScheduledStopPoint:413592">
              <Name>Vilkaviškio autobusų stotis</Name>
            </ScheduledStopPoint>
          </scheduledStopPoints>
          <serviceLinks>
            <ServiceLink id="VTR:ServiceLink:413586_1_413587_1" version="1">
              <Distance>3</Distance>
              <FromPointRef ref="VTR:ScheduledStopPoint:413586" version="1"/>
              <ToPointRef ref="VTR:ScheduledStopPoint:413587" version="1"/>
            </ServiceLink>
            <ServiceLink id="VTR:ServiceLink:413585_1_413586_1" version="1">
              <Distance>1</Distance>
              <FromPointRef ref="VTR:ScheduledStopPoint:413585" version="1"/>
              <ToPointRef ref="VTR:ScheduledStopPoint:413586" version="1"/>
            </ServiceLink>
            <ServiceLink id="VTR:ServiceLink:413587_1_413588_1" version="1">
              <Distance>1</Distance>
              <FromPointRef ref="VTR:ScheduledStopPoint:413587" version="1"/>
              <ToPointRef ref="VTR:ScheduledStopPoint:413588" version="1"/>
            </ServiceLink>
            <ServiceLink id="VTR:ServiceLink:413582_1_413583_1" version="1">
              <Distance>5</Distance>
              <FromPointRef ref="VTR:ScheduledStopPoint:413582" version="1"/>
              <ToPointRef ref="VTR:ScheduledStopPoint:413583" version="1"/>
            </ServiceLink>
            <ServiceLink id="VTR:ServiceLink:413591_1_413592_1" version="1">
              <Distance>2</Distance>
              <FromPointRef ref="VTR:ScheduledStopPoint:413591" version="1"/>
              <ToPointRef ref="VTR:ScheduledStopPoint:413592" version="1"/>
            </ServiceLink>
            <ServiceLink id="VTR:ServiceLink:413588_1_413589_1" version="1">
              <Distance>0</Distance>
              <FromPointRef ref="VTR:ScheduledStopPoint:413588" version="1"/>
              <ToPointRef ref="VTR:ScheduledStopPoint:413589" version="1"/>
            </ServiceLink>
            <ServiceLink id="VTR:ServiceLink:413579_1_413580_1" version="1">
              <Distance>22</Distance>
              <FromPointRef ref="VTR:ScheduledStopPoint:413579" version="1"/>
              <ToPointRef ref="VTR:ScheduledStopPoint:413580" version="1"/>
            </ServiceLink>
            <ServiceLink id="VTR:ServiceLink:413581_1_413582_1" version="1">
              <Distance>0</Distance>
              <FromPointRef ref="VTR:ScheduledStopPoint:413581" version="1"/>
              <ToPointRef ref="VTR:ScheduledStopPoint:413582" version="1"/>
            </ServiceLink>
            <ServiceLink id="VTR:ServiceLink:413590_1_413591_1" version="1">
              <Distance>6</Distance>
              <FromPointRef ref="VTR:ScheduledStopPoint:413590" version="1"/>
              <ToPointRef ref="VTR:ScheduledStopPoint:413591" version="1"/>
            </ServiceLink>
            <ServiceLink id="VTR:ServiceLink:413580_1_413581_1" version="1">
              <Distance>1</Distance>
              <FromPointRef ref="VTR:ScheduledStopPoint:413580" version="1"/>
              <ToPointRef ref="VTR:ScheduledStopPoint:413581" version="1"/>
            </ServiceLink>
            <ServiceLink id="VTR:ServiceLink:413584_1_413585_1" version="1">
              <Distance>4</Distance>
              <FromPointRef ref="VTR:ScheduledStopPoint:413584" version="1"/>
              <ToPointRef ref="VTR:ScheduledStopPoint:413585" version="1"/>
            </ServiceLink>
            <ServiceLink id="VTR:ServiceLink:413583_1_413584_1" version="1">
              <Distance>0</Distance>
              <FromPointRef ref="VTR:ScheduledStopPoint:413583" version="1"/>
              <ToPointRef ref="VTR:ScheduledStopPoint:413584" version="1"/>
            </ServiceLink>
            <ServiceLink id="VTR:ServiceLink:413589_1_413590_1" version="1">
              <Distance>1</Distance>
              <FromPointRef ref="VTR:ScheduledStopPoint:413589" version="1"/>
              <ToPointRef ref="VTR:ScheduledStopPoint:413590" version="1"/>
            </ServiceLink>
          </serviceLinks>
          <stopAssignments>
            <PassengerStopAssignment order="1170300000" id="VTR:PassengerStopAssignment:413568" version="1">
              <ScheduledStopPointRef ref="VTR:ScheduledStopPoint:413568" version="1"/>
              <QuayRef ref="VTR:Quay:9177"/>
            </PassengerStopAssignment>
            <PassengerStopAssignment order="1170300001" id="VTR:PassengerStopAssignment:413569" version="1">
              <ScheduledStopPointRef ref="VTR:ScheduledStopPoint:413569" version="1"/>
              <QuayRef ref="VTR:Quay:7637"/>
            </PassengerStopAssignment>
            <PassengerStopAssignment order="1170300002" id="VTR:PassengerStopAssignment:413570" version="1">
              <ScheduledStopPointRef ref="VTR:ScheduledStopPoint:413570" version="1"/>
              <QuayRef ref="VTR:Quay:6333"/>
            </PassengerStopAssignment>
            <PassengerStopAssignment order="1170300003" id="VTR:PassengerStopAssignment:413571" version="1">
              <ScheduledStopPointRef ref="VTR:ScheduledStopPoint:413571" version="1"/>
              <QuayRef ref="VTR:Quay:5233"/>
            </PassengerStopAssignment>
            <PassengerStopAssignment order="1170300004" id="VTR:PassengerStopAssignment:413572" version="1">
              <ScheduledStopPointRef ref="VTR:ScheduledStopPoint:413572" version="1"/>
              <QuayRef ref="VTR:Quay:11022"/>
            </PassengerStopAssignment>
            <PassengerStopAssignment order="1170300005" id="VTR:PassengerStopAssignment:413573" version="1">
              <ScheduledStopPointRef ref="VTR:ScheduledStopPoint:413573" version="1"/>
              <QuayRef ref="VTR:Quay:13064"/>
            </PassengerStopAssignment>
            <PassengerStopAssignment order="1170300006" id="VTR:PassengerStopAssignment:413574" version="1">
              <ScheduledStopPointRef ref="VTR:ScheduledStopPoint:413574" version="1"/>
              <QuayRef ref="VTR:Quay:20707"/>
            </PassengerStopAssignment>
            <PassengerStopAssignment order="1170300007" id="VTR:PassengerStopAssignment:413575" version="1">
              <ScheduledStopPointRef ref="VTR:ScheduledStopPoint:413575" version="1"/>
              <QuayRef ref="VTR:Quay:5235"/>
            </PassengerStopAssignment>
            <PassengerStopAssignment order="1170300008" id="VTR:PassengerStopAssignment:413576" version="1">
              <ScheduledStopPointRef ref="VTR:ScheduledStopPoint:413576" version="1"/>
              <QuayRef ref="VTR:Quay:9918"/>
            </PassengerStopAssignment>
            <PassengerStopAssignment order="1170300009" id="VTR:PassengerStopAssignment:413577" version="1">
              <ScheduledStopPointRef ref="VTR:ScheduledStopPoint:413577" version="1"/>
              <QuayRef ref="VTR:Quay:5317"/>
            </PassengerStopAssignment>
            <PassengerStopAssignment order="1170300010" id="VTR:PassengerStopAssignment:413578" version="1">
              <ScheduledStopPointRef ref="VTR:ScheduledStopPoint:413578" version="1"/>
              <QuayRef ref="VTR:Quay:19454"/>
            </PassengerStopAssignment>
            <PassengerStopAssignment order="1170400000" id="VTR:PassengerStopAssignment:413579" version="1">
              <ScheduledStopPointRef ref="VTR:ScheduledStopPoint:413579" version="1"/>
              <QuayRef ref="VTR:Quay:19454"/>
            </PassengerStopAssignment>
            <PassengerStopAssignment order="1170400001" id="VTR:PassengerStopAssignment:413580" version="1">
              <ScheduledStopPointRef ref="VTR:ScheduledStopPoint:413580" version="1"/>
              <QuayRef ref="VTR:Quay:8131"/>
            </PassengerStopAssignment>
            <PassengerStopAssignment order="1170400002" id="VTR:PassengerStopAssignment:413581" version="1">
              <ScheduledStopPointRef ref="VTR:ScheduledStopPoint:413581" version="1"/>
              <QuayRef ref="VTR:Quay:9177"/>
            </PassengerStopAssignment>
            <PassengerStopAssignment order="1170400003" id="VTR:PassengerStopAssignment:413582" version="1">
              <ScheduledStopPointRef ref="VTR:ScheduledStopPoint:413582" version="1"/>
              <QuayRef ref="VTR:Quay:9177"/>
            </PassengerStopAssignment>
            <PassengerStopAssignment order="1170400004" id="VTR:PassengerStopAssignment:413583" version="1">
              <ScheduledStopPointRef ref="VTR:ScheduledStopPoint:413583" version="1"/>
              <QuayRef ref="VTR:Quay:7637"/>
            </PassengerStopAssignment>
            <PassengerStopAssignment order="1170400005" id="VTR:PassengerStopAssignment:413584" version="1">
              <ScheduledStopPointRef ref="VTR:ScheduledStopPoint:413584" version="1"/>
              <QuayRef ref="VTR:Quay:6333"/>
            </PassengerStopAssignment>
            <PassengerStopAssignment order="1170400006" id="VTR:PassengerStopAssignment:413585" version="1">
              <ScheduledStopPointRef ref="VTR:ScheduledStopPoint:413585" version="1"/>
              <QuayRef ref="VTR:Quay:5233"/>
            </PassengerStopAssignment>
            <PassengerStopAssignment order="1170400007" id="VTR:PassengerStopAssignment:413586" version="1">
              <ScheduledStopPointRef ref="VTR:ScheduledStopPoint:413586" version="1"/>
              <QuayRef ref="VTR:Quay:11022"/>
            </PassengerStopAssignment>
            <PassengerStopAssignment order="1170400008" id="VTR:PassengerStopAssignment:413587" version="1">
              <ScheduledStopPointRef ref="VTR:ScheduledStopPoint:413587" version="1"/>
              <QuayRef ref="VTR:Quay:13064"/>
            </PassengerStopAssignment>
            <PassengerStopAssignment order="1170400009" id="VTR:PassengerStopAssignment:413588" version="1">
              <ScheduledStopPointRef ref="VTR:ScheduledStopPoint:413588" version="1"/>
              <QuayRef ref="VTR:Quay:20707"/>
            </PassengerStopAssignment>
            <PassengerStopAssignment order="1170400010" id="VTR:PassengerStopAssignment:413589" version="1">
              <ScheduledStopPointRef ref="VTR:ScheduledStopPoint:413589" version="1"/>
              <QuayRef ref="VTR:Quay:5235"/>
            </PassengerStopAssignment>
            <PassengerStopAssignment order="1170400011" id="VTR:PassengerStopAssignment:413590" version="1">
              <ScheduledStopPointRef ref="VTR:ScheduledStopPoint:413590" version="1"/>
              <QuayRef ref="VTR:Quay:9918"/>
            </PassengerStopAssignment>
            <PassengerStopAssignment order="1170400012" id="VTR:PassengerStopAssignment:413591" version="1">
              <ScheduledStopPointRef ref="VTR:ScheduledStopPoint:413591" version="1"/>
              <QuayRef ref="VTR:Quay:5317"/>
            </PassengerStopAssignment>
            <PassengerStopAssignment order="1170400013" id="VTR:PassengerStopAssignment:413592" version="1">
              <ScheduledStopPointRef ref="VTR:ScheduledStopPoint:413592" version="1"/>
              <QuayRef ref="VTR:Quay:19454"/>
            </PassengerStopAssignment>
          </stopAssignments>
          <journeyPatterns>
            <JourneyPattern id="VTR:JourneyPattern:747605" version="747817">
              <Name>25</Name>
              <RouteRef ref="VTR:Route:11704" version="1"/>
              <pointsInSequence>
                <StopPointInJourneyPattern id="VTR:StopPointInJourneyPattern:18838004" version="747817" order="1">
                  <ScheduledStopPointRef ref="VTR:ScheduledStopPoint:413579"/>
                  <DestinationDisplayRef ref="VTR:DestinationDisplay:1"/>
                </StopPointInJourneyPattern>
                <StopPointInJourneyPattern id="VTR:StopPointInJourneyPattern:18838005" version="747817" order="2">
                  <ScheduledStopPointRef ref="VTR:ScheduledStopPoint:413580"/>
                  <DestinationDisplayRef ref="VTR:DestinationDisplay:1"/>
                </StopPointInJourneyPattern>
                <StopPointInJourneyPattern id="VTR:StopPointInJourneyPattern:18838006" version="747817" order="3">
                  <ScheduledStopPointRef ref="VTR:ScheduledStopPoint:413581"/>
                  <DestinationDisplayRef ref="VTR:DestinationDisplay:1"/>
                </StopPointInJourneyPattern>
                <StopPointInJourneyPattern id="VTR:StopPointInJourneyPattern:18838007" version="747817" order="4">
                  <ScheduledStopPointRef ref="VTR:ScheduledStopPoint:413582"/>
                  <DestinationDisplayRef ref="VTR:DestinationDisplay:1"/>
                </StopPointInJourneyPattern>
                <StopPointInJourneyPattern id="VTR:StopPointInJourneyPattern:18838008" version="747817" order="5">
                  <ScheduledStopPointRef ref="VTR:ScheduledStopPoint:413583"/>
                  <DestinationDisplayRef ref="VTR:DestinationDisplay:1"/>
                </StopPointInJourneyPattern>
                <StopPointInJourneyPattern id="VTR:StopPointInJourneyPattern:18838009" version="747817" order="6">
                  <ScheduledStopPointRef ref="VTR:ScheduledStopPoint:413584"/>
                  <DestinationDisplayRef ref="VTR:DestinationDisplay:1"/>
                </StopPointInJourneyPattern>
                <StopPointInJourneyPattern id="VTR:StopPointInJourneyPattern:18838010" version="747817" order="7">
                  <ScheduledStopPointRef ref="VTR:ScheduledStopPoint:413585"/>
                  <DestinationDisplayRef ref="VTR:DestinationDisplay:1"/>
                </StopPointInJourneyPattern>
                <StopPointInJourneyPattern id="VTR:StopPointInJourneyPattern:18838011" version="747817" order="8">
                  <ScheduledStopPointRef ref="VTR:ScheduledStopPoint:413586"/>
                  <DestinationDisplayRef ref="VTR:DestinationDisplay:1"/>
                </StopPointInJourneyPattern>
                <StopPointInJourneyPattern id="VTR:StopPointInJourneyPattern:18838012" version="747817" order="9">
                  <ScheduledStopPointRef ref="VTR:ScheduledStopPoint:413587"/>
                  <DestinationDisplayRef ref="VTR:DestinationDisplay:1"/>
                </StopPointInJourneyPattern>
                <StopPointInJourneyPattern id="VTR:StopPointInJourneyPattern:18838013" version="747817" order="10">
                  <ScheduledStopPointRef ref="VTR:ScheduledStopPoint:413588"/>
                  <DestinationDisplayRef ref="VTR:DestinationDisplay:1"/>
                </StopPointInJourneyPattern>
                <StopPointInJourneyPattern id="VTR:StopPointInJourneyPattern:18838014" version="747817" order="11">
                  <ScheduledStopPointRef ref="VTR:ScheduledStopPoint:413589"/>
                  <DestinationDisplayRef ref="VTR:DestinationDisplay:1"/>
                </StopPointInJourneyPattern>
                <StopPointInJourneyPattern id="VTR:StopPointInJourneyPattern:18838015" version="747817" order="12">
                  <ScheduledStopPointRef ref="VTR:ScheduledStopPoint:413590"/>
                  <DestinationDisplayRef ref="VTR:DestinationDisplay:1"/>
                </StopPointInJourneyPattern>
                <StopPointInJourneyPattern id="VTR:StopPointInJourneyPattern:18838016" version="747817" order="13">
                  <ScheduledStopPointRef ref="VTR:ScheduledStopPoint:413591"/>
                  <DestinationDisplayRef ref="VTR:DestinationDisplay:1"/>
                </StopPointInJourneyPattern>
                <StopPointInJourneyPattern id="VTR:StopPointInJourneyPattern:18838017" version="747817" order="14">
                  <ScheduledStopPointRef ref="VTR:ScheduledStopPoint:413592"/>
                  <DestinationDisplayRef ref="VTR:DestinationDisplay:1"/>
                </StopPointInJourneyPattern>
              </pointsInSequence>
            </JourneyPattern>
            <JourneyPattern id="VTR:JourneyPattern:747603" version="747815">
              <Name>3</Name>
              <RouteRef ref="VTR:Route:11704" version="1"/>
              <pointsInSequence>
                <StopPointInJourneyPattern id="VTR:StopPointInJourneyPattern:18837976" version="747815" order="1">
                  <ScheduledStopPointRef ref="VTR:ScheduledStopPoint:413579"/>
                  <DestinationDisplayRef ref="VTR:DestinationDisplay:1"/>
                </StopPointInJourneyPattern>
                <StopPointInJourneyPattern id="VTR:StopPointInJourneyPattern:18837977" version="747815" order="2">
                  <ScheduledStopPointRef ref="VTR:ScheduledStopPoint:413580"/>
                  <DestinationDisplayRef ref="VTR:DestinationDisplay:1"/>
                </StopPointInJourneyPattern>
                <StopPointInJourneyPattern id="VTR:StopPointInJourneyPattern:18837978" version="747815" order="3">
                  <ScheduledStopPointRef ref="VTR:ScheduledStopPoint:413581"/>
                  <DestinationDisplayRef ref="VTR:DestinationDisplay:1"/>
                </StopPointInJourneyPattern>
                <StopPointInJourneyPattern id="VTR:StopPointInJourneyPattern:18837979" version="747815" order="4">
                  <ScheduledStopPointRef ref="VTR:ScheduledStopPoint:413582"/>
                  <DestinationDisplayRef ref="VTR:DestinationDisplay:1"/>
                </StopPointInJourneyPattern>
                <StopPointInJourneyPattern id="VTR:StopPointInJourneyPattern:18837980" version="747815" order="5">
                  <ScheduledStopPointRef ref="VTR:ScheduledStopPoint:413583"/>
                  <DestinationDisplayRef ref="VTR:DestinationDisplay:1"/>
                </StopPointInJourneyPattern>
                <StopPointInJourneyPattern id="VTR:StopPointInJourneyPattern:18837981" version="747815" order="6">
                  <ScheduledStopPointRef ref="VTR:ScheduledStopPoint:413584"/>
                  <DestinationDisplayRef ref="VTR:DestinationDisplay:1"/>
                </StopPointInJourneyPattern>
                <StopPointInJourneyPattern id="VTR:StopPointInJourneyPattern:18837982" version="747815" order="7">
                  <ScheduledStopPointRef ref="VTR:ScheduledStopPoint:413585"/>
                  <DestinationDisplayRef ref="VTR:DestinationDisplay:1"/>
                </StopPointInJourneyPattern>
                <StopPointInJourneyPattern id="VTR:StopPointInJourneyPattern:18837983" version="747815" order="8">
                  <ScheduledStopPointRef ref="VTR:ScheduledStopPoint:413586"/>
                  <DestinationDisplayRef ref="VTR:DestinationDisplay:1"/>
                </StopPointInJourneyPattern>
                <StopPointInJourneyPattern id="VTR:StopPointInJourneyPattern:18837984" version="747815" order="9">
                  <ScheduledStopPointRef ref="VTR:ScheduledStopPoint:413587"/>
                  <DestinationDisplayRef ref="VTR:DestinationDisplay:1"/>
                </StopPointInJourneyPattern>
                <StopPointInJourneyPattern id="VTR:StopPointInJourneyPattern:18837985" version="747815" order="10">
                  <ScheduledStopPointRef ref="VTR:ScheduledStopPoint:413588"/>
                  <DestinationDisplayRef ref="VTR:DestinationDisplay:1"/>
                </StopPointInJourneyPattern>
                <StopPointInJourneyPattern id="VTR:StopPointInJourneyPattern:18837986" version="747815" order="11">
                  <ScheduledStopPointRef ref="VTR:ScheduledStopPoint:413589"/>
                  <DestinationDisplayRef ref="VTR:DestinationDisplay:1"/>
                </StopPointInJourneyPattern>
                <StopPointInJourneyPattern id="VTR:StopPointInJourneyPattern:18837987" version="747815" order="12">
                  <ScheduledStopPointRef ref="VTR:ScheduledStopPoint:413590"/>
                  <DestinationDisplayRef ref="VTR:DestinationDisplay:1"/>
                </StopPointInJourneyPattern>
                <StopPointInJourneyPattern id="VTR:StopPointInJourneyPattern:18837988" version="747815" order="13">
                  <ScheduledStopPointRef ref="VTR:ScheduledStopPoint:413591"/>
                  <DestinationDisplayRef ref="VTR:DestinationDisplay:1"/>
                </StopPointInJourneyPattern>
                <StopPointInJourneyPattern id="VTR:StopPointInJourneyPattern:18837989" version="747815" order="14">
                  <ScheduledStopPointRef ref="VTR:ScheduledStopPoint:413592"/>
                  <DestinationDisplayRef ref="VTR:DestinationDisplay:1"/>
                </StopPointInJourneyPattern>
              </pointsInSequence>
            </JourneyPattern>
            <JourneyPattern id="VTR:JourneyPattern:747604" version="747816">
              <Name>7</Name>
              <RouteRef ref="VTR:Route:11704" version="1"/>
              <pointsInSequence>
                <StopPointInJourneyPattern id="VTR:StopPointInJourneyPattern:18837990" version="747816" order="1">
                  <ScheduledStopPointRef ref="VTR:ScheduledStopPoint:413579"/>
                  <DestinationDisplayRef ref="VTR:DestinationDisplay:1"/>
                </StopPointInJourneyPattern>
                <StopPointInJourneyPattern id="VTR:StopPointInJourneyPattern:18837991" version="747816" order="2">
                  <ScheduledStopPointRef ref="VTR:ScheduledStopPoint:413580"/>
                  <DestinationDisplayRef ref="VTR:DestinationDisplay:1"/>
                </StopPointInJourneyPattern>
                <StopPointInJourneyPattern id="VTR:StopPointInJourneyPattern:18837992" version="747816" order="3">
                  <ScheduledStopPointRef ref="VTR:ScheduledStopPoint:413581"/>
                  <DestinationDisplayRef ref="VTR:DestinationDisplay:1"/>
                </StopPointInJourneyPattern>
                <StopPointInJourneyPattern id="VTR:StopPointInJourneyPattern:18837993" version="747816" order="4">
                  <ScheduledStopPointRef ref="VTR:ScheduledStopPoint:413582"/>
                  <DestinationDisplayRef ref="VTR:DestinationDisplay:1"/>
                </StopPointInJourneyPattern>
                <StopPointInJourneyPattern id="VTR:StopPointInJourneyPattern:18837994" version="747816" order="5">
                  <ScheduledStopPointRef ref="VTR:ScheduledStopPoint:413583"/>
                  <DestinationDisplayRef ref="VTR:DestinationDisplay:1"/>
                </StopPointInJourneyPattern>
                <StopPointInJourneyPattern id="VTR:StopPointInJourneyPattern:18837995" version="747816" order="6">
                  <ScheduledStopPointRef ref="VTR:ScheduledStopPoint:413584"/>
                  <DestinationDisplayRef ref="VTR:DestinationDisplay:1"/>
                </StopPointInJourneyPattern>
                <StopPointInJourneyPattern id="VTR:StopPointInJourneyPattern:18837996" version="747816" order="7">
                  <ScheduledStopPointRef ref="VTR:ScheduledStopPoint:413585"/>
                  <DestinationDisplayRef ref="VTR:DestinationDisplay:1"/>
                </StopPointInJourneyPattern>
                <StopPointInJourneyPattern id="VTR:StopPointInJourneyPattern:18837997" version="747816" order="8">
                  <ScheduledStopPointRef ref="VTR:ScheduledStopPoint:413586"/>
                  <DestinationDisplayRef ref="VTR:DestinationDisplay:1"/>
                </StopPointInJourneyPattern>
                <StopPointInJourneyPattern id="VTR:StopPointInJourneyPattern:18837998" version="747816" order="9">
                  <ScheduledStopPointRef ref="VTR:ScheduledStopPoint:413587"/>
                  <DestinationDisplayRef ref="VTR:DestinationDisplay:1"/>
                </StopPointInJourneyPattern>
                <StopPointInJourneyPattern id="VTR:StopPointInJourneyPattern:18837999" version="747816" order="10">
                  <ScheduledStopPointRef ref="VTR:ScheduledStopPoint:413588"/>
                  <DestinationDisplayRef ref="VTR:DestinationDisplay:1"/>
                </StopPointInJourneyPattern>
                <StopPointInJourneyPattern id="VTR:StopPointInJourneyPattern:18838000" version="747816" order="11">
                  <ScheduledStopPointRef ref="VTR:ScheduledStopPoint:413589"/>
                  <DestinationDisplayRef ref="VTR:DestinationDisplay:1"/>
                </StopPointInJourneyPattern>
                <StopPointInJourneyPattern id="VTR:StopPointInJourneyPattern:18838001" version="747816" order="12">
                  <ScheduledStopPointRef ref="VTR:ScheduledStopPoint:413590"/>
                  <DestinationDisplayRef ref="VTR:DestinationDisplay:1"/>
                </StopPointInJourneyPattern>
                <StopPointInJourneyPattern id="VTR:StopPointInJourneyPattern:18838002" version="747816" order="13">
                  <ScheduledStopPointRef ref="VTR:ScheduledStopPoint:413591"/>
                  <DestinationDisplayRef ref="VTR:DestinationDisplay:1"/>
                </StopPointInJourneyPattern>
                <StopPointInJourneyPattern id="VTR:StopPointInJourneyPattern:18838003" version="747816" order="14">
                  <ScheduledStopPointRef ref="VTR:ScheduledStopPoint:413592"/>
                  <DestinationDisplayRef ref="VTR:DestinationDisplay:1"/>
                </StopPointInJourneyPattern>
              </pointsInSequence>
            </JourneyPattern>
            <JourneyPattern id="VTR:JourneyPattern:747602" version="747814">
              <Name>2</Name>
              <RouteRef ref="VTR:Route:11703" version="1"/>
              <pointsInSequence>
                <StopPointInJourneyPattern id="VTR:StopPointInJourneyPattern:18837965" version="747814" order="1">
                  <ScheduledStopPointRef ref="VTR:ScheduledStopPoint:413568"/>
                  <DestinationDisplayRef ref="VTR:DestinationDisplay:1"/>
                </StopPointInJourneyPattern>
                <StopPointInJourneyPattern id="VTR:StopPointInJourneyPattern:18837966" version="747814" order="2">
                  <ScheduledStopPointRef ref="VTR:ScheduledStopPoint:413569"/>
                  <DestinationDisplayRef ref="VTR:DestinationDisplay:1"/>
                </StopPointInJourneyPattern>
                <StopPointInJourneyPattern id="VTR:StopPointInJourneyPattern:18837967" version="747814" order="3">
                  <ScheduledStopPointRef ref="VTR:ScheduledStopPoint:413570"/>
                  <DestinationDisplayRef ref="VTR:DestinationDisplay:1"/>
                </StopPointInJourneyPattern>
                <StopPointInJourneyPattern id="VTR:StopPointInJourneyPattern:18837968" version="747814" order="4">
                  <ScheduledStopPointRef ref="VTR:ScheduledStopPoint:413571"/>
                  <DestinationDisplayRef ref="VTR:DestinationDisplay:1"/>
                </StopPointInJourneyPattern>
                <StopPointInJourneyPattern id="VTR:StopPointInJourneyPattern:18837969" version="747814" order="5">
                  <ScheduledStopPointRef ref="VTR:ScheduledStopPoint:413572"/>
                  <DestinationDisplayRef ref="VTR:DestinationDisplay:1"/>
                </StopPointInJourneyPattern>
                <StopPointInJourneyPattern id="VTR:StopPointInJourneyPattern:18837970" version="747814" order="6">
                  <ScheduledStopPointRef ref="VTR:ScheduledStopPoint:413573"/>
                  <DestinationDisplayRef ref="VTR:DestinationDisplay:1"/>
                </StopPointInJourneyPattern>
                <StopPointInJourneyPattern id="VTR:StopPointInJourneyPattern:18837971" version="747814" order="7">
                  <ScheduledStopPointRef ref="VTR:ScheduledStopPoint:413574"/>
                  <DestinationDisplayRef ref="VTR:DestinationDisplay:1"/>
                </StopPointInJourneyPattern>
                <StopPointInJourneyPattern id="VTR:StopPointInJourneyPattern:18837972" version="747814" order="8">
                  <ScheduledStopPointRef ref="VTR:ScheduledStopPoint:413575"/>
                  <DestinationDisplayRef ref="VTR:DestinationDisplay:1"/>
                </StopPointInJourneyPattern>
                <StopPointInJourneyPattern id="VTR:StopPointInJourneyPattern:18837973" version="747814" order="9">
                  <ScheduledStopPointRef ref="VTR:ScheduledStopPoint:413576"/>
                  <DestinationDisplayRef ref="VTR:DestinationDisplay:1"/>
                </StopPointInJourneyPattern>
                <StopPointInJourneyPattern id="VTR:StopPointInJourneyPattern:18837974" version="747814" order="10">
                  <ScheduledStopPointRef ref="VTR:ScheduledStopPoint:413577"/>
                  <DestinationDisplayRef ref="VTR:DestinationDisplay:1"/>
                </StopPointInJourneyPattern>
                <StopPointInJourneyPattern id="VTR:StopPointInJourneyPattern:18837975" version="747814" order="11">
                  <ScheduledStopPointRef ref="VTR:ScheduledStopPoint:413578"/>
                  <DestinationDisplayRef ref="VTR:DestinationDisplay:1"/>
                </StopPointInJourneyPattern>
              </pointsInSequence>
            </JourneyPattern>
            <JourneyPattern id="VTR:JourneyPattern:747601" version="747813">
              <Name>1</Name>
              <RouteRef ref="VTR:Route:11703" version="1"/>
              <pointsInSequence>
                <StopPointInJourneyPattern id="VTR:StopPointInJourneyPattern:18837954" version="747813" order="1">
                  <ScheduledStopPointRef ref="VTR:ScheduledStopPoint:413568"/>
                  <DestinationDisplayRef ref="VTR:DestinationDisplay:1"/>
                </StopPointInJourneyPattern>
                <StopPointInJourneyPattern id="VTR:StopPointInJourneyPattern:18837955" version="747813" order="2">
                  <ScheduledStopPointRef ref="VTR:ScheduledStopPoint:413569"/>
                  <DestinationDisplayRef ref="VTR:DestinationDisplay:1"/>
                </StopPointInJourneyPattern>
                <StopPointInJourneyPattern id="VTR:StopPointInJourneyPattern:18837956" version="747813" order="3">
                  <ScheduledStopPointRef ref="VTR:ScheduledStopPoint:413570"/>
                  <DestinationDisplayRef ref="VTR:DestinationDisplay:1"/>
                </StopPointInJourneyPattern>
                <StopPointInJourneyPattern id="VTR:StopPointInJourneyPattern:18837957" version="747813" order="4">
                  <ScheduledStopPointRef ref="VTR:ScheduledStopPoint:413571"/>
                  <DestinationDisplayRef ref="VTR:DestinationDisplay:1"/>
                </StopPointInJourneyPattern>
                <StopPointInJourneyPattern id="VTR:StopPointInJourneyPattern:18837958" version="747813" order="5">
                  <ScheduledStopPointRef ref="VTR:ScheduledStopPoint:413572"/>
                  <DestinationDisplayRef ref="VTR:DestinationDisplay:1"/>
                </StopPointInJourneyPattern>
                <StopPointInJourneyPattern id="VTR:StopPointInJourneyPattern:18837959" version="747813" order="6">
                  <ScheduledStopPointRef ref="VTR:ScheduledStopPoint:413573"/>
                  <DestinationDisplayRef ref="VTR:DestinationDisplay:1"/>
                </StopPointInJourneyPattern>
                <StopPointInJourneyPattern id="VTR:StopPointInJourneyPattern:18837960" version="747813" order="7">
                  <ScheduledStopPointRef ref="VTR:ScheduledStopPoint:413574"/>
                  <DestinationDisplayRef ref="VTR:DestinationDisplay:1"/>
                </StopPointInJourneyPattern>
                <StopPointInJourneyPattern id="VTR:StopPointInJourneyPattern:18837961" version="747813" order="8">
                  <ScheduledStopPointRef ref="VTR:ScheduledStopPoint:413575"/>
                  <DestinationDisplayRef ref="VTR:DestinationDisplay:1"/>
                </StopPointInJourneyPattern>
                <StopPointInJourneyPattern id="VTR:StopPointInJourneyPattern:18837962" version="747813" order="9">
                  <ScheduledStopPointRef ref="VTR:ScheduledStopPoint:413576"/>
                  <DestinationDisplayRef ref="VTR:DestinationDisplay:1"/>
                </StopPointInJourneyPattern>
                <StopPointInJourneyPattern id="VTR:StopPointInJourneyPattern:18837963" version="747813" order="10">
                  <ScheduledStopPointRef ref="VTR:ScheduledStopPoint:413577"/>
                  <DestinationDisplayRef ref="VTR:DestinationDisplay:1"/>
                </StopPointInJourneyPattern>
                <StopPointInJourneyPattern id="VTR:StopPointInJourneyPattern:18837964" version="747813" order="11">
                  <ScheduledStopPointRef ref="VTR:ScheduledStopPoint:413578"/>
                  <DestinationDisplayRef ref="VTR:DestinationDisplay:1"/>
                </StopPointInJourneyPattern>
              </pointsInSequence>
            </JourneyPattern>
          </journeyPatterns>
        </ServiceFrame>
        <TimetableFrame version="1" id="VTR:TimetableFrame:1401">
          <vehicleJourneys>
            <ServiceJourney version="747813" id="VTR:ServiceJourney:747601">
              <Name>Piliakalniai-Vilkaviškis</Name>
              <PrivateCode>1</PrivateCode>
              <dayTypes>
                <DayTypeRef ref="VTR:DayType:2940"/>
              </dayTypes>
              <JourneyPatternRef version="747813" ref="VTR:JourneyPattern:747601"/>
              <OperatorRef ref="VTR:Operator:"/>
              <LineRef ref="VTR:Line:2370" version="4866"/>
              <passingTimes>
                <TimetabledPassingTime version="747813" id="VTR:TimetabledPassingTime:747601_18837954_1">
                  <StopPointInJourneyPatternRef ref="VTR:StopPointInJourneyPattern:18837954" version="747813"/>
                  <DepartureTime>07:15:00</DepartureTime>
                  <DepartureDayOffset>0</DepartureDayOffset>
                </TimetabledPassingTime>
                <TimetabledPassingTime version="747813" id="VTR:TimetabledPassingTime:747601_18837955_2">
                  <StopPointInJourneyPatternRef ref="VTR:StopPointInJourneyPattern:18837955" version="747813"/>
                  <DepartureTime>07:21:00</DepartureTime>
                  <DepartureDayOffset>0</DepartureDayOffset>
                </TimetabledPassingTime>
                <TimetabledPassingTime version="747813" id="VTR:TimetabledPassingTime:747601_18837956_3">
                  <StopPointInJourneyPatternRef ref="VTR:StopPointInJourneyPattern:18837956" version="747813"/>
                  <DepartureTime>07:27:00</DepartureTime>
                  <DepartureDayOffset>0</DepartureDayOffset>
                </TimetabledPassingTime>
                <TimetabledPassingTime version="747813" id="VTR:TimetabledPassingTime:747601_18837957_4">
                  <StopPointInJourneyPatternRef ref="VTR:StopPointInJourneyPattern:18837957" version="747813"/>
                  <DepartureTime>07:34:00</DepartureTime>
                  <DepartureDayOffset>0</DepartureDayOffset>
                </TimetabledPassingTime>
                <TimetabledPassingTime version="747813" id="VTR:TimetabledPassingTime:747601_18837958_5">
                  <StopPointInJourneyPatternRef ref="VTR:StopPointInJourneyPattern:18837958" version="747813"/>
                  <DepartureTime>07:38:00</DepartureTime>
                  <DepartureDayOffset>0</DepartureDayOffset>
                </TimetabledPassingTime>
                <TimetabledPassingTime version="747813" id="VTR:TimetabledPassingTime:747601_18837959_6">
                  <StopPointInJourneyPatternRef ref="VTR:StopPointInJourneyPattern:18837959" version="747813"/>
                  <DepartureTime>07:44:00</DepartureTime>
                  <DepartureDayOffset>0</DepartureDayOffset>
                </TimetabledPassingTime>
                <TimetabledPassingTime version="747813" id="VTR:TimetabledPassingTime:747601_18837960_7">
                  <StopPointInJourneyPatternRef ref="VTR:StopPointInJourneyPattern:18837960" version="747813"/>
                  <DepartureTime>07:48:00</DepartureTime>
                  <DepartureDayOffset>0</DepartureDayOffset>
                </TimetabledPassingTime>
                <TimetabledPassingTime version="747813" id="VTR:TimetabledPassingTime:747601_18837961_8">
                  <StopPointInJourneyPatternRef ref="VTR:StopPointInJourneyPattern:18837961" version="747813"/>
                  <DepartureTime>07:54:00</DepartureTime>
                  <DepartureDayOffset>0</DepartureDayOffset>
                </TimetabledPassingTime>
                <TimetabledPassingTime version="747813" id="VTR:TimetabledPassingTime:747601_18837962_9">
                  <StopPointInJourneyPatternRef ref="VTR:StopPointInJourneyPattern:18837962" version="747813"/>
                  <DepartureTime>07:58:00</DepartureTime>
                  <DepartureDayOffset>0</DepartureDayOffset>
                </TimetabledPassingTime>
                <TimetabledPassingTime version="747813" id="VTR:TimetabledPassingTime:747601_18837963_10">
                  <StopPointInJourneyPatternRef ref="VTR:StopPointInJourneyPattern:18837963" version="747813"/>
                  <DepartureTime>08:05:00</DepartureTime>
                  <DepartureDayOffset>0</DepartureDayOffset>
                </TimetabledPassingTime>
                <TimetabledPassingTime version="747813" id="VTR:TimetabledPassingTime:747601_18837964_11">
                  <StopPointInJourneyPatternRef ref="VTR:StopPointInJourneyPattern:18837964" version="747813"/>
                  <DepartureTime>08:28:00</DepartureTime>
                  <DepartureDayOffset>0</DepartureDayOffset>
                </TimetabledPassingTime>
              </passingTimes>
            </ServiceJourney>
            <ServiceJourney version="747815" id="VTR:ServiceJourney:747603">
              <Name>Vilkaviškis-Piliakalniai-Vilkaviškis</Name>
              <PrivateCode>3</PrivateCode>
              <dayTypes>
                <DayTypeRef ref="VTR:DayType:2901"/>
              </dayTypes>
              <JourneyPatternRef version="747815" ref="VTR:JourneyPattern:747603"/>
              <OperatorRef ref="VTR:Operator:"/>
              <LineRef ref="VTR:Line:2370" version="4866"/>
              <passingTimes>
                <TimetabledPassingTime version="747815" id="VTR:TimetabledPassingTime:747603_18837976_1">
                  <StopPointInJourneyPatternRef ref="VTR:StopPointInJourneyPattern:18837976" version="747815"/>
                  <DepartureTime>15:15:00</DepartureTime>
                  <DepartureDayOffset>0</DepartureDayOffset>
                </TimetabledPassingTime>
                <TimetabledPassingTime version="747815" id="VTR:TimetabledPassingTime:747603_18837977_2">
                  <StopPointInJourneyPatternRef ref="VTR:StopPointInJourneyPattern:18837977" version="747815"/>
                  <DepartureTime>15:21:00</DepartureTime>
                  <DepartureDayOffset>0</DepartureDayOffset>
                </TimetabledPassingTime>
                <TimetabledPassingTime version="747815" id="VTR:TimetabledPassingTime:747603_18837978_3">
                  <StopPointInJourneyPatternRef ref="VTR:StopPointInJourneyPattern:18837978" version="747815"/>
                  <DepartureTime>15:27:00</DepartureTime>
                  <DepartureDayOffset>0</DepartureDayOffset>
                </TimetabledPassingTime>
                <TimetabledPassingTime version="747815" id="VTR:TimetabledPassingTime:747603_18837979_4">
                  <StopPointInJourneyPatternRef ref="VTR:StopPointInJourneyPattern:18837979" version="747815"/>
                  <DepartureTime>15:35:00</DepartureTime>
                  <DepartureDayOffset>0</DepartureDayOffset>
                </TimetabledPassingTime>
                <TimetabledPassingTime version="747815" id="VTR:TimetabledPassingTime:747603_18837980_5">
                  <StopPointInJourneyPatternRef ref="VTR:StopPointInJourneyPattern:18837980" version="747815"/>
                  <DepartureTime>15:44:00</DepartureTime>
                  <DepartureDayOffset>0</DepartureDayOffset>
                </TimetabledPassingTime>
                <TimetabledPassingTime version="747815" id="VTR:TimetabledPassingTime:747603_18837981_6">
                  <StopPointInJourneyPatternRef ref="VTR:StopPointInJourneyPattern:18837981" version="747815"/>
                  <DepartureTime>15:51:00</DepartureTime>
                  <DepartureDayOffset>0</DepartureDayOffset>
                </TimetabledPassingTime>
                <TimetabledPassingTime version="747815" id="VTR:TimetabledPassingTime:747603_18837982_7">
                  <StopPointInJourneyPatternRef ref="VTR:StopPointInJourneyPattern:18837982" version="747815"/>
                  <DepartureTime>15:55:00</DepartureTime>
                  <DepartureDayOffset>0</DepartureDayOffset>
                </TimetabledPassingTime>
                <TimetabledPassingTime version="747815" id="VTR:TimetabledPassingTime:747603_18837983_8">
                  <StopPointInJourneyPatternRef ref="VTR:StopPointInJourneyPattern:18837983" version="747815"/>
                  <DepartureTime>16:01:00</DepartureTime>
                  <DepartureDayOffset>0</DepartureDayOffset>
                </TimetabledPassingTime>
                <TimetabledPassingTime version="747815" id="VTR:TimetabledPassingTime:747603_18837984_9">
                  <StopPointInJourneyPatternRef ref="VTR:StopPointInJourneyPattern:18837984" version="747815"/>
                  <DepartureTime>16:05:00</DepartureTime>
                  <DepartureDayOffset>0</DepartureDayOffset>
                </TimetabledPassingTime>
                <TimetabledPassingTime version="747815" id="VTR:TimetabledPassingTime:747603_18837985_10">
                  <StopPointInJourneyPatternRef ref="VTR:StopPointInJourneyPattern:18837985" version="747815"/>
                  <DepartureTime>16:11:00</DepartureTime>
                  <DepartureDayOffset>0</DepartureDayOffset>
                </TimetabledPassingTime>
                <TimetabledPassingTime version="747815" id="VTR:TimetabledPassingTime:747603_18837986_11">
                  <StopPointInJourneyPatternRef ref="VTR:StopPointInJourneyPattern:18837986" version="747815"/>
                  <DepartureTime>16:15:00</DepartureTime>
                  <DepartureDayOffset>0</DepartureDayOffset>
                </TimetabledPassingTime>
                <TimetabledPassingTime version="747815" id="VTR:TimetabledPassingTime:747603_18837987_12">
                  <StopPointInJourneyPatternRef ref="VTR:StopPointInJourneyPattern:18837987" version="747815"/>
                  <DepartureTime>16:22:00</DepartureTime>
                  <DepartureDayOffset>0</DepartureDayOffset>
                </TimetabledPassingTime>
                <TimetabledPassingTime version="747815" id="VTR:TimetabledPassingTime:747603_18837988_13">
                  <StopPointInJourneyPatternRef ref="VTR:StopPointInJourneyPattern:18837988" version="747815"/>
                  <DepartureTime>16:28:00</DepartureTime>
                  <DepartureDayOffset>0</DepartureDayOffset>
                </TimetabledPassingTime>
                <TimetabledPassingTime version="747815" id="VTR:TimetabledPassingTime:747603_18837989_14">
                  <StopPointInJourneyPatternRef ref="VTR:StopPointInJourneyPattern:18837989" version="747815"/>
                  <DepartureTime>16:51:00</DepartureTime>
                  <DepartureDayOffset>0</DepartureDayOffset>
                </TimetabledPassingTime>
              </passingTimes>
            </ServiceJourney>
            <ServiceJourney version="747814" id="VTR:ServiceJourney:747602">
              <Name>Piliakalniai-Vilkaviškis</Name>
              <PrivateCode>2</PrivateCode>
              <dayTypes>
                <DayTypeRef ref="VTR:DayType:2940"/>
              </dayTypes>
              <JourneyPatternRef version="747814" ref="VTR:JourneyPattern:747602"/>
              <OperatorRef ref="VTR:Operator:"/>
              <LineRef ref="VTR:Line:2370" version="4866"/>
              <passingTimes>
                <TimetabledPassingTime version="747814" id="VTR:TimetabledPassingTime:747602_18837965_1">
                  <StopPointInJourneyPatternRef ref="VTR:StopPointInJourneyPattern:18837965" version="747814"/>
                  <DepartureTime>07:50:00</DepartureTime>
                  <DepartureDayOffset>0</DepartureDayOffset>
                </TimetabledPassingTime>
                <TimetabledPassingTime version="747814" id="VTR:TimetabledPassingTime:747602_18837966_2">
                  <StopPointInJourneyPatternRef ref="VTR:StopPointInJourneyPattern:18837966" version="747814"/>
                  <DepartureTime>07:56:00</DepartureTime>
                  <DepartureDayOffset>0</DepartureDayOffset>
                </TimetabledPassingTime>
                <TimetabledPassingTime version="747814" id="VTR:TimetabledPassingTime:747602_18837967_3">
                  <StopPointInJourneyPatternRef ref="VTR:StopPointInJourneyPattern:18837967" version="747814"/>
                  <DepartureTime>08:02:00</DepartureTime>
                  <DepartureDayOffset>0</DepartureDayOffset>
                </TimetabledPassingTime>
                <TimetabledPassingTime version="747814" id="VTR:TimetabledPassingTime:747602_18837968_4">
                  <StopPointInJourneyPatternRef ref="VTR:StopPointInJourneyPattern:18837968" version="747814"/>
                  <DepartureTime>08:09:00</DepartureTime>
                  <DepartureDayOffset>0</DepartureDayOffset>
                </TimetabledPassingTime>
                <TimetabledPassingTime version="747814" id="VTR:TimetabledPassingTime:747602_18837969_5">
                  <StopPointInJourneyPatternRef ref="VTR:StopPointInJourneyPattern:18837969" version="747814"/>
                  <DepartureTime>08:13:00</DepartureTime>
                  <DepartureDayOffset>0</DepartureDayOffset>
                </TimetabledPassingTime>
                <TimetabledPassingTime version="747814" id="VTR:TimetabledPassingTime:747602_18837970_6">
                  <StopPointInJourneyPatternRef ref="VTR:StopPointInJourneyPattern:18837970" version="747814"/>
                  <DepartureTime>08:19:00</DepartureTime>
                  <DepartureDayOffset>0</DepartureDayOffset>
                </TimetabledPassingTime>
                <TimetabledPassingTime version="747814" id="VTR:TimetabledPassingTime:747602_18837971_7">
                  <StopPointInJourneyPatternRef ref="VTR:StopPointInJourneyPattern:18837971" version="747814"/>
                  <DepartureTime>08:23:00</DepartureTime>
                  <DepartureDayOffset>0</DepartureDayOffset>
                </TimetabledPassingTime>
                <TimetabledPassingTime version="747814" id="VTR:TimetabledPassingTime:747602_18837972_8">
                  <StopPointInJourneyPatternRef ref="VTR:StopPointInJourneyPattern:18837972" version="747814"/>
                  <DepartureTime>08:29:00</DepartureTime>
                  <DepartureDayOffset>0</DepartureDayOffset>
                </TimetabledPassingTime>
                <TimetabledPassingTime version="747814" id="VTR:TimetabledPassingTime:747602_18837973_9">
                  <StopPointInJourneyPatternRef ref="VTR:StopPointInJourneyPattern:18837973" version="747814"/>
                  <DepartureTime>08:33:00</DepartureTime>
                  <DepartureDayOffset>0</DepartureDayOffset>
                </TimetabledPassingTime>
                <TimetabledPassingTime version="747814" id="VTR:TimetabledPassingTime:747602_18837974_10">
                  <StopPointInJourneyPatternRef ref="VTR:StopPointInJourneyPattern:18837974" version="747814"/>
                  <DepartureTime>08:40:00</DepartureTime>
                  <DepartureDayOffset>0</DepartureDayOffset>
                </TimetabledPassingTime>
                <TimetabledPassingTime version="747814" id="VTR:TimetabledPassingTime:747602_18837975_11">
                  <StopPointInJourneyPatternRef ref="VTR:StopPointInJourneyPattern:18837975" version="747814"/>
                  <DepartureTime>09:03:00</DepartureTime>
                  <DepartureDayOffset>0</DepartureDayOffset>
                </TimetabledPassingTime>
              </passingTimes>
            </ServiceJourney>
            <ServiceJourney version="747817" id="VTR:ServiceJourney:747605">
              <Name>Vilkaviškis-Piliakalniai-Vilkaviškis</Name>
              <PrivateCode>25</PrivateCode>
              <dayTypes>
                <DayTypeRef ref="VTR:DayType:2901"/>
              </dayTypes>
              <JourneyPatternRef version="747817" ref="VTR:JourneyPattern:747605"/>
              <OperatorRef ref="VTR:Operator:"/>
              <LineRef ref="VTR:Line:2370" version="4866"/>
              <passingTimes>
                <TimetabledPassingTime version="747817" id="VTR:TimetabledPassingTime:747605_18838004_1">
                  <StopPointInJourneyPatternRef ref="VTR:StopPointInJourneyPattern:18838004" version="747817"/>
                  <DepartureTime>14:25:00</DepartureTime>
                  <DepartureDayOffset>0</DepartureDayOffset>
                </TimetabledPassingTime>
                <TimetabledPassingTime version="747817" id="VTR:TimetabledPassingTime:747605_18838005_2">
                  <StopPointInJourneyPatternRef ref="VTR:StopPointInJourneyPattern:18838005" version="747817"/>
                  <DepartureTime>14:31:00</DepartureTime>
                  <DepartureDayOffset>0</DepartureDayOffset>
                </TimetabledPassingTime>
                <TimetabledPassingTime version="747817" id="VTR:TimetabledPassingTime:747605_18838006_3">
                  <StopPointInJourneyPatternRef ref="VTR:StopPointInJourneyPattern:18838006" version="747817"/>
                  <DepartureTime>14:37:00</DepartureTime>
                  <DepartureDayOffset>0</DepartureDayOffset>
                </TimetabledPassingTime>
                <TimetabledPassingTime version="747817" id="VTR:TimetabledPassingTime:747605_18838007_4">
                  <StopPointInJourneyPatternRef ref="VTR:StopPointInJourneyPattern:18838007" version="747817"/>
                  <DepartureTime>14:45:00</DepartureTime>
                  <DepartureDayOffset>0</DepartureDayOffset>
                </TimetabledPassingTime>
                <TimetabledPassingTime version="747817" id="VTR:TimetabledPassingTime:747605_18838008_5">
                  <StopPointInJourneyPatternRef ref="VTR:StopPointInJourneyPattern:18838008" version="747817"/>
                  <DepartureTime>14:54:00</DepartureTime>
                  <DepartureDayOffset>0</DepartureDayOffset>
                </TimetabledPassingTime>
                <TimetabledPassingTime version="747817" id="VTR:TimetabledPassingTime:747605_18838009_6">
                  <StopPointInJourneyPatternRef ref="VTR:StopPointInJourneyPattern:18838009" version="747817"/>
                  <DepartureTime>15:01:00</DepartureTime>
                  <DepartureDayOffset>0</DepartureDayOffset>
                </TimetabledPassingTime>
                <TimetabledPassingTime version="747817" id="VTR:TimetabledPassingTime:747605_18838010_7">
                  <StopPointInJourneyPatternRef ref="VTR:StopPointInJourneyPattern:18838010" version="747817"/>
                  <DepartureTime>15:05:00</DepartureTime>
                  <DepartureDayOffset>0</DepartureDayOffset>
                </TimetabledPassingTime>
                <TimetabledPassingTime version="747817" id="VTR:TimetabledPassingTime:747605_18838011_8">
                  <StopPointInJourneyPatternRef ref="VTR:StopPointInJourneyPattern:18838011" version="747817"/>
                  <DepartureTime>15:11:00</DepartureTime>
                  <DepartureDayOffset>0</DepartureDayOffset>
                </TimetabledPassingTime>
                <TimetabledPassingTime version="747817" id="VTR:TimetabledPassingTime:747605_18838012_9">
                  <StopPointInJourneyPatternRef ref="VTR:StopPointInJourneyPattern:18838012" version="747817"/>
                  <DepartureTime>15:15:00</DepartureTime>
                  <DepartureDayOffset>0</DepartureDayOffset>
                </TimetabledPassingTime>
                <TimetabledPassingTime version="747817" id="VTR:TimetabledPassingTime:747605_18838013_10">
                  <StopPointInJourneyPatternRef ref="VTR:StopPointInJourneyPattern:18838013" version="747817"/>
                  <DepartureTime>15:21:00</DepartureTime>
                  <DepartureDayOffset>0</DepartureDayOffset>
                </TimetabledPassingTime>
                <TimetabledPassingTime version="747817" id="VTR:TimetabledPassingTime:747605_18838014_11">
                  <StopPointInJourneyPatternRef ref="VTR:StopPointInJourneyPattern:18838014" version="747817"/>
                  <DepartureTime>15:25:00</DepartureTime>
                  <DepartureDayOffset>0</DepartureDayOffset>
                </TimetabledPassingTime>
                <TimetabledPassingTime version="747817" id="VTR:TimetabledPassingTime:747605_18838015_12">
                  <StopPointInJourneyPatternRef ref="VTR:StopPointInJourneyPattern:18838015" version="747817"/>
                  <DepartureTime>15:32:00</DepartureTime>
                  <DepartureDayOffset>0</DepartureDayOffset>
                </TimetabledPassingTime>
                <TimetabledPassingTime version="747817" id="VTR:TimetabledPassingTime:747605_18838016_13">
                  <StopPointInJourneyPatternRef ref="VTR:StopPointInJourneyPattern:18838016" version="747817"/>
                  <DepartureTime>15:38:00</DepartureTime>
                  <DepartureDayOffset>0</DepartureDayOffset>
                </TimetabledPassingTime>
                <TimetabledPassingTime version="747817" id="VTR:TimetabledPassingTime:747605_18838017_14">
                  <StopPointInJourneyPatternRef ref="VTR:StopPointInJourneyPattern:18838017" version="747817"/>
                  <DepartureTime>16:01:00</DepartureTime>
                  <DepartureDayOffset>0</DepartureDayOffset>
                </TimetabledPassingTime>
              </passingTimes>
            </ServiceJourney>
            <ServiceJourney version="747816" id="VTR:ServiceJourney:747604">
              <Name>Vilkaviškis-Piliakalniai-Vilkaviškis</Name>
              <PrivateCode>7</PrivateCode>
              <dayTypes>
                <DayTypeRef ref="VTR:DayType:2906"/>
              </dayTypes>
              <JourneyPatternRef version="747816" ref="VTR:JourneyPattern:747604"/>
              <OperatorRef ref="VTR:Operator:"/>
              <LineRef ref="VTR:Line:2370" version="4866"/>
              <passingTimes>
                <TimetabledPassingTime version="747816" id="VTR:TimetabledPassingTime:747604_18837990_1">
                  <StopPointInJourneyPatternRef ref="VTR:StopPointInJourneyPattern:18837990" version="747816"/>
                  <DepartureTime>07:15:00</DepartureTime>
                  <DepartureDayOffset>0</DepartureDayOffset>
                </TimetabledPassingTime>
                <TimetabledPassingTime version="747816" id="VTR:TimetabledPassingTime:747604_18837991_2">
                  <StopPointInJourneyPatternRef ref="VTR:StopPointInJourneyPattern:18837991" version="747816"/>
                  <DepartureTime>07:21:00</DepartureTime>
                  <DepartureDayOffset>0</DepartureDayOffset>
                </TimetabledPassingTime>
                <TimetabledPassingTime version="747816" id="VTR:TimetabledPassingTime:747604_18837992_3">
                  <StopPointInJourneyPatternRef ref="VTR:StopPointInJourneyPattern:18837992" version="747816"/>
                  <DepartureTime>07:27:00</DepartureTime>
                  <DepartureDayOffset>0</DepartureDayOffset>
                </TimetabledPassingTime>
                <TimetabledPassingTime version="747816" id="VTR:TimetabledPassingTime:747604_18837993_4">
                  <StopPointInJourneyPatternRef ref="VTR:StopPointInJourneyPattern:18837993" version="747816"/>
                  <DepartureTime>07:35:00</DepartureTime>
                  <DepartureDayOffset>0</DepartureDayOffset>
                </TimetabledPassingTime>
                <TimetabledPassingTime version="747816" id="VTR:TimetabledPassingTime:747604_18837994_5">
                  <StopPointInJourneyPatternRef ref="VTR:StopPointInJourneyPattern:18837994" version="747816"/>
                  <DepartureTime>07:44:00</DepartureTime>
                  <DepartureDayOffset>0</DepartureDayOffset>
                </TimetabledPassingTime>
                <TimetabledPassingTime version="747816" id="VTR:TimetabledPassingTime:747604_18837995_6">
                  <StopPointInJourneyPatternRef ref="VTR:StopPointInJourneyPattern:18837995" version="747816"/>
                  <DepartureTime>07:51:00</DepartureTime>
                  <DepartureDayOffset>0</DepartureDayOffset>
                </TimetabledPassingTime>
                <TimetabledPassingTime version="747816" id="VTR:TimetabledPassingTime:747604_18837996_7">
                  <StopPointInJourneyPatternRef ref="VTR:StopPointInJourneyPattern:18837996" version="747816"/>
                  <DepartureTime>07:55:00</DepartureTime>
                  <DepartureDayOffset>0</DepartureDayOffset>
                </TimetabledPassingTime>
                <TimetabledPassingTime version="747816" id="VTR:TimetabledPassingTime:747604_18837997_8">
                  <StopPointInJourneyPatternRef ref="VTR:StopPointInJourneyPattern:18837997" version="747816"/>
                  <DepartureTime>08:01:00</DepartureTime>
                  <DepartureDayOffset>0</DepartureDayOffset>
                </TimetabledPassingTime>
                <TimetabledPassingTime version="747816" id="VTR:TimetabledPassingTime:747604_18837998_9">
                  <StopPointInJourneyPatternRef ref="VTR:StopPointInJourneyPattern:18837998" version="747816"/>
                  <DepartureTime>08:05:00</DepartureTime>
                  <DepartureDayOffset>0</DepartureDayOffset>
                </TimetabledPassingTime>
                <TimetabledPassingTime version="747816" id="VTR:TimetabledPassingTime:747604_18837999_10">
                  <StopPointInJourneyPatternRef ref="VTR:StopPointInJourneyPattern:18837999" version="747816"/>
                  <DepartureTime>08:11:00</DepartureTime>
                  <DepartureDayOffset>0</DepartureDayOffset>
                </TimetabledPassingTime>
                <TimetabledPassingTime version="747816" id="VTR:TimetabledPassingTime:747604_18838000_11">
                  <StopPointInJourneyPatternRef ref="VTR:StopPointInJourneyPattern:18838000" version="747816"/>
                  <DepartureTime>08:15:00</DepartureTime>
                  <DepartureDayOffset>0</DepartureDayOffset>
                </TimetabledPassingTime>
                <TimetabledPassingTime version="747816" id="VTR:TimetabledPassingTime:747604_18838001_12">
                  <StopPointInJourneyPatternRef ref="VTR:StopPointInJourneyPattern:18838001" version="747816"/>
                  <DepartureTime>08:22:00</DepartureTime>
                  <DepartureDayOffset>0</DepartureDayOffset>
                </TimetabledPassingTime>
                <TimetabledPassingTime version="747816" id="VTR:TimetabledPassingTime:747604_18838002_13">
                  <StopPointInJourneyPatternRef ref="VTR:StopPointInJourneyPattern:18838002" version="747816"/>
                  <DepartureTime>08:28:00</DepartureTime>
                  <DepartureDayOffset>0</DepartureDayOffset>
                </TimetabledPassingTime>
                <TimetabledPassingTime version="747816" id="VTR:TimetabledPassingTime:747604_18838003_14">
                  <StopPointInJourneyPatternRef ref="VTR:StopPointInJourneyPattern:18838003" version="747816"/>
                  <DepartureTime>08:51:00</DepartureTime>
                  <DepartureDayOffset>0</DepartureDayOffset>
                </TimetabledPassingTime>
              </passingTimes>
            </ServiceJourney>
          </vehicleJourneys>
        </TimetableFrame>
        <ResourceFrame version="1" id="VTR:ResourceFrame:1401">
          <organisations>
            <Authority version="1" id="VTR:Authority:52">
              <CompanyNumber>39</CompanyNumber>
              <Name>Vilkaviškio r. sav.</Name>
              <LegalName>Vilkaviškio r. sav.</LegalName>
              <ContactDetails>
                <Email>savivaldybe@vilkaviskis.lt</Email>
                <Phone>834260062</Phone>
                <Url>www.vilkaviskis.lt</Url>
              </ContactDetails>
              <OrganisationType>authority</OrganisationType>
            </Authority>
          </organisations>
        </ResourceFrame>
        <FareFrame id="VTR:FareFrame:2370" version="1">
          <FrameDefaults>
            <DefaultCurrency>EUR</DefaultCurrency>
          </FrameDefaults>
          <usageParameters>
            <RoundTrip id="VTR:RoundTrip:single" version="1">
              <Name>Single</Name>
              <TripType>single</TripType>
            </RoundTrip>
            <FrequencyOfUse id="VTR:FrequencyOfUse:once" version="1">
              <Name>Once</Name>
              <MaximalFrequency>1</MaximalFrequency>
            </FrequencyOfUse>
          </usageParameters>
          <priceGroups>
            <PriceGroup id="VTR:PriceGroup:PG01" version="1">
              <Name>Flat Fare Products - Standard</Name>
              <members>
                <FareProductPrice id="VTR:FareProductPrice:standard" version="1">
                  <Name>Single fare</Name>
                  <Amount>0.41</Amount>
                  <Currency>EUR</Currency>
                </FareProductPrice>
              </members>
            </PriceGroup>
          </priceGroups>
        </FareFrame>
      </frames>
    </CompositeFrame>
  </dataObjects>
</PublicationDelivery>
