<?xml version="1.0" encoding="UTF-8"?><PublicationDelivery xmlns="http://www.netex.org.uk/netex" xmlns:gis="http://www.opengis.net/gml/3.2" xmlns:ns2="http://www.opengis.net/gml/3.2" xmlns:ns3="http://www.siri.org.uk/siri" xmlns:xsi="http://www.w3.org/2001/XMLSchema-instance" version="1" xsi:schemaLocation="">
  <PublicationTimestamp>2022-05-07T05:05:00.281</PublicationTimestamp>
  <ParticipantRef>VTR</ParticipantRef>
  <Description>1</Description>
  <dataObjects>
    <CompositeFrame created="2022-05-07T05:05:00.281" version="1" id="VTR:CompositeFrame:1401">
      <validityConditions>
        <AvailabilityCondition version="1" id="VTR:AvailabilityCondition:1401">
          <FromDate>2015-07-22T16:03:00</FromDate>
          <ToDate>2027-12-30T00:00:00</ToDate>
        </AvailabilityCondition>
      </validityConditions>
      <codespaces>
        <Codespace id="vtr">
          <Xmlns>VTR</Xmlns>
          <XmlnsUrl>http://www.visimarsrutai.lt/</XmlnsUrl>
        </Codespace>
      </codespaces>
      <FrameDefaults>
        <DefaultLocale>
          <TimeZone>Europe/Vilnius</TimeZone>
        </DefaultLocale>
        <DefaultLocationSystem>WGS84</DefaultLocationSystem>
      </FrameDefaults>
      <frames>
        <ServiceCalendarFrame version="1" id="VTR:ServiceCalendarFrame:1401">
          <dayTypes>
            <DayType id="VTR:DayType:2908" version="1">
              <properties>
                <PropertyOfDay>
                  <DaysOfWeek>Monday Tuesday Wednesday Thursday Friday Saturday</DaysOfWeek>
                </PropertyOfDay>
              </properties>
            </DayType>
            <DayType id="VTR:DayType:2940" version="1">
              <properties>
                <PropertyOfDay>
                  <DaysOfWeek>Monday Tuesday Wednesday Thursday Friday</DaysOfWeek>
                </PropertyOfDay>
              </properties>
            </DayType>
          </dayTypes>
          <operatingPeriods>
            <OperatingPeriod version="1" id="VTR:OperatingPeriod:2908">
              <FromDate>2015-11-12T00:00:00</FromDate>
              <ToDate>2020-12-31T00:00:00</ToDate>
            </OperatingPeriod>
            <OperatingPeriod version="1" id="VTR:OperatingPeriod:2940">
              <FromDate>2015-11-12T00:00:00</FromDate>
              <ToDate>2020-12-31T00:00:00</ToDate>
            </OperatingPeriod>
          </operatingPeriods>
          <dayTypeAssignments>
            <DayTypeAssignment id="VTR:DayTypeAssignment:2908_0" version="1" order="2244">
              <OperatingPeriodRef ref="VTR:OperatingPeriod:2908" version="1"/>
              <DayTypeRef ref="VTR:DayType:2908" version="1"/>
            </DayTypeAssignment>
            <DayTypeAssignment id="VTR:DayTypeAssignment:2940_0" version="1" order="2283">
              <OperatingPeriodRef ref="VTR:OperatingPeriod:2940" version="1"/>
              <DayTypeRef ref="VTR:DayType:2940" version="1"/>
            </DayTypeAssignment>
          </dayTypeAssignments>
        </ServiceCalendarFrame>
        <ServiceFrame id="VTR:ServiceFrame:1401" version="1">
          <Network version="0" id="VTR:Network:52"/>
          <routePoints>
            <RoutePoint version="1" id="VTR:RoutePoint:123542">
              <projections>
                <PointProjection version="1" id="VTR:PointProjection:36308">
                  <ProjectedPointRef ref="VTR:ScheduledStopPoint:123542" version="1"/>
                </PointProjection>
              </projections>
            </RoutePoint>
            <RoutePoint version="1" id="VTR:RoutePoint:123543">
              <projections>
                <PointProjection version="1" id="VTR:PointProjection:36309">
                  <ProjectedPointRef ref="VTR:ScheduledStopPoint:123543" version="1"/>
                </PointProjection>
              </projections>
            </RoutePoint>
            <RoutePoint version="1" id="VTR:RoutePoint:123544">
              <projections>
                <PointProjection version="1" id="VTR:PointProjection:36310">
                  <ProjectedPointRef ref="VTR:ScheduledStopPoint:123544" version="1"/>
                </PointProjection>
              </projections>
            </RoutePoint>
            <RoutePoint version="1" id="VTR:RoutePoint:123545">
              <projections>
                <PointProjection version="1" id="VTR:PointProjection:36311">
                  <ProjectedPointRef ref="VTR:ScheduledStopPoint:123545" version="1"/>
                </PointProjection>
              </projections>
            </RoutePoint>
            <RoutePoint version="1" id="VTR:RoutePoint:123546">
              <projections>
                <PointProjection version="1" id="VTR:PointProjection:36312">
                  <ProjectedPointRef ref="VTR:ScheduledStopPoint:123546" version="1"/>
                </PointProjection>
              </projections>
            </RoutePoint>
            <RoutePoint version="1" id="VTR:RoutePoint:123547">
              <projections>
                <PointProjection version="1" id="VTR:PointProjection:36313">
                  <ProjectedPointRef ref="VTR:ScheduledStopPoint:123547" version="1"/>
                </PointProjection>
              </projections>
            </RoutePoint>
            <RoutePoint version="1" id="VTR:RoutePoint:123548">
              <projections>
                <PointProjection version="1" id="VTR:PointProjection:36314">
                  <ProjectedPointRef ref="VTR:ScheduledStopPoint:123548" version="1"/>
                </PointProjection>
              </projections>
            </RoutePoint>
            <RoutePoint version="1" id="VTR:RoutePoint:123549">
              <projections>
                <PointProjection version="1" id="VTR:PointProjection:36315">
                  <ProjectedPointRef ref="VTR:ScheduledStopPoint:123549" version="1"/>
                </PointProjection>
              </projections>
            </RoutePoint>
            <RoutePoint version="1" id="VTR:RoutePoint:123550">
              <projections>
                <PointProjection version="1" id="VTR:PointProjection:36316">
                  <ProjectedPointRef ref="VTR:ScheduledStopPoint:123550" version="1"/>
                </PointProjection>
              </projections>
            </RoutePoint>
            <RoutePoint version="1" id="VTR:RoutePoint:123551">
              <projections>
                <PointProjection version="1" id="VTR:PointProjection:36317">
                  <ProjectedPointRef ref="VTR:ScheduledStopPoint:123551" version="1"/>
                </PointProjection>
              </projections>
            </RoutePoint>
            <RoutePoint version="1" id="VTR:RoutePoint:123552">
              <projections>
                <PointProjection version="1" id="VTR:PointProjection:36318">
                  <ProjectedPointRef ref="VTR:ScheduledStopPoint:123552" version="1"/>
                </PointProjection>
              </projections>
            </RoutePoint>
            <RoutePoint version="1" id="VTR:RoutePoint:123553">
              <projections>
                <PointProjection version="1" id="VTR:PointProjection:36319">
                  <ProjectedPointRef ref="VTR:ScheduledStopPoint:123553" version="1"/>
                </PointProjection>
              </projections>
            </RoutePoint>
            <RoutePoint version="1" id="VTR:RoutePoint:123569">
              <projections>
                <PointProjection version="1" id="VTR:PointProjection:37204">
                  <ProjectedPointRef ref="VTR:ScheduledStopPoint:123569" version="1"/>
                </PointProjection>
              </projections>
            </RoutePoint>
            <RoutePoint version="1" id="VTR:RoutePoint:129236">
              <projections>
                <PointProjection version="1" id="VTR:PointProjection:29429">
                  <ProjectedPointRef ref="VTR:ScheduledStopPoint:129236" version="1"/>
                </PointProjection>
              </projections>
            </RoutePoint>
            <RoutePoint version="1" id="VTR:RoutePoint:129237">
              <projections>
                <PointProjection version="1" id="VTR:PointProjection:29430">
                  <ProjectedPointRef ref="VTR:ScheduledStopPoint:129237" version="1"/>
                </PointProjection>
              </projections>
            </RoutePoint>
            <RoutePoint version="1" id="VTR:RoutePoint:129238">
              <projections>
                <PointProjection version="1" id="VTR:PointProjection:29431">
                  <ProjectedPointRef ref="VTR:ScheduledStopPoint:129238" version="1"/>
                </PointProjection>
              </projections>
            </RoutePoint>
            <RoutePoint version="1" id="VTR:RoutePoint:129239">
              <projections>
                <PointProjection version="1" id="VTR:PointProjection:29432">
                  <ProjectedPointRef ref="VTR:ScheduledStopPoint:129239" version="1"/>
                </PointProjection>
              </projections>
            </RoutePoint>
            <RoutePoint version="1" id="VTR:RoutePoint:129240">
              <projections>
                <PointProjection version="1" id="VTR:PointProjection:29433">
                  <ProjectedPointRef ref="VTR:ScheduledStopPoint:129240" version="1"/>
                </PointProjection>
              </projections>
            </RoutePoint>
            <RoutePoint version="1" id="VTR:RoutePoint:129241">
              <projections>
                <PointProjection version="1" id="VTR:PointProjection:29434">
                  <ProjectedPointRef ref="VTR:ScheduledStopPoint:129241" version="1"/>
                </PointProjection>
              </projections>
            </RoutePoint>
            <RoutePoint version="1" id="VTR:RoutePoint:129242">
              <projections>
                <PointProjection version="1" id="VTR:PointProjection:29435">
                  <ProjectedPointRef ref="VTR:ScheduledStopPoint:129242" version="1"/>
                </PointProjection>
              </projections>
            </RoutePoint>
            <RoutePoint version="1" id="VTR:RoutePoint:129243">
              <projections>
                <PointProjection version="1" id="VTR:PointProjection:29436">
                  <ProjectedPointRef ref="VTR:ScheduledStopPoint:129243" version="1"/>
                </PointProjection>
              </projections>
            </RoutePoint>
            <RoutePoint version="1" id="VTR:RoutePoint:129244">
              <projections>
                <PointProjection version="1" id="VTR:PointProjection:29437">
                  <ProjectedPointRef ref="VTR:ScheduledStopPoint:129244" version="1"/>
                </PointProjection>
              </projections>
            </RoutePoint>
            <RoutePoint version="1" id="VTR:RoutePoint:129245">
              <projections>
                <PointProjection version="1" id="VTR:PointProjection:29438">
                  <ProjectedPointRef ref="VTR:ScheduledStopPoint:129245" version="1"/>
                </PointProjection>
              </projections>
            </RoutePoint>
            <RoutePoint version="1" id="VTR:RoutePoint:129246">
              <projections>
                <PointProjection version="1" id="VTR:PointProjection:29439">
                  <ProjectedPointRef ref="VTR:ScheduledStopPoint:129246" version="1"/>
                </PointProjection>
              </projections>
            </RoutePoint>
            <RoutePoint version="1" id="VTR:RoutePoint:129247">
              <projections>
                <PointProjection version="1" id="VTR:PointProjection:29458">
                  <ProjectedPointRef ref="VTR:ScheduledStopPoint:129247" version="1"/>
                </PointProjection>
              </projections>
            </RoutePoint>
          </routePoints>
          <routes>
            <Route version="1" id="VTR:Route:7349">
              <Name>Vilkaviškis-Pajevonys-Vilkaviškis</Name>
              <ShortName>Vilkaviškis-Pajevonys-Vilkaviškis</ShortName>
              <LineRef ref="VTR:Line:1326" version="1307"/>
              <DirectionType>outbound</DirectionType>
              <pointsInSequence>
                <PointOnRoute version="1" id="VTR:PointOnRoute:123542" order="1">
                  <RoutePointRef ref="VTR:RoutePoint:123542"/>
                </PointOnRoute>
                <PointOnRoute version="1" id="VTR:PointOnRoute:123543" order="2">
                  <RoutePointRef ref="VTR:RoutePoint:123543"/>
                </PointOnRoute>
                <PointOnRoute version="1" id="VTR:PointOnRoute:123544" order="3">
                  <RoutePointRef ref="VTR:RoutePoint:123544"/>
                </PointOnRoute>
                <PointOnRoute version="1" id="VTR:PointOnRoute:123545" order="4">
                  <RoutePointRef ref="VTR:RoutePoint:123545"/>
                </PointOnRoute>
                <PointOnRoute version="1" id="VTR:PointOnRoute:123546" order="5">
                  <RoutePointRef ref="VTR:RoutePoint:123546"/>
                </PointOnRoute>
                <PointOnRoute version="1" id="VTR:PointOnRoute:123547" order="6">
                  <RoutePointRef ref="VTR:RoutePoint:123547"/>
                </PointOnRoute>
                <PointOnRoute version="1" id="VTR:PointOnRoute:123548" order="7">
                  <RoutePointRef ref="VTR:RoutePoint:123548"/>
                </PointOnRoute>
                <PointOnRoute version="1" id="VTR:PointOnRoute:123549" order="8">
                  <RoutePointRef ref="VTR:RoutePoint:123549"/>
                </PointOnRoute>
                <PointOnRoute version="1" id="VTR:PointOnRoute:123550" order="9">
                  <RoutePointRef ref="VTR:RoutePoint:123550"/>
                </PointOnRoute>
                <PointOnRoute version="1" id="VTR:PointOnRoute:123551" order="10">
                  <RoutePointRef ref="VTR:RoutePoint:123551"/>
                </PointOnRoute>
                <PointOnRoute version="1" id="VTR:PointOnRoute:123552" order="11">
                  <RoutePointRef ref="VTR:RoutePoint:123552"/>
                </PointOnRoute>
                <PointOnRoute version="1" id="VTR:PointOnRoute:123553" order="12">
                  <RoutePointRef ref="VTR:RoutePoint:123553"/>
                </PointOnRoute>
                <PointOnRoute version="1" id="VTR:PointOnRoute:123569" order="13">
                  <RoutePointRef ref="VTR:RoutePoint:123569"/>
                </PointOnRoute>
              </pointsInSequence>
            </Route>
            <Route version="1" id="VTR:Route:7615">
              <Name>Pajevonys-Vilkaviškis</Name>
              <ShortName>Pajevonys-Vilkaviškis</ShortName>
              <LineRef ref="VTR:Line:1326" version="1307"/>
              <DirectionType>inbound</DirectionType>
              <pointsInSequence>
                <PointOnRoute version="1" id="VTR:PointOnRoute:129236" order="1">
                  <RoutePointRef ref="VTR:RoutePoint:129236"/>
                </PointOnRoute>
                <PointOnRoute version="1" id="VTR:PointOnRoute:129237" order="2">
                  <RoutePointRef ref="VTR:RoutePoint:129237"/>
                </PointOnRoute>
                <PointOnRoute version="1" id="VTR:PointOnRoute:129238" order="3">
                  <RoutePointRef ref="VTR:RoutePoint:129238"/>
                </PointOnRoute>
                <PointOnRoute version="1" id="VTR:PointOnRoute:129239" order="4">
                  <RoutePointRef ref="VTR:RoutePoint:129239"/>
                </PointOnRoute>
                <PointOnRoute version="1" id="VTR:PointOnRoute:129240" order="5">
                  <RoutePointRef ref="VTR:RoutePoint:129240"/>
                </PointOnRoute>
                <PointOnRoute version="1" id="VTR:PointOnRoute:129241" order="6">
                  <RoutePointRef ref="VTR:RoutePoint:129241"/>
                </PointOnRoute>
                <PointOnRoute version="1" id="VTR:PointOnRoute:129242" order="7">
                  <RoutePointRef ref="VTR:RoutePoint:129242"/>
                </PointOnRoute>
                <PointOnRoute version="1" id="VTR:PointOnRoute:129243" order="8">
                  <RoutePointRef ref="VTR:RoutePoint:129243"/>
                </PointOnRoute>
                <PointOnRoute version="1" id="VTR:PointOnRoute:129244" order="9">
                  <RoutePointRef ref="VTR:RoutePoint:129244"/>
                </PointOnRoute>
                <PointOnRoute version="1" id="VTR:PointOnRoute:129245" order="10">
                  <RoutePointRef ref="VTR:RoutePoint:129245"/>
                </PointOnRoute>
                <PointOnRoute version="1" id="VTR:PointOnRoute:129246" order="11">
                  <RoutePointRef ref="VTR:RoutePoint:129246"/>
                </PointOnRoute>
                <PointOnRoute version="1" id="VTR:PointOnRoute:129247" order="12">
                  <RoutePointRef ref="VTR:RoutePoint:129247"/>
                </PointOnRoute>
              </pointsInSequence>
            </Route>
          </routes>
          <lines>
            <Line version="1307" id="VTR:Line:1326">
              <Name>Vilkaviškis-Pajevonys-Vilkaviškis</Name>
              <TransportMode>bus</TransportMode>
              <TransportSubmode>
                <BusSubmode>regionalBus</BusSubmode>
              </TransportSubmode>
              <PublicCode>17</PublicCode>
              <OperatorRef ref="VTR:Operator:52"/>
            </Line>
          </lines>
          <scheduledStopPoints>
            <ScheduledStopPoint version="1" id="VTR:ScheduledStopPoint:123542">
              <Name>Vilkaviškio autobusų stotis</Name>
            </ScheduledStopPoint>
            <ScheduledStopPoint version="1" id="VTR:ScheduledStopPoint:123543">
              <Name>Uosiai I</Name>
            </ScheduledStopPoint>
            <ScheduledStopPoint version="1" id="VTR:ScheduledStopPoint:123544">
              <Name>Paežeriai</Name>
            </ScheduledStopPoint>
            <ScheduledStopPoint version="1" id="VTR:ScheduledStopPoint:123545">
              <Name>Uosiai II</Name>
            </ScheduledStopPoint>
            <ScheduledStopPoint version="1" id="VTR:ScheduledStopPoint:123546">
              <Name>Alvitas</Name>
            </ScheduledStopPoint>
            <ScheduledStopPoint version="1" id="VTR:ScheduledStopPoint:123547">
              <Name>Dailučiai</Name>
            </ScheduledStopPoint>
            <ScheduledStopPoint version="1" id="VTR:ScheduledStopPoint:123548">
              <Name>Virbalis</Name>
            </ScheduledStopPoint>
            <ScheduledStopPoint version="1" id="VTR:ScheduledStopPoint:123549">
              <Name>Virbalgiris</Name>
            </ScheduledStopPoint>
            <ScheduledStopPoint version="1" id="VTR:ScheduledStopPoint:123550">
              <Name>Karklupėnai</Name>
            </ScheduledStopPoint>
            <ScheduledStopPoint version="1" id="VTR:ScheduledStopPoint:123551">
              <Name>Pajevonio k.</Name>
            </ScheduledStopPoint>
            <ScheduledStopPoint version="1" id="VTR:ScheduledStopPoint:123552">
              <Name>Pajevonys</Name>
            </ScheduledStopPoint>
            <ScheduledStopPoint version="1" id="VTR:ScheduledStopPoint:123553">
              <Name>Ančlaukys</Name>
            </ScheduledStopPoint>
            <ScheduledStopPoint version="1" id="VTR:ScheduledStopPoint:123569">
              <Name>Vilkaviškio autobusų stotis</Name>
            </ScheduledStopPoint>
            <ScheduledStopPoint version="1" id="VTR:ScheduledStopPoint:129236">
              <Name>Ančlaukys</Name>
            </ScheduledStopPoint>
            <ScheduledStopPoint version="1" id="VTR:ScheduledStopPoint:129237">
              <Name>Pajevonys</Name>
            </ScheduledStopPoint>
            <ScheduledStopPoint version="1" id="VTR:ScheduledStopPoint:129238">
              <Name>Pajevonio k.</Name>
            </ScheduledStopPoint>
            <ScheduledStopPoint version="1" id="VTR:ScheduledStopPoint:129239">
              <Name>Karklupėnai</Name>
            </ScheduledStopPoint>
            <ScheduledStopPoint version="1" id="VTR:ScheduledStopPoint:129240">
              <Name>Virbalgiris</Name>
            </ScheduledStopPoint>
            <ScheduledStopPoint version="1" id="VTR:ScheduledStopPoint:129241">
              <Name>Virbalis</Name>
            </ScheduledStopPoint>
            <ScheduledStopPoint version="1" id="VTR:ScheduledStopPoint:129242">
              <Name>Dailučiai</Name>
            </ScheduledStopPoint>
            <ScheduledStopPoint version="1" id="VTR:ScheduledStopPoint:129243">
              <Name>Alvitas</Name>
            </ScheduledStopPoint>
            <ScheduledStopPoint version="1" id="VTR:ScheduledStopPoint:129244">
              <Name>Uosiai II</Name>
            </ScheduledStopPoint>
            <ScheduledStopPoint version="1" id="VTR:ScheduledStopPoint:129245">
              <Name>Paežeriai</Name>
            </ScheduledStopPoint>
            <ScheduledStopPoint version="1" id="VTR:ScheduledStopPoint:129246">
              <Name>Uosiai I</Name>
            </ScheduledStopPoint>
            <ScheduledStopPoint version="1" id="VTR:ScheduledStopPoint:129247">
              <Name>Vilkaviškio autobusų stotis</Name>
            </ScheduledStopPoint>
          </scheduledStopPoints>
          <serviceLinks>
            <ServiceLink id="VTR:ServiceLink:129243_1_129244_1" version="1">
              <Distance>1</Distance>
              <FromPointRef ref="VTR:ScheduledStopPoint:129243" version="1"/>
              <ToPointRef ref="VTR:ScheduledStopPoint:129244" version="1"/>
            </ServiceLink>
            <ServiceLink id="VTR:ServiceLink:129246_1_129247_1" version="1">
              <Distance>2</Distance>
              <FromPointRef ref="VTR:ScheduledStopPoint:129246" version="1"/>
              <ToPointRef ref="VTR:ScheduledStopPoint:129247" version="1"/>
            </ServiceLink>
            <ServiceLink id="VTR:ServiceLink:129238_1_129239_1" version="1">
              <Distance>4</Distance>
              <FromPointRef ref="VTR:ScheduledStopPoint:129238" version="1"/>
              <ToPointRef ref="VTR:ScheduledStopPoint:129239" version="1"/>
            </ServiceLink>
            <ServiceLink id="VTR:ServiceLink:123544_1_123545_1" version="1">
              <Distance>1</Distance>
              <FromPointRef ref="VTR:ScheduledStopPoint:123544" version="1"/>
              <ToPointRef ref="VTR:ScheduledStopPoint:123545" version="1"/>
            </ServiceLink>
            <ServiceLink id="VTR:ServiceLink:123549_1_123550_1" version="1">
              <Distance>6</Distance>
              <FromPointRef ref="VTR:ScheduledStopPoint:123549" version="1"/>
              <ToPointRef ref="VTR:ScheduledStopPoint:123550" version="1"/>
            </ServiceLink>
            <ServiceLink id="VTR:ServiceLink:123546_1_123547_1" version="1">
              <Distance>2</Distance>
              <FromPointRef ref="VTR:ScheduledStopPoint:123546" version="1"/>
              <ToPointRef ref="VTR:ScheduledStopPoint:123547" version="1"/>
            </ServiceLink>
            <ServiceLink id="VTR:ServiceLink:123551_1_123552_1" version="1">
              <Distance>3</Distance>
              <FromPointRef ref="VTR:ScheduledStopPoint:123551" version="1"/>
              <ToPointRef ref="VTR:ScheduledStopPoint:123552" version="1"/>
            </ServiceLink>
            <ServiceLink id="VTR:ServiceLink:129240_1_129241_1" version="1">
              <Distance>3</Distance>
              <FromPointRef ref="VTR:ScheduledStopPoint:129240" version="1"/>
              <ToPointRef ref="VTR:ScheduledStopPoint:129241" version="1"/>
            </ServiceLink>
            <ServiceLink id="VTR:ServiceLink:129241_1_129242_1" version="1">
              <Distance>4</Distance>
              <FromPointRef ref="VTR:ScheduledStopPoint:129241" version="1"/>
              <ToPointRef ref="VTR:ScheduledStopPoint:129242" version="1"/>
            </ServiceLink>
            <ServiceLink id="VTR:ServiceLink:129242_1_129243_1" version="1">
              <Distance>2</Distance>
              <FromPointRef ref="VTR:ScheduledStopPoint:129242" version="1"/>
              <ToPointRef ref="VTR:ScheduledStopPoint:129243" version="1"/>
            </ServiceLink>
            <ServiceLink id="VTR:ServiceLink:129244_1_129245_1" version="1">
              <Distance>1</Distance>
              <FromPointRef ref="VTR:ScheduledStopPoint:129244" version="1"/>
              <ToPointRef ref="VTR:ScheduledStopPoint:129245" version="1"/>
            </ServiceLink>
            <ServiceLink id="VTR:ServiceLink:129237_1_129238_1" version="1">
              <Distance>3</Distance>
              <FromPointRef ref="VTR:ScheduledStopPoint:129237" version="1"/>
              <ToPointRef ref="VTR:ScheduledStopPoint:129238" version="1"/>
            </ServiceLink>
            <ServiceLink id="VTR:ServiceLink:123550_1_123551_1" version="1">
              <Distance>4</Distance>
              <FromPointRef ref="VTR:ScheduledStopPoint:123550" version="1"/>
              <ToPointRef ref="VTR:ScheduledStopPoint:123551" version="1"/>
            </ServiceLink>
            <ServiceLink id="VTR:ServiceLink:123553_1_123569_1" version="1">
              <Distance>27</Distance>
              <FromPointRef ref="VTR:ScheduledStopPoint:123553" version="1"/>
              <ToPointRef ref="VTR:ScheduledStopPoint:123569" version="1"/>
            </ServiceLink>
            <ServiceLink id="VTR:ServiceLink:123543_1_123544_1" version="1">
              <Distance>1</Distance>
              <FromPointRef ref="VTR:ScheduledStopPoint:123543" version="1"/>
              <ToPointRef ref="VTR:ScheduledStopPoint:123544" version="1"/>
            </ServiceLink>
            <ServiceLink id="VTR:ServiceLink:123548_1_123549_1" version="1">
              <Distance>3</Distance>
              <FromPointRef ref="VTR:ScheduledStopPoint:123548" version="1"/>
              <ToPointRef ref="VTR:ScheduledStopPoint:123549" version="1"/>
            </ServiceLink>
            <ServiceLink id="VTR:ServiceLink:129245_1_129246_1" version="1">
              <Distance>1</Distance>
              <FromPointRef ref="VTR:ScheduledStopPoint:129245" version="1"/>
              <ToPointRef ref="VTR:ScheduledStopPoint:129246" version="1"/>
            </ServiceLink>
            <ServiceLink id="VTR:ServiceLink:123542_1_123543_1" version="1">
              <Distance>2</Distance>
              <FromPointRef ref="VTR:ScheduledStopPoint:123542" version="1"/>
              <ToPointRef ref="VTR:ScheduledStopPoint:123543" version="1"/>
            </ServiceLink>
            <ServiceLink id="VTR:ServiceLink:123547_1_123548_1" version="1">
              <Distance>4</Distance>
              <FromPointRef ref="VTR:ScheduledStopPoint:123547" version="1"/>
              <ToPointRef ref="VTR:ScheduledStopPoint:123548" version="1"/>
            </ServiceLink>
            <ServiceLink id="VTR:ServiceLink:129236_1_129237_1" version="1">
              <Distance>4</Distance>
              <FromPointRef ref="VTR:ScheduledStopPoint:129236" version="1"/>
              <ToPointRef ref="VTR:ScheduledStopPoint:129237" version="1"/>
            </ServiceLink>
            <ServiceLink id="VTR:ServiceLink:129239_1_129240_1" version="1">
              <Distance>6</Distance>
              <FromPointRef ref="VTR:ScheduledStopPoint:129239" version="1"/>
              <ToPointRef ref="VTR:ScheduledStopPoint:129240" version="1"/>
            </ServiceLink>
            <ServiceLink id="VTR:ServiceLink:123545_1_123546_1" version="1">
              <Distance>1</Distance>
              <FromPointRef ref="VTR:ScheduledStopPoint:123545" version="1"/>
              <ToPointRef ref="VTR:ScheduledStopPoint:123546" version="1"/>
            </ServiceLink>
            <ServiceLink id="VTR:ServiceLink:123552_1_123553_1" version="1">
              <Distance>4</Distance>
              <FromPointRef ref="VTR:ScheduledStopPoint:123552" version="1"/>
              <ToPointRef ref="VTR:ScheduledStopPoint:123553" version="1"/>
            </ServiceLink>
          </serviceLinks>
          <stopAssignments>
            <PassengerStopAssignment order="734900000" id="VTR:PassengerStopAssignment:123542" version="1">
              <ScheduledStopPointRef ref="VTR:ScheduledStopPoint:123542" version="1"/>
              <QuayRef ref="VTR:Quay:19454"/>
            </PassengerStopAssignment>
            <PassengerStopAssignment order="734900001" id="VTR:PassengerStopAssignment:123543" version="1">
              <ScheduledStopPointRef ref="VTR:ScheduledStopPoint:123543" version="1"/>
              <QuayRef ref="VTR:Quay:6284"/>
            </PassengerStopAssignment>
            <PassengerStopAssignment order="734900002" id="VTR:PassengerStopAssignment:123544" version="1">
              <ScheduledStopPointRef ref="VTR:ScheduledStopPoint:123544" version="1"/>
              <QuayRef ref="VTR:Quay:8192"/>
            </PassengerStopAssignment>
            <PassengerStopAssignment order="734900003" id="VTR:PassengerStopAssignment:123545" version="1">
              <ScheduledStopPointRef ref="VTR:ScheduledStopPoint:123545" version="1"/>
              <QuayRef ref="VTR:Quay:9081"/>
            </PassengerStopAssignment>
            <PassengerStopAssignment order="734900004" id="VTR:PassengerStopAssignment:123546" version="1">
              <ScheduledStopPointRef ref="VTR:ScheduledStopPoint:123546" version="1"/>
              <QuayRef ref="VTR:Quay:6252"/>
            </PassengerStopAssignment>
            <PassengerStopAssignment order="734900005" id="VTR:PassengerStopAssignment:123547" version="1">
              <ScheduledStopPointRef ref="VTR:ScheduledStopPoint:123547" version="1"/>
              <QuayRef ref="VTR:Quay:9084"/>
            </PassengerStopAssignment>
            <PassengerStopAssignment order="734900006" id="VTR:PassengerStopAssignment:123548" version="1">
              <ScheduledStopPointRef ref="VTR:ScheduledStopPoint:123548" version="1"/>
              <QuayRef ref="VTR:Quay:11124"/>
            </PassengerStopAssignment>
            <PassengerStopAssignment order="734900007" id="VTR:PassengerStopAssignment:123549" version="1">
              <ScheduledStopPointRef ref="VTR:ScheduledStopPoint:123549" version="1"/>
              <QuayRef ref="VTR:Quay:14102"/>
            </PassengerStopAssignment>
            <PassengerStopAssignment order="734900008" id="VTR:PassengerStopAssignment:123550" version="1">
              <ScheduledStopPointRef ref="VTR:ScheduledStopPoint:123550" version="1"/>
              <QuayRef ref="VTR:Quay:20751"/>
            </PassengerStopAssignment>
            <PassengerStopAssignment order="734900009" id="VTR:PassengerStopAssignment:123551" version="1">
              <ScheduledStopPointRef ref="VTR:ScheduledStopPoint:123551" version="1"/>
              <QuayRef ref="VTR:Quay:5311"/>
            </PassengerStopAssignment>
            <PassengerStopAssignment order="734900010" id="VTR:PassengerStopAssignment:123552" version="1">
              <ScheduledStopPointRef ref="VTR:ScheduledStopPoint:123552" version="1"/>
              <QuayRef ref="VTR:Quay:15257"/>
            </PassengerStopAssignment>
            <PassengerStopAssignment order="734900011" id="VTR:PassengerStopAssignment:123553" version="1">
              <ScheduledStopPointRef ref="VTR:ScheduledStopPoint:123553" version="1"/>
              <QuayRef ref="VTR:Quay:20755"/>
            </PassengerStopAssignment>
            <PassengerStopAssignment order="734900012" id="VTR:PassengerStopAssignment:123569" version="1">
              <ScheduledStopPointRef ref="VTR:ScheduledStopPoint:123569" version="1"/>
              <QuayRef ref="VTR:Quay:19454"/>
            </PassengerStopAssignment>
            <PassengerStopAssignment order="761500000" id="VTR:PassengerStopAssignment:129236" version="1">
              <ScheduledStopPointRef ref="VTR:ScheduledStopPoint:129236" version="1"/>
              <QuayRef ref="VTR:Quay:20755"/>
            </PassengerStopAssignment>
            <PassengerStopAssignment order="761500001" id="VTR:PassengerStopAssignment:129237" version="1">
              <ScheduledStopPointRef ref="VTR:ScheduledStopPoint:129237" version="1"/>
              <QuayRef ref="VTR:Quay:15257"/>
            </PassengerStopAssignment>
            <PassengerStopAssignment order="761500002" id="VTR:PassengerStopAssignment:129238" version="1">
              <ScheduledStopPointRef ref="VTR:ScheduledStopPoint:129238" version="1"/>
              <QuayRef ref="VTR:Quay:5311"/>
            </PassengerStopAssignment>
            <PassengerStopAssignment order="761500003" id="VTR:PassengerStopAssignment:129239" version="1">
              <ScheduledStopPointRef ref="VTR:ScheduledStopPoint:129239" version="1"/>
              <QuayRef ref="VTR:Quay:20751"/>
            </PassengerStopAssignment>
            <PassengerStopAssignment order="761500004" id="VTR:PassengerStopAssignment:129240" version="1">
              <ScheduledStopPointRef ref="VTR:ScheduledStopPoint:129240" version="1"/>
              <QuayRef ref="VTR:Quay:14102"/>
            </PassengerStopAssignment>
            <PassengerStopAssignment order="761500005" id="VTR:PassengerStopAssignment:129241" version="1">
              <ScheduledStopPointRef ref="VTR:ScheduledStopPoint:129241" version="1"/>
              <QuayRef ref="VTR:Quay:11124"/>
            </PassengerStopAssignment>
            <PassengerStopAssignment order="761500006" id="VTR:PassengerStopAssignment:129242" version="1">
              <ScheduledStopPointRef ref="VTR:ScheduledStopPoint:129242" version="1"/>
              <QuayRef ref="VTR:Quay:9084"/>
            </PassengerStopAssignment>
            <PassengerStopAssignment order="761500007" id="VTR:PassengerStopAssignment:129243" version="1">
              <ScheduledStopPointRef ref="VTR:ScheduledStopPoint:129243" version="1"/>
              <QuayRef ref="VTR:Quay:6252"/>
            </PassengerStopAssignment>
            <PassengerStopAssignment order="761500008" id="VTR:PassengerStopAssignment:129244" version="1">
              <ScheduledStopPointRef ref="VTR:ScheduledStopPoint:129244" version="1"/>
              <QuayRef ref="VTR:Quay:9081"/>
            </PassengerStopAssignment>
            <PassengerStopAssignment order="761500009" id="VTR:PassengerStopAssignment:129245" version="1">
              <ScheduledStopPointRef ref="VTR:ScheduledStopPoint:129245" version="1"/>
              <QuayRef ref="VTR:Quay:8192"/>
            </PassengerStopAssignment>
            <PassengerStopAssignment order="761500010" id="VTR:PassengerStopAssignment:129246" version="1">
              <ScheduledStopPointRef ref="VTR:ScheduledStopPoint:129246" version="1"/>
              <QuayRef ref="VTR:Quay:6284"/>
            </PassengerStopAssignment>
            <PassengerStopAssignment order="761500011" id="VTR:PassengerStopAssignment:129247" version="1">
              <ScheduledStopPointRef ref="VTR:ScheduledStopPoint:129247" version="1"/>
              <QuayRef ref="VTR:Quay:19454"/>
            </PassengerStopAssignment>
          </stopAssignments>
          <journeyPatterns>
            <JourneyPattern id="VTR:JourneyPattern:57676" version="57734">
              <Name>17</Name>
              <RouteRef ref="VTR:Route:7349" version="1"/>
              <pointsInSequence>
                <StopPointInJourneyPattern id="VTR:StopPointInJourneyPattern:1162261" version="57734" order="1">
                  <ScheduledStopPointRef ref="VTR:ScheduledStopPoint:123542"/>
                  <DestinationDisplayRef ref="VTR:DestinationDisplay:1"/>
                </StopPointInJourneyPattern>
                <StopPointInJourneyPattern id="VTR:StopPointInJourneyPattern:1162262" version="57734" order="2">
                  <ScheduledStopPointRef ref="VTR:ScheduledStopPoint:123543"/>
                  <DestinationDisplayRef ref="VTR:DestinationDisplay:1"/>
                </StopPointInJourneyPattern>
                <StopPointInJourneyPattern id="VTR:StopPointInJourneyPattern:1162263" version="57734" order="3">
                  <ScheduledStopPointRef ref="VTR:ScheduledStopPoint:123544"/>
                  <DestinationDisplayRef ref="VTR:DestinationDisplay:1"/>
                </StopPointInJourneyPattern>
                <StopPointInJourneyPattern id="VTR:StopPointInJourneyPattern:1162264" version="57734" order="4">
                  <ScheduledStopPointRef ref="VTR:ScheduledStopPoint:123545"/>
                  <DestinationDisplayRef ref="VTR:DestinationDisplay:1"/>
                </StopPointInJourneyPattern>
                <StopPointInJourneyPattern id="VTR:StopPointInJourneyPattern:1162265" version="57734" order="5">
                  <ScheduledStopPointRef ref="VTR:ScheduledStopPoint:123546"/>
                  <DestinationDisplayRef ref="VTR:DestinationDisplay:1"/>
                </StopPointInJourneyPattern>
                <StopPointInJourneyPattern id="VTR:StopPointInJourneyPattern:1162266" version="57734" order="6">
                  <ScheduledStopPointRef ref="VTR:ScheduledStopPoint:123547"/>
                  <DestinationDisplayRef ref="VTR:DestinationDisplay:1"/>
                </StopPointInJourneyPattern>
                <StopPointInJourneyPattern id="VTR:StopPointInJourneyPattern:1162267" version="57734" order="7">
                  <ScheduledStopPointRef ref="VTR:ScheduledStopPoint:123548"/>
                  <DestinationDisplayRef ref="VTR:DestinationDisplay:1"/>
                </StopPointInJourneyPattern>
                <StopPointInJourneyPattern id="VTR:StopPointInJourneyPattern:1162268" version="57734" order="8">
                  <ScheduledStopPointRef ref="VTR:ScheduledStopPoint:123549"/>
                  <DestinationDisplayRef ref="VTR:DestinationDisplay:1"/>
                </StopPointInJourneyPattern>
                <StopPointInJourneyPattern id="VTR:StopPointInJourneyPattern:1162269" version="57734" order="9">
                  <ScheduledStopPointRef ref="VTR:ScheduledStopPoint:123550"/>
                  <DestinationDisplayRef ref="VTR:DestinationDisplay:1"/>
                </StopPointInJourneyPattern>
                <StopPointInJourneyPattern id="VTR:StopPointInJourneyPattern:1162270" version="57734" order="10">
                  <ScheduledStopPointRef ref="VTR:ScheduledStopPoint:123551"/>
                  <DestinationDisplayRef ref="VTR:DestinationDisplay:1"/>
                </StopPointInJourneyPattern>
                <StopPointInJourneyPattern id="VTR:StopPointInJourneyPattern:1162271" version="57734" order="11">
                  <ScheduledStopPointRef ref="VTR:ScheduledStopPoint:123552"/>
                  <DestinationDisplayRef ref="VTR:DestinationDisplay:1"/>
                </StopPointInJourneyPattern>
                <StopPointInJourneyPattern id="VTR:StopPointInJourneyPattern:1162272" version="57734" order="12">
                  <ScheduledStopPointRef ref="VTR:ScheduledStopPoint:123553"/>
                  <DestinationDisplayRef ref="VTR:DestinationDisplay:1"/>
                </StopPointInJourneyPattern>
                <StopPointInJourneyPattern id="VTR:StopPointInJourneyPattern:1162273" version="57734" order="13">
                  <ScheduledStopPointRef ref="VTR:ScheduledStopPoint:123569"/>
                  <DestinationDisplayRef ref="VTR:DestinationDisplay:1"/>
                </StopPointInJourneyPattern>
              </pointsInSequence>
            </JourneyPattern>
            <JourneyPattern id="VTR:JourneyPattern:59347" version="59414">
              <Name>1</Name>
              <RouteRef ref="VTR:Route:7615" version="1"/>
              <pointsInSequence>
                <StopPointInJourneyPattern id="VTR:StopPointInJourneyPattern:1183543" version="59414" order="1">
                  <ScheduledStopPointRef ref="VTR:ScheduledStopPoint:129236"/>
                  <DestinationDisplayRef ref="VTR:DestinationDisplay:1"/>
                </StopPointInJourneyPattern>
                <StopPointInJourneyPattern id="VTR:StopPointInJourneyPattern:1183544" version="59414" order="2">
                  <ScheduledStopPointRef ref="VTR:ScheduledStopPoint:129237"/>
                  <DestinationDisplayRef ref="VTR:DestinationDisplay:1"/>
                </StopPointInJourneyPattern>
                <StopPointInJourneyPattern id="VTR:StopPointInJourneyPattern:1183545" version="59414" order="3">
                  <ScheduledStopPointRef ref="VTR:ScheduledStopPoint:129238"/>
                  <DestinationDisplayRef ref="VTR:DestinationDisplay:1"/>
                </StopPointInJourneyPattern>
                <StopPointInJourneyPattern id="VTR:StopPointInJourneyPattern:1183546" version="59414" order="4">
                  <ScheduledStopPointRef ref="VTR:ScheduledStopPoint:129239"/>
                  <DestinationDisplayRef ref="VTR:DestinationDisplay:1"/>
                </StopPointInJourneyPattern>
                <StopPointInJourneyPattern id="VTR:StopPointInJourneyPattern:1183547" version="59414" order="5">
                  <ScheduledStopPointRef ref="VTR:ScheduledStopPoint:129240"/>
                  <DestinationDisplayRef ref="VTR:DestinationDisplay:1"/>
                </StopPointInJourneyPattern>
                <StopPointInJourneyPattern id="VTR:StopPointInJourneyPattern:1183548" version="59414" order="6">
                  <ScheduledStopPointRef ref="VTR:ScheduledStopPoint:129241"/>
                  <DestinationDisplayRef ref="VTR:DestinationDisplay:1"/>
                </StopPointInJourneyPattern>
                <StopPointInJourneyPattern id="VTR:StopPointInJourneyPattern:1183549" version="59414" order="7">
                  <ScheduledStopPointRef ref="VTR:ScheduledStopPoint:129242"/>
                  <DestinationDisplayRef ref="VTR:DestinationDisplay:1"/>
                </StopPointInJourneyPattern>
                <StopPointInJourneyPattern id="VTR:StopPointInJourneyPattern:1183550" version="59414" order="8">
                  <ScheduledStopPointRef ref="VTR:ScheduledStopPoint:129243"/>
                  <DestinationDisplayRef ref="VTR:DestinationDisplay:1"/>
                </StopPointInJourneyPattern>
                <StopPointInJourneyPattern id="VTR:StopPointInJourneyPattern:1183551" version="59414" order="9">
                  <ScheduledStopPointRef ref="VTR:ScheduledStopPoint:129244"/>
                  <DestinationDisplayRef ref="VTR:DestinationDisplay:1"/>
                </StopPointInJourneyPattern>
                <StopPointInJourneyPattern id="VTR:StopPointInJourneyPattern:1183552" version="59414" order="10">
                  <ScheduledStopPointRef ref="VTR:ScheduledStopPoint:129245"/>
                  <DestinationDisplayRef ref="VTR:DestinationDisplay:1"/>
                </StopPointInJourneyPattern>
                <StopPointInJourneyPattern id="VTR:StopPointInJourneyPattern:1183553" version="59414" order="11">
                  <ScheduledStopPointRef ref="VTR:ScheduledStopPoint:129246"/>
                  <DestinationDisplayRef ref="VTR:DestinationDisplay:1"/>
                </StopPointInJourneyPattern>
                <StopPointInJourneyPattern id="VTR:StopPointInJourneyPattern:1183554" version="59414" order="12">
                  <ScheduledStopPointRef ref="VTR:ScheduledStopPoint:129247"/>
                  <DestinationDisplayRef ref="VTR:DestinationDisplay:1"/>
                </StopPointInJourneyPattern>
              </pointsInSequence>
            </JourneyPattern>
          </journeyPatterns>
        </ServiceFrame>
        <TimetableFrame version="1" id="VTR:TimetableFrame:1401">
          <vehicleJourneys>
            <ServiceJourney version="57734" id="VTR:ServiceJourney:57676">
              <Name>Vilkaviškis-Pajevonys-Vilkaviškis</Name>
              <PrivateCode>17</PrivateCode>
              <dayTypes>
                <DayTypeRef ref="VTR:DayType:2908"/>
              </dayTypes>
              <JourneyPatternRef version="57734" ref="VTR:JourneyPattern:57676"/>
              <OperatorRef ref="VTR:Operator:"/>
              <LineRef ref="VTR:Line:1326" version="1307"/>
              <passingTimes>
                <TimetabledPassingTime version="57734" id="VTR:TimetabledPassingTime:57676_1162261_1">
                  <StopPointInJourneyPatternRef ref="VTR:StopPointInJourneyPattern:1162261" version="57734"/>
                  <DepartureTime>06:45:00</DepartureTime>
                  <DepartureDayOffset>0</DepartureDayOffset>
                </TimetabledPassingTime>
                <TimetabledPassingTime version="57734" id="VTR:TimetabledPassingTime:57676_1162262_2">
                  <StopPointInJourneyPatternRef ref="VTR:StopPointInJourneyPattern:1162262" version="57734"/>
                  <DepartureTime>06:50:00</DepartureTime>
                  <DepartureDayOffset>0</DepartureDayOffset>
                </TimetabledPassingTime>
                <TimetabledPassingTime version="57734" id="VTR:TimetabledPassingTime:57676_1162263_3">
                  <StopPointInJourneyPatternRef ref="VTR:StopPointInJourneyPattern:1162263" version="57734"/>
                  <DepartureTime>06:55:00</DepartureTime>
                  <DepartureDayOffset>0</DepartureDayOffset>
                </TimetabledPassingTime>
                <TimetabledPassingTime version="57734" id="VTR:TimetabledPassingTime:57676_1162264_4">
                  <StopPointInJourneyPatternRef ref="VTR:StopPointInJourneyPattern:1162264" version="57734"/>
                  <DepartureTime>07:02:00</DepartureTime>
                  <DepartureDayOffset>0</DepartureDayOffset>
                </TimetabledPassingTime>
                <TimetabledPassingTime version="57734" id="VTR:TimetabledPassingTime:57676_1162265_5">
                  <StopPointInJourneyPatternRef ref="VTR:StopPointInJourneyPattern:1162265" version="57734"/>
                  <DepartureTime>07:07:00</DepartureTime>
                  <DepartureDayOffset>0</DepartureDayOffset>
                </TimetabledPassingTime>
                <TimetabledPassingTime version="57734" id="VTR:TimetabledPassingTime:57676_1162266_6">
                  <StopPointInJourneyPatternRef ref="VTR:StopPointInJourneyPattern:1162266" version="57734"/>
                  <DepartureTime>07:12:00</DepartureTime>
                  <DepartureDayOffset>0</DepartureDayOffset>
                </TimetabledPassingTime>
                <TimetabledPassingTime version="57734" id="VTR:TimetabledPassingTime:57676_1162267_7">
                  <StopPointInJourneyPatternRef ref="VTR:StopPointInJourneyPattern:1162267" version="57734"/>
                  <DepartureTime>07:19:00</DepartureTime>
                  <DepartureDayOffset>0</DepartureDayOffset>
                </TimetabledPassingTime>
                <TimetabledPassingTime version="57734" id="VTR:TimetabledPassingTime:57676_1162268_8">
                  <StopPointInJourneyPatternRef ref="VTR:StopPointInJourneyPattern:1162268" version="57734"/>
                  <DepartureTime>07:25:00</DepartureTime>
                  <DepartureDayOffset>0</DepartureDayOffset>
                </TimetabledPassingTime>
                <TimetabledPassingTime version="57734" id="VTR:TimetabledPassingTime:57676_1162269_9">
                  <StopPointInJourneyPatternRef ref="VTR:StopPointInJourneyPattern:1162269" version="57734"/>
                  <DepartureTime>07:35:00</DepartureTime>
                  <DepartureDayOffset>0</DepartureDayOffset>
                </TimetabledPassingTime>
                <TimetabledPassingTime version="57734" id="VTR:TimetabledPassingTime:57676_1162270_10">
                  <StopPointInJourneyPatternRef ref="VTR:StopPointInJourneyPattern:1162270" version="57734"/>
                  <DepartureTime>07:40:00</DepartureTime>
                  <DepartureDayOffset>0</DepartureDayOffset>
                </TimetabledPassingTime>
                <TimetabledPassingTime version="57734" id="VTR:TimetabledPassingTime:57676_1162271_11">
                  <StopPointInJourneyPatternRef ref="VTR:StopPointInJourneyPattern:1162271" version="57734"/>
                  <DepartureTime>07:44:00</DepartureTime>
                  <DepartureDayOffset>0</DepartureDayOffset>
                </TimetabledPassingTime>
                <TimetabledPassingTime version="57734" id="VTR:TimetabledPassingTime:57676_1162272_12">
                  <StopPointInJourneyPatternRef ref="VTR:StopPointInJourneyPattern:1162272" version="57734"/>
                  <DepartureTime>07:52:00</DepartureTime>
                  <DepartureDayOffset>0</DepartureDayOffset>
                </TimetabledPassingTime>
                <TimetabledPassingTime version="57734" id="VTR:TimetabledPassingTime:57676_1162273_13">
                  <StopPointInJourneyPatternRef ref="VTR:StopPointInJourneyPattern:1162273" version="57734"/>
                  <DepartureTime>08:42:00</DepartureTime>
                  <DepartureDayOffset>0</DepartureDayOffset>
                </TimetabledPassingTime>
              </passingTimes>
            </ServiceJourney>
            <ServiceJourney version="59414" id="VTR:ServiceJourney:59347">
              <Name>Pajevonys-Vilkaviškis</Name>
              <PrivateCode>1</PrivateCode>
              <dayTypes>
                <DayTypeRef ref="VTR:DayType:2940"/>
              </dayTypes>
              <JourneyPatternRef version="59414" ref="VTR:JourneyPattern:59347"/>
              <OperatorRef ref="VTR:Operator:"/>
              <LineRef ref="VTR:Line:1326" version="1307"/>
              <passingTimes>
                <TimetabledPassingTime version="59414" id="VTR:TimetabledPassingTime:59347_1183543_1">
                  <StopPointInJourneyPatternRef ref="VTR:StopPointInJourneyPattern:1183543" version="59414"/>
                  <DepartureTime>07:15:00</DepartureTime>
                  <DepartureDayOffset>0</DepartureDayOffset>
                </TimetabledPassingTime>
                <TimetabledPassingTime version="59414" id="VTR:TimetabledPassingTime:59347_1183544_2">
                  <StopPointInJourneyPatternRef ref="VTR:StopPointInJourneyPattern:1183544" version="59414"/>
                  <DepartureTime>07:23:00</DepartureTime>
                  <DepartureDayOffset>0</DepartureDayOffset>
                </TimetabledPassingTime>
                <TimetabledPassingTime version="59414" id="VTR:TimetabledPassingTime:59347_1183545_3">
                  <StopPointInJourneyPatternRef ref="VTR:StopPointInJourneyPattern:1183545" version="59414"/>
                  <DepartureTime>07:28:00</DepartureTime>
                  <DepartureDayOffset>0</DepartureDayOffset>
                </TimetabledPassingTime>
                <TimetabledPassingTime version="59414" id="VTR:TimetabledPassingTime:59347_1183546_4">
                  <StopPointInJourneyPatternRef ref="VTR:StopPointInJourneyPattern:1183546" version="59414"/>
                  <DepartureTime>07:34:00</DepartureTime>
                  <DepartureDayOffset>0</DepartureDayOffset>
                </TimetabledPassingTime>
                <TimetabledPassingTime version="59414" id="VTR:TimetabledPassingTime:59347_1183547_5">
                  <StopPointInJourneyPatternRef ref="VTR:StopPointInJourneyPattern:1183547" version="59414"/>
                  <DepartureTime>07:40:00</DepartureTime>
                  <DepartureDayOffset>0</DepartureDayOffset>
                </TimetabledPassingTime>
                <TimetabledPassingTime version="59414" id="VTR:TimetabledPassingTime:59347_1183548_6">
                  <StopPointInJourneyPatternRef ref="VTR:StopPointInJourneyPattern:1183548" version="59414"/>
                  <DepartureTime>07:46:00</DepartureTime>
                  <DepartureDayOffset>0</DepartureDayOffset>
                </TimetabledPassingTime>
                <TimetabledPassingTime version="59414" id="VTR:TimetabledPassingTime:59347_1183549_7">
                  <StopPointInJourneyPatternRef ref="VTR:StopPointInJourneyPattern:1183549" version="59414"/>
                  <DepartureTime>07:53:00</DepartureTime>
                  <DepartureDayOffset>0</DepartureDayOffset>
                </TimetabledPassingTime>
                <TimetabledPassingTime version="59414" id="VTR:TimetabledPassingTime:59347_1183550_8">
                  <StopPointInJourneyPatternRef ref="VTR:StopPointInJourneyPattern:1183550" version="59414"/>
                  <DepartureTime>07:58:00</DepartureTime>
                  <DepartureDayOffset>0</DepartureDayOffset>
                </TimetabledPassingTime>
                <TimetabledPassingTime version="59414" id="VTR:TimetabledPassingTime:59347_1183551_9">
                  <StopPointInJourneyPatternRef ref="VTR:StopPointInJourneyPattern:1183551" version="59414"/>
                  <DepartureTime>08:06:00</DepartureTime>
                  <DepartureDayOffset>0</DepartureDayOffset>
                </TimetabledPassingTime>
                <TimetabledPassingTime version="59414" id="VTR:TimetabledPassingTime:59347_1183552_10">
                  <StopPointInJourneyPatternRef ref="VTR:StopPointInJourneyPattern:1183552" version="59414"/>
                  <DepartureTime>08:12:00</DepartureTime>
                  <DepartureDayOffset>0</DepartureDayOffset>
                </TimetabledPassingTime>
                <TimetabledPassingTime version="59414" id="VTR:TimetabledPassingTime:59347_1183553_11">
                  <StopPointInJourneyPatternRef ref="VTR:StopPointInJourneyPattern:1183553" version="59414"/>
                  <DepartureTime>08:17:00</DepartureTime>
                  <DepartureDayOffset>0</DepartureDayOffset>
                </TimetabledPassingTime>
                <TimetabledPassingTime version="59414" id="VTR:TimetabledPassingTime:59347_1183554_12">
                  <StopPointInJourneyPatternRef ref="VTR:StopPointInJourneyPattern:1183554" version="59414"/>
                  <DepartureTime>08:39:00</DepartureTime>
                  <DepartureDayOffset>0</DepartureDayOffset>
                </TimetabledPassingTime>
              </passingTimes>
            </ServiceJourney>
          </vehicleJourneys>
        </TimetableFrame>
        <ResourceFrame version="1" id="VTR:ResourceFrame:1401">
          <organisations>
            <Authority version="1" id="VTR:Authority:52">
              <CompanyNumber>39</CompanyNumber>
              <Name>Vilkaviškio r. sav.</Name>
              <LegalName>Vilkaviškio r. sav.</LegalName>
              <ContactDetails>
                <Email>savivaldybe@vilkaviskis.lt</Email>
                <Phone>834260062</Phone>
                <Url>www.vilkaviskis.lt</Url>
              </ContactDetails>
              <OrganisationType>authority</OrganisationType>
            </Authority>
          </organisations>
        </ResourceFrame>
        <FareFrame id="VTR:FareFrame:1326" version="1">
          <FrameDefaults>
            <DefaultCurrency>EUR</DefaultCurrency>
          </FrameDefaults>
          <usageParameters>
            <RoundTrip id="VTR:RoundTrip:single" version="1">
              <Name>Single</Name>
              <TripType>single</TripType>
            </RoundTrip>
            <FrequencyOfUse id="VTR:FrequencyOfUse:once" version="1">
              <Name>Once</Name>
              <MaximalFrequency>1</MaximalFrequency>
            </FrequencyOfUse>
          </usageParameters>
          <priceGroups>
            <PriceGroup id="VTR:PriceGroup:PG01" version="1">
              <Name>Flat Fare Products - Standard</Name>
              <members>
                <FareProductPrice id="VTR:FareProductPrice:standard" version="1">
                  <Name>Single fare</Name>
                  <Amount>0.41</Amount>
                  <Currency>EUR</Currency>
                </FareProductPrice>
              </members>
            </PriceGroup>
          </priceGroups>
        </FareFrame>
      </frames>
    </CompositeFrame>
  </dataObjects>
</PublicationDelivery>
