<?xml version="1.0" encoding="UTF-8"?><PublicationDelivery xmlns="http://www.netex.org.uk/netex" xmlns:gis="http://www.opengis.net/gml/3.2" xmlns:ns2="http://www.opengis.net/gml/3.2" xmlns:ns3="http://www.siri.org.uk/siri" xmlns:xsi="http://www.w3.org/2001/XMLSchema-instance" version="1" xsi:schemaLocation="">
  <PublicationTimestamp>2022-05-07T05:05:00.281</PublicationTimestamp>
  <ParticipantRef>VTR</ParticipantRef>
  <Description>1</Description>
  <dataObjects>
    <CompositeFrame created="2022-05-07T05:05:00.281" version="1" id="VTR:CompositeFrame:1401">
      <validityConditions>
        <AvailabilityCondition version="1" id="VTR:AvailabilityCondition:1401">
          <FromDate>2015-07-22T15:59:39</FromDate>
          <ToDate>2027-12-30T00:00:00</ToDate>
        </AvailabilityCondition>
      </validityConditions>
      <codespaces>
        <Codespace id="vtr">
          <Xmlns>VTR</Xmlns>
          <XmlnsUrl>http://www.visimarsrutai.lt/</XmlnsUrl>
        </Codespace>
      </codespaces>
      <FrameDefaults>
        <DefaultLocale>
          <TimeZone>Europe/Vilnius</TimeZone>
        </DefaultLocale>
        <DefaultLocationSystem>WGS84</DefaultLocationSystem>
      </FrameDefaults>
      <frames>
        <ServiceCalendarFrame version="1" id="VTR:ServiceCalendarFrame:1401">
          <dayTypes>
            <DayType id="VTR:DayType:2853" version="1">
              <properties>
                <PropertyOfDay>
                  <DaysOfWeek>Monday Tuesday Wednesday Thursday Friday</DaysOfWeek>
                </PropertyOfDay>
              </properties>
            </DayType>
            <DayType id="VTR:DayType:2971" version="1">
              <properties>
                <PropertyOfDay>
                  <DaysOfWeek>Monday Tuesday Wednesday Thursday Friday Saturday</DaysOfWeek>
                </PropertyOfDay>
              </properties>
            </DayType>
          </dayTypes>
          <operatingPeriods>
            <OperatingPeriod version="1" id="VTR:OperatingPeriod:2853">
              <FromDate>2015-11-12T00:00:00</FromDate>
              <ToDate>2020-12-31T00:00:00</ToDate>
            </OperatingPeriod>
            <OperatingPeriod version="1" id="VTR:OperatingPeriod:2971">
              <FromDate>2015-11-12T00:00:00</FromDate>
              <ToDate>2020-12-31T00:00:00</ToDate>
            </OperatingPeriod>
          </operatingPeriods>
          <dayTypeAssignments>
            <DayTypeAssignment id="VTR:DayTypeAssignment:2853_0" version="1" order="2216">
              <OperatingPeriodRef ref="VTR:OperatingPeriod:2853" version="1"/>
              <DayTypeRef ref="VTR:DayType:2853" version="1"/>
            </DayTypeAssignment>
            <DayTypeAssignment id="VTR:DayTypeAssignment:2971_0" version="1" order="2323">
              <OperatingPeriodRef ref="VTR:OperatingPeriod:2971" version="1"/>
              <DayTypeRef ref="VTR:DayType:2971" version="1"/>
            </DayTypeAssignment>
          </dayTypeAssignments>
        </ServiceCalendarFrame>
        <ServiceFrame id="VTR:ServiceFrame:1401" version="1">
          <Network version="0" id="VTR:Network:52"/>
          <routePoints>
            <RoutePoint version="1" id="VTR:RoutePoint:121598">
              <projections>
                <PointProjection version="1" id="VTR:PointProjection:37473">
                  <ProjectedPointRef ref="VTR:ScheduledStopPoint:121598" version="1"/>
                </PointProjection>
              </projections>
            </RoutePoint>
            <RoutePoint version="1" id="VTR:RoutePoint:121599">
              <projections>
                <PointProjection version="1" id="VTR:PointProjection:37474">
                  <ProjectedPointRef ref="VTR:ScheduledStopPoint:121599" version="1"/>
                </PointProjection>
              </projections>
            </RoutePoint>
            <RoutePoint version="1" id="VTR:RoutePoint:121600">
              <projections>
                <PointProjection version="1" id="VTR:PointProjection:37475">
                  <ProjectedPointRef ref="VTR:ScheduledStopPoint:121600" version="1"/>
                </PointProjection>
              </projections>
            </RoutePoint>
            <RoutePoint version="1" id="VTR:RoutePoint:121601">
              <projections>
                <PointProjection version="1" id="VTR:PointProjection:37476">
                  <ProjectedPointRef ref="VTR:ScheduledStopPoint:121601" version="1"/>
                </PointProjection>
              </projections>
            </RoutePoint>
            <RoutePoint version="1" id="VTR:RoutePoint:121602">
              <projections>
                <PointProjection version="1" id="VTR:PointProjection:37518">
                  <ProjectedPointRef ref="VTR:ScheduledStopPoint:121602" version="1"/>
                </PointProjection>
              </projections>
            </RoutePoint>
            <RoutePoint version="1" id="VTR:RoutePoint:121603">
              <projections>
                <PointProjection version="1" id="VTR:PointProjection:37519">
                  <ProjectedPointRef ref="VTR:ScheduledStopPoint:121603" version="1"/>
                </PointProjection>
              </projections>
            </RoutePoint>
            <RoutePoint version="1" id="VTR:RoutePoint:121604">
              <projections>
                <PointProjection version="1" id="VTR:PointProjection:37520">
                  <ProjectedPointRef ref="VTR:ScheduledStopPoint:121604" version="1"/>
                </PointProjection>
              </projections>
            </RoutePoint>
            <RoutePoint version="1" id="VTR:RoutePoint:121605">
              <projections>
                <PointProjection version="1" id="VTR:PointProjection:37521">
                  <ProjectedPointRef ref="VTR:ScheduledStopPoint:121605" version="1"/>
                </PointProjection>
              </projections>
            </RoutePoint>
            <RoutePoint version="1" id="VTR:RoutePoint:121606">
              <projections>
                <PointProjection version="1" id="VTR:PointProjection:37522">
                  <ProjectedPointRef ref="VTR:ScheduledStopPoint:121606" version="1"/>
                </PointProjection>
              </projections>
            </RoutePoint>
            <RoutePoint version="1" id="VTR:RoutePoint:121607">
              <projections>
                <PointProjection version="1" id="VTR:PointProjection:37523">
                  <ProjectedPointRef ref="VTR:ScheduledStopPoint:121607" version="1"/>
                </PointProjection>
              </projections>
            </RoutePoint>
            <RoutePoint version="1" id="VTR:RoutePoint:127551">
              <projections>
                <PointProjection version="1" id="VTR:PointProjection:39044">
                  <ProjectedPointRef ref="VTR:ScheduledStopPoint:127551" version="1"/>
                </PointProjection>
              </projections>
            </RoutePoint>
            <RoutePoint version="1" id="VTR:RoutePoint:127552">
              <projections>
                <PointProjection version="1" id="VTR:PointProjection:39045">
                  <ProjectedPointRef ref="VTR:ScheduledStopPoint:127552" version="1"/>
                </PointProjection>
              </projections>
            </RoutePoint>
            <RoutePoint version="1" id="VTR:RoutePoint:127553">
              <projections>
                <PointProjection version="1" id="VTR:PointProjection:39046">
                  <ProjectedPointRef ref="VTR:ScheduledStopPoint:127553" version="1"/>
                </PointProjection>
              </projections>
            </RoutePoint>
            <RoutePoint version="1" id="VTR:RoutePoint:127554">
              <projections>
                <PointProjection version="1" id="VTR:PointProjection:39047">
                  <ProjectedPointRef ref="VTR:ScheduledStopPoint:127554" version="1"/>
                </PointProjection>
              </projections>
            </RoutePoint>
            <RoutePoint version="1" id="VTR:RoutePoint:127555">
              <projections>
                <PointProjection version="1" id="VTR:PointProjection:39048">
                  <ProjectedPointRef ref="VTR:ScheduledStopPoint:127555" version="1"/>
                </PointProjection>
              </projections>
            </RoutePoint>
            <RoutePoint version="1" id="VTR:RoutePoint:127556">
              <projections>
                <PointProjection version="1" id="VTR:PointProjection:39049">
                  <ProjectedPointRef ref="VTR:ScheduledStopPoint:127556" version="1"/>
                </PointProjection>
              </projections>
            </RoutePoint>
            <RoutePoint version="1" id="VTR:RoutePoint:127557">
              <projections>
                <PointProjection version="1" id="VTR:PointProjection:39050">
                  <ProjectedPointRef ref="VTR:ScheduledStopPoint:127557" version="1"/>
                </PointProjection>
              </projections>
            </RoutePoint>
            <RoutePoint version="1" id="VTR:RoutePoint:127558">
              <projections>
                <PointProjection version="1" id="VTR:PointProjection:39051">
                  <ProjectedPointRef ref="VTR:ScheduledStopPoint:127558" version="1"/>
                </PointProjection>
              </projections>
            </RoutePoint>
            <RoutePoint version="1" id="VTR:RoutePoint:127559">
              <projections>
                <PointProjection version="1" id="VTR:PointProjection:39052">
                  <ProjectedPointRef ref="VTR:ScheduledStopPoint:127559" version="1"/>
                </PointProjection>
              </projections>
            </RoutePoint>
            <RoutePoint version="1" id="VTR:RoutePoint:127560">
              <projections>
                <PointProjection version="1" id="VTR:PointProjection:39053">
                  <ProjectedPointRef ref="VTR:ScheduledStopPoint:127560" version="1"/>
                </PointProjection>
              </projections>
            </RoutePoint>
            <RoutePoint version="1" id="VTR:RoutePoint:127561">
              <projections>
                <PointProjection version="1" id="VTR:PointProjection:39054">
                  <ProjectedPointRef ref="VTR:ScheduledStopPoint:127561" version="1"/>
                </PointProjection>
              </projections>
            </RoutePoint>
            <RoutePoint version="1" id="VTR:RoutePoint:127562">
              <projections>
                <PointProjection version="1" id="VTR:PointProjection:39055">
                  <ProjectedPointRef ref="VTR:ScheduledStopPoint:127562" version="1"/>
                </PointProjection>
              </projections>
            </RoutePoint>
          </routePoints>
          <routes>
            <Route version="1" id="VTR:Route:7610">
              <Name>Pilviškių geležinkelio stotis - Vilkaviškis</Name>
              <ShortName>Pilviškių geležinkelio stotis - Vilkaviškis</ShortName>
              <LineRef ref="VTR:Line:1323" version="1304"/>
              <DirectionType>inbound</DirectionType>
              <pointsInSequence>
                <PointOnRoute version="1" id="VTR:PointOnRoute:127551" order="1">
                  <RoutePointRef ref="VTR:RoutePoint:127551"/>
                </PointOnRoute>
                <PointOnRoute version="1" id="VTR:PointOnRoute:127552" order="2">
                  <RoutePointRef ref="VTR:RoutePoint:127552"/>
                </PointOnRoute>
                <PointOnRoute version="1" id="VTR:PointOnRoute:127553" order="3">
                  <RoutePointRef ref="VTR:RoutePoint:127553"/>
                </PointOnRoute>
                <PointOnRoute version="1" id="VTR:PointOnRoute:127554" order="4">
                  <RoutePointRef ref="VTR:RoutePoint:127554"/>
                </PointOnRoute>
                <PointOnRoute version="1" id="VTR:PointOnRoute:127555" order="5">
                  <RoutePointRef ref="VTR:RoutePoint:127555"/>
                </PointOnRoute>
                <PointOnRoute version="1" id="VTR:PointOnRoute:127556" order="6">
                  <RoutePointRef ref="VTR:RoutePoint:127556"/>
                </PointOnRoute>
                <PointOnRoute version="1" id="VTR:PointOnRoute:127557" order="7">
                  <RoutePointRef ref="VTR:RoutePoint:127557"/>
                </PointOnRoute>
                <PointOnRoute version="1" id="VTR:PointOnRoute:127558" order="8">
                  <RoutePointRef ref="VTR:RoutePoint:127558"/>
                </PointOnRoute>
                <PointOnRoute version="1" id="VTR:PointOnRoute:127559" order="9">
                  <RoutePointRef ref="VTR:RoutePoint:127559"/>
                </PointOnRoute>
                <PointOnRoute version="1" id="VTR:PointOnRoute:127560" order="10">
                  <RoutePointRef ref="VTR:RoutePoint:127560"/>
                </PointOnRoute>
                <PointOnRoute version="1" id="VTR:PointOnRoute:127561" order="11">
                  <RoutePointRef ref="VTR:RoutePoint:127561"/>
                </PointOnRoute>
                <PointOnRoute version="1" id="VTR:PointOnRoute:127562" order="12">
                  <RoutePointRef ref="VTR:RoutePoint:127562"/>
                </PointOnRoute>
              </pointsInSequence>
            </Route>
            <Route version="1" id="VTR:Route:7215">
              <Name>Vilkaviškis- Pilviškių geležinkelio stotis</Name>
              <ShortName>Vilkaviškis- Pilviškių geležinkelio stotis</ShortName>
              <LineRef ref="VTR:Line:1323" version="1304"/>
              <DirectionType>outbound</DirectionType>
              <pointsInSequence>
                <PointOnRoute version="1" id="VTR:PointOnRoute:121598" order="1">
                  <RoutePointRef ref="VTR:RoutePoint:121598"/>
                </PointOnRoute>
                <PointOnRoute version="1" id="VTR:PointOnRoute:121599" order="2">
                  <RoutePointRef ref="VTR:RoutePoint:121599"/>
                </PointOnRoute>
                <PointOnRoute version="1" id="VTR:PointOnRoute:121600" order="3">
                  <RoutePointRef ref="VTR:RoutePoint:121600"/>
                </PointOnRoute>
                <PointOnRoute version="1" id="VTR:PointOnRoute:121601" order="4">
                  <RoutePointRef ref="VTR:RoutePoint:121601"/>
                </PointOnRoute>
                <PointOnRoute version="1" id="VTR:PointOnRoute:121602" order="5">
                  <RoutePointRef ref="VTR:RoutePoint:121602"/>
                </PointOnRoute>
                <PointOnRoute version="1" id="VTR:PointOnRoute:121603" order="6">
                  <RoutePointRef ref="VTR:RoutePoint:121603"/>
                </PointOnRoute>
                <PointOnRoute version="1" id="VTR:PointOnRoute:121604" order="7">
                  <RoutePointRef ref="VTR:RoutePoint:121604"/>
                </PointOnRoute>
                <PointOnRoute version="1" id="VTR:PointOnRoute:121605" order="8">
                  <RoutePointRef ref="VTR:RoutePoint:121605"/>
                </PointOnRoute>
                <PointOnRoute version="1" id="VTR:PointOnRoute:121606" order="9">
                  <RoutePointRef ref="VTR:RoutePoint:121606"/>
                </PointOnRoute>
                <PointOnRoute version="1" id="VTR:PointOnRoute:121607" order="10">
                  <RoutePointRef ref="VTR:RoutePoint:121607"/>
                </PointOnRoute>
              </pointsInSequence>
            </Route>
          </routes>
          <lines>
            <Line version="1304" id="VTR:Line:1323">
              <Name>Vilkaviškis-Pilviškių geležinkelio stotis</Name>
              <TransportMode>bus</TransportMode>
              <TransportSubmode>
                <BusSubmode>regionalBus</BusSubmode>
              </TransportSubmode>
              <PublicCode>64</PublicCode>
              <OperatorRef ref="VTR:Operator:52"/>
            </Line>
          </lines>
          <scheduledStopPoints>
            <ScheduledStopPoint version="1" id="VTR:ScheduledStopPoint:121598">
              <Name>Vilkaviškio autobusų stotis</Name>
            </ScheduledStopPoint>
            <ScheduledStopPoint version="1" id="VTR:ScheduledStopPoint:121599">
              <Name>Zomčinė</Name>
            </ScheduledStopPoint>
            <ScheduledStopPoint version="1" id="VTR:ScheduledStopPoint:121600">
              <Name>Pagramdai</Name>
            </ScheduledStopPoint>
            <ScheduledStopPoint version="1" id="VTR:ScheduledStopPoint:121601">
              <Name>Opšrūtai II</Name>
            </ScheduledStopPoint>
            <ScheduledStopPoint version="1" id="VTR:ScheduledStopPoint:121602">
              <Name>Opšrūtai</Name>
            </ScheduledStopPoint>
            <ScheduledStopPoint version="1" id="VTR:ScheduledStopPoint:121603">
              <Name>Balčiūnai</Name>
            </ScheduledStopPoint>
            <ScheduledStopPoint version="1" id="VTR:ScheduledStopPoint:121604">
              <Name>Gulbiniškiai</Name>
            </ScheduledStopPoint>
            <ScheduledStopPoint version="1" id="VTR:ScheduledStopPoint:121605">
              <Name>Pilviškiai</Name>
            </ScheduledStopPoint>
            <ScheduledStopPoint version="1" id="VTR:ScheduledStopPoint:121606">
              <Name>Mokykla</Name>
            </ScheduledStopPoint>
            <ScheduledStopPoint version="1" id="VTR:ScheduledStopPoint:121607">
              <Name>Gel.stotis</Name>
            </ScheduledStopPoint>
            <ScheduledStopPoint version="1" id="VTR:ScheduledStopPoint:127551">
              <Name>Gel.stotis</Name>
            </ScheduledStopPoint>
            <ScheduledStopPoint version="1" id="VTR:ScheduledStopPoint:127552">
              <Name>Sūduva</Name>
            </ScheduledStopPoint>
            <ScheduledStopPoint version="1" id="VTR:ScheduledStopPoint:127553">
              <Name>Mokykla</Name>
            </ScheduledStopPoint>
            <ScheduledStopPoint version="1" id="VTR:ScheduledStopPoint:127554">
              <Name>Pilviškiai</Name>
            </ScheduledStopPoint>
            <ScheduledStopPoint version="1" id="VTR:ScheduledStopPoint:127555">
              <Name>Gulbiniškiai</Name>
            </ScheduledStopPoint>
            <ScheduledStopPoint version="1" id="VTR:ScheduledStopPoint:127556">
              <Name>Balčiūnai</Name>
            </ScheduledStopPoint>
            <ScheduledStopPoint version="1" id="VTR:ScheduledStopPoint:127557">
              <Name>Balčiūnai  II</Name>
            </ScheduledStopPoint>
            <ScheduledStopPoint version="1" id="VTR:ScheduledStopPoint:127558">
              <Name>Opšrūtai</Name>
            </ScheduledStopPoint>
            <ScheduledStopPoint version="1" id="VTR:ScheduledStopPoint:127559">
              <Name>Opšrūtai II</Name>
            </ScheduledStopPoint>
            <ScheduledStopPoint version="1" id="VTR:ScheduledStopPoint:127560">
              <Name>Pagramdai</Name>
            </ScheduledStopPoint>
            <ScheduledStopPoint version="1" id="VTR:ScheduledStopPoint:127561">
              <Name>Zomčinė</Name>
            </ScheduledStopPoint>
            <ScheduledStopPoint version="1" id="VTR:ScheduledStopPoint:127562">
              <Name>Vilkaviškio autobusų stotis</Name>
            </ScheduledStopPoint>
          </scheduledStopPoints>
          <serviceLinks>
            <ServiceLink id="VTR:ServiceLink:127553_1_127554_1" version="1">
              <Distance>0</Distance>
              <FromPointRef ref="VTR:ScheduledStopPoint:127553" version="1"/>
              <ToPointRef ref="VTR:ScheduledStopPoint:127554" version="1"/>
            </ServiceLink>
            <ServiceLink id="VTR:ServiceLink:121604_1_121605_1" version="1">
              <Distance>2</Distance>
              <FromPointRef ref="VTR:ScheduledStopPoint:121604" version="1"/>
              <ToPointRef ref="VTR:ScheduledStopPoint:121605" version="1"/>
            </ServiceLink>
            <ServiceLink id="VTR:ServiceLink:121602_1_121603_1" version="1">
              <Distance>3</Distance>
              <FromPointRef ref="VTR:ScheduledStopPoint:121602" version="1"/>
              <ToPointRef ref="VTR:ScheduledStopPoint:121603" version="1"/>
            </ServiceLink>
            <ServiceLink id="VTR:ServiceLink:127552_1_127553_1" version="1">
              <Distance>0</Distance>
              <FromPointRef ref="VTR:ScheduledStopPoint:127552" version="1"/>
              <ToPointRef ref="VTR:ScheduledStopPoint:127553" version="1"/>
            </ServiceLink>
            <ServiceLink id="VTR:ServiceLink:121603_1_121604_1" version="1">
              <Distance>2</Distance>
              <FromPointRef ref="VTR:ScheduledStopPoint:121603" version="1"/>
              <ToPointRef ref="VTR:ScheduledStopPoint:121604" version="1"/>
            </ServiceLink>
            <ServiceLink id="VTR:ServiceLink:127551_1_127552_1" version="1">
              <Distance>0</Distance>
              <FromPointRef ref="VTR:ScheduledStopPoint:127551" version="1"/>
              <ToPointRef ref="VTR:ScheduledStopPoint:127552" version="1"/>
            </ServiceLink>
            <ServiceLink id="VTR:ServiceLink:121601_1_121602_1" version="1">
              <Distance>1</Distance>
              <FromPointRef ref="VTR:ScheduledStopPoint:121601" version="1"/>
              <ToPointRef ref="VTR:ScheduledStopPoint:121602" version="1"/>
            </ServiceLink>
            <ServiceLink id="VTR:ServiceLink:121600_1_121601_1" version="1">
              <Distance>1</Distance>
              <FromPointRef ref="VTR:ScheduledStopPoint:121600" version="1"/>
              <ToPointRef ref="VTR:ScheduledStopPoint:121601" version="1"/>
            </ServiceLink>
            <ServiceLink id="VTR:ServiceLink:121605_1_121606_1" version="1">
              <Distance>1</Distance>
              <FromPointRef ref="VTR:ScheduledStopPoint:121605" version="1"/>
              <ToPointRef ref="VTR:ScheduledStopPoint:121606" version="1"/>
            </ServiceLink>
            <ServiceLink id="VTR:ServiceLink:127557_1_127558_1" version="1">
              <Distance>2</Distance>
              <FromPointRef ref="VTR:ScheduledStopPoint:127557" version="1"/>
              <ToPointRef ref="VTR:ScheduledStopPoint:127558" version="1"/>
            </ServiceLink>
            <ServiceLink id="VTR:ServiceLink:121598_1_121599_1" version="1">
              <Distance>4</Distance>
              <FromPointRef ref="VTR:ScheduledStopPoint:121598" version="1"/>
              <ToPointRef ref="VTR:ScheduledStopPoint:121599" version="1"/>
            </ServiceLink>
            <ServiceLink id="VTR:ServiceLink:127561_1_127562_1" version="1">
              <Distance>4</Distance>
              <FromPointRef ref="VTR:ScheduledStopPoint:127561" version="1"/>
              <ToPointRef ref="VTR:ScheduledStopPoint:127562" version="1"/>
            </ServiceLink>
            <ServiceLink id="VTR:ServiceLink:127560_1_127561_1" version="1">
              <Distance>1</Distance>
              <FromPointRef ref="VTR:ScheduledStopPoint:127560" version="1"/>
              <ToPointRef ref="VTR:ScheduledStopPoint:127561" version="1"/>
            </ServiceLink>
            <ServiceLink id="VTR:ServiceLink:127554_1_127555_1" version="1">
              <Distance>1</Distance>
              <FromPointRef ref="VTR:ScheduledStopPoint:127554" version="1"/>
              <ToPointRef ref="VTR:ScheduledStopPoint:127555" version="1"/>
            </ServiceLink>
            <ServiceLink id="VTR:ServiceLink:127555_1_127556_1" version="1">
              <Distance>2</Distance>
              <FromPointRef ref="VTR:ScheduledStopPoint:127555" version="1"/>
              <ToPointRef ref="VTR:ScheduledStopPoint:127556" version="1"/>
            </ServiceLink>
            <ServiceLink id="VTR:ServiceLink:127558_1_127559_1" version="1">
              <Distance>1</Distance>
              <FromPointRef ref="VTR:ScheduledStopPoint:127558" version="1"/>
              <ToPointRef ref="VTR:ScheduledStopPoint:127559" version="1"/>
            </ServiceLink>
            <ServiceLink id="VTR:ServiceLink:121606_1_121607_1" version="1">
              <Distance>1</Distance>
              <FromPointRef ref="VTR:ScheduledStopPoint:121606" version="1"/>
              <ToPointRef ref="VTR:ScheduledStopPoint:121607" version="1"/>
            </ServiceLink>
            <ServiceLink id="VTR:ServiceLink:127559_1_127560_1" version="1">
              <Distance>1</Distance>
              <FromPointRef ref="VTR:ScheduledStopPoint:127559" version="1"/>
              <ToPointRef ref="VTR:ScheduledStopPoint:127560" version="1"/>
            </ServiceLink>
            <ServiceLink id="VTR:ServiceLink:121599_1_121600_1" version="1">
              <Distance>0</Distance>
              <FromPointRef ref="VTR:ScheduledStopPoint:121599" version="1"/>
              <ToPointRef ref="VTR:ScheduledStopPoint:121600" version="1"/>
            </ServiceLink>
            <ServiceLink id="VTR:ServiceLink:127556_1_127557_1" version="1">
              <Distance>1</Distance>
              <FromPointRef ref="VTR:ScheduledStopPoint:127556" version="1"/>
              <ToPointRef ref="VTR:ScheduledStopPoint:127557" version="1"/>
            </ServiceLink>
          </serviceLinks>
          <stopAssignments>
            <PassengerStopAssignment order="721500000" id="VTR:PassengerStopAssignment:121598" version="1">
              <ScheduledStopPointRef ref="VTR:ScheduledStopPoint:121598" version="1"/>
              <QuayRef ref="VTR:Quay:19454"/>
            </PassengerStopAssignment>
            <PassengerStopAssignment order="721500001" id="VTR:PassengerStopAssignment:121599" version="1">
              <ScheduledStopPointRef ref="VTR:ScheduledStopPoint:121599" version="1"/>
              <QuayRef ref="VTR:Quay:14002"/>
            </PassengerStopAssignment>
            <PassengerStopAssignment order="721500002" id="VTR:PassengerStopAssignment:121600" version="1">
              <ScheduledStopPointRef ref="VTR:ScheduledStopPoint:121600" version="1"/>
              <QuayRef ref="VTR:Quay:12176"/>
            </PassengerStopAssignment>
            <PassengerStopAssignment order="721500003" id="VTR:PassengerStopAssignment:121601" version="1">
              <ScheduledStopPointRef ref="VTR:ScheduledStopPoint:121601" version="1"/>
              <QuayRef ref="VTR:Quay:8539"/>
            </PassengerStopAssignment>
            <PassengerStopAssignment order="721500004" id="VTR:PassengerStopAssignment:121602" version="1">
              <ScheduledStopPointRef ref="VTR:ScheduledStopPoint:121602" version="1"/>
              <QuayRef ref="VTR:Quay:9952"/>
            </PassengerStopAssignment>
            <PassengerStopAssignment order="721500005" id="VTR:PassengerStopAssignment:121603" version="1">
              <ScheduledStopPointRef ref="VTR:ScheduledStopPoint:121603" version="1"/>
              <QuayRef ref="VTR:Quay:7211"/>
            </PassengerStopAssignment>
            <PassengerStopAssignment order="721500006" id="VTR:PassengerStopAssignment:121604" version="1">
              <ScheduledStopPointRef ref="VTR:ScheduledStopPoint:121604" version="1"/>
              <QuayRef ref="VTR:Quay:4670"/>
            </PassengerStopAssignment>
            <PassengerStopAssignment order="721500007" id="VTR:PassengerStopAssignment:121605" version="1">
              <ScheduledStopPointRef ref="VTR:ScheduledStopPoint:121605" version="1"/>
              <QuayRef ref="VTR:Quay:20736"/>
            </PassengerStopAssignment>
            <PassengerStopAssignment order="721500008" id="VTR:PassengerStopAssignment:121606" version="1">
              <ScheduledStopPointRef ref="VTR:ScheduledStopPoint:121606" version="1"/>
              <QuayRef ref="VTR:Quay:5534"/>
            </PassengerStopAssignment>
            <PassengerStopAssignment order="721500009" id="VTR:PassengerStopAssignment:121607" version="1">
              <ScheduledStopPointRef ref="VTR:ScheduledStopPoint:121607" version="1"/>
              <QuayRef ref="VTR:Quay:10000"/>
            </PassengerStopAssignment>
            <PassengerStopAssignment order="761000000" id="VTR:PassengerStopAssignment:127551" version="1">
              <ScheduledStopPointRef ref="VTR:ScheduledStopPoint:127551" version="1"/>
              <QuayRef ref="VTR:Quay:10000"/>
            </PassengerStopAssignment>
            <PassengerStopAssignment order="761000001" id="VTR:PassengerStopAssignment:127552" version="1">
              <ScheduledStopPointRef ref="VTR:ScheduledStopPoint:127552" version="1"/>
              <QuayRef ref="VTR:Quay:6263"/>
            </PassengerStopAssignment>
            <PassengerStopAssignment order="761000002" id="VTR:PassengerStopAssignment:127553" version="1">
              <ScheduledStopPointRef ref="VTR:ScheduledStopPoint:127553" version="1"/>
              <QuayRef ref="VTR:Quay:5534"/>
            </PassengerStopAssignment>
            <PassengerStopAssignment order="761000003" id="VTR:PassengerStopAssignment:127554" version="1">
              <ScheduledStopPointRef ref="VTR:ScheduledStopPoint:127554" version="1"/>
              <QuayRef ref="VTR:Quay:8142"/>
            </PassengerStopAssignment>
            <PassengerStopAssignment order="761000004" id="VTR:PassengerStopAssignment:127555" version="1">
              <ScheduledStopPointRef ref="VTR:ScheduledStopPoint:127555" version="1"/>
              <QuayRef ref="VTR:Quay:4670"/>
            </PassengerStopAssignment>
            <PassengerStopAssignment order="761000005" id="VTR:PassengerStopAssignment:127556" version="1">
              <ScheduledStopPointRef ref="VTR:ScheduledStopPoint:127556" version="1"/>
              <QuayRef ref="VTR:Quay:7211"/>
            </PassengerStopAssignment>
            <PassengerStopAssignment order="761000006" id="VTR:PassengerStopAssignment:127557" version="1">
              <ScheduledStopPointRef ref="VTR:ScheduledStopPoint:127557" version="1"/>
              <QuayRef ref="VTR:Quay:9059"/>
            </PassengerStopAssignment>
            <PassengerStopAssignment order="761000007" id="VTR:PassengerStopAssignment:127558" version="1">
              <ScheduledStopPointRef ref="VTR:ScheduledStopPoint:127558" version="1"/>
              <QuayRef ref="VTR:Quay:9952"/>
            </PassengerStopAssignment>
            <PassengerStopAssignment order="761000008" id="VTR:PassengerStopAssignment:127559" version="1">
              <ScheduledStopPointRef ref="VTR:ScheduledStopPoint:127559" version="1"/>
              <QuayRef ref="VTR:Quay:8539"/>
            </PassengerStopAssignment>
            <PassengerStopAssignment order="761000009" id="VTR:PassengerStopAssignment:127560" version="1">
              <ScheduledStopPointRef ref="VTR:ScheduledStopPoint:127560" version="1"/>
              <QuayRef ref="VTR:Quay:12176"/>
            </PassengerStopAssignment>
            <PassengerStopAssignment order="761000010" id="VTR:PassengerStopAssignment:127561" version="1">
              <ScheduledStopPointRef ref="VTR:ScheduledStopPoint:127561" version="1"/>
              <QuayRef ref="VTR:Quay:14002"/>
            </PassengerStopAssignment>
            <PassengerStopAssignment order="761000011" id="VTR:PassengerStopAssignment:127562" version="1">
              <ScheduledStopPointRef ref="VTR:ScheduledStopPoint:127562" version="1"/>
              <QuayRef ref="VTR:Quay:19454"/>
            </PassengerStopAssignment>
          </stopAssignments>
          <journeyPatterns>
            <JourneyPattern id="VTR:JourneyPattern:58480" version="58543">
              <Name>11037</Name>
              <RouteRef ref="VTR:Route:7610" version="1"/>
              <pointsInSequence>
                <StopPointInJourneyPattern id="VTR:StopPointInJourneyPattern:1175334" version="58543" order="1">
                  <ScheduledStopPointRef ref="VTR:ScheduledStopPoint:127551"/>
                  <DestinationDisplayRef ref="VTR:DestinationDisplay:1"/>
                </StopPointInJourneyPattern>
                <StopPointInJourneyPattern id="VTR:StopPointInJourneyPattern:1175335" version="58543" order="2">
                  <ScheduledStopPointRef ref="VTR:ScheduledStopPoint:127552"/>
                  <DestinationDisplayRef ref="VTR:DestinationDisplay:1"/>
                </StopPointInJourneyPattern>
                <StopPointInJourneyPattern id="VTR:StopPointInJourneyPattern:1175336" version="58543" order="3">
                  <ScheduledStopPointRef ref="VTR:ScheduledStopPoint:127553"/>
                  <DestinationDisplayRef ref="VTR:DestinationDisplay:1"/>
                </StopPointInJourneyPattern>
                <StopPointInJourneyPattern id="VTR:StopPointInJourneyPattern:1175337" version="58543" order="4">
                  <ScheduledStopPointRef ref="VTR:ScheduledStopPoint:127554"/>
                  <DestinationDisplayRef ref="VTR:DestinationDisplay:1"/>
                </StopPointInJourneyPattern>
                <StopPointInJourneyPattern id="VTR:StopPointInJourneyPattern:1175338" version="58543" order="5">
                  <ScheduledStopPointRef ref="VTR:ScheduledStopPoint:127555"/>
                  <DestinationDisplayRef ref="VTR:DestinationDisplay:1"/>
                </StopPointInJourneyPattern>
                <StopPointInJourneyPattern id="VTR:StopPointInJourneyPattern:1175339" version="58543" order="6">
                  <ScheduledStopPointRef ref="VTR:ScheduledStopPoint:127556"/>
                  <DestinationDisplayRef ref="VTR:DestinationDisplay:1"/>
                </StopPointInJourneyPattern>
                <StopPointInJourneyPattern id="VTR:StopPointInJourneyPattern:1175340" version="58543" order="7">
                  <ScheduledStopPointRef ref="VTR:ScheduledStopPoint:127557"/>
                  <DestinationDisplayRef ref="VTR:DestinationDisplay:1"/>
                </StopPointInJourneyPattern>
                <StopPointInJourneyPattern id="VTR:StopPointInJourneyPattern:1175341" version="58543" order="8">
                  <ScheduledStopPointRef ref="VTR:ScheduledStopPoint:127558"/>
                  <DestinationDisplayRef ref="VTR:DestinationDisplay:1"/>
                </StopPointInJourneyPattern>
                <StopPointInJourneyPattern id="VTR:StopPointInJourneyPattern:1175342" version="58543" order="9">
                  <ScheduledStopPointRef ref="VTR:ScheduledStopPoint:127559"/>
                  <DestinationDisplayRef ref="VTR:DestinationDisplay:1"/>
                </StopPointInJourneyPattern>
                <StopPointInJourneyPattern id="VTR:StopPointInJourneyPattern:1175343" version="58543" order="10">
                  <ScheduledStopPointRef ref="VTR:ScheduledStopPoint:127560"/>
                  <DestinationDisplayRef ref="VTR:DestinationDisplay:1"/>
                </StopPointInJourneyPattern>
                <StopPointInJourneyPattern id="VTR:StopPointInJourneyPattern:1175344" version="58543" order="11">
                  <ScheduledStopPointRef ref="VTR:ScheduledStopPoint:127561"/>
                  <DestinationDisplayRef ref="VTR:DestinationDisplay:1"/>
                </StopPointInJourneyPattern>
                <StopPointInJourneyPattern id="VTR:StopPointInJourneyPattern:1175345" version="58543" order="12">
                  <ScheduledStopPointRef ref="VTR:ScheduledStopPoint:127562"/>
                  <DestinationDisplayRef ref="VTR:DestinationDisplay:1"/>
                </StopPointInJourneyPattern>
              </pointsInSequence>
            </JourneyPattern>
            <JourneyPattern id="VTR:JourneyPattern:57371" version="57427">
              <Name>64</Name>
              <RouteRef ref="VTR:Route:7215" version="1"/>
              <pointsInSequence>
                <StopPointInJourneyPattern id="VTR:StopPointInJourneyPattern:1156838" version="57427" order="1">
                  <ScheduledStopPointRef ref="VTR:ScheduledStopPoint:121598"/>
                  <DestinationDisplayRef ref="VTR:DestinationDisplay:1"/>
                </StopPointInJourneyPattern>
                <StopPointInJourneyPattern id="VTR:StopPointInJourneyPattern:1156839" version="57427" order="2">
                  <ScheduledStopPointRef ref="VTR:ScheduledStopPoint:121599"/>
                  <DestinationDisplayRef ref="VTR:DestinationDisplay:1"/>
                </StopPointInJourneyPattern>
                <StopPointInJourneyPattern id="VTR:StopPointInJourneyPattern:1156840" version="57427" order="3">
                  <ScheduledStopPointRef ref="VTR:ScheduledStopPoint:121600"/>
                  <DestinationDisplayRef ref="VTR:DestinationDisplay:1"/>
                </StopPointInJourneyPattern>
                <StopPointInJourneyPattern id="VTR:StopPointInJourneyPattern:1156841" version="57427" order="4">
                  <ScheduledStopPointRef ref="VTR:ScheduledStopPoint:121601"/>
                  <DestinationDisplayRef ref="VTR:DestinationDisplay:1"/>
                </StopPointInJourneyPattern>
                <StopPointInJourneyPattern id="VTR:StopPointInJourneyPattern:1156842" version="57427" order="5">
                  <ScheduledStopPointRef ref="VTR:ScheduledStopPoint:121602"/>
                  <DestinationDisplayRef ref="VTR:DestinationDisplay:1"/>
                </StopPointInJourneyPattern>
                <StopPointInJourneyPattern id="VTR:StopPointInJourneyPattern:1156843" version="57427" order="6">
                  <ScheduledStopPointRef ref="VTR:ScheduledStopPoint:121603"/>
                  <DestinationDisplayRef ref="VTR:DestinationDisplay:1"/>
                </StopPointInJourneyPattern>
                <StopPointInJourneyPattern id="VTR:StopPointInJourneyPattern:1156844" version="57427" order="7">
                  <ScheduledStopPointRef ref="VTR:ScheduledStopPoint:121604"/>
                  <DestinationDisplayRef ref="VTR:DestinationDisplay:1"/>
                </StopPointInJourneyPattern>
                <StopPointInJourneyPattern id="VTR:StopPointInJourneyPattern:1156845" version="57427" order="8">
                  <ScheduledStopPointRef ref="VTR:ScheduledStopPoint:121605"/>
                  <DestinationDisplayRef ref="VTR:DestinationDisplay:1"/>
                </StopPointInJourneyPattern>
                <StopPointInJourneyPattern id="VTR:StopPointInJourneyPattern:1156846" version="57427" order="9">
                  <ScheduledStopPointRef ref="VTR:ScheduledStopPoint:121606"/>
                  <DestinationDisplayRef ref="VTR:DestinationDisplay:1"/>
                </StopPointInJourneyPattern>
                <StopPointInJourneyPattern id="VTR:StopPointInJourneyPattern:1156847" version="57427" order="10">
                  <ScheduledStopPointRef ref="VTR:ScheduledStopPoint:121607"/>
                  <DestinationDisplayRef ref="VTR:DestinationDisplay:1"/>
                </StopPointInJourneyPattern>
              </pointsInSequence>
            </JourneyPattern>
          </journeyPatterns>
        </ServiceFrame>
        <TimetableFrame version="1" id="VTR:TimetableFrame:1401">
          <vehicleJourneys>
            <ServiceJourney version="57427" id="VTR:ServiceJourney:57371">
              <Name>Vilkaviškis- Pilviškių geležinkelio stotis</Name>
              <PrivateCode>64</PrivateCode>
              <dayTypes>
                <DayTypeRef ref="VTR:DayType:2853"/>
              </dayTypes>
              <JourneyPatternRef version="57427" ref="VTR:JourneyPattern:57371"/>
              <OperatorRef ref="VTR:Operator:"/>
              <LineRef ref="VTR:Line:1323" version="1304"/>
              <passingTimes>
                <TimetabledPassingTime version="57427" id="VTR:TimetabledPassingTime:57371_1156838_1">
                  <StopPointInJourneyPatternRef ref="VTR:StopPointInJourneyPattern:1156838" version="57427"/>
                  <DepartureTime>10:10:00</DepartureTime>
                  <DepartureDayOffset>0</DepartureDayOffset>
                </TimetabledPassingTime>
                <TimetabledPassingTime version="57427" id="VTR:TimetabledPassingTime:57371_1156839_2">
                  <StopPointInJourneyPatternRef ref="VTR:StopPointInJourneyPattern:1156839" version="57427"/>
                  <DepartureTime>10:21:00</DepartureTime>
                  <DepartureDayOffset>0</DepartureDayOffset>
                </TimetabledPassingTime>
                <TimetabledPassingTime version="57427" id="VTR:TimetabledPassingTime:57371_1156840_3">
                  <StopPointInJourneyPatternRef ref="VTR:StopPointInJourneyPattern:1156840" version="57427"/>
                  <DepartureTime>10:26:00</DepartureTime>
                  <DepartureDayOffset>0</DepartureDayOffset>
                </TimetabledPassingTime>
                <TimetabledPassingTime version="57427" id="VTR:TimetabledPassingTime:57371_1156841_4">
                  <StopPointInJourneyPatternRef ref="VTR:StopPointInJourneyPattern:1156841" version="57427"/>
                  <DepartureTime>10:31:00</DepartureTime>
                  <DepartureDayOffset>0</DepartureDayOffset>
                </TimetabledPassingTime>
                <TimetabledPassingTime version="57427" id="VTR:TimetabledPassingTime:57371_1156842_5">
                  <StopPointInJourneyPatternRef ref="VTR:StopPointInJourneyPattern:1156842" version="57427"/>
                  <DepartureTime>10:37:00</DepartureTime>
                  <DepartureDayOffset>0</DepartureDayOffset>
                </TimetabledPassingTime>
                <TimetabledPassingTime version="57427" id="VTR:TimetabledPassingTime:57371_1156843_6">
                  <StopPointInJourneyPatternRef ref="VTR:StopPointInJourneyPattern:1156843" version="57427"/>
                  <DepartureTime>10:42:00</DepartureTime>
                  <DepartureDayOffset>0</DepartureDayOffset>
                </TimetabledPassingTime>
                <TimetabledPassingTime version="57427" id="VTR:TimetabledPassingTime:57371_1156844_7">
                  <StopPointInJourneyPatternRef ref="VTR:StopPointInJourneyPattern:1156844" version="57427"/>
                  <DepartureTime>10:49:00</DepartureTime>
                  <DepartureDayOffset>0</DepartureDayOffset>
                </TimetabledPassingTime>
                <TimetabledPassingTime version="57427" id="VTR:TimetabledPassingTime:57371_1156845_8">
                  <StopPointInJourneyPatternRef ref="VTR:StopPointInJourneyPattern:1156845" version="57427"/>
                  <DepartureTime>10:54:00</DepartureTime>
                  <DepartureDayOffset>0</DepartureDayOffset>
                </TimetabledPassingTime>
                <TimetabledPassingTime version="57427" id="VTR:TimetabledPassingTime:57371_1156846_9">
                  <StopPointInJourneyPatternRef ref="VTR:StopPointInJourneyPattern:1156846" version="57427"/>
                  <DepartureTime>10:58:00</DepartureTime>
                  <DepartureDayOffset>0</DepartureDayOffset>
                </TimetabledPassingTime>
                <TimetabledPassingTime version="57427" id="VTR:TimetabledPassingTime:57371_1156847_10">
                  <StopPointInJourneyPatternRef ref="VTR:StopPointInJourneyPattern:1156847" version="57427"/>
                  <DepartureTime>11:03:00</DepartureTime>
                  <DepartureDayOffset>0</DepartureDayOffset>
                </TimetabledPassingTime>
              </passingTimes>
            </ServiceJourney>
            <ServiceJourney version="58543" id="VTR:ServiceJourney:58480">
              <Name>Pilviškių geležinkelio stotis - Vilkaviškis</Name>
              <PrivateCode>11037</PrivateCode>
              <dayTypes>
                <DayTypeRef ref="VTR:DayType:2971"/>
              </dayTypes>
              <JourneyPatternRef version="58543" ref="VTR:JourneyPattern:58480"/>
              <OperatorRef ref="VTR:Operator:"/>
              <LineRef ref="VTR:Line:1323" version="1304"/>
              <passingTimes>
                <TimetabledPassingTime version="58543" id="VTR:TimetabledPassingTime:58480_1175334_1">
                  <StopPointInJourneyPatternRef ref="VTR:StopPointInJourneyPattern:1175334" version="58543"/>
                  <DepartureTime>10:37:00</DepartureTime>
                  <DepartureDayOffset>0</DepartureDayOffset>
                </TimetabledPassingTime>
                <TimetabledPassingTime version="58543" id="VTR:TimetabledPassingTime:58480_1175335_2">
                  <StopPointInJourneyPatternRef ref="VTR:StopPointInJourneyPattern:1175335" version="58543"/>
                  <DepartureTime>10:41:00</DepartureTime>
                  <DepartureDayOffset>0</DepartureDayOffset>
                </TimetabledPassingTime>
                <TimetabledPassingTime version="58543" id="VTR:TimetabledPassingTime:58480_1175336_3">
                  <StopPointInJourneyPatternRef ref="VTR:StopPointInJourneyPattern:1175336" version="58543"/>
                  <DepartureTime>10:45:00</DepartureTime>
                  <DepartureDayOffset>0</DepartureDayOffset>
                </TimetabledPassingTime>
                <TimetabledPassingTime version="58543" id="VTR:TimetabledPassingTime:58480_1175337_4">
                  <StopPointInJourneyPatternRef ref="VTR:StopPointInJourneyPattern:1175337" version="58543"/>
                  <DepartureTime>10:49:00</DepartureTime>
                  <DepartureDayOffset>0</DepartureDayOffset>
                </TimetabledPassingTime>
                <TimetabledPassingTime version="58543" id="VTR:TimetabledPassingTime:58480_1175338_5">
                  <StopPointInJourneyPatternRef ref="VTR:StopPointInJourneyPattern:1175338" version="58543"/>
                  <DepartureTime>10:56:00</DepartureTime>
                  <DepartureDayOffset>0</DepartureDayOffset>
                </TimetabledPassingTime>
                <TimetabledPassingTime version="58543" id="VTR:TimetabledPassingTime:58480_1175339_6">
                  <StopPointInJourneyPatternRef ref="VTR:StopPointInJourneyPattern:1175339" version="58543"/>
                  <DepartureTime>11:03:00</DepartureTime>
                  <DepartureDayOffset>0</DepartureDayOffset>
                </TimetabledPassingTime>
                <TimetabledPassingTime version="58543" id="VTR:TimetabledPassingTime:58480_1175340_7">
                  <StopPointInJourneyPatternRef ref="VTR:StopPointInJourneyPattern:1175340" version="58543"/>
                  <DepartureTime>11:07:00</DepartureTime>
                  <DepartureDayOffset>0</DepartureDayOffset>
                </TimetabledPassingTime>
                <TimetabledPassingTime version="58543" id="VTR:TimetabledPassingTime:58480_1175341_8">
                  <StopPointInJourneyPatternRef ref="VTR:StopPointInJourneyPattern:1175341" version="58543"/>
                  <DepartureTime>11:13:00</DepartureTime>
                  <DepartureDayOffset>0</DepartureDayOffset>
                </TimetabledPassingTime>
                <TimetabledPassingTime version="58543" id="VTR:TimetabledPassingTime:58480_1175342_9">
                  <StopPointInJourneyPatternRef ref="VTR:StopPointInJourneyPattern:1175342" version="58543"/>
                  <DepartureTime>11:23:00</DepartureTime>
                  <DepartureDayOffset>0</DepartureDayOffset>
                </TimetabledPassingTime>
                <TimetabledPassingTime version="58543" id="VTR:TimetabledPassingTime:58480_1175343_10">
                  <StopPointInJourneyPatternRef ref="VTR:StopPointInJourneyPattern:1175343" version="58543"/>
                  <DepartureTime>11:27:00</DepartureTime>
                  <DepartureDayOffset>0</DepartureDayOffset>
                </TimetabledPassingTime>
                <TimetabledPassingTime version="58543" id="VTR:TimetabledPassingTime:58480_1175344_11">
                  <StopPointInJourneyPatternRef ref="VTR:StopPointInJourneyPattern:1175344" version="58543"/>
                  <DepartureTime>11:31:00</DepartureTime>
                  <DepartureDayOffset>0</DepartureDayOffset>
                </TimetabledPassingTime>
                <TimetabledPassingTime version="58543" id="VTR:TimetabledPassingTime:58480_1175345_12">
                  <StopPointInJourneyPatternRef ref="VTR:StopPointInJourneyPattern:1175345" version="58543"/>
                  <DepartureTime>11:58:00</DepartureTime>
                  <DepartureDayOffset>0</DepartureDayOffset>
                </TimetabledPassingTime>
              </passingTimes>
            </ServiceJourney>
          </vehicleJourneys>
        </TimetableFrame>
        <ResourceFrame version="1" id="VTR:ResourceFrame:1401">
          <organisations>
            <Authority version="1" id="VTR:Authority:52">
              <CompanyNumber>39</CompanyNumber>
              <Name>Vilkaviškio r. sav.</Name>
              <LegalName>Vilkaviškio r. sav.</LegalName>
              <ContactDetails>
                <Email>savivaldybe@vilkaviskis.lt</Email>
                <Phone>834260062</Phone>
                <Url>www.vilkaviskis.lt</Url>
              </ContactDetails>
              <OrganisationType>authority</OrganisationType>
            </Authority>
          </organisations>
        </ResourceFrame>
        <FareFrame id="VTR:FareFrame:1323" version="1">
          <FrameDefaults>
            <DefaultCurrency>EUR</DefaultCurrency>
          </FrameDefaults>
          <usageParameters>
            <RoundTrip id="VTR:RoundTrip:single" version="1">
              <Name>Single</Name>
              <TripType>single</TripType>
            </RoundTrip>
            <FrequencyOfUse id="VTR:FrequencyOfUse:once" version="1">
              <Name>Once</Name>
              <MaximalFrequency>1</MaximalFrequency>
            </FrequencyOfUse>
          </usageParameters>
          <priceGroups>
            <PriceGroup id="VTR:PriceGroup:PG01" version="1">
              <Name>Flat Fare Products - Standard</Name>
              <members>
                <FareProductPrice id="VTR:FareProductPrice:standard" version="1">
                  <Name>Single fare</Name>
                  <Amount>0.41</Amount>
                  <Currency>EUR</Currency>
                </FareProductPrice>
              </members>
            </PriceGroup>
          </priceGroups>
        </FareFrame>
      </frames>
    </CompositeFrame>
  </dataObjects>
</PublicationDelivery>
