<?xml version="1.0" encoding="UTF-8"?><PublicationDelivery xmlns="http://www.netex.org.uk/netex" xmlns:gis="http://www.opengis.net/gml/3.2" xmlns:ns2="http://www.opengis.net/gml/3.2" xmlns:ns3="http://www.siri.org.uk/siri" xmlns:xsi="http://www.w3.org/2001/XMLSchema-instance" version="1" xsi:schemaLocation="">
  <PublicationTimestamp>2022-05-07T05:05:00.281</PublicationTimestamp>
  <ParticipantRef>VTR</ParticipantRef>
  <Description>1</Description>
  <dataObjects>
    <CompositeFrame created="2022-05-07T05:05:00.281" version="1" id="VTR:CompositeFrame:1401">
      <validityConditions>
        <AvailabilityCondition version="1" id="VTR:AvailabilityCondition:1401">
          <FromDate>2015-09-21T15:22:52</FromDate>
          <ToDate>2027-12-30T00:00:00</ToDate>
        </AvailabilityCondition>
      </validityConditions>
      <codespaces>
        <Codespace id="vtr">
          <Xmlns>VTR</Xmlns>
          <XmlnsUrl>http://www.visimarsrutai.lt/</XmlnsUrl>
        </Codespace>
      </codespaces>
      <FrameDefaults>
        <DefaultLocale>
          <TimeZone>Europe/Vilnius</TimeZone>
        </DefaultLocale>
        <DefaultLocationSystem>WGS84</DefaultLocationSystem>
      </FrameDefaults>
      <frames>
        <ServiceCalendarFrame version="1" id="VTR:ServiceCalendarFrame:1401">
          <dayTypes>
            <DayType id="VTR:DayType:2906" version="1">
              <properties>
                <PropertyOfDay>
                  <DaysOfWeek>Wednesday</DaysOfWeek>
                </PropertyOfDay>
              </properties>
            </DayType>
          </dayTypes>
          <operatingPeriods>
            <OperatingPeriod version="1" id="VTR:OperatingPeriod:2906">
              <FromDate>2015-11-12T00:00:00</FromDate>
              <ToDate>2020-12-31T00:00:00</ToDate>
            </OperatingPeriod>
          </operatingPeriods>
          <dayTypeAssignments>
            <DayTypeAssignment id="VTR:DayTypeAssignment:2906_0" version="1" order="2239">
              <OperatingPeriodRef ref="VTR:OperatingPeriod:2906" version="1"/>
              <DayTypeRef ref="VTR:DayType:2906" version="1"/>
            </DayTypeAssignment>
          </dayTypeAssignments>
        </ServiceCalendarFrame>
        <ServiceFrame id="VTR:ServiceFrame:1401" version="1">
          <Network version="0" id="VTR:Network:52"/>
          <routePoints>
            <RoutePoint version="1" id="VTR:RoutePoint:123686">
              <projections>
                <PointProjection version="1" id="VTR:PointProjection:36558">
                  <ProjectedPointRef ref="VTR:ScheduledStopPoint:123686" version="1"/>
                </PointProjection>
              </projections>
            </RoutePoint>
            <RoutePoint version="1" id="VTR:RoutePoint:123687">
              <projections>
                <PointProjection version="1" id="VTR:PointProjection:36559">
                  <ProjectedPointRef ref="VTR:ScheduledStopPoint:123687" version="1"/>
                </PointProjection>
              </projections>
            </RoutePoint>
            <RoutePoint version="1" id="VTR:RoutePoint:123688">
              <projections>
                <PointProjection version="1" id="VTR:PointProjection:36560">
                  <ProjectedPointRef ref="VTR:ScheduledStopPoint:123688" version="1"/>
                </PointProjection>
              </projections>
            </RoutePoint>
            <RoutePoint version="1" id="VTR:RoutePoint:123689">
              <projections>
                <PointProjection version="1" id="VTR:PointProjection:36561">
                  <ProjectedPointRef ref="VTR:ScheduledStopPoint:123689" version="1"/>
                </PointProjection>
              </projections>
            </RoutePoint>
            <RoutePoint version="1" id="VTR:RoutePoint:123690">
              <projections>
                <PointProjection version="1" id="VTR:PointProjection:36562">
                  <ProjectedPointRef ref="VTR:ScheduledStopPoint:123690" version="1"/>
                </PointProjection>
              </projections>
            </RoutePoint>
            <RoutePoint version="1" id="VTR:RoutePoint:123691">
              <projections>
                <PointProjection version="1" id="VTR:PointProjection:36563">
                  <ProjectedPointRef ref="VTR:ScheduledStopPoint:123691" version="1"/>
                </PointProjection>
              </projections>
            </RoutePoint>
            <RoutePoint version="1" id="VTR:RoutePoint:123692">
              <projections>
                <PointProjection version="1" id="VTR:PointProjection:36564">
                  <ProjectedPointRef ref="VTR:ScheduledStopPoint:123692" version="1"/>
                </PointProjection>
              </projections>
            </RoutePoint>
            <RoutePoint version="1" id="VTR:RoutePoint:123693">
              <projections>
                <PointProjection version="1" id="VTR:PointProjection:36565">
                  <ProjectedPointRef ref="VTR:ScheduledStopPoint:123693" version="1"/>
                </PointProjection>
              </projections>
            </RoutePoint>
            <RoutePoint version="1" id="VTR:RoutePoint:123694">
              <projections>
                <PointProjection version="1" id="VTR:PointProjection:36566">
                  <ProjectedPointRef ref="VTR:ScheduledStopPoint:123694" version="1"/>
                </PointProjection>
              </projections>
            </RoutePoint>
            <RoutePoint version="1" id="VTR:RoutePoint:123695">
              <projections>
                <PointProjection version="1" id="VTR:PointProjection:36567">
                  <ProjectedPointRef ref="VTR:ScheduledStopPoint:123695" version="1"/>
                </PointProjection>
              </projections>
            </RoutePoint>
            <RoutePoint version="1" id="VTR:RoutePoint:123696">
              <projections>
                <PointProjection version="1" id="VTR:PointProjection:36568">
                  <ProjectedPointRef ref="VTR:ScheduledStopPoint:123696" version="1"/>
                </PointProjection>
              </projections>
            </RoutePoint>
            <RoutePoint version="1" id="VTR:RoutePoint:123697">
              <projections>
                <PointProjection version="1" id="VTR:PointProjection:36569">
                  <ProjectedPointRef ref="VTR:ScheduledStopPoint:123697" version="1"/>
                </PointProjection>
              </projections>
            </RoutePoint>
            <RoutePoint version="1" id="VTR:RoutePoint:123698">
              <projections>
                <PointProjection version="1" id="VTR:PointProjection:36570">
                  <ProjectedPointRef ref="VTR:ScheduledStopPoint:123698" version="1"/>
                </PointProjection>
              </projections>
            </RoutePoint>
            <RoutePoint version="1" id="VTR:RoutePoint:123699">
              <projections>
                <PointProjection version="1" id="VTR:PointProjection:36571">
                  <ProjectedPointRef ref="VTR:ScheduledStopPoint:123699" version="1"/>
                </PointProjection>
              </projections>
            </RoutePoint>
            <RoutePoint version="1" id="VTR:RoutePoint:123700">
              <projections>
                <PointProjection version="1" id="VTR:PointProjection:36572">
                  <ProjectedPointRef ref="VTR:ScheduledStopPoint:123700" version="1"/>
                </PointProjection>
              </projections>
            </RoutePoint>
            <RoutePoint version="1" id="VTR:RoutePoint:123701">
              <projections>
                <PointProjection version="1" id="VTR:PointProjection:36573">
                  <ProjectedPointRef ref="VTR:ScheduledStopPoint:123701" version="1"/>
                </PointProjection>
              </projections>
            </RoutePoint>
            <RoutePoint version="1" id="VTR:RoutePoint:123702">
              <projections>
                <PointProjection version="1" id="VTR:PointProjection:36574">
                  <ProjectedPointRef ref="VTR:ScheduledStopPoint:123702" version="1"/>
                </PointProjection>
              </projections>
            </RoutePoint>
            <RoutePoint version="1" id="VTR:RoutePoint:123703">
              <projections>
                <PointProjection version="1" id="VTR:PointProjection:36575">
                  <ProjectedPointRef ref="VTR:ScheduledStopPoint:123703" version="1"/>
                </PointProjection>
              </projections>
            </RoutePoint>
            <RoutePoint version="1" id="VTR:RoutePoint:123704">
              <projections>
                <PointProjection version="1" id="VTR:PointProjection:36576">
                  <ProjectedPointRef ref="VTR:ScheduledStopPoint:123704" version="1"/>
                </PointProjection>
              </projections>
            </RoutePoint>
            <RoutePoint version="1" id="VTR:RoutePoint:123705">
              <projections>
                <PointProjection version="1" id="VTR:PointProjection:35789">
                  <ProjectedPointRef ref="VTR:ScheduledStopPoint:123705" version="1"/>
                </PointProjection>
              </projections>
            </RoutePoint>
            <RoutePoint version="1" id="VTR:RoutePoint:123706">
              <projections>
                <PointProjection version="1" id="VTR:PointProjection:35801">
                  <ProjectedPointRef ref="VTR:ScheduledStopPoint:123706" version="1"/>
                </PointProjection>
              </projections>
            </RoutePoint>
            <RoutePoint version="1" id="VTR:RoutePoint:123707">
              <projections>
                <PointProjection version="1" id="VTR:PointProjection:35802">
                  <ProjectedPointRef ref="VTR:ScheduledStopPoint:123707" version="1"/>
                </PointProjection>
              </projections>
            </RoutePoint>
            <RoutePoint version="1" id="VTR:RoutePoint:123708">
              <projections>
                <PointProjection version="1" id="VTR:PointProjection:35803">
                  <ProjectedPointRef ref="VTR:ScheduledStopPoint:123708" version="1"/>
                </PointProjection>
              </projections>
            </RoutePoint>
            <RoutePoint version="1" id="VTR:RoutePoint:123709">
              <projections>
                <PointProjection version="1" id="VTR:PointProjection:35804">
                  <ProjectedPointRef ref="VTR:ScheduledStopPoint:123709" version="1"/>
                </PointProjection>
              </projections>
            </RoutePoint>
            <RoutePoint version="1" id="VTR:RoutePoint:123710">
              <projections>
                <PointProjection version="1" id="VTR:PointProjection:35805">
                  <ProjectedPointRef ref="VTR:ScheduledStopPoint:123710" version="1"/>
                </PointProjection>
              </projections>
            </RoutePoint>
            <RoutePoint version="1" id="VTR:RoutePoint:123711">
              <projections>
                <PointProjection version="1" id="VTR:PointProjection:35806">
                  <ProjectedPointRef ref="VTR:ScheduledStopPoint:123711" version="1"/>
                </PointProjection>
              </projections>
            </RoutePoint>
            <RoutePoint version="1" id="VTR:RoutePoint:123712">
              <projections>
                <PointProjection version="1" id="VTR:PointProjection:35807">
                  <ProjectedPointRef ref="VTR:ScheduledStopPoint:123712" version="1"/>
                </PointProjection>
              </projections>
            </RoutePoint>
            <RoutePoint version="1" id="VTR:RoutePoint:123713">
              <projections>
                <PointProjection version="1" id="VTR:PointProjection:35808">
                  <ProjectedPointRef ref="VTR:ScheduledStopPoint:123713" version="1"/>
                </PointProjection>
              </projections>
            </RoutePoint>
            <RoutePoint version="1" id="VTR:RoutePoint:123714">
              <projections>
                <PointProjection version="1" id="VTR:PointProjection:35809">
                  <ProjectedPointRef ref="VTR:ScheduledStopPoint:123714" version="1"/>
                </PointProjection>
              </projections>
            </RoutePoint>
            <RoutePoint version="1" id="VTR:RoutePoint:123715">
              <projections>
                <PointProjection version="1" id="VTR:PointProjection:35810">
                  <ProjectedPointRef ref="VTR:ScheduledStopPoint:123715" version="1"/>
                </PointProjection>
              </projections>
            </RoutePoint>
          </routePoints>
          <routes>
            <Route version="1" id="VTR:Route:7361">
              <Name>Vilkaviškis-Varteliai per Pajevonį</Name>
              <ShortName>Vilkaviškis-Varteliai per Pajevonį</ShortName>
              <LineRef ref="VTR:Line:2376" version="2416"/>
              <DirectionType>outbound</DirectionType>
              <pointsInSequence>
                <PointOnRoute version="1" id="VTR:PointOnRoute:123686" order="1">
                  <RoutePointRef ref="VTR:RoutePoint:123686"/>
                </PointOnRoute>
                <PointOnRoute version="1" id="VTR:PointOnRoute:123687" order="2">
                  <RoutePointRef ref="VTR:RoutePoint:123687"/>
                </PointOnRoute>
                <PointOnRoute version="1" id="VTR:PointOnRoute:123688" order="3">
                  <RoutePointRef ref="VTR:RoutePoint:123688"/>
                </PointOnRoute>
                <PointOnRoute version="1" id="VTR:PointOnRoute:123689" order="4">
                  <RoutePointRef ref="VTR:RoutePoint:123689"/>
                </PointOnRoute>
                <PointOnRoute version="1" id="VTR:PointOnRoute:123690" order="5">
                  <RoutePointRef ref="VTR:RoutePoint:123690"/>
                </PointOnRoute>
                <PointOnRoute version="1" id="VTR:PointOnRoute:123691" order="6">
                  <RoutePointRef ref="VTR:RoutePoint:123691"/>
                </PointOnRoute>
                <PointOnRoute version="1" id="VTR:PointOnRoute:123692" order="7">
                  <RoutePointRef ref="VTR:RoutePoint:123692"/>
                </PointOnRoute>
                <PointOnRoute version="1" id="VTR:PointOnRoute:123693" order="8">
                  <RoutePointRef ref="VTR:RoutePoint:123693"/>
                </PointOnRoute>
                <PointOnRoute version="1" id="VTR:PointOnRoute:123694" order="9">
                  <RoutePointRef ref="VTR:RoutePoint:123694"/>
                </PointOnRoute>
                <PointOnRoute version="1" id="VTR:PointOnRoute:123695" order="10">
                  <RoutePointRef ref="VTR:RoutePoint:123695"/>
                </PointOnRoute>
                <PointOnRoute version="1" id="VTR:PointOnRoute:123696" order="11">
                  <RoutePointRef ref="VTR:RoutePoint:123696"/>
                </PointOnRoute>
                <PointOnRoute version="1" id="VTR:PointOnRoute:123697" order="12">
                  <RoutePointRef ref="VTR:RoutePoint:123697"/>
                </PointOnRoute>
                <PointOnRoute version="1" id="VTR:PointOnRoute:123698" order="13">
                  <RoutePointRef ref="VTR:RoutePoint:123698"/>
                </PointOnRoute>
                <PointOnRoute version="1" id="VTR:PointOnRoute:123699" order="14">
                  <RoutePointRef ref="VTR:RoutePoint:123699"/>
                </PointOnRoute>
                <PointOnRoute version="1" id="VTR:PointOnRoute:123700" order="15">
                  <RoutePointRef ref="VTR:RoutePoint:123700"/>
                </PointOnRoute>
                <PointOnRoute version="1" id="VTR:PointOnRoute:123701" order="16">
                  <RoutePointRef ref="VTR:RoutePoint:123701"/>
                </PointOnRoute>
                <PointOnRoute version="1" id="VTR:PointOnRoute:123702" order="17">
                  <RoutePointRef ref="VTR:RoutePoint:123702"/>
                </PointOnRoute>
                <PointOnRoute version="1" id="VTR:PointOnRoute:123703" order="18">
                  <RoutePointRef ref="VTR:RoutePoint:123703"/>
                </PointOnRoute>
                <PointOnRoute version="1" id="VTR:PointOnRoute:123704" order="19">
                  <RoutePointRef ref="VTR:RoutePoint:123704"/>
                </PointOnRoute>
                <PointOnRoute version="1" id="VTR:PointOnRoute:123705" order="20">
                  <RoutePointRef ref="VTR:RoutePoint:123705"/>
                </PointOnRoute>
                <PointOnRoute version="1" id="VTR:PointOnRoute:123706" order="21">
                  <RoutePointRef ref="VTR:RoutePoint:123706"/>
                </PointOnRoute>
                <PointOnRoute version="1" id="VTR:PointOnRoute:123707" order="22">
                  <RoutePointRef ref="VTR:RoutePoint:123707"/>
                </PointOnRoute>
                <PointOnRoute version="1" id="VTR:PointOnRoute:123708" order="23">
                  <RoutePointRef ref="VTR:RoutePoint:123708"/>
                </PointOnRoute>
                <PointOnRoute version="1" id="VTR:PointOnRoute:123709" order="24">
                  <RoutePointRef ref="VTR:RoutePoint:123709"/>
                </PointOnRoute>
                <PointOnRoute version="1" id="VTR:PointOnRoute:123710" order="25">
                  <RoutePointRef ref="VTR:RoutePoint:123710"/>
                </PointOnRoute>
                <PointOnRoute version="1" id="VTR:PointOnRoute:123711" order="26">
                  <RoutePointRef ref="VTR:RoutePoint:123711"/>
                </PointOnRoute>
                <PointOnRoute version="1" id="VTR:PointOnRoute:123712" order="27">
                  <RoutePointRef ref="VTR:RoutePoint:123712"/>
                </PointOnRoute>
                <PointOnRoute version="1" id="VTR:PointOnRoute:123713" order="28">
                  <RoutePointRef ref="VTR:RoutePoint:123713"/>
                </PointOnRoute>
                <PointOnRoute version="1" id="VTR:PointOnRoute:123714" order="29">
                  <RoutePointRef ref="VTR:RoutePoint:123714"/>
                </PointOnRoute>
                <PointOnRoute version="1" id="VTR:PointOnRoute:123715" order="30">
                  <RoutePointRef ref="VTR:RoutePoint:123715"/>
                </PointOnRoute>
              </pointsInSequence>
            </Route>
          </routes>
          <lines>
            <Line version="2416" id="VTR:Line:2376">
              <Name>Vilkaviškis-varteliai per Pajevonį</Name>
              <TransportMode>bus</TransportMode>
              <TransportSubmode>
                <BusSubmode>regionalBus</BusSubmode>
              </TransportSubmode>
              <PublicCode>2</PublicCode>
              <OperatorRef ref="VTR:Operator:52"/>
            </Line>
          </lines>
          <scheduledStopPoints>
            <ScheduledStopPoint version="1" id="VTR:ScheduledStopPoint:123686">
              <Name>Vilkaviškio autobusų stotis</Name>
            </ScheduledStopPoint>
            <ScheduledStopPoint version="1" id="VTR:ScheduledStopPoint:123687">
              <Name>Uosiai I</Name>
            </ScheduledStopPoint>
            <ScheduledStopPoint version="1" id="VTR:ScheduledStopPoint:123688">
              <Name>Paežeriai</Name>
            </ScheduledStopPoint>
            <ScheduledStopPoint version="1" id="VTR:ScheduledStopPoint:123689">
              <Name>Uosiai II</Name>
            </ScheduledStopPoint>
            <ScheduledStopPoint version="1" id="VTR:ScheduledStopPoint:123690">
              <Name>Alvitas</Name>
            </ScheduledStopPoint>
            <ScheduledStopPoint version="1" id="VTR:ScheduledStopPoint:123691">
              <Name>Dailučiai</Name>
            </ScheduledStopPoint>
            <ScheduledStopPoint version="1" id="VTR:ScheduledStopPoint:123692">
              <Name>Kybartų pagrindinė mokykla</Name>
            </ScheduledStopPoint>
            <ScheduledStopPoint version="1" id="VTR:ScheduledStopPoint:123693">
              <Name>Virbalis</Name>
            </ScheduledStopPoint>
            <ScheduledStopPoint version="1" id="VTR:ScheduledStopPoint:123694">
              <Name>Virbalis</Name>
            </ScheduledStopPoint>
            <ScheduledStopPoint version="1" id="VTR:ScheduledStopPoint:123695">
              <Name>Virbalgiris</Name>
            </ScheduledStopPoint>
            <ScheduledStopPoint version="1" id="VTR:ScheduledStopPoint:123696">
              <Name>Karklupėnai</Name>
            </ScheduledStopPoint>
            <ScheduledStopPoint version="1" id="VTR:ScheduledStopPoint:123697">
              <Name>Pajevonio k.</Name>
            </ScheduledStopPoint>
            <ScheduledStopPoint version="1" id="VTR:ScheduledStopPoint:123698">
              <Name>Pajevonys</Name>
            </ScheduledStopPoint>
            <ScheduledStopPoint version="1" id="VTR:ScheduledStopPoint:123699">
              <Name>Ančlaukys</Name>
            </ScheduledStopPoint>
            <ScheduledStopPoint version="1" id="VTR:ScheduledStopPoint:123700">
              <Name>Dabravolė</Name>
            </ScheduledStopPoint>
            <ScheduledStopPoint version="1" id="VTR:ScheduledStopPoint:123701">
              <Name>Vištyčio I laukas</Name>
            </ScheduledStopPoint>
            <ScheduledStopPoint version="1" id="VTR:ScheduledStopPoint:123702">
              <Name>Ilgas kalnas</Name>
            </ScheduledStopPoint>
            <ScheduledStopPoint version="1" id="VTR:ScheduledStopPoint:123703">
              <Name>Malūnas</Name>
            </ScheduledStopPoint>
            <ScheduledStopPoint version="1" id="VTR:ScheduledStopPoint:123704">
              <Name>Malūnas</Name>
            </ScheduledStopPoint>
            <ScheduledStopPoint version="1" id="VTR:ScheduledStopPoint:123705">
              <Name>Vištytis</Name>
            </ScheduledStopPoint>
            <ScheduledStopPoint version="1" id="VTR:ScheduledStopPoint:123706">
              <Name>Marviliai</Name>
            </ScheduledStopPoint>
            <ScheduledStopPoint version="1" id="VTR:ScheduledStopPoint:123707">
              <Name>Žirgėnai</Name>
            </ScheduledStopPoint>
            <ScheduledStopPoint version="1" id="VTR:ScheduledStopPoint:123708">
              <Name>Žirgėnai</Name>
            </ScheduledStopPoint>
            <ScheduledStopPoint version="1" id="VTR:ScheduledStopPoint:123709">
              <Name>Norvydai</Name>
            </ScheduledStopPoint>
            <ScheduledStopPoint version="1" id="VTR:ScheduledStopPoint:123710">
              <Name>Pavištytis</Name>
            </ScheduledStopPoint>
            <ScheduledStopPoint version="1" id="VTR:ScheduledStopPoint:123711">
              <Name>Pavištytis</Name>
            </ScheduledStopPoint>
            <ScheduledStopPoint version="1" id="VTR:ScheduledStopPoint:123712">
              <Name>Stovykla</Name>
            </ScheduledStopPoint>
            <ScheduledStopPoint version="1" id="VTR:ScheduledStopPoint:123713">
              <Name>Vartelių kaimas</Name>
            </ScheduledStopPoint>
            <ScheduledStopPoint version="1" id="VTR:ScheduledStopPoint:123714">
              <Name>Vartelių kaimas</Name>
            </ScheduledStopPoint>
            <ScheduledStopPoint version="1" id="VTR:ScheduledStopPoint:123715">
              <Name>Varteliai</Name>
            </ScheduledStopPoint>
          </scheduledStopPoints>
          <serviceLinks>
            <ServiceLink id="VTR:ServiceLink:123704_1_123705_1" version="1">
              <Distance>2</Distance>
              <FromPointRef ref="VTR:ScheduledStopPoint:123704" version="1"/>
              <ToPointRef ref="VTR:ScheduledStopPoint:123705" version="1"/>
            </ServiceLink>
            <ServiceLink id="VTR:ServiceLink:123688_1_123689_1" version="1">
              <Distance>1</Distance>
              <FromPointRef ref="VTR:ScheduledStopPoint:123688" version="1"/>
              <ToPointRef ref="VTR:ScheduledStopPoint:123689" version="1"/>
            </ServiceLink>
            <ServiceLink id="VTR:ServiceLink:123689_1_123690_1" version="1">
              <Distance>1</Distance>
              <FromPointRef ref="VTR:ScheduledStopPoint:123689" version="1"/>
              <ToPointRef ref="VTR:ScheduledStopPoint:123690" version="1"/>
            </ServiceLink>
            <ServiceLink id="VTR:ServiceLink:123692_1_123693_1" version="1">
              <Distance>3</Distance>
              <FromPointRef ref="VTR:ScheduledStopPoint:123692" version="1"/>
              <ToPointRef ref="VTR:ScheduledStopPoint:123693" version="1"/>
            </ServiceLink>
            <ServiceLink id="VTR:ServiceLink:123700_1_123701_1" version="1">
              <Distance>2</Distance>
              <FromPointRef ref="VTR:ScheduledStopPoint:123700" version="1"/>
              <ToPointRef ref="VTR:ScheduledStopPoint:123701" version="1"/>
            </ServiceLink>
            <ServiceLink id="VTR:ServiceLink:123707_1_123708_1" version="1">
              <Distance>0</Distance>
              <FromPointRef ref="VTR:ScheduledStopPoint:123707" version="1"/>
              <ToPointRef ref="VTR:ScheduledStopPoint:123708" version="1"/>
            </ServiceLink>
            <ServiceLink id="VTR:ServiceLink:123706_1_123707_1" version="1">
              <Distance>2</Distance>
              <FromPointRef ref="VTR:ScheduledStopPoint:123706" version="1"/>
              <ToPointRef ref="VTR:ScheduledStopPoint:123707" version="1"/>
            </ServiceLink>
            <ServiceLink id="VTR:ServiceLink:123691_1_123692_1" version="1">
              <Distance>7</Distance>
              <FromPointRef ref="VTR:ScheduledStopPoint:123691" version="1"/>
              <ToPointRef ref="VTR:ScheduledStopPoint:123692" version="1"/>
            </ServiceLink>
            <ServiceLink id="VTR:ServiceLink:123713_1_123714_1" version="1">
              <Distance>0</Distance>
              <FromPointRef ref="VTR:ScheduledStopPoint:123713" version="1"/>
              <ToPointRef ref="VTR:ScheduledStopPoint:123714" version="1"/>
            </ServiceLink>
            <ServiceLink id="VTR:ServiceLink:123702_1_123703_1" version="1">
              <Distance>0</Distance>
              <FromPointRef ref="VTR:ScheduledStopPoint:123702" version="1"/>
              <ToPointRef ref="VTR:ScheduledStopPoint:123703" version="1"/>
            </ServiceLink>
            <ServiceLink id="VTR:ServiceLink:123710_1_123711_1" version="1">
              <Distance>0</Distance>
              <FromPointRef ref="VTR:ScheduledStopPoint:123710" version="1"/>
              <ToPointRef ref="VTR:ScheduledStopPoint:123711" version="1"/>
            </ServiceLink>
            <ServiceLink id="VTR:ServiceLink:123693_1_123694_1" version="1">
              <Distance>0</Distance>
              <FromPointRef ref="VTR:ScheduledStopPoint:123693" version="1"/>
              <ToPointRef ref="VTR:ScheduledStopPoint:123694" version="1"/>
            </ServiceLink>
            <ServiceLink id="VTR:ServiceLink:123714_1_123715_1" version="1">
              <Distance>0</Distance>
              <FromPointRef ref="VTR:ScheduledStopPoint:123714" version="1"/>
              <ToPointRef ref="VTR:ScheduledStopPoint:123715" version="1"/>
            </ServiceLink>
            <ServiceLink id="VTR:ServiceLink:123695_1_123696_1" version="1">
              <Distance>6</Distance>
              <FromPointRef ref="VTR:ScheduledStopPoint:123695" version="1"/>
              <ToPointRef ref="VTR:ScheduledStopPoint:123696" version="1"/>
            </ServiceLink>
            <ServiceLink id="VTR:ServiceLink:123711_1_123712_1" version="1">
              <Distance>4</Distance>
              <FromPointRef ref="VTR:ScheduledStopPoint:123711" version="1"/>
              <ToPointRef ref="VTR:ScheduledStopPoint:123712" version="1"/>
            </ServiceLink>
            <ServiceLink id="VTR:ServiceLink:123708_1_123709_1" version="1">
              <Distance>6</Distance>
              <FromPointRef ref="VTR:ScheduledStopPoint:123708" version="1"/>
              <ToPointRef ref="VTR:ScheduledStopPoint:123709" version="1"/>
            </ServiceLink>
            <ServiceLink id="VTR:ServiceLink:123699_1_123700_1" version="1">
              <Distance>3</Distance>
              <FromPointRef ref="VTR:ScheduledStopPoint:123699" version="1"/>
              <ToPointRef ref="VTR:ScheduledStopPoint:123700" version="1"/>
            </ServiceLink>
            <ServiceLink id="VTR:ServiceLink:123701_1_123702_1" version="1">
              <Distance>2</Distance>
              <FromPointRef ref="VTR:ScheduledStopPoint:123701" version="1"/>
              <ToPointRef ref="VTR:ScheduledStopPoint:123702" version="1"/>
            </ServiceLink>
            <ServiceLink id="VTR:ServiceLink:123696_1_123697_1" version="1">
              <Distance>4</Distance>
              <FromPointRef ref="VTR:ScheduledStopPoint:123696" version="1"/>
              <ToPointRef ref="VTR:ScheduledStopPoint:123697" version="1"/>
            </ServiceLink>
            <ServiceLink id="VTR:ServiceLink:123697_1_123698_1" version="1">
              <Distance>3</Distance>
              <FromPointRef ref="VTR:ScheduledStopPoint:123697" version="1"/>
              <ToPointRef ref="VTR:ScheduledStopPoint:123698" version="1"/>
            </ServiceLink>
            <ServiceLink id="VTR:ServiceLink:123690_1_123691_1" version="1">
              <Distance>2</Distance>
              <FromPointRef ref="VTR:ScheduledStopPoint:123690" version="1"/>
              <ToPointRef ref="VTR:ScheduledStopPoint:123691" version="1"/>
            </ServiceLink>
            <ServiceLink id="VTR:ServiceLink:123712_1_123713_1" version="1">
              <Distance>2</Distance>
              <FromPointRef ref="VTR:ScheduledStopPoint:123712" version="1"/>
              <ToPointRef ref="VTR:ScheduledStopPoint:123713" version="1"/>
            </ServiceLink>
            <ServiceLink id="VTR:ServiceLink:123703_1_123704_1" version="1">
              <Distance>0</Distance>
              <FromPointRef ref="VTR:ScheduledStopPoint:123703" version="1"/>
              <ToPointRef ref="VTR:ScheduledStopPoint:123704" version="1"/>
            </ServiceLink>
            <ServiceLink id="VTR:ServiceLink:123709_1_123710_1" version="1">
              <Distance>4</Distance>
              <FromPointRef ref="VTR:ScheduledStopPoint:123709" version="1"/>
              <ToPointRef ref="VTR:ScheduledStopPoint:123710" version="1"/>
            </ServiceLink>
            <ServiceLink id="VTR:ServiceLink:123686_1_123687_1" version="1">
              <Distance>2</Distance>
              <FromPointRef ref="VTR:ScheduledStopPoint:123686" version="1"/>
              <ToPointRef ref="VTR:ScheduledStopPoint:123687" version="1"/>
            </ServiceLink>
            <ServiceLink id="VTR:ServiceLink:123694_1_123695_1" version="1">
              <Distance>3</Distance>
              <FromPointRef ref="VTR:ScheduledStopPoint:123694" version="1"/>
              <ToPointRef ref="VTR:ScheduledStopPoint:123695" version="1"/>
            </ServiceLink>
            <ServiceLink id="VTR:ServiceLink:123698_1_123699_1" version="1">
              <Distance>4</Distance>
              <FromPointRef ref="VTR:ScheduledStopPoint:123698" version="1"/>
              <ToPointRef ref="VTR:ScheduledStopPoint:123699" version="1"/>
            </ServiceLink>
            <ServiceLink id="VTR:ServiceLink:123705_1_123706_1" version="1">
              <Distance>2</Distance>
              <FromPointRef ref="VTR:ScheduledStopPoint:123705" version="1"/>
              <ToPointRef ref="VTR:ScheduledStopPoint:123706" version="1"/>
            </ServiceLink>
            <ServiceLink id="VTR:ServiceLink:123687_1_123688_1" version="1">
              <Distance>1</Distance>
              <FromPointRef ref="VTR:ScheduledStopPoint:123687" version="1"/>
              <ToPointRef ref="VTR:ScheduledStopPoint:123688" version="1"/>
            </ServiceLink>
          </serviceLinks>
          <stopAssignments>
            <PassengerStopAssignment order="736100000" id="VTR:PassengerStopAssignment:123686" version="1">
              <ScheduledStopPointRef ref="VTR:ScheduledStopPoint:123686" version="1"/>
              <QuayRef ref="VTR:Quay:19454"/>
            </PassengerStopAssignment>
            <PassengerStopAssignment order="736100001" id="VTR:PassengerStopAssignment:123687" version="1">
              <ScheduledStopPointRef ref="VTR:ScheduledStopPoint:123687" version="1"/>
              <QuayRef ref="VTR:Quay:6284"/>
            </PassengerStopAssignment>
            <PassengerStopAssignment order="736100002" id="VTR:PassengerStopAssignment:123688" version="1">
              <ScheduledStopPointRef ref="VTR:ScheduledStopPoint:123688" version="1"/>
              <QuayRef ref="VTR:Quay:8192"/>
            </PassengerStopAssignment>
            <PassengerStopAssignment order="736100003" id="VTR:PassengerStopAssignment:123689" version="1">
              <ScheduledStopPointRef ref="VTR:ScheduledStopPoint:123689" version="1"/>
              <QuayRef ref="VTR:Quay:9081"/>
            </PassengerStopAssignment>
            <PassengerStopAssignment order="736100004" id="VTR:PassengerStopAssignment:123690" version="1">
              <ScheduledStopPointRef ref="VTR:ScheduledStopPoint:123690" version="1"/>
              <QuayRef ref="VTR:Quay:6252"/>
            </PassengerStopAssignment>
            <PassengerStopAssignment order="736100005" id="VTR:PassengerStopAssignment:123691" version="1">
              <ScheduledStopPointRef ref="VTR:ScheduledStopPoint:123691" version="1"/>
              <QuayRef ref="VTR:Quay:9084"/>
            </PassengerStopAssignment>
            <PassengerStopAssignment order="736100006" id="VTR:PassengerStopAssignment:123692" version="1">
              <ScheduledStopPointRef ref="VTR:ScheduledStopPoint:123692" version="1"/>
              <QuayRef ref="VTR:Quay:20774"/>
            </PassengerStopAssignment>
            <PassengerStopAssignment order="736100007" id="VTR:PassengerStopAssignment:123693" version="1">
              <ScheduledStopPointRef ref="VTR:ScheduledStopPoint:123693" version="1"/>
              <QuayRef ref="VTR:Quay:11124"/>
            </PassengerStopAssignment>
            <PassengerStopAssignment order="736100008" id="VTR:PassengerStopAssignment:123694" version="1">
              <ScheduledStopPointRef ref="VTR:ScheduledStopPoint:123694" version="1"/>
              <QuayRef ref="VTR:Quay:11124"/>
            </PassengerStopAssignment>
            <PassengerStopAssignment order="736100009" id="VTR:PassengerStopAssignment:123695" version="1">
              <ScheduledStopPointRef ref="VTR:ScheduledStopPoint:123695" version="1"/>
              <QuayRef ref="VTR:Quay:14102"/>
            </PassengerStopAssignment>
            <PassengerStopAssignment order="736100010" id="VTR:PassengerStopAssignment:123696" version="1">
              <ScheduledStopPointRef ref="VTR:ScheduledStopPoint:123696" version="1"/>
              <QuayRef ref="VTR:Quay:20751"/>
            </PassengerStopAssignment>
            <PassengerStopAssignment order="736100011" id="VTR:PassengerStopAssignment:123697" version="1">
              <ScheduledStopPointRef ref="VTR:ScheduledStopPoint:123697" version="1"/>
              <QuayRef ref="VTR:Quay:5311"/>
            </PassengerStopAssignment>
            <PassengerStopAssignment order="736100012" id="VTR:PassengerStopAssignment:123698" version="1">
              <ScheduledStopPointRef ref="VTR:ScheduledStopPoint:123698" version="1"/>
              <QuayRef ref="VTR:Quay:15257"/>
            </PassengerStopAssignment>
            <PassengerStopAssignment order="736100013" id="VTR:PassengerStopAssignment:123699" version="1">
              <ScheduledStopPointRef ref="VTR:ScheduledStopPoint:123699" version="1"/>
              <QuayRef ref="VTR:Quay:20755"/>
            </PassengerStopAssignment>
            <PassengerStopAssignment order="736100014" id="VTR:PassengerStopAssignment:123700" version="1">
              <ScheduledStopPointRef ref="VTR:ScheduledStopPoint:123700" version="1"/>
              <QuayRef ref="VTR:Quay:20781"/>
            </PassengerStopAssignment>
            <PassengerStopAssignment order="736100015" id="VTR:PassengerStopAssignment:123701" version="1">
              <ScheduledStopPointRef ref="VTR:ScheduledStopPoint:123701" version="1"/>
              <QuayRef ref="VTR:Quay:20782"/>
            </PassengerStopAssignment>
            <PassengerStopAssignment order="736100016" id="VTR:PassengerStopAssignment:123702" version="1">
              <ScheduledStopPointRef ref="VTR:ScheduledStopPoint:123702" version="1"/>
              <QuayRef ref="VTR:Quay:20784"/>
            </PassengerStopAssignment>
            <PassengerStopAssignment order="736100017" id="VTR:PassengerStopAssignment:123703" version="1">
              <ScheduledStopPointRef ref="VTR:ScheduledStopPoint:123703" version="1"/>
              <QuayRef ref="VTR:Quay:20787"/>
            </PassengerStopAssignment>
            <PassengerStopAssignment order="736100018" id="VTR:PassengerStopAssignment:123704" version="1">
              <ScheduledStopPointRef ref="VTR:ScheduledStopPoint:123704" version="1"/>
              <QuayRef ref="VTR:Quay:20787"/>
            </PassengerStopAssignment>
            <PassengerStopAssignment order="736100019" id="VTR:PassengerStopAssignment:123705" version="1">
              <ScheduledStopPointRef ref="VTR:ScheduledStopPoint:123705" version="1"/>
              <QuayRef ref="VTR:Quay:14081"/>
            </PassengerStopAssignment>
            <PassengerStopAssignment order="736100020" id="VTR:PassengerStopAssignment:123706" version="1">
              <ScheduledStopPointRef ref="VTR:ScheduledStopPoint:123706" version="1"/>
              <QuayRef ref="VTR:Quay:13927"/>
            </PassengerStopAssignment>
            <PassengerStopAssignment order="736100021" id="VTR:PassengerStopAssignment:123707" version="1">
              <ScheduledStopPointRef ref="VTR:ScheduledStopPoint:123707" version="1"/>
              <QuayRef ref="VTR:Quay:14078"/>
            </PassengerStopAssignment>
            <PassengerStopAssignment order="736100022" id="VTR:PassengerStopAssignment:123708" version="1">
              <ScheduledStopPointRef ref="VTR:ScheduledStopPoint:123708" version="1"/>
              <QuayRef ref="VTR:Quay:14078"/>
            </PassengerStopAssignment>
            <PassengerStopAssignment order="736100023" id="VTR:PassengerStopAssignment:123709" version="1">
              <ScheduledStopPointRef ref="VTR:ScheduledStopPoint:123709" version="1"/>
              <QuayRef ref="VTR:Quay:20791"/>
            </PassengerStopAssignment>
            <PassengerStopAssignment order="736100024" id="VTR:PassengerStopAssignment:123710" version="1">
              <ScheduledStopPointRef ref="VTR:ScheduledStopPoint:123710" version="1"/>
              <QuayRef ref="VTR:Quay:16451"/>
            </PassengerStopAssignment>
            <PassengerStopAssignment order="736100025" id="VTR:PassengerStopAssignment:123711" version="1">
              <ScheduledStopPointRef ref="VTR:ScheduledStopPoint:123711" version="1"/>
              <QuayRef ref="VTR:Quay:16451"/>
            </PassengerStopAssignment>
            <PassengerStopAssignment order="736100026" id="VTR:PassengerStopAssignment:123712" version="1">
              <ScheduledStopPointRef ref="VTR:ScheduledStopPoint:123712" version="1"/>
              <QuayRef ref="VTR:Quay:6299"/>
            </PassengerStopAssignment>
            <PassengerStopAssignment order="736100027" id="VTR:PassengerStopAssignment:123713" version="1">
              <ScheduledStopPointRef ref="VTR:ScheduledStopPoint:123713" version="1"/>
              <QuayRef ref="VTR:Quay:20792"/>
            </PassengerStopAssignment>
            <PassengerStopAssignment order="736100028" id="VTR:PassengerStopAssignment:123714" version="1">
              <ScheduledStopPointRef ref="VTR:ScheduledStopPoint:123714" version="1"/>
              <QuayRef ref="VTR:Quay:20792"/>
            </PassengerStopAssignment>
            <PassengerStopAssignment order="736100029" id="VTR:PassengerStopAssignment:123715" version="1">
              <ScheduledStopPointRef ref="VTR:ScheduledStopPoint:123715" version="1"/>
              <QuayRef ref="VTR:Quay:11627"/>
            </PassengerStopAssignment>
          </stopAssignments>
          <journeyPatterns>
            <JourneyPattern id="VTR:JourneyPattern:57700" version="57758">
              <Name>2</Name>
              <RouteRef ref="VTR:Route:7361" version="1"/>
              <pointsInSequence>
                <StopPointInJourneyPattern id="VTR:StopPointInJourneyPattern:1162542" version="57758" order="1">
                  <ScheduledStopPointRef ref="VTR:ScheduledStopPoint:123686"/>
                  <DestinationDisplayRef ref="VTR:DestinationDisplay:1"/>
                </StopPointInJourneyPattern>
                <StopPointInJourneyPattern id="VTR:StopPointInJourneyPattern:1162543" version="57758" order="2">
                  <ScheduledStopPointRef ref="VTR:ScheduledStopPoint:123687"/>
                  <DestinationDisplayRef ref="VTR:DestinationDisplay:1"/>
                </StopPointInJourneyPattern>
                <StopPointInJourneyPattern id="VTR:StopPointInJourneyPattern:1162544" version="57758" order="3">
                  <ScheduledStopPointRef ref="VTR:ScheduledStopPoint:123688"/>
                  <DestinationDisplayRef ref="VTR:DestinationDisplay:1"/>
                </StopPointInJourneyPattern>
                <StopPointInJourneyPattern id="VTR:StopPointInJourneyPattern:1162545" version="57758" order="4">
                  <ScheduledStopPointRef ref="VTR:ScheduledStopPoint:123689"/>
                  <DestinationDisplayRef ref="VTR:DestinationDisplay:1"/>
                </StopPointInJourneyPattern>
                <StopPointInJourneyPattern id="VTR:StopPointInJourneyPattern:1162546" version="57758" order="5">
                  <ScheduledStopPointRef ref="VTR:ScheduledStopPoint:123690"/>
                  <DestinationDisplayRef ref="VTR:DestinationDisplay:1"/>
                </StopPointInJourneyPattern>
                <StopPointInJourneyPattern id="VTR:StopPointInJourneyPattern:1162547" version="57758" order="6">
                  <ScheduledStopPointRef ref="VTR:ScheduledStopPoint:123691"/>
                  <DestinationDisplayRef ref="VTR:DestinationDisplay:1"/>
                </StopPointInJourneyPattern>
                <StopPointInJourneyPattern id="VTR:StopPointInJourneyPattern:1162548" version="57758" order="7">
                  <ScheduledStopPointRef ref="VTR:ScheduledStopPoint:123692"/>
                  <DestinationDisplayRef ref="VTR:DestinationDisplay:1"/>
                </StopPointInJourneyPattern>
                <StopPointInJourneyPattern id="VTR:StopPointInJourneyPattern:1162549" version="57758" order="8">
                  <ScheduledStopPointRef ref="VTR:ScheduledStopPoint:123693"/>
                  <DestinationDisplayRef ref="VTR:DestinationDisplay:1"/>
                </StopPointInJourneyPattern>
                <StopPointInJourneyPattern id="VTR:StopPointInJourneyPattern:1162550" version="57758" order="9">
                  <ScheduledStopPointRef ref="VTR:ScheduledStopPoint:123694"/>
                  <DestinationDisplayRef ref="VTR:DestinationDisplay:1"/>
                </StopPointInJourneyPattern>
                <StopPointInJourneyPattern id="VTR:StopPointInJourneyPattern:1162551" version="57758" order="10">
                  <ScheduledStopPointRef ref="VTR:ScheduledStopPoint:123695"/>
                  <DestinationDisplayRef ref="VTR:DestinationDisplay:1"/>
                </StopPointInJourneyPattern>
                <StopPointInJourneyPattern id="VTR:StopPointInJourneyPattern:1162552" version="57758" order="11">
                  <ScheduledStopPointRef ref="VTR:ScheduledStopPoint:123696"/>
                  <DestinationDisplayRef ref="VTR:DestinationDisplay:1"/>
                </StopPointInJourneyPattern>
                <StopPointInJourneyPattern id="VTR:StopPointInJourneyPattern:1162553" version="57758" order="12">
                  <ScheduledStopPointRef ref="VTR:ScheduledStopPoint:123697"/>
                  <DestinationDisplayRef ref="VTR:DestinationDisplay:1"/>
                </StopPointInJourneyPattern>
                <StopPointInJourneyPattern id="VTR:StopPointInJourneyPattern:1162554" version="57758" order="13">
                  <ScheduledStopPointRef ref="VTR:ScheduledStopPoint:123698"/>
                  <DestinationDisplayRef ref="VTR:DestinationDisplay:1"/>
                </StopPointInJourneyPattern>
                <StopPointInJourneyPattern id="VTR:StopPointInJourneyPattern:1162555" version="57758" order="14">
                  <ScheduledStopPointRef ref="VTR:ScheduledStopPoint:123699"/>
                  <DestinationDisplayRef ref="VTR:DestinationDisplay:1"/>
                </StopPointInJourneyPattern>
                <StopPointInJourneyPattern id="VTR:StopPointInJourneyPattern:1162556" version="57758" order="15">
                  <ScheduledStopPointRef ref="VTR:ScheduledStopPoint:123700"/>
                  <DestinationDisplayRef ref="VTR:DestinationDisplay:1"/>
                </StopPointInJourneyPattern>
                <StopPointInJourneyPattern id="VTR:StopPointInJourneyPattern:1162557" version="57758" order="16">
                  <ScheduledStopPointRef ref="VTR:ScheduledStopPoint:123701"/>
                  <DestinationDisplayRef ref="VTR:DestinationDisplay:1"/>
                </StopPointInJourneyPattern>
                <StopPointInJourneyPattern id="VTR:StopPointInJourneyPattern:1162558" version="57758" order="17">
                  <ScheduledStopPointRef ref="VTR:ScheduledStopPoint:123702"/>
                  <DestinationDisplayRef ref="VTR:DestinationDisplay:1"/>
                </StopPointInJourneyPattern>
                <StopPointInJourneyPattern id="VTR:StopPointInJourneyPattern:1162559" version="57758" order="18">
                  <ScheduledStopPointRef ref="VTR:ScheduledStopPoint:123703"/>
                  <DestinationDisplayRef ref="VTR:DestinationDisplay:1"/>
                </StopPointInJourneyPattern>
                <StopPointInJourneyPattern id="VTR:StopPointInJourneyPattern:1162560" version="57758" order="19">
                  <ScheduledStopPointRef ref="VTR:ScheduledStopPoint:123704"/>
                  <DestinationDisplayRef ref="VTR:DestinationDisplay:1"/>
                </StopPointInJourneyPattern>
                <StopPointInJourneyPattern id="VTR:StopPointInJourneyPattern:1162561" version="57758" order="20">
                  <ScheduledStopPointRef ref="VTR:ScheduledStopPoint:123705"/>
                  <DestinationDisplayRef ref="VTR:DestinationDisplay:1"/>
                </StopPointInJourneyPattern>
                <StopPointInJourneyPattern id="VTR:StopPointInJourneyPattern:1162562" version="57758" order="21">
                  <ScheduledStopPointRef ref="VTR:ScheduledStopPoint:123706"/>
                  <DestinationDisplayRef ref="VTR:DestinationDisplay:1"/>
                </StopPointInJourneyPattern>
                <StopPointInJourneyPattern id="VTR:StopPointInJourneyPattern:1162563" version="57758" order="22">
                  <ScheduledStopPointRef ref="VTR:ScheduledStopPoint:123707"/>
                  <DestinationDisplayRef ref="VTR:DestinationDisplay:1"/>
                </StopPointInJourneyPattern>
                <StopPointInJourneyPattern id="VTR:StopPointInJourneyPattern:1162564" version="57758" order="23">
                  <ScheduledStopPointRef ref="VTR:ScheduledStopPoint:123708"/>
                  <DestinationDisplayRef ref="VTR:DestinationDisplay:1"/>
                </StopPointInJourneyPattern>
                <StopPointInJourneyPattern id="VTR:StopPointInJourneyPattern:1162565" version="57758" order="24">
                  <ScheduledStopPointRef ref="VTR:ScheduledStopPoint:123709"/>
                  <DestinationDisplayRef ref="VTR:DestinationDisplay:1"/>
                </StopPointInJourneyPattern>
                <StopPointInJourneyPattern id="VTR:StopPointInJourneyPattern:1162566" version="57758" order="25">
                  <ScheduledStopPointRef ref="VTR:ScheduledStopPoint:123710"/>
                  <DestinationDisplayRef ref="VTR:DestinationDisplay:1"/>
                </StopPointInJourneyPattern>
                <StopPointInJourneyPattern id="VTR:StopPointInJourneyPattern:1162567" version="57758" order="26">
                  <ScheduledStopPointRef ref="VTR:ScheduledStopPoint:123711"/>
                  <DestinationDisplayRef ref="VTR:DestinationDisplay:1"/>
                </StopPointInJourneyPattern>
                <StopPointInJourneyPattern id="VTR:StopPointInJourneyPattern:1162568" version="57758" order="27">
                  <ScheduledStopPointRef ref="VTR:ScheduledStopPoint:123712"/>
                  <DestinationDisplayRef ref="VTR:DestinationDisplay:1"/>
                </StopPointInJourneyPattern>
                <StopPointInJourneyPattern id="VTR:StopPointInJourneyPattern:1162569" version="57758" order="28">
                  <ScheduledStopPointRef ref="VTR:ScheduledStopPoint:123713"/>
                  <DestinationDisplayRef ref="VTR:DestinationDisplay:1"/>
                </StopPointInJourneyPattern>
                <StopPointInJourneyPattern id="VTR:StopPointInJourneyPattern:1162570" version="57758" order="29">
                  <ScheduledStopPointRef ref="VTR:ScheduledStopPoint:123714"/>
                  <DestinationDisplayRef ref="VTR:DestinationDisplay:1"/>
                </StopPointInJourneyPattern>
                <StopPointInJourneyPattern id="VTR:StopPointInJourneyPattern:1162571" version="57758" order="30">
                  <ScheduledStopPointRef ref="VTR:ScheduledStopPoint:123715"/>
                  <DestinationDisplayRef ref="VTR:DestinationDisplay:1"/>
                </StopPointInJourneyPattern>
              </pointsInSequence>
            </JourneyPattern>
          </journeyPatterns>
        </ServiceFrame>
        <TimetableFrame version="1" id="VTR:TimetableFrame:1401">
          <vehicleJourneys>
            <ServiceJourney version="57758" id="VTR:ServiceJourney:57700">
              <Name>Vilkaviškis-Varteliai per Pajevonį</Name>
              <PrivateCode>2</PrivateCode>
              <dayTypes>
                <DayTypeRef ref="VTR:DayType:2906"/>
              </dayTypes>
              <JourneyPatternRef version="57758" ref="VTR:JourneyPattern:57700"/>
              <OperatorRef ref="VTR:Operator:"/>
              <LineRef ref="VTR:Line:2376" version="2416"/>
              <passingTimes>
                <TimetabledPassingTime version="57758" id="VTR:TimetabledPassingTime:57700_1162542_1">
                  <StopPointInJourneyPatternRef ref="VTR:StopPointInJourneyPattern:1162542" version="57758"/>
                  <DepartureTime>05:40:00</DepartureTime>
                  <DepartureDayOffset>0</DepartureDayOffset>
                </TimetabledPassingTime>
                <TimetabledPassingTime version="57758" id="VTR:TimetabledPassingTime:57700_1162543_2">
                  <StopPointInJourneyPatternRef ref="VTR:StopPointInJourneyPattern:1162543" version="57758"/>
                  <DepartureTime>05:45:00</DepartureTime>
                  <DepartureDayOffset>0</DepartureDayOffset>
                </TimetabledPassingTime>
                <TimetabledPassingTime version="57758" id="VTR:TimetabledPassingTime:57700_1162544_3">
                  <StopPointInJourneyPatternRef ref="VTR:StopPointInJourneyPattern:1162544" version="57758"/>
                  <DepartureTime>05:50:00</DepartureTime>
                  <DepartureDayOffset>0</DepartureDayOffset>
                </TimetabledPassingTime>
                <TimetabledPassingTime version="57758" id="VTR:TimetabledPassingTime:57700_1162545_4">
                  <StopPointInJourneyPatternRef ref="VTR:StopPointInJourneyPattern:1162545" version="57758"/>
                  <DepartureTime>05:56:00</DepartureTime>
                  <DepartureDayOffset>0</DepartureDayOffset>
                </TimetabledPassingTime>
                <TimetabledPassingTime version="57758" id="VTR:TimetabledPassingTime:57700_1162546_5">
                  <StopPointInJourneyPatternRef ref="VTR:StopPointInJourneyPattern:1162546" version="57758"/>
                  <DepartureTime>06:03:00</DepartureTime>
                  <DepartureDayOffset>0</DepartureDayOffset>
                </TimetabledPassingTime>
                <TimetabledPassingTime version="57758" id="VTR:TimetabledPassingTime:57700_1162547_6">
                  <StopPointInJourneyPatternRef ref="VTR:StopPointInJourneyPattern:1162547" version="57758"/>
                  <DepartureTime>06:12:00</DepartureTime>
                  <DepartureDayOffset>0</DepartureDayOffset>
                </TimetabledPassingTime>
                <TimetabledPassingTime version="57758" id="VTR:TimetabledPassingTime:57700_1162548_7">
                  <StopPointInJourneyPatternRef ref="VTR:StopPointInJourneyPattern:1162548" version="57758"/>
                  <DepartureTime>06:20:00</DepartureTime>
                  <DepartureDayOffset>0</DepartureDayOffset>
                </TimetabledPassingTime>
                <TimetabledPassingTime version="57758" id="VTR:TimetabledPassingTime:57700_1162549_8">
                  <StopPointInJourneyPatternRef ref="VTR:StopPointInJourneyPattern:1162549" version="57758"/>
                  <DepartureTime>06:28:00</DepartureTime>
                  <DepartureDayOffset>0</DepartureDayOffset>
                </TimetabledPassingTime>
                <TimetabledPassingTime version="57758" id="VTR:TimetabledPassingTime:57700_1162550_9">
                  <StopPointInJourneyPatternRef ref="VTR:StopPointInJourneyPattern:1162550" version="57758"/>
                  <DepartureTime>06:32:00</DepartureTime>
                  <DepartureDayOffset>0</DepartureDayOffset>
                </TimetabledPassingTime>
                <TimetabledPassingTime version="57758" id="VTR:TimetabledPassingTime:57700_1162551_10">
                  <StopPointInJourneyPatternRef ref="VTR:StopPointInJourneyPattern:1162551" version="57758"/>
                  <DepartureTime>06:37:00</DepartureTime>
                  <DepartureDayOffset>0</DepartureDayOffset>
                </TimetabledPassingTime>
                <TimetabledPassingTime version="57758" id="VTR:TimetabledPassingTime:57700_1162552_11">
                  <StopPointInJourneyPatternRef ref="VTR:StopPointInJourneyPattern:1162552" version="57758"/>
                  <DepartureTime>06:42:00</DepartureTime>
                  <DepartureDayOffset>0</DepartureDayOffset>
                </TimetabledPassingTime>
                <TimetabledPassingTime version="57758" id="VTR:TimetabledPassingTime:57700_1162553_12">
                  <StopPointInJourneyPatternRef ref="VTR:StopPointInJourneyPattern:1162553" version="57758"/>
                  <DepartureTime>06:48:00</DepartureTime>
                  <DepartureDayOffset>0</DepartureDayOffset>
                </TimetabledPassingTime>
                <TimetabledPassingTime version="57758" id="VTR:TimetabledPassingTime:57700_1162554_13">
                  <StopPointInJourneyPatternRef ref="VTR:StopPointInJourneyPattern:1162554" version="57758"/>
                  <DepartureTime>06:52:00</DepartureTime>
                  <DepartureDayOffset>0</DepartureDayOffset>
                </TimetabledPassingTime>
                <TimetabledPassingTime version="57758" id="VTR:TimetabledPassingTime:57700_1162555_14">
                  <StopPointInJourneyPatternRef ref="VTR:StopPointInJourneyPattern:1162555" version="57758"/>
                  <DepartureTime>07:00:00</DepartureTime>
                  <DepartureDayOffset>0</DepartureDayOffset>
                </TimetabledPassingTime>
                <TimetabledPassingTime version="57758" id="VTR:TimetabledPassingTime:57700_1162556_15">
                  <StopPointInJourneyPatternRef ref="VTR:StopPointInJourneyPattern:1162556" version="57758"/>
                  <DepartureTime>07:18:00</DepartureTime>
                  <DepartureDayOffset>0</DepartureDayOffset>
                </TimetabledPassingTime>
                <TimetabledPassingTime version="57758" id="VTR:TimetabledPassingTime:57700_1162557_16">
                  <StopPointInJourneyPatternRef ref="VTR:StopPointInJourneyPattern:1162557" version="57758"/>
                  <DepartureTime>07:23:00</DepartureTime>
                  <DepartureDayOffset>0</DepartureDayOffset>
                </TimetabledPassingTime>
                <TimetabledPassingTime version="57758" id="VTR:TimetabledPassingTime:57700_1162558_17">
                  <StopPointInJourneyPatternRef ref="VTR:StopPointInJourneyPattern:1162558" version="57758"/>
                  <DepartureTime>07:30:00</DepartureTime>
                  <DepartureDayOffset>0</DepartureDayOffset>
                </TimetabledPassingTime>
                <TimetabledPassingTime version="57758" id="VTR:TimetabledPassingTime:57700_1162559_18">
                  <StopPointInJourneyPatternRef ref="VTR:StopPointInJourneyPattern:1162559" version="57758"/>
                  <DepartureTime>07:35:00</DepartureTime>
                  <DepartureDayOffset>0</DepartureDayOffset>
                </TimetabledPassingTime>
                <TimetabledPassingTime version="57758" id="VTR:TimetabledPassingTime:57700_1162560_19">
                  <StopPointInJourneyPatternRef ref="VTR:StopPointInJourneyPattern:1162560" version="57758"/>
                  <DepartureTime>07:39:00</DepartureTime>
                  <DepartureDayOffset>0</DepartureDayOffset>
                </TimetabledPassingTime>
                <TimetabledPassingTime version="57758" id="VTR:TimetabledPassingTime:57700_1162561_20">
                  <StopPointInJourneyPatternRef ref="VTR:StopPointInJourneyPattern:1162561" version="57758"/>
                  <DepartureTime>07:44:00</DepartureTime>
                  <DepartureDayOffset>0</DepartureDayOffset>
                </TimetabledPassingTime>
                <TimetabledPassingTime version="57758" id="VTR:TimetabledPassingTime:57700_1162562_21">
                  <StopPointInJourneyPatternRef ref="VTR:StopPointInJourneyPattern:1162562" version="57758"/>
                  <DepartureTime>07:49:00</DepartureTime>
                  <DepartureDayOffset>0</DepartureDayOffset>
                </TimetabledPassingTime>
                <TimetabledPassingTime version="57758" id="VTR:TimetabledPassingTime:57700_1162563_22">
                  <StopPointInJourneyPatternRef ref="VTR:StopPointInJourneyPattern:1162563" version="57758"/>
                  <DepartureTime>07:57:00</DepartureTime>
                  <DepartureDayOffset>0</DepartureDayOffset>
                </TimetabledPassingTime>
                <TimetabledPassingTime version="57758" id="VTR:TimetabledPassingTime:57700_1162564_23">
                  <StopPointInJourneyPatternRef ref="VTR:StopPointInJourneyPattern:1162564" version="57758"/>
                  <DepartureTime>08:01:00</DepartureTime>
                  <DepartureDayOffset>0</DepartureDayOffset>
                </TimetabledPassingTime>
                <TimetabledPassingTime version="57758" id="VTR:TimetabledPassingTime:57700_1162565_24">
                  <StopPointInJourneyPatternRef ref="VTR:StopPointInJourneyPattern:1162565" version="57758"/>
                  <DepartureTime>08:14:00</DepartureTime>
                  <DepartureDayOffset>0</DepartureDayOffset>
                </TimetabledPassingTime>
                <TimetabledPassingTime version="57758" id="VTR:TimetabledPassingTime:57700_1162566_25">
                  <StopPointInJourneyPatternRef ref="VTR:StopPointInJourneyPattern:1162566" version="57758"/>
                  <DepartureTime>08:20:00</DepartureTime>
                  <DepartureDayOffset>0</DepartureDayOffset>
                </TimetabledPassingTime>
                <TimetabledPassingTime version="57758" id="VTR:TimetabledPassingTime:57700_1162567_26">
                  <StopPointInJourneyPatternRef ref="VTR:StopPointInJourneyPattern:1162567" version="57758"/>
                  <DepartureTime>08:24:00</DepartureTime>
                  <DepartureDayOffset>0</DepartureDayOffset>
                </TimetabledPassingTime>
                <TimetabledPassingTime version="57758" id="VTR:TimetabledPassingTime:57700_1162568_27">
                  <StopPointInJourneyPatternRef ref="VTR:StopPointInJourneyPattern:1162568" version="57758"/>
                  <DepartureTime>08:30:00</DepartureTime>
                  <DepartureDayOffset>0</DepartureDayOffset>
                </TimetabledPassingTime>
                <TimetabledPassingTime version="57758" id="VTR:TimetabledPassingTime:57700_1162569_28">
                  <StopPointInJourneyPatternRef ref="VTR:StopPointInJourneyPattern:1162569" version="57758"/>
                  <DepartureTime>08:36:00</DepartureTime>
                  <DepartureDayOffset>0</DepartureDayOffset>
                </TimetabledPassingTime>
                <TimetabledPassingTime version="57758" id="VTR:TimetabledPassingTime:57700_1162570_29">
                  <StopPointInJourneyPatternRef ref="VTR:StopPointInJourneyPattern:1162570" version="57758"/>
                  <DepartureTime>08:40:00</DepartureTime>
                  <DepartureDayOffset>0</DepartureDayOffset>
                </TimetabledPassingTime>
                <TimetabledPassingTime version="57758" id="VTR:TimetabledPassingTime:57700_1162571_30">
                  <StopPointInJourneyPatternRef ref="VTR:StopPointInJourneyPattern:1162571" version="57758"/>
                  <DepartureTime>08:45:00</DepartureTime>
                  <DepartureDayOffset>0</DepartureDayOffset>
                </TimetabledPassingTime>
              </passingTimes>
            </ServiceJourney>
          </vehicleJourneys>
        </TimetableFrame>
        <ResourceFrame version="1" id="VTR:ResourceFrame:1401">
          <organisations>
            <Authority version="1" id="VTR:Authority:52">
              <CompanyNumber>39</CompanyNumber>
              <Name>Vilkaviškio r. sav.</Name>
              <LegalName>Vilkaviškio r. sav.</LegalName>
              <ContactDetails>
                <Email>savivaldybe@vilkaviskis.lt</Email>
                <Phone>834260062</Phone>
                <Url>www.vilkaviskis.lt</Url>
              </ContactDetails>
              <OrganisationType>authority</OrganisationType>
            </Authority>
          </organisations>
        </ResourceFrame>
        <FareFrame id="VTR:FareFrame:2376" version="1">
          <FrameDefaults>
            <DefaultCurrency>EUR</DefaultCurrency>
          </FrameDefaults>
          <usageParameters>
            <RoundTrip id="VTR:RoundTrip:single" version="1">
              <Name>Single</Name>
              <TripType>single</TripType>
            </RoundTrip>
            <FrequencyOfUse id="VTR:FrequencyOfUse:once" version="1">
              <Name>Once</Name>
              <MaximalFrequency>1</MaximalFrequency>
            </FrequencyOfUse>
          </usageParameters>
          <priceGroups>
            <PriceGroup id="VTR:PriceGroup:PG01" version="1">
              <Name>Flat Fare Products - Standard</Name>
              <members>
                <FareProductPrice id="VTR:FareProductPrice:standard" version="1">
                  <Name>Single fare</Name>
                  <Amount>0.41</Amount>
                  <Currency>EUR</Currency>
                </FareProductPrice>
              </members>
            </PriceGroup>
          </priceGroups>
        </FareFrame>
      </frames>
    </CompositeFrame>
  </dataObjects>
</PublicationDelivery>
