<?xml version="1.0" encoding="UTF-8"?><PublicationDelivery xmlns="http://www.netex.org.uk/netex" xmlns:gis="http://www.opengis.net/gml/3.2" xmlns:ns2="http://www.opengis.net/gml/3.2" xmlns:ns3="http://www.siri.org.uk/siri" xmlns:xsi="http://www.w3.org/2001/XMLSchema-instance" version="1" xsi:schemaLocation="">
  <PublicationTimestamp>2022-05-07T05:05:00.281</PublicationTimestamp>
  <ParticipantRef>VTR</ParticipantRef>
  <Description>1</Description>
  <dataObjects>
    <CompositeFrame created="2022-05-07T05:05:00.281" version="1" id="VTR:CompositeFrame:1401">
      <validityConditions>
        <AvailabilityCondition version="1" id="VTR:AvailabilityCondition:1401">
          <FromDate>2015-07-22T15:29:22</FromDate>
          <ToDate>2027-12-30T00:00:00</ToDate>
        </AvailabilityCondition>
      </validityConditions>
      <codespaces>
        <Codespace id="vtr">
          <Xmlns>VTR</Xmlns>
          <XmlnsUrl>http://www.visimarsrutai.lt/</XmlnsUrl>
        </Codespace>
      </codespaces>
      <FrameDefaults>
        <DefaultLocale>
          <TimeZone>Europe/Vilnius</TimeZone>
        </DefaultLocale>
        <DefaultLocationSystem>WGS84</DefaultLocationSystem>
      </FrameDefaults>
      <frames>
        <ServiceCalendarFrame version="1" id="VTR:ServiceCalendarFrame:1401">
          <dayTypes>
            <DayType id="VTR:DayType:2940" version="1">
              <properties>
                <PropertyOfDay>
                  <DaysOfWeek>Monday Tuesday Wednesday Thursday Friday</DaysOfWeek>
                </PropertyOfDay>
              </properties>
            </DayType>
          </dayTypes>
          <operatingPeriods>
            <OperatingPeriod version="1" id="VTR:OperatingPeriod:2940">
              <FromDate>2015-11-12T00:00:00</FromDate>
              <ToDate>2020-12-31T00:00:00</ToDate>
            </OperatingPeriod>
          </operatingPeriods>
          <dayTypeAssignments>
            <DayTypeAssignment id="VTR:DayTypeAssignment:2940_0" version="1" order="2285">
              <OperatingPeriodRef ref="VTR:OperatingPeriod:2940" version="1"/>
              <DayTypeRef ref="VTR:DayType:2940" version="1"/>
            </DayTypeAssignment>
          </dayTypeAssignments>
        </ServiceCalendarFrame>
        <ServiceFrame id="VTR:ServiceFrame:1401" version="1">
          <Network version="0" id="VTR:Network:52"/>
          <routePoints>
            <RoutePoint version="1" id="VTR:RoutePoint:122582">
              <projections>
                <PointProjection version="1" id="VTR:PointProjection:36186">
                  <ProjectedPointRef ref="VTR:ScheduledStopPoint:122582" version="1"/>
                </PointProjection>
              </projections>
            </RoutePoint>
            <RoutePoint version="1" id="VTR:RoutePoint:122583">
              <projections>
                <PointProjection version="1" id="VTR:PointProjection:36187">
                  <ProjectedPointRef ref="VTR:ScheduledStopPoint:122583" version="1"/>
                </PointProjection>
              </projections>
            </RoutePoint>
            <RoutePoint version="1" id="VTR:RoutePoint:122584">
              <projections>
                <PointProjection version="1" id="VTR:PointProjection:36188">
                  <ProjectedPointRef ref="VTR:ScheduledStopPoint:122584" version="1"/>
                </PointProjection>
              </projections>
            </RoutePoint>
            <RoutePoint version="1" id="VTR:RoutePoint:122585">
              <projections>
                <PointProjection version="1" id="VTR:PointProjection:36189">
                  <ProjectedPointRef ref="VTR:ScheduledStopPoint:122585" version="1"/>
                </PointProjection>
              </projections>
            </RoutePoint>
            <RoutePoint version="1" id="VTR:RoutePoint:122586">
              <projections>
                <PointProjection version="1" id="VTR:PointProjection:36190">
                  <ProjectedPointRef ref="VTR:ScheduledStopPoint:122586" version="1"/>
                </PointProjection>
              </projections>
            </RoutePoint>
            <RoutePoint version="1" id="VTR:RoutePoint:127269">
              <projections>
                <PointProjection version="1" id="VTR:PointProjection:38876">
                  <ProjectedPointRef ref="VTR:ScheduledStopPoint:127269" version="1"/>
                </PointProjection>
              </projections>
            </RoutePoint>
            <RoutePoint version="1" id="VTR:RoutePoint:127270">
              <projections>
                <PointProjection version="1" id="VTR:PointProjection:38877">
                  <ProjectedPointRef ref="VTR:ScheduledStopPoint:127270" version="1"/>
                </PointProjection>
              </projections>
            </RoutePoint>
            <RoutePoint version="1" id="VTR:RoutePoint:127271">
              <projections>
                <PointProjection version="1" id="VTR:PointProjection:38878">
                  <ProjectedPointRef ref="VTR:ScheduledStopPoint:127271" version="1"/>
                </PointProjection>
              </projections>
            </RoutePoint>
            <RoutePoint version="1" id="VTR:RoutePoint:127272">
              <projections>
                <PointProjection version="1" id="VTR:PointProjection:38879">
                  <ProjectedPointRef ref="VTR:ScheduledStopPoint:127272" version="1"/>
                </PointProjection>
              </projections>
            </RoutePoint>
            <RoutePoint version="1" id="VTR:RoutePoint:127273">
              <projections>
                <PointProjection version="1" id="VTR:PointProjection:38880">
                  <ProjectedPointRef ref="VTR:ScheduledStopPoint:127273" version="1"/>
                </PointProjection>
              </projections>
            </RoutePoint>
          </routePoints>
          <routes>
            <Route version="1" id="VTR:Route:7277">
              <Name>Vilkaviškis-Pašeimeniai</Name>
              <ShortName>Vilkaviškis-Pašeimeniai</ShortName>
              <LineRef ref="VTR:Line:1307" version="1288"/>
              <DirectionType>outbound</DirectionType>
              <pointsInSequence>
                <PointOnRoute version="1" id="VTR:PointOnRoute:122582" order="1">
                  <RoutePointRef ref="VTR:RoutePoint:122582"/>
                </PointOnRoute>
                <PointOnRoute version="1" id="VTR:PointOnRoute:122583" order="2">
                  <RoutePointRef ref="VTR:RoutePoint:122583"/>
                </PointOnRoute>
                <PointOnRoute version="1" id="VTR:PointOnRoute:122584" order="3">
                  <RoutePointRef ref="VTR:RoutePoint:122584"/>
                </PointOnRoute>
                <PointOnRoute version="1" id="VTR:PointOnRoute:122585" order="4">
                  <RoutePointRef ref="VTR:RoutePoint:122585"/>
                </PointOnRoute>
                <PointOnRoute version="1" id="VTR:PointOnRoute:122586" order="5">
                  <RoutePointRef ref="VTR:RoutePoint:122586"/>
                </PointOnRoute>
              </pointsInSequence>
            </Route>
            <Route version="1" id="VTR:Route:7587">
              <Name>Pašeimeniai-Vilkaviškis</Name>
              <ShortName>Pašeimeniai-Vilkaviškis</ShortName>
              <LineRef ref="VTR:Line:1307" version="1288"/>
              <DirectionType>inbound</DirectionType>
              <pointsInSequence>
                <PointOnRoute version="1" id="VTR:PointOnRoute:127269" order="1">
                  <RoutePointRef ref="VTR:RoutePoint:127269"/>
                </PointOnRoute>
                <PointOnRoute version="1" id="VTR:PointOnRoute:127270" order="2">
                  <RoutePointRef ref="VTR:RoutePoint:127270"/>
                </PointOnRoute>
                <PointOnRoute version="1" id="VTR:PointOnRoute:127271" order="3">
                  <RoutePointRef ref="VTR:RoutePoint:127271"/>
                </PointOnRoute>
                <PointOnRoute version="1" id="VTR:PointOnRoute:127272" order="4">
                  <RoutePointRef ref="VTR:RoutePoint:127272"/>
                </PointOnRoute>
                <PointOnRoute version="1" id="VTR:PointOnRoute:127273" order="5">
                  <RoutePointRef ref="VTR:RoutePoint:127273"/>
                </PointOnRoute>
              </pointsInSequence>
            </Route>
          </routes>
          <lines>
            <Line version="1288" id="VTR:Line:1307">
              <Name>Vilkaviškis-Pašeimeniai</Name>
              <TransportMode>bus</TransportMode>
              <TransportSubmode>
                <BusSubmode>regionalBus</BusSubmode>
              </TransportSubmode>
              <PublicCode>59</PublicCode>
              <OperatorRef ref="VTR:Operator:52"/>
            </Line>
          </lines>
          <scheduledStopPoints>
            <ScheduledStopPoint version="1" id="VTR:ScheduledStopPoint:122582">
              <Name>Vilkaviškio autobusų stotis</Name>
            </ScheduledStopPoint>
            <ScheduledStopPoint version="1" id="VTR:ScheduledStopPoint:122583">
              <Name>Šeimenėlė</Name>
            </ScheduledStopPoint>
            <ScheduledStopPoint version="1" id="VTR:ScheduledStopPoint:122584">
              <Name>Pūstapėdžiai</Name>
            </ScheduledStopPoint>
            <ScheduledStopPoint version="1" id="VTR:ScheduledStopPoint:122585">
              <Name>Mockabūdžiai</Name>
            </ScheduledStopPoint>
            <ScheduledStopPoint version="1" id="VTR:ScheduledStopPoint:122586">
              <Name>Pašeimeniai</Name>
            </ScheduledStopPoint>
            <ScheduledStopPoint version="1" id="VTR:ScheduledStopPoint:127269">
              <Name>Pašeimeniai</Name>
            </ScheduledStopPoint>
            <ScheduledStopPoint version="1" id="VTR:ScheduledStopPoint:127270">
              <Name>Mockabūdžiai</Name>
            </ScheduledStopPoint>
            <ScheduledStopPoint version="1" id="VTR:ScheduledStopPoint:127271">
              <Name>Pūstapėdžiai</Name>
            </ScheduledStopPoint>
            <ScheduledStopPoint version="1" id="VTR:ScheduledStopPoint:127272">
              <Name>Šeimenėlė</Name>
            </ScheduledStopPoint>
            <ScheduledStopPoint version="1" id="VTR:ScheduledStopPoint:127273">
              <Name>Vilkaviškio autobusų stotis</Name>
            </ScheduledStopPoint>
          </scheduledStopPoints>
          <serviceLinks>
            <ServiceLink id="VTR:ServiceLink:127269_1_127270_1" version="1">
              <Distance>2</Distance>
              <FromPointRef ref="VTR:ScheduledStopPoint:127269" version="1"/>
              <ToPointRef ref="VTR:ScheduledStopPoint:127270" version="1"/>
            </ServiceLink>
            <ServiceLink id="VTR:ServiceLink:127270_1_127271_1" version="1">
              <Distance>5</Distance>
              <FromPointRef ref="VTR:ScheduledStopPoint:127270" version="1"/>
              <ToPointRef ref="VTR:ScheduledStopPoint:127271" version="1"/>
            </ServiceLink>
            <ServiceLink id="VTR:ServiceLink:122585_1_122586_1" version="1">
              <Distance>2</Distance>
              <FromPointRef ref="VTR:ScheduledStopPoint:122585" version="1"/>
              <ToPointRef ref="VTR:ScheduledStopPoint:122586" version="1"/>
            </ServiceLink>
            <ServiceLink id="VTR:ServiceLink:122584_1_122585_1" version="1">
              <Distance>5</Distance>
              <FromPointRef ref="VTR:ScheduledStopPoint:122584" version="1"/>
              <ToPointRef ref="VTR:ScheduledStopPoint:122585" version="1"/>
            </ServiceLink>
            <ServiceLink id="VTR:ServiceLink:127271_1_127272_1" version="1">
              <Distance>2</Distance>
              <FromPointRef ref="VTR:ScheduledStopPoint:127271" version="1"/>
              <ToPointRef ref="VTR:ScheduledStopPoint:127272" version="1"/>
            </ServiceLink>
            <ServiceLink id="VTR:ServiceLink:127272_1_127273_1" version="1">
              <Distance>3</Distance>
              <FromPointRef ref="VTR:ScheduledStopPoint:127272" version="1"/>
              <ToPointRef ref="VTR:ScheduledStopPoint:127273" version="1"/>
            </ServiceLink>
            <ServiceLink id="VTR:ServiceLink:122582_1_122583_1" version="1">
              <Distance>3</Distance>
              <FromPointRef ref="VTR:ScheduledStopPoint:122582" version="1"/>
              <ToPointRef ref="VTR:ScheduledStopPoint:122583" version="1"/>
            </ServiceLink>
            <ServiceLink id="VTR:ServiceLink:122583_1_122584_1" version="1">
              <Distance>2</Distance>
              <FromPointRef ref="VTR:ScheduledStopPoint:122583" version="1"/>
              <ToPointRef ref="VTR:ScheduledStopPoint:122584" version="1"/>
            </ServiceLink>
          </serviceLinks>
          <stopAssignments>
            <PassengerStopAssignment order="727700000" id="VTR:PassengerStopAssignment:122582" version="1">
              <ScheduledStopPointRef ref="VTR:ScheduledStopPoint:122582" version="1"/>
              <QuayRef ref="VTR:Quay:19454"/>
            </PassengerStopAssignment>
            <PassengerStopAssignment order="727700001" id="VTR:PassengerStopAssignment:122583" version="1">
              <ScheduledStopPointRef ref="VTR:ScheduledStopPoint:122583" version="1"/>
              <QuayRef ref="VTR:Quay:7240"/>
            </PassengerStopAssignment>
            <PassengerStopAssignment order="727700002" id="VTR:PassengerStopAssignment:122584" version="1">
              <ScheduledStopPointRef ref="VTR:ScheduledStopPoint:122584" version="1"/>
              <QuayRef ref="VTR:Quay:5312"/>
            </PassengerStopAssignment>
            <PassengerStopAssignment order="727700003" id="VTR:PassengerStopAssignment:122585" version="1">
              <ScheduledStopPointRef ref="VTR:ScheduledStopPoint:122585" version="1"/>
              <QuayRef ref="VTR:Quay:4329"/>
            </PassengerStopAssignment>
            <PassengerStopAssignment order="727700004" id="VTR:PassengerStopAssignment:122586" version="1">
              <ScheduledStopPointRef ref="VTR:ScheduledStopPoint:122586" version="1"/>
              <QuayRef ref="VTR:Quay:6290"/>
            </PassengerStopAssignment>
            <PassengerStopAssignment order="758700000" id="VTR:PassengerStopAssignment:127269" version="1">
              <ScheduledStopPointRef ref="VTR:ScheduledStopPoint:127269" version="1"/>
              <QuayRef ref="VTR:Quay:6290"/>
            </PassengerStopAssignment>
            <PassengerStopAssignment order="758700001" id="VTR:PassengerStopAssignment:127270" version="1">
              <ScheduledStopPointRef ref="VTR:ScheduledStopPoint:127270" version="1"/>
              <QuayRef ref="VTR:Quay:4329"/>
            </PassengerStopAssignment>
            <PassengerStopAssignment order="758700002" id="VTR:PassengerStopAssignment:127271" version="1">
              <ScheduledStopPointRef ref="VTR:ScheduledStopPoint:127271" version="1"/>
              <QuayRef ref="VTR:Quay:5312"/>
            </PassengerStopAssignment>
            <PassengerStopAssignment order="758700003" id="VTR:PassengerStopAssignment:127272" version="1">
              <ScheduledStopPointRef ref="VTR:ScheduledStopPoint:127272" version="1"/>
              <QuayRef ref="VTR:Quay:7240"/>
            </PassengerStopAssignment>
            <PassengerStopAssignment order="758700004" id="VTR:PassengerStopAssignment:127273" version="1">
              <ScheduledStopPointRef ref="VTR:ScheduledStopPoint:127273" version="1"/>
              <QuayRef ref="VTR:Quay:19454"/>
            </PassengerStopAssignment>
          </stopAssignments>
          <journeyPatterns>
            <JourneyPattern id="VTR:JourneyPattern:57575" version="57631">
              <Name>59</Name>
              <RouteRef ref="VTR:Route:7277" version="1"/>
              <pointsInSequence>
                <StopPointInJourneyPattern id="VTR:StopPointInJourneyPattern:1160560" version="57631" order="1">
                  <ScheduledStopPointRef ref="VTR:ScheduledStopPoint:122582"/>
                  <DestinationDisplayRef ref="VTR:DestinationDisplay:1"/>
                </StopPointInJourneyPattern>
                <StopPointInJourneyPattern id="VTR:StopPointInJourneyPattern:1160561" version="57631" order="2">
                  <ScheduledStopPointRef ref="VTR:ScheduledStopPoint:122583"/>
                  <DestinationDisplayRef ref="VTR:DestinationDisplay:1"/>
                </StopPointInJourneyPattern>
                <StopPointInJourneyPattern id="VTR:StopPointInJourneyPattern:1160562" version="57631" order="3">
                  <ScheduledStopPointRef ref="VTR:ScheduledStopPoint:122584"/>
                  <DestinationDisplayRef ref="VTR:DestinationDisplay:1"/>
                </StopPointInJourneyPattern>
                <StopPointInJourneyPattern id="VTR:StopPointInJourneyPattern:1160563" version="57631" order="4">
                  <ScheduledStopPointRef ref="VTR:ScheduledStopPoint:122585"/>
                  <DestinationDisplayRef ref="VTR:DestinationDisplay:1"/>
                </StopPointInJourneyPattern>
                <StopPointInJourneyPattern id="VTR:StopPointInJourneyPattern:1160564" version="57631" order="5">
                  <ScheduledStopPointRef ref="VTR:ScheduledStopPoint:122586"/>
                  <DestinationDisplayRef ref="VTR:DestinationDisplay:1"/>
                </StopPointInJourneyPattern>
              </pointsInSequence>
            </JourneyPattern>
            <JourneyPattern id="VTR:JourneyPattern:58417" version="58480">
              <Name>1</Name>
              <RouteRef ref="VTR:Route:7587" version="1"/>
              <pointsInSequence>
                <StopPointInJourneyPattern id="VTR:StopPointInJourneyPattern:1174651" version="58480" order="1">
                  <ScheduledStopPointRef ref="VTR:ScheduledStopPoint:127269"/>
                  <DestinationDisplayRef ref="VTR:DestinationDisplay:1"/>
                </StopPointInJourneyPattern>
                <StopPointInJourneyPattern id="VTR:StopPointInJourneyPattern:1174652" version="58480" order="2">
                  <ScheduledStopPointRef ref="VTR:ScheduledStopPoint:127270"/>
                  <DestinationDisplayRef ref="VTR:DestinationDisplay:1"/>
                </StopPointInJourneyPattern>
                <StopPointInJourneyPattern id="VTR:StopPointInJourneyPattern:1174653" version="58480" order="3">
                  <ScheduledStopPointRef ref="VTR:ScheduledStopPoint:127271"/>
                  <DestinationDisplayRef ref="VTR:DestinationDisplay:1"/>
                </StopPointInJourneyPattern>
                <StopPointInJourneyPattern id="VTR:StopPointInJourneyPattern:1174654" version="58480" order="4">
                  <ScheduledStopPointRef ref="VTR:ScheduledStopPoint:127272"/>
                  <DestinationDisplayRef ref="VTR:DestinationDisplay:1"/>
                </StopPointInJourneyPattern>
                <StopPointInJourneyPattern id="VTR:StopPointInJourneyPattern:1174655" version="58480" order="5">
                  <ScheduledStopPointRef ref="VTR:ScheduledStopPoint:127273"/>
                  <DestinationDisplayRef ref="VTR:DestinationDisplay:1"/>
                </StopPointInJourneyPattern>
              </pointsInSequence>
            </JourneyPattern>
          </journeyPatterns>
        </ServiceFrame>
        <TimetableFrame version="1" id="VTR:TimetableFrame:1401">
          <vehicleJourneys>
            <ServiceJourney version="57631" id="VTR:ServiceJourney:57575">
              <Name>Vilkaviškis-Pašeimeniai</Name>
              <PrivateCode>59</PrivateCode>
              <dayTypes>
                <DayTypeRef ref="VTR:DayType:2940"/>
              </dayTypes>
              <JourneyPatternRef version="57631" ref="VTR:JourneyPattern:57575"/>
              <OperatorRef ref="VTR:Operator:"/>
              <LineRef ref="VTR:Line:1307" version="1288"/>
              <passingTimes>
                <TimetabledPassingTime version="57631" id="VTR:TimetabledPassingTime:57575_1160560_1">
                  <StopPointInJourneyPatternRef ref="VTR:StopPointInJourneyPattern:1160560" version="57631"/>
                  <DepartureTime>07:00:00</DepartureTime>
                  <DepartureDayOffset>0</DepartureDayOffset>
                </TimetabledPassingTime>
                <TimetabledPassingTime version="57631" id="VTR:TimetabledPassingTime:57575_1160561_2">
                  <StopPointInJourneyPatternRef ref="VTR:StopPointInJourneyPattern:1160561" version="57631"/>
                  <DepartureTime>07:12:00</DepartureTime>
                  <DepartureDayOffset>0</DepartureDayOffset>
                </TimetabledPassingTime>
                <TimetabledPassingTime version="57631" id="VTR:TimetabledPassingTime:57575_1160562_3">
                  <StopPointInJourneyPatternRef ref="VTR:StopPointInJourneyPattern:1160562" version="57631"/>
                  <DepartureTime>07:19:00</DepartureTime>
                  <DepartureDayOffset>0</DepartureDayOffset>
                </TimetabledPassingTime>
                <TimetabledPassingTime version="57631" id="VTR:TimetabledPassingTime:57575_1160563_4">
                  <StopPointInJourneyPatternRef ref="VTR:StopPointInJourneyPattern:1160563" version="57631"/>
                  <DepartureTime>07:30:00</DepartureTime>
                  <DepartureDayOffset>0</DepartureDayOffset>
                </TimetabledPassingTime>
                <TimetabledPassingTime version="57631" id="VTR:TimetabledPassingTime:57575_1160564_5">
                  <StopPointInJourneyPatternRef ref="VTR:StopPointInJourneyPattern:1160564" version="57631"/>
                  <DepartureTime>07:37:00</DepartureTime>
                  <DepartureDayOffset>0</DepartureDayOffset>
                </TimetabledPassingTime>
              </passingTimes>
            </ServiceJourney>
            <ServiceJourney version="58480" id="VTR:ServiceJourney:58417">
              <Name>Pašeimeniai-Vilkaviškis</Name>
              <PrivateCode>1</PrivateCode>
              <dayTypes>
                <DayTypeRef ref="VTR:DayType:2940"/>
              </dayTypes>
              <JourneyPatternRef version="58480" ref="VTR:JourneyPattern:58417"/>
              <OperatorRef ref="VTR:Operator:"/>
              <LineRef ref="VTR:Line:1307" version="1288"/>
              <passingTimes>
                <TimetabledPassingTime version="58480" id="VTR:TimetabledPassingTime:58417_1174651_1">
                  <StopPointInJourneyPatternRef ref="VTR:StopPointInJourneyPattern:1174651" version="58480"/>
                  <DepartureTime>07:20:00</DepartureTime>
                  <DepartureDayOffset>0</DepartureDayOffset>
                </TimetabledPassingTime>
                <TimetabledPassingTime version="58480" id="VTR:TimetabledPassingTime:58417_1174652_2">
                  <StopPointInJourneyPatternRef ref="VTR:StopPointInJourneyPattern:1174652" version="58480"/>
                  <DepartureTime>07:27:00</DepartureTime>
                  <DepartureDayOffset>0</DepartureDayOffset>
                </TimetabledPassingTime>
                <TimetabledPassingTime version="58480" id="VTR:TimetabledPassingTime:58417_1174653_3">
                  <StopPointInJourneyPatternRef ref="VTR:StopPointInJourneyPattern:1174653" version="58480"/>
                  <DepartureTime>07:36:00</DepartureTime>
                  <DepartureDayOffset>0</DepartureDayOffset>
                </TimetabledPassingTime>
                <TimetabledPassingTime version="58480" id="VTR:TimetabledPassingTime:58417_1174654_4">
                  <StopPointInJourneyPatternRef ref="VTR:StopPointInJourneyPattern:1174654" version="58480"/>
                  <DepartureTime>07:43:00</DepartureTime>
                  <DepartureDayOffset>0</DepartureDayOffset>
                </TimetabledPassingTime>
                <TimetabledPassingTime version="58480" id="VTR:TimetabledPassingTime:58417_1174655_5">
                  <StopPointInJourneyPatternRef ref="VTR:StopPointInJourneyPattern:1174655" version="58480"/>
                  <DepartureTime>08:18:00</DepartureTime>
                  <DepartureDayOffset>0</DepartureDayOffset>
                </TimetabledPassingTime>
              </passingTimes>
            </ServiceJourney>
          </vehicleJourneys>
        </TimetableFrame>
        <ResourceFrame version="1" id="VTR:ResourceFrame:1401">
          <organisations>
            <Authority version="1" id="VTR:Authority:52">
              <CompanyNumber>39</CompanyNumber>
              <Name>Vilkaviškio r. sav.</Name>
              <LegalName>Vilkaviškio r. sav.</LegalName>
              <ContactDetails>
                <Email>savivaldybe@vilkaviskis.lt</Email>
                <Phone>834260062</Phone>
                <Url>www.vilkaviskis.lt</Url>
              </ContactDetails>
              <OrganisationType>authority</OrganisationType>
            </Authority>
          </organisations>
        </ResourceFrame>
        <FareFrame id="VTR:FareFrame:1307" version="1">
          <FrameDefaults>
            <DefaultCurrency>EUR</DefaultCurrency>
          </FrameDefaults>
          <usageParameters>
            <RoundTrip id="VTR:RoundTrip:single" version="1">
              <Name>Single</Name>
              <TripType>single</TripType>
            </RoundTrip>
            <FrequencyOfUse id="VTR:FrequencyOfUse:once" version="1">
              <Name>Once</Name>
              <MaximalFrequency>1</MaximalFrequency>
            </FrequencyOfUse>
          </usageParameters>
          <priceGroups>
            <PriceGroup id="VTR:PriceGroup:PG01" version="1">
              <Name>Flat Fare Products - Standard</Name>
              <members>
                <FareProductPrice id="VTR:FareProductPrice:standard" version="1">
                  <Name>Single fare</Name>
                  <Amount>0.41</Amount>
                  <Currency>EUR</Currency>
                </FareProductPrice>
              </members>
            </PriceGroup>
          </priceGroups>
        </FareFrame>
      </frames>
    </CompositeFrame>
  </dataObjects>
</PublicationDelivery>
