<?xml version="1.0" encoding="UTF-8"?><PublicationDelivery xmlns="http://www.netex.org.uk/netex" xmlns:ns2="http://www.opengis.net/gml/3.2" xmlns:ns3="http://www.siri.org.uk/siri" xmlns:xsi="http://www.w3.org/2001/XMLSchema-instance" version="1" xsi:schemaLocation="">
  <PublicationTimestamp>2022-05-07T01:09:00.243</PublicationTimestamp>
  <ParticipantRef>VTR</ParticipantRef>
  <dataObjects>
    <SiteFrame modification="new" version="1" id="VTR:SiteFrame:1354">
      <FrameDefaults>
        <DefaultLocale>
          <TimeZone>Europe/Vilnius</TimeZone>
        </DefaultLocale>
        <DefaultLocationSystem>WGS84</DefaultLocationSystem>
      </FrameDefaults>
      <stopPlaces>
        <StopPlace created="2015-05-25T16:21:08" changed="2019-01-04T02:17:10" modification="revise" version="10127" id="VTR:StopPlaceElement:10127">
          <ValidBetween>
            <FromDate>2019-01-04T02:17:10</FromDate>
          </ValidBetween>
          <keyList>
            <KeyValue>
              <Key>DATA_SOURCE_TYPE</Key>
              <Value>LAKIS</Value>
            </KeyValue>
          </keyList>
          <Name lang="lt">Dacijonai</Name>
          <Centroid>
            <Location>
              <Longitude>22.287206</Longitude>
              <Latitude>55.223805</Latitude>
            </Location>
          </Centroid>
          <TransportMode>bus</TransportMode>
          <StopPlaceType>onstreetBus</StopPlaceType>
          <Weighting>interchangeAllowed</Weighting>
          <quays>
            <Quay modification="new" version="10127" id="VTR:Quay:10127">
              <Centroid>
                <Location>
                  <Longitude>22.287206</Longitude>
                  <Latitude>55.223805</Latitude>
                </Location>
              </Centroid>
            </Quay>
          </quays>
        </StopPlace>
        <StopPlace created="2015-05-25T16:21:09" changed="2018-01-31T02:15:45" modification="revise" version="10129" id="VTR:StopPlaceElement:10129">
          <ValidBetween>
            <FromDate>2018-01-31T02:15:45</FromDate>
          </ValidBetween>
          <keyList>
            <KeyValue>
              <Key>DATA_SOURCE_TYPE</Key>
              <Value>LAKIS</Value>
            </KeyValue>
          </keyList>
          <Name lang="lt">Gudai 2</Name>
          <Centroid>
            <Location>
              <Longitude>21.934045</Longitude>
              <Latitude>55.175272</Latitude>
            </Location>
          </Centroid>
          <TransportMode>bus</TransportMode>
          <StopPlaceType>onstreetBus</StopPlaceType>
          <Weighting>interchangeAllowed</Weighting>
          <quays>
            <Quay modification="new" version="10129" id="VTR:Quay:10129">
              <Centroid>
                <Location>
                  <Longitude>21.934045</Longitude>
                  <Latitude>55.175272</Latitude>
                </Location>
              </Centroid>
            </Quay>
          </quays>
        </StopPlace>
        <StopPlace created="2015-05-25T16:22:00" changed="2021-03-10T11:02:15" modification="revise" version="10190" id="VTR:StopPlaceElement:10190">
          <ValidBetween>
            <FromDate>2021-03-10T11:02:15</FromDate>
          </ValidBetween>
          <keyList>
            <KeyValue>
              <Key>DATA_SOURCE_TYPE</Key>
              <Value>LAKIS</Value>
            </KeyValue>
          </keyList>
          <Name lang="lt">Mociškiai</Name>
          <Centroid>
            <Location>
              <Longitude>22.181457</Longitude>
              <Latitude>55.10312</Latitude>
            </Location>
          </Centroid>
          <TransportMode>bus</TransportMode>
          <StopPlaceType>onstreetBus</StopPlaceType>
          <Weighting>interchangeAllowed</Weighting>
          <quays>
            <Quay modification="new" version="10190" id="VTR:Quay:10190">
              <Centroid>
                <Location>
                  <Longitude>22.181457</Longitude>
                  <Latitude>55.10312</Latitude>
                </Location>
              </Centroid>
            </Quay>
          </quays>
        </StopPlace>
        <StopPlace created="2015-05-25T16:22:04" changed="2018-01-31T02:15:47" modification="revise" version="10194" id="VTR:StopPlaceElement:10194">
          <ValidBetween>
            <FromDate>2018-01-31T02:15:47</FromDate>
          </ValidBetween>
          <keyList>
            <KeyValue>
              <Key>DATA_SOURCE_TYPE</Key>
              <Value>LAKIS</Value>
            </KeyValue>
          </keyList>
          <Name lang="lt">Gudai 1</Name>
          <Centroid>
            <Location>
              <Longitude>21.938878</Longitude>
              <Latitude>55.16016</Latitude>
            </Location>
          </Centroid>
          <TransportMode>bus</TransportMode>
          <StopPlaceType>onstreetBus</StopPlaceType>
          <Weighting>interchangeAllowed</Weighting>
          <quays>
            <Quay modification="new" version="10194" id="VTR:Quay:10194">
              <Centroid>
                <Location>
                  <Longitude>21.938878</Longitude>
                  <Latitude>55.16016</Latitude>
                </Location>
              </Centroid>
            </Quay>
          </quays>
        </StopPlace>
        <StopPlace created="2015-05-25T16:22:04" changed="2021-03-10T11:02:09" modification="revise" version="10195" id="VTR:StopPlaceElement:10195">
          <ValidBetween>
            <FromDate>2021-03-10T11:02:09</FromDate>
          </ValidBetween>
          <keyList>
            <KeyValue>
              <Key>DATA_SOURCE_TYPE</Key>
              <Value>LAKIS</Value>
            </KeyValue>
          </keyList>
          <Name lang="lt">Lumpėnai</Name>
          <Centroid>
            <Location>
              <Longitude>22.033837</Longitude>
              <Latitude>55.107798</Latitude>
            </Location>
          </Centroid>
          <TransportMode>bus</TransportMode>
          <StopPlaceType>onstreetBus</StopPlaceType>
          <Weighting>interchangeAllowed</Weighting>
          <quays>
            <Quay modification="new" version="10195" id="VTR:Quay:10195">
              <Centroid>
                <Location>
                  <Longitude>22.033837</Longitude>
                  <Latitude>55.107798</Latitude>
                </Location>
              </Centroid>
            </Quay>
          </quays>
        </StopPlace>
        <StopPlace created="2015-05-25T16:22:13" changed="2021-03-10T11:01:45" modification="revise" version="10205" id="VTR:StopPlaceElement:10205">
          <ValidBetween>
            <FromDate>2021-03-10T11:01:45</FromDate>
          </ValidBetween>
          <keyList>
            <KeyValue>
              <Key>DATA_SOURCE_TYPE</Key>
              <Value>LAKIS</Value>
            </KeyValue>
          </keyList>
          <Name lang="lt">Mikytai</Name>
          <Centroid>
            <Location>
              <Longitude>21.949347</Longitude>
              <Latitude>55.122525</Latitude>
            </Location>
          </Centroid>
          <TransportMode>bus</TransportMode>
          <StopPlaceType>onstreetBus</StopPlaceType>
          <Weighting>interchangeAllowed</Weighting>
          <quays>
            <Quay modification="new" version="10205" id="VTR:Quay:10205">
              <Centroid>
                <Location>
                  <Longitude>21.949347</Longitude>
                  <Latitude>55.122525</Latitude>
                </Location>
              </Centroid>
            </Quay>
          </quays>
        </StopPlace>
        <StopPlace created="2015-05-25T16:28:22" changed="2018-12-01T02:16:49" modification="revise" version="10634" id="VTR:StopPlaceElement:10634">
          <ValidBetween>
            <FromDate>2018-12-01T02:16:49</FromDate>
          </ValidBetween>
          <keyList>
            <KeyValue>
              <Key>DATA_SOURCE_TYPE</Key>
              <Value>LAKIS</Value>
            </KeyValue>
          </keyList>
          <Name lang="lt">Mikytai</Name>
          <Centroid>
            <Location>
              <Longitude>21.950784</Longitude>
              <Latitude>55.123648</Latitude>
            </Location>
          </Centroid>
          <TransportMode>bus</TransportMode>
          <StopPlaceType>onstreetBus</StopPlaceType>
          <Weighting>interchangeAllowed</Weighting>
          <quays>
            <Quay modification="new" version="10634" id="VTR:Quay:10634">
              <Centroid>
                <Location>
                  <Longitude>21.950784</Longitude>
                  <Latitude>55.123648</Latitude>
                </Location>
              </Centroid>
            </Quay>
          </quays>
        </StopPlace>
        <StopPlace created="2015-05-25T16:34:55" changed="2018-12-01T02:17:01" modification="revise" version="11068" id="VTR:StopPlaceElement:11068">
          <ValidBetween>
            <FromDate>2018-12-01T02:17:01</FromDate>
          </ValidBetween>
          <keyList>
            <KeyValue>
              <Key>DATA_SOURCE_TYPE</Key>
              <Value>LAKIS</Value>
            </KeyValue>
          </keyList>
          <Name lang="lt">Stripeikiai</Name>
          <Centroid>
            <Location>
              <Longitude>22.052162</Longitude>
              <Latitude>55.169442</Latitude>
            </Location>
          </Centroid>
          <TransportMode>bus</TransportMode>
          <StopPlaceType>onstreetBus</StopPlaceType>
          <Weighting>interchangeAllowed</Weighting>
          <quays>
            <Quay modification="new" version="11068" id="VTR:Quay:11068">
              <Centroid>
                <Location>
                  <Longitude>22.052162</Longitude>
                  <Latitude>55.169442</Latitude>
                </Location>
              </Centroid>
            </Quay>
          </quays>
        </StopPlace>
        <StopPlace created="2015-05-25T16:36:34" changed="2019-01-04T02:16:12" modification="revise" version="11171" id="VTR:StopPlaceElement:11171">
          <ValidBetween>
            <FromDate>2019-01-04T02:16:12</FromDate>
          </ValidBetween>
          <keyList>
            <KeyValue>
              <Key>DATA_SOURCE_TYPE</Key>
              <Value>LAKIS</Value>
            </KeyValue>
          </keyList>
          <Name lang="lt">Žukai</Name>
          <Centroid>
            <Location>
              <Longitude>22.259057</Longitude>
              <Latitude>55.115378</Latitude>
            </Location>
          </Centroid>
          <TransportMode>bus</TransportMode>
          <StopPlaceType>onstreetBus</StopPlaceType>
          <Weighting>interchangeAllowed</Weighting>
          <quays>
            <Quay modification="new" version="11171" id="VTR:Quay:11171">
              <Centroid>
                <Location>
                  <Longitude>22.259057</Longitude>
                  <Latitude>55.115378</Latitude>
                </Location>
              </Centroid>
            </Quay>
          </quays>
        </StopPlace>
        <StopPlace created="2015-05-25T16:36:56" changed="2018-01-31T02:15:46" modification="revise" version="11195" id="VTR:StopPlaceElement:11195">
          <ValidBetween>
            <FromDate>2018-01-31T02:15:46</FromDate>
          </ValidBetween>
          <keyList>
            <KeyValue>
              <Key>DATA_SOURCE_TYPE</Key>
              <Value>LAKIS</Value>
            </KeyValue>
          </keyList>
          <Name lang="lt">Montvilaičiai</Name>
          <Centroid>
            <Location>
              <Longitude>21.939582</Longitude>
              <Latitude>55.194282</Latitude>
            </Location>
          </Centroid>
          <TransportMode>bus</TransportMode>
          <StopPlaceType>onstreetBus</StopPlaceType>
          <Weighting>interchangeAllowed</Weighting>
          <quays>
            <Quay modification="new" version="11195" id="VTR:Quay:11195">
              <Centroid>
                <Location>
                  <Longitude>21.939582</Longitude>
                  <Latitude>55.194282</Latitude>
                </Location>
              </Centroid>
            </Quay>
          </quays>
        </StopPlace>
        <StopPlace created="2015-05-25T17:11:32" changed="2018-12-01T02:15:35" modification="revise" version="13191" id="VTR:StopPlaceElement:13191">
          <ValidBetween>
            <FromDate>2018-12-01T02:15:35</FromDate>
          </ValidBetween>
          <keyList>
            <KeyValue>
              <Key>DATA_SOURCE_TYPE</Key>
              <Value>LAKIS</Value>
            </KeyValue>
          </keyList>
          <Name lang="lt">Požerūnai</Name>
          <Centroid>
            <Location>
              <Longitude>22.19586</Longitude>
              <Latitude>55.223948</Latitude>
            </Location>
          </Centroid>
          <TransportMode>bus</TransportMode>
          <StopPlaceType>onstreetBus</StopPlaceType>
          <Weighting>interchangeAllowed</Weighting>
          <quays>
            <Quay modification="new" version="13191" id="VTR:Quay:13191">
              <Centroid>
                <Location>
                  <Longitude>22.19586</Longitude>
                  <Latitude>55.223948</Latitude>
                </Location>
              </Centroid>
            </Quay>
          </quays>
        </StopPlace>
        <StopPlace created="2015-05-25T17:11:49" changed="2021-03-10T11:02:20" modification="revise" version="13207" id="VTR:StopPlaceElement:13207">
          <ValidBetween>
            <FromDate>2021-03-10T11:02:19</FromDate>
          </ValidBetween>
          <keyList>
            <KeyValue>
              <Key>DATA_SOURCE_TYPE</Key>
              <Value>LAKIS</Value>
            </KeyValue>
          </keyList>
          <Name lang="lt">Mikytai</Name>
          <Centroid>
            <Location>
              <Longitude>21.951966</Longitude>
              <Latitude>55.122458</Latitude>
            </Location>
          </Centroid>
          <TransportMode>bus</TransportMode>
          <StopPlaceType>onstreetBus</StopPlaceType>
          <Weighting>interchangeAllowed</Weighting>
          <quays>
            <Quay modification="new" version="13207" id="VTR:Quay:13207">
              <Centroid>
                <Location>
                  <Longitude>21.951966</Longitude>
                  <Latitude>55.122458</Latitude>
                </Location>
              </Centroid>
            </Quay>
          </quays>
        </StopPlace>
        <StopPlace created="2015-05-25T17:12:09" changed="2021-03-10T11:02:18" modification="revise" version="13225" id="VTR:StopPlaceElement:13225">
          <ValidBetween>
            <FromDate>2021-03-10T11:02:18</FromDate>
          </ValidBetween>
          <keyList>
            <KeyValue>
              <Key>DATA_SOURCE_TYPE</Key>
              <Value>LAKIS</Value>
            </KeyValue>
          </keyList>
          <Name lang="lt">Vilkyškiai</Name>
          <Centroid>
            <Location>
              <Longitude>22.139145</Longitude>
              <Latitude>55.119791</Latitude>
            </Location>
          </Centroid>
          <TransportMode>bus</TransportMode>
          <StopPlaceType>onstreetBus</StopPlaceType>
          <Weighting>interchangeAllowed</Weighting>
          <quays>
            <Quay modification="new" version="13225" id="VTR:Quay:13225">
              <Centroid>
                <Location>
                  <Longitude>22.139145</Longitude>
                  <Latitude>55.119791</Latitude>
                </Location>
              </Centroid>
            </Quay>
          </quays>
        </StopPlace>
        <StopPlace created="2015-05-25T17:12:13" changed="2018-12-01T02:15:36" modification="revise" version="13228" id="VTR:StopPlaceElement:13228">
          <ValidBetween>
            <FromDate>2018-12-01T02:15:36</FromDate>
          </ValidBetween>
          <keyList>
            <KeyValue>
              <Key>DATA_SOURCE_TYPE</Key>
              <Value>LAKIS</Value>
            </KeyValue>
          </keyList>
          <Name lang="lt">Šakininkai</Name>
          <Centroid>
            <Location>
              <Longitude>21.938587</Longitude>
              <Latitude>55.11137</Latitude>
            </Location>
          </Centroid>
          <TransportMode>bus</TransportMode>
          <StopPlaceType>onstreetBus</StopPlaceType>
          <Weighting>interchangeAllowed</Weighting>
          <quays>
            <Quay modification="new" version="13228" id="VTR:Quay:13228">
              <Centroid>
                <Location>
                  <Longitude>21.938587</Longitude>
                  <Latitude>55.11137</Latitude>
                </Location>
              </Centroid>
            </Quay>
          </quays>
        </StopPlace>
        <StopPlace created="2015-05-25T17:12:23" changed="2018-12-01T02:15:50" modification="revise" version="13238" id="VTR:StopPlaceElement:13238">
          <ValidBetween>
            <FromDate>2018-12-01T02:15:50</FromDate>
          </ValidBetween>
          <keyList>
            <KeyValue>
              <Key>DATA_SOURCE_TYPE</Key>
              <Value>LAKIS</Value>
            </KeyValue>
          </keyList>
          <Name lang="lt">Vidgiriai</Name>
          <Centroid>
            <Location>
              <Longitude>22.028218</Longitude>
              <Latitude>55.159938</Latitude>
            </Location>
          </Centroid>
          <TransportMode>bus</TransportMode>
          <StopPlaceType>onstreetBus</StopPlaceType>
          <Weighting>interchangeAllowed</Weighting>
          <quays>
            <Quay modification="new" version="13238" id="VTR:Quay:13238">
              <Centroid>
                <Location>
                  <Longitude>22.028218</Longitude>
                  <Latitude>55.159938</Latitude>
                </Location>
              </Centroid>
            </Quay>
          </quays>
        </StopPlace>
        <StopPlace created="2015-05-25T17:19:03" changed="2018-12-01T02:15:37" modification="revise" version="13590" id="VTR:StopPlaceElement:13590">
          <ValidBetween>
            <FromDate>2018-12-01T02:15:37</FromDate>
          </ValidBetween>
          <keyList>
            <KeyValue>
              <Key>DATA_SOURCE_TYPE</Key>
              <Value>LAKIS</Value>
            </KeyValue>
          </keyList>
          <Name lang="lt">Griežpelkiai II</Name>
          <Centroid>
            <Location>
              <Longitude>22.08018</Longitude>
              <Latitude>55.179151</Latitude>
            </Location>
          </Centroid>
          <TransportMode>bus</TransportMode>
          <StopPlaceType>onstreetBus</StopPlaceType>
          <Weighting>interchangeAllowed</Weighting>
          <quays>
            <Quay modification="new" version="13590" id="VTR:Quay:13590">
              <Centroid>
                <Location>
                  <Longitude>22.08018</Longitude>
                  <Latitude>55.179151</Latitude>
                </Location>
              </Centroid>
            </Quay>
          </quays>
        </StopPlace>
        <StopPlace created="2015-05-25T17:27:51" changed="2019-01-04T02:17:01" modification="revise" version="14042" id="VTR:StopPlaceElement:14042">
          <ValidBetween>
            <FromDate>2019-01-04T02:17:01</FromDate>
          </ValidBetween>
          <keyList>
            <KeyValue>
              <Key>DATA_SOURCE_TYPE</Key>
              <Value>LAKIS</Value>
            </KeyValue>
          </keyList>
          <Name lang="lt">Kangaliai</Name>
          <Centroid>
            <Location>
              <Longitude>22.283624</Longitude>
              <Latitude>55.211372</Latitude>
            </Location>
          </Centroid>
          <TransportMode>bus</TransportMode>
          <StopPlaceType>onstreetBus</StopPlaceType>
          <Weighting>interchangeAllowed</Weighting>
          <quays>
            <Quay modification="new" version="14042" id="VTR:Quay:14042">
              <Centroid>
                <Location>
                  <Longitude>22.283624</Longitude>
                  <Latitude>55.211372</Latitude>
                </Location>
              </Centroid>
            </Quay>
          </quays>
        </StopPlace>
        <StopPlace created="2015-05-25T17:29:41" changed="2019-01-04T02:17:11" modification="revise" version="14135" id="VTR:StopPlaceElement:14135">
          <ValidBetween>
            <FromDate>2019-01-04T02:17:11</FromDate>
          </ValidBetween>
          <keyList>
            <KeyValue>
              <Key>DATA_SOURCE_TYPE</Key>
              <Value>LAKIS</Value>
            </KeyValue>
          </keyList>
          <Name lang="lt">Dacijonai</Name>
          <Centroid>
            <Location>
              <Longitude>22.287362</Longitude>
              <Latitude>55.224555</Latitude>
            </Location>
          </Centroid>
          <TransportMode>bus</TransportMode>
          <StopPlaceType>onstreetBus</StopPlaceType>
          <Weighting>interchangeAllowed</Weighting>
          <quays>
            <Quay modification="new" version="14135" id="VTR:Quay:14135">
              <Centroid>
                <Location>
                  <Longitude>22.287362</Longitude>
                  <Latitude>55.224555</Latitude>
                </Location>
              </Centroid>
            </Quay>
          </quays>
        </StopPlace>
        <StopPlace created="2015-05-25T17:30:00" changed="2018-12-01T02:17:22" modification="revise" version="14151" id="VTR:StopPlaceElement:14151">
          <ValidBetween>
            <FromDate>2018-12-01T02:17:22</FromDate>
          </ValidBetween>
          <keyList>
            <KeyValue>
              <Key>DATA_SOURCE_TYPE</Key>
              <Value>LAKIS</Value>
            </KeyValue>
          </keyList>
          <Name lang="lt">Šakininkai</Name>
          <Centroid>
            <Location>
              <Longitude>21.939654</Longitude>
              <Latitude>55.112232</Latitude>
            </Location>
          </Centroid>
          <TransportMode>bus</TransportMode>
          <StopPlaceType>onstreetBus</StopPlaceType>
          <Weighting>interchangeAllowed</Weighting>
          <quays>
            <Quay modification="new" version="14151" id="VTR:Quay:14151">
              <Centroid>
                <Location>
                  <Longitude>21.939654</Longitude>
                  <Latitude>55.112232</Latitude>
                </Location>
              </Centroid>
            </Quay>
          </quays>
        </StopPlace>
        <StopPlace created="2015-05-25T17:30:01" changed="2018-01-31T02:15:51" modification="revise" version="14152" id="VTR:StopPlaceElement:14152">
          <ValidBetween>
            <FromDate>2018-01-31T02:15:50</FromDate>
          </ValidBetween>
          <keyList>
            <KeyValue>
              <Key>DATA_SOURCE_TYPE</Key>
              <Value>LAKIS</Value>
            </KeyValue>
          </keyList>
          <Name lang="lt">Eisraviškiai</Name>
          <Centroid>
            <Location>
              <Longitude>21.94573</Longitude>
              <Latitude>55.20779</Latitude>
            </Location>
          </Centroid>
          <TransportMode>bus</TransportMode>
          <StopPlaceType>onstreetBus</StopPlaceType>
          <Weighting>interchangeAllowed</Weighting>
          <quays>
            <Quay modification="new" version="14152" id="VTR:Quay:14152">
              <Centroid>
                <Location>
                  <Longitude>21.94573</Longitude>
                  <Latitude>55.20779</Latitude>
                </Location>
              </Centroid>
            </Quay>
          </quays>
        </StopPlace>
        <StopPlace created="2015-05-25T17:30:29" changed="2018-01-31T02:15:50" modification="revise" version="14176" id="VTR:StopPlaceElement:14176">
          <ValidBetween>
            <FromDate>2018-01-31T02:15:50</FromDate>
          </ValidBetween>
          <keyList>
            <KeyValue>
              <Key>DATA_SOURCE_TYPE</Key>
              <Value>LAKIS</Value>
            </KeyValue>
          </keyList>
          <Name lang="lt">Eisraviškiai</Name>
          <Centroid>
            <Location>
              <Longitude>21.945631</Longitude>
              <Latitude>55.207298</Latitude>
            </Location>
          </Centroid>
          <TransportMode>bus</TransportMode>
          <StopPlaceType>onstreetBus</StopPlaceType>
          <Weighting>interchangeAllowed</Weighting>
          <quays>
            <Quay modification="new" version="14176" id="VTR:Quay:14176">
              <Centroid>
                <Location>
                  <Longitude>21.945631</Longitude>
                  <Latitude>55.207298</Latitude>
                </Location>
              </Centroid>
            </Quay>
          </quays>
        </StopPlace>
        <StopPlace created="2015-05-25T17:30:37" changed="2021-09-30T02:15:45" modification="revise" version="14183" id="VTR:StopPlaceElement:14183">
          <ValidBetween>
            <FromDate>2021-09-30T02:15:45</FromDate>
          </ValidBetween>
          <keyList>
            <KeyValue>
              <Key>DATA_SOURCE_TYPE</Key>
              <Value>LAKIS</Value>
            </KeyValue>
          </keyList>
          <Name lang="lt">Trakininkai</Name>
          <Centroid>
            <Location>
              <Longitude>21.99144</Longitude>
              <Latitude>55.116687</Latitude>
            </Location>
          </Centroid>
          <TransportMode>bus</TransportMode>
          <StopPlaceType>onstreetBus</StopPlaceType>
          <Weighting>interchangeAllowed</Weighting>
          <quays>
            <Quay modification="new" version="14183" id="VTR:Quay:14183">
              <Centroid>
                <Location>
                  <Longitude>21.99144</Longitude>
                  <Latitude>55.116687</Latitude>
                </Location>
              </Centroid>
            </Quay>
          </quays>
        </StopPlace>
        <StopPlace created="2015-05-25T17:30:40" changed="2018-12-01T02:15:37" modification="revise" version="14185" id="VTR:StopPlaceElement:14185">
          <ValidBetween>
            <FromDate>2018-12-01T02:15:37</FromDate>
          </ValidBetween>
          <keyList>
            <KeyValue>
              <Key>DATA_SOURCE_TYPE</Key>
              <Value>LAKIS</Value>
            </KeyValue>
          </keyList>
          <Name lang="lt">Vidgiriai</Name>
          <Centroid>
            <Location>
              <Longitude>22.027676</Longitude>
              <Latitude>55.15986</Latitude>
            </Location>
          </Centroid>
          <TransportMode>bus</TransportMode>
          <StopPlaceType>onstreetBus</StopPlaceType>
          <Weighting>interchangeAllowed</Weighting>
          <quays>
            <Quay modification="new" version="14185" id="VTR:Quay:14185">
              <Centroid>
                <Location>
                  <Longitude>22.027676</Longitude>
                  <Latitude>55.15986</Latitude>
                </Location>
              </Centroid>
            </Quay>
          </quays>
        </StopPlace>
        <StopPlace created="2015-05-25T17:30:52" changed="2021-12-01T02:15:27" modification="revise" version="14194" id="VTR:StopPlaceElement:14194">
          <ValidBetween>
            <FromDate>2021-12-01T02:15:27</FromDate>
          </ValidBetween>
          <keyList>
            <KeyValue>
              <Key>DATA_SOURCE_TYPE</Key>
              <Value>LAKIS</Value>
            </KeyValue>
          </keyList>
          <Name lang="lt">Taurai</Name>
          <Centroid>
            <Location>
              <Longitude>22.251998</Longitude>
              <Latitude>55.242661</Latitude>
            </Location>
          </Centroid>
          <TransportMode>bus</TransportMode>
          <StopPlaceType>onstreetBus</StopPlaceType>
          <Weighting>interchangeAllowed</Weighting>
          <quays>
            <Quay modification="new" version="14194" id="VTR:Quay:14194">
              <Centroid>
                <Location>
                  <Longitude>22.251998</Longitude>
                  <Latitude>55.242661</Latitude>
                </Location>
              </Centroid>
            </Quay>
          </quays>
        </StopPlace>
        <StopPlace created="2015-05-25T17:31:01" changed="2018-12-01T02:15:38" modification="revise" version="14202" id="VTR:StopPlaceElement:14202">
          <ValidBetween>
            <FromDate>2018-12-01T02:15:38</FromDate>
          </ValidBetween>
          <keyList>
            <KeyValue>
              <Key>DATA_SOURCE_TYPE</Key>
              <Value>LAKIS</Value>
            </KeyValue>
          </keyList>
          <Name lang="lt">Piktupėnai</Name>
          <Centroid>
            <Location>
              <Longitude>21.982812</Longitude>
              <Latitude>55.150951</Latitude>
            </Location>
          </Centroid>
          <TransportMode>bus</TransportMode>
          <StopPlaceType>onstreetBus</StopPlaceType>
          <Weighting>interchangeAllowed</Weighting>
          <quays>
            <Quay modification="new" version="14202" id="VTR:Quay:14202">
              <Centroid>
                <Location>
                  <Longitude>21.982812</Longitude>
                  <Latitude>55.150951</Latitude>
                </Location>
              </Centroid>
            </Quay>
          </quays>
        </StopPlace>
        <StopPlace created="2015-05-25T17:52:35" changed="2019-01-04T02:17:02" modification="revise" version="15240" id="VTR:StopPlaceElement:15240">
          <ValidBetween>
            <FromDate>2019-01-04T02:17:02</FromDate>
          </ValidBetween>
          <keyList>
            <KeyValue>
              <Key>DATA_SOURCE_TYPE</Key>
              <Value>LAKIS</Value>
            </KeyValue>
          </keyList>
          <Name lang="lt">Rūgaliai</Name>
          <Centroid>
            <Location>
              <Longitude>22.283697</Longitude>
              <Latitude>55.20645</Latitude>
            </Location>
          </Centroid>
          <TransportMode>bus</TransportMode>
          <StopPlaceType>onstreetBus</StopPlaceType>
          <Weighting>interchangeAllowed</Weighting>
          <quays>
            <Quay modification="new" version="15240" id="VTR:Quay:15240">
              <Centroid>
                <Location>
                  <Longitude>22.283697</Longitude>
                  <Latitude>55.20645</Latitude>
                </Location>
              </Centroid>
            </Quay>
          </quays>
        </StopPlace>
        <StopPlace created="2015-05-25T17:52:46" changed="2021-09-30T02:15:26" modification="revise" version="15249" id="VTR:StopPlaceElement:15249">
          <ValidBetween>
            <FromDate>2021-09-30T02:15:25</FromDate>
          </ValidBetween>
          <keyList>
            <KeyValue>
              <Key>DATA_SOURCE_TYPE</Key>
              <Value>LAKIS</Value>
            </KeyValue>
          </keyList>
          <Name lang="lt">Trakininkai</Name>
          <Centroid>
            <Location>
              <Longitude>21.990611</Longitude>
              <Latitude>55.117158</Latitude>
            </Location>
          </Centroid>
          <TransportMode>bus</TransportMode>
          <StopPlaceType>onstreetBus</StopPlaceType>
          <Weighting>interchangeAllowed</Weighting>
          <quays>
            <Quay modification="new" version="15249" id="VTR:Quay:15249">
              <Centroid>
                <Location>
                  <Longitude>21.990611</Longitude>
                  <Latitude>55.117158</Latitude>
                </Location>
              </Centroid>
            </Quay>
          </quays>
        </StopPlace>
        <StopPlace created="2015-05-25T18:11:34" changed="2021-03-10T11:02:26" modification="revise" version="16088" id="VTR:StopPlaceElement:16088">
          <ValidBetween>
            <FromDate>2021-03-10T11:02:25</FromDate>
          </ValidBetween>
          <keyList>
            <KeyValue>
              <Key>DATA_SOURCE_TYPE</Key>
              <Value>LAKIS</Value>
            </KeyValue>
          </keyList>
          <Name lang="lt">Palumpiai</Name>
          <Centroid>
            <Location>
              <Longitude>22.063154</Longitude>
              <Latitude>55.111738</Latitude>
            </Location>
          </Centroid>
          <TransportMode>bus</TransportMode>
          <StopPlaceType>onstreetBus</StopPlaceType>
          <Weighting>interchangeAllowed</Weighting>
          <quays>
            <Quay modification="new" version="16088" id="VTR:Quay:16088">
              <Centroid>
                <Location>
                  <Longitude>22.063154</Longitude>
                  <Latitude>55.111738</Latitude>
                </Location>
              </Centroid>
            </Quay>
          </quays>
        </StopPlace>
        <StopPlace created="2015-05-25T18:13:05" changed="2018-12-01T02:17:26" modification="revise" version="16157" id="VTR:StopPlaceElement:16157">
          <ValidBetween>
            <FromDate>2018-12-01T02:17:26</FromDate>
          </ValidBetween>
          <keyList>
            <KeyValue>
              <Key>DATA_SOURCE_TYPE</Key>
              <Value>LAKIS</Value>
            </KeyValue>
          </keyList>
          <Name lang="lt">Lauksargiai</Name>
          <Centroid>
            <Location>
              <Longitude>22.167104</Longitude>
              <Latitude>55.210645</Latitude>
            </Location>
          </Centroid>
          <TransportMode>bus</TransportMode>
          <StopPlaceType>onstreetBus</StopPlaceType>
          <Weighting>interchangeAllowed</Weighting>
          <quays>
            <Quay modification="new" version="16157" id="VTR:Quay:16157">
              <Centroid>
                <Location>
                  <Longitude>22.167104</Longitude>
                  <Latitude>55.210645</Latitude>
                </Location>
              </Centroid>
            </Quay>
          </quays>
        </StopPlace>
        <StopPlace created="2015-05-25T18:13:15" changed="2018-12-01T02:17:27" modification="revise" version="16165" id="VTR:StopPlaceElement:16165">
          <ValidBetween>
            <FromDate>2018-12-01T02:17:27</FromDate>
          </ValidBetween>
          <keyList>
            <KeyValue>
              <Key>DATA_SOURCE_TYPE</Key>
              <Value>LAKIS</Value>
            </KeyValue>
          </keyList>
          <Name lang="lt">Stripeikiai</Name>
          <Centroid>
            <Location>
              <Longitude>22.053174</Longitude>
              <Latitude>55.169696</Latitude>
            </Location>
          </Centroid>
          <TransportMode>bus</TransportMode>
          <StopPlaceType>onstreetBus</StopPlaceType>
          <Weighting>interchangeAllowed</Weighting>
          <quays>
            <Quay modification="new" version="16165" id="VTR:Quay:16165">
              <Centroid>
                <Location>
                  <Longitude>22.053174</Longitude>
                  <Latitude>55.169696</Latitude>
                </Location>
              </Centroid>
            </Quay>
          </quays>
        </StopPlace>
        <StopPlace created="2015-05-25T18:13:17" changed="2018-12-01T02:15:39" modification="revise" version="16166" id="VTR:StopPlaceElement:16166">
          <ValidBetween>
            <FromDate>2018-12-01T02:15:39</FromDate>
          </ValidBetween>
          <keyList>
            <KeyValue>
              <Key>DATA_SOURCE_TYPE</Key>
              <Value>LAKIS</Value>
            </KeyValue>
          </keyList>
          <Name lang="lt">Panemunė</Name>
          <Centroid>
            <Location>
              <Longitude>21.91259</Longitude>
              <Latitude>55.088683</Latitude>
            </Location>
          </Centroid>
          <TransportMode>bus</TransportMode>
          <StopPlaceType>onstreetBus</StopPlaceType>
          <Weighting>interchangeAllowed</Weighting>
          <quays>
            <Quay modification="new" version="16166" id="VTR:Quay:16166">
              <Centroid>
                <Location>
                  <Longitude>21.91259</Longitude>
                  <Latitude>55.088683</Latitude>
                </Location>
              </Centroid>
            </Quay>
          </quays>
        </StopPlace>
        <StopPlace created="2015-05-25T18:13:19" changed="2018-01-31T02:15:52" modification="revise" version="16168" id="VTR:StopPlaceElement:16168">
          <ValidBetween>
            <FromDate>2018-01-31T02:15:52</FromDate>
          </ValidBetween>
          <keyList>
            <KeyValue>
              <Key>DATA_SOURCE_TYPE</Key>
              <Value>LAKIS</Value>
            </KeyValue>
          </keyList>
          <Name lang="lt">Natkiškiai</Name>
          <Centroid>
            <Location>
              <Longitude>21.946554</Longitude>
              <Latitude>55.233225</Latitude>
            </Location>
          </Centroid>
          <TransportMode>bus</TransportMode>
          <StopPlaceType>onstreetBus</StopPlaceType>
          <Weighting>interchangeAllowed</Weighting>
          <quays>
            <Quay modification="new" version="16168" id="VTR:Quay:16168">
              <Centroid>
                <Location>
                  <Longitude>21.946554</Longitude>
                  <Latitude>55.233225</Latitude>
                </Location>
              </Centroid>
            </Quay>
          </quays>
        </StopPlace>
        <StopPlace created="2015-05-25T18:13:27" changed="2018-12-01T02:15:40" modification="revise" version="16174" id="VTR:StopPlaceElement:16174">
          <ValidBetween>
            <FromDate>2018-12-01T02:15:40</FromDate>
          </ValidBetween>
          <keyList>
            <KeyValue>
              <Key>DATA_SOURCE_TYPE</Key>
              <Value>LAKIS</Value>
            </KeyValue>
          </keyList>
          <Name lang="lt">Medikviršiai</Name>
          <Centroid>
            <Location>
              <Longitude>22.210788</Longitude>
              <Latitude>55.230905</Latitude>
            </Location>
          </Centroid>
          <TransportMode>bus</TransportMode>
          <StopPlaceType>onstreetBus</StopPlaceType>
          <Weighting>interchangeAllowed</Weighting>
          <quays>
            <Quay modification="new" version="16174" id="VTR:Quay:16174">
              <Centroid>
                <Location>
                  <Longitude>22.210788</Longitude>
                  <Latitude>55.230905</Latitude>
                </Location>
              </Centroid>
            </Quay>
          </quays>
        </StopPlace>
        <StopPlace created="2015-06-05T17:44:59" changed="2019-01-02T14:51:57" modification="revise" version="19490" id="VTR:StopPlaceElement:19474">
          <ValidBetween>
            <FromDate>2019-01-02T14:51:57</FromDate>
          </ValidBetween>
          <keyList>
            <KeyValue>
              <Key>DATA_SOURCE_TYPE</Key>
              <Value>LAKIS</Value>
            </KeyValue>
          </keyList>
          <Name lang="lt">Tauragės autobusų stotis</Name>
          <Centroid>
            <Location>
              <Longitude>22.291894</Longitude>
              <Latitude>55.255769</Latitude>
            </Location>
          </Centroid>
          <TransportMode>bus</TransportMode>
          <StopPlaceType>busStation</StopPlaceType>
          <Weighting>interchangeAllowed</Weighting>
          <quays>
            <Quay modification="revise" version="19490" id="VTR:Quay:19474">
              <Centroid>
                <Location>
                  <Longitude>22.291894</Longitude>
                  <Latitude>55.255769</Latitude>
                </Location>
              </Centroid>
            </Quay>
          </quays>
        </StopPlace>
        <StopPlace created="2015-09-16T18:47:08" changed="2018-01-29T08:42:19" modification="revise" version="23034" id="VTR:StopPlaceElement:23034">
          <ValidBetween>
            <FromDate>2018-01-29T08:42:19</FromDate>
          </ValidBetween>
          <keyList>
            <KeyValue>
              <Key>DATA_SOURCE_TYPE</Key>
              <Value>GTFS</Value>
            </KeyValue>
          </keyList>
          <Name lang="lt">Panemunė</Name>
          <Centroid>
            <Location>
              <Longitude>21.91231</Longitude>
              <Latitude>55.08849</Latitude>
            </Location>
          </Centroid>
          <TransportMode>bus</TransportMode>
          <StopPlaceType>onstreetBus</StopPlaceType>
          <Weighting>interchangeAllowed</Weighting>
          <quays>
            <Quay modification="new" version="23034" id="VTR:Quay:23034">
              <Centroid>
                <Location>
                  <Longitude>21.91231</Longitude>
                  <Latitude>55.08849</Latitude>
                </Location>
              </Centroid>
            </Quay>
          </quays>
        </StopPlace>
        <StopPlace created="2015-09-16T18:47:08" changed="2018-01-29T08:42:19" modification="revise" version="23035" id="VTR:StopPlaceElement:23035">
          <ValidBetween>
            <FromDate>2018-01-29T08:42:19</FromDate>
          </ValidBetween>
          <keyList>
            <KeyValue>
              <Key>DATA_SOURCE_TYPE</Key>
              <Value>GTFS</Value>
            </KeyValue>
          </keyList>
          <Name lang="lt">Pagėgiai</Name>
          <Centroid>
            <Location>
              <Longitude>21.9154</Longitude>
              <Latitude>55.13078</Latitude>
            </Location>
          </Centroid>
          <TransportMode>bus</TransportMode>
          <StopPlaceType>onstreetBus</StopPlaceType>
          <Weighting>interchangeAllowed</Weighting>
          <quays>
            <Quay modification="new" version="23035" id="VTR:Quay:23035">
              <Centroid>
                <Location>
                  <Longitude>21.9154</Longitude>
                  <Latitude>55.13078</Latitude>
                </Location>
              </Centroid>
            </Quay>
          </quays>
        </StopPlace>
        <StopPlace created="2015-09-16T18:47:11" changed="2018-01-29T08:42:19" modification="revise" version="23042" id="VTR:StopPlaceElement:23042">
          <ValidBetween>
            <FromDate>2018-01-29T08:42:19</FromDate>
          </ValidBetween>
          <keyList>
            <KeyValue>
              <Key>DATA_SOURCE_TYPE</Key>
              <Value>GTFS</Value>
            </KeyValue>
          </keyList>
          <Name lang="lt">Mikytai</Name>
          <Centroid>
            <Location>
              <Longitude>21.94939</Longitude>
              <Latitude>55.12251</Latitude>
            </Location>
          </Centroid>
          <TransportMode>bus</TransportMode>
          <StopPlaceType>onstreetBus</StopPlaceType>
          <Weighting>interchangeAllowed</Weighting>
          <quays>
            <Quay modification="new" version="23042" id="VTR:Quay:23042">
              <Centroid>
                <Location>
                  <Longitude>21.94939</Longitude>
                  <Latitude>55.12251</Latitude>
                </Location>
              </Centroid>
            </Quay>
          </quays>
        </StopPlace>
        <StopPlace created="2015-09-16T19:46:44" changed="2015-09-17T22:00:27" modification="revise" version="23492" id="VTR:StopPlaceElement:23492">
          <ValidBetween>
            <FromDate>2015-09-17T22:00:27</FromDate>
          </ValidBetween>
          <keyList>
            <KeyValue>
              <Key>DATA_SOURCE_TYPE</Key>
              <Value>VINTRA</Value>
            </KeyValue>
          </keyList>
          <Name lang="lt">Pagenaičiai</Name>
          <Centroid>
            <Location>
              <Longitude>22.26825</Longitude>
              <Latitude>55.130095</Latitude>
            </Location>
          </Centroid>
          <TransportMode>bus</TransportMode>
          <StopPlaceType>onstreetBus</StopPlaceType>
          <Weighting>interchangeAllowed</Weighting>
          <quays>
            <Quay modification="new" version="23492" id="VTR:Quay:23492">
              <Centroid>
                <Location>
                  <Longitude>22.26825</Longitude>
                  <Latitude>55.130095</Latitude>
                </Location>
              </Centroid>
            </Quay>
          </quays>
        </StopPlace>
        <StopPlace created="2015-09-16T19:47:33" changed="2015-09-17T22:00:42" modification="revise" version="23493" id="VTR:StopPlaceElement:23493">
          <ValidBetween>
            <FromDate>2015-09-17T22:00:42</FromDate>
          </ValidBetween>
          <keyList>
            <KeyValue>
              <Key>DATA_SOURCE_TYPE</Key>
              <Value>VINTRA</Value>
            </KeyValue>
          </keyList>
          <Name lang="lt">Pagenaičiai</Name>
          <Centroid>
            <Location>
              <Longitude>22.26848</Longitude>
              <Latitude>55.130146</Latitude>
            </Location>
          </Centroid>
          <TransportMode>bus</TransportMode>
          <StopPlaceType>onstreetBus</StopPlaceType>
          <Weighting>interchangeAllowed</Weighting>
          <quays>
            <Quay modification="new" version="23493" id="VTR:Quay:23493">
              <Centroid>
                <Location>
                  <Longitude>22.26848</Longitude>
                  <Latitude>55.130146</Latitude>
                </Location>
              </Centroid>
            </Quay>
          </quays>
        </StopPlace>
        <StopPlace created="2015-09-16T19:48:56" changed="2015-09-17T22:00:27" modification="revise" version="23494" id="VTR:StopPlaceElement:23494">
          <ValidBetween>
            <FromDate>2015-09-17T22:00:27</FromDate>
          </ValidBetween>
          <keyList>
            <KeyValue>
              <Key>DATA_SOURCE_TYPE</Key>
              <Value>VINTRA</Value>
            </KeyValue>
          </keyList>
          <Name lang="lt">Auštgiriai</Name>
          <Centroid>
            <Location>
              <Longitude>22.273931</Longitude>
              <Latitude>55.14328</Latitude>
            </Location>
          </Centroid>
          <TransportMode>bus</TransportMode>
          <StopPlaceType>onstreetBus</StopPlaceType>
          <Weighting>interchangeAllowed</Weighting>
          <quays>
            <Quay modification="new" version="23494" id="VTR:Quay:23494">
              <Centroid>
                <Location>
                  <Longitude>22.273931</Longitude>
                  <Latitude>55.14328</Latitude>
                </Location>
              </Centroid>
            </Quay>
          </quays>
        </StopPlace>
        <StopPlace created="2015-09-16T19:49:56" changed="2015-09-17T22:00:42" modification="revise" version="23495" id="VTR:StopPlaceElement:23495">
          <ValidBetween>
            <FromDate>2015-09-17T22:00:42</FromDate>
          </ValidBetween>
          <keyList>
            <KeyValue>
              <Key>DATA_SOURCE_TYPE</Key>
              <Value>VINTRA</Value>
            </KeyValue>
          </keyList>
          <Name lang="lt">Auštgiriai</Name>
          <Centroid>
            <Location>
              <Longitude>22.273974</Longitude>
              <Latitude>55.143066</Latitude>
            </Location>
          </Centroid>
          <TransportMode>bus</TransportMode>
          <StopPlaceType>onstreetBus</StopPlaceType>
          <Weighting>interchangeAllowed</Weighting>
          <quays>
            <Quay modification="new" version="23495" id="VTR:Quay:23495">
              <Centroid>
                <Location>
                  <Longitude>22.273974</Longitude>
                  <Latitude>55.143066</Latitude>
                </Location>
              </Centroid>
            </Quay>
          </quays>
        </StopPlace>
        <StopPlace created="2015-09-16T19:52:59" changed="2015-09-17T21:59:54" modification="revise" version="23496" id="VTR:StopPlaceElement:23496">
          <ValidBetween>
            <FromDate>2015-09-17T21:59:54</FromDate>
          </ValidBetween>
          <keyList>
            <KeyValue>
              <Key>DATA_SOURCE_TYPE</Key>
              <Value>VINTRA</Value>
            </KeyValue>
          </keyList>
          <Name lang="lt">Pieteraičiai</Name>
          <Centroid>
            <Location>
              <Longitude>21.88485</Longitude>
              <Latitude>55.254861</Latitude>
            </Location>
          </Centroid>
          <TransportMode>bus</TransportMode>
          <StopPlaceType>onstreetBus</StopPlaceType>
          <Weighting>interchangeAllowed</Weighting>
          <quays>
            <Quay modification="new" version="23496" id="VTR:Quay:23496">
              <Centroid>
                <Location>
                  <Longitude>21.88485</Longitude>
                  <Latitude>55.254861</Latitude>
                </Location>
              </Centroid>
            </Quay>
          </quays>
        </StopPlace>
        <StopPlace created="2015-09-16T19:53:46" changed="2015-09-17T21:59:32" modification="revise" version="23497" id="VTR:StopPlaceElement:23497">
          <ValidBetween>
            <FromDate>2015-09-17T21:59:32</FromDate>
          </ValidBetween>
          <keyList>
            <KeyValue>
              <Key>DATA_SOURCE_TYPE</Key>
              <Value>VINTRA</Value>
            </KeyValue>
          </keyList>
          <Name lang="lt">Pieteraičiai</Name>
          <Centroid>
            <Location>
              <Longitude>21.884745</Longitude>
              <Latitude>55.255116</Latitude>
            </Location>
          </Centroid>
          <TransportMode>bus</TransportMode>
          <StopPlaceType>onstreetBus</StopPlaceType>
          <Weighting>interchangeAllowed</Weighting>
          <quays>
            <Quay modification="new" version="23497" id="VTR:Quay:23497">
              <Centroid>
                <Location>
                  <Longitude>21.884745</Longitude>
                  <Latitude>55.255116</Latitude>
                </Location>
              </Centroid>
            </Quay>
          </quays>
        </StopPlace>
        <StopPlace created="2015-09-16T19:54:42" changed="2015-09-17T21:59:32" modification="revise" version="23498" id="VTR:StopPlaceElement:23498">
          <ValidBetween>
            <FromDate>2015-09-17T21:59:32</FromDate>
          </ValidBetween>
          <keyList>
            <KeyValue>
              <Key>DATA_SOURCE_TYPE</Key>
              <Value>VINTRA</Value>
            </KeyValue>
          </keyList>
          <Name lang="lt">Sauliai</Name>
          <Centroid>
            <Location>
              <Longitude>21.892812</Longitude>
              <Latitude>55.227543</Latitude>
            </Location>
          </Centroid>
          <TransportMode>bus</TransportMode>
          <StopPlaceType>onstreetBus</StopPlaceType>
          <Weighting>interchangeAllowed</Weighting>
          <quays>
            <Quay modification="new" version="23498" id="VTR:Quay:23498">
              <Centroid>
                <Location>
                  <Longitude>21.892812</Longitude>
                  <Latitude>55.227543</Latitude>
                </Location>
              </Centroid>
            </Quay>
          </quays>
        </StopPlace>
        <StopPlace created="2015-09-16T19:55:31" changed="2015-09-17T21:59:54" modification="revise" version="23499" id="VTR:StopPlaceElement:23499">
          <ValidBetween>
            <FromDate>2015-09-17T21:59:54</FromDate>
          </ValidBetween>
          <keyList>
            <KeyValue>
              <Key>DATA_SOURCE_TYPE</Key>
              <Value>VINTRA</Value>
            </KeyValue>
          </keyList>
          <Name lang="lt">Sauliai</Name>
          <Centroid>
            <Location>
              <Longitude>21.892955</Longitude>
              <Latitude>55.22767</Latitude>
            </Location>
          </Centroid>
          <TransportMode>bus</TransportMode>
          <StopPlaceType>onstreetBus</StopPlaceType>
          <Weighting>interchangeAllowed</Weighting>
          <quays>
            <Quay modification="new" version="23499" id="VTR:Quay:23499">
              <Centroid>
                <Location>
                  <Longitude>21.892955</Longitude>
                  <Latitude>55.22767</Latitude>
                </Location>
              </Centroid>
            </Quay>
          </quays>
        </StopPlace>
        <StopPlace created="2015-09-16T20:00:49" changed="2015-09-17T21:59:32" modification="revise" version="23500" id="VTR:StopPlaceElement:23500">
          <ValidBetween>
            <FromDate>2015-09-17T21:59:32</FromDate>
          </ValidBetween>
          <keyList>
            <KeyValue>
              <Key>DATA_SOURCE_TYPE</Key>
              <Value>VINTRA</Value>
            </KeyValue>
          </keyList>
          <Name lang="lt">Šlapiai</Name>
          <Centroid>
            <Location>
              <Longitude>21.91746</Longitude>
              <Latitude>55.224904</Latitude>
            </Location>
          </Centroid>
          <TransportMode>bus</TransportMode>
          <StopPlaceType>onstreetBus</StopPlaceType>
          <Weighting>interchangeAllowed</Weighting>
          <quays>
            <Quay modification="new" version="23500" id="VTR:Quay:23500">
              <Centroid>
                <Location>
                  <Longitude>21.91746</Longitude>
                  <Latitude>55.224904</Latitude>
                </Location>
              </Centroid>
            </Quay>
          </quays>
        </StopPlace>
        <StopPlace created="2015-09-16T20:01:28" changed="2015-09-17T21:59:54" modification="revise" version="23501" id="VTR:StopPlaceElement:23501">
          <ValidBetween>
            <FromDate>2015-09-17T21:59:54</FromDate>
          </ValidBetween>
          <keyList>
            <KeyValue>
              <Key>DATA_SOURCE_TYPE</Key>
              <Value>VINTRA</Value>
            </KeyValue>
          </keyList>
          <Name lang="lt">Šlapiai</Name>
          <Centroid>
            <Location>
              <Longitude>21.91715</Longitude>
              <Latitude>55.225099</Latitude>
            </Location>
          </Centroid>
          <TransportMode>bus</TransportMode>
          <StopPlaceType>onstreetBus</StopPlaceType>
          <Weighting>interchangeAllowed</Weighting>
          <quays>
            <Quay modification="new" version="23501" id="VTR:Quay:23501">
              <Centroid>
                <Location>
                  <Longitude>21.91715</Longitude>
                  <Latitude>55.225099</Latitude>
                </Location>
              </Centroid>
            </Quay>
          </quays>
        </StopPlace>
        <StopPlace created="2015-09-16T20:07:12" changed="2015-09-17T21:59:32" modification="revise" version="23502" id="VTR:StopPlaceElement:23502">
          <ValidBetween>
            <FromDate>2015-09-17T21:59:32</FromDate>
          </ValidBetween>
          <keyList>
            <KeyValue>
              <Key>DATA_SOURCE_TYPE</Key>
              <Value>VINTRA</Value>
            </KeyValue>
          </keyList>
          <Name lang="lt">Jonikaičiai</Name>
          <Centroid>
            <Location>
              <Longitude>21.935527</Longitude>
              <Latitude>55.182448</Latitude>
            </Location>
          </Centroid>
          <TransportMode>bus</TransportMode>
          <StopPlaceType>onstreetBus</StopPlaceType>
          <Weighting>interchangeAllowed</Weighting>
          <quays>
            <Quay modification="new" version="23502" id="VTR:Quay:23502">
              <Centroid>
                <Location>
                  <Longitude>21.935527</Longitude>
                  <Latitude>55.182448</Latitude>
                </Location>
              </Centroid>
            </Quay>
          </quays>
        </StopPlace>
        <StopPlace created="2015-09-16T20:07:43" changed="2015-09-17T21:59:54" modification="revise" version="23503" id="VTR:StopPlaceElement:23503">
          <ValidBetween>
            <FromDate>2015-09-17T21:59:54</FromDate>
          </ValidBetween>
          <keyList>
            <KeyValue>
              <Key>DATA_SOURCE_TYPE</Key>
              <Value>VINTRA</Value>
            </KeyValue>
          </keyList>
          <Name lang="lt">Jonikaičiai</Name>
          <Centroid>
            <Location>
              <Longitude>21.935727</Longitude>
              <Latitude>55.182608</Latitude>
            </Location>
          </Centroid>
          <TransportMode>bus</TransportMode>
          <StopPlaceType>onstreetBus</StopPlaceType>
          <Weighting>interchangeAllowed</Weighting>
          <quays>
            <Quay modification="new" version="23503" id="VTR:Quay:23503">
              <Centroid>
                <Location>
                  <Longitude>21.935727</Longitude>
                  <Latitude>55.182608</Latitude>
                </Location>
              </Centroid>
            </Quay>
          </quays>
        </StopPlace>
        <StopPlace created="2015-09-17T18:44:53" changed="2015-09-17T21:59:32" modification="revise" version="23542" id="VTR:StopPlaceElement:23542">
          <ValidBetween>
            <FromDate>2015-09-17T21:59:32</FromDate>
          </ValidBetween>
          <keyList>
            <KeyValue>
              <Key>DATA_SOURCE_TYPE</Key>
              <Value>VINTRA</Value>
            </KeyValue>
          </keyList>
          <Name lang="lt">Bubliškės</Name>
          <Centroid>
            <Location>
              <Longitude>21.926035</Longitude>
              <Latitude>55.12342</Latitude>
            </Location>
          </Centroid>
          <TransportMode>bus</TransportMode>
          <StopPlaceType>onstreetBus</StopPlaceType>
          <Weighting>interchangeAllowed</Weighting>
          <quays>
            <Quay modification="new" version="23542" id="VTR:Quay:23542">
              <Centroid>
                <Location>
                  <Longitude>21.926035</Longitude>
                  <Latitude>55.12342</Latitude>
                </Location>
              </Centroid>
            </Quay>
          </quays>
        </StopPlace>
        <StopPlace created="2015-09-17T18:45:32" changed="2015-09-17T21:59:54" modification="revise" version="23543" id="VTR:StopPlaceElement:23543">
          <ValidBetween>
            <FromDate>2015-09-17T21:59:54</FromDate>
          </ValidBetween>
          <keyList>
            <KeyValue>
              <Key>DATA_SOURCE_TYPE</Key>
              <Value>VINTRA</Value>
            </KeyValue>
          </keyList>
          <Name lang="lt">Bubliškės</Name>
          <Centroid>
            <Location>
              <Longitude>21.926052</Longitude>
              <Latitude>55.123563</Latitude>
            </Location>
          </Centroid>
          <TransportMode>bus</TransportMode>
          <StopPlaceType>onstreetBus</StopPlaceType>
          <Weighting>interchangeAllowed</Weighting>
          <quays>
            <Quay modification="new" version="23543" id="VTR:Quay:23543">
              <Centroid>
                <Location>
                  <Longitude>21.926052</Longitude>
                  <Latitude>55.123563</Latitude>
                </Location>
              </Centroid>
            </Quay>
          </quays>
        </StopPlace>
        <StopPlace created="2015-09-17T19:46:22" changed="2015-09-17T21:59:54" modification="revise" version="23544" id="VTR:StopPlaceElement:23544">
          <ValidBetween>
            <FromDate>2015-09-17T21:59:54</FromDate>
          </ValidBetween>
          <keyList>
            <KeyValue>
              <Key>DATA_SOURCE_TYPE</Key>
              <Value>VINTRA</Value>
            </KeyValue>
          </keyList>
          <Name lang="lt">Mikytai</Name>
          <Centroid>
            <Location>
              <Longitude>21.946464</Longitude>
              <Latitude>55.120715</Latitude>
            </Location>
          </Centroid>
          <TransportMode>bus</TransportMode>
          <StopPlaceType>onstreetBus</StopPlaceType>
          <Weighting>interchangeAllowed</Weighting>
          <quays>
            <Quay modification="new" version="23544" id="VTR:Quay:23544">
              <Centroid>
                <Location>
                  <Longitude>21.946464</Longitude>
                  <Latitude>55.120715</Latitude>
                </Location>
              </Centroid>
            </Quay>
          </quays>
        </StopPlace>
        <StopPlace created="2015-09-17T19:46:56" changed="2015-09-17T21:59:54" modification="revise" version="23545" id="VTR:StopPlaceElement:23545">
          <ValidBetween>
            <FromDate>2015-09-17T21:59:54</FromDate>
          </ValidBetween>
          <keyList>
            <KeyValue>
              <Key>DATA_SOURCE_TYPE</Key>
              <Value>VINTRA</Value>
            </KeyValue>
          </keyList>
          <Name lang="lt">Mikytai</Name>
          <Centroid>
            <Location>
              <Longitude>21.945351</Longitude>
              <Latitude>55.12073</Latitude>
            </Location>
          </Centroid>
          <TransportMode>bus</TransportMode>
          <StopPlaceType>onstreetBus</StopPlaceType>
          <Weighting>interchangeAllowed</Weighting>
          <quays>
            <Quay modification="new" version="23545" id="VTR:Quay:23545">
              <Centroid>
                <Location>
                  <Longitude>21.945351</Longitude>
                  <Latitude>55.12073</Latitude>
                </Location>
              </Centroid>
            </Quay>
          </quays>
        </StopPlace>
        <StopPlace created="2015-09-17T20:00:20" changed="2015-09-17T21:59:54" modification="revise" version="23547" id="VTR:StopPlaceElement:23547">
          <ValidBetween>
            <FromDate>2015-09-17T21:59:54</FromDate>
          </ValidBetween>
          <keyList>
            <KeyValue>
              <Key>DATA_SOURCE_TYPE</Key>
              <Value>VINTRA</Value>
            </KeyValue>
          </keyList>
          <Name lang="lt">Pagėgių V.M.</Name>
          <Centroid>
            <Location>
              <Longitude>21.907487</Longitude>
              <Latitude>55.136643</Latitude>
            </Location>
          </Centroid>
          <TransportMode>bus</TransportMode>
          <StopPlaceType>onstreetBus</StopPlaceType>
          <Weighting>interchangeAllowed</Weighting>
          <quays>
            <Quay modification="new" version="23547" id="VTR:Quay:23547">
              <Centroid>
                <Location>
                  <Longitude>21.907487</Longitude>
                  <Latitude>55.136643</Latitude>
                </Location>
              </Centroid>
            </Quay>
          </quays>
        </StopPlace>
        <StopPlace created="2015-09-17T20:01:05" changed="2015-09-17T21:59:32" modification="revise" version="23548" id="VTR:StopPlaceElement:23548">
          <ValidBetween>
            <FromDate>2015-09-17T21:59:32</FromDate>
          </ValidBetween>
          <keyList>
            <KeyValue>
              <Key>DATA_SOURCE_TYPE</Key>
              <Value>VINTRA</Value>
            </KeyValue>
          </keyList>
          <Name lang="lt">Pagėgių V.M.</Name>
          <Centroid>
            <Location>
              <Longitude>21.907156</Longitude>
              <Latitude>55.13679</Latitude>
            </Location>
          </Centroid>
          <TransportMode>bus</TransportMode>
          <StopPlaceType>onstreetBus</StopPlaceType>
          <Weighting>interchangeAllowed</Weighting>
          <quays>
            <Quay modification="new" version="23548" id="VTR:Quay:23548">
              <Centroid>
                <Location>
                  <Longitude>21.907156</Longitude>
                  <Latitude>55.13679</Latitude>
                </Location>
              </Centroid>
            </Quay>
          </quays>
        </StopPlace>
        <StopPlace created="2015-05-25T15:31:38" changed="2019-01-04T02:16:44" modification="revise" version="5327" id="VTR:StopPlaceElement:5327">
          <ValidBetween>
            <FromDate>2019-01-04T02:16:44</FromDate>
          </ValidBetween>
          <keyList>
            <KeyValue>
              <Key>DATA_SOURCE_TYPE</Key>
              <Value>LAKIS</Value>
            </KeyValue>
          </keyList>
          <Name lang="lt">Kapinės</Name>
          <Centroid>
            <Location>
              <Longitude>22.292679</Longitude>
              <Latitude>55.190311</Latitude>
            </Location>
          </Centroid>
          <TransportMode>bus</TransportMode>
          <StopPlaceType>onstreetBus</StopPlaceType>
          <Weighting>interchangeAllowed</Weighting>
          <quays>
            <Quay modification="new" version="5327" id="VTR:Quay:5327">
              <Centroid>
                <Location>
                  <Longitude>22.292679</Longitude>
                  <Latitude>55.190311</Latitude>
                </Location>
              </Centroid>
            </Quay>
          </quays>
        </StopPlace>
        <StopPlace created="2015-05-25T15:31:45" changed="2018-12-01T02:15:54" modification="revise" version="5346" id="VTR:StopPlaceElement:5346">
          <ValidBetween>
            <FromDate>2018-12-01T02:15:54</FromDate>
          </ValidBetween>
          <keyList>
            <KeyValue>
              <Key>DATA_SOURCE_TYPE</Key>
              <Value>LAKIS</Value>
            </KeyValue>
          </keyList>
          <Name lang="lt">Piktupėnai</Name>
          <Centroid>
            <Location>
              <Longitude>21.983917</Longitude>
              <Latitude>55.151052</Latitude>
            </Location>
          </Centroid>
          <TransportMode>bus</TransportMode>
          <StopPlaceType>onstreetBus</StopPlaceType>
          <Weighting>interchangeAllowed</Weighting>
          <quays>
            <Quay modification="new" version="5346" id="VTR:Quay:5346">
              <Centroid>
                <Location>
                  <Longitude>21.983917</Longitude>
                  <Latitude>55.151052</Latitude>
                </Location>
              </Centroid>
            </Quay>
          </quays>
        </StopPlace>
        <StopPlace created="2015-05-25T15:31:55" changed="2018-01-31T02:15:53" modification="revise" version="5371" id="VTR:StopPlaceElement:5371">
          <ValidBetween>
            <FromDate>2018-01-31T02:15:53</FromDate>
          </ValidBetween>
          <keyList>
            <KeyValue>
              <Key>DATA_SOURCE_TYPE</Key>
              <Value>LAKIS</Value>
            </KeyValue>
          </keyList>
          <Name lang="lt">Gudai 1</Name>
          <Centroid>
            <Location>
              <Longitude>21.938924</Longitude>
              <Latitude>55.159398</Latitude>
            </Location>
          </Centroid>
          <TransportMode>bus</TransportMode>
          <StopPlaceType>onstreetBus</StopPlaceType>
          <Weighting>interchangeAllowed</Weighting>
          <quays>
            <Quay modification="new" version="5371" id="VTR:Quay:5371">
              <Centroid>
                <Location>
                  <Longitude>21.938924</Longitude>
                  <Latitude>55.159398</Latitude>
                </Location>
              </Centroid>
            </Quay>
          </quays>
        </StopPlace>
        <StopPlace created="2015-05-25T15:31:56" changed="2019-01-22T07:59:09" modification="revise" version="5374" id="VTR:StopPlaceElement:5374">
          <ValidBetween>
            <FromDate>2019-01-22T07:59:09</FromDate>
          </ValidBetween>
          <keyList>
            <KeyValue>
              <Key>DATA_SOURCE_TYPE</Key>
              <Value>LAKIS</Value>
            </KeyValue>
          </keyList>
          <Name lang="lt">Nausėdai</Name>
          <Centroid>
            <Location>
              <Longitude>22.223579</Longitude>
              <Latitude>55.097847</Latitude>
            </Location>
          </Centroid>
          <TransportMode>bus</TransportMode>
          <StopPlaceType>onstreetBus</StopPlaceType>
          <Weighting>interchangeAllowed</Weighting>
          <quays>
            <Quay modification="new" version="5374" id="VTR:Quay:5374">
              <Centroid>
                <Location>
                  <Longitude>22.223579</Longitude>
                  <Latitude>55.097847</Latitude>
                </Location>
              </Centroid>
            </Quay>
          </quays>
        </StopPlace>
        <StopPlace created="2015-05-25T15:31:56" changed="2018-09-30T02:17:35" modification="revise" version="5375" id="VTR:StopPlaceElement:5375">
          <ValidBetween>
            <FromDate>2018-09-30T02:17:35</FromDate>
          </ValidBetween>
          <keyList>
            <KeyValue>
              <Key>DATA_SOURCE_TYPE</Key>
              <Value>LAKIS</Value>
            </KeyValue>
          </keyList>
          <Name lang="lt">Bubliškė</Name>
          <Centroid>
            <Location>
              <Longitude>21.926261</Longitude>
              <Latitude>55.123335</Latitude>
            </Location>
          </Centroid>
          <TransportMode>bus</TransportMode>
          <StopPlaceType>onstreetBus</StopPlaceType>
          <Weighting>interchangeAllowed</Weighting>
          <quays>
            <Quay modification="new" version="5375" id="VTR:Quay:5375">
              <Centroid>
                <Location>
                  <Longitude>21.926261</Longitude>
                  <Latitude>55.123335</Latitude>
                </Location>
              </Centroid>
            </Quay>
          </quays>
        </StopPlace>
        <StopPlace created="2015-05-25T15:34:00" changed="2018-12-01T02:16:12" modification="revise" version="5672" id="VTR:StopPlaceElement:5672">
          <ValidBetween>
            <FromDate>2018-12-01T02:16:12</FromDate>
          </ValidBetween>
          <keyList>
            <KeyValue>
              <Key>DATA_SOURCE_TYPE</Key>
              <Value>LAKIS</Value>
            </KeyValue>
          </keyList>
          <Name lang="lt">Griežpelkiai II</Name>
          <Centroid>
            <Location>
              <Longitude>22.081676</Longitude>
              <Latitude>55.179487</Latitude>
            </Location>
          </Centroid>
          <TransportMode>bus</TransportMode>
          <StopPlaceType>onstreetBus</StopPlaceType>
          <Weighting>interchangeAllowed</Weighting>
          <quays>
            <Quay modification="new" version="5672" id="VTR:Quay:5672">
              <Centroid>
                <Location>
                  <Longitude>22.081676</Longitude>
                  <Latitude>55.179487</Latitude>
                </Location>
              </Centroid>
            </Quay>
          </quays>
        </StopPlace>
        <StopPlace created="2015-05-25T15:39:22" changed="2019-01-04T02:17:22" modification="revise" version="6365" id="VTR:StopPlaceElement:6365">
          <ValidBetween>
            <FromDate>2019-01-04T02:17:22</FromDate>
          </ValidBetween>
          <keyList>
            <KeyValue>
              <Key>DATA_SOURCE_TYPE</Key>
              <Value>LAKIS</Value>
            </KeyValue>
          </keyList>
          <Name lang="lt">Kapinės</Name>
          <Centroid>
            <Location>
              <Longitude>22.292099</Longitude>
              <Latitude>55.19107</Latitude>
            </Location>
          </Centroid>
          <TransportMode>bus</TransportMode>
          <StopPlaceType>onstreetBus</StopPlaceType>
          <Weighting>interchangeAllowed</Weighting>
          <quays>
            <Quay modification="new" version="6365" id="VTR:Quay:6365">
              <Centroid>
                <Location>
                  <Longitude>22.292099</Longitude>
                  <Latitude>55.19107</Latitude>
                </Location>
              </Centroid>
            </Quay>
          </quays>
        </StopPlace>
        <StopPlace created="2015-05-25T15:39:23" changed="2021-12-01T02:15:29" modification="revise" version="6367" id="VTR:StopPlaceElement:6367">
          <ValidBetween>
            <FromDate>2021-12-01T02:15:29</FromDate>
          </ValidBetween>
          <keyList>
            <KeyValue>
              <Key>DATA_SOURCE_TYPE</Key>
              <Value>LAKIS</Value>
            </KeyValue>
          </keyList>
          <Name lang="lt">Taurai</Name>
          <Centroid>
            <Location>
              <Longitude>22.252717</Longitude>
              <Latitude>55.242739</Latitude>
            </Location>
          </Centroid>
          <TransportMode>bus</TransportMode>
          <StopPlaceType>onstreetBus</StopPlaceType>
          <Weighting>interchangeAllowed</Weighting>
          <quays>
            <Quay modification="new" version="6367" id="VTR:Quay:6367">
              <Centroid>
                <Location>
                  <Longitude>22.252717</Longitude>
                  <Latitude>55.242739</Latitude>
                </Location>
              </Centroid>
            </Quay>
          </quays>
        </StopPlace>
        <StopPlace created="2015-05-25T15:39:37" changed="2019-01-04T02:17:07" modification="revise" version="6397" id="VTR:StopPlaceElement:6397">
          <ValidBetween>
            <FromDate>2019-01-04T02:17:06</FromDate>
          </ValidBetween>
          <keyList>
            <KeyValue>
              <Key>DATA_SOURCE_TYPE</Key>
              <Value>LAKIS</Value>
            </KeyValue>
          </keyList>
          <Name lang="lt">Kangaliai</Name>
          <Centroid>
            <Location>
              <Longitude>22.283919</Longitude>
              <Latitude>55.212399</Latitude>
            </Location>
          </Centroid>
          <TransportMode>bus</TransportMode>
          <StopPlaceType>onstreetBus</StopPlaceType>
          <Weighting>interchangeAllowed</Weighting>
          <quays>
            <Quay modification="new" version="6397" id="VTR:Quay:6397">
              <Centroid>
                <Location>
                  <Longitude>22.283919</Longitude>
                  <Latitude>55.212399</Latitude>
                </Location>
              </Centroid>
            </Quay>
          </quays>
        </StopPlace>
        <StopPlace created="2015-05-25T15:41:49" changed="2018-12-01T02:17:30" modification="revise" version="6665" id="VTR:StopPlaceElement:6665">
          <ValidBetween>
            <FromDate>2018-12-01T02:17:30</FromDate>
          </ValidBetween>
          <keyList>
            <KeyValue>
              <Key>DATA_SOURCE_TYPE</Key>
              <Value>LAKIS</Value>
            </KeyValue>
          </keyList>
          <Name lang="lt">Griežpelkiai 1</Name>
          <Centroid>
            <Location>
              <Longitude>22.117432</Longitude>
              <Latitude>55.190853</Latitude>
            </Location>
          </Centroid>
          <TransportMode>bus</TransportMode>
          <StopPlaceType>onstreetBus</StopPlaceType>
          <Weighting>interchangeAllowed</Weighting>
          <quays>
            <Quay modification="new" version="6665" id="VTR:Quay:6665">
              <Centroid>
                <Location>
                  <Longitude>22.117432</Longitude>
                  <Latitude>55.190853</Latitude>
                </Location>
              </Centroid>
            </Quay>
          </quays>
        </StopPlace>
        <StopPlace created="2015-05-25T15:46:46" changed="2018-12-01T02:15:47" modification="revise" version="7209" id="VTR:StopPlaceElement:7209">
          <ValidBetween>
            <FromDate>2018-12-01T02:15:46</FromDate>
          </ValidBetween>
          <keyList>
            <KeyValue>
              <Key>DATA_SOURCE_TYPE</Key>
              <Value>LAKIS</Value>
            </KeyValue>
          </keyList>
          <Name lang="lt">Požerūnai</Name>
          <Centroid>
            <Location>
              <Longitude>22.194886</Longitude>
              <Latitude>55.223632</Latitude>
            </Location>
          </Centroid>
          <TransportMode>bus</TransportMode>
          <StopPlaceType>onstreetBus</StopPlaceType>
          <Weighting>interchangeAllowed</Weighting>
          <quays>
            <Quay modification="new" version="7209" id="VTR:Quay:7209">
              <Centroid>
                <Location>
                  <Longitude>22.194886</Longitude>
                  <Latitude>55.223632</Latitude>
                </Location>
              </Centroid>
            </Quay>
          </quays>
        </StopPlace>
        <StopPlace created="2015-05-25T15:46:46" changed="2021-03-10T11:01:34" modification="revise" version="7210" id="VTR:StopPlaceElement:7210">
          <ValidBetween>
            <FromDate>2021-03-10T11:01:33</FromDate>
          </ValidBetween>
          <keyList>
            <KeyValue>
              <Key>DATA_SOURCE_TYPE</Key>
              <Value>LAKIS</Value>
            </KeyValue>
          </keyList>
          <Name lang="lt">Pagėgiai</Name>
          <Centroid>
            <Location>
              <Longitude>21.91537</Longitude>
              <Latitude>55.130628</Latitude>
            </Location>
          </Centroid>
          <TransportMode>bus</TransportMode>
          <StopPlaceType>onstreetBus</StopPlaceType>
          <Weighting>interchangeAllowed</Weighting>
          <quays>
            <Quay modification="new" version="7210" id="VTR:Quay:7210">
              <Centroid>
                <Location>
                  <Longitude>21.91537</Longitude>
                  <Latitude>55.130628</Latitude>
                </Location>
              </Centroid>
            </Quay>
          </quays>
        </StopPlace>
        <StopPlace created="2015-05-25T15:47:12" changed="2019-01-22T07:59:00" modification="revise" version="7257" id="VTR:StopPlaceElement:7257">
          <ValidBetween>
            <FromDate>2019-01-22T07:59:00</FromDate>
          </ValidBetween>
          <keyList>
            <KeyValue>
              <Key>DATA_SOURCE_TYPE</Key>
              <Value>LAKIS</Value>
            </KeyValue>
          </keyList>
          <Name lang="lt">Nausėdai</Name>
          <Centroid>
            <Location>
              <Longitude>22.224561</Longitude>
              <Latitude>55.098138</Latitude>
            </Location>
          </Centroid>
          <TransportMode>bus</TransportMode>
          <StopPlaceType>onstreetBus</StopPlaceType>
          <Weighting>interchangeAllowed</Weighting>
          <quays>
            <Quay modification="new" version="7257" id="VTR:Quay:7257">
              <Centroid>
                <Location>
                  <Longitude>22.224561</Longitude>
                  <Latitude>55.098138</Latitude>
                </Location>
              </Centroid>
            </Quay>
          </quays>
        </StopPlace>
        <StopPlace created="2015-05-25T15:53:41" changed="2018-01-31T02:15:43" modification="revise" version="7906" id="VTR:StopPlaceElement:7906">
          <ValidBetween>
            <FromDate>2018-01-31T02:15:43</FromDate>
          </ValidBetween>
          <keyList>
            <KeyValue>
              <Key>DATA_SOURCE_TYPE</Key>
              <Value>LAKIS</Value>
            </KeyValue>
          </keyList>
          <Name lang="lt">Natkiškiai</Name>
          <Centroid>
            <Location>
              <Longitude>21.946471</Longitude>
              <Latitude>55.233199</Latitude>
            </Location>
          </Centroid>
          <TransportMode>bus</TransportMode>
          <StopPlaceType>onstreetBus</StopPlaceType>
          <Weighting>interchangeAllowed</Weighting>
          <quays>
            <Quay modification="new" version="7906" id="VTR:Quay:7906">
              <Centroid>
                <Location>
                  <Longitude>21.946471</Longitude>
                  <Latitude>55.233199</Latitude>
                </Location>
              </Centroid>
            </Quay>
          </quays>
        </StopPlace>
        <StopPlace created="2015-05-25T15:57:14" changed="2018-01-31T02:15:44" modification="revise" version="8231" id="VTR:StopPlaceElement:8231">
          <ValidBetween>
            <FromDate>2018-01-31T02:15:44</FromDate>
          </ValidBetween>
          <keyList>
            <KeyValue>
              <Key>DATA_SOURCE_TYPE</Key>
              <Value>LAKIS</Value>
            </KeyValue>
          </keyList>
          <Name lang="lt">Gudai 2</Name>
          <Centroid>
            <Location>
              <Longitude>21.934213</Longitude>
              <Latitude>55.175984</Latitude>
            </Location>
          </Centroid>
          <TransportMode>bus</TransportMode>
          <StopPlaceType>onstreetBus</StopPlaceType>
          <Weighting>interchangeAllowed</Weighting>
          <quays>
            <Quay modification="new" version="8231" id="VTR:Quay:8231">
              <Centroid>
                <Location>
                  <Longitude>21.934213</Longitude>
                  <Latitude>55.175984</Latitude>
                </Location>
              </Centroid>
            </Quay>
          </quays>
        </StopPlace>
        <StopPlace created="2015-05-25T15:57:24" changed="2019-01-04T02:15:59" modification="revise" version="8246" id="VTR:StopPlaceElement:8246">
          <ValidBetween>
            <FromDate>2019-01-04T02:15:59</FromDate>
          </ValidBetween>
          <keyList>
            <KeyValue>
              <Key>DATA_SOURCE_TYPE</Key>
              <Value>LAKIS</Value>
            </KeyValue>
          </keyList>
          <Name lang="lt">Rūgaliai</Name>
          <Centroid>
            <Location>
              <Longitude>22.283672</Longitude>
              <Latitude>55.206861</Latitude>
            </Location>
          </Centroid>
          <TransportMode>bus</TransportMode>
          <StopPlaceType>onstreetBus</StopPlaceType>
          <Weighting>interchangeAllowed</Weighting>
          <quays>
            <Quay modification="new" version="8246" id="VTR:Quay:8246">
              <Centroid>
                <Location>
                  <Longitude>22.283672</Longitude>
                  <Latitude>55.206861</Latitude>
                </Location>
              </Centroid>
            </Quay>
          </quays>
        </StopPlace>
        <StopPlace created="2015-05-25T15:57:29" changed="2021-03-10T11:01:43" modification="revise" version="8251" id="VTR:StopPlaceElement:8251">
          <ValidBetween>
            <FromDate>2021-03-10T11:01:43</FromDate>
          </ValidBetween>
          <keyList>
            <KeyValue>
              <Key>DATA_SOURCE_TYPE</Key>
              <Value>LAKIS</Value>
            </KeyValue>
          </keyList>
          <Name lang="lt">Mociškiai</Name>
          <Centroid>
            <Location>
              <Longitude>22.180365</Longitude>
              <Latitude>55.103734</Latitude>
            </Location>
          </Centroid>
          <TransportMode>bus</TransportMode>
          <StopPlaceType>onstreetBus</StopPlaceType>
          <Weighting>interchangeAllowed</Weighting>
          <quays>
            <Quay modification="new" version="8251" id="VTR:Quay:8251">
              <Centroid>
                <Location>
                  <Longitude>22.180365</Longitude>
                  <Latitude>55.103734</Latitude>
                </Location>
              </Centroid>
            </Quay>
          </quays>
        </StopPlace>
        <StopPlace created="2015-05-25T15:57:33" changed="2018-12-01T02:16:34" modification="revise" version="8258" id="VTR:StopPlaceElement:8258">
          <ValidBetween>
            <FromDate>2018-12-01T02:16:33</FromDate>
          </ValidBetween>
          <keyList>
            <KeyValue>
              <Key>DATA_SOURCE_TYPE</Key>
              <Value>LAKIS</Value>
            </KeyValue>
          </keyList>
          <Name lang="lt">Medikviršiai</Name>
          <Centroid>
            <Location>
              <Longitude>22.21062</Longitude>
              <Latitude>55.230976</Latitude>
            </Location>
          </Centroid>
          <TransportMode>bus</TransportMode>
          <StopPlaceType>onstreetBus</StopPlaceType>
          <Weighting>interchangeAllowed</Weighting>
          <quays>
            <Quay modification="new" version="8258" id="VTR:Quay:8258">
              <Centroid>
                <Location>
                  <Longitude>22.21062</Longitude>
                  <Latitude>55.230976</Latitude>
                </Location>
              </Centroid>
            </Quay>
          </quays>
        </StopPlace>
        <StopPlace created="2015-05-25T16:01:56" changed="2018-12-01T02:16:26" modification="revise" version="8638" id="VTR:StopPlaceElement:8638">
          <ValidBetween>
            <FromDate>2018-12-01T02:16:25</FromDate>
          </ValidBetween>
          <keyList>
            <KeyValue>
              <Key>DATA_SOURCE_TYPE</Key>
              <Value>LAKIS</Value>
            </KeyValue>
          </keyList>
          <Name lang="lt">Griežpelkiai 1</Name>
          <Centroid>
            <Location>
              <Longitude>22.114834</Longitude>
              <Latitude>55.19008</Latitude>
            </Location>
          </Centroid>
          <TransportMode>bus</TransportMode>
          <StopPlaceType>onstreetBus</StopPlaceType>
          <Weighting>interchangeAllowed</Weighting>
          <quays>
            <Quay modification="new" version="8638" id="VTR:Quay:8638">
              <Centroid>
                <Location>
                  <Longitude>22.114834</Longitude>
                  <Latitude>55.19008</Latitude>
                </Location>
              </Centroid>
            </Quay>
          </quays>
        </StopPlace>
        <StopPlace created="2015-05-25T16:09:11" changed="2018-01-31T02:15:27" modification="revise" version="9236" id="VTR:StopPlaceElement:9236">
          <ValidBetween>
            <FromDate>2018-01-31T02:15:27</FromDate>
          </ValidBetween>
          <keyList>
            <KeyValue>
              <Key>DATA_SOURCE_TYPE</Key>
              <Value>LAKIS</Value>
            </KeyValue>
          </keyList>
          <Name lang="lt">Montvilaičiai</Name>
          <Centroid>
            <Location>
              <Longitude>21.9386</Longitude>
              <Latitude>55.193477</Latitude>
            </Location>
          </Centroid>
          <TransportMode>bus</TransportMode>
          <StopPlaceType>onstreetBus</StopPlaceType>
          <Weighting>interchangeAllowed</Weighting>
          <quays>
            <Quay modification="new" version="9236" id="VTR:Quay:9236">
              <Centroid>
                <Location>
                  <Longitude>21.9386</Longitude>
                  <Latitude>55.193477</Latitude>
                </Location>
              </Centroid>
            </Quay>
          </quays>
        </StopPlace>
        <StopPlace created="2015-05-25T16:09:43" changed="2018-09-30T02:16:16" modification="revise" version="9279" id="VTR:StopPlaceElement:9279">
          <ValidBetween>
            <FromDate>2018-09-30T02:16:16</FromDate>
          </ValidBetween>
          <keyList>
            <KeyValue>
              <Key>DATA_SOURCE_TYPE</Key>
              <Value>LAKIS</Value>
            </KeyValue>
          </keyList>
          <Name lang="lt">Bubliškė</Name>
          <Centroid>
            <Location>
              <Longitude>21.925966</Longitude>
              <Latitude>55.123582</Latitude>
            </Location>
          </Centroid>
          <TransportMode>bus</TransportMode>
          <StopPlaceType>onstreetBus</StopPlaceType>
          <Weighting>interchangeAllowed</Weighting>
          <quays>
            <Quay modification="new" version="9279" id="VTR:Quay:9279">
              <Centroid>
                <Location>
                  <Longitude>21.925966</Longitude>
                  <Latitude>55.123582</Latitude>
                </Location>
              </Centroid>
            </Quay>
          </quays>
        </StopPlace>
        <StopPlace created="2015-05-25T16:10:19" changed="2021-03-10T11:02:49" modification="revise" version="9326" id="VTR:StopPlaceElement:9326">
          <ValidBetween>
            <FromDate>2021-03-10T11:02:48</FromDate>
          </ValidBetween>
          <keyList>
            <KeyValue>
              <Key>DATA_SOURCE_TYPE</Key>
              <Value>LAKIS</Value>
            </KeyValue>
          </keyList>
          <Name lang="lt">Palumpiai</Name>
          <Centroid>
            <Location>
              <Longitude>22.064414</Longitude>
              <Latitude>55.111731</Latitude>
            </Location>
          </Centroid>
          <TransportMode>bus</TransportMode>
          <StopPlaceType>onstreetBus</StopPlaceType>
          <Weighting>interchangeAllowed</Weighting>
          <quays>
            <Quay modification="new" version="9326" id="VTR:Quay:9326">
              <Centroid>
                <Location>
                  <Longitude>22.064414</Longitude>
                  <Latitude>55.111731</Latitude>
                </Location>
              </Centroid>
            </Quay>
          </quays>
        </StopPlace>
        <StopPlace created="2015-05-25T16:10:20" changed="2019-01-04T02:15:35" modification="revise" version="9328" id="VTR:StopPlaceElement:9328">
          <ValidBetween>
            <FromDate>2019-01-04T02:15:35</FromDate>
          </ValidBetween>
          <keyList>
            <KeyValue>
              <Key>DATA_SOURCE_TYPE</Key>
              <Value>LAKIS</Value>
            </KeyValue>
          </keyList>
          <Name lang="lt">Žukai</Name>
          <Centroid>
            <Location>
              <Longitude>22.258642</Longitude>
              <Latitude>55.112423</Latitude>
            </Location>
          </Centroid>
          <TransportMode>bus</TransportMode>
          <StopPlaceType>onstreetBus</StopPlaceType>
          <Weighting>interchangeAllowed</Weighting>
          <quays>
            <Quay modification="new" version="9328" id="VTR:Quay:9328">
              <Centroid>
                <Location>
                  <Longitude>22.258642</Longitude>
                  <Latitude>55.112423</Latitude>
                </Location>
              </Centroid>
            </Quay>
          </quays>
        </StopPlace>
        <StopPlace created="2015-05-25T16:16:42" changed="2021-03-10T11:02:15" modification="revise" version="9810" id="VTR:StopPlaceElement:9810">
          <ValidBetween>
            <FromDate>2021-03-10T11:02:15</FromDate>
          </ValidBetween>
          <keyList>
            <KeyValue>
              <Key>DATA_SOURCE_TYPE</Key>
              <Value>LAKIS</Value>
            </KeyValue>
          </keyList>
          <Name lang="lt">Lumpėnai</Name>
          <Centroid>
            <Location>
              <Longitude>22.036859</Longitude>
              <Latitude>55.107555</Latitude>
            </Location>
          </Centroid>
          <TransportMode>bus</TransportMode>
          <StopPlaceType>onstreetBus</StopPlaceType>
          <Weighting>interchangeAllowed</Weighting>
          <quays>
            <Quay modification="new" version="9810" id="VTR:Quay:9810">
              <Centroid>
                <Location>
                  <Longitude>22.036859</Longitude>
                  <Latitude>55.107555</Latitude>
                </Location>
              </Centroid>
            </Quay>
          </quays>
        </StopPlace>
      </stopPlaces>
    </SiteFrame>
  </dataObjects>
</PublicationDelivery>
