<?xml version="1.0" encoding="UTF-8"?><PublicationDelivery xmlns="http://www.netex.org.uk/netex" xmlns:gis="http://www.opengis.net/gml/3.2" xmlns:ns2="http://www.opengis.net/gml/3.2" xmlns:ns3="http://www.siri.org.uk/siri" xmlns:xsi="http://www.w3.org/2001/XMLSchema-instance" version="1" xsi:schemaLocation="">
  <PublicationTimestamp>2022-05-07T04:55:00.275</PublicationTimestamp>
  <ParticipantRef>VTR</ParticipantRef>
  <Description>1</Description>
  <dataObjects>
    <CompositeFrame created="2022-05-07T04:55:00.275" version="1" id="VTR:CompositeFrame:1399">
      <validityConditions>
        <AvailabilityCondition version="1" id="VTR:AvailabilityCondition:1399">
          <FromDate>2018-08-22T16:07:38</FromDate>
          <ToDate>2027-12-30T00:00:00</ToDate>
        </AvailabilityCondition>
      </validityConditions>
      <codespaces>
        <Codespace id="vtr">
          <Xmlns>VTR</Xmlns>
          <XmlnsUrl>http://www.visimarsrutai.lt/</XmlnsUrl>
        </Codespace>
      </codespaces>
      <FrameDefaults>
        <DefaultLocale>
          <TimeZone>Europe/Vilnius</TimeZone>
        </DefaultLocale>
        <DefaultLocationSystem>WGS84</DefaultLocationSystem>
      </FrameDefaults>
      <frames>
        <ServiceCalendarFrame version="1" id="VTR:ServiceCalendarFrame:1399">
          <dayTypes>
            <DayType id="VTR:DayType:1227" version="1">
              <properties>
                <PropertyOfDay>
                  <DaysOfWeek>Monday Tuesday Wednesday Thursday Friday</DaysOfWeek>
                </PropertyOfDay>
              </properties>
            </DayType>
          </dayTypes>
          <operatingPeriods>
            <OperatingPeriod version="1" id="VTR:OperatingPeriod:1227">
              <FromDate>2012-01-01T00:00:00</FromDate>
              <ToDate>2018-12-31T00:00:00</ToDate>
            </OperatingPeriod>
          </operatingPeriods>
          <dayTypeAssignments>
            <DayTypeAssignment id="VTR:DayTypeAssignment:1227_0" version="1" order="1179">
              <OperatingPeriodRef ref="VTR:OperatingPeriod:1227" version="1"/>
              <DayTypeRef ref="VTR:DayType:1227" version="1"/>
            </DayTypeAssignment>
          </dayTypeAssignments>
        </ServiceCalendarFrame>
        <ServiceFrame id="VTR:ServiceFrame:1399" version="1">
          <Network version="0" id="VTR:Network:31"/>
          <routePoints>
            <RoutePoint version="1" id="VTR:RoutePoint:1318822">
              <projections>
                <PointProjection version="1" id="VTR:PointProjection:61429">
                  <ProjectedPointRef ref="VTR:ScheduledStopPoint:1318822" version="1"/>
                </PointProjection>
              </projections>
            </RoutePoint>
            <RoutePoint version="1" id="VTR:RoutePoint:1318823">
              <projections>
                <PointProjection version="1" id="VTR:PointProjection:61430">
                  <ProjectedPointRef ref="VTR:ScheduledStopPoint:1318823" version="1"/>
                </PointProjection>
              </projections>
            </RoutePoint>
            <RoutePoint version="1" id="VTR:RoutePoint:1318824">
              <projections>
                <PointProjection version="1" id="VTR:PointProjection:61431">
                  <ProjectedPointRef ref="VTR:ScheduledStopPoint:1318824" version="1"/>
                </PointProjection>
              </projections>
            </RoutePoint>
          </routePoints>
          <routes>
            <Route version="1" id="VTR:Route:17404">
              <Name>Tryškiai-Dirmeikiai-Tryškiai</Name>
              <ShortName>Tryškiai-Dirmeikiai-Tryškiai</ShortName>
              <LineRef ref="VTR:Line:6153" version="7769"/>
              <DirectionType>outbound</DirectionType>
              <pointsInSequence>
                <PointOnRoute version="1" id="VTR:PointOnRoute:1318822" order="1">
                  <RoutePointRef ref="VTR:RoutePoint:1318822"/>
                </PointOnRoute>
                <PointOnRoute version="1" id="VTR:PointOnRoute:1318823" order="2">
                  <RoutePointRef ref="VTR:RoutePoint:1318823"/>
                </PointOnRoute>
                <PointOnRoute version="1" id="VTR:PointOnRoute:1318824" order="3">
                  <RoutePointRef ref="VTR:RoutePoint:1318824"/>
                </PointOnRoute>
              </pointsInSequence>
            </Route>
          </routes>
          <lines>
            <Line version="7769" id="VTR:Line:6153">
              <Name>Tryškiai-Dirmeikiai-Tryškiai</Name>
              <TransportMode>bus</TransportMode>
              <TransportSubmode>
                <BusSubmode>regionalBus</BusSubmode>
              </TransportSubmode>
              <PublicCode>TEl4</PublicCode>
              <OperatorRef ref="VTR:Operator:31"/>
            </Line>
          </lines>
          <scheduledStopPoints>
            <ScheduledStopPoint version="1" id="VTR:ScheduledStopPoint:1318822">
              <Name>Tryškiai</Name>
            </ScheduledStopPoint>
            <ScheduledStopPoint version="1" id="VTR:ScheduledStopPoint:1318823">
              <Name>Dirmeikiai</Name>
            </ScheduledStopPoint>
            <ScheduledStopPoint version="1" id="VTR:ScheduledStopPoint:1318824">
              <Name>Tryškiai</Name>
            </ScheduledStopPoint>
          </scheduledStopPoints>
          <serviceLinks>
            <ServiceLink id="VTR:ServiceLink:1318823_1_1318824_1" version="1">
              <Distance>4</Distance>
              <FromPointRef ref="VTR:ScheduledStopPoint:1318823" version="1"/>
              <ToPointRef ref="VTR:ScheduledStopPoint:1318824" version="1"/>
            </ServiceLink>
            <ServiceLink id="VTR:ServiceLink:1318822_1_1318823_1" version="1">
              <Distance>4</Distance>
              <FromPointRef ref="VTR:ScheduledStopPoint:1318822" version="1"/>
              <ToPointRef ref="VTR:ScheduledStopPoint:1318823" version="1"/>
            </ServiceLink>
          </serviceLinks>
          <stopAssignments>
            <PassengerStopAssignment order="1740400000" id="VTR:PassengerStopAssignment:1318822" version="1">
              <ScheduledStopPointRef ref="VTR:ScheduledStopPoint:1318822" version="1"/>
              <QuayRef ref="VTR:Quay:14222"/>
            </PassengerStopAssignment>
            <PassengerStopAssignment order="1740400001" id="VTR:PassengerStopAssignment:1318823" version="1">
              <ScheduledStopPointRef ref="VTR:ScheduledStopPoint:1318823" version="1"/>
              <QuayRef ref="VTR:Quay:34235"/>
            </PassengerStopAssignment>
            <PassengerStopAssignment order="1740400002" id="VTR:PassengerStopAssignment:1318824" version="1">
              <ScheduledStopPointRef ref="VTR:ScheduledStopPoint:1318824" version="1"/>
              <QuayRef ref="VTR:Quay:14222"/>
            </PassengerStopAssignment>
          </stopAssignments>
          <journeyPatterns>
            <JourneyPattern id="VTR:JourneyPattern:2630012" version="2631941">
              <Name>1</Name>
              <RouteRef ref="VTR:Route:17404" version="1"/>
              <pointsInSequence>
                <StopPointInJourneyPattern id="VTR:StopPointInJourneyPattern:94865277" version="2631941" order="1">
                  <ScheduledStopPointRef ref="VTR:ScheduledStopPoint:1318822"/>
                  <DestinationDisplayRef ref="VTR:DestinationDisplay:1"/>
                </StopPointInJourneyPattern>
                <StopPointInJourneyPattern id="VTR:StopPointInJourneyPattern:94865278" version="2631941" order="2">
                  <ScheduledStopPointRef ref="VTR:ScheduledStopPoint:1318823"/>
                  <DestinationDisplayRef ref="VTR:DestinationDisplay:1"/>
                </StopPointInJourneyPattern>
                <StopPointInJourneyPattern id="VTR:StopPointInJourneyPattern:94865279" version="2631941" order="3">
                  <ScheduledStopPointRef ref="VTR:ScheduledStopPoint:1318824"/>
                  <DestinationDisplayRef ref="VTR:DestinationDisplay:1"/>
                </StopPointInJourneyPattern>
              </pointsInSequence>
            </JourneyPattern>
          </journeyPatterns>
        </ServiceFrame>
        <TimetableFrame version="1" id="VTR:TimetableFrame:1399">
          <vehicleJourneys>
            <ServiceJourney version="2631941" id="VTR:ServiceJourney:2630012">
              <Name>Tryškiai-Dirmeikiai-Tryškiai</Name>
              <PrivateCode>1</PrivateCode>
              <dayTypes>
                <DayTypeRef ref="VTR:DayType:1227"/>
              </dayTypes>
              <JourneyPatternRef version="2631941" ref="VTR:JourneyPattern:2630012"/>
              <OperatorRef ref="VTR:Operator:507"/>
              <LineRef ref="VTR:Line:6153" version="7769"/>
              <passingTimes>
                <TimetabledPassingTime version="2631941" id="VTR:TimetabledPassingTime:2630012_94865277_1">
                  <StopPointInJourneyPatternRef ref="VTR:StopPointInJourneyPattern:94865277" version="2631941"/>
                  <DepartureTime>07:40:00</DepartureTime>
                  <DepartureDayOffset>0</DepartureDayOffset>
                </TimetabledPassingTime>
                <TimetabledPassingTime version="2631941" id="VTR:TimetabledPassingTime:2630012_94865278_2">
                  <StopPointInJourneyPatternRef ref="VTR:StopPointInJourneyPattern:94865278" version="2631941"/>
                  <DepartureTime>07:48:00</DepartureTime>
                  <DepartureDayOffset>0</DepartureDayOffset>
                </TimetabledPassingTime>
                <TimetabledPassingTime version="2631941" id="VTR:TimetabledPassingTime:2630012_94865279_3">
                  <StopPointInJourneyPatternRef ref="VTR:StopPointInJourneyPattern:94865279" version="2631941"/>
                  <DepartureTime>07:53:00</DepartureTime>
                  <DepartureDayOffset>0</DepartureDayOffset>
                </TimetabledPassingTime>
              </passingTimes>
            </ServiceJourney>
          </vehicleJourneys>
        </TimetableFrame>
        <ResourceFrame version="1" id="VTR:ResourceFrame:1399">
          <organisations>
            <Authority version="1" id="VTR:Authority:31">
              <CompanyNumber>78</CompanyNumber>
              <Name>Telšių r. sav.</Name>
              <LegalName>Telšių r. sav.</LegalName>
              <ContactDetails>
                <Email>zita.simaitiene@telsiai.lt</Email>
                <Phone>8 444 56183</Phone>
                <Url>www.telsiai.lt</Url>
              </ContactDetails>
              <OrganisationType>authority</OrganisationType>
            </Authority>
          </organisations>
        </ResourceFrame>
        <FareFrame id="VTR:FareFrame:6153" version="1">
          <FrameDefaults>
            <DefaultCurrency>EUR</DefaultCurrency>
          </FrameDefaults>
          <usageParameters>
            <RoundTrip id="VTR:RoundTrip:single" version="1">
              <Name>Single</Name>
              <TripType>single</TripType>
            </RoundTrip>
            <FrequencyOfUse id="VTR:FrequencyOfUse:once" version="1">
              <Name>Once</Name>
              <MaximalFrequency>1</MaximalFrequency>
            </FrequencyOfUse>
          </usageParameters>
          <priceGroups>
            <PriceGroup id="VTR:PriceGroup:PG01" version="1">
              <Name>Flat Fare Products - Standard</Name>
              <members>
                <FareProductPrice id="VTR:FareProductPrice:standard" version="1">
                  <Name>Single fare</Name>
                  <Amount>0.12</Amount>
                  <Currency>EUR</Currency>
                </FareProductPrice>
              </members>
            </PriceGroup>
          </priceGroups>
        </FareFrame>
      </frames>
    </CompositeFrame>
  </dataObjects>
</PublicationDelivery>
