<?xml version="1.0" encoding="UTF-8"?><PublicationDelivery xmlns="http://www.netex.org.uk/netex" xmlns:gis="http://www.opengis.net/gml/3.2" xmlns:ns2="http://www.opengis.net/gml/3.2" xmlns:ns3="http://www.siri.org.uk/siri" xmlns:xsi="http://www.w3.org/2001/XMLSchema-instance" version="1" xsi:schemaLocation="">
  <PublicationTimestamp>2022-05-07T04:55:00.275</PublicationTimestamp>
  <ParticipantRef>VTR</ParticipantRef>
  <Description>1</Description>
  <dataObjects>
    <CompositeFrame created="2022-05-07T04:55:00.275" version="1" id="VTR:CompositeFrame:1399">
      <validityConditions>
        <AvailabilityCondition version="1" id="VTR:AvailabilityCondition:1399">
          <FromDate>2019-10-14T14:14:53</FromDate>
          <ToDate>2027-12-30T00:00:00</ToDate>
        </AvailabilityCondition>
      </validityConditions>
      <codespaces>
        <Codespace id="vtr">
          <Xmlns>VTR</Xmlns>
          <XmlnsUrl>http://www.visimarsrutai.lt/</XmlnsUrl>
        </Codespace>
      </codespaces>
      <FrameDefaults>
        <DefaultLocale>
          <TimeZone>Europe/Vilnius</TimeZone>
        </DefaultLocale>
        <DefaultLocationSystem>WGS84</DefaultLocationSystem>
      </FrameDefaults>
      <frames>
        <ServiceCalendarFrame version="1" id="VTR:ServiceCalendarFrame:1399">
          <dayTypes>
            <DayType id="VTR:DayType:17170" version="1">
              <properties>
                <PropertyOfDay>
                  <DaysOfWeek>Monday Tuesday Wednesday Thursday</DaysOfWeek>
                </PropertyOfDay>
              </properties>
            </DayType>
          </dayTypes>
          <operatingPeriods>
            <OperatingPeriod version="1" id="VTR:OperatingPeriod:17170">
              <FromDate>2018-09-05T00:00:00</FromDate>
              <ToDate>2019-09-08T00:00:00</ToDate>
            </OperatingPeriod>
          </operatingPeriods>
          <dayTypeAssignments>
            <DayTypeAssignment id="VTR:DayTypeAssignment:17170_0" version="1" order="4145">
              <OperatingPeriodRef ref="VTR:OperatingPeriod:17170" version="1"/>
              <DayTypeRef ref="VTR:DayType:17170" version="1"/>
            </DayTypeAssignment>
          </dayTypeAssignments>
        </ServiceCalendarFrame>
        <ServiceFrame id="VTR:ServiceFrame:1399" version="1">
          <Network version="0" id="VTR:Network:31"/>
          <routePoints>
            <RoutePoint version="1" id="VTR:RoutePoint:1761425">
              <projections>
                <PointProjection version="1" id="VTR:PointProjection:61398">
                  <ProjectedPointRef ref="VTR:ScheduledStopPoint:1761425" version="1"/>
                </PointProjection>
              </projections>
            </RoutePoint>
            <RoutePoint version="1" id="VTR:RoutePoint:1761426">
              <projections>
                <PointProjection version="1" id="VTR:PointProjection:61399">
                  <ProjectedPointRef ref="VTR:ScheduledStopPoint:1761426" version="1"/>
                </PointProjection>
              </projections>
            </RoutePoint>
            <RoutePoint version="1" id="VTR:RoutePoint:1761427">
              <projections>
                <PointProjection version="1" id="VTR:PointProjection:61400">
                  <ProjectedPointRef ref="VTR:ScheduledStopPoint:1761427" version="1"/>
                </PointProjection>
              </projections>
            </RoutePoint>
            <RoutePoint version="1" id="VTR:RoutePoint:1761428">
              <projections>
                <PointProjection version="1" id="VTR:PointProjection:61401">
                  <ProjectedPointRef ref="VTR:ScheduledStopPoint:1761428" version="1"/>
                </PointProjection>
              </projections>
            </RoutePoint>
            <RoutePoint version="1" id="VTR:RoutePoint:1761429">
              <projections>
                <PointProjection version="1" id="VTR:PointProjection:61402">
                  <ProjectedPointRef ref="VTR:ScheduledStopPoint:1761429" version="1"/>
                </PointProjection>
              </projections>
            </RoutePoint>
            <RoutePoint version="1" id="VTR:RoutePoint:1761430">
              <projections>
                <PointProjection version="1" id="VTR:PointProjection:61404">
                  <ProjectedPointRef ref="VTR:ScheduledStopPoint:1761430" version="1"/>
                </PointProjection>
              </projections>
            </RoutePoint>
            <RoutePoint version="1" id="VTR:RoutePoint:1761431">
              <projections>
                <PointProjection version="1" id="VTR:PointProjection:61405">
                  <ProjectedPointRef ref="VTR:ScheduledStopPoint:1761431" version="1"/>
                </PointProjection>
              </projections>
            </RoutePoint>
            <RoutePoint version="1" id="VTR:RoutePoint:1761432">
              <projections>
                <PointProjection version="1" id="VTR:PointProjection:61406">
                  <ProjectedPointRef ref="VTR:ScheduledStopPoint:1761432" version="1"/>
                </PointProjection>
              </projections>
            </RoutePoint>
            <RoutePoint version="1" id="VTR:RoutePoint:1761433">
              <projections>
                <PointProjection version="1" id="VTR:PointProjection:61407">
                  <ProjectedPointRef ref="VTR:ScheduledStopPoint:1761433" version="1"/>
                </PointProjection>
              </projections>
            </RoutePoint>
            <RoutePoint version="1" id="VTR:RoutePoint:1761434">
              <projections>
                <PointProjection version="1" id="VTR:PointProjection:61408">
                  <ProjectedPointRef ref="VTR:ScheduledStopPoint:1761434" version="1"/>
                </PointProjection>
              </projections>
            </RoutePoint>
            <RoutePoint version="1" id="VTR:RoutePoint:1761435">
              <projections>
                <PointProjection version="1" id="VTR:PointProjection:61409">
                  <ProjectedPointRef ref="VTR:ScheduledStopPoint:1761435" version="1"/>
                </PointProjection>
              </projections>
            </RoutePoint>
            <RoutePoint version="1" id="VTR:RoutePoint:1761436">
              <projections>
                <PointProjection version="1" id="VTR:PointProjection:61410">
                  <ProjectedPointRef ref="VTR:ScheduledStopPoint:1761436" version="1"/>
                </PointProjection>
              </projections>
            </RoutePoint>
            <RoutePoint version="1" id="VTR:RoutePoint:1761437">
              <projections>
                <PointProjection version="1" id="VTR:PointProjection:61411">
                  <ProjectedPointRef ref="VTR:ScheduledStopPoint:1761437" version="1"/>
                </PointProjection>
              </projections>
            </RoutePoint>
            <RoutePoint version="1" id="VTR:RoutePoint:1761438">
              <projections>
                <PointProjection version="1" id="VTR:PointProjection:61412">
                  <ProjectedPointRef ref="VTR:ScheduledStopPoint:1761438" version="1"/>
                </PointProjection>
              </projections>
            </RoutePoint>
            <RoutePoint version="1" id="VTR:RoutePoint:1761439">
              <projections>
                <PointProjection version="1" id="VTR:PointProjection:61413">
                  <ProjectedPointRef ref="VTR:ScheduledStopPoint:1761439" version="1"/>
                </PointProjection>
              </projections>
            </RoutePoint>
            <RoutePoint version="1" id="VTR:RoutePoint:1761440">
              <projections>
                <PointProjection version="1" id="VTR:PointProjection:61968">
                  <ProjectedPointRef ref="VTR:ScheduledStopPoint:1761440" version="1"/>
                </PointProjection>
              </projections>
            </RoutePoint>
            <RoutePoint version="1" id="VTR:RoutePoint:1761441">
              <projections>
                <PointProjection version="1" id="VTR:PointProjection:61969">
                  <ProjectedPointRef ref="VTR:ScheduledStopPoint:1761441" version="1"/>
                </PointProjection>
              </projections>
            </RoutePoint>
            <RoutePoint version="1" id="VTR:RoutePoint:1761442">
              <projections>
                <PointProjection version="1" id="VTR:PointProjection:61970">
                  <ProjectedPointRef ref="VTR:ScheduledStopPoint:1761442" version="1"/>
                </PointProjection>
              </projections>
            </RoutePoint>
            <RoutePoint version="1" id="VTR:RoutePoint:1761443">
              <projections>
                <PointProjection version="1" id="VTR:PointProjection:61971">
                  <ProjectedPointRef ref="VTR:ScheduledStopPoint:1761443" version="1"/>
                </PointProjection>
              </projections>
            </RoutePoint>
            <RoutePoint version="1" id="VTR:RoutePoint:1761444">
              <projections>
                <PointProjection version="1" id="VTR:PointProjection:61972">
                  <ProjectedPointRef ref="VTR:ScheduledStopPoint:1761444" version="1"/>
                </PointProjection>
              </projections>
            </RoutePoint>
            <RoutePoint version="1" id="VTR:RoutePoint:1761445">
              <projections>
                <PointProjection version="1" id="VTR:PointProjection:61973">
                  <ProjectedPointRef ref="VTR:ScheduledStopPoint:1761445" version="1"/>
                </PointProjection>
              </projections>
            </RoutePoint>
            <RoutePoint version="1" id="VTR:RoutePoint:1761446">
              <projections>
                <PointProjection version="1" id="VTR:PointProjection:62254">
                  <ProjectedPointRef ref="VTR:ScheduledStopPoint:1761446" version="1"/>
                </PointProjection>
              </projections>
            </RoutePoint>
            <RoutePoint version="1" id="VTR:RoutePoint:1761447">
              <projections>
                <PointProjection version="1" id="VTR:PointProjection:62256">
                  <ProjectedPointRef ref="VTR:ScheduledStopPoint:1761447" version="1"/>
                </PointProjection>
              </projections>
            </RoutePoint>
          </routePoints>
          <routes>
            <Route version="1" id="VTR:Route:20397">
              <Name>Telšiai - Žarėnai- Feliksavas</Name>
              <ShortName>Telšiai - Žarėnai- Feliksavas</ShortName>
              <LineRef ref="VTR:Line:7261" version="9359"/>
              <DirectionType>outbound</DirectionType>
              <pointsInSequence>
                <PointOnRoute version="1" id="VTR:PointOnRoute:1761441" order="1">
                  <RoutePointRef ref="VTR:RoutePoint:1761441"/>
                </PointOnRoute>
                <PointOnRoute version="1" id="VTR:PointOnRoute:1761442" order="2">
                  <RoutePointRef ref="VTR:RoutePoint:1761442"/>
                </PointOnRoute>
                <PointOnRoute version="1" id="VTR:PointOnRoute:1761443" order="3">
                  <RoutePointRef ref="VTR:RoutePoint:1761443"/>
                </PointOnRoute>
                <PointOnRoute version="1" id="VTR:PointOnRoute:1761444" order="4">
                  <RoutePointRef ref="VTR:RoutePoint:1761444"/>
                </PointOnRoute>
                <PointOnRoute version="1" id="VTR:PointOnRoute:1761445" order="5">
                  <RoutePointRef ref="VTR:RoutePoint:1761445"/>
                </PointOnRoute>
                <PointOnRoute version="1" id="VTR:PointOnRoute:1761446" order="6">
                  <RoutePointRef ref="VTR:RoutePoint:1761446"/>
                </PointOnRoute>
                <PointOnRoute version="1" id="VTR:PointOnRoute:1761447" order="7">
                  <RoutePointRef ref="VTR:RoutePoint:1761447"/>
                </PointOnRoute>
                <PointOnRoute version="1" id="VTR:PointOnRoute:1761437" order="8">
                  <RoutePointRef ref="VTR:RoutePoint:1761437"/>
                </PointOnRoute>
                <PointOnRoute version="1" id="VTR:PointOnRoute:1761438" order="9">
                  <RoutePointRef ref="VTR:RoutePoint:1761438"/>
                </PointOnRoute>
                <PointOnRoute version="1" id="VTR:PointOnRoute:1761439" order="10">
                  <RoutePointRef ref="VTR:RoutePoint:1761439"/>
                </PointOnRoute>
                <PointOnRoute version="1" id="VTR:PointOnRoute:1761440" order="11">
                  <RoutePointRef ref="VTR:RoutePoint:1761440"/>
                </PointOnRoute>
              </pointsInSequence>
            </Route>
            <Route version="1" id="VTR:Route:20396">
              <Name>Feiksavas- Lauko Soda -Telšiai</Name>
              <ShortName>Feiksavas- Lauko Soda -Telšiai</ShortName>
              <LineRef ref="VTR:Line:7261" version="9359"/>
              <DirectionType>inbound</DirectionType>
              <pointsInSequence>
                <PointOnRoute version="1" id="VTR:PointOnRoute:1761430" order="1">
                  <RoutePointRef ref="VTR:RoutePoint:1761430"/>
                </PointOnRoute>
                <PointOnRoute version="1" id="VTR:PointOnRoute:1761431" order="2">
                  <RoutePointRef ref="VTR:RoutePoint:1761431"/>
                </PointOnRoute>
                <PointOnRoute version="1" id="VTR:PointOnRoute:1761432" order="3">
                  <RoutePointRef ref="VTR:RoutePoint:1761432"/>
                </PointOnRoute>
                <PointOnRoute version="1" id="VTR:PointOnRoute:1761434" order="4">
                  <RoutePointRef ref="VTR:RoutePoint:1761434"/>
                </PointOnRoute>
                <PointOnRoute version="1" id="VTR:PointOnRoute:1761435" order="5">
                  <RoutePointRef ref="VTR:RoutePoint:1761435"/>
                </PointOnRoute>
                <PointOnRoute version="1" id="VTR:PointOnRoute:1761436" order="6">
                  <RoutePointRef ref="VTR:RoutePoint:1761436"/>
                </PointOnRoute>
                <PointOnRoute version="1" id="VTR:PointOnRoute:1761433" order="7">
                  <RoutePointRef ref="VTR:RoutePoint:1761433"/>
                </PointOnRoute>
                <PointOnRoute version="1" id="VTR:PointOnRoute:1761425" order="8">
                  <RoutePointRef ref="VTR:RoutePoint:1761425"/>
                </PointOnRoute>
                <PointOnRoute version="1" id="VTR:PointOnRoute:1761426" order="9">
                  <RoutePointRef ref="VTR:RoutePoint:1761426"/>
                </PointOnRoute>
                <PointOnRoute version="1" id="VTR:PointOnRoute:1761427" order="10">
                  <RoutePointRef ref="VTR:RoutePoint:1761427"/>
                </PointOnRoute>
                <PointOnRoute version="1" id="VTR:PointOnRoute:1761428" order="11">
                  <RoutePointRef ref="VTR:RoutePoint:1761428"/>
                </PointOnRoute>
                <PointOnRoute version="1" id="VTR:PointOnRoute:1761429" order="12">
                  <RoutePointRef ref="VTR:RoutePoint:1761429"/>
                </PointOnRoute>
              </pointsInSequence>
            </Route>
          </routes>
          <lines>
            <Line version="9359" id="VTR:Line:7261">
              <Name>Telšiai - Žarėnai- Feliksavas</Name>
              <TransportMode>bus</TransportMode>
              <TransportSubmode>
                <BusSubmode>regionalBus</BusSubmode>
              </TransportSubmode>
              <PublicCode>49</PublicCode>
              <OperatorRef ref="VTR:Operator:31"/>
            </Line>
          </lines>
          <scheduledStopPoints>
            <ScheduledStopPoint version="1" id="VTR:ScheduledStopPoint:1761425">
              <Name>Krėpštai</Name>
            </ScheduledStopPoint>
            <ScheduledStopPoint version="1" id="VTR:ScheduledStopPoint:1761426">
              <Name>Rubežaičiai</Name>
            </ScheduledStopPoint>
            <ScheduledStopPoint version="1" id="VTR:ScheduledStopPoint:1761427">
              <Name>Purpliai</Name>
            </ScheduledStopPoint>
            <ScheduledStopPoint version="1" id="VTR:ScheduledStopPoint:1761428">
              <Name>Ryškėnai</Name>
            </ScheduledStopPoint>
            <ScheduledStopPoint version="1" id="VTR:ScheduledStopPoint:1761429">
              <Name>Telšių autobusų stotis</Name>
            </ScheduledStopPoint>
            <ScheduledStopPoint version="1" id="VTR:ScheduledStopPoint:1761430">
              <Name>Feliksavas</Name>
            </ScheduledStopPoint>
            <ScheduledStopPoint version="1" id="VTR:ScheduledStopPoint:1761431">
              <Name>Vismaldai</Name>
            </ScheduledStopPoint>
            <ScheduledStopPoint version="1" id="VTR:ScheduledStopPoint:1761432">
              <Name>Žarėnai</Name>
            </ScheduledStopPoint>
            <ScheduledStopPoint version="1" id="VTR:ScheduledStopPoint:1761433">
              <Name>Lauko Soda</Name>
            </ScheduledStopPoint>
            <ScheduledStopPoint version="1" id="VTR:ScheduledStopPoint:1761434">
              <Name>Užminijai</Name>
            </ScheduledStopPoint>
            <ScheduledStopPoint version="1" id="VTR:ScheduledStopPoint:1761435">
              <Name>Kereliškė</Name>
            </ScheduledStopPoint>
            <ScheduledStopPoint version="1" id="VTR:ScheduledStopPoint:1761436">
              <Name>Irdogana</Name>
            </ScheduledStopPoint>
            <ScheduledStopPoint version="1" id="VTR:ScheduledStopPoint:1761437">
              <Name>Užminijai</Name>
            </ScheduledStopPoint>
            <ScheduledStopPoint version="1" id="VTR:ScheduledStopPoint:1761438">
              <Name>Žarėnai</Name>
            </ScheduledStopPoint>
            <ScheduledStopPoint version="1" id="VTR:ScheduledStopPoint:1761439">
              <Name>Vismaldai</Name>
            </ScheduledStopPoint>
            <ScheduledStopPoint version="1" id="VTR:ScheduledStopPoint:1761440">
              <Name>Feliksavas</Name>
            </ScheduledStopPoint>
            <ScheduledStopPoint version="1" id="VTR:ScheduledStopPoint:1761441">
              <Name>Telšių autobusų stotis</Name>
            </ScheduledStopPoint>
            <ScheduledStopPoint version="1" id="VTR:ScheduledStopPoint:1761442">
              <Name>Ryškėnai</Name>
            </ScheduledStopPoint>
            <ScheduledStopPoint version="1" id="VTR:ScheduledStopPoint:1761443">
              <Name>Purpliai</Name>
            </ScheduledStopPoint>
            <ScheduledStopPoint version="1" id="VTR:ScheduledStopPoint:1761444">
              <Name>Rubežaičiai</Name>
            </ScheduledStopPoint>
            <ScheduledStopPoint version="1" id="VTR:ScheduledStopPoint:1761445">
              <Name>Krėpštai</Name>
            </ScheduledStopPoint>
            <ScheduledStopPoint version="1" id="VTR:ScheduledStopPoint:1761446">
              <Name>Irdogana</Name>
            </ScheduledStopPoint>
            <ScheduledStopPoint version="1" id="VTR:ScheduledStopPoint:1761447">
              <Name>Kereliškė</Name>
            </ScheduledStopPoint>
          </scheduledStopPoints>
          <serviceLinks>
            <ServiceLink id="VTR:ServiceLink:1761439_1_1761440_1" version="1">
              <Distance>0</Distance>
              <FromPointRef ref="VTR:ScheduledStopPoint:1761439" version="1"/>
              <ToPointRef ref="VTR:ScheduledStopPoint:1761440" version="1"/>
            </ServiceLink>
            <ServiceLink id="VTR:ServiceLink:1761438_1_1761439_1" version="1">
              <Distance>2</Distance>
              <FromPointRef ref="VTR:ScheduledStopPoint:1761438" version="1"/>
              <ToPointRef ref="VTR:ScheduledStopPoint:1761439" version="1"/>
            </ServiceLink>
            <ServiceLink id="VTR:ServiceLink:1761445_1_1761446_1" version="1">
              <Distance>2</Distance>
              <FromPointRef ref="VTR:ScheduledStopPoint:1761445" version="1"/>
              <ToPointRef ref="VTR:ScheduledStopPoint:1761446" version="1"/>
            </ServiceLink>
            <ServiceLink id="VTR:ServiceLink:1761443_1_1761444_1" version="1">
              <Distance>2</Distance>
              <FromPointRef ref="VTR:ScheduledStopPoint:1761443" version="1"/>
              <ToPointRef ref="VTR:ScheduledStopPoint:1761444" version="1"/>
            </ServiceLink>
            <ServiceLink id="VTR:ServiceLink:1761426_1_1761427_1" version="1">
              <Distance>2</Distance>
              <FromPointRef ref="VTR:ScheduledStopPoint:1761426" version="1"/>
              <ToPointRef ref="VTR:ScheduledStopPoint:1761427" version="1"/>
            </ServiceLink>
            <ServiceLink id="VTR:ServiceLink:1761427_1_1761428_1" version="1">
              <Distance>0</Distance>
              <FromPointRef ref="VTR:ScheduledStopPoint:1761427" version="1"/>
              <ToPointRef ref="VTR:ScheduledStopPoint:1761428" version="1"/>
            </ServiceLink>
            <ServiceLink id="VTR:ServiceLink:1761444_1_1761445_1" version="1">
              <Distance>1</Distance>
              <FromPointRef ref="VTR:ScheduledStopPoint:1761444" version="1"/>
              <ToPointRef ref="VTR:ScheduledStopPoint:1761445" version="1"/>
            </ServiceLink>
            <ServiceLink id="VTR:ServiceLink:1761436_1_1761433_1" version="1">
              <Distance>3</Distance>
              <FromPointRef ref="VTR:ScheduledStopPoint:1761436" version="1"/>
              <ToPointRef ref="VTR:ScheduledStopPoint:1761433" version="1"/>
            </ServiceLink>
            <ServiceLink id="VTR:ServiceLink:1761430_1_1761431_1" version="1">
              <Distance>0</Distance>
              <FromPointRef ref="VTR:ScheduledStopPoint:1761430" version="1"/>
              <ToPointRef ref="VTR:ScheduledStopPoint:1761431" version="1"/>
            </ServiceLink>
            <ServiceLink id="VTR:ServiceLink:1761435_1_1761436_1" version="1">
              <Distance>1</Distance>
              <FromPointRef ref="VTR:ScheduledStopPoint:1761435" version="1"/>
              <ToPointRef ref="VTR:ScheduledStopPoint:1761436" version="1"/>
            </ServiceLink>
            <ServiceLink id="VTR:ServiceLink:1761432_1_1761434_1" version="1">
              <Distance>2</Distance>
              <FromPointRef ref="VTR:ScheduledStopPoint:1761432" version="1"/>
              <ToPointRef ref="VTR:ScheduledStopPoint:1761434" version="1"/>
            </ServiceLink>
            <ServiceLink id="VTR:ServiceLink:1761437_1_1761438_1" version="1">
              <Distance>2</Distance>
              <FromPointRef ref="VTR:ScheduledStopPoint:1761437" version="1"/>
              <ToPointRef ref="VTR:ScheduledStopPoint:1761438" version="1"/>
            </ServiceLink>
            <ServiceLink id="VTR:ServiceLink:1761428_1_1761429_1" version="1">
              <Distance>3</Distance>
              <FromPointRef ref="VTR:ScheduledStopPoint:1761428" version="1"/>
              <ToPointRef ref="VTR:ScheduledStopPoint:1761429" version="1"/>
            </ServiceLink>
            <ServiceLink id="VTR:ServiceLink:1761425_1_1761426_1" version="1">
              <Distance>1</Distance>
              <FromPointRef ref="VTR:ScheduledStopPoint:1761425" version="1"/>
              <ToPointRef ref="VTR:ScheduledStopPoint:1761426" version="1"/>
            </ServiceLink>
            <ServiceLink id="VTR:ServiceLink:1761447_1_1761437_1" version="1">
              <Distance>2</Distance>
              <FromPointRef ref="VTR:ScheduledStopPoint:1761447" version="1"/>
              <ToPointRef ref="VTR:ScheduledStopPoint:1761437" version="1"/>
            </ServiceLink>
            <ServiceLink id="VTR:ServiceLink:1761446_1_1761447_1" version="1">
              <Distance>1</Distance>
              <FromPointRef ref="VTR:ScheduledStopPoint:1761446" version="1"/>
              <ToPointRef ref="VTR:ScheduledStopPoint:1761447" version="1"/>
            </ServiceLink>
            <ServiceLink id="VTR:ServiceLink:1761442_1_1761443_1" version="1">
              <Distance>0</Distance>
              <FromPointRef ref="VTR:ScheduledStopPoint:1761442" version="1"/>
              <ToPointRef ref="VTR:ScheduledStopPoint:1761443" version="1"/>
            </ServiceLink>
            <ServiceLink id="VTR:ServiceLink:1761441_1_1761442_1" version="1">
              <Distance>3</Distance>
              <FromPointRef ref="VTR:ScheduledStopPoint:1761441" version="1"/>
              <ToPointRef ref="VTR:ScheduledStopPoint:1761442" version="1"/>
            </ServiceLink>
            <ServiceLink id="VTR:ServiceLink:1761433_1_1761425_1" version="1">
              <Distance>3</Distance>
              <FromPointRef ref="VTR:ScheduledStopPoint:1761433" version="1"/>
              <ToPointRef ref="VTR:ScheduledStopPoint:1761425" version="1"/>
            </ServiceLink>
            <ServiceLink id="VTR:ServiceLink:1761434_1_1761435_1" version="1">
              <Distance>2</Distance>
              <FromPointRef ref="VTR:ScheduledStopPoint:1761434" version="1"/>
              <ToPointRef ref="VTR:ScheduledStopPoint:1761435" version="1"/>
            </ServiceLink>
            <ServiceLink id="VTR:ServiceLink:1761431_1_1761432_1" version="1">
              <Distance>2</Distance>
              <FromPointRef ref="VTR:ScheduledStopPoint:1761431" version="1"/>
              <ToPointRef ref="VTR:ScheduledStopPoint:1761432" version="1"/>
            </ServiceLink>
          </serviceLinks>
          <stopAssignments>
            <PassengerStopAssignment order="2039600000" id="VTR:PassengerStopAssignment:1761430" version="1">
              <ScheduledStopPointRef ref="VTR:ScheduledStopPoint:1761430" version="1"/>
              <QuayRef ref="VTR:Quay:39262"/>
            </PassengerStopAssignment>
            <PassengerStopAssignment order="2039600001" id="VTR:PassengerStopAssignment:1761431" version="1">
              <ScheduledStopPointRef ref="VTR:ScheduledStopPoint:1761431" version="1"/>
              <QuayRef ref="VTR:Quay:39263"/>
            </PassengerStopAssignment>
            <PassengerStopAssignment order="2039600002" id="VTR:PassengerStopAssignment:1761432" version="1">
              <ScheduledStopPointRef ref="VTR:ScheduledStopPoint:1761432" version="1"/>
              <QuayRef ref="VTR:Quay:5710"/>
            </PassengerStopAssignment>
            <PassengerStopAssignment order="2039600003" id="VTR:PassengerStopAssignment:1761434" version="1">
              <ScheduledStopPointRef ref="VTR:ScheduledStopPoint:1761434" version="1"/>
              <QuayRef ref="VTR:Quay:15329"/>
            </PassengerStopAssignment>
            <PassengerStopAssignment order="2039600004" id="VTR:PassengerStopAssignment:1761435" version="1">
              <ScheduledStopPointRef ref="VTR:ScheduledStopPoint:1761435" version="1"/>
              <QuayRef ref="VTR:Quay:6434"/>
            </PassengerStopAssignment>
            <PassengerStopAssignment order="2039600005" id="VTR:PassengerStopAssignment:1761436" version="1">
              <ScheduledStopPointRef ref="VTR:ScheduledStopPoint:1761436" version="1"/>
              <QuayRef ref="VTR:Quay:16253"/>
            </PassengerStopAssignment>
            <PassengerStopAssignment order="2039600006" id="VTR:PassengerStopAssignment:1761433" version="1">
              <ScheduledStopPointRef ref="VTR:ScheduledStopPoint:1761433" version="1"/>
              <QuayRef ref="VTR:Quay:13629"/>
            </PassengerStopAssignment>
            <PassengerStopAssignment order="2039600007" id="VTR:PassengerStopAssignment:1761425" version="1">
              <ScheduledStopPointRef ref="VTR:ScheduledStopPoint:1761425" version="1"/>
              <QuayRef ref="VTR:Quay:8347"/>
            </PassengerStopAssignment>
            <PassengerStopAssignment order="2039600008" id="VTR:PassengerStopAssignment:1761426" version="1">
              <ScheduledStopPointRef ref="VTR:ScheduledStopPoint:1761426" version="1"/>
              <QuayRef ref="VTR:Quay:12214"/>
            </PassengerStopAssignment>
            <PassengerStopAssignment order="2039600009" id="VTR:PassengerStopAssignment:1761427" version="1">
              <ScheduledStopPointRef ref="VTR:ScheduledStopPoint:1761427" version="1"/>
              <QuayRef ref="VTR:Quay:6444"/>
            </PassengerStopAssignment>
            <PassengerStopAssignment order="2039600010" id="VTR:PassengerStopAssignment:1761428" version="1">
              <ScheduledStopPointRef ref="VTR:ScheduledStopPoint:1761428" version="1"/>
              <QuayRef ref="VTR:Quay:12246"/>
            </PassengerStopAssignment>
            <PassengerStopAssignment order="2039600011" id="VTR:PassengerStopAssignment:1761429" version="1">
              <ScheduledStopPointRef ref="VTR:ScheduledStopPoint:1761429" version="1"/>
              <QuayRef ref="VTR:Quay:19451"/>
            </PassengerStopAssignment>
            <PassengerStopAssignment order="2039700000" id="VTR:PassengerStopAssignment:1761441" version="1">
              <ScheduledStopPointRef ref="VTR:ScheduledStopPoint:1761441" version="1"/>
              <QuayRef ref="VTR:Quay:19451"/>
            </PassengerStopAssignment>
            <PassengerStopAssignment order="2039700001" id="VTR:PassengerStopAssignment:1761442" version="1">
              <ScheduledStopPointRef ref="VTR:ScheduledStopPoint:1761442" version="1"/>
              <QuayRef ref="VTR:Quay:12246"/>
            </PassengerStopAssignment>
            <PassengerStopAssignment order="2039700002" id="VTR:PassengerStopAssignment:1761443" version="1">
              <ScheduledStopPointRef ref="VTR:ScheduledStopPoint:1761443" version="1"/>
              <QuayRef ref="VTR:Quay:6444"/>
            </PassengerStopAssignment>
            <PassengerStopAssignment order="2039700003" id="VTR:PassengerStopAssignment:1761444" version="1">
              <ScheduledStopPointRef ref="VTR:ScheduledStopPoint:1761444" version="1"/>
              <QuayRef ref="VTR:Quay:13264"/>
            </PassengerStopAssignment>
            <PassengerStopAssignment order="2039700004" id="VTR:PassengerStopAssignment:1761445" version="1">
              <ScheduledStopPointRef ref="VTR:ScheduledStopPoint:1761445" version="1"/>
              <QuayRef ref="VTR:Quay:10231"/>
            </PassengerStopAssignment>
            <PassengerStopAssignment order="2039700005" id="VTR:PassengerStopAssignment:1761446" version="1">
              <ScheduledStopPointRef ref="VTR:ScheduledStopPoint:1761446" version="1"/>
              <QuayRef ref="VTR:Quay:5380"/>
            </PassengerStopAssignment>
            <PassengerStopAssignment order="2039700006" id="VTR:PassengerStopAssignment:1761447" version="1">
              <ScheduledStopPointRef ref="VTR:ScheduledStopPoint:1761447" version="1"/>
              <QuayRef ref="VTR:Quay:6434"/>
            </PassengerStopAssignment>
            <PassengerStopAssignment order="2039700007" id="VTR:PassengerStopAssignment:1761437" version="1">
              <ScheduledStopPointRef ref="VTR:ScheduledStopPoint:1761437" version="1"/>
              <QuayRef ref="VTR:Quay:15329"/>
            </PassengerStopAssignment>
            <PassengerStopAssignment order="2039700008" id="VTR:PassengerStopAssignment:1761438" version="1">
              <ScheduledStopPointRef ref="VTR:ScheduledStopPoint:1761438" version="1"/>
              <QuayRef ref="VTR:Quay:5710"/>
            </PassengerStopAssignment>
            <PassengerStopAssignment order="2039700009" id="VTR:PassengerStopAssignment:1761439" version="1">
              <ScheduledStopPointRef ref="VTR:ScheduledStopPoint:1761439" version="1"/>
              <QuayRef ref="VTR:Quay:39263"/>
            </PassengerStopAssignment>
            <PassengerStopAssignment order="2039700010" id="VTR:PassengerStopAssignment:1761440" version="1">
              <ScheduledStopPointRef ref="VTR:ScheduledStopPoint:1761440" version="1"/>
              <QuayRef ref="VTR:Quay:39262"/>
            </PassengerStopAssignment>
          </stopAssignments>
          <journeyPatterns>
            <JourneyPattern id="VTR:JourneyPattern:3764313" version="3766883">
              <Name>1</Name>
              <RouteRef ref="VTR:Route:20397" version="1"/>
              <pointsInSequence>
                <StopPointInJourneyPattern id="VTR:StopPointInJourneyPattern:129693917" version="3766883" order="1">
                  <ScheduledStopPointRef ref="VTR:ScheduledStopPoint:1761441"/>
                  <DestinationDisplayRef ref="VTR:DestinationDisplay:1"/>
                </StopPointInJourneyPattern>
                <StopPointInJourneyPattern id="VTR:StopPointInJourneyPattern:129693918" version="3766883" order="2">
                  <ScheduledStopPointRef ref="VTR:ScheduledStopPoint:1761442"/>
                  <DestinationDisplayRef ref="VTR:DestinationDisplay:1"/>
                </StopPointInJourneyPattern>
                <StopPointInJourneyPattern id="VTR:StopPointInJourneyPattern:129693919" version="3766883" order="3">
                  <ScheduledStopPointRef ref="VTR:ScheduledStopPoint:1761443"/>
                  <DestinationDisplayRef ref="VTR:DestinationDisplay:1"/>
                </StopPointInJourneyPattern>
                <StopPointInJourneyPattern id="VTR:StopPointInJourneyPattern:129693920" version="3766883" order="4">
                  <ScheduledStopPointRef ref="VTR:ScheduledStopPoint:1761444"/>
                  <DestinationDisplayRef ref="VTR:DestinationDisplay:1"/>
                </StopPointInJourneyPattern>
                <StopPointInJourneyPattern id="VTR:StopPointInJourneyPattern:129693921" version="3766883" order="5">
                  <ScheduledStopPointRef ref="VTR:ScheduledStopPoint:1761445"/>
                  <DestinationDisplayRef ref="VTR:DestinationDisplay:1"/>
                </StopPointInJourneyPattern>
                <StopPointInJourneyPattern id="VTR:StopPointInJourneyPattern:129693922" version="3766883" order="6">
                  <ScheduledStopPointRef ref="VTR:ScheduledStopPoint:1761446"/>
                  <DestinationDisplayRef ref="VTR:DestinationDisplay:1"/>
                </StopPointInJourneyPattern>
                <StopPointInJourneyPattern id="VTR:StopPointInJourneyPattern:129693923" version="3766883" order="7">
                  <ScheduledStopPointRef ref="VTR:ScheduledStopPoint:1761447"/>
                  <DestinationDisplayRef ref="VTR:DestinationDisplay:1"/>
                </StopPointInJourneyPattern>
                <StopPointInJourneyPattern id="VTR:StopPointInJourneyPattern:129693924" version="3766883" order="8">
                  <ScheduledStopPointRef ref="VTR:ScheduledStopPoint:1761437"/>
                  <DestinationDisplayRef ref="VTR:DestinationDisplay:1"/>
                </StopPointInJourneyPattern>
                <StopPointInJourneyPattern id="VTR:StopPointInJourneyPattern:129693925" version="3766883" order="9">
                  <ScheduledStopPointRef ref="VTR:ScheduledStopPoint:1761438"/>
                  <DestinationDisplayRef ref="VTR:DestinationDisplay:1"/>
                </StopPointInJourneyPattern>
                <StopPointInJourneyPattern id="VTR:StopPointInJourneyPattern:129693926" version="3766883" order="10">
                  <ScheduledStopPointRef ref="VTR:ScheduledStopPoint:1761439"/>
                  <DestinationDisplayRef ref="VTR:DestinationDisplay:1"/>
                </StopPointInJourneyPattern>
                <StopPointInJourneyPattern id="VTR:StopPointInJourneyPattern:129693927" version="3766883" order="11">
                  <ScheduledStopPointRef ref="VTR:ScheduledStopPoint:1761440"/>
                  <DestinationDisplayRef ref="VTR:DestinationDisplay:1"/>
                </StopPointInJourneyPattern>
              </pointsInSequence>
            </JourneyPattern>
            <JourneyPattern id="VTR:JourneyPattern:3764312" version="3766882">
              <Name>2</Name>
              <RouteRef ref="VTR:Route:20396" version="1"/>
              <pointsInSequence>
                <StopPointInJourneyPattern id="VTR:StopPointInJourneyPattern:129693905" version="3766882" order="1">
                  <ScheduledStopPointRef ref="VTR:ScheduledStopPoint:1761430"/>
                  <DestinationDisplayRef ref="VTR:DestinationDisplay:1"/>
                </StopPointInJourneyPattern>
                <StopPointInJourneyPattern id="VTR:StopPointInJourneyPattern:129693906" version="3766882" order="2">
                  <ScheduledStopPointRef ref="VTR:ScheduledStopPoint:1761431"/>
                  <DestinationDisplayRef ref="VTR:DestinationDisplay:1"/>
                </StopPointInJourneyPattern>
                <StopPointInJourneyPattern id="VTR:StopPointInJourneyPattern:129693907" version="3766882" order="3">
                  <ScheduledStopPointRef ref="VTR:ScheduledStopPoint:1761432"/>
                  <DestinationDisplayRef ref="VTR:DestinationDisplay:1"/>
                </StopPointInJourneyPattern>
                <StopPointInJourneyPattern id="VTR:StopPointInJourneyPattern:129693908" version="3766882" order="4">
                  <ScheduledStopPointRef ref="VTR:ScheduledStopPoint:1761434"/>
                  <DestinationDisplayRef ref="VTR:DestinationDisplay:1"/>
                </StopPointInJourneyPattern>
                <StopPointInJourneyPattern id="VTR:StopPointInJourneyPattern:129693909" version="3766882" order="5">
                  <ScheduledStopPointRef ref="VTR:ScheduledStopPoint:1761435"/>
                  <DestinationDisplayRef ref="VTR:DestinationDisplay:1"/>
                </StopPointInJourneyPattern>
                <StopPointInJourneyPattern id="VTR:StopPointInJourneyPattern:129693910" version="3766882" order="6">
                  <ScheduledStopPointRef ref="VTR:ScheduledStopPoint:1761436"/>
                  <DestinationDisplayRef ref="VTR:DestinationDisplay:1"/>
                </StopPointInJourneyPattern>
                <StopPointInJourneyPattern id="VTR:StopPointInJourneyPattern:129693911" version="3766882" order="7">
                  <ScheduledStopPointRef ref="VTR:ScheduledStopPoint:1761433"/>
                  <DestinationDisplayRef ref="VTR:DestinationDisplay:1"/>
                </StopPointInJourneyPattern>
                <StopPointInJourneyPattern id="VTR:StopPointInJourneyPattern:129693912" version="3766882" order="8">
                  <ScheduledStopPointRef ref="VTR:ScheduledStopPoint:1761425"/>
                  <DestinationDisplayRef ref="VTR:DestinationDisplay:1"/>
                </StopPointInJourneyPattern>
                <StopPointInJourneyPattern id="VTR:StopPointInJourneyPattern:129693913" version="3766882" order="9">
                  <ScheduledStopPointRef ref="VTR:ScheduledStopPoint:1761426"/>
                  <DestinationDisplayRef ref="VTR:DestinationDisplay:1"/>
                </StopPointInJourneyPattern>
                <StopPointInJourneyPattern id="VTR:StopPointInJourneyPattern:129693914" version="3766882" order="10">
                  <ScheduledStopPointRef ref="VTR:ScheduledStopPoint:1761427"/>
                  <DestinationDisplayRef ref="VTR:DestinationDisplay:1"/>
                </StopPointInJourneyPattern>
                <StopPointInJourneyPattern id="VTR:StopPointInJourneyPattern:129693915" version="3766882" order="11">
                  <ScheduledStopPointRef ref="VTR:ScheduledStopPoint:1761428"/>
                  <DestinationDisplayRef ref="VTR:DestinationDisplay:1"/>
                </StopPointInJourneyPattern>
                <StopPointInJourneyPattern id="VTR:StopPointInJourneyPattern:129693916" version="3766882" order="12">
                  <ScheduledStopPointRef ref="VTR:ScheduledStopPoint:1761429"/>
                  <DestinationDisplayRef ref="VTR:DestinationDisplay:1"/>
                </StopPointInJourneyPattern>
              </pointsInSequence>
            </JourneyPattern>
          </journeyPatterns>
        </ServiceFrame>
        <TimetableFrame version="1" id="VTR:TimetableFrame:1399">
          <vehicleJourneys>
            <ServiceJourney version="3766882" id="VTR:ServiceJourney:3764312">
              <Name>Feiksavas- Lauko Soda -Telšiai</Name>
              <PrivateCode>2</PrivateCode>
              <dayTypes>
                <DayTypeRef ref="VTR:DayType:17170"/>
              </dayTypes>
              <JourneyPatternRef version="3766882" ref="VTR:JourneyPattern:3764312"/>
              <OperatorRef ref="VTR:Operator:526"/>
              <LineRef ref="VTR:Line:7261" version="9359"/>
              <passingTimes>
                <TimetabledPassingTime version="3766882" id="VTR:TimetabledPassingTime:3764312_129693905_1">
                  <StopPointInJourneyPatternRef ref="VTR:StopPointInJourneyPattern:129693905" version="3766882"/>
                  <DepartureTime>06:57:00</DepartureTime>
                  <DepartureDayOffset>0</DepartureDayOffset>
                </TimetabledPassingTime>
                <TimetabledPassingTime version="3766882" id="VTR:TimetabledPassingTime:3764312_129693906_2">
                  <StopPointInJourneyPatternRef ref="VTR:StopPointInJourneyPattern:129693906" version="3766882"/>
                  <DepartureTime>07:00:00</DepartureTime>
                  <DepartureDayOffset>0</DepartureDayOffset>
                </TimetabledPassingTime>
                <TimetabledPassingTime version="3766882" id="VTR:TimetabledPassingTime:3764312_129693907_3">
                  <StopPointInJourneyPatternRef ref="VTR:StopPointInJourneyPattern:129693907" version="3766882"/>
                  <DepartureTime>07:05:00</DepartureTime>
                  <DepartureDayOffset>0</DepartureDayOffset>
                </TimetabledPassingTime>
                <TimetabledPassingTime version="3766882" id="VTR:TimetabledPassingTime:3764312_129693908_4">
                  <StopPointInJourneyPatternRef ref="VTR:StopPointInJourneyPattern:129693908" version="3766882"/>
                  <DepartureTime>07:09:00</DepartureTime>
                  <DepartureDayOffset>0</DepartureDayOffset>
                </TimetabledPassingTime>
                <TimetabledPassingTime version="3766882" id="VTR:TimetabledPassingTime:3764312_129693909_5">
                  <StopPointInJourneyPatternRef ref="VTR:StopPointInJourneyPattern:129693909" version="3766882"/>
                  <DepartureTime>07:12:00</DepartureTime>
                  <DepartureDayOffset>0</DepartureDayOffset>
                </TimetabledPassingTime>
                <TimetabledPassingTime version="3766882" id="VTR:TimetabledPassingTime:3764312_129693910_6">
                  <StopPointInJourneyPatternRef ref="VTR:StopPointInJourneyPattern:129693910" version="3766882"/>
                  <DepartureTime>07:15:00</DepartureTime>
                  <DepartureDayOffset>0</DepartureDayOffset>
                </TimetabledPassingTime>
                <TimetabledPassingTime version="3766882" id="VTR:TimetabledPassingTime:3764312_129693911_7">
                  <StopPointInJourneyPatternRef ref="VTR:StopPointInJourneyPattern:129693911" version="3766882"/>
                  <DepartureTime>07:20:00</DepartureTime>
                  <DepartureDayOffset>0</DepartureDayOffset>
                </TimetabledPassingTime>
                <TimetabledPassingTime version="3766882" id="VTR:TimetabledPassingTime:3764312_129693912_8">
                  <StopPointInJourneyPatternRef ref="VTR:StopPointInJourneyPattern:129693912" version="3766882"/>
                  <DepartureTime>07:24:00</DepartureTime>
                  <DepartureDayOffset>0</DepartureDayOffset>
                </TimetabledPassingTime>
                <TimetabledPassingTime version="3766882" id="VTR:TimetabledPassingTime:3764312_129693913_9">
                  <StopPointInJourneyPatternRef ref="VTR:StopPointInJourneyPattern:129693913" version="3766882"/>
                  <DepartureTime>07:26:00</DepartureTime>
                  <DepartureDayOffset>0</DepartureDayOffset>
                </TimetabledPassingTime>
                <TimetabledPassingTime version="3766882" id="VTR:TimetabledPassingTime:3764312_129693914_10">
                  <StopPointInJourneyPatternRef ref="VTR:StopPointInJourneyPattern:129693914" version="3766882"/>
                  <DepartureTime>07:29:00</DepartureTime>
                  <DepartureDayOffset>0</DepartureDayOffset>
                </TimetabledPassingTime>
                <TimetabledPassingTime version="3766882" id="VTR:TimetabledPassingTime:3764312_129693915_11">
                  <StopPointInJourneyPatternRef ref="VTR:StopPointInJourneyPattern:129693915" version="3766882"/>
                  <DepartureTime>07:31:00</DepartureTime>
                  <DepartureDayOffset>0</DepartureDayOffset>
                </TimetabledPassingTime>
                <TimetabledPassingTime version="3766882" id="VTR:TimetabledPassingTime:3764312_129693916_12">
                  <StopPointInJourneyPatternRef ref="VTR:StopPointInJourneyPattern:129693916" version="3766882"/>
                  <DepartureTime>07:35:00</DepartureTime>
                  <DepartureDayOffset>0</DepartureDayOffset>
                </TimetabledPassingTime>
              </passingTimes>
            </ServiceJourney>
            <ServiceJourney version="3766883" id="VTR:ServiceJourney:3764313">
              <Name>Telšiai - Žarėnai- Feliksavas</Name>
              <PrivateCode>1</PrivateCode>
              <dayTypes>
                <DayTypeRef ref="VTR:DayType:17170"/>
              </dayTypes>
              <JourneyPatternRef version="3766883" ref="VTR:JourneyPattern:3764313"/>
              <OperatorRef ref="VTR:Operator:526"/>
              <LineRef ref="VTR:Line:7261" version="9359"/>
              <passingTimes>
                <TimetabledPassingTime version="3766883" id="VTR:TimetabledPassingTime:3764313_129693917_1">
                  <StopPointInJourneyPatternRef ref="VTR:StopPointInJourneyPattern:129693917" version="3766883"/>
                  <DepartureTime>06:25:00</DepartureTime>
                  <DepartureDayOffset>0</DepartureDayOffset>
                </TimetabledPassingTime>
                <TimetabledPassingTime version="3766883" id="VTR:TimetabledPassingTime:3764313_129693918_2">
                  <StopPointInJourneyPatternRef ref="VTR:StopPointInJourneyPattern:129693918" version="3766883"/>
                  <DepartureTime>06:29:00</DepartureTime>
                  <DepartureDayOffset>0</DepartureDayOffset>
                </TimetabledPassingTime>
                <TimetabledPassingTime version="3766883" id="VTR:TimetabledPassingTime:3764313_129693919_3">
                  <StopPointInJourneyPatternRef ref="VTR:StopPointInJourneyPattern:129693919" version="3766883"/>
                  <DepartureTime>06:30:00</DepartureTime>
                  <DepartureDayOffset>0</DepartureDayOffset>
                </TimetabledPassingTime>
                <TimetabledPassingTime version="3766883" id="VTR:TimetabledPassingTime:3764313_129693920_4">
                  <StopPointInJourneyPatternRef ref="VTR:StopPointInJourneyPattern:129693920" version="3766883"/>
                  <DepartureTime>06:33:00</DepartureTime>
                  <DepartureDayOffset>0</DepartureDayOffset>
                </TimetabledPassingTime>
                <TimetabledPassingTime version="3766883" id="VTR:TimetabledPassingTime:3764313_129693921_5">
                  <StopPointInJourneyPatternRef ref="VTR:StopPointInJourneyPattern:129693921" version="3766883"/>
                  <DepartureTime>06:37:00</DepartureTime>
                  <DepartureDayOffset>0</DepartureDayOffset>
                </TimetabledPassingTime>
                <TimetabledPassingTime version="3766883" id="VTR:TimetabledPassingTime:3764313_129693922_6">
                  <StopPointInJourneyPatternRef ref="VTR:StopPointInJourneyPattern:129693922" version="3766883"/>
                  <DepartureTime>06:40:00</DepartureTime>
                  <DepartureDayOffset>0</DepartureDayOffset>
                </TimetabledPassingTime>
                <TimetabledPassingTime version="3766883" id="VTR:TimetabledPassingTime:3764313_129693923_7">
                  <StopPointInJourneyPatternRef ref="VTR:StopPointInJourneyPattern:129693923" version="3766883"/>
                  <DepartureTime>06:42:00</DepartureTime>
                  <DepartureDayOffset>0</DepartureDayOffset>
                </TimetabledPassingTime>
                <TimetabledPassingTime version="3766883" id="VTR:TimetabledPassingTime:3764313_129693924_8">
                  <StopPointInJourneyPatternRef ref="VTR:StopPointInJourneyPattern:129693924" version="3766883"/>
                  <DepartureTime>06:45:00</DepartureTime>
                  <DepartureDayOffset>0</DepartureDayOffset>
                </TimetabledPassingTime>
                <TimetabledPassingTime version="3766883" id="VTR:TimetabledPassingTime:3764313_129693925_9">
                  <StopPointInJourneyPatternRef ref="VTR:StopPointInJourneyPattern:129693925" version="3766883"/>
                  <DepartureTime>06:49:00</DepartureTime>
                  <DepartureDayOffset>0</DepartureDayOffset>
                </TimetabledPassingTime>
                <TimetabledPassingTime version="3766883" id="VTR:TimetabledPassingTime:3764313_129693926_10">
                  <StopPointInJourneyPatternRef ref="VTR:StopPointInJourneyPattern:129693926" version="3766883"/>
                  <DepartureTime>06:52:00</DepartureTime>
                  <DepartureDayOffset>0</DepartureDayOffset>
                </TimetabledPassingTime>
                <TimetabledPassingTime version="3766883" id="VTR:TimetabledPassingTime:3764313_129693927_11">
                  <StopPointInJourneyPatternRef ref="VTR:StopPointInJourneyPattern:129693927" version="3766883"/>
                  <DepartureTime>06:55:00</DepartureTime>
                  <DepartureDayOffset>0</DepartureDayOffset>
                </TimetabledPassingTime>
              </passingTimes>
            </ServiceJourney>
          </vehicleJourneys>
        </TimetableFrame>
        <ResourceFrame version="1" id="VTR:ResourceFrame:1399">
          <organisations>
            <Authority version="1" id="VTR:Authority:31">
              <CompanyNumber>78</CompanyNumber>
              <Name>Telšių r. sav.</Name>
              <LegalName>Telšių r. sav.</LegalName>
              <ContactDetails>
                <Email>zita.simaitiene@telsiai.lt</Email>
                <Phone>8 444 56183</Phone>
                <Url>www.telsiai.lt</Url>
              </ContactDetails>
              <OrganisationType>authority</OrganisationType>
            </Authority>
          </organisations>
        </ResourceFrame>
        <FareFrame id="VTR:FareFrame:7261" version="1">
          <FrameDefaults>
            <DefaultCurrency>EUR</DefaultCurrency>
          </FrameDefaults>
          <usageParameters>
            <RoundTrip id="VTR:RoundTrip:single" version="1">
              <Name>Single</Name>
              <TripType>single</TripType>
            </RoundTrip>
            <FrequencyOfUse id="VTR:FrequencyOfUse:once" version="1">
              <Name>Once</Name>
              <MaximalFrequency>1</MaximalFrequency>
            </FrequencyOfUse>
          </usageParameters>
          <priceGroups>
            <PriceGroup id="VTR:PriceGroup:PG01" version="1">
              <Name>Flat Fare Products - Standard</Name>
              <members>
                <FareProductPrice id="VTR:FareProductPrice:standard" version="1">
                  <Name>Single fare</Name>
                  <Amount>0.12</Amount>
                  <Currency>EUR</Currency>
                </FareProductPrice>
              </members>
            </PriceGroup>
          </priceGroups>
        </FareFrame>
      </frames>
    </CompositeFrame>
  </dataObjects>
</PublicationDelivery>
