<?xml version="1.0" encoding="UTF-8"?><PublicationDelivery xmlns="http://www.netex.org.uk/netex" xmlns:gis="http://www.opengis.net/gml/3.2" xmlns:ns2="http://www.opengis.net/gml/3.2" xmlns:ns3="http://www.siri.org.uk/siri" xmlns:xsi="http://www.w3.org/2001/XMLSchema-instance" version="1" xsi:schemaLocation="">
  <PublicationTimestamp>2022-05-07T04:55:00.275</PublicationTimestamp>
  <ParticipantRef>VTR</ParticipantRef>
  <Description>1</Description>
  <dataObjects>
    <CompositeFrame created="2022-05-07T04:55:00.275" version="1" id="VTR:CompositeFrame:1399">
      <validityConditions>
        <AvailabilityCondition version="1" id="VTR:AvailabilityCondition:1399">
          <FromDate>2015-09-16T15:44:35</FromDate>
          <ToDate>2027-12-30T00:00:00</ToDate>
        </AvailabilityCondition>
      </validityConditions>
      <codespaces>
        <Codespace id="vtr">
          <Xmlns>VTR</Xmlns>
          <XmlnsUrl>http://www.visimarsrutai.lt/</XmlnsUrl>
        </Codespace>
      </codespaces>
      <FrameDefaults>
        <DefaultLocale>
          <TimeZone>Europe/Vilnius</TimeZone>
        </DefaultLocale>
        <DefaultLocationSystem>WGS84</DefaultLocationSystem>
      </FrameDefaults>
      <frames>
        <ServiceCalendarFrame version="1" id="VTR:ServiceCalendarFrame:1399">
          <dayTypes>
            <DayType id="VTR:DayType:1227" version="1">
              <properties>
                <PropertyOfDay>
                  <DaysOfWeek>Monday Tuesday Wednesday Thursday Friday</DaysOfWeek>
                </PropertyOfDay>
              </properties>
            </DayType>
          </dayTypes>
          <operatingPeriods>
            <OperatingPeriod version="1" id="VTR:OperatingPeriod:1227">
              <FromDate>2012-01-01T00:00:00</FromDate>
              <ToDate>2018-12-31T00:00:00</ToDate>
            </OperatingPeriod>
          </operatingPeriods>
          <dayTypeAssignments>
            <DayTypeAssignment id="VTR:DayTypeAssignment:1227_0" version="1" order="1183">
              <OperatingPeriodRef ref="VTR:OperatingPeriod:1227" version="1"/>
              <DayTypeRef ref="VTR:DayType:1227" version="1"/>
            </DayTypeAssignment>
          </dayTypeAssignments>
        </ServiceCalendarFrame>
        <ServiceFrame id="VTR:ServiceFrame:1399" version="1">
          <Network version="0" id="VTR:Network:31"/>
          <routePoints>
            <RoutePoint version="1" id="VTR:RoutePoint:1761574">
              <projections>
                <PointProjection version="1" id="VTR:PointProjection:2442">
                  <ProjectedPointRef ref="VTR:ScheduledStopPoint:1761574" version="1"/>
                </PointProjection>
              </projections>
            </RoutePoint>
            <RoutePoint version="1" id="VTR:RoutePoint:1761575">
              <projections>
                <PointProjection version="1" id="VTR:PointProjection:2443">
                  <ProjectedPointRef ref="VTR:ScheduledStopPoint:1761575" version="1"/>
                </PointProjection>
              </projections>
            </RoutePoint>
            <RoutePoint version="1" id="VTR:RoutePoint:1761576">
              <projections>
                <PointProjection version="1" id="VTR:PointProjection:2446">
                  <ProjectedPointRef ref="VTR:ScheduledStopPoint:1761576" version="1"/>
                </PointProjection>
              </projections>
            </RoutePoint>
            <RoutePoint version="1" id="VTR:RoutePoint:1761577">
              <projections>
                <PointProjection version="1" id="VTR:PointProjection:2447">
                  <ProjectedPointRef ref="VTR:ScheduledStopPoint:1761577" version="1"/>
                </PointProjection>
              </projections>
            </RoutePoint>
            <RoutePoint version="1" id="VTR:RoutePoint:1761578">
              <projections>
                <PointProjection version="1" id="VTR:PointProjection:2448">
                  <ProjectedPointRef ref="VTR:ScheduledStopPoint:1761578" version="1"/>
                </PointProjection>
              </projections>
            </RoutePoint>
            <RoutePoint version="1" id="VTR:RoutePoint:1761579">
              <projections>
                <PointProjection version="1" id="VTR:PointProjection:2449">
                  <ProjectedPointRef ref="VTR:ScheduledStopPoint:1761579" version="1"/>
                </PointProjection>
              </projections>
            </RoutePoint>
            <RoutePoint version="1" id="VTR:RoutePoint:1761580">
              <projections>
                <PointProjection version="1" id="VTR:PointProjection:2450">
                  <ProjectedPointRef ref="VTR:ScheduledStopPoint:1761580" version="1"/>
                </PointProjection>
              </projections>
            </RoutePoint>
            <RoutePoint version="1" id="VTR:RoutePoint:1761581">
              <projections>
                <PointProjection version="1" id="VTR:PointProjection:2451">
                  <ProjectedPointRef ref="VTR:ScheduledStopPoint:1761581" version="1"/>
                </PointProjection>
              </projections>
            </RoutePoint>
            <RoutePoint version="1" id="VTR:RoutePoint:1761582">
              <projections>
                <PointProjection version="1" id="VTR:PointProjection:2452">
                  <ProjectedPointRef ref="VTR:ScheduledStopPoint:1761582" version="1"/>
                </PointProjection>
              </projections>
            </RoutePoint>
            <RoutePoint version="1" id="VTR:RoutePoint:1761583">
              <projections>
                <PointProjection version="1" id="VTR:PointProjection:2453">
                  <ProjectedPointRef ref="VTR:ScheduledStopPoint:1761583" version="1"/>
                </PointProjection>
              </projections>
            </RoutePoint>
            <RoutePoint version="1" id="VTR:RoutePoint:1761584">
              <projections>
                <PointProjection version="1" id="VTR:PointProjection:2454">
                  <ProjectedPointRef ref="VTR:ScheduledStopPoint:1761584" version="1"/>
                </PointProjection>
              </projections>
            </RoutePoint>
            <RoutePoint version="1" id="VTR:RoutePoint:1761585">
              <projections>
                <PointProjection version="1" id="VTR:PointProjection:2455">
                  <ProjectedPointRef ref="VTR:ScheduledStopPoint:1761585" version="1"/>
                </PointProjection>
              </projections>
            </RoutePoint>
            <RoutePoint version="1" id="VTR:RoutePoint:1761586">
              <projections>
                <PointProjection version="1" id="VTR:PointProjection:2456">
                  <ProjectedPointRef ref="VTR:ScheduledStopPoint:1761586" version="1"/>
                </PointProjection>
              </projections>
            </RoutePoint>
            <RoutePoint version="1" id="VTR:RoutePoint:1761587">
              <projections>
                <PointProjection version="1" id="VTR:PointProjection:2457">
                  <ProjectedPointRef ref="VTR:ScheduledStopPoint:1761587" version="1"/>
                </PointProjection>
              </projections>
            </RoutePoint>
            <RoutePoint version="1" id="VTR:RoutePoint:1761588">
              <projections>
                <PointProjection version="1" id="VTR:PointProjection:2458">
                  <ProjectedPointRef ref="VTR:ScheduledStopPoint:1761588" version="1"/>
                </PointProjection>
              </projections>
            </RoutePoint>
            <RoutePoint version="1" id="VTR:RoutePoint:1761589">
              <projections>
                <PointProjection version="1" id="VTR:PointProjection:2459">
                  <ProjectedPointRef ref="VTR:ScheduledStopPoint:1761589" version="1"/>
                </PointProjection>
              </projections>
            </RoutePoint>
            <RoutePoint version="1" id="VTR:RoutePoint:1761590">
              <projections>
                <PointProjection version="1" id="VTR:PointProjection:2460">
                  <ProjectedPointRef ref="VTR:ScheduledStopPoint:1761590" version="1"/>
                </PointProjection>
              </projections>
            </RoutePoint>
          </routePoints>
          <routes>
            <Route version="1" id="VTR:Route:20407">
              <Name>Ubiškė - Dūseikiai- Telšiai</Name>
              <ShortName>Ubiškė - Dūseikiai- Telšiai</ShortName>
              <LineRef ref="VTR:Line:2226" version="9364"/>
              <DirectionType>inbound</DirectionType>
              <pointsInSequence>
                <PointOnRoute version="1" id="VTR:PointOnRoute:1761582" order="1">
                  <RoutePointRef ref="VTR:RoutePoint:1761582"/>
                </PointOnRoute>
                <PointOnRoute version="1" id="VTR:PointOnRoute:1761583" order="2">
                  <RoutePointRef ref="VTR:RoutePoint:1761583"/>
                </PointOnRoute>
                <PointOnRoute version="1" id="VTR:PointOnRoute:1761584" order="3">
                  <RoutePointRef ref="VTR:RoutePoint:1761584"/>
                </PointOnRoute>
                <PointOnRoute version="1" id="VTR:PointOnRoute:1761585" order="4">
                  <RoutePointRef ref="VTR:RoutePoint:1761585"/>
                </PointOnRoute>
                <PointOnRoute version="1" id="VTR:PointOnRoute:1761586" order="5">
                  <RoutePointRef ref="VTR:RoutePoint:1761586"/>
                </PointOnRoute>
                <PointOnRoute version="1" id="VTR:PointOnRoute:1761587" order="6">
                  <RoutePointRef ref="VTR:RoutePoint:1761587"/>
                </PointOnRoute>
                <PointOnRoute version="1" id="VTR:PointOnRoute:1761588" order="7">
                  <RoutePointRef ref="VTR:RoutePoint:1761588"/>
                </PointOnRoute>
                <PointOnRoute version="1" id="VTR:PointOnRoute:1761589" order="8">
                  <RoutePointRef ref="VTR:RoutePoint:1761589"/>
                </PointOnRoute>
                <PointOnRoute version="1" id="VTR:PointOnRoute:1761590" order="9">
                  <RoutePointRef ref="VTR:RoutePoint:1761590"/>
                </PointOnRoute>
              </pointsInSequence>
            </Route>
            <Route version="1" id="VTR:Route:20406">
              <Name>Telšiai - Ubiškė</Name>
              <ShortName>Telšiai - Ubiškė</ShortName>
              <LineRef ref="VTR:Line:2226" version="9364"/>
              <DirectionType>outbound</DirectionType>
              <pointsInSequence>
                <PointOnRoute version="1" id="VTR:PointOnRoute:1761581" order="1">
                  <RoutePointRef ref="VTR:RoutePoint:1761581"/>
                </PointOnRoute>
                <PointOnRoute version="1" id="VTR:PointOnRoute:1761574" order="2">
                  <RoutePointRef ref="VTR:RoutePoint:1761574"/>
                </PointOnRoute>
                <PointOnRoute version="1" id="VTR:PointOnRoute:1761575" order="3">
                  <RoutePointRef ref="VTR:RoutePoint:1761575"/>
                </PointOnRoute>
                <PointOnRoute version="1" id="VTR:PointOnRoute:1761576" order="4">
                  <RoutePointRef ref="VTR:RoutePoint:1761576"/>
                </PointOnRoute>
                <PointOnRoute version="1" id="VTR:PointOnRoute:1761577" order="5">
                  <RoutePointRef ref="VTR:RoutePoint:1761577"/>
                </PointOnRoute>
                <PointOnRoute version="1" id="VTR:PointOnRoute:1761578" order="6">
                  <RoutePointRef ref="VTR:RoutePoint:1761578"/>
                </PointOnRoute>
                <PointOnRoute version="1" id="VTR:PointOnRoute:1761579" order="7">
                  <RoutePointRef ref="VTR:RoutePoint:1761579"/>
                </PointOnRoute>
                <PointOnRoute version="1" id="VTR:PointOnRoute:1761580" order="8">
                  <RoutePointRef ref="VTR:RoutePoint:1761580"/>
                </PointOnRoute>
              </pointsInSequence>
            </Route>
          </routes>
          <lines>
            <Line version="9364" id="VTR:Line:2226">
              <Name>Telšiai - Ubiškė- Dūseikiai</Name>
              <TransportMode>bus</TransportMode>
              <TransportSubmode>
                <BusSubmode>regionalBus</BusSubmode>
              </TransportSubmode>
              <PublicCode>19</PublicCode>
              <OperatorRef ref="VTR:Operator:31"/>
            </Line>
          </lines>
          <scheduledStopPoints>
            <ScheduledStopPoint version="1" id="VTR:ScheduledStopPoint:1761574">
              <Name>Gyv. s. p.</Name>
            </ScheduledStopPoint>
            <ScheduledStopPoint version="1" id="VTR:ScheduledStopPoint:1761575">
              <Name>Degaičiai</Name>
            </ScheduledStopPoint>
            <ScheduledStopPoint version="1" id="VTR:ScheduledStopPoint:1761576">
              <Name>Eigirdžiai</Name>
            </ScheduledStopPoint>
            <ScheduledStopPoint version="1" id="VTR:ScheduledStopPoint:1761577">
              <Name>Juodsalė</Name>
            </ScheduledStopPoint>
            <ScheduledStopPoint version="1" id="VTR:ScheduledStopPoint:1761578">
              <Name>Kiršiai</Name>
            </ScheduledStopPoint>
            <ScheduledStopPoint version="1" id="VTR:ScheduledStopPoint:1761579">
              <Name>Ubiškės kelias</Name>
            </ScheduledStopPoint>
            <ScheduledStopPoint version="1" id="VTR:ScheduledStopPoint:1761580">
              <Name>Ubiškės</Name>
            </ScheduledStopPoint>
            <ScheduledStopPoint version="1" id="VTR:ScheduledStopPoint:1761581">
              <Name>Telšių autobusų stotis</Name>
            </ScheduledStopPoint>
            <ScheduledStopPoint version="1" id="VTR:ScheduledStopPoint:1761582">
              <Name>Ubiškės</Name>
            </ScheduledStopPoint>
            <ScheduledStopPoint version="1" id="VTR:ScheduledStopPoint:1761583">
              <Name>Dūseikiai</Name>
            </ScheduledStopPoint>
            <ScheduledStopPoint version="1" id="VTR:ScheduledStopPoint:1761584">
              <Name>Levenčiai</Name>
            </ScheduledStopPoint>
            <ScheduledStopPoint version="1" id="VTR:ScheduledStopPoint:1761585">
              <Name>Kiršiai</Name>
            </ScheduledStopPoint>
            <ScheduledStopPoint version="1" id="VTR:ScheduledStopPoint:1761586">
              <Name>Juodsodė</Name>
            </ScheduledStopPoint>
            <ScheduledStopPoint version="1" id="VTR:ScheduledStopPoint:1761587">
              <Name>Eigirdžiai</Name>
            </ScheduledStopPoint>
            <ScheduledStopPoint version="1" id="VTR:ScheduledStopPoint:1761588">
              <Name>Degaičiai</Name>
            </ScheduledStopPoint>
            <ScheduledStopPoint version="1" id="VTR:ScheduledStopPoint:1761589">
              <Name>Gyv. s. p.</Name>
            </ScheduledStopPoint>
            <ScheduledStopPoint version="1" id="VTR:ScheduledStopPoint:1761590">
              <Name>Telšių autobusų stotis</Name>
            </ScheduledStopPoint>
          </scheduledStopPoints>
          <serviceLinks>
            <ServiceLink id="VTR:ServiceLink:1761581_1_1761574_1" version="1">
              <Distance>2</Distance>
              <FromPointRef ref="VTR:ScheduledStopPoint:1761581" version="1"/>
              <ToPointRef ref="VTR:ScheduledStopPoint:1761574" version="1"/>
            </ServiceLink>
            <ServiceLink id="VTR:ServiceLink:1761589_1_1761590_1" version="1">
              <Distance>2</Distance>
              <FromPointRef ref="VTR:ScheduledStopPoint:1761589" version="1"/>
              <ToPointRef ref="VTR:ScheduledStopPoint:1761590" version="1"/>
            </ServiceLink>
            <ServiceLink id="VTR:ServiceLink:1761582_1_1761583_1" version="1">
              <Distance>6</Distance>
              <FromPointRef ref="VTR:ScheduledStopPoint:1761582" version="1"/>
              <ToPointRef ref="VTR:ScheduledStopPoint:1761583" version="1"/>
            </ServiceLink>
            <ServiceLink id="VTR:ServiceLink:1761578_1_1761579_1" version="1">
              <Distance>2</Distance>
              <FromPointRef ref="VTR:ScheduledStopPoint:1761578" version="1"/>
              <ToPointRef ref="VTR:ScheduledStopPoint:1761579" version="1"/>
            </ServiceLink>
            <ServiceLink id="VTR:ServiceLink:1761574_1_1761575_1" version="1">
              <Distance>2</Distance>
              <FromPointRef ref="VTR:ScheduledStopPoint:1761574" version="1"/>
              <ToPointRef ref="VTR:ScheduledStopPoint:1761575" version="1"/>
            </ServiceLink>
            <ServiceLink id="VTR:ServiceLink:1761575_1_1761576_1" version="1">
              <Distance>4</Distance>
              <FromPointRef ref="VTR:ScheduledStopPoint:1761575" version="1"/>
              <ToPointRef ref="VTR:ScheduledStopPoint:1761576" version="1"/>
            </ServiceLink>
            <ServiceLink id="VTR:ServiceLink:1761587_1_1761588_1" version="1">
              <Distance>4</Distance>
              <FromPointRef ref="VTR:ScheduledStopPoint:1761587" version="1"/>
              <ToPointRef ref="VTR:ScheduledStopPoint:1761588" version="1"/>
            </ServiceLink>
            <ServiceLink id="VTR:ServiceLink:1761586_1_1761587_1" version="1">
              <Distance>2</Distance>
              <FromPointRef ref="VTR:ScheduledStopPoint:1761586" version="1"/>
              <ToPointRef ref="VTR:ScheduledStopPoint:1761587" version="1"/>
            </ServiceLink>
            <ServiceLink id="VTR:ServiceLink:1761583_1_1761584_1" version="1">
              <Distance>1</Distance>
              <FromPointRef ref="VTR:ScheduledStopPoint:1761583" version="1"/>
              <ToPointRef ref="VTR:ScheduledStopPoint:1761584" version="1"/>
            </ServiceLink>
            <ServiceLink id="VTR:ServiceLink:1761585_1_1761586_1" version="1">
              <Distance>2</Distance>
              <FromPointRef ref="VTR:ScheduledStopPoint:1761585" version="1"/>
              <ToPointRef ref="VTR:ScheduledStopPoint:1761586" version="1"/>
            </ServiceLink>
            <ServiceLink id="VTR:ServiceLink:1761579_1_1761580_1" version="1">
              <Distance>1</Distance>
              <FromPointRef ref="VTR:ScheduledStopPoint:1761579" version="1"/>
              <ToPointRef ref="VTR:ScheduledStopPoint:1761580" version="1"/>
            </ServiceLink>
            <ServiceLink id="VTR:ServiceLink:1761576_1_1761577_1" version="1">
              <Distance>2</Distance>
              <FromPointRef ref="VTR:ScheduledStopPoint:1761576" version="1"/>
              <ToPointRef ref="VTR:ScheduledStopPoint:1761577" version="1"/>
            </ServiceLink>
            <ServiceLink id="VTR:ServiceLink:1761584_1_1761585_1" version="1">
              <Distance>2</Distance>
              <FromPointRef ref="VTR:ScheduledStopPoint:1761584" version="1"/>
              <ToPointRef ref="VTR:ScheduledStopPoint:1761585" version="1"/>
            </ServiceLink>
            <ServiceLink id="VTR:ServiceLink:1761588_1_1761589_1" version="1">
              <Distance>2</Distance>
              <FromPointRef ref="VTR:ScheduledStopPoint:1761588" version="1"/>
              <ToPointRef ref="VTR:ScheduledStopPoint:1761589" version="1"/>
            </ServiceLink>
            <ServiceLink id="VTR:ServiceLink:1761577_1_1761578_1" version="1">
              <Distance>2</Distance>
              <FromPointRef ref="VTR:ScheduledStopPoint:1761577" version="1"/>
              <ToPointRef ref="VTR:ScheduledStopPoint:1761578" version="1"/>
            </ServiceLink>
          </serviceLinks>
          <stopAssignments>
            <PassengerStopAssignment order="2040600000" id="VTR:PassengerStopAssignment:1761581" version="1">
              <ScheduledStopPointRef ref="VTR:ScheduledStopPoint:1761581" version="1"/>
              <QuayRef ref="VTR:Quay:19451"/>
            </PassengerStopAssignment>
            <PassengerStopAssignment order="2040600001" id="VTR:PassengerStopAssignment:1761574" version="1">
              <ScheduledStopPointRef ref="VTR:ScheduledStopPoint:1761574" version="1"/>
              <QuayRef ref="VTR:Quay:21099"/>
            </PassengerStopAssignment>
            <PassengerStopAssignment order="2040600002" id="VTR:PassengerStopAssignment:1761575" version="1">
              <ScheduledStopPointRef ref="VTR:ScheduledStopPoint:1761575" version="1"/>
              <QuayRef ref="VTR:Quay:7278"/>
            </PassengerStopAssignment>
            <PassengerStopAssignment order="2040600003" id="VTR:PassengerStopAssignment:1761576" version="1">
              <ScheduledStopPointRef ref="VTR:ScheduledStopPoint:1761576" version="1"/>
              <QuayRef ref="VTR:Quay:6421"/>
            </PassengerStopAssignment>
            <PassengerStopAssignment order="2040600004" id="VTR:PassengerStopAssignment:1761577" version="1">
              <ScheduledStopPointRef ref="VTR:ScheduledStopPoint:1761577" version="1"/>
              <QuayRef ref="VTR:Quay:6409"/>
            </PassengerStopAssignment>
            <PassengerStopAssignment order="2040600005" id="VTR:PassengerStopAssignment:1761578" version="1">
              <ScheduledStopPointRef ref="VTR:ScheduledStopPoint:1761578" version="1"/>
              <QuayRef ref="VTR:Quay:8348"/>
            </PassengerStopAssignment>
            <PassengerStopAssignment order="2040600006" id="VTR:PassengerStopAssignment:1761579" version="1">
              <ScheduledStopPointRef ref="VTR:ScheduledStopPoint:1761579" version="1"/>
              <QuayRef ref="VTR:Quay:4726"/>
            </PassengerStopAssignment>
            <PassengerStopAssignment order="2040600007" id="VTR:PassengerStopAssignment:1761580" version="1">
              <ScheduledStopPointRef ref="VTR:ScheduledStopPoint:1761580" version="1"/>
              <QuayRef ref="VTR:Quay:11517"/>
            </PassengerStopAssignment>
            <PassengerStopAssignment order="2040700000" id="VTR:PassengerStopAssignment:1761582" version="1">
              <ScheduledStopPointRef ref="VTR:ScheduledStopPoint:1761582" version="1"/>
              <QuayRef ref="VTR:Quay:11517"/>
            </PassengerStopAssignment>
            <PassengerStopAssignment order="2040700001" id="VTR:PassengerStopAssignment:1761583" version="1">
              <ScheduledStopPointRef ref="VTR:ScheduledStopPoint:1761583" version="1"/>
              <QuayRef ref="VTR:Quay:19320"/>
            </PassengerStopAssignment>
            <PassengerStopAssignment order="2040700002" id="VTR:PassengerStopAssignment:1761584" version="1">
              <ScheduledStopPointRef ref="VTR:ScheduledStopPoint:1761584" version="1"/>
              <QuayRef ref="VTR:Quay:19321"/>
            </PassengerStopAssignment>
            <PassengerStopAssignment order="2040700003" id="VTR:PassengerStopAssignment:1761585" version="1">
              <ScheduledStopPointRef ref="VTR:ScheduledStopPoint:1761585" version="1"/>
              <QuayRef ref="VTR:Quay:8348"/>
            </PassengerStopAssignment>
            <PassengerStopAssignment order="2040700004" id="VTR:PassengerStopAssignment:1761586" version="1">
              <ScheduledStopPointRef ref="VTR:ScheduledStopPoint:1761586" version="1"/>
              <QuayRef ref="VTR:Quay:5411"/>
            </PassengerStopAssignment>
            <PassengerStopAssignment order="2040700005" id="VTR:PassengerStopAssignment:1761587" version="1">
              <ScheduledStopPointRef ref="VTR:ScheduledStopPoint:1761587" version="1"/>
              <QuayRef ref="VTR:Quay:6441"/>
            </PassengerStopAssignment>
            <PassengerStopAssignment order="2040700006" id="VTR:PassengerStopAssignment:1761588" version="1">
              <ScheduledStopPointRef ref="VTR:ScheduledStopPoint:1761588" version="1"/>
              <QuayRef ref="VTR:Quay:7278"/>
            </PassengerStopAssignment>
            <PassengerStopAssignment order="2040700007" id="VTR:PassengerStopAssignment:1761589" version="1">
              <ScheduledStopPointRef ref="VTR:ScheduledStopPoint:1761589" version="1"/>
              <QuayRef ref="VTR:Quay:21099"/>
            </PassengerStopAssignment>
            <PassengerStopAssignment order="2040700008" id="VTR:PassengerStopAssignment:1761590" version="1">
              <ScheduledStopPointRef ref="VTR:ScheduledStopPoint:1761590" version="1"/>
              <QuayRef ref="VTR:Quay:19451"/>
            </PassengerStopAssignment>
          </stopAssignments>
          <journeyPatterns>
            <JourneyPattern id="VTR:JourneyPattern:3764322" version="3766892">
              <Name>1</Name>
              <RouteRef ref="VTR:Route:20406" version="1"/>
              <pointsInSequence>
                <StopPointInJourneyPattern id="VTR:StopPointInJourneyPattern:129694052" version="3766892" order="1">
                  <ScheduledStopPointRef ref="VTR:ScheduledStopPoint:1761581"/>
                  <DestinationDisplayRef ref="VTR:DestinationDisplay:1"/>
                </StopPointInJourneyPattern>
                <StopPointInJourneyPattern id="VTR:StopPointInJourneyPattern:129694053" version="3766892" order="2">
                  <ScheduledStopPointRef ref="VTR:ScheduledStopPoint:1761574"/>
                  <DestinationDisplayRef ref="VTR:DestinationDisplay:1"/>
                </StopPointInJourneyPattern>
                <StopPointInJourneyPattern id="VTR:StopPointInJourneyPattern:129694054" version="3766892" order="3">
                  <ScheduledStopPointRef ref="VTR:ScheduledStopPoint:1761575"/>
                  <DestinationDisplayRef ref="VTR:DestinationDisplay:1"/>
                </StopPointInJourneyPattern>
                <StopPointInJourneyPattern id="VTR:StopPointInJourneyPattern:129694055" version="3766892" order="4">
                  <ScheduledStopPointRef ref="VTR:ScheduledStopPoint:1761576"/>
                  <DestinationDisplayRef ref="VTR:DestinationDisplay:1"/>
                </StopPointInJourneyPattern>
                <StopPointInJourneyPattern id="VTR:StopPointInJourneyPattern:129694056" version="3766892" order="5">
                  <ScheduledStopPointRef ref="VTR:ScheduledStopPoint:1761577"/>
                  <DestinationDisplayRef ref="VTR:DestinationDisplay:1"/>
                </StopPointInJourneyPattern>
                <StopPointInJourneyPattern id="VTR:StopPointInJourneyPattern:129694057" version="3766892" order="6">
                  <ScheduledStopPointRef ref="VTR:ScheduledStopPoint:1761578"/>
                  <DestinationDisplayRef ref="VTR:DestinationDisplay:1"/>
                </StopPointInJourneyPattern>
                <StopPointInJourneyPattern id="VTR:StopPointInJourneyPattern:129694058" version="3766892" order="7">
                  <ScheduledStopPointRef ref="VTR:ScheduledStopPoint:1761579"/>
                  <DestinationDisplayRef ref="VTR:DestinationDisplay:1"/>
                </StopPointInJourneyPattern>
                <StopPointInJourneyPattern id="VTR:StopPointInJourneyPattern:129694059" version="3766892" order="8">
                  <ScheduledStopPointRef ref="VTR:ScheduledStopPoint:1761580"/>
                  <DestinationDisplayRef ref="VTR:DestinationDisplay:1"/>
                </StopPointInJourneyPattern>
              </pointsInSequence>
            </JourneyPattern>
            <JourneyPattern id="VTR:JourneyPattern:3764323" version="3766893">
              <Name>2</Name>
              <RouteRef ref="VTR:Route:20407" version="1"/>
              <pointsInSequence>
                <StopPointInJourneyPattern id="VTR:StopPointInJourneyPattern:129694060" version="3766893" order="1">
                  <ScheduledStopPointRef ref="VTR:ScheduledStopPoint:1761582"/>
                  <DestinationDisplayRef ref="VTR:DestinationDisplay:1"/>
                </StopPointInJourneyPattern>
                <StopPointInJourneyPattern id="VTR:StopPointInJourneyPattern:129694061" version="3766893" order="2">
                  <ScheduledStopPointRef ref="VTR:ScheduledStopPoint:1761583"/>
                  <DestinationDisplayRef ref="VTR:DestinationDisplay:1"/>
                </StopPointInJourneyPattern>
                <StopPointInJourneyPattern id="VTR:StopPointInJourneyPattern:129694062" version="3766893" order="3">
                  <ScheduledStopPointRef ref="VTR:ScheduledStopPoint:1761584"/>
                  <DestinationDisplayRef ref="VTR:DestinationDisplay:1"/>
                </StopPointInJourneyPattern>
                <StopPointInJourneyPattern id="VTR:StopPointInJourneyPattern:129694063" version="3766893" order="4">
                  <ScheduledStopPointRef ref="VTR:ScheduledStopPoint:1761585"/>
                  <DestinationDisplayRef ref="VTR:DestinationDisplay:1"/>
                </StopPointInJourneyPattern>
                <StopPointInJourneyPattern id="VTR:StopPointInJourneyPattern:129694064" version="3766893" order="5">
                  <ScheduledStopPointRef ref="VTR:ScheduledStopPoint:1761586"/>
                  <DestinationDisplayRef ref="VTR:DestinationDisplay:1"/>
                </StopPointInJourneyPattern>
                <StopPointInJourneyPattern id="VTR:StopPointInJourneyPattern:129694065" version="3766893" order="6">
                  <ScheduledStopPointRef ref="VTR:ScheduledStopPoint:1761587"/>
                  <DestinationDisplayRef ref="VTR:DestinationDisplay:1"/>
                </StopPointInJourneyPattern>
                <StopPointInJourneyPattern id="VTR:StopPointInJourneyPattern:129694066" version="3766893" order="7">
                  <ScheduledStopPointRef ref="VTR:ScheduledStopPoint:1761588"/>
                  <DestinationDisplayRef ref="VTR:DestinationDisplay:1"/>
                </StopPointInJourneyPattern>
                <StopPointInJourneyPattern id="VTR:StopPointInJourneyPattern:129694067" version="3766893" order="8">
                  <ScheduledStopPointRef ref="VTR:ScheduledStopPoint:1761589"/>
                  <DestinationDisplayRef ref="VTR:DestinationDisplay:1"/>
                </StopPointInJourneyPattern>
                <StopPointInJourneyPattern id="VTR:StopPointInJourneyPattern:129694068" version="3766893" order="9">
                  <ScheduledStopPointRef ref="VTR:ScheduledStopPoint:1761590"/>
                  <DestinationDisplayRef ref="VTR:DestinationDisplay:1"/>
                </StopPointInJourneyPattern>
              </pointsInSequence>
            </JourneyPattern>
          </journeyPatterns>
        </ServiceFrame>
        <TimetableFrame version="1" id="VTR:TimetableFrame:1399">
          <vehicleJourneys>
            <ServiceJourney version="3766893" id="VTR:ServiceJourney:3764323">
              <Name>Ubiškė - Dūseikiai- Telšiai</Name>
              <PrivateCode>2</PrivateCode>
              <dayTypes>
                <DayTypeRef ref="VTR:DayType:1227"/>
              </dayTypes>
              <JourneyPatternRef version="3766893" ref="VTR:JourneyPattern:3764323"/>
              <OperatorRef ref="VTR:Operator:526"/>
              <LineRef ref="VTR:Line:2226" version="9364"/>
              <passingTimes>
                <TimetabledPassingTime version="3766893" id="VTR:TimetabledPassingTime:3764323_129694060_1">
                  <StopPointInJourneyPatternRef ref="VTR:StopPointInJourneyPattern:129694060" version="3766893"/>
                  <DepartureTime>07:10:00</DepartureTime>
                  <DepartureDayOffset>0</DepartureDayOffset>
                </TimetabledPassingTime>
                <TimetabledPassingTime version="3766893" id="VTR:TimetabledPassingTime:3764323_129694061_2">
                  <StopPointInJourneyPatternRef ref="VTR:StopPointInJourneyPattern:129694061" version="3766893"/>
                  <DepartureTime>07:17:00</DepartureTime>
                  <DepartureDayOffset>0</DepartureDayOffset>
                </TimetabledPassingTime>
                <TimetabledPassingTime version="3766893" id="VTR:TimetabledPassingTime:3764323_129694062_3">
                  <StopPointInJourneyPatternRef ref="VTR:StopPointInJourneyPattern:129694062" version="3766893"/>
                  <DepartureTime>07:19:00</DepartureTime>
                  <DepartureDayOffset>0</DepartureDayOffset>
                </TimetabledPassingTime>
                <TimetabledPassingTime version="3766893" id="VTR:TimetabledPassingTime:3764323_129694063_4">
                  <StopPointInJourneyPatternRef ref="VTR:StopPointInJourneyPattern:129694063" version="3766893"/>
                  <DepartureTime>07:21:00</DepartureTime>
                  <DepartureDayOffset>0</DepartureDayOffset>
                </TimetabledPassingTime>
                <TimetabledPassingTime version="3766893" id="VTR:TimetabledPassingTime:3764323_129694064_5">
                  <StopPointInJourneyPatternRef ref="VTR:StopPointInJourneyPattern:129694064" version="3766893"/>
                  <DepartureTime>07:25:00</DepartureTime>
                  <DepartureDayOffset>0</DepartureDayOffset>
                </TimetabledPassingTime>
                <TimetabledPassingTime version="3766893" id="VTR:TimetabledPassingTime:3764323_129694065_6">
                  <StopPointInJourneyPatternRef ref="VTR:StopPointInJourneyPattern:129694065" version="3766893"/>
                  <DepartureTime>07:28:00</DepartureTime>
                  <DepartureDayOffset>0</DepartureDayOffset>
                </TimetabledPassingTime>
                <TimetabledPassingTime version="3766893" id="VTR:TimetabledPassingTime:3764323_129694066_7">
                  <StopPointInJourneyPatternRef ref="VTR:StopPointInJourneyPattern:129694066" version="3766893"/>
                  <DepartureTime>07:35:00</DepartureTime>
                  <DepartureDayOffset>0</DepartureDayOffset>
                </TimetabledPassingTime>
                <TimetabledPassingTime version="3766893" id="VTR:TimetabledPassingTime:3764323_129694067_8">
                  <StopPointInJourneyPatternRef ref="VTR:StopPointInJourneyPattern:129694067" version="3766893"/>
                  <DepartureTime>07:38:00</DepartureTime>
                  <DepartureDayOffset>0</DepartureDayOffset>
                </TimetabledPassingTime>
                <TimetabledPassingTime version="3766893" id="VTR:TimetabledPassingTime:3764323_129694068_9">
                  <StopPointInJourneyPatternRef ref="VTR:StopPointInJourneyPattern:129694068" version="3766893"/>
                  <DepartureTime>07:45:00</DepartureTime>
                  <DepartureDayOffset>0</DepartureDayOffset>
                </TimetabledPassingTime>
              </passingTimes>
            </ServiceJourney>
            <ServiceJourney version="3766892" id="VTR:ServiceJourney:3764322">
              <Name>Telšiai - Ubiškė</Name>
              <PrivateCode>1</PrivateCode>
              <dayTypes>
                <DayTypeRef ref="VTR:DayType:1227"/>
              </dayTypes>
              <JourneyPatternRef version="3766892" ref="VTR:JourneyPattern:3764322"/>
              <OperatorRef ref="VTR:Operator:526"/>
              <LineRef ref="VTR:Line:2226" version="9364"/>
              <passingTimes>
                <TimetabledPassingTime version="3766892" id="VTR:TimetabledPassingTime:3764322_129694052_1">
                  <StopPointInJourneyPatternRef ref="VTR:StopPointInJourneyPattern:129694052" version="3766892"/>
                  <DepartureTime>06:40:00</DepartureTime>
                  <DepartureDayOffset>0</DepartureDayOffset>
                </TimetabledPassingTime>
                <TimetabledPassingTime version="3766892" id="VTR:TimetabledPassingTime:3764322_129694053_2">
                  <StopPointInJourneyPatternRef ref="VTR:StopPointInJourneyPattern:129694053" version="3766892"/>
                  <DepartureTime>06:43:00</DepartureTime>
                  <DepartureDayOffset>0</DepartureDayOffset>
                </TimetabledPassingTime>
                <TimetabledPassingTime version="3766892" id="VTR:TimetabledPassingTime:3764322_129694054_3">
                  <StopPointInJourneyPatternRef ref="VTR:StopPointInJourneyPattern:129694054" version="3766892"/>
                  <DepartureTime>06:45:00</DepartureTime>
                  <DepartureDayOffset>0</DepartureDayOffset>
                </TimetabledPassingTime>
                <TimetabledPassingTime version="3766892" id="VTR:TimetabledPassingTime:3764322_129694055_4">
                  <StopPointInJourneyPatternRef ref="VTR:StopPointInJourneyPattern:129694055" version="3766892"/>
                  <DepartureTime>06:52:00</DepartureTime>
                  <DepartureDayOffset>0</DepartureDayOffset>
                </TimetabledPassingTime>
                <TimetabledPassingTime version="3766892" id="VTR:TimetabledPassingTime:3764322_129694056_5">
                  <StopPointInJourneyPatternRef ref="VTR:StopPointInJourneyPattern:129694056" version="3766892"/>
                  <DepartureTime>06:56:00</DepartureTime>
                  <DepartureDayOffset>0</DepartureDayOffset>
                </TimetabledPassingTime>
                <TimetabledPassingTime version="3766892" id="VTR:TimetabledPassingTime:3764322_129694057_6">
                  <StopPointInJourneyPatternRef ref="VTR:StopPointInJourneyPattern:129694057" version="3766892"/>
                  <DepartureTime>07:00:00</DepartureTime>
                  <DepartureDayOffset>0</DepartureDayOffset>
                </TimetabledPassingTime>
                <TimetabledPassingTime version="3766892" id="VTR:TimetabledPassingTime:3764322_129694058_7">
                  <StopPointInJourneyPatternRef ref="VTR:StopPointInJourneyPattern:129694058" version="3766892"/>
                  <DepartureTime>07:04:00</DepartureTime>
                  <DepartureDayOffset>0</DepartureDayOffset>
                </TimetabledPassingTime>
                <TimetabledPassingTime version="3766892" id="VTR:TimetabledPassingTime:3764322_129694059_8">
                  <StopPointInJourneyPatternRef ref="VTR:StopPointInJourneyPattern:129694059" version="3766892"/>
                  <DepartureTime>07:10:00</DepartureTime>
                  <DepartureDayOffset>0</DepartureDayOffset>
                </TimetabledPassingTime>
              </passingTimes>
            </ServiceJourney>
          </vehicleJourneys>
        </TimetableFrame>
        <ResourceFrame version="1" id="VTR:ResourceFrame:1399">
          <organisations>
            <Authority version="1" id="VTR:Authority:31">
              <CompanyNumber>78</CompanyNumber>
              <Name>Telšių r. sav.</Name>
              <LegalName>Telšių r. sav.</LegalName>
              <ContactDetails>
                <Email>zita.simaitiene@telsiai.lt</Email>
                <Phone>8 444 56183</Phone>
                <Url>www.telsiai.lt</Url>
              </ContactDetails>
              <OrganisationType>authority</OrganisationType>
            </Authority>
          </organisations>
        </ResourceFrame>
        <FareFrame id="VTR:FareFrame:2226" version="1">
          <FrameDefaults>
            <DefaultCurrency>EUR</DefaultCurrency>
          </FrameDefaults>
          <fareStructureElements>
            <FareStructureElement id="VTR:FareStructureElement:pricematrix" version="1">
              <distanceMatrixElements>
                <DistanceMatrixElementRef ref="VTR:DistanceMatrixElement:129694052to129694053" version="1"/>
                <DistanceMatrixElementRef ref="VTR:DistanceMatrixElement:129694063to129694066" version="1"/>
                <DistanceMatrixElementRef ref="VTR:DistanceMatrixElement:129694053to129694055" version="1"/>
                <DistanceMatrixElementRef ref="VTR:DistanceMatrixElement:129694053to129694057" version="1"/>
                <DistanceMatrixElementRef ref="VTR:DistanceMatrixElement:129694054to129694056" version="1"/>
                <DistanceMatrixElementRef ref="VTR:DistanceMatrixElement:129694054to129694058" version="1"/>
                <DistanceMatrixElementRef ref="VTR:DistanceMatrixElement:129694055to129694058" version="1"/>
                <DistanceMatrixElementRef ref="VTR:DistanceMatrixElement:129694065to129694067" version="1"/>
                <DistanceMatrixElementRef ref="VTR:DistanceMatrixElement:129694060to129694063" version="1"/>
                <DistanceMatrixElementRef ref="VTR:DistanceMatrixElement:129694054to129694055" version="1"/>
                <DistanceMatrixElementRef ref="VTR:DistanceMatrixElement:129694060to129694062" version="1"/>
                <DistanceMatrixElementRef ref="VTR:DistanceMatrixElement:129694061to129694066" version="1"/>
                <DistanceMatrixElementRef ref="VTR:DistanceMatrixElement:129694061to129694067" version="1"/>
                <DistanceMatrixElementRef ref="VTR:DistanceMatrixElement:129694061to129694062" version="1"/>
                <DistanceMatrixElementRef ref="VTR:DistanceMatrixElement:129694062to129694064" version="1"/>
                <DistanceMatrixElementRef ref="VTR:DistanceMatrixElement:129694063to129694064" version="1"/>
                <DistanceMatrixElementRef ref="VTR:DistanceMatrixElement:129694052to129694057" version="1"/>
                <DistanceMatrixElementRef ref="VTR:DistanceMatrixElement:129694053to129694059" version="1"/>
                <DistanceMatrixElementRef ref="VTR:DistanceMatrixElement:129694055to129694056" version="1"/>
                <DistanceMatrixElementRef ref="VTR:DistanceMatrixElement:129694055to129694059" version="1"/>
                <DistanceMatrixElementRef ref="VTR:DistanceMatrixElement:129694057to129694059" version="1"/>
                <DistanceMatrixElementRef ref="VTR:DistanceMatrixElement:129694058to129694059" version="1"/>
                <DistanceMatrixElementRef ref="VTR:DistanceMatrixElement:129694064to129694067" version="1"/>
                <DistanceMatrixElementRef ref="VTR:DistanceMatrixElement:129694061to129694063" version="1"/>
                <DistanceMatrixElementRef ref="VTR:DistanceMatrixElement:129694062to129694066" version="1"/>
                <DistanceMatrixElementRef ref="VTR:DistanceMatrixElement:129694062to129694067" version="1"/>
                <DistanceMatrixElementRef ref="VTR:DistanceMatrixElement:129694054to129694057" version="1"/>
                <DistanceMatrixElementRef ref="VTR:DistanceMatrixElement:129694054to129694059" version="1"/>
                <DistanceMatrixElementRef ref="VTR:DistanceMatrixElement:129694060to129694065" version="1"/>
                <DistanceMatrixElementRef ref="VTR:DistanceMatrixElement:129694061to129694068" version="1"/>
                <DistanceMatrixElementRef ref="VTR:DistanceMatrixElement:129694062to129694063" version="1"/>
                <DistanceMatrixElementRef ref="VTR:DistanceMatrixElement:129694052to129694055" version="1"/>
                <DistanceMatrixElementRef ref="VTR:DistanceMatrixElement:129694052to129694056" version="1"/>
                <DistanceMatrixElementRef ref="VTR:DistanceMatrixElement:129694060to129694068" version="1"/>
                <DistanceMatrixElementRef ref="VTR:DistanceMatrixElement:129694062to129694068" version="1"/>
                <DistanceMatrixElementRef ref="VTR:DistanceMatrixElement:129694063to129694067" version="1"/>
                <DistanceMatrixElementRef ref="VTR:DistanceMatrixElement:129694053to129694054" version="1"/>
                <DistanceMatrixElementRef ref="VTR:DistanceMatrixElement:129694053to129694056" version="1"/>
                <DistanceMatrixElementRef ref="VTR:DistanceMatrixElement:129694055to129694057" version="1"/>
                <DistanceMatrixElementRef ref="VTR:DistanceMatrixElement:129694056to129694058" version="1"/>
                <DistanceMatrixElementRef ref="VTR:DistanceMatrixElement:129694065to129694068" version="1"/>
                <DistanceMatrixElementRef ref="VTR:DistanceMatrixElement:129694066to129694067" version="1"/>
                <DistanceMatrixElementRef ref="VTR:DistanceMatrixElement:129694066to129694068" version="1"/>
                <DistanceMatrixElementRef ref="VTR:DistanceMatrixElement:129694060to129694066" version="1"/>
                <DistanceMatrixElementRef ref="VTR:DistanceMatrixElement:129694060to129694064" version="1"/>
                <DistanceMatrixElementRef ref="VTR:DistanceMatrixElement:129694061to129694065" version="1"/>
                <DistanceMatrixElementRef ref="VTR:DistanceMatrixElement:129694061to129694064" version="1"/>
                <DistanceMatrixElementRef ref="VTR:DistanceMatrixElement:129694063to129694065" version="1"/>
                <DistanceMatrixElementRef ref="VTR:DistanceMatrixElement:129694052to129694054" version="1"/>
                <DistanceMatrixElementRef ref="VTR:DistanceMatrixElement:129694056to129694059" version="1"/>
                <DistanceMatrixElementRef ref="VTR:DistanceMatrixElement:129694060to129694067" version="1"/>
                <DistanceMatrixElementRef ref="VTR:DistanceMatrixElement:129694060to129694061" version="1"/>
                <DistanceMatrixElementRef ref="VTR:DistanceMatrixElement:129694063to129694068" version="1"/>
                <DistanceMatrixElementRef ref="VTR:DistanceMatrixElement:129694052to129694059" version="1"/>
                <DistanceMatrixElementRef ref="VTR:DistanceMatrixElement:129694053to129694058" version="1"/>
                <DistanceMatrixElementRef ref="VTR:DistanceMatrixElement:129694056to129694057" version="1"/>
                <DistanceMatrixElementRef ref="VTR:DistanceMatrixElement:129694057to129694058" version="1"/>
                <DistanceMatrixElementRef ref="VTR:DistanceMatrixElement:129694064to129694065" version="1"/>
                <DistanceMatrixElementRef ref="VTR:DistanceMatrixElement:129694064to129694066" version="1"/>
                <DistanceMatrixElementRef ref="VTR:DistanceMatrixElement:129694064to129694068" version="1"/>
                <DistanceMatrixElementRef ref="VTR:DistanceMatrixElement:129694065to129694066" version="1"/>
                <DistanceMatrixElementRef ref="VTR:DistanceMatrixElement:129694067to129694068" version="1"/>
                <DistanceMatrixElementRef ref="VTR:DistanceMatrixElement:129694062to129694065" version="1"/>
                <DistanceMatrixElementRef ref="VTR:DistanceMatrixElement:129694052to129694058" version="1"/>
              </distanceMatrixElements>
            </FareStructureElement>
          </fareStructureElements>
          <tariffs>
            <Tariff id="VTR:Tariff:pointToPointInSeparateJourney_2226" version="1">
              <Name>Point to point tariff</Name>
              <distanceMatrixElements>
                <DistanceMatrixElement id="VTR:DistanceMatrixElement:129694052to129694053" version="1">
                  <Name>Telšių autobusų stotis to Gyv. s. p.</Name>
                  <StartStopPointRef ref="VTR:ScheduledStopPoint:1761581" version="1"/>
                  <EndStopPointRef ref="VTR:ScheduledStopPoint:1761574" version="1"/>
                  <prices>
                    <DistanceMatrixElementPrice id="VTR:DistanceMatrixElementPrice:129694052to129694053" version="1">
                      <Amount>0.2</Amount>
                      <DistanceMatrixElementRef ref="VTR:DistanceMatrixElement:129694052to129694053" version="1"/>
                    </DistanceMatrixElementPrice>
                  </prices>
                </DistanceMatrixElement>
                <DistanceMatrixElement id="VTR:DistanceMatrixElement:129694063to129694066" version="1">
                  <Name>Kiršiai to Degaičiai</Name>
                  <StartStopPointRef ref="VTR:ScheduledStopPoint:1761585" version="1"/>
                  <EndStopPointRef ref="VTR:ScheduledStopPoint:1761588" version="1"/>
                  <prices>
                    <DistanceMatrixElementPrice id="VTR:DistanceMatrixElementPrice:129694063to129694066" version="1">
                      <Amount>0.7</Amount>
                      <DistanceMatrixElementRef ref="VTR:DistanceMatrixElement:129694063to129694066" version="1"/>
                    </DistanceMatrixElementPrice>
                  </prices>
                </DistanceMatrixElement>
                <DistanceMatrixElement id="VTR:DistanceMatrixElement:129694053to129694055" version="1">
                  <Name>Gyv. s. p. to Eigirdžiai</Name>
                  <StartStopPointRef ref="VTR:ScheduledStopPoint:1761574" version="1"/>
                  <EndStopPointRef ref="VTR:ScheduledStopPoint:1761576" version="1"/>
                  <prices>
                    <DistanceMatrixElementPrice id="VTR:DistanceMatrixElementPrice:129694053to129694055" version="1">
                      <Amount>0.5</Amount>
                      <DistanceMatrixElementRef ref="VTR:DistanceMatrixElement:129694053to129694055" version="1"/>
                    </DistanceMatrixElementPrice>
                  </prices>
                </DistanceMatrixElement>
                <DistanceMatrixElement id="VTR:DistanceMatrixElement:129694053to129694057" version="1">
                  <Name>Gyv. s. p. to Kiršiai</Name>
                  <StartStopPointRef ref="VTR:ScheduledStopPoint:1761574" version="1"/>
                  <EndStopPointRef ref="VTR:ScheduledStopPoint:1761578" version="1"/>
                  <prices>
                    <DistanceMatrixElementPrice id="VTR:DistanceMatrixElementPrice:129694053to129694057" version="1">
                      <Amount>0.9</Amount>
                      <DistanceMatrixElementRef ref="VTR:DistanceMatrixElement:129694053to129694057" version="1"/>
                    </DistanceMatrixElementPrice>
                  </prices>
                </DistanceMatrixElement>
                <DistanceMatrixElement id="VTR:DistanceMatrixElement:129694054to129694056" version="1">
                  <Name>Degaičiai to Juodsalė</Name>
                  <StartStopPointRef ref="VTR:ScheduledStopPoint:1761575" version="1"/>
                  <EndStopPointRef ref="VTR:ScheduledStopPoint:1761577" version="1"/>
                  <prices>
                    <DistanceMatrixElementPrice id="VTR:DistanceMatrixElementPrice:129694054to129694056" version="1">
                      <Amount>0.5</Amount>
                      <DistanceMatrixElementRef ref="VTR:DistanceMatrixElement:129694054to129694056" version="1"/>
                    </DistanceMatrixElementPrice>
                  </prices>
                </DistanceMatrixElement>
                <DistanceMatrixElement id="VTR:DistanceMatrixElement:129694054to129694058" version="1">
                  <Name>Degaičiai to Ubiškės kelias</Name>
                  <StartStopPointRef ref="VTR:ScheduledStopPoint:1761575" version="1"/>
                  <EndStopPointRef ref="VTR:ScheduledStopPoint:1761579" version="1"/>
                  <prices>
                    <DistanceMatrixElementPrice id="VTR:DistanceMatrixElementPrice:129694054to129694058" version="1">
                      <Amount>0.9</Amount>
                      <DistanceMatrixElementRef ref="VTR:DistanceMatrixElement:129694054to129694058" version="1"/>
                    </DistanceMatrixElementPrice>
                  </prices>
                </DistanceMatrixElement>
                <DistanceMatrixElement id="VTR:DistanceMatrixElement:129694055to129694058" version="1">
                  <Name>Eigirdžiai to Ubiškės kelias</Name>
                  <StartStopPointRef ref="VTR:ScheduledStopPoint:1761576" version="1"/>
                  <EndStopPointRef ref="VTR:ScheduledStopPoint:1761579" version="1"/>
                  <prices>
                    <DistanceMatrixElementPrice id="VTR:DistanceMatrixElementPrice:129694055to129694058" version="1">
                      <Amount>0.6</Amount>
                      <DistanceMatrixElementRef ref="VTR:DistanceMatrixElement:129694055to129694058" version="1"/>
                    </DistanceMatrixElementPrice>
                  </prices>
                </DistanceMatrixElement>
                <DistanceMatrixElement id="VTR:DistanceMatrixElement:129694065to129694067" version="1">
                  <Name>Eigirdžiai to Gyv. s. p.</Name>
                  <StartStopPointRef ref="VTR:ScheduledStopPoint:1761587" version="1"/>
                  <EndStopPointRef ref="VTR:ScheduledStopPoint:1761589" version="1"/>
                  <prices>
                    <DistanceMatrixElementPrice id="VTR:DistanceMatrixElementPrice:129694065to129694067" version="1">
                      <Amount>0.5</Amount>
                      <DistanceMatrixElementRef ref="VTR:DistanceMatrixElement:129694065to129694067" version="1"/>
                    </DistanceMatrixElementPrice>
                  </prices>
                </DistanceMatrixElement>
                <DistanceMatrixElement id="VTR:DistanceMatrixElement:129694060to129694063" version="1">
                  <Name>Ubiškės to Kiršiai</Name>
                  <StartStopPointRef ref="VTR:ScheduledStopPoint:1761582" version="1"/>
                  <EndStopPointRef ref="VTR:ScheduledStopPoint:1761585" version="1"/>
                  <prices>
                    <DistanceMatrixElementPrice id="VTR:DistanceMatrixElementPrice:129694060to129694063" version="1">
                      <Amount>0.4</Amount>
                      <DistanceMatrixElementRef ref="VTR:DistanceMatrixElement:129694060to129694063" version="1"/>
                    </DistanceMatrixElementPrice>
                  </prices>
                </DistanceMatrixElement>
                <DistanceMatrixElement id="VTR:DistanceMatrixElement:129694054to129694055" version="1">
                  <Name>Degaičiai to Eigirdžiai</Name>
                  <StartStopPointRef ref="VTR:ScheduledStopPoint:1761575" version="1"/>
                  <EndStopPointRef ref="VTR:ScheduledStopPoint:1761576" version="1"/>
                  <prices>
                    <DistanceMatrixElementPrice id="VTR:DistanceMatrixElementPrice:129694054to129694055" version="1">
                      <Amount>0.3</Amount>
                      <DistanceMatrixElementRef ref="VTR:DistanceMatrixElement:129694054to129694055" version="1"/>
                    </DistanceMatrixElementPrice>
                  </prices>
                </DistanceMatrixElement>
                <DistanceMatrixElement id="VTR:DistanceMatrixElement:129694060to129694062" version="1">
                  <Name>Ubiškės to Levenčiai</Name>
                  <StartStopPointRef ref="VTR:ScheduledStopPoint:1761582" version="1"/>
                  <EndStopPointRef ref="VTR:ScheduledStopPoint:1761584" version="1"/>
                  <prices>
                    <DistanceMatrixElementPrice id="VTR:DistanceMatrixElementPrice:129694060to129694062" version="1">
                      <Amount>0.4</Amount>
                      <DistanceMatrixElementRef ref="VTR:DistanceMatrixElement:129694060to129694062" version="1"/>
                    </DistanceMatrixElementPrice>
                  </prices>
                </DistanceMatrixElement>
                <DistanceMatrixElement id="VTR:DistanceMatrixElement:129694061to129694066" version="1">
                  <Name>Dūseikiai to Degaičiai</Name>
                  <StartStopPointRef ref="VTR:ScheduledStopPoint:1761583" version="1"/>
                  <EndStopPointRef ref="VTR:ScheduledStopPoint:1761588" version="1"/>
                  <prices>
                    <DistanceMatrixElementPrice id="VTR:DistanceMatrixElementPrice:129694061to129694066" version="1">
                      <Amount>0.9</Amount>
                      <DistanceMatrixElementRef ref="VTR:DistanceMatrixElement:129694061to129694066" version="1"/>
                    </DistanceMatrixElementPrice>
                  </prices>
                </DistanceMatrixElement>
                <DistanceMatrixElement id="VTR:DistanceMatrixElement:129694061to129694067" version="1">
                  <Name>Dūseikiai to Gyv. s. p.</Name>
                  <StartStopPointRef ref="VTR:ScheduledStopPoint:1761583" version="1"/>
                  <EndStopPointRef ref="VTR:ScheduledStopPoint:1761589" version="1"/>
                  <prices>
                    <DistanceMatrixElementPrice id="VTR:DistanceMatrixElementPrice:129694061to129694067" version="1">
                      <Amount>1.1</Amount>
                      <DistanceMatrixElementRef ref="VTR:DistanceMatrixElement:129694061to129694067" version="1"/>
                    </DistanceMatrixElementPrice>
                  </prices>
                </DistanceMatrixElement>
                <DistanceMatrixElement id="VTR:DistanceMatrixElement:129694061to129694062" version="1">
                  <Name>Dūseikiai to Levenčiai</Name>
                  <StartStopPointRef ref="VTR:ScheduledStopPoint:1761583" version="1"/>
                  <EndStopPointRef ref="VTR:ScheduledStopPoint:1761584" version="1"/>
                  <prices>
                    <DistanceMatrixElementPrice id="VTR:DistanceMatrixElementPrice:129694061to129694062" version="1">
                      <Amount>0.1</Amount>
                      <DistanceMatrixElementRef ref="VTR:DistanceMatrixElement:129694061to129694062" version="1"/>
                    </DistanceMatrixElementPrice>
                  </prices>
                </DistanceMatrixElement>
                <DistanceMatrixElement id="VTR:DistanceMatrixElement:129694062to129694064" version="1">
                  <Name>Levenčiai to Juodsodė</Name>
                  <StartStopPointRef ref="VTR:ScheduledStopPoint:1761584" version="1"/>
                  <EndStopPointRef ref="VTR:ScheduledStopPoint:1761586" version="1"/>
                  <prices>
                    <DistanceMatrixElementPrice id="VTR:DistanceMatrixElementPrice:129694062to129694064" version="1">
                      <Amount>0.4</Amount>
                      <DistanceMatrixElementRef ref="VTR:DistanceMatrixElement:129694062to129694064" version="1"/>
                    </DistanceMatrixElementPrice>
                  </prices>
                </DistanceMatrixElement>
                <DistanceMatrixElement id="VTR:DistanceMatrixElement:129694063to129694064" version="1">
                  <Name>Kiršiai to Juodsodė</Name>
                  <StartStopPointRef ref="VTR:ScheduledStopPoint:1761585" version="1"/>
                  <EndStopPointRef ref="VTR:ScheduledStopPoint:1761586" version="1"/>
                  <prices>
                    <DistanceMatrixElementPrice id="VTR:DistanceMatrixElementPrice:129694063to129694064" version="1">
                      <Amount>0.2</Amount>
                      <DistanceMatrixElementRef ref="VTR:DistanceMatrixElement:129694063to129694064" version="1"/>
                    </DistanceMatrixElementPrice>
                  </prices>
                </DistanceMatrixElement>
                <DistanceMatrixElement id="VTR:DistanceMatrixElement:129694052to129694057" version="1">
                  <Name>Telšių autobusų stotis to Kiršiai</Name>
                  <StartStopPointRef ref="VTR:ScheduledStopPoint:1761581" version="1"/>
                  <EndStopPointRef ref="VTR:ScheduledStopPoint:1761578" version="1"/>
                  <prices>
                    <DistanceMatrixElementPrice id="VTR:DistanceMatrixElementPrice:129694052to129694057" version="1">
                      <Amount>1.1</Amount>
                      <DistanceMatrixElementRef ref="VTR:DistanceMatrixElement:129694052to129694057" version="1"/>
                    </DistanceMatrixElementPrice>
                  </prices>
                </DistanceMatrixElement>
                <DistanceMatrixElement id="VTR:DistanceMatrixElement:129694053to129694059" version="1">
                  <Name>Gyv. s. p. to Ubiškės</Name>
                  <StartStopPointRef ref="VTR:ScheduledStopPoint:1761574" version="1"/>
                  <EndStopPointRef ref="VTR:ScheduledStopPoint:1761580" version="1"/>
                  <prices>
                    <DistanceMatrixElementPrice id="VTR:DistanceMatrixElementPrice:129694053to129694059" version="1">
                      <Amount>1.4</Amount>
                      <DistanceMatrixElementRef ref="VTR:DistanceMatrixElement:129694053to129694059" version="1"/>
                    </DistanceMatrixElementPrice>
                  </prices>
                </DistanceMatrixElement>
                <DistanceMatrixElement id="VTR:DistanceMatrixElement:129694055to129694056" version="1">
                  <Name>Eigirdžiai to Juodsalė</Name>
                  <StartStopPointRef ref="VTR:ScheduledStopPoint:1761576" version="1"/>
                  <EndStopPointRef ref="VTR:ScheduledStopPoint:1761577" version="1"/>
                  <prices>
                    <DistanceMatrixElementPrice id="VTR:DistanceMatrixElementPrice:129694055to129694056" version="1">
                      <Amount>0.2</Amount>
                      <DistanceMatrixElementRef ref="VTR:DistanceMatrixElement:129694055to129694056" version="1"/>
                    </DistanceMatrixElementPrice>
                  </prices>
                </DistanceMatrixElement>
                <DistanceMatrixElement id="VTR:DistanceMatrixElement:129694055to129694059" version="1">
                  <Name>Eigirdžiai to Ubiškės</Name>
                  <StartStopPointRef ref="VTR:ScheduledStopPoint:1761576" version="1"/>
                  <EndStopPointRef ref="VTR:ScheduledStopPoint:1761580" version="1"/>
                  <prices>
                    <DistanceMatrixElementPrice id="VTR:DistanceMatrixElementPrice:129694055to129694059" version="1">
                      <Amount>0.9</Amount>
                      <DistanceMatrixElementRef ref="VTR:DistanceMatrixElement:129694055to129694059" version="1"/>
                    </DistanceMatrixElementPrice>
                  </prices>
                </DistanceMatrixElement>
                <DistanceMatrixElement id="VTR:DistanceMatrixElement:129694057to129694059" version="1">
                  <Name>Kiršiai to Ubiškės</Name>
                  <StartStopPointRef ref="VTR:ScheduledStopPoint:1761578" version="1"/>
                  <EndStopPointRef ref="VTR:ScheduledStopPoint:1761580" version="1"/>
                  <prices>
                    <DistanceMatrixElementPrice id="VTR:DistanceMatrixElementPrice:129694057to129694059" version="1">
                      <Amount>0.4</Amount>
                      <DistanceMatrixElementRef ref="VTR:DistanceMatrixElement:129694057to129694059" version="1"/>
                    </DistanceMatrixElementPrice>
                  </prices>
                </DistanceMatrixElement>
                <DistanceMatrixElement id="VTR:DistanceMatrixElement:129694058to129694059" version="1">
                  <Name>Ubiškės kelias to Ubiškės</Name>
                  <StartStopPointRef ref="VTR:ScheduledStopPoint:1761579" version="1"/>
                  <EndStopPointRef ref="VTR:ScheduledStopPoint:1761580" version="1"/>
                  <prices>
                    <DistanceMatrixElementPrice id="VTR:DistanceMatrixElementPrice:129694058to129694059" version="1">
                      <Amount>0.3</Amount>
                      <DistanceMatrixElementRef ref="VTR:DistanceMatrixElement:129694058to129694059" version="1"/>
                    </DistanceMatrixElementPrice>
                  </prices>
                </DistanceMatrixElement>
                <DistanceMatrixElement id="VTR:DistanceMatrixElement:129694064to129694067" version="1">
                  <Name>Juodsodė to Gyv. s. p.</Name>
                  <StartStopPointRef ref="VTR:ScheduledStopPoint:1761586" version="1"/>
                  <EndStopPointRef ref="VTR:ScheduledStopPoint:1761589" version="1"/>
                  <prices>
                    <DistanceMatrixElementPrice id="VTR:DistanceMatrixElementPrice:129694064to129694067" version="1">
                      <Amount>0.7</Amount>
                      <DistanceMatrixElementRef ref="VTR:DistanceMatrixElement:129694064to129694067" version="1"/>
                    </DistanceMatrixElementPrice>
                  </prices>
                </DistanceMatrixElement>
                <DistanceMatrixElement id="VTR:DistanceMatrixElement:129694061to129694063" version="1">
                  <Name>Dūseikiai to Kiršiai</Name>
                  <StartStopPointRef ref="VTR:ScheduledStopPoint:1761583" version="1"/>
                  <EndStopPointRef ref="VTR:ScheduledStopPoint:1761585" version="1"/>
                  <prices>
                    <DistanceMatrixElementPrice id="VTR:DistanceMatrixElementPrice:129694061to129694063" version="1">
                      <Amount>0.2</Amount>
                      <DistanceMatrixElementRef ref="VTR:DistanceMatrixElement:129694061to129694063" version="1"/>
                    </DistanceMatrixElementPrice>
                  </prices>
                </DistanceMatrixElement>
                <DistanceMatrixElement id="VTR:DistanceMatrixElement:129694062to129694066" version="1">
                  <Name>Levenčiai to Degaičiai</Name>
                  <StartStopPointRef ref="VTR:ScheduledStopPoint:1761584" version="1"/>
                  <EndStopPointRef ref="VTR:ScheduledStopPoint:1761588" version="1"/>
                  <prices>
                    <DistanceMatrixElementPrice id="VTR:DistanceMatrixElementPrice:129694062to129694066" version="1">
                      <Amount>0.9</Amount>
                      <DistanceMatrixElementRef ref="VTR:DistanceMatrixElement:129694062to129694066" version="1"/>
                    </DistanceMatrixElementPrice>
                  </prices>
                </DistanceMatrixElement>
                <DistanceMatrixElement id="VTR:DistanceMatrixElement:129694062to129694067" version="1">
                  <Name>Levenčiai to Gyv. s. p.</Name>
                  <StartStopPointRef ref="VTR:ScheduledStopPoint:1761584" version="1"/>
                  <EndStopPointRef ref="VTR:ScheduledStopPoint:1761589" version="1"/>
                  <prices>
                    <DistanceMatrixElementPrice id="VTR:DistanceMatrixElementPrice:129694062to129694067" version="1">
                      <Amount>1.1</Amount>
                      <DistanceMatrixElementRef ref="VTR:DistanceMatrixElement:129694062to129694067" version="1"/>
                    </DistanceMatrixElementPrice>
                  </prices>
                </DistanceMatrixElement>
                <DistanceMatrixElement id="VTR:DistanceMatrixElement:129694054to129694057" version="1">
                  <Name>Degaičiai to Kiršiai</Name>
                  <StartStopPointRef ref="VTR:ScheduledStopPoint:1761575" version="1"/>
                  <EndStopPointRef ref="VTR:ScheduledStopPoint:1761578" version="1"/>
                  <prices>
                    <DistanceMatrixElementPrice id="VTR:DistanceMatrixElementPrice:129694054to129694057" version="1">
                      <Amount>0.7</Amount>
                      <DistanceMatrixElementRef ref="VTR:DistanceMatrixElement:129694054to129694057" version="1"/>
                    </DistanceMatrixElementPrice>
                  </prices>
                </DistanceMatrixElement>
                <DistanceMatrixElement id="VTR:DistanceMatrixElement:129694054to129694059" version="1">
                  <Name>Degaičiai to Ubiškės</Name>
                  <StartStopPointRef ref="VTR:ScheduledStopPoint:1761575" version="1"/>
                  <EndStopPointRef ref="VTR:ScheduledStopPoint:1761580" version="1"/>
                  <prices>
                    <DistanceMatrixElementPrice id="VTR:DistanceMatrixElementPrice:129694054to129694059" version="1">
                      <Amount>1.2</Amount>
                      <DistanceMatrixElementRef ref="VTR:DistanceMatrixElement:129694054to129694059" version="1"/>
                    </DistanceMatrixElementPrice>
                  </prices>
                </DistanceMatrixElement>
                <DistanceMatrixElement id="VTR:DistanceMatrixElement:129694060to129694065" version="1">
                  <Name>Ubiškės to Eigirdžiai</Name>
                  <StartStopPointRef ref="VTR:ScheduledStopPoint:1761582" version="1"/>
                  <EndStopPointRef ref="VTR:ScheduledStopPoint:1761587" version="1"/>
                  <prices>
                    <DistanceMatrixElementPrice id="VTR:DistanceMatrixElementPrice:129694060to129694065" version="1">
                      <Amount>0.9</Amount>
                      <DistanceMatrixElementRef ref="VTR:DistanceMatrixElement:129694060to129694065" version="1"/>
                    </DistanceMatrixElementPrice>
                  </prices>
                </DistanceMatrixElement>
                <DistanceMatrixElement id="VTR:DistanceMatrixElement:129694061to129694068" version="1">
                  <Name>Dūseikiai to Telšių autobusų stotis</Name>
                  <StartStopPointRef ref="VTR:ScheduledStopPoint:1761583" version="1"/>
                  <EndStopPointRef ref="VTR:ScheduledStopPoint:1761590" version="1"/>
                  <prices>
                    <DistanceMatrixElementPrice id="VTR:DistanceMatrixElementPrice:129694061to129694068" version="1">
                      <Amount>1.2</Amount>
                      <DistanceMatrixElementRef ref="VTR:DistanceMatrixElement:129694061to129694068" version="1"/>
                    </DistanceMatrixElementPrice>
                  </prices>
                </DistanceMatrixElement>
                <DistanceMatrixElement id="VTR:DistanceMatrixElement:129694062to129694063" version="1">
                  <Name>Levenčiai to Kiršiai</Name>
                  <StartStopPointRef ref="VTR:ScheduledStopPoint:1761584" version="1"/>
                  <EndStopPointRef ref="VTR:ScheduledStopPoint:1761585" version="1"/>
                  <prices>
                    <DistanceMatrixElementPrice id="VTR:DistanceMatrixElementPrice:129694062to129694063" version="1">
                      <Amount>0.2</Amount>
                      <DistanceMatrixElementRef ref="VTR:DistanceMatrixElement:129694062to129694063" version="1"/>
                    </DistanceMatrixElementPrice>
                  </prices>
                </DistanceMatrixElement>
                <DistanceMatrixElement id="VTR:DistanceMatrixElement:129694052to129694055" version="1">
                  <Name>Telšių autobusų stotis to Eigirdžiai</Name>
                  <StartStopPointRef ref="VTR:ScheduledStopPoint:1761581" version="1"/>
                  <EndStopPointRef ref="VTR:ScheduledStopPoint:1761576" version="1"/>
                  <prices>
                    <DistanceMatrixElementPrice id="VTR:DistanceMatrixElementPrice:129694052to129694055" version="1">
                      <Amount>0.7</Amount>
                      <DistanceMatrixElementRef ref="VTR:DistanceMatrixElement:129694052to129694055" version="1"/>
                    </DistanceMatrixElementPrice>
                  </prices>
                </DistanceMatrixElement>
                <DistanceMatrixElement id="VTR:DistanceMatrixElement:129694052to129694056" version="1">
                  <Name>Telšių autobusų stotis to Juodsalė</Name>
                  <StartStopPointRef ref="VTR:ScheduledStopPoint:1761581" version="1"/>
                  <EndStopPointRef ref="VTR:ScheduledStopPoint:1761577" version="1"/>
                  <prices>
                    <DistanceMatrixElementPrice id="VTR:DistanceMatrixElementPrice:129694052to129694056" version="1">
                      <Amount>0.9</Amount>
                      <DistanceMatrixElementRef ref="VTR:DistanceMatrixElement:129694052to129694056" version="1"/>
                    </DistanceMatrixElementPrice>
                  </prices>
                </DistanceMatrixElement>
                <DistanceMatrixElement id="VTR:DistanceMatrixElement:129694060to129694068" version="1">
                  <Name>Ubiškės to Telšių autobusų stotis</Name>
                  <StartStopPointRef ref="VTR:ScheduledStopPoint:1761582" version="1"/>
                  <EndStopPointRef ref="VTR:ScheduledStopPoint:1761590" version="1"/>
                  <prices>
                    <DistanceMatrixElementPrice id="VTR:DistanceMatrixElementPrice:129694060to129694068" version="1">
                      <Amount>1.5</Amount>
                      <DistanceMatrixElementRef ref="VTR:DistanceMatrixElement:129694060to129694068" version="1"/>
                    </DistanceMatrixElementPrice>
                  </prices>
                </DistanceMatrixElement>
                <DistanceMatrixElement id="VTR:DistanceMatrixElement:129694062to129694068" version="1">
                  <Name>Levenčiai to Telšių autobusų stotis</Name>
                  <StartStopPointRef ref="VTR:ScheduledStopPoint:1761584" version="1"/>
                  <EndStopPointRef ref="VTR:ScheduledStopPoint:1761590" version="1"/>
                  <prices>
                    <DistanceMatrixElementPrice id="VTR:DistanceMatrixElementPrice:129694062to129694068" version="1">
                      <Amount>1.2</Amount>
                      <DistanceMatrixElementRef ref="VTR:DistanceMatrixElement:129694062to129694068" version="1"/>
                    </DistanceMatrixElementPrice>
                  </prices>
                </DistanceMatrixElement>
                <DistanceMatrixElement id="VTR:DistanceMatrixElement:129694063to129694067" version="1">
                  <Name>Kiršiai to Gyv. s. p.</Name>
                  <StartStopPointRef ref="VTR:ScheduledStopPoint:1761585" version="1"/>
                  <EndStopPointRef ref="VTR:ScheduledStopPoint:1761589" version="1"/>
                  <prices>
                    <DistanceMatrixElementPrice id="VTR:DistanceMatrixElementPrice:129694063to129694067" version="1">
                      <Amount>0.9</Amount>
                      <DistanceMatrixElementRef ref="VTR:DistanceMatrixElement:129694063to129694067" version="1"/>
                    </DistanceMatrixElementPrice>
                  </prices>
                </DistanceMatrixElement>
                <DistanceMatrixElement id="VTR:DistanceMatrixElement:129694053to129694054" version="1">
                  <Name>Gyv. s. p. to Degaičiai</Name>
                  <StartStopPointRef ref="VTR:ScheduledStopPoint:1761574" version="1"/>
                  <EndStopPointRef ref="VTR:ScheduledStopPoint:1761575" version="1"/>
                  <prices>
                    <DistanceMatrixElementPrice id="VTR:DistanceMatrixElementPrice:129694053to129694054" version="1">
                      <Amount>0.2</Amount>
                      <DistanceMatrixElementRef ref="VTR:DistanceMatrixElement:129694053to129694054" version="1"/>
                    </DistanceMatrixElementPrice>
                  </prices>
                </DistanceMatrixElement>
                <DistanceMatrixElement id="VTR:DistanceMatrixElement:129694053to129694056" version="1">
                  <Name>Gyv. s. p. to Juodsalė</Name>
                  <StartStopPointRef ref="VTR:ScheduledStopPoint:1761574" version="1"/>
                  <EndStopPointRef ref="VTR:ScheduledStopPoint:1761577" version="1"/>
                  <prices>
                    <DistanceMatrixElementPrice id="VTR:DistanceMatrixElementPrice:129694053to129694056" version="1">
                      <Amount>0.7</Amount>
                      <DistanceMatrixElementRef ref="VTR:DistanceMatrixElement:129694053to129694056" version="1"/>
                    </DistanceMatrixElementPrice>
                  </prices>
                </DistanceMatrixElement>
                <DistanceMatrixElement id="VTR:DistanceMatrixElement:129694055to129694057" version="1">
                  <Name>Eigirdžiai to Kiršiai</Name>
                  <StartStopPointRef ref="VTR:ScheduledStopPoint:1761576" version="1"/>
                  <EndStopPointRef ref="VTR:ScheduledStopPoint:1761578" version="1"/>
                  <prices>
                    <DistanceMatrixElementPrice id="VTR:DistanceMatrixElementPrice:129694055to129694057" version="1">
                      <Amount>0.4</Amount>
                      <DistanceMatrixElementRef ref="VTR:DistanceMatrixElement:129694055to129694057" version="1"/>
                    </DistanceMatrixElementPrice>
                  </prices>
                </DistanceMatrixElement>
                <DistanceMatrixElement id="VTR:DistanceMatrixElement:129694056to129694058" version="1">
                  <Name>Juodsalė to Ubiškės kelias</Name>
                  <StartStopPointRef ref="VTR:ScheduledStopPoint:1761577" version="1"/>
                  <EndStopPointRef ref="VTR:ScheduledStopPoint:1761579" version="1"/>
                  <prices>
                    <DistanceMatrixElementPrice id="VTR:DistanceMatrixElementPrice:129694056to129694058" version="1">
                      <Amount>0.4</Amount>
                      <DistanceMatrixElementRef ref="VTR:DistanceMatrixElement:129694056to129694058" version="1"/>
                    </DistanceMatrixElementPrice>
                  </prices>
                </DistanceMatrixElement>
                <DistanceMatrixElement id="VTR:DistanceMatrixElement:129694065to129694068" version="1">
                  <Name>Eigirdžiai to Telšių autobusų stotis</Name>
                  <StartStopPointRef ref="VTR:ScheduledStopPoint:1761587" version="1"/>
                  <EndStopPointRef ref="VTR:ScheduledStopPoint:1761590" version="1"/>
                  <prices>
                    <DistanceMatrixElementPrice id="VTR:DistanceMatrixElementPrice:129694065to129694068" version="1">
                      <Amount>0.7</Amount>
                      <DistanceMatrixElementRef ref="VTR:DistanceMatrixElement:129694065to129694068" version="1"/>
                    </DistanceMatrixElementPrice>
                  </prices>
                </DistanceMatrixElement>
                <DistanceMatrixElement id="VTR:DistanceMatrixElement:129694066to129694067" version="1">
                  <Name>Degaičiai to Gyv. s. p.</Name>
                  <StartStopPointRef ref="VTR:ScheduledStopPoint:1761588" version="1"/>
                  <EndStopPointRef ref="VTR:ScheduledStopPoint:1761589" version="1"/>
                  <prices>
                    <DistanceMatrixElementPrice id="VTR:DistanceMatrixElementPrice:129694066to129694067" version="1">
                      <Amount>0.2</Amount>
                      <DistanceMatrixElementRef ref="VTR:DistanceMatrixElement:129694066to129694067" version="1"/>
                    </DistanceMatrixElementPrice>
                  </prices>
                </DistanceMatrixElement>
                <DistanceMatrixElement id="VTR:DistanceMatrixElement:129694066to129694068" version="1">
                  <Name>Degaičiai to Telšių autobusų stotis</Name>
                  <StartStopPointRef ref="VTR:ScheduledStopPoint:1761588" version="1"/>
                  <EndStopPointRef ref="VTR:ScheduledStopPoint:1761590" version="1"/>
                  <prices>
                    <DistanceMatrixElementPrice id="VTR:DistanceMatrixElementPrice:129694066to129694068" version="1">
                      <Amount>0.3</Amount>
                      <DistanceMatrixElementRef ref="VTR:DistanceMatrixElement:129694066to129694068" version="1"/>
                    </DistanceMatrixElementPrice>
                  </prices>
                </DistanceMatrixElement>
                <DistanceMatrixElement id="VTR:DistanceMatrixElement:129694060to129694066" version="1">
                  <Name>Ubiškės to Degaičiai</Name>
                  <StartStopPointRef ref="VTR:ScheduledStopPoint:1761582" version="1"/>
                  <EndStopPointRef ref="VTR:ScheduledStopPoint:1761588" version="1"/>
                  <prices>
                    <DistanceMatrixElementPrice id="VTR:DistanceMatrixElementPrice:129694060to129694066" version="1">
                      <Amount>1.2</Amount>
                      <DistanceMatrixElementRef ref="VTR:DistanceMatrixElement:129694060to129694066" version="1"/>
                    </DistanceMatrixElementPrice>
                  </prices>
                </DistanceMatrixElement>
                <DistanceMatrixElement id="VTR:DistanceMatrixElement:129694060to129694064" version="1">
                  <Name>Ubiškės to Juodsodė</Name>
                  <StartStopPointRef ref="VTR:ScheduledStopPoint:1761582" version="1"/>
                  <EndStopPointRef ref="VTR:ScheduledStopPoint:1761586" version="1"/>
                  <prices>
                    <DistanceMatrixElementPrice id="VTR:DistanceMatrixElementPrice:129694060to129694064" version="1">
                      <Amount>0.7</Amount>
                      <DistanceMatrixElementRef ref="VTR:DistanceMatrixElement:129694060to129694064" version="1"/>
                    </DistanceMatrixElementPrice>
                  </prices>
                </DistanceMatrixElement>
                <DistanceMatrixElement id="VTR:DistanceMatrixElement:129694061to129694065" version="1">
                  <Name>Dūseikiai to Eigirdžiai</Name>
                  <StartStopPointRef ref="VTR:ScheduledStopPoint:1761583" version="1"/>
                  <EndStopPointRef ref="VTR:ScheduledStopPoint:1761587" version="1"/>
                  <prices>
                    <DistanceMatrixElementPrice id="VTR:DistanceMatrixElementPrice:129694061to129694065" version="1">
                      <Amount>0.6</Amount>
                      <DistanceMatrixElementRef ref="VTR:DistanceMatrixElement:129694061to129694065" version="1"/>
                    </DistanceMatrixElementPrice>
                  </prices>
                </DistanceMatrixElement>
                <DistanceMatrixElement id="VTR:DistanceMatrixElement:129694061to129694064" version="1">
                  <Name>Dūseikiai to Juodsodė</Name>
                  <StartStopPointRef ref="VTR:ScheduledStopPoint:1761583" version="1"/>
                  <EndStopPointRef ref="VTR:ScheduledStopPoint:1761586" version="1"/>
                  <prices>
                    <DistanceMatrixElementPrice id="VTR:DistanceMatrixElementPrice:129694061to129694064" version="1">
                      <Amount>0.4</Amount>
                      <DistanceMatrixElementRef ref="VTR:DistanceMatrixElement:129694061to129694064" version="1"/>
                    </DistanceMatrixElementPrice>
                  </prices>
                </DistanceMatrixElement>
                <DistanceMatrixElement id="VTR:DistanceMatrixElement:129694063to129694065" version="1">
                  <Name>Kiršiai to Eigirdžiai</Name>
                  <StartStopPointRef ref="VTR:ScheduledStopPoint:1761585" version="1"/>
                  <EndStopPointRef ref="VTR:ScheduledStopPoint:1761587" version="1"/>
                  <prices>
                    <DistanceMatrixElementPrice id="VTR:DistanceMatrixElementPrice:129694063to129694065" version="1">
                      <Amount>0.4</Amount>
                      <DistanceMatrixElementRef ref="VTR:DistanceMatrixElement:129694063to129694065" version="1"/>
                    </DistanceMatrixElementPrice>
                  </prices>
                </DistanceMatrixElement>
                <DistanceMatrixElement id="VTR:DistanceMatrixElement:129694052to129694054" version="1">
                  <Name>Telšių autobusų stotis to Degaičiai</Name>
                  <StartStopPointRef ref="VTR:ScheduledStopPoint:1761581" version="1"/>
                  <EndStopPointRef ref="VTR:ScheduledStopPoint:1761575" version="1"/>
                  <prices>
                    <DistanceMatrixElementPrice id="VTR:DistanceMatrixElementPrice:129694052to129694054" version="1">
                      <Amount>0.3</Amount>
                      <DistanceMatrixElementRef ref="VTR:DistanceMatrixElement:129694052to129694054" version="1"/>
                    </DistanceMatrixElementPrice>
                  </prices>
                </DistanceMatrixElement>
                <DistanceMatrixElement id="VTR:DistanceMatrixElement:129694056to129694059" version="1">
                  <Name>Juodsalė to Ubiškės</Name>
                  <StartStopPointRef ref="VTR:ScheduledStopPoint:1761577" version="1"/>
                  <EndStopPointRef ref="VTR:ScheduledStopPoint:1761580" version="1"/>
                  <prices>
                    <DistanceMatrixElementPrice id="VTR:DistanceMatrixElementPrice:129694056to129694059" version="1">
                      <Amount>0.7</Amount>
                      <DistanceMatrixElementRef ref="VTR:DistanceMatrixElement:129694056to129694059" version="1"/>
                    </DistanceMatrixElementPrice>
                  </prices>
                </DistanceMatrixElement>
                <DistanceMatrixElement id="VTR:DistanceMatrixElement:129694060to129694067" version="1">
                  <Name>Ubiškės to Gyv. s. p.</Name>
                  <StartStopPointRef ref="VTR:ScheduledStopPoint:1761582" version="1"/>
                  <EndStopPointRef ref="VTR:ScheduledStopPoint:1761589" version="1"/>
                  <prices>
                    <DistanceMatrixElementPrice id="VTR:DistanceMatrixElementPrice:129694060to129694067" version="1">
                      <Amount>1.4</Amount>
                      <DistanceMatrixElementRef ref="VTR:DistanceMatrixElement:129694060to129694067" version="1"/>
                    </DistanceMatrixElementPrice>
                  </prices>
                </DistanceMatrixElement>
                <DistanceMatrixElement id="VTR:DistanceMatrixElement:129694060to129694061" version="1">
                  <Name>Ubiškės to Dūseikiai</Name>
                  <StartStopPointRef ref="VTR:ScheduledStopPoint:1761582" version="1"/>
                  <EndStopPointRef ref="VTR:ScheduledStopPoint:1761583" version="1"/>
                  <prices>
                    <DistanceMatrixElementPrice id="VTR:DistanceMatrixElementPrice:129694060to129694061" version="1">
                      <Amount>0.3</Amount>
                      <DistanceMatrixElementRef ref="VTR:DistanceMatrixElement:129694060to129694061" version="1"/>
                    </DistanceMatrixElementPrice>
                  </prices>
                </DistanceMatrixElement>
                <DistanceMatrixElement id="VTR:DistanceMatrixElement:129694063to129694068" version="1">
                  <Name>Kiršiai to Telšių autobusų stotis</Name>
                  <StartStopPointRef ref="VTR:ScheduledStopPoint:1761585" version="1"/>
                  <EndStopPointRef ref="VTR:ScheduledStopPoint:1761590" version="1"/>
                  <prices>
                    <DistanceMatrixElementPrice id="VTR:DistanceMatrixElementPrice:129694063to129694068" version="1">
                      <Amount>1.0</Amount>
                      <DistanceMatrixElementRef ref="VTR:DistanceMatrixElement:129694063to129694068" version="1"/>
                    </DistanceMatrixElementPrice>
                  </prices>
                </DistanceMatrixElement>
                <DistanceMatrixElement id="VTR:DistanceMatrixElement:129694052to129694059" version="1">
                  <Name>Telšių autobusų stotis to Ubiškės</Name>
                  <StartStopPointRef ref="VTR:ScheduledStopPoint:1761581" version="1"/>
                  <EndStopPointRef ref="VTR:ScheduledStopPoint:1761580" version="1"/>
                  <prices>
                    <DistanceMatrixElementPrice id="VTR:DistanceMatrixElementPrice:129694052to129694059" version="1">
                      <Amount>1.5</Amount>
                      <DistanceMatrixElementRef ref="VTR:DistanceMatrixElement:129694052to129694059" version="1"/>
                    </DistanceMatrixElementPrice>
                  </prices>
                </DistanceMatrixElement>
                <DistanceMatrixElement id="VTR:DistanceMatrixElement:129694053to129694058" version="1">
                  <Name>Gyv. s. p. to Ubiškės kelias</Name>
                  <StartStopPointRef ref="VTR:ScheduledStopPoint:1761574" version="1"/>
                  <EndStopPointRef ref="VTR:ScheduledStopPoint:1761579" version="1"/>
                  <prices>
                    <DistanceMatrixElementPrice id="VTR:DistanceMatrixElementPrice:129694053to129694058" version="1">
                      <Amount>1.1</Amount>
                      <DistanceMatrixElementRef ref="VTR:DistanceMatrixElement:129694053to129694058" version="1"/>
                    </DistanceMatrixElementPrice>
                  </prices>
                </DistanceMatrixElement>
                <DistanceMatrixElement id="VTR:DistanceMatrixElement:129694056to129694057" version="1">
                  <Name>Juodsalė to Kiršiai</Name>
                  <StartStopPointRef ref="VTR:ScheduledStopPoint:1761577" version="1"/>
                  <EndStopPointRef ref="VTR:ScheduledStopPoint:1761578" version="1"/>
                  <prices>
                    <DistanceMatrixElementPrice id="VTR:DistanceMatrixElementPrice:129694056to129694057" version="1">
                      <Amount>0.2</Amount>
                      <DistanceMatrixElementRef ref="VTR:DistanceMatrixElement:129694056to129694057" version="1"/>
                    </DistanceMatrixElementPrice>
                  </prices>
                </DistanceMatrixElement>
                <DistanceMatrixElement id="VTR:DistanceMatrixElement:129694057to129694058" version="1">
                  <Name>Kiršiai to Ubiškės kelias</Name>
                  <StartStopPointRef ref="VTR:ScheduledStopPoint:1761578" version="1"/>
                  <EndStopPointRef ref="VTR:ScheduledStopPoint:1761579" version="1"/>
                  <prices>
                    <DistanceMatrixElementPrice id="VTR:DistanceMatrixElementPrice:129694057to129694058" version="1">
                      <Amount>0.2</Amount>
                      <DistanceMatrixElementRef ref="VTR:DistanceMatrixElement:129694057to129694058" version="1"/>
                    </DistanceMatrixElementPrice>
                  </prices>
                </DistanceMatrixElement>
                <DistanceMatrixElement id="VTR:DistanceMatrixElement:129694064to129694065" version="1">
                  <Name>Juodsodė to Eigirdžiai</Name>
                  <StartStopPointRef ref="VTR:ScheduledStopPoint:1761586" version="1"/>
                  <EndStopPointRef ref="VTR:ScheduledStopPoint:1761587" version="1"/>
                  <prices>
                    <DistanceMatrixElementPrice id="VTR:DistanceMatrixElementPrice:129694064to129694065" version="1">
                      <Amount>0.2</Amount>
                      <DistanceMatrixElementRef ref="VTR:DistanceMatrixElement:129694064to129694065" version="1"/>
                    </DistanceMatrixElementPrice>
                  </prices>
                </DistanceMatrixElement>
                <DistanceMatrixElement id="VTR:DistanceMatrixElement:129694064to129694066" version="1">
                  <Name>Juodsodė to Degaičiai</Name>
                  <StartStopPointRef ref="VTR:ScheduledStopPoint:1761586" version="1"/>
                  <EndStopPointRef ref="VTR:ScheduledStopPoint:1761588" version="1"/>
                  <prices>
                    <DistanceMatrixElementPrice id="VTR:DistanceMatrixElementPrice:129694064to129694066" version="1">
                      <Amount>0.5</Amount>
                      <DistanceMatrixElementRef ref="VTR:DistanceMatrixElement:129694064to129694066" version="1"/>
                    </DistanceMatrixElementPrice>
                  </prices>
                </DistanceMatrixElement>
                <DistanceMatrixElement id="VTR:DistanceMatrixElement:129694064to129694068" version="1">
                  <Name>Juodsodė to Telšių autobusų stotis</Name>
                  <StartStopPointRef ref="VTR:ScheduledStopPoint:1761586" version="1"/>
                  <EndStopPointRef ref="VTR:ScheduledStopPoint:1761590" version="1"/>
                  <prices>
                    <DistanceMatrixElementPrice id="VTR:DistanceMatrixElementPrice:129694064to129694068" version="1">
                      <Amount>0.9</Amount>
                      <DistanceMatrixElementRef ref="VTR:DistanceMatrixElement:129694064to129694068" version="1"/>
                    </DistanceMatrixElementPrice>
                  </prices>
                </DistanceMatrixElement>
                <DistanceMatrixElement id="VTR:DistanceMatrixElement:129694065to129694066" version="1">
                  <Name>Eigirdžiai to Degaičiai</Name>
                  <StartStopPointRef ref="VTR:ScheduledStopPoint:1761587" version="1"/>
                  <EndStopPointRef ref="VTR:ScheduledStopPoint:1761588" version="1"/>
                  <prices>
                    <DistanceMatrixElementPrice id="VTR:DistanceMatrixElementPrice:129694065to129694066" version="1">
                      <Amount>0.3</Amount>
                      <DistanceMatrixElementRef ref="VTR:DistanceMatrixElement:129694065to129694066" version="1"/>
                    </DistanceMatrixElementPrice>
                  </prices>
                </DistanceMatrixElement>
                <DistanceMatrixElement id="VTR:DistanceMatrixElement:129694067to129694068" version="1">
                  <Name>Gyv. s. p. to Telšių autobusų stotis</Name>
                  <StartStopPointRef ref="VTR:ScheduledStopPoint:1761589" version="1"/>
                  <EndStopPointRef ref="VTR:ScheduledStopPoint:1761590" version="1"/>
                  <prices>
                    <DistanceMatrixElementPrice id="VTR:DistanceMatrixElementPrice:129694067to129694068" version="1">
                      <Amount>0.2</Amount>
                      <DistanceMatrixElementRef ref="VTR:DistanceMatrixElement:129694067to129694068" version="1"/>
                    </DistanceMatrixElementPrice>
                  </prices>
                </DistanceMatrixElement>
                <DistanceMatrixElement id="VTR:DistanceMatrixElement:129694062to129694065" version="1">
                  <Name>Levenčiai to Eigirdžiai</Name>
                  <StartStopPointRef ref="VTR:ScheduledStopPoint:1761584" version="1"/>
                  <EndStopPointRef ref="VTR:ScheduledStopPoint:1761587" version="1"/>
                  <prices>
                    <DistanceMatrixElementPrice id="VTR:DistanceMatrixElementPrice:129694062to129694065" version="1">
                      <Amount>0.6</Amount>
                      <DistanceMatrixElementRef ref="VTR:DistanceMatrixElement:129694062to129694065" version="1"/>
                    </DistanceMatrixElementPrice>
                  </prices>
                </DistanceMatrixElement>
                <DistanceMatrixElement id="VTR:DistanceMatrixElement:129694052to129694058" version="1">
                  <Name>Telšių autobusų stotis to Ubiškės kelias</Name>
                  <StartStopPointRef ref="VTR:ScheduledStopPoint:1761581" version="1"/>
                  <EndStopPointRef ref="VTR:ScheduledStopPoint:1761579" version="1"/>
                  <prices>
                    <DistanceMatrixElementPrice id="VTR:DistanceMatrixElementPrice:129694052to129694058" version="1">
                      <Amount>1.2</Amount>
                      <DistanceMatrixElementRef ref="VTR:DistanceMatrixElement:129694052to129694058" version="1"/>
                    </DistanceMatrixElementPrice>
                  </prices>
                </DistanceMatrixElement>
              </distanceMatrixElements>
            </Tariff>
          </tariffs>
          <usageParameters>
            <FrequencyOfUse id="VTR:FrequencyOfUse:oneTrip" version="1">
              <FrequencyOfUseType>unlimited</FrequencyOfUseType>
              <MaximalFrequency>1</MaximalFrequency>
            </FrequencyOfUse>
          </usageParameters>
        </FareFrame>
      </frames>
    </CompositeFrame>
  </dataObjects>
</PublicationDelivery>
