<?xml version="1.0" encoding="UTF-8"?><PublicationDelivery xmlns="http://www.netex.org.uk/netex" xmlns:gis="http://www.opengis.net/gml/3.2" xmlns:ns2="http://www.opengis.net/gml/3.2" xmlns:ns3="http://www.siri.org.uk/siri" xmlns:xsi="http://www.w3.org/2001/XMLSchema-instance" version="1" xsi:schemaLocation="">
  <PublicationTimestamp>2022-05-07T04:55:00.275</PublicationTimestamp>
  <ParticipantRef>VTR</ParticipantRef>
  <Description>1</Description>
  <dataObjects>
    <CompositeFrame created="2022-05-07T04:55:00.275" version="1" id="VTR:CompositeFrame:1399">
      <validityConditions>
        <AvailabilityCondition version="1" id="VTR:AvailabilityCondition:1399">
          <FromDate>2018-08-22T16:23:58</FromDate>
          <ToDate>2027-12-30T00:00:00</ToDate>
        </AvailabilityCondition>
      </validityConditions>
      <codespaces>
        <Codespace id="vtr">
          <Xmlns>VTR</Xmlns>
          <XmlnsUrl>http://www.visimarsrutai.lt/</XmlnsUrl>
        </Codespace>
      </codespaces>
      <FrameDefaults>
        <DefaultLocale>
          <TimeZone>Europe/Vilnius</TimeZone>
        </DefaultLocale>
        <DefaultLocationSystem>WGS84</DefaultLocationSystem>
      </FrameDefaults>
      <frames>
        <ServiceCalendarFrame version="1" id="VTR:ServiceCalendarFrame:1399">
          <dayTypes>
            <DayType id="VTR:DayType:1227" version="1">
              <properties>
                <PropertyOfDay>
                  <DaysOfWeek>Monday Tuesday Wednesday Thursday Friday</DaysOfWeek>
                </PropertyOfDay>
              </properties>
            </DayType>
          </dayTypes>
          <operatingPeriods>
            <OperatingPeriod version="1" id="VTR:OperatingPeriod:1227">
              <FromDate>2012-01-01T00:00:00</FromDate>
              <ToDate>2018-12-31T00:00:00</ToDate>
            </OperatingPeriod>
          </operatingPeriods>
          <dayTypeAssignments>
            <DayTypeAssignment id="VTR:DayTypeAssignment:1227_0" version="1" order="1171">
              <OperatingPeriodRef ref="VTR:OperatingPeriod:1227" version="1"/>
              <DayTypeRef ref="VTR:DayType:1227" version="1"/>
            </DayTypeAssignment>
          </dayTypeAssignments>
        </ServiceCalendarFrame>
        <ServiceFrame id="VTR:ServiceFrame:1399" version="1">
          <Network version="0" id="VTR:Network:31"/>
          <routePoints>
            <RoutePoint version="1" id="VTR:RoutePoint:1318825">
              <projections>
                <PointProjection version="1" id="VTR:PointProjection:56475">
                  <ProjectedPointRef ref="VTR:ScheduledStopPoint:1318825" version="1"/>
                </PointProjection>
              </projections>
            </RoutePoint>
            <RoutePoint version="1" id="VTR:RoutePoint:1318826">
              <projections>
                <PointProjection version="1" id="VTR:PointProjection:59863">
                  <ProjectedPointRef ref="VTR:ScheduledStopPoint:1318826" version="1"/>
                </PointProjection>
              </projections>
            </RoutePoint>
            <RoutePoint version="1" id="VTR:RoutePoint:1318827">
              <projections>
                <PointProjection version="1" id="VTR:PointProjection:59864">
                  <ProjectedPointRef ref="VTR:ScheduledStopPoint:1318827" version="1"/>
                </PointProjection>
              </projections>
            </RoutePoint>
            <RoutePoint version="1" id="VTR:RoutePoint:1318828">
              <projections>
                <PointProjection version="1" id="VTR:PointProjection:59865">
                  <ProjectedPointRef ref="VTR:ScheduledStopPoint:1318828" version="1"/>
                </PointProjection>
              </projections>
            </RoutePoint>
            <RoutePoint version="1" id="VTR:RoutePoint:1318829">
              <projections>
                <PointProjection version="1" id="VTR:PointProjection:59866">
                  <ProjectedPointRef ref="VTR:ScheduledStopPoint:1318829" version="1"/>
                </PointProjection>
              </projections>
            </RoutePoint>
            <RoutePoint version="1" id="VTR:RoutePoint:1318830">
              <projections>
                <PointProjection version="1" id="VTR:PointProjection:59867">
                  <ProjectedPointRef ref="VTR:ScheduledStopPoint:1318830" version="1"/>
                </PointProjection>
              </projections>
            </RoutePoint>
            <RoutePoint version="1" id="VTR:RoutePoint:1318831">
              <projections>
                <PointProjection version="1" id="VTR:PointProjection:59868">
                  <ProjectedPointRef ref="VTR:ScheduledStopPoint:1318831" version="1"/>
                </PointProjection>
              </projections>
            </RoutePoint>
            <RoutePoint version="1" id="VTR:RoutePoint:1318832">
              <projections>
                <PointProjection version="1" id="VTR:PointProjection:59869">
                  <ProjectedPointRef ref="VTR:ScheduledStopPoint:1318832" version="1"/>
                </PointProjection>
              </projections>
            </RoutePoint>
          </routePoints>
          <routes>
            <Route version="1" id="VTR:Route:17405">
              <Name>Dūseikiai-Ubiškė-Dūseikių durpynas-Dūseikiai</Name>
              <ShortName>Dūseikiai-Ubiškė-Dūseikių durpynas-Dūseikiai</ShortName>
              <LineRef ref="VTR:Line:6154" version="7770"/>
              <DirectionType>outbound</DirectionType>
              <pointsInSequence>
                <PointOnRoute version="1" id="VTR:PointOnRoute:1318825" order="1">
                  <RoutePointRef ref="VTR:RoutePoint:1318825"/>
                </PointOnRoute>
                <PointOnRoute version="1" id="VTR:PointOnRoute:1318826" order="2">
                  <RoutePointRef ref="VTR:RoutePoint:1318826"/>
                </PointOnRoute>
                <PointOnRoute version="1" id="VTR:PointOnRoute:1318827" order="3">
                  <RoutePointRef ref="VTR:RoutePoint:1318827"/>
                </PointOnRoute>
                <PointOnRoute version="1" id="VTR:PointOnRoute:1318828" order="4">
                  <RoutePointRef ref="VTR:RoutePoint:1318828"/>
                </PointOnRoute>
                <PointOnRoute version="1" id="VTR:PointOnRoute:1318829" order="5">
                  <RoutePointRef ref="VTR:RoutePoint:1318829"/>
                </PointOnRoute>
                <PointOnRoute version="1" id="VTR:PointOnRoute:1318830" order="6">
                  <RoutePointRef ref="VTR:RoutePoint:1318830"/>
                </PointOnRoute>
                <PointOnRoute version="1" id="VTR:PointOnRoute:1318831" order="7">
                  <RoutePointRef ref="VTR:RoutePoint:1318831"/>
                </PointOnRoute>
                <PointOnRoute version="1" id="VTR:PointOnRoute:1318832" order="8">
                  <RoutePointRef ref="VTR:RoutePoint:1318832"/>
                </PointOnRoute>
              </pointsInSequence>
            </Route>
          </routes>
          <lines>
            <Line version="7770" id="VTR:Line:6154">
              <Name>Dūseikiai-Ubiškė-Dūseikių durpynas-Dūseikiai</Name>
              <TransportMode>bus</TransportMode>
              <TransportSubmode>
                <BusSubmode>regionalBus</BusSubmode>
              </TransportSubmode>
              <PublicCode>TEL11</PublicCode>
              <OperatorRef ref="VTR:Operator:31"/>
            </Line>
          </lines>
          <scheduledStopPoints>
            <ScheduledStopPoint version="1" id="VTR:ScheduledStopPoint:1318825">
              <Name>Dūseikiai</Name>
            </ScheduledStopPoint>
            <ScheduledStopPoint version="1" id="VTR:ScheduledStopPoint:1318826">
              <Name>Ubiškės</Name>
            </ScheduledStopPoint>
            <ScheduledStopPoint version="1" id="VTR:ScheduledStopPoint:1318827">
              <Name>Pateklėnai</Name>
            </ScheduledStopPoint>
            <ScheduledStopPoint version="1" id="VTR:ScheduledStopPoint:1318828">
              <Name>Ubiškės kelias</Name>
            </ScheduledStopPoint>
            <ScheduledStopPoint version="1" id="VTR:ScheduledStopPoint:1318829">
              <Name>Kiršių sankryža</Name>
            </ScheduledStopPoint>
            <ScheduledStopPoint version="1" id="VTR:ScheduledStopPoint:1318830">
              <Name>Dūseikių durpynas</Name>
            </ScheduledStopPoint>
            <ScheduledStopPoint version="1" id="VTR:ScheduledStopPoint:1318831">
              <Name>Dūseikių plytinė</Name>
            </ScheduledStopPoint>
            <ScheduledStopPoint version="1" id="VTR:ScheduledStopPoint:1318832">
              <Name>Dūseikiai</Name>
            </ScheduledStopPoint>
          </scheduledStopPoints>
          <serviceLinks>
            <ServiceLink id="VTR:ServiceLink:1318825_1_1318826_1" version="1">
              <Distance>6</Distance>
              <FromPointRef ref="VTR:ScheduledStopPoint:1318825" version="1"/>
              <ToPointRef ref="VTR:ScheduledStopPoint:1318826" version="1"/>
            </ServiceLink>
            <ServiceLink id="VTR:ServiceLink:1318829_1_1318830_1" version="1">
              <Distance>3</Distance>
              <FromPointRef ref="VTR:ScheduledStopPoint:1318829" version="1"/>
              <ToPointRef ref="VTR:ScheduledStopPoint:1318830" version="1"/>
            </ServiceLink>
            <ServiceLink id="VTR:ServiceLink:1318826_1_1318827_1" version="1">
              <Distance>0</Distance>
              <FromPointRef ref="VTR:ScheduledStopPoint:1318826" version="1"/>
              <ToPointRef ref="VTR:ScheduledStopPoint:1318827" version="1"/>
            </ServiceLink>
            <ServiceLink id="VTR:ServiceLink:1318831_1_1318832_1" version="1">
              <Distance>3</Distance>
              <FromPointRef ref="VTR:ScheduledStopPoint:1318831" version="1"/>
              <ToPointRef ref="VTR:ScheduledStopPoint:1318832" version="1"/>
            </ServiceLink>
            <ServiceLink id="VTR:ServiceLink:1318828_1_1318829_1" version="1">
              <Distance>2</Distance>
              <FromPointRef ref="VTR:ScheduledStopPoint:1318828" version="1"/>
              <ToPointRef ref="VTR:ScheduledStopPoint:1318829" version="1"/>
            </ServiceLink>
            <ServiceLink id="VTR:ServiceLink:1318827_1_1318828_1" version="1">
              <Distance>0</Distance>
              <FromPointRef ref="VTR:ScheduledStopPoint:1318827" version="1"/>
              <ToPointRef ref="VTR:ScheduledStopPoint:1318828" version="1"/>
            </ServiceLink>
            <ServiceLink id="VTR:ServiceLink:1318830_1_1318831_1" version="1">
              <Distance>1</Distance>
              <FromPointRef ref="VTR:ScheduledStopPoint:1318830" version="1"/>
              <ToPointRef ref="VTR:ScheduledStopPoint:1318831" version="1"/>
            </ServiceLink>
          </serviceLinks>
          <stopAssignments>
            <PassengerStopAssignment order="1740500000" id="VTR:PassengerStopAssignment:1318825" version="1">
              <ScheduledStopPointRef ref="VTR:ScheduledStopPoint:1318825" version="1"/>
              <QuayRef ref="VTR:Quay:19320"/>
            </PassengerStopAssignment>
            <PassengerStopAssignment order="1740500001" id="VTR:PassengerStopAssignment:1318826" version="1">
              <ScheduledStopPointRef ref="VTR:ScheduledStopPoint:1318826" version="1"/>
              <QuayRef ref="VTR:Quay:11517"/>
            </PassengerStopAssignment>
            <PassengerStopAssignment order="1740500002" id="VTR:PassengerStopAssignment:1318827" version="1">
              <ScheduledStopPointRef ref="VTR:ScheduledStopPoint:1318827" version="1"/>
              <QuayRef ref="VTR:Quay:34242"/>
            </PassengerStopAssignment>
            <PassengerStopAssignment order="1740500003" id="VTR:PassengerStopAssignment:1318828" version="1">
              <ScheduledStopPointRef ref="VTR:ScheduledStopPoint:1318828" version="1"/>
              <QuayRef ref="VTR:Quay:13630"/>
            </PassengerStopAssignment>
            <PassengerStopAssignment order="1740500004" id="VTR:PassengerStopAssignment:1318829" version="1">
              <ScheduledStopPointRef ref="VTR:ScheduledStopPoint:1318829" version="1"/>
              <QuayRef ref="VTR:Quay:34243"/>
            </PassengerStopAssignment>
            <PassengerStopAssignment order="1740500005" id="VTR:PassengerStopAssignment:1318830" version="1">
              <ScheduledStopPointRef ref="VTR:ScheduledStopPoint:1318830" version="1"/>
              <QuayRef ref="VTR:Quay:34232"/>
            </PassengerStopAssignment>
            <PassengerStopAssignment order="1740500006" id="VTR:PassengerStopAssignment:1318831" version="1">
              <ScheduledStopPointRef ref="VTR:ScheduledStopPoint:1318831" version="1"/>
              <QuayRef ref="VTR:Quay:34231"/>
            </PassengerStopAssignment>
            <PassengerStopAssignment order="1740500007" id="VTR:PassengerStopAssignment:1318832" version="1">
              <ScheduledStopPointRef ref="VTR:ScheduledStopPoint:1318832" version="1"/>
              <QuayRef ref="VTR:Quay:19320"/>
            </PassengerStopAssignment>
          </stopAssignments>
          <journeyPatterns>
            <JourneyPattern id="VTR:JourneyPattern:2630013" version="2631942">
              <Name>TEL11</Name>
              <RouteRef ref="VTR:Route:17405" version="1"/>
              <pointsInSequence>
                <StopPointInJourneyPattern id="VTR:StopPointInJourneyPattern:94865280" version="2631942" order="1">
                  <ScheduledStopPointRef ref="VTR:ScheduledStopPoint:1318825"/>
                  <DestinationDisplayRef ref="VTR:DestinationDisplay:1"/>
                </StopPointInJourneyPattern>
                <StopPointInJourneyPattern id="VTR:StopPointInJourneyPattern:94865281" version="2631942" order="2">
                  <ScheduledStopPointRef ref="VTR:ScheduledStopPoint:1318826"/>
                  <DestinationDisplayRef ref="VTR:DestinationDisplay:1"/>
                </StopPointInJourneyPattern>
                <StopPointInJourneyPattern id="VTR:StopPointInJourneyPattern:94865282" version="2631942" order="3">
                  <ScheduledStopPointRef ref="VTR:ScheduledStopPoint:1318827"/>
                  <DestinationDisplayRef ref="VTR:DestinationDisplay:1"/>
                </StopPointInJourneyPattern>
                <StopPointInJourneyPattern id="VTR:StopPointInJourneyPattern:94865283" version="2631942" order="4">
                  <ScheduledStopPointRef ref="VTR:ScheduledStopPoint:1318828"/>
                  <DestinationDisplayRef ref="VTR:DestinationDisplay:1"/>
                </StopPointInJourneyPattern>
                <StopPointInJourneyPattern id="VTR:StopPointInJourneyPattern:94865284" version="2631942" order="5">
                  <ScheduledStopPointRef ref="VTR:ScheduledStopPoint:1318829"/>
                  <DestinationDisplayRef ref="VTR:DestinationDisplay:1"/>
                </StopPointInJourneyPattern>
                <StopPointInJourneyPattern id="VTR:StopPointInJourneyPattern:94865285" version="2631942" order="6">
                  <ScheduledStopPointRef ref="VTR:ScheduledStopPoint:1318830"/>
                  <DestinationDisplayRef ref="VTR:DestinationDisplay:1"/>
                </StopPointInJourneyPattern>
                <StopPointInJourneyPattern id="VTR:StopPointInJourneyPattern:94865286" version="2631942" order="7">
                  <ScheduledStopPointRef ref="VTR:ScheduledStopPoint:1318831"/>
                  <DestinationDisplayRef ref="VTR:DestinationDisplay:1"/>
                </StopPointInJourneyPattern>
                <StopPointInJourneyPattern id="VTR:StopPointInJourneyPattern:94865287" version="2631942" order="8">
                  <ScheduledStopPointRef ref="VTR:ScheduledStopPoint:1318832"/>
                  <DestinationDisplayRef ref="VTR:DestinationDisplay:1"/>
                </StopPointInJourneyPattern>
              </pointsInSequence>
            </JourneyPattern>
          </journeyPatterns>
        </ServiceFrame>
        <TimetableFrame version="1" id="VTR:TimetableFrame:1399">
          <vehicleJourneys>
            <ServiceJourney version="2631942" id="VTR:ServiceJourney:2630013">
              <Name>Dūseikiai-Ubiškė-Dūseikių durpynas-Dūseikiai</Name>
              <PrivateCode>TEL11</PrivateCode>
              <dayTypes>
                <DayTypeRef ref="VTR:DayType:1227"/>
              </dayTypes>
              <JourneyPatternRef version="2631942" ref="VTR:JourneyPattern:2630013"/>
              <OperatorRef ref="VTR:Operator:507"/>
              <LineRef ref="VTR:Line:6154" version="7770"/>
              <passingTimes>
                <TimetabledPassingTime version="2631942" id="VTR:TimetabledPassingTime:2630013_94865280_1">
                  <StopPointInJourneyPatternRef ref="VTR:StopPointInJourneyPattern:94865280" version="2631942"/>
                  <DepartureTime>14:00:00</DepartureTime>
                  <DepartureDayOffset>0</DepartureDayOffset>
                </TimetabledPassingTime>
                <TimetabledPassingTime version="2631942" id="VTR:TimetabledPassingTime:2630013_94865281_2">
                  <StopPointInJourneyPatternRef ref="VTR:StopPointInJourneyPattern:94865281" version="2631942"/>
                  <DepartureTime>14:09:00</DepartureTime>
                  <DepartureDayOffset>0</DepartureDayOffset>
                </TimetabledPassingTime>
                <TimetabledPassingTime version="2631942" id="VTR:TimetabledPassingTime:2630013_94865282_3">
                  <StopPointInJourneyPatternRef ref="VTR:StopPointInJourneyPattern:94865282" version="2631942"/>
                  <DepartureTime>14:13:00</DepartureTime>
                  <DepartureDayOffset>0</DepartureDayOffset>
                </TimetabledPassingTime>
                <TimetabledPassingTime version="2631942" id="VTR:TimetabledPassingTime:2630013_94865283_4">
                  <StopPointInJourneyPatternRef ref="VTR:StopPointInJourneyPattern:94865283" version="2631942"/>
                  <DepartureTime>14:17:00</DepartureTime>
                  <DepartureDayOffset>0</DepartureDayOffset>
                </TimetabledPassingTime>
                <TimetabledPassingTime version="2631942" id="VTR:TimetabledPassingTime:2630013_94865284_5">
                  <StopPointInJourneyPatternRef ref="VTR:StopPointInJourneyPattern:94865284" version="2631942"/>
                  <DepartureTime>14:22:00</DepartureTime>
                  <DepartureDayOffset>0</DepartureDayOffset>
                </TimetabledPassingTime>
                <TimetabledPassingTime version="2631942" id="VTR:TimetabledPassingTime:2630013_94865285_6">
                  <StopPointInJourneyPatternRef ref="VTR:StopPointInJourneyPattern:94865285" version="2631942"/>
                  <DepartureTime>14:29:00</DepartureTime>
                  <DepartureDayOffset>0</DepartureDayOffset>
                </TimetabledPassingTime>
                <TimetabledPassingTime version="2631942" id="VTR:TimetabledPassingTime:2630013_94865286_7">
                  <StopPointInJourneyPatternRef ref="VTR:StopPointInJourneyPattern:94865286" version="2631942"/>
                  <DepartureTime>14:39:00</DepartureTime>
                  <DepartureDayOffset>0</DepartureDayOffset>
                </TimetabledPassingTime>
                <TimetabledPassingTime version="2631942" id="VTR:TimetabledPassingTime:2630013_94865287_8">
                  <StopPointInJourneyPatternRef ref="VTR:StopPointInJourneyPattern:94865287" version="2631942"/>
                  <DepartureTime>14:48:00</DepartureTime>
                  <DepartureDayOffset>0</DepartureDayOffset>
                </TimetabledPassingTime>
              </passingTimes>
            </ServiceJourney>
          </vehicleJourneys>
        </TimetableFrame>
        <ResourceFrame version="1" id="VTR:ResourceFrame:1399">
          <organisations>
            <Authority version="1" id="VTR:Authority:31">
              <CompanyNumber>78</CompanyNumber>
              <Name>Telšių r. sav.</Name>
              <LegalName>Telšių r. sav.</LegalName>
              <ContactDetails>
                <Email>zita.simaitiene@telsiai.lt</Email>
                <Phone>8 444 56183</Phone>
                <Url>www.telsiai.lt</Url>
              </ContactDetails>
              <OrganisationType>authority</OrganisationType>
            </Authority>
          </organisations>
        </ResourceFrame>
        <FareFrame id="VTR:FareFrame:6154" version="1">
          <FrameDefaults>
            <DefaultCurrency>EUR</DefaultCurrency>
          </FrameDefaults>
          <usageParameters>
            <RoundTrip id="VTR:RoundTrip:single" version="1">
              <Name>Single</Name>
              <TripType>single</TripType>
            </RoundTrip>
            <FrequencyOfUse id="VTR:FrequencyOfUse:once" version="1">
              <Name>Once</Name>
              <MaximalFrequency>1</MaximalFrequency>
            </FrequencyOfUse>
          </usageParameters>
          <priceGroups>
            <PriceGroup id="VTR:PriceGroup:PG01" version="1">
              <Name>Flat Fare Products - Standard</Name>
              <members>
                <FareProductPrice id="VTR:FareProductPrice:standard" version="1">
                  <Name>Single fare</Name>
                  <Amount>0.12</Amount>
                  <Currency>EUR</Currency>
                </FareProductPrice>
              </members>
            </PriceGroup>
          </priceGroups>
        </FareFrame>
      </frames>
    </CompositeFrame>
  </dataObjects>
</PublicationDelivery>
