<?xml version="1.0" encoding="UTF-8"?><PublicationDelivery xmlns="http://www.netex.org.uk/netex" xmlns:gis="http://www.opengis.net/gml/3.2" xmlns:ns2="http://www.opengis.net/gml/3.2" xmlns:ns3="http://www.siri.org.uk/siri" xmlns:xsi="http://www.w3.org/2001/XMLSchema-instance" version="1" xsi:schemaLocation="">
  <PublicationTimestamp>2022-05-07T04:55:00.275</PublicationTimestamp>
  <ParticipantRef>VTR</ParticipantRef>
  <Description>1</Description>
  <dataObjects>
    <CompositeFrame created="2022-05-07T04:55:00.275" version="1" id="VTR:CompositeFrame:1399">
      <validityConditions>
        <AvailabilityCondition version="1" id="VTR:AvailabilityCondition:1399">
          <FromDate>2018-08-17T13:10:55</FromDate>
          <ToDate>2027-12-30T00:00:00</ToDate>
        </AvailabilityCondition>
      </validityConditions>
      <codespaces>
        <Codespace id="vtr">
          <Xmlns>VTR</Xmlns>
          <XmlnsUrl>http://www.visimarsrutai.lt/</XmlnsUrl>
        </Codespace>
      </codespaces>
      <FrameDefaults>
        <DefaultLocale>
          <TimeZone>Europe/Vilnius</TimeZone>
        </DefaultLocale>
        <DefaultLocationSystem>WGS84</DefaultLocationSystem>
      </FrameDefaults>
      <frames>
        <ServiceCalendarFrame version="1" id="VTR:ServiceCalendarFrame:1399">
          <dayTypes>
            <DayType id="VTR:DayType:1797" version="1">
              <properties>
                <PropertyOfDay>
                  <DaysOfWeek>Wednesday Friday</DaysOfWeek>
                </PropertyOfDay>
              </properties>
            </DayType>
          </dayTypes>
          <operatingPeriods>
            <OperatingPeriod version="1" id="VTR:OperatingPeriod:1797">
              <FromDate>2012-12-01T00:00:00</FromDate>
              <ToDate>2018-12-31T00:00:00</ToDate>
            </OperatingPeriod>
          </operatingPeriods>
          <dayTypeAssignments>
            <DayTypeAssignment id="VTR:DayTypeAssignment:1797_0" version="1" order="1690">
              <OperatingPeriodRef ref="VTR:OperatingPeriod:1797" version="1"/>
              <DayTypeRef ref="VTR:DayType:1797" version="1"/>
            </DayTypeAssignment>
          </dayTypeAssignments>
        </ServiceCalendarFrame>
        <ServiceFrame id="VTR:ServiceFrame:1399" version="1">
          <Network version="0" id="VTR:Network:31"/>
          <routePoints>
            <RoutePoint version="1" id="VTR:RoutePoint:1313232">
              <projections>
                <PointProjection version="1" id="VTR:PointProjection:61098">
                  <ProjectedPointRef ref="VTR:ScheduledStopPoint:1313232" version="1"/>
                </PointProjection>
              </projections>
            </RoutePoint>
            <RoutePoint version="1" id="VTR:RoutePoint:1313233">
              <projections>
                <PointProjection version="1" id="VTR:PointProjection:61099">
                  <ProjectedPointRef ref="VTR:ScheduledStopPoint:1313233" version="1"/>
                </PointProjection>
              </projections>
            </RoutePoint>
            <RoutePoint version="1" id="VTR:RoutePoint:1313234">
              <projections>
                <PointProjection version="1" id="VTR:PointProjection:61100">
                  <ProjectedPointRef ref="VTR:ScheduledStopPoint:1313234" version="1"/>
                </PointProjection>
              </projections>
            </RoutePoint>
            <RoutePoint version="1" id="VTR:RoutePoint:1313235">
              <projections>
                <PointProjection version="1" id="VTR:PointProjection:61101">
                  <ProjectedPointRef ref="VTR:ScheduledStopPoint:1313235" version="1"/>
                </PointProjection>
              </projections>
            </RoutePoint>
            <RoutePoint version="1" id="VTR:RoutePoint:1313236">
              <projections>
                <PointProjection version="1" id="VTR:PointProjection:61102">
                  <ProjectedPointRef ref="VTR:ScheduledStopPoint:1313236" version="1"/>
                </PointProjection>
              </projections>
            </RoutePoint>
            <RoutePoint version="1" id="VTR:RoutePoint:1313237">
              <projections>
                <PointProjection version="1" id="VTR:PointProjection:61103">
                  <ProjectedPointRef ref="VTR:ScheduledStopPoint:1313237" version="1"/>
                </PointProjection>
              </projections>
            </RoutePoint>
            <RoutePoint version="1" id="VTR:RoutePoint:1313238">
              <projections>
                <PointProjection version="1" id="VTR:PointProjection:61104">
                  <ProjectedPointRef ref="VTR:ScheduledStopPoint:1313238" version="1"/>
                </PointProjection>
              </projections>
            </RoutePoint>
            <RoutePoint version="1" id="VTR:RoutePoint:1313239">
              <projections>
                <PointProjection version="1" id="VTR:PointProjection:61105">
                  <ProjectedPointRef ref="VTR:ScheduledStopPoint:1313239" version="1"/>
                </PointProjection>
              </projections>
            </RoutePoint>
            <RoutePoint version="1" id="VTR:RoutePoint:1313240">
              <projections>
                <PointProjection version="1" id="VTR:PointProjection:61106">
                  <ProjectedPointRef ref="VTR:ScheduledStopPoint:1313240" version="1"/>
                </PointProjection>
              </projections>
            </RoutePoint>
            <RoutePoint version="1" id="VTR:RoutePoint:1313241">
              <projections>
                <PointProjection version="1" id="VTR:PointProjection:61107">
                  <ProjectedPointRef ref="VTR:ScheduledStopPoint:1313241" version="1"/>
                </PointProjection>
              </projections>
            </RoutePoint>
            <RoutePoint version="1" id="VTR:RoutePoint:1313242">
              <projections>
                <PointProjection version="1" id="VTR:PointProjection:61108">
                  <ProjectedPointRef ref="VTR:ScheduledStopPoint:1313242" version="1"/>
                </PointProjection>
              </projections>
            </RoutePoint>
            <RoutePoint version="1" id="VTR:RoutePoint:1313243">
              <projections>
                <PointProjection version="1" id="VTR:PointProjection:61109">
                  <ProjectedPointRef ref="VTR:ScheduledStopPoint:1313243" version="1"/>
                </PointProjection>
              </projections>
            </RoutePoint>
            <RoutePoint version="1" id="VTR:RoutePoint:1313244">
              <projections>
                <PointProjection version="1" id="VTR:PointProjection:61110">
                  <ProjectedPointRef ref="VTR:ScheduledStopPoint:1313244" version="1"/>
                </PointProjection>
              </projections>
            </RoutePoint>
            <RoutePoint version="1" id="VTR:RoutePoint:1313245">
              <projections>
                <PointProjection version="1" id="VTR:PointProjection:61111">
                  <ProjectedPointRef ref="VTR:ScheduledStopPoint:1313245" version="1"/>
                </PointProjection>
              </projections>
            </RoutePoint>
            <RoutePoint version="1" id="VTR:RoutePoint:1313246">
              <projections>
                <PointProjection version="1" id="VTR:PointProjection:61112">
                  <ProjectedPointRef ref="VTR:ScheduledStopPoint:1313246" version="1"/>
                </PointProjection>
              </projections>
            </RoutePoint>
            <RoutePoint version="1" id="VTR:RoutePoint:1313247">
              <projections>
                <PointProjection version="1" id="VTR:PointProjection:61113">
                  <ProjectedPointRef ref="VTR:ScheduledStopPoint:1313247" version="1"/>
                </PointProjection>
              </projections>
            </RoutePoint>
            <RoutePoint version="1" id="VTR:RoutePoint:1313248">
              <projections>
                <PointProjection version="1" id="VTR:PointProjection:61114">
                  <ProjectedPointRef ref="VTR:ScheduledStopPoint:1313248" version="1"/>
                </PointProjection>
              </projections>
            </RoutePoint>
            <RoutePoint version="1" id="VTR:RoutePoint:1313250">
              <projections>
                <PointProjection version="1" id="VTR:PointProjection:60711">
                  <ProjectedPointRef ref="VTR:ScheduledStopPoint:1313250" version="1"/>
                </PointProjection>
              </projections>
            </RoutePoint>
            <RoutePoint version="1" id="VTR:RoutePoint:1313255">
              <projections>
                <PointProjection version="1" id="VTR:PointProjection:60712">
                  <ProjectedPointRef ref="VTR:ScheduledStopPoint:1313255" version="1"/>
                </PointProjection>
              </projections>
            </RoutePoint>
            <RoutePoint version="1" id="VTR:RoutePoint:1313262">
              <projections>
                <PointProjection version="1" id="VTR:PointProjection:60777">
                  <ProjectedPointRef ref="VTR:ScheduledStopPoint:1313262" version="1"/>
                </PointProjection>
              </projections>
            </RoutePoint>
            <RoutePoint version="1" id="VTR:RoutePoint:1313264">
              <projections>
                <PointProjection version="1" id="VTR:PointProjection:60779">
                  <ProjectedPointRef ref="VTR:ScheduledStopPoint:1313264" version="1"/>
                </PointProjection>
              </projections>
            </RoutePoint>
            <RoutePoint version="1" id="VTR:RoutePoint:1313266">
              <projections>
                <PointProjection version="1" id="VTR:PointProjection:60781">
                  <ProjectedPointRef ref="VTR:ScheduledStopPoint:1313266" version="1"/>
                </PointProjection>
              </projections>
            </RoutePoint>
            <RoutePoint version="1" id="VTR:RoutePoint:1313267">
              <projections>
                <PointProjection version="1" id="VTR:PointProjection:60746">
                  <ProjectedPointRef ref="VTR:ScheduledStopPoint:1313267" version="1"/>
                </PointProjection>
              </projections>
            </RoutePoint>
            <RoutePoint version="1" id="VTR:RoutePoint:1313268">
              <projections>
                <PointProjection version="1" id="VTR:PointProjection:60747">
                  <ProjectedPointRef ref="VTR:ScheduledStopPoint:1313268" version="1"/>
                </PointProjection>
              </projections>
            </RoutePoint>
            <RoutePoint version="1" id="VTR:RoutePoint:1313269">
              <projections>
                <PointProjection version="1" id="VTR:PointProjection:60748">
                  <ProjectedPointRef ref="VTR:ScheduledStopPoint:1313269" version="1"/>
                </PointProjection>
              </projections>
            </RoutePoint>
            <RoutePoint version="1" id="VTR:RoutePoint:1313270">
              <projections>
                <PointProjection version="1" id="VTR:PointProjection:60749">
                  <ProjectedPointRef ref="VTR:ScheduledStopPoint:1313270" version="1"/>
                </PointProjection>
              </projections>
            </RoutePoint>
            <RoutePoint version="1" id="VTR:RoutePoint:1313271">
              <projections>
                <PointProjection version="1" id="VTR:PointProjection:60750">
                  <ProjectedPointRef ref="VTR:ScheduledStopPoint:1313271" version="1"/>
                </PointProjection>
              </projections>
            </RoutePoint>
            <RoutePoint version="1" id="VTR:RoutePoint:1313272">
              <projections>
                <PointProjection version="1" id="VTR:PointProjection:60751">
                  <ProjectedPointRef ref="VTR:ScheduledStopPoint:1313272" version="1"/>
                </PointProjection>
              </projections>
            </RoutePoint>
            <RoutePoint version="1" id="VTR:RoutePoint:1313273">
              <projections>
                <PointProjection version="1" id="VTR:PointProjection:60752">
                  <ProjectedPointRef ref="VTR:ScheduledStopPoint:1313273" version="1"/>
                </PointProjection>
              </projections>
            </RoutePoint>
            <RoutePoint version="1" id="VTR:RoutePoint:1313274">
              <projections>
                <PointProjection version="1" id="VTR:PointProjection:60753">
                  <ProjectedPointRef ref="VTR:ScheduledStopPoint:1313274" version="1"/>
                </PointProjection>
              </projections>
            </RoutePoint>
            <RoutePoint version="1" id="VTR:RoutePoint:1313275">
              <projections>
                <PointProjection version="1" id="VTR:PointProjection:60754">
                  <ProjectedPointRef ref="VTR:ScheduledStopPoint:1313275" version="1"/>
                </PointProjection>
              </projections>
            </RoutePoint>
            <RoutePoint version="1" id="VTR:RoutePoint:1313276">
              <projections>
                <PointProjection version="1" id="VTR:PointProjection:60755">
                  <ProjectedPointRef ref="VTR:ScheduledStopPoint:1313276" version="1"/>
                </PointProjection>
              </projections>
            </RoutePoint>
            <RoutePoint version="1" id="VTR:RoutePoint:1313277">
              <projections>
                <PointProjection version="1" id="VTR:PointProjection:60756">
                  <ProjectedPointRef ref="VTR:ScheduledStopPoint:1313277" version="1"/>
                </PointProjection>
              </projections>
            </RoutePoint>
          </routePoints>
          <routes>
            <Route version="1" id="VTR:Route:17360">
              <Name>Upyna- Telšiai</Name>
              <ShortName>Upyna- Telšiai</ShortName>
              <LineRef ref="VTR:Line:6144" version="7729"/>
              <DirectionType>inbound</DirectionType>
              <pointsInSequence>
                <PointOnRoute version="1" id="VTR:PointOnRoute:1313266" order="1">
                  <RoutePointRef ref="VTR:RoutePoint:1313266"/>
                </PointOnRoute>
                <PointOnRoute version="1" id="VTR:PointOnRoute:1313267" order="2">
                  <RoutePointRef ref="VTR:RoutePoint:1313267"/>
                </PointOnRoute>
                <PointOnRoute version="1" id="VTR:PointOnRoute:1313264" order="3">
                  <RoutePointRef ref="VTR:RoutePoint:1313264"/>
                </PointOnRoute>
                <PointOnRoute version="1" id="VTR:PointOnRoute:1313268" order="4">
                  <RoutePointRef ref="VTR:RoutePoint:1313268"/>
                </PointOnRoute>
                <PointOnRoute version="1" id="VTR:PointOnRoute:1313262" order="5">
                  <RoutePointRef ref="VTR:RoutePoint:1313262"/>
                </PointOnRoute>
                <PointOnRoute version="1" id="VTR:PointOnRoute:1313269" order="6">
                  <RoutePointRef ref="VTR:RoutePoint:1313269"/>
                </PointOnRoute>
                <PointOnRoute version="1" id="VTR:PointOnRoute:1313270" order="7">
                  <RoutePointRef ref="VTR:RoutePoint:1313270"/>
                </PointOnRoute>
                <PointOnRoute version="1" id="VTR:PointOnRoute:1313271" order="8">
                  <RoutePointRef ref="VTR:RoutePoint:1313271"/>
                </PointOnRoute>
                <PointOnRoute version="1" id="VTR:PointOnRoute:1313272" order="9">
                  <RoutePointRef ref="VTR:RoutePoint:1313272"/>
                </PointOnRoute>
                <PointOnRoute version="1" id="VTR:PointOnRoute:1313273" order="10">
                  <RoutePointRef ref="VTR:RoutePoint:1313273"/>
                </PointOnRoute>
                <PointOnRoute version="1" id="VTR:PointOnRoute:1313255" order="11">
                  <RoutePointRef ref="VTR:RoutePoint:1313255"/>
                </PointOnRoute>
                <PointOnRoute version="1" id="VTR:PointOnRoute:1313274" order="12">
                  <RoutePointRef ref="VTR:RoutePoint:1313274"/>
                </PointOnRoute>
                <PointOnRoute version="1" id="VTR:PointOnRoute:1313275" order="13">
                  <RoutePointRef ref="VTR:RoutePoint:1313275"/>
                </PointOnRoute>
                <PointOnRoute version="1" id="VTR:PointOnRoute:1313276" order="14">
                  <RoutePointRef ref="VTR:RoutePoint:1313276"/>
                </PointOnRoute>
                <PointOnRoute version="1" id="VTR:PointOnRoute:1313277" order="15">
                  <RoutePointRef ref="VTR:RoutePoint:1313277"/>
                </PointOnRoute>
                <PointOnRoute version="1" id="VTR:PointOnRoute:1313250" order="16">
                  <RoutePointRef ref="VTR:RoutePoint:1313250"/>
                </PointOnRoute>
              </pointsInSequence>
            </Route>
            <Route version="1" id="VTR:Route:17336">
              <Name>Telšiai- Biržuvėnai-Upyna</Name>
              <ShortName>Telšiai- Biržuvėnai-Upyna</ShortName>
              <LineRef ref="VTR:Line:6144" version="7729"/>
              <DirectionType>outbound</DirectionType>
              <pointsInSequence>
                <PointOnRoute version="1" id="VTR:PointOnRoute:1313232" order="1">
                  <RoutePointRef ref="VTR:RoutePoint:1313232"/>
                </PointOnRoute>
                <PointOnRoute version="1" id="VTR:PointOnRoute:1313233" order="2">
                  <RoutePointRef ref="VTR:RoutePoint:1313233"/>
                </PointOnRoute>
                <PointOnRoute version="1" id="VTR:PointOnRoute:1313234" order="3">
                  <RoutePointRef ref="VTR:RoutePoint:1313234"/>
                </PointOnRoute>
                <PointOnRoute version="1" id="VTR:PointOnRoute:1313235" order="4">
                  <RoutePointRef ref="VTR:RoutePoint:1313235"/>
                </PointOnRoute>
                <PointOnRoute version="1" id="VTR:PointOnRoute:1313236" order="5">
                  <RoutePointRef ref="VTR:RoutePoint:1313236"/>
                </PointOnRoute>
                <PointOnRoute version="1" id="VTR:PointOnRoute:1313237" order="6">
                  <RoutePointRef ref="VTR:RoutePoint:1313237"/>
                </PointOnRoute>
                <PointOnRoute version="1" id="VTR:PointOnRoute:1313238" order="7">
                  <RoutePointRef ref="VTR:RoutePoint:1313238"/>
                </PointOnRoute>
                <PointOnRoute version="1" id="VTR:PointOnRoute:1313239" order="8">
                  <RoutePointRef ref="VTR:RoutePoint:1313239"/>
                </PointOnRoute>
                <PointOnRoute version="1" id="VTR:PointOnRoute:1313240" order="9">
                  <RoutePointRef ref="VTR:RoutePoint:1313240"/>
                </PointOnRoute>
                <PointOnRoute version="1" id="VTR:PointOnRoute:1313241" order="10">
                  <RoutePointRef ref="VTR:RoutePoint:1313241"/>
                </PointOnRoute>
                <PointOnRoute version="1" id="VTR:PointOnRoute:1313242" order="11">
                  <RoutePointRef ref="VTR:RoutePoint:1313242"/>
                </PointOnRoute>
                <PointOnRoute version="1" id="VTR:PointOnRoute:1313243" order="12">
                  <RoutePointRef ref="VTR:RoutePoint:1313243"/>
                </PointOnRoute>
                <PointOnRoute version="1" id="VTR:PointOnRoute:1313244" order="13">
                  <RoutePointRef ref="VTR:RoutePoint:1313244"/>
                </PointOnRoute>
                <PointOnRoute version="1" id="VTR:PointOnRoute:1313245" order="14">
                  <RoutePointRef ref="VTR:RoutePoint:1313245"/>
                </PointOnRoute>
                <PointOnRoute version="1" id="VTR:PointOnRoute:1313246" order="15">
                  <RoutePointRef ref="VTR:RoutePoint:1313246"/>
                </PointOnRoute>
                <PointOnRoute version="1" id="VTR:PointOnRoute:1313247" order="16">
                  <RoutePointRef ref="VTR:RoutePoint:1313247"/>
                </PointOnRoute>
                <PointOnRoute version="1" id="VTR:PointOnRoute:1313248" order="17">
                  <RoutePointRef ref="VTR:RoutePoint:1313248"/>
                </PointOnRoute>
              </pointsInSequence>
            </Route>
          </routes>
          <lines>
            <Line version="7729" id="VTR:Line:6144">
              <Name>Telšiai- Biržuvėnai-Upyna</Name>
              <TransportMode>bus</TransportMode>
              <TransportSubmode>
                <BusSubmode>regionalBus</BusSubmode>
              </TransportSubmode>
              <PublicCode>77</PublicCode>
              <OperatorRef ref="VTR:Operator:31"/>
            </Line>
          </lines>
          <scheduledStopPoints>
            <ScheduledStopPoint version="1" id="VTR:ScheduledStopPoint:1313232">
              <Name>Telšių autobusų stotis</Name>
            </ScheduledStopPoint>
            <ScheduledStopPoint version="1" id="VTR:ScheduledStopPoint:1313233">
              <Name>Malūnas</Name>
            </ScheduledStopPoint>
            <ScheduledStopPoint version="1" id="VTR:ScheduledStopPoint:1313234">
              <Name>Paežerė</Name>
            </ScheduledStopPoint>
            <ScheduledStopPoint version="1" id="VTR:ScheduledStopPoint:1313235">
              <Name>Rainiai</Name>
            </ScheduledStopPoint>
            <ScheduledStopPoint version="1" id="VTR:ScheduledStopPoint:1313236">
              <Name>Plepai</Name>
            </ScheduledStopPoint>
            <ScheduledStopPoint version="1" id="VTR:ScheduledStopPoint:1313237">
              <Name>Viešvėnai</Name>
            </ScheduledStopPoint>
            <ScheduledStopPoint version="1" id="VTR:ScheduledStopPoint:1313238">
              <Name>Nekrošiškiai</Name>
            </ScheduledStopPoint>
            <ScheduledStopPoint version="1" id="VTR:ScheduledStopPoint:1313239">
              <Name>Gečai</Name>
            </ScheduledStopPoint>
            <ScheduledStopPoint version="1" id="VTR:ScheduledStopPoint:1313240">
              <Name>Patumšaliai</Name>
            </ScheduledStopPoint>
            <ScheduledStopPoint version="1" id="VTR:ScheduledStopPoint:1313241">
              <Name>Jokšai</Name>
            </ScheduledStopPoint>
            <ScheduledStopPoint version="1" id="VTR:ScheduledStopPoint:1313242">
              <Name>Biržuvėnai</Name>
            </ScheduledStopPoint>
            <ScheduledStopPoint version="1" id="VTR:ScheduledStopPoint:1313243">
              <Name>Jokšai</Name>
            </ScheduledStopPoint>
            <ScheduledStopPoint version="1" id="VTR:ScheduledStopPoint:1313244">
              <Name>Luokė</Name>
            </ScheduledStopPoint>
            <ScheduledStopPoint version="1" id="VTR:ScheduledStopPoint:1313245">
              <Name>Dirvonėnai</Name>
            </ScheduledStopPoint>
            <ScheduledStopPoint version="1" id="VTR:ScheduledStopPoint:1313246">
              <Name>Kirkliai</Name>
            </ScheduledStopPoint>
            <ScheduledStopPoint version="1" id="VTR:ScheduledStopPoint:1313247">
              <Name>Žeimuvėnai</Name>
            </ScheduledStopPoint>
            <ScheduledStopPoint version="1" id="VTR:ScheduledStopPoint:1313248">
              <Name>Upyna</Name>
            </ScheduledStopPoint>
            <ScheduledStopPoint version="1" id="VTR:ScheduledStopPoint:1313250">
              <Name>Telšių autobusų stotis</Name>
            </ScheduledStopPoint>
            <ScheduledStopPoint version="1" id="VTR:ScheduledStopPoint:1313255">
              <Name>Viešvėnai</Name>
            </ScheduledStopPoint>
            <ScheduledStopPoint version="1" id="VTR:ScheduledStopPoint:1313262">
              <Name>Luokė</Name>
            </ScheduledStopPoint>
            <ScheduledStopPoint version="1" id="VTR:ScheduledStopPoint:1313264">
              <Name>Kirkliai</Name>
            </ScheduledStopPoint>
            <ScheduledStopPoint version="1" id="VTR:ScheduledStopPoint:1313266">
              <Name>Upyna</Name>
            </ScheduledStopPoint>
            <ScheduledStopPoint version="1" id="VTR:ScheduledStopPoint:1313267">
              <Name>Žeimuvėnai</Name>
            </ScheduledStopPoint>
            <ScheduledStopPoint version="1" id="VTR:ScheduledStopPoint:1313268">
              <Name>Dirvonėnai</Name>
            </ScheduledStopPoint>
            <ScheduledStopPoint version="1" id="VTR:ScheduledStopPoint:1313269">
              <Name>Jokšai</Name>
            </ScheduledStopPoint>
            <ScheduledStopPoint version="1" id="VTR:ScheduledStopPoint:1313270">
              <Name>Jokšai</Name>
            </ScheduledStopPoint>
            <ScheduledStopPoint version="1" id="VTR:ScheduledStopPoint:1313271">
              <Name>Patumšaliai</Name>
            </ScheduledStopPoint>
            <ScheduledStopPoint version="1" id="VTR:ScheduledStopPoint:1313272">
              <Name>Gečai</Name>
            </ScheduledStopPoint>
            <ScheduledStopPoint version="1" id="VTR:ScheduledStopPoint:1313273">
              <Name>Nekrošiškiai</Name>
            </ScheduledStopPoint>
            <ScheduledStopPoint version="1" id="VTR:ScheduledStopPoint:1313274">
              <Name>Plepai</Name>
            </ScheduledStopPoint>
            <ScheduledStopPoint version="1" id="VTR:ScheduledStopPoint:1313275">
              <Name>Rainiai II</Name>
            </ScheduledStopPoint>
            <ScheduledStopPoint version="1" id="VTR:ScheduledStopPoint:1313276">
              <Name>Paežerė</Name>
            </ScheduledStopPoint>
            <ScheduledStopPoint version="1" id="VTR:ScheduledStopPoint:1313277">
              <Name>Tulpė</Name>
            </ScheduledStopPoint>
          </scheduledStopPoints>
          <serviceLinks>
            <ServiceLink id="VTR:ServiceLink:1313247_1_1313248_1" version="1">
              <Distance>0</Distance>
              <FromPointRef ref="VTR:ScheduledStopPoint:1313247" version="1"/>
              <ToPointRef ref="VTR:ScheduledStopPoint:1313248" version="1"/>
            </ServiceLink>
            <ServiceLink id="VTR:ServiceLink:1313235_1_1313236_1" version="1">
              <Distance>1</Distance>
              <FromPointRef ref="VTR:ScheduledStopPoint:1313235" version="1"/>
              <ToPointRef ref="VTR:ScheduledStopPoint:1313236" version="1"/>
            </ServiceLink>
            <ServiceLink id="VTR:ServiceLink:1313244_1_1313245_1" version="1">
              <Distance>4</Distance>
              <FromPointRef ref="VTR:ScheduledStopPoint:1313244" version="1"/>
              <ToPointRef ref="VTR:ScheduledStopPoint:1313245" version="1"/>
            </ServiceLink>
            <ServiceLink id="VTR:ServiceLink:1313276_1_1313277_1" version="1">
              <Distance>3</Distance>
              <FromPointRef ref="VTR:ScheduledStopPoint:1313276" version="1"/>
              <ToPointRef ref="VTR:ScheduledStopPoint:1313277" version="1"/>
            </ServiceLink>
            <ServiceLink id="VTR:ServiceLink:1313237_1_1313238_1" version="1">
              <Distance>2</Distance>
              <FromPointRef ref="VTR:ScheduledStopPoint:1313237" version="1"/>
              <ToPointRef ref="VTR:ScheduledStopPoint:1313238" version="1"/>
            </ServiceLink>
            <ServiceLink id="VTR:ServiceLink:1313271_1_1313272_1" version="1">
              <Distance>2</Distance>
              <FromPointRef ref="VTR:ScheduledStopPoint:1313271" version="1"/>
              <ToPointRef ref="VTR:ScheduledStopPoint:1313272" version="1"/>
            </ServiceLink>
            <ServiceLink id="VTR:ServiceLink:1313245_1_1313246_1" version="1">
              <Distance>1</Distance>
              <FromPointRef ref="VTR:ScheduledStopPoint:1313245" version="1"/>
              <ToPointRef ref="VTR:ScheduledStopPoint:1313246" version="1"/>
            </ServiceLink>
            <ServiceLink id="VTR:ServiceLink:1313240_1_1313241_1" version="1">
              <Distance>2</Distance>
              <FromPointRef ref="VTR:ScheduledStopPoint:1313240" version="1"/>
              <ToPointRef ref="VTR:ScheduledStopPoint:1313241" version="1"/>
            </ServiceLink>
            <ServiceLink id="VTR:ServiceLink:1313255_1_1313274_1" version="1">
              <Distance>1</Distance>
              <FromPointRef ref="VTR:ScheduledStopPoint:1313255" version="1"/>
              <ToPointRef ref="VTR:ScheduledStopPoint:1313274" version="1"/>
            </ServiceLink>
            <ServiceLink id="VTR:ServiceLink:1313236_1_1313237_1" version="1">
              <Distance>1</Distance>
              <FromPointRef ref="VTR:ScheduledStopPoint:1313236" version="1"/>
              <ToPointRef ref="VTR:ScheduledStopPoint:1313237" version="1"/>
            </ServiceLink>
            <ServiceLink id="VTR:ServiceLink:1313239_1_1313240_1" version="1">
              <Distance>2</Distance>
              <FromPointRef ref="VTR:ScheduledStopPoint:1313239" version="1"/>
              <ToPointRef ref="VTR:ScheduledStopPoint:1313240" version="1"/>
            </ServiceLink>
            <ServiceLink id="VTR:ServiceLink:1313269_1_1313270_1" version="1">
              <Distance>1</Distance>
              <FromPointRef ref="VTR:ScheduledStopPoint:1313269" version="1"/>
              <ToPointRef ref="VTR:ScheduledStopPoint:1313270" version="1"/>
            </ServiceLink>
            <ServiceLink id="VTR:ServiceLink:1313242_1_1313243_1" version="1">
              <Distance>2</Distance>
              <FromPointRef ref="VTR:ScheduledStopPoint:1313242" version="1"/>
              <ToPointRef ref="VTR:ScheduledStopPoint:1313243" version="1"/>
            </ServiceLink>
            <ServiceLink id="VTR:ServiceLink:1313234_1_1313235_1" version="1">
              <Distance>1</Distance>
              <FromPointRef ref="VTR:ScheduledStopPoint:1313234" version="1"/>
              <ToPointRef ref="VTR:ScheduledStopPoint:1313235" version="1"/>
            </ServiceLink>
            <ServiceLink id="VTR:ServiceLink:1313243_1_1313244_1" version="1">
              <Distance>3</Distance>
              <FromPointRef ref="VTR:ScheduledStopPoint:1313243" version="1"/>
              <ToPointRef ref="VTR:ScheduledStopPoint:1313244" version="1"/>
            </ServiceLink>
            <ServiceLink id="VTR:ServiceLink:1313270_1_1313271_1" version="1">
              <Distance>2</Distance>
              <FromPointRef ref="VTR:ScheduledStopPoint:1313270" version="1"/>
              <ToPointRef ref="VTR:ScheduledStopPoint:1313271" version="1"/>
            </ServiceLink>
            <ServiceLink id="VTR:ServiceLink:1313233_1_1313234_1" version="1">
              <Distance>2</Distance>
              <FromPointRef ref="VTR:ScheduledStopPoint:1313233" version="1"/>
              <ToPointRef ref="VTR:ScheduledStopPoint:1313234" version="1"/>
            </ServiceLink>
            <ServiceLink id="VTR:ServiceLink:1313246_1_1313247_1" version="1">
              <Distance>2</Distance>
              <FromPointRef ref="VTR:ScheduledStopPoint:1313246" version="1"/>
              <ToPointRef ref="VTR:ScheduledStopPoint:1313247" version="1"/>
            </ServiceLink>
            <ServiceLink id="VTR:ServiceLink:1313264_1_1313268_1" version="1">
              <Distance>1</Distance>
              <FromPointRef ref="VTR:ScheduledStopPoint:1313264" version="1"/>
              <ToPointRef ref="VTR:ScheduledStopPoint:1313268" version="1"/>
            </ServiceLink>
            <ServiceLink id="VTR:ServiceLink:1313273_1_1313255_1" version="1">
              <Distance>2</Distance>
              <FromPointRef ref="VTR:ScheduledStopPoint:1313273" version="1"/>
              <ToPointRef ref="VTR:ScheduledStopPoint:1313255" version="1"/>
            </ServiceLink>
            <ServiceLink id="VTR:ServiceLink:1313274_1_1313275_1" version="1">
              <Distance>1</Distance>
              <FromPointRef ref="VTR:ScheduledStopPoint:1313274" version="1"/>
              <ToPointRef ref="VTR:ScheduledStopPoint:1313275" version="1"/>
            </ServiceLink>
            <ServiceLink id="VTR:ServiceLink:1313272_1_1313273_1" version="1">
              <Distance>2</Distance>
              <FromPointRef ref="VTR:ScheduledStopPoint:1313272" version="1"/>
              <ToPointRef ref="VTR:ScheduledStopPoint:1313273" version="1"/>
            </ServiceLink>
            <ServiceLink id="VTR:ServiceLink:1313275_1_1313276_1" version="1">
              <Distance>1</Distance>
              <FromPointRef ref="VTR:ScheduledStopPoint:1313275" version="1"/>
              <ToPointRef ref="VTR:ScheduledStopPoint:1313276" version="1"/>
            </ServiceLink>
            <ServiceLink id="VTR:ServiceLink:1313267_1_1313264_1" version="1">
              <Distance>2</Distance>
              <FromPointRef ref="VTR:ScheduledStopPoint:1313267" version="1"/>
              <ToPointRef ref="VTR:ScheduledStopPoint:1313264" version="1"/>
            </ServiceLink>
            <ServiceLink id="VTR:ServiceLink:1313238_1_1313239_1" version="1">
              <Distance>2</Distance>
              <FromPointRef ref="VTR:ScheduledStopPoint:1313238" version="1"/>
              <ToPointRef ref="VTR:ScheduledStopPoint:1313239" version="1"/>
            </ServiceLink>
            <ServiceLink id="VTR:ServiceLink:1313262_1_1313269_1" version="1">
              <Distance>3</Distance>
              <FromPointRef ref="VTR:ScheduledStopPoint:1313262" version="1"/>
              <ToPointRef ref="VTR:ScheduledStopPoint:1313269" version="1"/>
            </ServiceLink>
            <ServiceLink id="VTR:ServiceLink:1313268_1_1313262_1" version="1">
              <Distance>4</Distance>
              <FromPointRef ref="VTR:ScheduledStopPoint:1313268" version="1"/>
              <ToPointRef ref="VTR:ScheduledStopPoint:1313262" version="1"/>
            </ServiceLink>
            <ServiceLink id="VTR:ServiceLink:1313241_1_1313242_1" version="1">
              <Distance>3</Distance>
              <FromPointRef ref="VTR:ScheduledStopPoint:1313241" version="1"/>
              <ToPointRef ref="VTR:ScheduledStopPoint:1313242" version="1"/>
            </ServiceLink>
            <ServiceLink id="VTR:ServiceLink:1313277_1_1313250_1" version="1">
              <Distance>1</Distance>
              <FromPointRef ref="VTR:ScheduledStopPoint:1313277" version="1"/>
              <ToPointRef ref="VTR:ScheduledStopPoint:1313250" version="1"/>
            </ServiceLink>
            <ServiceLink id="VTR:ServiceLink:1313232_1_1313233_1" version="1">
              <Distance>1</Distance>
              <FromPointRef ref="VTR:ScheduledStopPoint:1313232" version="1"/>
              <ToPointRef ref="VTR:ScheduledStopPoint:1313233" version="1"/>
            </ServiceLink>
            <ServiceLink id="VTR:ServiceLink:1313266_1_1313267_1" version="1">
              <Distance>1</Distance>
              <FromPointRef ref="VTR:ScheduledStopPoint:1313266" version="1"/>
              <ToPointRef ref="VTR:ScheduledStopPoint:1313267" version="1"/>
            </ServiceLink>
          </serviceLinks>
          <stopAssignments>
            <PassengerStopAssignment order="1733600000" id="VTR:PassengerStopAssignment:1313232" version="1">
              <ScheduledStopPointRef ref="VTR:ScheduledStopPoint:1313232" version="1"/>
              <QuayRef ref="VTR:Quay:19451"/>
            </PassengerStopAssignment>
            <PassengerStopAssignment order="1733600001" id="VTR:PassengerStopAssignment:1313233" version="1">
              <ScheduledStopPointRef ref="VTR:ScheduledStopPoint:1313233" version="1"/>
              <QuayRef ref="VTR:Quay:14683"/>
            </PassengerStopAssignment>
            <PassengerStopAssignment order="1733600002" id="VTR:PassengerStopAssignment:1313234" version="1">
              <ScheduledStopPointRef ref="VTR:ScheduledStopPoint:1313234" version="1"/>
              <QuayRef ref="VTR:Quay:10192"/>
            </PassengerStopAssignment>
            <PassengerStopAssignment order="1733600003" id="VTR:PassengerStopAssignment:1313235" version="1">
              <ScheduledStopPointRef ref="VTR:ScheduledStopPoint:1313235" version="1"/>
              <QuayRef ref="VTR:Quay:11172"/>
            </PassengerStopAssignment>
            <PassengerStopAssignment order="1733600004" id="VTR:PassengerStopAssignment:1313236" version="1">
              <ScheduledStopPointRef ref="VTR:ScheduledStopPoint:1313236" version="1"/>
              <QuayRef ref="VTR:Quay:11188"/>
            </PassengerStopAssignment>
            <PassengerStopAssignment order="1733600005" id="VTR:PassengerStopAssignment:1313237" version="1">
              <ScheduledStopPointRef ref="VTR:ScheduledStopPoint:1313237" version="1"/>
              <QuayRef ref="VTR:Quay:8303"/>
            </PassengerStopAssignment>
            <PassengerStopAssignment order="1733600006" id="VTR:PassengerStopAssignment:1313238" version="1">
              <ScheduledStopPointRef ref="VTR:ScheduledStopPoint:1313238" version="1"/>
              <QuayRef ref="VTR:Quay:7372"/>
            </PassengerStopAssignment>
            <PassengerStopAssignment order="1733600007" id="VTR:PassengerStopAssignment:1313239" version="1">
              <ScheduledStopPointRef ref="VTR:ScheduledStopPoint:1313239" version="1"/>
              <QuayRef ref="VTR:Quay:8290"/>
            </PassengerStopAssignment>
            <PassengerStopAssignment order="1733600008" id="VTR:PassengerStopAssignment:1313240" version="1">
              <ScheduledStopPointRef ref="VTR:ScheduledStopPoint:1313240" version="1"/>
              <QuayRef ref="VTR:Quay:16239"/>
            </PassengerStopAssignment>
            <PassengerStopAssignment order="1733600009" id="VTR:PassengerStopAssignment:1313241" version="1">
              <ScheduledStopPointRef ref="VTR:ScheduledStopPoint:1313241" version="1"/>
              <QuayRef ref="VTR:Quay:6555"/>
            </PassengerStopAssignment>
            <PassengerStopAssignment order="1733600010" id="VTR:PassengerStopAssignment:1313242" version="1">
              <ScheduledStopPointRef ref="VTR:ScheduledStopPoint:1313242" version="1"/>
              <QuayRef ref="VTR:Quay:21472"/>
            </PassengerStopAssignment>
            <PassengerStopAssignment order="1733600011" id="VTR:PassengerStopAssignment:1313243" version="1">
              <ScheduledStopPointRef ref="VTR:ScheduledStopPoint:1313243" version="1"/>
              <QuayRef ref="VTR:Quay:16517"/>
            </PassengerStopAssignment>
            <PassengerStopAssignment order="1733600012" id="VTR:PassengerStopAssignment:1313244" version="1">
              <ScheduledStopPointRef ref="VTR:ScheduledStopPoint:1313244" version="1"/>
              <QuayRef ref="VTR:Quay:20726"/>
            </PassengerStopAssignment>
            <PassengerStopAssignment order="1733600013" id="VTR:PassengerStopAssignment:1313245" version="1">
              <ScheduledStopPointRef ref="VTR:ScheduledStopPoint:1313245" version="1"/>
              <QuayRef ref="VTR:Quay:9363"/>
            </PassengerStopAssignment>
            <PassengerStopAssignment order="1733600014" id="VTR:PassengerStopAssignment:1313246" version="1">
              <ScheduledStopPointRef ref="VTR:ScheduledStopPoint:1313246" version="1"/>
              <QuayRef ref="VTR:Quay:14250"/>
            </PassengerStopAssignment>
            <PassengerStopAssignment order="1733600015" id="VTR:PassengerStopAssignment:1313247" version="1">
              <ScheduledStopPointRef ref="VTR:ScheduledStopPoint:1313247" version="1"/>
              <QuayRef ref="VTR:Quay:15348"/>
            </PassengerStopAssignment>
            <PassengerStopAssignment order="1733600016" id="VTR:PassengerStopAssignment:1313248" version="1">
              <ScheduledStopPointRef ref="VTR:ScheduledStopPoint:1313248" version="1"/>
              <QuayRef ref="VTR:Quay:8299"/>
            </PassengerStopAssignment>
            <PassengerStopAssignment order="1736000000" id="VTR:PassengerStopAssignment:1313266" version="1">
              <ScheduledStopPointRef ref="VTR:ScheduledStopPoint:1313266" version="1"/>
              <QuayRef ref="VTR:Quay:8299"/>
            </PassengerStopAssignment>
            <PassengerStopAssignment order="1736000001" id="VTR:PassengerStopAssignment:1313267" version="1">
              <ScheduledStopPointRef ref="VTR:ScheduledStopPoint:1313267" version="1"/>
              <QuayRef ref="VTR:Quay:6455"/>
            </PassengerStopAssignment>
            <PassengerStopAssignment order="1736000002" id="VTR:PassengerStopAssignment:1313264" version="1">
              <ScheduledStopPointRef ref="VTR:ScheduledStopPoint:1313264" version="1"/>
              <QuayRef ref="VTR:Quay:14250"/>
            </PassengerStopAssignment>
            <PassengerStopAssignment order="1736000003" id="VTR:PassengerStopAssignment:1313268" version="1">
              <ScheduledStopPointRef ref="VTR:ScheduledStopPoint:1313268" version="1"/>
              <QuayRef ref="VTR:Quay:9349"/>
            </PassengerStopAssignment>
            <PassengerStopAssignment order="1736000004" id="VTR:PassengerStopAssignment:1313262" version="1">
              <ScheduledStopPointRef ref="VTR:ScheduledStopPoint:1313262" version="1"/>
              <QuayRef ref="VTR:Quay:20726"/>
            </PassengerStopAssignment>
            <PassengerStopAssignment order="1736000005" id="VTR:PassengerStopAssignment:1313269" version="1">
              <ScheduledStopPointRef ref="VTR:ScheduledStopPoint:1313269" version="1"/>
              <QuayRef ref="VTR:Quay:11490"/>
            </PassengerStopAssignment>
            <PassengerStopAssignment order="1736000006" id="VTR:PassengerStopAssignment:1313270" version="1">
              <ScheduledStopPointRef ref="VTR:ScheduledStopPoint:1313270" version="1"/>
              <QuayRef ref="VTR:Quay:12535"/>
            </PassengerStopAssignment>
            <PassengerStopAssignment order="1736000007" id="VTR:PassengerStopAssignment:1313271" version="1">
              <ScheduledStopPointRef ref="VTR:ScheduledStopPoint:1313271" version="1"/>
              <QuayRef ref="VTR:Quay:11232"/>
            </PassengerStopAssignment>
            <PassengerStopAssignment order="1736000008" id="VTR:PassengerStopAssignment:1313272" version="1">
              <ScheduledStopPointRef ref="VTR:ScheduledStopPoint:1313272" version="1"/>
              <QuayRef ref="VTR:Quay:8326"/>
            </PassengerStopAssignment>
            <PassengerStopAssignment order="1736000009" id="VTR:PassengerStopAssignment:1313273" version="1">
              <ScheduledStopPointRef ref="VTR:ScheduledStopPoint:1313273" version="1"/>
              <QuayRef ref="VTR:Quay:14252"/>
            </PassengerStopAssignment>
            <PassengerStopAssignment order="1736000010" id="VTR:PassengerStopAssignment:1313255" version="1">
              <ScheduledStopPointRef ref="VTR:ScheduledStopPoint:1313255" version="1"/>
              <QuayRef ref="VTR:Quay:8303"/>
            </PassengerStopAssignment>
            <PassengerStopAssignment order="1736000011" id="VTR:PassengerStopAssignment:1313274" version="1">
              <ScheduledStopPointRef ref="VTR:ScheduledStopPoint:1313274" version="1"/>
              <QuayRef ref="VTR:Quay:6424"/>
            </PassengerStopAssignment>
            <PassengerStopAssignment order="1736000012" id="VTR:PassengerStopAssignment:1313275" version="1">
              <ScheduledStopPointRef ref="VTR:ScheduledStopPoint:1313275" version="1"/>
              <QuayRef ref="VTR:Quay:21098"/>
            </PassengerStopAssignment>
            <PassengerStopAssignment order="1736000013" id="VTR:PassengerStopAssignment:1313276" version="1">
              <ScheduledStopPointRef ref="VTR:ScheduledStopPoint:1313276" version="1"/>
              <QuayRef ref="VTR:Quay:13265"/>
            </PassengerStopAssignment>
            <PassengerStopAssignment order="1736000014" id="VTR:PassengerStopAssignment:1313277" version="1">
              <ScheduledStopPointRef ref="VTR:ScheduledStopPoint:1313277" version="1"/>
              <QuayRef ref="VTR:Quay:21257"/>
            </PassengerStopAssignment>
            <PassengerStopAssignment order="1736000015" id="VTR:PassengerStopAssignment:1313250" version="1">
              <ScheduledStopPointRef ref="VTR:ScheduledStopPoint:1313250" version="1"/>
              <QuayRef ref="VTR:Quay:19451"/>
            </PassengerStopAssignment>
          </stopAssignments>
          <journeyPatterns>
            <JourneyPattern id="VTR:JourneyPattern:2617955" version="2619861">
              <Name>1</Name>
              <RouteRef ref="VTR:Route:17336" version="1"/>
              <pointsInSequence>
                <StopPointInJourneyPattern id="VTR:StopPointInJourneyPattern:94370211" version="2619861" order="1">
                  <ScheduledStopPointRef ref="VTR:ScheduledStopPoint:1313232"/>
                  <DestinationDisplayRef ref="VTR:DestinationDisplay:1"/>
                </StopPointInJourneyPattern>
                <StopPointInJourneyPattern id="VTR:StopPointInJourneyPattern:94370212" version="2619861" order="2">
                  <ScheduledStopPointRef ref="VTR:ScheduledStopPoint:1313233"/>
                  <DestinationDisplayRef ref="VTR:DestinationDisplay:1"/>
                </StopPointInJourneyPattern>
                <StopPointInJourneyPattern id="VTR:StopPointInJourneyPattern:94370213" version="2619861" order="3">
                  <ScheduledStopPointRef ref="VTR:ScheduledStopPoint:1313234"/>
                  <DestinationDisplayRef ref="VTR:DestinationDisplay:1"/>
                </StopPointInJourneyPattern>
                <StopPointInJourneyPattern id="VTR:StopPointInJourneyPattern:94370214" version="2619861" order="4">
                  <ScheduledStopPointRef ref="VTR:ScheduledStopPoint:1313235"/>
                  <DestinationDisplayRef ref="VTR:DestinationDisplay:1"/>
                </StopPointInJourneyPattern>
                <StopPointInJourneyPattern id="VTR:StopPointInJourneyPattern:94370215" version="2619861" order="5">
                  <ScheduledStopPointRef ref="VTR:ScheduledStopPoint:1313236"/>
                  <DestinationDisplayRef ref="VTR:DestinationDisplay:1"/>
                </StopPointInJourneyPattern>
                <StopPointInJourneyPattern id="VTR:StopPointInJourneyPattern:94370216" version="2619861" order="6">
                  <ScheduledStopPointRef ref="VTR:ScheduledStopPoint:1313237"/>
                  <DestinationDisplayRef ref="VTR:DestinationDisplay:1"/>
                </StopPointInJourneyPattern>
                <StopPointInJourneyPattern id="VTR:StopPointInJourneyPattern:94370217" version="2619861" order="7">
                  <ScheduledStopPointRef ref="VTR:ScheduledStopPoint:1313238"/>
                  <DestinationDisplayRef ref="VTR:DestinationDisplay:1"/>
                </StopPointInJourneyPattern>
                <StopPointInJourneyPattern id="VTR:StopPointInJourneyPattern:94370218" version="2619861" order="8">
                  <ScheduledStopPointRef ref="VTR:ScheduledStopPoint:1313239"/>
                  <DestinationDisplayRef ref="VTR:DestinationDisplay:1"/>
                </StopPointInJourneyPattern>
                <StopPointInJourneyPattern id="VTR:StopPointInJourneyPattern:94370219" version="2619861" order="9">
                  <ScheduledStopPointRef ref="VTR:ScheduledStopPoint:1313240"/>
                  <DestinationDisplayRef ref="VTR:DestinationDisplay:1"/>
                </StopPointInJourneyPattern>
                <StopPointInJourneyPattern id="VTR:StopPointInJourneyPattern:94370220" version="2619861" order="10">
                  <ScheduledStopPointRef ref="VTR:ScheduledStopPoint:1313241"/>
                  <DestinationDisplayRef ref="VTR:DestinationDisplay:1"/>
                </StopPointInJourneyPattern>
                <StopPointInJourneyPattern id="VTR:StopPointInJourneyPattern:94370221" version="2619861" order="11">
                  <ScheduledStopPointRef ref="VTR:ScheduledStopPoint:1313242"/>
                  <DestinationDisplayRef ref="VTR:DestinationDisplay:1"/>
                </StopPointInJourneyPattern>
                <StopPointInJourneyPattern id="VTR:StopPointInJourneyPattern:94370222" version="2619861" order="12">
                  <ScheduledStopPointRef ref="VTR:ScheduledStopPoint:1313243"/>
                  <DestinationDisplayRef ref="VTR:DestinationDisplay:1"/>
                </StopPointInJourneyPattern>
                <StopPointInJourneyPattern id="VTR:StopPointInJourneyPattern:94370223" version="2619861" order="13">
                  <ScheduledStopPointRef ref="VTR:ScheduledStopPoint:1313244"/>
                  <DestinationDisplayRef ref="VTR:DestinationDisplay:1"/>
                </StopPointInJourneyPattern>
                <StopPointInJourneyPattern id="VTR:StopPointInJourneyPattern:94370224" version="2619861" order="14">
                  <ScheduledStopPointRef ref="VTR:ScheduledStopPoint:1313245"/>
                  <DestinationDisplayRef ref="VTR:DestinationDisplay:1"/>
                </StopPointInJourneyPattern>
                <StopPointInJourneyPattern id="VTR:StopPointInJourneyPattern:94370225" version="2619861" order="15">
                  <ScheduledStopPointRef ref="VTR:ScheduledStopPoint:1313246"/>
                  <DestinationDisplayRef ref="VTR:DestinationDisplay:1"/>
                </StopPointInJourneyPattern>
                <StopPointInJourneyPattern id="VTR:StopPointInJourneyPattern:94370226" version="2619861" order="16">
                  <ScheduledStopPointRef ref="VTR:ScheduledStopPoint:1313247"/>
                  <DestinationDisplayRef ref="VTR:DestinationDisplay:1"/>
                </StopPointInJourneyPattern>
                <StopPointInJourneyPattern id="VTR:StopPointInJourneyPattern:94370227" version="2619861" order="17">
                  <ScheduledStopPointRef ref="VTR:ScheduledStopPoint:1313248"/>
                  <DestinationDisplayRef ref="VTR:DestinationDisplay:1"/>
                </StopPointInJourneyPattern>
              </pointsInSequence>
            </JourneyPattern>
            <JourneyPattern id="VTR:JourneyPattern:2617956" version="2619862">
              <Name>2</Name>
              <RouteRef ref="VTR:Route:17360" version="1"/>
              <pointsInSequence>
                <StopPointInJourneyPattern id="VTR:StopPointInJourneyPattern:94370228" version="2619862" order="1">
                  <ScheduledStopPointRef ref="VTR:ScheduledStopPoint:1313266"/>
                  <DestinationDisplayRef ref="VTR:DestinationDisplay:1"/>
                </StopPointInJourneyPattern>
                <StopPointInJourneyPattern id="VTR:StopPointInJourneyPattern:94370229" version="2619862" order="2">
                  <ScheduledStopPointRef ref="VTR:ScheduledStopPoint:1313267"/>
                  <DestinationDisplayRef ref="VTR:DestinationDisplay:1"/>
                </StopPointInJourneyPattern>
                <StopPointInJourneyPattern id="VTR:StopPointInJourneyPattern:94370230" version="2619862" order="3">
                  <ScheduledStopPointRef ref="VTR:ScheduledStopPoint:1313264"/>
                  <DestinationDisplayRef ref="VTR:DestinationDisplay:1"/>
                </StopPointInJourneyPattern>
                <StopPointInJourneyPattern id="VTR:StopPointInJourneyPattern:94370231" version="2619862" order="4">
                  <ScheduledStopPointRef ref="VTR:ScheduledStopPoint:1313268"/>
                  <DestinationDisplayRef ref="VTR:DestinationDisplay:1"/>
                </StopPointInJourneyPattern>
                <StopPointInJourneyPattern id="VTR:StopPointInJourneyPattern:94370232" version="2619862" order="5">
                  <ScheduledStopPointRef ref="VTR:ScheduledStopPoint:1313262"/>
                  <DestinationDisplayRef ref="VTR:DestinationDisplay:1"/>
                </StopPointInJourneyPattern>
                <StopPointInJourneyPattern id="VTR:StopPointInJourneyPattern:94370233" version="2619862" order="6">
                  <ScheduledStopPointRef ref="VTR:ScheduledStopPoint:1313269"/>
                  <DestinationDisplayRef ref="VTR:DestinationDisplay:1"/>
                </StopPointInJourneyPattern>
                <StopPointInJourneyPattern id="VTR:StopPointInJourneyPattern:94370234" version="2619862" order="7">
                  <ScheduledStopPointRef ref="VTR:ScheduledStopPoint:1313270"/>
                  <DestinationDisplayRef ref="VTR:DestinationDisplay:1"/>
                </StopPointInJourneyPattern>
                <StopPointInJourneyPattern id="VTR:StopPointInJourneyPattern:94370235" version="2619862" order="8">
                  <ScheduledStopPointRef ref="VTR:ScheduledStopPoint:1313271"/>
                  <DestinationDisplayRef ref="VTR:DestinationDisplay:1"/>
                </StopPointInJourneyPattern>
                <StopPointInJourneyPattern id="VTR:StopPointInJourneyPattern:94370236" version="2619862" order="9">
                  <ScheduledStopPointRef ref="VTR:ScheduledStopPoint:1313272"/>
                  <DestinationDisplayRef ref="VTR:DestinationDisplay:1"/>
                </StopPointInJourneyPattern>
                <StopPointInJourneyPattern id="VTR:StopPointInJourneyPattern:94370237" version="2619862" order="10">
                  <ScheduledStopPointRef ref="VTR:ScheduledStopPoint:1313273"/>
                  <DestinationDisplayRef ref="VTR:DestinationDisplay:1"/>
                </StopPointInJourneyPattern>
                <StopPointInJourneyPattern id="VTR:StopPointInJourneyPattern:94370238" version="2619862" order="11">
                  <ScheduledStopPointRef ref="VTR:ScheduledStopPoint:1313255"/>
                  <DestinationDisplayRef ref="VTR:DestinationDisplay:1"/>
                </StopPointInJourneyPattern>
                <StopPointInJourneyPattern id="VTR:StopPointInJourneyPattern:94370239" version="2619862" order="12">
                  <ScheduledStopPointRef ref="VTR:ScheduledStopPoint:1313274"/>
                  <DestinationDisplayRef ref="VTR:DestinationDisplay:1"/>
                </StopPointInJourneyPattern>
                <StopPointInJourneyPattern id="VTR:StopPointInJourneyPattern:94370240" version="2619862" order="13">
                  <ScheduledStopPointRef ref="VTR:ScheduledStopPoint:1313275"/>
                  <DestinationDisplayRef ref="VTR:DestinationDisplay:1"/>
                </StopPointInJourneyPattern>
                <StopPointInJourneyPattern id="VTR:StopPointInJourneyPattern:94370241" version="2619862" order="14">
                  <ScheduledStopPointRef ref="VTR:ScheduledStopPoint:1313276"/>
                  <DestinationDisplayRef ref="VTR:DestinationDisplay:1"/>
                </StopPointInJourneyPattern>
                <StopPointInJourneyPattern id="VTR:StopPointInJourneyPattern:94370242" version="2619862" order="15">
                  <ScheduledStopPointRef ref="VTR:ScheduledStopPoint:1313277"/>
                  <DestinationDisplayRef ref="VTR:DestinationDisplay:1"/>
                </StopPointInJourneyPattern>
                <StopPointInJourneyPattern id="VTR:StopPointInJourneyPattern:94370243" version="2619862" order="16">
                  <ScheduledStopPointRef ref="VTR:ScheduledStopPoint:1313250"/>
                  <DestinationDisplayRef ref="VTR:DestinationDisplay:1"/>
                </StopPointInJourneyPattern>
              </pointsInSequence>
            </JourneyPattern>
          </journeyPatterns>
        </ServiceFrame>
        <TimetableFrame version="1" id="VTR:TimetableFrame:1399">
          <vehicleJourneys>
            <ServiceJourney version="2619861" id="VTR:ServiceJourney:2617955">
              <Name>Telšiai- Biržuvėnai-Upyna</Name>
              <PrivateCode>1</PrivateCode>
              <dayTypes>
                <DayTypeRef ref="VTR:DayType:1797"/>
              </dayTypes>
              <JourneyPatternRef version="2619861" ref="VTR:JourneyPattern:2617955"/>
              <OperatorRef ref="VTR:Operator:526"/>
              <LineRef ref="VTR:Line:6144" version="7729"/>
              <passingTimes>
                <TimetabledPassingTime version="2619861" id="VTR:TimetabledPassingTime:2617955_94370211_1">
                  <StopPointInJourneyPatternRef ref="VTR:StopPointInJourneyPattern:94370211" version="2619861"/>
                  <DepartureTime>06:30:00</DepartureTime>
                  <DepartureDayOffset>0</DepartureDayOffset>
                </TimetabledPassingTime>
                <TimetabledPassingTime version="2619861" id="VTR:TimetabledPassingTime:2617955_94370212_2">
                  <StopPointInJourneyPatternRef ref="VTR:StopPointInJourneyPattern:94370212" version="2619861"/>
                  <DepartureTime>06:33:00</DepartureTime>
                  <DepartureDayOffset>0</DepartureDayOffset>
                </TimetabledPassingTime>
                <TimetabledPassingTime version="2619861" id="VTR:TimetabledPassingTime:2617955_94370213_3">
                  <StopPointInJourneyPatternRef ref="VTR:StopPointInJourneyPattern:94370213" version="2619861"/>
                  <DepartureTime>06:36:00</DepartureTime>
                  <DepartureDayOffset>0</DepartureDayOffset>
                </TimetabledPassingTime>
                <TimetabledPassingTime version="2619861" id="VTR:TimetabledPassingTime:2617955_94370214_4">
                  <StopPointInJourneyPatternRef ref="VTR:StopPointInJourneyPattern:94370214" version="2619861"/>
                  <DepartureTime>06:38:00</DepartureTime>
                  <DepartureDayOffset>0</DepartureDayOffset>
                </TimetabledPassingTime>
                <TimetabledPassingTime version="2619861" id="VTR:TimetabledPassingTime:2617955_94370215_5">
                  <StopPointInJourneyPatternRef ref="VTR:StopPointInJourneyPattern:94370215" version="2619861"/>
                  <DepartureTime>06:40:00</DepartureTime>
                  <DepartureDayOffset>0</DepartureDayOffset>
                </TimetabledPassingTime>
                <TimetabledPassingTime version="2619861" id="VTR:TimetabledPassingTime:2617955_94370216_6">
                  <StopPointInJourneyPatternRef ref="VTR:StopPointInJourneyPattern:94370216" version="2619861"/>
                  <DepartureTime>06:43:00</DepartureTime>
                  <DepartureDayOffset>0</DepartureDayOffset>
                </TimetabledPassingTime>
                <TimetabledPassingTime version="2619861" id="VTR:TimetabledPassingTime:2617955_94370217_7">
                  <StopPointInJourneyPatternRef ref="VTR:StopPointInJourneyPattern:94370217" version="2619861"/>
                  <DepartureTime>06:45:00</DepartureTime>
                  <DepartureDayOffset>0</DepartureDayOffset>
                </TimetabledPassingTime>
                <TimetabledPassingTime version="2619861" id="VTR:TimetabledPassingTime:2617955_94370218_8">
                  <StopPointInJourneyPatternRef ref="VTR:StopPointInJourneyPattern:94370218" version="2619861"/>
                  <DepartureTime>06:47:00</DepartureTime>
                  <DepartureDayOffset>0</DepartureDayOffset>
                </TimetabledPassingTime>
                <TimetabledPassingTime version="2619861" id="VTR:TimetabledPassingTime:2617955_94370219_9">
                  <StopPointInJourneyPatternRef ref="VTR:StopPointInJourneyPattern:94370219" version="2619861"/>
                  <DepartureTime>06:50:00</DepartureTime>
                  <DepartureDayOffset>0</DepartureDayOffset>
                </TimetabledPassingTime>
                <TimetabledPassingTime version="2619861" id="VTR:TimetabledPassingTime:2617955_94370220_10">
                  <StopPointInJourneyPatternRef ref="VTR:StopPointInJourneyPattern:94370220" version="2619861"/>
                  <DepartureTime>06:52:00</DepartureTime>
                  <DepartureDayOffset>0</DepartureDayOffset>
                </TimetabledPassingTime>
                <TimetabledPassingTime version="2619861" id="VTR:TimetabledPassingTime:2617955_94370221_11">
                  <StopPointInJourneyPatternRef ref="VTR:StopPointInJourneyPattern:94370221" version="2619861"/>
                  <DepartureTime>06:57:00</DepartureTime>
                  <DepartureDayOffset>0</DepartureDayOffset>
                </TimetabledPassingTime>
                <TimetabledPassingTime version="2619861" id="VTR:TimetabledPassingTime:2617955_94370222_12">
                  <StopPointInJourneyPatternRef ref="VTR:StopPointInJourneyPattern:94370222" version="2619861"/>
                  <DepartureTime>07:01:00</DepartureTime>
                  <DepartureDayOffset>0</DepartureDayOffset>
                </TimetabledPassingTime>
                <TimetabledPassingTime version="2619861" id="VTR:TimetabledPassingTime:2617955_94370223_13">
                  <StopPointInJourneyPatternRef ref="VTR:StopPointInJourneyPattern:94370223" version="2619861"/>
                  <DepartureTime>07:05:00</DepartureTime>
                  <DepartureDayOffset>0</DepartureDayOffset>
                </TimetabledPassingTime>
                <TimetabledPassingTime version="2619861" id="VTR:TimetabledPassingTime:2617955_94370224_14">
                  <StopPointInJourneyPatternRef ref="VTR:StopPointInJourneyPattern:94370224" version="2619861"/>
                  <DepartureTime>07:11:00</DepartureTime>
                  <DepartureDayOffset>0</DepartureDayOffset>
                </TimetabledPassingTime>
                <TimetabledPassingTime version="2619861" id="VTR:TimetabledPassingTime:2617955_94370225_15">
                  <StopPointInJourneyPatternRef ref="VTR:StopPointInJourneyPattern:94370225" version="2619861"/>
                  <DepartureTime>07:14:00</DepartureTime>
                  <DepartureDayOffset>0</DepartureDayOffset>
                </TimetabledPassingTime>
                <TimetabledPassingTime version="2619861" id="VTR:TimetabledPassingTime:2617955_94370226_16">
                  <StopPointInJourneyPatternRef ref="VTR:StopPointInJourneyPattern:94370226" version="2619861"/>
                  <DepartureTime>07:18:00</DepartureTime>
                  <DepartureDayOffset>0</DepartureDayOffset>
                </TimetabledPassingTime>
                <TimetabledPassingTime version="2619861" id="VTR:TimetabledPassingTime:2617955_94370227_17">
                  <StopPointInJourneyPatternRef ref="VTR:StopPointInJourneyPattern:94370227" version="2619861"/>
                  <DepartureTime>07:20:00</DepartureTime>
                  <DepartureDayOffset>0</DepartureDayOffset>
                </TimetabledPassingTime>
              </passingTimes>
            </ServiceJourney>
            <ServiceJourney version="2619862" id="VTR:ServiceJourney:2617956">
              <Name>Upyna- Telšiai</Name>
              <PrivateCode>2</PrivateCode>
              <dayTypes>
                <DayTypeRef ref="VTR:DayType:1797"/>
              </dayTypes>
              <JourneyPatternRef version="2619862" ref="VTR:JourneyPattern:2617956"/>
              <OperatorRef ref="VTR:Operator:526"/>
              <LineRef ref="VTR:Line:6144" version="7729"/>
              <passingTimes>
                <TimetabledPassingTime version="2619862" id="VTR:TimetabledPassingTime:2617956_94370228_1">
                  <StopPointInJourneyPatternRef ref="VTR:StopPointInJourneyPattern:94370228" version="2619862"/>
                  <DepartureTime>07:40:00</DepartureTime>
                  <DepartureDayOffset>0</DepartureDayOffset>
                </TimetabledPassingTime>
                <TimetabledPassingTime version="2619862" id="VTR:TimetabledPassingTime:2617956_94370229_2">
                  <StopPointInJourneyPatternRef ref="VTR:StopPointInJourneyPattern:94370229" version="2619862"/>
                  <DepartureTime>07:42:00</DepartureTime>
                  <DepartureDayOffset>0</DepartureDayOffset>
                </TimetabledPassingTime>
                <TimetabledPassingTime version="2619862" id="VTR:TimetabledPassingTime:2617956_94370230_3">
                  <StopPointInJourneyPatternRef ref="VTR:StopPointInJourneyPattern:94370230" version="2619862"/>
                  <DepartureTime>07:47:00</DepartureTime>
                  <DepartureDayOffset>0</DepartureDayOffset>
                </TimetabledPassingTime>
                <TimetabledPassingTime version="2619862" id="VTR:TimetabledPassingTime:2617956_94370231_4">
                  <StopPointInJourneyPatternRef ref="VTR:StopPointInJourneyPattern:94370231" version="2619862"/>
                  <DepartureTime>07:54:00</DepartureTime>
                  <DepartureDayOffset>0</DepartureDayOffset>
                </TimetabledPassingTime>
                <TimetabledPassingTime version="2619862" id="VTR:TimetabledPassingTime:2617956_94370232_5">
                  <StopPointInJourneyPatternRef ref="VTR:StopPointInJourneyPattern:94370232" version="2619862"/>
                  <DepartureTime>08:00:00</DepartureTime>
                  <DepartureDayOffset>0</DepartureDayOffset>
                </TimetabledPassingTime>
                <TimetabledPassingTime version="2619862" id="VTR:TimetabledPassingTime:2617956_94370233_6">
                  <StopPointInJourneyPatternRef ref="VTR:StopPointInJourneyPattern:94370233" version="2619862"/>
                  <DepartureTime>08:05:00</DepartureTime>
                  <DepartureDayOffset>0</DepartureDayOffset>
                </TimetabledPassingTime>
                <TimetabledPassingTime version="2619862" id="VTR:TimetabledPassingTime:2617956_94370234_7">
                  <StopPointInJourneyPatternRef ref="VTR:StopPointInJourneyPattern:94370234" version="2619862"/>
                  <DepartureTime>08:07:00</DepartureTime>
                  <DepartureDayOffset>0</DepartureDayOffset>
                </TimetabledPassingTime>
                <TimetabledPassingTime version="2619862" id="VTR:TimetabledPassingTime:2617956_94370235_8">
                  <StopPointInJourneyPatternRef ref="VTR:StopPointInJourneyPattern:94370235" version="2619862"/>
                  <DepartureTime>08:10:00</DepartureTime>
                  <DepartureDayOffset>0</DepartureDayOffset>
                </TimetabledPassingTime>
                <TimetabledPassingTime version="2619862" id="VTR:TimetabledPassingTime:2617956_94370236_9">
                  <StopPointInJourneyPatternRef ref="VTR:StopPointInJourneyPattern:94370236" version="2619862"/>
                  <DepartureTime>08:12:00</DepartureTime>
                  <DepartureDayOffset>0</DepartureDayOffset>
                </TimetabledPassingTime>
                <TimetabledPassingTime version="2619862" id="VTR:TimetabledPassingTime:2617956_94370237_10">
                  <StopPointInJourneyPatternRef ref="VTR:StopPointInJourneyPattern:94370237" version="2619862"/>
                  <DepartureTime>08:14:00</DepartureTime>
                  <DepartureDayOffset>0</DepartureDayOffset>
                </TimetabledPassingTime>
                <TimetabledPassingTime version="2619862" id="VTR:TimetabledPassingTime:2617956_94370238_11">
                  <StopPointInJourneyPatternRef ref="VTR:StopPointInJourneyPattern:94370238" version="2619862"/>
                  <DepartureTime>08:16:00</DepartureTime>
                  <DepartureDayOffset>0</DepartureDayOffset>
                </TimetabledPassingTime>
                <TimetabledPassingTime version="2619862" id="VTR:TimetabledPassingTime:2617956_94370239_12">
                  <StopPointInJourneyPatternRef ref="VTR:StopPointInJourneyPattern:94370239" version="2619862"/>
                  <DepartureTime>08:20:00</DepartureTime>
                  <DepartureDayOffset>0</DepartureDayOffset>
                </TimetabledPassingTime>
                <TimetabledPassingTime version="2619862" id="VTR:TimetabledPassingTime:2617956_94370240_13">
                  <StopPointInJourneyPatternRef ref="VTR:StopPointInJourneyPattern:94370240" version="2619862"/>
                  <DepartureTime>08:22:00</DepartureTime>
                  <DepartureDayOffset>0</DepartureDayOffset>
                </TimetabledPassingTime>
                <TimetabledPassingTime version="2619862" id="VTR:TimetabledPassingTime:2617956_94370241_14">
                  <StopPointInJourneyPatternRef ref="VTR:StopPointInJourneyPattern:94370241" version="2619862"/>
                  <DepartureTime>08:25:00</DepartureTime>
                  <DepartureDayOffset>0</DepartureDayOffset>
                </TimetabledPassingTime>
                <TimetabledPassingTime version="2619862" id="VTR:TimetabledPassingTime:2617956_94370242_15">
                  <StopPointInJourneyPatternRef ref="VTR:StopPointInJourneyPattern:94370242" version="2619862"/>
                  <DepartureTime>08:33:00</DepartureTime>
                  <DepartureDayOffset>0</DepartureDayOffset>
                </TimetabledPassingTime>
                <TimetabledPassingTime version="2619862" id="VTR:TimetabledPassingTime:2617956_94370243_16">
                  <StopPointInJourneyPatternRef ref="VTR:StopPointInJourneyPattern:94370243" version="2619862"/>
                  <DepartureTime>08:35:00</DepartureTime>
                  <DepartureDayOffset>0</DepartureDayOffset>
                </TimetabledPassingTime>
              </passingTimes>
            </ServiceJourney>
          </vehicleJourneys>
        </TimetableFrame>
        <ResourceFrame version="1" id="VTR:ResourceFrame:1399">
          <organisations>
            <Authority version="1" id="VTR:Authority:31">
              <CompanyNumber>78</CompanyNumber>
              <Name>Telšių r. sav.</Name>
              <LegalName>Telšių r. sav.</LegalName>
              <ContactDetails>
                <Email>zita.simaitiene@telsiai.lt</Email>
                <Phone>8 444 56183</Phone>
                <Url>www.telsiai.lt</Url>
              </ContactDetails>
              <OrganisationType>authority</OrganisationType>
            </Authority>
          </organisations>
        </ResourceFrame>
        <FareFrame id="VTR:FareFrame:6144" version="1">
          <FrameDefaults>
            <DefaultCurrency>EUR</DefaultCurrency>
          </FrameDefaults>
          <usageParameters>
            <RoundTrip id="VTR:RoundTrip:single" version="1">
              <Name>Single</Name>
              <TripType>single</TripType>
            </RoundTrip>
            <FrequencyOfUse id="VTR:FrequencyOfUse:once" version="1">
              <Name>Once</Name>
              <MaximalFrequency>1</MaximalFrequency>
            </FrequencyOfUse>
          </usageParameters>
          <priceGroups>
            <PriceGroup id="VTR:PriceGroup:PG01" version="1">
              <Name>Flat Fare Products - Standard</Name>
              <members>
                <FareProductPrice id="VTR:FareProductPrice:standard" version="1">
                  <Name>Single fare</Name>
                  <Amount>0.12</Amount>
                  <Currency>EUR</Currency>
                </FareProductPrice>
              </members>
            </PriceGroup>
          </priceGroups>
        </FareFrame>
      </frames>
    </CompositeFrame>
  </dataObjects>
</PublicationDelivery>
