<?xml version="1.0" encoding="UTF-8"?><PublicationDelivery xmlns="http://www.netex.org.uk/netex" xmlns:gis="http://www.opengis.net/gml/3.2" xmlns:ns2="http://www.opengis.net/gml/3.2" xmlns:ns3="http://www.siri.org.uk/siri" xmlns:xsi="http://www.w3.org/2001/XMLSchema-instance" version="1" xsi:schemaLocation="">
  <PublicationTimestamp>2022-05-07T04:55:00.275</PublicationTimestamp>
  <ParticipantRef>VTR</ParticipantRef>
  <Description>1</Description>
  <dataObjects>
    <CompositeFrame created="2022-05-07T04:55:00.275" version="1" id="VTR:CompositeFrame:1399">
      <validityConditions>
        <AvailabilityCondition version="1" id="VTR:AvailabilityCondition:1399">
          <FromDate>2018-08-22T13:30:26</FromDate>
          <ToDate>2027-12-30T00:00:00</ToDate>
        </AvailabilityCondition>
      </validityConditions>
      <codespaces>
        <Codespace id="vtr">
          <Xmlns>VTR</Xmlns>
          <XmlnsUrl>http://www.visimarsrutai.lt/</XmlnsUrl>
        </Codespace>
      </codespaces>
      <FrameDefaults>
        <DefaultLocale>
          <TimeZone>Europe/Vilnius</TimeZone>
        </DefaultLocale>
        <DefaultLocationSystem>WGS84</DefaultLocationSystem>
      </FrameDefaults>
      <frames>
        <ServiceCalendarFrame version="1" id="VTR:ServiceCalendarFrame:1399">
          <dayTypes>
            <DayType id="VTR:DayType:1227" version="1">
              <properties>
                <PropertyOfDay>
                  <DaysOfWeek>Monday Tuesday Wednesday Thursday Friday</DaysOfWeek>
                </PropertyOfDay>
              </properties>
            </DayType>
          </dayTypes>
          <operatingPeriods>
            <OperatingPeriod version="1" id="VTR:OperatingPeriod:1227">
              <FromDate>2012-01-01T00:00:00</FromDate>
              <ToDate>2018-12-31T00:00:00</ToDate>
            </OperatingPeriod>
          </operatingPeriods>
          <dayTypeAssignments>
            <DayTypeAssignment id="VTR:DayTypeAssignment:1227_0" version="1" order="1177">
              <OperatingPeriodRef ref="VTR:OperatingPeriod:1227" version="1"/>
              <DayTypeRef ref="VTR:DayType:1227" version="1"/>
            </DayTypeAssignment>
          </dayTypeAssignments>
        </ServiceCalendarFrame>
        <ServiceFrame id="VTR:ServiceFrame:1399" version="1">
          <Network version="0" id="VTR:Network:31"/>
          <routePoints>
            <RoutePoint version="1" id="VTR:RoutePoint:1318796">
              <projections>
                <PointProjection version="1" id="VTR:PointProjection:57308">
                  <ProjectedPointRef ref="VTR:ScheduledStopPoint:1318796" version="1"/>
                </PointProjection>
              </projections>
            </RoutePoint>
            <RoutePoint version="1" id="VTR:RoutePoint:1318797">
              <projections>
                <PointProjection version="1" id="VTR:PointProjection:56369">
                  <ProjectedPointRef ref="VTR:ScheduledStopPoint:1318797" version="1"/>
                </PointProjection>
              </projections>
            </RoutePoint>
            <RoutePoint version="1" id="VTR:RoutePoint:1318798">
              <projections>
                <PointProjection version="1" id="VTR:PointProjection:59738">
                  <ProjectedPointRef ref="VTR:ScheduledStopPoint:1318798" version="1"/>
                </PointProjection>
              </projections>
            </RoutePoint>
            <RoutePoint version="1" id="VTR:RoutePoint:1318799">
              <projections>
                <PointProjection version="1" id="VTR:PointProjection:59739">
                  <ProjectedPointRef ref="VTR:ScheduledStopPoint:1318799" version="1"/>
                </PointProjection>
              </projections>
            </RoutePoint>
            <RoutePoint version="1" id="VTR:RoutePoint:1318800">
              <projections>
                <PointProjection version="1" id="VTR:PointProjection:59740">
                  <ProjectedPointRef ref="VTR:ScheduledStopPoint:1318800" version="1"/>
                </PointProjection>
              </projections>
            </RoutePoint>
            <RoutePoint version="1" id="VTR:RoutePoint:1318801">
              <projections>
                <PointProjection version="1" id="VTR:PointProjection:59741">
                  <ProjectedPointRef ref="VTR:ScheduledStopPoint:1318801" version="1"/>
                </PointProjection>
              </projections>
            </RoutePoint>
            <RoutePoint version="1" id="VTR:RoutePoint:1318802">
              <projections>
                <PointProjection version="1" id="VTR:PointProjection:59742">
                  <ProjectedPointRef ref="VTR:ScheduledStopPoint:1318802" version="1"/>
                </PointProjection>
              </projections>
            </RoutePoint>
            <RoutePoint version="1" id="VTR:RoutePoint:1318803">
              <projections>
                <PointProjection version="1" id="VTR:PointProjection:59743">
                  <ProjectedPointRef ref="VTR:ScheduledStopPoint:1318803" version="1"/>
                </PointProjection>
              </projections>
            </RoutePoint>
          </routePoints>
          <routes>
            <Route version="1" id="VTR:Route:17392">
              <Name>Viekšnaliai-Žaduvėnai-Soblaukis-Kietkalnis-VenckiškiaiGelsodė-Barvydžiai-Luokė</Name>
              <ShortName>Viekšnaliai-Žaduvėnai-Soblaukis-Kietkalnis-VenckiškiaiGelsodė-Barvydžiai-Luokė</ShortName>
              <LineRef ref="VTR:Line:6149" version="7765"/>
              <DirectionType>outbound</DirectionType>
              <pointsInSequence>
                <PointOnRoute version="1" id="VTR:PointOnRoute:1318796" order="1">
                  <RoutePointRef ref="VTR:RoutePoint:1318796"/>
                </PointOnRoute>
                <PointOnRoute version="1" id="VTR:PointOnRoute:1318797" order="2">
                  <RoutePointRef ref="VTR:RoutePoint:1318797"/>
                </PointOnRoute>
                <PointOnRoute version="1" id="VTR:PointOnRoute:1318798" order="3">
                  <RoutePointRef ref="VTR:RoutePoint:1318798"/>
                </PointOnRoute>
                <PointOnRoute version="1" id="VTR:PointOnRoute:1318799" order="4">
                  <RoutePointRef ref="VTR:RoutePoint:1318799"/>
                </PointOnRoute>
                <PointOnRoute version="1" id="VTR:PointOnRoute:1318800" order="5">
                  <RoutePointRef ref="VTR:RoutePoint:1318800"/>
                </PointOnRoute>
                <PointOnRoute version="1" id="VTR:PointOnRoute:1318801" order="6">
                  <RoutePointRef ref="VTR:RoutePoint:1318801"/>
                </PointOnRoute>
                <PointOnRoute version="1" id="VTR:PointOnRoute:1318802" order="7">
                  <RoutePointRef ref="VTR:RoutePoint:1318802"/>
                </PointOnRoute>
                <PointOnRoute version="1" id="VTR:PointOnRoute:1318803" order="8">
                  <RoutePointRef ref="VTR:RoutePoint:1318803"/>
                </PointOnRoute>
              </pointsInSequence>
            </Route>
          </routes>
          <lines>
            <Line version="7765" id="VTR:Line:6149">
              <Name>Viekšnaliai-žaduvėnai-Soblaukis-Kietkalnis-Venckiškiai-Gelsodė-Barvydžiai-Luokė</Name>
              <TransportMode>bus</TransportMode>
              <TransportSubmode>
                <BusSubmode>regionalBus</BusSubmode>
              </TransportSubmode>
              <PublicCode>Nr. 1</PublicCode>
              <OperatorRef ref="VTR:Operator:31"/>
            </Line>
          </lines>
          <scheduledStopPoints>
            <ScheduledStopPoint version="1" id="VTR:ScheduledStopPoint:1318796">
              <Name>Viekšnaliai</Name>
            </ScheduledStopPoint>
            <ScheduledStopPoint version="1" id="VTR:ScheduledStopPoint:1318797">
              <Name>Žaduvėnai</Name>
            </ScheduledStopPoint>
            <ScheduledStopPoint version="1" id="VTR:ScheduledStopPoint:1318798">
              <Name>Soblaukis</Name>
            </ScheduledStopPoint>
            <ScheduledStopPoint version="1" id="VTR:ScheduledStopPoint:1318799">
              <Name>Kietkalnis</Name>
            </ScheduledStopPoint>
            <ScheduledStopPoint version="1" id="VTR:ScheduledStopPoint:1318800">
              <Name>Venckiškiai</Name>
            </ScheduledStopPoint>
            <ScheduledStopPoint version="1" id="VTR:ScheduledStopPoint:1318801">
              <Name>Gelsodė</Name>
            </ScheduledStopPoint>
            <ScheduledStopPoint version="1" id="VTR:ScheduledStopPoint:1318802">
              <Name>Barvyčiai I</Name>
            </ScheduledStopPoint>
            <ScheduledStopPoint version="1" id="VTR:ScheduledStopPoint:1318803">
              <Name>Luokė</Name>
            </ScheduledStopPoint>
          </scheduledStopPoints>
          <serviceLinks>
            <ServiceLink id="VTR:ServiceLink:1318801_1_1318802_1" version="1">
              <Distance>3</Distance>
              <FromPointRef ref="VTR:ScheduledStopPoint:1318801" version="1"/>
              <ToPointRef ref="VTR:ScheduledStopPoint:1318802" version="1"/>
            </ServiceLink>
            <ServiceLink id="VTR:ServiceLink:1318797_1_1318798_1" version="1">
              <Distance>1</Distance>
              <FromPointRef ref="VTR:ScheduledStopPoint:1318797" version="1"/>
              <ToPointRef ref="VTR:ScheduledStopPoint:1318798" version="1"/>
            </ServiceLink>
            <ServiceLink id="VTR:ServiceLink:1318798_1_1318799_1" version="1">
              <Distance>1</Distance>
              <FromPointRef ref="VTR:ScheduledStopPoint:1318798" version="1"/>
              <ToPointRef ref="VTR:ScheduledStopPoint:1318799" version="1"/>
            </ServiceLink>
            <ServiceLink id="VTR:ServiceLink:1318800_1_1318801_1" version="1">
              <Distance>2</Distance>
              <FromPointRef ref="VTR:ScheduledStopPoint:1318800" version="1"/>
              <ToPointRef ref="VTR:ScheduledStopPoint:1318801" version="1"/>
            </ServiceLink>
            <ServiceLink id="VTR:ServiceLink:1318796_1_1318797_1" version="1">
              <Distance>3</Distance>
              <FromPointRef ref="VTR:ScheduledStopPoint:1318796" version="1"/>
              <ToPointRef ref="VTR:ScheduledStopPoint:1318797" version="1"/>
            </ServiceLink>
            <ServiceLink id="VTR:ServiceLink:1318802_1_1318803_1" version="1">
              <Distance>3</Distance>
              <FromPointRef ref="VTR:ScheduledStopPoint:1318802" version="1"/>
              <ToPointRef ref="VTR:ScheduledStopPoint:1318803" version="1"/>
            </ServiceLink>
            <ServiceLink id="VTR:ServiceLink:1318799_1_1318800_1" version="1">
              <Distance>2</Distance>
              <FromPointRef ref="VTR:ScheduledStopPoint:1318799" version="1"/>
              <ToPointRef ref="VTR:ScheduledStopPoint:1318800" version="1"/>
            </ServiceLink>
          </serviceLinks>
          <stopAssignments>
            <PassengerStopAssignment order="1739200000" id="VTR:PassengerStopAssignment:1318796" version="1">
              <ScheduledStopPointRef ref="VTR:ScheduledStopPoint:1318796" version="1"/>
              <QuayRef ref="VTR:Quay:21144"/>
            </PassengerStopAssignment>
            <PassengerStopAssignment order="1739200001" id="VTR:PassengerStopAssignment:1318797" version="1">
              <ScheduledStopPointRef ref="VTR:ScheduledStopPoint:1318797" version="1"/>
              <QuayRef ref="VTR:Quay:7267"/>
            </PassengerStopAssignment>
            <PassengerStopAssignment order="1739200002" id="VTR:PassengerStopAssignment:1318798" version="1">
              <ScheduledStopPointRef ref="VTR:ScheduledStopPoint:1318798" version="1"/>
              <QuayRef ref="VTR:Quay:7915"/>
            </PassengerStopAssignment>
            <PassengerStopAssignment order="1739200003" id="VTR:PassengerStopAssignment:1318799" version="1">
              <ScheduledStopPointRef ref="VTR:ScheduledStopPoint:1318799" version="1"/>
              <QuayRef ref="VTR:Quay:12945"/>
            </PassengerStopAssignment>
            <PassengerStopAssignment order="1739200004" id="VTR:PassengerStopAssignment:1318800" version="1">
              <ScheduledStopPointRef ref="VTR:ScheduledStopPoint:1318800" version="1"/>
              <QuayRef ref="VTR:Quay:34226"/>
            </PassengerStopAssignment>
            <PassengerStopAssignment order="1739200005" id="VTR:PassengerStopAssignment:1318801" version="1">
              <ScheduledStopPointRef ref="VTR:ScheduledStopPoint:1318801" version="1"/>
              <QuayRef ref="VTR:Quay:34227"/>
            </PassengerStopAssignment>
            <PassengerStopAssignment order="1739200006" id="VTR:PassengerStopAssignment:1318802" version="1">
              <ScheduledStopPointRef ref="VTR:ScheduledStopPoint:1318802" version="1"/>
              <QuayRef ref="VTR:Quay:10675"/>
            </PassengerStopAssignment>
            <PassengerStopAssignment order="1739200007" id="VTR:PassengerStopAssignment:1318803" version="1">
              <ScheduledStopPointRef ref="VTR:ScheduledStopPoint:1318803" version="1"/>
              <QuayRef ref="VTR:Quay:20726"/>
            </PassengerStopAssignment>
          </stopAssignments>
          <journeyPatterns>
            <JourneyPattern id="VTR:JourneyPattern:2630010" version="2631939">
              <Name>1</Name>
              <RouteRef ref="VTR:Route:17392" version="1"/>
              <pointsInSequence>
                <StopPointInJourneyPattern id="VTR:StopPointInJourneyPattern:94865251" version="2631939" order="1">
                  <ScheduledStopPointRef ref="VTR:ScheduledStopPoint:1318796"/>
                  <DestinationDisplayRef ref="VTR:DestinationDisplay:1"/>
                </StopPointInJourneyPattern>
                <StopPointInJourneyPattern id="VTR:StopPointInJourneyPattern:94865252" version="2631939" order="2">
                  <ScheduledStopPointRef ref="VTR:ScheduledStopPoint:1318797"/>
                  <DestinationDisplayRef ref="VTR:DestinationDisplay:1"/>
                </StopPointInJourneyPattern>
                <StopPointInJourneyPattern id="VTR:StopPointInJourneyPattern:94865253" version="2631939" order="3">
                  <ScheduledStopPointRef ref="VTR:ScheduledStopPoint:1318798"/>
                  <DestinationDisplayRef ref="VTR:DestinationDisplay:1"/>
                </StopPointInJourneyPattern>
                <StopPointInJourneyPattern id="VTR:StopPointInJourneyPattern:94865254" version="2631939" order="4">
                  <ScheduledStopPointRef ref="VTR:ScheduledStopPoint:1318799"/>
                  <DestinationDisplayRef ref="VTR:DestinationDisplay:1"/>
                </StopPointInJourneyPattern>
                <StopPointInJourneyPattern id="VTR:StopPointInJourneyPattern:94865255" version="2631939" order="5">
                  <ScheduledStopPointRef ref="VTR:ScheduledStopPoint:1318800"/>
                  <DestinationDisplayRef ref="VTR:DestinationDisplay:1"/>
                </StopPointInJourneyPattern>
                <StopPointInJourneyPattern id="VTR:StopPointInJourneyPattern:94865256" version="2631939" order="6">
                  <ScheduledStopPointRef ref="VTR:ScheduledStopPoint:1318801"/>
                  <DestinationDisplayRef ref="VTR:DestinationDisplay:1"/>
                </StopPointInJourneyPattern>
                <StopPointInJourneyPattern id="VTR:StopPointInJourneyPattern:94865257" version="2631939" order="7">
                  <ScheduledStopPointRef ref="VTR:ScheduledStopPoint:1318802"/>
                  <DestinationDisplayRef ref="VTR:DestinationDisplay:1"/>
                </StopPointInJourneyPattern>
                <StopPointInJourneyPattern id="VTR:StopPointInJourneyPattern:94865258" version="2631939" order="8">
                  <ScheduledStopPointRef ref="VTR:ScheduledStopPoint:1318803"/>
                  <DestinationDisplayRef ref="VTR:DestinationDisplay:1"/>
                </StopPointInJourneyPattern>
              </pointsInSequence>
            </JourneyPattern>
          </journeyPatterns>
        </ServiceFrame>
        <TimetableFrame version="1" id="VTR:TimetableFrame:1399">
          <vehicleJourneys>
            <ServiceJourney version="2631939" id="VTR:ServiceJourney:2630010">
              <Name>Viekšnaliai-Žaduvėnai-Soblaukis-Kietkalnis-VenckiškiaiGelsodė-Barvydžiai-Luokė</Name>
              <PrivateCode>1</PrivateCode>
              <dayTypes>
                <DayTypeRef ref="VTR:DayType:1227"/>
              </dayTypes>
              <JourneyPatternRef version="2631939" ref="VTR:JourneyPattern:2630010"/>
              <OperatorRef ref="VTR:Operator:507"/>
              <LineRef ref="VTR:Line:6149" version="7765"/>
              <passingTimes>
                <TimetabledPassingTime version="2631939" id="VTR:TimetabledPassingTime:2630010_94865251_1">
                  <StopPointInJourneyPatternRef ref="VTR:StopPointInJourneyPattern:94865251" version="2631939"/>
                  <DepartureTime>07:05:00</DepartureTime>
                  <DepartureDayOffset>0</DepartureDayOffset>
                </TimetabledPassingTime>
                <TimetabledPassingTime version="2631939" id="VTR:TimetabledPassingTime:2630010_94865252_2">
                  <StopPointInJourneyPatternRef ref="VTR:StopPointInJourneyPattern:94865252" version="2631939"/>
                  <DepartureTime>07:10:00</DepartureTime>
                  <DepartureDayOffset>0</DepartureDayOffset>
                </TimetabledPassingTime>
                <TimetabledPassingTime version="2631939" id="VTR:TimetabledPassingTime:2630010_94865253_3">
                  <StopPointInJourneyPatternRef ref="VTR:StopPointInJourneyPattern:94865253" version="2631939"/>
                  <DepartureTime>07:13:00</DepartureTime>
                  <DepartureDayOffset>0</DepartureDayOffset>
                </TimetabledPassingTime>
                <TimetabledPassingTime version="2631939" id="VTR:TimetabledPassingTime:2630010_94865254_4">
                  <StopPointInJourneyPatternRef ref="VTR:StopPointInJourneyPattern:94865254" version="2631939"/>
                  <DepartureTime>07:15:00</DepartureTime>
                  <DepartureDayOffset>0</DepartureDayOffset>
                </TimetabledPassingTime>
                <TimetabledPassingTime version="2631939" id="VTR:TimetabledPassingTime:2630010_94865255_5">
                  <StopPointInJourneyPatternRef ref="VTR:StopPointInJourneyPattern:94865255" version="2631939"/>
                  <DepartureTime>07:20:00</DepartureTime>
                  <DepartureDayOffset>0</DepartureDayOffset>
                </TimetabledPassingTime>
                <TimetabledPassingTime version="2631939" id="VTR:TimetabledPassingTime:2630010_94865256_6">
                  <StopPointInJourneyPatternRef ref="VTR:StopPointInJourneyPattern:94865256" version="2631939"/>
                  <DepartureTime>07:25:00</DepartureTime>
                  <DepartureDayOffset>0</DepartureDayOffset>
                </TimetabledPassingTime>
                <TimetabledPassingTime version="2631939" id="VTR:TimetabledPassingTime:2630010_94865257_7">
                  <StopPointInJourneyPatternRef ref="VTR:StopPointInJourneyPattern:94865257" version="2631939"/>
                  <DepartureTime>07:45:00</DepartureTime>
                  <DepartureDayOffset>0</DepartureDayOffset>
                </TimetabledPassingTime>
                <TimetabledPassingTime version="2631939" id="VTR:TimetabledPassingTime:2630010_94865258_8">
                  <StopPointInJourneyPatternRef ref="VTR:StopPointInJourneyPattern:94865258" version="2631939"/>
                  <DepartureTime>07:50:00</DepartureTime>
                  <DepartureDayOffset>0</DepartureDayOffset>
                </TimetabledPassingTime>
              </passingTimes>
            </ServiceJourney>
          </vehicleJourneys>
        </TimetableFrame>
        <ResourceFrame version="1" id="VTR:ResourceFrame:1399">
          <organisations>
            <Authority version="1" id="VTR:Authority:31">
              <CompanyNumber>78</CompanyNumber>
              <Name>Telšių r. sav.</Name>
              <LegalName>Telšių r. sav.</LegalName>
              <ContactDetails>
                <Email>zita.simaitiene@telsiai.lt</Email>
                <Phone>8 444 56183</Phone>
                <Url>www.telsiai.lt</Url>
              </ContactDetails>
              <OrganisationType>authority</OrganisationType>
            </Authority>
          </organisations>
        </ResourceFrame>
        <FareFrame id="VTR:FareFrame:6149" version="1">
          <FrameDefaults>
            <DefaultCurrency>EUR</DefaultCurrency>
          </FrameDefaults>
          <usageParameters>
            <RoundTrip id="VTR:RoundTrip:single" version="1">
              <Name>Single</Name>
              <TripType>single</TripType>
            </RoundTrip>
            <FrequencyOfUse id="VTR:FrequencyOfUse:once" version="1">
              <Name>Once</Name>
              <MaximalFrequency>1</MaximalFrequency>
            </FrequencyOfUse>
          </usageParameters>
          <priceGroups>
            <PriceGroup id="VTR:PriceGroup:PG01" version="1">
              <Name>Flat Fare Products - Standard</Name>
              <members>
                <FareProductPrice id="VTR:FareProductPrice:standard" version="1">
                  <Name>Single fare</Name>
                  <Amount>0.12</Amount>
                  <Currency>EUR</Currency>
                </FareProductPrice>
              </members>
            </PriceGroup>
          </priceGroups>
        </FareFrame>
      </frames>
    </CompositeFrame>
  </dataObjects>
</PublicationDelivery>
