<?xml version="1.0" encoding="UTF-8"?><PublicationDelivery xmlns="http://www.netex.org.uk/netex" xmlns:gis="http://www.opengis.net/gml/3.2" xmlns:ns2="http://www.opengis.net/gml/3.2" xmlns:ns3="http://www.siri.org.uk/siri" xmlns:xsi="http://www.w3.org/2001/XMLSchema-instance" version="1" xsi:schemaLocation="">
  <PublicationTimestamp>2022-05-07T04:55:00.275</PublicationTimestamp>
  <ParticipantRef>VTR</ParticipantRef>
  <Description>1</Description>
  <dataObjects>
    <CompositeFrame created="2022-05-07T04:55:00.275" version="1" id="VTR:CompositeFrame:1399">
      <validityConditions>
        <AvailabilityCondition version="1" id="VTR:AvailabilityCondition:1399">
          <FromDate>2015-10-01T09:03:01</FromDate>
          <ToDate>2027-12-30T00:00:00</ToDate>
        </AvailabilityCondition>
      </validityConditions>
      <codespaces>
        <Codespace id="vtr">
          <Xmlns>VTR</Xmlns>
          <XmlnsUrl>http://www.visimarsrutai.lt/</XmlnsUrl>
        </Codespace>
      </codespaces>
      <FrameDefaults>
        <DefaultLocale>
          <TimeZone>Europe/Vilnius</TimeZone>
        </DefaultLocale>
        <DefaultLocationSystem>WGS84</DefaultLocationSystem>
      </FrameDefaults>
      <frames>
        <ServiceCalendarFrame version="1" id="VTR:ServiceCalendarFrame:1399">
          <dayTypes>
            <DayType id="VTR:DayType:1226" version="1">
              <properties>
                <PropertyOfDay>
                  <DaysOfWeek>Monday Tuesday Wednesday Thursday Friday</DaysOfWeek>
                </PropertyOfDay>
              </properties>
            </DayType>
          </dayTypes>
          <operatingPeriods>
            <OperatingPeriod version="1" id="VTR:OperatingPeriod:1226">
              <FromDate>2012-01-01T00:00:00</FromDate>
              <ToDate>2018-12-31T00:00:00</ToDate>
            </OperatingPeriod>
          </operatingPeriods>
          <dayTypeAssignments>
            <DayTypeAssignment id="VTR:DayTypeAssignment:1226_0" version="1" order="1160">
              <OperatingPeriodRef ref="VTR:OperatingPeriod:1226" version="1"/>
              <DayTypeRef ref="VTR:DayType:1226" version="1"/>
            </DayTypeAssignment>
          </dayTypeAssignments>
        </ServiceCalendarFrame>
        <ServiceFrame id="VTR:ServiceFrame:1399" version="1">
          <Network version="0" id="VTR:Network:31"/>
          <routePoints>
            <RoutePoint version="1" id="VTR:RoutePoint:111700">
              <projections>
                <PointProjection version="1" id="VTR:PointProjection:34189">
                  <ProjectedPointRef ref="VTR:ScheduledStopPoint:111700" version="1"/>
                </PointProjection>
              </projections>
            </RoutePoint>
            <RoutePoint version="1" id="VTR:RoutePoint:111701">
              <projections>
                <PointProjection version="1" id="VTR:PointProjection:34190">
                  <ProjectedPointRef ref="VTR:ScheduledStopPoint:111701" version="1"/>
                </PointProjection>
              </projections>
            </RoutePoint>
            <RoutePoint version="1" id="VTR:RoutePoint:111702">
              <projections>
                <PointProjection version="1" id="VTR:PointProjection:34191">
                  <ProjectedPointRef ref="VTR:ScheduledStopPoint:111702" version="1"/>
                </PointProjection>
              </projections>
            </RoutePoint>
            <RoutePoint version="1" id="VTR:RoutePoint:111703">
              <projections>
                <PointProjection version="1" id="VTR:PointProjection:34192">
                  <ProjectedPointRef ref="VTR:ScheduledStopPoint:111703" version="1"/>
                </PointProjection>
              </projections>
            </RoutePoint>
            <RoutePoint version="1" id="VTR:RoutePoint:111704">
              <projections>
                <PointProjection version="1" id="VTR:PointProjection:34193">
                  <ProjectedPointRef ref="VTR:ScheduledStopPoint:111704" version="1"/>
                </PointProjection>
              </projections>
            </RoutePoint>
            <RoutePoint version="1" id="VTR:RoutePoint:111705">
              <projections>
                <PointProjection version="1" id="VTR:PointProjection:34194">
                  <ProjectedPointRef ref="VTR:ScheduledStopPoint:111705" version="1"/>
                </PointProjection>
              </projections>
            </RoutePoint>
            <RoutePoint version="1" id="VTR:RoutePoint:111706">
              <projections>
                <PointProjection version="1" id="VTR:PointProjection:34195">
                  <ProjectedPointRef ref="VTR:ScheduledStopPoint:111706" version="1"/>
                </PointProjection>
              </projections>
            </RoutePoint>
            <RoutePoint version="1" id="VTR:RoutePoint:111707">
              <projections>
                <PointProjection version="1" id="VTR:PointProjection:34196">
                  <ProjectedPointRef ref="VTR:ScheduledStopPoint:111707" version="1"/>
                </PointProjection>
              </projections>
            </RoutePoint>
            <RoutePoint version="1" id="VTR:RoutePoint:111708">
              <projections>
                <PointProjection version="1" id="VTR:PointProjection:34197">
                  <ProjectedPointRef ref="VTR:ScheduledStopPoint:111708" version="1"/>
                </PointProjection>
              </projections>
            </RoutePoint>
            <RoutePoint version="1" id="VTR:RoutePoint:111709">
              <projections>
                <PointProjection version="1" id="VTR:PointProjection:34198">
                  <ProjectedPointRef ref="VTR:ScheduledStopPoint:111709" version="1"/>
                </PointProjection>
              </projections>
            </RoutePoint>
            <RoutePoint version="1" id="VTR:RoutePoint:111710">
              <projections>
                <PointProjection version="1" id="VTR:PointProjection:34199">
                  <ProjectedPointRef ref="VTR:ScheduledStopPoint:111710" version="1"/>
                </PointProjection>
              </projections>
            </RoutePoint>
            <RoutePoint version="1" id="VTR:RoutePoint:111722">
              <projections>
                <PointProjection version="1" id="VTR:PointProjection:33444">
                  <ProjectedPointRef ref="VTR:ScheduledStopPoint:111722" version="1"/>
                </PointProjection>
              </projections>
            </RoutePoint>
            <RoutePoint version="1" id="VTR:RoutePoint:111723">
              <projections>
                <PointProjection version="1" id="VTR:PointProjection:33445">
                  <ProjectedPointRef ref="VTR:ScheduledStopPoint:111723" version="1"/>
                </PointProjection>
              </projections>
            </RoutePoint>
            <RoutePoint version="1" id="VTR:RoutePoint:111724">
              <projections>
                <PointProjection version="1" id="VTR:PointProjection:33446">
                  <ProjectedPointRef ref="VTR:ScheduledStopPoint:111724" version="1"/>
                </PointProjection>
              </projections>
            </RoutePoint>
            <RoutePoint version="1" id="VTR:RoutePoint:111725">
              <projections>
                <PointProjection version="1" id="VTR:PointProjection:33447">
                  <ProjectedPointRef ref="VTR:ScheduledStopPoint:111725" version="1"/>
                </PointProjection>
              </projections>
            </RoutePoint>
            <RoutePoint version="1" id="VTR:RoutePoint:111726">
              <projections>
                <PointProjection version="1" id="VTR:PointProjection:34200">
                  <ProjectedPointRef ref="VTR:ScheduledStopPoint:111726" version="1"/>
                </PointProjection>
              </projections>
            </RoutePoint>
            <RoutePoint version="1" id="VTR:RoutePoint:111727">
              <projections>
                <PointProjection version="1" id="VTR:PointProjection:34201">
                  <ProjectedPointRef ref="VTR:ScheduledStopPoint:111727" version="1"/>
                </PointProjection>
              </projections>
            </RoutePoint>
            <RoutePoint version="1" id="VTR:RoutePoint:111758">
              <projections>
                <PointProjection version="1" id="VTR:PointProjection:33453">
                  <ProjectedPointRef ref="VTR:ScheduledStopPoint:111758" version="1"/>
                </PointProjection>
              </projections>
            </RoutePoint>
            <RoutePoint version="1" id="VTR:RoutePoint:111759">
              <projections>
                <PointProjection version="1" id="VTR:PointProjection:33454">
                  <ProjectedPointRef ref="VTR:ScheduledStopPoint:111759" version="1"/>
                </PointProjection>
              </projections>
            </RoutePoint>
            <RoutePoint version="1" id="VTR:RoutePoint:111760">
              <projections>
                <PointProjection version="1" id="VTR:PointProjection:33455">
                  <ProjectedPointRef ref="VTR:ScheduledStopPoint:111760" version="1"/>
                </PointProjection>
              </projections>
            </RoutePoint>
            <RoutePoint version="1" id="VTR:RoutePoint:111761">
              <projections>
                <PointProjection version="1" id="VTR:PointProjection:33456">
                  <ProjectedPointRef ref="VTR:ScheduledStopPoint:111761" version="1"/>
                </PointProjection>
              </projections>
            </RoutePoint>
            <RoutePoint version="1" id="VTR:RoutePoint:111762">
              <projections>
                <PointProjection version="1" id="VTR:PointProjection:33457">
                  <ProjectedPointRef ref="VTR:ScheduledStopPoint:111762" version="1"/>
                </PointProjection>
              </projections>
            </RoutePoint>
            <RoutePoint version="1" id="VTR:RoutePoint:111763">
              <projections>
                <PointProjection version="1" id="VTR:PointProjection:33458">
                  <ProjectedPointRef ref="VTR:ScheduledStopPoint:111763" version="1"/>
                </PointProjection>
              </projections>
            </RoutePoint>
            <RoutePoint version="1" id="VTR:RoutePoint:111764">
              <projections>
                <PointProjection version="1" id="VTR:PointProjection:33459">
                  <ProjectedPointRef ref="VTR:ScheduledStopPoint:111764" version="1"/>
                </PointProjection>
              </projections>
            </RoutePoint>
            <RoutePoint version="1" id="VTR:RoutePoint:111765">
              <projections>
                <PointProjection version="1" id="VTR:PointProjection:33460">
                  <ProjectedPointRef ref="VTR:ScheduledStopPoint:111765" version="1"/>
                </PointProjection>
              </projections>
            </RoutePoint>
            <RoutePoint version="1" id="VTR:RoutePoint:111766">
              <projections>
                <PointProjection version="1" id="VTR:PointProjection:33492">
                  <ProjectedPointRef ref="VTR:ScheduledStopPoint:111766" version="1"/>
                </PointProjection>
              </projections>
            </RoutePoint>
            <RoutePoint version="1" id="VTR:RoutePoint:111767">
              <projections>
                <PointProjection version="1" id="VTR:PointProjection:33493">
                  <ProjectedPointRef ref="VTR:ScheduledStopPoint:111767" version="1"/>
                </PointProjection>
              </projections>
            </RoutePoint>
            <RoutePoint version="1" id="VTR:RoutePoint:111768">
              <projections>
                <PointProjection version="1" id="VTR:PointProjection:33494">
                  <ProjectedPointRef ref="VTR:ScheduledStopPoint:111768" version="1"/>
                </PointProjection>
              </projections>
            </RoutePoint>
            <RoutePoint version="1" id="VTR:RoutePoint:111769">
              <projections>
                <PointProjection version="1" id="VTR:PointProjection:33495">
                  <ProjectedPointRef ref="VTR:ScheduledStopPoint:111769" version="1"/>
                </PointProjection>
              </projections>
            </RoutePoint>
          </routePoints>
          <routes>
            <Route version="1" id="VTR:Route:6666">
              <Name>Mažeikių 13 d. - Masčio mikr.</Name>
              <ShortName>Mažeikių 13 d. - Masčio mikr.</ShortName>
              <LineRef ref="VTR:Line:2599" version="2653"/>
              <DirectionType>outbound</DirectionType>
              <pointsInSequence>
                <PointOnRoute version="1" id="VTR:PointOnRoute:111722" order="1">
                  <RoutePointRef ref="VTR:RoutePoint:111722"/>
                </PointOnRoute>
                <PointOnRoute version="1" id="VTR:PointOnRoute:111723" order="2">
                  <RoutePointRef ref="VTR:RoutePoint:111723"/>
                </PointOnRoute>
                <PointOnRoute version="1" id="VTR:PointOnRoute:111724" order="3">
                  <RoutePointRef ref="VTR:RoutePoint:111724"/>
                </PointOnRoute>
                <PointOnRoute version="1" id="VTR:PointOnRoute:111726" order="4">
                  <RoutePointRef ref="VTR:RoutePoint:111726"/>
                </PointOnRoute>
                <PointOnRoute version="1" id="VTR:PointOnRoute:111727" order="5">
                  <RoutePointRef ref="VTR:RoutePoint:111727"/>
                </PointOnRoute>
                <PointOnRoute version="1" id="VTR:PointOnRoute:111725" order="6">
                  <RoutePointRef ref="VTR:RoutePoint:111725"/>
                </PointOnRoute>
              </pointsInSequence>
            </Route>
            <Route version="1" id="VTR:Route:6665">
              <Name>UAB "Lestema"- Masčio mikr.</Name>
              <ShortName>UAB "Lestema"- Masčio mikr.</ShortName>
              <LineRef ref="VTR:Line:2599" version="2653"/>
              <DirectionType>outbound</DirectionType>
              <pointsInSequence>
                <PointOnRoute version="1" id="VTR:PointOnRoute:111700" order="1">
                  <RoutePointRef ref="VTR:RoutePoint:111700"/>
                </PointOnRoute>
                <PointOnRoute version="1" id="VTR:PointOnRoute:111701" order="2">
                  <RoutePointRef ref="VTR:RoutePoint:111701"/>
                </PointOnRoute>
                <PointOnRoute version="1" id="VTR:PointOnRoute:111702" order="3">
                  <RoutePointRef ref="VTR:RoutePoint:111702"/>
                </PointOnRoute>
                <PointOnRoute version="1" id="VTR:PointOnRoute:111703" order="4">
                  <RoutePointRef ref="VTR:RoutePoint:111703"/>
                </PointOnRoute>
                <PointOnRoute version="1" id="VTR:PointOnRoute:111704" order="5">
                  <RoutePointRef ref="VTR:RoutePoint:111704"/>
                </PointOnRoute>
                <PointOnRoute version="1" id="VTR:PointOnRoute:111705" order="6">
                  <RoutePointRef ref="VTR:RoutePoint:111705"/>
                </PointOnRoute>
                <PointOnRoute version="1" id="VTR:PointOnRoute:111706" order="7">
                  <RoutePointRef ref="VTR:RoutePoint:111706"/>
                </PointOnRoute>
                <PointOnRoute version="1" id="VTR:PointOnRoute:111707" order="8">
                  <RoutePointRef ref="VTR:RoutePoint:111707"/>
                </PointOnRoute>
                <PointOnRoute version="1" id="VTR:PointOnRoute:111708" order="9">
                  <RoutePointRef ref="VTR:RoutePoint:111708"/>
                </PointOnRoute>
                <PointOnRoute version="1" id="VTR:PointOnRoute:111709" order="10">
                  <RoutePointRef ref="VTR:RoutePoint:111709"/>
                </PointOnRoute>
                <PointOnRoute version="1" id="VTR:PointOnRoute:111710" order="11">
                  <RoutePointRef ref="VTR:RoutePoint:111710"/>
                </PointOnRoute>
              </pointsInSequence>
            </Route>
            <Route version="1" id="VTR:Route:6668">
              <Name>Masčio mikr.  - Mažeikių 13 d.</Name>
              <ShortName>Masčio mikr.  - Mažeikių 13 d.</ShortName>
              <LineRef ref="VTR:Line:2599" version="2653"/>
              <DirectionType>inbound</DirectionType>
              <pointsInSequence>
                <PointOnRoute version="1" id="VTR:PointOnRoute:111758" order="1">
                  <RoutePointRef ref="VTR:RoutePoint:111758"/>
                </PointOnRoute>
                <PointOnRoute version="1" id="VTR:PointOnRoute:111759" order="2">
                  <RoutePointRef ref="VTR:RoutePoint:111759"/>
                </PointOnRoute>
                <PointOnRoute version="1" id="VTR:PointOnRoute:111760" order="3">
                  <RoutePointRef ref="VTR:RoutePoint:111760"/>
                </PointOnRoute>
                <PointOnRoute version="1" id="VTR:PointOnRoute:111761" order="4">
                  <RoutePointRef ref="VTR:RoutePoint:111761"/>
                </PointOnRoute>
                <PointOnRoute version="1" id="VTR:PointOnRoute:111762" order="5">
                  <RoutePointRef ref="VTR:RoutePoint:111762"/>
                </PointOnRoute>
                <PointOnRoute version="1" id="VTR:PointOnRoute:111763" order="6">
                  <RoutePointRef ref="VTR:RoutePoint:111763"/>
                </PointOnRoute>
                <PointOnRoute version="1" id="VTR:PointOnRoute:111764" order="7">
                  <RoutePointRef ref="VTR:RoutePoint:111764"/>
                </PointOnRoute>
                <PointOnRoute version="1" id="VTR:PointOnRoute:111765" order="8">
                  <RoutePointRef ref="VTR:RoutePoint:111765"/>
                </PointOnRoute>
                <PointOnRoute version="1" id="VTR:PointOnRoute:111766" order="9">
                  <RoutePointRef ref="VTR:RoutePoint:111766"/>
                </PointOnRoute>
                <PointOnRoute version="1" id="VTR:PointOnRoute:111767" order="10">
                  <RoutePointRef ref="VTR:RoutePoint:111767"/>
                </PointOnRoute>
                <PointOnRoute version="1" id="VTR:PointOnRoute:111768" order="11">
                  <RoutePointRef ref="VTR:RoutePoint:111768"/>
                </PointOnRoute>
                <PointOnRoute version="1" id="VTR:PointOnRoute:111769" order="12">
                  <RoutePointRef ref="VTR:RoutePoint:111769"/>
                </PointOnRoute>
              </pointsInSequence>
            </Route>
          </routes>
          <lines>
            <Line version="2653" id="VTR:Line:2599">
              <Name>UAB "Lestema"- Masčio mikr.</Name>
              <TransportMode>bus</TransportMode>
              <TransportSubmode>
                <BusSubmode>localBus</BusSubmode>
              </TransportSubmode>
              <PublicCode>5</PublicCode>
              <OperatorRef ref="VTR:Operator:31"/>
            </Line>
          </lines>
          <scheduledStopPoints>
            <ScheduledStopPoint version="1" id="VTR:ScheduledStopPoint:111700">
              <Name>Mažeikių g.</Name>
            </ScheduledStopPoint>
            <ScheduledStopPoint version="1" id="VTR:ScheduledStopPoint:111701">
              <Name>UAB "Lestema"</Name>
            </ScheduledStopPoint>
            <ScheduledStopPoint version="1" id="VTR:ScheduledStopPoint:111702">
              <Name>"Žemaitijos pienas"</Name>
            </ScheduledStopPoint>
            <ScheduledStopPoint version="1" id="VTR:ScheduledStopPoint:111703">
              <Name>Džiugo mokykla</Name>
            </ScheduledStopPoint>
            <ScheduledStopPoint version="1" id="VTR:ScheduledStopPoint:111704">
              <Name>Germanto mokykla</Name>
            </ScheduledStopPoint>
            <ScheduledStopPoint version="1" id="VTR:ScheduledStopPoint:111705">
              <Name>Autobusų stotis</Name>
            </ScheduledStopPoint>
            <ScheduledStopPoint version="1" id="VTR:ScheduledStopPoint:111706">
              <Name>Žemaitės dramos tetras</Name>
            </ScheduledStopPoint>
            <ScheduledStopPoint version="1" id="VTR:ScheduledStopPoint:111707">
              <Name>Tulpė</Name>
            </ScheduledStopPoint>
            <ScheduledStopPoint version="1" id="VTR:ScheduledStopPoint:111708">
              <Name>Malūnas</Name>
            </ScheduledStopPoint>
            <ScheduledStopPoint version="1" id="VTR:ScheduledStopPoint:111709">
              <Name>Masčio g.</Name>
            </ScheduledStopPoint>
            <ScheduledStopPoint version="1" id="VTR:ScheduledStopPoint:111710">
              <Name>Masčio g.</Name>
            </ScheduledStopPoint>
            <ScheduledStopPoint version="1" id="VTR:ScheduledStopPoint:111722">
              <Name>Mažeikių g.</Name>
            </ScheduledStopPoint>
            <ScheduledStopPoint version="1" id="VTR:ScheduledStopPoint:111723">
              <Name>UAB "Lestema"</Name>
            </ScheduledStopPoint>
            <ScheduledStopPoint version="1" id="VTR:ScheduledStopPoint:111724">
              <Name>"Žemaitijos pienas"</Name>
            </ScheduledStopPoint>
            <ScheduledStopPoint version="1" id="VTR:ScheduledStopPoint:111725">
              <Name>Masčio g.</Name>
            </ScheduledStopPoint>
            <ScheduledStopPoint version="1" id="VTR:ScheduledStopPoint:111726">
              <Name>Viešbutis</Name>
            </ScheduledStopPoint>
            <ScheduledStopPoint version="1" id="VTR:ScheduledStopPoint:111727">
              <Name>Malūnas</Name>
            </ScheduledStopPoint>
            <ScheduledStopPoint version="1" id="VTR:ScheduledStopPoint:111758">
              <Name>Masčio g.</Name>
            </ScheduledStopPoint>
            <ScheduledStopPoint version="1" id="VTR:ScheduledStopPoint:111759">
              <Name>Lygumų g.</Name>
            </ScheduledStopPoint>
            <ScheduledStopPoint version="1" id="VTR:ScheduledStopPoint:111760">
              <Name>Masčio g.__Masčio g.__</Name>
            </ScheduledStopPoint>
            <ScheduledStopPoint version="1" id="VTR:ScheduledStopPoint:111761">
              <Name>Malūnas</Name>
            </ScheduledStopPoint>
            <ScheduledStopPoint version="1" id="VTR:ScheduledStopPoint:111762">
              <Name>Tulpė</Name>
            </ScheduledStopPoint>
            <ScheduledStopPoint version="1" id="VTR:ScheduledStopPoint:111763">
              <Name>Žemaitės dramos teatras</Name>
            </ScheduledStopPoint>
            <ScheduledStopPoint version="1" id="VTR:ScheduledStopPoint:111764">
              <Name>Autobusų stotis</Name>
            </ScheduledStopPoint>
            <ScheduledStopPoint version="1" id="VTR:ScheduledStopPoint:111765">
              <Name>Telkonsa</Name>
            </ScheduledStopPoint>
            <ScheduledStopPoint version="1" id="VTR:ScheduledStopPoint:111766">
              <Name>Džiugo mokykla</Name>
            </ScheduledStopPoint>
            <ScheduledStopPoint version="1" id="VTR:ScheduledStopPoint:111767">
              <Name>"Žemaitijos pienas"</Name>
            </ScheduledStopPoint>
            <ScheduledStopPoint version="1" id="VTR:ScheduledStopPoint:111768">
              <Name>UAB "Lestema"</Name>
            </ScheduledStopPoint>
            <ScheduledStopPoint version="1" id="VTR:ScheduledStopPoint:111769">
              <Name>Mažeikių g.</Name>
            </ScheduledStopPoint>
          </scheduledStopPoints>
          <serviceLinks>
            <ServiceLink id="VTR:ServiceLink:111706_1_111707_1" version="1">
              <Distance>0</Distance>
              <FromPointRef ref="VTR:ScheduledStopPoint:111706" version="1"/>
              <ToPointRef ref="VTR:ScheduledStopPoint:111707" version="1"/>
            </ServiceLink>
            <ServiceLink id="VTR:ServiceLink:111727_1_111725_1" version="1">
              <Distance>1</Distance>
              <FromPointRef ref="VTR:ScheduledStopPoint:111727" version="1"/>
              <ToPointRef ref="VTR:ScheduledStopPoint:111725" version="1"/>
            </ServiceLink>
            <ServiceLink id="VTR:ServiceLink:111760_1_111761_1" version="1">
              <Distance>0</Distance>
              <FromPointRef ref="VTR:ScheduledStopPoint:111760" version="1"/>
              <ToPointRef ref="VTR:ScheduledStopPoint:111761" version="1"/>
            </ServiceLink>
            <ServiceLink id="VTR:ServiceLink:111761_1_111762_1" version="1">
              <Distance>0</Distance>
              <FromPointRef ref="VTR:ScheduledStopPoint:111761" version="1"/>
              <ToPointRef ref="VTR:ScheduledStopPoint:111762" version="1"/>
            </ServiceLink>
            <ServiceLink id="VTR:ServiceLink:111726_1_111727_1" version="1">
              <Distance>1</Distance>
              <FromPointRef ref="VTR:ScheduledStopPoint:111726" version="1"/>
              <ToPointRef ref="VTR:ScheduledStopPoint:111727" version="1"/>
            </ServiceLink>
            <ServiceLink id="VTR:ServiceLink:111758_1_111759_1" version="1">
              <Distance>0</Distance>
              <FromPointRef ref="VTR:ScheduledStopPoint:111758" version="1"/>
              <ToPointRef ref="VTR:ScheduledStopPoint:111759" version="1"/>
            </ServiceLink>
            <ServiceLink id="VTR:ServiceLink:111759_1_111760_1" version="1">
              <Distance>0</Distance>
              <FromPointRef ref="VTR:ScheduledStopPoint:111759" version="1"/>
              <ToPointRef ref="VTR:ScheduledStopPoint:111760" version="1"/>
            </ServiceLink>
            <ServiceLink id="VTR:ServiceLink:111768_1_111769_1" version="1">
              <Distance>0</Distance>
              <FromPointRef ref="VTR:ScheduledStopPoint:111768" version="1"/>
              <ToPointRef ref="VTR:ScheduledStopPoint:111769" version="1"/>
            </ServiceLink>
            <ServiceLink id="VTR:ServiceLink:111701_1_111702_1" version="1">
              <Distance>1</Distance>
              <FromPointRef ref="VTR:ScheduledStopPoint:111701" version="1"/>
              <ToPointRef ref="VTR:ScheduledStopPoint:111702" version="1"/>
            </ServiceLink>
            <ServiceLink id="VTR:ServiceLink:111765_1_111766_1" version="1">
              <Distance>0</Distance>
              <FromPointRef ref="VTR:ScheduledStopPoint:111765" version="1"/>
              <ToPointRef ref="VTR:ScheduledStopPoint:111766" version="1"/>
            </ServiceLink>
            <ServiceLink id="VTR:ServiceLink:111702_1_111703_1" version="1">
              <Distance>0</Distance>
              <FromPointRef ref="VTR:ScheduledStopPoint:111702" version="1"/>
              <ToPointRef ref="VTR:ScheduledStopPoint:111703" version="1"/>
            </ServiceLink>
            <ServiceLink id="VTR:ServiceLink:111700_1_111701_1" version="1">
              <Distance>0</Distance>
              <FromPointRef ref="VTR:ScheduledStopPoint:111700" version="1"/>
              <ToPointRef ref="VTR:ScheduledStopPoint:111701" version="1"/>
            </ServiceLink>
            <ServiceLink id="VTR:ServiceLink:111704_1_111705_1" version="1">
              <Distance>0</Distance>
              <FromPointRef ref="VTR:ScheduledStopPoint:111704" version="1"/>
              <ToPointRef ref="VTR:ScheduledStopPoint:111705" version="1"/>
            </ServiceLink>
            <ServiceLink id="VTR:ServiceLink:111766_1_111767_1" version="1">
              <Distance>0</Distance>
              <FromPointRef ref="VTR:ScheduledStopPoint:111766" version="1"/>
              <ToPointRef ref="VTR:ScheduledStopPoint:111767" version="1"/>
            </ServiceLink>
            <ServiceLink id="VTR:ServiceLink:111708_1_111709_1" version="1">
              <Distance>0</Distance>
              <FromPointRef ref="VTR:ScheduledStopPoint:111708" version="1"/>
              <ToPointRef ref="VTR:ScheduledStopPoint:111709" version="1"/>
            </ServiceLink>
            <ServiceLink id="VTR:ServiceLink:111709_1_111710_1" version="1">
              <Distance>0</Distance>
              <FromPointRef ref="VTR:ScheduledStopPoint:111709" version="1"/>
              <ToPointRef ref="VTR:ScheduledStopPoint:111710" version="1"/>
            </ServiceLink>
            <ServiceLink id="VTR:ServiceLink:111763_1_111764_1" version="1">
              <Distance>0</Distance>
              <FromPointRef ref="VTR:ScheduledStopPoint:111763" version="1"/>
              <ToPointRef ref="VTR:ScheduledStopPoint:111764" version="1"/>
            </ServiceLink>
            <ServiceLink id="VTR:ServiceLink:111723_1_111724_1" version="1">
              <Distance>1</Distance>
              <FromPointRef ref="VTR:ScheduledStopPoint:111723" version="1"/>
              <ToPointRef ref="VTR:ScheduledStopPoint:111724" version="1"/>
            </ServiceLink>
            <ServiceLink id="VTR:ServiceLink:111764_1_111765_1" version="1">
              <Distance>0</Distance>
              <FromPointRef ref="VTR:ScheduledStopPoint:111764" version="1"/>
              <ToPointRef ref="VTR:ScheduledStopPoint:111765" version="1"/>
            </ServiceLink>
            <ServiceLink id="VTR:ServiceLink:111722_1_111723_1" version="1">
              <Distance>0</Distance>
              <FromPointRef ref="VTR:ScheduledStopPoint:111722" version="1"/>
              <ToPointRef ref="VTR:ScheduledStopPoint:111723" version="1"/>
            </ServiceLink>
            <ServiceLink id="VTR:ServiceLink:111707_1_111708_1" version="1">
              <Distance>0</Distance>
              <FromPointRef ref="VTR:ScheduledStopPoint:111707" version="1"/>
              <ToPointRef ref="VTR:ScheduledStopPoint:111708" version="1"/>
            </ServiceLink>
            <ServiceLink id="VTR:ServiceLink:111767_1_111768_1" version="1">
              <Distance>1</Distance>
              <FromPointRef ref="VTR:ScheduledStopPoint:111767" version="1"/>
              <ToPointRef ref="VTR:ScheduledStopPoint:111768" version="1"/>
            </ServiceLink>
            <ServiceLink id="VTR:ServiceLink:111724_1_111726_1" version="1">
              <Distance>1</Distance>
              <FromPointRef ref="VTR:ScheduledStopPoint:111724" version="1"/>
              <ToPointRef ref="VTR:ScheduledStopPoint:111726" version="1"/>
            </ServiceLink>
            <ServiceLink id="VTR:ServiceLink:111762_1_111763_1" version="1">
              <Distance>0</Distance>
              <FromPointRef ref="VTR:ScheduledStopPoint:111762" version="1"/>
              <ToPointRef ref="VTR:ScheduledStopPoint:111763" version="1"/>
            </ServiceLink>
            <ServiceLink id="VTR:ServiceLink:111705_1_111706_1" version="1">
              <Distance>0</Distance>
              <FromPointRef ref="VTR:ScheduledStopPoint:111705" version="1"/>
              <ToPointRef ref="VTR:ScheduledStopPoint:111706" version="1"/>
            </ServiceLink>
            <ServiceLink id="VTR:ServiceLink:111703_1_111704_1" version="1">
              <Distance>0</Distance>
              <FromPointRef ref="VTR:ScheduledStopPoint:111703" version="1"/>
              <ToPointRef ref="VTR:ScheduledStopPoint:111704" version="1"/>
            </ServiceLink>
          </serviceLinks>
          <stopAssignments>
            <PassengerStopAssignment order="666500000" id="VTR:PassengerStopAssignment:111700" version="1">
              <ScheduledStopPointRef ref="VTR:ScheduledStopPoint:111700" version="1"/>
              <QuayRef ref="VTR:Quay:22487"/>
            </PassengerStopAssignment>
            <PassengerStopAssignment order="666500001" id="VTR:PassengerStopAssignment:111701" version="1">
              <ScheduledStopPointRef ref="VTR:ScheduledStopPoint:111701" version="1"/>
              <QuayRef ref="VTR:Quay:22486"/>
            </PassengerStopAssignment>
            <PassengerStopAssignment order="666500002" id="VTR:PassengerStopAssignment:111702" version="1">
              <ScheduledStopPointRef ref="VTR:ScheduledStopPoint:111702" version="1"/>
              <QuayRef ref="VTR:Quay:21135"/>
            </PassengerStopAssignment>
            <PassengerStopAssignment order="666500003" id="VTR:PassengerStopAssignment:111703" version="1">
              <ScheduledStopPointRef ref="VTR:ScheduledStopPoint:111703" version="1"/>
              <QuayRef ref="VTR:Quay:21133"/>
            </PassengerStopAssignment>
            <PassengerStopAssignment order="666500004" id="VTR:PassengerStopAssignment:111704" version="1">
              <ScheduledStopPointRef ref="VTR:ScheduledStopPoint:111704" version="1"/>
              <QuayRef ref="VTR:Quay:21132"/>
            </PassengerStopAssignment>
            <PassengerStopAssignment order="666500005" id="VTR:PassengerStopAssignment:111705" version="1">
              <ScheduledStopPointRef ref="VTR:ScheduledStopPoint:111705" version="1"/>
              <QuayRef ref="VTR:Quay:21107"/>
            </PassengerStopAssignment>
            <PassengerStopAssignment order="666500006" id="VTR:PassengerStopAssignment:111706" version="1">
              <ScheduledStopPointRef ref="VTR:ScheduledStopPoint:111706" version="1"/>
              <QuayRef ref="VTR:Quay:21105"/>
            </PassengerStopAssignment>
            <PassengerStopAssignment order="666500007" id="VTR:PassengerStopAssignment:111707" version="1">
              <ScheduledStopPointRef ref="VTR:ScheduledStopPoint:111707" version="1"/>
              <QuayRef ref="VTR:Quay:21256"/>
            </PassengerStopAssignment>
            <PassengerStopAssignment order="666500008" id="VTR:PassengerStopAssignment:111708" version="1">
              <ScheduledStopPointRef ref="VTR:ScheduledStopPoint:111708" version="1"/>
              <QuayRef ref="VTR:Quay:9602"/>
            </PassengerStopAssignment>
            <PassengerStopAssignment order="666500009" id="VTR:PassengerStopAssignment:111709" version="1">
              <ScheduledStopPointRef ref="VTR:ScheduledStopPoint:111709" version="1"/>
              <QuayRef ref="VTR:Quay:22418"/>
            </PassengerStopAssignment>
            <PassengerStopAssignment order="666500010" id="VTR:PassengerStopAssignment:111710" version="1">
              <ScheduledStopPointRef ref="VTR:ScheduledStopPoint:111710" version="1"/>
              <QuayRef ref="VTR:Quay:21095"/>
            </PassengerStopAssignment>
            <PassengerStopAssignment order="666600000" id="VTR:PassengerStopAssignment:111722" version="1">
              <ScheduledStopPointRef ref="VTR:ScheduledStopPoint:111722" version="1"/>
              <QuayRef ref="VTR:Quay:22487"/>
            </PassengerStopAssignment>
            <PassengerStopAssignment order="666600001" id="VTR:PassengerStopAssignment:111723" version="1">
              <ScheduledStopPointRef ref="VTR:ScheduledStopPoint:111723" version="1"/>
              <QuayRef ref="VTR:Quay:22486"/>
            </PassengerStopAssignment>
            <PassengerStopAssignment order="666600002" id="VTR:PassengerStopAssignment:111724" version="1">
              <ScheduledStopPointRef ref="VTR:ScheduledStopPoint:111724" version="1"/>
              <QuayRef ref="VTR:Quay:21135"/>
            </PassengerStopAssignment>
            <PassengerStopAssignment order="666600003" id="VTR:PassengerStopAssignment:111726" version="1">
              <ScheduledStopPointRef ref="VTR:ScheduledStopPoint:111726" version="1"/>
              <QuayRef ref="VTR:Quay:21104"/>
            </PassengerStopAssignment>
            <PassengerStopAssignment order="666600004" id="VTR:PassengerStopAssignment:111727" version="1">
              <ScheduledStopPointRef ref="VTR:ScheduledStopPoint:111727" version="1"/>
              <QuayRef ref="VTR:Quay:9602"/>
            </PassengerStopAssignment>
            <PassengerStopAssignment order="666600005" id="VTR:PassengerStopAssignment:111725" version="1">
              <ScheduledStopPointRef ref="VTR:ScheduledStopPoint:111725" version="1"/>
              <QuayRef ref="VTR:Quay:21095"/>
            </PassengerStopAssignment>
            <PassengerStopAssignment order="666800000" id="VTR:PassengerStopAssignment:111758" version="1">
              <ScheduledStopPointRef ref="VTR:ScheduledStopPoint:111758" version="1"/>
              <QuayRef ref="VTR:Quay:21095"/>
            </PassengerStopAssignment>
            <PassengerStopAssignment order="666800001" id="VTR:PassengerStopAssignment:111759" version="1">
              <ScheduledStopPointRef ref="VTR:ScheduledStopPoint:111759" version="1"/>
              <QuayRef ref="VTR:Quay:8688"/>
            </PassengerStopAssignment>
            <PassengerStopAssignment order="666800002" id="VTR:PassengerStopAssignment:111760" version="1">
              <ScheduledStopPointRef ref="VTR:ScheduledStopPoint:111760" version="1"/>
              <QuayRef ref="VTR:Quay:16597"/>
            </PassengerStopAssignment>
            <PassengerStopAssignment order="666800003" id="VTR:PassengerStopAssignment:111761" version="1">
              <ScheduledStopPointRef ref="VTR:ScheduledStopPoint:111761" version="1"/>
              <QuayRef ref="VTR:Quay:14683"/>
            </PassengerStopAssignment>
            <PassengerStopAssignment order="666800004" id="VTR:PassengerStopAssignment:111762" version="1">
              <ScheduledStopPointRef ref="VTR:ScheduledStopPoint:111762" version="1"/>
              <QuayRef ref="VTR:Quay:21257"/>
            </PassengerStopAssignment>
            <PassengerStopAssignment order="666800005" id="VTR:PassengerStopAssignment:111763" version="1">
              <ScheduledStopPointRef ref="VTR:ScheduledStopPoint:111763" version="1"/>
              <QuayRef ref="VTR:Quay:21106"/>
            </PassengerStopAssignment>
            <PassengerStopAssignment order="666800006" id="VTR:PassengerStopAssignment:111764" version="1">
              <ScheduledStopPointRef ref="VTR:ScheduledStopPoint:111764" version="1"/>
              <QuayRef ref="VTR:Quay:21108"/>
            </PassengerStopAssignment>
            <PassengerStopAssignment order="666800007" id="VTR:PassengerStopAssignment:111765" version="1">
              <ScheduledStopPointRef ref="VTR:ScheduledStopPoint:111765" version="1"/>
              <QuayRef ref="VTR:Quay:22488"/>
            </PassengerStopAssignment>
            <PassengerStopAssignment order="666800008" id="VTR:PassengerStopAssignment:111766" version="1">
              <ScheduledStopPointRef ref="VTR:ScheduledStopPoint:111766" version="1"/>
              <QuayRef ref="VTR:Quay:21134"/>
            </PassengerStopAssignment>
            <PassengerStopAssignment order="666800009" id="VTR:PassengerStopAssignment:111767" version="1">
              <ScheduledStopPointRef ref="VTR:ScheduledStopPoint:111767" version="1"/>
              <QuayRef ref="VTR:Quay:21136"/>
            </PassengerStopAssignment>
            <PassengerStopAssignment order="666800010" id="VTR:PassengerStopAssignment:111768" version="1">
              <ScheduledStopPointRef ref="VTR:ScheduledStopPoint:111768" version="1"/>
              <QuayRef ref="VTR:Quay:22486"/>
            </PassengerStopAssignment>
            <PassengerStopAssignment order="666800011" id="VTR:PassengerStopAssignment:111769" version="1">
              <ScheduledStopPointRef ref="VTR:ScheduledStopPoint:111769" version="1"/>
              <QuayRef ref="VTR:Quay:22487"/>
            </PassengerStopAssignment>
          </stopAssignments>
          <journeyPatterns>
            <JourneyPattern id="VTR:JourneyPattern:55061" version="55097">
              <Name>5</Name>
              <RouteRef ref="VTR:Route:6668" version="1"/>
              <pointsInSequence>
                <StopPointInJourneyPattern id="VTR:StopPointInJourneyPattern:1122045" version="55097" order="1">
                  <ScheduledStopPointRef ref="VTR:ScheduledStopPoint:111758"/>
                  <DestinationDisplayRef ref="VTR:DestinationDisplay:1"/>
                </StopPointInJourneyPattern>
                <StopPointInJourneyPattern id="VTR:StopPointInJourneyPattern:1122046" version="55097" order="2">
                  <ScheduledStopPointRef ref="VTR:ScheduledStopPoint:111759"/>
                  <DestinationDisplayRef ref="VTR:DestinationDisplay:1"/>
                </StopPointInJourneyPattern>
                <StopPointInJourneyPattern id="VTR:StopPointInJourneyPattern:1122047" version="55097" order="3">
                  <ScheduledStopPointRef ref="VTR:ScheduledStopPoint:111760"/>
                  <DestinationDisplayRef ref="VTR:DestinationDisplay:1"/>
                </StopPointInJourneyPattern>
                <StopPointInJourneyPattern id="VTR:StopPointInJourneyPattern:1122048" version="55097" order="4">
                  <ScheduledStopPointRef ref="VTR:ScheduledStopPoint:111761"/>
                  <DestinationDisplayRef ref="VTR:DestinationDisplay:1"/>
                </StopPointInJourneyPattern>
                <StopPointInJourneyPattern id="VTR:StopPointInJourneyPattern:1122049" version="55097" order="5">
                  <ScheduledStopPointRef ref="VTR:ScheduledStopPoint:111762"/>
                  <DestinationDisplayRef ref="VTR:DestinationDisplay:1"/>
                </StopPointInJourneyPattern>
                <StopPointInJourneyPattern id="VTR:StopPointInJourneyPattern:1122050" version="55097" order="6">
                  <ScheduledStopPointRef ref="VTR:ScheduledStopPoint:111763"/>
                  <DestinationDisplayRef ref="VTR:DestinationDisplay:1"/>
                </StopPointInJourneyPattern>
                <StopPointInJourneyPattern id="VTR:StopPointInJourneyPattern:1122051" version="55097" order="7">
                  <ScheduledStopPointRef ref="VTR:ScheduledStopPoint:111764"/>
                  <DestinationDisplayRef ref="VTR:DestinationDisplay:1"/>
                </StopPointInJourneyPattern>
                <StopPointInJourneyPattern id="VTR:StopPointInJourneyPattern:1122052" version="55097" order="8">
                  <ScheduledStopPointRef ref="VTR:ScheduledStopPoint:111765"/>
                  <DestinationDisplayRef ref="VTR:DestinationDisplay:1"/>
                </StopPointInJourneyPattern>
                <StopPointInJourneyPattern id="VTR:StopPointInJourneyPattern:1122053" version="55097" order="9">
                  <ScheduledStopPointRef ref="VTR:ScheduledStopPoint:111766"/>
                  <DestinationDisplayRef ref="VTR:DestinationDisplay:1"/>
                </StopPointInJourneyPattern>
                <StopPointInJourneyPattern id="VTR:StopPointInJourneyPattern:1122054" version="55097" order="10">
                  <ScheduledStopPointRef ref="VTR:ScheduledStopPoint:111767"/>
                  <DestinationDisplayRef ref="VTR:DestinationDisplay:1"/>
                </StopPointInJourneyPattern>
                <StopPointInJourneyPattern id="VTR:StopPointInJourneyPattern:1122055" version="55097" order="11">
                  <ScheduledStopPointRef ref="VTR:ScheduledStopPoint:111768"/>
                  <DestinationDisplayRef ref="VTR:DestinationDisplay:1"/>
                </StopPointInJourneyPattern>
              </pointsInSequence>
            </JourneyPattern>
            <JourneyPattern id="VTR:JourneyPattern:55056" version="55092">
              <Name>3</Name>
              <RouteRef ref="VTR:Route:6665" version="1"/>
              <pointsInSequence>
                <StopPointInJourneyPattern id="VTR:StopPointInJourneyPattern:1121969" version="55092" order="2">
                  <ScheduledStopPointRef ref="VTR:ScheduledStopPoint:111701"/>
                  <ForAlighting>false</ForAlighting>
                  <DestinationDisplayRef ref="VTR:DestinationDisplay:1"/>
                </StopPointInJourneyPattern>
                <StopPointInJourneyPattern id="VTR:StopPointInJourneyPattern:1121970" version="55092" order="3">
                  <ScheduledStopPointRef ref="VTR:ScheduledStopPoint:111702"/>
                  <DestinationDisplayRef ref="VTR:DestinationDisplay:1"/>
                </StopPointInJourneyPattern>
                <StopPointInJourneyPattern id="VTR:StopPointInJourneyPattern:1121971" version="55092" order="4">
                  <ScheduledStopPointRef ref="VTR:ScheduledStopPoint:111703"/>
                  <DestinationDisplayRef ref="VTR:DestinationDisplay:1"/>
                </StopPointInJourneyPattern>
                <StopPointInJourneyPattern id="VTR:StopPointInJourneyPattern:1121972" version="55092" order="5">
                  <ScheduledStopPointRef ref="VTR:ScheduledStopPoint:111704"/>
                  <DestinationDisplayRef ref="VTR:DestinationDisplay:1"/>
                </StopPointInJourneyPattern>
                <StopPointInJourneyPattern id="VTR:StopPointInJourneyPattern:1121973" version="55092" order="6">
                  <ScheduledStopPointRef ref="VTR:ScheduledStopPoint:111705"/>
                  <DestinationDisplayRef ref="VTR:DestinationDisplay:1"/>
                </StopPointInJourneyPattern>
                <StopPointInJourneyPattern id="VTR:StopPointInJourneyPattern:1121974" version="55092" order="7">
                  <ScheduledStopPointRef ref="VTR:ScheduledStopPoint:111706"/>
                  <DestinationDisplayRef ref="VTR:DestinationDisplay:1"/>
                </StopPointInJourneyPattern>
                <StopPointInJourneyPattern id="VTR:StopPointInJourneyPattern:1121975" version="55092" order="8">
                  <ScheduledStopPointRef ref="VTR:ScheduledStopPoint:111707"/>
                  <DestinationDisplayRef ref="VTR:DestinationDisplay:1"/>
                </StopPointInJourneyPattern>
                <StopPointInJourneyPattern id="VTR:StopPointInJourneyPattern:1121976" version="55092" order="9">
                  <ScheduledStopPointRef ref="VTR:ScheduledStopPoint:111708"/>
                  <DestinationDisplayRef ref="VTR:DestinationDisplay:1"/>
                </StopPointInJourneyPattern>
                <StopPointInJourneyPattern id="VTR:StopPointInJourneyPattern:1121977" version="55092" order="10">
                  <ScheduledStopPointRef ref="VTR:ScheduledStopPoint:111709"/>
                  <DestinationDisplayRef ref="VTR:DestinationDisplay:1"/>
                </StopPointInJourneyPattern>
                <StopPointInJourneyPattern id="VTR:StopPointInJourneyPattern:1121978" version="55092" order="11">
                  <ScheduledStopPointRef ref="VTR:ScheduledStopPoint:111710"/>
                  <ForBoarding>false</ForBoarding>
                  <DestinationDisplayRef ref="VTR:DestinationDisplay:1"/>
                </StopPointInJourneyPattern>
              </pointsInSequence>
            </JourneyPattern>
            <JourneyPattern id="VTR:JourneyPattern:55054" version="55090">
              <Name>2</Name>
              <RouteRef ref="VTR:Route:6665" version="1"/>
              <pointsInSequence>
                <StopPointInJourneyPattern id="VTR:StopPointInJourneyPattern:1121946" version="55090" order="1">
                  <ScheduledStopPointRef ref="VTR:ScheduledStopPoint:111700"/>
                  <ForAlighting>false</ForAlighting>
                  <DestinationDisplayRef ref="VTR:DestinationDisplay:1"/>
                </StopPointInJourneyPattern>
                <StopPointInJourneyPattern id="VTR:StopPointInJourneyPattern:1121947" version="55090" order="2">
                  <ScheduledStopPointRef ref="VTR:ScheduledStopPoint:111701"/>
                  <DestinationDisplayRef ref="VTR:DestinationDisplay:1"/>
                </StopPointInJourneyPattern>
                <StopPointInJourneyPattern id="VTR:StopPointInJourneyPattern:1121948" version="55090" order="3">
                  <ScheduledStopPointRef ref="VTR:ScheduledStopPoint:111702"/>
                  <DestinationDisplayRef ref="VTR:DestinationDisplay:1"/>
                </StopPointInJourneyPattern>
                <StopPointInJourneyPattern id="VTR:StopPointInJourneyPattern:1121949" version="55090" order="4">
                  <ScheduledStopPointRef ref="VTR:ScheduledStopPoint:111703"/>
                  <DestinationDisplayRef ref="VTR:DestinationDisplay:1"/>
                </StopPointInJourneyPattern>
                <StopPointInJourneyPattern id="VTR:StopPointInJourneyPattern:1121950" version="55090" order="5">
                  <ScheduledStopPointRef ref="VTR:ScheduledStopPoint:111704"/>
                  <DestinationDisplayRef ref="VTR:DestinationDisplay:1"/>
                </StopPointInJourneyPattern>
                <StopPointInJourneyPattern id="VTR:StopPointInJourneyPattern:1121951" version="55090" order="6">
                  <ScheduledStopPointRef ref="VTR:ScheduledStopPoint:111705"/>
                  <DestinationDisplayRef ref="VTR:DestinationDisplay:1"/>
                </StopPointInJourneyPattern>
                <StopPointInJourneyPattern id="VTR:StopPointInJourneyPattern:1121952" version="55090" order="7">
                  <ScheduledStopPointRef ref="VTR:ScheduledStopPoint:111706"/>
                  <DestinationDisplayRef ref="VTR:DestinationDisplay:1"/>
                </StopPointInJourneyPattern>
                <StopPointInJourneyPattern id="VTR:StopPointInJourneyPattern:1121953" version="55090" order="8">
                  <ScheduledStopPointRef ref="VTR:ScheduledStopPoint:111707"/>
                  <DestinationDisplayRef ref="VTR:DestinationDisplay:1"/>
                </StopPointInJourneyPattern>
                <StopPointInJourneyPattern id="VTR:StopPointInJourneyPattern:1121954" version="55090" order="9">
                  <ScheduledStopPointRef ref="VTR:ScheduledStopPoint:111708"/>
                  <DestinationDisplayRef ref="VTR:DestinationDisplay:1"/>
                </StopPointInJourneyPattern>
                <StopPointInJourneyPattern id="VTR:StopPointInJourneyPattern:1121955" version="55090" order="10">
                  <ScheduledStopPointRef ref="VTR:ScheduledStopPoint:111709"/>
                  <DestinationDisplayRef ref="VTR:DestinationDisplay:1"/>
                </StopPointInJourneyPattern>
                <StopPointInJourneyPattern id="VTR:StopPointInJourneyPattern:1121956" version="55090" order="11">
                  <ScheduledStopPointRef ref="VTR:ScheduledStopPoint:111710"/>
                  <DestinationDisplayRef ref="VTR:DestinationDisplay:1"/>
                </StopPointInJourneyPattern>
              </pointsInSequence>
            </JourneyPattern>
            <JourneyPattern id="VTR:JourneyPattern:55052" version="55088">
              <Name>1</Name>
              <RouteRef ref="VTR:Route:6666" version="1"/>
              <pointsInSequence>
                <StopPointInJourneyPattern id="VTR:StopPointInJourneyPattern:1121929" version="55088" order="1">
                  <ScheduledStopPointRef ref="VTR:ScheduledStopPoint:111722"/>
                  <ForAlighting>false</ForAlighting>
                  <DestinationDisplayRef ref="VTR:DestinationDisplay:1"/>
                </StopPointInJourneyPattern>
                <StopPointInJourneyPattern id="VTR:StopPointInJourneyPattern:1121930" version="55088" order="2">
                  <ScheduledStopPointRef ref="VTR:ScheduledStopPoint:111723"/>
                  <DestinationDisplayRef ref="VTR:DestinationDisplay:1"/>
                </StopPointInJourneyPattern>
                <StopPointInJourneyPattern id="VTR:StopPointInJourneyPattern:1121931" version="55088" order="3">
                  <ScheduledStopPointRef ref="VTR:ScheduledStopPoint:111724"/>
                  <DestinationDisplayRef ref="VTR:DestinationDisplay:1"/>
                </StopPointInJourneyPattern>
                <StopPointInJourneyPattern id="VTR:StopPointInJourneyPattern:1121932" version="55088" order="4">
                  <ScheduledStopPointRef ref="VTR:ScheduledStopPoint:111726"/>
                  <DestinationDisplayRef ref="VTR:DestinationDisplay:1"/>
                </StopPointInJourneyPattern>
                <StopPointInJourneyPattern id="VTR:StopPointInJourneyPattern:1121933" version="55088" order="5">
                  <ScheduledStopPointRef ref="VTR:ScheduledStopPoint:111727"/>
                  <DestinationDisplayRef ref="VTR:DestinationDisplay:1"/>
                </StopPointInJourneyPattern>
                <StopPointInJourneyPattern id="VTR:StopPointInJourneyPattern:1121934" version="55088" order="6">
                  <ScheduledStopPointRef ref="VTR:ScheduledStopPoint:111725"/>
                  <DestinationDisplayRef ref="VTR:DestinationDisplay:1"/>
                </StopPointInJourneyPattern>
              </pointsInSequence>
            </JourneyPattern>
            <JourneyPattern id="VTR:JourneyPattern:55059" version="55095">
              <Name>4</Name>
              <RouteRef ref="VTR:Route:6668" version="1"/>
              <pointsInSequence>
                <StopPointInJourneyPattern id="VTR:StopPointInJourneyPattern:1121999" version="55095" order="1">
                  <ScheduledStopPointRef ref="VTR:ScheduledStopPoint:111758"/>
                  <DestinationDisplayRef ref="VTR:DestinationDisplay:1"/>
                </StopPointInJourneyPattern>
                <StopPointInJourneyPattern id="VTR:StopPointInJourneyPattern:1122000" version="55095" order="2">
                  <ScheduledStopPointRef ref="VTR:ScheduledStopPoint:111759"/>
                  <DestinationDisplayRef ref="VTR:DestinationDisplay:1"/>
                </StopPointInJourneyPattern>
                <StopPointInJourneyPattern id="VTR:StopPointInJourneyPattern:1122001" version="55095" order="3">
                  <ScheduledStopPointRef ref="VTR:ScheduledStopPoint:111760"/>
                  <DestinationDisplayRef ref="VTR:DestinationDisplay:1"/>
                </StopPointInJourneyPattern>
                <StopPointInJourneyPattern id="VTR:StopPointInJourneyPattern:1122002" version="55095" order="4">
                  <ScheduledStopPointRef ref="VTR:ScheduledStopPoint:111761"/>
                  <DestinationDisplayRef ref="VTR:DestinationDisplay:1"/>
                </StopPointInJourneyPattern>
                <StopPointInJourneyPattern id="VTR:StopPointInJourneyPattern:1122003" version="55095" order="5">
                  <ScheduledStopPointRef ref="VTR:ScheduledStopPoint:111762"/>
                  <DestinationDisplayRef ref="VTR:DestinationDisplay:1"/>
                </StopPointInJourneyPattern>
                <StopPointInJourneyPattern id="VTR:StopPointInJourneyPattern:1122004" version="55095" order="6">
                  <ScheduledStopPointRef ref="VTR:ScheduledStopPoint:111763"/>
                  <DestinationDisplayRef ref="VTR:DestinationDisplay:1"/>
                </StopPointInJourneyPattern>
                <StopPointInJourneyPattern id="VTR:StopPointInJourneyPattern:1122005" version="55095" order="7">
                  <ScheduledStopPointRef ref="VTR:ScheduledStopPoint:111764"/>
                  <DestinationDisplayRef ref="VTR:DestinationDisplay:1"/>
                </StopPointInJourneyPattern>
                <StopPointInJourneyPattern id="VTR:StopPointInJourneyPattern:1122006" version="55095" order="8">
                  <ScheduledStopPointRef ref="VTR:ScheduledStopPoint:111765"/>
                  <DestinationDisplayRef ref="VTR:DestinationDisplay:1"/>
                </StopPointInJourneyPattern>
                <StopPointInJourneyPattern id="VTR:StopPointInJourneyPattern:1122007" version="55095" order="9">
                  <ScheduledStopPointRef ref="VTR:ScheduledStopPoint:111766"/>
                  <DestinationDisplayRef ref="VTR:DestinationDisplay:1"/>
                </StopPointInJourneyPattern>
                <StopPointInJourneyPattern id="VTR:StopPointInJourneyPattern:1122008" version="55095" order="10">
                  <ScheduledStopPointRef ref="VTR:ScheduledStopPoint:111767"/>
                  <DestinationDisplayRef ref="VTR:DestinationDisplay:1"/>
                </StopPointInJourneyPattern>
                <StopPointInJourneyPattern id="VTR:StopPointInJourneyPattern:1122009" version="55095" order="11">
                  <ScheduledStopPointRef ref="VTR:ScheduledStopPoint:111768"/>
                  <DestinationDisplayRef ref="VTR:DestinationDisplay:1"/>
                </StopPointInJourneyPattern>
                <StopPointInJourneyPattern id="VTR:StopPointInJourneyPattern:1122010" version="55095" order="12">
                  <ScheduledStopPointRef ref="VTR:ScheduledStopPoint:111769"/>
                  <DestinationDisplayRef ref="VTR:DestinationDisplay:1"/>
                </StopPointInJourneyPattern>
              </pointsInSequence>
            </JourneyPattern>
          </journeyPatterns>
        </ServiceFrame>
        <TimetableFrame version="1" id="VTR:TimetableFrame:1399">
          <vehicleJourneys>
            <ServiceJourney version="55095" id="VTR:ServiceJourney:55059">
              <Name>Masčio mikr.  - Mažeikių 13 d.</Name>
              <PrivateCode>4</PrivateCode>
              <dayTypes>
                <DayTypeRef ref="VTR:DayType:1226"/>
              </dayTypes>
              <JourneyPatternRef version="55095" ref="VTR:JourneyPattern:55059"/>
              <OperatorRef ref="VTR:Operator:526"/>
              <LineRef ref="VTR:Line:2599" version="2653"/>
              <passingTimes>
                <TimetabledPassingTime version="55095" id="VTR:TimetabledPassingTime:55059_1121999_1">
                  <StopPointInJourneyPatternRef ref="VTR:StopPointInJourneyPattern:1121999" version="55095"/>
                  <DepartureTime>06:20:00</DepartureTime>
                  <DepartureDayOffset>0</DepartureDayOffset>
                </TimetabledPassingTime>
                <TimetabledPassingTime version="55095" id="VTR:TimetabledPassingTime:55059_1122000_2">
                  <StopPointInJourneyPatternRef ref="VTR:StopPointInJourneyPattern:1122000" version="55095"/>
                  <DepartureTime>06:22:00</DepartureTime>
                  <DepartureDayOffset>0</DepartureDayOffset>
                </TimetabledPassingTime>
                <TimetabledPassingTime version="55095" id="VTR:TimetabledPassingTime:55059_1122001_3">
                  <StopPointInJourneyPatternRef ref="VTR:StopPointInJourneyPattern:1122001" version="55095"/>
                  <DepartureTime>06:23:00</DepartureTime>
                  <DepartureDayOffset>0</DepartureDayOffset>
                </TimetabledPassingTime>
                <TimetabledPassingTime version="55095" id="VTR:TimetabledPassingTime:55059_1122002_4">
                  <StopPointInJourneyPatternRef ref="VTR:StopPointInJourneyPattern:1122002" version="55095"/>
                  <DepartureTime>06:24:00</DepartureTime>
                  <DepartureDayOffset>0</DepartureDayOffset>
                </TimetabledPassingTime>
                <TimetabledPassingTime version="55095" id="VTR:TimetabledPassingTime:55059_1122003_5">
                  <StopPointInJourneyPatternRef ref="VTR:StopPointInJourneyPattern:1122003" version="55095"/>
                  <DepartureTime>06:27:00</DepartureTime>
                  <DepartureDayOffset>0</DepartureDayOffset>
                </TimetabledPassingTime>
                <TimetabledPassingTime version="55095" id="VTR:TimetabledPassingTime:55059_1122004_6">
                  <StopPointInJourneyPatternRef ref="VTR:StopPointInJourneyPattern:1122004" version="55095"/>
                  <DepartureTime>06:29:00</DepartureTime>
                  <DepartureDayOffset>0</DepartureDayOffset>
                </TimetabledPassingTime>
                <TimetabledPassingTime version="55095" id="VTR:TimetabledPassingTime:55059_1122005_7">
                  <StopPointInJourneyPatternRef ref="VTR:StopPointInJourneyPattern:1122005" version="55095"/>
                  <DepartureTime>06:31:00</DepartureTime>
                  <DepartureDayOffset>0</DepartureDayOffset>
                </TimetabledPassingTime>
                <TimetabledPassingTime version="55095" id="VTR:TimetabledPassingTime:55059_1122006_8">
                  <StopPointInJourneyPatternRef ref="VTR:StopPointInJourneyPattern:1122006" version="55095"/>
                  <DepartureTime>06:33:00</DepartureTime>
                  <DepartureDayOffset>0</DepartureDayOffset>
                </TimetabledPassingTime>
                <TimetabledPassingTime version="55095" id="VTR:TimetabledPassingTime:55059_1122007_9">
                  <StopPointInJourneyPatternRef ref="VTR:StopPointInJourneyPattern:1122007" version="55095"/>
                  <DepartureTime>06:35:00</DepartureTime>
                  <DepartureDayOffset>0</DepartureDayOffset>
                </TimetabledPassingTime>
                <TimetabledPassingTime version="55095" id="VTR:TimetabledPassingTime:55059_1122008_10">
                  <StopPointInJourneyPatternRef ref="VTR:StopPointInJourneyPattern:1122008" version="55095"/>
                  <DepartureTime>06:40:00</DepartureTime>
                  <DepartureDayOffset>0</DepartureDayOffset>
                </TimetabledPassingTime>
                <TimetabledPassingTime version="55095" id="VTR:TimetabledPassingTime:55059_1122009_11">
                  <StopPointInJourneyPatternRef ref="VTR:StopPointInJourneyPattern:1122009" version="55095"/>
                  <DepartureTime>06:42:00</DepartureTime>
                  <DepartureDayOffset>0</DepartureDayOffset>
                </TimetabledPassingTime>
                <TimetabledPassingTime version="55095" id="VTR:TimetabledPassingTime:55059_1122010_12">
                  <StopPointInJourneyPatternRef ref="VTR:StopPointInJourneyPattern:1122010" version="55095"/>
                  <DepartureTime>06:44:00</DepartureTime>
                  <DepartureDayOffset>0</DepartureDayOffset>
                </TimetabledPassingTime>
              </passingTimes>
            </ServiceJourney>
            <ServiceJourney version="55092" id="VTR:ServiceJourney:55056">
              <Name>UAB "Lestema"- Masčio mikr.</Name>
              <PrivateCode>3</PrivateCode>
              <dayTypes>
                <DayTypeRef ref="VTR:DayType:1226"/>
              </dayTypes>
              <JourneyPatternRef version="55092" ref="VTR:JourneyPattern:55056"/>
              <OperatorRef ref="VTR:Operator:526"/>
              <LineRef ref="VTR:Line:2599" version="2653"/>
              <passingTimes>
                <TimetabledPassingTime version="55092" id="VTR:TimetabledPassingTime:55056_1121969_2">
                  <StopPointInJourneyPatternRef ref="VTR:StopPointInJourneyPattern:1121969" version="55092"/>
                  <DepartureTime>07:38:00</DepartureTime>
                  <DepartureDayOffset>0</DepartureDayOffset>
                </TimetabledPassingTime>
                <TimetabledPassingTime version="55092" id="VTR:TimetabledPassingTime:55056_1121970_3">
                  <StopPointInJourneyPatternRef ref="VTR:StopPointInJourneyPattern:1121970" version="55092"/>
                  <DepartureTime>07:44:00</DepartureTime>
                  <DepartureDayOffset>0</DepartureDayOffset>
                </TimetabledPassingTime>
                <TimetabledPassingTime version="55092" id="VTR:TimetabledPassingTime:55056_1121971_4">
                  <StopPointInJourneyPatternRef ref="VTR:StopPointInJourneyPattern:1121971" version="55092"/>
                  <DepartureTime>07:47:00</DepartureTime>
                  <DepartureDayOffset>0</DepartureDayOffset>
                </TimetabledPassingTime>
                <TimetabledPassingTime version="55092" id="VTR:TimetabledPassingTime:55056_1121972_5">
                  <StopPointInJourneyPatternRef ref="VTR:StopPointInJourneyPattern:1121972" version="55092"/>
                  <DepartureTime>07:49:00</DepartureTime>
                  <DepartureDayOffset>0</DepartureDayOffset>
                </TimetabledPassingTime>
                <TimetabledPassingTime version="55092" id="VTR:TimetabledPassingTime:55056_1121973_6">
                  <StopPointInJourneyPatternRef ref="VTR:StopPointInJourneyPattern:1121973" version="55092"/>
                  <DepartureTime>07:51:00</DepartureTime>
                  <DepartureDayOffset>0</DepartureDayOffset>
                </TimetabledPassingTime>
                <TimetabledPassingTime version="55092" id="VTR:TimetabledPassingTime:55056_1121974_7">
                  <StopPointInJourneyPatternRef ref="VTR:StopPointInJourneyPattern:1121974" version="55092"/>
                  <DepartureTime>07:53:00</DepartureTime>
                  <DepartureDayOffset>0</DepartureDayOffset>
                </TimetabledPassingTime>
                <TimetabledPassingTime version="55092" id="VTR:TimetabledPassingTime:55056_1121975_8">
                  <StopPointInJourneyPatternRef ref="VTR:StopPointInJourneyPattern:1121975" version="55092"/>
                  <DepartureTime>07:55:00</DepartureTime>
                  <DepartureDayOffset>0</DepartureDayOffset>
                </TimetabledPassingTime>
                <TimetabledPassingTime version="55092" id="VTR:TimetabledPassingTime:55056_1121976_9">
                  <StopPointInJourneyPatternRef ref="VTR:StopPointInJourneyPattern:1121976" version="55092"/>
                  <DepartureTime>07:59:00</DepartureTime>
                  <DepartureDayOffset>0</DepartureDayOffset>
                </TimetabledPassingTime>
                <TimetabledPassingTime version="55092" id="VTR:TimetabledPassingTime:55056_1121977_10">
                  <StopPointInJourneyPatternRef ref="VTR:StopPointInJourneyPattern:1121977" version="55092"/>
                  <DepartureTime>08:01:00</DepartureTime>
                  <DepartureDayOffset>0</DepartureDayOffset>
                </TimetabledPassingTime>
                <TimetabledPassingTime version="55092" id="VTR:TimetabledPassingTime:55056_1121978_11">
                  <StopPointInJourneyPatternRef ref="VTR:StopPointInJourneyPattern:1121978" version="55092"/>
                  <DepartureTime>08:02:00</DepartureTime>
                  <DepartureDayOffset>0</DepartureDayOffset>
                </TimetabledPassingTime>
              </passingTimes>
            </ServiceJourney>
            <ServiceJourney version="55090" id="VTR:ServiceJourney:55054">
              <Name>UAB "Lestema"- Masčio mikr.</Name>
              <PrivateCode>2</PrivateCode>
              <dayTypes>
                <DayTypeRef ref="VTR:DayType:1226"/>
              </dayTypes>
              <JourneyPatternRef version="55090" ref="VTR:JourneyPattern:55054"/>
              <OperatorRef ref="VTR:Operator:526"/>
              <LineRef ref="VTR:Line:2599" version="2653"/>
              <passingTimes>
                <TimetabledPassingTime version="55090" id="VTR:TimetabledPassingTime:55054_1121946_1">
                  <StopPointInJourneyPatternRef ref="VTR:StopPointInJourneyPattern:1121946" version="55090"/>
                  <DepartureTime>06:44:00</DepartureTime>
                  <DepartureDayOffset>0</DepartureDayOffset>
                </TimetabledPassingTime>
                <TimetabledPassingTime version="55090" id="VTR:TimetabledPassingTime:55054_1121947_2">
                  <StopPointInJourneyPatternRef ref="VTR:StopPointInJourneyPattern:1121947" version="55090"/>
                  <DepartureTime>06:45:00</DepartureTime>
                  <DepartureDayOffset>0</DepartureDayOffset>
                </TimetabledPassingTime>
                <TimetabledPassingTime version="55090" id="VTR:TimetabledPassingTime:55054_1121948_3">
                  <StopPointInJourneyPatternRef ref="VTR:StopPointInJourneyPattern:1121948" version="55090"/>
                  <DepartureTime>06:48:00</DepartureTime>
                  <DepartureDayOffset>0</DepartureDayOffset>
                </TimetabledPassingTime>
                <TimetabledPassingTime version="55090" id="VTR:TimetabledPassingTime:55054_1121949_4">
                  <StopPointInJourneyPatternRef ref="VTR:StopPointInJourneyPattern:1121949" version="55090"/>
                  <DepartureTime>06:51:00</DepartureTime>
                  <DepartureDayOffset>0</DepartureDayOffset>
                </TimetabledPassingTime>
                <TimetabledPassingTime version="55090" id="VTR:TimetabledPassingTime:55054_1121950_5">
                  <StopPointInJourneyPatternRef ref="VTR:StopPointInJourneyPattern:1121950" version="55090"/>
                  <DepartureTime>06:52:00</DepartureTime>
                  <DepartureDayOffset>0</DepartureDayOffset>
                </TimetabledPassingTime>
                <TimetabledPassingTime version="55090" id="VTR:TimetabledPassingTime:55054_1121951_6">
                  <StopPointInJourneyPatternRef ref="VTR:StopPointInJourneyPattern:1121951" version="55090"/>
                  <DepartureTime>06:54:00</DepartureTime>
                  <DepartureDayOffset>0</DepartureDayOffset>
                </TimetabledPassingTime>
                <TimetabledPassingTime version="55090" id="VTR:TimetabledPassingTime:55054_1121952_7">
                  <StopPointInJourneyPatternRef ref="VTR:StopPointInJourneyPattern:1121952" version="55090"/>
                  <DepartureTime>06:56:00</DepartureTime>
                  <DepartureDayOffset>0</DepartureDayOffset>
                </TimetabledPassingTime>
                <TimetabledPassingTime version="55090" id="VTR:TimetabledPassingTime:55054_1121953_8">
                  <StopPointInJourneyPatternRef ref="VTR:StopPointInJourneyPattern:1121953" version="55090"/>
                  <DepartureTime>06:58:00</DepartureTime>
                  <DepartureDayOffset>0</DepartureDayOffset>
                </TimetabledPassingTime>
                <TimetabledPassingTime version="55090" id="VTR:TimetabledPassingTime:55054_1121954_9">
                  <StopPointInJourneyPatternRef ref="VTR:StopPointInJourneyPattern:1121954" version="55090"/>
                  <DepartureTime>07:02:00</DepartureTime>
                  <DepartureDayOffset>0</DepartureDayOffset>
                </TimetabledPassingTime>
                <TimetabledPassingTime version="55090" id="VTR:TimetabledPassingTime:55054_1121955_10">
                  <StopPointInJourneyPatternRef ref="VTR:StopPointInJourneyPattern:1121955" version="55090"/>
                  <DepartureTime>07:04:00</DepartureTime>
                  <DepartureDayOffset>0</DepartureDayOffset>
                </TimetabledPassingTime>
                <TimetabledPassingTime version="55090" id="VTR:TimetabledPassingTime:55054_1121956_11">
                  <StopPointInJourneyPatternRef ref="VTR:StopPointInJourneyPattern:1121956" version="55090"/>
                  <DepartureTime>07:05:00</DepartureTime>
                  <DepartureDayOffset>0</DepartureDayOffset>
                </TimetabledPassingTime>
              </passingTimes>
            </ServiceJourney>
            <ServiceJourney version="55088" id="VTR:ServiceJourney:55052">
              <Name>Mažeikių 13 d. - Masčio mikr.</Name>
              <PrivateCode>1</PrivateCode>
              <dayTypes>
                <DayTypeRef ref="VTR:DayType:1226"/>
              </dayTypes>
              <JourneyPatternRef version="55088" ref="VTR:JourneyPattern:55052"/>
              <OperatorRef ref="VTR:Operator:526"/>
              <LineRef ref="VTR:Line:2599" version="2653"/>
              <passingTimes>
                <TimetabledPassingTime version="55088" id="VTR:TimetabledPassingTime:55052_1121929_1">
                  <StopPointInJourneyPatternRef ref="VTR:StopPointInJourneyPattern:1121929" version="55088"/>
                  <DepartureTime>06:08:00</DepartureTime>
                  <DepartureDayOffset>0</DepartureDayOffset>
                </TimetabledPassingTime>
                <TimetabledPassingTime version="55088" id="VTR:TimetabledPassingTime:55052_1121930_2">
                  <StopPointInJourneyPatternRef ref="VTR:StopPointInJourneyPattern:1121930" version="55088"/>
                  <DepartureTime>06:10:00</DepartureTime>
                  <DepartureDayOffset>0</DepartureDayOffset>
                </TimetabledPassingTime>
                <TimetabledPassingTime version="55088" id="VTR:TimetabledPassingTime:55052_1121931_3">
                  <StopPointInJourneyPatternRef ref="VTR:StopPointInJourneyPattern:1121931" version="55088"/>
                  <DepartureTime>06:11:00</DepartureTime>
                  <DepartureDayOffset>0</DepartureDayOffset>
                </TimetabledPassingTime>
                <TimetabledPassingTime version="55088" id="VTR:TimetabledPassingTime:55052_1121932_4">
                  <StopPointInJourneyPatternRef ref="VTR:StopPointInJourneyPattern:1121932" version="55088"/>
                  <DepartureTime>06:15:00</DepartureTime>
                  <DepartureDayOffset>0</DepartureDayOffset>
                </TimetabledPassingTime>
                <TimetabledPassingTime version="55088" id="VTR:TimetabledPassingTime:55052_1121933_5">
                  <StopPointInJourneyPatternRef ref="VTR:StopPointInJourneyPattern:1121933" version="55088"/>
                  <DepartureTime>06:18:00</DepartureTime>
                  <DepartureDayOffset>0</DepartureDayOffset>
                </TimetabledPassingTime>
                <TimetabledPassingTime version="55088" id="VTR:TimetabledPassingTime:55052_1121934_6">
                  <StopPointInJourneyPatternRef ref="VTR:StopPointInJourneyPattern:1121934" version="55088"/>
                  <DepartureTime>06:19:00</DepartureTime>
                  <DepartureDayOffset>0</DepartureDayOffset>
                </TimetabledPassingTime>
              </passingTimes>
            </ServiceJourney>
            <ServiceJourney version="55097" id="VTR:ServiceJourney:55061">
              <Name>Masčio mikr.  - Mažeikių 13 d.</Name>
              <PrivateCode>5</PrivateCode>
              <dayTypes>
                <DayTypeRef ref="VTR:DayType:1226"/>
              </dayTypes>
              <JourneyPatternRef version="55097" ref="VTR:JourneyPattern:55061"/>
              <OperatorRef ref="VTR:Operator:526"/>
              <LineRef ref="VTR:Line:2599" version="2653"/>
              <passingTimes>
                <TimetabledPassingTime version="55097" id="VTR:TimetabledPassingTime:55061_1122045_1">
                  <StopPointInJourneyPatternRef ref="VTR:StopPointInJourneyPattern:1122045" version="55097"/>
                  <DepartureTime>07:16:00</DepartureTime>
                  <DepartureDayOffset>0</DepartureDayOffset>
                </TimetabledPassingTime>
                <TimetabledPassingTime version="55097" id="VTR:TimetabledPassingTime:55061_1122046_2">
                  <StopPointInJourneyPatternRef ref="VTR:StopPointInJourneyPattern:1122046" version="55097"/>
                  <DepartureTime>07:18:00</DepartureTime>
                  <DepartureDayOffset>0</DepartureDayOffset>
                </TimetabledPassingTime>
                <TimetabledPassingTime version="55097" id="VTR:TimetabledPassingTime:55061_1122047_3">
                  <StopPointInJourneyPatternRef ref="VTR:StopPointInJourneyPattern:1122047" version="55097"/>
                  <DepartureTime>07:21:00</DepartureTime>
                  <DepartureDayOffset>0</DepartureDayOffset>
                </TimetabledPassingTime>
                <TimetabledPassingTime version="55097" id="VTR:TimetabledPassingTime:55061_1122048_4">
                  <StopPointInJourneyPatternRef ref="VTR:StopPointInJourneyPattern:1122048" version="55097"/>
                  <DepartureTime>07:22:00</DepartureTime>
                  <DepartureDayOffset>0</DepartureDayOffset>
                </TimetabledPassingTime>
                <TimetabledPassingTime version="55097" id="VTR:TimetabledPassingTime:55061_1122049_5">
                  <StopPointInJourneyPatternRef ref="VTR:StopPointInJourneyPattern:1122049" version="55097"/>
                  <DepartureTime>07:25:00</DepartureTime>
                  <DepartureDayOffset>0</DepartureDayOffset>
                </TimetabledPassingTime>
                <TimetabledPassingTime version="55097" id="VTR:TimetabledPassingTime:55061_1122050_6">
                  <StopPointInJourneyPatternRef ref="VTR:StopPointInJourneyPattern:1122050" version="55097"/>
                  <DepartureTime>07:26:00</DepartureTime>
                  <DepartureDayOffset>0</DepartureDayOffset>
                </TimetabledPassingTime>
                <TimetabledPassingTime version="55097" id="VTR:TimetabledPassingTime:55061_1122051_7">
                  <StopPointInJourneyPatternRef ref="VTR:StopPointInJourneyPattern:1122051" version="55097"/>
                  <DepartureTime>07:28:00</DepartureTime>
                  <DepartureDayOffset>0</DepartureDayOffset>
                </TimetabledPassingTime>
                <TimetabledPassingTime version="55097" id="VTR:TimetabledPassingTime:55061_1122052_8">
                  <StopPointInJourneyPatternRef ref="VTR:StopPointInJourneyPattern:1122052" version="55097"/>
                  <DepartureTime>07:29:00</DepartureTime>
                  <DepartureDayOffset>0</DepartureDayOffset>
                </TimetabledPassingTime>
                <TimetabledPassingTime version="55097" id="VTR:TimetabledPassingTime:55061_1122053_9">
                  <StopPointInJourneyPatternRef ref="VTR:StopPointInJourneyPattern:1122053" version="55097"/>
                  <DepartureTime>07:32:00</DepartureTime>
                  <DepartureDayOffset>0</DepartureDayOffset>
                </TimetabledPassingTime>
                <TimetabledPassingTime version="55097" id="VTR:TimetabledPassingTime:55061_1122054_10">
                  <StopPointInJourneyPatternRef ref="VTR:StopPointInJourneyPattern:1122054" version="55097"/>
                  <DepartureTime>07:34:00</DepartureTime>
                  <DepartureDayOffset>0</DepartureDayOffset>
                </TimetabledPassingTime>
                <TimetabledPassingTime version="55097" id="VTR:TimetabledPassingTime:55061_1122055_11">
                  <StopPointInJourneyPatternRef ref="VTR:StopPointInJourneyPattern:1122055" version="55097"/>
                  <DepartureTime>07:38:00</DepartureTime>
                  <DepartureDayOffset>0</DepartureDayOffset>
                </TimetabledPassingTime>
              </passingTimes>
            </ServiceJourney>
          </vehicleJourneys>
        </TimetableFrame>
        <ResourceFrame version="1" id="VTR:ResourceFrame:1399">
          <organisations>
            <Authority version="1" id="VTR:Authority:31">
              <CompanyNumber>78</CompanyNumber>
              <Name>Telšių r. sav.</Name>
              <LegalName>Telšių r. sav.</LegalName>
              <ContactDetails>
                <Email>zita.simaitiene@telsiai.lt</Email>
                <Phone>8 444 56183</Phone>
                <Url>www.telsiai.lt</Url>
              </ContactDetails>
              <OrganisationType>authority</OrganisationType>
            </Authority>
          </organisations>
        </ResourceFrame>
        <FareFrame id="VTR:FareFrame:2599" version="1">
          <FrameDefaults>
            <DefaultCurrency>EUR</DefaultCurrency>
          </FrameDefaults>
          <usageParameters>
            <RoundTrip id="VTR:RoundTrip:single" version="1">
              <Name>Single</Name>
              <TripType>single</TripType>
            </RoundTrip>
            <FrequencyOfUse id="VTR:FrequencyOfUse:once" version="1">
              <Name>Once</Name>
              <MaximalFrequency>1</MaximalFrequency>
            </FrequencyOfUse>
          </usageParameters>
          <priceGroups>
            <PriceGroup id="VTR:PriceGroup:PG01" version="1">
              <Name>Flat Fare Products - Standard</Name>
              <members>
                <FareProductPrice id="VTR:FareProductPrice:standard" version="1">
                  <Name>Single fare</Name>
                  <Amount>0.12</Amount>
                  <Currency>EUR</Currency>
                </FareProductPrice>
              </members>
            </PriceGroup>
          </priceGroups>
        </FareFrame>
      </frames>
    </CompositeFrame>
  </dataObjects>
</PublicationDelivery>
