<?xml version="1.0" encoding="UTF-8"?><PublicationDelivery xmlns="http://www.netex.org.uk/netex" xmlns:gis="http://www.opengis.net/gml/3.2" xmlns:ns2="http://www.opengis.net/gml/3.2" xmlns:ns3="http://www.siri.org.uk/siri" xmlns:xsi="http://www.w3.org/2001/XMLSchema-instance" version="1" xsi:schemaLocation="">
  <PublicationTimestamp>2022-05-07T04:55:00.275</PublicationTimestamp>
  <ParticipantRef>VTR</ParticipantRef>
  <Description>1</Description>
  <dataObjects>
    <CompositeFrame created="2022-05-07T04:55:00.275" version="1" id="VTR:CompositeFrame:1399">
      <validityConditions>
        <AvailabilityCondition version="1" id="VTR:AvailabilityCondition:1399">
          <FromDate>2015-09-11T11:49:48</FromDate>
          <ToDate>2027-12-30T00:00:00</ToDate>
        </AvailabilityCondition>
      </validityConditions>
      <codespaces>
        <Codespace id="vtr">
          <Xmlns>VTR</Xmlns>
          <XmlnsUrl>http://www.visimarsrutai.lt/</XmlnsUrl>
        </Codespace>
      </codespaces>
      <FrameDefaults>
        <DefaultLocale>
          <TimeZone>Europe/Vilnius</TimeZone>
        </DefaultLocale>
        <DefaultLocationSystem>WGS84</DefaultLocationSystem>
      </FrameDefaults>
      <frames>
        <ServiceCalendarFrame version="1" id="VTR:ServiceCalendarFrame:1399">
          <dayTypes>
            <DayType id="VTR:DayType:1650" version="1">
              <properties>
                <PropertyOfDay>
                  <DaysOfWeek>Weekdays</DaysOfWeek>
                </PropertyOfDay>
              </properties>
            </DayType>
          </dayTypes>
          <operatingPeriods>
            <OperatingPeriod version="1" id="VTR:OperatingPeriod:1650">
              <FromDate>2014-04-01T00:00:00</FromDate>
              <ToDate>2018-12-31T00:00:00</ToDate>
            </OperatingPeriod>
          </operatingPeriods>
          <dayTypeAssignments>
            <DayTypeAssignment id="VTR:DayTypeAssignment:1650_0" version="1" order="1561">
              <OperatingPeriodRef ref="VTR:OperatingPeriod:1650" version="1"/>
              <DayTypeRef ref="VTR:DayType:1650" version="1"/>
            </DayTypeAssignment>
          </dayTypeAssignments>
        </ServiceCalendarFrame>
        <ServiceFrame id="VTR:ServiceFrame:1399" version="1">
          <Network version="0" id="VTR:Network:31"/>
          <routePoints>
            <RoutePoint version="1" id="VTR:RoutePoint:89685">
              <projections>
                <PointProjection version="1" id="VTR:PointProjection:21190">
                  <ProjectedPointRef ref="VTR:ScheduledStopPoint:89685" version="1"/>
                </PointProjection>
              </projections>
            </RoutePoint>
            <RoutePoint version="1" id="VTR:RoutePoint:89686">
              <projections>
                <PointProjection version="1" id="VTR:PointProjection:21189">
                  <ProjectedPointRef ref="VTR:ScheduledStopPoint:89686" version="1"/>
                </PointProjection>
              </projections>
            </RoutePoint>
            <RoutePoint version="1" id="VTR:RoutePoint:89687">
              <projections>
                <PointProjection version="1" id="VTR:PointProjection:21191">
                  <ProjectedPointRef ref="VTR:ScheduledStopPoint:89687" version="1"/>
                </PointProjection>
              </projections>
            </RoutePoint>
            <RoutePoint version="1" id="VTR:RoutePoint:89688">
              <projections>
                <PointProjection version="1" id="VTR:PointProjection:21192">
                  <ProjectedPointRef ref="VTR:ScheduledStopPoint:89688" version="1"/>
                </PointProjection>
              </projections>
            </RoutePoint>
            <RoutePoint version="1" id="VTR:RoutePoint:89689">
              <projections>
                <PointProjection version="1" id="VTR:PointProjection:25787">
                  <ProjectedPointRef ref="VTR:ScheduledStopPoint:89689" version="1"/>
                </PointProjection>
              </projections>
            </RoutePoint>
            <RoutePoint version="1" id="VTR:RoutePoint:89691">
              <projections>
                <PointProjection version="1" id="VTR:PointProjection:29170">
                  <ProjectedPointRef ref="VTR:ScheduledStopPoint:89691" version="1"/>
                </PointProjection>
              </projections>
            </RoutePoint>
            <RoutePoint version="1" id="VTR:RoutePoint:89692">
              <projections>
                <PointProjection version="1" id="VTR:PointProjection:29715">
                  <ProjectedPointRef ref="VTR:ScheduledStopPoint:89692" version="1"/>
                </PointProjection>
              </projections>
            </RoutePoint>
            <RoutePoint version="1" id="VTR:RoutePoint:89693">
              <projections>
                <PointProjection version="1" id="VTR:PointProjection:22058">
                  <ProjectedPointRef ref="VTR:ScheduledStopPoint:89693" version="1"/>
                </PointProjection>
              </projections>
            </RoutePoint>
          </routePoints>
          <routes>
            <Route version="1" id="VTR:Route:5388">
              <Name>Telšiai - Žemaičių Kalvarija</Name>
              <ShortName>Telšiai - Žemaičių Kalvarija</ShortName>
              <LineRef ref="VTR:Line:2132" version="2157"/>
              <DirectionType>outbound</DirectionType>
              <pointsInSequence>
                <PointOnRoute version="1" id="VTR:PointOnRoute:89685" order="1">
                  <RoutePointRef ref="VTR:RoutePoint:89685"/>
                </PointOnRoute>
                <PointOnRoute version="1" id="VTR:PointOnRoute:89687" order="3">
                  <RoutePointRef ref="VTR:RoutePoint:89687"/>
                </PointOnRoute>
                <PointOnRoute version="1" id="VTR:PointOnRoute:89688" order="4">
                  <RoutePointRef ref="VTR:RoutePoint:89688"/>
                </PointOnRoute>
              </pointsInSequence>
            </Route>
            <Route version="1" id="VTR:Route:5391">
              <Name>Žemaičių Kalvarija- Telšiai</Name>
              <ShortName>Žemaičių Kalvarija- Telšiai</ShortName>
              <LineRef ref="VTR:Line:2132" version="2157"/>
              <DirectionType>inbound</DirectionType>
              <pointsInSequence>
                <PointOnRoute version="1" id="VTR:PointOnRoute:89692" order="1">
                  <RoutePointRef ref="VTR:RoutePoint:89692"/>
                </PointOnRoute>
                <PointOnRoute version="1" id="VTR:PointOnRoute:89691" order="2">
                  <RoutePointRef ref="VTR:RoutePoint:89691"/>
                </PointOnRoute>
                <PointOnRoute version="1" id="VTR:PointOnRoute:89689" order="4">
                  <RoutePointRef ref="VTR:RoutePoint:89689"/>
                </PointOnRoute>
              </pointsInSequence>
            </Route>
          </routes>
          <lines>
            <Line version="2157" id="VTR:Line:2132">
              <Name>Telšiai -Žemaičių Kalvarija</Name>
              <TransportMode>bus</TransportMode>
              <TransportSubmode>
                <BusSubmode>regionalBus</BusSubmode>
              </TransportSubmode>
              <PublicCode>13</PublicCode>
              <OperatorRef ref="VTR:Operator:31"/>
            </Line>
          </lines>
          <scheduledStopPoints>
            <ScheduledStopPoint version="1" id="VTR:ScheduledStopPoint:89685">
              <Name>Telšių autobusų stotis</Name>
            </ScheduledStopPoint>
            <ScheduledStopPoint version="1" id="VTR:ScheduledStopPoint:89686">
              <Name>Kestaičiai</Name>
            </ScheduledStopPoint>
            <ScheduledStopPoint version="1" id="VTR:ScheduledStopPoint:89687">
              <Name>Alsėdžiai</Name>
            </ScheduledStopPoint>
            <ScheduledStopPoint version="1" id="VTR:ScheduledStopPoint:89688">
              <Name>Ž. Kalvarija</Name>
            </ScheduledStopPoint>
            <ScheduledStopPoint version="1" id="VTR:ScheduledStopPoint:89689">
              <Name>Telšių autobusų stotis</Name>
            </ScheduledStopPoint>
            <ScheduledStopPoint version="1" id="VTR:ScheduledStopPoint:89691">
              <Name>Alsėdžiai</Name>
            </ScheduledStopPoint>
            <ScheduledStopPoint version="1" id="VTR:ScheduledStopPoint:89692">
              <Name>Ž. Kalvarija</Name>
            </ScheduledStopPoint>
            <ScheduledStopPoint version="1" id="VTR:ScheduledStopPoint:89693">
              <Name>Kestaičiai</Name>
            </ScheduledStopPoint>
          </scheduledStopPoints>
          <serviceLinks>
            <ServiceLink id="VTR:ServiceLink:89692_1_89691_1" version="1">
              <Distance>10</Distance>
              <FromPointRef ref="VTR:ScheduledStopPoint:89692" version="1"/>
              <ToPointRef ref="VTR:ScheduledStopPoint:89691" version="1"/>
            </ServiceLink>
            <ServiceLink id="VTR:ServiceLink:89691_1_89693_1" version="1">
              <Distance>4</Distance>
              <FromPointRef ref="VTR:ScheduledStopPoint:89691" version="1"/>
              <ToPointRef ref="VTR:ScheduledStopPoint:89693" version="1"/>
            </ServiceLink>
            <ServiceLink id="VTR:ServiceLink:89686_1_89687_1" version="1">
              <Distance>4</Distance>
              <FromPointRef ref="VTR:ScheduledStopPoint:89686" version="1"/>
              <ToPointRef ref="VTR:ScheduledStopPoint:89687" version="1"/>
            </ServiceLink>
            <ServiceLink id="VTR:ServiceLink:89687_1_89688_1" version="1">
              <Distance>10</Distance>
              <FromPointRef ref="VTR:ScheduledStopPoint:89687" version="1"/>
              <ToPointRef ref="VTR:ScheduledStopPoint:89688" version="1"/>
            </ServiceLink>
            <ServiceLink id="VTR:ServiceLink:89693_1_89689_1" version="1">
              <Distance>11</Distance>
              <FromPointRef ref="VTR:ScheduledStopPoint:89693" version="1"/>
              <ToPointRef ref="VTR:ScheduledStopPoint:89689" version="1"/>
            </ServiceLink>
            <ServiceLink id="VTR:ServiceLink:89685_1_89686_1" version="1">
              <Distance>11</Distance>
              <FromPointRef ref="VTR:ScheduledStopPoint:89685" version="1"/>
              <ToPointRef ref="VTR:ScheduledStopPoint:89686" version="1"/>
            </ServiceLink>
          </serviceLinks>
          <stopAssignments>
            <PassengerStopAssignment order="538800000" id="VTR:PassengerStopAssignment:89685" version="1">
              <ScheduledStopPointRef ref="VTR:ScheduledStopPoint:89685" version="1"/>
              <QuayRef ref="VTR:Quay:19451"/>
            </PassengerStopAssignment>
            <PassengerStopAssignment order="538800001" id="VTR:PassengerStopAssignment:89686" version="1">
              <ScheduledStopPointRef ref="VTR:ScheduledStopPoint:89686" version="1"/>
              <QuayRef ref="VTR:Quay:7282"/>
            </PassengerStopAssignment>
            <PassengerStopAssignment order="538800002" id="VTR:PassengerStopAssignment:89687" version="1">
              <ScheduledStopPointRef ref="VTR:ScheduledStopPoint:89687" version="1"/>
              <QuayRef ref="VTR:Quay:5432"/>
            </PassengerStopAssignment>
            <PassengerStopAssignment order="538800003" id="VTR:PassengerStopAssignment:89688" version="1">
              <ScheduledStopPointRef ref="VTR:ScheduledStopPoint:89688" version="1"/>
              <QuayRef ref="VTR:Quay:5412"/>
            </PassengerStopAssignment>
            <PassengerStopAssignment order="539100000" id="VTR:PassengerStopAssignment:89692" version="1">
              <ScheduledStopPointRef ref="VTR:ScheduledStopPoint:89692" version="1"/>
              <QuayRef ref="VTR:Quay:5412"/>
            </PassengerStopAssignment>
            <PassengerStopAssignment order="539100001" id="VTR:PassengerStopAssignment:89691" version="1">
              <ScheduledStopPointRef ref="VTR:ScheduledStopPoint:89691" version="1"/>
              <QuayRef ref="VTR:Quay:5432"/>
            </PassengerStopAssignment>
            <PassengerStopAssignment order="539100002" id="VTR:PassengerStopAssignment:89693" version="1">
              <ScheduledStopPointRef ref="VTR:ScheduledStopPoint:89693" version="1"/>
              <QuayRef ref="VTR:Quay:11237"/>
            </PassengerStopAssignment>
            <PassengerStopAssignment order="539100003" id="VTR:PassengerStopAssignment:89689" version="1">
              <ScheduledStopPointRef ref="VTR:ScheduledStopPoint:89689" version="1"/>
              <QuayRef ref="VTR:Quay:19451"/>
            </PassengerStopAssignment>
          </stopAssignments>
          <journeyPatterns>
            <JourneyPattern id="VTR:JourneyPattern:48712" version="48716">
              <Name>1</Name>
              <RouteRef ref="VTR:Route:5388" version="1"/>
              <pointsInSequence>
                <StopPointInJourneyPattern id="VTR:StopPointInJourneyPattern:1002781" version="48716" order="1">
                  <ScheduledStopPointRef ref="VTR:ScheduledStopPoint:89685"/>
                  <ForAlighting>false</ForAlighting>
                  <DestinationDisplayRef ref="VTR:DestinationDisplay:1"/>
                </StopPointInJourneyPattern>
                <StopPointInJourneyPattern id="VTR:StopPointInJourneyPattern:1002783" version="48716" order="3">
                  <ScheduledStopPointRef ref="VTR:ScheduledStopPoint:89687"/>
                  <DestinationDisplayRef ref="VTR:DestinationDisplay:1"/>
                </StopPointInJourneyPattern>
                <StopPointInJourneyPattern id="VTR:StopPointInJourneyPattern:1002784" version="48716" order="4">
                  <ScheduledStopPointRef ref="VTR:ScheduledStopPoint:89688"/>
                  <ForBoarding>false</ForBoarding>
                  <DestinationDisplayRef ref="VTR:DestinationDisplay:1"/>
                </StopPointInJourneyPattern>
              </pointsInSequence>
            </JourneyPattern>
            <JourneyPattern id="VTR:JourneyPattern:48713" version="48717">
              <Name>2</Name>
              <RouteRef ref="VTR:Route:5391" version="1"/>
              <pointsInSequence>
                <StopPointInJourneyPattern id="VTR:StopPointInJourneyPattern:1002785" version="48717" order="1">
                  <ScheduledStopPointRef ref="VTR:ScheduledStopPoint:89692"/>
                  <DestinationDisplayRef ref="VTR:DestinationDisplay:1"/>
                </StopPointInJourneyPattern>
                <StopPointInJourneyPattern id="VTR:StopPointInJourneyPattern:1002786" version="48717" order="2">
                  <ScheduledStopPointRef ref="VTR:ScheduledStopPoint:89691"/>
                  <DestinationDisplayRef ref="VTR:DestinationDisplay:1"/>
                </StopPointInJourneyPattern>
                <StopPointInJourneyPattern id="VTR:StopPointInJourneyPattern:1002788" version="48717" order="4">
                  <ScheduledStopPointRef ref="VTR:ScheduledStopPoint:89689"/>
                  <DestinationDisplayRef ref="VTR:DestinationDisplay:1"/>
                </StopPointInJourneyPattern>
              </pointsInSequence>
            </JourneyPattern>
          </journeyPatterns>
        </ServiceFrame>
        <TimetableFrame version="1" id="VTR:TimetableFrame:1399">
          <vehicleJourneys>
            <ServiceJourney version="48716" id="VTR:ServiceJourney:48712">
              <Name>Telšiai - Žemaičių Kalvarija</Name>
              <PrivateCode>1</PrivateCode>
              <dayTypes>
                <DayTypeRef ref="VTR:DayType:1650"/>
              </dayTypes>
              <JourneyPatternRef version="48716" ref="VTR:JourneyPattern:48712"/>
              <OperatorRef ref="VTR:Operator:526"/>
              <LineRef ref="VTR:Line:2132" version="2157"/>
              <passingTimes>
                <TimetabledPassingTime version="48716" id="VTR:TimetabledPassingTime:48712_1002781_1">
                  <StopPointInJourneyPatternRef ref="VTR:StopPointInJourneyPattern:1002781" version="48716"/>
                  <DepartureTime>10:30:00</DepartureTime>
                  <DepartureDayOffset>0</DepartureDayOffset>
                </TimetabledPassingTime>
                <TimetabledPassingTime version="48716" id="VTR:TimetabledPassingTime:48712_1002783_3">
                  <StopPointInJourneyPatternRef ref="VTR:StopPointInJourneyPattern:1002783" version="48716"/>
                  <DepartureTime>10:50:00</DepartureTime>
                  <DepartureDayOffset>0</DepartureDayOffset>
                </TimetabledPassingTime>
                <TimetabledPassingTime version="48716" id="VTR:TimetabledPassingTime:48712_1002784_4">
                  <StopPointInJourneyPatternRef ref="VTR:StopPointInJourneyPattern:1002784" version="48716"/>
                  <DepartureTime>11:10:00</DepartureTime>
                  <DepartureDayOffset>0</DepartureDayOffset>
                </TimetabledPassingTime>
              </passingTimes>
            </ServiceJourney>
            <ServiceJourney version="48717" id="VTR:ServiceJourney:48713">
              <Name>Žemaičių Kalvarija- Telšiai</Name>
              <PrivateCode>2</PrivateCode>
              <dayTypes>
                <DayTypeRef ref="VTR:DayType:1650"/>
              </dayTypes>
              <JourneyPatternRef version="48717" ref="VTR:JourneyPattern:48713"/>
              <OperatorRef ref="VTR:Operator:526"/>
              <LineRef ref="VTR:Line:2132" version="2157"/>
              <passingTimes>
                <TimetabledPassingTime version="48717" id="VTR:TimetabledPassingTime:48713_1002785_1">
                  <StopPointInJourneyPatternRef ref="VTR:StopPointInJourneyPattern:1002785" version="48717"/>
                  <DepartureTime>17:00:00</DepartureTime>
                  <DepartureDayOffset>0</DepartureDayOffset>
                </TimetabledPassingTime>
                <TimetabledPassingTime version="48717" id="VTR:TimetabledPassingTime:48713_1002786_2">
                  <StopPointInJourneyPatternRef ref="VTR:StopPointInJourneyPattern:1002786" version="48717"/>
                  <DepartureTime>17:15:00</DepartureTime>
                  <DepartureDayOffset>0</DepartureDayOffset>
                </TimetabledPassingTime>
                <TimetabledPassingTime version="48717" id="VTR:TimetabledPassingTime:48713_1002788_4">
                  <StopPointInJourneyPatternRef ref="VTR:StopPointInJourneyPattern:1002788" version="48717"/>
                  <DepartureTime>17:35:00</DepartureTime>
                  <DepartureDayOffset>0</DepartureDayOffset>
                </TimetabledPassingTime>
              </passingTimes>
            </ServiceJourney>
          </vehicleJourneys>
        </TimetableFrame>
        <ResourceFrame version="1" id="VTR:ResourceFrame:1399">
          <organisations>
            <Authority version="1" id="VTR:Authority:31">
              <CompanyNumber>78</CompanyNumber>
              <Name>Telšių r. sav.</Name>
              <LegalName>Telšių r. sav.</LegalName>
              <ContactDetails>
                <Email>zita.simaitiene@telsiai.lt</Email>
                <Phone>8 444 56183</Phone>
                <Url>www.telsiai.lt</Url>
              </ContactDetails>
              <OrganisationType>authority</OrganisationType>
            </Authority>
          </organisations>
        </ResourceFrame>
        <FareFrame id="VTR:FareFrame:2132" version="1">
          <FrameDefaults>
            <DefaultCurrency>EUR</DefaultCurrency>
          </FrameDefaults>
          <fareStructureElements>
            <FareStructureElement id="VTR:FareStructureElement:pricematrix" version="1">
              <distanceMatrixElements>
                <DistanceMatrixElementRef ref="VTR:DistanceMatrixElement:1002781to1002783" version="1"/>
                <DistanceMatrixElementRef ref="VTR:DistanceMatrixElement:1002781to1002784" version="1"/>
                <DistanceMatrixElementRef ref="VTR:DistanceMatrixElement:1002786to1002788" version="1"/>
                <DistanceMatrixElementRef ref="VTR:DistanceMatrixElement:1002783to1002784" version="1"/>
                <DistanceMatrixElementRef ref="VTR:DistanceMatrixElement:1002785to1002786" version="1"/>
                <DistanceMatrixElementRef ref="VTR:DistanceMatrixElement:1002785to1002788" version="1"/>
              </distanceMatrixElements>
            </FareStructureElement>
          </fareStructureElements>
          <tariffs>
            <Tariff id="VTR:Tariff:pointToPointInSeparateJourney_2132" version="1">
              <Name>Point to point tariff</Name>
              <distanceMatrixElements>
                <DistanceMatrixElement id="VTR:DistanceMatrixElement:1002781to1002783" version="1">
                  <Name>Telšių autobusų stotis to Alsėdžiai</Name>
                  <StartStopPointRef ref="VTR:ScheduledStopPoint:89685" version="1"/>
                  <EndStopPointRef ref="VTR:ScheduledStopPoint:89687" version="1"/>
                  <prices>
                    <DistanceMatrixElementPrice id="VTR:DistanceMatrixElementPrice:1002781to1002783" version="1">
                      <Amount>1.1</Amount>
                      <DistanceMatrixElementRef ref="VTR:DistanceMatrixElement:1002781to1002783" version="1"/>
                    </DistanceMatrixElementPrice>
                  </prices>
                </DistanceMatrixElement>
                <DistanceMatrixElement id="VTR:DistanceMatrixElement:1002781to1002784" version="1">
                  <Name>Telšių autobusų stotis to Ž. Kalvarija</Name>
                  <StartStopPointRef ref="VTR:ScheduledStopPoint:89685" version="1"/>
                  <EndStopPointRef ref="VTR:ScheduledStopPoint:89688" version="1"/>
                  <prices>
                    <DistanceMatrixElementPrice id="VTR:DistanceMatrixElementPrice:1002781to1002784" version="1">
                      <Amount>2.0</Amount>
                      <DistanceMatrixElementRef ref="VTR:DistanceMatrixElement:1002781to1002784" version="1"/>
                    </DistanceMatrixElementPrice>
                  </prices>
                </DistanceMatrixElement>
                <DistanceMatrixElement id="VTR:DistanceMatrixElement:1002786to1002788" version="1">
                  <Name>Alsėdžiai to Telšių autobusų stotis</Name>
                  <StartStopPointRef ref="VTR:ScheduledStopPoint:89691" version="1"/>
                  <EndStopPointRef ref="VTR:ScheduledStopPoint:89689" version="1"/>
                  <prices>
                    <DistanceMatrixElementPrice id="VTR:DistanceMatrixElementPrice:1002786to1002788" version="1">
                      <Amount>1.1</Amount>
                      <DistanceMatrixElementRef ref="VTR:DistanceMatrixElement:1002786to1002788" version="1"/>
                    </DistanceMatrixElementPrice>
                  </prices>
                </DistanceMatrixElement>
                <DistanceMatrixElement id="VTR:DistanceMatrixElement:1002783to1002784" version="1">
                  <Name>Alsėdžiai to Ž. Kalvarija</Name>
                  <StartStopPointRef ref="VTR:ScheduledStopPoint:89687" version="1"/>
                  <EndStopPointRef ref="VTR:ScheduledStopPoint:89688" version="1"/>
                  <prices>
                    <DistanceMatrixElementPrice id="VTR:DistanceMatrixElementPrice:1002783to1002784" version="1">
                      <Amount>0.9</Amount>
                      <DistanceMatrixElementRef ref="VTR:DistanceMatrixElement:1002783to1002784" version="1"/>
                    </DistanceMatrixElementPrice>
                  </prices>
                </DistanceMatrixElement>
                <DistanceMatrixElement id="VTR:DistanceMatrixElement:1002785to1002786" version="1">
                  <Name>Ž. Kalvarija to Alsėdžiai</Name>
                  <StartStopPointRef ref="VTR:ScheduledStopPoint:89692" version="1"/>
                  <EndStopPointRef ref="VTR:ScheduledStopPoint:89691" version="1"/>
                  <prices>
                    <DistanceMatrixElementPrice id="VTR:DistanceMatrixElementPrice:1002785to1002786" version="1">
                      <Amount>0.9</Amount>
                      <DistanceMatrixElementRef ref="VTR:DistanceMatrixElement:1002785to1002786" version="1"/>
                    </DistanceMatrixElementPrice>
                  </prices>
                </DistanceMatrixElement>
                <DistanceMatrixElement id="VTR:DistanceMatrixElement:1002785to1002788" version="1">
                  <Name>Ž. Kalvarija to Telšių autobusų stotis</Name>
                  <StartStopPointRef ref="VTR:ScheduledStopPoint:89692" version="1"/>
                  <EndStopPointRef ref="VTR:ScheduledStopPoint:89689" version="1"/>
                  <prices>
                    <DistanceMatrixElementPrice id="VTR:DistanceMatrixElementPrice:1002785to1002788" version="1">
                      <Amount>2.0</Amount>
                      <DistanceMatrixElementRef ref="VTR:DistanceMatrixElement:1002785to1002788" version="1"/>
                    </DistanceMatrixElementPrice>
                  </prices>
                </DistanceMatrixElement>
              </distanceMatrixElements>
            </Tariff>
          </tariffs>
          <usageParameters>
            <FrequencyOfUse id="VTR:FrequencyOfUse:oneTrip" version="1">
              <FrequencyOfUseType>unlimited</FrequencyOfUseType>
              <MaximalFrequency>1</MaximalFrequency>
            </FrequencyOfUse>
          </usageParameters>
        </FareFrame>
      </frames>
    </CompositeFrame>
  </dataObjects>
</PublicationDelivery>
