<?xml version="1.0" encoding="UTF-8"?><PublicationDelivery xmlns="http://www.netex.org.uk/netex" xmlns:gis="http://www.opengis.net/gml/3.2" xmlns:ns2="http://www.opengis.net/gml/3.2" xmlns:ns3="http://www.siri.org.uk/siri" xmlns:xsi="http://www.w3.org/2001/XMLSchema-instance" version="1" xsi:schemaLocation="">
  <PublicationTimestamp>2022-05-07T04:55:00.275</PublicationTimestamp>
  <ParticipantRef>VTR</ParticipantRef>
  <Description>1</Description>
  <dataObjects>
    <CompositeFrame created="2022-05-07T04:55:00.275" version="1" id="VTR:CompositeFrame:1399">
      <validityConditions>
        <AvailabilityCondition version="1" id="VTR:AvailabilityCondition:1399">
          <FromDate>2018-08-23T10:38:20</FromDate>
          <ToDate>2027-12-30T00:00:00</ToDate>
        </AvailabilityCondition>
      </validityConditions>
      <codespaces>
        <Codespace id="vtr">
          <Xmlns>VTR</Xmlns>
          <XmlnsUrl>http://www.visimarsrutai.lt/</XmlnsUrl>
        </Codespace>
      </codespaces>
      <FrameDefaults>
        <DefaultLocale>
          <TimeZone>Europe/Vilnius</TimeZone>
        </DefaultLocale>
        <DefaultLocationSystem>WGS84</DefaultLocationSystem>
      </FrameDefaults>
      <frames>
        <ServiceCalendarFrame version="1" id="VTR:ServiceCalendarFrame:1399">
          <dayTypes>
            <DayType id="VTR:DayType:1227" version="1">
              <properties>
                <PropertyOfDay>
                  <DaysOfWeek>Monday Tuesday Wednesday Thursday Friday</DaysOfWeek>
                </PropertyOfDay>
              </properties>
            </DayType>
          </dayTypes>
          <operatingPeriods>
            <OperatingPeriod version="1" id="VTR:OperatingPeriod:1227">
              <FromDate>2012-01-01T00:00:00</FromDate>
              <ToDate>2018-12-31T00:00:00</ToDate>
            </OperatingPeriod>
          </operatingPeriods>
          <dayTypeAssignments>
            <DayTypeAssignment id="VTR:DayTypeAssignment:1227_0" version="1" order="1186">
              <OperatingPeriodRef ref="VTR:OperatingPeriod:1227" version="1"/>
              <DayTypeRef ref="VTR:DayType:1227" version="1"/>
            </DayTypeAssignment>
          </dayTypeAssignments>
        </ServiceCalendarFrame>
        <ServiceFrame id="VTR:ServiceFrame:1399" version="1">
          <Network version="0" id="VTR:Network:31"/>
          <routePoints>
            <RoutePoint version="1" id="VTR:RoutePoint:1318844">
              <projections>
                <PointProjection version="1" id="VTR:PointProjection:60800">
                  <ProjectedPointRef ref="VTR:ScheduledStopPoint:1318844" version="1"/>
                </PointProjection>
              </projections>
            </RoutePoint>
            <RoutePoint version="1" id="VTR:RoutePoint:1318845">
              <projections>
                <PointProjection version="1" id="VTR:PointProjection:60801">
                  <ProjectedPointRef ref="VTR:ScheduledStopPoint:1318845" version="1"/>
                </PointProjection>
              </projections>
            </RoutePoint>
            <RoutePoint version="1" id="VTR:RoutePoint:1318846">
              <projections>
                <PointProjection version="1" id="VTR:PointProjection:60802">
                  <ProjectedPointRef ref="VTR:ScheduledStopPoint:1318846" version="1"/>
                </PointProjection>
              </projections>
            </RoutePoint>
            <RoutePoint version="1" id="VTR:RoutePoint:1318847">
              <projections>
                <PointProjection version="1" id="VTR:PointProjection:60803">
                  <ProjectedPointRef ref="VTR:ScheduledStopPoint:1318847" version="1"/>
                </PointProjection>
              </projections>
            </RoutePoint>
            <RoutePoint version="1" id="VTR:RoutePoint:1318848">
              <projections>
                <PointProjection version="1" id="VTR:PointProjection:60804">
                  <ProjectedPointRef ref="VTR:ScheduledStopPoint:1318848" version="1"/>
                </PointProjection>
              </projections>
            </RoutePoint>
            <RoutePoint version="1" id="VTR:RoutePoint:1318849">
              <projections>
                <PointProjection version="1" id="VTR:PointProjection:60805">
                  <ProjectedPointRef ref="VTR:ScheduledStopPoint:1318849" version="1"/>
                </PointProjection>
              </projections>
            </RoutePoint>
            <RoutePoint version="1" id="VTR:RoutePoint:1318850">
              <projections>
                <PointProjection version="1" id="VTR:PointProjection:60806">
                  <ProjectedPointRef ref="VTR:ScheduledStopPoint:1318850" version="1"/>
                </PointProjection>
              </projections>
            </RoutePoint>
            <RoutePoint version="1" id="VTR:RoutePoint:1318851">
              <projections>
                <PointProjection version="1" id="VTR:PointProjection:60807">
                  <ProjectedPointRef ref="VTR:ScheduledStopPoint:1318851" version="1"/>
                </PointProjection>
              </projections>
            </RoutePoint>
          </routePoints>
          <routes>
            <Route version="1" id="VTR:Route:17411">
              <Name>Viekšnaliai-Žaduvėnai-Soblaukis-Kietkalnis-Venskiškiai-Gelsodė-Barvydžiai-Luokė 13.00</Name>
              <ShortName>Viekšnaliai-Žaduvėnai-Soblaukis-Kietkalnis-Venskiškiai-Gelsodė-Barvydžiai-Luokė 13.00</ShortName>
              <LineRef ref="VTR:Line:6156" version="7772"/>
              <DirectionType>outbound</DirectionType>
              <pointsInSequence>
                <PointOnRoute version="1" id="VTR:PointOnRoute:1318844" order="1">
                  <RoutePointRef ref="VTR:RoutePoint:1318844"/>
                </PointOnRoute>
                <PointOnRoute version="1" id="VTR:PointOnRoute:1318845" order="2">
                  <RoutePointRef ref="VTR:RoutePoint:1318845"/>
                </PointOnRoute>
                <PointOnRoute version="1" id="VTR:PointOnRoute:1318846" order="3">
                  <RoutePointRef ref="VTR:RoutePoint:1318846"/>
                </PointOnRoute>
                <PointOnRoute version="1" id="VTR:PointOnRoute:1318847" order="4">
                  <RoutePointRef ref="VTR:RoutePoint:1318847"/>
                </PointOnRoute>
                <PointOnRoute version="1" id="VTR:PointOnRoute:1318848" order="5">
                  <RoutePointRef ref="VTR:RoutePoint:1318848"/>
                </PointOnRoute>
                <PointOnRoute version="1" id="VTR:PointOnRoute:1318849" order="6">
                  <RoutePointRef ref="VTR:RoutePoint:1318849"/>
                </PointOnRoute>
                <PointOnRoute version="1" id="VTR:PointOnRoute:1318850" order="7">
                  <RoutePointRef ref="VTR:RoutePoint:1318850"/>
                </PointOnRoute>
                <PointOnRoute version="1" id="VTR:PointOnRoute:1318851" order="8">
                  <RoutePointRef ref="VTR:RoutePoint:1318851"/>
                </PointOnRoute>
              </pointsInSequence>
            </Route>
          </routes>
          <lines>
            <Line version="7772" id="VTR:Line:6156">
              <Name>Viekšnaliai-Žaduvėnai-Soblaukis-Kietkalnis-Venskiškiai-Gelsodė-Barvydžiai-Luokė 13.00</Name>
              <TransportMode>bus</TransportMode>
              <TransportSubmode>
                <BusSubmode>regionalBus</BusSubmode>
              </TransportSubmode>
              <PublicCode>TEL5</PublicCode>
              <OperatorRef ref="VTR:Operator:31"/>
            </Line>
          </lines>
          <scheduledStopPoints>
            <ScheduledStopPoint version="1" id="VTR:ScheduledStopPoint:1318844">
              <Name>Viekšnaliai</Name>
            </ScheduledStopPoint>
            <ScheduledStopPoint version="1" id="VTR:ScheduledStopPoint:1318845">
              <Name>Žaduvėnai</Name>
            </ScheduledStopPoint>
            <ScheduledStopPoint version="1" id="VTR:ScheduledStopPoint:1318846">
              <Name>Soblaukis</Name>
            </ScheduledStopPoint>
            <ScheduledStopPoint version="1" id="VTR:ScheduledStopPoint:1318847">
              <Name>Kietkalnis</Name>
            </ScheduledStopPoint>
            <ScheduledStopPoint version="1" id="VTR:ScheduledStopPoint:1318848">
              <Name>Venckiškiai</Name>
            </ScheduledStopPoint>
            <ScheduledStopPoint version="1" id="VTR:ScheduledStopPoint:1318849">
              <Name>Gelsodė</Name>
            </ScheduledStopPoint>
            <ScheduledStopPoint version="1" id="VTR:ScheduledStopPoint:1318850">
              <Name>Barvydžiai</Name>
            </ScheduledStopPoint>
            <ScheduledStopPoint version="1" id="VTR:ScheduledStopPoint:1318851">
              <Name>Luokė</Name>
            </ScheduledStopPoint>
          </scheduledStopPoints>
          <serviceLinks>
            <ServiceLink id="VTR:ServiceLink:1318846_1_1318847_1" version="1">
              <Distance>1</Distance>
              <FromPointRef ref="VTR:ScheduledStopPoint:1318846" version="1"/>
              <ToPointRef ref="VTR:ScheduledStopPoint:1318847" version="1"/>
            </ServiceLink>
            <ServiceLink id="VTR:ServiceLink:1318845_1_1318846_1" version="1">
              <Distance>1</Distance>
              <FromPointRef ref="VTR:ScheduledStopPoint:1318845" version="1"/>
              <ToPointRef ref="VTR:ScheduledStopPoint:1318846" version="1"/>
            </ServiceLink>
            <ServiceLink id="VTR:ServiceLink:1318849_1_1318850_1" version="1">
              <Distance>4</Distance>
              <FromPointRef ref="VTR:ScheduledStopPoint:1318849" version="1"/>
              <ToPointRef ref="VTR:ScheduledStopPoint:1318850" version="1"/>
            </ServiceLink>
            <ServiceLink id="VTR:ServiceLink:1318847_1_1318848_1" version="1">
              <Distance>2</Distance>
              <FromPointRef ref="VTR:ScheduledStopPoint:1318847" version="1"/>
              <ToPointRef ref="VTR:ScheduledStopPoint:1318848" version="1"/>
            </ServiceLink>
            <ServiceLink id="VTR:ServiceLink:1318848_1_1318849_1" version="1">
              <Distance>2</Distance>
              <FromPointRef ref="VTR:ScheduledStopPoint:1318848" version="1"/>
              <ToPointRef ref="VTR:ScheduledStopPoint:1318849" version="1"/>
            </ServiceLink>
            <ServiceLink id="VTR:ServiceLink:1318844_1_1318845_1" version="1">
              <Distance>3</Distance>
              <FromPointRef ref="VTR:ScheduledStopPoint:1318844" version="1"/>
              <ToPointRef ref="VTR:ScheduledStopPoint:1318845" version="1"/>
            </ServiceLink>
            <ServiceLink id="VTR:ServiceLink:1318850_1_1318851_1" version="1">
              <Distance>4</Distance>
              <FromPointRef ref="VTR:ScheduledStopPoint:1318850" version="1"/>
              <ToPointRef ref="VTR:ScheduledStopPoint:1318851" version="1"/>
            </ServiceLink>
          </serviceLinks>
          <stopAssignments>
            <PassengerStopAssignment order="1741100000" id="VTR:PassengerStopAssignment:1318844" version="1">
              <ScheduledStopPointRef ref="VTR:ScheduledStopPoint:1318844" version="1"/>
              <QuayRef ref="VTR:Quay:21144"/>
            </PassengerStopAssignment>
            <PassengerStopAssignment order="1741100001" id="VTR:PassengerStopAssignment:1318845" version="1">
              <ScheduledStopPointRef ref="VTR:ScheduledStopPoint:1318845" version="1"/>
              <QuayRef ref="VTR:Quay:8248"/>
            </PassengerStopAssignment>
            <PassengerStopAssignment order="1741100002" id="VTR:PassengerStopAssignment:1318846" version="1">
              <ScheduledStopPointRef ref="VTR:ScheduledStopPoint:1318846" version="1"/>
              <QuayRef ref="VTR:Quay:7915"/>
            </PassengerStopAssignment>
            <PassengerStopAssignment order="1741100003" id="VTR:PassengerStopAssignment:1318847" version="1">
              <ScheduledStopPointRef ref="VTR:ScheduledStopPoint:1318847" version="1"/>
              <QuayRef ref="VTR:Quay:12945"/>
            </PassengerStopAssignment>
            <PassengerStopAssignment order="1741100004" id="VTR:PassengerStopAssignment:1318848" version="1">
              <ScheduledStopPointRef ref="VTR:ScheduledStopPoint:1318848" version="1"/>
              <QuayRef ref="VTR:Quay:34226"/>
            </PassengerStopAssignment>
            <PassengerStopAssignment order="1741100005" id="VTR:PassengerStopAssignment:1318849" version="1">
              <ScheduledStopPointRef ref="VTR:ScheduledStopPoint:1318849" version="1"/>
              <QuayRef ref="VTR:Quay:34227"/>
            </PassengerStopAssignment>
            <PassengerStopAssignment order="1741100006" id="VTR:PassengerStopAssignment:1318850" version="1">
              <ScheduledStopPointRef ref="VTR:ScheduledStopPoint:1318850" version="1"/>
              <QuayRef ref="VTR:Quay:34229"/>
            </PassengerStopAssignment>
            <PassengerStopAssignment order="1741100007" id="VTR:PassengerStopAssignment:1318851" version="1">
              <ScheduledStopPointRef ref="VTR:ScheduledStopPoint:1318851" version="1"/>
              <QuayRef ref="VTR:Quay:20726"/>
            </PassengerStopAssignment>
          </stopAssignments>
          <journeyPatterns>
            <JourneyPattern id="VTR:JourneyPattern:2630017" version="2631946">
              <Name>1</Name>
              <RouteRef ref="VTR:Route:17411" version="1"/>
              <pointsInSequence>
                <StopPointInJourneyPattern id="VTR:StopPointInJourneyPattern:94865322" version="2631946" order="1">
                  <ScheduledStopPointRef ref="VTR:ScheduledStopPoint:1318844"/>
                  <DestinationDisplayRef ref="VTR:DestinationDisplay:1"/>
                </StopPointInJourneyPattern>
                <StopPointInJourneyPattern id="VTR:StopPointInJourneyPattern:94865323" version="2631946" order="2">
                  <ScheduledStopPointRef ref="VTR:ScheduledStopPoint:1318845"/>
                  <DestinationDisplayRef ref="VTR:DestinationDisplay:1"/>
                </StopPointInJourneyPattern>
                <StopPointInJourneyPattern id="VTR:StopPointInJourneyPattern:94865324" version="2631946" order="3">
                  <ScheduledStopPointRef ref="VTR:ScheduledStopPoint:1318846"/>
                  <DestinationDisplayRef ref="VTR:DestinationDisplay:1"/>
                </StopPointInJourneyPattern>
                <StopPointInJourneyPattern id="VTR:StopPointInJourneyPattern:94865325" version="2631946" order="4">
                  <ScheduledStopPointRef ref="VTR:ScheduledStopPoint:1318847"/>
                  <DestinationDisplayRef ref="VTR:DestinationDisplay:1"/>
                </StopPointInJourneyPattern>
                <StopPointInJourneyPattern id="VTR:StopPointInJourneyPattern:94865326" version="2631946" order="5">
                  <ScheduledStopPointRef ref="VTR:ScheduledStopPoint:1318848"/>
                  <DestinationDisplayRef ref="VTR:DestinationDisplay:1"/>
                </StopPointInJourneyPattern>
                <StopPointInJourneyPattern id="VTR:StopPointInJourneyPattern:94865327" version="2631946" order="6">
                  <ScheduledStopPointRef ref="VTR:ScheduledStopPoint:1318849"/>
                  <DestinationDisplayRef ref="VTR:DestinationDisplay:1"/>
                </StopPointInJourneyPattern>
                <StopPointInJourneyPattern id="VTR:StopPointInJourneyPattern:94865328" version="2631946" order="7">
                  <ScheduledStopPointRef ref="VTR:ScheduledStopPoint:1318850"/>
                  <DestinationDisplayRef ref="VTR:DestinationDisplay:1"/>
                </StopPointInJourneyPattern>
                <StopPointInJourneyPattern id="VTR:StopPointInJourneyPattern:94865329" version="2631946" order="8">
                  <ScheduledStopPointRef ref="VTR:ScheduledStopPoint:1318851"/>
                  <DestinationDisplayRef ref="VTR:DestinationDisplay:1"/>
                </StopPointInJourneyPattern>
              </pointsInSequence>
            </JourneyPattern>
          </journeyPatterns>
        </ServiceFrame>
        <TimetableFrame version="1" id="VTR:TimetableFrame:1399">
          <vehicleJourneys>
            <ServiceJourney version="2631946" id="VTR:ServiceJourney:2630017">
              <Name>Viekšnaliai-Žaduvėnai-Soblaukis-Kietkalnis-Venskiškiai-Gelsodė-Barvydžiai-Luokė 13.00</Name>
              <PrivateCode>1</PrivateCode>
              <dayTypes>
                <DayTypeRef ref="VTR:DayType:1227"/>
              </dayTypes>
              <JourneyPatternRef version="2631946" ref="VTR:JourneyPattern:2630017"/>
              <OperatorRef ref="VTR:Operator:507"/>
              <LineRef ref="VTR:Line:6156" version="7772"/>
              <passingTimes>
                <TimetabledPassingTime version="2631946" id="VTR:TimetabledPassingTime:2630017_94865322_1">
                  <StopPointInJourneyPatternRef ref="VTR:StopPointInJourneyPattern:94865322" version="2631946"/>
                  <DepartureTime>13:00:00</DepartureTime>
                  <DepartureDayOffset>0</DepartureDayOffset>
                </TimetabledPassingTime>
                <TimetabledPassingTime version="2631946" id="VTR:TimetabledPassingTime:2630017_94865323_2">
                  <StopPointInJourneyPatternRef ref="VTR:StopPointInJourneyPattern:94865323" version="2631946"/>
                  <DepartureTime>13:09:00</DepartureTime>
                  <DepartureDayOffset>0</DepartureDayOffset>
                </TimetabledPassingTime>
                <TimetabledPassingTime version="2631946" id="VTR:TimetabledPassingTime:2630017_94865324_3">
                  <StopPointInJourneyPatternRef ref="VTR:StopPointInJourneyPattern:94865324" version="2631946"/>
                  <DepartureTime>13:14:00</DepartureTime>
                  <DepartureDayOffset>0</DepartureDayOffset>
                </TimetabledPassingTime>
                <TimetabledPassingTime version="2631946" id="VTR:TimetabledPassingTime:2630017_94865325_4">
                  <StopPointInJourneyPatternRef ref="VTR:StopPointInJourneyPattern:94865325" version="2631946"/>
                  <DepartureTime>13:16:00</DepartureTime>
                  <DepartureDayOffset>0</DepartureDayOffset>
                </TimetabledPassingTime>
                <TimetabledPassingTime version="2631946" id="VTR:TimetabledPassingTime:2630017_94865326_5">
                  <StopPointInJourneyPatternRef ref="VTR:StopPointInJourneyPattern:94865326" version="2631946"/>
                  <DepartureTime>13:19:00</DepartureTime>
                  <DepartureDayOffset>0</DepartureDayOffset>
                </TimetabledPassingTime>
                <TimetabledPassingTime version="2631946" id="VTR:TimetabledPassingTime:2630017_94865327_6">
                  <StopPointInJourneyPatternRef ref="VTR:StopPointInJourneyPattern:94865327" version="2631946"/>
                  <DepartureTime>13:21:00</DepartureTime>
                  <DepartureDayOffset>0</DepartureDayOffset>
                </TimetabledPassingTime>
                <TimetabledPassingTime version="2631946" id="VTR:TimetabledPassingTime:2630017_94865328_7">
                  <StopPointInJourneyPatternRef ref="VTR:StopPointInJourneyPattern:94865328" version="2631946"/>
                  <DepartureTime>13:30:00</DepartureTime>
                  <DepartureDayOffset>0</DepartureDayOffset>
                </TimetabledPassingTime>
                <TimetabledPassingTime version="2631946" id="VTR:TimetabledPassingTime:2630017_94865329_8">
                  <StopPointInJourneyPatternRef ref="VTR:StopPointInJourneyPattern:94865329" version="2631946"/>
                  <DepartureTime>13:35:00</DepartureTime>
                  <DepartureDayOffset>0</DepartureDayOffset>
                </TimetabledPassingTime>
              </passingTimes>
            </ServiceJourney>
          </vehicleJourneys>
        </TimetableFrame>
        <ResourceFrame version="1" id="VTR:ResourceFrame:1399">
          <organisations>
            <Authority version="1" id="VTR:Authority:31">
              <CompanyNumber>78</CompanyNumber>
              <Name>Telšių r. sav.</Name>
              <LegalName>Telšių r. sav.</LegalName>
              <ContactDetails>
                <Email>zita.simaitiene@telsiai.lt</Email>
                <Phone>8 444 56183</Phone>
                <Url>www.telsiai.lt</Url>
              </ContactDetails>
              <OrganisationType>authority</OrganisationType>
            </Authority>
          </organisations>
        </ResourceFrame>
        <FareFrame id="VTR:FareFrame:6156" version="1">
          <FrameDefaults>
            <DefaultCurrency>EUR</DefaultCurrency>
          </FrameDefaults>
          <usageParameters>
            <RoundTrip id="VTR:RoundTrip:single" version="1">
              <Name>Single</Name>
              <TripType>single</TripType>
            </RoundTrip>
            <FrequencyOfUse id="VTR:FrequencyOfUse:once" version="1">
              <Name>Once</Name>
              <MaximalFrequency>1</MaximalFrequency>
            </FrequencyOfUse>
          </usageParameters>
          <priceGroups>
            <PriceGroup id="VTR:PriceGroup:PG01" version="1">
              <Name>Flat Fare Products - Standard</Name>
              <members>
                <FareProductPrice id="VTR:FareProductPrice:standard" version="1">
                  <Name>Single fare</Name>
                  <Amount>0.12</Amount>
                  <Currency>EUR</Currency>
                </FareProductPrice>
              </members>
            </PriceGroup>
          </priceGroups>
        </FareFrame>
      </frames>
    </CompositeFrame>
  </dataObjects>
</PublicationDelivery>
