<?xml version="1.0" encoding="UTF-8"?><PublicationDelivery xmlns="http://www.netex.org.uk/netex" xmlns:gis="http://www.opengis.net/gml/3.2" xmlns:ns2="http://www.opengis.net/gml/3.2" xmlns:ns3="http://www.siri.org.uk/siri" xmlns:xsi="http://www.w3.org/2001/XMLSchema-instance" version="1" xsi:schemaLocation="">
  <PublicationTimestamp>2022-05-07T04:55:00.275</PublicationTimestamp>
  <ParticipantRef>VTR</ParticipantRef>
  <Description>1</Description>
  <dataObjects>
    <CompositeFrame created="2022-05-07T04:55:00.275" version="1" id="VTR:CompositeFrame:1399">
      <validityConditions>
        <AvailabilityCondition version="1" id="VTR:AvailabilityCondition:1399">
          <FromDate>2015-07-28T14:53:51</FromDate>
          <ToDate>2027-12-30T00:00:00</ToDate>
        </AvailabilityCondition>
      </validityConditions>
      <codespaces>
        <Codespace id="vtr">
          <Xmlns>VTR</Xmlns>
          <XmlnsUrl>http://www.visimarsrutai.lt/</XmlnsUrl>
        </Codespace>
      </codespaces>
      <FrameDefaults>
        <DefaultLocale>
          <TimeZone>Europe/Vilnius</TimeZone>
        </DefaultLocale>
        <DefaultLocationSystem>WGS84</DefaultLocationSystem>
      </FrameDefaults>
      <frames>
        <ServiceCalendarFrame version="1" id="VTR:ServiceCalendarFrame:1399">
          <dayTypes>
            <DayType id="VTR:DayType:1226" version="1">
              <properties>
                <PropertyOfDay>
                  <DaysOfWeek>Monday Tuesday Wednesday Thursday Friday</DaysOfWeek>
                </PropertyOfDay>
              </properties>
            </DayType>
            <DayType id="VTR:DayType:1244" version="1">
              <properties>
                <PropertyOfDay>
                  <DaysOfWeek>Monday Tuesday Wednesday Thursday</DaysOfWeek>
                </PropertyOfDay>
              </properties>
            </DayType>
          </dayTypes>
          <operatingPeriods>
            <OperatingPeriod version="1" id="VTR:OperatingPeriod:1226">
              <FromDate>2012-01-01T00:00:00</FromDate>
              <ToDate>2018-12-31T00:00:00</ToDate>
            </OperatingPeriod>
            <OperatingPeriod version="1" id="VTR:OperatingPeriod:1244">
              <FromDate>2012-01-01T00:00:00</FromDate>
              <ToDate>2018-12-31T00:00:00</ToDate>
            </OperatingPeriod>
          </operatingPeriods>
          <dayTypeAssignments>
            <DayTypeAssignment id="VTR:DayTypeAssignment:1226_0" version="1" order="1158">
              <OperatingPeriodRef ref="VTR:OperatingPeriod:1226" version="1"/>
              <DayTypeRef ref="VTR:DayType:1226" version="1"/>
            </DayTypeAssignment>
            <DayTypeAssignment id="VTR:DayTypeAssignment:1244_0" version="1" order="1202">
              <OperatingPeriodRef ref="VTR:OperatingPeriod:1244" version="1"/>
              <DayTypeRef ref="VTR:DayType:1244" version="1"/>
            </DayTypeAssignment>
          </dayTypeAssignments>
        </ServiceCalendarFrame>
        <ServiceFrame id="VTR:ServiceFrame:1399" version="1">
          <Network version="0" id="VTR:Network:31"/>
          <routePoints>
            <RoutePoint version="1" id="VTR:RoutePoint:1761010">
              <projections>
                <PointProjection version="1" id="VTR:PointProjection:55180">
                  <ProjectedPointRef ref="VTR:ScheduledStopPoint:1761010" version="1"/>
                </PointProjection>
              </projections>
            </RoutePoint>
            <RoutePoint version="1" id="VTR:RoutePoint:1761011">
              <projections>
                <PointProjection version="1" id="VTR:PointProjection:55174">
                  <ProjectedPointRef ref="VTR:ScheduledStopPoint:1761011" version="1"/>
                </PointProjection>
              </projections>
            </RoutePoint>
            <RoutePoint version="1" id="VTR:RoutePoint:1761012">
              <projections>
                <PointProjection version="1" id="VTR:PointProjection:55175">
                  <ProjectedPointRef ref="VTR:ScheduledStopPoint:1761012" version="1"/>
                </PointProjection>
              </projections>
            </RoutePoint>
            <RoutePoint version="1" id="VTR:RoutePoint:1761013">
              <projections>
                <PointProjection version="1" id="VTR:PointProjection:55176">
                  <ProjectedPointRef ref="VTR:ScheduledStopPoint:1761013" version="1"/>
                </PointProjection>
              </projections>
            </RoutePoint>
            <RoutePoint version="1" id="VTR:RoutePoint:1761014">
              <projections>
                <PointProjection version="1" id="VTR:PointProjection:55181">
                  <ProjectedPointRef ref="VTR:ScheduledStopPoint:1761014" version="1"/>
                </PointProjection>
              </projections>
            </RoutePoint>
            <RoutePoint version="1" id="VTR:RoutePoint:1761015">
              <projections>
                <PointProjection version="1" id="VTR:PointProjection:55187">
                  <ProjectedPointRef ref="VTR:ScheduledStopPoint:1761015" version="1"/>
                </PointProjection>
              </projections>
            </RoutePoint>
            <RoutePoint version="1" id="VTR:RoutePoint:1761016">
              <projections>
                <PointProjection version="1" id="VTR:PointProjection:55188">
                  <ProjectedPointRef ref="VTR:ScheduledStopPoint:1761016" version="1"/>
                </PointProjection>
              </projections>
            </RoutePoint>
            <RoutePoint version="1" id="VTR:RoutePoint:1761017">
              <projections>
                <PointProjection version="1" id="VTR:PointProjection:55189">
                  <ProjectedPointRef ref="VTR:ScheduledStopPoint:1761017" version="1"/>
                </PointProjection>
              </projections>
            </RoutePoint>
            <RoutePoint version="1" id="VTR:RoutePoint:1761018">
              <projections>
                <PointProjection version="1" id="VTR:PointProjection:55190">
                  <ProjectedPointRef ref="VTR:ScheduledStopPoint:1761018" version="1"/>
                </PointProjection>
              </projections>
            </RoutePoint>
            <RoutePoint version="1" id="VTR:RoutePoint:1761019">
              <projections>
                <PointProjection version="1" id="VTR:PointProjection:55191">
                  <ProjectedPointRef ref="VTR:ScheduledStopPoint:1761019" version="1"/>
                </PointProjection>
              </projections>
            </RoutePoint>
            <RoutePoint version="1" id="VTR:RoutePoint:1761020">
              <projections>
                <PointProjection version="1" id="VTR:PointProjection:55192">
                  <ProjectedPointRef ref="VTR:ScheduledStopPoint:1761020" version="1"/>
                </PointProjection>
              </projections>
            </RoutePoint>
            <RoutePoint version="1" id="VTR:RoutePoint:1761021">
              <projections>
                <PointProjection version="1" id="VTR:PointProjection:59242">
                  <ProjectedPointRef ref="VTR:ScheduledStopPoint:1761021" version="1"/>
                </PointProjection>
              </projections>
            </RoutePoint>
            <RoutePoint version="1" id="VTR:RoutePoint:1761022">
              <projections>
                <PointProjection version="1" id="VTR:PointProjection:59243">
                  <ProjectedPointRef ref="VTR:ScheduledStopPoint:1761022" version="1"/>
                </PointProjection>
              </projections>
            </RoutePoint>
            <RoutePoint version="1" id="VTR:RoutePoint:1761023">
              <projections>
                <PointProjection version="1" id="VTR:PointProjection:59244">
                  <ProjectedPointRef ref="VTR:ScheduledStopPoint:1761023" version="1"/>
                </PointProjection>
              </projections>
            </RoutePoint>
            <RoutePoint version="1" id="VTR:RoutePoint:1761024">
              <projections>
                <PointProjection version="1" id="VTR:PointProjection:59245">
                  <ProjectedPointRef ref="VTR:ScheduledStopPoint:1761024" version="1"/>
                </PointProjection>
              </projections>
            </RoutePoint>
            <RoutePoint version="1" id="VTR:RoutePoint:1761025">
              <projections>
                <PointProjection version="1" id="VTR:PointProjection:59246">
                  <ProjectedPointRef ref="VTR:ScheduledStopPoint:1761025" version="1"/>
                </PointProjection>
              </projections>
            </RoutePoint>
            <RoutePoint version="1" id="VTR:RoutePoint:1761026">
              <projections>
                <PointProjection version="1" id="VTR:PointProjection:59247">
                  <ProjectedPointRef ref="VTR:ScheduledStopPoint:1761026" version="1"/>
                </PointProjection>
              </projections>
            </RoutePoint>
          </routePoints>
          <routes>
            <Route version="1" id="VTR:Route:20360">
              <Name>Gadūnavas -Telšiai</Name>
              <ShortName>Gadūnavas -Telšiai</ShortName>
              <LineRef ref="VTR:Line:1500" version="9343"/>
              <DirectionType>inbound</DirectionType>
              <pointsInSequence>
                <PointOnRoute version="1" id="VTR:PointOnRoute:1761012" order="1">
                  <RoutePointRef ref="VTR:RoutePoint:1761012"/>
                </PointOnRoute>
                <PointOnRoute version="1" id="VTR:PointOnRoute:1761011" order="2">
                  <RoutePointRef ref="VTR:RoutePoint:1761011"/>
                </PointOnRoute>
                <PointOnRoute version="1" id="VTR:PointOnRoute:1761013" order="3">
                  <RoutePointRef ref="VTR:RoutePoint:1761013"/>
                </PointOnRoute>
                <PointOnRoute version="1" id="VTR:PointOnRoute:1761014" order="4">
                  <RoutePointRef ref="VTR:RoutePoint:1761014"/>
                </PointOnRoute>
                <PointOnRoute version="1" id="VTR:PointOnRoute:1761015" order="5">
                  <RoutePointRef ref="VTR:RoutePoint:1761015"/>
                </PointOnRoute>
                <PointOnRoute version="1" id="VTR:PointOnRoute:1761016" order="6">
                  <RoutePointRef ref="VTR:RoutePoint:1761016"/>
                </PointOnRoute>
                <PointOnRoute version="1" id="VTR:PointOnRoute:1761017" order="7">
                  <RoutePointRef ref="VTR:RoutePoint:1761017"/>
                </PointOnRoute>
                <PointOnRoute version="1" id="VTR:PointOnRoute:1761010" order="8">
                  <RoutePointRef ref="VTR:RoutePoint:1761010"/>
                </PointOnRoute>
              </pointsInSequence>
            </Route>
            <Route version="1" id="VTR:Route:20361">
              <Name>Telšiai - Gadūnavas</Name>
              <ShortName>Telšiai - Gadūnavas</ShortName>
              <LineRef ref="VTR:Line:1500" version="9343"/>
              <DirectionType>outbound</DirectionType>
              <pointsInSequence>
                <PointOnRoute version="1" id="VTR:PointOnRoute:1761018" order="1">
                  <RoutePointRef ref="VTR:RoutePoint:1761018"/>
                </PointOnRoute>
                <PointOnRoute version="1" id="VTR:PointOnRoute:1761019" order="2">
                  <RoutePointRef ref="VTR:RoutePoint:1761019"/>
                </PointOnRoute>
                <PointOnRoute version="1" id="VTR:PointOnRoute:1761020" order="3">
                  <RoutePointRef ref="VTR:RoutePoint:1761020"/>
                </PointOnRoute>
                <PointOnRoute version="1" id="VTR:PointOnRoute:1761021" order="4">
                  <RoutePointRef ref="VTR:RoutePoint:1761021"/>
                </PointOnRoute>
                <PointOnRoute version="1" id="VTR:PointOnRoute:1761022" order="5">
                  <RoutePointRef ref="VTR:RoutePoint:1761022"/>
                </PointOnRoute>
                <PointOnRoute version="1" id="VTR:PointOnRoute:1761023" order="6">
                  <RoutePointRef ref="VTR:RoutePoint:1761023"/>
                </PointOnRoute>
                <PointOnRoute version="1" id="VTR:PointOnRoute:1761026" order="7">
                  <RoutePointRef ref="VTR:RoutePoint:1761026"/>
                </PointOnRoute>
                <PointOnRoute version="1" id="VTR:PointOnRoute:1761024" order="8">
                  <RoutePointRef ref="VTR:RoutePoint:1761024"/>
                </PointOnRoute>
                <PointOnRoute version="1" id="VTR:PointOnRoute:1761025" order="9">
                  <RoutePointRef ref="VTR:RoutePoint:1761025"/>
                </PointOnRoute>
              </pointsInSequence>
            </Route>
          </routes>
          <lines>
            <Line version="9343" id="VTR:Line:1500">
              <Name>Telšiai - Gadūnavas</Name>
              <TransportMode>bus</TransportMode>
              <TransportSubmode>
                <BusSubmode>regionalBus</BusSubmode>
              </TransportSubmode>
              <PublicCode>17</PublicCode>
              <OperatorRef ref="VTR:Operator:31"/>
            </Line>
          </lines>
          <scheduledStopPoints>
            <ScheduledStopPoint version="1" id="VTR:ScheduledStopPoint:1761010">
              <Name>Telšių autobusų stotis</Name>
            </ScheduledStopPoint>
            <ScheduledStopPoint version="1" id="VTR:ScheduledStopPoint:1761011">
              <Name>Sarakai</Name>
            </ScheduledStopPoint>
            <ScheduledStopPoint version="1" id="VTR:ScheduledStopPoint:1761012">
              <Name>Gadūnavas</Name>
            </ScheduledStopPoint>
            <ScheduledStopPoint version="1" id="VTR:ScheduledStopPoint:1761013">
              <Name>Buožėnai</Name>
            </ScheduledStopPoint>
            <ScheduledStopPoint version="1" id="VTR:ScheduledStopPoint:1761014">
              <Name>Kalnėnai</Name>
            </ScheduledStopPoint>
            <ScheduledStopPoint version="1" id="VTR:ScheduledStopPoint:1761015">
              <Name>Gaudikaičiai</Name>
            </ScheduledStopPoint>
            <ScheduledStopPoint version="1" id="VTR:ScheduledStopPoint:1761016">
              <Name>"Žemaitijos pienas"</Name>
            </ScheduledStopPoint>
            <ScheduledStopPoint version="1" id="VTR:ScheduledStopPoint:1761017">
              <Name>Džiugo mokykla</Name>
            </ScheduledStopPoint>
            <ScheduledStopPoint version="1" id="VTR:ScheduledStopPoint:1761018">
              <Name>Telšių autobusų stotis</Name>
            </ScheduledStopPoint>
            <ScheduledStopPoint version="1" id="VTR:ScheduledStopPoint:1761019">
              <Name>Džiugo mokykla</Name>
            </ScheduledStopPoint>
            <ScheduledStopPoint version="1" id="VTR:ScheduledStopPoint:1761020">
              <Name>"Žemaitijos pienas"</Name>
            </ScheduledStopPoint>
            <ScheduledStopPoint version="1" id="VTR:ScheduledStopPoint:1761021">
              <Name>Gaudikaičiai</Name>
            </ScheduledStopPoint>
            <ScheduledStopPoint version="1" id="VTR:ScheduledStopPoint:1761022">
              <Name>Kalnėnai</Name>
            </ScheduledStopPoint>
            <ScheduledStopPoint version="1" id="VTR:ScheduledStopPoint:1761023">
              <Name>Buožėnai</Name>
            </ScheduledStopPoint>
            <ScheduledStopPoint version="1" id="VTR:ScheduledStopPoint:1761024">
              <Name>Sarakai</Name>
            </ScheduledStopPoint>
            <ScheduledStopPoint version="1" id="VTR:ScheduledStopPoint:1761025">
              <Name>Gadūnavas</Name>
            </ScheduledStopPoint>
            <ScheduledStopPoint version="1" id="VTR:ScheduledStopPoint:1761026">
              <Name>Buožėnai</Name>
            </ScheduledStopPoint>
          </scheduledStopPoints>
          <serviceLinks>
            <ServiceLink id="VTR:ServiceLink:1761013_1_1761014_1" version="1">
              <Distance>2</Distance>
              <FromPointRef ref="VTR:ScheduledStopPoint:1761013" version="1"/>
              <ToPointRef ref="VTR:ScheduledStopPoint:1761014" version="1"/>
            </ServiceLink>
            <ServiceLink id="VTR:ServiceLink:1761015_1_1761016_1" version="1">
              <Distance>0</Distance>
              <FromPointRef ref="VTR:ScheduledStopPoint:1761015" version="1"/>
              <ToPointRef ref="VTR:ScheduledStopPoint:1761016" version="1"/>
            </ServiceLink>
            <ServiceLink id="VTR:ServiceLink:1761020_1_1761021_1" version="1">
              <Distance>0</Distance>
              <FromPointRef ref="VTR:ScheduledStopPoint:1761020" version="1"/>
              <ToPointRef ref="VTR:ScheduledStopPoint:1761021" version="1"/>
            </ServiceLink>
            <ServiceLink id="VTR:ServiceLink:1761021_1_1761022_1" version="1">
              <Distance>0</Distance>
              <FromPointRef ref="VTR:ScheduledStopPoint:1761021" version="1"/>
              <ToPointRef ref="VTR:ScheduledStopPoint:1761022" version="1"/>
            </ServiceLink>
            <ServiceLink id="VTR:ServiceLink:1761022_1_1761023_1" version="1">
              <Distance>3</Distance>
              <FromPointRef ref="VTR:ScheduledStopPoint:1761022" version="1"/>
              <ToPointRef ref="VTR:ScheduledStopPoint:1761023" version="1"/>
            </ServiceLink>
            <ServiceLink id="VTR:ServiceLink:1761014_1_1761015_1" version="1">
              <Distance>0</Distance>
              <FromPointRef ref="VTR:ScheduledStopPoint:1761014" version="1"/>
              <ToPointRef ref="VTR:ScheduledStopPoint:1761015" version="1"/>
            </ServiceLink>
            <ServiceLink id="VTR:ServiceLink:1761023_1_1761026_1" version="1">
              <Distance>0</Distance>
              <FromPointRef ref="VTR:ScheduledStopPoint:1761023" version="1"/>
              <ToPointRef ref="VTR:ScheduledStopPoint:1761026" version="1"/>
            </ServiceLink>
            <ServiceLink id="VTR:ServiceLink:1761017_1_1761010_1" version="1">
              <Distance>1</Distance>
              <FromPointRef ref="VTR:ScheduledStopPoint:1761017" version="1"/>
              <ToPointRef ref="VTR:ScheduledStopPoint:1761010" version="1"/>
            </ServiceLink>
            <ServiceLink id="VTR:ServiceLink:1761018_1_1761019_1" version="1">
              <Distance>1</Distance>
              <FromPointRef ref="VTR:ScheduledStopPoint:1761018" version="1"/>
              <ToPointRef ref="VTR:ScheduledStopPoint:1761019" version="1"/>
            </ServiceLink>
            <ServiceLink id="VTR:ServiceLink:1761012_1_1761011_1" version="1">
              <Distance>1</Distance>
              <FromPointRef ref="VTR:ScheduledStopPoint:1761012" version="1"/>
              <ToPointRef ref="VTR:ScheduledStopPoint:1761011" version="1"/>
            </ServiceLink>
            <ServiceLink id="VTR:ServiceLink:1761011_1_1761013_1" version="1">
              <Distance>3</Distance>
              <FromPointRef ref="VTR:ScheduledStopPoint:1761011" version="1"/>
              <ToPointRef ref="VTR:ScheduledStopPoint:1761013" version="1"/>
            </ServiceLink>
            <ServiceLink id="VTR:ServiceLink:1761024_1_1761025_1" version="1">
              <Distance>1</Distance>
              <FromPointRef ref="VTR:ScheduledStopPoint:1761024" version="1"/>
              <ToPointRef ref="VTR:ScheduledStopPoint:1761025" version="1"/>
            </ServiceLink>
            <ServiceLink id="VTR:ServiceLink:1761026_1_1761024_1" version="1">
              <Distance>3</Distance>
              <FromPointRef ref="VTR:ScheduledStopPoint:1761026" version="1"/>
              <ToPointRef ref="VTR:ScheduledStopPoint:1761024" version="1"/>
            </ServiceLink>
            <ServiceLink id="VTR:ServiceLink:1761019_1_1761020_1" version="1">
              <Distance>0</Distance>
              <FromPointRef ref="VTR:ScheduledStopPoint:1761019" version="1"/>
              <ToPointRef ref="VTR:ScheduledStopPoint:1761020" version="1"/>
            </ServiceLink>
            <ServiceLink id="VTR:ServiceLink:1761016_1_1761017_1" version="1">
              <Distance>0</Distance>
              <FromPointRef ref="VTR:ScheduledStopPoint:1761016" version="1"/>
              <ToPointRef ref="VTR:ScheduledStopPoint:1761017" version="1"/>
            </ServiceLink>
          </serviceLinks>
          <stopAssignments>
            <PassengerStopAssignment order="2036000000" id="VTR:PassengerStopAssignment:1761012" version="1">
              <ScheduledStopPointRef ref="VTR:ScheduledStopPoint:1761012" version="1"/>
              <QuayRef ref="VTR:Quay:6440"/>
            </PassengerStopAssignment>
            <PassengerStopAssignment order="2036000001" id="VTR:PassengerStopAssignment:1761011" version="1">
              <ScheduledStopPointRef ref="VTR:ScheduledStopPoint:1761011" version="1"/>
              <QuayRef ref="VTR:Quay:5387"/>
            </PassengerStopAssignment>
            <PassengerStopAssignment order="2036000002" id="VTR:PassengerStopAssignment:1761013" version="1">
              <ScheduledStopPointRef ref="VTR:ScheduledStopPoint:1761013" version="1"/>
              <QuayRef ref="VTR:Quay:14254"/>
            </PassengerStopAssignment>
            <PassengerStopAssignment order="2036000003" id="VTR:PassengerStopAssignment:1761014" version="1">
              <ScheduledStopPointRef ref="VTR:ScheduledStopPoint:1761014" version="1"/>
              <QuayRef ref="VTR:Quay:16237"/>
            </PassengerStopAssignment>
            <PassengerStopAssignment order="2036000004" id="VTR:PassengerStopAssignment:1761015" version="1">
              <ScheduledStopPointRef ref="VTR:ScheduledStopPoint:1761015" version="1"/>
              <QuayRef ref="VTR:Quay:8282"/>
            </PassengerStopAssignment>
            <PassengerStopAssignment order="2036000005" id="VTR:PassengerStopAssignment:1761016" version="1">
              <ScheduledStopPointRef ref="VTR:ScheduledStopPoint:1761016" version="1"/>
              <QuayRef ref="VTR:Quay:21135"/>
            </PassengerStopAssignment>
            <PassengerStopAssignment order="2036000006" id="VTR:PassengerStopAssignment:1761017" version="1">
              <ScheduledStopPointRef ref="VTR:ScheduledStopPoint:1761017" version="1"/>
              <QuayRef ref="VTR:Quay:21133"/>
            </PassengerStopAssignment>
            <PassengerStopAssignment order="2036000007" id="VTR:PassengerStopAssignment:1761010" version="1">
              <ScheduledStopPointRef ref="VTR:ScheduledStopPoint:1761010" version="1"/>
              <QuayRef ref="VTR:Quay:19451"/>
            </PassengerStopAssignment>
            <PassengerStopAssignment order="2036100000" id="VTR:PassengerStopAssignment:1761018" version="1">
              <ScheduledStopPointRef ref="VTR:ScheduledStopPoint:1761018" version="1"/>
              <QuayRef ref="VTR:Quay:19451"/>
            </PassengerStopAssignment>
            <PassengerStopAssignment order="2036100001" id="VTR:PassengerStopAssignment:1761019" version="1">
              <ScheduledStopPointRef ref="VTR:ScheduledStopPoint:1761019" version="1"/>
              <QuayRef ref="VTR:Quay:21134"/>
            </PassengerStopAssignment>
            <PassengerStopAssignment order="2036100002" id="VTR:PassengerStopAssignment:1761020" version="1">
              <ScheduledStopPointRef ref="VTR:ScheduledStopPoint:1761020" version="1"/>
              <QuayRef ref="VTR:Quay:21136"/>
            </PassengerStopAssignment>
            <PassengerStopAssignment order="2036100003" id="VTR:PassengerStopAssignment:1761021" version="1">
              <ScheduledStopPointRef ref="VTR:ScheduledStopPoint:1761021" version="1"/>
              <QuayRef ref="VTR:Quay:16246"/>
            </PassengerStopAssignment>
            <PassengerStopAssignment order="2036100004" id="VTR:PassengerStopAssignment:1761022" version="1">
              <ScheduledStopPointRef ref="VTR:ScheduledStopPoint:1761022" version="1"/>
              <QuayRef ref="VTR:Quay:11261"/>
            </PassengerStopAssignment>
            <PassengerStopAssignment order="2036100005" id="VTR:PassengerStopAssignment:1761023" version="1">
              <ScheduledStopPointRef ref="VTR:ScheduledStopPoint:1761023" version="1"/>
              <QuayRef ref="VTR:Quay:9360"/>
            </PassengerStopAssignment>
            <PassengerStopAssignment order="2036100006" id="VTR:PassengerStopAssignment:1761026" version="1">
              <ScheduledStopPointRef ref="VTR:ScheduledStopPoint:1761026" version="1"/>
              <QuayRef ref="VTR:Quay:7721"/>
            </PassengerStopAssignment>
            <PassengerStopAssignment order="2036100007" id="VTR:PassengerStopAssignment:1761024" version="1">
              <ScheduledStopPointRef ref="VTR:ScheduledStopPoint:1761024" version="1"/>
              <QuayRef ref="VTR:Quay:5387"/>
            </PassengerStopAssignment>
            <PassengerStopAssignment order="2036100008" id="VTR:PassengerStopAssignment:1761025" version="1">
              <ScheduledStopPointRef ref="VTR:ScheduledStopPoint:1761025" version="1"/>
              <QuayRef ref="VTR:Quay:6440"/>
            </PassengerStopAssignment>
          </stopAssignments>
          <journeyPatterns>
            <JourneyPattern id="VTR:JourneyPattern:3764271" version="3766839">
              <Name>4</Name>
              <RouteRef ref="VTR:Route:20361" version="1"/>
              <pointsInSequence>
                <StopPointInJourneyPattern id="VTR:StopPointInJourneyPattern:129693370" version="3766839" order="1">
                  <ScheduledStopPointRef ref="VTR:ScheduledStopPoint:1761018"/>
                  <DestinationDisplayRef ref="VTR:DestinationDisplay:1"/>
                </StopPointInJourneyPattern>
                <StopPointInJourneyPattern id="VTR:StopPointInJourneyPattern:129693371" version="3766839" order="2">
                  <ScheduledStopPointRef ref="VTR:ScheduledStopPoint:1761019"/>
                  <DestinationDisplayRef ref="VTR:DestinationDisplay:1"/>
                </StopPointInJourneyPattern>
                <StopPointInJourneyPattern id="VTR:StopPointInJourneyPattern:129693372" version="3766839" order="3">
                  <ScheduledStopPointRef ref="VTR:ScheduledStopPoint:1761020"/>
                  <DestinationDisplayRef ref="VTR:DestinationDisplay:1"/>
                </StopPointInJourneyPattern>
                <StopPointInJourneyPattern id="VTR:StopPointInJourneyPattern:129693373" version="3766839" order="4">
                  <ScheduledStopPointRef ref="VTR:ScheduledStopPoint:1761021"/>
                  <DestinationDisplayRef ref="VTR:DestinationDisplay:1"/>
                </StopPointInJourneyPattern>
                <StopPointInJourneyPattern id="VTR:StopPointInJourneyPattern:129693374" version="3766839" order="5">
                  <ScheduledStopPointRef ref="VTR:ScheduledStopPoint:1761022"/>
                  <DestinationDisplayRef ref="VTR:DestinationDisplay:1"/>
                </StopPointInJourneyPattern>
                <StopPointInJourneyPattern id="VTR:StopPointInJourneyPattern:129693375" version="3766839" order="6">
                  <ScheduledStopPointRef ref="VTR:ScheduledStopPoint:1761023"/>
                  <DestinationDisplayRef ref="VTR:DestinationDisplay:1"/>
                </StopPointInJourneyPattern>
                <StopPointInJourneyPattern id="VTR:StopPointInJourneyPattern:129693376" version="3766839" order="7">
                  <ScheduledStopPointRef ref="VTR:ScheduledStopPoint:1761026"/>
                  <DestinationDisplayRef ref="VTR:DestinationDisplay:1"/>
                </StopPointInJourneyPattern>
                <StopPointInJourneyPattern id="VTR:StopPointInJourneyPattern:129693377" version="3766839" order="8">
                  <ScheduledStopPointRef ref="VTR:ScheduledStopPoint:1761024"/>
                  <DestinationDisplayRef ref="VTR:DestinationDisplay:1"/>
                </StopPointInJourneyPattern>
                <StopPointInJourneyPattern id="VTR:StopPointInJourneyPattern:129693378" version="3766839" order="9">
                  <ScheduledStopPointRef ref="VTR:ScheduledStopPoint:1761025"/>
                  <DestinationDisplayRef ref="VTR:DestinationDisplay:1"/>
                </StopPointInJourneyPattern>
              </pointsInSequence>
            </JourneyPattern>
            <JourneyPattern id="VTR:JourneyPattern:3764270" version="3766838">
              <Name>3</Name>
              <RouteRef ref="VTR:Route:20360" version="1"/>
              <pointsInSequence>
                <StopPointInJourneyPattern id="VTR:StopPointInJourneyPattern:129693362" version="3766838" order="1">
                  <ScheduledStopPointRef ref="VTR:ScheduledStopPoint:1761012"/>
                  <DestinationDisplayRef ref="VTR:DestinationDisplay:1"/>
                </StopPointInJourneyPattern>
                <StopPointInJourneyPattern id="VTR:StopPointInJourneyPattern:129693363" version="3766838" order="2">
                  <ScheduledStopPointRef ref="VTR:ScheduledStopPoint:1761011"/>
                  <DestinationDisplayRef ref="VTR:DestinationDisplay:1"/>
                </StopPointInJourneyPattern>
                <StopPointInJourneyPattern id="VTR:StopPointInJourneyPattern:129693364" version="3766838" order="3">
                  <ScheduledStopPointRef ref="VTR:ScheduledStopPoint:1761013"/>
                  <DestinationDisplayRef ref="VTR:DestinationDisplay:1"/>
                </StopPointInJourneyPattern>
                <StopPointInJourneyPattern id="VTR:StopPointInJourneyPattern:129693365" version="3766838" order="4">
                  <ScheduledStopPointRef ref="VTR:ScheduledStopPoint:1761014"/>
                  <DestinationDisplayRef ref="VTR:DestinationDisplay:1"/>
                </StopPointInJourneyPattern>
                <StopPointInJourneyPattern id="VTR:StopPointInJourneyPattern:129693366" version="3766838" order="5">
                  <ScheduledStopPointRef ref="VTR:ScheduledStopPoint:1761015"/>
                  <DestinationDisplayRef ref="VTR:DestinationDisplay:1"/>
                </StopPointInJourneyPattern>
                <StopPointInJourneyPattern id="VTR:StopPointInJourneyPattern:129693367" version="3766838" order="6">
                  <ScheduledStopPointRef ref="VTR:ScheduledStopPoint:1761016"/>
                  <DestinationDisplayRef ref="VTR:DestinationDisplay:1"/>
                </StopPointInJourneyPattern>
                <StopPointInJourneyPattern id="VTR:StopPointInJourneyPattern:129693368" version="3766838" order="7">
                  <ScheduledStopPointRef ref="VTR:ScheduledStopPoint:1761017"/>
                  <DestinationDisplayRef ref="VTR:DestinationDisplay:1"/>
                </StopPointInJourneyPattern>
                <StopPointInJourneyPattern id="VTR:StopPointInJourneyPattern:129693369" version="3766838" order="8">
                  <ScheduledStopPointRef ref="VTR:ScheduledStopPoint:1761010"/>
                  <DestinationDisplayRef ref="VTR:DestinationDisplay:1"/>
                </StopPointInJourneyPattern>
              </pointsInSequence>
            </JourneyPattern>
          </journeyPatterns>
        </ServiceFrame>
        <TimetableFrame version="1" id="VTR:TimetableFrame:1399">
          <vehicleJourneys>
            <ServiceJourney version="3766839" id="VTR:ServiceJourney:3764271">
              <Name>Telšiai - Gadūnavas</Name>
              <PrivateCode>4</PrivateCode>
              <dayTypes>
                <DayTypeRef ref="VTR:DayType:1226"/>
              </dayTypes>
              <JourneyPatternRef version="3766839" ref="VTR:JourneyPattern:3764271"/>
              <OperatorRef ref="VTR:Operator:526"/>
              <LineRef ref="VTR:Line:1500" version="9343"/>
              <passingTimes>
                <TimetabledPassingTime version="3766839" id="VTR:TimetabledPassingTime:3764271_129693370_1">
                  <StopPointInJourneyPatternRef ref="VTR:StopPointInJourneyPattern:129693370" version="3766839"/>
                  <DepartureTime>17:20:00</DepartureTime>
                  <DepartureDayOffset>0</DepartureDayOffset>
                </TimetabledPassingTime>
                <TimetabledPassingTime version="3766839" id="VTR:TimetabledPassingTime:3764271_129693371_2">
                  <StopPointInJourneyPatternRef ref="VTR:StopPointInJourneyPattern:129693371" version="3766839"/>
                  <DepartureTime>17:22:00</DepartureTime>
                  <DepartureDayOffset>0</DepartureDayOffset>
                </TimetabledPassingTime>
                <TimetabledPassingTime version="3766839" id="VTR:TimetabledPassingTime:3764271_129693372_3">
                  <StopPointInJourneyPatternRef ref="VTR:StopPointInJourneyPattern:129693372" version="3766839"/>
                  <DepartureTime>17:23:00</DepartureTime>
                  <DepartureDayOffset>0</DepartureDayOffset>
                </TimetabledPassingTime>
                <TimetabledPassingTime version="3766839" id="VTR:TimetabledPassingTime:3764271_129693373_4">
                  <StopPointInJourneyPatternRef ref="VTR:StopPointInJourneyPattern:129693373" version="3766839"/>
                  <DepartureTime>17:24:00</DepartureTime>
                  <DepartureDayOffset>0</DepartureDayOffset>
                </TimetabledPassingTime>
                <TimetabledPassingTime version="3766839" id="VTR:TimetabledPassingTime:3764271_129693374_5">
                  <StopPointInJourneyPatternRef ref="VTR:StopPointInJourneyPattern:129693374" version="3766839"/>
                  <DepartureTime>17:25:00</DepartureTime>
                  <DepartureDayOffset>0</DepartureDayOffset>
                </TimetabledPassingTime>
                <TimetabledPassingTime version="3766839" id="VTR:TimetabledPassingTime:3764271_129693375_6">
                  <StopPointInJourneyPatternRef ref="VTR:StopPointInJourneyPattern:129693375" version="3766839"/>
                  <DepartureTime>17:28:00</DepartureTime>
                  <DepartureDayOffset>0</DepartureDayOffset>
                </TimetabledPassingTime>
                <TimetabledPassingTime version="3766839" id="VTR:TimetabledPassingTime:3764271_129693376_7">
                  <StopPointInJourneyPatternRef ref="VTR:StopPointInJourneyPattern:129693376" version="3766839"/>
                  <DepartureTime>17:29:00</DepartureTime>
                  <DepartureDayOffset>0</DepartureDayOffset>
                </TimetabledPassingTime>
                <TimetabledPassingTime version="3766839" id="VTR:TimetabledPassingTime:3764271_129693377_8">
                  <StopPointInJourneyPatternRef ref="VTR:StopPointInJourneyPattern:129693377" version="3766839"/>
                  <DepartureTime>17:31:00</DepartureTime>
                  <DepartureDayOffset>0</DepartureDayOffset>
                </TimetabledPassingTime>
                <TimetabledPassingTime version="3766839" id="VTR:TimetabledPassingTime:3764271_129693378_9">
                  <StopPointInJourneyPatternRef ref="VTR:StopPointInJourneyPattern:129693378" version="3766839"/>
                  <DepartureTime>17:32:00</DepartureTime>
                  <DepartureDayOffset>0</DepartureDayOffset>
                </TimetabledPassingTime>
              </passingTimes>
            </ServiceJourney>
            <ServiceJourney version="3766838" id="VTR:ServiceJourney:3764270">
              <Name>Gadūnavas -Telšiai</Name>
              <PrivateCode>3</PrivateCode>
              <dayTypes>
                <DayTypeRef ref="VTR:DayType:1226"/>
              </dayTypes>
              <JourneyPatternRef version="3766838" ref="VTR:JourneyPattern:3764270"/>
              <OperatorRef ref="VTR:Operator:526"/>
              <LineRef ref="VTR:Line:1500" version="9343"/>
              <passingTimes>
                <TimetabledPassingTime version="3766838" id="VTR:TimetabledPassingTime:3764270_129693362_1">
                  <StopPointInJourneyPatternRef ref="VTR:StopPointInJourneyPattern:129693362" version="3766838"/>
                  <DepartureTime>17:45:00</DepartureTime>
                  <DepartureDayOffset>0</DepartureDayOffset>
                </TimetabledPassingTime>
                <TimetabledPassingTime version="3766838" id="VTR:TimetabledPassingTime:3764270_129693363_2">
                  <StopPointInJourneyPatternRef ref="VTR:StopPointInJourneyPattern:129693363" version="3766838"/>
                  <DepartureTime>17:46:00</DepartureTime>
                  <DepartureDayOffset>0</DepartureDayOffset>
                </TimetabledPassingTime>
                <TimetabledPassingTime version="3766838" id="VTR:TimetabledPassingTime:3764270_129693364_3">
                  <StopPointInJourneyPatternRef ref="VTR:StopPointInJourneyPattern:129693364" version="3766838"/>
                  <DepartureTime>17:49:00</DepartureTime>
                  <DepartureDayOffset>0</DepartureDayOffset>
                </TimetabledPassingTime>
                <TimetabledPassingTime version="3766838" id="VTR:TimetabledPassingTime:3764270_129693365_4">
                  <StopPointInJourneyPatternRef ref="VTR:StopPointInJourneyPattern:129693365" version="3766838"/>
                  <DepartureTime>17:51:00</DepartureTime>
                  <DepartureDayOffset>0</DepartureDayOffset>
                </TimetabledPassingTime>
                <TimetabledPassingTime version="3766838" id="VTR:TimetabledPassingTime:3764270_129693366_5">
                  <StopPointInJourneyPatternRef ref="VTR:StopPointInJourneyPattern:129693366" version="3766838"/>
                  <DepartureTime>17:52:00</DepartureTime>
                  <DepartureDayOffset>0</DepartureDayOffset>
                </TimetabledPassingTime>
                <TimetabledPassingTime version="3766838" id="VTR:TimetabledPassingTime:3764270_129693367_6">
                  <StopPointInJourneyPatternRef ref="VTR:StopPointInJourneyPattern:129693367" version="3766838"/>
                  <DepartureTime>17:54:00</DepartureTime>
                  <DepartureDayOffset>0</DepartureDayOffset>
                </TimetabledPassingTime>
                <TimetabledPassingTime version="3766838" id="VTR:TimetabledPassingTime:3764270_129693368_7">
                  <StopPointInJourneyPatternRef ref="VTR:StopPointInJourneyPattern:129693368" version="3766838"/>
                  <DepartureTime>17:56:00</DepartureTime>
                  <DepartureDayOffset>0</DepartureDayOffset>
                </TimetabledPassingTime>
                <TimetabledPassingTime version="3766838" id="VTR:TimetabledPassingTime:3764270_129693369_8">
                  <StopPointInJourneyPatternRef ref="VTR:StopPointInJourneyPattern:129693369" version="3766838"/>
                  <DepartureTime>17:58:00</DepartureTime>
                  <DepartureDayOffset>0</DepartureDayOffset>
                </TimetabledPassingTime>
              </passingTimes>
            </ServiceJourney>
          </vehicleJourneys>
        </TimetableFrame>
        <ResourceFrame version="1" id="VTR:ResourceFrame:1399">
          <organisations>
            <Authority version="1" id="VTR:Authority:31">
              <CompanyNumber>78</CompanyNumber>
              <Name>Telšių r. sav.</Name>
              <LegalName>Telšių r. sav.</LegalName>
              <ContactDetails>
                <Email>zita.simaitiene@telsiai.lt</Email>
                <Phone>8 444 56183</Phone>
                <Url>www.telsiai.lt</Url>
              </ContactDetails>
              <OrganisationType>authority</OrganisationType>
            </Authority>
          </organisations>
        </ResourceFrame>
        <FareFrame id="VTR:FareFrame:1500" version="1">
          <FrameDefaults>
            <DefaultCurrency>EUR</DefaultCurrency>
          </FrameDefaults>
          <usageParameters>
            <RoundTrip id="VTR:RoundTrip:single" version="1">
              <Name>Single</Name>
              <TripType>single</TripType>
            </RoundTrip>
            <FrequencyOfUse id="VTR:FrequencyOfUse:once" version="1">
              <Name>Once</Name>
              <MaximalFrequency>1</MaximalFrequency>
            </FrequencyOfUse>
          </usageParameters>
          <priceGroups>
            <PriceGroup id="VTR:PriceGroup:PG01" version="1">
              <Name>Flat Fare Products - Standard</Name>
              <members>
                <FareProductPrice id="VTR:FareProductPrice:standard" version="1">
                  <Name>Single fare</Name>
                  <Amount>0.12</Amount>
                  <Currency>EUR</Currency>
                </FareProductPrice>
              </members>
            </PriceGroup>
          </priceGroups>
        </FareFrame>
      </frames>
    </CompositeFrame>
  </dataObjects>
</PublicationDelivery>
