<?xml version="1.0" encoding="UTF-8"?><PublicationDelivery xmlns="http://www.netex.org.uk/netex" xmlns:gis="http://www.opengis.net/gml/3.2" xmlns:ns2="http://www.opengis.net/gml/3.2" xmlns:ns3="http://www.siri.org.uk/siri" xmlns:xsi="http://www.w3.org/2001/XMLSchema-instance" version="1" xsi:schemaLocation="">
  <PublicationTimestamp>2022-05-07T04:55:00.275</PublicationTimestamp>
  <ParticipantRef>VTR</ParticipantRef>
  <Description>1</Description>
  <dataObjects>
    <CompositeFrame created="2022-05-07T04:55:00.275" version="1" id="VTR:CompositeFrame:1399">
      <validityConditions>
        <AvailabilityCondition version="1" id="VTR:AvailabilityCondition:1399">
          <FromDate>2015-07-29T11:24:26</FromDate>
          <ToDate>2027-12-30T00:00:00</ToDate>
        </AvailabilityCondition>
      </validityConditions>
      <codespaces>
        <Codespace id="vtr">
          <Xmlns>VTR</Xmlns>
          <XmlnsUrl>http://www.visimarsrutai.lt/</XmlnsUrl>
        </Codespace>
      </codespaces>
      <FrameDefaults>
        <DefaultLocale>
          <TimeZone>Europe/Vilnius</TimeZone>
        </DefaultLocale>
        <DefaultLocationSystem>WGS84</DefaultLocationSystem>
      </FrameDefaults>
      <frames>
        <ServiceCalendarFrame version="1" id="VTR:ServiceCalendarFrame:1399">
          <dayTypes>
            <DayType id="VTR:DayType:1226" version="1">
              <properties>
                <PropertyOfDay>
                  <DaysOfWeek>Monday Tuesday Wednesday Thursday Friday</DaysOfWeek>
                </PropertyOfDay>
              </properties>
            </DayType>
          </dayTypes>
          <operatingPeriods>
            <OperatingPeriod version="1" id="VTR:OperatingPeriod:1226">
              <FromDate>2012-01-01T00:00:00</FromDate>
              <ToDate>2018-12-31T00:00:00</ToDate>
            </OperatingPeriod>
          </operatingPeriods>
          <dayTypeAssignments>
            <DayTypeAssignment id="VTR:DayTypeAssignment:1226_0" version="1" order="1169">
              <OperatingPeriodRef ref="VTR:OperatingPeriod:1226" version="1"/>
              <DayTypeRef ref="VTR:DayType:1226" version="1"/>
            </DayTypeAssignment>
          </dayTypeAssignments>
        </ServiceCalendarFrame>
        <ServiceFrame id="VTR:ServiceFrame:1399" version="1">
          <Network version="0" id="VTR:Network:31"/>
          <routePoints>
            <RoutePoint version="1" id="VTR:RoutePoint:490882">
              <projections>
                <PointProjection version="1" id="VTR:PointProjection:39712">
                  <ProjectedPointRef ref="VTR:ScheduledStopPoint:490882" version="1"/>
                </PointProjection>
              </projections>
            </RoutePoint>
            <RoutePoint version="1" id="VTR:RoutePoint:490892">
              <projections>
                <PointProjection version="1" id="VTR:PointProjection:138">
                  <ProjectedPointRef ref="VTR:ScheduledStopPoint:490892" version="1"/>
                </PointProjection>
              </projections>
            </RoutePoint>
            <RoutePoint version="1" id="VTR:RoutePoint:535461">
              <projections>
                <PointProjection version="1" id="VTR:PointProjection:521">
                  <ProjectedPointRef ref="VTR:ScheduledStopPoint:535461" version="1"/>
                </PointProjection>
              </projections>
            </RoutePoint>
            <RoutePoint version="1" id="VTR:RoutePoint:535462">
              <projections>
                <PointProjection version="1" id="VTR:PointProjection:522">
                  <ProjectedPointRef ref="VTR:ScheduledStopPoint:535462" version="1"/>
                </PointProjection>
              </projections>
            </RoutePoint>
            <RoutePoint version="1" id="VTR:RoutePoint:535463">
              <projections>
                <PointProjection version="1" id="VTR:PointProjection:523">
                  <ProjectedPointRef ref="VTR:ScheduledStopPoint:535463" version="1"/>
                </PointProjection>
              </projections>
            </RoutePoint>
            <RoutePoint version="1" id="VTR:RoutePoint:535464">
              <projections>
                <PointProjection version="1" id="VTR:PointProjection:524">
                  <ProjectedPointRef ref="VTR:ScheduledStopPoint:535464" version="1"/>
                </PointProjection>
              </projections>
            </RoutePoint>
            <RoutePoint version="1" id="VTR:RoutePoint:535465">
              <projections>
                <PointProjection version="1" id="VTR:PointProjection:525">
                  <ProjectedPointRef ref="VTR:ScheduledStopPoint:535465" version="1"/>
                </PointProjection>
              </projections>
            </RoutePoint>
            <RoutePoint version="1" id="VTR:RoutePoint:535466">
              <projections>
                <PointProjection version="1" id="VTR:PointProjection:526">
                  <ProjectedPointRef ref="VTR:ScheduledStopPoint:535466" version="1"/>
                </PointProjection>
              </projections>
            </RoutePoint>
            <RoutePoint version="1" id="VTR:RoutePoint:535467">
              <projections>
                <PointProjection version="1" id="VTR:PointProjection:527">
                  <ProjectedPointRef ref="VTR:ScheduledStopPoint:535467" version="1"/>
                </PointProjection>
              </projections>
            </RoutePoint>
            <RoutePoint version="1" id="VTR:RoutePoint:535468">
              <projections>
                <PointProjection version="1" id="VTR:PointProjection:528">
                  <ProjectedPointRef ref="VTR:ScheduledStopPoint:535468" version="1"/>
                </PointProjection>
              </projections>
            </RoutePoint>
            <RoutePoint version="1" id="VTR:RoutePoint:535469">
              <projections>
                <PointProjection version="1" id="VTR:PointProjection:532">
                  <ProjectedPointRef ref="VTR:ScheduledStopPoint:535469" version="1"/>
                </PointProjection>
              </projections>
            </RoutePoint>
            <RoutePoint version="1" id="VTR:RoutePoint:535470">
              <projections>
                <PointProjection version="1" id="VTR:PointProjection:533">
                  <ProjectedPointRef ref="VTR:ScheduledStopPoint:535470" version="1"/>
                </PointProjection>
              </projections>
            </RoutePoint>
            <RoutePoint version="1" id="VTR:RoutePoint:535471">
              <projections>
                <PointProjection version="1" id="VTR:PointProjection:1369">
                  <ProjectedPointRef ref="VTR:ScheduledStopPoint:535471" version="1"/>
                </PointProjection>
              </projections>
            </RoutePoint>
            <RoutePoint version="1" id="VTR:RoutePoint:535472">
              <projections>
                <PointProjection version="1" id="VTR:PointProjection:1370">
                  <ProjectedPointRef ref="VTR:ScheduledStopPoint:535472" version="1"/>
                </PointProjection>
              </projections>
            </RoutePoint>
            <RoutePoint version="1" id="VTR:RoutePoint:535473">
              <projections>
                <PointProjection version="1" id="VTR:PointProjection:1371">
                  <ProjectedPointRef ref="VTR:ScheduledStopPoint:535473" version="1"/>
                </PointProjection>
              </projections>
            </RoutePoint>
            <RoutePoint version="1" id="VTR:RoutePoint:535474">
              <projections>
                <PointProjection version="1" id="VTR:PointProjection:1372">
                  <ProjectedPointRef ref="VTR:ScheduledStopPoint:535474" version="1"/>
                </PointProjection>
              </projections>
            </RoutePoint>
            <RoutePoint version="1" id="VTR:RoutePoint:535475">
              <projections>
                <PointProjection version="1" id="VTR:PointProjection:1373">
                  <ProjectedPointRef ref="VTR:ScheduledStopPoint:535475" version="1"/>
                </PointProjection>
              </projections>
            </RoutePoint>
            <RoutePoint version="1" id="VTR:RoutePoint:535476">
              <projections>
                <PointProjection version="1" id="VTR:PointProjection:1374">
                  <ProjectedPointRef ref="VTR:ScheduledStopPoint:535476" version="1"/>
                </PointProjection>
              </projections>
            </RoutePoint>
            <RoutePoint version="1" id="VTR:RoutePoint:535477">
              <projections>
                <PointProjection version="1" id="VTR:PointProjection:4701">
                  <ProjectedPointRef ref="VTR:ScheduledStopPoint:535477" version="1"/>
                </PointProjection>
              </projections>
            </RoutePoint>
            <RoutePoint version="1" id="VTR:RoutePoint:535478">
              <projections>
                <PointProjection version="1" id="VTR:PointProjection:39854">
                  <ProjectedPointRef ref="VTR:ScheduledStopPoint:535478" version="1"/>
                </PointProjection>
              </projections>
            </RoutePoint>
            <RoutePoint version="1" id="VTR:RoutePoint:535479">
              <projections>
                <PointProjection version="1" id="VTR:PointProjection:39855">
                  <ProjectedPointRef ref="VTR:ScheduledStopPoint:535479" version="1"/>
                </PointProjection>
              </projections>
            </RoutePoint>
            <RoutePoint version="1" id="VTR:RoutePoint:535480">
              <projections>
                <PointProjection version="1" id="VTR:PointProjection:39856">
                  <ProjectedPointRef ref="VTR:ScheduledStopPoint:535480" version="1"/>
                </PointProjection>
              </projections>
            </RoutePoint>
            <RoutePoint version="1" id="VTR:RoutePoint:535481">
              <projections>
                <PointProjection version="1" id="VTR:PointProjection:39857">
                  <ProjectedPointRef ref="VTR:ScheduledStopPoint:535481" version="1"/>
                </PointProjection>
              </projections>
            </RoutePoint>
            <RoutePoint version="1" id="VTR:RoutePoint:535482">
              <projections>
                <PointProjection version="1" id="VTR:PointProjection:39858">
                  <ProjectedPointRef ref="VTR:ScheduledStopPoint:535482" version="1"/>
                </PointProjection>
              </projections>
            </RoutePoint>
          </routePoints>
          <routes>
            <Route version="1" id="VTR:Route:12202">
              <Name>TELŠIAI- TRYŠKIAI</Name>
              <ShortName>TELŠIAI- TRYŠKIAI</ShortName>
              <LineRef ref="VTR:Line:1537" version="1517"/>
              <DirectionType>inbound</DirectionType>
              <pointsInSequence>
                <PointOnRoute version="1" id="VTR:PointOnRoute:535471" order="1">
                  <RoutePointRef ref="VTR:RoutePoint:535471"/>
                </PointOnRoute>
                <PointOnRoute version="1" id="VTR:PointOnRoute:535472" order="2">
                  <RoutePointRef ref="VTR:RoutePoint:535472"/>
                </PointOnRoute>
                <PointOnRoute version="1" id="VTR:PointOnRoute:535473" order="3">
                  <RoutePointRef ref="VTR:RoutePoint:535473"/>
                </PointOnRoute>
                <PointOnRoute version="1" id="VTR:PointOnRoute:535474" order="4">
                  <RoutePointRef ref="VTR:RoutePoint:535474"/>
                </PointOnRoute>
                <PointOnRoute version="1" id="VTR:PointOnRoute:535475" order="5">
                  <RoutePointRef ref="VTR:RoutePoint:535475"/>
                </PointOnRoute>
                <PointOnRoute version="1" id="VTR:PointOnRoute:535476" order="6">
                  <RoutePointRef ref="VTR:RoutePoint:535476"/>
                </PointOnRoute>
                <PointOnRoute version="1" id="VTR:PointOnRoute:535477" order="7">
                  <RoutePointRef ref="VTR:RoutePoint:535477"/>
                </PointOnRoute>
                <PointOnRoute version="1" id="VTR:PointOnRoute:535478" order="8">
                  <RoutePointRef ref="VTR:RoutePoint:535478"/>
                </PointOnRoute>
                <PointOnRoute version="1" id="VTR:PointOnRoute:535479" order="9">
                  <RoutePointRef ref="VTR:RoutePoint:535479"/>
                </PointOnRoute>
                <PointOnRoute version="1" id="VTR:PointOnRoute:535480" order="10">
                  <RoutePointRef ref="VTR:RoutePoint:535480"/>
                </PointOnRoute>
                <PointOnRoute version="1" id="VTR:PointOnRoute:535481" order="11">
                  <RoutePointRef ref="VTR:RoutePoint:535481"/>
                </PointOnRoute>
                <PointOnRoute version="1" id="VTR:PointOnRoute:535482" order="12">
                  <RoutePointRef ref="VTR:RoutePoint:535482"/>
                </PointOnRoute>
              </pointsInSequence>
            </Route>
            <Route version="1" id="VTR:Route:12113">
              <Name>Tryškiai-Telšiai</Name>
              <ShortName>Tryškiai-Telšiai</ShortName>
              <LineRef ref="VTR:Line:1537" version="1517"/>
              <DirectionType>outbound</DirectionType>
              <pointsInSequence>
                <PointOnRoute version="1" id="VTR:PointOnRoute:490882" order="1">
                  <RoutePointRef ref="VTR:RoutePoint:490882"/>
                </PointOnRoute>
                <PointOnRoute version="1" id="VTR:PointOnRoute:535461" order="2">
                  <RoutePointRef ref="VTR:RoutePoint:535461"/>
                </PointOnRoute>
                <PointOnRoute version="1" id="VTR:PointOnRoute:535462" order="3">
                  <RoutePointRef ref="VTR:RoutePoint:535462"/>
                </PointOnRoute>
                <PointOnRoute version="1" id="VTR:PointOnRoute:535463" order="4">
                  <RoutePointRef ref="VTR:RoutePoint:535463"/>
                </PointOnRoute>
                <PointOnRoute version="1" id="VTR:PointOnRoute:535464" order="5">
                  <RoutePointRef ref="VTR:RoutePoint:535464"/>
                </PointOnRoute>
                <PointOnRoute version="1" id="VTR:PointOnRoute:535465" order="6">
                  <RoutePointRef ref="VTR:RoutePoint:535465"/>
                </PointOnRoute>
                <PointOnRoute version="1" id="VTR:PointOnRoute:535466" order="7">
                  <RoutePointRef ref="VTR:RoutePoint:535466"/>
                </PointOnRoute>
                <PointOnRoute version="1" id="VTR:PointOnRoute:535467" order="8">
                  <RoutePointRef ref="VTR:RoutePoint:535467"/>
                </PointOnRoute>
                <PointOnRoute version="1" id="VTR:PointOnRoute:535468" order="9">
                  <RoutePointRef ref="VTR:RoutePoint:535468"/>
                </PointOnRoute>
                <PointOnRoute version="1" id="VTR:PointOnRoute:535469" order="10">
                  <RoutePointRef ref="VTR:RoutePoint:535469"/>
                </PointOnRoute>
                <PointOnRoute version="1" id="VTR:PointOnRoute:535470" order="11">
                  <RoutePointRef ref="VTR:RoutePoint:535470"/>
                </PointOnRoute>
                <PointOnRoute version="1" id="VTR:PointOnRoute:490892" order="12">
                  <RoutePointRef ref="VTR:RoutePoint:490892"/>
                </PointOnRoute>
              </pointsInSequence>
            </Route>
          </routes>
          <lines>
            <Line version="1517" id="VTR:Line:1537">
              <Name>Tryškiai - Telšiai -Tryškiai</Name>
              <TransportMode>bus</TransportMode>
              <TransportSubmode>
                <BusSubmode>regionalBus</BusSubmode>
              </TransportSubmode>
              <PublicCode>1493</PublicCode>
              <OperatorRef ref="VTR:Operator:31"/>
            </Line>
          </lines>
          <scheduledStopPoints>
            <ScheduledStopPoint version="1" id="VTR:ScheduledStopPoint:490882">
              <Name>Tryškiai</Name>
            </ScheduledStopPoint>
            <ScheduledStopPoint version="1" id="VTR:ScheduledStopPoint:490892">
              <Name>Telšių autobusų stotis</Name>
            </ScheduledStopPoint>
            <ScheduledStopPoint version="1" id="VTR:ScheduledStopPoint:535461">
              <Name>Pabalvė</Name>
            </ScheduledStopPoint>
            <ScheduledStopPoint version="1" id="VTR:ScheduledStopPoint:535462">
              <Name>Tryškių kelias</Name>
            </ScheduledStopPoint>
            <ScheduledStopPoint version="1" id="VTR:ScheduledStopPoint:535463">
              <Name>Virvytė</Name>
            </ScheduledStopPoint>
            <ScheduledStopPoint version="1" id="VTR:ScheduledStopPoint:535464">
              <Name>Ubiškės kelias</Name>
            </ScheduledStopPoint>
            <ScheduledStopPoint version="1" id="VTR:ScheduledStopPoint:535465">
              <Name>Kiršiai</Name>
            </ScheduledStopPoint>
            <ScheduledStopPoint version="1" id="VTR:ScheduledStopPoint:535466">
              <Name>Juodsodė</Name>
            </ScheduledStopPoint>
            <ScheduledStopPoint version="1" id="VTR:ScheduledStopPoint:535467">
              <Name>Eigirdžiai</Name>
            </ScheduledStopPoint>
            <ScheduledStopPoint version="1" id="VTR:ScheduledStopPoint:535468">
              <Name>Kumpikai</Name>
            </ScheduledStopPoint>
            <ScheduledStopPoint version="1" id="VTR:ScheduledStopPoint:535469">
              <Name>Gaudikaičiai</Name>
            </ScheduledStopPoint>
            <ScheduledStopPoint version="1" id="VTR:ScheduledStopPoint:535470">
              <Name>Tulpė</Name>
            </ScheduledStopPoint>
            <ScheduledStopPoint version="1" id="VTR:ScheduledStopPoint:535471">
              <Name>Telšių autobusų stotis</Name>
            </ScheduledStopPoint>
            <ScheduledStopPoint version="1" id="VTR:ScheduledStopPoint:535472">
              <Name>Tulpė</Name>
            </ScheduledStopPoint>
            <ScheduledStopPoint version="1" id="VTR:ScheduledStopPoint:535473">
              <Name>Gaudikaičiai</Name>
            </ScheduledStopPoint>
            <ScheduledStopPoint version="1" id="VTR:ScheduledStopPoint:535474">
              <Name>Kumpikai</Name>
            </ScheduledStopPoint>
            <ScheduledStopPoint version="1" id="VTR:ScheduledStopPoint:535475">
              <Name>Eigirdžiai</Name>
            </ScheduledStopPoint>
            <ScheduledStopPoint version="1" id="VTR:ScheduledStopPoint:535476">
              <Name>Juodsalė</Name>
            </ScheduledStopPoint>
            <ScheduledStopPoint version="1" id="VTR:ScheduledStopPoint:535477">
              <Name>Kiršiai</Name>
            </ScheduledStopPoint>
            <ScheduledStopPoint version="1" id="VTR:ScheduledStopPoint:535478">
              <Name>Ubiškės kelias</Name>
            </ScheduledStopPoint>
            <ScheduledStopPoint version="1" id="VTR:ScheduledStopPoint:535479">
              <Name>Virvytė</Name>
            </ScheduledStopPoint>
            <ScheduledStopPoint version="1" id="VTR:ScheduledStopPoint:535480">
              <Name>Tryškių kelias</Name>
            </ScheduledStopPoint>
            <ScheduledStopPoint version="1" id="VTR:ScheduledStopPoint:535481">
              <Name>Pabalvė</Name>
            </ScheduledStopPoint>
            <ScheduledStopPoint version="1" id="VTR:ScheduledStopPoint:535482">
              <Name>Tryškiai</Name>
            </ScheduledStopPoint>
          </scheduledStopPoints>
          <serviceLinks>
            <ServiceLink id="VTR:ServiceLink:535474_1_535475_1" version="1">
              <Distance>4</Distance>
              <FromPointRef ref="VTR:ScheduledStopPoint:535474" version="1"/>
              <ToPointRef ref="VTR:ScheduledStopPoint:535475" version="1"/>
            </ServiceLink>
            <ServiceLink id="VTR:ServiceLink:535468_1_535469_1" version="1">
              <Distance>4</Distance>
              <FromPointRef ref="VTR:ScheduledStopPoint:535468" version="1"/>
              <ToPointRef ref="VTR:ScheduledStopPoint:535469" version="1"/>
            </ServiceLink>
            <ServiceLink id="VTR:ServiceLink:535470_1_490892_1" version="1">
              <Distance>1</Distance>
              <FromPointRef ref="VTR:ScheduledStopPoint:535470" version="1"/>
              <ToPointRef ref="VTR:ScheduledStopPoint:490892" version="1"/>
            </ServiceLink>
            <ServiceLink id="VTR:ServiceLink:535463_1_535464_1" version="1">
              <Distance>2</Distance>
              <FromPointRef ref="VTR:ScheduledStopPoint:535463" version="1"/>
              <ToPointRef ref="VTR:ScheduledStopPoint:535464" version="1"/>
            </ServiceLink>
            <ServiceLink id="VTR:ServiceLink:535481_1_535482_1" version="1">
              <Distance>5</Distance>
              <FromPointRef ref="VTR:ScheduledStopPoint:535481" version="1"/>
              <ToPointRef ref="VTR:ScheduledStopPoint:535482" version="1"/>
            </ServiceLink>
            <ServiceLink id="VTR:ServiceLink:535472_1_535473_1" version="1">
              <Distance>2</Distance>
              <FromPointRef ref="VTR:ScheduledStopPoint:535472" version="1"/>
              <ToPointRef ref="VTR:ScheduledStopPoint:535473" version="1"/>
            </ServiceLink>
            <ServiceLink id="VTR:ServiceLink:535469_1_535470_1" version="1">
              <Distance>2</Distance>
              <FromPointRef ref="VTR:ScheduledStopPoint:535469" version="1"/>
              <ToPointRef ref="VTR:ScheduledStopPoint:535470" version="1"/>
            </ServiceLink>
            <ServiceLink id="VTR:ServiceLink:535478_1_535479_1" version="1">
              <Distance>2</Distance>
              <FromPointRef ref="VTR:ScheduledStopPoint:535478" version="1"/>
              <ToPointRef ref="VTR:ScheduledStopPoint:535479" version="1"/>
            </ServiceLink>
            <ServiceLink id="VTR:ServiceLink:535473_1_535474_1" version="1">
              <Distance>4</Distance>
              <FromPointRef ref="VTR:ScheduledStopPoint:535473" version="1"/>
              <ToPointRef ref="VTR:ScheduledStopPoint:535474" version="1"/>
            </ServiceLink>
            <ServiceLink id="VTR:ServiceLink:535462_1_535463_1" version="1">
              <Distance>3</Distance>
              <FromPointRef ref="VTR:ScheduledStopPoint:535462" version="1"/>
              <ToPointRef ref="VTR:ScheduledStopPoint:535463" version="1"/>
            </ServiceLink>
            <ServiceLink id="VTR:ServiceLink:535471_1_535472_1" version="1">
              <Distance>1</Distance>
              <FromPointRef ref="VTR:ScheduledStopPoint:535471" version="1"/>
              <ToPointRef ref="VTR:ScheduledStopPoint:535472" version="1"/>
            </ServiceLink>
            <ServiceLink id="VTR:ServiceLink:535466_1_535467_1" version="1">
              <Distance>2</Distance>
              <FromPointRef ref="VTR:ScheduledStopPoint:535466" version="1"/>
              <ToPointRef ref="VTR:ScheduledStopPoint:535467" version="1"/>
            </ServiceLink>
            <ServiceLink id="VTR:ServiceLink:535480_1_535481_1" version="1">
              <Distance>1</Distance>
              <FromPointRef ref="VTR:ScheduledStopPoint:535480" version="1"/>
              <ToPointRef ref="VTR:ScheduledStopPoint:535481" version="1"/>
            </ServiceLink>
            <ServiceLink id="VTR:ServiceLink:535467_1_535468_1" version="1">
              <Distance>4</Distance>
              <FromPointRef ref="VTR:ScheduledStopPoint:535467" version="1"/>
              <ToPointRef ref="VTR:ScheduledStopPoint:535468" version="1"/>
            </ServiceLink>
            <ServiceLink id="VTR:ServiceLink:535476_1_535477_1" version="1">
              <Distance>2</Distance>
              <FromPointRef ref="VTR:ScheduledStopPoint:535476" version="1"/>
              <ToPointRef ref="VTR:ScheduledStopPoint:535477" version="1"/>
            </ServiceLink>
            <ServiceLink id="VTR:ServiceLink:535465_1_535466_1" version="1">
              <Distance>2</Distance>
              <FromPointRef ref="VTR:ScheduledStopPoint:535465" version="1"/>
              <ToPointRef ref="VTR:ScheduledStopPoint:535466" version="1"/>
            </ServiceLink>
            <ServiceLink id="VTR:ServiceLink:535479_1_535480_1" version="1">
              <Distance>3</Distance>
              <FromPointRef ref="VTR:ScheduledStopPoint:535479" version="1"/>
              <ToPointRef ref="VTR:ScheduledStopPoint:535480" version="1"/>
            </ServiceLink>
            <ServiceLink id="VTR:ServiceLink:535461_1_535462_1" version="1">
              <Distance>1</Distance>
              <FromPointRef ref="VTR:ScheduledStopPoint:535461" version="1"/>
              <ToPointRef ref="VTR:ScheduledStopPoint:535462" version="1"/>
            </ServiceLink>
            <ServiceLink id="VTR:ServiceLink:535475_1_535476_1" version="1">
              <Distance>2</Distance>
              <FromPointRef ref="VTR:ScheduledStopPoint:535475" version="1"/>
              <ToPointRef ref="VTR:ScheduledStopPoint:535476" version="1"/>
            </ServiceLink>
            <ServiceLink id="VTR:ServiceLink:535477_1_535478_1" version="1">
              <Distance>2</Distance>
              <FromPointRef ref="VTR:ScheduledStopPoint:535477" version="1"/>
              <ToPointRef ref="VTR:ScheduledStopPoint:535478" version="1"/>
            </ServiceLink>
            <ServiceLink id="VTR:ServiceLink:490882_1_535461_1" version="1">
              <Distance>5</Distance>
              <FromPointRef ref="VTR:ScheduledStopPoint:490882" version="1"/>
              <ToPointRef ref="VTR:ScheduledStopPoint:535461" version="1"/>
            </ServiceLink>
            <ServiceLink id="VTR:ServiceLink:535464_1_535465_1" version="1">
              <Distance>2</Distance>
              <FromPointRef ref="VTR:ScheduledStopPoint:535464" version="1"/>
              <ToPointRef ref="VTR:ScheduledStopPoint:535465" version="1"/>
            </ServiceLink>
          </serviceLinks>
          <stopAssignments>
            <PassengerStopAssignment order="1211300000" id="VTR:PassengerStopAssignment:490882" version="1">
              <ScheduledStopPointRef ref="VTR:ScheduledStopPoint:490882" version="1"/>
              <QuayRef ref="VTR:Quay:14222"/>
            </PassengerStopAssignment>
            <PassengerStopAssignment order="1211300001" id="VTR:PassengerStopAssignment:535461" version="1">
              <ScheduledStopPointRef ref="VTR:ScheduledStopPoint:535461" version="1"/>
              <QuayRef ref="VTR:Quay:9358"/>
            </PassengerStopAssignment>
            <PassengerStopAssignment order="1211300002" id="VTR:PassengerStopAssignment:535462" version="1">
              <ScheduledStopPointRef ref="VTR:ScheduledStopPoint:535462" version="1"/>
              <QuayRef ref="VTR:Quay:11267"/>
            </PassengerStopAssignment>
            <PassengerStopAssignment order="1211300003" id="VTR:PassengerStopAssignment:535463" version="1">
              <ScheduledStopPointRef ref="VTR:ScheduledStopPoint:535463" version="1"/>
              <QuayRef ref="VTR:Quay:8645"/>
            </PassengerStopAssignment>
            <PassengerStopAssignment order="1211300004" id="VTR:PassengerStopAssignment:535464" version="1">
              <ScheduledStopPointRef ref="VTR:ScheduledStopPoint:535464" version="1"/>
              <QuayRef ref="VTR:Quay:13630"/>
            </PassengerStopAssignment>
            <PassengerStopAssignment order="1211300005" id="VTR:PassengerStopAssignment:535465" version="1">
              <ScheduledStopPointRef ref="VTR:ScheduledStopPoint:535465" version="1"/>
              <QuayRef ref="VTR:Quay:5399"/>
            </PassengerStopAssignment>
            <PassengerStopAssignment order="1211300006" id="VTR:PassengerStopAssignment:535466" version="1">
              <ScheduledStopPointRef ref="VTR:ScheduledStopPoint:535466" version="1"/>
              <QuayRef ref="VTR:Quay:5411"/>
            </PassengerStopAssignment>
            <PassengerStopAssignment order="1211300007" id="VTR:PassengerStopAssignment:535467" version="1">
              <ScheduledStopPointRef ref="VTR:ScheduledStopPoint:535467" version="1"/>
              <QuayRef ref="VTR:Quay:6441"/>
            </PassengerStopAssignment>
            <PassengerStopAssignment order="1211300008" id="VTR:PassengerStopAssignment:535468" version="1">
              <ScheduledStopPointRef ref="VTR:ScheduledStopPoint:535468" version="1"/>
              <QuayRef ref="VTR:Quay:7354"/>
            </PassengerStopAssignment>
            <PassengerStopAssignment order="1211300009" id="VTR:PassengerStopAssignment:535469" version="1">
              <ScheduledStopPointRef ref="VTR:ScheduledStopPoint:535469" version="1"/>
              <QuayRef ref="VTR:Quay:8282"/>
            </PassengerStopAssignment>
            <PassengerStopAssignment order="1211300010" id="VTR:PassengerStopAssignment:535470" version="1">
              <ScheduledStopPointRef ref="VTR:ScheduledStopPoint:535470" version="1"/>
              <QuayRef ref="VTR:Quay:21257"/>
            </PassengerStopAssignment>
            <PassengerStopAssignment order="1211300011" id="VTR:PassengerStopAssignment:490892" version="1">
              <ScheduledStopPointRef ref="VTR:ScheduledStopPoint:490892" version="1"/>
              <QuayRef ref="VTR:Quay:19451"/>
            </PassengerStopAssignment>
            <PassengerStopAssignment order="1220200000" id="VTR:PassengerStopAssignment:535471" version="1">
              <ScheduledStopPointRef ref="VTR:ScheduledStopPoint:535471" version="1"/>
              <QuayRef ref="VTR:Quay:19451"/>
            </PassengerStopAssignment>
            <PassengerStopAssignment order="1220200001" id="VTR:PassengerStopAssignment:535472" version="1">
              <ScheduledStopPointRef ref="VTR:ScheduledStopPoint:535472" version="1"/>
              <QuayRef ref="VTR:Quay:21256"/>
            </PassengerStopAssignment>
            <PassengerStopAssignment order="1220200002" id="VTR:PassengerStopAssignment:535473" version="1">
              <ScheduledStopPointRef ref="VTR:ScheduledStopPoint:535473" version="1"/>
              <QuayRef ref="VTR:Quay:16246"/>
            </PassengerStopAssignment>
            <PassengerStopAssignment order="1220200003" id="VTR:PassengerStopAssignment:535474" version="1">
              <ScheduledStopPointRef ref="VTR:ScheduledStopPoint:535474" version="1"/>
              <QuayRef ref="VTR:Quay:16240"/>
            </PassengerStopAssignment>
            <PassengerStopAssignment order="1220200004" id="VTR:PassengerStopAssignment:535475" version="1">
              <ScheduledStopPointRef ref="VTR:ScheduledStopPoint:535475" version="1"/>
              <QuayRef ref="VTR:Quay:6421"/>
            </PassengerStopAssignment>
            <PassengerStopAssignment order="1220200005" id="VTR:PassengerStopAssignment:535476" version="1">
              <ScheduledStopPointRef ref="VTR:ScheduledStopPoint:535476" version="1"/>
              <QuayRef ref="VTR:Quay:6409"/>
            </PassengerStopAssignment>
            <PassengerStopAssignment order="1220200006" id="VTR:PassengerStopAssignment:535477" version="1">
              <ScheduledStopPointRef ref="VTR:ScheduledStopPoint:535477" version="1"/>
              <QuayRef ref="VTR:Quay:8348"/>
            </PassengerStopAssignment>
            <PassengerStopAssignment order="1220200007" id="VTR:PassengerStopAssignment:535478" version="1">
              <ScheduledStopPointRef ref="VTR:ScheduledStopPoint:535478" version="1"/>
              <QuayRef ref="VTR:Quay:4726"/>
            </PassengerStopAssignment>
            <PassengerStopAssignment order="1220200008" id="VTR:PassengerStopAssignment:535479" version="1">
              <ScheduledStopPointRef ref="VTR:ScheduledStopPoint:535479" version="1"/>
              <QuayRef ref="VTR:Quay:15652"/>
            </PassengerStopAssignment>
            <PassengerStopAssignment order="1220200009" id="VTR:PassengerStopAssignment:535480" version="1">
              <ScheduledStopPointRef ref="VTR:ScheduledStopPoint:535480" version="1"/>
              <QuayRef ref="VTR:Quay:8289"/>
            </PassengerStopAssignment>
            <PassengerStopAssignment order="1220200010" id="VTR:PassengerStopAssignment:535481" version="1">
              <ScheduledStopPointRef ref="VTR:ScheduledStopPoint:535481" version="1"/>
              <QuayRef ref="VTR:Quay:15344"/>
            </PassengerStopAssignment>
            <PassengerStopAssignment order="1220200011" id="VTR:PassengerStopAssignment:535482" version="1">
              <ScheduledStopPointRef ref="VTR:ScheduledStopPoint:535482" version="1"/>
              <QuayRef ref="VTR:Quay:14222"/>
            </PassengerStopAssignment>
          </stopAssignments>
          <journeyPatterns>
            <JourneyPattern id="VTR:JourneyPattern:874329" version="874637">
              <Name>1</Name>
              <RouteRef ref="VTR:Route:12113" version="1"/>
              <pointsInSequence>
                <StopPointInJourneyPattern id="VTR:StopPointInJourneyPattern:26300393" version="874637" order="1">
                  <ScheduledStopPointRef ref="VTR:ScheduledStopPoint:490882"/>
                  <ForAlighting>false</ForAlighting>
                  <DestinationDisplayRef ref="VTR:DestinationDisplay:1"/>
                </StopPointInJourneyPattern>
                <StopPointInJourneyPattern id="VTR:StopPointInJourneyPattern:26490271" version="874637" order="2">
                  <ScheduledStopPointRef ref="VTR:ScheduledStopPoint:535461"/>
                  <DestinationDisplayRef ref="VTR:DestinationDisplay:1"/>
                </StopPointInJourneyPattern>
                <StopPointInJourneyPattern id="VTR:StopPointInJourneyPattern:26490272" version="874637" order="3">
                  <ScheduledStopPointRef ref="VTR:ScheduledStopPoint:535462"/>
                  <DestinationDisplayRef ref="VTR:DestinationDisplay:1"/>
                </StopPointInJourneyPattern>
                <StopPointInJourneyPattern id="VTR:StopPointInJourneyPattern:26490273" version="874637" order="4">
                  <ScheduledStopPointRef ref="VTR:ScheduledStopPoint:535463"/>
                  <DestinationDisplayRef ref="VTR:DestinationDisplay:1"/>
                </StopPointInJourneyPattern>
                <StopPointInJourneyPattern id="VTR:StopPointInJourneyPattern:26490274" version="874637" order="5">
                  <ScheduledStopPointRef ref="VTR:ScheduledStopPoint:535464"/>
                  <DestinationDisplayRef ref="VTR:DestinationDisplay:1"/>
                </StopPointInJourneyPattern>
                <StopPointInJourneyPattern id="VTR:StopPointInJourneyPattern:26490275" version="874637" order="6">
                  <ScheduledStopPointRef ref="VTR:ScheduledStopPoint:535465"/>
                  <DestinationDisplayRef ref="VTR:DestinationDisplay:1"/>
                </StopPointInJourneyPattern>
                <StopPointInJourneyPattern id="VTR:StopPointInJourneyPattern:26490276" version="874637" order="7">
                  <ScheduledStopPointRef ref="VTR:ScheduledStopPoint:535466"/>
                  <DestinationDisplayRef ref="VTR:DestinationDisplay:1"/>
                </StopPointInJourneyPattern>
                <StopPointInJourneyPattern id="VTR:StopPointInJourneyPattern:26490277" version="874637" order="8">
                  <ScheduledStopPointRef ref="VTR:ScheduledStopPoint:535467"/>
                  <DestinationDisplayRef ref="VTR:DestinationDisplay:1"/>
                </StopPointInJourneyPattern>
                <StopPointInJourneyPattern id="VTR:StopPointInJourneyPattern:26490278" version="874637" order="9">
                  <ScheduledStopPointRef ref="VTR:ScheduledStopPoint:535468"/>
                  <DestinationDisplayRef ref="VTR:DestinationDisplay:1"/>
                </StopPointInJourneyPattern>
                <StopPointInJourneyPattern id="VTR:StopPointInJourneyPattern:26490279" version="874637" order="10">
                  <ScheduledStopPointRef ref="VTR:ScheduledStopPoint:535469"/>
                  <DestinationDisplayRef ref="VTR:DestinationDisplay:1"/>
                </StopPointInJourneyPattern>
                <StopPointInJourneyPattern id="VTR:StopPointInJourneyPattern:26490280" version="874637" order="11">
                  <ScheduledStopPointRef ref="VTR:ScheduledStopPoint:535470"/>
                  <DestinationDisplayRef ref="VTR:DestinationDisplay:1"/>
                </StopPointInJourneyPattern>
                <StopPointInJourneyPattern id="VTR:StopPointInJourneyPattern:26490269" version="874637" order="12">
                  <ScheduledStopPointRef ref="VTR:ScheduledStopPoint:490892"/>
                  <DestinationDisplayRef ref="VTR:DestinationDisplay:1"/>
                </StopPointInJourneyPattern>
              </pointsInSequence>
            </JourneyPattern>
            <JourneyPattern id="VTR:JourneyPattern:962638" version="963111">
              <Name>2</Name>
              <RouteRef ref="VTR:Route:12202" version="1"/>
              <pointsInSequence>
                <StopPointInJourneyPattern id="VTR:StopPointInJourneyPattern:26490281" version="963111" order="1">
                  <ScheduledStopPointRef ref="VTR:ScheduledStopPoint:535471"/>
                  <ForAlighting>false</ForAlighting>
                  <DestinationDisplayRef ref="VTR:DestinationDisplay:1"/>
                </StopPointInJourneyPattern>
                <StopPointInJourneyPattern id="VTR:StopPointInJourneyPattern:26490282" version="963111" order="2">
                  <ScheduledStopPointRef ref="VTR:ScheduledStopPoint:535472"/>
                  <DestinationDisplayRef ref="VTR:DestinationDisplay:1"/>
                </StopPointInJourneyPattern>
                <StopPointInJourneyPattern id="VTR:StopPointInJourneyPattern:26490283" version="963111" order="3">
                  <ScheduledStopPointRef ref="VTR:ScheduledStopPoint:535473"/>
                  <DestinationDisplayRef ref="VTR:DestinationDisplay:1"/>
                </StopPointInJourneyPattern>
                <StopPointInJourneyPattern id="VTR:StopPointInJourneyPattern:26490284" version="963111" order="4">
                  <ScheduledStopPointRef ref="VTR:ScheduledStopPoint:535474"/>
                  <DestinationDisplayRef ref="VTR:DestinationDisplay:1"/>
                </StopPointInJourneyPattern>
                <StopPointInJourneyPattern id="VTR:StopPointInJourneyPattern:26490285" version="963111" order="5">
                  <ScheduledStopPointRef ref="VTR:ScheduledStopPoint:535475"/>
                  <DestinationDisplayRef ref="VTR:DestinationDisplay:1"/>
                </StopPointInJourneyPattern>
                <StopPointInJourneyPattern id="VTR:StopPointInJourneyPattern:26490286" version="963111" order="6">
                  <ScheduledStopPointRef ref="VTR:ScheduledStopPoint:535476"/>
                  <DestinationDisplayRef ref="VTR:DestinationDisplay:1"/>
                </StopPointInJourneyPattern>
                <StopPointInJourneyPattern id="VTR:StopPointInJourneyPattern:26490287" version="963111" order="7">
                  <ScheduledStopPointRef ref="VTR:ScheduledStopPoint:535477"/>
                  <DestinationDisplayRef ref="VTR:DestinationDisplay:1"/>
                </StopPointInJourneyPattern>
                <StopPointInJourneyPattern id="VTR:StopPointInJourneyPattern:26490288" version="963111" order="8">
                  <ScheduledStopPointRef ref="VTR:ScheduledStopPoint:535478"/>
                  <DestinationDisplayRef ref="VTR:DestinationDisplay:1"/>
                </StopPointInJourneyPattern>
                <StopPointInJourneyPattern id="VTR:StopPointInJourneyPattern:26490289" version="963111" order="9">
                  <ScheduledStopPointRef ref="VTR:ScheduledStopPoint:535479"/>
                  <DestinationDisplayRef ref="VTR:DestinationDisplay:1"/>
                </StopPointInJourneyPattern>
                <StopPointInJourneyPattern id="VTR:StopPointInJourneyPattern:26490290" version="963111" order="10">
                  <ScheduledStopPointRef ref="VTR:ScheduledStopPoint:535480"/>
                  <DestinationDisplayRef ref="VTR:DestinationDisplay:1"/>
                </StopPointInJourneyPattern>
                <StopPointInJourneyPattern id="VTR:StopPointInJourneyPattern:26490291" version="963111" order="11">
                  <ScheduledStopPointRef ref="VTR:ScheduledStopPoint:535481"/>
                  <DestinationDisplayRef ref="VTR:DestinationDisplay:1"/>
                </StopPointInJourneyPattern>
                <StopPointInJourneyPattern id="VTR:StopPointInJourneyPattern:26490292" version="963111" order="12">
                  <ScheduledStopPointRef ref="VTR:ScheduledStopPoint:535482"/>
                  <ForBoarding>false</ForBoarding>
                  <DestinationDisplayRef ref="VTR:DestinationDisplay:1"/>
                </StopPointInJourneyPattern>
              </pointsInSequence>
            </JourneyPattern>
          </journeyPatterns>
        </ServiceFrame>
        <TimetableFrame version="1" id="VTR:TimetableFrame:1399">
          <vehicleJourneys>
            <ServiceJourney version="963111" id="VTR:ServiceJourney:962638">
              <Name>TELŠIAI- TRYŠKIAI</Name>
              <PrivateCode>2</PrivateCode>
              <dayTypes>
                <DayTypeRef ref="VTR:DayType:1226"/>
              </dayTypes>
              <JourneyPatternRef version="963111" ref="VTR:JourneyPattern:962638"/>
              <OperatorRef ref="VTR:Operator:33063"/>
              <LineRef ref="VTR:Line:1537" version="1517"/>
              <passingTimes>
                <TimetabledPassingTime version="963111" id="VTR:TimetabledPassingTime:962638_26490281_1">
                  <StopPointInJourneyPatternRef ref="VTR:StopPointInJourneyPattern:26490281" version="963111"/>
                  <DepartureTime>08:00:00</DepartureTime>
                  <DepartureDayOffset>0</DepartureDayOffset>
                </TimetabledPassingTime>
                <TimetabledPassingTime version="963111" id="VTR:TimetabledPassingTime:962638_26490282_2">
                  <StopPointInJourneyPatternRef ref="VTR:StopPointInJourneyPattern:26490282" version="963111"/>
                  <DepartureTime>08:02:00</DepartureTime>
                  <DepartureDayOffset>0</DepartureDayOffset>
                </TimetabledPassingTime>
                <TimetabledPassingTime version="963111" id="VTR:TimetabledPassingTime:962638_26490283_3">
                  <StopPointInJourneyPatternRef ref="VTR:StopPointInJourneyPattern:26490283" version="963111"/>
                  <DepartureTime>08:05:00</DepartureTime>
                  <DepartureDayOffset>0</DepartureDayOffset>
                </TimetabledPassingTime>
                <TimetabledPassingTime version="963111" id="VTR:TimetabledPassingTime:962638_26490284_4">
                  <StopPointInJourneyPatternRef ref="VTR:StopPointInJourneyPattern:26490284" version="963111"/>
                  <DepartureTime>08:09:00</DepartureTime>
                  <DepartureDayOffset>0</DepartureDayOffset>
                </TimetabledPassingTime>
                <TimetabledPassingTime version="963111" id="VTR:TimetabledPassingTime:962638_26490285_5">
                  <StopPointInJourneyPatternRef ref="VTR:StopPointInJourneyPattern:26490285" version="963111"/>
                  <DepartureTime>08:15:00</DepartureTime>
                  <DepartureDayOffset>0</DepartureDayOffset>
                </TimetabledPassingTime>
                <TimetabledPassingTime version="963111" id="VTR:TimetabledPassingTime:962638_26490286_6">
                  <StopPointInJourneyPatternRef ref="VTR:StopPointInJourneyPattern:26490286" version="963111"/>
                  <DepartureTime>08:19:00</DepartureTime>
                  <DepartureDayOffset>0</DepartureDayOffset>
                </TimetabledPassingTime>
                <TimetabledPassingTime version="963111" id="VTR:TimetabledPassingTime:962638_26490287_7">
                  <StopPointInJourneyPatternRef ref="VTR:StopPointInJourneyPattern:26490287" version="963111"/>
                  <DepartureTime>08:23:00</DepartureTime>
                  <DepartureDayOffset>0</DepartureDayOffset>
                </TimetabledPassingTime>
                <TimetabledPassingTime version="963111" id="VTR:TimetabledPassingTime:962638_26490288_8">
                  <StopPointInJourneyPatternRef ref="VTR:StopPointInJourneyPattern:26490288" version="963111"/>
                  <DepartureTime>08:27:00</DepartureTime>
                  <DepartureDayOffset>0</DepartureDayOffset>
                </TimetabledPassingTime>
                <TimetabledPassingTime version="963111" id="VTR:TimetabledPassingTime:962638_26490289_9">
                  <StopPointInJourneyPatternRef ref="VTR:StopPointInJourneyPattern:26490289" version="963111"/>
                  <DepartureTime>08:30:00</DepartureTime>
                  <DepartureDayOffset>0</DepartureDayOffset>
                </TimetabledPassingTime>
                <TimetabledPassingTime version="963111" id="VTR:TimetabledPassingTime:962638_26490290_10">
                  <StopPointInJourneyPatternRef ref="VTR:StopPointInJourneyPattern:26490290" version="963111"/>
                  <DepartureTime>08:35:00</DepartureTime>
                  <DepartureDayOffset>0</DepartureDayOffset>
                </TimetabledPassingTime>
                <TimetabledPassingTime version="963111" id="VTR:TimetabledPassingTime:962638_26490291_11">
                  <StopPointInJourneyPatternRef ref="VTR:StopPointInJourneyPattern:26490291" version="963111"/>
                  <DepartureTime>08:37:00</DepartureTime>
                  <DepartureDayOffset>0</DepartureDayOffset>
                </TimetabledPassingTime>
                <TimetabledPassingTime version="963111" id="VTR:TimetabledPassingTime:962638_26490292_12">
                  <StopPointInJourneyPatternRef ref="VTR:StopPointInJourneyPattern:26490292" version="963111"/>
                  <DepartureTime>08:45:00</DepartureTime>
                  <DepartureDayOffset>0</DepartureDayOffset>
                </TimetabledPassingTime>
              </passingTimes>
            </ServiceJourney>
            <ServiceJourney version="874637" id="VTR:ServiceJourney:874329">
              <Name>Tryškiai-Telšiai</Name>
              <PrivateCode>1</PrivateCode>
              <dayTypes>
                <DayTypeRef ref="VTR:DayType:1226"/>
              </dayTypes>
              <JourneyPatternRef version="874637" ref="VTR:JourneyPattern:874329"/>
              <OperatorRef ref="VTR:Operator:33063"/>
              <LineRef ref="VTR:Line:1537" version="1517"/>
              <passingTimes>
                <TimetabledPassingTime version="874637" id="VTR:TimetabledPassingTime:874329_26300393_1">
                  <StopPointInJourneyPatternRef ref="VTR:StopPointInJourneyPattern:26300393" version="874637"/>
                  <DepartureTime>07:00:00</DepartureTime>
                  <DepartureDayOffset>0</DepartureDayOffset>
                </TimetabledPassingTime>
                <TimetabledPassingTime version="874637" id="VTR:TimetabledPassingTime:874329_26490271_2">
                  <StopPointInJourneyPatternRef ref="VTR:StopPointInJourneyPattern:26490271" version="874637"/>
                  <DepartureTime>07:08:00</DepartureTime>
                  <DepartureDayOffset>0</DepartureDayOffset>
                </TimetabledPassingTime>
                <TimetabledPassingTime version="874637" id="VTR:TimetabledPassingTime:874329_26490272_3">
                  <StopPointInJourneyPatternRef ref="VTR:StopPointInJourneyPattern:26490272" version="874637"/>
                  <DepartureTime>07:10:00</DepartureTime>
                  <DepartureDayOffset>0</DepartureDayOffset>
                </TimetabledPassingTime>
                <TimetabledPassingTime version="874637" id="VTR:TimetabledPassingTime:874329_26490273_4">
                  <StopPointInJourneyPatternRef ref="VTR:StopPointInJourneyPattern:26490273" version="874637"/>
                  <DepartureTime>07:15:00</DepartureTime>
                  <DepartureDayOffset>0</DepartureDayOffset>
                </TimetabledPassingTime>
                <TimetabledPassingTime version="874637" id="VTR:TimetabledPassingTime:874329_26490274_5">
                  <StopPointInJourneyPatternRef ref="VTR:StopPointInJourneyPattern:26490274" version="874637"/>
                  <DepartureTime>07:18:00</DepartureTime>
                  <DepartureDayOffset>0</DepartureDayOffset>
                </TimetabledPassingTime>
                <TimetabledPassingTime version="874637" id="VTR:TimetabledPassingTime:874329_26490275_6">
                  <StopPointInJourneyPatternRef ref="VTR:StopPointInJourneyPattern:26490275" version="874637"/>
                  <DepartureTime>07:22:00</DepartureTime>
                  <DepartureDayOffset>0</DepartureDayOffset>
                </TimetabledPassingTime>
                <TimetabledPassingTime version="874637" id="VTR:TimetabledPassingTime:874329_26490276_7">
                  <StopPointInJourneyPatternRef ref="VTR:StopPointInJourneyPattern:26490276" version="874637"/>
                  <DepartureTime>07:26:00</DepartureTime>
                  <DepartureDayOffset>0</DepartureDayOffset>
                </TimetabledPassingTime>
                <TimetabledPassingTime version="874637" id="VTR:TimetabledPassingTime:874329_26490277_8">
                  <StopPointInJourneyPatternRef ref="VTR:StopPointInJourneyPattern:26490277" version="874637"/>
                  <DepartureTime>07:30:00</DepartureTime>
                  <DepartureDayOffset>0</DepartureDayOffset>
                </TimetabledPassingTime>
                <TimetabledPassingTime version="874637" id="VTR:TimetabledPassingTime:874329_26490278_9">
                  <StopPointInJourneyPatternRef ref="VTR:StopPointInJourneyPattern:26490278" version="874637"/>
                  <DepartureTime>07:36:00</DepartureTime>
                  <DepartureDayOffset>0</DepartureDayOffset>
                </TimetabledPassingTime>
                <TimetabledPassingTime version="874637" id="VTR:TimetabledPassingTime:874329_26490279_10">
                  <StopPointInJourneyPatternRef ref="VTR:StopPointInJourneyPattern:26490279" version="874637"/>
                  <DepartureTime>07:40:00</DepartureTime>
                  <DepartureDayOffset>0</DepartureDayOffset>
                </TimetabledPassingTime>
                <TimetabledPassingTime version="874637" id="VTR:TimetabledPassingTime:874329_26490280_11">
                  <StopPointInJourneyPatternRef ref="VTR:StopPointInJourneyPattern:26490280" version="874637"/>
                  <DepartureTime>07:43:00</DepartureTime>
                  <DepartureDayOffset>0</DepartureDayOffset>
                </TimetabledPassingTime>
                <TimetabledPassingTime version="874637" id="VTR:TimetabledPassingTime:874329_26490269_12">
                  <StopPointInJourneyPatternRef ref="VTR:StopPointInJourneyPattern:26490269" version="874637"/>
                  <DepartureTime>07:45:00</DepartureTime>
                  <DepartureDayOffset>0</DepartureDayOffset>
                </TimetabledPassingTime>
              </passingTimes>
            </ServiceJourney>
          </vehicleJourneys>
        </TimetableFrame>
        <ResourceFrame version="1" id="VTR:ResourceFrame:1399">
          <organisations>
            <Authority version="1" id="VTR:Authority:31">
              <CompanyNumber>78</CompanyNumber>
              <Name>Telšių r. sav.</Name>
              <LegalName>Telšių r. sav.</LegalName>
              <ContactDetails>
                <Email>zita.simaitiene@telsiai.lt</Email>
                <Phone>8 444 56183</Phone>
                <Url>www.telsiai.lt</Url>
              </ContactDetails>
              <OrganisationType>authority</OrganisationType>
            </Authority>
          </organisations>
        </ResourceFrame>
        <FareFrame id="VTR:FareFrame:1537" version="1">
          <FrameDefaults>
            <DefaultCurrency>EUR</DefaultCurrency>
          </FrameDefaults>
          <usageParameters>
            <RoundTrip id="VTR:RoundTrip:single" version="1">
              <Name>Single</Name>
              <TripType>single</TripType>
            </RoundTrip>
            <FrequencyOfUse id="VTR:FrequencyOfUse:once" version="1">
              <Name>Once</Name>
              <MaximalFrequency>1</MaximalFrequency>
            </FrequencyOfUse>
          </usageParameters>
          <priceGroups>
            <PriceGroup id="VTR:PriceGroup:PG01" version="1">
              <Name>Flat Fare Products - Standard</Name>
              <members>
                <FareProductPrice id="VTR:FareProductPrice:standard" version="1">
                  <Name>Single fare</Name>
                  <Amount>0.12</Amount>
                  <Currency>EUR</Currency>
                </FareProductPrice>
              </members>
            </PriceGroup>
          </priceGroups>
        </FareFrame>
      </frames>
    </CompositeFrame>
  </dataObjects>
</PublicationDelivery>
