<?xml version="1.0" encoding="UTF-8"?><PublicationDelivery xmlns="http://www.netex.org.uk/netex" xmlns:gis="http://www.opengis.net/gml/3.2" xmlns:ns2="http://www.opengis.net/gml/3.2" xmlns:ns3="http://www.siri.org.uk/siri" xmlns:xsi="http://www.w3.org/2001/XMLSchema-instance" version="1" xsi:schemaLocation="">
  <PublicationTimestamp>2022-05-07T04:55:00.275</PublicationTimestamp>
  <ParticipantRef>VTR</ParticipantRef>
  <Description>1</Description>
  <dataObjects>
    <CompositeFrame created="2022-05-07T04:55:00.275" version="1" id="VTR:CompositeFrame:1399">
      <validityConditions>
        <AvailabilityCondition version="1" id="VTR:AvailabilityCondition:1399">
          <FromDate>2015-07-29T14:25:57</FromDate>
          <ToDate>2027-12-30T00:00:00</ToDate>
        </AvailabilityCondition>
      </validityConditions>
      <codespaces>
        <Codespace id="vtr">
          <Xmlns>VTR</Xmlns>
          <XmlnsUrl>http://www.visimarsrutai.lt/</XmlnsUrl>
        </Codespace>
      </codespaces>
      <FrameDefaults>
        <DefaultLocale>
          <TimeZone>Europe/Vilnius</TimeZone>
        </DefaultLocale>
        <DefaultLocationSystem>WGS84</DefaultLocationSystem>
      </FrameDefaults>
      <frames>
        <ServiceCalendarFrame version="1" id="VTR:ServiceCalendarFrame:1399">
          <dayTypes>
            <DayType id="VTR:DayType:2272" version="1">
              <properties>
                <PropertyOfDay>
                  <DaysOfWeek>Monday Tuesday Wednesday Thursday Friday Saturday</DaysOfWeek>
                </PropertyOfDay>
              </properties>
            </DayType>
          </dayTypes>
          <operatingPeriods>
            <OperatingPeriod version="1" id="VTR:OperatingPeriod:2272">
              <FromDate>2012-01-01T00:00:00</FromDate>
              <ToDate>2018-12-31T00:00:00</ToDate>
            </OperatingPeriod>
          </operatingPeriods>
          <dayTypeAssignments>
            <DayTypeAssignment id="VTR:DayTypeAssignment:2272_0" version="1" order="1963">
              <OperatingPeriodRef ref="VTR:OperatingPeriod:2272" version="1"/>
              <DayTypeRef ref="VTR:DayType:2272" version="1"/>
            </DayTypeAssignment>
          </dayTypeAssignments>
        </ServiceCalendarFrame>
        <ServiceFrame id="VTR:ServiceFrame:1399" version="1">
          <Network version="0" id="VTR:Network:31"/>
          <routePoints>
            <RoutePoint version="1" id="VTR:RoutePoint:535483">
              <projections>
                <PointProjection version="1" id="VTR:PointProjection:41916">
                  <ProjectedPointRef ref="VTR:ScheduledStopPoint:535483" version="1"/>
                </PointProjection>
              </projections>
            </RoutePoint>
            <RoutePoint version="1" id="VTR:RoutePoint:535484">
              <projections>
                <PointProjection version="1" id="VTR:PointProjection:41917">
                  <ProjectedPointRef ref="VTR:ScheduledStopPoint:535484" version="1"/>
                </PointProjection>
              </projections>
            </RoutePoint>
            <RoutePoint version="1" id="VTR:RoutePoint:535485">
              <projections>
                <PointProjection version="1" id="VTR:PointProjection:41918">
                  <ProjectedPointRef ref="VTR:ScheduledStopPoint:535485" version="1"/>
                </PointProjection>
              </projections>
            </RoutePoint>
            <RoutePoint version="1" id="VTR:RoutePoint:535486">
              <projections>
                <PointProjection version="1" id="VTR:PointProjection:41919">
                  <ProjectedPointRef ref="VTR:ScheduledStopPoint:535486" version="1"/>
                </PointProjection>
              </projections>
            </RoutePoint>
            <RoutePoint version="1" id="VTR:RoutePoint:535487">
              <projections>
                <PointProjection version="1" id="VTR:PointProjection:41920">
                  <ProjectedPointRef ref="VTR:ScheduledStopPoint:535487" version="1"/>
                </PointProjection>
              </projections>
            </RoutePoint>
            <RoutePoint version="1" id="VTR:RoutePoint:535488">
              <projections>
                <PointProjection version="1" id="VTR:PointProjection:41921">
                  <ProjectedPointRef ref="VTR:ScheduledStopPoint:535488" version="1"/>
                </PointProjection>
              </projections>
            </RoutePoint>
            <RoutePoint version="1" id="VTR:RoutePoint:535489">
              <projections>
                <PointProjection version="1" id="VTR:PointProjection:41922">
                  <ProjectedPointRef ref="VTR:ScheduledStopPoint:535489" version="1"/>
                </PointProjection>
              </projections>
            </RoutePoint>
            <RoutePoint version="1" id="VTR:RoutePoint:535490">
              <projections>
                <PointProjection version="1" id="VTR:PointProjection:41923">
                  <ProjectedPointRef ref="VTR:ScheduledStopPoint:535490" version="1"/>
                </PointProjection>
              </projections>
            </RoutePoint>
            <RoutePoint version="1" id="VTR:RoutePoint:535491">
              <projections>
                <PointProjection version="1" id="VTR:PointProjection:41924">
                  <ProjectedPointRef ref="VTR:ScheduledStopPoint:535491" version="1"/>
                </PointProjection>
              </projections>
            </RoutePoint>
            <RoutePoint version="1" id="VTR:RoutePoint:535492">
              <projections>
                <PointProjection version="1" id="VTR:PointProjection:41925">
                  <ProjectedPointRef ref="VTR:ScheduledStopPoint:535492" version="1"/>
                </PointProjection>
              </projections>
            </RoutePoint>
            <RoutePoint version="1" id="VTR:RoutePoint:535493">
              <projections>
                <PointProjection version="1" id="VTR:PointProjection:41926">
                  <ProjectedPointRef ref="VTR:ScheduledStopPoint:535493" version="1"/>
                </PointProjection>
              </projections>
            </RoutePoint>
            <RoutePoint version="1" id="VTR:RoutePoint:535494">
              <projections>
                <PointProjection version="1" id="VTR:PointProjection:41927">
                  <ProjectedPointRef ref="VTR:ScheduledStopPoint:535494" version="1"/>
                </PointProjection>
              </projections>
            </RoutePoint>
            <RoutePoint version="1" id="VTR:RoutePoint:535495">
              <projections>
                <PointProjection version="1" id="VTR:PointProjection:40742">
                  <ProjectedPointRef ref="VTR:ScheduledStopPoint:535495" version="1"/>
                </PointProjection>
              </projections>
            </RoutePoint>
            <RoutePoint version="1" id="VTR:RoutePoint:535506">
              <projections>
                <PointProjection version="1" id="VTR:PointProjection:40743">
                  <ProjectedPointRef ref="VTR:ScheduledStopPoint:535506" version="1"/>
                </PointProjection>
              </projections>
            </RoutePoint>
            <RoutePoint version="1" id="VTR:RoutePoint:535507">
              <projections>
                <PointProjection version="1" id="VTR:PointProjection:41723">
                  <ProjectedPointRef ref="VTR:ScheduledStopPoint:535507" version="1"/>
                </PointProjection>
              </projections>
            </RoutePoint>
            <RoutePoint version="1" id="VTR:RoutePoint:535508">
              <projections>
                <PointProjection version="1" id="VTR:PointProjection:41724">
                  <ProjectedPointRef ref="VTR:ScheduledStopPoint:535508" version="1"/>
                </PointProjection>
              </projections>
            </RoutePoint>
            <RoutePoint version="1" id="VTR:RoutePoint:535509">
              <projections>
                <PointProjection version="1" id="VTR:PointProjection:41725">
                  <ProjectedPointRef ref="VTR:ScheduledStopPoint:535509" version="1"/>
                </PointProjection>
              </projections>
            </RoutePoint>
            <RoutePoint version="1" id="VTR:RoutePoint:535510">
              <projections>
                <PointProjection version="1" id="VTR:PointProjection:41726">
                  <ProjectedPointRef ref="VTR:ScheduledStopPoint:535510" version="1"/>
                </PointProjection>
              </projections>
            </RoutePoint>
            <RoutePoint version="1" id="VTR:RoutePoint:535511">
              <projections>
                <PointProjection version="1" id="VTR:PointProjection:41727">
                  <ProjectedPointRef ref="VTR:ScheduledStopPoint:535511" version="1"/>
                </PointProjection>
              </projections>
            </RoutePoint>
            <RoutePoint version="1" id="VTR:RoutePoint:535512">
              <projections>
                <PointProjection version="1" id="VTR:PointProjection:41728">
                  <ProjectedPointRef ref="VTR:ScheduledStopPoint:535512" version="1"/>
                </PointProjection>
              </projections>
            </RoutePoint>
            <RoutePoint version="1" id="VTR:RoutePoint:535513">
              <projections>
                <PointProjection version="1" id="VTR:PointProjection:41729">
                  <ProjectedPointRef ref="VTR:ScheduledStopPoint:535513" version="1"/>
                </PointProjection>
              </projections>
            </RoutePoint>
            <RoutePoint version="1" id="VTR:RoutePoint:535514">
              <projections>
                <PointProjection version="1" id="VTR:PointProjection:41730">
                  <ProjectedPointRef ref="VTR:ScheduledStopPoint:535514" version="1"/>
                </PointProjection>
              </projections>
            </RoutePoint>
            <RoutePoint version="1" id="VTR:RoutePoint:535515">
              <projections>
                <PointProjection version="1" id="VTR:PointProjection:41731">
                  <ProjectedPointRef ref="VTR:ScheduledStopPoint:535515" version="1"/>
                </PointProjection>
              </projections>
            </RoutePoint>
            <RoutePoint version="1" id="VTR:RoutePoint:535516">
              <projections>
                <PointProjection version="1" id="VTR:PointProjection:41732">
                  <ProjectedPointRef ref="VTR:ScheduledStopPoint:535516" version="1"/>
                </PointProjection>
              </projections>
            </RoutePoint>
          </routePoints>
          <routes>
            <Route version="1" id="VTR:Route:12203">
              <Name>Tryškiai-Telšiai</Name>
              <ShortName>Tryškiai-Telšiai</ShortName>
              <LineRef ref="VTR:Line:1550" version="1530"/>
              <DirectionType>outbound</DirectionType>
              <pointsInSequence>
                <PointOnRoute version="1" id="VTR:PointOnRoute:535483" order="1">
                  <RoutePointRef ref="VTR:RoutePoint:535483"/>
                </PointOnRoute>
                <PointOnRoute version="1" id="VTR:PointOnRoute:535484" order="2">
                  <RoutePointRef ref="VTR:RoutePoint:535484"/>
                </PointOnRoute>
                <PointOnRoute version="1" id="VTR:PointOnRoute:535485" order="3">
                  <RoutePointRef ref="VTR:RoutePoint:535485"/>
                </PointOnRoute>
                <PointOnRoute version="1" id="VTR:PointOnRoute:535486" order="4">
                  <RoutePointRef ref="VTR:RoutePoint:535486"/>
                </PointOnRoute>
                <PointOnRoute version="1" id="VTR:PointOnRoute:535487" order="5">
                  <RoutePointRef ref="VTR:RoutePoint:535487"/>
                </PointOnRoute>
                <PointOnRoute version="1" id="VTR:PointOnRoute:535488" order="6">
                  <RoutePointRef ref="VTR:RoutePoint:535488"/>
                </PointOnRoute>
                <PointOnRoute version="1" id="VTR:PointOnRoute:535489" order="7">
                  <RoutePointRef ref="VTR:RoutePoint:535489"/>
                </PointOnRoute>
                <PointOnRoute version="1" id="VTR:PointOnRoute:535490" order="8">
                  <RoutePointRef ref="VTR:RoutePoint:535490"/>
                </PointOnRoute>
                <PointOnRoute version="1" id="VTR:PointOnRoute:535491" order="9">
                  <RoutePointRef ref="VTR:RoutePoint:535491"/>
                </PointOnRoute>
                <PointOnRoute version="1" id="VTR:PointOnRoute:535492" order="10">
                  <RoutePointRef ref="VTR:RoutePoint:535492"/>
                </PointOnRoute>
                <PointOnRoute version="1" id="VTR:PointOnRoute:535493" order="11">
                  <RoutePointRef ref="VTR:RoutePoint:535493"/>
                </PointOnRoute>
                <PointOnRoute version="1" id="VTR:PointOnRoute:535494" order="12">
                  <RoutePointRef ref="VTR:RoutePoint:535494"/>
                </PointOnRoute>
              </pointsInSequence>
            </Route>
            <Route version="1" id="VTR:Route:12204">
              <Name>TELŠIAI- TRYŠKIAI</Name>
              <ShortName>TELŠIAI- TRYŠKIAI</ShortName>
              <LineRef ref="VTR:Line:1550" version="1530"/>
              <DirectionType>inbound</DirectionType>
              <pointsInSequence>
                <PointOnRoute version="1" id="VTR:PointOnRoute:535506" order="1">
                  <RoutePointRef ref="VTR:RoutePoint:535506"/>
                </PointOnRoute>
                <PointOnRoute version="1" id="VTR:PointOnRoute:535507" order="2">
                  <RoutePointRef ref="VTR:RoutePoint:535507"/>
                </PointOnRoute>
                <PointOnRoute version="1" id="VTR:PointOnRoute:535508" order="3">
                  <RoutePointRef ref="VTR:RoutePoint:535508"/>
                </PointOnRoute>
                <PointOnRoute version="1" id="VTR:PointOnRoute:535509" order="4">
                  <RoutePointRef ref="VTR:RoutePoint:535509"/>
                </PointOnRoute>
                <PointOnRoute version="1" id="VTR:PointOnRoute:535510" order="5">
                  <RoutePointRef ref="VTR:RoutePoint:535510"/>
                </PointOnRoute>
                <PointOnRoute version="1" id="VTR:PointOnRoute:535511" order="6">
                  <RoutePointRef ref="VTR:RoutePoint:535511"/>
                </PointOnRoute>
                <PointOnRoute version="1" id="VTR:PointOnRoute:535512" order="7">
                  <RoutePointRef ref="VTR:RoutePoint:535512"/>
                </PointOnRoute>
                <PointOnRoute version="1" id="VTR:PointOnRoute:535513" order="8">
                  <RoutePointRef ref="VTR:RoutePoint:535513"/>
                </PointOnRoute>
                <PointOnRoute version="1" id="VTR:PointOnRoute:535514" order="9">
                  <RoutePointRef ref="VTR:RoutePoint:535514"/>
                </PointOnRoute>
                <PointOnRoute version="1" id="VTR:PointOnRoute:535515" order="10">
                  <RoutePointRef ref="VTR:RoutePoint:535515"/>
                </PointOnRoute>
                <PointOnRoute version="1" id="VTR:PointOnRoute:535516" order="11">
                  <RoutePointRef ref="VTR:RoutePoint:535516"/>
                </PointOnRoute>
                <PointOnRoute version="1" id="VTR:PointOnRoute:535495" order="12">
                  <RoutePointRef ref="VTR:RoutePoint:535495"/>
                </PointOnRoute>
              </pointsInSequence>
            </Route>
          </routes>
          <lines>
            <Line version="1530" id="VTR:Line:1550">
              <Name>Tryškiai - Telšiai -Tryškiai</Name>
              <TransportMode>bus</TransportMode>
              <TransportSubmode>
                <BusSubmode>regionalBus</BusSubmode>
              </TransportSubmode>
              <PublicCode>55</PublicCode>
              <OperatorRef ref="VTR:Operator:31"/>
            </Line>
          </lines>
          <scheduledStopPoints>
            <ScheduledStopPoint version="1" id="VTR:ScheduledStopPoint:535483">
              <Name>Tryškiai</Name>
            </ScheduledStopPoint>
            <ScheduledStopPoint version="1" id="VTR:ScheduledStopPoint:535484">
              <Name>Pabalvė</Name>
            </ScheduledStopPoint>
            <ScheduledStopPoint version="1" id="VTR:ScheduledStopPoint:535485">
              <Name>Tryškių kelias</Name>
            </ScheduledStopPoint>
            <ScheduledStopPoint version="1" id="VTR:ScheduledStopPoint:535486">
              <Name>Virvytė</Name>
            </ScheduledStopPoint>
            <ScheduledStopPoint version="1" id="VTR:ScheduledStopPoint:535487">
              <Name>Ubiškės kelias</Name>
            </ScheduledStopPoint>
            <ScheduledStopPoint version="1" id="VTR:ScheduledStopPoint:535488">
              <Name>Kiršiai</Name>
            </ScheduledStopPoint>
            <ScheduledStopPoint version="1" id="VTR:ScheduledStopPoint:535489">
              <Name>Juodsodė</Name>
            </ScheduledStopPoint>
            <ScheduledStopPoint version="1" id="VTR:ScheduledStopPoint:535490">
              <Name>Eigirdžiai</Name>
            </ScheduledStopPoint>
            <ScheduledStopPoint version="1" id="VTR:ScheduledStopPoint:535491">
              <Name>Kumpikai</Name>
            </ScheduledStopPoint>
            <ScheduledStopPoint version="1" id="VTR:ScheduledStopPoint:535492">
              <Name>Gaudikaičiai</Name>
            </ScheduledStopPoint>
            <ScheduledStopPoint version="1" id="VTR:ScheduledStopPoint:535493">
              <Name>Tulpė</Name>
            </ScheduledStopPoint>
            <ScheduledStopPoint version="1" id="VTR:ScheduledStopPoint:535494">
              <Name>Telšių autobusų stotis</Name>
            </ScheduledStopPoint>
            <ScheduledStopPoint version="1" id="VTR:ScheduledStopPoint:535495">
              <Name>Tryškiai</Name>
            </ScheduledStopPoint>
            <ScheduledStopPoint version="1" id="VTR:ScheduledStopPoint:535506">
              <Name>Telšių autobusų stotis</Name>
            </ScheduledStopPoint>
            <ScheduledStopPoint version="1" id="VTR:ScheduledStopPoint:535507">
              <Name>Tulpė</Name>
            </ScheduledStopPoint>
            <ScheduledStopPoint version="1" id="VTR:ScheduledStopPoint:535508">
              <Name>Gaudikaičiai</Name>
            </ScheduledStopPoint>
            <ScheduledStopPoint version="1" id="VTR:ScheduledStopPoint:535509">
              <Name>Kumpikai</Name>
            </ScheduledStopPoint>
            <ScheduledStopPoint version="1" id="VTR:ScheduledStopPoint:535510">
              <Name>Eigirdžiai</Name>
            </ScheduledStopPoint>
            <ScheduledStopPoint version="1" id="VTR:ScheduledStopPoint:535511">
              <Name>Juodsalė</Name>
            </ScheduledStopPoint>
            <ScheduledStopPoint version="1" id="VTR:ScheduledStopPoint:535512">
              <Name>Kiršiai</Name>
            </ScheduledStopPoint>
            <ScheduledStopPoint version="1" id="VTR:ScheduledStopPoint:535513">
              <Name>Ubiškės kelias</Name>
            </ScheduledStopPoint>
            <ScheduledStopPoint version="1" id="VTR:ScheduledStopPoint:535514">
              <Name>Virvytė</Name>
            </ScheduledStopPoint>
            <ScheduledStopPoint version="1" id="VTR:ScheduledStopPoint:535515">
              <Name>Tryškių kelias</Name>
            </ScheduledStopPoint>
            <ScheduledStopPoint version="1" id="VTR:ScheduledStopPoint:535516">
              <Name>Pabalvė</Name>
            </ScheduledStopPoint>
          </scheduledStopPoints>
          <serviceLinks>
            <ServiceLink id="VTR:ServiceLink:535483_1_535484_1" version="1">
              <Distance>5</Distance>
              <FromPointRef ref="VTR:ScheduledStopPoint:535483" version="1"/>
              <ToPointRef ref="VTR:ScheduledStopPoint:535484" version="1"/>
            </ServiceLink>
            <ServiceLink id="VTR:ServiceLink:535513_1_535514_1" version="1">
              <Distance>2</Distance>
              <FromPointRef ref="VTR:ScheduledStopPoint:535513" version="1"/>
              <ToPointRef ref="VTR:ScheduledStopPoint:535514" version="1"/>
            </ServiceLink>
            <ServiceLink id="VTR:ServiceLink:535489_1_535490_1" version="1">
              <Distance>2</Distance>
              <FromPointRef ref="VTR:ScheduledStopPoint:535489" version="1"/>
              <ToPointRef ref="VTR:ScheduledStopPoint:535490" version="1"/>
            </ServiceLink>
            <ServiceLink id="VTR:ServiceLink:535485_1_535486_1" version="1">
              <Distance>3</Distance>
              <FromPointRef ref="VTR:ScheduledStopPoint:535485" version="1"/>
              <ToPointRef ref="VTR:ScheduledStopPoint:535486" version="1"/>
            </ServiceLink>
            <ServiceLink id="VTR:ServiceLink:535491_1_535492_1" version="1">
              <Distance>4</Distance>
              <FromPointRef ref="VTR:ScheduledStopPoint:535491" version="1"/>
              <ToPointRef ref="VTR:ScheduledStopPoint:535492" version="1"/>
            </ServiceLink>
            <ServiceLink id="VTR:ServiceLink:535512_1_535513_1" version="1">
              <Distance>2</Distance>
              <FromPointRef ref="VTR:ScheduledStopPoint:535512" version="1"/>
              <ToPointRef ref="VTR:ScheduledStopPoint:535513" version="1"/>
            </ServiceLink>
            <ServiceLink id="VTR:ServiceLink:535514_1_535515_1" version="1">
              <Distance>3</Distance>
              <FromPointRef ref="VTR:ScheduledStopPoint:535514" version="1"/>
              <ToPointRef ref="VTR:ScheduledStopPoint:535515" version="1"/>
            </ServiceLink>
            <ServiceLink id="VTR:ServiceLink:535487_1_535488_1" version="1">
              <Distance>2</Distance>
              <FromPointRef ref="VTR:ScheduledStopPoint:535487" version="1"/>
              <ToPointRef ref="VTR:ScheduledStopPoint:535488" version="1"/>
            </ServiceLink>
            <ServiceLink id="VTR:ServiceLink:535508_1_535509_1" version="1">
              <Distance>4</Distance>
              <FromPointRef ref="VTR:ScheduledStopPoint:535508" version="1"/>
              <ToPointRef ref="VTR:ScheduledStopPoint:535509" version="1"/>
            </ServiceLink>
            <ServiceLink id="VTR:ServiceLink:535493_1_535494_1" version="1">
              <Distance>1</Distance>
              <FromPointRef ref="VTR:ScheduledStopPoint:535493" version="1"/>
              <ToPointRef ref="VTR:ScheduledStopPoint:535494" version="1"/>
            </ServiceLink>
            <ServiceLink id="VTR:ServiceLink:535516_1_535495_1" version="1">
              <Distance>5</Distance>
              <FromPointRef ref="VTR:ScheduledStopPoint:535516" version="1"/>
              <ToPointRef ref="VTR:ScheduledStopPoint:535495" version="1"/>
            </ServiceLink>
            <ServiceLink id="VTR:ServiceLink:535509_1_535510_1" version="1">
              <Distance>4</Distance>
              <FromPointRef ref="VTR:ScheduledStopPoint:535509" version="1"/>
              <ToPointRef ref="VTR:ScheduledStopPoint:535510" version="1"/>
            </ServiceLink>
            <ServiceLink id="VTR:ServiceLink:535492_1_535493_1" version="1">
              <Distance>2</Distance>
              <FromPointRef ref="VTR:ScheduledStopPoint:535492" version="1"/>
              <ToPointRef ref="VTR:ScheduledStopPoint:535493" version="1"/>
            </ServiceLink>
            <ServiceLink id="VTR:ServiceLink:535507_1_535508_1" version="1">
              <Distance>2</Distance>
              <FromPointRef ref="VTR:ScheduledStopPoint:535507" version="1"/>
              <ToPointRef ref="VTR:ScheduledStopPoint:535508" version="1"/>
            </ServiceLink>
            <ServiceLink id="VTR:ServiceLink:535488_1_535489_1" version="1">
              <Distance>2</Distance>
              <FromPointRef ref="VTR:ScheduledStopPoint:535488" version="1"/>
              <ToPointRef ref="VTR:ScheduledStopPoint:535489" version="1"/>
            </ServiceLink>
            <ServiceLink id="VTR:ServiceLink:535515_1_535516_1" version="1">
              <Distance>1</Distance>
              <FromPointRef ref="VTR:ScheduledStopPoint:535515" version="1"/>
              <ToPointRef ref="VTR:ScheduledStopPoint:535516" version="1"/>
            </ServiceLink>
            <ServiceLink id="VTR:ServiceLink:535486_1_535487_1" version="1">
              <Distance>2</Distance>
              <FromPointRef ref="VTR:ScheduledStopPoint:535486" version="1"/>
              <ToPointRef ref="VTR:ScheduledStopPoint:535487" version="1"/>
            </ServiceLink>
            <ServiceLink id="VTR:ServiceLink:535490_1_535491_1" version="1">
              <Distance>4</Distance>
              <FromPointRef ref="VTR:ScheduledStopPoint:535490" version="1"/>
              <ToPointRef ref="VTR:ScheduledStopPoint:535491" version="1"/>
            </ServiceLink>
            <ServiceLink id="VTR:ServiceLink:535510_1_535511_1" version="1">
              <Distance>2</Distance>
              <FromPointRef ref="VTR:ScheduledStopPoint:535510" version="1"/>
              <ToPointRef ref="VTR:ScheduledStopPoint:535511" version="1"/>
            </ServiceLink>
            <ServiceLink id="VTR:ServiceLink:535484_1_535485_1" version="1">
              <Distance>1</Distance>
              <FromPointRef ref="VTR:ScheduledStopPoint:535484" version="1"/>
              <ToPointRef ref="VTR:ScheduledStopPoint:535485" version="1"/>
            </ServiceLink>
            <ServiceLink id="VTR:ServiceLink:535506_1_535507_1" version="1">
              <Distance>1</Distance>
              <FromPointRef ref="VTR:ScheduledStopPoint:535506" version="1"/>
              <ToPointRef ref="VTR:ScheduledStopPoint:535507" version="1"/>
            </ServiceLink>
            <ServiceLink id="VTR:ServiceLink:535511_1_535512_1" version="1">
              <Distance>2</Distance>
              <FromPointRef ref="VTR:ScheduledStopPoint:535511" version="1"/>
              <ToPointRef ref="VTR:ScheduledStopPoint:535512" version="1"/>
            </ServiceLink>
          </serviceLinks>
          <stopAssignments>
            <PassengerStopAssignment order="1220300000" id="VTR:PassengerStopAssignment:535483" version="1">
              <ScheduledStopPointRef ref="VTR:ScheduledStopPoint:535483" version="1"/>
              <QuayRef ref="VTR:Quay:14222"/>
            </PassengerStopAssignment>
            <PassengerStopAssignment order="1220300001" id="VTR:PassengerStopAssignment:535484" version="1">
              <ScheduledStopPointRef ref="VTR:ScheduledStopPoint:535484" version="1"/>
              <QuayRef ref="VTR:Quay:9358"/>
            </PassengerStopAssignment>
            <PassengerStopAssignment order="1220300002" id="VTR:PassengerStopAssignment:535485" version="1">
              <ScheduledStopPointRef ref="VTR:ScheduledStopPoint:535485" version="1"/>
              <QuayRef ref="VTR:Quay:11267"/>
            </PassengerStopAssignment>
            <PassengerStopAssignment order="1220300003" id="VTR:PassengerStopAssignment:535486" version="1">
              <ScheduledStopPointRef ref="VTR:ScheduledStopPoint:535486" version="1"/>
              <QuayRef ref="VTR:Quay:8645"/>
            </PassengerStopAssignment>
            <PassengerStopAssignment order="1220300004" id="VTR:PassengerStopAssignment:535487" version="1">
              <ScheduledStopPointRef ref="VTR:ScheduledStopPoint:535487" version="1"/>
              <QuayRef ref="VTR:Quay:13630"/>
            </PassengerStopAssignment>
            <PassengerStopAssignment order="1220300005" id="VTR:PassengerStopAssignment:535488" version="1">
              <ScheduledStopPointRef ref="VTR:ScheduledStopPoint:535488" version="1"/>
              <QuayRef ref="VTR:Quay:5399"/>
            </PassengerStopAssignment>
            <PassengerStopAssignment order="1220300006" id="VTR:PassengerStopAssignment:535489" version="1">
              <ScheduledStopPointRef ref="VTR:ScheduledStopPoint:535489" version="1"/>
              <QuayRef ref="VTR:Quay:5411"/>
            </PassengerStopAssignment>
            <PassengerStopAssignment order="1220300007" id="VTR:PassengerStopAssignment:535490" version="1">
              <ScheduledStopPointRef ref="VTR:ScheduledStopPoint:535490" version="1"/>
              <QuayRef ref="VTR:Quay:6441"/>
            </PassengerStopAssignment>
            <PassengerStopAssignment order="1220300008" id="VTR:PassengerStopAssignment:535491" version="1">
              <ScheduledStopPointRef ref="VTR:ScheduledStopPoint:535491" version="1"/>
              <QuayRef ref="VTR:Quay:7354"/>
            </PassengerStopAssignment>
            <PassengerStopAssignment order="1220300009" id="VTR:PassengerStopAssignment:535492" version="1">
              <ScheduledStopPointRef ref="VTR:ScheduledStopPoint:535492" version="1"/>
              <QuayRef ref="VTR:Quay:8282"/>
            </PassengerStopAssignment>
            <PassengerStopAssignment order="1220300010" id="VTR:PassengerStopAssignment:535493" version="1">
              <ScheduledStopPointRef ref="VTR:ScheduledStopPoint:535493" version="1"/>
              <QuayRef ref="VTR:Quay:21258"/>
            </PassengerStopAssignment>
            <PassengerStopAssignment order="1220300011" id="VTR:PassengerStopAssignment:535494" version="1">
              <ScheduledStopPointRef ref="VTR:ScheduledStopPoint:535494" version="1"/>
              <QuayRef ref="VTR:Quay:19451"/>
            </PassengerStopAssignment>
            <PassengerStopAssignment order="1220400000" id="VTR:PassengerStopAssignment:535506" version="1">
              <ScheduledStopPointRef ref="VTR:ScheduledStopPoint:535506" version="1"/>
              <QuayRef ref="VTR:Quay:19451"/>
            </PassengerStopAssignment>
            <PassengerStopAssignment order="1220400001" id="VTR:PassengerStopAssignment:535507" version="1">
              <ScheduledStopPointRef ref="VTR:ScheduledStopPoint:535507" version="1"/>
              <QuayRef ref="VTR:Quay:21257"/>
            </PassengerStopAssignment>
            <PassengerStopAssignment order="1220400002" id="VTR:PassengerStopAssignment:535508" version="1">
              <ScheduledStopPointRef ref="VTR:ScheduledStopPoint:535508" version="1"/>
              <QuayRef ref="VTR:Quay:16246"/>
            </PassengerStopAssignment>
            <PassengerStopAssignment order="1220400003" id="VTR:PassengerStopAssignment:535509" version="1">
              <ScheduledStopPointRef ref="VTR:ScheduledStopPoint:535509" version="1"/>
              <QuayRef ref="VTR:Quay:16240"/>
            </PassengerStopAssignment>
            <PassengerStopAssignment order="1220400004" id="VTR:PassengerStopAssignment:535510" version="1">
              <ScheduledStopPointRef ref="VTR:ScheduledStopPoint:535510" version="1"/>
              <QuayRef ref="VTR:Quay:6421"/>
            </PassengerStopAssignment>
            <PassengerStopAssignment order="1220400005" id="VTR:PassengerStopAssignment:535511" version="1">
              <ScheduledStopPointRef ref="VTR:ScheduledStopPoint:535511" version="1"/>
              <QuayRef ref="VTR:Quay:6409"/>
            </PassengerStopAssignment>
            <PassengerStopAssignment order="1220400006" id="VTR:PassengerStopAssignment:535512" version="1">
              <ScheduledStopPointRef ref="VTR:ScheduledStopPoint:535512" version="1"/>
              <QuayRef ref="VTR:Quay:8348"/>
            </PassengerStopAssignment>
            <PassengerStopAssignment order="1220400007" id="VTR:PassengerStopAssignment:535513" version="1">
              <ScheduledStopPointRef ref="VTR:ScheduledStopPoint:535513" version="1"/>
              <QuayRef ref="VTR:Quay:4726"/>
            </PassengerStopAssignment>
            <PassengerStopAssignment order="1220400008" id="VTR:PassengerStopAssignment:535514" version="1">
              <ScheduledStopPointRef ref="VTR:ScheduledStopPoint:535514" version="1"/>
              <QuayRef ref="VTR:Quay:15652"/>
            </PassengerStopAssignment>
            <PassengerStopAssignment order="1220400009" id="VTR:PassengerStopAssignment:535515" version="1">
              <ScheduledStopPointRef ref="VTR:ScheduledStopPoint:535515" version="1"/>
              <QuayRef ref="VTR:Quay:8289"/>
            </PassengerStopAssignment>
            <PassengerStopAssignment order="1220400010" id="VTR:PassengerStopAssignment:535516" version="1">
              <ScheduledStopPointRef ref="VTR:ScheduledStopPoint:535516" version="1"/>
              <QuayRef ref="VTR:Quay:15344"/>
            </PassengerStopAssignment>
            <PassengerStopAssignment order="1220400011" id="VTR:PassengerStopAssignment:535495" version="1">
              <ScheduledStopPointRef ref="VTR:ScheduledStopPoint:535495" version="1"/>
              <QuayRef ref="VTR:Quay:14222"/>
            </PassengerStopAssignment>
          </stopAssignments>
          <journeyPatterns>
            <JourneyPattern id="VTR:JourneyPattern:962639" version="963112">
              <Name>1</Name>
              <RouteRef ref="VTR:Route:12203" version="1"/>
              <pointsInSequence>
                <StopPointInJourneyPattern id="VTR:StopPointInJourneyPattern:26490293" version="963112" order="1">
                  <ScheduledStopPointRef ref="VTR:ScheduledStopPoint:535483"/>
                  <ForAlighting>false</ForAlighting>
                  <DestinationDisplayRef ref="VTR:DestinationDisplay:1"/>
                </StopPointInJourneyPattern>
                <StopPointInJourneyPattern id="VTR:StopPointInJourneyPattern:26490294" version="963112" order="2">
                  <ScheduledStopPointRef ref="VTR:ScheduledStopPoint:535484"/>
                  <DestinationDisplayRef ref="VTR:DestinationDisplay:1"/>
                </StopPointInJourneyPattern>
                <StopPointInJourneyPattern id="VTR:StopPointInJourneyPattern:26490295" version="963112" order="3">
                  <ScheduledStopPointRef ref="VTR:ScheduledStopPoint:535485"/>
                  <DestinationDisplayRef ref="VTR:DestinationDisplay:1"/>
                </StopPointInJourneyPattern>
                <StopPointInJourneyPattern id="VTR:StopPointInJourneyPattern:26490296" version="963112" order="4">
                  <ScheduledStopPointRef ref="VTR:ScheduledStopPoint:535486"/>
                  <DestinationDisplayRef ref="VTR:DestinationDisplay:1"/>
                </StopPointInJourneyPattern>
                <StopPointInJourneyPattern id="VTR:StopPointInJourneyPattern:26490297" version="963112" order="5">
                  <ScheduledStopPointRef ref="VTR:ScheduledStopPoint:535487"/>
                  <DestinationDisplayRef ref="VTR:DestinationDisplay:1"/>
                </StopPointInJourneyPattern>
                <StopPointInJourneyPattern id="VTR:StopPointInJourneyPattern:26490298" version="963112" order="6">
                  <ScheduledStopPointRef ref="VTR:ScheduledStopPoint:535488"/>
                  <DestinationDisplayRef ref="VTR:DestinationDisplay:1"/>
                </StopPointInJourneyPattern>
                <StopPointInJourneyPattern id="VTR:StopPointInJourneyPattern:26490299" version="963112" order="7">
                  <ScheduledStopPointRef ref="VTR:ScheduledStopPoint:535489"/>
                  <DestinationDisplayRef ref="VTR:DestinationDisplay:1"/>
                </StopPointInJourneyPattern>
                <StopPointInJourneyPattern id="VTR:StopPointInJourneyPattern:26490300" version="963112" order="8">
                  <ScheduledStopPointRef ref="VTR:ScheduledStopPoint:535490"/>
                  <DestinationDisplayRef ref="VTR:DestinationDisplay:1"/>
                </StopPointInJourneyPattern>
                <StopPointInJourneyPattern id="VTR:StopPointInJourneyPattern:26490301" version="963112" order="9">
                  <ScheduledStopPointRef ref="VTR:ScheduledStopPoint:535491"/>
                  <DestinationDisplayRef ref="VTR:DestinationDisplay:1"/>
                </StopPointInJourneyPattern>
                <StopPointInJourneyPattern id="VTR:StopPointInJourneyPattern:26490302" version="963112" order="10">
                  <ScheduledStopPointRef ref="VTR:ScheduledStopPoint:535492"/>
                  <DestinationDisplayRef ref="VTR:DestinationDisplay:1"/>
                </StopPointInJourneyPattern>
                <StopPointInJourneyPattern id="VTR:StopPointInJourneyPattern:26490303" version="963112" order="11">
                  <ScheduledStopPointRef ref="VTR:ScheduledStopPoint:535493"/>
                  <DestinationDisplayRef ref="VTR:DestinationDisplay:1"/>
                </StopPointInJourneyPattern>
                <StopPointInJourneyPattern id="VTR:StopPointInJourneyPattern:26490304" version="963112" order="12">
                  <ScheduledStopPointRef ref="VTR:ScheduledStopPoint:535494"/>
                  <DestinationDisplayRef ref="VTR:DestinationDisplay:1"/>
                </StopPointInJourneyPattern>
              </pointsInSequence>
            </JourneyPattern>
            <JourneyPattern id="VTR:JourneyPattern:962640" version="963113">
              <Name>2</Name>
              <RouteRef ref="VTR:Route:12204" version="1"/>
              <pointsInSequence>
                <StopPointInJourneyPattern id="VTR:StopPointInJourneyPattern:26490305" version="963113" order="1">
                  <ScheduledStopPointRef ref="VTR:ScheduledStopPoint:535506"/>
                  <DestinationDisplayRef ref="VTR:DestinationDisplay:1"/>
                </StopPointInJourneyPattern>
                <StopPointInJourneyPattern id="VTR:StopPointInJourneyPattern:26490306" version="963113" order="2">
                  <ScheduledStopPointRef ref="VTR:ScheduledStopPoint:535507"/>
                  <DestinationDisplayRef ref="VTR:DestinationDisplay:1"/>
                </StopPointInJourneyPattern>
                <StopPointInJourneyPattern id="VTR:StopPointInJourneyPattern:26490307" version="963113" order="3">
                  <ScheduledStopPointRef ref="VTR:ScheduledStopPoint:535508"/>
                  <DestinationDisplayRef ref="VTR:DestinationDisplay:1"/>
                </StopPointInJourneyPattern>
                <StopPointInJourneyPattern id="VTR:StopPointInJourneyPattern:26490308" version="963113" order="4">
                  <ScheduledStopPointRef ref="VTR:ScheduledStopPoint:535509"/>
                  <DestinationDisplayRef ref="VTR:DestinationDisplay:1"/>
                </StopPointInJourneyPattern>
                <StopPointInJourneyPattern id="VTR:StopPointInJourneyPattern:26490309" version="963113" order="5">
                  <ScheduledStopPointRef ref="VTR:ScheduledStopPoint:535510"/>
                  <DestinationDisplayRef ref="VTR:DestinationDisplay:1"/>
                </StopPointInJourneyPattern>
                <StopPointInJourneyPattern id="VTR:StopPointInJourneyPattern:26490310" version="963113" order="6">
                  <ScheduledStopPointRef ref="VTR:ScheduledStopPoint:535511"/>
                  <DestinationDisplayRef ref="VTR:DestinationDisplay:1"/>
                </StopPointInJourneyPattern>
                <StopPointInJourneyPattern id="VTR:StopPointInJourneyPattern:26490311" version="963113" order="7">
                  <ScheduledStopPointRef ref="VTR:ScheduledStopPoint:535512"/>
                  <DestinationDisplayRef ref="VTR:DestinationDisplay:1"/>
                </StopPointInJourneyPattern>
                <StopPointInJourneyPattern id="VTR:StopPointInJourneyPattern:26490312" version="963113" order="8">
                  <ScheduledStopPointRef ref="VTR:ScheduledStopPoint:535513"/>
                  <DestinationDisplayRef ref="VTR:DestinationDisplay:1"/>
                </StopPointInJourneyPattern>
                <StopPointInJourneyPattern id="VTR:StopPointInJourneyPattern:26490313" version="963113" order="9">
                  <ScheduledStopPointRef ref="VTR:ScheduledStopPoint:535514"/>
                  <DestinationDisplayRef ref="VTR:DestinationDisplay:1"/>
                </StopPointInJourneyPattern>
                <StopPointInJourneyPattern id="VTR:StopPointInJourneyPattern:26490314" version="963113" order="10">
                  <ScheduledStopPointRef ref="VTR:ScheduledStopPoint:535515"/>
                  <DestinationDisplayRef ref="VTR:DestinationDisplay:1"/>
                </StopPointInJourneyPattern>
                <StopPointInJourneyPattern id="VTR:StopPointInJourneyPattern:26490315" version="963113" order="11">
                  <ScheduledStopPointRef ref="VTR:ScheduledStopPoint:535516"/>
                  <DestinationDisplayRef ref="VTR:DestinationDisplay:1"/>
                </StopPointInJourneyPattern>
                <StopPointInJourneyPattern id="VTR:StopPointInJourneyPattern:26490316" version="963113" order="12">
                  <ScheduledStopPointRef ref="VTR:ScheduledStopPoint:535495"/>
                  <DestinationDisplayRef ref="VTR:DestinationDisplay:1"/>
                </StopPointInJourneyPattern>
              </pointsInSequence>
            </JourneyPattern>
          </journeyPatterns>
        </ServiceFrame>
        <TimetableFrame version="1" id="VTR:TimetableFrame:1399">
          <vehicleJourneys>
            <ServiceJourney version="963112" id="VTR:ServiceJourney:962639">
              <Name>Tryškiai-Telšiai</Name>
              <PrivateCode>1</PrivateCode>
              <dayTypes>
                <DayTypeRef ref="VTR:DayType:2272"/>
              </dayTypes>
              <JourneyPatternRef version="963112" ref="VTR:JourneyPattern:962639"/>
              <OperatorRef ref="VTR:Operator:33063"/>
              <LineRef ref="VTR:Line:1550" version="1530"/>
              <passingTimes>
                <TimetabledPassingTime version="963112" id="VTR:TimetabledPassingTime:962639_26490293_1">
                  <StopPointInJourneyPatternRef ref="VTR:StopPointInJourneyPattern:26490293" version="963112"/>
                  <DepartureTime>09:10:00</DepartureTime>
                  <DepartureDayOffset>0</DepartureDayOffset>
                </TimetabledPassingTime>
                <TimetabledPassingTime version="963112" id="VTR:TimetabledPassingTime:962639_26490294_2">
                  <StopPointInJourneyPatternRef ref="VTR:StopPointInJourneyPattern:26490294" version="963112"/>
                  <DepartureTime>09:18:00</DepartureTime>
                  <DepartureDayOffset>0</DepartureDayOffset>
                </TimetabledPassingTime>
                <TimetabledPassingTime version="963112" id="VTR:TimetabledPassingTime:962639_26490295_3">
                  <StopPointInJourneyPatternRef ref="VTR:StopPointInJourneyPattern:26490295" version="963112"/>
                  <DepartureTime>09:20:00</DepartureTime>
                  <DepartureDayOffset>0</DepartureDayOffset>
                </TimetabledPassingTime>
                <TimetabledPassingTime version="963112" id="VTR:TimetabledPassingTime:962639_26490296_4">
                  <StopPointInJourneyPatternRef ref="VTR:StopPointInJourneyPattern:26490296" version="963112"/>
                  <DepartureTime>09:25:00</DepartureTime>
                  <DepartureDayOffset>0</DepartureDayOffset>
                </TimetabledPassingTime>
                <TimetabledPassingTime version="963112" id="VTR:TimetabledPassingTime:962639_26490297_5">
                  <StopPointInJourneyPatternRef ref="VTR:StopPointInJourneyPattern:26490297" version="963112"/>
                  <DepartureTime>09:28:00</DepartureTime>
                  <DepartureDayOffset>0</DepartureDayOffset>
                </TimetabledPassingTime>
                <TimetabledPassingTime version="963112" id="VTR:TimetabledPassingTime:962639_26490298_6">
                  <StopPointInJourneyPatternRef ref="VTR:StopPointInJourneyPattern:26490298" version="963112"/>
                  <DepartureTime>09:32:00</DepartureTime>
                  <DepartureDayOffset>0</DepartureDayOffset>
                </TimetabledPassingTime>
                <TimetabledPassingTime version="963112" id="VTR:TimetabledPassingTime:962639_26490299_7">
                  <StopPointInJourneyPatternRef ref="VTR:StopPointInJourneyPattern:26490299" version="963112"/>
                  <DepartureTime>09:36:00</DepartureTime>
                  <DepartureDayOffset>0</DepartureDayOffset>
                </TimetabledPassingTime>
                <TimetabledPassingTime version="963112" id="VTR:TimetabledPassingTime:962639_26490300_8">
                  <StopPointInJourneyPatternRef ref="VTR:StopPointInJourneyPattern:26490300" version="963112"/>
                  <DepartureTime>09:40:00</DepartureTime>
                  <DepartureDayOffset>0</DepartureDayOffset>
                </TimetabledPassingTime>
                <TimetabledPassingTime version="963112" id="VTR:TimetabledPassingTime:962639_26490301_9">
                  <StopPointInJourneyPatternRef ref="VTR:StopPointInJourneyPattern:26490301" version="963112"/>
                  <DepartureTime>09:46:00</DepartureTime>
                  <DepartureDayOffset>0</DepartureDayOffset>
                </TimetabledPassingTime>
                <TimetabledPassingTime version="963112" id="VTR:TimetabledPassingTime:962639_26490302_10">
                  <StopPointInJourneyPatternRef ref="VTR:StopPointInJourneyPattern:26490302" version="963112"/>
                  <DepartureTime>09:50:00</DepartureTime>
                  <DepartureDayOffset>0</DepartureDayOffset>
                </TimetabledPassingTime>
                <TimetabledPassingTime version="963112" id="VTR:TimetabledPassingTime:962639_26490303_11">
                  <StopPointInJourneyPatternRef ref="VTR:StopPointInJourneyPattern:26490303" version="963112"/>
                  <DepartureTime>09:53:00</DepartureTime>
                  <DepartureDayOffset>0</DepartureDayOffset>
                </TimetabledPassingTime>
                <TimetabledPassingTime version="963112" id="VTR:TimetabledPassingTime:962639_26490304_12">
                  <StopPointInJourneyPatternRef ref="VTR:StopPointInJourneyPattern:26490304" version="963112"/>
                  <DepartureTime>09:55:00</DepartureTime>
                  <DepartureDayOffset>0</DepartureDayOffset>
                </TimetabledPassingTime>
              </passingTimes>
            </ServiceJourney>
            <ServiceJourney version="963113" id="VTR:ServiceJourney:962640">
              <Name>TELŠIAI- TRYŠKIAI</Name>
              <PrivateCode>2</PrivateCode>
              <dayTypes>
                <DayTypeRef ref="VTR:DayType:2272"/>
              </dayTypes>
              <JourneyPatternRef version="963113" ref="VTR:JourneyPattern:962640"/>
              <OperatorRef ref="VTR:Operator:33063"/>
              <LineRef ref="VTR:Line:1550" version="1530"/>
              <passingTimes>
                <TimetabledPassingTime version="963113" id="VTR:TimetabledPassingTime:962640_26490305_1">
                  <StopPointInJourneyPatternRef ref="VTR:StopPointInJourneyPattern:26490305" version="963113"/>
                  <DepartureTime>10:30:00</DepartureTime>
                  <DepartureDayOffset>0</DepartureDayOffset>
                </TimetabledPassingTime>
                <TimetabledPassingTime version="963113" id="VTR:TimetabledPassingTime:962640_26490306_2">
                  <StopPointInJourneyPatternRef ref="VTR:StopPointInJourneyPattern:26490306" version="963113"/>
                  <DepartureTime>10:32:00</DepartureTime>
                  <DepartureDayOffset>0</DepartureDayOffset>
                </TimetabledPassingTime>
                <TimetabledPassingTime version="963113" id="VTR:TimetabledPassingTime:962640_26490307_3">
                  <StopPointInJourneyPatternRef ref="VTR:StopPointInJourneyPattern:26490307" version="963113"/>
                  <DepartureTime>10:35:00</DepartureTime>
                  <DepartureDayOffset>0</DepartureDayOffset>
                </TimetabledPassingTime>
                <TimetabledPassingTime version="963113" id="VTR:TimetabledPassingTime:962640_26490308_4">
                  <StopPointInJourneyPatternRef ref="VTR:StopPointInJourneyPattern:26490308" version="963113"/>
                  <DepartureTime>10:39:00</DepartureTime>
                  <DepartureDayOffset>0</DepartureDayOffset>
                </TimetabledPassingTime>
                <TimetabledPassingTime version="963113" id="VTR:TimetabledPassingTime:962640_26490309_5">
                  <StopPointInJourneyPatternRef ref="VTR:StopPointInJourneyPattern:26490309" version="963113"/>
                  <DepartureTime>10:45:00</DepartureTime>
                  <DepartureDayOffset>0</DepartureDayOffset>
                </TimetabledPassingTime>
                <TimetabledPassingTime version="963113" id="VTR:TimetabledPassingTime:962640_26490310_6">
                  <StopPointInJourneyPatternRef ref="VTR:StopPointInJourneyPattern:26490310" version="963113"/>
                  <DepartureTime>10:49:00</DepartureTime>
                  <DepartureDayOffset>0</DepartureDayOffset>
                </TimetabledPassingTime>
                <TimetabledPassingTime version="963113" id="VTR:TimetabledPassingTime:962640_26490311_7">
                  <StopPointInJourneyPatternRef ref="VTR:StopPointInJourneyPattern:26490311" version="963113"/>
                  <DepartureTime>10:53:00</DepartureTime>
                  <DepartureDayOffset>0</DepartureDayOffset>
                </TimetabledPassingTime>
                <TimetabledPassingTime version="963113" id="VTR:TimetabledPassingTime:962640_26490312_8">
                  <StopPointInJourneyPatternRef ref="VTR:StopPointInJourneyPattern:26490312" version="963113"/>
                  <DepartureTime>10:57:00</DepartureTime>
                  <DepartureDayOffset>0</DepartureDayOffset>
                </TimetabledPassingTime>
                <TimetabledPassingTime version="963113" id="VTR:TimetabledPassingTime:962640_26490313_9">
                  <StopPointInJourneyPatternRef ref="VTR:StopPointInJourneyPattern:26490313" version="963113"/>
                  <DepartureTime>11:00:00</DepartureTime>
                  <DepartureDayOffset>0</DepartureDayOffset>
                </TimetabledPassingTime>
                <TimetabledPassingTime version="963113" id="VTR:TimetabledPassingTime:962640_26490314_10">
                  <StopPointInJourneyPatternRef ref="VTR:StopPointInJourneyPattern:26490314" version="963113"/>
                  <DepartureTime>11:05:00</DepartureTime>
                  <DepartureDayOffset>0</DepartureDayOffset>
                </TimetabledPassingTime>
                <TimetabledPassingTime version="963113" id="VTR:TimetabledPassingTime:962640_26490315_11">
                  <StopPointInJourneyPatternRef ref="VTR:StopPointInJourneyPattern:26490315" version="963113"/>
                  <DepartureTime>11:07:00</DepartureTime>
                  <DepartureDayOffset>0</DepartureDayOffset>
                </TimetabledPassingTime>
                <TimetabledPassingTime version="963113" id="VTR:TimetabledPassingTime:962640_26490316_12">
                  <StopPointInJourneyPatternRef ref="VTR:StopPointInJourneyPattern:26490316" version="963113"/>
                  <DepartureTime>11:15:00</DepartureTime>
                  <DepartureDayOffset>0</DepartureDayOffset>
                </TimetabledPassingTime>
              </passingTimes>
            </ServiceJourney>
          </vehicleJourneys>
        </TimetableFrame>
        <ResourceFrame version="1" id="VTR:ResourceFrame:1399">
          <organisations>
            <Authority version="1" id="VTR:Authority:31">
              <CompanyNumber>78</CompanyNumber>
              <Name>Telšių r. sav.</Name>
              <LegalName>Telšių r. sav.</LegalName>
              <ContactDetails>
                <Email>zita.simaitiene@telsiai.lt</Email>
                <Phone>8 444 56183</Phone>
                <Url>www.telsiai.lt</Url>
              </ContactDetails>
              <OrganisationType>authority</OrganisationType>
            </Authority>
          </organisations>
        </ResourceFrame>
        <FareFrame id="VTR:FareFrame:1550" version="1">
          <FrameDefaults>
            <DefaultCurrency>EUR</DefaultCurrency>
          </FrameDefaults>
          <usageParameters>
            <RoundTrip id="VTR:RoundTrip:single" version="1">
              <Name>Single</Name>
              <TripType>single</TripType>
            </RoundTrip>
            <FrequencyOfUse id="VTR:FrequencyOfUse:once" version="1">
              <Name>Once</Name>
              <MaximalFrequency>1</MaximalFrequency>
            </FrequencyOfUse>
          </usageParameters>
          <priceGroups>
            <PriceGroup id="VTR:PriceGroup:PG01" version="1">
              <Name>Flat Fare Products - Standard</Name>
              <members>
                <FareProductPrice id="VTR:FareProductPrice:standard" version="1">
                  <Name>Single fare</Name>
                  <Amount>0.12</Amount>
                  <Currency>EUR</Currency>
                </FareProductPrice>
              </members>
            </PriceGroup>
          </priceGroups>
        </FareFrame>
      </frames>
    </CompositeFrame>
  </dataObjects>
</PublicationDelivery>
