<?xml version="1.0" encoding="UTF-8"?><PublicationDelivery xmlns="http://www.netex.org.uk/netex" xmlns:gis="http://www.opengis.net/gml/3.2" xmlns:ns2="http://www.opengis.net/gml/3.2" xmlns:ns3="http://www.siri.org.uk/siri" xmlns:xsi="http://www.w3.org/2001/XMLSchema-instance" version="1" xsi:schemaLocation="">
  <PublicationTimestamp>2022-05-07T04:55:00.275</PublicationTimestamp>
  <ParticipantRef>VTR</ParticipantRef>
  <Description>1</Description>
  <dataObjects>
    <CompositeFrame created="2022-05-07T04:55:00.275" version="1" id="VTR:CompositeFrame:1399">
      <validityConditions>
        <AvailabilityCondition version="1" id="VTR:AvailabilityCondition:1399">
          <FromDate>2013-07-03T00:00:00</FromDate>
          <ToDate>2027-12-30T00:00:00</ToDate>
        </AvailabilityCondition>
      </validityConditions>
      <codespaces>
        <Codespace id="vtr">
          <Xmlns>VTR</Xmlns>
          <XmlnsUrl>http://www.visimarsrutai.lt/</XmlnsUrl>
        </Codespace>
      </codespaces>
      <FrameDefaults>
        <DefaultLocale>
          <TimeZone>Europe/Vilnius</TimeZone>
        </DefaultLocale>
        <DefaultLocationSystem>WGS84</DefaultLocationSystem>
      </FrameDefaults>
      <frames>
        <ServiceCalendarFrame version="1" id="VTR:ServiceCalendarFrame:1399">
          <dayTypes>
            <DayType id="VTR:DayType:1226" version="1">
              <properties>
                <PropertyOfDay>
                  <DaysOfWeek>Monday Tuesday Wednesday Thursday Friday</DaysOfWeek>
                </PropertyOfDay>
              </properties>
            </DayType>
            <DayType id="VTR:DayType:17170" version="1">
              <properties>
                <PropertyOfDay>
                  <DaysOfWeek>Monday Tuesday Wednesday Thursday</DaysOfWeek>
                </PropertyOfDay>
              </properties>
            </DayType>
          </dayTypes>
          <operatingPeriods>
            <OperatingPeriod version="1" id="VTR:OperatingPeriod:1226">
              <FromDate>2012-01-01T00:00:00</FromDate>
              <ToDate>2018-12-31T00:00:00</ToDate>
            </OperatingPeriod>
            <OperatingPeriod version="1" id="VTR:OperatingPeriod:17170">
              <FromDate>2018-09-05T00:00:00</FromDate>
              <ToDate>2019-09-08T00:00:00</ToDate>
            </OperatingPeriod>
          </operatingPeriods>
          <dayTypeAssignments>
            <DayTypeAssignment id="VTR:DayTypeAssignment:1226_0" version="1" order="1165">
              <OperatingPeriodRef ref="VTR:OperatingPeriod:1226" version="1"/>
              <DayTypeRef ref="VTR:DayType:1226" version="1"/>
            </DayTypeAssignment>
            <DayTypeAssignment id="VTR:DayTypeAssignment:17170_0" version="1" order="4146">
              <OperatingPeriodRef ref="VTR:OperatingPeriod:17170" version="1"/>
              <DayTypeRef ref="VTR:DayType:17170" version="1"/>
            </DayTypeAssignment>
          </dayTypeAssignments>
        </ServiceCalendarFrame>
        <ServiceFrame id="VTR:ServiceFrame:1399" version="1">
          <Network version="0" id="VTR:Network:31"/>
          <routePoints>
            <RoutePoint version="1" id="VTR:RoutePoint:1761540">
              <projections>
                <PointProjection version="1" id="VTR:PointProjection:63075">
                  <ProjectedPointRef ref="VTR:ScheduledStopPoint:1761540" version="1"/>
                </PointProjection>
              </projections>
            </RoutePoint>
            <RoutePoint version="1" id="VTR:RoutePoint:1761541">
              <projections>
                <PointProjection version="1" id="VTR:PointProjection:63076">
                  <ProjectedPointRef ref="VTR:ScheduledStopPoint:1761541" version="1"/>
                </PointProjection>
              </projections>
            </RoutePoint>
            <RoutePoint version="1" id="VTR:RoutePoint:1761542">
              <projections>
                <PointProjection version="1" id="VTR:PointProjection:63077">
                  <ProjectedPointRef ref="VTR:ScheduledStopPoint:1761542" version="1"/>
                </PointProjection>
              </projections>
            </RoutePoint>
            <RoutePoint version="1" id="VTR:RoutePoint:1761543">
              <projections>
                <PointProjection version="1" id="VTR:PointProjection:63078">
                  <ProjectedPointRef ref="VTR:ScheduledStopPoint:1761543" version="1"/>
                </PointProjection>
              </projections>
            </RoutePoint>
            <RoutePoint version="1" id="VTR:RoutePoint:1761544">
              <projections>
                <PointProjection version="1" id="VTR:PointProjection:63079">
                  <ProjectedPointRef ref="VTR:ScheduledStopPoint:1761544" version="1"/>
                </PointProjection>
              </projections>
            </RoutePoint>
            <RoutePoint version="1" id="VTR:RoutePoint:1761545">
              <projections>
                <PointProjection version="1" id="VTR:PointProjection:63080">
                  <ProjectedPointRef ref="VTR:ScheduledStopPoint:1761545" version="1"/>
                </PointProjection>
              </projections>
            </RoutePoint>
            <RoutePoint version="1" id="VTR:RoutePoint:1761546">
              <projections>
                <PointProjection version="1" id="VTR:PointProjection:63081">
                  <ProjectedPointRef ref="VTR:ScheduledStopPoint:1761546" version="1"/>
                </PointProjection>
              </projections>
            </RoutePoint>
            <RoutePoint version="1" id="VTR:RoutePoint:1761547">
              <projections>
                <PointProjection version="1" id="VTR:PointProjection:63082">
                  <ProjectedPointRef ref="VTR:ScheduledStopPoint:1761547" version="1"/>
                </PointProjection>
              </projections>
            </RoutePoint>
            <RoutePoint version="1" id="VTR:RoutePoint:1761548">
              <projections>
                <PointProjection version="1" id="VTR:PointProjection:63083">
                  <ProjectedPointRef ref="VTR:ScheduledStopPoint:1761548" version="1"/>
                </PointProjection>
              </projections>
            </RoutePoint>
            <RoutePoint version="1" id="VTR:RoutePoint:1761549">
              <projections>
                <PointProjection version="1" id="VTR:PointProjection:63084">
                  <ProjectedPointRef ref="VTR:ScheduledStopPoint:1761549" version="1"/>
                </PointProjection>
              </projections>
            </RoutePoint>
            <RoutePoint version="1" id="VTR:RoutePoint:1761550">
              <projections>
                <PointProjection version="1" id="VTR:PointProjection:63085">
                  <ProjectedPointRef ref="VTR:ScheduledStopPoint:1761550" version="1"/>
                </PointProjection>
              </projections>
            </RoutePoint>
            <RoutePoint version="1" id="VTR:RoutePoint:1761551">
              <projections>
                <PointProjection version="1" id="VTR:PointProjection:63086">
                  <ProjectedPointRef ref="VTR:ScheduledStopPoint:1761551" version="1"/>
                </PointProjection>
              </projections>
            </RoutePoint>
            <RoutePoint version="1" id="VTR:RoutePoint:1761552">
              <projections>
                <PointProjection version="1" id="VTR:PointProjection:63355">
                  <ProjectedPointRef ref="VTR:ScheduledStopPoint:1761552" version="1"/>
                </PointProjection>
              </projections>
            </RoutePoint>
            <RoutePoint version="1" id="VTR:RoutePoint:1761553">
              <projections>
                <PointProjection version="1" id="VTR:PointProjection:63356">
                  <ProjectedPointRef ref="VTR:ScheduledStopPoint:1761553" version="1"/>
                </PointProjection>
              </projections>
            </RoutePoint>
            <RoutePoint version="1" id="VTR:RoutePoint:1761554">
              <projections>
                <PointProjection version="1" id="VTR:PointProjection:63357">
                  <ProjectedPointRef ref="VTR:ScheduledStopPoint:1761554" version="1"/>
                </PointProjection>
              </projections>
            </RoutePoint>
            <RoutePoint version="1" id="VTR:RoutePoint:1761555">
              <projections>
                <PointProjection version="1" id="VTR:PointProjection:63358">
                  <ProjectedPointRef ref="VTR:ScheduledStopPoint:1761555" version="1"/>
                </PointProjection>
              </projections>
            </RoutePoint>
            <RoutePoint version="1" id="VTR:RoutePoint:1761556">
              <projections>
                <PointProjection version="1" id="VTR:PointProjection:63359">
                  <ProjectedPointRef ref="VTR:ScheduledStopPoint:1761556" version="1"/>
                </PointProjection>
              </projections>
            </RoutePoint>
            <RoutePoint version="1" id="VTR:RoutePoint:1761557">
              <projections>
                <PointProjection version="1" id="VTR:PointProjection:63360">
                  <ProjectedPointRef ref="VTR:ScheduledStopPoint:1761557" version="1"/>
                </PointProjection>
              </projections>
            </RoutePoint>
            <RoutePoint version="1" id="VTR:RoutePoint:1761558">
              <projections>
                <PointProjection version="1" id="VTR:PointProjection:63361">
                  <ProjectedPointRef ref="VTR:ScheduledStopPoint:1761558" version="1"/>
                </PointProjection>
              </projections>
            </RoutePoint>
            <RoutePoint version="1" id="VTR:RoutePoint:1761559">
              <projections>
                <PointProjection version="1" id="VTR:PointProjection:62365">
                  <ProjectedPointRef ref="VTR:ScheduledStopPoint:1761559" version="1"/>
                </PointProjection>
              </projections>
            </RoutePoint>
            <RoutePoint version="1" id="VTR:RoutePoint:1761560">
              <projections>
                <PointProjection version="1" id="VTR:PointProjection:62366">
                  <ProjectedPointRef ref="VTR:ScheduledStopPoint:1761560" version="1"/>
                </PointProjection>
              </projections>
            </RoutePoint>
            <RoutePoint version="1" id="VTR:RoutePoint:1761561">
              <projections>
                <PointProjection version="1" id="VTR:PointProjection:62367">
                  <ProjectedPointRef ref="VTR:ScheduledStopPoint:1761561" version="1"/>
                </PointProjection>
              </projections>
            </RoutePoint>
            <RoutePoint version="1" id="VTR:RoutePoint:1761562">
              <projections>
                <PointProjection version="1" id="VTR:PointProjection:62368">
                  <ProjectedPointRef ref="VTR:ScheduledStopPoint:1761562" version="1"/>
                </PointProjection>
              </projections>
            </RoutePoint>
            <RoutePoint version="1" id="VTR:RoutePoint:1761563">
              <projections>
                <PointProjection version="1" id="VTR:PointProjection:62369">
                  <ProjectedPointRef ref="VTR:ScheduledStopPoint:1761563" version="1"/>
                </PointProjection>
              </projections>
            </RoutePoint>
            <RoutePoint version="1" id="VTR:RoutePoint:1761564">
              <projections>
                <PointProjection version="1" id="VTR:PointProjection:62370">
                  <ProjectedPointRef ref="VTR:ScheduledStopPoint:1761564" version="1"/>
                </PointProjection>
              </projections>
            </RoutePoint>
            <RoutePoint version="1" id="VTR:RoutePoint:1761565">
              <projections>
                <PointProjection version="1" id="VTR:PointProjection:62371">
                  <ProjectedPointRef ref="VTR:ScheduledStopPoint:1761565" version="1"/>
                </PointProjection>
              </projections>
            </RoutePoint>
            <RoutePoint version="1" id="VTR:RoutePoint:1761566">
              <projections>
                <PointProjection version="1" id="VTR:PointProjection:62467">
                  <ProjectedPointRef ref="VTR:ScheduledStopPoint:1761566" version="1"/>
                </PointProjection>
              </projections>
            </RoutePoint>
            <RoutePoint version="1" id="VTR:RoutePoint:1761567">
              <projections>
                <PointProjection version="1" id="VTR:PointProjection:62577">
                  <ProjectedPointRef ref="VTR:ScheduledStopPoint:1761567" version="1"/>
                </PointProjection>
              </projections>
            </RoutePoint>
            <RoutePoint version="1" id="VTR:RoutePoint:1761568">
              <projections>
                <PointProjection version="1" id="VTR:PointProjection:62578">
                  <ProjectedPointRef ref="VTR:ScheduledStopPoint:1761568" version="1"/>
                </PointProjection>
              </projections>
            </RoutePoint>
            <RoutePoint version="1" id="VTR:RoutePoint:1761569">
              <projections>
                <PointProjection version="1" id="VTR:PointProjection:62579">
                  <ProjectedPointRef ref="VTR:ScheduledStopPoint:1761569" version="1"/>
                </PointProjection>
              </projections>
            </RoutePoint>
            <RoutePoint version="1" id="VTR:RoutePoint:1761570">
              <projections>
                <PointProjection version="1" id="VTR:PointProjection:62580">
                  <ProjectedPointRef ref="VTR:ScheduledStopPoint:1761570" version="1"/>
                </PointProjection>
              </projections>
            </RoutePoint>
            <RoutePoint version="1" id="VTR:RoutePoint:1761571">
              <projections>
                <PointProjection version="1" id="VTR:PointProjection:62581">
                  <ProjectedPointRef ref="VTR:ScheduledStopPoint:1761571" version="1"/>
                </PointProjection>
              </projections>
            </RoutePoint>
            <RoutePoint version="1" id="VTR:RoutePoint:1761572">
              <projections>
                <PointProjection version="1" id="VTR:PointProjection:62582">
                  <ProjectedPointRef ref="VTR:ScheduledStopPoint:1761572" version="1"/>
                </PointProjection>
              </projections>
            </RoutePoint>
            <RoutePoint version="1" id="VTR:RoutePoint:1761573">
              <projections>
                <PointProjection version="1" id="VTR:PointProjection:62583">
                  <ProjectedPointRef ref="VTR:ScheduledStopPoint:1761573" version="1"/>
                </PointProjection>
              </projections>
            </RoutePoint>
          </routePoints>
          <routes>
            <Route version="1" id="VTR:Route:20404">
              <Name>Telšiai - Varniai</Name>
              <ShortName>Telšiai - Varniai</ShortName>
              <LineRef ref="VTR:Line:1670" version="9363"/>
              <DirectionType>outbound</DirectionType>
              <pointsInSequence>
                <PointOnRoute version="1" id="VTR:PointOnRoute:1761554" order="1">
                  <RoutePointRef ref="VTR:RoutePoint:1761554"/>
                </PointOnRoute>
                <PointOnRoute version="1" id="VTR:PointOnRoute:1761552" order="2">
                  <RoutePointRef ref="VTR:RoutePoint:1761552"/>
                </PointOnRoute>
                <PointOnRoute version="1" id="VTR:PointOnRoute:1761553" order="3">
                  <RoutePointRef ref="VTR:RoutePoint:1761553"/>
                </PointOnRoute>
                <PointOnRoute version="1" id="VTR:PointOnRoute:1761555" order="4">
                  <RoutePointRef ref="VTR:RoutePoint:1761555"/>
                </PointOnRoute>
                <PointOnRoute version="1" id="VTR:PointOnRoute:1761541" order="5">
                  <RoutePointRef ref="VTR:RoutePoint:1761541"/>
                </PointOnRoute>
                <PointOnRoute version="1" id="VTR:PointOnRoute:1761542" order="6">
                  <RoutePointRef ref="VTR:RoutePoint:1761542"/>
                </PointOnRoute>
                <PointOnRoute version="1" id="VTR:PointOnRoute:1761543" order="7">
                  <RoutePointRef ref="VTR:RoutePoint:1761543"/>
                </PointOnRoute>
                <PointOnRoute version="1" id="VTR:PointOnRoute:1761544" order="8">
                  <RoutePointRef ref="VTR:RoutePoint:1761544"/>
                </PointOnRoute>
                <PointOnRoute version="1" id="VTR:PointOnRoute:1761540" order="9">
                  <RoutePointRef ref="VTR:RoutePoint:1761540"/>
                </PointOnRoute>
                <PointOnRoute version="1" id="VTR:PointOnRoute:1761545" order="10">
                  <RoutePointRef ref="VTR:RoutePoint:1761545"/>
                </PointOnRoute>
                <PointOnRoute version="1" id="VTR:PointOnRoute:1761546" order="11">
                  <RoutePointRef ref="VTR:RoutePoint:1761546"/>
                </PointOnRoute>
                <PointOnRoute version="1" id="VTR:PointOnRoute:1761547" order="12">
                  <RoutePointRef ref="VTR:RoutePoint:1761547"/>
                </PointOnRoute>
                <PointOnRoute version="1" id="VTR:PointOnRoute:1761548" order="13">
                  <RoutePointRef ref="VTR:RoutePoint:1761548"/>
                </PointOnRoute>
                <PointOnRoute version="1" id="VTR:PointOnRoute:1761549" order="14">
                  <RoutePointRef ref="VTR:RoutePoint:1761549"/>
                </PointOnRoute>
                <PointOnRoute version="1" id="VTR:PointOnRoute:1761550" order="15">
                  <RoutePointRef ref="VTR:RoutePoint:1761550"/>
                </PointOnRoute>
                <PointOnRoute version="1" id="VTR:PointOnRoute:1761551" order="16">
                  <RoutePointRef ref="VTR:RoutePoint:1761551"/>
                </PointOnRoute>
              </pointsInSequence>
            </Route>
            <Route version="1" id="VTR:Route:20405">
              <Name>Varniai - Telšiai</Name>
              <ShortName>Varniai - Telšiai</ShortName>
              <LineRef ref="VTR:Line:1670" version="9363"/>
              <DirectionType>inbound</DirectionType>
              <pointsInSequence>
                <PointOnRoute version="1" id="VTR:PointOnRoute:1761563" order="1">
                  <RoutePointRef ref="VTR:RoutePoint:1761563"/>
                </PointOnRoute>
                <PointOnRoute version="1" id="VTR:PointOnRoute:1761564" order="2">
                  <RoutePointRef ref="VTR:RoutePoint:1761564"/>
                </PointOnRoute>
                <PointOnRoute version="1" id="VTR:PointOnRoute:1761565" order="3">
                  <RoutePointRef ref="VTR:RoutePoint:1761565"/>
                </PointOnRoute>
                <PointOnRoute version="1" id="VTR:PointOnRoute:1761566" order="4">
                  <RoutePointRef ref="VTR:RoutePoint:1761566"/>
                </PointOnRoute>
                <PointOnRoute version="1" id="VTR:PointOnRoute:1761562" order="5">
                  <RoutePointRef ref="VTR:RoutePoint:1761562"/>
                </PointOnRoute>
                <PointOnRoute version="1" id="VTR:PointOnRoute:1761567" order="6">
                  <RoutePointRef ref="VTR:RoutePoint:1761567"/>
                </PointOnRoute>
                <PointOnRoute version="1" id="VTR:PointOnRoute:1761568" order="7">
                  <RoutePointRef ref="VTR:RoutePoint:1761568"/>
                </PointOnRoute>
                <PointOnRoute version="1" id="VTR:PointOnRoute:1761569" order="8">
                  <RoutePointRef ref="VTR:RoutePoint:1761569"/>
                </PointOnRoute>
                <PointOnRoute version="1" id="VTR:PointOnRoute:1761570" order="9">
                  <RoutePointRef ref="VTR:RoutePoint:1761570"/>
                </PointOnRoute>
                <PointOnRoute version="1" id="VTR:PointOnRoute:1761571" order="10">
                  <RoutePointRef ref="VTR:RoutePoint:1761571"/>
                </PointOnRoute>
                <PointOnRoute version="1" id="VTR:PointOnRoute:1761572" order="11">
                  <RoutePointRef ref="VTR:RoutePoint:1761572"/>
                </PointOnRoute>
                <PointOnRoute version="1" id="VTR:PointOnRoute:1761573" order="12">
                  <RoutePointRef ref="VTR:RoutePoint:1761573"/>
                </PointOnRoute>
                <PointOnRoute version="1" id="VTR:PointOnRoute:1761556" order="13">
                  <RoutePointRef ref="VTR:RoutePoint:1761556"/>
                </PointOnRoute>
                <PointOnRoute version="1" id="VTR:PointOnRoute:1761561" order="14">
                  <RoutePointRef ref="VTR:RoutePoint:1761561"/>
                </PointOnRoute>
                <PointOnRoute version="1" id="VTR:PointOnRoute:1761557" order="15">
                  <RoutePointRef ref="VTR:RoutePoint:1761557"/>
                </PointOnRoute>
                <PointOnRoute version="1" id="VTR:PointOnRoute:1761558" order="16">
                  <RoutePointRef ref="VTR:RoutePoint:1761558"/>
                </PointOnRoute>
                <PointOnRoute version="1" id="VTR:PointOnRoute:1761559" order="17">
                  <RoutePointRef ref="VTR:RoutePoint:1761559"/>
                </PointOnRoute>
                <PointOnRoute version="1" id="VTR:PointOnRoute:1761560" order="18">
                  <RoutePointRef ref="VTR:RoutePoint:1761560"/>
                </PointOnRoute>
              </pointsInSequence>
            </Route>
          </routes>
          <lines>
            <Line version="9363" id="VTR:Line:1670">
              <Name>Telšiai - Janapolė-Varniai- Janapolė- Kuršai-Telšiai</Name>
              <TransportMode>bus</TransportMode>
              <TransportSubmode>
                <BusSubmode>regionalBus</BusSubmode>
              </TransportSubmode>
              <PublicCode>32</PublicCode>
              <OperatorRef ref="VTR:Operator:31"/>
            </Line>
          </lines>
          <scheduledStopPoints>
            <ScheduledStopPoint version="1" id="VTR:ScheduledStopPoint:1761540">
              <Name>Kegai</Name>
            </ScheduledStopPoint>
            <ScheduledStopPoint version="1" id="VTR:ScheduledStopPoint:1761541">
              <Name>Viešvėnai</Name>
            </ScheduledStopPoint>
            <ScheduledStopPoint version="1" id="VTR:ScheduledStopPoint:1761542">
              <Name>Kungiai</Name>
            </ScheduledStopPoint>
            <ScheduledStopPoint version="1" id="VTR:ScheduledStopPoint:1761543">
              <Name>Vembutai</Name>
            </ScheduledStopPoint>
            <ScheduledStopPoint version="1" id="VTR:ScheduledStopPoint:1761544">
              <Name>Survilai</Name>
            </ScheduledStopPoint>
            <ScheduledStopPoint version="1" id="VTR:ScheduledStopPoint:1761545">
              <Name>Eidžiotai</Name>
            </ScheduledStopPoint>
            <ScheduledStopPoint version="1" id="VTR:ScheduledStopPoint:1761546">
              <Name>Padvariai</Name>
            </ScheduledStopPoint>
            <ScheduledStopPoint version="1" id="VTR:ScheduledStopPoint:1761547">
              <Name>Janapolė</Name>
            </ScheduledStopPoint>
            <ScheduledStopPoint version="1" id="VTR:ScheduledStopPoint:1761548">
              <Name>Janapolė</Name>
            </ScheduledStopPoint>
            <ScheduledStopPoint version="1" id="VTR:ScheduledStopPoint:1761549">
              <Name>Degėsiai</Name>
            </ScheduledStopPoint>
            <ScheduledStopPoint version="1" id="VTR:ScheduledStopPoint:1761550">
              <Name>Dubuliai</Name>
            </ScheduledStopPoint>
            <ScheduledStopPoint version="1" id="VTR:ScheduledStopPoint:1761551">
              <Name>Varniai</Name>
            </ScheduledStopPoint>
            <ScheduledStopPoint version="1" id="VTR:ScheduledStopPoint:1761552">
              <Name>Paežerė</Name>
            </ScheduledStopPoint>
            <ScheduledStopPoint version="1" id="VTR:ScheduledStopPoint:1761553">
              <Name>Rainiai</Name>
            </ScheduledStopPoint>
            <ScheduledStopPoint version="1" id="VTR:ScheduledStopPoint:1761554">
              <Name>Telšių autobusų stotis</Name>
            </ScheduledStopPoint>
            <ScheduledStopPoint version="1" id="VTR:ScheduledStopPoint:1761555">
              <Name>Plepai</Name>
            </ScheduledStopPoint>
            <ScheduledStopPoint version="1" id="VTR:ScheduledStopPoint:1761556">
              <Name>Kungiai</Name>
            </ScheduledStopPoint>
            <ScheduledStopPoint version="1" id="VTR:ScheduledStopPoint:1761557">
              <Name>Plepai</Name>
            </ScheduledStopPoint>
            <ScheduledStopPoint version="1" id="VTR:ScheduledStopPoint:1761558">
              <Name>Rainiai II</Name>
            </ScheduledStopPoint>
            <ScheduledStopPoint version="1" id="VTR:ScheduledStopPoint:1761559">
              <Name>Paežerė</Name>
            </ScheduledStopPoint>
            <ScheduledStopPoint version="1" id="VTR:ScheduledStopPoint:1761560">
              <Name>Telšių autobusų stotis</Name>
            </ScheduledStopPoint>
            <ScheduledStopPoint version="1" id="VTR:ScheduledStopPoint:1761561">
              <Name>Viešvėnai</Name>
            </ScheduledStopPoint>
            <ScheduledStopPoint version="1" id="VTR:ScheduledStopPoint:1761562">
              <Name>Janapolė</Name>
            </ScheduledStopPoint>
            <ScheduledStopPoint version="1" id="VTR:ScheduledStopPoint:1761563">
              <Name>Varniai</Name>
            </ScheduledStopPoint>
            <ScheduledStopPoint version="1" id="VTR:ScheduledStopPoint:1761564">
              <Name>Dubuliai</Name>
            </ScheduledStopPoint>
            <ScheduledStopPoint version="1" id="VTR:ScheduledStopPoint:1761565">
              <Name>Degėsiai</Name>
            </ScheduledStopPoint>
            <ScheduledStopPoint version="1" id="VTR:ScheduledStopPoint:1761566">
              <Name>Janapolė</Name>
            </ScheduledStopPoint>
            <ScheduledStopPoint version="1" id="VTR:ScheduledStopPoint:1761567">
              <Name>Stakinė</Name>
            </ScheduledStopPoint>
            <ScheduledStopPoint version="1" id="VTR:ScheduledStopPoint:1761568">
              <Name>Kuršai</Name>
            </ScheduledStopPoint>
            <ScheduledStopPoint version="1" id="VTR:ScheduledStopPoint:1761569">
              <Name>Baltininkai</Name>
            </ScheduledStopPoint>
            <ScheduledStopPoint version="1" id="VTR:ScheduledStopPoint:1761570">
              <Name>Eidžiotai</Name>
            </ScheduledStopPoint>
            <ScheduledStopPoint version="1" id="VTR:ScheduledStopPoint:1761571">
              <Name>Eidžiotai</Name>
            </ScheduledStopPoint>
            <ScheduledStopPoint version="1" id="VTR:ScheduledStopPoint:1761572">
              <Name>Survilai</Name>
            </ScheduledStopPoint>
            <ScheduledStopPoint version="1" id="VTR:ScheduledStopPoint:1761573">
              <Name>Vembutai</Name>
            </ScheduledStopPoint>
          </scheduledStopPoints>
          <serviceLinks>
            <ServiceLink id="VTR:ServiceLink:1761565_1_1761566_1" version="1">
              <Distance>2</Distance>
              <FromPointRef ref="VTR:ScheduledStopPoint:1761565" version="1"/>
              <ToPointRef ref="VTR:ScheduledStopPoint:1761566" version="1"/>
            </ServiceLink>
            <ServiceLink id="VTR:ServiceLink:1761550_1_1761551_1" version="1">
              <Distance>2</Distance>
              <FromPointRef ref="VTR:ScheduledStopPoint:1761550" version="1"/>
              <ToPointRef ref="VTR:ScheduledStopPoint:1761551" version="1"/>
            </ServiceLink>
            <ServiceLink id="VTR:ServiceLink:1761555_1_1761541_1" version="1">
              <Distance>1</Distance>
              <FromPointRef ref="VTR:ScheduledStopPoint:1761555" version="1"/>
              <ToPointRef ref="VTR:ScheduledStopPoint:1761541" version="1"/>
            </ServiceLink>
            <ServiceLink id="VTR:ServiceLink:1761566_1_1761562_1" version="1">
              <Distance>1</Distance>
              <FromPointRef ref="VTR:ScheduledStopPoint:1761566" version="1"/>
              <ToPointRef ref="VTR:ScheduledStopPoint:1761562" version="1"/>
            </ServiceLink>
            <ServiceLink id="VTR:ServiceLink:1761570_1_1761571_1" version="1">
              <Distance>1</Distance>
              <FromPointRef ref="VTR:ScheduledStopPoint:1761570" version="1"/>
              <ToPointRef ref="VTR:ScheduledStopPoint:1761571" version="1"/>
            </ServiceLink>
            <ServiceLink id="VTR:ServiceLink:1761557_1_1761558_1" version="1">
              <Distance>1</Distance>
              <FromPointRef ref="VTR:ScheduledStopPoint:1761557" version="1"/>
              <ToPointRef ref="VTR:ScheduledStopPoint:1761558" version="1"/>
            </ServiceLink>
            <ServiceLink id="VTR:ServiceLink:1761554_1_1761552_1" version="1">
              <Distance>4</Distance>
              <FromPointRef ref="VTR:ScheduledStopPoint:1761554" version="1"/>
              <ToPointRef ref="VTR:ScheduledStopPoint:1761552" version="1"/>
            </ServiceLink>
            <ServiceLink id="VTR:ServiceLink:1761556_1_1761561_1" version="1">
              <Distance>5</Distance>
              <FromPointRef ref="VTR:ScheduledStopPoint:1761556" version="1"/>
              <ToPointRef ref="VTR:ScheduledStopPoint:1761561" version="1"/>
            </ServiceLink>
            <ServiceLink id="VTR:ServiceLink:1761564_1_1761565_1" version="1">
              <Distance>3</Distance>
              <FromPointRef ref="VTR:ScheduledStopPoint:1761564" version="1"/>
              <ToPointRef ref="VTR:ScheduledStopPoint:1761565" version="1"/>
            </ServiceLink>
            <ServiceLink id="VTR:ServiceLink:1761543_1_1761544_1" version="1">
              <Distance>3</Distance>
              <FromPointRef ref="VTR:ScheduledStopPoint:1761543" version="1"/>
              <ToPointRef ref="VTR:ScheduledStopPoint:1761544" version="1"/>
            </ServiceLink>
            <ServiceLink id="VTR:ServiceLink:1761547_1_1761548_1" version="1">
              <Distance>1</Distance>
              <FromPointRef ref="VTR:ScheduledStopPoint:1761547" version="1"/>
              <ToPointRef ref="VTR:ScheduledStopPoint:1761548" version="1"/>
            </ServiceLink>
            <ServiceLink id="VTR:ServiceLink:1761569_1_1761570_1" version="1">
              <Distance>1</Distance>
              <FromPointRef ref="VTR:ScheduledStopPoint:1761569" version="1"/>
              <ToPointRef ref="VTR:ScheduledStopPoint:1761570" version="1"/>
            </ServiceLink>
            <ServiceLink id="VTR:ServiceLink:1761552_1_1761553_1" version="1">
              <Distance>1</Distance>
              <FromPointRef ref="VTR:ScheduledStopPoint:1761552" version="1"/>
              <ToPointRef ref="VTR:ScheduledStopPoint:1761553" version="1"/>
            </ServiceLink>
            <ServiceLink id="VTR:ServiceLink:1761548_1_1761549_1" version="1">
              <Distance>2</Distance>
              <FromPointRef ref="VTR:ScheduledStopPoint:1761548" version="1"/>
              <ToPointRef ref="VTR:ScheduledStopPoint:1761549" version="1"/>
            </ServiceLink>
            <ServiceLink id="VTR:ServiceLink:1761553_1_1761555_1" version="1">
              <Distance>1</Distance>
              <FromPointRef ref="VTR:ScheduledStopPoint:1761553" version="1"/>
              <ToPointRef ref="VTR:ScheduledStopPoint:1761555" version="1"/>
            </ServiceLink>
            <ServiceLink id="VTR:ServiceLink:1761562_1_1761567_1" version="1">
              <Distance>2</Distance>
              <FromPointRef ref="VTR:ScheduledStopPoint:1761562" version="1"/>
              <ToPointRef ref="VTR:ScheduledStopPoint:1761567" version="1"/>
            </ServiceLink>
            <ServiceLink id="VTR:ServiceLink:1761542_1_1761543_1" version="1">
              <Distance>1</Distance>
              <FromPointRef ref="VTR:ScheduledStopPoint:1761542" version="1"/>
              <ToPointRef ref="VTR:ScheduledStopPoint:1761543" version="1"/>
            </ServiceLink>
            <ServiceLink id="VTR:ServiceLink:1761567_1_1761568_1" version="1">
              <Distance>2</Distance>
              <FromPointRef ref="VTR:ScheduledStopPoint:1761567" version="1"/>
              <ToPointRef ref="VTR:ScheduledStopPoint:1761568" version="1"/>
            </ServiceLink>
            <ServiceLink id="VTR:ServiceLink:1761540_1_1761545_1" version="1">
              <Distance>3</Distance>
              <FromPointRef ref="VTR:ScheduledStopPoint:1761540" version="1"/>
              <ToPointRef ref="VTR:ScheduledStopPoint:1761545" version="1"/>
            </ServiceLink>
            <ServiceLink id="VTR:ServiceLink:1761563_1_1761564_1" version="1">
              <Distance>2</Distance>
              <FromPointRef ref="VTR:ScheduledStopPoint:1761563" version="1"/>
              <ToPointRef ref="VTR:ScheduledStopPoint:1761564" version="1"/>
            </ServiceLink>
            <ServiceLink id="VTR:ServiceLink:1761541_1_1761542_1" version="1">
              <Distance>5</Distance>
              <FromPointRef ref="VTR:ScheduledStopPoint:1761541" version="1"/>
              <ToPointRef ref="VTR:ScheduledStopPoint:1761542" version="1"/>
            </ServiceLink>
            <ServiceLink id="VTR:ServiceLink:1761561_1_1761557_1" version="1">
              <Distance>1</Distance>
              <FromPointRef ref="VTR:ScheduledStopPoint:1761561" version="1"/>
              <ToPointRef ref="VTR:ScheduledStopPoint:1761557" version="1"/>
            </ServiceLink>
            <ServiceLink id="VTR:ServiceLink:1761545_1_1761546_1" version="1">
              <Distance>2</Distance>
              <FromPointRef ref="VTR:ScheduledStopPoint:1761545" version="1"/>
              <ToPointRef ref="VTR:ScheduledStopPoint:1761546" version="1"/>
            </ServiceLink>
            <ServiceLink id="VTR:ServiceLink:1761549_1_1761550_1" version="1">
              <Distance>4</Distance>
              <FromPointRef ref="VTR:ScheduledStopPoint:1761549" version="1"/>
              <ToPointRef ref="VTR:ScheduledStopPoint:1761550" version="1"/>
            </ServiceLink>
            <ServiceLink id="VTR:ServiceLink:1761559_1_1761560_1" version="1">
              <Distance>4</Distance>
              <FromPointRef ref="VTR:ScheduledStopPoint:1761559" version="1"/>
              <ToPointRef ref="VTR:ScheduledStopPoint:1761560" version="1"/>
            </ServiceLink>
            <ServiceLink id="VTR:ServiceLink:1761546_1_1761547_1" version="1">
              <Distance>2</Distance>
              <FromPointRef ref="VTR:ScheduledStopPoint:1761546" version="1"/>
              <ToPointRef ref="VTR:ScheduledStopPoint:1761547" version="1"/>
            </ServiceLink>
            <ServiceLink id="VTR:ServiceLink:1761573_1_1761556_1" version="1">
              <Distance>1</Distance>
              <FromPointRef ref="VTR:ScheduledStopPoint:1761573" version="1"/>
              <ToPointRef ref="VTR:ScheduledStopPoint:1761556" version="1"/>
            </ServiceLink>
            <ServiceLink id="VTR:ServiceLink:1761568_1_1761569_1" version="1">
              <Distance>2</Distance>
              <FromPointRef ref="VTR:ScheduledStopPoint:1761568" version="1"/>
              <ToPointRef ref="VTR:ScheduledStopPoint:1761569" version="1"/>
            </ServiceLink>
            <ServiceLink id="VTR:ServiceLink:1761544_1_1761540_1" version="1">
              <Distance>6</Distance>
              <FromPointRef ref="VTR:ScheduledStopPoint:1761544" version="1"/>
              <ToPointRef ref="VTR:ScheduledStopPoint:1761540" version="1"/>
            </ServiceLink>
            <ServiceLink id="VTR:ServiceLink:1761571_1_1761572_1" version="1">
              <Distance>2</Distance>
              <FromPointRef ref="VTR:ScheduledStopPoint:1761571" version="1"/>
              <ToPointRef ref="VTR:ScheduledStopPoint:1761572" version="1"/>
            </ServiceLink>
            <ServiceLink id="VTR:ServiceLink:1761572_1_1761573_1" version="1">
              <Distance>3</Distance>
              <FromPointRef ref="VTR:ScheduledStopPoint:1761572" version="1"/>
              <ToPointRef ref="VTR:ScheduledStopPoint:1761573" version="1"/>
            </ServiceLink>
            <ServiceLink id="VTR:ServiceLink:1761558_1_1761559_1" version="1">
              <Distance>1</Distance>
              <FromPointRef ref="VTR:ScheduledStopPoint:1761558" version="1"/>
              <ToPointRef ref="VTR:ScheduledStopPoint:1761559" version="1"/>
            </ServiceLink>
          </serviceLinks>
          <stopAssignments>
            <PassengerStopAssignment order="2040400000" id="VTR:PassengerStopAssignment:1761554" version="1">
              <ScheduledStopPointRef ref="VTR:ScheduledStopPoint:1761554" version="1"/>
              <QuayRef ref="VTR:Quay:19451"/>
            </PassengerStopAssignment>
            <PassengerStopAssignment order="2040400001" id="VTR:PassengerStopAssignment:1761552" version="1">
              <ScheduledStopPointRef ref="VTR:ScheduledStopPoint:1761552" version="1"/>
              <QuayRef ref="VTR:Quay:10192"/>
            </PassengerStopAssignment>
            <PassengerStopAssignment order="2040400002" id="VTR:PassengerStopAssignment:1761553" version="1">
              <ScheduledStopPointRef ref="VTR:ScheduledStopPoint:1761553" version="1"/>
              <QuayRef ref="VTR:Quay:11172"/>
            </PassengerStopAssignment>
            <PassengerStopAssignment order="2040400003" id="VTR:PassengerStopAssignment:1761555" version="1">
              <ScheduledStopPointRef ref="VTR:ScheduledStopPoint:1761555" version="1"/>
              <QuayRef ref="VTR:Quay:11188"/>
            </PassengerStopAssignment>
            <PassengerStopAssignment order="2040400004" id="VTR:PassengerStopAssignment:1761541" version="1">
              <ScheduledStopPointRef ref="VTR:ScheduledStopPoint:1761541" version="1"/>
              <QuayRef ref="VTR:Quay:8303"/>
            </PassengerStopAssignment>
            <PassengerStopAssignment order="2040400005" id="VTR:PassengerStopAssignment:1761542" version="1">
              <ScheduledStopPointRef ref="VTR:ScheduledStopPoint:1761542" version="1"/>
              <QuayRef ref="VTR:Quay:16191"/>
            </PassengerStopAssignment>
            <PassengerStopAssignment order="2040400006" id="VTR:PassengerStopAssignment:1761543" version="1">
              <ScheduledStopPointRef ref="VTR:ScheduledStopPoint:1761543" version="1"/>
              <QuayRef ref="VTR:Quay:12224"/>
            </PassengerStopAssignment>
            <PassengerStopAssignment order="2040400007" id="VTR:PassengerStopAssignment:1761544" version="1">
              <ScheduledStopPointRef ref="VTR:ScheduledStopPoint:1761544" version="1"/>
              <QuayRef ref="VTR:Quay:6453"/>
            </PassengerStopAssignment>
            <PassengerStopAssignment order="2040400008" id="VTR:PassengerStopAssignment:1761540" version="1">
              <ScheduledStopPointRef ref="VTR:ScheduledStopPoint:1761540" version="1"/>
              <QuayRef ref="VTR:Quay:15323"/>
            </PassengerStopAssignment>
            <PassengerStopAssignment order="2040400009" id="VTR:PassengerStopAssignment:1761545" version="1">
              <ScheduledStopPointRef ref="VTR:ScheduledStopPoint:1761545" version="1"/>
              <QuayRef ref="VTR:Quay:9271"/>
            </PassengerStopAssignment>
            <PassengerStopAssignment order="2040400010" id="VTR:PassengerStopAssignment:1761546" version="1">
              <ScheduledStopPointRef ref="VTR:ScheduledStopPoint:1761546" version="1"/>
              <QuayRef ref="VTR:Quay:8267"/>
            </PassengerStopAssignment>
            <PassengerStopAssignment order="2040400011" id="VTR:PassengerStopAssignment:1761547" version="1">
              <ScheduledStopPointRef ref="VTR:ScheduledStopPoint:1761547" version="1"/>
              <QuayRef ref="VTR:Quay:15931"/>
            </PassengerStopAssignment>
            <PassengerStopAssignment order="2040400012" id="VTR:PassengerStopAssignment:1761548" version="1">
              <ScheduledStopPointRef ref="VTR:ScheduledStopPoint:1761548" version="1"/>
              <QuayRef ref="VTR:Quay:11262"/>
            </PassengerStopAssignment>
            <PassengerStopAssignment order="2040400013" id="VTR:PassengerStopAssignment:1761549" version="1">
              <ScheduledStopPointRef ref="VTR:ScheduledStopPoint:1761549" version="1"/>
              <QuayRef ref="VTR:Quay:5436"/>
            </PassengerStopAssignment>
            <PassengerStopAssignment order="2040400014" id="VTR:PassengerStopAssignment:1761550" version="1">
              <ScheduledStopPointRef ref="VTR:ScheduledStopPoint:1761550" version="1"/>
              <QuayRef ref="VTR:Quay:11214"/>
            </PassengerStopAssignment>
            <PassengerStopAssignment order="2040400015" id="VTR:PassengerStopAssignment:1761551" version="1">
              <ScheduledStopPointRef ref="VTR:ScheduledStopPoint:1761551" version="1"/>
              <QuayRef ref="VTR:Quay:20339"/>
            </PassengerStopAssignment>
            <PassengerStopAssignment order="2040500000" id="VTR:PassengerStopAssignment:1761563" version="1">
              <ScheduledStopPointRef ref="VTR:ScheduledStopPoint:1761563" version="1"/>
              <QuayRef ref="VTR:Quay:20339"/>
            </PassengerStopAssignment>
            <PassengerStopAssignment order="2040500001" id="VTR:PassengerStopAssignment:1761564" version="1">
              <ScheduledStopPointRef ref="VTR:ScheduledStopPoint:1761564" version="1"/>
              <QuayRef ref="VTR:Quay:16269"/>
            </PassengerStopAssignment>
            <PassengerStopAssignment order="2040500002" id="VTR:PassengerStopAssignment:1761565" version="1">
              <ScheduledStopPointRef ref="VTR:ScheduledStopPoint:1761565" version="1"/>
              <QuayRef ref="VTR:Quay:15311"/>
            </PassengerStopAssignment>
            <PassengerStopAssignment order="2040500003" id="VTR:PassengerStopAssignment:1761566" version="1">
              <ScheduledStopPointRef ref="VTR:ScheduledStopPoint:1761566" version="1"/>
              <QuayRef ref="VTR:Quay:12227"/>
            </PassengerStopAssignment>
            <PassengerStopAssignment order="2040500004" id="VTR:PassengerStopAssignment:1761562" version="1">
              <ScheduledStopPointRef ref="VTR:ScheduledStopPoint:1761562" version="1"/>
              <QuayRef ref="VTR:Quay:15931"/>
            </PassengerStopAssignment>
            <PassengerStopAssignment order="2040500005" id="VTR:PassengerStopAssignment:1761567" version="1">
              <ScheduledStopPointRef ref="VTR:ScheduledStopPoint:1761567" version="1"/>
              <QuayRef ref="VTR:Quay:14485"/>
            </PassengerStopAssignment>
            <PassengerStopAssignment order="2040500006" id="VTR:PassengerStopAssignment:1761568" version="1">
              <ScheduledStopPointRef ref="VTR:ScheduledStopPoint:1761568" version="1"/>
              <QuayRef ref="VTR:Quay:16537"/>
            </PassengerStopAssignment>
            <PassengerStopAssignment order="2040500007" id="VTR:PassengerStopAssignment:1761569" version="1">
              <ScheduledStopPointRef ref="VTR:ScheduledStopPoint:1761569" version="1"/>
              <QuayRef ref="VTR:Quay:16599"/>
            </PassengerStopAssignment>
            <PassengerStopAssignment order="2040500008" id="VTR:PassengerStopAssignment:1761570" version="1">
              <ScheduledStopPointRef ref="VTR:ScheduledStopPoint:1761570" version="1"/>
              <QuayRef ref="VTR:Quay:5786"/>
            </PassengerStopAssignment>
            <PassengerStopAssignment order="2040500009" id="VTR:PassengerStopAssignment:1761571" version="1">
              <ScheduledStopPointRef ref="VTR:ScheduledStopPoint:1761571" version="1"/>
              <QuayRef ref="VTR:Quay:11774"/>
            </PassengerStopAssignment>
            <PassengerStopAssignment order="2040500010" id="VTR:PassengerStopAssignment:1761572" version="1">
              <ScheduledStopPointRef ref="VTR:ScheduledStopPoint:1761572" version="1"/>
              <QuayRef ref="VTR:Quay:16268"/>
            </PassengerStopAssignment>
            <PassengerStopAssignment order="2040500011" id="VTR:PassengerStopAssignment:1761573" version="1">
              <ScheduledStopPointRef ref="VTR:ScheduledStopPoint:1761573" version="1"/>
              <QuayRef ref="VTR:Quay:12237"/>
            </PassengerStopAssignment>
            <PassengerStopAssignment order="2040500012" id="VTR:PassengerStopAssignment:1761556" version="1">
              <ScheduledStopPointRef ref="VTR:ScheduledStopPoint:1761556" version="1"/>
              <QuayRef ref="VTR:Quay:15341"/>
            </PassengerStopAssignment>
            <PassengerStopAssignment order="2040500013" id="VTR:PassengerStopAssignment:1761561" version="1">
              <ScheduledStopPointRef ref="VTR:ScheduledStopPoint:1761561" version="1"/>
              <QuayRef ref="VTR:Quay:8303"/>
            </PassengerStopAssignment>
            <PassengerStopAssignment order="2040500014" id="VTR:PassengerStopAssignment:1761557" version="1">
              <ScheduledStopPointRef ref="VTR:ScheduledStopPoint:1761557" version="1"/>
              <QuayRef ref="VTR:Quay:6424"/>
            </PassengerStopAssignment>
            <PassengerStopAssignment order="2040500015" id="VTR:PassengerStopAssignment:1761558" version="1">
              <ScheduledStopPointRef ref="VTR:ScheduledStopPoint:1761558" version="1"/>
              <QuayRef ref="VTR:Quay:21098"/>
            </PassengerStopAssignment>
            <PassengerStopAssignment order="2040500016" id="VTR:PassengerStopAssignment:1761559" version="1">
              <ScheduledStopPointRef ref="VTR:ScheduledStopPoint:1761559" version="1"/>
              <QuayRef ref="VTR:Quay:13265"/>
            </PassengerStopAssignment>
            <PassengerStopAssignment order="2040500017" id="VTR:PassengerStopAssignment:1761560" version="1">
              <ScheduledStopPointRef ref="VTR:ScheduledStopPoint:1761560" version="1"/>
              <QuayRef ref="VTR:Quay:19451"/>
            </PassengerStopAssignment>
          </stopAssignments>
          <journeyPatterns>
            <JourneyPattern id="VTR:JourneyPattern:3764321" version="3766891">
              <Name>5</Name>
              <RouteRef ref="VTR:Route:20405" version="1"/>
              <pointsInSequence>
                <StopPointInJourneyPattern id="VTR:StopPointInJourneyPattern:129694034" version="3766891" order="1">
                  <ScheduledStopPointRef ref="VTR:ScheduledStopPoint:1761563"/>
                  <DestinationDisplayRef ref="VTR:DestinationDisplay:1"/>
                </StopPointInJourneyPattern>
                <StopPointInJourneyPattern id="VTR:StopPointInJourneyPattern:129694035" version="3766891" order="2">
                  <ScheduledStopPointRef ref="VTR:ScheduledStopPoint:1761564"/>
                  <DestinationDisplayRef ref="VTR:DestinationDisplay:1"/>
                </StopPointInJourneyPattern>
                <StopPointInJourneyPattern id="VTR:StopPointInJourneyPattern:129694036" version="3766891" order="3">
                  <ScheduledStopPointRef ref="VTR:ScheduledStopPoint:1761565"/>
                  <DestinationDisplayRef ref="VTR:DestinationDisplay:1"/>
                </StopPointInJourneyPattern>
                <StopPointInJourneyPattern id="VTR:StopPointInJourneyPattern:129694037" version="3766891" order="4">
                  <ScheduledStopPointRef ref="VTR:ScheduledStopPoint:1761566"/>
                  <DestinationDisplayRef ref="VTR:DestinationDisplay:1"/>
                </StopPointInJourneyPattern>
                <StopPointInJourneyPattern id="VTR:StopPointInJourneyPattern:129694038" version="3766891" order="5">
                  <ScheduledStopPointRef ref="VTR:ScheduledStopPoint:1761562"/>
                  <DestinationDisplayRef ref="VTR:DestinationDisplay:1"/>
                </StopPointInJourneyPattern>
                <StopPointInJourneyPattern id="VTR:StopPointInJourneyPattern:129694039" version="3766891" order="6">
                  <ScheduledStopPointRef ref="VTR:ScheduledStopPoint:1761567"/>
                  <DestinationDisplayRef ref="VTR:DestinationDisplay:1"/>
                </StopPointInJourneyPattern>
                <StopPointInJourneyPattern id="VTR:StopPointInJourneyPattern:129694040" version="3766891" order="7">
                  <ScheduledStopPointRef ref="VTR:ScheduledStopPoint:1761568"/>
                  <DestinationDisplayRef ref="VTR:DestinationDisplay:1"/>
                </StopPointInJourneyPattern>
                <StopPointInJourneyPattern id="VTR:StopPointInJourneyPattern:129694041" version="3766891" order="8">
                  <ScheduledStopPointRef ref="VTR:ScheduledStopPoint:1761569"/>
                  <DestinationDisplayRef ref="VTR:DestinationDisplay:1"/>
                </StopPointInJourneyPattern>
                <StopPointInJourneyPattern id="VTR:StopPointInJourneyPattern:129694042" version="3766891" order="9">
                  <ScheduledStopPointRef ref="VTR:ScheduledStopPoint:1761570"/>
                  <DestinationDisplayRef ref="VTR:DestinationDisplay:1"/>
                </StopPointInJourneyPattern>
                <StopPointInJourneyPattern id="VTR:StopPointInJourneyPattern:129694043" version="3766891" order="10">
                  <ScheduledStopPointRef ref="VTR:ScheduledStopPoint:1761571"/>
                  <DestinationDisplayRef ref="VTR:DestinationDisplay:1"/>
                </StopPointInJourneyPattern>
                <StopPointInJourneyPattern id="VTR:StopPointInJourneyPattern:129694044" version="3766891" order="11">
                  <ScheduledStopPointRef ref="VTR:ScheduledStopPoint:1761572"/>
                  <DestinationDisplayRef ref="VTR:DestinationDisplay:1"/>
                </StopPointInJourneyPattern>
                <StopPointInJourneyPattern id="VTR:StopPointInJourneyPattern:129694045" version="3766891" order="12">
                  <ScheduledStopPointRef ref="VTR:ScheduledStopPoint:1761573"/>
                  <DestinationDisplayRef ref="VTR:DestinationDisplay:1"/>
                </StopPointInJourneyPattern>
                <StopPointInJourneyPattern id="VTR:StopPointInJourneyPattern:129694046" version="3766891" order="13">
                  <ScheduledStopPointRef ref="VTR:ScheduledStopPoint:1761556"/>
                  <DestinationDisplayRef ref="VTR:DestinationDisplay:1"/>
                </StopPointInJourneyPattern>
                <StopPointInJourneyPattern id="VTR:StopPointInJourneyPattern:129694047" version="3766891" order="14">
                  <ScheduledStopPointRef ref="VTR:ScheduledStopPoint:1761561"/>
                  <DestinationDisplayRef ref="VTR:DestinationDisplay:1"/>
                </StopPointInJourneyPattern>
                <StopPointInJourneyPattern id="VTR:StopPointInJourneyPattern:129694048" version="3766891" order="15">
                  <ScheduledStopPointRef ref="VTR:ScheduledStopPoint:1761557"/>
                  <DestinationDisplayRef ref="VTR:DestinationDisplay:1"/>
                </StopPointInJourneyPattern>
                <StopPointInJourneyPattern id="VTR:StopPointInJourneyPattern:129694049" version="3766891" order="16">
                  <ScheduledStopPointRef ref="VTR:ScheduledStopPoint:1761558"/>
                  <DestinationDisplayRef ref="VTR:DestinationDisplay:1"/>
                </StopPointInJourneyPattern>
                <StopPointInJourneyPattern id="VTR:StopPointInJourneyPattern:129694050" version="3766891" order="17">
                  <ScheduledStopPointRef ref="VTR:ScheduledStopPoint:1761559"/>
                  <DestinationDisplayRef ref="VTR:DestinationDisplay:1"/>
                </StopPointInJourneyPattern>
                <StopPointInJourneyPattern id="VTR:StopPointInJourneyPattern:129694051" version="3766891" order="18">
                  <ScheduledStopPointRef ref="VTR:ScheduledStopPoint:1761560"/>
                  <DestinationDisplayRef ref="VTR:DestinationDisplay:1"/>
                </StopPointInJourneyPattern>
              </pointsInSequence>
            </JourneyPattern>
            <JourneyPattern id="VTR:JourneyPattern:3764320" version="3766890">
              <Name>3</Name>
              <RouteRef ref="VTR:Route:20404" version="1"/>
              <pointsInSequence>
                <StopPointInJourneyPattern id="VTR:StopPointInJourneyPattern:129694018" version="3766890" order="1">
                  <ScheduledStopPointRef ref="VTR:ScheduledStopPoint:1761554"/>
                  <DestinationDisplayRef ref="VTR:DestinationDisplay:1"/>
                </StopPointInJourneyPattern>
                <StopPointInJourneyPattern id="VTR:StopPointInJourneyPattern:129694019" version="3766890" order="2">
                  <ScheduledStopPointRef ref="VTR:ScheduledStopPoint:1761552"/>
                  <DestinationDisplayRef ref="VTR:DestinationDisplay:1"/>
                </StopPointInJourneyPattern>
                <StopPointInJourneyPattern id="VTR:StopPointInJourneyPattern:129694020" version="3766890" order="3">
                  <ScheduledStopPointRef ref="VTR:ScheduledStopPoint:1761553"/>
                  <DestinationDisplayRef ref="VTR:DestinationDisplay:1"/>
                </StopPointInJourneyPattern>
                <StopPointInJourneyPattern id="VTR:StopPointInJourneyPattern:129694021" version="3766890" order="4">
                  <ScheduledStopPointRef ref="VTR:ScheduledStopPoint:1761555"/>
                  <DestinationDisplayRef ref="VTR:DestinationDisplay:1"/>
                </StopPointInJourneyPattern>
                <StopPointInJourneyPattern id="VTR:StopPointInJourneyPattern:129694022" version="3766890" order="5">
                  <ScheduledStopPointRef ref="VTR:ScheduledStopPoint:1761541"/>
                  <DestinationDisplayRef ref="VTR:DestinationDisplay:1"/>
                </StopPointInJourneyPattern>
                <StopPointInJourneyPattern id="VTR:StopPointInJourneyPattern:129694023" version="3766890" order="6">
                  <ScheduledStopPointRef ref="VTR:ScheduledStopPoint:1761542"/>
                  <DestinationDisplayRef ref="VTR:DestinationDisplay:1"/>
                </StopPointInJourneyPattern>
                <StopPointInJourneyPattern id="VTR:StopPointInJourneyPattern:129694024" version="3766890" order="7">
                  <ScheduledStopPointRef ref="VTR:ScheduledStopPoint:1761543"/>
                  <DestinationDisplayRef ref="VTR:DestinationDisplay:1"/>
                </StopPointInJourneyPattern>
                <StopPointInJourneyPattern id="VTR:StopPointInJourneyPattern:129694025" version="3766890" order="8">
                  <ScheduledStopPointRef ref="VTR:ScheduledStopPoint:1761544"/>
                  <DestinationDisplayRef ref="VTR:DestinationDisplay:1"/>
                </StopPointInJourneyPattern>
                <StopPointInJourneyPattern id="VTR:StopPointInJourneyPattern:129694026" version="3766890" order="9">
                  <ScheduledStopPointRef ref="VTR:ScheduledStopPoint:1761540"/>
                  <DestinationDisplayRef ref="VTR:DestinationDisplay:1"/>
                </StopPointInJourneyPattern>
                <StopPointInJourneyPattern id="VTR:StopPointInJourneyPattern:129694027" version="3766890" order="10">
                  <ScheduledStopPointRef ref="VTR:ScheduledStopPoint:1761545"/>
                  <DestinationDisplayRef ref="VTR:DestinationDisplay:1"/>
                </StopPointInJourneyPattern>
                <StopPointInJourneyPattern id="VTR:StopPointInJourneyPattern:129694028" version="3766890" order="11">
                  <ScheduledStopPointRef ref="VTR:ScheduledStopPoint:1761546"/>
                  <DestinationDisplayRef ref="VTR:DestinationDisplay:1"/>
                </StopPointInJourneyPattern>
                <StopPointInJourneyPattern id="VTR:StopPointInJourneyPattern:129694029" version="3766890" order="12">
                  <ScheduledStopPointRef ref="VTR:ScheduledStopPoint:1761547"/>
                  <DestinationDisplayRef ref="VTR:DestinationDisplay:1"/>
                </StopPointInJourneyPattern>
                <StopPointInJourneyPattern id="VTR:StopPointInJourneyPattern:129694030" version="3766890" order="13">
                  <ScheduledStopPointRef ref="VTR:ScheduledStopPoint:1761548"/>
                  <DestinationDisplayRef ref="VTR:DestinationDisplay:1"/>
                </StopPointInJourneyPattern>
                <StopPointInJourneyPattern id="VTR:StopPointInJourneyPattern:129694031" version="3766890" order="14">
                  <ScheduledStopPointRef ref="VTR:ScheduledStopPoint:1761549"/>
                  <DestinationDisplayRef ref="VTR:DestinationDisplay:1"/>
                </StopPointInJourneyPattern>
                <StopPointInJourneyPattern id="VTR:StopPointInJourneyPattern:129694032" version="3766890" order="15">
                  <ScheduledStopPointRef ref="VTR:ScheduledStopPoint:1761550"/>
                  <DestinationDisplayRef ref="VTR:DestinationDisplay:1"/>
                </StopPointInJourneyPattern>
                <StopPointInJourneyPattern id="VTR:StopPointInJourneyPattern:129694033" version="3766890" order="16">
                  <ScheduledStopPointRef ref="VTR:ScheduledStopPoint:1761551"/>
                  <DestinationDisplayRef ref="VTR:DestinationDisplay:1"/>
                </StopPointInJourneyPattern>
              </pointsInSequence>
            </JourneyPattern>
          </journeyPatterns>
        </ServiceFrame>
        <TimetableFrame version="1" id="VTR:TimetableFrame:1399">
          <vehicleJourneys>
            <ServiceJourney version="3766891" id="VTR:ServiceJourney:3764321">
              <Name>Varniai - Telšiai</Name>
              <PrivateCode>5</PrivateCode>
              <dayTypes>
                <DayTypeRef ref="VTR:DayType:17170"/>
              </dayTypes>
              <JourneyPatternRef version="3766891" ref="VTR:JourneyPattern:3764321"/>
              <OperatorRef ref="VTR:Operator:526"/>
              <LineRef ref="VTR:Line:1670" version="9363"/>
              <passingTimes>
                <TimetabledPassingTime version="3766891" id="VTR:TimetabledPassingTime:3764321_129694034_1">
                  <StopPointInJourneyPatternRef ref="VTR:StopPointInJourneyPattern:129694034" version="3766891"/>
                  <DepartureTime>08:00:00</DepartureTime>
                  <DepartureDayOffset>0</DepartureDayOffset>
                </TimetabledPassingTime>
                <TimetabledPassingTime version="3766891" id="VTR:TimetabledPassingTime:3764321_129694035_2">
                  <StopPointInJourneyPatternRef ref="VTR:StopPointInJourneyPattern:129694035" version="3766891"/>
                  <DepartureTime>08:04:00</DepartureTime>
                  <DepartureDayOffset>0</DepartureDayOffset>
                </TimetabledPassingTime>
                <TimetabledPassingTime version="3766891" id="VTR:TimetabledPassingTime:3764321_129694036_3">
                  <StopPointInJourneyPatternRef ref="VTR:StopPointInJourneyPattern:129694036" version="3766891"/>
                  <DepartureTime>08:09:00</DepartureTime>
                  <DepartureDayOffset>0</DepartureDayOffset>
                </TimetabledPassingTime>
                <TimetabledPassingTime version="3766891" id="VTR:TimetabledPassingTime:3764321_129694037_4">
                  <StopPointInJourneyPatternRef ref="VTR:StopPointInJourneyPattern:129694037" version="3766891"/>
                  <DepartureTime>08:13:00</DepartureTime>
                  <DepartureDayOffset>0</DepartureDayOffset>
                </TimetabledPassingTime>
                <TimetabledPassingTime version="3766891" id="VTR:TimetabledPassingTime:3764321_129694038_5">
                  <StopPointInJourneyPatternRef ref="VTR:StopPointInJourneyPattern:129694038" version="3766891"/>
                  <DepartureTime>08:15:00</DepartureTime>
                  <DepartureDayOffset>0</DepartureDayOffset>
                </TimetabledPassingTime>
                <TimetabledPassingTime version="3766891" id="VTR:TimetabledPassingTime:3764321_129694039_6">
                  <StopPointInJourneyPatternRef ref="VTR:StopPointInJourneyPattern:129694039" version="3766891"/>
                  <DepartureTime>08:20:00</DepartureTime>
                  <DepartureDayOffset>0</DepartureDayOffset>
                </TimetabledPassingTime>
                <TimetabledPassingTime version="3766891" id="VTR:TimetabledPassingTime:3764321_129694040_7">
                  <StopPointInJourneyPatternRef ref="VTR:StopPointInJourneyPattern:129694040" version="3766891"/>
                  <DepartureTime>08:25:00</DepartureTime>
                  <DepartureDayOffset>0</DepartureDayOffset>
                </TimetabledPassingTime>
                <TimetabledPassingTime version="3766891" id="VTR:TimetabledPassingTime:3764321_129694041_8">
                  <StopPointInJourneyPatternRef ref="VTR:StopPointInJourneyPattern:129694041" version="3766891"/>
                  <DepartureTime>08:31:00</DepartureTime>
                  <DepartureDayOffset>0</DepartureDayOffset>
                </TimetabledPassingTime>
                <TimetabledPassingTime version="3766891" id="VTR:TimetabledPassingTime:3764321_129694042_9">
                  <StopPointInJourneyPatternRef ref="VTR:StopPointInJourneyPattern:129694042" version="3766891"/>
                  <DepartureTime>08:36:00</DepartureTime>
                  <DepartureDayOffset>0</DepartureDayOffset>
                </TimetabledPassingTime>
                <TimetabledPassingTime version="3766891" id="VTR:TimetabledPassingTime:3764321_129694043_10">
                  <StopPointInJourneyPatternRef ref="VTR:StopPointInJourneyPattern:129694043" version="3766891"/>
                  <DepartureTime>08:40:00</DepartureTime>
                  <DepartureDayOffset>0</DepartureDayOffset>
                </TimetabledPassingTime>
                <TimetabledPassingTime version="3766891" id="VTR:TimetabledPassingTime:3764321_129694044_11">
                  <StopPointInJourneyPatternRef ref="VTR:StopPointInJourneyPattern:129694044" version="3766891"/>
                  <DepartureTime>08:43:00</DepartureTime>
                  <DepartureDayOffset>0</DepartureDayOffset>
                </TimetabledPassingTime>
                <TimetabledPassingTime version="3766891" id="VTR:TimetabledPassingTime:3764321_129694045_12">
                  <StopPointInJourneyPatternRef ref="VTR:StopPointInJourneyPattern:129694045" version="3766891"/>
                  <DepartureTime>08:46:00</DepartureTime>
                  <DepartureDayOffset>0</DepartureDayOffset>
                </TimetabledPassingTime>
                <TimetabledPassingTime version="3766891" id="VTR:TimetabledPassingTime:3764321_129694046_13">
                  <StopPointInJourneyPatternRef ref="VTR:StopPointInJourneyPattern:129694046" version="3766891"/>
                  <DepartureTime>08:49:00</DepartureTime>
                  <DepartureDayOffset>0</DepartureDayOffset>
                </TimetabledPassingTime>
                <TimetabledPassingTime version="3766891" id="VTR:TimetabledPassingTime:3764321_129694047_14">
                  <StopPointInJourneyPatternRef ref="VTR:StopPointInJourneyPattern:129694047" version="3766891"/>
                  <DepartureTime>08:53:00</DepartureTime>
                  <DepartureDayOffset>0</DepartureDayOffset>
                </TimetabledPassingTime>
                <TimetabledPassingTime version="3766891" id="VTR:TimetabledPassingTime:3764321_129694048_15">
                  <StopPointInJourneyPatternRef ref="VTR:StopPointInJourneyPattern:129694048" version="3766891"/>
                  <DepartureTime>08:57:00</DepartureTime>
                  <DepartureDayOffset>0</DepartureDayOffset>
                </TimetabledPassingTime>
                <TimetabledPassingTime version="3766891" id="VTR:TimetabledPassingTime:3764321_129694049_16">
                  <StopPointInJourneyPatternRef ref="VTR:StopPointInJourneyPattern:129694049" version="3766891"/>
                  <DepartureTime>09:00:00</DepartureTime>
                  <DepartureDayOffset>0</DepartureDayOffset>
                </TimetabledPassingTime>
                <TimetabledPassingTime version="3766891" id="VTR:TimetabledPassingTime:3764321_129694050_17">
                  <StopPointInJourneyPatternRef ref="VTR:StopPointInJourneyPattern:129694050" version="3766891"/>
                  <DepartureTime>09:04:00</DepartureTime>
                  <DepartureDayOffset>0</DepartureDayOffset>
                </TimetabledPassingTime>
                <TimetabledPassingTime version="3766891" id="VTR:TimetabledPassingTime:3764321_129694051_18">
                  <StopPointInJourneyPatternRef ref="VTR:StopPointInJourneyPattern:129694051" version="3766891"/>
                  <DepartureTime>09:10:00</DepartureTime>
                  <DepartureDayOffset>0</DepartureDayOffset>
                </TimetabledPassingTime>
              </passingTimes>
            </ServiceJourney>
            <ServiceJourney version="3766890" id="VTR:ServiceJourney:3764320">
              <Name>Telšiai - Varniai</Name>
              <PrivateCode>3</PrivateCode>
              <dayTypes>
                <DayTypeRef ref="VTR:DayType:17170"/>
              </dayTypes>
              <JourneyPatternRef version="3766890" ref="VTR:JourneyPattern:3764320"/>
              <OperatorRef ref="VTR:Operator:526"/>
              <LineRef ref="VTR:Line:1670" version="9363"/>
              <passingTimes>
                <TimetabledPassingTime version="3766890" id="VTR:TimetabledPassingTime:3764320_129694018_1">
                  <StopPointInJourneyPatternRef ref="VTR:StopPointInJourneyPattern:129694018" version="3766890"/>
                  <DepartureTime>06:45:00</DepartureTime>
                  <DepartureDayOffset>0</DepartureDayOffset>
                </TimetabledPassingTime>
                <TimetabledPassingTime version="3766890" id="VTR:TimetabledPassingTime:3764320_129694019_2">
                  <StopPointInJourneyPatternRef ref="VTR:StopPointInJourneyPattern:129694019" version="3766890"/>
                  <DepartureTime>06:55:00</DepartureTime>
                  <DepartureDayOffset>0</DepartureDayOffset>
                </TimetabledPassingTime>
                <TimetabledPassingTime version="3766890" id="VTR:TimetabledPassingTime:3764320_129694020_3">
                  <StopPointInJourneyPatternRef ref="VTR:StopPointInJourneyPattern:129694020" version="3766890"/>
                  <DepartureTime>06:57:00</DepartureTime>
                  <DepartureDayOffset>0</DepartureDayOffset>
                </TimetabledPassingTime>
                <TimetabledPassingTime version="3766890" id="VTR:TimetabledPassingTime:3764320_129694021_4">
                  <StopPointInJourneyPatternRef ref="VTR:StopPointInJourneyPattern:129694021" version="3766890"/>
                  <DepartureTime>06:58:00</DepartureTime>
                  <DepartureDayOffset>0</DepartureDayOffset>
                </TimetabledPassingTime>
                <TimetabledPassingTime version="3766890" id="VTR:TimetabledPassingTime:3764320_129694022_5">
                  <StopPointInJourneyPatternRef ref="VTR:StopPointInJourneyPattern:129694022" version="3766890"/>
                  <DepartureTime>07:01:00</DepartureTime>
                  <DepartureDayOffset>0</DepartureDayOffset>
                </TimetabledPassingTime>
                <TimetabledPassingTime version="3766890" id="VTR:TimetabledPassingTime:3764320_129694023_6">
                  <StopPointInJourneyPatternRef ref="VTR:StopPointInJourneyPattern:129694023" version="3766890"/>
                  <DepartureTime>07:06:00</DepartureTime>
                  <DepartureDayOffset>0</DepartureDayOffset>
                </TimetabledPassingTime>
                <TimetabledPassingTime version="3766890" id="VTR:TimetabledPassingTime:3764320_129694024_7">
                  <StopPointInJourneyPatternRef ref="VTR:StopPointInJourneyPattern:129694024" version="3766890"/>
                  <DepartureTime>07:09:00</DepartureTime>
                  <DepartureDayOffset>0</DepartureDayOffset>
                </TimetabledPassingTime>
                <TimetabledPassingTime version="3766890" id="VTR:TimetabledPassingTime:3764320_129694025_8">
                  <StopPointInJourneyPatternRef ref="VTR:StopPointInJourneyPattern:129694025" version="3766890"/>
                  <DepartureTime>07:13:00</DepartureTime>
                  <DepartureDayOffset>0</DepartureDayOffset>
                </TimetabledPassingTime>
                <TimetabledPassingTime version="3766890" id="VTR:TimetabledPassingTime:3764320_129694026_9">
                  <StopPointInJourneyPatternRef ref="VTR:StopPointInJourneyPattern:129694026" version="3766890"/>
                  <DepartureTime>07:22:00</DepartureTime>
                  <DepartureDayOffset>0</DepartureDayOffset>
                </TimetabledPassingTime>
                <TimetabledPassingTime version="3766890" id="VTR:TimetabledPassingTime:3764320_129694027_10">
                  <StopPointInJourneyPatternRef ref="VTR:StopPointInJourneyPattern:129694027" version="3766890"/>
                  <DepartureTime>07:27:00</DepartureTime>
                  <DepartureDayOffset>0</DepartureDayOffset>
                </TimetabledPassingTime>
                <TimetabledPassingTime version="3766890" id="VTR:TimetabledPassingTime:3764320_129694028_11">
                  <StopPointInJourneyPatternRef ref="VTR:StopPointInJourneyPattern:129694028" version="3766890"/>
                  <DepartureTime>07:32:00</DepartureTime>
                  <DepartureDayOffset>0</DepartureDayOffset>
                </TimetabledPassingTime>
                <TimetabledPassingTime version="3766890" id="VTR:TimetabledPassingTime:3764320_129694029_12">
                  <StopPointInJourneyPatternRef ref="VTR:StopPointInJourneyPattern:129694029" version="3766890"/>
                  <DepartureTime>07:38:00</DepartureTime>
                  <DepartureDayOffset>0</DepartureDayOffset>
                </TimetabledPassingTime>
                <TimetabledPassingTime version="3766890" id="VTR:TimetabledPassingTime:3764320_129694030_13">
                  <StopPointInJourneyPatternRef ref="VTR:StopPointInJourneyPattern:129694030" version="3766890"/>
                  <DepartureTime>07:42:00</DepartureTime>
                  <DepartureDayOffset>0</DepartureDayOffset>
                </TimetabledPassingTime>
                <TimetabledPassingTime version="3766890" id="VTR:TimetabledPassingTime:3764320_129694031_14">
                  <StopPointInJourneyPatternRef ref="VTR:StopPointInJourneyPattern:129694031" version="3766890"/>
                  <DepartureTime>07:47:00</DepartureTime>
                  <DepartureDayOffset>0</DepartureDayOffset>
                </TimetabledPassingTime>
                <TimetabledPassingTime version="3766890" id="VTR:TimetabledPassingTime:3764320_129694032_15">
                  <StopPointInJourneyPatternRef ref="VTR:StopPointInJourneyPattern:129694032" version="3766890"/>
                  <DepartureTime>07:50:00</DepartureTime>
                  <DepartureDayOffset>0</DepartureDayOffset>
                </TimetabledPassingTime>
                <TimetabledPassingTime version="3766890" id="VTR:TimetabledPassingTime:3764320_129694033_16">
                  <StopPointInJourneyPatternRef ref="VTR:StopPointInJourneyPattern:129694033" version="3766890"/>
                  <DepartureTime>07:53:00</DepartureTime>
                  <DepartureDayOffset>0</DepartureDayOffset>
                </TimetabledPassingTime>
              </passingTimes>
            </ServiceJourney>
          </vehicleJourneys>
        </TimetableFrame>
        <ResourceFrame version="1" id="VTR:ResourceFrame:1399">
          <organisations>
            <Authority version="1" id="VTR:Authority:31">
              <CompanyNumber>78</CompanyNumber>
              <Name>Telšių r. sav.</Name>
              <LegalName>Telšių r. sav.</LegalName>
              <ContactDetails>
                <Email>zita.simaitiene@telsiai.lt</Email>
                <Phone>8 444 56183</Phone>
                <Url>www.telsiai.lt</Url>
              </ContactDetails>
              <OrganisationType>authority</OrganisationType>
            </Authority>
          </organisations>
        </ResourceFrame>
        <FareFrame id="VTR:FareFrame:1670" version="1">
          <FrameDefaults>
            <DefaultCurrency>EUR</DefaultCurrency>
          </FrameDefaults>
          <usageParameters>
            <RoundTrip id="VTR:RoundTrip:single" version="1">
              <Name>Single</Name>
              <TripType>single</TripType>
            </RoundTrip>
            <FrequencyOfUse id="VTR:FrequencyOfUse:once" version="1">
              <Name>Once</Name>
              <MaximalFrequency>1</MaximalFrequency>
            </FrequencyOfUse>
          </usageParameters>
          <priceGroups>
            <PriceGroup id="VTR:PriceGroup:PG01" version="1">
              <Name>Flat Fare Products - Standard</Name>
              <members>
                <FareProductPrice id="VTR:FareProductPrice:standard" version="1">
                  <Name>Single fare</Name>
                  <Amount>0.12</Amount>
                  <Currency>EUR</Currency>
                </FareProductPrice>
              </members>
            </PriceGroup>
          </priceGroups>
        </FareFrame>
      </frames>
    </CompositeFrame>
  </dataObjects>
</PublicationDelivery>
